/*--------------------------------*- C++ -*----------------------------------*\
| =========                 |                                                 |
| \\      /  F ield         | OpenFOAM: The Open Source CFD Toolbox           |
|  \\    /   O peration     | Version:  2312                                  |
|   \\  /    A nd           | Website:  www.openfoam.com                      |
|    \\/     M anipulation  |                                                 |
\*---------------------------------------------------------------------------*/
FoamFile
{
    version     2.0;
    format      ascii;
    arch        "LSB;label=64;scalar=64";
    class       surfaceScalarField;
    location    "20.15";
    object      phi;
}
// * * * * * * * * * * * * * * * * * * * * * * * * * * * * * * * * * * * * * //

dimensions      [1 0 -1 0 0 0 0];

oriented        oriented;

internalField   nonuniform List<scalar> 
45328
(
5.0794862e-06
3.6019711e-07
1.7570773e-07
4.645459e-06
2.9206602e-07
1.4196115e-07
4.2528097e-06
2.2500421e-07
1.6764416e-07
3.9496513e-06
1.4691509e-07
1.5624191e-07
3.7188687e-06
8.9986806e-08
1.4079428e-07
3.548504e-06
4.5702981e-08
1.2466031e-07
3.4209134e-06
1.6825448e-08
1.1076314e-07
3.3242876e-06
-3.5040353e-09
1.0012765e-07
3.2481469e-06
-1.5883417e-08
9.2021916e-08
3.1879745e-06
-2.5351421e-08
8.5521068e-08
3.1387127e-06
-3.0822553e-08
8.0081688e-08
3.0976167e-06
-3.4782077e-08
7.5875267e-08
3.0629985e-06
-3.7667146e-08
7.2282316e-08
3.0334307e-06
-3.971296e-08
6.9277449e-08
3.0080215e-06
-4.1207233e-08
6.6612985e-08
2.9858066e-06
-4.2163231e-08
6.4374752e-08
2.9663025e-06
-4.2815094e-08
6.2315721e-08
2.9488981e-06
-4.3134386e-08
6.0535067e-08
2.9333122e-06
-4.3248424e-08
5.8830455e-08
2.9191697e-06
-4.3212486e-08
5.7350948e-08
2.9062454e-06
-4.3001908e-08
5.5922084e-08
2.8944997e-06
-4.2869095e-08
5.4610686e-08
2.883756e-06
-4.265801e-08
5.339729e-08
2.8738963e-06
-4.2400481e-08
5.2255756e-08
2.8648171e-06
-4.2105591e-08
5.1179998e-08
2.8564268e-06
-4.1784361e-08
5.0169821e-08
2.8486437e-06
-4.1443826e-08
4.9221902e-08
2.8413848e-06
-4.1074432e-08
4.8328205e-08
2.8345997e-06
-4.0706051e-08
4.7485809e-08
2.8282517e-06
-4.0341731e-08
4.6684225e-08
2.8222965e-06
-3.9969393e-08
4.5918942e-08
2.8167046e-06
-3.9602425e-08
4.5188496e-08
2.811444e-06
-3.9233142e-08
4.4488086e-08
2.8064934e-06
-3.8874374e-08
4.3819052e-08
2.8018276e-06
-3.8515205e-08
4.3174851e-08
2.7974213e-06
-3.816068e-08
4.2560695e-08
2.7932501e-06
-3.780335e-08
4.1968198e-08
2.7892969e-06
-3.7456314e-08
4.1403074e-08
2.785541e-06
-3.7105711e-08
4.0855006e-08
2.7819741e-06
-3.6771864e-08
4.0332111e-08
2.7785751e-06
-3.6430721e-08
3.9822905e-08
2.7753441e-06
-3.6111894e-08
3.9335974e-08
2.772258e-06
-3.5783162e-08
3.8862229e-08
2.7693217e-06
-3.5476564e-08
3.8405744e-08
2.766519e-06
-3.5169335e-08
3.7964776e-08
2.7638454e-06
-3.4867027e-08
3.7533115e-08
2.761288e-06
-3.4565652e-08
3.7115517e-08
2.7588493e-06
-3.4283128e-08
3.6714308e-08
2.7565152e-06
-3.4011989e-08
3.6338518e-08
2.7542689e-06
-3.3725567e-08
3.5963916e-08
2.7521091e-06
-3.3443768e-08
3.5595679e-08
2.750033e-06
-3.3171081e-08
3.5239009e-08
2.7480357e-06
-3.2903605e-08
3.4892722e-08
2.7461167e-06
-3.2643233e-08
3.4553882e-08
2.7442719e-06
-3.2390105e-08
3.4226469e-08
2.7425013e-06
-3.2143522e-08
3.390553e-08
2.7407975e-06
-3.1899036e-08
3.3594069e-08
2.7391639e-06
-3.1666074e-08
3.3290806e-08
2.7375889e-06
-3.142803e-08
3.2994043e-08
2.7360794e-06
-3.1208149e-08
3.2708408e-08
2.7346201e-06
-3.0974636e-08
3.2424716e-08
2.7332217e-06
-3.0768249e-08
3.2156974e-08
2.7318646e-06
-3.0537953e-08
3.1885415e-08
2.7305661e-06
-3.034515e-08
3.1633961e-08
2.7292979e-06
-3.0117798e-08
3.1376213e-08
2.7280955e-06
-2.9938428e-08
3.1131012e-08
2.7269416e-06
-2.9741877e-08
3.0885725e-08
2.72583e-06
-2.9551661e-08
3.0653096e-08
2.7247557e-06
-2.9358063e-08
3.0422062e-08
2.7237214e-06
-2.9169829e-08
3.0193727e-08
2.7227268e-06
-2.898572e-08
2.9969778e-08
2.7217702e-06
-2.8803413e-08
2.9749402e-08
2.7208496e-06
-2.8625462e-08
2.9535189e-08
2.7199613e-06
-2.8447662e-08
2.932495e-08
2.7191047e-06
-2.8275051e-08
2.912037e-08
2.7182764e-06
-2.8102281e-08
2.8919264e-08
2.7174778e-06
-2.7935963e-08
2.8722962e-08
2.7167048e-06
-2.776918e-08
2.8530538e-08
2.7159604e-06
-2.7609028e-08
2.83416e-08
2.7152401e-06
-2.7449337e-08
2.8157762e-08
2.7145472e-06
-2.729455e-08
2.7975287e-08
2.7138783e-06
-2.7143165e-08
2.779975e-08
2.7132361e-06
-2.6993687e-08
2.762342e-08
2.7126182e-06
-2.6849593e-08
2.7454945e-08
2.7120295e-06
-2.6709538e-08
2.7285525e-08
2.7114598e-06
-2.6564167e-08
2.71207e-08
2.7109078e-06
-2.6419343e-08
2.6958155e-08
2.7103747e-06
-2.6283504e-08
2.6803001e-08
2.7098572e-06
-2.6146008e-08
2.6649614e-08
2.7093547e-06
-2.6008523e-08
2.6496724e-08
2.7088693e-06
-2.5872258e-08
2.6343066e-08
2.7084007e-06
-2.573896e-08
2.6192539e-08
2.7079486e-06
-2.5607847e-08
2.6044583e-08
2.7075125e-06
-2.5479266e-08
2.5899641e-08
2.7070922e-06
-2.5352483e-08
2.5756483e-08
2.7066874e-06
-2.5227862e-08
2.5616031e-08
2.706298e-06
-2.5105153e-08
2.5477189e-08
2.7059232e-06
-2.4983816e-08
2.5340997e-08
2.7055637e-06
-2.4864961e-08
2.5206329e-08
2.7052176e-06
-2.4746692e-08
2.5074084e-08
2.7048864e-06
-2.4631842e-08
2.4943831e-08
2.7045672e-06
-2.451613e-08
2.4815687e-08
2.7042626e-06
-2.4405426e-08
2.4689812e-08
2.7039678e-06
-2.4292314e-08
2.4566254e-08
2.7036871e-06
-2.4185395e-08
2.4444516e-08
2.7034138e-06
-2.4075171e-08
2.4326423e-08
2.7031546e-06
-2.3970995e-08
2.4207424e-08
2.7029041e-06
-2.3864167e-08
2.4091102e-08
2.7026688e-06
-2.3764033e-08
2.3975099e-08
2.7024486e-06
-2.3666658e-08
2.3862059e-08
2.7022375e-06
-2.3564566e-08
2.3750184e-08
2.702035e-06
-2.3462772e-08
2.3639055e-08
2.701842e-06
-2.3362742e-08
2.3528991e-08
2.7016586e-06
-2.3264303e-08
2.3420153e-08
2.7014852e-06
-2.3167158e-08
2.3312423e-08
2.701321e-06
-2.3070814e-08
2.3206101e-08
2.7011657e-06
-2.2975396e-08
2.3101166e-08
2.7010186e-06
-2.288044e-08
2.299742e-08
2.7008795e-06
-2.2786665e-08
2.2894904e-08
2.7007479e-06
-2.2693578e-08
2.2793748e-08
2.7006238e-06
-2.2601737e-08
2.269365e-08
2.7005069e-06
-2.2510742e-08
2.2594934e-08
2.7003971e-06
-2.242074e-08
2.2497142e-08
2.7002947e-06
-2.2331984e-08
2.2400751e-08
2.7001992e-06
-2.2244117e-08
2.2305174e-08
2.7001112e-06
-2.2157921e-08
2.2211086e-08
2.7000302e-06
-2.207208e-08
2.2117808e-08
2.6999571e-06
-2.1988449e-08
2.2025854e-08
2.6998909e-06
-2.1904786e-08
2.1935053e-08
2.6998324e-06
-2.1822942e-08
2.1845243e-08
2.6997817e-06
-2.1742232e-08
2.1756544e-08
2.6997366e-06
-2.1660859e-08
2.1669272e-08
2.6996966e-06
-2.157869e-08
2.1581692e-08
2.6996616e-06
-2.1499456e-08
2.149694e-08
2.6996312e-06
-2.1421635e-08
2.1414309e-08
2.699605e-06
-2.1344275e-08
2.1332322e-08
2.699583e-06
-2.1267299e-08
2.1250653e-08
2.6995655e-06
-2.1190907e-08
2.1169387e-08
2.6995528e-06
-2.1115178e-08
2.1088134e-08
2.6995451e-06
-2.1040305e-08
2.1007863e-08
2.6995419e-06
-2.0966227e-08
2.0928536e-08
2.6995432e-06
-2.0892896e-08
2.0850138e-08
2.6995488e-06
-2.0820341e-08
2.0772511e-08
2.6995585e-06
-2.074847e-08
2.0695663e-08
2.6995723e-06
-2.0677231e-08
2.0619555e-08
2.69959e-06
-2.0606572e-08
2.0544022e-08
2.6996117e-06
-2.0536626e-08
2.046916e-08
2.6996372e-06
-2.0467017e-08
2.0394858e-08
2.6996666e-06
-2.0398155e-08
2.0321234e-08
2.6996998e-06
-2.0329605e-08
2.0248081e-08
2.6997367e-06
-2.0261727e-08
2.0175648e-08
2.6997774e-06
-2.0194076e-08
2.0103587e-08
2.6998219e-06
-2.0127142e-08
2.0032431e-08
2.6998703e-06
-2.0060666e-08
1.9961558e-08
2.6999224e-06
-1.9994681e-08
1.9891637e-08
2.6999784e-06
-1.9929121e-08
1.9821858e-08
2.7000382e-06
-1.9864085e-08
1.9752742e-08
2.7001014e-06
-1.9798941e-08
1.9683916e-08
2.7001688e-06
-1.9735265e-08
1.9615938e-08
2.7002411e-06
-1.9672888e-08
1.9548499e-08
2.7003181e-06
-1.9610978e-08
1.9481674e-08
2.7003989e-06
-1.9548855e-08
1.9415435e-08
2.7004823e-06
-1.9485861e-08
1.9349624e-08
2.7005679e-06
-1.9423078e-08
1.9283994e-08
2.7006562e-06
-1.9360982e-08
1.9218796e-08
2.7007473e-06
-1.9299517e-08
1.9153916e-08
2.700841e-06
-1.9238545e-08
1.9089535e-08
2.7009371e-06
-1.9178035e-08
1.9025613e-08
2.7010354e-06
-1.9117913e-08
1.8962166e-08
2.7011355e-06
-1.9058164e-08
1.8899147e-08
2.7012371e-06
-1.8998747e-08
1.8836673e-08
2.70134e-06
-1.8939769e-08
1.8774659e-08
2.7014439e-06
-1.8881062e-08
1.871314e-08
2.7015488e-06
-1.882282e-08
1.8651961e-08
2.7016541e-06
-1.876486e-08
1.8591127e-08
2.70176e-06
-1.870724e-08
1.8530598e-08
2.7018661e-06
-1.8649876e-08
1.8470387e-08
2.7019726e-06
-1.8592887e-08
1.8410431e-08
2.7020792e-06
-1.8535918e-08
1.8350771e-08
2.702186e-06
-1.8479475e-08
1.8291359e-08
2.7022927e-06
-1.8422943e-08
1.8232215e-08
2.7023996e-06
-1.8366916e-08
1.817341e-08
2.7025061e-06
-1.8310556e-08
1.8114756e-08
2.7026125e-06
-1.8254667e-08
1.8056262e-08
2.702718e-06
-1.8198386e-08
1.7997874e-08
2.702823e-06
-1.8142347e-08
1.7939521e-08
2.7029274e-06
-1.808632e-08
1.7881259e-08
2.7030313e-06
-1.8030408e-08
1.7822962e-08
2.7031346e-06
-1.7974604e-08
1.7764816e-08
2.7032373e-06
-1.7918887e-08
1.7706897e-08
2.7033392e-06
-1.786295e-08
1.7648872e-08
2.7034404e-06
-1.78069e-08
1.7590644e-08
2.7035412e-06
-1.7750783e-08
1.7532372e-08
2.7036417e-06
-1.7694723e-08
1.7474043e-08
2.703742e-06
-1.763863e-08
1.741581e-08
2.7038424e-06
-1.7582579e-08
1.7357602e-08
2.7039429e-06
-1.7526647e-08
1.7299465e-08
2.7040438e-06
-1.7470675e-08
1.7241333e-08
2.7041452e-06
-1.7414762e-08
1.718323e-08
2.7042476e-06
-1.7358968e-08
1.7125159e-08
2.7043507e-06
-1.7303209e-08
1.706731e-08
2.7044548e-06
-1.7247755e-08
1.7009818e-08
2.7045605e-06
-1.7192603e-08
1.695206e-08
2.7046663e-06
-1.7137571e-08
1.6895647e-08
2.7047725e-06
-1.7082658e-08
1.6839147e-08
2.7048815e-06
-1.7028145e-08
1.6781131e-08
2.7049884e-06
-1.6973374e-08
1.6727035e-08
2.7050989e-06
-1.6918785e-08
1.6667667e-08
2.7052121e-06
-1.6867769e-08
1.6611994e-08
2.705319e-06
-1.681375e-08
1.6561628e-08
2.7054188e-06
-1.6759542e-08
1.6511507e-08
2.7055206e-06
-1.6702201e-08
1.6448319e-08
2.7056493e-06
-1.6645178e-08
1.6363809e-08
2.7057735e-06
-1.66096e-08
1.6332843e-08
2.7058654e-06
-1.6565479e-08
1.6314152e-08
2.7059421e-06
-1.6506364e-08
1.6259699e-08
2.7060209e-06
-1.6449732e-08
1.6193805e-08
2.7061089e-06
-1.6401609e-08
1.613457e-08
2.706207e-06
-1.634234e-08
1.6063649e-08
2.7063268e-06
-1.6281611e-08
1.5980303e-08
2.7064416e-06
-1.6253619e-08
1.5958225e-08
2.7065188e-06
-1.6230038e-08
1.5968765e-08
2.7065869e-06
-1.6192412e-08
1.5933865e-08
2.706672e-06
-1.615863e-08
1.5876765e-08
2.706742e-06
-1.6125369e-08
1.5850847e-08
2.7068006e-06
-1.6085167e-08
1.5815472e-08
2.7068558e-06
-1.6044218e-08
1.5770866e-08
2.7069076e-06
-1.5997412e-08
1.5719724e-08
2.7069515e-06
-1.5951255e-08
1.5672108e-08
2.7069728e-06
-1.589204e-08
1.5621207e-08
2.7070084e-06
-1.5814482e-08
1.552093e-08
2.7070681e-06
-1.5769733e-08
1.5455929e-08
2.7071118e-06
-1.5726652e-08
1.5435104e-08
2.7071766e-06
-1.566351e-08
1.536023e-08
2.7072873e-06
-1.5638277e-08
1.5308314e-08
2.7073755e-06
-1.5635879e-08
1.5346611e-08
2.7074582e-06
-1.5619603e-08
1.5346406e-08
2.707579e-06
-1.5603118e-08
1.5298387e-08
2.7076955e-06
-1.5599403e-08
1.5298475e-08
2.70779e-06
-1.5589674e-08
1.5298328e-08
2.7078747e-06
-1.5563925e-08
1.526162e-08
2.7079287e-06
-1.5536521e-08
1.5240847e-08
2.7079605e-06
-1.5507936e-08
1.5210525e-08
2.7079876e-06
-1.5460639e-08
1.5146521e-08
2.7079982e-06
-1.5405632e-08
1.5093585e-08
2.7080057e-06
-1.5361214e-08
1.5044783e-08
2.7080193e-06
-1.5306186e-08
1.4979987e-08
2.7080282e-06
-1.5247524e-08
1.4924709e-08
2.7080388e-06
-1.5202897e-08
1.4878916e-08
2.7080569e-06
-1.5154351e-08
1.4824372e-08
2.7080781e-06
-1.5106343e-08
1.4776464e-08
2.7081039e-06
-1.5061857e-08
1.4733328e-08
2.7081363e-06
-1.5027107e-08
1.4702368e-08
2.7081867e-06
-1.5000984e-08
1.4673817e-08
2.708269e-06
-1.4969341e-08
1.4629662e-08
2.7083662e-06
-1.4944463e-08
1.4608056e-08
2.708468e-06
-1.4931735e-08
1.4601081e-08
2.7085767e-06
-1.4909136e-08
1.4571139e-08
2.708667e-06
-1.4880476e-08
1.4548117e-08
2.7087352e-06
-1.4856753e-08
1.4522451e-08
2.7087822e-06
-1.4820354e-08
1.4476726e-08
2.7087869e-06
-1.478261e-08
1.4446802e-08
2.708764e-06
-1.4746465e-08
1.440204e-08
2.7087086e-06
-1.4695355e-08
1.4347508e-08
2.7086075e-06
-1.4644502e-08
1.4307878e-08
2.7084828e-06
-1.4593827e-08
1.4250988e-08
2.7083407e-06
-1.4531495e-08
1.4181769e-08
2.7081669e-06
-1.4473046e-08
1.413555e-08
2.7079789e-06
-1.4418235e-08
1.4077487e-08
2.7077787e-06
-1.4352851e-08
1.4008897e-08
2.7075548e-06
-1.4290239e-08
1.3955979e-08
2.7073221e-06
-1.4233986e-08
1.3896743e-08
2.707083e-06
-1.4172135e-08
1.3832109e-08
2.7068264e-06
-1.4112483e-08
1.3784944e-08
2.7065726e-06
-1.4057354e-08
1.3727018e-08
2.7063294e-06
-1.3996036e-08
1.3660497e-08
2.7060872e-06
-1.3941152e-08
1.3614565e-08
2.7058637e-06
-1.3895162e-08
1.3564341e-08
2.705662e-06
-1.3842301e-08
1.3506586e-08
2.7054669e-06
-1.3795621e-08
1.3471407e-08
2.7052945e-06
-1.3757656e-08
1.3428978e-08
2.7051461e-06
-1.3707682e-08
1.3371708e-08
2.7049978e-06
-1.3670541e-08
1.3346682e-08
2.7048593e-06
-1.3639257e-08
1.3312793e-08
2.7047287e-06
-1.3601473e-08
1.3268562e-08
2.7045777e-06
-1.3575596e-08
1.3257922e-08
2.7044171e-06
-1.3547027e-08
1.322741e-08
2.7042542e-06
-1.3521348e-08
1.3193286e-08
2.7040651e-06
-1.3510124e-08
1.3196103e-08
2.7038539e-06
-1.3489445e-08
1.3182211e-08
2.7036473e-06
-1.3466638e-08
1.3144414e-08
2.7034386e-06
-1.3450207e-08
1.312773e-08
2.7032217e-06
-1.342866e-08
1.3119145e-08
2.7030205e-06
-1.3409029e-08
1.3101066e-08
2.7028609e-06
-1.3387358e-08
1.3070643e-08
2.7027738e-06
-1.3365082e-08
1.3026397e-08
2.7027617e-06
-1.3353191e-08
1.3003343e-08
2.7028222e-06
-1.3348253e-08
1.2995518e-08
2.7029583e-06
-1.3357196e-08
1.3000194e-08
2.7031704e-06
-1.3377479e-08
1.3014681e-08
2.7034535e-06
-1.3397659e-08
1.302798e-08
2.7038068e-06
-1.3427999e-08
1.3046389e-08
2.7042241e-06
-1.3471382e-08
1.3080739e-08
2.7046926e-06
-1.3519212e-08
1.3122778e-08
2.7051914e-06
-1.3564862e-08
1.3169017e-08
2.7057139e-06
-1.3603411e-08
1.320096e-08
2.7062636e-06
-1.3634838e-08
1.3214983e-08
2.7068271e-06
-1.3677233e-08
1.3248454e-08
2.707378e-06
-1.3716055e-08
1.3294888e-08
2.7079204e-06
-1.3741205e-08
1.3315906e-08
2.7084696e-06
-1.3759787e-08
1.3314746e-08
2.7090095e-06
-1.3765922e-08
1.3318886e-08
2.7095487e-06
-1.3761988e-08
1.33083e-08
2.710102e-06
-1.3769578e-08
1.329903e-08
2.7106259e-06
-1.3787157e-08
1.3334552e-08
2.7111256e-06
-1.3772897e-08
1.3321207e-08
2.7116146e-06
-1.3752383e-08
1.3284677e-08
2.7120704e-06
-1.3749457e-08
1.3281167e-08
2.7124637e-06
-1.3728523e-08
1.3276142e-08
2.7127839e-06
-1.3705087e-08
1.3264546e-08
2.7130368e-06
-1.3654818e-08
1.3206663e-08
2.7132008e-06
-1.3602441e-08
1.315975e-08
2.7132609e-06
-1.3549789e-08
1.3124891e-08
2.7132475e-06
-1.3501682e-08
1.3059309e-08
2.7131213e-06
-1.3433277e-08
1.3005247e-08
2.7128562e-06
-1.3369247e-08
1.2970972e-08
2.7124609e-06
-1.3283191e-08
1.2898538e-08
2.711944e-06
-1.3170512e-08
1.2789388e-08
2.7113174e-06
-1.3052165e-08
1.2668124e-08
2.7105777e-06
-1.2933362e-08
1.2555385e-08
2.7097457e-06
-1.2799561e-08
1.2414616e-08
2.7088163e-06
-1.2671828e-08
1.2291779e-08
2.7077892e-06
-1.2557645e-08
1.2188934e-08
2.7066774e-06
-1.2442403e-08
1.207642e-08
2.7054642e-06
-1.2328001e-08
1.1983935e-08
2.704154e-06
-1.220972e-08
1.1885847e-08
2.7027801e-06
-1.2077406e-08
1.1749693e-08
2.7013654e-06
-1.1942666e-08
1.1606542e-08
2.6999335e-06
-1.1811205e-08
1.1466799e-08
2.6985048e-06
-1.1697311e-08
1.1349587e-08
2.697112e-06
-1.158644e-08
1.1229311e-08
2.6957917e-06
-1.1494599e-08
1.1122756e-08
2.6945696e-06
-1.1436696e-08
1.1053542e-08
2.6934594e-06
-1.1398542e-08
1.1009653e-08
2.692473e-06
-1.137747e-08
1.098399e-08
2.6916202e-06
-1.1386958e-08
1.0988735e-08
2.6909124e-06
-1.1408175e-08
1.0998671e-08
2.6903589e-06
-1.1435961e-08
1.1011014e-08
2.6899503e-06
-1.1506385e-08
1.1076842e-08
2.6897057e-06
-1.1565561e-08
1.1112979e-08
2.6896203e-06
-1.1638967e-08
1.1172759e-08
2.6896554e-06
-1.1746903e-08
1.1300486e-08
2.689853e-06
-1.1845752e-08
1.1368321e-08
2.6901948e-06
-1.1947504e-08
1.145122e-08
2.6906476e-06
-1.2053359e-08
1.1565708e-08
2.6912219e-06
-1.2147081e-08
1.1638795e-08
2.6919074e-06
-1.2218408e-08
1.1678133e-08
2.6926541e-06
-1.2299568e-08
1.1753551e-08
2.6934111e-06
-1.2361992e-08
1.1831895e-08
2.6941834e-06
-1.2408768e-08
1.1864259e-08
2.6949385e-06
-1.243431e-08
1.1885444e-08
2.6956442e-06
-1.2427672e-08
1.1879456e-08
2.6962754e-06
-1.2399958e-08
1.1846383e-08
2.6968057e-06
-1.2312806e-08
1.1758572e-08
2.6972566e-06
-1.2252241e-08
1.1663562e-08
2.6975958e-06
-1.2204331e-08
1.160907e-08
2.6977812e-06
-1.2160156e-08
1.1591268e-08
2.6977975e-06
-1.2123365e-08
1.1577348e-08
2.6976325e-06
-1.2075727e-08
1.1543266e-08
2.6972588e-06
-1.2011984e-08
1.1497919e-08
2.6966383e-06
-1.1953022e-08
1.1471649e-08
2.6957135e-06
-1.1881969e-08
1.1461416e-08
2.6944882e-06
-1.1743477e-08
1.1363534e-08
2.6929957e-06
-1.1563656e-08
1.119633e-08
2.691254e-06
-1.1366014e-08
1.1013149e-08
2.6893136e-06
-1.1122288e-08
1.0762277e-08
2.6872255e-06
-1.0870298e-08
1.0491381e-08
2.685014e-06
-1.0629151e-08
1.0251614e-08
2.6827194e-06
-1.0394128e-08
1.0019362e-08
2.6803972e-06
-1.0163945e-08
9.7752277e-09
2.6780775e-06
-9.9540314e-09
9.5572421e-09
2.6757835e-06
-9.7776582e-09
9.3783017e-09
2.6735185e-06
-9.6372879e-09
9.2475059e-09
2.6712752e-06
-9.5197392e-09
9.1502637e-09
2.6690662e-06
-9.4259809e-09
9.0656194e-09
2.6669173e-06
-9.3510955e-09
8.9787457e-09
2.6648112e-06
-9.2947969e-09
8.9339602e-09
2.6627448e-06
-9.2691659e-09
8.929963e-09
2.6607711e-06
-9.2400261e-09
8.8804275e-09
2.6588993e-06
-9.2177812e-09
8.8416372e-09
2.657107e-06
-9.2276977e-09
8.8611989e-09
2.6554328e-06
-9.2292995e-09
8.8320706e-09
2.6538559e-06
-9.2443795e-09
8.834498e-09
2.6523527e-06
-9.2695207e-09
8.866532e-09
2.6509342e-06
-9.2842543e-09
8.871659e-09
2.6495982e-06
-9.2888102e-09
8.8646059e-09
2.6483469e-06
-9.2837631e-09
8.841313e-09
2.6471947e-06
-9.2593058e-09
8.7810883e-09
2.6461199e-06
-9.2320476e-09
8.7368917e-09
2.6450892e-06
-9.2288945e-09
8.738883e-09
2.6441231e-06
-9.2209382e-09
8.6969938e-09
2.6431754e-06
-9.2022745e-09
8.6678402e-09
2.6421653e-06
-9.1913672e-09
8.6983567e-09
2.6410974e-06
-9.1411057e-09
8.6558782e-09
2.6399817e-06
-9.0610262e-09
8.5562393e-09
2.6387865e-06
-8.9587373e-09
8.4609386e-09
2.6375149e-06
-8.8445207e-09
8.3531124e-09
2.6362129e-06
-8.7276106e-09
8.2057294e-09
2.6348773e-06
-8.6103498e-09
8.0720834e-09
2.6334761e-06
-8.5205634e-09
8.0040796e-09
2.6320176e-06
-8.4408036e-09
7.9347808e-09
2.6304905e-06
-8.3592044e-09
7.8614426e-09
2.628825e-06
-8.2929916e-09
7.8476314e-09
2.6269952e-06
-8.2051779e-09
7.8075808e-09
2.624989e-06
-8.0685383e-09
7.7067521e-09
2.622793e-06
-7.8850135e-09
7.5595135e-09
2.6204463e-06
-7.6630049e-09
7.3330346e-09
2.6179684e-06
-7.408417e-09
7.0661992e-09
2.6153378e-06
-7.1347506e-09
6.8182757e-09
2.612609e-06
-6.844203e-09
6.5184693e-09
2.6098303e-06
-6.5479413e-09
6.1909806e-09
2.6069609e-06
-6.2640493e-09
5.939671e-09
2.6040222e-06
-5.9811347e-09
5.6872058e-09
2.6010843e-06
-5.7128782e-09
5.4006519e-09
2.5981161e-06
-5.4560108e-09
5.1736024e-09
2.5951061e-06
-5.2226543e-09
4.9851447e-09
2.5920969e-06
-5.0048063e-09
4.7630402e-09
2.5890171e-06
-4.7922106e-09
4.5989172e-09
2.5857697e-06
-4.575941e-09
4.4907829e-09
2.5823576e-06
-4.3455883e-09
4.3235184e-09
2.5787791e-06
-4.0827435e-09
4.0906918e-09
2.5750001e-06
-3.7707317e-09
3.8185246e-09
2.5709984e-06
-3.4204128e-09
3.5153951e-09
2.566777e-06
-3.0359857e-09
3.1706211e-09
2.5623663e-06
-2.6235414e-09
2.7699736e-09
2.5577735e-06
-2.1836422e-09
2.3415883e-09
2.5529821e-06
-1.7181048e-09
1.9120665e-09
2.5479986e-06
-1.2348642e-09
1.4644872e-09
2.5428347e-06
-7.4656059e-10
1.0015513e-09
2.5374789e-06
-2.5177238e-10
5.4071503e-10
2.5319089e-06
2.5074387e-10
8.7964303e-11
2.526116e-06
7.5509643e-10
-3.6487791e-10
2.5200999e-06
1.2565056e-09
-8.18551e-10
2.5138627e-06
1.7571242e-09
-1.2708523e-09
2.5074179e-06
2.2598008e-09
-1.7271784e-09
2.5007916e-06
2.7608897e-09
-2.1863262e-09
2.4940207e-06
3.2607184e-09
-2.6499962e-09
2.4871471e-06
3.757529e-09
-3.1146836e-09
2.4802129e-06
4.2570134e-09
-3.582838e-09
2.4732742e-06
4.7560951e-09
-4.0607437e-09
2.4663702e-06
5.2331806e-09
-4.5116226e-09
2.459528e-06
5.6957008e-09
-4.9374291e-09
2.4527943e-06
6.1632934e-09
-5.3775429e-09
2.4462061e-06
6.5690657e-09
-5.7617058e-09
2.4397703e-06
6.9487962e-09
-6.1066165e-09
2.433508e-06
7.3119195e-09
-6.4416725e-09
2.4274254e-06
7.63833e-09
-6.7390422e-09
2.421517e-06
7.9341729e-09
-7.002098e-09
2.4157646e-06
8.2050926e-09
-7.232587e-09
2.410138e-06
8.4622704e-09
-7.4355935e-09
2.4046104e-06
8.6902596e-09
-7.6033397e-09
2.3991746e-06
8.8626684e-09
-7.7341333e-09
2.3938135e-06
8.997973e-09
-7.8420039e-09
2.3884864e-06
9.1244656e-09
-7.9314209e-09
2.3831664e-06
9.2558832e-09
-8.0250477e-09
2.3778422e-06
9.3948178e-09
-8.1305513e-09
2.3725113e-06
9.5328843e-09
-8.2373179e-09
2.3671778e-06
9.6631583e-09
-8.3352281e-09
2.3618541e-06
9.7893746e-09
-8.4291845e-09
2.3565582e-06
9.9190558e-09
-8.5236844e-09
2.3513214e-06
1.0047274e-08
-8.6175995e-09
2.3461989e-06
1.0155802e-08
-8.7062464e-09
2.3412312e-06
1.0216402e-08
-8.7463001e-09
2.3364326e-06
1.0233921e-08
-8.7281822e-09
2.3318421e-06
1.0260058e-08
-8.7350336e-09
2.3274826e-06
1.0287192e-08
-8.7454817e-09
2.3233213e-06
1.0334479e-08
-8.726003e-09
2.3194022e-06
1.0403243e-08
-8.7566896e-09
2.3157847e-06
1.044436e-08
-8.8067722e-09
2.3124167e-06
1.0491174e-08
-8.7989078e-09
2.3093022e-06
1.0570417e-08
-8.814538e-09
2.3064946e-06
1.0614704e-08
-8.8228709e-09
2.3039995e-06
1.0631328e-08
-8.774228e-09
2.3019107e-06
1.0601507e-08
-8.7445473e-09
2.3002941e-06
1.0457501e-08
-8.6555536e-09
2.2991136e-06
1.0276639e-08
-8.4907468e-09
2.2983081e-06
1.0085718e-08
-8.2579206e-09
2.2978593e-06
9.8685455e-09
-8.0018201e-09
2.2977428e-06
9.5919788e-09
-7.6874866e-09
2.2979362e-06
9.315499e-09
-7.3151276e-09
2.2983269e-06
8.9736307e-09
-6.9502044e-09
2.2988571e-06
8.6224734e-09
-6.5433912e-09
2.2996906e-06
8.2514457e-09
-6.1293792e-09
2.300864e-06
7.8445681e-09
-5.7048886e-09
2.3023293e-06
7.3776145e-09
-5.1870042e-09
2.3040055e-06
6.8751689e-09
-4.5835438e-09
2.305834e-06
6.3888104e-09
-3.9687635e-09
2.3077913e-06
5.9100946e-09
-3.3710466e-09
2.3098877e-06
5.3786131e-09
-2.7619298e-09
2.3120867e-06
4.8437196e-09
-2.1447768e-09
2.314363e-06
4.3093471e-09
-1.5351715e-09
2.3166448e-06
3.798434e-09
-9.012755e-10
2.3189136e-06
3.3021883e-09
-2.6460212e-10
2.3214866e-06
2.3870901e-09
4.6674264e-10
2.3245217e-06
1.1786967e-09
1.285307e-09
2.3276907e-06
2.1758106e-10
2.1178619e-09
2.3307163e-06
-5.5407101e-10
2.9727616e-09
2.3335694e-06
-1.3767782e-09
3.8527737e-09
2.3362418e-06
-2.2503621e-09
4.7315045e-09
2.3387639e-06
-3.206504e-09
5.5972156e-09
2.3412281e-06
-4.1665666e-09
6.3164625e-09
2.3433935e-06
-4.9096971e-09
7.0038948e-09
2.3442833e-06
-5.411593e-09
8.2363654e-09
2.3442001e-06
-6.3548056e-09
9.6632986e-09
2.3438436e-06
-7.5266522e-09
1.0859384e-08
2.343133e-06
-8.7841023e-09
1.1947877e-08
2.3418612e-06
-9.9592543e-09
1.3016135e-08
2.3399219e-06
-1.1158411e-08
1.4136956e-08
2.3371204e-06
-1.220888e-08
1.5251291e-08
2.333516e-06
-1.3185316e-08
1.621555e-08
2.3293734e-06
-1.3942528e-08
1.673061e-08
2.3256923e-06
-1.6396978e-08
1.7793809e-08
2.320473e-06
-1.6979234e-08
1.9026573e-08
2.3141613e-06
-1.7950784e-08
2.0218087e-08
2.3069124e-06
-1.9004192e-08
2.1299136e-08
2.298822e-06
-2.0018941e-08
2.2236681e-08
2.2900448e-06
-2.0903233e-08
2.290043e-08
2.2806477e-06
-2.1609696e-08
2.3361005e-08
2.2706787e-06
-2.186739e-08
2.3402627e-08
2.2586594e-06
-2.2371757e-08
2.5211553e-08
2.2462929e-06
-2.2654024e-08
2.5156861e-08
2.2336575e-06
-2.2939105e-08
2.509782e-08
2.2207453e-06
-2.3211934e-08
2.5093752e-08
2.2074504e-06
-2.3393782e-08
2.5158807e-08
2.1938203e-06
-2.3516939e-08
2.518694e-08
2.1799356e-06
-2.3606248e-08
2.5209283e-08
2.1658168e-06
-2.3681439e-08
2.5225707e-08
2.1515108e-06
-2.3733542e-08
2.5181464e-08
2.1371194e-06
-2.3793902e-08
2.5055079e-08
2.122631e-06
-2.3733486e-08
2.4836287e-08
2.1079686e-06
-2.3603819e-08
2.4645834e-08
2.0931214e-06
-2.3399473e-08
2.441375e-08
2.0781227e-06
-2.3124113e-08
2.4099036e-08
2.0629978e-06
-2.2778259e-08
2.3708898e-08
2.0477641e-06
-2.2350157e-08
2.3236708e-08
2.0324337e-06
-2.183015e-08
2.2675649e-08
2.0170151e-06
-2.1216008e-08
2.2024567e-08
2.0015195e-06
-2.050598e-08
2.1277418e-08
1.985955e-06
-1.9702943e-08
2.0438136e-08
1.9703251e-06
-1.8805656e-08
1.9509085e-08
1.9546324e-06
-1.7813793e-08
1.8489921e-08
1.9388768e-06
-1.6725702e-08
1.7381046e-08
1.9230683e-06
-1.5545722e-08
1.6176435e-08
1.9072178e-06
-1.4278251e-08
1.4876872e-08
1.8913365e-06
-1.2925673e-08
1.3488796e-08
1.8754364e-06
-1.14892e-08
1.2012438e-08
1.8595219e-06
-9.9728847e-09
1.0458276e-08
1.8435958e-06
-8.3837275e-09
8.8336836e-09
1.8276612e-06
-6.728551e-09
7.1445561e-09
1.8117272e-06
-5.0229376e-09
5.4002705e-09
1.7958192e-06
-3.2707694e-09
3.5882133e-09
1.7799468e-06
-1.4723787e-09
1.7237731e-09
1.7641062e-06
3.7282399e-10
-1.7807933e-10
1.7483057e-06
2.2530013e-09
-2.1092736e-09
1.7325528e-06
4.1536983e-09
-4.0529726e-09
1.7168627e-06
6.065759e-09
-6.0082712e-09
1.7012484e-06
7.9765443e-09
-7.9617712e-09
1.685722e-06
9.8789212e-09
-9.9056732e-09
1.6702949e-06
1.1764836e-08
-1.1831791e-08
1.6549789e-06
1.3625863e-08
-1.3732186e-08
1.639785e-06
1.5451866e-08
-1.5596475e-08
1.6247229e-06
1.7234018e-08
-1.7414119e-08
1.6097909e-06
1.8973349e-08
-1.9175054e-08
1.5949874e-06
2.0677367e-08
-2.0887147e-08
1.5803359e-06
2.2336808e-08
-2.2566133e-08
1.565851e-06
2.394136e-08
-2.4193479e-08
1.5515412e-06
2.5487735e-08
-2.5760048e-08
1.5374148e-06
2.697485e-08
-2.7264921e-08
1.5234817e-06
2.840081e-08
-2.8708485e-08
1.5097515e-06
2.9764216e-08
-3.0089497e-08
1.4962322e-06
3.1063612e-08
-3.1405385e-08
1.4829291e-06
3.2297112e-08
-3.2652437e-08
1.4698469e-06
3.3462548e-08
-3.3827841e-08
1.4569928e-06
3.4561215e-08
-3.4935676e-08
1.4443799e-06
3.559878e-08
-3.5986668e-08
1.4320173e-06
3.6586408e-08
-3.6987044e-08
1.4199065e-06
3.7524621e-08
-3.7940476e-08
1.4080424e-06
3.8407912e-08
-3.883981e-08
1.3964199e-06
3.9230114e-08
-3.9672921e-08
1.385039e-06
3.9987463e-08
-4.0439576e-08
1.3739028e-06
4.0682292e-08
-4.1145355e-08
1.3630055e-06
4.1326279e-08
-4.1793871e-08
1.3523455e-06
4.1930722e-08
-4.2401154e-08
1.3419381e-06
4.2494733e-08
-4.2983506e-08
1.3317799e-06
4.3021762e-08
-4.3526686e-08
1.3218359e-06
4.352467e-08
-4.4012543e-08
1.312106e-06
4.4015459e-08
-4.4488405e-08
1.3026284e-06
4.4492051e-08
-4.4990759e-08
1.2934072e-06
4.4960873e-08
-4.5493101e-08
1.2844056e-06
4.543165e-08
-4.5965834e-08
1.2756182e-06
4.5890105e-08
-4.6430041e-08
1.267079e-06
4.6303984e-08
-4.6887381e-08
1.258774e-06
4.6680684e-08
-4.7283135e-08
1.2506717e-06
4.7051507e-08
-4.7637007e-08
1.2427985e-06
4.7429555e-08
-4.8022806e-08
1.2351798e-06
4.777809e-08
-4.8403285e-08
1.2277915e-06
4.8069392e-08
-4.8701433e-08
1.2206232e-06
4.8316976e-08
-4.8945235e-08
1.2136839e-06
4.8536208e-08
-4.9168687e-08
1.2069395e-06
4.8744579e-08
-4.9345561e-08
1.2004051e-06
4.8948269e-08
-4.9529436e-08
1.1941831e-06
4.9151426e-08
-4.9809437e-08
1.1882684e-06
4.9312062e-08
-5.0034164e-08
1.1825631e-06
4.9401847e-08
-5.008213e-08
1.1770697e-06
4.9467531e-08
-5.009852e-08
1.1718579e-06
4.9500973e-08
-5.0138785e-08
1.1669044e-06
4.943172e-08
-5.0036292e-08
1.1622693e-06
4.9189764e-08
-4.9804122e-08
1.1579141e-06
4.8796196e-08
-4.9365092e-08
1.1538364e-06
4.8262331e-08
-4.87662e-08
1.1500313e-06
4.7500023e-08
-4.7918172e-08
1.1464733e-06
4.6461799e-08
-4.6757595e-08
1.1431715e-06
4.5184045e-08
-4.5360449e-08
1.1401319e-06
4.3727568e-08
-4.3790172e-08
1.1373352e-06
4.2116265e-08
-4.2051743e-08
1.134856e-06
4.0424954e-08
-4.0319619e-08
1.1327549e-06
3.8782416e-08
-3.8711784e-08
1.1309452e-06
3.7186452e-08
-3.707738e-08
1.1294141e-06
3.561654e-08
-3.546696e-08
1.1283207e-06
3.4154011e-08
-3.4140104e-08
1.127549e-06
3.2903986e-08
-3.2936782e-08
1.1270032e-06
3.1627008e-08
-3.1608424e-08
1.1268835e-06
3.0363558e-08
-3.0415486e-08
1.1272322e-06
2.9323251e-08
-2.9516994e-08
1.127697e-06
2.8375454e-08
-2.8528639e-08
1.128262e-06
2.7364675e-08
-2.7313197e-08
1.1291116e-06
2.628973e-08
-2.6181572e-08
1.1303624e-06
2.5200145e-08
-2.5172186e-08
1.1319165e-06
2.4165451e-08
-2.412307e-08
1.1337307e-06
2.3110442e-08
-2.2999056e-08
1.1358354e-06
2.20393e-08
-2.1875627e-08
1.1383366e-06
2.0910244e-08
-2.0790445e-08
1.141204e-06
1.9852969e-08
-1.9732881e-08
1.1444698e-06
1.8755645e-08
-1.8647836e-08
1.1479062e-06
1.7600133e-08
-1.7260897e-08
1.1517774e-06
1.6482082e-08
-1.6154464e-08
1.1561003e-06
1.5318796e-08
-1.4993005e-08
1.1608791e-06
1.4120104e-08
-1.3770494e-08
1.1661716e-06
1.2900859e-08
-1.2552514e-08
1.1719612e-06
1.1650384e-08
-1.1252247e-08
1.1783004e-06
1.0339083e-08
-9.9081445e-09
1.1852461e-06
8.9828713e-09
-8.5391867e-09
1.1928475e-06
7.572754e-09
-7.1291391e-09
1.2011401e-06
6.105024e-09
-5.6621929e-09
1.2101645e-06
4.5844604e-09
-4.1510115e-09
1.2199516e-06
3.0145739e-09
-2.593239e-09
1.2305318e-06
1.3874919e-09
-9.851493e-10
1.2419408e-06
-2.8831604e-10
6.5414696e-10
1.2541969e-06
-2.0128099e-09
2.3351432e-09
1.2673131e-06
-3.7864165e-09
4.0552535e-09
1.2812955e-06
-5.6073581e-09
5.8104406e-09
1.2961293e-06
-7.4652493e-09
7.6008351e-09
1.3117997e-06
-9.3683954e-09
9.4230863e-09
1.3282632e-06
-1.1302873e-08
1.1278654e-08
1.345465e-06
-1.3269243e-08
1.316521e-08
1.3633473e-06
-1.5262443e-08
1.5066243e-08
1.3818306e-06
-1.7276938e-08
1.6983146e-08
1.4008151e-06
-1.9307302e-08
1.8915471e-08
1.4201874e-06
-2.135168e-08
2.0860168e-08
1.4398186e-06
-2.340514e-08
2.2813666e-08
1.459562e-06
-2.5459256e-08
2.4772498e-08
1.4792624e-06
-2.7515634e-08
2.6735236e-08
1.4987435e-06
-2.9558867e-08
2.8698239e-08
1.5178288e-06
-3.1592122e-08
3.0659226e-08
1.5363376e-06
-3.361288e-08
3.2615617e-08
1.5540732e-06
-3.5599961e-08
3.456328e-08
1.5708599e-06
-3.7574403e-08
3.6506864e-08
1.5865137e-06
-3.9511013e-08
3.8434827e-08
1.600871e-06
-4.141473e-08
4.0345566e-08
1.6137819e-06
-4.3266522e-08
4.222822e-08
1.6251403e-06
-4.5073663e-08
4.4061939e-08
1.6348377e-06
-4.682824e-08
4.582932e-08
1.6427928e-06
-4.8503379e-08
4.7527104e-08
1.6490964e-06
-5.0112328e-08
4.9192011e-08
1.6537789e-06
-5.1700002e-08
5.0745542e-08
1.6556804e-06
-5.265792e-08
5.2236653e-08
1.6559976e-06
-5.4038186e-08
5.3709599e-08
1.6553463e-06
-5.5402388e-08
5.5135257e-08
1.6538235e-06
-5.6404918e-08
5.5384057e-08
1.6503483e-06
-5.7237532e-08
5.6610793e-08
1.6451994e-06
-5.7999739e-08
5.772244e-08
1.6387756e-06
-5.8634215e-08
5.8483162e-08
1.6313105e-06
-5.9242247e-08
5.9117249e-08
1.6230507e-06
-5.9646513e-08
5.9439055e-08
1.6140926e-06
-5.9689983e-08
5.944865e-08
1.6043699e-06
-5.9616722e-08
5.9545467e-08
1.594118e-06
-5.9649775e-08
5.9639243e-08
1.5835199e-06
-5.9282558e-08
5.9287268e-08
1.5727842e-06
-5.9008576e-08
5.8970354e-08
1.5618944e-06
-5.855516e-08
5.8548627e-08
1.5506621e-06
-5.7656983e-08
5.7912842e-08
1.539331e-06
-5.6694089e-08
5.7076218e-08
1.528055e-06
-5.5636779e-08
5.6083261e-08
1.5169367e-06
-5.44209e-08
5.4894461e-08
1.5060481e-06
-5.3083891e-08
5.3562197e-08
1.495451e-06
-5.1614633e-08
5.2080602e-08
1.4851124e-06
-4.9985012e-08
5.0511008e-08
1.475086e-06
-4.8256883e-08
4.8821416e-08
1.4653622e-06
-4.6379349e-08
4.7015947e-08
1.4560207e-06
-4.44267e-08
4.507142e-08
1.4470146e-06
-4.2295849e-08
4.3005e-08
1.4384157e-06
-4.0117011e-08
4.0822723e-08
1.4301325e-06
-3.7702266e-08
3.8495505e-08
1.4222343e-06
-3.5289293e-08
3.6095523e-08
1.414617e-06
-3.2609618e-08
3.3522933e-08
1.4073622e-06
-3.0026287e-08
3.0950967e-08
1.4003364e-06
-2.713099e-08
2.8181937e-08
1.3936523e-06
-2.4080223e-08
2.5124665e-08
1.3870607e-06
-2.0887317e-08
2.2134313e-08
-1.6838666e-08
1.824013e-08
5.769439e-06
2.0614924e-07
5.8071851e-06
2.5431955e-07
5.8111221e-06
2.2106712e-07
5.7761418e-06
1.8189542e-07
5.7043023e-06
1.6182602e-07
5.6065703e-06
1.4343372e-07
5.4967395e-06
1.2665541e-07
5.3828731e-06
1.1036157e-07
5.2708802e-06
9.6107719e-08
5.1599701e-06
8.5557347e-08
5.0545917e-06
7.4553777e-08
4.9556761e-06
6.4130905e-08
4.8630961e-06
5.490991e-08
4.7763511e-06
4.7029365e-08
4.6952155e-06
3.9924945e-08
4.6194682e-06
3.3580505e-08
4.5486559e-06
2.7993308e-08
4.4828177e-06
2.2700091e-08
4.4213298e-06
1.8235156e-08
4.3644037e-06
1.3709415e-08
4.3110056e-06
1.0391421e-08
4.2609357e-06
7.1960069e-09
4.2139579e-06
4.3144337e-09
4.1698905e-06
1.6612276e-09
4.1285489e-06
-7.697416e-10
4.0897351e-06
-2.9765288e-09
4.0532399e-06
-4.9549547e-09
4.0189024e-06
-6.7434129e-09
3.9865303e-06
-8.3402503e-09
3.9559534e-06
-9.7715582e-09
3.927037e-06
-1.105998e-08
3.8996302e-06
-1.2202911e-08
3.8736189e-06
-1.3229118e-08
3.8488772e-06
-1.4140368e-08
3.8253188e-06
-1.4964157e-08
3.8028749e-06
-1.5725098e-08
3.7814763e-06
-1.6412704e-08
3.7610544e-06
-1.7042835e-08
3.7415457e-06
-1.7605494e-08
3.7228875e-06
-1.8122164e-08
3.705026e-06
-1.8577962e-08
3.6879047e-06
-1.8999426e-08
3.671479e-06
-1.9366593e-08
3.6556995e-06
-1.9706215e-08
3.640523e-06
-2.0002083e-08
3.6259115e-06
-2.0264892e-08
3.6118662e-06
-2.0529761e-08
3.5983045e-06
-2.0731306e-08
3.5852388e-06
-2.0956412e-08
3.5726592e-06
-2.1156155e-08
3.5605355e-06
-2.1330163e-08
3.5488369e-06
-2.1482744e-08
3.5375325e-06
-2.1609865e-08
3.5265957e-06
-2.171744e-08
3.5160113e-06
-2.1816292e-08
3.505752e-06
-2.1895289e-08
3.4958147e-06
-2.1973161e-08
3.4861676e-06
-2.2030204e-08
3.4768213e-06
-2.2093388e-08
3.4677352e-06
-2.2133733e-08
3.4589327e-06
-2.2184063e-08
3.4503701e-06
-2.2217888e-08
3.4420742e-06
-2.225424e-08
3.4340165e-06
-2.2299998e-08
3.4261775e-06
-2.2291443e-08
3.4185667e-06
-2.2340328e-08
3.4111363e-06
-2.2324273e-08
3.4038979e-06
-2.2326087e-08
3.3968374e-06
-2.2310584e-08
3.3899525e-06
-2.2298221e-08
3.3832384e-06
-2.2284784e-08
3.3766898e-06
-2.226859e-08
3.3703034e-06
-2.2253015e-08
3.3640748e-06
-2.2233172e-08
3.3579995e-06
-2.221405e-08
3.3520729e-06
-2.2190233e-08
3.3462892e-06
-2.2166937e-08
3.3406445e-06
-2.2139356e-08
3.3351318e-06
-2.2111142e-08
3.3297485e-06
-2.208104e-08
3.3244855e-06
-2.2046886e-08
3.319343e-06
-2.2016173e-08
3.3143079e-06
-2.1974127e-08
3.3093895e-06
-2.1947064e-08
3.3045588e-06
-2.1895211e-08
3.2998566e-06
-2.1878665e-08
3.2952628e-06
-2.1842491e-08
3.2907692e-06
-2.1807372e-08
3.2863714e-06
-2.1766039e-08
3.2820707e-06
-2.172618e-08
3.2778643e-06
-2.1684641e-08
3.2737473e-06
-2.1641374e-08
3.269715e-06
-2.1595298e-08
3.2657641e-06
-2.1548632e-08
3.2618905e-06
-2.1499976e-08
3.2580932e-06
-2.1452266e-08
3.254368e-06
-2.1402127e-08
3.2507151e-06
-2.1354038e-08
3.2471301e-06
-2.1303618e-08
3.2436143e-06
-2.1255357e-08
3.2401634e-06
-2.1205884e-08
3.2367787e-06
-2.1157398e-08
3.2334575e-06
-2.1110829e-08
3.2302007e-06
-2.1062825e-08
3.227006e-06
-2.1018682e-08
3.2238764e-06
-2.0974687e-08
3.2208007e-06
-2.0925189e-08
3.2177759e-06
-2.0870152e-08
3.2148037e-06
-2.082326e-08
3.2118775e-06
-2.0773092e-08
3.2089999e-06
-2.0720022e-08
3.2061703e-06
-2.0667203e-08
3.2033876e-06
-2.061493e-08
3.2006506e-06
-2.0562921e-08
3.1979584e-06
-2.0511364e-08
3.1953106e-06
-2.0460104e-08
3.1927067e-06
-2.0409236e-08
3.1901458e-06
-2.0358435e-08
3.1876276e-06
-2.0307871e-08
3.1851513e-06
-2.0257501e-08
3.1827158e-06
-2.0207004e-08
3.1803208e-06
-2.0157011e-08
3.1779645e-06
-2.0106517e-08
3.1756468e-06
-2.0057027e-08
3.173366e-06
-2.0006425e-08
3.1711216e-06
-1.9957148e-08
3.1689123e-06
-1.9906639e-08
3.1667374e-06
-1.9857914e-08
3.1645958e-06
-1.9808124e-08
3.1624871e-06
-1.9759542e-08
3.1604106e-06
-1.9711388e-08
3.1583659e-06
-1.9662513e-08
3.1563613e-06
-1.9620631e-08
3.1543884e-06
-1.9573677e-08
3.152444e-06
-1.9525041e-08
3.1505283e-06
-1.9476812e-08
3.1486415e-06
-1.9429318e-08
3.1467832e-06
-1.9382201e-08
3.1449533e-06
-1.9335574e-08
3.143151e-06
-1.9288917e-08
3.1413749e-06
-1.9242052e-08
3.1396245e-06
-1.9195094e-08
3.1378988e-06
-1.9148092e-08
3.1361974e-06
-1.910129e-08
3.1345194e-06
-1.9054476e-08
3.1328648e-06
-1.9007987e-08
3.1312328e-06
-1.8961541e-08
3.1296233e-06
-1.8915335e-08
3.1280358e-06
-1.8869256e-08
3.1264704e-06
-1.8823372e-08
3.124927e-06
-1.8778067e-08
3.123405e-06
-1.8732583e-08
3.1219051e-06
-1.8687992e-08
3.1204261e-06
-1.8642721e-08
3.1189689e-06
-1.8598985e-08
3.1175314e-06
-1.85535e-08
3.1161152e-06
-1.8510105e-08
3.1147161e-06
-1.8462275e-08
3.1133348e-06
-1.8416944e-08
3.1119712e-06
-1.8372636e-08
3.1106244e-06
-1.8328159e-08
3.109294e-06
-1.8283079e-08
3.1079809e-06
-1.823796e-08
3.1066848e-06
-1.8193016e-08
3.105405e-06
-1.8148345e-08
3.1041408e-06
-1.8103794e-08
3.1028922e-06
-1.8059624e-08
3.1016583e-06
-1.8015605e-08
3.1004391e-06
-1.7971808e-08
3.099234e-06
-1.792822e-08
3.0980427e-06
-1.788492e-08
3.0968648e-06
-1.7841546e-08
3.0957e-06
-1.77986e-08
3.0945479e-06
-1.7755556e-08
3.0934085e-06
-1.771285e-08
3.0922809e-06
-1.7670023e-08
3.0911652e-06
-1.7627423e-08
3.0900609e-06
-1.758453e-08
3.0889678e-06
-1.7541957e-08
3.0878855e-06
-1.7499109e-08
3.086814e-06
-1.7456625e-08
3.0857527e-06
-1.741376e-08
3.084702e-06
-1.7371019e-08
3.083661e-06
-1.7328122e-08
3.0826302e-06
-1.7285079e-08
3.0816089e-06
-1.7241818e-08
3.0805981e-06
-1.7199484e-08
3.0795976e-06
-1.715695e-08
3.0786064e-06
-1.7113753e-08
3.0776241e-06
-1.7069822e-08
3.0766502e-06
-1.7025419e-08
3.0756848e-06
-1.6980853e-08
3.0747279e-06
-1.6936087e-08
3.0737799e-06
-1.6891352e-08
3.0728408e-06
-1.6846538e-08
3.0719104e-06
-1.6801662e-08
3.070989e-06
-1.6756715e-08
3.0700766e-06
-1.671165e-08
3.0691729e-06
-1.666664e-08
3.0682781e-06
-1.6621371e-08
3.067392e-06
-1.6576291e-08
3.0665143e-06
-1.6530967e-08
3.0656452e-06
-1.6485893e-08
3.0647842e-06
-1.6440921e-08
3.0639312e-06
-1.6395896e-08
3.0630863e-06
-1.635145e-08
3.0622493e-06
-1.6306868e-08
3.06142e-06
-1.6262184e-08
3.0605955e-06
-1.6218677e-08
3.0597775e-06
-1.617469e-08
3.0589683e-06
-1.6132568e-08
3.0581654e-06
-1.6085474e-08
3.0573694e-06
-1.6037304e-08
3.0565718e-06
-1.6003388e-08
3.0557761e-06
-1.5968889e-08
3.0549834e-06
-1.5921423e-08
3.0541946e-06
-1.5873788e-08
3.0534137e-06
-1.5835148e-08
3.0526436e-06
-1.5790368e-08
3.0518843e-06
-1.5742755e-08
3.0511248e-06
-1.5715766e-08
3.0503664e-06
-1.5697241e-08
3.0496097e-06
-1.5667435e-08
3.048849e-06
-1.5636925e-08
3.0480849e-06
-1.5607911e-08
3.0473239e-06
-1.5578081e-08
3.046561e-06
-1.5543367e-08
3.0457936e-06
-1.5501829e-08
3.0450246e-06
-1.5464671e-08
3.0442577e-06
-1.5418435e-08
3.0435038e-06
-1.5357189e-08
3.0427611e-06
-1.5318168e-08
3.0420374e-06
-1.528631e-08
3.0413431e-06
-1.5240442e-08
3.0406669e-06
-1.521615e-08
3.0400051e-06
-1.5213809e-08
3.0393587e-06
-1.5204942e-08
3.0387168e-06
-1.5191421e-08
3.0380684e-06
-1.518776e-08
3.0374056e-06
-1.5179917e-08
3.0367268e-06
-1.5160635e-08
3.0360308e-06
-1.5139884e-08
3.0353151e-06
-1.5114509e-08
3.0345901e-06
-1.5077731e-08
3.0338646e-06
-1.5037102e-08
3.0331349e-06
-1.4997953e-08
3.0324089e-06
-1.4953346e-08
3.031692e-06
-1.4907852e-08
3.030978e-06
-1.4866829e-08
3.0302743e-06
-1.4825515e-08
3.0295881e-06
-1.4788037e-08
3.028923e-06
-1.4753268e-08
3.0282783e-06
-1.4722709e-08
3.0276565e-06
-1.4700271e-08
3.0270627e-06
-1.4678834e-08
3.0264868e-06
-1.4661097e-08
3.0259092e-06
-1.4647157e-08
3.0253226e-06
-1.4629247e-08
3.0247182e-06
-1.4607943e-08
3.0240815e-06
-1.458596e-08
3.0234115e-06
-1.4556298e-08
3.0227078e-06
-1.4526844e-08
3.0219632e-06
-1.4492169e-08
3.0211854e-06
-1.4447871e-08
3.0203786e-06
-1.4404292e-08
3.0195431e-06
-1.4356272e-08
3.0186878e-06
-1.4300646e-08
3.0178166e-06
-1.4249109e-08
3.0169258e-06
-1.4194391e-08
3.0160231e-06
-1.413395e-08
3.0151143e-06
-1.4078043e-08
3.014197e-06
-1.4021551e-08
3.0132793e-06
-1.396243e-08
3.0123699e-06
-1.3908102e-08
3.0114704e-06
-1.3853676e-08
3.0105908e-06
-1.379753e-08
3.0097347e-06
-1.3747226e-08
3.008899e-06
-1.3700743e-08
3.0080873e-06
-1.3651957e-08
3.0072963e-06
-1.3608391e-08
3.0065173e-06
-1.3569237e-08
3.0057518e-06
-1.3524349e-08
3.0049922e-06
-1.3489843e-08
3.0042289e-06
-1.345709e-08
3.0034645e-06
-1.3423477e-08
3.0026929e-06
-1.3398692e-08
3.001914e-06
-1.3370653e-08
3.0011364e-06
-1.334962e-08
3.0003583e-06
-1.3337662e-08
2.9995839e-06
-1.3315941e-08
2.9988268e-06
-1.3295633e-08
2.9980984e-06
-1.3282208e-08
2.9974134e-06
-1.3267124e-08
2.9967846e-06
-1.325362e-08
2.9962277e-06
-1.3240399e-08
2.9957614e-06
-1.323375e-08
2.9953875e-06
-1.3231925e-08
2.9951126e-06
-1.3241779e-08
2.9949277e-06
-1.3258354e-08
2.9948281e-06
-1.3285377e-08
2.9948116e-06
-1.3316209e-08
2.9948659e-06
-1.335115e-08
2.9949877e-06
-1.340525e-08
2.9951581e-06
-1.3459858e-08
2.995361e-06
-1.351246e-08
2.9955827e-06
-1.3558581e-08
2.9958189e-06
-1.3602726e-08
2.9960575e-06
-1.3653533e-08
2.9962855e-06
-1.3697481e-08
2.9964956e-06
-1.3727762e-08
2.9966855e-06
-1.3752461e-08
2.9968586e-06
-1.3771167e-08
2.9970161e-06
-1.3782561e-08
2.9971461e-06
-1.3798509e-08
2.9972193e-06
-1.3808076e-08
2.9972357e-06
-1.3797923e-08
2.9971974e-06
-1.3792834e-08
2.9970669e-06
-1.3781021e-08
2.9968362e-06
-1.3757915e-08
2.9964896e-06
-1.3729833e-08
2.9960257e-06
-1.3683333e-08
2.9954396e-06
-1.3635532e-08
2.994722e-06
-1.3582007e-08
2.9938603e-06
-1.3525819e-08
2.9928529e-06
-1.3451929e-08
2.9916902e-06
-1.3374779e-08
2.9903807e-06
-1.3282509e-08
2.9889398e-06
-1.3173273e-08
2.9873775e-06
-1.3059139e-08
2.9857014e-06
-1.2942408e-08
2.9839298e-06
-1.2818195e-08
2.9820679e-06
-1.2694709e-08
2.9801157e-06
-1.257402e-08
2.9780873e-06
-1.2454751e-08
2.9759977e-06
-1.2339183e-08
2.9738605e-06
-1.2217991e-08
2.9717056e-06
-1.2091125e-08
2.9695682e-06
-1.1969572e-08
2.9674814e-06
-1.1853499e-08
2.965473e-06
-1.1751578e-08
2.9635797e-06
-1.1657387e-08
2.9618348e-06
-1.1584243e-08
2.9602574e-06
-1.1538542e-08
2.9588622e-06
-1.1511494e-08
2.9576616e-06
-1.1503059e-08
2.9566544e-06
-1.1518285e-08
2.9558432e-06
-1.1547302e-08
2.9552369e-06
-1.1591031e-08
2.9548154e-06
-1.1660206e-08
2.9545896e-06
-1.1734744e-08
2.9545536e-06
-1.1823195e-08
2.954677e-06
-1.1927517e-08
2.9549534e-06
-1.203405e-08
2.9553635e-06
-1.2144775e-08
2.9558775e-06
-1.2255454e-08
2.9564639e-06
-1.2353459e-08
2.9570982e-06
-1.2438042e-08
2.957735e-06
-1.2524857e-08
2.95832e-06
-1.2576392e-08
2.9588307e-06
-1.2626929e-08
2.9592256e-06
-1.2649511e-08
2.9594763e-06
-1.2644836e-08
2.9595482e-06
-1.2612426e-08
2.9594825e-06
-1.2579953e-08
2.9592064e-06
-1.2510706e-08
2.9587225e-06
-1.2465147e-08
2.958011e-06
-1.2415809e-08
2.9570462e-06
-1.2363813e-08
2.9558052e-06
-1.2294915e-08
2.9542816e-06
-1.2215777e-08
2.9524481e-06
-1.2125489e-08
2.9502871e-06
-1.2014099e-08
2.9478322e-06
-1.1861699e-08
2.9451154e-06
-1.16766e-08
2.9421779e-06
-1.148058e-08
2.9390772e-06
-1.1254242e-08
2.935863e-06
-1.102142e-08
2.9325824e-06
-1.0798079e-08
2.9292759e-06
-1.0576647e-08
2.9259847e-06
-1.036166e-08
2.9227439e-06
-1.0166684e-08
2.919576e-06
-1.0001505e-08
2.9164884e-06
-9.8637916e-09
2.9134868e-06
-9.7458046e-09
2.9105776e-06
-9.6496739e-09
2.9077721e-06
-9.5740904e-09
2.9050834e-06
-9.5205364e-09
2.9025146e-06
-9.4921617e-09
2.9000827e-06
-9.4698431e-09
2.8978057e-06
-9.4655936e-09
2.8956653e-06
-9.4770951e-09
2.893661e-06
-9.4851274e-09
2.8917852e-06
-9.5058796e-09
2.8900232e-06
-9.5327986e-09
2.8883647e-06
-9.5520964e-09
2.8868011e-06
-9.5661021e-09
2.885322e-06
-9.574042e-09
2.8839214e-06
-9.5722412e-09
2.8825855e-06
-9.570833e-09
2.8812715e-06
-9.5737178e-09
2.8799453e-06
-9.565424e-09
2.8785787e-06
-9.5468633e-09
2.8771321e-06
-9.5252588e-09
2.8755879e-06
-9.4691721e-09
2.8739429e-06
-9.3921635e-09
2.8722052e-06
-9.3040851e-09
2.870377e-06
-9.2038999e-09
2.8684595e-06
-9.0967407e-09
2.8664575e-06
-8.9891641e-09
2.8643586e-06
-8.8961438e-09
2.8621455e-06
-8.8042098e-09
2.8597955e-06
-8.7046561e-09
2.8572664e-06
-8.6006966e-09
2.8545339e-06
-8.4712188e-09
2.8516027e-06
-8.3099345e-09
2.8484819e-06
-8.1133438e-09
2.8451807e-06
-7.8792093e-09
2.841733e-06
-7.6282904e-09
2.8381676e-06
-7.3652959e-09
2.8344967e-06
-7.0735027e-09
2.8307463e-06
-6.7768142e-09
2.8269393e-06
-6.4933006e-09
2.8230822e-06
-6.1998029e-09
2.8191782e-06
-5.9127299e-09
2.8152372e-06
-5.6438783e-09
2.8112313e-06
-5.3791047e-09
2.8071197e-06
-5.1092699e-09
2.8028789e-06
-4.851636e-09
2.7984671e-06
-4.5861177e-09
2.7938262e-06
-4.2854058e-09
2.788931e-06
-3.957036e-09
2.7837821e-06
-3.6007823e-09
2.7783768e-06
-3.2150775e-09
2.772714e-06
-2.797981e-09
2.7667921e-06
-2.3507436e-09
2.7606157e-06
-1.876781e-09
2.7541975e-06
-1.3843611e-09
2.7475425e-06
-8.7372731e-10
2.7406457e-06
-3.4838665e-10
2.7335109e-06
1.845919e-10
2.7261491e-06
7.2020168e-10
2.7185681e-06
1.259699e-09
2.7107729e-06
1.8047288e-09
2.7027809e-06
2.3530453e-09
2.6946233e-06
2.9017033e-09
2.6863416e-06
3.4435055e-09
2.6779788e-06
3.9817962e-09
2.6695799e-06
4.5140327e-09
2.6611856e-06
5.0493556e-09
2.6528369e-06
5.5847771e-09
2.6445609e-06
6.1085625e-09
2.6363944e-06
6.6131438e-09
2.6283936e-06
7.0961876e-09
2.6205752e-06
7.519195e-09
2.6129275e-06
7.9360891e-09
2.605451e-06
8.3371599e-09
2.5981355e-06
8.7061669e-09
2.5909618e-06
9.0491805e-09
2.5839036e-06
9.371782e-09
2.5769351e-06
9.6841863e-09
2.5700351e-06
9.9703601e-09
2.5631822e-06
1.0204023e-08
2.5563672e-06
1.0386383e-08
2.5495548e-06
1.0574251e-08
2.54273e-06
1.0770344e-08
2.535898e-06
1.0968418e-08
2.5290755e-06
1.116016e-08
2.5222812e-06
1.1344572e-08
2.5155364e-06
1.1528632e-08
2.5088739e-06
1.1715161e-08
2.5023346e-06
1.1900449e-08
2.4959667e-06
1.2067721e-08
2.4898423e-06
1.2159981e-08
2.484034e-06
1.2158955e-08
2.4785317e-06
1.2186328e-08
2.4733156e-06
1.2240316e-08
2.4683804e-06
1.2324049e-08
2.4637436e-06
1.2416288e-08
2.4593807e-06
1.2508682e-08
2.455301e-06
1.2600841e-08
2.451538e-06
1.2700776e-08
2.4480815e-06
1.2795668e-08
2.4449558e-06
1.2866984e-08
2.4421991e-06
1.2875307e-08
2.4397795e-06
1.2794912e-08
2.4376421e-06
1.2706062e-08
2.4357328e-06
1.2636012e-08
2.4340461e-06
1.2516018e-08
2.4325426e-06
1.2343528e-08
2.4312107e-06
1.2150395e-08
2.429969e-06
1.1932523e-08
2.4288014e-06
1.1709577e-08
2.427698e-06
1.1487971e-08
2.4266961e-06
1.1211115e-08
2.426108e-06
1.05471e-08
2.4259821e-06
9.7267923e-09
2.4259338e-06
9.2505807e-09
2.4258769e-06
8.822167e-09
2.4257538e-06
8.3611922e-09
2.4256138e-06
7.8068774e-09
2.4254607e-06
7.2018675e-09
2.4253144e-06
6.5605956e-09
2.425079e-06
6.0012293e-09
2.4241291e-06
5.6248495e-09
2.4225267e-06
4.8400888e-09
2.4201887e-06
4.3125268e-09
2.4176264e-06
3.3873127e-09
2.4147456e-06
2.4394855e-09
2.4113854e-06
1.5403088e-09
2.4074236e-06
6.1530336e-10
2.4026125e-06
-1.3072876e-10
2.3970001e-06
-7.21458e-10
2.3918306e-06
-2.2832691e-09
2.3868595e-06
-4.2049728e-09
2.3806278e-06
-4.8828905e-09
2.3733869e-06
-5.9242309e-09
2.3653498e-06
-7.1269244e-09
2.3565916e-06
-8.4581995e-09
2.347383e-06
-9.9315329e-09
2.3375375e-06
-1.1140314e-08
2.326421e-06
-1.1468397e-08
2.3129919e-06
-1.2456574e-08
2.2992362e-06
-1.3489574e-08
2.2849557e-06
-1.4604638e-08
2.2702846e-06
-1.5831342e-08
2.2551705e-06
-1.695397e-08
2.2396257e-06
-1.7944128e-08
2.2236879e-06
-1.8758991e-08
2.207795e-06
-1.9511732e-08
2.1917549e-06
-2.0262478e-08
2.175626e-06
-2.0793729e-08
2.1593009e-06
-2.116697e-08
2.1427596e-06
-2.1458781e-08
2.126065e-06
-2.1680289e-08
2.1092433e-06
-2.1840309e-08
2.0923184e-06
-2.19817e-08
2.075352e-06
-2.2124579e-08
2.0583831e-06
-2.2236819e-08
2.0414006e-06
-2.2308396e-08
2.0244761e-06
-2.2303031e-08
2.0076564e-06
-2.2254087e-08
1.9909697e-06
-2.214214e-08
1.9744163e-06
-2.1947309e-08
1.9579926e-06
-2.1669595e-08
1.941696e-06
-2.130195e-08
1.9255221e-06
-2.0836114e-08
1.9094622e-06
-2.0268226e-08
1.8935073e-06
-1.9598564e-08
1.8776494e-06
-1.8831757e-08
1.8618831e-06
-1.7970126e-08
1.8462079e-06
-1.7018307e-08
1.830627e-06
-1.5978168e-08
1.815141e-06
-1.4851584e-08
1.799746e-06
-1.3638284e-08
1.7844374e-06
-1.2339751e-08
1.769213e-06
-1.0959363e-08
1.7540723e-06
-9.5024766e-09
1.7390138e-06
-7.9744096e-09
1.7240353e-06
-6.3812364e-09
1.7091314e-06
-4.7341073e-09
1.6942917e-06
-3.0305691e-09
1.6795213e-06
-1.2840653e-09
1.6648346e-06
4.986016e-10
1.650239e-06
2.309573e-09
1.6357388e-06
4.1396295e-09
1.6213402e-06
5.9799783e-09
1.6070463e-06
7.8227638e-09
1.5928616e-06
9.6603974e-09
1.5787907e-06
1.1485247e-08
1.5648382e-06
1.3289345e-08
1.551007e-06
1.5064454e-08
1.5372985e-06
1.6803865e-08
1.5237206e-06
1.8502409e-08
1.510296e-06
2.015341e-08
1.4970412e-06
2.1753965e-08
1.4839567e-06
2.3309392e-08
1.4710419e-06
2.4817485e-08
1.4583008e-06
2.6272135e-08
1.4457406e-06
2.7667916e-08
1.4333691e-06
2.900218e-08
1.4211943e-06
3.0272977e-08
1.4092231e-06
3.1478396e-08
1.3974589e-06
3.2619392e-08
1.3859002e-06
3.3700591e-08
1.3745469e-06
3.4725215e-08
1.3634072e-06
3.5694156e-08
1.3524929e-06
3.6607963e-08
1.3418121e-06
3.746641e-08
1.3313655e-06
3.8267403e-08
1.3211496e-06
3.9009753e-08
1.3111603e-06
3.9696247e-08
1.301398e-06
4.0333077e-08
1.2918672e-06
4.0927354e-08
1.282566e-06
4.1483875e-08
1.2734894e-06
4.2008804e-08
1.2646346e-06
4.2512456e-08
1.2560007e-06
4.3004726e-08
1.2475853e-06
4.3485464e-08
1.2393963e-06
4.3951658e-08
1.231454e-06
4.4403894e-08
1.2237711e-06
4.4843191e-08
1.2163297e-06
4.5260054e-08
1.2090996e-06
4.5640969e-08
1.2020765e-06
4.599893e-08
1.1952795e-06
4.6358843e-08
1.1887091e-06
4.6700041e-08
1.1823607e-06
4.6994366e-08
1.1762344e-06
4.7248616e-08
1.1703287e-06
4.7479724e-08
1.1646491e-06
4.7699045e-08
1.1592107e-06
4.7905065e-08
1.1540392e-06
4.8093285e-08
1.1491365e-06
4.8247287e-08
1.1444985e-06
4.8345621e-08
1.140156e-06
4.8402996e-08
1.1361403e-06
4.841338e-08
1.1324516e-06
4.8339696e-08
1.129089e-06
4.8113089e-08
1.1260777e-06
4.7728096e-08
1.1234457e-06
4.7192571e-08
1.1211645e-06
4.6471992e-08
1.1191841e-06
4.553539e-08
1.1174827e-06
4.4383424e-08
1.1160523e-06
4.3057823e-08
1.1148792e-06
4.1586647e-08
1.1139826e-06
4.0002743e-08
1.1133805e-06
3.8412502e-08
1.1130869e-06
3.6833075e-08
1.1131278e-06
3.5287592e-08
1.1135525e-06
3.3849472e-08
1.1141489e-06
3.2588381e-08
1.1149055e-06
3.1418933e-08
1.115859e-06
3.0291376e-08
1.1172561e-06
2.9132898e-08
1.1190721e-06
2.8068885e-08
1.1212733e-06
2.6980356e-08
1.1237171e-06
2.5985499e-08
1.1263481e-06
2.5045698e-08
1.1291859e-06
2.4157127e-08
1.1324191e-06
2.3068473e-08
1.1360163e-06
2.2007701e-08
1.1399528e-06
2.0927517e-08
1.1442914e-06
1.9874039e-08
1.1490173e-06
1.8817824e-08
1.1541314e-06
1.7727091e-08
1.1597071e-06
1.6629482e-08
1.1657437e-06
1.5520536e-08
1.1722782e-06
1.4375074e-08
1.1793689e-06
1.3190069e-08
1.1870662e-06
1.1964891e-08
1.1954037e-06
1.0687172e-08
1.2044349e-06
9.3520676e-09
1.2142038e-06
7.9578752e-09
1.224747e-06
6.5035648e-09
1.2361037e-06
4.9869895e-09
1.2483056e-06
3.4122269e-09
1.2613712e-06
1.7762671e-09
1.2753167e-06
8.0733642e-11
1.2901473e-06
-1.6744499e-09
1.305844e-06
-3.4785086e-09
1.3223854e-06
-5.3415117e-09
1.3397323e-06
-7.2505224e-09
1.3578155e-06
-9.2009018e-09
1.3765623e-06
-1.1192728e-08
1.3958754e-06
-1.3220491e-08
1.4156381e-06
-1.5277853e-08
1.4357173e-06
-1.7360904e-08
1.4559601e-06
-1.9460494e-08
1.4761965e-06
-2.1571993e-08
1.496246e-06
-2.3692601e-08
1.515914e-06
-2.5807548e-08
1.5350055e-06
-2.7923735e-08
1.5533158e-06
-3.0015948e-08
1.5706422e-06
-3.2083931e-08
1.5867997e-06
-3.4135856e-08
1.6015908e-06
-3.6121778e-08
1.6148702e-06
-3.809417e-08
1.6264856e-06
-3.999716e-08
1.6363447e-06
-4.1896611e-08
1.6443542e-06
-4.3744162e-08
1.6504846e-06
-4.5429658e-08
1.6548007e-06
-4.7162644e-08
1.6565505e-06
-4.8667168e-08
1.6566236e-06
-5.0197127e-08
1.655603e-06
-5.1692942e-08
1.6531656e-06
-5.3023336e-08
1.6488139e-06
-5.4185638e-08
1.6427095e-06
-5.525355e-08
1.6352571e-06
-5.6190166e-08
1.6266212e-06
-5.6975282e-08
1.6169576e-06
-5.7695397e-08
1.6064549e-06
-5.8325325e-08
1.595099e-06
-5.8768634e-08
1.5832275e-06
-5.920594e-08
1.571362e-06
-5.9670481e-08
1.5591442e-06
-5.9534593e-08
1.5464143e-06
-5.9234824e-08
1.5337171e-06
-5.8997473e-08
1.5207031e-06
-5.841906e-08
1.507325e-06
-5.7520896e-08
1.4942199e-06
-5.6742049e-08
1.4813927e-06
-5.5841331e-08
1.4687571e-06
-5.4706034e-08
1.4564672e-06
-5.3521537e-08
1.4445115e-06
-5.2168175e-08
1.432924e-06
-5.0687153e-08
1.4217242e-06
-4.9042468e-08
1.4109412e-06
-4.731057e-08
1.400569e-06
-4.5408709e-08
1.3906409e-06
-4.3459639e-08
1.3811148e-06
-4.1289761e-08
1.3720279e-06
-3.9111458e-08
1.3633271e-06
-3.6650724e-08
1.3550619e-06
-3.4251579e-08
1.3471412e-06
-3.150908e-08
1.3396113e-06
-2.8926858e-08
1.3323553e-06
-2.5937265e-08
1.3255185e-06
-2.2959397e-08
1.3187916e-06
-1.9572766e-08
-1.527191e-08
5.7242769e-06
9.7263515e-08
5.8409749e-06
1.3762133e-07
5.9104778e-06
1.5156424e-07
5.9345081e-06
1.5786441e-07
5.94601e-06
1.5032446e-07
5.9491098e-06
1.4033395e-07
5.9457801e-06
1.29985e-07
5.9362679e-06
1.1987362e-07
5.9239818e-06
1.0839307e-07
5.9097231e-06
9.9815383e-08
5.8871669e-06
9.7109324e-08
5.8599724e-06
9.1324951e-08
5.8296045e-06
8.5277106e-08
5.7968399e-06
7.9793085e-08
5.7617918e-06
7.4971929e-08
5.7249503e-06
7.0420145e-08
5.6866666e-06
6.6276086e-08
5.6469775e-06
6.2387111e-08
5.6064432e-06
5.8768027e-08
5.5643549e-06
5.5795292e-08
5.5223725e-06
5.2371285e-08
5.4806638e-06
4.8901802e-08
5.43924e-06
4.5735196e-08
5.3981121e-06
4.2785702e-08
5.3573454e-06
3.9993623e-08
5.3170198e-06
3.7345307e-08
5.2772269e-06
3.4833988e-08
5.2380335e-06
3.2445604e-08
5.1994923e-06
3.0196007e-08
5.1616591e-06
2.8056594e-08
5.1245781e-06
2.601557e-08
5.0883198e-06
2.4050098e-08
5.0528988e-06
2.2185926e-08
5.0183898e-06
2.0362488e-08
4.9847458e-06
1.8673345e-08
4.951925e-06
1.7089157e-08
4.9199148e-06
1.559062e-08
4.888702e-06
1.4163181e-08
4.8582824e-06
1.2806616e-08
4.8286442e-06
1.1508731e-08
4.7997759e-06
1.0282798e-08
4.7716739e-06
9.0944852e-09
4.7443033e-06
7.996054e-09
4.7177004e-06
6.8878383e-09
4.6917782e-06
5.9115783e-09
4.6666053e-06
4.8988493e-09
4.6420539e-06
4.0123438e-09
4.6182283e-06
3.0848191e-09
4.595008e-06
2.2544433e-09
4.5723123e-06
1.5295116e-09
4.5501596e-06
8.1233376e-10
4.5285631e-06
1.0346657e-10
4.5075197e-06
-5.7739236e-10
4.4870222e-06
-1.2302048e-09
4.46706e-06
-1.865307e-09
4.4476132e-06
-2.4597715e-09
4.4286636e-06
-3.0351472e-09
4.4102016e-06
-3.5800216e-09
4.3921897e-06
-4.0933532e-09
4.3746412e-06
-4.5975237e-09
4.3574883e-06
-5.0437592e-09
4.3407753e-06
-5.5178573e-09
4.3243994e-06
-5.8912759e-09
4.308427e-06
-6.3409629e-09
4.292817e-06
-6.6948078e-09
4.277611e-06
-7.1479227e-09
4.2627661e-06
-7.4931923e-09
4.2483038e-06
-7.8777997e-09
4.2341889e-06
-8.2098355e-09
4.2204047e-06
-8.5281564e-09
4.2069299e-06
-8.8246623e-09
4.193751e-06
-9.1044989e-09
4.1808554e-06
-9.3724761e-09
4.1682332e-06
-9.6261812e-09
4.1558755e-06
-9.8719544e-09
4.1437733e-06
-1.0103797e-08
4.1319227e-06
-1.0332475e-08
4.1203112e-06
-1.0544182e-08
4.1089426e-06
-1.0759098e-08
4.0977978e-06
-1.0952979e-08
4.0868907e-06
-1.1156837e-08
4.0761979e-06
-1.1340522e-08
4.0657365e-06
-1.1530704e-08
4.0554893e-06
-1.1718007e-08
4.0454522e-06
-1.1876558e-08
4.0356071e-06
-1.2052563e-08
4.0259293e-06
-1.2184212e-08
4.016421e-06
-1.231885e-08
4.0070759e-06
-1.24415e-08
3.9978937e-06
-1.2565049e-08
3.9888721e-06
-1.2684469e-08
3.9800107e-06
-1.2802358e-08
3.9713084e-06
-1.2915966e-08
3.9627631e-06
-1.3027264e-08
3.9543719e-06
-1.3133473e-08
3.9461311e-06
-1.323669e-08
3.9380379e-06
-1.333524e-08
3.9300866e-06
-1.3429692e-08
3.9222761e-06
-1.3521088e-08
3.9145985e-06
-1.360646e-08
3.9070541e-06
-1.3691267e-08
3.8996334e-06
-1.3767381e-08
3.8923371e-06
-1.3846457e-08
3.885154e-06
-1.3912277e-08
3.8780904e-06
-1.398887e-08
3.8711237e-06
-1.4042476e-08
3.8642892e-06
-1.4126461e-08
3.8575768e-06
-1.4194067e-08
3.8509751e-06
-1.4259198e-08
3.8444802e-06
-1.4316581e-08
3.8380959e-06
-1.4375218e-08
3.831818e-06
-1.4429583e-08
3.8256417e-06
-1.4479699e-08
3.8195629e-06
-1.4526042e-08
3.8135781e-06
-1.4569587e-08
3.8076842e-06
-1.4610001e-08
3.8018789e-06
-1.4648378e-08
3.7961592e-06
-1.4684192e-08
3.7905239e-06
-1.4718716e-08
3.78497e-06
-1.4750448e-08
3.7794973e-06
-1.478179e-08
3.7741025e-06
-1.481046e-08
3.7687862e-06
-1.4839223e-08
3.7635451e-06
-1.4865422e-08
3.7583809e-06
-1.4892119e-08
3.7532904e-06
-1.4917532e-08
3.7482745e-06
-1.4942397e-08
3.7433328e-06
-1.4967923e-08
3.7384617e-06
-1.4989423e-08
3.7336645e-06
-1.5015195e-08
3.7289283e-06
-1.5029087e-08
3.7242563e-06
-1.5044456e-08
3.7196422e-06
-1.506107e-08
3.7150863e-06
-1.5073266e-08
3.7105885e-06
-1.5083522e-08
3.7061485e-06
-1.5093612e-08
3.7017649e-06
-1.5103424e-08
3.6974369e-06
-1.5112803e-08
3.6931636e-06
-1.5121563e-08
3.6889445e-06
-1.5129948e-08
3.6847794e-06
-1.5137733e-08
3.6806675e-06
-1.5145006e-08
3.6766082e-06
-1.515151e-08
3.6726007e-06
-1.515751e-08
3.6686443e-06
-1.516257e-08
3.6647378e-06
-1.5166859e-08
3.6608808e-06
-1.5170513e-08
3.657072e-06
-1.5173113e-08
3.6533104e-06
-1.5175424e-08
3.6495953e-06
-1.5176245e-08
3.6459255e-06
-1.5177041e-08
3.6423e-06
-1.5176158e-08
3.6387176e-06
-1.5175484e-08
3.6351783e-06
-1.517351e-08
3.6316799e-06
-1.5171108e-08
3.6282252e-06
-1.5169762e-08
3.624809e-06
-1.5165463e-08
3.621441e-06
-1.5166533e-08
3.6181146e-06
-1.5163284e-08
3.6148261e-06
-1.5157962e-08
3.611575e-06
-1.5151841e-08
3.6083619e-06
-1.5145811e-08
3.6051869e-06
-1.5139863e-08
3.6020485e-06
-1.5133319e-08
3.5989461e-06
-1.5125811e-08
3.5958778e-06
-1.5117679e-08
3.5928434e-06
-1.5108845e-08
3.5898415e-06
-1.5099599e-08
3.5868712e-06
-1.5089948e-08
3.5839318e-06
-1.5079735e-08
3.5810227e-06
-1.5069223e-08
3.5781431e-06
-1.505831e-08
3.5752924e-06
-1.5047044e-08
3.5724703e-06
-1.5035541e-08
3.5696759e-06
-1.5023556e-08
3.566909e-06
-1.5011446e-08
3.5641691e-06
-1.4998824e-08
3.5614563e-06
-1.4986286e-08
3.5587694e-06
-1.4973077e-08
3.556109e-06
-1.4959985e-08
3.5534737e-06
-1.4945736e-08
3.550864e-06
-1.4931999e-08
3.5482778e-06
-1.4916179e-08
3.5457167e-06
-1.4901778e-08
3.5431771e-06
-1.4883777e-08
3.5406599e-06
-1.486597e-08
3.538164e-06
-1.4848653e-08
3.5356898e-06
-1.4831061e-08
3.5332371e-06
-1.4812665e-08
3.5308061e-06
-1.4793581e-08
3.5283967e-06
-1.4773862e-08
3.5260087e-06
-1.4753656e-08
3.5236418e-06
-1.4732989e-08
3.5212957e-06
-1.4711807e-08
3.5189702e-06
-1.4690309e-08
3.5166651e-06
-1.4668414e-08
3.5143802e-06
-1.4646045e-08
3.5121153e-06
-1.4623492e-08
3.5098701e-06
-1.4600459e-08
3.5076445e-06
-1.4577195e-08
3.5054381e-06
-1.4553659e-08
3.5032511e-06
-1.4529975e-08
3.5010827e-06
-1.4506093e-08
3.4989328e-06
-1.4482185e-08
3.4968013e-06
-1.4457992e-08
3.4946874e-06
-1.4433996e-08
3.4925907e-06
-1.4409383e-08
3.4905122e-06
-1.4385722e-08
3.4884491e-06
-1.4361635e-08
3.4864012e-06
-1.4336445e-08
3.4843683e-06
-1.4313239e-08
3.4823531e-06
-1.4288102e-08
3.4803576e-06
-1.4263579e-08
3.4783731e-06
-1.4245281e-08
3.4763942e-06
-1.4223098e-08
3.4744276e-06
-1.4195395e-08
3.4724809e-06
-1.4171752e-08
3.4705492e-06
-1.415151e-08
3.4686321e-06
-1.4125846e-08
3.4667374e-06
-1.4104145e-08
3.4648544e-06
-1.4091947e-08
3.4629718e-06
-1.4078549e-08
3.4610984e-06
-1.4064518e-08
3.4592356e-06
-1.4051893e-08
3.4573783e-06
-1.403601e-08
3.4555279e-06
-1.402108e-08
3.4536833e-06
-1.4001548e-08
3.4518469e-06
-1.3977736e-08
3.4500162e-06
-1.3954263e-08
3.4481955e-06
-1.3924205e-08
3.4464073e-06
-1.3895345e-08
3.444643e-06
-1.3874146e-08
3.4428945e-06
-1.3850527e-08
3.4411818e-06
-1.3830912e-08
3.4394981e-06
-1.3824194e-08
3.4378227e-06
-1.3822955e-08
3.4361578e-06
-1.3822994e-08
3.4345034e-06
-1.3824867e-08
3.4328446e-06
-1.3828125e-08
3.4311775e-06
-1.3829672e-08
3.4295028e-06
-1.3824232e-08
3.4278178e-06
-1.381479e-08
3.4261261e-06
-1.3803116e-08
3.4244346e-06
-1.3784344e-08
3.4227439e-06
-1.3758939e-08
3.421058e-06
-1.3735409e-08
3.419383e-06
-1.370861e-08
3.4177199e-06
-1.3678171e-08
3.4160731e-06
-1.3652023e-08
3.4144501e-06
-1.3627757e-08
3.412852e-06
-1.3604468e-08
3.4112813e-06
-1.3583239e-08
3.4097395e-06
-1.3566845e-08
3.4082229e-06
-1.3556841e-08
3.4067261e-06
-1.3548373e-08
3.4052354e-06
-1.3540653e-08
3.403738e-06
-1.3535287e-08
3.4022251e-06
-1.3528304e-08
3.4006868e-06
-1.3517179e-08
3.3991182e-06
-1.3506158e-08
3.397519e-06
-1.349005e-08
3.395884e-06
-1.3469567e-08
3.3942163e-06
-1.3446191e-08
3.3925229e-06
-1.3416696e-08
3.3908023e-06
-1.3382621e-08
3.3890617e-06
-1.3346519e-08
3.3873081e-06
-1.3305555e-08
3.3855398e-06
-1.3261948e-08
3.3837635e-06
-1.3217392e-08
3.3819877e-06
-1.3169591e-08
3.3802126e-06
-1.3121107e-08
3.3784458e-06
-1.3073378e-08
3.376696e-06
-1.3025068e-08
3.3749637e-06
-1.2976397e-08
3.3732555e-06
-1.2929772e-08
3.371577e-06
-1.2883836e-08
3.3699242e-06
-1.2839099e-08
3.3682958e-06
-1.279873e-08
3.3666909e-06
-1.2758572e-08
3.3651006e-06
-1.2719392e-08
3.363522e-06
-1.2685733e-08
3.3619554e-06
-1.2650684e-08
3.3603927e-06
-1.2619854e-08
3.3588364e-06
-1.2593494e-08
3.3572895e-06
-1.2567628e-08
3.3557507e-06
-1.2545977e-08
3.3542316e-06
-1.2526272e-08
3.3527378e-06
-1.2510749e-08
3.3512718e-06
-1.2499713e-08
3.3498506e-06
-1.2486937e-08
3.3484871e-06
-1.2476641e-08
3.347187e-06
-1.2468693e-08
3.3459624e-06
-1.2460518e-08
3.3448256e-06
-1.2456539e-08
3.3437882e-06
-1.245633e-08
3.3428554e-06
-1.2461908e-08
3.342031e-06
-1.2474222e-08
3.3413092e-06
-1.2494514e-08
3.3406854e-06
-1.2522142e-08
3.3401536e-06
-1.2561309e-08
3.339703e-06
-1.2602997e-08
3.3393288e-06
-1.2653601e-08
3.3390067e-06
-1.2714617e-08
3.3387187e-06
-1.277639e-08
3.3384492e-06
-1.2838084e-08
3.3381857e-06
-1.2896781e-08
3.3379171e-06
-1.2954142e-08
3.3376264e-06
-1.3013103e-08
3.3373025e-06
-1.3066092e-08
3.3369408e-06
-1.3110431e-08
3.3365343e-06
-1.31503e-08
3.3360717e-06
-1.3181392e-08
3.3355458e-06
-1.3206548e-08
3.3349401e-06
-1.3231432e-08
3.3342361e-06
-1.3246269e-08
3.3334325e-06
-1.3253035e-08
3.3325078e-06
-1.325594e-08
3.3314485e-06
-1.3250794e-08
3.3302417e-06
-1.3232843e-08
3.3288811e-06
-1.3211126e-08
3.3273661e-06
-1.3174859e-08
3.3256917e-06
-1.3133197e-08
3.3238585e-06
-1.3085594e-08
3.3218631e-06
-1.3030963e-08
3.3197136e-06
-1.2962981e-08
3.3174146e-06
-1.2888234e-08
3.3149786e-06
-1.2801467e-08
3.3124221e-06
-1.2701706e-08
3.3097602e-06
-1.2597042e-08
3.3070071e-06
-1.2487793e-08
3.3041808e-06
-1.2372446e-08
3.3012983e-06
-1.2257009e-08
3.298379e-06
-1.2144519e-08
3.295443e-06
-1.2032328e-08
3.2925092e-06
-1.1919571e-08
3.2896071e-06
-1.1805376e-08
3.2867748e-06
-1.1693051e-08
3.284044e-06
-1.1585729e-08
3.2814475e-06
-1.1483872e-08
3.2790163e-06
-1.1395907e-08
3.2767825e-06
-1.1319317e-08
3.2747685e-06
-1.1261346e-08
3.2729863e-06
-1.1226677e-08
3.2714422e-06
-1.1209001e-08
3.2701383e-06
-1.1209123e-08
3.2690724e-06
-1.1232268e-08
3.2682365e-06
-1.1268091e-08
3.267626e-06
-1.1322829e-08
3.2672209e-06
-1.1395694e-08
3.2670129e-06
-1.1483743e-08
3.2669678e-06
-1.1571049e-08
3.2670608e-06
-1.1673841e-08
3.2672676e-06
-1.1789579e-08
3.2675439e-06
-1.1903633e-08
3.2678434e-06
-1.201286e-08
3.268127e-06
-1.211545e-08
3.2683544e-06
-1.2208749e-08
3.2684606e-06
-1.2285644e-08
3.2684381e-06
-1.2364014e-08
3.2682083e-06
-1.2402055e-08
3.2677588e-06
-1.2434691e-08
3.2670578e-06
-1.2436096e-08
3.2660982e-06
-1.2420871e-08
3.2648547e-06
-1.2394064e-08
3.2633438e-06
-1.234967e-08
3.2615432e-06
-1.230979e-08
3.2594432e-06
-1.2261431e-08
3.2570314e-06
-1.2202975e-08
3.2543116e-06
-1.2132271e-08
3.251284e-06
-1.204768e-08
3.2479545e-06
-1.1948878e-08
3.2443383e-06
-1.1828007e-08
3.2404773e-06
-1.1679161e-08
3.2364202e-06
-1.1507777e-08
3.2322104e-06
-1.1323662e-08
3.2279077e-06
-1.1119219e-08
3.2235659e-06
-1.0911438e-08
3.219227e-06
-1.070631e-08
3.2149355e-06
-1.0504259e-08
3.2107321e-06
-1.0311751e-08
3.206646e-06
-1.0136258e-08
3.2026932e-06
-9.9828221e-09
3.1988837e-06
-9.8508752e-09
3.1952294e-06
-9.7384141e-09
3.1917405e-06
-9.6484025e-09
3.188427e-06
-9.5792889e-09
3.1852925e-06
-9.5297406e-09
3.1823371e-06
-9.5015045e-09
3.1795667e-06
-9.4853516e-09
3.1769743e-06
-9.4846411e-09
3.1745454e-06
-9.4956789e-09
3.1722738e-06
-9.5109645e-09
3.1701404e-06
-9.5364006e-09
3.1681208e-06
-9.5648276e-09
3.1661948e-06
-9.5893045e-09
3.16434e-06
-9.6098627e-09
3.1625347e-06
-9.6277089e-09
3.1607543e-06
-9.6376902e-09
3.1589678e-06
-9.644781e-09
3.1571392e-06
-9.6508095e-09
3.155242e-06
-9.6490256e-09
3.1532455e-06
-9.6339892e-09
3.1511187e-06
-9.608732e-09
3.1488568e-06
-9.5601687e-09
3.146458e-06
-9.4964321e-09
3.1439174e-06
-9.4188985e-09
3.1412367e-06
-9.329582e-09
3.1384222e-06
-9.2368451e-09
3.1354708e-06
-9.1390184e-09
3.1323675e-06
-9.043811e-09
3.129099e-06
-8.9451841e-09
3.1256475e-06
-8.8336352e-09
3.1219927e-06
-8.709625e-09
3.11813e-06
-8.5627812e-09
3.1140636e-06
-8.3883904e-09
3.1098077e-06
-8.1847884e-09
3.1053912e-06
-7.9566429e-09
3.1008303e-06
-7.7077762e-09
3.0961378e-06
-7.4388185e-09
3.0913475e-06
-7.1547199e-09
3.0864758e-06
-6.8633739e-09
3.0815169e-06
-6.5668679e-09
3.0764815e-06
-6.2657581e-09
3.0713646e-06
-5.9679635e-09
3.066135e-06
-5.6687441e-09
3.0607714e-06
-5.3732854e-09
3.0552467e-06
-5.07417e-09
3.049501e-06
-4.7605844e-09
3.043492e-06
-4.4310124e-09
3.037207e-06
-4.0834314e-09
3.0306274e-06
-3.7114591e-09
3.0237378e-06
-3.3107712e-09
3.016534e-06
-2.8829557e-09
3.0090197e-06
-2.4285458e-09
3.0012057e-06
-1.9506636e-09
2.9931018e-06
-1.4485213e-09
2.9847119e-06
-9.2183061e-10
2.9760464e-06
-3.7480019e-10
2.9671234e-06
1.8471935e-10
2.9579606e-06
7.5253492e-10
2.9485729e-06
1.3280426e-09
2.9389778e-06
1.9130617e-09
2.9292019e-06
2.5048315e-09
2.9192817e-06
3.0967513e-09
2.9092625e-06
3.6820604e-09
2.8991875e-06
4.2568731e-09
2.8890919e-06
4.8316622e-09
2.8790061e-06
5.4055231e-09
2.8689602e-06
5.9836434e-09
2.858984e-06
6.5606307e-09
2.8490953e-06
7.1346342e-09
2.8393169e-06
7.6900832e-09
2.8296736e-06
8.2187972e-09
2.8201687e-06
8.6881151e-09
2.8107809e-06
9.16818e-09
2.8014927e-06
9.6411132e-09
2.7922899e-06
1.0082285e-08
2.7831468e-06
1.050328e-08
2.7740407e-06
1.090374e-08
2.7649484e-06
1.130088e-08
2.7558641e-06
1.1674684e-08
2.7468108e-06
1.1976106e-08
2.7378375e-06
1.2168455e-08
2.72892e-06
1.2381651e-08
2.7200515e-06
1.2611783e-08
2.7112354e-06
1.2854377e-08
2.7024865e-06
1.3097171e-08
2.69383e-06
1.3333461e-08
2.685293e-06
1.3570773e-08
2.6769066e-06
1.3812063e-08
2.6687017e-06
1.4062326e-08
2.6607301e-06
1.4292033e-08
2.6530154e-06
1.4464142e-08
2.6455649e-06
1.4539436e-08
2.638332e-06
1.4676433e-08
2.6313038e-06
1.4840503e-08
2.6244868e-06
1.5018883e-08
2.6178911e-06
1.5187562e-08
2.6115124e-06
1.5352756e-08
2.6053409e-06
1.5519847e-08
2.5993604e-06
1.5708429e-08
2.5935569e-06
1.5912221e-08
2.5879042e-06
1.6140273e-08
2.5824354e-06
1.6301858e-08
2.5775222e-06
1.5977707e-08
2.5731211e-06
1.5611241e-08
2.5688841e-06
1.556403e-08
2.5647158e-06
1.5523451e-08
2.560582e-06
1.543088e-08
2.5564781e-06
1.5290937e-08
2.5524096e-06
1.5088717e-08
2.5484073e-06
1.4825047e-08
2.5445397e-06
1.4471076e-08
2.540608e-06
1.4245628e-08
2.535905e-06
1.4330082e-08
2.5309653e-06
1.3633297e-08
2.5255841e-06
1.3412822e-08
2.5199797e-06
1.2968363e-08
2.5141408e-06
1.2455402e-08
2.5079525e-06
1.1915146e-08
2.5013105e-06
1.137264e-08
2.4940112e-06
1.0948833e-08
2.4860971e-06
1.0536479e-08
2.4772072e-06
1.0703792e-08
2.4702823e-06
7.42601e-09
2.4626759e-06
6.9604558e-09
2.4540644e-06
6.3760064e-09
2.444584e-06
5.5974456e-09
2.43445e-06
4.6174469e-09
2.423729e-06
3.5106598e-09
2.4127083e-06
2.2765514e-09
2.4013068e-06
1.2771841e-09
2.3877836e-06
1.0525079e-09
2.3723439e-06
2.5768276e-10
2.3565986e-06
-8.4273921e-10
2.34037e-06
-2.0926647e-09
2.3236901e-06
-3.510773e-09
2.3064682e-06
-4.9415867e-09
2.2885866e-06
-6.3628023e-09
2.2702454e-06
-7.6720283e-09
2.2523549e-06
-8.9568459e-09
2.2342838e-06
-1.0217663e-08
2.2158873e-06
-1.1332599e-08
2.1970544e-06
-1.2387357e-08
2.1778057e-06
-1.3527878e-08
2.1583061e-06
-1.4639826e-08
2.1386992e-06
-1.5679662e-08
2.119088e-06
-1.6580048e-08
2.0994323e-06
-1.7324378e-08
2.0797631e-06
-1.8046527e-08
2.0602514e-06
-1.8674434e-08
2.0409829e-06
-1.9190773e-08
2.0219727e-06
-1.9611222e-08
2.0032084e-06
-1.992995e-08
1.9846429e-06
-2.0132132e-08
1.9662631e-06
-2.0300614e-08
1.9481275e-06
-2.0522246e-08
1.9302862e-06
-2.0749851e-08
1.91272e-06
-2.0902895e-08
1.895429e-06
-2.0968554e-08
1.8784069e-06
-2.0975933e-08
1.8616448e-06
-2.0906077e-08
1.8451413e-06
-2.0750356e-08
1.8289105e-06
-2.0527436e-08
1.8129442e-06
-2.0212158e-08
1.7972295e-06
-1.9795686e-08
1.7817473e-06
-1.9271248e-08
1.7664793e-06
-1.8640838e-08
1.7514101e-06
-1.7912754e-08
1.7365268e-06
-1.7091632e-08
1.7218173e-06
-1.6182345e-08
1.7072715e-06
-1.5188015e-08
1.6928809e-06
-1.4111281e-08
1.6786385e-06
-1.2952538e-08
1.6645391e-06
-1.1714826e-08
1.6505752e-06
-1.0398206e-08
1.6367389e-06
-9.007445e-09
1.6230247e-06
-7.5488726e-09
1.6094268e-06
-6.0274936e-09
1.5959389e-06
-4.4522346e-09
1.5825648e-06
-2.8293416e-09
1.5693073e-06
-1.1693522e-09
1.5561658e-06
5.2559246e-10
1.5431385e-06
2.2482891e-09
1.5302226e-06
3.9924535e-09
1.5174188e-06
5.7472063e-09
1.5047299e-06
7.5048141e-09
1.4921597e-06
9.2577954e-09
1.4797117e-06
1.0999822e-08
1.4673888e-06
1.2724398e-08
1.4551927e-06
1.4425146e-08
1.4431253e-06
1.6095731e-08
1.4311899e-06
1.7730375e-08
1.4193887e-06
1.9324041e-08
1.4077252e-06
2.0873085e-08
1.3962104e-06
2.2375774e-08
1.3848566e-06
2.3828661e-08
1.3736724e-06
2.5229025e-08
1.3626629e-06
2.6574407e-08
1.3518329e-06
2.7862629e-08
1.3411866e-06
2.9091416e-08
1.3307271e-06
3.0259716e-08
1.3204575e-06
3.1367889e-08
1.3103839e-06
3.2417536e-08
1.3005129e-06
3.3410317e-08
1.2908502e-06
3.4348193e-08
1.2813998e-06
3.523309e-08
1.2721643e-06
3.6065635e-08
1.2631433e-06
3.6845557e-08
1.2543346e-06
3.757295e-08
1.2457361e-06
3.8249878e-08
1.2373472e-06
3.8880595e-08
1.2291686e-06
3.9470689e-08
1.2211997e-06
4.0025679e-08
1.2134395e-06
4.0552077e-08
1.205889e-06
4.1057826e-08
1.1985534e-06
4.1548458e-08
1.1914359e-06
4.2025814e-08
1.1845359e-06
4.249039e-08
1.1778563e-06
4.2938726e-08
1.1714e-06
4.3367442e-08
1.1651655e-06
4.3769795e-08
1.1591488e-06
4.4152603e-08
1.1533534e-06
4.4519453e-08
1.147788e-06
4.4872063e-08
1.142458e-06
4.5200471e-08
1.1373526e-06
4.5497909e-08
1.1324623e-06
4.5771898e-08
1.1277996e-06
4.6017388e-08
1.1233802e-06
4.6243833e-08
1.1192136e-06
4.6457173e-08
1.1153254e-06
4.6638313e-08
1.1117255e-06
4.6788628e-08
1.1084377e-06
4.6873665e-08
1.1054759e-06
4.6920221e-08
1.1028682e-06
4.6910213e-08
1.1006344e-06
4.6816154e-08
1.0987562e-06
4.6607441e-08
1.0972844e-06
4.6207157e-08
1.0961824e-06
4.5708001e-08
1.0954531e-06
4.5034216e-08
1.0950894e-06
4.4163811e-08
1.0950788e-06
4.3083972e-08
1.0953776e-06
4.1845181e-08
1.0959985e-06
4.0461682e-08
1.0969825e-06
3.9008487e-08
1.0980968e-06
3.7597266e-08
1.0992588e-06
3.6190094e-08
1.1006216e-06
3.4816132e-08
1.1023073e-06
3.3411203e-08
1.1044032e-06
3.2047151e-08
1.106955e-06
3.0712345e-08
1.1097994e-06
2.9591017e-08
1.1128632e-06
2.8522946e-08
1.1158252e-06
2.7888708e-08
1.1191751e-06
2.6747462e-08
1.1229029e-06
2.571669e-08
1.127046e-06
2.4717334e-08
1.1316291e-06
2.3767638e-08
1.1364957e-06
2.27892e-08
1.1417075e-06
2.1794312e-08
1.1472813e-06
2.0782297e-08
1.1532681e-06
1.9769062e-08
1.159687e-06
1.8761849e-08
1.1665523e-06
1.7737412e-08
1.1739172e-06
1.6688358e-08
1.1818339e-06
1.5616082e-08
1.1903374e-06
1.4515281e-08
1.1994731e-06
1.3374417e-08
1.209291e-06
1.2188724e-08
1.2198333e-06
1.0952239e-08
1.2311457e-06
9.653415e-09
1.2432681e-06
8.2908098e-09
1.2562346e-06
6.8621762e-09
1.2700693e-06
5.3656364e-09
1.2847898e-06
3.8012882e-09
1.3003976e-06
2.1689939e-09
1.316878e-06
4.71855e-10
1.3341964e-06
-1.2861689e-09
1.3523144e-06
-3.1088923e-09
1.3711551e-06
-4.9875744e-09
1.3906309e-06
-6.918849e-09
1.4106361e-06
-8.9008632e-09
1.4310364e-06
-1.0925796e-08
1.4516802e-06
-1.2991293e-08
1.4723931e-06
-1.5086337e-08
1.4929869e-06
-1.7209372e-08
1.5132578e-06
-1.9347682e-08
1.5329926e-06
-2.1494931e-08
1.5519774e-06
-2.3651674e-08
1.5699884e-06
-2.5789169e-08
1.5868315e-06
-2.7937477e-08
1.6022992e-06
-3.0044258e-08
1.6162238e-06
-3.2127637e-08
1.6284333e-06
-3.4165422e-08
1.6387946e-06
-3.6125148e-08
1.6472276e-06
-3.810493e-08
1.6537079e-06
-3.9980076e-08
1.658225e-06
-4.1779855e-08
1.6602219e-06
-4.3462468e-08
1.6601494e-06
-4.5152043e-08
1.6592781e-06
-4.7029849e-08
1.6566524e-06
-4.857809e-08
1.6520111e-06
-4.9941873e-08
1.6455646e-06
-5.123902e-08
1.6376087e-06
-5.2474084e-08
1.6283568e-06
-5.3596414e-08
1.6179358e-06
-5.4595277e-08
1.6065168e-06
-5.5478954e-08
1.5943037e-06
-5.6265359e-08
1.5814098e-06
-5.6958045e-08
1.5679445e-06
-5.7536176e-08
1.5540313e-06
-5.7926905e-08
1.5397291e-06
-5.8254666e-08
1.5250889e-06
-5.8554086e-08
1.5104949e-06
-5.8537067e-08
1.4959949e-06
-5.8303047e-08
1.4814782e-06
-5.7917423e-08
1.4670442e-06
-5.7237031e-08
1.452893e-06
-5.6394441e-08
1.4389625e-06
-5.5567252e-08
1.4252693e-06
-5.4595183e-08
1.4119444e-06
-5.3483746e-08
1.398979e-06
-5.2283817e-08
1.3864051e-06
-5.0922359e-08
1.3742584e-06
-4.9450216e-08
1.3625516e-06
-4.7813992e-08
1.3512913e-06
-4.6091126e-08
1.3404636e-06
-4.418599e-08
1.3300738e-06
-4.2233713e-08
1.3201141e-06
-4.0050191e-08
1.3105916e-06
-3.7868764e-08
1.3014914e-06
-3.5398315e-08
1.2928124e-06
-3.300061e-08
1.2845327e-06
-3.0253064e-08
1.2766339e-06
-2.7665683e-08
1.269133e-06
-2.470843e-08
1.2620201e-06
-2.1778383e-08
1.2548525e-06
-1.8017748e-08
-1.3678496e-08
5.6538649e-06
5.8789511e-08
5.706601e-06
8.4885262e-08
5.74945e-06
1.0871559e-07
5.7900794e-06
1.1723476e-07
5.8231777e-06
1.1722606e-07
5.8481904e-06
1.1532123e-07
5.8683001e-06
1.0987533e-07
5.8834175e-06
1.047562e-07
5.8922564e-06
9.9554029e-08
5.8966103e-06
9.5461539e-08
5.9015054e-06
9.2214037e-08
5.9055092e-06
8.7320966e-08
5.9079515e-06
8.2834306e-08
5.9089019e-06
7.8842961e-08
5.9086049e-06
7.5268131e-08
5.9069243e-06
7.2100763e-08
5.904116e-06
6.9083761e-08
5.9002071e-06
6.6295603e-08
5.8959059e-06
6.30684e-08
5.8913067e-06
6.0393628e-08
5.8841697e-06
5.9507784e-08
5.8755863e-06
5.7484364e-08
5.8659827e-06
5.5337682e-08
5.8554192e-06
5.3348622e-08
5.8439225e-06
5.1488995e-08
5.8315614e-06
4.9704619e-08
5.8183918e-06
4.8002094e-08
5.8044743e-06
4.6361377e-08
5.7898534e-06
4.4815068e-08
5.7745875e-06
4.332054e-08
5.7587125e-06
4.1888188e-08
5.7422263e-06
4.0534319e-08
5.7251603e-06
3.9249167e-08
5.7074691e-06
3.8050795e-08
5.6893512e-06
3.6788148e-08
5.6709196e-06
3.5517411e-08
5.652216e-06
3.4290884e-08
5.6332828e-06
3.309265e-08
5.6141452e-06
3.1940356e-08
5.5948454e-06
3.0804319e-08
5.5753999e-06
2.9724128e-08
5.5558468e-06
2.8643025e-08
5.5362033e-06
2.7634562e-08
5.5164731e-06
2.6613462e-08
5.4966934e-06
2.5685876e-08
5.4768688e-06
2.4718199e-08
5.4570562e-06
2.3819088e-08
5.4371311e-06
2.3004187e-08
5.4175129e-06
2.1866301e-08
5.3981201e-06
2.0915478e-08
5.3788483e-06
2.0077342e-08
5.3596806e-06
1.9264469e-08
5.340607e-06
1.8488778e-08
5.3216407e-06
1.7727878e-08
5.3027835e-06
1.6984546e-08
5.284061e-06
1.6254423e-08
5.2654751e-06
1.5542102e-08
5.2470395e-06
1.4846927e-08
5.2287791e-06
1.4158085e-08
5.2106679e-06
1.3504443e-08
5.1927899e-06
1.2824452e-08
5.1750489e-06
1.221347e-08
5.1576188e-06
1.1528717e-08
5.1403364e-06
1.0930825e-08
5.1233379e-06
1.0293346e-08
5.1065083e-06
9.6707704e-09
5.0897555e-06
9.2488768e-09
5.073154e-06
8.7121466e-09
5.0567081e-06
8.2244331e-09
5.0404488e-06
7.7193745e-09
5.0243902e-06
7.2216935e-09
5.0085386e-06
6.7347301e-09
4.9928983e-06
6.2550329e-09
4.9774668e-06
5.7925851e-09
4.9622461e-06
5.3355929e-09
4.9472304e-06
4.8983009e-09
4.9324197e-06
4.4645252e-09
4.9178091e-06
4.0523185e-09
4.903392e-06
3.6433296e-09
4.8891701e-06
3.2540406e-09
4.8751226e-06
2.8755065e-09
4.8612603e-06
2.506257e-09
4.8475526e-06
2.1609408e-09
4.8340122e-06
1.805764e-09
4.8206515e-06
1.467487e-09
4.8075026e-06
1.0786652e-09
4.7945663e-06
7.3372375e-10
4.7818477e-06
3.8081227e-10
4.7693272e-06
5.9714456e-11
4.7569919e-06
-2.4994939e-10
4.7448309e-06
-5.4445026e-10
4.7328355e-06
-8.2860163e-10
4.7210006e-06
-1.1033925e-09
4.7093213e-06
-1.3710681e-09
4.6977947e-06
-1.6309767e-09
4.6864189e-06
-1.885911e-09
4.6751903e-06
-2.1324853e-09
4.6641102e-06
-2.3769053e-09
4.6531717e-06
-2.6102254e-09
4.6423827e-06
-2.846261e-09
4.6317302e-06
-3.0685881e-09
4.6212299e-06
-3.2979197e-09
4.610868e-06
-3.5161571e-09
4.6006586e-06
-3.7359262e-09
4.5906013e-06
-3.9652126e-09
4.5806792e-06
-4.1555257e-09
4.570882e-06
-4.3649e-09
4.5611915e-06
-4.5407349e-09
4.5516126e-06
-4.7181583e-09
4.5421414e-06
-4.8843476e-09
4.5327771e-06
-5.0509397e-09
4.523521e-06
-5.2143241e-09
4.5143756e-06
-5.3761782e-09
4.5053419e-06
-5.5354277e-09
4.4964209e-06
-5.6922556e-09
4.487612e-06
-5.8455067e-09
4.4789145e-06
-5.9962626e-09
4.470327e-06
-6.1426433e-09
4.4618477e-06
-6.2863306e-09
4.4534753e-06
-6.4258452e-09
4.4452071e-06
-6.5620354e-09
4.4370425e-06
-6.6947812e-09
4.4289766e-06
-6.823198e-09
4.4210104e-06
-6.9500681e-09
4.4131369e-06
-7.0700983e-09
4.4053585e-06
-7.191066e-09
4.3976664e-06
-7.303179e-09
4.3900634e-06
-7.4184792e-09
4.3825458e-06
-7.5263711e-09
4.3751125e-06
-7.6365865e-09
4.3677805e-06
-7.7527065e-09
4.360544e-06
-7.8647484e-09
4.3533931e-06
-7.9677003e-09
4.3463324e-06
-8.0706015e-09
4.339361e-06
-8.1710176e-09
4.3324751e-06
-8.2674703e-09
4.3256714e-06
-8.3602232e-09
4.318947e-06
-8.450062e-09
4.3122997e-06
-8.5368987e-09
4.3057277e-06
-8.6211549e-09
4.299229e-06
-8.7029566e-09
4.2928017e-06
-8.7828544e-09
4.2864445e-06
-8.8603924e-09
4.2801567e-06
-8.9361412e-09
4.2739366e-06
-9.0098844e-09
4.2677841e-06
-9.0823304e-09
4.2616972e-06
-9.1527323e-09
4.2556767e-06
-9.2222248e-09
4.2497204e-06
-9.2895793e-09
4.2438297e-06
-9.3565435e-09
4.2380029e-06
-9.4216595e-09
4.2322407e-06
-9.4864663e-09
4.2265426e-06
-9.5502934e-09
4.220907e-06
-9.6115658e-09
4.2153362e-06
-9.6747357e-09
4.2098193e-06
-9.7279842e-09
4.2043584e-06
-9.7805217e-09
4.1989503e-06
-9.8355168e-09
4.1935946e-06
-9.8856558e-09
4.1882911e-06
-9.9337361e-09
4.1830395e-06
-9.980929e-09
4.1778386e-06
-1.0027277e-08
4.1726872e-06
-1.0072525e-08
4.1675849e-06
-1.0116854e-08
4.1625316e-06
-1.0160429e-08
4.157527e-06
-1.020313e-08
4.1525706e-06
-1.0245049e-08
4.1476623e-06
-1.0286155e-08
4.1428012e-06
-1.0326355e-08
4.1379866e-06
-1.0365594e-08
4.1332181e-06
-1.0403886e-08
4.1284945e-06
-1.0441073e-08
4.1238157e-06
-1.0477484e-08
4.1191803e-06
-1.0512482e-08
4.1145882e-06
-1.0546953e-08
4.1100375e-06
-1.0579688e-08
4.1055288e-06
-1.0612313e-08
4.1010595e-06
-1.0642707e-08
4.0966307e-06
-1.0673221e-08
4.0922398e-06
-1.0701375e-08
4.087888e-06
-1.072986e-08
4.0835731e-06
-1.0756411e-08
4.0792972e-06
-1.0783088e-08
4.0750571e-06
-1.0807909e-08
4.0708587e-06
-1.0835203e-08
4.0666991e-06
-1.0859674e-08
4.0625748e-06
-1.0881158e-08
4.0584849e-06
-1.0901401e-08
4.0544295e-06
-1.0920923e-08
4.0504089e-06
-1.0939677e-08
4.0464225e-06
-1.0957549e-08
4.0424701e-06
-1.0974488e-08
4.038551e-06
-1.0990291e-08
4.0346647e-06
-1.1005101e-08
4.0308111e-06
-1.101886e-08
4.0269894e-06
-1.1031677e-08
4.0231993e-06
-1.1043784e-08
4.0194404e-06
-1.1054965e-08
4.0157121e-06
-1.1065455e-08
4.0120141e-06
-1.1075084e-08
4.0083459e-06
-1.1084362e-08
4.004707e-06
-1.1092748e-08
4.0010974e-06
-1.110081e-08
3.997516e-06
-1.1108257e-08
3.9939628e-06
-1.1115288e-08
3.9904367e-06
-1.1121752e-08
3.986938e-06
-1.1128057e-08
3.9834652e-06
-1.1133984e-08
3.9800182e-06
-1.113964e-08
3.9765965e-06
-1.1144205e-08
3.9732006e-06
-1.1150914e-08
3.9698286e-06
-1.1154326e-08
3.9664788e-06
-1.1156934e-08
3.9631497e-06
-1.1164489e-08
3.9598429e-06
-1.117115e-08
3.9565592e-06
-1.1172701e-08
3.9532983e-06
-1.1176163e-08
3.9500597e-06
-1.1182823e-08
3.9468458e-06
-1.1186867e-08
3.9436542e-06
-1.1192307e-08
3.9404818e-06
-1.1203697e-08
3.9373291e-06
-1.121575e-08
3.9341946e-06
-1.1226457e-08
3.9310754e-06
-1.1236744e-08
3.9279732e-06
-1.1245829e-08
3.9248872e-06
-1.1254692e-08
3.9218162e-06
-1.1259353e-08
3.9187628e-06
-1.1260776e-08
3.9157301e-06
-1.1263262e-08
3.9127229e-06
-1.1261511e-08
3.9097423e-06
-1.1258065e-08
3.9067887e-06
-1.1261108e-08
3.9038672e-06
-1.1265354e-08
3.9009759e-06
-1.1270633e-08
3.8981082e-06
-1.1283961e-08
3.8952623e-06
-1.1303534e-08
3.8924326e-06
-1.1323769e-08
3.8896119e-06
-1.1343989e-08
3.8867962e-06
-1.136539e-08
3.8839816e-06
-1.1385011e-08
3.8811683e-06
-1.1399838e-08
3.8783576e-06
-1.1411666e-08
3.8755492e-06
-1.1420365e-08
3.8727476e-06
-1.1424278e-08
3.869958e-06
-1.1423591e-08
3.8671814e-06
-1.1422029e-08
3.8644224e-06
-1.1417963e-08
3.8616874e-06
-1.1412341e-08
3.8589783e-06
-1.1408246e-08
3.8562977e-06
-1.1405178e-08
3.8536476e-06
-1.1403776e-08
3.8510276e-06
-1.1404544e-08
3.8484336e-06
-1.1408078e-08
3.8458574e-06
-1.1415959e-08
3.8432917e-06
-1.1425802e-08
3.8407271e-06
-1.1436401e-08
3.8381523e-06
-1.1447553e-08
3.8355606e-06
-1.1458014e-08
3.8329479e-06
-1.1465743e-08
3.8303094e-06
-1.1472121e-08
3.8276446e-06
-1.1474065e-08
3.8249548e-06
-1.1472643e-08
3.8222409e-06
-1.1467093e-08
3.8195063e-06
-1.1455404e-08
3.8167566e-06
-1.1440549e-08
3.8139955e-06
-1.1421965e-08
3.8112281e-06
-1.1398129e-08
3.8084607e-06
-1.1372385e-08
3.8056975e-06
-1.1343749e-08
3.8029443e-06
-1.1311398e-08
3.8002078e-06
-1.1279123e-08
3.7974919e-06
-1.1245396e-08
3.7948008e-06
-1.1210619e-08
3.7921388e-06
-1.1176384e-08
3.789506e-06
-1.1142513e-08
3.7869026e-06
-1.1109106e-08
3.7843281e-06
-1.1077204e-08
3.7817783e-06
-1.1048007e-08
3.7792509e-06
-1.1019339e-08
3.7767446e-06
-1.0992316e-08
3.7742573e-06
-1.0969061e-08
3.7717911e-06
-1.0945539e-08
3.7693489e-06
-1.0926182e-08
3.7669337e-06
-1.0909644e-08
3.7645522e-06
-1.0894169e-08
3.7622116e-06
-1.0882692e-08
3.7599203e-06
-1.0873126e-08
3.7576867e-06
-1.0867012e-08
3.7555174e-06
-1.0863646e-08
3.7534225e-06
-1.0859537e-08
3.7514118e-06
-1.0858986e-08
3.7494936e-06
-1.0861737e-08
3.7476763e-06
-1.0865927e-08
3.7459651e-06
-1.0874317e-08
3.7443641e-06
-1.088778e-08
3.7428739e-06
-1.0907592e-08
3.7414909e-06
-1.0934141e-08
3.7402082e-06
-1.0968308e-08
3.7390172e-06
-1.1010317e-08
3.7379033e-06
-1.1061366e-08
3.7368565e-06
-1.1118873e-08
3.7358597e-06
-1.1184398e-08
3.7348911e-06
-1.1257512e-08
3.7339315e-06
-1.1332069e-08
3.7329628e-06
-1.1408577e-08
3.7319695e-06
-1.1483547e-08
3.7309371e-06
-1.1558412e-08
3.7298497e-06
-1.1633323e-08
3.7286935e-06
-1.170313e-08
3.7274578e-06
-1.1766168e-08
3.7261313e-06
-1.1825558e-08
3.7247034e-06
-1.187786e-08
3.7231636e-06
-1.1924575e-08
3.7214952e-06
-1.1968458e-08
3.7196858e-06
-1.2001525e-08
3.7177256e-06
-1.2026935e-08
3.715605e-06
-1.2047537e-08
3.7133173e-06
-1.2059401e-08
3.7108605e-06
-1.2059771e-08
3.7082332e-06
-1.2054044e-08
3.7054421e-06
-1.2036508e-08
3.702492e-06
-1.2012365e-08
3.6993883e-06
-1.1978629e-08
3.6961398e-06
-1.1936717e-08
3.6927605e-06
-1.1881931e-08
3.689265e-06
-1.1819703e-08
3.6856713e-06
-1.1746179e-08
3.6820015e-06
-1.1661812e-08
3.6782755e-06
-1.1570986e-08
3.6745159e-06
-1.1475616e-08
3.6707472e-06
-1.1375452e-08
3.6669913e-06
-1.1271781e-08
3.6632707e-06
-1.1166749e-08
3.6596141e-06
-1.1063362e-08
3.6560515e-06
-1.0960668e-08
3.6526118e-06
-1.0856319e-08
3.649326e-06
-1.0754444e-08
3.6462248e-06
-1.0659309e-08
3.6433359e-06
-1.0570846e-08
3.6406812e-06
-1.0494823e-08
3.6382785e-06
-1.0430685e-08
3.6361385e-06
-1.0384269e-08
3.63426e-06
-1.0356792e-08
3.6326387e-06
-1.034502e-08
3.6312658e-06
-1.0351593e-08
3.6301259e-06
-1.0379073e-08
3.6292023e-06
-1.0421118e-08
3.628472e-06
-1.0481592e-08
3.6279054e-06
-1.0557984e-08
3.6274678e-06
-1.0648438e-08
3.627129e-06
-1.0744206e-08
3.626849e-06
-1.0855681e-08
3.6265717e-06
-1.0972767e-08
3.6262506e-06
-1.1092959e-08
3.6258372e-06
-1.1210373e-08
3.6252822e-06
-1.1321446e-08
3.6245397e-06
-1.142421e-08
3.6235737e-06
-1.1516665e-08
3.6223364e-06
-1.1603031e-08
3.6208091e-06
-1.1659267e-08
3.6189654e-06
-1.1705756e-08
3.6168012e-06
-1.1730123e-08
3.6143131e-06
-1.1739721e-08
3.6114995e-06
-1.173506e-08
3.6083738e-06
-1.1719382e-08
3.6049337e-06
-1.1697477e-08
3.601185e-06
-1.1663879e-08
3.5971383e-06
-1.1617911e-08
3.59281e-06
-1.1558602e-08
3.5882197e-06
-1.1482896e-08
3.5833931e-06
-1.1390527e-08
3.578368e-06
-1.1279128e-08
3.5731916e-06
-1.114578e-08
3.5679148e-06
-1.0993196e-08
3.5625883e-06
-1.0829417e-08
3.557267e-06
-1.0651022e-08
3.5519972e-06
-1.0467071e-08
3.5468215e-06
-1.0285092e-08
3.5417758e-06
-1.0104451e-08
3.5368893e-06
-9.930972e-09
3.5321858e-06
-9.7720876e-09
3.527679e-06
-9.6309911e-09
3.5233773e-06
-9.5072439e-09
3.5192866e-06
-9.4009645e-09
3.5154096e-06
-9.3144981e-09
3.5117467e-06
-9.248077e-09
3.508296e-06
-9.2011549e-09
3.5050482e-06
-9.1732688e-09
3.5019932e-06
-9.1587697e-09
3.4991149e-06
-9.1600185e-09
3.4963891e-06
-9.1707926e-09
3.493794e-06
-9.1884123e-09
3.4913011e-06
-9.215372e-09
3.4888788e-06
-9.2448946e-09
3.4864988e-06
-9.2740229e-09
3.484132e-06
-9.3024348e-09
3.4817478e-06
-9.3292405e-09
3.4793177e-06
-9.3513184e-09
3.4768113e-06
-9.3709076e-09
3.4741945e-06
-9.3850434e-09
3.47144e-06
-9.3906509e-09
3.4685275e-06
-9.3845158e-09
3.4654405e-06
-9.3679442e-09
3.4621753e-06
-9.3340229e-09
3.4587306e-06
-9.2872634e-09
3.4551082e-06
-9.2291033e-09
3.4513108e-06
-9.1591494e-09
3.4473377e-06
-9.0827545e-09
3.4431884e-06
-8.9990966e-09
3.4388538e-06
-8.9107943e-09
3.4343234e-06
-8.8130023e-09
3.4295896e-06
-8.6993999e-09
3.4246465e-06
-8.5700247e-09
3.4194974e-06
-8.4186662e-09
3.4141535e-06
-8.243743e-09
3.4086289e-06
-8.0421652e-09
3.4029392e-06
-7.8172637e-09
3.3971008e-06
-7.5731479e-09
3.3911285e-06
-7.3107023e-09
3.3850282e-06
-7.0292554e-09
3.3788017e-06
-6.7365313e-09
3.3724467e-06
-6.4369101e-09
3.3659495e-06
-6.1266272e-09
3.3592888e-06
-5.8125131e-09
3.3524416e-06
-5.4947504e-09
3.3453695e-06
-5.1684292e-09
3.3380344e-06
-4.8296527e-09
3.3304105e-06
-4.4796185e-09
3.3224699e-06
-4.1117025e-09
3.3141869e-06
-3.7188479e-09
3.3055486e-06
-3.3020835e-09
3.2965553e-06
-2.8616252e-09
3.2872112e-06
-2.3971354e-09
3.2775239e-06
-1.9069692e-09
3.2675032e-06
-1.3923547e-09
3.2571619e-06
-8.5289198e-10
3.2465185e-06
-2.8954528e-10
3.2355944e-06
2.9435521e-10
3.2244166e-06
8.8887564e-10
3.213013e-06
1.4889752e-09
3.2014067e-06
2.0987065e-09
3.1896186e-06
2.7238869e-09
3.1776708e-06
3.3641046e-09
3.1655905e-06
4.0106189e-09
3.1534101e-06
4.6541322e-09
3.1411644e-06
5.2838773e-09
3.1288721e-06
5.9217284e-09
3.1165482e-06
6.5651689e-09
3.1042053e-06
7.2174697e-09
3.0918572e-06
7.869462e-09
3.0795114e-06
8.5271776e-09
3.067189e-06
9.1660235e-09
3.0549562e-06
9.7271897e-09
3.0428277e-06
1.0206982e-08
3.030754e-06
1.0734141e-08
3.0187213e-06
1.125551e-08
3.0067061e-06
1.175429e-08
2.9946855e-06
1.2240855e-08
2.9826393e-06
1.2714069e-08
2.9705592e-06
1.31934e-08
2.9584658e-06
1.3649345e-08
2.9463804e-06
1.4039516e-08
2.9342966e-06
1.4330146e-08
2.9221916e-06
1.4660904e-08
2.9100714e-06
1.5011966e-08
2.8979673e-06
1.5362368e-08
2.8859216e-06
1.5692962e-08
2.8739599e-06
1.601315e-08
2.8620981e-06
1.6339295e-08
2.8503438e-06
1.6683475e-08
2.8387159e-06
1.704782e-08
2.8271906e-06
1.7462698e-08
2.815824e-06
1.7815796e-08
2.8050266e-06
1.7642735e-08
2.7947079e-06
1.755803e-08
2.7846084e-06
1.7724516e-08
2.7746233e-06
1.7992119e-08
2.7647551e-06
1.8232727e-08
2.7549922e-06
1.8466396e-08
2.7453455e-06
1.8676598e-08
2.7358509e-06
1.8859657e-08
2.7265496e-06
1.9007654e-08
2.7175126e-06
1.9105684e-08
2.7085842e-06
1.929625e-08
2.6989743e-06
1.9772203e-08
2.6893216e-06
1.9470871e-08
2.6794444e-06
1.9613362e-08
2.6694841e-06
1.9577542e-08
2.6594415e-06
1.9451906e-08
2.649234e-06
1.9324111e-08
2.6387547e-06
1.9204148e-08
2.6279267e-06
1.9060819e-08
2.6164959e-06
1.9046336e-08
2.6046619e-06
1.8948048e-08
2.592299e-06
1.9330398e-08
2.5820906e-06
1.6083852e-08
2.5711635e-06
1.6099785e-08
2.559442e-06
1.5943855e-08
2.5469908e-06
1.5631806e-08
2.5340214e-06
1.5054204e-08
2.5205942e-06
1.438732e-08
2.5068697e-06
1.3660014e-08
2.4929338e-06
1.2850295e-08
2.4788603e-06
1.2550508e-08
2.4612542e-06
1.2108907e-08
2.4430242e-06
1.1524926e-08
2.4244872e-06
1.0537427e-08
2.405634e-06
9.3956598e-09
2.3863298e-06
8.2084268e-09
2.3664978e-06
6.9927641e-09
2.3460674e-06
5.7513763e-09
2.3251798e-06
4.6481397e-09
2.3047805e-06
3.4208543e-09
2.2843011e-06
2.2267446e-09
2.2634006e-06
1.0918764e-09
2.2420262e-06
-1.0113821e-10
2.2202114e-06
-1.4318853e-09
2.1980775e-06
-2.8237928e-09
2.1757148e-06
-4.2209254e-09
2.1531811e-06
-5.4943174e-09
2.1304972e-06
-6.6997088e-09
2.1077343e-06
-7.8878584e-09
2.0851023e-06
-9.0853374e-09
2.0626814e-06
-1.0256991e-08
2.040441e-06
-1.1435859e-08
2.0184283e-06
-1.2581747e-08
1.996706e-06
-1.3667632e-08
1.9753573e-06
-1.4654053e-08
1.954466e-06
-1.5536241e-08
1.9339941e-06
-1.6331234e-08
1.9139755e-06
-1.7044372e-08
1.8944356e-06
-1.7654635e-08
1.8753663e-06
-1.8152618e-08
1.8567407e-06
-1.8524144e-08
1.8385216e-06
-1.8756442e-08
1.8206134e-06
-1.8884755e-08
1.8029789e-06
-1.9049606e-08
1.7857324e-06
-1.9338471e-08
1.7689132e-06
-1.9590801e-08
1.7524642e-06
-1.9700679e-08
1.736368e-06
-1.9738494e-08
1.7206452e-06
-1.972506e-08
1.7052243e-06
-1.9563259e-08
1.6901043e-06
-1.9345608e-08
1.6752934e-06
-1.905944e-08
1.6607799e-06
-1.867838e-08
1.6465489e-06
-1.8194152e-08
1.6325745e-06
-1.7598822e-08
1.6188351e-06
-1.6905086e-08
1.6053173e-06
-1.612555e-08
1.5920134e-06
-1.5268942e-08
1.5789129e-06
-1.4334462e-08
1.5660035e-06
-1.3321873e-08
1.5532728e-06
-1.2230149e-08
1.5407084e-06
-1.1061806e-08
1.5283011e-06
-9.8189457e-09
1.5160431e-06
-8.5069463e-09
1.5039251e-06
-7.1292856e-09
1.4919405e-06
-5.692796e-09
1.4800832e-06
-4.2049444e-09
1.4683465e-06
-2.6703324e-09
1.4567286e-06
-1.1020509e-09
1.4452278e-06
4.9855942e-10
1.4338436e-06
2.1241888e-09
1.4225798e-06
3.7657775e-09
1.4114382e-06
5.4163829e-09
1.4004196e-06
7.0703563e-09
1.3895252e-06
8.7216052e-09
1.3787557e-06
1.0365057e-08
1.3681119e-06
1.1994923e-08
1.3575953e-06
1.3605032e-08
1.3472084e-06
1.5189164e-08
1.3369544e-06
1.6741095e-08
1.3268381e-06
1.8255329e-08
1.3168652e-06
1.9727843e-08
1.3070423e-06
2.1156573e-08
1.2973744e-06
2.2539667e-08
1.2878659e-06
2.3875271e-08
1.278521e-06
2.5160674e-08
1.2693443e-06
2.6393209e-08
1.2603397e-06
2.7570938e-08
1.2515107e-06
2.8692862e-08
1.2428609e-06
2.9759161e-08
1.2343936e-06
3.0770952e-08
1.226113e-06
3.1729147e-08
1.2180231e-06
3.2634906e-08
1.2101284e-06
3.348958e-08
1.202432e-06
3.4294308e-08
1.1949352e-06
3.5050157e-08
1.1876376e-06
3.5758425e-08
1.180538e-06
3.64215e-08
1.1736356e-06
3.7042878e-08
1.1669306e-06
3.7626799e-08
1.1604234e-06
3.8178323e-08
1.1541146e-06
3.8703453e-08
1.1480056e-06
3.9208858e-08
1.1420999e-06
3.969832e-08
1.1364009e-06
4.0174018e-08
1.130911e-06
4.0635034e-08
1.1256328e-06
4.1078414e-08
1.1205796e-06
4.1500869e-08
1.1157523e-06
4.1901578e-08
1.1111297e-06
4.2282978e-08
1.1067154e-06
4.2650558e-08
1.1025256e-06
4.3003276e-08
1.0985655e-06
4.3334916e-08
1.0948376e-06
4.3639485e-08
1.091347e-06
4.3923405e-08
1.0881082e-06
4.4173548e-08
1.0851367e-06
4.4399892e-08
1.0824427e-06
4.4614878e-08
1.0800482e-06
4.4789269e-08
1.0779567e-06
4.4944488e-08
1.0761698e-06
4.5049754e-08
1.0747533e-06
4.5068531e-08
1.0737024e-06
4.5053958e-08
1.0730545e-06
4.4936452e-08
1.0728545e-06
4.4680456e-08
1.0730173e-06
4.4338424e-08
1.0736378e-06
4.3802042e-08
1.0746599e-06
4.3140769e-08
1.076104e-06
4.2320613e-08
1.0779147e-06
4.1426974e-08
1.0798014e-06
4.0354931e-08
1.0818396e-06
3.9184135e-08
1.0841836e-06
3.7868121e-08
1.0869984e-06
3.6373715e-08
1.0902179e-06
3.4896381e-08
1.0937463e-06
3.3534299e-08
1.0974927e-06
3.2226347e-08
1.1008317e-06
3.1586533e-08
1.1044633e-06
3.0272873e-08
1.1084808e-06
2.9076431e-08
1.1128221e-06
2.7998951e-08
1.1177951e-06
2.7073155e-08
1.1229757e-06
2.6080496e-08
1.1284529e-06
2.5122603e-08
1.1342308e-06
2.4209028e-08
1.1403736e-06
2.3302881e-08
1.1468837e-06
2.2387545e-08
1.1537859e-06
2.1454796e-08
1.1611018e-06
2.0509126e-08
1.1688703e-06
1.9552024e-08
1.1771406e-06
1.8585801e-08
1.1859431e-06
1.7609688e-08
1.1953135e-06
1.6614986e-08
1.2052952e-06
1.5598074e-08
1.2159343e-06
1.4552664e-08
1.2272791e-06
1.3464918e-08
1.2393781e-06
1.2327786e-08
1.2522736e-06
1.1137727e-08
1.265996e-06
9.887374e-09
1.2805716e-06
8.5701739e-09
1.296017e-06
7.1815514e-09
1.3123327e-06
5.7212994e-09
1.3295036e-06
4.1885135e-09
1.347497e-06
2.5823041e-09
1.3662593e-06
9.0653307e-10
1.3857211e-06
-8.4063512e-10
1.4057812e-06
-2.6539375e-09
1.4263202e-06
-4.530015e-09
1.4471944e-06
-6.4640302e-09
1.468238e-06
-8.4537608e-09
1.4892634e-06
-1.0489631e-08
1.5100664e-06
-1.256907e-08
1.5304267e-06
-1.4677592e-08
1.5501188e-06
-1.6815537e-08
1.5689129e-06
-1.8967408e-08
1.5865794e-06
-2.1120854e-08
1.6029144e-06
-2.3291821e-08
1.6177099e-06
-2.5427548e-08
1.6308165e-06
-2.7594353e-08
1.6420345e-06
-2.9658159e-08
1.6512851e-06
-3.1742869e-08
1.6584779e-06
-3.3765132e-08
1.6636302e-06
-3.5652739e-08
1.6665418e-06
-3.7560855e-08
1.6668271e-06
-3.9400534e-08
1.6658292e-06
-4.0973869e-08
1.663831e-06
-4.3253304e-08
1.6597174e-06
-4.478771e-08
1.653458e-06
-4.6283231e-08
1.6455027e-06
-4.7684058e-08
1.6361637e-06
-4.9038623e-08
1.625566e-06
-5.0288213e-08
1.6138446e-06
-5.1452512e-08
1.6011853e-06
-5.2537712e-08
1.5877325e-06
-5.3499922e-08
1.5736088e-06
-5.4333355e-08
1.558938e-06
-5.5066031e-08
1.543837e-06
-5.5704148e-08
1.5284156e-06
-5.6230058e-08
1.5128184e-06
-5.6615467e-08
1.497075e-06
-5.6878491e-08
1.4811626e-06
-5.7008507e-08
1.4652855e-06
-5.6950601e-08
1.4495632e-06
-5.672662e-08
1.434003e-06
-5.6298299e-08
1.418738e-06
-5.5658763e-08
1.4038422e-06
-5.4891239e-08
1.3892468e-06
-5.4037131e-08
1.3749978e-06
-5.305578e-08
1.3611378e-06
-5.1953576e-08
1.3476633e-06
-5.0740069e-08
1.33461e-06
-4.9384492e-08
1.3219879e-06
-4.7916409e-08
1.3098196e-06
-4.6298029e-08
1.2981035e-06
-4.458524e-08
1.2868607e-06
-4.270704e-08
1.2760649e-06
-4.0759755e-08
1.2657406e-06
-3.8613013e-08
1.2558388e-06
-3.6428291e-08
1.246401e-06
-3.40068e-08
1.2373377e-06
-3.1581812e-08
1.228717e-06
-2.8890606e-08
1.2203531e-06
-2.6191915e-08
1.2123413e-06
-2.3237196e-08
1.2043277e-06
-1.9989487e-08
1.1973109e-06
-1.6807515e-08
-1.309755e-08
5.6404836e-06
3.3697085e-08
5.6726633e-06
5.2705651e-08
5.7041728e-06
7.7205927e-08
5.7310758e-06
9.0331771e-08
5.7539133e-06
9.4388809e-08
5.7728771e-06
9.6357274e-08
5.7882243e-06
9.4527548e-08
5.8013253e-06
9.1655287e-08
5.8127973e-06
8.8081615e-08
5.8242063e-06
8.4052365e-08
5.8350743e-06
8.134556e-08
5.8442252e-06
7.8170078e-08
5.8522025e-06
7.4856693e-08
5.8592925e-06
7.1752344e-08
5.8657977e-06
6.8762775e-08
5.8718214e-06
6.6077152e-08
5.8773597e-06
6.3545278e-08
5.8821867e-06
6.1468301e-08
5.8856919e-06
5.9562287e-08
5.8879761e-06
5.8109529e-08
5.8908791e-06
5.6604071e-08
5.8936099e-06
5.4753375e-08
5.895886e-06
5.3060826e-08
5.8977251e-06
5.1508576e-08
5.8991392e-06
5.0074259e-08
5.9001168e-06
4.8726256e-08
5.9006547e-06
4.7464028e-08
5.900759e-06
4.6256246e-08
5.9004155e-06
4.5158159e-08
5.8996107e-06
4.4124493e-08
5.8983818e-06
4.3116233e-08
5.8967563e-06
4.2158726e-08
5.8948379e-06
4.1166906e-08
5.8927432e-06
4.0144081e-08
5.890176e-06
3.9354239e-08
5.887101e-06
3.8591422e-08
5.8835662e-06
3.7823682e-08
5.8795969e-06
3.7060762e-08
5.8752147e-06
3.6320677e-08
5.8704294e-06
3.5588339e-08
5.8652713e-06
3.4880427e-08
5.8597362e-06
3.4175912e-08
5.8538721e-06
3.349643e-08
5.8476753e-06
3.2808151e-08
5.8412076e-06
3.2150742e-08
5.8344939e-06
3.1429339e-08
5.827467e-06
3.0843563e-08
5.8204118e-06
3.0056473e-08
5.8126767e-06
2.9598592e-08
5.8044421e-06
2.9146964e-08
5.7959277e-06
2.8588257e-08
5.7872034e-06
2.7985107e-08
5.7782854e-06
2.7402983e-08
5.769184e-06
2.6826233e-08
5.7599128e-06
2.6251182e-08
5.7504609e-06
2.5702322e-08
5.7408606e-06
2.5138351e-08
5.7310868e-06
2.4616094e-08
5.7211766e-06
2.406329e-08
5.7111082e-06
2.3567852e-08
5.7008819e-06
2.3045783e-08
5.6905256e-06
2.2564101e-08
5.6799143e-06
2.2134286e-08
5.6692386e-06
2.1601184e-08
5.6582125e-06
2.1312633e-08
5.6474627e-06
2.0414466e-08
5.6367492e-06
1.9955812e-08
5.6260448e-06
1.940941e-08
5.6152973e-06
1.8964785e-08
5.6044908e-06
1.8518817e-08
5.5936181e-06
1.8086984e-08
5.5826863e-06
1.7658563e-08
5.5717015e-06
1.7232102e-08
5.5606743e-06
1.6811316e-08
5.5496086e-06
1.6392415e-08
5.5385209e-06
1.5976884e-08
5.5274115e-06
1.5564555e-08
5.5162954e-06
1.5158549e-08
5.5051787e-06
1.4750746e-08
5.4940653e-06
1.4357069e-08
5.4829896e-06
1.3940656e-08
5.4719259e-06
1.3559165e-08
5.4609594e-06
1.3116261e-08
5.4500174e-06
1.2736295e-08
5.4391589e-06
1.2313393e-08
5.4282694e-06
1.195531e-08
5.4173089e-06
1.1680911e-08
5.4063277e-06
1.1348811e-08
5.3953429e-06
1.1029496e-08
5.3843817e-06
1.0696064e-08
5.3734584e-06
1.0363468e-08
5.3625833e-06
1.0030111e-08
5.3517605e-06
9.7022435e-09
5.3409955e-06
9.3759858e-09
5.3302876e-06
9.0585339e-09
5.3196407e-06
8.7416558e-09
5.3090527e-06
8.4355833e-09
5.2985254e-06
8.1295397e-09
5.2880596e-06
7.8334073e-09
5.2776484e-06
7.5421021e-09
5.2673021e-06
7.2538153e-09
5.2569972e-06
6.9823907e-09
5.2467527e-06
6.7028174e-09
5.2365395e-06
6.4510077e-09
5.2263589e-06
6.1876282e-09
5.2162535e-06
5.9218586e-09
5.2062413e-06
5.6179981e-09
5.1963214e-06
5.348785e-09
5.1865062e-06
5.0659561e-09
5.1767842e-06
4.8060644e-09
5.1671473e-06
4.5534563e-09
5.1575874e-06
4.3117572e-09
5.1480992e-06
4.077592e-09
5.1386788e-06
3.8497583e-09
5.1293237e-06
3.6267109e-09
5.1200328e-06
3.4081098e-09
5.1108057e-06
3.1930654e-09
5.1016424e-06
2.9817318e-09
5.0925436e-06
2.7731466e-09
5.0835089e-06
2.5683713e-09
5.0745402e-06
2.3655162e-09
5.0656361e-06
2.1671638e-09
5.0568014e-06
1.9687083e-09
5.0480318e-06
1.7762756e-09
5.0393374e-06
1.5798864e-09
5.0307108e-06
1.3903421e-09
5.0221673e-06
1.1946693e-09
5.0136966e-06
1.0052732e-09
5.0053088e-06
8.1439344e-10
4.996987e-06
6.3654593e-10
4.988716e-06
4.6910964e-10
4.9804954e-06
3.0606673e-10
4.9723274e-06
1.4957946e-10
4.964211e-06
-5.8468785e-12
4.9561477e-06
-1.6014345e-10
4.9481405e-06
-3.1349412e-10
4.9401918e-06
-4.660925e-10
4.9323043e-06
-6.1747363e-10
4.924479e-06
-7.6729334e-10
4.9167168e-06
-9.157537e-10
4.9090177e-06
-1.0617054e-09
4.9013822e-06
-1.205815e-09
4.8938101e-06
-1.3473995e-09
4.886301e-06
-1.4869603e-09
4.878854e-06
-1.6239574e-09
4.8714683e-06
-1.7586417e-09
4.8641438e-06
-1.8907205e-09
4.8568785e-06
-2.0200268e-09
4.8496725e-06
-2.1476039e-09
4.8425221e-06
-2.2713698e-09
4.835429e-06
-2.3940872e-09
4.8283877e-06
-2.5118809e-09
4.8214008e-06
-2.6306197e-09
4.8144643e-06
-2.7436338e-09
4.80758e-06
-2.8594078e-09
4.8007627e-06
-2.9812228e-09
4.7940085e-06
-3.0977567e-09
4.7873081e-06
-3.2076111e-09
4.780666e-06
-3.31814e-09
4.7740832e-06
-3.4265981e-09
4.7675573e-06
-3.5322567e-09
4.7610865e-06
-3.635428e-09
4.7546694e-06
-3.7363321e-09
4.748304e-06
-3.8347272e-09
4.7419894e-06
-3.930746e-09
4.7357237e-06
-4.0250372e-09
4.7295061e-06
-4.117219e-09
4.7233353e-06
-4.2075423e-09
4.7172106e-06
-4.2964974e-09
4.711131e-06
-4.3838448e-09
4.7050962e-06
-4.4696979e-09
4.6991056e-06
-4.5542108e-09
4.6931588e-06
-4.637204e-09
4.6872561e-06
-4.7190505e-09
4.6813962e-06
-4.7997437e-09
4.67558e-06
-4.8796096e-09
4.6698062e-06
-4.957577e-09
4.664077e-06
-5.0356239e-09
4.6583895e-06
-5.1112199e-09
4.6527466e-06
-5.1874065e-09
4.6471445e-06
-5.2596314e-09
4.6415854e-06
-5.3327351e-09
4.6360634e-06
-5.3998805e-09
4.6305772e-06
-5.4639471e-09
4.6251273e-06
-5.5308695e-09
4.6197141e-06
-5.5954095e-09
4.6143385e-06
-5.6578737e-09
4.6090004e-06
-5.7188929e-09
4.6036989e-06
-5.7784568e-09
4.5984339e-06
-5.836934e-09
4.5932048e-06
-5.89421e-09
4.5880118e-06
-5.9499987e-09
4.5828549e-06
-6.0046648e-09
4.5777335e-06
-6.0583107e-09
4.572648e-06
-6.1106404e-09
4.5675975e-06
-6.161891e-09
4.5625823e-06
-6.2120584e-09
4.557602e-06
-6.2610268e-09
4.5526563e-06
-6.3090009e-09
4.5477449e-06
-6.3560779e-09
4.5428672e-06
-6.4021717e-09
4.5380233e-06
-6.4472978e-09
4.5332123e-06
-6.491677e-09
4.5284344e-06
-6.5353283e-09
4.5236886e-06
-6.5778085e-09
4.5189751e-06
-6.6205166e-09
4.5142928e-06
-6.6616628e-09
4.5096421e-06
-6.7034613e-09
4.5050214e-06
-6.743182e-09
4.5004319e-06
-6.7832331e-09
4.4958709e-06
-6.8231465e-09
4.4913399e-06
-6.862102e-09
4.4868417e-06
-6.9019661e-09
4.4823702e-06
-6.9419657e-09
4.4779229e-06
-6.978329e-09
4.4735044e-06
-7.0140977e-09
4.4691156e-06
-7.0525927e-09
4.4647526e-06
-7.0903416e-09
4.4604169e-06
-7.1269768e-09
4.4561098e-06
-7.1659869e-09
4.4518268e-06
-7.2066242e-09
4.4475648e-06
-7.2463644e-09
4.4433254e-06
-7.2861299e-09
4.4391079e-06
-7.3254811e-09
4.4349123e-06
-7.3639432e-09
4.4307369e-06
-7.4010251e-09
4.4265827e-06
-7.4343838e-09
4.4224538e-06
-7.4665776e-09
4.4183496e-06
-7.4985285e-09
4.4142736e-06
-7.527321e-09
4.41023e-06
-7.5571971e-09
4.4062151e-06
-7.5888726e-09
4.4022288e-06
-7.6214235e-09
4.3982738e-06
-7.6579258e-09
4.3943442e-06
-7.697754e-09
4.3904327e-06
-7.7400695e-09
4.3865387e-06
-7.7847431e-09
4.3826588e-06
-7.8293563e-09
4.3787884e-06
-7.8733642e-09
4.3749263e-06
-7.9166957e-09
4.3710731e-06
-7.9563778e-09
4.3672286e-06
-7.9933375e-09
4.3633952e-06
-8.0278153e-09
4.359576e-06
-8.0589873e-09
4.3557741e-06
-8.0854132e-09
4.3519921e-06
-8.1108902e-09
4.3482341e-06
-8.134307e-09
4.3445031e-06
-8.1560407e-09
4.3408006e-06
-8.1787945e-09
4.3371274e-06
-8.2023983e-09
4.3334817e-06
-8.2266749e-09
4.3298599e-06
-8.2528406e-09
4.3262577e-06
-8.2814946e-09
4.3226681e-06
-8.3129317e-09
4.3190834e-06
-8.3459888e-09
4.3154964e-06
-8.3793346e-09
4.3119004e-06
-8.4129854e-09
4.3082911e-06
-8.4460527e-09
4.3046648e-06
-8.4764209e-09
4.30102e-06
-8.5049181e-09
4.2973573e-06
-8.5296974e-09
4.2936772e-06
-8.5504706e-09
4.2899828e-06
-8.5672314e-09
4.2862787e-06
-8.5790282e-09
4.2825692e-06
-8.5860878e-09
4.2788585e-06
-8.5891139e-09
4.2751531e-06
-8.5874681e-09
4.2714572e-06
-8.5823375e-09
4.2677758e-06
-8.5737653e-09
4.2641148e-06
-8.5622229e-09
4.2604778e-06
-8.5488074e-09
4.2568678e-06
-8.5336884e-09
4.2532886e-06
-8.5176408e-09
4.2497409e-06
-8.5008152e-09
4.2462255e-06
-8.4841512e-09
4.2427437e-06
-8.4680671e-09
4.239294e-06
-8.4525023e-09
4.2358761e-06
-8.4385707e-09
4.2324915e-06
-8.4254959e-09
4.2291412e-06
-8.4133776e-09
4.2258274e-06
-8.4041476e-09
4.2225558e-06
-8.3956375e-09
4.2193302e-06
-8.3893092e-09
4.2161565e-06
-8.3855434e-09
4.2130424e-06
-8.3829526e-09
4.2099941e-06
-8.3832461e-09
4.2070192e-06
-8.3857872e-09
4.2041232e-06
-8.3905944e-09
4.2013128e-06
-8.3979739e-09
4.1985954e-06
-8.406968e-09
4.195976e-06
-8.4189975e-09
4.1934568e-06
-8.4340894e-09
4.1910412e-06
-8.4519893e-09
4.1887296e-06
-8.4751779e-09
4.18652e-06
-8.5042613e-09
4.1844072e-06
-8.5399758e-09
4.1823829e-06
-8.5831364e-09
4.1804361e-06
-8.6340628e-09
4.1785539e-06
-8.6936218e-09
4.1767198e-06
-8.7622722e-09
4.1749175e-06
-8.838442e-09
4.1731271e-06
-8.9224566e-09
4.1713274e-06
-9.0134562e-09
4.1694988e-06
-9.1073016e-09
4.167624e-06
-9.2046974e-09
4.1656863e-06
-9.3024144e-09
4.1636704e-06
-9.400734e-09
4.1615607e-06
-9.4986956e-09
4.1593449e-06
-9.5938057e-09
4.1570128e-06
-9.684233e-09
4.1545529e-06
-9.771036e-09
4.1519553e-06
-9.8512922e-09
4.1492111e-06
-9.92631e-09
4.1463099e-06
-9.9959698e-09
4.1432475e-06
-1.0056535e-08
4.1400222e-06
-1.0110684e-08
4.1366307e-06
-1.0156962e-08
4.1330754e-06
-1.0193472e-08
4.1293631e-06
-1.0219829e-08
4.1255012e-06
-1.0238028e-08
4.1215008e-06
-1.0243994e-08
4.1173742e-06
-1.0241223e-08
4.1131358e-06
-1.022738e-08
4.1088024e-06
-1.0204591e-08
4.104393e-06
-1.0168538e-08
4.099927e-06
-1.0123017e-08
4.0954261e-06
-1.0065416e-08
4.0909148e-06
-9.9977138e-09
4.0864168e-06
-9.9217146e-09
4.0819557e-06
-9.8389621e-09
4.0775568e-06
-9.7500141e-09
4.0732475e-06
-9.6579731e-09
4.0690547e-06
-9.5639656e-09
4.0650017e-06
-9.4687245e-09
4.0611119e-06
-9.371997e-09
4.057411e-06
-9.2755084e-09
4.053922e-06
-9.1832044e-09
4.0506621e-06
-9.0960741e-09
4.0476454e-06
-9.0156171e-09
4.0448803e-06
-8.9480121e-09
4.0423698e-06
-8.89235e-09
4.0401084e-06
-8.85285e-09
4.0380844e-06
-8.8315657e-09
4.0362818e-06
-8.8268677e-09
4.034679e-06
-8.8406167e-09
4.0332488e-06
-8.8745185e-09
4.0319609e-06
-8.9244736e-09
4.0307796e-06
-8.9930334e-09
4.029667e-06
-9.0794572e-09
4.0285771e-06
-9.1787835e-09
4.02747e-06
-9.2893431e-09
4.0262956e-06
-9.4142512e-09
4.0250032e-06
-9.5456807e-09
4.0235448e-06
-9.6805479e-09
4.0218775e-06
-9.8158321e-09
4.0199642e-06
-9.9483874e-09
4.017772e-06
-1.007425e-08
4.015275e-06
-1.0191926e-08
4.0124462e-06
-1.0297996e-08
4.0092878e-06
-1.0387819e-08
4.0057918e-06
-1.0463623e-08
4.0019645e-06
-1.0520876e-08
3.9978178e-06
-1.0564553e-08
3.9933649e-06
-1.0592583e-08
3.9886245e-06
-1.0608915e-08
3.9836126e-06
-1.0613834e-08
3.9783494e-06
-1.0603912e-08
3.9728593e-06
-1.0579233e-08
3.9671719e-06
-1.0540014e-08
3.9613201e-06
-1.0482947e-08
3.9553407e-06
-1.0408322e-08
3.9492752e-06
-1.031425e-08
3.9431693e-06
-1.0199956e-08
3.9370709e-06
-1.006899e-08
3.9310216e-06
-9.9239306e-09
3.9250659e-06
-9.7660684e-09
3.9192413e-06
-9.602573e-09
3.9135776e-06
-9.437084e-09
3.9081021e-06
-9.272946e-09
3.9028354e-06
-9.1150838e-09
3.8977899e-06
-8.9683092e-09
3.892971e-06
-8.8353396e-09
3.88838e-06
-8.7174468e-09
3.8840162e-06
-8.6160541e-09
3.8798733e-06
-8.5337746e-09
3.8759412e-06
-8.4699279e-09
3.8722057e-06
-8.424426e-09
3.8686479e-06
-8.3971021e-09
3.8652466e-06
-8.3845002e-09
3.8619743e-06
-8.3865741e-09
3.8588017e-06
-8.3994958e-09
3.8556994e-06
-8.422075e-09
3.8526337e-06
-8.4541796e-09
3.8495709e-06
-8.4906144e-09
3.8464787e-06
-8.5292506e-09
3.8433261e-06
-8.5688439e-09
3.8400836e-06
-8.6093466e-09
3.8367236e-06
-8.6467069e-09
3.8332191e-06
-8.6813299e-09
3.8295483e-06
-8.7115666e-09
3.8256941e-06
-8.734907e-09
3.8216443e-06
-8.7480001e-09
3.8173903e-06
-8.7506882e-09
3.8129322e-06
-8.7397245e-09
3.8082711e-06
-8.7171985e-09
3.8034087e-06
-8.6824183e-09
3.7983485e-06
-8.6360847e-09
3.7930934e-06
-8.5820835e-09
3.7876417e-06
-8.5175085e-09
3.7819882e-06
-8.4427345e-09
3.776129e-06
-8.3551419e-09
3.770062e-06
-8.2502831e-09
3.7637865e-06
-8.1272673e-09
3.757307e-06
-7.9825693e-09
3.7506284e-06
-7.8146787e-09
3.7437587e-06
-7.6211157e-09
3.7367051e-06
-7.4047404e-09
3.72947e-06
-7.1670128e-09
3.722054e-06
-6.9093651e-09
3.7144564e-06
-6.6339365e-09
3.7066685e-06
-6.3445675e-09
3.6986733e-06
-6.0422245e-09
3.690454e-06
-5.7277711e-09
3.6819861e-06
-5.4041274e-09
3.6732398e-06
-5.0695954e-09
3.6641867e-06
-4.7227888e-09
3.6547984e-06
-4.358836e-09
3.6450444e-06
-3.974074e-09
3.6349048e-06
-3.5673171e-09
3.6243704e-06
-3.1373979e-09
3.6134372e-06
-2.6826208e-09
3.6021067e-06
-2.2037674e-09
3.5903863e-06
-1.7010859e-09
3.5782866e-06
-1.1728609e-09
3.5658204e-06
-6.1997785e-10
3.5530023e-06
-4.2027271e-11
3.5398461e-06
5.643277e-10
3.5263697e-06
1.1944468e-09
3.5125913e-06
1.839485e-09
3.4985265e-06
2.495022e-09
3.4841918e-06
3.1616842e-09
3.469594e-06
3.8549355e-09
3.4547467e-06
4.5707931e-09
3.4396671e-06
5.3035252e-09
3.4243992e-06
6.0187655e-09
3.4090015e-06
6.6811268e-09
3.393484e-06
7.3510447e-09
3.3778349e-06
8.0452911e-09
3.3620515e-06
8.7559711e-09
3.3461355e-06
9.4711678e-09
3.3300888e-06
1.0205973e-08
3.3139529e-06
1.0905268e-08
3.2977108e-06
1.1561153e-08
3.2813482e-06
1.2138648e-08
3.26481e-06
1.2807406e-08
3.2480958e-06
1.3465359e-08
3.2312267e-06
1.4075064e-08
3.214203e-06
1.466926e-08
3.1970219e-06
1.5257673e-08
3.1796993e-06
1.5856286e-08
3.1622301e-06
1.6485927e-08
3.1446768e-06
1.7052928e-08
3.1274401e-06
1.7128132e-08
3.1104614e-06
1.7273543e-08
3.0935375e-06
1.7645118e-08
3.0766237e-06
1.8078984e-08
3.0597498e-06
1.848358e-08
3.0429308e-06
1.8879327e-08
3.0262002e-06
1.9260896e-08
3.0096156e-06
1.9616071e-08
2.9932311e-06
1.9953085e-08
2.9772161e-06
2.0193234e-08
2.9613988e-06
2.0567025e-08
2.9447687e-06
2.1417728e-08
2.9283414e-06
2.1248349e-08
2.9118197e-06
2.1595999e-08
2.8953659e-06
2.1860665e-08
2.8789929e-06
2.2064673e-08
2.8626574e-06
2.2283865e-08
2.8463021e-06
2.2514739e-08
2.8298404e-06
2.2783983e-08
2.8132427e-06
2.3022533e-08
2.7962744e-06
2.3425847e-08
2.7792177e-06
2.3635815e-08
2.761955e-06
2.4284663e-08
2.7468089e-06
2.1666509e-08
2.7310761e-06
2.2133434e-08
2.7147915e-06
2.2367381e-08
2.6980014e-06
2.2445132e-08
2.6808713e-06
2.2331764e-08
2.6634924e-06
2.2112926e-08
2.6458796e-06
2.1835433e-08
2.6282099e-06
2.1493062e-08
2.6104296e-06
2.1095298e-08
2.5922762e-06
2.1379973e-08
2.5707e-06
2.0950117e-08
2.5490951e-06
2.0395116e-08
2.5274797e-06
1.9688684e-08
2.5057761e-06
1.8924311e-08
2.4837032e-06
1.8183592e-08
2.4612007e-06
1.7421544e-08
2.4382257e-06
1.6656051e-08
2.4147706e-06
1.5844306e-08
2.3913903e-06
1.5035909e-08
2.3682507e-06
1.3985901e-08
2.345106e-06
1.3048825e-08
2.3215067e-06
1.2109088e-08
2.2974279e-06
1.1031485e-08
2.272935e-06
9.8725197e-09
2.2481269e-06
8.6404173e-09
2.2230314e-06
7.4192337e-09
2.1976992e-06
6.3440728e-09
2.1720882e-06
5.2479829e-09
2.1463889e-06
4.0674606e-09
2.1207898e-06
2.8248315e-09
2.0953534e-06
1.519854e-09
2.0700698e-06
1.418301e-10
2.0449852e-06
-1.2744055e-09
2.0201628e-06
-2.6857601e-09
1.9957198e-06
-4.0280779e-09
1.9717051e-06
-5.3044462e-09
1.9481577e-06
-6.5646164e-09
1.9250637e-06
-7.7890761e-09
1.9024278e-06
-8.9671652e-09
1.8802347e-06
-1.011366e-08
1.8584975e-06
-1.1218705e-08
1.8372352e-06
-1.2264141e-08
1.8164818e-06
-1.3230987e-08
1.796264e-06
-1.4112788e-08
1.7765921e-06
-1.4914199e-08
1.7574742e-06
-1.5641099e-08
1.7389323e-06
-1.6289512e-08
1.7209708e-06
-1.6837069e-08
1.7035914e-06
-1.7275166e-08
1.6868006e-06
-1.7607719e-08
1.6705256e-06
-1.7804397e-08
1.6545802e-06
-1.7891636e-08
1.6388538e-06
-1.8011892e-08
1.6234939e-06
-1.8256828e-08
1.6085317e-06
-1.8402661e-08
1.5939363e-06
-1.8454683e-08
1.579786e-06
-1.8541694e-08
1.56601e-06
-1.8424586e-08
1.5525314e-06
-1.8192726e-08
1.5393034e-06
-1.7866102e-08
1.5263055e-06
-1.7445894e-08
1.5135531e-06
-1.6960398e-08
1.5010652e-06
-1.6405968e-08
1.4888376e-06
-1.5771192e-08
1.4768611e-06
-1.5063212e-08
1.4651144e-06
-1.4276583e-08
1.4535767e-06
-1.3410003e-08
1.4422315e-06
-1.2466265e-08
1.4310665e-06
-1.144734e-08
1.4200697e-06
-1.0355094e-08
1.4092323e-06
-9.1936654e-09
1.3985454e-06
-7.9672295e-09
1.3880024e-06
-6.6803723e-09
1.3775981e-06
-5.3398663e-09
1.3673269e-06
-3.951345e-09
1.357187e-06
-2.5219977e-09
1.3471742e-06
-1.0604575e-09
1.3372886e-06
4.2912474e-10
1.32753e-06
1.9404309e-09
1.3178978e-06
3.4669991e-09
1.3083931e-06
5.0011639e-09
1.2990174e-06
6.5387198e-09
1.2897716e-06
8.0749158e-09
1.2806565e-06
9.605813e-09
1.2716726e-06
1.1126622e-08
1.2628208e-06
1.2631823e-08
1.2541024e-06
1.41156e-08
1.245519e-06
1.557212e-08
1.2370728e-06
1.6996045e-08
1.2287668e-06
1.8383214e-08
1.2206056e-06
1.9730475e-08
1.2125947e-06
2.1035509e-08
1.2047396e-06
2.2296258e-08
1.197045e-06
2.3510853e-08
1.1895148e-06
2.467734e-08
1.1821522e-06
2.5794004e-08
1.17496e-06
2.6859981e-08
1.1679415e-06
2.7875149e-08
1.1610998e-06
2.8839916e-08
1.1544382e-06
2.9754982e-08
1.1479595e-06
3.0621542e-08
1.141666e-06
3.1440924e-08
1.1355592e-06
3.2214584e-08
1.1296404e-06
3.2943756e-08
1.1239095e-06
3.3630282e-08
1.1183663e-06
3.4276524e-08
1.1130097e-06
3.488618e-08
1.1078403e-06
3.5462237e-08
1.1028595e-06
3.6009207e-08
1.09807e-06
3.6530775e-08
1.093473e-06
3.7033126e-08
1.0890732e-06
3.7518484e-08
1.0848883e-06
3.7989881e-08
1.0809276e-06
3.8445573e-08
1.0771729e-06
3.8882663e-08
1.0735948e-06
3.9299854e-08
1.0701983e-06
3.9698698e-08
1.0670313e-06
4.0078677e-08
1.0641095e-06
4.044489e-08
1.0614296e-06
4.0793914e-08
1.0589935e-06
4.112281e-08
1.0568041e-06
4.1429883e-08
1.0548605e-06
4.172733e-08
1.0531693e-06
4.1996141e-08
1.0517553e-06
4.2228953e-08
1.0506361e-06
4.2447713e-08
1.049823e-06
4.2629276e-08
1.0493671e-06
4.2756187e-08
1.0492906e-06
4.2829322e-08
1.049573e-06
4.285842e-08
1.0502999e-06
4.2785645e-08
1.0514295e-06
4.2649852e-08
1.0529087e-06
4.2446835e-08
1.0548162e-06
4.2167815e-08
1.0571412e-06
4.1733606e-08
1.0596442e-06
4.1125557e-08
1.0625301e-06
4.0366392e-08
1.0659687e-06
3.9405667e-08
1.0699541e-06
3.8208734e-08
1.0743362e-06
3.7024214e-08
1.0789439e-06
3.5856512e-08
1.0832496e-06
3.5026697e-08
1.0873891e-06
3.4069684e-08
1.0919274e-06
3.2637622e-08
1.0967496e-06
3.1355555e-08
1.1023614e-06
3.0243209e-08
1.1081289e-06
2.9098941e-08
1.1140782e-06
2.8050271e-08
1.1202218e-06
2.71187e-08
1.1266842e-06
2.6234861e-08
1.1334322e-06
2.5336764e-08
1.1405261e-06
2.4433403e-08
1.1480082e-06
2.3554646e-08
1.1559035e-06
2.268357e-08
1.1642254e-06
2.1817106e-08
1.1729888e-06
2.0947686e-08
1.1822231e-06
2.0067795e-08
1.1919617e-06
1.9177664e-08
1.2022424e-06
1.8278572e-08
1.2131084e-06
1.7367314e-08
1.2246061e-06
1.6434166e-08
1.2367849e-06
1.5473873e-08
1.2496898e-06
1.4483482e-08
1.2633566e-06
1.3455037e-08
1.277817e-06
1.2379834e-08
1.2930978e-06
1.1250641e-08
1.3092148e-06
1.0059268e-08
1.3261694e-06
8.7993626e-09
1.3439456e-06
7.4659594e-09
1.3625086e-06
6.0577889e-09
1.3818021e-06
4.5735544e-09
1.4017462e-06
3.0122131e-09
1.4222401e-06
1.3740995e-09
1.4431557e-06
-3.3989567e-10
1.4643386e-06
-2.1231963e-09
1.4856162e-06
-3.9772736e-09
1.5067922e-06
-5.8943543e-09
1.5276527e-06
-7.8716211e-09
1.5479685e-06
-9.8963748e-09
1.5675078e-06
-1.1969919e-08
1.5860329e-06
-1.4071567e-08
1.6033109e-06
-1.6198544e-08
1.6191377e-06
-1.8350006e-08
1.6333067e-06
-2.0487618e-08
1.6456714e-06
-2.2661387e-08
1.656031e-06
-2.4730146e-08
1.6643178e-06
-2.6875309e-08
1.6705234e-06
-2.8941651e-08
1.6746088e-06
-3.0951946e-08
1.6761682e-06
-3.2911301e-08
1.6755396e-06
-3.4722325e-08
1.6737892e-06
-3.6515001e-08
1.6706927e-06
-3.8900959e-08
1.665677e-06
-4.0470065e-08
1.6582976e-06
-4.2079888e-08
1.6493905e-06
-4.3581232e-08
1.6391464e-06
-4.5060343e-08
1.6277361e-06
-4.6450141e-08
1.6152753e-06
-4.7753074e-08
1.6019181e-06
-4.8957653e-08
1.5877824e-06
-5.005707e-08
1.5729755e-06
-5.1056653e-08
1.5576354e-06
-5.1953731e-08
1.5418865e-06
-5.2738356e-08
1.5258247e-06
-5.3419972e-08
1.5095258e-06
-5.3994051e-08
1.4930603e-06
-5.4447727e-08
1.4765065e-06
-5.4768006e-08
1.4599327e-06
-5.4970576e-08
1.4434017e-06
-5.5045667e-08
1.4269851e-06
-5.4953078e-08
1.4107295e-06
-5.4695146e-08
1.3947116e-06
-5.4268681e-08
1.3790141e-06
-5.3678189e-08
1.3636596e-06
-5.2952571e-08
1.348644e-06
-5.2111252e-08
1.333994e-06
-5.1148386e-08
1.3197303e-06
-5.0067767e-08
1.3058597e-06
-4.8868394e-08
1.2924094e-06
-4.7542386e-08
1.2793829e-06
-4.6098453e-08
1.2668041e-06
-4.4521979e-08
1.2546643e-06
-4.2838747e-08
1.2429837e-06
-4.100944e-08
1.2317414e-06
-3.9092503e-08
1.2209556e-06
-3.6998621e-08
1.2106037e-06
-3.4851154e-08
1.2006863e-06
-3.2476007e-08
1.1911994e-06
-3.0104383e-08
1.1820932e-06
-2.7429061e-08
1.1734352e-06
-2.4828639e-08
1.1650619e-06
-2.1824797e-08
1.1572222e-06
-1.8794151e-08
1.1494817e-06
-1.5419034e-08
-1.1605199e-08
5.6282847e-06
2.0803295e-08
5.6441935e-06
3.6796899e-08
5.66287e-06
5.8529094e-08
5.6849066e-06
6.8295804e-08
5.7041696e-06
7.5125062e-08
5.7217866e-06
7.8740452e-08
5.7372521e-06
7.9061876e-08
5.7506661e-06
7.8241074e-08
5.7621938e-06
7.6553797e-08
5.7716926e-06
7.4553235e-08
5.780682e-06
7.2356066e-08
5.7890009e-06
6.9850906e-08
5.7965832e-06
6.7274127e-08
5.8035531e-06
6.4782676e-08
5.8100037e-06
6.2311645e-08
5.8160937e-06
5.9986637e-08
5.8219674e-06
5.7671051e-08
5.8276618e-06
5.5773445e-08
5.8332376e-06
5.3986345e-08
5.8391241e-06
5.2222361e-08
5.844802e-06
5.0926078e-08
5.8500472e-06
4.9507673e-08
5.8550053e-06
4.8102501e-08
5.8597218e-06
4.679175e-08
5.8642278e-06
4.5567905e-08
5.8685363e-06
4.4417054e-08
5.8726624e-06
4.3337239e-08
5.8766059e-06
4.2312046e-08
5.8804187e-06
4.1344125e-08
5.884091e-06
4.0451671e-08
5.8875721e-06
3.9634518e-08
5.8908408e-06
3.8888893e-08
5.8937357e-06
3.8271331e-08
5.8961297e-06
3.7749679e-08
5.8983845e-06
3.7098383e-08
5.9005332e-06
3.6442244e-08
5.9025345e-06
3.5821836e-08
5.9043725e-06
3.5222273e-08
5.9060382e-06
3.4653972e-08
5.9075223e-06
3.4103036e-08
5.9088186e-06
3.358285e-08
5.9099187e-06
3.3075048e-08
5.9108124e-06
3.2601825e-08
5.9114852e-06
3.2134192e-08
5.9118991e-06
3.1736301e-08
5.9120123e-06
3.1314493e-08
5.9116605e-06
3.1193986e-08
5.9108472e-06
3.0868098e-08
5.9110351e-06
2.9409475e-08
5.9110324e-06
2.91481e-08
5.9107106e-06
2.8908484e-08
5.9100805e-06
2.8613839e-08
5.9092068e-06
2.8274687e-08
5.9080979e-06
2.7932733e-08
5.9067677e-06
2.7579723e-08
5.9052345e-06
2.7232942e-08
5.9034895e-06
2.6881155e-08
5.901566e-06
2.653741e-08
5.8994365e-06
2.6190689e-08
5.897153e-06
2.5848448e-08
5.8947014e-06
2.5494521e-08
5.8921112e-06
2.5151849e-08
5.889501e-06
2.4741312e-08
5.8867127e-06
2.4386217e-08
5.8841092e-06
2.3913742e-08
5.8808843e-06
2.36355e-08
5.8772373e-06
2.3599548e-08
5.8733849e-06
2.3258177e-08
5.8693863e-06
2.2960268e-08
5.8652607e-06
2.2640724e-08
5.8610256e-06
2.2317689e-08
5.8566787e-06
2.2001098e-08
5.85222e-06
2.1686445e-08
5.8476473e-06
2.1379162e-08
5.8429664e-06
2.1068933e-08
5.8381697e-06
2.076881e-08
5.833269e-06
2.0460209e-08
5.8282488e-06
2.0173649e-08
5.8231278e-06
1.9865538e-08
5.8178782e-06
1.9601095e-08
5.8125097e-06
1.9303012e-08
5.8069951e-06
1.9066913e-08
5.8012889e-06
1.8815834e-08
5.7954588e-06
1.8559078e-08
5.7894495e-06
1.8315696e-08
5.783625e-06
1.7772187e-08
5.7778434e-06
1.7454878e-08
5.7720427e-06
1.7140554e-08
5.7661847e-06
1.6879316e-08
5.7602518e-06
1.6619823e-08
5.7542375e-06
1.6368414e-08
5.7481419e-06
1.6115597e-08
5.7419704e-06
1.586343e-08
5.7357249e-06
1.561031e-08
5.7294143e-06
1.5357368e-08
5.7230388e-06
1.5105095e-08
5.7166086e-06
1.4852979e-08
5.7101224e-06
1.4602648e-08
5.70359e-06
1.4352313e-08
5.697016e-06
1.4101338e-08
5.6904003e-06
1.3854682e-08
5.6837747e-06
1.3591996e-08
5.6771111e-06
1.3349737e-08
5.6704936e-06
1.305092e-08
5.663855e-06
1.2808715e-08
5.6572266e-06
1.253186e-08
5.6505313e-06
1.2294219e-08
5.6437295e-06
1.2130746e-08
5.6368588e-06
1.1916617e-08
5.6299298e-06
1.1713782e-08
5.6229626e-06
1.1498531e-08
5.6159709e-06
1.1280779e-08
5.6089645e-06
1.1060945e-08
5.6019494e-06
1.0841113e-08
5.5949302e-06
1.0621569e-08
5.5879088e-06
1.0404424e-08
5.5808878e-06
1.0188403e-08
5.5738668e-06
9.9760182e-09
5.5668487e-06
9.7640096e-09
5.5598324e-06
9.5570027e-09
5.5528192e-06
9.3497863e-09
5.545809e-06
9.1484416e-09
5.5388003e-06
8.9474441e-09
5.5317942e-06
8.7510377e-09
5.5247826e-06
8.5600456e-09
5.5177719e-06
8.368795e-09
5.5107429e-06
8.1906957e-09
5.5037143e-06
8.0005589e-09
5.4966697e-06
7.8245845e-09
5.4896609e-06
7.6103213e-09
5.4826843e-06
7.4101112e-09
5.4757477e-06
7.205962e-09
5.4688488e-06
7.0110509e-09
5.4619819e-06
6.8227948e-09
5.4551415e-06
6.6412289e-09
5.4483234e-06
6.4649375e-09
5.4415241e-06
6.2932028e-09
5.4347408e-06
6.1246168e-09
5.4279726e-06
5.9588676e-09
5.421219e-06
5.7952452e-09
5.4144807e-06
5.6334648e-09
5.4077572e-06
5.4734026e-09
5.40105e-06
5.3150706e-09
5.3943589e-06
5.1579461e-09
5.3876859e-06
5.002541e-09
5.3810318e-06
4.8483022e-09
5.3743974e-06
4.6956932e-09
5.3677846e-06
4.5435788e-09
5.361194e-06
4.393196e-09
5.3546303e-06
4.2420383e-09
5.3480923e-06
4.0924881e-09
5.3415882e-06
3.9401393e-09
5.3351117e-06
3.7922372e-09
5.3286764e-06
3.6379042e-09
5.3222609e-06
3.5008099e-09
5.3158581e-06
3.3654453e-09
5.30947e-06
3.2324543e-09
5.3030998e-06
3.1038065e-09
5.2967454e-06
2.9764644e-09
5.2904074e-06
2.8500775e-09
5.2840871e-06
2.7246556e-09
5.2777865e-06
2.6000158e-09
5.2715077e-06
2.4759275e-09
5.2652525e-06
2.3520128e-09
5.259022e-06
2.2287336e-09
5.252818e-06
2.1064821e-09
5.246641e-06
1.9850654e-09
5.2404916e-06
1.8646391e-09
5.2343702e-06
1.745633e-09
5.2282771e-06
1.6277739e-09
5.2222118e-06
1.511538e-09
5.2161748e-06
1.3965638e-09
5.2101653e-06
1.2830754e-09
5.2041826e-06
1.1713466e-09
5.1982273e-06
1.0610623e-09
5.1922975e-06
9.5309094e-10
5.1863945e-06
8.4541618e-10
5.1805141e-06
7.4194606e-10
5.1746604e-06
6.3678263e-10
5.1688281e-06
5.3631855e-10
5.1630236e-06
4.3311132e-10
5.1572417e-06
3.3449199e-10
5.1514963e-06
2.2770008e-10
5.1457846e-06
1.2745627e-10
5.1400986e-06
3.185896e-11
5.1344409e-06
-6.4002137e-11
5.128812e-06
-1.5863622e-10
5.123212e-06
-2.5090641e-10
5.1176398e-06
-3.4166669e-10
5.1120953e-06
-4.3054227e-10
5.1065782e-06
-5.1788351e-10
5.1010879e-06
-6.0385563e-10
5.0956243e-06
-6.8826411e-10
5.0901871e-06
-7.709251e-10
5.0847761e-06
-8.5223562e-10
5.0793909e-06
-9.323089e-10
5.0740318e-06
-1.010902e-09
5.0686981e-06
-1.0884906e-09
5.06339e-06
-1.1647696e-09
5.058107e-06
-1.240013e-09
5.0528492e-06
-1.3142696e-09
5.047616e-06
-1.3873143e-09
5.042408e-06
-1.4596742e-09
5.0372237e-06
-1.530934e-09
5.0320641e-06
-1.6018262e-09
5.0269278e-06
-1.6710344e-09
5.0218158e-06
-1.7404402e-09
5.0167256e-06
-1.8077091e-09
5.0116596e-06
-1.8761197e-09
5.0066146e-06
-1.9414887e-09
5.0015912e-06
-2.0072926e-09
4.9965893e-06
-2.0728725e-09
4.9916079e-06
-2.1382163e-09
4.9866475e-06
-2.2036954e-09
4.9817096e-06
-2.2680506e-09
4.9767941e-06
-2.3315314e-09
4.9718999e-06
-2.3958751e-09
4.9670266e-06
-2.4602707e-09
4.9621752e-06
-2.5237004e-09
4.9573443e-06
-2.5884273e-09
4.9525328e-06
-2.6542266e-09
4.9477413e-06
-2.7197085e-09
4.9429687e-06
-2.7849087e-09
4.9382141e-06
-2.8493168e-09
4.933478e-06
-2.9125728e-09
4.9287601e-06
-2.9750615e-09
4.9240624e-06
-3.0345668e-09
4.9193857e-06
-3.0932839e-09
4.9147311e-06
-3.1513969e-09
4.9101001e-06
-3.207564e-09
4.9054927e-06
-3.2637004e-09
4.9009094e-06
-3.3217917e-09
4.8963497e-06
-3.3811802e-09
4.8918118e-06
-3.4423842e-09
4.8872935e-06
-3.5059924e-09
4.882793e-06
-3.5722691e-09
4.8783068e-06
-3.6396113e-09
4.8738327e-06
-3.7066221e-09
4.86937e-06
-3.773156e-09
4.8649167e-06
-3.8389945e-09
4.8604737e-06
-3.9020529e-09
4.8560416e-06
-3.9628296e-09
4.8516218e-06
-4.0208681e-09
4.8472162e-06
-4.0765409e-09
4.8428278e-06
-4.1284127e-09
4.8384581e-06
-4.1787067e-09
4.8341092e-06
-4.2273189e-09
4.8297833e-06
-4.2746668e-09
4.8254798e-06
-4.3226303e-09
4.8211969e-06
-4.3706958e-09
4.8169325e-06
-4.4197672e-09
4.8126838e-06
-4.4704112e-09
4.8084457e-06
-4.5228434e-09
4.8042125e-06
-4.5766648e-09
4.7999794e-06
-4.6319153e-09
4.7957419e-06
-4.6873678e-09
4.7914959e-06
-4.7428732e-09
4.7872387e-06
-4.7973949e-09
4.7829688e-06
-4.849702e-09
4.778686e-06
-4.8999316e-09
4.7743908e-06
-4.9462114e-09
4.7700857e-06
-4.9884163e-09
4.7657742e-06
-5.0265667e-09
4.7614596e-06
-5.0598374e-09
4.7571465e-06
-5.0882822e-09
4.7528393e-06
-5.1123599e-09
4.7485424e-06
-5.1315938e-09
4.7442606e-06
-5.1470064e-09
4.7399981e-06
-5.1588747e-09
4.7357586e-06
-5.1670268e-09
4.7315459e-06
-5.1730256e-09
4.7273628e-06
-5.1767954e-09
4.7232115e-06
-5.1792259e-09
4.7190945e-06
-5.1804729e-09
4.7150135e-06
-5.1812425e-09
4.7109696e-06
-5.1820095e-09
4.7069648e-06
-5.182907e-09
4.7030013e-06
-5.1843538e-09
4.6990808e-06
-5.1867546e-09
4.695207e-06
-5.1894906e-09
4.6913834e-06
-5.1939222e-09
4.6876147e-06
-5.1990816e-09
4.6839057e-06
-5.2060094e-09
4.6802606e-06
-5.2148983e-09
4.6766848e-06
-5.2249027e-09
4.673183e-06
-5.2372928e-09
4.6697592e-06
-5.2517812e-09
4.6664173e-06
-5.2685838e-09
4.6631596e-06
-5.2881535e-09
4.6599878e-06
-5.3100795e-09
4.6569036e-06
-5.3353717e-09
4.653906e-06
-5.3648708e-09
4.6509928e-06
-5.3983564e-09
4.6481603e-06
-5.4379021e-09
4.6454013e-06
-5.4844134e-09
4.6427068e-06
-5.5381486e-09
4.6400655e-06
-5.6001506e-09
4.6374643e-06
-5.670779e-09
4.6348881e-06
-5.75083e-09
4.63232e-06
-5.8401679e-09
4.6297432e-06
-5.9378604e-09
4.6271384e-06
-6.0436651e-09
4.6244879e-06
-6.1566321e-09
4.6217745e-06
-6.2741501e-09
4.6189832e-06
-6.3960637e-09
4.6161002e-06
-6.5198957e-09
4.6131129e-06
-6.6454446e-09
4.6100103e-06
-6.7709189e-09
4.6067828e-06
-6.8944117e-09
4.6034232e-06
-7.0143686e-09
4.599925e-06
-7.1309119e-09
4.5962832e-06
-7.2415718e-09
4.592495e-06
-7.346646e-09
4.5885587e-06
-7.4451907e-09
4.5844758e-06
-7.5348052e-09
4.5802503e-06
-7.6168365e-09
4.5758886e-06
-7.6897293e-09
4.571399e-06
-7.752456e-09
4.5667937e-06
-7.8035565e-09
4.562085e-06
-7.8446418e-09
4.5572889e-06
-7.8734268e-09
4.5524211e-06
-7.8912454e-09
4.547499e-06
-7.8961597e-09
4.5425413e-06
-7.8901214e-09
4.5375681e-06
-7.8699767e-09
4.5326003e-06
-7.8389624e-09
4.5276597e-06
-7.795129e-09
4.5227686e-06
-7.7404478e-09
4.5179492e-06
-7.6762117e-09
4.5132244e-06
-7.6041453e-09
4.5086163e-06
-7.5253479e-09
4.5041447e-06
-7.4411255e-09
4.499828e-06
-7.3533339e-09
4.4956849e-06
-7.2641364e-09
4.4917306e-06
-7.1742114e-09
4.4879779e-06
-7.0847235e-09
4.4844356e-06
-6.9992425e-09
4.4811092e-06
-6.9201826e-09
4.4779992e-06
-6.8493091e-09
4.4751002e-06
-6.7907142e-09
4.472402e-06
-6.7450578e-09
4.4698879e-06
-6.7161579e-09
4.4675359e-06
-6.7050503e-09
4.4653205e-06
-6.7120465e-09
4.4632126e-06
-6.7388082e-09
4.4611783e-06
-6.7867769e-09
4.4591817e-06
-6.8529706e-09
4.4571839e-06
-6.938548e-09
4.4551428e-06
-7.0428294e-09
4.4530176e-06
-7.1621997e-09
4.4507689e-06
-7.2955442e-09
4.4483537e-06
-7.4424134e-09
4.4457344e-06
-7.5971109e-09
4.4428786e-06
-7.7576674e-09
4.4397596e-06
-7.920161e-09
4.4363557e-06
-8.0817362e-09
4.4326527e-06
-8.2381328e-09
4.4286425e-06
-8.3873672e-09
4.4243221e-06
-8.5252845e-09
4.4196989e-06
-8.6494096e-09
4.4147824e-06
-8.7590615e-09
4.40959e-06
-8.851722e-09
4.4041413e-06
-8.9296184e-09
4.3984593e-06
-8.991242e-09
4.3925676e-06
-9.0382719e-09
4.3864902e-06
-9.0698977e-09
4.3802549e-06
-9.0843377e-09
4.373891e-06
-9.0816266e-09
4.367429e-06
-9.061035e-09
4.3609033e-06
-9.0207464e-09
4.3543482e-06
-8.9613783e-09
4.3478014e-06
-8.8825174e-09
4.3413e-06
-8.7839953e-09
4.3348799e-06
-8.6687351e-09
4.328574e-06
-8.5397938e-09
4.3224129e-06
-8.3985809e-09
4.3164206e-06
-8.2505589e-09
4.3106164e-06
-8.0995761e-09
4.3050148e-06
-7.9487594e-09
4.2996238e-06
-7.8028846e-09
4.2944466e-06
-7.6663116e-09
4.2894802e-06
-7.5414008e-09
4.2847187e-06
-7.4304785e-09
4.2801509e-06
-7.3352115e-09
4.2757633e-06
-7.2576554e-09
4.2715379e-06
-7.1984996e-09
4.2674541e-06
-7.1577824e-09
4.263487e-06
-7.1349575e-09
4.2596095e-06
-7.128254e-09
4.2557912e-06
-7.1370825e-09
4.2520017e-06
-7.1583428e-09
4.2482098e-06
-7.1912267e-09
4.2443828e-06
-7.2347279e-09
4.2404904e-06
-7.2843949e-09
4.236505e-06
-7.3393931e-09
4.2324009e-06
-7.3975301e-09
4.2281537e-06
-7.4576443e-09
4.223744e-06
-7.5166606e-09
4.2191535e-06
-7.5738256e-09
4.2143683e-06
-7.6266669e-09
4.2093777e-06
-7.6734308e-09
4.2041768e-06
-7.7113556e-09
4.1987632e-06
-7.7396889e-09
4.1931384e-06
-7.756443e-09
4.1873046e-06
-7.7617366e-09
4.1812644e-06
-7.7552409e-09
4.175021e-06
-7.736753e-09
4.168573e-06
-7.7076869e-09
4.1619194e-06
-7.6658613e-09
4.1550555e-06
-7.6103488e-09
4.1479764e-06
-7.5389495e-09
4.1406794e-06
-7.4489788e-09
4.1331612e-06
-7.3394544e-09
4.1254206e-06
-7.2077451e-09
4.117457e-06
-7.0527943e-09
4.109268e-06
-6.87261e-09
4.1008502e-06
-6.6684929e-09
4.0921977e-06
-6.4421029e-09
4.0833024e-06
-6.1949135e-09
4.0741521e-06
-5.9279941e-09
4.0647309e-06
-5.6443219e-09
4.0550201e-06
-5.3447216e-09
4.0449969e-06
-5.0294249e-09
4.0346352e-06
-4.6989288e-09
4.0239078e-06
-4.3528887e-09
4.0127855e-06
-3.9872052e-09
4.0012407e-06
-3.5985797e-09
3.9892505e-06
-3.1843861e-09
3.9767965e-06
-2.7434339e-09
3.9638655e-06
-2.276074e-09
3.9504492e-06
-1.780232e-09
3.9365412e-06
-1.2558075e-09
3.9221387e-06
-7.0319617e-10
3.9072416e-06
-1.2227064e-10
3.8918498e-06
4.8694204e-10
3.8759641e-06
1.1238388e-09
3.8595867e-06
1.7912796e-09
3.8427203e-06
2.4877087e-09
3.8253825e-06
3.1931275e-09
3.8075971e-06
3.891687e-09
3.7893628e-06
4.6052597e-09
3.7706721e-06
5.3555147e-09
3.7515322e-06
6.1320367e-09
3.7319729e-06
6.9132762e-09
3.7119869e-06
7.704144e-09
3.6915307e-06
8.4968481e-09
3.6706145e-06
9.285642e-09
3.6492261e-06
1.0113645e-08
3.6273754e-06
1.0953703e-08
3.6050848e-06
1.1788223e-08
3.5823783e-06
1.2646188e-08
3.5592582e-06
1.3516173e-08
3.5359164e-06
1.4198425e-08
3.5126309e-06
1.4509637e-08
3.4891543e-06
1.5149733e-08
3.4654301e-06
1.5846855e-08
3.4414452e-06
1.652888e-08
3.4172383e-06
1.7180746e-08
3.3928598e-06
1.7808265e-08
3.3684143e-06
1.8383222e-08
3.344075e-06
1.8868078e-08
3.3197595e-06
1.943065e-08
3.2945291e-06
2.0475724e-08
3.2693461e-06
2.0595426e-08
3.2440586e-06
2.1109473e-08
3.2188193e-06
2.1555882e-08
3.1936716e-06
2.1948229e-08
3.1686132e-06
2.2347337e-08
3.1436271e-06
2.2756385e-08
3.1186561e-06
2.3200549e-08
3.0936946e-06
2.3628304e-08
3.0684687e-06
2.4231496e-08
3.0434459e-06
2.4519701e-08
3.0186131e-06
2.5358446e-08
2.9958395e-06
2.314355e-08
2.9725646e-06
2.3991163e-08
2.9490897e-06
2.4437072e-08
2.9254395e-06
2.4783767e-08
2.9017207e-06
2.5026058e-08
2.8779887e-06
2.5212158e-08
2.8543311e-06
2.5336187e-08
2.8307437e-06
2.5414487e-08
2.80741e-06
2.5440995e-08
2.7841084e-06
2.5416129e-08
2.7604458e-06
2.6151368e-08
2.733943e-06
2.6027232e-08
2.7077787e-06
2.5826363e-08
2.6818743e-06
2.5493458e-08
2.6560797e-06
2.5157431e-08
2.6301429e-06
2.487547e-08
2.6039825e-06
2.4561493e-08
2.5775205e-06
2.4263983e-08
2.5507136e-06
2.3958088e-08
2.5236337e-06
2.3570959e-08
2.497212e-06
2.3032572e-08
2.4710528e-06
2.2186029e-08
2.4448252e-06
2.1433578e-08
2.418261e-06
2.0735672e-08
2.3913286e-06
2.0003513e-08
2.3641147e-06
1.9229458e-08
2.3366754e-06
1.8412722e-08
2.3090698e-06
1.7570819e-08
2.2812352e-06
1.6777443e-08
2.2531192e-06
1.6058681e-08
2.2247073e-06
1.514065e-08
2.1962451e-06
1.4146403e-08
2.1678754e-06
1.3084309e-08
2.1396286e-06
1.1918627e-08
2.1115456e-06
1.0690983e-08
2.0836546e-06
9.4242489e-09
2.0560218e-06
8.1658129e-09
2.0287812e-06
6.9651263e-09
2.0019677e-06
5.745977e-09
1.9755774e-06
4.4888768e-09
1.9496057e-06
3.2172669e-09
1.9240494e-06
1.92995e-09
1.8989071e-06
6.1582783e-10
1.8742009e-06
-7.1337647e-10
1.8499721e-06
-2.0342847e-09
1.826283e-06
-3.3136924e-09
1.8031675e-06
-4.540035e-09
1.7806106e-06
-5.7223528e-09
1.7586301e-06
-6.8798647e-09
1.7372515e-06
-8.014065e-09
1.71647e-06
-9.1123775e-09
1.6962809e-06
-1.0166592e-08
1.6766846e-06
-1.1166496e-08
1.6576846e-06
-1.209931e-08
1.6392839e-06
-1.2960216e-08
1.6214819e-06
-1.3752116e-08
1.604259e-06
-1.4464304e-08
1.5875852e-06
-1.508376e-08
1.5714557e-06
-1.5615281e-08
1.555905e-06
-1.6094678e-08
1.5409396e-06
-1.650324e-08
1.5265671e-06
-1.6819192e-08
1.512743e-06
-1.7024587e-08
1.4992071e-06
-1.7042881e-08
1.485797e-06
-1.704609e-08
1.4727052e-06
-1.7159693e-08
1.4598484e-06
-1.7114849e-08
1.44712e-06
-1.7011512e-08
1.4347517e-06
-1.6949186e-08
1.4227043e-06
-1.6751478e-08
1.4109507e-06
-1.6450814e-08
1.399523e-06
-1.6108273e-08
1.3883739e-06
-1.5674746e-08
1.3774851e-06
-1.5176053e-08
1.3668482e-06
-1.4609948e-08
1.356435e-06
-1.3962772e-08
1.3462279e-06
-1.3238055e-08
1.3362142e-06
-1.243851e-08
1.3263805e-06
-1.1565071e-08
1.316717e-06
-1.0621795e-08
1.3072146e-06
-9.6104267e-09
1.297867e-06
-8.5365919e-09
1.2886673e-06
-7.4026612e-09
1.2796111e-06
-6.2144432e-09
1.2706936e-06
-4.9772422e-09
1.2619109e-06
-3.6958729e-09
1.2532604e-06
-2.3776048e-09
1.244741e-06
-1.0309331e-09
1.2363526e-06
3.4016256e-10
1.2280953e-06
1.7306547e-09
1.2199719e-06
3.1324894e-09
1.2119851e-06
4.53988e-09
1.2041371e-06
5.9497562e-09
1.1964283e-06
7.3600948e-09
1.1888586e-06
8.7682297e-09
1.1814282e-06
1.0170051e-08
1.1741379e-06
1.1559954e-08
1.166989e-06
1.2932353e-08
1.1599836e-06
1.4281686e-08
1.1531238e-06
1.5603074e-08
1.1464122e-06
1.6892457e-08
1.1398517e-06
1.8146828e-08
1.1334455e-06
1.9363732e-08
1.127197e-06
2.0541286e-08
1.1211092e-06
2.1677546e-08
1.1151851e-06
2.2770708e-08
1.1094275e-06
2.3819237e-08
1.1038386e-06
2.4822315e-08
1.0984206e-06
2.577975e-08
1.0931755e-06
2.6691785e-08
1.0881057e-06
2.755881e-08
1.0832133e-06
2.8381769e-08
1.0785004e-06
2.9161591e-08
1.0739682e-06
2.990034e-08
1.069618e-06
3.0598878e-08
1.0654514e-06
3.125953e-08
1.061469e-06
3.1884687e-08
1.0576692e-06
3.2477939e-08
1.0540515e-06
3.3041735e-08
1.0506242e-06
3.3579364e-08
1.0474062e-06
3.4095665e-08
1.0443942e-06
3.4585593e-08
1.0415719e-06
3.5059064e-08
1.0389116e-06
3.5517688e-08
1.0364181e-06
3.5962334e-08
1.034132e-06
3.6391577e-08
1.0320824e-06
3.6802826e-08
1.0302712e-06
3.7199317e-08
1.0286953e-06
3.7575416e-08
1.0273537e-06
3.7942141e-08
1.0262484e-06
3.8296281e-08
1.0253892e-06
3.8628918e-08
1.0247862e-06
3.8940126e-08
1.0244711e-06
3.9220946e-08
1.0244339e-06
3.9496111e-08
1.0246838e-06
3.974235e-08
1.0252873e-06
3.9926502e-08
1.0262542e-06
4.007943e-08
1.0275611e-06
4.0203376e-08
1.0291459e-06
4.0346418e-08
1.0310902e-06
4.0410096e-08
1.0334785e-06
4.0384451e-08
1.0362462e-06
4.0236797e-08
1.0393443e-06
3.9978229e-08
1.0430462e-06
3.9578444e-08
1.0473586e-06
3.9009855e-08
1.0521786e-06
3.831238e-08
1.0573251e-06
3.7637607e-08
1.0623405e-06
3.7228967e-08
1.0671435e-06
3.6663074e-08
1.0723155e-06
3.5501552e-08
1.0778665e-06
3.4317664e-08
1.0841186e-06
3.3134336e-08
1.0908934e-06
3.2007274e-08
1.0976986e-06
3.0882968e-08
1.1045799e-06
2.9853471e-08
1.1116168e-06
2.8918953e-08
1.1188345e-06
2.7935207e-08
1.1263295e-06
2.6961243e-08
1.1341742e-06
2.6049233e-08
1.1423932e-06
2.5183309e-08
1.1509781e-06
2.4334687e-08
1.1599309e-06
2.3503191e-08
1.1692808e-06
2.2693673e-08
1.1790545e-06
2.1894035e-08
1.1892864e-06
2.1095403e-08
1.2000104e-06
2.0292936e-08
1.2112594e-06
1.9482039e-08
1.22307e-06
1.8660897e-08
1.2354826e-06
1.7828296e-08
1.2485375e-06
1.6982708e-08
1.2622701e-06
1.6118503e-08
1.2767135e-06
1.5230171e-08
1.2918999e-06
1.431107e-08
1.3078549e-06
1.3352642e-08
1.324594e-06
1.2345912e-08
1.3421182e-06
1.1284372e-08
1.3604108e-06
1.0160879e-08
1.3794338e-06
8.970678e-09
1.3991279e-06
7.7074738e-09
1.4194151e-06
6.3642878e-09
1.4401905e-06
4.9411879e-09
1.4613196e-06
3.440451e-09
1.4826479e-06
1.8571695e-09
1.5039947e-06
1.94468e-10
1.5251646e-06
-1.5470727e-09
1.5459379e-06
-3.3621683e-09
1.566085e-06
-5.2449431e-09
1.5853718e-06
-7.1935169e-09
1.6035607e-06
-9.1904702e-09
1.6204234e-06
-1.1236556e-08
1.6357587e-06
-1.3322168e-08
1.6493631e-06
-1.5417291e-08
1.6610996e-06
-1.7557766e-08
1.6707768e-06
-1.9615876e-08
1.6783609e-06
-2.1773214e-08
1.6838202e-06
-2.3798501e-08
1.6870622e-06
-2.5839935e-08
1.6877077e-06
-2.7898781e-08
1.6867597e-06
-2.9871102e-08
1.6844888e-06
-3.1720381e-08
1.6802489e-06
-3.3545096e-08
1.6748029e-06
-3.5951287e-08
1.6669147e-06
-3.7513242e-08
1.6575622e-06
-3.904596e-08
1.6468839e-06
-4.0583401e-08
1.6350811e-06
-4.2050504e-08
1.6222495e-06
-4.3439396e-08
1.608543e-06
-4.4751286e-08
1.5940872e-06
-4.5971819e-08
1.5790134e-06
-4.7106789e-08
1.5634311e-06
-4.8138513e-08
1.5474258e-06
-4.905888e-08
1.5311095e-06
-4.9902289e-08
1.5145869e-06
-5.0660933e-08
1.4979216e-06
-5.1311874e-08
1.4811652e-06
-5.1846746e-08
1.4643674e-06
-5.2257811e-08
1.447579e-06
-5.2539285e-08
1.4308322e-06
-5.269294e-08
1.414162e-06
-5.2716181e-08
1.3976215e-06
-5.2590529e-08
1.3812619e-06
-5.2319202e-08
1.3651345e-06
-5.1901836e-08
1.3492884e-06
-5.1343659e-08
1.3337496e-06
-5.0653685e-08
1.3185363e-06
-4.9846749e-08
1.3036648e-06
-4.891755e-08
1.2891549e-06
-4.7876004e-08
1.275016e-06
-4.6712856e-08
1.261271e-06
-4.5436034e-08
1.2479245e-06
-4.4037584e-08
1.2349985e-06
-4.2522537e-08
1.2224891e-06
-4.0893004e-08
1.2104144e-06
-3.9133334e-08
1.1987671e-06
-3.7278808e-08
1.1875544e-06
-3.5256289e-08
1.1767789e-06
-3.3186504e-08
1.1664175e-06
-3.0871242e-08
1.1565007e-06
-2.8597141e-08
1.1469546e-06
-2.5953709e-08
1.1378566e-06
-2.3473131e-08
1.1290801e-06
-2.0473961e-08
1.120879e-06
-1.7713603e-08
1.1129548e-06
-1.4334552e-08
-1.0436841e-08
5.6225575e-06
1.3637074e-08
5.6329328e-06
2.6421466e-08
5.6470669e-06
4.4395018e-08
5.6627574e-06
5.2605289e-08
5.6777699e-06
6.0112555e-08
5.6919471e-06
6.456301e-08
5.7045365e-06
6.6472789e-08
5.7159685e-06
6.6809231e-08
5.726308e-06
6.6213765e-08
5.7359587e-06
6.4902652e-08
5.7450164e-06
6.3298073e-08
5.753398e-06
6.1469243e-08
5.7611804e-06
5.9491365e-08
5.7684345e-06
5.7528239e-08
5.7752331e-06
5.5513064e-08
5.7815879e-06
5.3631752e-08
5.7874957e-06
5.1763375e-08
5.7931787e-06
5.0089831e-08
5.7986626e-06
4.8502756e-08
5.8037605e-06
4.7124268e-08
5.8088657e-06
4.5820364e-08
5.813863e-06
4.4509626e-08
5.8186969e-06
4.3268197e-08
5.8233914e-06
4.2096372e-08
5.8279598e-06
4.0998969e-08
5.8324005e-06
3.9976319e-08
5.8367209e-06
3.9016204e-08
5.8409062e-06
3.8126737e-08
5.8449973e-06
3.7252978e-08
5.8490211e-06
3.6427057e-08
5.8529318e-06
3.5723525e-08
5.856743e-06
3.5076981e-08
5.8605608e-06
3.4452776e-08
5.864474e-06
3.383613e-08
5.8683218e-06
3.3250366e-08
5.8720609e-06
3.2702171e-08
5.8756982e-06
3.2183896e-08
5.8792279e-06
3.1691721e-08
5.8826585e-06
3.122245e-08
5.8859848e-06
3.0776278e-08
5.8892229e-06
3.0343993e-08
5.8923596e-06
2.9937118e-08
5.8954288e-06
2.9531614e-08
5.8984101e-06
2.9151626e-08
5.9013747e-06
2.8770606e-08
5.9043149e-06
2.8373291e-08
5.9075166e-06
2.7991647e-08
5.9108314e-06
2.7552693e-08
5.9128524e-06
2.7387098e-08
5.9147524e-06
2.72468e-08
5.91671e-06
2.6949849e-08
5.9186421e-06
2.6680647e-08
5.9205231e-06
2.6392186e-08
5.9223405e-06
2.6114348e-08
5.9240859e-06
2.5832943e-08
5.9257464e-06
2.5571338e-08
5.9273248e-06
2.5301233e-08
5.9288046e-06
2.5056321e-08
5.9301973e-06
2.4795809e-08
5.9314628e-06
2.4581736e-08
5.9326335e-06
2.432226e-08
5.9335814e-06
2.4202199e-08
5.9343746e-06
2.3946391e-08
5.9346199e-06
2.413891e-08
5.9345733e-06
2.3958269e-08
5.9354169e-06
2.2789973e-08
5.93656e-06
2.2454449e-08
5.937363e-06
2.2453016e-08
5.9379816e-06
2.2339388e-08
5.9384445e-06
2.2175187e-08
5.9387555e-06
2.2004609e-08
5.9389364e-06
2.1818151e-08
5.9389945e-06
2.1625825e-08
5.9389406e-06
2.143041e-08
5.9387736e-06
2.1233401e-08
5.9384973e-06
2.104198e-08
5.9381091e-06
2.0845419e-08
5.9376244e-06
2.0655577e-08
5.93703e-06
2.0456681e-08
5.9363643e-06
2.0263191e-08
5.9356115e-06
2.0052601e-08
5.9348364e-06
1.9838963e-08
5.9340689e-06
1.9579858e-08
5.9332982e-06
1.9326115e-08
5.9325456e-06
1.9064033e-08
5.9313324e-06
1.898121e-08
5.9298369e-06
1.8945755e-08
5.928202e-06
1.8771037e-08
5.9264767e-06
1.8599343e-08
5.9246785e-06
1.84128e-08
5.9228172e-06
1.8224122e-08
5.9208925e-06
1.8034981e-08
5.9189017e-06
1.7848618e-08
5.9168441e-06
1.7661459e-08
5.9147162e-06
1.747894e-08
5.9125211e-06
1.729343e-08
5.9102504e-06
1.711625e-08
5.9079147e-06
1.6930809e-08
5.9054969e-06
1.6762491e-08
5.9030136e-06
1.6576328e-08
5.9004387e-06
1.6420894e-08
5.8977756e-06
1.6246159e-08
5.8950139e-06
1.6102339e-08
5.8920753e-06
1.5980366e-08
5.8890693e-06
1.5804912e-08
5.8859085e-06
1.5681992e-08
5.8828817e-06
1.531052e-08
5.8798912e-06
1.5109946e-08
5.8769019e-06
1.4894157e-08
5.8738792e-06
1.4724602e-08
5.8708063e-06
1.4559291e-08
5.8676719e-06
1.4402414e-08
5.8644725e-06
1.4246988e-08
5.8612077e-06
1.4092134e-08
5.8578785e-06
1.3936504e-08
5.8544876e-06
1.378075e-08
5.8510368e-06
1.3623909e-08
5.8475296e-06
1.3467075e-08
5.8439675e-06
1.3310216e-08
5.8403544e-06
1.3153351e-08
5.8366911e-06
1.2996179e-08
5.8329824e-06
1.2839299e-08
5.8292303e-06
1.2680911e-08
5.8254394e-06
1.2523867e-08
5.8216213e-06
1.2358848e-08
5.8177733e-06
1.2197406e-08
5.8139275e-06
1.2016307e-08
5.8100593e-06
1.1847436e-08
5.8062e-06
1.1662745e-08
5.8022738e-06
1.1514522e-08
5.7982666e-06
1.1394981e-08
5.7941843e-06
1.1265489e-08
5.7900363e-06
1.113572e-08
5.785835e-06
1.100004e-08
5.7815913e-06
1.086051e-08
5.7773129e-06
1.071815e-08
5.7730062e-06
1.0574263e-08
5.7686757e-06
1.0429151e-08
5.7643236e-06
1.0284078e-08
5.7599521e-06
1.0138967e-08
5.7555625e-06
9.9949138e-09
5.7511556e-06
9.851624e-09
5.7467314e-06
9.709956e-09
5.7422914e-06
9.5683053e-09
5.7378347e-06
9.4288559e-09
5.7333627e-06
9.2893591e-09
5.728874e-06
9.1526937e-09
5.7243687e-06
9.0163135e-09
5.7198459e-06
8.8829974e-09
5.7153023e-06
8.7516794e-09
5.7107381e-06
8.6225054e-09
5.706146e-06
8.4966452e-09
5.701532e-06
8.369998e-09
5.6968894e-06
8.2435787e-09
5.692255e-06
8.0971305e-09
5.687622e-06
7.9596183e-09
5.682996e-06
7.818945e-09
5.6783769e-06
7.6818707e-09
5.6737628e-06
7.5483833e-09
5.6691513e-06
7.4182367e-09
5.6645404e-06
7.2908524e-09
5.6599288e-06
7.1663071e-09
5.6553132e-06
7.0441804e-09
5.6506924e-06
6.9242154e-09
5.6460653e-06
6.805712e-09
5.6414316e-06
6.688849e-09
5.6367906e-06
6.5726042e-09
5.6321425e-06
6.4575167e-09
5.6274882e-06
6.3432668e-09
5.6228277e-06
6.2297532e-09
5.6181618e-06
6.1166623e-09
5.6134912e-06
6.0047336e-09
5.6088172e-06
5.8928893e-09
5.6041407e-06
5.7819487e-09
5.5994624e-06
5.6708269e-09
5.5947849e-06
5.5601981e-09
5.5901077e-06
5.4502038e-09
5.5854362e-06
5.3382836e-09
5.5807663e-06
5.2295719e-09
5.5761063e-06
5.1175864e-09
5.5714465e-06
5.0116342e-09
5.5667839e-06
4.9132427e-09
5.5621137e-06
4.8124997e-09
5.5574403e-06
4.7124864e-09
5.5527663e-06
4.6147659e-09
5.5480909e-06
4.5180171e-09
5.543415e-06
4.4222528e-09
5.5387395e-06
4.3269273e-09
5.5340653e-06
4.2326183e-09
5.5293933e-06
4.1388533e-09
5.5247244e-06
4.0459964e-09
5.5200593e-06
3.9541428e-09
5.5153989e-06
3.8631414e-09
5.5107431e-06
3.7729824e-09
5.5060927e-06
3.683859e-09
5.5014484e-06
3.5955936e-09
5.4968098e-06
3.5081578e-09
5.4921782e-06
3.421726e-09
5.4875529e-06
3.3359076e-09
5.482935e-06
3.2511664e-09
5.4783242e-06
3.1670075e-09
5.4737209e-06
3.0837417e-09
5.4691253e-06
3.0007508e-09
5.4645374e-06
2.9184291e-09
5.4599575e-06
2.8373104e-09
5.455387e-06
2.7552916e-09
5.4508233e-06
2.6752605e-09
5.4462702e-06
2.5937066e-09
5.4417234e-06
2.515836e-09
5.4371902e-06
2.4329632e-09
5.4326677e-06
2.3527291e-09
5.4281529e-06
2.2753639e-09
5.4236467e-06
2.1976772e-09
5.4191488e-06
2.1191129e-09
5.4146595e-06
2.0417676e-09
5.4101791e-06
1.964866e-09
5.4057074e-06
1.8874982e-09
5.4012441e-06
1.8103248e-09
5.3967892e-06
1.7333455e-09
5.3923427e-06
1.655712e-09
5.387903e-06
1.5777579e-09
5.38347e-06
1.5003669e-09
5.3790433e-06
1.4230759e-09
5.3746232e-06
1.3466632e-09
5.3702099e-06
1.2708186e-09
5.3658039e-06
1.1960948e-09
5.361406e-06
1.122884e-09
5.3570172e-06
1.0501648e-09
5.352638e-06
9.783383e-10
5.3482693e-06
9.0749586e-10
5.3439118e-06
8.3615292e-10
5.3395646e-06
7.6412299e-10
5.335228e-06
6.906018e-10
5.3309003e-06
6.1558092e-10
5.3265804e-06
5.3886362e-10
5.3222662e-06
4.6089266e-10
5.3179562e-06
3.8147707e-10
5.31365e-06
3.0257397e-10
5.3093461e-06
2.2409363e-10
5.3050435e-06
1.4657831e-10
5.3007433e-06
7.1278983e-11
5.2964465e-06
-2.7320368e-12
5.2921542e-06
-7.4676265e-11
5.2878681e-06
-1.4457635e-10
5.28359e-06
-2.1163427e-10
5.2793207e-06
-2.7749891e-10
5.2750623e-06
-3.4256997e-10
5.270814e-06
-4.0665338e-10
5.266576e-06
-4.7078386e-10
5.2623461e-06
-5.3560223e-10
5.2581228e-06
-6.008043e-10
5.2539027e-06
-6.6713435e-10
5.2496833e-06
-7.3489526e-10
5.2454608e-06
-8.0373352e-10
5.2412321e-06
-8.7343022e-10
5.236994e-06
-9.4332275e-10
5.2327454e-06
-1.0126104e-09
5.2284846e-06
-1.0810499e-09
5.2242112e-06
-1.1470975e-09
5.2199261e-06
-1.2106147e-09
5.2156311e-06
-1.271073e-09
5.211328e-06
-1.3275172e-09
5.2070205e-06
-1.3797536e-09
5.202712e-06
-1.4274222e-09
5.198406e-06
-1.4703896e-09
5.1941058e-06
-1.5091999e-09
5.1898163e-06
-1.543091e-09
5.1855407e-06
-1.5728636e-09
5.1812829e-06
-1.5989188e-09
5.1770464e-06
-1.6217072e-09
5.1728338e-06
-1.6420194e-09
5.1686486e-06
-1.6593149e-09
5.1644936e-06
-1.6751942e-09
5.1603706e-06
-1.6897079e-09
5.1562818e-06
-1.7028836e-09
5.1522297e-06
-1.7160851e-09
5.1482161e-06
-1.7284432e-09
5.1442429e-06
-1.7413888e-09
5.1403127e-06
-1.7544455e-09
5.1364283e-06
-1.7679058e-09
5.1325917e-06
-1.7827153e-09
5.1288066e-06
-1.7979742e-09
5.1250758e-06
-1.8146937e-09
5.1214013e-06
-1.8333615e-09
5.1177863e-06
-1.853365e-09
5.1142328e-06
-1.8757187e-09
5.1107416e-06
-1.9007111e-09
5.1073134e-06
-1.9279081e-09
5.1039483e-06
-1.9584085e-09
5.1006451e-06
-1.9922193e-09
5.0974013e-06
-2.0302511e-09
5.0942132e-06
-2.0728783e-09
5.0910759e-06
-2.1209074e-09
5.0879826e-06
-2.1759776e-09
5.0849253e-06
-2.2383051e-09
5.0818942e-06
-2.308862e-09
5.0788783e-06
-2.3886706e-09
5.075865e-06
-2.4776163e-09
5.0728416e-06
-2.5763258e-09
5.0697933e-06
-2.6849007e-09
5.066706e-06
-2.8020377e-09
5.0635656e-06
-2.9273064e-09
5.0603584e-06
-3.060078e-09
5.0570729e-06
-3.1980325e-09
5.0536973e-06
-3.3410239e-09
5.0502233e-06
-3.4864214e-09
5.0466429e-06
-3.6339305e-09
5.0429496e-06
-3.7816528e-09
5.0391389e-06
-3.9278523e-09
5.0352082e-06
-4.0707984e-09
5.0311557e-06
-4.2104507e-09
5.0269819e-06
-4.3438377e-09
5.0226888e-06
-4.4709534e-09
5.0182794e-06
-4.5909188e-09
5.0137611e-06
-4.7019353e-09
5.0091412e-06
-4.8041766e-09
5.0044284e-06
-4.8957847e-09
4.9996348e-06
-4.9762883e-09
4.994773e-06
-5.0449676e-09
4.9898567e-06
-5.1018447e-09
4.9849019e-06
-5.1458167e-09
4.9799234e-06
-5.1771627e-09
4.9749375e-06
-5.1946385e-09
4.9699615e-06
-5.2000533e-09
4.9650124e-06
-5.190961e-09
4.9601071e-06
-5.1698179e-09
4.9552634e-06
-5.1352664e-09
4.9504983e-06
-5.0898197e-09
4.9458287e-06
-5.0340216e-09
4.9412688e-06
-4.9698423e-09
4.9368338e-06
-4.898459e-09
4.9325366e-06
-4.8222524e-09
4.9283872e-06
-4.7424917e-09
4.9243923e-06
-4.6610822e-09
4.9205569e-06
-4.5791402e-09
4.9168836e-06
-4.4993369e-09
4.9133713e-06
-4.4247468e-09
4.9100144e-06
-4.3575228e-09
4.906804e-06
-4.2996162e-09
4.9037266e-06
-4.2551895e-09
4.9007652e-06
-4.2248396e-09
4.8978984e-06
-4.2115351e-09
4.8951018e-06
-4.2173847e-09
4.8923483e-06
-4.2424033e-09
4.889609e-06
-4.288506e-09
4.8868527e-06
-4.3568744e-09
4.8840477e-06
-4.4448134e-09
4.8811615e-06
-4.5532778e-09
4.8781616e-06
-4.6806239e-09
4.8750175e-06
-4.8238298e-09
4.8717017e-06
-4.9818922e-09
4.8681878e-06
-5.1527587e-09
4.8644551e-06
-5.3323683e-09
4.8604872e-06
-5.5181242e-09
4.8562728e-06
-5.7063505e-09
4.8518052e-06
-5.8936029e-09
4.8470836e-06
-6.0760224e-09
4.8421103e-06
-6.2509438e-09
4.8368943e-06
-6.4149583e-09
4.8314487e-06
-6.5659154e-09
4.8257893e-06
-6.7013906e-09
4.8199368e-06
-6.8203989e-09
4.8139122e-06
-6.9232682e-09
4.8077384e-06
-7.0085018e-09
4.8014394e-06
-7.0768382e-09
4.7950395e-06
-7.1275865e-09
4.7885636e-06
-7.1594255e-09
4.7820382e-06
-7.1719986e-09
4.7754897e-06
-7.1652688e-09
4.7689453e-06
-7.137646e-09
4.7624315e-06
-7.0902879e-09
4.7559751e-06
-7.0230546e-09
4.7496016e-06
-6.9368595e-09
4.7433348e-06
-6.8347048e-09
4.7371944e-06
-6.7182904e-09
4.7311979e-06
-6.5907324e-09
4.7253589e-06
-6.4563035e-09
4.7196857e-06
-6.3185279e-09
4.7141838e-06
-6.1815553e-09
4.7088535e-06
-6.0488388e-09
4.7036905e-06
-5.9243472e-09
4.6986865e-06
-5.8110676e-09
4.6938304e-06
-5.710922e-09
4.6891076e-06
-5.6264708e-09
4.6845009e-06
-5.5596088e-09
4.67999e-06
-5.5107443e-09
4.6755525e-06
-5.480786e-09
4.6711627e-06
-5.4689542e-09
4.6667946e-06
-5.4738702e-09
4.6624204e-06
-5.4948819e-09
4.6580133e-06
-5.5299889e-09
4.6535467e-06
-5.5782157e-09
4.6489948e-06
-5.6380736e-09
4.6443339e-06
-5.7057674e-09
4.6395427e-06
-5.7802265e-09
4.6346023e-06
-5.8592842e-09
4.6294962e-06
-5.9412337e-09
4.6242111e-06
-6.023158e-09
4.6187361e-06
-6.1038903e-09
4.6130628e-06
-6.181518e-09
4.6071862e-06
-6.2530541e-09
4.6011036e-06
-6.3169776e-09
4.5948137e-06
-6.3719741e-09
4.5883172e-06
-6.4162289e-09
4.581614e-06
-6.4493224e-09
4.574704e-06
-6.4701426e-09
4.5675862e-06
-6.4784493e-09
4.560257e-06
-6.4746137e-09
4.5527111e-06
-6.4559531e-09
4.5449418e-06
-6.4216503e-09
4.5369421e-06
-6.3704251e-09
4.5287048e-06
-6.2994845e-09
4.5202212e-06
-6.2076935e-09
4.5114829e-06
-6.0930572e-09
4.5024793e-06
-5.9542815e-09
4.4931996e-06
-5.7892997e-09
4.4836313e-06
-5.5994396e-09
4.473759e-06
-5.3855254e-09
4.4635663e-06
-5.1495768e-09
4.4530336e-06
-4.8925637e-09
4.4421361e-06
-4.6146336e-09
4.4308452e-06
-4.3162909e-09
4.4191305e-06
-3.997616e-09
4.4069574e-06
-3.6574987e-09
4.3942919e-06
-3.2983083e-09
4.381096e-06
-2.9149581e-09
4.3673276e-06
-2.5000064e-09
4.3529449e-06
-2.0490023e-09
4.3379099e-06
-1.562479e-09
4.3221917e-06
-1.0451693e-09
4.3057621e-06
-4.9483839e-10
4.288598e-06
8.610046e-11
4.2706813e-06
6.9257178e-10
4.2519902e-06
1.3279791e-09
4.2324997e-06
1.9950028e-09
4.2121934e-06
2.6858378e-09
4.191055e-06
3.4064507e-09
4.1690723e-06
4.1571071e-09
4.14622e-06
4.9334998e-09
4.1224451e-06
5.7479501e-09
4.0977538e-06
6.5600689e-09
4.0721168e-06
7.433504e-09
4.045547e-06
8.3293124e-09
4.0180512e-06
9.2443462e-09
3.9896951e-06
1.0138506e-08
3.9606965e-06
1.0840286e-08
3.9311009e-06
1.1489952e-08
3.9007578e-06
1.2348493e-08
3.8697007e-06
1.3220802e-08
3.8379834e-06
1.4080789e-08
3.8057283e-06
1.4901023e-08
3.773087e-06
1.5647735e-08
3.7398569e-06
1.6472296e-08
3.7056767e-06
1.7323823e-08
3.6708771e-06
1.8212486e-08
3.6356796e-06
1.8993021e-08
3.6002527e-06
1.9649947e-08
3.5646327e-06
2.0298307e-08
3.528835e-06
2.0964321e-08
3.4929147e-06
2.1572666e-08
3.4566664e-06
2.2353606e-08
3.4205196e-06
2.2861198e-08
3.3844956e-06
2.3952172e-08
3.3504387e-06
2.2203028e-08
3.3160876e-06
2.3140892e-08
3.2817549e-06
2.3727023e-08
3.2474954e-06
2.4231811e-08
3.2134351e-06
2.4640015e-08
3.1796502e-06
2.4998683e-08
3.1462362e-06
2.530159e-08
3.1131944e-06
2.5563916e-08
3.0807248e-06
2.5731891e-08
3.0484521e-06
2.5922486e-08
3.0160137e-06
2.7027275e-08
2.9813987e-06
2.7022732e-08
2.9476994e-06
2.7013174e-08
2.9145438e-06
2.6982896e-08
2.8817912e-06
2.6991672e-08
2.8492861e-06
2.7039372e-08
2.8169501e-06
2.7094417e-08
2.7847235e-06
2.7137554e-08
2.7525505e-06
2.7194608e-08
2.7204319e-06
2.7237e-08
2.6884559e-06
2.7240499e-08
2.6576548e-06
2.6976887e-08
2.6272012e-06
2.6531049e-08
2.5967743e-06
2.6222099e-08
2.5661706e-06
2.5938947e-08
2.5354155e-06
2.5619521e-08
2.5045917e-06
2.5278242e-08
2.4737207e-06
2.4894314e-08
2.4428445e-06
2.4494203e-08
2.4120017e-06
2.4049244e-08
2.3810643e-06
2.3638299e-08
2.3498852e-06
2.3194506e-08
2.318466e-06
2.2487795e-08
2.2870436e-06
2.1731928e-08
2.255774e-06
2.0933762e-08
2.2247036e-06
2.009399e-08
2.1938573e-06
1.9220206e-08
2.1632486e-06
1.8324159e-08
2.1329002e-06
1.7416028e-08
2.1028564e-06
1.6540479e-08
2.0732494e-06
1.56232e-08
2.0440012e-06
1.4614653e-08
2.0151177e-06
1.356595e-08
1.9866059e-06
1.2489411e-08
1.9584649e-06
1.1360051e-08
1.930717e-06
1.0196239e-08
1.903397e-06
9.006742e-09
1.876553e-06
7.8176838e-09
1.8502412e-06
6.6563763e-09
1.8244594e-06
5.4989786e-09
1.7992076e-06
4.3257633e-09
1.7745308e-06
3.1168015e-09
1.7504605e-06
1.884795e-09
1.7270009e-06
6.455747e-10
1.704155e-06
-5.9062666e-10
1.681936e-06
-1.8146444e-09
1.6603747e-06
-3.0179854e-09
1.6394904e-06
-4.1869499e-09
1.6192665e-06
-5.303856e-09
1.5996659e-06
-6.3728405e-09
1.5806618e-06
-7.4063324e-09
1.5622408e-06
-8.4065563e-09
1.5443927e-06
-9.368708e-09
1.5271077e-06
-1.0283705e-08
1.5103784e-06
-1.1142142e-08
1.4941973e-06
-1.19397e-08
1.4785501e-06
-1.2673058e-08
1.4634243e-06
-1.3334379e-08
1.4488152e-06
-1.3919577e-08
1.434723e-06
-1.4440442e-08
1.4211238e-06
-1.4911065e-08
1.4079832e-06
-1.5303228e-08
1.3952566e-06
-1.5585291e-08
1.3829151e-06
-1.5764269e-08
1.3709855e-06
-1.5830596e-08
1.3593873e-06
-1.5829526e-08
1.3479586e-06
-1.5794162e-08
1.3367599e-06
-1.5684313e-08
1.3258331e-06
-1.5576992e-08
1.3151205e-06
-1.5465592e-08
1.3046691e-06
-1.5280822e-08
1.2945154e-06
-1.5045775e-08
1.2846204e-06
-1.4746452e-08
1.2749744e-06
-1.4365144e-08
1.265557e-06
-1.3916914e-08
1.2563457e-06
-1.3397343e-08
1.2473297e-06
-1.2803616e-08
1.2384991e-06
-1.2139266e-08
1.2298437e-06
-1.1405743e-08
1.2213554e-06
-1.0604711e-08
1.2130286e-06
-9.741449e-09
1.2048571e-06
-8.8163086e-09
1.1968367e-06
-7.8355415e-09
1.188963e-06
-6.8000787e-09
1.1812328e-06
-5.716021e-09
1.1736444e-06
-4.5887498e-09
1.1661958e-06
-3.421706e-09
1.1588872e-06
-2.2230195e-09
1.1517184e-06
-9.9922293e-10
1.1446903e-06
2.4549029e-10
1.1378058e-06
1.505557e-09
1.1310671e-06
2.7743501e-09
1.1244778e-06
4.0461106e-09
1.1180403e-06
5.3197624e-09
1.1117544e-06
6.5961951e-09
1.1056191e-06
7.8742546e-09
1.099634e-06
9.1499244e-09
1.0937995e-06
1.0417706e-08
1.0881163e-06
1.1672162e-08
1.0825858e-06
1.2907877e-08
1.0772095e-06
1.412028e-08
1.0719893e-06
1.530548e-08
1.0669276e-06
1.6460348e-08
1.062027e-06
1.7582422e-08
1.0572901e-06
1.8669838e-08
1.0527191e-06
1.9721043e-08
1.0483164e-06
2.0734273e-08
1.0440837e-06
2.1707995e-08
1.0400231e-06
2.2641401e-08
1.0361364e-06
2.3534141e-08
1.0324251e-06
2.4386643e-08
1.0288908e-06
2.5199162e-08
1.0255354e-06
2.5972722e-08
1.02236e-06
2.6708613e-08
1.0193651e-06
2.74073e-08
1.0165512e-06
2.8069731e-08
1.0139237e-06
2.8698728e-08
1.011498e-06
2.9300863e-08
1.0092703e-06
2.986936e-08
1.0072276e-06
3.0411039e-08
1.0053501e-06
3.0928052e-08
1.0036178e-06
3.1420323e-08
1.002062e-06
3.1894035e-08
1.0007131e-06
3.2350429e-08
9.9958997e-07
3.2795981e-08
9.9869402e-07
3.322959e-08
9.9801839e-07
3.3650975e-08
9.9756714e-07
3.4057775e-08
9.9734743e-07
3.4448465e-08
9.9735329e-07
3.4829452e-08
9.9759544e-07
3.5196982e-08
9.981032e-07
3.5533905e-08
9.9889118e-07
3.5848199e-08
9.9997831e-07
3.6135873e-08
1.0013636e-06
3.6403021e-08
1.0030089e-06
3.6703448e-08
1.0049201e-06
3.6987801e-08
1.0071273e-06
3.7214714e-08
1.0097236e-06
3.7383616e-08
1.0127233e-06
3.7481099e-08
1.0160576e-06
3.7506926e-08
1.0199274e-06
3.7446977e-08
1.0243768e-06
3.7293871e-08
1.029286e-06
3.7096048e-08
1.0343985e-06
3.7028926e-08
1.0395429e-06
3.7019915e-08
1.0448138e-06
3.6762162e-08
1.0503984e-06
3.6177543e-08
1.0564733e-06
3.541985e-08
1.0633587e-06
3.4601567e-08
1.0709227e-06
3.3760308e-08
1.0786116e-06
3.2863143e-08
1.0863741e-06
3.1976524e-08
1.0941506e-06
3.1139701e-08
1.1021017e-06
3.0193351e-08
1.1102761e-06
2.9194625e-08
1.1187383e-06
2.8226489e-08
1.1275473e-06
2.7304703e-08
1.1366525e-06
2.6396331e-08
1.1460449e-06
2.552162e-08
1.1557517e-06
2.470141e-08
1.1658058e-06
2.3919067e-08
1.1762345e-06
2.3151971e-08
1.1870724e-06
2.2394341e-08
1.1983597e-06
2.1647114e-08
1.2101271e-06
2.0909514e-08
1.2224007e-06
2.0178017e-08
1.2352081e-06
1.9448145e-08
1.248578e-06
1.8714235e-08
1.2625404e-06
1.7972948e-08
1.2771262e-06
1.7221061e-08
1.2923656e-06
1.6455313e-08
1.3082855e-06
1.5669251e-08
1.3249061e-06
1.4857494e-08
1.3422382e-06
1.4014172e-08
1.3602775e-06
1.3133437e-08
1.3790043e-06
1.2206375e-08
1.3983832e-06
1.1224098e-08
1.4183584e-06
1.0178509e-08
1.438851e-06
9.0645331e-09
1.4597577e-06
7.8754203e-09
1.480945e-06
6.6079839e-09
1.5022578e-06
5.2586135e-09
1.5235213e-06
3.8256993e-09
1.5445349e-06
2.3087163e-09
1.5650843e-06
7.0773831e-10
1.5849436e-06
-9.7559916e-10
1.6038826e-06
-2.7377469e-09
1.6216703e-06
-4.5690705e-09
1.6380875e-06
-6.4698615e-09
1.6529391e-06
-8.4291205e-09
1.6660342e-06
-1.0426242e-08
1.6772429e-06
-1.2482698e-08
1.6863878e-06
-1.4485545e-08
1.6934429e-06
-1.6590398e-08
1.6983668e-06
-1.856446e-08
1.7010334e-06
-2.0601034e-08
1.7012363e-06
-2.2679293e-08
1.700146e-06
-2.4642725e-08
1.697588e-06
-2.6618923e-08
1.6929662e-06
-2.844334e-08
1.6868352e-06
-3.0503151e-08
1.6793801e-06
-3.2527304e-08
1.6697494e-06
-3.4109467e-08
1.6589863e-06
-3.571775e-08
1.6471856e-06
-3.7230146e-08
1.6344551e-06
-3.8708e-08
1.6209262e-06
-4.0112327e-08
1.6067194e-06
-4.1437322e-08
1.5919398e-06
-4.2681813e-08
1.5766822e-06
-4.3833168e-08
1.5610238e-06
-4.4890891e-08
1.5450474e-06
-4.585347e-08
1.5288375e-06
-4.6723682e-08
1.5124263e-06
-4.7493213e-08
1.4958389e-06
-4.8154091e-08
1.4791226e-06
-4.8711577e-08
1.4623365e-06
-4.9174206e-08
1.4455275e-06
-4.9526514e-08
1.4287396e-06
-4.9763308e-08
1.4120168e-06
-4.9888574e-08
1.3953991e-06
-4.9898305e-08
1.3789247e-06
-4.9773737e-08
1.3626298e-06
-4.9517456e-08
1.3465482e-06
-4.9128082e-08
1.3307147e-06
-4.8613017e-08
1.3151523e-06
-4.7971152e-08
1.2998817e-06
-4.721691e-08
1.2849179e-06
-4.6340893e-08
1.2702815e-06
-4.5359998e-08
1.2559822e-06
-4.4256026e-08
1.2420428e-06
-4.3050987e-08
1.2284684e-06
-4.1720896e-08
1.2152823e-06
-4.0290262e-08
1.2024834e-06
-3.8738621e-08
1.1900932e-06
-3.7073732e-08
1.1781086e-06
-3.5308635e-08
1.1665431e-06
-3.3387205e-08
1.1553997e-06
-3.1422038e-08
1.144673e-06
-2.9206843e-08
1.1343779e-06
-2.70511e-08
1.1244864e-06
-2.4501429e-08
1.1150248e-06
-2.2146935e-08
1.1059381e-06
-1.9224355e-08
1.0972776e-06
-1.6599028e-08
1.0889171e-06
-1.3246333e-08
-9.5167021e-09
5.6197432e-06
9.2848813e-09
5.6263684e-06
1.9796214e-08
5.6361502e-06
3.4613027e-08
5.6478197e-06
4.093615e-08
5.6596974e-06
4.8234807e-08
5.6716817e-06
5.2578335e-08
5.6829771e-06
5.5177291e-08
5.6935209e-06
5.6265075e-08
5.7033216e-06
5.6413561e-08
5.7122911e-06
5.5933002e-08
5.7205877e-06
5.5001646e-08
5.7283036e-06
5.3752843e-08
5.7355066e-06
5.228818e-08
5.7422847e-06
5.0750345e-08
5.7486507e-06
4.9146353e-08
5.754712e-06
4.757029e-08
5.7604641e-06
4.6011033e-08
5.7660465e-06
4.4507181e-08
5.7714622e-06
4.3086867e-08
5.7768252e-06
4.1760831e-08
5.7820743e-06
4.0571086e-08
5.7871676e-06
3.9416223e-08
5.7921129e-06
3.8322689e-08
5.7969147e-06
3.7294326e-08
5.801589e-06
3.6324339e-08
5.8061489e-06
3.5415944e-08
5.8106026e-06
3.4561598e-08
5.8149656e-06
3.3763265e-08
5.8192082e-06
3.30099e-08
5.82333e-06
3.2304369e-08
5.8274122e-06
3.1640932e-08
5.8314494e-06
3.1039114e-08
5.8354196e-06
3.0482351e-08
5.8392687e-06
2.9985903e-08
5.8430245e-06
2.9493342e-08
5.846707e-06
2.9019313e-08
5.8503281e-06
2.8561874e-08
5.853893e-06
2.8125916e-08
5.8574081e-06
2.7706564e-08
5.8608715e-06
2.7312254e-08
5.8642847e-06
2.6929922e-08
5.8676472e-06
2.6574215e-08
5.8709494e-06
2.6228716e-08
5.8741938e-06
2.5906726e-08
5.8773621e-06
2.5601276e-08
5.880426e-06
2.5308473e-08
5.8834129e-06
2.5003755e-08
5.8861637e-06
2.4800669e-08
5.8891421e-06
2.4407882e-08
5.8922562e-06
2.413164e-08
5.8953378e-06
2.3867272e-08
5.898378e-06
2.3639253e-08
5.9013559e-06
2.3413592e-08
5.9042729e-06
2.3196329e-08
5.9071223e-06
2.2982537e-08
5.9099138e-06
2.277802e-08
5.9126397e-06
2.2574309e-08
5.9153175e-06
2.2376815e-08
5.9179293e-06
2.218314e-08
5.9205182e-06
2.1991055e-08
5.9230473e-06
2.1792088e-08
5.9256446e-06
2.1603648e-08
5.9282481e-06
2.1341642e-08
5.9312165e-06
2.1168945e-08
5.9344191e-06
2.0754613e-08
5.9363592e-06
2.0848008e-08
5.9380873e-06
2.0724517e-08
5.9398898e-06
2.0649225e-08
5.9417241e-06
2.0503128e-08
5.9435422e-06
2.035578e-08
5.9453474e-06
2.0197703e-08
5.9471221e-06
2.0041156e-08
5.948861e-06
1.9884467e-08
5.9505587e-06
1.9730858e-08
5.9522121e-06
1.9577973e-08
5.9538189e-06
1.9433079e-08
5.9553753e-06
1.9287411e-08
5.9568779e-06
1.9150133e-08
5.9583205e-06
1.9012333e-08
5.9596908e-06
1.8890916e-08
5.9609698e-06
1.8771137e-08
5.9620896e-06
1.8716531e-08
5.9629998e-06
1.8666887e-08
5.9634642e-06
1.8858928e-08
5.963997e-06
1.8528528e-08
5.9653644e-06
1.7610765e-08
5.9667552e-06
1.7551812e-08
5.9679555e-06
1.7567698e-08
5.9690432e-06
1.7509056e-08
5.97003e-06
1.7422489e-08
5.9709218e-06
1.732899e-08
5.9717304e-06
1.722295e-08
5.9724613e-06
1.7113838e-08
5.9731182e-06
1.7000436e-08
5.973706e-06
1.6887209e-08
5.9742245e-06
1.6770786e-08
5.9746801e-06
1.6656466e-08
5.9750677e-06
1.6538561e-08
5.9754012e-06
1.6423904e-08
5.9756688e-06
1.6304003e-08
5.9758984e-06
1.6186553e-08
5.9760843e-06
1.6054925e-08
5.9762573e-06
1.5923658e-08
5.9764836e-06
1.5748697e-08
5.9766971e-06
1.5585736e-08
5.976981e-06
1.5392066e-08
5.9769253e-06
1.5359944e-08
5.9766889e-06
1.5339502e-08
5.976323e-06
1.5253364e-08
5.9758822e-06
1.5158474e-08
5.9753824e-06
1.5051848e-08
5.9748384e-06
1.4939269e-08
5.9742534e-06
1.4824176e-08
5.9736289e-06
1.4708708e-08
5.9729646e-06
1.4592766e-08
5.972259e-06
1.4478028e-08
5.9715112e-06
1.4362979e-08
5.9707198e-06
1.4249946e-08
5.9698847e-06
1.4135974e-08
5.9690031e-06
1.4025577e-08
5.968077e-06
1.3912455e-08
5.9671003e-06
1.3806274e-08
5.9660774e-06
1.3694393e-08
5.9649948e-06
1.3595602e-08
5.9638522e-06
1.3490363e-08
5.9626339e-06
1.3404319e-08
5.9613177e-06
1.3321022e-08
5.9599213e-06
1.3232108e-08
5.9584187e-06
1.3152868e-08
5.9569927e-06
1.2928337e-08
5.9556006e-06
1.2774239e-08
5.9542177e-06
1.263516e-08
5.9528229e-06
1.2516848e-08
5.9514011e-06
1.240814e-08
5.9499416e-06
1.2305491e-08
5.9484399e-06
1.2205578e-08
5.9468919e-06
1.2106836e-08
5.945297e-06
1.2008451e-08
5.9436555e-06
1.190996e-08
5.9419672e-06
1.1810982e-08
5.9402343e-06
1.1712043e-08
5.9384563e-06
1.1612299e-08
5.9366363e-06
1.1512613e-08
5.9347746e-06
1.1412329e-08
5.9328734e-06
1.1311635e-08
5.9309335e-06
1.1210793e-08
5.9289573e-06
1.1109437e-08
5.9269468e-06
1.1007494e-08
5.9249053e-06
1.0904904e-08
5.9228379e-06
1.0798423e-08
5.9207479e-06
1.0691189e-08
5.9186464e-06
1.0576759e-08
5.9165347e-06
1.0459491e-08
5.9144083e-06
1.0347128e-08
5.9122318e-06
1.0250576e-08
5.9100002e-06
1.0167164e-08
5.907714e-06
1.0080479e-08
5.9053757e-06
9.994634e-09
5.9029918e-06
9.9060022e-09
5.9005674e-06
9.8159818e-09
5.8981058e-06
9.7246993e-09
5.8956112e-06
9.6322958e-09
5.8930879e-06
9.5379749e-09
5.8905389e-06
9.4425516e-09
5.8879671e-06
9.3465458e-09
5.8853731e-06
9.2499479e-09
5.8827586e-06
9.1536565e-09
5.880124e-06
9.0575205e-09
5.8774698e-06
8.9614889e-09
5.8747963e-06
8.8663605e-09
5.8721034e-06
8.7717451e-09
5.8693908e-06
8.6775356e-09
5.866658e-06
8.5847978e-09
5.8639054e-06
8.4920462e-09
5.8611316e-06
8.4014626e-09
5.8583359e-06
8.3112925e-09
5.8555174e-06
8.2224507e-09
5.8526715e-06
8.1365519e-09
5.8498056e-06
8.0464027e-09
5.8469066e-06
7.9655225e-09
5.8439991e-06
7.8669977e-09
5.8410878e-06
7.7707463e-09
5.8381649e-06
7.6798723e-09
5.8352321e-06
7.588314e-09
5.8322903e-06
7.4982909e-09
5.8293382e-06
7.4102915e-09
5.8263748e-06
7.3239033e-09
5.8233999e-06
7.2387332e-09
5.8204126e-06
7.1544934e-09
5.8174131e-06
7.0716606e-09
5.8144005e-06
6.9898105e-09
5.8113752e-06
6.9090738e-09
5.8083375e-06
6.8291044e-09
5.8052876e-06
6.7494428e-09
5.802225e-06
6.6705508e-09
5.7991507e-06
6.5925958e-09
5.7960644e-06
6.5150965e-09
5.7929669e-06
6.4384591e-09
5.7898578e-06
6.3620309e-09
5.7867375e-06
6.2862937e-09
5.7836064e-06
6.210898e-09
5.7804644e-06
6.135974e-09
5.7773124e-06
6.0614744e-09
5.7741499e-06
5.9872538e-09
5.7709775e-06
5.9133316e-09
5.7677941e-06
5.8398233e-09
5.7646028e-06
5.7653975e-09
5.7613968e-06
5.6953988e-09
5.7581816e-06
5.6245022e-09
5.7549538e-06
5.5514637e-09
5.7517155e-06
5.4791123e-09
5.7484682e-06
5.4071672e-09
5.7452125e-06
5.3346128e-09
5.7419476e-06
5.2619886e-09
5.7386747e-06
5.1899867e-09
5.7353933e-06
5.1174127e-09
5.732104e-06
5.0446181e-09
5.7288073e-06
4.9716604e-09
5.725503e-06
4.8981512e-09
5.7221911e-06
4.82409e-09
5.7188717e-06
4.7498672e-09
5.7155452e-06
4.6756634e-09
5.7122112e-06
4.6014224e-09
5.7088703e-06
4.5276418e-09
5.7055227e-06
4.4541513e-09
5.7021689e-06
4.3812514e-09
5.6988098e-06
4.3092889e-09
5.6954463e-06
4.2374984e-09
5.6920782e-06
4.1661474e-09
5.6887068e-06
4.0950967e-09
5.6853317e-06
4.0235868e-09
5.6819531e-06
3.9510826e-09
5.678571e-06
3.8778181e-09
5.6751843e-06
3.8025263e-09
5.6717928e-06
3.7267336e-09
5.6683946e-06
3.6490522e-09
5.6649895e-06
3.5711336e-09
5.6615762e-06
3.4933771e-09
5.6581554e-06
3.4153325e-09
5.6547278e-06
3.3375001e-09
5.6512935e-06
3.260888e-09
5.6478533e-06
3.1857694e-09
5.6444071e-06
3.1125693e-09
5.6409554e-06
3.0410421e-09
5.6374998e-06
2.9716105e-09
5.6340405e-06
2.9026395e-09
5.630578e-06
2.8347085e-09
5.6271116e-06
2.7673268e-09
5.6236412e-06
2.6997524e-09
5.6201654e-06
2.6319733e-09
5.6166833e-06
2.5633526e-09
5.6131929e-06
2.4934135e-09
5.609693e-06
2.4225213e-09
5.6061811e-06
2.3508862e-09
5.6026559e-06
2.278544e-09
5.5991168e-06
2.2064763e-09
5.5955619e-06
2.1349331e-09
5.5919919e-06
2.0646835e-09
5.588407e-06
1.9964403e-09
5.5848081e-06
1.9305424e-09
5.5811973e-06
1.8677864e-09
5.5775767e-06
1.808615e-09
5.5739488e-06
1.7532078e-09
5.5703162e-06
1.7021908e-09
5.5666822e-06
1.6552844e-09
5.5630501e-06
1.6124355e-09
5.5594233e-06
1.5739055e-09
5.5558043e-06
1.5388175e-09
5.5521966e-06
1.5076802e-09
5.5486028e-06
1.480037e-09
5.5450255e-06
1.4546249e-09
5.5414668e-06
1.4315336e-09
5.5379292e-06
1.4105912e-09
5.5344147e-06
1.3911072e-09
5.530924e-06
1.3725532e-09
5.5274598e-06
1.3547843e-09
5.5240224e-06
1.3375776e-09
5.520614e-06
1.3200054e-09
5.5172354e-06
1.302531e-09
5.5138883e-06
1.2846302e-09
5.5105742e-06
1.2655383e-09
5.5072937e-06
1.2454509e-09
5.5040485e-06
1.2241697e-09
5.5008393e-06
1.2009438e-09
5.4976669e-06
1.1759553e-09
5.4945309e-06
1.1483321e-09
5.491431e-06
1.1179897e-09
5.488366e-06
1.0846044e-09
5.4853344e-06
1.0475061e-09
5.4823334e-06
1.0061236e-09
5.4793601e-06
9.6003516e-10
5.4764098e-06
9.082699e-10
5.4734778e-06
8.505654e-10
5.4705582e-06
7.8551388e-10
5.4676432e-06
7.1251405e-10
5.4647249e-06
6.3106942e-10
5.4617948e-06
5.4086025e-10
5.4588427e-06
4.4107695e-10
5.4558594e-06
3.3181324e-10
5.4528346e-06
2.1321123e-10
5.4497583e-06
8.6113339e-11
5.4466219e-06
-4.866374e-11
5.4434166e-06
-1.9077362e-10
5.4401359e-06
-3.381051e-10
5.4367729e-06
-4.9046545e-10
5.433323e-06
-6.4558803e-10
5.4297829e-06
-8.0237106e-10
5.4261494e-06
-9.5939789e-10
5.4224218e-06
-1.1150556e-09
5.4186005e-06
-1.2676784e-09
5.4146864e-06
-1.4160726e-09
5.4106829e-06
-1.5584152e-09
5.4065938e-06
-1.6943336e-09
5.4024247e-06
-1.8222051e-09
5.3981825e-06
-1.9410291e-09
5.3938752e-06
-2.0505291e-09
5.389512e-06
-2.1489548e-09
5.3851032e-06
-2.2360047e-09
5.3806601e-06
-2.3107352e-09
5.3761932e-06
-2.3733353e-09
5.3717151e-06
-2.4222846e-09
5.3672375e-06
-2.4588331e-09
5.3627736e-06
-2.4814155e-09
5.358335e-06
-2.4915208e-09
5.353934e-06
-2.4875995e-09
5.3495829e-06
-2.4718836e-09
5.3452927e-06
-2.4435955e-09
5.3410745e-06
-2.4047444e-09
5.3369377e-06
-2.356249e-09
5.3328917e-06
-2.3000264e-09
5.3289425e-06
-2.2373823e-09
5.3250945e-06
-2.1703097e-09
5.3213505e-06
-2.1003879e-09
5.3177117e-06
-2.0298363e-09
5.3141768e-06
-1.9604123e-09
5.3107419e-06
-1.8941444e-09
5.3073997e-06
-1.8346697e-09
5.304142e-06
-1.7831976e-09
5.3009575e-06
-1.7427202e-09
5.2978309e-06
-1.7163391e-09
5.2947464e-06
-1.7048687e-09
5.2916845e-06
-1.7111961e-09
5.2886257e-06
-1.7362107e-09
5.2855476e-06
-1.781002e-09
5.2824273e-06
-1.846344e-09
5.2792413e-06
-1.9325466e-09
5.2759672e-06
-2.0383761e-09
5.2725835e-06
-2.1638349e-09
5.2690706e-06
-2.3074032e-09
5.2654107e-06
-2.4664328e-09
5.261589e-06
-2.6398594e-09
5.2575928e-06
-2.8249549e-09
5.2534134e-06
-3.0183509e-09
5.2490453e-06
-3.217473e-09
5.2444862e-06
-3.4182333e-09
5.2397364e-06
-3.6178034e-09
5.2348013e-06
-3.8123544e-09
5.2296877e-06
-3.9989918e-09
5.2244066e-06
-4.1749546e-09
5.2189713e-06
-4.3379185e-09
5.2133964e-06
-4.4851638e-09
5.2076991e-06
-4.6161168e-09
5.2018975e-06
-4.7302873e-09
5.1960102e-06
-4.826425e-09
5.190055e-06
-4.9044528e-09
5.1840502e-06
-4.9636282e-09
5.1780152e-06
-5.0032796e-09
5.1719686e-06
-5.0234359e-09
5.1659291e-06
-5.0239355e-09
5.1599152e-06
-5.0040248e-09
5.1539449e-06
-4.9647464e-09
5.1480358e-06
-4.9069309e-09
5.142203e-06
-4.8318731e-09
5.1364604e-06
-4.7416555e-09
5.1308198e-06
-4.6389714e-09
5.12529e-06
-4.526302e-09
5.1198769e-06
-4.4077342e-09
5.114583e-06
-4.2864956e-09
5.1094075e-06
-4.1661483e-09
5.1043469e-06
-4.0501207e-09
5.0993941e-06
-3.9421351e-09
5.0945394e-06
-3.8447605e-09
5.0897705e-06
-3.7603702e-09
5.0850729e-06
-3.6913494e-09
5.0804302e-06
-3.6393337e-09
5.0758233e-06
-3.6048871e-09
5.0712325e-06
-3.5887373e-09
5.0666368e-06
-3.5907464e-09
5.0620147e-06
-3.6097911e-09
5.0573439e-06
-3.6451064e-09
5.0526039e-06
-3.6949848e-09
5.0477745e-06
-3.7582337e-09
5.0428361e-06
-3.8332653e-09
5.0377718e-06
-3.9172865e-09
5.0325671e-06
-4.0088355e-09
5.0272089e-06
-4.105297e-09
5.0216854e-06
-4.2052575e-09
5.0159879e-06
-4.3058241e-09
5.0101087e-06
-4.4055231e-09
5.0040424e-06
-4.5022719e-09
4.9977844e-06
-4.5939466e-09
4.991332e-06
-4.6788049e-09
4.984682e-06
-4.7552149e-09
4.9778328e-06
-4.8215321e-09
4.9707812e-06
-4.8770259e-09
4.9635233e-06
-4.9204374e-09
4.9560537e-06
-4.9511999e-09
4.948364e-06
-4.9684479e-09
4.9404453e-06
-4.9698561e-09
4.9322866e-06
-4.9547753e-09
4.9238746e-06
-4.9216275e-09
4.9151954e-06
-4.8677893e-09
4.9062326e-06
-4.7918998e-09
4.8969683e-06
-4.6927093e-09
4.8873812e-06
-4.5680317e-09
4.8774485e-06
-4.4162758e-09
4.8671437e-06
-4.237751e-09
4.8564367e-06
-4.0322035e-09
4.8452931e-06
-3.8015942e-09
4.8336757e-06
-3.5473193e-09
4.8215428e-06
-3.2704159e-09
4.8088481e-06
-2.9722265e-09
4.7955381e-06
-2.6504186e-09
4.7815485e-06
-2.2985991e-09
4.7668069e-06
-1.9162991e-09
4.7512401e-06
-1.5014101e-09
4.7347774e-06
-1.0513164e-09
4.7173523e-06
-5.6709171e-10
4.6988915e-06
-3.9926285e-11
4.6793292e-06
5.1831384e-10
4.6585905e-06
1.1202932e-09
4.6365985e-06
1.7698749e-09
4.613291e-06
2.4497715e-09
4.588614e-06
3.1585747e-09
4.5625147e-06
3.9031409e-09
4.5349457e-06
4.6752513e-09
4.5058706e-06
5.4777209e-09
4.4752594e-06
6.3170487e-09
4.4431227e-06
7.1610584e-09
4.4095527e-06
7.947913e-09
4.3745974e-06
8.678279e-09
4.3381906e-06
9.5523167e-09
4.3003932e-06
1.042275e-08
4.2612849e-06
1.1284669e-08
4.2208851e-06
1.2166783e-08
4.1789031e-06
1.321767e-08
4.1354863e-06
1.4138143e-08
4.0908589e-06
1.5133299e-08
4.045242e-06
1.6023383e-08
3.9987662e-06
1.6879201e-08
3.9514958e-06
1.7738897e-08
3.9033473e-06
1.8732297e-08
3.8544807e-06
1.9803299e-08
3.8069003e-06
1.9029543e-08
3.7591823e-06
1.9812826e-08
3.711269e-06
2.0654263e-08
3.6632529e-06
2.1393446e-08
3.6153579e-06
2.2006834e-08
3.5677337e-06
2.2570566e-08
3.5204197e-06
2.3064727e-08
3.4736928e-06
2.3474832e-08
3.4273648e-06
2.3886536e-08
3.3812813e-06
2.5098354e-08
3.3336186e-06
2.5297218e-08
3.2871376e-06
2.5496641e-08
3.2415673e-06
2.566589e-08
3.1968295e-06
2.5863107e-08
3.1528181e-06
2.6085943e-08
3.1094903e-06
2.6311737e-08
3.0668132e-06
2.6533773e-08
3.024786e-06
2.6763374e-08
2.9834274e-06
2.6983289e-08
2.9426941e-06
2.7239872e-08
2.9037137e-06
2.7128904e-08
2.8653216e-06
2.695382e-08
2.8273128e-06
2.6903561e-08
2.789574e-06
2.6908473e-08
2.7521362e-06
2.6904526e-08
2.7150434e-06
2.6883193e-08
2.678309e-06
2.6843724e-08
2.6419315e-06
2.6777953e-08
2.6059087e-06
2.6706223e-08
2.5702336e-06
2.6591517e-08
2.5347649e-06
2.6513908e-08
2.4992594e-06
2.6400798e-08
2.4637894e-06
2.6102658e-08
2.4285983e-06
2.5731135e-08
2.3937629e-06
2.5317655e-08
2.3592774e-06
2.4875369e-08
2.3251321e-06
2.442172e-08
2.2913071e-06
2.3949171e-08
2.2578093e-06
2.3457564e-08
2.2246352e-06
2.2929605e-08
2.1918535e-06
2.2368306e-08
2.1595209e-06
2.1723404e-08
2.1275079e-06
2.0984369e-08
2.095858e-06
2.0204001e-08
2.0645973e-06
1.9403235e-08
2.0337428e-06
1.8583948e-08
2.0033121e-06
1.7745334e-08
1.9733218e-06
1.6895096e-08
1.9437967e-06
1.6031044e-08
1.9147808e-06
1.516862e-08
1.8862664e-06
1.4282433e-08
1.8582267e-06
1.3351292e-08
1.8307079e-06
1.2360409e-08
1.803758e-06
1.1322413e-08
1.7773898e-06
1.0248836e-08
1.751612e-06
9.160102e-09
1.7264346e-06
8.0596672e-09
1.7018856e-06
6.9506543e-09
1.6780098e-06
5.8356653e-09
1.6548114e-06
4.7262501e-09
1.6322659e-06
3.628708e-09
1.6103423e-06
2.5307276e-09
1.5890328e-06
1.4238362e-09
1.5683412e-06
3.1191494e-10
1.5482701e-06
-7.9629814e-10
1.5288164e-06
-1.8908195e-09
1.5099707e-06
-2.9619254e-09
1.4917222e-06
-3.9996375e-09
1.4740632e-06
-4.9959246e-09
1.4569779e-06
-5.9506551e-09
1.4404434e-06
-6.8709411e-09
1.4244392e-06
-7.7602849e-09
1.4089476e-06
-8.6159986e-09
1.3939546e-06
-9.4318917e-09
1.3794493e-06
-1.0201028e-08
1.3654203e-06
-1.0918647e-08
1.3518559e-06
-1.1581286e-08
1.3387461e-06
-1.2183396e-08
1.3260808e-06
-1.2721032e-08
1.313839e-06
-1.3196403e-08
1.3019867e-06
-1.3611449e-08
1.2904953e-06
-1.3943842e-08
1.2793436e-06
-1.4171609e-08
1.2685176e-06
-1.4314493e-08
1.2580266e-06
-1.4389467e-08
1.2478366e-06
-1.4391273e-08
1.2378928e-06
-1.4325482e-08
1.2282162e-06
-1.4228161e-08
1.2187865e-06
-1.4130823e-08
1.2095624e-06
-1.4000897e-08
1.2005593e-06
-1.3826209e-08
1.1917699e-06
-1.3607066e-08
1.1831841e-06
-1.3327554e-08
1.1748051e-06
-1.2984228e-08
1.1666212e-06
-1.2578052e-08
1.1586232e-06
-1.2106385e-08
1.1508054e-06
-1.1570009e-08
1.1431603e-06
-1.0969525e-08
1.1356827e-06
-1.0307819e-08
1.1283679e-06
-9.5860493e-09
1.1212121e-06
-8.8091099e-09
1.1142113e-06
-7.9765248e-09
1.1073627e-06
-7.0940711e-09
1.1006643e-06
-6.1630252e-09
1.0941137e-06
-5.1879692e-09
1.0877109e-06
-4.1753081e-09
1.0814562e-06
-3.1278877e-09
1.0753489e-06
-2.0517663e-09
1.0693921e-06
-9.560277e-10
1.0635877e-06
1.5739499e-10
1.0579381e-06
1.2833814e-09
1.052448e-06
2.4138163e-09
1.0471231e-06
3.5428802e-09
1.0419659e-06
4.6730944e-09
1.036974e-06
5.810751e-09
1.0321452e-06
6.9547954e-09
1.0274793e-06
8.0999927e-09
1.022977e-06
9.2406967e-09
1.0186391e-06
1.037172e-08
1.014467e-06
1.1487916e-08
1.0104618e-06
1.2585205e-08
1.0066248e-06
1.3659997e-08
1.0029575e-06
1.4709267e-08
9.9946152e-07
1.5730489e-08
9.9613885e-07
1.6721751e-08
9.9299117e-07
1.7681675e-08
9.9002039e-07
1.8608212e-08
9.8722819e-07
1.9499998e-08
9.8461647e-07
2.0356494e-08
9.8218561e-07
2.1178718e-08
9.7993641e-07
2.1965485e-08
9.7786837e-07
2.2717728e-08
9.7598516e-07
2.3435967e-08
9.7429996e-07
2.4123358e-08
9.7281322e-07
2.4774796e-08
9.7151536e-07
2.5391062e-08
9.7039128e-07
2.5976019e-08
9.6941472e-07
2.6533141e-08
9.6860677e-07
2.7069147e-08
9.6799202e-07
2.7580837e-08
9.6758541e-07
2.8071316e-08
9.6739334e-07
2.85457e-08
9.6739978e-07
2.9008577e-08
9.6760673e-07
2.9455452e-08
9.6802444e-07
2.9889709e-08
9.6866817e-07
3.0303973e-08
9.6954823e-07
3.0702402e-08
9.7067758e-07
3.1081217e-08
9.7206516e-07
3.1443451e-08
9.737127e-07
3.1799653e-08
9.7559723e-07
3.2165417e-08
9.7770645e-07
3.2527835e-08
9.8006916e-07
3.286199e-08
9.827154e-07
3.3165705e-08
9.8571567e-07
3.3435724e-08
9.8903842e-07
3.3658993e-08
9.9269692e-07
3.3840132e-08
9.9684469e-07
3.3960314e-08
1.0014589e-06
3.4048511e-08
1.0064093e-06
3.4168466e-08
1.0114983e-06
3.4407143e-08
1.0166588e-06
3.4660471e-08
1.0220468e-06
3.4687636e-08
1.0278522e-06
3.4481062e-08
1.0343297e-06
3.4147127e-08
1.0415785e-06
3.3780104e-08
1.0494006e-06
3.3370469e-08
1.0575204e-06
3.2907611e-08
1.065791e-06
3.2410294e-08
1.074181e-06
3.1875983e-08
1.0827923e-06
3.1209696e-08
1.0916608e-06
3.0441651e-08
1.100841e-06
2.9621251e-08
1.1103892e-06
2.8792934e-08
1.1202276e-06
2.7932658e-08
1.130307e-06
2.7068731e-08
1.1406335e-06
2.6234387e-08
1.1512364e-06
2.542907e-08
1.1621264e-06
2.4640933e-08
1.1733374e-06
2.3869875e-08
1.1849196e-06
2.3124484e-08
1.1969084e-06
2.240572e-08
1.2093228e-06
2.1709101e-08
1.2221811e-06
2.103006e-08
1.2355074e-06
2.0364576e-08
1.2493285e-06
1.9709035e-08
1.2636721e-06
1.905908e-08
1.2785651e-06
1.8410462e-08
1.2940312e-06
1.7758487e-08
1.3100907e-06
1.7100178e-08
1.3267603e-06
1.6431747e-08
1.3440501e-06
1.5750086e-08
1.3619613e-06
1.5049357e-08
1.3804843e-06
1.4324426e-08
1.3995979e-06
1.3567372e-08
1.4192653e-06
1.2771471e-08
1.4394321e-06
1.1927415e-08
1.4600189e-06
1.1029235e-08
1.4809247e-06
1.0068012e-08
1.5020272e-06
9.0355847e-09
1.5231765e-06
7.9289246e-09
1.5442026e-06
6.7426225e-09
1.5649167e-06
5.4716676e-09
1.5851125e-06
4.1162251e-09
1.6045739e-06
2.6740645e-09
1.6230795e-06
1.1465566e-09
1.6404105e-06
-4.6484594e-10
1.6563609e-06
-2.1593474e-09
1.6707454e-06
-3.9306403e-09
1.6833852e-06
-5.7606138e-09
1.6941602e-06
-7.6678921e-09
1.7029107e-06
-9.5574744e-09
1.709612e-06
-1.1552601e-08
1.7142229e-06
-1.3446027e-08
1.7166056e-06
-1.5425185e-08
1.7166746e-06
-1.7451623e-08
1.7156149e-06
-1.936806e-08
1.713024e-06
-2.1381147e-08
1.7085139e-06
-2.3208887e-08
1.7022859e-06
-2.5084057e-08
1.6947184e-06
-2.6987648e-08
1.6857535e-06
-2.889661e-08
1.6753441e-06
-3.0568702e-08
1.663956e-06
-3.2111483e-08
1.6516631e-06
-3.3612801e-08
1.638617e-06
-3.504099e-08
1.6248904e-06
-3.6393788e-08
1.610579e-06
-3.7668989e-08
1.5957689e-06
-3.886434e-08
1.5805382e-06
-3.9982287e-08
1.5649609e-06
-4.1016734e-08
1.5491072e-06
-4.1972478e-08
1.5330479e-06
-4.2857288e-08
1.5168478e-06
-4.3675362e-08
1.5005508e-06
-4.4403011e-08
1.4842157e-06
-4.5052294e-08
1.4679042e-06
-4.5635586e-08
1.4516307e-06
-4.6117758e-08
1.4354006e-06
-4.6476423e-08
1.4192196e-06
-4.6707544e-08
1.4030973e-06
-4.6819919e-08
1.3870146e-06
-4.6780639e-08
1.371019e-06
-4.6637798e-08
1.3551505e-06
-4.6387298e-08
1.3394444e-06
-4.6023145e-08
1.3239318e-06
-4.5549045e-08
1.3086373e-06
-4.4958384e-08
1.2935854e-06
-4.4265656e-08
1.2787947e-06
-4.3456985e-08
1.2642877e-06
-4.2553731e-08
1.2500791e-06
-4.1530899e-08
1.2361915e-06
-4.041924e-08
1.2226353e-06
-3.9183706e-08
1.2094334e-06
-3.7861585e-08
1.1965912e-06
-3.6416741e-08
1.1841311e-06
-3.4873961e-08
1.1720542e-06
-3.3227e-08
1.1603807e-06
-3.1438728e-08
1.149108e-06
-2.9601551e-08
1.1382514e-06
-2.7525954e-08
1.127804e-06
-2.5502813e-08
1.1177737e-06
-2.3091604e-08
1.1081529e-06
-2.0870049e-08
1.0989446e-06
-1.8082603e-08
1.0902164e-06
-1.5662725e-08
1.0819386e-06
-1.2497017e-08
-9.186083e-09
5.6178746e-06
6.8010966e-09
5.6225075e-06
1.5163025e-08
5.6302528e-06
2.6868032e-08
5.6391462e-06
3.204266e-08
5.6486546e-06
3.8726355e-08
5.6586124e-06
4.2620398e-08
5.6683764e-06
4.5413203e-08
5.6777074e-06
4.6933984e-08
5.6865509e-06
4.7569917e-08
5.6949934e-06
4.7490728e-08
5.7029944e-06
4.7000173e-08
5.7105714e-06
4.6175724e-08
5.7177572e-06
4.5101809e-08
5.7245779e-06
4.3929373e-08
5.7310633e-06
4.2660831e-08
5.7372393e-06
4.139366e-08
5.7431329e-06
4.0117068e-08
5.7487495e-06
3.8890168e-08
5.7541276e-06
3.7708416e-08
5.759292e-06
3.6595607e-08
5.7643138e-06
3.5549175e-08
5.7691846e-06
3.4544518e-08
5.7739162e-06
3.3590357e-08
5.7785222e-06
3.2688448e-08
5.7830107e-06
3.1835153e-08
5.7873894e-06
3.103668e-08
5.7916671e-06
3.0284009e-08
5.7958455e-06
2.9583818e-08
5.7999346e-06
2.8920683e-08
5.8039369e-06
2.8301796e-08
5.807873e-06
2.7704024e-08
5.8117602e-06
2.7151358e-08
5.8156043e-06
2.6637477e-08
5.819423e-06
2.6166959e-08
5.8231963e-06
2.5719614e-08
5.8269141e-06
2.5300897e-08
5.8305787e-06
2.4897018e-08
5.8341894e-06
2.4514756e-08
5.8377499e-06
2.4145216e-08
5.8412615e-06
2.3799892e-08
5.8447273e-06
2.3463096e-08
5.8481499e-06
2.3150589e-08
5.851534e-06
2.284377e-08
5.8548772e-06
2.2562614e-08
5.8582169e-06
2.2260526e-08
5.8615213e-06
2.2003392e-08
5.8648048e-06
2.1719284e-08
5.868143e-06
2.1461475e-08
5.8713118e-06
2.1238385e-08
5.8743879e-06
2.1054607e-08
5.8774037e-06
2.0850661e-08
5.8803795e-06
2.0662365e-08
5.8833233e-06
2.0468121e-08
5.8862375e-06
2.0280899e-08
5.8891264e-06
2.0092445e-08
5.8919896e-06
1.9914137e-08
5.8948275e-06
1.9734852e-08
5.8976377e-06
1.9565533e-08
5.9004206e-06
1.939934e-08
5.9031728e-06
1.923762e-08
5.9058696e-06
1.9094375e-08
5.9085376e-06
1.8934194e-08
5.9110383e-06
1.88394e-08
5.9135394e-06
1.8666122e-08
5.9157264e-06
1.8566692e-08
5.9182188e-06
1.8353893e-08
5.9208237e-06
1.8118617e-08
5.9234628e-06
1.8008258e-08
5.9260899e-06
1.7874407e-08
5.928685e-06
1.7758754e-08
5.9312378e-06
1.76436e-08
5.933748e-06
1.7529474e-08
5.9362151e-06
1.7416242e-08
5.9386408e-06
1.7303564e-08
5.9410235e-06
1.7193316e-08
5.943372e-06
1.7082936e-08
5.9456792e-06
1.6977992e-08
5.947961e-06
1.6866818e-08
5.9502033e-06
1.6767622e-08
5.9524421e-06
1.6649857e-08
5.9546635e-06
1.65476e-08
5.956967e-06
1.6410929e-08
5.9593744e-06
1.6257011e-08
5.9621288e-06
1.6102687e-08
5.9647932e-06
1.5861582e-08
5.9664884e-06
1.5913299e-08
5.9681123e-06
1.5925572e-08
5.969797e-06
1.5880165e-08
5.9715021e-06
1.5801096e-08
5.9732061e-06
1.5715925e-08
5.9749091e-06
1.562307e-08
5.9766011e-06
1.5528021e-08
5.9782773e-06
1.543468e-08
5.9799347e-06
1.5340744e-08
5.9815684e-06
1.5250028e-08
5.9831778e-06
1.5158548e-08
5.9847592e-06
1.5071882e-08
5.9863113e-06
1.4983289e-08
5.9878307e-06
1.490174e-08
5.989314e-06
1.4817053e-08
5.9907476e-06
1.4749217e-08
5.9921243e-06
1.4674409e-08
5.9933796e-06
1.4664778e-08
5.9944951e-06
1.4629109e-08
5.9952554e-06
1.482105e-08
5.9960276e-06
1.4615442e-08
5.9974509e-06
1.3932663e-08
5.9989212e-06
1.3865347e-08
6.0003045e-06
1.3865235e-08
6.0016342e-06
1.3824117e-08
6.0029048e-06
1.3776404e-08
6.0041137e-06
1.3725765e-08
6.0052659e-06
1.3666858e-08
6.0063646e-06
1.3605018e-08
6.007413e-06
1.3539309e-08
6.0084141e-06
1.347173e-08
6.0093695e-06
1.3401987e-08
6.0102816e-06
1.3332229e-08
6.011151e-06
1.3260667e-08
6.0119808e-06
1.3189883e-08
6.0127701e-06
1.3117412e-08
6.0135241e-06
1.3045779e-08
6.0142403e-06
1.2971655e-08
6.0149323e-06
1.2896888e-08
6.0156002e-06
1.2815843e-08
6.0162701e-06
1.2727337e-08
6.0169654e-06
1.2619053e-08
6.0176906e-06
1.2499102e-08
6.0184655e-06
1.2370699e-08
6.0190362e-06
1.2349768e-08
6.019451e-06
1.2351401e-08
6.0197778e-06
1.230061e-08
6.0200376e-06
1.2248716e-08
6.0202518e-06
1.2185571e-08
6.020431e-06
1.2118084e-08
6.0205798e-06
1.2047669e-08
6.0207018e-06
1.1975744e-08
6.0207981e-06
1.1902674e-08
6.020869e-06
1.182936e-08
6.0209144e-06
1.1755823e-08
6.0209337e-06
1.1682551e-08
6.0209274e-06
1.1608834e-08
6.0208933e-06
1.1536171e-08
6.020831e-06
1.1463517e-08
6.0207387e-06
1.1392908e-08
6.0206166e-06
1.1321291e-08
6.0204615e-06
1.1253379e-08
6.0202741e-06
1.1182977e-08
6.020047e-06
1.1119566e-08
6.0197793e-06
1.1054113e-08
6.019459e-06
1.0998291e-08
6.0190779e-06
1.094497e-08
6.0186363e-06
1.0887526e-08
6.0181379e-06
1.083194e-08
6.0176757e-06
1.069807e-08
6.0172277e-06
1.0600421e-08
6.016781e-06
1.0512382e-08
6.0163269e-06
1.0433239e-08
6.0158581e-06
1.0359368e-08
6.0153694e-06
1.028776e-08
6.0148597e-06
1.0218121e-08
6.0143237e-06
1.0150949e-08
6.0137571e-06
1.0086705e-08
6.0131587e-06
1.0022955e-08
6.0125269e-06
9.9594089e-09
6.0118617e-06
9.8957567e-09
6.0111633e-06
9.831902e-09
6.0104322e-06
9.7675907e-09
6.0096695e-06
9.7033706e-09
6.008875e-06
9.6383665e-09
6.0080506e-06
9.5735366e-09
6.0071968e-06
9.5079908e-09
6.0063152e-06
9.4423362e-09
6.005406e-06
9.3762096e-09
6.0044723e-06
9.3093542e-09
6.0035148e-06
9.2419796e-09
6.0025378e-06
9.1715977e-09
6.0015452e-06
9.1009769e-09
6.0005348e-06
9.0274357e-09
5.9995168e-06
8.9537076e-09
5.9984595e-06
8.8934997e-09
5.9973636e-06
8.8344856e-09
5.9962341e-06
8.7766625e-09
5.9950702e-06
8.7181973e-09
5.9938746e-06
8.659232e-09
5.9926495e-06
8.5993279e-09
5.9913973e-06
8.5390579e-09
5.9901195e-06
8.4784384e-09
5.9888174e-06
8.4178966e-09
5.9874918e-06
8.3572855e-09
5.9861437e-06
8.297e-09
5.9847738e-06
8.2371034e-09
5.9833821e-06
8.1770506e-09
5.9819697e-06
8.1174152e-09
5.9805366e-06
8.0579241e-09
5.9790835e-06
7.9986067e-09
5.977611e-06
7.9397124e-09
5.9761188e-06
7.8811446e-09
5.9746075e-06
7.8226736e-09
5.9730776e-06
7.7645002e-09
5.9715292e-06
7.706014e-09
5.9699626e-06
7.6478859e-09
5.9683788e-06
7.5893301e-09
5.9667768e-06
7.5310425e-09
5.965158e-06
7.4726456e-09
5.9635233e-06
7.4137949e-09
5.961869e-06
7.3570479e-09
5.9602066e-06
7.2932616e-09
5.9585325e-06
7.2323991e-09
5.9568406e-06
7.174906e-09
5.955133e-06
7.1162307e-09
5.9534104e-06
7.0570594e-09
5.9516725e-06
6.9978401e-09
5.9499195e-06
6.9386723e-09
5.9481509e-06
6.8794326e-09
5.9463665e-06
6.8201027e-09
5.9445666e-06
6.76068e-09
5.942751e-06
6.7008301e-09
5.9409196e-06
6.6408532e-09
5.939072e-06
6.5804531e-09
5.9372085e-06
6.5197954e-09
5.935328e-06
6.4590595e-09
5.9334316e-06
6.3983951e-09
5.9315189e-06
6.3375749e-09
5.9295906e-06
6.2769909e-09
5.9276468e-06
6.2166774e-09
5.9256879e-06
6.1567764e-09
5.9237143e-06
6.0968008e-09
5.9217262e-06
6.0369709e-09
5.9197238e-06
5.9772574e-09
5.9177078e-06
5.9167831e-09
5.9156771e-06
5.855691e-09
5.9136326e-06
5.7932357e-09
5.9115722e-06
5.7302461e-09
5.9094975e-06
5.6656964e-09
5.9074065e-06
5.6004139e-09
5.9053e-06
5.5336198e-09
5.9031762e-06
5.4676166e-09
5.9010353e-06
5.4023421e-09
5.8988774e-06
5.3362781e-09
5.8967033e-06
5.2706586e-09
5.8945125e-06
5.2062825e-09
5.8923068e-06
5.1431681e-09
5.8900871e-06
5.0807767e-09
5.8878534e-06
5.0196296e-09
5.8856067e-06
4.9586983e-09
5.883347e-06
4.8980842e-09
5.8810744e-06
4.8374798e-09
5.8787887e-06
4.7768909e-09
5.8764893e-06
4.7157451e-09
5.8741755e-06
4.6539919e-09
5.8718457e-06
4.5914885e-09
5.8694997e-06
4.5286104e-09
5.867136e-06
4.4648378e-09
5.8647539e-06
4.4009218e-09
5.8623537e-06
4.337211e-09
5.8599351e-06
4.273943e-09
5.8574982e-06
4.2118522e-09
5.8550444e-06
4.1514423e-09
5.8525742e-06
4.0931245e-09
5.8500898e-06
4.037521e-09
5.8475925e-06
3.9850461e-09
5.8450845e-06
3.935662e-09
5.8425679e-06
3.8900168e-09
5.8400449e-06
3.8479699e-09
5.837518e-06
3.8096646e-09
5.8349891e-06
3.7752241e-09
5.8324607e-06
3.7439021e-09
5.8299349e-06
3.7160164e-09
5.827413e-06
3.6904848e-09
5.8248973e-06
3.6677359e-09
5.8223895e-06
3.6473637e-09
5.8198906e-06
3.6283225e-09
5.8174011e-06
3.6106247e-09
5.8149228e-06
3.5941401e-09
5.8124562e-06
3.5779348e-09
5.8100015e-06
3.5620724e-09
5.8075598e-06
3.5464871e-09
5.8051317e-06
3.5303582e-09
5.802717e-06
3.5136027e-09
5.8003168e-06
3.4959466e-09
5.7979313e-06
3.4766638e-09
5.7955601e-06
3.4561771e-09
5.7932035e-06
3.4337382e-09
5.7908616e-06
3.4091081e-09
5.7885331e-06
3.3816114e-09
5.7862175e-06
3.3512872e-09
5.7839125e-06
3.3175649e-09
5.7816169e-06
3.2798027e-09
5.7793281e-06
3.2375391e-09
5.7770425e-06
3.1905341e-09
5.7747572e-06
3.1380329e-09
5.772468e-06
3.07897e-09
5.7701708e-06
3.0122735e-09
5.7678603e-06
2.9381955e-09
5.7655311e-06
2.8555722e-09
5.7631773e-06
2.7647684e-09
5.7607922e-06
2.6648199e-09
5.7583703e-06
2.5565638e-09
5.7559048e-06
2.4396973e-09
5.7533891e-06
2.3151627e-09
5.7508186e-06
2.1835618e-09
5.7481872e-06
2.0454785e-09
5.7454919e-06
1.902726e-09
5.7427288e-06
1.7552346e-09
5.7398961e-06
1.6056072e-09
5.7369925e-06
1.4544854e-09
5.7340164e-06
1.3034827e-09
5.7309695e-06
1.1541776e-09
5.7278526e-06
1.007662e-09
5.7246677e-06
8.651444e-10
5.7214191e-06
7.2867579e-10
5.7181106e-06
5.9854477e-10
5.7147464e-06
4.759646e-10
5.7113335e-06
3.6230485e-10
5.7078775e-06
2.5793057e-10
5.7043859e-06
1.6403101e-10
5.7008659e-06
8.0902396e-11
5.6973253e-06
9.7259978e-12
5.6937726e-06
-4.9687365e-11
5.6902155e-06
-9.6846975e-11
5.686663e-06
-1.3188783e-10
5.6831229e-06
-1.5439205e-10
5.6796032e-06
-1.6533486e-10
5.6761113e-06
-1.6360913e-10
5.6726543e-06
-1.5086155e-10
5.6692385e-06
-1.2688872e-10
5.6658695e-06
-9.3905772e-11
5.6625516e-06
-5.2151172e-11
5.6592888e-06
-3.9142023e-12
5.6560828e-06
4.9448001e-11
5.6529344e-06
1.0610934e-10
5.6498437e-06
1.6471846e-10
5.6468076e-06
2.2275781e-10
5.6438234e-06
2.7905545e-10
5.6408848e-06
3.3043346e-10
5.6379861e-06
3.751377e-10
5.6351183e-06
4.1135317e-10
5.6322711e-06
4.3644333e-10
5.6294338e-06
4.4802206e-10
5.6265942e-06
4.4452353e-10
5.6237395e-06
4.2359938e-10
5.6208554e-06
3.8433523e-10
5.6179276e-06
3.2685321e-10
5.6149414e-06
2.508842e-10
5.6118819e-06
1.5587842e-10
5.6087365e-06
4.3075765e-11
5.6054925e-06
-8.7759133e-11
5.6021398e-06
-2.3470959e-10
5.5986692e-06
-3.9614712e-10
5.595073e-06
-5.6982152e-10
5.5913456e-06
-7.5345241e-10
5.5874833e-06
-9.442469e-10
5.5834842e-06
-1.1392558e-09
5.5793492e-06
-1.335259e-09
5.5750809e-06
-1.5293233e-09
5.5706845e-06
-1.7185373e-09
5.5661662e-06
-1.8999042e-09
5.5615345e-06
-2.0708422e-09
5.5568e-06
-2.2293052e-09
5.5519738e-06
-2.3739108e-09
5.5470686e-06
-2.5030591e-09
5.5420965e-06
-2.6159319e-09
5.5370703e-06
-2.7114315e-09
5.5320029e-06
-2.7893914e-09
5.5269065e-06
-2.8494194e-09
5.5217945e-06
-2.8908036e-09
5.516679e-06
-2.9140401e-09
5.5115722e-06
-2.9186999e-09
5.5064857e-06
-2.9044083e-09
5.5014305e-06
-2.8723099e-09
5.4964168e-06
-2.8233971e-09
5.4914536e-06
-2.7592377e-09
5.4865486e-06
-2.6817224e-09
5.4817079e-06
-2.5934046e-09
5.476936e-06
-2.4968827e-09
5.4722344e-06
-2.3955518e-09
5.4676035e-06
-2.2920976e-09
5.4630405e-06
-2.1902458e-09
5.458541e-06
-2.0926318e-09
5.4540976e-06
-2.0027588e-09
5.4497018e-06
-1.9228428e-09
5.445343e-06
-1.8552453e-09
5.4410088e-06
-1.8020812e-09
5.4366858e-06
-1.7646942e-09
5.4323594e-06
-1.7441883e-09
5.4280134e-06
-1.7409851e-09
5.4236319e-06
-1.7545063e-09
5.4191986e-06
-1.7842252e-09
5.4146976e-06
-1.829791e-09
5.410114e-06
-1.88989e-09
5.4054335e-06
-1.9629378e-09
5.4006421e-06
-2.0471478e-09
5.3957278e-06
-2.1400051e-09
5.3906798e-06
-2.2400077e-09
5.3854883e-06
-2.3453102e-09
5.3801451e-06
-2.4538038e-09
5.374643e-06
-2.563421e-09
5.3689757e-06
-2.6725209e-09
5.3631382e-06
-2.7792182e-09
5.3571253e-06
-2.8813489e-09
5.3509331e-06
-2.9772496e-09
5.3445564e-06
-3.0656553e-09
5.3379896e-06
-3.1447769e-09
5.3312259e-06
-3.2134042e-09
5.3242572e-06
-3.2704093e-09
5.3170726e-06
-3.3144989e-09
5.3096589e-06
-3.3448075e-09
5.3019999e-06
-3.3592569e-09
5.294077e-06
-3.3564724e-09
5.2858685e-06
-3.334637e-09
5.2773482e-06
-3.2920604e-09
5.2684852e-06
-3.2265626e-09
5.2592458e-06
-3.1362868e-09
5.2495891e-06
-3.0196872e-09
5.2394693e-06
-2.8745974e-09
5.2288347e-06
-2.7002383e-09
5.2176272e-06
-2.4980746e-09
5.2057827e-06
-2.2689641e-09
5.1932274e-06
-2.0143478e-09
5.1798778e-06
-1.7335129e-09
5.1656395e-06
-1.4274426e-09
5.1504073e-06
-1.0936452e-09
5.1340674e-06
-7.2493256e-10
5.1165041e-06
-3.2653968e-10
5.0975955e-06
1.0247803e-10
5.0772023e-06
5.7869132e-10
5.0551798e-06
1.1042189e-09
5.0313795e-06
1.6972379e-09
5.0056809e-06
2.3227837e-09
4.9779875e-06
2.9772096e-09
4.9482152e-06
3.6628975e-09
4.9162861e-06
4.3673412e-09
4.8821289e-06
5.0921503e-09
4.8456838e-06
5.8472667e-09
4.8069174e-06
6.6169341e-09
4.7658077e-06
7.4118982e-09
4.7223701e-06
8.2251317e-09
4.6766009e-06
9.0652703e-09
4.6283768e-06
1.0018578e-08
4.5777316e-06
1.0951743e-08
4.5249026e-06
1.188702e-08
4.470077e-06
1.2749037e-08
4.4133592e-06
1.3635856e-08
4.3549098e-06
1.4554782e-08
4.2948247e-06
1.5773808e-08
4.2348085e-06
1.5354773e-08
4.1737852e-06
1.6285091e-08
4.1118713e-06
1.7206936e-08
4.0493226e-06
1.8034395e-08
3.9863662e-06
1.8780624e-08
3.9234095e-06
1.9421004e-08
3.8606622e-06
2.0145614e-08
3.7962546e-06
2.1079342e-08
3.7321476e-06
2.1800958e-08
3.6689271e-06
2.2194281e-08
3.6066796e-06
2.2577133e-08
3.5454074e-06
2.2990205e-08
3.4852406e-06
2.3386347e-08
3.4262951e-06
2.379766e-08
3.3686316e-06
2.4193571e-08
3.3121748e-06
2.4593243e-08
3.2579478e-06
2.4685022e-08
3.2049295e-06
2.4727844e-08
3.1529843e-06
2.4870539e-08
3.1020286e-06
2.5051348e-08
3.0520998e-06
2.521236e-08
3.0032247e-06
2.5357708e-08
2.955399e-06
2.5485489e-08
2.9086022e-06
2.5593115e-08
2.8627879e-06
2.5695883e-08
2.8178861e-06
2.5768836e-08
2.77383e-06
2.5901149e-08
2.730317e-06
2.5974212e-08
2.6873809e-06
2.5946126e-08
2.64521e-06
2.5827043e-08
2.6038421e-06
2.5688983e-08
2.563236e-06
2.5546984e-08
2.5233434e-06
2.5402378e-08
2.4841165e-06
2.5255748e-08
2.4455122e-06
2.5096808e-08
2.4075187e-06
2.4915431e-08
2.3701054e-06
2.46975e-08
2.3333061e-06
2.4460755e-08
2.2971558e-06
2.4144536e-08
2.261543e-06
2.3769701e-08
2.2264396e-06
2.3366158e-08
2.1918334e-06
2.2946549e-08
2.1577242e-06
2.2506519e-08
2.1241226e-06
2.2047843e-08
2.0910298e-06
2.1569798e-08
2.058447e-06
2.1071079e-08
2.0263623e-06
2.0548258e-08
1.9947659e-06
2.0004209e-08
1.9636436e-06
1.9402481e-08
1.9329875e-06
1.8741303e-08
1.9028578e-06
1.8012583e-08
1.8733067e-06
1.7244527e-08
1.8443545e-06
1.6464257e-08
1.8160071e-06
1.567774e-08
1.7882724e-06
1.4884315e-08
1.7611585e-06
1.407692e-08
1.7347e-06
1.3241061e-08
1.7089066e-06
1.2375077e-08
1.6837502e-06
1.1496948e-08
1.6592028e-06
1.0594726e-08
1.6352561e-06
9.6652366e-09
1.6119128e-06
8.7100518e-09
1.5891845e-06
7.7382585e-09
1.5670784e-06
6.7549113e-09
1.5455934e-06
5.7672245e-09
1.5247227e-06
4.7807629e-09
1.5044609e-06
3.8023855e-09
1.4848049e-06
2.8336036e-09
1.4657443e-06
1.868167e-09
1.4472669e-06
8.9992191e-10
1.4293633e-06
-6.9676709e-11
1.4120249e-06
-1.0347523e-09
1.3952417e-06
-1.9874831e-09
1.379003e-06
-2.9204319e-09
1.3632962e-06
-3.8259391e-09
1.3481067e-06
-4.6975055e-09
1.3334152e-06
-5.5328746e-09
1.3191974e-06
-6.3343228e-09
1.3054289e-06
-7.1042807e-09
1.2920893e-06
-7.8428726e-09
1.2791637e-06
-8.5477212e-09
1.2666398e-06
-9.2138022e-09
1.2545057e-06
-9.8361701e-09
1.2427494e-06
-1.0411277e-08
1.2313598e-06
-1.0934442e-08
1.2203247e-06
-1.1401183e-08
1.2096279e-06
-1.1809617e-08
1.1992488e-06
-1.2158823e-08
1.1891753e-06
-1.2435631e-08
1.1794047e-06
-1.2629548e-08
1.1699244e-06
-1.2753193e-08
1.160715e-06
-1.2816195e-08
1.1517665e-06
-1.2819473e-08
1.1430738e-06
-1.2770578e-08
1.1346202e-06
-1.269189e-08
1.1263729e-06
-1.2595347e-08
1.1183223e-06
-1.2468326e-08
1.1104643e-06
-1.2304227e-08
1.1027902e-06
-1.209815e-08
1.095298e-06
-1.1841552e-08
1.0879858e-06
-1.1531689e-08
1.0808485e-06
-1.1166347e-08
1.0738829e-06
-1.0744772e-08
1.0670856e-06
-1.0266976e-08
1.0604536e-06
-9.733494e-09
1.0539849e-06
-9.1471386e-09
1.0476772e-06
-8.5083181e-09
1.0415291e-06
-7.8214275e-09
1.0355396e-06
-7.085784e-09
1.0297077e-06
-6.3062595e-09
1.0240331e-06
-5.4837686e-09
1.0185158e-06
-4.6225872e-09
1.0131559e-06
-3.728077e-09
1.0079563e-06
-2.8051268e-09
1.0029189e-06
-1.8575155e-09
9.9804465e-07
-8.9274277e-10
9.9333692e-07
8.5937479e-11
9.8880064e-07
1.0723005e-09
9.8444173e-07
2.0582958e-09
9.8026742e-07
3.0372136e-09
9.7627842e-07
4.0182897e-09
9.7246931e-07
5.0141393e-09
9.6883777e-07
6.0212741e-09
9.6538276e-07
7.0335426e-09
9.6210417e-07
8.0452089e-09
9.5900263e-07
9.0506056e-09
9.5607976e-07
1.0044304e-08
9.5333687e-07
1.1022696e-08
9.5077555e-07
1.1982348e-08
9.4839782e-07
1.2919961e-08
9.4620559e-07
1.3833438e-08
9.4420013e-07
1.4721501e-08
9.423819e-07
1.5584041e-08
9.4075169e-07
1.641838e-08
9.3930965e-07
1.7222754e-08
9.380576e-07
1.7996364e-08
9.3700358e-07
1.8741044e-08
9.3615195e-07
1.9455735e-08
9.354959e-07
2.0137064e-08
9.3502252e-07
2.0788529e-08
9.3471122e-07
2.1408903e-08
9.345713e-07
2.200373e-08
9.3461688e-07
2.2574482e-08
9.3485856e-07
2.3118887e-08
9.3530779e-07
2.3640588e-08
9.3596079e-07
2.4137221e-08
9.368183e-07
2.4612791e-08
9.3788587e-07
2.5070914e-08
9.3917089e-07
2.5512997e-08
9.4067926e-07
2.5941977e-08
9.4241657e-07
2.6351947e-08
9.4438184e-07
2.6749565e-08
9.4657972e-07
2.7132559e-08
9.4901259e-07
2.7513739e-08
9.5166785e-07
2.789933e-08
9.5456115e-07
2.8269429e-08
9.577506e-07
2.8619864e-08
9.6117689e-07
2.8940097e-08
9.648636e-07
2.924219e-08
9.6895513e-07
2.9488604e-08
9.7344672e-07
2.9708787e-08
9.7828763e-07
2.9936592e-08
9.8338452e-07
3.0197217e-08
9.8859877e-07
3.0570685e-08
9.93916e-07
3.0931425e-08
9.9949851e-07
3.1114901e-08
1.0055471e-06
3.1132061e-08
1.0122659e-06
3.1069026e-08
1.0196711e-06
3.1020134e-08
1.0275673e-06
3.0955618e-08
1.0357596e-06
3.0859611e-08
1.0441508e-06
3.0736326e-08
1.0527808e-06
3.0542981e-08
1.0617202e-06
3.0237803e-08
1.0710102e-06
2.9836957e-08
1.080696e-06
2.9354081e-08
1.0908019e-06
2.8808278e-08
1.1012594e-06
2.8195787e-08
1.1120055e-06
2.7540156e-08
1.1230074e-06
2.6862512e-08
1.1342726e-06
2.617098e-08
1.145795e-06
2.5456623e-08
1.1575923e-06
2.4725354e-08
1.1697054e-06
2.3990964e-08
1.1821606e-06
2.3271519e-08
1.1949682e-06
2.2574157e-08
1.2081397e-06
2.1900525e-08
1.2216954e-06
2.1251771e-08
1.2356601e-06
2.0625803e-08
1.2500596e-06
2.0017957e-08
1.2649185e-06
1.9424244e-08
1.2802597e-06
1.8841749e-08
1.2961026e-06
1.8268699e-08
1.3124625e-06
1.7702169e-08
1.3293507e-06
1.713891e-08
1.3467732e-06
1.6574478e-08
1.3647302e-06
1.6005482e-08
1.383215e-06
1.5426966e-08
1.4022116e-06
1.4835292e-08
1.4216926e-06
1.4224163e-08
1.4416162e-06
1.3588449e-08
1.4619249e-06
1.2919952e-08
1.4825424e-06
1.2212127e-08
1.5033722e-06
1.145622e-08
1.5242981e-06
1.064515e-08
1.5451832e-06
9.7696384e-09
1.5658671e-06
8.8247663e-09
1.5861765e-06
7.8030995e-09
1.6059224e-06
6.7002666e-09
1.6249026e-06
5.5149396e-09
1.6429121e-06
4.2458321e-09
1.6597471e-06
2.8921128e-09
1.6752138e-06
1.4541746e-09
1.6891378e-06
-6.9425354e-11
1.7013566e-06
-1.6671162e-09
1.7117607e-06
-3.3573389e-09
1.7202187e-06
-5.0688262e-09
1.7266942e-06
-6.8811596e-09
1.7311561e-06
-8.6393861e-09
1.7334655e-06
-1.0495707e-08
1.7335849e-06
-1.2406748e-08
1.7326849e-06
-1.4242349e-08
1.7302557e-06
-1.618028e-08
1.7260305e-06
-1.7953512e-08
1.7200917e-06
-1.9755113e-08
1.7127756e-06
-2.1514663e-08
1.7042153e-06
-2.3283017e-08
1.6945269e-06
-2.504352e-08
1.6837726e-06
-2.6735416e-08
1.6720776e-06
-2.8185017e-08
1.6596483e-06
-2.9589884e-08
1.6466032e-06
-3.0963109e-08
1.6330663e-06
-3.2293695e-08
1.6191341e-06
-3.3565769e-08
1.6048892e-06
-3.477637e-08
1.5903921e-06
-3.5912438e-08
1.5756888e-06
-3.6971362e-08
1.5608167e-06
-3.7947391e-08
1.5457999e-06
-3.8838523e-08
1.5306482e-06
-3.9644422e-08
1.515359e-06
-4.0361693e-08
1.4999473e-06
-4.0987234e-08
1.4844233e-06
-4.1530781e-08
1.4688028e-06
-4.201339e-08
1.4531075e-06
-4.2406286e-08
1.4373735e-06
-4.2701564e-08
1.4216442e-06
-4.2902013e-08
1.4059585e-06
-4.3011839e-08
1.3903745e-06
-4.3016396e-08
1.3749021e-06
-4.2916113e-08
1.3595583e-06
-4.2713912e-08
1.3443612e-06
-4.2404898e-08
1.3293334e-06
-4.1996965e-08
1.3144947e-06
-4.1480627e-08
1.2998665e-06
-4.0872081e-08
1.2854651e-06
-4.0152752e-08
1.2713127e-06
-3.9349731e-08
1.2574224e-06
-3.8429794e-08
1.2438191e-06
-3.7435277e-08
1.2305114e-06
-3.6315787e-08
1.2175283e-06
-3.512873e-08
1.2048712e-06
-3.3811838e-08
1.1925757e-06
-3.2423277e-08
1.1806321e-06
-3.0913943e-08
1.1690866e-06
-2.9300824e-08
1.157913e-06
-2.760744e-08
1.1471722e-06
-2.5729082e-08
1.1368161e-06
-2.3851668e-08
1.1269148e-06
-2.1649738e-08
1.1173915e-06
-1.955852e-08
1.1083063e-06
-1.6955506e-08
1.0996206e-06
-1.4680107e-08
1.0912736e-06
-1.1602678e-08
-8.821238e-09
5.6172066e-06
4.9856452e-09
5.6207445e-06
1.1625096e-08
5.6266702e-06
2.0942296e-08
5.6336133e-06
2.5099551e-08
5.64144e-06
3.0899431e-08
5.6498654e-06
3.4195289e-08
5.6583943e-06
3.6883816e-08
5.6667488e-06
3.8579622e-08
5.6749141e-06
3.940412e-08
5.6827491e-06
3.9655613e-08
5.6902801e-06
3.9469305e-08
5.6974771e-06
3.8978472e-08
5.7043311e-06
3.8247649e-08
5.710884e-06
3.7376306e-08
5.7171384e-06
3.6406113e-08
5.7231434e-06
3.5388378e-08
5.728898e-06
3.4362179e-08
5.7344588e-06
3.3329129e-08
5.7398305e-06
3.2336369e-08
5.7450627e-06
3.1363148e-08
5.7501566e-06
3.0454877e-08
5.7551107e-06
2.9590226e-08
5.7599301e-06
2.8770998e-08
5.7646191e-06
2.7998828e-08
5.7691855e-06
2.7268268e-08
5.7736385e-06
2.6583193e-08
5.7779853e-06
2.5936641e-08
5.7822354e-06
2.5333325e-08
5.7863926e-06
2.4762893e-08
5.7904607e-06
2.4232607e-08
5.7944363e-06
2.3728338e-08
5.7983251e-06
2.3262019e-08
5.8021398e-06
2.2822151e-08
5.805889e-06
2.2416927e-08
5.8095776e-06
2.2030527e-08
5.8132106e-06
2.1667139e-08
5.8167886e-06
2.1318253e-08
5.8203119e-06
2.0990663e-08
5.8237845e-06
2.0672164e-08
5.8272073e-06
2.0376608e-08
5.8305858e-06
2.0084308e-08
5.833916e-06
1.9819273e-08
5.8372112e-06
1.9547997e-08
5.8404584e-06
1.9314542e-08
5.8436602e-06
1.9057739e-08
5.8467985e-06
1.8864157e-08
5.8499021e-06
1.8614899e-08
5.8529531e-06
1.840945e-08
5.855994e-06
1.8196348e-08
5.8590411e-06
1.8006286e-08
5.8620767e-06
1.7813854e-08
5.8651014e-06
1.7637086e-08
5.8681036e-06
1.7464957e-08
5.8710821e-06
1.7301023e-08
5.8740321e-06
1.7141464e-08
5.8769575e-06
1.698792e-08
5.8798525e-06
1.6838731e-08
5.8827243e-06
1.6692572e-08
5.88557e-06
1.6552228e-08
5.8883952e-06
1.6411235e-08
5.8912133e-06
1.6274607e-08
5.8940098e-06
1.6136519e-08
5.8968571e-06
1.5990883e-08
5.899657e-06
1.5864778e-08
5.9025344e-06
1.5688168e-08
5.9052777e-06
1.5608961e-08
5.9079026e-06
1.5492228e-08
5.9104915e-06
1.5417827e-08
5.9130426e-06
1.5322038e-08
5.9155698e-06
1.5229917e-08
5.9180787e-06
1.5132994e-08
5.9205712e-06
1.5035108e-08
5.9230481e-06
1.4937596e-08
5.9255101e-06
1.4840059e-08
5.9279568e-06
1.4744601e-08
5.9303883e-06
1.4649713e-08
5.9328041e-06
1.4560347e-08
5.9352014e-06
1.4467574e-08
5.9375789e-06
1.4388061e-08
5.9399296e-06
1.4297255e-08
5.9422392e-06
1.4235925e-08
5.9445005e-06
1.4147657e-08
5.9466406e-06
1.4115038e-08
5.9487276e-06
1.4013452e-08
5.9506581e-06
1.3928871e-08
5.952817e-06
1.3752042e-08
5.9551037e-06
1.3636961e-08
5.9574123e-06
1.3569175e-08
5.9597148e-06
1.3496363e-08
5.9619964e-06
1.3432112e-08
5.9642486e-06
1.3368e-08
5.9664704e-06
1.3303657e-08
5.9686625e-06
1.32404e-08
5.9708242e-06
1.3175966e-08
5.9729591e-06
1.311241e-08
5.9750659e-06
1.3049222e-08
5.977149e-06
1.2985567e-08
5.979205e-06
1.2924093e-08
5.9812441e-06
1.2859673e-08
5.9832576e-06
1.2800265e-08
5.9852724e-06
1.2731702e-08
5.9872762e-06
1.2667287e-08
5.9893531e-06
1.2584986e-08
5.9915e-06
1.247875e-08
5.9939432e-06
1.2374714e-08
5.9963724e-06
1.2183063e-08
5.9980768e-06
1.2224639e-08
5.9996877e-06
1.2250793e-08
6.0013122e-06
1.2237473e-08
6.0029318e-06
1.2200605e-08
6.0045472e-06
1.2157013e-08
6.0061648e-06
1.21044e-08
6.0077796e-06
1.2048276e-08
6.0093895e-06
1.199087e-08
6.0109919e-06
1.1932356e-08
6.0125842e-06
1.1875031e-08
6.0141648e-06
1.1817289e-08
6.0157314e-06
1.1761343e-08
6.0172825e-06
1.1705211e-08
6.0188164e-06
1.1651215e-08
6.0203311e-06
1.1597379e-08
6.0218254e-06
1.1546624e-08
6.0232958e-06
1.1496584e-08
6.0247333e-06
1.1454393e-08
6.0261286e-06
1.1414838e-08
6.0274426e-06
1.1408372e-08
6.0286501e-06
1.1406006e-08
6.0296321e-06
1.1511776e-08
6.0306016e-06
1.1395661e-08
6.0319723e-06
1.0973076e-08
6.0334161e-06
1.0902092e-08
6.0348361e-06
1.087459e-08
6.0362337e-06
1.0845031e-08
6.0376013e-06
1.0811925e-08
6.0389346e-06
1.0778376e-08
6.0402339e-06
1.0742472e-08
6.0414979e-06
1.0705513e-08
6.0427274e-06
1.0666896e-08
6.0439237e-06
1.062685e-08
6.0450876e-06
1.0585059e-08
6.0462208e-06
1.054243e-08
6.0473241e-06
1.049846e-08
6.0483989e-06
1.0454199e-08
6.049446e-06
1.0408918e-08
6.0504674e-06
1.0364167e-08
6.0514623e-06
1.0318383e-08
6.0524353e-06
1.027272e-08
6.053384e-06
1.0225998e-08
6.0543183e-06
1.0177228e-08
6.0552382e-06
1.0126244e-08
6.0561611e-06
1.0066836e-08
6.0570983e-06
9.998903e-09
6.0580555e-06
9.9219122e-09
6.0590379e-06
9.8401416e-09
6.0598978e-06
9.8292765e-09
6.0606674e-06
9.8213513e-09
6.0613805e-06
9.7895754e-09
6.0620465e-06
9.756826e-09
6.0626764e-06
9.7193134e-09
6.0632737e-06
9.6798343e-09
6.0638405e-06
9.6405075e-09
6.0643824e-06
9.5983825e-09
6.0649046e-06
9.5527728e-09
6.0654103e-06
9.5057793e-09
6.0658997e-06
9.4580308e-09
6.0663735e-06
9.4100541e-09
6.0668305e-06
9.3620187e-09
6.0672711e-06
9.3142956e-09
6.0676941e-06
9.2669281e-09
6.068099e-06
9.2197574e-09
6.0684852e-06
9.1731254e-09
6.068852e-06
9.1270365e-09
6.0691976e-06
9.0816337e-09
6.0695222e-06
9.0369392e-09
6.069822e-06
8.9936538e-09
6.0700959e-06
8.9515844e-09
6.0703381e-06
8.9129828e-09
6.0705474e-06
8.8749319e-09
6.0707177e-06
8.8391223e-09
6.0708547e-06
8.7988452e-09
6.0710003e-06
8.7290717e-09
6.0711456e-06
8.6704377e-09
6.0712851e-06
8.6176191e-09
6.0714152e-06
8.5681497e-09
6.0715315e-06
8.5216278e-09
6.0716328e-06
8.4769196e-09
6.071717e-06
8.4331719e-09
6.0717827e-06
8.3906038e-09
6.0718292e-06
8.3481599e-09
6.0718564e-06
8.3061704e-09
6.0718648e-06
8.2641773e-09
6.0718546e-06
8.2223766e-09
6.071825e-06
8.1811482e-09
6.0717757e-06
8.1404452e-09
6.0717067e-06
8.1000691e-09
6.0716179e-06
8.0599829e-09
6.071509e-06
8.0201912e-09
6.0713805e-06
7.9804696e-09
6.0712324e-06
7.9408529e-09
6.0710646e-06
7.901567e-09
6.0708771e-06
7.8618565e-09
6.0706703e-06
7.8224631e-09
6.0704435e-06
7.7825204e-09
6.0701977e-06
7.7428335e-09
6.0699309e-06
7.7039508e-09
6.0696468e-06
7.6614595e-09
6.0693398e-06
7.6269346e-09
6.0690059e-06
7.5883824e-09
6.0686507e-06
7.5482598e-09
6.0682763e-06
7.5085911e-09
6.0678823e-06
7.4683815e-09
6.0674682e-06
7.4279733e-09
6.0670345e-06
7.387158e-09
6.0665812e-06
7.3458639e-09
6.0661092e-06
7.3044797e-09
6.0656185e-06
7.2623938e-09
6.0651094e-06
7.2198572e-09
6.064582e-06
7.1767059e-09
6.0640369e-06
7.1331963e-09
6.0634731e-06
7.089056e-09
6.0628915e-06
7.0448225e-09
6.062292e-06
7.0000699e-09
6.0616747e-06
6.9552124e-09
6.0610399e-06
6.9104296e-09
6.0603879e-06
6.865486e-09
6.0597187e-06
6.8204473e-09
6.0590325e-06
6.7754007e-09
6.0583298e-06
6.7302048e-09
6.0576104e-06
6.685124e-09
6.0568751e-06
6.6394525e-09
6.0561235e-06
6.5935923e-09
6.0553557e-06
6.5462165e-09
6.0545711e-06
6.4985333e-09
6.0537702e-06
6.4493806e-09
6.0529512e-06
6.4004624e-09
6.0521149e-06
6.3495857e-09
6.0512599e-06
6.2988592e-09
6.0503866e-06
6.2477401e-09
6.0494973e-06
6.1956875e-09
6.048591e-06
6.1428116e-09
6.0476672e-06
6.0921175e-09
6.0467249e-06
6.0421499e-09
6.0457655e-06
5.9928933e-09
6.0447892e-06
5.94398e-09
6.0437954e-06
5.8959215e-09
6.0427852e-06
5.8480838e-09
6.041758e-06
5.8004459e-09
6.0407147e-06
5.7527387e-09
6.0396543e-06
5.7043485e-09
6.0385772e-06
5.6560325e-09
6.0374825e-06
5.6069682e-09
6.0363706e-06
5.5571991e-09
6.0352404e-06
5.5069802e-09
6.034092e-06
5.4565037e-09
6.0329247e-06
5.4057558e-09
6.0317388e-06
5.3555325e-09
6.0305343e-06
5.305838e-09
6.0293114e-06
5.2571467e-09
6.0280709e-06
5.2098965e-09
6.0268135e-06
5.1642735e-09
6.0255405e-06
5.1212465e-09
6.024253e-06
5.0805267e-09
6.0229522e-06
5.0425646e-09
6.0216399e-06
5.0078786e-09
6.0203175e-06
4.9762012e-09
6.0189866e-06
4.9473408e-09
6.0176484e-06
4.9215858e-09
6.0163053e-06
4.8986477e-09
6.0149574e-06
4.8779039e-09
6.0136068e-06
4.859749e-09
6.012254e-06
4.8437023e-09
6.0108999e-06
4.8292597e-09
6.0095456e-06
4.8163784e-09
6.0081909e-06
4.8044768e-09
6.0068363e-06
4.7934452e-09
6.0054823e-06
4.7828097e-09
6.0041296e-06
4.7723772e-09
6.0027775e-06
4.7616733e-09
6.0014264e-06
4.750464e-09
6.0000767e-06
4.7387672e-09
5.9987275e-06
4.7257096e-09
5.99738e-06
4.7117874e-09
5.9960332e-06
4.6959032e-09
5.9946865e-06
4.6778563e-09
5.9933396e-06
4.6580486e-09
5.9919916e-06
4.6356172e-09
5.9906414e-06
4.6100901e-09
5.9892883e-06
4.5809423e-09
5.9879306e-06
4.5478283e-09
5.9865666e-06
4.510631e-09
5.9851944e-06
4.4683293e-09
5.9838119e-06
4.4207384e-09
5.9824157e-06
4.3670729e-09
5.9810032e-06
4.3068091e-09
5.9795697e-06
4.2396322e-09
5.9781127e-06
4.1653161e-09
5.9766276e-06
4.0830876e-09
5.9751109e-06
3.9932675e-09
5.9735585e-06
3.8956007e-09
5.9719669e-06
3.7907988e-09
5.9703319e-06
3.679439e-09
5.9686505e-06
3.562393e-09
5.9669193e-06
3.4394136e-09
5.9651366e-06
3.3121199e-09
5.9633008e-06
3.1809986e-09
5.9614103e-06
3.048223e-09
5.9594652e-06
2.9141791e-09
5.9574652e-06
2.7803742e-09
5.9554111e-06
2.6480635e-09
5.9533044e-06
2.5187163e-09
5.951147e-06
2.3931372e-09
5.9489413e-06
2.2724018e-09
5.946691e-06
2.157754e-09
5.944399e-06
2.0499487e-09
5.9420702e-06
1.9500455e-09
5.9397088e-06
1.8587376e-09
5.9373193e-06
1.7768644e-09
5.9349075e-06
1.7046404e-09
5.9324777e-06
1.6427371e-09
5.930036e-06
1.5914368e-09
5.9275872e-06
1.5510571e-09
5.9251362e-06
1.5215464e-09
5.9226878e-06
1.5031105e-09
5.9202469e-06
1.4949397e-09
5.9178173e-06
1.4973862e-09
5.9154037e-06
1.5092572e-09
5.9130091e-06
1.5304651e-09
5.9106369e-06
1.5591302e-09
5.908289e-06
1.5947004e-09
5.9059667e-06
1.6355703e-09
5.9036707e-06
1.6804607e-09
5.9014005e-06
1.7276931e-09
5.8991548e-06
1.7756938e-09
5.8969318e-06
1.8227335e-09
5.8947276e-06
1.8669839e-09
5.8925391e-06
1.9064603e-09
5.8903611e-06
1.9390733e-09
5.888188e-06
1.9632549e-09
5.8860137e-06
1.9771091e-09
5.8838304e-06
1.9784636e-09
5.8816296e-06
1.9662951e-09
5.8794022e-06
1.9392505e-09
5.8771389e-06
1.8966175e-09
5.8748307e-06
1.8382482e-09
5.8724689e-06
1.7632158e-09
5.8700456e-06
1.671439e-09
5.8675529e-06
1.5637061e-09
5.8649838e-06
1.4407968e-09
5.8623316e-06
1.3040333e-09
5.859592e-06
1.1548122e-09
5.8567604e-06
9.9518882e-10
5.8538337e-06
8.2752294e-10
5.8508103e-06
6.5432948e-10
5.8476897e-06
4.7776183e-10
5.8444732e-06
3.0042679e-10
5.8411629e-06
1.2495383e-10
5.8377628e-06
-4.5984105e-11
5.8342769e-06
-2.0962698e-10
5.8307113e-06
-3.6359227e-10
5.8270722e-06
-5.0688476e-10
5.823367e-06
-6.3775119e-10
5.8196043e-06
-7.5474649e-10
5.8157917e-06
-8.5732221e-10
5.8119375e-06
-9.4432773e-10
5.8080502e-06
-1.0153451e-09
5.8041379e-06
-1.069846e-09
5.800208e-06
-1.1078534e-09
5.7962684e-06
-1.1290036e-09
5.7923267e-06
-1.133952e-09
5.7883914e-06
-1.1222463e-09
5.7844687e-06
-1.0957795e-09
5.7805661e-06
-1.0547261e-09
5.7766893e-06
-1.0006844e-09
5.7728423e-06
-9.3573593e-10
5.7690288e-06
-8.6164986e-10
5.7652512e-06
-7.8117557e-10
5.7615091e-06
-6.9690564e-10
5.7578026e-06
-6.1111605e-10
5.7541288e-06
-5.2720628e-10
5.7504832e-06
-4.4735549e-10
5.7468606e-06
-3.7463366e-10
5.7432536e-06
-3.1089398e-10
5.739654e-06
-2.5859315e-10
5.7360528e-06
-2.1891955e-10
5.732439e-06
-1.9365576e-10
5.7288023e-06
-1.8302515e-10
5.7251306e-06
-1.8792878e-10
5.7214124e-06
-2.0829471e-10
5.7176361e-06
-2.4302427e-10
5.7137902e-06
-2.9193403e-10
5.709863e-06
-3.536611e-10
5.7058444e-06
-4.2705794e-10
5.7017247e-06
-5.1045568e-10
5.697495e-06
-6.02141e-10
5.6931474e-06
-7.0075279e-10
5.6886749e-06
-8.0428153e-10
5.6840705e-06
-9.1094909e-10
5.6793277e-06
-1.0185928e-09
5.6744408e-06
-1.1258297e-09
5.6694044e-06
-1.2311463e-09
5.6642116e-06
-1.3322694e-09
5.6588558e-06
-1.4282637e-09
5.6533289e-06
-1.5169843e-09
5.6476217e-06
-1.597221e-09
5.6417222e-06
-1.6677464e-09
5.6356157e-06
-1.7270287e-09
5.6292839e-06
-1.7740769e-09
5.6227046e-06
-1.8071482e-09
5.6158513e-06
-1.8247324e-09
5.6086916e-06
-1.8253643e-09
5.6011866e-06
-1.807126e-09
5.5932908e-06
-1.7675847e-09
5.58495e-06
-1.7051507e-09
5.5761017e-06
-1.6179462e-09
5.5666719e-06
-1.5034676e-09
5.5565792e-06
-1.3602053e-09
5.5457282e-06
-1.187813e-09
5.5340118e-06
-9.8515995e-10
5.5213082e-06
-7.5295592e-10
5.5074827e-06
-4.9269433e-10
5.4923875e-06
-2.0537527e-10
5.4758661e-06
1.0204992e-10
5.4577477e-06
4.3160986e-10
5.4378437e-06
7.9418427e-10
5.4159495e-06
1.1936576e-09
5.3918349e-06
1.6493615e-09
5.3652899e-06
2.1615811e-09
5.3361488e-06
2.6921216e-09
5.3042379e-06
3.2799177e-09
5.2693877e-06
3.9034829e-09
5.2314741e-06
4.5285278e-09
5.1903142e-06
5.2416396e-09
5.1458035e-06
5.9813057e-09
5.0978895e-06
6.7271926e-09
5.0465438e-06
7.4996622e-09
4.9917291e-06
8.334724e-09
4.9335883e-06
9.1008183e-09
4.8722144e-06
9.8811883e-09
4.8076958e-06
1.0741096e-08
4.7401816e-06
1.1769151e-08
4.6708705e-06
1.1806492e-08
4.5992551e-06
1.2600207e-08
4.5254753e-06
1.3444323e-08
4.449831e-06
1.4266778e-08
4.3727122e-06
1.5011332e-08
4.2945139e-06
1.6008894e-08
4.2141574e-06
1.6801182e-08
4.1335146e-06
1.7459807e-08
4.0530913e-06
1.8001746e-08
3.9731813e-06
1.8558424e-08
3.8941227e-06
1.9134665e-08
3.8161149e-06
1.9696365e-08
3.7394287e-06
2.0194905e-08
3.6646923e-06
2.0381073e-08
3.5916392e-06
2.07262e-08
3.5200174e-06
2.1107781e-08
3.4499586e-06
2.1458035e-08
3.3816121e-06
2.1779622e-08
3.3150536e-06
2.2061937e-08
3.2502982e-06
2.2343657e-08
3.1873707e-06
2.2580028e-08
3.1262801e-06
2.284502e-08
3.0667457e-06
2.3083499e-08
3.0087985e-06
2.3219825e-08
2.9525758e-06
2.327069e-08
2.8980706e-06
2.3303722e-08
2.8452026e-06
2.3328235e-08
2.7938856e-06
2.3349221e-08
2.7440284e-06
2.3367648e-08
2.6955357e-06
2.338192e-08
2.648334e-06
2.3384751e-08
2.6023429e-06
2.3365205e-08
2.5575782e-06
2.3324343e-08
2.5139872e-06
2.3223566e-08
2.4714579e-06
2.3090001e-08
2.429882e-06
2.2934252e-08
2.3892052e-06
2.2775384e-08
2.3493873e-06
2.2613781e-08
2.3103962e-06
2.2443339e-08
2.2722031e-06
2.2263193e-08
2.2347714e-06
2.2073245e-08
2.198056e-06
2.1875085e-08
2.1620186e-06
2.1654596e-08
2.1266605e-06
2.1395567e-08
2.091955e-06
2.1078856e-08
2.057877e-06
2.0731897e-08
2.024438e-06
2.0350386e-08
1.9916507e-06
1.9944695e-08
1.9595183e-06
1.9516651e-08
1.92804e-06
1.906977e-08
1.8972117e-06
1.8604863e-08
1.8670289e-06
1.8120252e-08
1.8374823e-06
1.7618646e-08
1.80857e-06
1.7096471e-08
1.7802959e-06
1.6518696e-08
1.752644e-06
1.5909301e-08
1.7255934e-06
1.5269395e-08
1.6991485e-06
1.4602938e-08
1.6733283e-06
1.3918476e-08
1.6481459e-06
1.3222106e-08
1.623608e-06
1.2513697e-08
1.5997131e-06
1.1791005e-08
1.5764409e-06
1.1056283e-08
1.553777e-06
1.030323e-08
1.5317171e-06
9.5391433e-09
1.5102523e-06
8.7574232e-09
1.4893808e-06
7.9495597e-09
1.4690967e-06
7.1218511e-09
1.4493964e-06
6.2806129e-09
1.4302742e-06
5.4310294e-09
1.4117253e-06
4.5775197e-09
1.3937429e-06
3.7255625e-09
1.3763189e-06
2.8808e-09
1.3594423e-06
2.0456423e-09
1.3430968e-06
1.2182193e-09
1.327264e-06
3.9478598e-10
1.3119263e-06
-4.2445647e-10
1.2970674e-06
-1.2361663e-09
1.2826719e-06
-2.0358515e-09
1.2687248e-06
-2.8179694e-09
1.2552109e-06
-3.5772927e-09
1.2421161e-06
-4.3103201e-09
1.2294264e-06
-5.0158837e-09
1.2171257e-06
-5.6941007e-09
1.205197e-06
-6.3454326e-09
1.1936242e-06
-6.9695494e-09
1.1823929e-06
-7.5646387e-09
1.1714909e-06
-8.1267237e-09
1.1609077e-06
-8.6520759e-09
1.1506337e-06
-9.137834e-09
1.1406591e-06
-9.5793578e-09
1.1309731e-06
-9.9711301e-09
1.1215634e-06
-1.0310309e-08
1.1124159e-06
-1.0595134e-08
1.103522e-06
-1.0818464e-08
1.0948815e-06
-1.0979476e-08
1.0864894e-06
-1.1086406e-08
1.0783352e-06
-1.1142689e-08
1.0704115e-06
-1.1150454e-08
1.0627131e-06
-1.1117543e-08
1.0552283e-06
-1.1057913e-08
1.0479362e-06
-1.0971652e-08
1.0408249e-06
-1.0853587e-08
1.0338876e-06
-1.0701815e-08
1.0271187e-06
-1.0512319e-08
1.0205172e-06
-1.0281109e-08
1.0140828e-06
-1.0006417e-08
1.0078147e-06
-9.6854373e-09
1.0017125e-06
-9.3175454e-09
9.9577539e-07
-8.902064e-09
9.9000325e-07
-8.4394505e-09
9.843958e-07
-7.9319724e-09
9.7895321e-07
-7.3796809e-09
9.7367607e-07
-6.7865749e-09
9.6856549e-07
-6.1518861e-09
9.6362227e-07
-5.4792615e-09
9.5884762e-07
-4.7695137e-09
9.5424265e-07
-4.0259409e-09
9.498083e-07
-3.2529415e-09
9.4554591e-07
-2.4550895e-09
9.4145937e-07
-1.6380253e-09
9.3755335e-07
-8.0896978e-10
9.338286e-07
3.3280934e-11
9.3028654e-07
8.8229424e-10
9.2693922e-07
1.7202315e-09
9.2380248e-07
2.5369058e-09
9.2086754e-07
3.3659076e-09
9.1812311e-07
4.22266e-09
9.155677e-07
5.0944871e-09
9.1320278e-07
5.9727121e-09
9.1102877e-07
6.8532091e-09
9.0904814e-07
7.7287878e-09
9.0726314e-07
8.5944736e-09
9.0567486e-07
9.4481925e-09
9.0428377e-07
1.0287319e-08
9.0309123e-07
1.1107915e-08
9.0209868e-07
1.1908127e-08
9.0130778e-07
1.2686165e-08
9.0072076e-07
1.3443615e-08
9.0034382e-07
1.4179468e-08
9.0017283e-07
1.4889059e-08
9.0019641e-07
1.5574282e-08
9.0040092e-07
1.6230871e-08
9.0078097e-07
1.6864881e-08
9.0135631e-07
1.7470041e-08
9.0213902e-07
1.8049733e-08
9.0313841e-07
1.860459e-08
9.0434968e-07
1.913573e-08
9.0576965e-07
1.964701e-08
9.0740061e-07
2.013602e-08
9.0924141e-07
2.0604572e-08
9.1128847e-07
2.1055249e-08
9.1355712e-07
2.1481421e-08
9.1605241e-07
2.1893855e-08
9.1877581e-07
2.2294259e-08
9.2173532e-07
2.2684495e-08
9.2495002e-07
2.3069386e-08
9.2836012e-07
2.3438297e-08
9.3195327e-07
2.3790588e-08
9.3583773e-07
2.4129496e-08
9.400271e-07
2.4462168e-08
9.4451903e-07
2.4777347e-08
9.493304e-07
2.5055064e-08
9.5443121e-07
2.5327255e-08
9.5977398e-07
2.5645294e-08
9.6524682e-07
2.6046589e-08
9.7086227e-07
2.6425452e-08
9.7675799e-07
2.668067e-08
9.83097e-07
2.6809638e-08
9.9003268e-07
2.6909117e-08
9.9753982e-07
2.7039853e-08
1.0054602e-06
2.7167813e-08
1.0136477e-06
2.7286001e-08
1.0220501e-06
2.7384183e-08
1.0307483e-06
2.7424891e-08
1.0398003e-06
2.7401602e-08
1.0492573e-06
2.7303404e-08
1.059164e-06
2.713941e-08
1.0695179e-06
2.6913578e-08
1.0802652e-06
2.663291e-08
1.0913652e-06
2.6299139e-08
1.1027874e-06
2.5914841e-08
1.1145243e-06
2.5475828e-08
1.126562e-06
2.4983874e-08
1.1389082e-06
2.4440917e-08
1.1515764e-06
2.3863958e-08
1.1645824e-06
2.3261199e-08
1.1779208e-06
2.2646567e-08
1.1915858e-06
2.2027718e-08
1.2055792e-06
2.1412643e-08
1.2199148e-06
2.080936e-08
1.234612e-06
2.0221114e-08
1.2496922e-06
1.964897e-08
1.265177e-06
1.9094307e-08
1.2810852e-06
1.8557852e-08
1.2974307e-06
1.8038331e-08
1.3142241e-06
1.7533444e-08
1.3314727e-06
1.7040496e-08
1.3491803e-06
1.6556945e-08
1.3673465e-06
1.6079662e-08
1.3859642e-06
1.5605624e-08
1.4050186e-06
1.5130466e-08
1.4244852e-06
1.4651227e-08
1.4443293e-06
1.4162516e-08
1.4645038e-06
1.3660385e-08
1.4849478e-06
1.3138676e-08
1.5055849e-06
1.2592092e-08
1.5263215e-06
1.2013093e-08
1.547047e-06
1.1395193e-08
1.5676339e-06
1.0729027e-08
1.587938e-06
1.0008053e-08
1.6077996e-06
9.2234349e-09
1.6270483e-06
8.3694385e-09
1.6455039e-06
7.4402027e-09
1.6629836e-06
6.4308971e-09
1.6793032e-06
5.3443445e-09
1.6942894e-06
4.1769987e-09
1.7077826e-06
2.9282923e-09
1.7196315e-06
1.6115083e-09
1.7297406e-06
1.9369528e-10
1.7380031e-06
-1.2740986e-09
1.7443661e-06
-2.8316545e-09
1.7488115e-06
-4.387767e-09
1.7512093e-06
-6.0444827e-09
1.7515219e-06
-7.7605251e-09
1.7509054e-06
-9.4690598e-09
1.7488233e-06
-1.1280827e-08
1.7450462e-06
-1.2944461e-08
1.7396348e-06
-1.4631518e-08
1.7328961e-06
-1.6276354e-08
1.7249503e-06
-1.7903223e-08
1.7159739e-06
-1.9514111e-08
1.7060715e-06
-2.1102544e-08
1.6953298e-06
-2.2648396e-08
1.6838137e-06
-2.408118e-08
1.6717852e-06
-2.5433101e-08
1.6593307e-06
-2.6738297e-08
1.6464853e-06
-2.7972443e-08
1.6333006e-06
-2.9154813e-08
1.6198219e-06
-3.0274754e-08
1.6060768e-06
-3.1321795e-08
1.5920997e-06
-3.2297747e-08
1.5779266e-06
-3.3208567e-08
1.5635978e-06
-3.4058731e-08
1.5491517e-06
-3.4848712e-08
1.5346233e-06
-3.5578736e-08
1.520045e-06
-3.6245506e-08
1.5054419e-06
-3.6840247e-08
1.4908317e-06
-3.7366611e-08
1.47621e-06
-3.7824893e-08
1.4615889e-06
-3.8202721e-08
1.4469823e-06
-3.8493167e-08
1.432399e-06
-3.8692929e-08
1.4178416e-06
-3.8799342e-08
1.4033312e-06
-3.8815468e-08
1.388888e-06
-3.8740265e-08
1.3745341e-06
-3.8577808e-08
1.3602907e-06
-3.8322087e-08
1.3461802e-06
-3.7981442e-08
1.3322233e-06
-3.7544423e-08
1.3184422e-06
-3.7028181e-08
1.3048554e-06
-3.6410593e-08
1.2914856e-06
-3.5722424e-08
1.2783488e-06
-3.4923826e-08
1.2654701e-06
-3.406583e-08
1.2528611e-06
-3.3084983e-08
1.240552e-06
-3.205661e-08
1.2285461e-06
-3.0892453e-08
1.2168841e-06
-2.9686876e-08
1.205553e-06
-2.8339212e-08
1.1946122e-06
-2.6936476e-08
1.1840219e-06
-2.5406662e-08
1.1738675e-06
-2.3766791e-08
1.1640794e-06
-2.2052779e-08
1.1547611e-06
-2.0107482e-08
1.1458146e-06
-1.8170177e-08
1.1373668e-06
-1.5837363e-08
1.1292668e-06
-1.3677947e-08
1.1215731e-06
-1.0772874e-08
-8.7693794e-09
5.6165565e-06
3.8202228e-09
5.6192228e-06
8.9586432e-09
5.6240437e-06
1.6121347e-08
5.6297276e-06
1.9415706e-08
5.6363539e-06
2.4273072e-08
5.643585e-06
2.6964095e-08
5.6510712e-06
2.9397504e-08
5.6587218e-06
3.0928903e-08
5.6662843e-06
3.1841481e-08
5.6736861e-06
3.2253629e-08
5.6809094e-06
3.2245867e-08
5.6878928e-06
3.1994811e-08
5.6946322e-06
3.1508101e-08
5.7011316e-06
3.0877142e-08
5.7073938e-06
3.0143298e-08
5.7134231e-06
2.9358899e-08
5.719237e-06
2.8548016e-08
5.7248316e-06
2.7733951e-08
5.730232e-06
2.6935612e-08
5.7354346e-06
2.616001e-08
5.7404722e-06
2.541688e-08
5.7453565e-06
2.4705657e-08
5.7500992e-06
2.4026955e-08
5.7547126e-06
2.3385155e-08
5.7592052e-06
2.2775312e-08
5.7635851e-06
2.2202942e-08
5.7678604e-06
2.1660978e-08
5.7720376e-06
2.1155537e-08
5.7761235e-06
2.067692e-08
5.7801241e-06
2.0231224e-08
5.7840447e-06
1.9807381e-08
5.7878949e-06
1.9410453e-08
5.7916807e-06
1.9035892e-08
5.7954124e-06
1.868499e-08
5.7990907e-06
1.8351559e-08
5.8027171e-06
1.8039921e-08
5.8062919e-06
1.7742694e-08
5.8098148e-06
1.7466831e-08
5.8132876e-06
1.7198128e-08
5.8167119e-06
1.6951453e-08
5.8200901e-06
1.6705206e-08
5.8234244e-06
1.6484409e-08
5.8267175e-06
1.6254296e-08
5.8299788e-06
1.6052508e-08
5.8331993e-06
1.5836521e-08
5.8364082e-06
1.5654633e-08
5.8395598e-06
1.5462577e-08
5.8426821e-06
1.5285941e-08
5.8457651e-06
1.5112579e-08
5.8488086e-06
1.4962017e-08
5.8518098e-06
1.4811759e-08
5.8547752e-06
1.4670846e-08
5.8577076e-06
1.4531375e-08
5.8606111e-06
1.4396886e-08
5.863486e-06
1.426504e-08
5.8663367e-06
1.4135834e-08
5.8691613e-06
1.4012973e-08
5.8719652e-06
1.3887723e-08
5.8747412e-06
1.3775253e-08
5.8774982e-06
1.3653043e-08
5.8802197e-06
1.355199e-08
5.8829197e-06
1.343503e-08
5.885569e-06
1.3340368e-08
5.8881924e-06
1.3240044e-08
5.8907556e-06
1.312325e-08
5.893338e-06
1.302532e-08
5.8959225e-06
1.2906016e-08
5.8985218e-06
1.2817247e-08
5.9011194e-06
1.2722715e-08
5.9037111e-06
1.2636606e-08
5.9062897e-06
1.2552727e-08
5.9088534e-06
1.2470214e-08
5.9113983e-06
1.2390572e-08
5.9139258e-06
1.2310554e-08
5.9164332e-06
1.2235694e-08
5.9189238e-06
1.2157082e-08
5.9213948e-06
1.2087552e-08
5.923852e-06
1.2008703e-08
5.9262948e-06
1.1943495e-08
5.9287273e-06
1.1862353e-08
5.9311645e-06
1.1796748e-08
5.9335994e-06
1.1710822e-08
5.9360835e-06
1.1628451e-08
5.9385507e-06
1.1544286e-08
5.9410364e-06
1.1440922e-08
5.9433967e-06
1.1389844e-08
5.9456844e-06
1.134613e-08
5.9479413e-06
1.1310257e-08
5.9501705e-06
1.1264872e-08
5.952382e-06
1.1217578e-08
5.9545812e-06
1.1166604e-08
5.9567699e-06
1.1113062e-08
5.9589481e-06
1.1058886e-08
5.9611175e-06
1.1003659e-08
5.9632775e-06
1.0949921e-08
5.9654285e-06
1.0895443e-08
5.9675689e-06
1.0842766e-08
5.9696993e-06
1.0790795e-08
5.9718162e-06
1.0740083e-08
5.9739204e-06
1.0693001e-08
5.9760041e-06
1.0645016e-08
5.9780581e-06
1.0610124e-08
5.9800751e-06
1.0564759e-08
5.9819983e-06
1.055232e-08
5.9838765e-06
1.0493425e-08
5.9856176e-06
1.0439065e-08
5.9875326e-06
1.0306589e-08
5.9895489e-06
1.0230658e-08
5.9915961e-06
1.0186731e-08
5.9936527e-06
1.0140697e-08
5.9957042e-06
1.0102112e-08
5.9977405e-06
1.0064449e-08
5.9997578e-06
1.0027069e-08
6.0017544e-06
9.9904049e-09
6.0037303e-06
9.9529838e-09
6.0056856e-06
9.9157744e-09
6.0076209e-06
9.8782085e-09
6.0095374e-06
9.8410009e-09
6.011435e-06
9.8033075e-09
6.0133166e-06
9.766056e-09
6.0151806e-06
9.729145e-09
6.0170322e-06
9.691139e-09
6.0188702e-06
9.6549129e-09
6.020706e-06
9.6140229e-09
6.0225437e-06
9.572855e-09
6.0244259e-06
9.5215489e-09
6.0263754e-06
9.4520098e-09
6.028506e-06
9.3764618e-09
6.0306404e-06
9.2572576e-09
6.0323445e-06
9.2640766e-09
6.0339478e-06
9.2937853e-09
6.0355242e-06
9.2933643e-09
6.0370831e-06
9.2808223e-09
6.0386306e-06
9.259407e-09
6.0401725e-06
9.2312424e-09
6.0417102e-06
9.1993577e-09
6.0432452e-06
9.1652002e-09
6.0447771e-06
9.1293586e-09
6.0463052e-06
9.0931924e-09
6.0478281e-06
9.0565568e-09
6.0493442e-06
9.0202965e-09
6.0508528e-06
8.9840104e-09
6.0523519e-06
8.9488328e-09
6.0538412e-06
8.9138106e-09
6.0553191e-06
8.880332e-09
6.0567848e-06
8.8469569e-09
6.0582355e-06
8.815523e-09
6.0596697e-06
8.7853631e-09
6.0610808e-06
8.7599052e-09
6.0624623e-06
8.737743e-09
6.0637875e-06
8.7344798e-09
6.0650472e-06
8.732846e-09
6.0661759e-06
8.7856495e-09
6.0672994e-06
8.709891e-09
6.0686461e-06
8.4752014e-09
6.0700292e-06
8.4308391e-09
6.0714043e-06
8.4066509e-09
6.0727739e-06
8.3798928e-09
6.0741331e-06
8.351952e-09
6.0754866e-06
8.3188882e-09
6.0768314e-06
8.2871079e-09
6.0781582e-06
8.2630001e-09
6.0794608e-06
8.2418516e-09
6.0807394e-06
8.2187319e-09
6.0819946e-06
8.1941103e-09
6.0832272e-06
8.1684046e-09
6.0844381e-06
8.1421616e-09
6.0856281e-06
8.1152089e-09
6.0867976e-06
8.0874787e-09
6.0879481e-06
8.0596405e-09
6.0890799e-06
8.0312206e-09
6.0901939e-06
8.0027132e-09
6.0912912e-06
7.9735494e-09
6.0923734e-06
7.9440867e-09
6.0934426e-06
7.9136959e-09
6.0945016e-06
7.8814217e-09
6.0955566e-06
7.8464346e-09
6.0966132e-06
7.8067028e-09
6.0976789e-06
7.761694e-09
6.0987481e-06
7.7175399e-09
6.0997577e-06
7.7068982e-09
6.1007219e-06
7.6935733e-09
6.1016547e-06
7.6718916e-09
6.1025601e-06
7.6494433e-09
6.1034427e-06
7.6254856e-09
6.1043052e-06
7.6003048e-09
6.1051501e-06
7.574537e-09
6.1059777e-06
7.5479685e-09
6.1067896e-06
7.5215723e-09
6.1075857e-06
7.4947502e-09
6.1083669e-06
7.4678557e-09
6.1091323e-06
7.4410922e-09
6.1098828e-06
7.4145259e-09
6.1106185e-06
7.3879836e-09
6.1113393e-06
7.3618618e-09
6.1120459e-06
7.3356845e-09
6.1127382e-06
7.3098128e-09
6.1134161e-06
7.2842443e-09
6.1140799e-06
7.258536e-09
6.1147295e-06
7.2324808e-09
6.1153648e-06
7.2064243e-09
6.1159868e-06
7.1801862e-09
6.1165948e-06
7.1536332e-09
6.1171903e-06
7.1260793e-09
6.1177737e-06
7.0990787e-09
6.1183397e-06
7.0728388e-09
6.118906e-06
7.037674e-09
6.1194614e-06
7.009497e-09
6.1200037e-06
6.9818742e-09
6.1205335e-06
6.9535084e-09
6.1210511e-06
6.9250738e-09
6.1215567e-06
6.8965065e-09
6.1220489e-06
6.8675905e-09
6.1225285e-06
6.8390409e-09
6.122994e-06
6.810319e-09
6.1234456e-06
6.7814296e-09
6.1238824e-06
6.7522463e-09
6.1243049e-06
6.7230879e-09
6.1247121e-06
6.693583e-09
6.1251045e-06
6.6638703e-09
6.1254814e-06
6.6338512e-09
6.1258428e-06
6.6035768e-09
6.1261887e-06
6.5732242e-09
6.1265192e-06
6.5427388e-09
6.1268342e-06
6.5122396e-09
6.1271335e-06
6.4815322e-09
6.1274177e-06
6.4509948e-09
6.1276862e-06
6.4201244e-09
6.1279392e-06
6.3891457e-09
6.1281765e-06
6.3579289e-09
6.1283986e-06
6.3258558e-09
6.1286041e-06
6.2939707e-09
6.1287944e-06
6.2606356e-09
6.1289673e-06
6.2270464e-09
6.1291242e-06
6.1920322e-09
6.1292642e-06
6.1570913e-09
6.1293871e-06
6.1214247e-09
6.1294931e-06
6.0857426e-09
6.1295811e-06
6.0495271e-09
6.1296505e-06
6.0134884e-09
6.1297021e-06
5.977892e-09
6.1297378e-06
5.941871e-09
6.1297572e-06
5.9066219e-09
6.1297612e-06
5.87122e-09
6.12975e-06
5.8361613e-09
6.1297239e-06
5.8014411e-09
6.1296823e-06
5.7665597e-09
6.1296253e-06
5.7319096e-09
6.1295532e-06
5.6968688e-09
6.1294651e-06
5.6611662e-09
6.1293614e-06
5.625501e-09
6.1292413e-06
5.5898881e-09
6.1291046e-06
5.5534937e-09
6.1289514e-06
5.5169047e-09
6.1287819e-06
5.4802363e-09
6.1285956e-06
5.4438161e-09
6.1283935e-06
5.4080131e-09
6.1281755e-06
5.372744e-09
6.127942e-06
5.3389608e-09
6.127694e-06
5.3065627e-09
6.1274322e-06
5.2756572e-09
6.1271567e-06
5.2472413e-09
6.1268696e-06
5.2206599e-09
6.1265715e-06
5.1964251e-09
6.1262628e-06
5.1748383e-09
6.1259452e-06
5.1557096e-09
6.1256189e-06
5.1388978e-09
6.1252853e-06
5.1244129e-09
6.1249444e-06
5.1118882e-09
6.1245976e-06
5.1016027e-09
6.124245e-06
5.0925166e-09
6.1238872e-06
5.0849884e-09
6.1235246e-06
5.0784137e-09
6.1231578e-06
5.0728528e-09
6.1227866e-06
5.0677191e-09
6.1224111e-06
5.0629319e-09
6.1220312e-06
5.0581765e-09
6.1216473e-06
5.0532383e-09
6.1212591e-06
5.0480722e-09
6.1208662e-06
5.0417763e-09
6.1204689e-06
5.0346958e-09
6.1200668e-06
5.0262137e-09
6.1196594e-06
5.0162914e-09
6.1192472e-06
5.0046771e-09
6.118829e-06
4.9907025e-09
6.1184045e-06
4.9741935e-09
6.1179724e-06
4.9552904e-09
6.117532e-06
4.9335029e-09
6.1170818e-06
4.9082849e-09
6.1166203e-06
4.8789626e-09
6.1161466e-06
4.845345e-09
6.1156586e-06
4.8063806e-09
6.1151547e-06
4.7623367e-09
6.1146327e-06
4.7127986e-09
6.1140905e-06
4.6571516e-09
6.1135252e-06
4.5953019e-09
6.1129343e-06
4.5270867e-09
6.112315e-06
4.4521791e-09
6.1116652e-06
4.371246e-09
6.1109812e-06
4.2840087e-09
6.1102616e-06
4.1917474e-09
6.1095038e-06
4.0943862e-09
6.108706e-06
3.9927821e-09
6.1078665e-06
3.8870893e-09
6.1069848e-06
3.7788714e-09
6.1060597e-06
3.6686685e-09
6.1050912e-06
3.5577106e-09
6.1040792e-06
3.4471692e-09
6.1030246e-06
3.3379584e-09
6.1019288e-06
3.2310168e-09
6.1007928e-06
3.1272811e-09
6.0996183e-06
3.0282679e-09
6.0984081e-06
2.9340348e-09
6.0971644e-06
2.8457334e-09
6.0958904e-06
2.7642639e-09
6.0945887e-06
2.6897475e-09
6.0932626e-06
2.6230911e-09
6.0919155e-06
2.564807e-09
6.0905507e-06
2.5154021e-09
6.0891721e-06
2.4747919e-09
6.0877828e-06
2.4433002e-09
6.0863863e-06
2.4208204e-09
6.0849853e-06
2.407492e-09
6.0835829e-06
2.4027518e-09
6.0821823e-06
2.4068147e-09
6.0807855e-06
2.4183051e-09
6.0793948e-06
2.4370967e-09
6.0780125e-06
2.461972e-09
6.076639e-06
2.4922482e-09
6.0752754e-06
2.5267282e-09
6.0739219e-06
2.564247e-09
6.0725779e-06
2.6035836e-09
6.0712423e-06
2.6431612e-09
6.0699138e-06
2.6816505e-09
6.0685899e-06
2.7171843e-09
6.0672685e-06
2.7484219e-09
6.0659457e-06
2.7732474e-09
6.0646189e-06
2.7905451e-09
6.0632833e-06
2.7984286e-09
6.0619341e-06
2.7961082e-09
6.0605664e-06
2.7824578e-09
6.0591743e-06
2.7561491e-09
6.0577521e-06
2.7168303e-09
6.0562934e-06
2.6640254e-09
6.0547926e-06
2.5984588e-09
6.0532443e-06
2.5189224e-09
6.0516433e-06
2.4256694e-09
6.0499853e-06
2.3197599e-09
6.048266e-06
2.2023965e-09
6.0464822e-06
2.0751361e-09
6.0446299e-06
1.939195e-09
6.0427078e-06
1.7968627e-09
6.0407145e-06
1.6496826e-09
6.0386494e-06
1.5001906e-09
6.0365128e-06
1.3505193e-09
6.0343056e-06
1.2024994e-09
6.03203e-06
1.0586967e-09
6.0296889e-06
9.2083718e-10
6.0272864e-06
7.9084783e-10
6.0248272e-06
6.7017059e-10
6.0223161e-06
5.5970872e-10
6.0197582e-06
4.6055737e-10
6.0171589e-06
3.7420333e-10
6.0145238e-06
3.0069458e-10
6.0118583e-06
2.4095792e-10
6.0091678e-06
1.9530955e-10
6.0064586e-06
1.639453e-10
6.0037358e-06
1.4606361e-10
6.0010058e-06
1.4182566e-10
5.998273e-06
1.5071722e-10
5.9955427e-06
1.72792e-10
5.9928182e-06
2.0666668e-10
5.990104e-06
2.5160141e-10
5.9874023e-06
3.0525449e-10
5.9847154e-06
3.6613157e-10
5.9820441e-06
4.3227022e-10
5.9793892e-06
5.0140869e-10
5.9767489e-06
5.7110983e-10
5.9741216e-06
6.3933969e-10
5.9715032e-06
7.0380901e-10
5.9688905e-06
7.623715e-10
5.9662772e-06
8.1282225e-10
5.9636574e-06
8.5423979e-10
5.9610243e-06
8.8457464e-10
5.9583703e-06
9.0278407e-10
5.9556878e-06
9.0828456e-10
5.9529674e-06
9.0048324e-10
5.9502025e-06
8.7937924e-10
5.9473839e-06
8.4554985e-10
5.9445036e-06
8.0006535e-10
5.9415529e-06
7.4393913e-10
5.9385249e-06
6.7785599e-10
5.9354119e-06
6.0276983e-10
5.9322075e-06
5.2056714e-10
5.9289044e-06
4.3310244e-10
5.925497e-06
3.4121017e-10
5.9219791e-06
2.4637759e-10
5.9183444e-06
1.5066259e-10
5.9145864e-06
5.5629279e-11
5.9106987e-06
-3.832934e-11
5.906672e-06
-1.2848789e-10
5.9024971e-06
-2.1384183e-10
5.8981614e-06
-2.9301805e-10
5.89365e-06
-3.6431613e-10
5.8889436e-06
-4.2724047e-10
5.8840191e-06
-4.7967808e-10
5.8788472e-06
-5.2140914e-10
5.873392e-06
-5.4988147e-10
5.8676103e-06
-5.6349592e-10
5.8614488e-06
-5.6124305e-10
5.8548441e-06
-5.4091398e-10
5.8477206e-06
-5.0032689e-10
5.8399891e-06
-4.3745896e-10
5.8315463e-06
-3.5088732e-10
5.8222721e-06
-2.3822677e-10
5.8120285e-06
-9.7683195e-11
5.8006592e-06
7.244072e-11
5.7879895e-06
2.7062841e-10
5.7738263e-06
4.9657878e-10
5.7579568e-06
7.4748785e-10
5.7401495e-06
1.0223546e-09
5.7201495e-06
1.3174035e-09
5.6976807e-06
1.6416681e-09
5.672458e-06
2.0029542e-09
5.6441965e-06
2.4002946e-09
5.6126694e-06
2.7975626e-09
5.5776284e-06
3.2256975e-09
5.5387788e-06
3.7111438e-09
5.4957774e-06
4.3730517e-09
5.4484429e-06
5.0698712e-09
5.396711e-06
5.6896892e-09
5.3406147e-06
6.2701604e-09
5.2800458e-06
6.9490973e-09
5.215059e-06
7.5970163e-09
5.1457485e-06
8.261678e-09
5.0724724e-06
8.7786201e-09
4.9952055e-06
9.4585153e-09
4.9141844e-06
1.0171882e-08
4.8297793e-06
1.0880855e-08
4.7424301e-06
1.1686369e-08
4.6516847e-06
1.2397424e-08
4.5588899e-06
1.302796e-08
4.4647251e-06
1.359345e-08
4.3697492e-06
1.4197431e-08
4.274439e-06
1.4793109e-08
4.1795789e-06
1.5250793e-08
4.0854173e-06
1.5619678e-08
3.9920467e-06
1.612396e-08
3.8997321e-06
1.6601407e-08
3.8088279e-06
1.7060931e-08
3.7196416e-06
1.749137e-08
3.6324632e-06
1.7883631e-08
3.5474598e-06
1.8298012e-08
3.4645866e-06
1.8636916e-08
3.3841867e-06
1.8924244e-08
3.3064519e-06
1.9134444e-08
3.2314211e-06
1.9310803e-08
3.1590759e-06
1.9478159e-08
3.0893651e-06
1.9628617e-08
3.0222441e-06
1.9770862e-08
2.9576282e-06
1.9886561e-08
2.8954817e-06
1.9989399e-08
2.8357607e-06
2.00207e-08
2.7782861e-06
2.0031234e-08
2.7228811e-06
2.0029209e-08
2.6694201e-06
2.0027445e-08
2.6177912e-06
2.0019411e-08
2.5678876e-06
2.0004995e-08
2.5196061e-06
1.998291e-08
2.4728448e-06
1.9954541e-08
2.427503e-06
1.9916643e-08
2.383476e-06
1.9869932e-08
2.3406688e-06
1.981518e-08
2.2989854e-06
1.9727619e-08
2.2583744e-06
1.9602629e-08
2.2187934e-06
1.9449592e-08
2.1802079e-06
1.9283087e-08
2.1425838e-06
1.9105746e-08
2.1058811e-06
1.8919639e-08
2.0700606e-06
1.8726188e-08
2.0350871e-06
1.852504e-08
2.000933e-06
1.8313143e-08
1.9675745e-06
1.8078202e-08
1.9349959e-06
1.7803484e-08
1.9031632e-06
1.7496288e-08
1.8720542e-06
1.7175616e-08
1.8416496e-06
1.6835785e-08
1.8119376e-06
1.6479084e-08
1.7829079e-06
1.6105816e-08
1.7545514e-06
1.5716921e-08
1.7268585e-06
1.5313181e-08
1.6998211e-06
1.4891962e-08
1.6734349e-06
1.4452142e-08
1.6476976e-06
1.3990126e-08
1.6225788e-06
1.3502899e-08
1.5980713e-06
1.2994073e-08
1.5741725e-06
1.2461419e-08
1.5508846e-06
1.1904465e-08
1.5282114e-06
1.1328254e-08
1.5061555e-06
1.0736809e-08
1.4847132e-06
1.0133237e-08
1.463875e-06
9.5183759e-09
1.4436341e-06
8.8904009e-09
1.4239751e-06
8.2511429e-09
1.4048888e-06
7.6009599e-09
1.3863634e-06
6.9365429e-09
1.3683757e-06
6.261478e-09
1.3509115e-06
5.5738969e-09
1.3339603e-06
4.8763393e-09
1.317512e-06
4.1730397e-09
1.301555e-06
3.4687027e-09
1.2860777e-06
2.7676776e-09
1.271069e-06
2.0733144e-09
1.2565179e-06
1.3867156e-09
1.2424109e-06
7.0780004e-10
1.2287322e-06
3.4740655e-11
1.2154672e-06
-6.3368866e-10
1.2026015e-06
-1.2955415e-09
1.1901216e-06
-1.9480444e-09
1.1780142e-06
-2.5871869e-09
1.1662661e-06
-3.2089384e-09
1.1548637e-06
-3.810384e-09
1.143793e-06
-4.3898725e-09
1.1330391e-06
-4.9467572e-09
1.1225877e-06
-5.4804894e-09
1.1124251e-06
-5.9908958e-09
1.1025402e-06
-6.4772423e-09
1.0929233e-06
-6.9365207e-09
1.0835657e-06
-7.3651791e-09
1.0744592e-06
-7.7610744e-09
1.065597e-06
-8.1206295e-09
1.056973e-06
-8.4394971e-09
1.0485801e-06
-8.7139291e-09
1.0404103e-06
-8.9420289e-09
1.0324598e-06
-9.1212979e-09
1.0247276e-06
-9.2537285e-09
1.0172093e-06
-9.3438435e-09
1.0098997e-06
-9.3938444e-09
1.0027944e-06
-9.405126e-09
9.9588707e-07
-9.3826462e-09
9.8916573e-07
-9.3327306e-09
9.826204e-07
-9.2563006e-09
9.7624582e-07
-9.1519539e-09
9.7003803e-07
-9.0184229e-09
9.6399526e-07
-8.8536751e-09
9.5811658e-07
-8.6544967e-09
9.5240176e-07
-8.4195393e-09
9.468512e-07
-8.1465212e-09
9.4146596e-07
-7.8352533e-09
9.362472e-07
-7.4846618e-09
9.3119625e-07
-7.0951303e-09
9.2631451e-07
-6.6682477e-09
9.2160394e-07
-6.2042664e-09
9.1706654e-07
-5.7065641e-09
9.1270601e-07
-5.175536e-09
9.085246e-07
-4.6126831e-09
9.0452583e-07
-4.0194248e-09
9.0071049e-07
-3.3959324e-09
8.9707955e-07
-2.7459981e-09
8.9363701e-07
-2.0767059e-09
8.9038681e-07
-1.393039e-09
8.8733128e-07
-6.9980111e-10
8.8446956e-07
7.6623152e-12
8.8180945e-07
7.1498674e-10
8.7937037e-07
1.3933112e-09
8.7716141e-07
2.0426789e-09
8.7516731e-07
2.7208085e-09
8.7337979e-07
3.4364276e-09
8.7179649e-07
4.1714636e-09
8.7041817e-07
4.9146083e-09
8.6924496e-07
5.6628062e-09
8.6828042e-07
6.4059535e-09
8.6752805e-07
7.1394739e-09
8.6698901e-07
7.8639117e-09
8.6666277e-07
8.5779641e-09
8.6654957e-07
9.2777848e-09
8.6664878e-07
9.9663198e-09
8.6696283e-07
1.0631014e-08
8.6748805e-07
1.1275537e-08
8.682139e-07
1.1899312e-08
8.6914701e-07
1.25057e-08
8.7029628e-07
1.3092489e-08
8.7166735e-07
1.3655808e-08
8.7325405e-07
1.4201361e-08
8.7505238e-07
1.472376e-08
8.7707159e-07
1.5223208e-08
8.793139e-07
1.5703296e-08
8.8177798e-07
1.6163932e-08
8.8446867e-07
1.6605355e-08
8.8740292e-07
1.7029455e-08
8.905603e-07
1.7436201e-08
8.9388707e-07
1.7823567e-08
8.9745322e-07
1.8200911e-08
9.012718e-07
1.8564e-08
9.0533727e-07
1.8913773e-08
9.0965301e-07
1.924961e-08
9.1422571e-07
1.9576136e-08
9.1905162e-07
1.9888679e-08
9.2413609e-07
2.0191053e-08
9.294988e-07
2.0479593e-08
9.3512564e-07
2.0787423e-08
9.4095134e-07
2.115024e-08
9.4693617e-07
2.1522073e-08
9.5315996e-07
2.1816536e-08
9.5977444e-07
2.2014841e-08
9.6687702e-07
2.2212982e-08
9.7445973e-07
2.2411897e-08
9.8240866e-07
2.2613646e-08
9.9060269e-07
2.2819748e-08
9.9904079e-07
2.3007203e-08
1.0077958e-06
2.3165157e-08
1.0169098e-06
2.3290876e-08
1.02643e-06
2.3371018e-08
1.0363854e-06
2.3413484e-08
1.0467696e-06
2.3414981e-08
1.0575657e-06
2.3379075e-08
1.0687407e-06
2.3309775e-08
1.0802782e-06
2.3198863e-08
1.0921708e-06
2.3039695e-08
1.1044221e-06
2.2827347e-08
1.1170439e-06
2.2554306e-08
1.1300433e-06
2.2227017e-08
1.1434176e-06
2.1850692e-08
1.1571523e-06
2.1438838e-08
1.171232e-06
2.0994453e-08
1.1856502e-06
2.0525783e-08
1.200404e-06
2.0038477e-08
1.2154976e-06
1.9539851e-08
1.2309378e-06
1.9035635e-08
1.2467341e-06
1.8531583e-08
1.262898e-06
1.8034253e-08
1.2794393e-06
1.7548656e-08
1.2963655e-06
1.7077527e-08
1.313683e-06
1.6621942e-08
1.331397e-06
1.6181913e-08
1.3495095e-06
1.5756176e-08
1.3680182e-06
1.5342801e-08
1.3869148e-06
1.4939747e-08
1.4061848e-06
1.4545029e-08
1.4258057e-06
1.4155848e-08
1.4457461e-06
1.3769607e-08
1.4659648e-06
1.3382078e-08
1.4864095e-06
1.2990459e-08
1.5070159e-06
1.2589344e-08
1.527707e-06
1.2174584e-08
1.5483917e-06
1.1740269e-08
1.5689651e-06
1.1281128e-08
1.5893078e-06
1.0790531e-08
1.6092866e-06
1.0263062e-08
1.6287578e-06
9.6887809e-09
1.6475666e-06
9.0633532e-09
1.6655555e-06
8.3753968e-09
1.6825638e-06
7.620069e-09
1.6984332e-06
6.7925185e-09
1.71301e-06
5.890942e-09
1.7261539e-06
4.9184408e-09
1.7377326e-06
3.8817523e-09
1.7476508e-06
2.7643758e-09
1.7558214e-06
1.5962147e-09
1.7621774e-06
3.5260017e-10
1.7667037e-06
-9.2137142e-10
1.7692984e-06
-2.3071864e-09
1.7698793e-06
-3.7329309e-09
1.7695991e-06
-5.2305884e-09
1.7679506e-06
-6.8553931e-09
1.7647053e-06
-8.3682736e-09
1.7599166e-06
-9.9103379e-09
1.7538612e-06
-1.1406119e-08
1.7466497e-06
-1.2875393e-08
1.7384498e-06
-1.4322477e-08
1.7293858e-06
-1.5740967e-08
1.7195694e-06
-1.7133944e-08
1.7090902e-06
-1.848654e-08
1.6980351e-06
-1.979027e-08
1.686529e-06
-2.1024099e-08
1.6746574e-06
-2.2192292e-08
1.6624767e-06
-2.3311763e-08
1.6500591e-06
-2.438555e-08
1.637445e-06
-2.5411463e-08
1.6246725e-06
-2.6385914e-08
1.6117795e-06
-2.7305169e-08
1.5987959e-06
-2.8169352e-08
1.5857385e-06
-2.8976073e-08
1.5726147e-06
-2.9724418e-08
1.5594283e-06
-3.0414184e-08
1.5461797e-06
-3.1044157e-08
1.5328731e-06
-3.1616272e-08
1.5195237e-06
-3.2133334e-08
1.5061417e-06
-3.2594605e-08
1.4927216e-06
-3.2984145e-08
1.4792802e-06
-3.3311414e-08
1.465839e-06
-3.3572993e-08
1.4524208e-06
-3.3766085e-08
1.4390463e-06
-3.3885285e-08
1.4257338e-06
-3.3929907e-08
1.4124993e-06
-3.3896171e-08
1.3993592e-06
-3.3788028e-08
1.3863307e-06
-3.3599271e-08
1.3734318e-06
-3.3338534e-08
1.3606801e-06
-3.2993303e-08
1.3480944e-06
-3.2581673e-08
1.3356919e-06
-3.2079009e-08
1.3234935e-06
-3.1519304e-08
1.3115147e-06
-3.0857313e-08
1.29978e-06
-3.0151861e-08
1.2883007e-06
-2.9326845e-08
1.2771089e-06
-2.8476859e-08
1.2662064e-06
-2.7484155e-08
1.2556406e-06
-2.6487081e-08
1.2453931e-06
-2.5321083e-08
1.235539e-06
-2.4163409e-08
1.2260213e-06
-2.2814309e-08
1.2169604e-06
-2.1463179e-08
1.2082434e-06
-1.9919233e-08
1.200026e-06
-1.8287303e-08
1.192168e-06
-1.6516355e-08
1.1848141e-06
-1.4482834e-08
1.1778848e-06
-1.2537622e-08
1.1714668e-06
-9.923053e-09
-8.3935943e-09
5.616397e-06
2.8141418e-09
5.6187058e-06
6.6498846e-09
5.6226782e-06
1.2149054e-08
5.6274366e-06
1.465694e-08
5.6331687e-06
1.8541039e-08
5.6394874e-06
2.0645348e-08
5.6462074e-06
2.2677148e-08
5.6531263e-06
2.4009808e-08
5.6600883e-06
2.4879342e-08
5.6670222e-06
2.5320005e-08
5.6738388e-06
2.542875e-08
5.6805336e-06
2.5299895e-08
5.6870516e-06
2.4989916e-08
5.6933789e-06
2.4549593e-08
5.6995027e-06
2.4019452e-08
5.7054338e-06
2.3427756e-08
5.7111691e-06
2.2812237e-08
5.716727e-06
2.2176194e-08
5.7221117e-06
2.155059e-08
5.7273417e-06
2.0929823e-08
5.7324241e-06
2.0333817e-08
5.7373661e-06
1.9763337e-08
5.7421739e-06
1.9219271e-08
5.7468536e-06
1.8705004e-08
5.7514114e-06
1.8216937e-08
5.7558554e-06
1.7758558e-08
5.760191e-06
1.7324906e-08
5.7644266e-06
1.691947e-08
5.7685669e-06
1.6536109e-08
5.7726187e-06
1.6178675e-08
5.776585e-06
1.5840524e-08
5.7804699e-06
1.5525284e-08
5.7842789e-06
1.5226361e-08
5.7880155e-06
1.4947748e-08
5.7916838e-06
1.468239e-08
5.7952883e-06
1.4434952e-08
5.798834e-06
1.4196653e-08
5.8023242e-06
1.3975788e-08
5.8057631e-06
1.3758875e-08
5.8091522e-06
1.3561444e-08
5.8124949e-06
1.336209e-08
5.8157925e-06
1.3185346e-08
5.8190448e-06
1.3000597e-08
5.8222535e-06
1.2843087e-08
5.8254164e-06
1.2672521e-08
5.8285393e-06
1.2530782e-08
5.8316246e-06
1.2376689e-08
5.8346715e-06
1.2237818e-08
5.837694e-06
1.2088885e-08
5.8406937e-06
1.1961228e-08
5.8436667e-06
1.1837707e-08
5.8466177e-06
1.1719054e-08
5.8495445e-06
1.1603591e-08
5.8524471e-06
1.1493104e-08
5.8553251e-06
1.1386013e-08
5.8581783e-06
1.1281718e-08
5.8610079e-06
1.1182193e-08
5.8638113e-06
1.1082999e-08
5.8665968e-06
1.0988472e-08
5.869353e-06
1.0895147e-08
5.8721018e-06
1.0801907e-08
5.8748197e-06
1.0715687e-08
5.8775426e-06
1.0616532e-08
5.8802409e-06
1.0540369e-08
5.8829208e-06
1.0442069e-08
5.8855751e-06
1.0369645e-08
5.8881901e-06
1.0289395e-08
5.8907803e-06
1.0225369e-08
5.8933434e-06
1.0158216e-08
5.895884e-06
1.0094421e-08
5.8984046e-06
1.0030653e-08
5.9009067e-06
9.9664126e-09
5.9033922e-06
9.9037791e-09
5.9058615e-06
9.8397797e-09
5.9083158e-06
9.7797264e-09
5.910756e-06
9.7153769e-09
5.9131812e-06
9.6596326e-09
5.9155929e-06
9.5954227e-09
5.9179886e-06
9.5458117e-09
5.9203687e-06
9.4807091e-09
5.9227258e-06
9.4374331e-09
5.9250611e-06
9.3734127e-09
5.9273574e-06
9.3306771e-09
5.9296298e-06
9.2695536e-09
5.9318595e-06
9.2087138e-09
5.9341061e-06
9.1409764e-09
5.936371e-06
9.0792431e-09
5.9386491e-06
9.0300261e-09
5.9409303e-06
8.9811629e-09
5.9432091e-06
8.9362957e-09
5.9454809e-06
8.8924978e-09
5.9477416e-06
8.849447e-09
5.9499912e-06
8.8072398e-09
5.9522268e-06
8.7656016e-09
5.9544501e-06
8.7240606e-09
5.9566588e-06
8.6840619e-09
5.9588559e-06
8.6429561e-09
5.961039e-06
8.6050207e-09
5.9632128e-06
8.5633993e-09
5.965376e-06
8.5273499e-09
5.9675342e-06
8.4837204e-09
5.9696968e-06
8.444847e-09
5.9718609e-06
8.3974356e-09
5.9740702e-06
8.3400415e-09
5.976269e-06
8.2918081e-09
5.9784796e-06
8.2248479e-09
5.9805927e-06
8.1899998e-09
5.9826531e-06
8.167456e-09
5.9846849e-06
8.1509457e-09
5.9866919e-06
8.1303262e-09
5.9886821e-06
8.1082847e-09
5.9906606e-06
8.0827127e-09
5.9926301e-06
8.0544935e-09
5.9945919e-06
8.0249754e-09
5.9965474e-06
7.9940334e-09
5.9984967e-06
7.9628633e-09
6.0004403e-06
7.9309266e-09
6.002377e-06
7.8999318e-09
6.0043081e-06
7.8687004e-09
6.0062311e-06
7.8386786e-09
6.0081473e-06
7.8087519e-09
6.0100538e-06
7.7804478e-09
6.0119508e-06
7.7536502e-09
6.013832e-06
7.7282323e-09
6.0156919e-06
7.7088931e-09
6.0175223e-06
7.6869444e-09
6.0192916e-06
7.6785316e-09
6.0210209e-06
7.642543e-09
6.0226598e-06
7.6140094e-09
6.0243991e-06
7.5200624e-09
6.0262136e-06
7.4748971e-09
6.0280585e-06
7.4435991e-09
6.0299181e-06
7.4162965e-09
6.0317806e-06
7.3923787e-09
6.0336371e-06
7.3695636e-09
6.0354845e-06
7.3472664e-09
6.037319e-06
7.3254518e-09
6.0391395e-06
7.3036501e-09
6.0409455e-06
7.2819186e-09
6.0427369e-06
7.2598612e-09
6.044514e-06
7.2380035e-09
6.0462771e-06
7.2157387e-09
6.0480267e-06
7.1935742e-09
6.049764e-06
7.1713759e-09
6.0514893e-06
7.149064e-09
6.0532031e-06
7.1271735e-09
6.0549081e-06
7.1046307e-09
6.0566052e-06
7.0827162e-09
6.0583011e-06
7.0580723e-09
6.0600003e-06
7.032404e-09
6.0617285e-06
7.0001591e-09
6.0634987e-06
6.956165e-09
6.06537e-06
6.9084947e-09
6.0672331e-06
6.8403172e-09
6.0688631e-06
6.838857e-09
6.0704323e-06
6.8549584e-09
6.0719784e-06
6.8543162e-09
6.0735019e-06
6.8495694e-09
6.0750073e-06
6.839584e-09
6.0764918e-06
6.8272437e-09
6.0779582e-06
6.8139947e-09
6.0794171e-06
6.7968657e-09
6.0808762e-06
6.7757422e-09
6.0823348e-06
6.7527797e-09
6.0837916e-06
6.7292532e-09
6.0852469e-06
6.7058212e-09
6.0866993e-06
6.682201e-09
6.0881472e-06
6.6591022e-09
6.0895904e-06
6.6364185e-09
6.0910279e-06
6.6142971e-09
6.0924585e-06
6.5926753e-09
6.0938812e-06
6.5714953e-09
6.0952948e-06
6.5514101e-09
6.0966981e-06
6.5322765e-09
6.0980878e-06
6.515509e-09
6.0994598e-06
6.5004806e-09
6.1008043e-06
6.4928534e-09
6.1021131e-06
6.4889139e-09
6.1033631e-06
6.5024488e-09
6.1046021e-06
6.4689369e-09
6.1059316e-06
6.3676522e-09
6.1072778e-06
6.3375678e-09
6.1086208e-06
6.3187011e-09
6.1099609e-06
6.2991705e-09
6.1112951e-06
6.2807142e-09
6.1126218e-06
6.2630274e-09
6.11394e-06
6.2454246e-09
6.1152493e-06
6.2280896e-09
6.1165489e-06
6.2107581e-09
6.1178389e-06
6.1933978e-09
6.1191194e-06
6.1759908e-09
6.1203901e-06
6.1582117e-09
6.1216511e-06
6.1409047e-09
6.1229025e-06
6.1245053e-09
6.1241434e-06
6.1082743e-09
6.1253742e-06
6.092435e-09
6.1265943e-06
6.0771699e-09
6.1278036e-06
6.0614305e-09
6.129002e-06
6.0463461e-09
6.13019e-06
6.0308163e-09
6.1313672e-06
6.0157301e-09
6.1325334e-06
5.9994942e-09
6.1336887e-06
5.9838685e-09
6.1348306e-06
5.9693273e-09
6.1359643e-06
5.9499659e-09
6.1370825e-06
5.9393601e-09
6.1381791e-06
5.9248078e-09
6.1392626e-06
5.9098397e-09
6.1403338e-06
5.8938028e-09
6.1413924e-06
5.878154e-09
6.1424379e-06
5.8620113e-09
6.1434708e-06
5.8456009e-09
6.1444915e-06
5.8284901e-09
6.1455006e-06
5.8112057e-09
6.1464977e-06
5.7934475e-09
6.147484e-06
5.7753859e-09
6.1484592e-06
5.7569007e-09
6.1494236e-06
5.7379745e-09
6.150377e-06
5.7186589e-09
6.1513197e-06
5.6993343e-09
6.1522515e-06
5.6797109e-09
6.1531722e-06
5.6598579e-09
6.1540819e-06
5.6398393e-09
6.1549811e-06
5.619579e-09
6.155869e-06
5.599099e-09
6.1567461e-06
5.5787419e-09
6.1576124e-06
5.5582543e-09
6.158468e-06
5.5374718e-09
6.1593129e-06
5.5166591e-09
6.1601473e-06
5.4953047e-09
6.160971e-06
5.4735123e-09
6.1617834e-06
5.4509663e-09
6.1625847e-06
5.4282747e-09
6.1633753e-06
5.4044524e-09
6.1641525e-06
5.382006e-09
6.1649196e-06
5.3567382e-09
6.1656736e-06
5.3328235e-09
6.1664167e-06
5.306827e-09
6.1671486e-06
5.280556e-09
6.1678682e-06
5.2559503e-09
6.1685747e-06
5.2317422e-09
6.1692692e-06
5.2074505e-09
6.1699505e-06
5.1832303e-09
6.1706199e-06
5.1590843e-09
6.1712771e-06
5.1350924e-09
6.1719218e-06
5.111251e-09
6.1725545e-06
5.0874269e-09
6.1731748e-06
5.063622e-09
6.1737825e-06
5.039845e-09
6.174378e-06
5.0158628e-09
6.1749608e-06
4.9913953e-09
6.1755316e-06
4.9662345e-09
6.17609e-06
4.9410178e-09
6.1766351e-06
4.9161817e-09
6.1771678e-06
4.8914242e-09
6.1776873e-06
4.866719e-09
6.1781937e-06
4.8424766e-09
6.1786875e-06
4.8193369e-09
6.179169e-06
4.7967714e-09
6.1796385e-06
4.7755857e-09
6.1800959e-06
4.7556159e-09
6.1805428e-06
4.736902e-09
6.1809791e-06
4.7207758e-09
6.181406e-06
4.7060125e-09
6.1818234e-06
4.6926312e-09
6.1822329e-06
4.6814037e-09
6.1826353e-06
4.6719255e-09
6.1830304e-06
4.6642246e-09
6.1834193e-06
4.6583755e-09
6.1838018e-06
4.6536921e-09
6.184179e-06
4.6501119e-09
6.1845512e-06
4.6477511e-09
6.1849183e-06
4.6462683e-09
6.1852804e-06
4.6453423e-09
6.1856379e-06
4.6447655e-09
6.1859908e-06
4.6445869e-09
6.1863388e-06
4.6442681e-09
6.1866822e-06
4.6438666e-09
6.1870206e-06
4.6427151e-09
6.1873545e-06
4.6412558e-09
6.1876831e-06
4.6386934e-09
6.1880065e-06
4.6351118e-09
6.1883241e-06
4.6302939e-09
6.1886349e-06
4.6240274e-09
6.1889391e-06
4.6162323e-09
6.1892358e-06
4.6061417e-09
6.1895241e-06
4.5937942e-09
6.1898044e-06
4.578792e-09
6.1900755e-06
4.5606123e-09
6.1903361e-06
4.539221e-09
6.1905843e-06
4.5142401e-09
6.1908194e-06
4.485381e-09
6.1910398e-06
4.4522435e-09
6.1912433e-06
4.4144186e-09
6.1914284e-06
4.3720676e-09
6.1915932e-06
4.3245554e-09
6.1917359e-06
4.2720063e-09
6.1918543e-06
4.2140615e-09
6.1919462e-06
4.1516377e-09
6.1920101e-06
4.0839874e-09
6.1920445e-06
4.0117318e-09
6.1920493e-06
3.9354804e-09
6.1920219e-06
3.8554742e-09
6.1919616e-06
3.7734349e-09
6.1918664e-06
3.6888719e-09
6.1917362e-06
3.6035184e-09
6.1915709e-06
3.5173842e-09
6.1913704e-06
3.4316261e-09
6.1911351e-06
3.3468504e-09
6.1908663e-06
3.2640202e-09
6.1905653e-06
3.1839824e-09
6.1902327e-06
3.1071532e-09
6.1898706e-06
3.0342728e-09
6.1894808e-06
2.9663312e-09
6.1890652e-06
2.9035978e-09
6.188626e-06
2.8468743e-09
6.1881658e-06
2.7963725e-09
6.1876868e-06
2.7522207e-09
6.1871914e-06
2.7151676e-09
6.1866822e-06
2.6853e-09
6.1861619e-06
2.6625626e-09
6.1856325e-06
2.6471665e-09
6.1850962e-06
2.6389304e-09
6.184556e-06
2.6375013e-09
6.1840134e-06
2.6428584e-09
6.1834697e-06
2.6539295e-09
6.182927e-06
2.6707507e-09
6.1823865e-06
2.6925591e-09
6.1818495e-06
2.7182967e-09
6.181316e-06
2.7468605e-09
6.1807871e-06
2.7777678e-09
6.1802622e-06
2.8094873e-09
6.1797413e-06
2.8414178e-09
6.1792239e-06
2.8720586e-09
6.1787081e-06
2.9002254e-09
6.1781924e-06
2.9247262e-09
6.1776741e-06
2.9442533e-09
6.1771506e-06
2.9576768e-09
6.1766183e-06
2.9638838e-09
6.1760736e-06
2.9618263e-09
6.1755132e-06
2.9504874e-09
6.1749333e-06
2.9291756e-09
6.1743299e-06
2.8971914e-09
6.173699e-06
2.8550367e-09
6.1730364e-06
2.8024028e-09
6.1723377e-06
2.7387812e-09
6.1715993e-06
2.6644362e-09
6.1708173e-06
2.5798648e-09
6.1699889e-06
2.4864435e-09
6.1691109e-06
2.3850459e-09
6.1681808e-06
2.2768947e-09
6.1671967e-06
2.1638416e-09
6.1661579e-06
2.0470892e-09
6.1650638e-06
1.92848e-09
6.1639139e-06
1.80985e-09
6.1627093e-06
1.6926505e-09
6.1614513e-06
1.5786359e-09
6.160142e-06
1.4692914e-09
6.1587838e-06
1.3667227e-09
6.1573794e-06
1.271562e-09
6.1559327e-06
1.1840728e-09
6.1544477e-06
1.1056085e-09
6.1529279e-06
1.0371362e-09
6.151378e-06
9.7937614e-10
6.1498015e-06
9.3253227e-10
6.1482028e-06
8.9706864e-10
6.146586e-06
8.7293328e-10
6.1449552e-06
8.6002938e-10
6.1433134e-06
8.5817131e-10
6.1416644e-06
8.6729335e-10
6.1400121e-06
8.8623908e-10
6.1383602e-06
9.1414298e-10
6.1367115e-06
9.5057873e-10
6.1350673e-06
9.936123e-10
6.1334311e-06
1.0424843e-09
6.1318021e-06
1.0952017e-09
6.1301808e-06
1.1500623e-09
6.1285666e-06
1.2054731e-09
6.1269576e-06
1.2593935e-09
6.1253514e-06
1.3104602e-09
6.123745e-06
1.3564625e-09
6.1221343e-06
1.396169e-09
6.1205153e-06
1.4279293e-09
6.1188828e-06
1.4513382e-09
6.1172305e-06
1.4650725e-09
6.1155533e-06
1.4686958e-09
6.1138444e-06
1.4617241e-09
6.1120976e-06
1.4445556e-09
6.110306e-06
1.4173569e-09
6.1084638e-06
1.3805699e-09
6.1065655e-06
1.3345929e-09
6.104606e-06
1.2806307e-09
6.1025788e-06
1.2195214e-09
6.1004783e-06
1.1533583e-09
6.0982992e-06
1.0819212e-09
6.0960357e-06
1.0072956e-09
6.0936826e-06
9.2956398e-10
6.0912326e-06
8.5176088e-10
6.0886766e-06
7.7554407e-10
6.0860068e-06
6.9879436e-10
6.0832115e-06
6.2603833e-10
6.0802768e-06
5.5659122e-10
6.0771847e-06
4.930012e-10
6.0739126e-06
4.3548942e-10
6.0704329e-06
3.8563508e-10
6.0667093e-06
3.4475267e-10
6.0626988e-06
3.1399194e-10
6.0583473e-06
2.9464742e-10
6.053589e-06
2.8796965e-10
6.0483456e-06
2.9554714e-10
6.0425213e-06
3.1899861e-10
6.0360041e-06
3.6056713e-10
6.0286608e-06
4.2157655e-10
6.0203375e-06
5.0427884e-10
6.0108551e-06
6.1073191e-10
6.000011e-06
7.4168005e-10
5.9875774e-06
8.9717744e-10
5.973299e-06
1.0777437e-09
5.956895e-06
1.2837309e-09
5.9380546e-06
1.5149784e-09
5.9164462e-06
1.7712547e-09
5.8917223e-06
2.0461153e-09
5.8635411e-06
2.3295548e-09
5.8315678e-06
2.618803e-09
5.795478e-06
2.9050731e-09
5.7548607e-06
3.2544549e-09
5.7092539e-06
3.7835632e-09
5.6584642e-06
4.2946962e-09
5.6025738e-06
4.6886934e-09
5.5412889e-06
5.2635483e-09
5.4745544e-06
5.7353375e-09
5.4023762e-06
6.1541678e-09
5.324554e-06
6.9564443e-09
5.2415216e-06
7.4595583e-09
5.1534736e-06
8.0249754e-09
5.0606142e-06
8.5970013e-09
4.9636475e-06
9.0948595e-09
4.8631398e-06
9.6234563e-09
4.759743e-06
1.0149784e-08
4.6542125e-06
1.0618472e-08
4.547092e-06
1.1015959e-08
4.4387943e-06
1.1502231e-08
4.3298572e-06
1.1979369e-08
4.2209118e-06
1.2436712e-08
4.112539e-06
1.2885346e-08
4.0051738e-06
1.3347159e-08
3.8993284e-06
1.3732998e-08
3.7956271e-06
1.407399e-08
3.694448e-06
1.4378892e-08
3.5960834e-06
1.4673255e-08
3.5007819e-06
1.4928458e-08
3.4087202e-06
1.5156749e-08
3.3200964e-06
1.5341441e-08
3.2349354e-06
1.5502868e-08
3.1532001e-06
1.5676642e-08
3.0748318e-06
1.5817666e-08
2.9997716e-06
1.5934427e-08
2.9279505e-06
1.603213e-08
2.8592681e-06
1.6107616e-08
2.7936076e-06
1.6166041e-08
2.7308123e-06
1.6215632e-08
2.6707128e-06
1.6270846e-08
2.6131085e-06
1.6304699e-08
2.557854e-06
1.6315076e-08
2.5048186e-06
1.6298533e-08
2.4538721e-06
1.626946e-08
2.4048772e-06
1.6232318e-08
2.3576996e-06
1.6189827e-08
2.3122098e-06
1.6142798e-08
2.2682889e-06
1.6090902e-08
2.2258286e-06
1.6029681e-08
2.1847361e-06
1.5956009e-08
2.1449349e-06
1.5863718e-08
2.1063367e-06
1.5752364e-08
2.0688446e-06
1.5635769e-08
2.0323871e-06
1.5507458e-08
1.9969112e-06
1.5370055e-08
1.9623745e-06
1.5221246e-08
1.9287418e-06
1.5060572e-08
1.8959827e-06
1.4888778e-08
1.8640709e-06
1.4704976e-08
1.8329856e-06
1.4504271e-08
1.8026965e-06
1.4288427e-08
1.7731557e-06
1.4063098e-08
1.7443284e-06
1.3827343e-08
1.7162111e-06
1.3571186e-08
1.6887989e-06
1.3291668e-08
1.6620838e-06
1.2995295e-08
1.6360546e-06
1.2685077e-08
1.6106991e-06
1.2362378e-08
1.5860056e-06
1.202773e-08
1.5619626e-06
1.1678182e-08
1.5385613e-06
1.1311449e-08
1.5157944e-06
1.0923673e-08
1.4936409e-06
1.0526763e-08
1.4720866e-06
1.0117872e-08
1.4511195e-06
9.693411e-09
1.4307295e-06
9.250805e-09
1.4109074e-06
8.7940353e-09
1.3916447e-06
8.3246494e-09
1.3729314e-06
7.8457343e-09
1.35476e-06
7.3538811e-09
1.3371181e-06
6.8506192e-09
1.3199947e-06
6.3357093e-09
1.3033804e-06
5.8081153e-09
1.2872642e-06
5.2666009e-09
1.2716285e-06
4.7214193e-09
1.2564483e-06
4.1778567e-09
1.2417103e-06
3.6273211e-09
1.2274022e-06
3.0731382e-09
1.2135116e-06
2.5196325e-09
1.2000273e-06
1.969243e-09
1.186939e-06
1.4234645e-09
1.1742362e-06
8.8277519e-10
1.1619082e-06
3.4665737e-10
1.1499418e-06
-1.842122e-10
1.1383215e-06
-7.0949646e-10
1.1270324e-06
-1.2283188e-09
1.1160596e-06
-1.7384427e-09
1.1053896e-06
-2.2377624e-09
1.0950104e-06
-2.7242062e-09
1.084911e-06
-3.1959675e-09
1.0750809e-06
-3.6517864e-09
1.0655097e-06
-4.0906798e-09
1.0561877e-06
-4.5117163e-09
1.0471046e-06
-4.9139262e-09
1.0382505e-06
-5.2956399e-09
1.0296166e-06
-5.6547864e-09
1.0211969e-06
-5.9898411e-09
1.0129853e-06
-6.2988375e-09
1.0049765e-06
-6.5785288e-09
9.9716617e-07
-6.8259141e-09
9.8955209e-07
-7.0394637e-09
9.8213323e-07
-7.2185262e-09
9.74909e-07
-7.3613431e-09
9.6787734e-07
-7.468151e-09
9.6103442e-07
-7.5412268e-09
9.5437656e-07
-7.5824262e-09
9.4790113e-07
-7.5931585e-09
9.4160446e-07
-7.5764914e-09
9.3548056e-07
-7.5354945e-09
9.2952425e-07
-7.4710118e-09
9.2373267e-07
-7.3832966e-09
9.1810468e-07
-7.2722934e-09
9.1264075e-07
-7.1373401e-09
9.0734115e-07
-6.9747261e-09
9.0220666e-07
-6.7834391e-09
8.9723889e-07
-6.561744e-09
8.9244018e-07
-6.3098451e-09
8.8781308e-07
-6.0267324e-09
8.8336042e-07
-5.7124501e-09
8.7908493e-07
-5.3683844e-09
8.7499018e-07
-4.9950812e-09
8.7107931e-07
-4.5950088e-09
8.6735709e-07
-4.1697246e-09
8.6382677e-07
-3.7186418e-09
8.6049393e-07
-3.2451455e-09
8.5736194e-07
-2.7465274e-09
8.5443102e-07
-2.2231266e-09
8.5169704e-07
-1.6772543e-09
8.4916585e-07
-1.1233312e-09
8.4685169e-07
-5.7406702e-10
8.4473192e-07
1.2370993e-11
8.4282982e-07
5.7630523e-10
8.4118476e-07
1.073456e-09
8.3979073e-07
1.548774e-09
8.3861519e-07
2.0863116e-09
8.3765053e-07
2.670494e-09
8.369039e-07
3.2688097e-09
8.3637808e-07
3.8744865e-09
8.3607108e-07
4.4892019e-09
8.3598383e-07
5.1010334e-09
8.3611851e-07
5.7052585e-09
8.3648156e-07
6.299012e-09
8.3707826e-07
6.8816797e-09
8.3790561e-07
7.4494682e-09
8.3895223e-07
8.0057165e-09
8.4022081e-07
8.5474845e-09
8.4172476e-07
9.0713548e-09
8.4346937e-07
9.5803703e-09
8.454508e-07
1.0073983e-08
8.4767171e-07
1.0551712e-08
8.5014498e-07
1.1015295e-08
8.5283108e-07
1.145957e-08
8.5571262e-07
1.188856e-08
8.5884387e-07
1.2301858e-08
8.6222158e-07
1.269908e-08
8.65837e-07
1.3080772e-08
8.6968744e-07
1.3446455e-08
8.7377315e-07
1.3797985e-08
8.7809283e-07
1.4132655e-08
8.8264534e-07
1.4454354e-08
8.8744781e-07
1.4763919e-08
8.9250841e-07
1.5060945e-08
8.9783055e-07
1.5345702e-08
9.034114e-07
1.5622824e-08
9.0924184e-07
1.5904534e-08
9.1529705e-07
1.6204355e-08
9.2156142e-07
1.6519661e-08
9.2805343e-07
1.6813011e-08
9.3485412e-07
1.7053472e-08
9.4205526e-07
1.7265676e-08
9.4966807e-07
1.7486229e-08
9.5762835e-07
1.7704623e-08
9.6584501e-07
1.7928311e-08
9.7433377e-07
1.8147114e-08
9.8312046e-07
1.8352667e-08
9.9224611e-07
1.8531359e-08
1.0017581e-06
1.8678333e-08
1.0116748e-06
1.8799505e-08
1.0219967e-06
1.8902277e-08
1.0327104e-06
1.8997935e-08
1.0437969e-06
1.9079374e-08
1.0552492e-06
1.9141564e-08
1.0670713e-06
1.9169487e-08
1.0792789e-06
1.9154117e-08
1.0918879e-06
1.9098531e-08
1.1049058e-06
1.9002564e-08
1.118334e-06
1.8864646e-08
1.1321676e-06
1.8685485e-08
1.1463891e-06
1.8469056e-08
1.1609851e-06
1.821683e-08
1.1759431e-06
1.7932233e-08
1.1912617e-06
1.7617413e-08
1.2069421e-06
1.7271842e-08
1.2229883e-06
1.690077e-08
1.2394004e-06
1.6512992e-08
1.2561762e-06
1.6118114e-08
1.273313e-06
1.5721633e-08
1.2908086e-06
1.5327589e-08
1.3086627e-06
1.4939577e-08
1.3268756e-06
1.4559972e-08
1.3454459e-06
1.4190531e-08
1.3643694e-06
1.3832476e-08
1.3836368e-06
1.348646e-08
1.4032328e-06
1.3152274e-08
1.4231357e-06
1.282873e-08
1.4433164e-06
1.2514216e-08
1.4637381e-06
1.2206563e-08
1.484355e-06
1.1903083e-08
1.5051116e-06
1.1601445e-08
1.5259419e-06
1.129741e-08
1.5467682e-06
1.0988606e-08
1.5675014e-06
1.0670454e-08
1.5880406e-06
1.0338905e-08
1.6082726e-06
9.9897388e-09
1.628075e-06
9.6170103e-09
1.6473159e-06
9.2151646e-09
1.6658551e-06
8.7814169e-09
1.6835501e-06
8.3047689e-09
1.7002554e-06
7.784362e-09
1.7158328e-06
7.2050415e-09
1.7301486e-06
6.5658909e-09
1.7430814e-06
5.8614185e-09
1.7545287e-06
5.0877711e-09
1.7644021e-06
4.2530792e-09
1.7726167e-06
3.3829282e-09
1.7791336e-06
2.4382691e-09
1.7839203e-06
1.4793118e-09
1.7868866e-06
4.2744075e-10
1.7878853e-06
-6.2171734e-10
1.7880255e-06
-1.8031918e-09
1.7868967e-06
-3.1316092e-09
1.7842605e-06
-4.4212674e-09
1.7801615e-06
-5.7687801e-09
1.774848e-06
-7.0892345e-09
1.7684219e-06
-8.3859604e-09
1.7610333e-06
-9.6413832e-09
1.7528047e-06
-1.0857769e-08
1.7438573e-06
-1.2050016e-08
1.7343005e-06
-1.3213395e-08
1.7242281e-06
-1.4349807e-08
1.7137259e-06
-1.544982e-08
1.7028669e-06
-1.650582e-08
1.6917325e-06
-1.7516386e-08
1.6803949e-06
-1.848769e-08
1.6688971e-06
-1.9417346e-08
1.657266e-06
-2.030141e-08
1.645525e-06
-2.114204e-08
1.6336954e-06
-2.1939938e-08
1.621796e-06
-2.2694086e-08
1.6098411e-06
-2.3403853e-08
1.5978448e-06
-2.4070359e-08
1.5858214e-06
-2.4694654e-08
1.5737832e-06
-2.5276687e-08
1.5617401e-06
-2.5813865e-08
1.5496964e-06
-2.6302432e-08
1.537661e-06
-2.6750489e-08
1.5256397e-06
-2.7153908e-08
1.5136443e-06
-2.7502164e-08
1.5016792e-06
-2.7795904e-08
1.4897502e-06
-2.8033025e-08
1.4778662e-06
-2.8212587e-08
1.4660401e-06
-2.8332364e-08
1.4542865e-06
-2.8392614e-08
1.4426205e-06
-2.8389415e-08
1.4310583e-06
-2.8327038e-08
1.4196165e-06
-2.8199166e-08
1.4083125e-06
-2.8014539e-08
1.3971635e-06
-2.7759665e-08
1.3861878e-06
-2.7452943e-08
1.3754028e-06
-2.706875e-08
1.364828e-06
-2.6642018e-08
1.3544798e-06
-2.6124384e-08
1.3443807e-06
-2.5579759e-08
1.3345436e-06
-2.4922052e-08
1.3249994e-06
-2.426266e-08
1.3157501e-06
-2.345571e-08
1.3068446e-06
-2.2684073e-08
1.2982617e-06
-2.1715386e-08
1.2900855e-06
-2.082791e-08
1.2822488e-06
-1.9674229e-08
1.2748956e-06
-1.865032e-08
1.267881e-06
-1.7283e-08
1.2614236e-06
-1.6035048e-08
1.2552909e-06
-1.4408475e-08
1.2495894e-06
-1.261215e-08
1.2444938e-06
-1.1067459e-08
1.2401022e-06
-8.9382062e-09
-7.8114009e-09
5.6161172e-06
2.087972e-09
5.6180027e-06
4.7643645e-09
5.6214218e-06
8.7299266e-09
5.625599e-06
1.0479761e-08
5.6307245e-06
1.3415407e-08
5.6364226e-06
1.4947548e-08
5.6425659e-06
1.6533712e-08
5.6490147e-06
1.7560964e-08
5.6556341e-06
1.8259723e-08
5.6622882e-06
1.8665459e-08
5.6689128e-06
1.8804012e-08
5.6754431e-06
1.8769227e-08
5.6818441e-06
1.8589075e-08
5.6880939e-06
1.8299497e-08
5.6941804e-06
1.7932445e-08
5.7000919e-06
1.7516058e-08
5.7058316e-06
1.7072237e-08
5.7113931e-06
1.6614438e-08
5.7167869e-06
1.6156442e-08
5.7220107e-06
1.5705225e-08
5.7270775e-06
1.5266684e-08
5.7319956e-06
1.4844828e-08
5.7367744e-06
1.444007e-08
5.7414231e-06
1.405584e-08
5.7459499e-06
1.3689795e-08
5.7503624e-06
1.3345572e-08
5.7546676e-06
1.3019038e-08
5.758873e-06
1.2713577e-08
5.7629838e-06
1.2424477e-08
5.7670076e-06
1.2154544e-08
5.7709484e-06
1.1899183e-08
5.7748131e-06
1.1659889e-08
5.7786057e-06
1.1433078e-08
5.7823324e-06
1.1220469e-08
5.7859968e-06
1.101734e-08
5.7896033e-06
1.0828007e-08
5.7931532e-06
1.0645505e-08
5.7966505e-06
1.0477891e-08
5.8000954e-06
1.0313136e-08
5.8034924e-06
1.0163857e-08
5.8068403e-06
1.0013223e-08
5.8101461e-06
9.8790203e-09
5.8134061e-06
9.7403197e-09
5.8166315e-06
9.6170307e-09
5.8198131e-06
9.4900061e-09
5.8229655e-06
9.3774499e-09
5.8260773e-06
9.263907e-09
5.829154e-06
9.1604684e-09
5.8321862e-06
9.0561785e-09
5.8351865e-06
8.9603138e-09
5.8381548e-06
8.8680281e-09
5.8410918e-06
8.7810719e-09
5.8439982e-06
8.6963134e-09
5.8468759e-06
8.6138896e-09
5.8497258e-06
8.535411e-09
5.8525499e-06
8.4565182e-09
5.8553476e-06
8.383152e-09
5.8581222e-06
8.3075737e-09
5.8608705e-06
8.2389304e-09
5.8635974e-06
8.1670275e-09
5.8662966e-06
8.1014817e-09
5.8689757e-06
8.0359359e-09
5.8716202e-06
7.9705358e-09
5.8742471e-06
7.9120621e-09
5.8768417e-06
7.8458782e-09
5.8794248e-06
7.7850437e-09
5.8819917e-06
7.7206885e-09
5.8845494e-06
7.6662445e-09
5.8870954e-06
7.6108195e-09
5.88963e-06
7.5583282e-09
5.8921511e-06
7.5078468e-09
5.8946581e-06
7.4573192e-09
5.8971509e-06
7.4099735e-09
5.8996277e-06
7.3607058e-09
5.9020893e-06
7.3162294e-09
5.904535e-06
7.2680537e-09
5.9069667e-06
7.2264226e-09
5.9093816e-06
7.1783375e-09
5.911787e-06
7.1386883e-09
5.9141746e-06
7.0912116e-09
5.9165608e-06
7.0493762e-09
5.9189285e-06
7.0034041e-09
5.9213045e-06
6.9524404e-09
5.9236599e-06
6.9119701e-09
5.9260059e-06
6.8610477e-09
5.9283237e-06
6.8209478e-09
5.930615e-06
6.7852644e-09
5.9328873e-06
6.7554162e-09
5.9351409e-06
6.7254047e-09
5.9373787e-06
6.6959829e-09
5.9396031e-06
6.6662693e-09
5.9418144e-06
6.6353767e-09
5.9440143e-06
6.604691e-09
5.946204e-06
6.5732984e-09
5.9483834e-06
6.5420385e-09
5.9505533e-06
6.5114043e-09
5.9527132e-06
6.4797896e-09
5.9548642e-06
6.4513412e-09
5.9570054e-06
6.4192696e-09
5.9591354e-06
6.3940329e-09
5.9612547e-06
6.3615126e-09
5.9633554e-06
6.3409566e-09
5.9654424e-06
6.3071304e-09
5.9674909e-06
6.2886212e-09
5.9695263e-06
6.253174e-09
5.9715287e-06
6.219413e-09
5.9735416e-06
6.1738121e-09
5.9755685e-06
6.1369381e-09
5.9776074e-06
6.1094307e-09
5.9796515e-06
6.0826366e-09
5.981697e-06
6.059202e-09
5.9837395e-06
6.0366383e-09
5.9857762e-06
6.0142766e-09
5.987805e-06
5.9920904e-09
5.9898249e-06
5.970028e-09
5.9918356e-06
5.9484409e-09
5.9938365e-06
5.9267262e-09
5.9958271e-06
5.9051648e-09
5.9978081e-06
5.8841079e-09
5.9997799e-06
5.8626766e-09
6.0017426e-06
5.8423506e-09
6.0036981e-06
5.8210334e-09
6.0056466e-06
5.8010725e-09
6.0075927e-06
5.7785661e-09
6.0095401e-06
5.7566494e-09
6.011493e-06
5.7297633e-09
6.0134685e-06
5.6986464e-09
6.015441e-06
5.6658442e-09
6.0174277e-06
5.6229417e-09
6.0193477e-06
5.5956342e-09
6.0212309e-06
5.5872267e-09
6.0230898e-06
5.5800617e-09
6.0249286e-06
5.5727765e-09
6.0267525e-06
5.5638436e-09
6.0285646e-06
5.5525669e-09
6.0303678e-06
5.5395959e-09
6.0321637e-06
5.5248015e-09
6.033954e-06
5.5083711e-09
6.0357394e-06
5.4915597e-09
6.0375203e-06
5.4741531e-09
6.0392964e-06
5.4564375e-09
6.0410687e-06
5.4385412e-09
6.042836e-06
5.4210303e-09
6.0445986e-06
5.403507e-09
6.0463555e-06
5.3868625e-09
6.0481073e-06
5.3701328e-09
6.0498511e-06
5.3550231e-09
6.0515879e-06
5.3401199e-09
6.053312e-06
5.3278297e-09
6.0550217e-06
5.3169704e-09
6.0567077e-06
5.3083582e-09
6.0583557e-06
5.3025744e-09
6.0599719e-06
5.2865388e-09
6.0615426e-06
5.263638e-09
6.0631715e-06
5.2035238e-09
6.0648408e-06
5.1793605e-09
6.0665269e-06
5.1621987e-09
6.0682226e-06
5.147081e-09
6.0699226e-06
5.1334306e-09
6.0716246e-06
5.1190616e-09
6.0733275e-06
5.10471e-09
6.0750263e-06
5.091001e-09
6.0767166e-06
5.0782973e-09
6.078397e-06
5.0658429e-09
6.0800664e-06
5.0533058e-09
6.0817245e-06
5.040397e-09
6.0833722e-06
5.02776e-09
6.085009e-06
5.0147611e-09
6.0866364e-06
5.0019109e-09
6.0882541e-06
4.9892779e-09
6.0898626e-06
4.97629e-09
6.0914634e-06
4.9634084e-09
6.0930572e-06
4.9504387e-09
6.0946444e-06
4.9369784e-09
6.0962289e-06
4.9232867e-09
6.0978136e-06
4.9075237e-09
6.0994079e-06
4.8907345e-09
6.1010209e-06
4.8670237e-09
6.1026708e-06
4.844404e-09
6.1043171e-06
4.8140549e-09
6.105869e-06
4.8076081e-09
6.1073878e-06
4.8100977e-09
6.10889e-06
4.8074091e-09
6.1103767e-06
4.8036415e-09
6.1118506e-06
4.7975277e-09
6.1133146e-06
4.7896052e-09
6.1147701e-06
4.7805306e-09
6.1162179e-06
4.7706883e-09
6.1176585e-06
4.7603637e-09
6.1190925e-06
4.7498059e-09
6.1205192e-06
4.7389199e-09
6.1219388e-06
4.728427e-09
6.1233522e-06
4.7180122e-09
6.124759e-06
4.7073452e-09
6.1261592e-06
4.6971436e-09
6.1275539e-06
4.6873669e-09
6.1289419e-06
4.6779216e-09
6.1303237e-06
4.6686255e-09
6.1316995e-06
4.65967e-09
6.1330685e-06
4.6500159e-09
6.134432e-06
4.6405955e-09
6.1357896e-06
4.6302788e-09
6.1371428e-06
4.61828e-09
6.1384919e-06
4.6083417e-09
6.1398392e-06
4.5901984e-09
6.1411871e-06
4.5785162e-09
6.1425306e-06
4.5686455e-09
6.1438731e-06
4.5539599e-09
6.1452136e-06
4.5402682e-09
6.1465504e-06
4.5276085e-09
6.1478832e-06
4.5151043e-09
6.1492114e-06
4.5027466e-09
6.150535e-06
4.4907806e-09
6.1518525e-06
4.4788173e-09
6.1531643e-06
4.4669646e-09
6.1544689e-06
4.4552029e-09
6.1557667e-06
4.4435136e-09
6.1570567e-06
4.4317767e-09
6.1583392e-06
4.4200941e-09
6.1596139e-06
4.4081006e-09
6.1608807e-06
4.3960497e-09
6.1621392e-06
4.3837072e-09
6.1633896e-06
4.3714428e-09
6.164632e-06
4.3590878e-09
6.1658663e-06
4.346755e-09
6.167092e-06
4.3342752e-09
6.1683091e-06
4.3217927e-09
6.1695176e-06
4.3094293e-09
6.170717e-06
4.2965733e-09
6.1719076e-06
4.2837369e-09
6.173089e-06
4.2707815e-09
6.1742611e-06
4.2571711e-09
6.1754244e-06
4.2433315e-09
6.1765767e-06
4.2294332e-09
6.1777217e-06
4.2137533e-09
6.178854e-06
4.1997295e-09
6.1799776e-06
4.1846993e-09
6.18109e-06
4.1688408e-09
6.1821912e-06
4.1534873e-09
6.1832827e-06
4.1379433e-09
6.184365e-06
4.122346e-09
6.1854382e-06
4.1066146e-09
6.1865015e-06
4.0908863e-09
6.1875558e-06
4.0754773e-09
6.1886006e-06
4.0600163e-09
6.1896362e-06
4.0447228e-09
6.1906627e-06
4.0295167e-09
6.1916806e-06
4.0138812e-09
6.1926891e-06
3.9981543e-09
6.1936892e-06
3.9819588e-09
6.1946804e-06
3.9661239e-09
6.1956599e-06
3.9513965e-09
6.1966302e-06
3.9355426e-09
6.197591e-06
3.9192187e-09
6.1985422e-06
3.9028571e-09
6.1994841e-06
3.8870618e-09
6.2004171e-06
3.8717101e-09
6.2013409e-06
3.8565835e-09
6.2022553e-06
3.8426089e-09
6.2031618e-06
3.8286556e-09
6.2040606e-06
3.8162193e-09
6.2049512e-06
3.8053871e-09
6.2058352e-06
3.7947934e-09
6.2067127e-06
3.7862491e-09
6.2075839e-06
3.7790744e-09
6.2084487e-06
3.7732195e-09
6.2093086e-06
3.7686401e-09
6.2101635e-06
3.7651366e-09
6.2110142e-06
3.7629735e-09
6.2118612e-06
3.7617545e-09
6.2127045e-06
3.7613304e-09
6.2135443e-06
3.7617656e-09
6.2143805e-06
3.7630019e-09
6.2152139e-06
3.7644909e-09
6.2160442e-06
3.7663863e-09
6.2168714e-06
3.7683585e-09
6.2176958e-06
3.77038e-09
6.2185167e-06
3.7722363e-09
6.2193347e-06
3.7738115e-09
6.220149e-06
3.7746446e-09
6.2209597e-06
3.775011e-09
6.2217669e-06
3.7743324e-09
6.2225698e-06
3.7727581e-09
6.2233683e-06
3.7699124e-09
6.2241615e-06
3.7660604e-09
6.2249492e-06
3.7607721e-09
6.2257305e-06
3.7532661e-09
6.2265046e-06
3.7436396e-09
6.2272712e-06
3.7322696e-09
6.2280286e-06
3.7179873e-09
6.2287761e-06
3.7008698e-09
6.2295126e-06
3.6808872e-09
6.2302368e-06
3.6577408e-09
6.2309473e-06
3.6308858e-09
6.2316423e-06
3.6005909e-09
6.2323208e-06
3.5663041e-09
6.2329807e-06
3.5286014e-09
6.2336211e-06
3.4870764e-09
6.2342394e-06
3.4416652e-09
6.2348348e-06
3.3931178e-09
6.2354059e-06
3.3410092e-09
6.2359507e-06
3.2853831e-09
6.2364685e-06
3.2275214e-09
6.2369587e-06
3.1679677e-09
6.2374205e-06
3.1070382e-09
6.2378535e-06
3.0451432e-09
6.2382577e-06
2.9828144e-09
6.238633e-06
2.9207934e-09
6.2389798e-06
2.859375e-09
6.2392993e-06
2.7997467e-09
6.2395914e-06
2.7416709e-09
6.2398574e-06
2.686352e-09
6.2400989e-06
2.6341826e-09
6.2403172e-06
2.5855842e-09
6.2405143e-06
2.5408156e-09
6.2406915e-06
2.5003537e-09
6.2408506e-06
2.4646276e-09
6.2409941e-06
2.433945e-09
6.2411239e-06
2.4083819e-09
6.2412412e-06
2.387794e-09
6.2413493e-06
2.3731217e-09
6.2414494e-06
2.3632301e-09
6.2415433e-06
2.3588762e-09
6.2416336e-06
2.3596942e-09
6.2417214e-06
2.3650237e-09
6.2418088e-06
2.3750184e-09
6.2418973e-06
2.3891653e-09
6.2419874e-06
2.4064435e-09
6.2420801e-06
2.4267455e-09
6.242177e-06
2.4491107e-09
6.2422777e-06
2.4728855e-09
6.2423829e-06
2.4975453e-09
6.2424914e-06
2.5218676e-09
6.2426031e-06
2.5451725e-09
6.2427172e-06
2.5666762e-09
6.2428322e-06
2.5854194e-09
6.2429459e-06
2.6005704e-09
6.2430567e-06
2.6110656e-09
6.2431621e-06
2.6163449e-09
6.2432588e-06
2.6152267e-09
6.2433448e-06
2.6075297e-09
6.2434155e-06
2.5925098e-09
6.2434682e-06
2.5699998e-09
6.2434998e-06
2.5392821e-09
6.2435083e-06
2.4994962e-09
6.2434901e-06
2.452019e-09
6.2434405e-06
2.3973619e-09
6.2433567e-06
2.3356108e-09
6.2432357e-06
2.2672775e-09
6.2430749e-06
2.1928801e-09
6.2428729e-06
2.1139215e-09
6.2426276e-06
2.0306219e-09
6.2423379e-06
1.9450126e-09
6.2420033e-06
1.8580537e-09
6.2416238e-06
1.7709572e-09
6.2412002e-06
1.684771e-09
6.2407334e-06
1.6010122e-09
6.2402251e-06
1.5209696e-09
6.239677e-06
1.4459238e-09
6.2390915e-06
1.376542e-09
6.2384712e-06
1.3124333e-09
6.2378197e-06
1.2552084e-09
6.2371391e-06
1.2053856e-09
6.2364336e-06
1.1635848e-09
6.2357064e-06
1.1297767e-09
6.2349608e-06
1.1043371e-09
6.2341996e-06
1.0873986e-09
6.2334266e-06
1.0793113e-09
6.2326452e-06
1.0793353e-09
6.2318583e-06
1.0873573e-09
6.2310688e-06
1.1020518e-09
6.2302799e-06
1.1236665e-09
6.229494e-06
1.1509469e-09
6.2287125e-06
1.1839076e-09
6.2279364e-06
1.220883e-09
6.2271662e-06
1.260708e-09
6.2264022e-06
1.3018968e-09
6.2256433e-06
1.3440054e-09
6.2248887e-06
1.3848669e-09
6.2241363e-06
1.4232908e-09
6.2233844e-06
1.458186e-09
6.2226294e-06
1.4882278e-09
6.2218682e-06
1.5124781e-09
6.2210971e-06
1.5299664e-09
6.2203119e-06
1.5405459e-09
6.2195079e-06
1.5436186e-09
6.2186801e-06
1.5389001e-09
6.2178243e-06
1.526637e-09
6.2169354e-06
1.507118e-09
6.2160087e-06
1.48047e-09
6.2150395e-06
1.4471837e-09
6.2140225e-06
1.4077735e-09
6.2129537e-06
1.3627695e-09
6.2118282e-06
1.3131816e-09
6.2106409e-06
1.2602897e-09
6.2093835e-06
1.2075625e-09
6.2080519e-06
1.1491963e-09
6.2066376e-06
1.0917298e-09
6.2051302e-06
1.0366494e-09
6.2035194e-06
9.7929398e-10
6.2017893e-06
9.2659924e-10
6.1999212e-06
8.7541441e-10
6.1978901e-06
8.2915363e-10
6.1956665e-06
7.8818552e-10
6.1932111e-06
7.529759e-10
6.1904756e-06
7.2500717e-10
6.187401e-06
7.0478734e-10
6.1839135e-06
6.94095e-10
6.1799243e-06
6.9393957e-10
6.1753258e-06
7.0458928e-10
6.1699885e-06
7.2818729e-10
6.1637602e-06
7.663794e-10
6.1564613e-06
8.2061202e-10
6.1478833e-06
8.9233465e-10
6.1377881e-06
9.8259179e-10
6.1259044e-06
1.0924528e-09
6.1119274e-06
1.2240653e-09
6.0955195e-06
1.3760335e-09
6.0763165e-06
1.5479604e-09
6.0539262e-06
1.7384121e-09
6.0279438e-06
1.9412956e-09
5.9979496e-06
2.1477837e-09
5.963515e-06
2.353477e-09
5.9241849e-06
2.5881279e-09
5.8794552e-06
2.9149057e-09
5.8289442e-06
3.3200518e-09
5.772816e-06
3.4280117e-09
5.710562e-06
3.7787715e-09
5.6421549e-06
3.8622581e-09
5.5666672e-06
4.9826783e-09
5.4848022e-06
5.3358225e-09
5.3967167e-06
5.6259961e-09
5.3030485e-06
5.9390226e-09
5.2038329e-06
6.315215e-09
5.0996329e-06
6.7101777e-09
4.9910232e-06
7.0906294e-09
4.8785164e-06
7.4938402e-09
4.7628123e-06
7.8976043e-09
4.6446319e-06
8.2895566e-09
4.5247105e-06
8.672385e-09
4.4038348e-06
9.0000611e-09
4.2828564e-06
9.3375809e-09
4.1625067e-06
9.6602304e-09
4.0434493e-06
9.9735136e-09
3.9263241e-06
1.0255067e-08
3.8117516e-06
1.0479475e-08
3.7001376e-06
1.0694567e-08
3.5918297e-06
1.090794e-08
3.487111e-06
1.1111883e-08
3.386209e-06
1.1307916e-08
3.2892673e-06
1.1480315e-08
3.1963656e-06
1.1638793e-08
3.1075045e-06
1.1787668e-08
3.0226749e-06
1.1907636e-08
2.9418516e-06
1.2002719e-08
2.8649225e-06
1.2077496e-08
2.7917495e-06
1.213449e-08
2.7221721e-06
1.2177655e-08
2.6560078e-06
1.2207994e-08
2.5930628e-06
1.2231448e-08
2.5331461e-06
1.2246073e-08
2.4760878e-06
1.2243547e-08
2.4216847e-06
1.2232956e-08
2.3697327e-06
1.2217351e-08
2.3200369e-06
1.2193818e-08
2.2724239e-06
1.2165006e-08
2.2267348e-06
1.2131169e-08
2.1828241e-06
1.209288e-08
2.1405579e-06
1.2050117e-08
2.0998145e-06
1.2002952e-08
2.0604814e-06
1.1949055e-08
2.022456e-06
1.1887811e-08
1.9856441e-06
1.1816922e-08
1.9499642e-06
1.1735463e-08
1.9153563e-06
1.1644607e-08
1.8817651e-06
1.1542559e-08
1.849144e-06
1.1429578e-08
1.8174479e-06
1.1308596e-08
1.7866371e-06
1.1178844e-08
1.7566779e-06
1.103979e-08
1.7275396e-06
1.0891503e-08
1.6991912e-06
1.0733654e-08
1.6716068e-06
1.0566371e-08
1.6447696e-06
1.0389009e-08
1.6186637e-06
1.0201894e-08
1.593267e-06
1.0002587e-08
1.5685576e-06
9.7897574e-09
1.5445187e-06
9.5658046e-09
1.5211362e-06
9.3314623e-09
1.4983965e-06
9.0874801e-09
1.4762864e-06
8.8339247e-09
1.4547924e-06
8.5691614e-09
1.4338986e-06
8.2933518e-09
1.4135886e-06
8.0047826e-09
1.3938553e-06
7.7058906e-09
1.3746888e-06
7.3966562e-09
1.3560744e-06
7.0783228e-09
1.3379961e-06
6.7495325e-09
1.3204386e-06
6.4134404e-09
1.3033903e-06
6.0673728e-09
1.286839e-06
5.7139924e-09
1.2707674e-06
5.3543281e-09
1.2551688e-06
4.9773838e-09
1.2400438e-06
4.5757376e-09
1.2253813e-06
4.1607882e-09
1.2111543e-06
3.7473216e-09
1.1973456e-06
3.3349239e-09
1.1839356e-06
2.9316718e-09
1.1709041e-06
2.5296369e-09
1.158237e-06
2.1265274e-09
1.1459231e-06
1.7240676e-09
1.1339527e-06
1.322253e-09
1.1223161e-06
9.226393e-10
1.1110029e-06
5.2565285e-10
1.1000013e-06
1.3213519e-10
1.0892997e-06
-2.5793856e-10
1.0788857e-06
-6.4368377e-10
1.0687472e-06
-1.0247456e-09
1.0588752e-06
-1.4021166e-09
1.0492592e-06
-1.7724195e-09
1.0398878e-06
-2.1328836e-09
1.0307507e-06
-2.4822926e-09
1.0218384e-06
-2.820046e-09
1.0131421e-06
-3.1454408e-09
1.0046541e-06
-3.4579046e-09
9.9636661e-07
-3.7559156e-09
9.8827167e-07
-4.0368864e-09
9.8036264e-07
-4.2998529e-09
9.7263487e-07
-4.5450568e-09
9.6508478e-07
-4.7710422e-09
9.5770949e-07
-4.9755764e-09
9.505074e-07
-5.1565285e-09
9.4347765e-07
-5.3132805e-09
9.3661988e-07
-5.4457345e-09
9.2993458e-07
-5.5525287e-09
9.2342146e-07
-5.6331655e-09
9.1707974e-07
-5.688837e-09
9.1090853e-07
-5.7207741e-09
9.0490718e-07
-5.7302056e-09
8.9907471e-07
-5.7189125e-09
8.9340897e-07
-5.6884844e-09
8.8790827e-07
-5.6395071e-09
8.8257151e-07
-5.5723248e-09
8.7739741e-07
-5.4864162e-09
8.7238548e-07
-5.3814193e-09
8.6753781e-07
-5.2561102e-09
8.6285747e-07
-5.110028e-09
8.5834772e-07
-4.9415374e-09
8.5401209e-07
-4.7506883e-09
8.4985434e-07
-4.5365378e-09
8.4587827e-07
-4.2988586e-09
8.4208751e-07
-4.0385268e-09
8.3848612e-07
-3.7561558e-09
8.350777e-07
-3.4535685e-09
8.3186799e-07
-3.1339504e-09
8.2886315e-07
-2.7966864e-09
8.2606973e-07
-2.4451312e-09
8.2349134e-07
-2.0732891e-09
8.2113161e-07
-1.6810819e-09
8.1898633e-07
-1.2629089e-09
8.1704352e-07
-8.2503204e-10
8.1533192e-07
-4.2051251e-10
8.1384934e-07
2.3478997e-11
8.1258174e-07
4.5991566e-10
8.1158885e-07
7.7125772e-10
8.1086364e-07
1.0684764e-09
8.1037328e-07
1.4615869e-09
8.1010544e-07
1.9156658e-09
8.100618e-07
2.3853652e-09
8.1024059e-07
2.8661251e-09
8.1065248e-07
3.3422145e-09
8.1130138e-07
3.8143599e-09
8.1219991e-07
4.2736548e-09
8.1334588e-07
4.7252064e-09
8.1474036e-07
5.1667421e-09
8.1639896e-07
5.5997607e-09
8.1829336e-07
6.0189453e-09
8.2040524e-07
6.4288455e-09
8.2278065e-07
6.8270123e-09
8.2541673e-07
7.2144242e-09
8.2830246e-07
7.5927122e-09
8.3143221e-07
7.9606721e-09
8.3480486e-07
8.3175129e-09
8.3841524e-07
8.6587524e-09
8.4226539e-07
8.9896974e-09
8.463645e-07
9.3072328e-09
8.5071542e-07
9.6121826e-09
8.5531837e-07
9.9042725e-09
8.6017238e-07
1.0184035e-08
8.6527901e-07
1.0451906e-08
8.7063876e-07
1.0707281e-08
8.7625109e-07
1.0956846e-08
8.8211671e-07
1.120117e-08
8.8823267e-07
1.1442867e-08
8.9459367e-07
1.1683742e-08
9.0120333e-07
1.191941e-08
9.0808229e-07
1.2145426e-08
9.1526532e-07
1.2362702e-08
9.227852e-07
1.2571802e-08
9.3063527e-07
1.2775364e-08
9.3877794e-07
1.297275e-08
9.4720352e-07
1.3160501e-08
9.5593787e-07
1.3340204e-08
9.6499419e-07
1.3514678e-08
9.7439554e-07
1.3682266e-08
9.8416384e-07
1.3833987e-08
9.9431125e-07
1.3971754e-08
1.0048293e-06
1.410263e-08
1.0157013e-06
1.4230119e-08
1.0269199e-06
1.4350575e-08
1.0384997e-06
1.4449301e-08
1.0504677e-06
1.4525491e-08
1.0628399e-06
1.4582945e-08
1.0756313e-06
1.4618029e-08
1.0888416e-06
1.4630399e-08
1.102461e-06
1.4619943e-08
1.1164867e-06
1.458188e-08
1.1309159e-06
1.451564e-08
1.1457443e-06
1.4419935e-08
1.1609686e-06
1.4293557e-08
1.1765883e-06
1.4136885e-08
1.1926018e-06
1.3950987e-08
1.2090074e-06
1.3738664e-08
1.2258009e-06
1.3503506e-08
1.242973e-06
1.3248561e-08
1.2605145e-06
1.2977453e-08
1.2784184e-06
1.2695044e-08
1.2966803e-06
1.2406409e-08
1.3152957e-06
1.2115488e-08
1.334258e-06
1.1825624e-08
1.3535584e-06
1.1539817e-08
1.3731845e-06
1.1260318e-08
1.3931197e-06
1.0988732e-08
1.413343e-06
1.0725969e-08
1.4338278e-06
1.0472397e-08
1.4545412e-06
1.0227688e-08
1.4754431e-06
9.9907838e-09
1.4964848e-06
9.7605035e-09
1.5176086e-06
9.5352051e-09
1.5387471e-06
9.312624e-09
1.559823e-06
9.0910541e-09
1.5807487e-06
8.8668259e-09
1.601427e-06
8.6379557e-09
1.6217517e-06
8.40032e-09
1.6416091e-06
8.149629e-09
1.6608771e-06
7.8833087e-09
1.6794284e-06
7.5965878e-09
1.6971321e-06
7.285287e-09
1.7138544e-06
6.9504136e-09
1.7294661e-06
6.5808172e-09
1.7438447e-06
6.1769425e-09
1.7568779e-06
5.7256031e-09
1.7684752e-06
5.2194458e-09
1.7785589e-06
4.660071e-09
1.7870871e-06
4.0279775e-09
1.7940001e-06
3.3724721e-09
1.7993344e-06
2.6448403e-09
1.8028989e-06
1.9648407e-09
1.8046128e-06
1.2171943e-09
1.8051709e-06
6.240497e-10
1.8047355e-06
-4.2235726e-10
1.8028921e-06
-1.4311259e-09
1.7995639e-06
-2.413461e-09
1.7949477e-06
-3.4021896e-09
1.7892821e-06
-4.5353841e-09
1.7826918e-06
-5.621593e-09
1.7752632e-06
-6.6343815e-09
1.7671303e-06
-7.6134015e-09
1.7583974e-06
-8.5424539e-09
1.7491656e-06
-9.4470312e-09
1.7395253e-06
-1.0325568e-08
1.7295527e-06
-1.118007e-08
1.7193192e-06
-1.2009149e-08
1.7088893e-06
-1.2810299e-08
1.6983167e-06
-1.3581714e-08
1.6876408e-06
-1.4324812e-08
1.6768954e-06
-1.5039387e-08
1.6661089e-06
-1.5722762e-08
1.6552987e-06
-1.6372039e-08
1.6444788e-06
-1.6988731e-08
1.6336634e-06
-1.7575488e-08
1.6228625e-06
-1.8130188e-08
1.6120817e-06
-1.865176e-08
1.6013239e-06
-1.9139696e-08
1.5905908e-06
-1.9593561e-08
1.5798863e-06
-2.0013254e-08
1.5692212e-06
-2.0402059e-08
1.5585948e-06
-2.0756457e-08
1.548004e-06
-2.1069039e-08
1.5374627e-06
-2.1345627e-08
1.5269834e-06
-2.1584684e-08
1.5165782e-06
-2.1783229e-08
1.5062595e-06
-2.1939512e-08
1.4960403e-06
-2.2051359e-08
1.4859345e-06
-2.2119527e-08
1.4759553e-06
-2.2138187e-08
1.4661184e-06
-2.2114502e-08
1.4564387e-06
-2.2040628e-08
1.4469317e-06
-2.1925656e-08
1.437612e-06
-2.1754041e-08
1.4284967e-06
-2.1545544e-08
1.419605e-06
-2.127604e-08
1.4109534e-06
-2.0977815e-08
1.4025598e-06
-2.0604041e-08
1.3944426e-06
-2.0217843e-08
1.3866183e-06
-1.9730953e-08
1.3791135e-06
-1.9262982e-08
1.3719357e-06
-1.8649927e-08
1.3651281e-06
-1.8108434e-08
1.3586731e-06
-1.7350182e-08
1.3526416e-06
-1.6738439e-08
1.34699e-06
-1.5805048e-08
1.3418466e-06
-1.5114637e-08
1.3370927e-06
-1.3958356e-08
1.3329413e-06
-1.3130289e-08
1.3289959e-06
-1.1517128e-08
1.325486e-06
-9.9442481e-09
1.3224094e-06
-8.6066994e-09
1.3205067e-06
-7.4351085e-09
-7.3948319e-09
5.6161047e-06
1.3742234e-09
5.6178642e-06
3.0046867e-09
5.6209235e-06
5.6708904e-09
5.6246373e-06
6.7659713e-09
5.6293076e-06
8.7451619e-09
5.6345134e-06
9.7415955e-09
5.6402314e-06
1.0815629e-08
5.6462795e-06
1.1512762e-08
5.6525162e-06
1.2022918e-08
5.6588654e-06
1.2316124e-08
5.6652315e-06
1.2437734e-08
5.6715654e-06
1.2435152e-08
5.6778217e-06
1.2332385e-08
5.6839684e-06
1.2152574e-08
5.6899793e-06
1.1921733e-08
5.6958413e-06
1.1653584e-08
5.7015459e-06
1.1367205e-08
5.707093e-06
1.1066799e-08
5.7124834e-06
1.0765997e-08
5.7177226e-06
1.0465714e-08
5.7228155e-06
1.0173394e-08
5.7277683e-06
9.8916986e-09
5.7325863e-06
9.6214365e-09
5.7372763e-06
9.3651522e-09
5.7418448e-06
9.1214654e-09
5.746298e-06
8.891905e-09
5.750642e-06
8.6745744e-09
5.754884e-06
8.4710159e-09
5.7590294e-06
8.2786182e-09
5.7630845e-06
8.0988616e-09
5.767054e-06
7.9289864e-09
5.7709429e-06
7.7702462e-09
5.7747559e-06
7.6197177e-09
5.7784969e-06
7.4788482e-09
5.7821693e-06
7.3443016e-09
5.7857773e-06
7.2190813e-09
5.7893244e-06
7.0979778e-09
5.7928148e-06
6.9867387e-09
5.7962507e-06
6.8765331e-09
5.7996364e-06
6.7773578e-09
5.8029722e-06
6.6766379e-09
5.8062626e-06
6.5878636e-09
5.8095065e-06
6.4954206e-09
5.8127078e-06
6.4149872e-09
5.8158664e-06
6.3305792e-09
5.8189863e-06
6.2567205e-09
5.8220694e-06
6.1799112e-09
5.8251171e-06
6.1117942e-09
5.8281305e-06
6.0411591e-09
5.8311172e-06
5.9731531e-09
5.8340756e-06
5.9084515e-09
5.8370057e-06
5.8496852e-09
5.8399081e-06
5.7928844e-09
5.8427836e-06
5.7376184e-09
5.8456335e-06
5.6841718e-09
5.8484572e-06
5.6315157e-09
5.8512578e-06
5.5814775e-09
5.8540318e-06
5.5321556e-09
5.8567854e-06
5.4840386e-09
5.8595131e-06
5.4383804e-09
5.8622228e-06
5.3903371e-09
5.8649092e-06
5.3480109e-09
5.8675785e-06
5.2997913e-09
5.8702297e-06
5.2597788e-09
5.8728589e-06
5.2150431e-09
5.8754656e-06
5.1771063e-09
5.8780479e-06
5.1370486e-09
5.8806103e-06
5.1023719e-09
5.8831518e-06
5.0679745e-09
5.885674e-06
5.0345905e-09
5.8881775e-06
5.0023168e-09
5.8906631e-06
4.9699138e-09
5.8931324e-06
4.939118e-09
5.8955847e-06
4.9065854e-09
5.8980221e-06
4.877112e-09
5.9004437e-06
4.8446185e-09
5.902851e-06
4.8172315e-09
5.9052431e-06
4.7846673e-09
5.9076205e-06
4.7591171e-09
5.9099825e-06
4.7270685e-09
5.9123273e-06
4.7026107e-09
5.9146565e-06
4.6722506e-09
5.9169609e-06
4.6462363e-09
5.9192542e-06
4.6166759e-09
5.9215257e-06
4.5868442e-09
5.9237878e-06
4.5566568e-09
5.9260429e-06
4.5280197e-09
5.9282931e-06
4.5029576e-09
5.9305372e-06
4.478891e-09
5.9327747e-06
4.4561044e-09
5.935004e-06
4.4340651e-09
5.9372244e-06
4.4124446e-09
5.9394354e-06
4.3913646e-09
5.9416355e-06
4.370643e-09
5.9438256e-06
4.3497002e-09
5.9460043e-06
4.3297206e-09
5.9481731e-06
4.3092201e-09
5.9503308e-06
4.2900283e-09
5.9524784e-06
4.2694461e-09
5.9546186e-06
4.2510875e-09
5.9567474e-06
4.2298067e-09
5.9588752e-06
4.2102042e-09
5.9609917e-06
4.1877577e-09
5.9631138e-06
4.1635575e-09
5.9652252e-06
4.1384252e-09
5.9673278e-06
4.1135721e-09
5.969405e-06
4.0934789e-09
5.9714618e-06
4.0767016e-09
5.9735035e-06
4.0635775e-09
5.9755319e-06
4.0512571e-09
5.9775488e-06
4.0392258e-09
5.9795557e-06
4.0266501e-09
5.9815533e-06
4.0129251e-09
5.9835428e-06
3.9993409e-09
5.9855247e-06
3.9847463e-09
5.9874993e-06
3.9700865e-09
5.9894675e-06
3.955114e-09
5.9914287e-06
3.9402179e-09
5.9933836e-06
3.9251673e-09
5.9953317e-06
3.9108516e-09
5.9972732e-06
3.896766e-09
5.9992078e-06
3.8823931e-09
6.0011345e-06
3.8702828e-09
6.0030528e-06
3.8563281e-09
6.0049589e-06
3.8464876e-09
6.0068527e-06
3.8317545e-09
6.0087244e-06
3.8224575e-09
6.010583e-06
3.802985e-09
6.0124173e-06
3.784161e-09
6.0142543e-06
3.7542507e-09
6.0161016e-06
3.7356775e-09
6.0179561e-06
3.7210759e-09
6.0198151e-06
3.7088248e-09
6.0216762e-06
3.6983852e-09
6.0235364e-06
3.6878021e-09
6.0253934e-06
3.6773842e-09
6.0272457e-06
3.6670769e-09
6.0290925e-06
3.6566705e-09
6.0309331e-06
3.6460883e-09
6.0327663e-06
3.6354395e-09
6.0345926e-06
3.625205e-09
6.036411e-06
3.6146224e-09
6.0382225e-06
3.6044536e-09
6.0400266e-06
3.5940646e-09
6.0418239e-06
3.5839141e-09
6.0436147e-06
3.5739371e-09
6.0454004e-06
3.5640522e-09
6.0471809e-06
3.554208e-09
6.0489594e-06
3.543716e-09
6.0507382e-06
3.5325693e-09
6.0525214e-06
3.519506e-09
6.0543159e-06
3.5021879e-09
6.0561139e-06
3.4821968e-09
6.0579094e-06
3.4622456e-09
6.0596584e-06
3.4487662e-09
6.0613869e-06
3.4447081e-09
6.0631018e-06
3.4409284e-09
6.0648047e-06
3.4381369e-09
6.066497e-06
3.434657e-09
6.068179e-06
3.4304422e-09
6.0698514e-06
3.4256886e-09
6.0715164e-06
3.4198382e-09
6.0731758e-06
3.4122207e-09
6.0748315e-06
3.4037848e-09
6.0764829e-06
3.3944678e-09
6.0781315e-06
3.3849936e-09
6.0797769e-06
3.3751761e-09
6.0814189e-06
3.3654923e-09
6.083058e-06
3.3558893e-09
6.0846934e-06
3.3462975e-09
6.0863247e-06
3.3372469e-09
6.0879522e-06
3.3286538e-09
6.0895746e-06
3.3203342e-09
6.0911918e-06
3.31227e-09
6.0928015e-06
3.3056362e-09
6.0944019e-06
3.299232e-09
6.0959895e-06
3.2953822e-09
6.0975586e-06
3.2900696e-09
6.0991112e-06
3.2840983e-09
6.1006479e-06
3.2691352e-09
6.1022052e-06
3.2421923e-09
6.103776e-06
3.2304976e-09
6.1053529e-06
3.222437e-09
6.1069328e-06
3.2151619e-09
6.1085136e-06
3.2087373e-09
6.1100925e-06
3.202115e-09
6.1116687e-06
3.1953959e-09
6.1132417e-06
3.1885956e-09
6.1148109e-06
3.1818477e-09
6.1163763e-06
3.1750278e-09
6.1179375e-06
3.1685281e-09
6.1194944e-06
3.1618472e-09
6.1210471e-06
3.1554293e-09
6.1225955e-06
3.1494554e-09
6.1241395e-06
3.1434446e-09
6.1256796e-06
3.1374596e-09
6.1272155e-06
3.1315288e-09
6.1287484e-06
3.1256056e-09
6.1302783e-06
3.119164e-09
6.1318052e-06
3.1127012e-09
6.1333291e-06
3.1062743e-09
6.1348492e-06
3.0990956e-09
6.1363631e-06
3.092925e-09
6.1378746e-06
3.0860661e-09
6.1393705e-06
3.0825844e-09
6.1408606e-06
3.0771861e-09
6.1423442e-06
3.0729508e-09
6.143817e-06
3.0694669e-09
6.1452795e-06
3.0655523e-09
6.1467339e-06
3.0612046e-09
6.1481803e-06
3.0561678e-09
6.1496193e-06
3.0507219e-09
6.1510526e-06
3.0450718e-09
6.1524793e-06
3.0388061e-09
6.1539011e-06
3.0324268e-09
6.1553172e-06
3.0255154e-09
6.1567283e-06
3.0186746e-09
6.1581348e-06
3.0116154e-09
6.1595362e-06
3.0043745e-09
6.1609324e-06
2.9971581e-09
6.1623236e-06
2.9897631e-09
6.1637099e-06
2.9824734e-09
6.1650911e-06
2.9750025e-09
6.166467e-06
2.9676284e-09
6.1678379e-06
2.9599567e-09
6.1692034e-06
2.9524521e-09
6.1705643e-06
2.944617e-09
6.1719198e-06
2.9367189e-09
6.1732704e-06
2.9289158e-09
6.1746164e-06
2.9205607e-09
6.1759572e-06
2.912131e-09
6.177293e-06
2.9031892e-09
6.1786232e-06
2.8942955e-09
6.1799493e-06
2.8847857e-09
6.1812691e-06
2.8743323e-09
6.1825838e-06
2.8655496e-09
6.1838928e-06
2.8554039e-09
6.1851952e-06
2.846301e-09
6.1864911e-06
2.8366558e-09
6.1877813e-06
2.8267149e-09
6.1890647e-06
2.8165426e-09
6.190342e-06
2.8069924e-09
6.1916125e-06
2.7975853e-09
6.1928767e-06
2.7881826e-09
6.1941343e-06
2.7790712e-09
6.195385e-06
2.7699576e-09
6.1966291e-06
2.7607192e-09
6.1978663e-06
2.7517979e-09
6.1990965e-06
2.7425515e-09
6.2003187e-06
2.7340166e-09
6.2015343e-06
2.7243576e-09
6.2027456e-06
2.7133766e-09
6.20395e-06
2.7040641e-09
6.2051462e-06
2.6950842e-09
6.2063353e-06
2.6859133e-09
6.2075171e-06
2.67694e-09
6.2086917e-06
2.6679694e-09
6.2098598e-06
2.6594531e-09
6.2110209e-06
2.6509404e-09
6.2121755e-06
2.6438509e-09
6.2133227e-06
2.6377682e-09
6.2144645e-06
2.6319111e-09
6.2156006e-06
2.6267708e-09
6.2167323e-06
2.6217615e-09
6.2178603e-06
2.6180951e-09
6.2189844e-06
2.6153448e-09
6.2201052e-06
2.6135174e-09
6.2212229e-06
2.6125804e-09
6.2223376e-06
2.6123277e-09
6.2234503e-06
2.6130023e-09
6.2245608e-06
2.6140685e-09
6.2256701e-06
2.6156655e-09
6.2267775e-06
2.617218e-09
6.2278839e-06
2.6192453e-09
6.2289894e-06
2.6217228e-09
6.2300933e-06
2.6240898e-09
6.2311968e-06
2.6263764e-09
6.2322989e-06
2.6284468e-09
6.2333998e-06
2.6304914e-09
6.2344991e-06
2.6320812e-09
6.235597e-06
2.633223e-09
6.2366924e-06
2.6340503e-09
6.2377853e-06
2.6340801e-09
6.2388754e-06
2.6335587e-09
6.2399621e-06
2.6321665e-09
6.2410451e-06
2.6295432e-09
6.2421236e-06
2.6256086e-09
6.2431968e-06
2.6202938e-09
6.2442641e-06
2.6132745e-09
6.2453244e-06
2.6046845e-09
6.2463771e-06
2.594402e-09
6.2474207e-06
2.5820954e-09
6.2484538e-06
2.5675164e-09
6.2494755e-06
2.5507596e-09
6.2504843e-06
2.5313613e-09
6.2514791e-06
2.5097555e-09
6.2524582e-06
2.4852764e-09
6.2534203e-06
2.4586164e-09
6.2543644e-06
2.4295099e-09
6.2552893e-06
2.397988e-09
6.2561927e-06
2.3641569e-09
6.2570746e-06
2.3285929e-09
6.2579333e-06
2.2912436e-09
6.2587684e-06
2.2526647e-09
6.2595797e-06
2.2130626e-09
6.260366e-06
2.1730644e-09
6.2611286e-06
2.1329685e-09
6.2618664e-06
2.092722e-09
6.26258e-06
2.0532744e-09
6.26327e-06
2.0147839e-09
6.2639374e-06
1.9775173e-09
6.2645827e-06
1.9419435e-09
6.2652075e-06
1.9085142e-09
6.2658128e-06
1.8771877e-09
6.2663999e-06
1.8486079e-09
6.2669705e-06
1.8230017e-09
6.2675265e-06
1.8003812e-09
6.2680696e-06
1.7810482e-09
6.268601e-06
1.7651298e-09
6.2691235e-06
1.7527206e-09
6.2696383e-06
1.7436474e-09
6.2701476e-06
1.7383024e-09
6.2706528e-06
1.7363115e-09
6.2711557e-06
1.7373405e-09
6.2716582e-06
1.7420514e-09
6.2721617e-06
1.7496142e-09
6.2726673e-06
1.7595081e-09
6.2731766e-06
1.7718143e-09
6.2736899e-06
1.785859e-09
6.2742083e-06
1.801292e-09
6.274732e-06
1.8179729e-09
6.2752607e-06
1.8345006e-09
6.2757947e-06
1.8512338e-09
6.2763336e-06
1.8671122e-09
6.2768758e-06
1.8819324e-09
6.2774208e-06
1.8948483e-09
6.2779666e-06
1.9053386e-09
6.2785122e-06
1.9129121e-09
6.2790549e-06
1.9166948e-09
6.2795927e-06
1.9164625e-09
6.2801229e-06
1.9120585e-09
6.2806427e-06
1.9028352e-09
6.2811497e-06
1.8883846e-09
6.2816401e-06
1.8685213e-09
6.2821111e-06
1.8428374e-09
6.2825595e-06
1.8119839e-09
6.2829828e-06
1.7765909e-09
6.2833787e-06
1.7366464e-09
6.283744e-06
1.6919861e-09
6.2840771e-06
1.6437101e-09
6.2843756e-06
1.5921149e-09
6.2846386e-06
1.5381598e-09
6.2848645e-06
1.4823134e-09
6.2850534e-06
1.4255845e-09
6.285205e-06
1.3687282e-09
6.2853198e-06
1.3131176e-09
6.2853978e-06
1.2589454e-09
6.2854412e-06
1.2068444e-09
6.285453e-06
1.1570607e-09
6.2854356e-06
1.110438e-09
6.2853897e-06
1.0689978e-09
6.2853175e-06
1.0321459e-09
6.2852216e-06
9.999539e-10
6.2851054e-06
9.731802e-10
6.2849713e-06
9.5161345e-10
6.2848227e-06
9.3574126e-10
6.2846625e-06
9.2540153e-10
6.284494e-06
9.2049923e-10
6.2843207e-06
9.2127239e-10
6.284144e-06
9.2694519e-10
6.2839672e-06
9.3762553e-10
6.2837917e-06
9.5280717e-10
6.2836199e-06
9.7206065e-10
6.2834527e-06
9.9428021e-10
6.2832921e-06
1.0192163e-09
6.2831385e-06
1.0459624e-09
6.282993e-06
1.0742722e-09
6.2828546e-06
1.1020411e-09
6.2827227e-06
1.1294432e-09
6.2825962e-06
1.1554233e-09
6.2824726e-06
1.1786474e-09
6.2823497e-06
1.1989543e-09
6.2822246e-06
1.2155881e-09
6.282094e-06
1.2281367e-09
6.2819544e-06
1.2358203e-09
6.2818027e-06
1.2387629e-09
6.2816347e-06
1.2366117e-09
6.2814471e-06
1.2292594e-09
6.2812357e-06
1.2167782e-09
6.2809967e-06
1.1999188e-09
6.2807258e-06
1.1786381e-09
6.280419e-06
1.1533197e-09
6.2800724e-06
1.1236914e-09
6.2796803e-06
1.0919354e-09
6.2792365e-06
1.0587278e-09
6.2787356e-06
1.0253376e-09
6.2781717e-06
9.861405e-10
6.2775376e-06
9.4624708e-10
6.2768147e-06
9.1479002e-10
6.2759931e-06
8.7693142e-10
6.2750535e-06
8.4281027e-10
6.2739726e-06
8.0934015e-10
6.2727192e-06
7.8043438e-10
6.2712558e-06
7.5437789e-10
6.2695338e-06
7.3251316e-10
6.2674933e-06
7.1577411e-10
6.26506e-06
7.0450534e-10
6.2621431e-06
6.9961104e-10
6.2586301e-06
7.0163964e-10
6.2543873e-06
7.1204642e-10
6.2492545e-06
7.3146866e-10
6.243042e-06
7.6098416e-10
6.235528e-06
8.0158147e-10
6.226456e-06
8.5371399e-10
6.2155324e-06
9.1950358e-10
6.2024259e-06
1.0000396e-09
6.1867684e-06
1.0942438e-09
6.1681581e-06
1.2004904e-09
6.146159e-06
1.3193993e-09
6.1203116e-06
1.447678e-09
6.0901305e-06
1.5860073e-09
6.0551042e-06
1.7445476e-09
6.0147186e-06
1.9281541e-09
5.9685145e-06
2.1356179e-09
5.9162612e-06
2.2412361e-09
5.8576953e-06
2.3172975e-09
5.7922243e-06
2.3869169e-09
5.7190473e-06
3.3085201e-09
5.6387714e-06
3.2824921e-09
5.552218e-06
3.5212988e-09
5.458812e-06
3.7373544e-09
5.358738e-06
4.0107428e-09
5.2524168e-06
4.2959383e-09
5.1404468e-06
4.5684123e-09
5.023485e-06
4.8336695e-09
4.9022767e-06
5.087021e-09
4.7776697e-06
5.3384914e-09
4.6505344e-06
5.5829883e-09
4.5217585e-06
5.8120513e-09
4.3922348e-06
6.0238565e-09
4.2627755e-06
6.2329417e-09
4.1342087e-06
6.4454646e-09
4.007296e-06
6.6426216e-09
3.8827265e-06
6.8261619e-09
3.7610772e-06
7.0007453e-09
3.6428141e-06
7.1639841e-09
3.5283608e-06
7.3156903e-09
3.4180693e-06
7.4446791e-09
3.3121808e-06
7.5636208e-09
3.2108553e-06
7.6710336e-09
3.1141545e-06
7.7723961e-09
3.022101e-06
7.849271e-09
2.9346462e-06
7.9188309e-09
2.8516785e-06
7.9746623e-09
2.7730502e-06
8.016845e-09
2.6985798e-06
8.0518392e-09
2.6280643e-06
8.0800779e-09
2.5612855e-06
8.1032803e-09
2.4980162e-06
8.1218667e-09
2.43803e-06
8.1350451e-09
2.3811019e-06
8.1404741e-09
2.327003e-06
8.1379259e-09
2.2755197e-06
8.1290445e-09
2.2264511e-06
8.1143932e-09
2.1796048e-06
8.0940268e-09
2.1348029e-06
8.070085e-09
2.0918802e-06
8.0429361e-09
2.0506865e-06
8.0131364e-09
2.0110856e-06
7.980268e-09
1.9729558e-06
7.9439788e-09
1.9361872e-06
7.9030826e-09
1.9006833e-06
7.8571718e-09
1.8663583e-06
7.8049882e-09
1.8331359e-06
7.7471891e-09
1.8009506e-06
7.6837576e-09
1.7697455e-06
7.6130506e-09
1.7394713e-06
7.5348043e-09
1.7100864e-06
7.4507818e-09
1.6815524e-06
7.362059e-09
1.6538355e-06
7.2682922e-09
1.6269067e-06
7.1687118e-09
1.6007411e-06
7.0620607e-09
1.5753161e-06
6.9490973e-09
1.5506098e-06
6.8303811e-09
1.5266032e-06
6.7051387e-09
1.5032777e-06
6.5714389e-09
1.4806155e-06
6.4288952e-09
1.4586003e-06
6.2788899e-09
1.4372165e-06
6.1219096e-09
1.4164489e-06
5.958491e-09
1.3962828e-06
5.7887277e-09
1.376703e-06
5.6115201e-09
1.3576951e-06
5.4269882e-09
1.3392446e-06
5.2335842e-09
1.3213389e-06
5.0323443e-09
1.3039642e-06
4.8240185e-09
1.2871046e-06
4.6117052e-09
1.2707444e-06
4.3941988e-09
1.2548693e-06
4.1726871e-09
1.2394593e-06
3.9500936e-09
1.2245021e-06
3.7209875e-09
1.2099803e-06
3.4909031e-09
1.1958638e-06
3.2606309e-09
1.1821565e-06
2.98887e-09
1.1688887e-06
2.6619027e-09
1.1560159e-06
2.3695339e-09
1.1435042e-06
2.0992643e-09
1.1313418e-06
1.8365229e-09
1.1195088e-06
1.582865e-09
1.107993e-06
1.3282353e-09
1.096785e-06
1.0719261e-09
1.0858762e-06
8.1309226e-10
1.0752581e-06
5.5305405e-10
1.0649212e-06
2.9303582e-10
1.0548567e-06
3.2850167e-11
1.045056e-06
-2.2745983e-10
1.0355105e-06
-4.8752069e-10
1.0262083e-06
-7.4388895e-10
1.0171314e-06
-9.9101882e-10
1.0082669e-06
-1.2311085e-09
9.9960714e-07
-1.465883e-09
9.9114521e-07
-1.6947896e-09
9.8287418e-07
-1.9167343e-09
9.7478705e-07
-2.130665e-09
9.6687708e-07
-2.3356344e-09
9.5913885e-07
-2.5309772e-09
9.5156918e-07
-2.7161602e-09
9.4416528e-07
-2.8901108e-09
9.3692345e-07
-3.0518601e-09
9.2984067e-07
-3.2005274e-09
9.2291531e-07
-3.3349696e-09
9.1614687e-07
-3.4542142e-09
9.0953521e-07
-3.5577292e-09
9.0308007e-07
-3.6451051e-09
8.9678206e-07
-3.7156243e-09
8.9064242e-07
-3.7692929e-09
8.8466236e-07
-3.8066674e-09
8.7884272e-07
-3.8283452e-09
8.731844e-07
-3.8351491e-09
8.6768796e-07
-3.8280876e-09
8.6235355e-07
-3.8078269e-09
8.5718147e-07
-3.7747108e-09
8.5217235e-07
-3.7290868e-09
8.4732706e-07
-3.6703907e-09
8.4264713e-07
-3.5983931e-09
8.3813528e-07
-3.5130898e-09
8.3379505e-07
-3.4143492e-09
8.296303e-07
-3.3008094e-09
8.256453e-07
-3.172385e-09
8.2184465e-07
-3.0284597e-09
8.1823316e-07
-2.8687515e-09
8.1481523e-07
-2.6933513e-09
8.1159553e-07
-2.503096e-09
8.0857864e-07
-2.2992444e-09
8.0577045e-07
-2.0861211e-09
8.0317853e-07
-1.864275e-09
8.0080849e-07
-1.6349655e-09
7.9866525e-07
-1.3908439e-09
7.9676061e-07
-1.1387997e-09
7.9509627e-07
-8.625074e-10
7.9363984e-07
-5.3440852e-10
7.9239302e-07
-2.4127189e-10
7.9138179e-07
6.5627503e-11
7.9065189e-07
3.1930369e-10
7.901926e-07
4.5866733e-10
7.8997306e-07
6.1582162e-10
7.899595e-07
9.0306207e-10
7.9016163e-07
1.2406272e-09
7.9061475e-07
1.5673804e-09
7.9134554e-07
1.8955695e-09
7.9234407e-07
2.2191751e-09
7.9356425e-07
2.53327e-09
7.9505187e-07
2.8441876e-09
7.968154e-07
3.149037e-09
7.98847e-07
3.4472896e-09
8.0114001e-07
3.7395815e-09
8.0368605e-07
4.0232413e-09
8.0648588e-07
4.3018322e-09
8.0954498e-07
4.5724335e-09
8.1286704e-07
4.8336055e-09
8.1645788e-07
5.0820277e-09
8.2031664e-07
5.322875e-09
8.244382e-07
5.5602309e-09
8.2881647e-07
5.7919634e-09
8.3345274e-07
6.0173826e-09
8.383479e-07
6.2342522e-09
8.4350343e-07
6.4420482e-09
8.4892022e-07
6.6405308e-09
8.5459852e-07
6.8307329e-09
8.6053526e-07
7.0170629e-09
8.6672662e-07
7.2002102e-09
8.731795e-07
7.3767765e-09
8.7990067e-07
7.5477211e-09
8.8689766e-07
7.7150442e-09
8.9417891e-07
7.8797187e-09
9.017476e-07
8.0430178e-09
9.096068e-07
8.2011735e-09
9.1776726e-07
8.3477087e-09
9.2623729e-07
8.486281e-09
9.3502433e-07
8.620717e-09
9.4413668e-07
8.7496601e-09
9.5358159e-07
8.8710612e-09
9.6336654e-07
8.9865062e-09
9.7349431e-07
9.10395e-09
9.8396728e-07
9.2230183e-09
9.9479106e-07
9.3314521e-09
1.0059714e-06
9.4309689e-09
1.0175195e-06
9.5236157e-09
1.0294507e-06
9.6089137e-09
1.0417788e-06
9.6849009e-09
1.054505e-06
9.7498685e-09
1.0676295e-06
9.8035589e-09
1.0811566e-06
9.8458321e-09
1.0950894e-06
9.8742245e-09
1.1094326e-06
9.8860875e-09
1.1241914e-06
9.8805697e-09
1.1393667e-06
9.8566604e-09
1.1549586e-06
9.8135029e-09
1.1709661e-06
9.7505022e-09
1.1873854e-06
9.6675623e-09
1.2042116e-06
9.5652846e-09
1.2214384e-06
9.4445669e-09
1.2390591e-06
9.3069303e-09
1.2570673e-06
9.1539385e-09
1.2754556e-06
8.9874495e-09
1.294215e-06
8.8101668e-09
1.3133354e-06
8.6253831e-09
1.3328055e-06
8.4364347e-09
1.3526117e-06
8.245979e-09
1.3727377e-06
8.0563693e-09
1.3931636e-06
7.8694309e-09
1.4138656e-06
7.6866273e-09
1.4348143e-06
7.5090454e-09
1.455975e-06
7.3372894e-09
1.4773059e-06
7.17153e-09
1.4987577e-06
7.0116606e-09
1.5202729e-06
6.8569248e-09
1.5417855e-06
6.7065322e-09
1.5632205e-06
6.5591919e-09
1.5844939e-06
6.413353e-09
1.6055126e-06
6.2677694e-09
1.6261756e-06
6.1197372e-09
1.6463743e-06
5.9678427e-09
1.6659941e-06
5.8088028e-09
1.6849158e-06
5.6388028e-09
1.7030168e-06
5.4576486e-09
1.7201743e-06
5.2610494e-09
1.7362681e-06
5.0455937e-09
1.7511799e-06
4.8168336e-09
1.7648043e-06
4.560007e-09
1.7770378e-06
4.285436e-09
1.7877891e-06
3.9836427e-09
1.7970145e-06
3.6204568e-09
1.8046313e-06
3.2674703e-09
1.8107478e-06
2.7431488e-09
1.8152173e-06
2.3282358e-09
1.8179355e-06
1.7908719e-09
1.8194661e-06
1.3512547e-09
1.819876e-06
1.0416152e-09
1.8191605e-06
4.1489612e-10
1.8167545e-06
-7.7962969e-11
1.8130458e-06
-8.0096152e-10
1.8084254e-06
-1.7397332e-09
1.8027758e-06
-2.4179823e-09
1.7961691e-06
-3.1705261e-09
1.7888221e-06
-3.9599231e-09
1.7808245e-06
-4.643141e-09
1.772299e-06
-5.3042251e-09
1.763354e-06
-5.9258785e-09
1.7540749e-06
-6.52452e-09
1.7445415e-06
-7.1069097e-09
1.7348189e-06
-7.67327e-09
1.7249627e-06
-8.2253635e-09
1.7150196e-06
-8.761551e-09
1.7050287e-06
-9.2822159e-09
1.6950193e-06
-9.7858712e-09
1.6850114e-06
-1.0269838e-08
1.6750213e-06
-1.0732572e-08
1.6650639e-06
-1.1173631e-08
1.65515e-06
-1.1593605e-08
1.6452866e-06
-1.1994024e-08
1.63548e-06
-1.2373363e-08
1.6257351e-06
-1.2730223e-08
1.6160557e-06
-1.3064002e-08
1.606447e-06
-1.3375651e-08
1.5969165e-06
-1.3667222e-08
1.587469e-06
-1.3939452e-08
1.5781094e-06
-1.4188065e-08
1.5688491e-06
-1.4411302e-08
1.559694e-06
-1.4609133e-08
1.550652e-06
-1.478117e-08
1.5417331e-06
-1.4926136e-08
1.5329484e-06
-1.5042797e-08
1.5243098e-06
-1.512943e-08
1.5158336e-06
-1.5190681e-08
1.5075286e-06
-1.5211558e-08
1.4994143e-06
-1.5209002e-08
1.4915076e-06
-1.5172942e-08
1.4838205e-06
-1.5110992e-08
1.4763652e-06
-1.5011541e-08
1.4691558e-06
-1.4885211e-08
1.4622247e-06
-1.4720506e-08
1.4555842e-06
-1.4536789e-08
1.4492524e-06
-1.4297678e-08
1.4432411e-06
-1.405713e-08
1.4375731e-06
-1.3736651e-08
1.4322658e-06
-1.344712e-08
1.4273412e-06
-1.302889e-08
1.4228361e-06
-1.2703659e-08
1.4187725e-06
-1.2166263e-08
1.4150953e-06
-1.1816865e-08
1.4118902e-06
-1.115918e-08
1.4092257e-06
-1.0760646e-08
1.4071421e-06
-9.9535451e-09
1.4055905e-06
-9.4403476e-09
1.4043396e-06
-7.8953941e-09
1.4039296e-06
-6.9131381e-09
1.4042881e-06
-6.0719607e-09
1.4050876e-06
-5.095893e-09
-6.2925647e-09
5.616033e-06
7.3229645e-10
5.6176002e-06
1.43738e-09
5.6204603e-06
2.8108098e-09
5.6239363e-06
3.2899594e-09
5.628381e-06
4.299892e-09
5.6333371e-06
4.7853268e-09
5.6388205e-06
5.3323963e-09
5.6446466e-06
5.6866476e-09
5.6507233e-06
5.9460601e-09
5.6569319e-06
6.1073293e-09
5.6631896e-06
6.1799397e-09
5.6694436e-06
6.180656e-09
5.6756387e-06
6.1370664e-09
5.6817337e-06
6.0573e-09
5.687706e-06
5.9488681e-09
5.6935388e-06
5.820465e-09
5.699225e-06
5.6807115e-09
5.7047577e-06
5.5338503e-09
5.7101382e-06
5.3852136e-09
5.7153662e-06
5.2373412e-09
5.7204466e-06
5.0926081e-09
5.7253851e-06
4.9527693e-09
5.7301879e-06
4.818161e-09
5.7348625e-06
4.6901683e-09
5.7394154e-06
4.5681552e-09
5.7438538e-06
4.4531894e-09
5.7481837e-06
4.3440664e-09
5.7524123e-06
4.2419326e-09
5.7565454e-06
4.1453383e-09
5.760589e-06
4.0549284e-09
5.764548e-06
3.9694261e-09
5.7684281e-06
3.88955e-09
5.7722335e-06
3.8137768e-09
5.7759689e-06
3.7427879e-09
5.7796377e-06
3.6748538e-09
5.7832445e-06
3.6116088e-09
5.7867914e-06
3.5502805e-09
5.7902832e-06
3.493962e-09
5.7937206e-06
3.4384389e-09
5.7971093e-06
3.3883025e-09
5.8004476e-06
3.3376568e-09
5.8037423e-06
3.2920262e-09
5.8069911e-06
3.2459431e-09
5.8102011e-06
3.2041467e-09
5.813368e-06
3.1620457e-09
5.8164995e-06
3.1245873e-09
5.8195916e-06
3.086829e-09
5.8226498e-06
3.0526754e-09
5.8256719e-06
3.0181857e-09
5.8286585e-06
2.9855292e-09
5.8316119e-06
2.954013e-09
5.8345365e-06
2.9240321e-09
5.8374329e-06
2.89559e-09
5.8403016e-06
2.8677998e-09
5.843143e-06
2.8416127e-09
5.8459581e-06
2.8152614e-09
5.8487479e-06
2.790896e-09
5.8515133e-06
2.7657263e-09
5.8542535e-06
2.7425164e-09
5.8569714e-06
2.7190037e-09
5.8596639e-06
2.696503e-09
5.8623358e-06
2.675042e-09
5.8649818e-06
2.6524463e-09
5.8676084e-06
2.6314857e-09
5.8702105e-06
2.611678e-09
5.8727928e-06
2.5934481e-09
5.8753562e-06
2.5725009e-09
5.8779038e-06
2.5534503e-09
5.8804352e-06
2.5346516e-09
5.8829516e-06
2.5169888e-09
5.8854525e-06
2.5001081e-09
5.8879378e-06
2.4829347e-09
5.8904083e-06
2.4670821e-09
5.8928622e-06
2.4505229e-09
5.8953023e-06
2.4356637e-09
5.8977257e-06
2.4193496e-09
5.900136e-06
2.4053843e-09
5.9025289e-06
2.3893802e-09
5.9049107e-06
2.3756468e-09
5.9072756e-06
2.3604301e-09
5.9096306e-06
2.345633e-09
5.9119695e-06
2.3306379e-09
5.9142988e-06
2.3151743e-09
5.9166153e-06
2.2974511e-09
5.9189157e-06
2.2849203e-09
5.9211988e-06
2.2708888e-09
5.9234665e-06
2.2580786e-09
5.9257205e-06
2.247043e-09
5.9279607e-06
2.236316e-09
5.9301886e-06
2.2260322e-09
5.932404e-06
2.2162454e-09
5.9346081e-06
2.2061863e-09
5.9368009e-06
2.1959186e-09
5.9389831e-06
2.1858204e-09
5.9411544e-06
2.1755859e-09
5.9433161e-06
2.1655975e-09
5.9454671e-06
2.1550139e-09
5.9476089e-06
2.145828e-09
5.9497405e-06
2.1351232e-09
5.9518618e-06
2.1267765e-09
5.9539729e-06
2.1157365e-09
5.9560717e-06
2.1084139e-09
5.9581592e-06
2.0971114e-09
5.9602299e-06
2.0898026e-09
5.9622883e-06
2.0769195e-09
5.9643304e-06
2.0681208e-09
5.9663646e-06
2.0561441e-09
5.9683937e-06
2.0444109e-09
5.9704198e-06
2.0346769e-09
5.972442e-06
2.0256095e-09
5.9744604e-06
2.0173623e-09
5.9764731e-06
2.0096285e-09
5.9784807e-06
2.0022526e-09
5.9804816e-06
1.9946365e-09
5.9824753e-06
1.9873161e-09
5.9844616e-06
1.979839e-09
5.9864402e-06
1.9726616e-09
5.9884111e-06
1.9653927e-09
5.9903744e-06
1.9583175e-09
5.9923302e-06
1.9510664e-09
5.9942786e-06
1.9441679e-09
5.99622e-06
1.9372717e-09
5.9981556e-06
1.930359e-09
6.000084e-06
1.9231727e-09
6.0020106e-06
1.916022e-09
6.0039309e-06
1.9071713e-09
6.0058511e-06
1.898262e-09
6.0077653e-06
1.8842981e-09
6.0096704e-06
1.8746205e-09
6.0115555e-06
1.8646356e-09
6.0134277e-06
1.8587181e-09
6.0152898e-06
1.8543105e-09
6.0171433e-06
1.8508439e-09
6.0189887e-06
1.8475239e-09
6.0208277e-06
1.844378e-09
6.0226599e-06
1.8405704e-09
6.0244861e-06
1.8361961e-09
6.0263061e-06
1.8315798e-09
6.0281207e-06
1.8269808e-09
6.0299297e-06
1.8216069e-09
6.0317334e-06
1.8163062e-09
6.0335325e-06
1.810939e-09
6.035326e-06
1.8053337e-09
6.0371148e-06
1.8001152e-09
6.0388984e-06
1.7948829e-09
6.0406774e-06
1.7897417e-09
6.0424506e-06
1.784958e-09
6.0442187e-06
1.7801804e-09
6.0459808e-06
1.7763053e-09
6.0477344e-06
1.7727806e-09
6.0494792e-06
1.7687887e-09
6.05121e-06
1.7661246e-09
6.0529281e-06
1.7580541e-09
6.0546309e-06
1.7533814e-09
6.0563337e-06
1.7395623e-09
6.0580417e-06
1.7308461e-09
6.0597521e-06
1.7245401e-09
6.0614643e-06
1.7195467e-09
6.063177e-06
1.715728e-09
6.0648893e-06
1.7120705e-09
6.0666004e-06
1.7082087e-09
6.0683094e-06
1.7040254e-09
6.0700152e-06
1.6999189e-09
6.0717168e-06
1.6955686e-09
6.0734136e-06
1.6910247e-09
6.0751053e-06
1.6866122e-09
6.0767915e-06
1.6823485e-09
6.0784721e-06
1.6778992e-09
6.0801472e-06
1.6738428e-09
6.081817e-06
1.6699486e-09
6.0834816e-06
1.6658186e-09
6.0851408e-06
1.6618498e-09
6.0867954e-06
1.65823e-09
6.0884459e-06
1.6541706e-09
6.0900937e-06
1.6505011e-09
6.0917395e-06
1.6457724e-09
6.093386e-06
1.6410735e-09
6.0950336e-06
1.6349619e-09
6.0966836e-06
1.6259429e-09
6.0983271e-06
1.618087e-09
6.0999486e-06
1.6124808e-09
6.1015606e-06
1.6106849e-09
6.1031653e-06
1.6090609e-09
6.1047639e-06
1.6077877e-09
6.1063575e-06
1.6064092e-09
6.1079463e-06
1.6045925e-09
6.1095303e-06
1.60261e-09
6.1111097e-06
1.6005615e-09
6.1126842e-06
1.5981945e-09
6.1142542e-06
1.5959647e-09
6.11582e-06
1.5936847e-09
6.1173815e-06
1.5912618e-09
6.1189388e-06
1.5889818e-09
6.120492e-06
1.5865109e-09
6.1220418e-06
1.5840911e-09
6.123588e-06
1.5817632e-09
6.1251303e-06
1.5793438e-09
6.126669e-06
1.5769652e-09
6.1282038e-06
1.5746786e-09
6.1297344e-06
1.5719639e-09
6.1312607e-06
1.5693096e-09
6.1327831e-06
1.5665438e-09
6.1343025e-06
1.5629351e-09
6.1358187e-06
1.5591519e-09
6.1373349e-06
1.5554376e-09
6.1388485e-06
1.5525554e-09
6.1403602e-06
1.5500983e-09
6.141872e-06
1.5465136e-09
6.1433833e-06
1.5425634e-09
6.1448936e-06
1.5390818e-09
6.1464024e-06
1.5356334e-09
6.1479089e-06
1.5321837e-09
6.149413e-06
1.5285901e-09
6.1509141e-06
1.5254646e-09
6.1524117e-06
1.5218804e-09
6.153906e-06
1.5186976e-09
6.1553963e-06
1.5150947e-09
6.1568829e-06
1.5118431e-09
6.1583655e-06
1.5085488e-09
6.1598442e-06
1.5050055e-09
6.1613187e-06
1.5015176e-09
6.162789e-06
1.4982078e-09
6.1642552e-06
1.4945916e-09
6.1657169e-06
1.4909474e-09
6.1671745e-06
1.4874928e-09
6.1686278e-06
1.4842314e-09
6.1700764e-06
1.4807244e-09
6.1715206e-06
1.4774839e-09
6.17296e-06
1.4737025e-09
6.1743945e-06
1.4702635e-09
6.1758236e-06
1.4665211e-09
6.1772472e-06
1.4630057e-09
6.1786656e-06
1.459024e-09
6.1800779e-06
1.454953e-09
6.1814833e-06
1.4515571e-09
6.1828837e-06
1.4470278e-09
6.1842784e-06
1.4426726e-09
6.1856672e-06
1.4386918e-09
6.1870508e-06
1.4346662e-09
6.1884277e-06
1.4302959e-09
6.1897988e-06
1.4260886e-09
6.1911641e-06
1.4217889e-09
6.1925238e-06
1.4176393e-09
6.1938782e-06
1.4133867e-09
6.1952272e-06
1.409274e-09
6.1965708e-06
1.4049384e-09
6.1979094e-06
1.4008288e-09
6.1992426e-06
1.3964256e-09
6.2005706e-06
1.3922636e-09
6.2018935e-06
1.3882286e-09
6.2032112e-06
1.3836363e-09
6.2045225e-06
1.3789423e-09
6.2058283e-06
1.3746648e-09
6.2071284e-06
1.370366e-09
6.2084239e-06
1.3662298e-09
6.2097136e-06
1.3618804e-09
6.2109984e-06
1.3576948e-09
6.2122779e-06
1.3537562e-09
6.2135528e-06
1.3502635e-09
6.2148228e-06
1.3475643e-09
6.2160886e-06
1.3445343e-09
6.2173524e-06
1.3410273e-09
6.2186126e-06
1.3378636e-09
6.2198699e-06
1.3361179e-09
6.2211242e-06
1.3347314e-09
6.2223761e-06
1.3336994e-09
6.2236262e-06
1.3331674e-09
6.2248753e-06
1.3328365e-09
6.2261235e-06
1.3328467e-09
6.227371e-06
1.3332655e-09
6.2286184e-06
1.3340458e-09
6.2298655e-06
1.3352137e-09
6.2311127e-06
1.3363777e-09
6.23236e-06
1.3376988e-09
6.2336074e-06
1.3391772e-09
6.234855e-06
1.3407035e-09
6.2361027e-06
1.3423751e-09
6.2373505e-06
1.3438486e-09
6.238598e-06
1.3450445e-09
6.2398456e-06
1.3463133e-09
6.2410925e-06
1.3472765e-09
6.2423388e-06
1.3480346e-09
6.2435841e-06
1.3483481e-09
6.2448281e-06
1.3482477e-09
6.2460704e-06
1.3475567e-09
6.2473106e-06
1.3465353e-09
6.2485482e-06
1.3447976e-09
6.2497817e-06
1.342392e-09
6.2510108e-06
1.3391492e-09
6.2522342e-06
1.3349721e-09
6.2534515e-06
1.3300832e-09
6.2546612e-06
1.3240973e-09
6.2558626e-06
1.3170807e-09
6.2570542e-06
1.308806e-09
6.2582349e-06
1.299469e-09
6.2594029e-06
1.288849e-09
6.260558e-06
1.2770038e-09
6.2616978e-06
1.263825e-09
6.262822e-06
1.2497359e-09
6.2639286e-06
1.2342398e-09
6.2650164e-06
1.217781e-09
6.2660852e-06
1.2001466e-09
6.2671337e-06
1.1818808e-09
6.2681612e-06
1.1631616e-09
6.2691672e-06
1.1439436e-09
6.2701516e-06
1.1244694e-09
6.2711139e-06
1.1045675e-09
6.2720545e-06
1.0850938e-09
6.2729737e-06
1.0657319e-09
6.2738721e-06
1.0470207e-09
6.2747502e-06
1.0289662e-09
6.2756089e-06
1.011593e-09
6.2764493e-06
9.954122e-10
6.2772728e-06
9.806036e-10
6.2780808e-06
9.6688302e-10
6.2788742e-06
9.543597e-10
6.2796551e-06
9.4366914e-10
6.280425e-06
9.3433572e-10
6.2811858e-06
9.2681862e-10
6.2819389e-06
9.2089536e-10
6.2826864e-06
9.169181e-10
6.2834299e-06
9.1447605e-10
6.2841709e-06
9.137433e-10
6.2849118e-06
9.1484997e-10
6.2856536e-06
9.1718544e-10
6.2863978e-06
9.2101793e-10
6.2871456e-06
9.2626173e-10
6.2878981e-06
9.3242924e-10
6.288656e-06
9.3954222e-10
6.2894206e-06
9.4743102e-10
6.2901912e-06
9.5553077e-10
6.2909692e-06
9.6402974e-10
6.2917531e-06
9.7234043e-10
6.2925437e-06
9.806036e-10
6.2933394e-06
9.8791952e-10
6.2941395e-06
9.9434283e-10
6.2949426e-06
9.9967945e-10
6.2957471e-06
1.0034706e-09
6.2965512e-06
1.0054717e-09
6.2973528e-06
1.0057053e-09
6.2981491e-06
1.003492e-09
6.2989376e-06
9.988983e-10
6.2997161e-06
9.920238e-10
6.3004815e-06
9.8240038e-10
6.3012308e-06
9.7004227e-10
6.3019612e-06
9.5511732e-10
6.3026701e-06
9.3764285e-10
6.3033545e-06
9.1793328e-10
6.3040131e-06
8.9629415e-10
6.3046436e-06
8.7268903e-10
6.3052441e-06
8.4741281e-10
6.3058133e-06
8.2105389e-10
6.3063506e-06
7.9391027e-10
6.3068554e-06
7.6631146e-10
6.3073278e-06
7.3863449e-10
6.3077675e-06
7.1109918e-10
6.3081762e-06
6.8453865e-10
6.308555e-06
6.5900574e-10
6.3089054e-06
6.3492989e-10
6.3092282e-06
6.1212946e-10
6.3095265e-06
5.917884e-10
6.3098025e-06
5.7375793e-10
6.310059e-06
5.5834759e-10
6.3102984e-06
5.4523275e-10
6.3105237e-06
5.3472649e-10
6.3107377e-06
5.2713389e-10
6.310943e-06
5.2213656e-10
6.3111426e-06
5.1993743e-10
6.3113388e-06
5.2042948e-10
6.3115344e-06
5.2356874e-10
6.3117317e-06
5.2910654e-10
6.3119328e-06
5.365357e-10
6.3121403e-06
5.4619997e-10
6.3123547e-06
5.5741634e-10
6.3125778e-06
5.6987304e-10
6.3128103e-06
5.8331207e-10
6.313052e-06
5.9708949e-10
6.313303e-06
6.1121819e-10
6.313563e-06
6.2478245e-10
6.3138301e-06
6.3744299e-10
6.314103e-06
6.4916472e-10
6.3143802e-06
6.5946804e-10
6.3146588e-06
6.6776984e-10
6.3149359e-06
6.7424333e-10
6.315209e-06
6.7843287e-10
6.3154753e-06
6.8021322e-10
6.315731e-06
6.7931571e-10
6.3159727e-06
6.7598993e-10
6.3161972e-06
6.7043215e-10
6.3164004e-06
6.624048e-10
6.3165793e-06
6.5229155e-10
6.3167299e-06
6.3971051e-10
6.3168462e-06
6.2640648e-10
6.3169245e-06
6.1106986e-10
6.3169573e-06
5.9783511e-10
6.3169482e-06
5.7440808e-10
6.3168755e-06
5.6028737e-10
6.3167364e-06
5.3705085e-10
6.3165156e-06
5.2443694e-10
6.3161929e-06
5.091465e-10
6.3157531e-06
4.9012705e-10
6.3151661e-06
4.739702e-10
6.3143967e-06
4.6063287e-10
6.3134018e-06
4.4823567e-10
6.312125e-06
4.3808956e-10
6.3104977e-06
4.3055559e-10
6.3084333e-06
4.2569059e-10
6.305827e-06
4.2448978e-10
6.3025511e-06
4.2689852e-10
6.2984505e-06
4.3277071e-10
6.293341e-06
4.4398529e-10
6.2870061e-06
4.6024828e-10
6.279191e-06
4.8166271e-10
6.2696032e-06
5.097629e-10
6.2579095e-06
5.4457816e-10
6.2437352e-06
5.8641136e-10
6.2266668e-06
6.3426775e-10
6.2062507e-06
6.8795991e-10
6.1820012e-06
7.4718276e-10
6.1534025e-06
8.1412432e-10
6.119923e-06
8.9179997e-10
6.0810361e-06
9.8545128e-10
6.0362587e-06
1.0719297e-09
5.985221e-06
1.0690053e-09
5.9273876e-06
1.0680163e-09
5.861878e-06
1.5655099e-09
5.7890418e-06
1.4623831e-09
5.7093433e-06
1.6107293e-09
5.6218415e-06
1.7344273e-09
5.5269183e-06
1.8652941e-09
5.4248211e-06
1.9843682e-09
5.3160016e-06
2.1083233e-09
5.2010115e-06
2.2358417e-09
5.0805052e-06
2.366229e-09
4.9552515e-06
2.4948053e-09
4.8261041e-06
2.6208626e-09
4.6939863e-06
2.7450984e-09
4.5598534e-06
2.8650247e-09
4.4246607e-06
2.9796254e-09
4.289343e-06
3.0888478e-09
4.1548097e-06
3.1911309e-09
4.0219141e-06
3.2873477e-09
3.8914115e-06
3.3765302e-09
3.7639649e-06
3.4610546e-09
3.6401434e-06
3.541508e-09
3.5204166e-06
3.6139354e-09
3.4051481e-06
3.6815786e-09
3.2945967e-06
3.7409369e-09
3.1889361e-06
3.7972141e-09
3.0882575e-06
3.8466084e-09
2.9925738e-06
3.8964303e-09
2.9018332e-06
3.9282853e-09
2.8159255e-06
3.9614005e-09
2.7346976e-06
3.9874144e-09
2.6579604e-06
4.0060235e-09
2.5855007e-06
4.0214596e-09
2.5170864e-06
4.0329371e-09
2.4524746e-06
4.0415418e-09
2.391416e-06
4.0477146e-09
2.3336606e-06
4.0513375e-09
2.278961e-06
4.051127e-09
2.2270778e-06
4.0475849e-09
2.1777837e-06
4.0413273e-09
2.1308645e-06
4.0325774e-09
2.0861208e-06
4.0217238e-09
2.0433698e-06
4.0094159e-09
2.0024455e-06
3.995468e-09
1.9631977e-06
3.9800052e-09
1.9254915e-06
3.9628629e-09
1.8892067e-06
3.9441188e-09
1.8542359e-06
3.9231458e-09
1.8204853e-06
3.8997872e-09
1.7878719e-06
3.8735126e-09
1.7563244e-06
3.8442725e-09
1.7257812e-06
3.8118158e-09
1.6961877e-06
3.7758552e-09
1.6674962e-06
3.7364565e-09
1.6396662e-06
3.6941152e-09
1.6126637e-06
3.6491881e-09
1.5864582e-06
3.6014907e-09
1.5610224e-06
3.5509289e-09
1.5363307e-06
3.4972207e-09
1.5123608e-06
3.4404137e-09
1.4890925e-06
3.3804604e-09
1.4665069e-06
3.3170671e-09
1.4445841e-06
3.2497867e-09
1.4233054e-06
3.1784642e-09
1.4026536e-06
3.1035476e-09
1.3826121e-06
3.0251681e-09
1.3631654e-06
2.943414e-09
1.3442979e-06
2.8583509e-09
1.3259939e-06
2.7695721e-09
1.3082377e-06
2.6772997e-09
1.2910127e-06
2.5808751e-09
1.274303e-06
2.4811793e-09
1.2580935e-06
2.3776283e-09
1.2423711e-06
2.2714359e-09
1.2271211e-06
2.1631266e-09
1.21233e-06
2.0519573e-09
1.1979831e-06
1.9422681e-09
1.1840591e-06
1.8351995e-09
1.1705535e-06
1.7186319e-09
1.157456e-06
1.5983068e-09
1.1447163e-06
1.4741799e-09
1.1323046e-06
1.3130936e-09
1.12025e-06
1.1453851e-09
1.108533e-06
1.0068621e-09
1.0971378e-06
8.7913454e-10
1.0860554e-06
7.5727513e-10
1.0752731e-06
6.3494721e-10
1.0647798e-06
5.1017057e-10
1.0545632e-06
3.836198e-10
1.0446126e-06
2.5493607e-10
1.0349171e-06
1.2512302e-10
1.0254653e-06
-4.9835691e-12
1.0162443e-06
-1.3430279e-10
1.0072405e-06
-2.6134162e-10
9.9844272e-07
-3.853402e-10
9.8984674e-07
-5.0732263e-10
9.8144595e-07
-6.269576e-10
9.7323163e-07
-7.4368511e-10
9.651956e-07
-8.5718277e-10
9.573309e-07
-9.6705088e-10
9.4963152e-07
-1.0728201e-09
9.4209238e-07
-1.1741141e-09
9.3470924e-07
-1.2706893e-09
9.2747864e-07
-1.3624857e-09
9.2039788e-07
-1.4488246e-09
9.1346474e-07
-1.5290338e-09
9.0667764e-07
-1.6026065e-09
9.0003583e-07
-1.6690795e-09
8.9353952e-07
-1.7280319e-09
8.8718923e-07
-1.7792892e-09
8.8098592e-07
-1.822464e-09
8.7493118e-07
-1.8573485e-09
8.6902726e-07
-1.8841737e-09
8.6327661e-07
-1.9034174e-09
8.5768088e-07
-1.9146547e-09
8.522419e-07
-1.9183548e-09
8.4696116e-07
-1.9149637e-09
8.4184017e-07
-1.9047541e-09
8.3688056e-07
-1.8879898e-09
8.320842e-07
-1.8647675e-09
8.2745361e-07
-1.8349455e-09
8.2299179e-07
-1.7986115e-09
8.187019e-07
-1.7555357e-09
8.1458743e-07
-1.7056969e-09
8.1065291e-07
-1.6484969e-09
8.0690307e-07
-1.5839166e-09
8.0334331e-07
-1.5116699e-09
7.9997947e-07
-1.4317187e-09
7.9681742e-07
-1.3441532e-09
7.938632e-07
-1.2495223e-09
7.9112245e-07
-1.1485874e-09
7.8859702e-07
-1.0415699e-09
7.8628959e-07
-9.2969987e-10
7.8420292e-07
-8.1381213e-10
7.8234846e-07
-6.9521944e-10
7.8073166e-07
-5.7413541e-10
7.7936569e-07
-4.4203885e-10
7.7826626e-07
-2.7361358e-10
7.774024e-07
-1.081979e-10
7.7678087e-07
6.663603e-11
7.764332e-07
1.5768009e-10
7.7628728e-07
1.9465318e-10
7.7630267e-07
2.9408298e-10
7.7658106e-07
4.477072e-10
7.7712115e-07
5.9305183e-10
7.7792789e-07
7.703691e-10
7.7903651e-07
9.3076791e-10
7.804254e-07
1.0954491e-09
7.8208222e-07
1.2547714e-09
7.8401218e-07
1.4115189e-09
7.8621738e-07
1.5652151e-09
7.8869683e-07
1.7153536e-09
7.9144873e-07
1.8623321e-09
7.9446943e-07
2.0061903e-09
7.9776021e-07
2.1470679e-09
8.0132091e-07
2.2843243e-09
8.0515015e-07
2.4173534e-09
8.0924426e-07
2.544394e-09
8.1360301e-07
2.667099e-09
8.1822875e-07
2.7875657e-09
8.2312225e-07
2.9056753e-09
8.2828466e-07
3.0210137e-09
8.3371595e-07
3.1324849e-09
8.3941641e-07
3.2393235e-09
8.4538595e-07
3.3417136e-09
8.5162483e-07
3.440439e-09
8.5813825e-07
3.5353409e-09
8.6493328e-07
3.6256367e-09
8.7201386e-07
3.711345e-09
8.7937771e-07
3.7999679e-09
8.8702931e-07
3.8871595e-09
8.9497426e-07
3.9728683e-09
9.032183e-07
4.0588932e-09
9.1176831e-07
4.1404715e-09
9.2063233e-07
4.2105315e-09
9.2981713e-07
4.2741051e-09
9.3932674e-07
4.3381241e-09
9.4916163e-07
4.4053805e-09
9.5932464e-07
4.4714423e-09
9.6982236e-07
4.5346122e-09
9.8066963e-07
4.5949173e-09
9.9188408e-07
4.6495865e-09
1.0034733e-06
4.6965685e-09
1.0154398e-06
4.7430544e-09
1.027787e-06
4.7902478e-09
1.040521e-06
4.8353757e-09
1.0536478e-06
4.8767239e-09
1.0671741e-06
4.9119344e-09
1.0811071e-06
4.9401234e-09
1.095454e-06
4.9610267e-09
1.1102203e-06
4.9737925e-09
1.1254086e-06
4.9782694e-09
1.1410198e-06
4.9750004e-09
1.1570532e-06
4.9635815e-09
1.1735079e-06
4.9429874e-09
1.1903815e-06
4.9126148e-09
1.2076707e-06
4.872315e-09
1.225371e-06
4.8222475e-09
1.2434766e-06
4.7628443e-09
1.2619803e-06
4.6948978e-09
1.2808731e-06
4.6194555e-09
1.3001441e-06
4.5376432e-09
1.3197802e-06
4.4507917e-09
1.339767e-06
4.3603583e-09
1.3600877e-06
4.267863e-09
1.3807224e-06
4.174546e-09
1.4016477e-06
4.0815165e-09
1.4228353e-06
3.9897898e-09
1.4442519e-06
3.9000372e-09
1.4658578e-06
3.8127723e-09
1.4876069e-06
3.7283523e-09
1.5094457e-06
3.6468339e-09
1.5313129e-06
3.5681262e-09
1.5531387e-06
3.4917944e-09
1.574845e-06
3.4174406e-09
1.5963454e-06
3.3444456e-09
1.6175452e-06
3.2719645e-09
1.6383423e-06
3.1993577e-09
1.6586283e-06
3.1250651e-09
1.6782895e-06
3.0484437e-09
1.6972087e-06
2.9679978e-09
1.7152668e-06
2.881265e-09
1.732346e-06
2.7887186e-09
1.7483318e-06
2.688159e-09
1.7631159e-06
2.5769009e-09
1.7766006e-06
2.4598958e-09
1.7886928e-06
2.3294704e-09
1.799317e-06
2.1898541e-09
1.8083788e-06
2.0559816e-09
1.8158104e-06
1.8680466e-09
1.8216091e-06
1.6778183e-09
1.8257708e-06
1.3611525e-09
1.8283179e-06
1.1606867e-09
1.8300676e-06
8.7474428e-10
1.8306085e-06
8.0442586e-10
1.8300881e-06
4.5195803e-10
1.8280421e-06
2.5020386e-10
1.8247287e-06
4.0560444e-11
1.8201427e-06
-2.4624214e-10
1.8144714e-06
-7.8527451e-10
1.8080885e-06
-1.2910086e-09
1.8009179e-06
-1.6581998e-09
1.7930587e-06
-2.0370234e-09
1.7847325e-06
-2.4189455e-09
1.7760133e-06
-2.7537399e-09
1.7670009e-06
-3.0633185e-09
1.7577715e-06
-3.3543959e-09
1.7483903e-06
-3.636337e-09
1.7389145e-06
-3.9133439e-09
1.7293886e-06
-4.1857033e-09
1.7198491e-06
-4.452962e-09
1.7103229e-06
-4.7137534e-09
1.7008306e-06
-4.9666808e-09
1.6913893e-06
-5.210413e-09
1.6820135e-06
-5.444956e-09
1.6727163e-06
-5.6713176e-09
1.6635065e-06
-5.8882748e-09
1.6543876e-06
-6.0931491e-09
1.6453629e-06
-6.2858154e-09
1.636437e-06
-6.4663808e-09
1.6276152e-06
-6.6354575e-09
1.6189039e-06
-6.7947394e-09
1.6103091e-06
-6.9456028e-09
1.6018321e-06
-7.0838464e-09
1.5934775e-06
-7.2073592e-09
1.5852564e-06
-7.3205113e-09
1.5771805e-06
-7.4226532e-09
1.5692612e-06
-7.5128344e-09
1.5615104e-06
-7.5895827e-09
1.5539422e-06
-7.6533699e-09
1.5465689e-06
-7.7009146e-09
1.5394015e-06
-7.739771e-09
1.5324305e-06
-7.737428e-09
1.5256974e-06
-7.7416882e-09
1.5192411e-06
-7.7328433e-09
1.5130915e-06
-7.7063511e-09
1.5072002e-06
-7.6623645e-09
1.5015383e-06
-7.6079396e-09
1.4962313e-06
-7.5255313e-09
1.4912878e-06
-7.4380342e-09
1.4867111e-06
-7.3207875e-09
1.4824989e-06
-7.2074222e-09
1.478687e-06
-7.0475403e-09
1.4752753e-06
-6.9131594e-09
1.4723185e-06
-6.6998216e-09
1.4697901e-06
-6.5493357e-09
1.4677844e-06
-6.2794698e-09
1.4662025e-06
-6.0967147e-09
1.4652406e-06
-5.7933778e-09
1.464812e-06
-5.6534324e-09
1.4650094e-06
-5.1947784e-09
1.465646e-06
-4.8453472e-09
1.467402e-06
-4.1301553e-09
1.4698429e-06
-3.5320333e-09
1.4729098e-06
-3.0003462e-09
1.4768186e-06
-2.5649154e-09
-3.683684e-09
5.6161233e-06
5.6175607e-06
5.6203714e-06
5.6236611e-06
5.627961e-06
5.6327463e-06
5.6380786e-06
5.6437651e-06
5.649711e-06
5.6558181e-06
5.6619979e-06
5.6681786e-06
5.6743152e-06
5.6803723e-06
5.6863209e-06
5.6921414e-06
5.6978215e-06
5.703355e-06
5.7087399e-06
5.7139769e-06
5.7190691e-06
5.7240215e-06
5.7288393e-06
5.7335291e-06
5.7380968e-06
5.7425496e-06
5.7468932e-06
5.7511346e-06
5.7552792e-06
5.7593336e-06
5.7633025e-06
5.7671912e-06
5.7710044e-06
5.7747465e-06
5.778421e-06
5.7820319e-06
5.7855815e-06
5.7890747e-06
5.7925124e-06
5.7959e-06
5.7992367e-06
5.802528e-06
5.805773e-06
5.8089763e-06
5.8121375e-06
5.8152612e-06
5.8183475e-06
5.8213992e-06
5.8244164e-06
5.827401e-06
5.8303536e-06
5.8332768e-06
5.8361711e-06
5.8390379e-06
5.8418784e-06
5.8446925e-06
5.8474823e-06
5.8502468e-06
5.8529881e-06
5.8557059e-06
5.8584012e-06
5.8610749e-06
5.863726e-06
5.8663563e-06
5.8689666e-06
5.8715586e-06
5.8741294e-06
5.8766812e-06
5.8792144e-06
5.8817299e-06
5.8842281e-06
5.8867094e-06
5.8891748e-06
5.8916235e-06
5.8940573e-06
5.8964749e-06
5.8988781e-06
5.9012658e-06
5.9036395e-06
5.9059979e-06
5.9083415e-06
5.9106704e-06
5.9129834e-06
5.9152789e-06
5.9175614e-06
5.9198302e-06
5.9220861e-06
5.9243305e-06
5.9265643e-06
5.9287881e-06
5.9310018e-06
5.9332054e-06
5.9353989e-06
5.9375818e-06
5.9397549e-06
5.9419177e-06
5.9440701e-06
5.9462131e-06
5.9483453e-06
5.9504693e-06
5.9525823e-06
5.9546878e-06
5.9567818e-06
5.9588689e-06
5.9609423e-06
5.9630074e-06
5.9650604e-06
5.9671014e-06
5.969133e-06
5.9711549e-06
5.9731691e-06
5.9751754e-06
5.977174e-06
5.9791653e-06
5.9811489e-06
5.9831255e-06
5.9850941e-06
5.9870558e-06
5.9890101e-06
5.9909572e-06
5.9928974e-06
5.9948308e-06
5.9967572e-06
5.9986763e-06
6.0005879e-06
6.0024909e-06
6.0043849e-06
6.0062647e-06
6.0081351e-06
6.0099952e-06
6.0118495e-06
6.0136993e-06
6.0155457e-06
6.0173886e-06
6.0192283e-06
6.0210639e-06
6.0228954e-06
6.024722e-06
6.0265437e-06
6.0283603e-06
6.030171e-06
6.0319767e-06
6.0337769e-06
6.0355716e-06
6.0373614e-06
6.0391455e-06
6.040925e-06
6.0427e-06
6.0444705e-06
6.0462376e-06
6.048001e-06
6.0497608e-06
6.051513e-06
6.0532606e-06
6.0549942e-06
6.0567189e-06
6.0584371e-06
6.0601506e-06
6.0618599e-06
6.0635655e-06
6.0652671e-06
6.0669649e-06
6.0686582e-06
6.0703471e-06
6.0720312e-06
6.0737108e-06
6.0753859e-06
6.0770571e-06
6.0787237e-06
6.0803863e-06
6.0820447e-06
6.0836994e-06
6.0853503e-06
6.0869972e-06
6.08864e-06
6.0902783e-06
6.0919118e-06
6.0935387e-06
6.0951566e-06
6.0967665e-06
6.0983705e-06
6.0999733e-06
6.1015741e-06
6.1031737e-06
6.1047717e-06
6.106368e-06
6.107962e-06
6.1095537e-06
6.1111431e-06
6.1127302e-06
6.1143145e-06
6.1158966e-06
6.1174763e-06
6.1190533e-06
6.120628e-06
6.1222001e-06
6.1237698e-06
6.1253369e-06
6.1269011e-06
6.1284632e-06
6.1300223e-06
6.1315781e-06
6.1331306e-06
6.1346789e-06
6.1362236e-06
6.1377654e-06
6.1393042e-06
6.1408392e-06
6.1423706e-06
6.1438982e-06
6.145422e-06
6.1469424e-06
6.1484593e-06
6.1499722e-06
6.1514819e-06
6.1529879e-06
6.1544903e-06
6.1559894e-06
6.1574844e-06
6.1589762e-06
6.1604643e-06
6.1619484e-06
6.1634291e-06
6.1649062e-06
6.1663795e-06
6.1678489e-06
6.1693147e-06
6.1707768e-06
6.172235e-06
6.1736894e-06
6.1751403e-06
6.1765871e-06
6.1780296e-06
6.179468e-06
6.1809026e-06
6.1823324e-06
6.1837579e-06
6.1851785e-06
6.1865949e-06
6.188007e-06
6.1894143e-06
6.1908172e-06
6.1922153e-06
6.1936094e-06
6.1949987e-06
6.1963833e-06
6.1977634e-06
6.1991393e-06
6.2005103e-06
6.2018768e-06
6.203239e-06
6.2045954e-06
6.2059474e-06
6.2072951e-06
6.2086378e-06
6.2099761e-06
6.2113098e-06
6.212639e-06
6.213964e-06
6.215286e-06
6.2166046e-06
6.2179189e-06
6.2192303e-06
6.2205388e-06
6.2218456e-06
6.2231512e-06
6.2244551e-06
6.2257585e-06
6.2270614e-06
6.2283643e-06
6.2296676e-06
6.230971e-06
6.2322752e-06
6.2335805e-06
6.2348862e-06
6.236193e-06
6.2375007e-06
6.2388094e-06
6.2401186e-06
6.2414286e-06
6.2427387e-06
6.2440489e-06
6.2453587e-06
6.2466681e-06
6.2479762e-06
6.249282e-06
6.2505859e-06
6.2518864e-06
6.2531827e-06
6.2544747e-06
6.255761e-06
6.2570403e-06
6.2583117e-06
6.2595743e-06
6.2608267e-06
6.2620676e-06
6.263296e-06
6.2645103e-06
6.2657093e-06
6.2668923e-06
6.268058e-06
6.2692053e-06
6.2703336e-06
6.2714421e-06
6.2725309e-06
6.2735992e-06
6.2746473e-06
6.2756749e-06
6.2766829e-06
6.2776713e-06
6.2786408e-06
6.2795929e-06
6.2805282e-06
6.2814474e-06
6.2823526e-06
6.2832448e-06
6.2841257e-06
6.2849969e-06
6.2858599e-06
6.2867167e-06
6.2875687e-06
6.2884175e-06
6.289265e-06
6.2901129e-06
6.2909623e-06
6.2918151e-06
6.2926718e-06
6.293534e-06
6.2944023e-06
6.2952774e-06
6.2961595e-06
6.297049e-06
6.2979457e-06
6.2988487e-06
6.2997578e-06
6.3006721e-06
6.3015901e-06
6.3025101e-06
6.3034307e-06
6.3043494e-06
6.305264e-06
6.3061726e-06
6.3070721e-06
6.3079602e-06
6.3088334e-06
6.3096896e-06
6.3105266e-06
6.3113417e-06
6.312133e-06
6.3128985e-06
6.3136366e-06
6.314346e-06
6.3150262e-06
6.315676e-06
6.3162964e-06
6.3168872e-06
6.3174493e-06
6.3179841e-06
6.3184921e-06
6.3189754e-06
6.3194362e-06
6.3198771e-06
6.3203e-06
6.3207078e-06
6.3211032e-06
6.3214884e-06
6.3218662e-06
6.3222398e-06
6.3226114e-06
6.3229835e-06
6.3233582e-06
6.3237379e-06
6.3241244e-06
6.3245188e-06
6.3249228e-06
6.3253364e-06
6.3257603e-06
6.3261943e-06
6.3266377e-06
6.3270899e-06
6.3275495e-06
6.328014e-06
6.3284822e-06
6.3289514e-06
6.3294187e-06
6.3298818e-06
6.330337e-06
6.3307817e-06
6.3312123e-06
6.3316256e-06
6.3320183e-06
6.3323852e-06
6.3327239e-06
6.3330287e-06
6.3332972e-06
6.333513e-06
6.3336768e-06
6.3337696e-06
6.3337874e-06
6.3337095e-06
6.3335082e-06
6.3331561e-06
6.3326169e-06
6.3318426e-06
6.330774e-06
6.3293369e-06
6.3274393e-06
6.3249685e-06
6.3217873e-06
6.3177305e-06
6.3126008e-06
6.3061659e-06
6.2981552e-06
6.2882562e-06
6.2761154e-06
6.2613346e-06
6.2434736e-06
6.2220527e-06
6.1965607e-06
6.1664649e-06
6.1312245e-06
6.0903068e-06
6.0431767e-06
5.9892593e-06
5.9281367e-06
5.8599719e-06
5.7839281e-06
5.7001448e-06
5.6086182e-06
5.5095228e-06
5.4031655e-06
5.290019e-06
5.1706957e-06
5.0459329e-06
4.9165705e-06
4.7835281e-06
4.6477804e-06
4.5103272e-06
4.3721618e-06
4.2342509e-06
4.0975056e-06
3.9627661e-06
3.8307837e-06
3.7022141e-06
3.5776085e-06
3.4574071e-06
3.3419484e-06
3.2314666e-06
3.1261081e-06
3.0259305e-06
2.9309237e-06
2.8409946e-06
2.7560163e-06
2.6758097e-06
2.6001626e-06
2.5288418e-06
2.461597e-06
2.3981697e-06
2.3382979e-06
2.2817215e-06
2.2281853e-06
2.1774449e-06
2.1292688e-06
2.0834405e-06
2.03976e-06
1.9980441e-06
1.9581263e-06
1.9198567e-06
1.8831016e-06
1.8477421e-06
1.8136729e-06
1.7808022e-06
1.749049e-06
1.7183434e-06
1.6886244e-06
1.6598391e-06
1.6319415e-06
1.6048924e-06
1.5786579e-06
1.553208e-06
1.5285158e-06
1.5045571e-06
1.4813097e-06
1.4587532e-06
1.4368678e-06
1.4156348e-06
1.3950355e-06
1.3750526e-06
1.3556696e-06
1.3368698e-06
1.3186375e-06
1.3009563e-06
1.2838102e-06
1.2671832e-06
1.2510594e-06
1.2354229e-06
1.2202586e-06
1.2055518e-06
1.1912872e-06
1.1774535e-06
1.1640409e-06
1.1510273e-06
1.1383953e-06
1.1261278e-06
1.1141754e-06
1.1025192e-06
1.0911765e-06
1.0801458e-06
1.069421e-06
1.0589899e-06
1.0488382e-06
1.0389526e-06
1.0293195e-06
1.0199262e-06
1.0107612e-06
1.0018133e-06
9.9307344e-07
9.845334e-07
9.7618415e-07
9.6801743e-07
9.6002564e-07
9.5220202e-07
9.4454054e-07
9.3703591e-07
9.2968376e-07
9.2248007e-07
9.1542153e-07
9.0850548e-07
9.0173041e-07
8.9509547e-07
8.8860051e-07
8.8224603e-07
8.76033e-07
8.699629e-07
8.6403791e-07
8.5826e-07
8.5263117e-07
8.4715402e-07
8.4183109e-07
8.3666474e-07
8.316573e-07
8.2681126e-07
8.2212916e-07
8.17614e-07
8.1326898e-07
8.0909779e-07
8.051043e-07
8.0129334e-07
7.9766983e-07
7.942393e-07
7.910075e-07
7.8798027e-07
7.8516313e-07
7.8256099e-07
7.8017876e-07
7.7802041e-07
7.7608922e-07
7.7438749e-07
7.7291743e-07
7.716899e-07
7.7074111e-07
7.7006803e-07
7.6968473e-07
7.6957047e-07
7.695616e-07
7.6971676e-07
7.7011485e-07
7.7079567e-07
7.7179032e-07
7.7307347e-07
7.7464362e-07
7.7649397e-07
7.7862396e-07
7.8103352e-07
7.8372176e-07
7.8668792e-07
7.8993142e-07
7.9345232e-07
7.9725033e-07
8.013245e-07
8.0567221e-07
8.1029254e-07
8.1518702e-07
8.2035732e-07
8.2580504e-07
8.3153087e-07
8.375348e-07
8.4381731e-07
8.5037976e-07
8.5722378e-07
8.6435036e-07
8.7176094e-07
8.7946469e-07
8.8746678e-07
8.9577265e-07
9.0439004e-07
9.1332225e-07
9.2256588e-07
9.3212273e-07
9.4200194e-07
9.5221562e-07
9.6277192e-07
9.7367758e-07
9.8493963e-07
9.9656289e-07
1.0085501e-06
1.0209114e-06
1.0336586e-06
1.0468008e-06
1.0603455e-06
1.0742981e-06
1.0886629e-06
1.1034439e-06
1.1186441e-06
1.1342659e-06
1.1503116e-06
1.1667827e-06
1.1836785e-06
1.2009968e-06
1.2187338e-06
1.2368841e-06
1.255441e-06
1.2743959e-06
1.2937388e-06
1.3134577e-06
1.3335381e-06
1.3539633e-06
1.3747132e-06
1.3957643e-06
1.4170886e-06
1.4386528e-06
1.4604182e-06
1.4823394e-06
1.5043638e-06
1.5264315e-06
1.5484745e-06
1.5704165e-06
1.5921729e-06
1.6136515e-06
1.6347522e-06
1.6553689e-06
1.6753899e-06
1.6946999e-06
1.7131821e-06
1.7307187e-06
1.747197e-06
1.7625094e-06
1.7765554e-06
1.7892535e-06
1.8005298e-06
1.8103362e-06
1.8186559e-06
1.8252821e-06
1.8293804e-06
1.832214e-06
1.8343945e-06
1.8357319e-06
1.8359422e-06
1.8346352e-06
1.832058e-06
1.828363e-06
1.8236367e-06
1.8177818e-06
1.8109753e-06
1.8034868e-06
1.7954239e-06
1.7868899e-06
1.778025e-06
1.768934e-06
1.7597008e-06
1.7503867e-06
1.7410372e-06
1.7316872e-06
1.7223634e-06
1.7130865e-06
1.7038734e-06
1.6947376e-06
1.6856893e-06
1.6767352e-06
1.6678817e-06
1.6591362e-06
1.6505058e-06
1.641997e-06
1.6336156e-06
1.6253661e-06
1.617252e-06
1.6092817e-06
1.6014666e-06
1.5938143e-06
1.586334e-06
1.579037e-06
1.5719355e-06
1.5650453e-06
1.5583973e-06
1.5520517e-06
1.5458521e-06
1.5398546e-06
1.5341982e-06
1.5288873e-06
1.5239004e-06
1.5192359e-06
1.5149314e-06
1.5109981e-06
1.5074669e-06
1.5043343e-06
1.501649e-06
1.499389e-06
1.4976371e-06
1.4963344e-06
1.4956042e-06
1.495364e-06
1.4957393e-06
1.4965711e-06
1.498182e-06
1.5004665e-06
1.5037953e-06
1.5080595e-06
1.5131817e-06
1.5192557e-06
1.2088834e-06
-1.4730217e-10
1.2091864e-06
-3.0305491e-10
1.2097296e-06
-5.4317617e-10
1.2104436e-06
-7.1397022e-10
1.2113285e-06
-8.8498409e-10
1.2123697e-06
-1.0410832e-09
1.2135384e-06
-1.1687726e-09
1.2148169e-06
-1.2785333e-09
1.2161835e-06
-1.3666415e-09
1.2176185e-06
-1.434989e-09
1.2191046e-06
-1.4860166e-09
1.220626e-06
-1.5214532e-09
1.2221704e-06
-1.5443624e-09
1.2237255e-06
-1.5551636e-09
1.2252825e-06
-1.5569803e-09
1.2268354e-06
-1.5528618e-09
1.2283782e-06
-1.5428396e-09
1.2299067e-06
-1.5285e-09
1.2314176e-06
-1.5109158e-09
1.2329086e-06
-1.4910602e-09
1.2343783e-06
-1.4696728e-09
1.2358256e-06
-1.4473618e-09
1.2372502e-06
-1.4245125e-09
1.2386517e-06
-1.4015287e-09
1.2400303e-06
-1.3786861e-09
1.2413865e-06
-1.3561108e-09
1.2427205e-06
-1.3340107e-09
1.2440329e-06
-1.3124528e-09
1.2453244e-06
-1.2915038e-09
1.2465956e-06
-1.271188e-09
1.247847e-06
-1.2515335e-09
1.2490796e-06
-1.2325314e-09
1.2502938e-06
-1.2142265e-09
1.2514903e-06
-1.1965557e-09
1.2526699e-06
-1.1795285e-09
1.2538329e-06
-1.1631176e-09
1.2549803e-06
-1.1473196e-09
1.2561123e-06
-1.1321082e-09
1.2572298e-06
-1.1174262e-09
1.258333e-06
-1.1032841e-09
1.2594226e-06
-1.0896377e-09
1.2604991e-06
-1.0764358e-09
1.2615628e-06
-1.0637349e-09
1.2626141e-06
-1.0513941e-09
1.2636536e-06
-1.0395045e-09
1.2646816e-06
-1.0279422e-09
1.2656983e-06
-1.0168102e-09
1.2667043e-06
-1.0059402e-09
1.2676998e-06
-9.9551212e-10
1.268685e-06
-9.8528607e-10
1.2696605e-06
-9.7544195e-10
1.2706263e-06
-9.6588604e-10
1.2715828e-06
-9.5649577e-10
1.2725304e-06
-9.4761621e-10
1.2734691e-06
-9.3874997e-10
1.2743994e-06
-9.3032471e-10
1.2753216e-06
-9.2214414e-10
1.2762356e-06
-9.141008e-10
1.2771419e-06
-9.063208e-10
1.2780406e-06
-8.9870911e-10
1.2789319e-06
-8.9127195e-10
1.2798158e-06
-8.8400087e-10
1.2806927e-06
-8.7688345e-10
1.2815626e-06
-8.6996277e-10
1.2824257e-06
-8.6315932e-10
1.2832822e-06
-8.5657836e-10
1.2841323e-06
-8.5004315e-10
1.2849761e-06
-8.4378815e-10
1.2858136e-06
-8.3759755e-10
1.2866452e-06
-8.3159701e-10
1.2874709e-06
-8.256924e-10
1.2882909e-06
-8.2001295e-10
1.2891053e-06
-8.144343e-10
1.2899143e-06
-8.0901374e-10
1.290718e-06
-8.0379525e-10
1.2915167e-06
-7.9872509e-10
1.2923105e-06
-7.9378504e-10
1.2930994e-06
-7.8893159e-10
1.2938834e-06
-7.840617e-10
1.2946627e-06
-7.7930107e-10
1.2954372e-06
-7.7455153e-10
1.2962071e-06
-7.6991835e-10
1.2969724e-06
-7.6531759e-10
1.2977332e-06
-7.6084694e-10
1.2984896e-06
-7.5649709e-10
1.2992418e-06
-7.5212769e-10
1.2999898e-06
-7.4805984e-10
1.3007336e-06
-7.4386008e-10
1.3014734e-06
-7.3987794e-10
1.3022094e-06
-7.3604944e-10
1.3029415e-06
-7.3208595e-10
1.3036698e-06
-7.2835737e-10
1.3043946e-06
-7.248584e-10
1.3051155e-06
-7.2095352e-10
1.3058333e-06
-7.1780093e-10
1.3065475e-06
-7.1430506e-10
1.3072584e-06
-7.1089845e-10
1.3079663e-06
-7.079608e-10
1.3086713e-06
-7.0503292e-10
1.3093733e-06
-7.0206463e-10
1.310073e-06
-6.9976691e-10
1.3107707e-06
-6.9770723e-10
1.3114658e-06
-6.9511374e-10
1.3121584e-06
-6.9263306e-10
1.3128482e-06
-6.8981931e-10
1.3135348e-06
-6.8664141e-10
1.3142187e-06
-6.840617e-10
1.3148994e-06
-6.8071593e-10
1.3155772e-06
-6.7780137e-10
1.3162515e-06
-6.74373e-10
1.3169229e-06
-6.7146333e-10
1.3175915e-06
-6.6869177e-10
1.3182568e-06
-6.6536421e-10
1.3189203e-06
-6.6349992e-10
1.319581e-06
-6.6069727e-10
1.3202395e-06
-6.5857275e-10
1.3208964e-06
-6.5705263e-10
1.321551e-06
-6.5459282e-10
1.3222043e-06
-6.5337025e-10
1.3228561e-06
-6.5183325e-10
1.3235057e-06
-6.4966255e-10
1.3241541e-06
-6.485128e-10
1.3248011e-06
-6.4699712e-10
1.3254469e-06
-6.458456e-10
1.3260907e-06
-6.4392358e-10
1.3267333e-06
-6.425811e-10
1.3273733e-06
-6.4014349e-10
1.328011e-06
-6.377352e-10
1.328649e-06
-6.380847e-10
1.3292882e-06
-6.3924466e-10
1.329926e-06
-6.377725e-10
1.3305631e-06
-6.371681e-10
1.3311971e-06
-6.3405547e-10
1.3318291e-06
-6.3214545e-10
1.3324595e-06
-6.3047834e-10
1.3330864e-06
-6.2694294e-10
1.333715e-06
-6.2860073e-10
1.3343389e-06
-6.2403194e-10
1.3349627e-06
-6.2380767e-10
1.3355855e-06
-6.2291772e-10
1.3362053e-06
-6.1976957e-10
1.3368262e-06
-6.2107919e-10
1.3374428e-06
-6.1661476e-10
1.3380599e-06
-6.1725203e-10
1.338677e-06
-6.1718231e-10
1.3392906e-06
-6.1370198e-10
1.3399038e-06
-6.1326411e-10
1.3405144e-06
-6.1074212e-10
1.3411243e-06
-6.1002048e-10
1.3417356e-06
-6.113563e-10
1.3423461e-06
-6.1064043e-10
1.342957e-06
-6.1095484e-10
1.3435688e-06
-6.1188077e-10
1.3441852e-06
-6.1647398e-10
1.3448008e-06
-6.1578254e-10
1.3454134e-06
-6.126557e-10
1.3460232e-06
-6.099965e-10
1.346631e-06
-6.0791105e-10
1.3472404e-06
-6.095302e-10
1.3478499e-06
-6.0963856e-10
1.3484593e-06
-6.095715e-10
1.3490661e-06
-6.068932e-10
1.3496688e-06
-6.0296168e-10
1.3502646e-06
-5.9595529e-10
1.3508566e-06
-5.9217165e-10
1.3514482e-06
-5.9161076e-10
1.3520418e-06
-5.9366823e-10
1.352641e-06
-5.9920691e-10
1.3532361e-06
-5.9523675e-10
1.3538372e-06
-6.0106453e-10
1.3544414e-06
-6.0429706e-10
1.3550412e-06
-5.9994498e-10
1.3556442e-06
-6.032046e-10
1.3562371e-06
-5.9302119e-10
1.3568279e-06
-5.9099481e-10
1.3574189e-06
-5.9120175e-10
1.3580081e-06
-5.8934191e-10
1.358601e-06
-5.9300387e-10
1.359193e-06
-5.921299e-10
1.3597992e-06
-6.0620398e-10
1.3604086e-06
-6.0952843e-10
1.3610114e-06
-6.0290217e-10
1.3616183e-06
-6.0699357e-10
1.3622039e-06
-5.8577454e-10
1.3628006e-06
-5.9686078e-10
1.3633735e-06
-5.7315219e-10
1.3639561e-06
-5.8287819e-10
1.3645458e-06
-5.8993121e-10
1.3651112e-06
-5.6573102e-10
1.3657232e-06
-6.1237104e-10
1.3662906e-06
-5.6780269e-10
1.3669151e-06
-6.2498362e-10
1.3674971e-06
-5.8242255e-10
1.3680025e-06
-5.0582782e-10
1.3686407e-06
-6.3869621e-10
1.3692143e-06
-5.7408345e-10
1.3697705e-06
-5.5663874e-10
1.3703207e-06
-5.5046012e-10
1.3707452e-06
-4.2479709e-10
1.3713796e-06
-6.3461059e-10
1.3719982e-06
-6.1868466e-10
1.3724276e-06
-4.2951864e-10
1.3730596e-06
-6.3206285e-10
1.373675e-06
-6.1543259e-10
1.374126e-06
-4.5116311e-10
1.3747345e-06
-6.0864691e-10
1.3752789e-06
-5.4474913e-10
1.3756587e-06
-3.8033932e-10
1.3762484e-06
-5.903229e-10
1.376803e-06
-5.5532823e-10
1.3772192e-06
-4.1708059e-10
1.3777656e-06
-5.4718097e-10
1.3782931e-06
-5.2811222e-10
1.3787209e-06
-4.2838844e-10
1.3792373e-06
-5.1712012e-10
1.379681e-06
-4.4452841e-10
1.3800247e-06
-3.4480285e-10
1.3803874e-06
-3.6402881e-10
1.3807628e-06
-3.7647263e-10
1.3811344e-06
-3.723537e-10
1.3815212e-06
-3.8728798e-10
1.3819576e-06
-4.3660675e-10
1.3824031e-06
-4.4537707e-10
1.3828848e-06
-4.8148285e-10
1.3833673e-06
-4.8245141e-10
1.3838061e-06
-4.388423e-10
1.3843357e-06
-5.3001159e-10
1.3848727e-06
-5.3771609e-10
1.3853142e-06
-4.4268988e-10
1.3856958e-06
-3.8289105e-10
1.3860548e-06
-3.6053827e-10
1.3864343e-06
-3.8126746e-10
1.3868167e-06
-3.8416914e-10
1.3871897e-06
-3.7476422e-10
1.3876041e-06
-4.1598769e-10
1.3879912e-06
-3.8844572e-10
1.3883534e-06
-3.6343639e-10
1.3887641e-06
-4.1178172e-10
1.3892244e-06
-4.6109649e-10
1.389689e-06
-4.6508086e-10
1.3901497e-06
-4.6051252e-10
1.3906254e-06
-4.7536197e-10
1.3910682e-06
-4.4250736e-10
1.3914916e-06
-4.2325476e-10
1.3919369e-06
-4.4548409e-10
1.392424e-06
-4.8784532e-10
1.3929142e-06
-4.914309e-10
1.3933908e-06
-4.7822235e-10
1.3938203e-06
-4.316143e-10
1.3942472e-06
-4.2932236e-10
1.3946918e-06
-4.4750648e-10
1.3950986e-06
-4.1008397e-10
1.395493e-06
-3.9807224e-10
1.3958843e-06
-3.9517412e-10
1.3962397e-06
-3.5964653e-10
1.3966404e-06
-4.0516079e-10
1.397083e-06
-4.4725734e-10
1.3975444e-06
-4.6600634e-10
1.3980476e-06
-5.0752513e-10
1.3985355e-06
-4.9190474e-10
1.3989666e-06
-4.3479753e-10
1.3994472e-06
-4.8433924e-10
1.3999219e-06
-4.7825388e-10
1.4003294e-06
-4.1091841e-10
1.4007582e-06
-4.3222181e-10
1.4012244e-06
-4.6961723e-10
1.4017053e-06
-4.8427173e-10
1.4022204e-06
-5.1840443e-10
1.402741e-06
-5.2396798e-10
1.4032427e-06
-5.0523807e-10
1.403798e-06
-5.5894045e-10
1.4043287e-06
-5.3431837e-10
1.4048211e-06
-4.9583493e-10
1.4052655e-06
-4.4743276e-10
1.4056884e-06
-4.2558268e-10
1.406177e-06
-4.9067328e-10
1.4066209e-06
-4.45326e-10
1.4070183e-06
-3.9803583e-10
1.4074847e-06
-4.6670667e-10
1.407954e-06
-4.693792e-10
1.408382e-06
-4.2820014e-10
1.4088581e-06
-4.7649795e-10
1.4093107e-06
-4.5374948e-10
1.4097198e-06
-4.1077586e-10
1.4101923e-06
-4.7460391e-10
1.4107057e-06
-5.1577098e-10
1.4112162e-06
-5.1370641e-10
1.4117872e-06
-5.7444094e-10
1.4123521e-06
-5.6868688e-10
1.4128826e-06
-5.3440852e-10
1.4134696e-06
-5.9097438e-10
1.4139757e-06
-5.0989613e-10
1.4144011e-06
-4.2924375e-10
1.4149058e-06
-5.0859583e-10
1.4153964e-06
-4.9461812e-10
1.4158379e-06
-4.456e-10
1.416356e-06
-5.2208904e-10
1.4168547e-06
-5.025349e-10
1.4172948e-06
-4.4385384e-10
1.4178406e-06
-5.497176e-10
1.4183384e-06
-5.0211124e-10
1.4187789e-06
-4.4491077e-10
1.4193372e-06
-5.6296567e-10
1.4198858e-06
-5.5359406e-10
1.4203563e-06
-4.7585758e-10
1.4208938e-06
-5.4329075e-10
1.4214238e-06
-5.361751e-10
1.421888e-06
-4.7062843e-10
1.4224407e-06
-5.5906257e-10
1.42298e-06
-5.4562799e-10
1.42341e-06
-4.3675419e-10
1.4239109e-06
-5.0819793e-10
1.4243968e-06
-4.9351856e-10
1.4248688e-06
-4.7979354e-10
1.4254556e-06
-5.9461058e-10
1.4260789e-06
-6.3079808e-10
1.4266022e-06
-5.2988236e-10
1.4271968e-06
-6.0050853e-10
1.4278039e-06
-6.1271521e-10
1.4282933e-06
-4.9475757e-10
1.4288453e-06
-5.5697136e-10
1.4293725e-06
-5.3176663e-10
1.42985e-06
-4.8166537e-10
1.430415e-06
-5.6915361e-10
1.4309834e-06
-5.7254734e-10
1.4314802e-06
-5.0086157e-10
1.4320211e-06
-5.4487037e-10
1.432568e-06
-5.5074123e-10
1.4330424e-06
-4.7819837e-10
1.4335653e-06
-5.2668714e-10
1.4341457e-06
-5.8451066e-10
1.4347062e-06
-5.6439431e-10
1.4352892e-06
-5.8683147e-10
1.4358666e-06
-5.8134786e-10
1.4363835e-06
-5.2110138e-10
1.4369505e-06
-5.7129013e-10
1.4375407e-06
-5.9471228e-10
1.4380447e-06
-5.0880944e-10
1.4385044e-06
-4.6496318e-10
1.4390506e-06
-5.5176796e-10
1.4396229e-06
-5.7842575e-10
1.4401013e-06
-4.851084e-10
1.4405594e-06
-4.6539217e-10
1.4411327e-06
-5.813372e-10
1.4416972e-06
-5.7338712e-10
1.4421738e-06
-4.8652193e-10
1.4426997e-06
-5.3674887e-10
1.4432781e-06
-5.9017102e-10
1.4438008e-06
-5.355365e-10
1.4442782e-06
-4.9124926e-10
1.4448353e-06
-5.7170402e-10
1.44539e-06
-5.7034555e-10
1.4458755e-06
-5.0188875e-10
1.4463609e-06
-5.027565e-10
1.4469655e-06
-6.2276806e-10
1.4475429e-06
-5.9647531e-10
1.4480498e-06
-5.268852e-10
1.4484901e-06
-4.6097837e-10
1.4489811e-06
-5.1233195e-10
1.4495718e-06
-6.1268546e-10
1.4500879e-06
-5.3841065e-10
1.4505228e-06
-4.5770365e-10
1.4510041e-06
-5.044094e-10
1.4515805e-06
-5.9944627e-10
1.4520591e-06
-5.0141757e-10
1.4524882e-06
-4.5157966e-10
1.4530434e-06
-5.7728844e-10
1.4535732e-06
-5.5136162e-10
1.4540011e-06
-4.4884541e-10
1.45446e-06
-4.7906301e-10
1.4550457e-06
-6.0514793e-10
1.455504e-06
-4.7724447e-10
1.4558887e-06
-4.0300829e-10
1.4564413e-06
-5.7028826e-10
1.4569677e-06
-5.4338534e-10
1.4573776e-06
-4.2626302e-10
1.4578357e-06
-4.7370063e-10
1.4584232e-06
-6.0238525e-10
1.4589037e-06
-4.9497961e-10
1.4593201e-06
-4.3039172e-10
1.459845e-06
-5.3873794e-10
1.4603938e-06
-5.6240079e-10
1.4608325e-06
-4.523768e-10
1.4612546e-06
-4.3588289e-10
1.4617774e-06
-5.3662363e-10
1.4623228e-06
-5.5947957e-10
1.462782e-06
-4.7327919e-10
1.4631863e-06
-4.1845372e-10
1.4636492e-06
-4.7700288e-10
1.4641848e-06
-5.4952043e-10
1.4646568e-06
-4.8561999e-10
1.4650446e-06
-4.0111026e-10
1.4654713e-06
-4.3954795e-10
1.4659876e-06
-5.2870996e-10
1.4664523e-06
-4.768328e-10
1.4668357e-06
-3.9532688e-10
1.4672534e-06
-4.2957771e-10
1.4677568e-06
-5.1533844e-10
1.4682129e-06
-4.6845372e-10
1.4685929e-06
-3.928764e-10
1.469003e-06
-4.2371706e-10
1.4694876e-06
-4.9882365e-10
1.469939e-06
-4.6645265e-10
1.4703327e-06
-4.0946135e-10
1.4707167e-06
-4.0043879e-10
1.4711493e-06
-4.4947379e-10
1.4716128e-06
-4.8095261e-10
1.4720457e-06
-4.509646e-10
1.4724016e-06
-3.744578e-10
1.472766e-06
-3.8355941e-10
1.4732011e-06
-4.5488591e-10
1.473629e-06
-4.4849502e-10
1.4739773e-06
-3.697318e-10
1.4743125e-06
-3.5741987e-10
1.4746997e-06
-4.1029802e-10
1.4750864e-06
-4.1068349e-10
1.475421e-06
-3.5942449e-10
1.4757395e-06
-3.4418912e-10
1.4760779e-06
-3.6476022e-10
1.4764116e-06
-3.6084691e-10
1.4767178e-06
-3.3405767e-10
1.477011e-06
-3.2159653e-10
1.4773039e-06
-3.217977e-10
1.4775868e-06
-3.1224978e-10
1.4778545e-06
-2.9744163e-10
1.4781093e-06
-2.8488945e-10
1.4783539e-06
-2.7482061e-10
1.4785849e-06
-2.6156721e-10
1.4788019e-06
-2.4767166e-10
1.4790038e-06
-2.3273694e-10
1.4791905e-06
-2.1793767e-10
1.4793607e-06
-2.0185809e-10
1.479514e-06
-1.8536106e-10
1.4796495e-06
-1.6816903e-10
1.4797664e-06
-1.5028201e-10
1.4798648e-06
-1.3258816e-10
1.4799437e-06
-1.1388623e-10
1.4800039e-06
-9.6067598e-11
1.4800446e-06
-7.7585049e-11
1.4800643e-06
-5.7429617e-11
1.4800645e-06
-3.8991033e-11
1.4800466e-06
-2.1880275e-11
1.4800092e-06
-3.3493208e-12
1.4799521e-06
1.5250023e-11
1.4798764e-06
3.2790659e-11
1.4797815e-06
5.0787374e-11
1.4796673e-06
6.8921757e-11
1.4795344e-06
8.6348262e-11
1.4793827e-06
1.0367573e-10
1.4792108e-06
1.2237233e-10
1.4790223e-06
1.3754109e-10
1.4788145e-06
1.5507284e-10
1.4785868e-06
1.7322455e-10
1.4783453e-06
1.8513591e-10
1.4780853e-06
2.0178703e-10
1.4778084e-06
2.1667512e-10
1.4775171e-06
2.2913893e-10
1.4772111e-06
2.4172708e-10
1.4768915e-06
2.5323965e-10
1.4765597e-06
2.6334757e-10
1.4762167e-06
2.7266145e-10
1.4758636e-06
2.8073588e-10
1.4755019e-06
2.8755531e-10
1.4751326e-06
2.9336489e-10
1.4747572e-06
2.9792302e-10
1.4743768e-06
3.0158809e-10
1.4739924e-06
3.0423708e-10
1.4736052e-06
3.0613023e-10
1.4732158e-06
3.0740965e-10
1.4728256e-06
3.0773428e-10
1.472435e-06
3.0788216e-10
1.4720454e-06
3.0667069e-10
1.4716571e-06
3.055769e-10
1.4712719e-06
3.0292568e-10
1.4708908e-06
2.9935832e-10
1.4705139e-06
2.9606628e-10
1.4701456e-06
2.8822722e-10
1.4697828e-06
2.8389424e-10
1.4694315e-06
2.7351765e-10
1.4690934e-06
2.6155167e-10
1.4687601e-06
2.5801006e-10
1.4684584e-06
2.2763569e-10
1.4681514e-06
2.3396751e-10
1.4678812e-06
1.9838264e-10
1.4676305e-06
1.7973534e-10
1.4673669e-06
1.9355717e-10
1.4672073e-06
9.0181196e-11
1.4669733e-06
1.6513768e-10
1.4668416e-06
6.3324457e-11
1.4667639e-06
9.4937391e-12
1.4665852e-06
1.1084822e-10
1.4666589e-06
-1.4145307e-10
1.4666557e-06
-6.4725558e-11
1.4665945e-06
-6.4135364e-12
1.4668006e-06
-2.7388092e-10
1.4668141e-06
-8.1529006e-11
1.46687e-06
-1.2401769e-10
1.4671693e-06
-3.6731462e-10
1.4675803e-06
-4.7760507e-10
1.4681003e-06
-5.8441296e-10
1.4689082e-06
-8.7065022e-10
1.4698245e-06
-9.7797592e-10
1.4706894e-06
-9.2496766e-10
1.4715083e-06
-8.7775787e-10
1.4724105e-06
-9.6032338e-10
1.4734205e-06
-1.0664345e-09
1.4744491e-06
-1.083047e-09
1.4755525e-06
-1.1558607e-09
1.4766112e-06
-1.1083854e-09
1.4774899e-06
-9.2445873e-10
1.4785129e-06
-1.0644765e-09
1.4796426e-06
-1.1668426e-09
1.4806704e-06
-1.0596706e-09
1.4817104e-06
-1.0657732e-09
1.4828244e-06
-1.1336576e-09
1.4839747e-06
-1.1645263e-09
1.4851552e-06
-1.1890569e-09
1.4863461e-06
-1.1939338e-09
1.4875713e-06
-1.2233823e-09
1.4889363e-06
-1.3590054e-09
1.490382e-06
-1.4360775e-09
1.4918018e-06
-1.4064145e-09
1.4931982e-06
-1.3792794e-09
1.4947812e-06
-1.5628281e-09
1.4964369e-06
-1.6331141e-09
1.4979897e-06
-1.5277011e-09
1.4994987e-06
-1.4813057e-09
1.5012433e-06
-1.7141293e-09
1.5029799e-06
-1.7031594e-09
1.5045323e-06
-1.5157875e-09
1.5061834e-06
-1.6109913e-09
1.5079941e-06
-1.7669994e-09
1.5097271e-06
-1.6859576e-09
1.5113663e-06
-1.588655e-09
1.5131734e-06
-1.7529813e-09
1.5150464e-06
-1.8154811e-09
1.5167366e-06
-1.6291102e-09
1.5184607e-06
-1.6595636e-09
1.520311e-06
-1.7817925e-09
1.522078e-06
-1.6946946e-09
1.5237651e-06
-1.6110664e-09
1.5254982e-06
-1.6534374e-09
1.5272875e-06
-1.7060988e-09
1.5289604e-06
-1.5865416e-09
1.530584e-06
-1.5347208e-09
1.5323645e-06
-1.6896107e-09
1.5341384e-06
-1.6813164e-09
1.5357373e-06
-1.5049797e-09
1.5372981e-06
-1.4660011e-09
1.5390113e-06
-1.6176318e-09
1.5407202e-06
-1.6135475e-09
1.5422552e-06
-1.4404256e-09
1.5438588e-06
-1.5094468e-09
1.545487e-06
-1.5348562e-09
1.5469702e-06
-1.3911317e-09
1.5486402e-06
-1.5783677e-09
1.5503225e-06
-1.5916961e-09
1.55171e-06
-1.2985417e-09
1.5529896e-06
-1.1932113e-09
1.5542856e-06
-1.2135866e-09
1.5556039e-06
-1.2414048e-09
1.5571052e-06
-1.428913e-09
1.558481e-06
-1.3070358e-09
1.5594611e-06
-9.1653707e-10
1.5598182e-06
-3.0213654e-10
1.5599301e-06
-6.8154371e-11
1.5600865e-06
-1.2481749e-10
1.5598846e-06
2.2031443e-10
1.5592109e-06
6.7833694e-10
1.5584602e-06
7.4086381e-10
1.5574082e-06
1.0264984e-09
1.5561629e-06
1.202205e-09
1.5547282e-06
1.3721344e-09
1.5530965e-06
1.547884e-09
1.5513039e-06
1.6857196e-09
1.5493341e-06
1.8388464e-09
1.5471927e-06
1.9854642e-09
1.5448783e-06
2.1329734e-09
1.5423937e-06
2.2768951e-09
1.5397408e-06
2.4186115e-09
1.5369214e-06
2.5582083e-09
1.5339425e-06
2.6908951e-09
1.5308101e-06
2.8171301e-09
1.5275302e-06
2.9374294e-09
1.5241079e-06
3.0522824e-09
1.5205483e-06
3.1616501e-09
1.5168566e-06
3.2662553e-09
1.5130466e-06
3.3640668e-09
1.5091404e-06
3.4528802e-09
1.5051298e-06
3.5481e-09
1.5009259e-06
3.6471324e-09
1.4965861e-06
3.7453938e-09
1.4921413e-06
3.8221706e-09
1.4875891e-06
3.9045958e-09
1.4829369e-06
3.9801886e-09
1.4781918e-06
4.0498476e-09
1.4733578e-06
4.1176826e-09
1.4684485e-06
4.1774313e-09
1.4634774e-06
4.2358508e-09
1.4584379e-06
4.2984296e-09
1.4532776e-06
4.356834e-09
1.4480267e-06
4.4163135e-09
1.4426936e-06
4.4697335e-09
1.4372971e-06
4.5075805e-09
1.431842e-06
4.5423985e-09
1.4263287e-06
4.5780375e-09
1.420763e-06
4.6090145e-09
1.4151543e-06
4.6315964e-09
1.4095109e-06
4.6470956e-09
1.4038413e-06
4.6551452e-09
1.3981537e-06
4.6557367e-09
1.3924567e-06
4.648705e-09
1.3867593e-06
4.6335011e-09
1.3810706e-06
4.6096322e-09
1.3754001e-06
4.5770703e-09
1.3697566e-06
4.5359334e-09
1.3641494e-06
4.4860133e-09
1.3585883e-06
4.4269033e-09
1.3530821e-06
4.3590926e-09
1.3476394e-06
4.2832493e-09
1.3422673e-06
4.2006709e-09
1.3369719e-06
4.1123478e-09
1.3317587e-06
4.0190731e-09
1.3266322e-06
3.9214925e-09
1.3215961e-06
3.8209773e-09
1.3166536e-06
3.7176306e-09
1.3118065e-06
3.6128922e-09
1.3070572e-06
3.5064094e-09
1.3024067e-06
3.3994474e-09
1.2978568e-06
3.2912792e-09
1.2934084e-06
3.1827407e-09
1.2890629e-06
3.073342e-09
1.2848216e-06
2.9633069e-09
1.2806862e-06
2.8522145e-09
1.2766582e-06
2.7399336e-09
1.272739e-06
2.6270617e-09
1.2689319e-06
2.5113214e-09
1.2652409e-06
2.3922273e-09
1.2616559e-06
2.2836235e-09
1.2582076e-06
2.145164e-09
1.2548686e-06
2.0346125e-09
1.2516624e-06
1.9010509e-09
1.2485713e-06
1.7860544e-09
1.245676e-06
1.5909762e-09
1.2429641e-06
1.4092123e-09
1.2401149e-06
1.5490778e-09
1.2374592e-06
1.3601382e-09
1.2356945e-06
4.7617865e-10
1.2346951e-06
-2.7927705e-10
1.233975e-06
-5.4769433e-10
1.23325e-06
-5.317351e-10
1.232501e-06
-4.959877e-10
1.2318138e-06
-5.4556626e-10
1.230999e-06
-4.0488768e-10
1.2299745e-06
-1.813758e-10
1.2293681e-06
-5.8467808e-10
1.2288523e-06
-6.5982109e-10
1.2282716e-06
-5.7840044e-10
1.2277354e-06
-6.0538552e-10
1.2271331e-06
-5.2080606e-10
1.2267808e-06
-7.5151396e-10
1.2266545e-06
-9.5739505e-10
1.2264485e-06
-8.5663254e-10
1.2260972e-06
-6.8929396e-10
1.2260494e-06
-9.7005604e-10
1.226187e-06
-1.1319514e-09
1.2263442e-06
-1.1271966e-09
1.226573e-06
-1.1735244e-09
1.2269759e-06
-1.3210997e-09
1.2275157e-06
-1.4305219e-09
1.2281951e-06
-1.5415131e-09
1.2290153e-06
-1.6523636e-09
1.2299833e-06
-1.7691106e-09
1.2310976e-06
-1.8833326e-09
1.2323655e-06
-2.0042803e-09
1.2337853e-06
-2.1234965e-09
1.2353522e-06
-2.2433002e-09
1.2370357e-06
-2.352714e-09
1.238825e-06
-2.4696636e-09
1.2408919e-06
-2.5822775e-09
1.243181e-06
-2.722742e-09
1.2456066e-06
-2.8278504e-09
1.2481741e-06
-2.9375569e-09
1.2508816e-06
-3.0440046e-09
1.2537261e-06
-3.1477629e-09
1.2567012e-06
-3.2483172e-09
1.2597935e-06
-3.3434397e-09
1.2629864e-06
-3.434903e-09
1.2662765e-06
-3.5243568e-09
1.2697668e-06
-3.5987928e-09
1.2734045e-06
-3.6854297e-09
1.2771845e-06
-3.7668997e-09
1.2810947e-06
-3.8394212e-09
1.2851286e-06
-3.9059476e-09
1.2892797e-06
-3.9653676e-09
1.2935415e-06
-4.0172212e-09
1.2979079e-06
-4.0619246e-09
1.3023723e-06
-4.0990296e-09
1.3069299e-06
-4.1305404e-09
1.3115723e-06
-4.1530503e-09
1.3162904e-06
-4.1657553e-09
1.3210738e-06
-4.1678159e-09
1.3259122e-06
-4.1594315e-09
1.330798e-06
-4.1435975e-09
1.3357165e-06
-4.1132373e-09
1.3406654e-06
-4.0811341e-09
1.3456224e-06
-4.0277244e-09
1.3505942e-06
-3.9817394e-09
1.3555431e-06
-3.8997028e-09
1.3605025e-06
-3.8522723e-09
1.3653944e-06
-3.7287817e-09
1.3703055e-06
-3.6941339e-09
1.375102e-06
-3.5277146e-09
1.3799243e-06
-3.5042533e-09
1.3845783e-06
-3.2892307e-09
1.389299e-06
-3.3121608e-09
1.3937402e-06
-2.9917984e-09
1.3983582e-06
-3.1302552e-09
1.4023921e-06
-2.5130227e-09
-2.7339917e-09
1.2088609e-06
-2.7203928e-10
1.2091815e-06
-6.2371575e-10
1.2097311e-06
-1.0927779e-09
1.210465e-06
-1.4478703e-09
1.2113751e-06
-1.7950459e-09
1.2124406e-06
-2.1065545e-09
1.2136352e-06
-2.363362e-09
1.2149382e-06
-2.5815345e-09
1.2163274e-06
-2.7558689e-09
1.2177827e-06
-2.8903098e-09
1.2192866e-06
-2.9898963e-09
1.2208231e-06
-3.0580236e-09
1.2223797e-06
-3.1009328e-09
1.2239455e-06
-3.1209439e-09
1.2255119e-06
-3.1234424e-09
1.2270721e-06
-3.1130227e-09
1.2286204e-06
-3.0911953e-09
1.2301531e-06
-3.0611234e-09
1.231667e-06
-3.0249199e-09
1.2331604e-06
-2.9844025e-09
1.2346317e-06
-2.9410581e-09
1.2360803e-06
-2.8959155e-09
1.2375058e-06
-2.8499469e-09
1.238908e-06
-2.8037417e-09
1.2402871e-06
-2.7578335e-09
1.2416436e-06
-2.7126243e-09
1.2429779e-06
-2.6683211e-09
1.2442906e-06
-2.6251441e-09
1.2455823e-06
-2.5831914e-09
1.2468537e-06
-2.5425821e-09
1.2481054e-06
-2.5032532e-09
1.2493382e-06
-2.4653359e-09
1.2505526e-06
-2.4286666e-09
1.2517494e-06
-2.3933469e-09
1.2529292e-06
-2.3592892e-09
1.2540926e-06
-2.3265181e-09
1.2552401e-06
-2.2949336e-09
1.2563726e-06
-2.2645255e-09
1.2574903e-06
-2.2352173e-09
1.258594e-06
-2.20694e-09
1.259684e-06
-2.1796951e-09
1.2607609e-06
-2.1533508e-09
1.2618251e-06
-2.1279294e-09
1.262877e-06
-2.1032998e-09
1.263917e-06
-2.0795161e-09
1.2649455e-06
-2.0564741e-09
1.2659629e-06
-2.034183e-09
1.2669695e-06
-2.0125679e-09
1.2679656e-06
-1.9916366e-09
1.2689516e-06
-1.9713471e-09
1.2699278e-06
-1.9516175e-09
1.2708944e-06
-1.9325292e-09
1.2718518e-06
-1.9139472e-09
1.2728001e-06
-1.8958883e-09
1.2737398e-06
-1.8784991e-09
1.2746709e-06
-1.8614594e-09
1.2755939e-06
-1.8451751e-09
1.276509e-06
-1.8291728e-09
1.2774163e-06
-1.8136834e-09
1.2783161e-06
-1.7985178e-09
1.2792085e-06
-1.7836506e-09
1.2800937e-06
-1.7692203e-09
1.2809718e-06
-1.7549864e-09
1.281843e-06
-1.7412591e-09
1.2827076e-06
-1.7276571e-09
1.2835656e-06
-1.7146227e-09
1.2844172e-06
-1.7016633e-09
1.2852626e-06
-1.6892518e-09
1.2861018e-06
-1.6769004e-09
1.2869353e-06
-1.6650556e-09
1.2877629e-06
-1.6533166e-09
1.2885849e-06
-1.64207e-09
1.2894014e-06
-1.6309198e-09
1.2902126e-06
-1.6203425e-09
1.2910187e-06
-1.6099082e-09
1.2918198e-06
-1.5998407e-09
1.2926161e-06
-1.5901254e-09
1.2934078e-06
-1.5806685e-09
1.2941948e-06
-1.5710921e-09
1.2949771e-06
-1.5616615e-09
1.2957548e-06
-1.5522454e-09
1.296528e-06
-1.5431585e-09
1.2972967e-06
-1.5340516e-09
1.2980611e-06
-1.525271e-09
1.2988213e-06
-1.5167108e-09
1.2995773e-06
-1.5081709e-09
1.3003293e-06
-1.5000898e-09
1.3010774e-06
-1.4920092e-09
1.3018215e-06
-1.4840968e-09
1.3025621e-06
-1.4766441e-09
1.303299e-06
-1.4689783e-09
1.3040322e-06
-1.4615833e-09
1.3047623e-06
-1.4549775e-09
1.3054884e-06
-1.44711e-09
1.3062116e-06
-1.4411161e-09
1.3069317e-06
-1.4343624e-09
1.3076483e-06
-1.4274653e-09
1.3083624e-06
-1.4221837e-09
1.3090735e-06
-1.4162094e-09
1.3097818e-06
-1.4103998e-09
1.3104886e-06
-1.4065744e-09
1.3111939e-06
-1.4030177e-09
1.3118966e-06
-1.3978556e-09
1.3125967e-06
-1.3928525e-09
1.3132943e-06
-1.38742e-09
1.3139888e-06
-1.3812671e-09
1.3146817e-06
-1.3769452e-09
1.3153711e-06
-1.3702408e-09
1.3160572e-06
-1.3639521e-09
1.3167409e-06
-1.3580244e-09
1.317421e-06
-1.3517023e-09
1.3180996e-06
-1.3472725e-09
1.3187743e-06
-1.3401773e-09
1.3194472e-06
-1.3363928e-09
1.3201188e-06
-1.3322925e-09
1.3207868e-06
-1.3266486e-09
1.321455e-06
-1.3253199e-09
1.3221204e-06
-1.3200614e-09
1.3227842e-06
-1.3171606e-09
1.3234474e-06
-1.3150627e-09
1.3241083e-06
-1.3105828e-09
1.3247689e-06
-1.3092802e-09
1.3254279e-06
-1.306149e-09
1.3260862e-06
-1.3042261e-09
1.3267434e-06
-1.3012027e-09
1.3273991e-06
-1.2983858e-09
1.3280526e-06
-1.2936505e-09
1.3287033e-06
-1.2885302e-09
1.3293542e-06
-1.2890182e-09
1.3300083e-06
-1.2934764e-09
1.3306609e-06
-1.2904997e-09
1.3313126e-06
-1.2888877e-09
1.3319611e-06
-1.282682e-09
1.3326072e-06
-1.2782935e-09
1.3332537e-06
-1.2770776e-09
1.3338953e-06
-1.2686332e-09
1.3345392e-06
-1.272511e-09
1.3351792e-06
-1.2641181e-09
1.3358176e-06
-1.2622094e-09
1.3364571e-06
-1.2623995e-09
1.3370917e-06
-1.2544707e-09
1.3377281e-06
-1.2575221e-09
1.3383607e-06
-1.2493806e-09
1.3389932e-06
-1.249858e-09
1.3396269e-06
-1.2509651e-09
1.3402571e-06
-1.2441421e-09
1.3408884e-06
-1.2447026e-09
1.341514e-06
-1.2364221e-09
1.342141e-06
-1.2371268e-09
1.3427717e-06
-1.2421446e-09
1.3433957e-06
-1.2347448e-09
1.3440239e-06
-1.2392514e-09
1.3446521e-06
-1.2401915e-09
1.3452856e-06
-1.2500259e-09
1.3459203e-06
-1.2506609e-09
1.3465499e-06
-1.242598e-09
1.3471811e-06
-1.2413901e-09
1.3478027e-06
-1.2297279e-09
1.3484299e-06
-1.236784e-09
1.3490577e-06
-1.2376185e-09
1.3496815e-06
-1.2335395e-09
1.3503097e-06
-1.235454e-09
1.3509334e-06
-1.2269741e-09
1.3515516e-06
-1.2146191e-09
1.3521592e-06
-1.2000965e-09
1.3527631e-06
-1.1956436e-09
1.3533753e-06
-1.2058994e-09
1.3539956e-06
-1.2194832e-09
1.3546031e-06
-1.2025914e-09
1.3552163e-06
-1.214314e-09
1.3558461e-06
-1.2342691e-09
1.3564642e-06
-1.2182513e-09
1.3570807e-06
-1.2198873e-09
1.3576867e-06
-1.1992376e-09
1.3582894e-06
-1.1939116e-09
1.3589017e-06
-1.2036909e-09
1.3595052e-06
-1.1929577e-09
1.3600959e-06
-1.1839245e-09
1.3607108e-06
-1.2071792e-09
1.3613279e-06
-1.2232348e-09
1.3619672e-06
-1.248917e-09
1.362582e-06
-1.2178325e-09
1.3631809e-06
-1.206137e-09
1.3638043e-06
-1.2094081e-09
1.3643852e-06
-1.1780186e-09
1.3650102e-06
-1.198432e-09
1.3655723e-06
-1.1453793e-09
1.3661504e-06
-1.1683476e-09
1.3667531e-06
-1.1688788e-09
1.3673244e-06
-1.1842016e-09
1.3680126e-06
-1.256653e-09
1.3685028e-06
-1.1159433e-09
1.3690207e-06
-1.1010037e-09
1.3697143e-06
-1.1999641e-09
1.3702323e-06
-1.1573604e-09
1.3708628e-06
-1.2052777e-09
1.3713643e-06
-1.0588708e-09
1.3718504e-06
-1.0372827e-09
1.3726054e-06
-1.1803407e-09
1.3730804e-06
-1.1101577e-09
1.3736019e-06
-1.1407781e-09
1.3743289e-06
-1.1571211e-09
1.3747725e-06
-1.0759793e-09
1.3752719e-06
-1.1149472e-09
1.3758599e-06
-1.0392966e-09
1.376197e-06
-9.4611119e-10
1.376696e-06
-1.0442411e-09
1.3773592e-06
-1.0442056e-09
1.3778077e-06
-1.04006e-09
1.3782745e-06
-1.0240075e-09
1.3787529e-06
-8.9736929e-10
1.3791099e-06
-9.055352e-10
1.3795139e-06
-9.3281871e-10
1.3800147e-06
-9.2953334e-10
1.3804356e-06
-9.3826946e-10
1.380933e-06
-9.4255492e-10
1.3814953e-06
-9.087997e-10
1.3819831e-06
-8.546257e-10
1.3824885e-06
-8.8408747e-10
1.3829628e-06
-8.4772811e-10
1.3833878e-06
-8.1303542e-10
1.3838195e-06
-8.6846574e-10
1.3842493e-06
-8.745471e-10
1.3846683e-06
-8.9962171e-10
1.3851826e-06
-9.9608233e-10
1.3857336e-06
-9.8934994e-10
1.3862064e-06
-1.0031078e-09
1.3866725e-06
-1.0050112e-09
1.3871947e-06
-9.6661035e-10
1.3877358e-06
-9.2616004e-10
1.388212e-06
-8.4001694e-10
1.3886509e-06
-8.2392759e-10
1.3891228e-06
-8.5971674e-10
1.3896077e-06
-8.6281338e-10
1.3900212e-06
-8.3185681e-10
1.3904664e-06
-8.3503426e-10
1.3909762e-06
-8.7407681e-10
1.3914541e-06
-8.9061603e-10
1.3919228e-06
-9.3068309e-10
1.3923813e-06
-9.2408881e-10
1.3928749e-06
-9.5399022e-10
1.3933793e-06
-9.7914254e-10
1.3938938e-06
-9.5642694e-10
1.3944088e-06
-9.3826724e-10
1.3948926e-06
-9.302652e-10
1.3953379e-06
-9.3485086e-10
1.3958042e-06
-9.6002095e-10
1.3962943e-06
-9.7112807e-10
1.3968055e-06
-9.4626662e-10
1.3973031e-06
-9.3070396e-10
1.3977401e-06
-8.8815799e-10
1.3982101e-06
-8.8405105e-10
1.3987172e-06
-9.0977137e-10
1.399245e-06
-9.2808117e-10
1.3998718e-06
-9.9241904e-10
1.4004292e-06
-9.6948627e-10
1.4009327e-06
-9.5835562e-10
1.4014712e-06
-1.0119612e-09
1.4019698e-06
-1.0128196e-09
1.4024784e-06
-1.006208e-09
1.4029967e-06
-9.581953e-10
1.4034272e-06
-9.1958219e-10
1.4039268e-06
-9.8212727e-10
1.404497e-06
-9.8515374e-10
1.4049934e-06
-9.3258956e-10
1.4054755e-06
-9.5571506e-10
1.4059586e-06
-9.7195851e-10
1.4063995e-06
-9.64266e-10
1.4068845e-06
-1.0137042e-09
1.4074029e-06
-1.028631e-09
1.4078295e-06
-9.9097619e-10
1.4082805e-06
-9.9110853e-10
1.4087862e-06
-1.0068559e-09
1.4093446e-06
-1.0105916e-09
1.4099042e-06
-9.8946407e-10
1.4103469e-06
-9.368053e-10
1.4108811e-06
-9.8148067e-10
1.411457e-06
-9.7449293e-10
1.4119051e-06
-9.1428465e-10
1.4123878e-06
-9.5144026e-10
1.4128898e-06
-9.2991215e-10
1.4133356e-06
-9.227108e-10
1.4139402e-06
-1.0599117e-09
1.4145996e-06
-1.0727113e-09
1.4151225e-06
-1.0004868e-09
1.4156365e-06
-1.0334902e-09
1.4161682e-06
-1.0506596e-09
1.4166178e-06
-1.0303234e-09
1.4171169e-06
-1.0743286e-09
1.4176837e-06
-1.1075687e-09
1.4181267e-06
-1.039989e-09
1.4186711e-06
-1.0597141e-09
1.4192753e-06
-1.038361e-09
1.4197285e-06
-9.6640562e-10
1.4202307e-06
-1.001597e-09
1.4207774e-06
-9.972565e-10
1.4212117e-06
-9.6180397e-10
1.4217409e-06
-1.0369976e-09
1.4223566e-06
-1.0650618e-09
1.4228062e-06
-1.0052674e-09
1.423396e-06
-1.0981336e-09
1.424068e-06
-1.1233916e-09
1.4245343e-06
-1.0359016e-09
1.4250578e-06
-1.0837984e-09
1.4256597e-06
-1.0846102e-09
1.4261249e-06
-1.0157075e-09
1.4266217e-06
-1.0408714e-09
1.427189e-06
-1.0460246e-09
1.4276164e-06
-9.9422426e-10
1.4281278e-06
-1.0642842e-09
1.4287731e-06
-1.0891426e-09
1.4293068e-06
-1.0492758e-09
1.4298932e-06
-1.0882251e-09
1.4304462e-06
-1.0421832e-09
1.4308972e-06
-1.0558727e-09
1.4314266e-06
-1.1702066e-09
1.4320481e-06
-1.1605561e-09
1.4325202e-06
-1.0809202e-09
1.4330438e-06
-1.1439085e-09
1.4336959e-06
-1.1539907e-09
1.4342344e-06
-1.1019039e-09
1.4348273e-06
-1.130577e-09
1.4354638e-06
-1.1237176e-09
1.435946e-06
-1.0567289e-09
1.4364672e-06
-1.099461e-09
1.4370551e-06
-1.0947527e-09
1.4375389e-06
-1.0346732e-09
1.4380956e-06
-1.1130754e-09
1.4386655e-06
-1.053535e-09
1.4391205e-06
-9.8733643e-10
1.4396545e-06
-1.1246839e-09
1.4402646e-06
-1.1801928e-09
1.4407544e-06
-1.0817236e-09
1.4412508e-06
-1.0830754e-09
1.4418473e-06
-1.1234449e-09
1.4424093e-06
-1.1393961e-09
1.442882e-06
-1.0737766e-09
1.4433899e-06
-1.0236025e-09
1.4439972e-06
-1.0796213e-09
1.4445433e-06
-1.1057533e-09
1.445019e-06
-1.0626535e-09
1.4455372e-06
-1.0126393e-09
1.4461416e-06
-1.0798518e-09
1.4466692e-06
-1.1196977e-09
1.4471163e-06
-1.0323453e-09
1.4475905e-06
-9.7368025e-10
1.4481101e-06
-1.0700942e-09
1.4485914e-06
-1.0861827e-09
1.4490088e-06
-9.6865538e-10
1.4494741e-06
-9.7325215e-10
1.4500057e-06
-1.1206072e-09
1.450521e-06
-1.1039458e-09
1.4510013e-06
-1.0015513e-09
1.4515382e-06
-1.0599019e-09
1.4521207e-06
-1.2264958e-09
1.4526583e-06
-1.1563723e-09
1.4531879e-06
-1.0801364e-09
1.4538422e-06
-1.1398789e-09
1.4544631e-06
-1.1586159e-09
1.4548721e-06
-1.0476833e-09
1.4553351e-06
-1.027848e-09
1.4559829e-06
-1.1325239e-09
1.4565428e-06
-1.0915242e-09
1.4569278e-06
-1.0116605e-09
1.4573959e-06
-9.9636654e-10
1.4580395e-06
-1.1212515e-09
1.4585058e-06
-1.0686927e-09
1.4589731e-06
-1.0427956e-09
1.4596145e-06
-1.1133547e-09
1.4601975e-06
-1.0843988e-09
1.4605591e-06
-9.8828989e-10
1.4610206e-06
-9.5986374e-10
1.461681e-06
-1.0838694e-09
1.4621068e-06
-1.0157324e-09
1.4625659e-06
-1.0214496e-09
1.4632054e-06
-1.0838321e-09
1.4637594e-06
-1.0449672e-09
1.4641399e-06
-9.996608e-10
1.4646096e-06
-9.8108366e-10
1.4652099e-06
-1.0470567e-09
1.4656739e-06
-1.0190884e-09
1.4660868e-06
-9.917307e-10
1.4665875e-06
-9.6988373e-10
1.4671614e-06
-1.0269869e-09
1.467627e-06
-1.0200369e-09
1.468026e-06
-9.7666453e-10
1.4685128e-06
-9.786314e-10
1.4690795e-06
-1.0040426e-09
1.4695657e-06
-9.8216546e-10
1.4699447e-06
-9.4731067e-10
1.4703827e-06
-9.4217034e-10
1.4709129e-06
-9.4930241e-10
1.4714021e-06
-9.4610941e-10
1.4717844e-06
-9.2770236e-10
1.4721998e-06
-9.084844e-10
1.4727042e-06
-9.1563912e-10
1.4731881e-06
-9.2928376e-10
1.4735713e-06
-9.1452979e-10
1.4739789e-06
-8.9243057e-10
1.4744648e-06
-8.9585983e-10
1.4749372e-06
-9.1413366e-10
1.4753284e-06
-9.0883212e-10
1.4757138e-06
-8.7157259e-10
1.4761555e-06
-8.7175023e-10
1.4766317e-06
-8.9789109e-10
1.4770671e-06
-9.0667207e-10
1.4774216e-06
-8.5781648e-10
1.4777796e-06
-8.3196694e-10
1.4782294e-06
-8.4772944e-10
1.4787022e-06
-8.8037577e-10
1.4790587e-06
-8.3609741e-10
1.479377e-06
-7.9239104e-10
1.4797776e-06
-7.9702867e-10
1.4802169e-06
-8.242762e-10
1.4805658e-06
-7.8785334e-10
1.4808729e-06
-7.4753581e-10
1.4812306e-06
-7.4789952e-10
1.4816079e-06
-7.5327211e-10
1.4819279e-06
-7.1741768e-10
1.4822204e-06
-6.868266e-10
1.4825328e-06
-6.8079675e-10
1.4828473e-06
-6.7092376e-10
1.4831308e-06
-6.407932e-10
1.4834008e-06
-6.1812644e-10
1.4836659e-06
-5.9877969e-10
1.4839225e-06
-5.7799632e-10
1.4841612e-06
-5.503118e-10
1.4843873e-06
-5.2460836e-10
1.4845985e-06
-4.9619464e-10
1.484796e-06
-4.6787862e-10
1.484976e-06
-4.3609871e-10
1.48514e-06
-4.0461989e-10
1.4852856e-06
-3.7042414e-10
1.4854135e-06
-3.3654235e-10
1.4855222e-06
-3.0039837e-10
1.4856122e-06
-2.6516878e-10
1.4856821e-06
-2.2748248e-10
1.4857306e-06
-1.8955371e-10
1.4857589e-06
-1.5204282e-10
1.4857664e-06
-1.1240875e-10
1.4857554e-06
-7.6731066e-11
1.4857244e-06
-4.0845105e-11
1.4856743e-06
-4.2752468e-12
1.4856048e-06
3.2364333e-11
1.4855157e-06
6.8253847e-11
1.4854076e-06
1.0393864e-10
1.4852792e-06
1.40846e-10
1.485132e-06
1.7551782e-10
1.4849651e-06
2.1090507e-10
1.4847773e-06
2.4872149e-10
1.4845725e-06
2.7884672e-10
1.4843478e-06
3.1428948e-10
1.4841011e-06
3.5214853e-10
1.4838413e-06
3.7493875e-10
1.4835617e-06
4.0912962e-10
1.4832643e-06
4.3936454e-10
1.4829522e-06
4.6404747e-10
1.4826248e-06
4.8956039e-10
1.4822831e-06
5.1297677e-10
1.4819285e-06
5.3355231e-10
1.4815623e-06
5.523817e-10
1.4811856e-06
5.6876726e-10
1.4808001e-06
5.8250516e-10
1.4804071e-06
5.9392624e-10
1.4800081e-06
6.0295724e-10
1.4796046e-06
6.0993921e-10
1.4791975e-06
6.1504268e-10
1.4787881e-06
6.1850658e-10
1.4783774e-06
6.2062488e-10
1.4779662e-06
6.213785e-10
1.4775556e-06
6.2090288e-10
1.4771459e-06
6.1926952e-10
1.4767391e-06
6.1590866e-10
1.4763347e-06
6.1176708e-10
1.4759356e-06
6.0414118e-10
1.4755416e-06
5.9706151e-10
1.4751543e-06
5.840266e-10
1.4747765e-06
5.7182792e-10
1.4744073e-06
5.5471672e-10
1.474051e-06
5.314309e-10
1.4737103e-06
5.1430593e-10
1.473376e-06
4.791656e-10
1.4730765e-06
4.5228532e-10
1.4727667e-06
4.288685e-10
1.4725095e-06
3.5888492e-10
1.4722648e-06
3.6179548e-10
1.4720181e-06
2.6152458e-10
1.4718624e-06
2.465077e-10
1.4716364e-06
2.1647262e-10
1.4715313e-06
4.2118309e-11
1.4714653e-06
1.0550538e-10
1.4713526e-06
-9.9532826e-11
1.4713198e-06
-1.0250467e-10
1.471408e-06
-1.6299095e-10
1.4714536e-06
-3.8725867e-10
1.4716131e-06
-3.0883607e-10
1.4719712e-06
-5.4959459e-10
1.4719682e-06
-4.2967718e-10
1.4720618e-06
-6.314882e-10
1.4726951e-06
-1.2709824e-09
1.4733245e-06
-1.54796e-09
1.4742043e-06
-1.9015345e-09
1.4752193e-06
-1.9806032e-09
1.4762302e-06
-1.9277109e-09
1.477232e-06
-2.0009425e-09
1.4781144e-06
-1.9874613e-09
1.4790431e-06
-2.0500526e-09
1.4800172e-06
-2.1671194e-09
1.4810957e-06
-2.2215207e-09
1.4824156e-06
-2.2742443e-09
1.4836328e-06
-2.3068663e-09
1.4847002e-06
-2.2544189e-09
1.4860205e-06
-2.3935192e-09
1.4873747e-06
-2.4244269e-09
1.4885339e-06
-2.2883171e-09
1.489822e-06
-2.4404732e-09
1.4911651e-06
-2.5122153e-09
1.4924257e-06
-2.4277984e-09
1.4937488e-06
-2.5134641e-09
1.4951032e-06
-2.6753444e-09
1.4963882e-06
-2.6790294e-09
1.4978244e-06
-2.7949167e-09
1.4994575e-06
-2.9589078e-09
1.5008915e-06
-2.9395819e-09
1.5022595e-06
-2.9417988e-09
1.5039374e-06
-3.1447072e-09
1.5057162e-06
-3.1968299e-09
1.5072232e-06
-3.1554972e-09
1.5087193e-06
-3.1300567e-09
1.510588e-06
-3.311448e-09
1.5123497e-06
-3.2951677e-09
1.5139442e-06
-3.2794558e-09
1.5156915e-06
-3.3470249e-09
1.5176144e-06
-3.4216292e-09
1.5194016e-06
-3.4464924e-09
1.5211236e-06
-3.4404004e-09
1.5230265e-06
-3.4320702e-09
1.5248746e-06
-3.4039904e-09
1.5265861e-06
-3.3854883e-09
1.528416e-06
-3.4127781e-09
1.5302823e-06
-3.3619698e-09
1.532129e-06
-3.3809502e-09
1.5339431e-06
-3.3974623e-09
1.5357118e-06
-3.229975e-09
1.5376422e-06
-3.338243e-09
1.5395661e-06
-3.4866079e-09
1.5412794e-06
-3.2673997e-09
1.5429763e-06
-3.0742093e-09
1.5448597e-06
-3.2213925e-09
1.5465291e-06
-3.1597236e-09
1.5480182e-06
-2.9768756e-09
1.5497297e-06
-3.0286254e-09
1.5514352e-06
-3.0950633e-09
1.5530523e-06
-3.0356739e-09
1.5547689e-06
-2.9944451e-09
1.5561959e-06
-2.8931462e-09
1.5576214e-06
-2.9065528e-09
1.5592639e-06
-2.8351708e-09
1.5609557e-06
-2.7872993e-09
1.5625518e-06
-2.7210487e-09
1.5639929e-06
-2.6060993e-09
1.5651137e-06
-2.4898061e-09
1.5660116e-06
-2.1556961e-09
1.5664488e-06
-1.3138348e-09
1.5669012e-06
-7.2965145e-10
1.5672185e-06
-3.8103032e-10
1.5667437e-06
3.2864556e-10
1.5662699e-06
6.4488548e-10
1.565791e-06
1.0821135e-09
1.5648027e-06
1.6304278e-09
1.5636531e-06
2.0546538e-09
1.562242e-06
2.4679658e-09
1.5606323e-06
2.8105984e-09
1.5588565e-06
3.1244376e-09
1.5568906e-06
3.4227963e-09
1.5547555e-06
3.7142946e-09
1.5524438e-06
4.0069348e-09
1.5499605e-06
4.2956505e-09
1.5473084e-06
4.5765822e-09
1.5444915e-06
4.851362e-09
1.5415128e-06
5.1229172e-09
1.5383779e-06
5.3827165e-09
1.5350934e-06
5.6294636e-09
1.5316638e-06
5.8656422e-09
1.5280932e-06
6.0923706e-09
1.5243852e-06
6.3096355e-09
1.520547e-06
6.5165762e-09
1.5165865e-06
6.7146746e-09
1.5124906e-06
6.9056996e-09
1.5082677e-06
7.0933823e-09
1.5039501e-06
7.2706481e-09
1.4995211e-06
7.4491453e-09
1.4949702e-06
7.615339e-09
1.490308e-06
7.7780613e-09
1.4855381e-06
7.9324058e-09
1.4806659e-06
8.0770257e-09
1.4756978e-06
8.2148679e-09
1.4706377e-06
8.3428215e-09
1.4654933e-06
8.4649994e-09
1.4602737e-06
8.5821195e-09
1.4549759e-06
8.6955922e-09
1.4496076e-06
8.8013614e-09
1.444169e-06
8.9013783e-09
1.4386565e-06
8.9903396e-09
1.4330791e-06
9.0687724e-09
1.4274492e-06
9.1369099e-09
1.421775e-06
9.1936423e-09
1.4160617e-06
9.2381964e-09
1.410317e-06
9.2690606e-09
1.4045491e-06
9.2857304e-09
1.3987662e-06
9.2875676e-09
1.3929772e-06
9.2738399e-09
1.387191e-06
9.2436236e-09
1.381417e-06
9.1962256e-09
1.3756647e-06
9.1310288e-09
1.369944e-06
9.04789e-09
1.3642642e-06
8.9470649e-09
1.3586341e-06
8.8286232e-09
1.3530624e-06
8.6931733e-09
1.3475573e-06
8.541797e-09
1.3421262e-06
8.3766314e-09
1.3367759e-06
8.1993665e-09
1.3315117e-06
8.0120457e-09
1.3263381e-06
7.8165026e-09
1.3212584e-06
7.6148643e-09
1.3162753e-06
7.4082092e-09
1.3113911e-06
7.1983717e-09
1.306607e-06
6.9858599e-09
1.3019246e-06
6.7718724e-09
1.2973447e-06
6.5564176e-09
1.2928687e-06
6.3394938e-09
1.2884969e-06
6.1220002e-09
1.2842321e-06
5.9016032e-09
1.2800733e-06
5.6815832e-09
1.2760251e-06
5.4563474e-09
1.2720859e-06
5.2326183e-09
1.2682586e-06
5.0035043e-09
1.2645493e-06
4.7655702e-09
1.2609547e-06
4.5420334e-09
1.2574679e-06
4.2959765e-09
1.2541301e-06
4.0372483e-09
1.2508963e-06
3.8012247e-09
1.2478035e-06
3.5473917e-09
1.2447994e-06
3.2664746e-09
1.2419467e-06
2.9368024e-09
1.2394422e-06
2.7341058e-09
1.2370671e-06
2.4245548e-09
1.2346176e-06
1.6268054e-09
1.2327488e-06
3.0313263e-10
1.2315355e-06
-6.0871352e-10
1.2305565e-06
-8.137726e-10
1.2297648e-06
-9.5183461e-10
1.2290732e-06
-1.0878938e-09
1.22858e-06
-1.1302408e-09
1.2281732e-06
-9.7681552e-10
1.2273836e-06
-9.8057207e-10
1.2266914e-06
-1.1354659e-09
1.2260539e-06
-1.0891652e-09
1.2255019e-06
-1.1808527e-09
1.2252727e-06
-1.3980319e-09
1.2249668e-06
-1.530513e-09
1.2246136e-06
-1.6661077e-09
1.224433e-06
-1.7138877e-09
1.2245216e-06
-1.7909318e-09
1.2245576e-06
-1.9937625e-09
1.2245938e-06
-2.1293642e-09
1.2248142e-06
-2.2812174e-09
1.2252067e-06
-2.4707956e-09
1.2256928e-06
-2.681765e-09
1.2263018e-06
-2.8827669e-09
1.2270544e-06
-3.10455e-09
1.2279471e-06
-3.3209608e-09
1.2289945e-06
-3.5564423e-09
1.2301898e-06
-3.7816226e-09
1.231544e-06
-4.02436e-09
1.2330499e-06
-4.2567372e-09
1.2347148e-06
-4.4956363e-09
1.2365292e-06
-4.7198174e-09
1.2384915e-06
-4.9531446e-09
1.2406223e-06
-5.1842055e-09
1.2429483e-06
-5.4291713e-09
1.2454417e-06
-5.6561342e-09
1.2480759e-06
-5.8720633e-09
1.2508706e-06
-6.0851426e-09
1.2538252e-06
-6.2941492e-09
1.2569331e-06
-6.4960588e-09
1.260186e-06
-6.6862595e-09
1.2635827e-06
-6.8709261e-09
1.2671275e-06
-7.0523827e-09
1.2708307e-06
-7.2286159e-09
1.274677e-06
-7.3972641e-09
1.2786627e-06
-7.5548758e-09
1.2827872e-06
-7.7012325e-09
1.2870451e-06
-7.8353772e-09
1.2914307e-06
-7.9557467e-09
1.2959366e-06
-8.0605704e-09
1.3005573e-06
-8.151988e-09
1.3052856e-06
-8.2283544e-09
1.3101164e-06
-8.2934308e-09
1.3150403e-06
-8.3401823e-09
1.320048e-06
-8.3682092e-09
1.3251286e-06
-8.3749661e-09
1.330273e-06
-8.3631111e-09
1.3354704e-06
-8.3339673e-09
1.3407069e-06
-8.2779232e-09
1.3459744e-06
-8.2137772e-09
1.3512541e-06
-8.1114337e-09
1.3565445e-06
-8.0176914e-09
1.3618156e-06
-7.8602103e-09
1.3670838e-06
-7.7569622e-09
1.3722917e-06
-7.5232984e-09
1.3775004e-06
-7.4429405e-09
1.3825881e-06
-7.1126407e-09
1.3876896e-06
-7.0639716e-09
1.3926072e-06
-6.6297892e-09
1.3975334e-06
-6.6301324e-09
1.4022148e-06
-6.0374492e-09
1.4070565e-06
-6.3125696e-09
1.411732e-06
-5.5105582e-09
-5.4662364e-09
1.208868e-06
-4.0395864e-10
1.2092174e-06
-9.7314334e-10
1.2097972e-06
-1.6725634e-09
1.2105643e-06
-2.214978e-09
1.2115135e-06
-2.7441724e-09
1.2126194e-06
-3.2125378e-09
1.2138556e-06
-3.5995624e-09
1.215199e-06
-3.9249035e-09
1.2166263e-06
-4.1831161e-09
1.2181166e-06
-4.3806416e-09
1.2196513e-06
-4.524614e-09
1.2212161e-06
-4.6228505e-09
1.2227957e-06
-4.6804711e-09
1.2243798e-06
-4.705055e-09
1.2259631e-06
-4.7067887e-09
1.2275369e-06
-4.6867616e-09
1.2290964e-06
-4.650766e-09
1.2306381e-06
-4.6027773e-09
1.2321595e-06
-4.5462927e-09
1.2336588e-06
-4.4837387e-09
1.235135e-06
-4.4172688e-09
1.2365875e-06
-4.3484611e-09
1.2380161e-06
-4.2785562e-09
1.2394209e-06
-4.2085553e-09
1.2408022e-06
-4.1391433e-09
1.2421604e-06
-4.0708632e-09
1.2434962e-06
-4.0041104e-09
1.2448102e-06
-3.9391188e-09
1.246103e-06
-3.8760413e-09
1.2473754e-06
-3.8150136e-09
1.2486281e-06
-3.7559817e-09
1.2498618e-06
-3.6990175e-09
1.2510771e-06
-3.6440126e-09
1.2522749e-06
-3.5910985e-09
1.2534556e-06
-3.5400176e-09
1.2546199e-06
-3.4909289e-09
1.2557686e-06
-3.4435628e-09
1.2569021e-06
-3.3980352e-09
1.258021e-06
-3.3541081e-09
1.2591259e-06
-3.3118344e-09
1.2602172e-06
-3.2710261e-09
1.2612954e-06
-3.2316465e-09
1.2623611e-06
-3.1935521e-09
1.2634145e-06
-3.1567242e-09
1.264456e-06
-3.1211136e-09
1.2654862e-06
-3.0866305e-09
1.2665053e-06
-3.0532616e-09
1.2675136e-06
-3.0209875e-09
1.2685116e-06
-2.989673e-09
1.2694996e-06
-2.9593639e-09
1.2704779e-06
-2.9298817e-09
1.2714467e-06
-2.9013942e-09
1.2724063e-06
-2.8735543e-09
1.2733571e-06
-2.8467273e-09
1.2742994e-06
-2.8207272e-09
1.2752331e-06
-2.7952369e-09
1.2761589e-06
-2.7709843e-09
1.2770767e-06
-2.7470617e-09
1.2779871e-06
-2.7240512e-09
1.27889e-06
-2.7014941e-09
1.2797858e-06
-2.6794211e-09
1.2806745e-06
-2.6579361e-09
1.2815563e-06
-2.6368023e-09
1.2824314e-06
-2.6164626e-09
1.2833e-06
-2.5962952e-09
1.2841624e-06
-2.5770062e-09
1.2850185e-06
-2.5577878e-09
1.2858687e-06
-2.5394375e-09
1.2867129e-06
-2.5211775e-09
1.2875516e-06
-2.5037568e-09
1.2883846e-06
-2.4863431e-09
1.2892124e-06
-2.4699047e-09
1.2900348e-06
-2.4533628e-09
1.2908524e-06
-2.4379458e-09
1.291665e-06
-2.4225746e-09
1.2924732e-06
-2.4079996e-09
1.2932769e-06
-2.3938411e-09
1.2940764e-06
-2.380236e-09
1.2948715e-06
-2.3661961e-09
1.2956621e-06
-2.3523721e-09
1.2964485e-06
-2.3387083e-09
1.2972308e-06
-2.3254594e-09
1.2980089e-06
-2.3122344e-09
1.2987831e-06
-2.2994859e-09
1.2995535e-06
-2.2870985e-09
1.3003201e-06
-2.2748261e-09
1.3010831e-06
-2.2631461e-09
1.3018427e-06
-2.2516589e-09
1.3025987e-06
-2.2400983e-09
1.3033517e-06
-2.2296582e-09
1.3041013e-06
-2.2186795e-09
1.3048475e-06
-2.207861e-09
1.3055916e-06
-2.1991315e-09
1.3063316e-06
-2.18711e-09
1.3070696e-06
-2.1791267e-09
1.3078048e-06
-2.1696542e-09
1.3085364e-06
-2.1591422e-09
1.3092668e-06
-2.1526398e-09
1.3099944e-06
-2.1438118e-09
1.3107195e-06
-2.1355184e-09
1.311444e-06
-2.1311459e-09
1.3121678e-06
-2.1267783e-09
1.3128893e-06
-2.1194189e-09
1.313609e-06
-2.1126016e-09
1.3143266e-06
-2.1050948e-09
1.3150418e-06
-2.0965101e-09
1.3157562e-06
-2.0914257e-09
1.3164674e-06
-2.0815341e-09
1.317175e-06
-2.0716491e-09
1.3178812e-06
-2.0642759e-09
1.3185837e-06
-2.0542745e-09
1.3192853e-06
-2.0489654e-09
1.3199832e-06
-2.0381496e-09
1.3206797e-06
-2.0329138e-09
1.321376e-06
-2.0286555e-09
1.3220681e-06
-2.0188224e-09
1.3227622e-06
-2.0194064e-09
1.323453e-06
-2.0109723e-09
1.324143e-06
-2.0071247e-09
1.3248333e-06
-2.0055388e-09
1.3255205e-06
-1.9978468e-09
1.326209e-06
-1.9978499e-09
1.3268973e-06
-1.9945281e-09
1.3275847e-06
-1.9917761e-09
1.3282702e-06
-1.9868649e-09
1.3289564e-06
-1.9847586e-09
1.3296409e-06
-1.9782509e-09
1.33032e-06
-1.9676647e-09
1.331e-06
-1.96914e-09
1.3316872e-06
-1.9806481e-09
1.3323705e-06
-1.9738553e-09
1.3330551e-06
-1.9736013e-09
1.3337357e-06
-1.9634805e-09
1.3344122e-06
-1.9549882e-09
1.3350962e-06
-1.9613653e-09
1.3357683e-06
-1.9407875e-09
1.3364469e-06
-1.9511086e-09
1.3371208e-06
-1.9381075e-09
1.3377873e-06
-1.9286546e-09
1.3384617e-06
-1.9367392e-09
1.3391261e-06
-1.9188304e-09
1.3397985e-06
-1.9300046e-09
1.3404644e-06
-1.91549e-09
1.3411297e-06
-1.9153235e-09
1.3417999e-06
-1.9213187e-09
1.3424609e-06
-1.9054336e-09
1.3431322e-06
-1.9162107e-09
1.3437901e-06
-1.8945188e-09
1.3444477e-06
-1.8949082e-09
1.3451201e-06
-1.914795e-09
1.3457813e-06
-1.8960957e-09
1.3464434e-06
-1.9014399e-09
1.3471019e-06
-1.8987039e-09
1.3477696e-06
-1.9179249e-09
1.3484434e-06
-1.9247524e-09
1.3491073e-06
-1.906904e-09
1.3497804e-06
-1.9149273e-09
1.350429e-06
-1.8786381e-09
1.3510958e-06
-1.9037243e-09
1.3517602e-06
-1.9021518e-09
1.3524119e-06
-1.8854576e-09
1.3530791e-06
-1.903238e-09
1.3537379e-06
-1.886487e-09
1.3543956e-06
-1.8732838e-09
1.3550212e-06
-1.8263129e-09
1.3556777e-06
-1.8523814e-09
1.356331e-06
-1.8592989e-09
1.3569597e-06
-1.8481554e-09
1.3576314e-06
-1.874175e-09
1.3582559e-06
-1.8388544e-09
1.3589234e-06
-1.9019182e-09
1.3595844e-06
-1.8796622e-09
1.3601638e-06
-1.7996635e-09
1.3608528e-06
-1.8883699e-09
1.3615005e-06
-1.8416904e-09
1.3620888e-06
-1.7922042e-09
1.3627361e-06
-1.8406139e-09
1.3633872e-06
-1.8355233e-09
1.3640254e-06
-1.8455535e-09
1.3646606e-06
-1.8581745e-09
1.3652338e-06
-1.8220749e-09
1.3658277e-06
-1.812106e-09
1.3665057e-06
-1.8845374e-09
1.3671833e-06
-1.8873836e-09
1.3677937e-06
-1.7886417e-09
1.3683852e-06
-1.7903714e-09
1.3690665e-06
-1.8272086e-09
1.3696597e-06
-1.762178e-09
1.3702339e-06
-1.7437314e-09
1.3708351e-06
-1.7860193e-09
1.3713251e-06
-1.7474697e-09
1.3719375e-06
-1.7293473e-09
1.3726354e-06
-1.7999735e-09
1.373203e-06
-1.7688935e-09
1.373766e-06
-1.7216819e-09
1.3742611e-06
-1.7012178e-09
1.3749154e-06
-1.7140644e-09
1.3756709e-06
-1.794044e-09
1.3762319e-06
-1.7429183e-09
1.376779e-06
-1.6589885e-09
1.3773154e-06
-1.6790507e-09
1.3778577e-06
-1.7010744e-09
1.3784351e-06
-1.6547292e-09
1.3789182e-06
-1.5989965e-09
1.3794571e-06
-1.579024e-09
1.3800818e-06
-1.5716428e-09
1.3806246e-06
-1.5880297e-09
1.3810995e-06
-1.5207879e-09
1.3815635e-06
-1.5064598e-09
1.382075e-06
-1.5390569e-09
1.3826974e-06
-1.5235555e-09
1.383301e-06
-1.5122201e-09
1.383853e-06
-1.4865629e-09
1.3844092e-06
-1.4860375e-09
1.384971e-06
-1.5001467e-09
1.3855125e-06
-1.4851507e-09
1.3860632e-06
-1.4620394e-09
1.3866202e-06
-1.4148034e-09
1.3871306e-06
-1.3972214e-09
1.3876607e-06
-1.3796058e-09
1.3882445e-06
-1.3977393e-09
1.3888167e-06
-1.4405321e-09
1.3894384e-06
-1.4959314e-09
1.3900555e-06
-1.5163981e-09
1.390591e-06
-1.5311157e-09
1.3911405e-06
-1.5383947e-09
1.3916967e-06
-1.5593051e-09
1.3922512e-06
-1.5603279e-09
1.392803e-06
-1.5203554e-09
1.3933757e-06
-1.5028383e-09
1.3939586e-06
-1.4286079e-09
1.3945227e-06
-1.3950205e-09
1.3950937e-06
-1.4380301e-09
1.3956823e-06
-1.4575501e-09
1.3962969e-06
-1.4506916e-09
1.3968999e-06
-1.4401369e-09
1.3974989e-06
-1.473734e-09
1.39808e-06
-1.4719932e-09
1.3986347e-06
-1.4857382e-09
1.3992293e-06
-1.5190897e-09
1.3997939e-06
-1.5189192e-09
1.4003121e-06
-1.4972206e-09
1.400852e-06
-1.4962138e-09
1.4013885e-06
-1.4753523e-09
1.4019158e-06
-1.4591404e-09
1.4025047e-06
-1.5256494e-09
1.4030753e-06
-1.5329582e-09
1.4035626e-06
-1.4623747e-09
1.4040902e-06
-1.4795103e-09
1.404658e-06
-1.5053256e-09
1.4052708e-06
-1.5082771e-09
1.4059382e-06
-1.5590871e-09
1.4066237e-06
-1.6039894e-09
1.4072857e-06
-1.600081e-09
1.4078609e-06
-1.5783188e-09
1.4084922e-06
-1.6122934e-09
1.4091167e-06
-1.5949113e-09
1.4096603e-06
-1.566816e-09
1.4101848e-06
-1.5476127e-09
1.4106875e-06
-1.5181327e-09
1.4112699e-06
-1.5486319e-09
1.4118627e-06
-1.5196462e-09
1.4123382e-06
-1.4645818e-09
1.4128658e-06
-1.5188499e-09
1.4134676e-06
-1.5394139e-09
1.4140205e-06
-1.5131461e-09
1.4146085e-06
-1.5653345e-09
1.4152211e-06
-1.5833557e-09
1.4157883e-06
-1.5884036e-09
1.4163641e-06
-1.6127735e-09
1.4169301e-06
-1.5661046e-09
1.4174982e-06
-1.5686892e-09
1.4180749e-06
-1.5924191e-09
1.4186186e-06
-1.5621828e-09
1.4191719e-06
-1.5498642e-09
1.4197551e-06
-1.5254487e-09
1.4202918e-06
-1.5211978e-09
1.4208508e-06
-1.5342834e-09
1.4214382e-06
-1.5011934e-09
1.4219826e-06
-1.4950934e-09
1.4226104e-06
-1.5582811e-09
1.4233082e-06
-1.6224786e-09
1.4238691e-06
-1.6242687e-09
1.4244023e-06
-1.6103194e-09
1.4249833e-06
-1.5864474e-09
1.4255332e-06
-1.5898172e-09
1.4260886e-06
-1.614509e-09
1.4266587e-06
-1.6102173e-09
1.427186e-06
-1.6117383e-09
1.4277184e-06
-1.6502493e-09
1.4282875e-06
-1.6189312e-09
1.4288029e-06
-1.5840182e-09
1.4293725e-06
-1.6157879e-09
1.4299886e-06
-1.5893304e-09
1.4305361e-06
-1.5555517e-09
1.4311184e-06
-1.5865949e-09
1.4317299e-06
-1.5811379e-09
1.4322654e-06
-1.5806032e-09
1.4328193e-06
-1.6282087e-09
1.4334338e-06
-1.6291204e-09
1.4339774e-06
-1.6512103e-09
1.4345191e-06
-1.6750792e-09
1.4350905e-06
-1.6176425e-09
1.4356245e-06
-1.6280302e-09
1.4362047e-06
-1.6753154e-09
1.4367891e-06
-1.6105721e-09
1.4373232e-06
-1.5857493e-09
1.43793e-06
-1.6637443e-09
1.4385696e-06
-1.6455268e-09
1.4391037e-06
-1.6101689e-09
1.4396937e-06
-1.6901471e-09
1.4403238e-06
-1.6890351e-09
1.4408613e-06
-1.6361459e-09
1.4414859e-06
-1.6784343e-09
1.4421458e-06
-1.7283441e-09
1.4426394e-06
-1.6767694e-09
1.4431556e-06
-1.6898509e-09
1.4437516e-06
-1.6899309e-09
1.4442812e-06
-1.6853186e-09
1.4448598e-06
-1.7428237e-09
1.4454986e-06
-1.7497164e-09
1.4460604e-06
-1.7011574e-09
1.4466227e-06
-1.6946697e-09
1.4471701e-06
-1.6125932e-09
1.4476486e-06
-1.5867583e-09
1.4482502e-06
-1.7056712e-09
1.4489036e-06
-1.6978161e-09
1.449397e-06
-1.6160042e-09
1.4499803e-06
-1.6463169e-09
1.4506669e-06
-1.6829764e-09
1.4511841e-06
-1.6508839e-09
1.4516282e-06
-1.6329134e-09
1.452185e-06
-1.6464869e-09
1.4528397e-06
-1.7457036e-09
1.453402e-06
-1.6947244e-09
1.4538763e-06
-1.623345e-09
1.4544209e-06
-1.6285773e-09
1.4551008e-06
-1.7147035e-09
1.4556722e-06
-1.6632811e-09
1.456147e-06
-1.5936705e-09
1.4566581e-06
-1.5878783e-09
1.4573005e-06
-1.6702026e-09
1.4578372e-06
-1.6327633e-09
1.4582722e-06
-1.5722961e-09
1.458795e-06
-1.5737927e-09
1.4594375e-06
-1.6357982e-09
1.4599065e-06
-1.5593873e-09
1.4603249e-06
-1.5258146e-09
1.4609166e-06
-1.5821735e-09
1.4615362e-06
-1.6152866e-09
1.4619448e-06
-1.5524551e-09
1.4623804e-06
-1.5636772e-09
1.4630282e-06
-1.6745094e-09
1.463635e-06
-1.6927624e-09
1.4640154e-06
-1.6340844e-09
1.4644853e-06
-1.65495e-09
1.4651619e-06
-1.7871655e-09
1.4656963e-06
-1.7062445e-09
1.4661503e-06
-1.6461374e-09
1.4666537e-06
-1.5852586e-09
1.4672507e-06
-1.659592e-09
1.4677315e-06
-1.6482895e-09
1.4681917e-06
-1.5868404e-09
1.4686772e-06
-1.5321935e-09
1.4692584e-06
-1.6118378e-09
1.4697633e-06
-1.6591426e-09
1.4702355e-06
-1.5723454e-09
1.4707489e-06
-1.5858546e-09
1.4712682e-06
-1.6606481e-09
1.4717622e-06
-1.6054105e-09
1.4722564e-06
-1.508742e-09
1.4727999e-06
-1.5288975e-09
1.4733007e-06
-1.6093291e-09
1.473775e-06
-1.5138988e-09
1.4742487e-06
-1.5177579e-09
1.474762e-06
-1.6182988e-09
1.4752738e-06
-1.5773067e-09
1.47575e-06
-1.4960424e-09
1.4763101e-06
-1.5615598e-09
1.4768586e-06
-1.6165522e-09
1.4773631e-06
-1.5451462e-09
1.4778531e-06
-1.5042039e-09
1.4784284e-06
-1.5685973e-09
1.4789549e-06
-1.5779689e-09
1.4794276e-06
-1.5183308e-09
1.4798908e-06
-1.4664878e-09
1.480388e-06
-1.5033752e-09
1.4808834e-06
-1.5277433e-09
1.4813462e-06
-1.473679e-09
1.4817796e-06
-1.4093389e-09
1.4822394e-06
-1.4302639e-09
1.48273e-06
-1.4674577e-09
1.4831829e-06
-1.4257289e-09
1.4835954e-06
-1.3659949e-09
1.4840478e-06
-1.3858235e-09
1.4845359e-06
-1.4280275e-09
1.4849758e-06
-1.3933645e-09
1.4853766e-06
-1.3397603e-09
1.4858208e-06
-1.361788e-09
1.4862996e-06
-1.4007253e-09
1.4867237e-06
-1.3653194e-09
1.4871113e-06
-1.3248256e-09
1.4875519e-06
-1.3418315e-09
1.4880203e-06
-1.3706445e-09
1.4884325e-06
-1.3413679e-09
1.4887999e-06
-1.3060317e-09
1.4892066e-06
-1.2970403e-09
1.4896626e-06
-1.3209753e-09
1.4900864e-06
-1.3049797e-09
1.4904442e-06
-1.2723875e-09
1.4908058e-06
-1.2328387e-09
1.4912232e-06
-1.2459922e-09
1.491628e-06
-1.2390609e-09
1.4919699e-06
-1.2048988e-09
1.4923048e-06
-1.162868e-09
1.4926771e-06
-1.1615024e-09
1.4930272e-06
-1.141057e-09
1.4933364e-06
-1.1067405e-09
1.4936497e-06
-1.0763066e-09
1.493975e-06
-1.0588144e-09
1.4942728e-06
-1.0260353e-09
1.4945484e-06
-9.947585e-10
1.4948242e-06
-9.6540864e-10
1.4950954e-06
-9.3846797e-10
1.4953479e-06
-9.0088959e-10
1.4955865e-06
-8.6642427e-10
1.4958131e-06
-8.2714191e-10
1.4960274e-06
-7.8943563e-10
1.4962252e-06
-7.4490103e-10
1.4964075e-06
-7.018981e-10
1.4965722e-06
-6.5336403e-10
1.49672e-06
-6.0607919e-10
1.4968484e-06
-5.5384364e-10
1.4969576e-06
-5.0226623e-10
1.4970457e-06
-4.4667736e-10
1.4971122e-06
-3.9174397e-10
1.4971573e-06
-3.3467362e-10
1.4971815e-06
-2.7751446e-10
1.4971855e-06
-2.2180968e-10
1.4971705e-06
-1.6492541e-10
1.497135e-06
-1.1058265e-10
1.4970785e-06
-5.5237592e-11
1.4970022e-06
-6.6036066e-13
1.4969053e-06
5.4982241e-11
1.4967888e-06
1.0879964e-10
1.4966514e-06
1.6345014e-10
1.4964935e-06
2.1902169e-10
1.496315e-06
2.7208502e-10
1.4961155e-06
3.2615688e-10
1.4958938e-06
3.8372905e-10
1.4956535e-06
4.2977044e-10
1.4953908e-06
4.8461368e-10
1.4951058e-06
5.418519e-10
1.4948058e-06
5.7670535e-10
1.4944843e-06
6.2905636e-10
1.4941439e-06
6.7518258e-10
1.4937869e-06
7.1309403e-10
1.4934134e-06
7.521046e-10
1.4930248e-06
7.876011e-10
1.4926227e-06
8.1871798e-10
1.4922083e-06
8.4713259e-10
1.4917834e-06
8.7158325e-10
1.4913498e-06
8.9200958e-10
1.4909091e-06
9.0881747e-10
1.490463e-06
9.2179464e-10
1.4900131e-06
9.3165164e-10
1.4895609e-06
9.3854391e-10
1.4891073e-06
9.4321617e-10
1.4886537e-06
9.4567998e-10
1.4882006e-06
9.4651398e-10
1.4877495e-06
9.4510932e-10
1.4873007e-06
9.4267083e-10
1.4868558e-06
9.3710106e-10
1.4864152e-06
9.3066888e-10
1.48598e-06
9.1987173e-10
1.4855525e-06
9.0759888e-10
1.4851314e-06
8.908807e-10
1.4847222e-06
8.6941521e-10
1.4843236e-06
8.4459728e-10
1.4839326e-06
8.1640428e-10
1.4835692e-06
7.7461504e-10
1.4832003e-06
7.4766593e-10
1.4828717e-06
6.8309225e-10
1.4825592e-06
6.4627903e-10
1.4822318e-06
5.9358785e-10
1.4820079e-06
4.9538063e-10
1.4816907e-06
4.909535e-10
1.4815467e-06
3.0461944e-10
1.4813702e-06
3.0959191e-10
1.4811287e-06
2.0232127e-10
1.4811073e-06
4.7522875e-11
1.480905e-06
2.5244251e-11
1.4808825e-06
-1.5541746e-10
1.4809425e-06
-2.9461678e-10
1.4810282e-06
-5.4216942e-10
1.4811909e-06
-5.3844573e-10
1.4811825e-06
-6.0375216e-10
1.4817682e-06
-1.0714349e-09
1.4819794e-06
-8.8982022e-10
1.4820447e-06
-1.371538e-09
1.4824552e-06
-1.9811801e-09
1.4830403e-06
-2.4964191e-09
1.4839523e-06
-2.8935538e-09
1.4850297e-06
-3.0029561e-09
1.4861387e-06
-3.1091072e-09
1.4873299e-06
-3.1800891e-09
1.488551e-06
-3.2728322e-09
1.4896168e-06
-3.2313787e-09
1.4907118e-06
-3.310948e-09
1.4918233e-06
-3.3780059e-09
1.4929255e-06
-3.3996486e-09
1.4942695e-06
-3.5810888e-09
1.4956062e-06
-3.7005941e-09
1.4968306e-06
-3.6056833e-09
1.4983907e-06
-3.7932653e-09
1.4998558e-06
-3.8385597e-09
1.5011301e-06
-3.7095647e-09
1.5026479e-06
-3.8599981e-09
1.5042401e-06
-4.0100803e-09
1.505745e-06
-4.0757513e-09
1.5073727e-06
-4.1943387e-09
1.5088321e-06
-4.1340886e-09
1.5101164e-06
-4.1158028e-09
1.5116714e-06
-4.3621848e-09
1.5134158e-06
-4.5513411e-09
1.5150542e-06
-4.6468447e-09
1.5166831e-06
-4.687903e-09
1.5184256e-06
-4.7570383e-09
1.5202684e-06
-4.8270414e-09
1.5220245e-06
-4.9162265e-09
1.5237785e-06
-4.8921653e-09
1.5256244e-06
-4.9621911e-09
1.5275578e-06
-5.1111781e-09
1.5294453e-06
-5.1347486e-09
1.5313064e-06
-5.1294293e-09
1.5332223e-06
-5.1749129e-09
1.5352882e-06
-5.3135412e-09
1.5373823e-06
-5.3102451e-09
1.5392514e-06
-5.0627609e-09
1.5412219e-06
-5.187347e-09
1.5433771e-06
-5.3175104e-09
1.545293e-06
-5.0943818e-09
1.5470896e-06
-4.9895332e-09
1.5493404e-06
-5.2757061e-09
1.5513575e-06
-5.1510596e-09
1.5529705e-06
-4.8980655e-09
1.554926e-06
-5.0237552e-09
1.5569316e-06
-4.8825206e-09
1.5585867e-06
-4.6820481e-09
1.5603112e-06
-4.6931437e-09
1.5622236e-06
-4.7026201e-09
1.56397e-06
-4.5942352e-09
1.5656118e-06
-4.5647539e-09
1.5672216e-06
-4.4824584e-09
1.5688031e-06
-4.4193236e-09
1.5705631e-06
-4.5015516e-09
1.5722484e-06
-4.4494768e-09
1.5739106e-06
-4.3726209e-09
1.5756551e-06
-4.426095e-09
1.5770835e-06
-4.0610022e-09
1.5781858e-06
-3.6406167e-09
1.579236e-06
-3.5041041e-09
1.5797792e-06
-2.697067e-09
1.5800803e-06
-1.642718e-09
1.5804425e-06
-1.1493357e-09
1.580196e-06
-2.2984903e-10
1.5797144e-06
6.6572703e-10
1.5790087e-06
1.1524648e-09
1.5779077e-06
1.9394713e-09
1.5767029e-06
2.5528446e-09
1.5752699e-06
3.1661602e-09
1.5736525e-06
3.7255554e-09
1.571855e-06
4.2099177e-09
1.5698446e-06
4.6966937e-09
1.5676396e-06
5.1479372e-09
1.5652405e-06
5.5907683e-09
1.5626577e-06
6.0272956e-09
1.559903e-06
6.4546621e-09
1.5569538e-06
6.8753296e-09
1.5538238e-06
7.2819435e-09
1.5505545e-06
7.675113e-09
1.5471306e-06
8.0547817e-09
1.5435535e-06
8.4195588e-09
1.5398289e-06
8.7686005e-09
1.5359616e-06
9.1046988e-09
1.5319565e-06
9.4277133e-09
1.5278185e-06
9.7369188e-09
1.5235522e-06
1.0034113e-08
1.5191607e-06
1.0321124e-08
1.5146492e-06
1.0600616e-08
1.5100211e-06
1.0867936e-08
1.5052869e-06
1.1126619e-08
1.500445e-06
1.1374444e-08
1.4954991e-06
1.1615333e-08
1.4904506e-06
1.1846897e-08
1.4853033e-06
1.2065546e-08
1.4800631e-06
1.2272302e-08
1.4747335e-06
1.246681e-08
1.4693195e-06
1.2651771e-08
1.4638259e-06
1.2828202e-08
1.4582597e-06
1.2995019e-08
1.4526272e-06
1.3149068e-08
1.4469341e-06
1.3292407e-08
1.4411814e-06
1.3425221e-08
1.4353733e-06
1.3544522e-08
1.4295182e-06
1.3646728e-08
1.4236247e-06
1.373045e-08
1.4177008e-06
1.3795464e-08
1.411754e-06
1.3840531e-08
1.4057922e-06
1.3864862e-08
1.3998233e-06
1.3867338e-08
1.3938555e-06
1.3847026e-08
1.3878973e-06
1.3802215e-08
1.3819585e-06
1.3731265e-08
1.3760486e-06
1.363334e-08
1.3701774e-06
1.3508265e-08
1.3643546e-06
1.3356121e-08
1.3585891e-06
1.3177759e-08
1.3528893e-06
1.2974327e-08
1.3472633e-06
1.2747154e-08
1.3417185e-06
1.2499124e-08
1.3362615e-06
1.2232474e-08
1.3308976e-06
1.1950783e-08
1.3256311e-06
1.1656835e-08
1.3204652e-06
1.135385e-08
1.315402e-06
1.1043781e-08
1.3104435e-06
1.0729092e-08
1.3055904e-06
1.041109e-08
1.3008437e-06
1.0090929e-08
1.2962039e-06
9.7692365e-09
1.2916719e-06
9.4452837e-09
1.2872481e-06
9.1208596e-09
1.2829344e-06
8.7919454e-09
1.2787305e-06
8.4639855e-09
1.2746388e-06
8.1289038e-09
1.2706616e-06
7.7933948e-09
1.266796e-06
7.4557751e-09
1.2630447e-06
7.1071597e-09
1.259432e-06
6.7490582e-09
1.2559091e-06
6.4176815e-09
1.2525191e-06
6.0313075e-09
1.2492986e-06
5.6315153e-09
1.2461727e-06
5.289543e-09
1.2432035e-06
4.8593027e-09
1.2402777e-06
4.494598e-09
1.2376336e-06
4.0217714e-09
1.2354613e-06
3.2555705e-09
1.2332954e-06
2.4688922e-09
1.2304704e-06
1.8223405e-09
1.2279788e-06
5.9584249e-10
1.2264605e-06
-5.6294658e-10
1.2256276e-06
-1.3676709e-09
1.22477e-06
-1.461232e-09
1.2239756e-06
-1.5479062e-09
1.223445e-06
-1.6375261e-09
1.2230603e-06
-1.7656783e-09
1.2225677e-06
-1.7897741e-09
1.2221742e-06
-1.8176629e-09
1.2219048e-06
-2.0074142e-09
1.2215195e-06
-2.0823161e-09
1.2211459e-06
-2.1992941e-09
1.2209666e-06
-2.5008435e-09
1.2210047e-06
-2.73634e-09
1.2211497e-06
-2.8896561e-09
1.2212599e-06
-3.0257987e-09
1.2214835e-06
-3.2418774e-09
1.2219017e-06
-3.5536876e-09
1.2224292e-06
-3.816321e-09
1.2230735e-06
-4.1060497e-09
1.2238434e-06
-4.3934327e-09
1.224762e-06
-4.7232049e-09
1.2258286e-06
-5.0428972e-09
1.2270502e-06
-5.3848521e-09
1.2284204e-06
-5.712673e-09
1.2299447e-06
-6.0662595e-09
1.2316279e-06
-6.4130372e-09
1.2335001e-06
-6.7675159e-09
1.2355516e-06
-7.1122677e-09
1.2377412e-06
-7.4552844e-09
1.240099e-06
-7.7971758e-09
1.2426246e-06
-8.1440366e-09
1.2453309e-06
-8.4843141e-09
1.2482179e-06
-8.8148804e-09
1.2512818e-06
-9.1382466e-09
1.254519e-06
-9.4525219e-09
1.2579297e-06
-9.758875e-09
1.2615158e-06
-1.0054654e-08
1.2652766e-06
-1.0342768e-08
1.2692083e-06
-1.0622274e-08
1.2733059e-06
-1.0889749e-08
1.2775674e-06
-1.1145524e-08
1.2819929e-06
-1.1388458e-08
1.2865799e-06
-1.1616195e-08
1.2913223e-06
-1.1824428e-08
1.2962153e-06
-1.2013182e-08
1.3012518e-06
-1.2178936e-08
1.3064251e-06
-1.2324652e-08
1.3117241e-06
-1.2444452e-08
1.3171371e-06
-1.254224e-08
1.3226513e-06
-1.2610259e-08
1.3282606e-06
-1.2655272e-08
1.3339517e-06
-1.2668237e-08
1.3397144e-06
-1.2655066e-08
1.3455327e-06
-1.2612032e-08
1.3513946e-06
-1.2534075e-08
1.3572828e-06
-1.2435075e-08
1.3631802e-06
-1.2285335e-08
1.3690749e-06
-1.2137654e-08
1.3749413e-06
-1.1905889e-08
1.3807817e-06
-1.1736421e-08
1.386553e-06
-1.1399356e-08
1.3922864e-06
-1.1252881e-08
1.397892e-06
-1.0772965e-08
1.4034635e-06
-1.0674543e-08
1.4088462e-06
-1.0041861e-08
1.4142063e-06
-1.0016266e-08
1.4193497e-06
-9.2086134e-09
1.4244228e-06
-9.4207695e-09
1.4293231e-06
-8.4574108e-09
-8.2243243e-09
1.2088682e-06
-5.3612315e-10
1.2092385e-06
-1.3433668e-09
1.2098628e-06
-2.2968547e-09
1.2106932e-06
-3.0453933e-09
1.2117158e-06
-3.7668308e-09
1.2128992e-06
-4.3958663e-09
1.2142128e-06
-4.9131961e-09
1.2156297e-06
-5.3417821e-09
1.2171238e-06
-5.6772596e-09
1.2186733e-06
-5.9301151e-09
1.2202586e-06
-6.1100112e-09
1.2218645e-06
-6.2286829e-09
1.2234815e-06
-6.2975234e-09
1.2250973e-06
-6.3208008e-09
1.2267023e-06
-6.3118768e-09
1.2282932e-06
-6.2776566e-09
1.2298662e-06
-6.2236776e-09
1.2314183e-06
-6.1548926e-09
1.2329475e-06
-6.0755441e-09
1.2344527e-06
-5.9889405e-09
1.2359332e-06
-5.8977796e-09
1.2373888e-06
-5.8040581e-09
1.2388197e-06
-5.7094329e-09
1.2402261e-06
-5.6150027e-09
1.2416086e-06
-5.5216645e-09
1.2429678e-06
-5.4300937e-09
1.2443045e-06
-5.3407581e-09
1.2456193e-06
-5.2539395e-09
1.246913e-06
-5.1697584e-09
1.2481864e-06
-5.0883462e-09
1.2494401e-06
-5.0096922e-09
1.2506749e-06
-4.9338782e-09
1.2518915e-06
-4.8606292e-09
1.2530906e-06
-4.7901674e-09
1.2542727e-06
-4.7221853e-09
1.2554387e-06
-4.6569055e-09
1.256589e-06
-4.5938964e-09
1.2577244e-06
-4.5334496e-09
1.2588454e-06
-4.4751238e-09
1.2599526e-06
-4.4190158e-09
1.2610464e-06
-4.3648596e-09
1.2621273e-06
-4.3126023e-09
1.2631958e-06
-4.2620858e-09
1.2642523e-06
-4.2132249e-09
1.2652971e-06
-4.165992e-09
1.2663308e-06
-4.1202712e-09
1.2673536e-06
-4.0761381e-09
1.2683659e-06
-4.0333217e-09
1.2693682e-06
-3.9919992e-09
1.2703607e-06
-3.951818e-09
1.2713437e-06
-3.9129167e-09
1.2723174e-06
-3.875118e-09
1.2732822e-06
-3.8384504e-09
1.2742384e-06
-3.8029566e-09
1.2751862e-06
-3.7685384e-09
1.2761262e-06
-3.7352499e-09
1.2770584e-06
-3.7031898e-09
1.2779834e-06
-3.6720311e-09
1.2789011e-06
-3.6418628e-09
1.2798119e-06
-3.6122807e-09
1.2807158e-06
-3.5833123e-09
1.281613e-06
-3.5552352e-09
1.2825038e-06
-3.5275995e-09
1.2833884e-06
-3.5010643e-09
1.2842668e-06
-3.4747525e-09
1.2851395e-06
-3.4497258e-09
1.2860064e-06
-3.424721e-09
1.286868e-06
-3.401031e-09
1.2877241e-06
-3.3773162e-09
1.2885752e-06
-3.3549039e-09
1.2894211e-06
-3.3322771e-09
1.2902625e-06
-3.311309e-09
1.2910988e-06
-3.2897143e-09
1.2919311e-06
-3.27034e-09
1.2927589e-06
-3.2503178e-09
1.2935829e-06
-3.2320595e-09
1.2944032e-06
-3.2142178e-09
1.2952205e-06
-3.1976071e-09
1.296034e-06
-3.1796996e-09
1.2968437e-06
-3.1621048e-09
1.2976497e-06
-3.1447973e-09
1.2984523e-06
-3.1280041e-09
1.2992515e-06
-3.1114515e-09
1.3000475e-06
-3.0955598e-09
1.3008405e-06
-3.0801042e-09
1.3016306e-06
-3.0649465e-09
1.3024176e-06
-3.0502476e-09
1.3032024e-06
-3.0364804e-09
1.3039842e-06
-3.0219347e-09
1.3047638e-06
-3.0092924e-09
1.3055413e-06
-2.996194e-09
1.3063155e-06
-2.9821345e-09
1.3070893e-06
-2.9729348e-09
1.307859e-06
-2.9568668e-09
1.3086276e-06
-2.9478531e-09
1.3093949e-06
-2.9369693e-09
1.3101581e-06
-2.9223357e-09
1.3109224e-06
-2.9170182e-09
1.3116833e-06
-2.9048026e-09
1.3124424e-06
-2.8947271e-09
1.3132034e-06
-2.8922131e-09
1.3139642e-06
-2.8875342e-09
1.3147231e-06
-2.878362e-09
1.3154801e-06
-2.8697267e-09
1.3162362e-06
-2.8612579e-09
1.3169913e-06
-2.8517544e-09
1.3177475e-06
-2.8477132e-09
1.3184998e-06
-2.8339837e-09
1.3192472e-06
-2.8191609e-09
1.3199974e-06
-2.8145135e-09
1.3207412e-06
-2.7982314e-09
1.3214869e-06
-2.7947191e-09
1.3222294e-06
-2.7807796e-09
1.3229669e-06
-2.7704501e-09
1.3237134e-06
-2.7751859e-09
1.3244477e-06
-2.7531826e-09
1.3251891e-06
-2.7608795e-09
1.3259302e-06
-2.7520382e-09
1.3266629e-06
-2.7398381e-09
1.3274054e-06
-2.7480715e-09
1.3281397e-06
-2.7323472e-09
1.3288768e-06
-2.7351117e-09
1.329615e-06
-2.732973e-09
1.3303534e-06
-2.7303084e-09
1.3310941e-06
-2.727873e-09
1.3318317e-06
-2.722619e-09
1.3325715e-06
-2.7183362e-09
1.3333034e-06
-2.6997014e-09
1.334031e-06
-2.6967162e-09
1.3347716e-06
-2.7211349e-09
1.3355076e-06
-2.7098808e-09
1.3362458e-06
-2.711988e-09
1.33698e-06
-2.6980431e-09
1.337706e-06
-2.6814226e-09
1.3384533e-06
-2.7092129e-09
1.3391788e-06
-2.6666189e-09
1.3399112e-06
-2.6835769e-09
1.3406482e-06
-2.6749598e-09
1.3413597e-06
-2.6399607e-09
1.3420981e-06
-2.6749651e-09
1.3428091e-06
-2.6297644e-09
1.3435289e-06
-2.6499292e-09
1.3442512e-06
-2.6381048e-09
1.3449688e-06
-2.6330227e-09
1.3456982e-06
-2.650995e-09
1.3464104e-06
-2.6179201e-09
1.3471517e-06
-2.6580587e-09
1.347874e-06
-2.6171958e-09
1.3485662e-06
-2.5874032e-09
1.3493221e-06
-2.6711175e-09
1.3500528e-06
-2.6269444e-09
1.3507184e-06
-2.5671443e-09
1.3514493e-06
-2.6296849e-09
1.352162e-06
-2.6308458e-09
1.3528761e-06
-2.6390961e-09
1.3536112e-06
-2.6426767e-09
1.3543016e-06
-2.606245e-09
1.3550526e-06
-2.6302454e-09
1.3557492e-06
-2.6006961e-09
1.3564321e-06
-2.5851881e-09
1.3571507e-06
-2.6043381e-09
1.3578284e-06
-2.5816149e-09
1.3585554e-06
-2.6146214e-09
1.3592723e-06
-2.5917553e-09
1.3599988e-06
-2.554378e-09
1.3607073e-06
-2.5619489e-09
1.361404e-06
-2.5561544e-09
1.3621069e-06
-2.550931e-09
1.3627767e-06
-2.5440956e-09
1.3635003e-06
-2.5628872e-09
1.3641491e-06
-2.5511984e-09
1.3648416e-06
-2.5729805e-09
1.365606e-06
-2.5644145e-09
1.3662146e-06
-2.496944e-09
1.3668693e-06
-2.4963298e-09
1.3675923e-06
-2.5152165e-09
1.3682536e-06
-2.5024587e-09
1.3689325e-06
-2.5154248e-09
1.3695833e-06
-2.4973139e-09
1.3702104e-06
-2.4858253e-09
1.3708829e-06
-2.4949696e-09
1.3715849e-06
-2.514275e-09
1.3722206e-06
-2.5203866e-09
1.3728561e-06
-2.5232372e-09
1.3735927e-06
-2.5255686e-09
1.3742977e-06
-2.4959763e-09
1.3749485e-06
-2.4785169e-09
1.3756776e-06
-2.4918458e-09
1.3763858e-06
-2.4527247e-09
1.3770024e-06
-2.4032558e-09
1.3776395e-06
-2.3852382e-09
1.3783243e-06
-2.4150837e-09
1.3789585e-06
-2.4357258e-09
1.3795976e-06
-2.4102493e-09
1.3802671e-06
-2.3934552e-09
1.3809845e-06
-2.4204123e-09
1.3817236e-06
-2.4553737e-09
1.3823398e-06
-2.4132589e-09
1.3830094e-06
-2.416138e-09
1.3837529e-06
-2.4062059e-09
1.3844099e-06
-2.3390667e-09
1.3850356e-06
-2.3291649e-09
1.3856599e-06
-2.2815589e-09
1.38632e-06
-2.2616278e-09
1.3870214e-06
-2.2830333e-09
1.3877387e-06
-2.2919067e-09
1.3884141e-06
-2.2669129e-09
1.3891567e-06
-2.2676612e-09
1.3898964e-06
-2.2508138e-09
1.3905728e-06
-2.2200677e-09
1.3912644e-06
-2.2198936e-09
1.3919141e-06
-2.1665678e-09
1.3925575e-06
-2.1337678e-09
1.3932158e-06
-2.1468747e-09
1.3938608e-06
-2.1474804e-09
1.3945095e-06
-2.1370985e-09
1.3951867e-06
-2.142746e-09
1.3958786e-06
-2.1091e-09
1.3965259e-06
-2.0468804e-09
1.3971927e-06
-2.0493975e-09
1.3979152e-06
-2.1219861e-09
1.3986239e-06
-2.1494579e-09
1.3992976e-06
-2.1693869e-09
1.3999726e-06
-2.1912792e-09
1.4006361e-06
-2.1944007e-09
1.4012951e-06
-2.1967965e-09
1.4019051e-06
-2.1687003e-09
1.40251e-06
-2.1653417e-09
1.4031685e-06
-2.182174e-09
1.4038426e-06
-2.184509e-09
1.4045693e-06
-2.1653466e-09
1.4052947e-06
-2.1315012e-09
1.4059644e-06
-2.1185582e-09
1.4065991e-06
-2.1015185e-09
1.4072567e-06
-2.1149971e-09
1.4079377e-06
-2.1248061e-09
1.4086091e-06
-2.145871e-09
1.409325e-06
-2.1871527e-09
1.4100439e-06
-2.2039965e-09
1.4107191e-06
-2.1941107e-09
1.4113908e-06
-2.1908346e-09
1.4120653e-06
-2.172805e-09
1.4127267e-06
-2.1598314e-09
1.4134127e-06
-2.164299e-09
1.4141073e-06
-2.156991e-09
1.4147464e-06
-2.1683078e-09
1.4154038e-06
-2.1947972e-09
1.416112e-06
-2.1775013e-09
1.4167881e-06
-2.1647182e-09
1.4174495e-06
-2.177889e-09
1.4181566e-06
-2.228532e-09
1.4188399e-06
-2.2571855e-09
1.4194663e-06
-2.2466833e-09
1.4201012e-06
-2.2528068e-09
1.4207547e-06
-2.2498554e-09
1.4213587e-06
-2.2338638e-09
1.4219691e-06
-2.2223414e-09
1.4225973e-06
-2.2109803e-09
1.4232749e-06
-2.240081e-09
1.4239628e-06
-2.2196254e-09
1.4245734e-06
-2.1713951e-09
1.425219e-06
-2.1767748e-09
1.4259028e-06
-2.1591702e-09
1.4265307e-06
-2.1561433e-09
1.4271837e-06
-2.2004891e-09
1.4278702e-06
-2.2067956e-09
1.4285224e-06
-2.2246973e-09
1.4291605e-06
-2.2303981e-09
1.4297821e-06
-2.2219742e-09
1.4304045e-06
-2.2491737e-09
1.4310532e-06
-2.2295006e-09
1.4316745e-06
-2.2039837e-09
1.4322751e-06
-2.2055691e-09
1.4328939e-06
-2.1923676e-09
1.4335253e-06
-2.1914275e-09
1.4341704e-06
-2.1779574e-09
1.4347885e-06
-2.1437891e-09
1.4354057e-06
-2.1540258e-09
1.4360835e-06
-2.1805513e-09
1.4367533e-06
-2.1660025e-09
1.4373838e-06
-2.1912636e-09
1.4379993e-06
-2.2425977e-09
1.4386011e-06
-2.2327411e-09
1.4392089e-06
-2.2261175e-09
1.439863e-06
-2.2498292e-09
1.4404928e-06
-2.2311486e-09
1.4410806e-06
-2.2158826e-09
1.4417174e-06
-2.2619315e-09
1.4423443e-06
-2.2540689e-09
1.4429059e-06
-2.2273077e-09
1.44353e-06
-2.2578752e-09
1.4441706e-06
-2.2384836e-09
1.444751e-06
-2.2087803e-09
1.445387e-06
-2.2365731e-09
1.4460396e-06
-2.2193336e-09
1.4466399e-06
-2.1990845e-09
1.4472783e-06
-2.2324658e-09
1.4479066e-06
-2.222202e-09
1.4484854e-06
-2.2209758e-09
1.4491144e-06
-2.2716145e-09
1.4497254e-06
-2.2760491e-09
1.4502866e-06
-2.2509909e-09
1.4509387e-06
-2.2848066e-09
1.4515932e-06
-2.2981363e-09
1.4521454e-06
-2.2432416e-09
1.4527868e-06
-2.2678157e-09
1.4534863e-06
-2.3007569e-09
1.4540782e-06
-2.2714253e-09
1.454711e-06
-2.2949256e-09
1.4553938e-06
-2.3103688e-09
1.4559908e-06
-2.3043456e-09
1.4565949e-06
-2.3089317e-09
1.4572399e-06
-2.2964541e-09
1.4578609e-06
-2.3157676e-09
1.458455e-06
-2.3389366e-09
1.4590479e-06
-2.2870101e-09
1.4596227e-06
-2.2826856e-09
1.4602578e-06
-2.3424414e-09
1.4608775e-06
-2.3207876e-09
1.4614259e-06
-2.3055637e-09
1.4620159e-06
-2.3533753e-09
1.4626393e-06
-2.3381861e-09
1.4632061e-06
-2.2752946e-09
1.4638891e-06
-2.3093025e-09
1.4646202e-06
-2.3316882e-09
1.4651842e-06
-2.284092e-09
1.4657566e-06
-2.2849957e-09
1.4663624e-06
-2.2369724e-09
1.4669488e-06
-2.2477162e-09
1.467542e-06
-2.290097e-09
1.4681365e-06
-2.2586426e-09
1.4687143e-06
-2.2237803e-09
1.469321e-06
-2.2660998e-09
1.4698892e-06
-2.3268623e-09
1.4704643e-06
-2.2840698e-09
1.4710523e-06
-2.2272344e-09
1.4716754e-06
-2.2685676e-09
1.4722492e-06
-2.3069529e-09
1.4728168e-06
-2.2510367e-09
1.4734075e-06
-2.2062676e-09
1.4740271e-06
-2.2307796e-09
1.474584e-06
-2.2519155e-09
1.475127e-06
-2.2022943e-09
1.4756912e-06
-2.1647808e-09
1.4762608e-06
-2.1727713e-09
1.4767928e-06
-2.1978583e-09
1.4773246e-06
-2.1221509e-09
1.4778744e-06
-2.1073929e-09
1.4784055e-06
-2.1454869e-09
1.4789401e-06
-2.1828033e-09
1.4794745e-06
-2.1206512e-09
1.4800224e-06
-2.1461388e-09
1.4805417e-06
-2.2287843e-09
1.4810611e-06
-2.2480915e-09
1.4815912e-06
-2.2015332e-09
1.482139e-06
-2.2412889e-09
1.4826295e-06
-2.317595e-09
1.4831213e-06
-2.2399678e-09
1.4836353e-06
-2.2043039e-09
1.4842348e-06
-2.2304549e-09
1.484774e-06
-2.2450641e-09
1.4852371e-06
-2.1582003e-09
1.48573e-06
-2.1266469e-09
1.4863537e-06
-2.2019337e-09
1.4869081e-06
-2.2105069e-09
1.4873562e-06
-2.149886e-09
1.4878966e-06
-2.1532727e-09
1.4884882e-06
-2.2156859e-09
1.4889457e-06
-2.1539397e-09
1.4894084e-06
-2.1020381e-09
1.4900623e-06
-2.1950148e-09
1.4906591e-06
-2.1572912e-09
1.4911125e-06
-2.093782e-09
1.4916638e-06
-2.0952866e-09
1.4922672e-06
-2.1497404e-09
1.4927175e-06
-2.0958439e-09
1.4931852e-06
-2.071646e-09
1.4938035e-06
-2.1408733e-09
1.4943695e-06
-2.1548834e-09
1.4948156e-06
-2.0912791e-09
1.4952994e-06
-2.0593025e-09
1.4958678e-06
-2.104477e-09
1.4963727e-06
-2.1072175e-09
1.4968065e-06
-2.0474498e-09
1.4972719e-06
-2.0213937e-09
1.4978112e-06
-2.0452089e-09
1.4983055e-06
-2.0386444e-09
1.4987161e-06
-1.9806601e-09
1.4991514e-06
-1.9520829e-09
1.4996635e-06
-1.9648132e-09
1.5001531e-06
-1.9629267e-09
1.5005601e-06
-1.9166357e-09
1.5009796e-06
-1.8864332e-09
1.5014732e-06
-1.8996134e-09
1.5019573e-06
-1.908794e-09
1.502363e-06
-1.8719408e-09
1.5027751e-06
-1.8434925e-09
1.5032572e-06
-1.8604309e-09
1.5037278e-06
-1.871721e-09
1.5041258e-06
-1.8392976e-09
1.5045292e-06
-1.8109092e-09
1.5049878e-06
-1.8271158e-09
1.5054372e-06
-1.8363022e-09
1.505836e-06
-1.815577e-09
1.5062271e-06
-1.7796098e-09
1.5066478e-06
-1.7746951e-09
1.5070852e-06
-1.7828943e-09
1.5074869e-06
-1.7715553e-09
1.507857e-06
-1.7246604e-09
1.5082326e-06
-1.6986439e-09
1.5086504e-06
-1.7022179e-09
1.5090411e-06
-1.6896298e-09
1.5093871e-06
-1.6395627e-09
1.5097292e-06
-1.603536e-09
1.5100993e-06
-1.5913182e-09
1.5104427e-06
-1.5651205e-09
1.5107565e-06
-1.5170998e-09
1.5110639e-06
-1.4782735e-09
1.5113721e-06
-1.4502461e-09
1.5116615e-06
-1.4151973e-09
1.5119384e-06
-1.371145e-09
1.5122078e-06
-1.33323e-09
1.5124676e-06
-1.2949086e-09
1.512712e-06
-1.2530776e-09
1.5129454e-06
-1.2048758e-09
1.5131659e-06
-1.1578507e-09
1.5133732e-06
-1.1058412e-09
1.5135646e-06
-1.0528054e-09
1.5137405e-06
-9.9361408e-10
1.5138986e-06
-9.3407682e-10
1.5140392e-06
-8.695098e-10
1.5141598e-06
-8.0414742e-10
1.5142607e-06
-7.3451689e-10
1.5143396e-06
-6.6341199e-10
1.5143969e-06
-5.8913674e-10
1.5144317e-06
-5.145675e-10
1.5144443e-06
-4.3822324e-10
1.5144348e-06
-3.6208636e-10
1.5144024e-06
-2.8622216e-10
1.5143477e-06
-2.0984858e-10
1.5142702e-06
-1.352416e-10
1.5141708e-06
-6.0441874e-11
1.5140497e-06
1.3464785e-11
1.5139076e-06
8.7776009e-11
1.513744e-06
1.6073542e-10
1.5135587e-06
2.3428415e-10
1.5133508e-06
3.0980774e-10
1.513121e-06
3.8154324e-10
1.5128676e-06
4.5585136e-10
1.5125903e-06
5.3374771e-10
1.5122922e-06
5.9666405e-10
1.5119695e-06
6.7201666e-10
1.5116225e-06
7.494303e-10
1.5112584e-06
7.9706597e-10
1.5108706e-06
8.6881125e-10
1.5104621e-06
9.3120756e-10
1.5100354e-06
9.8317043e-10
1.5095908e-06
1.0359509e-09
1.5091299e-06
1.0839436e-09
1.5086545e-06
1.1259425e-09
1.5081662e-06
1.1641355e-09
1.5076671e-06
1.1967143e-09
1.5071593e-06
1.2236376e-09
1.5066452e-06
1.2454002e-09
1.5061269e-06
1.2617387e-09
1.5056063e-06
1.2737069e-09
1.5050851e-06
1.2816552e-09
1.5045648e-06
1.2866179e-09
1.5040462e-06
1.2889028e-09
1.5035306e-06
1.2891128e-09
1.5030186e-06
1.2865584e-09
1.5025114e-06
1.2824621e-09
1.5020093e-06
1.2752395e-09
1.501514e-06
1.265656e-09
1.5010253e-06
1.2522259e-09
1.500545e-06
1.2356076e-09
1.5000746e-06
1.2130834e-09
1.4996125e-06
1.1875936e-09
1.4991664e-06
1.1510628e-09
1.4987306e-06
1.1167485e-09
1.4983113e-06
1.0625993e-09
1.4979187e-06
1.012944e-09
1.497522e-06
9.5651176e-10
1.4971774e-06
8.7118224e-10
1.4968321e-06
8.234684e-10
1.496512e-06
7.0361539e-10
1.496262e-06
6.3295014e-10
1.4959272e-06
5.355707e-10
1.4957633e-06
3.7295367e-10
1.495548e-06
3.2188918e-10
1.4953887e-06
1.1479351e-10
1.495314e-06
1.1863843e-11
1.4951634e-06
-8.7094776e-11
1.4951508e-06
-3.585594e-10
1.4950861e-06
-5.4855409e-10
1.4952863e-06
-8.0195361e-10
1.4954266e-06
-7.9535889e-10
1.4954535e-06
-1.1364758e-09
1.4961681e-06
-1.6285369e-09
1.4964867e-06
-1.6963422e-09
1.4968558e-06
-2.3371252e-09
1.4972211e-06
-2.8288825e-09
1.4977908e-06
-3.4128491e-09
1.4986178e-06
-3.7698622e-09
1.4996672e-06
-4.096596e-09
1.5009292e-06
-4.3801327e-09
1.502133e-06
-4.4141606e-09
1.5033158e-06
-4.3476049e-09
1.5045096e-06
-4.4327466e-09
1.505685e-06
-4.4797317e-09
1.507021e-06
-4.6586166e-09
1.5084359e-06
-4.9057274e-09
1.5097318e-06
-4.8887183e-09
1.5111784e-06
-4.9274766e-09
1.5125058e-06
-4.9795545e-09
1.5138012e-06
-4.9777631e-09
1.5155521e-06
-5.2910676e-09
1.5172126e-06
-5.3388507e-09
1.5187847e-06
-5.3870148e-09
1.5204916e-06
-5.5726974e-09
1.5221481e-06
-5.6273395e-09
1.5238551e-06
-5.6070713e-09
1.5257188e-06
-5.7365699e-09
1.5276376e-06
-6.0310072e-09
1.5294268e-06
-6.0856884e-09
1.5311475e-06
-6.10813e-09
1.5330258e-06
-6.3033361e-09
1.5349846e-06
-6.4486945e-09
1.5368906e-06
-6.4596053e-09
1.5387705e-06
-6.5151284e-09
1.5408352e-06
-6.667972e-09
1.5429222e-06
-6.7521748e-09
1.5449644e-06
-6.8487167e-09
1.5470516e-06
-6.9108692e-09
1.5493308e-06
-7.0922641e-09
1.5516941e-06
-7.2172557e-09
1.553751e-06
-7.0463546e-09
1.5557715e-06
-7.0039006e-09
1.5582273e-06
-7.1889481e-09
1.5604046e-06
-7.0313586e-09
1.5623491e-06
-6.9258297e-09
1.5646501e-06
-7.0594117e-09
1.5670081e-06
-7.0145343e-09
1.5690739e-06
-7.0122641e-09
1.5712085e-06
-6.9619319e-09
1.5734242e-06
-6.7960828e-09
1.5755439e-06
-6.8333592e-09
1.5776526e-06
-6.6897807e-09
1.5796982e-06
-6.4354486e-09
1.581631e-06
-6.3408474e-09
1.5834931e-06
-6.2899841e-09
1.5853575e-06
-6.1965002e-09
1.5872162e-06
-6.1716681e-09
1.5890779e-06
-6.1066379e-09
1.5908142e-06
-5.9389791e-09
1.5923492e-06
-5.8408105e-09
1.5940434e-06
-5.9743721e-09
1.5958721e-06
-6.068098e-09
1.5971255e-06
-5.5833547e-09
1.5980345e-06
-4.91056e-09
1.599203e-06
-4.7933941e-09
1.5997398e-06
-4.0748711e-09
1.5995612e-06
-2.6159852e-09
1.5996443e-06
-1.8891675e-09
1.5995405e-06
-1.268976e-09
1.5987816e-06
2.30993e-10
1.5980742e-06
9.938641e-10
1.5970543e-06
1.7155171e-09
1.5956982e-06
2.775685e-09
1.5941811e-06
3.5007748e-09
1.592439e-06
4.2442614e-09
1.5904861e-06
4.9540803e-09
1.5883416e-06
5.5974207e-09
1.5859788e-06
6.2415735e-09
1.5833967e-06
6.8517112e-09
1.580599e-06
7.4501139e-09
1.5776005e-06
8.0303959e-09
1.574409e-06
8.5969218e-09
1.5710324e-06
9.1501517e-09
1.5674779e-06
9.6848076e-09
1.5637552e-06
1.0200605e-08
1.5598718e-06
1.0698505e-08
1.5558357e-06
1.1175462e-08
1.5516522e-06
1.1633458e-08
1.547325e-06
1.2076628e-08
1.5428578e-06
1.2505124e-08
1.5382555e-06
1.2917212e-08
1.5335225e-06
1.3314433e-08
1.5286652e-06
1.369738e-08
1.5236948e-06
1.4063283e-08
1.5186163e-06
1.4413711e-08
1.5134352e-06
1.4751457e-08
1.5081539e-06
1.5077251e-08
1.5027762e-06
1.5393253e-08
1.4973046e-06
1.5698367e-08
1.4917428e-06
1.5987988e-08
1.4860944e-06
1.6263098e-08
1.4803631e-06
1.6523408e-08
1.4745559e-06
1.67687e-08
1.4686772e-06
1.7002251e-08
1.4627309e-06
1.7224271e-08
1.4567216e-06
1.7430739e-08
1.4506568e-06
1.7620851e-08
1.4445453e-06
1.7793617e-08
1.4383944e-06
1.7947744e-08
1.4322096e-06
1.8081238e-08
1.4259977e-06
1.8191217e-08
1.4197675e-06
1.8275448e-08
1.4135266e-06
1.8333489e-08
1.4072823e-06
1.8364707e-08
1.401042e-06
1.8367587e-08
1.3948138e-06
1.8340387e-08
1.3886059e-06
1.8280979e-08
1.3824275e-06
1.8187075e-08
1.3762879e-06
1.8057012e-08
1.3701969e-06
1.789055e-08
1.3641638e-06
1.7687888e-08
1.3581985e-06
1.7449657e-08
1.3523104e-06
1.7176967e-08
1.3465079e-06
1.6872507e-08
1.3407985e-06
1.6539604e-08
1.3351881e-06
1.618261e-08
1.3296817e-06
1.5805459e-08
1.324283e-06
1.5412319e-08
1.3189946e-06
1.5007645e-08
1.313818e-06
1.4594252e-08
1.3087544e-06
1.4175269e-08
1.3038038e-06
1.3752786e-08
1.2989663e-06
1.3328115e-08
1.2942419e-06
1.2901931e-08
1.2896305e-06
1.2473749e-08
1.2851327e-06
1.204458e-08
1.2807492e-06
1.1610315e-08
1.2764801e-06
1.117703e-08
1.2723259e-06
1.0736559e-08
1.2682916e-06
1.0290566e-08
1.2643761e-06
9.8440065e-09
1.260567e-06
9.3993724e-09
1.2568986e-06
8.911111e-09
1.2533686e-06
8.4522402e-09
1.2498877e-06
8.0286919e-09
1.2466178e-06
7.4303528e-09
1.2434914e-06
6.9575892e-09
1.2403772e-06
6.5294814e-09
1.237577e-06
5.8672232e-09
1.2349137e-06
5.2772422e-09
1.2321905e-06
4.5938404e-09
1.2299214e-06
3.3782714e-09
1.2278285e-06
2.5826314e-09
1.225209e-06
1.9108368e-09
1.2226376e-06
7.3314377e-10
1.2208583e-06
-8.3422202e-10
1.2198459e-06
-1.6669812e-09
1.2190769e-06
-1.9703732e-09
1.2184166e-06
-2.1418143e-09
1.2177804e-06
-2.2645223e-09
1.2172738e-06
-2.3873112e-09
1.2170077e-06
-2.6235587e-09
1.2166511e-06
-2.6887546e-09
1.2163463e-06
-2.7794642e-09
1.2163423e-06
-3.1607414e-09
1.216425e-06
-3.5120338e-09
1.2164447e-06
-3.6458103e-09
1.216557e-06
-3.8508441e-09
1.2169369e-06
-4.2128114e-09
1.2174645e-06
-4.5342277e-09
1.2180471e-06
-4.8567381e-09
1.2187557e-06
-5.1955769e-09
1.2196188e-06
-5.5869234e-09
1.2206232e-06
-5.9660823e-09
1.2217584e-06
-6.3793508e-09
1.2230471e-06
-6.7913475e-09
1.224537e-06
-7.2383948e-09
1.2261843e-06
-7.6867304e-09
1.2279809e-06
-8.1364724e-09
1.2299496e-06
-8.5862251e-09
1.2321002e-06
-9.0468659e-09
1.234444e-06
-9.5086721e-09
1.2369778e-06
-9.9667381e-09
1.2397041e-06
-1.0424059e-08
1.2426208e-06
-1.0880929e-08
1.2457321e-06
-1.1332619e-08
1.249043e-06
-1.17768e-08
1.2525562e-06
-1.2213828e-08
1.2562748e-06
-1.264268e-08
1.2601993e-06
-1.306186e-08
1.2643315e-06
-1.3470097e-08
1.2686678e-06
-1.3865137e-08
1.2732062e-06
-1.4247663e-08
1.2779464e-06
-1.4616068e-08
1.2828851e-06
-1.496777e-08
1.2880153e-06
-1.5298573e-08
1.2933325e-06
-1.5608542e-08
1.2988316e-06
-1.5893852e-08
1.304509e-06
-1.6156312e-08
1.3103557e-06
-1.6387747e-08
1.3163626e-06
-1.6591835e-08
1.3225183e-06
-1.6760908e-08
1.3288122e-06
-1.6900865e-08
1.3352289e-06
-1.6999842e-08
1.3417544e-06
-1.7066643e-08
1.348369e-06
-1.7087754e-08
1.3550591e-06
-1.7075209e-08
1.3618023e-06
-1.7018143e-08
1.3685841e-06
-1.6919344e-08
1.3753763e-06
-1.6780102e-08
1.3821632e-06
-1.6583272e-08
1.3889176e-06
-1.6370841e-08
1.3956226e-06
-1.606675e-08
1.4022586e-06
-1.5815207e-08
1.4088005e-06
-1.5380293e-08
1.4152428e-06
-1.5140764e-08
1.4215383e-06
-1.4530312e-08
1.4277152e-06
-1.4338836e-08
1.4336996e-06
-1.3547737e-08
1.4395394e-06
-1.342097e-08
1.445176e-06
-1.2459668e-08
1.4506592e-06
-1.2576127e-08
1.4560218e-06
-1.1551045e-08
-1.0994382e-08
1.208895e-06
-6.9497341e-10
1.209316e-06
-1.7644193e-09
1.2100144e-06
-2.9952152e-09
1.2109299e-06
-3.960992e-09
1.2120483e-06
-4.8851669e-09
1.2133312e-06
-5.678773e-09
1.214743e-06
-6.3249934e-09
1.2162521e-06
-6.8509172e-09
1.2178311e-06
-7.2562063e-09
1.2194554e-06
-7.5545019e-09
1.2211064e-06
-7.7609625e-09
1.2227701e-06
-7.8923654e-09
1.2244263e-06
-7.9536839e-09
1.2260777e-06
-7.9722775e-09
1.2277145e-06
-7.9486404e-09
1.2293307e-06
-7.8938651e-09
1.2309235e-06
-7.816495e-09
1.2324911e-06
-7.7224831e-09
1.2340325e-06
-7.6170226e-09
1.2355473e-06
-7.5037048e-09
1.2370355e-06
-7.3859652e-09
1.2384972e-06
-7.2657755e-09
1.239933e-06
-7.1452675e-09
1.2413435e-06
-7.0255215e-09
1.2427295e-06
-6.9076282e-09
1.2440916e-06
-6.7922836e-09
1.2454309e-06
-6.6800623e-09
1.2467482e-06
-6.5712031e-09
1.2480444e-06
-6.4659305e-09
1.2493202e-06
-6.3642438e-09
1.2505766e-06
-6.2660548e-09
1.2518142e-06
-6.1714944e-09
1.2530337e-06
-6.0801812e-09
1.254236e-06
-5.9924532e-09
1.2554216e-06
-5.907836e-09
1.2565914e-06
-5.8266814e-09
1.2577458e-06
-5.7483653e-09
1.2588856e-06
-5.6732996e-09
1.2600114e-06
-5.6008198e-09
1.2611237e-06
-5.5313794e-09
1.2622232e-06
-5.4643263e-09
1.2633101e-06
-5.3995888e-09
1.2643851e-06
-5.337002e-09
1.2654483e-06
-5.2764944e-09
1.2665004e-06
-5.2180584e-09
1.2675416e-06
-5.1615774e-09
1.2685727e-06
-5.1071876e-09
1.2695937e-06
-5.054333e-09
1.2706053e-06
-5.0035971e-09
1.2716076e-06
-4.9541242e-09
1.2726012e-06
-4.9065125e-09
1.2735861e-06
-4.8600231e-09
1.2745627e-06
-4.8151447e-09
1.2755316e-06
-4.7717985e-09
1.2764926e-06
-4.7296074e-09
1.2774466e-06
-4.6892583e-09
1.2783935e-06
-4.6501492e-09
1.2793342e-06
-4.6127084e-09
1.2802686e-06
-4.5763349e-09
1.2811969e-06
-4.5406088e-09
1.2821191e-06
-4.5055653e-09
1.2830356e-06
-4.4717088e-09
1.2839464e-06
-4.4384589e-09
1.284852e-06
-4.4066897e-09
1.2857525e-06
-4.3752522e-09
1.2866483e-06
-4.3455186e-09
1.2875394e-06
-4.3158246e-09
1.2884262e-06
-4.2879016e-09
1.2893086e-06
-4.259785e-09
1.2901873e-06
-4.2336152e-09
1.2910616e-06
-4.2066199e-09
1.2919328e-06
-4.1825987e-09
1.2927995e-06
-4.156449e-09
1.2936642e-06
-4.1350399e-09
1.294525e-06
-4.1111572e-09
1.2953841e-06
-4.0911559e-09
1.296241e-06
-4.0711563e-09
1.297097e-06
-4.0536303e-09
1.2979498e-06
-4.0326014e-09
1.2988001e-06
-4.0124246e-09
1.2996478e-06
-3.9925947e-09
1.3004933e-06
-3.973561e-09
1.3013367e-06
-3.9549466e-09
1.3021783e-06
-3.937195e-09
1.3030179e-06
-3.9197898e-09
1.3038562e-06
-3.9032644e-09
1.3046921e-06
-3.8862766e-09
1.3055276e-06
-3.8720329e-09
1.3063606e-06
-3.8549026e-09
1.3071928e-06
-3.8416541e-09
1.3080248e-06
-3.8282471e-09
1.3088522e-06
-3.8096033e-09
1.3096845e-06
-3.8053458e-09
1.3105097e-06
-3.7820818e-09
1.3113362e-06
-3.7744265e-09
1.3121661e-06
-3.7669761e-09
1.3129852e-06
-3.7415528e-09
1.313812e-06
-3.7439611e-09
1.3146359e-06
-3.7287826e-09
1.3154557e-06
-3.7145278e-09
1.3162825e-06
-3.719109e-09
1.3171106e-06
-3.7156367e-09
1.317936e-06
-3.7038159e-09
1.3187602e-06
-3.6939882e-09
1.3195814e-06
-3.6825698e-09
1.3204045e-06
-3.675019e-09
1.3212325e-06
-3.6758929e-09
1.3220552e-06
-3.6570476e-09
1.3228705e-06
-3.6347165e-09
1.3236951e-06
-3.6393759e-09
1.3245108e-06
-3.6141787e-09
1.3253308e-06
-3.6148964e-09
1.3261506e-06
-3.6007286e-09
1.3269595e-06
-3.5794634e-09
1.3277903e-06
-3.6060297e-09
1.3285942e-06
-3.5571284e-09
1.3294141e-06
-3.5808032e-09
1.3302426e-06
-3.5804879e-09
1.3310444e-06
-3.5417385e-09
1.331877e-06
-3.5807624e-09
1.3326862e-06
-3.541675e-09
1.3334951e-06
-3.5444132e-09
1.3343199e-06
-3.5580299e-09
1.3351362e-06
-3.5470644e-09
1.3359568e-06
-3.5488634e-09
1.3367668e-06
-3.533132e-09
1.3376012e-06
-3.5532532e-09
1.3384281e-06
-3.5269601e-09
1.3392253e-06
-3.493891e-09
1.3400311e-06
-3.5265879e-09
1.3408534e-06
-3.532139e-09
1.3416537e-06
-3.5126746e-09
1.3424459e-06
-3.4907783e-09
1.343263e-06
-3.499224e-09
1.3440576e-06
-3.5047658e-09
1.3448993e-06
-3.5091841e-09
1.3456906e-06
-3.4752974e-09
1.3465003e-06
-3.4844985e-09
1.3473532e-06
-3.4925627e-09
1.3481292e-06
-3.4507588e-09
1.3489478e-06
-3.4482075e-09
1.3497455e-06
-3.4477883e-09
1.3505547e-06
-3.4477203e-09
1.35138e-06
-3.4586116e-09
1.3521866e-06
-3.4580214e-09
1.3530341e-06
-3.4660093e-09
1.353797e-06
-3.4215115e-09
1.3546127e-06
-3.4334184e-09
1.3554774e-06
-3.4525964e-09
1.3562092e-06
-3.4034744e-09
1.3570111e-06
-3.4294274e-09
1.3578812e-06
-3.4378136e-09
1.3586635e-06
-3.4125658e-09
1.3594345e-06
-3.4022158e-09
1.3601697e-06
-3.3746455e-09
1.3609096e-06
-3.3830685e-09
1.3616946e-06
-3.3920933e-09
1.3624502e-06
-3.3869307e-09
1.3632256e-06
-3.3771714e-09
1.3640255e-06
-3.3861807e-09
1.3648009e-06
-3.3803902e-09
1.3655902e-06
-3.3714413e-09
1.3663535e-06
-3.3785748e-09
1.3671403e-06
-3.3795367e-09
1.367983e-06
-3.3986947e-09
1.3687986e-06
-3.3796317e-09
1.3695996e-06
-3.3589691e-09
1.3703985e-06
-3.3511491e-09
1.3712087e-06
-3.3554093e-09
1.3720097e-06
-3.3647032e-09
1.3727982e-06
-3.3402161e-09
1.3735549e-06
-3.330499e-09
1.3743215e-06
-3.3320759e-09
1.3751545e-06
-3.3308196e-09
1.3760209e-06
-3.3639496e-09
1.3768678e-06
-3.3633252e-09
1.3777058e-06
-3.3416794e-09
1.3785235e-06
-3.3343399e-09
1.3793408e-06
-3.315983e-09
1.3801358e-06
-3.2826049e-09
1.3809372e-06
-3.2971226e-09
1.3817244e-06
-3.3008005e-09
1.3824698e-06
-3.264736e-09
1.3832187e-06
-3.2716398e-09
1.3840183e-06
-3.3255079e-09
1.3848416e-06
-3.3199918e-09
1.3856519e-06
-3.2896739e-09
1.3864532e-06
-3.2939442e-09
1.387271e-06
-3.271396e-09
1.3881268e-06
-3.2600775e-09
1.3890027e-06
-3.2624827e-09
1.3898316e-06
-3.2456549e-09
1.3906047e-06
-3.2113729e-09
1.3914033e-06
-3.2119241e-09
1.3922358e-06
-3.2289664e-09
1.393033e-06
-3.2219094e-09
1.39382e-06
-3.24781e-09
1.3946464e-06
-3.2460705e-09
1.3954387e-06
-3.2149519e-09
1.3962047e-06
-3.1782199e-09
1.3970002e-06
-3.1390264e-09
1.3977918e-06
-3.1243168e-09
1.3985881e-06
-3.0814187e-09
1.3994093e-06
-3.0867975e-09
1.4002261e-06
-3.104788e-09
1.4010065e-06
-3.0786413e-09
1.4017997e-06
-3.0675191e-09
1.4025982e-06
-3.0741765e-09
1.4033652e-06
-3.0256375e-09
1.4041365e-06
-2.9980787e-09
1.4049173e-06
-3.0072025e-09
1.4057031e-06
-2.9589824e-09
1.4064862e-06
-2.9230827e-09
1.4072704e-06
-2.9373091e-09
1.408067e-06
-2.9500065e-09
1.408857e-06
-2.9325813e-09
1.4096207e-06
-2.9108258e-09
1.4104002e-06
-2.8915772e-09
1.4112094e-06
-2.8598528e-09
1.412033e-06
-2.877893e-09
1.412831e-06
-2.9238096e-09
1.4136001e-06
-2.9202138e-09
1.4143564e-06
-2.9260918e-09
1.4151281e-06
-2.9623979e-09
1.4159023e-06
-2.967385e-09
1.4166693e-06
-2.9626874e-09
1.417455e-06
-2.954414e-09
1.41824e-06
-2.952619e-09
1.419002e-06
-2.9505349e-09
1.4197594e-06
-2.953088e-09
1.4205339e-06
-2.954418e-09
1.4213074e-06
-2.9204577e-09
1.4220715e-06
-2.8967952e-09
1.4228343e-06
-2.8759826e-09
1.4235993e-06
-2.8889522e-09
1.4243784e-06
-2.9091085e-09
1.4251552e-06
-2.9241991e-09
1.4259224e-06
-2.9531857e-09
1.4266897e-06
-2.9697897e-09
1.4274511e-06
-2.9553671e-09
1.4282152e-06
-2.9568281e-09
1.4289995e-06
-2.9613267e-09
1.42977e-06
-2.9363436e-09
1.4305231e-06
-2.9242062e-09
1.4313013e-06
-2.9423819e-09
1.4320596e-06
-2.9349008e-09
1.4327851e-06
-2.9309746e-09
1.4335414e-06
-2.9472775e-09
1.4342953e-06
-2.9345761e-09
1.4350332e-06
-2.9338802e-09
1.4357583e-06
-2.9740228e-09
1.4364638e-06
-2.9851237e-09
1.4371673e-06
-2.9744815e-09
1.4378864e-06
-2.997512e-09
1.4386012e-06
-2.9902765e-09
1.4393021e-06
-2.9593927e-09
1.4400228e-06
-2.9663281e-09
1.4407611e-06
-2.9711726e-09
1.441462e-06
-2.9614609e-09
1.4421704e-06
-2.9472971e-09
1.4429049e-06
-2.9237817e-09
1.4436375e-06
-2.9261598e-09
1.4443856e-06
-2.9228051e-09
1.4451181e-06
-2.9024596e-09
1.4458281e-06
-2.9231604e-09
1.4465592e-06
-2.9500558e-09
1.4472761e-06
-2.95414e-09
1.4479889e-06
-2.9579983e-09
1.4487039e-06
-2.9545553e-09
1.449385e-06
-2.9498026e-09
1.4500734e-06
-2.9376008e-09
1.4507714e-06
-2.9206015e-09
1.451463e-06
-2.9140028e-09
1.4521699e-06
-2.9144074e-09
1.4528647e-06
-2.8992329e-09
1.4535589e-06
-2.8824516e-09
1.4542896e-06
-2.8820151e-09
1.4550151e-06
-2.8850806e-09
1.4557139e-06
-2.8844709e-09
1.4564393e-06
-2.8969458e-09
1.4571561e-06
-2.9151459e-09
1.4578276e-06
-2.9237972e-09
1.4585157e-06
-2.9328784e-09
1.459217e-06
-2.9416003e-09
1.4598894e-06
-2.9382945e-09
1.4605758e-06
-2.9360718e-09
1.4612755e-06
-2.9362015e-09
1.4619376e-06
-2.9462903e-09
1.4626089e-06
-2.9483336e-09
1.4632861e-06
-2.9272829e-09
1.4639376e-06
-2.9312015e-09
1.4646158e-06
-2.9371545e-09
1.4653072e-06
-2.9189073e-09
1.4659696e-06
-2.9167486e-09
1.4666569e-06
-2.9245313e-09
1.4673566e-06
-2.9176084e-09
1.4680223e-06
-2.9180378e-09
1.468705e-06
-2.9254363e-09
1.4693995e-06
-2.9361265e-09
1.4700517e-06
-2.9441729e-09
1.4707157e-06
-2.9607938e-09
1.4714124e-06
-2.9691258e-09
1.4720794e-06
-2.9739433e-09
1.4727387e-06
-2.9800096e-09
1.4734244e-06
-2.9517166e-09
1.4741119e-06
-2.9777336e-09
1.4747932e-06
-3.0040148e-09
1.4754769e-06
-2.9772447e-09
1.4761503e-06
-2.9912854e-09
1.476837e-06
-3.0207872e-09
1.4775134e-06
-3.0042031e-09
1.4781731e-06
-2.9915985e-09
1.4788636e-06
-3.0099123e-09
1.4795285e-06
-3.0037994e-09
1.4801567e-06
-2.9901299e-09
1.4808562e-06
-3.0098635e-09
1.481575e-06
-3.0249168e-09
1.4822109e-06
-3.0013201e-09
1.4828713e-06
-3.0028362e-09
1.4835675e-06
-3.0225102e-09
1.4842109e-06
-3.0170035e-09
1.4848676e-06
-3.015082e-09
1.4855558e-06
-2.9841485e-09
1.4862103e-06
-2.9842186e-09
1.4868545e-06
-2.9961589e-09
1.4874984e-06
-2.948791e-09
1.4881416e-06
-2.9492355e-09
1.488845e-06
-2.96196e-09
1.4895235e-06
-2.9476532e-09
1.4901136e-06
-2.9009666e-09
1.4907418e-06
-2.907159e-09
1.4914455e-06
-2.9477234e-09
1.4920957e-06
-2.9368001e-09
1.4926536e-06
-2.9060461e-09
1.4932673e-06
-2.9208516e-09
1.4939586e-06
-2.9439153e-09
1.4945771e-06
-2.9144487e-09
1.4951266e-06
-2.8861833e-09
1.4957252e-06
-2.8817908e-09
1.4963833e-06
-2.8986276e-09
1.496981e-06
-2.8650171e-09
1.4975253e-06
-2.8349545e-09
1.4981097e-06
-2.8276368e-09
1.4987427e-06
-2.84053e-09
1.499312e-06
-2.7861509e-09
1.4998352e-06
-2.7662539e-09
1.5004381e-06
-2.7709754e-09
1.5010736e-06
-2.7896063e-09
1.5016271e-06
-2.7462721e-09
1.5021463e-06
-2.7500868e-09
1.5027629e-06
-2.7859937e-09
1.5033795e-06
-2.8121265e-09
1.5038936e-06
-2.7925786e-09
1.5044057e-06
-2.8106233e-09
1.5050178e-06
-2.8647449e-09
1.5055912e-06
-2.8667944e-09
1.5060547e-06
-2.8345943e-09
1.5065905e-06
-2.8310834e-09
1.5072106e-06
-2.8817233e-09
1.5077646e-06
-2.8436395e-09
1.5082477e-06
-2.789144e-09
1.5087972e-06
-2.7694926e-09
1.5094276e-06
-2.8182381e-09
1.5099766e-06
-2.8107126e-09
1.510479e-06
-2.7704634e-09
1.5110487e-06
-2.7747391e-09
1.511659e-06
-2.8154865e-09
1.512186e-06
-2.7915106e-09
1.5127323e-06
-2.746178e-09
1.5133514e-06
-2.7637661e-09
1.5139054e-06
-2.7893243e-09
1.51445e-06
-2.7413321e-09
1.5150347e-06
-2.7180866e-09
1.5156294e-06
-2.7285769e-09
1.5161582e-06
-2.7161735e-09
1.5166927e-06
-2.667365e-09
1.5172711e-06
-2.6867149e-09
1.5177982e-06
-2.7050238e-09
1.5182782e-06
-2.6735125e-09
1.5187831e-06
-2.6369964e-09
1.5193387e-06
-2.6581484e-09
1.5198447e-06
-2.6563014e-09
1.5203011e-06
-2.612031e-09
1.520782e-06
-2.5796969e-09
1.5213017e-06
-2.5951516e-09
1.5217834e-06
-2.5836409e-09
1.5222224e-06
-2.5367557e-09
1.5226784e-06
-2.4977833e-09
1.5231674e-06
-2.5035796e-09
1.5236352e-06
-2.4958933e-09
1.5240658e-06
-2.4567477e-09
1.5245068e-06
-2.4201734e-09
1.524982e-06
-2.4234188e-09
1.5254459e-06
-2.4239371e-09
1.5258718e-06
-2.3938767e-09
1.5263017e-06
-2.3605784e-09
1.5267659e-06
-2.366678e-09
1.5272213e-06
-2.3753208e-09
1.5276344e-06
-2.3453275e-09
1.5280467e-06
-2.3138411e-09
1.5284954e-06
-2.3236852e-09
1.5289369e-06
-2.3342044e-09
1.5293356e-06
-2.3021403e-09
1.5297296e-06
-2.278334e-09
1.530159e-06
-2.2788513e-09
1.5305878e-06
-2.2742008e-09
1.530972e-06
-2.2383229e-09
1.5313379e-06
-2.2094677e-09
1.5317361e-06
-2.1957351e-09
1.5321503e-06
-2.1866455e-09
1.5325228e-06
-2.1500464e-09
1.5328644e-06
-2.1084392e-09
1.5332229e-06
-2.0774569e-09
1.5335921e-06
-2.0545086e-09
1.5339231e-06
-2.0066535e-09
1.534225e-06
-1.954096e-09
1.5345281e-06
-1.9098563e-09
1.5348294e-06
-1.8716499e-09
1.5351049e-06
-1.8199855e-09
1.5353654e-06
-1.7716859e-09
1.5356226e-06
-1.7258226e-09
1.535871e-06
-1.6801152e-09
1.5361026e-06
-1.6260251e-09
1.5363206e-06
-1.5711858e-09
1.5365281e-06
-1.5129809e-09
1.5367217e-06
-1.4526682e-09
1.5368999e-06
-1.3859216e-09
1.5370614e-06
-1.3172627e-09
1.5372057e-06
-1.2422361e-09
1.5373305e-06
-1.1653003e-09
1.5374359e-06
-1.0838255e-09
1.5375191e-06
-9.9940056e-10
1.5375802e-06
-9.1121111e-10
1.5376168e-06
-8.1964124e-10
1.5376295e-06
-7.2586825e-10
1.537617e-06
-6.3065242e-10
1.5375798e-06
-5.3431526e-10
1.5375176e-06
-4.3755577e-10
1.53743e-06
-3.4084913e-10
1.5373182e-06
-2.4410562e-10
1.5371822e-06
-1.4919799e-10
1.5370235e-06
-5.5019989e-11
1.536842e-06
3.8216985e-11
1.5366378e-06
1.319691e-10
1.5364106e-06
2.2435875e-10
1.5361596e-06
3.1798031e-10
1.5358837e-06
4.1421666e-10
1.535583e-06
5.0610405e-10
1.5352554e-06
6.0230532e-10
1.5349009e-06
7.0175554e-10
1.5345227e-06
7.8300655e-10
1.5341155e-06
8.8118712e-10
1.5336823e-06
9.7919006e-10
1.5332294e-06
1.0405672e-09
1.5327498e-06
1.133122e-09
1.5322483e-06
1.2118111e-09
1.5317264e-06
1.2785137e-09
1.5311851e-06
1.3456267e-09
1.5306258e-06
1.4067512e-09
1.5300509e-06
1.4601427e-09
1.5294624e-06
1.5083734e-09
1.5288631e-06
1.5491639e-09
1.5282558e-06
1.5824724e-09
1.5276433e-06
1.6087145e-09
1.5270286e-06
1.6277411e-09
1.5264144e-06
1.6407542e-09
1.5258023e-06
1.6488335e-09
1.5251945e-06
1.6528956e-09
1.5245915e-06
1.6543162e-09
1.5239944e-06
1.6531239e-09
1.523404e-06
1.6490374e-09
1.5228206e-06
1.6433206e-09
1.5222446e-06
1.6345156e-09
1.5216769e-06
1.6224018e-09
1.521118e-06
1.6062351e-09
1.5205685e-06
1.5862467e-09
1.5200302e-06
1.5584294e-09
1.5195044e-06
1.5262969e-09
1.5189888e-06
1.4855095e-09
1.5184962e-06
1.4338637e-09
1.5180094e-06
1.3795547e-09
1.5175535e-06
1.3042372e-09
1.5171167e-06
1.2343735e-09
1.516685e-06
1.1491963e-09
1.5163159e-06
1.0443739e-09
1.5159179e-06
9.589578e-10
1.5155972e-06
8.1679152e-10
1.5152921e-06
7.101657e-10
1.5149659e-06
5.749583e-10
1.5147733e-06
3.9726222e-10
1.5144911e-06
2.8761304e-10
1.5143684e-06
3.2351011e-11
1.5142826e-06
-9.4015018e-11
1.5141488e-06
-3.0707348e-10
1.5141065e-06
-5.773626e-10
1.5140421e-06
-7.9326723e-10
1.5143861e-06
-1.1751964e-09
1.5146176e-06
-1.3812382e-09
1.5148111e-06
-1.8120874e-09
1.5155947e-06
-2.4462596e-09
1.516103e-06
-2.7883029e-09
1.5162709e-06
-2.9143767e-09
1.5165326e-06
-3.5675423e-09
1.5170072e-06
-4.1166657e-09
1.5175968e-06
-4.5402295e-09
1.5183541e-06
-4.9790421e-09
1.5194775e-06
-5.3704281e-09
1.5209531e-06
-5.6522462e-09
1.522474e-06
-5.7835892e-09
1.5239545e-06
-5.7829426e-09
1.5254029e-06
-5.9117911e-09
1.5266535e-06
-5.9401231e-09
1.5280155e-06
-6.0167533e-09
1.5294543e-06
-6.1145471e-09
1.5309929e-06
-6.2443082e-09
1.5328006e-06
-6.4887513e-09
1.5345553e-06
-6.727531e-09
1.5362882e-06
-6.7381891e-09
1.538274e-06
-7.0259527e-09
1.5402007e-06
-7.1358124e-09
1.5420516e-06
-7.0965243e-09
1.5441033e-06
-7.2615447e-09
1.5463278e-06
-7.5503852e-09
1.548353e-06
-7.6339801e-09
1.5503893e-06
-7.6886262e-09
1.5526108e-06
-7.8844287e-09
1.554679e-06
-7.9184801e-09
1.5567416e-06
-8.0513911e-09
1.5591022e-06
-8.3515421e-09
1.5614505e-06
-8.3846121e-09
1.5636814e-06
-8.4094158e-09
1.5660351e-06
-8.6067007e-09
1.5685297e-06
-8.8362602e-09
1.5710921e-06
-8.9590215e-09
1.5733931e-06
-8.871536e-09
1.5756825e-06
-8.9792946e-09
1.5783198e-06
-9.1528651e-09
1.5809298e-06
-9.0819494e-09
1.5834511e-06
-9.1776995e-09
1.5860869e-06
-9.1335908e-09
1.5885691e-06
-8.8766505e-09
1.5911839e-06
-9.1500532e-09
1.5938833e-06
-9.1997174e-09
1.5961202e-06
-8.7458969e-09
1.598455e-06
-8.8048377e-09
1.6010317e-06
-8.8952872e-09
1.6032435e-06
-8.5880503e-09
1.6054794e-06
-8.4889091e-09
1.6079709e-06
-8.5086529e-09
1.6102305e-06
-8.1966531e-09
1.6123912e-06
-8.0675129e-09
1.6146198e-06
-8.0664213e-09
1.6166705e-06
-7.8818605e-09
1.6186362e-06
-7.754875e-09
1.6206443e-06
-7.670216e-09
1.6223044e-06
-7.2751902e-09
1.6235277e-06
-7.0278778e-09
1.6247457e-06
-7.1796036e-09
1.6255718e-06
-6.3710663e-09
1.6263122e-06
-5.6846696e-09
1.6267079e-06
-5.3024607e-09
1.6263542e-06
-3.925404e-09
1.6260605e-06
-2.6344158e-09
1.6258642e-06
-2.1034081e-09
1.6248479e-06
-7.5129014e-10
1.6238641e-06
5.442069e-10
1.6227642e-06
1.3171384e-09
1.6211525e-06
2.4913831e-09
1.6194397e-06
3.5497272e-09
1.6175152e-06
4.3924104e-09
1.6153041e-06
5.3278066e-09
1.6128677e-06
6.1723577e-09
1.6101876e-06
6.9732371e-09
1.6072737e-06
7.7683135e-09
1.6041197e-06
8.53866e-09
1.6007402e-06
9.2861359e-09
1.5971486e-06
1.0006008e-08
1.5933446e-06
1.0716838e-08
1.5893474e-06
1.1399387e-08
1.5851705e-06
1.2054061e-08
1.5808109e-06
1.2696905e-08
1.5762798e-06
1.3315205e-08
1.5715905e-06
1.3903241e-08
1.5667512e-06
1.4468133e-08
1.5617721e-06
1.5011766e-08
1.55666e-06
1.5537573e-08
1.5514204e-06
1.6044974e-08
1.5460603e-06
1.653407e-08
1.5405873e-06
1.7004196e-08
1.5350094e-06
1.7452208e-08
1.529331e-06
1.7882922e-08
1.5235537e-06
1.830136e-08
1.5176827e-06
1.8704787e-08
1.5117208e-06
1.9097233e-08
1.5056671e-06
1.9481211e-08
1.4995304e-06
1.9842892e-08
1.4933228e-06
2.0179802e-08
1.4870486e-06
2.0499363e-08
1.4807133e-06
2.0800397e-08
1.4743218e-06
2.1086731e-08
1.4678796e-06
2.1358339e-08
1.4613947e-06
2.1608816e-08
1.4548735e-06
2.1839151e-08
1.448318e-06
2.2052425e-08
1.4417342e-06
2.224386e-08
1.4351309e-06
2.2408105e-08
1.4285159e-06
2.2543091e-08
1.4218965e-06
2.2646906e-08
1.4152814e-06
2.2717383e-08
1.4086783e-06
2.2754381e-08
1.4020938e-06
2.2757107e-08
1.3955344e-06
2.2723915e-08
1.3890075e-06
2.2651559e-08
1.3825226e-06
2.2535756e-08
1.3760895e-06
2.2374216e-08
1.3697182e-06
2.216667e-08
1.3634187e-06
2.1913396e-08
1.3572002e-06
2.1615268e-08
1.3510726e-06
2.1273339e-08
1.3450449e-06
2.08906e-08
1.3391247e-06
2.0471876e-08
1.3333183e-06
2.0022732e-08
1.3276304e-06
1.9548473e-08
1.3220643e-06
1.9054852e-08
1.3166215e-06
1.8547734e-08
1.3113026e-06
1.8031041e-08
1.3061078e-06
1.7508158e-08
1.3010361e-06
1.698249e-08
1.2960863e-06
1.6455683e-08
1.2912577e-06
1.5927448e-08
1.2865498e-06
1.5397581e-08
1.2819614e-06
1.4867867e-08
1.2774941e-06
1.433125e-08
1.2731497e-06
1.3793738e-08
1.2689223e-06
1.3254873e-08
1.2648162e-06
1.270633e-08
1.2608485e-06
1.214028e-08
1.2569894e-06
1.1606178e-08
1.2532284e-06
1.103945e-08
1.2496725e-06
1.0395182e-08
1.2462166e-06
9.8922923e-09
1.242772e-06
9.304336e-09
1.2396561e-06
8.5246765e-09
1.236625e-06
8.0356073e-09
1.233552e-06
7.4423632e-09
1.2310004e-06
6.3612373e-09
1.228519e-06
5.6410463e-09
1.2256176e-06
4.8809414e-09
1.223339e-06
3.5005874e-09
1.2214048e-06
2.5248967e-09
1.2190774e-06
1.7826656e-09
1.2164192e-06
5.8935345e-10
1.2144867e-06
-9.2517949e-10
1.2133865e-06
-2.019001e-09
1.2125711e-06
-2.4353617e-09
1.2120706e-06
-2.833366e-09
1.2116516e-06
-2.9962375e-09
1.2111448e-06
-3.1006331e-09
1.2109315e-06
-3.412425e-09
1.2110585e-06
-3.7945407e-09
1.2110515e-06
-3.9922541e-09
1.2109567e-06
-4.2056016e-09
1.2112133e-06
-4.6390483e-09
1.2117036e-06
-5.0212243e-09
1.2122732e-06
-5.4051403e-09
1.2129275e-06
-5.7588068e-09
1.2137612e-06
-6.2093681e-09
1.2147209e-06
-6.5989822e-09
1.2158712e-06
-7.0794024e-09
1.2171429e-06
-7.5456534e-09
1.2185874e-06
-8.0641325e-09
1.220202e-06
-8.5637253e-09
1.221996e-06
-9.1001273e-09
1.2239696e-06
-9.6386392e-09
1.2261491e-06
-1.0204128e-08
1.2285361e-06
-1.076774e-08
1.2311326e-06
-1.1341026e-08
1.2339351e-06
-1.1908065e-08
1.2369562e-06
-1.2480631e-08
1.2402032e-06
-1.3056852e-08
1.2436835e-06
-1.3636889e-08
1.2474025e-06
-1.4213979e-08
1.2513639e-06
-1.4783945e-08
1.2555679e-06
-1.5343847e-08
1.260014e-06
-1.5891954e-08
1.2647025e-06
-1.6427641e-08
1.2696336e-06
-1.6949899e-08
1.2748095e-06
-1.7458533e-08
1.2802287e-06
-1.7951292e-08
1.2858879e-06
-1.8424845e-08
1.2917847e-06
-1.8878664e-08
1.2979157e-06
-1.9307877e-08
1.3042762e-06
-1.9712313e-08
1.3108578e-06
-2.0085508e-08
1.3176502e-06
-2.0428224e-08
1.3246411e-06
-2.0731789e-08
1.3318181e-06
-2.1000693e-08
1.3391643e-06
-2.1224558e-08
1.3466622e-06
-2.1409279e-08
1.3542883e-06
-2.1538758e-08
1.3620232e-06
-2.1626918e-08
1.3698409e-06
-2.1654577e-08
1.3777234e-06
-2.1642675e-08
1.3856398e-06
-2.1568443e-08
1.3935707e-06
-2.14471e-08
1.4014747e-06
-2.1258274e-08
1.4093389e-06
-2.101374e-08
1.4171157e-06
-2.0720768e-08
1.424801e-06
-2.0346323e-08
1.4323414e-06
-1.9985258e-08
1.4397423e-06
-1.946013e-08
1.4469494e-06
-1.9090515e-08
1.4539508e-06
-1.8350877e-08
1.460729e-06
-1.8024929e-08
1.4672713e-06
-1.7097308e-08
1.4735499e-06
-1.6817274e-08
1.4795466e-06
-1.5692173e-08
1.4853172e-06
-1.5710178e-08
1.4909056e-06
-1.4627323e-08
-1.3562738e-08
1.2089199e-06
-8.7875218e-10
1.209395e-06
-2.2396187e-09
1.2101924e-06
-3.7926253e-09
1.2112311e-06
-4.9996114e-09
1.2124869e-06
-6.1410113e-09
1.2139139e-06
-7.1057538e-09
1.215465e-06
-7.8760425e-09
1.2171047e-06
-8.4906424e-09
1.2187987e-06
-8.9502308e-09
1.2205241e-06
-9.2799426e-09
1.2222593e-06
-9.496163e-09
1.2239918e-06
-9.6248938e-09
1.2257123e-06
-9.6741193e-09
1.2274097e-06
-9.6697192e-09
1.2290819e-06
-9.6208068e-09
1.2307266e-06
-9.5385584e-09
1.232342e-06
-9.4319237e-09
1.2339273e-06
-9.3078141e-09
1.2354826e-06
-9.1723038e-09
1.2370082e-06
-9.0293129e-09
1.2385049e-06
-8.8826715e-09
1.2399735e-06
-8.734391e-09
1.2414151e-06
-8.5868899e-09
1.2428306e-06
-8.4410261e-09
1.2442211e-06
-8.298136e-09
1.2455877e-06
-8.1589087e-09
1.2469315e-06
-8.0239198e-09
1.2482535e-06
-7.8931608e-09
1.2495546e-06
-7.7670825e-09
1.2508357e-06
-7.6453603e-09
1.2520979e-06
-7.5282238e-09
1.2533418e-06
-7.4154562e-09
1.2545681e-06
-7.3064332e-09
1.2557775e-06
-7.2019173e-09
1.2569709e-06
-7.1011832e-09
1.2581491e-06
-7.0048887e-09
1.2593126e-06
-6.9119039e-09
1.2604624e-06
-6.8231389e-09
1.2615989e-06
-6.7373782e-09
1.262723e-06
-6.6554824e-09
1.2638352e-06
-6.5765233e-09
1.264936e-06
-6.5004717e-09
1.2660259e-06
-6.4268701e-09
1.2671052e-06
-6.355783e-09
1.2681744e-06
-6.287364e-09
1.2692341e-06
-6.221295e-09
1.2702848e-06
-6.1578884e-09
1.2713267e-06
-6.0962129e-09
1.2723606e-06
-6.0375585e-09
1.2733865e-06
-5.9800271e-09
1.274405e-06
-5.9250271e-09
1.275416e-06
-5.8711018e-09
1.2764202e-06
-5.8193246e-09
1.2774179e-06
-5.7695124e-09
1.2784092e-06
-5.7209602e-09
1.2793956e-06
-5.6756946e-09
1.2803766e-06
-5.631188e-09
1.2813535e-06
-5.5895946e-09
1.2823257e-06
-5.5485967e-09
1.2832934e-06
-5.50834e-09
1.2842568e-06
-5.4688964e-09
1.2852163e-06
-5.431346e-09
1.2861724e-06
-5.394631e-09
1.2871255e-06
-5.3598379e-09
1.2880758e-06
-5.3255143e-09
1.2890235e-06
-5.2933147e-09
1.2899688e-06
-5.2611622e-09
1.290912e-06
-5.2311178e-09
1.2918531e-06
-5.2009099e-09
1.2927924e-06
-5.1730091e-09
1.2937297e-06
-5.1439364e-09
1.2946658e-06
-5.1187881e-09
1.2955991e-06
-5.0897522e-09
1.2965321e-06
-5.0681681e-09
1.297462e-06
-5.0411448e-09
1.2983937e-06
-5.022827e-09
1.2993238e-06
-5.0013247e-09
1.3002569e-06
-4.9868389e-09
1.3011885e-06
-4.9642073e-09
1.3021179e-06
-4.9419024e-09
1.3030458e-06
-4.9205351e-09
1.3039729e-06
-4.9007314e-09
1.3048998e-06
-4.8818904e-09
1.3058262e-06
-4.8637996e-09
1.3067525e-06
-4.8461453e-09
1.3076791e-06
-4.8299054e-09
1.3086049e-06
-4.8122262e-09
1.3095321e-06
-4.7992477e-09
1.3104582e-06
-4.7811848e-09
1.311385e-06
-4.7685491e-09
1.3123145e-06
-4.75776e-09
1.3132382e-06
-4.7334923e-09
1.3141721e-06
-4.73932e-09
1.3150953e-06
-4.7054041e-09
1.3160229e-06
-4.7020987e-09
1.3169608e-06
-4.7050284e-09
1.3178766e-06
-4.6575654e-09
1.3188087e-06
-4.6761848e-09
1.3197422e-06
-4.6624957e-09
1.3206665e-06
-4.6389679e-09
1.3216064e-06
-4.6589981e-09
1.3225433e-06
-4.6524655e-09
1.3234688e-06
-4.6293351e-09
1.3243959e-06
-4.6211386e-09
1.32532e-06
-4.6069113e-09
1.3262506e-06
-4.6059143e-09
1.3271824e-06
-4.6081041e-09
1.3281072e-06
-4.5822826e-09
1.3290433e-06
-4.5712074e-09
1.3299685e-06
-4.5649702e-09
1.3309189e-06
-4.5650497e-09
1.3318478e-06
-4.5441535e-09
1.3327805e-06
-4.5337956e-09
1.3337409e-06
-4.5400093e-09
1.3346476e-06
-4.5129949e-09
1.3356237e-06
-4.5334181e-09
1.3365573e-06
-4.5144728e-09
1.3374809e-06
-4.5043334e-09
1.3384573e-06
-4.5182342e-09
1.3393672e-06
-4.4908197e-09
1.3403322e-06
-4.506878e-09
1.3412822e-06
-4.4946722e-09
1.3421978e-06
-4.4740358e-09
1.3431226e-06
-4.4723434e-09
1.3440371e-06
-4.4640389e-09
1.344957e-06
-4.4535553e-09
1.3458421e-06
-4.4390207e-09
1.3467743e-06
-4.4598583e-09
1.3477409e-06
-4.4614001e-09
1.3486308e-06
-4.4172133e-09
1.3495141e-06
-4.416016e-09
1.3504258e-06
-4.4247424e-09
1.3513695e-06
-4.4347179e-09
1.3523122e-06
-4.4423345e-09
1.3532142e-06
-4.4073172e-09
1.3541219e-06
-4.4176445e-09
1.3550611e-06
-4.4155084e-09
1.3559805e-06
-4.4049453e-09
1.3569003e-06
-4.4131854e-09
1.3578595e-06
-4.41069e-09
1.3588468e-06
-4.435921e-09
1.3598229e-06
-4.4243134e-09
1.360796e-06
-4.4213304e-09
1.3617471e-06
-4.4104458e-09
1.3626855e-06
-4.3972923e-09
1.3636358e-06
-4.4170401e-09
1.364605e-06
-4.3913424e-09
1.3655836e-06
-4.4126884e-09
1.3665345e-06
-4.4042561e-09
1.3674857e-06
-4.3554804e-09
1.3684416e-06
-4.3863144e-09
1.3694052e-06
-4.4023825e-09
1.3703547e-06
-4.3630344e-09
1.371291e-06
-4.3394466e-09
1.3722513e-06
-4.3356017e-09
1.3732079e-06
-4.3402202e-09
1.3741507e-06
-4.3357011e-09
1.3750872e-06
-4.3249653e-09
1.3760301e-06
-4.3222204e-09
1.376967e-06
-4.3255035e-09
1.3779117e-06
-4.326699e-09
1.3788698e-06
-4.3302393e-09
1.3798137e-06
-4.3226804e-09
1.380755e-06
-4.3206789e-09
1.3816998e-06
-4.3437969e-09
1.3826496e-06
-4.33187e-09
1.3835909e-06
-4.305126e-09
1.3845268e-06
-4.2920725e-09
1.3854631e-06
-4.2948169e-09
1.3863861e-06
-4.2894173e-09
1.3873193e-06
-4.2741215e-09
1.3882532e-06
-4.2651163e-09
1.3891889e-06
-4.2693511e-09
1.3901411e-06
-4.2859729e-09
1.3910671e-06
-4.2936961e-09
1.3919845e-06
-4.284721e-09
1.3929151e-06
-4.2753983e-09
1.3938424e-06
-4.2635633e-09
1.3947679e-06
-4.2433541e-09
1.3957114e-06
-4.2278061e-09
1.3966407e-06
-4.2262531e-09
1.3975672e-06
-4.2259556e-09
1.3985094e-06
-4.2052237e-09
1.3994535e-06
-4.2142179e-09
1.4003657e-06
-4.2368384e-09
1.4012804e-06
-4.2352473e-09
1.4022198e-06
-4.2308401e-09
1.4031464e-06
-4.2225325e-09
1.4040787e-06
-4.2054658e-09
1.4050128e-06
-4.1965689e-09
1.4059312e-06
-4.1840984e-09
1.4068617e-06
-4.1796908e-09
1.4078001e-06
-4.1539643e-09
1.4087253e-06
-4.1417909e-09
1.4096461e-06
-4.1552131e-09
1.4105614e-06
-4.1442494e-09
1.4114542e-06
-4.1490376e-09
1.4123466e-06
-4.1477048e-09
1.4132477e-06
-4.125186e-09
1.4141556e-06
-4.0948986e-09
1.4150724e-06
-4.0635362e-09
1.4159806e-06
-4.0395798e-09
1.4169066e-06
-4.0140851e-09
1.4178226e-06
-4.009364e-09
1.4187177e-06
-4.007628e-09
1.4196198e-06
-3.990078e-09
1.4205182e-06
-3.9763663e-09
1.4213983e-06
-3.9653449e-09
1.4222998e-06
-3.9380872e-09
1.4232049e-06
-3.9133292e-09
1.4240863e-06
-3.8988008e-09
1.4249914e-06
-3.8744146e-09
1.4259097e-06
-3.8515195e-09
1.4268076e-06
-3.8448529e-09
1.4276979e-06
-3.84953e-09
1.4285985e-06
-3.8418748e-09
1.4294943e-06
-3.8137591e-09
1.4303978e-06
-3.800583e-09
1.4313271e-06
-3.794737e-09
1.4322445e-06
-3.8013801e-09
1.4331283e-06
-3.8127608e-09
1.4340225e-06
-3.8179326e-09
1.4349198e-06
-3.8251056e-09
1.4357973e-06
-3.8403605e-09
1.4366731e-06
-3.8432608e-09
1.4375523e-06
-3.8427688e-09
1.4384392e-06
-3.8444199e-09
1.4393205e-06
-3.8403325e-09
1.4401905e-06
-3.8313832e-09
1.4410523e-06
-3.8302739e-09
1.4419054e-06
-3.8258747e-09
1.442763e-06
-3.7970342e-09
1.4436283e-06
-3.779562e-09
1.4445137e-06
-3.7756704e-09
1.4453923e-06
-3.7779491e-09
1.4462592e-06
-3.7824632e-09
1.44713e-06
-3.7979926e-09
1.4479926e-06
-3.8165848e-09
1.4488509e-06
-3.8283834e-09
1.44972e-06
-3.8268788e-09
1.4505821e-06
-3.8243928e-09
1.4514313e-06
-3.8189985e-09
1.4522918e-06
-3.8079913e-09
1.4531499e-06
-3.7952281e-09
1.4539861e-06
-3.7930725e-09
1.4548276e-06
-3.7932462e-09
1.4556687e-06
-3.7916958e-09
1.4564902e-06
-3.7913819e-09
1.4573165e-06
-3.7864369e-09
1.4581446e-06
-3.7898844e-09
1.4589403e-06
-3.7996322e-09
1.4597307e-06
-3.8072994e-09
1.4605368e-06
-3.8135162e-09
1.4613258e-06
-3.8200669e-09
1.462111e-06
-3.808692e-09
1.4629131e-06
-3.7935437e-09
1.4637166e-06
-3.8002979e-09
1.4645135e-06
-3.7968348e-09
1.4653044e-06
-3.7798866e-09
1.4661017e-06
-3.7706016e-09
1.466919e-06
-3.7655017e-09
1.4677286e-06
-3.7588399e-09
1.4685338e-06
-3.7497907e-09
1.4693528e-06
-3.7416261e-09
1.4701662e-06
-3.7552979e-09
1.4709589e-06
-3.7611478e-09
1.4717446e-06
-3.7592245e-09
1.4725338e-06
-3.7684771e-09
1.4733216e-06
-3.7656602e-09
1.474097e-06
-3.7498378e-09
1.474871e-06
-3.7364551e-09
1.4756499e-06
-3.7232439e-09
1.4764304e-06
-3.7163281e-09
1.4772049e-06
-3.7086894e-09
1.4779852e-06
-3.696695e-09
1.4787754e-06
-3.6874268e-09
1.4795657e-06
-3.6847712e-09
1.480354e-06
-3.6847623e-09
1.481144e-06
-3.6858205e-09
1.4819289e-06
-3.6947028e-09
1.4826993e-06
-3.7007983e-09
1.4834626e-06
-3.7053929e-09
1.4842241e-06
-3.7154742e-09
1.4849761e-06
-3.7171684e-09
1.4857234e-06
-3.7114996e-09
1.4864755e-06
-3.7164782e-09
1.4872276e-06
-3.7185788e-09
1.4879617e-06
-3.7120405e-09
1.4886937e-06
-3.7126409e-09
1.489441e-06
-3.7065595e-09
1.4901778e-06
-3.6988532e-09
1.4909085e-06
-3.6970245e-09
1.4916525e-06
-3.6905985e-09
1.4923972e-06
-3.6882346e-09
1.4931381e-06
-3.6923522e-09
1.4938801e-06
-3.6876555e-09
1.4946192e-06
-3.6862176e-09
1.4953582e-06
-3.6941783e-09
1.496096e-06
-3.7037142e-09
1.496827e-06
-3.7049501e-09
1.4975583e-06
-3.7219845e-09
1.4982989e-06
-3.739927e-09
1.4990259e-06
-3.7316967e-09
1.4997506e-06
-3.7357091e-09
1.5005148e-06
-3.7467065e-09
1.5012585e-06
-3.7515449e-09
1.5019805e-06
-3.7556389e-09
1.5027358e-06
-3.7623029e-09
1.5034926e-06
-3.7786658e-09
1.5042177e-06
-3.7773189e-09
1.5049504e-06
-3.7686498e-09
1.5057031e-06
-3.7760146e-09
1.5064394e-06
-3.7780929e-09
1.5071678e-06
-3.7639376e-09
1.5079124e-06
-3.7660661e-09
1.5086564e-06
-3.7846908e-09
1.5093857e-06
-3.7848396e-09
1.5101142e-06
-3.760118e-09
1.5108429e-06
-3.7611376e-09
1.51157e-06
-3.7783026e-09
1.5122875e-06
-3.7629264e-09
1.5130057e-06
-3.7618335e-09
1.5137512e-06
-3.7583616e-09
1.5144697e-06
-3.7313832e-09
1.5151595e-06
-3.7145318e-09
1.5158793e-06
-3.6975201e-09
1.5166099e-06
-3.7092129e-09
1.5173161e-06
-3.6979562e-09
1.5180117e-06
-3.6732875e-09
1.5187239e-06
-3.6432688e-09
1.51944e-06
-3.6535099e-09
1.5201218e-06
-3.6602708e-09
1.5207909e-06
-3.6377292e-09
1.5214727e-06
-3.6214405e-09
1.5221487e-06
-3.6328847e-09
1.5227932e-06
-3.6273993e-09
1.5234322e-06
-3.595555e-09
1.5240835e-06
-3.5826364e-09
1.5247313e-06
-3.5779775e-09
1.5253463e-06
-3.5649244e-09
1.5259634e-06
-3.5364129e-09
1.5265943e-06
-3.5228602e-09
1.527219e-06
-3.5118206e-09
1.5278148e-06
-3.4979903e-09
1.5284296e-06
-3.4642422e-09
1.5290582e-06
-3.4593994e-09
1.5296763e-06
-3.4544207e-09
1.53027e-06
-3.4493817e-09
1.5308813e-06
-3.4244518e-09
1.5315041e-06
-3.4403902e-09
1.5321102e-06
-3.4601868e-09
1.5326951e-06
-3.4655594e-09
1.5332907e-06
-3.4571332e-09
1.5338952e-06
-3.4843217e-09
1.5344699e-06
-3.5087635e-09
1.5350347e-06
-3.5013987e-09
1.5356266e-06
-3.4974104e-09
1.5362339e-06
-3.510646e-09
1.5367942e-06
-3.5155616e-09
1.5373562e-06
-3.4812966e-09
1.5379463e-06
-3.4571235e-09
1.5385642e-06
-3.4662619e-09
1.5391384e-06
-3.4705643e-09
1.5396912e-06
-3.4399701e-09
1.5402924e-06
-3.4449821e-09
1.5409221e-06
-3.4739371e-09
1.5414967e-06
-3.4554932e-09
1.5420649e-06
-3.4215599e-09
1.5427058e-06
-3.4451952e-09
1.5433325e-06
-3.4448657e-09
1.5439003e-06
-3.4088075e-09
1.544499e-06
-3.3905878e-09
1.545128e-06
-3.3971168e-09
1.5457046e-06
-3.355205e-09
1.546257e-06
-3.3183833e-09
1.546853e-06
-3.3135916e-09
1.5474271e-06
-3.3117189e-09
1.547946e-06
-3.2762446e-09
1.5484666e-06
-3.2489087e-09
1.5490236e-06
-3.2519205e-09
1.5495507e-06
-3.2467042e-09
1.550034e-06
-3.2045064e-09
1.5505258e-06
-3.1724796e-09
1.551045e-06
-3.1712908e-09
1.551536e-06
-3.1622527e-09
1.5519898e-06
-3.1170648e-09
1.5524486e-06
-3.0785867e-09
1.5529371e-06
-3.0720102e-09
1.5534087e-06
-3.0631893e-09
1.553846e-06
-3.0225222e-09
1.554288e-06
-2.9887568e-09
1.5547614e-06
-2.9834966e-09
1.5552266e-06
-2.9778886e-09
1.5556542e-06
-2.9400091e-09
1.5560834e-06
-2.9109275e-09
1.5565464e-06
-2.9114329e-09
1.5570002e-06
-2.9088736e-09
1.5574112e-06
-2.8756166e-09
1.557824e-06
-2.8489247e-09
1.5582722e-06
-2.8544336e-09
1.5587092e-06
-2.8547738e-09
1.5591048e-06
-2.8257108e-09
1.5595056e-06
-2.8006282e-09
1.5599297e-06
-2.8018605e-09
1.5603443e-06
-2.7941147e-09
1.5607273e-06
-2.7589522e-09
1.5611056e-06
-2.7193745e-09
1.5614963e-06
-2.7037825e-09
1.5618861e-06
-2.6899634e-09
1.5622491e-06
-2.655475e-09
1.5626031e-06
-2.6118849e-09
1.562964e-06
-2.5795059e-09
1.5633165e-06
-2.5430036e-09
1.5636366e-06
-2.4907605e-09
1.5639388e-06
-2.428707e-09
1.5642328e-06
-2.3714724e-09
1.5645135e-06
-2.317468e-09
1.5647715e-06
-2.2596889e-09
1.5650178e-06
-2.1991311e-09
1.5652552e-06
-2.1442781e-09
1.5654804e-06
-2.0880182e-09
1.5656927e-06
-2.0308217e-09
1.565894e-06
-1.9671127e-09
1.5660802e-06
-1.8981821e-09
1.5662525e-06
-1.8269923e-09
1.5664095e-06
-1.7521433e-09
1.5665506e-06
-1.6707764e-09
1.5666738e-06
-1.5858759e-09
1.5667767e-06
-1.4931172e-09
1.5668576e-06
-1.3974506e-09
1.5669162e-06
-1.297586e-09
1.566951e-06
-1.1941452e-09
1.5669607e-06
-1.0863652e-09
1.5669434e-06
-9.7396935e-10
1.566898e-06
-8.5871221e-10
1.5668241e-06
-7.4194784e-10
1.5667214e-06
-6.238503e-10
1.5665898e-06
-5.0478688e-10
1.5664296e-06
-3.8575676e-10
1.566242e-06
-2.6732572e-10
1.5660286e-06
-1.5187629e-10
1.5657906e-06
-3.7672088e-11
1.5655281e-06
7.5490725e-11
1.5652413e-06
1.8899415e-10
1.5649294e-06
3.015459e-10
1.5645908e-06
4.161298e-10
1.5642242e-06
5.3425175e-10
1.5638293e-06
6.4782801e-10
1.5634028e-06
7.6791018e-10
1.5629461e-06
8.9039354e-10
1.5624613e-06
9.9177999e-10
1.5619437e-06
1.1146426e-09
1.5613968e-06
1.2344659e-09
1.5608276e-06
1.3105805e-09
1.5602287e-06
1.4249766e-09
1.5596052e-06
1.5210038e-09
1.5589592e-06
1.6033304e-09
1.5582916e-06
1.6854993e-09
1.5576049e-06
1.7601307e-09
1.5569015e-06
1.8254078e-09
1.5561842e-06
1.88404e-09
1.5554567e-06
1.93304e-09
1.5547227e-06
1.9724307e-09
1.5539863e-06
2.0024364e-09
1.5532513e-06
2.022865e-09
1.5525212e-06
2.0355762e-09
1.5517981e-06
2.042412e-09
1.551084e-06
2.0441258e-09
1.550379e-06
2.0439548e-09
1.5496838e-06
2.0410398e-09
1.5489992e-06
2.0345823e-09
1.5483245e-06
2.0275257e-09
1.5476597e-06
2.0173778e-09
1.5470053e-06
2.0033912e-09
1.5463607e-06
1.9855935e-09
1.545727e-06
1.9626492e-09
1.5451046e-06
1.9311037e-09
1.5444959e-06
1.8926891e-09
1.5439001e-06
1.8462241e-09
1.5433192e-06
1.7867947e-09
1.5427604e-06
1.7173583e-09
1.5422136e-06
1.6369688e-09
1.5416985e-06
1.5420838e-09
1.5412006e-06
1.4469941e-09
1.5407233e-06
1.3288526e-09
1.5402942e-06
1.2033858e-09
1.539859e-06
1.0758541e-09
1.5394919e-06
9.1041885e-10
1.5391398e-06
7.7060713e-10
1.5388156e-06
5.7587446e-10
1.5385798e-06
3.9047254e-10
1.5382942e-06
1.9824276e-10
1.5381648e-06
-6.9685147e-11
1.5380346e-06
-2.6476377e-10
1.5379347e-06
-5.4553251e-10
1.5379773e-06
-8.7868868e-10
1.537996e-06
-1.2067214e-09
1.5382926e-06
-1.6595139e-09
1.5386255e-06
-2.0933881e-09
1.5387151e-06
-2.4523015e-09
1.5389615e-06
-2.9200034e-09
1.5396993e-06
-3.5015502e-09
1.5401171e-06
-3.801421e-09
1.5405071e-06
-4.2916883e-09
1.5411156e-06
-4.9020983e-09
1.5416906e-06
-5.2772888e-09
1.5424354e-06
-5.8120766e-09
1.5435181e-06
-6.4157759e-09
1.5449752e-06
-6.9096098e-09
1.5465022e-06
-6.9607635e-09
1.5479557e-06
-6.9913706e-09
1.5495725e-06
-7.1583597e-09
1.5513636e-06
-7.3858115e-09
1.5530773e-06
-7.3816673e-09
1.5550278e-06
-7.7179698e-09
1.5569616e-06
-7.9160043e-09
1.5588147e-06
-8.0483189e-09
1.5610968e-06
-8.4656784e-09
1.563395e-06
-8.7525351e-09
1.5654753e-06
-8.623152e-09
1.5678296e-06
-8.8337919e-09
1.5702944e-06
-9.0898986e-09
1.5726703e-06
-9.2716284e-09
1.5750892e-06
-9.3810089e-09
1.5776836e-06
-9.592557e-09
1.5801301e-06
-9.6210884e-09
1.5826149e-06
-9.6761177e-09
1.5853147e-06
-1.0009078e-08
1.587919e-06
-1.0198687e-08
1.5905241e-06
-1.0219461e-08
1.593277e-06
-1.0381579e-08
1.5961251e-06
-1.0665801e-08
1.598913e-06
-1.0828546e-08
1.601651e-06
-1.0894537e-08
1.6045233e-06
-1.0932843e-08
1.6074934e-06
-1.1134055e-08
1.6104949e-06
-1.1337038e-08
1.6135064e-06
-1.1276225e-08
1.6163e-06
-1.1159432e-08
1.619128e-06
-1.115936e-08
1.62244e-06
-1.140002e-08
1.6251759e-06
-1.1114964e-08
1.6276453e-06
-1.0919099e-08
1.6307171e-06
-1.109098e-08
1.6335281e-06
-1.0913602e-08
1.6360418e-06
-1.0736659e-08
1.6388182e-06
-1.0725729e-08
1.6414262e-06
-1.0495619e-08
1.6438261e-06
-1.0343793e-08
1.6465013e-06
-1.0338799e-08
1.6489595e-06
-1.0031099e-08
1.6512139e-06
-9.8734247e-09
1.6535485e-06
-9.8198458e-09
1.6556194e-06
-9.4810861e-09
1.6573666e-06
-9.1335619e-09
1.6589825e-06
-8.6907854e-09
1.6605262e-06
-8.4719618e-09
1.6609656e-06
-7.6257414e-09
1.6609192e-06
-6.4498171e-09
1.6611728e-06
-6.1976233e-09
1.6609449e-06
-5.4510929e-09
1.6602073e-06
-3.6961985e-09
1.6596981e-06
-2.8807263e-09
1.6586017e-06
-1.8592834e-09
1.6570992e-06
-2.2281244e-10
1.6557207e-06
7.9577189e-10
1.6538359e-06
1.9163573e-09
1.6516198e-06
3.2736107e-09
1.649302e-06
4.2975543e-09
1.6466351e-06
5.3590954e-09
1.6436788e-06
6.4591625e-09
1.6404866e-06
7.4198407e-09
1.6370289e-06
8.37148e-09
1.6332981e-06
9.3308428e-09
1.6293272e-06
1.0238954e-08
1.6251364e-06
1.1110931e-08
1.6207062e-06
1.1981464e-08
1.6160727e-06
1.2813428e-08
1.6112475e-06
1.3612225e-08
1.6062163e-06
1.4403793e-08
1.6010162e-06
1.5152696e-08
1.5956578e-06
1.5872573e-08
1.5901284e-06
1.6581688e-08
1.5844552e-06
1.7246404e-08
1.5786493e-06
1.7884212e-08
1.5727015e-06
1.8519235e-08
1.5666314e-06
1.9121224e-08
1.5604547e-06
1.9694009e-08
1.5541682e-06
2.0255457e-08
1.547785e-06
2.0785618e-08
1.5413242e-06
2.1282665e-08
1.5347884e-06
2.1767909e-08
1.5281792e-06
2.2238994e-08
1.5215036e-06
2.2694485e-08
1.5147673e-06
2.3138274e-08
1.5079682e-06
2.3564475e-08
1.5011051e-06
2.3969684e-08
1.4941824e-06
2.4355967e-08
1.4872185e-06
2.4708014e-08
1.4802172e-06
2.5043901e-08
1.4731787e-06
2.5367818e-08
1.4661128e-06
2.5663755e-08
1.4590304e-06
2.5931474e-08
1.4519416e-06
2.6174884e-08
1.4448499e-06
2.6395599e-08
1.4377557e-06
2.6591259e-08
1.4306675e-06
2.6751462e-08
1.4235966e-06
2.6870953e-08
1.4165498e-06
2.6951608e-08
1.4095297e-06
2.699686e-08
1.4025417e-06
2.7002918e-08
1.3955929e-06
2.6966402e-08
1.3886902e-06
2.6883886e-08
1.3818437e-06
2.6748323e-08
1.3750644e-06
2.6556359e-08
1.3683619e-06
2.6308934e-08
1.3617464e-06
2.6006154e-08
1.3552285e-06
2.5648151e-08
1.3488186e-06
2.5236274e-08
1.3425271e-06
2.4773211e-08
1.3363621e-06
2.4266168e-08
1.3303293e-06
2.3722456e-08
1.3244333e-06
2.3148992e-08
1.3186765e-06
2.2552853e-08
1.3130598e-06
2.1941748e-08
1.307582e-06
2.1321544e-08
1.3022417e-06
2.0695821e-08
1.2970377e-06
2.0067792e-08
1.2919664e-06
1.9441223e-08
1.2870242e-06
1.8816423e-08
1.2822132e-06
1.8186991e-08
1.2775314e-06
1.7559557e-08
1.2729716e-06
1.6931683e-08
1.2685468e-06
1.6289768e-08
1.2642548e-06
1.5648399e-08
1.2600702e-06
1.5022918e-08
1.2560284e-06
1.4344253e-08
1.2521557e-06
1.3671339e-08
1.2483383e-06
1.3080312e-08
1.2446501e-06
1.2338266e-08
1.2412604e-06
1.1568522e-08
1.2378295e-06
1.1054941e-08
1.2344425e-06
1.0265902e-08
1.2315539e-06
9.3147907e-09
1.2286502e-06
8.776873e-09
1.2256223e-06
7.863552e-09
1.2231959e-06
6.588273e-09
1.2208214e-06
5.8262875e-09
1.2180142e-06
4.9307647e-09
1.2157701e-06
3.4471586e-09
1.2138986e-06
2.3908515e-09
1.2118195e-06
1.4664772e-09
1.2094462e-06
3.0884495e-10
1.2074849e-06
-1.1351151e-09
1.2062914e-06
-2.2588118e-09
1.205325e-06
-2.8248626e-09
1.2049389e-06
-3.5077741e-09
1.2048024e-06
-3.8000043e-09
1.2047362e-06
-4.1186019e-09
1.2045983e-06
-4.3610169e-09
1.2047108e-06
-4.7393791e-09
1.2052294e-06
-5.2956906e-09
1.2057912e-06
-5.7124323e-09
1.2064737e-06
-6.1269354e-09
1.2073188e-06
-6.57099e-09
1.208302e-06
-7.0252009e-09
1.2094009e-06
-7.5168658e-09
1.2107214e-06
-8.0365434e-09
1.2122105e-06
-8.5867176e-09
1.213873e-06
-9.1272776e-09
1.2156918e-06
-9.6995354e-09
1.2177312e-06
-1.0311015e-08
1.2200023e-06
-1.0964849e-08
1.2225027e-06
-1.1612704e-08
1.2252049e-06
-1.2255052e-08
1.2281309e-06
-1.2912789e-08
1.231308e-06
-1.3602866e-08
1.234768e-06
-1.4314484e-08
1.2385152e-06
-1.5031997e-08
1.2425472e-06
-1.5746949e-08
1.2468578e-06
-1.6455459e-08
1.2514469e-06
-1.7157427e-08
1.2563168e-06
-1.7850739e-08
1.2614722e-06
-1.8534959e-08
1.2669173e-06
-1.920819e-08
1.2726555e-06
-1.9869229e-08
1.2786879e-06
-2.0515366e-08
1.2850145e-06
-2.1145636e-08
1.2916341e-06
-2.1757867e-08
1.2985436e-06
-2.2347634e-08
1.3057374e-06
-2.2913209e-08
1.3132077e-06
-2.3448961e-08
1.3209444e-06
-2.3954124e-08
1.3289342e-06
-2.4420675e-08
1.3371613e-06
-2.4848533e-08
1.3456068e-06
-2.5228048e-08
1.3542498e-06
-2.5563518e-08
1.3630671e-06
-2.5843661e-08
1.3720341e-06
-2.6075527e-08
1.3811192e-06
-2.6237041e-08
1.3902944e-06
-2.6347148e-08
1.3995238e-06
-2.6379732e-08
1.4087793e-06
-2.6364059e-08
1.4180187e-06
-2.6264818e-08
1.4272112e-06
-2.6108844e-08
1.4363033e-06
-2.5853175e-08
1.4452797e-06
-2.5547152e-08
1.4540768e-06
-2.5149447e-08
1.4627016e-06
-2.4696213e-08
1.4710656e-06
-2.4186004e-08
1.4792191e-06
-2.3579662e-08
1.4870459e-06
-2.3030331e-08
1.4946059e-06
-2.2185038e-08
1.5017978e-06
-2.1665214e-08
1.5086901e-06
-2.0623354e-08
1.5151929e-06
-2.015022e-08
1.5213244e-06
-1.8856968e-08
1.5271036e-06
-1.8736154e-08
1.5325322e-06
-1.7505835e-08
-1.5892121e-08
1.2089677e-06
-1.1102941e-09
1.2095348e-06
-2.8067801e-09
1.2104802e-06
-4.7380007e-09
1.2116888e-06
-6.2082464e-09
1.213129e-06
-7.5811992e-09
1.2147404e-06
-8.7171226e-09
1.2164683e-06
-9.6039581e-09
1.2182658e-06
-1.0288108e-08
1.220102e-06
-1.0786454e-08
1.2219455e-06
-1.1123428e-08
1.223784e-06
-1.1334695e-08
1.2255924e-06
-1.1433308e-08
1.227378e-06
-1.1459705e-08
1.2291301e-06
-1.1421836e-08
1.2308455e-06
-1.1336262e-08
1.2325246e-06
-1.1217578e-08
1.2341673e-06
-1.1074664e-08
1.2357749e-06
-1.0915445e-08
1.2373486e-06
-1.0745997e-08
1.2388897e-06
-1.0570401e-08
1.2403999e-06
-1.0392911e-08
1.2418804e-06
-1.0214941e-08
1.2433334e-06
-1.0039833e-08
1.2447596e-06
-9.8672865e-09
1.2461605e-06
-9.6989914e-09
1.2475373e-06
-9.5357473e-09
1.2488917e-06
-9.3783266e-09
1.2502251e-06
-9.2265644e-09
1.2515386e-06
-9.0806092e-09
1.2528332e-06
-8.9399261e-09
1.25411e-06
-8.805074e-09
1.2553699e-06
-8.6753227e-09
1.2566135e-06
-8.5500904e-09
1.257842e-06
-8.4304732e-09
1.2590563e-06
-8.3153853e-09
1.260257e-06
-8.2056535e-09
1.2614446e-06
-8.0995082e-09
1.2626203e-06
-7.9988545e-09
1.2637846e-06
-7.9016038e-09
1.2649392e-06
-7.8101068e-09
1.2660838e-06
-7.7212396e-09
1.2672193e-06
-7.6358826e-09
1.2683459e-06
-7.5535391e-09
1.2694644e-06
-7.4743283e-09
1.2705755e-06
-7.3984316e-09
1.2716793e-06
-7.3251338e-09
1.2727766e-06
-7.255212e-09
1.2738677e-06
-7.1873201e-09
1.2749532e-06
-7.1231652e-09
1.2760335e-06
-7.060303e-09
1.2771096e-06
-7.0011734e-09
1.2781823e-06
-6.9438202e-09
1.2792516e-06
-6.8886652e-09
1.2803188e-06
-6.8367578e-09
1.2813824e-06
-6.7846266e-09
1.2824444e-06
-6.7377504e-09
1.2835058e-06
-6.6925927e-09
1.2845671e-06
-6.6509944e-09
1.2856278e-06
-6.6093269e-09
1.286687e-06
-6.5675216e-09
1.2877449e-06
-6.5268582e-09
1.288802e-06
-6.4885399e-09
1.2898586e-06
-6.4512591e-09
1.2909149e-06
-6.4161751e-09
1.2919711e-06
-6.3817605e-09
1.2930272e-06
-6.3495289e-09
1.2940837e-06
-6.3177059e-09
1.2951405e-06
-6.2879666e-09
1.296198e-06
-6.2585013e-09
1.297256e-06
-6.2311161e-09
1.2983149e-06
-6.2029066e-09
1.2993744e-06
-6.1783672e-09
1.3004331e-06
-6.1485346e-09
1.3014929e-06
-6.128102e-09
1.3025511e-06
-6.099441e-09
1.3036202e-06
-6.0920478e-09
1.304682e-06
-6.0631997e-09
1.3057522e-06
-6.0571215e-09
1.3068219e-06
-6.0340639e-09
1.3078896e-06
-6.0097149e-09
1.3089581e-06
-5.9891501e-09
1.3100285e-06
-5.9712932e-09
1.311101e-06
-5.9545497e-09
1.3121752e-06
-5.9380598e-09
1.3132521e-06
-5.9232397e-09
1.314329e-06
-5.9070255e-09
1.3154113e-06
-5.8946932e-09
1.31649e-06
-5.8781868e-09
1.3175766e-06
-5.8679817e-09
1.3186612e-06
-5.8533525e-09
1.3197426e-06
-5.8393366e-09
1.3208445e-06
-5.8355729e-09
1.3219146e-06
-5.8096941e-09
1.3230254e-06
-5.8164176e-09
1.3241211e-06
-5.7980092e-09
1.3251939e-06
-5.7780429e-09
1.3263295e-06
-5.7934431e-09
1.3274163e-06
-5.763261e-09
1.3285093e-06
-5.7557816e-09
1.3296322e-06
-5.7621854e-09
1.3306898e-06
-5.7169482e-09
1.3317479e-06
-5.7108953e-09
1.3328296e-06
-5.7113154e-09
1.3339157e-06
-5.7075655e-09
1.3350203e-06
-5.7116729e-09
1.3361045e-06
-5.6903517e-09
1.3371728e-06
-5.6765455e-09
1.3382746e-06
-5.6843432e-09
1.3393984e-06
-5.6953358e-09
1.3405044e-06
-5.6713647e-09
1.3416123e-06
-5.6735301e-09
1.3427317e-06
-5.6642433e-09
1.3438608e-06
-5.6634786e-09
1.3449816e-06
-5.6615792e-09
1.3461093e-06
-5.6414113e-09
1.347231e-06
-5.6558345e-09
1.3483495e-06
-5.6336162e-09
1.3494758e-06
-5.6311973e-09
1.3505938e-06
-5.6367648e-09
1.3517151e-06
-5.6124074e-09
1.3528313e-06
-5.6232774e-09
1.3539474e-06
-5.6109917e-09
1.3550723e-06
-5.599099e-09
1.3561896e-06
-5.5900569e-09
1.3573075e-06
-5.5824767e-09
1.3584342e-06
-5.5808758e-09
1.3595576e-06
-5.5630776e-09
1.3606642e-06
-5.5675904e-09
1.3617674e-06
-5.5669016e-09
1.3628846e-06
-5.5374092e-09
1.3639958e-06
-5.5291802e-09
1.3651022e-06
-5.5315725e-09
1.3662033e-06
-5.5356746e-09
1.3673011e-06
-5.5398939e-09
1.3684155e-06
-5.5213039e-09
1.3695231e-06
-5.5251901e-09
1.3706358e-06
-5.5296763e-09
1.3717475e-06
-5.5195244e-09
1.3728544e-06
-5.5230673e-09
1.3739717e-06
-5.5304064e-09
1.375074e-06
-5.5401976e-09
1.3761786e-06
-5.5303007e-09
1.3772821e-06
-5.5256506e-09
1.3783889e-06
-5.5187677e-09
1.3794973e-06
-5.5071441e-09
1.3805912e-06
-5.5119918e-09
1.3817077e-06
-5.5088951e-09
1.3828083e-06
-5.5145808e-09
1.3839085e-06
-5.5059823e-09
1.3850386e-06
-5.4868856e-09
1.386142e-06
-5.4908638e-09
1.3872286e-06
-5.4900102e-09
1.3883384e-06
-5.4738321e-09
1.3894582e-06
-5.4601674e-09
1.3905776e-06
-5.4556724e-09
1.391689e-06
-5.4522502e-09
1.3927976e-06
-5.4456439e-09
1.3939104e-06
-5.439956e-09
1.39502e-06
-5.4348819e-09
1.3961236e-06
-5.4321494e-09
1.3972257e-06
-5.4305902e-09
1.398325e-06
-5.4305471e-09
1.3994284e-06
-5.4269957e-09
1.4005326e-06
-5.4258154e-09
1.4016155e-06
-5.4286291e-09
1.4026996e-06
-5.4206817e-09
1.4037937e-06
-5.4063056e-09
1.4048855e-06
-5.3910965e-09
1.405967e-06
-5.3820974e-09
1.4070455e-06
-5.3718585e-09
1.4081325e-06
-5.3637388e-09
1.4092247e-06
-5.3594857e-09
1.4103122e-06
-5.3595413e-09
1.4113853e-06
-5.3631659e-09
1.412449e-06
-5.3625477e-09
1.4135139e-06
-5.3550089e-09
1.4145786e-06
-5.344476e-09
1.4156449e-06
-5.3329527e-09
1.4167211e-06
-5.3218718e-09
1.417802e-06
-5.3102531e-09
1.4188733e-06
-5.2977587e-09
1.4199446e-06
-5.2962092e-09
1.4210336e-06
-5.2926583e-09
1.4221119e-06
-5.291195e-09
1.4231714e-06
-5.2959672e-09
1.4242282e-06
-5.292947e-09
1.425284e-06
-5.2886295e-09
1.426338e-06
-5.2796074e-09
1.4273956e-06
-5.2667706e-09
1.4284506e-06
-5.2561826e-09
1.4294999e-06
-5.2389657e-09
1.4305448e-06
-5.2307945e-09
1.4316031e-06
-5.2192433e-09
1.432655e-06
-5.2014837e-09
1.4336894e-06
-5.1986273e-09
1.4347278e-06
-5.1931099e-09
1.4357545e-06
-5.1874522e-09
1.4367677e-06
-5.1734439e-09
1.4377864e-06
-5.1562012e-09
1.4388138e-06
-5.134245e-09
1.4398431e-06
-5.1041287e-09
1.4408758e-06
-5.0829501e-09
1.4419124e-06
-5.0610875e-09
1.4429395e-06
-5.0467825e-09
1.4439611e-06
-5.040242e-09
1.4449843e-06
-5.0258442e-09
1.4459985e-06
-5.0045692e-09
1.4470064e-06
-4.9881153e-09
1.4480209e-06
-4.9674829e-09
1.4490363e-06
-4.9436863e-09
1.4500469e-06
-4.9245505e-09
1.4510628e-06
-4.9053379e-09
1.452085e-06
-4.888534e-09
1.453102e-06
-4.8759201e-09
1.4541098e-06
-4.8705768e-09
1.4551161e-06
-4.8604263e-09
1.4561318e-06
-4.839773e-09
1.457156e-06
-4.8333386e-09
1.4581809e-06
-4.8275064e-09
1.4591963e-06
-4.824682e-09
1.4602042e-06
-4.8278044e-09
1.4612112e-06
-4.8307442e-09
1.4622128e-06
-4.8312132e-09
1.4632042e-06
-4.835512e-09
1.4641947e-06
-4.8374922e-09
1.4651856e-06
-4.8390314e-09
1.466167e-06
-4.8338404e-09
1.4671418e-06
-4.8269344e-09
1.4681173e-06
-4.8229092e-09
1.4690807e-06
-4.8134905e-09
1.4700348e-06
-4.8019562e-09
1.4710011e-06
-4.785484e-09
1.4719755e-06
-4.7742779e-09
1.472948e-06
-4.7652917e-09
1.4739196e-06
-4.7625548e-09
1.4748961e-06
-4.7681832e-09
1.4758699e-06
-4.7782414e-09
1.4768332e-06
-4.7847268e-09
1.4777921e-06
-4.7925379e-09
1.4787521e-06
-4.7946296e-09
1.4797053e-06
-4.7891322e-09
1.4806513e-06
-4.7806594e-09
1.4815949e-06
-4.7709019e-09
1.4825351e-06
-4.7577675e-09
1.4834669e-06
-4.7500164e-09
1.4843928e-06
-4.7471804e-09
1.4853101e-06
-4.7400093e-09
1.4862191e-06
-4.7347237e-09
1.4871271e-06
-4.7315973e-09
1.488027e-06
-4.7290767e-09
1.4889164e-06
-4.7300572e-09
1.4898034e-06
-4.7362563e-09
1.4906846e-06
-4.7371769e-09
1.4915562e-06
-4.7338897e-09
1.4924363e-06
-4.7302957e-09
1.4933257e-06
-4.7230486e-09
1.4942047e-06
-4.7175357e-09
1.4950822e-06
-4.711123e-09
1.4959677e-06
-4.7006008e-09
1.4968576e-06
-4.6941691e-09
1.4977468e-06
-4.6864623e-09
1.4986346e-06
-4.6767421e-09
1.4995291e-06
-4.6727959e-09
1.5004278e-06
-4.6672159e-09
1.5013126e-06
-4.6657869e-09
1.5021923e-06
-4.6663935e-09
1.5030726e-06
-4.6660755e-09
1.5039399e-06
-4.6637756e-09
1.5047993e-06
-4.6546602e-09
1.505661e-06
-4.6421094e-09
1.5065223e-06
-4.6285726e-09
1.5073845e-06
-4.6153041e-09
1.5082417e-06
-4.6017661e-09
1.5090969e-06
-4.59025e-09
1.5099576e-06
-4.5816262e-09
1.5108212e-06
-4.5734287e-09
1.5116807e-06
-4.5654618e-09
1.5125389e-06
-4.5638111e-09
1.513395e-06
-4.5640181e-09
1.5142417e-06
-4.5656936e-09
1.5150812e-06
-4.5677604e-09
1.5159155e-06
-4.5704933e-09
1.5167375e-06
-4.5714299e-09
1.5175545e-06
-4.5707362e-09
1.518374e-06
-4.5698876e-09
1.519187e-06
-4.5704325e-09
1.5199926e-06
-4.5668407e-09
1.5207985e-06
-4.5614299e-09
1.5216026e-06
-4.560345e-09
1.5224073e-06
-4.5543933e-09
1.5232104e-06
-4.5439279e-09
1.5240109e-06
-4.5382103e-09
1.5248147e-06
-4.5337725e-09
1.5256178e-06
-4.5301034e-09
1.526415e-06
-4.5284891e-09
1.5272139e-06
-4.5266377e-09
1.5280145e-06
-4.5278643e-09
1.5288092e-06
-4.5303974e-09
1.5296018e-06
-4.5376534e-09
1.5304022e-06
-4.5465605e-09
1.5311975e-06
-4.5583595e-09
1.5319844e-06
-4.5676232e-09
1.5327816e-06
-4.5695456e-09
1.5335859e-06
-4.5805244e-09
1.5343898e-06
-4.5905044e-09
1.5351894e-06
-4.5904271e-09
1.5359944e-06
-4.599646e-09
1.536806e-06
-4.6130761e-09
1.5376063e-06
-4.6191397e-09
1.5384048e-06
-4.6170374e-09
1.5392125e-06
-4.6183906e-09
1.5400117e-06
-4.6176241e-09
1.540804e-06
-4.6126094e-09
1.541608e-06
-4.6097739e-09
1.5424177e-06
-4.6168536e-09
1.5432038e-06
-4.6111119e-09
1.5439862e-06
-4.6070237e-09
1.5447942e-06
-4.6074295e-09
1.5455957e-06
-4.6015329e-09
1.5463737e-06
-4.5945803e-09
1.5471563e-06
-4.5837512e-09
1.547936e-06
-4.5798876e-09
1.5487084e-06
-4.5693169e-09
1.5494833e-06
-4.5448729e-09
1.5502637e-06
-4.5336295e-09
1.5510497e-06
-4.5227626e-09
1.5518108e-06
-4.5101829e-09
1.5525565e-06
-4.4843436e-09
1.5533102e-06
-4.4686583e-09
1.5540844e-06
-4.4600115e-09
1.5548307e-06
-4.4436712e-09
1.555551e-06
-4.4257704e-09
1.5562777e-06
-4.4120481e-09
1.5570085e-06
-4.402565e-09
1.5577041e-06
-4.3822075e-09
1.5583844e-06
-4.3649755e-09
1.5590737e-06
-4.3462269e-09
1.5597606e-06
-4.3346779e-09
1.5604223e-06
-4.3088209e-09
1.5610762e-06
-4.2914508e-09
1.5617378e-06
-4.274253e-09
1.562397e-06
-4.2617105e-09
1.5630359e-06
-4.2332924e-09
1.5636701e-06
-4.2173451e-09
1.5643219e-06
-4.2031769e-09
1.5649698e-06
-4.195857e-09
1.5656009e-06
-4.1751886e-09
1.5662296e-06
-4.168494e-09
1.5668828e-06
-4.1687045e-09
1.567526e-06
-4.1752375e-09
1.5681462e-06
-4.1723833e-09
1.568767e-06
-4.1787516e-09
1.5694075e-06
-4.1901824e-09
1.5700309e-06
-4.2000159e-09
1.5706332e-06
-4.2031458e-09
1.5712506e-06
-4.2108264e-09
1.5718821e-06
-4.2212691e-09
1.5724915e-06
-4.2130921e-09
1.5730806e-06
-4.1987125e-09
1.5736976e-06
-4.1941468e-09
1.5743413e-06
-4.198522e-09
1.5749593e-06
-4.1832093e-09
1.5755488e-06
-4.1587578e-09
1.5761736e-06
-4.1611878e-09
1.576825e-06
-4.1885317e-09
1.5774397e-06
-4.1754764e-09
1.5780565e-06
-4.1539967e-09
1.5787263e-06
-4.1682422e-09
1.5793872e-06
-4.1786157e-09
1.5800077e-06
-4.1341899e-09
1.580642e-06
-4.1091548e-09
1.5812911e-06
-4.1039518e-09
1.5819044e-06
-4.0742698e-09
1.5825075e-06
-4.0226364e-09
1.5831237e-06
-3.9999235e-09
1.5837262e-06
-3.9828256e-09
1.5842862e-06
-3.9410275e-09
1.5848435e-06
-3.9061199e-09
1.585416e-06
-3.8977848e-09
1.5859614e-06
-3.8784917e-09
1.5864654e-06
-3.8366617e-09
1.5869732e-06
-3.8033026e-09
1.587504e-06
-3.7989625e-09
1.5880119e-06
-3.7797179e-09
1.5884797e-06
-3.7352854e-09
1.5889497e-06
-3.6970684e-09
1.5894372e-06
-3.6803636e-09
1.5899085e-06
-3.6614014e-09
1.5903497e-06
-3.6254844e-09
1.5908011e-06
-3.5974455e-09
1.5912719e-06
-3.5848906e-09
1.5917277e-06
-3.5656038e-09
1.5921554e-06
-3.5322159e-09
1.5925869e-06
-3.4983065e-09
1.5930368e-06
-3.4880183e-09
1.5934761e-06
-3.4787937e-09
1.5938873e-06
-3.4492502e-09
1.5942969e-06
-3.4158294e-09
1.5947247e-06
-3.408688e-09
1.595147e-06
-3.4097467e-09
1.5955374e-06
-3.3795127e-09
1.5959359e-06
-3.360249e-09
1.5963575e-06
-3.3603431e-09
1.5967583e-06
-3.3429082e-09
1.5971211e-06
-3.2990264e-09
1.5974898e-06
-3.2712983e-09
1.5978778e-06
-3.2522594e-09
1.5982512e-06
-3.2228193e-09
1.5985964e-06
-3.1817677e-09
1.5989448e-06
-3.1519809e-09
1.5993012e-06
-3.1187084e-09
1.599642e-06
-3.0737111e-09
1.5999519e-06
-3.0101659e-09
1.6002428e-06
-2.943541e-09
1.60052e-06
-2.8726408e-09
1.6007788e-06
-2.8018574e-09
1.6010145e-06
-2.7293474e-09
1.6012307e-06
-2.6563107e-09
1.6014387e-06
-2.5910225e-09
1.6016378e-06
-2.5299522e-09
1.6018223e-06
-2.461364e-09
1.6019914e-06
-2.391122e-09
1.6021485e-06
-2.3174684e-09
1.6022906e-06
-2.2352911e-09
1.6024175e-06
-2.1503812e-09
1.602529e-06
-2.0615745e-09
1.6026227e-06
-1.964402e-09
1.6026944e-06
-1.8605189e-09
1.6027418e-06
-1.7473485e-09
1.6027666e-06
-1.6340622e-09
1.6027664e-06
-1.5151671e-09
1.602738e-06
-1.3908452e-09
1.6026796e-06
-1.2611854e-09
1.6025887e-06
-1.1255157e-09
1.6024644e-06
-9.8674535e-10
1.6023062e-06
-8.4634122e-10
1.6021149e-06
-7.051586e-10
1.6018905e-06
-5.6253358e-10
1.601634e-06
-4.198375e-10
1.6013477e-06
-2.7920644e-10
1.6010346e-06
-1.4342882e-10
1.600696e-06
-9.677148e-12
1.6003314e-06
1.2371215e-10
1.5999408e-06
2.5718183e-10
1.5995231e-06
3.8973269e-10
1.5990753e-06
5.2620486e-10
1.5985951e-06
6.6772676e-10
1.5980811e-06
8.0525897e-10
1.59753e-06
9.5156283e-10
1.596944e-06
1.0988068e-09
1.5963245e-06
1.2229435e-09
1.5956672e-06
1.3725248e-09
1.5949775e-06
1.5155663e-09
1.5942626e-06
1.6070532e-09
1.5935135e-06
1.7453856e-09
1.5927375e-06
1.8593109e-09
1.5919368e-06
1.9579089e-09
1.5911126e-06
2.0559572e-09
1.5902678e-06
2.1446991e-09
1.5894058e-06
2.2224471e-09
1.5885301e-06
2.2919298e-09
1.5876455e-06
2.3494535e-09
1.5867569e-06
2.3950379e-09
1.5858698e-06
2.4285343e-09
1.5849898e-06
2.4493492e-09
1.5841218e-06
2.4597182e-09
1.583268e-06
2.4634761e-09
1.5824306e-06
2.4611175e-09
1.5816081e-06
2.4581226e-09
1.5807995e-06
2.4534281e-09
1.580006e-06
2.4441875e-09
1.5792259e-06
2.4358471e-09
1.5784577e-06
2.4255136e-09
1.5777011e-06
2.4108515e-09
1.5769546e-06
2.3929387e-09
1.5762176e-06
2.3698576e-09
1.5754912e-06
2.3364559e-09
1.5747758e-06
2.2952285e-09
1.5740742e-06
2.2431625e-09
1.5733863e-06
2.1780098e-09
1.5727189e-06
2.0964279e-09
1.5720741e-06
2.0017601e-09
1.5714483e-06
1.8962965e-09
1.5708555e-06
1.7774724e-09
1.5702827e-06
1.6498864e-09
1.5697441e-06
1.5016819e-09
1.5692472e-06
1.3449322e-09
1.5687633e-06
1.1806369e-09
1.5683438e-06
9.9237196e-10
1.5679504e-06
7.8908791e-10
1.5676067e-06
5.733698e-10
1.5673364e-06
3.2952885e-10
1.5670755e-06
7.520029e-11
1.566926e-06
-2.0447244e-10
1.5668195e-06
-4.9649929e-10
1.5667987e-06
-8.7928687e-10
1.5668807e-06
-1.2689565e-09
1.5669665e-06
-1.682273e-09
1.5671612e-06
-2.1798083e-09
1.5674893e-06
-2.6264502e-09
1.5678171e-06
-3.0474538e-09
1.5681798e-06
-3.6175152e-09
1.56879e-06
-4.1200163e-09
1.5694011e-06
-4.565579e-09
1.570021e-06
-5.138129e-09
1.5708601e-06
-5.6857941e-09
1.5716686e-06
-6.147908e-09
1.5724021e-06
-6.6386878e-09
1.5733917e-06
-7.3490494e-09
1.5748515e-06
-7.8344962e-09
1.5766885e-06
-8.2059186e-09
1.5784663e-06
-8.2775666e-09
1.5803677e-06
-8.5913117e-09
1.582627e-06
-8.905559e-09
1.5848415e-06
-9.1545553e-09
1.587144e-06
-9.4041406e-09
1.5896715e-06
-9.7299404e-09
1.5920039e-06
-9.9197752e-09
1.5943267e-06
-1.0168812e-08
1.5971569e-06
-1.0519802e-08
1.6000565e-06
-1.0773954e-08
1.6028394e-06
-1.0887348e-08
1.605698e-06
-1.111765e-08
1.6086664e-06
-1.1313294e-08
1.6115268e-06
-1.139167e-08
1.6143954e-06
-1.1400313e-08
1.6176284e-06
-1.1791054e-08
1.6206989e-06
-1.1939333e-08
1.6236561e-06
-1.1997298e-08
1.6269944e-06
-1.2385165e-08
1.6304931e-06
-1.2699349e-08
1.633717e-06
-1.2703678e-08
1.6368651e-06
-1.2784113e-08
1.6402983e-06
-1.3130634e-08
1.6439288e-06
-1.3364473e-08
1.64734e-06
-1.3345681e-08
1.6505336e-06
-1.3334749e-08
1.6538754e-06
-1.3432257e-08
1.6574045e-06
-1.352013e-08
1.6609561e-06
-1.3570109e-08
1.6643778e-06
-1.3712267e-08
1.6677845e-06
-1.3446543e-08
1.6711212e-06
-1.3221584e-08
1.6743907e-06
-1.3373275e-08
1.6776286e-06
-1.3212443e-08
1.6805295e-06
-1.2748348e-08
1.6832929e-06
-1.2656254e-08
1.6862302e-06
-1.2665561e-08
1.6889048e-06
-1.2316501e-08
1.6914797e-06
-1.2281344e-08
1.6941325e-06
-1.212368e-08
1.6964017e-06
-1.1662969e-08
1.6983925e-06
-1.1432184e-08
1.7002872e-06
-1.1109619e-08
1.7016609e-06
-1.0351473e-08
1.7028737e-06
-9.8775441e-09
1.7035253e-06
-9.2576622e-09
1.7035362e-06
-7.9235982e-09
1.7036716e-06
-7.0284116e-09
1.7032518e-06
-6.5339809e-09
1.7018652e-06
-4.9752722e-09
1.7008991e-06
-3.7785424e-09
1.6996281e-06
-2.8660336e-09
1.6975883e-06
-1.2932091e-09
1.6956332e-06
4.7181814e-11
1.6933579e-06
1.1840915e-09
1.6905335e-06
2.6543168e-09
1.6875811e-06
3.9503476e-09
1.6843092e-06
5.1159308e-09
1.68063e-06
6.4146777e-09
1.6767203e-06
7.5849593e-09
1.6725279e-06
8.6774654e-09
1.6680029e-06
9.820214e-09
1.6632434e-06
1.0882268e-08
1.6582519e-06
1.1900163e-08
1.6529531e-06
1.296791e-08
1.6474411e-06
1.395004e-08
1.6417511e-06
1.4867465e-08
1.6357995e-06
1.5845083e-08
1.6296842e-06
1.6726895e-08
1.6234239e-06
1.7555783e-08
1.6169316e-06
1.8452022e-08
1.6103054e-06
1.9248735e-08
1.6035815e-06
1.9972988e-08
1.5967126e-06
2.0725471e-08
1.5897501e-06
2.1431016e-08
1.5827248e-06
2.2078998e-08
1.575598e-06
2.2742578e-08
1.5683854e-06
2.3384873e-08
1.5611259e-06
2.3961922e-08
1.5538033e-06
2.4525629e-08
1.5463873e-06
2.5111714e-08
1.5389148e-06
2.5650437e-08
1.5313976e-06
2.6164087e-08
1.5238087e-06
2.6696201e-08
1.5161633e-06
2.7199031e-08
1.5085111e-06
2.7634719e-08
1.5008445e-06
2.8062532e-08
1.4931597e-06
2.846312e-08
1.4854723e-06
2.8834567e-08
1.4777839e-06
2.9195823e-08
1.4700992e-06
2.9527426e-08
1.4624284e-06
2.9823567e-08
1.4547671e-06
3.0102339e-08
1.4471151e-06
3.0361411e-08
1.4394835e-06
3.0586552e-08
1.4318814e-06
3.0769312e-08
1.4243075e-06
3.0914315e-08
1.4167736e-06
3.1009466e-08
1.4092903e-06
3.1058835e-08
1.4018585e-06
3.1068341e-08
1.3944799e-06
3.1033333e-08
1.3871617e-06
3.0945098e-08
1.3799141e-06
3.079393e-08
1.3727492e-06
3.0574715e-08
1.365679e-06
3.0288457e-08
1.3587144e-06
2.9936371e-08
1.3518662e-06
2.9518751e-08
1.3451467e-06
2.9035514e-08
1.338567e-06
2.8490134e-08
1.332136e-06
2.789184e-08
1.3258601e-06
2.7249866e-08
1.3197432e-06
2.6573602e-08
1.3137855e-06
2.5873488e-08
1.3079882e-06
2.515615e-08
1.3023499e-06
2.4429796e-08
1.2968624e-06
2.370489e-08
1.2915234e-06
2.297852e-08
1.286336e-06
2.2249428e-08
1.2812865e-06
2.1534698e-08
1.2763678e-06
2.0821275e-08
1.2716017e-06
2.0087461e-08
1.2669693e-06
1.9371182e-08
1.2624521e-06
1.8658915e-08
1.258105e-06
1.7892047e-08
1.2538959e-06
1.7172633e-08
1.2497551e-06
1.6470261e-08
1.2458332e-06
1.5622642e-08
1.2420981e-06
1.4889669e-08
1.2383039e-06
1.4252582e-08
1.2347685e-06
1.3270168e-08
1.2315757e-06
1.2461573e-08
1.228177e-06
1.1928574e-08
1.2249675e-06
1.084096e-08
1.2223432e-06
9.7740362e-09
1.2195169e-06
9.1229442e-09
1.2166104e-06
7.9910545e-09
1.2143269e-06
6.6733259e-09
1.2120771e-06
5.8151168e-09
1.2095016e-06
4.7311683e-09
1.2073549e-06
3.3240708e-09
1.2055542e-06
2.1361237e-09
1.2036485e-06
1.1693895e-09
1.2015281e-06
2.6850522e-11
1.1999268e-06
-1.5292865e-09
1.1990064e-06
-2.685439e-09
1.1984507e-06
-3.6396077e-09
1.1979706e-06
-3.9242503e-09
1.197981e-06
-4.6582773e-09
1.1983965e-06
-5.2009379e-09
1.1990753e-06
-5.7185794e-09
1.1996217e-06
-6.0983987e-09
1.2003683e-06
-6.630009e-09
1.2013743e-06
-7.201824e-09
1.2026204e-06
-7.7792164e-09
1.2040312e-06
-8.2930995e-09
1.2055838e-06
-8.8177834e-09
1.2072791e-06
-9.3636361e-09
1.2091922e-06
-1.0007462e-08
1.2113797e-06
-1.0690228e-08
1.2138506e-06
-1.1406311e-08
1.2164949e-06
-1.2043946e-08
1.2193121e-06
-1.2714816e-08
1.2223974e-06
-1.3467369e-08
1.2258304e-06
-1.4287408e-08
1.229614e-06
-1.5119886e-08
1.2337256e-06
-1.5956331e-08
1.2381498e-06
-1.67938e-08
1.242889e-06
-1.7634975e-08
1.2479519e-06
-1.8477866e-08
1.2533464e-06
-1.9318181e-08
1.2590795e-06
-2.015489e-08
1.2651563e-06
-2.0984161e-08
1.2715805e-06
-2.1804912e-08
1.278354e-06
-2.2613522e-08
1.2854779e-06
-2.3409073e-08
1.2929528e-06
-2.4189261e-08
1.3007761e-06
-2.4951095e-08
1.3089419e-06
-2.5690832e-08
1.3174429e-06
-2.6404744e-08
1.3262684e-06
-2.7089741e-08
1.3354045e-06
-2.7738959e-08
1.3448335e-06
-2.8351073e-08
1.3545337e-06
-2.8916154e-08
1.3644789e-06
-2.9432619e-08
1.374639e-06
-2.9889208e-08
1.3849825e-06
-3.0290844e-08
1.3954739e-06
-3.0625105e-08
1.4060744e-06
-3.0897423e-08
1.4167356e-06
-3.1077994e-08
1.4274157e-06
-3.1192601e-08
1.4380683e-06
-3.1211353e-08
1.4486541e-06
-3.1170602e-08
1.4591295e-06
-3.103152e-08
1.4694556e-06
-3.0825027e-08
1.4795805e-06
-3.0494131e-08
1.4894826e-06
-3.0116894e-08
1.4990941e-06
-2.9604649e-08
1.5084161e-06
-2.9059784e-08
1.5173455e-06
-2.8374499e-08
1.5259336e-06
-2.7662757e-08
1.5340157e-06
-2.6860746e-08
1.5417342e-06
-2.5916502e-08
1.5488853e-06
-2.5105251e-08
1.5556707e-06
-2.3981003e-08
1.561907e-06
-2.32508e-08
1.5677057e-06
-2.1814432e-08
1.572959e-06
-2.1452542e-08
1.5777263e-06
-2.0018835e-08
-1.7781506e-08
1.2090353e-06
-1.4094996e-09
1.2097243e-06
-3.4957579e-09
1.2108731e-06
-5.8867449e-09
1.212317e-06
-7.6521856e-09
1.2140069e-06
-9.271091e-09
1.2158669e-06
-1.057722e-08
1.2178225e-06
-1.1559527e-08
1.2198256e-06
-1.2291153e-08
1.2218301e-06
-1.2791049e-08
1.223826e-06
-1.3119282e-08
1.2257777e-06
-1.3286446e-08
1.2276887e-06
-1.3344251e-08
1.2295491e-06
-1.3320098e-08
1.2313623e-06
-1.3235041e-08
1.2331278e-06
-1.3101812e-08
1.2348486e-06
-1.2938393e-08
1.236526e-06
-1.2751972e-08
1.2381626e-06
-1.2552072e-08
1.2397613e-06
-1.234479e-08
1.2413254e-06
-1.2134388e-08
1.2428571e-06
-1.1924647e-08
1.2443588e-06
-1.1716706e-08
1.2458333e-06
-1.1514388e-08
1.2472819e-06
-1.1315862e-08
1.2487069e-06
-1.1123977e-08
1.2501102e-06
-1.0939088e-08
1.2514934e-06
-1.076149e-08
1.2528575e-06
-1.0590698e-08
1.2542041e-06
-1.0427241e-08
1.2555343e-06
-1.0270193e-08
1.2568507e-06
-1.0121487e-08
1.258153e-06
-9.9775619e-09
1.2594423e-06
-9.8394164e-09
1.2607201e-06
-9.7082662e-09
1.2619869e-06
-9.5821751e-09
1.2632439e-06
-9.4626866e-09
1.2644918e-06
-9.3474206e-09
1.2657321e-06
-9.2392556e-09
1.2669648e-06
-9.1343595e-09
1.2681922e-06
-9.037417e-09
1.2694157e-06
-8.9448244e-09
1.2706369e-06
-8.8571182e-09
1.2718559e-06
-8.7725049e-09
1.2730731e-06
-8.6915488e-09
1.2742892e-06
-8.6145859e-09
1.2755047e-06
-8.5406739e-09
1.2767204e-06
-8.4709559e-09
1.2779365e-06
-8.403449e-09
1.2791532e-06
-8.3399971e-09
1.2803713e-06
-8.2784131e-09
1.2815904e-06
-8.2203702e-09
1.2828119e-06
-8.1652805e-09
1.2840331e-06
-8.1100255e-09
1.2852572e-06
-8.0608205e-09
1.2864785e-06
-8.0060718e-09
1.2877051e-06
-7.9643727e-09
1.2889369e-06
-7.9244837e-09
1.2901706e-06
-7.8847471e-09
1.2914071e-06
-7.8459705e-09
1.2926451e-06
-7.8055509e-09
1.2938855e-06
-7.7673428e-09
1.2951288e-06
-7.7319999e-09
1.2963755e-06
-7.6980884e-09
1.2976253e-06
-7.6660838e-09
1.2988788e-06
-7.6353546e-09
1.3001354e-06
-7.6062423e-09
1.3013956e-06
-7.5780862e-09
1.3026594e-06
-7.5519009e-09
1.3039262e-06
-7.5254518e-09
1.305198e-06
-7.5029947e-09
1.3064718e-06
-7.4769573e-09
1.3077534e-06
-7.4601116e-09
1.3090381e-06
-7.4333633e-09
1.3103322e-06
-7.4224333e-09
1.3116256e-06
-7.3930315e-09
1.3129142e-06
-7.3808928e-09
1.3142036e-06
-7.3527664e-09
1.3154759e-06
-7.3297541e-09
1.3167554e-06
-7.3137612e-09
1.3180486e-06
-7.3032314e-09
1.3193485e-06
-7.2892359e-09
1.3206546e-06
-7.2775954e-09
1.3219625e-06
-7.2628006e-09
1.3232755e-06
-7.2512689e-09
1.3245899e-06
-7.2379591e-09
1.3259088e-06
-7.2261805e-09
1.3272286e-06
-7.2147572e-09
1.3285518e-06
-7.2017703e-09
1.3298761e-06
-7.1927104e-09
1.3312022e-06
-7.179874e-09
1.3325316e-06
-7.1690325e-09
1.3338593e-06
-7.1638171e-09
1.3351926e-06
-7.1433428e-09
1.3365236e-06
-7.1477637e-09
1.3378547e-06
-7.1296267e-09
1.3391927e-06
-7.1162987e-09
1.3405236e-06
-7.1248101e-09
1.3418581e-06
-7.0982136e-09
1.3431947e-06
-7.0926114e-09
1.3445295e-06
-7.0974502e-09
1.3458765e-06
-7.0651067e-09
1.3472148e-06
-7.0507014e-09
1.3485484e-06
-7.0462645e-09
1.3498779e-06
-7.0378947e-09
1.3512055e-06
-7.0397799e-09
1.3525435e-06
-7.0283201e-09
1.3538814e-06
-7.0141999e-09
1.3552176e-06
-7.0202746e-09
1.3565487e-06
-7.0265878e-09
1.357891e-06
-7.0139756e-09
1.3592281e-06
-7.0112649e-09
1.3605714e-06
-7.0084019e-09
1.3619116e-06
-7.0048616e-09
1.3632476e-06
-6.9992274e-09
1.3645939e-06
-6.9893455e-09
1.3659246e-06
-6.9882455e-09
1.367265e-06
-6.975565e-09
1.3686044e-06
-6.9718169e-09
1.3699331e-06
-6.9666224e-09
1.3712752e-06
-6.9553012e-09
1.3726057e-06
-6.9541395e-09
1.373938e-06
-6.9436479e-09
1.3752731e-06
-6.9344277e-09
1.3766091e-06
-6.9264177e-09
1.3779456e-06
-6.9196284e-09
1.3792744e-06
-6.9107906e-09
1.3806087e-06
-6.8989041e-09
1.3819355e-06
-6.8967352e-09
1.3832548e-06
-6.8895538e-09
1.3845854e-06
-6.8716957e-09
1.3859157e-06
-6.8622983e-09
1.387241e-06
-6.8580932e-09
1.3885614e-06
-6.8562978e-09
1.3898755e-06
-6.8539752e-09
1.3911997e-06
-6.8457116e-09
1.3925176e-06
-6.8443731e-09
1.3938254e-06
-6.8404971e-09
1.3951371e-06
-6.8351977e-09
1.3964442e-06
-6.8343713e-09
1.3977433e-06
-6.8330253e-09
1.3990337e-06
-6.8336976e-09
1.4003274e-06
-6.8263186e-09
1.4016239e-06
-6.8241932e-09
1.402919e-06
-6.8159887e-09
1.4042168e-06
-6.8070447e-09
1.405509e-06
-6.8061299e-09
1.4067993e-06
-6.8010504e-09
1.4080804e-06
-6.797539e-09
1.4093655e-06
-6.7930359e-09
1.410658e-06
-6.7811379e-09
1.41194e-06
-6.7746084e-09
1.4132178e-06
-6.7692265e-09
1.4145047e-06
-6.7620598e-09
1.4157912e-06
-6.7479542e-09
1.4170731e-06
-6.73873e-09
1.4183532e-06
-6.7337771e-09
1.419632e-06
-6.7266681e-09
1.4209068e-06
-6.7181141e-09
1.4221794e-06
-6.7113821e-09
1.4234478e-06
-6.7044521e-09
1.4247128e-06
-6.6987509e-09
1.4259769e-06
-6.6973405e-09
1.4272397e-06
-6.6925452e-09
1.4284962e-06
-6.6857635e-09
1.4297446e-06
-6.6820669e-09
1.4309896e-06
-6.6730435e-09
1.4322322e-06
-6.6579799e-09
1.4334734e-06
-6.6416388e-09
1.4347137e-06
-6.6304424e-09
1.4359551e-06
-6.6195374e-09
1.4371977e-06
-6.6111041e-09
1.4384379e-06
-6.6039947e-09
1.4396725e-06
-6.5987829e-09
1.4408996e-06
-6.5959602e-09
1.4421211e-06
-6.5905246e-09
1.4433404e-06
-6.5807786e-09
1.4445595e-06
-6.5689543e-09
1.4457799e-06
-6.5576082e-09
1.4470012e-06
-6.5462387e-09
1.4482228e-06
-6.5338486e-09
1.4494462e-06
-6.5219856e-09
1.4506678e-06
-6.51761e-09
1.4518855e-06
-6.5097514e-09
1.4530982e-06
-6.5038401e-09
1.4543027e-06
-6.5013879e-09
1.4555019e-06
-6.4945009e-09
1.4566963e-06
-6.486808e-09
1.4578873e-06
-6.4758621e-09
1.4590754e-06
-6.4613919e-09
1.4602598e-06
-6.4483232e-09
1.4614431e-06
-6.4311743e-09
1.4626223e-06
-6.4198136e-09
1.4637978e-06
-6.4054988e-09
1.4649726e-06
-6.3881371e-09
1.4661396e-06
-6.37877e-09
1.4672998e-06
-6.3677663e-09
1.4684509e-06
-6.3540924e-09
1.4695997e-06
-6.3382819e-09
1.470747e-06
-6.3194228e-09
1.4718933e-06
-6.2962124e-09
1.4730452e-06
-6.2712133e-09
1.4741967e-06
-6.2491745e-09
1.4753483e-06
-6.2272307e-09
1.4764964e-06
-6.2096341e-09
1.4776357e-06
-6.1951293e-09
1.4787702e-06
-6.1775642e-09
1.4799034e-06
-6.1566001e-09
1.4810324e-06
-6.1370802e-09
1.4821603e-06
-6.1159606e-09
1.4832892e-06
-6.0933694e-09
1.4844161e-06
-6.0723369e-09
1.4855432e-06
-6.053182e-09
1.4866708e-06
-6.0361129e-09
1.4877968e-06
-6.0208549e-09
1.488917e-06
-6.0084382e-09
1.4900367e-06
-5.9959282e-09
1.4911638e-06
-5.980719e-09
1.4922899e-06
-5.9714682e-09
1.4934155e-06
-5.9642713e-09
1.4945393e-06
-5.9592411e-09
1.4956575e-06
-5.9560348e-09
1.4967698e-06
-5.9524536e-09
1.4978779e-06
-5.9480416e-09
1.4989794e-06
-5.9456355e-09
1.5000751e-06
-5.9427827e-09
1.5011614e-06
-5.9369416e-09
1.5022419e-06
-5.9291674e-09
1.5033183e-06
-5.9216068e-09
1.5043865e-06
-5.9130252e-09
1.505449e-06
-5.9008891e-09
1.5065102e-06
-5.8893379e-09
1.5075761e-06
-5.8772898e-09
1.5086422e-06
-5.8644205e-09
1.5097109e-06
-5.8548735e-09
1.510783e-06
-5.8520988e-09
1.5118535e-06
-5.8531513e-09
1.5129173e-06
-5.8546235e-09
1.5139768e-06
-5.8563216e-09
1.5150303e-06
-5.8596314e-09
1.5160761e-06
-5.8573431e-09
1.5171158e-06
-5.8500609e-09
1.5181491e-06
-5.8400351e-09
1.5191753e-06
-5.8279284e-09
1.5201962e-06
-5.8134062e-09
1.521209e-06
-5.8012448e-09
1.5222115e-06
-5.7914207e-09
1.5232077e-06
-5.7812661e-09
1.5241979e-06
-5.7730181e-09
1.5251819e-06
-5.7659344e-09
1.5261604e-06
-5.7595857e-09
1.5271342e-06
-5.7566947e-09
1.5281003e-06
-5.7553926e-09
1.5290626e-06
-5.7522058e-09
1.5300253e-06
-5.7483369e-09
1.5309888e-06
-5.7441438e-09
1.5319533e-06
-5.7361396e-09
1.5329174e-06
-5.7285456e-09
1.533883e-06
-5.7217506e-09
1.5348527e-06
-5.7135536e-09
1.5358212e-06
-5.7040221e-09
1.5367908e-06
-5.6953486e-09
1.5377642e-06
-5.6873719e-09
1.5387371e-06
-5.6811245e-09
1.5397085e-06
-5.6725575e-09
1.5406762e-06
-5.6665934e-09
1.5416391e-06
-5.6626059e-09
1.5425933e-06
-5.6546852e-09
1.5435388e-06
-5.6452385e-09
1.5444808e-06
-5.6340741e-09
1.5454202e-06
-5.6200018e-09
1.5463565e-06
-5.6037255e-09
1.5472894e-06
-5.5867897e-09
1.5482203e-06
-5.5702625e-09
1.5491502e-06
-5.5565903e-09
1.5500784e-06
-5.5451719e-09
1.5510042e-06
-5.5339866e-09
1.551928e-06
-5.5239999e-09
1.5528475e-06
-5.5189031e-09
1.5537604e-06
-5.5146732e-09
1.5546661e-06
-5.5120597e-09
1.5555647e-06
-5.5105311e-09
1.5564542e-06
-5.507514e-09
1.5573371e-06
-5.5049969e-09
1.5582159e-06
-5.5025766e-09
1.5590911e-06
-5.5001825e-09
1.5599613e-06
-5.4971099e-09
1.5608281e-06
-5.4911449e-09
1.5616949e-06
-5.4861657e-09
1.5625586e-06
-5.4817533e-09
1.5634214e-06
-5.4742655e-09
1.5642848e-06
-5.4634164e-09
1.5651452e-06
-5.4537166e-09
1.5660028e-06
-5.4456448e-09
1.5668574e-06
-5.4388023e-09
1.5677093e-06
-5.4347722e-09
1.5685599e-06
-5.432494e-09
1.5694085e-06
-5.4322027e-09
1.570256e-06
-5.4337881e-09
1.5711055e-06
-5.4425429e-09
1.5719565e-06
-5.4523563e-09
1.5728041e-06
-5.4599965e-09
1.5736523e-06
-5.4691509e-09
1.57451e-06
-5.4795279e-09
1.5753657e-06
-5.4876299e-09
1.57622e-06
-5.4954663e-09
1.5770847e-06
-5.5054183e-09
1.5779508e-06
-5.5159171e-09
1.5788103e-06
-5.5235878e-09
1.5796669e-06
-5.5280829e-09
1.5805296e-06
-5.5333977e-09
1.5813883e-06
-5.5316907e-09
1.5822398e-06
-5.5237379e-09
1.5830943e-06
-5.5214211e-09
1.5839526e-06
-5.5214366e-09
1.5848068e-06
-5.5230887e-09
1.5856582e-06
-5.5134795e-09
1.5865116e-06
-5.5108127e-09
1.5873633e-06
-5.5090541e-09
1.5882067e-06
-5.4945519e-09
1.5890483e-06
-5.4857581e-09
1.5898926e-06
-5.4775811e-09
1.5907277e-06
-5.4647913e-09
1.5915572e-06
-5.4488698e-09
1.5923905e-06
-5.4285825e-09
1.5932206e-06
-5.4147198e-09
1.5940381e-06
-5.3921254e-09
1.5948441e-06
-5.3693756e-09
1.5956521e-06
-5.3470792e-09
1.5964583e-06
-5.3314584e-09
1.5972503e-06
-5.3107168e-09
1.5980331e-06
-5.2877009e-09
1.5988086e-06
-5.2655977e-09
1.5995767e-06
-5.2479026e-09
1.6003225e-06
-5.2201035e-09
1.6010559e-06
-5.1916329e-09
1.601781e-06
-5.1705245e-09
1.6024968e-06
-5.1469651e-09
1.6031964e-06
-5.123729e-09
1.6038933e-06
-5.0996287e-09
1.6045872e-06
-5.0837006e-09
1.605272e-06
-5.0619753e-09
1.6059412e-06
-5.0380424e-09
1.606611e-06
-5.0140683e-09
1.6072808e-06
-5.0012048e-09
1.607945e-06
-4.9837738e-09
1.6085988e-06
-4.9679381e-09
1.6092576e-06
-4.9534403e-09
1.6099182e-06
-4.9494093e-09
1.6105757e-06
-4.9471365e-09
1.6112287e-06
-4.9495568e-09
1.6118841e-06
-4.949317e-09
1.612537e-06
-4.9534576e-09
1.6131847e-06
-4.9593822e-09
1.6138287e-06
-4.9648698e-09
1.614474e-06
-4.9687707e-09
1.6151149e-06
-4.9713544e-09
1.615752e-06
-4.9777054e-09
1.6163858e-06
-4.9662958e-09
1.6170236e-06
-4.9563877e-09
1.6176627e-06
-4.9544755e-09
1.6182927e-06
-4.9515747e-09
1.6189204e-06
-4.9352105e-09
1.6195763e-06
-4.9385118e-09
1.6202449e-06
-4.9501949e-09
1.6208797e-06
-4.9380393e-09
1.6215223e-06
-4.9253979e-09
1.6222307e-06
-4.9622608e-09
1.6229309e-06
-4.9621698e-09
1.6235876e-06
-4.9242717e-09
1.624255e-06
-4.886926e-09
1.6249458e-06
-4.8819828e-09
1.6256044e-06
-4.8428084e-09
1.6262393e-06
-4.78942e-09
1.6268803e-06
-4.7453459e-09
1.6275067e-06
-4.7103561e-09
1.6281049e-06
-4.6688062e-09
1.6286931e-06
-4.6222901e-09
1.6292844e-06
-4.5963739e-09
1.6298473e-06
-4.5662651e-09
1.6303781e-06
-4.5218056e-09
1.6308988e-06
-4.4766915e-09
1.6314302e-06
-4.4601771e-09
1.6319466e-06
-4.4467092e-09
1.6324309e-06
-4.4016351e-09
1.6329048e-06
-4.3532955e-09
1.6333881e-06
-4.3305564e-09
1.6338522e-06
-4.3001425e-09
1.6342929e-06
-4.2623935e-09
1.6347382e-06
-4.2354871e-09
1.6352e-06
-4.2279695e-09
1.6356438e-06
-4.2011461e-09
1.6360656e-06
-4.1625974e-09
1.6364871e-06
-4.1311101e-09
1.6369112e-06
-4.1014627e-09
1.6373238e-06
-4.0814978e-09
1.6377158e-06
-4.0537875e-09
1.6381104e-06
-4.0285908e-09
1.6385201e-06
-4.011723e-09
1.6389089e-06
-3.9838102e-09
1.639273e-06
-3.9601264e-09
1.6396526e-06
-3.9456243e-09
1.6400566e-06
-3.9525774e-09
1.6404354e-06
-3.9303512e-09
1.6407852e-06
-3.8871453e-09
1.6411369e-06
-3.8481698e-09
1.6414813e-06
-3.8151877e-09
1.6418115e-06
-3.7830175e-09
1.6421422e-06
-3.7543249e-09
1.6424813e-06
-3.7218908e-09
1.6428103e-06
-3.683494e-09
1.6431181e-06
-3.631496e-09
1.6434168e-06
-3.5815364e-09
1.6436961e-06
-3.5040579e-09
1.6439523e-06
-3.420932e-09
1.6441756e-06
-3.3241601e-09
1.6443673e-06
-3.2282377e-09
1.6445447e-06
-3.1472656e-09
1.6447126e-06
-3.0700842e-09
1.6448638e-06
-2.9921603e-09
1.6450071e-06
-2.9264009e-09
1.6451397e-06
-2.8501494e-09
1.6452541e-06
-2.7652987e-09
1.6453493e-06
-2.6760749e-09
1.6454335e-06
-2.5859537e-09
1.6455048e-06
-2.4906659e-09
1.6455514e-06
-2.379589e-09
1.6455811e-06
-2.268663e-09
1.6455912e-06
-2.1501232e-09
1.6455685e-06
-2.0102244e-09
1.6455178e-06
-1.8762472e-09
1.6454389e-06
-1.7379858e-09
1.6453286e-06
-1.5927193e-09
1.6451808e-06
-1.4377419e-09
1.6449915e-06
-1.2742127e-09
1.644763e-06
-1.1106294e-09
1.6444965e-06
-9.4673558e-10
1.6441935e-06
-7.8290974e-10
1.6438516e-06
-6.1380456e-10
1.6434731e-06
-4.4533133e-10
1.6430631e-06
-2.8227154e-10
1.6426265e-06
-1.2729506e-10
1.6421642e-06
2.5404123e-11
1.6416749e-06
1.7922508e-10
1.6411579e-06
3.3213832e-10
1.6406094e-06
4.8561777e-10
1.6400262e-06
6.4476424e-10
1.6394047e-06
8.1144913e-10
1.6387426e-06
9.7525854e-10
1.6380367e-06
1.1502426e-09
1.6372897e-06
1.3247501e-09
1.6365025e-06
1.4747514e-09
1.6356721e-06
1.6526642e-09
1.6348086e-06
1.8200539e-09
1.6339134e-06
1.9292337e-09
1.6329714e-06
2.095017e-09
1.6320071e-06
2.2260327e-09
1.6310177e-06
2.3404532e-09
1.6300021e-06
2.4554434e-09
1.6289642e-06
2.5592435e-09
1.6279077e-06
2.651221e-09
1.626838e-06
2.7329188e-09
1.6257622e-06
2.7994451e-09
1.6246875e-06
2.8511145e-09
1.6236219e-06
2.8870133e-09
1.6225729e-06
2.9062512e-09
1.6215451e-06
2.9131764e-09
1.6205425e-06
2.9118077e-09
1.6195701e-06
2.9026257e-09
1.6186178e-06
2.8966314e-09
1.6176771e-06
2.8903151e-09
1.6167576e-06
2.8782532e-09
1.6158554e-06
2.869875e-09
1.6149649e-06
2.8625018e-09
1.6140863e-06
2.8484339e-09
1.6132149e-06
2.8338571e-09
1.6123484e-06
2.8152694e-09
1.6114918e-06
2.7805656e-09
1.6106446e-06
2.738068e-09
1.6098058e-06
2.6857538e-09
1.6089824e-06
2.6141644e-09
1.6081766e-06
2.5246858e-09
1.6073952e-06
2.4158613e-09
1.6066401e-06
2.2949869e-09
1.6059127e-06
2.1619004e-09
1.6052253e-06
2.0098514e-09
1.6045703e-06
1.8460744e-09
1.603955e-06
1.6680217e-09
1.6033846e-06
1.4802648e-09
1.602851e-06
1.2799313e-09
1.6023792e-06
1.0423622e-09
1.6019654e-06
7.9888496e-10
1.6016071e-06
5.3280669e-10
1.6013263e-06
2.3673818e-10
1.6011087e-06
-6.5679018e-11
1.6009952e-06
-4.1547121e-10
1.6009449e-06
-8.1020968e-10
1.6009892e-06
-1.2388672e-09
1.601134e-06
-1.6930466e-09
1.6013161e-06
-2.1666877e-09
1.6016231e-06
-2.6755798e-09
1.6020837e-06
-3.185642e-09
1.6025453e-06
-3.6935788e-09
1.6031221e-06
-4.2483355e-09
1.6038753e-06
-4.8058384e-09
1.6046503e-06
-5.3360329e-09
1.6055283e-06
-5.9221161e-09
1.6066322e-06
-6.5455792e-09
1.607782e-06
-7.0177886e-09
1.608823e-06
-7.5599731e-09
1.6100893e-06
-8.2111224e-09
1.611727e-06
-8.887902e-09
1.6136556e-06
-9.1876e-09
1.6160092e-06
-9.8657571e-09
1.6185738e-06
-1.0330586e-08
1.62115e-06
-1.0533276e-08
1.6239724e-06
-1.097317e-08
1.6268647e-06
-1.131548e-08
1.6298643e-06
-1.1565925e-08
1.6329663e-06
-1.1877052e-08
1.6360356e-06
-1.2162874e-08
1.6392134e-06
-1.2492972e-08
1.6426015e-06
-1.2783342e-08
1.6460289e-06
-1.3020837e-08
1.6494045e-06
-1.3129958e-08
1.6529475e-06
-1.3338377e-08
1.6567327e-06
-1.3557552e-08
1.6604152e-06
-1.3816941e-08
1.6641969e-06
-1.4041747e-08
1.6682669e-06
-1.4372809e-08
1.6723109e-06
-1.4725499e-08
1.6763102e-06
-1.4990452e-08
1.6803865e-06
-1.5070214e-08
1.6844611e-06
-1.5148908e-08
1.6884757e-06
-1.5438617e-08
1.692524e-06
-1.5718741e-08
1.6964893e-06
-1.5630669e-08
1.7004745e-06
-1.5659436e-08
1.7045142e-06
-1.5844319e-08
1.7086248e-06
-1.604358e-08
1.7125119e-06
-1.5920895e-08
1.7161051e-06
-1.583077e-08
1.7198438e-06
-1.5782262e-08
1.7237257e-06
-1.5776072e-08
1.7271166e-06
-1.5516936e-08
1.7303344e-06
-1.526586e-08
1.7338743e-06
-1.5209673e-08
1.7371294e-06
-1.4931746e-08
1.7401064e-06
-1.4772126e-08
1.7430674e-06
-1.4519279e-08
1.7455197e-06
-1.4103627e-08
1.7474939e-06
-1.3603077e-08
1.7495907e-06
-1.3405924e-08
1.7513176e-06
-1.296617e-08
1.7522926e-06
-1.2084761e-08
1.7530634e-06
-1.1304479e-08
1.7535834e-06
-1.074311e-08
1.753297e-06
-9.6624149e-09
1.7528415e-06
-8.3998333e-09
1.7524117e-06
-7.6694096e-09
1.7510054e-06
-6.4664878e-09
1.7494164e-06
-5.0060738e-09
1.7476436e-06
-3.9002952e-09
1.7451373e-06
-2.5255722e-09
1.7423911e-06
-9.8371666e-10
1.7393835e-06
3.5466474e-10
1.7357991e-06
1.812134e-09
1.7319307e-06
3.3189789e-09
1.7277739e-06
4.6705786e-09
1.7231572e-06
6.0771503e-09
1.7182455e-06
7.4652462e-09
1.713045e-06
8.7330587e-09
1.7074459e-06
1.0047301e-08
1.701579e-06
1.1295866e-08
1.6954987e-06
1.2423009e-08
1.6890857e-06
1.3638585e-08
1.6824444e-06
1.4814454e-08
1.6756502e-06
1.5843109e-08
1.6685746e-06
1.6947751e-08
1.6613404e-06
1.8003483e-08
1.6539951e-06
1.8927495e-08
1.6463629e-06
1.998692e-08
1.6386769e-06
2.0892392e-08
1.6309493e-06
2.1696322e-08
1.6229504e-06
2.2669579e-08
1.6148577e-06
2.3503318e-08
1.6067657e-06
2.4203122e-08
1.5985509e-06
2.4976656e-08
1.5902426e-06
2.5743836e-08
1.5819331e-06
2.6403399e-08
1.5735552e-06
2.7070577e-08
1.5651012e-06
2.7737738e-08
1.5566995e-06
2.8302562e-08
1.5483251e-06
2.8848389e-08
1.5398931e-06
2.9457662e-08
1.5314723e-06
3.0019439e-08
1.5230881e-06
3.0530258e-08
1.5146439e-06
3.107452e-08
1.5061503e-06
3.1604556e-08
1.4977072e-06
3.2010723e-08
1.4893132e-06
3.2391844e-08
1.4809138e-06
3.2820073e-08
1.4725415e-06
3.3189584e-08
1.4642269e-06
3.3495057e-08
1.455971e-06
3.3784604e-08
1.4477614e-06
3.4068481e-08
1.4395735e-06
3.4345048e-08
1.4314159e-06
3.4572687e-08
1.4233226e-06
3.4730004e-08
1.4152977e-06
3.4833573e-08
1.4073295e-06
3.4902787e-08
1.3994236e-06
3.4925804e-08
1.391592e-06
3.4891759e-08
1.3838365e-06
3.4802537e-08
1.3761665e-06
3.464117e-08
1.3685993e-06
3.4395238e-08
1.3611476e-06
3.4070166e-08
1.3538218e-06
3.3669582e-08
1.3466338e-06
3.3192626e-08
1.3395972e-06
3.2637094e-08
1.3327266e-06
3.2005307e-08
1.3260291e-06
3.1313184e-08
1.3195111e-06
3.0570645e-08
1.3131822e-06
2.9783111e-08
1.3070357e-06
2.8976928e-08
1.3010628e-06
2.8160691e-08
1.2952786e-06
2.7318693e-08
1.2896724e-06
2.6486681e-08
1.2842079e-06
2.5687695e-08
1.2789082e-06
2.4861274e-08
1.2737931e-06
2.4027627e-08
1.2687958e-06
2.3260849e-08
1.2639251e-06
2.2463845e-08
1.2592659e-06
2.1598536e-08
1.2547226e-06
2.0832228e-08
1.2502686e-06
2.0037335e-08
1.2460754e-06
1.9118209e-08
1.2419878e-06
1.8371352e-08
1.237911e-06
1.7574655e-08
1.2342092e-06
1.6528449e-08
1.2306448e-06
1.5816731e-08
1.2268913e-06
1.5088236e-08
1.2236098e-06
1.3873041e-08
1.2206611e-06
1.3076631e-08
1.2173751e-06
1.2398913e-08
1.2144421e-06
1.1054965e-08
1.2120061e-06
9.9873216e-09
1.2093324e-06
9.1776955e-09
1.2066977e-06
7.9095068e-09
1.2045923e-06
6.6153261e-09
1.2025209e-06
5.5957505e-09
1.2003046e-06
4.4363819e-09
1.1984121e-06
3.0317251e-09
1.196838e-06
1.8598438e-09
1.1953643e-06
7.3967144e-10
1.1937479e-06
-5.5745453e-10
1.1923859e-06
-1.851443e-09
1.1917292e-06
-3.3346788e-09
1.1917254e-06
-4.1719317e-09
1.1920948e-06
-5.2059663e-09
1.1924988e-06
-5.6533271e-09
1.1931927e-06
-6.3292456e-09
1.1942135e-06
-6.9098474e-09
1.1955122e-06
-7.5946258e-09
1.196903e-06
-8.1311713e-09
1.1984662e-06
-8.7491769e-09
1.2003032e-06
-9.398772e-09
1.2024832e-06
-1.0120715e-08
1.2050117e-06
-1.0861291e-08
1.2077181e-06
-1.1519643e-08
1.2104724e-06
-1.2074453e-08
1.2134527e-06
-1.2829111e-08
1.2168611e-06
-1.3697345e-08
1.2207033e-06
-1.4594256e-08
1.2249084e-06
-1.5491894e-08
1.2294418e-06
-1.6413909e-08
1.2343205e-06
-1.7357989e-08
1.2395669e-06
-1.8322191e-08
1.2451965e-06
-1.9297659e-08
1.2512177e-06
-2.0280249e-08
1.2576369e-06
-2.1266858e-08
1.2644586e-06
-2.2251709e-08
1.2716858e-06
-2.3233163e-08
1.2793209e-06
-2.4207311e-08
1.2873651e-06
-2.5172621e-08
1.2958178e-06
-2.612534e-08
1.3046768e-06
-2.7064113e-08
1.3139366e-06
-2.7985475e-08
1.3235889e-06
-2.8885885e-08
1.3336213e-06
-2.9760445e-08
1.3440171e-06
-3.060391e-08
1.3547551e-06
-3.1412089e-08
1.3658089e-06
-3.2176345e-08
1.377148e-06
-3.2894721e-08
1.3887362e-06
-3.3555373e-08
1.4005301e-06
-3.4152868e-08
1.4124828e-06
-3.4674788e-08
1.4245436e-06
-3.5124483e-08
1.4366647e-06
-3.5494526e-08
1.4487994e-06
-3.5793672e-08
1.4608912e-06
-3.5982394e-08
1.4728902e-06
-3.6093279e-08
1.4847428e-06
-3.6091406e-08
1.4963902e-06
-3.6006517e-08
1.5077695e-06
-3.579501e-08
1.5188304e-06
-3.5497377e-08
1.5295236e-06
-3.5054912e-08
1.5398231e-06
-3.4567086e-08
1.5496741e-06
-3.3913853e-08
1.5590493e-06
-3.3221172e-08
1.5678758e-06
-3.2330614e-08
1.5762097e-06
-3.1483284e-08
1.5839358e-06
-3.0442311e-08
1.5912057e-06
-2.9414506e-08
1.5977701e-06
-2.8276752e-08
1.6038826e-06
-2.7079087e-08
1.6092974e-06
-2.6028342e-08
1.6142163e-06
-2.4464058e-08
1.6182132e-06
-2.3571404e-08
1.6219363e-06
-2.2212892e-08
-1.9432578e-08
1.2091504e-06
-1.8238149e-09
1.2100265e-06
-4.3719073e-09
1.2114697e-06
-7.329878e-09
1.2132431e-06
-9.4256163e-09
1.2152732e-06
-1.1301259e-08
1.2174531e-06
-1.2757067e-08
1.219703e-06
-1.380942e-08
1.2219469e-06
-1.4535093e-08
1.2241705e-06
-1.5014666e-08
1.2263232e-06
-1.5271999e-08
1.2284067e-06
-1.5369859e-08
1.2304296e-06
-1.5367204e-08
1.232383e-06
-1.5273515e-08
1.2342711e-06
-1.5123157e-08
1.2360984e-06
-1.4929129e-08
1.237874e-06
-1.4713911e-08
1.2396016e-06
-1.4479606e-08
1.241287e-06
-1.4237537e-08
1.2429337e-06
-1.3991448e-08
1.2445459e-06
-1.3746591e-08
1.2461268e-06
-1.3505568e-08
1.2476803e-06
-1.3270152e-08
1.2492115e-06
-1.3045637e-08
1.2507204e-06
-1.282479e-08
1.2522092e-06
-1.2612796e-08
1.2536792e-06
-1.24091e-08
1.255135e-06
-1.2217221e-08
1.2565785e-06
-1.2034295e-08
1.2580114e-06
-1.1860123e-08
1.2594355e-06
-1.1694332e-08
1.2608518e-06
-1.1537825e-08
1.2622639e-06
-1.138962e-08
1.263675e-06
-1.1250587e-08
1.2650869e-06
-1.1120199e-08
1.2665006e-06
-1.0995952e-08
1.2679175e-06
-1.0879591e-08
1.2693374e-06
-1.0767348e-08
1.2707604e-06
-1.0662299e-08
1.2721877e-06
-1.0561701e-08
1.2736222e-06
-1.0472032e-08
1.2750621e-06
-1.0384667e-08
1.2765073e-06
-1.0302474e-08
1.2779573e-06
-1.0222528e-08
1.2794126e-06
-1.0146935e-08
1.2808736e-06
-1.007567e-08
1.2823409e-06
-1.0008077e-08
1.2838146e-06
-9.9446309e-09
1.2852953e-06
-9.8842445e-09
1.2867823e-06
-9.8270951e-09
1.2882777e-06
-9.7739257e-09
1.2897785e-06
-9.7212696e-09
1.2912893e-06
-9.6762531e-09
1.2928058e-06
-9.6266697e-09
1.2943342e-06
-9.5893573e-09
1.2958732e-06
-9.5452108e-09
1.2974204e-06
-9.5117518e-09
1.2989598e-06
-9.4639847e-09
1.3004996e-06
-9.4247441e-09
1.3020439e-06
-9.3904196e-09
1.3035994e-06
-9.3612922e-09
1.3051635e-06
-9.3316253e-09
1.306735e-06
-9.3037604e-09
1.3083128e-06
-9.276083e-09
1.3098969e-06
-9.2504515e-09
1.3114864e-06
-9.2250945e-09
1.3130815e-06
-9.2015657e-09
1.3146814e-06
-9.1782635e-09
1.316286e-06
-9.1568371e-09
1.3178952e-06
-9.134915e-09
1.3195081e-06
-9.1161985e-09
1.3211255e-06
-9.0947117e-09
1.3227443e-06
-9.0792156e-09
1.3243688e-06
-9.0582728e-09
1.3259917e-06
-9.0456691e-09
1.3276224e-06
-9.0240402e-09
1.3292518e-06
-9.0105923e-09
1.330888e-06
-8.9894905e-09
1.3325239e-06
-8.9661834e-09
1.334162e-06
-8.9523464e-09
1.3358004e-06
-8.9421373e-09
1.3374403e-06
-8.929721e-09
1.3390806e-06
-8.9182919e-09
1.3407231e-06
-8.9058174e-09
1.3423661e-06
-8.8946059e-09
1.3440105e-06
-8.8828203e-09
1.3456555e-06
-8.8716487e-09
1.3473006e-06
-8.8604746e-09
1.348947e-06
-8.848811e-09
1.3505921e-06
-8.8385099e-09
1.3522381e-06
-8.8266874e-09
1.3538846e-06
-8.8162659e-09
1.3555265e-06
-8.8065191e-09
1.3571764e-06
-8.793819e-09
1.3588146e-06
-8.7866625e-09
1.3604585e-06
-8.7743661e-09
1.3621055e-06
-8.7639185e-09
1.3637367e-06
-8.7568011e-09
1.3653798e-06
-8.7421705e-09
1.3670172e-06
-8.7307321e-09
1.3686426e-06
-8.7238674e-09
1.370282e-06
-8.7061078e-09
1.3719219e-06
-8.6927074e-09
1.3735557e-06
-8.682155e-09
1.3751875e-06
-8.6710723e-09
1.3768105e-06
-8.6635481e-09
1.3784369e-06
-8.654951e-09
1.3800687e-06
-8.6458303e-09
1.38169e-06
-8.6414285e-09
1.3833016e-06
-8.6384024e-09
1.3849168e-06
-8.6297227e-09
1.3865288e-06
-8.6243976e-09
1.3881343e-06
-8.6154706e-09
1.3897371e-06
-8.6097871e-09
1.3913359e-06
-8.6006602e-09
1.3929335e-06
-8.5896303e-09
1.3945265e-06
-8.5839398e-09
1.3961185e-06
-8.5700798e-09
1.3977073e-06
-8.562659e-09
1.3992926e-06
-8.5537586e-09
1.4008776e-06
-8.5415484e-09
1.4024567e-06
-8.5341059e-09
1.4040343e-06
-8.521829e-09
1.4056118e-06
-8.5125844e-09
1.4071858e-06
-8.501277e-09
1.4087544e-06
-8.4895686e-09
1.4103213e-06
-8.4798355e-09
1.4118872e-06
-8.4675058e-09
1.4134431e-06
-8.4562091e-09
1.4149941e-06
-8.4449012e-09
1.4165464e-06
-8.4284197e-09
1.4180973e-06
-8.4166749e-09
1.4196449e-06
-8.4079885e-09
1.4211872e-06
-8.4001357e-09
1.4227251e-06
-8.3932745e-09
1.4242622e-06
-8.3845966e-09
1.4257914e-06
-8.3767433e-09
1.4273148e-06
-8.3684677e-09
1.4288346e-06
-8.3601401e-09
1.4303488e-06
-8.3536458e-09
1.431859e-06
-8.347921e-09
1.4333632e-06
-8.3420026e-09
1.4348665e-06
-8.3330094e-09
1.4363644e-06
-8.3252534e-09
1.4378597e-06
-8.3145886e-09
1.4393536e-06
-8.304236e-09
1.4408407e-06
-8.2963574e-09
1.4423248e-06
-8.2881986e-09
1.443805e-06
-8.2805651e-09
1.4452793e-06
-8.2701979e-09
1.4467542e-06
-8.2586173e-09
1.448225e-06
-8.2479437e-09
1.4496916e-06
-8.2380005e-09
1.4511533e-06
-8.2257987e-09
1.452615e-06
-8.2119112e-09
1.4540746e-06
-8.2007303e-09
1.4555287e-06
-8.1908396e-09
1.4569773e-06
-8.179446e-09
1.4584222e-06
-8.1679765e-09
1.4598623e-06
-8.1571971e-09
1.4612984e-06
-8.1462499e-09
1.4627314e-06
-8.1370408e-09
1.4641575e-06
-8.12868e-09
1.4655776e-06
-8.1183456e-09
1.4669932e-06
-8.1081364e-09
1.4684004e-06
-8.0976279e-09
1.469801e-06
-8.0838585e-09
1.4712002e-06
-8.0686231e-09
1.4725992e-06
-8.0518205e-09
1.4739958e-06
-8.0370435e-09
1.4753909e-06
-8.0230897e-09
1.4767835e-06
-8.0109026e-09
1.4781734e-06
-8.000566e-09
1.4795583e-06
-7.9906841e-09
1.4809358e-06
-7.9810341e-09
1.4823068e-06
-7.969398e-09
1.483675e-06
-7.9566029e-09
1.4850422e-06
-7.942869e-09
1.4864078e-06
-7.9285862e-09
1.487772e-06
-7.9146276e-09
1.4891364e-06
-7.9012263e-09
1.4904989e-06
-7.8866096e-09
1.4918555e-06
-7.8756099e-09
1.4932092e-06
-7.8650011e-09
1.4945578e-06
-7.8547613e-09
1.4958978e-06
-7.8449625e-09
1.4972304e-06
-7.8324365e-09
1.4985568e-06
-7.8202196e-09
1.4998776e-06
-7.805566e-09
1.5011938e-06
-7.7880933e-09
1.5025056e-06
-7.7720141e-09
1.5038148e-06
-7.7536866e-09
1.5051166e-06
-7.735923e-09
1.5064143e-06
-7.7184907e-09
1.5077104e-06
-7.7008599e-09
1.5089977e-06
-7.6839077e-09
1.5102777e-06
-7.6666913e-09
1.5115527e-06
-7.6488638e-09
1.5128225e-06
-7.6282718e-09
1.514089e-06
-7.606118e-09
1.5153553e-06
-7.582504e-09
1.5166214e-06
-7.557055e-09
1.5178853e-06
-7.5328446e-09
1.5191478e-06
-7.5096209e-09
1.5204056e-06
-7.4880342e-09
1.5216564e-06
-7.4677891e-09
1.5229018e-06
-7.4466144e-09
1.5241434e-06
-7.4235551e-09
1.52538e-06
-7.4003625e-09
1.5266135e-06
-7.3768103e-09
1.527846e-06
-7.3535262e-09
1.5290774e-06
-7.3312902e-09
1.5303074e-06
-7.3098763e-09
1.5315372e-06
-7.291288e-09
1.5327656e-06
-7.2731492e-09
1.5339914e-06
-7.2561916e-09
1.5352159e-06
-7.2403155e-09
1.5364418e-06
-7.2242958e-09
1.5376677e-06
-7.2134072e-09
1.538892e-06
-7.2035835e-09
1.5401125e-06
-7.1943904e-09
1.5413279e-06
-7.1859092e-09
1.5425377e-06
-7.1766988e-09
1.543742e-06
-7.1669359e-09
1.5449389e-06
-7.1580835e-09
1.5461263e-06
-7.1475319e-09
1.5473059e-06
-7.1365829e-09
1.5484786e-06
-7.1248687e-09
1.5496428e-06
-7.112138e-09
1.5508012e-06
-7.1006192e-09
1.551956e-06
-7.086832e-09
1.553108e-06
-7.0732979e-09
1.5542607e-06
-7.0612467e-09
1.5554152e-06
-7.0485138e-09
1.5565717e-06
-7.0386283e-09
1.5577269e-06
-7.0320114e-09
1.558878e-06
-7.027233e-09
1.5600248e-06
-7.0238064e-09
1.5611663e-06
-7.0208035e-09
1.5622995e-06
-7.0183086e-09
1.5634245e-06
-7.0117538e-09
1.5645414e-06
-7.0012867e-09
1.5656502e-06
-6.9885275e-09
1.5667502e-06
-6.9728818e-09
1.5678416e-06
-6.95456e-09
1.5689247e-06
-6.9384147e-09
1.5699984e-06
-6.9229005e-09
1.5710647e-06
-6.9085768e-09
1.5721235e-06
-6.895335e-09
1.5731765e-06
-6.8839743e-09
1.5742253e-06
-6.874243e-09
1.5752703e-06
-6.8673782e-09
1.5763114e-06
-6.861272e-09
1.5773508e-06
-6.8550681e-09
1.5783892e-06
-6.8484227e-09
1.5794268e-06
-6.8413204e-09
1.580467e-06
-6.8339645e-09
1.5815083e-06
-6.8252897e-09
1.5825495e-06
-6.8162485e-09
1.583592e-06
-6.8071979e-09
1.584636e-06
-6.7970185e-09
1.5856815e-06
-6.7874084e-09
1.5867279e-06
-6.7782548e-09
1.5877721e-06
-6.7682149e-09
1.5888153e-06
-6.7575066e-09
1.5898542e-06
-6.7473582e-09
1.5908841e-06
-6.7350316e-09
1.5919069e-06
-6.7218018e-09
1.5929235e-06
-6.7080985e-09
1.5939323e-06
-6.6912373e-09
1.5949349e-06
-6.6727117e-09
1.5959328e-06
-6.652757e-09
1.5969269e-06
-6.6323937e-09
1.5979175e-06
-6.6127166e-09
1.5989044e-06
-6.5953438e-09
1.5998856e-06
-6.5785168e-09
1.6008629e-06
-6.5642149e-09
1.6018365e-06
-6.5519301e-09
1.6028028e-06
-6.5414585e-09
1.6037619e-06
-6.5327721e-09
1.6047139e-06
-6.5261365e-09
1.6056571e-06
-6.5192869e-09
1.6065933e-06
-6.5123569e-09
1.6075252e-06
-6.5081731e-09
1.608451e-06
-6.5015402e-09
1.6093733e-06
-6.4969576e-09
1.6102939e-06
-6.4930217e-09
1.6112102e-06
-6.483063e-09
1.6121254e-06
-6.476756e-09
1.6130405e-06
-6.4717338e-09
1.6139539e-06
-6.462161e-09
1.6148634e-06
-6.4469625e-09
1.6157676e-06
-6.4314292e-09
1.6166687e-06
-6.4197607e-09
1.6175664e-06
-6.409723e-09
1.6184592e-06
-6.4010162e-09
1.6193487e-06
-6.395751e-09
1.6202378e-06
-6.3949979e-09
1.6211294e-06
-6.3983951e-09
1.6220219e-06
-6.4072556e-09
1.6229144e-06
-6.4158736e-09
1.6238089e-06
-6.4241932e-09
1.6247061e-06
-6.4344752e-09
1.6256058e-06
-6.4453798e-09
1.6265073e-06
-6.4538144e-09
1.6274166e-06
-6.4682295e-09
1.6283269e-06
-6.4791714e-09
1.629232e-06
-6.4852763e-09
1.6301402e-06
-6.4973569e-09
1.6310531e-06
-6.5081891e-09
1.6319593e-06
-6.5083534e-09
1.6328562e-06
-6.4978907e-09
1.633758e-06
-6.494298e-09
1.6346636e-06
-6.4943024e-09
1.635568e-06
-6.4913226e-09
1.6364725e-06
-6.4912973e-09
1.637379e-06
-6.4826109e-09
1.6382789e-06
-6.4727899e-09
1.6391704e-06
-6.4624013e-09
1.6400656e-06
-6.4516561e-09
1.6409622e-06
-6.4443149e-09
1.6418479e-06
-6.4257724e-09
1.6427255e-06
-6.4052355e-09
1.6436035e-06
-6.3902337e-09
1.6444795e-06
-6.3685914e-09
1.6453444e-06
-6.3446346e-09
1.6462042e-06
-6.3186811e-09
1.6470559e-06
-6.2900751e-09
1.6479019e-06
-6.2648087e-09
1.6487306e-06
-6.2350125e-09
1.6495552e-06
-6.2136079e-09
1.6503771e-06
-6.1921259e-09
1.6511869e-06
-6.1626317e-09
1.6519737e-06
-6.1273489e-09
1.6527413e-06
-6.0854157e-09
1.653501e-06
-6.0541905e-09
1.6542468e-06
-6.0239933e-09
1.654976e-06
-5.9889644e-09
1.6556975e-06
-5.9629461e-09
1.6564169e-06
-5.9422294e-09
1.6571247e-06
-5.9204104e-09
1.6578179e-06
-5.8903269e-09
1.6585041e-06
-5.8652461e-09
1.659189e-06
-5.845163e-09
1.6598637e-06
-5.8263194e-09
1.6605291e-06
-5.8027543e-09
1.6611914e-06
-5.7862359e-09
1.661861e-06
-5.7803859e-09
1.6625258e-06
-5.7723906e-09
1.6631796e-06
-5.7595031e-09
1.6638427e-06
-5.7713692e-09
1.6645138e-06
-5.7790897e-09
1.6651714e-06
-5.7699197e-09
1.6658144e-06
-5.7606147e-09
1.666474e-06
-5.7813119e-09
1.6671366e-06
-5.7874603e-09
1.6677821e-06
-5.7722542e-09
1.6684275e-06
-5.7775527e-09
1.6690792e-06
-5.7717289e-09
1.6697263e-06
-5.7572938e-09
1.6703628e-06
-5.745556e-09
1.6709917e-06
-5.7362195e-09
1.6716339e-06
-5.7341172e-09
1.6723063e-06
-5.7658212e-09
1.6729804e-06
-5.773984e-09
1.6736349e-06
-5.7335483e-09
1.6743338e-06
-5.753142e-09
1.6750538e-06
-5.7997278e-09
1.6757471e-06
-5.7656488e-09
1.6764545e-06
-5.7372458e-09
1.6771822e-06
-5.7161875e-09
1.6778841e-06
-5.6826019e-09
1.6785444e-06
-5.6011764e-09
1.679204e-06
-5.5483351e-09
1.6798561e-06
-5.4997389e-09
1.6804772e-06
-5.4389728e-09
1.6810896e-06
-5.3963722e-09
1.6817032e-06
-5.3604619e-09
1.6822773e-06
-5.3053983e-09
1.6828127e-06
-5.2469069e-09
1.6833393e-06
-5.2036877e-09
1.6838694e-06
-5.170731e-09
1.6843735e-06
-5.1355165e-09
1.6848527e-06
-5.1046887e-09
1.6853301e-06
-5.066541e-09
1.6858028e-06
-5.0225095e-09
1.6862425e-06
-4.9744924e-09
1.6866551e-06
-4.9232063e-09
1.6870837e-06
-4.907132e-09
1.687525e-06
-4.8990412e-09
1.6879362e-06
-4.8679554e-09
1.6883276e-06
-4.8281841e-09
1.6887248e-06
-4.8010711e-09
1.6891111e-06
-4.7636948e-09
1.6894706e-06
-4.7107394e-09
1.6898393e-06
-4.7033928e-09
1.6901989e-06
-4.6701318e-09
1.6905321e-06
-4.6209534e-09
1.6908698e-06
-4.6083324e-09
1.691214e-06
-4.5847002e-09
1.6915512e-06
-4.5517856e-09
1.6918995e-06
-4.5473838e-09
1.6922476e-06
-4.5566768e-09
1.6925518e-06
-4.4962389e-09
1.6928421e-06
-4.4443409e-09
1.6931553e-06
-4.4323616e-09
1.6934429e-06
-4.3765871e-09
1.6937141e-06
-4.3280646e-09
1.6940035e-06
-4.3152646e-09
1.6942911e-06
-4.2797619e-09
1.6945644e-06
-4.2280202e-09
1.6948346e-06
-4.1758526e-09
1.6950841e-06
-4.1110866e-09
1.6952855e-06
-3.9939985e-09
1.6954579e-06
-3.8917136e-09
1.6956098e-06
-3.7841428e-09
1.6957316e-06
-3.6668362e-09
1.695818e-06
-3.5573944e-09
1.6959161e-06
-3.4974548e-09
1.6960152e-06
-3.4250447e-09
1.6960726e-06
-3.3218615e-09
1.696107e-06
-3.2269445e-09
1.6961531e-06
-3.1595095e-09
1.6961874e-06
-3.0649052e-09
1.696192e-06
-2.950391e-09
1.696186e-06
-2.8484273e-09
1.6961573e-06
-2.7189295e-09
1.6961044e-06
-2.5892457e-09
1.6960288e-06
-2.455312e-09
1.6959182e-06
-2.2894104e-09
1.6957761e-06
-2.1346938e-09
1.6955931e-06
-1.9681199e-09
1.6953697e-06
-1.7975625e-09
1.6951039e-06
-1.6174377e-09
1.6947917e-06
-1.427725e-09
1.6944315e-06
-1.2363377e-09
1.6940263e-06
-1.0468106e-09
1.6935838e-06
-8.6321661e-10
1.6930981e-06
-6.6627148e-10
1.6925695e-06
-4.6735016e-10
1.69201e-06
-2.8289282e-10
1.6914265e-06
-1.1178836e-10
1.6908173e-06
5.9379612e-11
1.6901822e-06
2.3495073e-10
1.6895134e-06
4.0885784e-10
1.6887993e-06
5.8175775e-10
1.6880533e-06
7.6359585e-10
1.687263e-06
9.5691455e-10
1.6864223e-06
1.1501049e-09
1.6855284e-06
1.3563777e-09
1.6845836e-06
1.5622716e-09
1.6835907e-06
1.7410393e-09
1.682548e-06
1.9506645e-09
1.6814619e-06
2.1462734e-09
1.6803436e-06
2.2717974e-09
1.6791808e-06
2.4661904e-09
1.6779854e-06
2.6160052e-09
1.6767591e-06
2.749188e-09
1.675505e-06
2.8823197e-09
1.6742277e-06
3.0030303e-09
1.6729348e-06
3.1090859e-09
1.671633e-06
3.2033052e-09
1.67033e-06
3.2812304e-09
1.6690354e-06
3.3406669e-09
1.6677593e-06
3.3806229e-09
1.6665134e-06
3.3968086e-09
1.6653062e-06
3.3948777e-09
1.6641359e-06
3.3868606e-09
1.6630015e-06
3.3703609e-09
1.6618996e-06
3.3567593e-09
1.6608208e-06
3.3496645e-09
1.65976e-06
3.3394021e-09
1.6587165e-06
3.3303942e-09
1.6576811e-06
3.3291552e-09
1.6566498e-06
3.3227598e-09
1.655621e-06
3.3148932e-09
1.6545914e-06
3.3050016e-09
1.6535656e-06
3.2736165e-09
1.6525438e-06
3.2338998e-09
1.6515278e-06
3.184133e-09
1.6505248e-06
3.1097414e-09
1.6495419e-06
3.0128184e-09
1.6485834e-06
2.892881e-09
1.6476568e-06
2.752321e-09
1.6467802e-06
2.5974147e-09
1.6459529e-06
2.4264888e-09
1.645163e-06
2.2381883e-09
1.6444172e-06
2.0438877e-09
1.6437292e-06
1.8340613e-09
1.643105e-06
1.6097133e-09
1.6425363e-06
1.3594645e-09
1.6420539e-06
1.0751742e-09
1.6416468e-06
7.831189e-10
1.641312e-06
4.68245e-10
1.6410869e-06
1.151621e-10
1.640954e-06
-2.6133673e-10
1.6409204e-06
-6.8427619e-10
1.6409868e-06
-1.1371872e-09
1.6411574e-06
-1.6152932e-09
1.6414461e-06
-2.1236892e-09
1.6418318e-06
-2.6445757e-09
1.6423428e-06
-3.1934535e-09
1.6429907e-06
-3.7508894e-09
1.6437345e-06
-4.3137511e-09
1.6446106e-06
-4.9152384e-09
1.6456521e-06
-5.5215845e-09
1.6467849e-06
-6.108916e-09
1.6480244e-06
-6.749636e-09
1.6494965e-06
-7.362789e-09
1.6511307e-06
-7.975967e-09
1.652827e-06
-8.5973748e-09
1.6546134e-06
-9.2694186e-09
1.6568015e-06
-9.8768305e-09
1.6590852e-06
-1.055739e-08
1.6614481e-06
-1.1010932e-08
1.6643367e-06
-1.1649214e-08
1.6674817e-06
-1.2254906e-08
1.67069e-06
-1.2575062e-08
1.6743604e-06
-1.3215685e-08
1.6782169e-06
-1.3654436e-08
1.6821193e-06
-1.3933916e-08
1.6862901e-06
-1.4489495e-08
1.6905511e-06
-1.483922e-08
1.6947328e-06
-1.4962362e-08
1.69913e-06
-1.5242419e-08
1.7036907e-06
-1.5572477e-08
1.7083282e-06
-1.5843964e-08
1.7130278e-06
-1.6148944e-08
1.7178357e-06
-1.6469674e-08
1.7226155e-06
-1.6766882e-08
1.7273027e-06
-1.7029163e-08
1.7319906e-06
-1.7303857e-08
1.7368693e-06
-1.7590127e-08
1.7418661e-06
-1.7809848e-08
1.7465233e-06
-1.778402e-08
1.7510355e-06
-1.7951463e-08
1.7558394e-06
-1.8202326e-08
1.7606705e-06
-1.8317969e-08
1.765151e-06
-1.8222783e-08
1.769424e-06
-1.8296766e-08
1.7737825e-06
-1.8354587e-08
1.7779552e-06
-1.8190438e-08
1.7820052e-06
-1.8145316e-08
1.7859518e-06
-1.8163111e-08
1.7896738e-06
-1.7811037e-08
1.7931306e-06
-1.7435592e-08
1.7964193e-06
-1.7365627e-08
1.7994748e-06
-1.701857e-08
1.8020856e-06
-1.6585433e-08
1.8043747e-06
-1.6195454e-08
1.8064727e-06
-1.5798109e-08
1.8083059e-06
-1.5267297e-08
1.8096162e-06
-1.4760849e-08
1.810354e-06
-1.3947594e-08
1.8106419e-06
-1.3003464e-08
1.8106682e-06
-1.2278929e-08
1.8102404e-06
-1.1413424e-08
1.8093347e-06
-1.0167539e-08
1.8082796e-06
-9.0926373e-09
1.8065062e-06
-7.9823197e-09
1.8041176e-06
-6.5095165e-09
1.8015002e-06
-5.1638218e-09
1.798283e-06
-3.7982812e-09
1.7945327e-06
-2.22742e-09
1.7904763e-06
-7.085732e-10
1.7859229e-06
8.0876239e-10
1.7809262e-06
2.4042048e-09
1.7755972e-06
3.9547619e-09
1.7698258e-06
5.4792073e-09
1.7636709e-06
7.0188353e-09
1.757208e-06
8.4843679e-09
1.7503595e-06
9.9270414e-09
1.7432106e-06
1.1349722e-08
1.7357934e-06
1.2694942e-08
1.7279951e-06
1.4051406e-08
1.7199745e-06
1.5355845e-08
1.7118268e-06
1.6543455e-08
1.7033799e-06
1.7772971e-08
1.6947294e-06
1.9000201e-08
1.6860097e-06
2.005946e-08
1.6769917e-06
2.1230696e-08
1.6678684e-06
2.2361296e-08
1.6588098e-06
2.3179378e-08
1.6494384e-06
2.4287163e-08
1.6400051e-06
2.5328884e-08
1.6307338e-06
2.6015201e-08
1.6213471e-06
2.6854215e-08
1.6119213e-06
2.7700003e-08
1.6025971e-06
2.8405164e-08
1.5932057e-06
2.9176832e-08
1.5836902e-06
3.0021634e-08
1.5742787e-06
3.0644649e-08
1.564941e-06
3.119666e-08
1.5554686e-06
3.1942849e-08
1.5459824e-06
3.2635865e-08
1.5366488e-06
3.311538e-08
1.5273014e-06
3.3713543e-08
1.5178982e-06
3.4394429e-08
1.5087334e-06
3.4768409e-08
1.4996585e-06
3.5169539e-08
1.4904747e-06
3.5748441e-08
1.4813818e-06
3.6176929e-08
1.4724766e-06
3.6451246e-08
1.4636339e-06
3.6787732e-08
1.4547584e-06
3.7205424e-08
1.4459061e-06
3.7562302e-08
1.4371595e-06
3.7830778e-08
1.4284996e-06
3.8070835e-08
1.4198762e-06
3.8292304e-08
1.411317e-06
3.8432399e-08
1.4028822e-06
3.8476504e-08
1.3945431e-06
3.8501645e-08
1.3862809e-06
3.8487402e-08
1.3781076e-06
3.8405451e-08
1.3700355e-06
3.8239715e-08
1.3620812e-06
3.7973951e-08
1.3542591e-06
3.7615763e-08
1.3465819e-06
3.7170835e-08
1.3390664e-06
3.6634086e-08
1.3317247e-06
3.6008025e-08
1.324579e-06
3.5284363e-08
1.3176429e-06
3.448654e-08
1.3109022e-06
3.3652017e-08
1.3043768e-06
3.2751315e-08
1.2980895e-06
3.1806997e-08
1.2919803e-06
3.0910335e-08
1.286046e-06
2.9989094e-08
1.2803677e-06
2.8994074e-08
1.2748656e-06
2.8109079e-08
1.2694441e-06
2.7290296e-08
1.2642519e-06
2.6313642e-08
1.2593046e-06
2.5386547e-08
1.2543857e-06
2.4644397e-08
1.249611e-06
2.371742e-08
1.2451685e-06
2.2700425e-08
1.2407587e-06
2.1954309e-08
1.2364277e-06
2.103733e-08
1.232496e-06
1.9972059e-08
1.2285729e-06
1.9249176e-08
1.2246446e-06
1.8290665e-08
1.2212601e-06
1.7118651e-08
1.217903e-06
1.6449264e-08
1.2143313e-06
1.5537184e-08
1.2114062e-06
1.4185791e-08
1.2087183e-06
1.3367436e-08
1.2056781e-06
1.2476267e-08
1.2030828e-06
1.106822e-08
1.2008777e-06
9.9785873e-09
1.198498e-06
9.0003232e-09
1.1962664e-06
7.6786222e-09
1.1944248e-06
6.3957577e-09
1.192687e-06
5.2676858e-09
1.1909492e-06
4.0042494e-09
1.1895257e-06
2.6531004e-09
1.1884584e-06
1.3641235e-09
1.187554e-06
1.0323298e-10
1.1867377e-06
-1.1983388e-09
1.1859135e-06
-2.5159212e-09
1.185673e-06
-3.761139e-09
1.1858556e-06
-5.0455808e-09
1.1865904e-06
-5.8748473e-09
1.1878023e-06
-6.8606787e-09
1.1894053e-06
-7.6674338e-09
1.191219e-06
-8.3978899e-09
1.193377e-06
-9.1107872e-09
1.1959248e-06
-9.9460826e-09
1.1987493e-06
-1.069421e-08
1.2015619e-06
-1.1215411e-08
1.2044412e-06
-1.1818708e-08
1.2078035e-06
-1.2745397e-08
1.2117354e-06
-1.3640752e-08
1.2160683e-06
-1.4551429e-08
1.2207249e-06
-1.5484193e-08
1.2257428e-06
-1.647094e-08
1.2311645e-06
-1.7489736e-08
1.2370154e-06
-1.8548353e-08
1.2433064e-06
-1.9631777e-08
1.2500481e-06
-2.0739594e-08
1.2572481e-06
-2.1861602e-08
1.2649122e-06
-2.2993141e-08
1.2730429e-06
-2.4129373e-08
1.2816425e-06
-2.5265479e-08
1.2907106e-06
-2.6398548e-08
1.3002453e-06
-2.7524571e-08
1.3102419e-06
-2.8641518e-08
1.3206938e-06
-2.974563e-08
1.331589e-06
-3.0833023e-08
1.3429105e-06
-3.1898633e-08
1.3546374e-06
-3.2938636e-08
1.3667442e-06
-3.3947724e-08
1.3791985e-06
-3.4917959e-08
1.3919619e-06
-3.584346e-08
1.4049899e-06
-3.6714106e-08
1.4182318e-06
-3.7525744e-08
1.4316329e-06
-3.8266684e-08
1.4451324e-06
-3.8928516e-08
1.4586698e-06
-3.9500959e-08
1.4721828e-06
-3.9986536e-08
1.4856026e-06
-4.0372128e-08
1.4988587e-06
-4.0665469e-08
1.511876e-06
-4.0820112e-08
1.524588e-06
-4.0874565e-08
1.5369417e-06
-4.0805808e-08
1.5488647e-06
-4.0617567e-08
1.5603316e-06
-4.031055e-08
1.5713256e-06
-3.9930605e-08
1.5817914e-06
-3.9374416e-08
1.5917022e-06
-3.8766657e-08
1.6010058e-06
-3.7956028e-08
1.6096963e-06
-3.7111935e-08
1.6177428e-06
-3.6045969e-08
1.6251606e-06
-3.5042962e-08
1.631802e-06
-3.3691501e-08
1.6377369e-06
-3.2408686e-08
1.6428959e-06
-3.0957257e-08
1.6474858e-06
-2.965354e-08
1.6512848e-06
-2.8223928e-08
1.6547246e-06
-2.6661811e-08
1.6569508e-06
-2.5001795e-08
1.6587121e-06
-2.3783171e-08
-2.0525864e-08
1.2093496e-06
-2.4372615e-09
1.21051e-06
-5.5323657e-09
1.2123804e-06
-9.2002295e-09
1.2146181e-06
-1.166337e-08
1.2171146e-06
-1.3797685e-08
1.2197206e-06
-1.5363063e-08
1.2223279e-06
-1.6416667e-08
1.2248859e-06
-1.7093146e-08
1.2273374e-06
-1.7466217e-08
1.2296912e-06
-1.7625816e-08
1.2319544e-06
-1.763307e-08
1.2341183e-06
-1.7531159e-08
1.2361915e-06
-1.7346593e-08
1.2381898e-06
-1.7121473e-08
1.24012e-06
-1.685934e-08
1.2419985e-06
-1.6592443e-08
1.2438297e-06
-1.6310833e-08
1.2456183e-06
-1.6026128e-08
1.2473693e-06
-1.5742484e-08
1.2490919e-06
-1.5469254e-08
1.2507916e-06
-1.5205213e-08
1.2524764e-06
-1.4955007e-08
1.2541487e-06
-1.4717909e-08
1.2558167e-06
-1.4492842e-08
1.2574864e-06
-1.4282532e-08
1.2591648e-06
-1.4087576e-08
1.2608547e-06
-1.3907071e-08
1.2625543e-06
-1.3733903e-08
1.2642657e-06
-1.357163e-08
1.2659902e-06
-1.3418865e-08
1.2677263e-06
-1.3273938e-08
1.2694773e-06
-1.3140641e-08
1.2712427e-06
-1.3016139e-08
1.2730226e-06
-1.2900078e-08
1.2748178e-06
-1.2791202e-08
1.276628e-06
-1.2689886e-08
1.2784561e-06
-1.2595492e-08
1.2803008e-06
-1.2507141e-08
1.2821664e-06
-1.2427357e-08
1.2840369e-06
-1.2342702e-08
1.2859142e-06
-1.226213e-08
1.2878052e-06
-1.2193575e-08
1.2897127e-06
-1.2130211e-08
1.291636e-06
-1.2070419e-08
1.2935736e-06
-1.2013431e-08
1.295525e-06
-1.1959625e-08
1.2974888e-06
-1.1908652e-08
1.2994647e-06
-1.1860345e-08
1.301452e-06
-1.1814597e-08
1.3034493e-06
-1.1771508e-08
1.3054574e-06
-1.1729619e-08
1.3074734e-06
-1.1692528e-08
1.3094992e-06
-1.165274e-08
1.3115311e-06
-1.1621531e-08
1.3135714e-06
-1.1585769e-08
1.3156153e-06
-1.1555991e-08
1.3176714e-06
-1.1520428e-08
1.3197325e-06
-1.1486203e-08
1.3217978e-06
-1.1456134e-08
1.3238665e-06
-1.1430327e-08
1.3259386e-06
-1.1404224e-08
1.3280142e-06
-1.1379727e-08
1.3300927e-06
-1.1355052e-08
1.3321736e-06
-1.133187e-08
1.3342566e-06
-1.1308579e-08
1.3363411e-06
-1.1286625e-08
1.3384269e-06
-1.1264529e-08
1.3405132e-06
-1.1243705e-08
1.3426e-06
-1.122226e-08
1.3446863e-06
-1.1203058e-08
1.3467727e-06
-1.1181634e-08
1.3488573e-06
-1.1164545e-08
1.3509412e-06
-1.114276e-08
1.3530215e-06
-1.1126639e-08
1.3551006e-06
-1.1103785e-08
1.3571765e-06
-1.108711e-08
1.359252e-06
-1.106593e-08
1.3613302e-06
-1.1045254e-08
1.3634047e-06
-1.1027693e-08
1.3654729e-06
-1.1011208e-08
1.3675369e-06
-1.0994592e-08
1.3695965e-06
-1.0978773e-08
1.3716526e-06
-1.0962775e-08
1.3737043e-06
-1.0947067e-08
1.3757519e-06
-1.0931258e-08
1.3777949e-06
-1.0915608e-08
1.3798333e-06
-1.089986e-08
1.3818671e-06
-1.0883675e-08
1.3838958e-06
-1.0868479e-08
1.3859196e-06
-1.0851627e-08
1.3879386e-06
-1.0836568e-08
1.3899517e-06
-1.082083e-08
1.3919604e-06
-1.0803746e-08
1.3939628e-06
-1.0790261e-08
1.3959598e-06
-1.0772615e-08
1.3979513e-06
-1.0756518e-08
1.399936e-06
-1.0742855e-08
1.401916e-06
-1.0723571e-08
1.4038909e-06
-1.0707067e-08
1.4058587e-06
-1.0693534e-08
1.4078229e-06
-1.0672631e-08
1.4097801e-06
-1.0652533e-08
1.4117312e-06
-1.0635743e-08
1.4136771e-06
-1.061891e-08
1.4156172e-06
-1.0605004e-08
1.4175533e-06
-1.0591682e-08
1.4194831e-06
-1.0576069e-08
1.4214044e-06
-1.0563208e-08
1.4233173e-06
-1.0552223e-08
1.4252249e-06
-1.053878e-08
1.4271233e-06
-1.0524785e-08
1.4290155e-06
-1.0510351e-08
1.4308992e-06
-1.0496674e-08
1.4327759e-06
-1.0481045e-08
1.4346475e-06
-1.046505e-08
1.4365102e-06
-1.0450423e-08
1.4383697e-06
-1.0432955e-08
1.4402221e-06
-1.0417934e-08
1.4420678e-06
-1.0401923e-08
1.4439092e-06
-1.0384889e-08
1.4457434e-06
-1.0369812e-08
1.4475727e-06
-1.0352676e-08
1.4493947e-06
-1.0336214e-08
1.4512101e-06
-1.0318806e-08
1.4530195e-06
-1.030163e-08
1.4548206e-06
-1.0284374e-08
1.456615e-06
-1.0266324e-08
1.4584026e-06
-1.0248862e-08
1.4601835e-06
-1.0231362e-08
1.4619614e-06
-1.0211864e-08
1.4637342e-06
-1.0194256e-08
1.465501e-06
-1.0178623e-08
1.4672615e-06
-1.0163891e-08
1.4690145e-06
-1.0149605e-08
1.4707606e-06
-1.0134819e-08
1.4724988e-06
-1.0120043e-08
1.4742293e-06
-1.0105108e-08
1.475954e-06
-1.0091131e-08
1.4776718e-06
-1.007775e-08
1.4793827e-06
-1.0064625e-08
1.4810867e-06
-1.005137e-08
1.4827852e-06
-1.0036328e-08
1.4844777e-06
-1.0022569e-08
1.486165e-06
-1.0006917e-08
1.4878472e-06
-9.9912847e-09
1.489523e-06
-9.9768194e-09
1.4911926e-06
-9.9622506e-09
1.492855e-06
-9.9472479e-09
1.4945121e-06
-9.9313784e-09
1.4961648e-06
-9.915186e-09
1.4978115e-06
-9.8984243e-09
1.4994516e-06
-9.8817754e-09
1.5010872e-06
-9.8651736e-09
1.5027185e-06
-9.847307e-09
1.504343e-06
-9.8299973e-09
1.5059601e-06
-9.8135375e-09
1.5075704e-06
-9.7965338e-09
1.5091741e-06
-9.7792623e-09
1.5107716e-06
-9.7629473e-09
1.5123635e-06
-9.746485e-09
1.513949e-06
-9.7309178e-09
1.5155277e-06
-9.7160688e-09
1.5170998e-06
-9.6999853e-09
1.5186647e-06
-9.6834558e-09
1.5202216e-06
-9.6664925e-09
1.5217722e-06
-9.6476174e-09
1.5233179e-06
-9.6278665e-09
1.5248605e-06
-9.6075632e-09
1.5264e-06
-9.5885211e-09
1.5279364e-06
-9.5702335e-09
1.529469e-06
-9.5532031e-09
1.530996e-06
-9.5368766e-09
1.5325167e-06
-9.5208041e-09
1.5340308e-06
-9.5048396e-09
1.5355396e-06
-9.4878319e-09
1.5370442e-06
-9.4701718e-09
1.5385452e-06
-9.4518837e-09
1.5400428e-06
-9.4332084e-09
1.5415373e-06
-9.4149279e-09
1.5430277e-06
-9.3966723e-09
1.5445146e-06
-9.3780641e-09
1.5459961e-06
-9.3615342e-09
1.5474709e-06
-9.344912e-09
1.5489382e-06
-9.3283323e-09
1.5503971e-06
-9.311893e-09
1.5518486e-06
-9.2938937e-09
1.5532922e-06
-9.2757437e-09
1.5547287e-06
-9.2559942e-09
1.5561594e-06
-9.2344883e-09
1.5575837e-06
-9.2134607e-09
1.5590023e-06
-9.1907415e-09
1.5604153e-06
-9.1686387e-09
1.5618227e-06
-9.1466301e-09
1.5632238e-06
-9.1239687e-09
1.5646185e-06
-9.1015644e-09
1.5660066e-06
-9.0788528e-09
1.5673884e-06
-9.0553964e-09
1.5687653e-06
-9.030376e-09
1.570138e-06
-9.0043102e-09
1.571507e-06
-8.9770351e-09
1.5728732e-06
-8.9490637e-09
1.5742358e-06
-8.9217029e-09
1.5755939e-06
-8.8947343e-09
1.5769462e-06
-8.8686591e-09
1.5782917e-06
-8.8432253e-09
1.5796307e-06
-8.8175343e-09
1.5809646e-06
-8.7909657e-09
1.5822941e-06
-8.7644918e-09
1.5836202e-06
-8.7380312e-09
1.5849439e-06
-8.7122034e-09
1.5862657e-06
-8.687163e-09
1.5875864e-06
-8.6631484e-09
1.5889062e-06
-8.6418859e-09
1.5902241e-06
-8.6197645e-09
1.5915388e-06
-8.5974938e-09
1.5928507e-06
-8.5766456e-09
1.5941629e-06
-8.5588612e-09
1.5954744e-06
-8.5458258e-09
1.5967829e-06
-8.5323086e-09
1.5980877e-06
-8.5194793e-09
1.5993877e-06
-8.5064813e-09
1.6006798e-06
-8.4903666e-09
1.6019638e-06
-8.4738065e-09
1.6032386e-06
-8.4579077e-09
1.6045031e-06
-8.4397205e-09
1.6057578e-06
-8.4219609e-09
1.607004e-06
-8.4047334e-09
1.6082432e-06
-8.3877021e-09
1.6094765e-06
-8.3723757e-09
1.6107043e-06
-8.354506e-09
1.6119303e-06
-8.3395655e-09
1.6131578e-06
-8.3285059e-09
1.6143836e-06
-8.312889e-09
1.6156071e-06
-8.2993648e-09
1.6168294e-06
-8.2901894e-09
1.6180475e-06
-8.2806633e-09
1.6192588e-06
-8.2706766e-09
1.6204639e-06
-8.2630756e-09
1.6216626e-06
-8.2570519e-09
1.6228519e-06
-8.2453431e-09
1.6240313e-06
-8.2302472e-09
1.6252026e-06
-8.2152924e-09
1.6263616e-06
-8.1935121e-09
1.6275096e-06
-8.1698377e-09
1.6286497e-06
-8.1507303e-09
1.6297783e-06
-8.1278668e-09
1.6308984e-06
-8.1080604e-09
1.6320125e-06
-8.0906184e-09
1.633122e-06
-8.0751734e-09
1.6342274e-06
-8.060598e-09
1.635331e-06
-8.0502613e-09
1.6364328e-06
-8.0402653e-09
1.6375341e-06
-8.0309843e-09
1.6386343e-06
-8.0203906e-09
1.639735e-06
-8.0110727e-09
1.6408385e-06
-8.0037914e-09
1.641942e-06
-7.9927656e-09
1.643045e-06
-7.9808009e-09
1.6441507e-06
-7.9720595e-09
1.6452567e-06
-7.959871e-09
1.6463621e-06
-7.9473272e-09
1.6474692e-06
-7.9381133e-09
1.6485726e-06
-7.9234486e-09
1.6496717e-06
-7.9085281e-09
1.6507655e-06
-7.8940712e-09
1.651849e-06
-7.873675e-09
1.6529232e-06
-7.8539579e-09
1.6539898e-06
-7.8360385e-09
1.6550457e-06
-7.8117313e-09
1.6560935e-06
-7.7880467e-09
1.6571363e-06
-7.7650983e-09
1.6581714e-06
-7.7386924e-09
1.6591998e-06
-7.7135165e-09
1.6602229e-06
-7.6923925e-09
1.6612384e-06
-7.6699735e-09
1.6622474e-06
-7.6513578e-09
1.6632511e-06
-7.6362587e-09
1.6642458e-06
-7.6193865e-09
1.6652329e-06
-7.6058613e-09
1.6662138e-06
-7.5960305e-09
1.667186e-06
-7.5834441e-09
1.6681517e-06
-7.5725013e-09
1.6691136e-06
-7.5662685e-09
1.67007e-06
-7.5553097e-09
1.6710263e-06
-7.5509581e-09
1.6719806e-06
-7.5453683e-09
1.6729288e-06
-7.5288238e-09
1.6738785e-06
-7.5228965e-09
1.6748296e-06
-7.5187319e-09
1.6757771e-06
-7.5056312e-09
1.6767171e-06
-7.4833673e-09
1.6776488e-06
-7.4595432e-09
1.6785751e-06
-7.4424737e-09
1.6794966e-06
-7.4280164e-09
1.6804124e-06
-7.4138158e-09
1.681326e-06
-7.4059199e-09
1.6822404e-06
-7.4048181e-09
1.6831568e-06
-7.4088011e-09
1.6840773e-06
-7.4204007e-09
1.6850001e-06
-7.4298834e-09
1.6859237e-06
-7.4370599e-09
1.6868494e-06
-7.4467597e-09
1.6877811e-06
-7.4603688e-09
1.6887191e-06
-7.4722566e-09
1.6896617e-06
-7.4898625e-09
1.6905991e-06
-7.4962627e-09
1.6915371e-06
-7.5043527e-09
1.692485e-06
-7.5279982e-09
1.6934338e-06
-7.541507e-09
1.6943733e-06
-7.5338487e-09
1.6953029e-06
-7.5131523e-09
1.6962398e-06
-7.5143523e-09
1.6971819e-06
-7.5162676e-09
1.6981279e-06
-7.5144948e-09
1.6990738e-06
-7.5127264e-09
1.7000154e-06
-7.4989597e-09
1.7009504e-06
-7.4823485e-09
1.701877e-06
-7.4638153e-09
1.7028092e-06
-7.4591178e-09
1.7037399e-06
-7.4507192e-09
1.7046566e-06
-7.4190405e-09
1.7055663e-06
-7.3917961e-09
1.7064824e-06
-7.3836275e-09
1.707393e-06
-7.3572708e-09
1.7082894e-06
-7.321002e-09
1.7091754e-06
-7.2874515e-09
1.7100505e-06
-7.2517423e-09
1.7109133e-06
-7.2184592e-09
1.7117645e-06
-7.1816935e-09
1.7126183e-06
-7.1680279e-09
1.7134585e-06
-7.1393771e-09
1.7142761e-06
-7.0947164e-09
1.7150781e-06
-7.0512707e-09
1.7158634e-06
-6.9993145e-09
1.7166273e-06
-6.9523893e-09
1.7173705e-06
-6.9068093e-09
1.7181068e-06
-6.8705788e-09
1.7188328e-06
-6.8404495e-09
1.7195485e-06
-6.8166397e-09
1.7202533e-06
-6.7924706e-09
1.7209482e-06
-6.7619039e-09
1.7216287e-06
-6.7312285e-09
1.7222893e-06
-6.698516e-09
1.7229406e-06
-6.6761801e-09
1.7236016e-06
-6.6669315e-09
1.724259e-06
-6.6497159e-09
1.7248881e-06
-6.616939e-09
1.7255149e-06
-6.6066952e-09
1.7261831e-06
-6.6349846e-09
1.7268394e-06
-6.6352421e-09
1.7274595e-06
-6.606979e-09
1.7281001e-06
-6.6179533e-09
1.7287603e-06
-6.6273529e-09
1.7293898e-06
-6.61601e-09
1.730015e-06
-6.6167143e-09
1.7306712e-06
-6.6313635e-09
1.7313075e-06
-6.6153731e-09
1.7319218e-06
-6.5857386e-09
1.7325559e-06
-6.5894921e-09
1.7331809e-06
-6.5678578e-09
1.7338025e-06
-6.5547252e-09
1.7344476e-06
-6.5754588e-09
1.7350705e-06
-6.5809935e-09
1.7357043e-06
-6.590358e-09
1.7364392e-06
-6.6344001e-09
1.7371831e-06
-6.6429915e-09
1.7378524e-06
-6.5991417e-09
1.7385801e-06
-6.6151919e-09
1.7393663e-06
-6.6413985e-09
1.7400983e-06
-6.5641519e-09
1.7408062e-06
-6.5059034e-09
1.7414986e-06
-6.4115069e-09
1.7421597e-06
-6.3321486e-09
1.742769e-06
-6.2381686e-09
1.7433987e-06
-6.207832e-09
1.7440285e-06
-6.1792802e-09
1.7445966e-06
-6.0978178e-09
1.7451242e-06
-6.0179195e-09
1.7456607e-06
-5.9836576e-09
1.7461702e-06
-5.9273648e-09
1.7466207e-06
-5.8461214e-09
1.7470683e-06
-5.8156364e-09
1.7475449e-06
-5.8241616e-09
1.748004e-06
-5.7817497e-09
1.7484024e-06
-5.6897331e-09
1.748748e-06
-5.5987082e-09
1.7491233e-06
-5.5834066e-09
1.7495179e-06
-5.592403e-09
1.7498632e-06
-5.5436153e-09
1.7501864e-06
-5.5004605e-09
1.7505426e-06
-5.504289e-09
1.7508765e-06
-5.4657496e-09
1.7511501e-06
-5.3767275e-09
1.7514287e-06
-5.33361e-09
1.7517243e-06
-5.3478071e-09
1.7519828e-06
-5.283292e-09
1.752227e-06
-5.2225344e-09
1.752457e-06
-5.1914752e-09
1.7527151e-06
-5.1891234e-09
1.753044e-06
-5.2222204e-09
1.7533257e-06
-5.1694782e-09
1.7535275e-06
-5.1030291e-09
1.7537578e-06
-5.0809525e-09
1.7539877e-06
-5.0380216e-09
1.7541726e-06
-4.9867523e-09
1.7543752e-06
-4.9499973e-09
1.7546031e-06
-4.9229598e-09
1.7547904e-06
-4.8640088e-09
1.7549995e-06
-4.8457722e-09
1.7552328e-06
-4.8174802e-09
1.7554188e-06
-4.7228577e-09
1.7555422e-06
-4.6050634e-09
1.7556695e-06
-4.5050208e-09
1.7557673e-06
-4.3880286e-09
1.7557878e-06
-4.2168531e-09
1.7557912e-06
-4.0916492e-09
1.7558252e-06
-4.0200847e-09
1.7558253e-06
-3.932604e-09
1.7557818e-06
-3.8210906e-09
1.7557363e-06
-3.7211061e-09
1.7556893e-06
-3.631595e-09
1.7556525e-06
-3.583414e-09
1.7555892e-06
-3.4732781e-09
1.7554673e-06
-3.3092595e-09
1.7553503e-06
-3.2177945e-09
1.7552554e-06
-3.117663e-09
1.755126e-06
-2.9634797e-09
1.7549324e-06
-2.7760856e-09
1.7546927e-06
-2.5770919e-09
1.7544346e-06
-2.4192741e-09
1.7541243e-06
-2.2185258e-09
1.7537686e-06
-2.0208191e-09
1.7533676e-06
-1.8155029e-09
1.752894e-06
-1.5985959e-09
1.7523742e-06
-1.3768342e-09
1.7518183e-06
-1.1719488e-09
1.7512178e-06
-9.6589137e-10
1.7505627e-06
-7.3339246e-10
1.7498577e-06
-4.9884363e-10
1.7491237e-06
-2.9486724e-10
1.7483724e-06
-1.1345014e-10
1.7475929e-06
7.8668627e-11
1.7467737e-06
2.842353e-10
1.745921e-06
4.7652948e-10
1.7450329e-06
6.6290529e-10
1.7440932e-06
8.7002316e-10
1.7430905e-06
1.0969048e-09
1.7420255e-06
1.3219688e-09
1.7408961e-06
1.562356e-09
1.739705e-06
1.8035502e-09
1.7384544e-06
2.0163662e-09
1.7371458e-06
2.2602165e-09
1.7357855e-06
2.4877327e-09
1.7343849e-06
2.6331697e-09
1.7329357e-06
2.8568778e-09
1.7314488e-06
3.0276599e-09
1.7299291e-06
3.1802552e-09
1.7283815e-06
3.3321315e-09
1.7268114e-06
3.4728096e-09
1.7252267e-06
3.5984073e-09
1.7236423e-06
3.7057379e-09
1.722066e-06
3.7976893e-09
1.7205133e-06
3.8651238e-09
1.7190017e-06
3.9031969e-09
1.7175448e-06
3.9091343e-09
1.7161371e-06
3.9036858e-09
1.7147766e-06
3.891877e-09
1.7134735e-06
3.8554191e-09
1.7122057e-06
3.8371333e-09
1.7109491e-06
3.8440819e-09
1.7097176e-06
3.8294776e-09
1.7085012e-06
3.8201007e-09
1.7072721e-06
3.8427928e-09
1.7060465e-06
3.841429e-09
1.704811e-06
3.8488084e-09
1.7035542e-06
3.8645784e-09
1.70231e-06
3.8248271e-09
1.7010698e-06
3.7865706e-09
1.699821e-06
3.754387e-09
1.6985889e-06
3.6778451e-09
1.6973825e-06
3.5747054e-09
1.6962124e-06
3.4416039e-09
1.6950935e-06
3.2764271e-09
1.6940322e-06
3.0956291e-09
1.6930294e-06
2.901523e-09
1.69208e-06
2.6924538e-09
1.691205e-06
2.4657054e-09
1.690435e-06
2.2437954e-09
1.6897251e-06
1.9957604e-09
1.6890855e-06
1.7300468e-09
1.688533e-06
1.4258918e-09
1.688087e-06
1.100652e-09
1.6877448e-06
7.6023676e-10
1.6875134e-06
3.806897e-10
1.6874119e-06
-3.4537262e-11
1.687424e-06
-4.7377213e-10
1.6875675e-06
-9.5484465e-10
1.68785e-06
-1.4637584e-09
1.6882623e-06
-1.9898931e-09
1.688828e-06
-2.5493088e-09
1.6895376e-06
-3.1257841e-09
1.6903955e-06
-3.7134296e-09
1.6914191e-06
-4.3226391e-09
1.6925883e-06
-4.9493982e-09
1.6939212e-06
-5.5982521e-09
1.6954437e-06
-6.2522445e-09
1.697117e-06
-6.9202484e-09
1.6989675e-06
-7.585272e-09
1.7010282e-06
-8.281638e-09
1.7033003e-06
-8.9854972e-09
1.7057229e-06
-9.6771342e-09
1.7083607e-06
-1.0368435e-08
1.711188e-06
-1.1106732e-08
1.7142904e-06
-1.1703091e-08
1.7176072e-06
-1.2422323e-08
1.7211566e-06
-1.3129605e-08
1.7251343e-06
-1.3754204e-08
1.729236e-06
-1.4411777e-08
1.7335363e-06
-1.4957214e-08
1.7383597e-06
-1.5678271e-08
1.7433535e-06
-1.634606e-08
1.74857e-06
-1.6878164e-08
1.754108e-06
-1.7284918e-08
1.7596044e-06
-1.748973e-08
1.7650322e-06
-1.7729242e-08
1.7707068e-06
-1.8241059e-08
1.7764069e-06
-1.8578448e-08
1.7820443e-06
-1.8856082e-08
1.7877253e-06
-1.9222068e-08
1.7934583e-06
-1.9568519e-08
1.7990444e-06
-1.9741078e-08
1.8046966e-06
-2.0150976e-08
1.810257e-06
-2.034858e-08
1.8156842e-06
-2.0260205e-08
1.8210245e-06
-2.0422015e-08
1.8262463e-06
-2.0660973e-08
1.8312542e-06
-2.0688304e-08
1.836153e-06
-2.0619011e-08
1.8407457e-06
-2.0537855e-08
1.8451072e-06
-2.0534702e-08
1.8494581e-06
-2.054434e-08
1.8533951e-06
-2.0278782e-08
1.8568846e-06
-2.0053835e-08
1.8603308e-06
-1.9875292e-08
1.863666e-06
-1.9615385e-08
1.8664128e-06
-1.9200002e-08
1.8687797e-06
-1.8742611e-08
1.8708995e-06
-1.8335501e-08
1.8726828e-06
-1.7859109e-08
1.8739799e-06
-1.7255182e-08
1.8746446e-06
-1.6598326e-08
1.8748152e-06
-1.5864744e-08
1.8746583e-06
-1.4938465e-08
1.8741973e-06
-1.4066047e-08
1.8731872e-06
-1.3191015e-08
1.8714727e-06
-1.201845e-08
1.8693538e-06
-1.077662e-08
1.866673e-06
-9.5526818e-09
1.8633163e-06
-8.1829041e-09
1.8595235e-06
-6.6912551e-09
1.8551818e-06
-5.2070552e-09
1.8502339e-06
-3.6377208e-09
1.8448264e-06
-1.9990054e-09
1.838929e-06
-3.663212e-10
1.8325185e-06
1.3054104e-09
1.8256756e-06
2.995431e-09
1.8184024e-06
4.662505e-09
1.8107039e-06
6.3232197e-09
1.8026405e-06
7.9641858e-09
1.7941973e-06
9.5719614e-09
1.7853984e-06
1.1158019e-08
1.7763181e-06
1.2674499e-08
1.7669158e-06
1.4179467e-08
1.7572714e-06
1.56419e-08
1.747501e-06
1.6959215e-08
1.7375035e-06
1.8281611e-08
1.7273387e-06
1.9606576e-08
1.7171046e-06
2.0851277e-08
1.7066775e-06
2.2069371e-08
1.6961851e-06
2.3288671e-08
1.6857457e-06
2.4364808e-08
1.674959e-06
2.5543732e-08
1.6641899e-06
2.6665041e-08
1.6537741e-06
2.7397304e-08
1.6431127e-06
2.8381634e-08
1.6322387e-06
2.9496642e-08
1.6214599e-06
3.0318496e-08
1.6106351e-06
3.1146699e-08
1.5997766e-06
3.203726e-08
1.5891083e-06
3.2784803e-08
1.5786268e-06
3.3319292e-08
1.5682148e-06
3.3901603e-08
1.5578611e-06
3.4693407e-08
1.5478317e-06
3.5167719e-08
1.5379234e-06
3.5629302e-08
1.5277501e-06
3.6599784e-08
1.5177475e-06
3.7223576e-08
1.5080047e-06
3.7450647e-08
1.4979091e-06
3.8321698e-08
1.4878859e-06
3.8950283e-08
1.4783713e-06
3.8990733e-08
1.4688684e-06
3.9373365e-08
1.4592326e-06
3.996427e-08
1.4497399e-06
4.0361533e-08
1.4405276e-06
4.0559323e-08
1.4314055e-06
4.0858166e-08
1.422193e-06
4.1312052e-08
1.4130719e-06
4.1567583e-08
1.404168e-06
4.1614901e-08
1.3953691e-06
4.1676024e-08
1.3865959e-06
4.1794828e-08
1.3779449e-06
4.1776292e-08
1.3694198e-06
4.1685343e-08
1.3609782e-06
4.1554693e-08
1.3526633e-06
4.1282961e-08
1.3445072e-06
4.0888569e-08
1.3365193e-06
4.0400563e-08
1.3287232e-06
3.9799156e-08
1.3211226e-06
3.9106833e-08
1.3137323e-06
3.830382e-08
1.3066036e-06
3.7375281e-08
1.299721e-06
3.6424679e-08
1.293023e-06
3.5468024e-08
1.2866051e-06
3.4369969e-08
1.2804895e-06
3.3294331e-08
1.274474e-06
3.239326e-08
1.2686506e-06
3.132411e-08
1.2632248e-06
3.0155531e-08
1.2578971e-06
2.9350187e-08
1.2525324e-06
2.8520239e-08
1.247578e-06
2.7290759e-08
1.2429311e-06
2.6347283e-08
1.2381224e-06
2.568766e-08
1.233549e-06
2.4539984e-08
1.2294543e-06
2.341951e-08
1.2252456e-06
2.2721161e-08
1.221165e-06
2.1632296e-08
1.2175921e-06
2.0507528e-08
1.2138941e-06
1.9781714e-08
1.2102855e-06
1.8628921e-08
1.2072921e-06
1.7455686e-08
1.2042229e-06
1.6735464e-08
1.2010496e-06
1.5606819e-08
1.1985279e-06
1.4260687e-08
1.1961346e-06
1.3370357e-08
1.1935426e-06
1.2295318e-08
1.1913759e-06
1.0920263e-08
1.1895071e-06
9.7907709e-09
1.1876089e-06
8.6548844e-09
1.1859359e-06
7.3067303e-09
1.1845888e-06
6.0124985e-09
1.1834599e-06
4.7768003e-09
1.1824819e-06
3.4510461e-09
1.1816819e-06
2.0972935e-09
1.1811445e-06
7.8243989e-10
1.1809158e-06
-6.1171468e-10
1.1809712e-06
-1.9940773e-09
1.1813565e-06
-3.3491991e-09
1.1818676e-06
-4.5369704e-09
1.1829034e-06
-5.6660951e-09
1.1844658e-06
-6.955462e-09
1.1865261e-06
-8.0414733e-09
1.1889099e-06
-8.8773655e-09
1.1917001e-06
-9.774773e-09
1.194806e-06
-1.0699215e-08
1.1982624e-06
-1.1567078e-08
1.2023357e-06
-1.2464094e-08
1.2069222e-06
-1.331937e-08
1.2117905e-06
-1.4249597e-08
1.21702e-06
-1.521157e-08
1.222665e-06
-1.6226157e-08
1.2287592e-06
-1.7279879e-08
1.2353208e-06
-1.8390817e-08
1.2423711e-06
-1.9542053e-08
1.2499205e-06
-2.0733833e-08
1.2579846e-06
-2.1958642e-08
1.2665718e-06
-2.3212604e-08
1.2756875e-06
-2.44848e-08
1.2853331e-06
-2.5769677e-08
1.2955065e-06
-2.7061071e-08
1.3062025e-06
-2.8353587e-08
1.3174116e-06
-2.964263e-08
1.3291213e-06
-3.0924215e-08
1.3413143e-06
-3.2194441e-08
1.3539677e-06
-3.3448363e-08
1.3670527e-06
-3.4680072e-08
1.3805351e-06
-3.5883922e-08
1.394375e-06
-3.7055508e-08
1.4085251e-06
-3.8187382e-08
1.4229309e-06
-3.9269793e-08
1.4375318e-06
-4.0295422e-08
1.4522609e-06
-4.1252202e-08
1.4670474e-06
-4.2135922e-08
1.4818162e-06
-4.2934492e-08
1.4964793e-06
-4.3627236e-08
1.5109489e-06
-4.420368e-08
1.5251396e-06
-4.4666781e-08
1.5389778e-06
-4.5012222e-08
1.5524203e-06
-4.5276812e-08
1.5653996e-06
-4.5384395e-08
1.5778614e-06
-4.5379442e-08
1.5897592e-06
-4.5241571e-08
1.6010535e-06
-4.4970336e-08
1.6117151e-06
-4.4575294e-08
1.6216388e-06
-4.4023188e-08
1.6307139e-06
-4.3191348e-08
1.6389933e-06
-4.2357555e-08
1.6465233e-06
-4.1354331e-08
1.653322e-06
-4.0335884e-08
1.6593471e-06
-3.9075331e-08
1.6645814e-06
-3.7836607e-08
1.6691949e-06
-3.6353733e-08
1.6732227e-06
-3.491768e-08
1.6766343e-06
-3.3349114e-08
1.6791191e-06
-3.1804768e-08
1.680973e-06
-2.9982408e-08
1.6823946e-06
-2.8299132e-08
1.6828123e-06
-2.6032323e-08
1.6828544e-06
-2.4814333e-08
-2.1454607e-08
1.2097177e-06
-3.4188981e-09
1.2113427e-06
-7.1573156e-09
1.2138462e-06
-1.1703714e-08
1.2167528e-06
-1.4570053e-08
1.2199001e-06
-1.6944977e-08
1.2230728e-06
-1.853576e-08
1.2261796e-06
-1.9523438e-08
1.2290883e-06
-2.0001857e-08
1.2318485e-06
-2.0226453e-08
1.2345144e-06
-2.0291699e-08
1.237024e-06
-2.014264e-08
1.2393983e-06
-1.9905491e-08
1.2416688e-06
-1.9617138e-08
1.2438625e-06
-1.9315177e-08
1.2459956e-06
-1.8992527e-08
1.2480967e-06
-1.8693529e-08
1.2501812e-06
-1.8395311e-08
1.2522638e-06
-1.8108749e-08
1.2543594e-06
-1.7838059e-08
1.2564756e-06
-1.7585477e-08
1.2586178e-06
-1.734749e-08
1.2607911e-06
-1.7128382e-08
1.2629919e-06
-1.6918742e-08
1.2652298e-06
-1.673083e-08
1.2675041e-06
-1.6556769e-08
1.2698139e-06
-1.6397508e-08
1.272138e-06
-1.6231273e-08
1.274492e-06
-1.6088034e-08
1.276881e-06
-1.5960727e-08
1.2793064e-06
-1.5844371e-08
1.2817671e-06
-1.5734674e-08
1.2842593e-06
-1.5633003e-08
1.2867806e-06
-1.5537618e-08
1.2893288e-06
-1.5448404e-08
1.2919024e-06
-1.5365048e-08
1.2944993e-06
-1.5286923e-08
1.2971181e-06
-1.5214616e-08
1.2997564e-06
-1.5145631e-08
1.3024118e-06
-1.5083081e-08
1.3050875e-06
-1.5018574e-08
1.3077803e-06
-1.4955274e-08
1.3104851e-06
-1.4898667e-08
1.3132011e-06
-1.4846563e-08
1.3159274e-06
-1.479704e-08
1.3186629e-06
-1.4749267e-08
1.321406e-06
-1.4703089e-08
1.3241555e-06
-1.4658588e-08
1.3269097e-06
-1.4615013e-08
1.329668e-06
-1.4573398e-08
1.332428e-06
-1.4532051e-08
1.3351909e-06
-1.4492958e-08
1.3379521e-06
-1.4454223e-08
1.3407144e-06
-1.4415636e-08
1.3434734e-06
-1.4381115e-08
1.3462283e-06
-1.4341244e-08
1.3489787e-06
-1.4307158e-08
1.3517269e-06
-1.4269234e-08
1.3544732e-06
-1.4233215e-08
1.3572137e-06
-1.4197346e-08
1.3599471e-06
-1.4164528e-08
1.3626729e-06
-1.4130756e-08
1.3653911e-06
-1.4098762e-08
1.3681012e-06
-1.4066016e-08
1.3708031e-06
-1.4034621e-08
1.3734964e-06
-1.4002735e-08
1.3761805e-06
-1.3971715e-08
1.3788554e-06
-1.3940386e-08
1.3815205e-06
-1.3909735e-08
1.3841759e-06
-1.3878704e-08
1.3868206e-06
-1.3848769e-08
1.3894554e-06
-1.3817441e-08
1.3920782e-06
-1.3788443e-08
1.3946912e-06
-1.375688e-08
1.3972915e-06
-1.3728043e-08
1.3998833e-06
-1.3696732e-08
1.402462e-06
-1.366706e-08
1.405031e-06
-1.3636303e-08
1.4075888e-06
-1.3604497e-08
1.4101344e-06
-1.3574687e-08
1.4126678e-06
-1.35461e-08
1.4151894e-06
-1.3517562e-08
1.4176989e-06
-1.348976e-08
1.4201966e-06
-1.3461835e-08
1.4226822e-06
-1.3434083e-08
1.4251559e-06
-1.3406339e-08
1.4276174e-06
-1.3378674e-08
1.4300668e-06
-1.3350915e-08
1.4325044e-06
-1.3322965e-08
1.4349293e-06
-1.3295295e-08
1.4373428e-06
-1.3267048e-08
1.4397439e-06
-1.3239554e-08
1.4421329e-06
-1.3211694e-08
1.4445111e-06
-1.318381e-08
1.4468754e-06
-1.3156534e-08
1.4492294e-06
-1.3128577e-08
1.4515716e-06
-1.3100649e-08
1.4539e-06
-1.3073367e-08
1.4562188e-06
-1.3044709e-08
1.4585255e-06
-1.3016132e-08
1.460818e-06
-1.2988723e-08
1.4631012e-06
-1.2959007e-08
1.4653751e-06
-1.2929742e-08
1.467638e-06
-1.2901901e-08
1.4698908e-06
-1.287437e-08
1.4721322e-06
-1.2848327e-08
1.4743618e-06
-1.2823006e-08
1.4765815e-06
-1.2797278e-08
1.4787896e-06
-1.2773054e-08
1.4809839e-06
-1.2748744e-08
1.4831664e-06
-1.2724021e-08
1.4853373e-06
-1.269914e-08
1.4874966e-06
-1.2673684e-08
1.4896442e-06
-1.2648802e-08
1.4917808e-06
-1.2622595e-08
1.4939076e-06
-1.2596696e-08
1.4960236e-06
-1.2571113e-08
1.4981305e-06
-1.2544205e-08
1.5002275e-06
-1.251866e-08
1.5023145e-06
-1.249241e-08
1.5043924e-06
-1.2465852e-08
1.5064598e-06
-1.2440105e-08
1.5085172e-06
-1.2413135e-08
1.5105643e-06
-1.2386814e-08
1.5126016e-06
-1.2360046e-08
1.5146285e-06
-1.2333305e-08
1.516645e-06
-1.2306423e-08
1.5186518e-06
-1.2279351e-08
1.5206483e-06
-1.225226e-08
1.5226349e-06
-1.222508e-08
1.5246137e-06
-1.2197579e-08
1.5265846e-06
-1.2171482e-08
1.5285468e-06
-1.2146684e-08
1.5304997e-06
-1.2122335e-08
1.5324427e-06
-1.2098496e-08
1.534376e-06
-1.2074596e-08
1.5362994e-06
-1.2050733e-08
1.5382136e-06
-1.2027096e-08
1.5401188e-06
-1.2004247e-08
1.5420151e-06
-1.1981728e-08
1.5439024e-06
-1.1959334e-08
1.5457808e-06
-1.1936899e-08
1.5476512e-06
-1.1913755e-08
1.5495126e-06
-1.1890957e-08
1.5513659e-06
-1.1867185e-08
1.5532114e-06
-1.1843659e-08
1.5550486e-06
-1.1820641e-08
1.5568775e-06
-1.1797478e-08
1.5586984e-06
-1.1774342e-08
1.5605116e-06
-1.1750463e-08
1.562317e-06
-1.1726464e-08
1.5641147e-06
-1.1702017e-08
1.5659045e-06
-1.1677695e-08
1.5676858e-06
-1.1653051e-08
1.5694591e-06
-1.1627999e-08
1.5712242e-06
-1.1603382e-08
1.5729805e-06
-1.157916e-08
1.5747284e-06
-1.1554662e-08
1.5764682e-06
-1.1530219e-08
1.5782001e-06
-1.1506373e-08
1.5799242e-06
-1.1482444e-08
1.5816403e-06
-1.1459162e-08
1.5833476e-06
-1.1436099e-08
1.5850464e-06
-1.14123e-08
1.5867368e-06
-1.1388326e-08
1.5884189e-06
-1.1363997e-08
1.5900938e-06
-1.1338523e-08
1.5917628e-06
-1.1312937e-08
1.5934271e-06
-1.1287144e-08
1.5950863e-06
-1.1261971e-08
1.5967403e-06
-1.1237455e-08
1.5983882e-06
-1.1213641e-08
1.6000294e-06
-1.1190309e-08
1.6016637e-06
-1.1167112e-08
1.6032909e-06
-1.1143972e-08
1.6049116e-06
-1.112018e-08
1.6065265e-06
-1.1096129e-08
1.6081362e-06
-1.107185e-08
1.6097408e-06
-1.1047188e-08
1.6113398e-06
-1.102273e-08
1.6129329e-06
-1.0998409e-08
1.6145201e-06
-1.0973919e-08
1.6160996e-06
-1.0950368e-08
1.617671e-06
-1.0926881e-08
1.6192339e-06
-1.0903312e-08
1.6207876e-06
-1.0879858e-08
1.6223327e-06
-1.0855179e-08
1.6238688e-06
-1.083023e-08
1.6253969e-06
-1.0804346e-08
1.6269178e-06
-1.0777365e-08
1.6284312e-06
-1.0750308e-08
1.6299382e-06
-1.0722453e-08
1.6314382e-06
-1.069459e-08
1.632931e-06
-1.0666507e-08
1.6344172e-06
-1.0638257e-08
1.6358962e-06
-1.0609875e-08
1.6373679e-06
-1.058085e-08
1.6388328e-06
-1.055141e-08
1.6402916e-06
-1.0520985e-08
1.6417447e-06
-1.0489811e-08
1.6431925e-06
-1.0458026e-08
1.6446354e-06
-1.0425878e-08
1.6460724e-06
-1.0393831e-08
1.6475035e-06
-1.0362185e-08
1.6489278e-06
-1.0331026e-08
1.6503447e-06
-1.0300138e-08
1.6517551e-06
-1.0269394e-08
1.6531597e-06
-1.0238366e-08
1.6545597e-06
-1.0207779e-08
1.655956e-06
-1.0177366e-08
1.6573493e-06
-1.0147635e-08
1.6587407e-06
-1.011896e-08
1.66013e-06
-1.0090962e-08
1.6615201e-06
-1.0068078e-08
1.6629082e-06
-1.0041981e-08
1.6642898e-06
-1.0011367e-08
1.6656659e-06
-9.9831663e-09
1.6670401e-06
-9.9618269e-09
1.668414e-06
-9.9473878e-09
1.669785e-06
-9.9308979e-09
1.6711531e-06
-9.9158433e-09
1.672516e-06
-9.8988475e-09
1.6738667e-06
-9.8727071e-09
1.6752058e-06
-9.847323e-09
1.6765352e-06
-9.8252584e-09
1.677852e-06
-9.7980517e-09
1.6791573e-06
-9.7720783e-09
1.6804535e-06
-9.7482316e-09
1.6817431e-06
-9.7265747e-09
1.6830269e-06
-9.7071027e-09
1.6843035e-06
-9.6832213e-09
1.6855795e-06
-9.6678363e-09
1.6868576e-06
-9.6589505e-09
1.6881292e-06
-9.6367208e-09
1.6893979e-06
-9.619618e-09
1.690667e-06
-9.6103396e-09
1.6919278e-06
-9.5924331e-09
1.6931803e-06
-9.5745403e-09
1.6944301e-06
-9.5657584e-09
1.6956734e-06
-9.5560875e-09
1.6969057e-06
-9.5380224e-09
1.6981283e-06
-9.5191139e-09
1.69934e-06
-9.5004076e-09
1.700536e-06
-9.4705519e-09
1.7017204e-06
-9.4423904e-09
1.7028938e-06
-9.4183434e-09
1.7040536e-06
-9.3860697e-09
1.7052081e-06
-9.3635339e-09
1.7063558e-06
-9.3397978e-09
1.7074996e-06
-9.3191672e-09
1.7086438e-06
-9.3019255e-09
1.7097883e-06
-9.2882164e-09
1.7109317e-06
-9.273327e-09
1.712074e-06
-9.2590344e-09
1.7132167e-06
-9.2449328e-09
1.7143633e-06
-9.236198e-09
1.7155103e-06
-9.2264307e-09
1.7166546e-06
-9.210241e-09
1.717801e-06
-9.198045e-09
1.7189491e-06
-9.1887329e-09
1.7200957e-06
-9.1728571e-09
1.7212419e-06
-9.1582546e-09
1.7223883e-06
-9.148271e-09
1.7235281e-06
-9.1275161e-09
1.7246626e-06
-9.1091756e-09
1.7257861e-06
-9.0867123e-09
1.7268962e-06
-9.0568344e-09
1.7279976e-06
-9.033247e-09
1.7290871e-06
-9.0088665e-09
1.730163e-06
-8.976115e-09
1.7312305e-06
-8.948708e-09
1.7322876e-06
-8.9187147e-09
1.733335e-06
-8.8850403e-09
1.7343767e-06
-8.8562002e-09
1.7354096e-06
-8.8290495e-09
1.7364317e-06
-8.7996725e-09
1.7374464e-06
-8.777385e-09
1.7384533e-06
-8.7578225e-09
1.7394517e-06
-8.7350802e-09
1.740444e-06
-8.7177128e-09
1.7414281e-06
-8.7020875e-09
1.7424049e-06
-8.6843226e-09
1.7433765e-06
-8.669824e-09
1.7443431e-06
-8.659252e-09
1.7453088e-06
-8.6474126e-09
1.7462769e-06
-8.645014e-09
1.7472363e-06
-8.6303693e-09
1.7481927e-06
-8.6091405e-09
1.7491597e-06
-8.6109893e-09
1.750127e-06
-8.6066239e-09
1.7510807e-06
-8.5822083e-09
1.7520228e-06
-8.5499412e-09
1.75296e-06
-8.5216239e-09
1.7538931e-06
-8.5011753e-09
1.7548136e-06
-8.475336e-09
1.7557248e-06
-8.4514951e-09
1.7566399e-06
-8.4458005e-09
1.7575591e-06
-8.4466341e-09
1.7584821e-06
-8.4523633e-09
1.7594056e-06
-8.4634308e-09
1.7603273e-06
-8.469518e-09
1.7612561e-06
-8.4804244e-09
1.7621946e-06
-8.4952383e-09
1.7631423e-06
-8.5121714e-09
1.7640939e-06
-8.5231795e-09
1.7650399e-06
-8.5332128e-09
1.7659851e-06
-8.5394891e-09
1.7669548e-06
-8.5726284e-09
1.7679309e-06
-8.6043146e-09
1.7688797e-06
-8.5934353e-09
1.7698225e-06
-8.5803435e-09
1.7707881e-06
-8.5791636e-09
1.7717504e-06
-8.5715897e-09
1.7727006e-06
-8.5563627e-09
1.7736847e-06
-8.5856815e-09
1.7746673e-06
-8.5824237e-09
1.7756044e-06
-8.5234815e-09
1.7765477e-06
-8.5122669e-09
1.7775232e-06
-8.5264502e-09
1.7784809e-06
-8.5056535e-09
1.779402e-06
-8.4614036e-09
1.7803359e-06
-8.4430432e-09
1.7812953e-06
-8.440753e-09
1.7822299e-06
-8.4077807e-09
1.7831348e-06
-8.3523202e-09
1.7840603e-06
-8.3399652e-09
1.784966e-06
-8.2918734e-09
1.7858171e-06
-8.2077589e-09
1.7866894e-06
-8.2019369e-09
1.7875776e-06
-8.1870359e-09
1.7884298e-06
-8.1449736e-09
1.7892451e-06
-8.0893274e-09
1.7900814e-06
-8.0776092e-09
1.790893e-06
-8.0201876e-09
1.7916522e-06
-7.924517e-09
1.7923996e-06
-7.87248e-09
1.7931341e-06
-7.8204776e-09
1.793835e-06
-7.7583788e-09
1.7945228e-06
-7.7238251e-09
1.7952334e-06
-7.7343767e-09
1.795919e-06
-7.69881e-09
1.7965519e-06
-7.6299798e-09
1.7971664e-06
-7.5941586e-09
1.7977867e-06
-7.5776607e-09
1.7984049e-06
-7.5614377e-09
1.7990068e-06
-7.5415159e-09
1.7995941e-06
-7.5131412e-09
1.8001616e-06
-7.461328e-09
1.8007407e-06
-7.4607334e-09
1.8013492e-06
-7.516924e-09
1.801946e-06
-7.5063964e-09
1.8025171e-06
-7.4533881e-09
1.8030903e-06
-7.4648283e-09
1.8036801e-06
-7.4895756e-09
1.8042701e-06
-7.4774555e-09
1.8048518e-06
-7.4674551e-09
1.8054518e-06
-7.4975026e-09
1.8060428e-06
-7.4697479e-09
1.8066153e-06
-7.4170883e-09
1.8072085e-06
-7.4340241e-09
1.807797e-06
-7.4020861e-09
1.8084044e-06
-7.403488e-09
1.8090445e-06
-7.4527176e-09
1.8096526e-06
-7.4194078e-09
1.8102792e-06
-7.429684e-09
1.810986e-06
-7.5237923e-09
1.8116929e-06
-7.5015891e-09
1.8124249e-06
-7.4612676e-09
1.8131853e-06
-7.4962649e-09
1.8139025e-06
-7.4783189e-09
1.814659e-06
-7.4467192e-09
1.8154134e-06
-7.3930972e-09
1.8161049e-06
-7.2463147e-09
1.8167423e-06
-7.1249908e-09
1.8173674e-06
-7.030363e-09
1.8179989e-06
-7.0234023e-09
1.8185671e-06
-6.9557444e-09
1.8190933e-06
-6.8588002e-09
1.8195861e-06
-6.7674915e-09
1.8200494e-06
-6.7252444e-09
1.8204403e-06
-6.6168151e-09
1.8208224e-06
-6.538452e-09
1.8212339e-06
-6.5448162e-09
1.8216314e-06
-6.5539769e-09
1.8219791e-06
-6.4824586e-09
1.8222646e-06
-6.3467152e-09
1.8225631e-06
-6.2813519e-09
1.822856e-06
-6.2657652e-09
1.8230654e-06
-6.1962777e-09
1.8232907e-06
-6.1741074e-09
1.8235562e-06
-6.1844445e-09
1.8237569e-06
-6.1391376e-09
1.8238826e-06
-6.0427157e-09
1.8240489e-06
-6.0057386e-09
1.8242464e-06
-6.0000089e-09
1.8243601e-06
-5.9373928e-09
1.824441e-06
-5.8464642e-09
1.8246112e-06
-5.8763963e-09
1.8247824e-06
-5.8392144e-09
1.8248895e-06
-5.760898e-09
1.8249932e-06
-5.781208e-09
1.8251207e-06
-5.7506861e-09
1.8252281e-06
-5.6693716e-09
1.8253879e-06
-5.7115526e-09
1.8255073e-06
-5.6431912e-09
1.8255699e-06
-5.5446434e-09
1.8256569e-06
-5.5296692e-09
1.8257244e-06
-5.4740452e-09
1.8257704e-06
-5.3836651e-09
1.8258958e-06
-5.4352101e-09
1.8259909e-06
-5.3746523e-09
1.8260316e-06
-5.2344991e-09
1.8260718e-06
-5.1307842e-09
1.8261345e-06
-5.0729421e-09
1.8261143e-06
-4.893983e-09
1.8260228e-06
-4.6691735e-09
1.8259005e-06
-4.5217785e-09
1.8258037e-06
-4.483089e-09
1.8256623e-06
-4.3592601e-09
1.8254937e-06
-4.2259214e-09
1.8253785e-06
-4.1840571e-09
1.8252681e-06
-4.1100683e-09
1.8250885e-06
-4.0081369e-09
1.8248418e-06
-3.8489323e-09
1.8246005e-06
-3.7038768e-09
1.8243372e-06
-3.5954426e-09
1.8240444e-06
-3.4857752e-09
1.8238011e-06
-3.3920289e-09
1.823546e-06
-3.2080965e-09
1.8231876e-06
-2.9257072e-09
1.8227464e-06
-2.7068627e-09
1.822262e-06
-2.4865345e-09
1.8217505e-06
-2.2870754e-09
1.8212402e-06
-2.1121509e-09
1.8206411e-06
-1.8414434e-09
1.8199209e-06
-1.5339081e-09
1.8191689e-06
-1.3297079e-09
1.8184168e-06
-1.1502546e-09
1.8175871e-06
-8.6102148e-10
1.8166713e-06
-5.5466076e-10
1.8157356e-06
-3.3832137e-10
1.8147974e-06
-1.6001511e-10
1.8138118e-06
7.1579187e-11
1.8127682e-06
3.2220537e-10
1.8116901e-06
5.2784399e-10
1.8105724e-06
7.226082e-10
1.8093848e-06
9.5992192e-10
1.8081174e-06
1.2221912e-09
1.8067705e-06
1.4818093e-09
1.805343e-06
1.759322e-09
1.8038363e-06
2.0422282e-09
1.8022524e-06
2.297357e-09
1.8005992e-06
2.5786799e-09
1.7988864e-06
2.8395477e-09
1.7971178e-06
3.0150571e-09
1.7952962e-06
3.2693079e-09
1.7934335e-06
3.4635503e-09
1.7915451e-06
3.6304391e-09
1.7896243e-06
3.8118997e-09
1.7876844e-06
3.9792289e-09
1.7857612e-06
4.1069934e-09
1.783857e-06
4.2256736e-09
1.7819612e-06
4.3517563e-09
1.7801086e-06
4.4296562e-09
1.778327e-06
4.4594364e-09
1.7766288e-06
4.4482995e-09
1.7750096e-06
4.4277977e-09
1.7734508e-06
4.4113322e-09
1.7719431e-06
4.367223e-09
1.7704619e-06
4.3543018e-09
1.7690072e-06
4.3580868e-09
1.7675518e-06
4.3610933e-09
1.7660825e-06
4.3755697e-09
1.7646154e-06
4.4006434e-09
1.76314e-06
4.4103485e-09
1.7616233e-06
4.459443e-09
1.7600712e-06
4.5101154e-09
1.7585323e-06
4.4588053e-09
1.7570099e-06
4.4099742e-09
1.7554835e-06
4.3957731e-09
1.7539756e-06
4.3261448e-09
1.7525067e-06
4.2186734e-09
1.7510919e-06
4.072624e-09
1.7497508e-06
3.8789167e-09
1.748486e-06
3.6715897e-09
1.7473075e-06
3.4465688e-09
1.7462151e-06
3.2099932e-09
1.7451973e-06
2.966456e-09
1.7442867e-06
2.7180236e-09
1.7435472e-06
2.4553741e-09
1.7428999e-06
2.1657134e-09
1.7423298e-06
1.8512991e-09
1.7418797e-06
1.5071677e-09
1.7415736e-06
1.1332379e-09
1.7414065e-06
7.3332451e-10
1.7413848e-06
2.9841196e-10
1.7415257e-06
-1.7039836e-10
1.7418267e-06
-6.7192785e-10
1.7423006e-06
-1.2087766e-09
1.742958e-06
-1.7688859e-09
1.743786e-06
-2.3460482e-09
1.7447971e-06
-2.9509275e-09
1.7460058e-06
-3.5794594e-09
1.7474061e-06
-4.2217172e-09
1.7490037e-06
-4.8854849e-09
1.7508043e-06
-5.5757199e-09
1.7528194e-06
-6.2809962e-09
1.7550554e-06
-7.004318e-09
1.7575331e-06
-7.7429694e-09
1.7602362e-06
-8.4953551e-09
1.7631664e-06
-9.2551882e-09
1.7663315e-06
-1.0009329e-08
1.7697474e-06
-1.077753e-08
1.773378e-06
-1.155542e-08
1.7773393e-06
-1.2304429e-08
1.7815547e-06
-1.3100598e-08
1.7860009e-06
-1.3867445e-08
1.7907642e-06
-1.4648259e-08
1.7957754e-06
-1.5408456e-08
1.8011094e-06
-1.6146875e-08
1.8066116e-06
-1.6929455e-08
1.8122524e-06
-1.7651668e-08
1.8182787e-06
-1.8501474e-08
1.8247283e-06
-1.9291086e-08
1.8314592e-06
-1.9770592e-08
1.8384412e-06
-2.0286775e-08
1.8452004e-06
-2.0625571e-08
1.8518075e-06
-2.0878077e-08
1.8585576e-06
-2.1376392e-08
1.8651342e-06
-2.1656975e-08
1.8714607e-06
-2.1853787e-08
1.8779404e-06
-2.2298762e-08
1.8839689e-06
-2.2393116e-08
1.8896223e-06
-2.2362429e-08
1.895492e-06
-2.2653687e-08
1.9011218e-06
-2.2758767e-08
1.9062669e-06
-2.2714457e-08
1.9112098e-06
-2.2756045e-08
1.9160837e-06
-2.2851015e-08
1.9206884e-06
-2.2756335e-08
1.9247863e-06
-2.2518207e-08
1.9284896e-06
-2.2411571e-08
1.931953e-06
-2.2196834e-08
1.9350846e-06
-2.1967359e-08
1.9377611e-06
-2.1672795e-08
1.9400561e-06
-2.1342796e-08
1.9420189e-06
-2.0894906e-08
1.9434175e-06
-2.0354606e-08
1.9441908e-06
-1.9847476e-08
1.9446314e-06
-1.9226665e-08
1.9446179e-06
-1.8545906e-08
1.944052e-06
-1.7789357e-08
1.9428728e-06
-1.6901593e-08
1.9411986e-06
-1.5931615e-08
1.9389264e-06
-1.4920091e-08
1.9359444e-06
-1.3808319e-08
1.9323868e-06
-1.2542279e-08
1.928262e-06
-1.122102e-08
1.923472e-06
-9.8181183e-09
1.9180598e-06
-8.3074072e-09
1.9120847e-06
-6.72516e-09
1.9055143e-06
-5.1028022e-09
1.8983998e-06
-3.4297023e-09
1.890794e-06
-1.7202089e-09
1.8826747e-06
2.9147351e-11
1.874076e-06
1.8089823e-09
1.8650385e-06
3.5951859e-09
1.8555802e-06
5.3710352e-09
1.8457426e-06
7.1302781e-09
1.8355667e-06
8.8601513e-09
1.8250743e-06
1.0565335e-08
1.8142981e-06
1.2245748e-08
1.8032189e-06
1.3904914e-08
1.7919066e-06
1.5513097e-08
1.7804903e-06
1.6980565e-08
1.7688399e-06
1.8458426e-08
1.7569649e-06
1.9954753e-08
1.7449587e-06
2.138184e-08
1.7328274e-06
2.2743671e-08
1.7205861e-06
2.4083466e-08
1.7083468e-06
2.5330074e-08
1.6960208e-06
2.6535727e-08
1.6835996e-06
2.7868952e-08
1.6711773e-06
2.9074407e-08
1.6590511e-06
2.9608557e-08
1.6471926e-06
3.042636e-08
1.6355937e-06
3.1388948e-08
1.624031e-06
3.228925e-08
1.6124575e-06
3.3250032e-08
1.6010069e-06
3.4148082e-08
1.589811e-06
3.477401e-08
1.5784521e-06
3.5607639e-08
1.566787e-06
3.6635377e-08
1.5554856e-06
3.7205762e-08
1.5444134e-06
3.7593075e-08
1.533082e-06
3.8455306e-08
1.5222588e-06
3.906005e-08
1.5118896e-06
3.9375614e-08
1.5008893e-06
4.0383551e-08
1.4902787e-06
4.1017203e-08
1.4806304e-06
4.083416e-08
1.4706723e-06
4.1332e-08
1.4602734e-06
4.2303717e-08
1.4501895e-06
4.2727567e-08
1.4405913e-06
4.2785881e-08
1.431109e-06
4.3012289e-08
1.4213415e-06
4.3740092e-08
1.4117168e-06
4.4197592e-08
1.4024853e-06
4.4207594e-08
1.3932207e-06
4.4435188e-08
1.3839376e-06
4.465833e-08
1.3749399e-06
4.4631072e-08
1.3661058e-06
4.4586191e-08
1.3572741e-06
4.4629663e-08
1.3485109e-06
4.4570209e-08
1.339927e-06
4.4262912e-08
1.3315228e-06
4.3835651e-08
1.3232695e-06
4.3347012e-08
1.3152476e-06
4.2667876e-08
1.3074819e-06
4.1876069e-08
1.29993e-06
4.1018277e-08
1.2926336e-06
3.9994078e-08
1.2856874e-06
3.8851901e-08
1.2789925e-06
3.7801182e-08
1.2724257e-06
3.6730339e-08
1.2662727e-06
3.5392426e-08
1.2604696e-06
3.428953e-08
1.2545914e-06
3.3440836e-08
1.2490154e-06
3.2111824e-08
1.2440065e-06
3.0876804e-08
1.2389141e-06
3.0266496e-08
1.2336907e-06
2.9302393e-08
1.2291534e-06
2.7805663e-08
1.2249408e-06
2.6952793e-08
1.2203462e-06
2.6318248e-08
1.2161421e-06
2.49376e-08
1.2124888e-06
2.3819876e-08
1.2086102e-06
2.3088336e-08
1.2049576e-06
2.1870445e-08
1.2018076e-06
2.0777778e-08
1.1984837e-06
1.9937325e-08
1.195398e-06
1.8666465e-08
1.1928626e-06
1.7541952e-08
1.1902124e-06
1.6678821e-08
1.1876238e-06
1.5426429e-08
1.1855782e-06
1.4154292e-08
1.1836354e-06
1.31454e-08
1.1817043e-06
1.1937226e-08
1.1801567e-06
1.0600228e-08
1.1788582e-06
9.4092041e-09
1.1777423e-06
8.1699487e-09
1.1768175e-06
6.824274e-09
1.1761197e-06
5.5305631e-09
1.1756858e-06
4.1817301e-09
1.1756006e-06
2.7277158e-09
1.1758669e-06
1.3161037e-09
1.1763023e-06
1.4884538e-11
1.1769509e-06
-1.3104127e-09
1.1778446e-06
-2.6312117e-09
1.1793726e-06
-4.1686503e-09
1.1814e-06
-5.5099987e-09
1.1837378e-06
-6.8217072e-09
1.1864415e-06
-7.9880977e-09
1.1897479e-06
-9.1412602e-09
1.1935896e-06
-1.0283846e-08
1.1979219e-06
-1.1403295e-08
1.2027685e-06
-1.2482066e-08
1.2081074e-06
-1.3557528e-08
1.2139869e-06
-1.4624848e-08
1.2203541e-06
-1.5696564e-08
1.2272097e-06
-1.6781502e-08
1.2345724e-06
-1.7918146e-08
1.2424665e-06
-1.9100037e-08
1.2509026e-06
-2.0334543e-08
1.2599045e-06
-2.1621681e-08
1.2694837e-06
-2.2954004e-08
1.2796466e-06
-2.4323319e-08
1.2903931e-06
-2.5724266e-08
1.301721e-06
-2.7148565e-08
1.3136209e-06
-2.8587853e-08
1.3260775e-06
-3.0034428e-08
1.3390702e-06
-3.148177e-08
1.3525729e-06
-3.2923936e-08
1.3665531e-06
-3.4355197e-08
1.3809713e-06
-3.5769673e-08
1.3957808e-06
-3.7160778e-08
1.4109294e-06
-3.8522394e-08
1.4263573e-06
-3.9847093e-08
1.4419962e-06
-4.1127702e-08
1.4577741e-06
-4.2358654e-08
1.473612e-06
-4.3528237e-08
1.4894204e-06
-4.4622094e-08
1.5051047e-06
-4.5625816e-08
1.5205623e-06
-4.6528169e-08
1.535701e-06
-4.7328289e-08
1.5504504e-06
-4.8024156e-08
1.5647282e-06
-4.858786e-08
1.5784766e-06
-4.9040339e-08
1.5916174e-06
-4.9348815e-08
1.6040717e-06
-4.9546178e-08
1.6156802e-06
-4.94656e-08
1.6263888e-06
-4.9241465e-08
1.6362515e-06
-4.8950514e-08
1.6452601e-06
-4.8512276e-08
1.6533821e-06
-4.7916796e-08
1.6608742e-06
-4.7455673e-08
1.6674442e-06
-4.6411725e-08
1.6733668e-06
-4.5555212e-08
1.6785963e-06
-4.4417e-08
1.683165e-06
-4.3267696e-08
1.6869322e-06
-4.1929541e-08
1.6898523e-06
-4.0531432e-08
1.6915691e-06
-3.8072235e-08
1.6926114e-06
-3.6365205e-08
1.6931624e-06
-3.4741535e-08
1.6931862e-06
-3.3089188e-08
1.6926447e-06
-3.1059499e-08
1.6916282e-06
-2.9211574e-08
1.6900602e-06
-2.6679073e-08
1.6880444e-06
-2.5265583e-08
-2.164367e-08
1.2104458e-06
-5.1285931e-09
1.2128851e-06
-9.5966661e-09
1.2164033e-06
-1.5221883e-08
1.2202808e-06
-1.8447567e-08
1.2243898e-06
-2.1053927e-08
1.2283827e-06
-2.2528677e-08
1.2321073e-06
-2.3248053e-08
1.2355161e-06
-2.3410693e-08
1.2388326e-06
-2.3542899e-08
1.2419284e-06
-2.3387522e-08
1.2448945e-06
-2.3108688e-08
1.2478127e-06
-2.2823741e-08
1.2507337e-06
-2.2538126e-08
1.2536768e-06
-2.2258313e-08
1.2566703e-06
-2.1986084e-08
1.2597167e-06
-2.1739941e-08
1.2627804e-06
-2.1459044e-08
1.2659166e-06
-2.1245053e-08
1.2691324e-06
-2.1053931e-08
1.2724243e-06
-2.0877538e-08
1.2757875e-06
-2.0710739e-08
1.2792161e-06
-2.055712e-08
1.282712e-06
-2.0414796e-08
1.286266e-06
-2.0284975e-08
1.289871e-06
-2.0161994e-08
1.293522e-06
-2.0048702e-08
1.2972235e-06
-1.9932951e-08
1.3009627e-06
-1.9827466e-08
1.3047326e-06
-1.9730972e-08
1.3085296e-06
-1.9641659e-08
1.3123496e-06
-1.9555035e-08
1.3161883e-06
-1.9472036e-08
1.3200419e-06
-1.9391634e-08
1.3239071e-06
-1.9313979e-08
1.3277797e-06
-1.923814e-08
1.3316566e-06
-1.9164262e-08
1.3355333e-06
-1.9091871e-08
1.3394076e-06
-1.9020455e-08
1.3432739e-06
-1.8949941e-08
1.3471343e-06
-1.8879553e-08
1.3509872e-06
-1.880885e-08
1.3548285e-06
-1.8740575e-08
1.3586548e-06
-1.8673604e-08
1.3624647e-06
-1.8607596e-08
1.3662569e-06
-1.8542261e-08
1.3700304e-06
-1.8477389e-08
1.3737842e-06
-1.8413277e-08
1.3775174e-06
-1.8349063e-08
1.381229e-06
-1.8285827e-08
1.384918e-06
-1.8222015e-08
1.3885847e-06
-1.8160573e-08
1.3922269e-06
-1.8097527e-08
1.3958465e-06
-1.8036217e-08
1.3994403e-06
-1.7976038e-08
1.4030104e-06
-1.7912416e-08
1.4065561e-06
-1.7854001e-08
1.4100773e-06
-1.7791562e-08
1.4135742e-06
-1.77313e-08
1.4170456e-06
-1.7670069e-08
1.4204914e-06
-1.7611637e-08
1.4239117e-06
-1.7552416e-08
1.4273069e-06
-1.7495304e-08
1.4306768e-06
-1.7437285e-08
1.4340216e-06
-1.7380927e-08
1.4373415e-06
-1.7324103e-08
1.4406367e-06
-1.7268456e-08
1.4439071e-06
-1.7212387e-08
1.4471526e-06
-1.7156748e-08
1.4503734e-06
-1.7101113e-08
1.4535694e-06
-1.7046462e-08
1.4567416e-06
-1.6991359e-08
1.4598894e-06
-1.6937899e-08
1.4630139e-06
-1.688321e-08
1.4661143e-06
-1.6830306e-08
1.4691918e-06
-1.6776137e-08
1.4722458e-06
-1.6723051e-08
1.4752774e-06
-1.6669917e-08
1.4782877e-06
-1.6616953e-08
1.481276e-06
-1.6565117e-08
1.4842419e-06
-1.6514232e-08
1.4871858e-06
-1.6463673e-08
1.4901079e-06
-1.6414044e-08
1.4930086e-06
-1.636464e-08
1.4958881e-06
-1.6315813e-08
1.4987467e-06
-1.6267163e-08
1.5015846e-06
-1.6218957e-08
1.5044019e-06
-1.6170742e-08
1.507199e-06
-1.61227e-08
1.509976e-06
-1.6075e-08
1.5127336e-06
-1.6027392e-08
1.5154717e-06
-1.5980499e-08
1.5181907e-06
-1.5933475e-08
1.520891e-06
-1.5886846e-08
1.5235722e-06
-1.584063e-08
1.5262348e-06
-1.5794145e-08
1.5288792e-06
-1.5748097e-08
1.531505e-06
-1.570247e-08
1.5341132e-06
-1.5656342e-08
1.536704e-06
-1.5610557e-08
1.5392771e-06
-1.5565704e-08
1.5418335e-06
-1.5519586e-08
1.5443734e-06
-1.5473911e-08
1.5468969e-06
-1.5429487e-08
1.5494047e-06
-1.5385817e-08
1.5518964e-06
-1.5343279e-08
1.5543722e-06
-1.5301756e-08
1.5568318e-06
-1.5260044e-08
1.5592748e-06
-1.5219483e-08
1.5617012e-06
-1.5179107e-08
1.5641113e-06
-1.5138664e-08
1.5665051e-06
-1.5098113e-08
1.5688834e-06
-1.5057615e-08
1.571246e-06
-1.5017454e-08
1.573594e-06
-1.4976879e-08
1.5759278e-06
-1.4936598e-08
1.5782471e-06
-1.4896434e-08
1.5805532e-06
-1.4855912e-08
1.5828454e-06
-1.4816046e-08
1.5851239e-06
-1.4775945e-08
1.587389e-06
-1.4735919e-08
1.5896401e-06
-1.4696285e-08
1.5918778e-06
-1.4656313e-08
1.5941017e-06
-1.4616648e-08
1.5963119e-06
-1.4576898e-08
1.5985086e-06
-1.4537325e-08
1.600692e-06
-1.449782e-08
1.6028623e-06
-1.4458406e-08
1.6050203e-06
-1.4419222e-08
1.6071663e-06
-1.4380221e-08
1.6093012e-06
-1.4341484e-08
1.6114248e-06
-1.4303646e-08
1.6135368e-06
-1.4266901e-08
1.6156368e-06
-1.423072e-08
1.6177244e-06
-1.4194845e-08
1.6197997e-06
-1.4159133e-08
1.6218629e-06
-1.4123754e-08
1.6239145e-06
-1.408881e-08
1.6259548e-06
-1.4054522e-08
1.6279838e-06
-1.4020654e-08
1.6300018e-06
-1.3987027e-08
1.6320087e-06
-1.3953471e-08
1.6340049e-06
-1.3919581e-08
1.6359903e-06
-1.3885976e-08
1.6379656e-06
-1.3852046e-08
1.6399309e-06
-1.381827e-08
1.6418859e-06
-1.3784799e-08
1.643831e-06
-1.3751318e-08
1.6457658e-06
-1.3717899e-08
1.6476906e-06
-1.3684118e-08
1.6496055e-06
-1.3650294e-08
1.6515104e-06
-1.3616289e-08
1.653405e-06
-1.3582294e-08
1.6552894e-06
-1.3548271e-08
1.6571637e-06
-1.351409e-08
1.6590277e-06
-1.3480179e-08
1.6608813e-06
-1.3446618e-08
1.662725e-06
-1.3413063e-08
1.6645591e-06
-1.3379709e-08
1.6663838e-06
-1.3346833e-08
1.6681991e-06
-1.3314004e-08
1.6700048e-06
-1.3281551e-08
1.6718008e-06
-1.3249246e-08
1.6735873e-06
-1.3216652e-08
1.6753644e-06
-1.3183945e-08
1.6771325e-06
-1.3151108e-08
1.6788927e-06
-1.3117745e-08
1.6806455e-06
-1.3084489e-08
1.6823917e-06
-1.3051285e-08
1.6841311e-06
-1.3018514e-08
1.6858635e-06
-1.2986193e-08
1.6875885e-06
-1.2954352e-08
1.6893057e-06
-1.2922899e-08
1.6910149e-06
-1.2891578e-08
1.6927162e-06
-1.2860326e-08
1.6944101e-06
-1.2828692e-08
1.6960968e-06
-1.2797061e-08
1.6977764e-06
-1.2765319e-08
1.6994488e-06
-1.2733349e-08
1.7011138e-06
-1.2701485e-08
1.7027709e-06
-1.2669696e-08
1.7044198e-06
-1.2637932e-08
1.7060598e-06
-1.2606644e-08
1.7076903e-06
-1.2575388e-08
1.7093112e-06
-1.2544088e-08
1.7109221e-06
-1.2512756e-08
1.7125236e-06
-1.2480726e-08
1.7141158e-06
-1.2448419e-08
1.715699e-06
-1.2415485e-08
1.7172741e-06
-1.2381826e-08
1.7188409e-06
-1.2348012e-08
1.7203998e-06
-1.2313612e-08
1.7219509e-06
-1.2279159e-08
1.7234942e-06
-1.2244504e-08
1.7250296e-06
-1.2209611e-08
1.726557e-06
-1.2174507e-08
1.7280766e-06
-1.2138899e-08
1.7295884e-06
-1.2102921e-08
1.731093e-06
-1.2066336e-08
1.7325905e-06
-1.2029323e-08
1.7340811e-06
-1.1991891e-08
1.7355649e-06
-1.1954289e-08
1.7370417e-06
-1.1916789e-08
1.7385112e-06
-1.187953e-08
1.7399731e-06
-1.1842496e-08
1.741428e-06
-1.1805965e-08
1.7428765e-06
-1.1769933e-08
1.7443192e-06
-1.1733511e-08
1.7457577e-06
-1.169835e-08
1.7471927e-06
-1.1663424e-08
1.7486234e-06
-1.1627645e-08
1.7500508e-06
-1.1593583e-08
1.7514782e-06
-1.1563117e-08
1.7529093e-06
-1.1541882e-08
1.7543339e-06
-1.1508229e-08
1.7557435e-06
-1.1461937e-08
1.7571463e-06
-1.142584e-08
1.7585498e-06
-1.1403503e-08
1.7599532e-06
-1.1387984e-08
1.7613536e-06
-1.1369328e-08
1.7627535e-06
-1.135507e-08
1.7641457e-06
-1.1332975e-08
1.7655175e-06
-1.1290232e-08
1.7668753e-06
-1.1255433e-08
1.7682248e-06
-1.1230208e-08
1.7695581e-06
-1.1191527e-08
1.7708779e-06
-1.1154956e-08
1.7721908e-06
-1.1125832e-08
1.7734979e-06
-1.1099775e-08
1.7747948e-06
-1.1071714e-08
1.7760834e-06
-1.1040409e-08
1.7773796e-06
-1.1032907e-08
1.7786769e-06
-1.1026122e-08
1.779958e-06
-1.0988571e-08
1.7812395e-06
-1.0971278e-08
1.7825266e-06
-1.0966727e-08
1.7837972e-06
-1.0931875e-08
1.7850557e-06
-1.0901421e-08
1.7863217e-06
-1.0900637e-08
1.7875817e-06
-1.0887747e-08
1.7888245e-06
-1.0858069e-08
1.7900617e-06
-1.0841179e-08
1.791284e-06
-1.0817127e-08
1.7924776e-06
-1.0769379e-08
1.7936659e-06
-1.0744925e-08
1.7948449e-06
-1.0718041e-08
1.7960007e-06
-1.0666618e-08
1.79716e-06
-1.064869e-08
1.7983208e-06
-1.0624392e-08
1.7994667e-06
-1.0584523e-08
1.8006133e-06
-1.0562317e-08
1.8017786e-06
-1.056122e-08
1.8029474e-06
-1.0544889e-08
1.8040998e-06
-1.0509294e-08
1.8052406e-06
-1.0478697e-08
1.8064058e-06
-1.0490874e-08
1.8075745e-06
-1.0482619e-08
1.808725e-06
-1.0446216e-08
1.8098838e-06
-1.0440133e-08
1.8110466e-06
-1.043286e-08
1.8121973e-06
-1.040356e-08
1.8133567e-06
-1.0396641e-08
1.814513e-06
-1.0384324e-08
1.8156466e-06
-1.0343674e-08
1.8167878e-06
-1.0337835e-08
1.8179094e-06
-1.0301381e-08
1.8189984e-06
-1.0244767e-08
1.8200954e-06
-1.0236488e-08
1.8211747e-06
-1.0203125e-08
1.8222201e-06
-1.0144647e-08
1.8232731e-06
-1.0131169e-08
1.8243149e-06
-1.0094591e-08
1.8253307e-06
-1.0037645e-08
1.8263513e-06
-1.0015377e-08
1.8273579e-06
-9.9774145e-09
1.8283422e-06
-9.9318185e-09
1.8293329e-06
-9.9220427e-09
1.830312e-06
-9.8948614e-09
1.8312705e-06
-9.85382e-09
1.8322379e-06
-9.8463913e-09
1.8331927e-06
-9.8194799e-09
1.8341283e-06
-9.7837498e-09
1.8350783e-06
-9.7840811e-09
1.8360175e-06
-9.761238e-09
1.8369424e-06
-9.7335824e-09
1.8378926e-06
-9.7553388e-09
1.8388355e-06
-9.7327066e-09
1.8397633e-06
-9.692513e-09
1.8407088e-06
-9.705349e-09
1.8416546e-06
-9.7013602e-09
1.8425838e-06
-9.6669903e-09
1.8435065e-06
-9.6329642e-09
1.8444154e-06
-9.5910893e-09
1.8453172e-06
-9.5654236e-09
1.8462075e-06
-9.5316164e-09
1.8470793e-06
-9.4882737e-09
1.8479632e-06
-9.4911634e-09
1.8488584e-06
-9.4997397e-09
1.8497538e-06
-9.5042831e-09
1.850647e-06
-9.5129407e-09
1.8515357e-06
-9.5115422e-09
1.8524456e-06
-9.5372221e-09
1.8533733e-06
-9.5615662e-09
1.854296e-06
-9.5643649e-09
1.8552215e-06
-9.5690305e-09
1.8561628e-06
-9.5895589e-09
1.8571208e-06
-9.6114205e-09
1.8580912e-06
-9.6548107e-09
1.8590512e-06
-9.6768855e-09
1.8599967e-06
-9.6572426e-09
1.8609436e-06
-9.6445429e-09
1.861904e-06
-9.6492401e-09
1.8628615e-06
-9.6297428e-09
1.8638372e-06
-9.6274015e-09
1.8648231e-06
-9.66573e-09
1.8657858e-06
-9.6432697e-09
1.8667285e-06
-9.5663277e-09
1.8676832e-06
-9.5628372e-09
1.8686481e-06
-9.5857682e-09
1.8695811e-06
-9.5368566e-09
1.8705101e-06
-9.4912043e-09
1.8714649e-06
-9.4970023e-09
1.8724291e-06
-9.5018478e-09
1.8733617e-06
-9.4361221e-09
1.8742881e-06
-9.37567e-09
1.8752256e-06
-9.3816621e-09
1.8761245e-06
-9.3058174e-09
1.8769511e-06
-9.1597756e-09
1.8777858e-06
-9.1691703e-09
1.8786328e-06
-9.1745891e-09
1.8794502e-06
-9.1144208e-09
1.8802572e-06
-9.0624219e-09
1.881095e-06
-9.0999581e-09
1.8818871e-06
-9.0154879e-09
1.8825877e-06
-8.842334e-09
1.8832927e-06
-8.8033603e-09
1.8839894e-06
-8.7538874e-09
1.8846176e-06
-8.637107e-09
1.8852375e-06
-8.6079188e-09
1.8858684e-06
-8.6478451e-09
1.8864426e-06
-8.5760354e-09
1.8869501e-06
-8.4619729e-09
1.8874741e-06
-8.4613627e-09
1.8880026e-06
-8.463263e-09
1.8884917e-06
-8.4182474e-09
1.888943e-06
-8.3680298e-09
1.8893934e-06
-8.3416247e-09
1.8898887e-06
-8.3323446e-09
1.8903704e-06
-8.3127665e-09
1.8907813e-06
-8.2944847e-09
1.891245e-06
-8.3359453e-09
1.8917984e-06
-8.3728673e-09
1.8922554e-06
-8.286551e-09
1.8926784e-06
-8.2738576e-09
1.8931699e-06
-8.3242138e-09
1.8936825e-06
-8.330387e-09
1.8941268e-06
-8.2856926e-09
1.8946541e-06
-8.3294589e-09
1.8952666e-06
-8.3531067e-09
1.8957855e-06
-8.2625586e-09
1.896298e-06
-8.205788e-09
1.8968819e-06
-8.2648017e-09
1.8974547e-06
-8.2920422e-09
1.8980813e-06
-8.2948581e-09
1.8987833e-06
-8.3542373e-09
1.8994367e-06
-8.3626781e-09
1.9001507e-06
-8.3578646e-09
1.9009839e-06
-8.4021394e-09
1.9017549e-06
-8.3674934e-09
1.9024861e-06
-8.3191631e-09
1.903223e-06
-8.3146889e-09
1.9039216e-06
-8.2436862e-09
1.9045846e-06
-8.08524e-09
1.9052615e-06
-8.0024267e-09
1.9059059e-06
-7.9002529e-09
1.9064158e-06
-7.7877913e-09
1.9068968e-06
-7.72779e-09
1.9074112e-06
-7.7046876e-09
1.9078386e-06
-7.558973e-09
1.9081189e-06
-7.4009243e-09
1.9083698e-06
-7.2904625e-09
1.908712e-06
-7.3178597e-09
1.9089723e-06
-7.2509647e-09
1.9091238e-06
-7.1710353e-09
1.9093315e-06
-7.1857635e-09
1.9095704e-06
-7.1049442e-09
1.9097027e-06
-6.9494703e-09
1.9097399e-06
-6.8454646e-09
1.9097672e-06
-6.7667258e-09
1.9098238e-06
-6.785188e-09
1.9098527e-06
-6.7865367e-09
1.9098026e-06
-6.6799934e-09
1.9098056e-06
-6.655684e-09
1.9098697e-06
-6.6943615e-09
1.9098078e-06
-6.5721593e-09
1.9096813e-06
-6.4515531e-09
1.909609e-06
-6.417924e-09
1.9095085e-06
-6.4178525e-09
1.9094569e-06
-6.4210983e-09
1.9094774e-06
-6.3995982e-09
1.9094288e-06
-6.3376304e-09
1.9093615e-06
-6.2852883e-09
1.9093423e-06
-6.2550636e-09
1.9092213e-06
-6.2037548e-09
1.909115e-06
-6.1644876e-09
1.9090991e-06
-6.1662591e-09
1.9090065e-06
-6.0700609e-09
1.9089041e-06
-5.994651e-09
1.9088833e-06
-5.9714163e-09
1.9088021e-06
-5.9490968e-09
1.9087303e-06
-5.9007292e-09
1.9087352e-06
-5.850374e-09
1.9086809e-06
-5.7000338e-09
1.9084956e-06
-5.5551483e-09
1.9083494e-06
-5.4339981e-09
1.908324e-06
-5.3442277e-09
1.9081927e-06
-5.1037321e-09
1.9078865e-06
-4.9022058e-09
1.9076555e-06
-4.864499e-09
1.9074369e-06
-4.7524411e-09
1.9071143e-06
-4.6129509e-09
1.9067656e-06
-4.5285953e-09
1.906431e-06
-4.4657975e-09
1.9060669e-06
-4.3017003e-09
1.9056143e-06
-4.0865218e-09
1.9051463e-06
-3.9783496e-09
1.9046153e-06
-3.8224166e-09
1.9040929e-06
-3.7550087e-09
1.9036587e-06
-3.6814889e-09
1.903175e-06
-3.3766265e-09
1.9025911e-06
-3.0823579e-09
1.9020233e-06
-2.9062068e-09
1.9013179e-06
-2.6041773e-09
1.9005682e-06
-2.4250921e-09
1.8998716e-06
-2.2478912e-09
1.8990506e-06
-1.8604864e-09
1.8980202e-06
-1.4922747e-09
1.8970155e-06
-1.3733654e-09
1.8960404e-06
-1.1374235e-09
1.8949347e-06
-7.186749e-10
1.8937015e-06
-3.8302295e-10
1.8925074e-06
-2.4744962e-10
1.8912938e-06
-6.8007822e-12
1.8899617e-06
3.4329872e-10
1.8885641e-06
5.8451155e-10
1.8871332e-06
7.6750384e-10
1.8856048e-06
1.0444023e-09
1.8839657e-06
1.352304e-09
1.8822295e-06
1.6429555e-09
1.8803936e-06
1.9576278e-09
1.8784605e-06
2.2830999e-09
1.8764208e-06
2.5962921e-09
1.8743012e-06
2.9155931e-09
1.8721272e-06
3.1972949e-09
1.8698554e-06
3.4421093e-09
1.8675425e-06
3.7166195e-09
1.8652123e-06
3.9160617e-09
1.8628541e-06
4.1102801e-09
1.8604442e-06
4.3576494e-09
1.858093e-06
4.494277e-09
1.8557875e-06
4.6201212e-09
1.8534586e-06
4.8214224e-09
1.8511913e-06
4.9574065e-09
1.8490503e-06
4.9912665e-09
1.8470311e-06
4.9889572e-09
1.8451379e-06
4.9406035e-09
1.8433135e-06
4.9291087e-09
1.8414964e-06
4.964309e-09
1.8397042e-06
4.9380136e-09
1.8379367e-06
4.929722e-09
1.8361802e-06
4.9383986e-09
1.8343481e-06
5.0276929e-09
1.8325439e-06
5.0177555e-09
1.830794e-06
4.9837054e-09
1.8289232e-06
5.1103162e-09
1.8270358e-06
5.1726246e-09
1.8251675e-06
5.2005795e-09
1.8232547e-06
5.1982747e-09
1.8214292e-06
5.0749107e-09
1.8196188e-06
5.0727107e-09
1.8177849e-06
5.0730793e-09
1.8160284e-06
4.9501283e-09
1.8143591e-06
4.7874695e-09
1.8127756e-06
4.5825304e-09
1.8113007e-06
4.3463273e-09
1.8099484e-06
4.0849124e-09
1.8087105e-06
3.8237302e-09
1.8075725e-06
3.5706251e-09
1.8065729e-06
3.2987431e-09
1.8058097e-06
3.0165896e-09
1.8051885e-06
2.7218952e-09
1.8046507e-06
2.3935964e-09
1.8042635e-06
2.0347262e-09
1.8040449e-06
1.6430417e-09
1.8040083e-06
1.2231967e-09
1.804164e-06
7.6682571e-10
1.8045311e-06
2.6535574e-10
1.8051177e-06
-2.699565e-10
1.805918e-06
-8.292087e-10
1.8069401e-06
-1.4158199e-09
1.808194e-06
-2.0260731e-09
1.8096755e-06
-2.6574405e-09
1.811391e-06
-3.3170937e-09
1.8133468e-06
-3.9952313e-09
1.8155422e-06
-4.6919189e-09
1.8179804e-06
-5.4159117e-09
1.8206802e-06
-6.1711827e-09
1.8236505e-06
-6.9507964e-09
1.8268891e-06
-7.7421043e-09
1.8303927e-06
-8.5435219e-09
1.8341668e-06
-9.3577119e-09
1.8382152e-06
-1.0169775e-08
1.8425396e-06
-1.0996724e-08
1.8471492e-06
-1.1842519e-08
1.8520948e-06
-1.2710372e-08
1.8573358e-06
-1.358955e-08
1.8628724e-06
-1.4449454e-08
1.8686901e-06
-1.532479e-08
1.8747727e-06
-1.6180779e-08
1.881159e-06
-1.7074469e-08
1.8877124e-06
-1.7903953e-08
1.8945277e-06
-1.8791123e-08
1.901509e-06
-1.9735084e-08
1.908597e-06
-2.0600233e-08
1.9161485e-06
-2.1570454e-08
1.9238478e-06
-2.2335565e-08
1.9314249e-06
-2.271071e-08
1.9389255e-06
-2.3066054e-08
1.9461385e-06
-2.3460153e-08
1.9532158e-06
-2.3812322e-08
1.9601009e-06
-2.4047102e-08
1.9664806e-06
-2.4239298e-08
1.9725028e-06
-2.423833e-08
1.978452e-06
-2.4408885e-08
1.9840107e-06
-2.4613425e-08
1.9891316e-06
-2.460137e-08
1.9939533e-06
-2.458575e-08
1.9983463e-06
-2.4537218e-08
2.0022537e-06
-2.4522049e-08
2.0057791e-06
-2.4456546e-08
2.0089641e-06
-2.4266125e-08
2.0116717e-06
-2.4047158e-08
2.0139761e-06
-2.3799555e-08
2.0156196e-06
-2.3494228e-08
2.0166177e-06
-2.3150472e-08
2.0172957e-06
-2.2717119e-08
2.0174979e-06
-2.2223777e-08
2.0171956e-06
-2.1695586e-08
2.016233e-06
-2.1062691e-08
2.014652e-06
-2.0338366e-08
2.0124576e-06
-1.9556102e-08
2.0096148e-06
-1.8670605e-08
2.0061468e-06
-1.7684445e-08
2.0020488e-06
-1.6616434e-08
1.9972849e-06
-1.5475461e-08
1.991856e-06
-1.4237619e-08
1.9858097e-06
-1.289149e-08
1.9791294e-06
-1.1467971e-08
1.9718249e-06
-9.9623869e-09
1.9639287e-06
-8.3671132e-09
1.9554458e-06
-6.68647e-09
1.9463694e-06
-4.933038e-09
1.9368164e-06
-3.2207934e-09
1.9267241e-06
-1.3815824e-09
1.9161311e-06
4.8976645e-10
1.9051031e-06
2.3584947e-09
1.8936802e-06
4.2276262e-09
1.8818889e-06
6.0950285e-09
1.8697594e-06
7.9506388e-09
1.8572982e-06
9.8049022e-09
1.8445334e-06
1.1640144e-08
1.8314971e-06
1.344665e-08
1.818064e-06
1.5388696e-08
1.8043229e-06
1.7237174e-08
1.791231e-06
1.802212e-08
1.7780575e-06
1.9562886e-08
1.7646824e-06
2.1261918e-08
1.7512103e-06
2.280987e-08
1.7376933e-06
2.4262791e-08
1.7242156e-06
2.5630442e-08
1.7108095e-06
2.6890252e-08
1.6974911e-06
2.8107979e-08
1.6844698e-06
2.9258647e-08
1.6716884e-06
3.0356502e-08
1.6583901e-06
3.1548772e-08
1.6448883e-06
3.2712398e-08
1.6315367e-06
3.3674741e-08
1.618314e-06
3.4605472e-08
1.6053102e-06
3.5514251e-08
1.5926579e-06
3.6234289e-08
1.5800891e-06
3.6952492e-08
1.567696e-06
3.7786992e-08
1.5558808e-06
3.8417598e-08
1.5443292e-06
3.8907149e-08
1.5325531e-06
3.9699954e-08
1.5211332e-06
4.038464e-08
1.5101183e-06
4.0762119e-08
1.4988579e-06
4.1501183e-08
1.4880175e-06
4.2269334e-08
1.4779298e-06
4.2328989e-08
1.4673178e-06
4.2845409e-08
1.4562818e-06
4.3939393e-08
1.445966e-06
4.4361291e-08
1.4362549e-06
4.4350274e-08
1.4262101e-06
4.4914188e-08
1.415699e-06
4.577678e-08
1.4058768e-06
4.597963e-08
1.3967836e-06
4.5872719e-08
1.3873391e-06
4.6402485e-08
1.3774907e-06
4.7202116e-08
1.3682394e-06
4.6988415e-08
1.3593939e-06
4.6710983e-08
1.3502351e-06
4.7134937e-08
1.3411437e-06
4.7266046e-08
1.3322739e-06
4.7144645e-08
1.3234991e-06
4.6908813e-08
1.3150264e-06
4.6350212e-08
1.3067146e-06
4.5875602e-08
1.2985244e-06
4.525487e-08
1.2906725e-06
4.4309556e-08
1.2831068e-06
4.3353701e-08
1.2757597e-06
4.2300583e-08
1.2687061e-06
4.1054416e-08
1.2620994e-06
3.9744544e-08
1.2556994e-06
3.8653615e-08
1.2493673e-06
3.7431394e-08
1.2436596e-06
3.5883188e-08
1.2382905e-06
3.4872134e-08
1.2326556e-06
3.3981794e-08
1.2275459e-06
3.238916e-08
1.2231011e-06
3.1279181e-08
1.2183595e-06
3.0775856e-08
1.2134926e-06
2.956603e-08
1.2095286e-06
2.7970838e-08
1.2058693e-06
2.7192061e-08
1.2016948e-06
2.6486051e-08
1.1980255e-06
2.5023428e-08
1.1948867e-06
2.3924037e-08
1.1915485e-06
2.3069481e-08
1.1884995e-06
2.1854017e-08
1.1858541e-06
2.0781082e-08
1.183124e-06
1.9769523e-08
1.1807261e-06
1.8491443e-08
1.1787471e-06
1.7394058e-08
1.1767451e-06
1.6358195e-08
1.1749627e-06
1.5065963e-08
1.173573e-06
1.3855366e-08
1.1723509e-06
1.2729163e-08
1.1713516e-06
1.1466598e-08
1.1705679e-06
1.0175751e-08
1.1700394e-06
8.914073e-09
1.169816e-06
7.5308253e-09
1.1699644e-06
6.1413163e-09
1.1703717e-06
4.8167736e-09
1.1709633e-06
3.4731937e-09
1.171785e-06
2.1405469e-09
1.1730015e-06
7.6871931e-10
1.174967e-06
-9.7505204e-10
1.1773562e-06
-2.3752182e-09
1.1799784e-06
-3.7918282e-09
1.1829952e-06
-5.1688551e-09
1.1864314e-06
-6.5372872e-09
1.1904245e-06
-7.8946387e-09
1.1949852e-06
-9.2460191e-09
1.2001036e-06
-1.0572088e-08
1.2057962e-06
-1.1885207e-08
1.2121061e-06
-1.3193637e-08
1.2190311e-06
-1.4486571e-08
1.2265685e-06
-1.5756491e-08
1.2347357e-06
-1.7033328e-08
1.2435299e-06
-1.8303971e-08
1.2529366e-06
-1.9595626e-08
1.262966e-06
-2.0928099e-08
1.2736147e-06
-2.2298567e-08
1.284883e-06
-2.3716578e-08
1.2967732e-06
-2.5183351e-08
1.3092827e-06
-2.6692971e-08
1.3223989e-06
-2.8237441e-08
1.3361008e-06
-2.9807441e-08
1.3503592e-06
-3.1393217e-08
1.3651372e-06
-3.2985884e-08
1.3803896e-06
-3.4576751e-08
1.3960628e-06
-3.6157591e-08
1.412095e-06
-3.7720679e-08
1.4284173e-06
-3.9259048e-08
1.4449543e-06
-4.0765995e-08
1.4616197e-06
-4.2230163e-08
1.4783203e-06
-4.3642284e-08
1.4949556e-06
-4.4991527e-08
1.5114268e-06
-4.6278238e-08
1.5276262e-06
-4.7484028e-08
1.5434616e-06
-4.860976e-08
1.5588279e-06
-4.9625107e-08
1.5736595e-06
-5.0554735e-08
1.5878506e-06
-5.1353849e-08
1.6012553e-06
-5.1972693e-08
1.6137031e-06
-5.2342445e-08
1.625198e-06
-5.2644958e-08
1.6357285e-06
-5.2811127e-08
1.6453073e-06
-5.2890982e-08
1.6540414e-06
-5.2835956e-08
1.6619073e-06
-5.2642835e-08
1.6689733e-06
-5.2371534e-08
1.6753695e-06
-5.1994432e-08
1.6809407e-06
-5.127918e-08
1.6849566e-06
-5.0081409e-08
1.6872033e-06
-4.8250094e-08
1.6891698e-06
-4.7431203e-08
1.6906522e-06
-4.6271838e-08
1.6913979e-06
-4.4923048e-08
1.6912945e-06
-4.326166e-08
1.6904747e-06
-4.1607897e-08
1.6900677e-06
-3.9931965e-08
1.6894591e-06
-3.8330199e-08
1.6879794e-06
-3.6103986e-08
1.6859253e-06
-3.4114489e-08
1.6833818e-06
-3.1800687e-08
1.6805159e-06
-2.9805947e-08
1.677228e-06
-2.7003585e-08
1.6735055e-06
-2.5282306e-08
-2.1551513e-08
1.2119971e-06
-8.3896219e-09
1.2160488e-06
-1.3648272e-08
1.2212193e-06
-2.0392469e-08
1.2266828e-06
-2.3911066e-08
1.2323003e-06
-2.6671383e-08
1.2375994e-06
-2.7827817e-08
1.2425441e-06
-2.8192781e-08
1.2475229e-06
-2.8389487e-08
1.2524597e-06
-2.84797e-08
1.2572309e-06
-2.8158781e-08
1.262178e-06
-2.8055865e-08
1.2672697e-06
-2.7915526e-08
1.2724807e-06
-2.7749214e-08
1.2778176e-06
-2.7595314e-08
1.2832706e-06
-2.7439249e-08
1.2888386e-06
-2.7308077e-08
1.2945298e-06
-2.7150446e-08
1.3002999e-06
-2.7015398e-08
1.3061293e-06
-2.6883543e-08
1.3120079e-06
-2.6756451e-08
1.3179223e-06
-2.6625417e-08
1.3238612e-06
-2.6496383e-08
1.3298103e-06
-2.6364318e-08
1.3357578e-06
-2.6232889e-08
1.3416943e-06
-2.6098965e-08
1.3476097e-06
-2.5964622e-08
1.3535019e-06
-2.5825666e-08
1.3593605e-06
-2.568658e-08
1.3651781e-06
-2.5549257e-08
1.3709485e-06
-2.5412676e-08
1.3766681e-06
-2.5275343e-08
1.3823338e-06
-2.5138534e-08
1.3879425e-06
-2.5001095e-08
1.3934919e-06
-2.4864263e-08
1.3989802e-06
-2.4727277e-08
1.4044062e-06
-2.4591208e-08
1.4097688e-06
-2.4455444e-08
1.4150681e-06
-2.4320784e-08
1.4203035e-06
-2.4186463e-08
1.4254764e-06
-2.4053542e-08
1.4305865e-06
-2.3920046e-08
1.4356336e-06
-2.3788968e-08
1.440618e-06
-2.3659186e-08
1.4455405e-06
-2.3531376e-08
1.4504021e-06
-2.3405271e-08
1.4552034e-06
-2.3280064e-08
1.4599453e-06
-2.3156562e-08
1.4646286e-06
-2.3033815e-08
1.4692541e-06
-2.2912883e-08
1.4738232e-06
-2.2792731e-08
1.4783364e-06
-2.267542e-08
1.4827946e-06
-2.2557392e-08
1.4871991e-06
-2.2442444e-08
1.4915499e-06
-2.2328577e-08
1.4958492e-06
-2.2213524e-08
1.5000968e-06
-2.2103483e-08
1.5042946e-06
-2.1991301e-08
1.5084441e-06
-2.1882775e-08
1.5125459e-06
-2.1773788e-08
1.5166009e-06
-2.1668739e-08
1.5206092e-06
-2.1562821e-08
1.5245727e-06
-2.1460994e-08
1.5284912e-06
-2.1358096e-08
1.5323669e-06
-2.1258852e-08
1.5361996e-06
-2.1159084e-08
1.5399906e-06
-2.106189e-08
1.5437404e-06
-2.0964608e-08
1.547451e-06
-2.0869791e-08
1.5511226e-06
-2.0775157e-08
1.5547553e-06
-2.0681691e-08
1.5583503e-06
-2.0588927e-08
1.5619077e-06
-2.0497982e-08
1.5654291e-06
-2.0407382e-08
1.5689144e-06
-2.0318375e-08
1.5723652e-06
-2.0229765e-08
1.5757814e-06
-2.0142252e-08
1.5791642e-06
-2.0055764e-08
1.5825143e-06
-1.9970125e-08
1.5858317e-06
-1.9885698e-08
1.5891172e-06
-1.9802956e-08
1.5923713e-06
-1.9720993e-08
1.5955948e-06
-1.9640742e-08
1.598788e-06
-1.9561092e-08
1.6019516e-06
-1.9482769e-08
1.6050863e-06
-1.9405253e-08
1.6081926e-06
-1.932887e-08
1.6112708e-06
-1.9252575e-08
1.6143211e-06
-1.9176835e-08
1.617344e-06
-1.9101737e-08
1.6203401e-06
-1.9027485e-08
1.62331e-06
-1.8954318e-08
1.6262543e-06
-1.8881791e-08
1.6291733e-06
-1.8809911e-08
1.6320672e-06
-1.8738697e-08
1.6349367e-06
-1.8668034e-08
1.637782e-06
-1.8597939e-08
1.6406034e-06
-1.852854e-08
1.6434017e-06
-1.8459545e-08
1.646177e-06
-1.8391016e-08
1.6489293e-06
-1.8323412e-08
1.65166e-06
-1.8255861e-08
1.6543696e-06
-1.8189154e-08
1.6570583e-06
-1.8123625e-08
1.6597264e-06
-1.8059167e-08
1.6623738e-06
-1.7995693e-08
1.6650006e-06
-1.7933599e-08
1.6676069e-06
-1.787157e-08
1.670193e-06
-1.7811171e-08
1.6727585e-06
-1.775074e-08
1.6753037e-06
-1.7690645e-08
1.6778292e-06
-1.7630983e-08
1.6803357e-06
-1.7571871e-08
1.6828235e-06
-1.7513204e-08
1.6852932e-06
-1.7454641e-08
1.6877453e-06
-1.7396615e-08
1.6901799e-06
-1.7338873e-08
1.6925976e-06
-1.728128e-08
1.6949982e-06
-1.7224169e-08
1.6973819e-06
-1.7167244e-08
1.6997489e-06
-1.7110654e-08
1.702099e-06
-1.7054502e-08
1.7044325e-06
-1.6998521e-08
1.7067496e-06
-1.6942913e-08
1.7090505e-06
-1.6887687e-08
1.7113353e-06
-1.6832774e-08
1.7136046e-06
-1.6778188e-08
1.7158586e-06
-1.6723968e-08
1.7180978e-06
-1.6670207e-08
1.7203226e-06
-1.6616894e-08
1.7225336e-06
-1.6564265e-08
1.7247309e-06
-1.6512494e-08
1.726914e-06
-1.6461666e-08
1.729083e-06
-1.6411428e-08
1.7312376e-06
-1.6361668e-08
1.7333782e-06
-1.6312388e-08
1.7355051e-06
-1.626355e-08
1.7376186e-06
-1.6215369e-08
1.739719e-06
-1.6167891e-08
1.7418063e-06
-1.6120913e-08
1.7438806e-06
-1.6074235e-08
1.7459421e-06
-1.6027889e-08
1.7479913e-06
-1.5981543e-08
1.750028e-06
-1.5935552e-08
1.7520527e-06
-1.5889601e-08
1.7540658e-06
-1.5843873e-08
1.756067e-06
-1.5798519e-08
1.7580564e-06
-1.575325e-08
1.7600339e-06
-1.5708067e-08
1.7619996e-06
-1.5662851e-08
1.7639534e-06
-1.5617794e-08
1.7658954e-06
-1.5572756e-08
1.7678256e-06
-1.5527776e-08
1.7697439e-06
-1.5483001e-08
1.7716508e-06
-1.5438331e-08
1.7735462e-06
-1.5393974e-08
1.7754303e-06
-1.5349924e-08
1.7773035e-06
-1.5306125e-08
1.7791661e-06
-1.5262687e-08
1.781018e-06
-1.5219663e-08
1.7828595e-06
-1.5176747e-08
1.7846904e-06
-1.513418e-08
1.7865109e-06
-1.5091852e-08
1.7883212e-06
-1.5049507e-08
1.7901217e-06
-1.5007249e-08
1.7919127e-06
-1.4965032e-08
1.793695e-06
-1.4922694e-08
1.795469e-06
-1.4880618e-08
1.797235e-06
-1.483874e-08
1.7989928e-06
-1.4797156e-08
1.8007424e-06
-1.4756025e-08
1.8024834e-06
-1.4715262e-08
1.8042157e-06
-1.4674808e-08
1.8059391e-06
-1.4634561e-08
1.8076537e-06
-1.4594487e-08
1.8093597e-06
-1.4554252e-08
1.8110572e-06
-1.4514139e-08
1.812746e-06
-1.4473911e-08
1.8144259e-06
-1.4433655e-08
1.8160969e-06
-1.4393579e-08
1.8177585e-06
-1.4353583e-08
1.8194106e-06
-1.4313688e-08
1.8210527e-06
-1.4274118e-08
1.8226846e-06
-1.4234592e-08
1.8243063e-06
-1.4195072e-08
1.8259178e-06
-1.4155566e-08
1.8275193e-06
-1.4115635e-08
1.829111e-06
-1.4075435e-08
1.8306934e-06
-1.4034883e-08
1.8322668e-06
-1.3993919e-08
1.8338313e-06
-1.395269e-08
1.8353871e-06
-1.3911101e-08
1.8369342e-06
-1.3869416e-08
1.8384727e-06
-1.382761e-08
1.8400025e-06
-1.3785626e-08
1.8415236e-06
-1.3743382e-08
1.8430361e-06
-1.3700772e-08
1.84454e-06
-1.3657909e-08
1.8460357e-06
-1.361471e-08
1.8475233e-06
-1.3571307e-08
1.8490031e-06
-1.352773e-08
1.8504751e-06
-1.3484051e-08
1.8519395e-06
-1.3440477e-08
1.8533966e-06
-1.3397436e-08
1.8548458e-06
-1.3353753e-08
1.8562881e-06
-1.3310951e-08
1.8577253e-06
-1.3270106e-08
1.8591557e-06
-1.3226328e-08
1.8605834e-06
-1.3187334e-08
1.8620097e-06
-1.3149758e-08
1.8634265e-06
-1.3102428e-08
1.8648344e-06
-1.3057506e-08
1.8662443e-06
-1.302637e-08
1.8676716e-06
-1.3020879e-08
1.8690912e-06
-1.2981499e-08
1.8704742e-06
-1.2900415e-08
1.8718465e-06
-1.2852839e-08
1.8732223e-06
-1.2831095e-08
1.8745973e-06
-1.2813342e-08
1.8759742e-06
-1.2798222e-08
1.877363e-06
-1.2798232e-08
1.8787418e-06
-1.277096e-08
1.8800724e-06
-1.2686091e-08
1.8813879e-06
-1.2642197e-08
1.8827105e-06
-1.2631046e-08
1.8840115e-06
-1.2576671e-08
1.885294e-06
-1.2524001e-08
1.8865729e-06
-1.249094e-08
1.8878489e-06
-1.2462361e-08
1.8891154e-06
-1.2427489e-08
1.8903634e-06
-1.2379036e-08
1.8916278e-06
-1.23872e-08
1.8929043e-06
-1.2395411e-08
1.8941413e-06
-1.2320919e-08
1.8953904e-06
-1.2312973e-08
1.896658e-06
-1.2324482e-08
1.8978829e-06
-1.2245883e-08
1.8990943e-06
-1.2198861e-08
1.9003292e-06
-1.2220362e-08
1.9015597e-06
-1.2206607e-08
1.9027791e-06
-1.2173785e-08
1.9039781e-06
-1.2146845e-08
1.905156e-06
-1.2114742e-08
1.9063217e-06
-1.2069779e-08
1.9074674e-06
-1.2035817e-08
1.9085979e-06
-1.1999608e-08
1.9097272e-06
-1.1950191e-08
1.9108454e-06
-1.1919696e-08
1.9119612e-06
-1.1887201e-08
1.9130781e-06
-1.1841055e-08
1.9142008e-06
-1.1816577e-08
1.9153416e-06
-1.1826217e-08
1.9164777e-06
-1.1800185e-08
1.9175907e-06
-1.1736826e-08
1.9186947e-06
-1.1691209e-08
1.9198295e-06
-1.1731342e-08
1.9209668e-06
-1.1725041e-08
1.9220918e-06
-1.1674666e-08
1.9232105e-06
-1.1659219e-08
1.9243355e-06
-1.1656689e-08
1.9254557e-06
-1.1622761e-08
1.926568e-06
-1.1608193e-08
1.9276737e-06
-1.15925e-08
1.9287668e-06
-1.1546647e-08
1.9298453e-06
-1.1535439e-08
1.9309001e-06
-1.1483725e-08
1.9319351e-06
-1.1415043e-08
1.9329672e-06
-1.1414568e-08
1.9339746e-06
-1.1369952e-08
1.9349532e-06
-1.1294031e-08
1.9359211e-06
-1.1277633e-08
1.9368881e-06
-1.1245572e-08
1.9378386e-06
-1.1174669e-08
1.9387892e-06
-1.1152537e-08
1.9397214e-06
-1.1098949e-08
1.940635e-06
-1.1044263e-08
1.9415431e-06
-1.1038604e-08
1.9424358e-06
-1.1000273e-08
1.9433178e-06
-1.0951073e-08
1.9441991e-06
-1.0942479e-08
1.9450676e-06
-1.0901921e-08
1.9459246e-06
-1.0854242e-08
1.9467949e-06
-1.0866621e-08
1.9476523e-06
-1.0826616e-08
1.9484961e-06
-1.0779968e-08
1.9493621e-06
-1.0821655e-08
1.9502282e-06
-1.0798816e-08
1.9510784e-06
-1.0735973e-08
1.9519299e-06
-1.0739302e-08
1.952789e-06
-1.0742534e-08
1.9536561e-06
-1.0726442e-08
1.9545403e-06
-1.0718003e-08
1.9554052e-06
-1.0660628e-08
1.9562268e-06
-1.0599866e-08
1.9570356e-06
-1.0560532e-08
1.9578454e-06
-1.0515476e-08
1.9586648e-06
-1.0522324e-08
1.9594929e-06
-1.0535589e-08
1.9603108e-06
-1.0528971e-08
1.9611214e-06
-1.0529341e-08
1.9619503e-06
-1.0535236e-08
1.9627989e-06
-1.0566275e-08
1.9636493e-06
-1.0580504e-08
1.9645096e-06
-1.0580773e-08
1.9654135e-06
-1.0612112e-08
1.9663521e-06
-1.0652635e-08
1.9672853e-06
-1.0663888e-08
1.968188e-06
-1.0672285e-08
1.9690941e-06
-1.0696899e-08
1.9700361e-06
-1.0718255e-08
1.9709852e-06
-1.0709895e-08
1.9718999e-06
-1.0672295e-08
1.9728393e-06
-1.0669644e-08
1.9738116e-06
-1.0696565e-08
1.9747217e-06
-1.0674148e-08
1.9756215e-06
-1.0648717e-08
1.9765949e-06
-1.0644534e-08
1.9775561e-06
-1.0619049e-08
1.978457e-06
-1.05782e-08
1.9793846e-06
-1.0560563e-08
1.9803564e-06
-1.0559833e-08
1.9812772e-06
-1.0515924e-08
1.9821566e-06
-1.0477703e-08
1.9831051e-06
-1.0478163e-08
1.9840938e-06
-1.0462372e-08
1.9849943e-06
-1.0395961e-08
1.9858709e-06
-1.0315945e-08
1.9867822e-06
-1.0220127e-08
1.9875976e-06
-1.0145722e-08
1.9883303e-06
-1.0083595e-08
1.9891105e-06
-1.0088357e-08
1.9898591e-06
-1.0024033e-08
1.9905102e-06
-9.9886694e-09
1.991184e-06
-9.9566315e-09
1.9919039e-06
-9.854273e-09
1.9925193e-06
-9.7307118e-09
1.9930752e-06
-9.6452184e-09
1.9936482e-06
-9.5696246e-09
1.9941288e-06
-9.4758517e-09
1.9944757e-06
-9.4070187e-09
1.994852e-06
-9.386151e-09
1.9952616e-06
-9.3364694e-09
1.9955723e-06
-9.2633052e-09
1.9958021e-06
-9.197973e-09
1.9960761e-06
-9.2085846e-09
1.9963843e-06
-9.2003356e-09
1.996646e-06
-9.1253676e-09
1.9969043e-06
-9.1063197e-09
1.9971681e-06
-9.0839105e-09
1.9974288e-06
-9.0498404e-09
1.9976948e-06
-9.087342e-09
1.9979732e-06
-9.1332657e-09
1.9982891e-06
-9.0752312e-09
1.9985996e-06
-9.0431684e-09
1.9988762e-06
-9.0437156e-09
1.9991991e-06
-9.080503e-09
1.9996029e-06
-9.0987951e-09
2.0000168e-06
-9.1343968e-09
2.0004939e-06
-9.2052725e-09
2.0010534e-06
-9.1776968e-09
2.0016719e-06
-9.1514099e-09
2.002329e-06
-9.2153178e-09
2.0029671e-06
-9.1922354e-09
2.0036572e-06
-9.2097854e-09
2.0044045e-06
-9.2863175e-09
2.0051561e-06
-9.26872e-09
2.0059571e-06
-9.2790668e-09
2.0067414e-06
-9.2792787e-09
2.0075228e-06
-9.2340797e-09
2.0083342e-06
-9.2254022e-09
2.0090695e-06
-9.1713903e-09
2.0097829e-06
-9.1219379e-09
2.0105488e-06
-9.0642933e-09
2.0112156e-06
-8.9282453e-09
2.011748e-06
-8.7445242e-09
2.0122094e-06
-8.6170058e-09
2.0125325e-06
-8.471432e-09
2.0127309e-06
-8.3840432e-09
2.0129221e-06
-8.2831613e-09
2.013195e-06
-8.2530538e-09
2.0133178e-06
-8.0296543e-09
2.0132923e-06
-7.9312228e-09
2.0132583e-06
-7.8649611e-09
2.0132466e-06
-7.8327234e-09
2.0131433e-06
-7.7925013e-09
2.0130727e-06
-7.7566473e-09
2.0130275e-06
-7.6487652e-09
2.0129271e-06
-7.5082296e-09
2.012773e-06
-7.3828743e-09
2.0125051e-06
-7.289632e-09
2.0122144e-06
-7.2782442e-09
2.0119839e-06
-7.246542e-09
2.0117266e-06
-7.2127211e-09
2.0113781e-06
-7.1780684e-09
2.0110477e-06
-7.0865487e-09
2.0107659e-06
-7.0175976e-09
2.0104577e-06
-6.9514159e-09
2.010135e-06
-6.9248638e-09
2.0098536e-06
-6.9589796e-09
2.00958e-06
-6.9353012e-09
2.0093075e-06
-6.8632326e-09
2.0091286e-06
-6.8973032e-09
2.0089878e-06
-6.9010562e-09
2.0087734e-06
-6.7736488e-09
2.008562e-06
-6.7349029e-09
2.0083196e-06
-6.7068178e-09
2.0081343e-06
-6.6707488e-09
2.0080185e-06
-6.6628116e-09
2.0078472e-06
-6.5749273e-09
2.0076276e-06
-6.4996151e-09
2.0073535e-06
-6.4025913e-09
2.0070822e-06
-6.3620256e-09
2.00696e-06
-6.3758336e-09
2.0068339e-06
-6.2551946e-09
2.0066032e-06
-6.0598464e-09
2.0063376e-06
-5.9667529e-09
2.0062181e-06
-5.898865e-09
2.0060633e-06
-5.6824998e-09
2.0056469e-06
-5.4042455e-09
2.0051384e-06
-5.2188822e-09
2.0046783e-06
-5.1472391e-09
2.0040574e-06
-4.9253952e-09
2.0033527e-06
-4.8101216e-09
2.0026562e-06
-4.6841699e-09
2.0018816e-06
-4.4137303e-09
2.0010999e-06
-4.3235477e-09
2.0002915e-06
-4.1673318e-09
1.9993617e-06
-3.9875592e-09
1.9984645e-06
-3.9607886e-09
1.9977332e-06
-3.8495638e-09
1.9969784e-06
-3.5579832e-09
1.9962197e-06
-3.4109613e-09
1.995427e-06
-3.1218153e-09
1.9943885e-06
-2.7530622e-09
1.9933708e-06
-2.6582589e-09
1.9924429e-06
-2.4224889e-09
1.9912998e-06
-1.8963013e-09
1.9898126e-06
-1.4814185e-09
1.9883994e-06
-1.3558341e-09
1.9870564e-06
-1.0303691e-09
1.9855184e-06
-5.1031579e-10
1.983823e-06
-2.2544899e-10
1.9822104e-06
-8.4698915e-11
1.9805572e-06
2.7668534e-10
1.9787155e-06
6.6088512e-10
1.9767614e-06
8.9038243e-10
1.97473e-06
1.1624848e-09
1.9725626e-06
1.5146111e-09
1.9702467e-06
1.8607857e-09
1.9678199e-06
2.1992665e-09
1.9652742e-06
2.5673184e-09
1.9626008e-06
2.9452458e-09
1.9598668e-06
3.2748404e-09
1.9570521e-06
3.6008023e-09
1.9541311e-06
3.9298631e-09
1.9512154e-06
4.1916e-09
1.948272e-06
4.4255937e-09
1.9452913e-06
4.6824993e-09
1.9423662e-06
4.9198166e-09
1.9395044e-06
5.0551927e-09
1.9366611e-06
5.2443747e-09
1.9339635e-06
5.3974736e-09
1.931478e-06
5.4307345e-09
1.9291321e-06
5.4422751e-09
1.9268981e-06
5.4407021e-09
1.9247118e-06
5.4414633e-09
1.9225123e-06
5.5162945e-09
1.9203561e-06
5.5576139e-09
1.9181571e-06
5.6118168e-09
1.9158958e-06
5.6900644e-09
1.9136027e-06
5.7416751e-09
1.9113914e-06
5.7544005e-09
1.9091999e-06
5.719373e-09
1.9068827e-06
5.7989342e-09
1.9046388e-06
5.8441012e-09
1.9024644e-06
5.8373253e-09
1.9003056e-06
5.85394e-09
1.8981379e-06
5.8771961e-09
1.8958829e-06
5.8727476e-09
1.893687e-06
5.8647118e-09
1.8916328e-06
5.8029657e-09
1.8895956e-06
5.7634839e-09
1.8876072e-06
5.6630083e-09
1.8857368e-06
5.456811e-09
1.8839787e-06
5.23334e-09
1.8823818e-06
4.9439093e-09
1.8809675e-06
4.6361364e-09
1.8797187e-06
4.3587436e-09
1.8787023e-06
4.0483257e-09
1.8780075e-06
3.7476782e-09
1.8774533e-06
3.4400069e-09
1.8770269e-06
3.1003862e-09
1.8768075e-06
2.7220599e-09
1.8768026e-06
2.3197639e-09
1.8770383e-06
1.8753008e-09
1.877531e-06
1.386725e-09
1.8782746e-06
8.6692609e-10
1.8792785e-06
3.1017944e-10
1.8805506e-06
-2.7377878e-10
1.8820902e-06
-8.8049523e-10
1.8839004e-06
-1.5115984e-09
1.8859825e-06
-2.163381e-09
1.8883301e-06
-2.8359386e-09
1.890953e-06
-3.5355865e-09
1.8938692e-06
-4.2694168e-09
1.8970866e-06
-5.0352829e-09
1.9006159e-06
-5.8402216e-09
1.9044663e-06
-6.6780497e-09
1.908634e-06
-7.5259128e-09
1.9131034e-06
-8.3710372e-09
1.9178747e-06
-9.2325694e-09
1.9229666e-06
-1.0115167e-08
1.9283559e-06
-1.0992954e-08
1.9340296e-06
-1.1880172e-08
1.9399994e-06
-1.280769e-08
1.9462559e-06
-1.3749187e-08
1.9528132e-06
-1.4703057e-08
1.9596279e-06
-1.565363e-08
1.9666647e-06
-1.6576475e-08
1.9738599e-06
-1.7504637e-08
1.9812549e-06
-1.8442385e-08
1.9888626e-06
-1.9481058e-08
1.9965024e-06
-2.043811e-08
2.0043197e-06
-2.1515444e-08
2.0121104e-06
-2.2567797e-08
2.0198199e-06
-2.3464428e-08
2.027693e-06
-2.4304643e-08
2.035289e-06
-2.4735018e-08
2.0423226e-06
-2.4943343e-08
2.0489361e-06
-2.5276198e-08
2.0552217e-06
-2.5603556e-08
2.0609788e-06
-2.5693462e-08
2.0663251e-06
-2.5716286e-08
2.0711337e-06
-2.5823844e-08
2.0753034e-06
-2.5888445e-08
2.0790249e-06
-2.5892899e-08
2.0823098e-06
-2.589193e-08
2.0851133e-06
-2.5803079e-08
2.0872891e-06
-2.5718173e-08
2.0886338e-06
-2.5655912e-08
2.0896669e-06
-2.5461657e-08
2.0902724e-06
-2.5221436e-08
2.0902963e-06
-2.4945239e-08
2.0896743e-06
-2.4595332e-08
2.0883835e-06
-2.4180053e-08
2.0864722e-06
-2.3692895e-08
2.0839523e-06
-2.3149857e-08
2.080785e-06
-2.2541718e-08
2.0769765e-06
-2.1841648e-08
2.0725252e-06
-2.1050644e-08
2.0674094e-06
-2.0179625e-08
2.0616332e-06
-1.9206835e-08
2.0552032e-06
-1.8135192e-08
2.0481213e-06
-1.6978074e-08
2.0403857e-06
-1.5739239e-08
2.0320101e-06
-1.4408164e-08
2.0230207e-06
-1.2982655e-08
2.013415e-06
-1.1461539e-08
2.0032147e-06
-9.8620445e-09
1.9924025e-06
-8.1336062e-09
1.9810307e-06
-6.3436323e-09
1.9691553e-06
-4.4956172e-09
1.9570886e-06
-2.9769667e-09
1.9445574e-06
-1.0281558e-09
1.9316147e-06
9.3570263e-10
1.9183072e-06
2.8865679e-09
1.904686e-06
4.8226685e-09
1.8907921e-06
6.7519452e-09
1.8766628e-06
8.6677834e-09
1.8623542e-06
1.0561525e-08
1.8479421e-06
1.2394892e-08
1.8334595e-06
1.4196146e-08
1.8191102e-06
1.5963701e-08
1.8049249e-06
1.7645489e-08
1.7898414e-06
1.9347975e-08
1.7745603e-06
2.111985e-08
1.7594636e-06
2.2691337e-08
1.7444901e-06
2.4197085e-08
1.7296214e-06
2.5647374e-08
1.7148439e-06
2.7044718e-08
1.7001241e-06
2.8383273e-08
1.6854854e-06
2.9669977e-08
1.6709372e-06
3.0892331e-08
1.6565427e-06
3.2008521e-08
1.6424603e-06
3.307119e-08
1.6287216e-06
3.4081569e-08
1.6151503e-06
3.5073346e-08
1.6017304e-06
3.6054177e-08
1.5885343e-06
3.6944574e-08
1.5754557e-06
3.7755728e-08
1.5624652e-06
3.8595967e-08
1.549783e-06
3.9332809e-08
1.5373372e-06
3.9938561e-08
1.524857e-06
4.0673801e-08
1.5126642e-06
4.1389034e-08
1.5009127e-06
4.1841048e-08
1.4891596e-06
4.2428476e-08
1.4776882e-06
4.3091875e-08
1.466924e-06
4.3356384e-08
1.4560646e-06
4.3711319e-08
1.4448991e-06
4.4729753e-08
1.4344335e-06
4.531806e-08
1.4245059e-06
4.5397394e-08
1.4142916e-06
4.5866212e-08
1.4039637e-06
4.6732076e-08
1.3943421e-06
4.7074952e-08
1.3851174e-06
4.7068594e-08
1.3755263e-06
4.7514161e-08
1.3660103e-06
4.8149825e-08
1.357311e-06
4.8311085e-08
1.3485367e-06
4.8346763e-08
1.3389787e-06
4.90263e-08
1.3297726e-06
4.9271215e-08
1.3211279e-06
4.9012192e-08
1.3124156e-06
4.9135868e-08
1.3036736e-06
4.9117171e-08
1.2951732e-06
4.8508822e-08
1.2869395e-06
4.7964734e-08
1.2787377e-06
4.7517519e-08
1.2708041e-06
4.6516111e-08
1.2632734e-06
4.5374714e-08
1.256059e-06
4.422609e-08
1.2490491e-06
4.2997611e-08
1.2423873e-06
4.1561334e-08
1.2362642e-06
4.0152558e-08
1.2302658e-06
3.9025001e-08
1.2243821e-06
3.7577002e-08
1.2193024e-06
3.5972335e-08
1.2144644e-06
3.5047663e-08
1.2093131e-06
3.3970106e-08
1.2049574e-06
3.2260496e-08
1.2012193e-06
3.1334737e-08
1.1970263e-06
3.0772236e-08
1.1927843e-06
2.9416365e-08
1.1894961e-06
2.7874616e-08
1.1864795e-06
2.7088495e-08
1.1830027e-06
2.627755e-08
1.1800249e-06
2.4873344e-08
1.1775066e-06
2.3756806e-08
1.1749503e-06
2.277967e-08
1.1726978e-06
2.1607198e-08
1.1707473e-06
2.0504396e-08
1.1688852e-06
1.9357627e-08
1.1673652e-06
1.8130629e-08
1.1661357e-06
1.7025005e-08
1.1650991e-06
1.5873146e-08
1.1643059e-06
1.4623266e-08
1.1637659e-06
1.3409115e-08
1.1635185e-06
1.2142323e-08
1.1635851e-06
1.0825572e-08
1.1639637e-06
9.5480459e-09
1.1645481e-06
8.2662495e-09
1.1653199e-06
7.0130048e-09
1.1664184e-06
5.7046337e-09
1.1683105e-06
3.921615e-09
1.1706407e-06
2.5218685e-09
1.1733965e-06
1.1173857e-09
1.1762875e-06
-3.5779291e-10
1.1796832e-06
-1.8452302e-09
1.183614e-06
-3.3674978e-09
1.188102e-06
-4.8614055e-09
1.1931396e-06
-6.3300316e-09
1.198766e-06
-7.8191662e-09
1.2050071e-06
-9.3215768e-09
1.2118886e-06
-1.0817937e-08
1.2194228e-06
-1.2307062e-08
1.2276261e-06
-1.3802204e-08
1.2365029e-06
-1.5279449e-08
1.2460583e-06
-1.673197e-08
1.256308e-06
-1.8199704e-08
1.2672799e-06
-1.968136e-08
1.2789569e-06
-2.1160754e-08
1.2913202e-06
-2.2658987e-08
1.3043613e-06
-2.4189285e-08
1.3180602e-06
-2.5756501e-08
1.3323879e-06
-2.7362189e-08
1.3473117e-06
-2.9006169e-08
1.3627907e-06
-3.0682572e-08
1.3787749e-06
-3.2383087e-08
1.3952049e-06
-3.4097821e-08
1.4120111e-06
-3.5816183e-08
1.429114e-06
-3.7527343e-08
1.4464242e-06
-3.9220399e-08
1.4638439e-06
-4.0885278e-08
1.4812673e-06
-4.2512739e-08
1.498578e-06
-4.4089698e-08
1.5156641e-06
-4.5612953e-08
1.5324089e-06
-4.7069711e-08
1.5486973e-06
-4.8448941e-08
1.5644188e-06
-4.9752488e-08
1.5794962e-06
-5.0993855e-08
1.5938053e-06
-5.2123778e-08
1.6071311e-06
-5.3007884e-08
1.6194022e-06
-5.3796315e-08
1.6305885e-06
-5.4465472e-08
1.6407907e-06
-5.5091491e-08
1.6499505e-06
-5.5472679e-08
1.6581675e-06
-5.5910156e-08
1.6654921e-06
-5.6144331e-08
1.6720545e-06
-5.6363155e-08
1.6762221e-06
-5.4834776e-08
1.6789775e-06
-5.4473908e-08
1.6809104e-06
-5.41794e-08
1.6821522e-06
-5.3524186e-08
1.6825025e-06
-5.265098e-08
1.6826311e-06
-5.1950239e-08
1.6828085e-06
-5.0797795e-08
1.6819603e-06
-4.9451606e-08
1.6803188e-06
-4.7899449e-08
1.6781732e-06
-4.6380104e-08
1.6756815e-06
-4.4652065e-08
1.6728785e-06
-4.2925682e-08
1.6693622e-06
-4.0732035e-08
1.6653013e-06
-3.8723794e-08
1.6610964e-06
-3.6445167e-08
1.6568127e-06
-3.4433462e-08
1.6524445e-06
-3.2066044e-08
1.6478739e-06
-2.9881225e-08
1.643177e-06
-2.6950631e-08
1.6381292e-06
-2.4868588e-08
-2.1059477e-08
1.2156977e-06
-1.5351219e-08
1.2234663e-06
-2.1416911e-08
1.2317172e-06
-2.8643343e-08
1.2412953e-06
-3.3489161e-08
1.251077e-06
-3.6453143e-08
1.2610207e-06
-3.7771575e-08
1.2714481e-06
-3.8620234e-08
1.2820386e-06
-3.8980159e-08
1.29264e-06
-3.9081137e-08
1.3035404e-06
-3.9059402e-08
1.3144255e-06
-3.8941224e-08
1.3253317e-06
-3.8821971e-08
1.3361773e-06
-3.8595157e-08
1.3469413e-06
-3.8359641e-08
1.3575769e-06
-3.8075265e-08
1.3680581e-06
-3.7789775e-08
1.3783703e-06
-3.7463225e-08
1.3884978e-06
-3.7143505e-08
1.3984179e-06
-3.6804249e-08
1.4081281e-06
-3.6467395e-08
1.41762e-06
-3.611809e-08
1.4268921e-06
-3.5769324e-08
1.4359463e-06
-3.5419385e-08
1.4447844e-06
-3.5071872e-08
1.4534097e-06
-3.4725249e-08
1.4618257e-06
-3.43817e-08
1.4700407e-06
-3.4041768e-08
1.4780605e-06
-3.3707554e-08
1.4858917e-06
-3.3381657e-08
1.4935403e-06
-3.3062606e-08
1.501013e-06
-3.2749421e-08
1.5083164e-06
-3.244325e-08
1.5154562e-06
-3.2142413e-08
1.5224392e-06
-3.1848774e-08
1.5292706e-06
-3.1560305e-08
1.5359569e-06
-3.1279154e-08
1.5425027e-06
-3.1002952e-08
1.5489144e-06
-3.0734189e-08
1.5551957e-06
-3.0469571e-08
1.5613526e-06
-3.0212359e-08
1.5673894e-06
-2.9958795e-08
1.5733108e-06
-2.9712395e-08
1.5791201e-06
-2.9470502e-08
1.5848211e-06
-2.9234526e-08
1.5904174e-06
-2.9003706e-08
1.595913e-06
-2.8777944e-08
1.6013126e-06
-2.8558474e-08
1.6066175e-06
-2.8341019e-08
1.6118299e-06
-2.8127727e-08
1.6169547e-06
-2.7919961e-08
1.621994e-06
-2.7717303e-08
1.6269513e-06
-2.7517266e-08
1.6318284e-06
-2.7322173e-08
1.6366269e-06
-2.712978e-08
1.6413511e-06
-2.6940434e-08
1.6460012e-06
-2.6756394e-08
1.6505808e-06
-2.6573822e-08
1.6550915e-06
-2.6396479e-08
1.6595351e-06
-2.6220428e-08
1.663914e-06
-2.6050714e-08
1.668229e-06
-2.5880969e-08
1.6724833e-06
-2.5718593e-08
1.6766771e-06
-2.5555158e-08
1.6808136e-06
-2.5398772e-08
1.6848937e-06
-2.524262e-08
1.6889196e-06
-2.5091229e-08
1.6928909e-06
-2.4939444e-08
1.6968094e-06
-2.4791925e-08
1.7006769e-06
-2.4646356e-08
1.7044948e-06
-2.4503325e-08
1.7082649e-06
-2.4362858e-08
1.7119876e-06
-2.4224597e-08
1.7156645e-06
-2.4088234e-08
1.719296e-06
-2.395389e-08
1.7228836e-06
-2.3821598e-08
1.7264284e-06
-2.3691177e-08
1.7299312e-06
-2.3562969e-08
1.7333935e-06
-2.3436825e-08
1.7368159e-06
-2.3312615e-08
1.7401995e-06
-2.3191062e-08
1.7435448e-06
-2.3070939e-08
1.746853e-06
-2.2953604e-08
1.7501246e-06
-2.2837322e-08
1.7533607e-06
-2.2723639e-08
1.7565614e-06
-2.2610921e-08
1.7597281e-06
-2.2500583e-08
1.7628614e-06
-2.2391044e-08
1.7659622e-06
-2.2282905e-08
1.7690309e-06
-2.2175785e-08
1.7720684e-06
-2.2070505e-08
1.7750756e-06
-2.1967126e-08
1.778053e-06
-2.1864914e-08
1.7810008e-06
-2.1763515e-08
1.7839195e-06
-2.1663328e-08
1.7868094e-06
-2.1564173e-08
1.7896713e-06
-2.1466237e-08
1.7925054e-06
-2.1369384e-08
1.7953127e-06
-2.1273716e-08
1.7980935e-06
-2.1179007e-08
1.8008484e-06
-2.1085672e-08
1.8035783e-06
-2.099323e-08
1.8062836e-06
-2.0902011e-08
1.8089648e-06
-2.0812367e-08
1.8116223e-06
-2.0724165e-08
1.8142563e-06
-2.0637183e-08
1.8168672e-06
-2.0552099e-08
1.8194546e-06
-2.046706e-08
1.8220202e-06
-2.0385215e-08
1.8245631e-06
-2.0302747e-08
1.8270836e-06
-2.0220825e-08
1.8295826e-06
-2.0140053e-08
1.8320606e-06
-2.0060239e-08
1.834518e-06
-1.9981113e-08
1.8369552e-06
-1.9902507e-08
1.8393724e-06
-1.9824499e-08
1.8417699e-06
-1.9747125e-08
1.8441482e-06
-1.9670312e-08
1.8465074e-06
-1.9594346e-08
1.8488478e-06
-1.9518922e-08
1.8511697e-06
-1.9444184e-08
1.8534731e-06
-1.9370105e-08
1.8557585e-06
-1.9296711e-08
1.8580261e-06
-1.9223868e-08
1.8602762e-06
-1.9151729e-08
1.8625089e-06
-1.9080134e-08
1.864725e-06
-1.9009202e-08
1.8669248e-06
-1.8938994e-08
1.8691085e-06
-1.8869579e-08
1.8712767e-06
-1.8800697e-08
1.8734296e-06
-1.8732881e-08
1.875567e-06
-1.8665717e-08
1.8776889e-06
-1.8599585e-08
1.8797955e-06
-1.853416e-08
1.8818872e-06
-1.8469744e-08
1.8839644e-06
-1.8406281e-08
1.8860274e-06
-1.8343512e-08
1.8880765e-06
-1.8281482e-08
1.8901118e-06
-1.8220117e-08
1.8921332e-06
-1.8159512e-08
1.8941411e-06
-1.8099191e-08
1.8961353e-06
-1.8039303e-08
1.8981163e-06
-1.7979724e-08
1.9000841e-06
-1.7920583e-08
1.902039e-06
-1.7861767e-08
1.9039811e-06
-1.780333e-08
1.9059104e-06
-1.7745354e-08
1.907827e-06
-1.7687668e-08
1.9097308e-06
-1.7630302e-08
1.9116218e-06
-1.7573144e-08
1.9135002e-06
-1.7516271e-08
1.915366e-06
-1.7459619e-08
1.9172193e-06
-1.7403274e-08
1.9190605e-06
-1.7347328e-08
1.9208897e-06
-1.7291619e-08
1.9227073e-06
-1.7236419e-08
1.9245135e-06
-1.7181546e-08
1.9263086e-06
-1.7127229e-08
1.9280928e-06
-1.7073448e-08
1.9298663e-06
-1.7019909e-08
1.9316291e-06
-1.6966642e-08
1.9333811e-06
-1.6913682e-08
1.9351228e-06
-1.6861121e-08
1.9368543e-06
-1.6808875e-08
1.9385761e-06
-1.6756815e-08
1.9402885e-06
-1.670504e-08
1.9419917e-06
-1.6653301e-08
1.9436861e-06
-1.6601887e-08
1.9453717e-06
-1.6550765e-08
1.9470485e-06
-1.6500022e-08
1.9487164e-06
-1.64497e-08
1.9503751e-06
-1.6399762e-08
1.9520246e-06
-1.6350132e-08
1.9536648e-06
-1.6300846e-08
1.9552958e-06
-1.6251848e-08
1.9569174e-06
-1.6202847e-08
1.9585297e-06
-1.6153983e-08
1.9601324e-06
-1.6105221e-08
1.9617255e-06
-1.605656e-08
1.9633088e-06
-1.6008074e-08
1.9648822e-06
-1.595976e-08
1.9664455e-06
-1.5911628e-08
1.9679987e-06
-1.5863825e-08
1.9695416e-06
-1.5816117e-08
1.9710743e-06
-1.5768498e-08
1.9725969e-06
-1.5720842e-08
1.9741095e-06
-1.5672976e-08
1.9756124e-06
-1.5625004e-08
1.9771059e-06
-1.5576866e-08
1.9785903e-06
-1.5528556e-08
1.9800655e-06
-1.5480033e-08
1.9815317e-06
-1.5431153e-08
1.9829888e-06
-1.5382293e-08
1.9844369e-06
-1.5333442e-08
1.9858761e-06
-1.528444e-08
1.9873063e-06
-1.5235228e-08
1.9887276e-06
-1.5185733e-08
1.9901401e-06
-1.5136027e-08
1.9915441e-06
-1.5086258e-08
1.9929398e-06
-1.5036437e-08
1.9943276e-06
-1.4986636e-08
1.9957078e-06
-1.4936905e-08
1.9970805e-06
-1.4887047e-08
1.9984463e-06
-1.4838244e-08
1.9998056e-06
-1.4788507e-08
2.0011574e-06
-1.4738129e-08
2.002505e-06
-1.4692875e-08
2.0038484e-06
-1.4643772e-08
2.0051838e-06
-1.4595743e-08
2.0065183e-06
-1.4556278e-08
2.0078471e-06
-1.4501612e-08
2.0091707e-06
-1.4450384e-08
2.010489e-06
-1.4411421e-08
2.0117981e-06
-1.4395946e-08
2.0131076e-06
-1.436217e-08
2.0144056e-06
-1.4273342e-08
2.0157012e-06
-1.4223251e-08
2.0169812e-06
-1.4183824e-08
2.0182422e-06
-1.4145717e-08
2.019505e-06
-1.4133025e-08
2.0207559e-06
-1.4124202e-08
2.021999e-06
-1.4096607e-08
2.0232307e-06
-1.400759e-08
2.024451e-06
-1.3959116e-08
2.0256703e-06
-1.3955013e-08
2.0268676e-06
-1.3885137e-08
2.0280561e-06
-1.3826158e-08
2.0292467e-06
-1.3793833e-08
2.0304234e-06
-1.3750262e-08
2.0316117e-06
-1.3730697e-08
2.0327911e-06
-1.3676395e-08
2.033932e-06
-1.364749e-08
2.0350646e-06
-1.3652193e-08
2.0362007e-06
-1.3582262e-08
2.0373298e-06
-1.3562617e-08
2.0384395e-06
-1.3551573e-08
2.0395542e-06
-1.3473407e-08
2.0406984e-06
-1.3448524e-08
2.0418368e-06
-1.3461884e-08
2.0429544e-06
-1.3430981e-08
2.0440882e-06
-1.3424068e-08
2.0452e-06
-1.3390069e-08
2.046282e-06
-1.3344844e-08
2.0473779e-06
-1.3330107e-08
2.0484286e-06
-1.3263465e-08
2.0494424e-06
-1.3197133e-08
2.0504955e-06
-1.3188406e-08
2.0515083e-06
-1.3113186e-08
2.0525094e-06
-1.3061216e-08
2.0535722e-06
-1.3067849e-08
2.0546125e-06
-1.3012482e-08
2.0556002e-06
-1.2962754e-08
2.0565861e-06
-1.2930354e-08
2.0576382e-06
-1.2929997e-08
2.0587295e-06
-1.2919369e-08
2.0597313e-06
-1.286603e-08
2.060716e-06
-1.2839124e-08
2.0617734e-06
-1.2857808e-08
2.0628047e-06
-1.2813095e-08
2.0638098e-06
-1.2783309e-08
2.064843e-06
-1.2779305e-08
2.0658358e-06
-1.2728437e-08
2.0667989e-06
-1.2690822e-08
2.0677791e-06
-1.2673898e-08
2.0686842e-06
-1.2600471e-08
2.0696003e-06
-1.257431e-08
2.0705666e-06
-1.2571438e-08
2.071427e-06
-1.2480229e-08
2.0722739e-06
-1.2435296e-08
2.0731693e-06
-1.2419459e-08
2.0739828e-06
-1.2329606e-08
2.0747773e-06
-1.2286216e-08
2.0756107e-06
-1.226051e-08
2.0763876e-06
-1.2187499e-08
2.0771772e-06
-1.2150806e-08
2.0779983e-06
-1.21321e-08
2.0787468e-06
-1.2058882e-08
2.0794874e-06
-1.2017386e-08
2.0802468e-06
-1.1991053e-08
2.0809457e-06
-1.1923903e-08
2.0816514e-06
-1.1889044e-08
2.082399e-06
-1.1879293e-08
2.0830825e-06
-1.1821823e-08
2.0837923e-06
-1.1800173e-08
2.0845612e-06
-1.1803105e-08
2.0852232e-06
-1.1728613e-08
2.0859102e-06
-1.1723167e-08
2.086686e-06
-1.1744327e-08
2.0874177e-06
-1.1699535e-08
2.0881249e-06
-1.1677962e-08
2.0888273e-06
-1.166319e-08
2.0895039e-06
-1.1642959e-08
2.0902334e-06
-1.1655287e-08
2.0909739e-06
-1.1620034e-08
2.0917053e-06
-1.1580112e-08
2.0924733e-06
-1.1575427e-08
2.0931806e-06
-1.1520899e-08
2.0938487e-06
-1.1488727e-08
2.0945332e-06
-1.1485261e-08
2.0952344e-06
-1.1481999e-08
2.0959641e-06
-1.1492998e-08
2.0966873e-06
-1.1494821e-08
2.0974355e-06
-1.1512147e-08
2.0982426e-06
-1.1550473e-08
2.0990701e-06
-1.1581451e-08
2.0998919e-06
-1.1596965e-08
2.1007413e-06
-1.162132e-08
2.1015978e-06
-1.1628113e-08
2.1024506e-06
-1.1643661e-08
2.1032921e-06
-1.1650617e-08
2.1041552e-06
-1.1664495e-08
2.1050974e-06
-1.1709379e-08
2.1060364e-06
-1.1704687e-08
2.1069011e-06
-1.165631e-08
2.107757e-06
-1.1621939e-08
2.1086561e-06
-1.1635076e-08
2.1095946e-06
-1.166681e-08
2.1105506e-06
-1.1657257e-08
2.1115198e-06
-1.1627851e-08
2.112478e-06
-1.1594727e-08
2.1134226e-06
-1.1578956e-08
2.1143917e-06
-1.1563608e-08
2.1153449e-06
-1.1513219e-08
2.1162616e-06
-1.1484608e-08
2.1171455e-06
-1.1453739e-08
2.1179861e-06
-1.1366554e-08
2.1188965e-06
-1.1381224e-08
2.1198779e-06
-1.1381684e-08
2.1207762e-06
-1.1253417e-08
2.1215362e-06
-1.1086833e-08
2.1221993e-06
-1.1030028e-08
2.1227897e-06
-1.0928315e-08
2.1232281e-06
-1.0772926e-08
2.1236268e-06
-1.0734062e-08
2.1240963e-06
-1.0739059e-08
2.1245333e-06
-1.0621858e-08
2.1249348e-06
-1.0542641e-08
2.1253375e-06
-1.0511866e-08
2.1256411e-06
-1.0360752e-08
2.1257704e-06
-1.0154535e-08
2.125782e-06
-1.0063458e-08
2.1257705e-06
-1.0025489e-08
2.1257312e-06
-9.9330553e-09
2.1256777e-06
-9.8630939e-09
2.1255564e-06
-9.8111625e-09
2.1253959e-06
-9.7625952e-09
2.1253415e-06
-9.7856074e-09
2.1253548e-06
-9.8124779e-09
2.1254108e-06
-9.8202784e-09
2.1255251e-06
-9.8251602e-09
2.1256029e-06
-9.7975201e-09
2.1256701e-06
-9.8048258e-09
2.1259235e-06
-9.899658e-09
2.1263789e-06
-1.0034993e-08
2.1268298e-06
-9.9986668e-09
2.127244e-06
-9.9636845e-09
2.1278342e-06
-1.0123527e-08
2.128431e-06
-1.0139464e-08
2.1288899e-06
-1.0038784e-08
2.1295688e-06
-1.0197065e-08
2.1303935e-06
-1.0277835e-08
2.1311348e-06
-1.0207497e-08
2.1319715e-06
-1.0231169e-08
2.1327364e-06
-1.013282e-08
2.1333697e-06
-1.0042249e-08
2.1340147e-06
-1.0015079e-08
2.1346451e-06
-1.000212e-08
2.1352547e-06
-9.9796758e-09
2.1359068e-06
-9.9691504e-09
2.1365849e-06
-9.9927395e-09
2.1372744e-06
-9.9828954e-09
2.1379421e-06
-9.9762718e-09
2.1386296e-06
-1.0012581e-08
2.1393821e-06
-1.0012134e-08
2.1400237e-06
-9.8253041e-09
2.1404658e-06
-9.6515982e-09
2.1408303e-06
-9.4709507e-09
2.1409383e-06
-9.206754e-09
2.1408125e-06
-8.9569121e-09
2.1405176e-06
-8.8306944e-09
2.1402382e-06
-8.6744909e-09
2.1398515e-06
-8.5047667e-09
2.1393316e-06
-8.3252467e-09
2.1387431e-06
-8.2305998e-09
2.1381066e-06
-8.1499976e-09
2.1374902e-06
-8.1540859e-09
2.1369766e-06
-8.1734961e-09
2.1364788e-06
-8.0710914e-09
2.1360482e-06
-8.0272438e-09
2.1356562e-06
-7.968743e-09
2.135105e-06
-7.7909212e-09
2.1346398e-06
-7.848199e-09
2.1342135e-06
-7.8599767e-09
2.1337046e-06
-7.7543052e-09
2.1332809e-06
-7.7558973e-09
2.1329086e-06
-7.7358036e-09
2.1325807e-06
-7.7006193e-09
2.1322813e-06
-7.6858688e-09
2.1318927e-06
-7.6220408e-09
2.1313615e-06
-7.4438513e-09
2.1309671e-06
-7.4880506e-09
2.1305897e-06
-7.5181146e-09
2.1301163e-06
-7.4062911e-09
2.1297809e-06
-7.3969457e-09
2.1295644e-06
-7.4612667e-09
2.1293443e-06
-7.4316122e-09
2.1289762e-06
-7.265335e-09
2.1284692e-06
-7.133417e-09
2.1279526e-06
-7.0446053e-09
2.12734e-06
-6.878679e-09
2.1267747e-06
-6.8261587e-09
2.1262698e-06
-6.8437855e-09
2.1256378e-06
-6.7409252e-09
2.1251354e-06
-6.7683152e-09
2.1248827e-06
-6.8532011e-09
2.1245709e-06
-6.7509434e-09
2.1240859e-06
-6.5609247e-09
2.1236743e-06
-6.4640919e-09
2.1232054e-06
-6.1794498e-09
2.1225183e-06
-5.8195009e-09
2.1216755e-06
-5.6358997e-09
2.1207378e-06
-5.3562048e-09
2.1195845e-06
-5.0614015e-09
2.1184162e-06
-4.9621107e-09
2.1172959e-06
-4.7758646e-09
2.1159455e-06
-4.4765098e-09
2.1146272e-06
-4.3638217e-09
2.1133669e-06
-4.2418571e-09
2.1119617e-06
-4.0667012e-09
2.1106554e-06
-4.0653458e-09
2.1095938e-06
-4.0460391e-09
2.1084504e-06
-3.8659458e-09
2.1073138e-06
-3.6504439e-09
2.1061016e-06
-3.2841063e-09
2.1045162e-06
-2.9091911e-09
2.1028447e-06
-2.6783487e-09
2.1012773e-06
-2.333322e-09
2.0995271e-06
-1.7991568e-09
2.097441e-06
-1.3873973e-09
2.0953992e-06
-1.1406502e-09
2.093453e-06
-7.3894801e-10
2.0912951e-06
-2.6356251e-10
2.0889462e-06
3.3542502e-11
2.0866388e-06
3.0007019e-10
2.0842327e-06
7.0925532e-10
2.0815909e-06
1.0777121e-09
2.0787947e-06
1.3900205e-09
2.0758564e-06
1.762277e-09
2.0727449e-06
2.1620576e-09
2.0694837e-06
2.5406446e-09
2.0660823e-06
2.9568308e-09
2.062581e-06
3.366194e-09
2.0590114e-06
3.7173815e-09
2.0553597e-06
4.1010901e-09
2.0516781e-06
4.4616679e-09
2.0480054e-06
4.7381867e-09
2.0443223e-06
5.0278306e-09
2.040699e-06
5.2939977e-09
2.0371769e-06
5.5208154e-09
2.033706e-06
5.7143716e-09
2.0303855e-06
5.8824754e-09
2.0272545e-06
5.9855552e-09
2.0242384e-06
6.0473644e-09
2.0213349e-06
6.0860725e-09
2.0185434e-06
6.0908172e-09
2.0157858e-06
6.1463776e-09
2.013068e-06
6.2408789e-09
2.0103912e-06
6.2811667e-09
2.0077347e-06
6.3446328e-09
2.0051092e-06
6.4072903e-09
2.0025094e-06
6.4410699e-09
1.9999018e-06
6.4593024e-09
1.9972008e-06
6.5076979e-09
1.9944959e-06
6.585362e-09
1.9918317e-06
6.5924342e-09
1.9892024e-06
6.5650503e-09
1.9866323e-06
6.550962e-09
1.9840947e-06
6.5907457e-09
1.9816123e-06
6.6038077e-09
1.9792249e-06
6.5975652e-09
1.9768661e-06
6.6285635e-09
1.9746038e-06
6.637038e-09
1.9724425e-06
6.5954153e-09
1.9703152e-06
6.5248655e-09
1.9683083e-06
6.3692758e-09
1.9664895e-06
6.0947016e-09
1.9648713e-06
5.793801e-09
1.9635211e-06
5.4783373e-09
1.9625785e-06
5.1011235e-09
1.9619796e-06
4.7705226e-09
1.9615178e-06
4.4277044e-09
1.9613031e-06
4.0467936e-09
1.9613461e-06
3.65816e-09
1.9616765e-06
3.2339829e-09
1.9623131e-06
2.7580489e-09
1.9632503e-06
2.250613e-09
1.9644931e-06
1.7131061e-09
1.9660501e-06
1.1350307e-09
1.9679272e-06
5.270806e-10
1.9701197e-06
-9.7349684e-11
1.9726243e-06
-7.4273432e-10
1.9754374e-06
-1.4054806e-09
1.9785626e-06
-2.0935382e-09
1.9819889e-06
-2.798628e-09
1.9857157e-06
-3.5355612e-09
1.9897624e-06
-4.3209396e-09
1.9941416e-06
-5.156386e-09
1.9988575e-06
-6.0338308e-09
2.0039063e-06
-6.9272144e-09
2.0092611e-06
-7.8035205e-09
2.014888e-06
-8.6746708e-09
2.0207694e-06
-9.5631303e-09
2.0269235e-06
-1.0475889e-08
2.0333617e-06
-1.1420191e-08
2.0400671e-06
-1.2405062e-08
2.0470562e-06
-1.3443977e-08
2.0543052e-06
-1.4503133e-08
2.0617554e-06
-1.5542397e-08
2.0693496e-06
-1.6540749e-08
2.0770011e-06
-1.750206e-08
2.0846924e-06
-1.8495224e-08
2.0923498e-06
-1.956301e-08
2.0999814e-06
-2.0621102e-08
2.1073963e-06
-2.1675014e-08
2.1144842e-06
-2.2677955e-08
2.1212613e-06
-2.3642956e-08
2.1276805e-06
-2.4608294e-08
2.1337546e-06
-2.5282149e-08
2.1392638e-06
-2.5589358e-08
2.1440955e-06
-2.5889919e-08
2.1483426e-06
-2.6236209e-08
2.1520404e-06
-2.6362043e-08
2.1552331e-06
-2.6468509e-08
2.1575668e-06
-2.6489488e-08
2.1588755e-06
-2.6509611e-08
2.1598901e-06
-2.6501917e-08
2.1603431e-06
-2.648362e-08
2.1602504e-06
-2.6493829e-08
2.1594184e-06
-2.6358164e-08
2.1578396e-06
-2.623438e-08
2.1555336e-06
-2.5952382e-08
2.1525814e-06
-2.5677785e-08
2.1490064e-06
-2.538707e-08
2.1448057e-06
-2.5024085e-08
2.1399772e-06
-2.4591392e-08
2.1345261e-06
-2.4084488e-08
2.1284418e-06
-2.350189e-08
2.1217159e-06
-2.283704e-08
2.114357e-06
-2.2079583e-08
2.1063744e-06
-2.1229829e-08
2.0978101e-06
-2.033194e-08
2.0886594e-06
-1.9316684e-08
2.078928e-06
-1.8195044e-08
2.0686263e-06
-1.6982931e-08
2.05777e-06
-1.5688767e-08
2.0463811e-06
-1.4306698e-08
2.0344857e-06
-1.2836008e-08
2.0221213e-06
-1.1285289e-08
2.0093112e-06
-9.6555679e-09
1.9961272e-06
-7.9407925e-09
1.9826178e-06
-6.1815921e-09
1.9687961e-06
-4.3420698e-09
1.9543075e-06
-2.4525395e-09
1.9395417e-06
-4.8929394e-10
1.9245879e-06
1.4347159e-09
1.9094366e-06
3.3886347e-09
1.894093e-06
5.3553273e-09
1.8785806e-06
7.324501e-09
1.8629285e-06
9.2835006e-09
1.847169e-06
1.1219577e-08
1.8312936e-06
1.3133747e-08
1.8153352e-06
1.5011505e-08
1.7993624e-06
1.6815113e-08
1.7833798e-06
1.8553689e-08
1.7674907e-06
2.0234146e-08
1.7518231e-06
2.1878679e-08
1.7362557e-06
2.3463066e-08
1.7207598e-06
2.5027407e-08
1.7053542e-06
2.6533576e-08
1.6900684e-06
2.797181e-08
1.6749253e-06
2.9341885e-08
1.6599478e-06
3.0649364e-08
1.6451531e-06
3.1885782e-08
1.6305172e-06
3.3048822e-08
1.6160445e-06
3.4161058e-08
1.6017265e-06
3.5234723e-08
1.5875836e-06
3.6273637e-08
1.5736768e-06
3.7245657e-08
1.559995e-06
3.8141649e-08
1.5465117e-06
3.8987643e-08
1.5333233e-06
3.9768222e-08
1.5204359e-06
4.0439654e-08
1.5077239e-06
4.1104417e-08
1.4952954e-06
4.178979e-08
1.4832415e-06
4.2362874e-08
1.4713235e-06
4.290945e-08
1.4596118e-06
4.3519029e-08
1.4483615e-06
4.3945755e-08
1.4372273e-06
4.4313261e-08
1.4259716e-06
4.5004779e-08
1.4152907e-06
4.5662554e-08
1.4051121e-06
4.5962814e-08
1.3948059e-06
4.6380457e-08
1.3844214e-06
4.7132998e-08
1.374703e-06
4.7537299e-08
1.3654405e-06
4.7630991e-08
1.3559806e-06
4.8026849e-08
1.3465255e-06
4.8664492e-08
1.3377458e-06
4.881739e-08
1.3292699e-06
4.8868205e-08
1.3205674e-06
4.9322008e-08
1.3123053e-06
4.9749181e-08
1.3045351e-06
4.9688441e-08
1.296513e-06
4.9869407e-08
1.288496e-06
5.0181495e-08
1.2805909e-06
5.0252853e-08
1.2722553e-06
5.0285123e-08
1.2640056e-06
4.9873023e-08
1.2562224e-06
4.9186459e-08
1.2484918e-06
4.836996e-08
1.2409166e-06
4.7319251e-08
1.2337598e-06
4.6004827e-08
1.2269521e-06
4.4684543e-08
1.2203837e-06
4.326871e-08
1.2143038e-06
4.1630716e-08
1.2088079e-06
4.0177749e-08
1.2034152e-06
3.8881249e-08
1.1983165e-06
3.7230686e-08
1.1940479e-06
3.5718394e-08
1.1899107e-06
3.4746405e-08
1.1855851e-06
3.3454026e-08
1.1821765e-06
3.1835572e-08
1.1792446e-06
3.1019422e-08
1.1758517e-06
3.0345123e-08
1.1725144e-06
2.8968138e-08
1.1700353e-06
2.7546589e-08
1.1677989e-06
2.6717664e-08
1.1653241e-06
2.5777524e-08
1.163261e-06
2.4479378e-08
1.1616029e-06
2.3337484e-08
1.1600832e-06
2.2262753e-08
1.1588053e-06
2.1144968e-08
1.1578398e-06
1.9992018e-08
1.1571392e-06
1.8815138e-08
1.1566587e-06
1.7627031e-08
1.1564788e-06
1.6446685e-08
1.1565836e-06
1.5217339e-08
1.1569912e-06
1.4005387e-08
1.1576452e-06
1.2804846e-08
1.1584626e-06
1.1653221e-08
1.1595628e-06
1.0442208e-08
1.161452e-06
8.7346188e-09
1.1638031e-06
7.4013742e-09
1.1666008e-06
6.0547696e-09
1.1694694e-06
4.626175e-09
1.17283e-06
3.17895e-09
1.1767857e-06
1.6447412e-09
1.1812948e-06
1.0107959e-10
1.1863526e-06
-1.4320016e-09
1.1919665e-06
-2.9921829e-09
1.1981968e-06
-4.5700279e-09
1.2050828e-06
-6.1489827e-09
1.2126382e-06
-7.7514772e-09
1.2208786e-06
-9.3746397e-09
1.229827e-06
-1.1009068e-08
1.2394969e-06
-1.2645875e-08
1.2498921e-06
-1.4291732e-08
1.261039e-06
-1.5947768e-08
1.27296e-06
-1.7603883e-08
1.2856262e-06
-1.9252556e-08
1.2990204e-06
-2.0907535e-08
1.3131412e-06
-2.2572934e-08
1.3279596e-06
-2.4247994e-08
1.3434333e-06
-2.5940329e-08
1.3595121e-06
-2.7656112e-08
1.3761356e-06
-2.9398037e-08
1.3932322e-06
-3.1166445e-08
1.410721e-06
-3.2958355e-08
1.4285114e-06
-3.4767281e-08
1.4465009e-06
-3.6581885e-08
1.4645779e-06
-3.8391407e-08
1.4826237e-06
-4.0185124e-08
1.500513e-06
-4.1950893e-08
1.5181134e-06
-4.3675375e-08
1.5352908e-06
-4.5348447e-08
1.5519196e-06
-4.6964089e-08
1.5678664e-06
-4.8507061e-08
1.5830139e-06
-4.997762e-08
1.5972155e-06
-5.1327238e-08
1.6103259e-06
-5.2539185e-08
1.6222796e-06
-5.3686971e-08
1.6330446e-06
-5.474925e-08
1.6426608e-06
-5.5693549e-08
1.6512162e-06
-5.6684599e-08
1.6586454e-06
-5.7368777e-08
1.6650185e-06
-5.8014171e-08
1.6687268e-06
-5.6928423e-08
1.6708388e-06
-5.7351516e-08
1.6720928e-06
-5.7407193e-08
1.6724668e-06
-5.7444332e-08
1.6730756e-06
-5.7122656e-08
1.6728308e-06
-5.6822318e-08
1.6713235e-06
-5.6030659e-08
1.6690685e-06
-5.5235887e-08
1.6661814e-06
-5.4234672e-08
1.6622717e-06
-5.2964088e-08
1.6577177e-06
-5.1538025e-08
1.6528345e-06
-5.013678e-08
1.6477893e-06
-4.8612844e-08
1.6425659e-06
-4.7035447e-08
1.6371514e-06
-4.5169282e-08
1.6316261e-06
-4.330147e-08
1.6262297e-06
-4.1158741e-08
1.6208778e-06
-3.9120321e-08
1.6155712e-06
-3.680672e-08
1.6100893e-06
-3.4527821e-08
1.6045769e-06
-3.2026061e-08
1.5989522e-06
-2.9615488e-08
1.5933627e-06
-2.6601007e-08
1.5875384e-06
-2.4170898e-08
-2.0393705e-08
1.2250581e-06
-3.1673193e-08
1.2476122e-06
-4.3971041e-08
1.2734032e-06
-5.4434424e-08
1.3014168e-06
-6.1502871e-08
1.3302086e-06
-6.5245072e-08
1.3586614e-06
-6.6224701e-08
1.3856752e-06
-6.5634324e-08
1.4112582e-06
-6.4563662e-08
1.4352525e-06
-6.3075911e-08
1.4578833e-06
-6.1690774e-08
1.4789325e-06
-5.9991143e-08
1.4986314e-06
-5.8521637e-08
1.5170578e-06
-5.7022369e-08
1.5343497e-06
-5.5652512e-08
1.5505988e-06
-5.4325406e-08
1.5659132e-06
-5.3105304e-08
1.5803769e-06
-5.192813e-08
1.5940752e-06
-5.0843027e-08
1.6070642e-06
-4.9794489e-08
1.6194225e-06
-4.8827193e-08
1.6311943e-06
-4.7891226e-08
1.6424346e-06
-4.7011226e-08
1.6531889e-06
-4.6175305e-08
1.6634986e-06
-4.5383193e-08
1.6734006e-06
-4.4629049e-08
1.6829223e-06
-4.3905295e-08
1.6920925e-06
-4.3213877e-08
1.7009356e-06
-4.2552597e-08
1.7094777e-06
-4.1925931e-08
1.7177379e-06
-4.1324937e-08
1.7257328e-06
-4.0746566e-08
1.7334791e-06
-4.0191845e-08
1.7409906e-06
-3.9656328e-08
1.7482816e-06
-3.9142366e-08
1.7553639e-06
-3.8645114e-08
1.7622494e-06
-3.8167344e-08
1.7689477e-06
-3.7703964e-08
1.7754696e-06
-3.7258819e-08
1.7818225e-06
-3.6825373e-08
1.7880164e-06
-3.6409272e-08
1.7940574e-06
-3.600274e-08
1.7999541e-06
-3.5612269e-08
1.8057115e-06
-3.5231091e-08
1.811337e-06
-3.4863226e-08
1.8168356e-06
-3.450565e-08
1.8222125e-06
-3.415822e-08
1.8274744e-06
-3.382388e-08
1.8326251e-06
-3.3495279e-08
1.8376702e-06
-3.3176504e-08
1.8426126e-06
-3.2866052e-08
1.8474553e-06
-3.2563817e-08
1.8522028e-06
-3.2268722e-08
1.8568585e-06
-3.1981809e-08
1.8614248e-06
-3.1700152e-08
1.8659066e-06
-3.1426342e-08
1.870306e-06
-3.1160002e-08
1.8746261e-06
-3.0898178e-08
1.8788705e-06
-3.0645287e-08
1.8830405e-06
-3.0394911e-08
1.8871405e-06
-3.0155341e-08
1.8911701e-06
-2.9915238e-08
1.895135e-06
-2.9688164e-08
1.8990331e-06
-2.9458092e-08
1.902871e-06
-2.9241641e-08
1.9066461e-06
-2.9022639e-08
1.9103639e-06
-2.8814027e-08
1.9140242e-06
-2.8604892e-08
1.9176306e-06
-2.8403465e-08
1.9211846e-06
-2.8205663e-08
1.9246878e-06
-2.8011943e-08
1.9281414e-06
-2.7821937e-08
1.9315449e-06
-2.7633637e-08
1.9349003e-06
-2.7449241e-08
1.9382083e-06
-2.7267726e-08
1.9414712e-06
-2.7090405e-08
1.9446899e-06
-2.6915843e-08
1.947866e-06
-2.6745192e-08
1.9510002e-06
-2.6577378e-08
1.9540941e-06
-2.6412819e-08
1.9571484e-06
-2.6251819e-08
1.9601644e-06
-2.6093256e-08
1.963143e-06
-2.5938885e-08
1.9660852e-06
-2.5786091e-08
1.9689923e-06
-2.5637493e-08
1.971864e-06
-2.5489546e-08
1.9747021e-06
-2.5345724e-08
1.9775071e-06
-2.5203285e-08
1.9802802e-06
-2.5063199e-08
1.9830217e-06
-2.4924842e-08
1.9857327e-06
-2.4789132e-08
1.9884128e-06
-2.4655109e-08
1.9910629e-06
-2.4522929e-08
1.9936834e-06
-2.4392214e-08
1.9962751e-06
-2.4263432e-08
1.9988387e-06
-2.4136448e-08
2.0013748e-06
-2.4011345e-08
2.003884e-06
-2.3887876e-08
2.0063671e-06
-2.3766341e-08
2.0088249e-06
-2.3646552e-08
2.0112579e-06
-2.3528689e-08
2.0136668e-06
-2.3412408e-08
2.0160521e-06
-2.3297811e-08
2.0184145e-06
-2.3185225e-08
2.020754e-06
-2.3074347e-08
2.0230711e-06
-2.2965105e-08
2.025366e-06
-2.2858335e-08
2.0276383e-06
-2.2751072e-08
2.0298884e-06
-2.2647538e-08
2.0321165e-06
-2.2543578e-08
2.0343239e-06
-2.2441611e-08
2.0365125e-06
-2.2342323e-08
2.0386825e-06
-2.2244317e-08
2.0408338e-06
-2.214671e-08
2.0429664e-06
-2.2049472e-08
2.04508e-06
-2.195291e-08
2.0471746e-06
-2.1856835e-08
2.0492508e-06
-2.1761899e-08
2.0513088e-06
-2.1668168e-08
2.053349e-06
-2.1575455e-08
2.0553717e-06
-2.1483784e-08
2.0573772e-06
-2.1393006e-08
2.0593658e-06
-2.1303341e-08
2.0613378e-06
-2.1214468e-08
2.0632938e-06
-2.1126769e-08
2.0652339e-06
-2.1039861e-08
2.0671586e-06
-2.0954063e-08
2.0690682e-06
-2.0869066e-08
2.0709633e-06
-2.0785295e-08
2.0728441e-06
-2.0702363e-08
2.0747109e-06
-2.062075e-08
2.0765635e-06
-2.0539459e-08
2.0784024e-06
-2.0459902e-08
2.0802276e-06
-2.038104e-08
2.0820395e-06
-2.030341e-08
2.0838381e-06
-2.0226786e-08
2.0856233e-06
-2.0151001e-08
2.0873954e-06
-2.0075919e-08
2.0891544e-06
-2.0001631e-08
2.0909003e-06
-1.9928058e-08
2.0926335e-06
-1.9855179e-08
2.0943542e-06
-1.9783012e-08
2.0960627e-06
-1.9711404e-08
2.0977592e-06
-1.9640462e-08
2.0994439e-06
-1.957007e-08
2.1011168e-06
-1.9500303e-08
2.1027779e-06
-1.9431126e-08
2.1044273e-06
-1.9362457e-08
2.106065e-06
-1.9294232e-08
2.1076912e-06
-1.922653e-08
2.1093059e-06
-1.9159156e-08
2.1109094e-06
-1.9092393e-08
2.112502e-06
-1.9025934e-08
2.1140837e-06
-1.8960125e-08
2.115655e-06
-1.889466e-08
2.1172161e-06
-1.8829783e-08
2.1187671e-06
-1.8765358e-08
2.1203082e-06
-1.8701527e-08
2.1218394e-06
-1.8638058e-08
2.1233609e-06
-1.8575159e-08
2.1248731e-06
-1.8512761e-08
2.1263763e-06
-1.8450985e-08
2.1278707e-06
-1.8389748e-08
2.1293567e-06
-1.8329106e-08
2.1308345e-06
-1.8268743e-08
2.132304e-06
-1.8208552e-08
2.1337654e-06
-1.8148506e-08
2.1352188e-06
-1.8088827e-08
2.136664e-06
-1.8029484e-08
2.138101e-06
-1.7970547e-08
2.1395297e-06
-1.7912054e-08
2.1409498e-06
-1.7854059e-08
2.1423614e-06
-1.7796416e-08
2.1437642e-06
-1.7739132e-08
2.1451583e-06
-1.7682227e-08
2.1465436e-06
-1.7625589e-08
2.14792e-06
-1.7569171e-08
2.1492874e-06
-1.7513001e-08
2.1506458e-06
-1.7457025e-08
2.1519951e-06
-1.7401298e-08
2.1533351e-06
-1.7345841e-08
2.1546659e-06
-1.7290522e-08
2.1559874e-06
-1.7235591e-08
2.1572997e-06
-1.7180846e-08
2.1586029e-06
-1.7126221e-08
2.159897e-06
-1.7071777e-08
2.1611825e-06
-1.7017374e-08
2.1624593e-06
-1.6962858e-08
2.1637273e-06
-1.6908036e-08
2.1649864e-06
-1.6853066e-08
2.166237e-06
-1.6798192e-08
2.1674794e-06
-1.6743303e-08
2.1687133e-06
-1.6688292e-08
2.1699387e-06
-1.6633171e-08
2.1711557e-06
-1.6578059e-08
2.1723647e-06
-1.6523047e-08
2.1735661e-06
-1.646807e-08
2.1747599e-06
-1.6413079e-08
2.1759465e-06
-1.635796e-08
2.177126e-06
-1.6302797e-08
2.1782988e-06
-1.6247671e-08
2.1794651e-06
-1.6192776e-08
2.1806258e-06
-1.6138219e-08
2.1817797e-06
-1.608306e-08
2.1829301e-06
-1.6030168e-08
2.1840779e-06
-1.597687e-08
2.1852142e-06
-1.5919753e-08
2.1863512e-06
-1.587092e-08
2.1874787e-06
-1.581256e-08
2.1885917e-06
-1.5757962e-08
2.1897168e-06
-1.5715587e-08
2.1908473e-06
-1.5669987e-08
2.1919509e-06
-1.5605e-08
2.1929765e-06
-1.5511377e-08
2.1940166e-06
-1.549351e-08
2.1951438e-06
-1.5496032e-08
2.1962532e-06
-1.5433106e-08
2.1973333e-06
-1.5367101e-08
2.1983969e-06
-1.5311806e-08
2.1994079e-06
-1.5246555e-08
2.2003457e-06
-1.5167865e-08
2.201285e-06
-1.5147076e-08
2.2023385e-06
-1.5178451e-08
2.2033895e-06
-1.5133822e-08
2.2043609e-06
-1.5057187e-08
2.2053798e-06
-1.5041719e-08
2.2064206e-06
-1.5008316e-08
2.2074419e-06
-1.4957366e-08
2.2084582e-06
-1.4908743e-08
2.209452e-06
-1.4870485e-08
2.2104562e-06
-1.483626e-08
2.2113707e-06
-1.4724858e-08
2.2122111e-06
-1.4656695e-08
2.2131278e-06
-1.4661655e-08
2.2139914e-06
-1.4584504e-08
2.214812e-06
-1.4522143e-08
2.2157861e-06
-1.4585977e-08
2.2168024e-06
-1.4593633e-08
2.217731e-06
-1.4516084e-08
2.2186853e-06
-1.4512161e-08
2.2196512e-06
-1.4526351e-08
2.220584e-06
-1.4477531e-08
2.2215154e-06
-1.4450076e-08
2.2224227e-06
-1.4428359e-08
2.223307e-06
-1.4354583e-08
2.2241904e-06
-1.4297228e-08
2.2250465e-06
-1.426228e-08
2.2259084e-06
-1.4189031e-08
2.2267735e-06
-1.4133821e-08
2.2276151e-06
-1.4109271e-08
2.2284672e-06
-1.4057957e-08
2.2293209e-06
-1.4005375e-08
2.230165e-06
-1.3959247e-08
2.231003e-06
-1.3950471e-08
2.2318369e-06
-1.393322e-08
2.2326709e-06
-1.3872151e-08
2.2335158e-06
-1.3844751e-08
2.2343646e-06
-1.3859673e-08
2.2352247e-06
-1.3822296e-08
2.2360869e-06
-1.3794103e-08
2.2369326e-06
-1.3779301e-08
2.2377641e-06
-1.3725928e-08
2.2385842e-06
-1.3691268e-08
2.2393727e-06
-1.3659579e-08
2.2401498e-06
-1.3593713e-08
2.2409044e-06
-1.3568118e-08
2.2415916e-06
-1.3522614e-08
2.2422735e-06
-1.3444888e-08
2.2429496e-06
-1.3406214e-08
2.243586e-06
-1.3361379e-08
2.2442254e-06
-1.328508e-08
2.2448494e-06
-1.3236717e-08
2.2454427e-06
-1.3190573e-08
2.2460343e-06
-1.312789e-08
2.2466181e-06
-1.3090378e-08
2.2471686e-06
-1.3038017e-08
2.2477212e-06
-1.2966269e-08
2.248272e-06
-1.2927103e-08
2.2488042e-06
-1.2885318e-08
2.2493366e-06
-1.2819901e-08
2.2498815e-06
-1.2794424e-08
2.2504092e-06
-1.2758663e-08
2.2509404e-06
-1.2692008e-08
2.2514927e-06
-1.2678289e-08
2.2520304e-06
-1.265389e-08
2.2525979e-06
-1.2592948e-08
2.2531843e-06
-1.2593397e-08
2.2537352e-06
-1.257922e-08
2.2542842e-06
-1.2538273e-08
2.2548528e-06
-1.2539119e-08
2.2554226e-06
-1.2532955e-08
2.2559551e-06
-1.2495129e-08
2.2564429e-06
-1.2487614e-08
2.2569447e-06
-1.2484948e-08
2.2574504e-06
-1.2460023e-08
2.2579227e-06
-1.2431123e-08
2.2584017e-06
-1.2380097e-08
2.2588999e-06
-1.2348101e-08
2.2594196e-06
-1.2331601e-08
2.2599806e-06
-1.2325852e-08
2.2605896e-06
-1.2346075e-08
2.2612368e-06
-1.2351488e-08
2.261916e-06
-1.2365336e-08
2.2626314e-06
-1.2405837e-08
2.2633791e-06
-1.244211e-08
2.2641669e-06
-1.2475661e-08
2.2649767e-06
-1.25006e-08
2.2657982e-06
-1.2505708e-08
2.2666362e-06
-1.2528276e-08
2.2675029e-06
-1.255806e-08
2.2683735e-06
-1.2583515e-08
2.2691976e-06
-1.2594424e-08
2.2700199e-06
-1.2597532e-08
2.2708641e-06
-1.2571314e-08
2.2717101e-06
-1.2526181e-08
2.2726058e-06
-1.2572951e-08
2.2734802e-06
-1.2582267e-08
2.2743035e-06
-1.2528025e-08
2.275169e-06
-1.2540206e-08
2.2760799e-06
-1.2545041e-08
2.2769795e-06
-1.2522257e-08
2.2778336e-06
-1.2474926e-08
2.2786787e-06
-1.2436744e-08
2.2794943e-06
-1.2406548e-08
2.2802346e-06
-1.2331197e-08
2.2809703e-06
-1.2267908e-08
2.2816727e-06
-1.2286757e-08
2.2822865e-06
-1.2248467e-08
2.2828655e-06
-1.2141384e-08
2.2834226e-06
-1.2008482e-08
2.2838215e-06
-1.1884935e-08
2.2841318e-06
-1.1748484e-08
2.2844361e-06
-1.1613958e-08
2.2846576e-06
-1.153515e-08
2.2847574e-06
-1.1468982e-08
2.2848469e-06
-1.1400046e-08
2.2848716e-06
-1.1317226e-08
2.2847454e-06
-1.1202185e-08
2.2845701e-06
-1.1061433e-08
2.2843867e-06
-1.0902389e-08
2.2841172e-06
-1.0776802e-08
2.2837499e-06
-1.0668054e-08
2.283369e-06
-1.0570666e-08
2.2829964e-06
-1.0505236e-08
2.2826392e-06
-1.0450268e-08
2.282314e-06
-1.040664e-08
2.2820089e-06
-1.0420191e-08
2.2817376e-06
-1.0444976e-08
2.281493e-06
-1.043743e-08
2.2813534e-06
-1.0499078e-08
2.2813087e-06
-1.0511807e-08
2.2813251e-06
-1.0518472e-08
2.2814515e-06
-1.0661362e-08
2.2816032e-06
-1.0748995e-08
2.2819311e-06
-1.0805127e-08
2.282381e-06
-1.0863325e-08
2.2828135e-06
-1.0953225e-08
2.2832893e-06
-1.0959674e-08
2.2839303e-06
-1.096185e-08
2.2846042e-06
-1.1096554e-08
2.2852835e-06
-1.1131531e-08
2.2860755e-06
-1.1123192e-08
2.2868839e-06
-1.1123205e-08
2.2877667e-06
-1.1074651e-08
2.2886431e-06
-1.0973879e-08
2.289431e-06
-1.0860636e-08
2.2901798e-06
-1.0821468e-08
2.2909203e-06
-1.0803724e-08
2.2916569e-06
-1.0800288e-08
2.2923511e-06
-1.08074e-08
2.2929484e-06
-1.0757668e-08
2.2934324e-06
-1.077568e-08
2.2937972e-06
-1.0798048e-08
2.294079e-06
-1.0799387e-08
2.2942299e-06
-1.0641775e-08
2.2941916e-06
-1.0447181e-08
2.2939463e-06
-1.0216138e-08
2.2935476e-06
-9.9340012e-09
2.2930326e-06
-9.679292e-09
2.2923389e-06
-9.4599839e-09
2.2915337e-06
-9.2509231e-09
2.2906697e-06
-9.0594821e-09
2.2897865e-06
-8.8757295e-09
2.2888675e-06
-8.7398613e-09
2.2879544e-06
-8.6519711e-09
2.2869928e-06
-8.6106096e-09
2.2859461e-06
-8.5609257e-09
2.284951e-06
-8.5220511e-09
2.2840064e-06
-8.534498e-09
2.283058e-06
-8.4692946e-09
2.2821916e-06
-8.3559386e-09
2.2813135e-06
-8.3804093e-09
2.2804159e-06
-8.3556904e-09
2.2796182e-06
-8.3404696e-09
2.2788587e-06
-8.3721869e-09
2.2781285e-06
-8.3669009e-09
2.2774344e-06
-8.3490237e-09
2.2767483e-06
-8.3221994e-09
2.2760571e-06
-8.2357947e-09
2.2754452e-06
-8.1042582e-09
2.2748437e-06
-8.1156197e-09
2.2742345e-06
-8.097178e-09
2.2737192e-06
-8.0434726e-09
2.2732805e-06
-8.0833042e-09
2.2727763e-06
-8.0752298e-09
2.2722163e-06
-8.0105602e-09
2.2716856e-06
-7.9072824e-09
2.2711049e-06
-7.7575661e-09
2.2704336e-06
-7.6024671e-09
2.2697734e-06
-7.4584801e-09
2.26912e-06
-7.4093407e-09
2.2684094e-06
-7.3693798e-09
2.2677003e-06
-7.2720496e-09
2.266973e-06
-7.2964679e-09
2.2661794e-06
-7.3570723e-09
2.265363e-06
-7.2999593e-09
2.2644942e-06
-7.1367081e-09
2.2634197e-06
-6.923031e-09
2.2622875e-06
-6.6720793e-09
2.2611809e-06
-6.4162058e-09
2.2598645e-06
-6.0934768e-09
2.25844e-06
-5.7640057e-09
2.2570468e-06
-5.548638e-09
2.2554754e-06
-5.3220703e-09
2.253786e-06
-5.0574354e-09
2.2521732e-06
-4.8413833e-09
2.2505129e-06
-4.6708495e-09
2.2487957e-06
-4.4830197e-09
2.2471474e-06
-4.3600075e-09
2.2454517e-06
-4.3103485e-09
2.2436249e-06
-4.1949573e-09
2.2417242e-06
-4.0113473e-09
2.2397421e-06
-3.8142569e-09
2.2377365e-06
-3.5351926e-09
2.2355949e-06
-3.1396556e-09
2.2331785e-06
-2.7504909e-09
2.2306489e-06
-2.3997635e-09
2.228159e-06
-1.9900752e-09
2.225532e-06
-1.5053274e-09
2.2226782e-06
-1.0889503e-09
2.2198002e-06
-7.1600503e-10
2.2169133e-06
-2.8529268e-10
2.2138175e-06
1.4927037e-10
2.21052e-06
5.2242921e-10
2.2071294e-06
9.088672e-10
2.2035559e-06
1.3258581e-09
2.1997408e-06
1.7329369e-09
2.1957392e-06
2.1455469e-09
2.1915763e-06
2.5728006e-09
2.1872474e-06
3.002635e-09
2.1827992e-06
3.4520449e-09
2.1782814e-06
3.8799777e-09
2.1737025e-06
4.2718771e-09
2.1691015e-06
4.6899711e-09
2.1645325e-06
5.0653952e-09
2.1599999e-06
5.3799276e-09
2.1555436e-06
5.6933787e-09
2.151198e-06
5.9729728e-09
2.1469764e-06
6.2195524e-09
2.1429046e-06
6.4224581e-09
2.1389977e-06
6.5961872e-09
2.1352273e-06
6.7335728e-09
2.1315838e-06
6.827618e-09
2.1280577e-06
6.8885755e-09
2.1246053e-06
6.9288237e-09
2.1212167e-06
6.9964972e-09
2.1178825e-06
7.0849833e-09
2.114549e-06
7.1548008e-09
2.1112249e-06
7.2255411e-09
2.1079022e-06
7.2908612e-09
2.1045491e-06
7.3561783e-09
2.1011462e-06
7.4220892e-09
2.0977317e-06
7.488727e-09
2.094374e-06
7.5334072e-09
2.0910761e-06
7.5208915e-09
2.0878126e-06
7.5140871e-09
2.0846091e-06
7.5184774e-09
2.0815642e-06
7.5072952e-09
2.0786663e-06
7.5082953e-09
2.075839e-06
7.5866904e-09
2.0732058e-06
7.5984081e-09
2.0708223e-06
7.553191e-09
2.0686142e-06
7.5541466e-09
2.0666569e-06
7.4739495e-09
2.0648856e-06
7.3974706e-09
2.0632184e-06
7.3006321e-09
2.0617364e-06
7.1101511e-09
2.0606032e-06
6.8098354e-09
2.0599293e-06
6.4639991e-09
2.0595031e-06
6.0947705e-09
2.0592924e-06
5.705572e-09
2.0593902e-06
5.3029674e-09
2.0598368e-06
4.8730313e-09
2.0606283e-06
4.4227213e-09
2.0617362e-06
3.9556531e-09
2.0631849e-06
3.4380516e-09
2.0649786e-06
2.8906189e-09
2.0671002e-06
2.3208395e-09
2.0695449e-06
1.723746e-09
2.0723117e-06
1.1078058e-09
2.0753935e-06
4.7378901e-10
2.0787797e-06
-1.7217472e-10
2.0824655e-06
-8.4559559e-10
2.0864286e-06
-1.5189561e-09
2.0906815e-06
-2.2358217e-09
2.0952868e-06
-3.0625924e-09
2.1002785e-06
-3.9791157e-09
2.1056213e-06
-4.9201483e-09
2.1112783e-06
-5.8679013e-09
2.1171976e-06
-6.7768484e-09
2.1233194e-06
-7.6505917e-09
2.1295948e-06
-8.5193399e-09
2.1360027e-06
-9.4098929e-09
2.1425959e-06
-1.0406936e-08
2.1493011e-06
-1.1407219e-08
2.1560458e-06
-1.2427325e-08
2.1627992e-06
-1.3486904e-08
2.1695169e-06
-1.4544602e-08
2.1761388e-06
-1.5569207e-08
2.1825182e-06
-1.6470767e-08
2.1884724e-06
-1.7261239e-08
2.1942763e-06
-1.8457011e-08
2.2001303e-06
-1.9958967e-08
2.2056567e-06
-2.1148328e-08
2.2107681e-06
-2.2243935e-08
2.2152896e-06
-2.3202765e-08
2.2191273e-06
-2.4157509e-08
2.2222658e-06
-2.4935288e-08
2.224268e-06
-2.5290303e-08
2.2251481e-06
-2.5451137e-08
2.2256961e-06
-2.5848877e-08
2.2254866e-06
-2.5959997e-08
2.2244151e-06
-2.6054389e-08
2.2225632e-06
-2.6149404e-08
2.2199083e-06
-2.617828e-08
2.2165158e-06
-2.6166675e-08
2.2124141e-06
-2.6131692e-08
2.2075321e-06
-2.6040959e-08
2.2019161e-06
-2.583235e-08
2.196136e-06
-2.6194079e-08
2.1897178e-06
-2.5911456e-08
2.1826196e-06
-2.5569979e-08
2.1748807e-06
-2.522627e-08
2.1665664e-06
-2.4854562e-08
2.1576963e-06
-2.4414086e-08
2.1482939e-06
-2.3904846e-08
2.1383741e-06
-2.331707e-08
2.1279549e-06
-2.2647476e-08
2.1170595e-06
-2.1890981e-08
2.1057063e-06
-2.1042961e-08
2.093858e-06
-2.0093139e-08
2.0815514e-06
-1.9045833e-08
2.0688287e-06
-1.7916717e-08
2.0557045e-06
-1.6693448e-08
2.0421821e-06
-1.5375638e-08
2.028281e-06
-1.3968706e-08
2.0140242e-06
-1.2474104e-08
1.9994307e-06
-1.0896269e-08
1.9845283e-06
-9.2444545e-09
1.9693583e-06
-7.5254545e-09
1.9539257e-06
-5.7426766e-09
1.9382932e-06
-3.9167816e-09
1.9225e-06
-2.05358e-09
1.906602e-06
-1.4386226e-10
1.8905452e-06
1.8051738e-09
1.874367e-06
3.7734433e-09
1.8580983e-06
5.7507927e-09
1.841774e-06
7.7230178e-09
1.8254258e-06
9.6800501e-09
1.8090776e-06
1.1615874e-08
1.7927592e-06
1.3524537e-08
1.7764951e-06
1.5395685e-08
1.7602827e-06
1.7217298e-08
1.7441243e-06
1.8991639e-08
1.7280288e-06
2.0717813e-08
1.7120063e-06
2.2415188e-08
1.6960674e-06
2.4057799e-08
1.6802695e-06
2.5637888e-08
1.664638e-06
2.7148355e-08
1.6491832e-06
2.859321e-08
1.6339125e-06
2.997391e-08
1.6188396e-06
3.1288102e-08
1.6039776e-06
3.2526933e-08
1.5893365e-06
3.3689831e-08
1.5749298e-06
3.4794414e-08
1.5607661e-06
3.5856274e-08
1.546867e-06
3.686647e-08
1.5332204e-06
3.7825167e-08
1.5198046e-06
3.8732805e-08
1.5066307e-06
3.9581364e-08
1.4937114e-06
4.0353372e-08
1.4810022e-06
4.1060426e-08
1.4685287e-06
4.1734741e-08
1.4563614e-06
4.2358439e-08
1.4444186e-06
4.2949396e-08
1.4326853e-06
4.3527284e-08
1.4213121e-06
4.4014936e-08
1.4101859e-06
4.4428653e-08
1.3991268e-06
4.4958199e-08
1.3883894e-06
4.5554514e-08
1.378081e-06
4.600794e-08
1.3679103e-06
4.6392199e-08
1.3578043e-06
4.6964221e-08
1.3481279e-06
4.7505782e-08
1.3388268e-06
4.7752041e-08
1.3295726e-06
4.8012387e-08
1.320386e-06
4.8551168e-08
1.3116415e-06
4.8955894e-08
1.3031442e-06
4.9068025e-08
1.2946897e-06
4.9279992e-08
1.2865588e-06
4.9614012e-08
1.2789516e-06
4.9721021e-08
1.2713085e-06
4.9899436e-08
1.263628e-06
5.0323958e-08
1.2563575e-06
5.043796e-08
1.2494152e-06
5.040173e-08
1.2427809e-06
5.0356042e-08
1.236235e-06
5.0094136e-08
1.2294975e-06
4.9848656e-08
1.2226414e-06
4.9413085e-08
1.2157713e-06
4.8649956e-08
1.2089868e-06
4.7534467e-08
1.2025404e-06
4.6169944e-08
1.1964687e-06
4.4678985e-08
1.1907123e-06
4.3026513e-08
1.1855484e-06
4.1279768e-08
1.1809288e-06
3.9733751e-08
1.1764678e-06
3.8210911e-08
1.1724761e-06
3.6505583e-08
1.1691812e-06
3.5105674e-08
1.1659541e-06
3.4006035e-08
1.1627295e-06
3.2636456e-08
1.1603517e-06
3.1222638e-08
1.1583562e-06
3.0415303e-08
1.1560909e-06
2.9555845e-08
1.1539659e-06
2.8244032e-08
1.152521e-06
2.6995383e-08
1.1513246e-06
2.6063005e-08
1.150079e-06
2.5055148e-08
1.1492039e-06
2.3845084e-08
1.1487722e-06
2.269427e-08
1.14848e-06
2.1574192e-08
1.1484313e-06
2.0450363e-08
1.1486909e-06
1.9282441e-08
1.1492422e-06
1.8115646e-08
1.1500608e-06
1.6982221e-08
1.1510541e-06
1.5906409e-08
1.1523095e-06
1.4780321e-08
1.1542916e-06
1.3214815e-08
1.1567211e-06
1.1996549e-08
1.1596019e-06
1.0742633e-08
1.1625305e-06
9.4160018e-09
1.1659218e-06
8.0713161e-09
1.1698855e-06
6.6295787e-09
1.1743952e-06
5.1588129e-09
1.1794824e-06
3.6636454e-09
1.1851144e-06
2.1380289e-09
1.1913468e-06
5.6977667e-10
1.198239e-06
-1.0259233e-09
1.2058126e-06
-2.6514559e-09
1.2140944e-06
-4.3051562e-09
1.223121e-06
-5.9836571e-09
1.2329046e-06
-7.6879303e-09
1.2434562e-06
-9.4191419e-09
1.2547928e-06
-1.1178199e-08
1.2669201e-06
-1.2950185e-08
1.2798301e-06
-1.4733877e-08
1.2935059e-06
-1.6527708e-08
1.3079338e-06
-1.8330937e-08
1.3230998e-06
-2.014259e-08
1.3389675e-06
-2.196172e-08
1.355489e-06
-2.3789526e-08
1.3726061e-06
-2.5623958e-08
1.3902432e-06
-2.7466017e-08
1.4083102e-06
-2.9318511e-08
1.426703e-06
-3.1182337e-08
1.4453049e-06
-3.3057246e-08
1.4639875e-06
-3.4940376e-08
1.4826144e-06
-3.6827325e-08
1.5010435e-06
-3.8709307e-08
1.5191226e-06
-4.0570856e-08
1.5366985e-06
-4.2402537e-08
1.5536256e-06
-4.4198078e-08
1.5697666e-06
-4.5949494e-08
1.5849672e-06
-4.7624972e-08
1.599073e-06
-4.9206273e-08
1.6119684e-06
-5.0693095e-08
1.6235784e-06
-5.2109359e-08
1.6338263e-06
-5.3415786e-08
1.6427109e-06
-5.4678583e-08
1.6504368e-06
-5.6023178e-08
1.6571073e-06
-5.7268428e-08
1.6611287e-06
-5.6935561e-08
1.663092e-06
-5.7747103e-08
1.6640632e-06
-5.8375305e-08
1.6640942e-06
-5.8860049e-08
1.664156e-06
-5.9028028e-08
1.6627968e-06
-5.9168175e-08
1.6602365e-06
-5.8979632e-08
1.6564936e-06
-5.8631549e-08
1.6517818e-06
-5.8026783e-08
1.6461673e-06
-5.74394e-08
1.6400863e-06
-5.66816e-08
1.6335656e-06
-5.5815198e-08
1.6267378e-06
-5.4740942e-08
1.6199005e-06
-5.3529846e-08
1.6131003e-06
-5.2164742e-08
1.6062224e-06
-5.0694384e-08
1.5992269e-06
-4.9031365e-08
1.5921329e-06
-4.729447e-08
1.5850719e-06
-4.5362321e-08
1.5780139e-06
-4.337341e-08
1.5710753e-06
-4.118806e-08
1.5641474e-06
-3.8952001e-08
1.5573815e-06
-3.6565511e-08
1.5507067e-06
-3.4131624e-08
1.5442553e-06
-3.1605391e-08
1.5378737e-06
-2.9021757e-08
1.5316936e-06
-2.5973862e-08
1.5254051e-06
-2.322516e-08
-1.9427227e-08
1.3527706e-06
1.4507605e-06
1.5639698e-06
1.6587082e-06
1.7342566e-06
1.7926913e-06
1.837819e-06
1.8733819e-06
1.9023266e-06
1.9261555e-06
1.9462445e-06
1.9635965e-06
1.9788547e-06
1.9924778e-06
2.0047634e-06
2.0160308e-06
2.0264162e-06
2.0361059e-06
2.0451395e-06
2.0536609e-06
2.0616892e-06
2.069286e-06
2.0765052e-06
2.0833749e-06
2.0899229e-06
2.0961843e-06
2.1021891e-06
2.1079614e-06
2.1135178e-06
2.1188736e-06
2.1240424e-06
2.1290352e-06
2.1338631e-06
2.1385358e-06
2.1430616e-06
2.1474508e-06
2.1517107e-06
2.1558506e-06
2.1598758e-06
2.1637941e-06
2.1676096e-06
2.1713285e-06
2.1749548e-06
2.1784924e-06
2.1819464e-06
2.1853162e-06
2.1886027e-06
2.1918164e-06
2.194973e-06
2.1980653e-06
2.2010915e-06
2.2040562e-06
2.2069613e-06
2.2098091e-06
2.2126032e-06
2.2153426e-06
2.2180323e-06
2.2206715e-06
2.2232642e-06
2.2258108e-06
2.2283136e-06
2.2307756e-06
2.233196e-06
2.2355812e-06
2.2379276e-06
2.2402373e-06
2.2425108e-06
2.244753e-06
2.246962e-06
2.2491361e-06
2.2512763e-06
2.2533842e-06
2.2554623e-06
2.2575113e-06
2.259533e-06
2.261528e-06
2.2634973e-06
2.2654418e-06
2.2673618e-06
2.2692589e-06
2.2711319e-06
2.2729838e-06
2.274812e-06
2.2766201e-06
2.2784065e-06
2.2801718e-06
2.2819168e-06
2.2836465e-06
2.285361e-06
2.287058e-06
2.2887352e-06
2.2903937e-06
2.2920347e-06
2.2936592e-06
2.2952673e-06
2.2968597e-06
2.2984363e-06
2.2999979e-06
2.3015442e-06
2.3030757e-06
2.304593e-06
2.3060964e-06
2.3075863e-06
2.3090631e-06
2.3105269e-06
2.3119792e-06
2.3134188e-06
2.3148452e-06
2.316259e-06
2.3176611e-06
2.3190502e-06
2.3204257e-06
2.3217883e-06
2.3231388e-06
2.3244778e-06
2.325806e-06
2.3271235e-06
2.3284305e-06
2.3297271e-06
2.3310137e-06
2.3322903e-06
2.3335573e-06
2.3348147e-06
2.3360629e-06
2.3373019e-06
2.3385322e-06
2.3397539e-06
2.3409672e-06
2.3421722e-06
2.3433689e-06
2.3445579e-06
2.345739e-06
2.346911e-06
2.3480759e-06
2.3492344e-06
2.3503865e-06
2.3515317e-06
2.3526696e-06
2.3537995e-06
2.3549218e-06
2.3560366e-06
2.3571441e-06
2.3582444e-06
2.3593376e-06
2.3604238e-06
2.3615028e-06
2.3625747e-06
2.3636396e-06
2.3646976e-06
2.3657487e-06
2.3667934e-06
2.3678317e-06
2.368864e-06
2.3698903e-06
2.3709111e-06
2.3719262e-06
2.3729357e-06
2.3739397e-06
2.3749384e-06
2.3759319e-06
2.3769202e-06
2.3779036e-06
2.3788816e-06
2.3798544e-06
2.3808221e-06
2.3817848e-06
2.3827426e-06
2.3836954e-06
2.384643e-06
2.3855854e-06
2.3865224e-06
2.3874539e-06
2.3883797e-06
2.3892997e-06
2.3902138e-06
2.391122e-06
2.392024e-06
2.3929199e-06
2.3938095e-06
2.3946929e-06
2.3955701e-06
2.396441e-06
2.3973057e-06
2.3981641e-06
2.399016e-06
2.3998615e-06
2.4007009e-06
2.4015341e-06
2.4023616e-06
2.4031835e-06
2.4039996e-06
2.40481e-06
2.4056146e-06
2.4064136e-06
2.4072071e-06
2.4079951e-06
2.4087781e-06
2.4095563e-06
2.4103299e-06
2.4110993e-06
2.4118646e-06
2.4126262e-06
2.4133846e-06
2.4141391e-06
2.4148899e-06
2.4156401e-06
2.4163842e-06
2.4171272e-06
2.417869e-06
2.4186007e-06
2.4193262e-06
2.4200493e-06
2.4207815e-06
2.421504e-06
2.4221997e-06
2.4228935e-06
2.4235805e-06
2.4242629e-06
2.4249384e-06
2.4256071e-06
2.4262747e-06
2.4269172e-06
2.4275635e-06
2.4282238e-06
2.4288664e-06
2.4295011e-06
2.4301373e-06
2.4307673e-06
2.431382e-06
2.4319638e-06
2.4325473e-06
2.4331374e-06
2.4337048e-06
2.4342799e-06
2.4348821e-06
2.4354751e-06
2.4360704e-06
2.4367013e-06
2.437338e-06
2.4379506e-06
2.4385561e-06
2.4391465e-06
2.4397073e-06
2.4402562e-06
2.4407979e-06
2.441323e-06
2.441857e-06
2.442393e-06
2.4429116e-06
2.4434305e-06
2.4439562e-06
2.4444885e-06
2.4450063e-06
2.4455173e-06
2.4460575e-06
2.4466204e-06
2.4471757e-06
2.447746e-06
2.4483188e-06
2.4488545e-06
2.4493846e-06
2.4499004e-06
2.4503772e-06
2.4508353e-06
2.4512485e-06
2.4516222e-06
2.4519823e-06
2.4523188e-06
2.4526287e-06
2.4529332e-06
2.4532216e-06
2.4534854e-06
2.4537368e-06
2.4539705e-06
2.4541956e-06
2.4544256e-06
2.4546497e-06
2.4548698e-06
2.4551048e-06
2.4553411e-06
2.4555859e-06
2.4558574e-06
2.4561343e-06
2.4564154e-06
2.4567247e-06
2.4570281e-06
2.4573095e-06
2.4575896e-06
2.4578619e-06
2.4581092e-06
2.4583373e-06
2.4585377e-06
2.4587153e-06
2.4588926e-06
2.4590736e-06
2.4592855e-06
2.4595478e-06
2.4598674e-06
2.4602524e-06
2.4607108e-06
2.4612249e-06
2.4617684e-06
2.4623525e-06
2.4629856e-06
2.4636641e-06
2.4643712e-06
2.4650999e-06
2.4658484e-06
2.4666132e-06
2.4673635e-06
2.4680904e-06
2.4688088e-06
2.4695417e-06
2.4703217e-06
2.4710989e-06
2.4718489e-06
2.4726102e-06
2.4733498e-06
2.474068e-06
2.4747787e-06
2.4754394e-06
2.4760124e-06
2.4765495e-06
2.4770573e-06
2.4775192e-06
2.4778568e-06
2.4780744e-06
2.4781979e-06
2.4782424e-06
2.47821e-06
2.4780931e-06
2.4779171e-06
2.4776507e-06
2.4772703e-06
2.4767944e-06
2.4762274e-06
2.4755617e-06
2.474825e-06
2.4740552e-06
2.4732585e-06
2.472434e-06
2.4716092e-06
2.470815e-06
2.4700852e-06
2.4694384e-06
2.4688561e-06
2.4683381e-06
2.4679251e-06
2.4676063e-06
2.4674041e-06
2.4673578e-06
2.4673993e-06
2.4675157e-06
2.4677456e-06
2.4681469e-06
2.4686495e-06
2.4692142e-06
2.4699149e-06
2.4706239e-06
2.471379e-06
2.4721972e-06
2.4730205e-06
2.4738454e-06
2.4746494e-06
2.4753987e-06
2.4760804e-06
2.4767319e-06
2.4773107e-06
2.4777623e-06
2.4781034e-06
2.4782557e-06
2.478201e-06
2.4778447e-06
2.477265e-06
2.4764898e-06
2.475501e-06
2.4743569e-06
2.473099e-06
2.4717351e-06
2.4702758e-06
2.468761e-06
2.4672523e-06
2.4657681e-06
2.4642965e-06
2.4627964e-06
2.4612695e-06
2.4597476e-06
2.4582255e-06
2.4567451e-06
2.4553821e-06
2.4540633e-06
2.4527876e-06
2.4515718e-06
2.4503957e-06
2.4492703e-06
2.4481961e-06
2.4471667e-06
2.4462066e-06
2.4453871e-06
2.4446141e-06
2.4438662e-06
2.4431773e-06
2.4424915e-06
2.4417549e-06
2.4409417e-06
2.4400849e-06
2.4392218e-06
2.4383291e-06
2.4374231e-06
2.436486e-06
2.4355085e-06
2.4345376e-06
2.4334905e-06
2.432271e-06
2.4309061e-06
2.4294406e-06
2.427836e-06
2.426092e-06
2.4242454e-06
2.4223266e-06
2.4203346e-06
2.4182486e-06
2.416089e-06
2.4138817e-06
2.4116643e-06
2.4094414e-06
2.4071999e-06
2.4049298e-06
2.4025824e-06
2.400123e-06
2.3975183e-06
2.3947119e-06
2.3917382e-06
2.3886708e-06
2.3854515e-06
2.3820218e-06
2.3784536e-06
2.3748204e-06
2.3710443e-06
2.3670797e-06
2.3629837e-06
2.3587451e-06
2.3542835e-06
2.3495987e-06
2.3447105e-06
2.3396094e-06
2.3343114e-06
2.328856e-06
2.3232738e-06
2.3176152e-06
2.3119291e-06
2.3062416e-06
2.3006033e-06
2.2950644e-06
2.2896305e-06
2.2843337e-06
2.2791962e-06
2.2742309e-06
2.2694308e-06
2.2647913e-06
2.2602984e-06
2.255924e-06
2.2516284e-06
2.2473748e-06
2.2431537e-06
2.2389487e-06
2.2347251e-06
2.2304847e-06
2.2262229e-06
2.2219451e-06
2.2176669e-06
2.2134214e-06
2.209265e-06
2.2052239e-06
2.2013027e-06
2.1975336e-06
2.1939573e-06
2.1905594e-06
2.1874148e-06
2.1845324e-06
2.181848e-06
2.1794406e-06
2.1773212e-06
2.1754988e-06
2.1740271e-06
2.1729086e-06
2.1721591e-06
2.1718513e-06
2.1717555e-06
2.1718237e-06
2.1721813e-06
2.1728594e-06
2.1738512e-06
2.1751544e-06
2.176817e-06
2.1788929e-06
2.1813606e-06
2.1841607e-06
2.1872701e-06
2.1906627e-06
2.1943042e-06
2.1981776e-06
2.202279e-06
2.2066543e-06
2.2112675e-06
2.2160196e-06
2.2208706e-06
2.2257907e-06
2.2307646e-06
2.2357596e-06
2.2405913e-06
2.2451854e-06
2.249944e-06
2.2549994e-06
2.2600527e-06
2.2648889e-06
2.269411e-06
2.2736216e-06
2.2775641e-06
2.2811639e-06
2.2835261e-06
2.2845593e-06
2.2847432e-06
2.2846578e-06
2.2839285e-06
2.2822169e-06
2.2793479e-06
2.2755438e-06
2.2707077e-06
2.2664124e-06
2.2611041e-06
2.2548413e-06
2.2477178e-06
2.2399118e-06
2.2314717e-06
2.2224363e-06
2.2129004e-06
2.2029701e-06
2.1920294e-06
2.1806613e-06
2.1689855e-06
2.1569928e-06
2.1446555e-06
2.1319911e-06
2.1190091e-06
2.1057196e-06
2.092134e-06
2.078261e-06
2.0641171e-06
2.0497303e-06
2.0351233e-06
2.020303e-06
2.0052817e-06
1.9900788e-06
1.9747051e-06
1.959169e-06
1.9434869e-06
1.9276744e-06
1.9117479e-06
1.8957301e-06
1.8796099e-06
1.8633852e-06
1.8470768e-06
1.8307172e-06
1.814339e-06
1.7979645e-06
1.7816125e-06
1.7652981e-06
1.7490369e-06
1.7328457e-06
1.7167403e-06
1.7007344e-06
1.684853e-06
1.6691119e-06
1.6535291e-06
1.6381148e-06
1.6228794e-06
1.6078264e-06
1.5929615e-06
1.5782926e-06
1.5638264e-06
1.5495635e-06
1.5355056e-06
1.5216664e-06
1.5080634e-06
1.4946967e-06
1.4815679e-06
1.4686875e-06
1.4560661e-06
1.4436953e-06
1.4315715e-06
1.4197192e-06
1.4081284e-06
1.3967897e-06
1.3857276e-06
1.3749063e-06
1.3642579e-06
1.3538687e-06
1.3438023e-06
1.3339418e-06
1.3242237e-06
1.3148419e-06
1.3058273e-06
1.296925e-06
1.2881157e-06
1.2796825e-06
1.2715732e-06
1.2635481e-06
1.2557271e-06
1.2482791e-06
1.2409701e-06
1.2337785e-06
1.2270123e-06
1.220545e-06
1.2142649e-06
1.2081482e-06
1.2021344e-06
1.1963838e-06
1.1909282e-06
1.1856155e-06
1.1803568e-06
1.1752268e-06
1.1703419e-06
1.1657153e-06
1.161417e-06
1.1576344e-06
1.1542569e-06
1.1511152e-06
1.1484785e-06
1.1463538e-06
1.1443374e-06
1.1425066e-06
1.1413383e-06
1.1404753e-06
1.1395441e-06
1.1388975e-06
1.1388301e-06
1.1389075e-06
1.1391071e-06
1.1396112e-06
1.1404395e-06
1.1415459e-06
1.1428702e-06
1.1444577e-06
1.1466545e-06
1.1492549e-06
1.1522889e-06
1.1553984e-06
1.1589494e-06
1.1630167e-06
1.1676016e-06
1.1727422e-06
1.1784133e-06
1.1846733e-06
1.1915716e-06
1.1991523e-06
1.2074484e-06
1.2164858e-06
1.2262947e-06
1.2368995e-06
1.2483186e-06
1.2605633e-06
1.2736329e-06
1.2875184e-06
1.302214e-06
1.3176888e-06
1.3339046e-06
1.3508125e-06
1.3683502e-06
1.3864405e-06
1.4049898e-06
1.4238929e-06
1.4430283e-06
1.4622582e-06
1.481431e-06
1.5003826e-06
1.5189499e-06
1.5369585e-06
1.5542411e-06
1.5706381e-06
1.585984e-06
1.6001156e-06
1.6128995e-06
1.6242815e-06
1.6341309e-06
1.6424035e-06
1.6492743e-06
1.6548278e-06
1.6574862e-06
1.6582679e-06
1.6582228e-06
1.6579508e-06
1.656079e-06
1.6526698e-06
1.6477623e-06
1.6418924e-06
1.6351968e-06
1.6276651e-06
1.6196001e-06
1.6113249e-06
1.602815e-06
1.5941075e-06
1.5851898e-06
1.5761159e-06
1.5669146e-06
1.5576835e-06
1.5485223e-06
1.5395594e-06
1.5307889e-06
1.5222926e-06
1.5140234e-06
1.5060774e-06
1.4983717e-06
1.4909899e-06
1.483806e-06
1.4769059e-06
1.4701372e-06
1.4636608e-06
1.4572095e-06
)
;

boundaryField
{
    walls
    {
        type            calculated;
        value           uniform 0;
    }
    inlet1
    {
        type            calculated;
        value           nonuniform List<scalar> 
16
(
-5.6153912e-06
-5.6153911e-06
-5.6153911e-06
-5.6153911e-06
-5.6153911e-06
-5.615391e-06
-5.615391e-06
-5.615391e-06
-5.615391e-06
-5.615391e-06
-5.615391e-06
-5.615391e-06
-5.615391e-06
-5.615391e-06
-5.615391e-06
-5.615391e-06
)
;
    }
    inlet2
    {
        type            calculated;
        value           nonuniform List<scalar> 
16
(
-1.2087361e-06
-1.2087361e-06
-1.2087361e-06
-1.2087361e-06
-1.2087361e-06
-1.2087361e-06
-1.2087361e-06
-1.2087361e-06
-1.2087361e-06
-1.2087361e-06
-1.2087361e-06
-1.2087361e-06
-1.2087361e-06
-1.2087361e-06
-1.2087361e-06
-1.2087361e-06
)
;
    }
    outlet
    {
        type            calculated;
        value           nonuniform List<scalar> 
32
(
1.3807015e-06
1.3122132e-06
1.2480425e-06
1.1911601e-06
1.1420282e-06
1.1053312e-06
1.0811076e-06
1.0744573e-06
1.0838248e-06
1.1150137e-06
1.1658709e-06
1.23645e-06
1.3200292e-06
1.4074914e-06
1.4810873e-06
1.5245363e-06
1.4066921e-06
1.4161645e-06
1.434009e-06
1.4609609e-06
1.4957861e-06
1.5370939e-06
1.5814353e-06
1.6246024e-06
1.6596987e-06
1.6822876e-06
1.6854118e-06
1.6695047e-06
1.6330233e-06
1.5819065e-06
1.5193786e-06
1.4510151e-06
)
;
    }
    frontAndBack
    {
        type            empty;
        value           nonuniform List<scalar> 0();
    }
}


// ************************************************************************* //
