/*--------------------------------*- C++ -*----------------------------------*\
| =========                 |                                                 |
| \\      /  F ield         | OpenFOAM: The Open Source CFD Toolbox           |
|  \\    /   O peration     | Version:  2312                                  |
|   \\  /    A nd           | Website:  www.openfoam.com                      |
|    \\/     M anipulation  |                                                 |
\*---------------------------------------------------------------------------*/
FoamFile
{
    version     2.0;
    format      ascii;
    arch        "LSB;label=64;scalar=64";
    class       surfaceScalarField;
    location    "0.006";
    object      phi;
}
// * * * * * * * * * * * * * * * * * * * * * * * * * * * * * * * * * * * * * //

dimensions      [1 0 -1 0 0 0 0];

oriented        oriented;

internalField   nonuniform List<scalar> 
16762
(
0.0423011
-2.42861e-17
0.0423011
-3.1225e-17
0.0423011
-3.64292e-17
0.0423011
-2.42861e-17
0.0423011
-5.37764e-17
0.0423011
-5.55112e-17
0.0423011
-1.73472e-17
0.0423011
-5.0307e-17
0.0423011
-3.46945e-17
0.0423011
-3.46945e-17
0.0423011
-2.94903e-17
0.0423011
-3.81639e-17
0.0423011
-6.07153e-17
0.0423011
3.1225e-17
0.0423011
5.20417e-17
0.0423011
1.56125e-17
0.0423011
3.46945e-17
0.0423011
1.38778e-17
0.0423011
2.77556e-17
0.0423011
6.07153e-17
0.0423011
5.0307e-17
0.0423011
7.11237e-17
0.0423011
5.37764e-17
0.0423011
5.37764e-17
0.0423011
7.45931e-17
0.0423011
9.36751e-17
0.0423011
1.05818e-16
0.0423011
6.41848e-17
0.0423011
5.0307e-17
0.0423011
6.76542e-17
0.0423011
4.68375e-17
0.0423011
2.84495e-16
0.0423011
8.27116e-15
0.0423011
1.09695e-12
0.0423011
4.8102e-11
0.0423011
5.58023e-09
0.0423008
3.20497e-07
3.29752e-05
0.0422677
0.0423011
3.46945e-18
0.0423011
1.56125e-17
0.0423011
-1.73472e-17
0.0423011
-1.21431e-17
0.0423011
-1.04083e-17
0.0423011
-3.98986e-17
0.0423011
-3.29597e-17
0.0423011
-2.60209e-17
0.0423011
-4.16334e-17
0.0423011
-4.16334e-17
0.0423011
-1.04083e-17
0.0423011
-5.55112e-17
0.0423011
-2.42861e-17
0.0423011
-2.60209e-17
0.0423011
-6.93889e-18
0.0423011
1.04083e-17
0.0423011
5.20417e-18
0.0423011
3.46945e-18
0.0423011
1.73472e-17
0.0423011
-1.73472e-18
0.0423011
1.38778e-17
0.0423011
4.85723e-17
0.0423011
7.45931e-17
0.0423011
9.54098e-17
0.0423011
8.1532e-17
0.0423011
6.245e-17
0.0423011
7.28584e-17
0.0423011
4.85723e-17
0.0423011
6.245e-17
0.0423011
3.98986e-17
0.0423011
3.98986e-17
0.0423011
3.10516e-16
0.0423011
1.1241e-14
0.0423011
8.7162e-13
0.0423011
3.86764e-11
0.0423011
2.45981e-09
0.0423013
1.08671e-07
4.33456e-06
0.04233
0.0423011
1.21431e-17
0.0423011
-1.04083e-17
0.0423011
1.73472e-18
0.0423011
-5.20417e-18
0.0423011
-8.67362e-18
0.0423011
2.42861e-17
0.0423011
-2.94903e-17
0.0423011
-5.20417e-17
0.0423011
-6.245e-17
0.0423011
-2.60209e-17
0.0423011
-3.64292e-17
0.0423011
-3.1225e-17
0.0423011
-4.16334e-17
0.0423011
-5.72459e-17
0.0423011
-1.04083e-17
0.0423011
-2.94903e-17
0.0423011
-1.04083e-17
0.0423011
1.73472e-18
0.0423011
-2.25514e-17
0.0423011
-3.46945e-18
0.0423011
-6.93889e-18
0.0423011
3.46945e-18
0.0423011
2.42861e-17
0.0423011
3.81639e-17
0.0423011
7.63278e-17
0.0423011
5.20417e-17
0.0423011
9.71445e-17
0.0423011
7.11237e-17
0.0423011
8.32667e-17
0.0423011
6.59195e-17
0.0423011
8.50015e-17
0.0423011
1.42247e-16
0.0423011
3.36536e-15
0.0423011
1.93857e-13
0.0423011
7.36081e-12
0.0423011
3.52771e-10
0.0423012
1.14704e-08
5.26757e-07
0.042305
0.0423011
-1.04083e-17
0.0423011
-1.73472e-17
0.0423011
-2.60209e-17
0.0423011
-2.25514e-17
0.0423011
-8.67362e-18
0.0423011
-3.46945e-17
0.0423011
3.46945e-18
0.0423011
8.67362e-18
0.0423011
-3.1225e-17
0.0423011
-2.94903e-17
0.0423011
-3.29597e-17
0.0423011
-2.60209e-17
0.0423011
-2.77556e-17
0.0423011
-2.25514e-17
0.0423011
-4.33681e-17
0.0423011
-5.0307e-17
0.0423011
-2.25514e-17
0.0423011
-4.16334e-17
0.0423011
-2.08167e-17
0.0423011
-1.56125e-17
0.0423011
-1.56125e-17
0.0423011
1.73472e-18
0.0423011
-6.93889e-18
0.0423011
1.56125e-17
0.0423011
3.1225e-17
0.0423011
4.68375e-17
0.0423011
2.08167e-17
0.0423011
7.11237e-17
0.0423011
6.93889e-17
0.0423011
6.59195e-17
0.0423011
7.28584e-17
0.0423011
9.02056e-17
0.0423011
5.67255e-16
0.0423011
2.19286e-14
0.0423011
7.6005e-13
0.0423011
3.06584e-11
0.0423011
9.24006e-10
4.95268e-08
0.0423016
0.0423011
-8.67362e-18
0.0423011
1.38778e-17
0.0423011
-3.46945e-18
0.0423011
6.93889e-18
0.0423011
-6.93889e-18
0.0423011
-2.42861e-17
0.0423011
-2.77556e-17
0.0423011
-2.08167e-17
0.0423011
-3.29597e-17
0.0423011
-2.25514e-17
0.0423011
-3.98986e-17
0.0423011
-2.77556e-17
0.0423011
-5.72459e-17
0.0423011
-4.51028e-17
0.0423011
-4.16334e-17
0.0423011
-5.20417e-17
0.0423011
-5.72459e-17
0.0423011
-2.08167e-17
0.0423011
-1.73472e-17
0.0423011
-6.76542e-17
0.0423011
-2.77556e-17
0.0423011
-3.29597e-17
0.0423011
-3.29597e-17
0.0423011
-3.46945e-18
0.0423011
-1.73472e-18
0.0423011
1.04083e-17
0.0423011
3.29597e-17
0.0423011
3.29597e-17
0.0423011
8.32667e-17
0.0423011
6.41848e-17
0.0423011
7.80626e-17
0.0423011
6.93889e-17
0.0423011
1.05818e-16
0.0423011
1.83534e-15
0.0423011
5.75911e-14
0.0423011
2.31384e-12
0.0423011
7.25711e-11
3.79701e-09
0.0423012
0.0423011
1.21431e-17
0.0423011
-1.56125e-17
0.0423011
-3.46945e-18
0.0423011
-1.04083e-17
0.0423011
1.21431e-17
0.0423011
1.73472e-18
0.0423011
-1.73472e-17
0.0423011
-6.93889e-18
0.0423011
-1.04083e-17
0.0423011
-6.93889e-18
0.0423011
-1.9082e-17
0.0423011
-1.9082e-17
0.0423011
-2.60209e-17
0.0423011
-3.64292e-17
0.0423011
-4.68375e-17
0.0423011
-5.0307e-17
0.0423011
-5.72459e-17
0.0423011
-5.89806e-17
0.0423011
-6.41848e-17
0.0423011
-1.73472e-17
0.0423011
-5.20417e-17
0.0423011
-3.1225e-17
0.0423011
-3.98986e-17
0.0423011
-4.33681e-17
0.0423011
-2.77556e-17
0.0423011
3.46945e-18
0.0423011
8.67362e-18
0.0423011
5.0307e-17
0.0423011
2.25514e-17
0.0423011
6.07153e-17
0.0423011
5.0307e-17
0.0423011
4.68375e-17
0.0423011
1.38778e-17
0.0423011
1.33574e-16
0.0423011
3.97252e-15
0.0423011
1.65996e-13
0.0423011
5.32519e-12
2.67338e-10
0.0423011
0.0423011
-6.93889e-18
0.0423011
-1.38778e-17
0.0423011
-1.21431e-17
0.0423011
2.08167e-17
0.0423011
-1.56125e-17
0.0423011
-3.46945e-18
0.0423011
0
0.0423011
-2.60209e-17
0.0423011
-6.93889e-18
0.0423011
-3.46945e-18
0.0423011
1.04083e-17
0.0423011
-1.56125e-17
0.0423011
-8.67362e-18
0.0423011
-3.46945e-18
0.0423011
-3.1225e-17
0.0423011
-5.20417e-17
0.0423011
-5.55112e-17
0.0423011
-6.07153e-17
0.0423011
-4.51028e-17
0.0423011
-3.81639e-17
0.0423011
-4.85723e-17
0.0423011
-4.85723e-17
0.0423011
-9.71445e-17
0.0423011
-4.85723e-17
0.0423011
-5.37764e-17
0.0423011
-3.1225e-17
0.0423011
-3.1225e-17
0.0423011
-2.60209e-17
0.0423011
-8.67362e-18
0.0423011
-1.56125e-17
0.0423011
4.51028e-17
0.0423011
1.21431e-17
0.0423011
3.46945e-18
0.0423011
1.21431e-17
0.0423011
2.68882e-16
0.0423011
1.1555e-14
0.0423011
3.69116e-13
1.80769e-11
0.0423011
0.0423011
-1.56125e-17
0.0423011
2.77556e-17
0.0423011
3.46945e-18
0.0423011
-1.38778e-17
0.0423011
-6.93889e-18
0.0423011
-3.46945e-18
0.0423011
1.73472e-18
0.0423011
-5.20417e-18
0.0423011
-2.60209e-17
0.0423011
-1.73472e-17
0.0423011
-2.25514e-17
0.0423011
-8.67362e-18
0.0423011
-1.73472e-17
0.0423011
-1.56125e-17
0.0423011
-3.81639e-17
0.0423011
-4.16334e-17
0.0423011
-5.20417e-17
0.0423011
-4.16334e-17
0.0423011
-5.37764e-17
0.0423011
-2.77556e-17
0.0423011
-3.81639e-17
0.0423011
-7.45931e-17
0.0423011
-5.0307e-17
0.0423011
-5.89806e-17
0.0423011
-8.67362e-17
0.0423011
-9.02056e-17
0.0423011
-9.02056e-17
0.0423011
-6.59195e-17
0.0423011
-2.94903e-17
0.0423011
-3.46945e-17
0.0423011
-8.67362e-18
0.0423011
-1.73472e-18
0.0423011
2.25514e-17
0.0423011
3.46945e-18
0.0423011
6.93889e-18
0.0423011
7.59809e-16
0.0423011
2.47649e-14
1.20003e-12
0.0423011
0.0423011
2.08167e-17
0.0423011
3.46945e-18
0.0423011
-8.67362e-18
0.0423011
1.73472e-17
0.0423011
-1.9082e-17
0.0423011
-1.38778e-17
0.0423011
-3.46945e-18
0.0423011
6.93889e-18
0.0423011
1.73472e-18
0.0423011
1.73472e-18
0.0423011
0
0.0423011
-3.46945e-18
0.0423011
1.38778e-17
0.0423011
-2.08167e-17
0.0423011
-2.08167e-17
0.0423011
8.67362e-18
0.0423011
-8.67362e-18
0.0423011
-1.56125e-17
0.0423011
-2.94903e-17
0.0423011
-5.89806e-17
0.0423011
-6.41848e-17
0.0423011
-2.94903e-17
0.0423011
-3.98986e-17
0.0423011
-5.55112e-17
0.0423011
-3.98986e-17
0.0423011
-8.1532e-17
0.0423011
-6.245e-17
0.0423011
-6.59195e-17
0.0423011
-5.72459e-17
0.0423011
-4.51028e-17
0.0423011
-6.07153e-17
0.0423011
-6.07153e-17
0.0423011
-5.89806e-17
0.0423011
-4.85723e-17
0.0423011
-6.245e-17
0.0423011
8.67362e-18
0.0423011
1.58901e-15
7.96377e-14
0.0423011
0.0423011
1.73472e-18
0.0423011
-1.73472e-18
0.0423011
0
0.0423011
-3.46945e-17
0.0423011
-8.67362e-18
0.0423011
-8.67362e-18
0.0423011
-8.67362e-18
0.0423011
-5.20417e-18
0.0423011
8.67362e-18
0.0423011
1.04083e-17
0.0423011
2.08167e-17
0.0423011
-8.67362e-18
0.0423011
-6.93889e-18
0.0423011
-4.51028e-17
0.0423011
-1.21431e-17
0.0423011
-3.29597e-17
0.0423011
-5.72459e-17
0.0423011
-5.37764e-17
0.0423011
-8.1532e-17
0.0423011
-5.55112e-17
0.0423011
-4.33681e-17
0.0423011
-4.16334e-17
0.0423011
-3.1225e-17
0.0423011
-1.56125e-17
0.0423011
-3.1225e-17
0.0423011
-5.55112e-17
0.0423011
-7.97973e-17
0.0423011
-7.80626e-17
0.0423011
-7.63278e-17
0.0423011
-1.19696e-16
0.0423011
-8.84709e-17
0.0423011
-6.59195e-17
0.0423011
-5.20417e-17
0.0423011
-1.9082e-17
0.0423011
-4.16334e-17
0.0423011
-2.42861e-17
0.0423011
8.1532e-17
5.3204e-15
0.0423011
0.0423011
-3.46945e-18
0.0423011
3.46945e-18
0.0423011
1.73472e-18
0.0423011
-5.20417e-18
0.0423011
6.93889e-18
0.0423011
8.67362e-18
0.0423011
0
0.0423011
-5.20417e-18
0.0423011
-1.73472e-18
0.0423011
-1.73472e-17
0.0423011
-1.38778e-17
0.0423011
-8.67362e-18
0.0423011
0
0.0423011
0
0.0423011
-5.20417e-18
0.0423011
-2.08167e-17
0.0423011
-2.77556e-17
0.0423011
-6.245e-17
0.0423011
-3.46945e-17
0.0423011
-4.85723e-17
0.0423011
-5.72459e-17
0.0423011
-4.68375e-17
0.0423011
-5.20417e-17
0.0423011
-4.85723e-17
0.0423011
-5.55112e-17
0.0423011
-5.0307e-17
0.0423011
-7.11237e-17
0.0423011
-7.97973e-17
0.0423011
-9.19403e-17
0.0423011
-6.59195e-17
0.0423011
-7.11237e-17
0.0423011
-3.46945e-17
0.0423011
-6.07153e-17
0.0423011
-4.85723e-17
0.0423011
-1.73472e-17
0.0423011
-1.38778e-17
0.0423011
-3.46945e-18
3.38271e-16
0.0423011
0.0423011
-1.38778e-17
0.0423011
1.21431e-17
0.0423011
1.38778e-17
0.0423011
2.08167e-17
0.0423011
-3.46945e-17
0.0423011
-1.38778e-17
0.0423011
1.73472e-18
0.0423011
1.21431e-17
0.0423011
3.46945e-18
0.0423011
5.20417e-18
0.0423011
2.60209e-17
0.0423011
3.46945e-18
0.0423011
-3.1225e-17
0.0423011
0
0.0423011
-2.42861e-17
0.0423011
-1.21431e-17
0.0423011
-1.04083e-17
0.0423011
-1.56125e-17
0.0423011
-5.20417e-18
0.0423011
-1.73472e-17
0.0423011
-3.46945e-18
0.0423011
-4.85723e-17
0.0423011
-5.72459e-17
0.0423011
-7.28584e-17
0.0423011
-5.20417e-17
0.0423011
-4.85723e-17
0.0423011
-4.33681e-17
0.0423011
-4.33681e-17
0.0423011
-6.76542e-17
0.0423011
-9.88792e-17
0.0423011
-4.85723e-17
0.0423011
-6.93889e-17
0.0423011
-8.67362e-17
0.0423011
-6.93889e-17
0.0423011
-4.68375e-17
0.0423011
-6.59195e-17
0.0423011
-6.41848e-17
-2.94903e-17
0.0423011
0.0423011
5.20417e-18
0.0423011
-1.21431e-17
0.0423011
-1.04083e-17
0.0423011
-1.56125e-17
0.0423011
3.46945e-17
0.0423011
6.93889e-18
0.0423011
-3.46945e-18
0.0423011
-1.21431e-17
0.0423011
3.46945e-18
0.0423011
8.67362e-18
0.0423011
-1.73472e-17
0.0423011
-2.77556e-17
0.0423011
1.73472e-18
0.0423011
-1.21431e-17
0.0423011
-1.56125e-17
0.0423011
-3.1225e-17
0.0423011
6.93889e-18
0.0423011
1.56125e-17
0.0423011
-6.93889e-18
0.0423011
-3.46945e-18
0.0423011
-3.81639e-17
0.0423011
-3.81639e-17
0.0423011
-5.72459e-17
0.0423011
-3.81639e-17
0.0423011
-3.29597e-17
0.0423011
-5.72459e-17
0.0423011
-3.29597e-17
0.0423011
-2.77556e-17
0.0423011
-8.67362e-18
0.0423011
-5.20417e-17
0.0423011
-4.16334e-17
0.0423011
-3.46945e-17
0.0423011
-3.81639e-17
0.0423011
-5.20417e-17
0.0423011
-8.67362e-17
0.0423011
-4.68375e-17
0.0423011
-4.16334e-17
-5.55112e-17
0.0423011
0.0423011
5.20417e-18
0.0423011
3.46945e-18
0.0423011
-1.73472e-18
0.0423011
0
0.0423011
3.46945e-18
0.0423011
6.93889e-18
0.0423011
-1.73472e-18
0.0423011
-1.73472e-17
0.0423011
-3.46945e-17
0.0423011
-2.77556e-17
0.0423011
-8.67362e-18
0.0423011
-2.25514e-17
0.0423011
-3.1225e-17
0.0423011
-2.42861e-17
0.0423011
2.42861e-17
0.0423011
5.89806e-17
0.0423011
4.68375e-17
0.0423011
4.16334e-17
0.0423011
1.04083e-17
0.0423011
1.38778e-17
0.0423011
-1.04083e-17
0.0423011
-6.07153e-17
0.0423011
-3.81639e-17
0.0423011
-3.1225e-17
0.0423011
-2.42861e-17
0.0423011
-2.60209e-17
0.0423011
-1.9082e-17
0.0423011
-8.67362e-18
0.0423011
-1.9082e-17
0.0423011
-2.77556e-17
0.0423011
-6.41848e-17
0.0423011
-5.37764e-17
0.0423011
-7.28584e-17
0.0423011
-4.68375e-17
0.0423011
-4.68375e-17
0.0423011
-5.72459e-17
0.0423011
-4.85723e-17
-4.85723e-17
0.0423011
0.0423011
-1.73472e-18
0.0423011
2.42861e-17
0.0423011
2.77556e-17
0.0423011
2.08167e-17
0.0423011
-1.38778e-17
0.0423011
0
0.0423011
-1.38778e-17
0.0423011
-1.73472e-17
0.0423011
-1.21431e-17
0.0423011
-8.67362e-18
0.0423011
-2.25514e-17
0.0423011
-1.38778e-17
0.0423011
1.73472e-18
0.0423011
3.81639e-17
0.0423011
2.25514e-17
0.0423011
4.68375e-17
0.0423011
8.67362e-18
0.0423011
6.93889e-18
0.0423011
2.94903e-17
0.0423011
-3.46945e-18
0.0423011
-1.56125e-17
0.0423011
1.04083e-17
0.0423011
-1.73472e-17
0.0423011
5.20417e-18
0.0423011
-2.25514e-17
0.0423011
-3.46945e-18
0.0423011
-3.46945e-18
0.0423011
-1.56125e-17
0.0423011
-1.56125e-17
0.0423011
-1.73472e-17
0.0423011
-1.04083e-17
0.0423011
-2.77556e-17
0.0423011
-2.77556e-17
0.0423011
-3.81639e-17
0.0423011
-3.46945e-17
0.0423011
-1.73472e-17
0.0423011
-4.68375e-17
-5.0307e-17
0.0423011
0.0423011
-1.38778e-17
0.0423011
-1.38778e-17
0.0423011
-1.56125e-17
0.0423011
3.46945e-18
0.0423011
1.73472e-18
0.0423011
-3.1225e-17
0.0423011
-1.9082e-17
0.0423011
-2.25514e-17
0.0423011
-2.60209e-17
0.0423011
-1.04083e-17
0.0423011
-2.94903e-17
0.0423011
-6.93889e-18
0.0423011
-5.20417e-18
0.0423011
8.67362e-18
0.0423011
2.60209e-17
0.0423011
2.60209e-17
0.0423011
0
0.0423011
2.60209e-17
0.0423011
-2.60209e-17
0.0423011
-1.21431e-17
0.0423011
1.73472e-18
0.0423011
-1.04083e-17
0.0423011
0
0.0423011
-8.67362e-18
0.0423011
-1.9082e-17
0.0423011
3.46945e-18
0.0423011
-1.21431e-17
0.0423011
1.73472e-18
0.0423011
1.56125e-17
0.0423011
1.56125e-17
0.0423011
2.25514e-17
0.0423011
1.21431e-17
0.0423011
-6.93889e-18
0.0423011
-1.04083e-17
0.0423011
-3.46945e-17
0.0423011
-3.98986e-17
0.0423011
-5.37764e-17
-7.28584e-17
0.0423011
0.0423011
3.46945e-18
0.0423011
-1.73472e-18
0.0423011
2.42861e-17
0.0423011
1.73472e-18
0.0423011
1.9082e-17
0.0423011
1.21431e-17
0.0423011
-1.73472e-17
0.0423011
3.46945e-18
0.0423011
3.46945e-18
0.0423011
-1.9082e-17
0.0423011
-1.04083e-17
0.0423011
-1.56125e-17
0.0423011
-4.51028e-17
0.0423011
-8.67362e-18
0.0423011
-2.25514e-17
0.0423011
-2.42861e-17
0.0423011
6.93889e-18
0.0423011
-1.21431e-17
0.0423011
-1.04083e-17
0.0423011
5.20417e-18
0.0423011
6.93889e-18
0.0423011
-1.73472e-18
0.0423011
-3.46945e-18
0.0423011
1.21431e-17
0.0423011
-1.38778e-17
0.0423011
-2.94903e-17
0.0423011
-1.73472e-17
0.0423011
-1.38778e-17
0.0423011
-2.25514e-17
0.0423011
-1.73472e-18
0.0423011
0
0.0423011
6.93889e-18
0.0423011
1.04083e-17
0.0423011
-2.08167e-17
0.0423011
1.04083e-17
0.0423011
-2.42861e-17
0.0423011
-1.21431e-17
-1.9082e-17
0.0423011
0.0423011
1.56125e-17
0.0423011
2.25514e-17
0.0423011
-3.46945e-18
0.0423011
-8.67362e-18
0.0423011
-2.60209e-17
0.0423011
1.73472e-18
0.0423011
3.1225e-17
0.0423011
-2.08167e-17
0.0423011
2.60209e-17
0.0423011
0
0.0423011
-1.04083e-17
0.0423011
-1.21431e-17
0.0423011
-5.20417e-18
0.0423011
-2.08167e-17
0.0423011
-3.64292e-17
0.0423011
-3.64292e-17
0.0423011
-1.38778e-17
0.0423011
-4.51028e-17
0.0423011
-1.21431e-17
0.0423011
-6.93889e-18
0.0423011
-5.20417e-18
0.0423011
-1.21431e-17
0.0423011
8.67362e-18
0.0423011
-2.42861e-17
0.0423011
1.38778e-17
0.0423011
-6.93889e-18
0.0423011
5.20417e-18
0.0423011
-6.93889e-18
0.0423011
-1.73472e-18
0.0423011
1.73472e-18
0.0423011
-5.20417e-18
0.0423011
8.67362e-18
0.0423011
-2.25514e-17
0.0423011
0
0.0423011
-8.67362e-18
0.0423011
-5.20417e-18
0.0423011
1.73472e-18
2.77556e-17
0.0423011
0.0423011
-3.46945e-18
0.0423011
-1.73472e-17
0.0423011
-6.93889e-18
0.0423011
8.67362e-18
0.0423011
2.77556e-17
0.0423011
1.04083e-17
0.0423011
6.93889e-18
0.0423011
2.08167e-17
0.0423011
-1.9082e-17
0.0423011
1.21431e-17
0.0423011
-2.25514e-17
0.0423011
-3.46945e-18
0.0423011
-3.98986e-17
0.0423011
-2.60209e-17
0.0423011
-2.42861e-17
0.0423011
-3.46945e-18
0.0423011
-5.20417e-17
0.0423011
-5.20417e-18
0.0423011
-2.25514e-17
0.0423011
-3.64292e-17
0.0423011
-2.60209e-17
0.0423011
-2.42861e-17
0.0423011
-2.25514e-17
0.0423011
1.56125e-17
0.0423011
2.25514e-17
0.0423011
1.73472e-17
0.0423011
1.73472e-18
0.0423011
-1.73472e-18
0.0423011
-2.60209e-17
0.0423011
-2.42861e-17
0.0423011
-3.81639e-17
0.0423011
-3.29597e-17
0.0423011
6.93889e-18
0.0423011
3.46945e-18
0.0423011
1.04083e-17
0.0423011
-6.93889e-18
0.0423011
3.46945e-18
-1.56125e-17
0.0423011
0.0423011
0
0.0423011
-5.20417e-18
0.0423011
-2.08167e-17
0.0423011
-1.56125e-17
0.0423011
-1.9082e-17
0.0423011
4.33681e-17
0.0423011
-8.67362e-18
0.0423011
1.56125e-17
0.0423011
1.56125e-17
0.0423011
-1.9082e-17
0.0423011
-6.93889e-18
0.0423011
-2.08167e-17
0.0423011
1.38778e-17
0.0423011
6.93889e-18
0.0423011
-2.42861e-17
0.0423011
-1.73472e-17
0.0423011
0
0.0423011
-1.73472e-18
0.0423011
1.73472e-18
0.0423011
-1.04083e-17
0.0423011
-2.08167e-17
0.0423011
-1.04083e-17
0.0423011
1.73472e-17
0.0423011
2.77556e-17
0.0423011
-3.46945e-18
0.0423011
8.67362e-18
0.0423011
6.93889e-18
0.0423011
-3.46945e-18
0.0423011
1.73472e-18
0.0423011
-2.77556e-17
0.0423011
-1.9082e-17
0.0423011
-1.21431e-17
0.0423011
2.42861e-17
0.0423011
2.08167e-17
0.0423011
1.04083e-17
0.0423011
5.20417e-18
0.0423011
-5.20417e-18
1.73472e-18
0.0423011
0.0423011
1.21431e-17
0.0423011
0
0.0423011
2.25514e-17
0.0423011
2.42861e-17
0.0423011
5.20417e-18
0.0423011
1.04083e-17
0.0423011
3.46945e-17
0.0423011
5.20417e-18
0.0423011
-6.93889e-18
0.0423011
-1.38778e-17
0.0423011
-1.38778e-17
0.0423011
-3.46945e-18
0.0423011
1.38778e-17
0.0423011
1.56125e-17
0.0423011
5.20417e-18
0.0423011
-1.04083e-17
0.0423011
-2.08167e-17
0.0423011
-5.20417e-18
0.0423011
1.04083e-17
0.0423011
2.60209e-17
0.0423011
1.73472e-17
0.0423011
8.67362e-18
0.0423011
5.20417e-18
0.0423011
8.67362e-18
0.0423011
0
0.0423011
-3.46945e-18
0.0423011
-1.73472e-18
0.0423011
0
0.0423011
1.73472e-17
0.0423011
8.67362e-18
0.0423011
2.08167e-17
0.0423011
2.94903e-17
0.0423011
8.67362e-18
0.0423011
2.25514e-17
0.0423011
1.9082e-17
0.0423011
5.20417e-18
0.0423011
1.73472e-18
-3.46945e-17
0.0423011
0.0423011
-1.73472e-18
0.0423011
3.46945e-18
0.0423011
1.73472e-18
0.0423011
0
0.0423011
3.46945e-18
0.0423011
5.20417e-18
0.0423011
-3.46945e-18
0.0423011
-8.67362e-18
0.0423011
8.67362e-18
0.0423011
2.42861e-17
0.0423011
6.93889e-18
0.0423011
1.21431e-17
0.0423011
8.67362e-18
0.0423011
5.20417e-18
0.0423011
2.42861e-17
0.0423011
3.46945e-18
0.0423011
2.60209e-17
0.0423011
8.67362e-18
0.0423011
1.38778e-17
0.0423011
6.93889e-18
0.0423011
2.60209e-17
0.0423011
8.67362e-18
0.0423011
1.38778e-17
0.0423011
-6.93889e-18
0.0423011
-8.67362e-18
0.0423011
-1.73472e-18
0.0423011
-3.46945e-18
0.0423011
2.08167e-17
0.0423011
2.94903e-17
0.0423011
1.21431e-17
0.0423011
1.38778e-17
0.0423011
-2.94903e-17
0.0423011
-6.93889e-18
0.0423011
1.38778e-17
0.0423011
1.56125e-17
0.0423011
2.42861e-17
0.0423011
2.08167e-17
-1.04083e-17
0.0423011
0.0423011
6.93889e-18
0.0423011
5.20417e-18
0.0423011
3.46945e-18
0.0423011
1.21431e-17
0.0423011
1.73472e-18
0.0423011
1.73472e-18
0.0423011
2.60209e-17
0.0423011
2.25514e-17
0.0423011
2.77556e-17
0.0423011
1.04083e-17
0.0423011
2.25514e-17
0.0423011
8.67362e-18
0.0423011
-8.67362e-18
0.0423011
6.93889e-18
0.0423011
3.46945e-18
0.0423011
3.46945e-18
0.0423011
-1.21431e-17
0.0423011
2.77556e-17
0.0423011
6.93889e-18
0.0423011
3.46945e-18
0.0423011
2.08167e-17
0.0423011
4.16334e-17
0.0423011
5.20417e-18
0.0423011
3.46945e-18
0.0423011
-1.38778e-17
0.0423011
-1.73472e-17
0.0423011
-1.21431e-17
0.0423011
1.73472e-18
0.0423011
0
0.0423011
-3.46945e-18
0.0423011
-2.42861e-17
0.0423011
2.77556e-17
0.0423011
-3.46945e-18
0.0423011
-1.9082e-17
0.0423011
1.21431e-17
0.0423011
3.64292e-17
0.0423011
1.04083e-17
-5.20417e-18
0.0423011
0.0423011
1.73472e-18
0.0423011
-2.08167e-17
0.0423011
-1.73472e-18
0.0423011
1.73472e-18
0.0423011
1.73472e-17
0.0423011
1.56125e-17
0.0423011
-2.25514e-17
0.0423011
6.93889e-18
0.0423011
-8.67362e-18
0.0423011
1.56125e-17
0.0423011
8.67362e-18
0.0423011
1.73472e-17
0.0423011
-1.73472e-18
0.0423011
2.42861e-17
0.0423011
6.93889e-18
0.0423011
3.29597e-17
0.0423011
3.1225e-17
0.0423011
-6.93889e-18
0.0423011
8.67362e-18
0.0423011
1.9082e-17
0.0423011
-1.73472e-18
0.0423011
1.56125e-17
0.0423011
2.77556e-17
0.0423011
4.85723e-17
0.0423011
2.77556e-17
0.0423011
3.29597e-17
0.0423011
1.38778e-17
0.0423011
8.67362e-18
0.0423011
6.93889e-18
0.0423011
0
0.0423011
5.0307e-17
0.0423011
1.73472e-18
0.0423011
3.46945e-18
0.0423011
1.73472e-18
0.0423011
2.60209e-17
0.0423011
3.1225e-17
0.0423011
1.73472e-17
5.20417e-18
0.0423011
0.0423011
-1.73472e-18
0.0423011
-1.73472e-18
0.0423011
-1.73472e-18
0.0423011
-3.46945e-18
0.0423011
-3.46945e-17
0.0423011
-1.73472e-18
0.0423011
1.56125e-17
0.0423011
-5.20417e-18
0.0423011
6.93889e-18
0.0423011
6.93889e-18
0.0423011
1.38778e-17
0.0423011
2.42861e-17
0.0423011
2.42861e-17
0.0423011
-3.46945e-18
0.0423011
5.20417e-18
0.0423011
1.21431e-17
0.0423011
2.60209e-17
0.0423011
2.08167e-17
0.0423011
1.56125e-17
0.0423011
1.04083e-17
0.0423011
8.67362e-18
0.0423011
1.73472e-17
0.0423011
1.38778e-17
0.0423011
1.73472e-17
0.0423011
4.16334e-17
0.0423011
1.9082e-17
0.0423011
2.42861e-17
0.0423011
3.46945e-17
0.0423011
-1.04083e-17
0.0423011
1.9082e-17
0.0423011
1.56125e-17
0.0423011
2.08167e-17
0.0423011
2.25514e-17
0.0423011
4.68375e-17
0.0423011
5.0307e-17
0.0423011
2.25514e-17
0.0423011
1.73472e-18
-6.93889e-18
0.0423011
0.0423011
0
0.0423011
-3.46945e-18
0.0423011
2.42861e-17
0.0423011
1.21431e-17
0.0423011
4.85723e-17
0.0423011
-3.46945e-18
0.0423011
-1.56125e-17
0.0423011
1.56125e-17
0.0423011
6.93889e-18
0.0423011
5.20417e-18
0.0423011
6.93889e-18
0.0423011
4.16334e-17
0.0423011
2.94903e-17
0.0423011
3.1225e-17
0.0423011
3.46945e-18
0.0423011
3.46945e-18
0.0423011
-1.38778e-17
0.0423011
2.08167e-17
0.0423011
2.77556e-17
0.0423011
3.1225e-17
0.0423011
3.29597e-17
0.0423011
2.60209e-17
0.0423011
2.60209e-17
0.0423011
2.94903e-17
0.0423011
-1.56125e-17
0.0423011
2.60209e-17
0.0423011
1.38778e-17
0.0423011
2.08167e-17
0.0423011
4.85723e-17
0.0423011
1.56125e-17
0.0423011
5.20417e-18
0.0423011
2.60209e-17
0.0423011
2.42861e-17
0.0423011
1.9082e-17
0.0423011
3.1225e-17
0.0423011
1.73472e-17
0.0423011
1.73472e-17
2.60209e-17
0.0423011
0.0423011
-3.46945e-18
0.0423011
1.04083e-17
0.0423011
-1.04083e-17
0.0423011
-6.93889e-18
0.0423011
-6.93889e-18
0.0423011
-1.56125e-17
0.0423011
-3.46945e-18
0.0423011
0
0.0423011
-1.21431e-17
0.0423011
-2.08167e-17
0.0423011
-1.04083e-17
0.0423011
6.93889e-18
0.0423011
-5.20417e-18
0.0423011
5.20417e-18
0.0423011
4.16334e-17
0.0423011
3.64292e-17
0.0423011
3.1225e-17
0.0423011
4.16334e-17
0.0423011
5.72459e-17
0.0423011
4.16334e-17
0.0423011
5.37764e-17
0.0423011
2.42861e-17
0.0423011
2.60209e-17
0.0423011
1.04083e-17
0.0423011
3.29597e-17
0.0423011
3.98986e-17
0.0423011
5.20417e-18
0.0423011
-8.67362e-18
0.0423011
1.56125e-17
0.0423011
5.20417e-18
0.0423011
-8.67362e-18
0.0423011
1.04083e-17
0.0423011
-2.60209e-17
0.0423011
-1.38778e-17
0.0423011
-2.08167e-17
0.0423011
-5.20417e-18
0.0423011
-6.93889e-18
-3.46945e-18
0.0423011
0.0423011
-1.04083e-17
0.0423011
-3.64292e-17
0.0423011
-1.38778e-17
0.0423011
-5.20417e-18
0.0423011
-3.29597e-17
0.0423011
-3.46945e-18
0.0423011
-1.73472e-18
0.0423011
-1.73472e-17
0.0423011
1.73472e-17
0.0423011
-3.46945e-18
0.0423011
-3.46945e-18
0.0423011
0
0.0423011
1.9082e-17
0.0423011
1.21431e-17
0.0423011
2.25514e-17
0.0423011
5.20417e-18
0.0423011
1.56125e-17
0.0423011
8.67362e-18
0.0423011
2.77556e-17
0.0423011
3.81639e-17
0.0423011
8.67362e-18
0.0423011
5.20417e-17
0.0423011
3.46945e-17
0.0423011
1.9082e-17
0.0423011
1.38778e-17
0.0423011
1.73472e-18
0.0423011
1.04083e-17
0.0423011
5.37764e-17
0.0423011
6.93889e-18
0.0423011
3.81639e-17
0.0423011
6.93889e-18
0.0423011
-6.93889e-18
0.0423011
0
0.0423011
3.46945e-18
0.0423011
2.08167e-17
0.0423011
-1.73472e-18
0.0423011
-1.21431e-17
-1.9082e-17
0.0423011
0.0423011
3.46945e-18
0.0423011
1.21431e-17
0.0423011
1.73472e-18
0.0423011
-3.46945e-18
0.0423011
1.73472e-18
0.0423011
2.60209e-17
0.0423011
5.20417e-18
0.0423011
1.73472e-18
0.0423011
-1.73472e-18
0.0423011
3.1225e-17
0.0423011
3.46945e-17
0.0423011
8.67362e-18
0.0423011
-5.20417e-18
0.0423011
8.67362e-18
0.0423011
2.60209e-17
0.0423011
2.08167e-17
0.0423011
1.04083e-17
0.0423011
1.73472e-17
0.0423011
1.21431e-17
0.0423011
3.81639e-17
0.0423011
5.20417e-17
0.0423011
2.94903e-17
0.0423011
2.25514e-17
0.0423011
2.60209e-17
0.0423011
1.21431e-17
0.0423011
-8.67362e-18
0.0423011
0
0.0423011
3.46945e-18
0.0423011
6.93889e-18
0.0423011
-1.38778e-17
0.0423011
-3.1225e-17
0.0423011
-5.37764e-17
0.0423011
-5.20417e-18
0.0423011
0
0.0423011
-1.38778e-17
0.0423011
6.93889e-18
0.0423011
1.73472e-18
2.94903e-17
0.0423011
0.0423011
3.46945e-18
0.0423011
-1.56125e-17
0.0423011
-6.93889e-18
0.0423011
3.46945e-17
0.0423011
0
0.0423011
-1.38778e-17
0.0423011
5.20417e-18
0.0423011
3.1225e-17
0.0423011
2.25514e-17
0.0423011
-1.73472e-18
0.0423011
-1.38778e-17
0.0423011
0
0.0423011
-6.93889e-18
0.0423011
-3.46945e-18
0.0423011
-1.38778e-17
0.0423011
1.9082e-17
0.0423011
2.25514e-17
0.0423011
1.21431e-17
0.0423011
1.73472e-17
0.0423011
6.93889e-18
0.0423011
3.46945e-18
0.0423011
1.9082e-17
0.0423011
2.08167e-17
0.0423011
1.73472e-18
0.0423011
-4.51028e-17
0.0423011
-3.46945e-17
0.0423011
1.04083e-17
0.0423011
-1.73472e-18
0.0423011
-1.56125e-17
0.0423011
8.67362e-18
0.0423011
6.07153e-17
0.0423011
1.9082e-17
0.0423011
-6.93889e-18
0.0423011
-3.29597e-17
0.0423011
1.21431e-17
0.0423011
-1.56125e-17
0.0423011
1.73472e-17
-1.04083e-17
0.0423011
0.0423011
1.38778e-17
0.0423011
8.67362e-18
0.0423011
3.46945e-18
0.0423011
-1.73472e-17
0.0423011
1.56125e-17
0.0423011
8.67362e-18
0.0423011
-2.60209e-17
0.0423011
-5.20417e-18
0.0423011
0
0.0423011
8.67362e-18
0.0423011
1.38778e-17
0.0423011
-1.73472e-18
0.0423011
-1.73472e-18
0.0423011
-1.73472e-18
0.0423011
6.93889e-18
0.0423011
-1.21431e-17
0.0423011
-2.08167e-17
0.0423011
3.46945e-18
0.0423011
-1.73472e-18
0.0423011
1.9082e-17
0.0423011
3.46945e-17
0.0423011
3.46945e-18
0.0423011
-5.20417e-18
0.0423011
1.73472e-18
0.0423011
3.46945e-18
0.0423011
1.56125e-17
0.0423011
-1.73472e-17
0.0423011
3.46945e-18
0.0423011
2.25514e-17
0.0423011
2.94903e-17
0.0423011
-5.20417e-18
0.0423011
3.46945e-18
0.0423011
2.08167e-17
0.0423011
2.60209e-17
0.0423011
1.56125e-17
0.0423011
3.1225e-17
0.0423011
-1.38778e-17
-8.67362e-18
0.0423011
0.0423011
-5.20417e-18
0.0423011
3.46945e-18
0.0423011
1.38778e-17
0.0423011
8.67362e-18
0.0423011
1.38778e-17
0.0423011
-8.67362e-18
0.0423011
6.93889e-18
0.0423011
1.73472e-18
0.0423011
-6.93889e-18
0.0423011
1.73472e-17
0.0423011
6.93889e-18
0.0423011
-8.67362e-18
0.0423011
1.04083e-17
0.0423011
3.46945e-18
0.0423011
-3.46945e-17
0.0423011
-6.93889e-18
0.0423011
1.73472e-18
0.0423011
-3.29597e-17
0.0423011
-1.73472e-17
0.0423011
-2.42861e-17
0.0423011
-1.9082e-17
0.0423011
-1.9082e-17
0.0423011
-1.73472e-18
0.0423011
3.46945e-17
0.0423011
3.29597e-17
0.0423011
2.77556e-17
0.0423011
3.1225e-17
0.0423011
3.1225e-17
0.0423011
5.20417e-17
0.0423011
3.46945e-17
0.0423011
3.64292e-17
0.0423011
4.68375e-17
0.0423011
5.72459e-17
0.0423011
2.25514e-17
0.0423011
-1.73472e-18
0.0423011
-6.93889e-18
0.0423011
2.42861e-17
8.67362e-18
0.0423011
0.0423011
1.04083e-17
0.0423011
1.04083e-17
0.0423011
2.25514e-17
0.0423011
2.08167e-17
0.0423011
-3.46945e-18
0.0423011
-8.67362e-18
0.0423011
3.46945e-18
0.0423011
-1.21431e-17
0.0423011
-1.73472e-17
0.0423011
-3.29597e-17
0.0423011
1.73472e-18
0.0423011
3.81639e-17
0.0423011
2.42861e-17
0.0423011
3.64292e-17
0.0423011
1.38778e-17
0.0423011
1.73472e-18
0.0423011
-2.42861e-17
0.0423011
-6.93889e-18
0.0423011
1.56125e-17
0.0423011
8.67362e-18
0.0423011
-8.67362e-18
0.0423011
6.93889e-18
0.0423011
6.41848e-17
0.0423011
2.42861e-17
0.0423011
-8.67362e-18
0.0423011
3.46945e-17
0.0423011
3.98986e-17
0.0423011
3.46945e-17
0.0423011
-2.25514e-17
0.0423011
3.81639e-17
0.0423011
3.1225e-17
0.0423011
2.77556e-17
0.0423011
1.56125e-17
0.0423011
1.04083e-17
0.0423011
1.9082e-17
0.0423011
1.56125e-17
0.0423011
-6.93889e-18
-3.98986e-17
0.0423011
0.0423011
-3.46945e-18
0.0423011
3.46945e-18
0.0423011
-8.67362e-18
0.0423011
-1.73472e-18
0.0423011
-5.20417e-18
0.0423011
0
0.0423011
-2.42861e-17
0.0423011
-1.73472e-17
0.0423011
1.38778e-17
0.0423011
0
0.0423011
-3.46945e-18
0.0423011
3.46945e-18
0.0423011
1.73472e-18
0.0423011
-5.20417e-18
0.0423011
3.81639e-17
0.0423011
8.67362e-18
0.0423011
1.21431e-17
0.0423011
1.38778e-17
0.0423011
1.73472e-18
0.0423011
-2.42861e-17
0.0423011
4.33681e-17
0.0423011
8.67362e-18
0.0423011
-1.56125e-17
0.0423011
6.93889e-18
0.0423011
3.98986e-17
0.0423011
1.21431e-17
0.0423011
3.98986e-17
0.0423011
2.60209e-17
0.0423011
5.72459e-17
0.0423011
1.56125e-17
0.0423011
1.73472e-17
0.0423011
1.56125e-17
0.0423011
3.46945e-18
0.0423011
8.67362e-18
0.0423011
0
0.0423011
-8.67362e-18
0.0423011
-5.20417e-18
5.20417e-18
0.0423011
0.0423011
-3.46945e-18
0.0423011
-6.93889e-18
0.0423011
-2.94903e-17
0.0423011
-2.94903e-17
0.0423011
-1.56125e-17
0.0423011
-5.20417e-18
0.0423011
-5.20417e-18
0.0423011
-1.73472e-18
0.0423011
0
0.0423011
1.73472e-17
0.0423011
2.42861e-17
0.0423011
6.93889e-18
0.0423011
0
0.0423011
-2.77556e-17
0.0423011
-3.46945e-17
0.0423011
-1.9082e-17
0.0423011
1.38778e-17
0.0423011
3.46945e-18
0.0423011
6.93889e-18
0.0423011
1.21431e-17
0.0423011
-1.56125e-17
0.0423011
3.46945e-18
0.0423011
1.9082e-17
0.0423011
5.20417e-18
0.0423011
2.42861e-17
0.0423011
3.46945e-17
0.0423011
-5.20417e-18
0.0423011
-1.73472e-18
0.0423011
1.21431e-17
0.0423011
1.73472e-17
0.0423011
2.94903e-17
0.0423011
5.20417e-18
0.0423011
6.93889e-18
0.0423011
1.73472e-17
0.0423011
1.73472e-17
0.0423011
8.67362e-18
0.0423011
1.73472e-18
1.04083e-17
0.0423011
0.0423011
-1.73472e-18
0.0423011
-1.73472e-18
0.0423011
-1.56125e-17
0.0423011
-1.73472e-18
0.0423011
-1.21431e-17
0.0423011
1.04083e-17
0.0423011
1.73472e-18
0.0423011
-8.67362e-18
0.0423011
-1.38778e-17
0.0423011
-8.67362e-18
0.0423011
-2.25514e-17
0.0423011
6.93889e-18
0.0423011
3.46945e-18
0.0423011
-8.67362e-18
0.0423011
-2.42861e-17
0.0423011
-1.9082e-17
0.0423011
-1.04083e-17
0.0423011
-1.73472e-18
0.0423011
-5.20417e-18
0.0423011
-1.56125e-17
0.0423011
2.42861e-17
0.0423011
1.04083e-17
0.0423011
6.93889e-18
0.0423011
6.93889e-18
0.0423011
1.38778e-17
0.0423011
-2.08167e-17
0.0423011
1.38778e-17
0.0423011
1.21431e-17
0.0423011
2.25514e-17
0.0423011
2.60209e-17
0.0423011
6.93889e-18
0.0423011
1.56125e-17
0.0423011
2.25514e-17
0.0423011
6.93889e-18
0.0423011
8.67362e-18
0.0423011
1.73472e-18
0.0423011
-3.46945e-18
8.67362e-18
0.0423011
0.0423011
-5.20417e-18
0.0423011
-1.04083e-17
0.0423011
6.93889e-18
0.0423011
-6.93889e-18
0.0423011
8.67362e-18
0.0423011
2.42861e-17
0.0423011
3.64292e-17
0.0423011
1.73472e-18
0.0423011
-8.67362e-18
0.0423011
-1.9082e-17
0.0423011
-6.93889e-18
0.0423011
-1.9082e-17
0.0423011
-1.04083e-17
0.0423011
1.73472e-18
0.0423011
-6.93889e-18
0.0423011
-3.46945e-18
0.0423011
-1.56125e-17
0.0423011
2.25514e-17
0.0423011
-6.93889e-18
0.0423011
0
0.0423011
-2.60209e-17
0.0423011
-1.21431e-17
0.0423011
0
0.0423011
8.67362e-18
0.0423011
0
0.0423011
2.60209e-17
0.0423011
2.25514e-17
0.0423011
2.42861e-17
0.0423011
2.25514e-17
0.0423011
4.33681e-17
0.0423011
1.73472e-17
0.0423011
-5.20417e-18
0.0423011
5.20417e-18
0.0423011
-1.73472e-18
0.0423011
6.93889e-18
0.0423011
3.46945e-18
0.0423011
-6.93889e-18
1.21431e-17
0.0423011
0.0423011
3.46945e-18
0.0423011
8.67362e-18
0.0423011
3.64292e-17
0.0423011
2.60209e-17
0.0423011
3.46945e-18
0.0423011
1.73472e-18
0.0423011
-1.9082e-17
0.0423011
1.73472e-17
0.0423011
1.38778e-17
0.0423011
1.38778e-17
0.0423011
-1.73472e-17
0.0423011
-3.46945e-17
0.0423011
-4.16334e-17
0.0423011
-6.93889e-18
0.0423011
2.25514e-17
0.0423011
-3.46945e-18
0.0423011
-8.67362e-18
0.0423011
-2.94903e-17
0.0423011
5.20417e-18
0.0423011
5.20417e-18
0.0423011
-6.93889e-18
0.0423011
0
0.0423011
-3.1225e-17
0.0423011
-1.38778e-17
0.0423011
1.04083e-17
0.0423011
1.56125e-17
0.0423011
-1.21431e-17
0.0423011
1.56125e-17
0.0423011
-2.08167e-17
0.0423011
-1.73472e-18
0.0423011
1.21431e-17
0.0423011
1.38778e-17
0.0423011
1.56125e-17
0.0423011
6.93889e-18
0.0423011
5.20417e-18
0.0423011
1.56125e-17
0.0423011
8.67362e-18
-3.46945e-18
0.0423011
0.0423011
0
0.0423011
-1.04083e-17
0.0423011
-5.20417e-18
0.0423011
1.9082e-17
0.0423011
-1.73472e-18
0.0423011
-1.56125e-17
0.0423011
1.73472e-18
0.0423011
2.94903e-17
0.0423011
1.04083e-17
0.0423011
1.04083e-17
0.0423011
-3.81639e-17
0.0423011
-3.29597e-17
0.0423011
-2.25514e-17
0.0423011
-1.04083e-17
0.0423011
-2.77556e-17
0.0423011
-2.60209e-17
0.0423011
-1.73472e-17
0.0423011
8.67362e-18
0.0423011
-4.51028e-17
0.0423011
-1.9082e-17
0.0423011
-1.73472e-17
0.0423011
-6.93889e-18
0.0423011
-1.04083e-17
0.0423011
-1.21431e-17
0.0423011
-6.93889e-18
0.0423011
-1.73472e-18
0.0423011
1.04083e-17
0.0423011
-1.38778e-17
0.0423011
-6.93889e-18
0.0423011
-1.73472e-18
0.0423011
0
0.0423011
2.25514e-17
0.0423011
1.56125e-17
0.0423011
2.94903e-17
0.0423011
1.73472e-17
0.0423011
1.04083e-17
0.0423011
1.73472e-17
-1.21431e-17
0.0423011
0.0423011
0
0.0423011
2.94903e-17
0.0423011
-3.46945e-18
0.0423011
1.21431e-17
0.0423011
4.85723e-17
0.0423011
1.9082e-17
0.0423011
1.21431e-17
0.0423011
-5.20417e-18
0.0423011
0
0.0423011
-1.73472e-18
0.0423011
-1.21431e-17
0.0423011
-1.73472e-18
0.0423011
3.46945e-18
0.0423011
-3.46945e-18
0.0423011
-2.08167e-17
0.0423011
-3.46945e-18
0.0423011
-1.73472e-18
0.0423011
-1.73472e-18
0.0423011
1.9082e-17
0.0423011
0
0.0423011
1.9082e-17
0.0423011
-2.94903e-17
0.0423011
-6.93889e-18
0.0423011
-1.21431e-17
0.0423011
-6.93889e-18
0.0423011
-1.9082e-17
0.0423011
6.93889e-18
0.0423011
-5.20417e-18
0.0423011
-8.67362e-18
0.0423011
1.73472e-17
0.0423011
0
0.0423011
-1.38778e-17
0.0423011
1.9082e-17
0.0423011
8.67362e-18
0.0423011
1.73472e-17
0.0423011
-1.73472e-18
0.0423011
1.04083e-17
8.67362e-18
0.0423011
0.0423011
3.46945e-18
0.0423011
1.73472e-18
0.0423011
2.60209e-17
0.0423011
-1.73472e-18
0.0423011
8.67362e-18
0.0423011
1.9082e-17
0.0423011
1.9082e-17
0.0423011
6.93889e-18
0.0423011
-8.67362e-18
0.0423011
-1.73472e-17
0.0423011
3.46945e-18
0.0423011
1.38778e-17
0.0423011
-1.9082e-17
0.0423011
3.46945e-18
0.0423011
3.46945e-18
0.0423011
-1.73472e-18
0.0423011
1.73472e-17
0.0423011
3.46945e-18
0.0423011
-8.67362e-18
0.0423011
3.46945e-18
0.0423011
-5.20417e-18
0.0423011
-3.46945e-18
0.0423011
3.46945e-18
0.0423011
-1.04083e-17
0.0423011
-2.08167e-17
0.0423011
-2.25514e-17
0.0423011
-3.46945e-18
0.0423011
2.42861e-17
0.0423011
3.46945e-18
0.0423011
-1.38778e-17
0.0423011
5.20417e-18
0.0423011
1.9082e-17
0.0423011
-1.38778e-17
0.0423011
1.04083e-17
0.0423011
1.9082e-17
0.0423011
0
0.0423011
-8.67362e-18
-6.93889e-18
0.0423011
0.0423011
-5.20417e-18
0.0423011
1.73472e-18
0.0423011
8.67362e-18
0.0423011
1.04083e-17
0.0423011
6.93889e-18
0.0423011
1.73472e-18
0.0423011
6.93889e-18
0.0423011
-5.20417e-18
0.0423011
1.73472e-18
0.0423011
1.73472e-18
0.0423011
1.04083e-17
0.0423011
1.04083e-17
0.0423011
-5.20417e-18
0.0423011
-5.20417e-17
0.0423011
0
0.0423011
-1.9082e-17
0.0423011
-2.08167e-17
0.0423011
-8.67362e-18
0.0423011
-6.93889e-18
0.0423011
-8.67362e-18
0.0423011
-6.93889e-18
0.0423011
6.93889e-18
0.0423011
-8.67362e-18
0.0423011
-1.73472e-18
0.0423011
-1.56125e-17
0.0423011
-3.46945e-18
0.0423011
-1.73472e-18
0.0423011
-3.1225e-17
0.0423011
-5.20417e-18
0.0423011
1.04083e-17
0.0423011
-5.20417e-18
0.0423011
-1.9082e-17
0.0423011
-6.245e-17
0.0423011
-5.89806e-17
0.0423011
-4.16334e-17
0.0423011
-3.46945e-18
0.0423011
-1.73472e-18
0
0.0423011
0.0423011
1.73472e-17
0.0423011
0
0.0423011
3.46945e-18
0.0423011
-1.73472e-18
0.0423011
-1.73472e-17
0.0423011
-2.08167e-17
0.0423011
-2.25514e-17
0.0423011
-3.29597e-17
0.0423011
1.9082e-17
0.0423011
6.93889e-18
0.0423011
2.25514e-17
0.0423011
8.67362e-18
0.0423011
1.73472e-18
0.0423011
5.20417e-18
0.0423011
-3.64292e-17
0.0423011
-3.98986e-17
0.0423011
-2.94903e-17
0.0423011
-1.38778e-17
0.0423011
8.67362e-18
0.0423011
-6.93889e-18
0.0423011
-8.67362e-18
0.0423011
-1.73472e-18
0.0423011
-2.08167e-17
0.0423011
-1.38778e-17
0.0423011
1.73472e-18
0.0423011
-5.20417e-18
0.0423011
-1.73472e-17
0.0423011
-6.93889e-18
0.0423011
-1.21431e-17
0.0423011
-2.42861e-17
0.0423011
-1.38778e-17
0.0423011
-4.33681e-17
0.0423011
1.21431e-17
0.0423011
5.20417e-18
0.0423011
5.20417e-18
0.0423011
2.42861e-17
0.0423011
5.55112e-17
6.07153e-17
0.0423011
0.0423011
-1.04083e-17
0.0423011
-1.73472e-17
0.0423011
-3.46945e-17
0.0423011
-3.81639e-17
0.0423011
-1.38778e-17
0.0423011
-1.21431e-17
0.0423011
-1.04083e-17
0.0423011
1.73472e-18
0.0423011
0
0.0423011
-1.73472e-18
0.0423011
8.67362e-18
0.0423011
1.38778e-17
0.0423011
1.04083e-17
0.0423011
2.77556e-17
0.0423011
1.04083e-17
0.0423011
3.46945e-17
0.0423011
-1.56125e-17
0.0423011
-6.93889e-18
0.0423011
-3.29597e-17
0.0423011
-3.98986e-17
0.0423011
8.67362e-18
0.0423011
3.46945e-18
0.0423011
0
0.0423011
-2.42861e-17
0.0423011
0
0.0423011
-1.21431e-17
0.0423011
-1.21431e-17
0.0423011
-1.9082e-17
0.0423011
-8.67362e-18
0.0423011
-1.56125e-17
0.0423011
-2.42861e-17
0.0423011
-1.73472e-18
0.0423011
-1.73472e-18
0.0423011
1.38778e-17
0.0423011
1.9082e-17
0.0423011
1.38778e-17
0.0423011
2.60209e-17
2.42861e-17
0.0423011
0.0423011
-3.46945e-18
0.0423011
1.73472e-18
0.0423011
-3.46945e-18
0.0423011
-5.20417e-18
0.0423011
1.04083e-17
0.0423011
3.1225e-17
0.0423011
2.60209e-17
0.0423011
8.67362e-18
0.0423011
-2.94903e-17
0.0423011
-1.73472e-17
0.0423011
-2.60209e-17
0.0423011
2.42861e-17
0.0423011
5.0307e-17
0.0423011
4.16334e-17
0.0423011
2.94903e-17
0.0423011
2.25514e-17
0.0423011
8.67362e-18
0.0423011
0
0.0423011
-5.20417e-18
0.0423011
8.67362e-18
0.0423011
-2.60209e-17
0.0423011
-3.46945e-18
0.0423011
1.38778e-17
0.0423011
5.20417e-18
0.0423011
1.04083e-17
0.0423011
1.73472e-18
0.0423011
-6.93889e-18
0.0423011
6.93889e-18
0.0423011
1.73472e-18
0.0423011
-1.73472e-17
0.0423011
-6.93889e-18
0.0423011
1.38778e-17
0.0423011
3.46945e-18
0.0423011
1.04083e-17
0.0423011
-3.46945e-18
0.0423011
-3.46945e-18
0.0423011
0
0
0.0423011
0.0423011
0
0.0423011
-1.04083e-17
0.0423011
1.04083e-17
0.0423011
2.60209e-17
0.0423011
-3.1225e-17
0.0423011
-2.08167e-17
0.0423011
1.73472e-18
0.0423011
3.46945e-18
0.0423011
5.20417e-18
0.0423011
1.04083e-17
0.0423011
2.08167e-17
0.0423011
0
0.0423011
1.73472e-17
0.0423011
1.73472e-18
0.0423011
1.73472e-17
0.0423011
2.42861e-17
0.0423011
1.56125e-17
0.0423011
1.21431e-17
0.0423011
2.60209e-17
0.0423011
1.04083e-17
0.0423011
-3.46945e-18
0.0423011
1.9082e-17
0.0423011
-2.25514e-17
0.0423011
0
0.0423011
6.93889e-18
0.0423011
1.73472e-17
0.0423011
1.73472e-17
0.0423011
1.38778e-17
0.0423011
-5.20417e-18
0.0423011
-5.20417e-18
0.0423011
6.93889e-18
0.0423011
1.56125e-17
0.0423011
6.93889e-18
0.0423011
1.56125e-17
0.0423011
3.81639e-17
0.0423011
8.67362e-18
0.0423011
6.93889e-18
2.42861e-17
0.0423011
0.0423011
-1.73472e-18
0.0423011
-1.73472e-18
0.0423011
-5.20417e-18
0.0423011
-5.20417e-18
0.0423011
1.73472e-18
0.0423011
-1.73472e-18
0.0423011
3.46945e-18
0.0423011
3.46945e-18
0.0423011
1.73472e-17
0.0423011
3.98986e-17
0.0423011
2.60209e-17
0.0423011
3.46945e-18
0.0423011
6.93889e-18
0.0423011
2.08167e-17
0.0423011
3.29597e-17
0.0423011
2.25514e-17
0.0423011
3.1225e-17
0.0423011
4.33681e-17
0.0423011
0
0.0423011
-8.67362e-18
0.0423011
1.73472e-18
0.0423011
-1.56125e-17
0.0423011
2.77556e-17
0.0423011
-6.93889e-18
0.0423011
1.73472e-18
0.0423011
-1.04083e-17
0.0423011
-2.42861e-17
0.0423011
6.93889e-18
0.0423011
2.60209e-17
0.0423011
2.77556e-17
0.0423011
2.60209e-17
0.0423011
1.04083e-17
0.0423011
-2.77556e-17
0.0423011
-1.73472e-18
0.0423011
-2.94903e-17
0.0423011
-3.46945e-18
0.0423011
-2.25514e-17
-1.21431e-17
0.0423011
0.0423011
1.9082e-17
0.0423011
-3.64292e-17
0.0423011
-8.67362e-18
0.0423011
-1.9082e-17
0.0423011
-8.67362e-18
0.0423011
-1.04083e-17
0.0423011
3.46945e-18
0.0423011
5.20417e-18
0.0423011
2.25514e-17
0.0423011
2.08167e-17
0.0423011
3.81639e-17
0.0423011
6.93889e-18
0.0423011
8.67362e-18
0.0423011
6.93889e-18
0.0423011
-5.20417e-18
0.0423011
1.73472e-17
0.0423011
3.46945e-18
0.0423011
1.73472e-18
0.0423011
6.93889e-18
0.0423011
-2.08167e-17
0.0423011
-2.08167e-17
0.0423011
-2.77556e-17
0.0423011
-3.46945e-17
0.0423011
6.93889e-18
0.0423011
3.46945e-18
0.0423011
-6.93889e-18
0.0423011
5.20417e-18
0.0423011
-1.04083e-17
0.0423011
3.46945e-18
0.0423011
1.73472e-18
0.0423011
1.38778e-17
0.0423011
1.04083e-17
0.0423011
5.20417e-18
0.0423011
-1.38778e-17
0.0423011
1.9082e-17
0.0423011
2.94903e-17
0.0423011
1.73472e-17
-1.73472e-17
0.0423011
0.0423011
-6.93889e-18
0.0423011
3.46945e-18
0.0423011
-6.93889e-18
0.0423011
-3.46945e-18
0.0423011
5.20417e-18
0.0423011
-3.46945e-18
0.0423011
-2.08167e-17
0.0423011
1.04083e-17
0.0423011
2.25514e-17
0.0423011
1.38778e-17
0.0423011
8.67362e-18
0.0423011
2.60209e-17
0.0423011
-5.20417e-18
0.0423011
-2.08167e-17
0.0423011
-5.20417e-18
0.0423011
2.60209e-17
0.0423011
1.9082e-17
0.0423011
3.46945e-18
0.0423011
2.08167e-17
0.0423011
1.21431e-17
0.0423011
3.46945e-18
0.0423011
-5.20417e-18
0.0423011
-6.93889e-18
0.0423011
-8.67362e-18
0.0423011
-1.21431e-17
0.0423011
-1.73472e-18
0.0423011
-3.29597e-17
0.0423011
-8.67362e-18
0.0423011
-1.73472e-17
0.0423011
-1.56125e-17
0.0423011
-1.73472e-17
0.0423011
0
0.0423011
-2.42861e-17
0.0423011
-1.21431e-17
0.0423011
-1.04083e-17
0.0423011
-2.60209e-17
0.0423011
-5.0307e-17
-2.42861e-17
0.0423011
0.0423011
-3.46945e-18
0.0423011
-1.73472e-18
0.0423011
1.56125e-17
0.0423011
-6.93889e-18
0.0423011
-6.93889e-18
0.0423011
1.73472e-18
0.0423011
8.67362e-18
0.0423011
-3.46945e-18
0.0423011
-5.20417e-18
0.0423011
-1.04083e-17
0.0423011
-3.46945e-18
0.0423011
-1.73472e-18
0.0423011
1.04083e-17
0.0423011
1.38778e-17
0.0423011
2.60209e-17
0.0423011
-1.38778e-17
0.0423011
-1.73472e-17
0.0423011
-5.20417e-18
0.0423011
-1.04083e-17
0.0423011
-5.20417e-18
0.0423011
1.04083e-17
0.0423011
6.93889e-18
0.0423011
1.73472e-18
0.0423011
-1.04083e-17
0.0423011
-1.73472e-18
0.0423011
-1.9082e-17
0.0423011
1.21431e-17
0.0423011
1.38778e-17
0.0423011
-3.1225e-17
0.0423011
-1.9082e-17
0.0423011
-1.38778e-17
0.0423011
0
0.0423011
-1.38778e-17
0.0423011
-1.9082e-17
0.0423011
-5.72459e-17
0.0423011
-3.81639e-17
0.0423011
-2.60209e-17
-5.20417e-18
0.0423011
0.0423011
-3.46945e-18
0.0423011
2.77556e-17
0.0423011
-1.04083e-17
0.0423011
1.56125e-17
0.0423011
8.67362e-18
0.0423011
1.04083e-17
0.0423011
5.20417e-18
0.0423011
1.56125e-17
0.0423011
-2.60209e-17
0.0423011
-1.73472e-18
0.0423011
8.67362e-18
0.0423011
1.04083e-17
0.0423011
8.67362e-18
0.0423011
1.73472e-18
0.0423011
-2.08167e-17
0.0423011
-6.93889e-18
0.0423011
-6.93889e-18
0.0423011
-1.04083e-17
0.0423011
-1.56125e-17
0.0423011
2.77556e-17
0.0423011
-1.9082e-17
0.0423011
5.20417e-18
0.0423011
1.04083e-17
0.0423011
8.67362e-18
0.0423011
-1.04083e-17
0.0423011
2.08167e-17
0.0423011
1.73472e-17
0.0423011
6.93889e-18
0.0423011
2.25514e-17
0.0423011
5.20417e-18
0.0423011
-1.38778e-17
0.0423011
-2.25514e-17
0.0423011
0
0.0423011
-4.16334e-17
0.0423011
-4.33681e-17
0.0423011
-5.72459e-17
0.0423011
-2.60209e-17
-2.25514e-17
0.0423011
0.0423011
1.73472e-18
0.0423011
0
0.0423011
4.68375e-17
0.0423011
2.60209e-17
0.0423011
3.29597e-17
0.0423011
1.9082e-17
0.0423011
1.21431e-17
0.0423011
0
0.0423011
1.73472e-18
0.0423011
0
0.0423011
1.73472e-18
0.0423011
6.93889e-18
0.0423011
-8.67362e-18
0.0423011
-3.46945e-18
0.0423011
8.67362e-18
0.0423011
1.38778e-17
0.0423011
1.73472e-18
0.0423011
3.46945e-18
0.0423011
-6.93889e-18
0.0423011
-1.04083e-17
0.0423011
1.73472e-18
0.0423011
-3.46945e-18
0.0423011
-3.46945e-18
0.0423011
5.20417e-18
0.0423011
1.9082e-17
0.0423011
3.46945e-18
0.0423011
3.46945e-18
0.0423011
-2.08167e-17
0.0423011
1.73472e-17
0.0423011
3.1225e-17
0.0423011
6.93889e-18
0.0423011
-1.38778e-17
0.0423011
-8.67362e-18
0.0423011
3.81639e-17
0.0423011
-1.04083e-17
0.0423011
-2.60209e-17
0.0423011
-2.08167e-17
-6.93889e-18
0.0423011
0.0423011
-1.73472e-18
0.0423011
-1.73472e-18
0.0423011
8.67362e-18
0.0423011
2.77556e-17
0.0423011
-3.29597e-17
0.0423011
-1.73472e-17
0.0423011
-1.9082e-17
0.0423011
-1.04083e-17
0.0423011
2.42861e-17
0.0423011
-1.73472e-18
0.0423011
-5.20417e-18
0.0423011
1.73472e-18
0.0423011
-6.93889e-18
0.0423011
-3.46945e-18
0.0423011
-2.42861e-17
0.0423011
6.93889e-18
0.0423011
-1.04083e-17
0.0423011
-6.93889e-18
0.0423011
-3.46945e-18
0.0423011
-2.42861e-17
0.0423011
-1.9082e-17
0.0423011
-1.21431e-17
0.0423011
3.46945e-18
0.0423011
-1.56125e-17
0.0423011
-5.20417e-18
0.0423011
0
0.0423011
5.72459e-17
0.0423011
5.37764e-17
0.0423011
4.16334e-17
0.0423011
3.1225e-17
0.0423011
6.93889e-18
0.0423011
6.93889e-18
0.0423011
-8.67362e-18
0.0423011
-1.21431e-17
0.0423011
-1.38778e-17
0.0423011
-6.93889e-18
0.0423011
-1.73472e-18
3.46945e-18
0.0423011
0.0423011
1.73472e-18
0.0423011
0
0.0423011
-1.73472e-18
0.0423011
-1.21431e-17
0.0423011
-1.73472e-18
0.0423011
5.20417e-18
0.0423011
-8.67362e-18
0.0423011
-6.93889e-18
0.0423011
-1.04083e-17
0.0423011
5.20417e-18
0.0423011
-1.21431e-17
0.0423011
-1.9082e-17
0.0423011
-2.60209e-17
0.0423011
-6.93889e-18
0.0423011
1.04083e-17
0.0423011
-5.20417e-18
0.0423011
1.9082e-17
0.0423011
-8.67362e-18
0.0423011
-1.04083e-17
0.0423011
-3.46945e-18
0.0423011
-1.04083e-17
0.0423011
-1.38778e-17
0.0423011
-2.94903e-17
0.0423011
-5.20417e-18
0.0423011
3.46945e-18
0.0423011
-3.46945e-18
0.0423011
-6.93889e-18
0.0423011
3.46945e-18
0.0423011
1.04083e-17
0.0423011
1.56125e-17
0.0423011
5.55112e-17
0.0423011
2.77556e-17
0.0423011
2.08167e-17
0.0423011
2.42861e-17
0.0423011
3.29597e-17
0.0423011
1.9082e-17
0.0423011
-1.73472e-18
-1.56125e-17
0.0423011
0.0423011
8.67362e-18
0.0423011
8.67362e-18
0.0423011
-2.08167e-17
0.0423011
-8.67362e-18
0.0423011
6.93889e-18
0.0423011
0
0.0423011
2.94903e-17
0.0423011
1.21431e-17
0.0423011
1.38778e-17
0.0423011
-1.73472e-18
0.0423011
-6.93889e-18
0.0423011
2.42861e-17
0.0423011
6.93889e-18
0.0423011
0
0.0423011
-2.25514e-17
0.0423011
-1.73472e-17
0.0423011
-2.60209e-17
0.0423011
-1.9082e-17
0.0423011
-1.04083e-17
0.0423011
-3.46945e-18
0.0423011
-6.93889e-18
0.0423011
5.20417e-18
0.0423011
-2.25514e-17
0.0423011
-1.73472e-17
0.0423011
8.67362e-18
0.0423011
8.67362e-18
0.0423011
-1.56125e-17
0.0423011
-1.9082e-17
0.0423011
-1.04083e-17
0.0423011
-2.42861e-17
0.0423011
-1.04083e-17
0.0423011
1.56125e-17
0.0423011
2.08167e-17
0.0423011
-5.20417e-18
0.0423011
-3.46945e-18
0.0423011
-1.38778e-17
0.0423011
-8.67362e-18
-1.21431e-17
0.0423011
0.0423011
-1.73472e-17
0.0423011
1.73472e-18
0.0423011
0
0.0423011
2.08167e-17
0.0423011
3.46945e-18
0.0423011
1.38778e-17
0.0423011
2.42861e-17
0.0423011
5.20417e-18
0.0423011
-1.56125e-17
0.0423011
-1.73472e-18
0.0423011
-1.73472e-18
0.0423011
-2.77556e-17
0.0423011
1.9082e-17
0.0423011
1.9082e-17
0.0423011
1.9082e-17
0.0423011
-2.08167e-17
0.0423011
-3.1225e-17
0.0423011
6.93889e-18
0.0423011
-8.67362e-18
0.0423011
0
0.0423011
-8.67362e-18
0.0423011
-3.1225e-17
0.0423011
-1.9082e-17
0.0423011
-1.73472e-18
0.0423011
-1.04083e-17
0.0423011
-1.04083e-17
0.0423011
-8.67362e-18
0.0423011
-1.04083e-17
0.0423011
-4.68375e-17
0.0423011
-1.21431e-17
0.0423011
-2.94903e-17
0.0423011
-1.04083e-17
0.0423011
-6.93889e-18
0.0423011
-1.21431e-17
0.0423011
-2.77556e-17
0.0423011
0
0.0423011
1.73472e-17
2.42861e-17
0.0423011
0.0423011
1.38778e-17
0.0423011
-5.20417e-18
0.0423011
1.9082e-17
0.0423011
3.46945e-18
0.0423011
1.21431e-17
0.0423011
-6.93889e-18
0.0423011
-2.25514e-17
0.0423011
2.08167e-17
0.0423011
0
0.0423011
1.73472e-17
0.0423011
1.38778e-17
0.0423011
2.77556e-17
0.0423011
-6.93889e-18
0.0423011
1.04083e-17
0.0423011
1.56125e-17
0.0423011
0
0.0423011
1.21431e-17
0.0423011
6.93889e-18
0.0423011
3.46945e-18
0.0423011
3.46945e-18
0.0423011
1.73472e-17
0.0423011
2.60209e-17
0.0423011
-8.67362e-18
0.0423011
5.20417e-18
0.0423011
-1.21431e-17
0.0423011
-1.73472e-17
0.0423011
-3.1225e-17
0.0423011
-3.29597e-17
0.0423011
-1.56125e-17
0.0423011
-3.29597e-17
0.0423011
-1.04083e-17
0.0423011
-8.67362e-18
0.0423011
-3.46945e-18
0.0423011
8.67362e-18
0.0423011
1.04083e-17
0.0423011
2.08167e-17
0.0423011
2.08167e-17
2.08167e-17
0.0423011
0.0423011
-5.20417e-18
0.0423011
-2.60209e-17
0.0423011
-5.20417e-18
0.0423011
-1.73472e-18
0.0423011
1.73472e-18
0.0423011
0
0.0423011
-2.42861e-17
0.0423011
-1.73472e-17
0.0423011
6.93889e-18
0.0423011
5.20417e-18
0.0423011
5.20417e-18
0.0423011
-2.94903e-17
0.0423011
2.94903e-17
0.0423011
5.20417e-18
0.0423011
1.38778e-17
0.0423011
1.38778e-17
0.0423011
1.73472e-17
0.0423011
1.38778e-17
0.0423011
3.46945e-18
0.0423011
-3.64292e-17
0.0423011
-2.42861e-17
0.0423011
-6.93889e-18
0.0423011
2.60209e-17
0.0423011
-3.46945e-18
0.0423011
-8.67362e-18
0.0423011
-3.29597e-17
0.0423011
-5.20417e-17
0.0423011
-3.46945e-17
0.0423011
-4.16334e-17
0.0423011
-5.20417e-18
0.0423011
-1.04083e-17
0.0423011
-1.38778e-17
0.0423011
1.73472e-17
0.0423011
3.64292e-17
0.0423011
2.42861e-17
0.0423011
2.42861e-17
0.0423011
4.33681e-17
3.46945e-17
0.0423011
0.0423011
3.46945e-18
0.0423011
1.21431e-17
0.0423011
-1.56125e-17
0.0423011
1.73472e-17
0.0423011
-2.60209e-17
0.0423011
3.46945e-18
0.0423011
8.67362e-18
0.0423011
8.67362e-18
0.0423011
-1.04083e-17
0.0423011
-2.25514e-17
0.0423011
-1.73472e-18
0.0423011
8.67362e-18
0.0423011
-1.38778e-17
0.0423011
8.67362e-18
0.0423011
5.20417e-18
0.0423011
8.67362e-18
0.0423011
5.20417e-18
0.0423011
3.46945e-18
0.0423011
-1.9082e-17
0.0423011
-5.20417e-18
0.0423011
0
0.0423011
3.46945e-18
0.0423011
-1.73472e-18
0.0423011
0
0.0423011
-2.08167e-17
0.0423011
-1.9082e-17
0.0423011
-1.73472e-17
0.0423011
-1.73472e-17
0.0423011
-1.73472e-18
0.0423011
-1.04083e-17
0.0423011
0
0.0423011
5.72459e-17
0.0423011
-1.73472e-18
0.0423011
2.94903e-17
0.0423011
3.29597e-17
0.0423011
5.89806e-17
0.0423011
5.72459e-17
7.63278e-17
0.0423011
0.0423011
-3.46945e-18
0.0423011
-1.73472e-18
0.0423011
1.73472e-18
0.0423011
-2.60209e-17
0.0423011
1.73472e-18
0.0423011
-2.08167e-17
0.0423011
1.04083e-17
0.0423011
-1.9082e-17
0.0423011
-1.73472e-18
0.0423011
-1.21431e-17
0.0423011
-3.46945e-17
0.0423011
1.04083e-17
0.0423011
6.93889e-18
0.0423011
8.67362e-18
0.0423011
-1.56125e-17
0.0423011
-1.73472e-18
0.0423011
6.93889e-18
0.0423011
-1.56125e-17
0.0423011
1.04083e-17
0.0423011
1.73472e-18
0.0423011
2.08167e-17
0.0423011
8.67362e-18
0.0423011
1.21431e-17
0.0423011
-2.60209e-17
0.0423011
-8.67362e-18
0.0423011
-4.68375e-17
0.0423011
-1.04083e-17
0.0423011
1.56125e-17
0.0423011
-8.67362e-18
0.0423011
2.08167e-17
0.0423011
3.64292e-17
0.0423011
3.98986e-17
0.0423011
9.19403e-17
0.0423011
8.32667e-17
0.0423011
6.59195e-17
0.0423011
1.04083e-16
0.0423011
4.85723e-17
4.16334e-17
0.0423011
0.0423011
0
0.0423011
-6.93889e-18
0.0423011
-5.20417e-18
0.0423011
1.73472e-17
0.0423011
6.93889e-18
0.0423011
3.46945e-18
0.0423011
-8.67362e-18
0.0423011
2.42861e-17
0.0423011
2.42861e-17
0.0423011
1.38778e-17
0.0423011
-1.73472e-18
0.0423011
-2.77556e-17
0.0423011
-1.38778e-17
0.0423011
-3.29597e-17
0.0423011
-5.20417e-18
0.0423011
-1.04083e-17
0.0423011
-1.9082e-17
0.0423011
0
0.0423011
-8.67362e-18
0.0423011
1.56125e-17
0.0423011
-2.77556e-17
0.0423011
5.20417e-18
0.0423011
3.29597e-17
0.0423011
3.98986e-17
0.0423011
8.67362e-18
0.0423011
1.04083e-17
0.0423011
1.38778e-17
0.0423011
-1.73472e-18
0.0423011
3.64292e-17
0.0423011
2.77556e-17
0.0423011
3.29597e-17
0.0423011
3.1225e-17
0.0423011
2.25514e-17
0.0423011
1.04083e-17
0.0423011
5.20417e-17
0.0423011
2.94903e-17
0.0423011
4.68375e-17
4.68375e-17
0.0423011
0.0423011
6.93889e-18
0.0423011
-1.56125e-17
0.0423011
-1.56125e-17
0.0423011
-1.56125e-17
0.0423011
-2.94903e-17
0.0423011
-1.21431e-17
0.0423011
-6.93889e-18
0.0423011
-2.25514e-17
0.0423011
-8.67362e-18
0.0423011
1.38778e-17
0.0423011
-1.73472e-18
0.0423011
3.46945e-18
0.0423011
-1.9082e-17
0.0423011
3.46945e-18
0.0423011
0
0.0423011
-8.67362e-18
0.0423011
-1.56125e-17
0.0423011
-2.77556e-17
0.0423011
-3.46945e-18
0.0423011
-3.46945e-18
0.0423011
2.60209e-17
0.0423011
6.93889e-18
0.0423011
6.93889e-18
0.0423011
6.93889e-18
0.0423011
4.68375e-17
0.0423011
4.33681e-17
0.0423011
3.46945e-17
0.0423011
4.85723e-17
0.0423011
6.59195e-17
0.0423011
2.94903e-17
0.0423011
2.94903e-17
0.0423011
1.38778e-17
0.0423011
3.64292e-17
0.0423011
3.98986e-17
0.0423011
5.89806e-17
0.0423011
3.29597e-17
0.0423011
3.64292e-17
4.68375e-17
0.0423011
0.0423011
0
0.0423011
1.21431e-17
0.0423011
3.64292e-17
0.0423011
1.38778e-17
0.0423011
-5.20417e-18
0.0423011
0
0.0423011
3.46945e-18
0.0423011
1.38778e-17
0.0423011
8.67362e-18
0.0423011
-6.93889e-18
0.0423011
8.67362e-18
0.0423011
1.73472e-18
0.0423011
-6.93889e-18
0.0423011
-1.38778e-17
0.0423011
-1.73472e-17
0.0423011
-1.21431e-17
0.0423011
5.20417e-18
0.0423011
-5.20417e-18
0.0423011
-1.21431e-17
0.0423011
-3.98986e-17
0.0423011
1.73472e-17
0.0423011
8.67362e-18
0.0423011
2.42861e-17
0.0423011
3.1225e-17
0.0423011
4.16334e-17
0.0423011
4.16334e-17
0.0423011
3.98986e-17
0.0423011
5.55112e-17
0.0423011
6.245e-17
0.0423011
7.11237e-17
0.0423011
6.59195e-17
0.0423011
5.89806e-17
0.0423011
3.98986e-17
0.0423011
6.07153e-17
0.0423011
4.33681e-17
0.0423011
2.25514e-17
0.0423011
6.93889e-18
-1.73472e-18
0.0423011
0.0423011
-5.20417e-18
0.0423011
3.46945e-18
0.0423011
-2.60209e-17
0.0423011
5.20417e-18
0.0423011
6.93889e-18
0.0423011
6.93889e-18
0.0423011
-6.93889e-18
0.0423011
-1.21431e-17
0.0423011
-1.04083e-17
0.0423011
3.46945e-18
0.0423011
3.46945e-17
0.0423011
-5.20417e-18
0.0423011
-8.67362e-18
0.0423011
2.60209e-17
0.0423011
1.04083e-17
0.0423011
-1.21431e-17
0.0423011
-2.08167e-17
0.0423011
2.77556e-17
0.0423011
5.20417e-17
0.0423011
1.9082e-17
0.0423011
2.94903e-17
0.0423011
2.42861e-17
0.0423011
5.20417e-18
0.0423011
2.94903e-17
0.0423011
4.68375e-17
0.0423011
7.28584e-17
0.0423011
6.76542e-17
0.0423011
1.09288e-16
0.0423011
5.72459e-17
0.0423011
7.28584e-17
0.0423011
5.89806e-17
0.0423011
7.97973e-17
0.0423011
5.37764e-17
0.0423011
6.07153e-17
0.0423011
4.51028e-17
0.0423011
3.81639e-17
0.0423011
2.60209e-17
6.93889e-18
0.0423011
0.0423011
0
0.0423011
1.38778e-17
0.0423011
-5.20417e-18
0.0423011
-5.20417e-18
0.0423011
5.20417e-18
0.0423011
-3.46945e-18
0.0423011
-2.77556e-17
0.0423011
-8.67362e-18
0.0423011
2.08167e-17
0.0423011
6.93889e-18
0.0423011
-1.73472e-18
0.0423011
1.04083e-17
0.0423011
1.9082e-17
0.0423011
-3.46945e-17
0.0423011
-3.98986e-17
0.0423011
-1.21431e-17
0.0423011
0
0.0423011
1.73472e-17
0.0423011
3.29597e-17
0.0423011
4.51028e-17
0.0423011
3.29597e-17
0.0423011
6.245e-17
0.0423011
2.42861e-17
0.0423011
3.64292e-17
0.0423011
4.33681e-17
0.0423011
5.0307e-17
0.0423011
1.04083e-16
0.0423011
6.245e-17
0.0423011
7.45931e-17
0.0423011
5.89806e-17
0.0423011
6.41848e-17
0.0423011
3.64292e-17
0.0423011
4.68375e-17
0.0423011
3.81639e-17
0.0423011
2.25514e-17
0.0423011
6.93889e-18
0.0423011
-2.94903e-17
-1.9082e-17
0.0423011
0.0423011
-3.46945e-18
0.0423011
-8.67362e-18
0.0423011
-1.73472e-18
0.0423011
0
0.0423011
-1.56125e-17
0.0423011
-1.73472e-17
0.0423011
1.04083e-17
0.0423011
-1.73472e-18
0.0423011
6.93889e-18
0.0423011
5.20417e-18
0.0423011
1.73472e-18
0.0423011
-2.60209e-17
0.0423011
-3.29597e-17
0.0423011
-4.85723e-17
0.0423011
-2.25514e-17
0.0423011
5.20417e-18
0.0423011
1.38778e-17
0.0423011
3.46945e-17
0.0423011
1.73472e-17
0.0423011
2.08167e-17
0.0423011
1.9082e-17
0.0423011
1.9082e-17
0.0423011
5.37764e-17
0.0423011
3.81639e-17
0.0423011
4.33681e-17
0.0423011
1.04083e-17
0.0423011
5.20417e-17
0.0423011
3.1225e-17
0.0423011
3.64292e-17
0.0423011
3.64292e-17
0.0423011
-3.46945e-18
0.0423011
-1.73472e-17
0.0423011
-3.98986e-17
0.0423011
-3.64292e-17
0.0423011
-3.81639e-17
0.0423011
-6.93889e-18
0.0423011
-2.60209e-17
-3.1225e-17
0.0423011
0.0423011
-1.73472e-18
0.0423011
-1.73472e-18
0.0423011
2.08167e-17
0.0423011
8.67362e-18
0.0423011
6.93889e-18
0.0423011
3.46945e-18
0.0423011
6.93889e-18
0.0423011
2.94903e-17
0.0423011
3.1225e-17
0.0423011
3.1225e-17
0.0423011
5.20417e-18
0.0423011
2.42861e-17
0.0423011
-1.9082e-17
0.0423011
-2.60209e-17
0.0423011
-3.81639e-17
0.0423011
-4.85723e-17
0.0423011
-1.9082e-17
0.0423011
1.73472e-18
0.0423011
2.08167e-17
0.0423011
1.9082e-17
0.0423011
2.60209e-17
0.0423011
2.60209e-17
0.0423011
5.89806e-17
0.0423011
7.80626e-17
0.0423011
6.59195e-17
0.0423011
8.32667e-17
0.0423011
2.94903e-17
0.0423011
1.04083e-17
0.0423011
0
0.0423011
-2.77556e-17
0.0423011
-2.42861e-17
0.0423011
-5.55112e-17
0.0423011
-1.38778e-17
0.0423011
-3.1225e-17
0.0423011
-3.46945e-17
0.0423011
-4.85723e-17
0.0423011
-4.16334e-17
-5.55112e-17
0.0423011
0.0423011
2.08167e-17
0.0423011
-8.67362e-18
0.0423011
-1.73472e-18
0.0423011
-1.04083e-17
0.0423011
1.9082e-17
0.0423011
1.04083e-17
0.0423011
-2.42861e-17
0.0423011
-2.25514e-17
0.0423011
0
0.0423011
-5.20417e-18
0.0423011
1.21431e-17
0.0423011
3.46945e-18
0.0423011
8.67362e-18
0.0423011
1.21431e-17
0.0423011
1.21431e-17
0.0423011
5.20417e-18
0.0423011
1.73472e-17
0.0423011
1.38778e-17
0.0423011
6.93889e-18
0.0423011
5.72459e-17
0.0423011
5.89806e-17
0.0423011
3.29597e-17
0.0423011
3.98986e-17
0.0423011
4.51028e-17
0.0423011
2.42861e-17
0.0423011
2.94903e-17
0.0423011
2.08167e-17
0.0423011
2.60209e-17
0.0423011
1.56125e-17
0.0423011
6.93889e-18
0.0423011
1.04083e-17
0.0423011
-3.29597e-17
0.0423011
-2.77556e-17
0.0423011
-4.68375e-17
0.0423011
-5.37764e-17
0.0423011
-7.80626e-17
0.0423011
-6.59195e-17
-4.85723e-17
0.0423011
0.0423011
1.73472e-18
0.0423011
3.64292e-17
0.0423011
1.56125e-17
0.0423011
0
0.0423011
-1.73472e-18
0.0423011
3.46945e-18
0.0423011
8.67362e-18
0.0423011
5.20417e-18
0.0423011
1.73472e-18
0.0423011
-2.42861e-17
0.0423011
-3.46945e-18
0.0423011
6.93889e-18
0.0423011
1.21431e-17
0.0423011
2.60209e-17
0.0423011
5.0307e-17
0.0423011
3.46945e-17
0.0423011
4.16334e-17
0.0423011
3.81639e-17
0.0423011
5.55112e-17
0.0423011
6.41848e-17
0.0423011
7.11237e-17
0.0423011
5.89806e-17
0.0423011
4.85723e-17
0.0423011
5.0307e-17
0.0423011
4.33681e-17
0.0423011
3.46945e-17
0.0423011
1.9082e-17
0.0423011
-3.46945e-18
0.0423011
2.77556e-17
0.0423011
-6.93889e-18
0.0423011
-4.16334e-17
0.0423011
-4.51028e-17
0.0423011
-5.37764e-17
0.0423011
-6.245e-17
0.0423011
-6.59195e-17
0.0423011
-6.07153e-17
0.0423011
-6.245e-17
-8.32667e-17
0.0423011
0.0423011
0
0.0423011
1.73472e-18
0.0423011
-1.21431e-17
0.0423011
3.46945e-18
0.0423011
-8.67362e-18
0.0423011
-3.46945e-18
0.0423011
2.25514e-17
0.0423011
1.56125e-17
0.0423011
-3.46945e-18
0.0423011
0
0.0423011
1.56125e-17
0.0423011
6.93889e-18
0.0423011
3.1225e-17
0.0423011
5.89806e-17
0.0423011
4.51028e-17
0.0423011
4.85723e-17
0.0423011
4.85723e-17
0.0423011
6.76542e-17
0.0423011
3.46945e-17
0.0423011
6.59195e-17
0.0423011
2.94903e-17
0.0423011
4.68375e-17
0.0423011
4.33681e-17
0.0423011
1.73472e-18
0.0423011
-1.73472e-18
0.0423011
-8.67362e-18
0.0423011
-1.04083e-17
0.0423011
3.1225e-17
0.0423011
-6.41848e-17
0.0423011
-3.46945e-17
0.0423011
-5.0307e-17
0.0423011
-7.63278e-17
0.0423011
-6.41848e-17
0.0423011
-6.93889e-17
0.0423011
-5.89806e-17
0.0423011
-9.02056e-17
0.0423011
-1.00614e-16
-8.67362e-17
0.0423011
0.0423011
-6.93889e-18
0.0423011
-8.67362e-18
0.0423011
-1.04083e-17
0.0423011
-2.08167e-17
0.0423011
0
0.0423011
2.42861e-17
0.0423011
1.04083e-17
0.0423011
5.20417e-18
0.0423011
-1.73472e-17
0.0423011
3.29597e-17
0.0423011
3.64292e-17
0.0423011
2.77556e-17
0.0423011
4.51028e-17
0.0423011
3.1225e-17
0.0423011
4.16334e-17
0.0423011
2.94903e-17
0.0423011
5.0307e-17
0.0423011
4.68375e-17
0.0423011
5.55112e-17
0.0423011
6.76542e-17
0.0423011
6.93889e-17
0.0423011
4.33681e-17
0.0423011
1.04083e-17
0.0423011
1.56125e-17
0.0423011
0
0.0423011
-2.08167e-17
0.0423011
-3.29597e-17
0.0423011
-4.51028e-17
0.0423011
-4.16334e-17
0.0423011
-2.94903e-17
0.0423011
-4.16334e-17
0.0423011
-3.81639e-17
0.0423011
-6.59195e-17
0.0423011
-7.97973e-17
0.0423011
-1.05818e-16
0.0423011
-9.88792e-17
0.0423011
-8.50015e-17
-5.0307e-17
0.0423011
0.0423011
1.38778e-17
0.0423011
-3.46945e-18
0.0423011
-5.20417e-17
0.0423011
-1.04083e-17
0.0423011
3.46945e-18
0.0423011
-1.56125e-17
0.0423011
1.21431e-17
0.0423011
8.67362e-18
0.0423011
2.94903e-17
0.0423011
3.81639e-17
0.0423011
3.46945e-17
0.0423011
4.51028e-17
0.0423011
1.56125e-17
0.0423011
2.94903e-17
0.0423011
3.1225e-17
0.0423011
7.45931e-17
0.0423011
5.37764e-17
0.0423011
5.20417e-17
0.0423011
2.25514e-17
0.0423011
1.21431e-17
0.0423011
3.46945e-18
0.0423011
1.73472e-18
0.0423011
-2.60209e-17
0.0423011
-2.42861e-17
0.0423011
-3.64292e-17
0.0423011
-4.68375e-17
0.0423011
-3.81639e-17
0.0423011
-4.51028e-17
0.0423011
-2.60209e-17
0.0423011
-3.81639e-17
0.0423011
-2.08167e-17
0.0423011
-5.55112e-17
0.0423011
-5.89806e-17
0.0423011
-7.28584e-17
0.0423011
-6.245e-17
0.0423011
-8.67362e-17
0.0423011
-9.36751e-17
-1.249e-16
0.0423011
0.0423011
-3.46945e-18
0.0423011
-3.81639e-17
0.0423011
8.67362e-18
0.0423011
1.21431e-17
0.0423011
0
0.0423011
3.1225e-17
0.0423011
-6.93889e-18
0.0423011
1.73472e-17
0.0423011
5.55112e-17
0.0423011
3.46945e-17
0.0423011
3.81639e-17
0.0423011
4.68375e-17
0.0423011
3.98986e-17
0.0423011
5.0307e-17
0.0423011
2.94903e-17
0.0423011
1.04083e-17
0.0423011
2.25514e-17
0.0423011
-5.20417e-18
0.0423011
-6.93889e-18
0.0423011
-1.9082e-17
0.0423011
-3.81639e-17
0.0423011
-8.32667e-17
0.0423011
-7.28584e-17
0.0423011
-3.46945e-17
0.0423011
-2.25514e-17
0.0423011
-4.51028e-17
0.0423011
-6.41848e-17
0.0423011
-5.20417e-17
0.0423011
-5.20417e-17
0.0423011
-3.64292e-17
0.0423011
-4.16334e-17
0.0423011
-3.64292e-17
0.0423011
-5.20417e-17
0.0423011
-5.37764e-17
0.0423011
-6.07153e-17
0.0423011
-7.11237e-17
0.0423011
-6.59195e-17
-5.20417e-17
0.0423011
0.0423011
-6.93889e-18
0.0423011
4.51028e-17
0.0423011
2.42861e-17
0.0423011
2.08167e-17
0.0423011
1.73472e-17
0.0423011
3.29597e-17
0.0423011
3.1225e-17
0.0423011
2.08167e-17
0.0423011
3.29597e-17
0.0423011
5.89806e-17
0.0423011
6.41848e-17
0.0423011
2.94903e-17
0.0423011
4.51028e-17
0.0423011
-3.46945e-18
0.0423011
-2.25514e-17
0.0423011
-3.46945e-18
0.0423011
-5.20417e-18
0.0423011
-1.56125e-17
0.0423011
-5.0307e-17
0.0423011
-7.28584e-17
0.0423011
-8.50015e-17
0.0423011
-6.93889e-17
0.0423011
-6.76542e-17
0.0423011
-6.07153e-17
0.0423011
-6.07153e-17
0.0423011
-5.20417e-17
0.0423011
-4.68375e-17
0.0423011
-5.20417e-17
0.0423011
-4.33681e-17
0.0423011
-5.0307e-17
0.0423011
-5.55112e-17
0.0423011
-8.1532e-17
0.0423011
-8.84709e-17
0.0423011
-5.89806e-17
0.0423011
-6.76542e-17
0.0423011
-2.94903e-17
0.0423011
0
5.20417e-18
0.0423011
0.0423011
0.0423011
0.0423011
0.0423011
0.0423011
0.0423011
0.0423011
0.0423011
0.0423011
0.0423011
0.0423011
0.0423011
0.0423011
0.0423011
0.0423011
0.0423011
0.0423011
0.0423011
0.0423011
0.0423011
0.0423011
0.0423011
0.0423011
0.0423011
0.0423011
0.0423011
0.0423011
0.0423011
0.0423011
0.0423011
0.0423011
0.0423011
0.0423011
0.0423011
0.0423011
0.0423011
0.0423011
0.0423011
0.0526352
-0.0103623
0.0614042
-0.00881178
0.0683391
-0.00628161
0.0725414
-0.00463096
0.075759
-0.0029862
0.0750922
0.000354576
0.0729208
0.0019597
0.0704182
0.00249706
0.0684926
0.00196071
0.067376
0.00122206
0.0664231
0.000899012
0.0657171
0.000708214
0.0651251
0.000647225
0.0645665
0.000684431
0.064009
0.000666923
0.0635216
0.000536939
0.0630816
0.000451573
0.0626667
0.000384554
0.0623761
0.000299431
0.062152
0.000252215
0.0619711
0.000223049
0.0617618
0.00022366
0.0615045
0.000209219
0.0612476
0.000217171
0.0609653
0.000232878
0.0606765
0.0002434
0.0604051
0.00025189
0.0601628
0.000252494
0.0599307
0.000253371
0.059706
0.000253109
0.0594969
0.000241062
0.0592899
0.00023394
0.0590755
0.000236032
0.0588503
0.000239478
0.0586098
0.000241454
0.0583567
0.000244388
0.0580922
0.000247746
0.0578263
0.000246803
0.0575622
0.00024705
0.0573031
0.000243343
0.0570512
0.000238929
0.0567992
0.000239772
0.0565449
0.000240197
0.0562996
0.00023872
0.0560538
0.00023774
0.0558073
0.000237781
0.0555631
0.000239149
0.0553199
0.000240969
0.0550768
0.000242306
0.0548288
0.000245608
0.0545757
0.000247644
0.0543205
0.000247377
0.0540627
0.00024681
0.0538045
0.000247223
0.0535473
0.000247046
0.0532994
0.000244322
0.0530609
0.000242315
0.0528265
0.000240081
0.0525963
0.000237703
0.0523687
0.000235354
0.0521436
0.000231046
0.0519156
0.000230416
0.0516831
0.000230951
0.0514458
0.000232218
0.0512041
0.000232998
0.0509596
0.000234512
0.0507114
0.000237192
0.0504616
0.000239702
0.0502103
0.000241323
0.0499563
0.000243514
0.049701
0.000245258
0.0494488
0.000245427
0.0492007
0.000243827
0.0489533
0.00024329
0.000240064
0.0429608
-0.0109972
0.0450099
-0.0108648
0.0491514
-0.0103647
0.0531689
-0.00870137
0.0564871
-0.00629223
0.059407
-0.00246426
0.0604935
0.000565006
0.0614587
0.00146292
0.0632642
0.000315835
0.0637996
0.000679824
0.06366
0.000947954
0.0632802
0.00104517
0.0628769
0.0011307
0.062533
0.00112497
0.0622573
0.00100234
0.0620222
0.000768366
0.0617762
0.000649861
0.061517
0.000577554
0.0613446
0.000468166
0.0611674
0.000447625
0.0609823
0.000411943
0.0608389
0.000385961
0.0606347
0.000392871
0.0603885
0.000424464
0.0601095
0.000459868
0.0598293
0.000483071
0.0595905
0.000483661
0.0593639
0.000482617
0.0591558
0.000476897
0.0589702
0.000463203
0.0587834
0.000447891
0.0585804
0.000444876
0.0583804
0.000444272
0.0581642
0.000458599
0.0579359
0.000466158
0.0576967
0.000475736
0.057455
0.000479195
0.0572202
0.000476618
0.0569881
0.000474898
0.0567561
0.00047186
0.056524
0.000467704
0.0562899
0.000470183
0.0560542
0.000470219
0.0558179
0.000468594
0.0555801
0.000468741
0.0553446
0.000469637
0.0551115
0.000473344
0.0548795
0.000475228
0.0546469
0.000477259
0.0544107
0.00048126
0.054172
0.000483044
0.0539301
0.000484471
0.0536864
0.00048417
0.0534419
0.000484204
0.0531986
0.000483141
0.0529642
0.000479038
0.0527343
0.000475733
0.0525111
0.000470682
0.0522924
0.000466235
0.052075
0.000461623
0.0518546
0.000457059
0.0516315
0.00045523
0.0514032
0.000457137
0.0511698
0.000459177
0.0509331
0.00046182
0.0506927
0.000466135
0.0504487
0.000471673
0.0502047
0.00047602
0.0499587
0.000479488
0.0497118
0.000482808
0.0494655
0.000485254
0.0492209
0.00048471
0.0489779
0.000482528
0.0487368
0.000480859
0.000475039
0.0421876
-0.0108797
0.0421955
-0.0108733
0.042683
-0.0108448
0.0446738
-0.0106948
0.0486097
-0.0102201
0.0545544
-0.00851394
0.0603248
-0.00540758
0.0627617
-0.000904548
0.0631836
-2.33987e-05
0.0631984
0.000647999
0.0629086
0.00129572
0.0625168
0.00151812
0.0621616
0.00149953
0.0619581
0.00133131
0.0619764
0.00102378
0.0617951
0.000905806
0.0615357
0.000834227
0.0612326
0.000806795
0.0609777
0.000729546
0.0607664
0.000688724
0.0605363
0.000646373
0.0603004
0.00061688
0.0600514
0.000621724
0.0597831
0.000661382
0.0595289
0.000687516
0.0592866
0.000704928
0.0590489
0.000710759
0.0588318
0.000700588
0.058621
0.000691026
0.0584225
0.000673903
0.0582013
0.000667323
0.0579839
0.000665035
0.0577642
0.00066873
0.0575454
0.000681247
0.0573237
0.00068959
0.057104
0.000694623
0.0568899
0.000697459
0.0566684
0.000699485
0.0564499
0.000699664
0.0562296
0.000700199
0.0560028
0.000698445
0.0557753
0.000698656
0.0555464
0.000696298
0.0553151
0.000694545
0.0550844
0.000692938
0.054856
0.000695221
0.0546292
0.000697388
0.0544016
0.000699919
0.0541722
0.000703563
0.0539394
0.000708434
0.0537068
0.000711528
0.0534755
0.000712585
0.053244
0.000712391
0.0530132
0.00071198
0.0527844
0.000710138
0.0525623
0.000706255
0.0523448
0.000700555
0.0521304
0.000695129
0.0519178
0.000689643
0.0517022
0.00068576
0.0514818
0.000681372
0.0512558
0.000680168
0.0510265
0.000681062
0.0507945
0.000683675
0.0505578
0.000688953
0.0503194
0.000695211
0.0500806
0.000701952
0.049842
0.000707448
0.0496025
0.000712352
0.0493632
0.000716198
0.049126
0.000717589
0.0488902
0.000716734
0.0486552
0.000714678
0.0484216
0.000711701
0.000703712
0.0421519
-0.01073
0.0420083
-0.0107297
0.0418922
-0.0107286
0.0419181
-0.0107223
0.0423921
-0.0106979
0.0444087
-0.0105719
0.0490702
-0.0101049
0.0563133
-0.00820767
0.0608166
-0.00444847
0.0617408
-0.00019477
0.0620126
0.0012224
0.0619745
0.0015386
0.0620251
0.00147221
0.0624834
0.000911293
0.0624285
0.00109333
0.0621528
0.00116578
0.0617761
0.001161
0.0614005
0.00113706
0.061091
0.00104815
0.06085
0.000984494
0.0606038
0.000928988
0.0603218
0.00090787
0.0600214
0.00091482
0.0597485
0.000920563
0.0595068
0.000908653
0.0592705
0.000925256
0.0590437
0.000923401
0.0588306
0.000905601
0.0586044
0.000906994
0.0583726
0.000903451
0.0581378
0.000900825
0.0578969
0.000906468
0.0576558
0.000910978
0.0574184
0.000919448
0.0571819
0.000922348
0.0569572
0.000920561
0.0567344
0.000924556
0.0565123
0.000926513
0.0562941
0.000928675
0.0560759
0.000932393
0.0558505
0.00093384
0.0556166
0.000938522
0.0553797
0.000934206
0.0551404
0.000930673
0.0549019
0.000926515
0.0546671
0.000925693
0.0544327
0.000927486
0.0541991
0.000929731
0.0539662
0.000933932
0.053735
0.000939836
0.0535041
0.00094197
0.0532759
0.000942059
0.0530481
0.000941801
0.0528207
0.00094134
0.0525974
0.000938088
0.0523812
0.000933329
0.0521657
0.000927146
0.0519497
0.000921731
0.0517301
0.00091668
0.0515094
0.000912225
0.051282
0.000908819
0.0510502
0.000909215
0.0508146
0.000910119
0.0505735
0.000914432
0.0503304
0.000921219
0.0500878
0.000926705
0.0498483
0.000933341
0.0496091
0.000939696
0.0493708
0.000944617
0.0491335
0.00094836
0.0488984
0.00094842
0.0486669
0.000946129
0.0484367
0.000943933
0.0482087
0.000938877
0.000930059
0.0421501
-0.0105789
0.0419993
-0.0105789
0.0418495
-0.0105789
0.0417058
-0.0105786
0.0415851
-0.0105776
0.041586
-0.0105725
0.0420265
-0.0105478
0.044259
-0.0104253
0.0495865
-0.00982614
0.0574322
-0.0079414
0.0619907
-0.00354129
0.0634372
6.33099e-05
0.0636928
0.00132034
0.0633289
0.0010094
0.0629454
0.00131199
0.0624817
0.00150615
0.0619406
0.00166004
0.0615729
0.0015124
0.0612714
0.00138769
0.0609884
0.00131548
0.0606417
0.00131976
0.0603283
0.00125396
0.0600442
0.0012012
0.059808
0.00115051
0.0595763
0.00111368
0.059367
0.00110503
0.0591652
0.00110349
0.0589471
0.00111623
0.0587052
0.00113771
0.0584571
0.00114997
0.0582081
0.00115503
0.0579564
0.00116514
0.0577031
0.00117
0.057457
0.00116711
0.0572121
0.00115886
0.0569784
0.00115103
0.0567526
0.00114941
0.056529
0.00115135
0.0563069
0.00115541
0.0560843
0.0011617
0.0558563
0.00116636
0.0556239
0.00117298
0.0553835
0.00117459
0.055137
0.00117379
0.0548901
0.00116881
0.0546474
0.00116706
0.0544042
0.0011695
0.0541642
0.00117109
0.0539293
0.00117417
0.0537018
0.0011769
0.053472
0.00117567
0.0532443
0.00117491
0.0530175
0.00117388
0.0527912
0.00117191
0.0525705
0.00116762
0.0523526
0.0011624
0.0521359
0.0011565
0.0519152
0.00115163
0.0516927
0.00114722
0.051467
0.00114307
0.0512338
0.00114046
0.0509943
0.0011437
0.0507511
0.00114432
0.0505011
0.00115153
0.0502507
0.00115901
0.0500003
0.00116369
0.0497565
0.00116859
0.0495156
0.00117377
0.0492776
0.00117838
0.0490436
0.00118046
0.0488122
0.00117973
0.0485834
0.00117539
0.0483569
0.00117231
0.0481318
0.00116648
0.0011574
0.04215
-0.0104278
0.0419989
-0.0104278
0.0418478
-0.0104278
0.041697
-0.0104278
0.0415471
-0.0104277
0.0414022
-0.0104275
0.0412807
-0.0104265
0.0412771
-0.0104214
0.0418288
-0.0103902
0.0441371
-0.0102581
0.0499479
-0.00951558
0.0573114
-0.00711747
0.062353
-0.0030995
0.0630569
0.000471782
0.0627959
0.00142501
0.0622552
0.00195896
0.0620129
0.00187879
0.0617415
0.00176499
0.0614631
0.00170751
0.0610781
0.00175893
0.0607548
0.00168404
0.0604378
0.00158115
0.0601542
0.00146228
0.0599299
0.00134511
0.0597045
0.00130523
0.0594603
0.00133268
0.059211
0.00134567
0.0589644
0.00136023
0.0587201
0.0013844
0.0584731
0.00140618
0.0582319
0.0014142
0.0579896
0.00142669
0.0577569
0.00141995
0.0575202
0.00140923
0.0572794
0.00139533
0.0570444
0.00138149
0.0568138
0.00137524
0.0565854
0.00137578
0.0563588
0.00138057
0.0561311
0.00138844
0.0558946
0.00139896
0.0556522
0.00140917
0.0554035
0.00141717
0.0551519
0.00142197
0.0548963
0.00142432
0.0546479
0.00142145
0.0544022
0.00142238
0.0541611
0.00142184
0.0539271
0.0014206
0.0537037
0.00141617
0.0534763
0.00141132
0.0532533
0.0014074
0.0530316
0.0014042
0.0528094
0.00140019
0.0525918
0.0013955
0.0523762
0.00138961
0.0521578
0.00138574
0.0519347
0.00138304
0.0517087
0.00138063
0.0514753
0.00138034
0.0512342
0.00138186
0.050989
0.00138435
0.0507347
0.00138952
0.0504831
0.00139436
0.050231
0.00139902
0.0499804
0.00140251
0.0497343
0.00140605
0.0494936
0.00140895
0.0492571
0.00141246
0.049026
0.00141111
0.0487969
0.0014094
0.0485699
0.00140322
0.0483447
0.0013998
0.0481205
0.00139424
0.00138661
0.04215
-0.0102767
0.0419989
-0.0102767
0.0418477
-0.0102767
0.0416966
-0.0102767
0.0415456
-0.0102767
0.0413947
-0.0102767
0.0412447
-0.0102766
0.0410997
-0.0102764
0.0409845
-0.0102752
0.0409946
-0.0102692
0.0417147
-0.0102323
0.0446012
-0.0100344
0.050786
-0.00917718
0.0575029
-0.00630114
0.0609583
-0.00241561
0.062132
0.00100806
0.0623425
0.00169765
0.0619327
0.00214054
0.0614948
0.00219539
0.0611288
0.00219105
0.0608166
0.00202201
0.0605697
0.00182644
0.0603129
0.00169626
0.0600231
0.00160811
0.0597101
0.00160257
0.059424
0.00161794
0.0591481
0.00164446
0.0588792
0.00165945
0.0586325
0.00166621
0.0583976
0.00166754
0.0581752
0.00165965
0.0579705
0.00165478
0.0577659
0.00164814
0.0575523
0.00163744
0.0573295
0.00162135
0.0571031
0.0016068
0.0568715
0.00160383
0.0566405
0.00160482
0.056408
0.00161085
0.0561689
0.00162336
0.0559251
0.00163752
0.0556755
0.0016517
0.0554238
0.00166366
0.0551679
0.0016728
0.0549116
0.00167903
0.0546598
0.00167804
0.0544166
0.00167576
0.0541789
0.00167229
0.0539492
0.00166581
0.0537269
0.00165614
0.0535025
0.00164723
0.0532822
0.00164027
0.0530629
0.00163461
0.0528428
0.00162874
0.052627
0.00162372
0.0524086
0.00161907
0.0521837
0.00161825
0.0519572
0.00161788
0.0517245
0.00161923
0.0514858
0.00162141
0.0512399
0.00162527
0.0509874
0.00163025
0.0507317
0.00163571
0.0504776
0.00163864
0.0502239
0.00164133
0.0499741
0.00164242
0.04973
0.00164292
0.049492
0.00164297
0.0492588
0.00164374
0.04903
0.00164145
0.048805
0.001637
0.0485795
0.00163142
0.0483562
0.00162735
0.0481336
0.00162306
0.00161609
0.04215
-0.0101255
0.0419989
-0.0101255
0.0418477
-0.0101255
0.0416966
-0.0101255
0.0415455
-0.0101255
0.0413944
-0.0101255
0.0412433
-0.0101255
0.0410924
-0.0101255
0.0409427
-0.0101255
0.0407987
-0.0101252
0.0406902
-0.0101238
0.0407657
-0.010115
0.0416555
-0.0100707
0.045061
-0.00979632
0.0512927
-0.00871258
0.0580068
-0.00542394
0.0593114
-0.000101603
0.0600725
0.00126834
0.0605852
0.00206543
0.0608244
0.00208001
0.0608625
0.00213938
0.0606675
0.00203538
0.0603714
0.00195705
0.0600051
0.00191227
0.0596105
0.00197157
0.0592661
0.00199309
0.0589918
0.00196069
0.0587569
0.00193712
0.0585449
0.00190646
0.0583512
0.0018781
0.0581613
0.00186255
0.0579758
0.00185249
0.0577873
0.00185004
0.0575832
0.00184817
0.0573681
0.00183921
0.057136
0.00183547
0.0568987
0.00184091
0.056659
0.00184502
0.0564192
0.00185077
0.0561765
0.00186608
0.0559265
0.00188491
0.0556758
0.00190152
0.0554264
0.00191363
0.0551735
0.00192393
0.0549232
0.00192825
0.0546798
0.00192604
0.0544402
0.00192327
0.0542085
0.00191682
0.0539835
0.00190707
0.0537635
0.0018941
0.0535401
0.00188305
0.0533196
0.00187388
0.0530998
0.00186607
0.0528785
0.00185917
0.0526593
0.00185443
0.0524334
0.0018527
0.0522056
0.00185313
0.0519754
0.00185555
0.0517374
0.0018601
0.0514937
0.00186512
0.0512436
0.00187115
0.0509896
0.00187643
0.0507362
0.00188041
0.0504838
0.00188232
0.0502332
0.00188245
0.0499879
0.00188121
0.049747
0.00187949
0.0495111
0.00187715
0.0492792
0.00187537
0.0490527
0.00187067
0.048829
0.00186443
0.0486037
0.00186042
0.0483807
0.00185646
0.0481586
0.00185334
0.00185028
0.04215
-0.00997441
0.0419989
-0.00997441
0.0418477
-0.00997441
0.0416966
-0.00997441
0.0415455
-0.00997441
0.0413944
-0.00997441
0.0412432
-0.00997441
0.0410921
-0.00997441
0.040941
-0.0099744
0.0407902
-0.00997439
0.0406408
-0.00997434
0.0404996
-0.009974
0.0404005
-0.00997207
0.0405607
-0.00995966
0.0417358
-0.00989499
0.0459939
-0.00954617
0.0535226
-0.00793453
0.0590024
-0.00428773
0.0606702
0.000287433
0.0608654
0.00168103
0.0610007
0.00222248
0.0609614
0.00218683
0.0605243
0.00241419
0.0599343
0.00245851
0.0595184
0.00240365
0.0592415
0.00229469
0.0590023
0.00223166
0.0587955
0.002154
0.0586074
0.00208514
0.058422
0.00204035
0.058242
0.00202668
0.0580499
0.00203712
0.0578402
0.00205174
0.0576203
0.00206183
0.0573834
0.00206842
0.0571266
0.00207724
0.0568845
0.0020853
0.056636
0.00209518
0.0563871
0.00210515
0.0561402
0.00212247
0.0558934
0.00214129
0.0556566
0.00215225
0.0554201
0.00215881
0.0551813
0.00216577
0.0549482
0.00216646
0.0547148
0.00216377
0.0544851
0.00216049
0.0542583
0.00215452
0.0540328
0.00214416
0.0538068
0.00213052
0.0535823
0.00211775
0.0533579
0.00210706
0.0531333
0.00209823
0.0529072
0.0020913
0.0526803
0.00209003
0.0524483
0.00209058
0.0522153
0.00209269
0.0519786
0.00209755
0.0517368
0.00210275
0.0514909
0.00210842
0.0512408
0.00211582
0.0509896
0.00211967
0.0507405
0.00212194
0.0504933
0.00212239
0.0502487
0.00212044
0.0500088
0.00211822
0.0497721
0.00211472
0.0495401
0.0021099
0.0493124
0.00210551
0.0490869
0.00209955
0.0488616
0.00209429
0.0486364
0.0020906
0.0484117
0.00208792
0.0481869
0.00208568
0.00208718
0.04215
-0.00982328
0.0419989
-0.00982328
0.0418477
-0.00982328
0.0416966
-0.00982328
0.0415455
-0.00982328
0.0413944
-0.00982328
0.0412432
-0.00982328
0.0410921
-0.00982328
0.040941
-0.00982328
0.0407899
-0.00982328
0.0406388
-0.00982328
0.0404881
-0.00982326
0.0403392
-0.00982318
0.0402021
-0.00982271
0.0401265
-0.0098199
0.0403931
-0.00980352
0.0421452
-0.00969861
0.0471188
-0.00920633
0.0541415
-0.00706113
0.0589329
-0.00304027
0.0604525
0.0011267
0.0603291
0.00225542
0.0599874
0.0027697
0.0596402
0.00276623
0.0594776
0.00257294
0.0593259
0.00251037
0.0591412
0.00244477
0.0589671
0.00233948
0.0587756
0.00226358
0.0585597
0.00221792
0.058339
0.00222682
0.0581057
0.00225155
0.0578636
0.00227646
0.0576126
0.00229644
0.0573414
0.00231373
0.0570805
0.00231489
0.0568286
0.00232534
0.0565743
0.00233669
0.0563213
0.0023553
0.0560817
0.00237553
0.0558607
0.00238413
0.0556384
0.00238865
0.055417
0.00239182
0.0551953
0.00239578
0.0549776
0.00239595
0.0547562
0.00239358
0.0545334
0.00239153
0.0543098
0.00238711
0.0540844
0.00237798
0.0538542
0.00236439
0.0536225
0.00235188
0.0533915
0.0023402
0.0531589
0.00233207
0.0529239
0.00232873
0.0526886
0.00232977
0.0524515
0.00233283
0.0522117
0.00233738
0.0519708
0.00234167
0.0517274
0.00234458
0.0514813
0.00235015
0.0512346
0.00235734
0.0509893
0.00235855
0.0507474
0.00235886
0.0505068
0.00235785
0.0502686
0.00235569
0.0500353
0.0023516
0.0498038
0.0023474
0.049576
0.00234069
0.0493504
0.00233463
0.0491252
0.00232829
0.0488978
0.00232487
0.0486703
0.00232207
0.0484422
0.00232021
0.0482111
0.00232144
0.00232634
0.04215
-0.00967215
0.0419989
-0.00967215
0.0418477
-0.00967215
0.0416966
-0.00967215
0.0415455
-0.00967215
0.0413944
-0.00967215
0.0412432
-0.00967215
0.0410921
-0.00967215
0.040941
-0.00967215
0.0407899
-0.00967215
0.0406387
-0.00967215
0.0404876
-0.00967215
0.0403366
-0.00967215
0.040186
-0.00967213
0.0400381
-0.00967201
0.0399062
-0.0096713
0.0398737
-0.00966669
0.0403141
-0.00964182
0.0427471
-0.00947104
0.0484788
-0.00867232
0.0558924
-0.00590535
0.0581887
-0.000124764
0.0592249
0.00150105
0.0594833
0.00245439
0.0594802
0.00247615
0.0594134
0.00259845
0.0594221
0.00241332
0.0592475
0.00248592
0.0590141
0.00246935
0.0587254
0.00247602
0.0584464
0.00250057
0.0581417
0.00254542
0.0578462
0.00255559
0.0575646
0.00254469
0.0572977
0.00253154
0.057041
0.00253751
0.0567815
0.00255119
0.056528
0.00256747
0.0562833
0.00259048
0.0560621
0.00260997
0.0558468
0.0026145
0.0556324
0.00261522
0.0554167
0.00261553
0.055205
0.00261721
0.0549967
0.00261872
0.0547877
0.00261876
0.054571
0.00261712
0.0543524
0.00261453
0.0541284
0.00260668
0.053895
0.00259455
0.0536564
0.0025841
0.053416
0.00257342
0.053173
0.00256839
0.052928
0.00257006
0.0526858
0.00257241
0.0524434
0.00257581
0.0522027
0.0025794
0.0519619
0.00258343
0.0517192
0.00258512
0.0514758
0.00258906
0.0512371
0.00259356
0.0509966
0.00259417
0.0507586
0.00259242
0.0505218
0.00259157
0.0502907
0.00258782
0.050063
0.00258167
0.0498378
0.00257678
0.0496131
0.00256968
0.0493872
0.00256384
0.0491584
0.00255901
0.0489299
0.00255556
0.0486995
0.00255417
0.0484649
0.00255543
0.0482252
0.00256088
0.00256484
0.04215
-0.00952102
0.0419989
-0.00952102
0.0418477
-0.00952102
0.0416966
-0.00952102
0.0415455
-0.00952102
0.0413944
-0.00952102
0.0412432
-0.00952102
0.0410921
-0.00952102
0.040941
-0.00952102
0.0407899
-0.00952102
0.0406387
-0.00952102
0.0404876
-0.00952102
0.0403365
-0.00952102
0.0401854
-0.00952102
0.0400344
-0.00952102
0.0398841
-0.00952099
0.0397382
-0.00952081
0.0396165
-0.00951967
0.0396632
-0.00951208
0.0404652
-0.00946575
0.0438731
-0.00921842
0.0514806
-0.00787877
0.057322
-0.00461937
0.05912
0.000272334
0.0595011
0.00190984
0.0596061
0.00263042
0.0595911
0.00248733
0.0593152
0.00274112
0.059029
0.00272545
0.0587318
0.00278323
0.0584029
0.00285192
0.0580957
0.00286488
0.0578181
0.0027964
0.0575567
0.00275817
0.0572997
0.00273594
0.0570426
0.0027461
0.0567796
0.00277692
0.0565196
0.00280218
0.0562798
0.00282215
0.0560691
0.00283329
0.0558587
0.00283507
0.055642
0.00283406
0.0554256
0.00283356
0.0552109
0.00283644
0.0550018
0.00283933
0.0547975
0.00284043
0.0545854
0.00284005
0.0543738
0.00283502
0.0541553
0.00282611
0.0539216
0.00281897
0.053679
0.00281302
0.0534298
0.00280703
0.0531759
0.00280505
0.0529288
0.00280917
0.0526822
0.00281158
0.0524388
0.0028143
0.0521997
0.00281758
0.0519617
0.00282226
0.0517205
0.00282448
0.0514811
0.00282547
0.0512458
0.00282757
0.0510093
0.00282758
0.0507739
0.00282533
0.0505401
0.00282325
0.0503145
0.0028167
0.0500899
0.00281081
0.0498679
0.00280399
0.0496427
0.00279893
0.0494153
0.00279408
0.0491851
0.00279044
0.0489529
0.00278796
0.0487164
0.00278903
0.0484754
0.00279234
0.048235
0.00279785
0.00280215
0.04215
-0.0093699
0.0419989
-0.0093699
0.0418477
-0.0093699
0.0416966
-0.0093699
0.0415455
-0.0093699
0.0413944
-0.0093699
0.0412432
-0.0093699
0.0410921
-0.0093699
0.040941
-0.0093699
0.0407899
-0.0093699
0.0406387
-0.0093699
0.0404876
-0.0093699
0.0403365
-0.0093699
0.0401853
-0.0093699
0.0400342
-0.0093699
0.0398831
-0.0093699
0.0397322
-0.00936989
0.0395824
-0.00936984
0.03944
-0.00936952
0.0393418
-0.00936752
0.0394834
-0.00935569
0.0408539
-0.00927306
0.0450774
-0.00888201
0.0521177
-0.00704374
0.0571559
-0.00314412
0.0590213
0.00115869
0.0594768
0.00246866
0.0591543
0.0031196
0.0589021
0.00303571
0.0585651
0.00315977
0.0582766
0.00316415
0.0580679
0.00308162
0.0578622
0.00298631
0.0576348
0.00294017
0.0573532
0.00295976
0.057077
0.00298364
0.0568027
0.00302499
0.0565507
0.00304731
0.0563281
0.0030528
0.0561224
0.0030508
0.0559009
0.00305306
0.0556728
0.00305143
0.055439
0.00305323
0.0552124
0.00305611
0.0549979
0.00305826
0.0547972
0.00305623
0.0545991
0.00304963
0.0543978
0.00304518
0.0541752
0.00304343
0.0539389
0.00304331
0.0536903
0.00304261
0.0534345
0.00304151
0.0531765
0.00304025
0.0529307
0.00304391
0.0526846
0.00304728
0.0524416
0.00305029
0.052203
0.00305317
0.0519674
0.00305726
0.0517292
0.00306049
0.0514926
0.003062
0.0512589
0.00306117
0.0510244
0.00306075
0.050791
0.0030579
0.0505605
0.00305391
0.0503367
0.00304706
0.0501146
0.00304048
0.0498895
0.00303481
0.0496629
0.0030301
0.049432
0.00302664
0.0491985
0.00302364
0.0489627
0.00302216
0.0487221
0.00302492
0.0484768
0.00302981
0.0482375
0.00303248
0.0030369
0.04215
-0.00921877
0.0419989
-0.00921877
0.0418477
-0.00921877
0.0416966
-0.00921877
0.0415455
-0.00921877
0.0413944
-0.00921877
0.0412432
-0.00921877
0.0410921
-0.00921877
0.040941
-0.00921877
0.0407899
-0.00921877
0.0406387
-0.00921877
0.0404876
-0.00921877
0.0403365
-0.00921877
0.0401853
-0.00921877
0.0400342
-0.00921877
0.0398831
-0.00921877
0.039732
-0.00921877
0.0395809
-0.00921877
0.0394301
-0.00921875
0.0392813
-0.00921867
0.0391438
-0.00921814
0.0390841
-0.00921451
0.0393949
-0.0091945
0.041436
-0.00905938
0.046739
-0.00836757
0.0540589
-0.00586524
0.0572611
-0.000558417
0.0582938
0.00189834
0.0581934
0.00300347
0.0581266
0.00322814
0.0581202
0.00324291
0.0581732
0.00302934
0.0579842
0.00311716
0.0576906
0.00319518
0.0573767
0.00323215
0.0570696
0.00327094
0.0568176
0.00329007
0.0566058
0.00328045
0.0564109
0.0032658
0.0561968
0.0032669
0.0559562
0.00327042
0.055705
0.00327402
0.0554534
0.0032789
0.0552165
0.00327946
0.0550008
0.0032757
0.0548014
0.00326754
0.0546074
0.00325934
0.0544043
0.00326115
0.0541802
0.00326421
0.0539424
0.00327018
0.0536917
0.00327524
0.0534361
0.00327686
0.0531792
0.00327537
0.0529339
0.00327743
0.0526909
0.0032814
0.052451
0.00328517
0.0522148
0.00328827
0.0519811
0.00329234
0.0517456
0.00329649
0.0515099
0.00329807
0.051276
0.00329724
0.0510423
0.00329543
0.0508098
0.003292
0.050581
0.00328611
0.050354
0.00328046
0.0501271
0.00327411
0.0498997
0.00326817
0.0496696
0.00326397
0.0494371
0.00326057
0.0492016
0.0032581
0.0489636
0.0032577
0.0487208
0.00326099
0.048477
0.00326482
0.0482391
0.0032666
0.00327003
0.04215
-0.00906764
0.0419989
-0.00906764
0.0418477
-0.00906764
0.0416966
-0.00906764
0.0415455
-0.00906764
0.0413944
-0.00906764
0.0412432
-0.00906764
0.0410921
-0.00906764
0.040941
-0.00906764
0.0407899
-0.00906764
0.0406387
-0.00906764
0.0404876
-0.00906764
0.0403365
-0.00906764
0.0401853
-0.00906764
0.0400342
-0.00906764
0.0398831
-0.00906764
0.039732
-0.00906764
0.0395808
-0.00906764
0.0394297
-0.00906764
0.0392787
-0.00906764
0.0391282
-0.00906761
0.0389811
-0.00906747
0.0388533
-0.00906655
0.0388584
-0.00906037
0.0395187
-0.00901997
0.0425251
-0.00880113
0.0495403
-0.00760991
0.0556174
-0.00425155
0.0575948
0.000651718
0.0583642
0.0024139
0.0583727
0.00331057
0.0582828
0.0030427
0.0579528
0.00337553
0.0576225
0.00348798
0.0572947
0.0035597
0.05705
0.00354679
0.0568493
0.00352443
0.0566774
0.00348536
0.056479
0.00347717
0.0562402
0.00349537
0.0559798
0.0035049
0.0557178
0.00350935
0.0554612
0.00351296
0.0552298
0.0035065
0.0550146
0.00349835
0.054811
0.00348453
0.0546046
0.00348064
0.0543931
0.00348629
0.0541632
0.00349325
0.0539259
0.00350248
0.0536819
0.00350953
0.0534345
0.00351274
0.0531841
0.00351079
0.052941
0.00351232
0.0527001
0.00351712
0.0524637
0.00352079
0.0522301
0.00352434
0.0519976
0.00352868
0.0517643
0.00353222
0.0515297
0.00353317
0.0512954
0.00353244
0.0510613
0.00353043
0.0508273
0.00352701
0.0505963
0.00352106
0.050366
0.0035163
0.0501352
0.00351067
0.0499034
0.00350459
0.0496703
0.00350016
0.0494356
0.00349623
0.0491981
0.00349465
0.0489584
0.00349439
0.0487157
0.0034964
0.0484768
0.0034982
0.0482402
0.00349912
0.00350218
0.04215
-0.00891651
0.0419989
-0.00891651
0.0418477
-0.00891651
0.0416966
-0.00891651
0.0415455
-0.00891651
0.0413944
-0.00891651
0.0412432
-0.00891651
0.0410921
-0.00891651
0.040941
-0.00891651
0.0407899
-0.00891651
0.0406387
-0.00891651
0.0404876
-0.00891651
0.0403365
-0.00891651
0.0401853
-0.00891651
0.0400342
-0.00891651
0.0398831
-0.00891651
0.039732
-0.00891651
0.0395808
-0.00891651
0.0394297
-0.00891651
0.0392786
-0.00891651
0.0391275
-0.00891651
0.0389765
-0.00891651
0.0388264
-0.00891647
0.0386824
-0.0089162
0.0385769
-0.00891442
0.0386831
-0.00890369
0.0398869
-0.00882742
0.0440753
-0.00843096
0.0509894
-0.00649883
0.0558993
-0.00250139
0.0579104
0.00167117
0.0581498
0.00305818
0.0577781
0.00374545
0.0574183
0.0038094
0.0572075
0.00378054
0.0570544
0.00373304
0.0569156
0.00371227
0.0567571
0.00368811
0.0565237
0.00372373
0.0562611
0.00376013
0.0559785
0.00376954
0.0557061
0.00377493
0.0554568
0.00375989
0.0552344
0.00374345
0.055024
0.00372617
0.0548091
0.00371316
0.0545909
0.00371079
0.0543682
0.00371975
0.0541348
0.00373064
0.0538994
0.00374167
0.0536637
0.00374795
0.0534285
0.00374795
0.0531901
0.00374686
0.0529477
0.00375129
0.0527116
0.00375518
0.0524768
0.00375808
0.0522444
0.00376009
0.0520129
0.00376319
0.0517795
0.0037656
0.051544
0.00376569
0.0513073
0.00376585
0.0510711
0.00376479
0.0508363
0.00376202
0.0506029
0.00375711
0.0503694
0.00375352
0.0501358
0.00374867
0.0499011
0.00374332
0.0496654
0.00373894
0.0494287
0.00373451
0.0491895
0.00373255
0.0489498
0.00373076
0.0487105
0.00372992
0.0484751
0.00373123
0.0482417
0.00373095
0.00373343
0.04215
-0.00876539
0.0419989
-0.00876539
0.0418477
-0.00876539
0.0416966
-0.00876539
0.0415455
-0.00876539
0.0413944
-0.00876539
0.0412432
-0.00876539
0.0410921
-0.00876539
0.040941
-0.00876539
0.0407899
-0.00876539
0.0406387
-0.00876539
0.0404876
-0.00876539
0.0403365
-0.00876539
0.0401853
-0.00876539
0.0400342
-0.00876539
0.0398831
-0.00876539
0.039732
-0.00876539
0.0395808
-0.00876539
0.0394297
-0.00876539
0.0392786
-0.00876539
0.0391275
-0.00876539
0.0389763
-0.00876539
0.0388253
-0.00876539
0.0386744
-0.00876537
0.0385253
-0.0087653
0.0383865
-0.0087648
0.0383197
-0.00876129
0.0386291
-0.00874048
0.0407403
-0.00859247
0.0461206
-0.00782415
0.05318
-0.00514175
0.0559395
0.000440344
0.0570366
0.00237704
0.0569523
0.00363601
0.0570951
0.00363101
0.0570912
0.00373591
0.0569973
0.00383949
0.0567775
0.00394101
0.0564792
0.00403898
0.0561853
0.00403304
0.0558943
0.00404582
0.0556497
0.0040305
0.0554248
0.0040081
0.0552272
0.00397775
0.0550229
0.00395494
0.0548046
0.00394816
0.0545744
0.00395291
0.0543364
0.00396525
0.0541008
0.00397522
0.0538695
0.00398102
0.0536451
0.00398406
0.0534218
0.00398389
0.053193
0.00398429
0.0529586
0.00398795
0.0527244
0.0039923
0.052491
0.00399375
0.0522585
0.00399342
0.0520261
0.0039942
0.0517897
0.0039969
0.051551
0.0039972
0.0513108
0.003999
0.0510738
0.00399823
0.050837
0.00399764
0.0506005
0.00399569
0.0503645
0.00399392
0.0501283
0.00398991
0.0498919
0.0039846
0.0496566
0.00397801
0.0494203
0.00397227
0.0491824
0.00396867
0.0489436
0.00396521
0.0487096
0.00396226
0.0484774
0.003962
0.0482466
0.0039618
0.0039648
0.04215
-0.00861426
0.0419989
-0.00861426
0.0418477
-0.00861426
0.0416966
-0.00861426
0.0415455
-0.00861426
0.0413944
-0.00861426
0.0412432
-0.00861426
0.0410921
-0.00861426
0.040941
-0.00861426
0.0407899
-0.00861426
0.0406387
-0.00861426
0.0404876
-0.00861426
0.0403365
-0.00861426
0.0401853
-0.00861426
0.0400342
-0.00861426
0.0398831
-0.00861426
0.039732
-0.00861426
0.0395808
-0.00861426
0.0394297
-0.00861426
0.0392786
-0.00861426
0.0391275
-0.00861426
0.0389763
-0.00861426
0.0388252
-0.00861426
0.0386741
-0.00861426
0.038523
-0.00861426
0.0383725
-0.00861423
0.0382253
-0.00861409
0.038098
-0.00861311
0.0381151
-0.00860609
0.0388529
-0.00855894
0.0420677
-0.00829779
0.0493365
-0.0068457
0.0547962
-0.00309937
0.0572275
0.00134214
0.0572382
0.00348441
0.0570157
0.00382115
0.056855
0.00405977
0.0565929
0.00429002
0.0563242
0.00428185
0.0560487
0.00423028
0.0558156
0.00424057
0.0556036
0.00423881
0.0554089
0.00422855
0.0552296
0.00419466
0.0550278
0.00417884
0.0548043
0.00418195
0.0545671
0.00419149
0.0543215
0.00420802
0.0540932
0.00421134
0.0538674
0.00421413
0.0536483
0.00421468
0.0534293
0.00421416
0.0532044
0.00421414
0.0529729
0.00421861
0.0527433
0.00422052
0.0525091
0.00422697
0.0522756
0.00422547
0.0520404
0.00422647
0.0517981
0.00423063
0.0515543
0.0042311
0.0513138
0.00423177
0.0510728
0.00423419
0.0508307
0.0042362
0.0505924
0.00423601
0.0503548
0.00423557
0.0501185
0.00423077
0.0498842
0.00422278
0.0496511
0.00421351
0.0494163
0.00420715
0.04918
0.00420269
0.0489429
0.00419799
0.048712
0.00419489
0.0484821
0.00419327
0.0482535
0.00419389
0.00419643
0.04215
-0.00846313
0.0419989
-0.00846313
0.0418477
-0.00846313
0.0416966
-0.00846313
0.0415455
-0.00846313
0.0413944
-0.00846313
0.0412432
-0.00846313
0.0410921
-0.00846313
0.040941
-0.00846313
0.0407899
-0.00846313
0.0406387
-0.00846313
0.0404876
-0.00846313
0.0403365
-0.00846313
0.0401853
-0.00846313
0.0400342
-0.00846313
0.0398831
-0.00846313
0.039732
-0.00846313
0.0395808
-0.00846313
0.0394297
-0.00846313
0.0392786
-0.00846313
0.0391275
-0.00846313
0.0389763
-0.00846313
0.0388252
-0.00846313
0.0386741
-0.00846313
0.0385229
-0.00846313
0.0383718
-0.00846313
0.0382209
-0.00846313
0.0380709
-0.00846308
0.0379277
-0.00846277
0.0378292
-0.00846062
0.0379827
-0.0084471
0.0394619
-0.00834584
0.0441851
-0.00781165
0.0509853
-0.00546532
0.054816
-0.000413067
0.0556839
0.002901
0.0561946
0.00369528
0.0562824
0.00426947
0.0562791
0.00418088
0.0561079
0.00420576
0.0558428
0.00436332
0.0556452
0.00442695
0.0554796
0.00441584
0.0552954
0.0044007
0.0550731
0.00440244
0.0548386
0.00441091
0.0545911
0.00442926
0.0543535
0.00444163
0.054134
0.00444143
0.0539082
0.00444316
0.0536882
0.00444256
0.0534633
0.00443946
0.0532336
0.00443572
0.0529997
0.00444434
0.0527673
0.00444408
0.0525372
0.00444557
0.0523029
0.00444809
0.0520609
0.00445679
0.0518108
0.00446343
0.0515623
0.00446513
0.0513143
0.00446959
0.0510665
0.00447399
0.0508221
0.00447711
0.0505841
0.00447571
0.0503505
0.00447305
0.0501194
0.00446583
0.0498871
0.00445606
0.049655
0.00444578
0.0494216
0.00443925
0.0491862
0.00443543
0.04895
0.00443099
0.0487209
0.00442775
0.0484917
0.00442585
0.0482646
0.00442653
0.00442929
0.04215
-0.00831201
0.0419989
-0.00831201
0.0418477
-0.00831201
0.0416966
-0.00831201
0.0415455
-0.00831201
0.0413944
-0.00831201
0.0412432
-0.00831201
0.0410921
-0.00831201
0.040941
-0.00831201
0.0407899
-0.00831201
0.0406387
-0.00831201
0.0404876
-0.00831201
0.0403365
-0.00831201
0.0401853
-0.00831201
0.0400342
-0.00831201
0.0398831
-0.00831201
0.039732
-0.00831201
0.0395808
-0.00831201
0.0394297
-0.00831201
0.0392786
-0.00831201
0.0391275
-0.00831201
0.0389763
-0.00831201
0.0388252
-0.00831201
0.0386741
-0.008312
0.0385229
-0.00831201
0.0383718
-0.008312
0.0382207
-0.00831201
0.0380696
-0.008312
0.0379188
-0.00831199
0.0377701
-0.00831189
0.0376344
-0.00831125
0.0375931
-0.00830635
0.0380547
-0.00827683
0.0406535
-0.00805959
0.0472539
-0.00700857
0.0536893
-0.00328729
0.0559803
0.00152004
0.0564365
0.00364046
0.0563563
0.00413675
0.0561708
0.00433481
0.0560646
0.00448928
0.0558846
0.0046695
0.0556438
0.00468797
0.0553959
0.00464638
0.0551431
0.00465035
0.0548822
0.00466315
0.0546369
0.00467496
0.0544153
0.00467858
0.0541924
0.0046777
0.0539727
0.00467513
0.0537456
0.00467097
0.0535088
0.00465789
0.0532721
0.00465467
0.0530455
0.00465285
0.0528114
0.00465944
0.0525716
0.00466871
0.0523278
0.00468142
0.0520767
0.00469369
0.0518212
0.00470263
0.0515664
0.00470643
0.0513113
0.00471285
0.0510603
0.00471812
0.0508213
0.00471707
0.0505896
0.00471345
0.0503624
0.00470635
0.0501369
0.00469545
0.0499054
0.00468609
0.0496729
0.00467586
0.0494381
0.00467092
0.0492015
0.004669
0.0489651
0.00466606
0.0487355
0.00466292
0.0485057
0.00466114
0.0482789
0.00466048
0.004663
0.04215
-0.00816088
0.0419989
-0.00816088
0.0418477
-0.00816088
0.0416966
-0.00816088
0.0415455
-0.00816088
0.0413944
-0.00816088
0.0412432
-0.00816088
0.0410921
-0.00816088
0.040941
-0.00816088
0.0407899
-0.00816088
0.0406387
-0.00816088
0.0404876
-0.00816088
0.0403365
-0.00816088
0.0401853
-0.00816088
0.0400342
-0.00816088
0.0398831
-0.00816088
0.039732
-0.00816088
0.0395808
-0.00816088
0.0394297
-0.00816088
0.0392786
-0.00816088
0.0391275
-0.00816088
0.0389763
-0.00816088
0.0388252
-0.00816088
0.0386741
-0.00816088
0.0385229
-0.00816088
0.0383718
-0.00816088
0.0382207
-0.00816088
0.0380696
-0.00816088
0.0379184
-0.00816088
0.0377674
-0.00816087
0.037617
-0.00816084
0.0374713
-0.00816063
0.0373534
-0.00815919
0.0374448
-0.0081483
0.038505
-0.00807839
0.0429082
-0.00764006
0.0498707
-0.00547504
0.0543169
-0.00109757
0.05608
0.0026718
0.0562655
0.00434529
0.0560723
0.00478516
0.0558092
0.00506413
0.0556682
0.00493698
0.0553983
0.00489326
0.0551291
0.0048939
0.054887
0.00490718
0.0546736
0.00491395
0.0544713
0.0049198
0.0542411
0.00492141
0.0540218
0.00491429
0.0537884
0.00489547
0.0535538
0.00488077
0.0533183
0.00487318
0.0530772
0.00487859
0.0528317
0.00489363
0.0525846
0.00490782
0.0523336
0.00492375
0.0520778
0.00493907
0.0518214
0.00494953
0.0515636
0.00495554
0.051306
0.00496317
0.0510621
0.00496339
0.0508337
0.00495698
0.0506093
0.00494759
0.050388
0.00493559
0.0501651
0.00492367
0.0499346
0.00491348
0.0496985
0.00490788
0.0494607
0.00490525
0.0492216
0.00490571
0.0489858
0.00490322
0.0487538
0.00490124
0.0485246
0.00489784
0.0482976
0.00489525
0.00489821
0.04215
-0.00800975
0.0419989
-0.00800975
0.0418477
-0.00800975
0.0416966
-0.00800975
0.0415455
-0.00800975
0.0413944
-0.00800975
0.0412432
-0.00800975
0.0410921
-0.00800975
0.040941
-0.00800975
0.0407899
-0.00800975
0.0406387
-0.00800975
0.0404876
-0.00800975
0.0403365
-0.00800975
0.0401853
-0.00800975
0.0400342
-0.00800975
0.0398831
-0.00800975
0.039732
-0.00800975
0.0395808
-0.00800975
0.0394297
-0.00800975
0.0392786
-0.00800975
0.0391275
-0.00800975
0.0389763
-0.00800975
0.0388252
-0.00800975
0.0386741
-0.00800975
0.0385229
-0.00800975
0.0383718
-0.00800975
0.0382207
-0.00800975
0.0380696
-0.00800975
0.0379184
-0.00800975
0.0377673
-0.00800975
0.0376162
-0.00800975
0.0374653
-0.00800974
0.0373158
-0.00800967
0.0371767
-0.00800919
0.0371028
-0.00800574
0.0374463
-0.00798252
0.0397236
-0.00779652
0.0455077
-0.00694539
0.0515329
-0.00360254
0.0548557
0.00116617
0.0555071
0.00435878
0.055531
0.00511836
0.0555716
0.00493517
0.0553183
0.00507196
0.0550311
0.00510334
0.0548309
0.00509154
0.0546754
0.00511399
0.0544691
0.00516451
0.0542657
0.00516352
0.0540418
0.00514972
0.0538138
0.00512432
0.0535792
0.00510971
0.0533265
0.00511208
0.053076
0.00511928
0.0528242
0.0051411
0.0525709
0.00516348
0.0523121
0.00518037
0.0520584
0.00519572
0.0518052
0.00520514
0.0515499
0.00521286
0.0512996
0.0052161
0.0510685
0.00520656
0.0508477
0.00519286
0.0506289
0.00518002
0.0504135
0.00516268
0.0501914
0.00515048
0.0499588
0.00514428
0.0497224
0.00514265
0.0494821
0.00514389
0.0492428
0.00514504
0.0490097
0.00514248
0.0487757
0.00514073
0.0485477
0.00513473
0.0483171
0.00513241
0.00513571
0.04215
-0.00785862
0.0419989
-0.00785862
0.0418477
-0.00785862
0.0416966
-0.00785862
0.0415455
-0.00785862
0.0413944
-0.00785862
0.0412432
-0.00785862
0.0410921
-0.00785862
0.040941
-0.00785862
0.0407899
-0.00785862
0.0406387
-0.00785862
0.0404876
-0.00785862
0.0403365
-0.00785862
0.0401853
-0.00785862
0.0400342
-0.00785862
0.0398831
-0.00785862
0.039732
-0.00785862
0.0395808
-0.00785862
0.0394297
-0.00785862
0.0392786
-0.00785862
0.0391275
-0.00785862
0.0389763
-0.00785862
0.0388252
-0.00785862
0.0386741
-0.00785862
0.0385229
-0.00785862
0.0383718
-0.00785862
0.0382207
-0.00785862
0.0380696
-0.00785862
0.0379184
-0.00785862
0.0377673
-0.00785862
0.0376162
-0.00785862
0.0374651
-0.00785862
0.037314
-0.00785862
0.0371634
-0.0078586
0.0370161
-0.00785844
0.0368907
-0.00785728
0.0369367
-0.00784765
0.0377696
-0.00779345
0.0414743
-0.0073943
0.0481908
-0.00561223
0.053121
-0.000302416
0.0548643
0.00333686
0.055179
0.00460199
0.0551976
0.00496211
0.0549074
0.00518573
0.0547278
0.005208
0.0546215
0.00530129
0.0544584
0.00539646
0.0542582
0.00539062
0.0540582
0.00536387
0.0538275
0.00535523
0.053568
0.00535522
0.0533093
0.0053596
0.0530384
0.00538646
0.0527764
0.00540321
0.0525188
0.00542264
0.0522591
0.00544113
0.0520108
0.00545323
0.0517654
0.00546152
0.0515222
0.00546649
0.0512922
0.00545787
0.0510735
0.00544285
0.0508596
0.00542443
0.0506533
0.00540513
0.0504397
0.00539041
0.0502103
0.0053824
0.0499762
0.00538083
0.049738
0.00538134
0.0494977
0.00538552
0.0492622
0.00538477
0.0490282
0.00538304
0.0487992
0.00537782
0.0485692
0.00537225
0.0483323
0.00537256
0.0053768
0.04215
-0.0077075
0.0419989
-0.0077075
0.0418477
-0.0077075
0.0416966
-0.0077075
0.0415455
-0.0077075
0.0413944
-0.0077075
0.0412432
-0.0077075
0.0410921
-0.0077075
0.040941
-0.0077075
0.0407899
-0.0077075
0.0406387
-0.0077075
0.0404876
-0.0077075
0.0403365
-0.0077075
0.0401853
-0.0077075
0.0400342
-0.0077075
0.0398831
-0.0077075
0.039732
-0.0077075
0.0395808
-0.0077075
0.0394297
-0.0077075
0.0392786
-0.0077075
0.0391275
-0.0077075
0.0389763
-0.0077075
0.0388252
-0.0077075
0.0386741
-0.0077075
0.0385229
-0.0077075
0.0383718
-0.0077075
0.0382207
-0.0077075
0.0380696
-0.0077075
0.0379184
-0.0077075
0.0377673
-0.0077075
0.0376162
-0.0077075
0.0374651
-0.0077075
0.0373139
-0.00770749
0.0371628
-0.00770749
0.0370119
-0.00770749
0.036862
-0.00770743
0.0367212
-0.00770702
0.0366307
-0.00770421
0.0369177
-0.00768293
0.0388273
-0.00753692
0.0453981
-0.00675371
0.0520234
-0.0031909
0.0547261
0.001563
0.0551962
0.00456503
0.055119
0.00525155
0.0548336
0.00545743
0.05455
0.00561969
0.0544177
0.0055656
0.0542687
0.00555036
0.0540697
0.00556754
0.0538311
0.00557958
0.0535423
0.00562097
0.0532488
0.00563418
0.0529834
0.00563345
0.052731
0.00564481
0.0524776
0.00566016
0.0522277
0.00567793
0.051976
0.00569712
0.0517327
0.00570366
0.0515036
0.00569936
0.0512841
0.00569172
0.051077
0.00567149
0.0508782
0.00564922
0.0506742
0.0056321
0.0504512
0.00562396
0.0502212
0.00561939
0.0499844
0.00562122
0.0497442
0.00562478
0.0495092
0.00562537
0.0492759
0.00562408
0.0490465
0.00562027
0.0488196
0.00561233
0.0485835
0.00561129
0.0483397
0.00561355
0.00562229
0.04215
-0.00755637
0.0419989
-0.00755637
0.0418477
-0.00755637
0.0416966
-0.00755637
0.0415455
-0.00755637
0.0413944
-0.00755637
0.0412432
-0.00755637
0.0410921
-0.00755637
0.040941
-0.00755637
0.0407899
-0.00755637
0.0406387
-0.00755637
0.0404876
-0.00755637
0.0403365
-0.00755637
0.0401853
-0.00755637
0.0400342
-0.00755637
0.0398831
-0.00755637
0.039732
-0.00755637
0.0395808
-0.00755637
0.0394297
-0.00755637
0.0392786
-0.00755637
0.0391275
-0.00755637
0.0389763
-0.00755637
0.0388252
-0.00755637
0.0386741
-0.00755637
0.0385229
-0.00755637
0.0383718
-0.00755637
0.0382207
-0.00755637
0.0380696
-0.00755637
0.0379184
-0.00755637
0.0377673
-0.00755637
0.0376162
-0.00755637
0.037465
-0.00755637
0.0373139
-0.00755637
0.0371628
-0.00755637
0.0370117
-0.00755637
0.0368606
-0.00755636
0.0367099
-0.00755635
0.0365619
-0.00755621
0.0364341
-0.00755521
0.0364425
-0.0075475
0.0371946
-0.00750002
0.0410999
-0.00710232
0.0479675
-0.00533945
0.0519577
0.000206219
0.0539845
0.00322129
0.0541892
0.00532771
0.0544972
0.00545131
0.0545959
0.00546001
0.0544159
0.0057205
0.0541455
0.00581304
0.0538081
0.00587305
0.0534922
0.00589356
0.0532173
0.00587828
0.0529709
0.0058558
0.052729
0.00586567
0.0524775
0.00588453
0.0522214
0.00590818
0.0519676
0.00592713
0.0517311
0.00592908
0.0515051
0.00592449
0.0512965
0.00591106
0.0511017
0.00588915
0.0508995
0.00587622
0.050684
0.0058685
0.0504596
0.00586193
0.0502242
0.0058621
0.0499863
0.00586335
0.0497539
0.00586253
0.0495243
0.00586159
0.0492948
0.00585886
0.0490675
0.00585436
0.0488348
0.00584971
0.0485902
0.00585277
0.0483383
0.00585879
0.00587268
0.04215
-0.00740524
0.0419989
-0.00740524
0.0418477
-0.00740524
0.0416966
-0.00740524
0.0415455
-0.00740524
0.0413944
-0.00740524
0.0412432
-0.00740524
0.0410921
-0.00740524
0.040941
-0.00740524
0.0407899
-0.00740524
0.0406387
-0.00740524
0.0404876
-0.00740524
0.0403365
-0.00740524
0.0401853
-0.00740524
0.0400342
-0.00740524
0.0398831
-0.00740524
0.039732
-0.00740524
0.0395808
-0.00740524
0.0394297
-0.00740524
0.0392786
-0.00740524
0.0391275
-0.00740524
0.0389763
-0.00740524
0.0388252
-0.00740524
0.0386741
-0.00740524
0.0385229
-0.00740524
0.0383718
-0.00740524
0.0382207
-0.00740524
0.0380696
-0.00740524
0.0379184
-0.00740524
0.0377673
-0.00740524
0.0376162
-0.00740524
0.0374651
-0.00740524
0.0373139
-0.00740524
0.0371628
-0.00740524
0.0370117
-0.00740524
0.0368605
-0.00740524
0.0367094
-0.00740524
0.0365585
-0.00740523
0.0364084
-0.00740519
0.0362656
-0.00740483
0.0361682
-0.00740224
0.0364388
-0.00737844
0.0383278
-0.00723184
0.0447771
-0.00628036
0.0509494
-0.00295859
0.054302
0.00221944
0.0548207
0.00499019
0.0545703
0.00560245
0.0542442
0.00601642
0.0539883
0.00603544
0.0536709
0.00610758
0.0534173
0.00610212
0.0532207
0.0060534
0.0529995
0.00606369
0.0527666
0.00607898
0.0525096
0.00611312
0.0522409
0.00614251
0.0519922
0.00615105
0.0517585
0.00615077
0.0515406
0.00614007
0.0513366
0.00612615
0.0511316
0.00611459
0.050922
0.00610574
0.0506975
0.00610473
0.0504656
0.00610225
0.0502323
0.00610026
0.050005
0.00609629
0.0497783
0.0060943
0.0495466
0.00609382
0.0493169
0.00609288
0.0490848
0.00609045
0.0488413
0.00609221
0.0485857
0.00610068
0.048325
0.00610803
0.00611758
0.04215
-0.00725411
0.0419989
-0.00725411
0.0418477
-0.00725411
0.0416966
-0.00725411
0.0415455
-0.00725411
0.0413944
-0.00725411
0.0412432
-0.00725411
0.0410921
-0.00725411
0.040941
-0.00725411
0.0407899
-0.00725411
0.0406387
-0.00725411
0.0404876
-0.00725411
0.0403365
-0.00725411
0.0401853
-0.00725411
0.0400342
-0.00725411
0.0398831
-0.00725411
0.039732
-0.00725411
0.0395808
-0.00725411
0.0394297
-0.00725411
0.0392786
-0.00725411
0.0391275
-0.00725411
0.0389763
-0.00725411
0.0388252
-0.00725411
0.0386741
-0.00725411
0.0385229
-0.00725411
0.0383718
-0.00725411
0.0382207
-0.00725411
0.0380696
-0.00725411
0.0379184
-0.00725411
0.0377673
-0.00725411
0.0376162
-0.00725411
0.037465
-0.00725411
0.0373139
-0.00725411
0.0371628
-0.00725411
0.0370117
-0.00725411
0.0368605
-0.00725411
0.0367094
-0.00725411
0.0365583
-0.00725411
0.0364072
-0.00725411
0.0362565
-0.0072541
0.0361082
-0.00725396
0.0359824
-0.00725284
0.0359944
-0.00724492
0.036904
-0.00718315
0.0407266
-0.00676126
0.0478734
-0.00474638
0.0524079
0.000613849
0.0534829
0.00425481
0.0535457
0.00583988
0.0537494
0.00580296
0.0536551
0.00611142
0.0534857
0.00627248
0.0532775
0.00630015
0.0530558
0.00630654
0.0527789
0.00634724
0.0525076
0.00636935
0.0522614
0.00637271
0.0520345
0.00637294
0.0518168
0.00636868
0.0516053
0.00635993
0.051388
0.00634964
0.0511627
0.00634722
0.0509337
0.00634142
0.0507051
0.00633725
0.050476
0.00633318
0.0502502
0.00633062
0.0500276
0.00632548
0.0497961
0.00632479
0.049565
0.00632691
0.0493328
0.00632893
0.0490894
0.00633172
0.0488354
0.00633997
0.0485753
0.00634639
0.0483162
0.00635188
0.00635667
0.04215
-0.00710299
0.0419989
-0.00710299
0.0418477
-0.00710299
0.0416966
-0.00710299
0.0415455
-0.00710299
0.0413944
-0.00710299
0.0412432
-0.00710299
0.0410921
-0.00710299
0.040941
-0.00710299
0.0407899
-0.00710299
0.0406387
-0.00710299
0.0404876
-0.00710299
0.0403365
-0.00710299
0.0401853
-0.00710299
0.0400342
-0.00710299
0.0398831
-0.00710299
0.039732
-0.00710299
0.0395808
-0.00710299
0.0394297
-0.00710299
0.0392786
-0.00710299
0.0391275
-0.00710299
0.0389763
-0.00710299
0.0388252
-0.00710299
0.0386741
-0.00710299
0.0385229
-0.00710299
0.0383718
-0.00710299
0.0382207
-0.00710299
0.0380696
-0.00710299
0.0379184
-0.00710299
0.0377673
-0.00710299
0.0376162
-0.00710299
0.0374651
-0.00710299
0.0373139
-0.00710299
0.0371628
-0.00710299
0.0370117
-0.00710299
0.0368605
-0.00710299
0.0367094
-0.00710299
0.0365583
-0.00710299
0.0364072
-0.00710299
0.0362561
-0.00710298
0.0361051
-0.00710298
0.0359552
-0.00710293
0.0358127
-0.00710253
0.0357298
-0.00709935
0.0360421
-0.00707352
0.0382362
-0.00689797
0.0445918
-0.0057347
0.0507596
-0.00190357
0.0533484
0.00327068
0.0534028
0.00555911
0.0533736
0.00606091
0.0533248
0.0064416
0.0531594
0.00652933
0.0529343
0.00655785
0.0526909
0.00657856
0.052466
0.00658787
0.0522744
0.00657565
0.0520829
0.00658038
0.0518804
0.00659113
0.0516607
0.00659697
0.0514207
0.00659035
0.0511775
0.00658426
0.0509434
0.00657347
0.0507126
0.00656338
0.0504877
0.00655106
0.0502696
0.00654591
0.0500451
0.00655064
0.0498105
0.00655812
0.0495742
0.00656448
0.0493307
0.00657164
0.0490794
0.00657654
0.0488234
0.00658294
0.0485643
0.00658886
0.0483115
0.00659102
0.00659168
0.04215
-0.00695186
0.0419989
-0.00695186
0.0418477
-0.00695186
0.0416966
-0.00695186
0.0415455
-0.00695186
0.0413944
-0.00695186
0.0412432
-0.00695186
0.0410921
-0.00695186
0.040941
-0.00695186
0.0407899
-0.00695186
0.0406387
-0.00695186
0.0404876
-0.00695186
0.0403365
-0.00695186
0.0401853
-0.00695186
0.0400342
-0.00695186
0.0398831
-0.00695186
0.039732
-0.00695186
0.0395808
-0.00695186
0.0394297
-0.00695186
0.0392786
-0.00695186
0.0391275
-0.00695186
0.0389763
-0.00695186
0.0388252
-0.00695186
0.0386741
-0.00695186
0.0385229
-0.00695186
0.0383718
-0.00695186
0.0382207
-0.00695186
0.0380696
-0.00695186
0.0379184
-0.00695186
0.0377673
-0.00695186
0.0376162
-0.00695186
0.037465
-0.00695186
0.0373139
-0.00695186
0.0371628
-0.00695186
0.0370117
-0.00695186
0.0368605
-0.00695186
0.0367094
-0.00695186
0.0365583
-0.00695186
0.0364072
-0.00695186
0.036256
-0.00695186
0.0361049
-0.00695186
0.0359538
-0.00695186
0.0358031
-0.00695184
0.0356555
-0.00695168
0.0355322
-0.00695038
0.0355784
-0.00694061
0.0366946
-0.00685422
0.0411628
-0.00631034
0.047906
-0.00357321
0.0519511
0.00144139
0.0526042
0.00555023
0.0529423
0.00638402
0.0529417
0.00656829
0.0527482
0.00669814
0.0525584
0.00671955
0.0524565
0.00668226
0.0522962
0.00675
0.0521119
0.00679766
0.0518974
0.00682526
0.0516797
0.00683393
0.0514439
0.00682957
0.0511938
0.00681806
0.0509679
0.00678783
0.0507405
0.00677165
0.0505144
0.00676565
0.0502843
0.00677556
0.0500452
0.0067892
0.0498035
0.00680012
0.049556
0.00681139
0.0493074
0.00681678
0.0490526
0.00682122
0.0488009
0.00682001
0.0485539
0.00681966
0.0483129
0.00681867
0.00681983
0.04215
-0.00680073
0.0419989
-0.00680073
0.0418477
-0.00680073
0.0416966
-0.00680073
0.0415455
-0.00680073
0.0413944
-0.00680073
0.0412432
-0.00680073
0.0410921
-0.00680073
0.040941
-0.00680073
0.0407899
-0.00680073
0.0406387
-0.00680073
0.0404876
-0.00680073
0.0403365
-0.00680073
0.0401853
-0.00680073
0.0400342
-0.00680073
0.0398831
-0.00680073
0.039732
-0.00680073
0.0395808
-0.00680073
0.0394297
-0.00680073
0.0392786
-0.00680073
0.0391275
-0.00680073
0.0389763
-0.00680073
0.0388252
-0.00680073
0.0386741
-0.00680073
0.0385229
-0.00680073
0.0383718
-0.00680073
0.0382207
-0.00680073
0.0380696
-0.00680073
0.0379184
-0.00680073
0.0377673
-0.00680073
0.0376162
-0.00680073
0.037465
-0.00680073
0.0373139
-0.00680073
0.0371628
-0.00680073
0.0370117
-0.00680073
0.0368605
-0.00680073
0.0367094
-0.00680073
0.0365583
-0.00680073
0.0364072
-0.00680073
0.036256
-0.00680073
0.0361049
-0.00680073
0.0359538
-0.00680073
0.0358027
-0.00680073
0.0356517
-0.00680072
0.035502
-0.00680066
0.0353617
-0.00680013
0.0353026
-0.00679535
0.0357591
-0.0067609
0.0386563
-0.00645868
0.0449965
-0.00489383
0.0504046
0.000376767
0.0525038
0.0044781
0.0527558
0.00619007
0.0525559
0.00661994
0.0524951
0.00671222
0.0524285
0.00675693
0.0523024
0.00690773
0.0520891
0.00703868
0.0518924
0.00706007
0.0516873
0.00706712
0.051454
0.00706127
0.0512242
0.00702787
0.0509957
0.00699956
0.0507542
0.00699643
0.0505116
0.00700006
0.0502702
0.00701724
0.0500128
0.0070483
0.0497623
0.00705383
0.0495139
0.00705993
0.0492686
0.00705879
0.0490283
0.00705238
0.0487921
0.00704087
0.0485585
0.00703856
0.0483249
0.00703793
0.00704825
0.04215
-0.0066496
0.0419989
-0.0066496
0.0418477
-0.0066496
0.0416966
-0.0066496
0.0415455
-0.0066496
0.0413944
-0.0066496
0.0412432
-0.0066496
0.0410921
-0.0066496
0.040941
-0.0066496
0.0407899
-0.0066496
0.0406387
-0.0066496
0.0404876
-0.0066496
0.0403365
-0.0066496
0.0401853
-0.0066496
0.0400342
-0.0066496
0.0398831
-0.0066496
0.039732
-0.0066496
0.0395808
-0.0066496
0.0394297
-0.0066496
0.0392786
-0.0066496
0.0391275
-0.0066496
0.0389763
-0.0066496
0.0388252
-0.0066496
0.0386741
-0.0066496
0.0385229
-0.0066496
0.0383718
-0.0066496
0.0382207
-0.0066496
0.0380696
-0.0066496
0.0379184
-0.0066496
0.0377673
-0.0066496
0.0376162
-0.0066496
0.0374651
-0.0066496
0.0373139
-0.0066496
0.0371628
-0.0066496
0.0370117
-0.0066496
0.0368605
-0.0066496
0.0367094
-0.0066496
0.0365583
-0.0066496
0.0364072
-0.0066496
0.036256
-0.0066496
0.0361049
-0.0066496
0.0359538
-0.0066496
0.0358026
-0.0066496
0.0356515
-0.0066496
0.0355005
-0.0066496
0.0353499
-0.00664957
0.035204
-0.00664934
0.0350908
-0.00664741
0.0352684
-0.00663019
0.0368784
-0.00649641
0.0430302
-0.00569111
0.0496728
-0.00203885
0.0524764
0.00316438
0.0531075
0.00605549
0.0530431
0.00674735
0.0526362
0.00712693
0.0522063
0.00735544
0.0520344
0.00725751
0.0518827
0.00726893
0.0516994
0.00728059
0.0514942
0.00727087
0.0512526
0.00725508
0.0510101
0.00723662
0.0507542
0.00723712
0.0504855
0.00726107
0.0502134
0.00729263
0.0499655
0.00729516
0.0497177
0.00729947
0.0494798
0.00729483
0.0492518
0.00728298
0.0490321
0.00726207
0.0488038
0.00725539
0.048574
0.00725517
0.048332
0.00726597
0.00728125
0.04215
-0.00649848
0.0419989
-0.00649848
0.0418477
-0.00649848
0.0416966
-0.00649848
0.0415455
-0.00649848
0.0413944
-0.00649848
0.0412432
-0.00649848
0.0410921
-0.00649848
0.040941
-0.00649848
0.0407899
-0.00649848
0.0406387
-0.00649848
0.0404876
-0.00649848
0.0403365
-0.00649848
0.0401853
-0.00649848
0.0400342
-0.00649848
0.0398831
-0.00649848
0.039732
-0.00649848
0.0395808
-0.00649848
0.0394297
-0.00649848
0.0392786
-0.00649848
0.0391275
-0.00649848
0.0389763
-0.00649848
0.0388252
-0.00649848
0.0386741
-0.00649848
0.0385229
-0.00649848
0.0383718
-0.00649848
0.0382207
-0.00649848
0.0380696
-0.00649848
0.0379184
-0.00649848
0.0377673
-0.00649848
0.0376162
-0.00649848
0.037465
-0.00649848
0.0373139
-0.00649848
0.0371628
-0.00649848
0.0370117
-0.00649848
0.0368605
-0.00649848
0.0367094
-0.00649848
0.0365583
-0.00649848
0.0364072
-0.00649848
0.036256
-0.00649848
0.0361049
-0.00649848
0.0359538
-0.00649848
0.0358026
-0.00649848
0.0356515
-0.00649848
0.0355004
-0.00649848
0.0353493
-0.00649847
0.0351984
-0.00649846
0.0350494
-0.00649836
0.034917
-0.00649748
0.03491
-0.0064898
0.0356646
-0.00643646
0.0395747
-0.00596044
0.046453
-0.00372201
0.0509913
0.00149678
0.0521441
0.00552744
0.0519002
0.00730473
0.0518384
0.00744136
0.0519516
0.00726888
0.0518655
0.00741091
0.0516995
0.00747908
0.0514775
0.00751736
0.0512362
0.00751032
0.0509773
0.00749495
0.0506887
0.00751165
0.0504088
0.00752623
0.0501668
0.00752501
0.049929
0.00752933
0.0497014
0.00752533
0.0494865
0.00750922
0.0492804
0.00748861
0.0490544
0.00748122
0.0488213
0.00748061
0.04858
0.00748599
0.0483388
0.00749542
0.00751826
0.04215
-0.00634735
0.0419989
-0.00634735
0.0418477
-0.00634735
0.0416966
-0.00634735
0.0415455
-0.00634735
0.0413944
-0.00634735
0.0412432
-0.00634735
0.0410921
-0.00634735
0.040941
-0.00634735
0.0407899
-0.00634735
0.0406387
-0.00634735
0.0404876
-0.00634735
0.0403365
-0.00634735
0.0401853
-0.00634735
0.0400342
-0.00634735
0.0398831
-0.00634735
0.039732
-0.00634735
0.0395808
-0.00634735
0.0394297
-0.00634735
0.0392786
-0.00634735
0.0391275
-0.00634735
0.0389763
-0.00634735
0.0388252
-0.00634735
0.0386741
-0.00634735
0.0385229
-0.00634735
0.0383718
-0.00634735
0.0382207
-0.00634735
0.0380696
-0.00634735
0.0379184
-0.00634735
0.0377673
-0.00634735
0.0376162
-0.00634735
0.0374651
-0.00634735
0.0373139
-0.00634735
0.0371628
-0.00634735
0.0370117
-0.00634735
0.0368605
-0.00634735
0.0367094
-0.00634735
0.0365583
-0.00634735
0.0364072
-0.00634735
0.036256
-0.00634735
0.0361049
-0.00634735
0.0359538
-0.00634735
0.0358026
-0.00634735
0.0356515
-0.00634735
0.0355004
-0.00634735
0.0353493
-0.00634735
0.0351982
-0.00634735
0.0350471
-0.00634734
0.034897
-0.0063473
0.034754
-0.00634691
0.0346617
-0.00634382
0.0350055
-0.00631222
0.0373688
-0.00609747
0.0434021
-0.00466478
0.0488053
0.00012142
0.0512192
0.00511575
0.0520874
0.00677566
0.0518987
0.00737173
0.0517516
0.00750484
0.0515376
0.00768539
0.051368
0.00772198
0.0511608
0.00773612
0.0508855
0.00776435
0.0506173
0.00776329
0.0503782
0.00774864
0.0501519
0.00774072
0.0499384
0.00773724
0.0497364
0.00772742
0.0495379
0.0077173
0.0493182
0.00772016
0.0490855
0.00771407
0.0488452
0.00771912
0.0485916
0.00773302
0.0483316
0.00774628
0.00775934
0.04215
-0.00619622
0.0419989
-0.00619622
0.0418477
-0.00619622
0.0416966
-0.00619622
0.0415455
-0.00619622
0.0413944
-0.00619622
0.0412432
-0.00619622
0.0410921
-0.00619622
0.040941
-0.00619622
0.0407899
-0.00619622
0.0406387
-0.00619622
0.0404876
-0.00619622
0.0403365
-0.00619622
0.0401853
-0.00619622
0.0400342
-0.00619622
0.0398831
-0.00619622
0.039732
-0.00619622
0.0395808
-0.00619622
0.0394297
-0.00619622
0.0392786
-0.00619622
0.0391275
-0.00619622
0.0389763
-0.00619622
0.0388252
-0.00619622
0.0386741
-0.00619622
0.0385229
-0.00619622
0.0383718
-0.00619622
0.0382207
-0.00619622
0.0380696
-0.00619622
0.0379184
-0.00619622
0.0377673
-0.00619622
0.0376162
-0.00619622
0.037465
-0.00619622
0.0373139
-0.00619622
0.0371628
-0.00619622
0.0370117
-0.00619622
0.0368605
-0.00619622
0.0367094
-0.00619622
0.0365583
-0.00619622
0.0364072
-0.00619622
0.036256
-0.00619622
0.0361049
-0.00619622
0.0359538
-0.00619622
0.0358026
-0.00619622
0.0356515
-0.00619622
0.0355004
-0.00619622
0.0353493
-0.00619622
0.0351981
-0.00619622
0.035047
-0.00619622
0.0348959
-0.00619622
0.0347452
-0.0061962
0.0345974
-0.00619603
0.0344789
-0.00619437
0.0345604
-0.00618173
0.0359402
-0.00606232
0.0413703
-0.00533721
0.0484923
-0.00182848
0.0516926
0.00382626
0.0519394
0.00673136
0.0516652
0.00759216
0.0515149
0.00779823
0.0513838
0.00787338
0.0511277
0.00800425
0.0508597
0.00801894
0.050626
0.00797724
0.0504207
0.0079369
0.050211
0.0079405
0.0500014
0.00794838
0.0497936
0.00794443
0.049578
0.00795802
0.049348
0.00796459
0.049097
0.00797657
0.0488341
0.0079874
0.0485684
0.00799876
0.0483199
0.00799568
0.00799737
0.04215
-0.00604509
0.0419989
-0.0060451
0.0418477
-0.00604509
0.0416966
-0.0060451
0.0415455
-0.00604509
0.0413944
-0.0060451
0.0412432
-0.00604509
0.0410921
-0.00604509
0.040941
-0.0060451
0.0407899
-0.00604509
0.0406387
-0.0060451
0.0404876
-0.00604509
0.0403365
-0.0060451
0.0401853
-0.00604509
0.0400342
-0.00604509
0.0398831
-0.0060451
0.039732
-0.00604509
0.0395808
-0.0060451
0.0394297
-0.00604509
0.0392786
-0.0060451
0.0391275
-0.00604509
0.0389763
-0.00604509
0.0388252
-0.0060451
0.0386741
-0.00604509
0.0385229
-0.0060451
0.0383718
-0.00604509
0.0382207
-0.0060451
0.0380696
-0.00604509
0.0379184
-0.00604509
0.0377673
-0.0060451
0.0376162
-0.00604509
0.0374651
-0.0060451
0.0373139
-0.00604509
0.0371628
-0.0060451
0.0370117
-0.00604509
0.0368605
-0.00604509
0.0367094
-0.0060451
0.0365583
-0.00604509
0.0364072
-0.0060451
0.036256
-0.00604509
0.0361049
-0.0060451
0.0359538
-0.00604509
0.0358026
-0.00604509
0.0356515
-0.0060451
0.0355004
-0.00604509
0.0353493
-0.0060451
0.0351981
-0.00604509
0.035047
-0.0060451
0.0348959
-0.00604509
0.0347448
-0.00604509
0.0345938
-0.00604508
0.0344444
-0.006045
0.0343069
-0.00604429
0.0342828
-0.00603771
0.0349272
-0.00598593
0.0387215
-0.00557582
0.0457043
-0.00316469
0.0502872
0.00190719
0.0516716
0.00636164
0.051671
0.0078103
0.0514133
0.00812266
0.0510466
0.00835857
0.050901
0.00816315
0.0507194
0.00814909
0.050489
0.0081583
0.0502624
0.00817264
0.0500452
0.00818554
0.0498114
0.00819844
0.0495741
0.00822284
0.0493162
0.0082488
0.0490506
0.00826175
0.0487908
0.00825608
0.0485471
0.00824573
0.0483102
0.00823645
0.00822918
0.04215
-0.00589397
0.0419989
-0.00589397
0.0418477
-0.00589397
0.0416966
-0.00589397
0.0415455
-0.00589397
0.0413944
-0.00589397
0.0412432
-0.00589397
0.0410921
-0.00589397
0.040941
-0.00589397
0.0407899
-0.00589397
0.0406387
-0.00589397
0.0404876
-0.00589397
0.0403365
-0.00589397
0.0401853
-0.00589397
0.0400342
-0.00589397
0.0398831
-0.00589397
0.039732
-0.00589397
0.0395808
-0.00589397
0.0394297
-0.00589397
0.0392786
-0.00589397
0.0391275
-0.00589397
0.0389763
-0.00589397
0.0388252
-0.00589397
0.0386741
-0.00589397
0.0385229
-0.00589397
0.0383718
-0.00589397
0.0382207
-0.00589397
0.0380696
-0.00589397
0.0379184
-0.00589397
0.0377673
-0.00589397
0.0376162
-0.00589397
0.037465
-0.00589397
0.0373139
-0.00589397
0.0371628
-0.00589397
0.0370117
-0.00589397
0.0368605
-0.00589397
0.0367094
-0.00589397
0.0365583
-0.00589397
0.0364072
-0.00589397
0.036256
-0.00589397
0.0361049
-0.00589397
0.0359538
-0.00589397
0.0358026
-0.00589397
0.0356515
-0.00589397
0.0355004
-0.00589397
0.0353493
-0.00589397
0.0351981
-0.00589397
0.035047
-0.00589397
0.0348959
-0.00589397
0.0347448
-0.00589397
0.0345936
-0.00589397
0.0344426
-0.00589396
0.0342922
-0.00589392
0.0341481
-0.00589359
0.0340524
-0.00589058
0.0343464
-0.00586494
0.0367594
-0.00561116
0.0428493
-0.00422511
0.0482572
0.000799381
0.0506929
0.00540808
0.0508195
0.00805932
0.0509281
0.0082955
0.0509755
0.00813683
0.0507518
0.00834856
0.0504838
0.0084031
0.0502339
0.0084262
0.0500091
0.00844643
0.0497664
0.00846636
0.0494932
0.008519
0.0492284
0.00853093
0.0489877
0.00850821
0.0487475
0.00849657
0.0485137
0.00848113
0.048292
0.00846468
0.00844812
0.04215
-0.00574284
0.0419989
-0.00574284
0.0418477
-0.00574284
0.0416966
-0.00574284
0.0415455
-0.00574284
0.0413944
-0.00574284
0.0412432
-0.00574284
0.0410921
-0.00574284
0.040941
-0.00574284
0.0407899
-0.00574284
0.0406387
-0.00574284
0.0404876
-0.00574284
0.0403365
-0.00574284
0.0401853
-0.00574284
0.0400342
-0.00574284
0.0398831
-0.00574284
0.039732
-0.00574284
0.0395808
-0.00574284
0.0394297
-0.00574284
0.0392786
-0.00574284
0.0391275
-0.00574284
0.0389763
-0.00574284
0.0388252
-0.00574284
0.0386741
-0.00574284
0.0385229
-0.00574284
0.0383718
-0.00574284
0.0382207
-0.00574284
0.0380696
-0.00574284
0.0379184
-0.00574284
0.0377673
-0.00574284
0.0376162
-0.00574284
0.0374651
-0.00574284
0.0373139
-0.00574284
0.0371628
-0.00574284
0.0370117
-0.00574284
0.0368605
-0.00574284
0.0367094
-0.00574284
0.0365583
-0.00574284
0.0364072
-0.00574284
0.036256
-0.00574284
0.0361049
-0.00574284
0.0359538
-0.00574284
0.0358026
-0.00574284
0.0356515
-0.00574284
0.0355004
-0.00574284
0.0353493
-0.00574284
0.0351981
-0.00574284
0.035047
-0.00574284
0.0348959
-0.00574284
0.0347448
-0.00574284
0.0345936
-0.00574284
0.0344425
-0.00574284
0.0342914
-0.00574284
0.0341407
-0.00574282
0.0339927
-0.00574266
0.0338691
-0.00574115
0.033977
-0.00572487
0.035349
-0.00560725
0.0407796
-0.00469
0.0471838
-0.000946886
0.050484
0.00507018
0.05115
0.00767714
0.050909
0.00824656
0.0506442
0.00847878
0.0503191
0.00868669
0.0501569
0.00860866
0.0499486
0.00867094
0.0496805
0.00874443
0.0494159
0.00878465
0.0491806
0.00876635
0.0489513
0.00873057
0.0487328
0.00870928
0.0485164
0.00869425
0.0483058
0.00868102
0.00866856
0.04215
-0.00559171
0.0419989
-0.00559171
0.0418477
-0.00559171
0.0416966
-0.00559171
0.0415455
-0.00559171
0.0413944
-0.00559171
0.0412432
-0.00559171
0.0410921
-0.00559171
0.040941
-0.00559171
0.0407899
-0.00559171
0.0406387
-0.00559171
0.0404876
-0.00559171
0.0403365
-0.00559171
0.0401853
-0.00559171
0.0400342
-0.00559171
0.0398831
-0.00559171
0.039732
-0.00559171
0.0395808
-0.00559171
0.0394297
-0.00559171
0.0392786
-0.00559171
0.0391275
-0.00559171
0.0389763
-0.00559171
0.0388252
-0.00559171
0.0386741
-0.00559171
0.0385229
-0.00559171
0.0383718
-0.00559171
0.0382207
-0.00559171
0.0380696
-0.00559171
0.0379184
-0.00559171
0.0377673
-0.00559171
0.0376162
-0.00559171
0.037465
-0.00559171
0.0373139
-0.00559171
0.0371628
-0.00559171
0.0370117
-0.00559171
0.0368605
-0.00559171
0.0367094
-0.00559171
0.0365583
-0.00559171
0.0364072
-0.00559171
0.036256
-0.00559171
0.0361049
-0.00559171
0.0359538
-0.00559171
0.0358026
-0.00559171
0.0356515
-0.00559171
0.0355004
-0.00559171
0.0353493
-0.00559171
0.0351981
-0.00559171
0.035047
-0.00559171
0.0348959
-0.00559171
0.0347448
-0.00559171
0.0345936
-0.00559171
0.0344425
-0.00559171
0.0342914
-0.00559171
0.0341403
-0.00559171
0.0339893
-0.0055917
0.0338398
-0.00559162
0.0337054
-0.00559076
0.0336807
-0.00558355
0.0345116
-0.00551562
0.0385604
-0.00500293
0.0460115
-0.00222177
0.0502131
0.00361966
0.0506015
0.00753799
0.0503074
0.00860402
0.0502389
0.00866751
0.0501704
0.00867377
0.0499405
0.00889607
0.0496669
0.00902177
0.0494368
0.0090184
0.0492243
0.00897429
0.0490019
0.00893249
0.0487765
0.00891606
0.0485522
0.00890797
0.0483334
0.00890181
0.00890356
0.04215
-0.00544058
0.0419989
-0.00544059
0.0418477
-0.00544058
0.0416966
-0.00544059
0.0415455
-0.00544058
0.0413944
-0.00544059
0.0412432
-0.00544058
0.0410921
-0.00544059
0.040941
-0.00544058
0.0407899
-0.00544059
0.0406387
-0.00544058
0.0404876
-0.00544059
0.0403365
-0.00544058
0.0401853
-0.00544059
0.0400342
-0.00544058
0.0398831
-0.00544059
0.039732
-0.00544058
0.0395808
-0.00544059
0.0394297
-0.00544058
0.0392786
-0.00544059
0.0391275
-0.00544058
0.0389763
-0.00544059
0.0388252
-0.00544058
0.0386741
-0.00544059
0.0385229
-0.00544058
0.0383718
-0.00544059
0.0382207
-0.00544058
0.0380696
-0.00544059
0.0379184
-0.00544058
0.0377673
-0.00544059
0.0376162
-0.00544058
0.0374651
-0.00544059
0.0373139
-0.00544058
0.0371628
-0.00544059
0.0370117
-0.00544058
0.0368605
-0.00544059
0.0367094
-0.00544058
0.0365583
-0.00544058
0.0364072
-0.00544059
0.036256
-0.00544058
0.0361049
-0.00544059
0.0359538
-0.00544058
0.0358026
-0.00544059
0.0356515
-0.00544058
0.0355004
-0.00544059
0.0353493
-0.00544058
0.0351981
-0.00544059
0.035047
-0.00544058
0.0348959
-0.00544059
0.0347448
-0.00544058
0.0345936
-0.00544059
0.0344425
-0.00544058
0.0342914
-0.00544059
0.0341402
-0.00544058
0.0339891
-0.00544059
0.0338381
-0.00544058
0.0336879
-0.00544054
0.0335444
-0.00544012
0.0334659
-0.00543623
0.0338625
-0.00539958
0.0367723
-0.00510125
0.0434975
-0.00309352
0.0486511
0.00214849
0.0502365
0.00721977
0.0504388
0.00844024
0.0501583
0.00890673
0.0497881
0.00924423
0.049598
0.00924647
0.0495143
0.0091433
0.0493271
0.00915207
0.0490835
0.00914368
0.0488335
0.00914502
0.0485921
0.00913918
0.0483594
0.00913668
0.00914864
0.04215
-0.00528946
0.0419989
-0.00528946
0.0418477
-0.00528946
0.0416966
-0.00528946
0.0415455
-0.00528946
0.0413944
-0.00528946
0.0412432
-0.00528946
0.0410921
-0.00528946
0.040941
-0.00528946
0.0407899
-0.00528946
0.0406387
-0.00528946
0.0404876
-0.00528946
0.0403365
-0.00528946
0.0401853
-0.00528946
0.0400342
-0.00528946
0.0398831
-0.00528946
0.039732
-0.00528946
0.0395808
-0.00528946
0.0394297
-0.00528946
0.0392786
-0.00528946
0.0391275
-0.00528946
0.0389763
-0.00528946
0.0388252
-0.00528946
0.0386741
-0.00528946
0.0385229
-0.00528946
0.0383718
-0.00528946
0.0382207
-0.00528946
0.0380696
-0.00528946
0.0379184
-0.00528946
0.0377673
-0.00528946
0.0376162
-0.00528946
0.037465
-0.00528946
0.0373139
-0.00528946
0.0371628
-0.00528946
0.0370117
-0.00528946
0.0368605
-0.00528946
0.0367094
-0.00528946
0.0365583
-0.00528946
0.0364072
-0.00528946
0.036256
-0.00528946
0.0361049
-0.00528946
0.0359538
-0.00528946
0.0358026
-0.00528946
0.0356515
-0.00528946
0.0355004
-0.00528946
0.0353493
-0.00528946
0.0351981
-0.00528946
0.035047
-0.00528946
0.0348959
-0.00528946
0.0347448
-0.00528946
0.0345936
-0.00528946
0.0344425
-0.00528946
0.0342914
-0.00528946
0.0341402
-0.00528946
0.0339891
-0.00528946
0.033838
-0.00528946
0.0336869
-0.00528946
0.0335362
-0.00528943
0.0333892
-0.00528921
0.0332764
-0.00528705
0.0334458
-0.00526783
0.0353757
-0.00505689
0.0412529
-0.00375451
0.0473811
0.00121689
0.0491732
0.0064445
0.049147
0.00880224
0.0492054
0.00927283
0.0495705
0.00911985
0.0495491
0.00923591
0.0493701
0.00934034
0.0491136
0.00936518
0.0488584
0.00937003
0.0486132
0.00936583
0.0483643
0.00937805
0.0093908
0.04215
-0.00513833
0.0419989
-0.00513833
0.0418477
-0.00513833
0.0416966
-0.00513833
0.0415455
-0.00513833
0.0413944
-0.00513833
0.0412432
-0.00513833
0.0410921
-0.00513833
0.040941
-0.00513833
0.0407899
-0.00513833
0.0406387
-0.00513833
0.0404876
-0.00513833
0.0403365
-0.00513833
0.0401853
-0.00513833
0.0400342
-0.00513833
0.0398831
-0.00513833
0.039732
-0.00513833
0.0395808
-0.00513833
0.0394297
-0.00513833
0.0392786
-0.00513833
0.0391275
-0.00513833
0.0389763
-0.00513833
0.0388252
-0.00513833
0.0386741
-0.00513833
0.0385229
-0.00513833
0.0383718
-0.00513833
0.0382207
-0.00513833
0.0380696
-0.00513833
0.0379184
-0.00513833
0.0377673
-0.00513833
0.0376162
-0.00513833
0.037465
-0.00513833
0.0373139
-0.00513833
0.0371628
-0.00513833
0.0370117
-0.00513833
0.0368605
-0.00513833
0.0367094
-0.00513833
0.0365583
-0.00513833
0.0364072
-0.00513833
0.036256
-0.00513833
0.0361049
-0.00513833
0.0359538
-0.00513833
0.0358026
-0.00513833
0.0356515
-0.00513833
0.0355004
-0.00513833
0.0353493
-0.00513833
0.0351981
-0.00513833
0.035047
-0.00513833
0.0348959
-0.00513833
0.0347448
-0.00513833
0.0345936
-0.00513833
0.0344425
-0.00513833
0.0342914
-0.00513833
0.0341402
-0.00513833
0.0339891
-0.00513833
0.033838
-0.00513833
0.0336869
-0.00513833
0.0335358
-0.00513833
0.0333849
-0.00513832
0.033236
-0.0051382
0.0331053
-0.005137
0.033168
-0.00512289
0.0344203
-0.00501014
0.039793
-0.00407595
0.0458846
0.000224467
0.0486909
0.00600981
0.0497499
0.0085881
0.0496757
0.00917914
0.0495075
0.00936842
0.0492793
0.00953474
0.0490694
0.00953464
0.0488441
0.00956195
0.0486025
0.00958178
0.0483521
0.00961556
0.00962541
0.04215
-0.0049872
0.0419989
-0.0049872
0.0418477
-0.0049872
0.0416966
-0.0049872
0.0415455
-0.0049872
0.0413944
-0.0049872
0.0412432
-0.0049872
0.0410921
-0.0049872
0.040941
-0.0049872
0.0407899
-0.0049872
0.0406387
-0.0049872
0.0404876
-0.0049872
0.0403365
-0.0049872
0.0401853
-0.0049872
0.0400342
-0.0049872
0.0398831
-0.0049872
0.039732
-0.0049872
0.0395808
-0.0049872
0.0394297
-0.0049872
0.0392786
-0.0049872
0.0391275
-0.0049872
0.0389763
-0.0049872
0.0388252
-0.0049872
0.0386741
-0.0049872
0.0385229
-0.0049872
0.0383718
-0.0049872
0.0382207
-0.0049872
0.0380696
-0.0049872
0.0379184
-0.0049872
0.0377673
-0.0049872
0.0376162
-0.0049872
0.0374651
-0.0049872
0.0373139
-0.0049872
0.0371628
-0.0049872
0.0370117
-0.0049872
0.0368605
-0.0049872
0.0367094
-0.0049872
0.0365583
-0.0049872
0.0364072
-0.0049872
0.036256
-0.0049872
0.0361049
-0.0049872
0.0359538
-0.0049872
0.0358026
-0.0049872
0.0356515
-0.0049872
0.0355004
-0.0049872
0.0353493
-0.0049872
0.0351981
-0.0049872
0.035047
-0.0049872
0.0348959
-0.0049872
0.0347448
-0.0049872
0.0345936
-0.0049872
0.0344425
-0.0049872
0.0342914
-0.0049872
0.0341402
-0.0049872
0.0339891
-0.0049872
0.033838
-0.0049872
0.0336869
-0.0049872
0.0335357
-0.0049872
0.0333846
-0.0049872
0.0332336
-0.0049872
0.0330838
-0.00498712
0.0329472
-0.00498634
0.0329155
-0.00497914
0.0337581
-0.00490571
0.0382683
-0.00432353
0.0454166
-0.00105333
0.0491553
0.00489397
0.04972
0.00849411
0.0494023
0.00965067
0.049271
0.0096189
0.0491339
0.00967406
0.0489285
0.00974313
0.0486181
0.0098574
0.0483592
0.0098834
0.0098593
0.04215
-0.00483608
0.0419989
-0.00483608
0.0418477
-0.00483608
0.0416966
-0.00483608
0.0415455
-0.00483608
0.0413944
-0.00483608
0.0412432
-0.00483608
0.0410921
-0.00483608
0.040941
-0.00483608
0.0407899
-0.00483608
0.0406387
-0.00483608
0.0404876
-0.00483608
0.0403365
-0.00483608
0.0401853
-0.00483608
0.0400342
-0.00483608
0.0398831
-0.00483608
0.039732
-0.00483608
0.0395808
-0.00483608
0.0394297
-0.00483608
0.0392786
-0.00483608
0.0391275
-0.00483608
0.0389763
-0.00483608
0.0388252
-0.00483608
0.0386741
-0.00483608
0.0385229
-0.00483608
0.0383718
-0.00483608
0.0382207
-0.00483608
0.0380696
-0.00483608
0.0379184
-0.00483608
0.0377673
-0.00483608
0.0376162
-0.00483608
0.037465
-0.00483608
0.0373139
-0.00483608
0.0371628
-0.00483608
0.0370117
-0.00483608
0.0368605
-0.00483608
0.0367094
-0.00483608
0.0365583
-0.00483608
0.0364072
-0.00483608
0.036256
-0.00483608
0.0361049
-0.00483608
0.0359538
-0.00483608
0.0358026
-0.00483608
0.0356515
-0.00483608
0.0355004
-0.00483608
0.0353493
-0.00483608
0.0351981
-0.00483608
0.035047
-0.00483608
0.0348959
-0.00483608
0.0347448
-0.00483608
0.0345936
-0.00483608
0.0344425
-0.00483608
0.0342914
-0.00483608
0.0341402
-0.00483608
0.0339891
-0.00483608
0.033838
-0.00483608
0.0336869
-0.00483608
0.0335357
-0.00483608
0.0333846
-0.00483608
0.0332335
-0.00483608
0.0330824
-0.00483607
0.0329321
-0.00483603
0.0327886
-0.00483559
0.0327151
-0.00483123
0.0331744
-0.00478875
0.0365532
-0.00443512
0.0433629
-0.00206873
0.0481336
0.00352512
0.0494385
0.00863554
0.0495257
0.0096436
0.04929
0.00989433
0.0488441
0.0100822
0.0485419
0.0101885
0.0483694
0.0101045
0.01009
0.04215
-0.00468495
0.0419989
-0.00468495
0.0418477
-0.00468495
0.0416966
-0.00468495
0.0415455
-0.00468495
0.0413944
-0.00468495
0.0412432
-0.00468495
0.0410921
-0.00468495
0.040941
-0.00468495
0.0407899
-0.00468495
0.0406387
-0.00468495
0.0404876
-0.00468495
0.0403365
-0.00468495
0.0401853
-0.00468495
0.0400342
-0.00468495
0.0398831
-0.00468495
0.039732
-0.00468495
0.0395808
-0.00468495
0.0394297
-0.00468495
0.0392786
-0.00468495
0.0391275
-0.00468495
0.0389763
-0.00468495
0.0388252
-0.00468495
0.0386741
-0.00468495
0.0385229
-0.00468495
0.0383718
-0.00468495
0.0382207
-0.00468495
0.0380696
-0.00468495
0.0379184
-0.00468495
0.0377673
-0.00468495
0.0376162
-0.00468495
0.0374651
-0.00468495
0.0373139
-0.00468495
0.0371628
-0.00468495
0.0370117
-0.00468495
0.0368605
-0.00468495
0.0367094
-0.00468495
0.0365583
-0.00468495
0.0364072
-0.00468495
0.036256
-0.00468495
0.0361049
-0.00468495
0.0359538
-0.00468495
0.0358026
-0.00468495
0.0356515
-0.00468495
0.0355004
-0.00468495
0.0353493
-0.00468495
0.0351981
-0.00468495
0.035047
-0.00468495
0.0348959
-0.00468495
0.0347448
-0.00468495
0.0345936
-0.00468495
0.0344425
-0.00468495
0.0342914
-0.00468495
0.0341402
-0.00468495
0.0339891
-0.00468495
0.033838
-0.00468495
0.0336869
-0.00468495
0.0335357
-0.00468495
0.0333846
-0.00468495
0.0332335
-0.00468495
0.0330824
-0.00468495
0.0329313
-0.00468495
0.0327806
-0.00468492
0.0326341
-0.00468467
0.0325266
-0.00468203
0.0327486
-0.00465833
0.0349998
-0.00438418
0.0412295
-0.00271597
0.0471478
0.00297422
0.0485667
0.00812437
0.0485684
0.00976483
0.0483881
0.0102347
0.0484475
0.0102108
0.0483909
0.0102518
0.0102941
0.04215
-0.00453382
0.0419989
-0.00453382
0.0418477
-0.00453382
0.0416966
-0.00453382
0.0415455
-0.00453382
0.0413944
-0.00453382
0.0412432
-0.00453382
0.0410921
-0.00453382
0.040941
-0.00453382
0.0407899
-0.00453382
0.0406387
-0.00453382
0.0404876
-0.00453382
0.0403365
-0.00453382
0.0401853
-0.00453382
0.0400342
-0.00453382
0.0398831
-0.00453382
0.039732
-0.00453382
0.0395808
-0.00453382
0.0394297
-0.00453382
0.0392786
-0.00453382
0.0391275
-0.00453382
0.0389763
-0.00453382
0.0388252
-0.00453382
0.0386741
-0.00453382
0.0385229
-0.00453382
0.0383718
-0.00453382
0.0382207
-0.00453382
0.0380696
-0.00453382
0.0379184
-0.00453382
0.0377673
-0.00453382
0.0376162
-0.00453382
0.037465
-0.00453382
0.0373139
-0.00453382
0.0371628
-0.00453382
0.0370117
-0.00453382
0.0368605
-0.00453382
0.0367094
-0.00453382
0.0365583
-0.00453382
0.0364072
-0.00453382
0.036256
-0.00453382
0.0361049
-0.00453382
0.0359538
-0.00453382
0.0358026
-0.00453382
0.0356515
-0.00453382
0.0355004
-0.00453382
0.0353493
-0.00453382
0.0351981
-0.00453382
0.035047
-0.00453382
0.0348959
-0.00453382
0.0347448
-0.00453382
0.0345936
-0.00453382
0.0344425
-0.00453382
0.0342914
-0.00453382
0.0341402
-0.00453382
0.0339891
-0.00453382
0.033838
-0.00453382
0.0336869
-0.00453382
0.0335357
-0.00453382
0.0333846
-0.00453382
0.0332335
-0.00453382
0.0330824
-0.00453382
0.0329312
-0.00453382
0.0327801
-0.00453382
0.0326293
-0.0045338
0.0324808
-0.00453365
0.0323546
-0.00453211
0.0324773
-0.00451237
0.0341094
-0.00434419
0.0401528
-0.00295996
0.0462566
0.00179771
0.0480604
0.00783485
0.0485562
0.010036
0.0486749
0.0100721
0.048383
0.0104792
0.0105093
0.04215
-0.00438269
0.0419989
-0.00438269
0.0418477
-0.00438269
0.0416966
-0.00438269
0.0415455
-0.00438269
0.0413944
-0.00438269
0.0412432
-0.00438269
0.0410921
-0.00438269
0.040941
-0.00438269
0.0407899
-0.00438269
0.0406387
-0.00438269
0.0404876
-0.00438269
0.0403365
-0.00438269
0.0401853
-0.00438269
0.0400342
-0.00438269
0.0398831
-0.00438269
0.039732
-0.00438269
0.0395808
-0.00438269
0.0394297
-0.00438269
0.0392786
-0.00438269
0.0391275
-0.00438269
0.0389763
-0.00438269
0.0388252
-0.00438269
0.0386741
-0.00438269
0.0385229
-0.00438269
0.0383718
-0.00438269
0.0382207
-0.00438269
0.0380696
-0.00438269
0.0379184
-0.00438269
0.0377673
-0.00438269
0.0376162
-0.00438269
0.0374651
-0.00438269
0.0373139
-0.00438269
0.0371628
-0.00438269
0.0370117
-0.00438269
0.0368605
-0.00438269
0.0367094
-0.00438269
0.0365583
-0.00438269
0.0364072
-0.00438269
0.036256
-0.00438269
0.0361049
-0.00438269
0.0359538
-0.00438269
0.0358026
-0.00438269
0.0356515
-0.00438269
0.0355004
-0.00438269
0.0353493
-0.00438269
0.0351981
-0.00438269
0.035047
-0.00438269
0.0348959
-0.00438269
0.0347448
-0.00438269
0.0345936
-0.00438269
0.0344425
-0.00438269
0.0342914
-0.00438269
0.0341402
-0.00438269
0.0339891
-0.00438269
0.033838
-0.00438269
0.0336869
-0.00438269
0.0335357
-0.00438269
0.0333846
-0.00438269
0.0332335
-0.00438269
0.0330824
-0.00438269
0.0329312
-0.00438269
0.0327801
-0.00438269
0.032629
-0.00438269
0.032478
-0.00438268
0.0323285
-0.00438258
0.0321976
-0.00438144
0.0322233
-0.00436974
0.0335352
-0.0042471
0.0385185
-0.00323674
0.0452608
0.00118199
0.0478946
0.00738782
0.0481018
0.00987042
0.0481285
0.0104814
0.0106853
0.04215
-0.00423157
0.0419989
-0.00423157
0.0418477
-0.00423157
0.0416966
-0.00423157
0.0415455
-0.00423157
0.0413944
-0.00423157
0.0412432
-0.00423157
0.0410921
-0.00423157
0.040941
-0.00423157
0.0407899
-0.00423157
0.0406387
-0.00423157
0.0404876
-0.00423157
0.0403365
-0.00423157
0.0401853
-0.00423157
0.0400342
-0.00423157
0.0398831
-0.00423157
0.039732
-0.00423157
0.0395808
-0.00423157
0.0394297
-0.00423157
0.0392786
-0.00423157
0.0391275
-0.00423157
0.0389763
-0.00423157
0.0388252
-0.00423157
0.0386741
-0.00423157
0.0385229
-0.00423157
0.0383718
-0.00423157
0.0382207
-0.00423157
0.0380696
-0.00423157
0.0379184
-0.00423157
0.0377673
-0.00423157
0.0376162
-0.00423157
0.037465
-0.00423157
0.0373139
-0.00423157
0.0371628
-0.00423157
0.0370117
-0.00423157
0.0368605
-0.00423157
0.0367094
-0.00423157
0.0365583
-0.00423157
0.0364072
-0.00423157
0.036256
-0.00423157
0.0361049
-0.00423157
0.0359538
-0.00423157
0.0358026
-0.00423157
0.0356515
-0.00423157
0.0355004
-0.00423157
0.0353493
-0.00423157
0.0351981
-0.00423157
0.035047
-0.00423157
0.0348959
-0.00423157
0.0347448
-0.00423157
0.0345936
-0.00423157
0.0344425
-0.00423157
0.0342914
-0.00423157
0.0341402
-0.00423157
0.0339891
-0.00423157
0.033838
-0.00423157
0.0336869
-0.00423157
0.0335357
-0.00423157
0.0333846
-0.00423157
0.0332335
-0.00423157
0.0330824
-0.00423157
0.0329312
-0.00423157
0.0327801
-0.00423157
0.032629
-0.00423157
0.0324779
-0.00423157
0.0323268
-0.00423156
0.0321769
-0.00423149
0.0320379
-0.00423077
0.0320156
-0.00422266
0.0329106
-0.00413367
0.0375453
-0.00342267
0.0441048
0.000640957
0.0473099
0.00656046
0.04787
0.0100531
0.010804
0.04215
-0.00408044
0.0419989
-0.00408044
0.0418477
-0.00408044
0.0416966
-0.00408044
0.0415455
-0.00408044
0.0413944
-0.00408044
0.0412432
-0.00408044
0.0410921
-0.00408044
0.040941
-0.00408044
0.0407899
-0.00408044
0.0406387
-0.00408044
0.0404876
-0.00408044
0.0403365
-0.00408044
0.0401853
-0.00408044
0.0400342
-0.00408044
0.0398831
-0.00408044
0.039732
-0.00408044
0.0395808
-0.00408044
0.0394297
-0.00408044
0.0392786
-0.00408044
0.0391275
-0.00408044
0.0389763
-0.00408044
0.0388252
-0.00408044
0.0386741
-0.00408044
0.0385229
-0.00408044
0.0383718
-0.00408044
0.0382207
-0.00408044
0.0380696
-0.00408044
0.0379184
-0.00408044
0.0377673
-0.00408044
0.0376162
-0.00408044
0.0374651
-0.00408044
0.0373139
-0.00408044
0.0371628
-0.00408044
0.0370117
-0.00408044
0.0368605
-0.00408044
0.0367094
-0.00408044
0.0365583
-0.00408044
0.0364072
-0.00408044
0.036256
-0.00408044
0.0361049
-0.00408044
0.0359538
-0.00408044
0.0358026
-0.00408044
0.0356515
-0.00408044
0.0355004
-0.00408044
0.0353493
-0.00408044
0.0351981
-0.00408044
0.035047
-0.00408044
0.0348959
-0.00408044
0.0347448
-0.00408044
0.0345936
-0.00408044
0.0344425
-0.00408044
0.0342914
-0.00408044
0.0341402
-0.00408044
0.0339891
-0.00408044
0.033838
-0.00408044
0.0336869
-0.00408044
0.0335357
-0.00408044
0.0333846
-0.00408044
0.0332335
-0.00408044
0.0330824
-0.00408044
0.0329312
-0.00408044
0.0327801
-0.00408044
0.032629
-0.00408044
0.0324778
-0.00408044
0.0323267
-0.00408044
0.0321757
-0.00408043
0.0320253
-0.00408039
0.0318826
-0.00407986
0.0318225
-0.00407401
0.0324194
-0.00401398
0.0365116
-0.00344914
0.04296
0.000119841
0.0468825
0.00620075
0.0102861
0.04215
-0.00392931
0.0419989
-0.00392931
0.0418477
-0.00392931
0.0416966
-0.00392931
0.0415455
-0.00392931
0.0413944
-0.00392931
0.0412432
-0.00392931
0.0410921
-0.00392931
0.040941
-0.00392931
0.0407899
-0.00392931
0.0406387
-0.00392931
0.0404876
-0.00392931
0.0403365
-0.00392931
0.0401853
-0.00392931
0.0400342
-0.00392931
0.0398831
-0.00392931
0.039732
-0.00392931
0.0395808
-0.00392931
0.0394297
-0.00392931
0.0392786
-0.00392931
0.0391275
-0.00392931
0.0389763
-0.00392931
0.0388252
-0.00392931
0.0386741
-0.00392931
0.0385229
-0.00392931
0.0383718
-0.00392931
0.0382207
-0.00392931
0.0380696
-0.00392931
0.0379184
-0.00392931
0.0377673
-0.00392931
0.0376162
-0.00392931
0.037465
-0.00392931
0.0373139
-0.00392931
0.0371628
-0.00392931
0.0370117
-0.00392931
0.0368605
-0.00392931
0.0367094
-0.00392931
0.0365583
-0.00392931
0.0364072
-0.00392931
0.036256
-0.00392931
0.0361049
-0.00392931
0.0359538
-0.00392931
0.0358026
-0.00392931
0.0356515
-0.00392931
0.0355004
-0.00392931
0.0353493
-0.00392931
0.0351981
-0.00392931
0.035047
-0.00392931
0.0348959
-0.00392931
0.0347448
-0.00392931
0.0345936
-0.00392931
0.0344425
-0.00392931
0.0342914
-0.00392931
0.0341402
-0.00392931
0.0339891
-0.00392931
0.033838
-0.00392931
0.0336869
-0.00392931
0.0335357
-0.00392931
0.0333846
-0.00392931
0.0332335
-0.00392931
0.0330824
-0.00392931
0.0329312
-0.00392931
0.0327801
-0.00392931
0.032629
-0.00392931
0.0324778
-0.00392931
0.0323267
-0.00392931
0.0321756
-0.00392931
0.0320245
-0.00392931
0.0318739
-0.00392928
0.0317288
-0.00392892
0.0316403
-0.00392482
0.0320759
-0.00388049
0.0356795
-0.00345662
0.0425519
-0.000669621
0.00703565
0.04215
-0.00377818
0.0419989
-0.00377818
0.0418477
-0.00377818
0.0416966
-0.00377818
0.0415455
-0.00377818
0.0413944
-0.00377818
0.0412432
-0.00377818
0.0410921
-0.00377818
0.040941
-0.00377818
0.0407899
-0.00377818
0.0406387
-0.00377818
0.0404876
-0.00377818
0.0403365
-0.00377818
0.0401853
-0.00377818
0.0400342
-0.00377818
0.0398831
-0.00377818
0.039732
-0.00377818
0.0395808
-0.00377818
0.0394297
-0.00377818
0.0392786
-0.00377818
0.0391275
-0.00377818
0.0389763
-0.00377818
0.0388252
-0.00377818
0.0386741
-0.00377818
0.0385229
-0.00377818
0.0383718
-0.00377818
0.0382207
-0.00377818
0.0380696
-0.00377818
0.0379184
-0.00377818
0.0377673
-0.00377818
0.0376162
-0.00377818
0.0374651
-0.00377818
0.0373139
-0.00377818
0.0371628
-0.00377818
0.0370117
-0.00377818
0.0368605
-0.00377818
0.0367094
-0.00377818
0.0365583
-0.00377818
0.0364072
-0.00377818
0.036256
-0.00377818
0.0361049
-0.00377818
0.0359538
-0.00377818
0.0358026
-0.00377818
0.0356515
-0.00377818
0.0355004
-0.00377818
0.0353493
-0.00377818
0.0351981
-0.00377818
0.035047
-0.00377818
0.0348959
-0.00377818
0.0347448
-0.00377818
0.0345936
-0.00377818
0.0344425
-0.00377818
0.0342914
-0.00377818
0.0341402
-0.00377818
0.0339891
-0.00377818
0.033838
-0.00377818
0.0336869
-0.00377818
0.0335357
-0.00377818
0.0333846
-0.00377818
0.0332335
-0.00377818
0.0330824
-0.00377818
0.0329312
-0.00377818
0.0327801
-0.00377818
0.032629
-0.00377818
0.0324778
-0.00377818
0.0323267
-0.00377818
0.0321756
-0.00377818
0.0320245
-0.00377818
0.0318734
-0.00377818
0.0317226
-0.00377816
0.0315757
-0.00377789
0.0314706
-0.00377493
0.0317606
-0.00374214
0.0345507
-0.00345103
0.00115666
0.04215
-0.00362706
0.0419989
-0.00362706
0.0418477
-0.00362706
0.0416966
-0.00362706
0.0415455
-0.00362706
0.0413944
-0.00362706
0.0412432
-0.00362706
0.0410921
-0.00362706
0.040941
-0.00362706
0.0407899
-0.00362706
0.0406387
-0.00362706
0.0404876
-0.00362706
0.0403365
-0.00362706
0.0401853
-0.00362706
0.0400342
-0.00362706
0.0398831
-0.00362706
0.039732
-0.00362706
0.0395808
-0.00362706
0.0394297
-0.00362706
0.0392786
-0.00362706
0.0391275
-0.00362706
0.0389763
-0.00362706
0.0388252
-0.00362706
0.0386741
-0.00362706
0.0385229
-0.00362706
0.0383718
-0.00362706
0.0382207
-0.00362706
0.0380696
-0.00362706
0.0379184
-0.00362706
0.0377673
-0.00362706
0.0376162
-0.00362706
0.037465
-0.00362706
0.0373139
-0.00362706
0.0371628
-0.00362706
0.0370117
-0.00362706
0.0368605
-0.00362706
0.0367094
-0.00362706
0.0365583
-0.00362706
0.0364072
-0.00362706
0.036256
-0.00362706
0.0361049
-0.00362706
0.0359538
-0.00362706
0.0358026
-0.00362706
0.0356515
-0.00362706
0.0355004
-0.00362706
0.0353493
-0.00362706
0.0351981
-0.00362706
0.035047
-0.00362706
0.0348959
-0.00362706
0.0347448
-0.00362706
0.0345936
-0.00362706
0.0344425
-0.00362706
0.0342914
-0.00362706
0.0341402
-0.00362706
0.0339891
-0.00362706
0.033838
-0.00362706
0.0336869
-0.00362706
0.0335357
-0.00362706
0.0333846
-0.00362706
0.0332335
-0.00362706
0.0330824
-0.00362706
0.0329312
-0.00362706
0.0327801
-0.00362706
0.032629
-0.00362706
0.0324778
-0.00362706
0.0323267
-0.00362706
0.0321756
-0.00362706
0.0320245
-0.00362706
0.0318733
-0.00362706
0.0317222
-0.00362706
0.0315714
-0.00362704
0.0314233
-0.00362684
0.0313061
-0.00362471
0.0314527
-0.00359712
-0.00240779
0.04215
-0.00347593
0.0419989
-0.00347593
0.0418477
-0.00347593
0.0416966
-0.00347593
0.0415455
-0.00347593
0.0413944
-0.00347593
0.0412432
-0.00347593
0.0410921
-0.00347593
0.040941
-0.00347593
0.0407899
-0.00347593
0.0406387
-0.00347593
0.0404876
-0.00347593
0.0403365
-0.00347593
0.0401853
-0.00347593
0.0400342
-0.00347593
0.0398831
-0.00347593
0.039732
-0.00347593
0.0395808
-0.00347593
0.0394297
-0.00347593
0.0392786
-0.00347593
0.0391275
-0.00347593
0.0389763
-0.00347593
0.0388252
-0.00347593
0.0386741
-0.00347593
0.0385229
-0.00347593
0.0383718
-0.00347593
0.0382207
-0.00347593
0.0380696
-0.00347593
0.0379184
-0.00347593
0.0377673
-0.00347593
0.0376162
-0.00347593
0.0374651
-0.00347593
0.0373139
-0.00347593
0.0371628
-0.00347593
0.0370117
-0.00347593
0.0368605
-0.00347593
0.0367094
-0.00347593
0.0365583
-0.00347593
0.0364072
-0.00347593
0.036256
-0.00347593
0.0361049
-0.00347593
0.0359538
-0.00347593
0.0358026
-0.00347593
0.0356515
-0.00347593
0.0355004
-0.00347593
0.0353493
-0.00347593
0.0351981
-0.00347593
0.035047
-0.00347593
0.0348959
-0.00347593
0.0347448
-0.00347593
0.0345936
-0.00347593
0.0344425
-0.00347593
0.0342914
-0.00347593
0.0341402
-0.00347593
0.0339891
-0.00347593
0.033838
-0.00347593
0.0336869
-0.00347593
0.0335357
-0.00347593
0.0333846
-0.00347593
0.0332335
-0.00347593
0.0330824
-0.00347593
0.0329312
-0.00347593
0.0327801
-0.00347593
0.032629
-0.00347593
0.0324778
-0.00347593
0.0323267
-0.00347593
0.0321756
-0.00347593
0.0320245
-0.00347593
0.0318733
-0.00347593
0.0317222
-0.00347593
0.0315711
-0.00347593
0.0314202
-0.00347592
0.0312712
-0.00347574
0.0311459
-0.00347187
-0.00326954
0.04215
-0.0033248
0.0419989
-0.0033248
0.0418477
-0.0033248
0.0416966
-0.0033248
0.0415455
-0.0033248
0.0413944
-0.0033248
0.0412432
-0.0033248
0.0410921
-0.0033248
0.040941
-0.0033248
0.0407899
-0.0033248
0.0406387
-0.0033248
0.0404876
-0.0033248
0.0403365
-0.0033248
0.0401853
-0.0033248
0.0400342
-0.0033248
0.0398831
-0.0033248
0.039732
-0.0033248
0.0395808
-0.0033248
0.0394297
-0.0033248
0.0392786
-0.0033248
0.0391275
-0.0033248
0.0389763
-0.0033248
0.0388252
-0.0033248
0.0386741
-0.0033248
0.0385229
-0.0033248
0.0383718
-0.0033248
0.0382207
-0.0033248
0.0380696
-0.0033248
0.0379184
-0.0033248
0.0377673
-0.0033248
0.0376162
-0.0033248
0.037465
-0.0033248
0.0373139
-0.0033248
0.0371628
-0.0033248
0.0370117
-0.0033248
0.0368605
-0.0033248
0.0367094
-0.0033248
0.0365583
-0.0033248
0.0364072
-0.0033248
0.036256
-0.0033248
0.0361049
-0.0033248
0.0359538
-0.0033248
0.0358026
-0.0033248
0.0356515
-0.0033248
0.0355004
-0.0033248
0.0353493
-0.0033248
0.0351981
-0.0033248
0.035047
-0.0033248
0.0348959
-0.0033248
0.0347448
-0.0033248
0.0345936
-0.0033248
0.0344425
-0.0033248
0.0342914
-0.0033248
0.0341402
-0.0033248
0.0339891
-0.0033248
0.033838
-0.0033248
0.0336869
-0.0033248
0.0335357
-0.0033248
0.0333846
-0.0033248
0.0332335
-0.0033248
0.0330824
-0.0033248
0.0329312
-0.0033248
0.0327801
-0.0033248
0.032629
-0.0033248
0.0324778
-0.0033248
0.0323267
-0.0033248
0.0321756
-0.0033248
0.0320245
-0.0033248
0.0318733
-0.0033248
0.0317222
-0.0033248
0.0315711
-0.0033248
0.03142
-0.0033248
0.031269
-0.00332478
0.0311213
-0.00332415
-0.003297
0.04215
-0.00317367
0.0419989
-0.00317368
0.0418477
-0.00317367
0.0416966
-0.00317368
0.0415455
-0.00317367
0.0413944
-0.00317368
0.0412432
-0.00317367
0.0410921
-0.00317368
0.040941
-0.00317367
0.0407899
-0.00317368
0.0406387
-0.00317367
0.0404876
-0.00317367
0.0403365
-0.00317368
0.0401853
-0.00317367
0.0400342
-0.00317368
0.0398831
-0.00317367
0.039732
-0.00317368
0.0395808
-0.00317367
0.0394297
-0.00317368
0.0392786
-0.00317367
0.0391275
-0.00317367
0.0389763
-0.00317368
0.0388252
-0.00317367
0.0386741
-0.00317368
0.0385229
-0.00317367
0.0383718
-0.00317368
0.0382207
-0.00317367
0.0380696
-0.00317368
0.0379184
-0.00317367
0.0377673
-0.00317368
0.0376162
-0.00317367
0.037465
-0.00317367
0.0373139
-0.00317368
0.0371628
-0.00317367
0.0370117
-0.00317368
0.0368605
-0.00317367
0.0367094
-0.00317368
0.0365583
-0.00317367
0.0364072
-0.00317368
0.036256
-0.00317367
0.0361049
-0.00317367
0.0359538
-0.00317368
0.0358026
-0.00317367
0.0356515
-0.00317368
0.0355004
-0.00317367
0.0353493
-0.00317368
0.0351981
-0.00317367
0.035047
-0.00317368
0.0348959
-0.00317367
0.0347448
-0.00317368
0.0345936
-0.00317367
0.0344425
-0.00317367
0.0342914
-0.00317368
0.0341402
-0.00317367
0.0339891
-0.00317368
0.033838
-0.00317367
0.0336869
-0.00317368
0.0335357
-0.00317367
0.0333846
-0.00317368
0.0332335
-0.00317367
0.0330824
-0.00317367
0.0329312
-0.00317368
0.0327801
-0.00317367
0.032629
-0.00317368
0.0324778
-0.00317367
0.0323267
-0.00317368
0.0321756
-0.00317367
0.0320245
-0.00317368
0.0318733
-0.00317367
0.0317222
-0.00317368
0.0315711
-0.00317367
0.03142
-0.00317367
0.0312688
-0.00317367
0.0311183
-0.00317358
-0.00317032
0.04215
-0.00302255
0.0419989
-0.00302255
0.0418477
-0.00302255
0.0416966
-0.00302255
0.0415455
-0.00302255
0.0413944
-0.00302255
0.0412432
-0.00302255
0.0410921
-0.00302255
0.040941
-0.00302255
0.0407899
-0.00302255
0.0406387
-0.00302255
0.0404876
-0.00302255
0.0403365
-0.00302255
0.0401853
-0.00302255
0.0400342
-0.00302255
0.0398831
-0.00302255
0.039732
-0.00302255
0.0395808
-0.00302255
0.0394297
-0.00302255
0.0392786
-0.00302255
0.0391275
-0.00302255
0.0389763
-0.00302255
0.0388252
-0.00302255
0.0386741
-0.00302255
0.0385229
-0.00302255
0.0383718
-0.00302255
0.0382207
-0.00302255
0.0380696
-0.00302255
0.0379184
-0.00302255
0.0377673
-0.00302255
0.0376162
-0.00302255
0.0374651
-0.00302255
0.0373139
-0.00302255
0.0371628
-0.00302255
0.0370117
-0.00302255
0.0368605
-0.00302255
0.0367094
-0.00302255
0.0365583
-0.00302255
0.0364072
-0.00302255
0.036256
-0.00302255
0.0361049
-0.00302255
0.0359538
-0.00302255
0.0358026
-0.00302255
0.0356515
-0.00302255
0.0355004
-0.00302255
0.0353493
-0.00302255
0.0351981
-0.00302255
0.035047
-0.00302255
0.0348959
-0.00302255
0.0347448
-0.00302255
0.0345936
-0.00302255
0.0344425
-0.00302255
0.0342914
-0.00302255
0.0341402
-0.00302255
0.0339891
-0.00302255
0.033838
-0.00302255
0.0336869
-0.00302255
0.0335357
-0.00302255
0.0333846
-0.00302255
0.0332335
-0.00302255
0.0330824
-0.00302255
0.0329312
-0.00302255
0.0327801
-0.00302255
0.032629
-0.00302255
0.0324778
-0.00302255
0.0323267
-0.00302255
0.0321756
-0.00302255
0.0320245
-0.00302255
0.0318733
-0.00302255
0.0317222
-0.00302255
0.0315711
-0.00302255
0.03142
-0.00302255
0.0312688
-0.00302255
0.0311178
-0.00302254
-0.00302216
0.04215
-0.00287142
0.0419989
-0.00287142
0.0418477
-0.00287142
0.0416966
-0.00287142
0.0415455
-0.00287142
0.0413944
-0.00287142
0.0412432
-0.00287142
0.0410921
-0.00287142
0.040941
-0.00287142
0.0407899
-0.00287142
0.0406387
-0.00287142
0.0404876
-0.00287142
0.0403365
-0.00287142
0.0401853
-0.00287142
0.0400342
-0.00287142
0.0398831
-0.00287142
0.039732
-0.00287142
0.0395808
-0.00287142
0.0394297
-0.00287142
0.0392786
-0.00287142
0.0391275
-0.00287142
0.0389763
-0.00287142
0.0388252
-0.00287142
0.0386741
-0.00287142
0.0385229
-0.00287142
0.0383718
-0.00287142
0.0382207
-0.00287142
0.0380696
-0.00287142
0.0379184
-0.00287142
0.0377673
-0.00287142
0.0376162
-0.00287142
0.037465
-0.00287142
0.0373139
-0.00287142
0.0371628
-0.00287142
0.0370117
-0.00287142
0.0368605
-0.00287142
0.0367094
-0.00287142
0.0365583
-0.00287142
0.0364072
-0.00287142
0.036256
-0.00287142
0.0361049
-0.00287142
0.0359538
-0.00287142
0.0358026
-0.00287142
0.0356515
-0.00287142
0.0355004
-0.00287142
0.0353493
-0.00287142
0.0351981
-0.00287142
0.035047
-0.00287142
0.0348959
-0.00287142
0.0347448
-0.00287142
0.0345936
-0.00287142
0.0344425
-0.00287142
0.0342914
-0.00287142
0.0341402
-0.00287142
0.0339891
-0.00287142
0.033838
-0.00287142
0.0336869
-0.00287142
0.0335357
-0.00287142
0.0333846
-0.00287142
0.0332335
-0.00287142
0.0330824
-0.00287142
0.0329312
-0.00287142
0.0327801
-0.00287142
0.032629
-0.00287142
0.0324778
-0.00287142
0.0323267
-0.00287142
0.0321756
-0.00287142
0.0320245
-0.00287142
0.0318733
-0.00287142
0.0317222
-0.00287142
0.0315711
-0.00287142
0.03142
-0.00287142
0.0312688
-0.00287142
0.0311177
-0.00287142
-0.00287138
0.04215
-0.00272029
0.0419989
-0.00272029
0.0418477
-0.00272029
0.0416966
-0.00272029
0.0415455
-0.00272029
0.0413944
-0.00272029
0.0412432
-0.00272029
0.0410921
-0.00272029
0.040941
-0.00272029
0.0407899
-0.00272029
0.0406387
-0.00272029
0.0404876
-0.00272029
0.0403365
-0.00272029
0.0401853
-0.00272029
0.0400342
-0.00272029
0.0398831
-0.00272029
0.039732
-0.00272029
0.0395808
-0.00272029
0.0394297
-0.00272029
0.0392786
-0.00272029
0.0391275
-0.00272029
0.0389763
-0.00272029
0.0388252
-0.00272029
0.0386741
-0.00272029
0.0385229
-0.00272029
0.0383718
-0.00272029
0.0382207
-0.00272029
0.0380696
-0.00272029
0.0379184
-0.00272029
0.0377673
-0.00272029
0.0376162
-0.00272029
0.0374651
-0.00272029
0.0373139
-0.00272029
0.0371628
-0.00272029
0.0370117
-0.00272029
0.0368605
-0.00272029
0.0367094
-0.00272029
0.0365583
-0.00272029
0.0364072
-0.00272029
0.036256
-0.00272029
0.0361049
-0.00272029
0.0359538
-0.00272029
0.0358026
-0.00272029
0.0356515
-0.00272029
0.0355004
-0.00272029
0.0353493
-0.00272029
0.0351981
-0.00272029
0.035047
-0.00272029
0.0348959
-0.00272029
0.0347448
-0.00272029
0.0345936
-0.00272029
0.0344425
-0.00272029
0.0342914
-0.00272029
0.0341402
-0.00272029
0.0339891
-0.00272029
0.033838
-0.00272029
0.0336869
-0.00272029
0.0335357
-0.00272029
0.0333846
-0.00272029
0.0332335
-0.00272029
0.0330824
-0.00272029
0.0329312
-0.00272029
0.0327801
-0.00272029
0.032629
-0.00272029
0.0324778
-0.00272029
0.0323267
-0.00272029
0.0321756
-0.00272029
0.0320245
-0.00272029
0.0318733
-0.00272029
0.0317222
-0.00272029
0.0315711
-0.00272029
0.03142
-0.00272029
0.0312688
-0.00272029
0.0311177
-0.00272029
-0.00272029
0.04215
-0.00256917
0.0419989
-0.00256916
0.0418477
-0.00256917
0.0416966
-0.00256916
0.0415455
-0.00256917
0.0413944
-0.00256916
0.0412432
-0.00256917
0.0410921
-0.00256916
0.040941
-0.00256917
0.0407899
-0.00256916
0.0406387
-0.00256917
0.0404876
-0.00256916
0.0403365
-0.00256917
0.0401853
-0.00256916
0.0400342
-0.00256917
0.0398831
-0.00256916
0.039732
-0.00256917
0.0395808
-0.00256916
0.0394297
-0.00256917
0.0392786
-0.00256916
0.0391275
-0.00256917
0.0389763
-0.00256916
0.0388252
-0.00256917
0.0386741
-0.00256916
0.0385229
-0.00256917
0.0383718
-0.00256916
0.0382207
-0.00256917
0.0380696
-0.00256916
0.0379184
-0.00256917
0.0377673
-0.00256916
0.0376162
-0.00256917
0.037465
-0.00256916
0.0373139
-0.00256917
0.0371628
-0.00256916
0.0370117
-0.00256917
0.0368605
-0.00256916
0.0367094
-0.00256917
0.0365583
-0.00256916
0.0364072
-0.00256917
0.036256
-0.00256916
0.0361049
-0.00256917
0.0359538
-0.00256916
0.0358026
-0.00256917
0.0356515
-0.00256916
0.0355004
-0.00256917
0.0353493
-0.00256916
0.0351981
-0.00256917
0.035047
-0.00256916
0.0348959
-0.00256917
0.0347448
-0.00256916
0.0345936
-0.00256917
0.0344425
-0.00256916
0.0342914
-0.00256917
0.0341402
-0.00256916
0.0339891
-0.00256917
0.033838
-0.00256916
0.0336869
-0.00256917
0.0335357
-0.00256916
0.0333846
-0.00256917
0.0332335
-0.00256916
0.0330824
-0.00256917
0.0329312
-0.00256916
0.0327801
-0.00256917
0.032629
-0.00256916
0.0324778
-0.00256917
0.0323267
-0.00256916
0.0321756
-0.00256917
0.0320245
-0.00256917
0.0318733
-0.00256916
0.0317222
-0.00256917
0.0315711
-0.00256916
0.03142
-0.00256917
0.0312688
-0.00256916
0.0311177
-0.00256917
-0.00256916
0.04215
-0.00241804
0.0419989
-0.00241804
0.0418477
-0.00241804
0.0416966
-0.00241804
0.0415455
-0.00241804
0.0413944
-0.00241804
0.0412432
-0.00241804
0.0410921
-0.00241804
0.040941
-0.00241804
0.0407899
-0.00241804
0.0406387
-0.00241804
0.0404876
-0.00241804
0.0403365
-0.00241804
0.0401853
-0.00241804
0.0400342
-0.00241804
0.0398831
-0.00241804
0.039732
-0.00241804
0.0395808
-0.00241804
0.0394297
-0.00241804
0.0392786
-0.00241804
0.0391275
-0.00241804
0.0389763
-0.00241804
0.0388252
-0.00241804
0.0386741
-0.00241804
0.0385229
-0.00241804
0.0383718
-0.00241804
0.0382207
-0.00241804
0.0380696
-0.00241804
0.0379184
-0.00241804
0.0377673
-0.00241804
0.0376162
-0.00241804
0.0374651
-0.00241804
0.0373139
-0.00241804
0.0371628
-0.00241804
0.0370117
-0.00241804
0.0368605
-0.00241804
0.0367094
-0.00241804
0.0365583
-0.00241804
0.0364072
-0.00241804
0.036256
-0.00241804
0.0361049
-0.00241804
0.0359538
-0.00241804
0.0358026
-0.00241804
0.0356515
-0.00241804
0.0355004
-0.00241804
0.0353493
-0.00241804
0.0351981
-0.00241804
0.035047
-0.00241804
0.0348959
-0.00241804
0.0347448
-0.00241804
0.0345936
-0.00241804
0.0344425
-0.00241804
0.0342914
-0.00241804
0.0341402
-0.00241804
0.0339891
-0.00241804
0.033838
-0.00241804
0.0336869
-0.00241804
0.0335357
-0.00241804
0.0333846
-0.00241804
0.0332335
-0.00241804
0.0330824
-0.00241804
0.0329312
-0.00241804
0.0327801
-0.00241804
0.032629
-0.00241804
0.0324778
-0.00241804
0.0323267
-0.00241804
0.0321756
-0.00241804
0.0320245
-0.00241804
0.0318733
-0.00241804
0.0317222
-0.00241804
0.0315711
-0.00241804
0.03142
-0.00241804
0.0312688
-0.00241804
0.0311177
-0.00241804
-0.00241804
0.04215
-0.00226691
0.0419989
-0.00226691
0.0418477
-0.00226691
0.0416966
-0.00226691
0.0415455
-0.00226691
0.0413944
-0.00226691
0.0412432
-0.00226691
0.0410921
-0.00226691
0.040941
-0.00226691
0.0407899
-0.00226691
0.0406387
-0.00226691
0.0404876
-0.00226691
0.0403365
-0.00226691
0.0401853
-0.00226691
0.0400342
-0.00226691
0.0398831
-0.00226691
0.039732
-0.00226691
0.0395808
-0.00226691
0.0394297
-0.00226691
0.0392786
-0.00226691
0.0391275
-0.00226691
0.0389763
-0.00226691
0.0388252
-0.00226691
0.0386741
-0.00226691
0.0385229
-0.00226691
0.0383718
-0.00226691
0.0382207
-0.00226691
0.0380696
-0.00226691
0.0379184
-0.00226691
0.0377673
-0.00226691
0.0376162
-0.00226691
0.037465
-0.00226691
0.0373139
-0.00226691
0.0371628
-0.00226691
0.0370117
-0.00226691
0.0368605
-0.00226691
0.0367094
-0.00226691
0.0365583
-0.00226691
0.0364072
-0.00226691
0.036256
-0.00226691
0.0361049
-0.00226691
0.0359538
-0.00226691
0.0358026
-0.00226691
0.0356515
-0.00226691
0.0355004
-0.00226691
0.0353493
-0.00226691
0.0351981
-0.00226691
0.035047
-0.00226691
0.0348959
-0.00226691
0.0347448
-0.00226691
0.0345936
-0.00226691
0.0344425
-0.00226691
0.0342914
-0.00226691
0.0341402
-0.00226691
0.0339891
-0.00226691
0.033838
-0.00226691
0.0336869
-0.00226691
0.0335357
-0.00226691
0.0333846
-0.00226691
0.0332335
-0.00226691
0.0330824
-0.00226691
0.0329312
-0.00226691
0.0327801
-0.00226691
0.032629
-0.00226691
0.0324778
-0.00226691
0.0323267
-0.00226691
0.0321756
-0.00226691
0.0320245
-0.00226691
0.0318733
-0.00226691
0.0317222
-0.00226691
0.0315711
-0.00226691
0.03142
-0.00226691
0.0312688
-0.00226691
0.0311177
-0.00226691
-0.00226691
0.04215
-0.00211578
0.0419989
-0.00211578
0.0418477
-0.00211578
0.0416966
-0.00211578
0.0415455
-0.00211578
0.0413944
-0.00211578
0.0412432
-0.00211578
0.0410921
-0.00211578
0.040941
-0.00211578
0.0407899
-0.00211578
0.0406387
-0.00211578
0.0404876
-0.00211578
0.0403365
-0.00211578
0.0401853
-0.00211578
0.0400342
-0.00211578
0.0398831
-0.00211578
0.039732
-0.00211578
0.0395808
-0.00211578
0.0394297
-0.00211578
0.0392786
-0.00211578
0.0391275
-0.00211578
0.0389763
-0.00211578
0.0388252
-0.00211578
0.0386741
-0.00211578
0.0385229
-0.00211578
0.0383718
-0.00211578
0.0382207
-0.00211578
0.0380696
-0.00211578
0.0379184
-0.00211578
0.0377673
-0.00211578
0.0376162
-0.00211578
0.0374651
-0.00211578
0.0373139
-0.00211578
0.0371628
-0.00211578
0.0370117
-0.00211578
0.0368605
-0.00211578
0.0367094
-0.00211578
0.0365583
-0.00211578
0.0364072
-0.00211578
0.036256
-0.00211578
0.0361049
-0.00211578
0.0359538
-0.00211578
0.0358026
-0.00211578
0.0356515
-0.00211578
0.0355004
-0.00211578
0.0353493
-0.00211578
0.0351981
-0.00211578
0.035047
-0.00211578
0.0348959
-0.00211578
0.0347448
-0.00211578
0.0345936
-0.00211578
0.0344425
-0.00211578
0.0342914
-0.00211578
0.0341402
-0.00211578
0.0339891
-0.00211578
0.033838
-0.00211578
0.0336869
-0.00211578
0.0335357
-0.00211578
0.0333846
-0.00211578
0.0332335
-0.00211578
0.0330824
-0.00211578
0.0329312
-0.00211578
0.0327801
-0.00211578
0.032629
-0.00211578
0.0324778
-0.00211578
0.0323267
-0.00211578
0.0321756
-0.00211578
0.0320245
-0.00211578
0.0318733
-0.00211578
0.0317222
-0.00211578
0.0315711
-0.00211578
0.03142
-0.00211578
0.0312688
-0.00211578
0.0311177
-0.00211578
-0.00211578
0.04215
-0.00196466
0.0419989
-0.00196466
0.0418477
-0.00196466
0.0416966
-0.00196466
0.0415455
-0.00196466
0.0413944
-0.00196466
0.0412432
-0.00196466
0.0410921
-0.00196466
0.040941
-0.00196466
0.0407899
-0.00196466
0.0406387
-0.00196466
0.0404876
-0.00196466
0.0403365
-0.00196466
0.0401853
-0.00196466
0.0400342
-0.00196466
0.0398831
-0.00196466
0.039732
-0.00196466
0.0395808
-0.00196466
0.0394297
-0.00196466
0.0392786
-0.00196466
0.0391275
-0.00196466
0.0389763
-0.00196466
0.0388252
-0.00196466
0.0386741
-0.00196466
0.0385229
-0.00196466
0.0383718
-0.00196466
0.0382207
-0.00196466
0.0380696
-0.00196466
0.0379184
-0.00196466
0.0377673
-0.00196466
0.0376162
-0.00196466
0.037465
-0.00196466
0.0373139
-0.00196466
0.0371628
-0.00196466
0.0370117
-0.00196466
0.0368605
-0.00196466
0.0367094
-0.00196466
0.0365583
-0.00196466
0.0364072
-0.00196466
0.036256
-0.00196466
0.0361049
-0.00196466
0.0359538
-0.00196466
0.0358026
-0.00196466
0.0356515
-0.00196466
0.0355004
-0.00196466
0.0353493
-0.00196466
0.0351981
-0.00196466
0.035047
-0.00196466
0.0348959
-0.00196466
0.0347448
-0.00196466
0.0345936
-0.00196466
0.0344425
-0.00196466
0.0342914
-0.00196466
0.0341402
-0.00196466
0.0339891
-0.00196466
0.033838
-0.00196466
0.0336869
-0.00196466
0.0335357
-0.00196466
0.0333846
-0.00196466
0.0332335
-0.00196466
0.0330824
-0.00196466
0.0329312
-0.00196466
0.0327801
-0.00196466
0.032629
-0.00196466
0.0324778
-0.00196466
0.0323267
-0.00196466
0.0321756
-0.00196466
0.0320245
-0.00196466
0.0318733
-0.00196466
0.0317222
-0.00196466
0.0315711
-0.00196466
0.03142
-0.00196466
0.0312688
-0.00196466
0.0311177
-0.00196466
-0.00196466
0.04215
-0.00181353
0.0419989
-0.00181353
0.0418477
-0.00181353
0.0416966
-0.00181353
0.0415455
-0.00181353
0.0413944
-0.00181353
0.0412432
-0.00181353
0.0410921
-0.00181353
0.040941
-0.00181353
0.0407899
-0.00181353
0.0406387
-0.00181353
0.0404876
-0.00181353
0.0403365
-0.00181353
0.0401853
-0.00181353
0.0400342
-0.00181353
0.0398831
-0.00181353
0.039732
-0.00181353
0.0395808
-0.00181353
0.0394297
-0.00181353
0.0392786
-0.00181353
0.0391275
-0.00181353
0.0389763
-0.00181353
0.0388252
-0.00181353
0.0386741
-0.00181353
0.0385229
-0.00181353
0.0383718
-0.00181353
0.0382207
-0.00181353
0.0380696
-0.00181353
0.0379184
-0.00181353
0.0377673
-0.00181353
0.0376162
-0.00181353
0.0374651
-0.00181353
0.0373139
-0.00181353
0.0371628
-0.00181353
0.0370117
-0.00181353
0.0368605
-0.00181353
0.0367094
-0.00181353
0.0365583
-0.00181353
0.0364072
-0.00181353
0.036256
-0.00181353
0.0361049
-0.00181353
0.0359538
-0.00181353
0.0358026
-0.00181353
0.0356515
-0.00181353
0.0355004
-0.00181353
0.0353493
-0.00181353
0.0351981
-0.00181353
0.035047
-0.00181353
0.0348959
-0.00181353
0.0347448
-0.00181353
0.0345936
-0.00181353
0.0344425
-0.00181353
0.0342914
-0.00181353
0.0341402
-0.00181353
0.0339891
-0.00181353
0.033838
-0.00181353
0.0336869
-0.00181353
0.0335357
-0.00181353
0.0333846
-0.00181353
0.0332335
-0.00181353
0.0330824
-0.00181353
0.0329312
-0.00181353
0.0327801
-0.00181353
0.032629
-0.00181353
0.0324778
-0.00181353
0.0323267
-0.00181353
0.0321756
-0.00181353
0.0320245
-0.00181353
0.0318733
-0.00181353
0.0317222
-0.00181353
0.0315711
-0.00181353
0.03142
-0.00181353
0.0312688
-0.00181353
0.0311177
-0.00181353
-0.00181353
0.04215
-0.0016624
0.0419989
-0.0016624
0.0418477
-0.0016624
0.0416966
-0.0016624
0.0415455
-0.0016624
0.0413944
-0.0016624
0.0412432
-0.0016624
0.0410921
-0.0016624
0.040941
-0.0016624
0.0407899
-0.0016624
0.0406387
-0.0016624
0.0404876
-0.0016624
0.0403365
-0.0016624
0.0401853
-0.0016624
0.0400342
-0.0016624
0.0398831
-0.0016624
0.039732
-0.0016624
0.0395808
-0.0016624
0.0394297
-0.0016624
0.0392786
-0.0016624
0.0391275
-0.0016624
0.0389763
-0.0016624
0.0388252
-0.0016624
0.0386741
-0.0016624
0.0385229
-0.0016624
0.0383718
-0.0016624
0.0382207
-0.0016624
0.0380696
-0.0016624
0.0379184
-0.0016624
0.0377673
-0.0016624
0.0376162
-0.0016624
0.037465
-0.0016624
0.0373139
-0.0016624
0.0371628
-0.0016624
0.0370117
-0.0016624
0.0368605
-0.0016624
0.0367094
-0.0016624
0.0365583
-0.0016624
0.0364072
-0.0016624
0.036256
-0.0016624
0.0361049
-0.0016624
0.0359538
-0.0016624
0.0358026
-0.0016624
0.0356515
-0.0016624
0.0355004
-0.0016624
0.0353493
-0.0016624
0.0351981
-0.0016624
0.035047
-0.0016624
0.0348959
-0.0016624
0.0347448
-0.0016624
0.0345936
-0.0016624
0.0344425
-0.0016624
0.0342914
-0.0016624
0.0341402
-0.0016624
0.0339891
-0.0016624
0.033838
-0.0016624
0.0336869
-0.0016624
0.0335357
-0.0016624
0.0333846
-0.0016624
0.0332335
-0.0016624
0.0330824
-0.0016624
0.0329312
-0.0016624
0.0327801
-0.0016624
0.032629
-0.0016624
0.0324778
-0.0016624
0.0323267
-0.0016624
0.0321756
-0.0016624
0.0320245
-0.0016624
0.0318733
-0.0016624
0.0317222
-0.0016624
0.0315711
-0.0016624
0.03142
-0.0016624
0.0312688
-0.0016624
0.0311177
-0.0016624
-0.0016624
0.04215
-0.00151127
0.0419989
-0.00151127
0.0418477
-0.00151127
0.0416966
-0.00151127
0.0415455
-0.00151127
0.0413944
-0.00151127
0.0412432
-0.00151127
0.0410921
-0.00151127
0.040941
-0.00151127
0.0407899
-0.00151127
0.0406387
-0.00151127
0.0404876
-0.00151127
0.0403365
-0.00151127
0.0401853
-0.00151127
0.0400342
-0.00151127
0.0398831
-0.00151127
0.039732
-0.00151127
0.0395808
-0.00151127
0.0394297
-0.00151127
0.0392786
-0.00151127
0.0391275
-0.00151127
0.0389763
-0.00151127
0.0388252
-0.00151127
0.0386741
-0.00151127
0.0385229
-0.00151127
0.0383718
-0.00151127
0.0382207
-0.00151127
0.0380696
-0.00151127
0.0379184
-0.00151127
0.0377673
-0.00151127
0.0376162
-0.00151127
0.037465
-0.00151127
0.0373139
-0.00151127
0.0371628
-0.00151127
0.0370117
-0.00151127
0.0368605
-0.00151127
0.0367094
-0.00151127
0.0365583
-0.00151127
0.0364072
-0.00151127
0.036256
-0.00151127
0.0361049
-0.00151127
0.0359538
-0.00151127
0.0358026
-0.00151127
0.0356515
-0.00151127
0.0355004
-0.00151127
0.0353493
-0.00151127
0.0351981
-0.00151127
0.035047
-0.00151127
0.0348959
-0.00151127
0.0347448
-0.00151127
0.0345936
-0.00151127
0.0344425
-0.00151127
0.0342914
-0.00151127
0.0341402
-0.00151127
0.0339891
-0.00151127
0.033838
-0.00151127
0.0336869
-0.00151127
0.0335357
-0.00151127
0.0333846
-0.00151127
0.0332335
-0.00151127
0.0330824
-0.00151127
0.0329312
-0.00151127
0.0327801
-0.00151127
0.032629
-0.00151127
0.0324778
-0.00151127
0.0323267
-0.00151127
0.0321756
-0.00151127
0.0320245
-0.00151127
0.0318733
-0.00151127
0.0317222
-0.00151127
0.0315711
-0.00151127
0.03142
-0.00151127
0.0312688
-0.00151127
0.0311177
-0.00151127
-0.00151127
0.04215
-0.00136015
0.0419989
-0.00136015
0.0418477
-0.00136015
0.0416966
-0.00136015
0.0415455
-0.00136015
0.0413944
-0.00136015
0.0412432
-0.00136015
0.0410921
-0.00136015
0.040941
-0.00136015
0.0407899
-0.00136015
0.0406387
-0.00136015
0.0404876
-0.00136015
0.0403365
-0.00136015
0.0401853
-0.00136015
0.0400342
-0.00136015
0.0398831
-0.00136015
0.039732
-0.00136015
0.0395808
-0.00136015
0.0394297
-0.00136015
0.0392786
-0.00136015
0.0391275
-0.00136015
0.0389763
-0.00136015
0.0388252
-0.00136015
0.0386741
-0.00136015
0.0385229
-0.00136015
0.0383718
-0.00136015
0.0382207
-0.00136015
0.0380696
-0.00136015
0.0379184
-0.00136015
0.0377673
-0.00136015
0.0376162
-0.00136015
0.0374651
-0.00136015
0.0373139
-0.00136015
0.0371628
-0.00136015
0.0370117
-0.00136015
0.0368605
-0.00136015
0.0367094
-0.00136015
0.0365583
-0.00136015
0.0364072
-0.00136015
0.036256
-0.00136015
0.0361049
-0.00136015
0.0359538
-0.00136015
0.0358026
-0.00136015
0.0356515
-0.00136015
0.0355004
-0.00136015
0.0353493
-0.00136015
0.0351981
-0.00136015
0.035047
-0.00136015
0.0348959
-0.00136015
0.0347448
-0.00136015
0.0345936
-0.00136015
0.0344425
-0.00136015
0.0342914
-0.00136015
0.0341402
-0.00136015
0.0339891
-0.00136015
0.033838
-0.00136015
0.0336869
-0.00136015
0.0335357
-0.00136015
0.0333846
-0.00136015
0.0332335
-0.00136015
0.0330824
-0.00136015
0.0329312
-0.00136015
0.0327801
-0.00136015
0.032629
-0.00136015
0.0324778
-0.00136015
0.0323267
-0.00136015
0.0321756
-0.00136015
0.0320245
-0.00136015
0.0318733
-0.00136015
0.0317222
-0.00136015
0.0315711
-0.00136015
0.03142
-0.00136015
0.0312688
-0.00136015
0.0311177
-0.00136015
-0.00136015
0.04215
-0.00120902
0.0419989
-0.00120902
0.0418477
-0.00120902
0.0416966
-0.00120902
0.0415455
-0.00120902
0.0413944
-0.00120902
0.0412432
-0.00120902
0.0410921
-0.00120902
0.040941
-0.00120902
0.0407899
-0.00120902
0.0406387
-0.00120902
0.0404876
-0.00120902
0.0403365
-0.00120902
0.0401853
-0.00120902
0.0400342
-0.00120902
0.0398831
-0.00120902
0.039732
-0.00120902
0.0395808
-0.00120902
0.0394297
-0.00120902
0.0392786
-0.00120902
0.0391275
-0.00120902
0.0389763
-0.00120902
0.0388252
-0.00120902
0.0386741
-0.00120902
0.0385229
-0.00120902
0.0383718
-0.00120902
0.0382207
-0.00120902
0.0380696
-0.00120902
0.0379184
-0.00120902
0.0377673
-0.00120902
0.0376162
-0.00120902
0.037465
-0.00120902
0.0373139
-0.00120902
0.0371628
-0.00120902
0.0370117
-0.00120902
0.0368605
-0.00120902
0.0367094
-0.00120902
0.0365583
-0.00120902
0.0364072
-0.00120902
0.036256
-0.00120902
0.0361049
-0.00120902
0.0359538
-0.00120902
0.0358026
-0.00120902
0.0356515
-0.00120902
0.0355004
-0.00120902
0.0353493
-0.00120902
0.0351981
-0.00120902
0.035047
-0.00120902
0.0348959
-0.00120902
0.0347448
-0.00120902
0.0345936
-0.00120902
0.0344425
-0.00120902
0.0342914
-0.00120902
0.0341402
-0.00120902
0.0339891
-0.00120902
0.033838
-0.00120902
0.0336869
-0.00120902
0.0335357
-0.00120902
0.0333846
-0.00120902
0.0332335
-0.00120902
0.0330824
-0.00120902
0.0329312
-0.00120902
0.0327801
-0.00120902
0.032629
-0.00120902
0.0324778
-0.00120902
0.0323267
-0.00120902
0.0321756
-0.00120902
0.0320245
-0.00120902
0.0318733
-0.00120902
0.0317222
-0.00120902
0.0315711
-0.00120902
0.03142
-0.00120902
0.0312688
-0.00120902
0.0311177
-0.00120902
-0.00120902
0.04215
-0.00105789
0.0419989
-0.00105789
0.0418477
-0.00105789
0.0416966
-0.00105789
0.0415455
-0.00105789
0.0413944
-0.00105789
0.0412432
-0.00105789
0.0410921
-0.00105789
0.040941
-0.00105789
0.0407899
-0.00105789
0.0406387
-0.00105789
0.0404876
-0.00105789
0.0403365
-0.00105789
0.0401853
-0.00105789
0.0400342
-0.00105789
0.0398831
-0.00105789
0.039732
-0.00105789
0.0395808
-0.00105789
0.0394297
-0.00105789
0.0392786
-0.00105789
0.0391275
-0.00105789
0.0389763
-0.00105789
0.0388252
-0.00105789
0.0386741
-0.00105789
0.0385229
-0.00105789
0.0383718
-0.00105789
0.0382207
-0.00105789
0.0380696
-0.00105789
0.0379184
-0.00105789
0.0377673
-0.00105789
0.0376162
-0.00105789
0.0374651
-0.00105789
0.0373139
-0.00105789
0.0371628
-0.00105789
0.0370117
-0.00105789
0.0368605
-0.00105789
0.0367094
-0.00105789
0.0365583
-0.00105789
0.0364072
-0.00105789
0.036256
-0.00105789
0.0361049
-0.00105789
0.0359538
-0.00105789
0.0358026
-0.00105789
0.0356515
-0.00105789
0.0355004
-0.00105789
0.0353493
-0.00105789
0.0351981
-0.00105789
0.035047
-0.00105789
0.0348959
-0.00105789
0.0347448
-0.00105789
0.0345936
-0.00105789
0.0344425
-0.00105789
0.0342914
-0.00105789
0.0341402
-0.00105789
0.0339891
-0.00105789
0.033838
-0.00105789
0.0336869
-0.00105789
0.0335357
-0.00105789
0.0333846
-0.00105789
0.0332335
-0.00105789
0.0330824
-0.00105789
0.0329312
-0.00105789
0.0327801
-0.00105789
0.032629
-0.00105789
0.0324778
-0.00105789
0.0323267
-0.00105789
0.0321756
-0.00105789
0.0320245
-0.00105789
0.0318733
-0.00105789
0.0317222
-0.00105789
0.0315711
-0.00105789
0.03142
-0.00105789
0.0312688
-0.00105789
0.0311177
-0.00105789
-0.00105789
0.04215
-0.000906764
0.0419989
-0.000906765
0.0418477
-0.000906764
0.0416966
-0.000906765
0.0415455
-0.000906764
0.0413944
-0.000906764
0.0412432
-0.000906765
0.0410921
-0.000906764
0.040941
-0.000906765
0.0407899
-0.000906764
0.0406387
-0.000906765
0.0404876
-0.000906764
0.0403365
-0.000906764
0.0401853
-0.000906765
0.0400342
-0.000906764
0.0398831
-0.000906765
0.039732
-0.000906764
0.0395808
-0.000906764
0.0394297
-0.000906765
0.0392786
-0.000906764
0.0391275
-0.000906765
0.0389763
-0.000906764
0.0388252
-0.000906765
0.0386741
-0.000906764
0.0385229
-0.000906764
0.0383718
-0.000906765
0.0382207
-0.000906764
0.0380696
-0.000906765
0.0379184
-0.000906764
0.0377673
-0.000906764
0.0376162
-0.000906765
0.037465
-0.000906764
0.0373139
-0.000906765
0.0371628
-0.000906764
0.0370117
-0.000906765
0.0368605
-0.000906764
0.0367094
-0.000906764
0.0365583
-0.000906765
0.0364072
-0.000906764
0.036256
-0.000906765
0.0361049
-0.000906764
0.0359538
-0.000906764
0.0358026
-0.000906765
0.0356515
-0.000906764
0.0355004
-0.000906765
0.0353493
-0.000906764
0.0351981
-0.000906764
0.035047
-0.000906765
0.0348959
-0.000906764
0.0347448
-0.000906765
0.0345936
-0.000906764
0.0344425
-0.000906765
0.0342914
-0.000906764
0.0341402
-0.000906764
0.0339891
-0.000906765
0.033838
-0.000906764
0.0336869
-0.000906765
0.0335357
-0.000906764
0.0333846
-0.000906764
0.0332335
-0.000906765
0.0330824
-0.000906764
0.0329312
-0.000906765
0.0327801
-0.000906764
0.032629
-0.000906765
0.0324778
-0.000906764
0.0323267
-0.000906764
0.0321756
-0.000906765
0.0320245
-0.000906764
0.0318733
-0.000906765
0.0317222
-0.000906764
0.0315711
-0.000906764
0.03142
-0.000906765
0.0312688
-0.000906764
0.0311177
-0.000906765
-0.000906764
0.04215
-0.000755637
0.0419989
-0.000755636
0.0418477
-0.000755637
0.0416966
-0.000755637
0.0415455
-0.000755636
0.0413944
-0.000755637
0.0412432
-0.000755637
0.0410921
-0.000755636
0.040941
-0.000755637
0.0407899
-0.000755637
0.0406387
-0.000755636
0.0404876
-0.000755637
0.0403365
-0.000755637
0.0401853
-0.000755637
0.0400342
-0.000755636
0.0398831
-0.000755637
0.039732
-0.000755637
0.0395808
-0.000755636
0.0394297
-0.000755637
0.0392786
-0.000755637
0.0391275
-0.000755636
0.0389763
-0.000755637
0.0388252
-0.000755637
0.0386741
-0.000755636
0.0385229
-0.000755637
0.0383718
-0.000755637
0.0382207
-0.000755636
0.0380696
-0.000755637
0.0379184
-0.000755637
0.0377673
-0.000755636
0.0376162
-0.000755637
0.0374651
-0.000755637
0.0373139
-0.000755636
0.0371628
-0.000755637
0.0370117
-0.000755637
0.0368605
-0.000755636
0.0367094
-0.000755637
0.0365583
-0.000755637
0.0364072
-0.000755636
0.036256
-0.000755637
0.0361049
-0.000755637
0.0359538
-0.000755637
0.0358026
-0.000755636
0.0356515
-0.000755637
0.0355004
-0.000755637
0.0353493
-0.000755636
0.0351981
-0.000755637
0.035047
-0.000755637
0.0348959
-0.000755636
0.0347448
-0.000755637
0.0345936
-0.000755637
0.0344425
-0.000755636
0.0342914
-0.000755637
0.0341402
-0.000755637
0.0339891
-0.000755636
0.033838
-0.000755637
0.0336869
-0.000755637
0.0335357
-0.000755636
0.0333846
-0.000755637
0.0332335
-0.000755637
0.0330824
-0.000755636
0.0329312
-0.000755637
0.0327801
-0.000755637
0.032629
-0.000755636
0.0324778
-0.000755637
0.0323267
-0.000755637
0.0321756
-0.000755636
0.0320245
-0.000755637
0.0318733
-0.000755637
0.0317222
-0.000755637
0.0315711
-0.000755636
0.03142
-0.000755637
0.0312688
-0.000755637
0.0311177
-0.000755636
-0.000755637
0.04215
-0.00060451
0.0419989
-0.00060451
0.0418477
-0.00060451
0.0416966
-0.00060451
0.0415455
-0.00060451
0.0413944
-0.00060451
0.0412432
-0.00060451
0.0410921
-0.00060451
0.040941
-0.000604508
0.0407899
-0.00060451
0.0406387
-0.00060451
0.0404876
-0.00060451
0.0403365
-0.00060451
0.0401853
-0.00060451
0.0400342
-0.00060451
0.0398831
-0.00060451
0.039732
-0.00060451
0.0395808
-0.00060451
0.0394297
-0.00060451
0.0392786
-0.00060451
0.0391275
-0.00060451
0.0389763
-0.00060451
0.0388252
-0.00060451
0.0386741
-0.00060451
0.0385229
-0.00060451
0.0383718
-0.00060451
0.0382207
-0.000604508
0.0380696
-0.00060451
0.0379184
-0.00060451
0.0377673
-0.00060451
0.0376162
-0.00060451
0.037465
-0.00060451
0.0373139
-0.00060451
0.0371628
-0.00060451
0.0370117
-0.00060451
0.0368605
-0.00060451
0.0367094
-0.00060451
0.0365583
-0.00060451
0.0364072
-0.00060451
0.036256
-0.00060451
0.0361049
-0.00060451
0.0359538
-0.00060451
0.0358026
-0.00060451
0.0356515
-0.000604508
0.0355004
-0.00060451
0.0353493
-0.00060451
0.0351981
-0.00060451
0.035047
-0.00060451
0.0348959
-0.00060451
0.0347448
-0.00060451
0.0345936
-0.00060451
0.0344425
-0.00060451
0.0342914
-0.00060451
0.0341402
-0.00060451
0.0339891
-0.00060451
0.033838
-0.00060451
0.0336869
-0.00060451
0.0335357
-0.00060451
0.0333846
-0.00060451
0.0332335
-0.00060451
0.0330824
-0.00060451
0.0329312
-0.000604508
0.0327801
-0.00060451
0.032629
-0.00060451
0.0324778
-0.00060451
0.0323267
-0.00060451
0.0321756
-0.00060451
0.0320245
-0.00060451
0.0318733
-0.00060451
0.0317222
-0.00060451
0.0315711
-0.00060451
0.03142
-0.00060451
0.0312688
-0.00060451
0.0311177
-0.00060451
-0.00060451
0.04215
-0.000453382
0.0419989
-0.000453382
0.0418477
-0.000453383
0.0416966
-0.000453382
0.0415455
-0.000453382
0.0413944
-0.000453382
0.0412432
-0.000453382
0.0410921
-0.000453383
0.040941
-0.000453382
0.0407899
-0.000453382
0.0406387
-0.000453382
0.0404876
-0.000453382
0.0403365
-0.000453383
0.0401853
-0.000453382
0.0400342
-0.000453382
0.0398831
-0.000453382
0.039732
-0.000453383
0.0395808
-0.000453382
0.0394297
-0.000453382
0.0392786
-0.000453382
0.0391275
-0.000453382
0.0389763
-0.000453383
0.0388252
-0.000453382
0.0386741
-0.000453382
0.0385229
-0.000453382
0.0383718
-0.000453382
0.0382207
-0.000453383
0.0380696
-0.000453382
0.0379184
-0.000453382
0.0377673
-0.000453382
0.0376162
-0.000453382
0.0374651
-0.000453383
0.0373139
-0.000453382
0.0371628
-0.000453382
0.0370117
-0.000453382
0.0368605
-0.000453382
0.0367094
-0.000453383
0.0365583
-0.000453382
0.0364072
-0.000453382
0.036256
-0.000453382
0.0361049
-0.000453382
0.0359538
-0.000453383
0.0358026
-0.000453382
0.0356515
-0.000453382
0.0355004
-0.000453382
0.0353493
-0.000453383
0.0351981
-0.000453382
0.035047
-0.000453382
0.0348959
-0.000453382
0.0347448
-0.000453382
0.0345936
-0.000453383
0.0344425
-0.000453382
0.0342914
-0.000453382
0.0341402
-0.000453382
0.0339891
-0.000453382
0.033838
-0.000453383
0.0336869
-0.000453382
0.0335357
-0.000453382
0.0333846
-0.000453382
0.0332335
-0.000453382
0.0330824
-0.000453383
0.0329312
-0.000453382
0.0327801
-0.000453382
0.032629
-0.000453382
0.0324778
-0.000453382
0.0323267
-0.000453383
0.0321756
-0.000453382
0.0320245
-0.000453382
0.0318733
-0.000453382
0.0317222
-0.000453383
0.0315711
-0.000453382
0.03142
-0.000453382
0.0312688
-0.000453382
0.0311177
-0.000453382
-0.000453383
0.04215
-0.000302254
0.0419989
-0.000302255
0.0418477
-0.000302254
0.0416966
-0.000302255
0.0415455
-0.000302254
0.0413944
-0.000302255
0.0412432
-0.000302254
0.0410921
-0.000302255
0.040941
-0.000302254
0.0407899
-0.000302255
0.0406387
-0.000302254
0.0404876
-0.000302255
0.0403365
-0.000302254
0.0401853
-0.000302255
0.0400342
-0.000302254
0.0398831
-0.000302255
0.039732
-0.000302254
0.0395808
-0.000302254
0.0394297
-0.000302255
0.0392786
-0.000302254
0.0391275
-0.000302255
0.0389763
-0.000302254
0.0388252
-0.000302255
0.0386741
-0.000302254
0.0385229
-0.000302255
0.0383718
-0.000302254
0.0382207
-0.000302255
0.0380696
-0.000302254
0.0379184
-0.000302255
0.0377673
-0.000302254
0.0376162
-0.000302255
0.037465
-0.000302254
0.0373139
-0.000302255
0.0371628
-0.000302254
0.0370117
-0.000302255
0.0368605
-0.000302254
0.0367094
-0.000302254
0.0365583
-0.000302255
0.0364072
-0.000302254
0.036256
-0.000302255
0.0361049
-0.000302254
0.0359538
-0.000302255
0.0358026
-0.000302254
0.0356515
-0.000302255
0.0355004
-0.000302254
0.0353493
-0.000302255
0.0351981
-0.000302254
0.035047
-0.000302255
0.0348959
-0.000302254
0.0347448
-0.000302255
0.0345936
-0.000302254
0.0344425
-0.000302255
0.0342914
-0.000302254
0.0341402
-0.000302254
0.0339891
-0.000302255
0.033838
-0.000302254
0.0336869
-0.000302255
0.0335357
-0.000302254
0.0333846
-0.000302255
0.0332335
-0.000302254
0.0330824
-0.000302255
0.0329312
-0.000302254
0.0327801
-0.000302255
0.032629
-0.000302254
0.0324778
-0.000302255
0.0323267
-0.000302254
0.0321756
-0.000302255
0.0320245
-0.000302254
0.0318733
-0.000302255
0.0317222
-0.000302254
0.0315711
-0.000302254
0.03142
-0.000302255
0.0312688
-0.000302254
0.0311177
-0.000302255
-0.000302254
0.04215
-0.000151128
0.0419989
-0.000151127
0.0418477
-0.000151128
0.0416966
-0.000151128
0.0415455
-0.000151128
0.0413944
-0.000151127
0.0412432
-0.000151128
0.0410921
-0.000151128
0.040941
-0.000151128
0.0407899
-0.000151127
0.0406387
-0.000151128
0.0404876
-0.000151128
0.0403365
-0.000151128
0.0401853
-0.000151127
0.0400342
-0.000151128
0.0398831
-0.000151128
0.039732
-0.000151128
0.0395808
-0.000151127
0.0394297
-0.000151128
0.0392786
-0.000151128
0.0391275
-0.000151127
0.0389763
-0.000151128
0.0388252
-0.000151128
0.0386741
-0.000151128
0.0385229
-0.000151127
0.0383718
-0.000151128
0.0382207
-0.000151128
0.0380696
-0.000151128
0.0379184
-0.000151127
0.0377673
-0.000151128
0.0376162
-0.000151128
0.0374651
-0.000151128
0.0373139
-0.000151127
0.0371628
-0.000151128
0.0370117
-0.000151128
0.0368605
-0.000151127
0.0367094
-0.000151128
0.0365583
-0.000151128
0.0364072
-0.000151128
0.036256
-0.000151127
0.0361049
-0.000151128
0.0359538
-0.000151128
0.0358026
-0.000151128
0.0356515
-0.000151127
0.0355004
-0.000151128
0.0353493
-0.000151128
0.0351981
-0.000151128
0.035047
-0.000151127
0.0348959
-0.000151128
0.0347448
-0.000151128
0.0345936
-0.000151128
0.0344425
-0.000151127
0.0342914
-0.000151128
0.0341402
-0.000151128
0.0339891
-0.000151127
0.033838
-0.000151128
0.0336869
-0.000151128
0.0335357
-0.000151128
0.0333846
-0.000151127
0.0332335
-0.000151128
0.0330824
-0.000151128
0.0329312
-0.000151128
0.0327801
-0.000151127
0.032629
-0.000151128
0.0324778
-0.000151128
0.0323267
-0.000151128
0.0321756
-0.000151127
0.0320245
-0.000151128
0.0318733
-0.000151128
0.0317222
-0.000151128
0.0315711
-0.000151127
0.03142
-0.000151128
0.0312688
-0.000151128
0.0311177
-0.000151127
-0.000151128
0.04215
0.0419989
0.0418477
0.0416966
0.0415455
0.0413944
0.0412432
0.0410921
0.040941
0.0407899
0.0406387
0.0404876
0.0403365
0.0401853
0.0400342
0.0398831
0.039732
0.0395808
0.0394297
0.0392786
0.0391275
0.0389763
0.0388252
0.0386741
0.0385229
0.0383718
0.0382207
0.0380696
0.0379184
0.0377673
0.0376162
0.037465
0.0373139
0.0371628
0.0370117
0.0368605
0.0367094
0.0365583
0.0364072
0.036256
0.0361049
0.0359538
0.0358026
0.0356515
0.0355004
0.0353493
0.0351981
0.035047
0.0348959
0.0347448
0.0345936
0.0344425
0.0342914
0.0341402
0.0339891
0.033838
0.0336869
0.0335357
0.0333846
0.0332335
0.0330824
0.0329312
0.0327801
0.032629
0.0324778
0.0323267
0.0321756
0.0320245
0.0318733
0.0317222
0.0315711
0.03142
0.0312688
0.0311177
)
;

boundaryField
{
    inlet
    {
        type            calculated;
        value           nonuniform List<scalar> 
75
(
-0.0423011
-0.0423011
-0.0423011
-0.0423011
-0.0423011
-0.0423011
-0.0423011
-0.0423011
-0.0423011
-0.0423011
-0.0423011
-0.0423011
-0.0423011
-0.0423011
-0.0423011
-0.0423011
-0.0423011
-0.0423011
-0.0423011
-0.0423011
-0.0423011
-0.0423011
-0.0423011
-0.0423011
-0.0423011
-0.0423011
-0.0423011
-0.0423011
-0.0423011
-0.0423011
-0.0423011
-0.0423011
-0.0423011
-0.0423011
-0.0423011
-0.0423011
-0.0423011
-0.0423011
-0.0423011
-0.0423011
-0.0423011
-0.0423011
-0.0423011
-0.0423011
-0.0423011
-0.0423011
-0.0423011
-0.0423011
-0.0423011
-0.0423011
-0.0423011
-0.0423011
-0.0423011
-0.0423011
-0.0423011
-0.0423011
-0.0423011
-0.0423011
-0.0423011
-0.0423011
-0.0423011
-0.0423011
-0.0423011
-0.0423011
-0.0423011
-0.0423011
-0.0423011
-0.0423011
-0.0423011
-0.0423011
-0.0423011
-0.0423011
-0.0423011
-0.0423011
-0.0423011
)
;
    }
    outlet
    {
        type            calculated;
        value           nonuniform List<scalar> 
75
(
0.0487122
0.0485016
0.0481932
0.0479837
0.0479086
0.0478969
0.0479117
0.0479329
0.0479577
0.0479763
0.0479875
0.0479949
0.0479983
0.048001
0.0480048
0.0480089
0.0480158
0.0480249
0.0480363
0.0480502
0.0480657
0.0480797
0.0480891
0.0480881
0.0480791
0.0480678
0.0480645
0.0480659
0.048075
0.048086
0.0480919
0.0480949
0.0480886
0.0480855
0.0480835
0.0480836
0.0480967
0.0481152
0.0481281
0.0481252
0.0481141
0.0481321
0.0481612
0.0481775
0.0481225
0.047936
0.0477861
0.047458
0.0457898
0.0404306
0.035018
0.0320068
0.0311486
0.0309916
0.0309696
0.0309669
0.0309666
0.0309666
0.0309666
0.0309666
0.0309666
0.0309666
0.0309666
0.0309666
0.0309666
0.0309666
0.0309666
0.0309666
0.0309666
0.0309666
0.0309666
0.0309666
0.0309666
0.0309666
0.0309666
)
;
    }
    bottom
    {
        type            symmetryPlane;
        value           uniform 0;
    }
    top
    {
        type            symmetryPlane;
        value           uniform 0;
    }
    obstacle
    {
        type            calculated;
        value           nonuniform List<scalar> 
75
(
1.73472e-18
0
0
0
0
0
0
0
0
0
0
0
0
0
0
0
0
0
0
0
0
0
0
0
-6.93889e-18
0
0
0
0
0
0
0
0
0
-3.46945e-18
0
0
0
3.46945e-18
0
0
0
0
0
0
0
0
0
0
0
-6.93889e-18
-6.93889e-18
0
0
0
0
0
0
0
0
0
0
3.46945e-18
0
0
0
0
3.46945e-18
0
0
0
0
0
0
0
)
;
    }
    defaultFaces
    {
        type            empty;
        value           nonuniform List<scalar> 0();
    }
}


// ************************************************************************* //
