/*--------------------------------*- C++ -*----------------------------------*\
| =========                 |                                                 |
| \\      /  F ield         | OpenFOAM: The Open Source CFD Toolbox           |
|  \\    /   O peration     | Version:  2312                                  |
|   \\  /    A nd           | Website:  www.openfoam.com                      |
|    \\/     M anipulation  |                                                 |
\*---------------------------------------------------------------------------*/
FoamFile
{
    version     2.0;
    format      ascii;
    arch        "LSB;label=64;scalar=64";
    class       volScalarField;
    location    "13.95";
    object      T;
}
// * * * * * * * * * * * * * * * * * * * * * * * * * * * * * * * * * * * * * //

dimensions      [0 0 0 1 0 0 0];

internalField   nonuniform List<scalar> 
23040
(
300.00017
300.0004
300.00061
300.00081
300.00101
300.00121
300.00141
300.00161
300.00181
300.00202
300.00222
300.00243
300.00264
300.00285
300.00306
300.00327
300.00348
300.0037
300.00391
300.00413
300.00435
300.00457
300.00478
300.00501
300.00523
300.00545
300.00567
300.0059
300.00613
300.00635
300.00658
300.00681
300.00704
300.00728
300.00751
300.00774
300.00798
300.00822
300.00846
300.0087
300.00894
300.00918
300.00942
300.00967
300.00991
300.01016
300.01041
300.01066
300.01091
300.01116
300.01142
300.01167
300.01193
300.01219
300.01245
300.01271
300.01297
300.01324
300.0135
300.01377
300.01404
300.01431
300.01458
300.01485
300.01513
300.0154
300.01568
300.01596
300.01624
300.01653
300.01681
300.0171
300.01738
300.01767
300.01796
300.01826
300.01855
300.01885
300.01915
300.01945
300.01975
300.02005
300.02036
300.02066
300.02097
300.02128
300.0216
300.02191
300.02223
300.02255
300.02287
300.02319
300.02352
300.02385
300.02418
300.02451
300.02484
300.02518
300.02552
300.02586
300.02621
300.02655
300.0269
300.02725
300.02761
300.02796
300.02832
300.02868
300.02905
300.02941
300.02978
300.03016
300.03053
300.03091
300.03129
300.03167
300.03206
300.03245
300.03284
300.03324
300.03364
300.03404
300.03444
300.03485
300.03526
300.03568
300.0361
300.03652
300.03694
300.03737
300.03781
300.03824
300.03868
300.03913
300.03958
300.04003
300.04048
300.04094
300.04141
300.04187
300.04234
300.04282
300.0433
300.04378
300.04427
300.04476
300.04526
300.04575
300.04625
300.04675
300.04725
300.04776
300.04828
300.04879
300.04932
300.04984
300.05037
300.05091
300.05145
300.052
300.05255
300.0531
300.05366
300.05423
300.0548
300.05539
300.05597
300.05657
300.05717
300.05778
300.0584
300.05902
300.05965
300.06028
300.06091
300.06156
300.06221
300.06286
300.06352
300.06418
300.06484
300.06551
300.06618
300.06686
300.06754
300.06822
300.06891
300.0696
300.07029
300.07099
300.07168
300.07238
300.07309
300.07379
300.07449
300.0752
300.07591
300.07662
300.07733
300.07805
300.07877
300.07949
300.08022
300.08096
300.08171
300.08247
300.08325
300.08403
300.08481
300.08561
300.0864
300.08719
300.08799
300.08878
300.08957
300.09036
300.09115
300.09193
300.09272
300.09351
300.0943
300.09509
300.09588
300.09668
300.09748
300.09829
300.09911
300.09992
300.10075
300.10158
300.10241
300.10325
300.10409
300.10494
300.10578
300.10663
300.10748
300.10832
300.10917
300.11001
300.11086
300.1117
300.11254
300.11337
300.11421
300.11505
300.11589
300.11672
300.11756
300.1184
300.11924
300.12008
300.12092
300.12176
300.1226
300.12344
300.12428
300.12512
300.12596
300.1268
300.12765
300.12851
300.12937
300.13024
300.13112
300.132
300.13289
300.13379
300.13468
300.13557
300.13646
300.13733
300.1382
300.13907
300.13994
300.14082
300.1417
300.1426
300.14352
300.14446
300.14542
300.14641
300.14742
300.14845
300.1495
300.15057
300.15165
300.15271
300.15374
300.15493
300.1563
300.15764
300.15893
300.15993
300.16102
300.16229
300.16364
300.16504
300.16647
300.16794
300.16944
300.17096
300.17251
300.17407
300.17565
300.17725
300.17889
300.18053
300.18212
300.18362
300.18524
300.18718
300.18886
300.19
300.19125
300.19282
300.19438
300.19581
300.19715
300.19841
300.19959
300.20069
300.20169
300.20259
300.20338
300.20405
300.20461
300.20504
300.20534
300.20551
300.20555
300.20546
300.20525
300.2049
300.20444
300.20386
300.20317
300.20238
300.20149
300.20052
300.19949
300.19839
300.19723
300.19604
300.19482
300.19357
300.1923
300.19103
300.18976
300.1885
300.18725
300.18603
300.18482
300.18365
300.18251
300.1814
300.18034
300.17932
300.17835
300.17743
300.17656
300.17574
300.17499
300.17429
300.17366
300.17309
300.17258
300.17215
300.17178
300.17149
300.17127
300.17113
300.17107
300.17109
300.17119
300.17138
300.17165
300.17201
300.17246
300.173
300.17363
300.17437
300.1752
300.17614
300.17718
300.17833
300.1796
300.18097
300.18247
300.18409
300.18585
300.18783
300.19014
300.19222
300.19403
300.19591
300.19827
300.20086
300.20357
300.20636
300.20923
300.2122
300.21526
300.21842
300.22166
300.22499
300.22841
300.23193
300.23552
300.23915
300.2428
300.24647
300.25015
300.25383
300.25751
300.26124
300.26513
300.26912
300.27276
300.27628
300.27971
300.28293
300.28611
300.28961
300.29307
300.29633
300.29939
300.30227
300.30501
300.30765
300.31024
300.31275
300.31517
300.31748
300.31968
300.32178
300.3238
300.32576
300.32766
300.32952
300.33134
300.33308
300.33477
300.33668
300.3386
300.33987
300.34197
300.34529
300.34698
300.34787
300.3497
300.35188
300.35423
300.35656
300.35891
300.36125
300.36355
300.36576
300.36782
300.36968
300.37128
300.37255
300.37347
300.37401
300.3741
300.37385
300.37321
300.37168
300.37092
300.36964
300.3679
300.36602
300.36406
300.36207
300.36008
300.35812
300.35621
300.35438
300.35263
300.35096
300.3494
300.34793
300.34655
300.34527
300.34407
300.34296
300.34192
300.34095
300.34005
300.3392
300.33841
300.33766
300.33695
300.33627
300.33561
300.33498
300.33435
300.33367
300.33302
300.33273
300.33226
300.33163
300.33099
300.33037
300.32977
300.32918
300.3286
300.32801
300.32741
300.32679
300.32616
300.32551
300.32485
300.32417
300.32348
300.32276
300.32204
300.32126
300.32032
300.31975
300.3192
300.31845
300.31773
300.31702
300.31634
300.31575
300.31529
300.31481
300.31427
300.31362
300.31291
300.31246
300.31223
300.3122
300.31232
300.31251
300.31283
300.31333
300.31399
300.3148
300.31577
300.31691
300.3182
300.31963
300.32123
300.32298
300.32488
300.32688
300.32895
300.33113
300.33356
300.33625
300.33892
300.34145
300.34373
300.34573
300.34792
300.35059
300.35438
300.3572
300.35938
300.36289
300.36638
300.36994
300.37365
300.37754
300.3816
300.38585
300.39029
300.39495
300.3998
300.40486
300.41012
300.41558
300.42122
300.42703
300.43299
300.4391
300.44531
300.45161
300.45796
300.46432
300.47065
300.47692
300.48307
300.48906
300.49487
300.50046
300.50582
300.51094
300.51581
300.52043
300.5248
300.5289
300.53274
300.53632
300.53962
300.54265
300.5454
300.54786
300.55004
300.55194
300.55355
300.55487
300.55592
300.55669
300.5572
300.55744
300.55743
300.55719
300.55673
300.55607
300.55523
300.55423
300.55309
300.55182
300.55046
300.54902
300.5475
300.54594
300.54433
300.5427
300.54105
300.53939
300.53772
300.53604
300.53438
300.53271
300.53105
300.52939
300.52773
300.52607
300.52441
300.52274
300.52105
300.51936
300.51765
300.51594
300.51422
300.5125
300.51077
300.50906
300.50735
300.50566
300.50398
300.50231
300.50067
300.49903
300.49741
300.4958
300.49421
300.49262
300.49104
300.48947
300.48791
300.48636
300.48481
300.48327
300.48173
300.4802
300.47868
300.47716
300.47564
300.47413
300.47262
300.47112
300.46962
300.46812
300.46663
300.46514
300.46366
300.46217
300.4607
300.45922
300.45775
300.45629
300.45482
300.45336
300.4519
300.45045
300.449
300.44755
300.4461
300.44465
300.44321
300.44176
300.44032
300.43888
300.43743
300.43598
300.43452
300.43305
300.43158
300.4301
300.4286
300.4271
300.42557
300.42403
300.42247
300.42089
300.41929
300.41769
300.41607
300.41445
300.41284
300.41123
300.40963
300.40804
300.40646
300.40489
300.40333
300.40179
300.40026
300.39874
300.39723
300.39573
300.39425
300.39275
300.39139
300.38915
300.00017
300.00048
300.0008
300.00111
300.00141
300.00169
300.00197
300.00225
300.00252
300.00278
300.00305
300.00331
300.00357
300.00383
300.00409
300.00434
300.0046
300.00485
300.00511
300.00537
300.00562
300.00588
300.00614
300.00639
300.00665
300.00691
300.00717
300.00743
300.00769
300.00796
300.00822
300.00849
300.00875
300.00902
300.00929
300.00956
300.00983
300.0101
300.01037
300.01065
300.01092
300.0112
300.01148
300.01176
300.01204
300.01232
300.01261
300.01289
300.01318
300.01347
300.01376
300.01405
300.01434
300.01464
300.01494
300.01523
300.01553
300.01583
300.01614
300.01644
300.01675
300.01705
300.01736
300.01767
300.01799
300.0183
300.01862
300.01894
300.01926
300.01958
300.0199
300.02023
300.02056
300.02089
300.02122
300.02155
300.02189
300.02223
300.02257
300.02291
300.02326
300.0236
300.02395
300.02431
300.02466
300.02502
300.02538
300.02574
300.0261
300.02647
300.02684
300.02721
300.02758
300.02796
300.02834
300.02872
300.02911
300.0295
300.02989
300.03028
300.03068
300.03108
300.03149
300.03189
300.0323
300.03272
300.03313
300.03355
300.03398
300.0344
300.03483
300.03527
300.03571
300.03615
300.03659
300.03704
300.03749
300.03795
300.03841
300.03887
300.03934
300.03981
300.04029
300.04077
300.04125
300.04174
300.04223
300.04273
300.04323
300.04374
300.04425
300.04477
300.04529
300.04582
300.04636
300.04689
300.04744
300.04798
300.04854
300.04909
300.04965
300.05022
300.05079
300.05137
300.05195
300.05253
300.05312
300.05371
300.05431
300.05491
300.05552
300.05613
300.05674
300.05736
300.05799
300.05862
300.05926
300.05991
300.06056
300.06122
300.06189
300.06256
300.06324
300.06393
300.06463
300.06534
300.06606
300.06678
300.06751
300.06825
300.069
300.06975
300.07051
300.07128
300.07205
300.07283
300.07361
300.0744
300.0752
300.07599
300.07679
300.0776
300.0784
300.07921
300.08003
300.08084
300.08166
300.08248
300.0833
300.08413
300.08495
300.08578
300.08661
300.08744
300.08827
300.08911
300.08994
300.09078
300.09162
300.09246
300.09331
300.09417
300.09503
300.09591
300.09679
300.09769
300.09859
300.09951
300.10042
300.10135
300.10227
300.10319
300.10411
300.10502
300.10594
300.10684
300.10775
300.10866
300.10956
300.11046
300.11137
300.11227
300.11318
300.11409
300.11501
300.11593
300.11686
300.1178
300.11875
300.1197
300.12065
300.12161
300.12257
300.12353
300.1245
300.12546
300.12642
300.12738
300.12833
300.12928
300.13023
300.13117
300.13211
300.13305
300.13399
300.13492
300.13586
300.13679
300.13772
300.13865
300.13958
300.14052
300.14145
300.14238
300.14331
300.14424
300.14518
300.14612
300.14706
300.148
300.14895
300.14991
300.15088
300.15185
300.15283
300.15381
300.1548
300.15579
300.15677
300.15774
300.15871
300.15968
300.16064
300.1616
300.16257
300.16355
300.16455
300.16556
300.16659
300.16765
300.16873
300.16984
300.17098
300.17215
300.17334
300.17454
300.17574
300.17691
300.17814
300.17969
300.18127
300.1828
300.18416
300.1853
300.18668
300.18823
300.18984
300.19151
300.19322
300.19497
300.19676
300.19858
300.20041
300.20221
300.20398
300.20579
300.20786
300.21003
300.21183
300.21319
300.21476
300.21668
300.21858
300.22032
300.22195
300.22349
300.22497
300.22636
300.22764
300.22882
300.22986
300.23078
300.23155
300.23217
300.23263
300.23293
300.23307
300.23305
300.23286
300.23251
300.232
300.23133
300.23052
300.22958
300.2285
300.22732
300.22602
300.22463
300.22316
300.22162
300.22002
300.21838
300.21671
300.21502
300.21332
300.21161
300.20991
300.20823
300.20657
300.20494
300.20334
300.20178
300.20027
300.1988
300.19739
300.19603
300.19474
300.1935
300.19233
300.19123
300.1902
300.18924
300.18836
300.18756
300.18684
300.18619
300.18564
300.18517
300.18479
300.1845
300.1843
300.1842
300.1842
300.1843
300.1845
300.1848
300.18521
300.18572
300.18634
300.18707
300.18791
300.18887
300.18995
300.19115
300.19248
300.19394
300.19552
300.19723
300.19908
300.20108
300.20337
300.20594
300.20822
300.21043
300.21267
300.21511
300.21796
300.221
300.22411
300.22728
300.23052
300.23384
300.23723
300.24069
300.24422
300.24779
300.25142
300.25516
300.25907
300.26285
300.26651
300.27015
300.2738
300.27734
300.28067
300.28422
300.28788
300.29144
300.29483
300.29807
300.30116
300.3041
300.30692
300.30966
300.31226
300.31472
300.31705
300.31928
300.32143
300.3235
300.32548
300.32737
300.32917
300.33086
300.33247
300.33401
300.3355
300.33695
300.33831
300.33971
300.34132
300.34273
300.34354
300.34577
300.34868
300.34983
300.3507
300.35246
300.35442
300.35658
300.35879
300.36107
300.36343
300.36584
300.36825
300.37061
300.37285
300.37492
300.37675
300.37827
300.37942
300.38016
300.38044
300.3803
300.37973
300.37829
300.37752
300.37617
300.3743
300.37222
300.37002
300.36776
300.36548
300.36321
300.361
300.35886
300.35681
300.35487
300.35304
300.35133
300.34973
300.34825
300.34687
300.3456
300.34443
300.34335
300.34236
300.34144
300.34059
300.33981
300.33908
300.33841
300.33778
300.33718
300.33662
300.33608
300.33554
300.33497
300.33455
300.33431
300.33384
300.33331
300.33279
300.3323
300.33182
300.33134
300.33084
300.33033
300.32981
300.32926
300.32869
300.3281
300.32748
300.32684
300.3262
300.32547
300.32462
300.32419
300.32358
300.32284
300.32217
300.32157
300.32111
300.3206
300.32002
300.31932
300.31853
300.31798
300.31763
300.31744
300.3174
300.3174
300.31754
300.31785
300.31832
300.31894
300.31971
300.32063
300.32172
300.32299
300.32445
300.32607
300.3278
300.32962
300.33156
300.33379
300.33633
300.33892
300.34139
300.3437
300.34568
300.34752
300.3497
300.35214
300.35486
300.35827
300.36136
300.36301
300.36614
300.36939
300.37251
300.37573
300.37909
300.3826
300.38625
300.39007
300.39406
300.39823
300.40259
300.40714
300.41189
300.41683
300.42196
300.42728
300.43277
300.43842
300.44421
300.45012
300.45613
300.4622
300.4683
300.47439
300.48044
300.4864
300.49222
300.49788
300.50333
300.50855
300.51353
300.51826
300.52273
300.52694
300.53089
300.53457
300.53799
300.54114
300.54402
300.54662
300.54895
300.551
300.55278
300.55429
300.55553
300.55649
300.5572
300.55766
300.55786
300.55783
300.55758
300.55711
300.55644
300.5556
300.5546
300.55346
300.55219
300.55083
300.54938
300.54786
300.54629
300.54468
300.54304
300.54138
300.53971
300.53803
300.53635
300.53468
300.53301
300.53135
300.52969
300.52804
300.5264
300.52476
300.52312
300.52148
300.51983
300.51817
300.5165
300.51482
300.51314
300.51145
300.50977
300.50809
300.50642
300.50476
300.50312
300.50149
300.49987
300.49826
300.49666
300.49508
300.4935
300.49193
300.49037
300.48882
300.48727
300.48573
300.4842
300.48267
300.48115
300.47963
300.47812
300.47661
300.4751
300.4736
300.4721
300.47061
300.46911
300.46762
300.46614
300.46465
300.46317
300.46169
300.46022
300.45875
300.45728
300.45582
300.45436
300.4529
300.45144
300.44999
300.44855
300.4471
300.44566
300.44423
300.44279
300.44136
300.43993
300.4385
300.43707
300.43564
300.43421
300.43278
300.43135
300.42991
300.42846
300.427
300.42554
300.42406
300.42257
300.42107
300.41956
300.41803
300.41649
300.41494
300.41339
300.41183
300.41028
300.40873
300.40719
300.40566
300.40414
300.40262
300.40112
300.39962
300.39813
300.39664
300.39518
300.39368
300.39233
300.39009
300.00017
300.00048
300.00081
300.00113
300.00146
300.00179
300.00211
300.00244
300.00277
300.00309
300.00341
300.00374
300.00406
300.00438
300.00471
300.00503
300.00535
300.00567
300.00599
300.00631
300.00663
300.00694
300.00726
300.00758
300.0079
300.00821
300.00853
300.00885
300.00917
300.00948
300.0098
300.01012
300.01044
300.01076
300.01108
300.0114
300.01172
300.01204
300.01236
300.01269
300.01301
300.01334
300.01367
300.01399
300.01432
300.01465
300.01498
300.01532
300.01565
300.01599
300.01632
300.01666
300.017
300.01734
300.01769
300.01803
300.01838
300.01873
300.01908
300.01943
300.01978
300.02014
300.02049
300.02085
300.02121
300.02158
300.02194
300.02231
300.02268
300.02305
300.02343
300.0238
300.02418
300.02456
300.02495
300.02533
300.02572
300.02611
300.02651
300.0269
300.0273
300.0277
300.02811
300.02852
300.02893
300.02934
300.02976
300.03018
300.0306
300.03102
300.03145
300.03189
300.03232
300.03276
300.0332
300.03365
300.0341
300.03455
300.03501
300.03547
300.03594
300.03641
300.03688
300.03736
300.03784
300.03833
300.03882
300.03931
300.03981
300.04031
300.04082
300.04133
300.04185
300.04237
300.0429
300.04343
300.04396
300.0445
300.04505
300.0456
300.04615
300.04671
300.04728
300.04785
300.04843
300.04901
300.0496
300.05019
300.05079
300.0514
300.05202
300.05264
300.05327
300.0539
300.05454
300.05519
300.05584
300.0565
300.05717
300.05784
300.05852
300.0592
300.05989
300.06058
300.06128
300.06199
300.0627
300.06341
300.06414
300.06487
300.0656
300.06634
300.06709
300.06785
300.06862
300.06939
300.07017
300.07096
300.07176
300.07257
300.07339
300.07422
300.07506
300.0759
300.07676
300.07763
300.07851
300.07939
300.08029
300.08119
300.0821
300.08302
300.08395
300.08488
300.08581
300.08676
300.0877
300.08865
300.08961
300.09056
300.09152
300.09249
300.09345
300.09442
300.09539
300.09636
300.09734
300.09831
300.09929
300.10026
300.10124
300.10222
300.1032
300.10418
300.10516
300.10614
300.10712
300.10811
300.1091
300.11009
300.11109
300.1121
300.11312
300.11414
300.11518
300.11622
300.11727
300.11833
300.11939
300.12045
300.12151
300.12256
300.12361
300.12466
300.1257
300.12674
300.12778
300.12881
300.12984
300.13087
300.1319
300.13293
300.13397
300.13501
300.13606
300.13711
300.13817
300.13924
300.14032
300.1414
300.14249
300.14358
300.14466
300.14575
300.14684
300.14792
300.149
300.15007
300.15114
300.15221
300.15326
300.15432
300.15536
300.15641
300.15745
300.15849
300.15953
300.16056
300.1616
300.16264
300.16367
300.16471
300.16574
300.16678
300.16782
300.16887
300.16991
300.17097
300.17202
300.17309
300.17416
300.17523
300.17631
300.1774
300.17849
300.17958
300.18067
300.18176
300.18284
300.18392
300.18499
300.18607
300.18714
300.18823
300.18933
300.19044
300.19157
300.19273
300.1939
300.19511
300.19635
300.19762
300.19892
300.20025
300.2016
300.20298
300.20434
300.2057
300.20729
300.20915
300.21089
300.2126
300.21423
300.2157
300.21734
300.21919
300.22113
300.2231
300.22509
300.22712
300.22928
300.23159
300.23376
300.23578
300.23753
300.23939
300.24165
300.24395
300.2461
300.2481
300.25001
300.25188
300.25369
300.25543
300.25706
300.25856
300.25994
300.26116
300.26222
300.26311
300.26382
300.26433
300.26465
300.26476
300.26466
300.26436
300.26386
300.26316
300.26227
300.2612
300.25996
300.25856
300.25701
300.25534
300.25355
300.25166
300.24969
300.24764
300.24553
300.24338
300.24121
300.23902
300.23682
300.23464
300.23247
300.23032
300.22821
300.22614
300.22412
300.22215
300.22024
300.21839
300.21661
300.2149
300.21327
300.21171
300.21023
300.20884
300.20753
300.2063
300.20517
300.20413
300.20319
300.20234
300.20159
300.20095
300.20041
300.19997
300.19965
300.19944
300.19935
300.19936
300.1995
300.19976
300.20014
300.20064
300.20126
300.202
300.20287
300.20386
300.20499
300.20624
300.20764
300.20917
300.21085
300.21266
300.21462
300.21673
300.21897
300.22137
300.22399
300.22677
300.22939
300.23197
300.23471
300.23768
300.24084
300.24413
300.24751
300.25094
300.2544
300.25791
300.26147
300.26508
300.26869
300.27218
300.27574
300.27949
300.28317
300.28671
300.29017
300.2936
300.29698
300.30026
300.30342
300.30646
300.30937
300.31209
300.31459
300.31694
300.31922
300.32147
300.32368
300.32581
300.32784
300.32975
300.33153
300.33318
300.33471
300.33614
300.33748
300.33876
300.34
300.34118
300.34229
300.34335
300.34455
300.34581
300.34666
300.34719
300.3499
300.352
300.35261
300.35359
300.35523
300.35699
300.35891
300.36093
300.36309
300.36538
300.36778
300.37026
300.37278
300.37529
300.37773
300.38003
300.38211
300.38391
300.38536
300.3864
300.38699
300.38709
300.38674
300.38554
300.38468
300.38355
300.38167
300.37952
300.37717
300.37471
300.37218
300.36965
300.36713
300.36468
300.36231
300.36005
300.3579
300.35589
300.35401
300.35226
300.35064
300.34915
300.34777
300.34651
300.34536
300.3443
300.34334
300.34246
300.34165
300.34091
300.34023
300.33961
300.33904
300.3385
300.33801
300.33753
300.33707
300.33659
300.33635
300.33606
300.33561
300.33517
300.33475
300.33435
300.33394
300.33352
300.33309
300.33263
300.33215
300.33164
300.33112
300.33058
300.32998
300.32926
300.32877
300.32833
300.32765
300.32706
300.32664
300.32619
300.32564
300.32497
300.32418
300.3236
300.3232
300.32295
300.32282
300.32274
300.32277
300.32295
300.32327
300.32371
300.3243
300.32508
300.32605
300.32721
300.3285
300.32989
300.3314
300.33312
300.33523
300.33763
300.34004
300.34236
300.34456
300.34644
300.34813
300.35013
300.35254
300.35508
300.35775
300.36061
300.36383
300.36631
300.36809
300.37116
300.37423
300.37703
300.37986
300.38284
300.38592
300.3891
300.3924
300.39584
300.39943
300.40318
300.40709
300.41119
300.41546
300.41992
300.42456
300.42939
300.4344
300.43958
300.44493
300.45042
300.45603
300.46175
300.46754
300.47337
300.47921
300.48502
300.49075
300.49638
300.50185
300.50713
300.5122
300.51702
300.52159
300.52589
300.52992
300.53368
300.53718
300.5404
300.54334
300.54602
300.54843
300.55057
300.55245
300.55406
300.5554
300.55649
300.55733
300.55792
300.55827
300.55839
300.55829
300.55798
300.55747
300.55677
300.55591
300.55489
300.55374
300.55246
300.55109
300.54964
300.54812
300.54654
300.54493
300.54328
300.54161
300.53994
300.53825
300.53657
300.53489
300.53321
300.53154
300.52989
300.52824
300.52659
300.52496
300.52333
300.52171
300.52008
300.51845
300.51682
300.51519
300.51355
300.5119
300.51026
300.50862
300.50699
300.50536
300.50374
300.50213
300.50052
300.49893
300.49735
300.49577
300.49421
300.49265
300.4911
300.48956
300.48803
300.4865
300.48497
300.48345
300.48194
300.48042
300.47892
300.47741
300.47591
300.47442
300.47292
300.47143
300.46994
300.46845
300.46697
300.46549
300.46401
300.46253
300.46106
300.45959
300.45812
300.45666
300.4552
300.45374
300.45229
300.45084
300.44939
300.44795
300.44651
300.44508
300.44365
300.44222
300.44079
300.43937
300.43795
300.43654
300.43512
300.43371
300.4323
300.43088
300.42947
300.42805
300.42663
300.42521
300.42378
300.42234
300.42089
300.41944
300.41797
300.4165
300.41502
300.41354
300.41205
300.41055
300.40906
300.40757
300.40608
300.40459
300.40311
300.40163
300.40016
300.39869
300.39722
300.39577
300.39429
300.39295
300.39073
300.00018
300.0005
300.00083
300.00116
300.00149
300.00183
300.00216
300.0025
300.00284
300.00318
300.00353
300.00387
300.00422
300.00457
300.00492
300.00527
300.00563
300.00598
300.00634
300.0067
300.00706
300.00742
300.00778
300.00815
300.00851
300.00888
300.00925
300.00962
300.00999
300.01036
300.01073
300.0111
300.01148
300.01185
300.01223
300.01261
300.01299
300.01337
300.01375
300.01413
300.01452
300.0149
300.01529
300.01567
300.01606
300.01645
300.01685
300.01724
300.01763
300.01803
300.01843
300.01883
300.01923
300.01963
300.02003
300.02044
300.02085
300.02125
300.02167
300.02208
300.02249
300.02291
300.02333
300.02375
300.02418
300.0246
300.02503
300.02546
300.02589
300.02633
300.02677
300.02721
300.02765
300.0281
300.02855
300.029
300.02946
300.02991
300.03038
300.03084
300.03131
300.03178
300.03225
300.03273
300.03321
300.0337
300.03419
300.03468
300.03518
300.03568
300.03618
300.03669
300.0372
300.03772
300.03824
300.03877
300.0393
300.03983
300.04038
300.04092
300.04147
300.04203
300.04259
300.04315
300.04373
300.0443
300.04489
300.04547
300.04607
300.04667
300.04727
300.04788
300.0485
300.04912
300.04975
300.05038
300.05102
300.05166
300.05231
300.05297
300.05363
300.0543
300.05498
300.05566
300.05635
300.05706
300.05776
300.05848
300.05921
300.05994
300.06068
300.06143
300.06219
300.06296
300.06374
300.06452
300.06531
300.06611
300.06692
300.06774
300.06856
300.06939
300.07022
300.07107
300.07192
300.07278
300.07364
300.07452
300.0754
300.07629
300.07719
300.07811
300.07903
300.07996
300.0809
300.08185
300.08282
300.08379
300.08478
300.08577
300.08678
300.0878
300.08883
300.08988
300.09093
300.09199
300.09306
300.09415
300.09524
300.09633
300.09744
300.09855
300.09967
300.10079
300.10192
300.10305
300.10419
300.10533
300.10647
300.10761
300.10876
300.1099
300.11105
300.1122
300.11335
300.1145
300.11565
300.1168
300.11795
300.1191
300.12025
300.1214
300.12255
300.1237
300.12485
300.126
300.12715
300.1283
300.12946
300.13062
300.13179
300.13296
300.13414
300.13533
300.13652
300.13772
300.13892
300.14013
300.14133
300.14254
300.14374
300.14494
300.14613
300.14732
300.1485
300.14968
300.15086
300.15203
300.1532
300.15438
300.15555
300.15672
300.1579
300.15909
300.16028
300.16148
300.16269
300.1639
300.16512
300.16635
300.16757
300.16879
300.17002
300.17124
300.17245
300.17366
300.17486
300.17606
300.17725
300.17844
300.17961
300.18079
300.18196
300.18312
300.18428
300.18545
300.18661
300.18776
300.18892
300.19009
300.19125
300.19241
300.19358
300.19475
300.19593
300.19711
300.1983
300.19949
300.20069
300.20189
300.2031
300.20431
300.20553
300.20675
300.20797
300.20919
300.2104
300.21162
300.21283
300.21405
300.21527
300.21649
300.21773
300.21898
300.22024
300.22153
300.22284
300.22418
300.22555
300.22695
300.22839
300.22987
300.23138
300.23294
300.23452
300.23613
300.23777
300.23945
300.24129
300.24337
300.24541
300.24734
300.24928
300.25126
300.25333
300.2555
300.25775
300.26003
300.26218
300.26439
300.26687
300.26939
300.27183
300.27418
300.27646
300.27873
300.281
300.28325
300.28544
300.28754
300.28954
300.29142
300.29318
300.29479
300.29624
300.2975
300.29856
300.29939
300.3
300.30036
300.30048
300.30034
300.29995
300.29931
300.29843
300.29732
300.29598
300.29443
300.29269
300.29077
300.28868
300.28645
300.2841
300.28165
300.27911
300.2765
300.27385
300.27115
300.26843
300.26571
300.26299
300.26029
300.25763
300.255
300.25243
300.24991
300.24745
300.24506
300.24274
300.24051
300.23835
300.23628
300.23431
300.23242
300.23063
300.22894
300.22735
300.22587
300.22449
300.22321
300.22205
300.221
300.22007
300.21925
300.21855
300.21798
300.21753
300.21721
300.21703
300.21697
300.21706
300.21728
300.21763
300.21813
300.21876
300.21952
300.22042
300.22145
300.22262
300.22392
300.22536
300.22695
300.22868
300.23056
300.23259
300.23477
300.2371
300.23957
300.24216
300.24486
300.24767
300.25053
300.25343
300.25639
300.25947
300.26269
300.26602
300.26943
300.27287
300.27629
300.27968
300.28304
300.2864
300.28982
300.2933
300.29677
300.3002
300.30352
300.30666
300.30961
300.31231
300.31477
300.3171
300.3194
300.32174
300.32411
300.32641
300.32862
300.3307
300.33263
300.33441
300.33602
300.33752
300.33892
300.34023
300.34146
300.3426
300.34366
300.34466
300.34562
300.3465
300.34733
300.34821
300.34921
300.35002
300.35037
300.35149
300.35402
300.35507
300.3555
300.35664
300.3581
300.35966
300.36133
300.36314
300.36512
300.36727
300.36957
300.372
300.37455
300.37717
300.37983
300.38245
300.38498
300.38734
300.38945
300.39124
300.39265
300.39362
300.39411
300.3941
300.39341
300.39236
300.39161
300.39002
300.38795
300.38559
300.38305
300.38039
300.37765
300.37489
300.37215
300.36947
300.36688
300.3644
300.36204
300.35982
300.35774
300.3558
300.35401
300.35236
300.35084
300.34945
300.34818
300.34702
300.34597
300.34501
300.34414
300.34335
300.34264
300.34198
300.34139
300.34084
300.34034
300.33988
300.33945
300.33903
300.33862
300.33842
300.33811
300.33771
300.33732
300.33696
300.3366
300.33623
300.33586
300.33546
300.33505
300.33461
300.33411
300.33355
300.33325
300.3328
300.33224
300.33183
300.3315
300.33105
300.33046
300.32974
300.32921
300.32885
300.32862
300.32848
300.32835
300.3283
300.32839
300.32864
300.32906
300.32963
300.33034
300.33116
300.33206
300.33309
300.33435
300.33605
300.3381
300.34021
300.34227
300.3443
300.3462
300.34775
300.3493
300.35133
300.35375
300.3563
300.35893
300.36168
300.36445
300.36754
300.37014
300.37186
300.37473
300.37777
300.3805
300.38303
300.38566
300.38841
300.3912
300.39404
300.39694
300.39995
300.40306
300.40631
300.40969
300.41321
300.4169
300.42074
300.42476
300.42896
300.43333
300.43788
300.44261
300.4475
300.45255
300.45775
300.46307
300.46849
300.474
300.47955
300.48512
300.49067
300.49616
300.50155
300.50681
300.51188
300.51675
300.52137
300.52575
300.52985
300.53367
300.53721
300.54047
300.54345
300.54616
300.5486
300.55077
300.55267
300.55431
300.5557
300.55684
300.55773
300.55839
300.55882
300.55902
300.55902
300.55881
300.55841
300.55783
300.55708
300.55618
300.55514
300.55397
300.55268
300.5513
300.54984
300.54832
300.54674
300.54512
300.54347
300.54181
300.54013
300.53844
300.53675
300.53506
300.53338
300.53171
300.53005
300.5284
300.52675
300.52512
300.52349
300.52186
300.52024
300.51863
300.51702
300.5154
300.51379
300.51218
300.51057
300.50896
300.50736
300.50575
300.50415
300.50256
300.50098
300.4994
300.49783
300.49627
300.49472
300.49318
300.49164
300.49011
300.48858
300.48706
300.48555
300.48404
300.48254
300.48103
300.47953
300.47804
300.47655
300.47506
300.47357
300.47208
300.4706
300.46912
300.46764
300.46616
300.46469
300.46322
300.46175
300.46028
300.45882
300.45735
300.4559
300.45444
300.45299
300.45154
300.4501
300.44866
300.44722
300.44579
300.44436
300.44294
300.44152
300.4401
300.43869
300.43728
300.43587
300.43446
300.43306
300.43166
300.43026
300.42886
300.42746
300.42606
300.42466
300.42326
300.42186
300.42045
300.41904
300.41762
300.41619
300.41476
300.41333
300.41189
300.41044
300.40899
300.40754
300.40609
300.40464
300.40319
300.40174
300.4003
300.39886
300.39742
300.39599
300.39453
300.3932
300.39101
300.00018
300.0005
300.00084
300.00117
300.00151
300.00185
300.00219
300.00253
300.00288
300.00322
300.00357
300.00393
300.00428
300.00464
300.005
300.00536
300.00573
300.0061
300.00647
300.00684
300.00722
300.0076
300.00798
300.00836
300.00875
300.00914
300.00953
300.00992
300.01032
300.01072
300.01112
300.01152
300.01193
300.01234
300.01275
300.01316
300.01358
300.014
300.01442
300.01484
300.01527
300.01569
300.01612
300.01656
300.01699
300.01743
300.01787
300.01831
300.01876
300.0192
300.01965
300.0201
300.02056
300.02101
300.02147
300.02194
300.0224
300.02287
300.02334
300.02381
300.02429
300.02477
300.02525
300.02573
300.02622
300.02671
300.0272
300.0277
300.0282
300.0287
300.02921
300.02972
300.03023
300.03075
300.03127
300.03179
300.03232
300.03285
300.03339
300.03393
300.03447
300.03502
300.03557
300.03613
300.03669
300.03726
300.03783
300.0384
300.03898
300.03957
300.04016
300.04076
300.04136
300.04196
300.04258
300.0432
300.04382
300.04445
300.04509
300.04573
300.04638
300.04704
300.0477
300.04837
300.04905
300.04973
300.05042
300.05112
300.05182
300.05253
300.05325
300.05397
300.0547
300.05544
300.05618
300.05693
300.05769
300.05846
300.05923
300.06001
300.0608
300.0616
300.06241
300.06323
300.06406
300.0649
300.06575
300.06661
300.06748
300.06836
300.06926
300.07016
300.07108
300.072
300.07294
300.07388
300.07484
300.07581
300.07678
300.07777
300.07876
300.07977
300.08078
300.08181
300.08284
300.08388
300.08494
300.08601
300.08708
300.08817
300.08928
300.09039
300.09152
300.09266
300.09381
300.09498
300.09616
300.09735
300.09856
300.09978
300.10101
300.10225
300.10351
300.10477
300.10605
300.10733
300.10863
300.10993
300.11124
300.11256
300.11388
300.11521
300.11655
300.11788
300.11923
300.12057
300.12192
300.12326
300.12461
300.12596
300.12731
300.12866
300.13001
300.13136
300.13271
300.13406
300.13541
300.13675
300.13809
300.13943
300.14077
300.14211
300.14344
300.14478
300.14611
300.14744
300.14878
300.15011
300.15145
300.15279
300.15413
300.15548
300.15683
300.15818
300.15954
300.1609
300.16227
300.16363
300.16499
300.16635
300.16771
300.16906
300.1704
300.17175
300.17309
300.17442
300.17576
300.17709
300.17842
300.17975
300.18108
300.18242
300.18376
300.18511
300.18647
300.18783
300.1892
300.19057
300.19194
300.19332
300.19469
300.19606
300.19743
300.19879
300.20015
300.2015
300.20285
300.20419
300.20552
300.20685
300.20818
300.2095
300.21082
300.21213
300.21345
300.21477
300.21608
300.2174
300.21872
300.22005
300.22138
300.22271
300.22405
300.2254
300.22675
300.2281
300.22946
300.23083
300.2322
300.23358
300.23496
300.23634
300.23773
300.23912
300.24051
300.2419
300.2433
300.2447
300.2461
300.24751
300.24893
300.25036
300.25182
300.25329
300.25478
300.25631
300.25786
300.25945
300.26108
300.26274
300.26445
300.26621
300.268
300.26985
300.27174
300.27368
300.27567
300.27773
300.27987
300.28209
300.28435
300.28664
300.28897
300.29135
300.29377
300.29624
300.29876
300.30131
300.30388
300.30647
300.30908
300.3117
300.31429
300.31684
300.31934
300.32178
300.32416
300.32644
300.32862
300.33067
300.33259
300.33433
300.33588
300.33719
300.33825
300.33904
300.33953
300.33973
300.33961
300.3392
300.33851
300.33752
300.33626
300.33471
300.33291
300.33086
300.32859
300.32612
300.32347
300.32065
300.3177
300.31464
300.3115
300.30831
300.30507
300.30181
300.29854
300.29528
300.29205
300.28885
300.28568
300.28258
300.27954
300.27657
300.27368
300.27087
300.26815
300.26553
300.26301
300.26059
300.25828
300.25607
300.25398
300.252
300.25014
300.2484
300.24678
300.24528
300.2439
300.24265
300.24153
300.24054
300.23969
300.23896
300.23838
300.23794
300.23765
300.2375
300.23751
300.23768
300.238
300.23847
300.2391
300.23988
300.2408
300.24187
300.24307
300.2444
300.24586
300.24744
300.24916
300.25101
300.25299
300.25513
300.25742
300.25986
300.26245
300.26516
300.26796
300.27081
300.2737
300.27658
300.27948
300.28241
300.28542
300.28861
300.29194
300.29533
300.2987
300.30197
300.30506
300.308
300.31075
300.31325
300.31557
300.31782
300.32012
300.32254
300.32501
300.32743
300.32975
300.33196
300.33402
300.33592
300.33765
300.33925
300.34074
300.34214
300.34345
300.34465
300.34575
300.34675
300.34767
300.34853
300.34934
300.35011
300.3508
300.35144
300.35214
300.35293
300.35359
300.35389
300.35426
300.35659
300.35785
300.35817
300.35872
300.35988
300.36118
300.36251
300.36395
300.36556
300.36735
300.36931
300.37144
300.37374
300.3762
300.3788
300.3815
300.38427
300.38705
300.38979
300.3924
300.39482
300.39698
300.39879
300.4002
300.40116
300.40162
300.40152
300.40072
300.39996
300.39906
300.39732
300.39517
300.39272
300.39007
300.38727
300.38439
300.38146
300.37854
300.37566
300.37285
300.37014
300.36756
300.36511
300.3628
300.36065
300.35865
300.3568
300.35509
300.35352
300.35209
300.35078
300.34959
300.34851
300.34753
300.34664
300.34584
300.34511
300.34445
300.34385
300.34331
300.34281
300.34236
300.34195
300.34156
300.34119
300.34085
300.34063
300.34028
300.33991
300.33957
300.33925
300.33892
300.33855
300.3382
300.33799
300.33759
300.33718
300.33684
300.33662
300.33639
300.33599
300.33537
300.33478
300.33443
300.33426
300.33423
300.33424
300.33432
300.33448
300.33471
300.33499
300.33534
300.33581
300.33653
300.33767
300.33915
300.34075
300.34233
300.34394
300.34559
300.34714
300.34838
300.3496
300.3513
300.35347
300.35587
300.35833
300.36096
300.36369
300.36638
300.36934
300.37223
300.37408
300.37666
300.37975
300.38267
300.38527
300.38771
300.39025
300.39288
300.3955
300.39809
300.40069
300.40333
300.40603
300.4088
300.41165
300.4146
300.41766
300.42085
300.42418
300.42765
300.43128
300.43508
300.43903
300.44316
300.44746
300.45192
300.45654
300.46131
300.46623
300.47126
300.47639
300.48161
300.48687
300.49215
300.49741
300.50262
300.50773
300.51272
300.51753
300.52214
300.52652
300.53064
300.53449
300.53805
300.54133
300.54432
300.54702
300.54945
300.5516
300.55348
300.5551
300.55648
300.5576
300.55849
300.55916
300.5596
300.55983
300.55987
300.55971
300.55937
300.55887
300.5582
300.55739
300.55644
300.55536
300.55417
300.55288
300.5515
300.55004
300.54852
300.54695
300.54534
300.5437
300.54203
300.54036
300.53867
300.53699
300.5353
300.53362
300.53194
300.53027
300.52861
300.52696
300.52532
300.52368
300.52205
300.52043
300.51881
300.5172
300.51559
300.51398
300.51238
300.51078
300.50919
300.50759
300.50601
300.50442
300.50285
300.50127
300.49971
300.49815
300.49661
300.49506
300.49353
300.492
300.49048
300.48897
300.48746
300.48596
300.48446
300.48297
300.48148
300.47999
300.4785
300.47702
300.47554
300.47406
300.47259
300.47111
300.46964
300.46817
300.4667
300.46524
300.46377
300.46231
300.46085
300.4594
300.45794
300.45649
300.45504
300.45359
300.45215
300.45071
300.44928
300.44784
300.44641
300.44499
300.44356
300.44215
300.44073
300.43932
300.43791
300.43651
300.43511
300.43371
300.43232
300.43092
300.42953
300.42815
300.42676
300.42537
300.42399
300.42261
300.42122
300.41984
300.41845
300.41706
300.41567
300.41427
300.41287
300.41146
300.41005
300.40864
300.40723
300.40581
300.40439
300.40297
300.40155
300.40013
300.39872
300.3973
300.39589
300.39445
300.39314
300.39097
300.00018
300.0005
300.00084
300.00118
300.00152
300.00186
300.0022
300.00255
300.0029
300.00325
300.00361
300.00396
300.00432
300.00468
300.00505
300.00542
300.00579
300.00616
300.00654
300.00692
300.0073
300.00769
300.00807
300.00847
300.00886
300.00926
300.00966
300.01006
300.01047
300.01088
300.01129
300.01171
300.01213
300.01255
300.01298
300.01341
300.01384
300.01427
300.01471
300.01515
300.0156
300.01605
300.0165
300.01695
300.01741
300.01787
300.01834
300.01881
300.01928
300.01975
300.02023
300.02072
300.0212
300.02169
300.02219
300.02268
300.02318
300.02369
300.0242
300.02471
300.02522
300.02574
300.02627
300.02679
300.02733
300.02786
300.0284
300.02895
300.0295
300.03005
300.03061
300.03117
300.03174
300.03231
300.03289
300.03347
300.03405
300.03464
300.03524
300.03584
300.03645
300.03706
300.03768
300.03831
300.03894
300.03957
300.04022
300.04086
300.04152
300.04218
300.04285
300.04352
300.04421
300.0449
300.04559
300.0463
300.04701
300.04773
300.04845
300.04919
300.04993
300.05069
300.05145
300.05222
300.05299
300.05378
300.05457
300.05538
300.05619
300.05701
300.05783
300.05867
300.05951
300.06036
300.06122
300.06209
300.06297
300.06386
300.06475
300.06566
300.06658
300.06752
300.06846
300.06942
300.07039
300.07137
300.07237
300.07338
300.0744
300.07544
300.07649
300.07756
300.07864
300.07973
300.08083
300.08195
300.08308
300.08423
300.08538
300.08655
300.08773
300.08892
300.09013
300.09134
300.09258
300.09382
300.09508
300.09636
300.09765
300.09895
300.10027
300.10161
300.10296
300.10433
300.10571
300.10711
300.10852
300.10994
300.11138
300.11284
300.1143
300.11578
300.11727
300.11877
300.12028
300.1218
300.12332
300.12486
300.1264
300.12795
300.1295
300.13105
300.13261
300.13418
300.13574
300.13731
300.13887
300.14044
300.14201
300.14358
300.14514
300.14671
300.14827
300.14983
300.15139
300.15294
300.15449
300.15604
300.15758
300.15912
300.16066
300.16219
300.16372
300.16525
300.16677
300.16829
300.16982
300.17134
300.17286
300.17439
300.17591
300.17744
300.17897
300.1805
300.18203
300.18357
300.1851
300.18663
300.18816
300.18969
300.19121
300.19274
300.19426
300.19577
300.19729
300.1988
300.20031
300.20182
300.20333
300.20485
300.20637
300.20789
300.20941
300.21095
300.21248
300.21402
300.21556
300.21711
300.21865
300.2202
300.22174
300.22328
300.22482
300.22636
300.22789
300.22942
300.23094
300.23246
300.23398
300.23549
300.23701
300.23852
300.24003
300.24155
300.24307
300.24459
300.24611
300.24764
300.24917
300.25071
300.25226
300.25381
300.25537
300.25693
300.2585
300.26008
300.26166
300.26325
300.26485
300.26645
300.26806
300.26967
300.27129
300.27291
300.27454
300.27618
300.27782
300.27948
300.28115
300.28283
300.28453
300.28625
300.288
300.28977
300.29158
300.29341
300.29529
300.2972
300.29916
300.30115
300.3032
300.30529
300.30743
300.30961
300.31184
300.31413
300.31647
300.31886
300.32131
300.32381
300.32636
300.32896
300.33161
300.33429
300.33701
300.33976
300.34255
300.34535
300.34817
300.35098
300.35379
300.35658
300.35933
300.36202
300.36464
300.36714
300.36951
300.37171
300.37379
300.37571
300.37743
300.3789
300.38004
300.38082
300.38124
300.38131
300.38103
300.38041
300.37945
300.37814
300.37647
300.37446
300.37215
300.36958
300.36678
300.36378
300.36061
300.35728
300.35383
300.35027
300.34662
300.3429
300.33915
300.33536
300.33157
300.32779
300.32403
300.32032
300.31667
300.31312
300.30965
300.30628
300.303
300.29981
300.29673
300.29375
300.29088
300.28813
300.2855
300.28299
300.28061
300.27835
300.27622
300.27423
300.27237
300.27064
300.26906
300.26761
300.2663
300.26513
300.26411
300.26323
300.26249
300.2619
300.26146
300.26118
300.26105
300.2611
300.26132
300.26171
300.26227
300.263
300.2639
300.26495
300.26615
300.26749
300.26895
300.27053
300.2722
300.27396
300.2758
300.27772
300.27974
300.28187
300.28414
300.28662
300.2893
300.29213
300.29505
300.298
300.30092
300.3037
300.30639
300.30899
300.31145
300.31367
300.31572
300.31774
300.31984
300.32209
300.32451
300.32695
300.32933
300.33165
300.33387
300.33597
300.33792
300.33971
300.34136
300.34292
300.3444
300.34578
300.34705
300.34821
300.34926
300.35022
300.35109
300.3519
300.35264
300.35334
300.35398
300.35457
300.35509
300.35558
300.35617
300.35677
300.35724
300.35742
300.35775
300.35982
300.36088
300.3611
300.36139
300.36224
300.36331
300.3644
300.36554
300.36682
300.36827
300.36988
300.37165
300.37359
300.37571
300.37801
300.38047
300.38309
300.38584
300.38868
300.39158
300.39447
300.3973
300.39999
300.40249
300.4047
300.40657
300.40804
300.40904
300.40955
300.40949
300.40875
300.40812
300.40724
300.40555
300.40343
300.40099
300.39831
300.39548
300.39252
300.3895
300.38645
300.38342
300.38043
300.37752
300.37472
300.37205
300.3695
300.36711
300.36486
300.36277
300.36083
300.35904
300.35739
300.35589
300.35451
300.35326
300.35212
300.35109
300.35015
300.34931
300.34854
300.34785
300.34722
300.34666
300.34615
300.34568
300.34526
300.34488
300.34452
300.3442
300.34389
300.34359
300.3433
300.34302
300.34276
300.34251
300.34228
300.34207
300.34188
300.34168
300.34148
300.34127
300.341
300.34069
300.34044
300.34031
300.34028
300.34035
300.34062
300.34112
300.34181
300.34257
300.34336
300.34423
300.3452
300.34627
300.34741
300.34843
300.34919
300.34996
300.35113
300.35282
300.35481
300.35692
300.35912
300.36155
300.36411
300.36664
300.36928
300.37228
300.37458
300.37668
300.3797
300.38278
300.38566
300.38832
300.39082
300.39339
300.39606
300.39872
300.40129
300.40379
300.40628
300.40876
300.41126
300.41378
300.41632
300.41889
300.42153
300.42424
300.42705
300.42995
300.43298
300.43613
300.43942
300.44285
300.44644
300.45018
300.45408
300.45814
300.46236
300.46672
300.47122
300.47586
300.4806
300.48543
300.49034
300.49528
300.50024
300.50517
300.51005
300.51484
300.51949
300.52398
300.52827
300.53232
300.53613
300.53966
300.54291
300.54586
300.54853
300.55091
300.55301
300.55484
300.5564
300.55772
300.55879
300.55963
300.56025
300.56066
300.56088
300.56091
300.56075
300.56044
300.55996
300.55934
300.55858
300.5577
300.55669
300.55559
300.55438
300.55309
300.55171
300.55027
300.54877
300.54721
300.54562
300.54399
300.54234
300.54068
300.539
300.53732
300.53564
300.53396
300.53228
300.53061
300.52894
300.52728
300.52563
300.52398
300.52234
300.52071
300.51908
300.51745
300.51583
300.51422
300.51261
300.51101
300.50941
300.50782
300.50624
300.50466
300.50308
300.50152
300.49996
300.49841
300.49687
300.49533
300.4938
300.49228
300.49077
300.48927
300.48777
300.48627
300.48478
300.4833
300.48182
300.48034
300.47887
300.4774
300.47593
300.47446
300.473
300.47153
300.47007
300.46861
300.46716
300.4657
300.46425
300.4628
300.46135
300.4599
300.45845
300.45701
300.45557
300.45413
300.45269
300.45126
300.44983
300.4484
300.44698
300.44556
300.44414
300.44273
300.44131
300.43991
300.4385
300.4371
300.43571
300.43431
300.43292
300.43154
300.43015
300.42877
300.42739
300.42601
300.42464
300.42327
300.42189
300.42052
300.41915
300.41778
300.41641
300.41504
300.41366
300.41229
300.4109
300.40952
300.40813
300.40674
300.40535
300.40396
300.40256
300.40117
300.39977
300.39837
300.39697
300.39558
300.39416
300.39287
300.39073
300.00018
300.00051
300.00084
300.00118
300.00152
300.00186
300.00221
300.00256
300.00291
300.00327
300.00362
300.00398
300.00434
300.00471
300.00508
300.00545
300.00582
300.0062
300.00658
300.00696
300.00735
300.00774
300.00813
300.00853
300.00892
300.00933
300.00973
300.01014
300.01055
300.01097
300.01139
300.01181
300.01223
300.01266
300.01309
300.01353
300.01397
300.01441
300.01486
300.01531
300.01576
300.01622
300.01668
300.01715
300.01762
300.01809
300.01857
300.01905
300.01953
300.02002
300.02051
300.02101
300.02151
300.02201
300.02252
300.02304
300.02356
300.02408
300.02461
300.02514
300.02567
300.02622
300.02676
300.02731
300.02787
300.02843
300.029
300.02957
300.03014
300.03073
300.03131
300.03191
300.03251
300.03311
300.03372
300.03434
300.03496
300.03559
300.03622
300.03686
300.03751
300.03816
300.03882
300.03949
300.04017
300.04085
300.04154
300.04224
300.04294
300.04366
300.04438
300.04511
300.04585
300.04659
300.04735
300.04812
300.04889
300.04968
300.05047
300.05127
300.05209
300.05291
300.05375
300.05459
300.05545
300.05631
300.05718
300.05807
300.05896
300.05987
300.06078
300.0617
300.06263
300.06358
300.06453
300.06549
300.06647
300.06746
300.06846
300.06947
300.0705
300.07155
300.07261
300.07368
300.07477
300.07588
300.077
300.07814
300.0793
300.08047
300.08166
300.08287
300.08409
300.08533
300.08659
300.08786
300.08914
300.09044
300.09176
300.09309
300.09444
300.0958
300.09718
300.09858
300.09999
300.10142
300.10287
300.10434
300.10583
300.10733
300.10885
300.11039
300.11195
300.11353
300.11512
300.11673
300.11836
300.12
300.12165
300.12332
300.12501
300.1267
300.12841
300.13013
300.13185
300.13359
300.13533
300.13708
300.13883
300.14059
300.14236
300.14413
300.1459
300.14767
300.14945
300.15123
300.153
300.15478
300.15655
300.15832
300.16009
300.16186
300.16362
300.16538
300.16714
300.16889
300.17063
300.17238
300.17411
300.17584
300.17757
300.17929
300.18101
300.18272
300.18444
300.18615
300.18786
300.18956
300.19127
300.19298
300.19469
300.1964
300.19811
300.19982
300.20153
300.20324
300.20495
300.20666
300.20837
300.21008
300.21179
300.21349
300.2152
300.2169
300.21861
300.22031
300.22202
300.22373
300.22544
300.22715
300.22887
300.23058
300.23231
300.23404
300.23577
300.2375
300.23924
300.24098
300.24272
300.24446
300.24621
300.24795
300.24969
300.25143
300.25317
300.25491
300.25666
300.2584
300.26014
300.26188
300.26363
300.26538
300.26713
300.26889
300.27066
300.27243
300.27421
300.27599
300.27778
300.27959
300.28139
300.28321
300.28504
300.28687
300.28871
300.29057
300.29243
300.2943
300.29618
300.29807
300.29997
300.30188
300.3038
300.30573
300.30768
300.30964
300.31161
300.31361
300.31562
300.31766
300.31972
300.32181
300.32393
300.32607
300.32826
300.33047
300.33272
300.33502
300.33734
300.33971
300.34212
300.34457
300.34706
300.3496
300.35217
300.35479
300.35745
300.36016
300.36291
300.36571
300.36856
300.37145
300.37438
300.37735
300.38035
300.38338
300.38643
300.3895
300.39256
300.3956
300.3986
300.40156
300.40447
300.40729
300.40996
300.41245
300.41472
300.41666
300.41814
300.4191
300.4196
300.41975
300.41966
300.41933
300.41871
300.41779
300.41654
300.41498
300.4131
300.41093
300.4085
300.40581
300.40288
300.39973
300.39638
300.39286
300.38919
300.38539
300.3815
300.37753
300.37352
300.36949
300.36545
300.36143
300.35744
300.3535
300.34963
300.34582
300.3421
300.33846
300.33493
300.33149
300.32815
300.32492
300.3218
300.31879
300.31589
300.31311
300.31046
300.30794
300.30556
300.30332
300.30121
300.29925
300.29743
300.29577
300.29425
300.29288
300.29166
300.2906
300.28969
300.28893
300.28832
300.28785
300.28753
300.28737
300.28738
300.28756
300.28792
300.28846
300.28918
300.29008
300.29115
300.29238
300.29378
300.29533
300.29701
300.29882
300.30069
300.30257
300.30444
300.30634
300.30827
300.31022
300.31211
300.31382
300.31538
300.31693
300.31853
300.32024
300.32213
300.32428
300.32653
300.32876
300.33095
300.33313
300.33526
300.3373
300.33922
300.34102
300.34268
300.34427
300.3458
300.34727
300.34865
300.34992
300.35109
300.35215
300.35311
300.35401
300.35483
300.35558
300.35626
300.35688
300.35746
300.35798
300.35846
300.35889
300.35927
300.35971
300.36018
300.36061
300.36089
300.36094
300.36172
300.3634
300.36394
300.36404
300.36432
300.36509
300.366
300.36688
300.3678
300.36883
300.37001
300.37132
300.37277
300.37436
300.37613
300.37806
300.38017
300.38245
300.3849
300.38751
300.39026
300.39313
300.39608
300.39907
300.40205
300.40496
300.40773
300.4103
300.4126
300.41456
300.41612
300.41725
300.41789
300.41799
300.41744
300.41679
300.41613
300.41468
300.4127
300.41037
300.40779
300.40501
300.40208
300.39906
300.39597
300.39285
300.38975
300.3867
300.38372
300.38084
300.37808
300.37545
300.37297
300.37063
300.36844
300.3664
300.36451
300.36276
300.36116
300.3597
300.35836
300.35714
300.35603
300.35503
300.35412
300.3533
300.35256
300.3519
300.3513
300.35077
300.35029
300.34986
300.34948
300.34914
300.34883
300.34855
300.3483
300.34808
300.3479
300.34774
300.34761
300.3475
300.34743
300.34739
300.34737
300.3474
300.3475
300.34768
300.34795
300.34829
300.34868
300.34905
300.34939
300.34971
300.35003
300.35046
300.35121
300.35228
300.35356
300.35499
300.35652
300.35815
300.3599
300.36188
300.36402
300.36619
300.36839
300.37085
300.37358
300.37561
300.37785
300.38088
300.38386
300.3867
300.38942
300.39202
300.39463
300.39739
300.40018
300.40291
300.40554
300.40811
300.41064
300.41315
300.41565
300.4181
300.42053
300.42294
300.42534
300.42776
300.4302
300.43267
300.4352
300.43779
300.44047
300.44324
300.44612
300.44912
300.45224
300.4555
300.4589
300.46244
300.46613
300.46996
300.47393
300.47804
300.48227
300.48661
300.49105
300.49556
300.50012
300.50471
300.5093
300.51385
300.51834
300.52273
300.52698
300.53106
300.53495
300.53861
300.54201
300.54516
300.54802
300.5506
300.55289
300.5549
300.55664
300.55812
300.55935
300.56034
300.5611
300.56165
300.562
300.56216
300.56214
300.56197
300.56163
300.56116
300.56055
300.55982
300.55897
300.55802
300.55698
300.55584
300.55462
300.55333
300.55197
300.55055
300.54908
300.54755
300.54599
300.54439
300.54277
300.54113
300.53947
300.5378
300.53613
300.53445
300.53277
300.5311
300.52943
300.52776
300.52609
300.52443
300.52277
300.52112
300.51947
300.51783
300.5162
300.51457
300.51294
300.51133
300.50972
300.50812
300.50653
300.50494
300.50336
300.5018
300.50024
300.49868
300.49714
300.4956
300.49408
300.49256
300.49105
300.48955
300.48805
300.48656
300.48508
300.4836
300.48213
300.48066
300.47919
300.47773
300.47627
300.47482
300.47337
300.47191
300.47046
300.46902
300.46757
300.46613
300.46469
300.46325
300.46181
300.46037
300.45894
300.45751
300.45608
300.45465
300.45322
300.45179
300.45037
300.44895
300.44754
300.44612
300.44471
300.4433
300.4419
300.4405
300.4391
300.4377
300.43631
300.43492
300.43353
300.43215
300.43077
300.42939
300.42802
300.42665
300.42528
300.42391
300.42255
300.42119
300.41983
300.41847
300.41711
300.41575
300.41439
300.41303
300.41166
300.4103
300.40893
300.40756
300.40619
300.40482
300.40344
300.40206
300.40068
300.3993
300.39792
300.39654
300.39517
300.39376
300.39248
300.39036
300.00018
300.00051
300.00084
300.00118
300.00152
300.00187
300.00222
300.00257
300.00292
300.00328
300.00363
300.004
300.00436
300.00473
300.0051
300.00547
300.00585
300.00622
300.00661
300.00699
300.00738
300.00777
300.00817
300.00857
300.00897
300.00937
300.00978
300.01019
300.01061
300.01102
300.01145
300.01187
300.0123
300.01273
300.01317
300.01361
300.01405
300.0145
300.01495
300.0154
300.01586
300.01632
300.01679
300.01726
300.01773
300.01821
300.01869
300.01918
300.01967
300.02017
300.02066
300.02117
300.02168
300.02219
300.02271
300.02323
300.02376
300.02429
300.02482
300.02536
300.02591
300.02646
300.02702
300.02758
300.02815
300.02872
300.0293
300.02989
300.03048
300.03107
300.03167
300.03228
300.0329
300.03352
300.03415
300.03478
300.03542
300.03607
300.03672
300.03738
300.03805
300.03873
300.03941
300.04011
300.04081
300.04152
300.04223
300.04296
300.04369
300.04444
300.04519
300.04595
300.04672
300.0475
300.0483
300.0491
300.04991
300.05073
300.05157
300.05242
300.05327
300.05414
300.05502
300.05591
300.05681
300.05773
300.05865
300.05959
300.06053
300.06149
300.06246
300.06344
300.06443
300.06543
300.06645
300.06748
300.06852
300.06957
300.07065
300.07173
300.07284
300.07396
300.0751
300.07626
300.07744
300.07863
300.07985
300.08108
300.08233
300.0836
300.08489
300.0862
300.08753
300.08888
300.09024
300.09162
300.09302
300.09444
300.09588
300.09733
300.09881
300.1003
300.10181
300.10335
300.1049
300.10648
300.10807
300.10969
300.11133
300.11299
300.11467
300.11637
300.11809
300.11983
300.12159
300.12336
300.12516
300.12697
300.12879
300.13063
300.13249
300.13435
300.13623
300.13812
300.14002
300.14193
300.14384
300.14576
300.14769
300.14963
300.15156
300.15351
300.15545
300.1574
300.15934
300.16129
300.16324
300.16519
300.16713
300.16907
300.17101
300.17295
300.17488
300.1768
300.17872
300.18064
300.18255
300.18445
300.18635
300.18825
300.19014
300.19202
300.19391
300.19579
300.19766
300.19954
300.20141
300.20329
300.20516
300.20704
300.20891
300.21079
300.21266
300.21454
300.21642
300.2183
300.22018
300.22206
300.22395
300.22583
300.22772
300.2296
300.23149
300.23338
300.23527
300.23716
300.23906
300.24096
300.24286
300.24477
300.24668
300.2486
300.25052
300.25245
300.25438
300.25631
300.25825
300.2602
300.26215
300.2641
300.26605
300.26801
300.26997
300.27194
300.27391
300.27588
300.27786
300.27984
300.28183
300.28383
300.28583
300.28784
300.28986
300.29188
300.29392
300.29596
300.29802
300.30009
300.30216
300.30425
300.30635
300.30846
300.31059
300.31273
300.31488
300.31705
300.31923
300.32142
300.32363
300.32586
300.3281
300.33036
300.33264
300.33494
300.33726
300.3396
300.34196
300.34435
300.34676
300.3492
300.35167
300.35417
300.35669
300.35925
300.36184
300.36445
300.3671
300.36978
300.37248
300.37522
300.37799
300.38079
300.38363
300.3865
300.38941
300.39235
300.39534
300.39837
300.40145
300.40457
300.40775
300.41097
300.41424
300.41755
300.4209
300.42427
300.42764
300.43101
300.43435
300.43761
300.44075
300.44366
300.44625
300.44854
300.45058
300.45239
300.45393
300.4552
300.45622
300.45693
300.45728
300.4572
300.45665
300.45564
300.45423
300.45246
300.45035
300.44794
300.44525
300.4423
300.43913
300.43575
300.43219
300.42847
300.42461
300.42064
300.41658
300.41244
300.40825
300.40404
300.39981
300.39559
300.39139
300.38722
300.38311
300.37905
300.37507
300.37116
300.36734
300.3636
300.35997
300.35645
300.35307
300.34983
300.34675
300.34384
300.3411
300.33852
300.33609
300.33381
300.33169
300.32972
300.32789
300.32621
300.32468
300.32329
300.32204
300.32093
300.31995
300.3191
300.31839
300.31782
300.31738
300.31707
300.3169
300.31682
300.31682
300.31689
300.31703
300.31725
300.31756
300.31796
300.31844
300.31901
300.31965
300.32039
300.32121
300.32214
300.32324
300.32458
300.32613
300.32775
300.3294
300.33106
300.33273
300.33445
300.3362
300.33793
300.33963
300.3413
300.3429
300.3444
300.34586
300.3473
300.34871
300.35008
300.35139
300.35261
300.35375
300.35478
300.35574
300.35663
300.35746
300.35824
300.35895
300.3596
300.36018
300.3607
300.36117
300.36161
300.36201
300.36238
300.3627
300.36301
300.36334
300.3637
300.36403
300.36427
300.36435
300.36455
300.36618
300.36697
300.36704
300.36706
300.36745
300.36817
300.36894
300.36968
300.37047
300.37136
300.37236
300.37346
300.37468
300.376
300.37747
300.37908
300.38084
300.38276
300.38485
300.3871
300.38951
300.39209
300.39481
300.39766
300.40061
300.40364
300.40669
300.40973
300.4127
300.41554
300.41818
300.42058
300.42266
300.42438
300.42568
300.42654
300.42689
300.42666
300.42597
300.42556
300.4245
300.42284
300.42075
300.41836
300.41575
300.41296
300.41003
300.407
300.40391
300.40079
300.39768
300.39461
300.39162
300.38871
300.3859
300.38321
300.38065
300.37823
300.37595
300.37382
300.37184
300.37
300.36831
300.36675
300.36532
300.36402
300.36283
300.36176
300.36079
300.35992
300.35913
300.35843
300.35781
300.35726
300.35678
300.35636
300.356
300.35569
300.35542
300.3552
300.35503
300.3549
300.35481
300.35478
300.35479
300.35486
300.35499
300.35517
300.35542
300.35572
300.35608
300.3565
300.35702
300.35766
300.35841
300.35927
300.36021
300.36124
300.36238
300.36369
300.36511
300.36666
300.36835
300.37018
300.37228
300.37454
300.37631
300.37839
300.38112
300.38382
300.38642
300.389
300.39159
300.39415
300.39682
300.39964
300.40248
300.40527
300.40799
300.41066
300.41332
300.41596
300.41859
300.42117
300.4237
300.42617
300.42861
300.43101
300.43338
300.43573
300.43806
300.44039
300.44272
300.44507
300.44746
300.44989
300.45238
300.45495
300.4576
300.46034
300.4632
300.46617
300.46926
300.47247
300.47582
300.47929
300.48289
300.48661
300.49044
300.49438
300.4984
300.50249
300.50664
300.51082
300.515
300.51916
300.52326
300.52729
300.5312
300.53497
300.53857
300.54197
300.54515
300.54808
300.55076
300.55318
300.55532
300.5572
300.55881
300.56017
300.56128
300.56216
300.56282
300.56328
300.56355
300.56364
300.56356
300.56334
300.56297
300.56247
300.56186
300.56113
300.5603
300.55938
300.55838
300.55729
300.55614
300.55491
300.55363
300.55229
300.5509
300.54946
300.54798
300.54646
300.54491
300.54333
300.54172
300.54009
300.53844
300.53679
300.53512
300.53345
300.53177
300.53009
300.52841
300.52674
300.52506
300.52338
300.52171
300.52004
300.51837
300.51671
300.51506
300.51342
300.51178
300.51015
300.50854
300.50693
300.50533
300.50374
300.50217
300.5006
300.49904
300.49749
300.49595
300.49442
300.4929
300.49139
300.48988
300.48839
300.4869
300.48542
300.48394
300.48247
300.48101
300.47955
300.4781
300.47665
300.4752
300.47376
300.47232
300.47088
300.46944
300.46801
300.46658
300.46514
300.46372
300.46229
300.46087
300.45944
300.45802
300.4566
300.45518
300.45377
300.45235
300.45094
300.44953
300.44812
300.44672
300.44531
300.44391
300.44251
300.44112
300.43972
300.43833
300.43695
300.43556
300.43418
300.4328
300.43142
300.43005
300.42868
300.42731
300.42595
300.42459
300.42323
300.42187
300.42051
300.41916
300.41781
300.41646
300.41511
300.41376
300.41241
300.41106
300.4097
300.40835
300.40699
300.40563
300.40427
300.40291
300.40155
300.40018
300.39882
300.39745
300.39608
300.39472
300.39332
300.39205
300.38995
300.00018
300.00051
300.00084
300.00118
300.00152
300.00187
300.00222
300.00257
300.00292
300.00328
300.00364
300.004
300.00437
300.00474
300.00511
300.00548
300.00586
300.00624
300.00662
300.00701
300.0074
300.00779
300.00819
300.00859
300.00899
300.0094
300.00981
300.01022
300.01064
300.01106
300.01149
300.01191
300.01234
300.01278
300.01322
300.01366
300.0141
300.01455
300.01501
300.01546
300.01592
300.01639
300.01686
300.01733
300.01781
300.01829
300.01877
300.01926
300.01976
300.02026
300.02076
300.02127
300.02178
300.0223
300.02282
300.02334
300.02388
300.02441
300.02495
300.0255
300.02605
300.02661
300.02717
300.02774
300.02831
300.02889
300.02948
300.03007
300.03067
300.03127
300.03188
300.0325
300.03312
300.03375
300.03439
300.03503
300.03568
300.03634
300.037
300.03767
300.03835
300.03904
300.03974
300.04044
300.04116
300.04188
300.04261
300.04335
300.0441
300.04486
300.04563
300.04641
300.0472
300.048
300.04881
300.04963
300.05046
300.05131
300.05216
300.05303
300.05391
300.05481
300.05571
300.05663
300.05756
300.0585
300.05945
300.06042
300.06139
300.06238
300.06338
300.06439
300.06542
300.06646
300.06751
300.06857
300.06966
300.07075
300.07187
300.073
300.07415
300.07532
300.07651
300.07772
300.07895
300.0802
300.08147
300.08276
300.08407
300.08541
300.08676
300.08813
300.08953
300.09094
300.09238
300.09383
300.0953
300.0968
300.09831
300.09985
300.1014
300.10298
300.10458
300.10621
300.10785
300.10952
300.11121
300.11293
300.11467
300.11643
300.11822
300.12003
300.12186
300.12371
300.12558
300.12747
300.12938
300.1313
300.13325
300.1352
300.13717
300.13916
300.14115
300.14316
300.14518
300.14721
300.14924
300.15128
300.15333
300.15539
300.15745
300.15951
300.16157
300.16364
300.16571
300.16778
300.16985
300.17191
300.17398
300.17604
300.1781
300.18015
300.1822
300.18425
300.18629
300.18832
300.19035
300.19238
300.1944
300.19642
300.19843
300.20044
300.20245
300.20446
300.20646
300.20847
300.21047
300.21248
300.21448
300.21649
300.2185
300.22051
300.22252
300.22454
300.22656
300.22858
300.2306
300.23262
300.23465
300.23669
300.23872
300.24076
300.2428
300.24485
300.2469
300.24895
300.25101
300.25308
300.25515
300.25723
300.25931
300.2614
300.2635
300.2656
300.26771
300.26983
300.27195
300.27408
300.27622
300.27836
300.28052
300.28268
300.28484
300.28702
300.2892
300.29139
300.2936
300.29581
300.29803
300.30026
300.3025
300.30476
300.30702
300.3093
300.31159
300.3139
300.31622
300.31856
300.32091
300.32328
300.32567
300.32807
300.33049
300.33293
300.33539
300.33787
300.34037
300.3429
300.34544
300.34801
300.35061
300.35323
300.35587
300.35854
300.36124
300.36396
300.36671
300.36949
300.3723
300.37514
300.378
300.38089
300.38381
300.38675
300.38972
300.39271
300.39572
300.39876
300.40182
300.40491
300.40803
300.41117
300.41435
300.41756
300.42082
300.42413
300.42749
300.4309
300.43437
300.43791
300.4415
300.44516
300.44887
300.4526
300.45633
300.46004
300.4637
300.46725
300.47065
300.47386
300.47686
300.47964
300.48214
300.48428
300.486
300.48728
300.48813
300.48855
300.48856
300.48818
300.48741
300.48628
300.48478
300.48294
300.48077
300.4783
300.47557
300.47261
300.46943
300.46606
300.46253
300.45886
300.45506
300.45115
300.44716
300.4431
300.43898
300.43483
300.43066
300.42648
300.42232
300.41817
300.41406
300.41
300.406
300.40207
300.39821
300.39444
300.39077
300.3872
300.38375
300.3804
300.37718
300.37408
300.3711
300.36824
300.36549
300.36287
300.36038
300.35802
300.3558
300.35371
300.35176
300.34994
300.34827
300.34674
300.34535
300.34411
300.34301
300.34206
300.34125
300.34059
300.34007
300.33968
300.33942
300.33929
300.33927
300.33937
300.33957
300.33986
300.34025
300.34073
300.3413
300.34195
300.34268
300.34348
300.34434
300.34527
300.34623
300.34718
300.34814
300.34912
300.35013
300.35116
300.35221
300.35327
300.35432
300.35535
300.35633
300.35726
300.35813
300.35895
300.35973
300.36048
300.3612
300.36187
300.36249
300.36307
300.36358
300.36405
300.36448
300.36486
300.36522
300.36554
300.36583
300.36609
300.36631
300.3665
300.36669
300.3669
300.36715
300.36734
300.36752
300.36764
300.36776
300.36903
300.37002
300.37008
300.37009
300.37013
300.37069
300.37137
300.372
300.37262
300.37332
300.37412
300.37502
300.376
300.37706
300.37822
300.37949
300.38087
300.38237
300.384
300.38577
300.38768
300.38974
300.39196
300.39433
300.39684
300.3995
300.40229
300.4052
300.4082
300.41125
300.41434
300.41741
300.42041
300.42331
300.42603
300.42853
300.43075
300.43265
300.43417
300.43529
300.43597
300.43616
300.43574
300.43518
300.4347
300.43353
300.43184
300.42977
300.42744
300.42491
300.4222
300.41936
300.41642
300.41342
300.41037
300.40733
300.40432
300.40135
300.39846
300.39566
300.39297
300.39039
300.38794
300.38562
300.38345
300.38141
300.37952
300.37776
300.37614
300.37465
300.3733
300.37206
300.37094
300.36994
300.36904
300.36824
300.36753
300.36692
300.36639
300.36595
300.36558
300.36528
300.36505
300.36489
300.36478
300.36475
300.36477
300.36487
300.36504
300.36528
300.36561
300.36601
300.3665
300.36705
300.36769
300.36845
300.36933
300.37031
300.37141
300.37263
300.374
300.3756
300.3771
300.37845
300.38024
300.38232
300.38437
300.38645
300.38862
300.3909
300.39324
300.39562
300.39814
300.40081
300.40353
300.40623
300.40891
300.41158
300.41428
300.41699
300.41972
300.42244
300.42513
300.42777
300.43037
300.43293
300.43546
300.43794
300.44038
300.44278
300.44513
300.44745
300.44974
300.45201
300.45427
300.45652
300.45877
300.46104
300.46334
300.46568
300.46808
300.47053
300.47306
300.47568
300.47839
300.4812
300.48411
300.48713
300.49025
300.49349
300.49682
300.50025
300.50377
300.50737
300.51102
300.51472
300.51844
300.52217
300.52587
300.52953
300.53311
300.5366
300.53996
300.54317
300.54621
300.54905
300.55169
300.55409
300.55626
300.55818
300.55985
300.56129
300.56248
300.56345
300.56419
300.56473
300.56508
300.56526
300.56526
300.56512
300.56483
300.56442
300.56389
300.56325
300.56252
300.5617
300.5608
300.55982
300.55877
300.55766
300.5565
300.55528
300.55401
300.55269
300.55133
300.54994
300.5485
300.54703
300.54553
300.544
300.54244
300.54085
300.53924
300.53762
300.53597
300.53431
300.53264
300.53096
300.52928
300.52759
300.52589
300.5242
300.5225
300.5208
300.51911
300.51743
300.51574
300.51407
300.51241
300.51076
300.50912
300.50749
300.50587
300.50426
300.50267
300.50109
300.49952
300.49796
300.49641
300.49487
300.49334
300.49183
300.49032
300.48882
300.48733
300.48585
300.48437
300.48291
300.48144
300.47999
300.47854
300.47709
300.47565
300.47422
300.47278
300.47135
300.46993
300.4685
300.46708
300.46566
300.46424
300.46283
300.46142
300.46
300.45859
300.45719
300.45578
300.45437
300.45297
300.45157
300.45017
300.44877
300.44737
300.44597
300.44458
300.44319
300.4418
300.44041
300.43903
300.43765
300.43627
300.43489
300.43351
300.43214
300.43077
300.42941
300.42804
300.42668
300.42532
300.42396
300.42261
300.42125
300.4199
300.41856
300.41721
300.41586
300.41452
300.41318
300.41183
300.41049
300.40914
300.4078
300.40645
300.4051
300.40375
300.4024
300.40105
300.39969
300.39834
300.39698
300.39562
300.39426
300.39288
300.39162
300.38953
300.00018
300.00051
300.00084
300.00118
300.00152
300.00187
300.00222
300.00257
300.00293
300.00329
300.00365
300.00401
300.00438
300.00475
300.00512
300.00549
300.00587
300.00625
300.00664
300.00703
300.00742
300.00781
300.00821
300.00861
300.00901
300.00942
300.00983
300.01025
300.01067
300.01109
300.01151
300.01194
300.01237
300.01281
300.01325
300.01369
300.01414
300.01459
300.01505
300.0155
300.01597
300.01643
300.01691
300.01738
300.01786
300.01834
300.01883
300.01932
300.01982
300.02032
300.02083
300.02134
300.02185
300.02237
300.02289
300.02342
300.02396
300.0245
300.02504
300.02559
300.02614
300.0267
300.02727
300.02784
300.02842
300.029
300.02959
300.03019
300.03079
300.0314
300.03201
300.03263
300.03326
300.03389
300.03453
300.03518
300.03584
300.0365
300.03717
300.03785
300.03854
300.03923
300.03993
300.04065
300.04137
300.0421
300.04283
300.04358
300.04434
300.04511
300.04589
300.04668
300.04747
300.04829
300.04911
300.04994
300.05078
300.05164
300.05251
300.05339
300.05428
300.05519
300.05611
300.05704
300.05798
300.05894
300.05991
300.06089
300.06188
300.06289
300.0639
300.06493
300.06598
300.06703
300.06811
300.06919
300.0703
300.07142
300.07256
300.07371
300.07489
300.07609
300.07731
300.07855
300.07981
300.08109
300.08239
300.08372
300.08507
300.08644
300.08783
300.08924
300.09067
300.09212
300.0936
300.09509
300.09661
300.09815
300.09971
300.10129
300.1029
300.10453
300.10618
300.10786
300.10956
300.11128
300.11304
300.11481
300.11661
300.11844
300.12029
300.12216
300.12406
300.12598
300.12792
300.12987
300.13185
300.13385
300.13586
300.13789
300.13993
300.14199
300.14405
300.14613
300.14822
300.15032
300.15243
300.15455
300.15667
300.1588
300.16093
300.16307
300.16521
300.16735
300.1695
300.17164
300.17379
300.17593
300.17807
300.1802
300.18234
300.18447
300.1866
300.18872
300.19083
300.19295
300.19506
300.19716
300.19926
300.20136
300.20346
300.20555
300.20764
300.20974
300.21183
300.21392
300.21602
300.21811
300.22021
300.22231
300.22441
300.22652
300.22863
300.23074
300.23286
300.23498
300.23711
300.23924
300.24137
300.24351
300.24566
300.24781
300.24996
300.25213
300.2543
300.25647
300.25866
300.26085
300.26304
300.26525
300.26746
300.26969
300.27192
300.27416
300.27641
300.27867
300.28094
300.28322
300.28551
300.28781
300.29012
300.29244
300.29477
300.29711
300.29947
300.30184
300.30422
300.30661
300.30902
300.31145
300.31388
300.31634
300.31881
300.3213
300.3238
300.32633
300.32887
300.33144
300.33402
300.33663
300.33926
300.34191
300.34459
300.34729
300.35002
300.35277
300.35555
300.35836
300.3612
300.36407
300.36697
300.36991
300.37287
300.37586
300.37889
300.38195
300.38504
300.38816
300.3913
300.39448
300.39768
300.4009
300.40415
300.40742
300.41071
300.41402
300.41735
300.42071
300.42409
300.4275
300.43095
300.43443
300.43797
300.44156
300.44521
300.44893
300.45272
300.4566
300.46055
300.46458
300.46867
300.47282
300.47701
300.4812
300.48532
300.48933
300.49315
300.49675
300.50011
300.50317
300.50587
300.50818
300.51004
300.51143
300.51235
300.51277
300.51272
300.51222
300.51129
300.50997
300.5083
300.50631
300.50404
300.50151
300.49876
300.4958
300.49268
300.4894
300.48599
300.48246
300.47884
300.47513
300.47135
300.46751
300.46362
300.45971
300.45577
300.45182
300.44787
300.44393
300.44002
300.43613
300.4323
300.42851
300.42478
300.42112
300.41753
300.41403
300.41062
300.40731
300.4041
300.40099
300.39799
300.3951
300.39232
300.38965
300.3871
300.38467
300.38236
300.38017
300.3781
300.37615
300.37433
300.37263
300.37105
300.3696
300.36827
300.36707
300.36598
300.36501
300.36416
300.36342
300.36278
300.36225
300.36181
300.36148
300.36125
300.3611
300.36104
300.36105
300.36113
300.36127
300.36147
300.36172
300.36202
300.36235
300.36271
300.36309
300.36348
300.36387
300.36427
300.36468
300.3651
300.36554
300.36597
300.3664
300.36681
300.3672
300.36756
300.36789
300.3682
300.36848
300.36874
300.36898
300.3692
300.3694
300.36957
300.36973
300.36987
300.36999
300.3701
300.37021
300.37031
300.37041
300.37052
300.37062
300.3707
300.37069
300.37072
300.37089
300.37159
300.3728
300.37294
300.37291
300.37289
300.3733
300.37386
300.37439
300.37489
300.37546
300.37613
300.37689
300.37773
300.37863
300.3796
300.38065
300.3818
300.38304
300.38438
300.38582
300.38737
300.38904
300.39082
300.39273
300.39478
300.39695
300.39926
300.40171
300.40429
300.40699
300.40982
300.41274
300.41574
300.4188
300.42188
300.42495
300.42797
300.43089
300.43368
300.43627
300.43863
300.44072
300.44248
300.44388
300.44491
300.44552
300.44568
300.44526
300.44472
300.44427
300.44318
300.4416
300.43968
300.43752
300.43516
300.43264
300.42999
300.42723
300.42441
300.42154
300.41866
300.4158
300.41297
300.4102
300.4075
300.40489
300.40238
300.39998
300.39771
300.39556
300.39354
300.39166
300.38991
300.38829
300.38681
300.38546
300.38423
300.38313
300.38215
300.38128
300.38052
300.37987
300.37932
300.37888
300.37853
300.37827
300.37811
300.37803
300.37803
300.37812
300.37829
300.37853
300.37887
300.37931
300.37984
300.38048
300.38123
300.38215
300.38297
300.38381
300.38504
300.3864
300.3878
300.38928
300.39088
300.3926
300.39442
300.3963
300.39827
300.40039
300.40263
300.40492
300.40726
300.40964
300.41208
300.41459
300.41716
300.41979
300.42246
300.42515
300.42783
300.4305
300.43316
300.43581
300.43844
300.44106
300.44364
300.44619
300.44869
300.45116
300.45358
300.45595
300.45829
300.46059
300.46285
300.46507
300.46728
300.46946
300.47162
300.47379
300.47596
300.47814
300.48034
300.48258
300.48486
300.48719
300.48958
300.49205
300.49458
300.4972
300.4999
300.50268
300.50555
300.50849
300.51151
300.51459
300.51774
300.52092
300.52414
300.52736
300.53058
300.53378
300.53693
300.54001
300.54301
300.54589
300.54863
300.55123
300.55366
300.5559
300.55795
300.55979
300.56141
300.56283
300.56402
300.56501
300.56579
300.56638
300.56678
300.56701
300.56707
300.56699
300.56676
300.56642
300.56595
300.56539
300.56473
300.56398
300.56316
300.56226
300.5613
300.56029
300.55921
300.55809
300.55693
300.55572
300.55447
300.55318
300.55186
300.5505
300.54911
300.54769
300.54624
300.54477
300.54326
300.54173
300.54017
300.53858
300.53697
300.53534
300.53369
300.53202
300.53034
300.52865
300.52694
300.52523
300.52351
300.52179
300.52007
300.51835
300.51664
300.51494
300.51324
300.51156
300.50989
300.50823
300.50659
300.50496
300.50334
300.50174
300.50015
300.49858
300.49702
300.49547
300.49393
300.4924
300.49089
300.48938
300.48788
300.4864
300.48492
300.48345
300.48199
300.48053
300.47908
300.47764
300.47621
300.47477
300.47335
300.47192
300.4705
300.46909
300.46768
300.46627
300.46486
300.46345
300.46205
300.46065
300.45925
300.45785
300.45645
300.45506
300.45366
300.45227
300.45088
300.44949
300.4481
300.44671
300.44532
300.44394
300.44255
300.44117
300.43979
300.43842
300.43704
300.43567
300.4343
300.43293
300.43156
300.4302
300.42884
300.42748
300.42612
300.42477
300.42341
300.42206
300.42072
300.41937
300.41802
300.41668
300.41534
300.414
300.41266
300.41132
300.40998
300.40864
300.4073
300.40596
300.40462
300.40327
300.40193
300.40058
300.39924
300.39789
300.39654
300.39519
300.39384
300.39246
300.39121
300.38912
300.00018
300.00051
300.00084
300.00118
300.00153
300.00187
300.00222
300.00257
300.00293
300.00329
300.00365
300.00401
300.00438
300.00475
300.00512
300.0055
300.00588
300.00626
300.00665
300.00704
300.00743
300.00782
300.00822
300.00862
300.00903
300.00944
300.00985
300.01027
300.01069
300.01111
300.01153
300.01196
300.0124
300.01283
300.01327
300.01372
300.01417
300.01462
300.01508
300.01554
300.016
300.01647
300.01694
300.01742
300.0179
300.01838
300.01887
300.01936
300.01986
300.02036
300.02087
300.02138
300.0219
300.02242
300.02295
300.02348
300.02401
300.02455
300.0251
300.02565
300.02621
300.02677
300.02734
300.02791
300.02849
300.02908
300.02967
300.03027
300.03087
300.03148
300.0321
300.03272
300.03335
300.03399
300.03463
300.03529
300.03595
300.03661
300.03729
300.03797
300.03866
300.03936
300.04006
300.04078
300.0415
300.04224
300.04298
300.04373
300.0445
300.04527
300.04605
300.04685
300.04765
300.04847
300.0493
300.05014
300.05099
300.05185
300.05273
300.05361
300.05452
300.05543
300.05636
300.0573
300.05825
300.05921
300.06019
300.06118
300.06218
300.0632
300.06422
300.06526
300.06632
300.06739
300.06847
300.06957
300.07069
300.07182
300.07297
300.07414
300.07534
300.07655
300.07778
300.07904
300.08032
300.08162
300.08294
300.08429
300.08565
300.08704
300.08845
300.08989
300.09134
300.09281
300.09431
300.09583
300.09737
300.09894
300.10052
300.10213
300.10377
300.10543
300.10711
300.10882
300.11055
300.11231
300.1141
300.11591
300.11775
300.11961
300.1215
300.12341
300.12534
300.1273
300.12927
300.13127
300.13329
300.13533
300.13738
300.13945
300.14153
300.14363
300.14574
300.14786
300.14999
300.15213
300.15428
300.15644
300.1586
300.16077
300.16295
300.16513
300.16731
300.16949
300.17168
300.17387
300.17605
300.17824
300.18042
300.1826
300.18478
300.18695
300.18912
300.19129
300.19345
300.19561
300.19776
300.19991
300.20206
300.20421
300.20635
300.2085
300.21064
300.21279
300.21493
300.21708
300.21923
300.22138
300.22354
300.2257
300.22786
300.23003
300.2322
300.23438
300.23656
300.23874
300.24094
300.24314
300.24534
300.24755
300.24977
300.25199
300.25423
300.25647
300.25872
300.26097
300.26324
300.26551
300.2678
300.27009
300.2724
300.27471
300.27703
300.27937
300.28172
300.28407
300.28644
300.28883
300.29122
300.29363
300.29605
300.29848
300.30093
300.30339
300.30587
300.30837
300.31088
300.3134
300.31595
300.31851
300.32109
300.32369
300.32631
300.32895
300.33161
300.3343
300.33701
300.33974
300.3425
300.34528
300.3481
300.35094
300.35381
300.3567
300.35964
300.3626
300.36559
300.36862
300.37169
300.37479
300.37793
300.3811
300.3843
300.38755
300.39082
300.39413
300.39748
300.40085
300.40425
300.40768
300.41114
300.41461
300.41811
300.42163
300.42518
300.42874
300.43234
300.43597
300.43963
300.44334
300.44711
300.45093
300.45483
300.45881
300.46288
300.46705
300.47132
300.47569
300.48016
300.48473
300.48935
300.49396
300.49848
300.50289
300.50719
300.51132
300.51519
300.51872
300.52183
300.52447
300.5266
300.52821
300.52929
300.52982
300.52984
300.52935
300.52841
300.52704
300.5253
300.52323
300.52087
300.51828
300.51549
300.51252
300.50942
300.50621
300.5029
300.49951
300.49605
300.49254
300.48898
300.48538
300.48175
300.4781
300.47443
300.47076
300.46708
300.46341
300.45976
300.45613
300.45254
300.44898
300.44546
300.442
300.4386
300.43526
300.43199
300.4288
300.42569
300.42267
300.41973
300.41689
300.41414
300.41148
300.40893
300.40647
300.40411
300.40186
300.39971
300.39766
300.39572
300.39387
300.39213
300.3905
300.38896
300.38752
300.38618
300.38494
300.38378
300.38272
300.38175
300.38086
300.38005
300.37932
300.37866
300.37808
300.37756
300.37711
300.37672
300.37638
300.37609
300.37584
300.37563
300.37544
300.37529
300.37515
300.37504
300.37494
300.37485
300.37478
300.37471
300.37466
300.37462
300.37458
300.37455
300.37451
300.37448
300.37443
300.37438
300.37432
300.37426
300.37419
300.37413
300.37407
300.37401
300.37395
300.3739
300.37386
300.37382
300.3738
300.3738
300.37382
300.37387
300.37393
300.37404
300.3742
300.37453
300.37496
300.37511
300.37516
300.37558
300.37608
300.37651
300.37692
300.37738
300.37797
300.37864
300.37936
300.38014
300.38099
300.38191
300.38291
300.384
300.38516
300.38641
300.38773
300.38915
300.39066
300.39227
300.39398
300.39579
300.39771
300.39974
300.40188
300.40414
300.40652
300.40902
300.41163
300.41434
300.41716
300.42006
300.42304
300.42606
300.42911
300.43216
300.43516
300.4381
300.44092
300.44359
300.44607
300.44833
300.45031
300.452
300.45336
300.45437
300.45501
300.45525
300.455
300.4544
300.45406
300.4532
300.45187
300.45021
300.44831
300.44623
300.44401
300.44166
300.4392
300.43668
300.43411
300.43151
300.42892
300.42635
300.42382
300.42134
300.41894
300.41662
300.41439
300.41228
300.41027
300.40838
300.40662
300.40498
300.40347
300.40209
300.40084
300.39971
300.39871
300.39783
300.39707
300.39643
300.3959
300.39548
300.39518
300.39499
300.3949
300.39492
300.39504
300.39527
300.39561
300.39607
300.39661
300.39704
300.39781
300.39871
300.39965
300.40069
300.40181
300.40303
300.40436
300.40584
300.40744
300.40912
300.41089
300.41275
300.4147
300.41674
300.41887
300.42108
300.42337
300.42573
300.42812
300.43056
300.43303
300.43554
300.43809
300.44067
300.44326
300.44586
300.44846
300.45104
300.4536
300.45614
300.45865
300.46113
300.46358
300.466
300.46837
300.4707
300.47299
300.47524
300.47745
300.47962
300.48176
300.48387
300.48596
300.48802
300.49008
300.49212
300.49417
300.49623
300.49831
300.5004
300.50253
300.5047
300.50691
300.50917
300.51148
300.51384
300.51627
300.51875
300.52128
300.52386
300.52649
300.52915
300.53183
300.53453
300.53722
300.5399
300.54255
300.54515
300.54768
300.55013
300.55248
300.55471
300.55681
300.55877
300.56057
300.5622
300.56366
300.56494
300.56604
300.56696
300.5677
300.56827
300.56867
300.56891
300.56901
300.56895
300.56877
300.56847
300.56806
300.56755
300.56695
300.56626
300.5655
300.56467
300.56378
300.56284
300.56184
300.5608
300.55971
300.55859
300.55743
300.55623
300.55501
300.55375
300.55246
300.55115
300.5498
300.54843
300.54703
300.54561
300.54416
300.54268
300.54118
300.53964
300.53808
300.5365
300.53488
300.53325
300.53159
300.5299
300.52821
300.52649
300.52476
300.52303
300.52129
300.51955
300.51782
300.51609
300.51437
300.51265
300.51096
300.50927
300.5076
300.50594
300.5043
300.50267
300.50106
300.49946
300.49788
300.49631
300.49475
300.49321
300.49168
300.49016
300.48865
300.48716
300.48567
300.48419
300.48272
300.48126
300.47981
300.47837
300.47693
300.4755
300.47407
300.47265
300.47123
300.46982
300.46841
300.467
300.4656
300.4642
300.4628
300.46141
300.46001
300.45862
300.45723
300.45584
300.45445
300.45307
300.45168
300.4503
300.44892
300.44753
300.44615
300.44477
300.4434
300.44202
300.44065
300.43927
300.4379
300.43653
300.43516
300.4338
300.43243
300.43107
300.42971
300.42835
300.427
300.42565
300.42429
300.42294
300.4216
300.42025
300.41891
300.41756
300.41622
300.41488
300.41355
300.41221
300.41088
300.40954
300.4082
300.40687
300.40553
300.40419
300.40286
300.40152
300.40018
300.39883
300.39749
300.39615
300.3948
300.39346
300.39208
300.39083
300.38875
300.00018
300.00051
300.00084
300.00118
300.00153
300.00187
300.00222
300.00258
300.00293
300.00329
300.00365
300.00402
300.00438
300.00475
300.00513
300.00551
300.00589
300.00627
300.00665
300.00704
300.00744
300.00783
300.00823
300.00863
300.00904
300.00945
300.00986
300.01028
300.0107
300.01112
300.01155
300.01198
300.01241
300.01285
300.01329
300.01374
300.01419
300.01464
300.0151
300.01556
300.01602
300.01649
300.01697
300.01744
300.01792
300.01841
300.0189
300.01939
300.01989
300.0204
300.02091
300.02142
300.02194
300.02246
300.02298
300.02352
300.02405
300.0246
300.02514
300.0257
300.02626
300.02682
300.02739
300.02796
300.02855
300.02913
300.02973
300.03032
300.03093
300.03154
300.03216
300.03279
300.03342
300.03406
300.03471
300.03536
300.03602
300.03669
300.03737
300.03805
300.03874
300.03944
300.04015
300.04087
300.0416
300.04234
300.04308
300.04384
300.0446
300.04538
300.04617
300.04697
300.04777
300.04859
300.04943
300.05027
300.05112
300.05199
300.05287
300.05377
300.05467
300.05559
300.05652
300.05747
300.05842
300.05939
300.06037
300.06137
300.06238
300.0634
300.06443
300.06548
300.06654
300.06761
300.0687
300.06981
300.07093
300.07208
300.07324
300.07442
300.07562
300.07684
300.07809
300.07935
300.08064
300.08195
300.08329
300.08464
300.08602
300.08742
300.08885
300.09029
300.09176
300.09325
300.09476
300.09629
300.09785
300.09942
300.10103
300.10265
300.1043
300.10598
300.10768
300.1094
300.11116
300.11294
300.11474
300.11657
300.11843
300.12031
300.12222
300.12415
300.12611
300.12809
300.13009
300.13211
300.13414
300.1362
300.13828
300.14037
300.14247
300.14459
300.14672
300.14887
300.15102
300.15318
300.15536
300.15754
300.15973
300.16192
300.16412
300.16632
300.16853
300.17074
300.17294
300.17515
300.17736
300.17957
300.18178
300.18398
300.18618
300.18838
300.19057
300.19276
300.19495
300.19713
300.19931
300.20149
300.20366
300.20584
300.20801
300.21018
300.21236
300.21453
300.21671
300.21889
300.22107
300.22325
300.22544
300.22764
300.22983
300.23204
300.23424
300.23646
300.23868
300.2409
300.24314
300.24537
300.24762
300.24988
300.25214
300.25441
300.25669
300.25897
300.26127
300.26358
300.26589
300.26822
300.27056
300.27291
300.27526
300.27764
300.28002
300.28241
300.28482
300.28724
300.28968
300.29212
300.29459
300.29706
300.29955
300.30206
300.30458
300.30712
300.30968
300.31225
300.31485
300.31746
300.32009
300.32274
300.32542
300.32811
300.33083
300.33357
300.33634
300.33913
300.34195
300.3448
300.34767
300.35058
300.35351
300.35648
300.35948
300.36252
300.36559
300.36869
300.37183
300.37501
300.37823
300.38149
300.38479
300.38812
300.3915
300.39491
300.39836
300.40184
300.40536
300.4089
300.41248
300.41608
300.41971
300.42336
300.42703
300.43074
300.43447
300.43823
300.44204
300.44589
300.4498
300.45378
300.45783
300.46197
300.46621
300.47057
300.47504
300.47965
300.48438
300.48923
300.49412
300.49904
300.50398
300.50891
300.51378
300.51849
300.52292
300.527
300.53067
300.53386
300.53651
300.53859
300.54008
300.54096
300.54126
300.541
300.54021
300.53894
300.53725
300.5352
300.53284
300.53022
300.52739
300.52441
300.5213
300.5181
300.51483
300.51151
300.50814
300.50476
300.50135
300.49792
300.49448
300.49104
300.48759
300.48414
300.48069
300.47726
300.47384
300.47043
300.46706
300.46371
300.4604
300.45713
300.4539
300.45073
300.44762
300.44456
300.44157
300.43865
300.43579
300.43302
300.43032
300.4277
300.42516
300.4227
300.42032
300.41803
300.41583
300.41371
300.41167
300.40972
300.40785
300.40606
300.40436
300.40273
300.40119
300.39972
300.39833
300.39701
300.39576
300.39458
300.39347
300.39242
300.39144
300.39051
300.38964
300.38882
300.38805
300.38732
300.38664
300.386
300.38539
300.38481
300.38426
300.38374
300.38324
300.38276
300.38231
300.38187
300.38145
300.38105
300.38067
300.3803
300.37995
300.37962
300.3793
300.37899
300.37869
300.3784
300.37813
300.37787
300.37762
300.37739
300.37718
300.37699
300.37683
300.37669
300.37658
300.3765
300.37645
300.37643
300.37645
300.37652
300.37669
300.37681
300.37699
300.3773
300.37766
300.37802
300.37835
300.37876
300.37927
300.37988
300.38053
300.38121
300.38195
300.38276
300.38365
300.38462
300.38565
300.38676
300.38795
300.38921
300.39055
300.39197
300.39347
300.39506
300.39672
300.39848
300.40033
300.40226
300.40429
300.40642
300.40865
300.41097
300.41339
300.41591
300.41853
300.42123
300.42402
300.42688
300.4298
300.43277
300.43576
300.43875
300.44173
300.44464
300.44748
300.4502
300.45278
300.45517
300.45735
300.45928
300.46094
300.46231
300.46337
300.4641
300.46449
300.46452
300.46412
300.46357
300.46315
300.4622
300.46089
300.45936
300.45766
300.45583
300.45389
300.45185
300.44975
300.4476
300.44543
300.44325
300.44108
300.43894
300.43684
300.43479
300.43281
300.43091
300.4291
300.42738
300.42576
300.42426
300.42287
300.42159
300.42044
300.41941
300.4185
300.41771
300.41703
300.41647
300.41602
300.41569
300.41548
300.41538
300.4154
300.41556
300.41585
300.41616
300.41654
300.41717
300.41789
300.41866
300.41952
300.42052
300.42162
300.42281
300.4241
300.42548
300.42696
300.42855
300.43023
300.432
300.43386
300.43579
300.4378
300.43988
300.44204
300.44426
300.44653
300.44886
300.45122
300.45361
300.45602
300.45845
300.4609
300.46335
300.46581
300.46827
300.47071
300.47313
300.47553
300.4779
300.48024
300.48255
300.48482
300.48705
300.48925
300.4914
300.49351
300.49559
300.49763
300.49963
300.50161
300.50355
300.50547
300.50738
300.50927
300.51114
300.51302
300.51489
300.51678
300.51867
300.52058
300.52251
300.52446
300.52644
300.52845
300.53049
300.53256
300.53466
300.53678
300.53892
300.54107
300.54322
300.54538
300.54751
300.54962
300.5517
300.55372
300.55568
300.55756
300.55936
300.56105
300.56264
300.5641
300.56544
300.56664
300.5677
300.56861
300.56938
300.57
300.57048
300.57082
300.57102
300.5711
300.57104
300.57087
300.5706
300.57022
300.56974
300.56918
300.56855
300.56784
300.56706
300.56623
300.56535
300.56441
300.56344
300.56242
300.56136
300.56028
300.55916
300.55801
300.55683
300.55563
300.5544
300.55315
300.55187
300.55057
300.54924
300.54789
300.54652
300.54512
300.54369
300.54224
300.54077
300.53926
300.53772
300.53616
300.53457
300.53295
300.53131
300.52964
300.52795
300.52624
300.52451
300.52278
300.52103
300.51929
300.51754
300.5158
300.51407
300.51234
300.51063
300.50893
300.50724
300.50557
300.50392
300.50228
300.50066
300.49905
300.49746
300.49588
300.49431
300.49276
300.49123
300.4897
300.48819
300.48669
300.4852
300.48372
300.48225
300.48078
300.47933
300.47788
300.47645
300.47501
300.47359
300.47216
300.47075
300.46934
300.46793
300.46652
300.46512
300.46373
300.46233
300.46094
300.45955
300.45816
300.45677
300.45539
300.454
300.45262
300.45124
300.44986
300.44848
300.44711
300.44573
300.44435
300.44298
300.44161
300.44024
300.43887
300.4375
300.43613
300.43477
300.4334
300.43204
300.43068
300.42932
300.42797
300.42662
300.42526
300.42391
300.42257
300.42122
300.41988
300.41853
300.41719
300.41585
300.41452
300.41318
300.41185
300.41051
300.40918
300.40784
300.40651
300.40518
300.40384
300.40251
300.40117
300.39983
300.39849
300.39715
300.39581
300.39447
300.39313
300.39176
300.39051
300.38844
300.00018
300.00051
300.00084
300.00118
300.00153
300.00187
300.00222
300.00258
300.00293
300.00329
300.00365
300.00402
300.00439
300.00476
300.00513
300.00551
300.00589
300.00627
300.00666
300.00705
300.00744
300.00784
300.00824
300.00864
300.00905
300.00946
300.00987
300.01029
300.01071
300.01113
300.01156
300.01199
300.01243
300.01286
300.01331
300.01375
300.0142
300.01466
300.01511
300.01558
300.01604
300.01651
300.01698
300.01746
300.01794
300.01843
300.01892
300.01942
300.01992
300.02042
300.02093
300.02144
300.02196
300.02248
300.02301
300.02355
300.02408
300.02463
300.02518
300.02573
300.02629
300.02685
300.02742
300.028
300.02858
300.02917
300.02977
300.03037
300.03097
300.03159
300.03221
300.03283
300.03347
300.03411
300.03476
300.03541
300.03607
300.03674
300.03742
300.03811
300.0388
300.0395
300.04022
300.04094
300.04167
300.0424
300.04315
300.04391
300.04468
300.04546
300.04625
300.04705
300.04786
300.04868
300.04951
300.05036
300.05122
300.05209
300.05297
300.05387
300.05478
300.0557
300.05663
300.05758
300.05854
300.05951
300.0605
300.0615
300.06251
300.06353
300.06457
300.06562
300.06669
300.06776
300.06886
300.06997
300.0711
300.07225
300.07341
300.0746
300.07581
300.07704
300.07829
300.07956
300.08086
300.08217
300.08351
300.08488
300.08626
300.08767
300.0891
300.09055
300.09203
300.09352
300.09504
300.09658
300.09815
300.09974
300.10135
300.10298
300.10464
300.10633
300.10804
300.10977
300.11154
300.11333
300.11515
300.11699
300.11886
300.12075
300.12268
300.12462
300.12659
300.12858
300.13059
300.13262
300.13468
300.13675
300.13883
300.14094
300.14305
300.14519
300.14733
300.14949
300.15165
300.15383
300.15601
300.15821
300.16041
300.16261
300.16482
300.16704
300.16926
300.17148
300.1737
300.17592
300.17814
300.18036
300.18258
300.18479
300.187
300.18921
300.19142
300.19362
300.19582
300.19801
300.20021
300.2024
300.20459
300.20678
300.20896
300.21115
300.21334
300.21553
300.21773
300.21992
300.22212
300.22433
300.22653
300.22875
300.23096
300.23319
300.23542
300.23765
300.23989
300.24214
300.2444
300.24666
300.24893
300.25121
300.25349
300.25579
300.2581
300.26041
300.26274
300.26507
300.26742
300.26977
300.27214
300.27452
300.27691
300.27932
300.28173
300.28416
300.28661
300.28906
300.29154
300.29402
300.29652
300.29904
300.30158
300.30413
300.30669
300.30928
300.31188
300.31451
300.31715
300.31981
300.3225
300.32521
300.32794
300.33069
300.33347
300.33627
300.3391
300.34196
300.34485
300.34777
300.35071
300.35369
300.35671
300.35975
300.36284
300.36596
300.36911
300.37231
300.37554
300.37882
300.38213
300.38549
300.38889
300.39233
300.3958
300.39932
300.40287
300.40646
300.41009
300.41374
300.41742
300.42113
300.42487
300.42863
300.43243
300.43626
300.44012
300.44404
300.448
300.45203
300.45614
300.46033
300.46462
300.46903
300.47357
300.47826
300.48308
300.48802
300.49308
300.49825
300.50352
300.50885
300.51415
300.51934
300.52433
300.52906
300.53343
300.53734
300.54074
300.54356
300.54575
300.54729
300.54818
300.54842
300.54807
300.54715
300.54572
300.54386
300.54162
300.53907
300.53628
300.5333
300.53017
300.52695
300.52367
300.52034
300.517
300.51364
300.51029
300.50695
300.50361
300.50028
300.49696
300.49365
300.49035
300.48707
300.4838
300.48055
300.47732
300.47412
300.47095
300.46781
300.46471
300.46165
300.45864
300.45568
300.45277
300.44992
300.44713
300.4444
300.44173
300.43913
300.4366
300.43413
300.43174
300.42942
300.42717
300.42499
300.42288
300.42084
300.41887
300.41697
300.41513
300.41337
300.41167
300.41004
300.40846
300.40695
300.4055
300.40411
300.40278
300.40149
300.40026
300.39908
300.39795
300.39686
300.39582
300.39482
300.39386
300.39294
300.39205
300.39119
300.39036
300.38957
300.3888
300.38805
300.38734
300.38665
300.38598
300.38535
300.38473
300.38414
300.38358
300.38305
300.38253
300.38205
300.38159
300.38115
300.38075
300.38037
300.38001
300.37969
300.37939
300.37912
300.37889
300.37869
300.37854
300.37842
300.37835
300.37833
300.37839
300.37843
300.37855
300.37873
300.37898
300.37927
300.3796
300.37998
300.38045
300.38098
300.38157
300.3822
300.38291
300.38369
300.38453
300.38544
300.38642
300.38747
300.3886
300.3898
300.39108
300.39243
300.39385
300.39535
300.39692
300.39857
300.4003
300.4021
300.40398
300.40595
300.40799
300.41011
300.41231
300.4146
300.41696
300.41941
300.42194
300.42454
300.42722
300.42997
300.43278
300.43564
300.43853
300.44146
300.44439
300.4473
300.45019
300.45301
300.45575
300.45838
300.46088
300.4632
300.46534
300.46725
300.46893
300.47035
300.47149
300.47234
300.47291
300.47319
300.47318
300.47282
300.47224
300.47187
300.47106
300.46997
300.46873
300.46737
300.46591
300.46438
300.46281
300.4612
300.45957
300.45794
300.45631
300.4547
300.45313
300.45159
300.45012
300.44871
300.44737
300.44611
300.44493
300.44385
300.44286
300.44198
300.4412
300.44053
300.43997
300.4395
300.43914
300.43889
300.43875
300.43872
300.43882
300.43895
300.43922
300.43965
300.44016
300.44077
300.44149
300.44232
300.44325
300.44427
300.44539
300.4466
300.4479
300.44928
300.45075
300.45231
300.45394
300.45566
300.45744
300.4593
300.46122
300.4632
300.46524
300.46732
300.46945
300.47162
300.47383
300.47606
300.4783
300.48056
300.48282
300.48508
300.48734
300.48959
300.49183
300.49404
300.49623
300.4984
300.50053
300.50263
300.50469
300.50672
300.50871
300.51066
300.51257
300.51445
300.51629
300.51809
300.51987
300.52161
300.52332
300.52501
300.52668
300.52833
300.52997
300.53159
300.53321
300.53482
300.53643
300.53804
300.53966
300.54128
300.5429
300.54454
300.54617
300.54781
300.54946
300.5511
300.55274
300.55436
300.55597
300.55755
300.5591
300.5606
300.56206
300.56347
300.5648
300.56606
300.56724
300.56832
300.56932
300.57021
300.57099
300.57166
300.57222
300.57267
300.57301
300.57324
300.57335
300.57336
300.57327
300.57308
300.57279
300.57242
300.57197
300.57144
300.57084
300.57017
300.56944
300.56866
300.56783
300.56695
300.56603
300.56507
300.56408
300.56305
300.562
300.56091
300.5598
300.55867
300.55751
300.55633
300.55513
300.55391
300.55267
300.5514
300.55012
300.54881
300.54748
300.54613
300.54475
300.54334
300.54192
300.54046
300.53898
300.53747
300.53593
300.53436
300.53276
300.53114
300.52949
300.52781
300.52612
300.52441
300.52268
300.52094
300.5192
300.51746
300.51571
300.51398
300.51224
300.51052
300.50882
300.50712
300.50544
300.50377
300.50212
300.50049
300.49887
300.49727
300.49568
300.49411
300.49255
300.49101
300.48947
300.48796
300.48645
300.48495
300.48347
300.48199
300.48053
300.47907
300.47762
300.47618
300.47474
300.47331
300.47188
300.47046
300.46905
300.46764
300.46623
300.46483
300.46343
300.46204
300.46064
300.45925
300.45786
300.45648
300.45509
300.45371
300.45233
300.45095
300.44957
300.4482
300.44682
300.44545
300.44407
300.4427
300.44133
300.43996
300.43859
300.43722
300.43586
300.43449
300.43313
300.43177
300.43041
300.42905
300.42769
300.42634
300.42498
300.42363
300.42228
300.42094
300.41959
300.41825
300.41691
300.41557
300.41423
300.4129
300.41156
300.41023
300.4089
300.40756
300.40623
300.4049
300.40356
300.40223
300.40089
300.39955
300.39822
300.39688
300.39554
300.39419
300.39285
300.39149
300.39024
300.38817
300.00018
300.00051
300.00084
300.00118
300.00153
300.00187
300.00222
300.00258
300.00293
300.00329
300.00365
300.00402
300.00439
300.00476
300.00513
300.00551
300.00589
300.00628
300.00666
300.00705
300.00745
300.00784
300.00824
300.00865
300.00905
300.00946
300.00988
300.01029
300.01072
300.01114
300.01157
300.012
300.01243
300.01287
300.01332
300.01376
300.01421
300.01467
300.01512
300.01559
300.01605
300.01652
300.017
300.01748
300.01796
300.01845
300.01894
300.01943
300.01993
300.02044
300.02095
300.02146
300.02198
300.0225
300.02303
300.02357
300.0241
300.02465
300.0252
300.02575
300.02631
300.02688
300.02745
300.02803
300.02861
300.0292
300.02979
300.0304
300.031
300.03162
300.03224
300.03287
300.0335
300.03414
300.03479
300.03545
300.03611
300.03678
300.03746
300.03815
300.03884
300.03955
300.04026
300.04098
300.04171
300.04245
300.0432
300.04396
300.04473
300.04551
300.0463
300.0471
300.04792
300.04874
300.04958
300.05042
300.05128
300.05216
300.05304
300.05394
300.05485
300.05577
300.05671
300.05766
300.05862
300.0596
300.06058
300.06158
300.0626
300.06362
300.06466
300.06572
300.06678
300.06787
300.06896
300.07008
300.07121
300.07236
300.07353
300.07472
300.07593
300.07716
300.07842
300.0797
300.08099
300.08232
300.08366
300.08503
300.08642
300.08783
300.08927
300.09072
300.0922
300.09371
300.09523
300.09678
300.09835
300.09994
300.10155
300.1032
300.10486
300.10655
300.10827
300.11001
300.11178
300.11358
300.11541
300.11726
300.11913
300.12104
300.12296
300.12492
300.12689
300.12889
300.13091
300.13295
300.13501
300.13708
300.13918
300.14129
300.14341
300.14555
300.1477
300.14987
300.15204
300.15422
300.15641
300.15861
300.16082
300.16303
300.16525
300.16747
300.1697
300.17192
300.17415
300.17638
300.17861
300.18083
300.18306
300.18528
300.18749
300.18971
300.19192
300.19413
300.19633
300.19854
300.20074
300.20294
300.20513
300.20733
300.20952
300.21172
300.21392
300.21612
300.21832
300.22053
300.22274
300.22495
300.22717
300.22939
300.23162
300.23385
300.23609
300.23834
300.24059
300.24285
300.24512
300.24739
300.24968
300.25197
300.25427
300.25658
300.2589
300.26123
300.26357
300.26592
300.26828
300.27066
300.27304
300.27544
300.27785
300.28027
300.28271
300.28516
300.28762
300.2901
300.29259
300.2951
300.29763
300.30017
300.30272
300.3053
300.30789
300.3105
300.31314
300.31579
300.31846
300.32115
300.32387
300.32661
300.32937
300.33216
300.33497
300.33781
300.34068
300.34357
300.3465
300.34946
300.35245
300.35547
300.35853
300.36162
300.36476
300.36792
300.37113
300.37438
300.37767
300.381
300.38437
300.38778
300.39124
300.39474
300.39828
300.40185
300.40547
300.40912
300.4128
300.41651
300.42026
300.42403
300.42784
300.43167
300.43554
300.43946
300.44342
300.44743
300.45151
300.45567
300.45992
300.46428
300.46876
300.47338
300.47814
300.48305
300.48811
300.49334
300.49871
300.50419
300.50973
300.51527
300.52074
300.52605
300.5311
300.5358
300.54007
300.5438
300.54693
300.54941
300.55121
300.5523
300.55271
300.55247
300.55162
300.55022
300.54834
300.54606
300.54344
300.54057
300.5375
300.53428
300.53098
300.52762
300.52424
300.52086
300.51749
300.51414
300.51081
300.50751
300.50423
300.50098
300.49774
300.49453
300.49134
300.48817
300.48502
300.48189
300.47879
300.47572
300.47268
300.46968
300.46671
300.46379
300.46091
300.45809
300.45531
300.45258
300.44992
300.44731
300.44475
300.44226
300.43983
300.43746
300.43516
300.43291
300.43073
300.42861
300.42655
300.42456
300.42262
300.42074
300.41892
300.41716
300.41545
300.4138
300.4122
300.41065
300.40915
300.4077
300.40629
300.40493
300.40362
300.40235
300.40111
300.39992
300.39877
300.39765
300.39657
300.39552
300.3945
300.39352
300.39256
300.39164
300.39075
300.38989
300.38905
300.38825
300.38748
300.38675
300.38604
300.38537
300.38473
300.38412
300.38354
300.38301
300.38251
300.38204
300.38162
300.38124
300.3809
300.3806
300.38032
300.38008
300.37989
300.37974
300.37964
300.37962
300.37963
300.37969
300.37982
300.38
300.38024
300.38054
300.38089
300.38131
300.3818
300.38237
300.38299
300.38368
300.38443
300.38525
300.38615
300.38711
300.38814
300.38925
300.39043
300.39169
300.39302
300.39442
300.39589
300.39744
300.39906
300.40075
300.40252
300.40435
300.40626
300.40823
300.41028
300.4124
300.41459
300.41684
300.41917
300.42157
300.42403
300.42656
300.42915
300.4318
300.4345
300.43726
300.44005
300.44289
300.44574
300.4486
300.45146
300.4543
300.4571
300.45984
300.4625
300.46506
300.46749
300.46977
300.47188
300.4738
300.4755
300.47698
300.47822
300.4792
300.47994
300.48043
300.48069
300.48073
300.48056
300.4801
300.47956
300.47922
300.47851
300.47758
300.4766
300.47562
300.47463
300.47362
300.47259
300.47158
300.47058
300.46961
300.46867
300.46776
300.46691
300.46612
300.4654
300.46473
300.46414
300.46363
300.46319
300.46284
300.46258
300.4624
300.46234
300.46232
300.46237
300.46254
300.4628
300.46315
300.46359
300.46411
300.46474
300.46545
300.46626
300.46715
300.46813
300.4692
300.47035
300.47157
300.47287
300.47425
300.47569
300.4772
300.47877
300.4804
300.48209
300.48382
300.48561
300.48744
300.48931
300.49121
300.49315
300.49511
300.49709
300.49909
300.5011
300.50311
300.50512
300.50712
300.50912
300.51109
300.51305
300.51499
300.51691
300.51879
300.52065
300.52247
300.52426
300.52601
300.52773
300.52941
300.53106
300.53267
300.53424
300.53578
300.53729
300.53876
300.54021
300.54163
300.54303
300.5444
300.54575
300.54708
300.54839
300.54969
300.55097
300.55224
300.5535
300.55475
300.55599
300.55722
300.55843
300.55964
300.56083
300.56201
300.56317
300.5643
300.56541
300.56649
300.56754
300.56854
300.5695
300.57041
300.57126
300.57206
300.57278
300.57344
300.57402
300.57453
300.57495
300.57529
300.57555
300.57573
300.57582
300.57582
300.57575
300.57559
300.57536
300.57505
300.57467
300.57422
300.5737
300.57313
300.57249
300.57181
300.57107
300.57029
300.56946
300.56859
300.56769
300.56675
300.56578
300.56479
300.56376
300.56271
300.56164
300.56054
300.55942
300.55829
300.55713
300.55595
300.55476
300.55354
300.55231
300.55106
300.54979
300.54849
300.54718
300.54584
300.54448
300.54309
300.54168
300.54024
300.53878
300.53729
300.53577
300.53422
300.53264
300.53103
300.5294
300.52774
300.52607
300.52437
300.52265
300.52093
300.5192
300.51746
300.51572
300.51398
300.51224
300.51052
300.50881
300.5071
300.50541
300.50374
300.50208
300.50044
300.49881
300.4972
300.49561
300.49402
300.49246
300.49091
300.48937
300.48785
300.48634
300.48484
300.48335
300.48187
300.4804
300.47894
300.47749
300.47604
300.4746
300.47317
300.47174
300.47032
300.4689
300.46749
300.46608
300.46468
300.46328
300.46188
300.46049
300.4591
300.45771
300.45632
300.45494
300.45355
300.45217
300.45079
300.44942
300.44804
300.44666
300.44529
300.44392
300.44254
300.44117
300.4398
300.43843
300.43707
300.4357
300.43433
300.43297
300.4316
300.43024
300.42888
300.42752
300.42616
300.42481
300.42345
300.4221
300.42075
300.4194
300.41806
300.41671
300.41537
300.41403
300.41269
300.41136
300.41002
300.40869
300.40735
300.40602
300.40468
300.40335
300.40201
300.40068
300.39934
300.398
300.39666
300.39532
300.39397
300.39263
300.39127
300.39002
300.38794
300.00018
300.00051
300.00084
300.00118
300.00153
300.00187
300.00222
300.00258
300.00293
300.00329
300.00366
300.00402
300.00439
300.00476
300.00514
300.00551
300.00589
300.00628
300.00667
300.00706
300.00745
300.00785
300.00825
300.00865
300.00906
300.00947
300.00988
300.0103
300.01072
300.01114
300.01157
300.012
300.01244
300.01288
300.01332
300.01377
300.01422
300.01467
300.01513
300.01559
300.01606
300.01653
300.01701
300.01748
300.01797
300.01845
300.01895
300.01944
300.01994
300.02045
300.02096
300.02147
300.02199
300.02252
300.02304
300.02358
300.02412
300.02466
300.02521
300.02577
300.02633
300.02689
300.02747
300.02804
300.02863
300.02922
300.02981
300.03041
300.03102
300.03164
300.03226
300.03289
300.03352
300.03416
300.03481
300.03547
300.03613
300.03681
300.03749
300.03817
300.03887
300.03957
300.04029
300.04101
300.04174
300.04248
300.04323
300.04399
300.04476
300.04554
300.04634
300.04714
300.04795
300.04878
300.04961
300.05046
300.05132
300.0522
300.05308
300.05398
300.05489
300.05582
300.05676
300.05771
300.05867
300.05965
300.06064
300.06164
300.06265
300.06368
300.06472
300.06578
300.06685
300.06793
300.06903
300.07014
300.07128
300.07243
300.0736
300.0748
300.07601
300.07724
300.0785
300.07978
300.08108
300.08241
300.08375
300.08512
300.08652
300.08793
300.08937
300.09083
300.09231
300.09382
300.09534
300.09689
300.09846
300.10006
300.10168
300.10332
300.10499
300.10669
300.10841
300.11016
300.11193
300.11373
300.11556
300.11742
300.1193
300.1212
300.12314
300.12509
300.12707
300.12907
300.1311
300.13314
300.1352
300.13729
300.13938
300.1415
300.14363
300.14577
300.14792
300.15009
300.15227
300.15445
300.15665
300.15885
300.16106
300.16328
300.1655
300.16772
300.16995
300.17218
300.17441
300.17664
300.17887
300.1811
300.18333
300.18555
300.18778
300.18999
300.19221
300.19442
300.19663
300.19883
300.20104
300.20324
300.20544
300.20764
300.20984
300.21204
300.21424
300.21645
300.21865
300.22086
300.22308
300.2253
300.22752
300.22975
300.23198
300.23422
300.23647
300.23872
300.24098
300.24324
300.24552
300.2478
300.25009
300.25239
300.2547
300.25702
300.25934
300.26168
300.26403
300.26639
300.26876
300.27114
300.27354
300.27594
300.27836
300.28079
300.28324
300.2857
300.28817
300.29066
300.29317
300.29569
300.29822
300.30078
300.30335
300.30593
300.30854
300.31117
300.31381
300.31648
300.31917
300.32187
300.32461
300.32736
300.33014
300.33295
300.33578
300.33864
300.34153
300.34444
300.34739
300.35037
300.35339
300.35643
300.35951
300.36263
300.36579
300.36899
300.37222
300.3755
300.37881
300.38217
300.38558
300.38902
300.39251
300.39604
300.39961
300.40321
300.40686
300.41054
300.41426
300.418
300.42178
300.42559
300.42943
300.43331
300.43723
300.44119
300.44521
300.44929
300.45344
300.45769
300.46204
300.4665
300.4711
300.47585
300.48076
300.48585
300.4911
300.49652
300.50207
300.50772
300.51341
300.51909
300.52466
300.53002
300.53509
300.53975
300.54392
300.5475
300.55043
300.55266
300.55417
300.55496
300.55504
300.55447
300.55329
300.55158
300.54942
300.54688
300.54403
300.54096
300.53772
300.53438
300.53097
300.52754
300.52411
300.52071
300.51733
300.51398
300.51068
300.50741
300.50417
300.50097
300.49779
300.49464
300.49151
300.4884
300.48532
300.48226
300.47923
300.47624
300.47327
300.47034
300.46745
300.46461
300.46181
300.45905
300.45635
300.45369
300.45109
300.44854
300.44605
300.44362
300.44124
300.43892
300.43666
300.43446
300.43231
300.43022
300.42818
300.4262
300.42428
300.4224
300.42058
300.41881
300.4171
300.41542
300.4138
300.41222
300.41069
300.4092
300.40775
300.40635
300.40498
300.40365
300.40236
300.40111
300.39989
300.39871
300.39756
300.39644
300.39536
300.39431
300.39329
300.39231
300.39136
300.39044
300.38956
300.38872
300.3879
300.38713
300.38639
300.38569
300.38502
300.3844
300.38382
300.38327
300.38277
300.38232
300.38191
300.38156
300.38128
300.38107
300.38085
300.38064
300.3805
300.38043
300.38036
300.38037
300.38047
300.38063
300.38086
300.38114
300.38148
300.38188
300.38236
300.3829
300.3835
300.38418
300.38493
300.38574
300.38663
300.38759
300.38862
300.38972
300.3909
300.39216
300.39348
300.39489
300.39636
300.39791
300.39953
300.40122
300.40297
300.4048
300.4067
300.40866
300.41069
300.41279
300.41495
300.41717
300.41946
300.4218
300.42421
300.42667
300.42919
300.43177
300.43439
300.43706
300.43977
300.44252
300.4453
300.44809
300.4509
300.45372
300.45652
300.45929
300.46203
300.4647
300.4673
300.46981
300.47219
300.47445
300.47654
300.47847
300.4802
300.48173
300.48305
300.48414
300.48502
300.48568
300.48613
300.48639
300.48648
300.48642
300.48625
300.48605
300.48578
300.48511
300.48456
300.48425
300.48377
300.48325
300.48276
300.4823
300.48186
300.4815
300.48126
300.48092
300.48065
300.48049
300.48039
300.48036
300.48038
300.48047
300.48063
300.48085
300.48115
300.48152
300.48195
300.48245
300.48301
300.48365
300.48436
300.48513
300.48597
300.48687
300.48785
300.48888
300.48999
300.49115
300.49237
300.49365
300.49499
300.49637
300.49781
300.49928
300.50081
300.50236
300.50396
300.50558
300.50724
300.50891
300.51061
300.51233
300.51406
300.5158
300.51755
300.5193
300.52105
300.52279
300.52452
300.52625
300.52795
300.52964
300.5313
300.53295
300.53456
300.53615
300.5377
300.53923
300.54072
300.54218
300.54361
300.545
300.54636
300.54769
300.54898
300.55024
300.55148
300.55268
300.55385
300.555
300.55612
300.55721
300.55829
300.55933
300.56036
300.56137
300.56235
300.56332
300.56427
300.5652
300.56611
300.56701
300.56788
300.56874
300.56957
300.57038
300.57117
300.57193
300.57266
300.57336
300.57403
300.57465
300.57524
300.57579
300.57629
300.57674
300.57714
300.57748
300.57777
300.578
300.57817
300.57827
300.57831
300.57829
300.57821
300.57806
300.57785
300.57758
300.57725
300.57687
300.57642
300.57592
300.57537
300.57477
300.57413
300.57343
300.5727
300.57193
300.57111
300.57027
300.56939
300.56848
300.56754
300.56657
300.56558
300.56456
300.56352
300.56246
300.56138
300.56028
300.55916
300.55802
300.55687
300.5557
300.55451
300.5533
300.55207
300.55083
300.54957
300.54828
300.54698
300.54565
300.5443
300.54293
300.54153
300.54011
300.53865
300.53717
300.53566
300.53413
300.53256
300.53097
300.52935
300.52771
300.52604
300.52436
300.52265
300.52094
300.51921
300.51748
300.51574
300.51401
300.51227
300.51055
300.50883
300.50712
300.50543
300.50375
300.50208
300.50043
300.4988
300.49718
300.49558
300.494
300.49243
300.49087
300.48933
300.4878
300.48629
300.48478
300.48329
300.48181
300.48034
300.47888
300.47743
300.47598
300.47454
300.47311
300.47168
300.47026
300.46884
300.46743
300.46602
300.46461
300.46321
300.46181
300.46041
300.45902
300.45763
300.45624
300.45486
300.45347
300.45209
300.45071
300.44933
300.44795
300.44658
300.4452
300.44383
300.44245
300.44108
300.43971
300.43834
300.43697
300.4356
300.43423
300.43287
300.4315
300.43014
300.42877
300.42741
300.42605
300.42469
300.42334
300.42198
300.42063
300.41928
300.41793
300.41659
300.41524
300.4139
300.41256
300.41122
300.40989
300.40855
300.40721
300.40588
300.40454
300.40321
300.40187
300.40053
300.39919
300.39785
300.39651
300.39517
300.39382
300.39248
300.39111
300.38986
300.38778
300.00018
300.00051
300.00084
300.00118
300.00153
300.00187
300.00222
300.00258
300.00293
300.00329
300.00366
300.00402
300.00439
300.00476
300.00514
300.00551
300.00589
300.00628
300.00667
300.00706
300.00745
300.00785
300.00825
300.00865
300.00906
300.00947
300.00988
300.0103
300.01072
300.01115
300.01158
300.01201
300.01244
300.01288
300.01332
300.01377
300.01422
300.01468
300.01513
300.0156
300.01606
300.01653
300.01701
300.01749
300.01797
300.01846
300.01895
300.01945
300.01995
300.02045
300.02096
300.02148
300.022
300.02252
300.02305
300.02358
300.02412
300.02467
300.02522
300.02577
300.02633
300.0269
300.02747
300.02805
300.02863
300.02922
300.02982
300.03042
300.03103
300.03165
300.03227
300.0329
300.03353
300.03417
300.03482
300.03548
300.03614
300.03682
300.0375
300.03819
300.03888
300.03959
300.0403
300.04102
300.04176
300.0425
300.04325
300.04401
300.04478
300.04556
300.04635
300.04716
300.04797
300.0488
300.04963
300.05048
300.05134
300.05222
300.0531
300.054
300.05492
300.05584
300.05678
300.05773
300.0587
300.05967
300.06066
300.06167
300.06268
300.06371
300.06475
300.06581
300.06687
300.06796
300.06906
300.07018
300.07131
300.07247
300.07364
300.07483
300.07605
300.07728
300.07854
300.07982
300.08112
300.08245
300.0838
300.08517
300.08656
300.08798
300.08942
300.09088
300.09236
300.09387
300.0954
300.09695
300.09852
300.10012
300.10174
300.10339
300.10506
300.10675
300.10848
300.11023
300.112
300.11381
300.11564
300.11749
300.11938
300.12128
300.12322
300.12518
300.12716
300.12916
300.13119
300.13323
300.1353
300.13738
300.13948
300.1416
300.14373
300.14587
300.14803
300.1502
300.15237
300.15456
300.15676
300.15896
300.16118
300.16339
300.16562
300.16784
300.17007
300.1723
300.17453
300.17677
300.179
300.18123
300.18346
300.18568
300.18791
300.19012
300.19234
300.19455
300.19676
300.19897
300.20117
300.20338
300.20558
300.20778
300.20998
300.21219
300.21439
300.2166
300.21881
300.22102
300.22323
300.22545
300.22768
300.22991
300.23215
300.23439
300.23664
300.23889
300.24115
300.24342
300.2457
300.24798
300.25028
300.25258
300.25489
300.25721
300.25954
300.26188
300.26424
300.2666
300.26897
300.27136
300.27376
300.27617
300.27859
300.28103
300.28348
300.28594
300.28842
300.29091
300.29342
300.29595
300.29849
300.30105
300.30362
300.30622
300.30883
300.31146
300.31411
300.31678
300.31948
300.32219
300.32493
300.32769
300.33048
300.3333
300.33614
300.339
300.3419
300.34483
300.34778
300.35077
300.3538
300.35685
300.35995
300.36308
300.36624
300.36945
300.3727
300.37599
300.37932
300.38269
300.3861
300.38956
300.39306
300.3966
300.40019
300.40381
300.40747
300.41116
300.41489
300.41865
300.42244
300.42627
300.43013
300.43402
300.43796
300.44195
300.44599
300.4501
300.45429
300.45858
300.46298
300.4675
300.47216
300.47698
300.48197
300.48714
300.49248
300.49799
300.50363
300.50936
300.51513
300.52087
300.52648
300.53187
300.53694
300.54157
300.54568
300.54918
300.552
300.5541
300.55546
300.55609
300.55601
300.55527
300.55393
300.55208
300.54977
300.5471
300.54415
300.54099
300.53767
300.53427
300.53082
300.52736
300.52391
300.52049
300.51711
300.51378
300.51048
300.50723
300.50401
300.50083
300.49768
300.49455
300.49145
300.48837
300.48532
300.4823
300.4793
300.47634
300.4734
300.47051
300.46765
300.46484
300.46207
300.45934
300.45667
300.45405
300.45147
300.44895
300.44649
300.44408
300.44172
300.43942
300.43718
300.43499
300.43285
300.43077
300.42874
300.42677
300.42485
300.42297
300.42115
300.41938
300.41765
300.41597
300.41433
300.41274
300.41119
300.40968
300.40821
300.40678
300.40539
300.40404
300.40272
300.40144
300.4002
300.39898
300.39781
300.39667
300.39556
300.39448
300.39344
300.39244
300.39147
300.39053
300.38963
300.38877
300.38794
300.38716
300.38641
300.38571
300.38504
300.38442
300.38384
300.3833
300.3828
300.38235
300.38194
300.38156
300.38126
300.38149
300.38154
300.38132
300.38095
300.38072
300.38067
300.38075
300.38091
300.38113
300.38141
300.38175
300.38215
300.38262
300.38315
300.38376
300.38443
300.38517
300.38598
300.38687
300.38783
300.38886
300.38997
300.39115
300.3924
300.39373
300.39514
300.39662
300.39817
300.39979
300.40148
300.40325
300.40508
300.40698
300.40894
300.41097
300.41307
300.41522
300.41744
300.41972
300.42205
300.42444
300.42689
300.42938
300.43193
300.43452
300.43716
300.43983
300.44254
300.44528
300.44805
300.45083
300.45361
300.45639
300.45916
300.4619
300.46459
300.46723
300.4698
300.47227
300.47464
300.47688
300.47897
300.48089
300.48264
300.4842
300.48555
300.48671
300.48765
300.4884
300.48896
300.48935
300.48959
300.4897
300.4897
300.48963
300.48949
300.48927
300.48904
300.48882
300.48862
300.48844
300.48828
300.48817
300.48811
300.4881
300.48815
300.48826
300.48843
300.48867
300.48898
300.48936
300.4898
300.4903
300.49087
300.4915
300.49219
300.49295
300.49376
300.49463
300.49556
300.49654
300.49758
300.49866
300.49979
300.50097
300.50219
300.50345
300.50476
300.5061
300.50748
300.5089
300.51034
300.51182
300.51333
300.51485
300.5164
300.51797
300.51954
300.52113
300.52273
300.52434
300.52594
300.52754
300.52915
300.53074
300.53233
300.5339
300.53546
300.537
300.53852
300.54002
300.5415
300.54295
300.54438
300.54577
300.54714
300.54847
300.54978
300.55106
300.5523
300.55351
300.55469
300.55584
300.55696
300.55805
300.55911
300.56015
300.56115
300.56213
300.56309
300.56402
300.56492
300.5658
300.56666
300.5675
300.56832
300.56912
300.56989
300.57065
300.57138
300.5721
300.57279
300.57346
300.57411
300.57473
300.57533
300.57591
300.57645
300.57697
300.57745
300.5779
300.57832
300.57869
300.57903
300.57933
300.57958
300.57978
300.57994
300.58005
300.58012
300.58013
300.58009
300.57999
300.57985
300.57965
300.5794
300.5791
300.57875
300.57835
300.5779
300.57741
300.57687
300.57628
300.57565
300.57499
300.57428
300.57354
300.57276
300.57195
300.5711
300.57023
300.56933
300.5684
300.56744
300.56646
300.56546
300.56444
300.56339
300.56233
300.56124
300.56014
300.55902
300.55789
300.55674
300.55557
300.55438
300.55318
300.55195
300.55072
300.54946
300.54818
300.54688
300.54555
300.54421
300.54284
300.54145
300.54002
300.53858
300.5371
300.5356
300.53406
300.5325
300.53092
300.5293
300.52767
300.52601
300.52433
300.52263
300.52092
300.51919
300.51747
300.51573
300.514
300.51227
300.51054
300.50883
300.50712
300.50543
300.50374
300.50208
300.50043
300.49879
300.49717
300.49556
300.49398
300.4924
300.49084
300.4893
300.48777
300.48626
300.48475
300.48326
300.48178
300.48031
300.47885
300.47739
300.47595
300.47451
300.47307
300.47165
300.47022
300.46881
300.46739
300.46598
300.46457
300.46317
300.46177
300.46037
300.45898
300.45759
300.4562
300.45481
300.45342
300.45204
300.45066
300.44928
300.4479
300.44652
300.44514
300.44377
300.44239
300.44102
300.43965
300.43828
300.43691
300.43554
300.43417
300.4328
300.43143
300.43007
300.42871
300.42734
300.42598
300.42462
300.42327
300.42191
300.42056
300.41921
300.41786
300.41651
300.41517
300.41382
300.41248
300.41114
300.4098
300.40847
300.40713
300.40579
300.40445
300.40312
300.40178
300.40044
300.3991
300.39776
300.39641
300.39507
300.39372
300.39238
300.391
300.38975
300.38767
300.00007
300.00016
300.00027
300.00038
300.00048
300.00059
300.0007
300.00081
300.00092
300.00103
300.00114
300.00125
300.00136
300.00147
300.00158
300.00169
300.0018
300.00191
300.00202
300.00214
300.00225
300.00236
300.00247
300.00258
300.0027
300.00281
300.00292
300.00304
300.00315
300.00326
300.00338
300.00349
300.00361
300.00372
300.00384
300.00395
300.00407
300.00419
300.0043
300.00442
300.00454
300.00465
300.00477
300.00489
300.00501
300.00513
300.00524
300.00536
300.00548
300.0056
300.00572
300.00584
300.00596
300.00608
300.0062
300.00632
300.00645
300.00657
300.00669
300.00681
300.00694
300.00706
300.00718
300.00731
300.00743
300.00755
300.00768
300.0078
300.00793
300.00806
300.00818
300.00831
300.00844
300.00856
300.00869
300.00882
300.00895
300.00907
300.0092
300.00933
300.00946
300.00959
300.00972
300.00985
300.00998
300.01011
300.01025
300.01038
300.01051
300.01064
300.01078
300.01091
300.01104
300.01118
300.01131
300.01145
300.01158
300.01172
300.01185
300.01199
300.01213
300.01227
300.0124
300.01254
300.01268
300.01282
300.01296
300.0131
300.01324
300.01338
300.01352
300.01366
300.0138
300.01394
300.01409
300.01423
300.01437
300.01452
300.01466
300.01481
300.01495
300.0151
300.01524
300.01539
300.01554
300.01568
300.01583
300.01598
300.01613
300.01628
300.01643
300.01658
300.01673
300.01688
300.01703
300.01718
300.01734
300.01749
300.01764
300.0178
300.01795
300.01811
300.01827
300.01842
300.01858
300.01874
300.0189
300.01905
300.01921
300.01937
300.01953
300.01969
300.01986
300.02002
300.02018
300.02035
300.02051
300.02068
300.02084
300.02101
300.02117
300.02134
300.02151
300.02168
300.02185
300.02202
300.02219
300.02236
300.02254
300.02271
300.02288
300.02306
300.02323
300.02341
300.02359
300.02376
300.02394
300.02412
300.0243
300.02448
300.02466
300.02485
300.02503
300.02521
300.0254
300.02558
300.02577
300.02596
300.02615
300.02634
300.02653
300.02672
300.02691
300.0271
300.02729
300.02749
300.02768
300.02788
300.02808
300.02827
300.02847
300.02867
300.02887
300.02907
300.02928
300.02948
300.02968
300.02989
300.03009
300.0303
300.03051
300.03072
300.03093
300.03114
300.03135
300.03157
300.03178
300.032
300.03222
300.03243
300.03265
300.03287
300.03309
300.03332
300.03354
300.03376
300.03399
300.03422
300.03444
300.03467
300.0349
300.03513
300.03537
300.0356
300.03584
300.03607
300.03631
300.03655
300.03679
300.03703
300.03727
300.03752
300.03776
300.03801
300.03826
300.03851
300.03876
300.03901
300.03926
300.03952
300.03978
300.04003
300.04029
300.04055
300.04082
300.04108
300.04134
300.04161
300.04188
300.04215
300.04242
300.04269
300.04297
300.04325
300.04352
300.0438
300.04409
300.04437
300.04465
300.04494
300.04523
300.04552
300.04581
300.04611
300.0464
300.0467
300.047
300.0473
300.0476
300.04791
300.04821
300.04852
300.04883
300.04915
300.04946
300.04978
300.0501
300.05042
300.05074
300.05107
300.0514
300.05172
300.05206
300.05239
300.05273
300.05306
300.0534
300.05374
300.05409
300.05444
300.05478
300.05513
300.05549
300.05584
300.0562
300.05656
300.05692
300.05728
300.05764
300.05801
300.05838
300.05875
300.05912
300.0595
300.05988
300.06026
300.06064
300.06102
300.0614
300.06179
300.06218
300.06257
300.06296
300.06336
300.06376
300.06416
300.06456
300.06496
300.06537
300.06577
300.06618
300.0666
300.06701
300.06743
300.06785
300.06827
300.06869
300.06912
300.06955
300.06998
300.07041
300.07085
300.07129
300.07173
300.07218
300.07263
300.07309
300.07354
300.07401
300.07447
300.07494
300.07542
300.0759
300.07638
300.07687
300.07736
300.07786
300.07836
300.07887
300.07938
300.0799
300.08044
300.08098
300.08151
300.08206
300.08261
300.08317
300.08374
300.08431
300.08489
300.08548
300.08608
300.08668
300.08729
300.08792
300.08857
300.08924
300.08994
300.09059
300.09121
300.09185
300.0925
300.09317
300.09384
300.09453
300.09523
300.09595
300.09667
300.09741
300.09815
300.09891
300.09968
300.10046
300.10125
300.10204
300.10285
300.10367
300.1045
300.10534
300.10618
300.10704
300.10791
300.10879
300.10968
300.11057
300.11149
300.11241
300.11334
300.11428
300.11523
300.1162
300.11717
300.11815
300.11915
300.12015
300.12117
300.12219
300.12322
300.12426
300.1253
300.12635
300.1274
300.12845
300.12949
300.13052
300.13151
300.13246
300.13341
300.13447
300.13556
300.13666
300.13776
300.13888
300.13999
300.14111
300.14223
300.14332
300.14441
300.14554
300.14669
300.14783
300.14897
300.15012
300.15126
300.15241
300.15356
300.15471
300.15587
300.15702
300.15818
300.15934
300.1605
300.16166
300.16282
300.16399
300.16515
300.16632
300.16749
300.16866
300.16984
300.17102
300.17219
300.17338
300.17456
300.17575
300.17694
300.17813
300.17933
300.18053
300.18173
300.18293
300.18414
300.18535
300.18656
300.18777
300.18898
300.19019
300.1914
300.19261
300.19381
300.19502
300.19622
300.19741
300.1986
300.19979
300.20097
300.20215
300.20331
300.20448
300.20563
300.20678
300.20791
300.20905
300.21017
300.21129
300.2124
300.2135
300.21459
300.21567
300.21675
300.21781
300.21887
300.21993
300.22097
300.22201
300.22304
300.22407
300.22509
300.22611
300.22712
300.22812
300.22913
300.23013
300.23112
300.23212
300.23311
300.2341
300.23508
300.23607
300.23705
300.23804
300.23902
300.24001
300.24099
300.24197
300.24295
300.24393
300.24492
300.2459
300.24688
300.24786
300.24884
300.24982
300.2508
300.25178
300.25275
300.25373
300.2547
300.25567
300.25664
300.25761
300.25857
300.25953
300.26049
300.26144
300.2624
300.26335
300.26429
300.26524
300.26619
300.26715
300.26822
300.26951
300.27033
300.27084
300.27176
300.27283
300.27397
300.27516
300.27641
300.27774
300.27916
300.28072
300.28243
300.28432
300.28642
300.28874
300.29131
300.29413
300.29721
300.30052
300.30404
300.30841
300.31713
300.32629
300.32902
300.33379
300.34037
300.34773
300.35547
300.36349
300.37174
300.38018
300.38879
300.39752
300.40635
300.41521
300.42408
300.43289
300.44159
300.45015
300.45854
300.46671
300.47465
300.48233
300.48972
300.49679
300.50352
300.5099
300.51591
300.52154
300.52676
300.53157
300.53595
300.53989
300.54338
300.54641
300.54896
300.55104
300.55265
300.55381
300.55453
300.55486
300.55482
300.55446
300.55381
300.55292
300.55183
300.55057
300.54918
300.54767
300.54609
300.54443
300.54273
300.541
300.53925
300.53749
300.53573
300.53398
300.53224
300.53051
300.5288
300.52711
300.52543
300.52377
300.52213
300.52051
300.5189
300.51731
300.51573
300.51416
300.5126
300.51105
300.50951
300.50797
300.50644
300.50491
300.50338
300.50185
300.50031
300.49877
300.49721
300.49564
300.49405
300.49243
300.49078
300.48909
300.48736
300.48558
300.48375
300.48188
300.47995
300.47798
300.47596
300.4739
300.4718
300.46967
300.46751
300.46535
300.46317
300.461
300.45884
300.45671
300.45461
300.45255
300.45054
300.44857
300.44664
300.44475
300.4429
300.44108
300.43929
300.43753
300.4358
300.43409
300.4324
300.43074
300.4291
300.42748
300.42588
300.42429
300.42272
300.42117
300.41963
300.41811
300.41659
300.41509
300.41361
300.41213
300.41066
300.4092
300.40775
300.40631
300.40487
300.40344
300.40202
300.4006
300.39918
300.39776
300.39634
300.39492
300.39349
300.39205
300.3906
300.38913
300.38765
300.38616
300.38461
300.38319
300.38081
300.00007
300.00016
300.00027
300.00038
300.00048
300.00059
300.0007
300.00081
300.00092
300.00103
300.00114
300.00125
300.00136
300.00147
300.00158
300.00169
300.0018
300.00191
300.00202
300.00214
300.00225
300.00236
300.00247
300.00258
300.0027
300.00281
300.00292
300.00304
300.00315
300.00326
300.00338
300.00349
300.00361
300.00372
300.00384
300.00395
300.00407
300.00419
300.0043
300.00442
300.00454
300.00465
300.00477
300.00489
300.00501
300.00512
300.00524
300.00536
300.00548
300.0056
300.00572
300.00584
300.00596
300.00608
300.0062
300.00632
300.00644
300.00657
300.00669
300.00681
300.00693
300.00706
300.00718
300.0073
300.00743
300.00755
300.00768
300.0078
300.00793
300.00805
300.00818
300.00831
300.00843
300.00856
300.00869
300.00882
300.00894
300.00907
300.0092
300.00933
300.00946
300.00959
300.00972
300.00985
300.00998
300.01011
300.01024
300.01038
300.01051
300.01064
300.01077
300.01091
300.01104
300.01118
300.01131
300.01145
300.01158
300.01172
300.01185
300.01199
300.01213
300.01226
300.0124
300.01254
300.01268
300.01282
300.01296
300.0131
300.01324
300.01338
300.01352
300.01366
300.0138
300.01394
300.01409
300.01423
300.01437
300.01452
300.01466
300.01481
300.01495
300.0151
300.01524
300.01539
300.01554
300.01569
300.01583
300.01598
300.01613
300.01628
300.01643
300.01658
300.01673
300.01688
300.01704
300.01719
300.01734
300.0175
300.01765
300.01781
300.01796
300.01812
300.01828
300.01843
300.01859
300.01875
300.01891
300.01907
300.01923
300.01939
300.01955
300.01971
300.01987
300.02004
300.0202
300.02036
300.02053
300.0207
300.02086
300.02103
300.0212
300.02137
300.02154
300.02171
300.02188
300.02205
300.02222
300.02239
300.02256
300.02274
300.02291
300.02309
300.02327
300.02344
300.02362
300.0238
300.02398
300.02416
300.02434
300.02452
300.0247
300.02489
300.02507
300.02526
300.02544
300.02563
300.02582
300.026
300.02619
300.02638
300.02658
300.02677
300.02696
300.02715
300.02735
300.02754
300.02774
300.02794
300.02813
300.02833
300.02853
300.02873
300.02894
300.02914
300.02934
300.02955
300.02975
300.02996
300.03017
300.03037
300.03058
300.0308
300.03101
300.03122
300.03143
300.03165
300.03187
300.03208
300.0323
300.03252
300.03274
300.03296
300.03318
300.03341
300.03363
300.03386
300.03409
300.03432
300.03454
300.03478
300.03501
300.03524
300.03547
300.03571
300.03595
300.03618
300.03642
300.03666
300.03691
300.03715
300.0374
300.03764
300.03789
300.03814
300.03839
300.03864
300.03889
300.03915
300.0394
300.03966
300.03992
300.04018
300.04044
300.0407
300.04097
300.04123
300.0415
300.04177
300.04204
300.04231
300.04258
300.04286
300.04314
300.04342
300.0437
300.04398
300.04426
300.04455
300.04484
300.04513
300.04542
300.04571
300.046
300.0463
300.0466
300.0469
300.0472
300.04751
300.04781
300.04812
300.04843
300.04874
300.04906
300.04937
300.04969
300.05001
300.05033
300.05066
300.05098
300.05131
300.05164
300.05197
300.05231
300.05264
300.05298
300.05332
300.05367
300.05401
300.05436
300.05471
300.05506
300.05542
300.05577
300.05613
300.05649
300.05685
300.05722
300.05759
300.05795
300.05833
300.0587
300.05907
300.05945
300.05983
300.06021
300.0606
300.06098
300.06137
300.06176
300.06215
300.06254
300.06294
300.06334
300.06373
300.06414
300.06454
300.06495
300.06535
300.06576
300.06618
300.06659
300.06701
300.06742
300.06785
300.06827
300.06869
300.06912
300.06955
300.06998
300.07042
300.07086
300.0713
300.07174
300.07219
300.07264
300.07309
300.07355
300.074
300.07447
300.07493
300.07541
300.07588
300.07636
300.07685
300.07733
300.07782
300.07833
300.07884
300.07934
300.07985
300.08037
300.0809
300.08143
300.08197
300.08251
300.08307
300.08362
300.08419
300.08476
300.08534
300.08593
300.08652
300.08713
300.08774
300.08836
300.08898
300.08963
300.09029
300.09095
300.0916
300.09227
300.09294
300.09362
300.09431
300.09501
300.09571
300.09642
300.09715
300.09789
300.09863
300.09939
300.10015
300.10093
300.10172
300.10251
300.10332
300.10414
300.10497
300.1058
300.10665
300.10751
300.10838
300.10926
300.11015
300.11105
300.11196
300.11288
300.11381
300.11476
300.11571
300.11667
300.11764
300.11863
300.11962
300.12064
300.12166
300.12268
300.12371
300.12475
300.1258
300.12685
300.12791
300.12897
300.13003
300.13109
300.13214
300.13319
300.13424
300.13531
300.13639
300.13748
300.13859
300.13971
300.14084
300.14193
300.14306
300.14422
300.14537
300.14653
300.14769
300.14885
300.15003
300.1512
300.15238
300.15357
300.15476
300.15595
300.15715
300.15836
300.15956
300.16078
300.16199
300.16321
300.16444
300.16567
300.16691
300.16815
300.1694
300.17066
300.17192
300.17318
300.17445
300.17573
300.17702
300.17831
300.1796
300.1809
300.1822
300.18351
300.18482
300.18613
300.18744
300.18875
300.19006
300.19136
300.19266
300.19395
300.19523
300.19651
300.19777
300.19903
300.20027
300.2015
300.20271
300.2039
300.20509
300.20625
300.2074
300.20853
300.20965
300.21075
300.21184
300.21291
300.21397
300.21501
300.21603
300.21705
300.21805
300.21904
300.22002
300.221
300.22196
300.22291
300.22386
300.22481
300.22574
300.22667
300.2276
300.22853
300.22945
300.23037
300.23129
300.23221
300.23313
300.23404
300.23496
300.23588
300.2368
300.23772
300.23864
300.23957
300.24049
300.24142
300.24235
300.24328
300.24421
300.24515
300.24608
300.24702
300.24796
300.2489
300.24984
300.25078
300.25173
300.25267
300.25361
300.25456
300.2555
300.25644
300.25738
300.25831
300.25925
300.26019
300.26112
300.26205
300.26298
300.2639
300.26483
300.26576
300.26668
300.26764
300.26876
300.26996
300.27054
300.27121
300.27219
300.27327
300.2744
300.27557
300.27681
300.27814
300.27957
300.28114
300.28286
300.28477
300.28689
300.28923
300.29182
300.29466
300.29776
300.30109
300.30468
300.30918
300.31844
300.32682
300.32943
300.3345
300.34115
300.34853
300.35627
300.36427
300.37249
300.38091
300.38949
300.39819
300.40697
300.41579
300.42461
300.43339
300.44208
300.45064
300.45903
300.4672
300.47515
300.48283
300.49022
300.49729
300.50403
300.51042
300.51642
300.52203
300.52724
300.53203
300.53638
300.54028
300.54373
300.5467
300.54921
300.55124
300.5528
300.55391
300.5546
300.5549
300.55483
300.55445
300.55379
300.55289
300.55179
300.55052
300.54911
300.5476
300.54601
300.54435
300.54265
300.54093
300.53918
300.53743
300.53568
300.53393
300.53219
300.53047
300.52877
300.52708
300.52542
300.52376
300.52213
300.52051
300.51891
300.51732
300.51575
300.51418
300.51262
300.51108
300.50954
300.508
300.50647
300.50494
300.5034
300.50187
300.50033
300.49878
300.49722
300.49563
300.49403
300.49239
300.49072
300.48902
300.48727
300.48548
300.48365
300.48177
300.47985
300.47787
300.47586
300.47381
300.47172
300.46961
300.46747
300.46532
300.46317
300.46101
300.45888
300.45676
300.45467
300.45262
300.4506
300.44863
300.4467
300.44481
300.44296
300.44114
300.43936
300.4376
300.43587
300.43416
300.43248
300.43082
300.42918
300.42756
300.42596
300.42437
300.4228
300.42125
300.41971
300.41819
300.41668
300.41518
300.41369
300.41221
300.41074
300.40928
300.40783
300.40639
300.40495
300.40352
300.40209
300.40067
300.39924
300.39782
300.39639
300.39496
300.39351
300.39206
300.39059
300.38911
300.38761
300.3861
300.38454
300.38311
300.38073
300.00007
300.00016
300.00027
300.00038
300.00048
300.00059
300.0007
300.00081
300.00092
300.00103
300.00114
300.00125
300.00136
300.00147
300.00158
300.00169
300.0018
300.00191
300.00202
300.00213
300.00225
300.00236
300.00247
300.00258
300.0027
300.00281
300.00292
300.00304
300.00315
300.00326
300.00338
300.00349
300.00361
300.00372
300.00384
300.00395
300.00407
300.00418
300.0043
300.00442
300.00453
300.00465
300.00477
300.00489
300.005
300.00512
300.00524
300.00536
300.00548
300.0056
300.00572
300.00584
300.00596
300.00608
300.0062
300.00632
300.00644
300.00656
300.00669
300.00681
300.00693
300.00705
300.00718
300.0073
300.00743
300.00755
300.00767
300.0078
300.00792
300.00805
300.00818
300.0083
300.00843
300.00856
300.00868
300.00881
300.00894
300.00907
300.0092
300.00933
300.00946
300.00959
300.00972
300.00985
300.00998
300.01011
300.01024
300.01037
300.0105
300.01064
300.01077
300.0109
300.01104
300.01117
300.01131
300.01144
300.01158
300.01171
300.01185
300.01199
300.01212
300.01226
300.0124
300.01254
300.01268
300.01282
300.01295
300.0131
300.01324
300.01338
300.01352
300.01366
300.0138
300.01394
300.01409
300.01423
300.01437
300.01452
300.01466
300.01481
300.01496
300.0151
300.01525
300.0154
300.01554
300.01569
300.01584
300.01599
300.01614
300.01629
300.01644
300.01659
300.01675
300.0169
300.01705
300.01721
300.01736
300.01752
300.01767
300.01783
300.01798
300.01814
300.0183
300.01846
300.01862
300.01878
300.01894
300.0191
300.01926
300.01942
300.01958
300.01975
300.01991
300.02008
300.02024
300.02041
300.02057
300.02074
300.02091
300.02108
300.02125
300.02142
300.02159
300.02176
300.02193
300.02211
300.02228
300.02245
300.02263
300.0228
300.02298
300.02316
300.02334
300.02352
300.0237
300.02388
300.02406
300.02424
300.02442
300.02461
300.02479
300.02498
300.02516
300.02535
300.02554
300.02573
300.02592
300.02611
300.0263
300.02649
300.02668
300.02688
300.02707
300.02727
300.02747
300.02766
300.02786
300.02806
300.02826
300.02846
300.02867
300.02887
300.02907
300.02928
300.02948
300.02969
300.0299
300.03011
300.03032
300.03053
300.03074
300.03096
300.03117
300.03139
300.0316
300.03182
300.03204
300.03226
300.03248
300.0327
300.03293
300.03315
300.03338
300.03361
300.03383
300.03406
300.03429
300.03453
300.03476
300.03499
300.03523
300.03546
300.0357
300.03594
300.03618
300.03642
300.03667
300.03691
300.03716
300.0374
300.03765
300.0379
300.03815
300.03841
300.03866
300.03892
300.03917
300.03943
300.03969
300.03995
300.04022
300.04048
300.04075
300.04101
300.04128
300.04155
300.04182
300.0421
300.04237
300.04265
300.04293
300.04321
300.04349
300.04378
300.04406
300.04435
300.04464
300.04493
300.04522
300.04552
300.04581
300.04611
300.04641
300.04671
300.04702
300.04732
300.04763
300.04794
300.04825
300.04856
300.04888
300.0492
300.04952
300.04984
300.05016
300.05049
300.05082
300.05115
300.05148
300.05181
300.05215
300.05249
300.05283
300.05317
300.05352
300.05387
300.05422
300.05457
300.05493
300.05528
300.05564
300.056
300.05637
300.05673
300.0571
300.05747
300.05784
300.05822
300.0586
300.05898
300.05936
300.05974
300.06013
300.06052
300.06091
300.0613
300.0617
300.06209
300.06249
300.06289
300.06329
300.0637
300.0641
300.06451
300.06492
300.06534
300.06575
300.06617
300.06659
300.06701
300.06743
300.06785
300.06828
300.06871
300.06914
300.06958
300.07001
300.07045
300.07089
300.07133
300.07177
300.07222
300.07267
300.07312
300.07358
300.07404
300.07449
300.07495
300.07542
300.0759
300.07637
300.07685
300.07733
300.07781
300.07829
300.07878
300.07928
300.07979
300.08029
300.08081
300.08132
300.08185
300.08238
300.08292
300.08346
300.084
300.08456
300.08512
300.08569
300.08627
300.08685
300.08744
300.08804
300.08865
300.08926
300.08989
300.09052
300.09116
300.09181
300.09247
300.09314
300.09381
300.0945
300.09519
300.09589
300.0966
300.09731
300.09804
300.09878
300.09953
300.10028
300.10105
300.10183
300.10262
300.10342
300.10423
300.10505
300.10588
300.10673
300.10758
300.10845
300.10932
300.11021
300.1111
300.11201
300.11293
300.11386
300.1148
300.11575
300.11671
300.11768
300.11867
300.11966
300.12068
300.12172
300.12275
300.12378
300.12482
300.12588
300.12694
300.12802
300.1291
300.13018
300.13128
300.13238
300.13348
300.13458
300.13569
300.13681
300.13795
300.13904
300.14017
300.14134
300.14252
300.1437
300.14488
300.14608
300.14728
300.14849
300.14971
300.15094
300.15218
300.15342
300.15468
300.15594
300.15722
300.1585
300.15979
300.1611
300.16241
300.16373
300.16507
300.16641
300.16777
300.16914
300.17052
300.17192
300.17333
300.17475
300.17619
300.17764
300.1791
300.18057
300.18206
300.18355
300.18506
300.18657
300.18809
300.1896
300.19112
300.19264
300.19415
300.19566
300.19715
300.19863
300.2001
300.20154
300.20296
300.20435
300.20572
300.20706
300.20836
300.20964
300.21087
300.21207
300.21324
300.21437
300.21547
300.21654
300.21757
300.21857
300.21954
300.22049
300.2214
300.22229
300.22316
300.224
300.22483
300.22564
300.22644
300.22722
300.228
300.22876
300.22952
300.23028
300.23103
300.23178
300.23253
300.23328
300.23403
300.23478
300.23554
300.2363
300.23707
300.23784
300.23861
300.23939
300.24018
300.24097
300.24177
300.24258
300.24339
300.24421
300.24503
300.24586
300.2467
300.24754
300.24839
300.24924
300.2501
300.25096
300.25182
300.25269
300.25356
300.25444
300.25532
300.25619
300.25707
300.25796
300.25884
300.25972
300.2606
300.26148
300.26237
300.26325
300.26413
300.26501
300.26589
300.26678
300.26768
300.26868
300.26985
300.27055
300.27115
300.27207
300.27308
300.27413
300.27523
300.27639
300.27763
300.27896
300.28041
300.28199
300.28375
300.28569
300.28784
300.29022
300.29284
300.29572
300.29886
300.30224
300.30588
300.31095
300.32097
300.32771
300.33042
300.33597
300.34275
300.35016
300.35788
300.36585
300.37404
300.3824
300.39092
300.39954
300.40823
300.41695
300.42568
300.43437
300.443
300.45153
300.4599
300.46809
300.47605
300.48376
300.49119
300.4983
300.50506
300.51146
300.51747
300.52307
300.52825
300.53298
300.53726
300.54108
300.54443
300.5473
300.54969
300.55161
300.55308
300.55411
300.55473
300.55497
300.55486
300.55445
300.55377
300.55284
300.55172
300.55044
300.54902
300.54749
300.54589
300.54423
300.54253
300.54081
300.53907
300.53732
300.53558
300.53384
300.53212
300.53041
300.52872
300.52705
300.52539
300.52375
300.52213
300.52052
300.51893
300.51735
300.51578
300.51422
300.51267
300.51113
300.50959
300.50805
300.50652
300.50498
300.50345
300.5019
300.50035
300.49878
300.49719
300.49558
300.49395
300.49229
300.4906
300.48887
300.48711
300.4853
300.48346
300.48158
300.47966
300.4777
300.4757
300.47367
300.47161
300.46952
300.46742
300.46531
300.4632
300.46108
300.45898
300.4569
300.45484
300.45281
300.45081
300.44884
300.44691
300.44503
300.44317
300.44136
300.43957
300.43782
300.43609
300.43438
300.4327
300.43104
300.4294
300.42778
300.42617
300.42459
300.42301
300.42146
300.41992
300.41839
300.41687
300.41537
300.41388
300.41239
300.41092
300.40946
300.408
300.40655
300.40511
300.40367
300.40223
300.4008
300.39936
300.39792
300.39647
300.39501
300.39354
300.39205
300.39055
300.38904
300.38751
300.38597
300.3844
300.38297
300.38058
300.00007
300.00016
300.00027
300.00038
300.00048
300.00059
300.0007
300.00081
300.00092
300.00103
300.00114
300.00125
300.00136
300.00147
300.00158
300.00169
300.0018
300.00191
300.00202
300.00213
300.00225
300.00236
300.00247
300.00258
300.00269
300.00281
300.00292
300.00303
300.00315
300.00326
300.00338
300.00349
300.0036
300.00372
300.00383
300.00395
300.00407
300.00418
300.0043
300.00441
300.00453
300.00465
300.00477
300.00488
300.005
300.00512
300.00524
300.00536
300.00547
300.00559
300.00571
300.00583
300.00595
300.00607
300.0062
300.00632
300.00644
300.00656
300.00668
300.0068
300.00693
300.00705
300.00717
300.0073
300.00742
300.00754
300.00767
300.00779
300.00792
300.00805
300.00817
300.0083
300.00842
300.00855
300.00868
300.00881
300.00893
300.00906
300.00919
300.00932
300.00945
300.00958
300.00971
300.00984
300.00997
300.0101
300.01024
300.01037
300.0105
300.01063
300.01077
300.0109
300.01103
300.01117
300.0113
300.01144
300.01158
300.01171
300.01185
300.01199
300.01212
300.01226
300.0124
300.01254
300.01268
300.01282
300.01296
300.0131
300.01324
300.01338
300.01352
300.01367
300.01381
300.01395
300.0141
300.01424
300.01439
300.01453
300.01468
300.01482
300.01497
300.01512
300.01527
300.01542
300.01557
300.01571
300.01587
300.01602
300.01617
300.01632
300.01647
300.01663
300.01678
300.01693
300.01709
300.01724
300.0174
300.01756
300.01771
300.01787
300.01803
300.01819
300.01835
300.01851
300.01867
300.01883
300.019
300.01916
300.01932
300.01949
300.01965
300.01982
300.01999
300.02015
300.02032
300.02049
300.02066
300.02083
300.021
300.02117
300.02134
300.02151
300.02169
300.02186
300.02204
300.02221
300.02239
300.02257
300.02274
300.02292
300.0231
300.02328
300.02346
300.02365
300.02383
300.02401
300.0242
300.02438
300.02457
300.02476
300.02494
300.02513
300.02532
300.02551
300.0257
300.0259
300.02609
300.02628
300.02648
300.02667
300.02687
300.02707
300.02727
300.02747
300.02767
300.02787
300.02807
300.02828
300.02848
300.02869
300.02889
300.0291
300.02931
300.02952
300.02973
300.02994
300.03015
300.03036
300.03058
300.03079
300.03101
300.03123
300.03145
300.03167
300.03189
300.03211
300.03234
300.03256
300.03279
300.03302
300.03324
300.03347
300.0337
300.03394
300.03417
300.03441
300.03464
300.03488
300.03512
300.03536
300.0356
300.03584
300.03608
300.03633
300.03657
300.03682
300.03707
300.03732
300.03757
300.03783
300.03808
300.03834
300.03859
300.03885
300.03911
300.03938
300.03964
300.0399
300.04017
300.04044
300.04071
300.04098
300.04125
300.04153
300.0418
300.04208
300.04236
300.04264
300.04292
300.04321
300.04349
300.04378
300.04407
300.04436
300.04465
300.04495
300.04525
300.04555
300.04585
300.04615
300.04645
300.04676
300.04707
300.04738
300.04769
300.04801
300.04832
300.04864
300.04896
300.04928
300.04961
300.04993
300.05026
300.05059
300.05093
300.05126
300.0516
300.05194
300.05228
300.05263
300.05297
300.05332
300.05367
300.05403
300.05438
300.05474
300.0551
300.05547
300.05583
300.0562
300.05657
300.05695
300.05732
300.0577
300.05808
300.05846
300.05885
300.05924
300.05963
300.06002
300.06042
300.06081
300.06121
300.06162
300.06202
300.06243
300.06284
300.06325
300.06366
300.06407
300.06449
300.06491
300.06533
300.06575
300.06618
300.0666
300.06703
300.06746
300.06789
300.06833
300.06876
300.0692
300.06964
300.07008
300.07053
300.07097
300.07142
300.07187
300.07232
300.07277
300.07323
300.07367
300.07413
300.07461
300.07508
300.07553
300.07599
300.07645
300.07692
300.07739
300.07788
300.07835
300.07881
300.0793
300.07979
300.08028
300.08078
300.08128
300.08178
300.08229
300.0828
300.08332
300.08385
300.08438
300.08491
300.08546
300.086
300.08656
300.08712
300.08769
300.08827
300.08886
300.08945
300.09005
300.09066
300.09128
300.0919
300.09253
300.09318
300.09383
300.09449
300.09516
300.09584
300.09653
300.09723
300.09794
300.09865
300.09938
300.10012
300.10087
300.10163
300.1024
300.10319
300.10398
300.10478
300.1056
300.10643
300.10727
300.10812
300.10898
300.10986
300.11074
300.11164
300.11255
300.11347
300.11441
300.11535
300.11631
300.11727
300.11825
300.11924
300.12024
300.12128
300.12234
300.12339
300.12444
300.1255
300.12657
300.12765
300.12875
300.12986
300.13098
300.1321
300.13324
300.1344
300.13556
300.13668
300.13784
300.13904
300.14025
300.14146
300.14267
300.1439
300.14514
300.1464
300.14766
300.14894
300.15023
300.15154
300.15285
300.15418
300.15553
300.15689
300.15827
300.15966
300.16106
300.16249
300.16393
300.16539
300.16687
300.16837
300.16988
300.17143
300.17299
300.17458
300.17619
300.17782
300.17948
300.18116
300.18287
300.18459
300.18634
300.18811
300.1899
300.1917
300.19351
300.19534
300.19716
300.19899
300.20081
300.20262
300.20441
300.20619
300.20794
300.20965
300.21133
300.21296
300.21455
300.21609
300.21757
300.219
300.22036
300.22166
300.2229
300.22408
300.22519
300.22624
300.22724
300.22816
300.22904
300.22988
300.23067
300.23141
300.23209
300.23275
300.23337
300.23396
300.23453
300.23507
300.2356
300.23612
300.23662
300.23711
300.2376
300.23809
300.23858
300.23907
300.23956
300.24006
300.24057
300.24109
300.24163
300.24216
300.24271
300.24327
300.24384
300.24443
300.24503
300.24565
300.24627
300.24691
300.24756
300.24823
300.2489
300.24959
300.25029
300.251
300.25172
300.25245
300.25319
300.25394
300.2547
300.25546
300.25623
300.25701
300.25779
300.25858
300.25937
300.26016
300.26096
300.26176
300.26257
300.26338
300.26419
300.265
300.26581
300.26663
300.26745
300.26829
300.26924
300.27027
300.27084
300.27154
300.27244
300.27338
300.27436
300.27538
300.27646
300.27761
300.27885
300.2802
300.28167
300.2833
300.28509
300.28708
300.28929
300.29173
300.29441
300.29734
300.30051
300.30393
300.30769
300.31368
300.32447
300.32903
300.3323
300.33827
300.3452
300.35261
300.36031
300.36823
300.37636
300.38466
300.39309
300.4016
300.41017
300.41876
300.42734
300.43588
300.44438
300.45281
300.46112
300.46929
300.47728
300.48503
300.49251
300.49968
300.50649
300.51293
300.51895
300.52454
300.52968
300.53434
300.53852
300.54221
300.54541
300.54812
300.55035
300.55212
300.55345
300.55437
300.5549
300.55506
300.5549
300.55444
300.55373
300.55278
300.55165
300.55035
300.54892
300.54738
300.54577
300.54411
300.54241
300.54068
300.53895
300.53721
300.53548
300.53375
300.53204
300.53035
300.52867
300.52701
300.52536
300.52374
300.52213
300.52053
300.51895
300.51738
300.51581
300.51426
300.51272
300.51117
300.50964
300.5081
300.50656
300.50502
300.50347
300.50191
300.50033
300.49874
300.49712
300.49548
300.49382
300.49213
300.49041
300.48866
300.48688
300.48507
300.48322
300.48134
300.47943
300.47749
300.47551
300.47352
300.4715
300.46946
300.46741
300.46535
300.4633
300.46125
300.45921
300.45718
300.45517
300.45318
300.45121
300.44926
300.44735
300.44547
300.44362
300.4418
300.44002
300.43826
300.43653
300.43482
300.43313
300.43147
300.42982
300.42819
300.42658
300.42499
300.42341
300.42185
300.4203
300.41876
300.41723
300.41572
300.41422
300.41273
300.41125
300.40977
300.40831
300.40684
300.40539
300.40393
300.40248
300.40102
300.39956
300.39809
300.39661
300.39511
300.3936
300.39208
300.39054
300.38899
300.38743
300.38587
300.38428
300.38283
300.38043
300.00007
300.00016
300.00027
300.00038
300.00048
300.00059
300.0007
300.00081
300.00092
300.00103
300.00114
300.00125
300.00136
300.00147
300.00158
300.00169
300.0018
300.00191
300.00202
300.00213
300.00224
300.00236
300.00247
300.00258
300.00269
300.00281
300.00292
300.00303
300.00315
300.00326
300.00337
300.00349
300.0036
300.00372
300.00383
300.00395
300.00406
300.00418
300.00429
300.00441
300.00453
300.00464
300.00476
300.00488
300.005
300.00511
300.00523
300.00535
300.00547
300.00559
300.00571
300.00583
300.00595
300.00607
300.00619
300.00631
300.00643
300.00655
300.00668
300.0068
300.00692
300.00704
300.00717
300.00729
300.00741
300.00754
300.00766
300.00779
300.00791
300.00804
300.00816
300.00829
300.00842
300.00854
300.00867
300.0088
300.00893
300.00906
300.00919
300.00932
300.00945
300.00958
300.00971
300.00984
300.00997
300.0101
300.01023
300.01037
300.0105
300.01063
300.01077
300.0109
300.01104
300.01117
300.01131
300.01144
300.01158
300.01172
300.01185
300.01199
300.01213
300.01227
300.01241
300.01255
300.01269
300.01283
300.01297
300.01312
300.01326
300.0134
300.01354
300.01369
300.01383
300.01398
300.01412
300.01427
300.01442
300.01456
300.01471
300.01486
300.01501
300.01516
300.01531
300.01546
300.01561
300.01576
300.01592
300.01607
300.01622
300.01638
300.01653
300.01669
300.01685
300.017
300.01716
300.01732
300.01748
300.01764
300.0178
300.01796
300.01812
300.01828
300.01845
300.01861
300.01877
300.01894
300.0191
300.01927
300.01944
300.01961
300.01978
300.01994
300.02011
300.02029
300.02046
300.02063
300.0208
300.02098
300.02115
300.02132
300.0215
300.02168
300.02185
300.02203
300.02221
300.02239
300.02257
300.02275
300.02294
300.02312
300.0233
300.02349
300.02367
300.02386
300.02405
300.02424
300.02443
300.02462
300.02481
300.025
300.02519
300.02539
300.02558
300.02578
300.02597
300.02617
300.02637
300.02657
300.02677
300.02697
300.02717
300.02737
300.02758
300.02778
300.02799
300.0282
300.0284
300.02861
300.02882
300.02904
300.02925
300.02946
300.02968
300.02989
300.03011
300.03032
300.03054
300.03076
300.03098
300.03121
300.03143
300.03166
300.03188
300.03211
300.03234
300.03257
300.0328
300.03303
300.03326
300.0335
300.03373
300.03397
300.03421
300.03445
300.03469
300.03493
300.03517
300.03542
300.03567
300.03591
300.03616
300.03641
300.03666
300.03692
300.03717
300.03743
300.03768
300.03794
300.0382
300.03847
300.03873
300.03899
300.03926
300.03953
300.0398
300.04007
300.04034
300.04062
300.04089
300.04117
300.04145
300.04173
300.04201
300.0423
300.04258
300.04287
300.04316
300.04345
300.04375
300.04404
300.04434
300.04463
300.04493
300.04524
300.04554
300.04585
300.04615
300.04646
300.04678
300.04709
300.0474
300.04772
300.04804
300.04836
300.04869
300.04901
300.04934
300.04967
300.05001
300.05034
300.05068
300.05102
300.05136
300.0517
300.05205
300.0524
300.05275
300.0531
300.05346
300.05382
300.05418
300.05454
300.05491
300.05528
300.05565
300.05602
300.0564
300.05677
300.05716
300.05754
300.05793
300.05832
300.05871
300.0591
300.0595
300.0599
300.0603
300.06071
300.06112
300.06153
300.06195
300.06236
300.06278
300.0632
300.06363
300.06405
300.06448
300.06491
300.06534
300.06578
300.06621
300.06665
300.06709
300.06753
300.06798
300.06842
300.06887
300.06932
300.06977
300.07023
300.07068
300.07114
300.07159
300.07205
300.07251
300.07297
300.07343
300.07389
300.07434
300.07484
300.07533
300.07578
300.07623
300.07671
300.07717
300.07761
300.07808
300.07855
300.07903
300.0795
300.07998
300.08046
300.08094
300.08141
300.0819
300.08238
300.08287
300.08336
300.08386
300.08436
300.08487
300.08537
300.08589
300.08641
300.08694
300.08747
300.08801
300.08855
300.08911
300.08967
300.09023
300.09081
300.09139
300.09198
300.09258
300.09319
300.0938
300.09443
300.09506
300.0957
300.09636
300.09702
300.09769
300.09837
300.09907
300.09977
300.10049
300.10121
300.10195
300.1027
300.10347
300.10424
300.10503
300.10583
300.10664
300.10746
300.1083
300.10915
300.11001
300.11089
300.11178
300.11268
300.11359
300.11452
300.11546
300.11642
300.11738
300.11836
300.11935
300.12036
300.12138
300.12244
300.12354
300.12461
300.12568
300.12677
300.12787
300.12899
300.13012
300.13126
300.13243
300.13361
300.13474
300.13593
300.13717
300.13842
300.13967
300.14093
300.1422
300.14349
300.14479
300.14611
300.14744
300.14879
300.15016
300.15154
300.15294
300.15436
300.1558
300.15726
300.15874
300.16024
300.16177
300.16332
300.16489
300.16648
300.16811
300.16976
300.17144
300.17316
300.1749
300.17668
300.17849
300.18034
300.18223
300.18415
300.18611
300.1881
300.19013
300.1922
300.1943
300.19643
300.19859
300.20076
300.20296
300.20516
300.20738
300.20959
300.21179
300.21397
300.21613
300.21825
300.22033
300.22235
300.22432
300.22622
300.22804
300.22979
300.23144
300.23301
300.23448
300.23586
300.23714
300.23831
300.23939
300.2404
300.24131
300.24211
300.24278
300.2434
300.24416
300.24468
300.24499
300.24536
300.24572
300.24603
300.24631
300.24655
300.24676
300.24695
300.24713
300.24729
300.24745
300.2476
300.24776
300.24792
300.2481
300.24828
300.24846
300.24865
300.24897
300.24926
300.24945
300.24971
300.25003
300.25036
300.25072
300.2511
300.2515
300.25192
300.25235
300.25281
300.25328
300.25378
300.25429
300.25482
300.25537
300.25593
300.25652
300.25711
300.25772
300.25834
300.25897
300.25962
300.26027
300.26094
300.26161
300.26229
300.26298
300.26367
300.26438
300.26508
300.26579
300.26651
300.26724
300.26797
300.26869
300.26951
300.27044
300.27101
300.27163
300.27246
300.2733
300.27416
300.27506
300.276
300.277
300.27807
300.27924
300.28049
300.28187
300.28339
300.28507
300.28694
300.289
300.29127
300.29378
300.29653
300.29951
300.30273
300.30616
300.31035
300.31868
300.32776
300.33061
300.33514
300.34146
300.3485
300.35589
300.36354
300.37142
300.37948
300.38769
300.39601
300.4044
300.41282
300.42124
300.42963
300.43799
300.4463
300.45456
300.46274
300.47082
300.47875
300.4865
300.49401
300.50124
300.50812
300.5146
300.52065
300.52622
300.53131
300.53589
300.53995
300.54348
300.54651
300.54904
300.55109
300.5527
300.55388
300.55467
300.55509
300.55517
300.55494
300.55443
300.55368
300.55271
300.55156
300.55025
300.54882
300.54729
300.54568
300.54401
300.5423
300.54058
300.53884
300.53711
300.53538
300.53366
300.53196
300.53028
300.52861
300.52696
300.52533
300.52371
300.52211
300.52052
300.51895
300.51739
300.51583
300.51428
300.51274
300.5112
300.50966
300.50811
300.50657
300.50501
300.50344
300.50186
300.50026
300.49864
300.49699
300.49532
300.49363
300.49191
300.49017
300.48841
300.48661
300.4848
300.48296
300.48109
300.4792
300.47729
300.47535
300.4734
300.47144
300.46947
300.46749
300.46551
300.46353
300.46155
300.45958
300.45762
300.45567
300.45373
300.45181
300.4499
300.44802
300.44615
300.44431
300.44249
300.4407
300.43894
300.4372
300.43548
300.43378
300.4321
300.43044
300.4288
300.42718
300.42557
300.42398
300.4224
300.42084
300.41929
300.41775
300.41622
300.4147
300.41319
300.4117
300.41021
300.40872
300.40724
300.40576
300.40429
300.40281
300.40132
300.39982
300.39831
300.39679
300.39525
300.3937
300.39214
300.39057
300.38899
300.3874
300.38582
300.38421
300.38275
300.38035
300.00007
300.00016
300.00027
300.00038
300.00048
300.00059
300.0007
300.00081
300.00092
300.00103
300.00114
300.00125
300.00136
300.00147
300.00158
300.00169
300.0018
300.00191
300.00202
300.00213
300.00224
300.00235
300.00247
300.00258
300.00269
300.0028
300.00292
300.00303
300.00314
300.00326
300.00337
300.00348
300.0036
300.00371
300.00383
300.00394
300.00406
300.00417
300.00429
300.00441
300.00452
300.00464
300.00476
300.00487
300.00499
300.00511
300.00523
300.00534
300.00546
300.00558
300.0057
300.00582
300.00594
300.00606
300.00618
300.0063
300.00642
300.00655
300.00667
300.00679
300.00691
300.00704
300.00716
300.00728
300.00741
300.00753
300.00766
300.00778
300.00791
300.00803
300.00816
300.00829
300.00841
300.00854
300.00867
300.0088
300.00893
300.00906
300.00919
300.00932
300.00945
300.00958
300.00971
300.00984
300.00998
300.01011
300.01024
300.01038
300.01051
300.01064
300.01078
300.01092
300.01105
300.01119
300.01133
300.01146
300.0116
300.01174
300.01188
300.01202
300.01216
300.0123
300.01244
300.01259
300.01273
300.01287
300.01302
300.01316
300.01331
300.01345
300.0136
300.01374
300.01389
300.01404
300.01419
300.01434
300.01449
300.01464
300.01479
300.01494
300.01509
300.01525
300.0154
300.01555
300.01571
300.01587
300.01602
300.01618
300.01634
300.01649
300.01665
300.01681
300.01697
300.01713
300.0173
300.01746
300.01762
300.01779
300.01795
300.01812
300.01828
300.01845
300.01862
300.01878
300.01895
300.01912
300.01929
300.01946
300.01964
300.01981
300.01998
300.02016
300.02033
300.02051
300.02068
300.02086
300.02104
300.02122
300.0214
300.02158
300.02176
300.02194
300.02213
300.02231
300.0225
300.02268
300.02287
300.02306
300.02324
300.02343
300.02362
300.02381
300.02401
300.0242
300.02439
300.02459
300.02478
300.02498
300.02518
300.02538
300.02558
300.02578
300.02598
300.02618
300.02638
300.02659
300.02679
300.027
300.02721
300.02742
300.02763
300.02784
300.02805
300.02826
300.02848
300.02869
300.02891
300.02913
300.02935
300.02956
300.02979
300.03001
300.03023
300.03045
300.03068
300.0309
300.03113
300.03136
300.03159
300.03182
300.03205
300.03229
300.03252
300.03276
300.033
300.03324
300.03348
300.03372
300.03396
300.03421
300.03445
300.0347
300.03495
300.0352
300.03545
300.0357
300.03596
300.03621
300.03647
300.03673
300.03699
300.03725
300.03751
300.03777
300.03804
300.03831
300.03858
300.03885
300.03912
300.03939
300.03967
300.03995
300.04023
300.04051
300.04079
300.04107
300.04136
300.04164
300.04193
300.04222
300.04252
300.04281
300.0431
300.0434
300.0437
300.044
300.0443
300.04461
300.04492
300.04523
300.04554
300.04585
300.04616
300.04648
300.0468
300.04712
300.04744
300.04776
300.04809
300.04842
300.04875
300.04908
300.04942
300.04975
300.05009
300.05044
300.05078
300.05113
300.05147
300.05183
300.05218
300.05254
300.05289
300.05326
300.05362
300.05399
300.05435
300.05472
300.0551
300.05547
300.05585
300.05624
300.05662
300.05701
300.0574
300.05779
300.05819
300.05859
300.05899
300.05939
300.0598
300.06021
300.06063
300.06105
300.06147
300.06189
300.06231
300.06274
300.06318
300.06361
300.06405
300.0645
300.06494
300.06539
300.06584
300.06629
300.06674
300.0672
300.06766
300.06812
300.06858
300.06904
300.06951
300.06998
300.07045
300.07092
300.07139
300.07187
300.07234
300.07282
300.0733
300.07377
300.07425
300.07473
300.07521
300.07567
300.07618
300.0767
300.07717
300.07767
300.07811
300.07854
300.07902
300.0795
300.07998
300.08045
300.08092
300.08139
300.08186
300.08233
300.0828
300.08328
300.08375
300.08422
300.08469
300.08517
300.08564
300.08612
300.08661
300.08709
300.08758
300.08808
300.08857
300.08908
300.08959
300.0901
300.09063
300.09115
300.09169
300.09223
300.09278
300.09334
300.09391
300.09448
300.09507
300.09566
300.09626
300.09687
300.09749
300.09812
300.09876
300.09941
300.10008
300.10075
300.10144
300.10213
300.10285
300.10357
300.10431
300.10506
300.10582
300.1066
300.10739
300.10819
300.10901
300.10985
300.1107
300.11156
300.11244
300.11333
300.11424
300.11516
300.1161
300.11705
300.11802
300.119
300.12
300.12101
300.12204
300.12308
300.12419
300.12533
300.12643
300.12754
300.12867
300.12981
300.13096
300.13216
300.13334
300.13448
300.13573
300.13701
300.13829
300.13959
300.14091
300.14224
300.1436
300.14497
300.14636
300.14777
300.1492
300.15066
300.15213
300.15363
300.15515
300.1567
300.15827
300.15987
300.16149
300.16314
300.16483
300.16654
300.16828
300.17006
300.17187
300.17372
300.17561
300.17754
300.17952
300.18154
300.1836
300.18571
300.18788
300.19009
300.19235
300.19467
300.19703
300.19944
300.20191
300.20441
300.20695
300.20953
300.21214
300.21477
300.21741
300.22006
300.2227
300.22532
300.22792
300.23047
300.23296
300.23539
300.23775
300.24001
300.24218
300.24424
300.24618
300.248
300.2497
300.25127
300.25269
300.254
300.2552
300.25618
300.25701
300.25803
300.25871
300.25902
300.25944
300.25979
300.26008
300.26028
300.26038
300.26042
300.26039
300.26032
300.26021
300.26007
300.2599
300.25971
300.2595
300.25929
300.25908
300.25887
300.25867
300.25848
300.25831
300.25815
300.25801
300.25791
300.25784
300.25779
300.25776
300.25776
300.25779
300.25784
300.2579
300.25811
300.25829
300.25841
300.25861
300.25885
300.25913
300.25942
300.25974
300.26009
300.26046
300.26085
300.26126
300.26169
300.26214
300.26261
300.26309
300.26359
300.26411
300.26464
300.26518
300.26573
300.2663
300.26687
300.26746
300.26806
300.26865
300.26924
300.26989
300.27067
300.27128
300.27174
300.27242
300.27316
300.27388
300.27462
300.27539
300.2762
300.27707
300.278
300.27901
300.28011
300.28128
300.28258
300.28402
300.28561
300.28737
300.28932
300.29147
300.29383
300.29642
300.29924
300.30228
300.30554
300.30911
300.31442
300.32505
300.33045
300.33333
300.33893
300.34552
300.3526
300.35997
300.36757
300.37538
300.38337
300.39149
300.3997
300.40796
300.41622
300.42446
300.43266
300.44082
300.44892
300.45697
300.46495
300.47285
300.48064
300.48828
300.49572
300.5029
300.50977
300.51625
300.52228
300.52782
300.53284
300.53732
300.54125
300.54465
300.54752
300.5499
300.5518
300.55326
300.55431
300.55497
300.55528
300.55526
300.55496
300.5544
300.55361
300.55263
300.55146
300.55016
300.54873
300.5472
300.5456
300.54394
300.54224
300.54051
300.53878
300.53704
300.53532
300.5336
300.53191
300.53023
300.52857
300.52692
300.5253
300.52369
300.5221
300.52052
300.51895
300.51739
300.51584
300.51429
300.51275
300.51121
300.50966
300.50811
300.50654
300.50497
300.50338
300.50177
300.50014
300.49849
300.49681
300.49512
300.4934
300.49166
300.4899
300.48813
300.48633
300.48452
300.4827
300.48086
300.47901
300.47714
300.47527
300.47339
300.4715
300.4696
300.46771
300.46581
300.46391
300.46201
300.46012
300.45823
300.45634
300.45446
300.45259
300.45073
300.44888
300.44703
300.4452
300.44339
300.44159
300.43981
300.43806
300.43632
300.43461
300.43291
300.43124
300.42958
300.42794
300.42631
300.4247
300.4231
300.42152
300.41994
300.41838
300.41684
300.4153
300.41377
300.41225
300.41074
300.40923
300.40772
300.40621
300.4047
300.40319
300.40166
300.40012
300.39857
300.39701
300.39543
300.39384
300.39225
300.39065
300.38905
300.38745
300.38586
300.38424
300.38278
300.38039
300.00007
300.00016
300.00027
300.00038
300.00048
300.00059
300.0007
300.00081
300.00092
300.00103
300.00114
300.00125
300.00136
300.00147
300.00158
300.00169
300.0018
300.00191
300.00202
300.00213
300.00224
300.00235
300.00246
300.00257
300.00269
300.0028
300.00291
300.00302
300.00314
300.00325
300.00336
300.00348
300.00359
300.00371
300.00382
300.00394
300.00405
300.00417
300.00428
300.0044
300.00451
300.00463
300.00475
300.00487
300.00498
300.0051
300.00522
300.00534
300.00546
300.00558
300.0057
300.00582
300.00594
300.00606
300.00618
300.0063
300.00642
300.00654
300.00666
300.00679
300.00691
300.00703
300.00716
300.00728
300.00741
300.00753
300.00766
300.00778
300.00791
300.00804
300.00817
300.00829
300.00842
300.00855
300.00868
300.00881
300.00894
300.00907
300.0092
300.00934
300.00947
300.0096
300.00973
300.00987
300.01
300.01014
300.01027
300.01041
300.01055
300.01068
300.01082
300.01096
300.0111
300.01124
300.01138
300.01152
300.01166
300.0118
300.01195
300.01209
300.01223
300.01238
300.01252
300.01267
300.01282
300.01296
300.01311
300.01326
300.01341
300.01356
300.01371
300.01386
300.01401
300.01416
300.01432
300.01447
300.01463
300.01478
300.01494
300.01509
300.01525
300.01541
300.01557
300.01573
300.01589
300.01605
300.01621
300.01637
300.01653
300.0167
300.01686
300.01703
300.01719
300.01736
300.01753
300.0177
300.01787
300.01804
300.01821
300.01838
300.01855
300.01872
300.0189
300.01907
300.01925
300.01942
300.0196
300.01978
300.01996
300.02014
300.02032
300.0205
300.02068
300.02087
300.02105
300.02123
300.02142
300.02161
300.02179
300.02198
300.02217
300.02236
300.02255
300.02275
300.02294
300.02313
300.02333
300.02352
300.02372
300.02392
300.02411
300.02431
300.02451
300.02472
300.02492
300.02512
300.02533
300.02553
300.02574
300.02595
300.02616
300.02637
300.02658
300.02679
300.027
300.02722
300.02743
300.02765
300.02787
300.02808
300.0283
300.02853
300.02875
300.02897
300.0292
300.02942
300.02965
300.02988
300.03011
300.03034
300.03057
300.0308
300.03103
300.03127
300.03151
300.03174
300.03198
300.03222
300.03246
300.03271
300.03295
300.0332
300.03345
300.03369
300.03394
300.0342
300.03445
300.0347
300.03496
300.03522
300.03548
300.03574
300.036
300.03626
300.03653
300.03679
300.03706
300.03733
300.0376
300.03787
300.03815
300.03842
300.0387
300.03898
300.03926
300.03954
300.03983
300.04011
300.0404
300.04069
300.04098
300.04128
300.04157
300.04187
300.04217
300.04247
300.04277
300.04307
300.04338
300.04368
300.04399
300.0443
300.04461
300.04493
300.04524
300.04556
300.04588
300.04621
300.04653
300.04686
300.04719
300.04752
300.04785
300.04818
300.04852
300.04886
300.0492
300.04954
300.04989
300.05023
300.05058
300.05094
300.05129
300.05165
300.05201
300.05237
300.05273
300.0531
300.05347
300.05384
300.05422
300.05459
300.05497
300.05536
300.05574
300.05613
300.05652
300.05692
300.05731
300.05771
300.05812
300.05852
300.05893
300.05934
300.05976
300.06018
300.0606
300.06102
300.06145
300.06188
300.06232
300.06276
300.0632
300.06364
300.06409
300.06455
300.065
300.06546
300.06593
300.06639
300.06687
300.06734
300.06782
300.0683
300.06878
300.06926
300.06975
300.07024
300.07073
300.07123
300.07172
300.07222
300.07272
300.07322
300.07372
300.07422
300.07473
300.07523
300.07574
300.07624
300.07675
300.07725
300.07775
300.07823
300.07879
300.07933
300.07985
300.08031
300.08074
300.08123
300.08173
300.08222
300.0827
300.08318
300.08366
300.08413
300.0846
300.08506
300.08553
300.08599
300.08645
300.0869
300.08736
300.08782
300.08827
300.08873
300.08918
300.08964
300.0901
300.09056
300.09103
300.0915
300.09197
300.09245
300.09293
300.09342
300.09392
300.09442
300.09493
300.09545
300.09598
300.09651
300.09705
300.0976
300.09817
300.09874
300.09932
300.09991
300.10051
300.10112
300.10174
300.10238
300.10303
300.10369
300.10437
300.10506
300.10576
300.10648
300.10722
300.10797
300.10873
300.10951
300.11031
300.11112
300.11195
300.1128
300.11366
300.11454
300.11544
300.11636
300.11729
300.11824
300.11921
300.12019
300.1212
300.12222
300.12326
300.12431
300.1254
300.12658
300.12776
300.1289
300.13005
300.13121
300.13242
300.13363
300.13478
300.13605
300.13737
300.1387
300.14005
300.14142
300.14281
300.14423
300.14567
300.14714
300.14864
300.15016
300.15171
300.15328
300.15489
300.15652
300.15819
300.15988
300.16161
300.16336
300.16516
300.16698
300.16885
300.17075
300.17269
300.17467
300.17669
300.17877
300.18088
300.18305
300.18527
300.18755
300.18988
300.19227
300.19472
300.19724
300.19981
300.20245
300.20516
300.20793
300.21075
300.21364
300.21657
300.21955
300.22257
300.22562
300.22869
300.23177
300.23485
300.23791
300.24094
300.24392
300.24684
300.24968
300.25243
300.25507
300.25759
300.25998
300.26222
300.2643
300.26622
300.26799
300.26961
300.27106
300.27225
300.27337
300.27457
300.27523
300.27564
300.27614
300.27653
300.27677
300.27687
300.27687
300.27676
300.27657
300.2763
300.27595
300.27555
300.2751
300.2746
300.27408
300.27353
300.27296
300.27238
300.2718
300.27122
300.27065
300.2701
300.26956
300.26905
300.26856
300.2681
300.26768
300.26729
300.26694
300.26662
300.26634
300.2661
300.26589
300.26572
300.2656
300.26552
300.26546
300.26542
300.26543
300.26555
300.26561
300.26571
300.26586
300.26604
300.26625
300.26649
300.26675
300.26703
300.26734
300.26766
300.26801
300.26838
300.26876
300.26916
300.26957
300.27
300.27044
300.27091
300.27145
300.27197
300.27232
300.27278
300.27338
300.27396
300.27452
300.2751
300.27571
300.27637
300.27706
300.2778
300.2786
300.27946
300.28043
300.28146
300.28255
300.28378
300.28516
300.28669
300.28838
300.29024
300.2923
300.29456
300.29702
300.2997
300.3026
300.30571
300.30903
300.31317
300.32179
300.33012
300.33287
300.3375
300.34364
300.3504
300.35747
300.3648
300.37234
300.38009
300.38801
300.39604
300.40414
300.41228
300.4204
300.42848
300.43651
300.44447
300.45236
300.46018
300.46791
300.47556
300.48311
300.49053
300.49777
300.50478
300.5115
300.51787
300.52381
300.52925
300.53416
300.53853
300.54234
300.54562
300.54837
300.55062
300.5524
300.55374
300.55466
300.55522
300.55543
300.55533
300.55497
300.55436
300.55354
300.55253
300.55136
300.55006
300.54864
300.54713
300.54554
300.5439
300.54222
300.5405
300.53877
300.53704
300.53531
300.5336
300.5319
300.53022
300.52857
300.52693
300.52531
300.5237
300.52211
300.52053
300.51897
300.51741
300.51586
300.51431
300.51276
300.5112
300.50964
300.50807
300.50649
300.50489
300.50327
300.50163
300.49997
300.49829
300.49659
300.49487
300.49313
300.49138
300.48962
300.48784
300.48605
300.48426
300.48247
300.48067
300.47887
300.47708
300.47528
300.47348
300.47167
300.46986
300.46805
300.46624
300.46442
300.4626
300.46078
300.45896
300.45714
300.45532
300.4535
300.45168
300.44986
300.44805
300.44624
300.44444
300.44264
300.44086
300.43908
300.43733
300.43559
300.43387
300.43217
300.43049
300.42882
300.42717
300.42553
300.42391
300.4223
300.4207
300.41911
300.41754
300.41598
300.41442
300.41287
300.41133
300.40979
300.40825
300.40671
300.40515
300.40359
300.40202
300.40044
300.39885
300.39725
300.39564
300.39403
300.39241
300.39079
300.38918
300.38757
300.38598
300.38438
300.38293
300.38056
300.00007
300.00016
300.00027
300.00038
300.00048
300.00059
300.0007
300.00081
300.00092
300.00103
300.00114
300.00124
300.00135
300.00146
300.00157
300.00168
300.00179
300.0019
300.00201
300.00213
300.00224
300.00235
300.00246
300.00257
300.00268
300.00279
300.00291
300.00302
300.00314
300.00324
300.00336
300.00347
300.00359
300.0037
300.00381
300.00393
300.00405
300.00416
300.00428
300.00439
300.00451
300.00463
300.00474
300.00486
300.00498
300.0051
300.00521
300.00533
300.00545
300.00557
300.00569
300.00581
300.00593
300.00606
300.00618
300.0063
300.00642
300.00655
300.00667
300.00679
300.00692
300.00704
300.00717
300.0073
300.00742
300.00755
300.00768
300.00781
300.00793
300.00806
300.00819
300.00832
300.00846
300.00859
300.00872
300.00885
300.00899
300.00912
300.00925
300.00939
300.00953
300.00966
300.0098
300.00994
300.01008
300.01022
300.01035
300.0105
300.01064
300.01078
300.01092
300.01106
300.01121
300.01135
300.0115
300.01164
300.01179
300.01194
300.01208
300.01223
300.01238
300.01253
300.01268
300.01283
300.01299
300.01314
300.01329
300.01345
300.0136
300.01376
300.01391
300.01407
300.01423
300.01439
300.01455
300.01471
300.01487
300.01503
300.01519
300.01536
300.01552
300.01569
300.01585
300.01602
300.01619
300.01636
300.01653
300.0167
300.01687
300.01704
300.01721
300.01738
300.01756
300.01773
300.01791
300.01808
300.01826
300.01844
300.01862
300.0188
300.01898
300.01916
300.01934
300.01953
300.01971
300.0199
300.02008
300.02027
300.02046
300.02065
300.02084
300.02103
300.02122
300.02141
300.02161
300.0218
300.022
300.02219
300.02239
300.02259
300.02279
300.02299
300.02319
300.02339
300.0236
300.0238
300.02401
300.02421
300.02442
300.02463
300.02484
300.02505
300.02526
300.02547
300.02569
300.0259
300.02612
300.02634
300.02655
300.02677
300.02699
300.02722
300.02744
300.02766
300.02789
300.02812
300.02834
300.02857
300.0288
300.02904
300.02927
300.0295
300.02974
300.02998
300.03022
300.03045
300.03069
300.03094
300.03118
300.03142
300.03167
300.03192
300.03216
300.03241
300.03266
300.03292
300.03317
300.03343
300.03368
300.03394
300.0342
300.03447
300.03473
300.03499
300.03526
300.03553
300.0358
300.03607
300.03634
300.03662
300.03689
300.03717
300.03745
300.03773
300.03801
300.0383
300.03858
300.03887
300.03916
300.03945
300.03974
300.04004
300.04033
300.04063
300.04093
300.04123
300.04154
300.04184
300.04215
300.04246
300.04277
300.04309
300.0434
300.04372
300.04404
300.04436
300.04468
300.045
300.04533
300.04566
300.04599
300.04632
300.04665
300.04699
300.04732
300.04766
300.04801
300.04835
300.0487
300.04905
300.0494
300.04975
300.05011
300.05046
300.05082
300.05118
300.05155
300.05191
300.05228
300.05265
300.05303
300.0534
300.05378
300.05416
300.05455
300.05493
300.05532
300.05571
300.05611
300.05651
300.05691
300.05731
300.05772
300.05813
300.05854
300.05896
300.05938
300.0598
300.06023
300.06066
300.06109
300.06153
300.06197
300.06241
300.06285
300.0633
300.06376
300.06421
300.06467
300.06514
300.06561
300.06608
300.06656
300.06704
300.06753
300.06802
300.06851
300.06901
300.06951
300.07002
300.07053
300.07105
300.07156
300.07208
300.07261
300.07313
300.07366
300.07419
300.07473
300.07526
300.0758
300.07634
300.07688
300.07742
300.07796
300.0785
300.07905
300.07959
300.08013
300.08067
300.08119
300.08171
300.08232
300.0829
300.08344
300.08386
300.08436
300.08488
300.0854
300.0859
300.0864
300.08689
300.08737
300.08785
300.08832
300.08879
300.08924
300.0897
300.09014
300.09059
300.09102
300.09146
300.09189
300.09231
300.09274
300.09316
300.09358
300.09401
300.09443
300.09486
300.09528
300.09572
300.09615
300.09659
300.09704
300.09749
300.09795
300.09842
300.09889
300.09937
300.09987
300.10037
300.10087
300.10139
300.10192
300.10246
300.10301
300.10358
300.10415
300.10474
300.10535
300.10596
300.10659
300.10724
300.1079
300.10858
300.10928
300.10999
300.11072
300.11147
300.11224
300.11302
300.11383
300.11465
300.1155
300.11636
300.11724
300.11815
300.11907
300.12002
300.12099
300.12197
300.12298
300.12401
300.12507
300.12614
300.12723
300.12839
300.12965
300.13086
300.13204
300.13325
300.1345
300.13567
300.13692
300.13828
300.13966
300.14106
300.14249
300.14394
300.14543
300.14694
300.14849
300.15007
300.15168
300.15332
300.15501
300.15672
300.15847
300.16026
300.16209
300.16395
300.16585
300.1678
300.16978
300.1718
300.17387
300.17599
300.17814
300.18035
300.18261
300.18492
300.18728
300.1897
300.19218
300.19472
300.19733
300.2
300.20274
300.20555
300.20843
300.21139
300.21441
300.21751
300.22068
300.22391
300.2272
300.23054
300.23393
300.23736
300.24081
300.24426
300.24771
300.25115
300.25456
300.25792
300.2612
300.26439
300.26747
300.27042
300.27323
300.27589
300.27839
300.28072
300.28284
300.28476
300.28644
300.28795
300.28944
300.2907
300.29157
300.29216
300.29281
300.29332
300.29365
300.2938
300.29381
300.29369
300.29344
300.29309
300.29263
300.29209
300.29147
300.29078
300.29003
300.28924
300.28841
300.28755
300.28666
300.28577
300.28486
300.28396
300.28307
300.28219
300.28132
300.28049
300.27967
300.2789
300.27815
300.27744
300.27678
300.27615
300.27557
300.27503
300.27454
300.27409
300.27368
300.27332
300.273
300.27273
300.27249
300.2723
300.27216
300.27205
300.27197
300.27191
300.27192
300.27198
300.27202
300.2721
300.27222
300.27236
300.27253
300.27272
300.27293
300.27318
300.27345
300.27369
300.27394
300.27426
300.27462
300.27499
300.27535
300.27571
300.2761
300.27653
300.27699
300.27748
300.278
300.27856
300.27917
300.27984
300.28057
300.28139
300.28231
300.28325
300.28428
300.28548
300.28682
300.28831
300.28996
300.29177
300.29377
300.29595
300.29833
300.30091
300.3037
300.30669
300.30987
300.31346
300.31989
300.32975
300.33337
300.33701
300.34279
300.34922
300.35601
300.36306
300.37034
300.37783
300.38552
300.39336
300.4013
300.4093
300.41732
300.42531
300.43325
300.44111
300.44889
300.45656
300.46414
300.47161
300.47897
300.48621
300.49332
300.50025
300.50697
300.51343
300.51956
300.5253
300.53059
300.53536
300.5396
300.5433
300.54645
300.54909
300.55122
300.55289
300.55412
300.55495
300.55542
300.55555
300.55539
300.55496
300.55431
300.55346
300.55244
300.55128
300.54998
300.54858
300.54709
300.54552
300.5439
300.54224
300.54055
300.53884
300.53711
300.53539
300.53368
300.53197
300.53029
300.52863
300.52699
300.52536
300.52375
300.52216
300.52058
300.519
300.51744
300.51587
300.51431
300.51275
300.51118
300.5096
300.508
300.50639
300.50476
300.50311
300.50144
300.49975
300.49805
300.49632
300.49458
300.49284
300.49108
300.48932
300.48755
300.48579
300.48403
300.48227
300.48052
300.47878
300.47704
300.47531
300.47358
300.47185
300.47012
300.4684
300.46667
300.46493
300.46319
300.46145
300.4597
300.45794
300.45618
300.45442
300.45265
300.45088
300.4491
300.44732
300.44554
300.44376
300.44198
300.44021
300.43844
300.43669
300.43494
300.43321
300.43149
300.42979
300.42811
300.42644
300.42478
300.42314
300.42152
300.4199
300.4183
300.4167
300.41512
300.41354
300.41196
300.41038
300.4088
300.40722
300.40562
300.40402
300.40241
300.40079
300.39917
300.39754
300.39591
300.39427
300.39264
300.39102
300.38941
300.38781
300.38623
300.38464
300.38321
300.38087
300.00007
300.00016
300.00027
300.00038
300.00048
300.00059
300.0007
300.00081
300.00092
300.00103
300.00113
300.00124
300.00135
300.00146
300.00157
300.00168
300.00179
300.0019
300.00201
300.00212
300.00223
300.00234
300.00245
300.00256
300.00268
300.00279
300.0029
300.00301
300.00313
300.00324
300.00335
300.00347
300.00358
300.0037
300.00381
300.00392
300.00404
300.00416
300.00427
300.00439
300.00451
300.00462
300.00474
300.00486
300.00498
300.0051
300.00522
300.00534
300.00546
300.00558
300.0057
300.00583
300.00595
300.00607
300.0062
300.00632
300.00645
300.00657
300.0067
300.00683
300.00696
300.00709
300.00721
300.00734
300.00747
300.00761
300.00774
300.00787
300.008
300.00814
300.00827
300.00841
300.00854
300.00868
300.00882
300.00895
300.00909
300.00923
300.00937
300.00951
300.00966
300.0098
300.00994
300.01008
300.01023
300.01037
300.01052
300.01067
300.01082
300.01096
300.01111
300.01126
300.01141
300.01156
300.01172
300.01187
300.01202
300.01218
300.01233
300.01249
300.01265
300.0128
300.01296
300.01312
300.01328
300.01344
300.01361
300.01377
300.01393
300.0141
300.01426
300.01443
300.0146
300.01476
300.01493
300.0151
300.01527
300.01544
300.01561
300.01579
300.01596
300.01614
300.01631
300.01649
300.01667
300.01684
300.01702
300.0172
300.01738
300.01756
300.01775
300.01793
300.01812
300.0183
300.01849
300.01868
300.01886
300.01905
300.01924
300.01943
300.01963
300.01982
300.02001
300.02021
300.0204
300.0206
300.0208
300.021
300.0212
300.0214
300.0216
300.0218
300.02201
300.02221
300.02242
300.02262
300.02283
300.02304
300.02325
300.02346
300.02367
300.02389
300.0241
300.02432
300.02454
300.02475
300.02497
300.02519
300.02541
300.02564
300.02586
300.02608
300.02631
300.02654
300.02677
300.027
300.02723
300.02746
300.02769
300.02793
300.02816
300.0284
300.02864
300.02888
300.02912
300.02936
300.02961
300.02985
300.0301
300.03035
300.0306
300.03085
300.0311
300.03136
300.03161
300.03187
300.03213
300.03239
300.03265
300.03291
300.03317
300.03344
300.0337
300.03397
300.03424
300.03451
300.03479
300.03506
300.03534
300.03562
300.0359
300.03618
300.03646
300.03675
300.03704
300.03732
300.03761
300.03791
300.0382
300.0385
300.03879
300.03909
300.0394
300.0397
300.04
300.04031
300.04062
300.04093
300.04124
300.04156
300.04187
300.04219
300.04251
300.04283
300.04316
300.04348
300.04381
300.04414
300.04448
300.04481
300.04515
300.04549
300.04583
300.04617
300.04651
300.04686
300.04721
300.04756
300.04791
300.04827
300.04862
300.04898
300.04934
300.0497
300.05006
300.05043
300.0508
300.05117
300.05155
300.05192
300.0523
300.05268
300.05307
300.05345
300.05384
300.05423
300.05462
300.05502
300.05541
300.05581
300.05622
300.05662
300.05703
300.05744
300.05785
300.05827
300.05869
300.05911
300.05954
300.05997
300.0604
300.06084
300.06128
300.06172
300.06217
300.06262
300.06307
300.06353
300.06399
300.06446
300.06493
300.0654
300.06588
300.06636
300.06684
300.06733
300.06782
300.06832
300.06882
300.06932
300.06983
300.07035
300.07087
300.0714
300.07193
300.07247
300.07301
300.07356
300.07411
300.07466
300.07522
300.07579
300.07636
300.07693
300.0775
300.07808
300.07866
300.07924
300.07983
300.08041
300.081
300.08159
300.08218
300.08277
300.08336
300.08395
300.08454
300.08512
300.08569
300.08625
300.08691
300.08756
300.0881
300.08854
300.08909
300.08964
300.09018
300.09071
300.09123
300.09174
300.09224
300.09273
300.09321
300.09367
300.09413
300.09457
300.09501
300.09543
300.09585
300.09626
300.09665
300.09705
300.09743
300.09781
300.09819
300.09857
300.09894
300.09931
300.09968
300.10005
300.10043
300.10081
300.10119
300.10158
300.10197
300.10237
300.10278
300.1032
300.10362
300.10405
300.1045
300.10495
300.10542
300.10589
300.10638
300.10688
300.10739
300.10792
300.10847
300.10903
300.1096
300.11019
300.1108
300.11143
300.11208
300.11274
300.11343
300.11414
300.11486
300.11561
300.11639
300.11718
300.118
300.11884
300.1197
300.12059
300.1215
300.12244
300.1234
300.12439
300.1254
300.12644
300.1275
300.1286
300.12971
300.13086
300.13214
300.13347
300.1347
300.13596
300.1372
300.13839
300.13977
300.1412
300.14266
300.14414
300.14566
300.14721
300.1488
300.15043
300.15209
300.1538
300.15555
300.15734
300.15917
300.16104
300.16296
300.16492
300.16693
300.16899
300.17109
300.17323
300.17543
300.17767
300.17997
300.18231
300.18471
300.18716
300.18966
300.19222
300.19484
300.19752
300.20026
300.20307
300.20594
300.20889
300.2119
300.21499
300.21814
300.22138
300.22469
300.22807
300.23152
300.23503
300.23859
300.24222
300.2459
300.24962
300.25336
300.25711
300.26083
300.26452
300.26816
300.27175
300.27527
300.27871
300.28201
300.28515
300.28813
300.29094
300.29357
300.29601
300.29829
300.3004
300.3022
300.30373
300.3051
300.30622
300.30708
300.3079
300.30856
300.30902
300.30928
300.30939
300.30935
300.30917
300.30886
300.30843
300.30788
300.30724
300.3065
300.30568
300.30479
300.30384
300.30283
300.30178
300.3007
300.29959
300.29846
300.29732
300.29618
300.29504
300.29392
300.29281
300.29171
300.29065
300.28961
300.28861
300.28764
300.28671
300.28583
300.28499
300.28419
300.28344
300.28274
300.28208
300.28147
300.28092
300.2804
300.27994
300.27952
300.27914
300.27881
300.27852
300.27827
300.27806
300.27789
300.27775
300.27765
300.27757
300.27753
300.27751
300.27753
300.27756
300.27763
300.27771
300.27782
300.27795
300.2781
300.27828
300.27848
300.27871
300.27896
300.27923
300.27953
300.27987
300.28025
300.28068
300.28116
300.28169
300.2823
300.28299
300.2838
300.28462
300.28546
300.28649
300.28769
300.28902
300.29049
300.29212
300.29391
300.29588
300.29803
300.30036
300.30288
300.3056
300.30851
300.31161
300.315
300.32001
300.32976
300.33429
300.33732
300.3428
300.34899
300.35552
300.3623
300.36931
300.37654
300.38398
300.3916
300.39936
300.40721
300.41511
300.42301
300.43088
300.43867
300.44637
300.45396
300.46143
300.46877
300.47596
300.48302
300.48992
300.49667
300.50322
300.50956
300.51565
300.52144
300.52688
300.53191
300.53649
300.54058
300.54414
300.54717
300.5497
300.55173
300.5533
300.55444
300.55519
300.55558
300.55566
300.55544
300.55498
300.5543
300.55343
300.55239
300.55122
300.54994
300.54855
300.54708
300.54554
300.54395
300.54232
300.54065
300.53896
300.53725
300.53554
300.53382
300.53212
300.53043
300.52875
300.52709
300.52546
300.52384
300.52223
300.52063
300.51905
300.51746
300.51588
300.5143
300.51272
300.51112
300.50951
300.50789
300.50624
300.50458
300.5029
300.5012
300.49949
300.49776
300.49602
300.49428
300.49253
300.49077
300.48903
300.48728
300.48555
300.48382
300.48211
300.4804
300.47871
300.47702
300.47533
300.47366
300.47199
300.47032
300.46866
300.467
300.46534
300.46367
300.462
300.46033
300.45865
300.45695
300.45525
300.45354
300.45182
300.45009
300.44836
300.44661
300.44486
300.4431
300.44135
300.43959
300.43783
300.43607
300.43432
300.43258
300.43085
300.42913
300.42742
300.42573
300.42405
300.42239
300.42074
300.4191
300.41747
300.41585
300.41423
300.41261
300.41099
300.40937
300.40774
300.40611
300.40447
300.40283
300.40118
300.39953
300.39788
300.39623
300.39459
300.39296
300.39135
300.38975
300.38817
300.38661
300.38504
300.38363
300.38131
300.00007
300.00016
300.00027
300.00038
300.00048
300.00059
300.0007
300.00081
300.00092
300.00102
300.00113
300.00124
300.00135
300.00146
300.00156
300.00167
300.00178
300.00189
300.00201
300.00212
300.00223
300.00234
300.00245
300.00256
300.00267
300.00278
300.0029
300.00301
300.00312
300.00324
300.00335
300.00347
300.00358
300.0037
300.00381
300.00393
300.00405
300.00416
300.00428
300.0044
300.00452
300.00464
300.00476
300.00488
300.00501
300.00513
300.00525
300.00538
300.0055
300.00563
300.00575
300.00588
300.00601
300.00614
300.00627
300.0064
300.00653
300.00666
300.00679
300.00692
300.00706
300.00719
300.00733
300.00746
300.0076
300.00774
300.00788
300.00802
300.00816
300.0083
300.00844
300.00858
300.00872
300.00887
300.00901
300.00916
300.00931
300.00945
300.0096
300.00975
300.0099
300.01005
300.0102
300.01036
300.01051
300.01066
300.01082
300.01098
300.01113
300.01129
300.01145
300.01161
300.01177
300.01193
300.01209
300.01225
300.01242
300.01258
300.01275
300.01291
300.01308
300.01325
300.01342
300.01359
300.01376
300.01393
300.0141
300.01428
300.01445
300.01463
300.0148
300.01498
300.01516
300.01534
300.01552
300.0157
300.01588
300.01607
300.01625
300.01643
300.01662
300.01681
300.01699
300.01718
300.01737
300.01756
300.01776
300.01795
300.01814
300.01834
300.01853
300.01873
300.01893
300.01913
300.01932
300.01953
300.01973
300.01993
300.02013
300.02034
300.02055
300.02075
300.02096
300.02117
300.02138
300.02159
300.0218
300.02202
300.02223
300.02245
300.02266
300.02288
300.0231
300.02332
300.02354
300.02376
300.02399
300.02421
300.02444
300.02467
300.0249
300.02512
300.02536
300.02559
300.02582
300.02606
300.02629
300.02653
300.02677
300.02701
300.02725
300.02749
300.02773
300.02798
300.02823
300.02848
300.02873
300.02898
300.02923
300.02948
300.02974
300.03
300.03025
300.03051
300.03078
300.03104
300.0313
300.03157
300.03184
300.03211
300.03238
300.03265
300.03292
300.0332
300.03348
300.03376
300.03404
300.03432
300.0346
300.03488
300.03517
300.03546
300.03575
300.03604
300.03633
300.03663
300.03693
300.03723
300.03753
300.03783
300.03814
300.03845
300.03876
300.03907
300.03938
300.0397
300.04001
300.04033
300.04065
300.04097
300.0413
300.04163
300.04196
300.04229
300.04262
300.04296
300.04329
300.04363
300.04398
300.04432
300.04467
300.04501
300.04536
300.04572
300.04607
300.04643
300.04679
300.04715
300.04751
300.04788
300.04825
300.04862
300.04899
300.04936
300.04974
300.05012
300.0505
300.05088
300.05127
300.05165
300.05204
300.05243
300.05282
300.05322
300.05361
300.05401
300.05442
300.05482
300.05523
300.05564
300.05605
300.05647
300.05688
300.0573
300.05773
300.05815
300.05858
300.059
300.05944
300.05987
300.06031
300.06075
300.06119
300.06164
300.06209
300.06254
300.063
300.06346
300.06392
300.06439
300.06486
300.06534
300.06582
300.0663
300.06679
300.06728
300.06778
300.06828
300.06878
300.06929
300.0698
300.07032
300.07084
300.07137
300.0719
300.07243
300.07297
300.07351
300.07406
300.07462
300.07518
300.07575
300.07633
300.07691
300.0775
300.07809
300.07869
300.0793
300.07991
300.08053
300.08115
300.08177
300.0824
300.08303
300.08367
300.08431
300.08495
300.0856
300.08625
300.08689
300.08754
300.0882
300.08885
300.08949
300.09014
300.09078
300.09141
300.09201
300.09274
300.09349
300.09404
300.09451
300.0951
300.0957
300.09628
300.09684
300.09739
300.09793
300.09845
300.09896
300.09945
300.09992
300.10037
300.10081
300.10123
300.10164
300.10203
300.10241
300.10277
300.10312
300.10346
300.10379
300.10411
300.10442
300.10473
300.10503
300.10533
300.10563
300.10593
300.10622
300.10653
300.10683
300.10714
300.10746
300.10778
300.10811
300.10845
300.1088
300.10916
300.10953
300.10991
300.11031
300.11071
300.11113
300.11157
300.11202
300.11249
300.11298
300.11348
300.114
300.11454
300.11511
300.11569
300.1163
300.11693
300.11758
300.11826
300.11896
300.11969
300.12044
300.12122
300.12203
300.12287
300.12373
300.12463
300.12555
300.1265
300.12749
300.1285
300.12955
300.13062
300.13174
300.13288
300.13406
300.13532
300.13676
300.13807
300.13938
300.1406
300.14187
300.14335
300.14487
300.14641
300.148
300.14962
300.15129
300.153
300.15476
300.15656
300.15842
300.16032
300.16228
300.16428
300.16633
300.16844
300.1706
300.17281
300.17508
300.1774
300.17977
300.18219
300.18467
300.18721
300.1898
300.19244
300.19514
300.1979
300.20072
300.20359
300.20653
300.20953
300.21259
300.21571
300.2189
300.22216
300.22548
300.22887
300.23232
300.23584
300.23942
300.24308
300.24681
300.25058
300.25437
300.25817
300.262
300.26589
300.26982
300.27373
300.27757
300.28131
300.28496
300.28853
300.29201
300.29539
300.29866
300.30169
300.30444
300.30703
300.30945
300.31169
300.31373
300.31557
300.3172
300.31858
300.31965
300.32054
300.32135
300.32194
300.32234
300.32256
300.32261
300.32252
300.32229
300.32194
300.32147
300.32089
300.32021
300.31943
300.31857
300.31764
300.31664
300.31557
300.31446
300.3133
300.3121
300.31087
300.30962
300.30835
300.30708
300.30581
300.30454
300.30328
300.30204
300.30081
300.29961
300.29843
300.29729
300.29618
300.2951
300.29407
300.29309
300.29214
300.29124
300.29039
300.28959
300.28883
300.28812
300.28746
300.28684
300.28627
300.28575
300.28527
300.28483
300.28444
300.28408
300.28376
300.28347
300.28322
300.283
300.28281
300.28265
300.28251
300.28241
300.28233
300.28228
300.28225
300.28225
300.28227
300.28233
300.28241
300.28253
300.28268
300.28287
300.2831
300.28339
300.28373
300.28414
300.28461
300.28521
300.2859
300.28658
300.28726
300.28814
300.28922
300.29042
300.29176
300.29325
300.29489
300.29669
300.29867
300.30081
300.30314
300.30564
300.30832
300.31119
300.31423
300.31757
300.32201
300.33069
300.33555
300.33839
300.34364
300.34963
300.35594
300.36247
300.36921
300.37618
300.38336
300.39074
300.39828
300.40595
300.4137
300.42149
300.42927
300.43699
300.44463
300.45216
300.45955
300.4668
300.4739
300.48083
300.48758
300.49416
300.50053
300.50668
300.5126
300.51827
300.52365
300.52871
300.53341
300.5377
300.54156
300.54494
300.54784
300.55024
300.55217
300.55366
300.55472
300.55541
300.55575
300.55577
300.55552
300.55503
300.55433
300.55344
300.5524
300.55123
300.54995
300.54858
300.54712
300.54561
300.54404
300.54242
300.54078
300.5391
300.53741
300.53571
300.534
300.53229
300.53059
300.5289
300.52722
300.52556
300.52392
300.52229
300.52067
300.51906
300.51745
300.51585
300.51424
300.51262
300.51099
300.50935
300.50769
300.50602
300.50433
300.50262
300.5009
300.49917
300.49744
300.49569
300.49395
300.49221
300.49048
300.48875
300.48704
300.48533
300.48364
300.48196
300.48029
300.47863
300.47697
300.47533
300.4737
300.47207
300.47045
300.46884
300.46723
300.46562
300.46402
300.46241
300.4608
300.45918
300.45756
300.45592
300.45428
300.45262
300.45095
300.44926
300.44757
300.44586
300.44414
300.44241
300.44068
300.43893
300.43719
300.43544
300.43369
300.43195
300.43021
300.42847
300.42675
300.42503
300.42333
300.42164
300.41996
300.41829
300.41662
300.41496
300.4133
300.41164
300.40998
300.40831
300.40664
300.40497
300.4033
300.40163
300.39997
300.39831
300.39666
300.39502
300.3934
300.3918
300.39022
300.38866
300.38712
300.38557
300.38417
300.38188
300.00007
300.00016
300.00027
300.00038
300.00048
300.00059
300.0007
300.00082
300.00091
300.00102
300.00113
300.00123
300.00134
300.00145
300.00156
300.00167
300.00178
300.00189
300.002
300.00211
300.00222
300.00233
300.00245
300.00256
300.00267
300.00279
300.0029
300.00302
300.00313
300.00325
300.00336
300.00348
300.0036
300.00372
300.00384
300.00396
300.00408
300.00421
300.00433
300.00445
300.00458
300.0047
300.00483
300.00496
300.00509
300.00522
300.00535
300.00548
300.00561
300.00574
300.00588
300.00601
300.00615
300.00628
300.00642
300.00656
300.0067
300.00684
300.00698
300.00712
300.00726
300.00741
300.00755
300.0077
300.00785
300.00799
300.00814
300.00829
300.00844
300.00859
300.00874
300.0089
300.00905
300.00921
300.00936
300.00952
300.00968
300.00983
300.00999
300.01015
300.01032
300.01048
300.01064
300.0108
300.01097
300.01114
300.0113
300.01147
300.01164
300.01181
300.01198
300.01215
300.01232
300.0125
300.01267
300.01285
300.01302
300.0132
300.01338
300.01356
300.01374
300.01392
300.0141
300.01428
300.01447
300.01465
300.01484
300.01503
300.01522
300.01541
300.0156
300.01579
300.01598
300.01617
300.01637
300.01656
300.01676
300.01696
300.01715
300.01735
300.01755
300.01776
300.01796
300.01816
300.01837
300.01857
300.01878
300.01899
300.0192
300.01941
300.01962
300.01983
300.02005
300.02026
300.02048
300.0207
300.02091
300.02113
300.02135
300.02158
300.0218
300.02202
300.02225
300.02248
300.0227
300.02293
300.02316
300.0234
300.02363
300.02386
300.0241
300.02434
300.02457
300.02481
300.02505
300.02529
300.02554
300.02578
300.02603
300.02627
300.02652
300.02677
300.02702
300.02728
300.02753
300.02779
300.02804
300.0283
300.02856
300.02882
300.02909
300.02935
300.02962
300.02989
300.03016
300.03043
300.0307
300.03098
300.03125
300.03153
300.03181
300.03209
300.03238
300.03266
300.03295
300.03324
300.03353
300.03382
300.03412
300.03441
300.03471
300.03501
300.03531
300.03561
300.03592
300.03622
300.03653
300.03684
300.03715
300.03746
300.03778
300.0381
300.03842
300.03874
300.03906
300.03939
300.03972
300.04005
300.04038
300.04072
300.04106
300.0414
300.04174
300.04208
300.04243
300.04278
300.04313
300.04348
300.04383
300.04419
300.04455
300.04491
300.04528
300.04564
300.04601
300.04638
300.04676
300.04713
300.04751
300.04789
300.04828
300.04866
300.04905
300.04944
300.04983
300.05023
300.05062
300.05102
300.05143
300.05183
300.05224
300.05265
300.05306
300.05347
300.05389
300.0543
300.05472
300.05514
300.05557
300.056
300.05642
300.05685
300.05729
300.05772
300.05816
300.0586
300.05904
300.05949
300.05994
300.06038
300.06084
300.06129
300.06175
300.06221
300.06267
300.06313
300.0636
300.06407
300.06456
300.06503
300.06551
300.06599
300.06647
300.06696
300.06745
300.06795
300.06845
300.06894
300.06945
300.06996
300.07049
300.07101
300.07154
300.07207
300.07261
300.07315
300.0737
300.07425
300.0748
300.07536
300.07592
300.07649
300.07706
300.07764
300.07823
300.07882
300.07942
300.08002
300.08063
300.08125
300.08188
300.08251
300.08315
300.0838
300.08446
300.08513
300.0858
300.08648
300.08716
300.08785
300.08854
300.08924
300.08995
300.09065
300.09136
300.09208
300.0928
300.09352
300.09424
300.09497
300.09569
300.09641
300.09713
300.09785
300.09855
300.09923
300.09997
300.10087
300.1015
300.10198
300.10262
300.10327
300.1039
300.10451
300.1051
300.10567
300.10622
300.10675
300.10726
300.10774
300.1082
300.10863
300.10904
300.10943
300.10979
300.11013
300.11045
300.11075
300.11103
300.11129
300.11154
300.11178
300.112
300.11222
300.11242
300.11263
300.11283
300.11302
300.11322
300.11342
300.11363
300.11384
300.11405
300.11427
300.11451
300.11475
300.115
300.11526
300.11554
300.11583
300.11614
300.11646
300.11679
300.11715
300.11752
300.11792
300.11833
300.11877
300.11922
300.1197
300.12021
300.12074
300.1213
300.12188
300.1225
300.12314
300.12381
300.12451
300.12525
300.12602
300.12682
300.12765
300.12852
300.12942
300.13036
300.13134
300.13235
300.1334
300.13449
300.13563
300.1368
300.13801
300.13929
300.14079
300.14223
300.14357
300.14479
300.14617
300.14775
300.14936
300.15101
300.15271
300.15446
300.15626
300.15811
300.16002
300.16199
300.16401
300.16609
300.16824
300.17043
300.17269
300.17501
300.17739
300.17983
300.18232
300.18488
300.18749
300.19016
300.19289
300.19568
300.19852
300.20142
300.20438
300.20739
300.21045
300.21357
300.21674
300.21997
300.22326
300.22659
300.22998
300.23342
300.23692
300.24048
300.2441
300.24775
300.25143
300.25514
300.2589
300.26277
300.26672
300.27064
300.27449
300.27828
300.28202
300.2858
300.28978
300.29366
300.29717
300.30057
300.3039
300.30713
300.31023
300.31316
300.31592
300.31846
300.32081
300.32297
300.32497
300.32677
300.32837
300.32978
300.33099
300.33187
300.33244
300.33295
300.3333
300.33346
300.33344
300.33326
300.33293
300.33249
300.33194
300.3313
300.33057
300.32976
300.32889
300.32794
300.32694
300.32588
300.32478
300.32363
300.32244
300.32122
300.31997
300.3187
300.31741
300.3161
300.3148
300.3135
300.3122
300.31092
300.30965
300.30838
300.30713
300.3059
300.3047
300.30353
300.30239
300.3013
300.30024
300.29922
300.29824
300.2973
300.29641
300.29556
300.29475
300.29399
300.29327
300.29259
300.29195
300.29136
300.29082
300.29031
300.28984
300.2894
300.28898
300.2886
300.28825
300.28792
300.28763
300.28737
300.28713
300.28693
300.28675
300.2866
300.28649
300.28641
300.28636
300.28636
300.28639
300.28648
300.28663
300.28684
300.28712
300.28749
300.28801
300.28856
300.28906
300.28961
300.29039
300.29137
300.29248
300.29371
300.29509
300.29662
300.2983
300.30014
300.30215
300.30433
300.30668
300.3092
300.3119
300.31476
300.31783
300.32104
300.32547
300.33292
300.33732
300.34019
300.34538
300.35117
300.35726
300.36354
300.37002
300.37672
300.38364
300.39076
300.39805
300.4055
300.41306
300.42069
300.42835
300.43598
300.44354
300.451
300.45833
300.46551
300.47253
300.47937
300.48603
300.49249
300.49874
300.50476
300.51055
300.51607
300.52131
300.52627
300.53092
300.53523
300.53917
300.54272
300.54586
300.54856
300.55081
300.55263
300.55402
300.55501
300.55563
300.55592
300.55591
300.55563
300.55512
300.5544
300.5535
300.55245
300.55128
300.54999
300.54862
300.54718
300.54567
300.54412
300.54252
300.54089
300.53924
300.53756
300.53586
300.53416
300.53245
300.53073
300.52903
300.52732
300.52563
300.52395
300.52229
300.52063
300.51899
300.51735
300.51571
300.51407
300.51242
300.51076
300.50908
300.5074
300.5057
300.50399
300.50227
300.50054
300.49881
300.49707
300.49534
300.49361
300.49189
300.49018
300.48849
300.4868
300.48513
300.48346
300.48181
300.48017
300.47854
300.47692
300.47531
300.4737
300.47211
300.47053
300.46895
300.46738
300.46581
300.46424
300.46268
300.46112
300.45955
300.45798
300.4564
300.45482
300.45322
300.45161
300.44999
300.44835
300.4467
300.44503
300.44335
300.44165
300.43994
300.43822
300.4365
300.43477
300.43303
300.43129
300.42955
300.42781
300.42607
300.42434
300.42261
300.42089
300.41917
300.41746
300.41576
300.41405
300.41235
300.41066
300.40896
300.40727
300.40557
300.40388
300.4022
300.40052
300.39886
300.39721
300.39559
300.39398
300.3924
300.39083
300.38928
300.38776
300.38622
300.38484
300.38257
300.00007
300.00017
300.00027
300.00039
300.00048
300.00058
300.00069
300.0008
300.00091
300.00102
300.00112
300.00123
300.00134
300.00145
300.00156
300.00167
300.00178
300.00189
300.00201
300.00212
300.00223
300.00235
300.00246
300.00258
300.0027
300.00282
300.00294
300.00306
300.00318
300.0033
300.00343
300.00355
300.00368
300.0038
300.00393
300.00406
300.00419
300.00432
300.00446
300.00459
300.00472
300.00486
300.005
300.00513
300.00527
300.00541
300.00555
300.0057
300.00584
300.00598
300.00613
300.00627
300.00642
300.00657
300.00672
300.00687
300.00702
300.00717
300.00733
300.00748
300.00764
300.00779
300.00795
300.00811
300.00827
300.00843
300.00859
300.00875
300.00891
300.00908
300.00924
300.00941
300.00958
300.00974
300.00991
300.01008
300.01026
300.01043
300.0106
300.01077
300.01095
300.01113
300.0113
300.01148
300.01166
300.01184
300.01202
300.01221
300.01239
300.01257
300.01276
300.01294
300.01313
300.01332
300.01351
300.0137
300.01389
300.01409
300.01428
300.01447
300.01467
300.01487
300.01507
300.01526
300.01546
300.01567
300.01587
300.01607
300.01628
300.01648
300.01669
300.0169
300.01711
300.01732
300.01753
300.01774
300.01796
300.01817
300.01839
300.01861
300.01882
300.01904
300.01927
300.01949
300.01971
300.01994
300.02016
300.02039
300.02062
300.02085
300.02108
300.02131
300.02154
300.02178
300.02202
300.02225
300.02249
300.02273
300.02297
300.02322
300.02346
300.02371
300.02396
300.0242
300.02445
300.02471
300.02496
300.02521
300.02547
300.02572
300.02598
300.02624
300.0265
300.02677
300.02703
300.0273
300.02756
300.02783
300.0281
300.02837
300.02865
300.02892
300.0292
300.02948
300.02976
300.03004
300.03032
300.03061
300.0309
300.03119
300.03148
300.03177
300.03207
300.03236
300.03266
300.03296
300.03327
300.03357
300.03388
300.03419
300.0345
300.03481
300.03513
300.03544
300.03576
300.03609
300.03641
300.03674
300.03706
300.03739
300.03772
300.03806
300.03839
300.03873
300.03907
300.03941
300.03975
300.0401
300.04045
300.0408
300.04115
300.0415
300.04186
300.04222
300.04258
300.04294
300.04331
300.04368
300.04406
300.04444
300.04481
300.04519
300.04558
300.04596
300.04635
300.04674
300.04713
300.04753
300.04793
300.04833
300.04873
300.04913
300.04954
300.04995
300.05037
300.05078
300.0512
300.05162
300.05205
300.05247
300.0529
300.05333
300.05377
300.0542
300.05464
300.05508
300.05553
300.05597
300.05642
300.05688
300.05733
300.05779
300.05824
300.0587
300.05917
300.05963
300.06009
300.06056
300.06105
300.06152
300.06199
300.06246
300.06294
300.06343
300.06391
300.06441
300.0649
300.06539
300.06589
300.06638
300.06688
300.06738
300.06788
300.06839
300.0689
300.06941
300.06993
300.07047
300.07099
300.0715
300.07202
300.07255
300.07309
300.07362
300.07417
300.07473
300.07527
300.07582
300.07638
300.07694
300.07751
300.07809
300.07868
300.07927
300.07986
300.08046
300.08106
300.08168
300.08229
300.08289
300.08352
300.08415
300.0848
300.08544
300.08609
300.08675
300.08741
300.08809
300.08877
300.08947
300.09018
300.09089
300.09162
300.09235
300.09309
300.09385
300.0946
300.09537
300.09614
300.09692
300.0977
300.09849
300.09929
300.10009
300.10089
300.10169
300.1025
300.10331
300.10412
300.10493
300.10575
300.10655
300.10735
300.10812
300.1089
300.10992
300.1107
300.11119
300.11188
300.1126
300.1133
300.11397
300.11461
300.11522
300.11581
300.11637
300.1169
300.1174
300.11786
300.11829
300.11869
300.11905
300.11938
300.11968
300.11994
300.12017
300.12038
300.12056
300.12072
300.12086
300.12098
300.12108
300.12117
300.12126
300.12133
300.1214
300.12147
300.12153
300.1216
300.12168
300.12176
300.12184
300.12194
300.12204
300.12216
300.12229
300.12243
300.12259
300.12277
300.12297
300.12318
300.12342
300.12367
300.12395
300.12425
300.12458
300.12494
300.12532
300.12572
300.12616
300.12663
300.12713
300.12766
300.12823
300.12883
300.12947
300.13015
300.13087
300.13162
300.13242
300.13325
300.13413
300.13506
300.13602
300.13703
300.13809
300.13919
300.14035
300.14155
300.14281
300.14412
300.14567
300.14724
300.14862
300.14986
300.15137
300.15305
300.15478
300.15656
300.15839
300.16028
300.16224
300.16425
300.16633
300.16848
300.1707
300.17298
300.17533
300.17774
300.18023
300.18278
300.1854
300.18808
300.19082
300.19363
300.1965
300.19943
300.20241
300.20545
300.20854
300.21169
300.21489
300.21813
300.22142
300.22475
300.22812
300.23153
300.235
300.2385
300.24204
300.2456
300.24916
300.25275
300.25641
300.26016
300.26394
300.26769
300.27137
300.27497
300.27857
300.28244
300.2866
300.29039
300.29398
300.29753
300.30103
300.30444
300.30771
300.3109
300.31402
300.31707
300.31998
300.32271
300.32532
300.32786
300.33043
300.33249
300.33447
300.33632
300.33792
300.33927
300.34037
300.34123
300.34183
300.34216
300.34222
300.34219
300.34205
300.34175
300.34131
300.34075
300.34008
300.33933
300.3385
300.33762
300.33669
300.33571
300.3347
300.33365
300.33257
300.33146
300.33033
300.32917
300.32799
300.32678
300.32556
300.32432
300.32306
300.3218
300.32053
300.31927
300.31802
300.31685
300.31565
300.31442
300.31319
300.31198
300.3108
300.30964
300.30852
300.30743
300.30636
300.30533
300.30434
300.30338
300.30246
300.30158
300.30071
300.29988
300.29909
300.29834
300.29761
300.29695
300.29641
300.29585
300.29526
300.2947
300.29417
300.29367
300.29321
300.29277
300.29237
300.292
300.29165
300.29134
300.29106
300.29082
300.29062
300.29047
300.29036
300.29032
300.29033
300.29041
300.29059
300.29093
300.29132
300.29167
300.29196
300.29246
300.29321
300.29412
300.29515
300.29631
300.29761
300.29906
300.30065
300.30241
300.30431
300.30638
300.30861
300.31101
300.31358
300.31631
300.31925
300.32233
300.32589
300.33028
300.33595
300.33955
300.3429
300.34806
300.35366
300.35949
300.36551
300.37173
300.37816
300.3848
300.39164
300.39867
300.40587
300.4132
300.42062
300.42811
300.4356
300.44305
300.45042
300.45768
300.46478
300.47173
300.47849
300.48506
300.49142
300.49757
300.5035
300.50918
300.51461
300.51977
300.52464
300.5292
300.53346
300.53738
300.54095
300.54417
300.54701
300.54946
300.55152
300.55317
300.55444
300.55534
300.55589
300.55612
300.55607
300.55575
300.55521
300.55447
300.55356
300.5525
300.55131
300.55002
300.54864
300.54719
300.54569
300.54414
300.54255
300.54093
300.53928
300.53761
300.53593
300.53422
300.53251
300.53079
300.52907
300.52735
300.52563
300.52391
300.52221
300.52051
300.51883
300.51715
300.51547
300.51378
300.5121
300.5104
300.5087
300.507
300.50528
300.50356
300.50184
300.50012
300.49839
300.49667
300.49496
300.49326
300.49157
300.48989
300.48822
300.48656
300.48491
300.48328
300.48165
300.48004
300.47843
300.47683
300.47525
300.47367
300.4721
300.47054
300.46899
300.46744
300.4659
300.46437
300.46284
300.46131
300.45978
300.45824
300.45671
300.45517
300.45363
300.45207
300.45051
300.44893
300.44734
300.44573
300.4441
300.44246
300.4408
300.43912
300.43744
300.43574
300.43403
300.43231
300.43058
300.42885
300.42711
300.42537
300.42363
300.42189
300.42015
300.41841
300.41667
300.41493
300.4132
300.41148
300.40975
300.40803
300.40632
300.40461
300.40291
300.40123
300.39956
300.39792
300.3963
300.3947
300.39313
300.39158
300.39004
300.38853
300.387
300.38563
300.38339
300.00009
300.00016
300.00026
300.00037
300.00047
300.00058
300.00069
300.0008
300.00091
300.00102
300.00113
300.00124
300.00135
300.00146
300.00157
300.00169
300.00181
300.00192
300.00204
300.00216
300.00229
300.00241
300.00254
300.00266
300.00279
300.00292
300.00305
300.00318
300.00332
300.00345
300.00359
300.00372
300.00386
300.004
300.00415
300.00429
300.00443
300.00458
300.00472
300.00487
300.00502
300.00517
300.00532
300.00547
300.00562
300.00578
300.00593
300.00609
300.00625
300.00641
300.00657
300.00673
300.00689
300.00705
300.00722
300.00738
300.00755
300.00771
300.00788
300.00805
300.00822
300.00839
300.00857
300.00874
300.00892
300.00909
300.00927
300.00945
300.00963
300.00981
300.00999
300.01017
300.01035
300.01054
300.01072
300.01091
300.0111
300.01129
300.01148
300.01167
300.01186
300.01205
300.01225
300.01244
300.01264
300.01284
300.01303
300.01323
300.01343
300.01364
300.01384
300.01404
300.01425
300.01446
300.01466
300.01487
300.01508
300.01529
300.01551
300.01572
300.01594
300.01615
300.01637
300.01659
300.01681
300.01703
300.01725
300.01748
300.0177
300.01793
300.01815
300.01838
300.01861
300.01884
300.01908
300.01931
300.01955
300.01978
300.02002
300.02026
300.0205
300.02074
300.02099
300.02123
300.02148
300.02172
300.02197
300.02222
300.02248
300.02273
300.02299
300.02324
300.0235
300.02376
300.02402
300.02428
300.02455
300.02481
300.02508
300.02535
300.02562
300.0259
300.02617
300.02644
300.02672
300.027
300.02728
300.02756
300.02785
300.02813
300.02842
300.02871
300.029
300.02929
300.02959
300.02988
300.03018
300.03048
300.03078
300.03108
300.03139
300.03169
300.032
300.03231
300.03263
300.03294
300.03326
300.03358
300.0339
300.03423
300.03455
300.03488
300.03521
300.03555
300.03589
300.03623
300.03657
300.03691
300.03726
300.0376
300.03796
300.03831
300.03866
300.03902
300.03938
300.03975
300.04011
300.04048
300.04085
300.04122
300.0416
300.04198
300.04235
300.04274
300.04312
300.04351
300.04389
300.04428
300.04468
300.04507
300.04547
300.04587
300.04627
300.04668
300.04709
300.04751
300.04792
300.04835
300.04877
300.0492
300.04963
300.05006
300.05049
300.05093
300.05137
300.05182
300.05226
300.05271
300.05316
300.05361
300.05407
300.05453
300.05499
300.05546
300.05593
300.0564
300.05687
300.05735
300.05782
300.05831
300.05879
300.05928
300.05977
300.06026
300.06075
300.06126
300.06176
300.06226
300.06277
300.06328
300.06379
300.0643
300.06481
300.06533
300.06585
300.06637
300.0669
300.0674
300.06793
300.06846
300.069
300.06954
300.07007
300.07061
300.07115
300.0717
300.07225
300.0728
300.07335
300.0739
300.07445
300.07501
300.07557
300.07613
300.07669
300.07726
300.07784
300.07842
300.079
300.07958
300.08016
300.08075
300.08134
300.08193
300.08253
300.08313
300.08374
300.08435
300.08496
300.08559
300.08623
300.08685
300.0875
300.08818
300.08884
300.08949
300.09016
300.09084
300.09152
300.09221
300.09292
300.09364
300.09432
300.09504
300.09578
300.09652
300.09727
300.09803
300.0988
300.09959
300.1004
300.10121
300.10204
300.10288
300.10372
300.10458
300.10545
300.10632
300.1072
300.10809
300.10899
300.10989
300.11079
300.1117
300.11261
300.11352
300.11444
300.11535
300.11627
300.11718
300.11809
300.11898
300.11983
300.12096
300.12187
300.12242
300.12318
300.12399
300.12477
300.12552
300.12623
300.1269
300.12753
300.12812
300.12868
300.12919
300.12966
300.13009
300.13047
300.1308
300.13108
300.13132
300.13151
300.13166
300.13178
300.13185
300.1319
300.13191
300.13189
300.13186
300.1318
300.13173
300.13165
300.13155
300.13146
300.13135
300.13125
300.13116
300.13106
300.13098
300.1309
300.13084
300.13079
300.13075
300.13073
300.13073
300.13075
300.13079
300.13085
300.13094
300.13105
300.13119
300.13136
300.13155
300.13178
300.13204
300.13233
300.13266
300.13302
300.13342
300.13386
300.13433
300.13485
300.13542
300.13602
300.13668
300.13738
300.13813
300.13892
300.13977
300.14067
300.14163
300.14264
300.1437
300.14482
300.146
300.14725
300.14855
300.14991
300.15153
300.15323
300.15464
300.15594
300.15758
300.15939
300.16125
300.16317
300.16516
300.16721
300.16934
300.17154
300.17382
300.17617
300.1786
300.1811
300.18368
300.18633
300.18906
300.19186
300.19473
300.19766
300.20066
300.20373
300.20685
300.21004
300.21328
300.21656
300.21988
300.22324
300.22664
300.23009
300.23358
300.2371
300.24061
300.24413
300.24765
300.25121
300.25482
300.25849
300.26213
300.2657
300.2692
300.27264
300.27615
300.28
300.28394
300.28748
300.29093
300.29425
300.29738
300.30064
300.30391
300.30704
300.31012
300.31317
300.31624
300.3195
300.32268
300.32546
300.32839
300.33122
300.33396
300.336
300.33833
300.34059
300.34264
300.34443
300.34594
300.34719
300.34818
300.34891
300.3494
300.34965
300.34957
300.34914
300.34894
300.34851
300.3479
300.34716
300.34632
300.34542
300.34445
300.34345
300.34242
300.34137
300.3403
300.33923
300.33815
300.33706
300.33597
300.33488
300.33378
300.33267
300.33156
300.33043
300.32929
300.32814
300.32696
300.32574
300.3245
300.32343
300.32245
300.32143
300.3203
300.31907
300.31789
300.31676
300.31567
300.3146
300.31355
300.31252
300.31152
300.31053
300.30957
300.30864
300.30773
300.30685
300.30599
300.30516
300.30435
300.30356
300.3027
300.30193
300.30138
300.30091
300.30029
300.29962
300.29898
300.29838
300.29782
300.29729
300.2968
300.29634
300.29592
300.29554
300.2952
300.29491
300.29468
300.29451
300.2944
300.29442
300.29459
300.2948
300.29495
300.29504
300.2953
300.29583
300.29658
300.29743
300.2984
300.29952
300.30077
300.30218
300.30372
300.30542
300.30727
300.30926
300.31141
300.31371
300.31617
300.3188
300.3216
300.32457
300.3278
300.33142
300.33556
300.34031
300.34287
300.34683
300.35183
300.35717
300.3627
300.36844
300.37437
300.38052
300.38687
300.39342
300.40016
300.40708
300.41414
300.42132
300.42859
300.43589
300.44319
300.45044
300.45759
300.4646
300.47146
300.47813
300.48461
300.49088
300.49693
300.50276
300.50835
300.51368
300.51876
300.52356
300.52807
300.53227
300.53616
300.53973
300.54295
300.54584
300.54838
300.55056
300.55239
300.55386
300.55497
300.55574
300.55619
300.55634
300.55622
300.55586
300.55527
300.55449
300.55355
300.55246
300.55125
300.54994
300.54854
300.54708
300.54557
300.54401
300.54241
300.54079
300.53915
300.53749
300.53581
300.53412
300.53241
300.53069
300.52897
300.52723
300.52549
300.52375
300.52201
300.52028
300.51854
300.51682
300.51509
300.51337
300.51166
300.50994
300.50822
300.50651
300.50479
300.50307
300.50136
300.49965
300.49795
300.49626
300.49457
300.4929
300.49124
300.48958
300.48794
300.48631
300.48469
300.48307
300.48147
300.47988
300.47829
300.47672
300.47515
300.47359
300.47204
300.4705
300.46897
300.46744
300.46592
300.4644
300.46289
300.46138
300.45988
300.45837
300.45687
300.45536
300.45385
300.45234
300.45082
300.44929
300.44775
300.4462
300.44464
300.44305
300.44145
300.43984
300.4382
300.43655
300.43489
300.4332
300.43151
300.42981
300.42809
300.42637
300.42463
300.4229
300.42116
300.41941
300.41766
300.41591
300.41417
300.41242
300.41068
300.40895
300.40722
300.4055
300.4038
300.40211
300.40045
300.39881
300.3972
300.39561
300.39404
300.39249
300.39097
300.38946
300.38795
300.38658
300.38435
300.00009
300.00016
300.00027
300.00037
300.00048
300.00059
300.0007
300.00081
300.00092
300.00104
300.00115
300.00127
300.0014
300.00152
300.00165
300.00178
300.00191
300.00204
300.00217
300.00231
300.00245
300.00259
300.00273
300.00287
300.00302
300.00316
300.00331
300.00346
300.00361
300.00376
300.00392
300.00407
300.00423
300.00438
300.00454
300.0047
300.00486
300.00503
300.00519
300.00535
300.00552
300.00569
300.00585
300.00602
300.00619
300.00637
300.00654
300.00671
300.00689
300.00707
300.00724
300.00742
300.0076
300.00778
300.00796
300.00815
300.00833
300.00852
300.0087
300.00889
300.00908
300.00927
300.00946
300.00965
300.00985
300.01004
300.01024
300.01043
300.01063
300.01083
300.01103
300.01123
300.01144
300.01164
300.01185
300.01205
300.01226
300.01247
300.01268
300.01289
300.0131
300.01331
300.01353
300.01374
300.01396
300.01418
300.0144
300.01462
300.01484
300.01507
300.01529
300.01552
300.01574
300.01597
300.0162
300.01643
300.01667
300.0169
300.01714
300.01737
300.01761
300.01785
300.01809
300.01833
300.01858
300.01882
300.01907
300.01932
300.01957
300.01982
300.02007
300.02032
300.02058
300.02083
300.02109
300.02135
300.02161
300.02188
300.02214
300.02241
300.02268
300.02295
300.02322
300.02349
300.02376
300.02404
300.02432
300.0246
300.02488
300.02516
300.02545
300.02573
300.02602
300.02631
300.02661
300.0269
300.0272
300.0275
300.0278
300.0281
300.0284
300.02871
300.02902
300.02933
300.02964
300.02995
300.03027
300.03059
300.03091
300.03123
300.03155
300.03188
300.0322
300.03253
300.03286
300.0332
300.03353
300.03387
300.03421
300.03455
300.0349
300.03524
300.03559
300.03595
300.0363
300.03666
300.03702
300.03739
300.03775
300.03812
300.0385
300.03887
300.03925
300.03964
300.04002
300.04041
300.0408
300.04119
300.04159
300.04199
300.04239
300.0428
300.0432
300.04361
300.04403
300.04444
300.04486
300.04529
300.04571
300.04614
300.04657
300.04701
300.04744
300.04788
300.04832
300.04876
300.0492
300.04965
300.0501
300.05055
300.05101
300.05147
300.05193
300.05239
300.05286
300.05334
300.05383
300.05431
300.0548
300.05529
300.05579
300.05628
300.05677
300.05728
300.0578
300.0583
300.05881
300.05932
300.05984
300.06036
300.06088
300.06141
300.06193
300.06246
300.06299
300.06353
300.06407
300.06461
300.06516
300.06571
300.06626
300.06681
300.06737
300.06793
300.06849
300.06906
300.06963
300.0702
300.07077
300.07135
300.07193
300.07251
300.07309
300.07367
300.07426
300.07484
300.07543
300.07602
300.07661
300.0772
300.0778
300.0784
300.079
300.07961
300.08021
300.08082
300.08143
300.08204
300.08266
300.08327
300.08389
300.0845
300.08512
300.08574
300.08637
300.08701
300.08765
300.0883
300.08895
300.0896
300.09025
300.0909
300.09156
300.09221
300.09286
300.09352
300.09418
300.09486
300.09554
300.09623
300.09693
300.09764
300.09836
300.09909
300.09983
300.10056
300.10129
300.10209
300.10287
300.10365
300.10442
300.10523
300.1061
300.10687
300.10765
300.10848
300.10933
300.1102
300.11109
300.112
300.11292
300.11386
300.11481
300.11577
300.11675
300.11774
300.11874
300.11975
300.12077
300.12179
300.12282
300.12386
300.1249
300.12594
300.12699
300.12803
300.12906
300.13011
300.13116
300.13212
300.13317
300.13446
300.13531
300.13598
300.13689
300.13782
300.1387
300.13953
300.14031
300.14104
300.14173
300.14236
300.14294
300.14347
300.14394
300.14434
300.14469
300.14498
300.1452
300.14536
300.14546
300.1455
300.14549
300.14543
300.14533
300.14518
300.14499
300.14478
300.14453
300.14427
300.14398
300.14369
300.14338
300.14307
300.14275
300.14244
300.14214
300.14184
300.14155
300.14128
300.14102
300.14078
300.14056
300.14036
300.14019
300.14004
300.13992
300.13983
300.13977
300.13974
300.13974
300.13978
300.13986
300.13997
300.14013
300.14032
300.14056
300.14084
300.14117
300.14154
300.14197
300.14244
300.14297
300.14355
300.14419
300.14488
300.14564
300.14645
300.14733
300.14827
300.14928
300.15036
300.1515
300.15272
300.15401
300.15537
300.1568
300.15851
300.16033
300.16178
300.16317
300.16495
300.16691
300.16892
300.171
300.17316
300.1754
300.17772
300.18013
300.18262
300.1852
300.18785
300.19059
300.19341
300.19631
300.19929
300.20234
300.20547
300.20867
300.21192
300.21523
300.21859
300.222
300.22547
300.22898
300.23251
300.23606
300.23961
300.24316
300.24673
300.25034
300.254
300.25763
300.26118
300.26466
300.26807
300.27148
300.27507
300.2789
300.28245
300.28576
300.28898
300.29194
300.29504
300.29829
300.30136
300.30423
300.30701
300.30981
300.31275
300.31582
300.31886
300.32195
300.32519
300.32813
300.33037
300.33308
300.33605
300.33813
300.34036
300.34292
300.34537
300.34756
300.34951
300.35122
300.3527
300.35392
300.35487
300.35554
300.35593
300.35604
300.3559
300.35543
300.35455
300.35418
300.35342
300.35247
300.3514
300.35028
300.34912
300.34794
300.34675
300.34556
300.34439
300.34323
300.34209
300.34098
300.33988
300.33881
300.33776
300.33672
300.3357
300.33468
300.33367
300.33265
300.33164
300.33061
300.32955
300.32838
300.3273
300.32658
300.32582
300.32476
300.32366
300.32259
300.32156
300.32056
300.31959
300.31864
300.31769
300.31676
300.31584
300.31493
300.31404
300.31316
300.3123
300.31145
300.31062
300.3098
300.30899
300.30817
300.30727
300.30641
300.30593
300.30547
300.30478
300.30406
300.30335
300.30268
300.30206
300.30147
300.30093
300.30043
300.29998
300.29958
300.29924
300.29897
300.29887
300.29888
300.29888
300.2988
300.29868
300.29878
300.29915
300.29974
300.30044
300.30125
300.30221
300.30331
300.30456
300.30595
300.30749
300.30917
300.311
300.31296
300.31507
300.31731
300.31969
300.32223
300.32491
300.32774
300.33085
300.33426
300.33761
300.34151
300.34503
300.34763
300.35202
300.35676
300.36175
300.36695
300.37236
300.37799
300.38383
300.38987
300.39612
300.40255
300.40917
300.41594
300.42284
300.42985
300.43692
300.44402
300.4511
300.45811
300.46501
300.47175
300.47832
300.4847
300.49087
300.49681
300.50254
300.50802
300.51326
300.51824
300.52296
300.5274
300.53155
300.5354
300.53894
300.54217
300.54507
300.54765
300.5499
300.55181
300.5534
300.55465
300.55558
300.5562
300.55652
300.55656
300.55635
300.5559
300.55525
300.55441
300.55342
300.55228
300.55103
300.54969
300.54827
300.54678
300.54524
300.54366
300.54206
300.54043
300.53879
300.53713
300.53545
300.53377
300.53207
300.53036
300.52864
300.52691
300.52517
300.52342
300.52166
300.5199
300.51814
300.51638
300.51463
300.51289
300.51115
300.50941
300.50769
300.50597
300.50425
300.50254
300.50085
300.49916
300.49748
300.49581
300.49416
300.49251
300.49088
300.48925
300.48763
300.48602
300.48443
300.48284
300.48125
300.47968
300.47812
300.47656
300.47501
300.47347
300.47193
300.47041
300.46889
300.46737
300.46586
300.46436
300.46286
300.46136
300.45987
300.45838
300.4569
300.45541
300.45392
300.45243
300.45094
300.44945
300.44795
300.44645
300.44493
300.44341
300.44187
300.44032
300.43875
300.43716
300.43555
300.43392
300.43228
300.43062
300.42894
300.42726
300.42556
300.42385
300.42212
300.4204
300.41866
300.41692
300.41518
300.41344
300.4117
300.40997
300.40824
300.40653
300.40483
300.40316
300.4015
300.39988
300.39828
300.39669
300.39513
300.3936
300.39207
300.39058
300.38906
300.3877
300.38548
300.00006
300.00015
300.00026
300.00037
300.00049
300.00061
300.00074
300.00087
300.001
300.00114
300.00128
300.00142
300.00156
300.00171
300.00186
300.00201
300.00216
300.00232
300.00248
300.00263
300.00279
300.00296
300.00312
300.00328
300.00345
300.00362
300.00379
300.00396
300.00413
300.0043
300.00447
300.00465
300.00483
300.00501
300.00518
300.00536
300.00555
300.00573
300.00591
300.0061
300.00629
300.00647
300.00666
300.00685
300.00705
300.00724
300.00743
300.00763
300.00782
300.00802
300.00822
300.00842
300.00862
300.00882
300.00903
300.00923
300.00944
300.00964
300.00985
300.01006
300.01027
300.01049
300.0107
300.01091
300.01113
300.01135
300.01157
300.01178
300.01201
300.01223
300.01245
300.01268
300.0129
300.01313
300.01336
300.01359
300.01382
300.01405
300.01429
300.01452
300.01476
300.015
300.01524
300.01548
300.01572
300.01596
300.01621
300.01645
300.0167
300.01695
300.0172
300.01745
300.01771
300.01796
300.01822
300.01848
300.01874
300.019
300.01926
300.01953
300.01979
300.02006
300.02033
300.0206
300.02087
300.02115
300.02142
300.0217
300.02198
300.02226
300.02255
300.02283
300.02312
300.02341
300.0237
300.02399
300.02428
300.02458
300.02488
300.02518
300.02548
300.02578
300.02609
300.02639
300.0267
300.02702
300.02733
300.02765
300.02796
300.02829
300.02861
300.02893
300.02926
300.02959
300.02992
300.03026
300.0306
300.03093
300.03128
300.03162
300.03196
300.03231
300.03267
300.03302
300.03338
300.03374
300.0341
300.03446
300.03483
300.03519
300.03556
300.03593
300.03631
300.03668
300.03706
300.03745
300.03783
300.03822
300.03861
300.039
300.0394
300.0398
300.0402
300.0406
300.04101
300.04143
300.04184
300.04226
300.04269
300.04312
300.04356
300.04399
300.04444
300.04488
300.04533
300.04578
300.04624
300.04669
300.04716
300.04762
300.04809
300.04856
300.04904
300.04952
300.04999
300.05047
300.05099
300.05148
300.05197
300.05247
300.05297
300.05348
300.05399
300.05449
300.05497
300.05548
300.05601
300.05653
300.05705
300.05758
300.0581
300.05863
300.05916
300.05969
300.06023
300.0608
300.06139
300.06195
300.06251
300.06308
300.06367
300.06423
300.06479
300.06538
300.06597
300.06656
300.06715
300.06775
300.06834
300.06894
300.06954
300.07014
300.07074
300.07135
300.07196
300.07257
300.07319
300.07381
300.07444
300.07507
300.0757
300.07633
300.07697
300.07761
300.07826
300.0789
300.07955
300.0802
300.08086
300.08151
300.08217
300.08282
300.08348
300.08414
300.0848
300.08546
300.08612
300.08679
300.08745
300.08812
300.08879
300.08946
300.09014
300.09081
300.09149
300.09217
300.09285
300.09353
300.09422
300.0949
300.09558
300.09627
300.09695
300.09765
300.09835
300.09906
300.09978
300.1005
300.10123
300.10196
300.10269
300.10341
300.10413
300.10485
300.10556
300.10628
300.10701
300.10775
300.1085
300.10926
300.11004
300.11083
300.11163
300.11245
300.11328
300.11411
300.11495
300.11579
300.11666
300.11759
300.11849
300.11941
300.12041
300.12134
300.12215
300.12307
300.12404
300.12505
300.12608
300.12713
300.1282
300.12929
300.1304
300.13153
300.13267
300.13383
300.13499
300.13617
300.13736
300.13855
300.13975
300.14095
300.14214
300.14334
300.14455
300.14576
300.14688
300.14804
300.1495
300.15064
300.15137
300.15238
300.15348
300.15453
300.15551
300.15642
300.15728
300.15808
300.15882
300.15948
300.16008
300.16061
300.16106
300.16143
300.16172
300.16193
300.16206
300.16211
300.16209
300.16198
300.16181
300.16157
300.16127
300.16091
300.16051
300.16006
300.15958
300.15907
300.15853
300.15798
300.15741
300.15684
300.15626
300.15569
300.15512
300.15456
300.15402
300.15349
300.15298
300.1525
300.15204
300.1516
300.1512
300.15083
300.15049
300.15018
300.14992
300.14969
300.14951
300.14937
300.14927
300.14922
300.14922
300.14926
300.14936
300.14951
300.14972
300.14998
300.1503
300.15067
300.15111
300.15162
300.15219
300.15282
300.15353
300.15431
300.15517
300.1561
300.15712
300.15821
300.15938
300.16065
300.162
300.16343
300.16495
300.16675
300.1687
300.17025
300.17173
300.17365
300.17577
300.17795
300.18022
300.18257
300.18502
300.18755
300.19018
300.1929
300.19571
300.19861
300.20159
300.20466
300.20781
300.21102
300.21432
300.21768
300.22112
300.22461
300.22815
300.23172
300.2353
300.23891
300.24254
300.24622
300.24993
300.25363
300.25725
300.26081
300.26429
300.26776
300.27133
300.27513
300.27873
300.28201
300.28519
300.28815
300.29112
300.29439
300.29753
300.30045
300.3032
300.30586
300.30853
300.31125
300.31403
300.31678
300.31948
300.32208
300.32451
300.32709
300.32995
300.33227
300.33465
300.33754
300.34027
300.34181
300.34408
300.34661
300.34903
300.35127
300.35338
300.35535
300.35713
300.35868
300.35997
300.36097
300.36165
300.36203
300.36204
300.36177
300.3613
300.36008
300.35939
300.35855
300.35734
300.35601
300.35463
300.35321
300.3518
300.35039
300.34902
300.34767
300.34637
300.34512
300.34391
300.34275
300.34164
300.34057
300.33954
300.33855
300.33759
300.33665
300.33574
300.33485
300.33396
300.33308
300.3322
300.33126
300.33022
300.32942
300.32896
300.32816
300.32722
300.32627
300.32536
300.32449
300.32364
300.32281
300.32198
300.32115
300.32033
300.31951
300.31869
300.31788
300.31707
300.31626
300.31546
300.31466
300.31386
300.31305
300.31218
300.31121
300.31062
300.31017
300.30948
300.30874
300.308
300.30728
300.3066
300.30597
300.30538
300.30484
300.30435
300.30401
300.30382
300.30363
300.30339
300.30304
300.30279
300.30281
300.30307
300.30353
300.30407
300.30474
300.30557
300.30655
300.30768
300.30896
300.31038
300.31194
300.31365
300.3155
300.31747
300.31957
300.3218
300.32416
300.32663
300.3292
300.33204
300.33515
300.33821
300.34095
300.34414
300.34807
300.35021
300.35411
300.35832
300.36276
300.36739
300.37225
300.37733
300.38262
300.38814
300.39386
300.39978
300.4059
300.41219
300.41865
300.42525
300.43197
300.43878
300.44563
300.4525
300.45933
300.46607
300.47269
300.47914
300.48541
300.49146
300.4973
300.5029
300.50827
300.5134
300.51828
300.52289
300.52724
300.53132
300.53511
300.5386
300.5418
300.54469
300.54728
300.54955
300.55151
300.55315
300.55448
300.55551
300.55624
300.55668
300.55684
300.55674
300.5564
300.55585
300.5551
300.55418
300.55311
300.55191
300.55061
300.54921
300.54775
300.54622
300.54466
300.54306
300.54143
300.53979
300.53814
300.53647
300.53481
300.53313
300.53145
300.52976
300.52805
300.52634
300.52461
300.52286
300.52111
300.51935
300.51759
300.51583
300.51407
300.51231
300.51056
300.50883
300.5071
300.50538
300.50367
300.50198
300.5003
300.49863
300.49698
300.49533
300.4937
300.49208
300.49047
300.48887
300.48728
300.48569
300.48411
300.48254
300.48098
300.47943
300.47788
300.47634
300.4748
300.47327
300.47175
300.47024
300.46872
300.46722
300.46572
300.46423
300.46274
300.46125
300.45977
300.45829
300.45681
300.45534
300.45386
300.45239
300.45092
300.44944
300.44797
300.44649
300.44501
300.44353
300.44204
300.44054
300.43902
300.4375
300.43596
300.4344
300.43282
300.43122
300.42961
300.42797
300.42632
300.42466
300.42298
300.42129
300.41959
300.41788
300.41616
300.41445
300.41273
300.41102
300.40932
300.40763
300.40596
300.40431
300.40268
300.40107
300.39948
300.39791
300.39636
300.39483
300.39331
300.39181
300.39031
300.38895
300.38672
300.00006
300.00018
300.00031
300.00045
300.00061
300.00077
300.00093
300.00109
300.00126
300.00143
300.0016
300.00177
300.00195
300.00212
300.0023
300.00248
300.00266
300.00284
300.00303
300.00321
300.0034
300.00359
300.00377
300.00396
300.00416
300.00435
300.00454
300.00474
300.00494
300.00513
300.00533
300.00553
300.00574
300.00594
300.00614
300.00635
300.00655
300.00676
300.00697
300.00718
300.00739
300.00761
300.00782
300.00804
300.00825
300.00847
300.00869
300.00891
300.00913
300.00936
300.00958
300.00981
300.01003
300.01026
300.01049
300.01072
300.01095
300.01119
300.01142
300.01166
300.01189
300.01213
300.01237
300.01261
300.01286
300.0131
300.01335
300.01359
300.01384
300.01409
300.01434
300.01459
300.01485
300.0151
300.01536
300.01562
300.01588
300.01614
300.0164
300.01667
300.01693
300.0172
300.01747
300.01774
300.01801
300.01829
300.01856
300.01884
300.01912
300.0194
300.01968
300.01997
300.02025
300.02054
300.02083
300.02112
300.02142
300.02171
300.02201
300.02231
300.02261
300.02291
300.02322
300.02352
300.02383
300.02414
300.02446
300.02477
300.02509
300.02541
300.02573
300.02605
300.02638
300.02671
300.02704
300.02737
300.0277
300.02804
300.02838
300.02872
300.02907
300.02941
300.02976
300.03012
300.03047
300.03083
300.03119
300.03155
300.03192
300.03228
300.03266
300.03303
300.03341
300.03379
300.03417
300.03456
300.03494
300.03534
300.03573
300.03612
300.03651
300.03694
300.03736
300.03776
300.03817
300.03859
300.03903
300.03942
300.03982
300.04025
300.04069
300.04112
300.04156
300.042
300.04244
300.04289
300.04334
300.04379
300.04424
300.0447
300.04516
300.04563
300.0461
300.04658
300.04706
300.04754
300.04803
300.04852
300.04902
300.04955
300.05007
300.05058
300.0511
300.05162
300.05215
300.05269
300.05324
300.05377
300.0543
300.05486
300.05542
300.05598
300.05655
300.05711
300.05768
300.05826
300.05883
300.05942
300.06
300.06059
300.06118
300.06177
300.06237
300.06296
300.06356
300.06415
300.06475
300.06536
300.06596
300.06658
300.06719
300.0678
300.06842
300.06905
300.06969
300.07034
300.071
300.07166
300.07233
300.07301
300.07369
300.07436
300.07504
300.07572
300.0764
300.07708
300.07776
300.07845
300.07913
300.07982
300.08051
300.08119
300.08189
300.08258
300.08328
300.08399
300.0847
300.08541
300.08613
300.08685
300.08758
300.08831
300.08904
300.08978
300.09051
300.09126
300.092
300.09274
300.09349
300.09423
300.09498
300.09572
300.09646
300.09721
300.09795
300.0987
300.09944
300.10019
300.10094
300.10169
300.10244
300.1032
300.10395
300.1047
300.10546
300.10622
300.10697
300.10773
300.10849
300.10925
300.11001
300.11077
300.11154
300.11232
300.1131
300.1139
300.1147
300.1155
300.11631
300.11712
300.11793
300.11873
300.11952
300.12031
300.12109
300.12188
300.12268
300.1235
300.12432
300.12516
300.12602
300.1269
300.12781
300.12873
300.12966
300.1306
300.13156
300.13251
300.13344
300.13446
300.13558
300.13669
300.13784
300.13885
300.13974
300.1408
300.14194
300.14312
300.14432
300.14556
300.14682
300.1481
300.14941
300.15074
300.15208
300.15344
300.15481
300.1562
300.15758
300.15896
300.16037
300.16179
300.16316
300.16443
300.16588
300.16755
300.16878
300.16966
300.17088
300.1722
300.17343
300.17458
300.17565
300.17666
300.1776
300.17846
300.17923
300.17992
300.18051
300.18101
300.18141
300.18171
300.18191
300.182
300.18199
300.18188
300.18167
300.18136
300.18097
300.18049
300.17993
300.17931
300.17863
300.17789
300.17711
300.17629
300.17544
300.17457
300.17369
300.1728
300.1719
300.17101
300.17013
300.16926
300.16841
300.16759
300.16678
300.16601
300.16526
300.16456
300.16388
300.16325
300.16266
300.16212
300.16162
300.16117
300.16077
300.16042
300.16013
300.15989
300.15972
300.1596
300.15954
300.15955
300.15963
300.15977
300.15998
300.16026
300.16061
300.16104
300.16154
300.16213
300.16279
300.16354
300.16438
300.16531
300.16633
300.16745
300.16866
300.16998
300.1714
300.17293
300.17457
300.17647
300.17858
300.1803
300.18189
300.18387
300.18616
300.18854
300.19102
300.19358
300.19624
300.19899
300.20184
300.20479
300.20783
300.21097
300.2142
300.21751
300.22088
300.22433
300.22782
300.23136
300.23496
300.23862
300.24234
300.2461
300.24983
300.25353
300.25718
300.26078
300.26438
300.26808
300.27199
300.27566
300.27902
300.28228
300.28532
300.28832
300.29166
300.29496
300.29804
300.30091
300.30362
300.30624
300.30882
300.3114
300.31395
300.31643
300.31881
300.32108
300.32329
300.32547
300.32762
300.3297
300.33197
300.33438
300.33612
300.33829
300.34177
300.34393
300.34498
300.34705
300.34945
300.35183
300.35415
300.35643
300.35863
300.3607
300.3626
300.36428
300.3657
300.3668
300.36757
300.36799
300.36799
300.36769
300.36714
300.36568
300.36487
300.36384
300.36235
300.36073
300.35905
300.35736
300.35567
300.354
300.35238
300.35081
300.34931
300.34788
300.34652
300.34524
300.34402
300.34287
300.34179
300.34077
300.3398
300.33888
300.33801
300.33717
300.33636
300.33558
300.33482
300.33407
300.33332
300.33252
300.33165
300.33116
300.33073
300.32999
300.3292
300.32842
300.32768
300.32696
300.32625
300.32555
300.32484
300.32413
300.32341
300.32269
300.32196
300.32122
300.32047
300.31972
300.31896
300.31819
300.3174
300.31653
300.31557
300.3151
300.3145
300.31376
300.31302
300.3123
300.3116
300.31092
300.31028
300.30976
300.30939
300.30903
300.30862
300.30811
300.30758
300.30732
300.3073
300.3075
300.30781
300.30822
300.30879
300.30952
300.31041
300.31144
300.31263
300.31397
300.31547
300.3171
300.31887
300.32077
300.3228
300.32496
300.3272
300.32952
300.33203
300.33483
300.33768
300.34041
300.34281
300.34505
300.34833
300.35214
300.35415
300.35779
300.36161
300.36557
300.3697
300.37403
300.37856
300.38331
300.38828
300.39346
300.39885
300.40444
300.41023
300.4162
300.42233
300.42862
300.43503
300.44155
300.44813
300.45475
300.46136
300.46791
300.47437
300.48069
300.48682
300.49276
300.49848
300.50396
300.50921
300.51421
300.51897
300.52347
300.52771
300.53168
300.53538
300.5388
300.54193
300.54477
300.54732
300.54957
300.55153
300.55318
300.55454
300.5556
300.55638
300.55688
300.55711
300.55708
300.55682
300.55633
300.55564
300.55477
300.55374
300.55258
300.55131
300.54993
300.54848
300.54697
300.54541
300.54381
300.54218
300.54053
300.53888
300.53721
300.53555
300.53388
300.53221
300.53054
300.52887
300.52719
300.5255
300.52379
300.52208
300.52035
300.51861
300.51686
300.51511
300.51336
300.51162
300.50988
300.50815
300.50643
300.50472
300.50303
300.50136
300.4997
300.49806
300.49642
300.49481
300.4932
300.4916
300.49001
300.48843
300.48686
300.4853
300.48374
300.48219
300.48064
300.4791
300.47757
300.47604
300.47451
300.473
300.47148
300.46998
300.46848
300.46698
300.46549
300.464
300.46251
300.46103
300.45955
300.45808
300.45661
300.45514
300.45367
300.45221
300.45075
300.44929
300.44783
300.44637
300.44491
300.44345
300.44199
300.44052
300.43905
300.43758
300.43609
300.43459
300.43308
300.43155
300.43001
300.42845
300.42686
300.42526
300.42364
300.42201
300.42036
300.4187
300.41703
300.41536
300.41368
300.41201
300.41035
300.4087
300.40707
300.40545
300.40385
300.40226
300.40069
300.39914
300.3976
300.39608
300.39457
300.39308
300.39157
300.39021
300.38798
)
;

boundaryField
{
    walls
    {
        type            slip;
    }
    inlet1
    {
        type            fixedValue;
        value           uniform 300;
    }
    inlet2
    {
        type            fixedValue;
        value           uniform 300;
    }
    outlet
    {
        type            fixedGradient;
        gradient        uniform 0;
    }
    frontAndBack
    {
        type            empty;
    }
}


// ************************************************************************* //
