/*--------------------------------*- C++ -*----------------------------------*\
| =========                 |                                                 |
| \\      /  F ield         | OpenFOAM: The Open Source CFD Toolbox           |
|  \\    /   O peration     | Version:  2312                                  |
|   \\  /    A nd           | Website:  www.openfoam.com                      |
|    \\/     M anipulation  |                                                 |
\*---------------------------------------------------------------------------*/
FoamFile
{
    version     2.0;
    format      ascii;
    arch        "LSB;label=64;scalar=64";
    class       surfaceScalarField;
    location    "19.15";
    object      phi;
}
// * * * * * * * * * * * * * * * * * * * * * * * * * * * * * * * * * * * * * //

dimensions      [1 0 -1 0 0 0 0];

oriented        oriented;

internalField   nonuniform List<scalar> 
45328
(
5.0794805e-06
3.6019804e-07
1.7571234e-07
4.6454507e-06
2.9207228e-07
1.4195704e-07
4.2527981e-06
2.2501186e-07
1.6763989e-07
3.9496343e-06
1.469208e-07
1.5624159e-07
3.7188436e-06
8.9994658e-08
1.4079439e-07
3.5484741e-06
4.5708516e-08
1.246592e-07
3.4208796e-06
1.6831285e-08
1.1076105e-07
3.324249e-06
-3.4984851e-09
1.0012646e-07
3.2481042e-06
-1.5878053e-08
9.2020375e-08
3.1879287e-06
-2.5346913e-08
8.5519065e-08
3.138664e-06
-3.0818278e-08
8.0079757e-08
3.097565e-06
-3.4777752e-08
7.5873275e-08
3.0629442e-06
-3.7663283e-08
7.2280459e-08
3.0333738e-06
-3.9708992e-08
6.9275615e-08
3.0079622e-06
-4.1203539e-08
6.6611098e-08
2.9857449e-06
-4.2159694e-08
6.4372879e-08
2.9662383e-06
-4.2811643e-08
6.2313744e-08
2.9488318e-06
-4.3130854e-08
6.053304e-08
2.9332437e-06
-4.3245032e-08
5.8828397e-08
2.9190988e-06
-4.3208749e-08
5.734878e-08
2.9061725e-06
-4.299839e-08
5.5919967e-08
2.8944245e-06
-4.2865572e-08
5.460836e-08
2.8836787e-06
-4.2654369e-08
5.339501e-08
2.8738169e-06
-4.239689e-08
5.2253276e-08
2.8647358e-06
-4.2101848e-08
5.1177507e-08
2.8563437e-06
-4.178073e-08
5.016715e-08
2.8485586e-06
-4.1439935e-08
4.9219247e-08
2.8412977e-06
-4.1070679e-08
4.8325637e-08
2.8345108e-06
-4.0702103e-08
4.7482951e-08
2.828161e-06
-4.0337745e-08
4.6681264e-08
2.822204e-06
-3.9965275e-08
4.5915837e-08
2.8166103e-06
-3.9598236e-08
4.5185404e-08
2.8113477e-06
-3.92288e-08
4.4484741e-08
2.8063954e-06
-3.8870291e-08
4.3815784e-08
2.8017278e-06
-3.8510802e-08
4.3171353e-08
2.7973198e-06
-3.815654e-08
4.2557235e-08
2.7931467e-06
-3.7798755e-08
4.19646e-08
2.7891919e-06
-3.7451786e-08
4.1399341e-08
2.785434e-06
-3.7101239e-08
4.0851375e-08
2.7818654e-06
-3.6767004e-08
4.0328016e-08
2.7784647e-06
-3.6426233e-08
3.9819135e-08
2.7752318e-06
-3.6106764e-08
3.9331742e-08
2.7721441e-06
-3.5778205e-08
3.8857898e-08
2.7692059e-06
-3.5472001e-08
3.8401928e-08
2.7664012e-06
-3.5163394e-08
3.7959543e-08
2.7637258e-06
-3.4862205e-08
3.7529185e-08
2.7611675e-06
-3.4561491e-08
3.7110876e-08
2.7587264e-06
-3.4276372e-08
3.6708517e-08
2.7563901e-06
-3.4007667e-08
3.6335048e-08
2.7541423e-06
-3.3719652e-08
3.5957954e-08
2.7519804e-06
-3.3438643e-08
3.5591127e-08
2.7499022e-06
-3.3165305e-08
3.523382e-08
2.7479029e-06
-3.2897667e-08
3.4887158e-08
2.7459821e-06
-3.2638374e-08
3.4549157e-08
2.7441351e-06
-3.2383839e-08
3.4220645e-08
2.7423626e-06
-3.2138054e-08
3.3900185e-08
2.7406568e-06
-3.1893001e-08
3.3588293e-08
2.7390211e-06
-3.1660067e-08
3.3285084e-08
2.7374438e-06
-3.1421925e-08
3.2988023e-08
2.7359321e-06
-3.1201898e-08
3.2702317e-08
2.7344703e-06
-3.0968435e-08
3.24184e-08
2.7330696e-06
-3.0761817e-08
3.2150563e-08
2.7317102e-06
-3.0531679e-08
3.1878954e-08
2.730409e-06
-3.0338562e-08
3.162724e-08
2.7291382e-06
-3.0111652e-08
3.1369578e-08
2.7279325e-06
-2.9931343e-08
3.1123915e-08
2.7267758e-06
-2.9735398e-08
3.0878767e-08
2.7256606e-06
-2.9544713e-08
3.0645864e-08
2.7245827e-06
-2.9350991e-08
3.0414555e-08
2.7235446e-06
-2.9162512e-08
3.0185987e-08
2.7225458e-06
-2.8978119e-08
2.9961657e-08
2.7215847e-06
-2.8795641e-08
2.974096e-08
2.7206593e-06
-2.8617214e-08
2.9526486e-08
2.7197661e-06
-2.8439061e-08
2.9315797e-08
2.7189042e-06
-2.826605e-08
2.9110757e-08
2.7180704e-06
-2.809288e-08
2.8909194e-08
2.717266e-06
-2.7926103e-08
2.8712429e-08
2.7164868e-06
-2.7758884e-08
2.8519539e-08
2.7157357e-06
-2.7598118e-08
2.833002e-08
2.7150083e-06
-2.7437849e-08
2.8145605e-08
2.714308e-06
-2.7282443e-08
2.7962583e-08
2.7136312e-06
-2.7130315e-08
2.7786395e-08
2.7129808e-06
-2.6980153e-08
2.7609377e-08
2.7123542e-06
-2.6835229e-08
2.7440014e-08
2.7117565e-06
-2.6694496e-08
2.7269808e-08
2.7111776e-06
-2.6548113e-08
2.7104174e-08
2.7106162e-06
-2.6402517e-08
2.694063e-08
2.7100734e-06
-2.6265649e-08
2.6784652e-08
2.7095458e-06
-2.6127267e-08
2.6630473e-08
2.7090336e-06
-2.5988788e-08
2.6476307e-08
2.7085382e-06
-2.5851566e-08
2.6321783e-08
2.7080595e-06
-2.571714e-08
2.6170341e-08
2.7075971e-06
-2.5584925e-08
2.6021325e-08
2.7071507e-06
-2.5455261e-08
2.5875313e-08
2.7067203e-06
-2.532737e-08
2.5731043e-08
2.7063053e-06
-2.5201668e-08
2.5589525e-08
2.705906e-06
-2.5077811e-08
2.5449493e-08
2.7055214e-06
-2.4955582e-08
2.5312228e-08
2.7051521e-06
-2.4835803e-08
2.5176641e-08
2.7047963e-06
-2.4716767e-08
2.5043718e-08
2.7044553e-06
-2.460121e-08
2.4912792e-08
2.7041259e-06
-2.4485053e-08
2.4784345e-08
2.7038111e-06
-2.4373746e-08
2.4657994e-08
2.7035057e-06
-2.426012e-08
2.4534397e-08
2.7032145e-06
-2.4152551e-08
2.4412096e-08
2.7029312e-06
-2.4041825e-08
2.4293069e-08
2.7026622e-06
-2.3937056e-08
2.4173496e-08
2.702402e-06
-2.3829034e-08
2.4056268e-08
2.7021574e-06
-2.3728489e-08
2.3939819e-08
2.7019282e-06
-2.3630353e-08
2.3825933e-08
2.701708e-06
-2.3527252e-08
2.3713198e-08
2.7014968e-06
-2.3424641e-08
2.3601321e-08
2.7012953e-06
-2.3324113e-08
2.3490564e-08
2.7011041e-06
-2.3225056e-08
2.338105e-08
2.7009228e-06
-2.3127227e-08
2.3272705e-08
2.700751e-06
-2.3030254e-08
2.3165805e-08
2.7005883e-06
-2.2934287e-08
2.3060259e-08
2.7004338e-06
-2.2838845e-08
2.2956038e-08
2.7002876e-06
-2.274458e-08
2.2853112e-08
2.700149e-06
-2.2651117e-08
2.2751502e-08
2.700018e-06
-2.2558878e-08
2.2650957e-08
2.6998944e-06
-2.2467603e-08
2.2551754e-08
2.6997781e-06
-2.2377233e-08
2.2453659e-08
2.699669e-06
-2.2288403e-08
2.235705e-08
2.6995671e-06
-2.2200153e-08
2.226128e-08
2.6994727e-06
-2.2113872e-08
2.2167038e-08
2.6993852e-06
-2.2027809e-08
2.2073603e-08
2.6993055e-06
-2.1943985e-08
2.1981513e-08
2.6992327e-06
-2.1860262e-08
2.1890333e-08
2.6991674e-06
-2.1777985e-08
2.1800335e-08
2.6991099e-06
-2.1696819e-08
2.171118e-08
2.6990576e-06
-2.161481e-08
2.1623305e-08
2.6990104e-06
-2.1532118e-08
2.1535235e-08
2.6989682e-06
-2.145247e-08
2.1449929e-08
2.6989304e-06
-2.1373992e-08
2.1366343e-08
2.6988966e-06
-2.1295874e-08
2.128346e-08
2.6988664e-06
-2.1217947e-08
2.1200821e-08
2.69884e-06
-2.1140452e-08
2.1118496e-08
2.6988181e-06
-2.1063554e-08
2.1036004e-08
2.6988005e-06
-2.0987661e-08
2.095458e-08
2.6987869e-06
-2.0912442e-08
2.087421e-08
2.6987769e-06
-2.0838066e-08
2.0794772e-08
2.6987707e-06
-2.0764306e-08
2.0715887e-08
2.698768e-06
-2.0691193e-08
2.0637687e-08
2.6987689e-06
-2.0618612e-08
2.0560114e-08
2.6987731e-06
-2.0546537e-08
2.0483168e-08
2.6987807e-06
-2.0475154e-08
2.040689e-08
2.6987912e-06
-2.0404027e-08
2.0331092e-08
2.6988048e-06
-2.0333462e-08
2.0255963e-08
2.6988212e-06
-2.0262974e-08
2.0180984e-08
2.6988406e-06
-2.0193031e-08
2.0106542e-08
2.6988628e-06
-2.0122973e-08
2.00321e-08
2.6988879e-06
-2.0053242e-08
1.9958231e-08
2.6989162e-06
-1.9983619e-08
1.9884198e-08
2.6989473e-06
-1.9914136e-08
1.9810626e-08
2.6989817e-06
-1.9844784e-08
1.9736922e-08
2.6990192e-06
-1.9775845e-08
1.966367e-08
2.6990594e-06
-1.9706592e-08
1.9590623e-08
2.699103e-06
-1.9638845e-08
1.9518318e-08
2.6991505e-06
-1.9572516e-08
1.9446513e-08
2.6992018e-06
-1.950658e-08
1.937557e-08
2.6992548e-06
-1.9440068e-08
1.9305473e-08
2.6993091e-06
-1.9373494e-08
1.9235949e-08
2.6993646e-06
-1.9307516e-08
1.9166981e-08
2.699421e-06
-1.9242298e-08
1.9098481e-08
2.6994788e-06
-1.9177543e-08
1.9030412e-08
2.6995377e-06
-1.9113297e-08
1.8962754e-08
2.6995977e-06
-1.9049297e-08
1.8895469e-08
2.6996587e-06
-1.8985734e-08
1.8828587e-08
2.6997205e-06
-1.892238e-08
1.8762083e-08
2.6997831e-06
-1.8859438e-08
1.8695885e-08
2.6998462e-06
-1.8796547e-08
1.8629925e-08
2.6999098e-06
-1.8733943e-08
1.8564351e-08
2.6999735e-06
-1.8671382e-08
1.8498827e-08
2.7000374e-06
-1.8608949e-08
1.8433706e-08
2.7001015e-06
-1.8546636e-08
1.8368592e-08
2.7001658e-06
-1.8484461e-08
1.8303651e-08
2.7002304e-06
-1.8422378e-08
1.8238747e-08
2.7002953e-06
-1.8360284e-08
1.8173968e-08
2.7003608e-06
-1.8298408e-08
1.8109085e-08
2.7004265e-06
-1.8236264e-08
1.8044215e-08
2.7004926e-06
-1.8174387e-08
1.7979422e-08
2.7005585e-06
-1.8112066e-08
1.7914605e-08
2.7006248e-06
-1.8050068e-08
1.7849648e-08
2.7006905e-06
-1.7987509e-08
1.778475e-08
2.7007557e-06
-1.7925045e-08
1.7720049e-08
2.7008206e-06
-1.7863058e-08
1.7655415e-08
2.7008853e-06
-1.7801197e-08
1.7590835e-08
2.7009496e-06
-1.7739371e-08
1.7526659e-08
2.7010135e-06
-1.7677661e-08
1.7462645e-08
2.7010767e-06
-1.761599e-08
1.7398688e-08
2.7011398e-06
-1.7554164e-08
1.7334504e-08
2.7012029e-06
-1.7492717e-08
1.7270507e-08
2.7012658e-06
-1.7431018e-08
1.720646e-08
2.7013287e-06
-1.7370151e-08
1.7143428e-08
2.7013927e-06
-1.7309036e-08
1.7079045e-08
2.7014558e-06
-1.7249004e-08
1.7017526e-08
2.7015193e-06
-1.7188107e-08
1.6954424e-08
2.7015854e-06
-1.712935e-08
1.6890805e-08
2.701647e-06
-1.7069676e-08
1.683266e-08
2.7017092e-06
-1.7007292e-08
1.6767385e-08
2.7017681e-06
-1.6949405e-08
1.6710108e-08
2.7018351e-06
-1.688521e-08
1.6635576e-08
2.7019135e-06
-1.6834625e-08
1.6572281e-08
2.7019735e-06
-1.6780614e-08
1.6531425e-08
2.7020182e-06
-1.6711089e-08
1.6468553e-08
2.7020802e-06
-1.6655934e-08
1.6392197e-08
2.7021356e-06
-1.6614824e-08
1.6355187e-08
2.7021794e-06
-1.6550354e-08
1.6296467e-08
2.7022423e-06
-1.649175e-08
1.6214862e-08
2.7022916e-06
-1.6457228e-08
1.6190488e-08
2.7023165e-06
-1.640431e-08
1.6155404e-08
2.7023619e-06
-1.6345009e-08
1.607224e-08
2.7024165e-06
-1.6316337e-08
1.6035009e-08
2.7024486e-06
-1.6277527e-08
1.601792e-08
2.7024871e-06
-1.6233026e-08
1.5962844e-08
2.702527e-06
-1.6206667e-08
1.5924821e-08
2.7025207e-06
-1.6171187e-08
1.5915101e-08
2.702487e-06
-1.6104447e-08
1.5855556e-08
2.7024625e-06
-1.604144e-08
1.5777553e-08
2.7024603e-06
-1.597985e-08
1.5701177e-08
2.7025055e-06
-1.5915869e-08
1.5606192e-08
2.7025641e-06
-1.5890397e-08
1.5585286e-08
2.7026059e-06
-1.5867404e-08
1.5591913e-08
2.7026854e-06
-1.5845409e-08
1.55361e-08
2.7027511e-06
-1.584001e-08
1.5533681e-08
2.7027571e-06
-1.5835036e-08
1.5564601e-08
2.702739e-06
-1.5814293e-08
1.5538724e-08
2.7027086e-06
-1.5767952e-08
1.5478917e-08
2.7026617e-06
-1.572711e-08
1.5440358e-08
2.7026186e-06
-1.5690324e-08
1.5394406e-08
2.702587e-06
-1.5626242e-08
1.5316618e-08
2.7025619e-06
-1.5568255e-08
1.525158e-08
2.7025308e-06
-1.5532294e-08
1.5216463e-08
2.7024863e-06
-1.5479872e-08
1.5163085e-08
2.7024274e-06
-1.5419202e-08
1.5096435e-08
2.7023348e-06
-1.5374879e-08
1.5060296e-08
2.7022129e-06
-1.5322202e-08
1.5006137e-08
2.7020664e-06
-1.5248457e-08
1.4924245e-08
2.701877e-06
-1.518364e-08
1.4871935e-08
2.7016578e-06
-1.5121694e-08
1.4814863e-08
2.701433e-06
-1.5049899e-08
1.4733811e-08
2.7011984e-06
-1.4965639e-08
1.4654135e-08
2.7009749e-06
-1.4889563e-08
1.4576756e-08
2.7007902e-06
-1.4836802e-08
1.4513283e-08
2.7006275e-06
-1.4779999e-08
1.4469163e-08
2.7005195e-06
-1.4713353e-08
1.4385838e-08
2.700474e-06
-1.4684212e-08
1.4336081e-08
2.7004313e-06
-1.467843e-08
1.435422e-08
2.7003786e-06
-1.4649765e-08
1.4339795e-08
2.7003087e-06
-1.4631382e-08
1.4323407e-08
2.7001992e-06
-1.4612918e-08
1.4309594e-08
2.7000419e-06
-1.4571308e-08
1.4267332e-08
2.6998239e-06
-1.4527407e-08
1.4230345e-08
2.6995545e-06
-1.4471541e-08
1.4175528e-08
2.6992456e-06
-1.4410173e-08
1.4116293e-08
2.6989238e-06
-1.4348407e-08
1.4048346e-08
2.6986162e-06
-1.4272743e-08
1.3959641e-08
2.698325e-06
-1.4209345e-08
1.3898085e-08
2.6980694e-06
-1.4152973e-08
1.3838617e-08
2.6978461e-06
-1.4091276e-08
1.3784692e-08
2.6976635e-06
-1.4043081e-08
1.3739256e-08
2.6975594e-06
-1.4009675e-08
1.3677332e-08
2.6974833e-06
-1.3983835e-08
1.3665645e-08
2.6974307e-06
-1.3965714e-08
1.3657339e-08
2.6974296e-06
-1.39675e-08
1.3640146e-08
2.6974183e-06
-1.3962595e-08
1.3666074e-08
2.6974315e-06
-1.3941653e-08
1.3641029e-08
2.6975146e-06
-1.3963954e-08
1.3625948e-08
2.6976057e-06
-1.3977935e-08
1.3663758e-08
2.6977688e-06
-1.3971317e-08
1.3623918e-08
2.6979952e-06
-1.4022456e-08
1.3653741e-08
2.6982212e-06
-1.4066683e-08
1.3729069e-08
2.6984901e-06
-1.4079886e-08
1.3724477e-08
2.6987946e-06
-1.4112147e-08
1.3746635e-08
2.6991356e-06
-1.4137318e-08
1.376487e-08
2.6995278e-06
-1.4152414e-08
1.376239e-08
2.6999632e-06
-1.4164722e-08
1.3770626e-08
2.7004749e-06
-1.4194989e-08
1.3769973e-08
2.7010008e-06
-1.4211549e-08
1.380561e-08
2.701552e-06
-1.4209391e-08
1.3800544e-08
2.702148e-06
-1.423061e-08
1.3798564e-08
2.7027573e-06
-1.423912e-08
1.380276e-08
2.7034296e-06
-1.4230251e-08
1.3731804e-08
2.704082e-06
-1.42851e-08
1.3793278e-08
2.7046319e-06
-1.4323995e-08
1.3900602e-08
2.7051353e-06
-1.432952e-08
1.3905074e-08
2.7055902e-06
-1.4337698e-08
1.3904091e-08
2.7059814e-06
-1.4324245e-08
1.3885535e-08
2.7063052e-06
-1.4283488e-08
1.3834305e-08
2.7065281e-06
-1.4238202e-08
1.3803272e-08
2.7066627e-06
-1.4183362e-08
1.3746397e-08
2.7067116e-06
-1.4111364e-08
1.3670399e-08
2.7066764e-06
-1.4053028e-08
1.3603703e-08
2.7065172e-06
-1.3979062e-08
1.3555529e-08
2.706241e-06
-1.3901679e-08
1.3489488e-08
2.7058614e-06
-1.3805324e-08
1.3387235e-08
2.705352e-06
-1.3712747e-08
1.3312633e-08
2.7047043e-06
-1.3621977e-08
1.324577e-08
2.7039376e-06
-1.351756e-08
1.3144518e-08
2.7030496e-06
-1.3382082e-08
1.3015758e-08
2.7020295e-06
-1.3265268e-08
1.29222e-08
2.7009046e-06
-1.312472e-08
1.2784927e-08
2.6996899e-06
-1.296017e-08
1.2618697e-08
2.6984033e-06
-1.2805361e-08
1.2459452e-08
2.6970525e-06
-1.264213e-08
1.2298293e-08
2.6956699e-06
-1.2473305e-08
1.2115102e-08
2.6942567e-06
-1.2324607e-08
1.1969294e-08
2.6928212e-06
-1.2191898e-08
1.1852353e-08
2.6914234e-06
-1.2058397e-08
1.170378e-08
2.690089e-06
-1.194857e-08
1.1586727e-08
2.6888372e-06
-1.1871358e-08
1.1511884e-08
2.6876921e-06
-1.1811305e-08
1.1448855e-08
2.6866731e-06
-1.176062e-08
1.1389611e-08
2.6857762e-06
-1.1731509e-08
1.1361873e-08
2.6850113e-06
-1.17188e-08
1.1343453e-08
2.6843837e-06
-1.1727786e-08
1.1344936e-08
2.6838784e-06
-1.1748532e-08
1.1370979e-08
2.6835233e-06
-1.1780523e-08
1.1380646e-08
2.6833235e-06
-1.1826963e-08
1.1405938e-08
2.6832427e-06
-1.1888325e-08
1.1488023e-08
2.683309e-06
-1.1963658e-08
1.1558067e-08
2.6835853e-06
-1.2055167e-08
1.1603319e-08
2.6840606e-06
-1.2177213e-08
1.1700777e-08
2.6847005e-06
-1.2304174e-08
1.1833476e-08
2.6855456e-06
-1.2427567e-08
1.1916441e-08
2.6864856e-06
-1.2572954e-08
1.2015302e-08
2.6874132e-06
-1.2703837e-08
1.2175164e-08
2.6883385e-06
-1.2810532e-08
1.2262282e-08
2.6892714e-06
-1.2916233e-08
1.2331972e-08
2.6900864e-06
-1.301496e-08
1.2473581e-08
2.6908137e-06
-1.3086561e-08
1.2514616e-08
2.6914042e-06
-1.309432e-08
1.2521856e-08
2.6918142e-06
-1.3122524e-08
1.2582822e-08
2.6920484e-06
-1.3112898e-08
1.2593815e-08
2.6921263e-06
-1.3058385e-08
1.2535555e-08
2.692057e-06
-1.2989748e-08
1.2443653e-08
2.6917696e-06
-1.2863095e-08
1.235431e-08
2.6912765e-06
-1.2722434e-08
1.2231654e-08
2.690587e-06
-1.2565479e-08
1.2081067e-08
2.6896997e-06
-1.2382317e-08
1.1903837e-08
2.688608e-06
-1.2177095e-08
1.1713984e-08
2.687322e-06
-1.1954577e-08
1.1503653e-08
2.6858734e-06
-1.17144e-08
1.125508e-08
2.6842611e-06
-1.1481678e-08
1.1031413e-08
2.6824975e-06
-1.1253682e-08
1.0815321e-08
2.6806167e-06
-1.1031787e-08
1.0587767e-08
2.6786064e-06
-1.083354e-08
1.0413087e-08
2.6764791e-06
-1.0649476e-08
1.0257164e-08
2.6742647e-06
-1.0461906e-08
1.0084208e-08
2.6719834e-06
-1.0284362e-08
9.9172328e-09
2.6696587e-06
-1.0137034e-08
9.7747068e-09
2.6673192e-06
-9.9913708e-09
9.6237813e-09
2.6649752e-06
-9.8499346e-09
9.4872097e-09
2.6626385e-06
-9.7323518e-09
9.3823629e-09
2.6603387e-06
-9.6270352e-09
9.2810919e-09
2.6581215e-06
-9.5292267e-09
9.1673673e-09
2.6560067e-06
-9.4526151e-09
9.0777879e-09
2.6540061e-06
-9.3978043e-09
9.0146588e-09
2.6521333e-06
-9.3630108e-09
8.9704044e-09
2.6503791e-06
-9.3546753e-09
8.9649532e-09
2.6487461e-06
-9.3505186e-09
8.9591694e-09
2.6472672e-06
-9.3414587e-09
8.9188323e-09
2.6459336e-06
-9.3722936e-09
8.931627e-09
2.6447082e-06
-9.4397161e-09
9.0072847e-09
2.6435886e-06
-9.5064676e-09
9.0640242e-09
2.6425507e-06
-9.5743515e-09
9.1242018e-09
2.6415597e-06
-9.6275321e-09
9.1794523e-09
2.6406061e-06
-9.6650923e-09
9.2061239e-09
2.6396629e-06
-9.6895443e-09
9.2272594e-09
2.6387035e-06
-9.6950603e-09
9.2377017e-09
2.637736e-06
-9.6635291e-09
9.1898378e-09
2.636771e-06
-9.6110822e-09
9.1077652e-09
2.6358046e-06
-9.5377177e-09
9.0119356e-09
2.6348182e-06
-9.4652259e-09
8.9359746e-09
2.6338216e-06
-9.3963139e-09
8.8494216e-09
2.6328121e-06
-9.3183181e-09
8.7449776e-09
2.6317414e-06
-9.240896e-09
8.671408e-09
2.6305508e-06
-9.1784065e-09
8.6441445e-09
2.6292258e-06
-9.0977625e-09
8.5816483e-09
2.6277459e-06
-9.0136729e-09
8.5097782e-09
2.6260673e-06
-8.8879046e-09
8.4247942e-09
2.6242121e-06
-8.7207899e-09
8.2799976e-09
2.6222369e-06
-8.5589886e-09
8.1039691e-09
2.6201569e-06
-8.3740894e-09
7.9131639e-09
2.617979e-06
-8.1688341e-09
7.7181634e-09
2.6157383e-06
-7.970002e-09
7.5158222e-09
2.6134507e-06
-7.7749882e-09
7.3173974e-09
2.6111242e-06
-7.5784881e-09
7.1174422e-09
2.6087524e-06
-7.4037216e-09
6.9521038e-09
2.6063169e-06
-7.2400401e-09
6.8214692e-09
2.6038254e-06
-7.0721642e-09
6.6877872e-09
2.6012975e-06
-6.9249033e-09
6.5648429e-09
2.5987475e-06
-6.7756298e-09
6.4272383e-09
2.5961626e-06
-6.6006915e-09
6.273877e-09
2.5935356e-06
-6.4124777e-09
6.1103358e-09
2.5908435e-06
-6.2069669e-09
5.9420953e-09
2.5880843e-06
-5.9784755e-09
5.7397287e-09
2.5852729e-06
-5.7266005e-09
5.4866756e-09
2.582364e-06
-5.4580087e-09
5.246052e-09
2.579341e-06
-5.1817954e-09
4.9905857e-09
2.5761893e-06
-4.8821858e-09
4.6955608e-09
2.5728136e-06
-4.561779e-09
4.4356852e-09
2.569155e-06
-4.2253094e-09
4.174598e-09
2.5652082e-06
-3.8667145e-09
3.8603067e-09
2.5609478e-06
-3.4694763e-09
3.5085557e-09
2.5563454e-06
-3.0288962e-09
3.1334078e-09
2.5514078e-06
-2.5529605e-09
2.725915e-09
2.5462159e-06
-2.049076e-09
2.2384454e-09
2.5408119e-06
-1.5159922e-09
1.722102e-09
2.5352142e-06
-9.6017683e-10
1.2147319e-09
2.529506e-06
-3.9024206e-10
6.686407e-10
2.5237637e-06
1.933671e-10
9.0972119e-11
2.5180137e-06
7.6936724e-10
-4.5308424e-10
2.5123102e-06
1.3299939e-09
-9.9257758e-10
2.5066833e-06
1.8622268e-09
-1.5025154e-09
2.5011207e-06
2.3681093e-09
-1.9552271e-09
2.4956376e-06
2.8354377e-09
-2.3746356e-09
2.490257e-06
3.2606904e-09
-2.7676528e-09
2.4849631e-06
3.6571537e-09
-3.1055838e-09
2.479771e-06
4.0198853e-09
-3.410884e-09
2.4747378e-06
4.3425956e-09
-3.7183137e-09
2.4698561e-06
4.6273345e-09
-3.9754098e-09
2.4650957e-06
4.8809183e-09
-4.184197e-09
2.4604127e-06
5.0979914e-09
-4.3464552e-09
2.4557354e-06
5.2798033e-09
-4.4551451e-09
2.4509916e-06
5.4497922e-09
-4.5424189e-09
2.4461463e-06
5.6176721e-09
-4.6451443e-09
2.4411649e-06
5.7720708e-09
-4.7380504e-09
2.4360152e-06
5.9512244e-09
-4.8465467e-09
2.4307375e-06
6.1795227e-09
-5.0389337e-09
2.4253784e-06
6.3986758e-09
-5.2457931e-09
2.4199421e-06
6.6405548e-09
-5.4480807e-09
2.4144689e-06
6.9188415e-09
-5.6829936e-09
2.4090269e-06
7.186741e-09
-5.9201439e-09
2.4037142e-06
7.4132092e-09
-6.1543446e-09
2.3985933e-06
7.592019e-09
-6.3468342e-09
2.3936908e-06
7.7419546e-09
-6.4871171e-09
2.389041e-06
7.8716433e-09
-6.5980821e-09
2.3846734e-06
7.9816909e-09
-6.6823018e-09
2.3806149e-06
8.055296e-09
-6.7289765e-09
2.3768812e-06
8.1038896e-09
-6.7483636e-09
2.3734804e-06
8.126567e-09
-6.7376216e-09
2.3704305e-06
8.1211424e-09
-6.7087336e-09
2.3677372e-06
8.0706104e-09
-6.6325723e-09
2.3654052e-06
7.9797804e-09
-6.517566e-09
2.3634522e-06
7.8608893e-09
-6.3947825e-09
2.3618422e-06
7.7409892e-09
-6.239973e-09
2.3605594e-06
7.5973055e-09
-6.0498402e-09
2.3596061e-06
7.4463475e-09
-5.8496448e-09
2.3589767e-06
7.2555508e-09
-5.5955951e-09
2.3587289e-06
7.0259767e-09
-5.3317577e-09
2.3588058e-06
6.8071566e-09
-5.0269864e-09
2.3590193e-06
6.5405352e-09
-4.7407371e-09
2.3594304e-06
6.239985e-09
-4.3715764e-09
2.3602084e-06
5.8325114e-09
-3.9613037e-09
2.3614256e-06
5.3362861e-09
-3.5210963e-09
2.3630279e-06
4.8632627e-09
-3.073561e-09
2.3649525e-06
4.4054795e-09
-2.6058355e-09
2.3671645e-06
3.9385881e-09
-2.1075177e-09
2.3696611e-06
3.4434779e-09
-1.5814199e-09
2.3724306e-06
2.9267491e-09
-1.0293344e-09
2.3754616e-06
2.3869311e-09
-4.5241677e-10
2.3787599e-06
1.8132362e-09
1.4331736e-10
2.3823248e-06
1.1887313e-09
7.8068041e-10
2.3861153e-06
4.8850879e-10
1.5202497e-09
2.3900095e-06
-2.1177504e-10
2.3468489e-09
2.3939609e-06
-9.44131e-10
3.1964551e-09
2.3979453e-06
-1.6959487e-09
4.0357988e-09
2.4019433e-06
-2.4751565e-09
4.8808997e-09
2.405927e-06
-3.2516572e-09
5.7053242e-09
2.4098017e-06
-4.0053489e-09
6.5570527e-09
2.4134655e-06
-4.7098925e-09
7.4378481e-09
2.4172099e-06
-5.7988156e-09
8.3789407e-09
2.4212461e-06
-7.270442e-09
9.4012429e-09
2.4252569e-06
-8.4537968e-09
1.0350172e-08
2.4288944e-06
-9.407036e-09
1.1336006e-08
2.4320722e-06
-1.0386062e-08
1.2371139e-08
2.4348084e-06
-1.1437525e-08
1.3374477e-08
2.4368826e-06
-1.2494062e-08
1.4327019e-08
2.4382433e-06
-1.3563911e-08
1.5167642e-08
2.4389995e-06
-1.4389725e-08
1.6293966e-08
2.4386989e-06
-1.5457218e-08
1.7807012e-08
2.4371591e-06
-1.6327206e-08
1.9104051e-08
2.4349395e-06
-1.7577352e-08
2.0089209e-08
2.4318312e-06
-1.8637515e-08
2.1028973e-08
2.4277289e-06
-1.9638557e-08
2.1965116e-08
2.4225184e-06
-2.0548137e-08
2.2883839e-08
2.416062e-06
-2.1340683e-08
2.3850427e-08
2.4081522e-06
-2.1664474e-08
2.4645237e-08
2.401012e-06
-2.4268743e-08
2.5441826e-08
2.3926558e-06
-2.4550519e-08
2.5846239e-08
2.3830355e-06
-2.478621e-08
2.6271318e-08
2.3723072e-06
-2.4992834e-08
2.6552754e-08
2.3606588e-06
-2.5224252e-08
2.6707231e-08
2.3481794e-06
-2.542787e-08
2.6829156e-08
2.3350732e-06
-2.5602466e-08
2.6805175e-08
2.3213222e-06
-2.5705099e-08
2.6805816e-08
2.3069397e-06
-2.5501072e-08
2.6562705e-08
2.2912842e-06
-2.5553988e-08
2.7253326e-08
2.2753742e-06
-2.5420425e-08
2.6803845e-08
2.2591172e-06
-2.5230196e-08
2.644661e-08
2.2425263e-06
-2.4973281e-08
2.6061043e-08
2.2256052e-06
-2.463348e-08
2.5635054e-08
2.2083812e-06
-2.422647e-08
2.5156084e-08
2.1908854e-06
-2.3743095e-08
2.46081e-08
2.1731445e-06
-2.3177569e-08
2.3985594e-08
2.1551855e-06
-2.2520591e-08
2.3279168e-08
2.1370814e-06
-2.1775837e-08
2.2467313e-08
2.1188554e-06
-2.0930839e-08
2.1553614e-08
2.100513e-06
-1.9977503e-08
2.0538486e-08
2.0820499e-06
-1.8918588e-08
1.9435519e-08
2.0634731e-06
-1.7759573e-08
1.824161e-08
2.0448051e-06
-1.6505956e-08
1.6949367e-08
2.0260712e-06
-1.5155176e-08
1.5554162e-08
2.007294e-06
-1.3710554e-08
1.4062159e-08
1.9884894e-06
-1.217039e-08
1.2477887e-08
1.969676e-06
-1.0548986e-08
1.0811853e-08
1.9508748e-06
-8.8487235e-09
9.0633301e-09
1.9320837e-06
-7.0675461e-09
7.2519666e-09
1.9133091e-06
-5.2149671e-09
5.3775824e-09
1.8945807e-06
-3.3067336e-09
3.4310705e-09
1.8759149e-06
-1.3593313e-09
1.4396826e-09
1.8573227e-06
6.236367e-10
-5.8615779e-10
1.8388179e-06
2.6338753e-09
-2.630582e-09
1.8204221e-06
4.6615729e-09
-4.6917936e-09
1.802152e-06
6.6963119e-09
-6.7574253e-09
1.7840173e-06
8.7273628e-09
-8.812302e-09
1.7660294e-06
1.0746519e-08
-1.0852414e-08
1.7481995e-06
1.2746049e-08
-1.2871066e-08
1.7305347e-06
1.4717035e-08
-1.485617e-08
1.7130421e-06
1.6644788e-08
-1.6794015e-08
1.6957418e-06
1.8512412e-08
-1.8681283e-08
1.6786502e-06
2.0330201e-08
-2.0524974e-08
1.6617732e-06
2.2119691e-08
-2.233696e-08
1.645111e-06
2.3862802e-08
-2.4093785e-08
1.6286718e-06
2.5541255e-08
-2.5785763e-08
1.6124565e-06
2.7152358e-08
-2.7403333e-08
1.5964718e-06
2.8694873e-08
-2.8951381e-08
1.580724e-06
3.0167166e-08
-3.0428335e-08
1.5652198e-06
3.1567259e-08
-3.1833271e-08
1.5499632e-06
3.2892918e-08
-3.3161581e-08
1.5349509e-06
3.4139386e-08
-3.4401876e-08
1.5201812e-06
3.5299601e-08
-3.5549291e-08
1.5056616e-06
3.6375114e-08
-3.6615609e-08
1.4914054e-06
3.7386618e-08
-3.7627797e-08
1.4774167e-06
3.8342069e-08
-3.8585018e-08
1.4636983e-06
3.9248741e-08
-3.9493927e-08
1.4502569e-06
4.0104258e-08
-4.0356425e-08
1.4371034e-06
4.0903859e-08
-4.1171964e-08
1.4242451e-06
4.1644726e-08
-4.193512e-08
1.4116829e-06
4.2322589e-08
-4.2636625e-08
1.3994135e-06
4.2929299e-08
-4.3267264e-08
1.3874359e-06
4.3460492e-08
-4.3823433e-08
1.3757454e-06
4.3929428e-08
-4.4302439e-08
1.3643285e-06
4.4358007e-08
-4.4723828e-08
1.3531959e-06
4.47527e-08
-4.5123368e-08
1.3423568e-06
4.5114377e-08
-4.5502808e-08
1.3317949e-06
4.5448564e-08
-4.5843243e-08
1.321498e-06
4.5784655e-08
-4.6177969e-08
1.3114786e-06
4.6119511e-08
-4.6527335e-08
1.3017414e-06
4.6417725e-08
-4.6846333e-08
1.2922664e-06
4.6678311e-08
-4.7108381e-08
1.2830409e-06
4.6932631e-08
-4.7353254e-08
1.2740856e-06
4.7199556e-08
-4.763323e-08
1.2654212e-06
4.7462998e-08
-4.7931816e-08
1.2570417e-06
4.770473e-08
-4.8204316e-08
1.2489157e-06
4.7916799e-08
-4.8416866e-08
1.2410516e-06
4.8093486e-08
-4.860239e-08
1.2334546e-06
4.8231589e-08
-4.8754259e-08
1.2260693e-06
4.8330367e-08
-4.8811274e-08
1.2188874e-06
4.8414063e-08
-4.8843343e-08
1.2119866e-06
4.8490115e-08
-4.894114e-08
1.2054223e-06
4.8571883e-08
-4.90931e-08
1.1991341e-06
4.864232e-08
-4.9164989e-08
1.1930529e-06
4.8682376e-08
-4.9127089e-08
1.1872308e-06
4.8689831e-08
-4.9094727e-08
1.1817731e-06
4.8637496e-08
-4.9090409e-08
1.1766592e-06
4.8450278e-08
-4.891148e-08
1.1718525e-06
4.8110246e-08
-4.8524835e-08
1.1673738e-06
4.7655498e-08
-4.8027024e-08
1.1632208e-06
4.7023373e-08
-4.7333957e-08
1.1593752e-06
4.6146797e-08
-4.6366118e-08
1.1558105e-06
4.5024549e-08
-4.5120592e-08
1.1524919e-06
4.3669125e-08
-4.3609362e-08
1.1494583e-06
4.214162e-08
-4.1973979e-08
1.1467275e-06
4.0527155e-08
-4.0284354e-08
1.14427e-06
3.8845736e-08
-3.8518698e-08
1.1421748e-06
3.7175814e-08
-3.6876115e-08
1.1404828e-06
3.5650791e-08
-3.5438659e-08
1.139028e-06
3.4204675e-08
-3.3927662e-08
1.1378511e-06
3.2763782e-08
-3.247692e-08
1.1372086e-06
3.1527007e-08
-3.1508844e-08
1.1368662e-06
3.0550607e-08
-3.0564238e-08
1.1366632e-06
2.9505213e-08
-2.931205e-08
1.1367622e-06
2.8340329e-08
-2.8142058e-08
1.1372555e-06
2.7335433e-08
-2.7378217e-08
1.1379897e-06
2.647052e-08
-2.6459881e-08
1.1387784e-06
2.5451846e-08
-2.518273e-08
1.139834e-06
2.4370962e-08
-2.408109e-08
1.1413475e-06
2.3401119e-08
-2.3284211e-08
1.143013e-06
2.2524125e-08
-2.2271851e-08
1.1447501e-06
2.1566598e-08
-2.1098145e-08
1.1470238e-06
2.0278998e-08
-2.0060901e-08
1.1496974e-06
1.9421266e-08
-1.9313112e-08
1.1525818e-06
1.8608e-08
-1.8409204e-08
1.1553397e-06
1.7505423e-08
-1.687848e-08
1.1586067e-06
1.6461144e-08
-1.6032099e-08
1.1622415e-06
1.5534696e-08
-1.514359e-08
1.1660553e-06
1.4572021e-08
-1.401204e-08
1.1701703e-06
1.3501277e-08
-1.2872194e-08
1.1746942e-06
1.2397389e-08
-1.1781091e-08
1.1796053e-06
1.1277591e-08
-1.0623474e-08
1.1849311e-06
1.0092689e-08
-9.3976706e-09
1.1907282e-06
8.8342134e-09
-8.1229361e-09
1.1970303e-06
7.5240005e-09
-6.7978188e-09
1.2038734e-06
6.1534227e-09
-5.4158735e-09
1.2113038e-06
4.7240429e-09
-3.9887893e-09
1.2193699e-06
3.2381453e-09
-2.5213951e-09
1.2281127e-06
1.7003496e-09
-1.0109487e-09
1.2375746e-06
1.1049694e-10
5.4038862e-10
1.2477966e-06
-1.5268511e-09
2.1286617e-09
1.2588206e-06
-3.2191441e-09
3.7580219e-09
1.2706776e-06
-4.9629865e-09
5.4322449e-09
1.2833981e-06
-6.7602728e-09
7.148707e-09
1.2970057e-06
-8.6142977e-09
8.9099386e-09
1.3115102e-06
-1.0523458e-08
1.0719056e-08
1.3269126e-06
-1.2493035e-08
1.2577382e-08
1.3431908e-06
-1.4518154e-08
1.4488622e-08
1.3603142e-06
-1.6599454e-08
1.6445016e-08
1.3782299e-06
-1.8735895e-08
1.8449003e-08
1.396858e-06
-2.0923405e-08
2.0503009e-08
1.4160968e-06
-2.3157251e-08
2.2603238e-08
1.4358227e-06
-2.5435322e-08
2.474744e-08
1.4558847e-06
-2.7744989e-08
2.6929975e-08
1.4761155e-06
-3.008808e-08
2.9148977e-08
1.496319e-06
-3.2446941e-08
3.1397929e-08
1.5162869e-06
-3.481985e-08
3.3672507e-08
1.5358033e-06
-3.720328e-08
3.5964665e-08
1.5546282e-06
-3.9569044e-08
3.8264441e-08
1.5725335e-06
-4.1930459e-08
4.0570919e-08
1.5892777e-06
-4.4255787e-08
4.2869112e-08
1.6046447e-06
-4.6556611e-08
4.5157415e-08
1.6184132e-06
-4.8794724e-08
4.7427916e-08
1.630436e-06
-5.1001819e-08
4.9644909e-08
1.6405244e-06
-5.3131114e-08
5.1795035e-08
1.6486681e-06
-5.5208207e-08
5.3878753e-08
1.6549197e-06
-5.7207289e-08
5.5946016e-08
1.6584979e-06
-5.8925252e-08
5.802699e-08
1.6591428e-06
-6.0222224e-08
5.9784065e-08
1.6587777e-06
-6.199309e-08
6.1661058e-08
1.6576451e-06
-6.3374025e-08
6.2077552e-08
1.6542138e-06
-6.4602072e-08
6.372279e-08
1.648638e-06
-6.5543391e-08
6.5172718e-08
1.6415774e-06
-6.6392991e-08
6.612572e-08
1.6331555e-06
-6.7135821e-08
6.7039554e-08
1.6237246e-06
-6.7639781e-08
6.7547669e-08
1.6134582e-06
-6.7770464e-08
6.7697817e-08
1.6024763e-06
-6.7873904e-08
6.7880516e-08
1.591145e-06
-6.7801179e-08
6.7696465e-08
1.5795262e-06
-6.7396475e-08
6.7319048e-08
1.5676092e-06
-6.6723878e-08
6.6779488e-08
1.555407e-06
-6.5860132e-08
6.6092399e-08
1.543152e-06
-6.4863439e-08
6.5179458e-08
1.5309952e-06
-6.3725176e-08
6.408511e-08
1.5190485e-06
-6.2416208e-08
6.2787346e-08
1.5073686e-06
-6.090909e-08
6.1296484e-08
1.4959569e-06
-5.9206247e-08
5.9661768e-08
1.4848387e-06
-5.7334407e-08
5.7877354e-08
1.4740689e-06
-5.5316141e-08
5.5925837e-08
1.4637032e-06
-5.3159112e-08
5.3804001e-08
1.4537689e-06
-5.0859204e-08
5.1527397e-08
1.444283e-06
-4.8404861e-08
4.9086343e-08
1.435243e-06
-4.579146e-08
4.6488919e-08
1.4266358e-06
-4.3027135e-08
4.3748268e-08
1.4184611e-06
-4.0132562e-08
4.0866836e-08
1.410719e-06
-3.711533e-08
3.7846732e-08
1.4033984e-06
-3.3974978e-08
3.4694111e-08
1.396475e-06
-3.0711675e-08
3.1417504e-08
1.3899162e-06
-2.7333082e-08
2.8029099e-08
1.383686e-06
-2.3847186e-08
2.4536873e-08
1.3777487e-06
-2.0265401e-08
2.0949544e-08
1.3720694e-06
-1.659865e-08
1.7274683e-08
1.3666143e-06
-1.285997e-08
1.3523202e-08
1.3613495e-06
-9.0582377e-09
9.7024389e-09
1.3562458e-06
-5.2063216e-09
5.8205054e-09
1.35127e-06
-1.3156543e-09
1.8924045e-09
1.3463849e-06
2.6009586e-09
-2.0638655e-09
1.3415512e-06
6.5328893e-09
-6.0348166e-09
1.3367317e-06
1.0461888e-08
-1.0002959e-08
1.3318956e-06
1.4367696e-08
-1.3952219e-08
1.3270129e-06
1.823491e-08
-1.786452e-08
1.3220553e-06
2.2047324e-08
-2.1722026e-08
1.3170018e-06
2.5788864e-08
-2.5511668e-08
1.3118366e-06
2.9442472e-08
-2.9217273e-08
1.3065493e-06
3.2992155e-08
-3.282304e-08
1.3011319e-06
3.6424694e-08
-3.6313764e-08
1.2955816e-06
3.9726413e-08
-3.9675625e-08
1.2898992e-06
4.2886028e-08
-4.2895993e-08
1.2840881e-06
4.5894618e-08
-4.5963648e-08
1.2781548e-06
4.8748071e-08
-4.8873065e-08
1.2721108e-06
5.1441629e-08
-5.1620108e-08
1.2659686e-06
5.3973069e-08
-5.4200489e-08
1.2597429e-06
5.6334715e-08
-5.6606345e-08
1.2534604e-06
5.850723e-08
-5.8826875e-08
1.2471472e-06
6.0486854e-08
-6.0854038e-08
1.2408289e-06
6.2280862e-08
-6.2691189e-08
1.234528e-06
6.3888013e-08
-6.4332742e-08
1.2282897e-06
6.5311806e-08
-6.5803103e-08
1.2221423e-06
6.6562138e-08
-6.7093283e-08
1.2161278e-06
6.7658718e-08
-6.8237064e-08
1.2102786e-06
6.8571323e-08
-6.9203304e-08
1.2046011e-06
6.9407526e-08
-7.0073977e-08
1.1992074e-06
6.9933313e-08
-7.0699892e-08
1.1940379e-06
7.0578482e-08
-7.136648e-08
1.1891959e-06
7.0601663e-08
-7.1492042e-08
1.1846637e-06
7.0992241e-08
-7.1941722e-08
1.1805617e-06
7.0303592e-08
-7.1405577e-08
1.1763753e-06
7.0881756e-08
-7.1612199e-08
6.9899717e-08
-7.0429234e-08
5.7694393e-06
2.0614999e-07
5.8071875e-06
2.5432436e-07
5.8111232e-06
2.2107577e-07
5.7761411e-06
1.8190236e-07
5.7043005e-06
1.6183446e-07
5.6065657e-06
1.4344225e-07
5.4967319e-06
1.2666379e-07
5.3828609e-06
1.1037085e-07
5.270864e-06
9.611701e-08
5.1599487e-06
8.5566314e-08
5.0545648e-06
7.456281e-08
4.9556449e-06
6.413939e-08
4.8630595e-06
5.4919032e-08
4.7763092e-06
4.7037694e-08
4.6951689e-06
3.9932949e-08
4.6194167e-06
3.3588303e-08
4.5485996e-06
2.8001059e-08
4.4827565e-06
2.2707547e-08
4.421264e-06
1.8242477e-08
4.3643336e-06
1.3716372e-08
4.3109314e-06
1.0398013e-08
4.2608573e-06
7.2024964e-09
4.2138761e-06
4.3209352e-09
4.1698052e-06
1.6675124e-09
4.1284599e-06
-7.633667e-10
4.0896429e-06
-2.9703702e-09
4.0531444e-06
-4.9487556e-09
4.0188037e-06
-6.7371344e-09
3.9864284e-06
-8.3342711e-09
3.9558484e-06
-9.7655959e-09
3.9269293e-06
-1.1054052e-08
3.8995197e-06
-1.2196898e-08
3.8735055e-06
-1.3223244e-08
3.8487613e-06
-1.4134556e-08
3.8251998e-06
-1.4958263e-08
3.8027538e-06
-1.5719333e-08
3.7813524e-06
-1.6406663e-08
3.7609283e-06
-1.7037225e-08
3.7414168e-06
-1.7599324e-08
3.7227564e-06
-1.8116442e-08
3.7048921e-06
-1.857196e-08
3.6877684e-06
-1.8993567e-08
3.6713403e-06
-1.9360506e-08
3.6555582e-06
-1.9700606e-08
3.640379e-06
-1.9994966e-08
3.6257667e-06
-2.0260746e-08
3.6117163e-06
-2.0522545e-08
3.5981531e-06
-2.0724608e-08
3.5850865e-06
-2.0952865e-08
3.5725021e-06
-2.1147161e-08
3.5603775e-06
-2.1326167e-08
3.5486757e-06
-2.1475767e-08
3.5373691e-06
-2.1603711e-08
3.5264299e-06
-2.1711944e-08
3.5158426e-06
-2.1809567e-08
3.5055807e-06
-2.1889332e-08
3.4956408e-06
-2.1966896e-08
3.4859909e-06
-2.2024212e-08
3.4766419e-06
-2.2087118e-08
3.4675529e-06
-2.2127769e-08
3.4587472e-06
-2.2177849e-08
3.4501818e-06
-2.2212006e-08
3.4418821e-06
-2.2247935e-08
3.4338211e-06
-2.2293813e-08
3.4259789e-06
-2.2285886e-08
3.4183639e-06
-2.233358e-08
3.4109296e-06
-2.2318838e-08
3.4036865e-06
-2.2319771e-08
3.396621e-06
-2.2304455e-08
3.3897309e-06
-2.229181e-08
3.3830109e-06
-2.2278227e-08
3.3764563e-06
-2.2261736e-08
3.3700635e-06
-2.2245852e-08
3.3638283e-06
-2.2225776e-08
3.357746e-06
-2.2206244e-08
3.3518119e-06
-2.218216e-08
3.3460202e-06
-2.2158374e-08
3.3403672e-06
-2.213048e-08
3.3348456e-06
-2.210179e-08
3.3294528e-06
-2.2071116e-08
3.3241801e-06
-2.2036357e-08
3.3190272e-06
-2.2004879e-08
3.3139812e-06
-2.196235e-08
3.3090517e-06
-2.1934327e-08
3.3042097e-06
-2.1881736e-08
3.2994956e-06
-2.1864047e-08
3.29489e-06
-2.1827291e-08
3.2903842e-06
-2.1791037e-08
3.2859744e-06
-2.1748743e-08
3.2816615e-06
-2.1707914e-08
3.2774429e-06
-2.1665285e-08
3.2733136e-06
-2.1620993e-08
3.2692689e-06
-2.1573716e-08
3.2653059e-06
-2.15261e-08
3.2614202e-06
-2.1476164e-08
3.2576111e-06
-2.1427454e-08
3.2538743e-06
-2.1376179e-08
3.2502098e-06
-2.132715e-08
3.2466134e-06
-2.1275653e-08
3.2430863e-06
-2.1226609e-08
3.2396238e-06
-2.1176361e-08
3.2362278e-06
-2.112741e-08
3.2328951e-06
-2.1080038e-08
3.229627e-06
-2.1031531e-08
3.226421e-06
-2.0986697e-08
3.2232803e-06
-2.0941965e-08
3.2201934e-06
-2.0891468e-08
3.2171584e-06
-2.0835946e-08
3.2141756e-06
-2.0788131e-08
3.2112393e-06
-2.0737103e-08
3.2083521e-06
-2.0683345e-08
3.2055131e-06
-2.0629641e-08
3.2027212e-06
-2.0576584e-08
3.1999751e-06
-2.0523893e-08
3.1972742e-06
-2.0471872e-08
3.194618e-06
-2.041994e-08
3.1920057e-06
-2.0368583e-08
3.189437e-06
-2.03173e-08
3.186911e-06
-2.0266365e-08
3.184427e-06
-2.0215499e-08
3.181984e-06
-2.0164691e-08
3.1795813e-06
-2.0114185e-08
3.1772178e-06
-2.0063629e-08
3.1748927e-06
-2.0013641e-08
3.1726047e-06
-1.9963081e-08
3.170353e-06
-1.991365e-08
3.1681365e-06
-1.9863077e-08
3.1659541e-06
-1.9813998e-08
3.1638048e-06
-1.976383e-08
3.1616885e-06
-1.971528e-08
3.1596043e-06
-1.9666659e-08
3.1575524e-06
-1.9617602e-08
3.1555398e-06
-1.957512e-08
3.1535584e-06
-1.952727e-08
3.1516052e-06
-1.9478099e-08
3.1496803e-06
-1.9429265e-08
3.1477837e-06
-1.9381074e-08
3.1459155e-06
-1.9333211e-08
3.1440752e-06
-1.9285681e-08
3.1422617e-06
-1.9237991e-08
3.1404738e-06
-1.9189897e-08
3.1387107e-06
-1.9142019e-08
3.1369712e-06
-1.9093797e-08
3.1352554e-06
-1.9045835e-08
3.1335621e-06
-1.8997782e-08
3.1318912e-06
-1.8950034e-08
3.1302419e-06
-1.8902011e-08
3.1286141e-06
-1.885427e-08
3.1270072e-06
-1.8806598e-08
3.1254211e-06
-1.8758849e-08
3.1238558e-06
-1.8711322e-08
3.1223107e-06
-1.8663384e-08
3.1207865e-06
-1.8616229e-08
3.119282e-06
-1.8567922e-08
3.1177982e-06
-1.8520717e-08
3.1163334e-06
-1.8471946e-08
3.1148884e-06
-1.8424241e-08
3.1134597e-06
-1.8372808e-08
3.1120481e-06
-1.8323689e-08
3.1106529e-06
-1.8275661e-08
3.1092735e-06
-1.8227205e-08
3.1079097e-06
-1.8178286e-08
3.1065618e-06
-1.812972e-08
3.1052294e-06
-1.8081406e-08
3.1039119e-06
-1.8033385e-08
3.1026089e-06
-1.7985539e-08
3.1013201e-06
-1.7937942e-08
3.1000452e-06
-1.7890448e-08
3.098784e-06
-1.7843276e-08
3.0975362e-06
-1.7795959e-08
3.0963017e-06
-1.7748916e-08
3.0950801e-06
-1.7701815e-08
3.0938712e-06
-1.7654766e-08
3.0926745e-06
-1.760748e-08
3.0914903e-06
-1.7560328e-08
3.0903179e-06
-1.7512741e-08
3.0891577e-06
-1.7465289e-08
3.0880088e-06
-1.741756e-08
3.0868714e-06
-1.7369743e-08
3.0857448e-06
-1.7321498e-08
3.0846294e-06
-1.727343e-08
3.0835241e-06
-1.7224898e-08
3.0824297e-06
-1.7176412e-08
3.081345e-06
-1.7127418e-08
3.0802709e-06
-1.7078266e-08
3.0792062e-06
-1.702883e-08
3.0781523e-06
-1.6980779e-08
3.0771088e-06
-1.6932483e-08
3.0760748e-06
-1.6883508e-08
3.0750498e-06
-1.683392e-08
3.0740332e-06
-1.6783759e-08
3.0730249e-06
-1.6733629e-08
3.0720251e-06
-1.6683769e-08
3.0710341e-06
-1.663383e-08
3.0700518e-06
-1.6584456e-08
3.069078e-06
-1.6534886e-08
3.0681128e-06
-1.6486374e-08
3.067156e-06
-1.6436652e-08
3.0662073e-06
-1.6389169e-08
3.0652658e-06
-1.6340322e-08
3.0643332e-06
-1.629025e-08
3.06341e-06
-1.6244865e-08
3.0624948e-06
-1.6191585e-08
3.0615802e-06
-1.6145137e-08
3.0606738e-06
-1.6106676e-08
3.0597735e-06
-1.6051311e-08
3.0588749e-06
-1.6000915e-08
3.0579819e-06
-1.5968626e-08
3.0570985e-06
-1.5920469e-08
3.0562176e-06
-1.5869661e-08
3.0553355e-06
-1.5839129e-08
3.0544629e-06
-1.5802228e-08
3.0535989e-06
-1.5755186e-08
3.0527306e-06
-1.5724531e-08
3.0518716e-06
-1.5699695e-08
3.0510161e-06
-1.5666983e-08
3.0501415e-06
-1.563588e-08
3.0492489e-06
-1.5602282e-08
3.0483583e-06
-1.5551858e-08
3.0474814e-06
-1.5504032e-08
3.046632e-06
-1.5461237e-08
3.0458153e-06
-1.5415826e-08
3.0450133e-06
-1.539298e-08
3.0442258e-06
-1.5379489e-08
3.0434398e-06
-1.5364421e-08
3.0426298e-06
-1.5352187e-08
3.0417964e-06
-1.534757e-08
3.0409417e-06
-1.5330553e-08
3.0400797e-06
-1.5297421e-08
3.0392185e-06
-1.5268894e-08
3.0383556e-06
-1.523748e-08
3.0375018e-06
-1.5189558e-08
3.0366556e-06
-1.5148208e-08
3.0357959e-06
-1.5113836e-08
3.0349186e-06
-1.5067439e-08
3.0340259e-06
-1.5020458e-08
3.0331019e-06
-1.4977362e-08
3.0321442e-06
-1.4925646e-08
3.0311667e-06
-1.4864475e-08
3.0301699e-06
-1.4807134e-08
3.0291579e-06
-1.4745664e-08
3.02815e-06
-1.4681504e-08
3.0271673e-06
-1.461341e-08
3.0262177e-06
-1.4546754e-08
3.0253062e-06
-1.449658e-08
3.0244398e-06
-1.4448244e-08
3.0236211e-06
-1.4396165e-08
3.0228274e-06
-1.4367041e-08
3.0220284e-06
-1.4351466e-08
3.0212162e-06
-1.4325834e-08
3.0203673e-06
-1.4304628e-08
3.019463e-06
-1.4277517e-08
3.0185106e-06
-1.4238067e-08
3.0175165e-06
-1.4197932e-08
3.0164938e-06
-1.4146459e-08
3.0154626e-06
-1.4091647e-08
3.0144416e-06
-1.4035485e-08
3.0134554e-06
-1.397245e-08
3.0125116e-06
-1.3916893e-08
3.0116144e-06
-1.3864729e-08
3.010776e-06
-1.3814898e-08
3.0099945e-06
-1.377395e-08
3.0092649e-06
-1.3743493e-08
3.0085827e-06
-1.3721491e-08
3.0079466e-06
-1.3707242e-08
3.0073539e-06
-1.3710351e-08
3.0068038e-06
-1.3709758e-08
3.0063149e-06
-1.3703151e-08
3.0058833e-06
-1.3727164e-08
3.0055186e-06
-1.3751835e-08
3.0052369e-06
-1.3769074e-08
3.0050066e-06
-1.3815037e-08
3.0048253e-06
-1.3862234e-08
3.0047023e-06
-1.3892989e-08
3.0046246e-06
-1.3931428e-08
3.0045981e-06
-1.3969107e-08
3.0046179e-06
-1.3992492e-08
3.0046965e-06
-1.4027144e-08
3.0048138e-06
-1.4066541e-08
3.0049562e-06
-1.4094542e-08
3.0051189e-06
-1.4109237e-08
3.0052868e-06
-1.4141226e-08
3.0054465e-06
-1.4163807e-08
3.0055939e-06
-1.4177756e-08
3.0056739e-06
-1.4218478e-08
3.0056785e-06
-1.4257132e-08
3.0055968e-06
-1.4267067e-08
3.0054087e-06
-1.4272338e-08
3.0051021e-06
-1.4256853e-08
3.0046769e-06
-1.4222246e-08
3.0041293e-06
-1.41842e-08
3.0034539e-06
-1.4134468e-08
3.002652e-06
-1.4071929e-08
3.0017077e-06
-1.4011417e-08
3.0006155e-06
-1.3932002e-08
2.9993744e-06
-1.3848592e-08
2.9979962e-06
-1.3755365e-08
2.9964788e-06
-1.366015e-08
2.9948186e-06
-1.3558386e-08
2.9930253e-06
-1.3446201e-08
2.9911212e-06
-1.3315122e-08
2.9891084e-06
-1.319126e-08
2.987008e-06
-1.3050213e-08
2.9848475e-06
-1.2894442e-08
2.9826453e-06
-1.2745144e-08
2.9804263e-06
-1.2590583e-08
2.9782212e-06
-1.2436292e-08
2.9760496e-06
-1.2293903e-08
2.9739385e-06
-1.2164926e-08
2.9719332e-06
-1.2047279e-08
2.9700626e-06
-1.1951517e-08
2.9683411e-06
-1.1879539e-08
2.9667804e-06
-1.1822122e-08
2.9653977e-06
-1.178167e-08
2.9641936e-06
-1.1759778e-08
2.9631693e-06
-1.1753182e-08
2.9623271e-06
-1.1770059e-08
2.96167e-06
-1.1802185e-08
2.9611958e-06
-1.1841713e-08
2.9609191e-06
-1.1903869e-08
2.9608461e-06
-1.197969e-08
2.9609759e-06
-1.2061794e-08
2.9613313e-06
-1.2180467e-08
2.9618821e-06
-1.2317413e-08
2.962587e-06
-1.245679e-08
2.9634005e-06
-1.2602533e-08
2.9642305e-06
-1.2747665e-08
2.9650173e-06
-1.2882513e-08
2.9657003e-06
-1.2980736e-08
2.9662545e-06
-1.3096493e-08
2.9666221e-06
-1.3185606e-08
2.9667584e-06
-1.3230494e-08
2.9667151e-06
-1.327922e-08
2.9664139e-06
-1.3280564e-08
2.9658613e-06
-1.3260052e-08
2.9650613e-06
-1.3204693e-08
2.9639892e-06
-1.3119444e-08
2.9626668e-06
-1.2999058e-08
2.9610916e-06
-1.2859901e-08
2.9592615e-06
-1.2698588e-08
2.9571805e-06
-1.2509127e-08
2.9548701e-06
-1.230681e-08
2.9523506e-06
-1.2090851e-08
2.9496461e-06
-1.1859961e-08
2.9467826e-06
-1.1636516e-08
2.9437834e-06
-1.1414461e-08
2.9406731e-06
-1.1195114e-08
2.9374747e-06
-1.0993495e-08
2.9342152e-06
-1.0805373e-08
2.9309287e-06
-1.0621315e-08
2.9276433e-06
-1.0448234e-08
2.9243745e-06
-1.0294191e-08
2.921153e-06
-1.0147847e-08
2.9180168e-06
-1.0018834e-08
2.9149819e-06
-9.9072057e-09
2.912067e-06
-9.8056727e-09
2.909304e-06
-9.7224633e-09
2.9067059e-06
-9.6579114e-09
2.9042771e-06
-9.6110053e-09
2.9020225e-06
-9.5850408e-09
2.8999333e-06
-9.579594e-09
2.898009e-06
-9.5842871e-09
2.8962567e-06
-9.5969988e-09
2.8946597e-06
-9.6399293e-09
2.8931811e-06
-9.7014285e-09
2.8917962e-06
-9.7635136e-09
2.890479e-06
-9.829225e-09
2.8892015e-06
-9.8818411e-09
2.8879389e-06
-9.9210329e-09
2.8866682e-06
-9.9481086e-09
2.8853685e-06
-9.9560862e-09
2.8840317e-06
-9.9338857e-09
2.8826559e-06
-9.8989612e-09
2.8812414e-06
-9.8519024e-09
2.8797696e-06
-9.7984758e-09
2.8782147e-06
-9.7386272e-09
2.8765511e-06
-9.6652406e-09
2.8747546e-06
-9.5905941e-09
2.8727875e-06
-9.5166448e-09
2.8706253e-06
-9.418645e-09
2.8682514e-06
-9.3089625e-09
2.8656897e-06
-9.1765013e-09
2.862977e-06
-9.0206584e-09
2.8601277e-06
-8.8585734e-09
2.8571721e-06
-8.6790184e-09
2.8541429e-06
-8.4880343e-09
2.8510541e-06
-8.2966758e-09
2.8479161e-06
-8.1051907e-09
2.8447357e-06
-7.9083753e-09
2.8415094e-06
-7.7212867e-09
2.8382419e-06
-7.5425257e-09
2.8349489e-06
-7.3680559e-09
2.8316168e-06
-7.1978579e-09
2.8282214e-06
-7.0083304e-09
2.8247642e-06
-6.8064683e-09
2.8212374e-06
-6.5992811e-09
2.817614e-06
-6.3688366e-09
2.8138651e-06
-6.1118564e-09
2.8099678e-06
-5.8359091e-09
2.8058937e-06
-5.5450129e-09
2.8015904e-06
-5.2285865e-09
2.7970243e-06
-4.8913682e-09
2.7921685e-06
-4.5398654e-09
2.7869783e-06
-4.1530068e-09
2.7814314e-06
-3.7355816e-09
2.7755376e-06
-3.2872709e-09
2.7693273e-06
-2.8078584e-09
2.7628419e-06
-2.3000979e-09
2.7561258e-06
-1.7632904e-09
2.749235e-06
-1.1995485e-09
2.7422299e-06
-6.167542e-10
2.73517e-06
-2.2156943e-11
2.7281122e-06
5.8251937e-10
2.7210999e-06
1.1820522e-09
2.7141663e-06
1.7694379e-09
2.70733e-06
2.3354016e-09
2.7006099e-06
2.8735005e-09
2.694002e-06
3.3877963e-09
2.6874997e-06
3.8741401e-09
2.6811153e-06
4.324757e-09
2.6748556e-06
4.7372737e-09
2.6687079e-06
5.1167954e-09
2.6626518e-06
5.4595675e-09
2.6566503e-06
5.7742136e-09
2.6506414e-06
6.0693797e-09
2.6445603e-06
6.3453225e-09
2.6383729e-06
6.6005779e-09
2.632082e-06
6.8226922e-09
2.625672e-06
7.031693e-09
2.6191384e-06
7.271848e-09
2.612526e-06
7.5419728e-09
2.605873e-06
7.8016598e-09
2.599218e-06
8.0895148e-09
2.5926313e-06
8.4008986e-09
2.5861846e-06
8.6988683e-09
2.5799494e-06
8.9524503e-09
2.5739845e-06
9.1554577e-09
2.5683183e-06
9.3439305e-09
2.562968e-06
9.5290407e-09
2.5579541e-06
9.6981916e-09
2.5532831e-06
9.8381987e-09
2.5489542e-06
9.9593778e-09
2.544969e-06
1.0054394e-08
2.5413262e-06
1.0126656e-08
2.538037e-06
1.0149328e-08
2.5351523e-06
1.0079569e-08
2.5327034e-06
9.9314761e-09
2.5306317e-06
9.8201225e-09
2.5289027e-06
9.7023878e-09
2.5274951e-06
9.5885926e-09
2.5263856e-06
9.4440531e-09
2.52554e-06
9.2730139e-09
2.52495e-06
9.0946024e-09
2.5245956e-06
8.868883e-09
2.5244895e-06
8.6181178e-09
2.5246236e-06
8.2938585e-09
2.5250004e-06
7.8738882e-09
2.5254929e-06
7.5790783e-09
2.5260053e-06
7.2405966e-09
2.5265922e-06
6.8679205e-09
2.5273165e-06
6.4690417e-09
2.5281416e-06
6.0439587e-09
2.5290129e-06
5.6026446e-09
2.5298833e-06
5.1469784e-09
2.5307848e-06
4.596727e-09
2.5320362e-06
3.6171253e-09
2.5335914e-06
2.5983038e-09
2.5349566e-06
1.849163e-09
2.5359414e-06
1.1711054e-09
2.536798e-06
4.0260462e-10
2.5374604e-06
-4.3943071e-10
2.5378675e-06
-1.2997532e-09
2.538018e-06
-2.1754101e-09
2.5372622e-06
-2.8375e-09
2.535485e-06
-3.8377577e-09
2.5326092e-06
-4.5643658e-09
2.5291904e-06
-5.7184479e-09
2.5250338e-06
-6.7864185e-09
2.5200179e-06
-7.8851059e-09
2.5140016e-06
-8.9242582e-09
2.5068325e-06
-9.8341899e-09
2.4983149e-06
-1.0196995e-08
2.4911487e-06
-1.3578365e-08
2.4826801e-06
-1.4198378e-08
2.4727922e-06
-1.5129102e-08
2.4617268e-06
-1.6101502e-08
2.4496704e-06
-1.7177887e-08
2.4367758e-06
-1.8282736e-08
2.4231822e-06
-1.9363739e-08
2.4089936e-06
-2.0014061e-08
2.3920571e-06
-2.0761238e-08
2.3745467e-06
-2.1310918e-08
2.3566411e-06
-2.1913056e-08
2.3384511e-06
-2.2475776e-08
2.3200027e-06
-2.2931907e-08
2.3012903e-06
-2.3308953e-08
2.282268e-06
-2.3583453e-08
2.2629556e-06
-2.376827e-08
2.2437486e-06
-2.3996394e-08
2.2243493e-06
-2.4136319e-08
2.2048235e-06
-2.4110293e-08
2.1851474e-06
-2.3961548e-08
2.1653463e-06
-2.3732861e-08
2.145477e-06
-2.3442561e-08
2.1255846e-06
-2.309872e-08
2.105705e-06
-2.2686728e-08
2.0858637e-06
-2.2193863e-08
2.0660794e-06
-2.1609096e-08
2.046348e-06
-2.0926508e-08
2.0266816e-06
-2.0134819e-08
2.0071053e-06
-1.9239304e-08
1.987636e-06
-1.8239169e-08
1.968281e-06
-1.7135547e-08
1.9490438e-06
-1.5933374e-08
1.9299296e-06
-1.4633872e-08
1.9109448e-06
-1.3243249e-08
1.8920981e-06
-1.176281e-08
1.8733922e-06
-1.020166e-08
1.8548261e-06
-8.5590388e-09
1.8364176e-06
-6.8518635e-09
1.8181783e-06
-5.0835967e-09
1.800107e-06
-3.2573397e-09
1.7821928e-06
-1.3794614e-09
1.7644338e-06
5.3935789e-10
1.7468357e-06
2.4873605e-09
1.7294065e-06
4.4534629e-09
1.7121541e-06
6.4272814e-09
1.695083e-06
8.4002187e-09
1.6781983e-06
1.0363874e-08
1.6615047e-06
1.2310014e-08
1.6450099e-06
1.4226878e-08
1.628718e-06
1.6103622e-08
1.6126136e-06
1.7942773e-08
1.596688e-06
1.9748144e-08
1.5809642e-06
2.1510366e-08
1.5654581e-06
2.3217793e-08
1.5501723e-06
2.4866181e-08
1.5351089e-06
2.6452664e-08
1.5202731e-06
2.7972828e-08
1.505671e-06
2.9424399e-08
1.4913084e-06
3.0805126e-08
1.4771912e-06
3.2112217e-08
1.463324e-06
3.3342113e-08
1.4497069e-06
3.4491539e-08
1.436339e-06
3.5562831e-08
1.4232324e-06
3.6563246e-08
1.4103942e-06
3.7505627e-08
1.3978311e-06
3.8397244e-08
1.3855464e-06
3.9239223e-08
1.3735441e-06
4.002609e-08
1.3618305e-06
4.0753681e-08
1.350415e-06
4.1416396e-08
1.3393047e-06
4.2013115e-08
1.3284957e-06
4.2546291e-08
1.3179672e-06
4.301838e-08
1.3077125e-06
4.3445131e-08
1.2977274e-06
4.3837865e-08
1.2880063e-06
4.4199824e-08
1.2785431e-06
4.4535851e-08
1.2693404e-06
4.4862929e-08
1.2603943e-06
4.5179471e-08
1.2516982e-06
4.5477131e-08
1.2432508e-06
4.5749126e-08
1.2350621e-06
4.6008055e-08
1.2271435e-06
4.6267629e-08
1.2194989e-06
4.6518828e-08
1.2121275e-06
4.6748448e-08
1.2050262e-06
4.6951841e-08
1.1981837e-06
4.7131895e-08
1.1915849e-06
4.7290067e-08
1.185226e-06
4.7415535e-08
1.1791243e-06
4.7513515e-08
1.1732853e-06
4.7605005e-08
1.1677314e-06
4.7688739e-08
1.1624819e-06
4.7752455e-08
1.1575382e-06
4.7797523e-08
1.1529349e-06
4.7791774e-08
1.148697e-06
4.7719751e-08
1.1448155e-06
4.7541145e-08
1.141283e-06
4.7235808e-08
1.1381436e-06
4.678913e-08
1.1354044e-06
4.6171932e-08
1.1330312e-06
4.5353776e-08
1.1309896e-06
4.4326934e-08
1.1292474e-06
4.3093474e-08
1.1277853e-06
4.1693166e-08
1.1265961e-06
4.019551e-08
1.125668e-06
3.8624222e-08
1.1250019e-06
3.7031344e-08
1.124602e-06
3.5539024e-08
1.1244723e-06
3.4126095e-08
1.1246348e-06
3.2767381e-08
1.1250982e-06
3.1464237e-08
1.1258944e-06
3.0330292e-08
1.1269518e-06
2.9332488e-08
1.1281511e-06
2.8328283e-08
1.1295927e-06
2.7360147e-08
1.1314448e-06
2.6366087e-08
1.1335246e-06
2.5407621e-08
1.1358215e-06
2.4397785e-08
1.1384103e-06
2.3424175e-08
1.1412892e-06
2.2549233e-08
1.1444431e-06
2.1612198e-08
1.1476545e-06
2.0560758e-08
1.1512803e-06
1.9584315e-08
1.1552806e-06
1.8704316e-08
1.159399e-06
1.7803329e-08
1.1637681e-06
1.6843089e-08
1.168528e-06
1.588317e-08
1.1736466e-06
1.4947467e-08
1.1790881e-06
1.3971076e-08
1.1849297e-06
1.2919775e-08
1.1912382e-06
1.1824434e-08
1.1980377e-06
1.0680437e-08
1.2053687e-06
9.4634682e-09
1.2132905e-06
8.1768463e-09
1.2218508e-06
6.8225301e-09
1.2310969e-06
5.401072e-09
1.241078e-06
3.9110022e-09
1.2518364e-06
2.3611455e-09
1.2634154e-06
7.4701578e-10
1.2758507e-06
-9.2347907e-10
1.289173e-06
-2.6593074e-09
1.3034057e-06
-4.4583692e-09
1.3185575e-06
-6.3186967e-09
1.3346237e-06
-8.2441742e-09
1.3515887e-06
-1.023854e-08
1.3694024e-06
-1.2292901e-08
1.388004e-06
-1.4413212e-08
1.4073022e-06
-1.6594289e-08
1.4271789e-06
-1.8833423e-08
1.4474889e-06
-2.1125377e-08
1.4680581e-06
-2.3460757e-08
1.4886912e-06
-2.5839061e-08
1.5091672e-06
-2.8240897e-08
1.5292528e-06
-3.0670803e-08
1.5486992e-06
-3.3105211e-08
1.5672511e-06
-3.553724e-08
1.5846629e-06
-3.7972094e-08
1.6006731e-06
-4.0352836e-08
1.6150804e-06
-4.2731672e-08
1.6276496e-06
-4.5016477e-08
1.6382419e-06
-4.7317539e-08
1.6467227e-06
-4.9537075e-08
1.6531128e-06
-5.1644331e-08
1.6571853e-06
-5.3736191e-08
1.6580428e-06
-5.544065e-08
1.6577099e-06
-5.7346305e-08
1.6558413e-06
-5.9268817e-08
1.6520501e-06
-6.0714603e-08
1.6459847e-06
-6.2066777e-08
1.6381829e-06
-6.3306084e-08
1.6288506e-06
-6.438833e-08
1.6183116e-06
-6.5306657e-08
1.606669e-06
-6.6036192e-08
1.5940593e-06
-6.6603072e-08
1.5807731e-06
-6.7036525e-08
1.5671327e-06
-6.7242876e-08
1.5531041e-06
-6.7228076e-08
1.5388567e-06
-6.7080363e-08
1.5246115e-06
-6.6717939e-08
1.510454e-06
-6.6050703e-08
1.4964493e-06
-6.5160937e-08
1.4826542e-06
-6.4116288e-08
1.469095e-06
-6.2891181e-08
1.455828e-06
-6.1498694e-08
1.4429125e-06
-5.9925313e-08
1.4304011e-06
-5.8175949e-08
1.4183422e-06
-5.6281884e-08
1.4067695e-06
-5.4258101e-08
1.3957004e-06
-5.2101547e-08
1.3851404e-06
-4.9801578e-08
1.3750901e-06
-4.7352178e-08
1.3655518e-06
-4.4754035e-08
1.3565226e-06
-4.2014046e-08
1.3479877e-06
-3.9144781e-08
1.3399269e-06
-3.6152725e-08
1.3323204e-06
-3.3041511e-08
1.3251438e-06
-2.9809994e-08
1.3183669e-06
-2.6463466e-08
1.3119579e-06
-2.3010934e-08
1.3058864e-06
-1.9467229e-08
1.3001222e-06
-1.584538e-08
1.2946364e-06
-1.2160986e-08
1.2893997e-06
-8.4232363e-09
1.2843784e-06
-4.6415756e-09
1.2795392e-06
-8.2787111e-10
1.2748473e-06
3.0086289e-09
1.2702675e-06
6.8594228e-09
1.2657708e-06
1.0701723e-08
1.2613255e-06
1.4520225e-08
1.256904e-06
1.8298546e-08
1.2524822e-06
2.2020503e-08
1.248042e-06
2.5667935e-08
1.2435662e-06
2.9227245e-08
1.2390407e-06
3.2683789e-08
1.2344555e-06
3.6024774e-08
1.2298069e-06
3.9234814e-08
1.2250954e-06
4.230339e-08
1.220323e-06
4.5224308e-08
1.2154997e-06
4.7989855e-08
1.2106389e-06
5.0595586e-08
1.2057557e-06
5.3041592e-08
1.2008699e-06
5.5318917e-08
1.1959969e-06
5.7416438e-08
1.1911477e-06
5.9336619e-08
1.1863446e-06
6.1075065e-08
1.1816182e-06
6.2622175e-08
1.1769883e-06
6.3994773e-08
1.1725019e-06
6.5182928e-08
1.1681994e-06
6.6230442e-08
1.1641039e-06
6.7082086e-08
1.1601616e-06
6.7907809e-08
1.1564648e-06
6.835458e-08
1.152965e-06
6.9017848e-08
1.1496607e-06
6.908774e-08
1.146518e-06
6.9579897e-08
1.1434859e-06
6.9065237e-08
1.1405907e-06
6.9797108e-08
6.8980111e-08
5.7242764e-06
9.7264527e-08
5.8409755e-06
1.3762468e-07
5.9104824e-06
1.5156939e-07
5.9345142e-06
1.5787044e-07
5.9460169e-06
1.5033195e-07
5.9491173e-06
1.4034196e-07
5.9457877e-06
1.2999302e-07
5.9362752e-06
1.1988297e-07
5.9239893e-06
1.0840286e-07
5.9097301e-06
9.9824865e-08
5.8871728e-06
9.7119563e-08
5.8599765e-06
9.1334965e-08
5.8296078e-06
8.5286546e-08
5.7968408e-06
7.9803277e-08
5.7617908e-06
7.4981865e-08
5.724947e-06
7.0430706e-08
5.6866601e-06
6.6285896e-08
5.6469678e-06
6.2397224e-08
5.6064299e-06
5.8777954e-08
5.5643384e-06
5.5805423e-08
5.5223522e-06
5.2381688e-08
5.4806401e-06
4.8911607e-08
5.4392116e-06
4.5745443e-08
5.3980795e-06
4.2795637e-08
5.3573089e-06
4.0003419e-08
5.316979e-06
3.7354987e-08
5.2771819e-06
3.4843887e-08
5.2379844e-06
3.2455178e-08
5.1994391e-06
3.0205522e-08
5.1616017e-06
2.8066113e-08
5.1245166e-06
2.6025073e-08
5.0882539e-06
2.405949e-08
5.0528286e-06
2.2195453e-08
5.0183156e-06
2.0371631e-08
4.9846676e-06
1.8682432e-08
4.9518428e-06
1.7097821e-08
4.9198286e-06
1.5599687e-08
4.8886118e-06
1.4171566e-08
4.8581884e-06
1.2815615e-08
4.8285463e-06
1.1517042e-08
4.7996737e-06
1.029166e-08
4.7715683e-06
9.1024819e-09
4.744193e-06
8.0049438e-09
4.7175871e-06
6.8957346e-09
4.6916602e-06
5.9215313e-09
4.6664855e-06
4.9034252e-09
4.6419281e-06
4.0236774e-09
4.6181012e-06
3.0910252e-09
4.5948765e-06
2.2605495e-09
4.5721743e-06
1.5433579e-09
4.5500226e-06
8.1350171e-10
4.5284183e-06
1.1580781e-10
4.5073731e-06
-5.7113514e-10
4.4868715e-06
-1.2236225e-09
4.4669046e-06
-1.8562765e-09
4.447455e-06
-2.4533406e-09
4.4285009e-06
-3.0272655e-09
4.4100352e-06
-3.5732937e-09
4.3920189e-06
-4.0859245e-09
4.3744663e-06
-4.5907225e-09
4.357309e-06
-5.0366129e-09
4.3405917e-06
-5.5111626e-09
4.3242114e-06
-5.8850045e-09
4.308234e-06
-6.3341514e-09
4.2926197e-06
-6.6896648e-09
4.2774071e-06
-7.1400561e-09
4.2625566e-06
-7.488048e-09
4.2480881e-06
-7.8714266e-09
4.2339666e-06
-8.2039802e-09
4.220175e-06
-8.5221377e-09
4.2066929e-06
-8.8186152e-09
4.1935064e-06
-9.0984171e-09
4.1806026e-06
-9.3662256e-09
4.1679719e-06
-9.619598e-09
4.1556049e-06
-9.8652175e-09
4.1434933e-06
-1.0096889e-08
4.1316326e-06
-1.0325092e-08
4.1200107e-06
-1.0536573e-08
4.1086309e-06
-1.0750917e-08
4.0974746e-06
-1.0944686e-08
4.0865553e-06
-1.114762e-08
4.07585e-06
-1.1330916e-08
4.0653759e-06
-1.1520406e-08
4.0551154e-06
-1.1706625e-08
4.045065e-06
-1.1864869e-08
4.0352064e-06
-1.2039732e-08
4.025515e-06
-1.2170743e-08
4.0159927e-06
-1.2304153e-08
4.0066338e-06
-1.2425945e-08
3.9974377e-06
-1.2548353e-08
3.9884019e-06
-1.2666813e-08
3.9795268e-06
-1.2783414e-08
3.9708109e-06
-1.2895951e-08
3.9622521e-06
-1.3006082e-08
3.9538473e-06
-1.3111092e-08
3.9455933e-06
-1.3213133e-08
3.9374871e-06
-1.3310625e-08
3.9295228e-06
-1.3404135e-08
3.9216996e-06
-1.3494465e-08
3.9140091e-06
-1.3578929e-08
3.906452e-06
-1.3662944e-08
3.8990186e-06
-1.3738152e-08
3.89171e-06
-1.3816359e-08
3.8845144e-06
-1.3881705e-08
3.8774386e-06
-1.395737e-08
3.8704596e-06
-1.401007e-08
3.8636136e-06
-1.4093373e-08
3.8568898e-06
-1.416071e-08
3.8502769e-06
-1.4224546e-08
3.8437712e-06
-1.4281063e-08
3.8373766e-06
-1.4339042e-08
3.8310886e-06
-1.4392759e-08
3.8249024e-06
-1.444213e-08
3.818814e-06
-1.4487725e-08
3.8128197e-06
-1.4530449e-08
3.8069164e-06
-1.4570247e-08
3.801102e-06
-1.4608142e-08
3.7953734e-06
-1.4643281e-08
3.7897294e-06
-1.4677336e-08
3.7841669e-06
-1.4708738e-08
3.7786858e-06
-1.4739722e-08
3.7732827e-06
-1.4768236e-08
3.7679583e-06
-1.4796519e-08
3.7627094e-06
-1.4823003e-08
3.7575368e-06
-1.4849123e-08
3.7524388e-06
-1.4874905e-08
3.7474147e-06
-1.4898998e-08
3.7424652e-06
-1.4925132e-08
3.7375863e-06
-1.4946154e-08
3.73278e-06
-1.497101e-08
3.7280351e-06
-1.4984924e-08
3.7233541e-06
-1.5000464e-08
3.7187305e-06
-1.5016552e-08
3.7141651e-06
-1.5028042e-08
3.7096575e-06
-1.5037794e-08
3.7052066e-06
-1.5047423e-08
3.7008118e-06
-1.5056495e-08
3.696472e-06
-1.5065198e-08
3.692186e-06
-1.5073263e-08
3.6879537e-06
-1.5080887e-08
3.6837741e-06
-1.5087864e-08
3.6796471e-06
-1.50941e-08
3.6755718e-06
-1.5099736e-08
3.6715471e-06
-1.5104551e-08
3.6675724e-06
-1.510855e-08
3.6636463e-06
-1.5111562e-08
3.6597685e-06
-1.5114034e-08
3.6559372e-06
-1.5115087e-08
3.6521525e-06
-1.5115788e-08
3.6484123e-06
-1.5114745e-08
3.6447162e-06
-1.5113645e-08
3.641063e-06
-1.5110431e-08
3.6374517e-06
-1.5107103e-08
3.6338819e-06
-1.5102163e-08
3.6303522e-06
-1.5097023e-08
3.6268643e-06
-1.5091923e-08
3.6234152e-06
-1.5084519e-08
3.6200132e-06
-1.508208e-08
3.6166506e-06
-1.5074767e-08
3.613325e-06
-1.5065363e-08
3.6100361e-06
-1.5055899e-08
3.6067846e-06
-1.5046691e-08
3.6035701e-06
-1.5037387e-08
3.6003915e-06
-1.5027169e-08
3.5972474e-06
-1.5016344e-08
3.5941368e-06
-1.500475e-08
3.591059e-06
-1.4992712e-08
3.5880129e-06
-1.4979808e-08
3.5849982e-06
-1.4966616e-08
3.5820138e-06
-1.4952691e-08
3.5790592e-06
-1.4938522e-08
3.576134e-06
-1.4923477e-08
3.5732375e-06
-1.4908254e-08
3.5703693e-06
-1.4892352e-08
3.5675288e-06
-1.4876171e-08
3.5647158e-06
-1.4859356e-08
3.5619297e-06
-1.4842039e-08
3.5591709e-06
-1.4824304e-08
3.5564381e-06
-1.4805873e-08
3.5537318e-06
-1.4787536e-08
3.5510506e-06
-1.4767815e-08
3.5483952e-06
-1.4748233e-08
3.5457632e-06
-1.4726564e-08
3.5431563e-06
-1.4706408e-08
3.5405707e-06
-1.4682263e-08
3.5380077e-06
-1.4659113e-08
3.5354663e-06
-1.4636178e-08
3.5329461e-06
-1.4612734e-08
3.5304473e-06
-1.4588997e-08
3.5279697e-06
-1.4564491e-08
3.5255135e-06
-1.4539417e-08
3.5230785e-06
-1.4514124e-08
3.5206641e-06
-1.4488585e-08
3.51827e-06
-1.4462643e-08
3.5158959e-06
-1.443697e-08
3.5135418e-06
-1.4410793e-08
3.5112066e-06
-1.4385078e-08
3.5088911e-06
-1.4358684e-08
3.5065936e-06
-1.4333211e-08
3.5043137e-06
-1.4306505e-08
3.5020523e-06
-1.4279157e-08
3.4998071e-06
-1.4254099e-08
3.4975834e-06
-1.4226733e-08
3.495378e-06
-1.4203736e-08
3.4931781e-06
-1.4178437e-08
3.4909951e-06
-1.4147651e-08
3.4888377e-06
-1.4126531e-08
3.4866895e-06
-1.4108625e-08
3.4845537e-06
-1.408086e-08
3.4824387e-06
-1.4057608e-08
3.4803319e-06
-1.404181e-08
3.4782344e-06
-1.4021279e-08
3.4761585e-06
-1.4001996e-08
3.4740951e-06
-1.3989429e-08
3.4720353e-06
-1.397642e-08
3.4699838e-06
-1.3962776e-08
3.4679344e-06
-1.3948596e-08
3.4658811e-06
-1.3926282e-08
3.4638432e-06
-1.3899737e-08
3.4618309e-06
-1.3876931e-08
3.4598482e-06
-1.3858032e-08
3.4579009e-06
-1.3841695e-08
3.455971e-06
-1.3833966e-08
3.4540451e-06
-1.3829442e-08
3.4521227e-06
-1.3829864e-08
3.4501954e-06
-1.3830343e-08
3.4482532e-06
-1.3830711e-08
3.4463057e-06
-1.3827192e-08
3.444363e-06
-1.381476e-08
3.442423e-06
-1.3801089e-08
3.4404883e-06
-1.3787536e-08
3.4385643e-06
-1.3765232e-08
3.4366378e-06
-1.3740179e-08
3.4346983e-06
-1.3717476e-08
3.4327476e-06
-1.3690119e-08
3.4307789e-06
-1.3657847e-08
3.428787e-06
-1.3624673e-08
3.4267802e-06
-1.3588604e-08
3.4247676e-06
-1.3546256e-08
3.4227486e-06
-1.3498233e-08
3.42074e-06
-1.3451642e-08
3.4187577e-06
-1.3405708e-08
3.4168073e-06
-1.3352515e-08
3.4149004e-06
-1.3304129e-08
3.4130336e-06
-1.3266531e-08
3.4111992e-06
-1.322893e-08
3.4093945e-06
-1.3193525e-08
3.4075985e-06
-1.3172728e-08
3.4057854e-06
-1.3155564e-08
3.4039477e-06
-1.3134306e-08
3.4020752e-06
-1.3115006e-08
3.4001698e-06
-1.3093064e-08
3.398242e-06
-1.3063355e-08
3.3963011e-06
-1.3030625e-08
3.3943669e-06
-1.299111e-08
3.3924554e-06
-1.2947593e-08
3.3905837e-06
-1.2905074e-08
3.3887665e-06
-1.2858882e-08
3.3870055e-06
-1.281419e-08
3.3853045e-06
-1.2772047e-08
3.3836698e-06
-1.2735432e-08
3.3821044e-06
-1.2708254e-08
3.3806068e-06
-1.2688888e-08
3.3791741e-06
-1.2674494e-08
3.3778131e-06
-1.2671126e-08
3.376521e-06
-1.2679369e-08
3.3753017e-06
-1.2685991e-08
3.3741768e-06
-1.2701109e-08
3.3731364e-06
-1.2733552e-08
3.3721775e-06
-1.2766482e-08
3.3713085e-06
-1.2803153e-08
3.3705082e-06
-1.2854844e-08
3.3697644e-06
-1.2906308e-08
3.3690792e-06
-1.2951967e-08
3.3684458e-06
-1.3004609e-08
3.3678559e-06
-1.305628e-08
3.3673085e-06
-1.3100542e-08
3.36679e-06
-1.3153033e-08
3.3662799e-06
-1.3205391e-08
3.3657591e-06
-1.3246007e-08
3.3652283e-06
-1.3287952e-08
3.3646603e-06
-1.3335669e-08
3.3640361e-06
-1.33739e-08
3.3633473e-06
-1.3413037e-08
3.3625537e-06
-1.3457857e-08
3.3616288e-06
-1.3495562e-08
3.3605697e-06
-1.3516502e-08
3.3593624e-06
-1.3531049e-08
3.3580005e-06
-1.3528257e-08
3.3564835e-06
-1.3511016e-08
3.3548053e-06
-1.3485748e-08
3.3529654e-06
-1.344891e-08
3.350964e-06
-1.3398747e-08
3.3487959e-06
-1.3343189e-08
3.3464724e-06
-1.3274268e-08
3.3440027e-06
-1.3201431e-08
3.3413953e-06
-1.3116573e-08
3.3386572e-06
-1.3023843e-08
3.3358054e-06
-1.2927146e-08
3.3328563e-06
-1.2820798e-08
3.3298317e-06
-1.2698444e-08
3.3267472e-06
-1.2576876e-08
3.3236304e-06
-1.2443624e-08
3.3205112e-06
-1.2300255e-08
3.3174153e-06
-1.2161454e-08
3.3143717e-06
-1.2018246e-08
3.3114133e-06
-1.1877622e-08
3.3085709e-06
-1.1748164e-08
3.3058733e-06
-1.1630177e-08
3.3033522e-06
-1.1526036e-08
3.3010282e-06
-1.1440767e-08
3.2989146e-06
-1.1376569e-08
3.2970223e-06
-1.1328386e-08
3.2953547e-06
-1.1296139e-08
3.2939131e-06
-1.1282445e-08
3.2926991e-06
-1.1286614e-08
3.2917051e-06
-1.1308626e-08
3.2909329e-06
-1.1350403e-08
3.290385e-06
-1.1403249e-08
3.2900599e-06
-1.148004e-08
3.2899505e-06
-1.1572101e-08
3.2900318e-06
-1.1655149e-08
3.2902957e-06
-1.1800733e-08
3.2906708e-06
-1.1943926e-08
3.2910906e-06
-1.208611e-08
3.2914871e-06
-1.2236506e-08
3.2917813e-06
-1.237887e-08
3.2919041e-06
-1.250541e-08
3.2918524e-06
-1.2643737e-08
3.291524e-06
-1.2737696e-08
3.2909101e-06
-1.2825285e-08
3.2900144e-06
-1.2888549e-08
3.2888037e-06
-1.2935788e-08
3.2872777e-06
-1.2941319e-08
3.2854333e-06
-1.2924569e-08
3.283275e-06
-1.2877738e-08
3.280802e-06
-1.279742e-08
3.2780321e-06
-1.2690525e-08
3.2749763e-06
-1.2562147e-08
3.2716524e-06
-1.2412964e-08
3.268086e-06
-1.2240052e-08
3.2643016e-06
-1.2052512e-08
3.260331e-06
-1.1852503e-08
3.2562133e-06
-1.1641982e-08
3.2519797e-06
-1.1433031e-08
3.2476684e-06
-1.1225854e-08
3.2433191e-06
-1.1022987e-08
3.2389635e-06
-1.083212e-08
3.2346312e-06
-1.0650051e-08
3.2303559e-06
-1.0473524e-08
3.2261703e-06
-1.030978e-08
3.2221015e-06
-1.0164472e-08
3.2181746e-06
-1.0027834e-08
3.2144079e-06
-9.9055972e-09
3.2108165e-06
-9.7989181e-09
3.2074183e-06
-9.7058055e-09
3.2042255e-06
-9.6328541e-09
3.2012427e-06
-9.5780432e-09
3.1984661e-06
-9.538923e-09
3.1958876e-06
-9.518843e-09
3.193495e-06
-9.5179873e-09
3.1912751e-06
-9.5285095e-09
3.1892156e-06
-9.549824e-09
3.1872909e-06
-9.5955306e-09
3.1854687e-06
-9.6558748e-09
3.1837179e-06
-9.7175796e-09
3.1819999e-06
-9.7794186e-09
3.1802838e-06
-9.8311794e-09
3.1785411e-06
-9.8726098e-09
3.176742e-06
-9.8999422e-09
3.1748685e-06
-9.9143382e-09
3.1729103e-06
-9.9083604e-09
3.1708506e-06
-9.8893866e-09
3.1686728e-06
-9.8577453e-09
3.1663572e-06
-9.8171848e-09
3.1638857e-06
-9.7698512e-09
3.161242e-06
-9.7095549e-09
3.158406e-06
-9.6406358e-09
3.1553591e-06
-9.5624548e-09
3.1521113e-06
-9.4689185e-09
3.1486741e-06
-9.364598e-09
3.145067e-06
-9.2383812e-09
3.1413218e-06
-9.0953982e-09
3.1374634e-06
-8.9450762e-09
3.133513e-06
-8.776345e-09
3.1294927e-06
-8.5982088e-09
3.125415e-06
-8.4156189e-09
3.1212846e-06
-8.2266545e-09
3.117112e-06
-8.0349141e-09
3.1128956e-06
-7.8464604e-09
3.1086273e-06
-7.6566145e-09
3.1042983e-06
-7.46578e-09
3.0998928e-06
-7.2747364e-09
3.0953977e-06
-7.0699562e-09
3.0907849e-06
-6.8487385e-09
3.0860172e-06
-6.6124626e-09
3.0810655e-06
-6.3553509e-09
3.075902e-06
-6.0763057e-09
3.0704919e-06
-5.7749667e-09
3.0648019e-06
-5.4556706e-09
3.0588087e-06
-5.1144307e-09
3.052484e-06
-4.7444235e-09
3.0458043e-06
-4.3476684e-09
3.0387788e-06
-3.9240993e-09
3.0314244e-06
-3.4725178e-09
3.0237663e-06
-2.9884215e-09
3.0158441e-06
-2.4741253e-09
3.007706e-06
-1.9325848e-09
2.9994093e-06
-1.3670589e-09
2.9910109e-06
-7.7817841e-10
2.9825606e-06
-1.6818413e-10
2.974102e-06
4.577636e-10
2.9656757e-06
1.0953638e-09
2.9573128e-06
1.7316153e-09
2.9490381e-06
2.3567792e-09
2.9408618e-06
2.9681515e-09
2.9327815e-06
3.5626218e-09
2.9247983e-06
4.1356292e-09
2.9169109e-06
4.6808069e-09
2.9091095e-06
5.1951781e-09
2.9013861e-06
5.6677196e-09
2.8937236e-06
6.1030336e-09
2.8860813e-06
6.5112959e-09
2.8784138e-06
6.8990897e-09
2.8706767e-06
7.2745139e-09
2.8628293e-06
7.6441569e-09
2.8548558e-06
7.99827e-09
2.8467744e-06
8.3033487e-09
2.8385985e-06
8.5897214e-09
2.8303432e-06
8.9127634e-09
2.822048e-06
9.2650176e-09
2.8137539e-06
9.6093995e-09
2.8055153e-06
9.9771316e-09
2.7973958e-06
1.0365576e-08
2.7894656e-06
1.0743316e-08
2.7818193e-06
1.1051704e-08
2.7745652e-06
1.1242363e-08
2.7677026e-06
1.1437166e-08
2.7612055e-06
1.1665231e-08
2.7550635e-06
1.188998e-08
2.7492644e-06
1.2092e-08
2.7437895e-06
1.2283179e-08
2.7386213e-06
1.2456554e-08
2.7337514e-06
1.2615309e-08
2.7291927e-06
1.2719303e-08
2.7249197e-06
1.2750114e-08
2.7209065e-06
1.2687854e-08
2.7170528e-06
1.2719173e-08
2.7133329e-06
1.273939e-08
2.709752e-06
1.2733635e-08
2.7062926e-06
1.2686803e-08
2.7029143e-06
1.262457e-08
2.6995886e-06
1.2562618e-08
2.6962725e-06
1.2487441e-08
2.6929472e-06
1.2423417e-08
2.6898039e-06
1.2106317e-08
2.6871688e-06
1.1298077e-08
2.6847026e-06
1.0874111e-08
2.6821988e-06
1.0558436e-08
2.6795871e-06
1.0248875e-08
2.6768745e-06
9.8767652e-09
2.6740735e-06
9.4231019e-09
2.6712038e-06
8.8838972e-09
2.6682813e-06
8.2625458e-09
2.6649562e-06
7.8597386e-09
2.6602994e-06
7.9291893e-09
2.6552051e-06
6.9141137e-09
2.6494965e-06
6.2494898e-09
2.6432601e-06
5.5002456e-09
2.6363705e-06
4.7397211e-09
2.6287761e-06
3.9008952e-09
2.6202738e-06
3.1946596e-09
2.6108307e-06
2.4750721e-09
2.6000689e-06
2.3912392e-09
2.5911886e-06
-1.3667245e-09
2.5811752e-06
-1.9499558e-09
2.5698166e-06
-2.7868396e-09
2.5573054e-06
-3.7453423e-09
2.5438207e-06
-4.921354e-09
2.5295465e-06
-6.2189311e-09
2.514578e-06
-7.4595734e-09
2.4990278e-06
-8.2197982e-09
2.4801031e-06
-9.1715537e-09
2.4605551e-06
-1.0003853e-08
2.440641e-06
-1.1293045e-08
2.4203919e-06
-1.2625652e-08
2.3996523e-06
-1.3878553e-08
2.3783693e-06
-1.5063074e-08
2.3565521e-06
-1.6171077e-08
2.3346404e-06
-1.7215574e-08
2.3126704e-06
-1.8318958e-08
2.2906668e-06
-1.9180493e-08
2.2684331e-06
-1.9835707e-08
2.2459592e-06
-2.0395549e-08
2.2233247e-06
-2.0892765e-08
2.200645e-06
-2.1340043e-08
2.1780371e-06
-2.1721383e-08
2.1555657e-06
-2.2016724e-08
2.1331763e-06
-2.2253738e-08
2.1109059e-06
-2.2400222e-08
2.0888601e-06
-2.2455571e-08
2.0670766e-06
-2.2403244e-08
2.0455578e-06
-2.2256867e-08
2.024317e-06
-2.2050004e-08
2.003373e-06
-2.1798599e-08
1.982738e-06
-2.1484193e-08
1.9624087e-06
-2.1081871e-08
1.9423749e-06
-2.057712e-08
1.9226234e-06
-1.9964423e-08
1.903145e-06
-1.9237379e-08
1.8839285e-06
-1.8400458e-08
1.8649675e-06
-1.7457955e-08
1.8462598e-06
-1.6416569e-08
1.8278036e-06
-1.52823e-08
1.8095972e-06
-1.4056974e-08
1.7916367e-06
-1.274525e-08
1.7739147e-06
-1.1344787e-08
1.7564229e-06
-9.8642312e-09
1.7391545e-06
-8.3035081e-09
1.7220978e-06
-6.6746741e-09
1.7052432e-06
-4.9817364e-09
1.688588e-06
-3.2332266e-09
1.6721374e-06
-1.441133e-09
1.655892e-06
3.88785e-10
1.6398478e-06
2.248274e-09
1.6240016e-06
4.1272084e-09
1.6083512e-06
6.0167169e-09
1.5928948e-06
7.908779e-09
1.5776318e-06
9.7952801e-09
1.5625623e-06
1.1667378e-08
1.5476838e-06
1.351686e-08
1.5329901e-06
1.5336965e-08
1.5184844e-06
1.7121835e-08
1.5041825e-06
1.88636e-08
1.490097e-06
2.0556373e-08
1.4762279e-06
2.2202096e-08
1.4625695e-06
2.3801845e-08
1.4491223e-06
2.5347198e-08
1.4358892e-06
2.6831041e-08
1.4228759e-06
2.824848e-08
1.4100889e-06
2.9596618e-08
1.3975348e-06
3.0872094e-08
1.3852197e-06
3.2072048e-08
1.373144e-06
3.3198287e-08
1.3613044e-06
3.4256884e-08
1.3497015e-06
3.5250682e-08
1.3383446e-06
3.6183894e-08
1.3272456e-06
3.7060329e-08
1.3164156e-06
3.7881651e-08
1.3058601e-06
3.8646732e-08
1.2955814e-06
3.9353528e-08
1.2855773e-06
3.9999076e-08
1.2758407e-06
4.0583117e-08
1.2663633e-06
4.1107456e-08
1.2571442e-06
4.1578992e-08
1.2481836e-06
4.2008556e-08
1.239484e-06
4.2402998e-08
1.2310432e-06
4.2769588e-08
1.2228569e-06
4.3116826e-08
1.2149357e-06
4.3451519e-08
1.207298e-06
4.3772818e-08
1.1999186e-06
4.4071141e-08
1.1927729e-06
4.4353544e-08
1.1858658e-06
4.4625239e-08
1.1792108e-06
4.488886e-08
1.1728189e-06
4.5136586e-08
1.1666914e-06
4.5363614e-08
1.1608228e-06
4.557279e-08
1.1552106e-06
4.5764459e-08
1.1498587e-06
4.5934856e-08
1.1447643e-06
4.6081115e-08
1.1399298e-06
4.6205232e-08
1.1353778e-06
4.6309279e-08
1.1311273e-06
4.6397609e-08
1.1272013e-06
4.6455828e-08
1.1236094e-06
4.6500801e-08
1.1203748e-06
4.6489073e-08
1.117521e-06
4.6406034e-08
1.1150617e-06
4.6221305e-08
1.1130031e-06
4.5921404e-08
1.1113674e-06
4.547248e-08
1.1101548e-06
4.4863349e-08
1.1093307e-06
4.4091838e-08
1.1088495e-06
4.3156708e-08
1.1086747e-06
4.2045962e-08
1.1087682e-06
4.0779308e-08
1.1090877e-06
3.9422256e-08
1.1096796e-06
3.7972231e-08
1.1105788e-06
3.6495591e-08
1.111623e-06
3.5012186e-08
1.1129158e-06
3.3630324e-08
1.1144198e-06
3.2375379e-08
1.116068e-06
3.1212724e-08
1.1179048e-06
3.0150509e-08
1.1201417e-06
2.9018763e-08
1.1227287e-06
2.7937059e-08
1.1256136e-06
2.6946427e-08
1.1286635e-06
2.6066823e-08
1.1317582e-06
2.5355126e-08
1.1351896e-06
2.4298803e-08
1.138914e-06
2.3322413e-08
1.1429794e-06
2.2401419e-08
1.1472941e-06
2.1515394e-08
1.1517925e-06
2.0585858e-08
1.1565536e-06
1.9659421e-08
1.1616429e-06
1.877832e-08
1.1670433e-06
1.7913341e-08
1.172739e-06
1.7030124e-08
1.1787844e-06
1.6123661e-08
1.1852528e-06
1.520574e-08
1.192158e-06
1.4276009e-08
1.1995185e-06
1.3298146e-08
1.207406e-06
1.2253356e-08
1.2158791e-06
1.1151233e-08
1.224982e-06
9.9817346e-09
1.2347691e-06
8.7361629e-09
1.2452968e-06
7.4115407e-09
1.2566129e-06
6.0127738e-09
1.2687606e-06
4.5377546e-09
1.2817803e-06
2.9913063e-09
1.2957032e-06
1.3703323e-09
1.310551e-06
-3.1755487e-10
1.3263323e-06
-2.0807245e-09
1.3430329e-06
-3.9098733e-09
1.3606358e-06
-5.8182801e-09
1.3790872e-06
-7.7946258e-09
1.3983108e-06
-9.8446242e-09
1.4182094e-06
-1.1965356e-08
1.4386505e-06
-1.4155724e-08
1.4594717e-06
-1.6409892e-08
1.4804799e-06
-1.8721777e-08
1.5014577e-06
-2.1087506e-08
1.5221591e-06
-2.3489023e-08
1.5423303e-06
-2.5934192e-08
1.5616939e-06
-2.8386757e-08
1.5799842e-06
-3.0863708e-08
1.5969418e-06
-3.3339981e-08
1.6123037e-06
-3.5786019e-08
1.6258672e-06
-3.8241618e-08
1.6373885e-06
-4.0580678e-08
1.6467377e-06
-4.2957645e-08
1.6538577e-06
-4.5207158e-08
1.6586851e-06
-4.7394118e-08
1.6605244e-06
-4.9482036e-08
1.6602518e-06
-5.1542364e-08
1.658817e-06
-5.3686782e-08
1.6553054e-06
-5.5517993e-08
1.6494572e-06
-5.7183041e-08
1.6414327e-06
-5.8752748e-08
1.6318092e-06
-6.0188025e-08
1.6207461e-06
-6.1478527e-08
1.6084321e-06
-6.263675e-08
1.5950635e-06
-6.363386e-08
1.58082e-06
-6.4456143e-08
1.5658712e-06
-6.5080359e-08
1.5503803e-06
-6.5539527e-08
1.534509e-06
-6.5875942e-08
1.5184816e-06
-6.6072794e-08
1.5024342e-06
-6.6056971e-08
1.4864328e-06
-6.5836939e-08
1.4705702e-06
-6.5390668e-08
1.4549577e-06
-6.4696766e-08
1.4396658e-06
-6.3801478e-08
1.4247143e-06
-6.2725152e-08
1.4101487e-06
-6.1472881e-08
1.3960104e-06
-6.0060064e-08
1.3823475e-06
-5.8486787e-08
1.3692013e-06
-5.6758476e-08
1.3565849e-06
-5.488587e-08
1.3444954e-06
-5.2875403e-08
1.3329225e-06
-5.0726179e-08
1.3218606e-06
-4.8435956e-08
1.3113171e-06
-4.6002823e-08
1.301299e-06
-4.3433054e-08
1.2918043e-06
-4.0731362e-08
1.2828224e-06
-3.7906539e-08
1.2743371e-06
-3.4963505e-08
1.2663316e-06
-3.1908185e-08
1.2587873e-06
-2.8740321e-08
1.2516811e-06
-2.5463354e-08
1.2449842e-06
-2.208226e-08
1.2386661e-06
-1.8612277e-08
1.2326993e-06
-1.507025e-08
1.2270581e-06
-1.1474945e-08
1.2217146e-06
-7.8340356e-09
1.216649e-06
-4.1653743e-09
1.2118248e-06
-4.6529314e-10
1.2072089e-06
3.2549203e-09
1.2027754e-06
6.9811721e-09
1.1984883e-06
1.0703159e-08
1.1943245e-06
1.4395738e-08
1.1902632e-06
1.8043615e-08
1.1862845e-06
2.163312e-08
1.1823697e-06
2.5148517e-08
1.1785047e-06
2.8575594e-08
1.1746774e-06
3.190162e-08
1.1708803e-06
3.5113235e-08
1.1671077e-06
3.8197284e-08
1.163358e-06
4.1143227e-08
1.159637e-06
4.3940956e-08
1.1559561e-06
4.6580915e-08
1.1523285e-06
4.9060331e-08
1.1487638e-06
5.1385881e-08
1.1452535e-06
5.357202e-08
1.1417919e-06
5.5614715e-08
1.1384195e-06
5.7485815e-08
1.1351582e-06
5.9169531e-08
1.1320268e-06
6.0656446e-08
1.1290354e-06
6.1973048e-08
1.12619e-06
6.3103153e-08
1.1234536e-06
6.4111576e-08
1.1208828e-06
6.4933884e-08
1.1185146e-06
6.575965e-08
1.1163565e-06
6.623482e-08
1.1144052e-06
6.6932242e-08
1.1126706e-06
6.7037439e-08
1.1111311e-06
6.7602164e-08
1.10974e-06
6.7224973e-08
1.1084771e-06
6.8117808e-08
6.6986939e-08
5.6538652e-06
5.879027e-08
5.7066029e-06
8.4887515e-08
5.7494517e-06
1.0871981e-07
5.7900823e-06
1.1723993e-07
5.8231821e-06
1.1723211e-07
5.8481961e-06
1.1532806e-07
5.8683064e-06
1.0988243e-07
5.8834253e-06
1.0476387e-07
5.8922657e-06
9.9561956e-08
5.8966201e-06
9.5470001e-08
5.9015168e-06
9.2222625e-08
5.9055214e-06
8.7330199e-08
5.9079641e-06
8.2843505e-08
5.9089148e-06
7.8852595e-08
5.9086185e-06
7.5277924e-08
5.9069378e-06
7.2110551e-08
5.9041296e-06
6.9093651e-08
5.9002205e-06
6.6305654e-08
5.8959186e-06
6.307914e-08
5.8913191e-06
6.0404151e-08
5.8841825e-06
5.951751e-08
5.8755975e-06
5.7495049e-08
5.8659942e-06
5.5347976e-08
5.8554294e-06
5.3359205e-08
5.8439316e-06
5.1499704e-08
5.8315695e-06
4.9715618e-08
5.8183982e-06
4.8012998e-08
5.8044792e-06
4.6372443e-08
5.7898566e-06
4.4826312e-08
5.7745887e-06
4.3331665e-08
5.7587122e-06
4.1899471e-08
5.7422236e-06
4.0545229e-08
5.7251554e-06
3.9260355e-08
5.7074623e-06
3.8061716e-08
5.6893419e-06
3.6799437e-08
5.6709077e-06
3.5528549e-08
5.6522011e-06
3.4302164e-08
5.6332647e-06
3.3103497e-08
5.614124e-06
3.1951838e-08
5.5948214e-06
3.0814852e-08
5.5753719e-06
2.9736189e-08
5.5558173e-06
2.8652142e-08
5.5361677e-06
2.764871e-08
5.5164382e-06
2.6619287e-08
5.4966498e-06
2.5703575e-08
5.4768248e-06
2.472254e-08
5.4570091e-06
2.3832993e-08
5.4370764e-06
2.3016248e-08
5.4174597e-06
2.1869775e-08
5.3980594e-06
2.0935853e-08
5.3787846e-06
2.0080314e-08
5.3596132e-06
1.9279105e-08
5.3405356e-06
1.8497497e-08
5.3215652e-06
1.7737904e-08
5.302705e-06
1.6994152e-08
5.2839772e-06
1.6264477e-08
5.2653877e-06
1.5551497e-08
5.2469474e-06
1.4856243e-08
5.228683e-06
1.4167176e-08
5.2105669e-06
1.3513639e-08
5.1926841e-06
1.2833172e-08
5.1749386e-06
1.2221582e-08
5.1575023e-06
1.1537932e-08
5.1402159e-06
1.0937822e-08
5.1232105e-06
1.0300804e-08
5.1063748e-06
9.6801878e-09
5.0896163e-06
9.2540526e-09
5.0730072e-06
8.7207463e-09
5.0565539e-06
8.2313019e-09
5.0402867e-06
7.7265749e-09
5.0242202e-06
7.2287585e-09
5.0083598e-06
6.7418724e-09
4.9927105e-06
6.2623302e-09
4.9772695e-06
5.799647e-09
4.962039e-06
5.3427662e-09
4.9470128e-06
4.9056355e-09
4.9321913e-06
4.4721591e-09
4.9175693e-06
4.0600892e-09
4.9031404e-06
3.6518597e-09
4.8889063e-06
3.262747e-09
4.8748462e-06
2.8848315e-09
4.8609705e-06
2.5161664e-09
4.8472496e-06
2.1716189e-09
4.8336961e-06
1.8169222e-09
4.8203214e-06
1.4790622e-09
4.8071583e-06
1.0920296e-09
4.7942086e-06
7.4710105e-10
4.781476e-06
3.9561243e-10
4.7689414e-06
7.535883e-11
4.756592e-06
-2.3297231e-10
4.7444172e-06
-5.2645266e-10
4.7324076e-06
-8.0952356e-10
4.7205586e-06
-1.0832015e-09
4.7088657e-06
-1.3496337e-09
4.6973255e-06
-1.6084569e-09
4.6859361e-06
-1.8621824e-09
4.674694e-06
-2.1074475e-09
4.6636008e-06
-2.3509021e-09
4.6526493e-06
-2.5832372e-09
4.6418473e-06
-2.8184992e-09
4.6311818e-06
-3.0398528e-09
4.620669e-06
-3.2686311e-09
4.6102943e-06
-3.4857948e-09
4.6000728e-06
-3.7050669e-09
4.5900029e-06
-3.9331005e-09
4.5800689e-06
-4.1227897e-09
4.5702598e-06
-4.3316155e-09
4.5605574e-06
-4.5060884e-09
4.5509665e-06
-4.6825805e-09
4.5414837e-06
-4.8479931e-09
4.532108e-06
-5.0137179e-09
4.5228408e-06
-5.1764273e-09
4.5136844e-06
-5.3376339e-09
4.5046402e-06
-5.4960152e-09
4.4957088e-06
-5.6523288e-09
4.4868898e-06
-5.8050391e-09
4.4781824e-06
-5.955151e-09
4.469585e-06
-6.101144e-09
4.4610962e-06
-6.2443912e-09
4.4527144e-06
-6.3834547e-09
4.444437e-06
-6.5194352e-09
4.436263e-06
-6.6517907e-09
4.4281882e-06
-6.7801951e-09
4.4202125e-06
-6.9063431e-09
4.4123307e-06
-7.0266974e-09
4.4045419e-06
-7.1468675e-09
4.3968413e-06
-7.2597803e-09
4.3892281e-06
-7.3740192e-09
4.3817014e-06
-7.4828925e-09
4.3742596e-06
-7.5932518e-09
4.3669178e-06
-7.7085054e-09
4.3596708e-06
-7.8201037e-09
4.3525094e-06
-7.9229712e-09
4.3454381e-06
-8.0262521e-09
4.3384556e-06
-8.1261571e-09
4.3315579e-06
-8.2219875e-09
4.3247413e-06
-8.3142595e-09
4.3180036e-06
-8.4033287e-09
4.3113419e-06
-8.4896081e-09
4.3047545e-06
-8.5733709e-09
4.2982393e-06
-8.654514e-09
4.2917946e-06
-8.7337391e-09
4.2854188e-06
-8.8102237e-09
4.2791113e-06
-8.8854479e-09
4.2728699e-06
-8.9581436e-09
4.2666952e-06
-9.0298946e-09
4.2605846e-06
-9.0987902e-09
4.2545391e-06
-9.1671781e-09
4.2485564e-06
-9.2327799e-09
4.2426382e-06
-9.2983714e-09
4.2367821e-06
-9.3614432e-09
4.2309899e-06
-9.424316e-09
4.2252601e-06
-9.4857091e-09
4.2195919e-06
-9.5443902e-09
4.2139869e-06
-9.6044399e-09
4.2084349e-06
-9.6544603e-09
4.2029379e-06
-9.7044333e-09
4.1974927e-06
-9.7554955e-09
4.192099e-06
-9.8022102e-09
4.1867571e-06
-9.8467292e-09
4.1814665e-06
-9.890385e-09
4.176225e-06
-9.9332222e-09
4.1710325e-06
-9.9749347e-09
4.1658883e-06
-1.0016032e-08
4.1607923e-06
-1.0056215e-08
4.1557445e-06
-1.009556e-08
4.1507447e-06
-1.0133962e-08
4.1457921e-06
-1.0171776e-08
4.1408865e-06
-1.0208312e-08
4.1360273e-06
-1.0243807e-08
4.1312138e-06
-1.0278222e-08
4.1264452e-06
-1.0311592e-08
4.121721e-06
-1.0343833e-08
4.1170402e-06
-1.037459e-08
4.1124024e-06
-1.0404497e-08
4.1078062e-06
-1.0432506e-08
4.1032517e-06
-1.0460214e-08
4.0987369e-06
-1.0485548e-08
4.0942623e-06
-1.0511004e-08
4.0898256e-06
-1.0533859e-08
4.085428e-06
-1.0556944e-08
4.0810675e-06
-1.0578201e-08
4.0767466e-06
-1.059991e-08
4.0724601e-06
-1.0618331e-08
4.0682162e-06
-1.064038e-08
4.0640104e-06
-1.0659466e-08
4.0598392e-06
-1.0675285e-08
4.0557017e-06
-1.0689845e-08
4.0515981e-06
-1.0704073e-08
4.0475286e-06
-1.0717814e-08
4.043493e-06
-1.0731028e-08
4.0394909e-06
-1.0743178e-08
4.0355214e-06
-1.0754694e-08
4.0315838e-06
-1.0765171e-08
4.027678e-06
-1.0775239e-08
4.023803e-06
-1.0784377e-08
4.0199585e-06
-1.0793306e-08
4.0161437e-06
-1.0801403e-08
4.0123579e-06
-1.0809956e-08
4.0086009e-06
-1.0816817e-08
4.0048727e-06
-1.082343e-08
4.0011723e-06
-1.0831788e-08
3.9974994e-06
-1.083764e-08
3.9938496e-06
-1.0844679e-08
3.9902252e-06
-1.0852227e-08
3.9866285e-06
-1.0855695e-08
3.9830557e-06
-1.0864281e-08
3.9795047e-06
-1.087573e-08
3.9759779e-06
-1.0880993e-08
3.9724726e-06
-1.0886922e-08
3.9689881e-06
-1.0899716e-08
3.9655262e-06
-1.0909983e-08
3.9620851e-06
-1.0919113e-08
3.9586609e-06
-1.0932379e-08
3.9552559e-06
-1.09481e-08
3.9518668e-06
-1.096224e-08
3.9484899e-06
-1.0972633e-08
3.9451306e-06
-1.097914e-08
3.9417973e-06
-1.0984445e-08
3.9384936e-06
-1.0992662e-08
3.93522e-06
-1.1003675e-08
3.9319727e-06
-1.101566e-08
3.9287455e-06
-1.1033026e-08
3.9255348e-06
-1.1054508e-08
3.9223331e-06
-1.1077563e-08
3.9191373e-06
-1.1099468e-08
3.9159484e-06
-1.1122514e-08
3.9127671e-06
-1.1142983e-08
3.9095963e-06
-1.1156839e-08
3.9064352e-06
-1.1169609e-08
3.9032792e-06
-1.1179633e-08
3.9001268e-06
-1.1183048e-08
3.8969748e-06
-1.1184443e-08
3.8938165e-06
-1.1184762e-08
3.8906504e-06
-1.118018e-08
3.8874781e-06
-1.1172e-08
3.8843008e-06
-1.1161358e-08
3.8811219e-06
-1.1146193e-08
3.877951e-06
-1.1127134e-08
3.8747969e-06
-1.1103472e-08
3.8716667e-06
-1.1079099e-08
3.8685661e-06
-1.1054655e-08
3.8655024e-06
-1.102661e-08
3.8624748e-06
-1.1000699e-08
3.8594757e-06
-1.0981538e-08
3.8564993e-06
-1.0963141e-08
3.853538e-06
-1.0946707e-08
3.850578e-06
-1.0938896e-08
3.8476108e-06
-1.0933171e-08
3.8446362e-06
-1.0926059e-08
3.8416541e-06
-1.0919504e-08
3.8386697e-06
-1.0909329e-08
3.8356959e-06
-1.0894688e-08
3.8327456e-06
-1.0877667e-08
3.8298319e-06
-1.085483e-08
3.8269681e-06
-1.0828951e-08
3.8241629e-06
-1.080279e-08
3.8214245e-06
-1.0774017e-08
3.8187584e-06
-1.0746889e-08
3.81617e-06
-1.0722778e-08
3.8136637e-06
-1.07034e-08
3.8112408e-06
-1.0690758e-08
3.8089039e-06
-1.0685529e-08
3.8066584e-06
-1.0686519e-08
3.8045072e-06
-1.0697175e-08
3.8024503e-06
-1.0718222e-08
3.8004913e-06
-1.0740182e-08
3.7986313e-06
-1.0770914e-08
3.7968622e-06
-1.0815428e-08
3.7951803e-06
-1.086365e-08
3.7935781e-06
-1.0917382e-08
3.7920388e-06
-1.0981269e-08
3.7905512e-06
-1.1046925e-08
3.7891082e-06
-1.1112369e-08
3.7876947e-06
-1.1183005e-08
3.7862976e-06
-1.1254767e-08
3.7849079e-06
-1.1324499e-08
3.7835036e-06
-1.1397587e-08
3.7820657e-06
-1.1472016e-08
3.7805791e-06
-1.1538579e-08
3.7790264e-06
-1.1606422e-08
3.7773859e-06
-1.167769e-08
3.7756417e-06
-1.174278e-08
3.7737745e-06
-1.1806644e-08
3.7717615e-06
-1.1870664e-08
3.7695861e-06
-1.1926022e-08
3.7672436e-06
-1.1970785e-08
3.764724e-06
-1.2005641e-08
3.7620272e-06
-1.2026113e-08
3.7591562e-06
-1.2033783e-08
3.7561147e-06
-1.2032285e-08
3.7529076e-06
-1.2017969e-08
3.7495442e-06
-1.1990417e-08
3.7460348e-06
-1.1955189e-08
3.7423919e-06
-1.1904528e-08
3.7386305e-06
-1.1847306e-08
3.7347713e-06
-1.1779537e-08
3.7308323e-06
-1.1701684e-08
3.7268315e-06
-1.1615127e-08
3.7227915e-06
-1.1518858e-08
3.7187417e-06
-1.1410285e-08
3.7147041e-06
-1.129866e-08
3.7107083e-06
-1.1176909e-08
3.7067846e-06
-1.1047089e-08
3.7029608e-06
-1.0918701e-08
3.6992691e-06
-1.078911e-08
3.695741e-06
-1.0663276e-08
3.6924013e-06
-1.0545691e-08
3.6892738e-06
-1.0438706e-08
3.6863809e-06
-1.0346995e-08
3.6837333e-06
-1.02707e-08
3.681335e-06
-1.0211612e-08
3.6791882e-06
-1.0168845e-08
3.6772927e-06
-1.014436e-08
3.675642e-06
-1.0137585e-08
3.6742271e-06
-1.014838e-08
3.6730406e-06
-1.0179394e-08
3.6720678e-06
-1.0229724e-08
3.6712957e-06
-1.0295022e-08
3.6706998e-06
-1.038335e-08
3.6702432e-06
-1.0484515e-08
3.6699099e-06
-1.0598399e-08
3.6696086e-06
-1.0743207e-08
3.6692836e-06
-1.0897571e-08
3.6688656e-06
-1.105262e-08
3.6682814e-06
-1.1212008e-08
3.6674695e-06
-1.1363949e-08
3.6663897e-06
-1.1509199e-08
3.6649864e-06
-1.1651844e-08
3.663252e-06
-1.1766844e-08
3.6611662e-06
-1.1869631e-08
3.6587273e-06
-1.1952439e-08
3.6559253e-06
-1.2012654e-08
3.6527774e-06
-1.2043489e-08
3.6492865e-06
-1.2046792e-08
3.6454669e-06
-1.2021906e-08
3.6413403e-06
-1.196701e-08
3.6369312e-06
-1.1886193e-08
3.6322673e-06
-1.178334e-08
3.6273785e-06
-1.1657899e-08
3.6223012e-06
-1.1510313e-08
3.617076e-06
-1.1348838e-08
3.6117452e-06
-1.1175354e-08
3.6063512e-06
-1.0990905e-08
3.6009351e-06
-1.0805359e-08
3.5955368e-06
-1.0618716e-08
3.5901928e-06
-1.0432852e-08
3.5849365e-06
-1.0255091e-08
3.5797996e-06
-1.0084845e-08
3.5748104e-06
-9.9198769e-09
3.569992e-06
-9.7649626e-09
3.5653611e-06
-9.623975e-09
3.5609344e-06
-9.4931734e-09
3.5567258e-06
-9.3787476e-09
3.5527407e-06
-9.278613e-09
3.5489823e-06
-9.1922323e-09
3.5454485e-06
-9.1251078e-09
3.5421308e-06
-9.0749812e-09
3.5390166e-06
-9.0407868e-09
3.5360891e-06
-9.0246548e-09
3.5333261e-06
-9.0256433e-09
3.5307072e-06
-9.0410048e-09
3.52821e-06
-9.0706154e-09
3.525799e-06
-9.1183363e-09
3.523434e-06
-9.1759884e-09
3.5210791e-06
-9.2366874e-09
3.5186977e-06
-9.2990553e-09
3.5162565e-06
-9.3543937e-09
3.5137272e-06
-9.403168e-09
3.5110848e-06
-9.4410026e-09
3.5083079e-06
-9.4686889e-09
3.5053823e-06
-9.4808414e-09
3.502295e-06
-9.483315e-09
3.4990343e-06
-9.4751202e-09
3.4955868e-06
-9.4560733e-09
3.491941e-06
-9.4270391e-09
3.4880917e-06
-9.3838324e-09
3.4840398e-06
-9.332116e-09
3.4797908e-06
-9.2683461e-09
3.4753582e-06
-9.1888701e-09
3.4707594e-06
-9.097179e-09
3.4660205e-06
-8.9883012e-09
3.4611654e-06
-8.8647809e-09
3.4562089e-06
-8.7297347e-09
3.4511674e-06
-8.5772167e-09
3.4460524e-06
-8.414673e-09
3.4408676e-06
-8.2437785e-09
3.4356142e-06
-8.0645868e-09
3.4302889e-06
-7.8799482e-09
3.4248792e-06
-7.6914168e-09
3.4193726e-06
-7.4991502e-09
3.41375e-06
-7.3030959e-09
3.4079802e-06
-7.0981452e-09
3.4020325e-06
-6.8765837e-09
3.3958803e-06
-6.6410646e-09
3.3894932e-06
-6.3903434e-09
3.3828399e-06
-6.1166583e-09
3.3758944e-06
-5.8207941e-09
3.3686379e-06
-5.5035239e-09
3.361052e-06
-5.1633662e-09
3.3531261e-06
-4.7971493e-09
3.3448666e-06
-4.4051074e-09
3.3362855e-06
-3.9861625e-09
3.3273993e-06
-3.5343453e-09
3.3182339e-06
-3.0495899e-09
3.308827e-06
-2.5321878e-09
3.2992217e-06
-1.9842745e-09
3.2894633e-06
-1.4077761e-09
3.279595e-06
-8.0614626e-10
3.2696567e-06
-1.7934854e-10
3.2596836e-06
4.7059423e-10
3.2497053e-06
1.1389014e-09
3.2397468e-06
1.8209176e-09
3.2298269e-06
2.5038123e-09
3.2199599e-06
3.1748861e-09
3.2101497e-06
3.8321302e-09
3.2003878e-06
4.4780748e-09
3.1906495e-06
5.1193574e-09
3.1809092e-06
5.7494232e-09
3.1711531e-06
6.3524266e-09
3.1613713e-06
6.907928e-09
3.1515402e-06
7.4253341e-09
3.1416181e-06
7.9289095e-09
3.1315696e-06
8.4187231e-09
3.1213617e-06
8.9094017e-09
3.1109802e-06
9.4091019e-09
3.1004695e-06
9.8720849e-09
3.0898976e-06
1.0244462e-08
3.0792992e-06
1.0580175e-08
3.0686829e-06
1.0968682e-08
3.0580862e-06
1.1383881e-08
3.0475303e-06
1.1807056e-08
3.0370529e-06
1.2258554e-08
3.0267088e-06
1.2729085e-08
3.0165709e-06
1.3181977e-08
3.0066883e-06
1.3574029e-08
2.9970346e-06
1.3889069e-08
2.987596e-06
1.4203666e-08
2.9783063e-06
1.4602427e-08
2.9691699e-06
1.4976104e-08
2.9601882e-06
1.5302241e-08
2.9513394e-06
1.561518e-08
2.9425936e-06
1.592083e-08
2.9339293e-06
1.6228941e-08
2.925291e-06
1.6556589e-08
2.9167605e-06
1.6745623e-08
2.9087456e-06
1.6364113e-08
2.9010644e-06
1.6162177e-08
2.8934333e-06
1.6185671e-08
2.8857393e-06
1.6268514e-08
2.87798e-06
1.6283403e-08
2.8701485e-06
1.6259019e-08
2.8622453e-06
1.6206644e-08
2.8543168e-06
1.6072515e-08
2.8464268e-06
1.5870095e-08
2.8381533e-06
1.5828724e-08
2.8291065e-06
1.5629082e-08
2.8194951e-06
1.551134e-08
2.8094606e-06
1.5295995e-08
2.7991046e-06
1.4934344e-08
2.7883513e-06
1.4535854e-08
2.777086e-06
1.4117155e-08
2.7651627e-06
1.3699351e-08
2.7522076e-06
1.352314e-08
2.7385972e-06
1.3185715e-08
2.7250227e-06
1.2666213e-08
2.7130233e-06
9.2755013e-09
2.6995895e-06
9.215503e-09
2.6850339e-06
8.7308805e-09
2.669577e-06
7.9956486e-09
2.6533269e-06
7.0556192e-09
2.6364931e-06
6.0270033e-09
2.6191214e-06
4.9336837e-09
2.6012893e-06
4.4049249e-09
2.5795545e-06
3.6125218e-09
2.5571408e-06
2.8060505e-09
2.5343285e-06
1.5212263e-09
2.5111283e-06
1.5262991e-10
2.4873664e-06
-1.2107617e-09
2.462961e-06
-2.5576767e-09
2.4380169e-06
-3.8851398e-09
2.4130498e-06
-5.1744191e-09
2.3881055e-06
-6.6333543e-09
2.363186e-06
-7.9285067e-09
2.3377991e-06
-9.1295482e-09
2.3120439e-06
-1.0375714e-08
2.286086e-06
-1.1611132e-08
2.2600643e-06
-1.282715e-08
2.2340235e-06
-1.3932707e-08
2.2079497e-06
-1.4894767e-08
2.1818705e-06
-1.5875143e-08
2.1560062e-06
-1.6770758e-08
2.130503e-06
-1.7557623e-08
2.1053913e-06
-1.824461e-08
2.0806737e-06
-1.8846225e-08
2.0563628e-06
-1.938578e-08
2.0324705e-06
-1.9846775e-08
2.0090467e-06
-2.0249594e-08
1.9861177e-06
-2.0600349e-08
1.9636943e-06
-2.08554e-08
1.9417579e-06
-2.0992086e-08
1.9202518e-06
-2.0964662e-08
1.899145e-06
-2.0820421e-08
1.87846e-06
-2.0648197e-08
1.8582281e-06
-2.0470002e-08
1.8384533e-06
-2.0241308e-08
1.8191264e-06
-1.9927442e-08
1.800224e-06
-1.9503295e-08
1.7817121e-06
-1.8953974e-08
1.7635631e-06
-1.8281002e-08
1.7457562e-06
-1.7495802e-08
1.7282765e-06
-1.6608949e-08
1.7111127e-06
-1.5630655e-08
1.694252e-06
-1.4564462e-08
1.6776826e-06
-1.3412414e-08
1.6613898e-06
-1.2176184e-08
1.6453645e-06
-1.0857606e-08
1.6295966e-06
-9.4636432e-09
1.6140772e-06
-7.9948608e-09
1.598798e-06
-6.4621224e-09
1.5837519e-06
-4.8693005e-09
1.568935e-06
-3.2265999e-09
1.5543383e-06
-1.5389534e-09
1.5399545e-06
1.871534e-10
1.5257769e-06
1.9428739e-09
1.5118005e-06
3.7185561e-09
1.4980228e-06
5.5047824e-09
1.4844427e-06
7.2938997e-09
1.4710593e-06
9.0791423e-09
1.4578705e-06
1.0853435e-08
1.4448733e-06
1.2610792e-08
1.4320647e-06
1.4345229e-08
1.4194424e-06
1.6051059e-08
1.4070046e-06
1.7721094e-08
1.3947502e-06
1.9349458e-08
1.3826847e-06
2.0932536e-08
1.3708191e-06
2.2466841e-08
1.3591598e-06
2.394803e-08
1.3477107e-06
2.5372118e-08
1.3364747e-06
2.6735327e-08
1.3254551e-06
2.8034214e-08
1.3146547e-06
2.9265804e-08
1.3040747e-06
3.04288e-08
1.2937172e-06
3.1524161e-08
1.2835878e-06
3.2554182e-08
1.273692e-06
3.352123e-08
1.2640357e-06
3.4428872e-08
1.2546247e-06
3.5280264e-08
1.2454637e-06
3.6077332e-08
1.2365552e-06
3.6820073e-08
1.2279001e-06
3.7507366e-08
1.2194966e-06
3.8137793e-08
1.2113418e-06
3.8712184e-08
1.2034314e-06
3.9234259e-08
1.1957631e-06
3.9709557e-08
1.1883371e-06
4.0145784e-08
1.1811532e-06
4.054956e-08
1.1742115e-06
4.092725e-08
1.1675134e-06
4.1285703e-08
1.1610621e-06
4.1627641e-08
1.1548552e-06
4.195242e-08
1.1488971e-06
4.2260572e-08
1.143183e-06
4.2553039e-08
1.1377101e-06
4.2835297e-08
1.1324839e-06
4.3106473e-08
1.1275078e-06
4.3362395e-08
1.1227862e-06
4.359781e-08
1.1183244e-06
4.3814834e-08
1.1141239e-06
4.4018725e-08
1.1101884e-06
4.4204362e-08
1.1065218e-06
4.4370144e-08
1.1031309e-06
4.4516691e-08
1.1000467e-06
4.4623243e-08
1.0972701e-06
4.4725732e-08
1.0948272e-06
4.4785946e-08
1.092741e-06
4.4825542e-08
1.0910242e-06
4.4812457e-08
1.0897316e-06
4.4690488e-08
1.0888407e-06
4.4505519e-08
1.0883789e-06
4.4191073e-08
1.0882963e-06
4.378893e-08
1.0885929e-06
4.3236301e-08
1.0892707e-06
4.2511166e-08
1.0902846e-06
4.1647156e-08
1.0916835e-06
4.0607065e-08
1.093453e-06
3.9445725e-08
1.0953297e-06
3.8165713e-08
1.0974081e-06
3.6857787e-08
1.0996797e-06
3.554815e-08
1.1020494e-06
3.4270009e-08
1.104552e-06
3.3028541e-08
1.1073759e-06
3.1718269e-08
1.1105872e-06
3.0427761e-08
1.114076e-06
2.9344319e-08
1.1176264e-06
2.8410371e-08
1.1210413e-06
2.7738408e-08
1.1248464e-06
2.6630579e-08
1.1289971e-06
2.5681567e-08
1.1335882e-06
2.4822115e-08
1.1383294e-06
2.3911788e-08
1.1432946e-06
2.3011479e-08
1.1485227e-06
2.2133985e-08
1.1540302e-06
2.1284838e-08
1.1597913e-06
2.0430375e-08
1.1658331e-06
1.9567278e-08
1.1722102e-06
1.8716907e-08
1.178949e-06
1.7884327e-08
1.1860664e-06
1.7051866e-08
1.1935937e-06
1.6205361e-08
1.2015889e-06
1.5336119e-08
1.210116e-06
1.444243e-08
1.2192148e-06
1.351628e-08
1.2289292e-06
1.2535646e-08
1.2393227e-06
1.1490342e-08
1.250452e-06
1.0374751e-08
1.2623656e-06
9.1835997e-09
1.2751109e-06
7.9088167e-09
1.2887306e-06
6.5506636e-09
1.3032578e-06
5.1067115e-09
1.318711e-06
3.5834979e-09
1.3350959e-06
1.9763204e-09
1.3524033e-06
2.9088509e-10
1.370599e-06
-1.4760748e-09
1.3896313e-06
-3.3210283e-09
1.4094134e-06
-5.2484053e-09
1.4298377e-06
-7.2538624e-09
1.4507618e-06
-9.3389527e-09
1.4720123e-06
-1.1500205e-08
1.4933833e-06
-1.3733855e-08
1.5146423e-06
-1.6034704e-08
1.5355272e-06
-1.8388561e-08
1.5557675e-06
-2.0799346e-08
1.57507e-06
-2.3232331e-08
1.593156e-06
-2.5708435e-08
1.6097525e-06
-2.8184572e-08
1.6246009e-06
-3.0669673e-08
1.637484e-06
-3.3149969e-08
1.6481722e-06
-3.5551056e-08
1.6565763e-06
-3.8020132e-08
1.6626183e-06
-4.0279132e-08
1.6661537e-06
-4.2619525e-08
1.6665731e-06
-4.4768519e-08
1.6655306e-06
-4.6785469e-08
1.6631223e-06
-4.932583e-08
1.6581927e-06
-5.1148771e-08
1.6508578e-06
-5.2953853e-08
1.6415967e-06
-5.466844e-08
1.6307087e-06
-5.628532e-08
1.6183837e-06
-5.7779154e-08
1.6048205e-06
-5.9130113e-08
1.5902125e-06
-6.0332342e-08
1.5747284e-06
-6.1385236e-08
1.5585461e-06
-6.2281909e-08
1.541845e-06
-6.3024192e-08
1.5248068e-06
-6.3605389e-08
1.5075614e-06
-6.4021676e-08
1.4901863e-06
-6.4276804e-08
1.4727639e-06
-6.437083e-08
1.4554208e-06
-6.4285925e-08
1.4382471e-06
-6.4005481e-08
1.4213271e-06
-6.3515136e-08
1.4047544e-06
-6.2817286e-08
1.3885834e-06
-6.1929539e-08
1.3728494e-06
-6.0861804e-08
1.3575862e-06
-5.9624241e-08
1.342816e-06
-5.8226297e-08
1.3285589e-06
-5.6671841e-08
1.3148338e-06
-5.4969608e-08
1.301652e-06
-5.312721e-08
1.2890185e-06
-5.1148734e-08
1.2769371e-06
-4.9034185e-08
1.2654104e-06
-4.6784157e-08
1.2544327e-06
-4.4398462e-08
1.2439955e-06
-4.1882424e-08
1.2340881e-06
-3.9239843e-08
1.2246983e-06
-3.6480226e-08
1.2158143e-06
-3.3611004e-08
1.2074284e-06
-3.0644816e-08
1.1995295e-06
-2.7579794e-08
1.192093e-06
-2.4407917e-08
1.1850841e-06
-2.112549e-08
1.1784766e-06
-1.7756816e-08
1.1722495e-06
-1.4325193e-08
1.1663842e-06
-1.0851751e-08
1.16086e-06
-7.3414257e-09
1.1556457e-06
-3.8008809e-09
1.1507267e-06
-2.4114222e-10
1.1460775e-06
3.3327221e-09
1.1416679e-06
6.9112289e-09
1.137489e-06
1.0466548e-08
1.1335195e-06
1.3989522e-08
1.1297399e-06
1.7466817e-08
1.1261334e-06
2.0885388e-08
1.1226832e-06
2.423283e-08
1.1193741e-06
2.7496943e-08
1.116195e-06
3.066438e-08
1.1131376e-06
3.3722453e-08
1.1101952e-06
3.6659735e-08
1.1073647e-06
3.9465729e-08
1.1046459e-06
4.2130204e-08
1.1020384e-06
4.4646646e-08
1.0995445e-06
4.7011357e-08
1.097178e-06
4.9220614e-08
1.0949683e-06
5.1270705e-08
1.0928995e-06
5.3193374e-08
1.0909572e-06
5.4942995e-08
1.0891678e-06
5.6529128e-08
1.0875585e-06
5.7936044e-08
1.0861346e-06
5.9198666e-08
1.0849118e-06
6.0288564e-08
1.0838983e-06
6.1286645e-08
1.0831084e-06
6.2087576e-08
1.0825141e-06
6.2935599e-08
1.0821534e-06
6.3410723e-08
1.0819599e-06
6.4186458e-08
1.0820877e-06
6.4227689e-08
1.0819923e-06
6.5285805e-08
1.0822864e-06
6.4804933e-08
1.0822729e-06
6.6289124e-08
6.4797503e-08
5.6404842e-06
3.3697413e-08
5.6726639e-06
5.2707489e-08
5.7041744e-06
7.7209168e-08
5.7310787e-06
9.0336148e-08
5.7539166e-06
9.4393655e-08
5.7728816e-06
9.636293e-08
5.78823e-06
9.4533675e-08
5.8013316e-06
9.1662204e-08
5.8128047e-06
8.808874e-08
5.8242147e-06
8.4059858e-08
5.8350835e-06
8.1353411e-08
5.8442353e-06
7.8178357e-08
5.8522133e-06
7.4864891e-08
5.8593046e-06
7.1760922e-08
5.8658106e-06
6.8771525e-08
5.871835e-06
6.6085894e-08
5.8773741e-06
6.3554262e-08
5.8822026e-06
6.1477234e-08
5.8857093e-06
5.9571728e-08
5.887994e-06
5.8119137e-08
5.8908978e-06
5.6613385e-08
5.8936291e-06
5.4763222e-08
5.8959054e-06
5.3070653e-08
5.8977452e-06
5.151892e-08
5.8991602e-06
5.0084396e-08
5.9001381e-06
4.8736544e-08
5.9006761e-06
4.7474421e-08
5.9007809e-06
4.6266758e-08
5.9004375e-06
4.5168615e-08
5.8996332e-06
4.4135155e-08
5.8984044e-06
4.3126982e-08
5.8967789e-06
4.2169669e-08
5.8948594e-06
4.1178242e-08
5.8927651e-06
4.0154898e-08
5.8901978e-06
3.93651e-08
5.8871224e-06
3.8602343e-08
5.8835877e-06
3.7835064e-08
5.8796179e-06
3.7071614e-08
5.8752351e-06
3.6332304e-08
5.870449e-06
3.5598772e-08
5.8652905e-06
3.4892908e-08
5.8597543e-06
3.4185567e-08
5.8538906e-06
3.3510165e-08
5.8476906e-06
3.2816764e-08
5.8412256e-06
3.2165894e-08
5.8345105e-06
3.1434649e-08
5.8274769e-06
3.0863128e-08
5.8204269e-06
3.0062768e-08
5.8126878e-06
2.9605866e-08
5.8044479e-06
2.9171775e-08
5.7959365e-06
2.8587579e-08
5.7872069e-06
2.8004147e-08
5.7782901e-06
2.7409834e-08
5.7691841e-06
2.683893e-08
5.7599117e-06
2.6261376e-08
5.7504578e-06
2.5712931e-08
5.7408548e-06
2.5149324e-08
5.7310789e-06
2.4626317e-08
5.721165e-06
2.4074748e-08
5.7110947e-06
2.3576906e-08
5.7008638e-06
2.3057286e-08
5.6905051e-06
2.2572806e-08
5.6798895e-06
2.2145648e-08
5.6692091e-06
2.1610014e-08
5.658183e-06
2.1318189e-08
5.6474233e-06
2.0430109e-08
5.636706e-06
1.9961713e-08
5.6259978e-06
1.9418398e-08
5.6152449e-06
1.8973423e-08
5.6044327e-06
1.8527535e-08
5.5935536e-06
1.8095611e-08
5.5826156e-06
1.7667122e-08
5.5716237e-06
1.7240528e-08
5.560589e-06
1.68201e-08
5.5495161e-06
1.640149e-08
5.5384205e-06
1.5985951e-08
5.5273027e-06
1.5574043e-08
5.516178e-06
1.5168179e-08
5.5050516e-06
1.4760645e-08
5.4939293e-06
1.4367225e-08
5.4828434e-06
1.3951761e-08
5.4717705e-06
1.3569645e-08
5.4607931e-06
1.31287e-08
5.4498407e-06
1.2748486e-08
5.4389718e-06
1.2326741e-08
5.4280707e-06
1.1970469e-08
5.4170992e-06
1.1696066e-08
5.4061062e-06
1.1365751e-08
5.3951103e-06
1.1046987e-08
5.3841377e-06
1.0714607e-08
5.3732029e-06
1.038315e-08
5.3623165e-06
1.0050817e-08
5.3514826e-06
9.724213e-09
5.3407062e-06
9.3989625e-09
5.3299868e-06
9.0827843e-09
5.3193287e-06
8.7671328e-09
5.3087293e-06
8.4620275e-09
5.2981911e-06
8.1572433e-09
5.2877141e-06
7.8623081e-09
5.2772915e-06
7.5717481e-09
5.2669344e-06
7.2846684e-09
5.256618e-06
7.0140986e-09
5.2463622e-06
6.7353598e-09
5.2361373e-06
6.4845382e-09
5.2259458e-06
6.2217032e-09
5.2158297e-06
5.9565854e-09
5.2058063e-06
5.654003e-09
5.1958761e-06
5.3851235e-09
5.1860508e-06
5.1034554e-09
5.1763188e-06
4.8442343e-09
5.1666716e-06
4.5924708e-09
5.1571016e-06
4.3516311e-09
5.1476035e-06
4.1183843e-09
5.1381732e-06
3.8913397e-09
5.1288084e-06
3.6690317e-09
5.119508e-06
3.4510688e-09
5.1102714e-06
3.2363867e-09
5.1010988e-06
3.0256442e-09
5.0919907e-06
2.8173104e-09
5.0829467e-06
2.6132607e-09
5.0739692e-06
2.4103679e-09
5.065056e-06
2.2126043e-09
5.0562123e-06
2.0139352e-09
5.0474341e-06
1.8215194e-09
5.0387303e-06
1.6255051e-09
5.0300964e-06
1.4350334e-09
5.0215425e-06
1.2410983e-09
5.0130666e-06
1.0475723e-09
5.0046666e-06
8.6172891e-10
4.996334e-06
6.8257577e-10
4.9880525e-06
5.1539306e-10
4.9798208e-06
3.5279202e-10
4.9716411e-06
1.963345e-10
4.9635123e-06
4.0905501e-11
4.955436e-06
-1.1329382e-10
4.9474155e-06
-2.6669866e-10
4.9394535e-06
-4.1882808e-10
4.9315514e-06
-5.6998761e-10
4.9237107e-06
-7.194858e-10
4.9159321e-06
-8.6747942e-10
4.9082159e-06
-1.01294e-09
4.9005626e-06
-1.1567569e-09
4.8929714e-06
-1.2978476e-09
4.8854418e-06
-1.4366615e-09
4.8779734e-06
-1.5728077e-09
4.8705654e-06
-1.7064328e-09
4.8632174e-06
-1.8378237e-09
4.855927e-06
-1.9660189e-09
4.848695e-06
-2.0923614e-09
4.8415171e-06
-2.2141124e-09
4.8343955e-06
-2.3357147e-09
4.8273243e-06
-2.4509421e-09
4.8203067e-06
-2.5682079e-09
4.8133388e-06
-2.6782243e-09
4.806422e-06
-2.7916323e-09
4.7995717e-06
-2.9106135e-09
4.7927829e-06
-3.0236191e-09
4.786047e-06
-3.1303857e-09
4.7793697e-06
-3.2377114e-09
4.7727509e-06
-3.3430734e-09
4.7661883e-06
-3.4454293e-09
4.7596802e-06
-3.5450043e-09
4.7532251e-06
-3.6424539e-09
4.7468216e-06
-3.7374734e-09
4.740468e-06
-3.8302863e-09
4.7341633e-06
-3.9211292e-09
4.7279058e-06
-4.0098977e-09
4.7216949e-06
-4.0966071e-09
4.7155299e-06
-4.1819539e-09
4.7094096e-06
-4.2653361e-09
4.7033342e-06
-4.3477142e-09
4.6973028e-06
-4.4277195e-09
4.6913154e-06
-4.5072257e-09
4.685371e-06
-4.5843414e-09
4.6794703e-06
-4.6610711e-09
4.6736126e-06
-4.7357527e-09
4.667798e-06
-4.8096869e-09
4.6620271e-06
-4.8825726e-09
4.6562984e-06
-4.9533608e-09
4.6506142e-06
-5.0244933e-09
4.6449703e-06
-5.0912448e-09
4.6393683e-06
-5.1585549e-09
4.6338016e-06
-5.2196469e-09
4.628272e-06
-5.2791704e-09
4.6227784e-06
-5.3412532e-09
4.6173205e-06
-5.400159e-09
4.6118997e-06
-5.4574656e-09
4.6065159e-06
-5.5134191e-09
4.6011679e-06
-5.5681801e-09
4.5958559e-06
-5.6218585e-09
4.590579e-06
-5.674663e-09
4.5853371e-06
-5.7265304e-09
4.5801301e-06
-5.7773573e-09
4.5749576e-06
-5.8271734e-09
4.5698198e-06
-5.8762084e-09
4.5647158e-06
-5.9244378e-09
4.5596454e-06
-5.9718994e-09
4.5546084e-06
-6.018579e-09
4.5496037e-06
-6.0647984e-09
4.5446318e-06
-6.1099712e-09
4.5396916e-06
-6.1547221e-09
4.5347826e-06
-6.1999428e-09
4.5299041e-06
-6.2431287e-09
4.5250554e-06
-6.2872791e-09
4.5202352e-06
-6.3303927e-09
4.5154461e-06
-6.372916e-09
4.5106868e-06
-6.4178098e-09
4.5059529e-06
-6.4629524e-09
4.5012462e-06
-6.5046613e-09
4.4965688e-06
-6.5481838e-09
4.4919169e-06
-6.5948584e-09
4.4872925e-06
-6.6412049e-09
4.482696e-06
-6.6871544e-09
4.4781237e-06
-6.7338588e-09
4.473572e-06
-6.7804096e-09
4.4690413e-06
-6.8256401e-09
4.4645319e-06
-6.8679187e-09
4.4600471e-06
-6.9081021e-09
4.455592e-06
-6.9494175e-09
4.451167e-06
-6.991896e-09
4.446771e-06
-7.0366699e-09
4.4424035e-06
-7.0830226e-09
4.4380577e-06
-7.1307786e-09
4.4337286e-06
-7.1801374e-09
4.4294147e-06
-7.2314119e-09
4.4251152e-06
-7.2821167e-09
4.4208266e-06
-7.3314994e-09
4.4165491e-06
-7.3800508e-09
4.412284e-06
-7.4244393e-09
4.4080274e-06
-7.46601e-09
4.4037772e-06
-7.5052911e-09
4.3995335e-06
-7.5408138e-09
4.3952916e-06
-7.5713351e-09
4.3910491e-06
-7.5984894e-09
4.3868088e-06
-7.6237168e-09
4.3825709e-06
-7.6428899e-09
4.3783378e-06
-7.6584086e-09
4.3741164e-06
-7.6712241e-09
4.369912e-06
-7.6802644e-09
4.3657283e-06
-7.6830906e-09
4.361571e-06
-7.686157e-09
4.3574422e-06
-7.6884166e-09
4.3533431e-06
-7.6873468e-09
4.3492728e-06
-7.6885942e-09
4.345226e-06
-7.692285e-09
4.3411993e-06
-7.6968427e-09
4.3371912e-06
-7.7039757e-09
4.3331961e-06
-7.7148719e-09
4.329213e-06
-7.7263498e-09
4.3252461e-06
-7.7371003e-09
4.3212993e-06
-7.7474023e-09
4.3173815e-06
-7.7547573e-09
4.3135024e-06
-7.7591102e-09
4.309671e-06
-7.7601849e-09
4.3058965e-06
-7.7569045e-09
4.3021881e-06
-7.750899e-09
4.2985525e-06
-7.7446307e-09
4.2949962e-06
-7.7364772e-09
4.2915234e-06
-7.7289681e-09
4.2881391e-06
-7.7245574e-09
4.2848485e-06
-7.7250353e-09
4.2816533e-06
-7.7313107e-09
4.2785558e-06
-7.7435205e-09
4.2755575e-06
-7.7626461e-09
4.2726574e-06
-7.7902622e-09
4.2698511e-06
-7.8260443e-09
4.2671376e-06
-7.8670634e-09
4.2645126e-06
-7.9180595e-09
4.2619631e-06
-7.9790023e-09
4.2594789e-06
-8.0459177e-09
4.2570488e-06
-8.1204212e-09
4.2546563e-06
-8.2029983e-09
4.2522861e-06
-8.2898248e-09
4.2499259e-06
-8.3799336e-09
4.2475586e-06
-8.4753546e-09
4.2451685e-06
-8.5734162e-09
4.2427397e-06
-8.6724774e-09
4.240254e-06
-8.7753138e-09
4.2376909e-06
-8.8779433e-09
4.235037e-06
-8.9779699e-09
4.2322781e-06
-9.0806265e-09
4.2293943e-06
-9.1825867e-09
4.2263728e-06
-9.2805132e-09
4.2232015e-06
-9.3770671e-09
4.2198666e-06
-9.4697223e-09
4.2163616e-06
-9.5541761e-09
4.2126867e-06
-9.6299986e-09
4.2088416e-06
-9.6946851e-09
4.2048327e-06
-9.7466208e-09
4.2006694e-06
-9.7859156e-09
4.1963607e-06
-9.8128434e-09
4.1919194e-06
-9.8264441e-09
4.1873608e-06
-9.8256323e-09
4.1827009e-06
-9.8137218e-09
4.1779616e-06
-9.7873905e-09
4.1731627e-06
-9.7515689e-09
4.1683242e-06
-9.7015311e-09
4.1634686e-06
-9.6396722e-09
4.1586205e-06
-9.5686912e-09
4.1538039e-06
-9.4858894e-09
4.1490455e-06
-9.3908761e-09
4.1443689e-06
-9.289387e-09
4.1398016e-06
-9.1786392e-09
4.1353737e-06
-9.0619889e-09
4.1311088e-06
-8.9446055e-09
4.1270317e-06
-8.8254413e-09
4.1231635e-06
-8.7096188e-09
4.1195234e-06
-8.601782e-09
4.1161246e-06
-8.5037692e-09
4.1129748e-06
-8.4193008e-09
4.1100765e-06
-8.3501988e-09
4.1074265e-06
-8.2984197e-09
4.1050164e-06
-8.2628224e-09
4.1028332e-06
-8.2453799e-09
4.100862e-06
-8.2476386e-09
4.0990832e-06
-8.2684428e-09
4.0974733e-06
-8.3108143e-09
4.096004e-06
-8.3738914e-09
4.0946442e-06
-8.4559639e-09
4.0933506e-06
-8.5607628e-09
4.0920772e-06
-8.6820418e-09
4.0907763e-06
-8.8230787e-09
4.0893748e-06
-8.9840633e-09
4.0878093e-06
-9.1561843e-09
4.0860259e-06
-9.3337893e-09
4.0839718e-06
-9.5150607e-09
4.0816092e-06
-9.6923514e-09
4.0789111e-06
-9.864741e-09
4.0758524e-06
-1.0029012e-08
4.0724374e-06
-1.0177406e-08
4.068664e-06
-1.0311047e-08
4.0645397e-06
-1.0426027e-08
4.060072e-06
-1.0515255e-08
4.0552807e-06
-1.057883e-08
4.0501876e-06
-1.0614872e-08
4.0448179e-06
-1.0622021e-08
4.0392039e-06
-1.0600356e-08
4.0333803e-06
-1.0552292e-08
4.0273844e-06
-1.0481185e-08
4.0212555e-06
-1.0386373e-08
4.0150356e-06
-1.0269335e-08
4.0087659e-06
-1.0135623e-08
4.0024869e-06
-9.9874886e-09
3.9962406e-06
-9.8276725e-09
3.9900632e-06
-9.6623527e-09
3.9839897e-06
-9.4938604e-09
3.9780523e-06
-9.3246593e-09
3.9722749e-06
-9.1587737e-09
3.9666776e-06
-8.9965773e-09
3.9612792e-06
-8.8400429e-09
3.9560943e-06
-8.6931951e-09
3.951131e-06
-8.5585676e-09
3.9463927e-06
-8.4334615e-09
3.941877e-06
-8.3222953e-09
3.9375797e-06
-8.2256588e-09
3.9334945e-06
-8.1442484e-09
3.9296081e-06
-8.081888e-09
3.9259033e-06
-8.0363556e-09
3.9223594e-06
-8.0069591e-09
3.9189527e-06
-7.9961398e-09
3.915657e-06
-8.0034113e-09
3.9124432e-06
-8.0253821e-09
3.9092812e-06
-8.0627656e-09
3.9061347e-06
-8.1166402e-09
3.9029677e-06
-8.1808809e-09
3.899745e-06
-8.2500993e-09
3.8964328e-06
-8.3219183e-09
3.8930028e-06
-8.3902978e-09
3.889431e-06
-8.4550504e-09
3.8856978e-06
-8.5114396e-09
3.8817896e-06
-8.5613925e-09
3.8776976e-06
-8.5997085e-09
3.8734128e-06
-8.6283412e-09
3.868931e-06
-8.6469161e-09
3.8642496e-06
-8.6544238e-09
3.8593703e-06
-8.6513414e-09
3.8542993e-06
-8.6350513e-09
3.8490435e-06
-8.6066696e-09
3.8436136e-06
-8.5649146e-09
3.838028e-06
-8.5096143e-09
3.8322996e-06
-8.439982e-09
3.8264427e-06
-8.3531888e-09
3.8204699e-06
-8.251682e-09
3.8143872e-06
-8.136249e-09
3.8082003e-06
-8.0040468e-09
3.8019106e-06
-7.8613454e-09
3.7955132e-06
-7.7074787e-09
3.7889994e-06
-7.543115e-09
3.7823576e-06
-7.3716211e-09
3.7755711e-06
-7.1928681e-09
3.7686176e-06
-7.0065935e-09
3.761471e-06
-6.8110562e-09
3.7541029e-06
-6.6033752e-09
3.7464906e-06
-6.3801306e-09
3.7386089e-06
-6.1414358e-09
3.730435e-06
-5.8846319e-09
3.7219525e-06
-5.6045848e-09
3.7131507e-06
-5.3010054e-09
3.704024e-06
-4.972931e-09
3.6945752e-06
-4.6201292e-09
3.6848141e-06
-4.2406008e-09
3.6747525e-06
-3.8299861e-09
3.6644047e-06
-3.3854932e-09
3.653793e-06
-2.9042306e-09
3.6429418e-06
-2.385081e-09
3.6318798e-06
-1.8295871e-09
3.6206372e-06
-1.2405046e-09
3.6092455e-06
-6.2299366e-10
3.5977308e-06
2.1331381e-11
3.5861137e-06
6.9284356e-10
3.5744071e-06
1.3905113e-09
3.5626175e-06
2.1126012e-09
3.5507515e-06
2.8522922e-09
3.5388108e-06
3.59762e-09
3.5267886e-06
4.3381179e-09
3.5146713e-06
5.0690372e-09
3.5024335e-06
5.7988485e-09
3.4900493e-06
6.5350352e-09
3.4775048e-06
7.2634627e-09
3.4647957e-06
7.9631164e-09
3.4519269e-06
8.5986214e-09
3.4388856e-06
9.1860137e-09
3.4256328e-06
9.7742681e-09
3.4121372e-06
1.0362479e-08
3.3983957e-06
1.0951227e-08
3.3844324e-06
1.1545473e-08
3.3702823e-06
1.2105332e-08
3.3559325e-06
1.2618881e-08
3.3413916e-06
1.3098829e-08
3.3266205e-06
1.3683971e-08
3.3116607e-06
1.4275535e-08
3.2965541e-06
1.4856396e-08
3.2813349e-06
1.5459255e-08
3.2660399e-06
1.6084544e-08
3.2506889e-06
1.6729691e-08
3.2353661e-06
1.729276e-08
3.2203884e-06
1.7461399e-08
3.2058313e-06
1.7474991e-08
3.1913057e-06
1.7923466e-08
3.1767651e-06
1.8370018e-08
3.1621786e-06
1.8777893e-08
3.1475454e-06
1.9152526e-08
3.132882e-06
1.9487379e-08
3.1182578e-06
1.9747362e-08
3.103805e-06
1.9894618e-08
3.0892233e-06
2.0208815e-08
3.0734314e-06
2.1003744e-08
3.0576217e-06
2.0661795e-08
3.0414702e-06
2.0832892e-08
3.0251053e-06
2.0908162e-08
3.0085289e-06
2.0883177e-08
2.9916402e-06
2.0885765e-08
2.9743838e-06
2.0881036e-08
2.9565906e-06
2.0926613e-08
2.9379714e-06
2.1171035e-08
2.9185003e-06
2.1633454e-08
2.9013292e-06
1.8737846e-08
2.883899e-06
1.8359836e-08
2.8656697e-06
1.8365517e-08
2.8466133e-06
1.8227711e-08
2.8269302e-06
1.7830755e-08
2.8066624e-06
1.7350617e-08
2.7859202e-06
1.6739684e-08
2.7650567e-06
1.599648e-08
2.7436718e-06
1.5453111e-08
2.7205229e-06
1.5917829e-08
2.6942649e-06
1.4777179e-08
2.6682221e-06
1.3702416e-08
2.6419597e-06
1.2684058e-08
2.6153419e-06
1.1588628e-08
2.5881817e-06
1.0509143e-08
2.5604436e-06
9.4140749e-09
2.5321404e-06
8.2925449e-09
2.5039187e-06
7.1549224e-09
2.4758265e-06
5.7685408e-09
2.4477149e-06
4.5351847e-09
2.4191091e-06
3.3328975e-09
2.390077e-06
2.0417001e-09
2.3607345e-06
7.1699446e-10
2.3312223e-06
-6.3794481e-10
2.3015642e-06
-1.9108719e-09
2.2717661e-06
-3.0823992e-09
2.2418419e-06
-4.3629558e-09
2.2120817e-06
-5.6926104e-09
2.1826309e-06
-7.0009731e-09
2.1535211e-06
-8.3145051e-09
2.1248058e-06
-9.5999906e-09
2.0965395e-06
-1.0853062e-08
2.0688177e-06
-1.2032938e-08
2.0417196e-06
-1.3106931e-08
2.0151936e-06
-1.4113673e-08
1.9892637e-06
-1.503408e-08
1.9639509e-06
-1.5851949e-08
1.9392639e-06
-1.6575011e-08
1.9151875e-06
-1.7202276e-08
1.8917108e-06
-1.776523e-08
1.8688266e-06
-1.8251253e-08
1.8465194e-06
-1.8672549e-08
1.8247803e-06
-1.9038813e-08
1.8036254e-06
-1.9330122e-08
1.7830852e-06
-1.954052e-08
1.7631385e-06
-1.95803e-08
1.7437345e-06
-1.9478742e-08
1.724812e-06
-1.931724e-08
1.7063578e-06
-1.9156673e-08
1.6883395e-06
-1.8934033e-08
1.6707714e-06
-1.8663615e-08
1.6536807e-06
-1.8331408e-08
1.6370094e-06
-1.7838983e-08
1.620713e-06
-1.7203818e-08
1.6047716e-06
-1.6462962e-08
1.5891738e-06
-1.5634243e-08
1.573909e-06
-1.4726982e-08
1.5589652e-06
-1.374203e-08
1.5443257e-06
-1.2675477e-08
1.5299747e-06
-1.1528439e-08
1.5158976e-06
-1.0303314e-08
1.5020797e-06
-9.0051815e-09
1.4885095e-06
-7.6369271e-09
1.4751762e-06
-6.2081629e-09
1.4620702e-06
-4.7227235e-09
1.4491817e-06
-3.1886187e-09
1.4365064e-06
-1.614084e-09
1.4240404e-06
-5.1469939e-12
1.4117788e-06
1.6316517e-09
1.399718e-06
3.2868237e-09
1.3878547e-06
4.9528706e-09
1.3761863e-06
6.6230927e-09
1.3647103e-06
8.2918148e-09
1.3534238e-06
9.9533697e-09
1.3423239e-06
1.1602733e-08
1.3314089e-06
1.3234033e-08
1.3206786e-06
1.4840602e-08
1.3101342e-06
1.6415425e-08
1.2997776e-06
1.7952689e-08
1.2896117e-06
1.9448937e-08
1.2796392e-06
2.0901131e-08
1.2698628e-06
2.2305852e-08
1.2602851e-06
2.3658975e-08
1.2509094e-06
2.4956432e-08
1.2417389e-06
2.6194722e-08
1.2327763e-06
2.7371507e-08
1.2240238e-06
2.8485913e-08
1.2154838e-06
2.9538727e-08
1.2071588e-06
3.0531511e-08
1.199052e-06
3.1465909e-08
1.1911676e-06
3.2343824e-08
1.1835105e-06
3.316719e-08
1.1760852e-06
3.3937577e-08
1.1688946e-06
3.465591e-08
1.1619398e-06
3.5322401e-08
1.1552196e-06
3.5937336e-08
1.1487317e-06
3.6502436e-08
1.1424746e-06
3.7020604e-08
1.1364466e-06
3.7496948e-08
1.1306469e-06
3.7937971e-08
1.1250749e-06
3.8350012e-08
1.1197307e-06
3.8737795e-08
1.1146172e-06
3.9106447e-08
1.1097474e-06
3.9459532e-08
1.1051079e-06
3.9788373e-08
1.1006859e-06
4.0102737e-08
1.0964987e-06
4.0406982e-08
1.0925503e-06
4.070064e-08
1.0888458e-06
4.0981308e-08
1.0853868e-06
4.1249511e-08
1.0821831e-06
4.1492801e-08
1.0792408e-06
4.1718022e-08
1.0765625e-06
4.1934926e-08
1.0741547e-06
4.2135575e-08
1.0720299e-06
4.2313282e-08
1.070189e-06
4.2482067e-08
1.0686664e-06
4.2588348e-08
1.0674675e-06
4.2698034e-08
1.0666057e-06
4.2766155e-08
1.0661259e-06
4.2783074e-08
1.0660406e-06
4.2748985e-08
1.066294e-06
4.2676725e-08
1.0669717e-06
4.2472347e-08
1.068046e-06
4.2169737e-08
1.0695051e-06
4.1781552e-08
1.0714086e-06
4.1233732e-08
1.0737808e-06
4.0558881e-08
1.0763345e-06
3.9734716e-08
1.079124e-06
3.8823286e-08
1.0821826e-06
3.7802913e-08
1.0854151e-06
3.6700606e-08
1.0888193e-06
3.5538462e-08
1.0924957e-06
3.4256205e-08
1.0965434e-06
3.2887645e-08
1.1008403e-06
3.1659373e-08
1.1050311e-06
3.0710018e-08
1.1089489e-06
2.9952974e-08
1.1132412e-06
2.8750237e-08
1.1178973e-06
2.7708675e-08
1.1230705e-06
2.6796094e-08
1.1283544e-06
2.5858177e-08
1.1338258e-06
2.501011e-08
1.1395553e-06
2.4193569e-08
1.1455195e-06
2.3359898e-08
1.1517514e-06
2.2513339e-08
1.1582711e-06
2.1681924e-08
1.1651004e-06
2.0873032e-08
1.1722446e-06
2.0074109e-08
1.1797189e-06
1.9276161e-08
1.1875603e-06
1.8483985e-08
1.1958156e-06
1.7699628e-08
1.2045303e-06
1.6913148e-08
1.2137504e-06
1.6115995e-08
1.2235242e-06
1.5302e-08
1.2339092e-06
1.4463351e-08
1.2449662e-06
1.359082e-08
1.2567479e-06
1.2669981e-08
1.2693056e-06
1.1688852e-08
1.2826875e-06
1.0638447e-08
1.2969361e-06
9.5109898e-09
1.3120818e-06
8.2978628e-09
1.3281441e-06
6.9961983e-09
1.3451244e-06
5.6042775e-09
1.3630089e-06
4.124046e-09
1.3817605e-06
2.5521567e-09
1.4013159e-06
8.9571461e-10
1.4215911e-06
-8.545098e-10
1.4424679e-06
-2.6906171e-09
1.4637964e-06
-4.6163753e-09
1.4853951e-06
-6.6270336e-09
1.5070528e-06
-8.7246641e-09
1.5285274e-06
-1.090305e-08
1.5495494e-06
-1.3152619e-08
1.5698394e-06
-1.5474843e-08
1.589099e-06
-1.7842307e-08
1.6070408e-06
-2.0266692e-08
1.6233895e-06
-2.2710519e-08
1.637883e-06
-2.5182417e-08
1.6503147e-06
-2.7660615e-08
1.6604338e-06
-3.0073312e-08
1.6682064e-06
-3.257799e-08
1.6734837e-06
-3.4845445e-08
1.6760151e-06
-3.7237786e-08
1.6757842e-06
-3.9593281e-08
1.6741823e-06
-4.1648816e-08
1.6708827e-06
-4.4206339e-08
1.6654111e-06
-4.630754e-08
1.6572323e-06
-4.8189181e-08
1.6472412e-06
-4.9991712e-08
1.6356276e-06
-5.1731858e-08
1.6226089e-06
-5.3380418e-08
1.6083655e-06
-5.4906227e-08
1.5930703e-06
-5.6289454e-08
1.5769024e-06
-5.7530127e-08
1.5600385e-06
-5.863373e-08
1.5426362e-06
-5.9596031e-08
1.5248395e-06
-6.0411024e-08
1.5067669e-06
-6.1069438e-08
1.4885316e-06
-6.1573052e-08
1.47024e-06
-6.1924111e-08
1.4519806e-06
-6.2120454e-08
1.4338241e-06
-6.2154931e-08
1.4158381e-06
-6.2015982e-08
1.3980879e-06
-6.1693429e-08
1.3806397e-06
-6.1181591e-08
1.3635537e-06
-6.0484211e-08
1.3468751e-06
-5.9610636e-08
1.33064e-06
-5.8567851e-08
1.3148768e-06
-5.7362685e-08
1.2996069e-06
-5.6002715e-08
1.2848505e-06
-5.4494059e-08
1.2706213e-06
-5.2842561e-08
1.2569268e-06
-5.1053392e-08
1.2437718e-06
-4.9130912e-08
1.2311589e-06
-4.7076004e-08
1.2190896e-06
-4.4891573e-08
1.2075637e-06
-4.2578972e-08
1.1965786e-06
-4.0143944e-08
1.1861293e-06
-3.7589792e-08
1.176207e-06
-3.4924957e-08
1.1667984e-06
-3.2153673e-08
1.1578858e-06
-2.9286615e-08
1.1494536e-06
-2.6325473e-08
1.1414951e-06
-2.3272286e-08
1.1340157e-06
-2.0137005e-08
1.127e-06
-1.6923791e-08
1.1204262e-06
-1.3650123e-08
1.1142721e-06
-1.0336846e-08
1.1085164e-06
-6.9900334e-09
1.1031531e-06
-3.6306091e-09
1.0981415e-06
-2.3367352e-10
1.0934532e-06
3.1794358e-09
1.0890822e-06
6.576979e-09
1.0850165e-06
9.9397504e-09
1.0812456e-06
1.3259359e-08
1.0777546e-06
1.6530068e-08
1.0745239e-06
1.9746385e-08
1.0715357e-06
2.28973e-08
1.0687767e-06
2.5968886e-08
1.0662377e-06
2.8947182e-08
1.0639114e-06
3.1820661e-08
1.0617925e-06
3.457882e-08
1.0598774e-06
3.7212448e-08
1.0581628e-06
3.9713997e-08
1.0566458e-06
4.207856e-08
1.0553298e-06
4.4298838e-08
1.0542375e-06
4.6353371e-08
1.0533913e-06
4.824104e-08
1.0527125e-06
5.0100712e-08
1.0521484e-06
5.1870786e-08
1.0517126e-06
5.3469246e-08
1.051476e-06
5.4832181e-08
1.0514539e-06
5.6056085e-08
1.0516755e-06
5.7099945e-08
1.0521067e-06
5.8102766e-08
1.0527873e-06
5.8878234e-08
1.0536395e-06
5.9786938e-08
1.0547729e-06
6.0223117e-08
1.0559756e-06
6.1183149e-08
1.0576208e-06
6.1048172e-08
1.0593796e-06
6.2271876e-08
1.0619069e-06
6.1310387e-08
1.064649e-06
6.2839585e-08
6.0952949e-08
5.6282852e-06
2.0803212e-08
5.6441942e-06
3.6798493e-08
5.6628709e-06
5.8531977e-08
5.6849081e-06
6.8298948e-08
5.7041722e-06
7.5129192e-08
5.7217897e-06
7.8745504e-08
5.737256e-06
7.9067202e-08
5.7506708e-06
7.8247089e-08
5.7621997e-06
7.6560082e-08
5.7716994e-06
7.4559894e-08
5.7806894e-06
7.2362857e-08
5.7890096e-06
6.9857902e-08
5.796593e-06
6.7281258e-08
5.8035637e-06
6.4790212e-08
5.8100152e-06
6.2319499e-08
5.8161058e-06
5.9994543e-08
5.8219807e-06
5.7679327e-08
5.8276757e-06
5.5781556e-08
5.8332525e-06
5.3994958e-08
5.8391399e-06
5.2231193e-08
5.844818e-06
5.0934382e-08
5.8500646e-06
4.9516703e-08
5.8550235e-06
4.8111086e-08
5.8597409e-06
4.6800789e-08
5.8642477e-06
4.5576985e-08
5.8685572e-06
4.4426462e-08
5.8726846e-06
4.3346485e-08
5.8766287e-06
4.232164e-08
5.8804428e-06
4.1353955e-08
5.8841156e-06
4.0461392e-08
5.8875978e-06
3.9644395e-08
5.8908676e-06
3.8899016e-08
5.8937641e-06
3.8281226e-08
5.8961585e-06
3.7759611e-08
5.898414e-06
3.7108669e-08
5.9005631e-06
3.6452352e-08
5.9025651e-06
3.5832355e-08
5.9044035e-06
3.5232398e-08
5.9060702e-06
3.4664694e-08
5.9075546e-06
3.4113404e-08
5.908852e-06
3.3593931e-08
5.9099515e-06
3.3084959e-08
5.9108469e-06
3.261338e-08
5.9115184e-06
3.2144071e-08
5.9119354e-06
3.1747275e-08
5.9120435e-06
3.132488e-08
5.9116953e-06
3.1209847e-08
5.9108811e-06
3.0875108e-08
5.9110601e-06
2.942485e-08
5.9110773e-06
2.9152454e-08
5.9107388e-06
2.8923897e-08
5.9101191e-06
2.8621581e-08
5.9092401e-06
2.8286585e-08
5.908134e-06
2.7942531e-08
5.9068024e-06
2.7590862e-08
5.9052694e-06
2.7243036e-08
5.903524e-06
2.6891939e-08
5.9015999e-06
2.6547257e-08
5.8994699e-06
2.6201476e-08
5.8971855e-06
2.5858144e-08
5.8947338e-06
2.5505625e-08
5.8921414e-06
2.5161543e-08
5.8895321e-06
2.4750765e-08
5.8867391e-06
2.4398871e-08
5.8841359e-06
2.3917376e-08
5.8809125e-06
2.3648935e-08
5.8772602e-06
2.3608639e-08
5.8734072e-06
2.3266159e-08
5.869405e-06
2.2970329e-08
5.8652771e-06
2.2649517e-08
5.861039e-06
2.2327359e-08
5.8566889e-06
2.2010517e-08
5.8522268e-06
2.1696092e-08
5.8476505e-06
2.1388727e-08
5.8429657e-06
2.1078777e-08
5.8381647e-06
2.0778784e-08
5.8332597e-06
2.0470695e-08
5.8282345e-06
2.0183983e-08
5.8231086e-06
1.9877087e-08
5.8178538e-06
1.9612238e-08
5.8124796e-06
1.9315684e-08
5.8069588e-06
1.908001e-08
5.801247e-06
1.8829402e-08
5.7954099e-06
1.8573952e-08
5.7893957e-06
1.8329226e-08
5.7835654e-06
1.7788534e-08
5.7777778e-06
1.7470092e-08
5.7719716e-06
1.7158447e-08
5.7661071e-06
1.6897736e-08
5.7601681e-06
1.6639691e-08
5.7541469e-06
1.638919e-08
5.7480448e-06
1.6137863e-08
5.7418666e-06
1.5886778e-08
5.7356147e-06
1.5634737e-08
5.7292974e-06
1.5383058e-08
5.7229153e-06
1.5131785e-08
5.7164783e-06
1.4880753e-08
5.7099853e-06
1.4631545e-08
5.7034461e-06
1.4382188e-08
5.6968655e-06
1.4132358e-08
5.6902431e-06
1.3886649e-08
5.6836117e-06
1.362468e-08
5.6769414e-06
1.338354e-08
5.6703188e-06
1.3084632e-08
5.6636736e-06
1.2843958e-08
5.6570384e-06
1.2568397e-08
5.6503353e-06
1.2332346e-08
5.6435263e-06
1.2169639e-08
5.6366472e-06
1.1956517e-08
5.6297106e-06
1.1754351e-08
5.6227363e-06
1.1539879e-08
5.6157376e-06
1.1322884e-08
5.6087242e-06
1.1103914e-08
5.601702e-06
1.0884608e-08
5.5946758e-06
1.0665641e-08
5.5876479e-06
1.0449224e-08
5.5806201e-06
1.0233574e-08
5.5735928e-06
1.0021759e-08
5.566568e-06
9.8103561e-09
5.559545e-06
9.6034798e-09
5.5525251e-06
9.3969001e-09
5.5455081e-06
9.1955652e-09
5.5384921e-06
8.9952059e-09
5.5314793e-06
8.7988519e-09
5.52446e-06
8.6082528e-09
5.5174402e-06
8.4175249e-09
5.5104044e-06
8.2387261e-09
5.5033604e-06
8.0525342e-09
5.49631e-06
7.8719236e-09
5.4892954e-06
7.6560838e-09
5.4823123e-06
7.456423e-09
5.4753688e-06
7.2527206e-09
5.4684621e-06
7.0581225e-09
5.4615868e-06
6.8702537e-09
5.4547371e-06
6.6890831e-09
5.4479083e-06
6.5134169e-09
5.4410978e-06
6.3418413e-09
5.4343023e-06
6.1733871e-09
5.4275213e-06
6.008066e-09
5.4207545e-06
5.8445591e-09
5.4140015e-06
5.6832601e-09
5.4072631e-06
5.5237246e-09
5.4005396e-06
5.3659064e-09
5.3938324e-06
5.209158e-09
5.3871413e-06
5.0546225e-09
5.3804689e-06
4.9007958e-09
5.3738144e-06
4.7494653e-09
5.3671821e-06
4.597914e-09
5.3605698e-06
4.4491721e-09
5.3539845e-06
4.2985753e-09
5.3474231e-06
4.1514738e-09
5.340896e-06
4.0002597e-09
5.334395e-06
3.8548205e-09
5.3279333e-06
3.7029664e-09
5.3214924e-06
3.5676733e-09
5.3150626e-06
3.4356504e-09
5.308647e-06
3.3059173e-09
5.3022491e-06
3.1802814e-09
5.2958659e-06
3.0558085e-09
5.2894983e-06
2.9325702e-09
5.2831487e-06
2.8104887e-09
5.2768184e-06
2.6890499e-09
5.2705096e-06
2.5680857e-09
5.2642244e-06
2.4475235e-09
5.2579633e-06
2.3276265e-09
5.2517285e-06
2.2087994e-09
5.2455201e-06
2.0906654e-09
5.2393395e-06
1.9738882e-09
5.2331863e-06
1.8584254e-09
5.2270615e-06
1.7442638e-09
5.2209638e-06
1.6319524e-09
5.2148946e-06
1.520613e-09
5.2088521e-06
1.4116162e-09
5.2028372e-06
1.3037678e-09
5.1968484e-06
1.1981713e-09
5.1908857e-06
1.0944179e-09
5.1849485e-06
9.9198871e-10
5.1790341e-06
8.9298391e-10
5.1731462e-06
7.9251627e-10
5.1672786e-06
6.9772454e-10
5.1614395e-06
5.9892225e-10
5.155624e-06
5.0420645e-10
5.1498455e-06
4.025833e-10
5.1440995e-06
3.0694025e-10
5.1383776e-06
2.167595e-10
5.1326828e-06
1.2623413e-10
5.1270165e-06
3.6799452e-11
5.1213778e-06
-5.0893068e-11
5.1157663e-06
-1.3713297e-10
5.1101817e-06
-2.2184699e-10
5.1046233e-06
-3.0511726e-10
5.0990906e-06
-3.8730885e-10
5.0935835e-06
-4.6811266e-10
5.0881015e-06
-5.4759397e-10
5.0826443e-06
-6.2621686e-10
5.0772115e-06
-7.0374861e-10
5.0718031e-06
-7.8042728e-10
5.0664185e-06
-8.561245e-10
5.061057e-06
-9.3141539e-10
5.0557188e-06
-1.0053336e-09
5.050404e-06
-1.0788388e-09
5.045111e-06
-1.1524928e-09
5.0398407e-06
-1.225001e-09
5.034591e-06
-1.2969612e-09
5.0293635e-06
-1.3691164e-09
5.0241572e-06
-1.439612e-09
5.0189717e-06
-1.5126771e-09
5.0138043e-06
-1.5844259e-09
5.0086585e-06
-1.6551938e-09
5.0035302e-06
-1.7249975e-09
4.99842e-06
-1.797051e-09
4.9933272e-06
-1.8693873e-09
4.988252e-06
-1.9416055e-09
4.9831944e-06
-2.0142457e-09
4.9781547e-06
-2.0871846e-09
4.9731325e-06
-2.1591315e-09
4.9681283e-06
-2.2289193e-09
4.963145e-06
-2.2976159e-09
4.9581834e-06
-2.3672526e-09
4.9532432e-06
-2.4376261e-09
4.9483227e-06
-2.5093008e-09
4.9434203e-06
-2.5815954e-09
4.9385334e-06
-2.6555811e-09
4.9336613e-06
-2.7310696e-09
4.9288013e-06
-2.8071803e-09
4.9239521e-06
-2.8828424e-09
4.9191126e-06
-2.9577074e-09
4.914281e-06
-3.0314893e-09
4.9094555e-06
-3.1013743e-09
4.904635e-06
-3.169025e-09
4.8998172e-06
-3.2337817e-09
4.8950008e-06
-3.2946863e-09
4.8901864e-06
-3.3514032e-09
4.8853741e-06
-3.4048151e-09
4.880565e-06
-3.4548999e-09
4.8757622e-06
-3.4999394e-09
4.8709687e-06
-3.5413867e-09
4.8661873e-06
-3.5785375e-09
4.861421e-06
-3.6124463e-09
4.8566751e-06
-3.6417278e-09
4.8519514e-06
-3.670146e-09
4.8472508e-06
-3.6970973e-09
4.8425755e-06
-3.7218322e-09
4.8379256e-06
-3.7465151e-09
4.8332997e-06
-3.7724921e-09
4.8286983e-06
-3.7985224e-09
4.8241221e-06
-3.8256092e-09
4.8195715e-06
-3.8543817e-09
4.8150493e-06
-3.8831058e-09
4.8105601e-06
-3.9108095e-09
4.8061085e-06
-3.9372798e-09
4.8017002e-06
-3.9610155e-09
4.7973422e-06
-3.9820671e-09
4.7930408e-06
-4.000297e-09
4.7888019e-06
-4.0150159e-09
4.7846313e-06
-4.0275183e-09
4.7805335e-06
-4.0393626e-09
4.7765129e-06
-4.0501025e-09
4.7725735e-06
-4.0619765e-09
4.7687181e-06
-4.0770054e-09
4.7649477e-06
-4.0960977e-09
4.7612625e-06
-4.120257e-09
4.7576615e-06
-4.1507229e-09
4.7541428e-06
-4.1882453e-09
4.7507014e-06
-4.2340966e-09
4.7473307e-06
-4.2881805e-09
4.7440243e-06
-4.3488848e-09
4.7407727e-06
-4.4197099e-09
4.7375635e-06
-4.5005217e-09
4.7343853e-06
-4.5890278e-09
4.7312244e-06
-4.6859761e-09
4.7280649e-06
-4.7910458e-09
4.7248928e-06
-4.9021787e-09
4.7216939e-06
-5.0192033e-09
4.7184529e-06
-5.1418465e-09
4.7151555e-06
-5.2687668e-09
4.7117869e-06
-5.3986433e-09
4.708333e-06
-5.5322107e-09
4.7047797e-06
-5.6666374e-09
4.701117e-06
-5.8005476e-09
4.6973335e-06
-5.9362741e-09
4.6934193e-06
-6.0708314e-09
4.6893684e-06
-6.2022396e-09
4.6851747e-06
-6.3307217e-09
4.6808346e-06
-6.4532717e-09
4.6763495e-06
-6.5681482e-09
4.6717236e-06
-6.6737411e-09
4.6669633e-06
-6.7672299e-09
4.6620794e-06
-6.8479573e-09
4.6570842e-06
-6.9153185e-09
4.6519915e-06
-6.9688286e-09
4.6468173e-06
-7.0071753e-09
4.6415794e-06
-7.0302959e-09
4.6362962e-06
-7.0402288e-09
4.630988e-06
-7.0334605e-09
4.6256746e-06
-7.0145627e-09
4.6203771e-06
-6.9809531e-09
4.6151175e-06
-6.9334676e-09
4.609916e-06
-6.8739414e-09
4.6047948e-06
-6.8022077e-09
4.5997771e-06
-6.7185799e-09
4.5948836e-06
-6.6267933e-09
4.5901361e-06
-6.5261574e-09
4.5855541e-06
-6.4199002e-09
4.5811549e-06
-6.3118475e-09
4.576954e-06
-6.2034724e-09
4.5729631e-06
-6.0986118e-09
4.5691884e-06
-6.0011915e-09
4.565632e-06
-5.9132765e-09
4.5622907e-06
-5.8389191e-09
4.5591557e-06
-5.7794649e-09
4.556213e-06
-5.7374101e-09
4.5534465e-06
-5.7133458e-09
4.5508354e-06
-5.7096838e-09
4.5483549e-06
-5.7270078e-09
4.5459773e-06
-5.764996e-09
4.5436711e-06
-5.8271161e-09
4.5413992e-06
-5.9116751e-09
4.5391231e-06
-6.0179777e-09
4.5367974e-06
-6.147816e-09
4.5343766e-06
-6.2962529e-09
4.5318133e-06
-6.4656764e-09
4.5290573e-06
-6.6532384e-09
4.5260652e-06
-6.8526527e-09
4.522802e-06
-7.0598087e-09
4.5192411e-06
-7.2713657e-09
4.5153653e-06
-7.4811495e-09
4.5111671e-06
-7.6873943e-09
4.5066438e-06
-7.8842364e-09
4.5018036e-06
-8.0670182e-09
4.4966565e-06
-8.2329752e-09
4.4912167e-06
-8.3791289e-09
4.4855057e-06
-8.5001028e-09
4.4795483e-06
-8.5950855e-09
4.4733725e-06
-8.6621372e-09
4.4670105e-06
-8.7003871e-09
4.4604978e-06
-8.7101015e-09
4.4538705e-06
-8.6920378e-09
4.4471648e-06
-8.6488705e-09
4.4404172e-06
-8.5805021e-09
4.4336659e-06
-8.4888692e-09
4.4269468e-06
-8.379089e-09
4.4202942e-06
-8.2532243e-09
4.413739e-06
-8.1136249e-09
4.4073086e-06
-7.9656979e-09
4.4010261e-06
-7.8123281e-09
4.3949105e-06
-7.6557392e-09
4.3889762e-06
-7.5001072e-09
4.3832342e-06
-7.3470696e-09
4.3776908e-06
-7.1986408e-09
4.3723483e-06
-7.0584267e-09
4.3672045e-06
-6.929251e-09
4.362255e-06
-6.8105734e-09
4.3574919e-06
-6.7061876e-09
4.3529031e-06
-6.617034e-09
4.3484734e-06
-6.5438202e-09
4.3441846e-06
-6.4892181e-09
4.3400147e-06
-6.4524293e-09
4.3359412e-06
-6.4333778e-09
4.3319385e-06
-6.4334635e-09
4.3279791e-06
-6.4521521e-09
4.3240349e-06
-6.4873498e-09
4.3200771e-06
-6.5391412e-09
4.3160729e-06
-6.6061552e-09
4.3119911e-06
-6.6837167e-09
4.307804e-06
-6.7681278e-09
4.3034869e-06
-6.8570216e-09
4.2990197e-06
-6.9452453e-09
4.2943873e-06
-7.0324639e-09
4.2895783e-06
-7.1140835e-09
4.284585e-06
-7.1903692e-09
4.2794036e-06
-7.2575661e-09
4.2740333e-06
-7.3160185e-09
4.2684746e-06
-7.3646911e-09
4.2627296e-06
-7.4017152e-09
4.2568021e-06
-7.4271291e-09
4.2506992e-06
-7.438993e-09
4.2444285e-06
-7.4383908e-09
4.2379985e-06
-7.4232371e-09
4.2314168e-06
-7.394179e-09
4.2246897e-06
-7.350109e-09
4.2178236e-06
-7.2897737e-09
4.2108205e-06
-7.2144637e-09
4.2036799e-06
-7.1244357e-09
4.1963993e-06
-7.0186821e-09
4.1889719e-06
-6.9007267e-09
4.1813883e-06
-6.7706569e-09
4.1736372e-06
-6.6294366e-09
4.165703e-06
-6.4782464e-09
4.157567e-06
-6.3165206e-09
4.1492101e-06
-6.1444418e-09
4.1406106e-06
-5.9600231e-09
4.1317478e-06
-5.7591931e-09
4.1226042e-06
-5.5406288e-09
4.1131649e-06
-5.304194e-09
4.1034185e-06
-5.0471631e-09
4.0933594e-06
-4.7652904e-09
4.0829853e-06
-4.4574309e-09
4.0722978e-06
-4.1218309e-09
4.0612997e-06
-3.7559302e-09
4.0499966e-06
-3.3583776e-09
4.0383955e-06
-2.925475e-09
4.026503e-06
-2.4542595e-09
4.0143267e-06
-1.9418644e-09
4.0018724e-06
-1.3856529e-09
3.9891473e-06
-7.8886364e-10
3.9761531e-06
-1.4925083e-10
3.9628909e-06
5.2721605e-10
3.9493608e-06
1.2330283e-09
3.9355598e-06
1.9659807e-09
3.9214781e-06
2.727623e-09
3.907105e-06
3.5169565e-09
3.8924301e-06
4.3248081e-09
3.8774351e-06
5.1468669e-09
3.8621045e-06
5.9656107e-09
3.8464266e-06
6.763945e-09
3.8303734e-06
7.563143e-09
3.8139193e-06
8.3719276e-09
3.7970406e-06
9.1816865e-09
3.7797077e-06
9.9836996e-09
3.7618562e-06
1.0775894e-08
3.7434597e-06
1.1522864e-08
3.724487e-06
1.227992e-08
3.7049326e-06
1.3032291e-08
3.6848058e-06
1.3782145e-08
3.6641212e-06
1.4549668e-08
3.6428984e-06
1.5316727e-08
3.6212752e-06
1.5948929e-08
3.5996107e-06
1.6179729e-08
3.5776868e-06
1.672298e-08
3.5554183e-06
1.7370146e-08
3.5327953e-06
1.8041372e-08
3.5098982e-06
1.8686643e-08
3.486799e-06
1.932194e-08
3.4636339e-06
1.9885477e-08
3.4403418e-06
2.0467399e-08
3.4163545e-06
2.1229996e-08
3.3918443e-06
2.1614809e-08
3.3669364e-06
2.2288287e-08
3.341837e-06
2.2747174e-08
3.3165958e-06
2.3111512e-08
3.2911606e-06
2.3486413e-08
3.265478e-06
2.3865362e-08
3.2394915e-06
2.4211828e-08
3.212892e-06
2.4754095e-08
3.1861655e-06
2.5013796e-08
3.1597531e-06
2.5382868e-08
3.1351602e-06
2.2916546e-08
3.1097358e-06
2.3609738e-08
3.0838166e-06
2.3861817e-08
3.0574599e-06
2.3949579e-08
3.0308121e-06
2.3910371e-08
3.0039551e-06
2.3766648e-08
2.9769544e-06
2.3573767e-08
2.9500797e-06
2.3233926e-08
2.9233402e-06
2.3061128e-08
2.8930324e-06
2.3201558e-08
2.8620408e-06
2.2950156e-08
2.8311887e-06
2.2285317e-08
2.8004e-06
2.1582701e-08
2.7693875e-06
2.0924384e-08
2.7380869e-06
2.0256589e-08
2.7063687e-06
1.9606e-08
2.6741982e-06
1.8904813e-08
2.6417852e-06
1.829414e-08
2.6105471e-06
1.7311343e-08
2.5790582e-06
1.6066385e-08
2.5471955e-06
1.4971111e-08
2.5149563e-06
1.3948929e-08
2.4823599e-06
1.2878927e-08
2.449521e-06
1.1773158e-08
2.416518e-06
1.0640344e-08
2.3833199e-06
9.5734363e-09
2.3498832e-06
8.5828993e-09
2.3162553e-06
7.3737216e-09
2.2827639e-06
6.0954357e-09
2.2495607e-06
4.7870699e-09
2.2166899e-06
3.4265049e-09
2.1842083e-06
2.0499007e-09
2.1521477e-06
6.7109562e-10
2.1205928e-06
-6.555072e-10
2.0896476e-06
-1.9444073e-09
2.0592864e-06
-3.2741552e-09
2.0295098e-06
-4.6075272e-09
2.0003493e-06
-5.906577e-09
1.9718124e-06
-7.1772934e-09
1.9439242e-06
-8.4080138e-09
1.9166999e-06
-9.589566e-09
1.8901707e-06
-1.0704279e-08
1.8643731e-06
-1.1737325e-08
1.8392977e-06
-1.2689984e-08
1.8149477e-06
-1.3563743e-08
1.7913336e-06
-1.4358407e-08
1.7684547e-06
-1.5078187e-08
1.7462951e-06
-1.5712831e-08
1.7248109e-06
-1.6268232e-08
1.7039894e-06
-1.6762075e-08
1.683789e-06
-1.7175705e-08
1.66417e-06
-1.7517413e-08
1.6451182e-06
-1.7790152e-08
1.6266342e-06
-1.8001679e-08
1.6088543e-06
-1.8199105e-08
1.5917801e-06
-1.8283852e-08
1.5752808e-06
-1.8211475e-08
1.559207e-06
-1.8024105e-08
1.5434697e-06
-1.7715843e-08
1.5280286e-06
-1.7346255e-08
1.5128669e-06
-1.6922287e-08
1.4980486e-06
-1.6427671e-08
1.483621e-06
-1.586399e-08
1.4695855e-06
-1.5222408e-08
1.4559221e-06
-1.4498479e-08
1.4426011e-06
-1.369007e-08
1.4295917e-06
-1.2795717e-08
1.4168715e-06
-1.1818574e-08
1.4044249e-06
-1.0765267e-08
1.3922383e-06
-9.6387245e-09
1.3802997e-06
-8.444105e-09
1.3685998e-06
-7.1856756e-09
1.3571291e-06
-5.8710912e-09
1.3458791e-06
-4.503768e-09
1.3348443e-06
-3.0925915e-09
1.3240186e-06
-1.6435839e-09
1.3133967e-06
-1.6187718e-10
1.3029753e-06
1.3448398e-09
1.2927513e-06
2.8686733e-09
1.2827236e-06
4.4021649e-09
1.2728912e-06
5.939425e-09
1.263253e-06
7.4762863e-09
1.2538065e-06
9.0091157e-09
1.2445489e-06
1.0534416e-08
1.2354776e-06
1.2046847e-08
1.2265908e-06
1.3540152e-08
1.2178872e-06
1.5007789e-08
1.2093665e-06
1.6443954e-08
1.2010305e-06
1.7843885e-08
1.1928828e-06
1.9203687e-08
1.1849272e-06
2.0519847e-08
1.1771674e-06
2.1788958e-08
1.1696059e-06
2.3007861e-08
1.162245e-06
2.4173848e-08
1.1550861e-06
2.5284909e-08
1.1481309e-06
2.6340248e-08
1.1413815e-06
2.7339925e-08
1.1348407e-06
2.8284646e-08
1.1285112e-06
2.9175454e-08
1.122396e-06
3.0013767e-08
1.1164977e-06
3.0801525e-08
1.1108181e-06
3.1540217e-08
1.1053583e-06
3.2231222e-08
1.1001183e-06
3.2875264e-08
1.0950975e-06
3.3472966e-08
1.0902946e-06
3.4026561e-08
1.0857082e-06
3.4538501e-08
1.0813372e-06
3.5014065e-08
1.077181e-06
3.5458058e-08
1.0732429e-06
3.5875903e-08
1.0695365e-06
3.6272071e-08
1.0660465e-06
3.6643433e-08
1.0627418e-06
3.6994952e-08
1.0596555e-06
3.7329884e-08
1.0568118e-06
3.7653101e-08
1.0542043e-06
3.7965771e-08
1.0518319e-06
3.8267851e-08
1.0496996e-06
3.8555892e-08
1.0478118e-06
3.8833276e-08
1.0461745e-06
3.9086872e-08
1.0448042e-06
3.9313518e-08
1.0437005e-06
3.954076e-08
1.0428746e-06
3.9749882e-08
1.0423354e-06
3.9937726e-08
1.0421191e-06
4.0091988e-08
1.0421723e-06
4.0248074e-08
1.0425747e-06
4.0339386e-08
1.0433203e-06
4.0409878e-08
1.0444311e-06
4.0422782e-08
1.0459043e-06
4.039113e-08
1.0477515e-06
4.0308461e-08
1.0500169e-06
4.0100066e-08
1.0527635e-06
3.9812675e-08
1.0557692e-06
3.9414737e-08
1.0590414e-06
3.8940219e-08
1.0626674e-06
3.834626e-08
1.0665762e-06
3.7620926e-08
1.0707917e-06
3.6754075e-08
1.0753356e-06
3.5743454e-08
1.0801904e-06
3.4651167e-08
1.0852528e-06
3.3581488e-08
1.0902185e-06
3.2681372e-08
1.0949484e-06
3.1824213e-08
1.0998911e-06
3.0643597e-08
1.1052849e-06
2.9495266e-08
1.1112068e-06
2.8475041e-08
1.1171886e-06
2.7480162e-08
1.1232586e-06
2.6624848e-08
1.1295342e-06
2.579475e-08
1.1360196e-06
2.4945666e-08
1.1427917e-06
2.412248e-08
1.1498719e-06
2.3325263e-08
1.1572466e-06
2.2540288e-08
1.1649094e-06
2.1765908e-08
1.1728821e-06
2.1004307e-08
1.1811963e-06
2.0256876e-08
1.189881e-06
1.9518126e-08
1.1989678e-06
1.8781612e-08
1.2084974e-06
1.8048299e-08
1.2185162e-06
1.7320016e-08
1.2290702e-06
1.6592623e-08
1.2402099e-06
1.5857307e-08
1.2519928e-06
1.5103944e-08
1.2644777e-06
1.4324339e-08
1.2777195e-06
1.3512157e-08
1.2917653e-06
1.265666e-08
1.3066552e-06
1.174508e-08
1.3224205e-06
1.0766607e-08
1.3390802e-06
9.7110275e-09
1.3566331e-06
8.5719845e-09
1.3750598e-06
7.3433308e-09
1.3943182e-06
6.0218235e-09
1.4143471e-06
4.601902e-09
1.4350528e-06
3.0837923e-09
1.4563138e-06
1.4717898e-09
1.4779729e-06
-2.3825919e-10
1.4998458e-06
-2.0427762e-09
1.5217186e-06
-3.9462669e-09
1.5433492e-06
-5.9429333e-09
1.5644668e-06
-8.0284304e-09
1.5847902e-06
-1.0200882e-08
1.6040259e-06
-1.2444556e-08
1.6218819e-06
-1.4758541e-08
1.6380893e-06
-1.7122808e-08
1.6523809e-06
-1.9523693e-08
1.6645738e-06
-2.1972314e-08
1.6743893e-06
-2.4338946e-08
1.6818351e-06
-2.6840239e-08
1.6867065e-06
-2.9081644e-08
1.6887692e-06
-3.1501916e-08
1.688287e-06
-3.3942727e-08
1.6865089e-06
-3.6134264e-08
1.6825141e-06
-3.8372584e-08
1.676811e-06
-4.0948397e-08
1.6685691e-06
-4.2989548e-08
1.6582387e-06
-4.4769202e-08
1.6463159e-06
-4.6588396e-08
1.6330113e-06
-4.8319494e-08
1.6184902e-06
-4.9950432e-08
1.6029402e-06
-5.1490963e-08
1.5865541e-06
-5.2931128e-08
1.5694956e-06
-5.4237999e-08
1.5519024e-06
-5.5401225e-08
1.5338949e-06
-5.6424358e-08
1.5155812e-06
-5.730548e-08
1.4970632e-06
-5.8045208e-08
1.4784353e-06
-5.8639557e-08
1.4597739e-06
-5.9082703e-08
1.4411421e-06
-5.9373519e-08
1.4225974e-06
-5.9512742e-08
1.4041923e-06
-5.9495269e-08
1.385979e-06
-5.9315096e-08
1.3680104e-06
-5.896787e-08
1.3503384e-06
-5.8451204e-08
1.3330093e-06
-5.7767426e-08
1.316061e-06
-5.6921225e-08
1.2995259e-06
-5.5917499e-08
1.2834307e-06
-5.4760952e-08
1.2677972e-06
-5.3456867e-08
1.2526447e-06
-5.2012199e-08
1.2379884e-06
-5.043117e-08
1.2238388e-06
-4.8716958e-08
1.2102046e-06
-4.6874688e-08
1.1970927e-06
-4.4906197e-08
1.1845086e-06
-4.2815099e-08
1.1724561e-06
-4.0603434e-08
1.1609367e-06
-3.8277051e-08
1.1499497e-06
-3.5838737e-08
1.139491e-06
-3.3295616e-08
1.1295539e-06
-3.0650978e-08
1.1201236e-06
-2.7908992e-08
1.1111937e-06
-2.5081187e-08
1.1027763e-06
-2.2189809e-08
1.0948812e-06
-1.924391e-08
1.0874847e-06
-1.6214334e-08
1.0805589e-06
-1.3115193e-08
1.0740816e-06
-9.9730584e-09
1.0680283e-06
-6.7922965e-09
1.0623783e-06
-3.5980268e-09
1.0571591e-06
-4.1408121e-10
1.0523677e-06
2.77107e-09
1.0479914e-06
5.9361018e-09
1.044008e-06
9.0717411e-09
1.0403924e-06
1.2174471e-08
1.0371237e-06
1.5236035e-08
1.0341885e-06
1.8246233e-08
1.0315762e-06
2.1193194e-08
1.0292771e-06
2.4064606e-08
1.0272804e-06
2.6849514e-08
1.0255758e-06
2.9538687e-08
1.024153e-06
3.2123486e-08
1.0230029e-06
3.459579e-08
1.0221181e-06
3.6948538e-08
1.0214942e-06
3.9175651e-08
1.0211265e-06
4.1272492e-08
1.0209935e-06
4.3235636e-08
1.0210969e-06
4.5042617e-08
1.0215186e-06
4.6756425e-08
1.022399e-06
4.8256729e-08
1.0237146e-06
4.9619686e-08
1.0253263e-06
5.0894857e-08
1.0271467e-06
5.2128527e-08
1.0292097e-06
5.3159491e-08
1.031495e-06
5.4179825e-08
1.0341013e-06
5.4882082e-08
1.0369489e-06
5.5801785e-08
1.0401694e-06
5.6116106e-08
1.0436924e-06
5.7034143e-08
1.0474565e-06
5.6933155e-08
1.0510446e-06
5.8649539e-08
1.0542102e-06
5.8460179e-08
1.0572283e-06
6.0307296e-08
5.8297791e-08
5.6225575e-06
1.3636571e-08
5.6329333e-06
2.6422686e-08
5.6470674e-06
4.4397423e-08
5.6627586e-06
5.2608161e-08
5.6777717e-06
6.0116108e-08
5.69195e-06
6.4567032e-08
5.7045399e-06
6.6477046e-08
5.7159726e-06
6.6814137e-08
5.7263128e-06
6.621913e-08
5.7359646e-06
6.4908433e-08
5.7450231e-06
6.3304054e-08
5.7534053e-06
6.1475355e-08
5.7611888e-06
5.9497957e-08
5.7684436e-06
5.7534809e-08
5.7752428e-06
5.5519858e-08
5.7815985e-06
5.3638757e-08
5.7875072e-06
5.1770314e-08
5.7931911e-06
5.0097151e-08
5.7986759e-06
4.8509773e-08
5.8037747e-06
4.7131692e-08
5.8088811e-06
4.5827949e-08
5.8138794e-06
4.4517716e-08
5.8187141e-06
4.3276153e-08
5.8234097e-06
4.2104559e-08
5.8279791e-06
4.1007102e-08
5.8324201e-06
3.9984571e-08
5.8367417e-06
3.9024624e-08
5.8409277e-06
3.8135403e-08
5.8450193e-06
3.7261492e-08
5.8490444e-06
3.6435728e-08
5.8529559e-06
3.573209e-08
5.8567682e-06
3.508609e-08
5.8605869e-06
3.4461515e-08
5.8645008e-06
3.3845091e-08
5.8683494e-06
3.3259091e-08
5.8720896e-06
3.2711222e-08
5.8757277e-06
3.2192892e-08
5.8792582e-06
3.1701034e-08
5.8826901e-06
3.1231738e-08
5.8860165e-06
3.0785902e-08
5.889257e-06
3.0352838e-08
5.8923927e-06
2.994803e-08
5.895466e-06
2.9539335e-08
5.8984442e-06
2.9164687e-08
5.9014153e-06
2.8775279e-08
5.9043496e-06
2.838931e-08
5.907561e-06
2.7996554e-08
5.9108728e-06
2.7562054e-08
5.9128915e-06
2.7404988e-08
5.9147971e-06
2.7245307e-08
5.9167523e-06
2.6967386e-08
5.9186853e-06
2.6687274e-08
5.9205675e-06
2.6402807e-08
5.9223855e-06
2.61235e-08
5.9241308e-06
2.5843119e-08
5.9257921e-06
2.5580301e-08
5.9273712e-06
2.531089e-08
5.9288508e-06
2.5065831e-08
5.9302449e-06
2.4805302e-08
5.9315096e-06
2.4591345e-08
5.932682e-06
2.4330926e-08
5.9336282e-06
2.4212532e-08
5.9344226e-06
2.3954104e-08
5.934667e-06
2.4152126e-08
5.9346188e-06
2.3962606e-08
5.935469e-06
2.2795403e-08
5.9366068e-06
2.2468412e-08
5.9374089e-06
2.2460752e-08
5.9380281e-06
2.2348327e-08
5.9384899e-06
2.2183866e-08
5.9388002e-06
2.2013345e-08
5.9389803e-06
2.1826878e-08
5.9390377e-06
2.1634898e-08
5.9389826e-06
2.1439508e-08
5.9388145e-06
2.1242891e-08
5.9385371e-06
2.1051695e-08
5.9381477e-06
2.0855529e-08
5.9376613e-06
2.0666011e-08
5.9370658e-06
2.0467668e-08
5.9363983e-06
2.0274336e-08
5.9356443e-06
2.0064653e-08
5.9348679e-06
1.9850447e-08
5.9340984e-06
1.9593355e-08
5.9333281e-06
1.9338247e-08
5.9325717e-06
1.9079153e-08
5.9313552e-06
1.8998426e-08
5.9298573e-06
1.8961461e-08
5.9282198e-06
1.8789037e-08
5.9264922e-06
1.8617676e-08
5.9246919e-06
1.8432254e-08
5.9228289e-06
1.8244664e-08
5.9209018e-06
1.8056493e-08
5.9189088e-06
1.7871354e-08
5.9168494e-06
1.768543e-08
5.9147195e-06
1.7503936e-08
5.9125223e-06
1.7319803e-08
5.9102495e-06
1.7143829e-08
5.9079117e-06
1.6959238e-08
5.9054914e-06
1.6791765e-08
5.9030059e-06
1.6606911e-08
5.9004284e-06
1.6452543e-08
5.8977624e-06
1.6279051e-08
5.8949979e-06
1.6136093e-08
5.8920542e-06
1.6016247e-08
5.8890442e-06
1.584115e-08
5.8858828e-06
1.571682e-08
5.882855e-06
1.5346385e-08
5.8798641e-06
1.5146554e-08
5.8768733e-06
1.493259e-08
5.8738489e-06
1.4764032e-08
5.8707738e-06
1.4599819e-08
5.8676373e-06
1.4444005e-08
5.8644353e-06
1.4289061e-08
5.8611684e-06
1.4135238e-08
5.8578366e-06
1.3980206e-08
5.8544436e-06
1.3825039e-08
5.8509901e-06
1.3668829e-08
5.8474808e-06
1.3512812e-08
5.8439158e-06
1.3355929e-08
5.8403005e-06
1.3199723e-08
5.8366346e-06
1.3042871e-08
5.832923e-06
1.2886539e-08
5.8291689e-06
1.2728131e-08
5.8253747e-06
1.2571685e-08
5.8215551e-06
1.2405637e-08
5.8177044e-06
1.2245431e-08
5.813857e-06
1.2062834e-08
5.8099905e-06
1.1894713e-08
5.8061272e-06
1.1710072e-08
5.8021941e-06
1.1563757e-08
5.7981796e-06
1.1444479e-08
5.7940905e-06
1.1314464e-08
5.7899359e-06
1.1184774e-08
5.7857283e-06
1.1049035e-08
5.781478e-06
1.0909537e-08
5.7771933e-06
1.07671e-08
5.77288e-06
1.062322e-08
5.7685423e-06
1.0478138e-08
5.7641822e-06
1.0333371e-08
5.759803e-06
1.0188732e-08
5.7554048e-06
1.0045023e-08
5.750989e-06
9.9019113e-09
5.7465551e-06
9.7608144e-09
5.7421046e-06
9.6196411e-09
5.737637e-06
9.4807553e-09
5.7331531e-06
9.3420893e-09
5.7286525e-06
9.2063428e-09
5.7241339e-06
9.071238e-09
5.7195976e-06
8.9390304e-09
5.7150393e-06
8.8093937e-09
5.7104606e-06
8.6809249e-09
5.7058517e-06
8.5581533e-09
5.7012229e-06
8.431551e-09
5.696564e-06
8.3087088e-09
5.6919128e-06
8.1639313e-09
5.6872633e-06
8.0285969e-09
5.6826212e-06
7.8903994e-09
5.6779854e-06
7.7563103e-09
5.6733542e-06
7.625931e-09
5.6687256e-06
7.4990321e-09
5.6640971e-06
7.3750202e-09
5.659467e-06
7.2533628e-09
5.654833e-06
7.134294e-09
5.6501938e-06
7.0178534e-09
5.6455476e-06
6.9026229e-09
5.6408947e-06
6.7888535e-09
5.6362345e-06
6.6762746e-09
5.631567e-06
6.5647239e-09
5.6268927e-06
6.4537717e-09
5.6222123e-06
6.3440897e-09
5.6175265e-06
6.2344925e-09
5.6128354e-06
6.1266814e-09
5.6081418e-06
6.0180581e-09
5.6034438e-06
5.9122129e-09
5.5987464e-06
5.804083e-09
5.5940471e-06
5.6993281e-09
5.5893507e-06
5.5909957e-09
5.5846583e-06
5.485743e-09
5.5799689e-06
5.3795381e-09
5.5752903e-06
5.2711e-09
5.5706075e-06
5.173824e-09
5.5659192e-06
5.0812368e-09
5.5612238e-06
4.9840363e-09
5.5565249e-06
4.8888595e-09
5.5518259e-06
4.7953082e-09
5.5471257e-06
4.7029101e-09
5.5424244e-06
4.6110777e-09
5.5377234e-06
4.5200652e-09
5.5330231e-06
4.4293946e-09
5.5283246e-06
4.3395518e-09
5.5236284e-06
4.2502006e-09
5.5189348e-06
4.1616164e-09
5.5142446e-06
4.0738555e-09
5.5095582e-06
3.986619e-09
5.5048759e-06
3.8995105e-09
5.5001977e-06
3.8134056e-09
5.4955242e-06
3.7278407e-09
5.4908557e-06
3.6427656e-09
5.4861917e-06
3.5580419e-09
5.4815331e-06
3.4739225e-09
5.4768795e-06
3.3899972e-09
5.472231e-06
3.3058942e-09
5.4675877e-06
3.2230867e-09
5.4629506e-06
3.1392169e-09
5.4583186e-06
3.0559848e-09
5.4536933e-06
2.9721337e-09
5.4490726e-06
2.8888278e-09
5.4444584e-06
2.8042035e-09
5.4398482e-06
2.7219236e-09
5.43525e-06
2.6340392e-09
5.4306593e-06
2.5478424e-09
5.4260725e-06
2.4640836e-09
5.4214912e-06
2.3797568e-09
5.4169151e-06
2.2949243e-09
5.4123432e-06
2.2100246e-09
5.4077754e-06
2.1259972e-09
5.4032136e-06
2.0430408e-09
5.3986594e-06
1.9597679e-09
5.3941125e-06
1.8759252e-09
5.3895719e-06
1.7919715e-09
5.3850363e-06
1.7071797e-09
5.3805054e-06
1.6219257e-09
5.3759769e-06
1.5355832e-09
5.3714495e-06
1.4481252e-09
5.3669217e-06
1.3600676e-09
5.3623931e-06
1.272539e-09
5.3578611e-06
1.1858954e-09
5.3533254e-06
1.1001409e-09
5.3487856e-06
1.0172996e-09
5.34424e-06
9.3678398e-10
5.3396892e-06
8.5913632e-10
5.3351329e-06
7.8440054e-10
5.3305723e-06
7.1366957e-10
5.3260076e-06
6.4665917e-10
5.3214415e-06
5.8249183e-10
5.3168759e-06
5.2323612e-10
5.3123138e-06
4.6728177e-10
5.307757e-06
4.1530113e-10
5.3032083e-06
3.6778935e-10
5.2986706e-06
3.2365222e-10
5.2941465e-06
2.8051117e-10
5.2896377e-06
2.3939606e-10
5.2851471e-06
2.0041213e-10
5.2806758e-06
1.6147395e-10
5.2762254e-06
1.2273738e-10
5.2717977e-06
8.4213969e-11
5.2673949e-06
4.556755e-11
5.2630184e-06
6.8225425e-12
5.2586712e-06
-3.1358915e-11
5.2543562e-06
-6.867662e-11
5.2500765e-06
-1.0457457e-10
5.2458361e-06
-1.3807089e-10
5.241639e-06
-1.6949553e-10
5.2374883e-06
-1.9854829e-10
5.2333883e-06
-2.2495161e-10
5.2293411e-06
-2.5020608e-10
5.22535e-06
-2.7487346e-10
5.2214167e-06
-2.9960612e-10
5.2175425e-06
-3.2570924e-10
5.213728e-06
-3.5533354e-10
5.2099717e-06
-3.8901371e-10
5.2062719e-06
-4.2802162e-10
5.2026251e-06
-4.7339288e-10
5.1990271e-06
-5.2595128e-10
5.1954716e-06
-5.8676486e-10
5.1919515e-06
-6.5621242e-10
5.1884599e-06
-7.3379658e-10
5.184987e-06
-8.214851e-10
5.1815219e-06
-9.1865093e-10
5.1780537e-06
-1.024461e-09
5.174571e-06
-1.139207e-09
5.1710613e-06
-1.2629977e-09
5.1675142e-06
-1.3937251e-09
5.1639182e-06
-1.5313182e-09
5.1602624e-06
-1.6751547e-09
5.156536e-06
-1.8240578e-09
5.1527298e-06
-1.976415e-09
5.1488343e-06
-2.1329183e-09
5.1448425e-06
-2.2903359e-09
5.1407487e-06
-2.4482523e-09
5.1365472e-06
-2.6072433e-09
5.1322341e-06
-2.7640099e-09
5.1278079e-06
-2.9175133e-09
5.1232692e-06
-3.0668814e-09
5.1186187e-06
-3.2096321e-09
5.113862e-06
-3.3436041e-09
5.1090055e-06
-3.4678989e-09
5.1040582e-06
-3.57978e-09
5.0990314e-06
-3.6786387e-09
5.0939375e-06
-3.76318e-09
5.0887898e-06
-3.8330303e-09
5.0836034e-06
-3.8870911e-09
5.0783944e-06
-3.9252166e-09
5.0731788e-06
-3.9482266e-09
5.0679744e-06
-3.9551264e-09
5.0627973e-06
-3.9476356e-09
5.0576641e-06
-3.924272e-09
5.0525927e-06
-3.8869605e-09
5.047599e-06
-3.8370942e-09
5.0426996e-06
-3.7742551e-09
5.0379098e-06
-3.7002335e-09
5.0332437e-06
-3.6175178e-09
5.0287147e-06
-3.526988e-09
5.0243343e-06
-3.4320222e-09
5.0201099e-06
-3.335304e-09
5.0160465e-06
-3.2389686e-09
5.0121461e-06
-3.1466785e-09
5.008406e-06
-3.0626448e-09
5.0048206e-06
-2.9887288e-09
5.0013789e-06
-2.928767e-09
4.9980667e-06
-2.8844362e-09
4.9948665e-06
-2.8581444e-09
4.9917577e-06
-2.8513716e-09
4.9887167e-06
-2.8664005e-09
4.985718e-06
-2.9040974e-09
4.982733e-06
-2.9648777e-09
4.9797316e-06
-3.0506424e-09
4.9766819e-06
-3.1602974e-09
4.9735511e-06
-3.2933265e-09
4.9703039e-06
-3.4491228e-09
4.9669085e-06
-3.6255305e-09
4.9633326e-06
-3.8215884e-09
4.9595466e-06
-4.0340522e-09
4.9555277e-06
-4.2579447e-09
4.9512598e-06
-4.4895669e-09
4.9467317e-06
-4.724964e-09
4.9419413e-06
-4.9589217e-09
4.9368902e-06
-5.1881486e-09
4.9315865e-06
-5.4076548e-09
4.9260426e-06
-5.6133738e-09
4.9202742e-06
-5.8016756e-09
4.9143e-06
-5.9688263e-09
4.9081422e-06
-6.1115215e-09
4.9018266e-06
-6.2283685e-09
4.8953805e-06
-6.3177974e-09
4.8888323e-06
-6.3782912e-09
4.8822118e-06
-6.4100614e-09
4.8755484e-06
-6.4134693e-09
4.868872e-06
-6.3907541e-09
4.862211e-06
-6.341748e-09
4.8555928e-06
-6.269933e-09
4.8490425e-06
-6.1780607e-09
4.8425825e-06
-6.0690581e-09
4.8362334e-06
-5.9460015e-09
4.8300118e-06
-5.8133622e-09
4.8239299e-06
-5.6738432e-09
4.8179979e-06
-5.5302292e-09
4.8122207e-06
-5.3863305e-09
4.8066007e-06
-5.2444191e-09
4.8011384e-06
-5.1076934e-09
4.7958298e-06
-4.9788471e-09
4.7906678e-06
-4.8607194e-09
4.7856435e-06
-4.7535278e-09
4.7807444e-06
-4.6603894e-09
4.775957e-06
-4.5834057e-09
4.7712649e-06
-4.5230339e-09
4.76665e-06
-4.481552e-09
4.7620917e-06
-4.4585025e-09
4.7575693e-06
-4.4540704e-09
4.7530601e-06
-4.4692894e-09
4.748541e-06
-4.503685e-09
4.7439879e-06
-4.555226e-09
4.739377e-06
-4.6236934e-09
4.7346837e-06
-4.7072284e-09
4.7298862e-06
-4.8016671e-09
4.7249643e-06
-4.9044226e-09
4.7199017e-06
-5.0118723e-09
4.7146851e-06
-5.1209166e-09
4.7093046e-06
-5.2300497e-09
4.7037542e-06
-5.3351767e-09
4.6980296e-06
-5.4362803e-09
4.6921296e-06
-5.5295697e-09
4.6860537e-06
-5.614726e-09
4.6798027e-06
-5.6904303e-09
4.6733787e-06
-5.7548553e-09
4.6667848e-06
-5.8077601e-09
4.6600241e-06
-5.8476033e-09
4.6530995e-06
-5.8742091e-09
4.6460143e-06
-5.8868346e-09
4.6387713e-06
-5.8856355e-09
4.6313703e-06
-5.869043e-09
4.6238111e-06
-5.8371592e-09
4.6160914e-06
-5.7901421e-09
4.6082062e-06
-5.7282672e-09
4.6001502e-06
-5.6512608e-09
4.5919154e-06
-5.5614633e-09
4.5834911e-06
-5.45811e-09
4.5748648e-06
-5.341982e-09
4.566023e-06
-5.2136255e-09
4.5569498e-06
-5.07191e-09
4.5476274e-06
-4.9154498e-09
4.5380383e-06
-4.7429309e-09
4.5281675e-06
-4.5515596e-09
4.5180005e-06
-4.3394226e-09
4.5075232e-06
-4.1048973e-09
4.4967235e-06
-3.8465475e-09
4.4855917e-06
-3.5609009e-09
4.4741157e-06
-3.2445837e-09
4.4622843e-06
-2.8943488e-09
4.4500883e-06
-2.5119533e-09
4.4375162e-06
-2.0964834e-09
4.4245506e-06
-1.6417929e-09
4.411165e-06
-1.1398105e-09
4.397327e-06
-5.8359539e-10
4.3830078e-06
2.5759839e-11
4.3681829e-06
6.7891781e-10
4.3528286e-06
1.3749526e-09
4.3369207e-06
2.1053563e-09
4.3204303e-06
2.8651104e-09
4.303319e-06
3.6562549e-09
4.2855376e-06
4.4883746e-09
4.2670451e-06
5.3525286e-09
4.2478084e-06
6.2312338e-09
4.2277817e-06
7.1354536e-09
4.2069076e-06
8.0589695e-09
4.1851335e-06
8.9782217e-09
4.1624357e-06
9.8800155e-09
4.1387671e-06
1.0804225e-08
4.1140838e-06
1.1752844e-08
4.0883544e-06
1.2724781e-08
4.0616558e-06
1.3618401e-08
4.0341698e-06
1.4263597e-08
4.005817e-06
1.4975922e-08
3.9765131e-06
1.5777999e-08
3.9462682e-06
1.6599181e-08
3.9152131e-06
1.735474e-08
3.8834835e-06
1.8028779e-08
3.8509218e-06
1.8781958e-08
3.8170312e-06
1.9668488e-08
3.7821725e-06
2.053969e-08
3.7466315e-06
2.1280677e-08
3.7105602e-06
2.1951009e-08
3.6739778e-06
2.263336e-08
3.636993e-06
2.3248619e-08
3.5995055e-06
2.3949241e-08
3.5615961e-06
2.4668473e-08
3.5231356e-06
2.5822585e-08
3.4868805e-06
2.3821777e-08
3.4503999e-06
2.4535288e-08
3.4135881e-06
2.5176515e-08
3.3765111e-06
2.5696457e-08
3.3393939e-06
2.6030418e-08
3.3023337e-06
2.627405e-08
3.2653233e-06
2.6438941e-08
3.2286567e-06
2.6461461e-08
3.1920139e-06
2.656191e-08
3.1545503e-06
2.7626982e-08
3.1147686e-06
2.7298779e-08
3.0758927e-06
2.6962105e-08
3.0374741e-06
2.6664438e-08
2.9993385e-06
2.639126e-08
2.9613385e-06
2.614556e-08
2.9234053e-06
2.5881468e-08
2.8855373e-06
2.562373e-08
2.847767e-06
2.5308077e-08
2.8102984e-06
2.4946413e-08
2.7737825e-06
2.4096757e-08
2.7376007e-06
2.3369339e-08
2.701201e-06
2.2740983e-08
2.6645655e-06
2.2098696e-08
2.6277881e-06
2.1432745e-08
2.5909346e-06
2.0722796e-08
2.5540601e-06
2.0000948e-08
2.517142e-06
1.9264918e-08
2.4801612e-06
1.8620521e-08
2.4429727e-06
1.778551e-08
2.4056763e-06
1.6715089e-08
2.3685548e-06
1.5603191e-08
2.3317687e-06
1.4467164e-08
2.2953454e-06
1.3310166e-08
2.2593191e-06
1.21363e-08
2.2237167e-06
1.0962284e-08
2.1886072e-06
9.8292956e-09
2.1541343e-06
8.659903e-09
2.1202165e-06
7.4015718e-09
2.0868646e-06
6.1231309e-09
2.0541054e-06
4.8467337e-09
2.0219507e-06
3.559927e-09
1.9904291e-06
2.2744358e-09
1.9595723e-06
9.9360298e-10
1.9294262e-06
-2.5906743e-10
1.9000123e-06
-1.4827437e-09
1.8712942e-06
-2.6978446e-09
1.8432881e-06
-3.9164463e-09
1.8160467e-06
-5.1367417e-09
1.7895922e-06
-6.3371126e-09
1.7639337e-06
-7.4968329e-09
1.7390722e-06
-8.6033594e-09
1.7150105e-06
-9.6478661e-09
1.6917546e-06
-1.0625688e-08
1.6692945e-06
-1.1530124e-08
1.6476e-06
-1.2349701e-08
1.6266363e-06
-1.3085556e-08
1.6063703e-06
-1.3747773e-08
1.5867752e-06
-1.4334419e-08
1.5678283e-06
-1.4856304e-08
1.5494933e-06
-1.5315595e-08
1.5317436e-06
-1.5700309e-08
1.5145662e-06
-1.6029407e-08
1.4979428e-06
-1.6298378e-08
1.4818473e-06
-1.6506069e-08
1.4662451e-06
-1.668818e-08
1.4511512e-06
-1.679614e-08
1.4365479e-06
-1.6758144e-08
1.4223462e-06
-1.6553764e-08
1.4085468e-06
-1.6262803e-08
1.3951367e-06
-1.5923129e-08
1.3820582e-06
-1.5496671e-08
1.3693151e-06
-1.5029253e-08
1.3569148e-06
-1.4524934e-08
1.3448385e-06
-1.3947732e-08
1.3330708e-06
-1.3295276e-08
1.3215927e-06
-1.2561031e-08
1.3103907e-06
-1.1747787e-08
1.2994538e-06
-1.0860483e-08
1.2887701e-06
-9.9029926e-09
1.278329e-06
-8.8784575e-09
1.268121e-06
-7.7916469e-09
1.2581379e-06
-6.6466384e-09
1.2483719e-06
-5.4499592e-09
1.2388167e-06
-4.2049e-09
1.2294688e-06
-2.9214444e-09
1.2203243e-06
-1.6036288e-09
1.2113794e-06
-2.5513813e-10
1.2026339e-06
1.1136874e-09
1.1940872e-06
2.4969968e-09
1.185739e-06
3.8883803e-09
1.1775897e-06
5.2824043e-09
1.1696387e-06
6.676756e-09
1.1618835e-06
8.0703124e-09
1.1543213e-06
9.4607158e-09
1.1469502e-06
1.0842903e-08
1.1397687e-06
1.2210643e-08
1.1327766e-06
1.3557731e-08
1.1259738e-06
1.4878494e-08
1.1193613e-06
1.6168498e-08
1.1129403e-06
1.7423892e-08
1.1067124e-06
1.8641184e-08
1.1006795e-06
1.9817084e-08
1.0948433e-06
2.0948621e-08
1.0892056e-06
2.2033226e-08
1.0837677e-06
2.3069185e-08
1.0785309e-06
2.4055813e-08
1.0734961e-06
2.4993086e-08
1.0686645e-06
2.58813e-08
1.0640375e-06
2.6721149e-08
1.0596165e-06
2.7513396e-08
1.055403e-06
2.8259537e-08
1.0513981e-06
2.8961135e-08
1.0476023e-06
2.9619793e-08
1.0440155e-06
3.0236766e-08
1.0406377e-06
3.0812253e-08
1.0374672e-06
3.1350122e-08
1.0345056e-06
3.1849458e-08
1.0317598e-06
3.2314732e-08
1.0292353e-06
3.2754693e-08
1.0269092e-06
3.3167459e-08
1.0247525e-06
3.3556222e-08
1.0227947e-06
3.3930768e-08
1.0210679e-06
3.4289467e-08
1.0195733e-06
3.4623342e-08
1.0183082e-06
3.494588e-08
1.0172708e-06
3.5261156e-08
1.0164688e-06
3.5562293e-08
1.0159048e-06
3.5853092e-08
1.0155962e-06
3.6123382e-08
1.0155371e-06
3.6383751e-08
1.015713e-06
3.6639808e-08
1.0161688e-06
3.6859845e-08
1.0169026e-06
3.7072681e-08
1.0179347e-06
3.7255719e-08
1.0192694e-06
3.7414607e-08
1.0209344e-06
3.7556718e-08
1.0229012e-06
3.7659051e-08
1.0251997e-06
3.7724598e-08
1.0278865e-06
3.7734434e-08
1.0310164e-06
3.7699979e-08
1.0343614e-06
3.7589725e-08
1.0380227e-06
3.7433523e-08
1.0420657e-06
3.7176805e-08
1.0464651e-06
3.6795345e-08
1.0512433e-06
3.6294502e-08
1.0563854e-06
3.5690877e-08
1.0618307e-06
3.5010841e-08
1.0674439e-06
3.4311017e-08
1.0730763e-06
3.3602256e-08
1.0787267e-06
3.2799621e-08
1.0845888e-06
3.1809918e-08
1.0908793e-06
3.0761406e-08
1.097619e-06
2.9733958e-08
1.104444e-06
2.8743578e-08
1.1112663e-06
2.7872982e-08
1.118212e-06
2.701161e-08
1.1253383e-06
2.6125482e-08
1.1327556e-06
2.5281446e-08
1.140475e-06
2.4468042e-08
1.1484683e-06
2.3678925e-08
1.1567394e-06
2.2929024e-08
1.1653088e-06
2.2204258e-08
1.1741996e-06
2.1489575e-08
1.1834385e-06
2.0781769e-08
1.1930549e-06
2.0083175e-08
1.2030795e-06
1.9397514e-08
1.2135424e-06
1.8724042e-08
1.224476e-06
1.8058664e-08
1.2359204e-06
1.7398317e-08
1.2479248e-06
1.6739927e-08
1.2605421e-06
1.6078604e-08
1.2738242e-06
1.540864e-08
1.2878189e-06
1.4723387e-08
1.3025711e-06
1.4015169e-08
1.3181229e-06
1.3274587e-08
1.3345073e-06
1.2491375e-08
1.3517429e-06
1.1654069e-08
1.36983e-06
1.0753886e-08
1.38875e-06
9.7785473e-09
1.4084612e-06
8.7207566e-09
1.4288976e-06
7.5711264e-09
1.4499635e-06
6.3269971e-09
1.4715317e-06
4.9823417e-09
1.4934418e-06
3.5390952e-09
1.5155153e-06
1.9881252e-09
1.5375321e-06
3.373497e-10
1.5592557e-06
-1.4183299e-09
1.5804213e-06
-3.2772633e-09
1.6007527e-06
-5.2365952e-09
1.6199664e-06
-7.2900366e-09
1.6377753e-06
-9.4278487e-09
1.65392e-06
-1.1646949e-08
1.6681416e-06
-1.3919597e-08
1.6802694e-06
-1.6279416e-08
1.6900232e-06
-1.8558067e-08
1.697394e-06
-2.0993509e-08
1.702218e-06
-2.3207408e-08
1.7042746e-06
-2.558929e-08
1.703806e-06
-2.8014915e-08
1.7021009e-06
-3.0251015e-08
1.6982588e-06
-3.2577986e-08
1.6922293e-06
-3.4738447e-08
1.6842829e-06
-3.7028117e-08
1.6742574e-06
-3.9250209e-08
1.6625205e-06
-4.1075536e-08
1.649534e-06
-4.2881213e-08
1.6353953e-06
-4.4623831e-08
1.6202679e-06
-4.6260161e-08
1.6043062e-06
-4.7788411e-08
1.5876372e-06
-4.9209648e-08
1.5703664e-06
-5.0509266e-08
1.5526097e-06
-5.1680564e-08
1.5344729e-06
-5.2716832e-08
1.5160606e-06
-5.363346e-08
1.4974638e-06
-5.4426797e-08
1.4787536e-06
-5.5087332e-08
1.4599933e-06
-5.5611914e-08
1.4412404e-06
-5.5996157e-08
1.4225568e-06
-5.6249333e-08
1.4039885e-06
-5.6361322e-08
1.3855748e-06
-5.6324721e-08
1.3673549e-06
-5.613625e-08
1.3493674e-06
-5.5793785e-08
1.3316513e-06
-5.5296943e-08
1.3142427e-06
-5.4647436e-08
1.2971738e-06
-5.3847687e-08
1.2804727e-06
-5.29005e-08
1.2641659e-06
-5.1810892e-08
1.2482773e-06
-5.0583508e-08
1.2328256e-06
-4.9222051e-08
1.2178277e-06
-4.7731166e-08
1.2032993e-06
-4.6114526e-08
1.1892529e-06
-4.4376431e-08
1.1757001e-06
-4.2519567e-08
1.1626512e-06
-4.0547973e-08
1.1501151e-06
-3.846449e-08
1.1380986e-06
-3.6274175e-08
1.1266073e-06
-3.3980404e-08
1.115643e-06
-3.1588229e-08
1.1052075e-06
-2.9102138e-08
1.0953035e-06
-2.6528691e-08
1.0859328e-06
-2.3879818e-08
1.0770841e-06
-2.1166302e-08
1.0687403e-06
-1.8392958e-08
1.0609314e-06
-1.5577895e-08
1.0536582e-06
-1.2706628e-08
1.0468938e-06
-9.7773789e-09
1.0406179e-06
-6.8012418e-09
1.0348281e-06
-3.8221777e-09
1.0295311e-06
-8.7424468e-10
1.0247358e-06
2.0532296e-09
1.0204316e-06
4.9582418e-09
1.0165862e-06
7.8552498e-09
1.0131834e-06
1.0726052e-08
1.0102119e-06
1.3559303e-08
1.0076643e-06
1.6342316e-08
1.0055341e-06
1.9064045e-08
1.0038155e-06
2.1712956e-08
1.0025028e-06
2.4279526e-08
1.0015904e-06
2.6756155e-08
1.0010733e-06
2.913478e-08
1.0009503e-06
3.1405345e-08
1.0012205e-06
3.3561378e-08
1.0018812e-06
3.5600094e-08
1.0029424e-06
3.7504605e-08
1.0044219e-06
3.9263798e-08
1.0063864e-06
4.0803896e-08
1.0085269e-06
4.2570798e-08
1.0107442e-06
4.4236166e-08
1.0127422e-06
4.6078434e-08
1.015037e-06
4.7325523e-08
1.0178893e-06
4.8260522e-08
1.0211805e-06
4.9113217e-08
1.0247997e-06
5.008159e-08
1.0287509e-06
5.0744533e-08
1.0329501e-06
5.1745486e-08
1.0373398e-06
5.2085194e-08
1.0417246e-06
5.3235627e-08
1.0465391e-06
5.3045766e-08
1.0520818e-06
5.4358595e-08
1.0589512e-06
5.3169588e-08
1.065864e-06
5.5266696e-08
5.320829e-08
5.6197432e-06
9.2843693e-09
5.6263688e-06
1.9797107e-08
5.636151e-06
3.4615126e-08
5.6478207e-06
4.0938242e-08
5.6596986e-06
4.8237574e-08
5.6716838e-06
5.2581819e-08
5.6829796e-06
5.5181097e-08
5.6935246e-06
5.6269403e-08
5.7033255e-06
5.641798e-08
5.7122958e-06
5.5937954e-08
5.7205932e-06
5.5006742e-08
5.7283099e-06
5.3758355e-08
5.7355139e-06
5.2293802e-08
5.7422926e-06
5.0756109e-08
5.7486598e-06
4.91525e-08
5.7547218e-06
4.7576102e-08
5.7604748e-06
4.6017366e-08
5.7660578e-06
4.4513564e-08
5.7714745e-06
4.3093387e-08
5.7768381e-06
4.176745e-08
5.782088e-06
4.0577742e-08
5.7871822e-06
3.9423147e-08
5.7921284e-06
3.8329273e-08
5.796931e-06
3.7301507e-08
5.8016062e-06
3.633129e-08
5.8061671e-06
3.5423272e-08
5.810622e-06
3.4569022e-08
5.814986e-06
3.3770495e-08
5.8192294e-06
3.3017378e-08
5.8233521e-06
3.2312228e-08
5.8274354e-06
3.164873e-08
5.8314735e-06
3.1046988e-08
5.8354446e-06
3.0490138e-08
5.8392945e-06
2.9994145e-08
5.8430518e-06
2.950138e-08
5.8467346e-06
2.9027439e-08
5.8503568e-06
2.8570001e-08
5.8539228e-06
2.8134137e-08
5.8574388e-06
2.7714648e-08
5.8609031e-06
2.7320953e-08
5.8643176e-06
2.6937515e-08
5.8676803e-06
2.6584183e-08
5.8709841e-06
2.6234423e-08
5.8742286e-06
2.5919009e-08
5.8773974e-06
2.5604769e-08
5.8804639e-06
2.5322058e-08
5.8834507e-06
2.5008965e-08
5.8862024e-06
2.4809305e-08
5.8891821e-06
2.4424406e-08
5.8922969e-06
2.4129165e-08
5.8953801e-06
2.3882672e-08
5.8984202e-06
2.3645975e-08
5.9013998e-06
2.3421743e-08
5.9043168e-06
2.3204809e-08
5.9071666e-06
2.2991906e-08
5.9099598e-06
2.2785673e-08
5.9126862e-06
2.2582885e-08
5.9153649e-06
2.2385109e-08
5.9179781e-06
2.2190512e-08
5.9205672e-06
2.2000241e-08
5.923098e-06
2.1798634e-08
5.925695e-06
2.1614238e-08
5.9282999e-06
2.1347403e-08
5.9312715e-06
2.1178653e-08
5.9344647e-06
2.0767303e-08
5.9364119e-06
2.0846848e-08
5.9381428e-06
2.0734786e-08
5.939943e-06
2.065878e-08
5.9417786e-06
2.0510313e-08
5.9435962e-06
2.0363851e-08
5.9454016e-06
2.020591e-08
5.9471765e-06
2.0049533e-08
5.9489156e-06
1.9892866e-08
5.9506134e-06
1.9739403e-08
5.9522667e-06
1.9586671e-08
5.9538733e-06
1.9442085e-08
5.9554293e-06
1.929667e-08
5.9569322e-06
1.9159841e-08
5.9583744e-06
1.9022303e-08
5.9597445e-06
1.8901399e-08
5.9610228e-06
1.8782672e-08
5.9621414e-06
1.8728148e-08
5.9630495e-06
1.8681433e-08
5.9635121e-06
1.8871729e-08
5.9640495e-06
1.8537782e-08
5.9654199e-06
1.7623915e-08
5.9668096e-06
1.7568109e-08
5.9680101e-06
1.7584025e-08
5.9690978e-06
1.7526107e-08
5.9700843e-06
1.7440545e-08
5.9709762e-06
1.7347794e-08
5.9717848e-06
1.7242883e-08
5.9725161e-06
1.713483e-08
5.9731737e-06
1.7022775e-08
5.9737622e-06
1.6910474e-08
5.9742811e-06
1.679483e-08
5.9747375e-06
1.6681649e-08
5.975126e-06
1.6564929e-08
5.9754606e-06
1.6451428e-08
5.9757293e-06
1.6332211e-08
5.9759601e-06
1.6215562e-08
5.9761473e-06
1.6084896e-08
5.9763227e-06
1.5954094e-08
5.9765519e-06
1.5779646e-08
5.9767692e-06
1.5616771e-08
5.9770528e-06
1.5425751e-08
5.9769951e-06
1.5396108e-08
5.9767582e-06
1.5375521e-08
5.9763925e-06
1.5290102e-08
5.9759523e-06
1.5195821e-08
5.9754534e-06
1.5089862e-08
5.9749103e-06
1.4978053e-08
5.9743268e-06
1.4863542e-08
5.9737035e-06
1.4748739e-08
5.9730402e-06
1.4633535e-08
5.9723362e-06
1.4519529e-08
5.9715899e-06
1.4404977e-08
5.9707996e-06
1.4292618e-08
5.9699656e-06
1.4179223e-08
5.969085e-06
1.4069436e-08
5.9681603e-06
1.39563e-08
5.9671844e-06
1.3850869e-08
5.9661618e-06
1.373881e-08
5.9650798e-06
1.3640866e-08
5.9639364e-06
1.3536129e-08
5.9627186e-06
1.3450234e-08
5.9613982e-06
1.3369616e-08
5.9600012e-06
1.3277643e-08
5.9584988e-06
1.3197735e-08
5.9570777e-06
1.2970069e-08
5.9556876e-06
1.2818815e-08
5.9543057e-06
1.2680496e-08
5.9529113e-06
1.2562545e-08
5.9514891e-06
1.2454464e-08
5.9500288e-06
1.2351925e-08
5.9485257e-06
1.225221e-08
5.9469763e-06
1.2153806e-08
5.9453799e-06
1.2055699e-08
5.943736e-06
1.1957364e-08
5.9420451e-06
1.1858559e-08
5.9403088e-06
1.1760083e-08
5.938528e-06
1.1660776e-08
5.9367045e-06
1.1561556e-08
5.934839e-06
1.1461715e-08
5.9329338e-06
1.1361832e-08
5.9309896e-06
1.1261378e-08
5.9290088e-06
1.1161272e-08
5.9269937e-06
1.105984e-08
5.9249465e-06
1.0958505e-08
5.9228746e-06
1.0852825e-08
5.9207787e-06
1.0747768e-08
5.9186734e-06
1.063351e-08
5.9165539e-06
1.0520102e-08
5.9144229e-06
1.0407822e-08
5.9122392e-06
1.0314427e-08
5.9099996e-06
1.0234527e-08
5.9077048e-06
1.0150154e-08
5.9053588e-06
1.006693e-08
5.9029672e-06
9.9809236e-09
5.9005352e-06
9.8933981e-09
5.8980663e-06
9.8048676e-09
5.8955644e-06
9.7153183e-09
5.8930338e-06
9.6243835e-09
5.8904776e-06
9.5318331e-09
5.887898e-06
9.4387298e-09
5.8852966e-06
9.3456602e-09
5.8826747e-06
9.2522603e-09
5.8800329e-06
9.159538e-09
5.8773711e-06
9.0670533e-09
5.8746901e-06
8.9752903e-09
5.871989e-06
8.8840544e-09
5.8692691e-06
8.7936907e-09
5.8665282e-06
8.7047298e-09
5.8637686e-06
8.6155829e-09
5.8609845e-06
8.5296565e-09
5.8581826e-06
8.4421257e-09
5.8553525e-06
8.3597498e-09
5.8524995e-06
8.276047e-09
5.8496218e-06
8.1922402e-09
5.8467085e-06
8.1173961e-09
5.8437973e-06
8.0158911e-09
5.8408835e-06
7.9243443e-09
5.8379552e-06
7.8392106e-09
5.8350155e-06
7.7527105e-09
5.8320662e-06
7.6678135e-09
5.8291052e-06
7.5840818e-09
5.8261326e-06
7.5018951e-09
5.8231475e-06
7.4204749e-09
5.8201496e-06
7.3400663e-09
5.8171383e-06
7.2608324e-09
5.8141138e-06
7.1821806e-09
5.811076e-06
7.104322e-09
5.8080252e-06
7.0271962e-09
5.8049603e-06
6.9499237e-09
5.8018828e-06
6.8732948e-09
5.7987921e-06
6.7971309e-09
5.7956885e-06
6.7213302e-09
5.792572e-06
6.6457067e-09
5.7894429e-06
6.5699819e-09
5.7863011e-06
6.4948771e-09
5.7831468e-06
6.4192571e-09
5.7799802e-06
6.3440075e-09
5.7768015e-06
6.2688121e-09
5.7736103e-06
6.1932401e-09
5.7704076e-06
6.117526e-09
5.7671918e-06
6.042232e-09
5.7639656e-06
5.9643419e-09
5.760724e-06
5.8905285e-09
5.7574694e-06
5.8163301e-09
5.7541994e-06
5.7392557e-09
5.7509158e-06
5.6610721e-09
5.7476215e-06
5.5832556e-09
5.7443155e-06
5.5051657e-09
5.7409976e-06
5.4265752e-09
5.7376681e-06
5.3477147e-09
5.7343274e-06
5.2688289e-09
5.7309766e-06
5.1901483e-09
5.7276159e-06
5.1111937e-09
5.7242448e-06
5.0311777e-09
5.7208638e-06
4.9508317e-09
5.7174722e-06
4.8694377e-09
5.7140698e-06
4.7871493e-09
5.710656e-06
4.7040709e-09
5.7072297e-06
4.6200861e-09
5.7037902e-06
4.5356443e-09
5.7003368e-06
4.4513966e-09
5.696869e-06
4.3677031e-09
5.6933864e-06
4.2847925e-09
5.689889e-06
4.2043395e-09
5.6863772e-06
4.1254933e-09
5.6828509e-06
4.0489043e-09
5.6793112e-06
3.9753307e-09
5.6757594e-06
3.9051891e-09
5.672197e-06
3.8379406e-09
5.6686247e-06
3.7737866e-09
5.6650457e-06
3.7140802e-09
5.6614614e-06
3.6574268e-09
5.6578739e-06
3.6043315e-09
5.6542868e-06
3.5537369e-09
5.6507028e-06
3.5064178e-09
5.6471243e-06
3.4607273e-09
5.643552e-06
3.4170058e-09
5.639988e-06
3.3755443e-09
5.6364338e-06
3.3350447e-09
5.6328906e-06
3.2952983e-09
5.6293603e-06
3.2559977e-09
5.6258437e-06
3.2168685e-09
5.6223424e-06
3.1781164e-09
5.6188579e-06
3.1401091e-09
5.6153926e-06
3.1026852e-09
5.6119475e-06
3.066539e-09
5.6085246e-06
3.0321621e-09
5.6051257e-06
2.9993124e-09
5.6017523e-06
2.9682519e-09
5.5984058e-06
2.9383398e-09
5.5950878e-06
2.9091121e-09
5.5917988e-06
2.879351e-09
5.5885397e-06
2.849144e-09
5.5853096e-06
2.8164826e-09
5.5821084e-06
2.7806242e-09
5.578933e-06
2.7401441e-09
5.5757817e-06
2.6945211e-09
5.5726508e-06
2.6422775e-09
5.5695359e-06
2.5828126e-09
5.5664316e-06
2.5152649e-09
5.5633326e-06
2.4391453e-09
5.5602324e-06
2.3543114e-09
5.5571238e-06
2.2600108e-09
5.5539991e-06
2.1561997e-09
5.5508512e-06
2.0436177e-09
5.5476711e-06
1.9218156e-09
5.5444515e-06
1.7918258e-09
5.5411851e-06
1.6543811e-09
5.5378642e-06
1.5095734e-09
5.5344829e-06
1.3589161e-09
5.5310346e-06
1.203059e-09
5.527514e-06
1.0433743e-09
5.5239169e-06
8.8042684e-10
5.5202392e-06
7.163572e-10
5.5164789e-06
5.5171512e-10
5.5126337e-06
3.8735815e-10
5.5087031e-06
2.257603e-10
5.5046887e-06
6.7310602e-11
5.5005925e-06
-8.6156415e-11
5.4964177e-06
-2.3283908e-10
5.4921703e-06
-3.710845e-10
5.4878565e-06
-4.9903726e-10
5.4834835e-06
-6.1489613e-10
5.479061e-06
-7.1754158e-10
5.4745987e-06
-8.0614715e-10
5.4701074e-06
-8.800245e-10
5.4655985e-06
-9.3833696e-10
5.4610845e-06
-9.8088515e-10
5.4565773e-06
-1.0083991e-09
5.4520893e-06
-1.0200458e-09
5.447632e-06
-1.017185e-09
5.4432178e-06
-9.994463e-10
5.4388582e-06
-9.6809405e-10
5.4345635e-06
-9.242811e-10
5.4303443e-06
-8.6878238e-10
5.4262103e-06
-8.0326945e-10
5.4221681e-06
-7.3008399e-10
5.418225e-06
-6.5062622e-10
5.4143841e-06
-5.6809357e-10
5.4106477e-06
-4.845746e-10
5.4070152e-06
-4.0317794e-10
5.4034831e-06
-3.2674841e-10
5.4000451e-06
-2.5891156e-10
5.3966918e-06
-2.0215252e-10
5.3934113e-06
-1.595204e-10
5.3901902e-06
-1.3299539e-10
5.3870116e-06
-1.2495249e-10
5.3838574e-06
-1.3693224e-10
5.3807082e-06
-1.70572e-10
5.3775427e-06
-2.2693847e-10
5.3743394e-06
-3.0620084e-10
5.3710753e-06
-4.0968828e-10
5.3677275e-06
-5.3579319e-10
5.3642739e-06
-6.8508399e-10
5.3606934e-06
-8.5577279e-10
5.3569681e-06
-1.0461987e-09
5.3530794e-06
-1.2546924e-09
5.3490143e-06
-1.477177e-09
5.3447621e-06
-1.7105553e-09
5.3403174e-06
-1.9504482e-09
5.3356793e-06
-2.1932847e-09
5.3308506e-06
-2.4341764e-09
5.3258367e-06
-2.6697173e-09
5.3206476e-06
-2.8952867e-09
5.3152948e-06
-3.1066629e-09
5.309792e-06
-3.3002983e-09
5.3041552e-06
-3.4730281e-09
5.2984032e-06
-3.6220835e-09
5.2925555e-06
-3.7458183e-09
5.2866319e-06
-3.8428212e-09
5.280654e-06
-3.9122487e-09
5.2746439e-06
-3.9541801e-09
5.2686224e-06
-3.9693799e-09
5.2626103e-06
-3.9586108e-09
5.2566265e-06
-3.9232462e-09
5.2506897e-06
-3.8657082e-09
5.2448151e-06
-3.7888843e-09
5.2390169e-06
-3.6955106e-09
5.233307e-06
-3.5883687e-09
5.2276934e-06
-3.4711518e-09
5.2221824e-06
-3.3472167e-09
5.2167778e-06
-3.2192209e-09
5.2114802e-06
-3.0907303e-09
5.2062889e-06
-2.9642719e-09
5.2012008e-06
-2.8427851e-09
5.1962101e-06
-2.7293732e-09
5.1913093e-06
-2.6259181e-09
5.1864894e-06
-2.5341427e-09
5.1817393e-06
-2.4567814e-09
5.1770471e-06
-2.3950841e-09
5.1723983e-06
-2.3504287e-09
5.1677782e-06
-2.3241133e-09
5.16317e-06
-2.3162485e-09
5.1585572e-06
-2.3274001e-09
5.1539217e-06
-2.3574787e-09
5.1492451e-06
-2.4059097e-09
5.1445093e-06
-2.4713587e-09
5.1396958e-06
-2.5532629e-09
5.1347876e-06
-2.6488176e-09
5.129768e-06
-2.7556792e-09
5.1246245e-06
-2.8707507e-09
5.1193452e-06
-2.99169e-09
5.113922e-06
-3.1150935e-09
5.1083487e-06
-3.2397143e-09
5.1026197e-06
-3.3617162e-09
5.0967317e-06
-3.4799856e-09
5.0906827e-06
-3.591758e-09
5.0844719e-06
-3.6959351e-09
5.0780985e-06
-3.7915582e-09
5.0715629e-06
-3.876826e-09
5.0648654e-06
-3.9507788e-09
5.0580065e-06
-4.0124872e-09
5.0509874e-06
-4.0616972e-09
5.0438075e-06
-4.0975245e-09
5.0364658e-06
-4.1197841e-09
5.0289607e-06
-4.1274175e-09
5.02129e-06
-4.120233e-09
5.0134482e-06
-4.0984434e-09
5.0054306e-06
-4.0615822e-09
4.9972291e-06
-4.0100083e-09
4.9888345e-06
-3.9442427e-09
4.9802352e-06
-3.8640104e-09
4.971418e-06
-3.7690815e-09
4.9623661e-06
-3.6591015e-09
4.9530613e-06
-3.5329006e-09
4.9434828e-06
-3.3889433e-09
4.9336083e-06
-3.2244287e-09
4.9234131e-06
-3.0370479e-09
4.9128714e-06
-2.8247209e-09
4.9019566e-06
-2.5866158e-09
4.8906386e-06
-2.3202289e-09
4.8788849e-06
-2.0244908e-09
4.8666642e-06
-1.6996085e-09
4.8539363e-06
-1.3402719e-09
4.8406493e-06
-9.402954e-10
4.8267395e-06
-4.9521054e-10
4.8121406e-06
-2.7995384e-12
4.796789e-06
5.362657e-10
4.7806236e-06
1.1199139e-09
4.7635698e-06
1.7579205e-09
4.7455466e-06
2.4455669e-09
4.7264619e-06
3.19306e-09
4.7062048e-06
4.0130059e-09
4.6846988e-06
4.8658984e-09
4.6618834e-06
5.7315779e-09
4.6376907e-06
6.6267676e-09
4.6120366e-06
7.5644286e-09
4.5848627e-06
8.5060856e-09
4.5561136e-06
9.4689332e-09
4.5257461e-06
1.0445728e-08
4.4937728e-06
1.1362687e-08
4.4601602e-06
1.2253193e-08
4.4248439e-06
1.3208335e-08
4.3878719e-06
1.4139927e-08
4.3493277e-06
1.5030882e-08
4.309086e-06
1.6005871e-08
4.2665725e-06
1.7358544e-08
4.2225653e-06
1.8038312e-08
4.1770404e-06
1.8917032e-08
4.1301286e-06
1.9781208e-08
4.0819148e-06
2.0598476e-08
4.0322825e-06
2.158069e-08
3.9813711e-06
2.267948e-08
3.9315318e-06
2.1725299e-08
3.8812811e-06
2.2359743e-08
3.8303894e-06
2.3224318e-08
3.7791012e-06
2.3907186e-08
3.7276261e-06
2.4496852e-08
3.6760059e-06
2.5012519e-08
3.6244391e-06
2.5473107e-08
3.5731941e-06
2.5827902e-08
3.5222876e-06
2.6706888e-08
3.4690482e-06
2.714817e-08
3.4164885e-06
2.7393961e-08
3.3648632e-06
2.7422144e-08
3.3141052e-06
2.7476464e-08
3.2640539e-06
2.7574127e-08
3.2147276e-06
2.7651286e-08
3.1661828e-06
2.7739652e-08
3.1183553e-06
2.7805909e-08
3.0711799e-06
2.7857476e-08
3.0259362e-06
2.744983e-08
2.981211e-06
2.6978992e-08
2.9368016e-06
2.6659563e-08
2.8926856e-06
2.6389845e-08
2.8489076e-06
2.6099786e-08
2.8055265e-06
2.5775555e-08
2.7625426e-06
2.5420598e-08
2.7199539e-06
2.5043361e-08
2.6776587e-06
2.4646495e-08
2.6355709e-06
2.4282353e-08
2.593498e-06
2.3693853e-08
2.551669e-06
2.3053057e-08
2.5102742e-06
2.2346494e-08
2.4693586e-06
2.1594866e-08
2.4289254e-06
2.0828743e-08
2.388966e-06
2.004238e-08
2.3495006e-06
1.9239814e-08
2.3105576e-06
1.8409096e-08
2.2722447e-06
1.7568289e-08
2.2345112e-06
1.661433e-08
2.1972845e-06
1.5559937e-08
2.1606049e-06
1.4486945e-08
2.1245103e-06
1.3405795e-08
2.0890318e-06
1.2316572e-08
2.0541906e-06
1.1225257e-08
2.0200168e-06
1.0132078e-08
1.9865546e-06
9.0532351e-09
1.9537933e-06
7.9623041e-09
1.9217006e-06
6.8398518e-09
1.8903256e-06
5.6789182e-09
1.8597294e-06
4.4894128e-09
1.829936e-06
3.2911682e-09
1.8009553e-06
2.1027184e-09
1.7727921e-06
9.245964e-10
1.7454678e-06
-2.4497382e-10
1.7189941e-06
-1.4027033e-09
1.6933455e-06
-2.5348816e-09
1.6684842e-06
-3.6413197e-09
1.6443825e-06
-4.7283573e-09
1.6210336e-06
-5.7943232e-09
1.59844e-06
-6.8292363e-09
1.5766007e-06
-7.8207671e-09
1.5555091e-06
-8.7589784e-09
1.5351493e-06
-9.634824e-09
1.5154996e-06
-1.044081e-08
1.4965383e-06
-1.1171791e-08
1.4782411e-06
-1.1830395e-08
1.4605758e-06
-1.242181e-08
1.4435136e-06
-1.2947912e-08
1.4270251e-06
-1.3417886e-08
1.4110784e-06
-1.3828913e-08
1.395654e-06
-1.4178249e-08
1.3807281e-06
-1.4477863e-08
1.3662815e-06
-1.4725646e-08
1.3522975e-06
-1.4920827e-08
1.338721e-06
-1.5058426e-08
1.3255215e-06
-1.5113974e-08
1.312706e-06
-1.5057448e-08
1.3003027e-06
-1.4894189e-08
1.2883057e-06
-1.4667554e-08
1.276669e-06
-1.4371306e-08
1.2653754e-06
-1.3995933e-08
1.254398e-06
-1.3575985e-08
1.2437081e-06
-1.3111665e-08
1.2332937e-06
-1.2583099e-08
1.2231458e-06
-1.1989671e-08
1.2132581e-06
-1.1326708e-08
1.2036239e-06
-1.0596166e-08
1.1942338e-06
-9.7986961e-09
1.1850802e-06
-8.939022e-09
1.1761554e-06
-8.0189357e-09
1.1674535e-06
-7.0436927e-09
1.1589688e-06
-6.0161987e-09
1.1506966e-06
-4.9423492e-09
1.1426324e-06
-3.824753e-09
1.1347736e-06
-2.673457e-09
1.1271187e-06
-1.4919488e-09
1.1196647e-06
-2.8174441e-10
1.1124123e-06
9.4456665e-10
1.105363e-06
2.1817521e-09
1.0985181e-06
3.4241694e-09
1.0918806e-06
4.6661759e-09
1.0854508e-06
5.9082965e-09
1.0792253e-06
7.1537363e-09
1.0732005e-06
8.4011718e-09
1.0673737e-06
9.6451789e-09
1.0617434e-06
1.0879634e-08
1.0563084e-06
1.2098492e-08
1.0510684e-06
1.3296301e-08
1.0460239e-06
1.4468456e-08
1.0411757e-06
1.561101e-08
1.0365254e-06
1.6720451e-08
1.0320742e-06
1.7793868e-08
1.027823e-06
1.8828813e-08
1.0237724e-06
1.9823e-08
1.0199231e-06
2.0774708e-08
1.0162754e-06
2.1683392e-08
1.0128295e-06
2.254894e-08
1.0095859e-06
2.3371401e-08
1.0065451e-06
2.4150867e-08
1.0037084e-06
2.4887159e-08
1.0010765e-06
2.5581977e-08
9.9864916e-07
2.623797e-08
9.9642576e-07
2.6856816e-08
9.9440479e-07
2.7440811e-08
9.9258767e-07
2.7987049e-08
9.9098131e-07
2.8499636e-08
9.8958679e-07
2.8978693e-08
9.8837989e-07
2.9422441e-08
9.8734172e-07
2.9842803e-08
9.865031e-07
3.0244199e-08
9.8588775e-07
3.0627044e-08
9.8549122e-07
3.0993091e-08
9.8531361e-07
3.1343142e-08
9.8534127e-07
3.1684064e-08
9.8558394e-07
3.2007644e-08
9.8605636e-07
3.2314239e-08
9.86765e-07
3.2605753e-08
9.8771241e-07
3.2890243e-08
9.8890615e-07
3.3154724e-08
9.9035492e-07
3.3411282e-08
9.9207917e-07
3.3653799e-08
9.9407263e-07
3.387161e-08
9.9633221e-07
3.4082061e-08
9.98874e-07
3.4260306e-08
1.001733e-06
3.4411562e-08
1.0049745e-06
3.454617e-08
1.0084852e-06
3.464665e-08
1.0122174e-06
3.470979e-08
1.0163141e-06
3.4727583e-08
1.0207887e-06
3.4683985e-08
1.0256112e-06
3.455643e-08
1.0308028e-06
3.4364406e-08
1.0363483e-06
3.4100939e-08
1.0421751e-06
3.3787432e-08
1.0482043e-06
3.3428048e-08
1.054384e-06
3.301235e-08
1.0607729e-06
3.2455214e-08
1.0674917e-06
3.1748927e-08
1.0746143e-06
3.0951521e-08
1.0820797e-06
3.0115281e-08
1.0896908e-06
2.9282786e-08
1.0973504e-06
2.8484912e-08
1.1051132e-06
2.7652102e-08
1.1130497e-06
2.6786606e-08
1.1212605e-06
2.5947643e-08
1.1297518e-06
2.5123572e-08
1.1384839e-06
2.4326463e-08
1.1474678e-06
2.3576009e-08
1.1567223e-06
2.2855294e-08
1.1662739e-06
2.2151211e-08
1.1761625e-06
2.1467327e-08
1.1864183e-06
2.0801658e-08
1.1970597e-06
2.0152577e-08
1.2081059e-06
1.951828e-08
1.2195822e-06
1.8897399e-08
1.2315211e-06
1.8289423e-08
1.2439595e-06
1.7692154e-08
1.2569365e-06
1.7102228e-08
1.2704931e-06
1.6516997e-08
1.2846707e-06
1.5934047e-08
1.2995098e-06
1.5349687e-08
1.315049e-06
1.4757935e-08
1.331324e-06
1.4150664e-08
1.3483633e-06
1.351996e-08
1.3661842e-06
1.2857125e-08
1.3847875e-06
1.21538e-08
1.4041565e-06
1.1397923e-08
1.4242524e-06
1.0580749e-08
1.4450106e-06
9.6902428e-09
1.4663368e-06
8.720304e-09
1.4881103e-06
7.6575275e-09
1.5101793e-06
6.4991039e-09
1.5323613e-06
5.2384119e-09
1.5544468e-06
3.8761145e-09
1.5762015e-06
2.4019418e-09
1.5973711e-06
8.2368112e-10
1.6176878e-06
-8.6307583e-10
1.63688e-06
-2.6586111e-09
1.6546752e-06
-4.5546633e-09
1.6708249e-06
-6.5556951e-09
1.6850839e-06
-8.6292093e-09
1.6972796e-06
-1.0811644e-08
1.707182e-06
-1.2974609e-08
1.7146998e-06
-1.5246668e-08
1.7197928e-06
-1.7437502e-08
1.7221657e-06
-1.9653989e-08
1.7219674e-06
-2.2036804e-08
1.7205e-06
-2.4218556e-08
1.7171305e-06
-2.654795e-08
1.7115846e-06
-2.8672182e-08
1.7039483e-06
-3.0817196e-08
1.6946255e-06
-3.2954107e-08
1.6837302e-06
-3.5108464e-08
1.6713706e-06
-3.7101037e-08
1.6577778e-06
-3.8732687e-08
1.6431504e-06
-4.0365563e-08
1.6276683e-06
-4.1957981e-08
1.611477e-06
-4.3453261e-08
1.5947034e-06
-4.4849079e-08
1.5774513e-06
-4.6140751e-08
1.5598163e-06
-4.73201e-08
1.5419172e-06
-4.841666e-08
1.5238659e-06
-4.9428825e-08
1.5057116e-06
-5.0319635e-08
1.487488e-06
-5.1077427e-08
1.4692275e-06
-5.1697237e-08
1.4509646e-06
-5.2183899e-08
1.4327398e-06
-5.2542366e-08
1.4145466e-06
-5.2738564e-08
1.3964207e-06
-5.2806374e-08
1.3784052e-06
-5.274797e-08
1.36054e-06
-5.2557735e-08
1.3428612e-06
-5.2230975e-08
1.3254036e-06
-5.1766067e-08
1.3082002e-06
-5.1163548e-08
1.2912825e-06
-5.0424964e-08
1.2746802e-06
-4.9552022e-08
1.2584208e-06
-4.8548645e-08
1.2425306e-06
-4.7419063e-08
1.2270326e-06
-4.6165385e-08
1.2119475e-06
-4.4791101e-08
1.1972947e-06
-4.330012e-08
1.1830913e-06
-4.1696038e-08
1.1693534e-06
-3.9981464e-08
1.1560951e-06
-3.8160281e-08
1.1433296e-06
-3.6235621e-08
1.1310682e-06
-3.421188e-08
1.1193214e-06
-3.2093042e-08
1.1080977e-06
-2.9883338e-08
1.0974042e-06
-2.7586927e-08
1.0872459e-06
-2.5209374e-08
1.0776249e-06
-2.2760805e-08
1.068538e-06
-2.0247754e-08
1.0599865e-06
-1.7680638e-08
1.0519887e-06
-1.5096805e-08
1.0445466e-06
-1.2465152e-08
1.0376587e-06
-9.778597e-09
1.0313204e-06
-7.0447523e-09
1.0255194e-06
-4.3008033e-09
1.0202676e-06
-1.6083006e-09
1.0155493e-06
1.0718351e-09
1.0113467e-06
3.7395407e-09
1.0076645e-06
6.3886541e-09
1.004494e-06
9.0162047e-09
1.0018285e-06
1.1609898e-08
9.9965801e-07
1.416162e-08
9.9797299e-07
1.6660219e-08
9.9676464e-07
1.9094533e-08
9.9602202e-07
2.1457829e-08
9.9573213e-07
2.3745714e-08
9.9588026e-07
2.5952672e-08
9.9645329e-07
2.8067485e-08
9.9743751e-07
3.0084798e-08
9.9881832e-07
3.2003037e-08
1.0005701e-06
3.3817339e-08
1.002664e-06
3.5519678e-08
1.0050445e-06
3.7056316e-08
1.0080769e-06
3.8454125e-08
1.0117659e-06
3.9755942e-08
1.0163688e-06
4.1017215e-08
1.0214209e-06
4.218346e-08
1.0265948e-06
4.3304186e-08
1.0319204e-06
4.420585e-08
1.0375651e-06
4.5205649e-08
1.0436015e-06
4.5831619e-08
1.0499557e-06
4.6840075e-08
1.0566803e-06
4.7112252e-08
1.0636203e-06
4.8363987e-08
1.0709152e-06
4.8156721e-08
1.0780495e-06
4.9974061e-08
1.0857402e-06
4.8579524e-08
1.0933523e-06
5.1087267e-08
4.8819462e-08
5.6178745e-06
6.8004775e-09
5.6225078e-06
1.5163832e-08
5.6302533e-06
2.6869581e-08
5.6391469e-06
3.2044438e-08
5.6486557e-06
3.8728721e-08
5.6586141e-06
4.2623129e-08
5.6683787e-06
4.541638e-08
5.6777104e-06
4.6937614e-08
5.6865546e-06
4.7573657e-08
5.6949975e-06
4.7494762e-08
5.7029994e-06
4.7004596e-08
5.7105772e-06
4.6180372e-08
5.7177641e-06
4.5106581e-08
5.7245854e-06
4.3934198e-08
5.7310712e-06
4.2665923e-08
5.7372484e-06
4.1399193e-08
5.7431429e-06
4.0122683e-08
5.7487602e-06
3.8895785e-08
5.754139e-06
3.7714003e-08
5.7593044e-06
3.6601465e-08
5.7643268e-06
3.555497e-08
5.7691985e-06
3.4550631e-08
5.7739311e-06
3.3596327e-08
5.7785378e-06
3.2694755e-08
5.7830271e-06
3.1841337e-08
5.7874067e-06
3.1043089e-08
5.7916849e-06
3.0290309e-08
5.7958646e-06
2.9590427e-08
5.7999543e-06
2.8927206e-08
5.8039577e-06
2.8308332e-08
5.8078945e-06
2.771063e-08
5.8117827e-06
2.7158473e-08
5.8156278e-06
2.6643994e-08
5.8194473e-06
2.6174046e-08
5.8232216e-06
2.5726275e-08
5.8269403e-06
2.5308082e-08
5.8306056e-06
2.4903991e-08
5.8342169e-06
2.4521964e-08
5.8377789e-06
2.415194e-08
5.841291e-06
2.3807913e-08
5.8447582e-06
2.3469108e-08
5.8481817e-06
2.3159864e-08
5.8515664e-06
2.2848545e-08
5.8549117e-06
2.2572888e-08
5.8582499e-06
2.2265376e-08
5.861559e-06
2.2012073e-08
5.8648397e-06
2.1727064e-08
5.8681805e-06
2.1467403e-08
5.8713532e-06
2.1250125e-08
5.8744245e-06
2.1056758e-08
5.877445e-06
2.0860847e-08
5.8804207e-06
2.0668511e-08
5.8833656e-06
2.0475991e-08
5.8862809e-06
2.0287874e-08
5.8891711e-06
2.0100089e-08
5.8920341e-06
1.9921106e-08
5.8948734e-06
1.974206e-08
5.8976843e-06
1.9573008e-08
5.9004671e-06
1.9405999e-08
5.9032208e-06
1.924522e-08
5.9059171e-06
1.9100285e-08
5.9085872e-06
1.8942072e-08
5.9110869e-06
1.8845784e-08
5.9135914e-06
1.8672271e-08
5.9157804e-06
1.8576717e-08
5.9182672e-06
1.8357737e-08
5.9208743e-06
1.8126026e-08
5.9235153e-06
1.8015539e-08
5.9261424e-06
1.7881134e-08
5.9287387e-06
1.776588e-08
5.9312917e-06
1.7650368e-08
5.9338022e-06
1.7536322e-08
5.9362696e-06
1.7423553e-08
5.9386951e-06
1.7310821e-08
5.9410786e-06
1.7200832e-08
5.9434278e-06
1.7090656e-08
5.9457356e-06
1.6985916e-08
5.9480177e-06
1.6875426e-08
5.9502609e-06
1.6776344e-08
5.9525003e-06
1.6659177e-08
5.9547234e-06
1.6557014e-08
5.9570274e-06
1.6421299e-08
5.9594385e-06
1.6267431e-08
5.962194e-06
1.6113665e-08
5.9648549e-06
1.5874145e-08
5.96655e-06
1.5925519e-08
5.9681742e-06
1.5940466e-08
5.9698608e-06
1.5894178e-08
5.9715669e-06
1.5816517e-08
5.9732721e-06
1.5731872e-08
5.974977e-06
1.563998e-08
5.9766705e-06
1.5545769e-08
5.9783484e-06
1.5453466e-08
5.9800069e-06
1.5360111e-08
5.9816424e-06
1.5270373e-08
5.9832539e-06
1.517996e-08
5.9848371e-06
1.5094215e-08
5.9863913e-06
1.5006524e-08
5.9879123e-06
1.4925984e-08
5.9893977e-06
1.4842358e-08
5.9908332e-06
1.477537e-08
5.9922115e-06
1.4701994e-08
5.9934675e-06
1.4693258e-08
5.994582e-06
1.4659904e-08
5.9953409e-06
1.4852834e-08
5.9961217e-06
1.4639909e-08
5.9975533e-06
1.39592e-08
5.9990267e-06
1.3896401e-08
6.0004132e-06
1.3898081e-08
6.0017456e-06
1.385754e-08
6.0030193e-06
1.3810472e-08
6.0042309e-06
1.3760304e-08
6.0053862e-06
1.3702218e-08
6.0064881e-06
1.3641032e-08
6.0075394e-06
1.3575619e-08
6.0085438e-06
1.3508883e-08
6.0095024e-06
1.3439656e-08
6.0104179e-06
1.3370226e-08
6.0112911e-06
1.3298985e-08
6.0121242e-06
1.3228685e-08
6.0129166e-06
1.3156586e-08
6.0136742e-06
1.3085238e-08
6.0143935e-06
1.3011646e-08
6.0150899e-06
1.2937169e-08
6.0157621e-06
1.2855677e-08
6.0164363e-06
1.276794e-08
6.0171413e-06
1.2655982e-08
6.0178715e-06
1.2538972e-08
6.0186483e-06
1.2412296e-08
6.0192148e-06
1.2394114e-08
6.0196301e-06
1.239451e-08
6.019958e-06
1.2342538e-08
6.0202195e-06
1.2290856e-08
6.0204356e-06
1.2227803e-08
6.0206169e-06
1.216038e-08
6.0207677e-06
1.209008e-08
6.020892e-06
1.2018424e-08
6.0209902e-06
1.194558e-08
6.0210628e-06
1.1872636e-08
6.0211099e-06
1.1799138e-08
6.0211308e-06
1.1726326e-08
6.0211256e-06
1.1653119e-08
6.0210928e-06
1.1581053e-08
6.0210317e-06
1.1508688e-08
6.0209401e-06
1.143896e-08
6.0208189e-06
1.1368028e-08
6.020664e-06
1.1300982e-08
6.0204765e-06
1.1231428e-08
6.0202496e-06
1.1169716e-08
6.0199807e-06
1.110543e-08
6.0196605e-06
1.1051041e-08
6.0192765e-06
1.0999587e-08
6.0188346e-06
1.0944348e-08
6.018335e-06
1.0888567e-08
6.0178768e-06
1.0753629e-08
6.0174319e-06
1.0660205e-08
6.016987e-06
1.0574988e-08
6.0165346e-06
1.0498598e-08
6.0160667e-06
1.0427474e-08
6.0155795e-06
1.0358573e-08
6.0150707e-06
1.0291402e-08
6.0145357e-06
1.0227195e-08
6.0139707e-06
1.0165397e-08
6.0133737e-06
1.0104527e-08
6.0127436e-06
1.0043989e-08
6.0120801e-06
9.98324e-09
6.0113832e-06
9.9222488e-09
6.010654e-06
9.8610751e-09
6.0098929e-06
9.7996149e-09
6.0091008e-06
9.7379882e-09
6.0082786e-06
9.6764854e-09
6.0074272e-06
9.614098e-09
6.0065482e-06
9.5519845e-09
6.0056415e-06
9.4895021e-09
6.0047122e-06
9.42517e-09
6.0037562e-06
9.3631525e-09
6.0027877e-06
9.2925401e-09
6.0017953e-06
9.231143e-09
6.0008002e-06
9.1493466e-09
5.9997865e-06
9.092251e-09
5.9987244e-06
9.0372638e-09
5.9976267e-06
8.9803858e-09
5.9964975e-06
8.9252907e-09
5.9953359e-06
8.8703973e-09
5.9941429e-06
8.8143426e-09
5.9929215e-06
8.7581862e-09
5.9916727e-06
8.7012531e-09
5.9903986e-06
8.6440921e-09
5.9891003e-06
8.5867029e-09
5.9877786e-06
8.5290384e-09
5.9864337e-06
8.4715661e-09
5.9850667e-06
8.4142835e-09
5.9836776e-06
8.3571678e-09
5.9822674e-06
8.2995744e-09
5.9808359e-06
8.2423051e-09
5.9793839e-06
8.1846077e-09
5.977911e-06
8.1269973e-09
5.9764181e-06
8.069299e-09
5.974905e-06
8.011579e-09
5.9733722e-06
7.9536973e-09
5.9718199e-06
7.8954927e-09
5.9702483e-06
7.8368498e-09
5.9686579e-06
7.7777278e-09
5.9670488e-06
7.7182558e-09
5.9654213e-06
7.6580706e-09
5.9637763e-06
7.5970452e-09
5.9621099e-06
7.5380528e-09
5.9604333e-06
7.4710371e-09
5.9587433e-06
7.407027e-09
5.9570345e-06
7.3456059e-09
5.955307e-06
7.2822059e-09
5.9535622e-06
7.2184458e-09
5.9517994e-06
7.1544921e-09
5.9500188e-06
7.0900943e-09
5.9482203e-06
7.0252195e-09
5.9464036e-06
6.9603971e-09
5.9445691e-06
6.8955957e-09
5.9427164e-06
6.8300339e-09
5.940845e-06
6.7639494e-09
5.9389552e-06
6.6974439e-09
5.9370458e-06
6.6299903e-09
5.935117e-06
6.5619967e-09
5.9331685e-06
6.4932664e-09
5.9311986e-06
6.4235453e-09
5.9292081e-06
6.3534205e-09
5.9271962e-06
6.2834089e-09
5.9251627e-06
6.2141048e-09
5.9231073e-06
6.1454419e-09
5.9210308e-06
6.0784542e-09
5.9189331e-06
6.0129732e-09
5.9168163e-06
5.9497718e-09
5.9146793e-06
5.8884986e-09
5.9125242e-06
5.8300667e-09
5.9103525e-06
5.7746559e-09
5.9081652e-06
5.7215606e-09
5.9059642e-06
5.6717302e-09
5.903752e-06
5.6242331e-09
5.9015284e-06
5.5812808e-09
5.8992961e-06
5.5402696e-09
5.8970566e-06
5.5014806e-09
5.8948107e-06
5.4644036e-09
5.8925611e-06
5.4292153e-09
5.8903091e-06
5.3955098e-09
5.8880554e-06
5.3625362e-09
5.8858016e-06
5.3301825e-09
5.8835491e-06
5.2981557e-09
5.8812979e-06
5.2665241e-09
5.8790488e-06
5.2353162e-09
5.8768018e-06
5.2045253e-09
5.8745578e-06
5.174746e-09
5.8723176e-06
5.1456084e-09
5.8700817e-06
5.1175522e-09
5.8678513e-06
5.0902007e-09
5.8656261e-06
5.0634745e-09
5.8634077e-06
5.037569e-09
5.8611963e-06
5.0113056e-09
5.8589913e-06
4.984325e-09
5.8567934e-06
4.9560014e-09
5.8546012e-06
4.9249596e-09
5.8524138e-06
4.890456e-09
5.8502303e-06
4.8518092e-09
5.8480475e-06
4.8075384e-09
5.8458637e-06
4.7572706e-09
5.8436751e-06
4.699892e-09
5.8414784e-06
4.6355124e-09
5.8392695e-06
4.5626249e-09
5.8370441e-06
4.481453e-09
5.8347976e-06
4.3916355e-09
5.8325252e-06
4.2932178e-09
5.8302213e-06
4.1859112e-09
5.8278814e-06
4.0705079e-09
5.8255007e-06
3.9476511e-09
5.8230746e-06
3.8176875e-09
5.8205985e-06
3.6810519e-09
5.8180696e-06
3.5391921e-09
5.8154831e-06
3.3920151e-09
5.8128376e-06
3.2418312e-09
5.8101299e-06
3.0884637e-09
5.8073586e-06
2.9341676e-09
5.8045237e-06
2.7797289e-09
5.8016241e-06
2.6255922e-09
5.7986605e-06
2.4743159e-09
5.7956342e-06
2.3267597e-09
5.7925472e-06
2.1840059e-09
5.789402e-06
2.0484583e-09
5.7862029e-06
1.9213431e-09
5.7829548e-06
1.8035635e-09
5.7796641e-06
1.6968915e-09
5.7763379e-06
1.6020349e-09
5.7729831e-06
1.520311e-09
5.7696077e-06
1.4523609e-09
5.7662196e-06
1.3983659e-09
5.7628272e-06
1.3587393e-09
5.7594381e-06
1.3334103e-09
5.7560617e-06
1.3223995e-09
5.7527045e-06
1.3247412e-09
5.7493747e-06
1.3405432e-09
5.7460795e-06
1.3684343e-09
5.7428247e-06
1.4073462e-09
5.7396161e-06
1.4564865e-09
5.7364587e-06
1.5137145e-09
5.7333555e-06
1.5776394e-09
5.7303087e-06
1.6460548e-09
5.7273189e-06
1.7166166e-09
5.724385e-06
1.7871402e-09
5.721504e-06
1.8545419e-09
5.7186714e-06
1.9163036e-09
5.7158806e-06
1.9696582e-09
5.7131241e-06
2.0125612e-09
5.7103917e-06
2.0414457e-09
5.7076732e-06
2.0549118e-09
5.7049561e-06
2.0503124e-09
5.702228e-06
2.0268018e-09
5.6994752e-06
1.9826372e-09
5.6966841e-06
1.9167379e-09
5.6938406e-06
1.829584e-09
5.6909302e-06
1.72041e-09
5.6879393e-06
1.5902386e-09
5.6848555e-06
1.4397323e-09
5.681666e-06
1.2696515e-09
5.6783605e-06
1.0822738e-09
5.6749302e-06
8.7973806e-10
5.6713681e-06
6.6510042e-10
5.6676704e-06
4.4221071e-10
5.6638343e-06
2.1393332e-10
5.6598616e-06
-1.5794033e-11
5.6557553e-06
-2.4335423e-10
5.65152e-06
-4.6510751e-10
5.6471636e-06
-6.7711925e-10
5.6426949e-06
-8.7608854e-10
5.6381244e-06
-1.058527e-09
5.6334642e-06
-1.22205e-09
5.6287272e-06
-1.3637576e-09
5.623927e-06
-1.4824515e-09
5.6190776e-06
-1.5769723e-09
5.6141942e-06
-1.6464528e-09
5.6092904e-06
-1.6913742e-09
5.6043803e-06
-1.7113595e-09
5.5994768e-06
-1.7077921e-09
5.5945915e-06
-1.6814954e-09
5.589736e-06
-1.6349664e-09
5.5849192e-06
-1.5707311e-09
5.5801498e-06
-1.4908301e-09
5.575435e-06
-1.3987518e-09
5.5707788e-06
-1.2976678e-09
5.5661845e-06
-1.1900365e-09
5.5616534e-06
-1.0787451e-09
5.5571852e-06
-9.669523e-10
5.5527781e-06
-8.574994e-10
5.5484287e-06
-7.5289242e-10
5.5441323e-06
-6.5565864e-10
5.5398822e-06
-5.683316e-10
5.535671e-06
-4.9214499e-10
5.5314899e-06
-4.292624e-10
5.527329e-06
-3.8168668e-10
5.5231774e-06
-3.5008352e-10
5.5190233e-06
-3.3557734e-10
5.5148544e-06
-3.3882364e-10
5.5106582e-06
-3.5982284e-10
5.5064208e-06
-3.9912829e-10
5.502129e-06
-4.5574433e-10
5.4977697e-06
-5.2820237e-10
5.4933297e-06
-6.1563243e-10
5.488796e-06
-7.1543571e-10
5.4841579e-06
-8.256702e-10
5.4794057e-06
-9.4405461e-10
5.4745312e-06
-1.0681638e-09
5.4695283e-06
-1.1957466e-09
5.4643919e-06
-1.3248069e-09
5.4591175e-06
-1.4518196e-09
5.4537013e-06
-1.5759523e-09
5.4481423e-06
-1.6942225e-09
5.4424382e-06
-1.806733e-09
5.4365882e-06
-1.9112441e-09
5.4305916e-06
-2.0066491e-09
5.4244483e-06
-2.0916366e-09
5.4181567e-06
-2.1656694e-09
5.4117162e-06
-2.2275217e-09
5.4051251e-06
-2.2773405e-09
5.3983809e-06
-2.3140805e-09
5.3914799e-06
-2.3367015e-09
5.384417e-06
-2.3455176e-09
5.3771853e-06
-2.3396378e-09
5.3697756e-06
-2.3192839e-09
5.3621772e-06
-2.2837003e-09
5.3543756e-06
-2.2334099e-09
5.346353e-06
-2.1672939e-09
5.3380879e-06
-2.0851934e-09
5.3295541e-06
-1.9862854e-09
5.3207214e-06
-1.8682544e-09
5.3115533e-06
-1.7292909e-09
5.3020089e-06
-1.5673072e-09
5.2920429e-06
-1.3798136e-09
5.2816018e-06
-1.1645196e-09
5.2706257e-06
-9.198371e-10
5.2590489e-06
-6.4605343e-10
5.246797e-06
-3.4216896e-10
5.2337804e-06
-4.0989434e-12
5.219897e-06
3.7478687e-10
5.2050412e-06
7.9189633e-10
5.1891011e-06
1.2468639e-09
5.1719536e-06
1.7419235e-09
5.1534476e-06
2.2947089e-09
5.1334138e-06
2.9161802e-09
5.1116703e-06
3.6291254e-09
5.0880794e-06
4.3866244e-09
5.0625327e-06
5.1692139e-09
5.0349283e-06
5.9914038e-09
5.0051441e-06
6.8383086e-09
4.973064e-06
7.6862965e-09
4.9385452e-06
8.5860861e-09
4.9014331e-06
9.5873034e-09
4.8617022e-06
1.0541356e-08
4.819304e-06
1.1511848e-08
4.7741984e-06
1.2508445e-08
4.7262566e-06
1.3576328e-08
4.6755619e-06
1.4563771e-08
4.6222604e-06
1.5528386e-08
4.5664792e-06
1.6429753e-08
4.5082424e-06
1.7391605e-08
4.4478953e-06
1.8273543e-08
4.385709e-06
1.9505798e-08
4.3228759e-06
1.9048534e-08
4.2583196e-06
2.0101934e-08
4.1924834e-06
2.0908778e-08
4.1255504e-06
2.1638844e-08
4.0579989e-06
2.2277701e-08
3.9902717e-06
2.2878289e-08
3.920241e-06
2.3810233e-08
3.8500181e-06
2.4486808e-08
3.7804984e-06
2.4784021e-08
3.7117667e-06
2.5091381e-08
3.6439867e-06
2.5424509e-08
3.5773952e-06
2.5774024e-08
3.5120995e-06
2.6123556e-08
3.4480179e-06
2.6383542e-08
3.3858232e-06
2.6444146e-08
3.3252741e-06
2.6284689e-08
3.2659597e-06
2.6339597e-08
3.2076722e-06
2.6406493e-08
3.1504953e-06
2.6437945e-08
3.0945049e-06
2.6441354e-08
3.0396982e-06
2.6403022e-08
2.9860218e-06
2.6358848e-08
2.9334455e-06
2.6271784e-08
2.8819222e-06
2.6226208e-08
2.8311249e-06
2.604568e-08
2.7811097e-06
2.5739752e-08
2.732078e-06
2.5352469e-08
2.6840556e-06
2.4948925e-08
2.6369886e-06
2.4537441e-08
2.5908233e-06
2.4105567e-08
2.5455074e-06
2.3657342e-08
2.5010012e-06
2.3190124e-08
2.4572807e-06
2.269774e-08
2.4144207e-06
2.214331e-08
2.372326e-06
2.1469837e-08
2.3309732e-06
2.0788793e-08
2.290325e-06
2.0096639e-08
2.2503629e-06
1.9389428e-08
2.2110903e-06
1.8669946e-08
2.172507e-06
1.7933663e-08
2.1346109e-06
1.718551e-08
2.0973946e-06
1.6418489e-08
2.0608738e-06
1.5627735e-08
2.0250152e-06
1.4774839e-08
1.9898197e-06
1.385468e-08
1.9553661e-06
1.287517e-08
1.9217037e-06
1.187101e-08
1.8888507e-06
1.0864427e-08
1.8568148e-06
9.8628936e-09
1.8256055e-06
8.8586525e-09
1.795253e-06
7.8411024e-09
1.765761e-06
6.8092705e-09
1.7370977e-06
5.7801843e-09
1.7092292e-06
4.7506026e-09
1.6821416e-06
3.7120365e-09
1.6558387e-06
2.6652516e-09
1.6303297e-06
1.6185719e-09
1.6056116e-06
5.7876992e-10
1.5816697e-06
-4.4877924e-10
1.5584836e-06
-1.459354e-09
1.5360383e-06
-2.446773e-09
1.5143168e-06
-3.4101699e-09
1.4933005e-06
-4.3536921e-09
1.4729745e-06
-5.2778208e-09
1.453328e-06
-6.1766294e-09
1.4343513e-06
-7.0399548e-09
1.4160322e-06
-7.8584477e-09
1.3983566e-06
-8.6242107e-09
1.3813065e-06
-9.3302504e-09
1.36486e-06
-9.9711945e-09
1.3489897e-06
-1.0547371e-08
1.3336641e-06
-1.1061528e-08
1.3188537e-06
-1.1517028e-08
1.3045282e-06
-1.1921097e-08
1.2906634e-06
-1.2274201e-08
1.277242e-06
-1.2577764e-08
1.2642414e-06
-1.2835739e-08
1.2516376e-06
-1.3042407e-08
1.2394099e-06
-1.3198892e-08
1.2275392e-06
-1.329962e-08
1.2160149e-06
-1.3329604e-08
1.2048418e-06
-1.3275904e-08
1.1940247e-06
-1.3145506e-08
1.1835402e-06
-1.2952364e-08
1.1733695e-06
-1.269256e-08
1.1635101e-06
-1.2372503e-08
1.1539387e-06
-1.2004643e-08
1.1446326e-06
-1.1587795e-08
1.1355827e-06
-1.1115018e-08
1.1267817e-06
-1.0586447e-08
1.118223e-06
-9.9974571e-09
1.1099019e-06
-9.3511519e-09
1.1018125e-06
-8.6458463e-09
1.093951e-06
-7.8874862e-09
1.0863119e-06
-7.0750259e-09
1.078892e-06
-6.2147953e-09
1.0716877e-06
-5.3084901e-09
1.064695e-06
-4.3598103e-09
1.0579135e-06
-3.3745082e-09
1.0513401e-06
-2.3580524e-09
1.044974e-06
-1.315259e-09
1.0388162e-06
-2.4856517e-10
1.0328671e-06
8.3129503e-10
1.0271286e-06
1.9183957e-09
1.0216042e-06
3.0065794e-09
1.0162987e-06
4.0896184e-09
1.0112119e-06
5.1729168e-09
1.0063389e-06
6.2650889e-09
1.0016756e-06
7.364346e-09
9.9721942e-07
8.4647627e-09
9.9296872e-07
9.5599648e-09
9.8892297e-07
1.0643659e-08
9.8508214e-07
1.1710481e-08
9.8144604e-07
1.2756531e-08
9.7801443e-07
1.3778382e-08
9.7478752e-07
1.4772402e-08
9.7176562e-07
1.5735734e-08
9.6894896e-07
1.6666126e-08
9.6633807e-07
1.7561087e-08
9.6393362e-07
1.8418756e-08
9.6173531e-07
1.923938e-08
9.5974211e-07
2.0023556e-08
9.57953e-07
2.0770869e-08
9.5636761e-07
2.1480828e-08
9.5498639e-07
2.2152225e-08
9.5381013e-07
2.2786423e-08
9.5283853e-07
2.3387242e-08
9.5207169e-07
2.3956347e-08
9.5151481e-07
2.4494522e-08
9.5116549e-07
2.5002771e-08
9.5099816e-07
2.5478923e-08
9.5099979e-07
2.5929098e-08
9.5119353e-07
2.635629e-08
9.51601e-07
2.6757782e-08
9.5221961e-07
2.7138112e-08
9.5304907e-07
2.7501183e-08
9.5409113e-07
2.7847145e-08
9.5534316e-07
2.8182897e-08
9.5681728e-07
2.8503478e-08
9.5851915e-07
2.8808472e-08
9.6045264e-07
2.9100093e-08
9.6262089e-07
2.9377893e-08
9.6502231e-07
2.9647573e-08
9.6765798e-07
2.9903507e-08
9.7055556e-07
3.0142632e-08
9.737404e-07
3.0366689e-08
9.7725128e-07
3.0578498e-08
9.8098308e-07
3.0764674e-08
9.8492893e-07
3.0937352e-08
9.8920571e-07
3.1085246e-08
9.9381856e-07
3.120524e-08
9.9874356e-07
3.1286872e-08
1.0039763e-06
3.1333677e-08
1.0095486e-06
3.1325166e-08
1.0154515e-06
3.127642e-08
1.0216298e-06
3.1201953e-08
1.0280396e-06
3.1108718e-08
1.0346786e-06
3.0950398e-08
1.041626e-06
3.0665128e-08
1.0489602e-06
3.0255225e-08
1.0567158e-06
2.9753132e-08
1.0647936e-06
2.9207116e-08
1.0730688e-06
2.8634406e-08
1.0814786e-06
2.8031203e-08
1.0900519e-06
2.7357736e-08
1.0988428e-06
2.6632881e-08
1.1079183e-06
2.587824e-08
1.1172548e-06
2.5117539e-08
1.1268173e-06
2.4365881e-08
1.136613e-06
2.3644406e-08
1.1466537e-06
2.2939341e-08
1.1569682e-06
2.2247586e-08
1.1676012e-06
2.1575683e-08
1.1785812e-06
2.0924695e-08
1.1899231e-06
2.0296636e-08
1.2016461e-06
1.9692461e-08
1.2137729e-06
1.9108235e-08
1.2263295e-06
1.8540447e-08
1.2393442e-06
1.7986589e-08
1.2528467e-06
1.7445705e-08
1.2668674e-06
1.6917676e-08
1.281437e-06
1.6401347e-08
1.296586e-06
1.5894297e-08
1.3123444e-06
1.5393363e-08
1.328742e-06
1.4894648e-08
1.3458058e-06
1.4393141e-08
1.3635564e-06
1.3883168e-08
1.3820039e-06
1.3357789e-08
1.4011452e-06
1.2810079e-08
1.420962e-06
1.2230978e-08
1.4414166e-06
1.1612457e-08
1.4624489e-06
1.0942149e-08
1.483974e-06
1.0210954e-08
1.5058778e-06
9.4081103e-09
1.5280179e-06
8.5272567e-09
1.5502239e-06
7.5542421e-09
1.5722946e-06
6.4892953e-09
1.5940122e-06
5.3183071e-09
1.6151347e-06
4.0467811e-09
1.6354077e-06
2.6637776e-09
1.654572e-06
1.176244e-09
1.6723714e-06
-4.1905102e-10
1.6885653e-06
-2.1251356e-09
1.702927e-06
-3.9255204e-09
1.7152804e-06
-5.8444929e-09
1.7254679e-06
-7.829863e-09
1.7333061e-06
-9.8488089e-09
1.7388665e-06
-1.1971441e-08
1.7418148e-06
-1.3944591e-08
1.7421581e-06
-1.6193961e-08
1.7410325e-06
-1.831903e-08
1.7384021e-06
-2.0523548e-08
1.7336489e-06
-2.2577642e-08
1.7268145e-06
-2.4652225e-08
1.7182579e-06
-2.6657557e-08
1.7081532e-06
-2.8629219e-08
1.6966879e-06
-3.0572467e-08
1.683981e-06
-3.2468418e-08
1.6702623e-06
-3.4267309e-08
1.6559002e-06
-3.5920648e-08
1.6409279e-06
-3.7475814e-08
1.6253884e-06
-3.8921841e-08
1.6093821e-06
-4.0278072e-08
1.5929961e-06
-4.1545047e-08
1.5762931e-06
-4.2707199e-08
1.5593254e-06
-4.375727e-08
1.5421296e-06
-4.4719212e-08
1.5247442e-06
-4.5602019e-08
1.5072029e-06
-4.6369466e-08
1.4895468e-06
-4.7021024e-08
1.4718234e-06
-4.7561288e-08
1.4540739e-06
-4.7991457e-08
1.4363324e-06
-4.8312007e-08
1.4186586e-06
-4.8515487e-08
1.4010767e-06
-4.8600704e-08
1.3836049e-06
-4.8565158e-08
1.3662654e-06
-4.8407004e-08
1.3490845e-06
-4.8124895e-08
1.3320898e-06
-4.7718138e-08
1.3153091e-06
-4.7187052e-08
1.2987704e-06
-4.6532687e-08
1.2825017e-06
-4.575694e-08
1.2665296e-06
-4.4862627e-08
1.2508786e-06
-4.3852077e-08
1.2355725e-06
-4.2727732e-08
1.2206344e-06
-4.1492942e-08
1.2060856e-06
-4.0150759e-08
1.1919464e-06
-3.8704432e-08
1.1782364e-06
-3.7156967e-08
1.1649739e-06
-3.5511664e-08
1.1521767e-06
-3.3772003e-08
1.1398609e-06
-3.1941695e-08
1.1280431e-06
-3.0025769e-08
1.1167386e-06
-2.8028293e-08
1.1059651e-06
-2.5956564e-08
1.0957349e-06
-2.3811804e-08
1.0860535e-06
-2.1597845e-08
1.0769279e-06
-1.9323249e-08
1.0683771e-06
-1.701149e-08
1.0603982e-06
-1.4680682e-08
1.0529981e-06
-1.2308652e-08
1.0461843e-06
-9.8872612e-09
1.0399956e-06
-7.4552173e-09
1.0344291e-06
-5.0087641e-09
1.0294305e-06
-2.5606925e-09
1.0250232e-06
-1.4964208e-10
1.021212e-06
2.2420141e-09
1.0179903e-06
4.6207065e-09
1.0153502e-06
6.9863142e-09
1.0132854e-06
9.3260164e-09
1.0117906e-06
1.1631326e-08
1.0108605e-06
1.3891434e-08
1.0104899e-06
1.6094813e-08
1.0106688e-06
1.8239875e-08
1.0113939e-06
2.0315549e-08
1.0126634e-06
2.2316125e-08
1.0144838e-06
2.422209e-08
1.0168569e-06
2.6032041e-08
1.0197784e-06
2.7744729e-08
1.0232228e-06
2.9376479e-08
1.0272037e-06
3.0901924e-08
1.0316595e-06
3.2360439e-08
1.0364731e-06
3.3769173e-08
1.041513e-06
3.5073893e-08
1.046962e-06
3.6341714e-08
1.0529429e-06
3.7399631e-08
1.0594017e-06
3.8415279e-08
1.0663222e-06
3.9208218e-08
1.0736684e-06
4.0149621e-08
1.0814615e-06
4.0702331e-08
1.089609e-06
4.1727844e-08
1.0981964e-06
4.1929859e-08
1.1070719e-06
4.326745e-08
1.1165144e-06
4.2873616e-08
1.1262685e-06
4.4768123e-08
1.1367782e-06
4.3016319e-08
1.147409e-06
4.5780685e-08
4.3134377e-08
5.6172065e-06
4.9850271e-09
5.6207446e-06
1.1625631e-08
5.6266706e-06
2.0943691e-08
5.633614e-06
2.5101028e-08
5.6414411e-06
3.0901462e-08
5.6498667e-06
3.4197523e-08
5.6583965e-06
3.6886447e-08
5.6667514e-06
3.858257e-08
5.6749176e-06
3.9407287e-08
5.682753e-06
3.9658958e-08
5.6902847e-06
3.9472932e-08
5.6974824e-06
3.8982279e-08
5.7043373e-06
3.8251761e-08
5.7108908e-06
3.7380692e-08
5.717146e-06
3.6410474e-08
5.7231516e-06
3.5392913e-08
5.7289069e-06
3.4366772e-08
5.7344685e-06
3.3333993e-08
5.7398408e-06
3.2341272e-08
5.7450741e-06
3.1368217e-08
5.7501685e-06
3.0459719e-08
5.7551237e-06
2.959538e-08
5.7599438e-06
2.8775911e-08
5.7646336e-06
2.8004093e-08
5.7692011e-06
2.7273527e-08
5.773655e-06
2.6588543e-08
5.7780025e-06
2.5942112e-08
5.7822536e-06
2.5338854e-08
5.7864116e-06
2.4768491e-08
5.790481e-06
2.4238407e-08
5.7944572e-06
2.3733738e-08
5.7983469e-06
2.3268006e-08
5.8021627e-06
2.2827691e-08
5.8059125e-06
2.2423123e-08
5.8096017e-06
2.2036298e-08
5.8132359e-06
2.1673344e-08
5.816815e-06
2.1324085e-08
5.8203391e-06
2.0996843e-08
5.8238129e-06
2.0677728e-08
5.8272365e-06
2.0383911e-08
5.8306157e-06
2.0088804e-08
5.833947e-06
1.9827573e-08
5.8372423e-06
1.955267e-08
5.8404921e-06
1.9321488e-08
5.8436921e-06
1.9064808e-08
5.846834e-06
1.8868751e-08
5.8499366e-06
1.8623314e-08
5.8529883e-06
1.8414405e-08
5.8560329e-06
1.8204465e-08
5.8590776e-06
1.8011126e-08
5.862116e-06
1.7821107e-08
5.8651404e-06
1.7642483e-08
5.8681438e-06
1.7471172e-08
5.8711234e-06
1.7307072e-08
5.8740745e-06
1.7147679e-08
5.8770001e-06
1.6994017e-08
5.8798961e-06
1.6844745e-08
5.8827686e-06
1.6699003e-08
5.885615e-06
1.6557591e-08
5.8884408e-06
1.6417808e-08
5.8912594e-06
1.6280358e-08
5.8940572e-06
1.6143004e-08
5.8969044e-06
1.5996767e-08
5.8997046e-06
1.5869742e-08
5.902584e-06
1.5695538e-08
5.9053276e-06
1.5612714e-08
5.9079527e-06
1.5498645e-08
5.9105427e-06
1.5423692e-08
5.9130938e-06
1.5327762e-08
5.9156218e-06
1.5235952e-08
5.918131e-06
1.5138883e-08
5.9206237e-06
1.5041309e-08
5.9231014e-06
1.4943605e-08
5.9255639e-06
1.4846371e-08
5.928011e-06
1.4751089e-08
5.9304429e-06
1.4656383e-08
5.9328592e-06
1.456737e-08
5.9352569e-06
1.447507e-08
5.937635e-06
1.4395592e-08
5.9399862e-06
1.4305483e-08
5.9422964e-06
1.4244024e-08
5.9445575e-06
1.4157122e-08
5.9466983e-06
1.4123748e-08
5.9487849e-06
1.4024043e-08
5.9507175e-06
1.3938701e-08
5.9528785e-06
1.3761956e-08
5.9551668e-06
1.3648724e-08
5.9574771e-06
1.3580983e-08
5.9597809e-06
1.3509452e-08
5.9620642e-06
1.3445718e-08
5.9643181e-06
1.3382549e-08
5.9665415e-06
1.3319011e-08
5.9687355e-06
1.3256245e-08
5.9708993e-06
1.3192771e-08
5.9730363e-06
1.313024e-08
5.9751451e-06
1.3067685e-08
5.9772308e-06
1.30048e-08
5.9792896e-06
1.2943984e-08
5.9813311e-06
1.2880265e-08
5.983348e-06
1.2821738e-08
5.9853657e-06
1.2753792e-08
5.9873738e-06
1.2690006e-08
5.9894549e-06
1.2608047e-08
5.9916088e-06
1.2502232e-08
5.9940589e-06
1.2398513e-08
5.996486e-06
1.2208084e-08
5.9981893e-06
1.2251699e-08
5.9998024e-06
1.2279247e-08
6.0014301e-06
1.2265581e-08
6.0030537e-06
1.2229525e-08
6.0046732e-06
1.2186366e-08
6.0062949e-06
1.2134259e-08
6.0079136e-06
1.2078622e-08
6.0095278e-06
1.2021831e-08
6.0111347e-06
1.1964022e-08
6.0127312e-06
1.1906912e-08
6.0143159e-06
1.1849672e-08
6.0158866e-06
1.1794314e-08
6.0174416e-06
1.1738677e-08
6.01898e-06
1.1685063e-08
6.0204992e-06
1.1631443e-08
6.0219977e-06
1.1581287e-08
6.0234716e-06
1.1531717e-08
6.0249131e-06
1.1489868e-08
6.0263117e-06
1.1450753e-08
6.0276274e-06
1.1446044e-08
6.0288352e-06
1.144191e-08
6.029815e-06
1.1552555e-08
6.0307949e-06
1.1425732e-08
6.0321824e-06
1.0999517e-08
6.033629e-06
1.0940919e-08
6.0350529e-06
1.091188e-08
6.0364551e-06
1.0881871e-08
6.0378266e-06
1.0848785e-08
6.0391638e-06
1.0815445e-08
6.0404667e-06
1.0779696e-08
6.0417347e-06
1.0743007e-08
6.0429679e-06
1.0704284e-08
6.044168e-06
1.0664546e-08
6.0453358e-06
1.0623175e-08
6.0464727e-06
1.0580933e-08
6.0475795e-06
1.0537117e-08
6.0486582e-06
1.0493392e-08
6.0497092e-06
1.044874e-08
6.0507341e-06
1.0404625e-08
6.051733e-06
1.0359386e-08
6.0527098e-06
1.0314501e-08
6.0536627e-06
1.0268322e-08
6.0546011e-06
1.0220684e-08
6.055526e-06
1.0169646e-08
6.0564539e-06
1.0112633e-08
6.0573988e-06
1.0043807e-08
6.0583643e-06
9.9674939e-09
6.0593513e-06
9.8898747e-09
6.0602089e-06
9.8844559e-09
6.0609797e-06
9.8769739e-09
6.0616961e-06
9.8457016e-09
6.0623665e-06
9.8149515e-09
6.0630013e-06
9.7794968e-09
6.0636041e-06
9.742434e-09
6.0641768e-06
9.7051003e-09
6.0647244e-06
9.6650168e-09
6.0652529e-06
9.6220734e-09
6.0657647e-06
9.5775827e-09
6.0662607e-06
9.5321031e-09
6.0667412e-06
9.4866275e-09
6.067206e-06
9.4413917e-09
6.0676539e-06
9.396421e-09
6.0680851e-06
9.3516319e-09
6.0684981e-06
9.3073576e-09
6.0688928e-06
9.263426e-09
6.0692679e-06
9.2209591e-09
6.069623e-06
9.1778785e-09
6.0699556e-06
9.1371093e-09
6.0702642e-06
9.0964756e-09
6.0705484e-06
9.0582604e-09
6.0707948e-06
9.0240873e-09
6.0710182e-06
8.9859276e-09
6.0711783e-06
8.9665351e-09
6.0713375e-06
8.9097365e-09
6.0715051e-06
8.8455696e-09
6.071667e-06
8.7936818e-09
6.0718209e-06
8.7460217e-09
6.0719644e-06
8.700344e-09
6.0720943e-06
8.6576684e-09
6.0722085e-06
8.6161749e-09
6.0723055e-06
8.5757796e-09
6.0723842e-06
8.5360656e-09
6.0724434e-06
8.4966243e-09
6.0724835e-06
8.4575142e-09
6.0725044e-06
8.4182967e-09
6.0725068e-06
8.3786755e-09
6.0724897e-06
8.3392715e-09
6.0724533e-06
8.3005998e-09
6.0723965e-06
8.2617371e-09
6.0723201e-06
8.2233282e-09
6.0722233e-06
8.1846401e-09
6.0721061e-06
8.1459048e-09
6.0719693e-06
8.1067788e-09
6.0718119e-06
8.0677109e-09
6.071635e-06
8.0279312e-09
6.0714371e-06
7.9884193e-09
6.071219e-06
7.9478033e-09
6.0709805e-06
7.9073472e-09
6.0707206e-06
7.8671927e-09
6.0704414e-06
7.8234397e-09
6.0701386e-06
7.7862357e-09
6.069808e-06
7.7453244e-09
6.0694544e-06
7.7022957e-09
6.0690804e-06
7.6591995e-09
6.0686853e-06
7.6156392e-09
6.0682681e-06
7.5712978e-09
6.0678294e-06
7.5262663e-09
6.0673693e-06
7.4807254e-09
6.0668882e-06
7.4346671e-09
6.0663862e-06
7.3879338e-09
6.0658636e-06
7.3407453e-09
6.0653209e-06
7.2924697e-09
6.064758e-06
7.2438224e-09
6.0641749e-06
7.1946347e-09
6.063571e-06
7.1440556e-09
6.0629471e-06
7.0931061e-09
6.0623024e-06
7.0413195e-09
6.0616364e-06
6.988794e-09
6.0609495e-06
6.9362085e-09
6.0602415e-06
6.8835964e-09
6.0595127e-06
6.8312951e-09
6.0587629e-06
6.7793549e-09
6.0579928e-06
6.7288135e-09
6.0572032e-06
6.6792984e-09
6.0563941e-06
6.6316175e-09
6.0555671e-06
6.5855121e-09
6.0547228e-06
6.5420771e-09
6.053862e-06
6.5004992e-09
6.0529852e-06
6.4613652e-09
6.0520939e-06
6.4250179e-09
6.0511882e-06
6.3914691e-09
6.0502718e-06
6.3596035e-09
6.0493454e-06
6.32904e-09
6.0484101e-06
6.3003709e-09
6.0474656e-06
6.273849e-09
6.046513e-06
6.2496741e-09
6.045552e-06
6.2265584e-09
6.0445838e-06
6.204643e-09
6.043608e-06
6.1827494e-09
6.0426253e-06
6.1616188e-09
6.0416359e-06
6.1406804e-09
6.0406397e-06
6.1201693e-09
6.0396371e-06
6.1000072e-09
6.0386282e-06
6.0800192e-09
6.0376126e-06
6.0607794e-09
6.0365916e-06
6.0417213e-09
6.0355648e-06
6.023162e-09
6.0345333e-06
6.0047265e-09
6.0334966e-06
5.9862146e-09
6.0324548e-06
5.9671574e-09
6.0314079e-06
5.9469474e-09
6.0303554e-06
5.925116e-09
6.0292971e-06
5.9009313e-09
6.028232e-06
5.8733391e-09
6.0271583e-06
5.8415344e-09
6.026075e-06
5.8051381e-09
6.0249801e-06
5.7632068e-09
6.0238717e-06
5.7150471e-09
6.0227471e-06
5.6598424e-09
6.0216041e-06
5.5979048e-09
6.0204397e-06
5.5283418e-09
6.0192506e-06
5.4510241e-09
6.0180332e-06
5.3662252e-09
6.0167848e-06
5.2742122e-09
6.0155025e-06
5.1747269e-09
6.014183e-06
5.0683999e-09
6.0128239e-06
4.9560458e-09
6.0114222e-06
4.8374478e-09
6.009976e-06
4.7144799e-09
6.0084832e-06
4.5871231e-09
6.0069421e-06
4.4567301e-09
6.0053512e-06
4.3237298e-09
6.0037102e-06
4.1900652e-09
6.002018e-06
4.0562713e-09
6.0002749e-06
3.9239834e-09
5.998481e-06
3.7936752e-09
5.9966379e-06
3.6669272e-09
5.9947478e-06
3.5447894e-09
5.9928128e-06
3.4289673e-09
5.9908355e-06
3.3201748e-09
5.9888206e-06
3.2202947e-09
5.986771e-06
3.129736e-09
5.9846915e-06
3.0499896e-09
5.9825868e-06
2.9815048e-09
5.9804625e-06
2.9252063e-09
5.9783231e-06
2.8811002e-09
5.9761753e-06
2.8496476e-09
5.9740233e-06
2.830375e-09
5.9718725e-06
2.8237066e-09
5.9697284e-06
2.8285485e-09
5.9675954e-06
2.8448106e-09
5.9654774e-06
2.8713392e-09
5.9633787e-06
2.9071239e-09
5.9613021e-06
2.9511744e-09
5.9592504e-06
3.0018974e-09
5.9572247e-06
3.0576559e-09
5.9552267e-06
3.116599e-09
5.9532549e-06
3.1764649e-09
5.9513085e-06
3.2357761e-09
5.9493853e-06
3.2914413e-09
5.9474816e-06
3.3418619e-09
5.9455927e-06
3.3838528e-09
5.9437129e-06
3.4158933e-09
5.9418364e-06
3.435479e-09
5.9399546e-06
3.4407615e-09
5.9380603e-06
3.4307504e-09
5.9361443e-06
3.4038004e-09
5.9341974e-06
3.3590757e-09
5.9322105e-06
3.2957939e-09
5.9301745e-06
3.2134202e-09
5.9280808e-06
3.1118939e-09
5.9259222e-06
2.9920653e-09
5.9236901e-06
2.8540978e-09
5.9213776e-06
2.7003675e-09
5.9189787e-06
2.532083e-09
5.9164876e-06
2.3507165e-09
5.913901e-06
2.1598514e-09
5.9112167e-06
1.9615092e-09
5.9084338e-06
1.7594419e-09
5.9055532e-06
1.5564221e-09
5.9025774e-06
1.3551293e-09
5.8995096e-06
1.1594321e-09
5.896355e-06
9.7281472e-10
5.893119e-06
7.9815798e-10
5.8898083e-06
6.3757355e-10
5.8864312e-06
4.9382098e-10
5.8829964e-06
3.6898662e-10
5.8795123e-06
2.6408919e-10
5.8759883e-06
1.8059154e-10
5.8724331e-06
1.1880985e-10
5.868856e-06
7.8910656e-11
5.8652661e-06
6.0151883e-11
5.8616722e-06
6.1864736e-11
5.8580833e-06
8.3038909e-11
5.8545065e-06
1.2162094e-10
5.8509486e-06
1.7562929e-10
5.8474146e-06
2.4290658e-10
5.8439091e-06
3.2109915e-10
5.8404347e-06
4.0725689e-10
5.8369931e-06
4.9917137e-10
5.8335853e-06
5.9391114e-10
5.8302107e-06
6.891292e-10
5.8268678e-06
7.8214946e-10
5.8235536e-06
8.7069107e-10
5.820264e-06
9.524399e-10
5.8169945e-06
1.0255272e-09
5.8137392e-06
1.0881296e-09
5.8104915e-06
1.1386891e-09
5.8072441e-06
1.1757622e-09
5.8039883e-06
1.1982304e-09
5.8007156e-06
1.2050227e-09
5.7974165e-06
1.1965082e-09
5.794081e-06
1.1718231e-09
5.7906988e-06
1.1313328e-09
5.7872602e-06
1.0757875e-09
5.783755e-06
1.0060672e-09
5.7801741e-06
9.231762e-10
5.7765096e-06
8.2884322e-10
5.7727536e-06
7.2463058e-10
5.7688993e-06
6.1323346e-10
5.7649407e-06
4.9665205e-10
5.7608731e-06
3.7677905e-10
5.7566929e-06
2.5464253e-10
5.7523969e-06
1.3390489e-10
5.7479825e-06
1.5865087e-11
5.7434471e-06
-9.7564623e-11
5.7387894e-06
-2.0508351e-10
5.7340078e-06
-3.0616665e-10
5.7291008e-06
-3.9965453e-10
5.7240673e-06
-4.8366022e-10
5.7189052e-06
-5.5754468e-10
5.7136116e-06
-6.207781e-10
5.7081836e-06
-6.725398e-10
5.7026157e-06
-7.128329e-10
5.6969016e-06
-7.4007556e-10
5.6910319e-06
-7.5425532e-10
5.6849949e-06
-7.5448314e-10
5.6787752e-06
-7.4062667e-10
5.6723525e-06
-7.1236173e-10
5.6657026e-06
-6.6875838e-10
5.6587943e-06
-6.0926642e-10
5.6515902e-06
-5.3320726e-10
5.6440444e-06
-4.385412e-10
5.6361019e-06
-3.2365621e-10
5.627699e-06
-1.8670043e-10
5.6187611e-06
-2.5480063e-11
5.6091994e-06
1.6373969e-10
5.598914e-06
3.8287551e-10
5.5877916e-06
6.3189409e-10
5.5757025e-06
9.1271479e-10
5.5624985e-06
1.227292e-09
5.5480257e-06
1.5682726e-09
5.5321213e-06
1.9326918e-09
5.5145915e-06
2.3304709e-09
5.495207e-06
2.7817455e-09
5.4737113e-06
3.3031884e-09
5.44986e-06
3.8933918e-09
5.423465e-06
4.5054955e-09
5.3943453e-06
5.1572804e-09
5.3622554e-06
5.8791616e-09
5.3269989e-06
6.6071681e-09
5.2882939e-06
7.4629063e-09
5.2459044e-06
8.4189433e-09
5.1997523e-06
9.317219e-09
5.1497914e-06
1.0210217e-08
5.0960638e-06
1.1105035e-08
5.0385392e-06
1.1970291e-08
4.9772449e-06
1.2862345e-08
4.9123009e-06
1.3754426e-08
4.8438321e-06
1.4757056e-08
4.7725255e-06
1.5193604e-08
4.6981672e-06
1.6059226e-08
4.6209627e-06
1.6905279e-08
4.5412832e-06
1.7686884e-08
4.4593611e-06
1.8526553e-08
4.3755557e-06
1.9780048e-08
4.2894659e-06
2.0192135e-08
4.2030328e-06
2.0681923e-08
4.1165168e-06
2.119622e-08
4.0304087e-06
2.1731753e-08
3.9450191e-06
2.2228037e-08
3.8605596e-06
2.2662893e-08
3.777934e-06
2.2711972e-08
3.6968763e-06
2.2959661e-08
3.617167e-06
2.3244321e-08
3.5390256e-06
2.3505866e-08
3.4626575e-06
2.3730639e-08
3.3881701e-06
2.3934408e-08
3.3156939e-06
2.4094621e-08
3.2452575e-06
2.4247527e-08
3.1766884e-06
2.4411525e-08
3.1099433e-06
2.4413518e-08
3.0452782e-06
2.4350346e-08
2.9826906e-06
2.425264e-08
2.9221042e-06
2.4130711e-08
2.8634208e-06
2.4000145e-08
2.8065277e-06
2.385424e-08
2.7513457e-06
2.3691074e-08
2.6977844e-06
2.349328e-08
2.6458459e-06
2.3256367e-08
2.5954065e-06
2.2940028e-08
2.5463326e-06
2.2575626e-08
2.498513e-06
2.2185933e-08
2.4518728e-06
2.1796229e-08
2.4063451e-06
2.1406366e-08
2.3618645e-06
2.1004459e-08
2.3183731e-06
2.0590886e-08
2.2758277e-06
2.0156473e-08
2.234195e-06
1.9691683e-08
2.1934409e-06
1.9174477e-08
2.153502e-06
1.8597585e-08
2.1144076e-06
1.7988446e-08
2.0761674e-06
1.7360704e-08
2.0387843e-06
1.6714443e-08
2.0022553e-06
1.6054598e-08
1.9665715e-06
1.5380507e-08
1.9317214e-06
1.4699043e-08
1.897698e-06
1.3998648e-08
1.8645195e-06
1.3253543e-08
1.8321748e-06
1.2463016e-08
1.8006335e-06
1.1646156e-08
1.7698774e-06
1.080274e-08
1.7399154e-06
9.9389066e-09
1.7107616e-06
9.0664787e-09
1.6824251e-06
8.190824e-09
1.6549012e-06
7.3129436e-09
1.6281726e-06
6.4327703e-09
1.6022198e-06
5.5509326e-09
1.5770351e-06
4.6721751e-09
1.5526082e-06
3.7940349e-09
1.5289269e-06
2.9102445e-09
1.5059805e-06
2.0196471e-09
1.48376e-06
1.1266366e-09
1.4622542e-06
2.3769653e-10
1.4414485e-06
-6.4174799e-10
1.4213245e-06
-1.5056347e-09
1.4018635e-06
-2.3493305e-09
1.383045e-06
-3.1709018e-09
1.3648457e-06
-3.9706518e-09
1.3472426e-06
-4.7488382e-09
1.3302173e-06
-5.5028142e-09
1.3137548e-06
-6.2266121e-09
1.2978413e-06
-6.9133463e-09
1.2824612e-06
-7.5556739e-09
1.2675982e-06
-8.1482914e-09
1.2532349e-06
-8.687735e-09
1.2393522e-06
-9.1743866e-09
1.2259292e-06
-9.609725e-09
1.2129438e-06
-9.9956536e-09
1.2003731e-06
-1.0337053e-08
1.1881955e-06
-1.0633595e-08
1.176391e-06
-1.0885443e-08
1.1649415e-06
-1.1096983e-08
1.1538342e-06
-1.12653e-08
1.143053e-06
-1.1387434e-08
1.1325844e-06
-1.1459281e-08
1.1224228e-06
-1.1473777e-08
1.1125695e-06
-1.1425693e-08
1.1030212e-06
-1.1317635e-08
1.093766e-06
-1.1154427e-08
1.0847954e-06
-1.0934229e-08
1.0761011e-06
-1.0663164e-08
1.0676676e-06
-1.0345182e-08
1.0594828e-06
-9.9812563e-09
1.0515396e-06
-9.5686676e-09
1.0438324e-06
-9.1082661e-09
1.0363574e-06
-8.5966532e-09
1.0291122e-06
-8.0373663e-09
1.0220937e-06
-7.4273792e-09
1.0152998e-06
-6.7726798e-09
1.0087279e-06
-6.0708953e-09
1.0023761e-06
-5.3281499e-09
9.9624405e-07
-4.5464188e-09
9.9032932e-07
-3.7269188e-09
9.846314e-07
-2.8758689e-09
9.7915034e-07
-1.9984103e-09
9.7388341e-07
-1.095771e-09
9.6883092e-07
-1.7236124e-10
9.6399538e-07
7.5956441e-10
9.5937969e-07
1.6948558e-09
9.5498993e-07
2.6247275e-09
9.5083525e-07
3.5404133e-09
9.4691366e-07
4.4583537e-09
9.4321554e-07
5.3947362e-09
9.3973631e-07
6.343535e-09
9.3647423e-07
7.296828e-09
9.3342814e-07
8.2481835e-09
9.3059694e-07
9.1920547e-09
9.2798017e-07
1.0122893e-08
9.2557792e-07
1.1036887e-08
9.2339077e-07
1.1930298e-08
9.2141956e-07
1.2799385e-08
9.1966387e-07
1.3643073e-08
9.1812234e-07
1.4459889e-08
9.1679419e-07
1.5246932e-08
9.1567955e-07
1.6001455e-08
9.1477809e-07
1.6724169e-08
9.1408873e-07
1.7416169e-08
9.1361011e-07
1.8077402e-08
9.1333967e-07
1.870814e-08
9.1327319e-07
1.930902e-08
9.1340705e-07
1.9881196e-08
9.1374566e-07
2.0422096e-08
9.1429571e-07
2.0933177e-08
9.1504151e-07
2.1413099e-08
9.1597183e-07
2.1868249e-08
9.1710892e-07
2.2297812e-08
9.1845551e-07
2.2710767e-08
9.2001197e-07
2.3099314e-08
9.2177743e-07
2.3466977e-08
9.2375386e-07
2.3815644e-08
9.2594268e-07
2.4149419e-08
9.2834288e-07
2.4466832e-08
9.3094592e-07
2.4780384e-08
9.3377338e-07
2.5068828e-08
9.3683083e-07
2.5349386e-08
9.4013208e-07
2.561629e-08
9.4370861e-07
2.5873624e-08
9.4751356e-07
2.6116901e-08
9.5149312e-07
2.6346445e-08
9.5575234e-07
2.6566526e-08
9.6030663e-07
2.6771035e-08
9.6514517e-07
2.6961076e-08
9.7025097e-07
2.7125606e-08
9.7563358e-07
2.727674e-08
9.813139e-07
2.7404704e-08
9.8730388e-07
2.750474e-08
9.9360051e-07
2.7573689e-08
1.0001781e-06
2.7638469e-08
1.0069888e-06
2.7704522e-08
1.0140502e-06
2.7721859e-08
1.0214389e-06
2.7644416e-08
1.0292411e-06
2.7467512e-08
1.0374582e-06
2.7229577e-08
1.046009e-06
2.6951052e-08
1.0548069e-06
2.6638086e-08
1.0638263e-06
2.6261138e-08
1.0730933e-06
2.5815492e-08
1.0826377e-06
2.5315494e-08
1.092489e-06
2.4759272e-08
1.1026161e-06
2.4167534e-08
1.1129945e-06
2.3553848e-08
1.1236107e-06
2.2930462e-08
1.1344734e-06
2.2300496e-08
1.1456071e-06
2.1665279e-08
1.1570515e-06
2.103367e-08
1.1688241e-06
2.041604e-08
1.1809355e-06
1.9817858e-08
1.1934026e-06
1.9241349e-08
1.206246e-06
1.8684577e-08
1.2194901e-06
1.8147024e-08
1.2331619e-06
1.7628079e-08
1.247286e-06
1.712676e-08
1.2618852e-06
1.6642229e-08
1.2769813e-06
1.617327e-08
1.2925959e-06
1.5718717e-08
1.3087515e-06
1.5277393e-08
1.3254696e-06
1.4847455e-08
1.3427694e-06
1.4426285e-08
1.3606666e-06
1.4010875e-08
1.3791706e-06
1.3597369e-08
1.3982828e-06
1.3181192e-08
1.417994e-06
1.2756503e-08
1.4382825e-06
1.231585e-08
1.4591101e-06
1.185211e-08
1.4804193e-06
1.1356616e-08
1.5021304e-06
1.0821734e-08
1.5241381e-06
1.0236719e-08
1.54631e-06
9.5944599e-09
1.5684888e-06
8.8835401e-09
1.5904937e-06
8.097095e-09
1.6121205e-06
7.2219657e-09
1.6331482e-06
6.2574723e-09
1.6533445e-06
5.1882751e-09
1.6724697e-06
4.0218988e-09
1.6902848e-06
2.7483256e-09
1.7065655e-06
1.3711832e-09
1.7211016e-06
-1.0712142e-10
1.7337115e-06
-1.6910722e-09
1.7442693e-06
-3.385066e-09
1.7525847e-06
-5.1104592e-09
1.7586896e-06
-6.9952226e-09
1.7624074e-06
-8.7687755e-09
1.7635768e-06
-1.0753526e-08
1.7629685e-06
-1.2758541e-08
1.7611404e-06
-1.4765211e-08
1.7573904e-06
-1.670938e-08
1.751626e-06
-1.8654014e-08
1.7441412e-06
-2.0533842e-08
1.7351319e-06
-2.2400534e-08
1.7248364e-06
-2.4227149e-08
1.7134308e-06
-2.6008136e-08
1.7010638e-06
-2.7744074e-08
1.6878522e-06
-2.9405829e-08
1.6739082e-06
-3.0958196e-08
1.6593804e-06
-3.2405577e-08
1.6443808e-06
-3.3776287e-08
1.6290119e-06
-3.5066829e-08
1.6133377e-06
-3.6273115e-08
1.5974088e-06
-3.7395419e-08
1.5812796e-06
-3.8431801e-08
1.5650039e-06
-3.9382251e-08
1.5486236e-06
-4.0266193e-08
1.5321473e-06
-4.1064641e-08
1.5156072e-06
-4.1768095e-08
1.4990306e-06
-4.2372446e-08
1.482436e-06
-4.287601e-08
1.4658386e-06
-4.3277572e-08
1.4492505e-06
-4.3575415e-08
1.4326889e-06
-4.3767572e-08
1.4161753e-06
-4.3856473e-08
1.3997327e-06
-4.3840485e-08
1.3833849e-06
-4.3718122e-08
1.3671574e-06
-4.348792e-08
1.3510763e-06
-4.3149121e-08
1.335169e-06
-4.2701703e-08
1.3194631e-06
-4.2146424e-08
1.3039865e-06
-4.1484746e-08
1.2887655e-06
-4.0717768e-08
1.2738263e-06
-3.9847315e-08
1.2591941e-06
-3.8875559e-08
1.2448938e-06
-3.7804929e-08
1.2309487e-06
-3.6637953e-08
1.2173817e-06
-3.5377245e-08
1.2042149e-06
-3.4025576e-08
1.1914696e-06
-3.2585726e-08
1.1791666e-06
-3.1060908e-08
1.1673249e-06
-2.9453394e-08
1.1559618e-06
-2.7766948e-08
1.1450935e-06
-2.6004939e-08
1.1347365e-06
-2.4175092e-08
1.1249161e-06
-2.2288883e-08
1.1156703e-06
-2.0363352e-08
1.1070197e-06
-1.8390824e-08
1.0989494e-06
-1.6358668e-08
1.0914276e-06
-1.4268561e-08
1.0844795e-06
-1.215594e-08
1.0781553e-06
-1.0036679e-08
1.072468e-06
-7.913294e-09
1.0674282e-06
-5.7795599e-09
1.063047e-06
-3.6493142e-09
1.0593004e-06
-1.527543e-09
1.0561759e-06
5.9448713e-10
1.0536664e-06
2.7143767e-09
1.0517706e-06
4.8276863e-09
1.0504923e-06
6.9172867e-09
1.0498293e-06
8.9811913e-09
1.0497747e-06
1.1014341e-08
1.050336e-06
1.2990268e-08
1.0515127e-06
1.4914352e-08
1.0533073e-06
1.6768065e-08
1.0557057e-06
1.8558294e-08
1.0587043e-06
2.027141e-08
1.0623329e-06
2.188976e-08
1.0666e-06
2.3433969e-08
1.0713348e-06
2.4878285e-08
1.0766167e-06
2.6249068e-08
1.0825727e-06
2.7521188e-08
1.0891799e-06
2.8715483e-08
1.0964001e-06
2.9820134e-08
1.1042139e-06
3.0930728e-08
1.1125779e-06
3.1884539e-08
1.1214306e-06
3.2850204e-08
1.130761e-06
3.359692e-08
1.1405442e-06
3.4514997e-08
1.1508076e-06
3.5018284e-08
1.1614854e-06
3.6063101e-08
1.172661e-06
3.620399e-08
1.1841716e-06
3.7647683e-08
1.1962423e-06
3.7139423e-08
1.2084144e-06
3.9382416e-08
1.2213034e-06
3.7371185e-08
1.2342454e-06
4.0515356e-08
3.7626686e-08
5.6165562e-06
3.8196917e-09
5.619223e-06
8.9592898e-09
5.6240442e-06
1.6122447e-08
5.6297281e-06
1.9416652e-08
5.6363547e-06
2.4274709e-08
5.6435863e-06
2.6965873e-08
5.651073e-06
2.9399538e-08
5.6587239e-06
3.0931148e-08
5.6662872e-06
3.1844238e-08
5.6736897e-06
3.2256389e-08
5.6809136e-06
3.2248773e-08
5.6878977e-06
3.1997892e-08
5.694638e-06
3.1511258e-08
5.701138e-06
3.088041e-08
5.7074011e-06
3.0147122e-08
5.7134309e-06
2.9362769e-08
5.7192455e-06
2.855184e-08
5.7248411e-06
2.7738073e-08
5.7302423e-06
2.6939657e-08
5.7354458e-06
2.6164319e-08
5.7404841e-06
2.5420967e-08
5.745369e-06
2.4710122e-08
5.7501129e-06
2.4031496e-08
5.754727e-06
2.3389576e-08
5.7592203e-06
2.2779669e-08
5.7636011e-06
2.2207449e-08
5.7678772e-06
2.1665435e-08
5.7720552e-06
2.1160115e-08
5.7761417e-06
2.0681423e-08
5.7801435e-06
2.0235968e-08
5.7840647e-06
1.9811871e-08
5.7879161e-06
1.9415747e-08
5.7917027e-06
1.9040277e-08
5.7954351e-06
1.8690353e-08
5.7991145e-06
1.8355963e-08
5.8027417e-06
1.8044962e-08
5.8063171e-06
1.7747598e-08
5.8098411e-06
1.7472236e-08
5.8133149e-06
1.7202721e-08
5.8167399e-06
1.6957417e-08
5.8201188e-06
1.6709075e-08
5.8234546e-06
1.6490489e-08
5.826748e-06
1.6258384e-08
5.8300109e-06
1.605775e-08
5.8332316e-06
1.5842947e-08
5.8364416e-06
1.5657426e-08
5.839594e-06
1.5469802e-08
5.8427174e-06
1.5290247e-08
5.8458019e-06
1.5117808e-08
5.8488452e-06
1.496716e-08
5.8518483e-06
1.4816868e-08
5.8548137e-06
1.4675722e-08
5.857747e-06
1.4536581e-08
5.8606507e-06
1.4401766e-08
5.8635268e-06
1.4270179e-08
5.8663785e-06
1.414106e-08
5.8692036e-06
1.4017527e-08
5.8720081e-06
1.3893049e-08
5.8747844e-06
1.3779871e-08
5.8775426e-06
1.3657892e-08
5.8802643e-06
1.3556649e-08
5.8829652e-06
1.3439667e-08
5.8856149e-06
1.3345517e-08
5.888239e-06
1.3244343e-08
5.8908036e-06
1.3129114e-08
5.8933847e-06
1.3029235e-08
5.8959706e-06
1.2911247e-08
5.8985704e-06
1.2822011e-08
5.9011685e-06
1.2727645e-08
5.9037605e-06
1.2641572e-08
5.9063399e-06
1.2557853e-08
5.9089038e-06
1.2475212e-08
5.9114493e-06
1.2395874e-08
5.913977e-06
1.2315939e-08
5.916485e-06
1.2241045e-08
5.9189765e-06
1.2162876e-08
5.9214483e-06
1.2093119e-08
5.9239059e-06
1.201485e-08
5.9263493e-06
1.1949574e-08
5.9287828e-06
1.1869425e-08
5.9312209e-06
1.1803415e-08
5.9336573e-06
1.1718241e-08
5.9361421e-06
1.1636097e-08
5.9386115e-06
1.1552111e-08
5.9410977e-06
1.1449494e-08
5.9434578e-06
1.1398724e-08
5.9457475e-06
1.1356611e-08
5.9480053e-06
1.1320446e-08
5.9502359e-06
1.127589e-08
5.9524493e-06
1.1229071e-08
5.95465e-06
1.1178855e-08
5.9568401e-06
1.1125512e-08
5.9590203e-06
1.1072421e-08
5.9611923e-06
1.1017905e-08
5.9633547e-06
1.0964368e-08
5.9655077e-06
1.0910728e-08
5.9676504e-06
1.0858827e-08
5.9697836e-06
1.080747e-08
5.9719031e-06
1.0757533e-08
5.9740099e-06
1.0710972e-08
5.9760965e-06
1.0663725e-08
5.9781533e-06
1.0629467e-08
5.9801726e-06
1.0585042e-08
5.9820984e-06
1.0572712e-08
5.9839779e-06
1.0514988e-08
5.9857229e-06
1.0459224e-08
5.9876431e-06
1.0327406e-08
5.9896649e-06
1.0253307e-08
5.9917167e-06
1.0209361e-08
5.9937776e-06
1.0164495e-08
5.9958329e-06
1.0126226e-08
5.9978735e-06
1.0089311e-08
5.9998952e-06
1.0052473e-08
6.0018962e-06
1.0016025e-08
6.0038761e-06
9.9790944e-09
6.005836e-06
9.9424025e-09
6.0077758e-06
9.9050936e-09
6.009697e-06
9.8682551e-09
6.0115993e-06
9.8310258e-09
6.0134855e-06
9.7940953e-09
6.0153547e-06
9.7575463e-09
6.0172111e-06
9.7197428e-09
6.019054e-06
9.6833728e-09
6.0208957e-06
9.6428052e-09
6.0227391e-06
9.6019024e-09
6.024629e-06
9.5502308e-09
6.0265849e-06
9.480345e-09
6.0287272e-06
9.4051877e-09
6.0308621e-06
9.2848329e-09
6.0325598e-06
9.2961985e-09
6.0341687e-06
9.3259738e-09
6.0357502e-06
9.3241352e-09
6.0373138e-06
9.3118806e-09
6.0388654e-06
9.2905026e-09
6.0404126e-06
9.2624499e-09
6.0419553e-06
9.2304591e-09
6.0434951e-06
9.1963881e-09
6.0450319e-06
9.1608294e-09
6.0465648e-06
9.1248147e-09
6.0480927e-06
9.0883465e-09
6.0496141e-06
9.0526298e-09
6.0511272e-06
9.0166572e-09
6.0526314e-06
8.9820476e-09
6.0541254e-06
8.9472114e-09
6.0556085e-06
8.9142169e-09
6.0570785e-06
8.8813548e-09
6.0585343e-06
8.8510448e-09
6.0599734e-06
8.8216128e-09
6.0613886e-06
8.7971341e-09
6.0627738e-06
8.7764969e-09
6.064102e-06
8.7753973e-09
6.0653632e-06
8.7745287e-09
6.066492e-06
8.8298213e-09
6.0676267e-06
8.7463863e-09
6.0689924e-06
8.5098146e-09
6.0703821e-06
8.4780032e-09
6.0717639e-06
8.4545548e-09
6.0731408e-06
8.4288025e-09
6.0745075e-06
8.4027887e-09
6.0758682e-06
8.3721781e-09
6.0772208e-06
8.3421083e-09
6.0785565e-06
8.3194958e-09
6.0798678e-06
8.3004061e-09
6.0811554e-06
8.2792342e-09
6.0824199e-06
8.2567078e-09
6.0836624e-06
8.233338e-09
6.0848833e-06
8.2091414e-09
6.0860834e-06
8.1843599e-09
6.087264e-06
8.1591067e-09
6.0884257e-06
8.1337279e-09
6.0895689e-06
8.107639e-09
6.0906953e-06
8.0814098e-09
6.0918048e-06
8.0550553e-09
6.0929008e-06
8.0277083e-09
6.0939836e-06
8.0005162e-09
6.0950576e-06
7.9694891e-09
6.0961295e-06
7.9380982e-09
6.0972009e-06
7.8998483e-09
6.0982981e-06
7.854096e-09
6.0993713e-06
7.8216673e-09
6.1003869e-06
7.81447e-09
6.1013633e-06
7.8010127e-09
6.1023108e-06
7.7817477e-09
6.1032325e-06
7.761622e-09
6.1041325e-06
7.7402609e-09
6.1050131e-06
7.7175186e-09
6.1058761e-06
7.6943096e-09
6.1067226e-06
7.6703492e-09
6.1075535e-06
7.6462223e-09
6.1083693e-06
7.6217668e-09
6.1091696e-06
7.5973379e-09
6.1099551e-06
7.5724924e-09
6.1107253e-06
7.5476274e-09
6.1114808e-06
7.5227296e-09
6.1122218e-06
7.4979707e-09
6.1129481e-06
7.4732753e-09
6.1136601e-06
7.4483624e-09
6.1143577e-06
7.4232647e-09
6.1150404e-06
7.3981972e-09
6.1157091e-06
7.3725399e-09
6.1163626e-06
7.3467228e-09
6.1170028e-06
7.3197119e-09
6.1176286e-06
7.2931265e-09
6.1182414e-06
7.2647239e-09
6.1188411e-06
7.2366113e-09
6.1194233e-06
7.2087842e-09
6.1200054e-06
7.1717507e-09
6.1205746e-06
7.1421518e-09
6.1211294e-06
7.1122219e-09
6.1216709e-06
7.0813115e-09
6.1221988e-06
7.0497594e-09
6.1227131e-06
7.0181296e-09
6.1232129e-06
6.98599e-09
6.1236981e-06
6.9537758e-09
6.124168e-06
6.9213346e-09
6.1246224e-06
6.88873e-09
6.1250606e-06
6.8558417e-09
6.1254831e-06
6.8227819e-09
6.1258885e-06
6.7886869e-09
6.126277e-06
6.7543078e-09
6.1266485e-06
6.7194734e-09
6.1270028e-06
6.6840196e-09
6.1273394e-06
6.6479808e-09
6.1276582e-06
6.6113039e-09
6.1279587e-06
6.574723e-09
6.1282414e-06
6.5381638e-09
6.1285057e-06
6.5019616e-09
6.1287522e-06
6.4661752e-09
6.1289808e-06
6.4317631e-09
6.1291922e-06
6.3980932e-09
6.1293865e-06
6.3656413e-09
6.1295645e-06
6.3351577e-09
6.1297263e-06
6.3058825e-09
6.1298727e-06
6.2790093e-09
6.1300052e-06
6.2533281e-09
6.1301244e-06
6.2298882e-09
6.1302306e-06
6.2089471e-09
6.1303248e-06
6.1887189e-09
6.1304068e-06
6.1706853e-09
6.1304767e-06
6.1545746e-09
6.130536e-06
6.139711e-09
6.1305855e-06
6.125775e-09
6.1306261e-06
6.1127374e-09
6.1306578e-06
6.1000889e-09
6.130681e-06
6.0879537e-09
6.1306956e-06
6.076279e-09
6.1307017e-06
6.064703e-09
6.1306994e-06
6.0532446e-09
6.1306886e-06
6.0422023e-09
6.1306694e-06
6.0314038e-09
6.1306413e-06
6.0208034e-09
6.1306044e-06
6.010906e-09
6.130559e-06
6.0006773e-09
6.1305052e-06
5.9904908e-09
6.1304428e-06
5.9798344e-09
6.1303722e-06
5.9684053e-09
6.1302926e-06
5.9559033e-09
6.1302051e-06
5.9416965e-09
6.1301084e-06
5.9251151e-09
6.1300017e-06
5.905227e-09
6.1298848e-06
5.8824807e-09
6.1297562e-06
5.8550591e-09
6.1296151e-06
5.8229537e-09
6.1294587e-06
5.7855813e-09
6.1292861e-06
5.7428857e-09
6.1290948e-06
5.6940195e-09
6.1288829e-06
5.6391918e-09
6.1286483e-06
5.5777862e-09
6.1283887e-06
5.5098566e-09
6.1281018e-06
5.4358869e-09
6.1277858e-06
5.3557661e-09
6.1274385e-06
5.2696629e-09
6.1270574e-06
5.1784848e-09
6.1266417e-06
5.082653e-09
6.1261893e-06
4.982653e-09
6.1256983e-06
4.8793485e-09
6.1251678e-06
4.7734896e-09
6.1245972e-06
4.6658459e-09
6.1239859e-06
4.5574864e-09
6.1233336e-06
4.4488653e-09
6.1226409e-06
4.3412975e-09
6.1219087e-06
4.2357433e-09
6.1211374e-06
4.1332444e-09
6.1203268e-06
4.0356793e-09
6.1194793e-06
3.9433039e-09
6.1185975e-06
3.8568602e-09
6.1176835e-06
3.7772718e-09
6.1167409e-06
3.7058436e-09
6.1157726e-06
3.6434331e-09
6.1147825e-06
3.5904222e-09
6.1137735e-06
3.5470356e-09
6.11275e-06
3.5141507e-09
6.1117157e-06
3.4915595e-09
6.110674e-06
3.479256e-09
6.1096285e-06
3.4771324e-09
6.108583e-06
3.4845349e-09
6.1075401e-06
3.5009866e-09
6.106503e-06
3.5260133e-09
6.1054741e-06
3.5587364e-09
6.1044551e-06
3.5978349e-09
6.1034481e-06
3.6423535e-09
6.1024529e-06
3.6901251e-09
6.1014702e-06
3.740797e-09
6.1004997e-06
3.7919845e-09
6.0995397e-06
3.8420542e-09
6.0985886e-06
3.889264e-09
6.0976435e-06
3.9314489e-09
6.0967015e-06
3.9663157e-09
6.0957587e-06
3.9925649e-09
6.0948111e-06
4.0076609e-09
6.0938541e-06
4.0106398e-09
6.0928825e-06
4.0002099e-09
6.0918905e-06
3.9757135e-09
6.0908719e-06
3.9364618e-09
6.0898203e-06
3.881889e-09
6.0887306e-06
3.8119072e-09
6.0875958e-06
3.725404e-09
6.0864109e-06
3.6241508e-09
6.0851706e-06
3.508271e-09
6.08387e-06
3.3789536e-09
6.0825049e-06
3.2373881e-09
6.0810722e-06
3.0857339e-09
6.0795686e-06
2.926245e-09
6.0779922e-06
2.761563e-09
6.0763418e-06
2.5943909e-09
6.0746168e-06
2.4264226e-09
6.0728193e-06
2.2602809e-09
6.070951e-06
2.0984912e-09
6.0690158e-06
1.9442865e-09
6.0670177e-06
1.7996995e-09
6.0649615e-06
1.6671451e-09
6.0628521e-06
1.5483921e-09
6.0606956e-06
1.4452048e-09
6.0584978e-06
1.3588406e-09
6.0562652e-06
1.290434e-09
6.0540048e-06
1.2399486e-09
6.0517232e-06
1.2072294e-09
6.0494277e-06
1.1915184e-09
6.047124e-06
1.1929284e-09
6.0448187e-06
1.2106391e-09
6.0425159e-06
1.2428147e-09
6.0402205e-06
1.2883001e-09
6.037936e-06
1.3449974e-09
6.0356657e-06
1.4106667e-09
6.0334109e-06
1.4830195e-09
6.0311738e-06
1.5604065e-09
6.0289546e-06
1.6400779e-09
6.0267524e-06
1.7199784e-09
6.024566e-06
1.7981119e-09
6.0223928e-06
1.872384e-09
6.0202304e-06
1.9412982e-09
6.0180742e-06
2.0024991e-09
6.0159199e-06
2.0547564e-09
6.0137627e-06
2.0965394e-09
6.0115968e-06
2.1265416e-09
6.0094163e-06
2.1441604e-09
6.0072148e-06
2.148155e-09
6.0049855e-06
2.1390836e-09
6.0027211e-06
2.1163298e-09
6.000414e-06
2.0804549e-09
5.9980574e-06
2.031864e-09
5.9956441e-06
1.971491e-09
5.9931679e-06
1.8999522e-09
5.990622e-06
1.8183095e-09
5.9880012e-06
1.7286106e-09
5.985301e-06
1.6331265e-09
5.9825171e-06
1.5328476e-09
5.9796458e-06
1.4291079e-09
5.9766846e-06
1.3237229e-09
5.9736308e-06
1.2191492e-09
5.9704813e-06
1.1166379e-09
5.9672349e-06
1.0186771e-09
5.9638897e-06
9.2519814e-10
5.9604443e-06
8.3721741e-10
5.956897e-06
7.5550899e-10
5.9532445e-06
6.8240213e-10
5.949483e-06
6.182872e-10
5.9456087e-06
5.6276006e-10
5.9416147e-06
5.1743898e-10
5.9374931e-06
4.8139004e-10
5.9332315e-06
4.5746873e-10
5.9288147e-06
4.4549164e-10
5.9242218e-06
4.4606985e-10
5.9194264e-06
4.5947068e-10
5.914396e-06
4.8671911e-10
5.9090894e-06
5.2850702e-10
5.9034551e-06
5.8529359e-10
5.8974314e-06
6.5896e-10
5.8909428e-06
7.5024786e-10
5.8838996e-06
8.6143181e-10
5.8761951e-06
9.9454667e-10
5.8677051e-06
1.1518519e-09
5.8582858e-06
1.3354651e-09
5.8477734e-06
1.5483828e-09
5.8359779e-06
1.7916735e-09
5.822691e-06
2.0635311e-09
5.8076848e-06
2.3592976e-09
5.7907e-06
2.6804985e-09
5.7714362e-06
3.0385801e-09
5.7495823e-06
3.4359027e-09
5.724834e-06
3.8686827e-09
5.6969214e-06
4.3108792e-09
5.6655599e-06
4.7719428e-09
5.630348e-06
5.3286304e-09
5.5908622e-06
6.0411249e-09
5.546782e-06
6.8759798e-09
5.4979954e-06
7.5934188e-09
5.4444895e-06
8.2628078e-09
5.3861427e-06
9.0233341e-09
5.3229298e-06
9.6807322e-09
5.2548414e-06
1.0332504e-08
5.1816549e-06
1.1275807e-08
5.1036299e-06
1.2079189e-08
5.0210395e-06
1.2848838e-08
4.9341552e-06
1.3602663e-08
4.8433669e-06
1.4471326e-08
4.7487763e-06
1.5168184e-08
4.6514853e-06
1.5776355e-08
4.5521499e-06
1.6383595e-08
4.4514261e-06
1.6998071e-08
4.349911e-06
1.7591642e-08
4.2486625e-06
1.7996276e-08
4.1473423e-06
1.8367183e-08
4.0464598e-06
1.8781139e-08
3.9464975e-06
1.9188028e-08
3.8478982e-06
1.9561049e-08
3.7510897e-06
1.988956e-08
3.6563917e-06
2.022963e-08
3.5638351e-06
2.0464662e-08
3.4738943e-06
2.0657866e-08
3.3868591e-06
2.0760665e-08
3.302833e-06
2.0838377e-08
3.2218462e-06
2.0900732e-08
3.1439047e-06
2.0945965e-08
3.0689683e-06
2.0970294e-08
2.9970175e-06
2.0963075e-08
2.9280668e-06
2.0878913e-08
2.8618977e-06
2.0759634e-08
2.7983361e-06
2.0639753e-08
2.7372292e-06
2.0515861e-08
2.678434e-06
2.0380081e-08
2.6218177e-06
2.0232571e-08
2.5672404e-06
2.0072683e-08
2.5145661e-06
1.9897637e-08
2.4636491e-06
1.9707282e-08
2.4143523e-06
1.9498411e-08
2.3665399e-06
1.924628e-08
2.320132e-06
1.8941974e-08
2.2750715e-06
1.8595752e-08
2.2313035e-06
1.8233862e-08
2.1887605e-06
1.7871134e-08
2.1473704e-06
1.7503964e-08
2.1070741e-06
1.7126328e-08
2.067827e-06
1.6723106e-08
2.0296013e-06
1.6279086e-08
1.9923649e-06
1.5788819e-08
1.9560579e-06
1.5283018e-08
1.9206468e-06
1.4767207e-08
1.8861154e-06
1.4239168e-08
1.8524484e-06
1.3697997e-08
1.8196326e-06
1.3145256e-08
1.7876567e-06
1.2578179e-08
1.7565157e-06
1.1996876e-08
1.7262001e-06
1.1394346e-08
1.6966853e-06
1.0764317e-08
1.6679508e-06
1.0106853e-08
1.6399917e-06
9.4277453e-09
1.6128022e-06
8.7280689e-09
1.5863814e-06
8.0083624e-09
1.5607297e-06
7.276856e-09
1.5358442e-06
6.5385368e-09
1.511715e-06
5.7985732e-09
1.488328e-06
5.0589364e-09
1.4656653e-06
4.3226209e-09
1.4437104e-06
3.5912389e-09
1.4224447e-06
2.8636062e-09
1.4018463e-06
2.1366122e-09
1.3818936e-06
1.408516e-09
1.3625676e-06
6.8074968e-10
1.3438503e-06
-4.3019366e-11
1.3257237e-06
-7.5839202e-10
1.3081701e-06
-1.4615922e-09
1.2911733e-06
-2.1502315e-09
1.274718e-06
-2.823088e-09
1.2587878e-06
-3.4790633e-09
1.2433651e-06
-4.1163513e-09
1.2284329e-06
-4.7322479e-09
1.2139752e-06
-5.3221432e-09
1.1999774e-06
-5.8811334e-09
1.1864264e-06
-6.4046097e-09
1.1733089e-06
-6.8891115e-09
1.1606104e-06
-7.3310802e-09
1.1483145e-06
-7.7301703e-09
1.1364043e-06
-8.0874316e-09
1.1248636e-06
-8.4048866e-09
1.1136749e-06
-8.6848284e-09
1.1028224e-06
-8.9266021e-09
1.0922897e-06
-9.1286725e-09
1.0820619e-06
-9.2949244e-09
1.0721297e-06
-9.4262456e-09
1.0624838e-06
-9.5192965e-09
1.0531155e-06
-9.5693844e-09
1.0440196e-06
-9.5732022e-09
1.0351945e-06
-9.5291357e-09
1.0266367e-06
-9.4375689e-09
1.0183408e-06
-9.3009587e-09
1.010303e-06
-9.1183674e-09
1.0025172e-06
-8.8929104e-09
9.9497538e-07
-8.6258471e-09
9.8767101e-07
-8.3187377e-09
9.8059958e-07
-7.9702658e-09
9.7375796e-07
-7.581801e-09
9.6714439e-07
-7.1508635e-09
9.6075748e-07
-6.6806916e-09
9.5459667e-07
-6.1682863e-09
9.4866148e-07
-5.6191238e-09
9.4295172e-07
-5.0304547e-09
9.3746733e-07
-4.4075601e-09
9.3220835e-07
-3.7519494e-09
9.2717509e-07
-3.0644283e-09
9.2236823e-07
-2.3504625e-09
9.1778745e-07
-1.6137141e-09
9.1343313e-07
-8.5522922e-10
9.0930906e-07
-8.2078344e-11
9.0541505e-07
6.9819839e-10
9.0174909e-07
1.4828938e-09
8.9832055e-07
2.2527078e-09
8.9514535e-07
2.9926501e-09
8.922142e-07
3.7436307e-09
8.8951596e-07
4.5238826e-09
8.8704733e-07
5.3201918e-09
8.8480619e-07
6.1242273e-09
8.827913e-07
6.9292554e-09
8.8100354e-07
7.7282243e-09
8.7944461e-07
8.5151433e-09
8.7811388e-07
9.2888901e-09
8.7701008e-07
1.0046657e-08
8.7613356e-07
1.0783486e-08
8.7548374e-07
1.1499274e-08
8.750582e-07
1.2194585e-08
8.7485369e-07
1.2867456e-08
8.7486529e-07
1.351665e-08
8.7509101e-07
1.4140249e-08
8.7553297e-07
1.4735293e-08
8.7619344e-07
1.5301446e-08
8.7707158e-07
1.5841892e-08
8.7816729e-07
1.6356371e-08
8.7948092e-07
1.6847248e-08
8.8100613e-07
1.7313146e-08
8.8272942e-07
1.7751631e-08
8.8466285e-07
1.8169178e-08
8.8681352e-07
1.8567679e-08
8.8917511e-07
1.8944075e-08
8.9173911e-07
1.9307528e-08
8.9451155e-07
1.9647222e-08
8.974993e-07
1.9969924e-08
9.0070467e-07
2.0278489e-08
9.0414289e-07
2.0572189e-08
9.0783257e-07
2.0856622e-08
9.1167967e-07
2.112028e-08
9.1573691e-07
2.1381525e-08
9.2005474e-07
2.1626805e-08
9.2462981e-07
2.1860578e-08
9.2945542e-07
2.2085487e-08
9.3452358e-07
2.2294904e-08
9.398339e-07
2.2496435e-08
9.4541012e-07
2.2685248e-08
9.5126405e-07
2.2859886e-08
9.5740157e-07
2.3019298e-08
9.6381703e-07
2.3162821e-08
9.7051554e-07
2.3295465e-08
9.7748748e-07
2.3424855e-08
9.8471553e-07
2.355425e-08
9.9220475e-07
2.3656688e-08
1.0000153e-06
2.3703364e-08
1.0082071e-06
2.370067e-08
1.0167881e-06
2.3651165e-08
1.0257115e-06
2.3562998e-08
1.0349211e-06
2.3440021e-08
1.0444116e-06
2.3268583e-08
1.0542016e-06
2.3044857e-08
1.0643227e-06
2.2762143e-08
1.0747739e-06
2.2423274e-08
1.0855334e-06
2.2043835e-08
1.0965869e-06
2.163084e-08
1.1079187e-06
2.1184529e-08
1.1195319e-06
2.0707039e-08
1.1314426e-06
2.0199708e-08
1.1436682e-06
1.9674769e-08
1.1562182e-06
1.9144615e-08
1.1690981e-06
1.8616055e-08
1.1823174e-06
1.8095167e-08
1.195893e-06
1.7586149e-08
1.2098464e-06
1.7091179e-08
1.2242008e-06
1.6611104e-08
1.2389772e-06
1.614706e-08
1.2541946e-06
1.5700501e-08
1.2698706e-06
1.527172e-08
1.2860226e-06
1.4859936e-08
1.3026669e-06
1.4464151e-08
1.3198184e-06
1.4083172e-08
1.3374896e-06
1.3715879e-08
1.3556901e-06
1.3361083e-08
1.3744251e-06
1.3017087e-08
1.3936943e-06
1.268134e-08
1.4134905e-06
1.2350553e-08
1.4337976e-06
1.2020693e-08
1.4545884e-06
1.1687124e-08
1.4758217e-06
1.1344197e-08
1.49744e-06
1.0984952e-08
1.5193668e-06
1.0602695e-08
1.5415054e-06
1.0189074e-08
1.5637368e-06
9.7370725e-09
1.5859188e-06
9.2377537e-09
1.6078873e-06
8.6846108e-09
1.6294582e-06
8.0676572e-09
1.6504297e-06
7.3817716e-09
1.6705893e-06
6.6135422e-09
1.6897226e-06
5.7588077e-09
1.7076072e-06
4.8113158e-09
1.7240411e-06
3.7668904e-09
1.7388246e-06
2.6296165e-09
1.7517821e-06
1.4029156e-09
1.7627775e-06
7.8925755e-11
1.7716851e-06
-1.3224501e-09
1.7784317e-06
-2.8198928e-09
1.783037e-06
-4.3905652e-09
1.7851703e-06
-5.9415326e-09
1.7852092e-06
-7.7444029e-09
1.7842296e-06
-9.4927093e-09
1.7815744e-06
-1.1318949e-08
1.7770093e-06
-1.3040022e-08
1.7707124e-06
-1.4742723e-08
1.7628934e-06
-1.6437839e-08
1.7537832e-06
-1.8087227e-08
1.7435558e-06
-1.9705901e-08
1.7323826e-06
-2.128558e-08
1.7204086e-06
-2.28157e-08
1.7077554e-06
-2.4295619e-08
1.6945404e-06
-2.571178e-08
1.680891e-06
-2.7057632e-08
1.6669106e-06
-2.8329913e-08
1.6526551e-06
-2.9524581e-08
1.6381725e-06
-3.0644105e-08
1.6235053e-06
-3.1689837e-08
1.6086873e-06
-3.2662587e-08
1.5937497e-06
-3.3564702e-08
1.5787204e-06
-3.4398609e-08
1.5635974e-06
-3.5158248e-08
1.5483846e-06
-3.5832347e-08
1.5331076e-06
-3.6435449e-08
1.5177922e-06
-3.6964485e-08
1.5024597e-06
-3.7414088e-08
1.4871292e-06
-3.7781338e-08
1.4718197e-06
-3.8064464e-08
1.45655e-06
-3.826058e-08
1.4413362e-06
-3.8368853e-08
1.4261953e-06
-3.8387318e-08
1.4111458e-06
-3.831477e-08
1.3962081e-06
-3.8150053e-08
1.3814046e-06
-3.7892687e-08
1.366759e-06
-3.7542755e-08
1.3522959e-06
-3.7100295e-08
1.3380398e-06
-3.656649e-08
1.3240157e-06
-3.5941728e-08
1.3102486e-06
-3.5227728e-08
1.2967629e-06
-3.4425782e-08
1.2835831e-06
-3.3537788e-08
1.2707329e-06
-3.2565873e-08
1.2582361e-06
-3.1511797e-08
1.2461162e-06
-3.0378403e-08
1.2343964e-06
-2.9167783e-08
1.2231004e-06
-2.7883273e-08
1.2122526e-06
-2.6527933e-08
1.201876e-06
-2.5103954e-08
1.1919941e-06
-2.3615166e-08
1.1826263e-06
-2.2065545e-08
1.1737831e-06
-2.0457986e-08
1.1654677e-06
-1.8803327e-08
1.1576944e-06
-1.710537e-08
1.1504946e-06
-1.5367492e-08
1.1439081e-06
-1.3598908e-08
1.1379686e-06
-1.1830855e-08
1.1327008e-06
-1.0071518e-08
1.1281207e-06
-8.3149629e-09
1.1242383e-06
-6.5476011e-09
1.1210309e-06
-4.7486588e-09
1.1184687e-06
-2.9154559e-09
1.1165476e-06
-1.0636545e-09
1.115279e-06
7.8802564e-10
1.114664e-06
2.6422531e-09
1.1146985e-06
4.4859259e-09
1.1153935e-06
6.2978414e-09
1.1167574e-06
8.0796472e-09
1.1188435e-06
9.7748512e-09
1.1216635e-06
1.1428402e-08
1.1252393e-06
1.302909e-08
1.1294612e-06
1.4566151e-08
1.1342645e-06
1.6037399e-08
1.139817e-06
1.7451967e-08
1.1460791e-06
1.8797417e-08
1.1529838e-06
2.006115e-08
1.1605346e-06
2.125472e-08
1.1687293e-06
2.2366732e-08
1.1775202e-06
2.3451246e-08
1.1868752e-06
2.4482077e-08
1.1968561e-06
2.5465613e-08
1.2074441e-06
2.6315467e-08
1.2186332e-06
2.7182591e-08
1.2304103e-06
2.7841665e-08
1.2427564e-06
2.8690066e-08
1.2556732e-06
2.9122988e-08
1.2691347e-06
3.0126065e-08
1.2831622e-06
3.0207073e-08
1.2976464e-06
3.1704493e-08
1.3127164e-06
3.1126639e-08
1.3281127e-06
3.3564317e-08
1.3442426e-06
3.1347856e-08
1.3607704e-06
3.4591427e-08
3.1405666e-08
5.616397e-06
2.8135796e-09
5.618706e-06
6.6502941e-09
5.6226785e-06
1.2149849e-08
5.6274373e-06
1.4657733e-08
5.6331696e-06
1.8542321e-08
5.6394886e-06
2.0646798e-08
5.6462092e-06
2.267886e-08
5.6531287e-06
2.4011719e-08
5.6600908e-06
2.4881369e-08
5.6670253e-06
2.5322215e-08
5.6738427e-06
2.5431171e-08
5.6805385e-06
2.5302428e-08
5.6870569e-06
2.4992568e-08
5.6933852e-06
2.4552448e-08
5.6995096e-06
2.4022095e-08
5.7054413e-06
2.3430621e-08
5.7111775e-06
2.2815295e-08
5.7167359e-06
2.2179341e-08
5.7221214e-06
2.1553785e-08
5.7273522e-06
2.093307e-08
5.7324355e-06
2.0337179e-08
5.7373784e-06
1.976681e-08
5.7421868e-06
1.9222557e-08
5.7468674e-06
1.8708596e-08
5.7514262e-06
1.8220345e-08
5.7558709e-06
1.7762225e-08
5.7602073e-06
1.7328468e-08
5.7644438e-06
1.6923167e-08
5.7685847e-06
1.6539638e-08
5.7726378e-06
1.6182787e-08
5.7766048e-06
1.5844149e-08
5.7804904e-06
1.5529274e-08
5.7843005e-06
1.5229939e-08
5.7880375e-06
1.4951815e-08
5.791707e-06
1.4686101e-08
5.7953126e-06
1.4439002e-08
5.798859e-06
1.4200188e-08
5.8023501e-06
1.3980049e-08
5.8057897e-06
1.3762366e-08
5.80918e-06
1.3566396e-08
5.8125227e-06
1.3365126e-08
5.815822e-06
1.3190467e-08
5.8190746e-06
1.3004849e-08
5.8222846e-06
1.2846475e-08
5.8254485e-06
1.2678071e-08
5.8285719e-06
1.2533108e-08
5.8316584e-06
1.2381941e-08
5.8347055e-06
1.2241797e-08
5.8377292e-06
1.2092794e-08
5.8407298e-06
1.1965344e-08
5.8437039e-06
1.1841555e-08
5.8466554e-06
1.172314e-08
5.8495829e-06
1.1607943e-08
5.8524862e-06
1.1497133e-08
5.8553651e-06
1.1390017e-08
5.8582184e-06
1.1285816e-08
5.8610493e-06
1.1185795e-08
5.8638531e-06
1.1087124e-08
5.8666389e-06
1.0992301e-08
5.8693965e-06
1.0899297e-08
5.8721455e-06
1.0805707e-08
5.8748644e-06
1.0719526e-08
5.8775872e-06
1.0620578e-08
5.880286e-06
1.0543623e-08
5.882967e-06
1.0446296e-08
5.8856215e-06
1.0372744e-08
5.8882372e-06
1.029326e-08
5.8908281e-06
1.0229213e-08
5.8933914e-06
1.0162025e-08
5.8959329e-06
1.0098389e-08
5.8984535e-06
1.0034384e-08
5.9009561e-06
9.970297e-09
5.9034421e-06
9.9078403e-09
5.9059122e-06
9.8437218e-09
5.9083669e-06
9.7838022e-09
5.9108073e-06
9.7199693e-09
5.9132337e-06
9.6643005e-09
5.9156456e-06
9.6002704e-09
5.9180419e-06
9.55075e-09
5.9204225e-06
9.4862274e-09
5.9227802e-06
9.4428905e-09
5.9251166e-06
9.3795793e-09
5.9274131e-06
9.3366581e-09
5.9296865e-06
9.276341e-09
5.9319174e-06
9.2157366e-09
5.9341653e-06
9.1478864e-09
5.9364318e-06
9.0869419e-09
5.938711e-06
9.0379029e-09
5.9409938e-06
8.9898693e-09
5.9432745e-06
8.9455052e-09
5.9455477e-06
8.9021093e-09
5.9478109e-06
8.8596037e-09
5.9500623e-06
8.8179291e-09
5.9522998e-06
8.7764733e-09
5.9545255e-06
8.7358378e-09
5.9567364e-06
8.6961576e-09
5.9589362e-06
8.6555678e-09
5.9611221e-06
8.6181684e-09
5.9632986e-06
8.5770457e-09
5.9654646e-06
8.5414107e-09
5.9676263e-06
8.4984104e-09
5.9697919e-06
8.4596383e-09
5.9719604e-06
8.4129215e-09
5.9741736e-06
8.3558507e-09
5.9763768e-06
8.308024e-09
5.9785902e-06
8.2415816e-09
5.9807063e-06
8.2075764e-09
5.9827698e-06
8.1856109e-09
5.9848054e-06
8.1697169e-09
5.986816e-06
8.1493323e-09
5.9888104e-06
8.1276994e-09
5.990793e-06
8.1026177e-09
5.9927663e-06
8.0746756e-09
5.9947325e-06
8.0456024e-09
5.9966924e-06
8.0147178e-09
5.9986463e-06
7.9841036e-09
6.0005943e-06
7.9525981e-09
6.0025359e-06
7.9218259e-09
6.0044714e-06
7.8907596e-09
6.0063995e-06
7.8611531e-09
6.0083207e-06
7.8314271e-09
6.0102315e-06
7.803409e-09
6.0121332e-06
7.7769213e-09
6.0140189e-06
7.7519258e-09
6.0158834e-06
7.7324072e-09
6.0177177e-06
7.7107476e-09
6.0194895e-06
7.7031346e-09
6.0212226e-06
7.6664231e-09
6.022866e-06
7.6364395e-09
6.0246138e-06
7.5423161e-09
6.0264354e-06
7.499148e-09
6.0282862e-06
7.4676669e-09
6.0301517e-06
7.4405722e-09
6.0320194e-06
7.4168431e-09
6.0338815e-06
7.3943913e-09
6.0357337e-06
7.3722686e-09
6.0375735e-06
7.3505375e-09
6.039399e-06
7.3288744e-09
6.0412102e-06
7.3075372e-09
6.0430065e-06
7.2855784e-09
6.0447887e-06
7.2638957e-09
6.0465572e-06
7.2418826e-09
6.0483124e-06
7.220172e-09
6.0500547e-06
7.1982482e-09
6.0517857e-06
7.1763817e-09
6.0535053e-06
7.1546653e-09
6.0552164e-06
7.1329627e-09
6.0569192e-06
7.1113342e-09
6.058622e-06
7.0874537e-09
6.0603289e-06
7.0619866e-09
6.0620667e-06
7.0305028e-09
6.0638464e-06
6.9867645e-09
6.0657287e-06
6.9400752e-09
6.0675945e-06
6.8725314e-09
6.0692203e-06
6.8762191e-09
6.0707967e-06
6.893595e-09
6.0723503e-06
6.8928445e-09
6.0738819e-06
6.8893842e-09
6.0753953e-06
6.8807906e-09
6.0768894e-06
6.8697665e-09
6.0783646e-06
6.857575e-09
6.0798335e-06
6.8421304e-09
6.0813022e-06
6.8226584e-09
6.0827711e-06
6.8013852e-09
6.084239e-06
6.7795787e-09
6.0857051e-06
6.7577788e-09
6.0871685e-06
6.7358847e-09
6.0886284e-06
6.7147017e-09
6.0900841e-06
6.6940329e-09
6.0915341e-06
6.6738153e-09
6.0929773e-06
6.6540591e-09
6.0944134e-06
6.6352355e-09
6.0958408e-06
6.617241e-09
6.097258e-06
6.6001147e-09
6.0986615e-06
6.5857662e-09
6.1000466e-06
6.5735866e-09
6.1014054e-06
6.5681003e-09
6.1027238e-06
6.5701191e-09
6.1039863e-06
6.5803558e-09
6.1052583e-06
6.5373245e-09
6.1066094e-06
6.450886e-09
6.1079747e-06
6.4232828e-09
6.109337e-06
6.4064132e-09
6.1106967e-06
6.389516e-09
6.1120502e-06
6.3735404e-09
6.1133969e-06
6.3575847e-09
6.1147354e-06
6.3421037e-09
6.1160651e-06
6.3267867e-09
6.1173858e-06
6.3112457e-09
6.1186976e-06
6.2956467e-09
6.1199995e-06
6.2798429e-09
6.1212926e-06
6.264183e-09
6.1225761e-06
6.2484578e-09
6.1238495e-06
6.233011e-09
6.125113e-06
6.2178467e-09
6.1263664e-06
6.2028098e-09
6.1276092e-06
6.1882655e-09
6.1288413e-06
6.1734902e-09
6.1300629e-06
6.1588699e-09
6.1312736e-06
6.1432348e-09
6.1324735e-06
6.1279928e-09
6.1336619e-06
6.1121135e-09
6.1348389e-06
6.0956378e-09
6.1360023e-06
6.0806946e-09
6.1371577e-06
6.0603669e-09
6.1382959e-06
6.0489023e-09
6.1394113e-06
6.0335323e-09
6.1405141e-06
6.0164527e-09
6.141604e-06
5.9987384e-09
6.1426804e-06
5.9809024e-09
6.1437427e-06
5.962554e-09
6.1447913e-06
5.9438996e-09
6.1458268e-06
5.9244289e-09
6.1468491e-06
5.9043646e-09
6.1478586e-06
5.8835701e-09
6.1488557e-06
5.862633e-09
6.1498408e-06
5.841017e-09
6.1508135e-06
5.8189138e-09
6.1517743e-06
5.7964273e-09
6.152723e-06
5.7732836e-09
6.1536589e-06
5.7495293e-09
6.1545826e-06
5.7255032e-09
6.1554932e-06
5.7009562e-09
6.1563917e-06
5.6763145e-09
6.1572772e-06
5.6514744e-09
6.1581502e-06
5.6267169e-09
6.1590105e-06
5.6021343e-09
6.1598588e-06
5.577792e-09
6.1606947e-06
5.5541354e-09
6.1615195e-06
5.5314708e-09
6.1623331e-06
5.5097473e-09
6.1631357e-06
5.489011e-09
6.163928e-06
5.4697762e-09
6.1647107e-06
5.4517377e-09
6.1654834e-06
5.4359717e-09
6.1662469e-06
5.4210703e-09
6.1670019e-06
5.4080975e-09
6.1677502e-06
5.3949281e-09
6.1684917e-06
5.3832445e-09
6.1692258e-06
5.3741656e-09
6.1699522e-06
5.3669016e-09
6.170672e-06
5.3601128e-09
6.1713844e-06
5.3535767e-09
6.1720897e-06
5.3480562e-09
6.1727885e-06
5.3427835e-09
6.1734794e-06
5.3378328e-09
6.1741633e-06
5.3329492e-09
6.1748399e-06
5.3282654e-09
6.1755095e-06
5.3237406e-09
6.1761719e-06
5.319686e-09
6.1768272e-06
5.3156781e-09
6.1774766e-06
5.3110982e-09
6.1781186e-06
5.3067759e-09
6.1787539e-06
5.3025091e-09
6.1793824e-06
5.2977862e-09
6.1800032e-06
5.292335e-09
6.1806178e-06
5.2855724e-09
6.1812241e-06
5.2777125e-09
6.1818226e-06
5.267867e-09
6.1824126e-06
5.2557669e-09
6.182992e-06
5.2404618e-09
6.1835612e-06
5.2220561e-09
6.1841181e-06
5.1996656e-09
6.1846625e-06
5.1730749e-09
6.1851923e-06
5.1416773e-09
6.1857066e-06
5.1056976e-09
6.1862031e-06
5.0647686e-09
6.1866803e-06
5.0190314e-09
6.1871365e-06
4.9681788e-09
6.1875696e-06
4.9120805e-09
6.187978e-06
4.8516391e-09
6.1883603e-06
4.7864392e-09
6.1887145e-06
4.7170272e-09
6.1890395e-06
4.6438027e-09
6.189334e-06
4.56745e-09
6.1895974e-06
4.488272e-09
6.1898291e-06
4.407084e-09
6.1900278e-06
4.3244439e-09
6.190193e-06
4.2413886e-09
6.1903249e-06
4.1585642e-09
6.1904238e-06
4.0762829e-09
6.1904895e-06
3.9955119e-09
6.1905242e-06
3.9175907e-09
6.1905284e-06
3.8423806e-09
6.1905047e-06
3.771742e-09
6.1904536e-06
3.7063268e-09
6.1903764e-06
3.6468411e-09
6.1902755e-06
3.5941246e-09
6.1901531e-06
3.548116e-09
6.1900123e-06
3.5096841e-09
6.1898552e-06
3.4789536e-09
6.1896853e-06
3.4567083e-09
6.1895049e-06
3.4423016e-09
6.1893169e-06
3.4360119e-09
6.1891244e-06
3.4375516e-09
6.1889292e-06
3.4468863e-09
6.1887345e-06
3.4634158e-09
6.1885418e-06
3.4863792e-09
6.188353e-06
3.5151588e-09
6.1881703e-06
3.5489434e-09
6.1879936e-06
3.5864436e-09
6.1878249e-06
3.6273335e-09
6.1876637e-06
3.6694261e-09
6.1875103e-06
3.7117331e-09
6.1873641e-06
3.7527159e-09
6.1872239e-06
3.7907228e-09
6.1870886e-06
3.8246166e-09
6.1869554e-06
3.8527155e-09
6.1868219e-06
3.8736045e-09
6.1866839e-06
3.8861283e-09
6.1865373e-06
3.8894479e-09
6.1863779e-06
3.8823198e-09
6.1862011e-06
3.8637795e-09
6.1860036e-06
3.8337502e-09
6.1857807e-06
3.7910328e-09
6.1855275e-06
3.7359893e-09
6.1852406e-06
3.6685823e-09
6.184915e-06
3.588934e-09
6.1845468e-06
3.497767e-09
6.184132e-06
3.3958676e-09
6.1836679e-06
3.2849812e-09
6.1831511e-06
3.16592e-09
6.1825792e-06
3.0409701e-09
6.181951e-06
2.9118592e-09
6.1812652e-06
2.7811837e-09
6.1805224e-06
2.6503821e-09
6.1797226e-06
2.5207467e-09
6.1788677e-06
2.3947755e-09
6.1779597e-06
2.2742128e-09
6.1770015e-06
2.1615416e-09
6.1759967e-06
2.0580471e-09
6.1749491e-06
1.9655997e-09
6.1738629e-06
1.885565e-09
6.1727436e-06
1.818961e-09
6.1715957e-06
1.7661752e-09
6.1704247e-06
1.7276789e-09
6.1692348e-06
1.7037154e-09
6.1680309e-06
1.6937607e-09
6.1668174e-06
1.6972379e-09
6.1655994e-06
1.7131225e-09
6.1643806e-06
1.7406907e-09
6.1631655e-06
1.7782842e-09
6.161957e-06
1.8245938e-09
6.160758e-06
1.8781323e-09
6.1595694e-06
1.9371313e-09
6.1583926e-06
1.9998865e-09
6.1572275e-06
2.0647115e-09
6.1560738e-06
2.1297186e-09
6.1549306e-06
2.1930155e-09
6.1537962e-06
2.2533371e-09
6.1526678e-06
2.3090028e-09
6.1515427e-06
2.3585982e-09
6.1504178e-06
2.4011091e-09
6.149289e-06
2.435423e-09
6.1481511e-06
2.4600819e-09
6.1469995e-06
2.4750837e-09
6.1458291e-06
2.4798199e-09
6.1446342e-06
2.473731e-09
6.1434104e-06
2.4568365e-09
6.1421516e-06
2.4289242e-09
6.1408537e-06
2.390899e-09
6.1395112e-06
2.3430884e-09
6.1381194e-06
2.2867632e-09
6.1366742e-06
2.2224134e-09
6.1351721e-06
2.1511193e-09
6.1336093e-06
2.0746622e-09
6.1319816e-06
1.9959381e-09
6.1302865e-06
1.9142532e-09
6.1285229e-06
1.8298021e-09
6.1266883e-06
1.7461699e-09
6.1247813e-06
1.6646284e-09
6.1227995e-06
1.5867401e-09
6.1207408e-06
1.5123502e-09
6.1186028e-06
1.4426091e-09
6.1163825e-06
1.3781571e-09
6.1140772e-06
1.3194952e-09
6.1116801e-06
1.2694641e-09
6.1091848e-06
1.2252457e-09
6.1065777e-06
1.1925381e-09
6.1038471e-06
1.1651675e-09
6.1009733e-06
1.1488468e-09
6.0979339e-06
1.1422734e-09
6.0946964e-06
1.1463275e-09
6.0912221e-06
1.1617773e-09
6.0874613e-06
1.1889756e-09
6.0833518e-06
1.228881e-09
6.0788177e-06
1.2826371e-09
6.0737662e-06
1.350783e-09
6.0680855e-06
1.4352808e-09
6.0616412e-06
1.5384169e-09
6.054277e-06
1.6609927e-09
6.0458089e-06
1.8042856e-09
6.0360242e-06
1.9723139e-09
6.0246796e-06
2.1666113e-09
6.0115032e-06
2.3858546e-09
5.99619e-06
2.6304439e-09
5.9783922e-06
2.9066376e-09
5.957738e-06
3.2108578e-09
5.9338699e-06
3.5166816e-09
5.9064204e-06
3.8152903e-09
5.874997e-06
4.1164885e-09
5.8391204e-06
4.4788737e-09
5.7981782e-06
5.0648223e-09
5.751874e-06
5.669027e-09
5.7002016e-06
6.1073511e-09
5.642875e-06
6.6835995e-09
5.5796765e-06
7.1507222e-09
5.5105163e-06
7.5207742e-09
5.4345922e-06
8.7529721e-09
5.3524801e-06
9.37316e-09
5.2643725e-06
9.9574691e-09
5.1709073e-06
1.0507189e-08
5.0724423e-06
1.1008981e-08
4.9694543e-06
1.1575951e-08
4.8626027e-06
1.2157118e-08
4.7526648e-06
1.2689708e-08
4.6401395e-06
1.3175022e-08
4.5255948e-06
1.3673747e-08
4.4097437e-06
1.4151735e-08
4.2933295e-06
1.4588992e-08
4.1770683e-06
1.5053766e-08
4.0615568e-06
1.545606e-08
3.9474974e-06
1.5769616e-08
3.8355551e-06
1.6021318e-08
3.7262204e-06
1.625199e-08
3.6198954e-06
1.6447758e-08
3.5169115e-06
1.6603066e-08
3.4175808e-06
1.6718086e-08
3.3220242e-06
1.6791997e-08
3.2302993e-06
1.6879008e-08
3.1424023e-06
1.6932733e-08
3.0583371e-06
1.6954758e-08
2.9780566e-06
1.6957258e-08
2.9014757e-06
1.6935657e-08
2.8284689e-06
1.6893611e-08
2.7588611e-06
1.6843883e-08
2.6924181e-06
1.6786065e-08
2.6289595e-06
1.6703267e-08
2.5683377e-06
1.6590554e-08
2.5103866e-06
1.6460056e-08
2.4549264e-06
1.6317651e-08
2.4017779e-06
1.6165669e-08
2.3507689e-06
1.6004758e-08
2.3017393e-06
1.5829734e-08
2.2545476e-06
1.5634682e-08
2.2090692e-06
1.5413756e-08
2.1651611e-06
1.5175295e-08
2.1226702e-06
1.493482e-08
2.0814812e-06
1.4679183e-08
2.0415229e-06
1.4402114e-08
2.0027412e-06
1.4109474e-08
1.9650847e-06
1.3802016e-08
1.9285056e-06
1.3476866e-08
1.8929534e-06
1.3130445e-08
1.8583725e-06
1.2762447e-08
1.8247036e-06
1.2381109e-08
1.7919138e-06
1.199578e-08
1.7599929e-06
1.1593399e-08
1.7289329e-06
1.1171522e-08
1.69872e-06
1.073603e-08
1.6693381e-06
1.029078e-08
1.6407718e-06
9.8325361e-09
1.6130052e-06
9.3624348e-09
1.5860269e-06
8.8699248e-09
1.5598246e-06
8.3514817e-09
1.5343767e-06
7.8183295e-09
1.5096704e-06
7.2681683e-09
1.4856898e-06
6.7052892e-09
1.4624158e-06
6.1330541e-09
1.4398335e-06
5.5541878e-09
1.4179324e-06
4.9683044e-09
1.3966995e-06
4.3814437e-09
1.3761178e-06
3.7977408e-09
1.3561698e-06
3.2192329e-09
1.3368377e-06
2.6464266e-09
1.3181038e-06
2.0772633e-09
1.2999499e-06
1.5089543e-09
1.2823581e-06
9.3950936e-10
1.2653112e-06
3.6898928e-10
1.2487934e-06
-1.9999913e-10
1.2327879e-06
-7.6389561e-10
1.2172775e-06
-1.3184316e-09
1.202244e-06
-1.8607511e-09
1.1876696e-06
-2.3896369e-09
1.1735372e-06
-2.9043439e-09
1.159831e-06
-3.40372e-09
1.1465362e-06
-3.8854115e-09
1.1336393e-06
-4.3462571e-09
1.1211274e-06
-4.7826485e-09
1.108988e-06
-5.1908358e-09
1.0972086e-06
-5.5681104e-09
1.0857781e-06
-5.9132939e-09
1.0746856e-06
-6.2261174e-09
1.0639187e-06
-6.5067867e-09
1.0534652e-06
-6.7558661e-09
1.0433123e-06
-6.9747168e-09
1.0334498e-06
-7.163496e-09
1.0238705e-06
-7.3229076e-09
1.0145653e-06
-7.4532784e-09
1.0055234e-06
-7.5530857e-09
9.9673591e-07
-7.6200046e-09
9.8819669e-07
-7.6516806e-09
9.7990288e-07
-7.6476963e-09
9.7185372e-07
-7.6081856e-09
9.6404779e-07
-7.5327655e-09
9.5648365e-07
-7.423183e-09
9.4915981e-07
-7.2779165e-09
9.420726e-07
-7.0975656e-09
9.3521823e-07
-6.8824524e-09
9.2859353e-07
-6.634203e-09
9.2219671e-07
-6.3523351e-09
9.1602696e-07
-6.0385372e-09
9.1008469e-07
-5.6910667e-09
9.043704e-07
-5.312657e-09
8.9888584e-07
-4.9010049e-09
8.9363169e-07
-4.460023e-09
8.8860918e-07
-3.9868358e-09
8.8381875e-07
-3.4855607e-09
8.7926272e-07
-2.9587692e-09
8.7494318e-07
-2.4065541e-09
8.7085951e-07
-1.8310513e-09
8.6701454e-07
-1.2385986e-09
8.634064e-07
-6.2531003e-10
8.6003286e-07
3.1055158e-12
8.568932e-07
6.378964e-10
8.5399238e-07
1.2715731e-09
8.5135049e-07
1.8705011e-09
8.4897794e-07
2.4291458e-09
8.4685716e-07
3.0155967e-09
8.4497873e-07
3.6400167e-09
8.4333696e-07
4.286298e-09
8.4193549e-07
4.9376041e-09
8.4077858e-07
5.5869638e-09
8.3986367e-07
6.2344818e-09
8.3918988e-07
6.8727912e-09
8.3875652e-07
7.5009661e-09
8.385596e-07
8.1197786e-09
8.3859326e-07
8.7263654e-09
8.3885737e-07
9.3153383e-09
8.3935549e-07
9.8836335e-09
8.4008877e-07
1.0431918e-08
8.4105817e-07
1.0958977e-08
8.4226196e-07
1.1465399e-08
8.4369414e-07
1.1953146e-08
8.453563e-07
1.2415137e-08
8.4724687e-07
1.2857795e-08
8.4936451e-07
1.3279896e-08
8.5169788e-07
1.3680957e-08
8.5423668e-07
1.4066205e-08
8.5700104e-07
1.4426603e-08
8.5999169e-07
1.4771703e-08
8.6321548e-07
1.5099066e-08
8.6668859e-07
1.5413784e-08
8.7034524e-07
1.5708735e-08
8.7418508e-07
1.5993486e-08
8.7826964e-07
1.6264404e-08
8.8259344e-07
1.6522646e-08
8.8714962e-07
1.6769055e-08
8.9193567e-07
1.700448e-08
8.969409e-07
1.7225601e-08
9.0218138e-07
1.7441816e-08
9.0766813e-07
1.7646287e-08
9.1340737e-07
1.7840752e-08
9.1940339e-07
1.8025426e-08
9.2565587e-07
1.8198739e-08
9.3217286e-07
1.8363377e-08
9.3896093e-07
1.851841e-08
9.4602301e-07
1.8665805e-08
9.5335618e-07
1.8809323e-08
9.6095414e-07
1.8951597e-08
9.6882314e-07
1.9085624e-08
9.7699418e-07
1.9195308e-08
9.8550949e-07
1.9273258e-08
9.9437841e-07
1.9325654e-08
1.0035801e-06
1.9354022e-08
1.013107e-06
1.93511e-08
1.0229536e-06
1.9317378e-08
1.0331274e-06
1.9248004e-08
1.0436447e-06
1.9137847e-08
1.0545084e-06
1.8986261e-08
1.0657133e-06
1.8797877e-08
1.0772468e-06
1.8572832e-08
1.0890957e-06
1.8314307e-08
1.1012655e-06
1.8019048e-08
1.1137701e-06
1.7685666e-08
1.1266143e-06
1.732399e-08
1.1397985e-06
1.6940942e-08
1.1533213e-06
1.6539751e-08
1.1671872e-06
1.6127529e-08
1.1814072e-06
1.5710366e-08
1.1959966e-06
1.5291769e-08
1.2109719e-06
1.4876688e-08
1.226349e-06
1.4470339e-08
1.242143e-06
1.4075987e-08
1.2583677e-06
1.3695252e-08
1.2750364e-06
1.3329163e-08
1.2921623e-06
1.2977749e-08
1.3097578e-06
1.264097e-08
1.3278322e-06
1.2318701e-08
1.3463912e-06
1.2010519e-08
1.3654367e-06
1.1715941e-08
1.3849656e-06
1.1433877e-08
1.40497e-06
1.1163015e-08
1.4254349e-06
1.0901393e-08
1.4463374e-06
1.0646388e-08
1.4676449e-06
1.0394923e-08
1.4893132e-06
1.0142877e-08
1.5112849e-06
9.8856283e-09
1.5334872e-06
9.6180437e-09
1.555829e-06
9.3346815e-09
1.5782009e-06
9.0299537e-09
1.6004746e-06
8.6959129e-09
1.6225029e-06
8.326551e-09
1.6441202e-06
7.9151099e-09
1.6651472e-06
7.4549931e-09
1.6853908e-06
6.9398887e-09
1.7046511e-06
6.3666459e-09
1.7227287e-06
5.7218439e-09
1.7394313e-06
5.00112e-09
1.7545836e-06
4.19457e-09
1.7680126e-06
3.3163015e-09
1.7795873e-06
2.3546098e-09
1.7892205e-06
1.2989414e-09
1.7968256e-06
1.7459456e-10
1.8023555e-06
-1.0050623e-09
1.8056995e-06
-2.2185347e-09
1.8066867e-06
-3.5517136e-09
1.806429e-06
-5.0074425e-09
1.8049652e-06
-6.5718586e-09
1.8017148e-06
-8.0640947e-09
1.7967127e-06
-9.5717563e-09
1.7901939e-06
-1.1028511e-08
1.7823453e-06
-1.2445855e-08
1.7733539e-06
-1.384562e-08
1.7634076e-06
-1.5208264e-08
1.7526646e-06
-1.6540475e-08
1.741269e-06
-1.784074e-08
1.7293429e-06
-1.9098705e-08
1.7169822e-06
-2.0308062e-08
1.704266e-06
-2.1457088e-08
1.6912614e-06
-2.2543294e-08
1.6780397e-06
-2.3582538e-08
1.6646579e-06
-2.4568307e-08
1.6511566e-06
-2.5496771e-08
1.637564e-06
-2.6365393e-08
1.6239049e-06
-2.7177454e-08
1.6102018e-06
-2.7937558e-08
1.5964729e-06
-2.8647887e-08
1.5827241e-06
-2.9292221e-08
1.5689721e-06
-2.9870855e-08
1.5552229e-06
-3.0388789e-08
1.5414836e-06
-3.0845278e-08
1.5277641e-06
-3.1237633e-08
1.5140746e-06
-3.1563612e-08
1.5004262e-06
-3.1821608e-08
1.4868318e-06
-3.2009537e-08
1.4733053e-06
-3.2127225e-08
1.4598622e-06
-3.2172416e-08
1.4465197e-06
-3.2144437e-08
1.4332967e-06
-3.204215e-08
1.4202139e-06
-3.1865179e-08
1.4072938e-06
-3.1613939e-08
1.3945585e-06
-3.128679e-08
1.3820317e-06
-3.0885662e-08
1.3697369e-06
-3.0409945e-08
1.3576979e-06
-2.9861131e-08
1.3459381e-06
-2.9239701e-08
1.3344807e-06
-2.854654e-08
1.323349e-06
-2.7783621e-08
1.3125659e-06
-2.6951521e-08
1.3021542e-06
-2.6052534e-08
1.2921364e-06
-2.508797e-08
1.2825337e-06
-2.4059086e-08
1.2733715e-06
-2.2972774e-08
1.2646733e-06
-2.1827578e-08
1.256468e-06
-2.0633145e-08
1.248785e-06
-1.9394735e-08
1.241636e-06
-1.8097203e-08
1.235031e-06
-1.6749348e-08
1.2289839e-06
-1.5358343e-08
1.223518e-06
-1.393726e-08
1.2186705e-06
-1.2510784e-08
1.2144805e-06
-1.1114461e-08
1.2109774e-06
-9.7463793e-09
1.2081619e-06
-8.3690779e-09
1.2060357e-06
-6.9740334e-09
1.2045452e-06
-5.4795439e-09
1.2037276e-06
-3.95762e-09
1.2035818e-06
-2.391201e-09
1.2041177e-06
-8.1667295e-10
1.2053715e-06
7.4326634e-10
1.2073921e-06
2.2810354e-09
1.2101955e-06
3.7899519e-09
1.2135928e-06
5.2424931e-09
1.2177574e-06
6.6797194e-09
1.2227343e-06
8.0626883e-09
1.2284747e-06
9.4003063e-09
1.2349437e-06
1.0679744e-08
1.2421362e-06
1.1912817e-08
1.2500775e-06
1.309251e-08
1.2587619e-06
1.4217555e-08
1.2681696e-06
1.5280816e-08
1.2782858e-06
1.6291168e-08
1.2890931e-06
1.7241473e-08
1.3006188e-06
1.8143838e-08
1.3128943e-06
1.8970278e-08
1.3259041e-06
1.9771335e-08
1.3395935e-06
2.0498941e-08
1.3539459e-06
2.1263962e-08
1.3689398e-06
2.1844396e-08
1.3845794e-06
2.2610873e-08
1.400837e-06
2.2992236e-08
1.417732e-06
2.3926272e-08
1.4352087e-06
2.3997687e-08
1.4532883e-06
2.5470298e-08
1.4719816e-06
2.4864817e-08
1.4911561e-06
2.7411864e-08
1.5106637e-06
2.5456397e-08
1.5308474e-06
2.8580312e-08
2.5094643e-08
5.6161171e-06
2.0874493e-09
5.6180027e-06
4.7648361e-09
5.6214219e-06
8.7307086e-09
5.6255995e-06
1.0480455e-08
5.6307254e-06
1.3416295e-08
5.6364236e-06
1.4948379e-08
5.6425675e-06
1.6534979e-08
5.6490167e-06
1.7562318e-08
5.6556365e-06
1.8261369e-08
5.6622914e-06
1.8667224e-08
5.6689165e-06
1.8805842e-08
5.6754475e-06
1.8771138e-08
5.6818493e-06
1.8591045e-08
5.6881e-06
1.8301586e-08
5.694187e-06
1.7934734e-08
5.7000992e-06
1.7518215e-08
5.7058397e-06
1.70745e-08
5.7114018e-06
1.6616876e-08
5.7167962e-06
1.615896e-08
5.722021e-06
1.5707842e-08
5.7270886e-06
1.5269259e-08
5.7320075e-06
1.4847284e-08
5.736787e-06
1.4442502e-08
5.7414363e-06
1.4058496e-08
5.745964e-06
1.369263e-08
5.7503774e-06
1.3348319e-08
5.7546836e-06
1.3021797e-08
5.7588896e-06
1.2716418e-08
5.7630016e-06
1.2427272e-08
5.7670262e-06
1.2157424e-08
5.7709676e-06
1.1901756e-08
5.7748334e-06
1.1662955e-08
5.7786266e-06
1.1435763e-08
5.7823542e-06
1.1223555e-08
5.7860195e-06
1.1020051e-08
5.7896266e-06
1.0831088e-08
5.7931777e-06
1.0648545e-08
5.7966759e-06
1.0481138e-08
5.8001215e-06
1.0315754e-08
5.8035197e-06
1.0167478e-08
5.8068681e-06
1.0015652e-08
5.8101753e-06
9.8825192e-09
5.8134359e-06
9.7432884e-09
5.8166618e-06
9.6194128e-09
5.8198448e-06
9.4940926e-09
5.8229978e-06
9.3792765e-09
5.826111e-06
9.2677275e-09
5.8291885e-06
9.1631946e-09
5.8322213e-06
9.0585437e-09
5.8352216e-06
8.9635366e-09
5.8381911e-06
8.870805e-09
5.8411289e-06
8.7840344e-09
5.8440359e-06
8.6993341e-09
5.8469144e-06
8.6170506e-09
5.8497651e-06
8.5383682e-09
5.8525897e-06
8.4594878e-09
5.855388e-06
8.3859448e-09
5.8581633e-06
8.3104394e-09
5.860912e-06
8.2416847e-09
5.8636399e-06
8.1698568e-09
5.8663396e-06
8.1042493e-09
5.8690189e-06
8.0384881e-09
5.8716644e-06
7.9737434e-09
5.8742915e-06
7.9145024e-09
5.8768866e-06
7.849033e-09
5.87947e-06
7.7878188e-09
5.8820374e-06
7.7237945e-09
5.8845956e-06
7.6691298e-09
5.8871422e-06
7.613854e-09
5.8896769e-06
7.5610842e-09
5.8921987e-06
7.5105158e-09
5.8947066e-06
7.4604007e-09
5.8971992e-06
7.4128477e-09
5.8996767e-06
7.3640223e-09
5.9021389e-06
7.3194979e-09
5.9045853e-06
7.27136e-09
5.9070175e-06
7.2297177e-09
5.9094333e-06
7.1820585e-09
5.9118392e-06
7.1422428e-09
5.9142278e-06
7.0951178e-09
5.9166148e-06
7.0534774e-09
5.9189834e-06
7.0077442e-09
5.9213605e-06
6.9570318e-09
5.9237167e-06
6.9167041e-09
5.9260637e-06
6.8658985e-09
5.9283822e-06
6.826379e-09
5.9306751e-06
6.7913026e-09
5.9329491e-06
6.7614772e-09
5.9352041e-06
6.7316486e-09
5.9374434e-06
6.7026606e-09
5.9396692e-06
6.673369e-09
5.9418825e-06
6.6429031e-09
5.9440843e-06
6.6125594e-09
5.9462763e-06
6.5818098e-09
5.9484576e-06
6.5508354e-09
5.9506299e-06
6.5204779e-09
5.9527924e-06
6.4895396e-09
5.9549462e-06
6.4612027e-09
5.9570898e-06
6.429727e-09
5.959223e-06
6.4049153e-09
5.961345e-06
6.3728032e-09
5.9634487e-06
6.3526118e-09
5.965539e-06
6.3189831e-09
5.9675898e-06
6.3005845e-09
5.9696285e-06
6.2653736e-09
5.9716343e-06
6.2320882e-09
5.9736507e-06
6.1868559e-09
5.975682e-06
6.1506187e-09
5.9777247e-06
6.1230119e-09
5.979773e-06
6.0969207e-09
5.9818228e-06
6.0737264e-09
5.9838696e-06
6.0514278e-09
5.9859106e-06
6.0292109e-09
5.9879439e-06
6.0075394e-09
5.9899685e-06
5.9858736e-09
5.9919837e-06
5.9644005e-09
5.9939886e-06
5.9427085e-09
5.9959844e-06
5.9214993e-09
5.9979698e-06
5.9004943e-09
5.9999467e-06
5.8794365e-09
6.0019143e-06
5.8592469e-09
6.0038748e-06
5.8380549e-09
6.0058286e-06
5.818221e-09
6.0077797e-06
5.7958589e-09
6.0097328e-06
5.7741989e-09
6.0116915e-06
5.7471534e-09
6.0136736e-06
5.7159371e-09
6.0156516e-06
5.6830696e-09
6.0176425e-06
5.6400187e-09
6.0195657e-06
5.6138392e-09
6.0214536e-06
5.6058607e-09
6.023317e-06
5.5985816e-09
6.025161e-06
5.5914846e-09
6.0269894e-06
5.5825655e-09
6.0288067e-06
5.5714469e-09
6.0306147e-06
5.5580509e-09
6.032416e-06
5.543459e-09
6.0342117e-06
5.5274509e-09
6.0360025e-06
5.5104654e-09
6.0377888e-06
5.4931708e-09
6.0395703e-06
5.4757621e-09
6.0413478e-06
5.4581415e-09
6.0431206e-06
5.440886e-09
6.0448885e-06
5.4235634e-09
6.0466511e-06
5.4075762e-09
6.0484086e-06
5.391056e-09
6.050158e-06
5.3764562e-09
6.0519004e-06
5.3618079e-09
6.0536306e-06
5.3506124e-09
6.0553458e-06
5.3402074e-09
6.0570369e-06
5.332045e-09
6.0586891e-06
5.3275682e-09
6.0603109e-06
5.3110552e-09
6.061888e-06
5.2876521e-09
6.0635287e-06
5.2280451e-09
6.0652083e-06
5.2065743e-09
6.066903e-06
5.1904818e-09
6.068608e-06
5.1765765e-09
6.0703168e-06
5.1638729e-09
6.0720278e-06
5.1508531e-09
6.0737399e-06
5.1375566e-09
6.0754489e-06
5.1252917e-09
6.0771495e-06
5.1135367e-09
6.0788402e-06
5.1024558e-09
6.0805205e-06
5.0908597e-09
6.0821903e-06
5.0794484e-09
6.0838498e-06
5.0681801e-09
6.0854993e-06
5.0566915e-09
6.0871389e-06
5.0451527e-09
6.0887695e-06
5.0337317e-09
6.0903922e-06
5.0223696e-09
6.0920071e-06
5.0106839e-09
6.0936153e-06
4.9994302e-09
6.0952183e-06
4.9875712e-09
6.0968191e-06
4.9750772e-09
6.0984217e-06
4.9611124e-09
6.100035e-06
4.9446922e-09
6.1016709e-06
4.9236646e-09
6.1033403e-06
4.8999165e-09
6.1049917e-06
4.8756381e-09
6.1065591e-06
4.8726818e-09
6.1080958e-06
4.8759135e-09
6.1096165e-06
4.8748352e-09
6.1111228e-06
4.8719988e-09
6.112617e-06
4.867029e-09
6.1141025e-06
4.8606346e-09
6.1155795e-06
4.8530144e-09
6.1170497e-06
4.8443813e-09
6.118513e-06
4.8356124e-09
6.1199695e-06
4.8264099e-09
6.1214201e-06
4.8170401e-09
6.1228636e-06
4.8073994e-09
6.1243009e-06
4.7980113e-09
6.1257321e-06
4.7885362e-09
6.1271563e-06
4.7792788e-09
6.1285758e-06
4.7703588e-09
6.1299885e-06
4.7613824e-09
6.1313948e-06
4.752374e-09
6.1327946e-06
4.7437205e-09
6.1341886e-06
4.7344106e-09
6.1355768e-06
4.7249453e-09
6.1369585e-06
4.7141144e-09
6.1383361e-06
4.7022319e-09
6.1397089e-06
4.691771e-09
6.1410796e-06
4.6727551e-09
6.1424513e-06
4.6604258e-09
6.1438173e-06
4.6501123e-09
6.145182e-06
4.6337232e-09
6.146543e-06
4.6189887e-09
6.1479003e-06
4.6050745e-09
6.1492527e-06
4.5909885e-09
6.1505996e-06
4.5767639e-09
6.1519407e-06
4.5629118e-09
6.1532752e-06
4.5490807e-09
6.1546027e-06
4.5350887e-09
6.1559225e-06
4.5212056e-09
6.1572339e-06
4.5073434e-09
6.1585367e-06
4.493133e-09
6.1598311e-06
4.4785851e-09
6.1611163e-06
4.463832e-09
6.1623923e-06
4.4487565e-09
6.1636595e-06
4.43355e-09
6.1649173e-06
4.4179216e-09
6.1661654e-06
4.4021577e-09
6.1674038e-06
4.3866057e-09
6.1686319e-06
4.3709507e-09
6.1698506e-06
4.355766e-09
6.1710597e-06
4.3410417e-09
6.1722585e-06
4.326612e-09
6.1734476e-06
4.3129194e-09
6.1746274e-06
4.3002095e-09
6.1757982e-06
4.2883066e-09
6.17696e-06
4.2773154e-09
6.178113e-06
4.2675738e-09
6.1792598e-06
4.2579682e-09
6.180398e-06
4.2514836e-09
6.1815302e-06
4.2438097e-09
6.1826546e-06
4.2379211e-09
6.1837714e-06
4.2335531e-09
6.1848832e-06
4.2296922e-09
6.18599e-06
4.2262203e-09
6.1870924e-06
4.223498e-09
6.1881899e-06
4.2213526e-09
6.1892829e-06
4.2195945e-09
6.190372e-06
4.218093e-09
6.1914564e-06
4.2166803e-09
6.1925366e-06
4.2155488e-09
6.1936128e-06
4.2147557e-09
6.1946843e-06
4.2139976e-09
6.1957519e-06
4.2127097e-09
6.1968152e-06
4.2124637e-09
6.1978722e-06
4.212807e-09
6.1989256e-06
4.2121235e-09
6.1999744e-06
4.2109254e-09
6.2010191e-06
4.2092729e-09
6.2020592e-06
4.2074308e-09
6.2030944e-06
4.2049284e-09
6.2041247e-06
4.2006736e-09
6.2051486e-06
4.1954982e-09
6.2061674e-06
4.1877404e-09
6.2071798e-06
4.1779722e-09
6.2081844e-06
4.165936e-09
6.2091806e-06
4.1509334e-09
6.2101663e-06
4.1332657e-09
6.2111404e-06
4.1119792e-09
6.2121016e-06
4.0871222e-09
6.2130485e-06
4.0585353e-09
6.2139798e-06
4.0261732e-09
6.2148934e-06
3.9901789e-09
6.2157889e-06
3.9505532e-09
6.2166642e-06
3.9071817e-09
6.217518e-06
3.8606625e-09
6.218349e-06
3.8111083e-09
6.2191561e-06
3.7584877e-09
6.2199386e-06
3.7034376e-09
6.2206952e-06
3.6462038e-09
6.2214256e-06
3.5880561e-09
6.2221287e-06
3.5286511e-09
6.2228053e-06
3.4691037e-09
6.223454e-06
3.4095398e-09
6.2240758e-06
3.3509084e-09
6.224671e-06
3.2932737e-09
6.2252396e-06
3.2373726e-09
6.2257836e-06
3.1841667e-09
6.2263033e-06
3.1339131e-09
6.2268008e-06
3.0875502e-09
6.2272778e-06
3.0459013e-09
6.2277359e-06
3.008827e-09
6.2281774e-06
2.9772314e-09
6.228604e-06
2.9511038e-09
6.2290187e-06
2.9309728e-09
6.2294233e-06
2.9164955e-09
6.2298205e-06
2.908104e-09
6.2302127e-06
2.9055269e-09
6.2306018e-06
2.9090121e-09
6.2309903e-06
2.9180058e-09
6.2313802e-06
2.9322882e-09
6.231773e-06
2.9513108e-09
6.2321707e-06
2.9745739e-09
6.2325737e-06
3.0016012e-09
6.2329838e-06
3.031575e-09
6.233401e-06
3.0636076e-09
6.2338257e-06
3.0966207e-09
6.2342578e-06
3.1297875e-09
6.2346971e-06
3.1614982e-09
6.2351423e-06
3.1909826e-09
6.2355927e-06
3.2170515e-09
6.236046e-06
3.2385419e-09
6.2364999e-06
3.2549314e-09
6.2369521e-06
3.2647813e-09
6.2373993e-06
3.26812e-09
6.2378378e-06
3.2639238e-09
6.238265e-06
3.2514911e-09
6.2386762e-06
3.2300735e-09
6.2390689e-06
3.1994278e-09
6.2394386e-06
3.1596841e-09
6.2397813e-06
3.110658e-09
6.2400935e-06
3.0529508e-09
6.2403717e-06
2.9868961e-09
6.2406128e-06
2.9133616e-09
6.2408134e-06
2.8326097e-09
6.2409711e-06
2.7464888e-09
6.241084e-06
2.6560496e-09
6.2411519e-06
2.5622424e-09
6.2411743e-06
2.4658831e-09
6.241152e-06
2.3693421e-09
6.2410844e-06
2.2746827e-09
6.2409717e-06
2.1831608e-09
6.240816e-06
2.0963191e-09
6.2406191e-06
2.0145312e-09
6.2403841e-06
1.9401534e-09
6.2401142e-06
1.8736435e-09
6.2398134e-06
1.8162383e-09
6.2394853e-06
1.7684698e-09
6.2391341e-06
1.7311632e-09
6.2387648e-06
1.7046573e-09
6.2383806e-06
1.6884489e-09
6.2379865e-06
1.6828414e-09
6.2375864e-06
1.6870549e-09
6.2371843e-06
1.7005886e-09
6.2367831e-06
1.7220598e-09
6.2363869e-06
1.7511366e-09
6.2359975e-06
1.7866011e-09
6.2356169e-06
1.8276483e-09
6.235246e-06
1.8726447e-09
6.2348861e-06
1.9207391e-09
6.2345372e-06
1.9702795e-09
6.234199e-06
2.0198172e-09
6.2338704e-06
2.0685875e-09
6.2335501e-06
2.1146995e-09
6.2332368e-06
2.1575928e-09
6.2329276e-06
2.1957116e-09
6.2326203e-06
2.2285169e-09
6.2323112e-06
2.2551236e-09
6.2319968e-06
2.2751738e-09
6.2316733e-06
2.2877833e-09
6.2313371e-06
2.292468e-09
6.2309839e-06
2.2893856e-09
6.2306094e-06
2.2782123e-09
6.2302099e-06
2.2590787e-09
6.2297812e-06
2.2321429e-09
6.2293196e-06
2.1983162e-09
6.2288216e-06
2.1577033e-09
6.2282835e-06
2.1111282e-09
6.2277027e-06
2.0594104e-09
6.2270763e-06
2.0041289e-09
6.2264019e-06
1.9473121e-09
6.2256773e-06
1.8882513e-09
6.2249011e-06
1.826598e-09
6.2240709e-06
1.7658035e-09
6.2231856e-06
1.7064279e-09
6.2222427e-06
1.6500095e-09
6.2212396e-06
1.5970754e-09
6.2201739e-06
1.5464479e-09
6.2190415e-06
1.4997221e-09
6.2178389e-06
1.4544512e-09
6.21655e-06
1.4246022e-09
6.2151709e-06
1.3916588e-09
6.2136836e-06
1.3722663e-09
6.2120719e-06
1.3524479e-09
6.2103075e-06
1.3438881e-09
6.2083588e-06
1.3417525e-09
6.2061823e-06
1.3485075e-09
6.2037244e-06
1.3642154e-09
6.2009173e-06
1.3891688e-09
6.1976771e-06
1.4246551e-09
6.1939001e-06
1.4710078e-09
6.1894624e-06
1.5296022e-09
6.184212e-06
1.6009625e-09
6.1779704e-06
1.6873178e-09
6.1705264e-06
1.7895738e-09
6.1616344e-06
1.9092923e-09
6.151012e-06
2.047881e-09
6.1383398e-06
2.2074684e-09
6.1232553e-06
2.389446e-09
6.105359e-06
2.5940072e-09
6.0842299e-06
2.8140335e-09
6.0594256e-06
3.0382599e-09
6.0304615e-06
3.258354e-09
5.9967917e-06
3.5138896e-09
5.9578642e-06
3.8231116e-09
5.9131272e-06
4.2675361e-09
5.8626126e-06
4.4639217e-09
5.8059209e-06
4.6881961e-09
5.7428027e-06
4.6608544e-09
5.6717103e-06
6.0868066e-09
5.593371e-06
6.5678885e-09
5.5078846e-06
6.8660873e-09
5.416285e-06
7.156062e-09
5.3181806e-06
7.529366e-09
5.2138965e-06
7.9929521e-09
5.1038673e-06
8.5013174e-09
4.9887145e-06
8.9389283e-09
4.8692083e-06
9.3683212e-09
4.7461636e-06
9.7723305e-09
4.6204397e-06
1.0163554e-08
4.4929581e-06
1.0511239e-08
4.3646598e-06
1.0841683e-08
4.2364164e-06
1.1156602e-08
4.1090564e-06
1.1438421e-08
3.9834242e-06
1.1682178e-08
3.8601985e-06
1.1886384e-08
3.7399199e-06
1.2074804e-08
3.6230711e-06
1.2235662e-08
3.510063e-06
1.2383679e-08
3.4012139e-06
1.2501339e-08
3.2967221e-06
1.2612178e-08
3.1967233e-06
1.2694404e-08
3.1012761e-06
1.2751104e-08
3.0104269e-06
1.2778163e-08
2.9241052e-06
1.2784204e-08
2.842193e-06
1.2768688e-08
2.7645396e-06
1.2734381e-08
2.69095e-06
1.2689056e-08
2.6212134e-06
1.2629394e-08
2.5551177e-06
1.2554244e-08
2.4924362e-06
1.2468885e-08
2.432917e-06
1.2378878e-08
2.3763109e-06
1.228099e-08
2.3223866e-06
1.2176471e-08
2.2709283e-06
1.2065156e-08
2.2217346e-06
1.1947135e-08
2.1746185e-06
1.1822246e-08
2.1294057e-06
1.1687775e-08
2.0859343e-06
1.1542385e-08
2.0440565e-06
1.1383624e-08
2.0036497e-06
1.1211981e-08
1.9646181e-06
1.102952e-08
1.9268676e-06
1.0834974e-08
1.890312e-06
1.062667e-08
1.8548833e-06
1.0403554e-08
1.8205229e-06
1.0166199e-08
1.7871775e-06
9.9155417e-09
1.7547959e-06
9.6535331e-09
1.7233346e-06
9.3801829e-09
1.6927624e-06
9.0974512e-09
1.6630598e-06
8.8068828e-09
1.6342008e-06
8.5048839e-09
1.6061585e-06
8.1925426e-09
1.5789127e-06
7.8707054e-09
1.5524456e-06
7.5413595e-09
1.5267402e-06
7.2013049e-09
1.5017789e-06
6.8523174e-09
1.4775396e-06
6.4893273e-09
1.4540179e-06
6.0917227e-09
1.4312083e-06
5.6731104e-09
1.4090907e-06
5.2462128e-09
1.3876371e-06
4.8222399e-09
1.3668272e-06
4.3960071e-09
1.3466401e-06
3.9703663e-09
1.3270579e-06
3.5421914e-09
1.3080657e-06
3.113426e-09
1.2896485e-06
2.6871905e-09
1.2717922e-06
2.2635422e-09
1.2544827e-06
1.8422099e-09
1.2377039e-06
1.4224213e-09
1.2214374e-06
1.0032384e-09
1.2056636e-06
5.843197e-10
1.190362e-06
1.6611601e-10
1.1755134e-06
-2.4972113e-10
1.1610993e-06
-6.611085e-10
1.147105e-06
-1.0669954e-09
1.1335186e-06
-1.4676544e-09
1.1203271e-06
-1.8601956e-09
1.1075157e-06
-2.2416922e-09
1.0950699e-06
-2.6108027e-09
1.0829764e-06
-2.9661491e-09
1.0712235e-06
-3.3058121e-09
1.0598001e-06
-3.6273908e-09
1.0486954e-06
-3.9273504e-09
1.0378986e-06
-4.2034078e-09
1.0274004e-06
-4.4563473e-09
1.0171923e-06
-4.6862514e-09
1.0072655e-06
-4.8928968e-09
9.976113e-07
-5.0762083e-09
9.8822108e-07
-5.2369047e-09
9.7908752e-07
-5.3753642e-09
9.7020444e-07
-5.492534e-09
9.6156509e-07
-5.5873994e-09
9.5316389e-07
-5.6587282e-09
9.4499701e-07
-5.7054721e-09
9.3706262e-07
-5.7267266e-09
9.2935885e-07
-5.7217537e-09
9.2188395e-07
-5.6904628e-09
9.1463652e-07
-5.6322436e-09
9.0761429e-07
-5.5476121e-09
9.0081645e-07
-5.4361355e-09
8.9424318e-07
-5.2989098e-09
8.8789485e-07
-5.1358358e-09
8.817715e-07
-4.9478404e-09
8.7587373e-07
-4.7345314e-09
8.7020216e-07
-4.4970987e-09
8.6475874e-07
-4.2345949e-09
8.5954473e-07
-3.9487191e-09
8.5456283e-07
-3.6380547e-09
8.4981548e-07
-3.3058325e-09
8.453068e-07
-2.9504954e-09
8.4103911e-07
-2.5737563e-09
8.3701393e-07
-2.1770723e-09
8.3323353e-07
-1.760764e-09
8.2969979e-07
-1.3261237e-09
8.2641282e-07
-8.7726937e-10
8.23375e-07
-4.1213388e-10
8.2059411e-07
5.8847149e-11
8.180643e-07
5.4079408e-10
8.1578282e-07
1.0239574e-09
8.1376892e-07
1.4535884e-09
8.1202863e-07
1.8366104e-09
8.1054911e-07
2.2592079e-09
8.0932083e-07
2.7286347e-09
8.0834317e-07
3.2207663e-09
8.076201e-07
3.7145567e-09
8.0715522e-07
4.2039221e-09
8.0694127e-07
4.699948e-09
8.0696887e-07
5.1975846e-09
8.0724035e-07
5.6843841e-09
8.0776363e-07
6.155755e-09
8.0853868e-07
6.6171046e-09
8.0956599e-07
7.0631576e-09
8.1084327e-07
7.4939193e-09
8.1236772e-07
7.9113649e-09
8.1414115e-07
8.3105287e-09
8.1615963e-07
8.6940388e-09
8.1841e-07
9.0702432e-09
8.2090091e-07
9.420638e-09
8.2363373e-07
9.7595279e-09
8.2661511e-07
1.0082811e-08
8.2983505e-07
1.039133e-08
8.3323862e-07
1.0679118e-08
8.3688061e-07
1.0956669e-08
8.4077366e-07
1.1220376e-08
8.4490504e-07
1.147383e-08
8.4926714e-07
1.1716933e-08
8.5384932e-07
1.1944825e-08
8.5865613e-07
1.2166194e-08
8.6369833e-07
1.2376327e-08
8.6898058e-07
1.2576486e-08
8.7450401e-07
1.2766765e-08
8.8026972e-07
1.2947704e-08
8.862768e-07
1.3119931e-08
8.9253464e-07
1.3285482e-08
8.9904859e-07
1.3442095e-08
9.0582531e-07
1.3589629e-08
9.1286647e-07
1.3732357e-08
9.2017159e-07
1.3871269e-08
9.2774531e-07
1.4004672e-08
9.355918e-07
1.4132979e-08
9.4371714e-07
1.4256536e-08
9.5213584e-07
1.4370897e-08
9.6086638e-07
1.4475108e-08
9.6992024e-07
1.4569846e-08
9.7929999e-07
1.4648568e-08
9.8900536e-07
1.4706875e-08
9.9904367e-07
1.4743739e-08
1.0094245e-06
1.4758514e-08
1.0201539e-06
1.4747528e-08
1.0312391e-06
1.4710404e-08
1.0426756e-06
1.4653825e-08
1.0544594e-06
1.4572588e-08
1.0665888e-06
1.4463513e-08
1.0790679e-06
1.4325211e-08
1.0919024e-06
1.4156438e-08
1.1050992e-06
1.3958688e-08
1.1186595e-06
1.3734445e-08
1.1325802e-06
1.3486525e-08
1.1468638e-06
1.3218795e-08
1.1615168e-06
1.2934557e-08
1.1765454e-06
1.2637053e-08
1.191958e-06
1.2331055e-08
1.2077643e-06
1.2021074e-08
1.2239739e-06
1.1710711e-08
1.240597e-06
1.1403597e-08
1.2576448e-06
1.1102931e-08
1.2751288e-06
1.0810977e-08
1.2930587e-06
1.052929e-08
1.3114422e-06
1.0258794e-08
1.3302842e-06
1.0000084e-08
1.3495859e-06
9.7532991e-09
1.3693444e-06
9.5183044e-09
1.3895524e-06
9.2948986e-09
1.4101968e-06
9.0823749e-09
1.4312581e-06
8.8798977e-09
1.4527088e-06
8.6862193e-09
1.4745126e-06
8.4997738e-09
1.4966227e-06
8.3182763e-09
1.5189809e-06
8.1389158e-09
1.5415164e-06
7.9579903e-09
1.5641443e-06
7.7714253e-09
1.5867643e-06
7.5746454e-09
1.6092611e-06
7.3630044e-09
1.6315033e-06
7.1320092e-09
1.6533431e-06
6.8758101e-09
1.6746199e-06
6.5894992e-09
1.6951608e-06
6.2688721e-09
1.7147856e-06
5.9089409e-09
1.7333106e-06
5.5057097e-09
1.7505525e-06
5.0602611e-09
1.7663435e-06
4.5539594e-09
1.7805275e-06
3.98658e-09
1.7929719e-06
3.3470027e-09
1.8035858e-06
2.6361198e-09
1.8122543e-06
1.8984982e-09
1.8188863e-06
1.1338206e-09
1.8235173e-06
2.5073277e-10
1.825986e-06
-6.5635408e-10
1.8265345e-06
-1.6518382e-09
1.8261474e-06
-2.712647e-09
1.8242556e-06
-3.916905e-09
1.8206801e-06
-5.1778737e-09
1.8155375e-06
-6.3711418e-09
1.8090009e-06
-7.5581883e-09
1.801275e-06
-8.6999288e-09
1.7925372e-06
-9.791187e-09
1.7829551e-06
-1.0860831e-08
1.7726863e-06
-1.1899049e-08
1.7618658e-06
-1.2911489e-08
1.7506088e-06
-1.3898206e-08
1.7390145e-06
-1.4853574e-08
1.7271667e-06
-1.5774824e-08
1.71514e-06
-1.6657598e-08
1.7029948e-06
-1.7499019e-08
1.6907643e-06
-1.8299841e-08
1.6784776e-06
-1.9058854e-08
1.66616e-06
-1.9776048e-08
1.6538327e-06
-2.0450565e-08
1.6415107e-06
-2.1083466e-08
1.6292019e-06
-2.1675659e-08
1.6169083e-06
-2.2225054e-08
1.6046393e-06
-2.2724217e-08
1.5924103e-06
-2.3179684e-08
1.58023e-06
-2.3591017e-08
1.568107e-06
-2.3957259e-08
1.5560505e-06
-2.4276823e-08
1.54407e-06
-2.4547361e-08
1.5321766e-06
-2.4768115e-08
1.5203807e-06
-2.4936155e-08
1.5086952e-06
-2.505207e-08
1.4971337e-06
-2.5113136e-08
1.4857116e-06
-2.5119226e-08
1.4744468e-06
-2.5070306e-08
1.4633571e-06
-2.4965078e-08
1.4524627e-06
-2.4804796e-08
1.441782e-06
-2.4583973e-08
1.4313388e-06
-2.4308945e-08
1.4211558e-06
-2.3977447e-08
1.4112553e-06
-2.3590526e-08
1.401659e-06
-2.3148063e-08
1.392388e-06
-2.2649828e-08
1.3834653e-06
-2.2098166e-08
1.374914e-06
-2.1493245e-08
1.3667561e-06
-2.0835472e-08
1.3590186e-06
-2.013075e-08
1.3517173e-06
-1.9368863e-08
1.3448784e-06
-1.8571365e-08
1.338511e-06
-1.7712146e-08
1.3326506e-06
-1.6818736e-08
1.3273186e-06
-1.5890233e-08
1.3225135e-06
-1.4890674e-08
1.3182637e-06
-1.3858261e-08
1.314593e-06
-1.279287e-08
1.3115098e-06
-1.1692198e-08
1.3091025e-06
-1.0671229e-08
1.3074223e-06
-9.7254436e-09
1.3064802e-06
-8.801647e-09
1.3062338e-06
-7.7926723e-09
1.3066372e-06
-6.6913786e-09
1.3075762e-06
-5.5378755e-09
1.3092061e-06
-4.3177959e-09
1.3116142e-06
-3.088553e-09
1.3147957e-06
-1.8592519e-09
1.3187518e-06
-6.4835515e-10
1.3234937e-06
5.4118265e-10
1.3290242e-06
1.7052546e-09
1.3353242e-06
2.841861e-09
1.3424307e-06
3.957759e-09
1.3503448e-06
5.0357758e-09
1.3590636e-06
6.0752461e-09
1.3685731e-06
7.0747648e-09
1.3788724e-06
8.0391422e-09
1.3899632e-06
8.9600718e-09
1.4018439e-06
9.8375659e-09
1.4145034e-06
1.0671e-08
1.427932e-06
1.1468889e-08
1.4421123e-06
1.2232757e-08
1.4570373e-06
1.2965273e-08
1.4727026e-06
1.3632573e-08
1.4891112e-06
1.4275625e-08
1.5062662e-06
1.4848506e-08
1.5241738e-06
1.5460128e-08
1.5428002e-06
1.5926477e-08
1.5621598e-06
1.6567892e-08
1.5821808e-06
1.6901025e-08
1.6029308e-06
1.7723101e-08
1.6243114e-06
1.7787742e-08
1.6464911e-06
1.9091002e-08
1.669198e-06
1.8593831e-08
1.6926211e-06
2.1063741e-08
1.7161658e-06
1.962981e-08
1.7410703e-06
2.1989515e-08
1.842772e-08
5.6161045e-06
1.3737025e-09
5.6178644e-06
3.0049168e-09
5.6209236e-06
5.6711538e-09
5.6246377e-06
6.7663053e-09
5.6293083e-06
8.7456593e-09
5.6345145e-06
9.7420165e-09
5.6402328e-06
1.081659e-08
5.6462814e-06
1.151368e-08
5.6525184e-06
1.2023829e-08
5.6588682e-06
1.2317243e-08
5.6652351e-06
1.2438989e-08
5.6715698e-06
1.2436412e-08
5.6778268e-06
1.2333763e-08
5.6839743e-06
1.2153883e-08
5.6899855e-06
1.1922877e-08
5.6958485e-06
1.1654971e-08
5.7015537e-06
1.136864e-08
5.7071016e-06
1.1068177e-08
5.7124925e-06
1.0767467e-08
5.7177327e-06
1.0467394e-08
5.7228261e-06
1.0174901e-08
5.7277799e-06
9.8935211e-09
5.7325988e-06
9.6230739e-09
5.7372899e-06
9.3669108e-09
5.7418587e-06
9.1232573e-09
5.7463127e-06
8.8939016e-09
5.7506577e-06
8.676452e-09
5.7549006e-06
8.4729099e-09
5.7590469e-06
8.2803409e-09
5.7631028e-06
8.1008689e-09
5.7670731e-06
7.9307458e-09
5.7709629e-06
7.7721922e-09
5.7747766e-06
7.6212374e-09
5.7785185e-06
7.4809599e-09
5.7821918e-06
7.3461774e-09
5.7858008e-06
7.2211872e-09
5.7893486e-06
7.0998714e-09
5.79284e-06
6.9888477e-09
5.7962766e-06
6.8783268e-09
5.7996633e-06
6.779866e-09
5.8029996e-06
6.6783699e-09
5.806291e-06
6.5901165e-09
5.8095357e-06
6.4975376e-09
5.8127376e-06
6.4164585e-09
5.8158978e-06
6.3330994e-09
5.8190177e-06
6.2582739e-09
5.8221024e-06
6.1820549e-09
5.8251507e-06
6.1137753e-09
5.8281648e-06
6.0431979e-09
5.8311524e-06
5.9748508e-09
5.8341114e-06
5.9108798e-09
5.8370422e-06
5.8516245e-09
5.8399454e-06
5.7949512e-09
5.8428215e-06
5.7394121e-09
5.845672e-06
5.6859686e-09
5.8484965e-06
5.6337575e-09
5.8512975e-06
5.5834657e-09
5.8540722e-06
5.5341731e-09
5.856826e-06
5.4858122e-09
5.8595543e-06
5.4401741e-09
5.8622649e-06
5.392399e-09
5.8649516e-06
5.3497184e-09
5.8676215e-06
5.3016964e-09
5.8702732e-06
5.2611955e-09
5.8729035e-06
5.2168407e-09
5.8755105e-06
5.1788258e-09
5.8780932e-06
5.1390305e-09
5.8806559e-06
5.1041824e-09
5.8831978e-06
5.0696496e-09
5.8857203e-06
5.0366316e-09
5.8882244e-06
5.0044111e-09
5.8907105e-06
4.9718305e-09
5.8931802e-06
4.9408713e-09
5.8956332e-06
4.9085616e-09
5.8980711e-06
4.8793076e-09
5.9004931e-06
4.8469015e-09
5.902901e-06
4.8195523e-09
5.9052935e-06
4.7870432e-09
5.9076717e-06
4.7617097e-09
5.9100345e-06
4.730031e-09
5.9123799e-06
4.705357e-09
5.9147102e-06
4.6751349e-09
5.9170152e-06
4.6493618e-09
5.9193094e-06
4.6198552e-09
5.9215827e-06
4.5906123e-09
5.9238456e-06
4.5599582e-09
5.926102e-06
4.5319242e-09
5.9283533e-06
4.507239e-09
5.930599e-06
4.4832733e-09
5.9328381e-06
4.4605755e-09
5.9350694e-06
4.4388391e-09
5.9372915e-06
4.4176183e-09
5.9395045e-06
4.3966861e-09
5.9417067e-06
4.3760702e-09
5.9438987e-06
4.3554844e-09
5.9460801e-06
4.3358761e-09
5.948251e-06
4.3152792e-09
5.9504119e-06
4.2968114e-09
5.9525619e-06
4.2762394e-09
5.9547048e-06
4.2579074e-09
5.9568365e-06
4.2370965e-09
5.9589673e-06
4.2174779e-09
5.9610873e-06
4.1956358e-09
5.963213e-06
4.1714614e-09
5.9653277e-06
4.146409e-09
5.9674341e-06
4.1216386e-09
5.9695153e-06
4.1020933e-09
5.9715756e-06
4.0857473e-09
5.9736214e-06
4.0730499e-09
5.9756534e-06
4.0606691e-09
5.9776743e-06
4.048887e-09
5.9796848e-06
4.0363801e-09
5.9816868e-06
4.0232448e-09
5.9836805e-06
4.0095367e-09
5.9856666e-06
3.9949959e-09
5.987646e-06
3.9804231e-09
5.9896184e-06
3.9656052e-09
5.9915845e-06
3.9511057e-09
5.9935437e-06
3.9364507e-09
5.9954966e-06
3.9220054e-09
5.9974431e-06
3.9079486e-09
5.9993822e-06
3.8938652e-09
6.0013139e-06
3.8817984e-09
6.003237e-06
3.8678412e-09
6.0051476e-06
3.858236e-09
6.0070459e-06
3.8434878e-09
6.0089223e-06
3.8345296e-09
6.0107857e-06
3.8144625e-09
6.0126248e-06
3.7957504e-09
6.0144672e-06
3.7656949e-09
6.0163201e-06
3.7475605e-09
6.01818e-06
3.7329602e-09
6.0200447e-06
3.7211501e-09
6.0219112e-06
3.7104515e-09
6.0237764e-06
3.7000061e-09
6.025639e-06
3.6899435e-09
6.0274968e-06
3.6796428e-09
6.0293487e-06
3.6692285e-09
6.0311944e-06
3.6590158e-09
6.0330329e-06
3.6483065e-09
6.0348646e-06
3.6380703e-09
6.0366888e-06
3.6277785e-09
6.0385056e-06
3.6175805e-09
6.0403152e-06
3.607429e-09
6.0421185e-06
3.5976058e-09
6.0439155e-06
3.5878713e-09
6.0457069e-06
3.5781729e-09
6.0474938e-06
3.5685686e-09
6.0492789e-06
3.5585663e-09
6.0510648e-06
3.5473073e-09
6.0528552e-06
3.5349328e-09
6.0546586e-06
3.5169569e-09
6.0564641e-06
3.4984589e-09
6.0582658e-06
3.478986e-09
6.0600199e-06
3.4665919e-09
6.061756e-06
3.4635779e-09
6.0634785e-06
3.460312e-09
6.0651894e-06
3.4582373e-09
6.0668907e-06
3.4554475e-09
6.0685818e-06
3.4517158e-09
6.0702639e-06
3.4479068e-09
6.0719384e-06
3.4425724e-09
6.0736085e-06
3.435888e-09
6.0752743e-06
3.4280747e-09
6.076937e-06
3.4198102e-09
6.078597e-06
3.4111602e-09
6.080254e-06
3.4021816e-09
6.0819085e-06
3.3932723e-09
6.0835604e-06
3.384768e-09
6.0852089e-06
3.3761696e-09
6.086854e-06
3.3682612e-09
6.0884957e-06
3.3604568e-09
6.0901332e-06
3.353037e-09
6.0917648e-06
3.3462366e-09
6.0933895e-06
3.3409151e-09
6.095005e-06
3.3357628e-09
6.0966071e-06
3.3326986e-09
6.0981928e-06
3.3289704e-09
6.0997607e-06
3.3219996e-09
6.1013197e-06
3.306682e-09
6.102898e-06
3.2837031e-09
6.10449e-06
3.2736449e-09
6.1060877e-06
3.2664556e-09
6.1076887e-06
3.2605203e-09
6.10929e-06
3.2549368e-09
6.1108904e-06
3.2493856e-09
6.1124885e-06
3.2438234e-09
6.1140839e-06
3.2381027e-09
6.1156758e-06
3.2319427e-09
6.1172645e-06
3.2261185e-09
6.1188489e-06
3.2203813e-09
6.1204297e-06
3.2146885e-09
6.1220065e-06
3.2090495e-09
6.1235791e-06
3.2035103e-09
6.1251479e-06
3.1980019e-09
6.1267124e-06
3.1923433e-09
6.1282738e-06
3.1871563e-09
6.1298315e-06
3.1810705e-09
6.1313867e-06
3.1749603e-09
6.1329383e-06
3.1688971e-09
6.1344868e-06
3.1620706e-09
6.1360311e-06
3.1554195e-09
6.1375698e-06
3.1489908e-09
6.1391049e-06
3.1416256e-09
6.1406245e-06
3.1380383e-09
6.1421369e-06
3.1322789e-09
6.1436437e-06
3.1274516e-09
6.1451386e-06
3.1231924e-09
6.1466227e-06
3.1181226e-09
6.1480985e-06
3.1127505e-09
6.1495658e-06
3.1068077e-09
6.1510255e-06
3.1004115e-09
6.1524779e-06
3.0933842e-09
6.1539231e-06
3.0856318e-09
6.1553623e-06
3.0777212e-09
6.1567951e-06
3.069669e-09
6.158222e-06
3.061134e-09
6.1596433e-06
3.0523744e-09
6.1610587e-06
3.0437146e-09
6.1624678e-06
3.0347174e-09
6.1638709e-06
3.0252765e-09
6.1652673e-06
3.0159466e-09
6.1666574e-06
3.0063645e-09
6.1680413e-06
2.9967384e-09
6.1694187e-06
2.9870617e-09
6.17079e-06
2.9775147e-09
6.1721549e-06
2.9679756e-09
6.173514e-06
2.9587128e-09
6.1748678e-06
2.9497036e-09
6.1762162e-06
2.9408649e-09
6.17756e-06
2.9325826e-09
6.1788989e-06
2.9246738e-09
6.1802339e-06
2.9175662e-09
6.1815652e-06
2.9111722e-09
6.182893e-06
2.9044744e-09
6.1842183e-06
2.8998297e-09
6.1855397e-06
2.8956419e-09
6.1868577e-06
2.8931844e-09
6.1881726e-06
2.8907623e-09
6.1894853e-06
2.88862e-09
6.1907958e-06
2.8868778e-09
6.1921046e-06
2.8859048e-09
6.1934112e-06
2.8854727e-09
6.1947151e-06
2.8852112e-09
6.1960173e-06
2.8852973e-09
6.1973169e-06
2.8856815e-09
6.1986146e-06
2.8861709e-09
6.1999099e-06
2.8868588e-09
6.2012026e-06
2.8876048e-09
6.2024923e-06
2.889021e-09
6.2037809e-06
2.8892595e-09
6.2050699e-06
2.8887386e-09
6.2063558e-06
2.8897764e-09
6.2076394e-06
2.8904923e-09
6.2089204e-06
2.8907734e-09
6.210199e-06
2.890606e-09
6.2114746e-06
2.889514e-09
6.2127472e-06
2.8882843e-09
6.2140167e-06
2.8854155e-09
6.215281e-06
2.8819893e-09
6.2165391e-06
2.8773801e-09
6.2177906e-06
2.870804e-09
6.2190353e-06
2.8617091e-09
6.2202726e-06
2.8502667e-09
6.2215011e-06
2.8369951e-09
6.2227193e-06
2.8216554e-09
6.2239252e-06
2.8038163e-09
6.2251181e-06
2.783525e-09
6.2262962e-06
2.7606659e-09
6.2274584e-06
2.7356162e-09
6.2286035e-06
2.7081968e-09
6.22973e-06
2.6782851e-09
6.230837e-06
2.6466664e-09
6.2319233e-06
2.6133979e-09
6.2329879e-06
2.5783256e-09
6.2340302e-06
2.5416282e-09
6.23505e-06
2.5041995e-09
6.2360469e-06
2.4658573e-09
6.2370211e-06
2.4271962e-09
6.2379729e-06
2.3884503e-09
6.2389019e-06
2.3501818e-09
6.2398085e-06
2.3134032e-09
6.2406933e-06
2.2779321e-09
6.2415573e-06
2.243965e-09
6.2424007e-06
2.2119662e-09
6.2432261e-06
2.1828446e-09
6.2440344e-06
2.1563329e-09
6.2448277e-06
2.133369e-09
6.2456076e-06
2.1135413e-09
6.2463763e-06
2.0976239e-09
6.2471357e-06
2.0855899e-09
6.247888e-06
2.0772859e-09
6.2486353e-06
2.0731057e-09
6.2493797e-06
2.0728512e-09
6.2501229e-06
2.0760926e-09
6.2508676e-06
2.0832753e-09
6.2516149e-06
2.0938353e-09
6.252367e-06
2.1074409e-09
6.2531247e-06
2.1238322e-09
6.2538904e-06
2.1427704e-09
6.2546639e-06
2.1633531e-09
6.2554463e-06
2.1852364e-09
6.2562384e-06
2.2075879e-09
6.2570394e-06
2.229918e-09
6.2578493e-06
2.2515914e-09
6.258667e-06
2.2717268e-09
6.2594909e-06
2.2893842e-09
6.2603192e-06
2.3043669e-09
6.2611496e-06
2.315784e-09
6.2619804e-06
2.3234175e-09
6.2628089e-06
2.3261322e-09
6.2636323e-06
2.3239455e-09
6.2644476e-06
2.3162245e-09
6.2652512e-06
2.3026461e-09
6.2660406e-06
2.2832167e-09
6.2668115e-06
2.2578175e-09
6.2675612e-06
2.2264794e-09
6.2682861e-06
2.1891702e-09
6.268983e-06
2.1464341e-09
6.2696492e-06
2.0987865e-09
6.2702824e-06
2.0465971e-09
6.2708802e-06
1.9909154e-09
6.271441e-06
1.9321691e-09
6.2719638e-06
1.8712845e-09
6.2724478e-06
1.8089445e-09
6.2728927e-06
1.7462951e-09
6.273299e-06
1.6850041e-09
6.2736682e-06
1.6257977e-09
6.2740013e-06
1.5692572e-09
6.2743008e-06
1.5167085e-09
6.2745689e-06
1.4685075e-09
6.2748088e-06
1.4257946e-09
6.2750237e-06
1.388929e-09
6.2752167e-06
1.3586625e-09
6.2753924e-06
1.3351835e-09
6.275554e-06
1.3183863e-09
6.2757057e-06
1.3085861e-09
6.275851e-06
1.3056551e-09
6.2759938e-06
1.3092807e-09
6.2761371e-06
1.3188211e-09
6.2762839e-06
1.333917e-09
6.2764362e-06
1.3540999e-09
6.2765966e-06
1.3785657e-09
6.2767669e-06
1.4063506e-09
6.2769489e-06
1.437102e-09
6.2771426e-06
1.4694512e-09
6.2773493e-06
1.5029427e-09
6.2775685e-06
1.5365771e-09
6.2777992e-06
1.5693979e-09
6.2780404e-06
1.6008816e-09
6.2782899e-06
1.630021e-09
6.2785462e-06
1.6563808e-09
6.2788066e-06
1.6791164e-09
6.2790689e-06
1.6981003e-09
6.2793303e-06
1.712158e-09
6.2795875e-06
1.7215736e-09
6.2798372e-06
1.7257182e-09
6.2800765e-06
1.7247839e-09
6.2803021e-06
1.7183326e-09
6.2805097e-06
1.7066366e-09
6.280697e-06
1.6902248e-09
6.2808605e-06
1.6688602e-09
6.2809974e-06
1.6430803e-09
6.2811046e-06
1.6138682e-09
6.2811788e-06
1.581419e-09
6.2812181e-06
1.546792e-09
6.281224e-06
1.5085231e-09
6.2811947e-06
1.4688357e-09
6.2811245e-06
1.4300916e-09
6.2810129e-06
1.3911978e-09
6.2808576e-06
1.3531265e-09
6.280658e-06
1.3174666e-09
6.2804094e-06
1.2840635e-09
6.2801095e-06
1.2511312e-09
6.2797505e-06
1.2235959e-09
6.2793258e-06
1.1943344e-09
6.2788263e-06
1.1772587e-09
6.2782454e-06
1.1484014e-09
6.2775487e-06
1.1462711e-09
6.2767225e-06
1.1313954e-09
6.2757304e-06
1.1284769e-09
6.2745325e-06
1.1283539e-09
6.2730751e-06
1.1355339e-09
6.2712909e-06
1.1488388e-09
6.2690961e-06
1.1681935e-09
6.2663864e-06
1.1950729e-09
6.2630347e-06
1.2294503e-09
6.2588863e-06
1.2722019e-09
6.2537558e-06
1.3240209e-09
6.2474222e-06
1.3865122e-09
6.2396269e-06
1.459759e-09
6.230071e-06
1.5440831e-09
6.2184087e-06
1.6431811e-09
6.2042521e-06
1.7578272e-09
6.1871732e-06
1.8842075e-09
6.1667067e-06
2.0194082e-09
6.1423416e-06
2.166177e-09
6.1135151e-06
2.3361042e-09
6.0796405e-06
2.5288194e-09
6.0401534e-06
2.7619933e-09
5.9946367e-06
2.9225387e-09
5.9429009e-06
2.8960669e-09
5.8843016e-06
2.8003027e-09
5.8172635e-06
3.9358472e-09
5.7423268e-06
4.0285646e-09
5.6606857e-06
4.2573043e-09
5.5714253e-06
4.4594919e-09
5.4743939e-06
4.7889572e-09
5.3698685e-06
5.1207318e-09
5.2584183e-06
5.3982316e-09
5.1407036e-06
5.6806488e-09
5.0175127e-06
5.9562759e-09
4.8896419e-06
6.2171233e-09
4.7580133e-06
6.4782943e-09
4.6236045e-06
6.7256667e-09
4.4874399e-06
6.9571189e-09
4.3505104e-06
7.1767712e-09
4.2138056e-06
7.385585e-09
4.078266e-06
7.5802706e-09
3.9447448e-06
7.7544975e-09
3.8139984e-06
7.9096023e-09
3.6866868e-06
8.0391764e-09
3.5633744e-06
8.1530782e-09
3.4445045e-06
8.248465e-09
3.3304175e-06
8.3306819e-09
3.2213457e-06
8.3861829e-09
3.1174229e-06
8.4387546e-09
3.0187038e-06
8.4578371e-09
2.9251432e-06
8.470499e-09
2.836641e-06
8.4609746e-09
2.7530331e-06
8.4486431e-09
2.6741124e-06
8.4323557e-09
2.5996484e-06
8.4053342e-09
2.5293897e-06
8.3738105e-09
2.4630705e-06
8.3336089e-09
2.4004176e-06
8.2842857e-09
2.341162e-06
8.2271967e-09
2.2850426e-06
8.1638936e-09
2.2318052e-06
8.0943172e-09
2.1812069e-06
8.020407e-09
2.1330196e-06
7.9425195e-09
2.0870327e-06
7.8603133e-09
2.0430536e-06
7.773485e-09
2.0009072e-06
7.6806801e-09
1.9604372e-06
7.5806939e-09
1.9215041e-06
7.4722468e-09
1.8839851e-06
7.3562871e-09
1.8477751e-06
7.2329533e-09
1.8127829e-06
7.1010673e-09
1.778927e-06
6.9614257e-09
1.7461373e-06
6.8135506e-09
1.7143542e-06
6.6571726e-09
1.6835278e-06
6.4924817e-09
1.6536152e-06
6.3214465e-09
1.6245791e-06
6.1447389e-09
1.5963884e-06
5.9629457e-09
1.5690193e-06
5.7734209e-09
1.5424504e-06
5.573634e-09
1.5166598e-06
5.367204e-09
1.4916285e-06
5.1530971e-09
1.4673368e-06
4.9353104e-09
1.4437625e-06
4.7134079e-09
1.4208905e-06
4.4828692e-09
1.398691e-06
4.2528447e-09
1.3771375e-06
4.0001265e-09
1.356253e-06
3.6899319e-09
1.3360335e-06
3.3627785e-09
1.3164299e-06
3.0733815e-09
1.2974115e-06
2.7965519e-09
1.2789572e-06
2.5257707e-09
1.2610478e-06
2.2562943e-09
1.2436691e-06
1.9844006e-09
1.2268075e-06
1.7127317e-09
1.2104493e-06
1.4398878e-09
1.1945809e-06
1.1658772e-09
1.1791865e-06
8.9118979e-10
1.1642486e-06
6.1636918e-10
1.1497497e-06
3.4136116e-10
1.135673e-06
6.584111e-11
1.1220039e-06
-2.1063773e-10
1.1087293e-06
-4.8728532e-10
1.0958335e-06
-7.6047479e-10
1.0832946e-06
-1.0238965e-09
1.0710945e-06
-1.2781793e-09
1.0592213e-06
-1.5259349e-09
1.0476646e-06
-1.7667086e-09
1.0364137e-06
-1.9989339e-09
1.0254584e-06
-2.2206632e-09
1.0147892e-06
-2.4303648e-09
1.0043989e-06
-2.6266918e-09
9.9428163e-07
-2.808858e-09
9.8442996e-07
-2.9759817e-09
9.7483639e-07
-3.1276741e-09
9.6549396e-07
-3.2639478e-09
9.5639654e-07
-3.3849736e-09
9.4753832e-07
-3.4911141e-09
9.389138e-07
-3.5823873e-09
9.3051746e-07
-3.6589256e-09
9.2234499e-07
-3.7203347e-09
9.1439339e-07
-3.7660652e-09
9.066606e-07
-3.7954839e-09
8.9914536e-07
-3.8081152e-09
8.91847e-07
-3.8033856e-09
8.8476538e-07
-3.7812664e-09
8.7790064e-07
-3.7413388e-09
8.7125305e-07
-3.6833465e-09
8.6482344e-07
-3.6074876e-09
8.586133e-07
-3.5147001e-09
8.5262421e-07
-3.4049474e-09
8.4685777e-07
-3.278446e-09
8.4131601e-07
-3.1349683e-09
8.3600095e-07
-2.9752227e-09
8.309154e-07
-2.7987648e-09
8.2606193e-07
-2.6065483e-09
8.2144431e-07
-2.3980538e-09
8.1706673e-07
-2.1765008e-09
8.1293556e-07
-1.9420963e-09
8.0905362e-07
-1.6927779e-09
8.0542357e-07
-1.429346e-09
8.0204832e-07
-1.1521637e-09
7.9892878e-07
-8.6011909e-10
7.9606813e-07
-5.592895e-10
7.934691e-07
-2.4661517e-10
7.9113078e-07
7.1407769e-11
7.8903444e-07
4.1797987e-10
7.871794e-07
7.6612316e-10
7.8561738e-07
1.0097927e-09
7.8434284e-07
1.2118675e-09
7.83335e-07
1.4732238e-09
7.8256991e-07
1.8048585e-09
7.8206513e-07
2.1418485e-09
7.8183537e-07
2.4667277e-09
7.8185503e-07
2.8135756e-09
7.8213094e-07
3.1614551e-09
7.8268069e-07
3.4948022e-09
7.8350194e-07
3.820781e-09
7.8459326e-07
4.1331747e-09
7.859446e-07
4.4465556e-09
7.8755719e-07
4.7464175e-09
7.894269e-07
5.0363842e-09
7.9154701e-07
5.3213753e-09
7.9393741e-07
5.5865459e-09
7.9660958e-07
5.8484835e-09
7.9948916e-07
6.0929346e-09
8.0261053e-07
6.3359749e-09
8.0599641e-07
6.5649561e-09
8.0963509e-07
6.784973e-09
8.1351528e-07
6.9940835e-09
8.1762422e-07
7.1930022e-09
8.2197206e-07
7.3821682e-09
8.2656807e-07
7.5568218e-09
8.3141684e-07
7.7200601e-09
8.3651377e-07
7.8792839e-09
8.4185088e-07
8.034136e-09
8.4743099e-07
8.1850713e-09
8.532558e-07
8.3297986e-09
8.5932821e-07
8.4677629e-09
8.6565089e-07
8.5986378e-09
8.7222763e-07
8.7218033e-09
8.7906242e-07
8.8383576e-09
8.8616087e-07
8.9494518e-09
8.9352355e-07
9.0584034e-09
9.0114952e-07
9.1666643e-09
9.090478e-07
9.2686556e-09
9.1722908e-07
9.364117e-09
9.2569867e-07
9.4571595e-09
9.344633e-07
9.5471879e-09
9.4353201e-07
9.6328092e-09
9.5290936e-07
9.7144963e-09
9.626042e-07
9.7874224e-09
9.7263279e-07
9.8453738e-09
9.8300371e-07
9.8899937e-09
9.9372147e-07
9.9213442e-09
1.0047896e-06
9.9396256e-09
1.0162112e-06
9.9448791e-09
1.0279864e-06
9.9366986e-09
1.0401156e-06
9.9144404e-09
1.0526079e-06
9.8763642e-09
1.0654698e-06
9.8202362e-09
1.0787048e-06
9.7453459e-09
1.0923156e-06
9.6519739e-09
1.1063022e-06
9.5406856e-09
1.1206666e-06
9.4112735e-09
1.1354128e-06
9.2638093e-09
1.1505461e-06
9.0995034e-09
1.1660722e-06
8.921289e-09
1.1819962e-06
8.7329268e-09
1.1983225e-06
8.5375267e-09
1.2150577e-06
8.3373521e-09
1.2322097e-06
8.1342191e-09
1.2497871e-06
7.9301996e-09
1.2677979e-06
7.7277802e-09
1.2862489e-06
7.5295694e-09
1.3051452e-06
7.33742e-09
1.3244894e-06
7.1523778e-09
1.3442813e-06
6.9750294e-09
1.3645165e-06
6.8058164e-09
1.3851863e-06
6.6450121e-09
1.4062761e-06
6.4925811e-09
1.427765e-06
6.3482042e-09
1.4496251e-06
6.2115055e-09
1.4718199e-06
6.0817875e-09
1.4943039e-06
5.9580572e-09
1.5170212e-06
5.8391691e-09
1.5399048e-06
5.7234066e-09
1.5628754e-06
5.6085114e-09
1.5858412e-06
5.4917098e-09
1.6086965e-06
5.3700075e-09
1.6313222e-06
5.239968e-09
1.6535863e-06
5.0980833e-09
1.6753446e-06
4.9411435e-09
1.6964417e-06
4.7655249e-09
1.7167148e-06
4.5673811e-09
1.7359958e-06
4.3450714e-09
1.7541163e-06
4.0949266e-09
1.7709137e-06
3.8129504e-09
1.7862311e-06
3.5058441e-09
1.7999243e-06
3.157091e-09
1.8118563e-06
2.7796641e-09
1.8219324e-06
2.3445805e-09
1.830104e-06
1.8415318e-09
1.8363436e-06
1.3347945e-09
1.8406572e-06
7.7951823e-10
1.8427367e-06
2.8488634e-10
1.843201e-06
-1.956999e-10
1.8428309e-06
-1.0424945e-09
1.8410578e-06
-1.9430457e-09
1.8375382e-06
-2.6916274e-09
1.8325301e-06
-3.6206678e-09
1.8262201e-06
-4.4819441e-09
1.8187488e-06
-5.2841691e-09
1.8103201e-06
-6.0587175e-09
1.8011085e-06
-6.7866481e-09
1.791274e-06
-7.501582e-09
1.7809585e-06
-8.1963085e-09
1.7702804e-06
-8.874403e-09
1.7593382e-06
-9.537116e-09
1.7482124e-06
-1.0179901e-08
1.7369658e-06
-1.0799349e-08
1.7256476e-06
-1.1391696e-08
1.7142981e-06
-1.1957511e-08
1.7029497e-06
-1.2498877e-08
1.6916278e-06
-1.301526e-08
1.6803515e-06
-1.3505904e-08
1.6691355e-06
-1.3969756e-08
1.6579895e-06
-1.440546e-08
1.6469194e-06
-1.4811967e-08
1.635931e-06
-1.5188395e-08
1.6250381e-06
-1.5535678e-08
1.6142491e-06
-1.5855278e-08
1.6035703e-06
-1.6145334e-08
1.5930077e-06
-1.6404861e-08
1.582569e-06
-1.6633367e-08
1.5722617e-06
-1.6828566e-08
1.5620962e-06
-1.699206e-08
1.552082e-06
-1.7119216e-08
1.5422322e-06
-1.7213566e-08
1.5325616e-06
-1.727197e-08
1.5230833e-06
-1.7290261e-08
1.5138184e-06
-1.7275075e-08
1.5047854e-06
-1.7223148e-08
1.496e-06
-1.7135486e-08
1.4874757e-06
-1.7006481e-08
1.4792357e-06
-1.6839743e-08
1.4713141e-06
-1.6639085e-08
1.4637289e-06
-1.6398577e-08
1.4564978e-06
-1.6121219e-08
1.4496393e-06
-1.5805452e-08
1.4431745e-06
-1.5453662e-08
1.4371269e-06
-1.5066827e-08
1.4315149e-06
-1.4638866e-08
1.4263726e-06
-1.4188419e-08
1.4217262e-06
-1.3682705e-08
1.4175903e-06
-1.3171042e-08
1.4139064e-06
-1.2622882e-08
1.4107884e-06
-1.2026671e-08
1.4082942e-06
-1.1437127e-08
1.4064003e-06
-1.0767429e-08
1.4051104e-06
-1.0069658e-08
1.4043822e-06
-9.283192e-09
1.4042057e-06
-8.439073e-09
1.4047311e-06
-7.827007e-09
1.4060754e-06
-7.4025452e-09
1.4081328e-06
-6.8830137e-09
1.4108506e-06
-6.2131154e-09
1.4142385e-06
-5.4498934e-09
1.418296e-06
-4.6151523e-09
1.423105e-06
-3.7595034e-09
1.4287006e-06
-2.9055816e-09
1.4351083e-06
-2.0644131e-09
1.4423331e-06
-1.2376815e-09
1.4503826e-06
-4.261973e-10
1.4592608e-06
3.7099879e-10
1.4689657e-06
1.1547723e-09
1.4795041e-06
1.9250384e-09
1.4908685e-06
2.6768698e-09
1.5030562e-06
3.4028265e-09
1.516072e-06
4.0931423e-09
1.5299242e-06
4.7491899e-09
1.5446045e-06
5.3794684e-09
1.560102e-06
5.9865446e-09
1.5764058e-06
6.5691279e-09
1.5935134e-06
7.1279715e-09
1.6114285e-06
7.6589135e-09
1.6301551e-06
8.1644265e-09
1.6496753e-06
8.6292262e-09
1.6699815e-06
9.0824535e-09
1.6910591e-06
9.4865982e-09
1.7129186e-06
9.9259778e-09
1.7355296e-06
1.025727e-08
1.7589229e-06
1.0738159e-08
1.7830554e-06
1.0961031e-08
1.808025e-06
1.1581013e-08
1.8336369e-06
1.164689e-08
1.8602965e-06
1.255121e-08
1.8872037e-06
1.2457478e-08
1.915861e-06
1.3833177e-08
1.9426498e-06
1.4930521e-08
1.9718267e-06
1.5507032e-08
1.13765e-08
5.6160327e-06
7.319545e-10
5.6176002e-06
1.4374271e-09
5.6204603e-06
2.8109901e-09
5.6239364e-06
3.289871e-09
5.6283816e-06
4.3003179e-09
5.6333383e-06
4.785734e-09
5.6388221e-06
5.3326628e-09
5.6446485e-06
5.6870597e-09
5.6507257e-06
5.9465468e-09
5.6569348e-06
6.1079413e-09
5.6631929e-06
6.1806533e-09
5.6694478e-06
6.1812861e-09
5.6756435e-06
6.1377845e-09
5.6817392e-06
6.0580043e-09
5.6877121e-06
5.9496386e-09
5.6935457e-06
5.8213008e-09
5.6992327e-06
5.6813381e-09
5.704766e-06
5.5345395e-09
5.7101471e-06
5.3859308e-09
5.7153758e-06
5.2381735e-09
5.720457e-06
5.0935376e-09
5.7253964e-06
4.953614e-09
5.7302001e-06
4.8189528e-09
5.7348756e-06
4.6911985e-09
5.7394291e-06
4.5690043e-09
5.7438683e-06
4.4541184e-09
5.7481992e-06
4.344999e-09
5.7524286e-06
4.2428714e-09
5.7565625e-06
4.1461843e-09
5.7606069e-06
4.0557726e-09
5.7645667e-06
3.9702721e-09
5.7684476e-06
3.8905332e-09
5.7722539e-06
3.814685e-09
5.7759902e-06
3.7438319e-09
5.7796598e-06
3.675801e-09
5.7832675e-06
3.6126435e-09
5.7868152e-06
3.5512966e-09
5.7903081e-06
3.4951437e-09
5.7937461e-06
3.4394305e-09
5.7971357e-06
3.3893772e-09
5.8004746e-06
3.3384167e-09
5.8037705e-06
3.2932079e-09
5.80702e-06
3.2470564e-09
5.8102305e-06
3.2049092e-09
5.813399e-06
3.1635015e-09
5.816531e-06
3.1252467e-09
5.8196236e-06
3.0880751e-09
5.8226828e-06
3.0537755e-09
5.8257057e-06
3.0191472e-09
5.8286928e-06
2.9865461e-09
5.8316473e-06
2.9549461e-09
5.8345727e-06
2.9249421e-09
5.8374697e-06
2.8964564e-09
5.8403389e-06
2.8688247e-09
5.843181e-06
2.8426341e-09
5.845997e-06
2.8162441e-09
5.8487871e-06
2.7916376e-09
5.8515531e-06
2.7666021e-09
5.8542939e-06
2.7434948e-09
5.8570123e-06
2.7199687e-09
5.8597056e-06
2.6974809e-09
5.8623778e-06
2.6757938e-09
5.8650242e-06
2.6535156e-09
5.8676513e-06
2.6324916e-09
5.870254e-06
2.6127474e-09
5.8728365e-06
2.5942866e-09
5.8754003e-06
2.5731781e-09
5.8779482e-06
2.5542133e-09
5.8804804e-06
2.5356579e-09
5.8829971e-06
2.5178459e-09
5.8854986e-06
2.5008635e-09
5.8879844e-06
2.4838682e-09
5.8904551e-06
2.4681541e-09
5.89291e-06
2.4515172e-09
5.8953504e-06
2.4366966e-09
5.8977743e-06
2.420403e-09
5.900185e-06
2.4064004e-09
5.9025789e-06
2.3906983e-09
5.9049613e-06
2.376896e-09
5.9073266e-06
2.3617743e-09
5.9096822e-06
2.3470847e-09
5.9120224e-06
2.3322051e-09
5.9143521e-06
2.3165723e-09
5.91667e-06
2.2990898e-09
5.9189713e-06
2.2864524e-09
5.9212558e-06
2.272714e-09
5.9235249e-06
2.2598896e-09
5.9257801e-06
2.2487621e-09
5.9280218e-06
2.2384015e-09
5.9302511e-06
2.2284286e-09
5.9324684e-06
2.2187403e-09
5.9346745e-06
2.2086404e-09
5.9368692e-06
2.1984823e-09
5.9390536e-06
2.1885511e-09
5.9412272e-06
2.178306e-09
5.9433909e-06
2.1685285e-09
5.9455446e-06
2.1582545e-09
5.9476884e-06
2.1489437e-09
5.9498227e-06
2.138457e-09
5.9519471e-06
2.130367e-09
5.9540609e-06
2.1193682e-09
5.9561629e-06
2.1124094e-09
5.9582535e-06
2.100971e-09
5.9603271e-06
2.0938704e-09
5.9623887e-06
2.0814293e-09
5.9644344e-06
2.0726159e-09
5.966472e-06
2.0605611e-09
5.9685049e-06
2.0488313e-09
5.9705347e-06
2.03916e-09
5.972561e-06
2.0302591e-09
5.9745834e-06
2.0222477e-09
5.9766007e-06
2.0146014e-09
5.9786123e-06
2.0070114e-09
5.9806173e-06
1.9997164e-09
5.9826152e-06
1.9925466e-09
5.9846063e-06
1.985351e-09
5.9865893e-06
1.9781492e-09
5.9885651e-06
1.9708484e-09
5.9905329e-06
1.9635897e-09
5.9924935e-06
1.9566908e-09
5.9944468e-06
1.949926e-09
5.9963929e-06
1.9429751e-09
5.9983335e-06
1.9360549e-09
6.0002671e-06
1.9290036e-09
6.0021988e-06
1.9218112e-09
6.0041242e-06
1.912956e-09
6.0060496e-06
1.9040702e-09
6.0079688e-06
1.8900672e-09
6.0098786e-06
1.8802866e-09
6.0117683e-06
1.8702608e-09
6.0136454e-06
1.8647439e-09
6.0155128e-06
1.8606041e-09
6.017371e-06
1.8570954e-09
6.0192218e-06
1.8539588e-09
6.0210656e-06
1.8507085e-09
6.0229032e-06
1.846777e-09
6.0247345e-06
1.8426367e-09
6.02656e-06
1.8379023e-09
6.0283798e-06
1.8330573e-09
6.0301944e-06
1.8279271e-09
6.0320036e-06
1.822849e-09
6.0338074e-06
1.8171402e-09
6.0356068e-06
1.8120971e-09
6.037401e-06
1.8065509e-09
6.0391902e-06
1.8018294e-09
6.040975e-06
1.7968604e-09
6.0427544e-06
1.7921149e-09
6.0445286e-06
1.7875399e-09
6.0462965e-06
1.7838051e-09
6.0480566e-06
1.7806094e-09
6.0498077e-06
1.7766051e-09
6.0515441e-06
1.7735631e-09
6.0532692e-06
1.7662454e-09
6.0549787e-06
1.7618995e-09
6.0566899e-06
1.7481385e-09
6.0584062e-06
1.7397985e-09
6.0601249e-06
1.7338118e-09
6.0618457e-06
1.7294584e-09
6.0635674e-06
1.7258572e-09
6.065289e-06
1.7226789e-09
6.0670098e-06
1.7191337e-09
6.068729e-06
1.7154815e-09
6.0704451e-06
1.7115465e-09
6.0721572e-06
1.707563e-09
6.0738653e-06
1.703476e-09
6.0755686e-06
1.6993469e-09
6.0772668e-06
1.695498e-09
6.0789604e-06
1.6919559e-09
6.0806482e-06
1.6880661e-09
6.082331e-06
1.6846133e-09
6.0840092e-06
1.6811041e-09
6.0856825e-06
1.6777695e-09
6.0873521e-06
1.6745072e-09
6.0890182e-06
1.6711157e-09
6.0906819e-06
1.6676296e-09
6.092345e-06
1.6637882e-09
6.0940086e-06
1.6592505e-09
6.0956743e-06
1.6533801e-09
6.0973408e-06
1.645585e-09
6.0990001e-06
1.6375314e-09
6.100641e-06
1.6332176e-09
6.102272e-06
1.6321948e-09
6.1038969e-06
1.6312627e-09
6.1055159e-06
1.6304442e-09
6.1071304e-06
1.6295489e-09
6.1087407e-06
1.628401e-09
6.1103463e-06
1.626915e-09
6.1119478e-06
1.6252919e-09
6.1135453e-06
1.6234845e-09
6.1151386e-06
1.6215207e-09
6.1167276e-06
1.6195889e-09
6.1183131e-06
1.6175949e-09
6.1198945e-06
1.6155517e-09
6.1214723e-06
1.6136363e-09
6.1230466e-06
1.6114883e-09
6.1246176e-06
1.6093282e-09
6.1261844e-06
1.606999e-09
6.1277479e-06
1.6050334e-09
6.1293077e-06
1.602638e-09
6.1308632e-06
1.6000401e-09
6.1324145e-06
1.597158e-09
6.1339618e-06
1.5941799e-09
6.1355061e-06
1.5907369e-09
6.1370466e-06
1.5866508e-09
6.1385875e-06
1.5830004e-09
6.1401253e-06
1.5798101e-09
6.141661e-06
1.5772019e-09
6.1431956e-06
1.5729991e-09
6.1447296e-06
1.5689889e-09
6.1462619e-06
1.5649331e-09
6.1477915e-06
1.560954e-09
6.1493186e-06
1.5568884e-09
6.1508423e-06
1.5525319e-09
6.152362e-06
1.5486123e-09
6.1538781e-06
1.5448665e-09
6.1553896e-06
1.5405717e-09
6.1568964e-06
1.5366544e-09
6.1583986e-06
1.5324448e-09
6.1598956e-06
1.5281025e-09
6.1613877e-06
1.5236736e-09
6.1628751e-06
1.5192239e-09
6.164357e-06
1.5146315e-09
6.1658338e-06
1.5101689e-09
6.1673047e-06
1.5057959e-09
6.1687704e-06
1.5011872e-09
6.1702306e-06
1.4966091e-09
6.1716852e-06
1.4923729e-09
6.1731347e-06
1.4881505e-09
6.1745785e-06
1.4841701e-09
6.1760167e-06
1.4805721e-09
6.1774501e-06
1.4772712e-09
6.1788782e-06
1.4740955e-09
6.1803015e-06
1.4712178e-09
6.1817207e-06
1.4689188e-09
6.1831341e-06
1.4668813e-09
6.1845447e-06
1.4647874e-09
6.1859521e-06
1.4633987e-09
6.1873572e-06
1.4625123e-09
6.1887606e-06
1.4621024e-09
6.1901618e-06
1.461784e-09
6.1915607e-06
1.4615265e-09
6.1929579e-06
1.4614558e-09
6.1943541e-06
1.4617356e-09
6.1957495e-06
1.4621095e-09
6.1971439e-06
1.4624018e-09
6.1985372e-06
1.4628641e-09
6.19993e-06
1.4636505e-09
6.2013226e-06
1.4642141e-09
6.2027145e-06
1.4647497e-09
6.2041063e-06
1.4656201e-09
6.2054974e-06
1.4660184e-09
6.2068871e-06
1.4664359e-09
6.2082758e-06
1.4672659e-09
6.2096646e-06
1.4680257e-09
6.2110527e-06
1.4684964e-09
6.2124397e-06
1.4686505e-09
6.213825e-06
1.46848e-09
6.2152086e-06
1.4678143e-09
6.2165896e-06
1.4669075e-09
6.2179674e-06
1.4660952e-09
6.2193426e-06
1.4637762e-09
6.2207149e-06
1.4595871e-09
6.2220818e-06
1.4548016e-09
6.2234416e-06
1.4497101e-09
6.2247933e-06
1.4437904e-09
6.2261363e-06
1.4363937e-09
6.2274693e-06
1.4277082e-09
6.2287911e-06
1.4177339e-09
6.2301006e-06
1.4067516e-09
6.2313961e-06
1.3943615e-09
6.2326767e-06
1.3809283e-09
6.2339415e-06
1.3662929e-09
6.2351893e-06
1.3506494e-09
6.236419e-06
1.3339969e-09
6.2376301e-06
1.3167991e-09
6.238822e-06
1.2989498e-09
6.2399934e-06
1.2804136e-09
6.2411445e-06
1.2617436e-09
6.242275e-06
1.2426091e-09
6.2433849e-06
1.2237531e-09
6.2444742e-06
1.2050663e-09
6.245544e-06
1.1872161e-09
6.2465948e-06
1.169858e-09
6.2476273e-06
1.1531656e-09
6.2486424e-06
1.1377641e-09
6.2496418e-06
1.1237438e-09
6.250627e-06
1.1110215e-09
6.2515992e-06
1.0998975e-09
6.2525607e-06
1.0907448e-09
6.2535132e-06
1.0833432e-09
6.2544582e-06
1.0776762e-09
6.2553985e-06
1.0739671e-09
6.2563353e-06
1.0722214e-09
6.2572712e-06
1.0725212e-09
6.2582081e-06
1.074608e-09
6.2591473e-06
1.0786776e-09
6.2600911e-06
1.08425e-09
6.2610408e-06
1.0912342e-09
6.2619979e-06
1.099739e-09
6.2629636e-06
1.1093575e-09
6.2639386e-06
1.1197168e-09
6.2649236e-06
1.1306374e-09
6.2659192e-06
1.141867e-09
6.2669247e-06
1.153142e-09
6.2679403e-06
1.1640178e-09
6.2689645e-06
1.1741434e-09
6.2699963e-06
1.1830568e-09
6.2710341e-06
1.1906471e-09
6.2720766e-06
1.1964763e-09
6.273121e-06
1.2002372e-09
6.2741652e-06
1.2019337e-09
6.2752064e-06
1.2009593e-09
6.2762416e-06
1.197145e-09
6.2772679e-06
1.1907733e-09
6.2782829e-06
1.181284e-09
6.2792826e-06
1.168825e-09
6.2802635e-06
1.1534516e-09
6.2812236e-06
1.1354113e-09
6.2821596e-06
1.1143344e-09
6.283069e-06
1.0910957e-09
6.283949e-06
1.0657417e-09
6.2847981e-06
1.0385848e-09
6.285615e-06
1.0099406e-09
6.2863979e-06
9.8006447e-10
6.2871461e-06
9.4973363e-10
6.2878599e-06
9.1929708e-10
6.2885395e-06
8.8933483e-10
6.2891863e-06
8.6071106e-10
6.2898016e-06
8.3328544e-10
6.2903873e-06
8.0771212e-10
6.2909463e-06
7.8434059e-10
6.2914805e-06
7.6365891e-10
6.2919937e-06
7.4586559e-10
6.2924888e-06
7.3102768e-10
6.2929693e-06
7.1958395e-10
6.293439e-06
7.1175554e-10
6.2939015e-06
7.0722894e-10
6.2943602e-06
7.059735e-10
6.2948186e-06
7.0795592e-10
6.2952794e-06
7.1296746e-10
6.2957455e-06
7.2065287e-10
6.2962197e-06
7.3079942e-10
6.2967039e-06
7.428036e-10
6.2971998e-06
7.5709705e-10
6.2977083e-06
7.7213036e-10
6.2982307e-06
7.8842444e-10
6.2987674e-06
8.0521145e-10
6.2993179e-06
8.2207885e-10
6.2998818e-06
8.3840668e-10
6.3004581e-06
8.5436769e-10
6.3010456e-06
8.6898888e-10
6.3016425e-06
8.8228802e-10
6.3022471e-06
8.9393204e-10
6.3028563e-06
9.0346175e-10
6.303468e-06
9.1071906e-10
6.3040794e-06
9.1569907e-10
6.3046878e-06
9.1839469e-10
6.3052901e-06
9.1820729e-10
6.3058832e-06
9.1555963e-10
6.3064645e-06
9.1014352e-10
6.3070306e-06
9.0234664e-10
6.3075788e-06
8.9216901e-10
6.3081071e-06
8.8011376e-10
6.3086127e-06
8.6595753e-10
6.3090933e-06
8.5054808e-10
6.3095478e-06
8.3403018e-10
6.3099727e-06
8.1499785e-10
6.3103671e-06
7.9634166e-10
6.3107297e-06
7.7743945e-10
6.3110594e-06
7.5885787e-10
6.3113535e-06
7.4064221e-10
6.3116102e-06
7.2349993e-10
6.3118271e-06
7.064993e-10
6.3119962e-06
6.9202288e-10
6.3121135e-06
6.7971984e-10
6.3121663e-06
6.6774986e-10
6.3121566e-06
6.5197181e-10
6.31205e-06
6.4051742e-10
6.3118347e-06
6.4414563e-10
6.3114771e-06
6.3754424e-10
6.3109445e-06
6.3576922e-10
6.3101882e-06
6.3556138e-10
6.309146e-06
6.4073324e-10
6.3077412e-06
6.4782402e-10
6.3058781e-06
6.5849903e-10
6.3034369e-06
6.733214e-10
6.3002723e-06
6.9158146e-10
6.2962071e-06
7.1413142e-10
6.2910286e-06
7.4146733e-10
6.2844866e-06
7.7439299e-10
6.2762868e-06
8.120522e-10
6.2660886e-06
8.5594731e-10
6.2535041e-06
9.0693497e-10
6.2381011e-06
9.6455288e-10
6.2193969e-06
1.0258021e-09
6.1968606e-06
1.0946857e-09
6.1699212e-06
1.1791106e-09
6.1379992e-06
1.2727019e-09
6.1005048e-06
1.3774093e-09
6.056957e-06
1.4056862e-09
6.0067267e-06
1.4171038e-09
5.948905e-06
1.6313955e-09
5.8829361e-06
1.900776e-09
5.8099652e-06
1.9290205e-09
5.7286263e-06
2.0660855e-09
5.6389628e-06
2.2260407e-09
5.5410668e-06
2.3502649e-09
5.4352979e-06
2.4834357e-09
5.3220758e-06
2.6201428e-09
5.2019299e-06
2.7596743e-09
5.0755991e-06
2.9038301e-09
4.9439531e-06
3.0426657e-09
4.8079652e-06
3.1738869e-09
4.6686966e-06
3.300817e-09
4.5272394e-06
3.4213228e-09
4.3846963e-06
3.5332817e-09
4.2421524e-06
3.6363823e-09
4.1006399e-06
3.7322403e-09
3.9611129e-06
3.8200949e-09
3.8244231e-06
3.8974566e-09
3.6913131e-06
3.9659045e-09
3.5624001e-06
4.0262291e-09
3.4381882e-06
4.0779904e-09
3.3190596e-06
4.1198116e-09
3.2052816e-06
4.1551815e-09
3.0970049e-06
4.1789461e-09
2.9942943e-06
4.2021893e-09
2.8971143e-06
4.2092068e-09
2.805369e-06
4.2142552e-09
2.7188962e-06
4.2073043e-09
2.6374941e-06
4.1984864e-09
2.5609218e-06
4.1877359e-09
2.4889091e-06
4.1706132e-09
2.4211697e-06
4.1516377e-09
2.3574065e-06
4.1283728e-09
2.2973198e-06
4.1014006e-09
2.2406158e-06
4.0712496e-09
2.1870113e-06
4.0382901e-09
2.136236e-06
4.003315e-09
2.0880377e-06
3.9662909e-09
2.0421837e-06
3.9272869e-09
1.9984602e-06
3.8863219e-09
1.9566745e-06
3.8431538e-09
1.9166524e-06
3.7969579e-09
1.8782398e-06
3.7472807e-09
1.8413006e-06
3.6936258e-09
1.8057168e-06
3.6362895e-09
1.7713863e-06
3.5750527e-09
1.7382208e-06
3.5096632e-09
1.7061449e-06
3.4402583e-09
1.6750945e-06
3.3667469e-09
1.6450144e-06
3.2892262e-09
1.6158576e-06
3.2078753e-09
1.5875852e-06
3.1233705e-09
1.5601643e-06
3.0355247e-09
1.5335667e-06
2.9446183e-09
1.5077651e-06
2.8502853e-09
1.4827342e-06
2.750554e-09
1.4584513e-06
2.6479055e-09
1.4348959e-06
2.5411251e-09
1.4120496e-06
2.4324223e-09
1.3898893e-06
2.3270328e-09
1.3683966e-06
2.2158768e-09
1.3475678e-06
2.092444e-09
1.3273666e-06
1.9669821e-09
1.3077365e-06
1.826717e-09
1.2886851e-06
1.6481274e-09
1.2702198e-06
1.4845027e-09
1.2523072e-06
1.3507191e-09
1.2349316e-06
1.2225372e-09
1.2180761e-06
1.0961276e-09
1.2017247e-06
9.669181e-10
1.1858643e-06
8.3420204e-10
1.1704787e-06
6.9931883e-10
1.1555504e-06
5.6333427e-10
1.1410617e-06
4.2665516e-10
1.1269955e-06
2.8941916e-10
1.1133342e-06
1.5163693e-10
1.1000601e-06
1.3461232e-11
1.0871544e-06
-1.2404122e-10
1.0745975e-06
-2.5921887e-10
1.0623727e-06
-3.908216e-10
1.0504707e-06
-5.1971405e-10
1.0388823e-06
-6.4607075e-10
1.0275953e-06
-7.6901641e-10
1.0165976e-06
-8.8803276e-10
1.0058785e-06
-1.0024541e-09
9.9542878e-07
-1.111637e-09
9.852404e-07
-1.2149166e-09
9.7530629e-07
-1.3119381e-09
9.6562005e-07
-1.4023769e-09
9.5617572e-07
-1.4853767e-09
9.4696766e-07
-1.560776e-09
9.3799067e-07
-1.6284831e-09
9.2924002e-07
-1.6885684e-09
9.207112e-07
-1.7411734e-09
9.1240037e-07
-1.7863289e-09
9.0430406e-07
-1.8240049e-09
8.9641962e-07
-1.8540058e-09
8.8874517e-07
-1.8761637e-09
8.8127967e-07
-1.8901662e-09
8.7402273e-07
-1.8958128e-09
8.6697471e-07
-1.8928401e-09
8.6013636e-07
-1.8812041e-09
8.5350908e-07
-1.8607005e-09
8.4709473e-07
-1.8314323e-09
8.4089572e-07
-1.7933055e-09
8.3491384e-07
-1.7467396e-09
8.2915156e-07
-1.6916317e-09
8.236115e-07
-1.6281603e-09
8.1829683e-07
-1.5563e-09
8.1321083e-07
-1.4763533e-09
8.0835738e-07
-1.3883574e-09
8.0374047e-07
-1.2927512e-09
7.9936483e-07
-1.1896319e-09
7.9523283e-07
-1.0794627e-09
7.9134558e-07
-9.6091535e-10
7.8770785e-07
-8.3516305e-10
7.8432388e-07
-7.0225115e-10
7.8119932e-07
-5.6369887e-10
7.7834109e-07
-4.1934456e-10
7.7575059e-07
-2.6943558e-10
7.7342797e-07
-1.0951906e-10
7.7136707e-07
6.0710548e-11
7.6957362e-07
2.5284308e-10
7.6807342e-07
4.2038284e-10
7.6683056e-07
5.1960303e-10
7.6582592e-07
5.9562622e-10
7.6508777e-07
7.0245587e-10
7.6462285e-07
8.7254426e-10
7.6442539e-07
1.0541226e-09
7.6449301e-07
1.2266383e-09
7.6484001e-07
1.4078418e-09
7.6547279e-07
1.5850672e-09
7.6639184e-07
1.7495645e-09
7.6759498e-07
1.9123045e-09
7.6908084e-07
2.063274e-09
7.7082164e-07
2.2317876e-09
7.7283347e-07
2.3799465e-09
7.7512776e-07
2.5299309e-09
7.7764699e-07
2.665423e-09
7.8043607e-07
2.8028233e-09
7.8351037e-07
2.933477e-09
7.8684609e-07
3.0568064e-09
7.9044024e-07
3.179788e-09
7.9429008e-07
3.2958356e-09
7.9839523e-07
3.4075116e-09
8.0275183e-07
3.5137746e-09
8.0735743e-07
3.6153778e-09
8.1221291e-07
3.7112038e-09
8.17316e-07
3.7999772e-09
8.2266597e-07
3.8825809e-09
8.2826538e-07
3.9626293e-09
8.34116e-07
4.0410781e-09
8.4022089e-07
4.1178336e-09
8.4658209e-07
4.1919077e-09
8.5320213e-07
4.2627946e-09
8.6008329e-07
4.3301811e-09
8.6722802e-07
4.3935482e-09
8.7463982e-07
4.453458e-09
8.8232203e-07
4.5114983e-09
8.902812e-07
4.5681778e-09
8.985264e-07
4.6227435e-09
9.0706531e-07
4.6712962e-09
9.1589989e-07
4.7195861e-09
9.2503542e-07
4.7689288e-09
9.3448147e-07
4.8148872e-09
9.4424563e-07
4.8584017e-09
9.5433543e-07
4.9006594e-09
9.6475767e-07
4.9379825e-09
9.7551855e-07
4.9652153e-09
9.8662293e-07
4.9857487e-09
9.9807513e-07
5.0005604e-09
1.0098802e-06
5.0094981e-09
1.0220446e-06
5.0115214e-09
1.0345761e-06
5.0050004e-09
1.0474806e-06
4.9914957e-09
1.060763e-06
4.970496e-09
1.0744271e-06
4.9411626e-09
1.0884765e-06
4.9028213e-09
1.1029157e-06
4.8552025e-09
1.1177493e-06
4.798363e-09
1.1329813e-06
4.7325011e-09
1.1486154e-06
4.6579958e-09
1.1646546e-06
4.5757784e-09
1.1811033e-06
4.4872754e-09
1.1979671e-06
4.3938813e-09
1.2152527e-06
4.2969157e-09
1.2329662e-06
4.1976262e-09
1.2511133e-06
4.0972261e-09
1.2696986e-06
3.9967394e-09
1.2887257e-06
3.897398e-09
1.3081972e-06
3.8002121e-09
1.3281135e-06
3.7059511e-09
1.3484716e-06
3.6152179e-09
1.3692647e-06
3.5283576e-09
1.3904807e-06
3.4456025e-09
1.4121021e-06
3.367115e-09
1.4341046e-06
3.2927696e-09
1.4564568e-06
3.2224969e-09
1.4791185e-06
3.1560417e-09
1.5020406e-06
3.092993e-09
1.5251639e-06
3.0328744e-09
1.5484181e-06
2.9749523e-09
1.5717216e-06
2.9183318e-09
1.5949806e-06
2.8617708e-09
1.618089e-06
2.8037999e-09
1.6409284e-06
2.7428722e-09
1.663369e-06
2.677135e-09
1.6852698e-06
2.6049198e-09
1.7064816e-06
2.5245868e-09
1.7268479e-06
2.4344877e-09
1.7462099e-06
2.3322353e-09
1.764409e-06
2.2176549e-09
1.7812903e-06
2.0896085e-09
1.7967102e-06
1.943647e-09
1.8105354e-06
1.7907871e-09
1.8226535e-06
1.6106929e-09
1.8329686e-06
1.4154162e-09
1.8413644e-06
1.2023502e-09
1.8477802e-06
9.1191366e-10
1.8520982e-06
7.3685236e-10
1.854448e-06
3.8974424e-10
1.8555398e-06
1.389715e-10
1.8556641e-06
1.1230128e-11
1.8542021e-06
-4.0748294e-10
1.8511776e-06
-9.8685904e-10
1.8467086e-06
-1.4304917e-09
1.8407526e-06
-1.8340129e-09
1.8335935e-06
-2.2588313e-09
1.8255135e-06
-2.716567e-09
1.8166631e-06
-3.1211127e-09
1.8072188e-06
-3.4975782e-09
1.7973129e-06
-3.8562313e-09
1.7870662e-06
-4.1996868e-09
1.7765817e-06
-4.5347535e-09
1.7659427e-06
-4.8627289e-09
1.755218e-06
-5.1825175e-09
1.7444626e-06
-5.4922848e-09
1.7337207e-06
-5.7903775e-09
1.7230254e-06
-6.076458e-09
1.7123996e-06
-6.350783e-09
1.7018609e-06
-6.6132269e-09
1.6914225e-06
-6.8633357e-09
1.6810951e-06
-7.1004216e-09
1.6708876e-06
-7.3230688e-09
1.6608066e-06
-7.5291569e-09
1.6508575e-06
-7.7171856e-09
1.6410486e-06
-7.8913236e-09
1.6313895e-06
-8.0546387e-09
1.6218891e-06
-8.2044118e-09
1.6125556e-06
-8.3390503e-09
1.603398e-06
-8.4587222e-09
1.5944255e-06
-8.5608232e-09
1.5856495e-06
-8.6485588e-09
1.5770823e-06
-8.7178935e-09
1.5687303e-06
-8.766937e-09
1.5606051e-06
-8.8035543e-09
1.5527098e-06
-8.8069441e-09
1.5450927e-06
-8.8086676e-09
1.5377862e-06
-8.7912304e-09
1.5308216e-06
-8.7513157e-09
1.5241376e-06
-8.6956873e-09
1.5177327e-06
-8.6212188e-09
1.5117361e-06
-8.5231227e-09
1.5061572e-06
-8.4081333e-09
1.5009929e-06
-8.2756215e-09
1.4962557e-06
-8.1243119e-09
1.4919669e-06
-7.9546534e-09
1.4881524e-06
-7.7703124e-09
1.4848319e-06
-7.5588349e-09
1.4820309e-06
-7.3463049e-09
1.4797727e-06
-7.0973289e-09
1.4780611e-06
-6.8457289e-09
1.4769414e-06
-6.5987713e-09
1.4764661e-06
-6.3409433e-09
1.4765542e-06
-5.9989715e-09
1.4773195e-06
-5.6860108e-09
1.4787308e-06
-5.3075757e-09
1.4807803e-06
-4.824662e-09
1.4835648e-06
-4.3755408e-09
1.487165e-06
-4.2300274e-09
1.4914229e-06
-4.1132879e-09
1.4963151e-06
-3.8785957e-09
1.5018701e-06
-3.5107162e-09
1.5081142e-06
-3.0572562e-09
1.5151697e-06
-2.6372873e-09
1.523055e-06
-2.1979973e-09
1.5317928e-06
-1.7707857e-09
1.5413805e-06
-1.343484e-09
1.55182e-06
-9.2323571e-10
1.5631126e-06
-5.0940541e-10
1.5752651e-06
-1.0172219e-10
1.5882836e-06
2.9713343e-10
1.6021734e-06
6.8620176e-10
1.6169376e-06
1.0623067e-09
1.6325734e-06
1.4241355e-09
1.6490655e-06
1.7736412e-09
1.6663981e-06
2.1124906e-09
1.6845664e-06
2.4381634e-09
1.7035677e-06
2.7513689e-09
1.7233978e-06
3.0526652e-09
1.7440524e-06
3.3432195e-09
1.765525e-06
3.6204955e-09
1.7878104e-06
3.8850083e-09
1.8108951e-06
4.128665e-09
1.8347784e-06
4.366973e-09
1.8594457e-06
4.5767035e-09
1.8849152e-06
4.8100146e-09
1.9111486e-06
4.9799951e-09
1.9382094e-06
5.2421512e-09
1.9660004e-06
5.350326e-09
1.9947008e-06
5.6818004e-09
2.0240259e-06
5.7500555e-09
2.054477e-06
6.1607692e-09
2.085177e-06
6.4519123e-09
2.1173729e-06
6.9719528e-09
2.1486063e-06
9.6754249e-09
2.1829438e-06
7.7498359e-09
4.1189079e-09
5.6161231e-06
5.6175606e-06
5.6203715e-06
5.6236613e-06
5.6279615e-06
5.6327472e-06
5.6380798e-06
5.6437668e-06
5.6497132e-06
5.6558208e-06
5.6620009e-06
5.6681824e-06
5.6743199e-06
5.6803777e-06
5.6863271e-06
5.692148e-06
5.697829e-06
5.7033631e-06
5.7087487e-06
5.7139865e-06
5.7190793e-06
5.7240325e-06
5.7288514e-06
5.7335419e-06
5.7381104e-06
5.7425636e-06
5.7469082e-06
5.7511504e-06
5.755296e-06
5.7593511e-06
5.7633207e-06
5.7672103e-06
5.7710245e-06
5.7747676e-06
5.7784426e-06
5.7820545e-06
5.7856047e-06
5.789099e-06
5.7925372e-06
5.7959258e-06
5.7992633e-06
5.8025553e-06
5.8058014e-06
5.8090053e-06
5.8121678e-06
5.8152921e-06
5.818379e-06
5.8214316e-06
5.8244496e-06
5.8274348e-06
5.8303884e-06
5.833312e-06
5.8362072e-06
5.8390746e-06
5.8419155e-06
5.8447302e-06
5.8475205e-06
5.8502855e-06
5.8530275e-06
5.8557459e-06
5.8584416e-06
5.8611157e-06
5.8637674e-06
5.866398e-06
5.8690089e-06
5.8716013e-06
5.8741726e-06
5.876725e-06
5.8792585e-06
5.8817743e-06
5.884273e-06
5.8867548e-06
5.8892205e-06
5.8916699e-06
5.8941041e-06
5.8965222e-06
5.8989262e-06
5.9013144e-06
5.9036888e-06
5.9060479e-06
5.9083923e-06
5.910722e-06
5.9130359e-06
5.9153324e-06
5.917616e-06
5.919886e-06
5.9221429e-06
5.9243887e-06
5.9266241e-06
5.9288495e-06
5.9310648e-06
5.93327e-06
5.9354653e-06
5.9376506e-06
5.9398257e-06
5.9419909e-06
5.9441456e-06
5.9462912e-06
5.9484261e-06
5.9505529e-06
5.9526686e-06
5.9547771e-06
5.9568744e-06
5.9589646e-06
5.9610418e-06
5.9631101e-06
5.9651665e-06
5.9672114e-06
5.9692464e-06
5.9712726e-06
5.9732904e-06
5.9753007e-06
5.9773036e-06
5.9792992e-06
5.9812873e-06
5.983268e-06
5.9852414e-06
5.9872074e-06
5.9891665e-06
5.991118e-06
5.9930632e-06
5.995001e-06
5.9969325e-06
5.9988563e-06
6.0007731e-06
6.0026809e-06
6.0045795e-06
6.0064644e-06
6.0083392e-06
6.0102044e-06
6.0120639e-06
6.0139187e-06
6.0157701e-06
6.0176185e-06
6.0194631e-06
6.0213042e-06
6.0231407e-06
6.0249728e-06
6.0267997e-06
6.0286214e-06
6.0304378e-06
6.0322489e-06
6.0340545e-06
6.0358552e-06
6.0376503e-06
6.0394402e-06
6.0412258e-06
6.0430066e-06
6.0447836e-06
6.046557e-06
6.0483272e-06
6.0500935e-06
6.0518527e-06
6.0536076e-06
6.055348e-06
6.0570809e-06
6.0588074e-06
6.0605291e-06
6.0622475e-06
6.0639623e-06
6.0656735e-06
6.0673811e-06
6.0690848e-06
6.0707842e-06
6.0724796e-06
6.0741711e-06
6.0758581e-06
6.0775412e-06
6.0792207e-06
6.0808966e-06
6.0825689e-06
6.0842377e-06
6.0859033e-06
6.0875651e-06
6.0892231e-06
6.0908778e-06
6.0925273e-06
6.0941712e-06
6.0958068e-06
6.0974343e-06
6.0990575e-06
6.1006795e-06
6.1023004e-06
6.1039206e-06
6.1055399e-06
6.1071576e-06
6.1087733e-06
6.1103874e-06
6.1119998e-06
6.1136098e-06
6.1152176e-06
6.1168238e-06
6.1184276e-06
6.1200289e-06
6.1216282e-06
6.1232248e-06
6.1248195e-06
6.1264114e-06
6.1280009e-06
6.1295877e-06
6.1311714e-06
6.1327522e-06
6.1343291e-06
6.1359018e-06
6.1374703e-06
6.1390356e-06
6.1405977e-06
6.1421561e-06
6.1437096e-06
6.1452593e-06
6.1468045e-06
6.148345e-06
6.1498819e-06
6.1514141e-06
6.1529419e-06
6.1544657e-06
6.1559846e-06
6.1574995e-06
6.1590094e-06
6.160515e-06
6.162016e-06
6.1635118e-06
6.165003e-06
6.1664892e-06
6.1679707e-06
6.1694475e-06
6.1709197e-06
6.1723873e-06
6.1738507e-06
6.1753099e-06
6.1767654e-06
6.1782174e-06
6.1796661e-06
6.1811122e-06
6.1825558e-06
6.1839973e-06
6.1854368e-06
6.1868749e-06
6.188312e-06
6.1897482e-06
6.1911835e-06
6.1926188e-06
6.1940537e-06
6.195488e-06
6.1969227e-06
6.1983573e-06
6.1997917e-06
6.2012265e-06
6.2026613e-06
6.2040965e-06
6.2055314e-06
6.2069664e-06
6.2084013e-06
6.2098365e-06
6.2112715e-06
6.2127059e-06
6.2141396e-06
6.2155727e-06
6.2170039e-06
6.2184336e-06
6.2198603e-06
6.2212824e-06
6.2226989e-06
6.2241097e-06
6.2255139e-06
6.2269101e-06
6.2282966e-06
6.229673e-06
6.2310376e-06
6.232389e-06
6.2337262e-06
6.2350483e-06
6.2363544e-06
6.2376429e-06
6.2389135e-06
6.2401657e-06
6.2413989e-06
6.2426127e-06
6.2438069e-06
6.2449815e-06
6.2461374e-06
6.2472743e-06
6.2483933e-06
6.2494953e-06
6.2505816e-06
6.2516534e-06
6.252712e-06
6.2537592e-06
6.2547966e-06
6.2558264e-06
6.2568501e-06
6.25787e-06
6.2588878e-06
6.2599053e-06
6.2609251e-06
6.2619479e-06
6.2629761e-06
6.2640111e-06
6.2650541e-06
6.2661061e-06
6.2671681e-06
6.2682404e-06
6.2693236e-06
6.2704171e-06
6.2715207e-06
6.2726335e-06
6.2737547e-06
6.2748826e-06
6.2760151e-06
6.2771504e-06
6.2782865e-06
6.2794203e-06
6.2805493e-06
6.2816707e-06
6.2827812e-06
6.2838782e-06
6.2849584e-06
6.2860191e-06
6.2870578e-06
6.2880713e-06
6.2890581e-06
6.2900162e-06
6.2909443e-06
6.2918414e-06
6.2927062e-06
6.2935393e-06
6.2943413e-06
6.295113e-06
6.2958557e-06
6.2965714e-06
6.2972624e-06
6.2979312e-06
6.2985807e-06
6.2992144e-06
6.2998354e-06
6.3004468e-06
6.3010525e-06
6.3016553e-06
6.3022587e-06
6.3028657e-06
6.3034786e-06
6.3040999e-06
6.3047322e-06
6.3053764e-06
6.3060343e-06
6.3067061e-06
6.3073925e-06
6.3080933e-06
6.3088089e-06
6.3095371e-06
6.3102778e-06
6.3110289e-06
6.3117889e-06
6.3125555e-06
6.3133262e-06
6.3140988e-06
6.3148698e-06
6.3156375e-06
6.3163984e-06
6.31715e-06
6.3178893e-06
6.3186148e-06
6.3193226e-06
6.3200115e-06
6.3206796e-06
6.3213247e-06
6.3219452e-06
6.3225387e-06
6.3231046e-06
6.3236411e-06
6.3241461e-06
6.3246174e-06
6.325051e-06
6.3254428e-06
6.325786e-06
6.3260707e-06
6.3262778e-06
6.3263922e-06
6.3264036e-06
6.3262688e-06
6.3259503e-06
6.3253961e-06
6.3245429e-06
6.3233083e-06
6.3215887e-06
6.3192572e-06
6.3161578e-06
6.3121017e-06
6.3068631e-06
6.300174e-06
6.2917213e-06
6.2811439e-06
6.2680317e-06
6.2519227e-06
6.2323055e-06
6.208628e-06
6.1803129e-06
6.146753e-06
6.1073353e-06
6.0613721e-06
6.0082727e-06
5.9477266e-06
5.8793598e-06
5.8026113e-06
5.7174027e-06
5.623723e-06
5.5216706e-06
5.4115662e-06
5.293902e-06
5.1693407e-06
5.0386998e-06
4.9029187e-06
4.763036e-06
4.620163e-06
4.4754414e-06
4.33001e-06
4.1849725e-06
4.0413708e-06
3.900158e-06
3.7621783e-06
3.6281585e-06
3.4986998e-06
3.3742757e-06
3.2552331e-06
3.1418041e-06
3.0341065e-06
2.9321721e-06
2.835932e-06
2.7452601e-06
2.6599626e-06
2.5798097e-06
2.5045366e-06
2.4338506e-06
2.3674486e-06
2.3050191e-06
2.246252e-06
2.1908453e-06
2.138509e-06
2.0889697e-06
2.0419725e-06
1.9972826e-06
1.9546862e-06
1.9139908e-06
1.8750241e-06
1.8376336e-06
1.8016854e-06
1.7670635e-06
1.733668e-06
1.7014127e-06
1.6702243e-06
1.6400402e-06
1.6108073e-06
1.5824806e-06
1.5550222e-06
1.5283987e-06
1.5025815e-06
1.4775441e-06
1.4532608e-06
1.42971e-06
1.4068699e-06
1.384722e-06
1.3632535e-06
1.3424437e-06
1.3222643e-06
1.3026966e-06
1.2837101e-06
1.2652516e-06
1.2473208e-06
1.2299322e-06
1.2130749e-06
1.1967344e-06
1.1808908e-06
1.1655237e-06
1.1506136e-06
1.136142e-06
1.1220909e-06
1.1084422e-06
1.095178e-06
1.0822811e-06
1.0697345e-06
1.0575237e-06
1.0456361e-06
1.0340585e-06
1.0227784e-06
1.0117842e-06
1.0010653e-06
9.9061213e-07
9.8041608e-07
9.7046939e-07
9.6076486e-07
9.5129611e-07
9.4205758e-07
9.3304457e-07
9.2425272e-07
9.1567812e-07
9.0731713e-07
8.9916678e-07
8.9122449e-07
8.834884e-07
8.7595733e-07
8.6863078e-07
8.6150892e-07
8.5459254e-07
8.4788291e-07
8.4138171e-07
8.3509124e-07
8.2901384e-07
8.2315215e-07
8.1750905e-07
8.1208767e-07
8.0689153e-07
8.0192409e-07
7.9718934e-07
7.9269079e-07
7.8843249e-07
7.844182e-07
7.8065336e-07
7.7714238e-07
7.738901e-07
7.7090001e-07
7.6817604e-07
7.657221e-07
7.6354686e-07
7.6165931e-07
7.6008024e-07
7.5878465e-07
7.577039e-07
7.5681458e-07
7.5614728e-07
7.5576542e-07
7.5568069e-07
7.5588454e-07
7.5638636e-07
7.5718285e-07
7.5826218e-07
7.5963058e-07
7.6135046e-07
7.6330921e-07
7.6548446e-07
7.6790173e-07
7.7060795e-07
7.7361117e-07
7.7689513e-07
7.8044544e-07
7.842606e-07
7.8833625e-07
7.9267164e-07
7.9726508e-07
8.021159e-07
8.0722273e-07
8.125832e-07
8.1819558e-07
8.2406202e-07
8.3018584e-07
8.3657063e-07
8.4321937e-07
8.5013474e-07
8.5731942e-07
8.6477586e-07
8.7250733e-07
8.8051901e-07
8.8881695e-07
8.9740681e-07
9.062907e-07
9.1547676e-07
9.249749e-07
9.3479109e-07
9.4493259e-07
9.5540834e-07
9.6622427e-07
9.7738146e-07
9.8888481e-07
1.0007406e-06
1.0129554e-06
1.0255349e-06
1.0384834e-06
1.0518073e-06
1.0655125e-06
1.0796042e-06
1.0940872e-06
1.1089657e-06
1.1242443e-06
1.1399273e-06
1.156019e-06
1.1725241e-06
1.1894481e-06
1.2067966e-06
1.2245755e-06
1.2427906e-06
1.2614467e-06
1.2805476e-06
1.3000956e-06
1.320091e-06
1.3405309e-06
1.3614088e-06
1.3827137e-06
1.4044292e-06
1.4265323e-06
1.4489933e-06
1.4717741e-06
1.4948279e-06
1.5180981e-06
1.5415177e-06
1.5650086e-06
1.5884813e-06
1.6118344e-06
1.6349545e-06
1.6577172e-06
1.6799876e-06
1.701622e-06
1.72247e-06
1.7423775e-06
1.761189e-06
1.7787537e-06
1.7949291e-06
1.8095823e-06
1.8226097e-06
1.8339135e-06
1.8434332e-06
1.8511074e-06
1.856505e-06
1.8590483e-06
1.8606936e-06
1.8616438e-06
1.8615705e-06
1.8598195e-06
1.8562625e-06
1.8511982e-06
1.8448673e-06
1.8374495e-06
1.8290993e-06
1.82004e-06
1.8104503e-06
1.8004774e-06
1.7902447e-06
1.7798483e-06
1.7693638e-06
1.7588506e-06
1.7483557e-06
1.7379155e-06
1.7275574e-06
1.7173012e-06
1.7071614e-06
1.6971494e-06
1.6872747e-06
1.6775469e-06
1.6679766e-06
1.6585757e-06
1.6493518e-06
1.6403095e-06
1.6314558e-06
1.6228001e-06
1.6143515e-06
1.6061217e-06
1.598123e-06
1.5903718e-06
1.5829104e-06
1.5757511e-06
1.5687305e-06
1.5620193e-06
1.555698e-06
1.5497534e-06
1.5441658e-06
1.5389527e-06
1.5341516e-06
1.5297861e-06
1.525874e-06
1.5224345e-06
1.5194882e-06
1.5170535e-06
1.5151615e-06
1.5138171e-06
1.5130609e-06
1.5129e-06
1.5133353e-06
1.5143836e-06
1.5161347e-06
1.5185645e-06
1.5217437e-06
1.5257821e-06
1.5306514e-06
1.5360545e-06
1.5419696e-06
1.5485214e-06
1.5558509e-06
1.5640526e-06
1.5731021e-06
1.5830263e-06
1.5938203e-06
1.6054899e-06
1.618034e-06
1.6314516e-06
1.645742e-06
1.6609093e-06
1.6769555e-06
1.6938766e-06
1.7116648e-06
1.7303141e-06
1.7498202e-06
1.7701764e-06
1.7913768e-06
1.8134159e-06
1.8362894e-06
1.8599905e-06
1.8845123e-06
1.9098394e-06
1.935972e-06
1.9628868e-06
1.9906129e-06
2.0190925e-06
2.0484234e-06
2.0784571e-06
2.1094217e-06
2.1410587e-06
2.1737155e-06
2.2072732e-06
2.2419764e-06
2.279953e-06
2.3169687e-06
1.2088834e-06
-1.4735324e-10
1.209187e-06
-3.0357894e-10
1.2097302e-06
-5.4317173e-10
1.2104443e-06
-7.1415585e-10
1.2113295e-06
-8.8509156e-10
1.2123707e-06
-1.0412644e-09
1.2135397e-06
-1.1689525e-09
1.2148184e-06
-1.2787469e-09
1.2161852e-06
-1.3668346e-09
1.2176204e-06
-1.4352115e-09
1.2191066e-06
-1.4861921e-09
1.2206283e-06
-1.521713e-09
1.2221729e-06
-1.5445711e-09
1.2237283e-06
-1.5554056e-09
1.2252855e-06
-1.557245e-09
1.2268386e-06
-1.5530777e-09
1.2283817e-06
-1.5430834e-09
1.2299104e-06
-1.5287482e-09
1.2314215e-06
-1.5111294e-09
1.2329128e-06
-1.4912764e-09
1.2343827e-06
-1.4698944e-09
1.2358303e-06
-1.4475616e-09
1.237255e-06
-1.424735e-09
1.2386567e-06
-1.401764e-09
1.2400356e-06
-1.3788752e-09
1.241392e-06
-1.3563382e-09
1.2427261e-06
-1.3342256e-09
1.2440388e-06
-1.3126491e-09
1.2453305e-06
-1.2916823e-09
1.2466018e-06
-1.2713679e-09
1.2478535e-06
-1.2516841e-09
1.2490862e-06
-1.2327153e-09
1.2503006e-06
-1.2144032e-09
1.2514973e-06
-1.1966961e-09
1.2526769e-06
-1.1796724e-09
1.2538402e-06
-1.163261e-09
1.2549876e-06
-1.1474715e-09
1.2561198e-06
-1.1322099e-09
1.2572374e-06
-1.11759e-09
1.2583407e-06
-1.1033534e-09
1.2594305e-06
-1.0897909e-09
1.260507e-06
-1.0765135e-09
1.2615708e-06
-1.0638814e-09
1.2626223e-06
-1.0514509e-09
1.2636618e-06
-1.0395809e-09
1.2646899e-06
-1.0280723e-09
1.2657066e-06
-1.0167502e-09
1.2667128e-06
-1.0061632e-09
1.2677082e-06
-9.9543929e-10
1.2686935e-06
-9.8533359e-10
1.2696689e-06
-9.7548902e-10
1.2706347e-06
-9.658212e-10
1.2715913e-06
-9.5659969e-10
1.2725388e-06
-9.4750074e-10
1.2734776e-06
-9.3880459e-10
1.2744079e-06
-9.3032826e-10
1.27533e-06
-9.2211749e-10
1.276244e-06
-9.1410346e-10
1.2771503e-06
-9.0628927e-10
1.278049e-06
-8.9868557e-10
1.2789401e-06
-8.9117691e-10
1.279824e-06
-8.8392982e-10
1.2807007e-06
-8.7675378e-10
1.2815706e-06
-8.6984731e-10
1.2824335e-06
-8.6294749e-10
1.2832899e-06
-8.5640606e-10
1.2841396e-06
-8.4977803e-10
1.2849832e-06
-8.4358431e-10
1.2858204e-06
-8.372667e-10
1.2866517e-06
-8.3137142e-10
1.287477e-06
-8.2532692e-10
1.2882967e-06
-8.1975493e-10
1.2891107e-06
-8.1406126e-10
1.2899195e-06
-8.0873441e-10
1.2907228e-06
-8.0342977e-10
1.2915212e-06
-7.9843332e-10
1.2923145e-06
-7.9332718e-10
1.293103e-06
-7.8850038e-10
1.2938865e-06
-7.8353235e-10
1.2946651e-06
-7.7868112e-10
1.295439e-06
-7.7389561e-10
1.2962081e-06
-7.6921491e-10
1.2969727e-06
-7.6458173e-10
1.2977327e-06
-7.600649e-10
1.2984884e-06
-7.5571771e-10
1.2992397e-06
-7.5130346e-10
1.2999869e-06
-7.472587e-10
1.3007297e-06
-7.4286355e-10
1.3014688e-06
-7.3913009e-10
1.3022036e-06
-7.3488815e-10
1.3029348e-06
-7.311729e-10
1.3036622e-06
-7.2743722e-10
1.3043857e-06
-7.2364337e-10
1.305106e-06
-7.202785e-10
1.305823e-06
-7.1702511e-10
1.3065367e-06
-7.1384099e-10
1.3072475e-06
-7.1079187e-10
1.3079559e-06
-7.0844175e-10
1.3086623e-06
-7.064842e-10
1.3093668e-06
-7.0453554e-10
1.3100681e-06
-7.0134254e-10
1.3107657e-06
-6.9769124e-10
1.3114597e-06
-6.9402573e-10
1.3121501e-06
-6.9049122e-10
1.3128373e-06
-6.8722183e-10
1.3135212e-06
-6.8395556e-10
1.3142013e-06
-6.8019723e-10
1.3148792e-06
-6.7783246e-10
1.315554e-06
-6.7494854e-10
1.3162261e-06
-6.7215655e-10
1.3168967e-06
-6.7063421e-10
1.3175642e-06
-6.6756378e-10
1.3182299e-06
-6.6583716e-10
1.3188937e-06
-6.6380368e-10
1.3195541e-06
-6.6052142e-10
1.3202126e-06
-6.5852435e-10
1.3208685e-06
-6.5596817e-10
1.3215217e-06
-6.5328454e-10
1.3221738e-06
-6.5215078e-10
1.3228239e-06
-6.5018524e-10
1.3234734e-06
-6.4953509e-10
1.3241229e-06
-6.4957684e-10
1.3247706e-06
-6.4774097e-10
1.3254164e-06
-6.4592198e-10
1.326059e-06
-6.4266281e-10
1.3266976e-06
-6.3863093e-10
1.3273363e-06
-6.3881611e-10
1.3279754e-06
-6.3914607e-10
1.3286142e-06
-6.3896399e-10
1.3292549e-06
-6.4076966e-10
1.3298892e-06
-6.3436678e-10
1.3305209e-06
-6.3176442e-10
1.3311523e-06
-6.3149708e-10
1.33178e-06
-6.2780492e-10
1.3324093e-06
-6.2934813e-10
1.3330352e-06
-6.2593886e-10
1.3336604e-06
-6.2525674e-10
1.3342859e-06
-6.2558803e-10
1.3349117e-06
-6.2592465e-10
1.3355357e-06
-6.240608e-10
1.3361551e-06
-6.1953154e-10
1.336774e-06
-6.1901906e-10
1.3373911e-06
-6.1727468e-10
1.3380121e-06
-6.2110628e-10
1.3386314e-06
-6.1942895e-10
1.3392523e-06
-6.2097838e-10
1.3398699e-06
-6.1773786e-10
1.3404806e-06
-6.1074035e-10
1.3410853e-06
-6.0484018e-10
1.3416872e-06
-6.0195937e-10
1.3422894e-06
-6.0228267e-10
1.3428867e-06
-5.9735372e-10
1.3434849e-06
-5.9832139e-10
1.3440736e-06
-5.8884009e-10
1.3446686e-06
-5.9512395e-10
1.3452674e-06
-5.9889782e-10
1.3458657e-06
-5.9847416e-10
1.3464747e-06
-6.0918826e-10
1.3470817e-06
-6.0710814e-10
1.347695e-06
-6.1356964e-10
1.3483041e-06
-6.0927485e-10
1.3489129e-06
-6.0907057e-10
1.3495221e-06
-6.095231e-10
1.3501296e-06
-6.0784977e-10
1.3507375e-06
-6.0819749e-10
1.3513417e-06
-6.0439964e-10
1.3519411e-06
-5.9968075e-10
1.3525234e-06
-5.8241501e-10
1.3531081e-06
-5.8478555e-10
1.3536888e-06
-5.807208e-10
1.3542814e-06
-5.9254246e-10
1.3548713e-06
-5.8992899e-10
1.3554573e-06
-5.8608318e-10
1.3560562e-06
-5.9899063e-10
1.3566463e-06
-5.9022653e-10
1.3572405e-06
-5.944063e-10
1.357817e-06
-5.7675331e-10
1.3584298e-06
-6.1292971e-10
1.3590712e-06
-6.4164629e-10
1.3595485e-06
-4.7759352e-10
1.3601739e-06
-6.2563599e-10
1.3608121e-06
-6.3837469e-10
1.3612766e-06
-4.6480242e-10
1.3619114e-06
-6.3502759e-10
1.3624811e-06
-5.7005867e-10
1.3630635e-06
-5.828289e-10
1.3636502e-06
-5.8734617e-10
1.3641054e-06
-4.5581805e-10
1.3646803e-06
-5.7548544e-10
1.3651895e-06
-5.0966031e-10
1.3658136e-06
-6.2438632e-10
1.366437e-06
-6.2348526e-10
1.3668348e-06
-3.9787817e-10
1.3674691e-06
-6.3427397e-10
1.3680376e-06
-5.686891e-10
1.3683727e-06
-3.353029e-10
1.3690169e-06
-6.4451999e-10
1.369625e-06
-6.0870553e-10
1.370047e-06
-4.228613e-10
1.3706076e-06
-5.6155569e-10
1.3710891e-06
-4.8235282e-10
1.3714858e-06
-3.9747139e-10
1.3719048e-06
-4.1961412e-10
1.3722898e-06
-3.8559866e-10
1.3727295e-06
-4.4052051e-10
1.3732378e-06
-5.0940407e-10
1.3736779e-06
-4.4137449e-10
1.3740549e-06
-3.7837999e-10
1.3744197e-06
-3.6614534e-10
1.3747386e-06
-3.2022385e-10
1.3750482e-06
-3.1066305e-10
1.3753714e-06
-3.2397951e-10
1.3756667e-06
-2.9581848e-10
1.3759524e-06
-2.8582159e-10
1.3762893e-06
-3.3674175e-10
1.3767098e-06
-4.2007775e-10
1.3771367e-06
-4.2631276e-10
1.3775282e-06
-3.9118886e-10
1.3778756e-06
-3.4761261e-10
1.3782319e-06
-3.5685765e-10
1.3786204e-06
-3.8954306e-10
1.3790153e-06
-3.9650239e-10
1.3794177e-06
-4.0450132e-10
1.3798447e-06
-4.2930504e-10
1.3802482e-06
-4.0581183e-10
1.3806203e-06
-3.7405545e-10
1.3809754e-06
-3.5692471e-10
1.3813092e-06
-3.3554137e-10
1.3816396e-06
-3.3177239e-10
1.3820129e-06
-3.7439829e-10
1.382413e-06
-4.0094106e-10
1.3827944e-06
-3.8172798e-10
1.3831568e-06
-3.6245273e-10
1.3835066e-06
-3.4951908e-10
1.3838674e-06
-3.6053516e-10
1.3842948e-06
-4.2744563e-10
1.3847268e-06
-4.3275872e-10
1.3851315e-06
-4.0605608e-10
1.3855498e-06
-4.2046766e-10
1.3859843e-06
-4.3756598e-10
1.3864367e-06
-4.5622928e-10
1.386922e-06
-4.8957283e-10
1.3873468e-06
-4.2955195e-10
1.3877129e-06
-3.7099168e-10
1.3881209e-06
-4.1327919e-10
1.3885158e-06
-4.0032555e-10
1.3888781e-06
-3.6774628e-10
1.3892434e-06
-3.7040904e-10
1.3895975e-06
-3.5882142e-10
1.3899358e-06
-3.421694e-10
1.3902878e-06
-3.5527048e-10
1.3907146e-06
-4.2933435e-10
1.391161e-06
-4.4821569e-10
1.3915607e-06
-4.0070436e-10
1.3919583e-06
-3.9793502e-10
1.392384e-06
-4.2558712e-10
1.392871e-06
-4.872085e-10
1.3933939e-06
-5.2336846e-10
1.3939033e-06
-5.0985927e-10
1.3944173e-06
-5.1419757e-10
1.394939e-06
-5.2181637e-10
1.3954211e-06
-4.8199134e-10
1.3959035e-06
-4.8228133e-10
1.396404e-06
-5.0060001e-10
1.3968158e-06
-4.1223913e-10
1.3971907e-06
-3.7568615e-10
1.39763e-06
-4.4043569e-10
1.3980198e-06
-3.9118575e-10
1.3983856e-06
-3.6758729e-10
1.398824e-06
-4.4053605e-10
1.3992305e-06
-4.0863712e-10
1.3996052e-06
-3.7678971e-10
1.4000755e-06
-4.7251181e-10
1.4005117e-06
-4.3853809e-10
1.400909e-06
-3.9975356e-10
1.4013766e-06
-4.7029536e-10
1.4018313e-06
-4.5764592e-10
1.4022465e-06
-4.1836312e-10
1.4027722e-06
-5.2869931e-10
1.4033152e-06
-5.4626437e-10
1.4037624e-06
-4.5081983e-10
1.4042578e-06
-4.9966076e-10
1.4047327e-06
-4.8019189e-10
1.4051465e-06
-4.1934367e-10
1.4056412e-06
-5.0050186e-10
1.4061436e-06
-5.0867e-10
1.4065777e-06
-4.4123949e-10
1.4070462e-06
-4.767422e-10
1.4074872e-06
-4.5026516e-10
1.4078808e-06
-4.0345194e-10
1.408382e-06
-5.1162941e-10
1.4089034e-06
-5.3273608e-10
1.4092986e-06
-4.0754866e-10
1.4097505e-06
-4.6509951e-10
1.4101933e-06
-4.5675774e-10
1.4105778e-06
-3.9905057e-10
1.4110389e-06
-4.7612447e-10
1.4114988e-06
-4.7530957e-10
1.4118998e-06
-4.1661474e-10
1.4123542e-06
-4.6971316e-10
1.412861e-06
-5.2197047e-10
1.4132953e-06
-4.4887383e-10
1.413779e-06
-4.9765214e-10
1.4142726e-06
-5.0728444e-10
1.4147102e-06
-4.5126525e-10
1.4152536e-06
-5.5691363e-10
1.415779e-06
-5.3808735e-10
1.4162224e-06
-4.5499426e-10
1.4167535e-06
-5.4137139e-10
1.4172666e-06
-5.2223426e-10
1.4177066e-06
-4.4802029e-10
1.4182465e-06
-5.4739191e-10
1.4187281e-06
-4.8852566e-10
1.4191236e-06
-4.0207926e-10
1.4196217e-06
-5.0419136e-10
1.4201273e-06
-5.1149884e-10
1.4205559e-06
-4.3413184e-10
1.4210407e-06
-4.8992055e-10
1.4215877e-06
-5.5193983e-10
1.4220392e-06
-4.5620752e-10
1.4225139e-06
-4.7946447e-10
1.4230152e-06
-5.0602011e-10
1.4234698e-06
-4.5904036e-10
1.4239847e-06
-5.1927707e-10
1.4244838e-06
-5.0334847e-10
1.4249471e-06
-4.6746429e-10
1.4255077e-06
-5.6461813e-10
1.4261265e-06
-6.2275562e-10
1.4266368e-06
-5.1445692e-10
1.4271136e-06
-4.807883e-10
1.4276867e-06
-5.7691452e-10
1.4282317e-06
-5.4864779e-10
1.4287651e-06
-5.3706151e-10
1.4293269e-06
-5.6576033e-10
1.4298195e-06
-4.9683324e-10
1.4303188e-06
-5.0402615e-10
1.4308787e-06
-5.6498717e-10
1.4314017e-06
-5.2852389e-10
1.4318453e-06
-4.495595e-10
1.4322852e-06
-4.4635939e-10
1.4327794e-06
-5.0107474e-10
1.4332356e-06
-4.6349102e-10
1.4336221e-06
-3.9430903e-10
1.4340774e-06
-4.6348481e-10
1.4345909e-06
-5.2219606e-10
1.4350354e-06
-4.5372728e-10
1.4354306e-06
-4.0503689e-10
1.4359298e-06
-5.0954085e-10
1.4364402e-06
-5.21025e-10
1.4368614e-06
-4.3233861e-10
1.4372303e-06
-3.8050763e-10
1.4377043e-06
-4.8599214e-10
1.4382213e-06
-5.2935611e-10
1.4386204e-06
-4.1179948e-10
1.4389483e-06
-3.4094061e-10
1.4394152e-06
-4.8009419e-10
1.4398928e-06
-4.9113558e-10
1.4402675e-06
-3.88793e-10
1.4407145e-06
-4.6163029e-10
1.4411587e-06
-4.5930637e-10
1.4415108e-06
-3.6782355e-10
1.4419246e-06
-4.2998227e-10
1.4424204e-06
-5.1229465e-10
1.4427574e-06
-3.5373082e-10
1.4430492e-06
-3.0858782e-10
1.4435578e-06
-5.2535887e-10
1.4440435e-06
-5.023062e-10
1.4443769e-06
-3.5004266e-10
1.4447547e-06
-3.9406789e-10
1.4452872e-06
-5.4850569e-10
1.4457175e-06
-4.4617732e-10
1.4460643e-06
-3.6251446e-10
1.4465024e-06
-4.5366066e-10
1.4469995e-06
-5.1284665e-10
1.4473686e-06
-3.8519321e-10
1.4476862e-06
-3.3444092e-10
1.4481145e-06
-4.4601167e-10
1.4485898e-06
-4.9385518e-10
1.4489047e-06
-3.3476555e-10
1.4491611e-06
-2.7744118e-10
1.4496136e-06
-4.7462834e-10
1.4500315e-06
-4.4132475e-10
1.450316e-06
-3.0934189e-10
1.4506561e-06
-3.6619907e-10
1.4511182e-06
-4.893379e-10
1.4514704e-06
-3.806897e-10
1.4517287e-06
-2.8784219e-10
1.4520767e-06
-3.7832137e-10
1.4524932e-06
-4.4746384e-10
1.4528701e-06
-4.0828718e-10
1.4532306e-06
-3.9242565e-10
1.4535393e-06
-3.4099479e-10
1.4538299e-06
-3.2320191e-10
1.4541797e-06
-3.8300163e-10
1.4545438e-06
-3.9755133e-10
1.4548377e-06
-3.2784175e-10
1.4550948e-06
-2.9134783e-10
1.4553759e-06
-3.1565861e-10
1.4556662e-06
-3.250813e-10
1.455924e-06
-2.9280089e-10
1.4561529e-06
-2.6388891e-10
1.4563684e-06
-2.5069324e-10
1.4565746e-06
-2.4145574e-10
1.4567577e-06
-2.1866597e-10
1.4569208e-06
-1.9877389e-10
1.4570601e-06
-1.7545077e-10
1.4571802e-06
-1.5667556e-10
1.4572759e-06
-1.3281154e-10
1.45735e-06
-1.1163426e-10
1.4574005e-06
-8.8578922e-11
1.4574274e-06
-6.5295325e-11
1.4574311e-06
-4.2298165e-11
1.4574129e-06
-2.065903e-11
1.4573745e-06
-4.0722981e-13
1.4573149e-06
2.07665e-11
1.4572383e-06
3.7994941e-11
1.4571438e-06
5.6041394e-11
1.4570349e-06
7.0463635e-11
1.4569121e-06
8.4609653e-11
1.4567779e-06
9.5992547e-11
1.4566333e-06
1.0639312e-10
1.45648e-06
1.1500267e-10
1.4563188e-06
1.2259171e-10
1.4561513e-06
1.2852208e-10
1.4559775e-06
1.3424906e-10
1.4557987e-06
1.3865709e-10
1.4556158e-06
1.4201262e-10
1.4554271e-06
1.4680879e-10
1.4552353e-06
1.4883383e-10
1.4550394e-06
1.5183499e-10
1.4548369e-06
1.5710633e-10
1.4546321e-06
1.5801804e-10
1.4544235e-06
1.6039348e-10
1.4542084e-06
1.6531443e-10
1.4539897e-06
1.6731372e-10
1.4537669e-06
1.6978419e-10
1.45354e-06
1.7225243e-10
1.4533102e-06
1.7348034e-10
1.4530778e-06
1.745053e-10
1.452844e-06
1.7433077e-10
1.4526103e-06
1.7279289e-10
1.4523773e-06
1.7069635e-10
1.4521479e-06
1.660001e-10
1.4519221e-06
1.6131763e-10
1.4517039e-06
1.5290524e-10
1.4514936e-06
1.4445956e-10
1.4512933e-06
1.3404122e-10
1.4511088e-06
1.1814949e-10
1.4509329e-06
1.0981749e-10
1.4507831e-06
8.4111385e-11
1.4506461e-06
7.1897155e-11
1.4505293e-06
5.2793325e-11
1.4504561e-06
1.0140777e-11
1.4503703e-06
2.4088731e-11
1.4503582e-06
-4.8274718e-11
1.4503728e-06
-7.3592243e-11
1.4503577e-06
-4.230083e-11
1.4505098e-06
-2.0793545e-10
1.4506093e-06
-1.5395418e-10
1.4507453e-06
-1.8877389e-10
1.4510671e-06
-3.7310866e-10
1.4510998e-06
-8.2641449e-11
1.451377e-06
-3.258247e-10
1.4519746e-06
-6.4526962e-10
1.4523167e-06
-3.8863979e-10
1.4528556e-06
-5.8320149e-10
1.4536741e-06
-8.6085628e-10
1.4545386e-06
-9.0499341e-10
1.4554054e-06
-9.06208e-10
1.4563408e-06
-9.7381747e-10
1.4573363e-06
-1.0313812e-09
1.4582362e-06
-9.3365138e-10
1.4591141e-06
-9.1101082e-10
1.4599811e-06
-8.9958263e-10
1.4608668e-06
-9.1795016e-10
1.4619018e-06
-1.0663483e-09
1.4630056e-06
-1.1334915e-09
1.4640907e-06
-1.1133152e-09
1.465276e-06
-1.2121975e-09
1.4664915e-06
-1.241292e-09
1.4676446e-06
-1.177594e-09
1.4689405e-06
-1.3191372e-09
1.470292e-06
-1.3736177e-09
1.471479e-06
-1.2075909e-09
1.4728741e-06
-1.4137806e-09
1.4743758e-06
-1.5183006e-09
1.4756732e-06
-1.3113293e-09
1.4771715e-06
-1.509429e-09
1.4787961e-06
-1.6328392e-09
1.4802243e-06
-1.4332824e-09
1.4816703e-06
-1.4478987e-09
1.4832623e-06
-1.5909123e-09
1.4847287e-06
-1.4624653e-09
1.4862836e-06
-1.5482611e-09
1.4879196e-06
-1.626888e-09
1.489362e-06
-1.4311445e-09
1.4908608e-06
-1.4855033e-09
1.4925673e-06
-1.6913444e-09
1.4942117e-06
-1.6276127e-09
1.4956517e-06
-1.4217694e-09
1.4973587e-06
-1.6870128e-09
1.4991427e-06
-1.7623329e-09
1.5005801e-06
-1.4141168e-09
1.5021691e-06
-1.5640782e-09
1.5039057e-06
-1.710089e-09
1.5053283e-06
-1.3947021e-09
1.506857e-06
-1.4992634e-09
1.5085273e-06
-1.6397252e-09
1.5098667e-06
-1.3082344e-09
1.5112618e-06
-1.3640777e-09
1.5127402e-06
-1.4472707e-09
1.5139947e-06
-1.2227592e-09
1.5154806e-06
-1.454282e-09
1.5171051e-06
-1.5938966e-09
1.5183815e-06
-1.2474159e-09
1.5196357e-06
-1.2268249e-09
1.5209861e-06
-1.3243286e-09
1.5222115e-06
-1.199814e-09
1.5234274e-06
-1.190076e-09
1.524574e-06
-1.1231727e-09
1.5255389e-06
-9.4697139e-10
1.5266508e-06
-1.0988002e-09
1.527709e-06
-1.0499304e-09
1.5284568e-06
-7.4672579e-10
1.5293085e-06
-8.5919494e-10
1.5299824e-06
-6.9248607e-10
1.5298893e-06
6.2349237e-11
1.5293661e-06
4.80048e-10
1.5288438e-06
4.6648108e-10
1.5279166e-06
8.5845464e-10
1.5267918e-06
1.0427734e-09
1.5254418e-06
1.2542971e-09
1.5238667e-06
1.4651498e-09
1.5221257e-06
1.6160064e-09
1.5202071e-06
1.7777726e-09
1.5181367e-06
1.9129782e-09
1.5159151e-06
2.0464732e-09
1.5135461e-06
2.1754287e-09
1.5110338e-06
2.2991902e-09
1.5083825e-06
2.4178566e-09
1.5055944e-06
2.5336977e-09
1.50267e-06
2.6486604e-09
1.4996117e-06
2.7613041e-09
1.4964223e-06
2.8715759e-09
1.4931039e-06
2.9801361e-09
1.4896597e-06
3.0861815e-09
1.4860935e-06
3.1890255e-09
1.482409e-06
3.2882843e-09
1.4786127e-06
3.3818384e-09
1.4747171e-06
3.4699563e-09
1.4707361e-06
3.5497854e-09
1.466671e-06
3.6275338e-09
1.4625074e-06
3.7111736e-09
1.4581885e-06
3.7845385e-09
1.4537891e-06
3.8567753e-09
1.4493118e-06
3.9212718e-09
1.4447613e-06
3.9795132e-09
1.44014e-06
4.034761e-09
1.4354511e-06
4.0865906e-09
1.4307004e-06
4.1325583e-09
1.4258912e-06
4.1753516e-09
1.4210273e-06
4.215146e-09
1.4161161e-06
4.2492454e-09
1.4111716e-06
4.2743471e-09
1.4062069e-06
4.2989412e-09
1.401197e-06
4.3269353e-09
1.3961282e-06
4.3555639e-09
1.3910162e-06
4.3723931e-09
1.3858721e-06
4.3843822e-09
1.3807051e-06
4.3894004e-09
1.375518e-06
4.3924682e-09
1.3703147e-06
4.3919788e-09
1.3651022e-06
4.3845212e-09
1.3598876e-06
4.3702055e-09
1.3546784e-06
4.3486383e-09
1.3494828e-06
4.3190775e-09
1.3443098e-06
4.2806843e-09
1.339168e-06
4.234074e-09
1.3340642e-06
4.1808854e-09
1.329006e-06
4.1206145e-09
1.3240012e-06
4.0526968e-09
1.3190578e-06
3.9773758e-09
1.3141832e-06
3.8949288e-09
1.3093832e-06
3.8071457e-09
1.3046623e-06
3.7153582e-09
1.3000234e-06
3.6208729e-09
1.2954701e-06
3.5234731e-09
1.291004e-06
3.4246885e-09
1.2866265e-06
3.3250154e-09
1.282337e-06
3.2262553e-09
1.2781385e-06
3.1248897e-09
1.2740296e-06
3.0253338e-09
1.2700138e-06
2.9225427e-09
1.2660876e-06
2.8238287e-09
1.2622577e-06
2.7187341e-09
1.2585176e-06
2.62057e-09
1.254876e-06
2.5142359e-09
1.2513289e-06
2.4126088e-09
1.2478817e-06
2.3063147e-09
1.2445378e-06
2.1971993e-09
1.241285e-06
2.1012334e-09
1.2381666e-06
1.9630346e-09
1.2351445e-06
1.8639854e-09
1.2321994e-06
1.7852946e-09
1.2294783e-06
1.5609416e-09
1.2269057e-06
1.4131603e-09
1.2242298e-06
1.5187913e-09
1.221583e-06
1.4940484e-09
1.2196688e-06
7.6845641e-10
1.2186014e-06
-6.8332007e-11
1.2179292e-06
-4.5185988e-10
1.2173236e-06
-5.0644422e-10
1.2166247e-06
-4.0059556e-10
1.2160617e-06
-5.2315929e-10
1.2156348e-06
-6.4560313e-10
1.2151021e-06
-5.2574878e-10
1.2145131e-06
-4.5473714e-10
1.214131e-06
-6.4637273e-10
1.2137216e-06
-6.0336003e-10
1.2133198e-06
-5.9482419e-10
1.2131155e-06
-7.7567419e-10
1.2127554e-06
-6.025207e-10
1.2123856e-06
-5.7501648e-10
1.2122908e-06
-8.3105611e-10
1.2122393e-06
-8.545018e-10
1.2120437e-06
-6.8945516e-10
1.2122164e-06
-1.0359131e-09
1.2125785e-06
-1.2026384e-09
1.2128559e-06
-1.0940049e-09
1.2132018e-06
-1.1376602e-09
1.2137665e-06
-1.3303167e-09
1.2144534e-06
-1.4255468e-09
1.2152627e-06
-1.5200481e-09
1.2162035e-06
-1.6235542e-09
1.2172868e-06
-1.7404567e-09
1.2184932e-06
-1.8486435e-09
1.2198062e-06
-1.9650814e-09
1.2212811e-06
-2.0810003e-09
1.2230612e-06
-2.2140338e-09
1.2250021e-06
-2.3487154e-09
1.2270946e-06
-2.4728743e-09
1.2293426e-06
-2.5986244e-09
1.2317495e-06
-2.7263605e-09
1.2343142e-06
-2.8533984e-09
1.2370395e-06
-2.9864826e-09
1.239912e-06
-3.1138558e-09
1.2429198e-06
-3.2412237e-09
1.2460647e-06
-3.3679322e-09
1.2494592e-06
-3.4880396e-09
1.2530409e-06
-3.61816e-09
1.2568065e-06
-3.742167e-09
1.2607495e-06
-3.8613441e-09
1.2648647e-06
-3.9756709e-09
1.2691459e-06
-4.0827581e-09
1.2735877e-06
-4.1831045e-09
1.2781837e-06
-4.2755368e-09
1.2829266e-06
-4.3596189e-09
1.2878095e-06
-4.4355621e-09
1.2928248e-06
-4.5029185e-09
1.297964e-06
-4.5612873e-09
1.3032164e-06
-4.608101e-09
1.3085689e-06
-4.6417248e-09
1.3140088e-06
-4.6623394e-09
1.3195225e-06
-4.6693769e-09
1.3250971e-06
-4.6639039e-09
1.330718e-06
-4.6441255e-09
1.3363706e-06
-4.6104769e-09
1.3420404e-06
-4.5634581e-09
1.3477108e-06
-4.50079e-09
1.3533676e-06
-4.4255186e-09
1.358994e-06
-4.33515e-09
1.3645734e-06
-4.2299684e-09
1.3700914e-06
-4.1127795e-09
1.3755283e-06
-3.9782848e-09
1.3808672e-06
-3.8295656e-09
1.3860933e-06
-3.6689234e-09
1.391195e-06
-3.4998466e-09
1.3961456e-06
-3.3074157e-09
1.4009345e-06
-3.1076879e-09
1.4055676e-06
-2.9175711e-09
1.4100136e-06
-2.699581e-09
1.4142734e-06
-2.4865341e-09
1.4183002e-06
-2.2303377e-09
1.4222027e-06
-2.0855477e-09
1.4259619e-06
-1.9255064e-09
1.4295707e-06
-1.7632216e-09
1.4331568e-06
-1.7316988e-09
1.4365883e-06
-1.5703447e-09
1.4398716e-06
-1.4184249e-09
1.4426522e-06
-9.1619645e-10
1.4448483e-06
-3.3804204e-10
1.4467802e-06
-8.6871843e-11
1.4486587e-06
-5.0723425e-11
1.4500854e-06
3.8033576e-10
1.4509505e-06
9.1804786e-10
1.4513189e-06
1.3885888e-09
1.4512304e-06
1.8170474e-09
1.4506909e-06
2.2375906e-09
1.4497295e-06
2.6268898e-09
1.448399e-06
2.9612592e-09
1.4467192e-06
3.2733301e-09
1.4447182e-06
3.5553174e-09
1.4424144e-06
3.8167043e-09
1.4398157e-06
4.0686965e-09
1.4369368e-06
4.3046353e-09
1.4337857e-06
4.5315534e-09
1.430377e-06
4.7432946e-09
1.4267154e-06
4.9498787e-09
1.4228242e-06
5.1330873e-09
1.4187075e-06
5.3120131e-09
1.4143982e-06
5.4580398e-09
1.4098873e-06
5.6129861e-09
1.4052163e-06
5.7264615e-09
1.4003696e-06
5.855461e-09
1.3953988e-06
5.9329097e-09
1.3902917e-06
6.0225447e-09
1.3850853e-06
6.0754761e-09
1.379857e-06
6.0513763e-09
1.3746344e-06
6.0028857e-09
6.1948917e-09
1.2088611e-06
-2.7236169e-10
1.209182e-06
-6.2449912e-10
1.2097317e-06
-1.0928747e-09
1.2104659e-06
-1.4482704e-09
1.2113761e-06
-1.795363e-09
1.2124418e-06
-2.1069257e-09
1.2136365e-06
-2.3636915e-09
1.2149397e-06
-2.581932e-09
1.2163291e-06
-2.7562446e-09
1.2177846e-06
-2.8907414e-09
1.2192888e-06
-2.9902965e-09
1.2208255e-06
-3.0584895e-09
1.2223823e-06
-3.1013521e-09
1.2239483e-06
-3.1213814e-09
1.225515e-06
-3.1239513e-09
1.2270754e-06
-3.1134921e-09
1.2286239e-06
-3.0916532e-09
1.2301567e-06
-3.0615799e-09
1.231671e-06
-3.0253742e-09
1.2331645e-06
-2.9848595e-09
1.2346361e-06
-2.9414959e-09
1.2360849e-06
-2.8963623e-09
1.2375105e-06
-2.8503653e-09
1.2389129e-06
-2.8041627e-09
1.2402923e-06
-2.7582647e-09
1.241649e-06
-2.7130249e-09
1.2429835e-06
-2.6686986e-09
1.2442963e-06
-2.6255447e-09
1.2455882e-06
-2.5835765e-09
1.2468597e-06
-2.5429632e-09
1.2481117e-06
-2.5036204e-09
1.2493446e-06
-2.4656575e-09
1.2505592e-06
-2.4289806e-09
1.2517561e-06
-2.3936493e-09
1.252936e-06
-2.3595823e-09
1.2540995e-06
-2.3267739e-09
1.2552472e-06
-2.2952014e-09
1.2563797e-06
-2.264716e-09
1.2574975e-06
-2.2354723e-09
1.2586013e-06
-2.2071127e-09
1.2596915e-06
-2.1799527e-09
1.2607684e-06
-2.1535125e-09
1.2618326e-06
-2.1281275e-09
1.2628847e-06
-2.1034863e-09
1.2639247e-06
-2.0796311e-09
1.2649533e-06
-2.0567055e-09
1.2659707e-06
-2.0341999e-09
1.2669772e-06
-2.0126572e-09
1.2679736e-06
-1.9918494e-09
1.2689595e-06
-1.9712134e-09
1.2699356e-06
-1.9517232e-09
1.2709023e-06
-1.9324617e-09
1.2718595e-06
-1.9139166e-09
1.2728079e-06
-1.8958581e-09
1.2737474e-06
-1.8783957e-09
1.2746786e-06
-1.8615456e-09
1.2756016e-06
-1.8450987e-09
1.2765166e-06
-1.8291848e-09
1.2774239e-06
-1.8136244e-09
1.2783236e-06
-1.7984507e-09
1.2792159e-06
-1.7835116e-09
1.280101e-06
-1.7690516e-09
1.2809789e-06
-1.7547306e-09
1.2818501e-06
-1.7409771e-09
1.2827143e-06
-1.7272663e-09
1.2835722e-06
-1.7142594e-09
1.2844235e-06
-1.701117e-09
1.2852686e-06
-1.6888113e-09
1.2861075e-06
-1.6761579e-09
1.2869407e-06
-1.6645534e-09
1.2877678e-06
-1.6525004e-09
1.2885895e-06
-1.6414932e-09
1.2894056e-06
-1.6301573e-09
1.2902166e-06
-1.619739e-09
1.2910222e-06
-1.6091306e-09
1.291823e-06
-1.599243e-09
1.2926189e-06
-1.5892483e-09
1.2934103e-06
-1.5798722e-09
1.2941966e-06
-1.5699202e-09
1.2949783e-06
-1.5603772e-09
1.2957553e-06
-1.5509527e-09
1.2965277e-06
-1.5416894e-09
1.2972956e-06
-1.5325075e-09
1.2980592e-06
-1.5236754e-09
1.2988186e-06
-1.515164e-09
1.2995736e-06
-1.5063937e-09
1.3003249e-06
-1.4985875e-09
1.3010719e-06
-1.4899038e-09
1.3018153e-06
-1.4826287e-09
1.3025548e-06
-1.474401e-09
1.3032906e-06
-1.466991e-09
1.3040229e-06
-1.4598576e-09
1.3047516e-06
-1.452324e-09
1.3054769e-06
-1.445712e-09
1.3061992e-06
-1.4393171e-09
1.3069184e-06
-1.4331136e-09
1.3076349e-06
-1.4272792e-09
1.3083493e-06
-1.4229324e-09
1.3090623e-06
-1.4194983e-09
1.309774e-06
-1.4163191e-09
1.3104827e-06
-1.4101382e-09
1.3111881e-06
-1.4031154e-09
1.3118896e-06
-1.3955455e-09
1.3125879e-06
-1.3888877e-09
1.3132828e-06
-1.3821482e-09
1.3139746e-06
-1.3758514e-09
1.3146628e-06
-1.368448e-09
1.3153482e-06
-1.363321e-09
1.3160322e-06
-1.3589712e-09
1.3167123e-06
-1.3523027e-09
1.3173921e-06
-1.3505357e-09
1.3180694e-06
-1.3448291e-09
1.3187439e-06
-1.3404309e-09
1.319419e-06
-1.3389556e-09
1.3200893e-06
-1.3309531e-09
1.3207581e-06
-1.3273835e-09
1.3214253e-06
-1.3232011e-09
1.322088e-06
-1.3161316e-09
1.3227506e-06
-1.3148038e-09
1.3234116e-06
-1.311248e-09
1.3240723e-06
-1.3102714e-09
1.3247346e-06
-1.311963e-09
1.3253952e-06
-1.30842e-09
1.3260538e-06
-1.3046484e-09
1.3267098e-06
-1.2986856e-09
1.3273616e-06
-1.290549e-09
1.3280103e-06
-1.2876078e-09
1.3286618e-06
-1.2906867e-09
1.3293142e-06
-1.2915127e-09
1.3299701e-06
-1.296764e-09
1.3306202e-06
-1.2846217e-09
1.3312655e-06
-1.277169e-09
1.3319118e-06
-1.2778609e-09
1.3325535e-06
-1.2696426e-09
1.3331969e-06
-1.2727868e-09
1.3338367e-06
-1.2657484e-09
1.334475e-06
-1.2635852e-09
1.3351152e-06
-1.2659136e-09
1.3357587e-06
-1.2695485e-09
1.3364009e-06
-1.2663426e-09
1.3370343e-06
-1.253091e-09
1.3376649e-06
-1.249767e-09
1.3382943e-06
-1.2468142e-09
1.338933e-06
-1.2599681e-09
1.339568e-06
-1.2546137e-09
1.3402082e-06
-1.2614367e-09
1.3408477e-06
-1.2574302e-09
1.3414719e-06
-1.2350312e-09
1.3420957e-06
-1.2287749e-09
1.3427077e-06
-1.214107e-09
1.343327e-06
-1.2216193e-09
1.3439453e-06
-1.2157058e-09
1.3445604e-06
-1.2135311e-09
1.3451657e-06
-1.1943002e-09
1.3457642e-06
-1.1936825e-09
1.3463846e-06
-1.219354e-09
1.3470033e-06
-1.2172499e-09
1.3476291e-06
-1.2350116e-09
1.3482472e-06
-1.2253247e-09
1.3488715e-06
-1.2381625e-09
1.3495052e-06
-1.2432584e-09
1.350129e-06
-1.2333961e-09
1.3507518e-06
-1.2329067e-09
1.3513689e-06
-1.2255383e-09
1.3519967e-06
-1.236494e-09
1.3526365e-06
-1.2447625e-09
1.3532552e-06
-1.2188441e-09
1.3538197e-06
-1.1472956e-09
1.3544052e-06
-1.1703585e-09
1.3550209e-06
-1.1963928e-09
1.3556395e-06
-1.2109562e-09
1.3562556e-06
-1.2056982e-09
1.3568341e-06
-1.1643393e-09
1.3574563e-06
-1.2210877e-09
1.3580526e-06
-1.1869199e-09
1.3586261e-06
-1.1684795e-09
1.3592526e-06
-1.2037451e-09
1.359721e-06
-1.0816903e-09
1.3603672e-06
-1.2881363e-09
1.3610901e-06
-1.2009647e-09
1.3614213e-06
-9.5720765e-10
1.3620711e-06
-1.2885835e-09
1.3628169e-06
-1.2107666e-09
1.3632612e-06
-1.0796253e-09
1.363911e-06
-1.2202701e-09
1.3644146e-06
-1.0871117e-09
1.3650106e-06
-1.1842425e-09
1.3657082e-06
-1.1546701e-09
1.3661418e-06
-1.0104468e-09
1.3666775e-06
-1.0463546e-09
1.3670935e-06
-1.0409282e-09
1.367567e-06
-1.0973169e-09
1.3682084e-06
-1.0393886e-09
1.3685737e-06
-9.9941211e-10
1.369121e-06
-1.1159313e-09
1.3698919e-06
-1.1063066e-09
1.3703192e-06
-1.0721335e-09
1.3707892e-06
-1.0799504e-09
1.3713421e-06
-9.7754072e-10
1.3717621e-06
-9.8371045e-10
1.3721761e-06
-8.9828456e-10
1.3725823e-06
-8.0500495e-10
1.373031e-06
-8.6886054e-10
1.3735378e-06
-8.9289109e-10
1.3739166e-06
-8.2036689e-10
1.3742313e-06
-8.2597307e-10
1.3746087e-06
-8.2108054e-10
1.3750224e-06
-7.9442009e-10
1.3754222e-06
-7.6851059e-10
1.3758501e-06
-7.5047923e-10
1.3762655e-06
-7.2766504e-10
1.3766335e-06
-6.9303896e-10
1.3770672e-06
-7.29798e-10
1.3775601e-06
-7.7791595e-10
1.3780308e-06
-8.0590734e-10
1.3784242e-06
-8.1208329e-10
1.3788669e-06
-8.6770502e-10
1.3793331e-06
-8.5637275e-10
1.379791e-06
-8.059029e-10
1.3802449e-06
-8.1257312e-10
1.3806783e-06
-8.2538376e-10
1.3811378e-06
-8.5946095e-10
1.3816071e-06
-8.7798302e-10
1.3820467e-06
-8.7297192e-10
1.3824274e-06
-7.9008577e-10
1.3827674e-06
-7.1669293e-10
1.3831301e-06
-7.2204154e-10
1.3835331e-06
-7.4077144e-10
1.3839718e-06
-7.7237461e-10
1.384381e-06
-7.8483753e-10
1.3847996e-06
-8.2057561e-10
1.3852725e-06
-8.5511109e-10
1.3857667e-06
-8.5657481e-10
1.386283e-06
-8.651555e-10
1.3867918e-06
-8.683636e-10
1.3872462e-06
-8.8193675e-10
1.387701e-06
-8.889951e-10
1.388191e-06
-8.9867624e-10
1.3886421e-06
-8.7514795e-10
1.3890655e-06
-8.6585317e-10
1.3895144e-06
-9.1108499e-10
1.3899048e-06
-8.8676799e-10
1.3903017e-06
-8.3397511e-10
1.3907554e-06
-8.3224938e-10
1.3912047e-06
-8.6993168e-10
1.3916866e-06
-8.8972874e-10
1.3922012e-06
-8.8979313e-10
1.3927073e-06
-8.8319174e-10
1.3931732e-06
-8.3005469e-10
1.3936729e-06
-8.4631724e-10
1.3941689e-06
-8.5535179e-10
1.3945697e-06
-8.3322327e-10
1.3950347e-06
-9.1517949e-10
1.3955079e-06
-8.7472607e-10
1.3959389e-06
-8.2874951e-10
1.396418e-06
-9.0402485e-10
1.3968584e-06
-9.2789998e-10
1.397297e-06
-9.6368513e-10
1.3977465e-06
-9.6149133e-10
1.3981838e-06
-9.5336494e-10
1.3986495e-06
-9.8928998e-10
1.3991259e-06
-9.597918e-10
1.3995424e-06
-8.9977048e-10
1.3999606e-06
-9.1954266e-10
1.4004934e-06
-9.4593755e-10
1.401052e-06
-9.3561114e-10
1.4014756e-06
-8.6614493e-10
1.4019402e-06
-8.5820817e-10
1.4024656e-06
-8.9574614e-10
1.4028732e-06
-8.5105167e-10
1.4033402e-06
-8.7873797e-10
1.4038925e-06
-9.3221431e-10
1.4043226e-06
-9.0587582e-10
1.4047877e-06
-9.0705976e-10
1.4053231e-06
-9.3871266e-10
1.4057753e-06
-9.2620756e-10
1.4063076e-06
-9.9443298e-10
1.4068414e-06
-9.5667785e-10
1.4072048e-06
-8.9589935e-10
1.407605e-06
-9.5031005e-10
1.4080842e-06
-9.3444186e-10
1.4085667e-06
-9.8777297e-10
1.4091144e-06
-1.0351049e-09
1.4096718e-06
-9.8471054e-10
1.4101187e-06
-9.5574304e-10
1.4105448e-06
-9.4342845e-10
1.4110384e-06
-9.4433883e-10
1.4115254e-06
-9.7432284e-10
1.4120868e-06
-1.0237002e-09
1.4126431e-06
-9.7260155e-10
1.4130814e-06
-9.6335073e-10
1.4135867e-06
-1.0522601e-09
1.4142022e-06
-1.0382331e-09
1.4146841e-06
-9.6317754e-10
1.415234e-06
-1.0234049e-09
1.415839e-06
-1.0212102e-09
1.4162808e-06
-9.3528696e-10
1.4167453e-06
-9.5729868e-10
1.4172421e-06
-9.3118935e-10
1.4176625e-06
-9.0765928e-10
1.4181047e-06
-9.8116582e-10
1.4185921e-06
-9.5276231e-10
1.4190296e-06
-9.5112984e-10
1.4195784e-06
-1.071661e-09
1.4201407e-06
-1.0298482e-09
1.4205175e-06
-9.5071773e-10
1.4210262e-06
-1.0636625e-09
1.421609e-06
-1.0532575e-09
1.4220482e-06
-9.9403552e-10
1.4225386e-06
-1.024262e-09
1.4230857e-06
-1.0057049e-09
1.4234569e-06
-9.2832098e-10
1.4239436e-06
-9.8394448e-10
1.4245694e-06
-1.0362107e-09
1.425021e-06
-9.6448893e-10
1.425479e-06
-9.7817843e-10
1.4259796e-06
-9.4297814e-10
1.4264239e-06
-9.419816e-10
1.4269265e-06
-1.0618613e-09
1.4274498e-06
-9.8628927e-10
1.4278584e-06
-8.946599e-10
1.428372e-06
-1.0259611e-09
1.4289008e-06
-9.9401332e-10
1.4293158e-06
-9.4043751e-10
1.4298448e-06
-1.0385719e-09
1.4304667e-06
-1.0953909e-09
1.4309105e-06
-1.0144263e-09
1.4313075e-06
-1.0257621e-09
1.4318811e-06
-1.0939121e-09
1.4324442e-06
-1.0498469e-09
1.4328542e-06
-9.9313713e-10
1.4333184e-06
-1.0188326e-09
1.4338562e-06
-1.0805938e-09
1.4342876e-06
-1.00265e-09
1.434736e-06
-9.5101926e-10
1.435317e-06
-1.0915686e-09
1.4358258e-06
-1.0809833e-09
1.436234e-06
-9.4464525e-10
1.4366633e-06
-8.8692342e-10
1.4372596e-06
-1.0512053e-09
1.4377705e-06
-1.021041e-09
1.4382212e-06
-9.2379837e-10
1.4387569e-06
-9.4002939e-10
1.4392989e-06
-1.0160521e-09
1.439724e-06
-9.5850261e-10
1.4401343e-06
-8.7590157e-10
1.4406628e-06
-9.4608854e-10
1.4411494e-06
-1.0091279e-09
1.4415338e-06
-9.1874508e-10
1.4419257e-06
-8.3803853e-10
1.4424939e-06
-9.6335162e-10
1.4430141e-06
-1.0214065e-09
1.4433633e-06
-8.9449737e-10
1.4437465e-06
-8.1151486e-10
1.4443788e-06
-9.8998454e-10
1.4448512e-06
-9.696528e-10
1.4452225e-06
-8.7992946e-10
1.4456835e-06
-8.6774676e-10
1.4461328e-06
-9.2929708e-10
1.4465897e-06
-9.354868e-10
1.4471692e-06
-9.6757535e-10
1.4476263e-06
-9.0799857e-10
1.4479372e-06
-8.4460039e-10
1.4483927e-06
-8.3070573e-10
1.4489991e-06
-9.3646113e-10
1.4493173e-06
-8.6478602e-10
1.4496606e-06
-8.6675378e-10
1.4501758e-06
-8.8625685e-10
1.4506566e-06
-8.9566887e-10
1.450957e-06
-8.6910834e-10
1.4513268e-06
-8.3586915e-10
1.4518816e-06
-9.367187e-10
1.4523046e-06
-8.9571017e-10
1.4525975e-06
-8.2508267e-10
1.452997e-06
-8.0445783e-10
1.4535536e-06
-9.1173336e-10
1.4539229e-06
-8.3711171e-10
1.4541546e-06
-7.4859718e-10
1.4545063e-06
-7.1073991e-10
1.4550469e-06
-8.4321172e-10
1.4553398e-06
-7.9373264e-10
1.4556681e-06
-7.9733908e-10
1.4561951e-06
-8.6542817e-10
1.4566278e-06
-8.2954532e-10
1.4568797e-06
-7.7343154e-10
1.4572158e-06
-7.5033846e-10
1.4576601e-06
-7.6674622e-10
1.4580117e-06
-7.6524609e-10
1.4583218e-06
-7.9325968e-10
1.4586486e-06
-7.7137452e-10
1.4589446e-06
-7.2522655e-10
1.4593069e-06
-7.4063866e-10
1.4597167e-06
-7.7104723e-10
1.4600208e-06
-7.2582029e-10
1.4602673e-06
-6.8360162e-10
1.4605677e-06
-6.6859007e-10
1.4609077e-06
-6.7248163e-10
1.4611908e-06
-6.4051564e-10
1.4614248e-06
-6.0157701e-10
1.4616569e-06
-5.6795191e-10
1.4618992e-06
-5.4989879e-10
1.4621177e-06
-5.1317173e-10
1.4623053e-06
-4.7374504e-10
1.4624744e-06
-4.3311399e-10
1.4626251e-06
-3.9564307e-10
1.4627565e-06
-3.5382941e-10
1.4628625e-06
-3.1051561e-10
1.4629473e-06
-2.663354e-10
1.463007e-06
-2.2092417e-10
1.4630421e-06
-1.7402435e-10
1.4630525e-06
-1.264775e-10
1.4630399e-06
-8.0908613e-11
1.4630076e-06
-3.9647396e-11
1.4629511e-06
4.7228887e-12
1.4628776e-06
4.3215209e-11
1.4627833e-06
8.1410434e-11
1.4626746e-06
1.1430634e-10
1.4625496e-06
1.452376e-10
1.4624132e-06
1.7128565e-10
1.4622647e-06
1.9506574e-10
1.4621074e-06
2.1455282e-10
1.4619411e-06
2.3225244e-10
1.4617681e-06
2.4661695e-10
1.4615891e-06
2.585856e-10
1.4614044e-06
2.695848e-10
1.461215e-06
2.7843683e-10
1.4610218e-06
2.8490588e-10
1.4608227e-06
2.9486857e-10
1.460621e-06
2.9856073e-10
1.4604158e-06
3.0389824e-10
1.4602026e-06
3.1595571e-10
1.4599874e-06
3.1731506e-10
1.4597682e-06
3.2221426e-10
1.4595411e-06
3.3323166e-10
1.4593099e-06
3.3758507e-10
1.4590739e-06
3.4295189e-10
1.4588332e-06
3.4826364e-10
1.4585887e-06
3.513958e-10
1.458341e-06
3.5384717e-10
1.4580913e-06
3.5396042e-10
1.4578411e-06
3.5140779e-10
1.4575914e-06
3.4734837e-10
1.4573445e-06
3.3876457e-10
1.4571023e-06
3.2857583e-10
1.4568665e-06
3.131535e-10
1.4566394e-06
2.9564839e-10
1.4564236e-06
2.7409763e-10
1.4562195e-06
2.469096e-10
1.4560355e-06
2.1922375e-10
1.4558594e-06
1.8668933e-10
1.4557176e-06
1.4144419e-10
1.4555905e-06
1.0933254e-10
1.455475e-06
5.7097438e-11
1.4554452e-06
-1.2723156e-11
1.4553633e-06
-3.0778935e-11
1.4553615e-06
-1.3384627e-10
1.4554676e-06
-2.0797231e-10
1.4554321e-06
-2.2960567e-10
1.4555979e-06
-3.7466652e-10
1.4557742e-06
-4.1713122e-10
1.4558788e-06
-5.271481e-10
1.4565771e-06
-8.2863894e-10
1.4567603e-06
-5.5417271e-10
1.4568033e-06
-7.3124795e-10
1.45727e-06
-8.9473717e-10
1.458018e-06
-1.3661872e-09
1.4587668e-06
-1.6414368e-09
1.4597105e-06
-1.8774582e-09
1.4606181e-06
-1.8393722e-09
1.4614571e-06
-1.8358191e-09
1.4623878e-06
-1.9817468e-09
1.4633888e-06
-1.9513151e-09
1.4643655e-06
-1.903234e-09
1.4654332e-06
-1.9834014e-09
1.4665284e-06
-2.0297461e-09
1.4675678e-06
-2.1207693e-09
1.4687135e-06
-2.2912761e-09
1.4699684e-06
-2.3770621e-09
1.4711597e-06
-2.4103564e-09
1.4723462e-06
-2.4328757e-09
1.4735667e-06
-2.4009856e-09
1.4746213e-06
-2.3750371e-09
1.4758003e-06
-2.552333e-09
1.4773099e-06
-2.7150682e-09
1.4786618e-06
-2.7614138e-09
1.4799541e-06
-2.8040028e-09
1.4816642e-06
-3.0118228e-09
1.4830463e-06
-2.8787159e-09
1.4843192e-06
-2.8895699e-09
1.4859649e-06
-3.0591791e-09
1.4875788e-06
-3.0387399e-09
1.4890363e-06
-3.0218308e-09
1.4906768e-06
-3.0729992e-09
1.4922693e-06
-3.1074965e-09
1.4937046e-06
-3.0260545e-09
1.4954458e-06
-3.1341107e-09
1.4972071e-06
-3.2061727e-09
1.4986581e-06
-3.0999932e-09
1.5001993e-06
-3.1251131e-09
1.5021018e-06
-3.2794309e-09
1.5037155e-06
-3.2542955e-09
1.5051864e-06
-3.185483e-09
1.5070729e-06
-3.2515248e-09
1.5087531e-06
-3.1935463e-09
1.5102322e-06
-3.137e-09
1.5120577e-06
-3.1665697e-09
1.5137007e-06
-3.0875218e-09
1.5151498e-06
-3.0335312e-09
1.5168552e-06
-2.9585792e-09
1.5183367e-06
-2.7922558e-09
1.5196928e-06
-2.7505789e-09
1.5214118e-06
-2.8890383e-09
1.522828e-06
-2.8187626e-09
1.5241443e-06
-2.8625595e-09
1.5258194e-06
-2.8802796e-09
1.5272105e-06
-2.5805234e-09
1.5285049e-06
-2.5843931e-09
1.5301058e-06
-2.7660594e-09
1.5315344e-06
-2.5827664e-09
1.5328219e-06
-2.3794637e-09
1.5340716e-06
-2.1760607e-09
1.5349681e-06
-1.9869928e-09
1.5356634e-06
-1.7479271e-09
1.5363736e-06
-1.4756134e-09
1.5367851e-06
-1.310529e-09
1.5366841e-06
-6.5563199e-10
1.5365061e-06
1.5170976e-10
1.5361918e-06
6.8295458e-10
1.5352547e-06
1.2699966e-09
1.5340924e-06
1.8667103e-09
1.5327188e-06
2.2434454e-09
1.5311467e-06
2.6346347e-09
1.5294331e-06
2.9687297e-09
1.5275528e-06
3.2672878e-09
1.5255238e-06
3.558176e-09
1.5233384e-06
3.829419e-09
1.5210024e-06
4.0921893e-09
1.5185175e-06
4.3477408e-09
1.5158853e-06
4.5961839e-09
1.5131097e-06
4.833844e-09
1.5101911e-06
5.0670916e-09
1.507133e-06
5.2972147e-09
1.5039368e-06
5.5245519e-09
1.5006073e-06
5.7455218e-09
1.4971478e-06
5.9623093e-09
1.4935626e-06
6.173158e-09
1.4898571e-06
6.376685e-09
1.4860363e-06
6.5723738e-09
1.4821038e-06
6.7593562e-09
1.4780653e-06
6.9362995e-09
1.4739327e-06
7.0978112e-09
1.4697102e-06
7.25437e-09
1.4653894e-06
7.4062374e-09
1.4609872e-06
7.5502133e-09
1.4565064e-06
7.6840632e-09
1.451942e-06
7.8137736e-09
1.4472985e-06
7.9329103e-09
1.442582e-06
8.0439699e-09
1.4377975e-06
8.1473002e-09
1.4329493e-06
8.24113e-09
1.4280419e-06
8.3275249e-09
1.4230796e-06
8.4068272e-09
1.4180664e-06
8.477294e-09
1.4130046e-06
8.5373424e-09
1.4079013e-06
8.5923375e-09
1.4027661e-06
8.6400198e-09
1.3976003e-06
8.6847498e-09
1.3924017e-06
8.7185876e-09
1.3871725e-06
8.7452143e-09
1.3819165e-06
8.7612926e-09
1.3766418e-06
8.7675072e-09
1.3713552e-06
8.7637804e-09
1.3660612e-06
8.748791e-09
1.3607664e-06
8.720928e-09
1.3554784e-06
8.6784091e-09
1.3502053e-06
8.6202725e-09
1.3449545e-06
8.5462557e-09
1.339734e-06
8.4563969e-09
1.334555e-06
8.3491534e-09
1.3294275e-06
8.2252947e-09
1.3243592e-06
8.0865243e-09
1.3193566e-06
7.9343119e-09
1.3144252e-06
7.7697146e-09
1.3095708e-06
7.5946942e-09
1.3047982e-06
7.4108755e-09
1.3001114e-06
7.2211148e-09
1.2955129e-06
7.0260748e-09
1.2910042e-06
6.8285746e-09
1.2865869e-06
6.6288188e-09
1.282261e-06
6.430378e-09
1.2780276e-06
6.228503e-09
1.2738864e-06
6.029107e-09
1.269838e-06
5.8261236e-09
1.2658844e-06
5.6256111e-09
1.2620218e-06
5.422915e-09
1.2582592e-06
5.2183724e-09
1.254588e-06
5.0152003e-09
1.2510174e-06
4.8077422e-09
1.2475424e-06
4.6015987e-09
1.2441806e-06
4.3756514e-09
1.2409102e-06
4.1855972e-09
1.2377292e-06
3.9564387e-09
1.2347371e-06
3.6678411e-09
1.2317977e-06
3.5371119e-09
1.2288826e-06
3.2904639e-09
1.226255e-06
2.8580383e-09
1.2238266e-06
2.7693856e-09
1.2215398e-06
2.6120865e-09
1.2192522e-06
1.8994055e-09
1.2172265e-06
8.1443208e-10
1.2159081e-06
-2.625673e-10
1.2149002e-06
-6.1384631e-10
1.2142716e-06
-8.7277519e-10
1.2136345e-06
-9.7211483e-10
1.2130007e-06
-1.082439e-09
1.2125906e-06
-1.1698886e-09
1.2122677e-06
-1.1685395e-09
1.2117694e-06
-1.1667685e-09
1.2113786e-06
-1.2136945e-09
1.2112051e-06
-1.4043708e-09
1.2109977e-06
-1.5326695e-09
1.2108053e-06
-1.3551178e-09
1.2107674e-06
-1.4616224e-09
1.2107312e-06
-1.6975732e-09
1.2107041e-06
-1.7072184e-09
1.2108982e-06
-1.7393922e-09
1.211034e-06
-2.002511e-09
1.2111505e-06
-2.1238202e-09
1.2115572e-06
-2.2781399e-09
1.2121262e-06
-2.4556286e-09
1.2127408e-06
-2.6640277e-09
1.2134735e-06
-2.8459617e-09
1.2143585e-06
-3.0605158e-09
1.2153809e-06
-3.2690646e-09
1.2165473e-06
-3.4975951e-09
1.2178541e-06
-3.7140255e-09
1.2193077e-06
-3.9464734e-09
1.2209102e-06
-4.1758259e-09
1.2226944e-06
-4.4372332e-09
1.2246789e-06
-4.6903188e-09
1.2268304e-06
-4.9492632e-09
1.2291412e-06
-5.1979847e-09
1.2316307e-06
-5.4557221e-09
1.2343001e-06
-5.7129794e-09
1.2371492e-06
-5.9777783e-09
1.240176e-06
-6.2359242e-09
1.2433785e-06
-6.4902732e-09
1.24676e-06
-6.7408465e-09
1.2503363e-06
-6.9989397e-09
1.2541013e-06
-7.2558644e-09
1.2580552e-06
-7.5041293e-09
1.2621939e-06
-7.741261e-09
1.2665147e-06
-7.9694211e-09
1.2710148e-06
-8.1861455e-09
1.2756891e-06
-8.3898546e-09
1.2805318e-06
-8.5787497e-09
1.2855355e-06
-8.7508032e-09
1.2906906e-06
-8.904637e-09
1.2959887e-06
-9.0407619e-09
1.3014207e-06
-9.1587462e-09
1.3069754e-06
-9.2540438e-09
1.31264e-06
-9.3236938e-09
1.318401e-06
-9.3676018e-09
1.3242443e-06
-9.3849692e-09
1.3301561e-06
-9.3772683e-09
1.3361212e-06
-9.3419197e-09
1.3421239e-06
-9.2789265e-09
1.3481467e-06
-9.1875103e-09
1.3541713e-06
-9.0649506e-09
1.3601805e-06
-8.9155265e-09
1.3661565e-06
-8.7365395e-09
1.372081e-06
-8.5280387e-09
1.3779376e-06
-8.295133e-09
1.3837057e-06
-8.0284139e-09
1.3893635e-06
-7.7300939e-09
1.394901e-06
-7.4142092e-09
1.4002827e-06
-7.0592368e-09
1.405496e-06
-6.6729027e-09
1.4105466e-06
-6.2895502e-09
1.4153472e-06
-5.8335226e-09
1.420016e-06
-5.4717986e-09
1.4243981e-06
-4.9651567e-09
1.4285183e-06
-4.4439963e-09
1.4325918e-06
-4.2505999e-09
1.4363434e-06
-3.7686934e-09
1.4400252e-06
-3.5426564e-09
1.4436018e-06
-3.4196845e-09
1.4471468e-06
-3.2437963e-09
1.4503567e-06
-2.7719365e-09
1.4532476e-06
-1.9681492e-09
1.4559898e-06
-1.2698074e-09
1.458063e-06
-3.8952708e-10
1.4592893e-06
4.4683812e-10
1.4599328e-06
1.4097723e-09
1.4601478e-06
2.3244606e-09
1.4599888e-06
3.1195024e-09
1.459432e-06
3.897394e-09
1.4585145e-06
4.6314592e-09
1.4572352e-06
5.3365881e-09
1.4556126e-06
5.9681788e-09
1.4536615e-06
6.5621646e-09
1.4513904e-06
7.1165447e-09
1.4488081e-06
7.6403723e-09
1.4459227e-06
8.1464129e-09
1.4427467e-06
8.6241267e-09
1.439293e-06
9.080491e-09
1.4355797e-06
9.504272e-09
1.4316149e-06
9.9157313e-09
1.4274234e-06
1.0279812e-08
1.4230075e-06
1.0638444e-08
1.4184056e-06
1.0926672e-08
1.4136022e-06
1.1240064e-08
1.4086634e-06
1.1446551e-08
1.4035391e-06
1.1719206e-08
1.3983422e-06
1.1828226e-08
1.3929647e-06
1.2058004e-08
1.3876153e-06
1.2043122e-08
1.3820241e-06
1.2221829e-08
1.3764978e-06
1.2072761e-08
1.2367838e-08
1.2088684e-06
-4.0465498e-10
1.2092179e-06
-9.7401465e-10
1.2097978e-06
-1.6727659e-09
1.2105651e-06
-2.2156117e-09
1.2115145e-06
-2.7446685e-09
1.2126206e-06
-3.2130951e-09
1.213857e-06
-3.6001437e-09
1.2152006e-06
-3.9254995e-09
1.2166281e-06
-4.1837493e-09
1.2181186e-06
-4.3812656e-09
1.2196536e-06
-4.525337e-09
1.2212187e-06
-4.6235149e-09
1.2227984e-06
-4.6810733e-09
1.2243827e-06
-4.7057354e-09
1.2259662e-06
-4.7074589e-09
1.2275402e-06
-4.6874584e-09
1.2291e-06
-4.651433e-09
1.2306418e-06
-4.60347e-09
1.2321634e-06
-4.5469557e-09
1.233663e-06
-4.4844253e-09
1.2351394e-06
-4.4179376e-09
1.2365921e-06
-4.3490824e-09
1.2380209e-06
-4.2791819e-09
1.2394259e-06
-4.209157e-09
1.2408073e-06
-4.1397272e-09
1.2421658e-06
-4.0714445e-09
1.2435017e-06
-4.0046637e-09
1.2448158e-06
-3.9396659e-09
1.2461088e-06
-3.8765715e-09
1.2473814e-06
-3.8155346e-09
1.2486342e-06
-3.7564711e-09
1.249868e-06
-3.6995189e-09
1.2510835e-06
-3.6444865e-09
1.2522814e-06
-3.5915031e-09
1.2534622e-06
-3.5404426e-09
1.2546266e-06
-3.4912722e-09
1.2557754e-06
-3.4439482e-09
1.256909e-06
-3.3982963e-09
1.258028e-06
-3.3544962e-09
1.2591329e-06
-3.3120688e-09
1.2602243e-06
-3.2713978e-09
1.2613027e-06
-3.2318477e-09
1.2623684e-06
-3.193863e-09
1.2634218e-06
-3.156996e-09
1.2644634e-06
-3.1212188e-09
1.2654936e-06
-3.086972e-09
1.2665126e-06
-3.0532337e-09
1.2675211e-06
-3.0211011e-09
1.2685192e-06
-2.9899261e-09
1.269507e-06
-2.9590832e-09
1.2704853e-06
-2.9300331e-09
1.271454e-06
-2.9012162e-09
1.2724137e-06
-2.8735458e-09
1.2733644e-06
-2.8466154e-09
1.2743064e-06
-2.8205238e-09
1.2752401e-06
-2.7952232e-09
1.2761657e-06
-2.7707299e-09
1.2770836e-06
-2.7470701e-09
1.2779939e-06
-2.723938e-09
1.2788968e-06
-2.7013778e-09
1.2797924e-06
-2.6791724e-09
1.280681e-06
-2.6576532e-09
1.2815627e-06
-2.6364e-09
1.2824377e-06
-2.6160025e-09
1.283306e-06
-2.5956637e-09
1.2841681e-06
-2.5764457e-09
1.2850239e-06
-2.5568871e-09
1.2858739e-06
-2.5388216e-09
1.2867177e-06
-2.5200251e-09
1.2875561e-06
-2.5030387e-09
1.2883886e-06
-2.485014e-09
1.2892161e-06
-2.4690663e-09
1.290038e-06
-2.4520799e-09
1.2908553e-06
-2.4370905e-09
1.2916676e-06
-2.4214146e-09
1.2924755e-06
-2.4071944e-09
1.2932788e-06
-2.3925169e-09
1.294078e-06
-2.3791453e-09
1.2948722e-06
-2.3642288e-09
1.2956622e-06
-2.3503941e-09
1.2964479e-06
-2.3366771e-09
1.2972293e-06
-2.323187e-09
1.2980066e-06
-2.3098226e-09
1.2987799e-06
-2.2970572e-09
1.2995496e-06
-2.2848501e-09
1.3003151e-06
-2.2719924e-09
1.3010775e-06
-2.2610331e-09
1.3018358e-06
-2.2482527e-09
1.3025912e-06
-2.238012e-09
1.3033429e-06
-2.226193e-09
1.3040913e-06
-2.2153737e-09
1.3048369e-06
-2.2055731e-09
1.305579e-06
-2.1944198e-09
1.3063181e-06
-2.1848829e-09
1.3070549e-06
-2.1761521e-09
1.307789e-06
-2.167321e-09
1.3085203e-06
-2.1586564e-09
1.3092507e-06
-2.1533371e-09
1.3099808e-06
-2.1497004e-09
1.3107108e-06
-2.1464177e-09
1.311438e-06
-2.1374302e-09
1.3121627e-06
-2.1278641e-09
1.3128829e-06
-2.115871e-09
1.3136006e-06
-2.1065709e-09
1.3143151e-06
-2.0967184e-09
1.3150266e-06
-2.0874267e-09
1.3157349e-06
-2.0768236e-09
1.3164407e-06
-2.0691329e-09
1.3171462e-06
-2.0645596e-09
1.3178476e-06
-2.0538002e-09
1.3185503e-06
-2.053246e-09
1.3192508e-06
-2.045438e-09
1.3199482e-06
-2.03794e-09
1.3206485e-06
-2.0393229e-09
1.3213436e-06
-2.0261357e-09
1.3220375e-06
-2.0214639e-09
1.3227293e-06
-2.0150712e-09
1.323416e-06
-2.002988e-09
1.3241041e-06
-2.0030178e-09
1.3247916e-06
-1.9988509e-09
1.3254805e-06
-1.9992346e-09
1.3261704e-06
-2.0019768e-09
1.3268591e-06
-1.9971655e-09
1.3275488e-06
-1.994501e-09
1.3282338e-06
-1.9837834e-09
1.3289115e-06
-1.9682838e-09
1.3295853e-06
-1.9614603e-09
1.3302677e-06
-1.9732065e-09
1.3309486e-06
-1.9725226e-09
1.3316401e-06
-1.9884512e-09
1.3323227e-06
-1.967567e-09
1.3329952e-06
-1.9497821e-09
1.3336794e-06
-1.96215e-09
1.3343479e-06
-1.938222e-09
1.33502e-06
-1.9448287e-09
1.3356917e-06
-1.9374977e-09
1.3363589e-06
-1.930871e-09
1.3370286e-06
-1.9356494e-09
1.3377033e-06
-1.9444126e-09
1.3383891e-06
-1.9524049e-09
1.339055e-06
-1.9192847e-09
1.3397084e-06
-1.9034392e-09
1.3403678e-06
-1.9065403e-09
1.3410409e-06
-1.93331e-09
1.3417074e-06
-1.9213546e-09
1.3423871e-06
-1.9415789e-09
1.3430738e-06
-1.9444886e-09
1.3437256e-06
-1.887166e-09
1.3443816e-06
-1.8849522e-09
1.345017e-06
-1.849644e-09
1.3456761e-06
-1.8807458e-09
1.3463383e-06
-1.8778525e-09
1.346986e-06
-1.86134e-09
1.3476246e-06
-1.8330737e-09
1.3482327e-06
-1.8019257e-09
1.3489144e-06
-1.9010953e-09
1.3495565e-06
-1.8590827e-09
1.3502107e-06
-1.8889454e-09
1.3508711e-06
-1.885851e-09
1.3514772e-06
-1.8445814e-09
1.3521964e-06
-1.9630706e-09
1.3528357e-06
-1.8735697e-09
1.3534726e-06
-1.8709252e-09
1.3541438e-06
-1.8980013e-09
1.3547609e-06
-1.8547821e-09
1.3554597e-06
-1.9446929e-09
1.3560476e-06
-1.8078605e-09
1.3566292e-06
-1.72968e-09
1.3572936e-06
-1.8350712e-09
1.357911e-06
-1.8136084e-09
1.3585299e-06
-1.8293527e-09
1.3591944e-06
-1.8695072e-09
1.3598305e-06
-1.7996249e-09
1.3603538e-06
-1.7437465e-09
1.3609764e-06
-1.8098314e-09
1.361586e-06
-1.7793997e-09
1.3621859e-06
-1.805148e-09
1.3628631e-06
-1.7598834e-09
1.3632739e-06
-1.6996253e-09
1.3638505e-06
-1.7782869e-09
1.3646851e-06
-1.7924093e-09
1.3651292e-06
-1.7328547e-09
1.3656841e-06
-1.766034e-09
1.3663763e-06
-1.7723667e-09
1.366921e-06
-1.7659265e-09
1.3675679e-06
-1.73518e-09
1.3681028e-06
-1.7203257e-09
1.3686455e-06
-1.6994255e-09
1.3693423e-06
-1.709779e-09
1.3698978e-06
-1.604517e-09
1.3703395e-06
-1.4848118e-09
1.3707352e-06
-1.4944272e-09
1.371263e-06
-1.5676216e-09
1.371853e-06
-1.5894277e-09
1.3723457e-06
-1.6084698e-09
1.372809e-06
-1.569481e-09
1.373264e-06
-1.5276256e-09
1.3737088e-06
-1.5265407e-09
1.3742622e-06
-1.533949e-09
1.3747804e-06
-1.5054553e-09
1.3753193e-06
-1.4405233e-09
1.3758882e-06
-1.3761516e-09
1.3764131e-06
-1.3951773e-09
1.3769333e-06
-1.4149029e-09
1.3774479e-06
-1.3378045e-09
1.3779151e-06
-1.2969483e-09
1.3783805e-06
-1.2903323e-09
1.3788439e-06
-1.2618129e-09
1.3793177e-06
-1.2464176e-09
1.379825e-06
-1.2615233e-09
1.3804018e-06
-1.307261e-09
1.3810189e-06
-1.3117316e-09
1.3815828e-06
-1.2938104e-09
1.3821336e-06
-1.3266273e-09
1.382669e-06
-1.3384103e-09
1.3832372e-06
-1.3783574e-09
1.3837943e-06
-1.4238735e-09
1.3843295e-06
-1.3915278e-09
1.3848691e-06
-1.3468644e-09
1.3854117e-06
-1.3584711e-09
1.3859324e-06
-1.3510775e-09
1.3863857e-06
-1.3184036e-09
1.3868217e-06
-1.3199415e-09
1.3873104e-06
-1.3681336e-09
1.3878991e-06
-1.3849579e-09
1.3885247e-06
-1.3478196e-09
1.3891297e-06
-1.3319603e-09
1.3897147e-06
-1.3297554e-09
1.3902456e-06
-1.3061574e-09
1.3907748e-06
-1.3154602e-09
1.3913091e-06
-1.3552395e-09
1.391832e-06
-1.3779564e-09
1.3923803e-06
-1.4039383e-09
1.3929034e-06
-1.3864274e-09
1.3934131e-06
-1.3757662e-09
1.3939387e-06
-1.4074906e-09
1.3944436e-06
-1.3971619e-09
1.3949336e-06
-1.3937749e-09
1.3954615e-06
-1.4091222e-09
1.3960073e-06
-1.4189268e-09
1.3965205e-06
-1.433186e-09
1.3970682e-06
-1.444493e-09
1.3976319e-06
-1.4094361e-09
1.3981997e-06
-1.4138912e-09
1.3987622e-06
-1.4465975e-09
1.3993099e-06
-1.4515869e-09
1.3998557e-06
-1.449171e-09
1.4004317e-06
-1.4701405e-09
1.4010451e-06
-1.4512502e-09
1.4016003e-06
-1.4079835e-09
1.4021767e-06
-1.4378223e-09
1.4027781e-06
-1.4389547e-09
1.4032452e-06
-1.3846879e-09
1.4037406e-06
-1.3711587e-09
1.4043455e-06
-1.4338748e-09
1.4048568e-06
-1.4155921e-09
1.4053345e-06
-1.4070465e-09
1.4058751e-06
-1.5071917e-09
1.4063707e-06
-1.4606072e-09
1.4068295e-06
-1.4157471e-09
1.4073407e-06
-1.5037585e-09
1.4078527e-06
-1.4745232e-09
1.4083816e-06
-1.4310575e-09
1.4089214e-06
-1.4618178e-09
1.4094278e-06
-1.4546604e-09
1.4098907e-06
-1.4015176e-09
1.4104557e-06
-1.4352532e-09
1.4110976e-06
-1.5049233e-09
1.4116381e-06
-1.4412311e-09
1.4121978e-06
-1.4156218e-09
1.4127858e-06
-1.4720043e-09
1.4133411e-06
-1.4935599e-09
1.4139024e-06
-1.4738961e-09
1.414435e-06
-1.4464692e-09
1.4150152e-06
-1.525466e-09
1.4156077e-06
-1.5253443e-09
1.4160512e-06
-1.4446382e-09
1.4166176e-06
-1.5294392e-09
1.4172649e-06
-1.5484702e-09
1.4177448e-06
-1.4357449e-09
1.418255e-06
-1.4516619e-09
1.4188341e-06
-1.5749753e-09
1.4193111e-06
-1.5214967e-09
1.4197876e-06
-1.4721659e-09
1.4203513e-06
-1.5319221e-09
1.4209134e-06
-1.5196542e-09
1.4214683e-06
-1.5151338e-09
1.4220069e-06
-1.5291879e-09
1.4224799e-06
-1.5134223e-09
1.4230544e-06
-1.564977e-09
1.4236789e-06
-1.6074591e-09
1.4241462e-06
-1.5399211e-09
1.4246796e-06
-1.5926482e-09
1.4252929e-06
-1.5988322e-09
1.4257849e-06
-1.5389392e-09
1.4263131e-06
-1.5728729e-09
1.4268397e-06
-1.4848478e-09
1.427293e-06
-1.4329968e-09
1.4279032e-06
-1.5637847e-09
1.4285377e-06
-1.5640227e-09
1.4290003e-06
-1.4648349e-09
1.4295083e-06
-1.4816539e-09
1.4300769e-06
-1.5404122e-09
1.4304993e-06
-1.514501e-09
1.43101e-06
-1.5622024e-09
1.4316254e-06
-1.5888886e-09
1.4321042e-06
-1.5652657e-09
1.4326097e-06
-1.5801125e-09
1.4331767e-06
-1.5799806e-09
1.4336756e-06
-1.539898e-09
1.4341666e-06
-1.5126207e-09
1.4346842e-06
-1.4605406e-09
1.4351942e-06
-1.5072343e-09
1.4357111e-06
-1.5660055e-09
1.4362084e-06
-1.4750903e-09
1.4366592e-06
-1.4422077e-09
1.4372631e-06
-1.559592e-09
1.4378504e-06
-1.5419261e-09
1.4382254e-06
-1.4492629e-09
1.4387262e-06
-1.4991319e-09
1.4393674e-06
-1.5470949e-09
1.4398104e-06
-1.4791794e-09
1.4402854e-06
-1.4789605e-09
1.4408991e-06
-1.5636328e-09
1.4414407e-06
-1.5895725e-09
1.4418758e-06
-1.540454e-09
1.4423469e-06
-1.4957062e-09
1.4428721e-06
-1.5607626e-09
1.4433086e-06
-1.5400725e-09
1.4437992e-06
-1.5502972e-09
1.4444474e-06
-1.6518626e-09
1.444992e-06
-1.5740076e-09
1.4453751e-06
-1.47381e-09
1.4458488e-06
-1.4855792e-09
1.4464661e-06
-1.577555e-09
1.4468735e-06
-1.5091399e-09
1.4472298e-06
-1.4482997e-09
1.447818e-06
-1.5446604e-09
1.4484667e-06
-1.5482877e-09
1.4488482e-06
-1.4453532e-09
1.4492866e-06
-1.4727233e-09
1.4499448e-06
-1.5964723e-09
1.450492e-06
-1.5027903e-09
1.4508529e-06
-1.3934622e-09
1.4512918e-06
-1.4145058e-09
1.4519305e-06
-1.5322565e-09
1.4523979e-06
-1.4315713e-09
1.452726e-06
-1.3554202e-09
1.4531742e-06
-1.3852621e-09
1.4538397e-06
-1.5224337e-09
1.454295e-06
-1.4388166e-09
1.4546258e-06
-1.3739299e-09
1.4550952e-06
-1.3870443e-09
1.4557711e-06
-1.5114474e-09
1.4561962e-06
-1.4399566e-09
1.4565896e-06
-1.3889494e-09
1.4571116e-06
-1.4284507e-09
1.4576495e-06
-1.4322463e-09
1.4580287e-06
-1.3356516e-09
1.4584101e-06
-1.3450556e-09
1.4588567e-06
-1.4436186e-09
1.4592757e-06
-1.3580359e-09
1.459643e-06
-1.2437869e-09
1.4601219e-06
-1.3409673e-09
1.460533e-06
-1.3786683e-09
1.4609116e-06
-1.2742216e-09
1.4613266e-06
-1.311633e-09
1.4618146e-06
-1.403694e-09
1.4622566e-06
-1.3669683e-09
1.4626464e-06
-1.2875949e-09
1.4631252e-06
-1.3424741e-09
1.4635555e-06
-1.3939734e-09
1.4639595e-06
-1.3265438e-09
1.4643483e-06
-1.240994e-09
1.4648157e-06
-1.2996053e-09
1.465222e-06
-1.3471628e-09
1.4656026e-06
-1.2483121e-09
1.465984e-06
-1.1621641e-09
1.4664337e-06
-1.193925e-09
1.4668095e-06
-1.2534307e-09
1.4671302e-06
-1.1501458e-09
1.4674577e-06
-1.161816e-09
1.4678161e-06
-1.2617063e-09
1.4681742e-06
-1.2274106e-09
1.4684766e-06
-1.117312e-09
1.4688614e-06
-1.1779435e-09
1.4692841e-06
-1.2332522e-09
1.469666e-06
-1.1920873e-09
1.4699719e-06
-1.1446608e-09
1.4703211e-06
-1.1670149e-09
1.4707279e-06
-1.1795227e-09
1.4710938e-06
-1.1551289e-09
1.4713871e-06
-1.1141603e-09
1.4716711e-06
-1.0610672e-09
1.4719796e-06
-1.0447265e-09
1.4722892e-06
-1.0323147e-09
1.4725503e-06
-9.8921804e-10
1.4727871e-06
-9.3457242e-10
1.4730255e-06
-8.9859054e-10
1.4732593e-06
-8.6163743e-10
1.4734576e-06
-8.0957951e-10
1.473638e-06
-7.5624307e-10
1.4738016e-06
-7.0148998e-10
1.4739508e-06
-6.4794481e-10
1.474072e-06
-5.8428373e-10
1.4741741e-06
-5.2492544e-10
1.4742493e-06
-4.5654991e-10
1.4743016e-06
-3.9100145e-10
1.474329e-06
-3.2199976e-10
1.4743315e-06
-2.5146019e-10
1.4743157e-06
-1.8639756e-10
1.4742734e-06
-1.1477663e-10
1.4742116e-06
-5.4316551e-11
1.4741263e-06
1.3711698e-11
1.4740234e-06
7.017853e-11
1.4739007e-06
1.2859269e-10
1.4737637e-06
1.7645974e-10
1.473611e-06
2.2390312e-10
1.4734472e-06
2.6184788e-10
1.4732714e-06
2.9834135e-10
1.473088e-06
3.2639758e-10
1.4728961e-06
3.5328762e-10
1.4726986e-06
3.7387959e-10
1.4724949e-06
3.9243142e-10
1.4722863e-06
4.0866421e-10
1.4720732e-06
4.2209347e-10
1.4718563e-06
4.3201354e-10
1.4716338e-06
4.4723203e-10
1.4714085e-06
4.5287285e-10
1.4711783e-06
4.6199666e-10
1.4709401e-06
4.8080562e-10
1.4706994e-06
4.8308868e-10
1.4704532e-06
4.9153259e-10
1.4701986e-06
5.0899951e-10
1.4699389e-06
5.162657e-10
1.469673e-06
5.2547922e-10
1.4694013e-06
5.343983e-10
1.4691249e-06
5.3986815e-10
1.4688442e-06
5.4452309e-10
1.4685612e-06
5.4492766e-10
1.468277e-06
5.4193938e-10
1.4679941e-06
5.3530114e-10
1.4677135e-06
5.2342486e-10
1.4674386e-06
5.0698956e-10
1.46717e-06
4.852212e-10
1.4669106e-06
4.5904436e-10
1.4666647e-06
4.2498316e-10
1.4664298e-06
3.8816905e-10
1.4662176e-06
3.3980241e-10
1.4660228e-06
2.9211922e-10
1.4658444e-06
2.3344304e-10
1.4657067e-06
1.6371526e-10
1.4655743e-06
1.0969492e-10
1.4654871e-06
-1.6537882e-12
1.4654421e-06
-5.7990057e-11
1.465403e-06
-1.626459e-10
1.4654206e-06
-2.8972158e-10
1.4654829e-06
-3.5152148e-10
1.4655527e-06
-4.998344e-10
1.4657434e-06
-6.5864025e-10
1.465951e-06
-7.8046858e-10
1.4661229e-06
-1.0431567e-09
1.4664156e-06
-8.8426555e-10
1.4669469e-06
-1.2936741e-09
1.4675715e-06
-1.5421877e-09
1.468071e-06
-1.8819586e-09
1.4687068e-06
-2.2872193e-09
1.4695077e-06
-2.6817091e-09
1.470372e-06
-2.6999225e-09
1.4713482e-06
-2.8030018e-09
1.4722569e-06
-2.8776594e-09
1.4732548e-06
-2.9350504e-09
1.4743703e-06
-3.0045171e-09
1.475499e-06
-3.0980618e-09
1.4766692e-06
-3.1825174e-09
1.4779699e-06
-3.3997978e-09
1.4790916e-06
-3.3867362e-09
1.4801326e-06
-3.3864263e-09
1.4813956e-06
-3.6381027e-09
1.4826486e-06
-3.6475045e-09
1.4839202e-06
-3.6310266e-09
1.4854165e-06
-3.825853e-09
1.4867521e-06
-3.8382373e-09
1.4879916e-06
-3.9028558e-09
1.489515e-06
-4.2319566e-09
1.4909625e-06
-4.1958441e-09
1.4922566e-06
-4.2454391e-09
1.4937838e-06
-4.3404671e-09
1.4953854e-06
-4.4208588e-09
1.4969464e-06
-4.5459534e-09
1.4985781e-06
-4.5926747e-09
1.5002073e-06
-4.5691522e-09
1.5019737e-06
-4.7530713e-09
1.5037457e-06
-4.7889768e-09
1.505432e-06
-4.6189612e-09
1.5072853e-06
-4.8913908e-09
1.5091661e-06
-4.988979e-09
1.5108635e-06
-4.698316e-09
1.512659e-06
-4.820544e-09
1.5144668e-06
-4.9860978e-09
1.5161957e-06
-4.8814455e-09
1.5178933e-06
-4.780611e-09
1.519685e-06
-4.9392308e-09
1.5214557e-06
-4.8591517e-09
1.523113e-06
-4.6875579e-09
1.5249097e-06
-4.8553703e-09
1.5266805e-06
-4.7503814e-09
1.5282417e-06
-4.4883062e-09
1.5299847e-06
-4.5972595e-09
1.5318118e-06
-4.517438e-09
1.5334401e-06
-4.2783102e-09
1.5349679e-06
-4.3216515e-09
1.5365161e-06
-4.2778745e-09
1.5379043e-06
-4.1693586e-09
1.5393336e-06
-4.2386321e-09
1.5409666e-06
-4.1497792e-09
1.5423908e-06
-3.9505559e-09
1.5438841e-06
-4.2080153e-09
1.5452006e-06
-3.8568015e-09
1.5462577e-06
-3.4075316e-09
1.5474891e-06
-3.3943608e-09
1.5483616e-06
-2.8681093e-09
1.5488632e-06
-2.2846738e-09
1.5495303e-06
-2.2154723e-09
1.5495625e-06
-1.4634396e-09
1.5489295e-06
-1.929199e-10
1.5483847e-06
4.8073323e-10
1.5474774e-06
1.3340329e-09
1.5462999e-06
2.1549282e-09
1.545046e-06
2.7969591e-09
1.5435689e-06
3.3664089e-09
1.5419329e-06
3.8858397e-09
1.5401093e-06
4.3795549e-09
1.5380949e-06
4.8415187e-09
1.5359048e-06
5.2804214e-09
1.5335358e-06
5.7022249e-09
1.5309982e-06
6.1037957e-09
1.5282994e-06
6.4907226e-09
1.5254499e-06
6.8643522e-09
1.5224377e-06
7.2305046e-09
1.5192505e-06
7.5882025e-09
1.5159306e-06
7.9370537e-09
1.5124729e-06
8.2768836e-09
1.5088755e-06
8.610793e-09
1.5051443e-06
8.9358427e-09
1.5012865e-06
9.2503787e-09
1.4973099e-06
9.5521431e-09
1.4932209e-06
9.8411856e-09
1.4890255e-06
1.0117013e-08
1.4847293e-06
1.0378267e-08
1.4803329e-06
1.0624972e-08
1.4758437e-06
1.085979e-08
1.4712685e-06
1.1082823e-08
1.4666147e-06
1.1291265e-08
1.4618857e-06
1.1486701e-08
1.4570852e-06
1.1674267e-08
1.4522141e-06
1.1850434e-08
1.4472763e-06
1.2015024e-08
1.4422764e-06
1.2167435e-08
1.4372177e-06
1.2307292e-08
1.4321036e-06
1.2436521e-08
1.4269379e-06
1.2555247e-08
1.4217239e-06
1.2661813e-08
1.416463e-06
1.2757072e-08
1.4111603e-06
1.2842712e-08
1.4058208e-06
1.2916348e-08
1.4004526e-06
1.297923e-08
1.3950569e-06
1.3029781e-08
1.3896393e-06
1.3067701e-08
1.3842031e-06
1.3091694e-08
1.3787524e-06
1.310173e-08
1.3732927e-06
1.3096657e-08
1.3678299e-06
1.3074716e-08
1.3623705e-06
1.3033634e-08
1.3569221e-06
1.2970956e-08
1.3514929e-06
1.2884769e-08
1.346092e-06
1.2774171e-08
1.3407289e-06
1.2638862e-08
1.335412e-06
1.2478263e-08
1.3301499e-06
1.2293019e-08
1.3249517e-06
1.2084136e-08
1.3198256e-06
1.1854246e-08
1.314778e-06
1.1605941e-08
1.309814e-06
1.1342446e-08
1.3049385e-06
1.1065752e-08
1.3001553e-06
1.0779438e-08
1.2954665e-06
1.0486089e-08
1.2908726e-06
1.0189943e-08
1.2863751e-06
9.8903863e-09
1.2819753e-06
9.5906807e-09
1.277671e-06
9.2902601e-09
1.2734633e-06
8.9912588e-09
1.2693506e-06
8.6904302e-09
1.2653361e-06
8.3892151e-09
1.2614177e-06
8.0881546e-09
1.2575961e-06
7.7850069e-09
1.2538773e-06
7.4777486e-09
1.250255e-06
7.1729578e-09
1.2467341e-06
6.8654202e-09
1.2433136e-06
6.5398544e-09
1.2400349e-06
6.2097167e-09
1.2368005e-06
5.9390843e-09
1.2336884e-06
5.5324256e-09
1.2308577e-06
5.1252247e-09
1.2279332e-06
4.9791082e-09
1.2250826e-06
4.4811483e-09
1.2227077e-06
3.927322e-09
1.2204579e-06
3.6607775e-09
1.2184207e-06
2.7547609e-09
1.2161679e-06
1.9054363e-09
1.2136128e-06
1.1499646e-09
1.2117826e-06
9.4302788e-11
1.2107714e-06
-9.6197672e-10
1.2102041e-06
-1.4845161e-09
1.2096686e-06
-1.6073547e-09
1.2090494e-06
-1.590347e-09
1.2086182e-06
-1.7559234e-09
1.2083936e-06
-1.9395334e-09
1.2082379e-06
-2.0334507e-09
1.2078946e-06
-2.0140987e-09
1.2075234e-06
-2.0912099e-09
1.20761e-06
-2.3468689e-09
1.2076027e-06
-2.3329516e-09
1.2074563e-06
-2.4023854e-09
1.2076697e-06
-2.7429436e-09
1.2080672e-06
-2.9289575e-09
1.2082723e-06
-2.9677345e-09
1.2085942e-06
-3.1722807e-09
1.2091652e-06
-3.5413508e-09
1.2098396e-06
-3.7871679e-09
1.2106103e-06
-4.0542556e-09
1.2115211e-06
-4.334487e-09
1.2125692e-06
-4.6446518e-09
1.2137542e-06
-4.9514854e-09
1.2150766e-06
-5.2797557e-09
1.2165689e-06
-5.6106813e-09
1.218241e-06
-5.9574341e-09
1.2200591e-06
-6.3087824e-09
1.222031e-06
-6.6747505e-09
1.2241837e-06
-7.0483943e-09
1.2265209e-06
-7.430184e-09
1.2290525e-06
-7.8126043e-09
1.2317775e-06
-8.2019977e-09
1.2346999e-06
-8.5932426e-09
1.2378143e-06
-8.9847108e-09
1.2411299e-06
-9.3766843e-09
1.2446524e-06
-9.768681e-09
1.2483878e-06
-1.0159785e-08
1.2523286e-06
-1.0547641e-08
1.2564731e-06
-1.092933e-08
1.2608264e-06
-1.1304242e-08
1.2653905e-06
-1.1667401e-08
1.2701626e-06
-1.2016349e-08
1.2751398e-06
-1.2349087e-08
1.2803172e-06
-1.2662456e-08
1.2856883e-06
-1.2953494e-08
1.2912454e-06
-1.3219566e-08
1.2969788e-06
-1.3457581e-08
1.3028762e-06
-1.3666169e-08
1.3089237e-06
-1.3843767e-08
1.3151087e-06
-1.3987609e-08
1.3214193e-06
-1.409634e-08
1.3278406e-06
-1.4167101e-08
1.3343564e-06
-1.4198543e-08
1.3409491e-06
-1.4191227e-08
1.3475997e-06
-1.414172e-08
1.3542879e-06
-1.4049355e-08
1.3609928e-06
-1.3913178e-08
1.3676936e-06
-1.3731041e-08
1.3743672e-06
-1.3505253e-08
1.3809922e-06
-1.3235194e-08
1.387547e-06
-1.292098e-08
1.3940087e-06
-1.2566628e-08
1.4003536e-06
-1.2162446e-08
1.406554e-06
-1.1706177e-08
1.4126023e-06
-1.1232197e-08
1.4184535e-06
-1.0682146e-08
1.4241055e-06
-1.0105591e-08
1.4295559e-06
-9.5365182e-09
1.4346951e-06
-8.792052e-09
1.4395921e-06
-8.2171181e-09
1.4441912e-06
-7.447222e-09
1.448442e-06
-6.6138761e-09
1.4525313e-06
-6.2968879e-09
1.4565063e-06
-5.7374918e-09
1.4601405e-06
-5.2085656e-09
1.4637607e-06
-5.1187059e-09
1.4669608e-06
-4.5799213e-09
1.4695848e-06
-3.5914356e-09
1.4719567e-06
-2.6008085e-09
1.4739498e-06
-1.6043371e-09
1.4753619e-06
-2.3333957e-10
1.4760549e-06
1.227126e-09
1.4763256e-06
2.5154776e-09
1.476219e-06
3.7144643e-09
1.4756703e-06
4.8654409e-09
1.4747177e-06
5.9661596e-09
1.4733746e-06
7.0153114e-09
1.4716577e-06
8.0229676e-09
1.4695707e-06
8.9568628e-09
1.467127e-06
9.8426032e-09
1.464334e-06
1.0680787e-08
1.4612e-06
1.1479841e-08
1.4577476e-06
1.2244016e-08
1.453991e-06
1.2970349e-08
1.4499495e-06
1.3658858e-08
1.4456441e-06
1.4296347e-08
1.4410881e-06
1.4910841e-08
1.4363073e-06
1.5455416e-08
1.4313033e-06
1.5995911e-08
1.4261159e-06
1.6429014e-08
1.4207378e-06
1.6896938e-08
1.4152324e-06
1.7196552e-08
1.4095598e-06
1.7604395e-08
1.4038226e-06
1.7747591e-08
1.3979239e-06
1.8110208e-08
1.3920408e-06
1.8052912e-08
1.3860082e-06
1.835612e-08
1.3800082e-06
1.8152351e-08
1.8522701e-08
1.2088687e-06
-5.3724492e-10
1.2092389e-06
-1.3442576e-09
1.2098633e-06
-2.2971953e-09
1.210694e-06
-3.046202e-09
1.2117168e-06
-3.7675432e-09
1.2129004e-06
-4.3966488e-09
1.2142142e-06
-4.9139661e-09
1.2156313e-06
-5.3425966e-09
1.2171257e-06
-5.6781029e-09
1.2186754e-06
-5.930977e-09
1.2202609e-06
-6.1108749e-09
1.221867e-06
-6.2295724e-09
1.2234843e-06
-6.2984178e-09
1.2251003e-06
-6.3216814e-09
1.2267056e-06
-6.3127907e-09
1.2282967e-06
-6.2785483e-09
1.2298698e-06
-6.2245893e-09
1.2314222e-06
-6.1557803e-09
1.2329516e-06
-6.0764314e-09
1.234457e-06
-5.9897882e-09
1.2359377e-06
-5.8986398e-09
1.2373935e-06
-5.8049152e-09
1.2388246e-06
-5.7102492e-09
1.2402311e-06
-5.6157852e-09
1.2416139e-06
-5.5224407e-09
1.2429732e-06
-5.4308482e-09
1.2443101e-06
-5.3415046e-09
1.2456251e-06
-5.2546572e-09
1.2469189e-06
-5.1704583e-09
1.2481924e-06
-5.0890612e-09
1.2494463e-06
-5.0103415e-09
1.2506812e-06
-4.9344959e-09
1.2518979e-06
-4.8611994e-09
1.2530971e-06
-4.7906972e-09
1.2542794e-06
-4.7227084e-09
1.2554455e-06
-4.6573314e-09
1.2565959e-06
-4.5944013e-09
1.2577314e-06
-4.5337849e-09
1.2588524e-06
-4.4755954e-09
1.2599596e-06
-4.4192432e-09
1.2610535e-06
-4.3653303e-09
1.2621344e-06
-4.3128425e-09
1.2632031e-06
-4.2625055e-09
1.2642595e-06
-4.2134678e-09
1.2653045e-06
-4.1661834e-09
1.2663381e-06
-4.1206407e-09
1.267361e-06
-4.0760808e-09
1.2683733e-06
-4.033518e-09
1.2693756e-06
-3.9921733e-09
1.270368e-06
-3.9515715e-09
1.2713509e-06
-3.9129562e-09
1.2723246e-06
-3.8749421e-09
1.2732893e-06
-3.8382719e-09
1.2742454e-06
-3.8027084e-09
1.2751932e-06
-3.7683208e-09
1.276133e-06
-3.7350709e-09
1.2770652e-06
-3.7029753e-09
1.2779901e-06
-3.6719774e-09
1.2789078e-06
-3.6417314e-09
1.2798185e-06
-3.6121062e-09
1.2807223e-06
-3.5830023e-09
1.2816194e-06
-3.554772e-09
1.28251e-06
-3.527032e-09
1.2833944e-06
-3.5004009e-09
1.2842726e-06
-3.4738954e-09
1.285145e-06
-3.4488901e-09
1.2860116e-06
-3.4235073e-09
1.2868729e-06
-3.4001646e-09
1.2877285e-06
-3.3756482e-09
1.2885794e-06
-3.35395e-09
1.2894247e-06
-3.3303436e-09
1.2902658e-06
-3.3101739e-09
1.2911015e-06
-3.2878864e-09
1.2919336e-06
-3.2692551e-09
1.2927609e-06
-3.248684e-09
1.2935846e-06
-3.2310239e-09
1.2944048e-06
-3.2127665e-09
1.2952222e-06
-3.1965057e-09
1.2960344e-06
-3.176476e-09
1.2968432e-06
-3.1593084e-09
1.2976487e-06
-3.1422518e-09
1.2984504e-06
-3.1248217e-09
1.2992486e-06
-3.1080947e-09
1.3000437e-06
-3.0922265e-09
1.300836e-06
-3.0772256e-09
1.3016249e-06
-3.0609044e-09
1.3024116e-06
-3.0477798e-09
1.3031949e-06
-3.0316811e-09
1.303976e-06
-3.019164e-09
1.3047547e-06
-3.0049403e-09
1.3055304e-06
-2.9910874e-09
1.3063045e-06
-2.979732e-09
1.3070757e-06
-2.9657232e-09
1.3078446e-06
-2.9538452e-09
1.3086117e-06
-2.9433052e-09
1.3093765e-06
-2.932226e-09
1.3101389e-06
-2.9210838e-09
1.3109017e-06
-2.9161491e-09
1.3116661e-06
-2.9141924e-09
1.312433e-06
-2.9133429e-09
1.3131973e-06
-2.9018756e-09
1.3139605e-06
-2.8911429e-09
1.3147184e-06
-2.8739047e-09
1.3154749e-06
-2.8631884e-09
1.3162271e-06
-2.8490517e-09
1.3169763e-06
-2.8366856e-09
1.3177248e-06
-2.8253972e-09
1.3184672e-06
-2.8115581e-09
1.3192164e-06
-2.8138532e-09
1.3199578e-06
-2.7952751e-09
1.3207007e-06
-2.7962099e-09
1.3214485e-06
-2.7933322e-09
1.3221831e-06
-2.7726088e-09
1.322932e-06
-2.7884428e-09
1.3236738e-06
-2.7681102e-09
1.3244109e-06
-2.7587777e-09
1.3251538e-06
-2.7581475e-09
1.3258792e-06
-2.7285174e-09
1.3266099e-06
-2.733946e-09
1.3273439e-06
-2.7331013e-09
1.3280817e-06
-2.7372016e-09
1.3288286e-06
-2.7490983e-09
1.3295663e-06
-2.7350064e-09
1.3303042e-06
-2.7326257e-09
1.3310541e-06
-2.733922e-09
1.3317845e-06
-2.6988158e-09
1.3324923e-06
-2.66922e-09
1.3332187e-06
-2.6996156e-09
1.3339448e-06
-2.698735e-09
1.3346941e-06
-2.7381257e-09
1.3354422e-06
-2.7162015e-09
1.3361636e-06
-2.6716078e-09
1.3369102e-06
-2.7089939e-09
1.3376184e-06
-2.6464413e-09
1.3383393e-06
-2.6655784e-09
1.339071e-06
-2.6690121e-09
1.3397662e-06
-2.6260434e-09
1.3404835e-06
-2.6530027e-09
1.3412093e-06
-2.6704168e-09
1.3419752e-06
-2.7187985e-09
1.3426826e-06
-2.6271763e-09
1.3433674e-06
-2.5887346e-09
1.3440987e-06
-2.6382616e-09
1.3447904e-06
-2.6255038e-09
1.3455339e-06
-2.6654616e-09
1.3462594e-06
-2.6678024e-09
1.3469962e-06
-2.6820794e-09
1.347717e-06
-2.6087359e-09
1.3483457e-06
-2.5140041e-09
1.3491122e-06
-2.6163582e-09
1.3498341e-06
-2.6027571e-09
1.3505406e-06
-2.5844011e-09
1.3512523e-06
-2.5732647e-09
1.3519272e-06
-2.508258e-09
1.3526824e-06
-2.5573144e-09
1.3533289e-06
-2.5477429e-09
1.3540219e-06
-2.5519755e-09
1.3547051e-06
-2.5720732e-09
1.3554309e-06
-2.611499e-09
1.3562038e-06
-2.617472e-09
1.3567931e-06
-2.5530791e-09
1.357488e-06
-2.569525e-09
1.3581946e-06
-2.5790761e-09
1.3588286e-06
-2.5339832e-09
1.3595118e-06
-2.5399709e-09
1.3601175e-06
-2.5524574e-09
1.3608632e-06
-2.5556197e-09
1.361667e-06
-2.5349887e-09
1.3622949e-06
-2.4638669e-09
1.3629144e-06
-2.433215e-09
1.3635183e-06
-2.4326616e-09
1.3640898e-06
-2.4403253e-09
1.3647555e-06
-2.4645535e-09
1.3654485e-06
-2.435971e-09
1.3660817e-06
-2.4427509e-09
1.3667205e-06
-2.4190325e-09
1.3673215e-06
-2.4076954e-09
1.3679886e-06
-2.4286662e-09
1.3687194e-06
-2.4319111e-09
1.3693748e-06
-2.4352977e-09
1.3700286e-06
-2.4480102e-09
1.3706748e-06
-2.3805944e-09
1.3712821e-06
-2.3748035e-09
1.3718803e-06
-2.3719346e-09
1.3724526e-06
-2.3397777e-09
1.3730808e-06
-2.3651552e-09
1.373734e-06
-2.3755335e-09
1.3743919e-06
-2.3598141e-09
1.3750444e-06
-2.3653293e-09
1.3757369e-06
-2.3010038e-09
1.3764914e-06
-2.2438091e-09
1.3772004e-06
-2.2074849e-09
1.3778312e-06
-2.2012583e-09
1.3784559e-06
-2.2156654e-09
1.3790733e-06
-2.2273978e-09
1.3796999e-06
-2.1980076e-09
1.3803208e-06
-2.1505402e-09
1.3809458e-06
-2.1541924e-09
1.3815711e-06
-2.1626412e-09
1.3821663e-06
-2.1040898e-09
1.3827526e-06
-2.0303954e-09
1.3833639e-06
-1.991098e-09
1.3839765e-06
-2.0119075e-09
1.3846038e-06
-2.0476265e-09
1.3853454e-06
-2.0857787e-09
1.3860776e-06
-2.03551e-09
1.3867094e-06
-1.9275683e-09
1.3873182e-06
-1.8755784e-09
1.3879836e-06
-1.9166739e-09
1.3886402e-06
-1.9219542e-09
1.3892397e-06
-1.9092408e-09
1.3898788e-06
-1.9522362e-09
1.390542e-06
-1.9574236e-09
1.3911989e-06
-1.9826234e-09
1.391901e-06
-2.0394135e-09
1.3925776e-06
-2.0545405e-09
1.3932236e-06
-2.0704598e-09
1.3939317e-06
-2.1022175e-09
1.3946e-06
-2.019894e-09
1.3951976e-06
-1.9618049e-09
1.3958346e-06
-1.9948478e-09
1.3965151e-06
-2.0059328e-09
1.3971652e-06
-1.9770336e-09
1.3977737e-06
-1.9851818e-09
1.3983938e-06
-2.0152888e-09
1.3990579e-06
-2.02246e-09
1.3996896e-06
-1.9731874e-09
1.4003405e-06
-1.9880204e-09
1.4010267e-06
-1.9972801e-09
1.4016757e-06
-1.966955e-09
1.4022812e-06
-1.9611837e-09
1.40289e-06
-1.9852036e-09
1.4034964e-06
-2.0071407e-09
1.40411e-06
-1.9961126e-09
1.4047362e-06
-1.9992488e-09
1.4053527e-06
-2.0247226e-09
1.4060339e-06
-2.0833482e-09
1.4067455e-06
-2.1137598e-09
1.4074076e-06
-2.081832e-09
1.408025e-06
-2.0487203e-09
1.4086255e-06
-2.0480733e-09
1.4092166e-06
-2.0518889e-09
1.4098835e-06
-2.0949433e-09
1.4106017e-06
-2.1539983e-09
1.4112622e-06
-2.1306654e-09
1.4118644e-06
-2.0765514e-09
1.4124582e-06
-2.063103e-09
1.413064e-06
-2.0920927e-09
1.4136744e-06
-2.0747817e-09
1.4143174e-06
-2.0614053e-09
1.4149547e-06
-2.0835293e-09
1.4155713e-06
-2.0621966e-09
1.4162071e-06
-2.0254229e-09
1.4168854e-06
-2.0526718e-09
1.4174965e-06
-2.0468329e-09
1.4181212e-06
-2.0428268e-09
1.4187877e-06
-2.0776478e-09
1.4193559e-06
-2.0808137e-09
1.4199798e-06
-2.0906032e-09
1.4206594e-06
-2.1017486e-09
1.421215e-06
-2.0651156e-09
1.421792e-06
-2.0560686e-09
1.4224698e-06
-2.1130391e-09
1.4230719e-06
-2.0691591e-09
1.4236558e-06
-2.0447919e-09
1.4243044e-06
-2.0571642e-09
1.4249711e-06
-2.1098527e-09
1.4255388e-06
-2.0812876e-09
1.4261271e-06
-2.0386568e-09
1.4268055e-06
-2.1029298e-09
1.4274259e-06
-2.1020177e-09
1.4279609e-06
-2.0391062e-09
1.428606e-06
-2.1301005e-09
1.4293122e-06
-2.1635649e-09
1.4298677e-06
-2.0917001e-09
1.4304465e-06
-2.1146969e-09
1.4311306e-06
-2.1390134e-09
1.431714e-06
-2.1232278e-09
1.4322688e-06
-2.1133202e-09
1.4329025e-06
-2.0790045e-09
1.4335764e-06
-2.136491e-09
1.4341243e-06
-2.1358737e-09
1.4347039e-06
-2.1162978e-09
1.4353677e-06
-2.1528774e-09
1.435972e-06
-2.1551321e-09
1.4365563e-06
-2.1260651e-09
1.4371616e-06
-2.1451516e-09
1.4377832e-06
-2.1762099e-09
1.438371e-06
-2.1264115e-09
1.438921e-06
-2.1404123e-09
1.4394933e-06
-2.2067592e-09
1.4400928e-06
-2.1673938e-09
1.4406357e-06
-2.1645468e-09
1.4412367e-06
-2.2310522e-09
1.4418661e-06
-2.2013693e-09
1.4423684e-06
-2.1082598e-09
1.4429631e-06
-2.1115669e-09
1.4436672e-06
-2.1680968e-09
1.4442071e-06
-2.1340161e-09
1.4447202e-06
-2.1068165e-09
1.4453137e-06
-2.0874915e-09
1.4459195e-06
-2.1158613e-09
1.4464649e-06
-2.1131608e-09
1.4469914e-06
-2.0681332e-09
1.4475223e-06
-2.1213422e-09
1.4480762e-06
-2.1727309e-09
1.4486032e-06
-2.1226634e-09
1.4491052e-06
-2.1113618e-09
1.4496502e-06
-2.1515882e-09
1.4501848e-06
-2.0990609e-09
1.4506999e-06
-2.050903e-09
1.4513205e-06
-2.1028388e-09
1.451906e-06
-2.1136817e-09
1.4523775e-06
-2.0580404e-09
1.4529449e-06
-2.0628566e-09
1.4535996e-06
-2.1172246e-09
1.4541148e-06
-2.0948732e-09
1.4546176e-06
-2.064295e-09
1.4551307e-06
-1.982202e-09
1.4556509e-06
-2.0394086e-09
1.4561949e-06
-2.1102675e-09
1.45673e-06
-2.0316833e-09
1.4572632e-06
-2.0282327e-09
1.4577994e-06
-2.114676e-09
1.4583145e-06
-2.1191195e-09
1.4588293e-06
-2.0704611e-09
1.4593974e-06
-2.0794855e-09
1.4599556e-06
-2.1346964e-09
1.4604629e-06
-2.063957e-09
1.4609818e-06
-2.0863489e-09
1.4614884e-06
-2.1753017e-09
1.462022e-06
-2.1238429e-09
1.4625665e-06
-2.0337914e-09
1.4631236e-06
-2.0576305e-09
1.4636551e-06
-2.1244628e-09
1.4641412e-06
-2.0117028e-09
1.4646699e-06
-1.9937705e-09
1.4651901e-06
-2.0821167e-09
1.46571e-06
-2.0868809e-09
1.4662489e-06
-2.0036324e-09
1.4668288e-06
-2.0726723e-09
1.4673516e-06
-2.1415096e-09
1.4678808e-06
-2.0566544e-09
1.4684084e-06
-1.947476e-09
1.4689863e-06
-2.0198101e-09
1.4694923e-06
-2.0660185e-09
1.4699885e-06
-1.9555162e-09
1.4704504e-06
-1.8448554e-09
1.4709859e-06
-1.9483184e-09
1.4714501e-06
-2.0149256e-09
1.4718945e-06
-1.9134236e-09
1.4723345e-06
-1.8462365e-09
1.4728613e-06
-1.9476958e-09
1.473288e-06
-1.9735582e-09
1.4737004e-06
-1.8896995e-09
1.4741739e-06
-1.9014696e-09
1.4746317e-06
-1.9260908e-09
1.4750466e-06
-1.8881878e-09
1.475569e-06
-1.8999549e-09
1.4761027e-06
-1.9220319e-09
1.4764575e-06
-1.8435622e-09
1.4768718e-06
-1.8195689e-09
1.4774586e-06
-1.8786248e-09
1.4778891e-06
-1.8189041e-09
1.4782398e-06
-1.7758142e-09
1.4787214e-06
-1.8007942e-09
1.4792273e-06
-1.861034e-09
1.4795897e-06
-1.8084294e-09
1.4799765e-06
-1.7956854e-09
1.4804908e-06
-1.8433393e-09
1.4809535e-06
-1.8456765e-09
1.4812816e-06
-1.7618502e-09
1.4816489e-06
-1.7336306e-09
1.4821828e-06
-1.815017e-09
1.4826473e-06
-1.8051085e-09
1.4829501e-06
-1.6925359e-09
1.4832991e-06
-1.6414998e-09
1.4838465e-06
-1.7557586e-09
1.4842958e-06
-1.6915358e-09
1.4846011e-06
-1.6090786e-09
1.485009e-06
-1.6095854e-09
1.4854601e-06
-1.6652457e-09
1.4857439e-06
-1.5984036e-09
1.4860354e-06
-1.5730879e-09
1.4864835e-06
-1.6207169e-09
1.486882e-06
-1.6330048e-09
1.4871769e-06
-1.5860451e-09
1.4874928e-06
-1.5674306e-09
1.4878553e-06
-1.5683437e-09
1.4881974e-06
-1.5722268e-09
1.4885077e-06
-1.5548944e-09
1.4887862e-06
-1.5010322e-09
1.4890559e-06
-1.4536714e-09
1.4893578e-06
-1.4350547e-09
1.4896396e-06
-1.4009673e-09
1.4898732e-06
-1.3428871e-09
1.4900906e-06
-1.2861454e-09
1.4903153e-06
-1.2411934e-09
1.4905202e-06
-1.1879218e-09
1.4906982e-06
-1.12647e-09
1.4908572e-06
-1.0580012e-09
1.4910025e-06
-9.9354835e-10
1.4911278e-06
-9.2140162e-10
1.4912305e-06
-8.4814999e-10
1.491312e-06
-7.6610496e-10
1.4913696e-06
-6.855525e-10
1.4914062e-06
-5.9896132e-10
1.4914173e-06
-5.1034332e-10
1.4914061e-06
-4.2107118e-10
1.4913694e-06
-3.2679637e-10
1.4913075e-06
-2.3752778e-10
1.4912222e-06
-1.434004e-10
1.4911115e-06
-5.7843064e-11
1.4909809e-06
3.0176306e-11
1.4908288e-06
1.0847501e-10
1.4906598e-06
1.8439739e-10
1.4904743e-06
2.4983171e-10
1.490276e-06
3.110987e-10
1.4900659e-06
3.6223913e-10
1.4898472e-06
4.0881964e-10
1.4896204e-06
4.4653259e-10
1.4893873e-06
4.8118043e-10
1.4891485e-06
5.0889915e-10
1.4889053e-06
5.3302829e-10
1.4886571e-06
5.5512128e-10
1.4884055e-06
5.7267302e-10
1.4881498e-06
5.8690608e-10
1.4878885e-06
6.0746919e-10
1.4876244e-06
6.1551875e-10
1.4873546e-06
6.2915806e-10
1.4870759e-06
6.5541039e-10
1.4867938e-06
6.5926642e-10
1.4865042e-06
6.7300698e-10
1.4862047e-06
6.9780892e-10
1.4858983e-06
7.0929529e-10
1.4855841e-06
7.234422e-10
1.4852626e-06
7.368155e-10
1.4849351e-06
7.4561646e-10
1.4846022e-06
7.5313178e-10
1.4842662e-06
7.5449513e-10
1.4839289e-06
7.5127149e-10
1.4835928e-06
7.422023e-10
1.4832591e-06
7.275176e-10
1.4829314e-06
7.0519768e-10
1.4826117e-06
6.7658279e-10
1.4823042e-06
6.3971983e-10
1.4820098e-06
5.9517635e-10
1.4817338e-06
5.430687e-10
1.4814727e-06
4.8360604e-10
1.48124e-06
4.1206727e-10
1.4810261e-06
3.3954217e-10
1.4808391e-06
2.4836577e-10
1.4806969e-06
1.5566304e-10
1.4805547e-06
5.0223381e-11
1.4804772e-06
-6.4247718e-11
1.480444e-06
-2.0625057e-10
1.4803907e-06
-3.0698111e-10
1.4804589e-06
-4.8273785e-10
1.4805554e-06
-6.5220584e-10
1.4806288e-06
-7.8080209e-10
1.4807974e-06
-9.8883568e-10
1.4809747e-06
-1.2529857e-09
1.4815107e-06
-1.4425381e-09
1.4820609e-06
-1.8554482e-09
1.4823733e-06
-1.855422e-09
1.482699e-06
-2.1973987e-09
1.4831704e-06
-2.735514e-09
1.4836972e-06
-3.1723437e-09
1.4846101e-06
-3.566369e-09
1.4857237e-06
-3.862394e-09
1.4868292e-06
-3.9241432e-09
1.4879076e-06
-3.9540269e-09
1.4890136e-06
-4.0489629e-09
1.4901838e-06
-4.1979153e-09
1.4914473e-06
-4.3648578e-09
1.4926032e-06
-4.470603e-09
1.4936872e-06
-4.3812012e-09
1.4951419e-06
-4.7441442e-09
1.4964737e-06
-4.8673092e-09
1.4976999e-06
-4.7642392e-09
1.4992357e-06
-5.0505786e-09
1.5007698e-06
-5.23643e-09
1.5022947e-06
-5.2338174e-09
1.5040055e-06
-5.4818825e-09
1.5054539e-06
-5.5456821e-09
1.5068521e-06
-5.4535585e-09
1.5085215e-06
-5.7671738e-09
1.5102329e-06
-5.8982557e-09
1.5118414e-06
-5.8698291e-09
1.5135312e-06
-6.0719052e-09
1.5153266e-06
-6.2192047e-09
1.517277e-06
-6.3441394e-09
1.5190424e-06
-6.3380421e-09
1.5207645e-06
-6.3265126e-09
1.522964e-06
-6.6306476e-09
1.5247933e-06
-6.5304224e-09
1.5264311e-06
-6.4350143e-09
1.5285814e-06
-6.6564345e-09
1.5306119e-06
-6.658079e-09
1.532296e-06
-6.4770784e-09
1.5342048e-06
-6.5973826e-09
1.5362513e-06
-6.6337309e-09
1.5380239e-06
-6.5173391e-09
1.5398666e-06
-6.5066068e-09
1.5418995e-06
-6.5250263e-09
1.5437052e-06
-6.466319e-09
1.5455154e-06
-6.3680821e-09
1.5475216e-06
-6.305374e-09
1.5491955e-06
-6.0874266e-09
1.5507851e-06
-5.928654e-09
1.5527169e-06
-6.0395071e-09
1.5545244e-06
-5.9706911e-09
1.556279e-06
-5.8869958e-09
1.5581486e-06
-5.9066556e-09
1.5597345e-06
-5.710306e-09
1.5612137e-06
-5.5285088e-09
1.5631005e-06
-5.7499161e-09
1.5644048e-06
-5.4475553e-09
1.5653727e-06
-4.7907247e-09
1.5667753e-06
-4.8045066e-09
1.5676144e-06
-4.2583377e-09
1.5679368e-06
-3.256996e-09
1.5683758e-06
-2.8513423e-09
1.5682469e-06
-2.2880204e-09
1.5672779e-06
-7.7331519e-10
1.5666261e-06
1.0328893e-10
1.5657695e-06
9.105392e-10
1.5645038e-06
2.1110549e-09
1.5632327e-06
2.88339e-09
1.5618051e-06
3.6415697e-09
1.5601078e-06
4.4239101e-09
1.5581931e-06
5.0886877e-09
1.5560953e-06
5.74473e-09
1.5538005e-06
6.3646319e-09
1.5513086e-06
6.9575434e-09
1.5486269e-06
7.5260709e-09
1.5457604e-06
8.0696951e-09
1.542713e-06
8.5951801e-09
1.5394898e-06
9.1028789e-09
1.5360951e-06
9.5988781e-09
1.5325301e-06
1.0085915e-08
1.5288052e-06
1.0558344e-08
1.5249302e-06
1.1015591e-08
1.5209155e-06
1.1460026e-08
1.5167693e-06
1.1890676e-08
1.5125002e-06
1.2305359e-08
1.5081165e-06
1.2701534e-08
1.5036248e-06
1.3080645e-08
1.4990302e-06
1.3443194e-08
1.4943395e-06
1.3785936e-08
1.4895595e-06
1.4108632e-08
1.4846976e-06
1.441333e-08
1.4797599e-06
1.4700922e-08
1.4747483e-06
1.4972899e-08
1.4696649e-06
1.5230557e-08
1.4645117e-06
1.5478883e-08
1.4592904e-06
1.5714702e-08
1.4540081e-06
1.5932384e-08
1.4486699e-06
1.6133201e-08
1.4432783e-06
1.6319181e-08
1.4378375e-06
1.6490581e-08
1.4323512e-06
1.6647975e-08
1.4268238e-06
1.678902e-08
1.4212583e-06
1.6915987e-08
1.4156587e-06
1.7029753e-08
1.4100292e-06
1.7127626e-08
1.4043746e-06
1.7210354e-08
1.3986994e-06
1.7276613e-08
1.3930077e-06
1.7326484e-08
1.3873026e-06
1.7359623e-08
1.3815888e-06
1.7374425e-08
1.3758714e-06
1.7369368e-08
1.3701564e-06
1.7342076e-08
1.3644505e-06
1.7289227e-08
1.3587621e-06
1.7207298e-08
1.3531002e-06
1.7093262e-08
1.347475e-06
1.6945637e-08
1.3418965e-06
1.6763869e-08
1.3363729e-06
1.6549368e-08
1.3309126e-06
1.6302552e-08
1.3255244e-06
1.602383e-08
1.3202172e-06
1.5716001e-08
1.3149989e-06
1.538204e-08
1.3098757e-06
1.5027166e-08
1.3048512e-06
1.46558e-08
1.2999282e-06
1.4272111e-08
1.2951084e-06
1.387983e-08
1.2903929e-06
1.3483533e-08
1.2857805e-06
1.3085136e-08
1.2812707e-06
1.2687019e-08
1.2768624e-06
1.2289134e-08
1.2725566e-06
1.1891762e-08
1.2683516e-06
1.1494361e-08
1.2642478e-06
1.109616e-08
1.2602489e-06
1.0694707e-08
1.2563465e-06
1.0299983e-08
1.2525492e-06
9.8928408e-09
1.2488634e-06
9.4823847e-09
1.2452761e-06
9.0829007e-09
1.2417752e-06
8.6785343e-09
1.2384285e-06
8.2026288e-09
1.2352106e-06
7.8128326e-09
1.2319554e-06
7.4550028e-09
1.2290111e-06
6.7489516e-09
1.2262875e-06
6.3956347e-09
1.2232693e-06
6.2092149e-09
1.2207108e-06
5.2155e-09
1.2185326e-06
4.5928199e-09
1.216017e-06
4.0515014e-09
1.2138928e-06
2.8396001e-09
1.2118672e-06
2.0152346e-09
1.2094717e-06
1.3605215e-09
1.2074264e-06
-1.3233858e-11
1.206023e-06
-1.1457475e-09
1.2053024e-06
-1.9230022e-09
1.2049216e-06
-2.2190032e-09
1.204586e-06
-2.4036639e-09
1.2042384e-06
-2.5478344e-09
1.2040237e-06
-2.7448679e-09
1.2038571e-06
-2.7428051e-09
1.2038409e-06
-2.9389962e-09
1.2037723e-06
-3.1095548e-09
1.2037415e-06
-3.0985365e-09
1.2039895e-06
-3.4098764e-09
1.204085e-06
-3.559705e-09
1.2041938e-06
-3.7193284e-09
1.2047315e-06
-4.1441508e-09
1.2054558e-06
-4.488244e-09
1.2061249e-06
-4.7569801e-09
1.2069068e-06
-5.0737454e-09
1.2078706e-06
-5.4782063e-09
1.2089974e-06
-5.8459841e-09
1.2102892e-06
-6.2625412e-09
1.2117053e-06
-6.6634267e-09
1.2132845e-06
-7.0961996e-09
1.2150288e-06
-7.5274631e-09
1.2169555e-06
-7.9889038e-09
1.2190628e-06
-8.4541476e-09
1.221359e-06
-8.9408516e-09
1.223847e-06
-9.4344954e-09
1.2265354e-06
-9.9411332e-09
1.2294318e-06
-1.0452943e-08
1.2325407e-06
-1.0972949e-08
1.2358691e-06
-1.1497886e-08
1.2394251e-06
-1.2027867e-08
1.2432146e-06
-1.2560264e-08
1.2472419e-06
-1.3093327e-08
1.2515109e-06
-1.3625486e-08
1.2560234e-06
-1.4152187e-08
1.2607802e-06
-1.4669995e-08
1.2657804e-06
-1.5176576e-08
1.2710246e-06
-1.5668807e-08
1.2765106e-06
-1.6142435e-08
1.282235e-06
-1.6594419e-08
1.2881925e-06
-1.7020769e-08
1.2943756e-06
-1.7417301e-08
1.3007758e-06
-1.7780952e-08
1.3073838e-06
-1.8109035e-08
1.3141876e-06
-1.8398246e-08
1.3211731e-06
-1.8646177e-08
1.3283236e-06
-1.8848184e-08
1.3356196e-06
-1.9001371e-08
1.3430406e-06
-1.9102805e-08
1.3505657e-06
-1.915136e-08
1.3581722e-06
-1.9147115e-08
1.3658355e-06
-1.9085097e-08
1.3735282e-06
-1.896308e-08
1.3812227e-06
-1.8780248e-08
1.3888919e-06
-1.8535261e-08
1.3965059e-06
-1.8228206e-08
1.4040388e-06
-1.7862435e-08
1.4114631e-06
-1.7437033e-08
1.4187513e-06
-1.6955934e-08
1.4258708e-06
-1.6404485e-08
1.4327918e-06
-1.5782682e-08
1.4394933e-06
-1.5133214e-08
1.4459383e-06
-1.438174e-08
1.4521295e-06
-1.3616534e-08
1.4579848e-06
-1.2786798e-08
1.4635918e-06
-1.1877791e-08
1.4687803e-06
-1.0977053e-08
1.4737101e-06
-1.0048087e-08
1.4783426e-06
-9.0155554e-09
1.4822278e-06
-8.0467268e-09
1.4857157e-06
-7.1818866e-09
1.4894008e-06
-6.9399424e-09
1.4923999e-06
-6.2591896e-09
1.4944416e-06
-4.8678328e-09
1.4963567e-06
-3.875666e-09
1.4982683e-06
-3.0223868e-09
1.4994724e-06
-1.4700721e-09
1.5000596e-06
3.6467762e-10
1.5003408e-06
1.9801161e-09
1.5001819e-06
3.5542298e-09
1.4994723e-06
5.1589502e-09
1.4982943e-06
6.6514234e-09
1.4966647e-06
8.0869107e-09
1.4945983e-06
9.4629353e-09
1.4921268e-06
1.0771802e-08
1.4892546e-06
1.2011266e-08
1.486014e-06
1.3183431e-08
1.4823961e-06
1.430946e-08
1.4783748e-06
1.5386452e-08
1.4740472e-06
1.641505e-08
1.469431e-06
1.7377876e-08
1.4645236e-06
1.8297439e-08
1.4593484e-06
1.9146435e-08
1.4539251e-06
1.99604e-08
1.4482827e-06
2.0682661e-08
1.4424391e-06
2.1389195e-08
1.4364309e-06
2.1957097e-08
1.4302561e-06
2.2566293e-08
1.4239605e-06
2.2965544e-08
1.4175202e-06
2.3500324e-08
1.4110152e-06
2.3693779e-08
1.4043979e-06
2.4157483e-08
1.3977795e-06
2.409334e-08
1.3911108e-06
2.4442166e-08
1.3844297e-06
2.4249417e-08
2.4643552e-08
1.2088954e-06
-6.9650907e-10
1.2093165e-06
-1.7653949e-09
1.210015e-06
-2.9956606e-09
1.2109307e-06
-3.9619565e-09
1.2120493e-06
-4.8861413e-09
1.2133324e-06
-5.6797336e-09
1.2147444e-06
-6.3260015e-09
1.2162538e-06
-6.851995e-09
1.2178329e-06
-7.2572375e-09
1.2194576e-06
-7.555653e-09
1.221109e-06
-7.7622309e-09
1.2227727e-06
-7.8932967e-09
1.224429e-06
-7.9547866e-09
1.2260809e-06
-7.9735667e-09
1.2277178e-06
-7.9497124e-09
1.2293342e-06
-7.8950069e-09
1.2309273e-06
-7.8176261e-09
1.2324951e-06
-7.723588e-09
1.2340368e-06
-7.6181332e-09
1.2355517e-06
-7.5047919e-09
1.2370401e-06
-7.3870017e-09
1.238502e-06
-7.2668036e-09
1.239938e-06
-7.146256e-09
1.2413487e-06
-7.0265065e-09
1.2427349e-06
-6.9085742e-09
1.2440972e-06
-6.7931998e-09
1.2454366e-06
-6.6809602e-09
1.2467541e-06
-6.5721157e-09
1.2480504e-06
-6.4667796e-09
1.2493264e-06
-6.3650938e-09
1.2505829e-06
-6.2668324e-09
1.2518206e-06
-6.1722849e-09
1.2530403e-06
-6.0808505e-09
1.2542427e-06
-5.9931131e-09
1.2554284e-06
-5.9084435e-09
1.2565983e-06
-5.8272001e-09
1.2577528e-06
-5.7489005e-09
1.2588926e-06
-5.6736726e-09
1.2600184e-06
-5.6013989e-09
1.2611308e-06
-5.5316702e-09
1.2622304e-06
-5.4648881e-09
1.2633174e-06
-5.3998659e-09
1.2643924e-06
-5.3375415e-09
1.2654556e-06
-5.2767617e-09
1.2665078e-06
-5.2183871e-09
1.2675491e-06
-5.1619322e-09
1.2685801e-06
-5.1070881e-09
1.2696012e-06
-5.05465e-09
1.2706127e-06
-5.003681e-09
1.271615e-06
-4.9539453e-09
1.2726084e-06
-4.9063975e-09
1.2735934e-06
-4.8598903e-09
1.2745699e-06
-4.8148348e-09
1.2755385e-06
-4.7713775e-09
1.2764996e-06
-4.7293902e-09
1.2774533e-06
-4.6888124e-09
1.2784002e-06
-4.6498969e-09
1.2793408e-06
-4.6126547e-09
1.2802753e-06
-4.5762416e-09
1.2812035e-06
-4.5403667e-09
1.2821257e-06
-4.5051509e-09
1.2830419e-06
-4.4711221e-09
1.2839527e-06
-4.437763e-09
1.284858e-06
-4.4058099e-09
1.2857583e-06
-4.374205e-09
1.2866538e-06
-4.3444706e-09
1.2875445e-06
-4.3142299e-09
1.2884311e-06
-4.286798e-09
1.289313e-06
-4.2575934e-09
1.2901915e-06
-4.2324753e-09
1.291065e-06
-4.2039034e-09
1.2919359e-06
-4.1811048e-09
1.2928017e-06
-4.1537569e-09
1.2936662e-06
-4.1337431e-09
1.2945267e-06
-4.1093333e-09
1.2953859e-06
-4.0902561e-09
1.2962432e-06
-4.070031e-09
1.2970991e-06
-4.0525312e-09
1.2979498e-06
-4.0272137e-09
1.2987994e-06
-4.0089492e-09
1.2996467e-06
-3.9895571e-09
1.3004911e-06
-3.9693488e-09
1.3013335e-06
-3.9505688e-09
1.302174e-06
-3.9328314e-09
1.3030134e-06
-3.916667e-09
1.3038498e-06
-3.897326e-09
1.304686e-06
-3.8841326e-09
1.3055195e-06
-3.8651673e-09
1.3063518e-06
-3.8516248e-09
1.307184e-06
-3.8371768e-09
1.3080122e-06
-3.8193302e-09
1.3088419e-06
-3.8096251e-09
1.3096697e-06
-3.7936063e-09
1.3104934e-06
-3.7775743e-09
1.3113203e-06
-3.7703813e-09
1.3121455e-06
-3.7575152e-09
1.3129609e-06
-3.7365786e-09
1.3137826e-06
-3.7379952e-09
1.3146123e-06
-3.7439438e-09
1.3154455e-06
-3.7466079e-09
1.3162746e-06
-3.7311763e-09
1.3171058e-06
-3.722624e-09
1.3179277e-06
-3.6961052e-09
1.3187523e-06
-3.6880308e-09
1.319576e-06
-3.6727896e-09
1.3203918e-06
-3.6524885e-09
1.3212074e-06
-3.6411087e-09
1.3220139e-06
-3.6181635e-09
1.3228368e-06
-3.6368002e-09
1.3236466e-06
-3.6051278e-09
1.3244582e-06
-3.607926e-09
1.3252869e-06
-3.6221932e-09
1.3260823e-06
-3.5681293e-09
1.3269091e-06
-3.6154653e-09
1.3277299e-06
-3.5893493e-09
1.3285388e-06
-3.5679246e-09
1.3293612e-06
-3.5808068e-09
1.3301423e-06
-3.5099004e-09
1.3309557e-06
-3.547699e-09
1.3317848e-06
-3.5626186e-09
1.3325927e-06
-3.5455585e-09
1.3334145e-06
-3.5710537e-09
1.3342121e-06
-3.5328132e-09
1.335019e-06
-3.539999e-09
1.3358746e-06
-3.5899768e-09
1.3366832e-06
-3.5076662e-09
1.3374559e-06
-3.4419583e-09
1.3382572e-06
-3.5008481e-09
1.3390816e-06
-3.5231054e-09
1.3398637e-06
-3.5207282e-09
1.340668e-06
-3.5215608e-09
1.3415147e-06
-3.5192089e-09
1.3422912e-06
-3.4861705e-09
1.3431305e-06
-3.4859644e-09
1.3439215e-06
-3.4562149e-09
1.344685e-06
-3.4321621e-09
1.3455241e-06
-3.464987e-09
1.3463204e-06
-3.449546e-09
1.3470848e-06
-3.4352694e-09
1.3477724e-06
-3.4068797e-09
1.3486144e-06
-3.4697911e-09
1.3495116e-06
-3.486528e-09
1.3503115e-06
-3.4389447e-09
1.3511222e-06
-3.4370435e-09
1.3518586e-06
-3.4030405e-09
1.3525632e-06
-3.3735468e-09
1.3532616e-06
-3.381599e-09
1.3540758e-06
-3.4239149e-09
1.354998e-06
-3.4368965e-09
1.3558051e-06
-3.4243683e-09
1.3565796e-06
-3.3779268e-09
1.3573699e-06
-3.374907e-09
1.3581745e-06
-3.3781777e-09
1.359065e-06
-3.3993128e-09
1.3598975e-06
-3.390721e-09
1.3606692e-06
-3.3206744e-09
1.3614673e-06
-3.3519747e-09
1.3622267e-06
-3.3332106e-09
1.3629399e-06
-3.3256708e-09
1.3636442e-06
-3.3223158e-09
1.3643977e-06
-3.3072936e-09
1.3651584e-06
-3.3310337e-09
1.3658814e-06
-3.3029788e-09
1.366652e-06
-3.3059129e-09
1.3674191e-06
-3.3084637e-09
1.3681225e-06
-3.2575262e-09
1.3688363e-06
-3.2714587e-09
1.3695829e-06
-3.2836813e-09
1.3703835e-06
-3.2666554e-09
1.3712027e-06
-3.2543337e-09
1.3719997e-06
-3.2311323e-09
1.3727963e-06
-3.2384699e-09
1.3735958e-06
-3.2657348e-09
1.3744349e-06
-3.2761642e-09
1.3752465e-06
-3.2541645e-09
1.3760629e-06
-3.234184e-09
1.3768774e-06
-3.2215337e-09
1.3776643e-06
-3.2164285e-09
1.3784546e-06
-3.2244114e-09
1.379195e-06
-3.1782426e-09
1.3799472e-06
-3.2035516e-09
1.3807826e-06
-3.220229e-09
1.3815754e-06
-3.1715746e-09
1.3823395e-06
-3.1394323e-09
1.3831472e-06
-3.150507e-09
1.3839375e-06
-3.1591241e-09
1.3847046e-06
-3.1468668e-09
1.385485e-06
-3.1440375e-09
1.3862184e-06
-3.1022216e-09
1.3869843e-06
-3.0715341e-09
1.3877872e-06
-3.0526501e-09
1.3886272e-06
-3.0544891e-09
1.3894694e-06
-3.0505922e-09
1.3902687e-06
-3.0204528e-09
1.3910357e-06
-2.999216e-09
1.391795e-06
-2.9628526e-09
1.392599e-06
-2.9596161e-09
1.393392e-06
-2.9508245e-09
1.3941067e-06
-2.8805505e-09
1.3948732e-06
-2.874097e-09
1.3956991e-06
-2.8609324e-09
1.3964981e-06
-2.7966975e-09
1.3972552e-06
-2.7781573e-09
1.3980414e-06
-2.844621e-09
1.3987961e-06
-2.8515768e-09
1.3995286e-06
-2.7781013e-09
1.4003224e-06
-2.7300295e-09
1.4011322e-06
-2.6921549e-09
1.4018754e-06
-2.6647942e-09
1.4026412e-06
-2.6909444e-09
1.4034425e-06
-2.7121843e-09
1.404207e-06
-2.7174494e-09
1.4049905e-06
-2.7416442e-09
1.4057975e-06
-2.7912952e-09
1.4065818e-06
-2.8261864e-09
1.4073474e-06
-2.8226061e-09
1.4080924e-06
-2.8182012e-09
1.4087982e-06
-2.8133189e-09
1.4095779e-06
-2.8081057e-09
1.4103933e-06
-2.7870715e-09
1.4111444e-06
-2.7561535e-09
1.4118675e-06
-2.7395566e-09
1.4126333e-06
-2.7543678e-09
1.4134063e-06
-2.7709768e-09
1.4141369e-06
-2.7601943e-09
1.4148614e-06
-2.7621194e-09
1.4156089e-06
-2.7342559e-09
1.4163467e-06
-2.7359492e-09
1.4170749e-06
-2.731833e-09
1.4178282e-06
-2.723525e-09
1.4186057e-06
-2.7393487e-09
1.4193723e-06
-2.7496956e-09
1.4201076e-06
-2.7384996e-09
1.4208579e-06
-2.7428051e-09
1.4216388e-06
-2.780038e-09
1.422412e-06
-2.8026657e-09
1.4231377e-06
-2.819029e-09
1.4238461e-06
-2.8368312e-09
1.4245667e-06
-2.8206961e-09
1.4252966e-06
-2.7995184e-09
1.4260209e-06
-2.795828e-09
1.4267351e-06
-2.7924911e-09
1.4274459e-06
-2.8349469e-09
1.4281113e-06
-2.8513738e-09
1.428767e-06
-2.8186427e-09
1.4294791e-06
-2.8183496e-09
1.4302011e-06
-2.8100882e-09
1.4308741e-06
-2.786257e-09
1.4315623e-06
-2.7811953e-09
1.4322848e-06
-2.7985236e-09
1.4329741e-06
-2.784172e-09
1.4336673e-06
-2.7654692e-09
1.4344128e-06
-2.77976e-09
1.4351249e-06
-2.7719884e-09
1.4358211e-06
-2.7490419e-09
1.436548e-06
-2.7759985e-09
1.4372618e-06
-2.7993652e-09
1.4379566e-06
-2.7847977e-09
1.4386503e-06
-2.7941787e-09
1.4393452e-06
-2.8068574e-09
1.4400356e-06
-2.7658547e-09
1.4407295e-06
-2.7597169e-09
1.4414016e-06
-2.7950136e-09
1.4420817e-06
-2.7600309e-09
1.4427798e-06
-2.754827e-09
1.4434911e-06
-2.7816105e-09
1.4441497e-06
-2.7826572e-09
1.4448341e-06
-2.7808733e-09
1.4455685e-06
-2.7883926e-09
1.4462417e-06
-2.7911558e-09
1.4469283e-06
-2.8040885e-09
1.4476668e-06
-2.7936053e-09
1.4483394e-06
-2.8187497e-09
1.4490048e-06
-2.8450096e-09
1.4496887e-06
-2.7918663e-09
1.4503619e-06
-2.8043119e-09
1.4510548e-06
-2.8484086e-09
1.4517329e-06
-2.8181288e-09
1.4524021e-06
-2.7996419e-09
1.4531333e-06
-2.8273237e-09
1.4538156e-06
-2.8373854e-09
1.4544733e-06
-2.8153626e-09
1.4551819e-06
-2.8496756e-09
1.4558645e-06
-2.8628802e-09
1.4565125e-06
-2.833155e-09
1.457199e-06
-2.8455749e-09
1.4578832e-06
-2.8640841e-09
1.458515e-06
-2.8432314e-09
1.4592042e-06
-2.8508715e-09
1.4599007e-06
-2.8722362e-09
1.460512e-06
-2.8549065e-09
1.4611714e-06
-2.8652525e-09
1.4618684e-06
-2.9019445e-09
1.4624799e-06
-2.8853249e-09
1.4630888e-06
-2.8550042e-09
1.463729e-06
-2.7933842e-09
1.4643823e-06
-2.8081408e-09
1.4649975e-06
-2.8253098e-09
1.4655937e-06
-2.7711171e-09
1.4662052e-06
-2.7579263e-09
1.4668613e-06
-2.7826785e-09
1.4674634e-06
-2.7564795e-09
1.4680397e-06
-2.7272082e-09
1.4686855e-06
-2.7511393e-09
1.4692918e-06
-2.7653053e-09
1.4698282e-06
-2.7477705e-09
1.4704212e-06
-2.7543705e-09
1.4710363e-06
-2.7641676e-09
1.4715805e-06
-2.7318308e-09
1.4721567e-06
-2.7094766e-09
1.4727932e-06
-2.720316e-09
1.47338e-06
-2.7213005e-09
1.4739417e-06
-2.706702e-09
1.4745221e-06
-2.6695983e-09
1.4751171e-06
-2.6886835e-09
1.475682e-06
-2.7129659e-09
1.4762107e-06
-2.6541565e-09
1.4767601e-06
-2.6439761e-09
1.4774243e-06
-2.6766567e-09
1.4780252e-06
-2.6704066e-09
1.4785192e-06
-2.6333327e-09
1.479106e-06
-2.6454496e-09
1.4797588e-06
-2.7055562e-09
1.4803021e-06
-2.681122e-09
1.480833e-06
-2.6724671e-09
1.4814875e-06
-2.7473481e-09
1.4821261e-06
-2.7407125e-09
1.482654e-06
-2.6859817e-09
1.4832655e-06
-2.7000366e-09
1.4839219e-06
-2.7680001e-09
1.4844279e-06
-2.7059972e-09
1.4849652e-06
-2.6848066e-09
1.4856776e-06
-2.7689691e-09
1.4863177e-06
-2.7206584e-09
1.4868115e-06
-2.6423903e-09
1.4874379e-06
-2.6631959e-09
1.4881298e-06
-2.7115736e-09
1.4886559e-06
-2.6352303e-09
1.4891665e-06
-2.6260523e-09
1.4898373e-06
-2.7041622e-09
1.4904444e-06
-2.7115594e-09
1.4908776e-06
-2.6093812e-09
1.4913978e-06
-2.6145548e-09
1.4920746e-06
-2.6642195e-09
1.4926179e-06
-2.6049505e-09
1.493014e-06
-2.5048976e-09
1.4935246e-06
-2.5091125e-09
1.494183e-06
-2.5461619e-09
1.4946805e-06
-2.4890281e-09
1.4950507e-06
-2.4294176e-09
1.4955479e-06
-2.4564666e-09
1.4961602e-06
-2.5062268e-09
1.4966074e-06
-2.4444495e-09
1.4969979e-06
-2.4159732e-09
1.4975173e-06
-2.4637523e-09
1.4980413e-06
-2.4824232e-09
1.4984645e-06
-2.4087043e-09
1.4989e-06
-2.3854025e-09
1.4993675e-06
-2.4304225e-09
1.4997976e-06
-2.4173978e-09
1.5002468e-06
-2.360216e-09
1.5007323e-06
-2.374136e-09
1.501156e-06
-2.3715661e-09
1.5015754e-06
-2.3071252e-09
1.50204e-06
-2.3076252e-09
1.5025103e-06
-2.3356139e-09
1.5029103e-06
-2.3239548e-09
1.5033268e-06
-2.2863933e-09
1.5037991e-06
-2.3285156e-09
1.5042367e-06
-2.340899e-09
1.504621e-06
-2.2894251e-09
1.5050414e-06
-2.2413249e-09
1.5055332e-06
-2.2844784e-09
1.5059463e-06
-2.2876887e-09
1.506303e-06
-2.2223956e-09
1.5067327e-06
-2.1841453e-09
1.5072477e-06
-2.2201627e-09
1.5076319e-06
-2.2055828e-09
1.5080067e-06
-2.1349615e-09
1.5084398e-06
-2.1138513e-09
1.5088743e-06
-2.1172313e-09
1.5092272e-06
-2.0920479e-09
1.5095832e-06
-2.0290667e-09
1.5099775e-06
-2.0427744e-09
1.5103321e-06
-2.0513031e-09
1.5106392e-06
-2.017722e-09
1.5109623e-06
-1.9887261e-09
1.5113085e-06
-1.9957227e-09
1.5116368e-06
-1.9819311e-09
1.5119163e-06
-1.9404416e-09
1.5121671e-06
-1.8980426e-09
1.5124358e-06
-1.8658199e-09
1.5127165e-06
-1.8341075e-09
1.5129586e-06
-1.7804842e-09
1.5131644e-06
-1.713734e-09
1.5133643e-06
-1.6534289e-09
1.513563e-06
-1.5992074e-09
1.5137363e-06
-1.5324524e-09
1.5138823e-06
-1.4556578e-09
1.5140111e-06
-1.380799e-09
1.5141277e-06
-1.3040173e-09
1.514224e-06
-1.2233272e-09
1.5142985e-06
-1.1333068e-09
1.5143496e-06
-1.0408741e-09
1.5143817e-06
-9.4389163e-10
1.5143889e-06
-8.4238705e-10
1.5143741e-06
-7.3743767e-10
1.5143325e-06
-6.2540328e-10
1.5142655e-06
-5.1352389e-10
1.5141727e-06
-3.9579273e-10
1.5140533e-06
-2.8181812e-10
1.5139101e-06
-1.6507862e-10
1.5137407e-06
-5.4319216e-11
1.51355e-06
5.4683369e-11
1.513337e-06
1.5529222e-10
1.5131066e-06
2.4906432e-10
1.5128596e-06
3.3231418e-10
1.5126001e-06
4.0738524e-10
1.5123294e-06
4.717382e-10
1.512051e-06
5.2831606e-10
1.5117655e-06
5.7567506e-10
1.5114748e-06
6.1791683e-10
1.5111792e-06
6.5289374e-10
1.5108797e-06
6.8306516e-10
1.5105755e-06
7.1152906e-10
1.5102683e-06
7.3344353e-10
1.5099565e-06
7.5277873e-10
1.5096392e-06
7.7905193e-10
1.5093192e-06
7.8958839e-10
1.5089915e-06
8.0944229e-10
1.5086544e-06
8.434986e-10
1.5083133e-06
8.494494e-10
1.507962e-06
8.704979e-10
1.5075996e-06
9.0317398e-10
1.5072283e-06
9.2033314e-10
1.5068474e-06
9.4058716e-10
1.5064576e-06
9.5956754e-10
1.5060601e-06
9.7287822e-10
1.5056564e-06
9.8397823e-10
1.5052485e-06
9.8739683e-10
1.5048386e-06
9.8489128e-10
1.5044292e-06
9.7475672e-10
1.5040239e-06
9.5657571e-10
1.503625e-06
9.2929131e-10
1.5032372e-06
8.9222763e-10
1.5028628e-06
8.4558849e-10
1.5025051e-06
7.8897822e-10
1.5021672e-06
7.2281159e-10
1.5018529e-06
6.4624617e-10
1.5015617e-06
5.5893468e-10
1.5013018e-06
4.631282e-10
1.5010705e-06
3.5186298e-10
1.5008687e-06
2.3883784e-10
1.5007144e-06
9.5514707e-11
1.5005837e-06
-3.2648995e-11
1.5004833e-06
-1.9482238e-10
1.5004691e-06
-3.714109e-10
1.5004441e-06
-5.2515192e-10
1.5005007e-06
-7.6506312e-10
1.5006509e-06
-9.7575459e-10
1.5007762e-06
-1.1463035e-09
1.5010383e-06
-1.5337123e-09
1.5013415e-06
-1.748377e-09
1.501498e-06
-1.9994855e-09
1.5021377e-06
-2.4666842e-09
1.502707e-06
-2.7189411e-09
1.5030675e-06
-3.0287954e-09
1.5035871e-06
-3.607036e-09
1.504256e-06
-4.1333617e-09
1.5050031e-06
-4.4952633e-09
1.5060849e-06
-4.8861515e-09
1.5073646e-06
-5.1082436e-09
1.5086785e-06
-5.2254276e-09
1.5099579e-06
-5.3207105e-09
1.5112001e-06
-5.43276e-09
1.5124441e-06
-5.5305205e-09
1.5139585e-06
-5.7018181e-09
1.5152706e-06
-5.8532694e-09
1.5165199e-06
-5.9067924e-09
1.5182895e-06
-6.314929e-09
1.5199645e-06
-6.4956529e-09
1.5215386e-06
-6.5694126e-09
1.5234456e-06
-6.8943953e-09
1.5251377e-06
-6.9218564e-09
1.5267381e-06
-6.884513e-09
1.5287481e-06
-7.1910002e-09
1.5305041e-06
-7.2417863e-09
1.5322637e-06
-7.3692128e-09
1.5343109e-06
-7.6209727e-09
1.5362506e-06
-7.7106033e-09
1.5379996e-06
-7.660935e-09
1.5398861e-06
-7.9147759e-09
1.5419946e-06
-8.1240272e-09
1.5441731e-06
-8.1783171e-09
1.546168e-06
-8.2954239e-09
1.5482754e-06
-8.3052827e-09
1.5505161e-06
-8.3424814e-09
1.552637e-06
-8.443457e-09
1.5548304e-06
-8.5180956e-09
1.5570449e-06
-8.360594e-09
1.559192e-06
-8.4144101e-09
1.5613411e-06
-8.4527696e-09
1.5634211e-06
-8.2681599e-09
1.5655673e-06
-8.3235667e-09
1.5677471e-06
-8.3787701e-09
1.5696832e-06
-8.0813254e-09
1.5717154e-06
-8.0855669e-09
1.57389e-06
-8.1740779e-09
1.5759885e-06
-7.8911078e-09
1.5780602e-06
-7.7161091e-09
1.580042e-06
-7.7541817e-09
1.581953e-06
-7.6377278e-09
1.5838771e-06
-7.5907924e-09
1.585767e-06
-7.5994095e-09
1.5874956e-06
-7.268476e-09
1.5890934e-06
-6.984374e-09
1.5904498e-06
-7.0035768e-09
1.5915476e-06
-6.4936057e-09
1.592705e-06
-5.9567355e-09
1.593626e-06
-5.7914988e-09
1.593879e-06
-4.6440527e-09
1.5939557e-06
-3.5505576e-09
1.5938267e-06
-3.0480831e-09
1.5928517e-06
-1.7506685e-09
1.5919523e-06
-3.975007e-10
1.5909834e-06
4.2174975e-10
1.5894615e-06
1.6497985e-09
1.5880242e-06
2.7245286e-09
1.5864192e-06
3.5872532e-09
1.5844985e-06
4.5804587e-09
1.582412e-06
5.4504543e-09
1.580092e-06
6.2741865e-09
1.5775462e-06
7.0878921e-09
1.5747904e-06
7.8540996e-09
1.5718236e-06
8.5968472e-09
1.5686524e-06
9.3103414e-09
1.5652783e-06
9.9987836e-09
1.561706e-06
1.066608e-08
1.5579392e-06
1.1314024e-08
1.5539883e-06
1.1943366e-08
1.5498644e-06
1.2556875e-08
1.545576e-06
1.3152518e-08
1.5411379e-06
1.3723698e-08
1.5365655e-06
1.4271681e-08
1.5318675e-06
1.4801977e-08
1.5270501e-06
1.5314072e-08
1.5221232e-06
1.5801144e-08
1.5170932e-06
1.6267727e-08
1.5119645e-06
1.6715546e-08
1.5067448e-06
1.7138257e-08
1.5014377e-06
1.7539158e-08
1.4960496e-06
1.7917556e-08
1.4905912e-06
1.826973e-08
1.4850685e-06
1.8601689e-08
1.4794862e-06
1.8915778e-08
1.4738486e-06
1.9216986e-08
1.4681575e-06
1.9504867e-08
1.462414e-06
1.9774393e-08
1.456625e-06
2.0020626e-08
1.4507975e-06
2.0245562e-08
1.4449325e-06
2.0455138e-08
1.4390284e-06
2.0652593e-08
1.433091e-06
2.0828177e-08
1.4271228e-06
2.0987519e-08
1.4211245e-06
2.1133401e-08
1.4151037e-06
2.125647e-08
1.4090668e-06
2.1358405e-08
1.4030173e-06
2.1440946e-08
1.3969608e-06
2.1502135e-08
1.3909019e-06
2.1542205e-08
1.3848442e-06
2.1561061e-08
1.3787915e-06
2.1556613e-08
1.3727489e-06
2.1525435e-08
1.3667233e-06
2.1462778e-08
1.3607229e-06
2.1363646e-08
1.3547575e-06
2.1223589e-08
1.3488372e-06
2.1040871e-08
1.3429714e-06
2.0815784e-08
1.3371721e-06
2.0546859e-08
1.3314505e-06
2.0235198e-08
1.325816e-06
1.988334e-08
1.3202766e-06
1.9494869e-08
1.3148393e-06
1.9073785e-08
1.3095099e-06
1.8626382e-08
1.3042923e-06
1.8158642e-08
1.2991894e-06
1.7675765e-08
1.2942019e-06
1.7183254e-08
1.2893293e-06
1.6687162e-08
1.2845699e-06
1.6190199e-08
1.2799228e-06
1.5694019e-08
1.2753854e-06
1.5200397e-08
1.2709567e-06
1.4708161e-08
1.2666364e-06
1.4216043e-08
1.2624227e-06
1.3724897e-08
1.2583188e-06
1.3227238e-08
1.2543263e-06
1.2735089e-08
1.2504299e-06
1.2246268e-08
1.246652e-06
1.1732318e-08
1.2430063e-06
1.1216121e-08
1.2394325e-06
1.0756667e-08
1.2359446e-06
1.0212872e-08
1.2327211e-06
9.5773403e-09
1.229533e-06
9.2053454e-09
1.226234e-06
8.6326786e-09
1.2234993e-06
7.7384916e-09
1.2208775e-06
7.4668476e-09
1.2178764e-06
6.8846107e-09
1.2155862e-06
5.5858904e-09
1.2134009e-06
4.9776618e-09
1.2107294e-06
4.2923585e-09
1.2087133e-06
2.8550389e-09
1.2069499e-06
1.9924817e-09
1.2046263e-06
1.2241039e-09
1.2024743e-06
-3.4039438e-11
1.2008932e-06
-1.3368857e-09
1.2000314e-06
-2.3103888e-09
1.1996007e-06
-2.8885228e-09
1.1993672e-06
-3.1930822e-09
1.1991926e-06
-3.4075476e-09
1.199293e-06
-3.6375152e-09
1.1993196e-06
-3.7177301e-09
1.1992302e-06
-3.7298253e-09
1.1996489e-06
-4.1801251e-09
1.1999099e-06
-4.280321e-09
1.2001305e-06
-4.3370081e-09
1.2007867e-06
-4.8846327e-09
1.2014249e-06
-5.2397451e-09
1.2020397e-06
-5.4707128e-09
1.2028839e-06
-5.9130056e-09
1.2039432e-06
-6.4069781e-09
1.2051328e-06
-6.8724013e-09
1.2065013e-06
-7.3443727e-09
1.2080438e-06
-7.8581452e-09
1.2097652e-06
-8.3617251e-09
1.2116797e-06
-8.9088825e-09
1.2137924e-06
-9.4560066e-09
1.2161038e-06
-1.0030176e-08
1.2186183e-06
-1.0609301e-08
1.2213452e-06
-1.1215472e-08
1.2242951e-06
-1.1835141e-08
1.2274804e-06
-1.2475831e-08
1.2309095e-06
-1.3125388e-08
1.2345917e-06
-1.3787117e-08
1.2385322e-06
-1.4453773e-08
1.2427374e-06
-1.5126138e-08
1.2472129e-06
-1.5800759e-08
1.2519659e-06
-1.6477549e-08
1.2570013e-06
-1.71528e-08
1.2623241e-06
-1.7822604e-08
1.2679382e-06
-1.8482622e-08
1.2738458e-06
-1.9129821e-08
1.2800475e-06
-1.9760212e-08
1.2865421e-06
-2.0368862e-08
1.2933247e-06
-2.0950097e-08
1.3003889e-06
-2.1500161e-08
1.3077263e-06
-2.2014194e-08
1.3153248e-06
-2.2486631e-08
1.323168e-06
-2.291268e-08
1.3312377e-06
-2.3288412e-08
1.3395134e-06
-2.3610805e-08
1.3479714e-06
-2.387406e-08
1.3565857e-06
-2.4073858e-08
1.3653281e-06
-2.4206734e-08
1.3741702e-06
-2.4272507e-08
1.3830826e-06
-2.4271199e-08
1.3920325e-06
-2.4195985e-08
1.4009839e-06
-2.4041872e-08
1.4099004e-06
-2.3808296e-08
1.4187461e-06
-2.34947e-08
1.4274853e-06
-2.3100893e-08
1.4360824e-06
-2.2630243e-08
1.4445046e-06
-2.2085098e-08
1.4527118e-06
-2.1461752e-08
1.4606565e-06
-2.0737279e-08
1.4683257e-06
-1.9944757e-08
1.4756583e-06
-1.9077956e-08
1.4826704e-06
-1.8138813e-08
1.4893036e-06
-1.7139657e-08
1.4955326e-06
-1.6062481e-08
1.5013724e-06
-1.4930891e-08
1.5067146e-06
-1.3708971e-08
1.5115892e-06
-1.2494515e-08
1.5161115e-06
-1.1290513e-08
1.5201165e-06
-9.9783808e-09
1.5235442e-06
-8.6984451e-09
1.5263585e-06
-8.0012219e-09
1.5283666e-06
-6.6767085e-09
1.5302542e-06
-5.333173e-09
1.5317475e-06
-4.1380406e-09
1.5323827e-06
-2.6501503e-09
1.5324534e-06
-7.5590068e-10
1.5322262e-06
1.1738357e-09
1.53159e-06
3.0190468e-09
1.5302907e-06
4.9917461e-09
1.5284719e-06
6.8738655e-09
1.5262957e-06
8.6431076e-09
1.5236556e-06
1.0390668e-08
1.5205521e-06
1.2073665e-08
1.5169974e-06
1.3688624e-08
1.5130145e-06
1.5226756e-08
1.5086318e-06
1.6681991e-08
1.5038732e-06
1.8076172e-08
1.498758e-06
1.9410068e-08
1.4933165e-06
2.0680577e-08
1.4875743e-06
2.1873194e-08
1.4815602e-06
2.3004017e-08
1.4752982e-06
2.4049874e-08
1.4688118e-06
2.5046294e-08
1.4621229e-06
2.5937927e-08
1.4552507e-06
2.680314e-08
1.4482183e-06
2.7514004e-08
1.4410468e-06
2.825181e-08
1.433762e-06
2.8759913e-08
1.4263858e-06
2.9387232e-08
1.4189328e-06
2.9663793e-08
1.4114427e-06
3.0175862e-08
1.403899e-06
3.0181909e-08
1.3964121e-06
3.0495637e-08
1.388958e-06
3.0294629e-08
3.0761319e-08
1.2089202e-06
-8.8066621e-10
1.2093955e-06
-2.2406108e-09
1.210193e-06
-3.793184e-09
1.2112318e-06
-5.0007936e-09
1.2124879e-06
-6.1421859e-09
1.2139151e-06
-7.1069701e-09
1.2154664e-06
-7.8772988e-09
1.2171064e-06
-8.492028e-09
1.2188007e-06
-8.9515435e-09
1.2205262e-06
-9.2811834e-09
1.2222616e-06
-9.4976214e-09
1.2239947e-06
-9.6263384e-09
1.2257154e-06
-9.6754946e-09
1.2274129e-06
-9.6710857e-09
1.2290853e-06
-9.6221782e-09
1.2307303e-06
-9.5399226e-09
1.2323459e-06
-9.4332759e-09
1.2339315e-06
-9.3091583e-09
1.235487e-06
-9.1736361e-09
1.2370128e-06
-9.0306091e-09
1.2385097e-06
-8.8839647e-09
1.2399785e-06
-8.735614e-09
1.2414203e-06
-8.5880592e-09
1.242836e-06
-8.442171e-09
1.2442266e-06
-8.299228e-09
1.2455934e-06
-8.1599856e-09
1.2469374e-06
-8.0249762e-09
1.2482595e-06
-7.8942168e-09
1.2495608e-06
-7.7681142e-09
1.2508421e-06
-7.6463826e-09
1.2521044e-06
-7.5291773e-09
1.2533485e-06
-7.4163622e-09
1.2545748e-06
-7.3072592e-09
1.2557844e-06
-7.2027113e-09
1.2569778e-06
-7.1018613e-09
1.2581561e-06
-7.0054993e-09
1.2593196e-06
-6.9124848e-09
1.2604695e-06
-6.8235622e-09
1.2616061e-06
-6.7379498e-09
1.2627301e-06
-6.6557426e-09
1.2638424e-06
-6.5772081e-09
1.2649433e-06
-6.5007599e-09
1.2660333e-06
-6.4276042e-09
1.2671126e-06
-6.3560295e-09
1.268182e-06
-6.2878245e-09
1.2692416e-06
-6.2215966e-09
1.2702923e-06
-6.1578311e-09
1.2713344e-06
-6.0966712e-09
1.272368e-06
-6.0373764e-09
1.2733941e-06
-5.9799921e-09
1.2744123e-06
-5.9246958e-09
1.2754234e-06
-5.8710405e-09
1.2764273e-06
-5.8187553e-09
1.2774248e-06
-5.7688947e-09
1.2784161e-06
-5.7207252e-09
1.279402e-06
-5.6747562e-09
1.2803833e-06
-5.6311551e-09
1.2813602e-06
-5.589639e-09
1.2823326e-06
-5.5486966e-09
1.2833002e-06
-5.5080154e-09
1.2842635e-06
-5.4684484e-09
1.2852228e-06
-5.4305072e-09
1.2861788e-06
-5.3938134e-09
1.2871316e-06
-5.3586091e-09
1.2880817e-06
-5.3243263e-09
1.289029e-06
-5.291851e-09
1.2899741e-06
-5.2593392e-09
1.2909169e-06
-5.2297175e-09
1.2918575e-06
-5.1982019e-09
1.2927966e-06
-5.1716555e-09
1.293733e-06
-5.1403259e-09
1.2946688e-06
-5.1170108e-09
1.2956008e-06
-5.0857705e-09
1.2965333e-06
-5.0663318e-09
1.2974621e-06
-5.0381752e-09
1.2983946e-06
-5.0228746e-09
1.2993277e-06
-5.0031841e-09
1.3002609e-06
-4.9858375e-09
1.3011871e-06
-4.9534865e-09
1.3021164e-06
-4.9383129e-09
1.3030444e-06
-4.9177427e-09
1.3039699e-06
-4.8949174e-09
1.3048956e-06
-4.8763789e-09
1.3058214e-06
-4.8586779e-09
1.3067473e-06
-4.8427018e-09
1.3076718e-06
-4.8219548e-09
1.308598e-06
-4.8104751e-09
1.309523e-06
-4.7902691e-09
1.310448e-06
-4.7768802e-09
1.3113757e-06
-4.76494e-09
1.3122991e-06
-4.7429021e-09
1.3132271e-06
-4.7377617e-09
1.3141553e-06
-4.7219859e-09
1.3150748e-06
-4.6972932e-09
1.3160066e-06
-4.702275e-09
1.3169322e-06
-4.6833173e-09
1.3178398e-06
-4.644467e-09
1.3187764e-06
-4.6747397e-09
1.3197117e-06
-4.6792215e-09
1.3206352e-06
-4.6703068e-09
1.3215597e-06
-4.6559858e-09
1.3224913e-06
-4.6546966e-09
1.3234159e-06
-4.62131e-09
1.3243442e-06
-4.6167674e-09
1.3252829e-06
-4.611437e-09
1.3262103e-06
-4.5800741e-09
1.3271192e-06
-4.5502691e-09
1.3280629e-06
-4.5621302e-09
1.3289753e-06
-4.5495003e-09
1.3299141e-06
-4.544134e-09
1.3308453e-06
-4.5392179e-09
1.3317443e-06
-4.5213788e-09
1.3327208e-06
-4.5449098e-09
1.3336213e-06
-4.5163855e-09
1.3345473e-06
-4.515889e-09
1.3354867e-06
-4.5077257e-09
1.3363978e-06
-4.4923545e-09
1.3374121e-06
-4.5247126e-09
1.3383537e-06
-4.4898871e-09
1.3392666e-06
-4.4762754e-09
1.3401827e-06
-4.4623341e-09
1.341045e-06
-4.4337867e-09
1.3419597e-06
-4.4478412e-09
1.3428518e-06
-4.4325019e-09
1.3436758e-06
-4.4144453e-09
1.3446281e-06
-4.4606088e-09
1.3456768e-06
-4.4914019e-09
1.3466066e-06
-4.4313211e-09
1.3474857e-06
-4.4029305e-09
1.3483548e-06
-4.3903374e-09
1.3492332e-06
-4.4007664e-09
1.3501226e-06
-4.4097894e-09
1.3510254e-06
-4.3903614e-09
1.3519339e-06
-4.3957802e-09
1.3528792e-06
-4.4025166e-09
1.3538569e-06
-4.4104849e-09
1.3548025e-06
-4.4110267e-09
1.3557465e-06
-4.3939217e-09
1.3567033e-06
-4.3922195e-09
1.3576661e-06
-4.3694062e-09
1.3585863e-06
-4.3899573e-09
1.3595125e-06
-4.4131676e-09
1.3604658e-06
-4.3930068e-09
1.3613856e-06
-4.3580117e-09
1.3623299e-06
-4.3486748e-09
1.363292e-06
-4.3368944e-09
1.3642277e-06
-4.3182702e-09
1.3651549e-06
-4.35208e-09
1.3661049e-06
-4.3882222e-09
1.3670304e-06
-4.3517243e-09
1.3679832e-06
-4.3322985e-09
1.3689606e-06
-4.3537036e-09
1.3699432e-06
-4.3620663e-09
1.3709215e-06
-4.378963e-09
1.3718943e-06
-4.3659902e-09
1.3728862e-06
-4.3159529e-09
1.3738233e-06
-4.2933648e-09
1.3747546e-06
-4.2688169e-09
1.3756708e-06
-4.2458548e-09
1.376582e-06
-4.236671e-09
1.3775007e-06
-4.2274002e-09
1.3784092e-06
-4.2399297e-09
1.3793347e-06
-4.2284309e-09
1.3802558e-06
-4.2263304e-09
1.3811677e-06
-4.2196708e-09
1.3821109e-06
-4.2003654e-09
1.3830457e-06
-4.2072679e-09
1.3839792e-06
-4.2199786e-09
1.3849194e-06
-4.2107038e-09
1.3858456e-06
-4.1853743e-09
1.3867785e-06
-4.1695514e-09
1.3877117e-06
-4.1766732e-09
1.3886249e-06
-4.1835122e-09
1.3895227e-06
-4.1776897e-09
1.3904397e-06
-4.1722181e-09
1.3913662e-06
-4.158982e-09
1.392285e-06
-4.1388035e-09
1.3932103e-06
-4.1423522e-09
1.3941235e-06
-4.1405066e-09
1.3950543e-06
-4.1124397e-09
1.3959708e-06
-4.1237382e-09
1.3968709e-06
-4.1250954e-09
1.3977862e-06
-4.0931996e-09
1.3987084e-06
-4.0679167e-09
1.3996238e-06
-4.071639e-09
1.400532e-06
-4.073943e-09
1.4014305e-06
-4.0521884e-09
1.4023215e-06
-4.0412109e-09
1.4032313e-06
-4.0185575e-09
1.4041405e-06
-3.988406e-09
1.4050465e-06
-3.9681489e-09
1.4059474e-06
-3.965928e-09
1.4068476e-06
-3.961532e-09
1.4077502e-06
-3.9328851e-09
1.40865e-06
-3.9078993e-09
1.4095516e-06
-3.8731773e-09
1.4104336e-06
-3.8488093e-09
1.4113231e-06
-3.8456061e-09
1.4122441e-06
-3.8061501e-09
1.4131425e-06
-3.7785348e-09
1.4140363e-06
-3.7631978e-09
1.4149576e-06
-3.7295695e-09
1.415878e-06
-3.7129646e-09
1.4167413e-06
-3.7238617e-09
1.4175966e-06
-3.7222576e-09
1.4184798e-06
-3.6752188e-09
1.4193762e-06
-3.6386392e-09
1.4202876e-06
-3.6129029e-09
1.4211998e-06
-3.5838461e-09
1.4221017e-06
-3.5977723e-09
1.4230113e-06
-3.6254302e-09
1.4239189e-06
-3.627961e-09
1.4248237e-06
-3.6489864e-09
1.4257089e-06
-3.6798311e-09
1.4265745e-06
-3.6964196e-09
1.4274557e-06
-3.7093915e-09
1.4283312e-06
-3.7009853e-09
1.4291929e-06
-3.6852064e-09
1.430053e-06
-3.6810106e-09
1.4309197e-06
-3.6680108e-09
1.4317882e-06
-3.6394852e-09
1.4326605e-06
-3.6276804e-09
1.43352e-06
-3.6311425e-09
1.4343625e-06
-3.6322487e-09
1.4352127e-06
-3.6301824e-09
1.4360592e-06
-3.6282146e-09
1.4369173e-06
-3.6094199e-09
1.4377707e-06
-3.6019969e-09
1.4386287e-06
-3.598049e-09
1.4394968e-06
-3.5962779e-09
1.4403619e-06
-3.6065626e-09
1.4412222e-06
-3.6104093e-09
1.4420889e-06
-3.6049768e-09
1.4429547e-06
-3.609852e-09
1.4438054e-06
-3.6365173e-09
1.4446471e-06
-3.6567442e-09
1.4454694e-06
-3.660515e-09
1.446269e-06
-3.6612073e-09
1.447079e-06
-3.659669e-09
1.4478908e-06
-3.6436174e-09
1.4486909e-06
-3.631448e-09
1.449495e-06
-3.634641e-09
1.45027e-06
-3.6499412e-09
1.4510236e-06
-3.6460843e-09
1.4517961e-06
-3.6312198e-09
1.4525727e-06
-3.6312677e-09
1.4533494e-06
-3.618275e-09
1.4541362e-06
-3.6003565e-09
1.4549325e-06
-3.6009826e-09
1.4557146e-06
-3.5997565e-09
1.4565023e-06
-3.5880463e-09
1.4573121e-06
-3.5896348e-09
1.4581105e-06
-3.5912229e-09
1.458898e-06
-3.571849e-09
1.459707e-06
-3.5698755e-09
1.4605047e-06
-3.5860692e-09
1.4612785e-06
-3.5869476e-09
1.4620675e-06
-3.5890362e-09
1.4628397e-06
-3.5825907e-09
1.4635947e-06
-3.5786636e-09
1.4643904e-06
-3.5789021e-09
1.4651744e-06
-3.561722e-09
1.4659173e-06
-3.5566852e-09
1.4666926e-06
-3.5549981e-09
1.4674852e-06
-3.5682e-09
1.4682475e-06
-3.5657801e-09
1.4690019e-06
-3.5600967e-09
1.4697732e-06
-3.5757481e-09
1.4705506e-06
-3.5894421e-09
1.4713067e-06
-3.5706211e-09
1.4720629e-06
-3.5835153e-09
1.4728553e-06
-3.6090841e-09
1.4736134e-06
-3.6000656e-09
1.4743487e-06
-3.6038581e-09
1.4751441e-06
-3.6111474e-09
1.4759312e-06
-3.6159311e-09
1.476664e-06
-3.606567e-09
1.4774246e-06
-3.6052081e-09
1.4782195e-06
-3.6221248e-09
1.4789829e-06
-3.6197947e-09
1.4797224e-06
-3.6084922e-09
1.4804933e-06
-3.6214782e-09
1.4812491e-06
-3.6439833e-09
1.4819743e-06
-3.6293395e-09
1.482726e-06
-3.6284575e-09
1.4834862e-06
-3.6513899e-09
1.4842191e-06
-3.6435099e-09
1.4849572e-06
-3.6281764e-09
1.4857007e-06
-3.641528e-09
1.4864317e-06
-3.6510381e-09
1.4871586e-06
-3.6310928e-09
1.4878834e-06
-3.6413961e-09
1.4885872e-06
-3.6594012e-09
1.4892711e-06
-3.6252916e-09
1.4899619e-06
-3.6037169e-09
1.4907e-06
-3.5892875e-09
1.4913976e-06
-3.5616661e-09
1.4920493e-06
-3.5313112e-09
1.4927406e-06
-3.515285e-09
1.4934558e-06
-3.5245633e-09
1.4941244e-06
-3.5018584e-09
1.494784e-06
-3.4664596e-09
1.4954663e-06
-3.4595615e-09
1.4961311e-06
-3.4654581e-09
1.4967649e-06
-3.4485881e-09
1.4974101e-06
-3.4426808e-09
1.4980598e-06
-3.4535415e-09
1.4986894e-06
-3.4422554e-09
1.4993197e-06
-3.4095859e-09
1.4999671e-06
-3.4033043e-09
1.5006085e-06
-3.407076e-09
1.5012193e-06
-3.3770027e-09
1.5018359e-06
-3.3683976e-09
1.5024906e-06
-3.3695104e-09
1.5031141e-06
-3.3572345e-09
1.5036997e-06
-3.3436072e-09
1.5043173e-06
-3.3166683e-09
1.5049659e-06
-3.3370342e-09
1.5055914e-06
-3.346079e-09
1.506201e-06
-3.3233736e-09
1.5068352e-06
-3.3093972e-09
1.5074911e-06
-3.3404617e-09
1.5081182e-06
-3.3688274e-09
1.5087544e-06
-3.351559e-09
1.5094224e-06
-3.3736853e-09
1.5100563e-06
-3.4135561e-09
1.5106882e-06
-3.4048759e-09
1.5113684e-06
-3.3993524e-09
1.5120668e-06
-3.4326018e-09
1.5127043e-06
-3.4401864e-09
1.5133532e-06
-3.3897098e-09
1.514049e-06
-3.413982e-09
1.5146913e-06
-3.443775e-09
1.5153365e-06
-3.3992977e-09
1.5160309e-06
-3.3719303e-09
1.5167208e-06
-3.3898826e-09
1.5173431e-06
-3.3729757e-09
1.5179767e-06
-3.3105954e-09
1.5186472e-06
-3.3403151e-09
1.5192525e-06
-3.3551983e-09
1.5198128e-06
-3.32117e-09
1.5204157e-06
-3.2651353e-09
1.5210306e-06
-3.2854133e-09
1.5215773e-06
-3.2697067e-09
1.5221117e-06
-3.2009817e-09
1.5226852e-06
-3.1417913e-09
1.52326e-06
-3.1478855e-09
1.5237782e-06
-3.1285148e-09
1.5242893e-06
-3.0651321e-09
1.5248397e-06
-3.0462424e-09
1.5253817e-06
-3.0661784e-09
1.5258558e-06
-3.0501117e-09
1.5263385e-06
-2.9998208e-09
1.5268684e-06
-3.0216345e-09
1.527358e-06
-3.0323313e-09
1.5277843e-06
-2.9916238e-09
1.5282593e-06
-2.9700105e-09
1.5287688e-06
-2.984021e-09
1.5291999e-06
-2.9527834e-09
1.5296162e-06
-2.9274037e-09
1.5301008e-06
-2.940439e-09
1.5305464e-06
-2.9165377e-09
1.5309581e-06
-2.8802987e-09
1.5314267e-06
-2.8718024e-09
1.5319027e-06
-2.8774187e-09
1.532327e-06
-2.8512153e-09
1.5327461e-06
-2.8325209e-09
1.5332147e-06
-2.8427234e-09
1.5336567e-06
-2.8569604e-09
1.5340542e-06
-2.8240521e-09
1.534469e-06
-2.7896654e-09
1.5349539e-06
-2.8115075e-09
1.5354018e-06
-2.8180516e-09
1.5357887e-06
-2.7612375e-09
1.5361941e-06
-2.7154643e-09
1.5366686e-06
-2.7471896e-09
1.537095e-06
-2.73642e-09
1.5374751e-06
-2.6777145e-09
1.5378967e-06
-2.6517331e-09
1.5383446e-06
-2.6599674e-09
1.5387272e-06
-2.6007707e-09
1.5390792e-06
-2.5470785e-09
1.5394817e-06
-2.5358808e-09
1.5398583e-06
-2.5248128e-09
1.540178e-06
-2.4777504e-09
1.5404924e-06
-2.4413462e-09
1.5408257e-06
-2.4344415e-09
1.5411327e-06
-2.4192897e-09
1.5414012e-06
-2.371829e-09
1.5416587e-06
-2.3248066e-09
1.5419175e-06
-2.288925e-09
1.542161e-06
-2.2468014e-09
1.5423675e-06
-2.1830959e-09
1.5425521e-06
-2.1127371e-09
1.5427323e-06
-2.0465318e-09
1.5429012e-06
-1.9798923e-09
1.5430383e-06
-1.8986874e-09
1.5431515e-06
-1.8131341e-09
1.54325e-06
-1.7266575e-09
1.5433317e-06
-1.6402049e-09
1.5433925e-06
-1.5478445e-09
1.5434326e-06
-1.4517378e-09
1.5434532e-06
-1.3476904e-09
1.543452e-06
-1.2388286e-09
1.5434276e-06
-1.1237309e-09
1.5433802e-06
-1.004294e-09
1.5433075e-06
-8.7875174e-10
1.5432083e-06
-7.4462347e-10
1.5430795e-06
-6.0714811e-10
1.5429226e-06
-4.6491788e-10
1.5427362e-06
-3.2447511e-10
1.5425216e-06
-1.8237722e-10
1.5422779e-06
-4.4649617e-11
1.542008e-06
8.8944851e-11
1.5417138e-06
2.1285906e-10
1.5414002e-06
3.2608671e-10
1.5410698e-06
4.270424e-10
1.5407272e-06
5.1632121e-10
1.5403751e-06
5.9309491e-10
1.5400167e-06
6.5941741e-10
1.539653e-06
7.159846e-10
1.5392853e-06
7.6600104e-10
1.5389139e-06
8.0824591e-10
1.5385387e-06
8.4513996e-10
1.5381595e-06
8.8018304e-10
1.5377775e-06
9.0675378e-10
1.5373906e-06
9.318768e-10
1.5369983e-06
9.6395869e-10
1.5366034e-06
9.7701802e-10
1.5361994e-06
1.0044525e-09
1.5357852e-06
1.0468053e-09
1.5353662e-06
1.0553225e-09
1.5349342e-06
1.0858963e-09
1.5344891e-06
1.1279928e-09
1.5340327e-06
1.1524341e-09
1.5335646e-06
1.1804842e-09
1.5330856e-06
1.2064549e-09
1.5325972e-06
1.2258177e-09
1.5321017e-06
1.2414243e-09
1.5316012e-06
1.2480879e-09
1.5310986e-06
1.2470744e-09
1.5305976e-06
1.2360331e-09
1.5301024e-06
1.2141994e-09
1.5296161e-06
1.1814376e-09
1.5291426e-06
1.1366827e-09
1.5286854e-06
1.0801013e-09
1.528248e-06
1.0113612e-09
1.5278335e-06
9.3119912e-10
1.5274453e-06
8.3846574e-10
1.5270864e-06
7.3278006e-10
1.5267586e-06
6.179155e-10
1.5264666e-06
4.8334714e-10
1.5262139e-06
3.4436143e-10
1.5259905e-06
1.8572344e-10
1.5258333e-06
5.5968563e-12
1.5256987e-06
-1.6417623e-10
1.5256158e-06
-3.7733239e-10
1.5256148e-06
-5.9668182e-10
1.5256033e-06
-8.094343e-10
1.5256876e-06
-1.0985399e-09
1.5258831e-06
-1.3617019e-09
1.525997e-06
-1.6474582e-09
1.5262967e-06
-2.0257995e-09
1.5266337e-06
-2.2911602e-09
1.5269648e-06
-2.727504e-09
1.5276084e-06
-3.2660199e-09
1.5282413e-06
-3.5380689e-09
1.5287398e-06
-3.9564103e-09
1.5293471e-06
-4.568288e-09
1.5299573e-06
-4.9147513e-09
1.5305964e-06
-5.3192495e-09
1.5314679e-06
-5.7529848e-09
1.5326413e-06
-6.1464585e-09
1.5340493e-06
-6.4532539e-09
1.5355981e-06
-6.6846799e-09
1.5372304e-06
-6.8397283e-09
1.5389108e-06
-7.0342576e-09
1.5406187e-06
-7.1968591e-09
1.5425388e-06
-7.4501703e-09
1.5443466e-06
-7.7352658e-09
1.546037e-06
-7.7868672e-09
1.5480074e-06
-8.1293732e-09
1.5498975e-06
-8.3644718e-09
1.5517324e-06
-8.3239171e-09
1.5539097e-06
-8.6135228e-09
1.5559819e-06
-8.8019951e-09
1.5580451e-06
-8.8323735e-09
1.5602791e-06
-9.1175596e-09
1.5623922e-06
-9.2366075e-09
1.5645551e-06
-9.3694101e-09
1.5670044e-06
-9.6009365e-09
1.5693381e-06
-9.7319219e-09
1.5715605e-06
-9.8203654e-09
1.5739047e-06
-9.9888031e-09
1.5762253e-06
-1.0078255e-08
1.5787939e-06
-1.0334265e-08
1.5814348e-06
-1.0443961e-08
1.5836877e-06
-1.0156436e-08
1.5859965e-06
-1.0290377e-08
1.588629e-06
-1.0463722e-08
1.5910385e-06
-1.0298586e-08
1.5933836e-06
-1.027539e-08
1.5960628e-06
-1.042971e-08
1.5984488e-06
-1.0196367e-08
1.6006537e-06
-1.007881e-08
1.6032247e-06
-1.0158823e-08
1.6056158e-06
-9.9975308e-09
1.6078769e-06
-9.9744515e-09
1.6103748e-06
-9.9513096e-09
1.6127424e-06
-9.6725046e-09
1.6148932e-06
-9.5246677e-09
1.6171836e-06
-9.580849e-09
1.6192202e-06
-9.3191614e-09
1.6209109e-06
-9.0285273e-09
1.6225231e-06
-8.6680019e-09
1.6242869e-06
-8.5974725e-09
1.6254551e-06
-8.1036102e-09
1.6261021e-06
-7.1705655e-09
1.6269666e-06
-6.951598e-09
1.6271688e-06
-6.2356085e-09
1.6267985e-06
-4.6452349e-09
1.6265996e-06
-3.8314423e-09
1.6257751e-06
-2.9023113e-09
1.6244431e-06
-1.2752395e-09
1.6233515e-06
-2.3148683e-10
1.6218118e-06
9.0268104e-10
1.6199944e-06
2.2692466e-09
1.618091e-06
3.3020062e-09
1.6158309e-06
4.4016399e-09
1.6133321e-06
5.5207527e-09
1.6106237e-06
6.4943473e-09
1.6076497e-06
7.4830719e-09
1.604437e-06
8.4408671e-09
1.6009998e-06
9.3422452e-09
1.597333e-06
1.0230248e-08
1.5934381e-06
1.1091878e-08
1.5893316e-06
1.1916798e-08
1.5850106e-06
1.2728633e-08
1.5804875e-06
1.3514865e-08
1.5757877e-06
1.426363e-08
1.5709111e-06
1.5004107e-08
1.5658733e-06
1.5718671e-08
1.5606985e-06
1.6391702e-08
1.5553901e-06
1.7044573e-08
1.5499635e-06
1.7669543e-08
1.5444325e-06
1.8267075e-08
1.5387997e-06
1.8841254e-08
1.5330741e-06
1.9389375e-08
1.5272634e-06
1.9914146e-08
1.5213698e-06
2.0414707e-08
1.5154055e-06
2.0884358e-08
1.5093806e-06
2.1324147e-08
1.5032966e-06
2.1738647e-08
1.4971562e-06
2.2132151e-08
1.4909672e-06
2.2501368e-08
1.4847254e-06
2.2862814e-08
1.4784308e-06
2.3211931e-08
1.472096e-06
2.3531472e-08
1.4657318e-06
2.3817329e-08
1.4593365e-06
2.4084337e-08
1.4529163e-06
2.432966e-08
1.4464762e-06
2.4558433e-08
1.4400182e-06
2.4763789e-08
1.4335464e-06
2.4949131e-08
1.4270627e-06
2.511988e-08
1.4205686e-06
2.5267404e-08
1.4140668e-06
2.5391659e-08
1.407564e-06
2.5490599e-08
1.4010659e-06
2.5563327e-08
1.3945761e-06
2.5611711e-08
1.3880979e-06
2.563609e-08
1.3816345e-06
2.5634376e-08
1.375191e-06
2.5601592e-08
1.3687741e-06
2.5531707e-08
1.3623932e-06
2.5417073e-08
1.3560598e-06
2.5251497e-08
1.3497849e-06
2.5033774e-08
1.3435788e-06
2.4764512e-08
1.337452e-06
2.444256e-08
1.3314162e-06
2.4067234e-08
1.3254822e-06
2.3641944e-08
1.3196603e-06
2.3170936e-08
1.3139588e-06
2.2659235e-08
1.308384e-06
2.2115433e-08
1.3029389e-06
2.1548185e-08
1.2976247e-06
2.0964186e-08
1.2924419e-06
2.0369749e-08
1.2873888e-06
1.977265e-08
1.2824611e-06
1.9178372e-08
1.2776556e-06
1.8587175e-08
1.2729706e-06
1.7999711e-08
1.2684038e-06
1.7415476e-08
1.2639535e-06
1.6832479e-08
1.2596179e-06
1.6252366e-08
1.2553978e-06
1.5664746e-08
1.2513044e-06
1.5071564e-08
1.2473199e-06
1.4499996e-08
1.2434283e-06
1.3919893e-08
1.2396987e-06
1.3269206e-08
1.2361145e-06
1.2692642e-08
1.2325228e-06
1.2186865e-08
1.2291221e-06
1.1391796e-08
1.2260623e-06
1.0711574e-08
1.2228042e-06
1.0373248e-08
1.2196164e-06
9.4464445e-09
1.2171399e-06
8.5044629e-09
1.2144827e-06
8.1493705e-09
1.2115655e-06
7.1601152e-09
1.2094636e-06
5.7885705e-09
1.2073206e-06
5.1996363e-09
1.204708e-06
4.2896708e-09
1.2028142e-06
2.7680049e-09
1.2011235e-06
1.8586594e-09
1.1991476e-06
9.4897157e-10
1.1970591e-06
-1.7725732e-10
1.1954469e-06
-1.5632335e-09
1.1944064e-06
-2.6521141e-09
1.1939124e-06
-3.446452e-09
1.1938343e-06
-4.0205523e-09
1.1939312e-06
-4.3664872e-09
1.1940072e-06
-4.3679167e-09
1.1945749e-06
-4.8191753e-09
1.1949084e-06
-4.9776614e-09
1.1951636e-06
-4.9006936e-09
1.1961152e-06
-5.5828853e-09
1.1968317e-06
-5.8554521e-09
1.1974719e-06
-6.0580572e-09
1.1985992e-06
-6.6903656e-09
1.1998654e-06
-7.1844961e-09
1.2011864e-06
-7.6466979e-09
1.2026822e-06
-8.1978895e-09
1.2044115e-06
-8.8095859e-09
1.2063504e-06
-9.4358152e-09
1.2085174e-06
-1.006596e-08
1.210874e-06
-1.0696983e-08
1.2134446e-06
-1.1347756e-08
1.2162541e-06
-1.2045652e-08
1.2193262e-06
-1.2767765e-08
1.222666e-06
-1.3516586e-08
1.2262771e-06
-1.4277084e-08
1.2301632e-06
-1.5055686e-08
1.2343314e-06
-1.5843745e-08
1.238791e-06
-1.6645737e-08
1.2435531e-06
-1.7455957e-08
1.2486296e-06
-1.8275963e-08
1.2540313e-06
-1.910092e-08
1.2597678e-06
-1.9930035e-08
1.2658468e-06
-2.0758282e-08
1.2722758e-06
-2.1582376e-08
1.2790596e-06
-2.2396419e-08
1.286199e-06
-2.3194963e-08
1.2936916e-06
-2.3972313e-08
1.301534e-06
-2.4724483e-08
1.3097193e-06
-2.5444757e-08
1.3182368e-06
-2.6127623e-08
1.3270714e-06
-2.6766257e-08
1.3362035e-06
-2.735342e-08
1.3456105e-06
-2.7883311e-08
1.355266e-06
-2.8351035e-08
1.3651422e-06
-2.8754145e-08
1.3752054e-06
-2.9083548e-08
1.3854181e-06
-2.9332777e-08
1.3957415e-06
-2.9498548e-08
1.4061356e-06
-2.9580639e-08
1.4165588e-06
-2.9578892e-08
1.4269644e-06
-2.9482292e-08
1.4373015e-06
-2.9282176e-08
1.447522e-06
-2.898034e-08
1.457583e-06
-2.858126e-08
1.4674376e-06
-2.8079503e-08
1.4770428e-06
-2.7480829e-08
1.4863712e-06
-2.6803451e-08
1.4953681e-06
-2.6015929e-08
1.5040055e-06
-2.5118837e-08
1.512242e-06
-2.4129447e-08
1.5200436e-06
-2.3047675e-08
1.527398e-06
-2.1895101e-08
1.5342467e-06
-2.0636358e-08
1.54058e-06
-1.9300339e-08
1.5463872e-06
-1.7906722e-08
1.5516382e-06
-1.640046e-08
1.5562714e-06
-1.4843095e-08
1.5603077e-06
-1.3316396e-08
1.56371e-06
-1.1631879e-08
1.5666024e-06
-1.0084333e-08
1.5685723e-06
-8.7122913e-09
1.5699246e-06
-7.0126283e-09
1.5708648e-06
-5.4674527e-09
1.571158e-06
-3.8459662e-09
1.5705928e-06
-1.9255082e-09
1.5695602e-06
1.9019675e-10
1.5681885e-06
2.3049922e-09
1.5662137e-06
4.4878297e-09
1.5637345e-06
6.7062276e-09
1.5607657e-06
8.8340877e-09
1.5572701e-06
1.0914921e-08
1.5533003e-06
1.2941508e-08
1.5488724e-06
1.4902431e-08
1.543992e-06
1.6804858e-08
1.5386747e-06
1.8630126e-08
1.5329421e-06
2.0366211e-08
1.5268292e-06
2.2020688e-08
1.5203605e-06
2.3604751e-08
1.5135639e-06
2.5112863e-08
1.5064722e-06
2.652587e-08
1.4991302e-06
2.7847027e-08
1.4915713e-06
2.9063492e-08
1.4838259e-06
3.0212661e-08
1.475904e-06
3.1258765e-08
1.4678351e-06
3.2259948e-08
1.4596461e-06
3.3089689e-08
1.4513736e-06
3.3918714e-08
1.4430173e-06
3.4526465e-08
1.4346195e-06
3.5218661e-08
1.426154e-06
3.5593854e-08
1.417703e-06
3.6129373e-08
1.4091964e-06
3.6236359e-08
1.4007618e-06
3.6530663e-08
1.3924284e-06
3.6284257e-08
3.6763029e-08
1.208968e-06
-1.1125274e-09
1.2095353e-06
-2.8079503e-09
1.2104807e-06
-4.7386686e-09
1.2116896e-06
-6.2095848e-09
1.21313e-06
-7.5826549e-09
1.2147416e-06
-8.7186161e-09
1.2164698e-06
-9.6055275e-09
1.2182675e-06
-1.0289635e-08
1.2201039e-06
-1.0788014e-08
1.221948e-06
-1.1125228e-08
1.2237866e-06
-1.1336219e-08
1.2255952e-06
-1.1434978e-08
1.2273812e-06
-1.1461438e-08
1.2291335e-06
-1.1423376e-08
1.2308492e-06
-1.1337901e-08
1.2325284e-06
-1.1219174e-08
1.2341714e-06
-1.1076267e-08
1.2357793e-06
-1.0917043e-08
1.2373532e-06
-1.0747562e-08
1.2388945e-06
-1.0571915e-08
1.2404049e-06
-1.0394382e-08
1.2418856e-06
-1.0216376e-08
1.2433388e-06
-1.0041209e-08
1.2447652e-06
-9.8685851e-09
1.2461662e-06
-9.7002384e-09
1.2475431e-06
-9.5369956e-09
1.2488977e-06
-9.3795496e-09
1.2502313e-06
-9.2277914e-09
1.251545e-06
-9.0818393e-09
1.2528397e-06
-8.9411305e-09
1.2541167e-06
-8.8061798e-09
1.2553767e-06
-8.6763743e-09
1.2566205e-06
-8.5509964e-09
1.2578491e-06
-8.4313783e-09
1.2590634e-06
-8.3161602e-09
1.2602642e-06
-8.2063369e-09
1.2614518e-06
-8.1001299e-09
1.2626276e-06
-7.9993074e-09
1.2637918e-06
-7.902178e-09
1.2649464e-06
-7.8104159e-09
1.2660912e-06
-7.7220537e-09
1.2672267e-06
-7.6362836e-09
1.2683535e-06
-7.554398e-09
1.269472e-06
-7.4745738e-09
1.2705832e-06
-7.3990498e-09
1.2716869e-06
-7.3253168e-09
1.2727843e-06
-7.2552568e-09
1.2738754e-06
-7.1878152e-09
1.2749607e-06
-7.1227202e-09
1.2760412e-06
-7.0604886e-09
1.2771171e-06
-7.0006165e-09
1.2781897e-06
-6.943718e-09
1.2792589e-06
-6.887952e-09
1.2803256e-06
-6.8357124e-09
1.2813893e-06
-6.7844104e-09
1.2824505e-06
-6.7360202e-09
1.2835119e-06
-6.6926114e-09
1.2845737e-06
-6.6515118e-09
1.2856346e-06
-6.6096475e-09
1.2866937e-06
-6.5670904e-09
1.2877513e-06
-6.5262342e-09
1.2888082e-06
-6.4873902e-09
1.2898645e-06
-6.4502159e-09
1.2909203e-06
-6.4145174e-09
1.2919763e-06
-6.3803713e-09
1.293032e-06
-6.3475896e-09
1.2940883e-06
-6.3157248e-09
1.2951444e-06
-6.2859895e-09
1.2962017e-06
-6.2555081e-09
1.2972592e-06
-6.2293215e-09
1.2983174e-06
-6.1985506e-09
1.299376e-06
-6.1757413e-09
1.3004324e-06
-6.1423253e-09
1.3014896e-06
-6.1236056e-09
1.3025465e-06
-6.0952448e-09
1.3036213e-06
-6.0978111e-09
1.3046868e-06
-6.0688508e-09
1.3057539e-06
-6.0530514e-09
1.3068173e-06
-6.0170615e-09
1.307885e-06
-6.0062191e-09
1.308954e-06
-5.9868071e-09
1.3100224e-06
-5.9635368e-09
1.3110936e-06
-5.9478276e-09
1.3121685e-06
-5.933769e-09
1.3132412e-06
-5.9155489e-09
1.3143218e-06
-5.9028156e-09
1.3153963e-06
-5.8852487e-09
1.3164798e-06
-5.8739449e-09
1.317562e-06
-5.8593304e-09
1.318641e-06
-5.8442144e-09
1.3197349e-06
-5.8370828e-09
1.3208162e-06
-5.8194303e-09
1.3219015e-06
-5.8075531e-09
1.3230122e-06
-5.8082783e-09
1.3240905e-06
-5.7809451e-09
1.3251869e-06
-5.7801119e-09
1.3263229e-06
-5.7808545e-09
1.3274006e-06
-5.752844e-09
1.3284365e-06
-5.7155138e-09
1.3294711e-06
-5.705235e-09
1.3305191e-06
-5.7043197e-09
1.331556e-06
-5.6920153e-09
1.3326351e-06
-5.70087e-09
1.3337072e-06
-5.6893144e-09
1.3347693e-06
-5.674246e-09
1.3358762e-06
-5.6877281e-09
1.3370165e-06
-5.6911582e-09
1.3381388e-06
-5.6851244e-09
1.3392553e-06
-5.6666987e-09
1.3403839e-06
-5.673265e-09
1.3415059e-06
-5.6617329e-09
1.3426306e-06
-5.6465534e-09
1.3437408e-06
-5.6556728e-09
1.3448477e-06
-5.623741e-09
1.3459607e-06
-5.6291167e-09
1.3470809e-06
-5.6284706e-09
1.3481999e-06
-5.6123399e-09
1.3493109e-06
-5.6367373e-09
1.3504291e-06
-5.6089937e-09
1.3515463e-06
-5.5940554e-09
1.3526635e-06
-5.5801155e-09
1.3537808e-06
-5.552093e-09
1.354904e-06
-5.5718195e-09
1.35603e-06
-5.5586278e-09
1.3571496e-06
-5.5340417e-09
1.3582513e-06
-5.563233e-09
1.3593453e-06
-5.5871117e-09
1.3604623e-06
-5.5505418e-09
1.3615762e-06
-5.5191469e-09
1.3626846e-06
-5.499512e-09
1.3637842e-06
-5.5002078e-09
1.3648851e-06
-5.5116933e-09
1.3659995e-06
-5.5068705e-09
1.3671045e-06
-5.5039564e-09
1.3682055e-06
-5.5074052e-09
1.3693016e-06
-5.5098335e-09
1.3703975e-06
-5.5092086e-09
1.3715e-06
-5.4970899e-09
1.3725986e-06
-5.4904885e-09
1.3737199e-06
-5.4897913e-09
1.3748256e-06
-5.4950737e-09
1.3759087e-06
-5.4964873e-09
1.3770038e-06
-5.4887854e-09
1.3781061e-06
-5.4613993e-09
1.3792174e-06
-5.4610836e-09
1.3803399e-06
-5.4605449e-09
1.3814626e-06
-5.4422409e-09
1.3825665e-06
-5.4574096e-09
1.3836534e-06
-5.4774807e-09
1.3847636e-06
-5.4647478e-09
1.3858855e-06
-5.4572915e-09
1.3869902e-06
-5.4622533e-09
1.3880848e-06
-5.4603162e-09
1.3891655e-06
-5.4629496e-09
1.3902492e-06
-5.4539453e-09
1.3913515e-06
-5.4238458e-09
1.392448e-06
-5.3966374e-09
1.3935446e-06
-5.372415e-09
1.3946424e-06
-5.3502061e-09
1.3957329e-06
-5.3322444e-09
1.3968248e-06
-5.3216724e-09
1.3979107e-06
-5.3262537e-09
1.3990054e-06
-5.3223017e-09
1.4000949e-06
-5.3146185e-09
1.4011848e-06
-5.3084062e-09
1.4022874e-06
-5.3027338e-09
1.4033828e-06
-5.3048006e-09
1.4044613e-06
-5.3032578e-09
1.4055311e-06
-5.287458e-09
1.4066062e-06
-5.2685616e-09
1.4076873e-06
-5.2587947e-09
1.4087587e-06
-5.2555609e-09
1.4098197e-06
-5.2510694e-09
1.4108784e-06
-5.2411964e-09
1.4119391e-06
-5.2348339e-09
1.4130099e-06
-5.2296558e-09
1.4140887e-06
-5.2174989e-09
1.4151535e-06
-5.2086175e-09
1.4162149e-06
-5.205139e-09
1.4172908e-06
-5.1927969e-09
1.4183432e-06
-5.1818128e-09
1.4193812e-06
-5.1704809e-09
1.4204336e-06
-5.1545079e-09
1.4214886e-06
-5.1325673e-09
1.4225308e-06
-5.1235314e-09
1.4235661e-06
-5.119599e-09
1.4246037e-06
-5.1004792e-09
1.4256359e-06
-5.0840092e-09
1.4266696e-06
-5.0633715e-09
1.4277092e-06
-5.0404547e-09
1.42875e-06
-5.0226077e-09
1.4297753e-06
-5.0054449e-09
1.4307885e-06
-4.9891167e-09
1.4318074e-06
-4.9653237e-09
1.4328325e-06
-4.9456221e-09
1.4338652e-06
-4.9175286e-09
1.4348936e-06
-4.886997e-09
1.4359086e-06
-4.8690709e-09
1.4369417e-06
-4.8479438e-09
1.437975e-06
-4.8226543e-09
1.4389926e-06
-4.794658e-09
1.4400207e-06
-4.7749427e-09
1.4410494e-06
-4.7619042e-09
1.4420485e-06
-4.7439199e-09
1.4430368e-06
-4.7306705e-09
1.44405e-06
-4.7067426e-09
1.4450698e-06
-4.674475e-09
1.4460951e-06
-4.6513855e-09
1.4471387e-06
-4.6381721e-09
1.4481742e-06
-4.6420294e-09
1.4491922e-06
-4.6507953e-09
1.4502147e-06
-4.6570374e-09
1.4512296e-06
-4.6700768e-09
1.4522305e-06
-4.687553e-09
1.4532244e-06
-4.6982156e-09
1.4542069e-06
-4.7018847e-09
1.4551874e-06
-4.6942521e-09
1.4561699e-06
-4.6836575e-09
1.4571404e-06
-4.669805e-09
1.4581054e-06
-4.6529469e-09
1.4590839e-06
-4.6390998e-09
1.4600631e-06
-4.62942e-09
1.461028e-06
-4.6201705e-09
1.4619875e-06
-4.6170605e-09
1.4629479e-06
-4.6160618e-09
1.4639045e-06
-4.608868e-09
1.4648665e-06
-4.5922603e-09
1.465832e-06
-4.5839776e-09
1.4668038e-06
-4.5819077e-09
1.4677791e-06
-4.5803916e-09
1.4687431e-06
-4.5778563e-09
1.4697021e-06
-4.5763442e-09
1.4706668e-06
-4.5779114e-09
1.4716274e-06
-4.5820365e-09
1.472568e-06
-4.5940802e-09
1.4734908e-06
-4.6040141e-09
1.4744017e-06
-4.6031992e-09
1.4752999e-06
-4.5972754e-09
1.4761878e-06
-4.589781e-09
1.4770773e-06
-4.578578e-09
1.4779688e-06
-4.5711128e-09
1.4788485e-06
-4.564281e-09
1.4797077e-06
-4.5595545e-09
1.4805708e-06
-4.5589688e-09
1.4814419e-06
-4.5496154e-09
1.4823045e-06
-4.5369895e-09
1.483175e-06
-4.5270241e-09
1.4840632e-06
-4.5220108e-09
1.4849446e-06
-4.5116497e-09
1.485822e-06
-4.5024411e-09
1.4867132e-06
-4.5015782e-09
1.4876033e-06
-4.500226e-09
1.4884826e-06
-4.4902655e-09
1.4893736e-06
-4.4825872e-09
1.490265e-06
-4.4814552e-09
1.491136e-06
-4.4783208e-09
1.492002e-06
-4.4758424e-09
1.4928647e-06
-4.4762589e-09
1.4937235e-06
-4.4672372e-09
1.4945781e-06
-4.4603019e-09
1.4954286e-06
-4.4574624e-09
1.4962816e-06
-4.4441708e-09
1.4971338e-06
-4.4396105e-09
1.497987e-06
-4.439952e-09
1.498826e-06
-4.4399573e-09
1.4996669e-06
-4.440309e-09
1.5005203e-06
-4.4477462e-09
1.5013603e-06
-4.4503503e-09
1.5021914e-06
-4.4549817e-09
1.5030433e-06
-4.4565542e-09
1.5038938e-06
-4.4675197e-09
1.5047276e-06
-4.4761896e-09
1.5055671e-06
-4.4730388e-09
1.5064148e-06
-4.4854565e-09
1.5072625e-06
-4.4937325e-09
1.5080981e-06
-4.4879607e-09
1.5089375e-06
-4.4843786e-09
1.5097831e-06
-4.4914326e-09
1.5106128e-06
-4.4946922e-09
1.5114356e-06
-4.4881157e-09
1.5122754e-06
-4.496878e-09
1.5131088e-06
-4.5070956e-09
1.5139138e-06
-4.5043329e-09
1.5147289e-06
-4.502283e-09
1.5155548e-06
-4.5136019e-09
1.5163561e-06
-4.5127306e-09
1.5171584e-06
-4.5061226e-09
1.5179812e-06
-4.5111865e-09
1.5187858e-06
-4.5065383e-09
1.5195752e-06
-4.5015427e-09
1.5203846e-06
-4.5031783e-09
1.5211815e-06
-4.5028901e-09
1.5219437e-06
-4.4885429e-09
1.5227189e-06
-4.4693822e-09
1.5235043e-06
-4.4593462e-09
1.5242726e-06
-4.4277599e-09
1.525029e-06
-4.3871e-09
1.5257939e-06
-4.3639381e-09
1.5265634e-06
-4.3509392e-09
1.527299e-06
-4.3246247e-09
1.528029e-06
-4.2955639e-09
1.5287776e-06
-4.2787156e-09
1.5295125e-06
-4.2581232e-09
1.5302211e-06
-4.2376884e-09
1.5309345e-06
-4.2255435e-09
1.5316498e-06
-4.2212385e-09
1.5323405e-06
-4.2070893e-09
1.5330256e-06
-4.1899577e-09
1.5337317e-06
-4.1778563e-09
1.5344256e-06
-4.1589714e-09
1.5350964e-06
-4.1398027e-09
1.5357751e-06
-4.1181707e-09
1.5364576e-06
-4.1138826e-09
1.5371271e-06
-4.1026826e-09
1.5377832e-06
-4.0774761e-09
1.5384434e-06
-4.0679642e-09
1.5391289e-06
-4.0661745e-09
1.5397941e-06
-4.0657913e-09
1.5404362e-06
-4.0507899e-09
1.5411047e-06
-4.0530197e-09
1.5418121e-06
-4.075436e-09
1.542496e-06
-4.0794967e-09
1.5431583e-06
-4.0830392e-09
1.5438659e-06
-4.1086574e-09
1.5445861e-06
-4.1412482e-09
1.5452714e-06
-4.1447028e-09
1.5459786e-06
-4.1574855e-09
1.5467318e-06
-4.1979917e-09
1.5474509e-06
-4.1978319e-09
1.5481474e-06
-4.1836499e-09
1.5489092e-06
-4.1985069e-09
1.549659e-06
-4.2098653e-09
1.5503434e-06
-4.174026e-09
1.5510666e-06
-4.1694679e-09
1.551832e-06
-4.186774e-09
1.5525297e-06
-4.1404684e-09
1.5531996e-06
-4.1002046e-09
1.5539235e-06
-4.0959556e-09
1.5546128e-06
-4.0949137e-09
1.5552282e-06
-4.0398835e-09
1.5558471e-06
-4.0136481e-09
1.5565151e-06
-4.0107708e-09
1.5571216e-06
-3.9731942e-09
1.5576808e-06
-3.9137791e-09
1.5582752e-06
-3.8835202e-09
1.5589052e-06
-3.862215e-09
1.5594613e-06
-3.7956496e-09
1.5599874e-06
-3.7475121e-09
1.5605629e-06
-3.7347467e-09
1.5611465e-06
-3.7254879e-09
1.5616546e-06
-3.6721524e-09
1.5621513e-06
-3.6475432e-09
1.5626997e-06
-3.6524628e-09
1.5632203e-06
-3.6501064e-09
1.563689e-06
-3.6129753e-09
1.5641667e-06
-3.5859036e-09
1.5646625e-06
-3.5860594e-09
1.5651254e-06
-3.5706429e-09
1.5655777e-06
-3.531913e-09
1.5660402e-06
-3.5193115e-09
1.5664841e-06
-3.5153653e-09
1.5669243e-06
-3.4888208e-09
1.5673827e-06
-3.4708254e-09
1.5678407e-06
-3.4605296e-09
1.5682742e-06
-3.4395802e-09
1.5687166e-06
-3.4196934e-09
1.5691782e-06
-3.4180334e-09
1.5696251e-06
-3.4118042e-09
1.5700337e-06
-3.3864387e-09
1.570453e-06
-3.3631795e-09
1.5709163e-06
-3.3725609e-09
1.571363e-06
-3.3783696e-09
1.5717605e-06
-3.3368024e-09
1.5721732e-06
-3.2964604e-09
1.572644e-06
-3.3094874e-09
1.5730693e-06
-3.2962379e-09
1.573449e-06
-3.2408116e-09
1.5738717e-06
-3.2270098e-09
1.5743204e-06
-3.22978e-09
1.5747042e-06
-3.1772429e-09
1.5750783e-06
-3.1130218e-09
1.5754752e-06
-3.086253e-09
1.5758441e-06
-3.0500722e-09
1.5761562e-06
-2.9851184e-09
1.5764715e-06
-2.9442804e-09
1.5767997e-06
-2.9249563e-09
1.5770923e-06
-2.8876883e-09
1.5773385e-06
-2.8324507e-09
1.5775822e-06
-2.7894638e-09
1.5778233e-06
-2.74694e-09
1.5780385e-06
-2.6923117e-09
1.5782172e-06
-2.6203386e-09
1.5783765e-06
-2.5437532e-09
1.5785272e-06
-2.4710327e-09
1.5786576e-06
-2.3906983e-09
1.5787597e-06
-2.301781e-09
1.578839e-06
-2.2039588e-09
1.5788971e-06
-2.1035631e-09
1.5789369e-06
-2.0051316e-09
1.578956e-06
-1.904195e-09
1.5789561e-06
-1.799533e-09
1.5789357e-06
-1.6894393e-09
1.5788951e-06
-1.5715882e-09
1.5788327e-06
-1.4472978e-09
1.5787467e-06
-1.3146138e-09
1.5786361e-06
-1.1769692e-09
1.5784967e-06
-1.0288144e-09
1.5783262e-06
-8.7000407e-10
1.5781217e-06
-7.0472606e-10
1.5778846e-06
-5.3584204e-10
1.5776138e-06
-3.6764503e-10
1.5773089e-06
-1.9687629e-10
1.576969e-06
-2.9119818e-11
1.5765978e-06
1.3188206e-10
1.5761994e-06
2.8059022e-10
1.5757798e-06
4.1438053e-10
1.5753433e-06
5.3374194e-10
1.5748956e-06
6.3733818e-10
1.574441e-06
7.2566442e-10
1.5739827e-06
8.0121598e-10
1.5735212e-06
8.6680574e-10
1.5730567e-06
9.252008e-10
1.5725891e-06
9.752199e-10
1.5721173e-06
1.0201999e-09
1.5716411e-06
1.0625065e-09
1.5711623e-06
1.0940364e-09
1.5706783e-06
1.1254997e-09
1.5701901e-06
1.1626708e-09
1.5696994e-06
1.1783574e-09
1.5691986e-06
1.21423e-09
1.5686871e-06
1.2654913e-09
1.56817e-06
1.2771526e-09
1.5676371e-06
1.3193677e-09
1.5670887e-06
1.3725918e-09
1.5665265e-06
1.4062311e-09
1.5659495e-06
1.4445898e-09
1.5653596e-06
1.4793136e-09
1.5647581e-06
1.5068382e-09
1.5641487e-06
1.5280701e-09
1.563534e-06
1.5391608e-09
1.5629172e-06
1.5407888e-09
1.5623029e-06
1.5297661e-09
1.5616951e-06
1.5058146e-09
1.5610988e-06
1.4678934e-09
1.5605186e-06
1.415343e-09
1.5599591e-06
1.3479768e-09
1.5594234e-06
1.2670665e-09
1.5589158e-06
1.171844e-09
1.558439e-06
1.0629853e-09
1.5579962e-06
9.3898489e-10
1.5575921e-06
8.0229379e-10
1.5572231e-06
6.5053563e-10
1.5569032e-06
4.8105564e-10
1.5566256e-06
2.9988856e-10
1.5563925e-06
9.5624841e-11
1.5562284e-06
-1.2219514e-10
1.5560964e-06
-3.4524561e-10
1.5560325e-06
-6.0973759e-10
1.5560469e-06
-8.7660013e-10
1.5560757e-06
-1.1548069e-09
1.5562116e-06
-1.4978081e-09
1.5564186e-06
-1.8253425e-09
1.5566443e-06
-2.1912481e-09
1.5570648e-06
-2.6181901e-09
1.5574894e-06
-3.0232092e-09
1.5578402e-06
-3.4535632e-09
1.5584627e-06
-3.961599e-09
1.5591363e-06
-4.3947783e-09
1.5596782e-06
-4.8404099e-09
1.5604627e-06
-5.3969846e-09
1.5612999e-06
-5.8234644e-09
1.5621506e-06
-6.2378502e-09
1.5632392e-06
-6.8288681e-09
1.5644029e-06
-7.1769817e-09
1.5657547e-06
-7.5615336e-09
1.5673569e-06
-7.9224196e-09
1.5692755e-06
-8.3917078e-09
1.5714407e-06
-8.7741903e-09
1.5735339e-06
-8.933899e-09
1.5755731e-06
-9.138184e-09
1.5778753e-06
-9.4325312e-09
1.5800098e-06
-9.5972785e-09
1.582082e-06
-9.7574304e-09
1.5847047e-06
-1.0249359e-08
1.5872082e-06
-1.0401453e-08
1.5895966e-06
-1.0459981e-08
1.5923312e-06
-1.0820386e-08
1.5949012e-06
-1.0922881e-08
1.5973895e-06
-1.0941456e-08
1.600134e-06
-1.1317069e-08
1.6028081e-06
-1.1473528e-08
1.6054408e-06
-1.1557578e-08
1.6082188e-06
-1.1782978e-08
1.6110192e-06
-1.1965498e-08
1.6140132e-06
-1.2242805e-08
1.6167168e-06
-1.2206345e-08
1.619354e-06
-1.2249663e-08
1.6225429e-06
-1.2517304e-08
1.6254953e-06
-1.2424714e-08
1.628236e-06
-1.2399642e-08
1.631256e-06
-1.2526179e-08
1.6342092e-06
-1.244869e-08
1.6369391e-06
-1.2392263e-08
1.6398665e-06
-1.2370089e-08
1.6426659e-06
-1.2144822e-08
1.6452798e-06
-1.2066101e-08
1.6480637e-06
-1.2101796e-08
1.6506812e-06
-1.1944803e-08
1.6531859e-06
-1.1856618e-08
1.6557773e-06
-1.1717985e-08
1.6581117e-06
-1.1364196e-08
1.6601752e-06
-1.120124e-08
1.6622665e-06
-1.1040489e-08
1.6640485e-06
-1.0530924e-08
1.6657399e-06
-1.0177375e-08
1.6671614e-06
-9.9634998e-09
1.6677659e-06
-8.7923362e-09
1.6682629e-06
-7.9107978e-09
1.6684348e-06
-7.509299e-09
1.6677571e-06
-6.1238166e-09
1.6670779e-06
-4.8386175e-09
1.6662674e-06
-3.9856585e-09
1.6647381e-06
-2.5070608e-09
1.6632737e-06
-1.1396875e-09
1.6615034e-06
1.9024338e-11
1.6592363e-06
1.4635502e-09
1.6568687e-06
2.7532288e-09
1.654169e-06
3.950372e-09
1.6511017e-06
5.2576881e-09
1.6478279e-06
6.4331886e-09
1.6442529e-06
7.5668782e-09
1.6403786e-06
8.7229757e-09
1.636268e-06
9.7941841e-09
1.6318975e-06
1.0841244e-08
1.6272646e-06
1.1886062e-08
1.6224149e-06
1.2867601e-08
1.6173379e-06
1.3831885e-08
1.6120411e-06
1.4785354e-08
1.6065747e-06
1.5672984e-08
1.6009159e-06
1.6556163e-08
1.5950895e-06
1.7416033e-08
1.5891519e-06
1.820283e-08
1.5830625e-06
1.8997604e-08
1.5768488e-06
1.9752158e-08
1.5705654e-06
2.0429318e-08
1.5641652e-06
2.1131242e-08
1.5576538e-06
2.1809433e-08
1.5510681e-06
2.2428913e-08
1.5444026e-06
2.3034413e-08
1.5376675e-06
2.3610053e-08
1.5308721e-06
2.4149576e-08
1.5240097e-06
2.4670099e-08
1.5171192e-06
2.5129514e-08
1.5102025e-06
2.5568545e-08
1.5032528e-06
2.5991272e-08
1.4962917e-06
2.6385606e-08
1.4893202e-06
2.6767525e-08
1.4823123e-06
2.7146718e-08
1.4752761e-06
2.7485132e-08
1.4682468e-06
2.7770076e-08
1.4612134e-06
2.8044123e-08
1.454152e-06
2.8325737e-08
1.4470814e-06
2.8566038e-08
1.4400168e-06
2.8771606e-08
1.4329389e-06
2.8982736e-08
1.4258634e-06
2.9156525e-08
1.4188101e-06
2.9288377e-08
1.4117747e-06
2.9400042e-08
1.4047599e-06
2.9483557e-08
1.3977727e-06
2.9536284e-08
1.3908141e-06
2.9564077e-08
1.3838851e-06
2.9565169e-08
1.3769882e-06
2.9533537e-08
1.3701281e-06
2.9460916e-08
1.363314e-06
2.9336164e-08
1.3565582e-06
2.914995e-08
1.3498731e-06
2.8901127e-08
1.3432705e-06
2.8590918e-08
1.3367633e-06
2.8217029e-08
1.3303658e-06
2.7777137e-08
1.3240916e-06
2.727527e-08
1.3179515e-06
2.6717731e-08
1.3119543e-06
2.6111575e-08
1.3061052e-06
2.5468297e-08
1.3004088e-06
2.4796765e-08
1.2948653e-06
2.4107599e-08
1.2894699e-06
2.3411923e-08
1.2842227e-06
2.2712215e-08
1.2791205e-06
2.2017278e-08
1.2741499e-06
2.1337736e-08
1.2693089e-06
2.0662681e-08
1.2646042e-06
1.9983668e-08
1.2600275e-06
1.9313482e-08
1.2555689e-06
1.8655616e-08
1.2512332e-06
1.7985587e-08
1.2470398e-06
1.7290529e-08
1.2429887e-06
1.66172e-08
1.2390151e-06
1.6001149e-08
1.2351508e-06
1.5283983e-08
1.2315521e-06
1.4484792e-08
1.2280335e-06
1.3944438e-08
1.2244083e-06
1.3303656e-08
1.2212287e-06
1.2226175e-08
1.2183317e-06
1.1656851e-08
1.2150043e-06
1.1216435e-08
1.2121199e-06
9.8898378e-09
1.2098709e-06
8.9625152e-09
1.2071602e-06
8.5024094e-09
1.2044612e-06
7.1891062e-09
1.2025486e-06
5.8867515e-09
1.2005127e-06
5.1771036e-09
1.1980841e-06
4.1264094e-09
1.1962815e-06
2.6725004e-09
1.194697e-06
1.629183e-09
1.1930525e-06
6.4984462e-10
1.1913047e-06
-5.4349591e-10
1.1897252e-06
-1.7068427e-09
1.1886943e-06
-2.9658698e-09
1.1882583e-06
-4.0621404e-09
1.1883836e-06
-4.8687854e-09
1.1890316e-06
-5.2997424e-09
1.1894978e-06
-5.5271649e-09
1.189998e-06
-5.6386926e-09
1.1911378e-06
-6.1050978e-09
1.192077e-06
-6.487642e-09
1.1930411e-06
-6.6886048e-09
1.194503e-06
-7.2901059e-09
1.1959151e-06
-7.7685631e-09
1.1973907e-06
-8.2171261e-09
1.1991088e-06
-8.8073167e-09
1.2011491e-06
-9.5621142e-09
1.2033737e-06
-1.0234998e-08
1.2057926e-06
-1.0927145e-08
1.208427e-06
-1.1639022e-08
1.2113809e-06
-1.2450116e-08
1.2146404e-06
-1.3260913e-08
1.2182041e-06
-1.4111496e-08
1.2220536e-06
-1.4960937e-08
1.2262053e-06
-1.5846027e-08
1.2306645e-06
-1.6739985e-08
1.2354497e-06
-1.7661587e-08
1.2405722e-06
-1.8594158e-08
1.2460492e-06
-1.9547741e-08
1.2518937e-06
-2.0511876e-08
1.2581204e-06
-2.1490103e-08
1.2647414e-06
-2.2475261e-08
1.2717686e-06
-2.3467201e-08
1.2792105e-06
-2.4459073e-08
1.2870734e-06
-2.5447077e-08
1.2953605e-06
-2.6424557e-08
1.3040727e-06
-2.7386148e-08
1.3132052e-06
-2.8323895e-08
1.3227477e-06
-2.9231115e-08
1.3326854e-06
-3.0100343e-08
1.3429997e-06
-3.0925688e-08
1.3536655e-06
-3.1697888e-08
1.3646512e-06
-3.2406646e-08
1.3759204e-06
-3.3044712e-08
1.3874331e-06
-3.3606412e-08
1.3991469e-06
-3.4090342e-08
1.4110095e-06
-3.4480007e-08
1.4229638e-06
-3.4766075e-08
1.4349545e-06
-3.4947571e-08
1.4469266e-06
-3.5025101e-08
1.4588294e-06
-3.5003943e-08
1.4706119e-06
-3.4872962e-08
1.4822184e-06
-3.4617973e-08
1.4935965e-06
-3.4242213e-08
1.5046972e-06
-3.3752884e-08
1.5154622e-06
-3.313195e-08
1.5258399e-06
-3.2388555e-08
1.5357731e-06
-3.1534781e-08
1.5452125e-06
-3.0544888e-08
1.5541212e-06
-2.9426206e-08
1.5624826e-06
-2.8213738e-08
1.5702826e-06
-2.6908089e-08
1.5774826e-06
-2.5503943e-08
1.5840451e-06
-2.3964589e-08
1.5899553e-06
-2.233909e-08
1.595201e-06
-2.0644632e-08
1.5997822e-06
-1.8833447e-08
1.6037435e-06
-1.7025203e-08
1.606913e-06
-1.5086274e-08
1.6094304e-06
-1.3077407e-08
1.6112848e-06
-1.114011e-08
1.6121996e-06
-9.2248031e-09
1.6123737e-06
-7.1773325e-09
1.6120048e-06
-5.2276081e-09
1.610981e-06
-3.2273157e-09
1.6092839e-06
-9.6437924e-10
1.6070195e-06
1.3908874e-09
1.6041622e-06
3.7953356e-09
1.6007216e-06
6.275672e-09
1.5967682e-06
8.7368579e-09
1.5922807e-06
1.1145418e-08
1.587273e-06
1.3510286e-08
1.5817824e-06
1.5800873e-08
1.5758178e-06
1.803402e-08
1.5693878e-06
2.0218742e-08
1.5625077e-06
2.2331398e-08
1.5552415e-06
2.4310412e-08
1.547645e-06
2.6170393e-08
1.5397669e-06
2.7928972e-08
1.531634e-06
2.9602746e-08
1.5232589e-06
3.1186541e-08
1.5146584e-06
3.2678951e-08
1.5058587e-06
3.4056678e-08
1.4968947e-06
3.5347057e-08
1.4877929e-06
3.6521588e-08
1.4785741e-06
3.7643532e-08
1.4692403e-06
3.8604264e-08
1.4598309e-06
3.9535931e-08
1.4503653e-06
4.0237621e-08
1.4408867e-06
4.0990196e-08
1.4313915e-06
4.1439559e-08
1.4219351e-06
4.2002896e-08
1.4124652e-06
4.2200348e-08
1.4031124e-06
4.2463692e-08
1.3938022e-06
4.2264619e-08
4.2629121e-08
1.2090355e-06
-1.411947e-09
1.2097247e-06
-3.4970875e-09
1.2108736e-06
-5.8875735e-09
1.2123177e-06
-7.6537212e-09
1.2140079e-06
-9.2728158e-09
1.2158682e-06
-1.0578922e-08
1.217824e-06
-1.1561375e-08
1.2198274e-06
-1.2293061e-08
1.2218324e-06
-1.2793007e-08
1.2238285e-06
-1.3121266e-08
1.2257804e-06
-1.3288188e-08
1.2276917e-06
-1.3346251e-08
1.2295522e-06
-1.3322016e-08
1.2313659e-06
-1.3236973e-08
1.2331316e-06
-1.3103666e-08
1.2348527e-06
-1.294024e-08
1.2365302e-06
-1.2753775e-08
1.2381671e-06
-1.2553904e-08
1.2397661e-06
-1.2346602e-08
1.2413303e-06
-1.2136176e-08
1.2428623e-06
-1.1926315e-08
1.2443642e-06
-1.1718336e-08
1.2458389e-06
-1.1515932e-08
1.2472876e-06
-1.1317324e-08
1.2487127e-06
-1.1125358e-08
1.2501162e-06
-1.0940441e-08
1.2514995e-06
-1.0762849e-08
1.2528638e-06
-1.0592156e-08
1.2542106e-06
-1.0428648e-08
1.255541e-06
-1.0271555e-08
1.2568576e-06
-1.0122731e-08
1.25816e-06
-9.9788129e-09
1.2594494e-06
-9.8404485e-09
1.2607274e-06
-9.7092965e-09
1.2619942e-06
-9.5829886e-09
1.2632513e-06
-9.4634713e-09
1.2644991e-06
-9.3479704e-09
1.2657395e-06
-9.2396761e-09
1.2669719e-06
-9.1347316e-09
1.2681992e-06
-9.0377021e-09
1.2694229e-06
-8.9457295e-09
1.2706442e-06
-8.8576786e-09
1.2718634e-06
-8.7736622e-09
1.2730805e-06
-8.6917025e-09
1.2742968e-06
-8.615388e-09
1.275512e-06
-8.5405989e-09
1.276728e-06
-8.4712215e-09
1.2779439e-06
-8.4038034e-09
1.2791603e-06
-8.3392133e-09
1.2803785e-06
-8.2787595e-09
1.2815977e-06
-8.2197777e-09
1.2828186e-06
-8.16478e-09
1.2840402e-06
-8.1096183e-09
1.285263e-06
-8.0585782e-09
1.286484e-06
-8.0054758e-09
1.2877096e-06
-7.9616846e-09
1.2889415e-06
-7.9245952e-09
1.2901761e-06
-7.8862663e-09
1.2914119e-06
-7.8455678e-09
1.2926495e-06
-7.8047147e-09
1.293889e-06
-7.7658417e-09
1.2951319e-06
-7.7304674e-09
1.2963776e-06
-7.6960522e-09
1.2976274e-06
-7.6643931e-09
1.2988796e-06
-7.6327082e-09
1.3001363e-06
-7.6045046e-09
1.3013953e-06
-7.5748336e-09
1.3026592e-06
-7.5500464e-09
1.3039252e-06
-7.5217703e-09
1.3051965e-06
-7.5007791e-09
1.3064712e-06
-7.473445e-09
1.3077531e-06
-7.4578868e-09
1.3090409e-06
-7.4303608e-09
1.3103369e-06
-7.4198261e-09
1.3116286e-06
-7.3872415e-09
1.3129079e-06
-7.3773525e-09
1.3141725e-06
-7.3337372e-09
1.3154464e-06
-7.3272282e-09
1.3167486e-06
-7.3195365e-09
1.3180366e-06
-7.2945703e-09
1.3193322e-06
-7.2827508e-09
1.3206421e-06
-7.2737398e-09
1.3219516e-06
-7.2577517e-09
1.3232611e-06
-7.2436008e-09
1.3245745e-06
-7.2294108e-09
1.325891e-06
-7.2197368e-09
1.3272092e-06
-7.2039312e-09
1.3285303e-06
-7.1955428e-09
1.3298523e-06
-7.1817738e-09
1.3311778e-06
-7.1701898e-09
1.3325031e-06
-7.1629227e-09
1.3338304e-06
-7.1473338e-09
1.3351612e-06
-7.1388104e-09
1.3364872e-06
-7.1349553e-09
1.3378172e-06
-7.1117179e-09
1.3391481e-06
-7.1114461e-09
1.3404767e-06
-7.1101431e-09
1.3418089e-06
-7.0858892e-09
1.3431444e-06
-7.052479e-09
1.3444757e-06
-7.0376038e-09
1.3458057e-06
-7.0347501e-09
1.3471409e-06
-7.0269675e-09
1.3484737e-06
-7.0332251e-09
1.349807e-06
-7.0230826e-09
1.3511453e-06
-7.0145525e-09
1.35248e-06
-7.0245583e-09
1.3538125e-06
-7.0252888e-09
1.3551408e-06
-7.0148718e-09
1.3564751e-06
-7.0021748e-09
1.357803e-06
-7.0023565e-09
1.3591318e-06
-6.992003e-09
1.3604689e-06
-6.9846098e-09
1.361794e-06
-6.9818524e-09
1.363135e-06
-6.9654664e-09
1.3644708e-06
-6.9650485e-09
1.3658033e-06
-6.962062e-09
1.3671448e-06
-6.9552417e-09
1.3684603e-06
-6.9537656e-09
1.3697885e-06
-6.938611e-09
1.3711233e-06
-6.9298514e-09
1.3724618e-06
-6.9196857e-09
1.3738132e-06
-6.9050112e-09
1.3751403e-06
-6.9002102e-09
1.3764716e-06
-6.8910531e-09
1.3778201e-06
-6.8837509e-09
1.3791433e-06
-6.8883246e-09
1.3804395e-06
-6.8858852e-09
1.3817552e-06
-6.8691364e-09
1.3830863e-06
-6.8530306e-09
1.3844233e-06
-6.8380195e-09
1.3857546e-06
-6.8325443e-09
1.3870728e-06
-6.8318347e-09
1.3883887e-06
-6.8263644e-09
1.3897011e-06
-6.8214625e-09
1.3910062e-06
-6.8180763e-09
1.3923059e-06
-6.8141697e-09
1.3936044e-06
-6.8108603e-09
1.3949082e-06
-6.8021162e-09
1.3962152e-06
-6.7973458e-09
1.3975218e-06
-6.7955379e-09
1.3988221e-06
-6.7950858e-09
1.4001125e-06
-6.7874328e-09
1.4014055e-06
-6.782781e-09
1.4027112e-06
-6.7685546e-09
1.4040072e-06
-6.7587589e-09
1.4052999e-06
-6.755362e-09
1.4066019e-06
-6.7468879e-09
1.4078898e-06
-6.7486408e-09
1.4091624e-06
-6.7542576e-09
1.410439e-06
-6.7461041e-09
1.4117153e-06
-6.7388028e-09
1.4129851e-06
-6.7377885e-09
1.4142504e-06
-6.73126e-09
1.4155074e-06
-6.7255135e-09
1.4167593e-06
-6.7123613e-09
1.4180183e-06
-6.6904766e-09
1.4192797e-06
-6.6667516e-09
1.4205426e-06
-6.6444272e-09
1.4218059e-06
-6.622062e-09
1.4230712e-06
-6.6043073e-09
1.4243375e-06
-6.5918986e-09
1.4255963e-06
-6.5867107e-09
1.4268545e-06
-6.5809269e-09
1.4281125e-06
-6.5726042e-09
1.4293692e-06
-6.565573e-09
1.4306235e-06
-6.5588908e-09
1.4318669e-06
-6.5526549e-09
1.4331012e-06
-6.5447612e-09
1.4343337e-06
-6.52954e-09
1.4355681e-06
-6.5135928e-09
1.4367993e-06
-6.5004984e-09
1.4380249e-06
-6.4907493e-09
1.4392467e-06
-6.4812338e-09
1.4404683e-06
-6.469163e-09
1.44169e-06
-6.4602887e-09
1.4429099e-06
-6.4519563e-09
1.444128e-06
-6.4381305e-09
1.4453434e-06
-6.4275629e-09
1.4465522e-06
-6.4192163e-09
1.4477576e-06
-6.4051164e-09
1.4489567e-06
-6.3899739e-09
1.4501496e-06
-6.3744103e-09
1.4513409e-06
-6.3584809e-09
1.4525317e-06
-6.3372529e-09
1.4537155e-06
-6.3221561e-09
1.4548898e-06
-6.3094627e-09
1.4560621e-06
-6.2887615e-09
1.4572315e-06
-6.2695369e-09
1.4584001e-06
-6.2485381e-09
1.4595675e-06
-6.2252847e-09
1.4607302e-06
-6.2034524e-09
1.4618883e-06
-6.1820824e-09
1.463044e-06
-6.1630829e-09
1.4642002e-06
-6.138869e-09
1.4653531e-06
-6.1148668e-09
1.4665071e-06
-6.0870371e-09
1.4676654e-06
-6.0593752e-09
1.4688206e-06
-6.0379537e-09
1.469973e-06
-6.0153247e-09
1.4711217e-06
-5.9887881e-09
1.4722694e-06
-5.9631575e-09
1.4734141e-06
-5.943634e-09
1.4745478e-06
-5.9218208e-09
1.475677e-06
-5.8999343e-09
1.4768044e-06
-5.8838459e-09
1.4779342e-06
-5.8602505e-09
1.4790725e-06
-5.8337841e-09
1.4802199e-06
-5.8170495e-09
1.4813703e-06
-5.8044054e-09
1.482512e-06
-5.797713e-09
1.4836489e-06
-5.8000946e-09
1.4847828e-06
-5.8025882e-09
1.4859085e-06
-5.8070051e-09
1.4870232e-06
-5.8143046e-09
1.4881269e-06
-5.8155361e-09
1.4892227e-06
-5.8139258e-09
1.4903152e-06
-5.8062422e-09
1.4914004e-06
-5.7917227e-09
1.4924794e-06
-5.7743654e-09
1.4935591e-06
-5.7601719e-09
1.4946376e-06
-5.746589e-09
1.4957119e-06
-5.7344023e-09
1.4967844e-06
-5.7245497e-09
1.4978534e-06
-5.7185203e-09
1.4989171e-06
-5.7114491e-09
1.4999804e-06
-5.7017413e-09
1.501051e-06
-5.6891061e-09
1.5021239e-06
-5.6794969e-09
1.5031929e-06
-5.670286e-09
1.5042575e-06
-5.6626432e-09
1.5053187e-06
-5.6564935e-09
1.5063752e-06
-5.6518532e-09
1.5074237e-06
-5.648388e-09
1.5084622e-06
-5.6471468e-09
1.5094848e-06
-5.649563e-09
1.5104906e-06
-5.6499738e-09
1.5114863e-06
-5.6460316e-09
1.5124717e-06
-5.6352976e-09
1.5134493e-06
-5.6238649e-09
1.5144245e-06
-5.612665e-09
1.5153945e-06
-5.6014731e-09
1.5163586e-06
-5.5894596e-09
1.5173188e-06
-5.5799774e-09
1.5182748e-06
-5.5730514e-09
1.5192315e-06
-5.5610321e-09
1.520193e-06
-5.5488019e-09
1.5211595e-06
-5.5390781e-09
1.5221267e-06
-5.5300458e-09
1.5230967e-06
-5.5186802e-09
1.5240721e-06
-5.5114353e-09
1.525046e-06
-5.5065978e-09
1.5260136e-06
-5.497633e-09
1.5269839e-06
-5.4903917e-09
1.5279535e-06
-5.4826454e-09
1.5289128e-06
-5.4726903e-09
1.5298663e-06
-5.4655187e-09
1.5308124e-06
-5.4579137e-09
1.531749e-06
-5.4508877e-09
1.5326828e-06
-5.4409304e-09
1.5336105e-06
-5.4295399e-09
1.5345319e-06
-5.4220215e-09
1.5354552e-06
-5.4123057e-09
1.5363768e-06
-5.4074443e-09
1.5372928e-06
-5.4033884e-09
1.538206e-06
-5.4013336e-09
1.5391221e-06
-5.4051297e-09
1.5400352e-06
-5.4096585e-09
1.5409447e-06
-5.4087375e-09
1.5418565e-06
-5.4152069e-09
1.542774e-06
-5.421954e-09
1.5436843e-06
-5.4251394e-09
1.5445926e-06
-5.4318523e-09
1.5455121e-06
-5.4399871e-09
1.5464258e-06
-5.4476477e-09
1.5473298e-06
-5.4480016e-09
1.5482368e-06
-5.4479892e-09
1.5491469e-06
-5.4506173e-09
1.5500463e-06
-5.450183e-09
1.5509358e-06
-5.4467093e-09
1.5518323e-06
-5.450163e-09
1.5527252e-06
-5.4583618e-09
1.5536064e-06
-5.459913e-09
1.5544905e-06
-5.4625247e-09
1.5553786e-06
-5.4658944e-09
1.5562537e-06
-5.4644156e-09
1.5571263e-06
-5.4606022e-09
1.5580065e-06
-5.460675e-09
1.5588822e-06
-5.4603122e-09
1.5597526e-06
-5.4500346e-09
1.5606259e-06
-5.4484337e-09
1.5614937e-06
-5.445675e-09
1.5623491e-06
-5.4345421e-09
1.5632017e-06
-5.4194293e-09
1.5640575e-06
-5.4053291e-09
1.5648973e-06
-5.3807603e-09
1.5657323e-06
-5.3448961e-09
1.5665729e-06
-5.3098748e-09
1.5674086e-06
-5.2807367e-09
1.5682223e-06
-5.2447358e-09
1.5690271e-06
-5.2085856e-09
1.5698339e-06
-5.1808433e-09
1.570631e-06
-5.1545155e-09
1.5714124e-06
-5.1187787e-09
1.5721876e-06
-5.0927826e-09
1.5729583e-06
-5.0762767e-09
1.5737166e-06
-5.0596105e-09
1.5744683e-06
-5.0388476e-09
1.5752219e-06
-5.0238702e-09
1.5759693e-06
-5.0063154e-09
1.5767025e-06
-4.974654e-09
1.5774307e-06
-4.9520619e-09
1.5781615e-06
-4.9348459e-09
1.5788753e-06
-4.9152171e-09
1.5795759e-06
-4.8924811e-09
1.5802819e-06
-4.873637e-09
1.5809889e-06
-4.8657109e-09
1.5816881e-06
-4.8561182e-09
1.5823791e-06
-4.8468189e-09
1.5830823e-06
-4.8423692e-09
1.5837972e-06
-4.8535118e-09
1.5845094e-06
-4.8694648e-09
1.5852227e-06
-4.8702495e-09
1.5859591e-06
-4.8926858e-09
1.5867113e-06
-4.9302309e-09
1.5874498e-06
-4.9460263e-09
1.5881981e-06
-4.9567888e-09
1.5889786e-06
-5.0002256e-09
1.5897524e-06
-5.0329745e-09
1.5905155e-06
-5.0223479e-09
1.5913095e-06
-5.0395172e-09
1.5921153e-06
-5.0658491e-09
1.5928827e-06
-5.0388742e-09
1.5936616e-06
-5.0151598e-09
1.5944558e-06
-5.02807e-09
1.5952071e-06
-5.0065374e-09
1.595944e-06
-4.9516209e-09
1.5967037e-06
-4.9408211e-09
1.5974432e-06
-4.9232534e-09
1.5981193e-06
-4.8658149e-09
1.5987899e-06
-4.8116044e-09
1.5994692e-06
-4.7992237e-09
1.6001103e-06
-4.7627609e-09
1.6007275e-06
-4.7058721e-09
1.6013572e-06
-4.6631099e-09
1.6019775e-06
-4.6271058e-09
1.6025582e-06
-4.5691562e-09
1.6031354e-06
-4.5013477e-09
1.6037262e-06
-4.4689439e-09
1.6043002e-06
-4.4409245e-09
1.6048318e-06
-4.3914787e-09
1.6053609e-06
-4.3385411e-09
1.6059094e-06
-4.3365174e-09
1.6064402e-06
-4.3274313e-09
1.6069271e-06
-4.2855839e-09
1.6074185e-06
-4.2574624e-09
1.6079262e-06
-4.2513593e-09
1.6084045e-06
-4.2265191e-09
1.6088537e-06
-4.1865924e-09
1.6093184e-06
-4.1673154e-09
1.6097799e-06
-4.1541433e-09
1.6102224e-06
-4.1333981e-09
1.6106649e-06
-4.1081964e-09
1.6111063e-06
-4.0891348e-09
1.6115453e-06
-4.0750114e-09
1.611988e-06
-4.0553982e-09
1.6124378e-06
-4.040364e-09
1.6128721e-06
-4.0209933e-09
1.6132889e-06
-3.9955363e-09
1.6137076e-06
-3.9705408e-09
1.6141506e-06
-3.9705346e-09
1.6145909e-06
-3.9772825e-09
1.6149907e-06
-3.9440233e-09
1.6153866e-06
-3.9009151e-09
1.6158275e-06
-3.9067429e-09
1.6162562e-06
-3.9078558e-09
1.6166511e-06
-3.8610013e-09
1.6170602e-06
-3.8202366e-09
1.6174818e-06
-3.8201842e-09
1.6178622e-06
-3.7853298e-09
1.6182216e-06
-3.7187005e-09
1.6186032e-06
-3.6847321e-09
1.618964e-06
-3.6444998e-09
1.6192736e-06
-3.5635632e-09
1.6195598e-06
-3.4806535e-09
1.6198483e-06
-3.447457e-09
1.6201082e-06
-3.4061096e-09
1.6203362e-06
-3.3445482e-09
1.6205497e-06
-3.2833141e-09
1.6207543e-06
-3.240384e-09
1.620928e-06
-3.1757978e-09
1.621078e-06
-3.1058476e-09
1.6212078e-06
-3.0214e-09
1.6213136e-06
-2.9283385e-09
1.6213947e-06
-2.8380089e-09
1.6214534e-06
-2.7422353e-09
1.6214846e-06
-2.6329947e-09
1.6214959e-06
-2.522504e-09
1.6214844e-06
-2.4064857e-09
1.6214473e-06
-2.2897222e-09
1.6213888e-06
-2.1748674e-09
1.6213202e-06
-2.0674347e-09
1.6212335e-06
-1.9468001e-09
1.6211217e-06
-1.8112289e-09
1.6209858e-06
-1.6696613e-09
1.6208244e-06
-1.5189761e-09
1.6206401e-06
-1.3667649e-09
1.6204237e-06
-1.1958621e-09
1.6201683e-06
-1.0079511e-09
1.6198704e-06
-8.1066664e-10
1.6195334e-06
-6.1319128e-10
1.6191575e-06
-4.1666581e-10
1.6187379e-06
-2.1247537e-10
1.6182727e-06
-8.328005e-12
1.6177683e-06
1.8501334e-10
1.6172343e-06
3.5937919e-10
1.6166788e-06
5.1442894e-10
1.616108e-06
6.5221428e-10
1.6155299e-06
7.6891737e-10
1.6149494e-06
8.6768237e-10
1.6143683e-06
9.5240305e-10
1.6137856e-06
1.0276597e-09
1.6132003e-06
1.0953807e-09
1.6126112e-06
1.1545902e-09
1.6120159e-06
1.2096479e-09
1.6114158e-06
1.2597612e-09
1.6108134e-06
1.2962755e-09
1.6102063e-06
1.3341572e-09
1.6095975e-06
1.3750134e-09
1.6089882e-06
1.3922374e-09
1.6083692e-06
1.4365749e-09
1.60774e-06
1.496689e-09
1.6071046e-06
1.5118822e-09
1.6064482e-06
1.5698549e-09
1.6057722e-06
1.6372725e-09
1.6050784e-06
1.6834236e-09
1.6043667e-06
1.7344286e-09
1.6036391e-06
1.7806383e-09
1.6028975e-06
1.8188704e-09
1.6021468e-06
1.8475297e-09
1.6013899e-06
1.8648461e-09
1.600631e-06
1.8710069e-09
1.5998757e-06
1.861181e-09
1.5991302e-06
1.8350144e-09
1.5984005e-06
1.7917574e-09
1.5976917e-06
1.73097e-09
1.5970071e-06
1.6536377e-09
1.5963516e-06
1.559866e-09
1.5957294e-06
1.4497417e-09
1.5951443e-06
1.3242061e-09
1.5945993e-06
1.1823627e-09
1.5940988e-06
1.0249743e-09
1.5936446e-06
8.5159835e-10
1.5932381e-06
6.6070127e-10
1.5928915e-06
4.472005e-10
1.5925968e-06
2.1972735e-10
1.5923638e-06
-2.9805935e-11
1.5922043e-06
-2.9498093e-10
1.5920949e-06
-5.7635363e-10
1.5920666e-06
-8.8981222e-10
1.5921181e-06
-1.2111014e-09
1.5922211e-06
-1.566419e-09
1.5924372e-06
-1.965244e-09
1.5927209e-06
-2.3547151e-09
1.5930654e-06
-2.7966243e-09
1.5935426e-06
-3.2866874e-09
1.5940611e-06
-3.7094372e-09
1.5946269e-06
-4.215559e-09
1.5953647e-06
-4.7704938e-09
1.5961768e-06
-5.2392668e-09
1.5969785e-06
-5.7360547e-09
1.5979648e-06
-6.2991004e-09
1.5991143e-06
-6.8263497e-09
1.6002207e-06
-7.3201205e-09
1.6015262e-06
-7.813723e-09
1.603076e-06
-8.3833465e-09
1.6046677e-06
-8.7215968e-09
1.6064973e-06
-9.3692241e-09
1.6085744e-06
-9.9499515e-09
1.6109307e-06
-1.0344789e-08
1.6135882e-06
-1.0807449e-08
1.616278e-06
-1.1104763e-08
1.6189846e-06
-1.1270245e-08
1.6219265e-06
-1.1646971e-08
1.6248688e-06
-1.2116531e-08
1.6276683e-06
-1.210327e-08
1.6308118e-06
-1.2484921e-08
1.6337828e-06
-1.2649807e-08
1.6366886e-06
-1.2665368e-08
1.6400842e-06
-1.3152457e-08
1.6432725e-06
-1.3300247e-08
1.6463561e-06
-1.3341461e-08
1.6497664e-06
-1.3749412e-08
1.6532586e-06
-1.4057282e-08
1.656573e-06
-1.4057441e-08
1.6598459e-06
-1.4288385e-08
1.663347e-06
-1.4480554e-08
1.6669219e-06
-1.4601279e-08
1.6704046e-06
-1.4789232e-08
1.6739266e-06
-1.4755905e-08
1.6773184e-06
-1.4623549e-08
1.6807031e-06
-1.4771835e-08
1.6840805e-06
-1.4722054e-08
1.6872e-06
-1.4435088e-08
1.6903895e-06
-1.4510292e-08
1.6938056e-06
-1.4554548e-08
1.6969121e-06
-1.4220437e-08
1.6997838e-06
-1.4080705e-08
1.7025825e-06
-1.3924453e-08
1.7051136e-06
-1.3652781e-08
1.7076002e-06
-1.3555127e-08
1.7102546e-06
-1.3463508e-08
1.7126267e-06
-1.3129876e-08
1.7143661e-06
-1.2468945e-08
1.7157692e-06
-1.1771292e-08
1.7170699e-06
-1.148906e-08
1.7174609e-06
-1.0569091e-08
1.7176176e-06
-9.3440717e-09
1.7177313e-06
-8.7143461e-09
1.7169156e-06
-7.6949074e-09
1.7158682e-06
-6.2019869e-09
1.7148075e-06
-5.1459139e-09
1.7130646e-06
-3.8740033e-09
1.7110174e-06
-2.3540556e-09
1.7087624e-06
-1.030358e-09
1.7059948e-06
3.9624348e-10
1.7029401e-06
1.8896356e-09
1.6995858e-06
3.2522838e-09
1.6958008e-06
4.6650617e-09
1.6917264e-06
6.0596754e-09
1.6873364e-06
7.3629449e-09
1.6825884e-06
8.6799972e-09
1.6775712e-06
9.9449777e-09
1.6722745e-06
1.1149492e-08
1.6666841e-06
1.2357162e-08
1.6608646e-06
1.3511722e-08
1.6547956e-06
1.4637164e-08
1.6484723e-06
1.5764127e-08
1.642e-06
1.6788424e-08
1.6353313e-06
1.7807487e-08
1.6284516e-06
1.8850685e-08
1.6215196e-06
1.9723041e-08
1.614435e-06
2.0632156e-08
1.607147e-06
2.1611924e-08
1.5998511e-06
2.2363323e-08
1.5924601e-06
2.3129866e-08
1.5849434e-06
2.3957768e-08
1.577412e-06
2.4656441e-08
1.5698172e-06
2.5350578e-08
1.5621792e-06
2.6015877e-08
1.5545054e-06
2.6648647e-08
1.5467572e-06
2.7290453e-08
1.5390402e-06
2.781226e-08
1.531313e-06
2.8317826e-08
1.5235134e-06
2.8867955e-08
1.5157251e-06
2.9319125e-08
1.5079321e-06
2.9758176e-08
1.5000946e-06
3.0224971e-08
1.4922712e-06
3.0630821e-08
1.4844668e-06
3.0992228e-08
1.4766362e-06
3.1346041e-08
1.4688093e-06
3.1659108e-08
1.4610469e-06
3.1918916e-08
1.4533064e-06
3.2180863e-08
1.4455813e-06
3.2414942e-08
1.4378955e-06
3.2631838e-08
1.4302263e-06
3.2836015e-08
1.4225724e-06
3.3001079e-08
1.4149531e-06
3.3127496e-08
1.4073787e-06
3.3216604e-08
1.3998502e-06
3.3273711e-08
1.3923677e-06
3.3305622e-08
1.3849253e-06
3.3316757e-08
1.3775253e-06
3.3293003e-08
1.3701747e-06
3.3222622e-08
1.3628816e-06
3.3094145e-08
1.3556598e-06
3.2892792e-08
1.3485267e-06
3.261403e-08
1.3414948e-06
3.2264219e-08
1.3345765e-06
3.1840761e-08
1.3277887e-06
3.1337001e-08
1.3211465e-06
3.0757996e-08
1.3146643e-06
3.0110479e-08
1.3083575e-06
2.939966e-08
1.3022256e-06
2.8652231e-08
1.2962686e-06
2.7876188e-08
1.2905018e-06
2.7066259e-08
1.284907e-06
2.6266159e-08
1.2794618e-06
2.5482697e-08
1.2741941e-06
2.4674305e-08
1.2690904e-06
2.389306e-08
1.2640976e-06
2.3167713e-08
1.2592498e-06
2.2403468e-08
1.2545811e-06
2.1613158e-08
1.2500372e-06
2.0888844e-08
1.2455878e-06
2.0182546e-08
1.2412944e-06
1.939018e-08
1.2372085e-06
1.8567949e-08
1.233245e-06
1.7888615e-08
1.2292796e-06
1.7234713e-08
1.2255485e-06
1.6263415e-08
1.2221817e-06
1.5421883e-08
1.2186914e-06
1.4971562e-08
1.2151327e-06
1.4031632e-08
1.2123033e-06
1.2804009e-08
1.2095649e-06
1.2349031e-08
1.2063087e-06
1.1621117e-08
1.2037788e-06
1.0050714e-08
1.2017303e-06
9.1978949e-09
1.199108e-06
8.5505159e-09
1.1967297e-06
7.0988011e-09
1.1949936e-06
5.8456027e-09
1.1931288e-06
5.0264051e-09
1.191093e-06
3.8486356e-09
1.1894546e-06
2.5188669e-09
1.1881009e-06
1.368647e-09
1.1867842e-06
2.4871971e-10
1.1856225e-06
-9.0878061e-10
1.1845818e-06
-2.1690036e-09
1.183677e-06
-3.339574e-09
1.1832992e-06
-4.5548267e-09
1.1834796e-06
-5.4229816e-09
1.1842609e-06
-6.1357843e-09
1.1856427e-06
-6.7366654e-09
1.1868972e-06
-6.9615473e-09
1.188126e-06
-7.1986386e-09
1.1899253e-06
-7.8463107e-09
1.1917616e-06
-8.3563796e-09
1.1936796e-06
-8.7830045e-09
1.1958582e-06
-9.3520423e-09
1.198261e-06
-1.0018423e-08
1.200764e-06
-1.0718371e-08
1.2035756e-06
-1.1539255e-08
1.2067352e-06
-1.2412319e-08
1.210264e-06
-1.3319867e-08
1.214094e-06
-1.4251591e-08
1.2182445e-06
-1.5194617e-08
1.2227156e-06
-1.6168876e-08
1.2275388e-06
-1.7163888e-08
1.2327192e-06
-1.8189173e-08
1.2382783e-06
-1.9233168e-08
1.2442277e-06
-2.0303883e-08
1.2505879e-06
-2.1393037e-08
1.2573742e-06
-2.250502e-08
1.2646056e-06
-2.3633417e-08
1.2722977e-06
-2.4779159e-08
1.2804659e-06
-2.5936083e-08
1.2891213e-06
-2.7101905e-08
1.2982723e-06
-2.8269929e-08
1.3079221e-06
-2.9434426e-08
1.3180684e-06
-3.0587307e-08
1.3287027e-06
-3.172133e-08
1.3398106e-06
-3.2827724e-08
1.3513713e-06
-3.3897809e-08
1.3633562e-06
-3.4922144e-08
1.3757309e-06
-3.5893662e-08
1.3884535e-06
-3.6801015e-08
1.4014724e-06
-3.7628877e-08
1.4147282e-06
-3.8365994e-08
1.4281578e-06
-3.9005517e-08
1.4417029e-06
-3.9554484e-08
1.4553e-06
-3.9993644e-08
1.4688797e-06
-4.0308032e-08
1.4823748e-06
-4.0498637e-08
1.495716e-06
-4.0562163e-08
1.5088331e-06
-4.0502388e-08
1.5216434e-06
-4.0293821e-08
1.5340812e-06
-3.9935061e-08
1.5460977e-06
-3.944396e-08
1.5576378e-06
-3.8819481e-08
1.5686364e-06
-3.8027795e-08
1.5790299e-06
-3.7071971e-08
1.5888297e-06
-3.6038445e-08
1.5980077e-06
-3.4858343e-08
1.6065449e-06
-3.3540601e-08
1.6144125e-06
-3.2108093e-08
1.6215779e-06
-3.0555383e-08
1.6280172e-06
-2.8878969e-08
1.6337229e-06
-2.7054073e-08
1.6386829e-06
-2.5146402e-08
1.6428467e-06
-2.3115467e-08
1.646325e-06
-2.1005651e-08
1.6489696e-06
-1.8779068e-08
1.6505715e-06
-1.6438402e-08
1.6515683e-06
-1.408433e-08
1.651949e-06
-1.1789579e-08
1.6515678e-06
-9.4741326e-09
1.6505144e-06
-7.1167303e-09
1.6487316e-06
-4.7717266e-09
1.6461969e-06
-2.3418205e-09
1.643043e-06
2.1965851e-10
1.6392972e-06
2.8487483e-09
1.6349409e-06
5.5553291e-09
1.6300352e-06
8.2913383e-09
1.6245961e-06
1.1009073e-08
1.6186286e-06
1.3687404e-08
1.6121686e-06
1.630386e-08
1.6052333e-06
1.8846176e-08
1.5978539e-06
2.1316974e-08
1.5900606e-06
2.372792e-08
1.5818929e-06
2.6048312e-08
1.5733068e-06
2.8301271e-08
1.5643586e-06
3.0400097e-08
1.555118e-06
3.2346879e-08
1.5456107e-06
3.4201643e-08
1.5358552e-06
3.5967005e-08
1.5258872e-06
3.7624761e-08
1.515751e-06
3.9142063e-08
1.5055072e-06
4.0528295e-08
1.4952154e-06
4.1754374e-08
1.4848984e-06
4.2919476e-08
1.4745445e-06
4.3949008e-08
1.4641711e-06
4.4945681e-08
1.4537869e-06
4.5716571e-08
1.4434073e-06
4.6535197e-08
1.433052e-06
4.7043687e-08
1.422732e-06
4.7666724e-08
1.4124238e-06
4.7960713e-08
1.4022195e-06
4.8240132e-08
1.391975e-06
4.82061e-08
4.8371086e-08
1.2091505e-06
-1.8263515e-09
1.2100269e-06
-4.3734181e-09
1.2114701e-06
-7.3308342e-09
1.2132438e-06
-9.4274202e-09
1.2152742e-06
-1.1303207e-08
1.2174545e-06
-1.2759183e-08
1.2197047e-06
-1.3811625e-08
1.2219487e-06
-1.4537081e-08
1.2241727e-06
-1.5016991e-08
1.2263257e-06
-1.5274249e-08
1.2284095e-06
-1.5372061e-08
1.2304329e-06
-1.5369587e-08
1.2323865e-06
-1.5275658e-08
1.2342748e-06
-1.5125297e-08
1.2361023e-06
-1.4931205e-08
1.2378781e-06
-1.4716013e-08
1.239606e-06
-1.4481707e-08
1.2412917e-06
-1.4239639e-08
1.2429386e-06
-1.3993535e-08
1.2445511e-06
-1.3748642e-08
1.2461322e-06
-1.3507496e-08
1.2476859e-06
-1.327199e-08
1.2492173e-06
-1.3047361e-08
1.2507264e-06
-1.282635e-08
1.2522152e-06
-1.2614259e-08
1.2536853e-06
-1.241048e-08
1.2551411e-06
-1.2218691e-08
1.2565848e-06
-1.2035899e-08
1.2580179e-06
-1.1861758e-08
1.2594422e-06
-1.1695911e-08
1.2608586e-06
-1.1539198e-08
1.2622708e-06
-1.1390937e-08
1.263682e-06
-1.1251737e-08
1.265094e-06
-1.112133e-08
1.2665077e-06
-1.0996793e-08
1.2679247e-06
-1.0880431e-08
1.2693444e-06
-1.0767754e-08
1.2707671e-06
-1.0662477e-08
1.2721938e-06
-1.0561477e-08
1.2736284e-06
-1.0472317e-08
1.2750682e-06
-1.0385548e-08
1.2765136e-06
-1.030318e-08
1.2779636e-06
-1.022367e-08
1.2794183e-06
-1.0146559e-08
1.2808794e-06
-1.0076575e-08
1.282346e-06
-1.0007265e-08
1.2838196e-06
-9.9449591e-09
1.2852998e-06
-9.8840456e-09
1.2867862e-06
-9.8257251e-09
1.2882813e-06
-9.7740629e-09
1.2897821e-06
-9.720619e-09
1.2912918e-06
-9.6745811e-09
1.2928094e-06
-9.6274042e-09
1.2943381e-06
-9.5875161e-09
1.2958779e-06
-9.5453658e-09
1.2974279e-06
-9.5119774e-09
1.2989643e-06
-9.4611665e-09
1.3004986e-06
-9.4207491e-09
1.3020408e-06
-9.3879513e-09
1.3035947e-06
-9.3588493e-09
1.3051581e-06
-9.3295314e-09
1.306729e-06
-9.3015848e-09
1.3083063e-06
-9.2736383e-09
1.3098898e-06
-9.2482253e-09
1.3114789e-06
-9.2221266e-09
1.3130734e-06
-9.1992498e-09
1.314673e-06
-9.1747432e-09
1.3162769e-06
-9.1543488e-09
1.3178858e-06
-9.1310337e-09
1.3194977e-06
-9.1131231e-09
1.3211146e-06
-9.0907482e-09
1.3227318e-06
-9.075563e-09
1.3243552e-06
-9.0541827e-09
1.3259771e-06
-9.0421595e-09
1.3276078e-06
-9.0184651e-09
1.329234e-06
-9.0040504e-09
1.3308749e-06
-8.9751895e-09
1.3325075e-06
-8.9603862e-09
1.3341427e-06
-8.9554013e-09
1.3357814e-06
-8.9338941e-09
1.3374206e-06
-8.9225942e-09
1.3390594e-06
-8.9132635e-09
1.3407e-06
-8.8990504e-09
1.3423415e-06
-8.8858561e-09
1.3439852e-06
-8.8739283e-09
1.3456273e-06
-8.8626106e-09
1.3472722e-06
-8.8497072e-09
1.3489151e-06
-8.8393528e-09
1.3505593e-06
-8.8269299e-09
1.3522041e-06
-8.8159098e-09
1.3538453e-06
-8.8051233e-09
1.3554902e-06
-8.7932976e-09
1.357133e-06
-8.7825058e-09
1.3587694e-06
-8.7726217e-09
1.3604159e-06
-8.7593306e-09
1.3620531e-06
-8.7495993e-09
1.3636768e-06
-8.7349985e-09
1.3653097e-06
-8.7205114e-09
1.3669567e-06
-8.7015346e-09
1.3686018e-06
-8.684284e-09
1.3702411e-06
-8.6748404e-09
1.3718799e-06
-8.6658107e-09
1.3735079e-06
-8.66123e-09
1.3751399e-06
-8.6560608e-09
1.3767709e-06
-8.6480298e-09
1.3783864e-06
-8.6430822e-09
1.3799943e-06
-8.6361327e-09
1.3816042e-06
-8.6275334e-09
1.3832154e-06
-8.6157974e-09
1.3848215e-06
-8.6107965e-09
1.3864258e-06
-8.5984473e-09
1.3880294e-06
-8.5899523e-09
1.3896287e-06
-8.5828487e-09
1.3912298e-06
-8.5677305e-09
1.3928273e-06
-8.563672e-09
1.3944181e-06
-8.5545699e-09
1.3960045e-06
-8.5436298e-09
1.3975883e-06
-8.5397787e-09
1.3991712e-06
-8.5238678e-09
1.4007513e-06
-8.5118965e-09
1.4023312e-06
-8.5018281e-09
1.4039082e-06
-8.4843674e-09
1.4054812e-06
-8.4756948e-09
1.4070544e-06
-8.46669e-09
1.4086223e-06
-8.4542253e-09
1.4101784e-06
-8.4475991e-09
1.4117295e-06
-8.4405021e-09
1.4132836e-06
-8.4268668e-09
1.4148369e-06
-8.4098475e-09
1.4163898e-06
-8.3939034e-09
1.4179374e-06
-8.3831053e-09
1.4194785e-06
-8.3770986e-09
1.4210157e-06
-8.3691192e-09
1.4225461e-06
-8.3585854e-09
1.4240712e-06
-8.3498626e-09
1.4255923e-06
-8.3408689e-09
1.4271111e-06
-8.3335681e-09
1.4286305e-06
-8.3237017e-09
1.4301474e-06
-8.3150713e-09
1.4316607e-06
-8.3091614e-09
1.4331662e-06
-8.3013738e-09
1.4346673e-06
-8.2900153e-09
1.4361637e-06
-8.2812499e-09
1.4376586e-06
-8.2663303e-09
1.4391514e-06
-8.2549767e-09
1.4406398e-06
-8.2479028e-09
1.4421248e-06
-8.2368961e-09
1.4436002e-06
-8.2296618e-09
1.4450643e-06
-8.2249714e-09
1.4465269e-06
-8.2156695e-09
1.447987e-06
-8.2061713e-09
1.4494389e-06
-8.1972265e-09
1.4508843e-06
-8.1843585e-09
1.4523226e-06
-8.1718898e-09
1.4537571e-06
-8.1558817e-09
1.4551926e-06
-8.1361016e-09
1.4566273e-06
-8.1124654e-09
1.4580602e-06
-8.088668e-09
1.4594942e-06
-8.0665692e-09
1.4609278e-06
-8.0466478e-09
1.4623602e-06
-8.0306379e-09
1.4637879e-06
-8.0186116e-09
1.4652112e-06
-8.0073774e-09
1.4666306e-06
-7.9949305e-09
1.4680448e-06
-7.983298e-09
1.4694526e-06
-7.9718703e-09
1.4708525e-06
-7.9601548e-09
1.4722446e-06
-7.9469764e-09
1.4736322e-06
-7.9292546e-09
1.4750171e-06
-7.911348e-09
1.4763992e-06
-7.8953413e-09
1.4777769e-06
-7.8803262e-09
1.479151e-06
-7.8658879e-09
1.4805244e-06
-7.8512712e-09
1.4818943e-06
-7.8369693e-09
1.4832595e-06
-7.8231679e-09
1.4846234e-06
-7.8082136e-09
1.4859817e-06
-7.793135e-09
1.4873304e-06
-7.7770417e-09
1.4886737e-06
-7.7597275e-09
1.4900113e-06
-7.7412854e-09
1.4913405e-06
-7.7198572e-09
1.4926642e-06
-7.7003044e-09
1.4939858e-06
-7.6785964e-09
1.4953003e-06
-7.6574582e-09
1.4966076e-06
-7.6383362e-09
1.4979121e-06
-7.6152853e-09
1.4992124e-06
-7.5919289e-09
1.5005097e-06
-7.568135e-09
1.5018043e-06
-7.5427198e-09
1.5030959e-06
-7.5181301e-09
1.5043836e-06
-7.4928681e-09
1.5056652e-06
-7.4674205e-09
1.5069448e-06
-7.4405322e-09
1.5082223e-06
-7.4137723e-09
1.5094994e-06
-7.3851578e-09
1.5107773e-06
-7.3578743e-09
1.512049e-06
-7.3310265e-09
1.5133148e-06
-7.3044006e-09
1.5145784e-06
-7.278572e-09
1.5158374e-06
-7.2514199e-09
1.5170883e-06
-7.2265016e-09
1.5183354e-06
-7.2024604e-09
1.5195813e-06
-7.1792066e-09
1.5208222e-06
-7.1567778e-09
1.5220646e-06
-7.132626e-09
1.5233134e-06
-7.1097435e-09
1.5245641e-06
-7.0920287e-09
1.5258148e-06
-7.0769808e-09
1.5270638e-06
-7.0667578e-09
1.5283074e-06
-7.0622552e-09
1.5295447e-06
-7.0578343e-09
1.5307741e-06
-7.0544344e-09
1.531993e-06
-7.0525381e-09
1.5332029e-06
-7.0469701e-09
1.534403e-06
-7.0386057e-09
1.5355931e-06
-7.0248909e-09
1.5367763e-06
-7.0071686e-09
1.5379545e-06
-6.9879613e-09
1.5391276e-06
-6.970879e-09
1.540297e-06
-6.9553279e-09
1.5414654e-06
-6.9435142e-09
1.5426324e-06
-6.9327211e-09
1.5437964e-06
-6.9232091e-09
1.5449593e-06
-6.9135155e-09
1.5461229e-06
-6.9022237e-09
1.5472874e-06
-6.8880577e-09
1.5484478e-06
-6.8721326e-09
1.5496026e-06
-6.8563466e-09
1.5507517e-06
-6.8432784e-09
1.5518924e-06
-6.8304322e-09
1.5530231e-06
-6.8187842e-09
1.5541451e-06
-6.8108248e-09
1.5552567e-06
-6.8043198e-09
1.5563544e-06
-6.798953e-09
1.5574383e-06
-6.7917783e-09
1.558512e-06
-6.7832726e-09
1.5595773e-06
-6.7684351e-09
1.5606371e-06
-6.7540622e-09
1.5616909e-06
-6.738293e-09
1.5627395e-06
-6.7222841e-09
1.563786e-06
-6.7075367e-09
1.5648288e-06
-6.6927197e-09
1.5658674e-06
-6.6788624e-09
1.5669088e-06
-6.6660411e-09
1.5679527e-06
-6.6521406e-09
1.5689968e-06
-6.6385892e-09
1.5700438e-06
-6.6284658e-09
1.5710932e-06
-6.6163106e-09
1.5721405e-06
-6.6044219e-09
1.5731849e-06
-6.5949473e-09
1.574228e-06
-6.5842318e-09
1.5752682e-06
-6.5747945e-09
1.5763021e-06
-6.5623649e-09
1.5773288e-06
-6.5475896e-09
1.5783478e-06
-6.5355574e-09
1.579357e-06
-6.5209305e-09
1.5803565e-06
-6.5071348e-09
1.5813489e-06
-6.4926051e-09
1.5823353e-06
-6.4773391e-09
1.5833161e-06
-6.4662804e-09
1.584295e-06
-6.4562355e-09
1.5852708e-06
-6.4495476e-09
1.5862447e-06
-6.4446226e-09
1.5872182e-06
-6.4424595e-09
1.5881888e-06
-6.4436474e-09
1.5891573e-06
-6.4460384e-09
1.5901276e-06
-6.4465651e-09
1.5910981e-06
-6.45261e-09
1.5920673e-06
-6.4574119e-09
1.5930385e-06
-6.4621308e-09
1.5940113e-06
-6.4701058e-09
1.5949821e-06
-6.4765477e-09
1.5959475e-06
-6.4804153e-09
1.596912e-06
-6.4826846e-09
1.5978757e-06
-6.4852919e-09
1.5988332e-06
-6.4857142e-09
1.5997814e-06
-6.479953e-09
1.6007296e-06
-6.4797825e-09
1.601677e-06
-6.4851724e-09
1.6026157e-06
-6.48701e-09
1.6035569e-06
-6.4928734e-09
1.6045025e-06
-6.5007986e-09
1.605443e-06
-6.498881e-09
1.6063799e-06
-6.492431e-09
1.6073218e-06
-6.4913608e-09
1.6082619e-06
-6.4870531e-09
1.6091969e-06
-6.4795689e-09
1.610137e-06
-6.4729408e-09
1.6110742e-06
-6.4682348e-09
1.6120014e-06
-6.4563297e-09
1.6129318e-06
-6.449711e-09
1.6138607e-06
-6.4351586e-09
1.6147745e-06
-6.4084418e-09
1.6156817e-06
-6.379925e-09
1.6165877e-06
-6.3448944e-09
1.6174856e-06
-6.3028529e-09
1.6183691e-06
-6.2596928e-09
1.6192462e-06
-6.21753e-09
1.6201133e-06
-6.1711241e-09
1.6209618e-06
-6.124973e-09
1.6218005e-06
-6.0896146e-09
1.6226322e-06
-6.0483618e-09
1.6234544e-06
-6.0145036e-09
1.6242617e-06
-5.9842771e-09
1.6250651e-06
-5.9643499e-09
1.62587e-06
-5.9459042e-09
1.6266644e-06
-5.9221157e-09
1.6274443e-06
-5.8931442e-09
1.6282165e-06
-5.8577636e-09
1.628978e-06
-5.8286056e-09
1.6297252e-06
-5.801005e-09
1.6304642e-06
-5.7766094e-09
1.631193e-06
-5.7467151e-09
1.6319177e-06
-5.7258092e-09
1.6326362e-06
-5.7127352e-09
1.6333476e-06
-5.6959162e-09
1.6340629e-06
-5.6893592e-09
1.6347907e-06
-5.6942295e-09
1.6355199e-06
-5.7020895e-09
1.636246e-06
-5.7093743e-09
1.6369914e-06
-5.723539e-09
1.6377543e-06
-5.7570708e-09
1.6385198e-06
-5.7911729e-09
1.6392982e-06
-5.8148482e-09
1.6401028e-06
-5.8477467e-09
1.6408987e-06
-5.8791563e-09
1.6416865e-06
-5.9015859e-09
1.6425325e-06
-5.9482677e-09
1.6433815e-06
-5.9681007e-09
1.6441829e-06
-5.9468039e-09
1.6449971e-06
-5.9330332e-09
1.6458539e-06
-5.9535963e-09
1.6466628e-06
-5.9230296e-09
1.6474271e-06
-5.8643215e-09
1.6482206e-06
-5.8476166e-09
1.6489939e-06
-5.8263279e-09
1.6497065e-06
-5.7587801e-09
1.6504081e-06
-5.7013283e-09
1.6511207e-06
-5.6671547e-09
1.6517851e-06
-5.6133169e-09
1.6524148e-06
-5.5474048e-09
1.6530542e-06
-5.5049756e-09
1.6536989e-06
-5.4722222e-09
1.6542984e-06
-5.3956861e-09
1.6548703e-06
-5.3137099e-09
1.655466e-06
-5.2724158e-09
1.6560562e-06
-5.2369264e-09
1.6565945e-06
-5.1594848e-09
1.6571117e-06
-5.0913505e-09
1.6576575e-06
-5.0699267e-09
1.6581881e-06
-5.0559184e-09
1.6586877e-06
-5.0200084e-09
1.6591846e-06
-4.980051e-09
1.6596833e-06
-4.9586824e-09
1.6601587e-06
-4.9346029e-09
1.6606236e-06
-4.9052988e-09
1.6610756e-06
-4.8586122e-09
1.6615053e-06
-4.8222804e-09
1.6619329e-06
-4.8106017e-09
1.6623753e-06
-4.8078364e-09
1.6627993e-06
-4.7668296e-09
1.6632019e-06
-4.7268123e-09
1.6636238e-06
-4.7303841e-09
1.6640565e-06
-4.7193534e-09
1.6644677e-06
-4.6810218e-09
1.6648667e-06
-4.6472648e-09
1.6652735e-06
-4.6274464e-09
1.6656755e-06
-4.596306e-09
1.6660674e-06
-4.5853419e-09
1.66646e-06
-4.5937369e-09
1.6668372e-06
-4.5482276e-09
1.66723e-06
-4.524078e-09
1.6676243e-06
-4.533053e-09
1.6679829e-06
-4.498673e-09
1.6683512e-06
-4.4612132e-09
1.6687545e-06
-4.4544897e-09
1.6691242e-06
-4.4226254e-09
1.6694425e-06
-4.3432515e-09
1.6697828e-06
-4.3098596e-09
1.6701129e-06
-4.2789079e-09
1.6703537e-06
-4.162279e-09
1.6705953e-06
-4.0922239e-09
1.6708596e-06
-4.0396961e-09
1.6710626e-06
-3.9529171e-09
1.671208e-06
-3.8626595e-09
1.6713844e-06
-3.841147e-09
1.671553e-06
-3.7817141e-09
1.6716599e-06
-3.6882675e-09
1.6717332e-06
-3.6002668e-09
1.6718265e-06
-3.5593204e-09
1.6718999e-06
-3.4636534e-09
1.6719139e-06
-3.3196859e-09
1.6719011e-06
-3.2100673e-09
1.6718836e-06
-3.1172611e-09
1.6718455e-06
-2.9957437e-09
1.6717627e-06
-2.8486982e-09
1.6716522e-06
-2.7125586e-09
1.6715255e-06
-2.5873952e-09
1.6713808e-06
-2.4628495e-09
1.6712225e-06
-2.3498026e-09
1.6710443e-06
-2.2172499e-09
1.6708487e-06
-2.0721753e-09
1.6706343e-06
-1.9201183e-09
1.6703874e-06
-1.746661e-09
1.6701076e-06
-1.5737189e-09
1.6697857e-06
-1.3756836e-09
1.6694189e-06
-1.1598829e-09
1.6690028e-06
-9.3022789e-10
1.6685386e-06
-7.0180795e-10
1.6680267e-06
-4.7547744e-10
1.6674608e-06
-2.346292e-10
1.6668376e-06
1.2085888e-11
1.6661692e-06
2.4034419e-10
1.665471e-06
4.4005111e-10
1.6647513e-06
6.1849104e-10
1.6640173e-06
7.7779738e-10
1.6632824e-06
9.0626351e-10
1.6625514e-06
1.0137233e-09
1.661823e-06
1.1079573e-09
1.6610927e-06
1.194902e-09
1.6603568e-06
1.2752341e-09
1.6596126e-06
1.3471566e-09
1.6588577e-06
1.4157946e-09
1.6580971e-06
1.4749273e-09
1.6573366e-06
1.5153656e-09
1.6565761e-06
1.5571731e-09
1.6558202e-06
1.5984365e-09
1.6550675e-06
1.6159349e-09
1.654306e-06
1.6684933e-09
1.653535e-06
1.7377051e-09
1.6527569e-06
1.7588944e-09
1.6519446e-06
1.8376514e-09
1.6511087e-06
1.9246036e-09
1.6502525e-06
1.9851223e-09
1.6493727e-06
2.0536137e-09
1.6484726e-06
2.1148834e-09
1.6475564e-06
2.1660891e-09
1.6466298e-06
2.2040449e-09
1.6456967e-06
2.2293705e-09
1.6447621e-06
2.2415798e-09
1.6438321e-06
2.2345188e-09
1.6429146e-06
2.2065456e-09
1.6420229e-06
2.1581883e-09
1.6411611e-06
2.0890347e-09
1.6403215e-06
2.0004118e-09
1.6395169e-06
1.8941919e-09
1.6387546e-06
1.7687869e-09
1.6380389e-06
1.6264172e-09
1.6373775e-06
1.4632939e-09
1.6367682e-06
1.2874763e-09
1.6362135e-06
1.0938122e-09
1.6357172e-06
8.807679e-10
1.6352865e-06
6.4071948e-10
1.6349297e-06
3.8027137e-10
1.6346428e-06
1.0393064e-10
1.634435e-06
-1.9519408e-10
1.6343115e-06
-5.1338578e-10
1.6342624e-06
-8.516774e-10
1.6343126e-06
-1.2196817e-09
1.6344553e-06
-1.6115802e-09
1.6346763e-06
-2.0302759e-09
1.6350238e-06
-2.4849718e-09
1.6354558e-06
-2.9475808e-09
1.6359582e-06
-3.4427825e-09
1.6366169e-06
-3.9544403e-09
1.6373611e-06
-4.4760577e-09
1.6381709e-06
-5.0269646e-09
1.6391626e-06
-5.6069851e-09
1.6402523e-06
-6.1298731e-09
1.6414093e-06
-6.6893402e-09
1.6427486e-06
-7.3253323e-09
1.6442157e-06
-7.8714102e-09
1.6458071e-06
-8.4107215e-09
1.647547e-06
-9.0468388e-09
1.6495762e-06
-9.5882244e-09
1.651696e-06
-1.0239984e-08
1.6538424e-06
-1.076121e-08
1.6564723e-06
-1.1557197e-08
1.6593629e-06
-1.2221207e-08
1.6624665e-06
-1.2688872e-08
1.6659824e-06
-1.3233753e-08
1.6693463e-06
-1.3426502e-08
1.6726483e-06
-1.3804729e-08
1.6763682e-06
-1.4182397e-08
1.680094e-06
-1.4543536e-08
1.6838126e-06
-1.4672824e-08
1.6878748e-06
-1.5006762e-08
1.6917467e-06
-1.5285462e-08
1.6956176e-06
-1.5410091e-08
1.6998502e-06
-1.5792196e-08
1.7038269e-06
-1.5940761e-08
1.7076409e-06
-1.6099111e-08
1.7117922e-06
-1.6444309e-08
1.7159079e-06
-1.6650324e-08
1.7199871e-06
-1.6820581e-08
1.7241173e-06
-1.7012078e-08
1.728062e-06
-1.7044413e-08
1.7320599e-06
-1.7100388e-08
1.7362845e-06
-1.7240487e-08
1.7401601e-06
-1.7100503e-08
1.7438457e-06
-1.6928285e-08
1.7478231e-06
-1.6993117e-08
1.7514325e-06
-1.6767871e-08
1.7547747e-06
-1.6631563e-08
1.7582254e-06
-1.6501217e-08
1.7613965e-06
-1.6198479e-08
1.7643743e-06
-1.5990215e-08
1.7672867e-06
-1.5796303e-08
1.7697571e-06
-1.5410599e-08
1.7718476e-06
-1.511084e-08
1.7734838e-06
-1.4517605e-08
1.7745792e-06
-1.3541579e-08
1.7755271e-06
-1.2906738e-08
1.7758636e-06
-1.2250544e-08
1.7755118e-06
-1.1108975e-08
1.7752085e-06
-1.013659e-08
1.7744575e-06
-9.2872021e-09
1.7729855e-06
-7.879509e-09
1.7713711e-06
-6.5891124e-09
1.7692284e-06
-5.3436278e-09
1.7665106e-06
-3.831238e-09
1.7634809e-06
-2.3267961e-09
1.7599755e-06
-8.4361051e-10
1.7560153e-06
7.3174888e-10
1.7517045e-06
2.2830786e-09
1.7469515e-06
3.8121204e-09
1.7418039e-06
5.3608673e-09
1.7363134e-06
6.8596231e-09
1.7304332e-06
8.3337013e-09
1.7242125e-06
9.7922253e-09
1.7176842e-06
1.1186826e-08
1.710847e-06
1.2542071e-08
1.7037671e-06
1.3853194e-08
1.6964448e-06
1.512962e-08
1.688866e-06
1.6409237e-08
1.6811291e-06
1.7610394e-08
1.673214e-06
1.8745837e-08
1.6650928e-06
1.9920073e-08
1.656934e-06
2.0965388e-08
1.6486329e-06
2.1956768e-08
1.6401085e-06
2.3078938e-08
1.6316998e-06
2.3942901e-08
1.6232157e-06
2.4776764e-08
1.614443e-06
2.584811e-08
1.6057717e-06
2.6595932e-08
1.5970798e-06
2.7341243e-08
1.5882603e-06
2.8196974e-08
1.5794909e-06
2.8851261e-08
1.570636e-06
2.9614372e-08
1.5617961e-06
3.0294178e-08
1.553e-06
3.08294e-08
1.5441255e-06
3.1475888e-08
1.5353809e-06
3.1959895e-08
1.5267139e-06
3.2396579e-08
1.5179891e-06
3.2957693e-08
1.5093797e-06
3.3371985e-08
1.5008257e-06
3.3783412e-08
1.4921217e-06
3.435864e-08
1.4834667e-06
3.4729848e-08
1.4749697e-06
3.4950907e-08
1.4664579e-06
3.5290199e-08
1.4579161e-06
3.5648181e-08
1.449496e-06
3.5826683e-08
1.4411358e-06
3.6049629e-08
1.4327508e-06
3.6347622e-08
1.4244625e-06
3.6487163e-08
1.4162732e-06
3.6586152e-08
1.4081081e-06
3.6723444e-08
1.4000059e-06
3.6789883e-08
1.3919874e-06
3.6809123e-08
1.3840271e-06
3.6832014e-08
1.3761108e-06
3.6834291e-08
1.3682428e-06
3.6786836e-08
1.3604438e-06
3.6663338e-08
1.3527343e-06
3.6449983e-08
1.3451302e-06
3.61471e-08
1.3376484e-06
3.5759672e-08
1.3303025e-06
3.5288809e-08
1.3231179e-06
3.4715507e-08
1.3161175e-06
3.4046712e-08
1.3093002e-06
3.3312381e-08
1.3026934e-06
3.2488449e-08
1.2963159e-06
3.1608629e-08
1.2901194e-06
3.0747781e-08
1.2841275e-06
2.9827911e-08
1.2783909e-06
2.8864834e-08
1.2727999e-06
2.8025052e-08
1.267337e-06
2.7175789e-08
1.2621407e-06
2.6212693e-08
1.2571046e-06
2.5409322e-08
1.252102e-06
2.4692963e-08
1.2473138e-06
2.3768996e-08
1.2427896e-06
2.2860492e-08
1.2383341e-06
2.2164793e-08
1.2339172e-06
2.1414016e-08
1.2297649e-06
2.0408003e-08
1.2259224e-06
1.9499393e-08
1.2220792e-06
1.8928811e-08
1.2181579e-06
1.8121023e-08
1.2147556e-06
1.6846541e-08
1.2116888e-06
1.6149628e-08
1.2082217e-06
1.5703402e-08
1.2049757e-06
1.4350592e-08
1.2025657e-06
1.3159309e-08
1.200001e-06
1.2692378e-08
1.1970159e-06
1.1651387e-08
1.1948684e-06
1.0073678e-08
1.1930393e-06
9.225579e-09
1.1907276e-06
8.377798e-09
1.1887207e-06
6.9441786e-09
1.1872247e-06
5.7459735e-09
1.1856947e-06
4.735099e-09
1.1841876e-06
3.5197099e-09
1.1830344e-06
2.2235529e-09
1.1820612e-06
1.0362937e-09
1.1812301e-06
-1.6085222e-10
1.1805348e-06
-1.3926518e-09
1.1800339e-06
-2.5961153e-09
1.1798116e-06
-3.9295553e-09
1.1799264e-06
-4.9752633e-09
1.1805596e-06
-6.0509846e-09
1.1817947e-06
-7.1043611e-09
1.1837698e-06
-7.9237372e-09
1.1860849e-06
-8.3537754e-09
1.1882381e-06
-8.6858409e-09
1.1905875e-06
-9.2318779e-09
1.1930597e-06
-9.6125246e-09
1.1958303e-06
-1.0300523e-08
1.1989532e-06
-1.1130516e-08
1.2023998e-06
-1.1955918e-08
1.2061912e-06
-1.2915182e-08
1.2103446e-06
-1.3936837e-08
1.2148416e-06
-1.4966994e-08
1.2197025e-06
-1.6032775e-08
1.2249506e-06
-1.7122461e-08
1.2305993e-06
-1.8245082e-08
1.2366619e-06
-1.9388334e-08
1.2431539e-06
-2.0563048e-08
1.2500965e-06
-2.1762045e-08
1.2575086e-06
-2.2990821e-08
1.2654129e-06
-2.4244346e-08
1.2738292e-06
-2.5524995e-08
1.2827778e-06
-2.6828039e-08
1.2922744e-06
-2.815213e-08
1.302332e-06
-2.9491452e-08
1.3129569e-06
-3.0841374e-08
1.3241494e-06
-3.2194004e-08
1.335903e-06
-3.3542598e-08
1.3482043e-06
-3.487867e-08
1.3610299e-06
-3.6191504e-08
1.374346e-06
-3.7469322e-08
1.3881103e-06
-3.8701337e-08
1.4022727e-06
-3.9877287e-08
1.416775e-06
-4.0987999e-08
1.4315501e-06
-4.2019946e-08
1.4465214e-06
-4.2952933e-08
1.4616114e-06
-4.3777685e-08
1.4767357e-06
-4.448224e-08
1.491812e-06
-4.5077055e-08
1.5067447e-06
-4.5531075e-08
1.5214339e-06
-4.5821585e-08
1.5357926e-06
-4.5959244e-08
1.5497417e-06
-4.5943534e-08
1.5632034e-06
-4.5774539e-08
1.5761786e-06
-4.5502289e-08
1.5885965e-06
-4.5046478e-08
1.600405e-06
-4.4438208e-08
1.6115597e-06
-4.3679499e-08
1.6220131e-06
-4.2724831e-08
1.6317306e-06
-4.158234e-08
1.6406817e-06
-4.0343167e-08
1.6487701e-06
-3.8861738e-08
1.6559779e-06
-3.7208682e-08
1.6623582e-06
-3.5492837e-08
1.6679109e-06
-3.3676901e-08
1.6726671e-06
-3.1721357e-08
1.6767337e-06
-2.96437e-08
1.6799641e-06
-2.7429369e-08
1.6821759e-06
-2.5115723e-08
1.6838464e-06
-2.2676037e-08
1.684854e-06
-2.0173311e-08
1.685068e-06
-1.7476455e-08
1.6846352e-06
-1.489232e-08
1.6835108e-06
-1.2278829e-08
1.6816744e-06
-9.5986654e-09
1.6791514e-06
-6.8866219e-09
1.6758694e-06
-4.1028367e-09
1.6718658e-06
-1.2620638e-09
1.6672259e-06
1.6308985e-09
1.6619822e-06
4.565043e-09
1.6561674e-06
7.5531945e-09
1.6498084e-06
1.0555907e-08
1.6429186e-06
1.3541115e-08
1.6355153e-06
1.648505e-08
1.6276255e-06
1.9355773e-08
1.6192671e-06
2.2149979e-08
1.6104531e-06
2.4876324e-08
1.6012367e-06
2.7508681e-08
1.5918218e-06
2.9863938e-08
1.5821184e-06
3.2262127e-08
1.572128e-06
3.4526746e-08
1.5618862e-06
3.6623757e-08
1.5514565e-06
3.8583804e-08
1.5408572e-06
4.0455604e-08
1.5301134e-06
4.2214946e-08
1.5192327e-06
4.3845726e-08
1.5082307e-06
4.5348392e-08
1.4971218e-06
4.6693247e-08
1.4859423e-06
4.7956345e-08
1.4747249e-06
4.9067214e-08
1.4634833e-06
5.0147321e-08
1.452243e-06
5.099216e-08
1.4410202e-06
5.1883733e-08
1.4298716e-06
5.242442e-08
1.4187823e-06
5.3109418e-08
1.407788e-06
5.3445731e-08
1.3968261e-06
5.3844849e-08
1.3857602e-06
5.407392e-08
5.3842962e-08
1.2093496e-06
-2.4398243e-09
1.2105103e-06
-5.5342122e-09
1.2123809e-06
-9.2014201e-09
1.2146189e-06
-1.1665374e-08
1.2171157e-06
-1.3800082e-08
1.2197222e-06
-1.5365596e-08
1.2223293e-06
-1.6418753e-08
1.2248879e-06
-1.70957e-08
1.2273398e-06
-1.7468945e-08
1.2296939e-06
-1.7628297e-08
1.2319577e-06
-1.7635914e-08
1.2341218e-06
-1.7533655e-08
1.2361951e-06
-1.734901e-08
1.2381937e-06
-1.712384e-08
1.2401241e-06
-1.686159e-08
1.2420028e-06
-1.6594679e-08
1.2438342e-06
-1.6313104e-08
1.245623e-06
-1.6028537e-08
1.2473743e-06
-1.5744828e-08
1.2490972e-06
-1.5471517e-08
1.250797e-06
-1.5207359e-08
1.2524821e-06
-1.4957043e-08
1.2541544e-06
-1.471971e-08
1.2558224e-06
-1.449439e-08
1.2574919e-06
-1.4283779e-08
1.2591702e-06
-1.4088828e-08
1.2608601e-06
-1.3908648e-08
1.2625598e-06
-1.3735642e-08
1.2642714e-06
-1.357332e-08
1.2659957e-06
-1.3420328e-08
1.2677316e-06
-1.3275167e-08
1.2694824e-06
-1.3141743e-08
1.2712476e-06
-1.3017034e-08
1.2730271e-06
-1.2900917e-08
1.2748221e-06
-1.2791858e-08
1.2766321e-06
-1.2690573e-08
1.2784603e-06
-1.2596056e-08
1.2803055e-06
-1.2507761e-08
1.2821722e-06
-1.2428238e-08
1.2840431e-06
-1.2343382e-08
1.2859193e-06
-1.2261862e-08
1.2878087e-06
-1.2192757e-08
1.2897149e-06
-1.2129994e-08
1.2916372e-06
-1.206908e-08
1.2935741e-06
-1.201373e-08
1.2955247e-06
-1.1958027e-08
1.2974877e-06
-1.190825e-08
1.2994637e-06
-1.1860251e-08
1.3014499e-06
-1.1812213e-08
1.3034472e-06
-1.1771633e-08
1.3054545e-06
-1.1728178e-08
1.3074705e-06
-1.1690894e-08
1.3094953e-06
-1.1652569e-08
1.3115267e-06
-1.1619307e-08
1.3135656e-06
-1.15846e-08
1.3156091e-06
-1.1555797e-08
1.3176651e-06
-1.1517663e-08
1.319726e-06
-1.1482049e-08
1.3217904e-06
-1.1452831e-08
1.3238583e-06
-1.1427186e-08
1.3259295e-06
-1.1401279e-08
1.3280041e-06
-1.1376715e-08
1.3300819e-06
-1.1351901e-08
1.3321619e-06
-1.1328793e-08
1.3342442e-06
-1.1305077e-08
1.3363277e-06
-1.1283398e-08
1.3384128e-06
-1.1260502e-08
1.340498e-06
-1.1240246e-08
1.342584e-06
-1.1217772e-08
1.3446693e-06
-1.1199083e-08
1.3467546e-06
-1.1176896e-08
1.3488383e-06
-1.1160063e-08
1.3509207e-06
-1.1137471e-08
1.3529988e-06
-1.1121121e-08
1.3550757e-06
-1.1096292e-08
1.357151e-06
-1.1080302e-08
1.3592329e-06
-1.1058087e-08
1.3613093e-06
-1.1037793e-08
1.3633758e-06
-1.1022964e-08
1.3654448e-06
-1.1004138e-08
1.367508e-06
-1.098695e-08
1.3695646e-06
-1.0970999e-08
1.3716189e-06
-1.0954614e-08
1.3736693e-06
-1.0937574e-08
1.3757151e-06
-1.0921101e-08
1.3777563e-06
-1.0905268e-08
1.3797932e-06
-1.0887993e-08
1.3818249e-06
-1.0872701e-08
1.3838517e-06
-1.0855331e-08
1.3858737e-06
-1.0839456e-08
1.3878901e-06
-1.0823334e-08
1.3899011e-06
-1.080596e-08
1.3919069e-06
-1.0790133e-08
1.3939062e-06
-1.0773895e-08
1.3958997e-06
-1.075481e-08
1.3978869e-06
-1.0738714e-08
1.3998711e-06
-1.0721438e-08
1.40185e-06
-1.0701907e-08
1.4038246e-06
-1.0678703e-08
1.405795e-06
-1.0656986e-08
1.40776e-06
-1.0641338e-08
1.4097201e-06
-1.0626954e-08
1.4116722e-06
-1.0614672e-08
1.4136153e-06
-1.0601363e-08
1.41555e-06
-1.0586114e-08
1.4174757e-06
-1.0572937e-08
1.4193952e-06
-1.0559745e-08
1.4213077e-06
-1.0544186e-08
1.4232163e-06
-1.052819e-08
1.4251166e-06
-1.0514464e-08
1.427012e-06
-1.0497125e-08
1.4289015e-06
-1.0482064e-08
1.4307832e-06
-1.0467115e-08
1.4326627e-06
-1.0449678e-08
1.4345325e-06
-1.043585e-08
1.4363948e-06
-1.0419931e-08
1.4382518e-06
-1.0403843e-08
1.4400978e-06
-1.0389256e-08
1.4419398e-06
-1.0369607e-08
1.4437766e-06
-1.035232e-08
1.4456061e-06
-1.0334976e-08
1.4474335e-06
-1.0315566e-08
1.4492527e-06
-1.0298755e-08
1.4510636e-06
-1.0281661e-08
1.4528698e-06
-1.0264704e-08
1.4546675e-06
-1.0249871e-08
1.4564553e-06
-1.0233353e-08
1.4582378e-06
-1.0214497e-08
1.4600174e-06
-1.0194732e-08
1.4617942e-06
-1.017571e-08
1.463565e-06
-1.0159412e-08
1.4653251e-06
-1.0143736e-08
1.4670763e-06
-1.0128044e-08
1.4688212e-06
-1.0111706e-08
1.4705599e-06
-1.0096332e-08
1.4722935e-06
-1.0081082e-08
1.4740217e-06
-1.0066747e-08
1.4757461e-06
-1.0051715e-08
1.4774651e-06
-1.003659e-08
1.4791764e-06
-1.0022741e-08
1.4808806e-06
-1.000836e-08
1.4825781e-06
-9.9909649e-09
1.484268e-06
-9.9755377e-09
1.4859541e-06
-9.9577036e-09
1.4876334e-06
-9.9402842e-09
1.489304e-06
-9.9253663e-09
1.4909687e-06
-9.9093951e-09
1.4926256e-06
-9.8949662e-09
1.4942729e-06
-9.8811981e-09
1.4959134e-06
-9.8654609e-09
1.4975473e-06
-9.8495239e-09
1.4991733e-06
-9.8331583e-09
1.5007933e-06
-9.8148507e-09
1.5024058e-06
-9.7956243e-09
1.5040115e-06
-9.773796e-09
1.5056117e-06
-9.7496429e-09
1.5072084e-06
-9.7232009e-09
1.5088025e-06
-9.696806e-09
1.5103941e-06
-9.6713508e-09
1.5119834e-06
-9.6473887e-09
1.5135693e-06
-9.6259947e-09
1.5151499e-06
-9.6069273e-09
1.5167245e-06
-9.5889652e-09
1.5182934e-06
-9.5707144e-09
1.5198555e-06
-9.5529975e-09
1.5214094e-06
-9.5350221e-09
1.5229543e-06
-9.5163966e-09
1.5244908e-06
-9.4969179e-09
1.5260216e-06
-9.4750594e-09
1.5275482e-06
-9.4535353e-09
1.5290699e-06
-9.4324446e-09
1.5305867e-06
-9.4117749e-09
1.532099e-06
-9.3916857e-09
1.533607e-06
-9.3712686e-09
1.5351104e-06
-9.3514743e-09
1.5366081e-06
-9.3316426e-09
1.5380991e-06
-9.3107495e-09
1.5395826e-06
-9.2896992e-09
1.5410581e-06
-9.267795e-09
1.5425254e-06
-9.2448675e-09
1.5439845e-06
-9.2209462e-09
1.5454366e-06
-9.1951202e-09
1.5468816e-06
-9.1703725e-09
1.5483206e-06
-9.1441521e-09
1.5497533e-06
-9.1178256e-09
1.5511793e-06
-9.092413e-09
1.5526003e-06
-9.0647476e-09
1.5540168e-06
-9.0368379e-09
1.5554287e-06
-9.0085415e-09
1.5568363e-06
-8.9789598e-09
1.5582389e-06
-8.9495806e-09
1.5596369e-06
-8.9197245e-09
1.5610305e-06
-8.8898791e-09
1.5624204e-06
-8.8591232e-09
1.5638061e-06
-8.8283505e-09
1.5651881e-06
-8.7962682e-09
1.5665657e-06
-8.7653595e-09
1.5679378e-06
-8.7346836e-09
1.569304e-06
-8.7044572e-09
1.5706636e-06
-8.6748533e-09
1.5720179e-06
-8.6448657e-09
1.5733667e-06
-8.6164378e-09
1.5747114e-06
-8.5887693e-09
1.5760538e-06
-8.562608e-09
1.5773941e-06
-8.5363068e-09
1.5787338e-06
-8.5091743e-09
1.5800757e-06
-8.4855971e-09
1.5814179e-06
-8.4654004e-09
1.5827586e-06
-8.446551e-09
1.5840969e-06
-8.4321745e-09
1.5854294e-06
-8.4209084e-09
1.5867541e-06
-8.4087048e-09
1.588071e-06
-8.3986396e-09
1.5893787e-06
-8.3895864e-09
1.5906751e-06
-8.3758094e-09
1.5919598e-06
-8.3598608e-09
1.5932342e-06
-8.3402063e-09
1.5944982e-06
-8.3165892e-09
1.5957535e-06
-8.2920639e-09
1.5970037e-06
-8.2722846e-09
1.5982506e-06
-8.2548759e-09
1.5994963e-06
-8.2419578e-09
1.6007421e-06
-8.2303551e-09
1.6019885e-06
-8.2196472e-09
1.603235e-06
-8.207877e-09
1.6044799e-06
-8.1934366e-09
1.6057215e-06
-8.1753488e-09
1.6069535e-06
-8.1505789e-09
1.6081754e-06
-8.1266398e-09
1.6093883e-06
-8.1071763e-09
1.6105877e-06
-8.0842626e-09
1.6117765e-06
-8.0659612e-09
1.612958e-06
-8.0548124e-09
1.6141288e-06
-8.0419977e-09
1.6152868e-06
-8.0286009e-09
1.6164353e-06
-8.0163827e-09
1.617578e-06
-8.0059981e-09
1.6187109e-06
-7.9840099e-09
1.619838e-06
-7.9654394e-09
1.6209605e-06
-7.9454705e-09
1.622078e-06
-7.9241946e-09
1.6231897e-06
-7.9028051e-09
1.6242973e-06
-7.8823441e-09
1.6254039e-06
-7.8650264e-09
1.6265107e-06
-7.8493918e-09
1.6276139e-06
-7.8289437e-09
1.6287184e-06
-7.8133788e-09
1.6298267e-06
-7.8041462e-09
1.6309317e-06
-7.7860975e-09
1.6320332e-06
-7.7689375e-09
1.6331341e-06
-7.7578584e-09
1.6342309e-06
-7.7431532e-09
1.6353225e-06
-7.7299838e-09
1.6364068e-06
-7.7130262e-09
1.6374807e-06
-7.6914244e-09
1.638545e-06
-7.6737874e-09
1.6395978e-06
-7.6518241e-09
1.6406402e-06
-7.6313706e-09
1.6416732e-06
-7.6109532e-09
1.6426978e-06
-7.5899949e-09
1.6437163e-06
-7.5749442e-09
1.6447318e-06
-7.5629343e-09
1.6457463e-06
-7.5560997e-09
1.6467592e-06
-7.5499988e-09
1.6477697e-06
-7.5457334e-09
1.6487791e-06
-7.5459163e-09
1.6497854e-06
-7.5449789e-09
1.6507928e-06
-7.5459865e-09
1.6518033e-06
-7.554005e-09
1.6528127e-06
-7.5563817e-09
1.6538253e-06
-7.5628739e-09
1.6548406e-06
-7.5724977e-09
1.6558527e-06
-7.5759097e-09
1.6568625e-06
-7.5792426e-09
1.6578689e-06
-7.5815225e-09
1.6588687e-06
-7.5819169e-09
1.6598639e-06
-7.5822233e-09
1.660854e-06
-7.5752586e-09
1.661839e-06
-7.5725448e-09
1.6628228e-06
-7.578528e-09
1.6638078e-06
-7.5823676e-09
1.6647974e-06
-7.5929094e-09
1.6657863e-06
-7.5994122e-09
1.6667784e-06
-7.5982736e-09
1.6677747e-06
-7.5919826e-09
1.6687682e-06
-7.5832864e-09
1.6697615e-06
-7.5741413e-09
1.6707601e-06
-7.5680235e-09
1.6717567e-06
-7.5570412e-09
1.6727422e-06
-7.5405122e-09
1.6737311e-06
-7.532821e-09
1.6747271e-06
-7.5346871e-09
1.6757121e-06
-7.5119702e-09
1.676686e-06
-7.4788264e-09
1.6776536e-06
-7.4492195e-09
1.6786101e-06
-7.4078934e-09
1.6795493e-06
-7.3518205e-09
1.680479e-06
-7.3015474e-09
1.6814012e-06
-7.2538358e-09
1.6822998e-06
-7.1852262e-09
1.6831799e-06
-7.1219755e-09
1.6840486e-06
-7.0771407e-09
1.6849026e-06
-7.0242629e-09
1.6857431e-06
-6.9801849e-09
1.6865754e-06
-6.9441257e-09
1.6874091e-06
-6.9273587e-09
1.6882335e-06
-6.9020567e-09
1.6890458e-06
-6.8709665e-09
1.6898455e-06
-6.8365815e-09
1.6906305e-06
-6.794779e-09
1.6913928e-06
-6.7510157e-09
1.6921325e-06
-6.7079244e-09
1.6928673e-06
-6.6846093e-09
1.6935987e-06
-6.6562138e-09
1.6943137e-06
-6.6221868e-09
1.6950119e-06
-6.5937513e-09
1.6957178e-06
-6.5838219e-09
1.6964249e-06
-6.5755019e-09
1.6971347e-06
-6.5772494e-09
1.6978601e-06
-6.5929284e-09
1.6985928e-06
-6.5991479e-09
1.6993394e-06
-6.617956e-09
1.7001032e-06
-6.6590986e-09
1.7008675e-06
-6.6846262e-09
1.7016614e-06
-6.7293939e-09
1.7025007e-06
-6.8003669e-09
1.7033107e-06
-6.7970363e-09
1.7041351e-06
-6.8300556e-09
1.7049975e-06
-6.9120594e-09
1.7058405e-06
-6.9118751e-09
1.7066943e-06
-6.9018458e-09
1.7075665e-06
-6.9069808e-09
1.7084015e-06
-6.894171e-09
1.7091828e-06
-6.8186043e-09
1.7099941e-06
-6.8013364e-09
1.7108006e-06
-6.7926913e-09
1.7115274e-06
-6.7063328e-09
1.7122321e-06
-6.6326526e-09
1.7129519e-06
-6.6053985e-09
1.7136309e-06
-6.5424204e-09
1.7142432e-06
-6.4296644e-09
1.7148957e-06
-6.4096377e-09
1.7155442e-06
-6.3678045e-09
1.7161094e-06
-6.2576406e-09
1.7166562e-06
-6.1680563e-09
1.7172703e-06
-6.1563403e-09
1.7178728e-06
-6.1062426e-09
1.7184002e-06
-5.9997647e-09
1.7188909e-06
-5.8888241e-09
1.7194118e-06
-5.8522533e-09
1.7199436e-06
-5.8438214e-09
1.7204296e-06
-5.7884835e-09
1.7208991e-06
-5.7411742e-09
1.7213865e-06
-5.7239973e-09
1.7218567e-06
-5.6915286e-09
1.7222972e-06
-5.6462315e-09
1.7227106e-06
-5.5987344e-09
1.7231114e-06
-5.5479168e-09
1.7235169e-06
-5.5241989e-09
1.7239155e-06
-5.5118421e-09
1.7242797e-06
-5.4802776e-09
1.7246402e-06
-5.4398224e-09
1.7250198e-06
-5.4195262e-09
1.7253738e-06
-5.3960019e-09
1.7257072e-06
-5.3626961e-09
1.7260892e-06
-5.3711786e-09
1.7264546e-06
-5.3183635e-09
1.7267701e-06
-5.2456208e-09
1.7271097e-06
-5.2377622e-09
1.727435e-06
-5.2129057e-09
1.7277222e-06
-5.1862585e-09
1.7280501e-06
-5.1866413e-09
1.7284063e-06
-5.1947362e-09
1.7286922e-06
-5.1354387e-09
1.7289979e-06
-5.1218634e-09
1.7293294e-06
-5.1091487e-09
1.7296063e-06
-5.046159e-09
1.7299042e-06
-5.0384474e-09
1.730218e-06
-4.9871489e-09
1.7304425e-06
-4.8829807e-09
1.7306118e-06
-4.8166733e-09
1.7307475e-06
-4.685202e-09
1.7308929e-06
-4.6381223e-09
1.730984e-06
-4.5402171e-09
1.7310796e-06
-4.4655972e-09
1.7311785e-06
-4.3866804e-09
1.7312582e-06
-4.3548036e-09
1.7312594e-06
-4.2264481e-09
1.7312899e-06
-4.1755444e-09
1.7313565e-06
-4.1359076e-09
1.7313672e-06
-4.050142e-09
1.7312814e-06
-3.8683883e-09
1.7311982e-06
-3.7356207e-09
1.731136e-06
-3.6555559e-09
1.7310172e-06
-3.516071e-09
1.7308349e-06
-3.3413654e-09
1.7306403e-06
-3.1903515e-09
1.7304173e-06
-3.032798e-09
1.7301753e-06
-2.896603e-09
1.7299435e-06
-2.7915985e-09
1.7296871e-06
-2.6623299e-09
1.7293863e-06
-2.4934974e-09
1.729091e-06
-2.3628561e-09
1.7287735e-06
-2.199203e-09
1.7283973e-06
-1.9802635e-09
1.7280065e-06
-1.8063502e-09
1.7275753e-06
-1.5972321e-09
1.7270613e-06
-1.3359323e-09
1.7264948e-06
-1.067503e-09
1.7258861e-06
-8.214216e-10
1.7252234e-06
-5.702776e-10
1.7244889e-06
-2.8565283e-10
1.7236711e-06
2.1633362e-11
1.7228015e-06
2.8749447e-10
1.7219078e-06
5.0691185e-10
1.7209917e-06
7.1359052e-10
1.7200621e-06
9.001111e-10
1.7191431e-06
1.0359749e-09
1.718228e-06
1.1577383e-09
1.7173112e-06
1.2686203e-09
1.716388e-06
1.3716894e-09
1.7154522e-06
1.4694503e-09
1.7144997e-06
1.5601636e-09
1.713532e-06
1.6462147e-09
1.7125632e-06
1.7122277e-09
1.7116007e-06
1.7552715e-09
1.7106464e-06
1.7990165e-09
1.7097075e-06
1.836205e-09
1.708781e-06
1.8485702e-09
1.7078518e-06
1.9047155e-09
1.7069124e-06
1.9822579e-09
1.705954e-06
2.0159496e-09
1.7049547e-06
2.1247226e-09
1.7039177e-06
2.2387208e-09
1.7028507e-06
2.3199469e-09
1.7017582e-06
2.4060531e-09
1.7006396e-06
2.4878535e-09
1.6995007e-06
2.5565376e-09
1.6983528e-06
2.6038323e-09
1.6971998e-06
2.6377993e-09
1.696046e-06
2.6581399e-09
1.6949001e-06
2.6554612e-09
1.6937727e-06
2.6261944e-09
1.6926717e-06
2.5742111e-09
1.6916071e-06
2.4951166e-09
1.6905852e-06
2.3930684e-09
1.6896097e-06
2.2730227e-09
1.688682e-06
2.1331115e-09
1.687811e-06
1.9711601e-09
1.6870313e-06
1.7862165e-09
1.6863144e-06
1.5888881e-09
1.6856437e-06
1.3811663e-09
1.6850536e-06
1.1449455e-09
1.6845471e-06
8.7956842e-10
1.6841311e-06
5.8903549e-10
1.6838078e-06
2.8190517e-10
1.6835791e-06
-4.7242654e-11
1.6834508e-06
-3.981504e-10
1.6834269e-06
-7.7013951e-10
1.6835081e-06
-1.1687948e-09
1.6837067e-06
-1.5999686e-09
1.684022e-06
-2.0537478e-09
1.6844468e-06
-2.5334157e-09
1.6850072e-06
-3.04393e-09
1.6856858e-06
-3.5671635e-09
1.6864893e-06
-4.1108743e-09
1.6874541e-06
-4.6985873e-09
1.6885379e-06
-5.271418e-09
1.6897431e-06
-5.8755711e-09
1.6911469e-06
-6.4979431e-09
1.6927013e-06
-7.1068302e-09
1.6943601e-06
-7.7446303e-09
1.6962145e-06
-8.3823593e-09
1.6982778e-06
-9.022314e-09
1.7004633e-06
-9.6698018e-09
1.7029072e-06
-1.0353691e-08
1.7055371e-06
-1.1072493e-08
1.7084171e-06
-1.1723869e-08
1.7114268e-06
-1.2533879e-08
1.7144879e-06
-1.3153582e-08
1.7180482e-06
-1.403964e-08
1.7219455e-06
-1.4856341e-08
1.7261347e-06
-1.5291326e-08
1.7305753e-06
-1.5884711e-08
1.7349399e-06
-1.6155113e-08
1.739345e-06
-1.6524222e-08
1.7440674e-06
-1.6940217e-08
1.7488035e-06
-1.7263248e-08
1.7535017e-06
-1.7485832e-08
1.758436e-06
-1.7835271e-08
1.7633739e-06
-1.8211589e-08
1.7682457e-06
-1.8296512e-08
1.7732089e-06
-1.8565293e-08
1.7780476e-06
-1.8814175e-08
1.7828793e-06
-1.9058367e-08
1.7876871e-06
-1.9258337e-08
1.7923586e-06
-1.9379253e-08
1.7970776e-06
-1.9525513e-08
1.801784e-06
-1.9643064e-08
1.8063517e-06
-1.9739935e-08
1.8107407e-06
-1.9531297e-08
1.8149492e-06
-1.9294259e-08
1.8189131e-06
-1.9252425e-08
1.8227328e-06
-1.9040154e-08
1.8262506e-06
-1.8766692e-08
1.8295463e-06
-1.8588054e-08
1.8326902e-06
-1.8329521e-08
1.8354051e-06
-1.7909659e-08
1.8375959e-06
-1.7426995e-08
1.8395807e-06
-1.7108898e-08
1.8409838e-06
-1.6489687e-08
1.8418268e-06
-1.5585323e-08
1.8423279e-06
-1.4731573e-08
1.8424082e-06
-1.4062117e-08
1.8419526e-06
-1.3051593e-08
1.8411468e-06
-1.194752e-08
1.8399036e-06
-1.0953371e-08
1.8378644e-06
-9.7306616e-09
1.8354002e-06
-8.3252005e-09
1.8324299e-06
-6.9549957e-09
1.8288012e-06
-5.4716365e-09
1.824682e-06
-3.8789372e-09
1.8200726e-06
-2.2800255e-09
1.814933e-06
-6.4490013e-10
1.8093331e-06
1.0317245e-09
1.8032802e-06
2.6986418e-09
1.7967727e-06
4.3689963e-09
1.7898651e-06
6.0306613e-09
1.7825663e-06
7.6604953e-09
1.7749021e-06
9.2670107e-09
1.7669138e-06
1.084365e-08
1.7586136e-06
1.2370929e-08
1.7500147e-06
1.3870683e-08
1.7411385e-06
1.5330848e-08
1.7320274e-06
1.6737317e-08
1.7227712e-06
1.807897e-08
1.7133554e-06
1.9377432e-08
1.7037299e-06
2.0679667e-08
1.6940295e-06
2.1903707e-08
1.684225e-06
2.3044047e-08
1.6742092e-06
2.4252362e-08
1.6642888e-06
2.5297844e-08
1.6543623e-06
2.619606e-08
1.6441498e-06
2.735471e-08
1.6340836e-06
2.8327881e-08
1.6240926e-06
2.9052027e-08
1.6140014e-06
2.9954831e-08
1.6040691e-06
3.0717703e-08
1.5941182e-06
3.1460959e-08
1.5842152e-06
3.2253019e-08
1.5744459e-06
3.2880866e-08
1.5644836e-06
3.3697816e-08
1.5547217e-06
3.4238946e-08
1.5451553e-06
3.4619378e-08
1.5353637e-06
3.5373081e-08
1.5256622e-06
3.5935964e-08
1.5160712e-06
3.6327265e-08
1.5063753e-06
3.6931065e-08
1.496717e-06
3.7560565e-08
1.4872862e-06
3.7798736e-08
1.4779463e-06
3.8023425e-08
1.4686256e-06
3.8438374e-08
1.4595036e-06
3.8689348e-08
1.4505005e-06
3.8839908e-08
1.4415183e-06
3.9132716e-08
1.4326154e-06
3.9444124e-08
1.4237267e-06
3.9665666e-08
1.4148292e-06
3.9870643e-08
1.4060556e-06
3.9981506e-08
1.3974348e-06
3.9991451e-08
1.3888898e-06
4.0028922e-08
1.3803592e-06
4.0129572e-08
1.3718887e-06
4.0163501e-08
1.3635308e-06
4.0096284e-08
1.3552606e-06
3.9981637e-08
1.3470808e-06
3.9779586e-08
1.3390316e-06
3.9452762e-08
1.3311451e-06
3.901411e-08
1.3234218e-06
3.849616e-08
1.3158657e-06
3.7876533e-08
1.3085409e-06
3.7100766e-08
1.3014536e-06
3.6255435e-08
1.2945622e-06
3.5363559e-08
1.2879623e-06
3.4319473e-08
1.281637e-06
3.330955e-08
1.2754387e-06
3.238661e-08
1.2695318e-06
3.1253017e-08
1.2639606e-06
3.0193788e-08
1.2583987e-06
2.9448518e-08
1.2529827e-06
2.8450623e-08
1.248016e-06
2.7305691e-08
1.243115e-06
2.6629447e-08
1.2381297e-06
2.5895892e-08
1.2335458e-06
2.4691341e-08
1.2293172e-06
2.3744483e-08
1.2250121e-06
2.3175026e-08
1.2206874e-06
2.2295238e-08
1.216862e-06
2.0994038e-08
1.2134115e-06
2.0156078e-08
1.2097078e-06
1.9713019e-08
1.205988e-06
1.8568281e-08
1.2030966e-06
1.7158138e-08
1.2003811e-06
1.6656651e-08
1.197096e-06
1.5998658e-08
1.1943828e-06
1.4362641e-08
1.1924063e-06
1.3292586e-08
1.1900966e-06
1.2723279e-08
1.1876028e-06
1.14707e-08
1.1858581e-06
1.0019487e-08
1.1843256e-06
9.1133354e-09
1.1825488e-06
8.0760088e-09
1.1810946e-06
6.7189401e-09
1.1800596e-06
5.5312976e-09
1.1790467e-06
4.4048054e-09
1.1781127e-06
3.1686542e-09
1.1774762e-06
1.8737314e-09
1.1771786e-06
5.3305138e-10
1.1771247e-06
-7.4445516e-10
1.1772017e-06
-1.8794899e-09
1.1773557e-06
-3.0883958e-09
1.1778344e-06
-4.2531232e-09
1.1789912e-06
-5.8041936e-09
1.1804293e-06
-6.9430794e-09
1.182242e-06
-7.9496161e-09
1.1845751e-06
-8.7131427e-09
1.1872374e-06
-9.1797929e-09
1.1903065e-06
-9.9323012e-09
1.1940122e-06
-1.0740807e-08
1.1979931e-06
-1.1480113e-08
1.2021897e-06
-1.2288535e-08
1.2067997e-06
-1.3278929e-08
1.2117643e-06
-1.4334728e-08
1.217098e-06
-1.5457613e-08
1.222845e-06
-1.6622615e-08
1.2290287e-06
-1.7834533e-08
1.2356628e-06
-1.907057e-08
1.2427636e-06
-2.0340326e-08
1.2503545e-06
-2.1637068e-08
1.258455e-06
-2.2966979e-08
1.2670906e-06
-2.4327851e-08
1.2762834e-06
-2.5722686e-08
1.2860575e-06
-2.7149234e-08
1.2964318e-06
-2.8607097e-08
1.3074226e-06
-3.0092815e-08
1.3190398e-06
-3.1602887e-08
1.3312866e-06
-3.3131411e-08
1.3441573e-06
-3.4671467e-08
1.3576359e-06
-3.6213246e-08
1.3716947e-06
-3.7746949e-08
1.3862957e-06
-3.9262941e-08
1.4013897e-06
-4.0748669e-08
1.4169153e-06
-4.2189396e-08
1.4328009e-06
-4.3571815e-08
1.4489632e-06
-4.4880877e-08
1.4653168e-06
-4.6112028e-08
1.4817684e-06
-4.7250162e-08
1.4982069e-06
-4.8260175e-08
1.5145091e-06
-4.9120459e-08
1.5305601e-06
-4.9824469e-08
1.5462587e-06
-5.0393779e-08
1.5615512e-06
-5.084358e-08
1.5763357e-06
-5.1094597e-08
1.5905418e-06
-5.1179413e-08
1.6041209e-06
-5.110892e-08
1.6170127e-06
-5.0862057e-08
1.6291046e-06
-5.0434211e-08
1.6402749e-06
-4.9724215e-08
1.6504853e-06
-4.8833879e-08
1.6597969e-06
-4.785204e-08
1.6682461e-06
-4.6698623e-08
1.6757926e-06
-4.5321657e-08
1.6824215e-06
-4.3859538e-08
1.6882354e-06
-4.2202188e-08
1.6933897e-06
-4.0431469e-08
1.6978561e-06
-3.8546741e-08
1.701264e-06
-3.6447534e-08
1.7037988e-06
-3.4173068e-08
1.7057853e-06
-3.1789904e-08
1.7070334e-06
-2.9301773e-08
1.7075588e-06
-2.6742163e-08
1.7074381e-06
-2.4091014e-08
1.7066403e-06
-2.1309234e-08
1.7046829e-06
-1.7814223e-08
1.7022104e-06
-1.5047473e-08
1.6992011e-06
-1.2210794e-08
1.695639e-06
-9.2763703e-09
1.691479e-06
-6.2531922e-09
1.6867329e-06
-3.1587946e-09
1.6814459e-06
-4.3813397e-11
1.675637e-06
3.1082563e-09
1.6693188e-06
6.2932606e-09
1.6625161e-06
9.5126516e-09
1.6552463e-06
1.2736204e-08
1.6475244e-06
1.5936068e-08
1.6393708e-06
1.9084407e-08
1.6308002e-06
2.2156187e-08
1.6218513e-06
2.5124631e-08
1.6125831e-06
2.7979838e-08
1.6030123e-06
3.0738845e-08
1.5929623e-06
3.3409534e-08
1.5825241e-06
3.604805e-08
1.571707e-06
3.8564562e-08
1.5605367e-06
4.0909041e-08
1.5491106e-06
4.3039208e-08
1.5375458e-06
4.4983914e-08
1.5258786e-06
4.6799895e-08
1.5141319e-06
4.8484952e-08
1.5023215e-06
5.0046327e-08
1.4904715e-06
5.1445011e-08
1.4786305e-06
5.2731612e-08
1.4668362e-06
5.3846495e-08
1.4550906e-06
5.4947122e-08
1.4434365e-06
5.5787963e-08
1.4318211e-06
5.6746634e-08
1.4203439e-06
5.7273728e-08
1.4089109e-06
5.8057107e-08
1.3977186e-06
5.8314376e-08
1.3863549e-06
5.9064592e-08
1.3746909e-06
5.9783432e-08
5.8870948e-08
1.2097176e-06
-3.4213916e-09
1.2113429e-06
-7.1594419e-09
1.2138466e-06
-1.1705106e-08
1.2167538e-06
-1.4572584e-08
1.2199014e-06
-1.6947667e-08
1.2230738e-06
-1.8538021e-08
1.2261817e-06
-1.9526653e-08
1.2290911e-06
-2.0005057e-08
1.2318507e-06
-2.0228613e-08
1.2345171e-06
-2.0294664e-08
1.237027e-06
-2.0145811e-08
1.2394019e-06
-1.9908534e-08
1.2416726e-06
-1.9619756e-08
1.2438665e-06
-1.9317763e-08
1.2459995e-06
-1.8994596e-08
1.2481006e-06
-1.8695819e-08
1.2501853e-06
-1.8397806e-08
1.2522681e-06
-1.8111407e-08
1.2543637e-06
-1.7840427e-08
1.2564799e-06
-1.7587658e-08
1.2586219e-06
-1.7349461e-08
1.260795e-06
-1.7130213e-08
1.2629957e-06
-1.6920428e-08
1.2652337e-06
-1.6732538e-08
1.2675082e-06
-1.6558349e-08
1.2698189e-06
-1.6399546e-08
1.2721429e-06
-1.6232788e-08
1.2744962e-06
-1.6089032e-08
1.2768842e-06
-1.5961477e-08
1.2793088e-06
-1.584504e-08
1.2817687e-06
-1.573525e-08
1.2842603e-06
-1.5633516e-08
1.2867812e-06
-1.5538042e-08
1.2893288e-06
-1.5448768e-08
1.2919021e-06
-1.5365309e-08
1.2944984e-06
-1.5287148e-08
1.2971169e-06
-1.5214737e-08
1.2997546e-06
-1.5145824e-08
1.3024094e-06
-1.5083298e-08
1.3050844e-06
-1.5018733e-08
1.3077769e-06
-1.4954733e-08
1.3104813e-06
-1.4897468e-08
1.3131967e-06
-1.4845858e-08
1.3159225e-06
-1.479525e-08
1.3186574e-06
-1.4749115e-08
1.3213997e-06
-1.4700766e-08
1.3241487e-06
-1.4657692e-08
1.3269023e-06
-1.4614444e-08
1.3296598e-06
-1.4570213e-08
1.3324195e-06
-1.4531888e-08
1.335181e-06
-1.4490312e-08
1.3379424e-06
-1.4452971e-08
1.3407032e-06
-1.4414006e-08
1.3434615e-06
-1.4378331e-08
1.3462162e-06
-1.4339994e-08
1.348964e-06
-1.4304365e-08
1.3517119e-06
-1.426635e-08
1.3544585e-06
-1.4229462e-08
1.3571988e-06
-1.4194003e-08
1.3599314e-06
-1.4160742e-08
1.3626564e-06
-1.4127198e-08
1.3653737e-06
-1.4094979e-08
1.3680829e-06
-1.4062139e-08
1.3707838e-06
-1.4030722e-08
1.3734761e-06
-1.3998446e-08
1.3761592e-06
-1.3967643e-08
1.3788331e-06
-1.3935622e-08
1.381497e-06
-1.3905316e-08
1.3841514e-06
-1.3873484e-08
1.3867947e-06
-1.3843803e-08
1.3894284e-06
-1.3811869e-08
1.3920496e-06
-1.3782697e-08
1.3946613e-06
-1.3750672e-08
1.3972601e-06
-1.3721531e-08
1.3998519e-06
-1.3689649e-08
1.4024296e-06
-1.3659661e-08
1.4049976e-06
-1.3627799e-08
1.4075535e-06
-1.3595511e-08
1.4100965e-06
-1.3567766e-08
1.4126286e-06
-1.3538132e-08
1.4151483e-06
-1.3508648e-08
1.4176558e-06
-1.348061e-08
1.4201514e-06
-1.3452259e-08
1.422635e-06
-1.3423443e-08
1.4251066e-06
-1.3395002e-08
1.4275658e-06
-1.3366814e-08
1.4300135e-06
-1.3338135e-08
1.4324484e-06
-1.3310038e-08
1.4348716e-06
-1.3281156e-08
1.4372825e-06
-1.3252944e-08
1.4396807e-06
-1.3224323e-08
1.4420677e-06
-1.3195781e-08
1.4444419e-06
-1.3167248e-08
1.4468035e-06
-1.3138529e-08
1.4491549e-06
-1.3109287e-08
1.4514934e-06
-1.3080409e-08
1.4538184e-06
-1.3049822e-08
1.4561325e-06
-1.3019558e-08
1.4584389e-06
-1.2988843e-08
1.4607367e-06
-1.2958063e-08
1.4630226e-06
-1.2930106e-08
1.4652966e-06
-1.2903652e-08
1.4675566e-06
-1.2877694e-08
1.4698037e-06
-1.2852411e-08
1.4720391e-06
-1.2826451e-08
1.4742614e-06
-1.2800756e-08
1.4764714e-06
-1.2775303e-08
1.4786704e-06
-1.274886e-08
1.4808594e-06
-1.2722395e-08
1.4830371e-06
-1.2696966e-08
1.4852053e-06
-1.2669865e-08
1.4873633e-06
-1.2644184e-08
1.4895099e-06
-1.2617889e-08
1.4916468e-06
-1.2590668e-08
1.493772e-06
-1.2565442e-08
1.4958859e-06
-1.2538708e-08
1.497989e-06
-1.2512047e-08
1.5000808e-06
-1.2486439e-08
1.5021633e-06
-1.2457747e-08
1.5042359e-06
-1.243039e-08
1.5062992e-06
-1.240381e-08
1.508353e-06
-1.2375028e-08
1.5103962e-06
-1.2347801e-08
1.5124303e-06
-1.2321734e-08
1.5144539e-06
-1.2294733e-08
1.5164659e-06
-1.22686e-08
1.5184676e-06
-1.2242172e-08
1.5204606e-06
-1.2214972e-08
1.5224456e-06
-1.2187285e-08
1.5244219e-06
-1.2159947e-08
1.5263878e-06
-1.2133804e-08
1.5283432e-06
-1.2108357e-08
1.5302888e-06
-1.2083455e-08
1.5322253e-06
-1.2058102e-08
1.5341535e-06
-1.2033628e-08
1.5360738e-06
-1.2009319e-08
1.537986e-06
-1.1985742e-08
1.5398905e-06
-1.1961832e-08
1.5417869e-06
-1.1938122e-08
1.5436739e-06
-1.1914828e-08
1.5455506e-06
-1.1890831e-08
1.5474184e-06
-1.1865364e-08
1.5492764e-06
-1.1841144e-08
1.5511258e-06
-1.1815636e-08
1.5529667e-06
-1.1790526e-08
1.5547981e-06
-1.1766936e-08
1.5566206e-06
-1.174277e-08
1.5584334e-06
-1.1719134e-08
1.5602362e-06
-1.1695849e-08
1.5620304e-06
-1.1671812e-08
1.5638156e-06
-1.164747e-08
1.5655912e-06
-1.1622201e-08
1.5673577e-06
-1.1595593e-08
1.5691147e-06
-1.1568052e-08
1.5708634e-06
-1.1538988e-08
1.572605e-06
-1.1508653e-08
1.5743407e-06
-1.1476752e-08
1.5760711e-06
-1.1444715e-08
1.5777967e-06
-1.141351e-08
1.5795177e-06
-1.1383292e-08
1.5812333e-06
-1.1354827e-08
1.5829422e-06
-1.1327876e-08
1.5846434e-06
-1.1301712e-08
1.5863368e-06
-1.1275682e-08
1.5880213e-06
-1.1250084e-08
1.5896965e-06
-1.1224338e-08
1.5913623e-06
-1.1198163e-08
1.5930193e-06
-1.1171443e-08
1.5946689e-06
-1.1143465e-08
1.5963117e-06
-1.1115618e-08
1.5979482e-06
-1.1088064e-08
1.5995787e-06
-1.1060754e-08
1.6012029e-06
-1.1033644e-08
1.6028208e-06
-1.1006461e-08
1.6044318e-06
-1.097946e-08
1.6060345e-06
-1.0952063e-08
1.607629e-06
-1.0924234e-08
1.6092144e-06
-1.0896183e-08
1.6107899e-06
-1.0867047e-08
1.6123558e-06
-1.0837189e-08
1.6139126e-06
-1.0806972e-08
1.6154612e-06
-1.0775266e-08
1.6170016e-06
-1.0744e-08
1.6185353e-06
-1.0712252e-08
1.6200623e-06
-1.0679897e-08
1.6215822e-06
-1.0647827e-08
1.6230965e-06
-1.0614527e-08
1.624605e-06
-1.0580869e-08
1.6261075e-06
-1.0546805e-08
1.6276044e-06
-1.0511926e-08
1.6290953e-06
-1.0476966e-08
1.6305803e-06
-1.0441667e-08
1.632059e-06
-1.0406027e-08
1.6335316e-06
-1.0369865e-08
1.634998e-06
-1.0333927e-08
1.6364587e-06
-1.0297371e-08
1.6379132e-06
-1.026168e-08
1.6393609e-06
-1.022637e-08
1.6408015e-06
-1.0191282e-08
1.6422349e-06
-1.0156544e-08
1.6436633e-06
-1.0123288e-08
1.6450863e-06
-1.0090365e-08
1.646505e-06
-1.0057871e-08
1.6479244e-06
-1.0031171e-08
1.6493395e-06
-9.9987503e-09
1.6507503e-06
-9.9649005e-09
1.6521631e-06
-9.9405328e-09
1.6535748e-06
-9.9166408e-09
1.6549818e-06
-9.8912554e-09
1.6563872e-06
-9.873935e-09
1.6577865e-06
-9.856616e-09
1.6591747e-06
-9.8347419e-09
1.6605545e-06
-9.8185029e-09
1.6619256e-06
-9.8040425e-09
1.6632828e-06
-9.7807762e-09
1.6646278e-06
-9.7576143e-09
1.6659605e-06
-9.7310555e-09
1.6672774e-06
-9.6967483e-09
1.6685828e-06
-9.6644031e-09
1.6698834e-06
-9.641786e-09
1.6711813e-06
-9.6213659e-09
1.672483e-06
-9.6101114e-09
1.6737888e-06
-9.5990726e-09
1.675096e-06
-9.5860226e-09
1.6764054e-06
-9.5745492e-09
1.6777119e-06
-9.5577133e-09
1.6790058e-06
-9.530277e-09
1.6802816e-06
-9.4928216e-09
1.6815439e-06
-9.4609489e-09
1.6827911e-06
-9.4315875e-09
1.6840224e-06
-9.3968908e-09
1.6852474e-06
-9.3753103e-09
1.6864672e-06
-9.3613184e-09
1.6876767e-06
-9.3405088e-09
1.6888778e-06
-9.3209906e-09
1.6900736e-06
-9.3059009e-09
1.6912643e-06
-9.2928971e-09
1.6924453e-06
-9.2629451e-09
1.6936226e-06
-9.2420884e-09
1.6947902e-06
-9.2129633e-09
1.6959498e-06
-9.1839953e-09
1.6971038e-06
-9.1572061e-09
1.6982524e-06
-9.1310395e-09
1.6993944e-06
-9.1059706e-09
1.7005343e-06
-9.0866821e-09
1.7016725e-06
-9.0628092e-09
1.7028097e-06
-9.043863e-09
1.7039489e-06
-9.0339136e-09
1.7050833e-06
-9.0089087e-09
1.7062163e-06
-8.9883359e-09
1.7073459e-06
-8.9728949e-09
1.708471e-06
-8.9544234e-09
1.7095925e-06
-8.940011e-09
1.7107022e-06
-8.9156837e-09
1.7117958e-06
-8.883382e-09
1.7128782e-06
-8.8602912e-09
1.7139482e-06
-8.8320604e-09
1.7150068e-06
-8.8059759e-09
1.7160496e-06
-8.7742955e-09
1.7170832e-06
-8.7471745e-09
1.7181143e-06
-8.7314658e-09
1.7191387e-06
-8.713041e-09
1.7201622e-06
-8.7049292e-09
1.7211863e-06
-8.6991836e-09
1.7222108e-06
-8.6949887e-09
1.7232363e-06
-8.696265e-09
1.7242522e-06
-8.6854235e-09
1.7252675e-06
-8.6835423e-09
1.7262952e-06
-8.7010261e-09
1.7273278e-06
-8.7049252e-09
1.7283623e-06
-8.7094261e-09
1.7294018e-06
-8.7211744e-09
1.7304396e-06
-8.7223286e-09
1.7314691e-06
-8.7197645e-09
1.7324932e-06
-8.7211807e-09
1.7335174e-06
-8.726913e-09
1.7345332e-06
-8.7235268e-09
1.7355371e-06
-8.7076701e-09
1.7365475e-06
-8.7122842e-09
1.7375558e-06
-8.7162353e-09
1.7385574e-06
-8.7120298e-09
1.7395799e-06
-8.7416394e-09
1.7406098e-06
-8.7530792e-09
1.7416361e-06
-8.7425751e-09
1.7426746e-06
-8.739601e-09
1.7437252e-06
-8.7346863e-09
1.7447701e-06
-8.7135024e-09
1.7457964e-06
-8.6832608e-09
1.746818e-06
-8.663835e-09
1.747855e-06
-8.6619845e-09
1.7489164e-06
-8.6799807e-09
1.7499563e-06
-8.6629335e-09
1.7509638e-06
-8.6126652e-09
1.7519825e-06
-8.5991836e-09
1.7529943e-06
-8.57258e-09
1.7539693e-06
-8.5043186e-09
1.7549343e-06
-8.4442706e-09
1.755908e-06
-8.4079992e-09
1.7568404e-06
-8.3251597e-09
1.7577161e-06
-8.2035423e-09
1.7586176e-06
-8.1683722e-09
1.7595079e-06
-8.1165812e-09
1.7603284e-06
-8.0002689e-09
1.761154e-06
-7.9662059e-09
1.7620072e-06
-7.9611642e-09
1.762833e-06
-7.9209634e-09
1.7636322e-06
-7.875177e-09
1.7644573e-06
-7.8805944e-09
1.7652548e-06
-7.8332336e-09
1.7659727e-06
-7.7268383e-09
1.7666784e-06
-7.683723e-09
1.7674062e-06
-7.6745645e-09
1.7680977e-06
-7.6247892e-09
1.7687529e-06
-7.5672109e-09
1.7694281e-06
-7.5564888e-09
1.7700908e-06
-7.5163298e-09
1.7707371e-06
-7.4875146e-09
1.7713971e-06
-7.4856947e-09
1.7720555e-06
-7.4752005e-09
1.7727338e-06
-7.4983189e-09
1.7734646e-06
-7.543759e-09
1.774192e-06
-7.5450024e-09
1.7749117e-06
-7.5639646e-09
1.7756613e-06
-7.6053932e-09
1.7764155e-06
-7.6401152e-09
1.777201e-06
-7.7303741e-09
1.7780573e-06
-7.7891946e-09
1.7789305e-06
-7.8331568e-09
1.779733e-06
-7.8421016e-09
1.7805815e-06
-7.887714e-09
1.7814762e-06
-7.9235836e-09
1.7823055e-06
-7.8648035e-09
1.7831244e-06
-7.8483802e-09
1.7839445e-06
-7.7876723e-09
1.7847069e-06
-7.7290374e-09
1.7853872e-06
-7.6554625e-09
1.7861197e-06
-7.6409092e-09
1.786876e-06
-7.6132283e-09
1.7875445e-06
-7.5190365e-09
1.7881344e-06
-7.3915833e-09
1.7887374e-06
-7.2982229e-09
1.7893519e-06
-7.2945103e-09
1.7898996e-06
-7.1915993e-09
1.7904494e-06
-7.0926807e-09
1.7910098e-06
-7.020156e-09
1.791566e-06
-7.0058568e-09
1.7920533e-06
-6.8897839e-09
1.7925615e-06
-6.8107116e-09
1.7930897e-06
-6.7242847e-09
1.7935562e-06
-6.626685e-09
1.7939693e-06
-6.5670442e-09
1.7944309e-06
-6.5675394e-09
1.7949134e-06
-6.5501218e-09
1.7953278e-06
-6.472757e-09
1.795715e-06
-6.4225718e-09
1.7960819e-06
-6.3709527e-09
1.7964029e-06
-6.2919567e-09
1.7967366e-06
-6.2660352e-09
1.7970566e-06
-6.2409051e-09
1.7973412e-06
-6.2031345e-09
1.7976232e-06
-6.1787668e-09
1.7978887e-06
-6.1281855e-09
1.7981318e-06
-6.0851084e-09
1.7983483e-06
-6.0341172e-09
1.798591e-06
-6.0261054e-09
1.79886e-06
-6.0580096e-09
1.7990924e-06
-5.9649143e-09
1.7992673e-06
-5.8291247e-09
1.7995151e-06
-5.8923506e-09
1.7997432e-06
-5.8508736e-09
1.7999172e-06
-5.7771485e-09
1.8001157e-06
-5.8087166e-09
1.8003015e-06
-5.8080509e-09
1.8004755e-06
-5.7411622e-09
1.8006815e-06
-5.7607283e-09
1.8008569e-06
-5.7148482e-09
1.8010765e-06
-5.6952678e-09
1.8012381e-06
-5.6370966e-09
1.8013008e-06
-5.5025935e-09
1.801321e-06
-5.3798361e-09
1.8013696e-06
-5.3687632e-09
1.8014637e-06
-5.3084728e-09
1.801413e-06
-5.1317981e-09
1.8013679e-06
-5.0470317e-09
1.801381e-06
-5.0347992e-09
1.8013924e-06
-4.9618825e-09
1.8012691e-06
-4.8028626e-09
1.8011832e-06
-4.7184456e-09
1.8011694e-06
-4.7549933e-09
1.8011172e-06
-4.693741e-09
1.8009956e-06
-4.554638e-09
1.8008068e-06
-4.3197961e-09
1.8006002e-06
-4.1785162e-09
1.8003809e-06
-4.0951242e-09
1.8001309e-06
-3.9390557e-09
1.7998476e-06
-3.7444843e-09
1.7995882e-06
-3.6238363e-09
1.7992499e-06
-3.4040011e-09
1.7988178e-06
-3.177266e-09
1.798408e-06
-3.1022074e-09
1.7980495e-06
-3.0322913e-09
1.7976678e-06
-2.8482434e-09
1.7972917e-06
-2.7342741e-09
1.7968457e-06
-2.5169982e-09
1.7962555e-06
-2.1729192e-09
1.795661e-06
-2.0185644e-09
1.7951341e-06
-1.9088011e-09
1.7945313e-06
-1.6108639e-09
1.7937856e-06
-1.2393526e-09
1.7929552e-06
-9.4775165e-10
1.792107e-06
-7.2176221e-10
1.7912219e-06
-4.4204862e-10
1.7902063e-06
-3.8717918e-11
1.7891022e-06
2.9623903e-10
1.7879838e-06
5.25751e-10
1.7868245e-06
7.8427798e-10
1.7856352e-06
1.0240329e-09
1.784474e-06
1.1581545e-09
1.7833152e-06
1.3010304e-09
1.7821389e-06
1.4455384e-09
1.7809538e-06
1.5644694e-09
1.7797439e-06
1.6884978e-09
1.7785019e-06
1.8115349e-09
1.7772445e-06
1.918417e-09
1.7759979e-06
1.98856e-09
1.7747778e-06
2.0268156e-09
1.7735918e-06
2.0591346e-09
1.7724344e-06
2.0891466e-09
1.7712959e-06
2.0944979e-09
1.7701585e-06
2.1493212e-09
1.7690061e-06
2.2347098e-09
1.7678109e-06
2.2972899e-09
1.7665624e-06
2.4415723e-09
1.7652676e-06
2.5858355e-09
1.7639309e-06
2.6963143e-09
1.7625635e-06
2.803239e-09
1.7611709e-06
2.9040281e-09
1.759752e-06
2.9966278e-09
1.7583229e-06
3.056138e-09
1.756896e-06
3.0937364e-09
1.7554732e-06
3.1215088e-09
1.7540608e-06
3.1268499e-09
1.7526758e-06
3.0961731e-09
1.7513259e-06
3.0425307e-09
1.7500246e-06
2.9551606e-09
1.7487857e-06
2.8354408e-09
1.7476133e-06
2.6981364e-09
1.746514e-06
2.5389628e-09
1.7454908e-06
2.3598581e-09
1.7445372e-06
2.16389e-09
1.7436598e-06
1.9469759e-09
1.742923e-06
1.716264e-09
1.7422969e-06
1.4542323e-09
1.7417312e-06
1.1752279e-09
1.7412763e-06
8.5854479e-10
1.7409399e-06
5.2207039e-10
1.7407268e-06
1.6253932e-10
1.7406385e-06
-2.171503e-10
1.7406809e-06
-6.2000849e-10
1.7408632e-06
-1.0544836e-09
1.7411857e-06
-1.5176922e-09
1.7416569e-06
-2.0081048e-09
1.7422801e-06
-2.5242222e-09
1.7430531e-06
-3.0653533e-09
1.74399e-06
-3.6301353e-09
1.745095e-06
-4.2160107e-09
1.7463573e-06
-4.8322857e-09
1.747808e-06
-5.4626281e-09
1.749436e-06
-6.1109784e-09
1.7512346e-06
-6.7696413e-09
1.7532446e-06
-7.4533189e-09
1.7554418e-06
-8.1392977e-09
1.7578334e-06
-8.83061e-09
1.7604607e-06
-9.5617252e-09
1.7633081e-06
-1.02817e-08
1.7663801e-06
-1.1037951e-08
1.7696608e-06
-1.1812272e-08
1.7732386e-06
-1.2606024e-08
1.7770078e-06
-1.3456702e-08
1.7810506e-06
-1.4211606e-08
1.7852593e-06
-1.5137824e-08
1.7894697e-06
-1.5854484e-08
1.7941761e-06
-1.6704799e-08
1.7992118e-06
-1.7571917e-08
1.8044737e-06
-1.8024103e-08
1.8101078e-06
-1.8727448e-08
1.8157737e-06
-1.9145009e-08
1.8215079e-06
-1.9516996e-08
1.8274223e-06
-1.9917638e-08
1.8332368e-06
-2.018577e-08
1.8389903e-06
-2.0526327e-08
1.84506e-06
-2.0966257e-08
1.8510297e-06
-2.1193374e-08
1.8567214e-06
-2.124481e-08
1.8623673e-06
-2.1540898e-08
1.8679164e-06
-2.1758215e-08
1.8732081e-06
-2.1761744e-08
1.8783991e-06
-2.1956605e-08
1.8833054e-06
-2.1952998e-08
1.8878156e-06
-2.1836799e-08
1.8922443e-06
-2.1742873e-08
1.8965632e-06
-2.1608891e-08
1.9004746e-06
-2.1413303e-08
1.9040838e-06
-2.1172951e-08
1.9074023e-06
-2.0884253e-08
1.9102662e-06
-2.0556477e-08
1.9125665e-06
-2.0066238e-08
1.914536e-06
-1.9615311e-08
1.9161772e-06
-1.9103489e-08
1.9169914e-06
-1.851397e-08
1.9172242e-06
-1.7760052e-08
1.9172587e-06
-1.687894e-08
1.9168932e-06
-1.6063384e-08
1.915761e-06
-1.5108733e-08
1.9140125e-06
-1.3974512e-08
1.9117281e-06
-1.2837117e-08
1.9087138e-06
-1.1624194e-08
1.9050272e-06
-1.0246648e-08
1.900761e-06
-8.7778091e-09
1.8958316e-06
-7.2515105e-09
1.8902656e-06
-5.6230234e-09
1.8841343e-06
-3.9355985e-09
1.8774345e-06
-2.2140152e-09
1.8701871e-06
-4.4942361e-10
1.8624421e-06
1.3354562e-09
1.8542163e-06
3.1252823e-09
1.8455434e-06
4.9178737e-09
1.8364605e-06
6.6988739e-09
1.8269941e-06
8.4561065e-09
1.8171762e-06
1.0191554e-08
1.8070347e-06
1.1902059e-08
1.7966068e-06
1.355725e-08
1.7859109e-06
1.5197109e-08
1.7750195e-06
1.6755779e-08
1.7640105e-06
1.8209581e-08
1.7528636e-06
1.9642703e-08
1.7415752e-06
2.1057958e-08
1.7302166e-06
2.242588e-08
1.7187972e-06
2.3724616e-08
1.7072712e-06
2.5002557e-08
1.6958045e-06
2.6196719e-08
1.6843333e-06
2.7303443e-08
1.6726287e-06
2.8504692e-08
1.6611148e-06
2.9553e-08
1.6498391e-06
3.0375985e-08
1.6384213e-06
3.1336393e-08
1.6270572e-06
3.2285289e-08
1.6157179e-06
3.3127466e-08
1.6043411e-06
3.4016488e-08
1.5931068e-06
3.4779455e-08
1.5818581e-06
3.5536827e-08
1.5706828e-06
3.6404162e-08
1.5597579e-06
3.6826386e-08
1.5490009e-06
3.7165699e-08
1.5383437e-06
3.7945765e-08
1.5281837e-06
3.8133907e-08
1.5179155e-06
3.875257e-08
1.5074494e-06
3.9674926e-08
1.4975038e-06
3.990611e-08
1.4876115e-06
4.021437e-08
1.4772502e-06
4.1037242e-08
1.4672688e-06
4.1201797e-08
1.4576804e-06
4.1178209e-08
1.4477482e-06
4.1789355e-08
1.4379525e-06
4.2063367e-08
1.4284449e-06
4.22051e-08
1.4187448e-06
4.2745041e-08
1.4093176e-06
4.2802456e-08
1.4003142e-06
4.2612792e-08
1.3912239e-06
4.2831383e-08
1.3820787e-06
4.3042697e-08
1.3731033e-06
4.3089548e-08
1.3642941e-06
4.3071611e-08
1.3555392e-06
4.3065967e-08
1.3467987e-06
4.3058207e-08
1.3382042e-06
4.2838744e-08
1.3297927e-06
4.2463683e-08
1.3215315e-06
4.2015557e-08
1.3134895e-06
4.1425204e-08
1.305665e-06
4.0741026e-08
1.2980376e-06
3.9925828e-08
1.2907489e-06
3.8902226e-08
1.2837219e-06
3.791031e-08
1.2768752e-06
3.6847692e-08
1.2704623e-06
3.5562895e-08
1.264309e-06
3.4536543e-08
1.2581774e-06
3.3534763e-08
1.2525491e-06
3.2119863e-08
1.2472718e-06
3.116633e-08
1.2417506e-06
3.055288e-08
1.236555e-06
2.9219771e-08
1.2319943e-06
2.8042735e-08
1.2273097e-06
2.7567229e-08
1.2224598e-06
2.6662587e-08
1.2182674e-06
2.519147e-08
1.2145052e-06
2.432479e-08
1.2104474e-06
2.3875564e-08
1.2063531e-06
2.2747424e-08
1.2030651e-06
2.1240268e-08
1.2001311e-06
2.0583698e-08
1.1966531e-06
2.0127164e-08
1.1934118e-06
1.8626139e-08
1.1911607e-06
1.7284697e-08
1.188869e-06
1.6823729e-08
1.1860069e-06
1.5917762e-08
1.1839182e-06
1.4237039e-08
1.1824151e-06
1.3251072e-08
1.1805508e-06
1.2535994e-08
1.1787444e-06
1.1196408e-08
1.1775298e-06
9.8955781e-09
1.1765285e-06
8.9159164e-09
1.1754243e-06
7.7603972e-09
1.1745886e-06
6.486462e-09
1.1741251e-06
5.2014095e-09
1.173939e-06
3.9093062e-09
1.1739307e-06
2.6616425e-09
1.1739946e-06
1.4779071e-09
1.1742193e-06
2.7630431e-10
1.1749312e-06
-1.1026491e-09
1.1761875e-06
-2.6107578e-09
1.1778366e-06
-3.9168309e-09
1.1795048e-06
-5.2372737e-09
1.181394e-06
-6.3536802e-09
1.183661e-06
-7.4989472e-09
1.18646e-06
-8.5534766e-09
1.1900518e-06
-9.5644062e-09
1.1940985e-06
-1.0515866e-08
1.1985343e-06
-1.1449293e-08
1.2035245e-06
-1.2466464e-08
1.2090285e-06
-1.3497432e-08
1.2149285e-06
-1.4578489e-08
1.2212499e-06
-1.5736128e-08
1.2280205e-06
-1.697506e-08
1.2352724e-06
-1.8273643e-08
1.2430244e-06
-1.9623023e-08
1.2513068e-06
-2.1009875e-08
1.26014e-06
-2.2432955e-08
1.2695507e-06
-2.3890403e-08
1.2795617e-06
-2.538465e-08
1.2901966e-06
-2.6915495e-08
1.3014751e-06
-2.8484107e-08
1.3134147e-06
-3.0089755e-08
1.3260258e-06
-3.1730594e-08
1.3393119e-06
-3.3402881e-08
1.3532652e-06
-3.5100615e-08
1.3678671e-06
-3.6816547e-08
1.3830864e-06
-3.8542375e-08
1.3988781e-06
-4.0266175e-08
1.4151817e-06
-4.1974188e-08
1.4319228e-06
-4.3654319e-08
1.4490134e-06
-4.5291596e-08
1.4663576e-06
-4.6872569e-08
1.4838439e-06
-4.8375935e-08
1.5013535e-06
-4.9784012e-08
1.5187542e-06
-5.108258e-08
1.5359141e-06
-5.2259574e-08
1.5527394e-06
-5.3317414e-08
1.5690975e-06
-5.4187778e-08
1.5849003e-06
-5.4898842e-08
1.6000517e-06
-5.5455308e-08
1.6144071e-06
-5.5817174e-08
1.6277931e-06
-5.5860153e-08
1.6401292e-06
-5.5693542e-08
1.651454e-06
-5.5429274e-08
1.6617752e-06
-5.4994592e-08
1.671239e-06
-5.4529779e-08
1.6797193e-06
-5.3683726e-08
1.6873439e-06
-5.2780996e-08
1.6941277e-06
-5.1695794e-08
1.7001652e-06
-5.0442178e-08
1.7055105e-06
-4.9026141e-08
1.7097642e-06
-4.7455983e-08
1.7119798e-06
-4.4345255e-08
1.7137899e-06
-4.2450448e-08
1.7150061e-06
-4.0487036e-08
1.7156083e-06
-3.8288708e-08
1.7155828e-06
-3.5852169e-08
1.714964e-06
-3.3267942e-08
1.7137752e-06
-3.0558674e-08
1.7120223e-06
-2.775743e-08
1.7096669e-06
-2.4805753e-08
1.7067954e-06
-2.1790098e-08
1.7040666e-06
-1.8692841e-08
1.7007254e-06
-1.5549865e-08
1.696651e-06
-1.2204817e-08
1.6919255e-06
-8.8355407e-09
1.6866553e-06
-5.4772782e-09
1.6809419e-06
-2.1449549e-09
1.6747613e-06
1.2324266e-09
1.6681204e-06
4.6377164e-09
1.6610208e-06
8.0714764e-09
1.653484e-06
1.1516155e-08
1.6455237e-06
1.4950642e-08
1.6371509e-06
1.8351764e-08
1.6283741e-06
2.1695971e-08
1.6191974e-06
2.4964185e-08
1.6096221e-06
2.8134591e-08
1.5996563e-06
3.1191543e-08
1.5893462e-06
3.4116244e-08
1.5787642e-06
3.6891101e-08
1.5680291e-06
3.9528854e-08
1.5571056e-06
4.2097479e-08
1.5459589e-06
4.454861e-08
1.5345803e-06
4.6813998e-08
1.5229884e-06
4.8894917e-08
1.5112349e-06
5.0815613e-08
1.4993661e-06
5.2580671e-08
1.4874272e-06
5.4198632e-08
1.4754486e-06
5.5645211e-08
1.463453e-06
5.6978445e-08
1.4514703e-06
5.8131238e-08
1.4395396e-06
5.9251999e-08
1.4276881e-06
6.0107054e-08
1.4159357e-06
6.1081555e-08
1.404306e-06
6.162291e-08
1.3928198e-06
6.2421333e-08
1.3814385e-06
6.2755119e-08
1.3699579e-06
6.3807585e-08
1.3587547e-06
6.446326e-08
6.3058965e-08
1.2104456e-06
-5.1308424e-09
1.2128855e-06
-9.5993364e-09
1.2164038e-06
-1.5223415e-08
1.2202816e-06
-1.8450426e-08
1.2243908e-06
-2.1056888e-08
1.228385e-06
-2.2532189e-08
1.2321097e-06
-2.3251328e-08
1.2355172e-06
-2.3412646e-08
1.2388347e-06
-2.3546076e-08
1.2419316e-06
-2.3391611e-08
1.2448978e-06
-2.3112032e-08
1.2478159e-06
-2.2826667e-08
1.2507367e-06
-2.2540583e-08
1.2536797e-06
-2.2260801e-08
1.2566733e-06
-2.1988249e-08
1.2597203e-06
-2.1742825e-08
1.2627839e-06
-2.1461438e-08
1.2659194e-06
-2.1246968e-08
1.2691344e-06
-2.1055581e-08
1.2724257e-06
-2.0879043e-08
1.2757882e-06
-2.071216e-08
1.2792163e-06
-2.0558474e-08
1.2827117e-06
-2.0415992e-08
1.2862653e-06
-2.0286226e-08
1.2898699e-06
-2.0163167e-08
1.2935201e-06
-2.0050037e-08
1.297221e-06
-1.9933937e-08
1.3009597e-06
-1.9828019e-08
1.3047291e-06
-1.9731219e-08
1.3085256e-06
-1.9641856e-08
1.3123451e-06
-1.9555099e-08
1.3161832e-06
-1.947205e-08
1.3200362e-06
-1.9391497e-08
1.3239008e-06
-1.931382e-08
1.3277728e-06
-1.9237828e-08
1.331649e-06
-1.9163949e-08
1.3355251e-06
-1.9091402e-08
1.3393987e-06
-1.9020024e-08
1.343264e-06
-1.8949216e-08
1.3471235e-06
-1.8878915e-08
1.3509757e-06
-1.8807633e-08
1.3548168e-06
-1.87393e-08
1.3586423e-06
-1.8672216e-08
1.3624518e-06
-1.8605548e-08
1.3662431e-06
-1.8541369e-08
1.3700158e-06
-1.8474398e-08
1.3737692e-06
-1.8411999e-08
1.3775013e-06
-1.8347555e-08
1.3812122e-06
-1.8282202e-08
1.3849003e-06
-1.8221057e-08
1.3885661e-06
-1.815721e-08
1.3922077e-06
-1.8095831e-08
1.395826e-06
-1.8033442e-08
1.399419e-06
-1.7972569e-08
1.4029882e-06
-1.7910581e-08
1.4065327e-06
-1.7850243e-08
1.4100535e-06
-1.7788549e-08
1.4135497e-06
-1.7727096e-08
1.4170202e-06
-1.7665997e-08
1.4204651e-06
-1.7607298e-08
1.4238845e-06
-1.7548139e-08
1.4272787e-06
-1.7490882e-08
1.4306475e-06
-1.7432736e-08
1.4339913e-06
-1.7376293e-08
1.4373102e-06
-1.7319158e-08
1.4406042e-06
-1.7263596e-08
1.4438736e-06
-1.7206924e-08
1.4471177e-06
-1.7151496e-08
1.4503373e-06
-1.7095169e-08
1.453532e-06
-1.7040622e-08
1.4567028e-06
-1.6984944e-08
1.4598491e-06
-1.6931361e-08
1.4629722e-06
-1.6876149e-08
1.4660711e-06
-1.682287e-08
1.469147e-06
-1.6768106e-08
1.4721993e-06
-1.6714571e-08
1.47523e-06
-1.6661307e-08
1.4782396e-06
-1.6607869e-08
1.4812252e-06
-1.6556274e-08
1.4841888e-06
-1.6504811e-08
1.4871308e-06
-1.6453703e-08
1.4900505e-06
-1.6403524e-08
1.4929485e-06
-1.6353585e-08
1.4958255e-06
-1.6303896e-08
1.4986816e-06
-1.6254611e-08
1.5015169e-06
-1.6205742e-08
1.5043318e-06
-1.6156747e-08
1.5071262e-06
-1.6108303e-08
1.5099006e-06
-1.6059583e-08
1.5126553e-06
-1.601164e-08
1.5153902e-06
-1.5963596e-08
1.5181061e-06
-1.5915891e-08
1.5208027e-06
-1.5868361e-08
1.5234804e-06
-1.5820766e-08
1.5261394e-06
-1.5773069e-08
1.5287799e-06
-1.5725784e-08
1.5314032e-06
-1.5678092e-08
1.5340091e-06
-1.5630622e-08
1.536598e-06
-1.5582883e-08
1.5391706e-06
-1.5535712e-08
1.5417265e-06
-1.5490795e-08
1.544265e-06
-1.5446989e-08
1.5467856e-06
-1.5403671e-08
1.5492884e-06
-1.5361255e-08
1.5517733e-06
-1.5318308e-08
1.5542413e-06
-1.5276121e-08
1.5566927e-06
-1.5234239e-08
1.5591287e-06
-1.5192195e-08
1.5615497e-06
-1.5150425e-08
1.5639551e-06
-1.5109092e-08
1.566346e-06
-1.5067189e-08
1.5687216e-06
-1.5026131e-08
1.5710822e-06
-1.498497e-08
1.5734286e-06
-1.4943663e-08
1.5757593e-06
-1.490314e-08
1.5780753e-06
-1.4862109e-08
1.5803769e-06
-1.4821206e-08
1.5826635e-06
-1.4780861e-08
1.5849371e-06
-1.4739288e-08
1.5871973e-06
-1.4698444e-08
1.5894435e-06
-1.4657968e-08
1.5916772e-06
-1.4616876e-08
1.5938976e-06
-1.4576699e-08
1.5961041e-06
-1.4537094e-08
1.5982975e-06
-1.4497394e-08
1.6004774e-06
-1.4458209e-08
1.6026442e-06
-1.441901e-08
1.6047985e-06
-1.4379703e-08
1.6069409e-06
-1.4340456e-08
1.6090714e-06
-1.430171e-08
1.6111897e-06
-1.426364e-08
1.6132953e-06
-1.4226106e-08
1.6153888e-06
-1.4189182e-08
1.617471e-06
-1.4152242e-08
1.6195423e-06
-1.4116068e-08
1.621603e-06
-1.4080231e-08
1.623653e-06
-1.4044971e-08
1.6256922e-06
-1.4009759e-08
1.6277201e-06
-1.3974621e-08
1.6297361e-06
-1.393975e-08
1.6317402e-06
-1.3904658e-08
1.6337329e-06
-1.386887e-08
1.6357138e-06
-1.3833747e-08
1.6376837e-06
-1.379823e-08
1.6396428e-06
-1.3763016e-08
1.6415905e-06
-1.3728658e-08
1.6435272e-06
-1.3694166e-08
1.6454528e-06
-1.3659989e-08
1.6473671e-06
-1.3625958e-08
1.6492703e-06
-1.3591518e-08
1.6511624e-06
-1.355681e-08
1.6530431e-06
-1.3521326e-08
1.654913e-06
-1.3485058e-08
1.6567723e-06
-1.3447999e-08
1.6586216e-06
-1.3409896e-08
1.6604618e-06
-1.3371022e-08
1.6622941e-06
-1.3331376e-08
1.6641195e-06
-1.3291768e-08
1.6659381e-06
-1.3252693e-08
1.6677499e-06
-1.3214403e-08
1.6695543e-06
-1.3177287e-08
1.6713504e-06
-1.314121e-08
1.6731374e-06
-1.3105858e-08
1.674915e-06
-1.3070817e-08
1.6766825e-06
-1.3036154e-08
1.6784394e-06
-1.300141e-08
1.6801861e-06
-1.2966419e-08
1.6819227e-06
-1.2931178e-08
1.6836506e-06
-1.2895422e-08
1.6853704e-06
-1.2859866e-08
1.6870822e-06
-1.2824388e-08
1.688786e-06
-1.278905e-08
1.6904817e-06
-1.2753803e-08
1.6921689e-06
-1.2718397e-08
1.6938469e-06
-1.2683116e-08
1.6955153e-06
-1.2647514e-08
1.6971735e-06
-1.2611533e-08
1.6988211e-06
-1.25753e-08
1.7004582e-06
-1.2538369e-08
1.7020849e-06
-1.2500898e-08
1.7037018e-06
-1.2463162e-08
1.7053099e-06
-1.2424507e-08
1.7069095e-06
-1.2386063e-08
1.7085014e-06
-1.2347313e-08
1.7100859e-06
-1.2308051e-08
1.711663e-06
-1.2268785e-08
1.7132329e-06
-1.2228753e-08
1.7147958e-06
-1.2188293e-08
1.7163513e-06
-1.2147544e-08
1.7178995e-06
-1.210617e-08
1.7194402e-06
-1.2064664e-08
1.7209733e-06
-1.2022942e-08
1.7224988e-06
-1.1981027e-08
1.7240168e-06
-1.1938824e-08
1.7255272e-06
-1.1896911e-08
1.7270303e-06
-1.1854769e-08
1.7285259e-06
-1.1813246e-08
1.7300138e-06
-1.1772254e-08
1.7314947e-06
-1.1731837e-08
1.7329687e-06
-1.1691407e-08
1.7344373e-06
-1.1653506e-08
1.735901e-06
-1.1615537e-08
1.7373618e-06
-1.1579036e-08
1.7388239e-06
-1.1552153e-08
1.740276e-06
-1.1508487e-08
1.7417226e-06
-1.1467241e-08
1.7431729e-06
-1.1444128e-08
1.744618e-06
-1.1412685e-08
1.7460559e-06
-1.1378826e-08
1.7474943e-06
-1.1361972e-08
1.7489214e-06
-1.1335008e-08
1.7503323e-06
-1.1299838e-08
1.7517401e-06
-1.1283944e-08
1.7531408e-06
-1.1267208e-08
1.7545206e-06
-1.1228501e-08
1.7558884e-06
-1.1199331e-08
1.7572418e-06
-1.11651e-08
1.7585726e-06
-1.1114238e-08
1.7598886e-06
-1.1070507e-08
1.7612013e-06
-1.104459e-08
1.7625185e-06
-1.1025032e-08
1.7638507e-06
-1.1022505e-08
1.7651873e-06
-1.1008428e-08
1.7665217e-06
-1.098751e-08
1.767862e-06
-1.0981556e-08
1.7691977e-06
-1.0965544e-08
1.7705023e-06
-1.0917721e-08
1.7717768e-06
-1.0862409e-08
1.7730477e-06
-1.0836345e-08
1.774296e-06
-1.0790609e-08
1.7755124e-06
-1.0726818e-08
1.776742e-06
-1.0717824e-08
1.7779841e-06
-1.0714695e-08
1.7792018e-06
-1.066887e-08
1.7804108e-06
-1.0640079e-08
1.7816386e-06
-1.0644542e-08
1.782847e-06
-1.0615184e-08
1.7840262e-06
-1.0559092e-08
1.7852293e-06
-1.056436e-08
1.7864207e-06
-1.0525864e-08
1.7875713e-06
-1.0458938e-08
1.7887124e-06
-1.0425351e-08
1.7898774e-06
-1.0425394e-08
1.7910262e-06
-1.0384856e-08
1.7921431e-06
-1.0333575e-08
1.7932605e-06
-1.0309225e-08
1.7944071e-06
-1.0316477e-08
1.7955509e-06
-1.0300951e-08
1.7966662e-06
-1.0243947e-08
1.7977906e-06
-1.0228445e-08
1.7989205e-06
-1.0216815e-08
1.8000344e-06
-1.0183527e-08
1.8011464e-06
-1.017137e-08
1.8022544e-06
-1.0150715e-08
1.8033392e-06
-1.0103255e-08
1.8043983e-06
-1.0062939e-08
1.805434e-06
-1.0020888e-08
1.8064735e-06
-1.000807e-08
1.8074934e-06
-9.9631254e-09
1.8084895e-06
-9.9147757e-09
1.8094924e-06
-9.9065458e-09
1.8104947e-06
-9.8860622e-09
1.8114935e-06
-9.8720334e-09
1.812495e-06
-9.8666715e-09
1.8134926e-06
-9.8567816e-09
1.8144891e-06
-9.8566368e-09
1.8154879e-06
-9.8459934e-09
1.8164901e-06
-9.8410853e-09
1.8174945e-06
-9.8538058e-09
1.8185136e-06
-9.8649977e-09
1.8195664e-06
-9.8952335e-09
1.8206097e-06
-9.8928434e-09
1.8216299e-06
-9.8709005e-09
1.8226579e-06
-9.8799466e-09
1.8236748e-06
-9.8766013e-09
1.8246817e-06
-9.8793072e-09
1.8256941e-06
-9.8863722e-09
1.8266928e-06
-9.8571897e-09
1.8276908e-06
-9.8579944e-09
1.8286992e-06
-9.8694568e-09
1.8297066e-06
-9.8601065e-09
1.8307309e-06
-9.9024176e-09
1.8317745e-06
-9.9283892e-09
1.8328391e-06
-9.9283297e-09
1.8339059e-06
-9.9116679e-09
1.8349686e-06
-9.8899404e-09
1.8360409e-06
-9.8717399e-09
1.8371032e-06
-9.8262998e-09
1.8381445e-06
-9.7808663e-09
1.8392114e-06
-9.8034798e-09
1.8402873e-06
-9.8341797e-09
1.8413309e-06
-9.7892223e-09
1.842392e-06
-9.7646051e-09
1.8434197e-06
-9.7308139e-09
1.8443947e-06
-9.668363e-09
1.8454017e-06
-9.6506745e-09
1.8463937e-06
-9.5864254e-09
1.8473418e-06
-9.5160786e-09
1.8482288e-06
-9.3857522e-09
1.8490904e-06
-9.2472874e-09
1.8499706e-06
-9.2333727e-09
1.8508267e-06
-9.1657637e-09
1.8515988e-06
-8.9771022e-09
1.8523721e-06
-8.9499843e-09
1.8531686e-06
-8.9745735e-09
1.8539475e-06
-8.9269938e-09
1.854713e-06
-8.8804049e-09
1.855463e-06
-8.8901393e-09
1.8561472e-06
-8.8037568e-09
1.856768e-06
-8.658493e-09
1.8574056e-06
-8.6506433e-09
1.8580393e-06
-8.6544025e-09
1.8586064e-06
-8.5520315e-09
1.8591329e-06
-8.4627807e-09
1.8596854e-06
-8.4780498e-09
1.8602312e-06
-8.4278771e-09
1.8607702e-06
-8.3857938e-09
1.8613515e-06
-8.4117531e-09
1.8619423e-06
-8.3923424e-09
1.8625371e-06
-8.400566e-09
1.8631907e-06
-8.4839331e-09
1.8638353e-06
-8.455443e-09
1.8644532e-06
-8.4257179e-09
1.86519e-06
-8.5632621e-09
1.865968e-06
-8.6158809e-09
1.8667082e-06
-8.6481355e-09
1.867495e-06
-8.739439e-09
1.868305e-06
-8.800765e-09
1.8691214e-06
-8.8169432e-09
1.8699516e-06
-8.8773335e-09
1.8707328e-06
-8.8643799e-09
1.8714725e-06
-8.7646077e-09
1.872265e-06
-8.8034926e-09
1.8730895e-06
-8.7940797e-09
1.8737752e-06
-8.6232275e-09
1.8744224e-06
-8.5343896e-09
1.87511e-06
-8.5818099e-09
1.8757226e-06
-8.5051335e-09
1.8763255e-06
-8.4240956e-09
1.876974e-06
-8.357099e-09
1.8775922e-06
-8.2426048e-09
1.8780376e-06
-8.0746885e-09
1.878494e-06
-7.9907592e-09
1.8790707e-06
-8.0238425e-09
1.8796262e-06
-7.9414919e-09
1.8800395e-06
-7.7904496e-09
1.8804625e-06
-7.6887741e-09
1.8809437e-06
-7.6785898e-09
1.8814158e-06
-7.5888176e-09
1.881837e-06
-7.4438833e-09
1.8822435e-06
-7.3783033e-09
1.882602e-06
-7.3452209e-09
1.8828817e-06
-7.264612e-09
1.8831412e-06
-7.1799358e-09
1.8834366e-06
-7.1856512e-09
1.8836626e-06
-7.0879711e-09
1.8838789e-06
-7.0199384e-09
1.8840722e-06
-6.9905792e-09
1.8841326e-06
-6.8502941e-09
1.8841716e-06
-6.8051871e-09
1.8843109e-06
-6.8946266e-09
1.88439e-06
-6.7878134e-09
1.8844293e-06
-6.6993642e-09
1.8845571e-06
-6.7347719e-09
1.8846375e-06
-6.6803825e-09
1.8845777e-06
-6.5703532e-09
1.8846221e-06
-6.5722965e-09
1.8847591e-06
-6.5201924e-09
1.8847652e-06
-6.4485577e-09
1.8847743e-06
-6.4119901e-09
1.884897e-06
-6.463913e-09
1.8849105e-06
-6.3954553e-09
1.884876e-06
-6.3443157e-09
1.8849092e-06
-6.3498131e-09
1.8848793e-06
-6.3097816e-09
1.8848416e-06
-6.2562426e-09
1.8848854e-06
-6.3207626e-09
1.8848827e-06
-6.2285639e-09
1.8848756e-06
-6.1072556e-09
1.8848849e-06
-6.023344e-09
1.8847708e-06
-5.9176508e-09
1.8845638e-06
-5.7907426e-09
1.8844786e-06
-5.7542957e-09
1.884404e-06
-5.6891216e-09
1.8841112e-06
-5.4598819e-09
1.8838546e-06
-5.4364175e-09
1.8837366e-06
-5.4215321e-09
1.8836061e-06
-5.3310036e-09
1.8832898e-06
-5.1948632e-09
1.8829483e-06
-5.1287139e-09
1.882714e-06
-5.1205777e-09
1.8825522e-06
-4.978649e-09
1.8822111e-06
-4.6773043e-09
1.8817206e-06
-4.4594186e-09
1.881299e-06
-4.379848e-09
1.8809144e-06
-4.2377226e-09
1.8804828e-06
-4.0877017e-09
1.8800799e-06
-3.9126737e-09
1.8796362e-06
-3.6556047e-09
1.8790294e-06
-3.4261012e-09
1.8784566e-06
-3.3944643e-09
1.8778937e-06
-3.2254768e-09
1.8773107e-06
-3.1040224e-09
1.876742e-06
-2.921841e-09
1.8761325e-06
-2.559374e-09
1.8753653e-06
-2.276173e-09
1.8745477e-06
-2.1576909e-09
1.8737702e-06
-1.9573969e-09
1.8729556e-06
-1.6088784e-09
1.871945e-06
-1.1833929e-09
1.8707618e-06
-8.4952534e-10
1.8696375e-06
-6.9105655e-10
1.8684212e-06
-2.4854518e-10
1.8670063e-06
2.5578606e-10
1.8655741e-06
4.9548632e-10
1.8641258e-06
7.8400397e-10
1.8625848e-06
1.1489241e-09
1.861084e-06
1.2790577e-09
1.8595677e-06
1.4671802e-09
1.8580008e-06
1.6808182e-09
1.8564317e-06
1.8079329e-09
1.8548276e-06
1.9677029e-09
1.8531859e-06
2.1325897e-09
1.8515572e-06
2.2445636e-09
1.8499722e-06
2.3063214e-09
1.8484185e-06
2.3585933e-09
1.8469122e-06
2.3858564e-09
1.845464e-06
2.3922397e-09
1.8440646e-06
2.3643341e-09
1.8426817e-06
2.3954532e-09
1.8412892e-06
2.4703715e-09
1.839791e-06
2.6112477e-09
1.8382064e-06
2.8127931e-09
1.8365511e-06
3.0044052e-09
1.8348703e-06
3.1236742e-09
1.8331884e-06
3.2191316e-09
1.831444e-06
3.3745002e-09
1.8296495e-06
3.5155607e-09
1.8278749e-06
3.5598982e-09
1.8261146e-06
3.5940344e-09
1.8243503e-06
3.6445136e-09
1.8226002e-06
3.6657375e-09
1.820901e-06
3.6262851e-09
1.8192606e-06
3.5675964e-09
1.8176911e-06
3.4732688e-09
1.8162159e-06
3.3287422e-09
1.8148362e-06
3.1706797e-09
1.8135515e-06
2.9973828e-09
1.8123643e-06
2.8071292e-09
1.8112736e-06
2.6016727e-09
1.8102782e-06
2.3745188e-09
1.8094285e-06
2.1200592e-09
1.8087996e-06
1.8382353e-09
1.8082644e-06
1.5367148e-09
1.8078337e-06
1.2024191e-09
1.8075457e-06
8.4243457e-10
1.80741e-06
4.5929349e-10
1.8074333e-06
5.4370286e-11
1.8076281e-06
-3.8156189e-10
1.807999e-06
-8.4962171e-10
1.8085467e-06
-1.3427224e-09
1.8092753e-06
-1.8632025e-09
1.8101905e-06
-2.410812e-09
1.8112984e-06
-2.98555e-09
1.8126045e-06
-3.5853542e-09
1.8141233e-06
-4.2165373e-09
1.8158544e-06
-4.8740816e-09
1.8178082e-06
-5.5532356e-09
1.8199922e-06
-6.2555103e-09
1.8224095e-06
-6.9692443e-09
1.8250604e-06
-7.7063302e-09
1.8279524e-06
-8.4516674e-09
1.8310977e-06
-9.2115848e-09
1.8344859e-06
-9.9982902e-09
1.8381409e-06
-1.079497e-08
1.8420711e-06
-1.163343e-08
1.8462592e-06
-1.2472864e-08
1.8507204e-06
-1.3348727e-08
1.8553942e-06
-1.4229104e-08
1.8603577e-06
-1.5101584e-08
1.8655152e-06
-1.6064019e-08
1.870888e-06
-1.6861634e-08
1.8764984e-06
-1.7834676e-08
1.8821616e-06
-1.8672337e-08
1.888229e-06
-1.9470243e-08
1.8945012e-06
-2.0343576e-08
1.9008779e-06
-2.0842835e-08
1.9077029e-06
-2.1662945e-08
1.9146472e-06
-2.2224776e-08
1.9215952e-06
-2.2574686e-08
1.928498e-06
-2.2971118e-08
1.9352132e-06
-2.334862e-08
1.9417522e-06
-2.355753e-08
1.9482338e-06
-2.374379e-08
1.9543663e-06
-2.3901144e-08
1.9601022e-06
-2.394625e-08
1.965678e-06
-2.4038484e-08
1.9708581e-06
-2.4121042e-08
1.9755965e-06
-2.3982436e-08
1.9800719e-06
-2.3923496e-08
1.9841686e-06
-2.3786495e-08
1.9878747e-06
-2.3637637e-08
1.9911177e-06
-2.3400189e-08
1.993911e-06
-2.3107476e-08
1.9962663e-06
-2.2744529e-08
1.9979726e-06
-2.2246787e-08
1.9989179e-06
-2.1736842e-08
1.9995402e-06
-2.1190145e-08
1.9996537e-06
-2.0589074e-08
1.9991283e-06
-1.9889084e-08
1.9979521e-06
-1.9055036e-08
1.9961802e-06
-1.814004e-08
1.9936756e-06
-1.7160877e-08
1.9904369e-06
-1.6054625e-08
1.9865235e-06
-1.4839466e-08
1.9818667e-06
-1.3558408e-08
1.9764418e-06
-1.217643e-08
1.9703113e-06
-1.0684395e-08
1.9634975e-06
-9.108601e-09
1.955996e-06
-7.448278e-09
1.947874e-06
-5.7246234e-09
1.9391684e-06
-3.9464112e-09
1.9298952e-06
-2.1150157e-09
1.9200998e-06
-2.4791236e-10
1.9098177e-06
1.6427579e-09
1.8990846e-06
3.5421097e-09
1.8879426e-06
5.4429941e-09
1.8764424e-06
7.32242e-09
1.8646269e-06
9.174661e-09
1.8525327e-06
1.1006564e-08
1.8402133e-06
1.2796324e-08
1.8276763e-06
1.4555838e-08
1.8149611e-06
1.6293904e-08
1.8021325e-06
1.7919675e-08
1.7891468e-06
1.9511619e-08
1.775992e-06
2.1118417e-08
1.7627503e-06
2.2646941e-08
1.7494662e-06
2.4103234e-08
1.7361415e-06
2.5506548e-08
1.7228304e-06
2.6850675e-08
1.7095201e-06
2.8137261e-08
1.6961681e-06
2.9390803e-08
1.6828705e-06
3.0652612e-08
1.6695758e-06
3.1825035e-08
1.6563503e-06
3.2727442e-08
1.6438715e-06
3.3091159e-08
1.6316053e-06
3.3971001e-08
1.6192867e-06
3.501031e-08
1.6070791e-06
3.5936492e-08
1.5949767e-06
3.6746466e-08
1.5830316e-06
3.7501403e-08
1.5714973e-06
3.8117477e-08
1.5598032e-06
3.8862087e-08
1.547738e-06
3.9732055e-08
1.53612e-06
4.0225953e-08
1.5243697e-06
4.0705113e-08
1.5127037e-06
4.139689e-08
1.5019172e-06
4.1600818e-08
1.4912698e-06
4.1856729e-08
1.4803747e-06
4.2575886e-08
1.4701184e-06
4.2922436e-08
1.4600906e-06
4.3013549e-08
1.4496041e-06
4.3594249e-08
1.4393428e-06
4.4125883e-08
1.429172e-06
4.4456177e-08
1.4188285e-06
4.4920045e-08
1.4091705e-06
4.4929431e-08
1.3998656e-06
4.4785069e-08
1.3901787e-06
4.5125686e-08
1.3804057e-06
4.5578078e-08
1.3708806e-06
4.5685912e-08
1.3618266e-06
4.5399556e-08
1.3527802e-06
4.5511754e-08
1.3435185e-06
4.5862935e-08
1.3344591e-06
4.5800599e-08
1.3255788e-06
4.5559356e-08
1.3169744e-06
4.507325e-08
1.3085832e-06
4.4582886e-08
1.3002736e-06
4.4089805e-08
1.2922954e-06
4.3260855e-08
1.2845524e-06
4.2403765e-08
1.2770263e-06
4.1360555e-08
1.2699655e-06
4.0101854e-08
1.2631152e-06
3.9027923e-08
1.2564612e-06
3.7743426e-08
1.2504118e-06
3.6304951e-08
1.2445164e-06
3.5338666e-08
1.2386015e-06
3.4126586e-08
1.2334706e-06
3.2565457e-08
1.2285787e-06
3.1886398e-08
1.2232445e-06
3.1166012e-08
1.2185381e-06
2.9526626e-08
1.2145429e-06
2.8505307e-08
1.2102018e-06
2.8112461e-08
1.2057074e-06
2.6959214e-08
1.2021048e-06
2.5365206e-08
1.198972e-06
2.4612574e-08
1.1953026e-06
2.4189215e-08
1.1916582e-06
2.2825818e-08
1.1890802e-06
2.1275352e-08
1.1867658e-06
2.0732495e-08
1.1837376e-06
2.0124612e-08
1.1812429e-06
1.8430749e-08
1.179685e-06
1.7219954e-08
1.177917e-06
1.6719035e-08
1.1757789e-06
1.5604902e-08
1.174389e-06
1.4057722e-08
1.1734299e-06
1.3152962e-08
1.1723092e-06
1.2247119e-08
1.1712697e-06
1.0972371e-08
1.1706985e-06
9.7373856e-09
1.1704071e-06
8.5412104e-09
1.1703164e-06
7.310077e-09
1.170362e-06
6.1356924e-09
1.1705313e-06
4.97361e-09
1.1709346e-06
3.7559431e-09
1.1720103e-06
2.1693789e-09
1.1735496e-06
7.8161877e-10
1.1752987e-06
-5.1942362e-10
1.1771684e-06
-1.8574271e-09
1.1794006e-06
-3.2311336e-09
1.1819645e-06
-4.5866759e-09
1.1849868e-06
-5.8630296e-09
1.1883981e-06
-7.0951982e-09
1.1922555e-06
-8.2900278e-09
1.196694e-06
-9.570241e-09
1.2017259e-06
-1.0792398e-08
1.2073243e-06
-1.1957876e-08
1.21348e-06
-1.3185931e-08
1.2202233e-06
-1.4443825e-08
1.2275405e-06
-1.5721917e-08
1.2354193e-06
-1.704784e-08
1.2438593e-06
-1.8437821e-08
1.2528694e-06
-1.9879187e-08
1.2624668e-06
-2.1371354e-08
1.27268e-06
-2.2911862e-08
1.2835342e-06
-2.4496484e-08
1.2950517e-06
-2.6121326e-08
1.30725e-06
-2.7786518e-08
1.3201436e-06
-2.9492456e-08
1.3337399e-06
-3.1239027e-08
1.3480379e-06
-3.3024868e-08
1.3630259e-06
-3.4846725e-08
1.3786793e-06
-3.6699879e-08
1.3949599e-06
-3.8577193e-08
1.4118124e-06
-4.0468514e-08
1.4291653e-06
-4.2363869e-08
1.4469292e-06
-4.4247667e-08
1.4649963e-06
-4.6100997e-08
1.4832434e-06
-4.790779e-08
1.5015412e-06
-4.9656181e-08
1.519745e-06
-5.1324455e-08
1.5377113e-06
-5.2895483e-08
1.5553076e-06
-5.4360262e-08
1.5724178e-06
-5.571731e-08
1.5889204e-06
-5.6946254e-08
1.60462e-06
-5.7968526e-08
1.6192792e-06
-5.8652425e-08
1.6328382e-06
-5.9185747e-08
1.6452371e-06
-5.9546558e-08
1.6565773e-06
-5.9836276e-08
1.6669391e-06
-5.9916415e-08
1.6762807e-06
-5.9792992e-08
1.6846579e-06
-5.9579626e-08
1.6921042e-06
-5.9102538e-08
1.698724e-06
-5.8660563e-08
1.7026846e-06
-5.6061279e-08
1.7054565e-06
-5.5142439e-08
1.707725e-06
-5.3989197e-08
1.7093174e-06
-5.2562666e-08
1.7099026e-06
-5.0779174e-08
1.709582e-06
-4.8925179e-08
1.7099531e-06
-4.7023502e-08
1.7097772e-06
-4.4987808e-08
1.7087206e-06
-4.248528e-08
1.7069657e-06
-3.9885869e-08
1.704711e-06
-3.7207334e-08
1.7020282e-06
-3.4415498e-08
1.6989592e-06
-3.150863e-08
1.6954996e-06
-2.8480958e-08
1.691698e-06
-2.5333335e-08
1.6874988e-06
-2.2053042e-08
1.6828697e-06
-1.8650149e-08
1.6778194e-06
-1.5205232e-08
1.6725369e-06
-1.1745166e-08
1.6670143e-06
-8.25474e-09
1.6611886e-06
-4.717108e-09
1.6549943e-06
-1.1463492e-09
1.6484403e-06
2.4494629e-09
1.6415192e-06
6.0679444e-09
1.6342424e-06
9.691981e-09
1.6266172e-06
1.3309357e-08
1.6186481e-06
1.6903452e-08
1.6103373e-06
2.0455417e-08
1.6016866e-06
2.394422e-08
1.5926997e-06
2.7351519e-08
1.5833791e-06
3.0659003e-08
1.5737293e-06
3.3851784e-08
1.5637546e-06
3.6913718e-08
1.5534569e-06
3.9831776e-08
1.5428419e-06
4.261751e-08
1.5319665e-06
4.5291653e-08
1.5208696e-06
4.7827176e-08
1.5095575e-06
5.0190308e-08
1.4980507e-06
5.236938e-08
1.4864098e-06
5.4349696e-08
1.4746764e-06
5.6155825e-08
1.462895e-06
5.7794542e-08
1.4510708e-06
5.9281091e-08
1.4392619e-06
6.0621006e-08
1.4274766e-06
6.1796561e-08
1.4158094e-06
6.2870345e-08
1.4041846e-06
6.3778463e-08
1.3927857e-06
6.4646796e-08
1.3812953e-06
6.5424503e-08
1.3701388e-06
6.6059048e-08
1.3589283e-06
6.6642783e-08
1.3482346e-06
6.7400228e-08
1.3383448e-06
6.7487201e-08
6.6170888e-08
1.2119969e-06
-8.3916443e-09
1.216049e-06
-1.3651485e-08
1.2212188e-06
-2.0393222e-08
1.2266839e-06
-2.391547e-08
1.2323028e-06
-2.6675837e-08
1.2376024e-06
-2.7831793e-08
1.2425459e-06
-2.8194814e-08
1.247525e-06
-2.839178e-08
1.2524628e-06
-2.8483941e-08
1.2572331e-06
-2.8161884e-08
1.262179e-06
-2.8058021e-08
1.2672695e-06
-2.791729e-08
1.2724799e-06
-2.7751021e-08
1.2778162e-06
-2.7597287e-08
1.2832689e-06
-2.7441111e-08
1.2888361e-06
-2.7310139e-08
1.2945265e-06
-2.715217e-08
1.300296e-06
-2.7016744e-08
1.3061248e-06
-2.6884671e-08
1.3120029e-06
-2.6757429e-08
1.3179167e-06
-2.6626251e-08
1.3238549e-06
-2.6497169e-08
1.3298034e-06
-2.6364962e-08
1.3357502e-06
-2.6233498e-08
1.3416859e-06
-2.6099393e-08
1.3476003e-06
-2.5964994e-08
1.3534915e-06
-2.582587e-08
1.3593495e-06
-2.5686582e-08
1.3651665e-06
-2.5549019e-08
1.3709362e-06
-2.5412336e-08
1.376655e-06
-2.5274802e-08
1.38232e-06
-2.5137907e-08
1.3879279e-06
-2.5000326e-08
1.3934765e-06
-2.4863416e-08
1.3989639e-06
-2.4726292e-08
1.4043891e-06
-2.4590162e-08
1.4097508e-06
-2.445426e-08
1.4150491e-06
-2.4319556e-08
1.4202837e-06
-2.4185035e-08
1.4254557e-06
-2.4052176e-08
1.4305649e-06
-2.3918158e-08
1.4356115e-06
-2.3787213e-08
1.4405946e-06
-2.365681e-08
1.4455168e-06
-2.3529219e-08
1.450377e-06
-2.3403127e-08
1.4551778e-06
-2.3276775e-08
1.459919e-06
-2.3154859e-08
1.4646005e-06
-2.3030869e-08
1.469226e-06
-2.290946e-08
1.4737936e-06
-2.2790504e-08
1.4783062e-06
-2.2671663e-08
1.4827633e-06
-2.2554895e-08
1.4871667e-06
-2.2438856e-08
1.4915166e-06
-2.2324578e-08
1.4958148e-06
-2.2210831e-08
1.5000613e-06
-2.2098973e-08
1.5042579e-06
-2.1987408e-08
1.5084067e-06
-2.1878217e-08
1.5125074e-06
-2.1769224e-08
1.5165615e-06
-2.1663876e-08
1.5205687e-06
-2.1557908e-08
1.5245312e-06
-2.1455937e-08
1.5284486e-06
-2.1352891e-08
1.5323231e-06
-2.1253538e-08
1.5361545e-06
-2.1153464e-08
1.5399442e-06
-2.1056269e-08
1.5436928e-06
-2.0958569e-08
1.5474019e-06
-2.0863748e-08
1.5510721e-06
-2.07686e-08
1.5547032e-06
-2.0675086e-08
1.5582966e-06
-2.0581835e-08
1.5618523e-06
-2.0490583e-08
1.5653721e-06
-2.0399638e-08
1.5688557e-06
-2.0310173e-08
1.5723049e-06
-2.0221187e-08
1.5757195e-06
-2.0133223e-08
1.5791004e-06
-2.0046357e-08
1.5824484e-06
-1.9960108e-08
1.5857633e-06
-1.9875649e-08
1.5890464e-06
-1.9792445e-08
1.592298e-06
-1.9709911e-08
1.5955187e-06
-1.962905e-08
1.5987089e-06
-1.9548837e-08
1.6018697e-06
-1.9469727e-08
1.6050013e-06
-1.93915e-08
1.6081045e-06
-1.931441e-08
1.6111796e-06
-1.9237378e-08
1.6142265e-06
-1.9160983e-08
1.617246e-06
-1.9085002e-08
1.6202385e-06
-1.9010139e-08
1.6232046e-06
-1.8935949e-08
1.626145e-06
-1.8862603e-08
1.6290597e-06
-1.8789654e-08
1.6319495e-06
-1.8717298e-08
1.6348149e-06
-1.8645397e-08
1.6376562e-06
-1.8574154e-08
1.6404738e-06
-1.8502982e-08
1.6432684e-06
-1.8432618e-08
1.6460409e-06
-1.8362849e-08
1.6487918e-06
-1.8293989e-08
1.6515205e-06
-1.8226793e-08
1.6542268e-06
-1.8160934e-08
1.6569108e-06
-1.8095863e-08
1.6595726e-06
-1.8031916e-08
1.6622128e-06
-1.7968038e-08
1.6648321e-06
-1.7905284e-08
1.6674308e-06
-1.7842766e-08
1.67001e-06
-1.7781297e-08
1.6725699e-06
-1.7719896e-08
1.6751104e-06
-1.7658951e-08
1.6776323e-06
-1.7598361e-08
1.6801352e-06
-1.7538508e-08
1.6826195e-06
-1.7478888e-08
1.6850855e-06
-1.741966e-08
1.6875331e-06
-1.7361071e-08
1.689963e-06
-1.7302599e-08
1.6923755e-06
-1.724446e-08
1.6947706e-06
-1.7186787e-08
1.697149e-06
-1.7128796e-08
1.699511e-06
-1.7071488e-08
1.7018565e-06
-1.701472e-08
1.7041859e-06
-1.6957976e-08
1.7064991e-06
-1.6901858e-08
1.708796e-06
-1.6846496e-08
1.711077e-06
-1.6791401e-08
1.7133423e-06
-1.6736967e-08
1.7155923e-06
-1.6682825e-08
1.7178274e-06
-1.6629019e-08
1.7200479e-06
-1.6575497e-08
1.7222538e-06
-1.6522592e-08
1.7244453e-06
-1.6470426e-08
1.7266228e-06
-1.6418968e-08
1.7287864e-06
-1.6368061e-08
1.7309367e-06
-1.6317442e-08
1.7330739e-06
-1.6267546e-08
1.7351982e-06
-1.6218082e-08
1.7373094e-06
-1.6169265e-08
1.7394073e-06
-1.6120773e-08
1.741492e-06
-1.6072629e-08
1.743563e-06
-1.6024782e-08
1.7456203e-06
-1.5976924e-08
1.7476643e-06
-1.5928784e-08
1.7496949e-06
-1.5881278e-08
1.7517128e-06
-1.5833856e-08
1.7537181e-06
-1.5786739e-08
1.7557106e-06
-1.5740276e-08
1.7576905e-06
-1.5693883e-08
1.7596577e-06
-1.5647738e-08
1.7616122e-06
-1.5601814e-08
1.763554e-06
-1.5555697e-08
1.7654831e-06
-1.5509397e-08
1.7673996e-06
-1.5462579e-08
1.7693041e-06
-1.5415417e-08
1.7711968e-06
-1.5367603e-08
1.7730787e-06
-1.531931e-08
1.7749505e-06
-1.5270552e-08
1.7768131e-06
-1.5221483e-08
1.7786671e-06
-1.5172634e-08
1.7805127e-06
-1.5124285e-08
1.7823498e-06
-1.5076496e-08
1.7841777e-06
-1.5029595e-08
1.7859959e-06
-1.498346e-08
1.7878037e-06
-1.4938023e-08
1.7896007e-06
-1.4893034e-08
1.7913866e-06
-1.4848396e-08
1.7931612e-06
-1.4803846e-08
1.7949248e-06
-1.4759341e-08
1.7966778e-06
-1.4714825e-08
1.7984209e-06
-1.4670123e-08
1.8001544e-06
-1.4625563e-08
1.8018784e-06
-1.4581108e-08
1.8035928e-06
-1.4536798e-08
1.8052974e-06
-1.4492584e-08
1.8069919e-06
-1.4448248e-08
1.8086757e-06
-1.4403964e-08
1.8103486e-06
-1.4359472e-08
1.8120103e-06
-1.4314745e-08
1.8136607e-06
-1.4269871e-08
1.8153002e-06
-1.422453e-08
1.8169292e-06
-1.4178822e-08
1.8185482e-06
-1.4133009e-08
1.8201581e-06
-1.4086624e-08
1.8217592e-06
-1.404024e-08
1.8233518e-06
-1.3993778e-08
1.8249364e-06
-1.3947008e-08
1.8265127e-06
-1.3900062e-08
1.8280807e-06
-1.3852536e-08
1.8296403e-06
-1.3804715e-08
1.8311914e-06
-1.3756596e-08
1.8327337e-06
-1.3708094e-08
1.8342673e-06
-1.3659459e-08
1.8357922e-06
-1.3610879e-08
1.8373084e-06
-1.3562237e-08
1.8388161e-06
-1.3513258e-08
1.8403154e-06
-1.3464745e-08
1.8418072e-06
-1.3416849e-08
1.8432904e-06
-1.33682e-08
1.8447664e-06
-1.3321262e-08
1.8462368e-06
-1.3276429e-08
1.847698e-06
-1.3227239e-08
1.849153e-06
-1.3182938e-08
1.8506014e-06
-1.3138016e-08
1.852052e-06
-1.3101958e-08
1.8535101e-06
-1.3082065e-08
1.8549436e-06
-1.3014762e-08
1.8563664e-06
-1.2962123e-08
1.8578019e-06
-1.2949029e-08
1.8592248e-06
-1.2903532e-08
1.8606329e-06
-1.2853978e-08
1.862054e-06
-1.285127e-08
1.8634565e-06
-1.2809658e-08
1.8648233e-06
-1.2743189e-08
1.8662037e-06
-1.2744986e-08
1.8675838e-06
-1.2733499e-08
1.8689208e-06
-1.2658112e-08
1.8702597e-06
-1.2637604e-08
1.8715942e-06
-1.2607364e-08
1.8728886e-06
-1.2524005e-08
1.8741589e-06
-1.2458479e-08
1.8754259e-06
-1.2426453e-08
1.8767081e-06
-1.2413853e-08
1.8780292e-06
-1.2437861e-08
1.8793464e-06
-1.2407398e-08
1.8806432e-06
-1.2358256e-08
1.8819739e-06
-1.2389986e-08
1.8832884e-06
-1.2372941e-08
1.8845419e-06
-1.228512e-08
1.8857798e-06
-1.223408e-08
1.8869952e-06
-1.2197771e-08
1.8881823e-06
-1.2128574e-08
1.8893673e-06
-1.2061339e-08
1.8905616e-06
-1.2053902e-08
1.8917645e-06
-1.2053047e-08
1.8929641e-06
-1.2001149e-08
1.8941525e-06
-1.1958379e-08
1.8953477e-06
-1.197059e-08
1.8965213e-06
-1.19262e-08
1.8976793e-06
-1.1862122e-08
1.898839e-06
-1.1873628e-08
1.8999745e-06
-1.1816689e-08
1.9010777e-06
-1.1725218e-08
1.9021737e-06
-1.1691093e-08
1.9032732e-06
-1.1699905e-08
1.9043408e-06
-1.1629314e-08
1.9053913e-06
-1.1562047e-08
1.9064436e-06
-1.1538512e-08
1.9075186e-06
-1.1561961e-08
1.9086068e-06
-1.1553909e-08
1.909676e-06
-1.1472189e-08
1.9107405e-06
-1.1444035e-08
1.9118094e-06
-1.1433538e-08
1.9128719e-06
-1.1396462e-08
1.9139259e-06
-1.1382578e-08
1.9149815e-06
-1.1375888e-08
1.9160003e-06
-1.1304445e-08
1.9169774e-06
-1.123497e-08
1.917941e-06
-1.1194628e-08
1.9189018e-06
-1.11947e-08
1.9198409e-06
-1.1136088e-08
1.9207485e-06
-1.1058003e-08
1.9216541e-06
-1.1046458e-08
1.9225695e-06
-1.1029247e-08
1.923505e-06
-1.1027725e-08
1.9244439e-06
-1.1018845e-08
1.9253581e-06
-1.0978318e-08
1.9262907e-06
-1.0995687e-08
1.927236e-06
-1.0991523e-08
1.9281837e-06
-1.0972899e-08
1.9291349e-06
-1.097805e-08
1.9301006e-06
-1.0992596e-08
1.9311108e-06
-1.1054739e-08
1.9321276e-06
-1.1054775e-08
1.9330934e-06
-1.0986648e-08
1.9340665e-06
-1.100803e-08
1.9350313e-06
-1.100431e-08
1.9359735e-06
-1.0994283e-08
1.9369292e-06
-1.1016819e-08
1.9378834e-06
-1.0979453e-08
1.9388408e-06
-1.0976287e-08
1.9398193e-06
-1.099986e-08
1.9407911e-06
-1.0971722e-08
1.941771e-06
-1.1014723e-08
1.9427912e-06
-1.1074282e-08
1.9438847e-06
-1.1130908e-08
1.9449762e-06
-1.1090308e-08
1.9459883e-06
-1.0975101e-08
1.9470404e-06
-1.0990477e-08
1.9481684e-06
-1.1017593e-08
1.9492612e-06
-1.0932782e-08
1.9503079e-06
-1.0912373e-08
1.9513051e-06
-1.0901729e-08
1.9523405e-06
-1.0897909e-08
1.9534075e-06
-1.0915159e-08
1.9544083e-06
-1.0837303e-08
1.9553399e-06
-1.0733322e-08
1.9562932e-06
-1.0761433e-08
1.9572474e-06
-1.0716432e-08
1.9580983e-06
-1.0563467e-08
1.9589797e-06
-1.0483238e-08
1.959927e-06
-1.0427407e-08
1.9607287e-06
-1.0283688e-08
1.9614736e-06
-1.0175612e-08
1.9622719e-06
-1.005457e-08
1.9630055e-06
-9.9746518e-09
1.9636224e-06
-9.8990403e-09
1.964272e-06
-9.9048223e-09
1.9648845e-06
-9.8458943e-09
1.9653716e-06
-9.7640105e-09
1.9658556e-06
-9.7149973e-09
1.9663826e-06
-9.6453685e-09
1.9667995e-06
-9.5568602e-09
1.9670996e-06
-9.4658792e-09
1.9674395e-06
-9.4071777e-09
1.9678128e-06
-9.3543702e-09
1.9681099e-06
-9.2945132e-09
1.9684461e-06
-9.2741534e-09
1.9688572e-06
-9.2873851e-09
1.9692621e-06
-9.2811603e-09
1.9697094e-06
-9.2743377e-09
1.9701994e-06
-9.2940078e-09
1.9706443e-06
-9.300813e-09
1.9711782e-06
-9.3319761e-09
1.9718118e-06
-9.3739012e-09
1.9724214e-06
-9.4525383e-09
1.9730813e-06
-9.5177186e-09
1.9737793e-06
-9.5588804e-09
1.974493e-06
-9.6436086e-09
1.9752406e-06
-9.726548e-09
1.9760183e-06
-9.7692996e-09
1.9767338e-06
-9.7668398e-09
1.9774477e-06
-9.7560227e-09
1.978236e-06
-9.7358628e-09
1.9789537e-06
-9.713327e-09
1.9796445e-06
-9.6963082e-09
1.9804312e-06
-9.6497543e-09
1.9811579e-06
-9.5273247e-09
1.9817911e-06
-9.5031298e-09
1.9823795e-06
-9.4018686e-09
1.9829498e-06
-9.3247667e-09
1.9834981e-06
-9.2635513e-09
1.984059e-06
-9.189046e-09
1.984617e-06
-9.0393506e-09
1.9851129e-06
-8.9113268e-09
1.9855053e-06
-8.8595171e-09
1.9858648e-06
-8.7647214e-09
1.9862468e-06
-8.6481147e-09
1.9866065e-06
-8.5341099e-09
1.9868863e-06
-8.4595615e-09
1.9871932e-06
-8.4124383e-09
1.9875004e-06
-8.2868605e-09
1.9876813e-06
-8.1157183e-09
1.9877505e-06
-7.9932603e-09
1.9878264e-06
-7.947742e-09
1.9879515e-06
-7.9427931e-09
1.9879248e-06
-7.8283553e-09
1.9878663e-06
-7.7476687e-09
1.9878379e-06
-7.7326061e-09
1.9877105e-06
-7.6171101e-09
1.9875835e-06
-7.497257e-09
1.9874612e-06
-7.4778375e-09
1.9871813e-06
-7.4205819e-09
1.9869673e-06
-7.3731639e-09
1.9868223e-06
-7.3399975e-09
1.9865874e-06
-7.2761139e-09
1.9863531e-06
-7.2141257e-09
1.9861683e-06
-7.1451414e-09
1.9860203e-06
-7.1773973e-09
1.9859818e-06
-7.2281585e-09
1.985919e-06
-7.1261836e-09
1.9858392e-06
-7.0668116e-09
1.9856478e-06
-7.0056969e-09
1.9855061e-06
-6.989068e-09
1.9854394e-06
-7.0184938e-09
1.985355e-06
-7.0181461e-09
1.9852263e-06
-6.946216e-09
1.9851446e-06
-6.9413661e-09
1.9849414e-06
-6.8876207e-09
1.9847471e-06
-6.8151866e-09
1.9846728e-06
-6.8304571e-09
1.9845709e-06
-6.7384196e-09
1.9844175e-06
-6.6032388e-09
1.9842041e-06
-6.4374293e-09
1.9838421e-06
-6.2753318e-09
1.9834081e-06
-6.1575394e-09
1.983061e-06
-6.0283809e-09
1.9827001e-06
-6.00257e-09
1.9822392e-06
-5.9022565e-09
1.9818251e-06
-5.8667804e-09
1.9814426e-06
-5.7687695e-09
1.9809111e-06
-5.5761884e-09
1.9803059e-06
-5.5287424e-09
1.9798152e-06
-5.5354668e-09
1.9793288e-06
-5.2703282e-09
1.9787496e-06
-4.9805258e-09
1.978089e-06
-4.8304605e-09
1.9774682e-06
-4.742458e-09
1.9767674e-06
-4.5314286e-09
1.9762049e-06
-4.5166142e-09
1.9757404e-06
-4.3752335e-09
1.9750683e-06
-3.9478962e-09
1.9742164e-06
-3.7412371e-09
1.9733824e-06
-3.5956536e-09
1.9723817e-06
-3.3179131e-09
1.9715448e-06
-3.3161554e-09
1.9709428e-06
-3.2114054e-09
1.9701632e-06
-2.7903391e-09
1.9690657e-06
-2.4193638e-09
1.9679751e-06
-2.3072784e-09
1.9669802e-06
-2.1471225e-09
1.9658348e-06
-1.6716832e-09
1.9642953e-06
-1.0432628e-09
1.9625333e-06
-7.5459283e-10
1.9608681e-06
-4.8365312e-10
1.9590333e-06
1.5181367e-10
1.9570145e-06
5.6720983e-10
1.9550674e-06
7.9934281e-10
1.9530198e-06
1.3065962e-09
1.9509939e-06
1.4605033e-09
1.9490135e-06
1.640184e-09
1.9469189e-06
1.9924786e-09
1.9448766e-06
2.0807609e-09
1.9427934e-06
2.2916922e-09
1.9406114e-06
2.5742537e-09
1.9385054e-06
2.6557219e-09
1.9365012e-06
2.6865261e-09
1.9345722e-06
2.743183e-09
1.93273e-06
2.7498768e-09
1.9309334e-06
2.7555926e-09
1.9291391e-06
2.7395326e-09
1.9273665e-06
2.7292346e-09
1.9255509e-06
2.8072873e-09
1.9235899e-06
3.0466452e-09
1.9215533e-06
3.2791605e-09
1.9195176e-06
3.4349279e-09
1.9174716e-06
3.5388794e-09
1.9152926e-06
3.749967e-09
1.9130507e-06
3.9594927e-09
1.9108529e-06
4.0575419e-09
1.9086637e-06
4.10602e-09
1.9064459e-06
4.1920871e-09
1.9042692e-06
4.2379309e-09
1.9021635e-06
4.242128e-09
1.9001302e-06
4.2029478e-09
1.8982005e-06
4.1293706e-09
1.8963757e-06
4.0306682e-09
1.894664e-06
3.8797614e-09
1.8930641e-06
3.7226302e-09
1.8915792e-06
3.5553067e-09
1.8902236e-06
3.3629655e-09
1.8890068e-06
3.1473797e-09
1.8879348e-06
2.9052867e-09
1.8870646e-06
2.6297822e-09
1.8864834e-06
2.3355966e-09
1.8860179e-06
2.0202329e-09
1.8856743e-06
1.6733415e-09
1.8855148e-06
1.2899295e-09
1.8855494e-06
8.8612495e-10
1.8857981e-06
4.476437e-10
1.8862677e-06
-2.3561597e-11
1.8869542e-06
-5.1896087e-10
1.8878619e-06
-1.0397874e-09
1.8889965e-06
-1.589024e-09
1.8903645e-06
-2.1673077e-09
1.8919738e-06
-2.7757454e-09
1.8938296e-06
-3.4098191e-09
1.8959362e-06
-4.0744834e-09
1.8983014e-06
-4.7690545e-09
1.9009362e-06
-5.4930362e-09
1.9038398e-06
-6.2373e-09
1.9070182e-06
-6.9979817e-09
1.9104657e-06
-7.7753413e-09
1.914192e-06
-8.5695353e-09
1.9182132e-06
-9.3930939e-09
1.9225311e-06
-1.0243731e-08
1.9271677e-06
-1.1126189e-08
1.9321063e-06
-1.2035e-08
1.9373485e-06
-1.2951441e-08
1.9428775e-06
-1.3895297e-08
1.9486624e-06
-1.4826918e-08
1.9547339e-06
-1.5797024e-08
1.9609919e-06
-1.6779958e-08
1.9675283e-06
-1.7716291e-08
1.9742008e-06
-1.8712365e-08
1.9809818e-06
-1.9582869e-08
1.98794e-06
-2.0512968e-08
1.9949114e-06
-2.1391164e-08
2.0021274e-06
-2.2155371e-08
2.0093142e-06
-2.3007583e-08
2.0165035e-06
-2.36883e-08
2.0239183e-06
-2.4443902e-08
2.0312526e-06
-2.4999773e-08
2.0382599e-06
-2.5339343e-08
2.0450306e-06
-2.5646891e-08
2.051464e-06
-2.587005e-08
2.0573525e-06
-2.5882442e-08
2.0627614e-06
-2.5853554e-08
2.0677082e-06
-2.5911731e-08
2.0721064e-06
-2.5939389e-08
2.076008e-06
-2.5809315e-08
2.0794314e-06
-2.574417e-08
2.0823757e-06
-2.5580873e-08
2.084582e-06
-2.5285429e-08
2.0858408e-06
-2.5010217e-08
2.0867063e-06
-2.4635606e-08
2.0870206e-06
-2.4191735e-08
2.0867622e-06
-2.3734282e-08
2.0857672e-06
-2.3146709e-08
2.0840271e-06
-2.2491864e-08
2.0815577e-06
-2.1789657e-08
2.0783531e-06
-2.0993622e-08
2.0744258e-06
-2.0089059e-08
2.0697407e-06
-1.9078163e-08
2.0642621e-06
-1.7971871e-08
2.0580172e-06
-1.6764411e-08
2.0510256e-06
-1.5461352e-08
2.0432827e-06
-1.4076462e-08
2.0348122e-06
-1.2597136e-08
2.025646e-06
-1.1015876e-08
2.0157991e-06
-9.3365404e-09
2.0053193e-06
-7.5846995e-09
1.9942515e-06
-5.7746616e-09
1.982627e-06
-3.8998307e-09
1.9704938e-06
-1.9759812e-09
1.9579034e-06
-2.2434055e-11
1.9449005e-06
1.954187e-09
1.9315316e-06
3.9377941e-09
1.917841e-06
5.9227139e-09
1.9038621e-06
7.8953373e-09
1.8896125e-06
9.8635717e-09
1.8751312e-06
1.1811539e-08
1.860442e-06
1.3725145e-08
1.8453927e-06
1.5792077e-08
1.830097e-06
1.7768408e-08
1.8154399e-06
1.8784072e-08
1.8007696e-06
2.0433763e-08
1.7859706e-06
2.2232619e-08
1.7711399e-06
2.3876438e-08
1.7563205e-06
2.5424107e-08
1.7415555e-06
2.689285e-08
1.7268855e-06
2.8276138e-08
1.7123447e-06
2.9581234e-08
1.6979847e-06
3.0813466e-08
1.6839157e-06
3.1952901e-08
1.6701253e-06
3.3024947e-08
1.6563041e-06
3.415113e-08
1.6419633e-06
3.5223108e-08
1.6277392e-06
3.6169446e-08
1.6138651e-06
3.7044751e-08
1.6002601e-06
3.7890582e-08
1.5868605e-06
3.8686132e-08
1.5736664e-06
3.9429062e-08
1.5605581e-06
4.0154498e-08
1.5477262e-06
4.0819925e-08
1.5354189e-06
4.1366369e-08
1.5233247e-06
4.1850614e-08
1.5112933e-06
4.2469431e-08
1.4997359e-06
4.2888505e-08
1.4883411e-06
4.3130371e-08
1.4768446e-06
4.3685456e-08
1.4657707e-06
4.417479e-08
1.4550301e-06
4.4375404e-08
1.4440659e-06
4.4869938e-08
1.4333058e-06
4.5426702e-08
1.4229578e-06
4.5727913e-08
1.4127324e-06
4.6116202e-08
1.4030201e-06
4.6249158e-08
1.3934526e-06
4.6292685e-08
1.3834824e-06
4.6727079e-08
1.3734562e-06
4.7296112e-08
1.3639111e-06
4.7437269e-08
1.3548481e-06
4.7230139e-08
1.3455179e-06
4.7373984e-08
1.335981e-06
4.7856771e-08
1.3269814e-06
4.7837666e-08
1.3182631e-06
4.7668043e-08
1.3094083e-06
4.774967e-08
1.300678e-06
4.733128e-08
1.2923372e-06
4.6649972e-08
1.2839891e-06
4.6375154e-08
1.2757342e-06
4.5673551e-08
1.2680021e-06
4.4523165e-08
1.2604773e-06
4.3509031e-08
1.2532533e-06
4.2188001e-08
1.2465566e-06
4.0826106e-08
1.239996e-06
3.964404e-08
1.2337701e-06
3.8104401e-08
1.2282252e-06
3.6685619e-08
1.2226641e-06
3.5713218e-08
1.2172828e-06
3.4186177e-08
1.2128739e-06
3.2742349e-08
1.2085092e-06
3.2183198e-08
1.2036734e-06
3.1214864e-08
1.199736e-06
2.9491569e-08
1.1964515e-06
2.8643782e-08
1.1926294e-06
2.8224929e-08
1.1886866e-06
2.6947601e-08
1.1858426e-06
2.5295348e-08
1.183484e-06
2.458867e-08
1.1804306e-06
2.4121852e-08
1.1775604e-06
2.2591964e-08
1.1758185e-06
2.1129374e-08
1.1741949e-06
2.06172e-08
1.1719158e-06
1.9796648e-08
1.1703256e-06
1.8107572e-08
1.1694755e-06
1.7079973e-08
1.1684391e-06
1.645456e-08
1.1672427e-06
1.5288316e-08
1.1666242e-06
1.3943829e-08
1.166392e-06
1.2904392e-08
1.1662253e-06
1.18211e-08
1.166243e-06
1.0660846e-08
1.1664745e-06
9.5148973e-09
1.1668026e-06
8.4604017e-09
1.1675988e-06
7.1017561e-09
1.1690558e-06
5.5687215e-09
1.170863e-06
4.304197e-09
1.1726908e-06
3.0092822e-09
1.1748035e-06
1.6565287e-09
1.1773644e-06
2.366205e-10
1.1803338e-06
-1.1714487e-09
1.1836552e-06
-2.5509168e-09
1.1873546e-06
-3.9321586e-09
1.1915251e-06
-5.3196074e-09
1.1962067e-06
-6.6931549e-09
1.2014423e-06
-8.0618126e-09
1.2072107e-06
-9.4842454e-09
1.2135728e-06
-1.0896859e-08
1.2205812e-06
-1.2290239e-08
1.2282129e-06
-1.3708673e-08
1.2364914e-06
-1.5164581e-08
1.2454472e-06
-1.6654841e-08
1.2550818e-06
-1.8177775e-08
1.2653905e-06
-1.9744125e-08
1.2763867e-06
-2.1360133e-08
1.2880808e-06
-2.302339e-08
1.3004821e-06
-2.4732645e-08
1.3135994e-06
-2.6486421e-08
1.3274403e-06
-2.8283933e-08
1.3420044e-06
-3.0123603e-08
1.357282e-06
-3.200461e-08
1.3732516e-06
-3.392537e-08
1.3898781e-06
-3.5883661e-08
1.4071112e-06
-3.7875039e-08
1.4248816e-06
-3.9892249e-08
1.4431026e-06
-4.1927084e-08
1.4616653e-06
-4.3964134e-08
1.4804391e-06
-4.5987298e-08
1.4992861e-06
-4.7987318e-08
1.5180479e-06
-4.9935742e-08
1.5365604e-06
-5.1817397e-08
1.5546657e-06
-5.3628259e-08
1.5722181e-06
-5.5357422e-08
1.5890927e-06
-5.7005351e-08
1.605014e-06
-5.8399089e-08
1.6197831e-06
-5.9596192e-08
1.6333312e-06
-6.0682743e-08
1.6457299e-06
-6.1695665e-08
1.6569967e-06
-6.2448021e-08
1.667128e-06
-6.3131423e-08
1.6760801e-06
-6.355582e-08
1.6841036e-06
-6.4023438e-08
1.689253e-06
-6.2258926e-08
1.692982e-06
-6.2022253e-08
1.695204e-06
-6.1638054e-08
1.6967388e-06
-6.0897101e-08
1.6972915e-06
-6.0272053e-08
1.6985004e-06
-5.917231e-08
1.6986491e-06
-5.7946345e-08
1.6977182e-06
-5.6305737e-08
1.6960357e-06
-5.4591441e-08
1.6939416e-06
-5.2775298e-08
1.6912494e-06
-5.0656432e-08
1.6877703e-06
-4.8234579e-08
1.6836994e-06
-4.5799993e-08
1.6795046e-06
-4.3304242e-08
1.6752269e-06
-4.0705905e-08
1.6708121e-06
-3.7939669e-08
1.6662469e-06
-3.5020895e-08
1.6615222e-06
-3.1958858e-08
1.6566322e-06
-2.8757944e-08
1.6515956e-06
-2.54493e-08
1.6464638e-06
-2.2058515e-08
1.6412836e-06
-1.8596345e-08
1.6360151e-06
-1.506134e-08
1.6305703e-06
-1.1436883e-08
1.6248711e-06
-7.7212916e-09
1.6188902e-06
-3.95239e-09
1.6126187e-06
-1.6696466e-10
1.6060662e-06
3.6108672e-09
1.5992467e-06
7.3797262e-09
1.5921527e-06
1.1144633e-08
1.5847773e-06
1.4893341e-08
1.5771122e-06
1.8611944e-08
1.5691471e-06
2.2285614e-08
1.5608727e-06
2.5894426e-08
1.5522863e-06
2.9416618e-08
1.5433905e-06
3.2831725e-08
1.5341905e-06
3.6125547e-08
1.524684e-06
3.9292804e-08
1.5148725e-06
4.2320297e-08
1.5047898e-06
4.5190476e-08
1.4944976e-06
4.7900119e-08
1.4840215e-06
5.0461361e-08
1.4733669e-06
5.2862894e-08
1.4625461e-06
5.5088686e-08
1.4515804e-06
5.7117985e-08
1.4404962e-06
5.8972161e-08
1.4293387e-06
6.0641328e-08
1.4181353e-06
6.2158338e-08
1.4069534e-06
6.3489304e-08
1.3957714e-06
6.4705156e-08
1.3846944e-06
6.5741687e-08
1.3736967e-06
6.6665983e-08
1.3628809e-06
6.7475237e-08
1.352117e-06
6.835197e-08
1.3416634e-06
6.885559e-08
1.3312055e-06
6.965107e-08
1.3215242e-06
6.9870405e-08
1.3123844e-06
6.9670737e-08
6.8449574e-08
1.2156985e-06
-1.5354095e-08
1.2234664e-06
-2.1419355e-08
1.2317179e-06
-2.8644771e-08
1.2412984e-06
-3.3495908e-08
1.2510782e-06
-3.6455643e-08
1.2610198e-06
-3.7773474e-08
1.2714477e-06
-3.8622752e-08
1.2820386e-06
-3.898286e-08
1.2926374e-06
-3.9082934e-08
1.3035365e-06
-3.9061101e-08
1.3144206e-06
-3.8942482e-08
1.3253262e-06
-3.8823139e-08
1.336171e-06
-3.8596244e-08
1.346934e-06
-3.8360687e-08
1.3575684e-06
-3.8076101e-08
1.3680483e-06
-3.7790564e-08
1.3783595e-06
-3.7463957e-08
1.3884861e-06
-3.7144029e-08
1.3984052e-06
-3.6804565e-08
1.4081145e-06
-3.6467521e-08
1.4176054e-06
-3.6118066e-08
1.4268765e-06
-3.5769218e-08
1.4359296e-06
-3.5419137e-08
1.4447666e-06
-3.5071524e-08
1.4533909e-06
-3.4724841e-08
1.4618059e-06
-3.438122e-08
1.4700198e-06
-3.4041144e-08
1.4780386e-06
-3.3706677e-08
1.4858687e-06
-3.3380601e-08
1.4935164e-06
-3.3061493e-08
1.5009882e-06
-3.2748103e-08
1.5082906e-06
-3.24419e-08
1.5154294e-06
-3.2140855e-08
1.5224114e-06
-3.1847189e-08
1.5292419e-06
-3.1558556e-08
1.5359272e-06
-3.1277363e-08
1.542472e-06
-3.1001062e-08
1.5488826e-06
-3.0732147e-08
1.5551629e-06
-3.0467426e-08
1.5613187e-06
-3.0210115e-08
1.5673545e-06
-2.9956209e-08
1.5732751e-06
-2.9710059e-08
1.5790831e-06
-2.9467243e-08
1.5847836e-06
-2.9232142e-08
1.5903781e-06
-2.9000203e-08
1.5958735e-06
-2.8774741e-08
1.6012721e-06
-2.8556051e-08
1.6065749e-06
-2.8336495e-08
1.6117874e-06
-2.812471e-08
1.6169103e-06
-2.7916303e-08
1.621949e-06
-2.7713337e-08
1.6269049e-06
-2.7513821e-08
1.6317807e-06
-2.7317845e-08
1.6365785e-06
-2.7125573e-08
1.6413009e-06
-2.6936565e-08
1.6459501e-06
-2.6751587e-08
1.6505285e-06
-2.6569223e-08
1.6550382e-06
-2.6391498e-08
1.6594806e-06
-2.6215252e-08
1.6638583e-06
-2.6045386e-08
1.668172e-06
-2.587548e-08
1.672425e-06
-2.5712946e-08
1.6766174e-06
-2.5549395e-08
1.6807526e-06
-2.5392875e-08
1.6848313e-06
-2.5236493e-08
1.6888556e-06
-2.5084974e-08
1.6928253e-06
-2.4932856e-08
1.6967422e-06
-2.4785293e-08
1.7006081e-06
-2.4639245e-08
1.7044241e-06
-2.4496104e-08
1.7081924e-06
-2.4355196e-08
1.7119131e-06
-2.4216592e-08
1.7155879e-06
-2.4079885e-08
1.7192173e-06
-2.3945129e-08
1.7228027e-06
-2.3812404e-08
1.7263451e-06
-2.3681505e-08
1.7298456e-06
-2.3552909e-08
1.7333054e-06
-2.34263e-08
1.7367251e-06
-2.33017e-08
1.7401056e-06
-2.3179671e-08
1.7434478e-06
-2.3058945e-08
1.7467526e-06
-2.2940962e-08
1.7500205e-06
-2.2824015e-08
1.7532529e-06
-2.270961e-08
1.7564498e-06
-2.2596168e-08
1.7596126e-06
-2.2485076e-08
1.7627419e-06
-2.23748e-08
1.7658384e-06
-2.2265831e-08
1.7689026e-06
-2.2157866e-08
1.7719356e-06
-2.2051829e-08
1.774938e-06
-2.1947512e-08
1.7779105e-06
-2.1844331e-08
1.7808532e-06
-2.1741819e-08
1.7837667e-06
-2.1640538e-08
1.7866515e-06
-2.154014e-08
1.7895082e-06
-2.1441016e-08
1.7923377e-06
-2.1342737e-08
1.7951405e-06
-2.1245924e-08
1.7979173e-06
-2.1150222e-08
1.8006685e-06
-2.1055967e-08
1.8033943e-06
-2.0963446e-08
1.8060946e-06
-2.0872502e-08
1.8087697e-06
-2.0782784e-08
1.81142e-06
-2.0694675e-08
1.8140462e-06
-2.060722e-08
1.8166493e-06
-2.052153e-08
1.8192293e-06
-2.0436073e-08
1.8217882e-06
-2.0353425e-08
1.8243251e-06
-2.0269898e-08
1.8268401e-06
-2.0187215e-08
1.8293341e-06
-2.0105587e-08
1.8318071e-06
-2.0025082e-08
1.8342593e-06
-1.9944986e-08
1.8366911e-06
-1.986552e-08
1.8391025e-06
-1.9787005e-08
1.8414944e-06
-1.97091e-08
1.843867e-06
-1.9631876e-08
1.8462205e-06
-1.9555353e-08
1.8485556e-06
-1.9479115e-08
1.8508724e-06
-1.9403729e-08
1.8531709e-06
-1.9329089e-08
1.8554517e-06
-1.9254963e-08
1.8577147e-06
-1.9181722e-08
1.8599603e-06
-1.9109414e-08
1.8621889e-06
-1.9037634e-08
1.8644005e-06
-1.8966746e-08
1.8665956e-06
-1.8896458e-08
1.8687745e-06
-1.8826923e-08
1.8709377e-06
-1.8757885e-08
1.8730851e-06
-1.8689644e-08
1.875217e-06
-1.8622078e-08
1.8773338e-06
-1.8555428e-08
1.8794357e-06
-1.8489523e-08
1.8815233e-06
-1.8424273e-08
1.8835969e-06
-1.8359944e-08
1.8856565e-06
-1.8296314e-08
1.8877019e-06
-1.8233395e-08
1.8897332e-06
-1.817105e-08
1.8917503e-06
-1.8109361e-08
1.893753e-06
-1.8047881e-08
1.8957412e-06
-1.7986603e-08
1.8977153e-06
-1.7925358e-08
1.8996753e-06
-1.7864752e-08
1.9016217e-06
-1.7804412e-08
1.9035545e-06
-1.7744595e-08
1.9054739e-06
-1.7685433e-08
1.90738e-06
-1.7626621e-08
1.9092726e-06
-1.756812e-08
1.9111519e-06
-1.7509878e-08
1.9130178e-06
-1.7451645e-08
1.9148707e-06
-1.7393523e-08
1.9167108e-06
-1.7335129e-08
1.9185386e-06
-1.7276647e-08
1.9203547e-06
-1.7217766e-08
1.9221596e-06
-1.715879e-08
1.9239539e-06
-1.7099585e-08
1.9257384e-06
-1.7040419e-08
1.9275134e-06
-1.6981656e-08
1.929279e-06
-1.6923223e-08
1.9310347e-06
-1.6865345e-08
1.9327803e-06
-1.6808162e-08
1.9345152e-06
-1.6751825e-08
1.9362393e-06
-1.6696164e-08
1.937952e-06
-1.6641075e-08
1.9396533e-06
-1.6586453e-08
1.9413432e-06
-1.6531982e-08
1.9430219e-06
-1.6477784e-08
1.9446898e-06
-1.6423724e-08
1.9463471e-06
-1.6369649e-08
1.947994e-06
-1.6315813e-08
1.9496305e-06
-1.6262104e-08
1.9512565e-06
-1.6208545e-08
1.9528718e-06
-1.6155214e-08
1.9544762e-06
-1.6101876e-08
1.9560694e-06
-1.6048624e-08
1.9576513e-06
-1.5995288e-08
1.9592222e-06
-1.5941891e-08
1.9607821e-06
-1.588842e-08
1.9623314e-06
-1.5834754e-08
1.9638706e-06
-1.5780855e-08
1.9654002e-06
-1.5726878e-08
1.9669206e-06
-1.5672599e-08
1.968432e-06
-1.5618251e-08
1.9699346e-06
-1.5563899e-08
1.9714285e-06
-1.5509388e-08
1.9729134e-06
-1.5454723e-08
1.9743894e-06
-1.5399722e-08
1.9758563e-06
-1.5344559e-08
1.977314e-06
-1.5289209e-08
1.9787626e-06
-1.5233603e-08
1.9802021e-06
-1.5178139e-08
1.9816326e-06
-1.5122675e-08
1.9830544e-06
-1.5067369e-08
1.9844676e-06
-1.5011833e-08
1.9858723e-06
-1.4956243e-08
1.9872696e-06
-1.4902473e-08
1.9886592e-06
-1.4847121e-08
1.9900394e-06
-1.4791731e-08
1.991415e-06
-1.4743085e-08
1.9927844e-06
-1.4687675e-08
1.9941468e-06
-1.4636329e-08
1.9955072e-06
-1.4589797e-08
1.9968499e-06
-1.4534792e-08
1.9981934e-06
-1.4515126e-08
1.9995385e-06
-1.4452394e-08
2.0008638e-06
-1.4383028e-08
2.0021785e-06
-1.4357505e-08
2.0034945e-06
-1.4311613e-08
2.0047963e-06
-1.424808e-08
2.0060946e-06
-1.4244204e-08
2.0073765e-06
-1.4190193e-08
2.0086348e-06
-1.4105341e-08
2.0098929e-06
-1.4112234e-08
2.0111278e-06
-1.4084937e-08
2.0123521e-06
-1.4003587e-08
2.0135997e-06
-1.4011313e-08
2.0148312e-06
-1.3973807e-08
2.0160315e-06
-1.3868999e-08
2.0172124e-06
-1.378767e-08
2.018394e-06
-1.3753605e-08
2.0195709e-06
-1.3726576e-08
2.020758e-06
-1.374387e-08
2.0219495e-06
-1.3698211e-08
2.0231422e-06
-1.3638114e-08
2.0243589e-06
-1.3701747e-08
2.0255334e-06
-1.3667086e-08
2.0266705e-06
-1.3570819e-08
2.0278297e-06
-1.3567632e-08
2.0289229e-06
-1.3480715e-08
2.0300064e-06
-1.3404551e-08
2.0311678e-06
-1.3407658e-08
2.0322728e-06
-1.333223e-08
2.0333216e-06
-1.3266046e-08
2.0344461e-06
-1.3284838e-08
2.0355881e-06
-1.325958e-08
2.0366382e-06
-1.3185281e-08
2.037703e-06
-1.3164092e-08
2.0388066e-06
-1.3149812e-08
2.039788e-06
-1.3051073e-08
2.0407656e-06
-1.3003291e-08
2.0418213e-06
-1.3002809e-08
2.0428083e-06
-1.2911175e-08
2.0436783e-06
-1.281105e-08
2.0445834e-06
-1.2778425e-08
2.0455618e-06
-1.2785729e-08
2.0464892e-06
-1.270643e-08
2.0473439e-06
-1.2645072e-08
2.0482392e-06
-1.2665256e-08
2.0492185e-06
-1.2656301e-08
2.050172e-06
-1.2592613e-08
2.0511369e-06
-1.2588001e-08
2.0521323e-06
-1.2584039e-08
2.0530599e-06
-1.251213e-08
2.0539367e-06
-1.2470994e-08
2.054829e-06
-1.2437168e-08
2.0557282e-06
-1.2398131e-08
2.0565828e-06
-1.2335889e-08
2.0573233e-06
-1.22411e-08
2.0580733e-06
-1.2202603e-08
2.0588791e-06
-1.2182019e-08
2.0596281e-06
-1.2108057e-08
2.0603481e-06
-1.2045535e-08
2.061114e-06
-1.2073077e-08
2.0619086e-06
-1.2080025e-08
2.0626916e-06
-1.2014395e-08
2.0635008e-06
-1.2044397e-08
2.0643201e-06
-1.2035193e-08
2.0651585e-06
-1.2017624e-08
2.0660455e-06
-1.2056661e-08
2.0669166e-06
-1.2041222e-08
2.0677436e-06
-1.2051086e-08
2.0686101e-06
-1.2089861e-08
2.0695226e-06
-1.2074787e-08
2.0703937e-06
-1.2064677e-08
2.0712536e-06
-1.2057178e-08
2.0720937e-06
-1.2029353e-08
2.0729005e-06
-1.2015067e-08
2.0737522e-06
-1.2010259e-08
2.0746751e-06
-1.2060129e-08
2.0756115e-06
-1.2077839e-08
2.0765676e-06
-1.2045113e-08
2.0775453e-06
-1.2086865e-08
2.0785075e-06
-1.211425e-08
2.0794587e-06
-1.2148214e-08
2.0804411e-06
-1.212807e-08
2.0814927e-06
-1.207281e-08
2.0825265e-06
-1.2062601e-08
2.0835529e-06
-1.2079294e-08
2.0846747e-06
-1.2091583e-08
2.0857901e-06
-1.2072366e-08
2.0868117e-06
-1.1979787e-08
2.0877819e-06
-1.1940526e-08
2.088709e-06
-1.1937545e-08
2.0896496e-06
-1.1900192e-08
2.0906228e-06
-1.1855922e-08
2.0914544e-06
-1.1767532e-08
2.0922395e-06
-1.1709252e-08
2.0930964e-06
-1.1660341e-08
2.0939428e-06
-1.1597289e-08
2.0947388e-06
-1.1525995e-08
2.0954619e-06
-1.1351789e-08
2.0962041e-06
-1.1295229e-08
2.0970356e-06
-1.129447e-08
2.0977352e-06
-1.1116938e-08
2.0982515e-06
-1.0892452e-08
2.0986487e-06
-1.0814397e-08
2.0988987e-06
-1.0649047e-08
2.0990492e-06
-1.0510952e-08
2.0991748e-06
-1.0482855e-08
2.0992574e-06
-1.0412639e-08
2.0992501e-06
-1.0268095e-08
2.0992233e-06
-1.0172682e-08
2.0992331e-06
-1.0151468e-08
2.0992709e-06
-1.0118293e-08
2.0993517e-06
-1.0086803e-08
2.0994587e-06
-1.0067893e-08
2.099558e-06
-1.0038269e-08
2.0996966e-06
-1.0029568e-08
2.0999221e-06
-1.0064867e-08
2.1002093e-06
-1.0095726e-08
2.1005492e-06
-1.0105119e-08
2.1010125e-06
-1.0214785e-08
2.1015963e-06
-1.0333753e-08
2.1021151e-06
-1.0298503e-08
2.1026253e-06
-1.0306399e-08
2.1032881e-06
-1.0459161e-08
2.1040036e-06
-1.0557856e-08
2.1046748e-06
-1.0562656e-08
2.1053938e-06
-1.0634134e-08
2.1061415e-06
-1.0657371e-08
2.1069308e-06
-1.0694873e-08
2.1078157e-06
-1.0787101e-08
2.1086443e-06
-1.0732662e-08
2.1093802e-06
-1.063582e-08
2.1103476e-06
-1.0842941e-08
2.1113666e-06
-1.0803541e-08
2.1121578e-06
-1.0579504e-08
2.1129985e-06
-1.0554246e-08
2.11381e-06
-1.0487359e-08
2.114436e-06
-1.0291437e-08
2.1150072e-06
-1.021794e-08
2.1156035e-06
-1.0139988e-08
2.1160904e-06
-9.941532e-09
2.1163619e-06
-9.7029984e-09
2.1164382e-06
-9.4586063e-09
2.1164616e-06
-9.3375756e-09
2.1164815e-06
-9.233418e-09
2.1164244e-06
-9.1050434e-09
2.1162806e-06
-9.0055288e-09
2.1161589e-06
-8.9400136e-09
2.1160671e-06
-8.8346956e-09
2.1159851e-06
-8.7606407e-09
2.1157509e-06
-8.6101255e-09
2.1152915e-06
-8.4348275e-09
2.1148076e-06
-8.3421638e-09
2.1142874e-06
-8.262214e-09
2.1136337e-06
-8.1461073e-09
2.1130499e-06
-8.1263902e-09
2.1125675e-06
-8.1232026e-09
2.1119874e-06
-8.0111975e-09
2.1113602e-06
-7.8965448e-09
2.1108234e-06
-7.9216975e-09
2.1103532e-06
-7.9334046e-09
2.1099049e-06
-7.8617091e-09
2.1095423e-06
-7.8496325e-09
2.1093779e-06
-7.9513125e-09
2.1092191e-06
-7.9804554e-09
2.1089567e-06
-7.9182834e-09
2.1088625e-06
-7.9755744e-09
2.1087975e-06
-7.9340001e-09
2.1087245e-06
-7.8481146e-09
2.1086534e-06
-7.8315407e-09
2.1085279e-06
-7.8344229e-09
2.1082592e-06
-7.7176514e-09
2.1078418e-06
-7.5105433e-09
2.1073498e-06
-7.4333522e-09
2.10691e-06
-7.4314341e-09
2.1064455e-06
-7.3332966e-09
2.1059607e-06
-7.328854e-09
2.1055225e-06
-7.2905921e-09
2.1051359e-06
-7.2237869e-09
2.1048908e-06
-7.2301911e-09
2.1045863e-06
-7.0485049e-09
2.104218e-06
-6.9101369e-09
2.1038704e-06
-6.8411721e-09
2.1033026e-06
-6.6225332e-09
2.1025638e-06
-6.3709824e-09
2.1017052e-06
-6.2359851e-09
2.1008666e-06
-6.180807e-09
2.1000409e-06
-6.0254663e-09
2.0990615e-06
-5.8560747e-09
2.0978628e-06
-5.6814096e-09
2.0969274e-06
-5.7115233e-09
2.0962922e-06
-5.7443841e-09
2.0954896e-06
-5.4474425e-09
2.0945668e-06
-5.2570939e-09
2.0937377e-06
-5.1579359e-09
2.0927006e-06
-4.9583604e-09
2.0917003e-06
-4.8836739e-09
2.090837e-06
-4.6078226e-09
2.0897738e-06
-4.2057362e-09
2.0886454e-06
-3.9989239e-09
2.0875164e-06
-3.7240167e-09
2.0861961e-06
-3.5455932e-09
2.0849064e-06
-3.514721e-09
2.0837703e-06
-3.3189371e-09
2.0825251e-06
-2.9389291e-09
2.0808268e-06
-2.4950615e-09
2.0788398e-06
-2.1927584e-09
2.0769391e-06
-1.9554349e-09
2.0749424e-06
-1.3690311e-09
2.0725124e-06
-7.6650064e-10
2.0699323e-06
-4.40457e-10
2.0674382e-06
6.4239725e-11
2.0647555e-06
6.6943739e-10
2.0620346e-06
9.6392183e-10
2.059396e-06
1.4441826e-09
2.056619e-06
1.7948727e-09
2.0539591e-06
1.9013133e-09
2.0513275e-06
2.2585716e-09
2.048591e-06
2.4787989e-09
2.0459407e-06
2.639172e-09
2.0433114e-06
2.95588e-09
2.0406643e-06
3.142929e-09
2.0380942e-06
3.2120386e-09
2.0357003e-06
3.209621e-09
2.0334284e-06
3.1813965e-09
2.0311548e-06
3.2349656e-09
2.0288432e-06
3.2607268e-09
2.0264996e-06
3.2449763e-09
2.0240572e-06
3.3591676e-09
2.0215266e-06
3.6169721e-09
2.0189724e-06
3.8087755e-09
2.0163873e-06
3.9429007e-09
2.0136823e-06
4.1280632e-09
2.0108782e-06
4.4165742e-09
2.0081171e-06
4.5809507e-09
2.0054078e-06
4.6428301e-09
2.002693e-06
4.7312305e-09
2e-06
4.8474744e-09
1.9973943e-06
4.8826965e-09
1.9949199e-06
4.8556599e-09
1.992557e-06
4.8266209e-09
1.9903071e-06
4.7804463e-09
1.9882112e-06
4.6777151e-09
1.9862198e-06
4.5806789e-09
1.9843683e-06
4.4518749e-09
1.9826927e-06
4.2873713e-09
1.9811995e-06
4.0977159e-09
1.9799189e-06
3.8545012e-09
1.9788654e-06
3.5837346e-09
1.9781276e-06
3.2892409e-09
1.9776947e-06
3.0014471e-09
1.9773665e-06
2.6706699e-09
1.9772381e-06
2.3002795e-09
1.9773365e-06
1.9043807e-09
1.9776926e-06
1.4722761e-09
1.9783077e-06
1.0096373e-09
1.9791778e-06
5.222045e-10
1.9803085e-06
8.6086693e-12
1.9817058e-06
-5.319345e-10
1.9833728e-06
-1.0993584e-09
1.9853092e-06
-1.6908821e-09
1.9875217e-06
-2.3137399e-09
1.9900315e-06
-2.9778038e-09
1.9928566e-06
-3.6850336e-09
1.9959983e-06
-4.4194741e-09
1.9994612e-06
-5.1863664e-09
2.0032466e-06
-5.9753598e-09
2.0073477e-06
-6.7765233e-09
2.0117608e-06
-7.5922357e-09
2.0165041e-06
-8.4450829e-09
2.0215714e-06
-9.324653e-09
2.0269397e-06
-1.0212535e-08
2.0326097e-06
-1.1137806e-08
2.0385742e-06
-1.2091385e-08
2.0448348e-06
-1.3068744e-08
2.0513584e-06
-1.4061267e-08
2.0581195e-06
-1.5041594e-08
2.0650655e-06
-1.6036516e-08
2.0721582e-06
-1.7041347e-08
2.0794262e-06
-1.8065519e-08
2.0867638e-06
-1.9084966e-08
2.0942298e-06
-2.0080712e-08
2.1017533e-06
-2.1109393e-08
2.109258e-06
-2.2064172e-08
2.1167502e-06
-2.2962491e-08
2.1240554e-06
-2.3833783e-08
2.131266e-06
-2.4693548e-08
2.1381543e-06
-2.548283e-08
2.1446281e-06
-2.6058534e-08
2.1507726e-06
-2.6585414e-08
2.1563739e-06
-2.6969305e-08
2.1612609e-06
-2.7139673e-08
2.1655622e-06
-2.7185208e-08
2.1693043e-06
-2.7183175e-08
2.1723428e-06
-2.7142371e-08
2.1743504e-06
-2.7068674e-08
2.1755621e-06
-2.7037267e-08
2.1764094e-06
-2.6935698e-08
2.1765814e-06
-2.6746801e-08
2.1760217e-06
-2.649125e-08
2.1745785e-06
-2.6127179e-08
2.1723216e-06
-2.5685647e-08
2.1693126e-06
-2.5205343e-08
2.1655116e-06
-2.4667446e-08
2.1609596e-06
-2.4041846e-08
2.1556488e-06
-2.3340782e-08
2.1495426e-06
-2.255443e-08
2.1426498e-06
-2.1679801e-08
2.1349754e-06
-2.0695885e-08
2.126539e-06
-1.9616217e-08
2.117356e-06
-1.8442745e-08
2.1074464e-06
-1.7168929e-08
2.0968299e-06
-1.5796173e-08
2.0855201e-06
-1.4327833e-08
2.0735476e-06
-1.2763843e-08
2.0609499e-06
-1.1100096e-08
2.0477733e-06
-9.3448151e-09
2.034049e-06
-7.5027633e-09
2.0199294e-06
-5.7098299e-09
2.0053861e-06
-3.7789825e-09
1.990455e-06
-1.7886483e-09
1.9751888e-06
2.256928e-10
1.9596381e-06
2.2568321e-09
1.9438434e-06
4.2974984e-09
1.9278504e-06
6.3353385e-09
1.9116942e-06
8.3650229e-09
1.8954253e-06
1.0377746e-08
1.8791138e-06
1.2335627e-08
1.8627843e-06
1.4263807e-08
1.846639e-06
1.6176077e-08
1.8307435e-06
1.7969148e-08
1.8141559e-06
1.9764649e-08
1.7974182e-06
2.1664893e-08
1.7809016e-06
2.3362379e-08
1.7645544e-06
2.4976732e-08
1.7483547e-06
2.6534042e-08
1.7322971e-06
2.8032394e-08
1.7163676e-06
2.9471376e-08
1.7005685e-06
3.0840733e-08
1.6849028e-06
3.214385e-08
1.669362e-06
3.3370469e-08
1.654003e-06
3.4479278e-08
1.6389768e-06
3.5498686e-08
1.6243083e-06
3.6443236e-08
1.6099002e-06
3.7358667e-08
1.5956952e-06
3.8257943e-08
1.581679e-06
3.91401e-08
1.5678495e-06
3.9974171e-08
1.5542025e-06
4.0761397e-08
1.5407753e-06
4.1496705e-08
1.5275952e-06
4.2147804e-08
1.5145986e-06
4.2745552e-08
1.5017559e-06
4.3312074e-08
1.4893076e-06
4.3773569e-08
1.4771871e-06
4.4099705e-08
1.4650671e-06
4.4570405e-08
1.4532398e-06
4.5059457e-08
1.4419008e-06
4.5284057e-08
1.4307173e-06
4.5547301e-08
1.4196958e-06
4.6091227e-08
1.4089807e-06
4.6553061e-08
1.3985308e-06
4.6800704e-08
1.3885264e-06
4.6952535e-08
1.3786787e-06
4.7134248e-08
1.3685928e-06
4.7615263e-08
1.358661e-06
4.8094145e-08
1.3493462e-06
4.8243949e-08
1.3404178e-06
4.8194882e-08
1.3313228e-06
4.8348667e-08
1.3222611e-06
4.8650723e-08
1.313919e-06
4.8605624e-08
1.3058695e-06
4.8487489e-08
1.297638e-06
4.869806e-08
1.2895242e-06
4.8868689e-08
1.2811628e-06
4.8914171e-08
1.2725212e-06
4.8740306e-08
1.2644347e-06
4.8151085e-08
1.2564867e-06
4.7563794e-08
1.248617e-06
4.6599729e-08
1.241242e-06
4.5366558e-08
1.2340447e-06
4.4148723e-08
1.2272706e-06
4.2646423e-08
1.2210286e-06
4.1215472e-08
1.2149545e-06
3.9786775e-08
1.2094313e-06
3.8088043e-08
1.2045547e-06
3.6734091e-08
1.199619e-06
3.5520609e-08
1.1952043e-06
3.3798579e-08
1.1916669e-06
3.2599408e-08
1.1879964e-06
3.1996827e-08
1.1839693e-06
3.0856846e-08
1.1809454e-06
2.9232263e-08
1.178486e-06
2.8477539e-08
1.1755046e-06
2.7949993e-08
1.1724507e-06
2.6599002e-08
1.1705057e-06
2.5016086e-08
1.16898e-06
2.436488e-08
1.166822e-06
2.3704008e-08
1.1650129e-06
2.2129981e-08
1.1641648e-06
2.0884462e-08
1.1633569e-06
2.0291995e-08
1.162115e-06
1.9370054e-08
1.1614786e-06
1.7860931e-08
1.1614695e-06
1.6843883e-08
1.1613979e-06
1.6010155e-08
1.1613604e-06
1.4899115e-08
1.1617055e-06
1.3747691e-08
1.1622325e-06
1.2758052e-08
1.1628497e-06
1.1794859e-08
1.1642397e-06
1.0169369e-08
1.1660773e-06
8.9727892e-09
1.1680385e-06
7.8111029e-09
1.1700736e-06
6.5326695e-09
1.1725238e-06
5.1941358e-09
1.1754179e-06
3.8099683e-09
1.1787156e-06
2.4215541e-09
1.1823773e-06
1.0180758e-09
1.1864628e-06
-4.2139714e-10
1.1910273e-06
-1.8741351e-09
1.1960874e-06
-3.3317793e-09
1.2016633e-06
-4.8015933e-09
1.2078055e-06
-6.2923604e-09
1.214549e-06
-7.7964386e-09
1.221888e-06
-9.332239e-09
1.2298723e-06
-1.0891172e-08
1.2385698e-06
-1.2480943e-08
1.2479894e-06
-1.4087067e-08
1.2581411e-06
-1.5725051e-08
1.2690462e-06
-1.7404867e-08
1.280722e-06
-1.9123081e-08
1.2931721e-06
-2.0879678e-08
1.3063959e-06
-2.268088e-08
1.3203902e-06
-2.4526584e-08
1.3351457e-06
-2.6415532e-08
1.3506453e-06
-2.8346295e-08
1.366862e-06
-3.0317374e-08
1.3837579e-06
-3.2327216e-08
1.4012804e-06
-3.4373979e-08
1.4193608e-06
-3.6454925e-08
1.4379109e-06
-3.8565323e-08
1.4568219e-06
-4.0697751e-08
1.4759649e-06
-4.2842947e-08
1.4951928e-06
-4.4991959e-08
1.5143442e-06
-4.7129811e-08
1.533241e-06
-4.9235814e-08
1.5517049e-06
-5.130673e-08
1.5695538e-06
-5.3310707e-08
1.5865915e-06
-5.5216733e-08
1.6026088e-06
-5.6999648e-08
1.617372e-06
-5.860135e-08
1.6307875e-06
-6.0130381e-08
1.6430409e-06
-6.1681179e-08
1.6539191e-06
-6.2938351e-08
1.6635405e-06
-6.4260733e-08
1.671936e-06
-6.5392486e-08
1.6774479e-06
-6.4515405e-08
1.6810482e-06
-6.4907695e-08
1.6828296e-06
-6.5179669e-08
1.6837896e-06
-6.5384933e-08
1.6852242e-06
-6.5129933e-08
1.6853808e-06
-6.4723165e-08
1.6841696e-06
-6.3953407e-08
1.6820384e-06
-6.3055069e-08
1.6786748e-06
-6.1817132e-08
1.6744146e-06
-6.0362781e-08
1.6694682e-06
-5.8873493e-08
1.6642802e-06
-5.7297911e-08
1.658852e-06
-5.5549261e-08
1.6531488e-06
-5.3564235e-08
1.6474091e-06
-5.1387961e-08
1.641828e-06
-4.9069703e-08
1.6362991e-06
-4.6628679e-08
1.6307292e-06
-4.4020367e-08
1.6250665e-06
-4.1238897e-08
1.6193585e-06
-3.8318218e-08
1.6136418e-06
-3.5267507e-08
1.6079397e-06
-3.2088626e-08
1.6022688e-06
-2.8785723e-08
1.596624e-06
-2.5374216e-08
1.5909838e-06
-2.1868845e-08
1.5853222e-06
-1.82806e-08
1.5796135e-06
-1.461258e-08
1.5738535e-06
-1.0873035e-08
1.568044e-06
-7.0700352e-09
1.5621557e-06
-3.2148177e-09
1.5561413e-06
6.7044992e-10
1.5499582e-06
4.5637147e-09
1.543573e-06
8.4560283e-09
1.5369721e-06
1.2333423e-08
1.5301426e-06
1.6184129e-08
1.5230734e-06
1.9994173e-08
1.5157562e-06
2.3748425e-08
1.5081834e-06
2.7429301e-08
1.5003474e-06
3.1018375e-08
1.4922414e-06
3.4498472e-08
1.4838604e-06
3.7857252e-08
1.475209e-06
4.1084291e-08
1.4662952e-06
4.4166967e-08
1.4571285e-06
4.7090498e-08
1.4477259e-06
4.9847778e-08
1.4381153e-06
5.2442765e-08
1.4283198e-06
5.4868833e-08
1.4183543e-06
5.711802e-08
1.4082495e-06
5.9170115e-08
1.3980435e-06
6.1041817e-08
1.3877799e-06
6.2716601e-08
1.3774856e-06
6.4242556e-08
1.3672178e-06
6.5554846e-08
1.3569845e-06
6.6772872e-08
1.3468841e-06
6.7741584e-08
1.3368176e-06
6.8727037e-08
1.3269792e-06
6.9434541e-08
1.3173949e-06
7.0215274e-08
1.3078722e-06
7.0846527e-08
1.2985709e-06
7.1641427e-08
1.2900867e-06
7.1297219e-08
1.2818683e-06
7.1099662e-08
6.9924984e-08
1.2250586e-06
-3.1676641e-08
1.2476144e-06
-4.3975128e-08
1.2734045e-06
-5.443489e-08
1.3014136e-06
-6.1505138e-08
1.330203e-06
-6.5245247e-08
1.3586561e-06
-6.6226865e-08
1.3856685e-06
-6.5635469e-08
1.4112488e-06
-6.4563624e-08
1.4352417e-06
-6.3076445e-08
1.457871e-06
-6.1691073e-08
1.4789191e-06
-5.9991345e-08
1.4986164e-06
-5.8521385e-08
1.5170411e-06
-5.7021996e-08
1.5343315e-06
-5.5652118e-08
1.5505791e-06
-5.4324929e-08
1.5658921e-06
-5.3104841e-08
1.5803543e-06
-5.1927583e-08
1.5940512e-06
-5.0842302e-08
1.6070387e-06
-4.9793697e-08
1.6193959e-06
-4.8826303e-08
1.6311663e-06
-4.7890233e-08
1.6424054e-06
-4.7010111e-08
1.6531585e-06
-4.6174099e-08
1.6634668e-06
-4.5381859e-08
1.6733675e-06
-4.4627675e-08
1.6828879e-06
-4.3903817e-08
1.6920568e-06
-4.3212265e-08
1.7008987e-06
-4.2550942e-08
1.7094397e-06
-4.1923973e-08
1.7176987e-06
-4.1322956e-08
1.7256924e-06
-4.0744432e-08
1.7334375e-06
-4.0189643e-08
1.7409478e-06
-3.9653933e-08
1.7482377e-06
-3.9139985e-08
1.7553188e-06
-3.8642518e-08
1.7622031e-06
-3.8164791e-08
1.7689002e-06
-3.7701258e-08
1.7754208e-06
-3.7255968e-08
1.7817725e-06
-3.6822537e-08
1.7879651e-06
-3.6406111e-08
1.794005e-06
-3.5999598e-08
1.7999004e-06
-3.5609022e-08
1.8056566e-06
-3.522715e-08
1.8112811e-06
-3.4860348e-08
1.816778e-06
-3.4500937e-08
1.8221543e-06
-3.4155024e-08
1.8274146e-06
-3.3820397e-08
1.8325636e-06
-3.3489643e-08
1.8376083e-06
-3.3173677e-08
1.8425487e-06
-3.2861073e-08
1.8473904e-06
-3.2559535e-08
1.8521365e-06
-3.2264537e-08
1.8567905e-06
-3.1976515e-08
1.8613559e-06
-3.1695751e-08
1.865836e-06
-3.1421509e-08
1.8702341e-06
-3.1154785e-08
1.8745527e-06
-3.0892935e-08
1.8787958e-06
-3.0639846e-08
1.8829643e-06
-3.0389215e-08
1.8870629e-06
-3.0149493e-08
1.891091e-06
-2.9909284e-08
1.8950542e-06
-2.9682036e-08
1.8989508e-06
-2.9451919e-08
1.902787e-06
-2.9235189e-08
1.9065605e-06
-2.9016293e-08
1.9102764e-06
-2.880735e-08
1.9139348e-06
-2.8597828e-08
1.9175391e-06
-2.8396385e-08
1.921091e-06
-2.8198182e-08
1.9245919e-06
-2.8004294e-08
1.9280432e-06
-2.7813869e-08
1.9314442e-06
-2.7625329e-08
1.9347969e-06
-2.7440516e-08
1.9381022e-06
-2.7258563e-08
1.9413623e-06
-2.7080853e-08
1.944578e-06
-2.6905857e-08
1.9477509e-06
-2.673472e-08
1.9508818e-06
-2.6566351e-08
1.9539721e-06
-2.6401333e-08
1.9570225e-06
-2.623982e-08
1.9600343e-06
-2.6080655e-08
1.9630086e-06
-2.5925551e-08
1.9659462e-06
-2.5772113e-08
1.9688484e-06
-2.5622725e-08
1.9717153e-06
-2.5474123e-08
1.9745482e-06
-2.5329442e-08
1.9773478e-06
-2.518618e-08
1.9801152e-06
-2.5045257e-08
1.982851e-06
-2.4906082e-08
1.9855558e-06
-2.4769247e-08
1.9882298e-06
-2.4634411e-08
1.9908736e-06
-2.450145e-08
1.9934877e-06
-2.4369466e-08
1.9960729e-06
-2.4239572e-08
1.99863e-06
-2.4111217e-08
2.0011596e-06
-2.398495e-08
2.0036626e-06
-2.386035e-08
2.0061398e-06
-2.3737921e-08
2.0085918e-06
-2.3617227e-08
2.0110191e-06
-2.3498538e-08
2.0134219e-06
-2.3381876e-08
2.0158005e-06
-2.3267155e-08
2.0181554e-06
-2.3154208e-08
2.020487e-06
-2.3043377e-08
2.0227957e-06
-2.2933453e-08
2.0250823e-06
-2.2825891e-08
2.0273465e-06
-2.2718357e-08
2.029589e-06
-2.2614007e-08
2.03181e-06
-2.2509097e-08
2.0340107e-06
-2.2406359e-08
2.0361929e-06
-2.2306412e-08
2.0383565e-06
-2.2207708e-08
2.0405015e-06
-2.2109342e-08
2.0426277e-06
-2.2011323e-08
2.044735e-06
-2.1914061e-08
2.0468232e-06
-2.1817383e-08
2.048893e-06
-2.1721904e-08
2.0509448e-06
-2.1627743e-08
2.0529791e-06
-2.1534388e-08
2.0549962e-06
-2.144216e-08
2.0569962e-06
-2.135093e-08
2.0589795e-06
-2.126078e-08
2.0609465e-06
-2.1171586e-08
2.0628974e-06
-2.1083614e-08
2.0648324e-06
-2.0996501e-08
2.0667521e-06
-2.0910622e-08
2.0686566e-06
-2.082555e-08
2.0705464e-06
-2.0741605e-08
2.0724217e-06
-2.0658405e-08
2.0742828e-06
-2.0576334e-08
2.0761298e-06
-2.049463e-08
2.0779634e-06
-2.0414626e-08
2.0797836e-06
-2.0335277e-08
2.0815905e-06
-2.0256802e-08
2.0833842e-06
-2.017927e-08
2.0851646e-06
-2.0102541e-08
2.0869317e-06
-2.0026579e-08
2.0886854e-06
-1.9951404e-08
2.0904251e-06
-1.9876699e-08
2.0921512e-06
-1.9802623e-08
2.0938641e-06
-1.9729099e-08
2.0955641e-06
-1.9656078e-08
2.0972514e-06
-1.9583724e-08
2.0989263e-06
-1.9511926e-08
2.1005889e-06
-1.9440772e-08
2.1022391e-06
-1.9370284e-08
2.1038772e-06
-1.930034e-08
2.105503e-06
-1.9230819e-08
2.1071168e-06
-1.9161746e-08
2.1087186e-06
-1.9092868e-08
2.1103087e-06
-1.9024287e-08
2.1118875e-06
-1.8955625e-08
2.1134555e-06
-1.8887103e-08
2.1150129e-06
-1.8818506e-08
2.1165603e-06
-1.8750013e-08
2.1180982e-06
-1.8681453e-08
2.1196269e-06
-1.8613175e-08
2.1211462e-06
-1.8545107e-08
2.1226562e-06
-1.8477553e-08
2.1241571e-06
-1.8410706e-08
2.1256485e-06
-1.8344692e-08
2.1271305e-06
-1.8279745e-08
2.1286028e-06
-1.8215611e-08
2.130065e-06
-1.8151856e-08
2.131517e-06
-1.8088489e-08
2.1329587e-06
-1.8025448e-08
2.13439e-06
-1.7962621e-08
2.1358112e-06
-1.7900038e-08
2.1372226e-06
-1.7837709e-08
2.1386243e-06
-1.777566e-08
2.1400161e-06
-1.7713835e-08
2.141398e-06
-1.7652289e-08
2.1427698e-06
-1.7590942e-08
2.1441315e-06
-1.7529797e-08
2.1454832e-06
-1.7468813e-08
2.1468247e-06
-1.7407955e-08
2.1481566e-06
-1.7347075e-08
2.1494788e-06
-1.7286241e-08
2.1507918e-06
-1.7225315e-08
2.1520958e-06
-1.716427e-08
2.1533911e-06
-1.7103145e-08
2.1546781e-06
-1.7042063e-08
2.1559569e-06
-1.6980949e-08
2.1572273e-06
-1.6919655e-08
2.1584894e-06
-1.6858571e-08
2.1597435e-06
-1.6797683e-08
2.1609892e-06
-1.6736441e-08
2.1622264e-06
-1.6675048e-08
2.1634553e-06
-1.6613857e-08
2.1646763e-06
-1.6552781e-08
2.1658893e-06
-1.6491614e-08
2.1670942e-06
-1.6430382e-08
2.1682915e-06
-1.6369357e-08
2.1694815e-06
-1.630854e-08
2.1706658e-06
-1.6248499e-08
2.1718407e-06
-1.6186668e-08
2.1730126e-06
-1.6129452e-08
2.1741795e-06
-1.6069894e-08
2.1753314e-06
-1.6006693e-08
2.176486e-06
-1.595517e-08
2.1776262e-06
-1.5889808e-08
2.1787625e-06
-1.5840148e-08
2.1798788e-06
-1.5765759e-08
2.1809509e-06
-1.5701701e-08
2.1820538e-06
-1.5673457e-08
2.1831649e-06
-1.5617626e-08
2.1842135e-06
-1.5529837e-08
2.1852817e-06
-1.5504086e-08
2.1863577e-06
-1.5451179e-08
2.1873474e-06
-1.536293e-08
2.1883815e-06
-1.5358023e-08
2.1894742e-06
-1.5339233e-08
2.190448e-06
-1.5232401e-08
2.1914167e-06
-1.5202613e-08
2.1924623e-06
-1.5199118e-08
2.1934238e-06
-1.5125761e-08
2.1943767e-06
-1.5087177e-08
2.1954392e-06
-1.5104783e-08
2.1965166e-06
-1.5048887e-08
2.197543e-06
-1.4964376e-08
2.1985192e-06
-1.4877209e-08
2.1993901e-06
-1.4771625e-08
2.200324e-06
-1.4769441e-08
2.2013783e-06
-1.4818702e-08
2.2022869e-06
-1.474191e-08
2.2031909e-06
-1.4723379e-08
2.2042178e-06
-1.4775431e-08
2.2051796e-06
-1.4732874e-08
2.2061189e-06
-1.4643569e-08
2.207093e-06
-1.4607519e-08
2.2080406e-06
-1.4577585e-08
2.2089832e-06
-1.4490323e-08
2.209924e-06
-1.4414553e-08
2.2108452e-06
-1.4408593e-08
2.2117414e-06
-1.4363778e-08
2.2126194e-06
-1.4281187e-08
2.2134923e-06
-1.4264576e-08
2.2143202e-06
-1.4220209e-08
2.2151289e-06
-1.4123616e-08
2.2159216e-06
-1.4080463e-08
2.2166688e-06
-1.4053107e-08
2.2174066e-06
-1.3967332e-08
2.2181402e-06
-1.38749e-08
2.2188363e-06
-1.3809071e-08
2.219487e-06
-1.3767508e-08
2.220196e-06
-1.3735111e-08
2.2208911e-06
-1.364193e-08
2.2215206e-06
-1.3570689e-08
2.2222356e-06
-1.3625477e-08
2.223027e-06
-1.3625491e-08
2.223785e-06
-1.358085e-08
2.2245352e-06
-1.3573155e-08
2.2252932e-06
-1.3525375e-08
2.2260255e-06
-1.3484327e-08
2.2267109e-06
-1.3440264e-08
2.2273524e-06
-1.3395681e-08
2.2279596e-06
-1.3329186e-08
2.228536e-06
-1.3222853e-08
2.2290876e-06
-1.3169899e-08
2.2296227e-06
-1.3129656e-08
2.2301847e-06
-1.3067238e-08
2.2308044e-06
-1.3037625e-08
2.2313647e-06
-1.2974043e-08
2.2319246e-06
-1.2955245e-08
2.2326048e-06
-1.2987561e-08
2.2332446e-06
-1.294711e-08
2.2339343e-06
-1.2967246e-08
2.2346507e-06
-1.2966392e-08
2.2353066e-06
-1.2926768e-08
2.2360498e-06
-1.2985805e-08
2.2367344e-06
-1.2933391e-08
2.2373731e-06
-1.2922435e-08
2.2381441e-06
-1.3039996e-08
2.2388917e-06
-1.3013431e-08
2.2396294e-06
-1.2997362e-08
2.2404322e-06
-1.3024501e-08
2.2412255e-06
-1.2989495e-08
2.2420559e-06
-1.3004291e-08
2.2428773e-06
-1.3011499e-08
2.2437362e-06
-1.3035024e-08
2.2446781e-06
-1.3054395e-08
2.2455942e-06
-1.30324e-08
2.2465123e-06
-1.3035121e-08
2.2473197e-06
-1.2951783e-08
2.2481741e-06
-1.2979576e-08
2.249255e-06
-1.3149045e-08
2.2503275e-06
-1.3128757e-08
2.2513363e-06
-1.3084635e-08
2.2523408e-06
-1.3104879e-08
2.2533019e-06
-1.3059e-08
2.254302e-06
-1.3032124e-08
2.2552356e-06
-1.2966954e-08
2.256045e-06
-1.2878771e-08
2.2568138e-06
-1.2831729e-08
2.2575748e-06
-1.2807108e-08
2.2583186e-06
-1.2738889e-08
2.2589655e-06
-1.2635651e-08
2.2595694e-06
-1.2590751e-08
2.2601542e-06
-1.2551923e-08
2.2606514e-06
-1.2453373e-08
2.2610743e-06
-1.2311753e-08
2.2614478e-06
-1.2241139e-08
2.261681e-06
-1.2149874e-08
2.2618655e-06
-1.1990275e-08
2.262036e-06
-1.1812162e-08
2.2620666e-06
-1.1650333e-08
2.2620203e-06
-1.1463556e-08
2.2619233e-06
-1.1323843e-08
2.2617282e-06
-1.1242954e-08
2.2614196e-06
-1.1104093e-08
2.2611143e-06
-1.0985659e-08
2.2608345e-06
-1.0913442e-08
2.2605338e-06
-1.086363e-08
2.2602346e-06
-1.0799622e-08
2.2599874e-06
-1.0769144e-08
2.2598241e-06
-1.0781942e-08
2.2597233e-06
-1.0758234e-08
2.2597079e-06
-1.0774488e-08
2.2597266e-06
-1.0786696e-08
2.2597784e-06
-1.0778336e-08
2.2600323e-06
-1.0883102e-08
2.2603056e-06
-1.0954146e-08
2.2605499e-06
-1.100195e-08
2.2609398e-06
-1.1034583e-08
2.2615029e-06
-1.1139627e-08
2.2621182e-06
-1.1272445e-08
2.2627248e-06
-1.1294409e-08
2.2634955e-06
-1.1408622e-08
2.2643443e-06
-1.1525853e-08
2.2651663e-06
-1.1515457e-08
2.2660735e-06
-1.1648929e-08
2.2669327e-06
-1.1720291e-08
2.2677807e-06
-1.1688777e-08
2.2687381e-06
-1.1729076e-08
2.2695084e-06
-1.1787537e-08
2.2702165e-06
-1.1734342e-08
2.2710128e-06
-1.1642017e-08
2.2717187e-06
-1.158362e-08
2.2722543e-06
-1.147466e-08
2.2727474e-06
-1.1293938e-08
2.2730987e-06
-1.1139179e-08
2.2733016e-06
-1.1000907e-08
2.2734355e-06
-1.0815703e-08
2.2734795e-06
-1.0562481e-08
2.2734586e-06
-1.0321711e-08
2.2732957e-06
-1.0130551e-08
2.2729796e-06
-9.9338338e-09
2.272625e-06
-9.8200617e-09
2.2721918e-06
-9.6971098e-09
2.2716006e-06
-9.5269903e-09
2.27092e-06
-9.3882888e-09
2.2701641e-06
-9.296802e-09
2.2693665e-06
-9.163192e-09
2.2685301e-06
-9.0078349e-09
2.2676335e-06
-8.9042378e-09
2.2666956e-06
-8.815852e-09
2.2657132e-06
-8.6840695e-09
2.2646475e-06
-8.5948857e-09
2.2635612e-06
-8.5645966e-09
2.2625639e-06
-8.5125778e-09
2.2616841e-06
-8.4766718e-09
2.2608216e-06
-8.483469e-09
2.2599317e-06
-8.4247622e-09
2.2591299e-06
-8.379065e-09
2.2584909e-06
-8.4614866e-09
2.2579004e-06
-8.5600309e-09
2.257345e-06
-8.5901122e-09
2.2568992e-06
-8.6127674e-09
2.2564416e-06
-8.6439007e-09
2.256027e-06
-8.6347103e-09
2.2556974e-06
-8.627921e-09
2.2553284e-06
-8.5829681e-09
2.2548482e-06
-8.5068961e-09
2.25434e-06
-8.3895766e-09
2.2539069e-06
-8.2635294e-09
2.2534406e-06
-8.1537355e-09
2.2528868e-06
-8.0577478e-09
2.2523694e-06
-7.9824214e-09
2.2518504e-06
-7.9666704e-09
2.2513172e-06
-7.9186191e-09
2.2507949e-06
-7.8937976e-09
2.2501912e-06
-7.8849784e-09
2.2495315e-06
-7.7283389e-09
2.2487526e-06
-7.5513231e-09
2.24782e-06
-7.4031976e-09
2.246853e-06
-7.2009447e-09
2.2458738e-06
-6.9708412e-09
2.2447909e-06
-6.7706791e-09
2.243554e-06
-6.601605e-09
2.2423109e-06
-6.4668404e-09
2.241101e-06
-6.3554775e-09
2.2398737e-06
-6.1922627e-09
2.2385163e-06
-6.1172449e-09
2.2370521e-06
-6.066184e-09
2.235718e-06
-5.918444e-09
2.2343881e-06
-5.7536176e-09
2.2330032e-06
-5.6232614e-09
2.2315645e-06
-5.3916573e-09
2.2299451e-06
-5.1688338e-09
2.228392e-06
-4.9813309e-09
2.2269333e-06
-4.6767226e-09
2.225372e-06
-4.3736779e-09
2.2238576e-06
-4.1614014e-09
2.2222586e-06
-3.9410759e-09
2.2203512e-06
-3.6916967e-09
2.2182697e-06
-3.4539172e-09
2.2161258e-06
-3.1707446e-09
2.2138096e-06
-2.7367917e-09
2.2111003e-06
-2.2389437e-09
2.2080397e-06
-1.8475563e-09
2.2049633e-06
-1.415168e-09
2.2017529e-06
-8.0928775e-10
2.1982395e-06
-2.7451907e-10
2.1947216e-06
1.9307533e-10
2.1912503e-06
7.686185e-10
2.1876595e-06
1.2269594e-09
2.1842123e-06
1.6332318e-09
2.1807657e-06
2.0588771e-09
2.1772039e-06
2.339307e-09
2.1737899e-06
2.6002978e-09
2.1703351e-06
2.9169649e-09
2.1668687e-06
3.1687595e-09
2.1636025e-06
3.3951522e-09
2.1604495e-06
3.6068761e-09
2.1573833e-06
3.7421466e-09
2.1544084e-06
3.7884238e-09
2.1514914e-06
3.7924903e-09
2.1485967e-06
3.8567349e-09
2.1456567e-06
3.9086996e-09
2.1426067e-06
3.938581e-09
2.1394123e-06
4.1088288e-09
2.1361651e-06
4.3290846e-09
2.1328481e-06
4.5088973e-09
2.1293888e-06
4.7210613e-09
2.12585e-06
4.9454707e-09
2.122361e-06
5.1744813e-09
2.1188874e-06
5.3460947e-09
2.1154202e-06
5.4541975e-09
2.1120066e-06
5.5698055e-09
2.1087317e-06
5.657645e-09
2.1056155e-06
5.6794591e-09
2.1026468e-06
5.675457e-09
2.0998716e-06
5.6461409e-09
2.0973093e-06
5.5962861e-09
2.0949531e-06
5.5030518e-09
2.0928279e-06
5.4029008e-09
2.0909187e-06
5.299865e-09
2.0892466e-06
5.1485629e-09
2.0878307e-06
4.9552131e-09
2.086658e-06
4.7233204e-09
2.0857859e-06
4.4565582e-09
2.0853422e-06
4.1736237e-09
2.0851124e-06
3.8843293e-09
2.0850241e-06
3.5532239e-09
2.0851891e-06
3.1867509e-09
2.0856551e-06
2.7659386e-09
2.0864273e-06
2.3148963e-09
2.0875024e-06
1.8405539e-09
2.0888848e-06
1.3391275e-09
2.0905781e-06
8.1139584e-10
2.0925826e-06
2.5972957e-10
2.0948989e-06
-3.1578695e-10
2.0975288e-06
-9.1352126e-10
2.1004737e-06
-1.5390533e-09
2.1037407e-06
-2.2078468e-09
2.1073363e-06
-2.9219747e-09
2.1112728e-06
-3.6746082e-09
2.1155533e-06
-4.4668864e-09
2.1201633e-06
-5.2755649e-09
2.125093e-06
-6.097542e-09
2.1303257e-06
-6.927479e-09
2.1358431e-06
-7.787551e-09
2.1416311e-06
-8.6737075e-09
2.1477005e-06
-9.591107e-09
2.1540677e-06
-1.0578735e-08
2.1607304e-06
-1.1615652e-08
2.167656e-06
-1.2677398e-08
2.174781e-06
-1.3735149e-08
2.1820331e-06
-1.4757971e-08
2.1893307e-06
-1.576375e-08
2.1966426e-06
-1.6796197e-08
2.2039312e-06
-1.7855483e-08
2.2111781e-06
-1.894838e-08
2.2182393e-06
-1.9933086e-08
2.2250044e-06
-2.0902378e-08
2.2314607e-06
-2.1858042e-08
2.2375533e-06
-2.2792938e-08
2.2431222e-06
-2.3639341e-08
2.2481194e-06
-2.4461762e-08
2.2528029e-06
-2.5507573e-08
2.257189e-06
-2.6424135e-08
2.2609326e-06
-2.7045289e-08
2.2634489e-06
-2.7286533e-08
2.2646505e-06
-2.7469895e-08
2.2654694e-06
-2.7524915e-08
2.2656304e-06
-2.7624182e-08
2.2650089e-06
-2.7713795e-08
2.2634227e-06
-2.7640832e-08
2.2606533e-06
-2.7342979e-08
2.2571015e-06
-2.7315858e-08
2.2526679e-06
-2.7066584e-08
2.2473757e-06
-2.6765649e-08
2.2413009e-06
-2.6420543e-08
2.2344525e-06
-2.598792e-08
2.2268359e-06
-2.5499023e-08
2.2184574e-06
-2.4936758e-08
2.2093385e-06
-2.4286703e-08
2.1994986e-06
-2.3560981e-08
2.1889431e-06
-2.2735477e-08
2.1777372e-06
-2.1869837e-08
2.1658523e-06
-2.0841808e-08
2.1533268e-06
-1.9730129e-08
2.1401912e-06
-1.8525792e-08
2.1264781e-06
-1.7222187e-08
2.1122182e-06
-1.5815972e-08
2.0974493e-06
-1.4316115e-08
2.0822129e-06
-1.2723806e-08
2.0665633e-06
-1.1046713e-08
2.0505639e-06
-9.3002241e-09
2.0342613e-06
-7.471372e-09
2.0175726e-06
-5.5685296e-09
2.0005993e-06
-3.5885059e-09
1.9834236e-06
-1.588667e-09
1.9660794e-06
4.4238213e-10
1.9485972e-06
2.4969116e-09
1.9310138e-06
4.5596615e-09
1.9133552e-06
6.6273951e-09
1.8956461e-06
8.6946184e-09
1.8779177e-06
1.0744345e-08
1.8601586e-06
1.2778352e-08
1.8423956e-06
1.4781936e-08
1.8247184e-06
1.6705098e-08
1.8070874e-06
1.8570698e-08
1.7895809e-06
2.038005e-08
1.772359e-06
2.2153133e-08
1.7553069e-06
2.385344e-08
1.7383804e-06
2.552765e-08
1.7215949e-06
2.7141271e-08
1.7049733e-06
2.8683759e-08
1.6885424e-06
3.0150014e-08
1.6723174e-06
3.1540443e-08
1.6563109e-06
3.2860132e-08
1.6405404e-06
3.409291e-08
1.6249876e-06
3.5232015e-08
1.609633e-06
3.6304946e-08
1.5944643e-06
3.7316624e-08
1.579488e-06
3.8292111e-08
1.5647406e-06
3.92145e-08
1.5502561e-06
4.0085832e-08
1.5360365e-06
4.0908068e-08
1.5220902e-06
4.1676999e-08
1.5084395e-06
4.2374607e-08
1.4950763e-06
4.2998561e-08
1.4819885e-06
4.3583077e-08
1.4692155e-06
4.4098313e-08
1.4567774e-06
4.4487481e-08
1.4445524e-06
4.4858568e-08
1.4325891e-06
4.5321702e-08
1.4209676e-06
4.5720149e-08
1.4095538e-06
4.5983913e-08
1.3983243e-06
4.6304114e-08
1.3874515e-06
4.6728668e-08
1.3769078e-06
4.7097952e-08
1.3666277e-06
4.7316529e-08
1.356536e-06
4.750962e-08
1.3465301e-06
4.7829783e-08
1.3368079e-06
4.8248861e-08
1.3275252e-06
4.8510711e-08
1.3185377e-06
4.8586793e-08
1.3095813e-06
4.8725552e-08
1.3007917e-06
4.8930123e-08
1.2925134e-06
4.8938062e-08
1.2844641e-06
4.8880085e-08
1.2763226e-06
4.9070949e-08
1.2684298e-06
4.9255607e-08
1.2609612e-06
4.9234567e-08
1.2538177e-06
4.9200257e-08
1.2468799e-06
4.9077724e-08
1.2399614e-06
4.8738712e-08
1.2330955e-06
4.8383403e-08
1.2260489e-06
4.7899416e-08
1.2190267e-06
4.6954455e-08
1.2122859e-06
4.5777586e-08
1.2058137e-06
4.4334268e-08
1.1998661e-06
4.2706642e-08
1.1943969e-06
4.1123652e-08
1.1892374e-06
3.9429682e-08
1.1847644e-06
3.7692336e-08
1.180745e-06
3.6316863e-08
1.1767251e-06
3.4871717e-08
1.1734225e-06
3.3218335e-08
1.1708053e-06
3.2189905e-08
1.1680492e-06
3.1443721e-08
1.1651909e-06
3.0172204e-08
1.1632378e-06
2.8765195e-08
1.161715e-06
2.8062545e-08
1.15983e-06
2.733081e-08
1.1580052e-06
2.5947715e-08
1.1571212e-06
2.4606061e-08
1.156524e-06
2.3916876e-08
1.1555513e-06
2.3071345e-08
1.1549703e-06
2.1651213e-08
1.155072e-06
2.0548634e-08
1.1552976e-06
1.9797033e-08
1.1553071e-06
1.8781588e-08
1.1557629e-06
1.7592372e-08
1.1567076e-06
1.6545873e-08
1.1575372e-06
1.5832457e-08
1.1587927e-06
1.4548262e-08
1.1607194e-06
1.3185002e-08
1.1629638e-06
1.2218767e-08
1.1650365e-06
1.1089229e-08
1.167463e-06
9.8757447e-09
1.1703403e-06
8.6170404e-09
1.1735941e-06
7.3330519e-09
1.1772231e-06
6.0075958e-09
1.1812435e-06
4.6373514e-09
1.1857131e-06
3.2232448e-09
1.1906679e-06
1.7765314e-09
1.1961228e-06
2.97526e-10
1.2021033e-06
-1.2008874e-09
1.2086512e-06
-2.7258396e-09
1.215807e-06
-4.2822066e-09
1.2236034e-06
-5.8701763e-09
1.2320834e-06
-7.4923947e-09
1.241273e-06
-9.1507943e-09
1.2512019e-06
-1.0842093e-08
1.2618984e-06
-1.2574359e-08
1.2733946e-06
-1.4340335e-08
1.2857102e-06
-1.6147943e-08
1.2988539e-06
-1.8001641e-08
1.3128269e-06
-1.9897926e-08
1.327623e-06
-2.1836887e-08
1.34322e-06
-2.3818305e-08
1.3595843e-06
-2.5841085e-08
1.3766711e-06
-2.790458e-08
1.3944207e-06
-3.0005378e-08
1.4127574e-06
-3.2140732e-08
1.431587e-06
-3.4306653e-08
1.4507959e-06
-3.6498436e-08
1.4702511e-06
-3.8711987e-08
1.4897991e-06
-4.0939826e-08
1.5092708e-06
-4.3175009e-08
1.5284758e-06
-4.5401896e-08
1.5472137e-06
-4.7611636e-08
1.5652931e-06
-4.9803487e-08
1.5825042e-06
-5.1940895e-08
1.5986293e-06
-5.4007829e-08
1.6134545e-06
-5.5951969e-08
1.6268399e-06
-5.778452e-08
1.6387383e-06
-5.9577843e-08
1.6491076e-06
-6.1299225e-08
1.6579176e-06
-6.289613e-08
1.665265e-06
-6.4455684e-08
1.6694739e-06
-6.4220676e-08
1.6713752e-06
-6.545486e-08
1.6721563e-06
-6.6432784e-08
1.6732456e-06
-6.6901825e-08
1.672944e-06
-6.7317959e-08
1.6709794e-06
-6.7221435e-08
1.6673831e-06
-6.6848659e-08
1.6624929e-06
-6.6168797e-08
1.6566085e-06
-6.5533288e-08
1.6500507e-06
-6.4704082e-08
1.6429731e-06
-6.37293e-08
1.6357226e-06
-6.2566976e-08
1.6284975e-06
-6.1206915e-08
1.6212125e-06
-5.9701772e-08
1.6137743e-06
-5.7989703e-08
1.6062067e-06
-5.6083784e-08
1.5986144e-06
-5.4001215e-08
1.5910497e-06
-5.1750578e-08
1.5835458e-06
-4.9324304e-08
1.5761209e-06
-4.6734306e-08
1.5688621e-06
-4.4029994e-08
1.5618342e-06
-4.1201374e-08
1.5550429e-06
-3.8235364e-08
1.5484676e-06
-3.5122883e-08
1.5420938e-06
-3.187787e-08
1.5359158e-06
-2.85186e-08
1.5299194e-06
-2.5056182e-08
1.5240812e-06
-2.1500298e-08
1.5183683e-06
-1.7855612e-08
1.5127485e-06
-1.4129012e-08
1.5071876e-06
-1.0328852e-08
1.5016455e-06
-6.4592047e-09
1.4960883e-06
-2.5386195e-09
1.490477e-06
1.4162498e-09
1.4847689e-06
5.3838707e-09
1.4789375e-06
9.3399533e-09
1.4729537e-06
1.3276491e-08
1.4667916e-06
1.7181869e-08
1.4604306e-06
2.1040436e-08
1.4538568e-06
2.483452e-08
1.4470587e-06
2.854797e-08
1.4400253e-06
3.2166316e-08
1.4327481e-06
3.5674553e-08
1.4252248e-06
3.9058508e-08
1.4174638e-06
4.2301883e-08
1.4094771e-06
4.5393127e-08
1.4012763e-06
4.8322547e-08
1.392874e-06
5.1086336e-08
1.3842934e-06
5.3684342e-08
1.3755674e-06
5.6111029e-08
1.3667348e-06
5.8362697e-08
1.3578114e-06
6.0417744e-08
1.3488231e-06
6.2283003e-08
1.3397969e-06
6.3946979e-08
1.3307656e-06
6.5456474e-08
1.3217412e-06
6.6768686e-08
1.3127883e-06
6.794847e-08
1.3038883e-06
6.8916235e-08
1.2950885e-06
6.9879937e-08
1.2865363e-06
7.0466688e-08
1.2782147e-06
7.1185147e-08
1.27029e-06
7.1623572e-08
1.2625386e-06
7.2480724e-08
1.2551523e-06
7.2037589e-08
1.2482341e-06
7.1650238e-08
7.0396884e-08
1.3527718e-06
1.4507535e-06
1.5639581e-06
1.6586939e-06
1.7342422e-06
1.7926736e-06
1.837798e-06
1.8733595e-06
1.902302e-06
1.9261283e-06
1.9462149e-06
1.9635649e-06
1.9788213e-06
1.9924426e-06
2.0047264e-06
2.015992e-06
2.0263757e-06
2.0360637e-06
2.0450956e-06
2.0536153e-06
2.0616419e-06
2.0692371e-06
2.0764547e-06
2.0833227e-06
2.0898691e-06
2.0961289e-06
2.1021321e-06
2.107903e-06
2.113458e-06
2.1188124e-06
2.1239796e-06
2.1289711e-06
2.1337975e-06
2.1384687e-06
2.1429929e-06
2.1473807e-06
2.1516391e-06
2.1557775e-06
2.1598013e-06
2.1637179e-06
2.1675322e-06
2.1712493e-06
2.1748746e-06
2.1784104e-06
2.1818631e-06
2.1852314e-06
2.1885157e-06
2.1917285e-06
2.1948834e-06
2.1979739e-06
2.2009989e-06
2.2039614e-06
2.2068652e-06
2.2097115e-06
2.2125035e-06
2.2152415e-06
2.2179294e-06
2.220567e-06
2.2231579e-06
2.2257026e-06
2.2282035e-06
2.2306635e-06
2.2330819e-06
2.2354651e-06
2.2378094e-06
2.2401167e-06
2.242388e-06
2.2446277e-06
2.246834e-06
2.2490051e-06
2.2511421e-06
2.2532467e-06
2.2553213e-06
2.2573667e-06
2.2593846e-06
2.2613755e-06
2.2633404e-06
2.2652804e-06
2.2671955e-06
2.2690873e-06
2.2709549e-06
2.2728009e-06
2.274623e-06
2.2764247e-06
2.2782044e-06
2.2799627e-06
2.2817003e-06
2.2834225e-06
2.2851293e-06
2.2868185e-06
2.2884875e-06
2.2901378e-06
2.2917707e-06
2.293387e-06
2.2949871e-06
2.2965717e-06
2.2981406e-06
2.2996943e-06
2.3012328e-06
2.3027567e-06
2.3042658e-06
2.3057608e-06
2.3072417e-06
2.3087096e-06
2.3101644e-06
2.3116076e-06
2.3130383e-06
2.3144559e-06
2.3158617e-06
2.317256e-06
2.3186372e-06
2.3200049e-06
2.3213599e-06
2.322703e-06
2.3240348e-06
2.3253559e-06
2.3266667e-06
2.3279671e-06
2.3292572e-06
2.3305375e-06
2.331808e-06
2.3330689e-06
2.3343205e-06
2.3355629e-06
2.3367962e-06
2.3380207e-06
2.3392366e-06
2.3404438e-06
2.3416427e-06
2.3428335e-06
2.3440164e-06
2.3451915e-06
2.3463575e-06
2.3475166e-06
2.3486692e-06
2.3498151e-06
2.3509536e-06
2.3520842e-06
2.3532058e-06
2.3543191e-06
2.3554245e-06
2.3565223e-06
2.3576124e-06
2.3586949e-06
2.3597698e-06
2.360837e-06
2.3618966e-06
2.3629486e-06
2.3639931e-06
2.3650301e-06
2.36606e-06
2.3670829e-06
2.3680994e-06
2.3691096e-06
2.370114e-06
2.3711126e-06
2.3721056e-06
2.373093e-06
2.3740748e-06
2.3750509e-06
2.376021e-06
2.3769845e-06
2.3779412e-06
2.378891e-06
2.3798338e-06
2.3807697e-06
2.3816989e-06
2.3826214e-06
2.3835374e-06
2.3844469e-06
2.3853499e-06
2.3862463e-06
2.387136e-06
2.388019e-06
2.3888952e-06
2.3897648e-06
2.390628e-06
2.3914849e-06
2.3923357e-06
2.3931807e-06
2.3940199e-06
2.3948537e-06
2.3956817e-06
2.3965038e-06
2.3973198e-06
2.3981295e-06
2.3989332e-06
2.3997312e-06
2.4005236e-06
2.4013105e-06
2.4020921e-06
2.4028685e-06
2.4036398e-06
2.404406e-06
2.4051674e-06
2.4059247e-06
2.4066761e-06
2.4074225e-06
2.4081677e-06
2.4089038e-06
2.4096389e-06
2.4103649e-06
2.4110888e-06
2.4118128e-06
2.4125206e-06
2.4132147e-06
2.4139171e-06
2.4146052e-06
2.4152826e-06
2.4159645e-06
2.4166219e-06
2.4172548e-06
2.4179081e-06
2.4185571e-06
2.419193e-06
2.4198441e-06
2.4204895e-06
2.4210899e-06
2.4216675e-06
2.4222476e-06
2.4228476e-06
2.4234738e-06
2.4240971e-06
2.4246885e-06
2.4253051e-06
2.4259291e-06
2.4265109e-06
2.427082e-06
2.4276542e-06
2.4282152e-06
2.4287596e-06
2.4293137e-06
2.4298812e-06
2.43042e-06
2.430943e-06
2.4314695e-06
2.4319603e-06
2.4324189e-06
2.4328646e-06
2.4332741e-06
2.4336292e-06
2.4339705e-06
2.4343116e-06
2.4346385e-06
2.4349585e-06
2.4352882e-06
2.4356558e-06
2.436087e-06
2.4365125e-06
2.4369375e-06
2.437392e-06
2.4378246e-06
2.438232e-06
2.4386012e-06
2.4389101e-06
2.4391585e-06
2.4393733e-06
2.4395903e-06
2.4397985e-06
2.4400051e-06
2.4402485e-06
2.4405096e-06
2.4408203e-06
2.4411767e-06
2.4415204e-06
2.4419211e-06
2.4423442e-06
2.4427508e-06
2.4432047e-06
2.4436489e-06
2.4441246e-06
2.4446707e-06
2.4451796e-06
2.4457182e-06
2.4463064e-06
2.4469026e-06
2.4475537e-06
2.4482266e-06
2.4489345e-06
2.4496943e-06
2.4504597e-06
2.4512795e-06
2.4521242e-06
2.4529934e-06
2.453899e-06
2.4547318e-06
2.4555704e-06
2.456429e-06
2.4572169e-06
2.4579613e-06
2.4586443e-06
2.459245e-06
2.4598312e-06
2.4603511e-06
2.4607909e-06
2.4611647e-06
2.461463e-06
2.4616527e-06
2.4617307e-06
2.4617163e-06
2.4616202e-06
2.4614112e-06
2.4610675e-06
2.4606305e-06
2.4601373e-06
2.4595773e-06
2.4589599e-06
2.4582861e-06
2.4575361e-06
2.4567518e-06
2.4559729e-06
2.4552263e-06
2.4545207e-06
2.4538926e-06
2.4533498e-06
2.4528601e-06
2.4524861e-06
2.4522111e-06
2.4520235e-06
2.4519698e-06
2.4519921e-06
2.4520941e-06
2.4523046e-06
2.4527776e-06
2.4533486e-06
2.453948e-06
2.4547238e-06
2.4556151e-06
2.4565085e-06
2.4574838e-06
2.4584363e-06
2.4593072e-06
2.4601541e-06
2.4609159e-06
2.4615342e-06
2.4620993e-06
2.4625702e-06
2.4628893e-06
2.4630595e-06
2.463128e-06
2.4630434e-06
2.4627747e-06
2.4623516e-06
2.4618098e-06
2.461173e-06
2.4604064e-06
2.4595133e-06
2.4584701e-06
2.457312e-06
2.4560771e-06
2.4547449e-06
2.4532997e-06
2.4517838e-06
2.4502425e-06
2.4486682e-06
2.4470671e-06
2.4454915e-06
2.4439455e-06
2.4424162e-06
2.4409625e-06
2.4396148e-06
2.4383294e-06
2.4371441e-06
2.4361138e-06
2.4351722e-06
2.4342665e-06
2.4334501e-06
2.4327073e-06
2.431983e-06
2.4312991e-06
2.4306273e-06
2.429933e-06
2.4292062e-06
2.4284815e-06
2.4278016e-06
2.4271472e-06
2.4264873e-06
2.4258268e-06
2.4251354e-06
2.4243824e-06
2.4235021e-06
2.4224315e-06
2.4212474e-06
2.4199505e-06
2.4185128e-06
2.4170062e-06
2.4154728e-06
2.4138982e-06
2.4122545e-06
2.4105455e-06
2.4087849e-06
2.4070267e-06
2.405202e-06
2.4032736e-06
2.4013238e-06
2.3993606e-06
2.3973377e-06
2.3953215e-06
2.3932481e-06
2.3910907e-06
2.3889526e-06
2.3867798e-06
2.3844871e-06
2.3820394e-06
2.3793671e-06
2.3763777e-06
2.3730645e-06
2.3695365e-06
2.3657873e-06
2.3617001e-06
2.3573605e-06
2.3529575e-06
2.3484435e-06
2.3438363e-06
2.3393015e-06
2.334785e-06
2.3303096e-06
2.3259361e-06
2.3215415e-06
2.3171625e-06
2.3129027e-06
2.3087217e-06
2.3046703e-06
2.3007952e-06
2.2970571e-06
2.2933838e-06
2.2896904e-06
2.285959e-06
2.2821357e-06
2.2781419e-06
2.2740203e-06
2.2698158e-06
2.2655103e-06
2.2611325e-06
2.256731e-06
2.2523589e-06
2.2480462e-06
2.2438242e-06
2.2397699e-06
2.2359209e-06
2.2322834e-06
2.2288832e-06
2.2257456e-06
2.2228801e-06
2.2202972e-06
2.2180399e-06
2.2161227e-06
2.214531e-06
2.213256e-06
2.2122795e-06
2.2116972e-06
2.2115814e-06
2.2116467e-06
2.2118816e-06
2.2124229e-06
2.2132871e-06
2.2144798e-06
2.2159852e-06
2.2177946e-06
2.2199104e-06
2.2223361e-06
2.2250743e-06
2.2281276e-06
2.231487e-06
2.235153e-06
2.239183e-06
2.2436161e-06
2.2484136e-06
2.2535215e-06
2.258903e-06
2.2645034e-06
2.2702945e-06
2.2762562e-06
2.2823917e-06
2.2886682e-06
2.2949156e-06
2.3010884e-06
2.3071688e-06
2.3130734e-06
2.3186731e-06
2.3237866e-06
2.3286766e-06
2.3336304e-06
2.3384354e-06
2.3427039e-06
2.3463442e-06
2.34926e-06
2.3511039e-06
2.3521676e-06
2.3525324e-06
2.3518789e-06
2.349916e-06
2.3469705e-06
2.342979e-06
2.3380385e-06
2.3321299e-06
2.3251431e-06
2.317301e-06
2.3086574e-06
2.2998666e-06
2.290067e-06
2.2794501e-06
2.2680756e-06
2.2560315e-06
2.243359e-06
2.2300983e-06
2.216297e-06
2.2019791e-06
2.1871594e-06
2.1718081e-06
2.1560237e-06
2.1398381e-06
2.1232868e-06
2.1064037e-06
2.0892207e-06
2.0717667e-06
2.0540736e-06
2.0361759e-06
2.018091e-06
1.9998684e-06
1.9815484e-06
1.9631647e-06
1.9447194e-06
1.9262351e-06
1.9077452e-06
1.8892693e-06
1.8708342e-06
1.8524746e-06
1.8342102e-06
1.8160671e-06
1.7980675e-06
1.7801952e-06
1.7624589e-06
1.7448597e-06
1.7274059e-06
1.7100912e-06
1.6929652e-06
1.6760518e-06
1.6593585e-06
1.6428884e-06
1.6266452e-06
1.6106414e-06
1.5948842e-06
1.5793779e-06
1.5641408e-06
1.5491677e-06
1.5344788e-06
1.5200699e-06
1.5059372e-06
1.4920796e-06
1.478498e-06
1.4651845e-06
1.4521379e-06
1.4393954e-06
1.426966e-06
1.4147802e-06
1.4028389e-06
1.3912514e-06
1.3799881e-06
1.3689153e-06
1.3580713e-06
1.3475882e-06
1.3374653e-06
1.3275655e-06
1.3178241e-06
1.3083468e-06
1.2992577e-06
1.2904584e-06
1.2817883e-06
1.2733436e-06
1.2652849e-06
1.2574391e-06
1.2496745e-06
1.2421913e-06
1.2350715e-06
1.228228e-06
1.221654e-06
1.2152469e-06
1.208981e-06
1.2030659e-06
1.1975011e-06
1.1920354e-06
1.1867243e-06
1.1815852e-06
1.1766986e-06
1.1722276e-06
1.1681038e-06
1.1643434e-06
1.1611691e-06
1.1582899e-06
1.1555538e-06
1.1535153e-06
1.1519708e-06
1.1503712e-06
1.14889e-06
1.1481395e-06
1.1476863e-06
1.1471153e-06
1.1467724e-06
1.1469964e-06
1.1474627e-06
1.147821e-06
1.1485308e-06
1.1498068e-06
1.1510965e-06
1.1523896e-06
1.1544556e-06
1.1569536e-06
1.1593697e-06
1.1618733e-06
1.1648872e-06
1.1682186e-06
1.1718704e-06
1.1758872e-06
1.1803158e-06
1.1851896e-06
1.190545e-06
1.1964082e-06
1.2028119e-06
1.2097924e-06
1.2173975e-06
1.2256645e-06
1.2346301e-06
1.2443337e-06
1.2548077e-06
1.266082e-06
1.2781886e-06
1.2911467e-06
1.3049781e-06
1.3196792e-06
1.3352325e-06
1.3516135e-06
1.3687786e-06
1.3866668e-06
1.4051958e-06
1.4242645e-06
1.4437513e-06
1.463515e-06
1.4833932e-06
1.5032021e-06
1.5227469e-06
1.5418142e-06
1.5601893e-06
1.5776616e-06
1.5939961e-06
1.608963e-06
1.6223959e-06
1.6341886e-06
1.6443107e-06
1.652587e-06
1.659292e-06
1.6626052e-06
1.663661e-06
1.6638026e-06
1.6636203e-06
1.6614629e-06
1.6573889e-06
1.6518051e-06
1.6449757e-06
1.637196e-06
1.6286793e-06
1.6197861e-06
1.6105962e-06
1.6011614e-06
1.5914974e-06
1.5816349e-06
1.5716442e-06
1.5616494e-06
1.5517975e-06
1.542173e-06
1.5328199e-06
1.5237783e-06
1.5150815e-06
1.506753e-06
1.4987726e-06
1.4911245e-06
1.4838005e-06
1.4768007e-06
1.4701143e-06
1.4637193e-06
1.4575868e-06
1.4516836e-06
1.4459768e-06
1.4404356e-06
1.4350264e-06
1.429719e-06
1.4244792e-06
1.4192747e-06
1.414064e-06
1.4087998e-06
1.4034457e-06
1.3979745e-06
1.3923654e-06
1.386597e-06
1.3806526e-06
1.3745214e-06
1.3681981e-06
1.3616817e-06
1.3549729e-06
1.3480769e-06
1.3409999e-06
1.3337529e-06
1.3263552e-06
1.3188297e-06
1.3112039e-06
1.3035044e-06
1.295762e-06
1.2880014e-06
1.2802705e-06
1.2725854e-06
1.2649971e-06
1.2575214e-06
1.2502896e-06
1.2431578e-06
1.2362447e-06
1.2298524e-06
1.2241101e-06
1.2187341e-06
1.2130482e-06
)
;

boundaryField
{
    walls
    {
        type            calculated;
        value           uniform 0;
    }
    inlet1
    {
        type            calculated;
        value           nonuniform List<scalar> 
16
(
-5.6153911e-06
-5.6153911e-06
-5.6153911e-06
-5.615391e-06
-5.615391e-06
-5.615391e-06
-5.615391e-06
-5.615391e-06
-5.615391e-06
-5.615391e-06
-5.615391e-06
-5.615391e-06
-5.615391e-06
-5.615391e-06
-5.615391e-06
-5.615391e-06
)
;
    }
    inlet2
    {
        type            calculated;
        value           nonuniform List<scalar> 
16
(
-1.2087361e-06
-1.2087361e-06
-1.2087361e-06
-1.2087361e-06
-1.2087361e-06
-1.2087361e-06
-1.2087361e-06
-1.2087361e-06
-1.2087361e-06
-1.2087361e-06
-1.2087361e-06
-1.2087361e-06
-1.2087361e-06
-1.2087361e-06
-1.2087361e-06
-1.2087361e-06
)
;
    }
    outlet
    {
        type            calculated;
        value           nonuniform List<scalar> 
32
(
1.172453e-06
1.1379918e-06
1.1079796e-06
1.0830614e-06
1.0682408e-06
1.0608107e-06
1.0732661e-06
1.1016607e-06
1.1589783e-06
1.2480852e-06
1.3783617e-06
1.5522067e-06
1.7670112e-06
2.0025728e-06
2.2177805e-06
2.3509728e-06
1.3691568e-06
1.3708174e-06
1.3739053e-06
1.3777309e-06
1.3814815e-06
1.3841845e-06
1.3847642e-06
1.3821461e-06
1.3753634e-06
1.3640332e-06
1.3484123e-06
1.3287733e-06
1.303584e-06
1.2740555e-06
1.2418584e-06
1.207758e-06
)
;
    }
    frontAndBack
    {
        type            empty;
        value           nonuniform List<scalar> 0();
    }
}


// ************************************************************************* //
