/*--------------------------------*- C++ -*----------------------------------*\
| =========                 |                                                 |
| \\      /  F ield         | OpenFOAM: The Open Source CFD Toolbox           |
|  \\    /   O peration     | Version:  2312                                  |
|   \\  /    A nd           | Website:  www.openfoam.com                      |
|    \\/     M anipulation  |                                                 |
\*---------------------------------------------------------------------------*/
FoamFile
{
    version     2.0;
    format      ascii;
    arch        "LSB;label=64;scalar=64";
    class       volScalarField;
    location    "0.0038";
    object      p;
}
// * * * * * * * * * * * * * * * * * * * * * * * * * * * * * * * * * * * * * //

dimensions      [1 -1 -2 0 0 0 0];

internalField   nonuniform List<scalar> 
48128
(
3455.29
3462.3
3466.13
3475.57
3479.15
3487.36
3485.22
3491.27
3470.71
3448.51
3410.6
3374.7
3329.27
3282.65
3262.09
3248.27
3237.84
3230.66
3227.43
3229.78
3239.76
3259.81
3289.95
3329.74
3375.2
3434.53
3484.82
3546.42
3609.36
3676.12
3745.22
3816.4
3889.19
3965.08
4044.97
4127.73
4217.15
4311
4405.64
4512.03
4630.33
4750.14
4890.75
5038.35
5202.63
5384.34
5576.93
5804.59
6007.05
6249.86
6518.86
6716.17
7012.06
7260.8
7584.68
7832.32
8118.73
8394.16
8652.31
8876.32
9127.13
9368.11
9571.6
9777.33
9976.65
10166.5
10373.2
10563.5
10734.4
10907.1
11078
11243.7
11410.4
11584.7
11736
11898.5
12016.3
12080.9
12136.2
12218.9
12324.6
12425.1
12505.8
12590.6
12696.3
12810.5
12880.7
12891.2
12859.6
12807.4
12776.5
12787.5
12821
12861.1
12893.1
12915.5
12934.2
12945.1
12947.5
12938.4
12920.8
12909.3
12915.3
12933.1
12966.3
12994.4
13018.3
13024.7
13022.7
13022
13026.5
13035.6
13048.9
13065.6
13080
13071.1
13041.3
12988.3
12916.5
12839.4
12861.6
12928.2
13025.4
13165.5
13242.3
13222.6
13187.4
13144.1
13107.7
13076.7
13042.4
13024.4
12998.5
13013.7
13072.5
13148.1
13251.4
13360.4
13452.7
13480.4
13492.3
13478.1
13464.6
13438.3
13403.9
13366.8
13332.8
13315.7
13301.9
13311.1
13328.8
13350.4
13388
13410.4
13436.8
13470.7
13461.3
13443.7
13410.2
13364
13318.4
13291.2
13293.4
13300.6
13313.2
13323.6
13329.9
13327.5
13328.7
13332.4
13345.3
13366.2
13389.8
13413.8
13417.8
13415.8
13413.6
13411.2
13415.6
13421.8
13430.7
13440.3
13449.3
13449.9
13451.4
13444.5
13433
13419.9
13415.7
13413.6
13419.5
13431.7
13447.2
13456.1
13455.1
13448.2
13435.9
13430.9
13425.7
13427.7
13435.8
13446.6
13459.1
13469.9
13479.2
13478.5
13474.4
13467.2
13460.7
13459.7
13461
13465.9
13473
13474.7
13470.6
13464.5
13457.7
13455
13458.4
13466.6
13477.7
13488.1
13499.5
13506.7
13516.2
13525.1
13529.1
13529.4
13524.8
13517.3
13510.4
13508.4
13512
13515.2
13515.1
13512.1
13505.5
13496
13485.2
13482.1
3456.85
3462.97
3468.73
3473.39
3479.92
3486.59
3482.73
3485.53
3470.49
3443.87
3414.62
3357.92
3306.52
3292.39
3274.87
3262.21
3251.8
3244.1
3241.53
3244.5
3255.54
3276.28
3305.36
3343.71
3386.81
3428.63
3477.44
3536.75
3597.46
3661.24
3728.94
3799.72
3872.4
3948.78
4029.53
4112.96
4203.93
4300.75
4397.25
4504.32
4623.63
4743.95
4884.27
5030.65
5195.5
5374.45
5565.91
5786.56
6012.54
6212.54
6487.16
6665.98
6950.23
7232.94
7526.77
7784.6
8063.48
8337
8600.6
8827.32
9074.45
9318.54
9523.01
9725.38
9925.95
10116.3
10319.9
10511.2
10683.1
10852.8
11022.6
11191.6
11361
11533.6
11684.9
11851.6
11972.6
12037.5
12094
12178
12284.4
12386.7
12468
12553.3
12660.5
12774.5
12845.7
12856.9
12830.1
12783.5
12757.3
12770.3
12803
12842
12874.8
12898.9
12918.8
12930.5
12931.9
12923.2
12906.6
12897.7
12905.6
12925.9
12960.1
12989.3
13013.7
13020.2
13018.4
13018
13022.5
13030.6
13042.1
13057.5
13071.7
13063.8
13035.2
12982.6
12912
12835.1
12858.1
12926.9
13024.7
13162.2
13240.3
13222.6
13187.3
13146.1
13112.3
13082.6
13049.5
13029.9
13004
13016.8
13076.7
13149.4
13250
13358.6
13448.2
13477.1
13489.6
13476.7
13462.2
13437.2
13403.4
13366.8
13332.7
13315.4
13302.2
13309.9
13327.5
13348.1
13385.8
13408.4
13434.3
13469.3
13460.5
13443.9
13410.2
13363.4
13319.1
13290.8
13292.1
13300.3
13312.7
13323.9
13330.4
13328.1
13328.9
13332.9
13346.2
13366.8
13390.5
13415
13417.9
13415.9
13413.3
13410.7
13414.8
13421.2
13430.1
13439.5
13448.5
13449.2
13450.4
13443.8
13432.7
13419.5
13416.3
13414.1
13419.8
13432.2
13447.7
13456.6
13455.6
13448.5
13436.3
13430.7
13425.5
13427.8
13435.5
13446.5
13458.9
13469.9
13479.4
13478.7
13474.3
13467.3
13460.8
13459.8
13461.3
13466.2
13473.2
13474.7
13470.5
13464.4
13457.5
13454.9
13458.2
13466.6
13477.8
13488.3
13499.9
13507.2
13516.6
13525.4
13529.6
13529.5
13524.8
13517.2
13510.3
13508.2
13511.8
13515.2
13515.2
13512.2
13505.4
13496
13485.2
13482.1
3463.28
3466.75
3470.66
3474.71
3477.93
3482.96
3479.75
3478.15
3459.24
3438.99
3389.82
3367.37
3328.59
3279.58
3254.37
3243.94
3235.64
3229.39
3227.96
3231.75
3243.36
3264.05
3294.12
3331.81
3373.95
3422.8
3482.75
3537.88
3598.32
3660.1
3725.29
3794.08
3865.29
3940.57
4020.65
4102.85
4193.7
4292.54
4391.16
4499.9
4619.48
4740.94
4882.62
5028.63
5198.44
5375.66
5512.47
5723.71
5970.48
6213.04
6466.54
6665.11
6934.18
7208.53
7491.76
7749.12
8026.57
8299.19
8568.21
8799.08
9043.18
9291.52
9496.28
9695.45
9898.49
10090.5
10293.5
10487.6
10662.1
10830.7
10999.6
11167.7
11337.4
11508.9
11658.8
11829.4
11956.9
12022.4
12080.5
12165.2
12269.2
12370
12448.4
12535
12644.3
12752.9
12818.3
12825.9
12804.5
12767.5
12751.1
12766.2
12794.1
12827.5
12858.8
12884.6
12908.1
12921.7
12922
12913.5
12898.9
12895.9
12907.3
12930.9
12966
12994.6
13018.6
13023.8
13021.7
13020.6
13024.5
13030.9
13039.9
13052.4
13063.9
13056.5
13028.9
12975.9
12906.2
12834
12857.2
12925.9
13025.5
13153.4
13235.1
13222.1
13189.9
13155.2
13126
13100.1
13069.8
13048.2
13020.1
13033.9
13085.8
13155.3
13251.6
13357.1
13439.1
13474.6
13486.4
13476.6
13462.3
13438.7
13405.8
13369.5
13334.8
13317
13304.6
13310.5
13329
13349.4
13383.1
13408.9
13431.3
13465.4
13458.7
13443.7
13409.3
13362.1
13320.6
13290.5
13290.8
13299.4
13313
13324.9
13331.8
13330.6
13331
13335.3
13350.1
13369.7
13393
13416.5
13418.5
13415.8
13412.4
13409.7
13413.2
13419.6
13428.7
13438
13447.2
13448.6
13449.4
13443.9
13433.2
13419.7
13417.3
13415.3
13420.9
13433.6
13449
13458.4
13456.8
13449.7
13437.3
13430.4
13425.7
13427.9
13435.4
13446.2
13458.5
13469.6
13479.1
13478.8
13474.4
13467.4
13461
13460.2
13461.8
13466.8
13473.6
13475
13470.6
13464.1
13456.9
13454.6
13457.9
13466.5
13478.1
13488.9
13500.8
13508.4
13517.8
13526.5
13530.3
13530.3
13525
13517.1
13510.2
13508
13511.6
13515.1
13515.2
13512.2
13505.3
13495.9
13485.3
13482.3
3469.57
3470.28
3477.4
3470.71
3477.98
3477.94
3471.83
3464.38
3450.91
3407.31
3397
3345.02
3307.18
3286.32
3263.78
3249.56
3239.53
3232.24
3230.76
3234.58
3245.68
3267.22
3297.47
3333.18
3374.4
3419.12
3471.18
3526.08
3584.53
3644.23
3707.62
3775.59
3846.16
3921.51
4002.8
4085.15
4177.21
4280.23
4382.15
4495.08
4614.62
4739.17
4886.41
5029.49
5149.79
5345.39
5534.36
5762.6
5961.81
6180.5
6433.25
6623.24
6885.89
7182.41
7448.33
7703.31
7979.16
8251.28
8530.66
8767.93
9008.49
9264.9
9468.63
9663.85
9870.59
10063.5
10264.4
10462.8
10638
10803.6
10969.8
11135.1
11304.9
11476.3
11622.6
11796.2
11934.6
12002.5
12063.3
12149.5
12249.7
12345.5
12419.4
12508.7
12622.4
12722
12773.9
12775.6
12762.2
12741.9
12744
12761.5
12781.3
12803.8
12830.5
12858.9
12888.7
12905.6
12905.8
12897.9
12888.5
12892
12908.1
12934.9
12970.4
12997.4
13021.4
13026.2
13024.6
13023.6
13027
13031.3
13037.4
13045.2
13052.3
13044.4
13017
12963.7
12896.7
12835.5
12856
12924.4
13026.4
13140.5
13222.1
13217.7
13192.4
13166.7
13143.9
13124.1
13098.8
13075.6
13044.9
13059.9
13098.2
13164.6
13253.9
13352.5
13424.5
13468.4
13480.2
13473.8
13461.3
13439.9
13408.9
13373.5
13338.6
13320.3
13308.9
13312.3
13330.2
13350.2
13378.7
13409.2
13425.5
13458
13455.6
13442.3
13406.4
13360.1
13321.3
13289.9
13288.8
13297.8
13313
13326.5
13333.4
13333.9
13334.3
13339.3
13354.5
13372.9
13395.2
13417.6
13418.4
13415.2
13410.5
13407.9
13410.9
13417.2
13426.5
13435.8
13445
13447.6
13447.7
13443.4
13433.2
13420.1
13418.1
13417
13422.3
13435.2
13450.6
13460.1
13458
13451.3
13438.4
13430.1
13425.5
13427.5
13434.5
13445.2
13457.3
13468.8
13478.4
13478.8
13474.6
13467.8
13461.4
13460.6
13462.4
13467.5
13474.3
13475.2
13470.5
13463.4
13456.1
13454
13457.1
13465.9
13477.9
13489.2
13501.5
13509.6
13519.2
13527.7
13531.5
13530.8
13525
13516.7
13509.5
13507.1
13510.6
13514.4
13514.8
13512
13505
13495.7
13485.3
13482.2
3478.95
3469.23
3475.77
3471.2
3474.78
3469.72
3459.45
3447.77
3417.61
3413.13
3373.22
3335.69
3302.82
3277.55
3258.36
3246.36
3236.95
3229.87
3228.36
3232.12
3243.07
3265.4
3293.36
3327.93
3367.6
3411.26
3460.72
3512.51
3568.01
3625.02
3686.59
3754.1
3824.13
3899.95
3983.7
4067.09
4161.19
4270.06
4375.6
4497.59
4606.31
4695.14
4863.18
4964.4
5191.14
5364.92
5525.47
5753.52
5939.29
6149.21
6415.73
6604.74
6851.49
7166.76
7422.69
7671.51
7944.12
8214.21
8505.25
8754.21
8989.03
9253.41
9455.42
9648.25
9860.19
10055.3
10250.8
10455.1
10631
10792.5
10953.1
11114.4
11286.4
11458.5
11598.8
11772.3
11924
11995.3
12056.8
12143.8
12237.3
12323.5
12392.7
12485.7
12603.4
12688.1
12719.3
12716.5
12714.3
12720.5
12743.5
12766.2
12775.6
12784.2
12803.5
12833.4
12869.1
12889.2
12890
12882.9
12880.4
12890
12910.9
12939.4
12974.4
12999.8
13023.9
13030.1
13030.1
13029.7
13032.6
13034.6
13037.1
13040
13041.7
13032
13002.9
12948.5
12886.7
12841.2
12858.4
12925.7
13030.8
13128.1
13202.2
13210.7
13194.2
13179.8
13164.7
13153.2
13134.1
13110.1
13077.5
13089.7
13118.1
13177.2
13257.6
13345.2
13409.5
13458.2
13473
13469.9
13460.4
13441.9
13413.3
13379.1
13344.5
13325.5
13315.1
13316.6
13332.8
13352.5
13375.4
13407.7
13420
13448.5
13452.5
13439.1
13401.9
13358.4
13321.2
13289.8
13288
13296.2
13313.6
13328.8
13336
13338.2
13339.5
13345.1
13360.3
13377.2
13397.8
13418.3
13418
13414.2
13408.1
13405.7
13408.2
13414.3
13423.8
13433.2
13442.1
13446.6
13446.3
13443
13433.5
13421.2
13418.6
13418.9
13424.2
13437.4
13452.4
13462.1
13459.6
13453.3
13439.8
13430.1
13425.2
13427
13433.5
13443.9
13455.7
13467.4
13477.2
13478.7
13474.7
13468.3
13462
13461.4
13463.3
13468.5
13475.1
13475.5
13470.4
13462.6
13455.1
13453.2
13456.2
13465.2
13477.5
13489.4
13502.2
13511.1
13521.1
13529.2
13533
13531.6
13524.9
13516.2
13508.5
13506
13509.5
13513.5
13514.1
13511.6
13504.6
13495.4
13485.2
13482.3
3485.76
3469.83
3477.48
3471.34
3471.31
3462.08
3446.78
3426.44
3419.56
3385.47
3355.96
3322.81
3295.74
3275.61
3258.31
3246.78
3237.15
3229.77
3227.4
3230.35
3242.68
3262.61
3288.76
3320.78
3358.14
3399.71
3446.04
3494.88
3548.05
3602.63
3662.69
3730.53
3800.61
3877.53
3964.88
4047.99
4145.96
4256.37
4329.84
4471.79
4550.86
4726.9
4891.33
5011.42
5195.99
5372.67
5517.77
5750.58
5942.96
6119.06
6394.87
6592.69
6813.44
7145.2
7399.79
7639.88
7906.86
8171.22
8473.04
8739.92
8967.27
9239.81
9437.71
9631.04
9850.71
10051.3
10237.8
10449.3
10627.3
10783.5
10933.5
11093.5
11274
11448.8
11580.5
11749.6
11918.3
11995.4
12058.6
12145.5
12228.6
12300.6
12367
12461.8
12581.1
12643.1
12649.6
12645.6
12660.7
12700.8
12751.5
12779.5
12776.3
12771.9
12781.9
12810.6
12848.8
12871
12872.8
12868.6
12873.6
12889.7
12912.8
12940.4
12974.2
12998.4
13023
13032.5
13036.3
13037.6
13040.4
13040.2
13038.3
13037.1
13032.7
13018.8
12985.9
12930.1
12876.5
12851
12865.7
12934
13040.9
13113.5
13181.3
13200.3
13192.7
13191.1
13184.5
13183.2
13171.3
13147.5
13113.6
13122.5
13141.8
13192.2
13261.2
13335.8
13392.8
13445.4
13463.6
13464.7
13459.2
13444.3
13418.3
13385.2
13352.1
13332.4
13322.6
13323.3
13336.2
13354.6
13373.1
13402.3
13416
13438.3
13448.8
13433.8
13395.4
13358.1
13321.3
13290.4
13288.1
13295.2
13313.9
13331.1
13339.3
13343.1
13345.8
13352.3
13366.7
13381.9
13400.2
13418.3
13417.5
13412.9
13405.6
13403.3
13405.2
13411
13420.6
13430.2
13438.8
13445.5
13445.2
13442.7
13433.9
13422.5
13418.9
13420.8
13426.3
13439.7
13454.6
13464.2
13461.6
13455.3
13441.6
13430.6
13424.9
13426.2
13432.1
13442.1
13453.6
13465.7
13475.6
13478.5
13475
13468.9
13462.7
13462.3
13464.4
13469.7
13476.2
13475.8
13470.4
13461.8
13453.9
13452
13455
13464.2
13476.9
13489.5
13502.9
13512.8
13523.4
13531.1
13534.6
13532.3
13525
13515.5
13507.3
13504.5
13507.9
13512.1
13513.2
13510.9
13504.1
13495
13485
13482.3
3493.69
3473.06
3475.4
3471.34
3464.84
3454.16
3431.47
3421.65
3383.08
3369.05
3340.17
3315.13
3291.89
3273.74
3258.37
3247.69
3237.79
3229.79
3226.08
3228.79
3240.89
3257.82
3281.91
3311.48
3346.58
3385.68
3429.18
3475.02
3526.44
3578.9
3637.97
3707.12
3778.32
3854.34
3944.37
3992.87
4097.55
4213.97
4346.44
4489.05
4596.27
4727.69
4892.23
5010.63
5196.24
5387.88
5506.2
5737.35
5950.32
6083.58
6363.18
6584.49
6767.1
7107.46
7368.23
7600.08
7859.95
8114.25
8424.78
8712.99
8934.36
9212.73
9403.52
9602.66
9832.5
10041.6
10215.6
10435.5
10614.7
10762.1
10895.9
11064
11259.2
11438.4
11560.1
11716.3
11903.7
11992.4
12062.6
12149.3
12218.9
12273.5
12346.4
12436.5
12549.9
12573.9
12567.2
12567.8
12607.9
12688.5
12769.5
12797.8
12786.2
12769.4
12771.4
12795.3
12830.1
12850.8
12853.1
12855.8
12870.6
12892.5
12913.9
12937.2
12968
12990.3
13016.5
13031.8
13042.2
13046.3
13049.6
13047.8
13041.4
13037.9
13025.2
13005.5
12966.9
12910.1
12868.9
12865.8
12880.1
12957.3
13053.7
13100.1
13164.3
13182.6
13188.1
13198
13204.2
13208.6
13203.7
13182.9
13149.6
13156.1
13166.9
13209.5
13264.8
13325.2
13375.6
13428.6
13454.2
13460.3
13458
13446.6
13423.3
13391.3
13360.9
13340.7
13330.5
13332.6
13340.1
13356.4
13371.4
13395.5
13412.6
13428.9
13444
13425.8
13391
13357.4
13321.8
13292.1
13289.5
13296
13314.2
13333.2
13343.3
13348.5
13352.5
13360.7
13373.3
13386.5
13402.2
13417.7
13416.7
13411.4
13403.4
13400.8
13402.2
13407.6
13417.1
13426.9
13435.4
13444.2
13444.6
13442.4
13434.7
13424
13419.3
13422.4
13428.6
13441.3
13457.4
13466.5
13463.8
13457.3
13443.7
13432
13424.7
13425.2
13430.5
13440.1
13451.1
13463.4
13473.8
13478
13475.2
13469.7
13463.7
13463.4
13465.8
13471.2
13477.4
13476.4
13470.4
13460.9
13452.5
13450.5
13453.6
13462.9
13476
13489.4
13503.6
13514.5
13525.9
13533.4
13536.3
13532.9
13525
13514.6
13505.8
13502.8
13506.1
13510.3
13512
13510.1
13503.4
13494.5
13484.7
13482.2
3494.71
3498.99
3485.2
3479.3
3466.17
3445.66
3431.9
3391.21
3372.35
3356.32
3331.27
3309.67
3290.49
3275.08
3261.34
3250.51
3239.99
3230.64
3226.19
3228.72
3237.36
3252.09
3273.84
3300.72
3333.82
3370.56
3411.6
3454.39
3504.92
3556.01
3613.31
3685.48
3754.04
3798.15
3905.2
4000.59
4116.77
4226.57
4333.47
4466.1
4597.36
4723.63
4896.37
5013.56
5187.46
5395.39
5488.3
5705.54
5954.01
6037.45
6314.42
6575.74
6711.02
7041.45
7313.8
7545.19
7799.52
8039.73
8354.25
8660.33
8884.8
9161.99
9343.31
9555.25
9797.59
10017.8
10179.3
10405.8
10581.8
10719.3
10830.5
11027.8
11240.7
11421.9
11530.4
11668.7
11866.3
11966.6
12053.8
12141.1
12196.7
12247.8
12324.4
12398.9
12504.2
12471.6
12468.9
12493.4
12566.7
12685.1
12787.8
12822.1
12804.3
12776.7
12776
12790.6
12810.3
12826.9
12834.2
12845.2
12872.9
12899.4
12914.7
12930.2
12955.4
12976
13004.1
13027.9
13049.4
13054.4
13058.1
13055.4
13046.6
13040.4
13021.3
12992.2
12946
12889.9
12868.5
12883.3
12903.5
12990.7
13069.4
13094.6
13138.5
13165.9
13181.3
13199.4
13220.1
13227.6
13225.5
13211.7
13182.7
13187.2
13192.7
13229.1
13268.7
13314.4
13359
13409.9
13442.3
13458.4
13456.9
13448.3
13427.5
13396.8
13369.9
13349.7
13339.4
13338.6
13345.6
13359.2
13370.6
13387.8
13410.5
13421.5
13432.7
13418.4
13390.4
13356.8
13323.5
13295.2
13292.9
13299.1
13315.2
13335.3
13347.6
13354.2
13359.1
13368.7
13379.9
13390.5
13403.4
13416.3
13415.3
13409.9
13401.7
13398.4
13399.4
13404.2
13413.4
13423.4
13432.3
13442.7
13444.4
13442.2
13435.6
13425.4
13419.9
13423.7
13430.8
13442.5
13460.6
13468.3
13465.9
13459.5
13446.4
13433.7
13424.9
13424
13428.8
13437.8
13448.3
13460.6
13471.7
13477.3
13475.4
13470.7
13464.9
13464.8
13467.4
13473
13478.8
13477.1
13470.4
13460.2
13451.2
13448.8
13452.1
13461.5
13474.9
13489.1
13504.1
13516.3
13528.5
13536
13537.9
13533.6
13524.7
13513.5
13504.2
13500.8
13504
13508.3
13510.7
13509
13502.6
13493.8
13484.3
13482.1
3513.53
3505.18
3485.7
3464.15
3451.41
3447.58
3412.93
3378.4
3369.37
3343.38
3328.39
3309.04
3294.73
3279.79
3266.41
3255.85
3244.1
3233.58
3229.05
3228.05
3233.95
3245.98
3265.32
3289.11
3320.41
3355.34
3394.68
3434.92
3485.11
3532.76
3559.55
3643.99
3686.42
3803.38
3896.73
3980.91
4086.79
4205.96
4318.26
4449.02
4594.55
4711.11
4892.42
5015.45
5161.47
5389.29
5466.73
5651.21
5936.85
5981.2
6248.62
6547.03
6647.09
6938.67
7214.27
7464.34
7721.33
7944.6
8253.71
8563.34
8813.67
9065.82
9248.68
9482.03
9735.43
9969.45
10126.2
10344.6
10514.8
10639.2
10781.6
10980.4
11202
11387.8
11478.4
11610.9
11791.8
11903.8
12027.9
12114.5
12167.4
12223.8
12300.3
12347.6
12395.7
12367.9
12375.3
12435.3
12543
12687.4
12801.2
12836.6
12826.3
12799.1
12792.6
12792.8
12788.9
12798.2
12816
12841.1
12881.2
12910.5
12916.7
12923.4
12938.6
12963.1
12996.2
13024.8
13054.9
13060.6
13066.4
13061.8
13053.7
13040.4
13022.5
12978.1
12920.3
12876.8
12873.9
12909.1
12939.7
13027.7
13087.8
13091.2
13111.5
13148.8
13170.9
13197.6
13224.1
13240.6
13237.4
13231.7
13210.8
13212.6
13222.4
13250.3
13273.5
13305.1
13343.3
13392
13430.3
13454.4
13456.5
13448.9
13430.1
13401.1
13377.8
13357.1
13349.4
13343.1
13351.3
13361.8
13370.7
13381.4
13408.3
13415.6
13417.8
13411.5
13389.6
13358.6
13327.8
13301.3
13298.1
13304.3
13317.8
13337.6
13352
13359.9
13365.1
13375.4
13385.6
13393.5
13403.5
13413.9
13413.3
13408.5
13400.6
13396.5
13397.1
13401
13409.5
13419.8
13429.2
13441.1
13444.7
13442.4
13436.5
13426.6
13420.8
13424.7
13432.6
13443.9
13463.3
13469.5
13467.8
13461.9
13449
13435.8
13425.7
13423
13427.2
13435.4
13445.2
13457.4
13469.4
13476.3
13475.5
13471.6
13466.2
13466.2
13469.2
13474.9
13480.4
13477.9
13470.5
13459.5
13449.8
13447.1
13450.4
13459.8
13473.5
13488.5
13504.4
13518.1
13531
13538.8
13539.6
13534.3
13524.2
13512.2
13502.4
13498.7
13501.7
13506.1
13509.1
13507.8
13501.6
13493.1
13483.9
13482
3523.57
3507.82
3500.47
3482.85
3466.65
3435.62
3406.19
3378.4
3359.99
3342.85
3328.11
3312.2
3299.85
3288.37
3276.07
3263.16
3250.19
3239.28
3231.56
3228.58
3231.4
3240.05
3257.09
3277.38
3307.54
3342.3
3379.69
3414.24
3456.22
3474.39
3558.49
3635.61
3700.06
3780.06
3869.11
3961.32
4065.82
4186.89
4302.28
4429.63
4585.44
4693.78
4875.51
5016.37
5120.25
5349.55
5442.61
5575.55
5861.45
5916.9
6169.9
6455.93
6573.25
6789.14
7057.42
7352.51
7623.92
7834.1
8105
8415.27
8725.15
8887.15
9112.5
9380.1
9642.47
9890.04
10062.7
10222.3
10401.3
10536.2
10757.8
10924
11120.4
11338.3
11408.7
11531.6
11691.4
11826.7
11971.4
12067.3
12135.6
12193.4
12280.5
12279.4
12256.4
12275.5
12308.3
12394.9
12535.4
12693.9
12800.3
12839.7
12841.9
12827.4
12809.5
12791.5
12765.6
12770.3
12797.7
12844
12893.3
12924.9
12921.5
12920.4
12928.7
12957.2
12993.2
13024.8
13058.4
13064.8
13073.7
13067.4
13061.4
13040.2
13024.4
12961.9
12898.4
12871.6
12885.5
12943.4
12995.6
13069.3
13095.3
13085.6
13092.9
13123.9
13154.5
13187.5
13220.6
13241.2
13245.8
13243.5
13235.3
13236.4
13254.8
13270.1
13279.8
13299.4
13330.3
13375.8
13419
13448.5
13456.3
13448.1
13430.7
13404.4
13382.4
13363.8
13358.1
13353.9
13355.7
13360.2
13370.7
13380.2
13402.9
13408
13405.9
13402
13387.8
13362.5
13335.1
13309.8
13306.5
13311.1
13322.9
13340
13356
13365
13370
13380.8
13389.5
13394.5
13402.4
13410.7
13410.7
13407.2
13400.2
13395.3
13395.3
13398
13405.7
13416.2
13426.4
13439.9
13445
13443
13437
13427.5
13421.8
13425.4
13434
13445.2
13463.7
13471.3
13469.9
13464.5
13451.8
13438.5
13427.1
13422.4
13425.8
13432.8
13441.9
13453.8
13466.8
13474.9
13475.5
13472.6
13467.6
13467.8
13471.3
13477.1
13482.1
13479.1
13470.8
13459
13448.5
13445.4
13448.7
13458
13471.9
13487.7
13504.5
13519.8
13533.3
13541.5
13541.4
13534.8
13523.6
13510.6
13500.3
13496.3
13499.1
13503.7
13507.3
13506.3
13500.5
13492.3
13483.4
13481.8
3530.3
3522.2
3513.07
3494.34
3466.88
3433.66
3399.45
3385.35
3362.31
3346.65
3333.05
3320.59
3309.63
3299
3286.88
3272.7
3258.22
3245.28
3235.33
3229.87
3230.05
3234.83
3250.39
3266.75
3294.53
3321.08
3351.44
3363.19
3436.86
3483.41
3538.5
3604.61
3674.41
3756.39
3848.08
3942.53
4045.5
4167.1
4286.62
4408.13
4569.05
4675.64
4841.95
5010.87
5066.8
5265.94
5416.01
5473.37
5715.15
5849.76
6074.42
6276.67
6490.83
6571.99
6859.3
7216.54
7502.44
7718.1
7878.96
8233.65
8611.43
8675.86
8920.92
9226.48
9505.11
9775.78
9988.87
10032.7
10236
10417.4
10702.9
10859.7
11011.6
11238.6
11330.4
11435.3
11589.4
11731.4
11893.9
12002.5
12088.3
12154
12240.3
12203.3
12160.8
12193.4
12271.3
12390.9
12551
12692
12772
12814.4
12845.4
12838.1
12818.4
12783.3
12739.9
12746.3
12785.7
12850.5
12907
12931.1
12929.4
12926.4
12935.6
12960.2
12997
13029
13061.3
13067.7
13079.9
13072.3
13067.2
13045.7
13008.2
12947.8
12891
12871.5
12907.9
12992.4
13067.3
13103.4
13094.9
13075.9
13074.7
13096.2
13130.5
13167
13205.6
13232
13249.4
13250.4
13257.7
13265.3
13286.7
13289.2
13288.9
13298.4
13321.8
13362.1
13408.1
13441.7
13453.6
13447
13429.5
13406
13384.5
13370
13365.1
13366.4
13359.3
13359.6
13369.8
13382.5
13393.8
13397.6
13394.3
13393
13386
13367.8
13345.2
13321.5
13317.5
13320.2
13329.5
13343.1
13359.4
13369.2
13373.3
13384.7
13390.7
13393.2
13399.5
13406.6
13407.8
13406.2
13400.4
13395
13393.9
13395.5
13402.1
13412.7
13423.9
13439.3
13445.5
13443.7
13437.6
13428
13422.4
13426
13435
13446.4
13462.4
13473.3
13472.1
13467.1
13455.3
13441.6
13428.6
13422.4
13424.6
13430.2
13438.4
13450.1
13463.9
13473.3
13475.6
13473.3
13469.1
13469.6
13473.6
13479.5
13484
13480.4
13471.3
13458.6
13447.4
13443.9
13447
13456.2
13470.1
13486.5
13504.4
13521.4
13535.6
13544.1
13543.1
13535.1
13522.7
13508.8
13498.1
13493.8
13496.5
13501.1
13505.3
13504.6
13499.3
13491.4
13482.8
13481.6
3535.41
3525.87
3515.65
3492.34
3474.57
3441.15
3410.62
3390.45
3370.59
3355.42
3342.88
3332.22
3322.19
3311.42
3298.66
3283.1
3267.07
3251.91
3240.22
3231.55
3230.34
3231.51
3243.13
3233.99
3268.33
3271.35
3334.64
3371.71
3415.79
3459.89
3515.39
3582.31
3652.84
3733.76
3825.58
3922.04
4024.34
4144.87
4268.79
4383.46
4541.58
4658.39
4794.54
4983.67
5003.6
5147.72
5371.11
5344.53
5523.7
5773.41
5916.73
6037.98
6390.34
6347.44
6658.85
7043.49
7329.15
7553.29
7673.44
8011.92
8412.13
8431.56
8681.85
9023.9
9321.57
9631.25
9843.84
9828.73
10041.5
10267.9
10553.3
10763.8
10889.5
11028.2
11216.7
11350.2
11480.6
11627.3
11829.2
11930.2
12012.6
12091.6
12164.3
12137.9
12114.3
12161.8
12283.7
12432.5
12569.9
12654.8
12703.4
12751
12816
12821.2
12802.7
12760.3
12715.4
12729.4
12780.9
12855.4
12909.4
12931.8
12939.4
12944.2
12955.5
12977.8
13011.1
13036.3
13062.1
13069.2
13086
13076
13074.4
13047.1
12981.8
12933.1
12887
12888.4
12948.2
13055.5
13135.2
13125.7
13091.7
13061.7
13052.7
13067.7
13099.1
13136.2
13179.2
13215.5
13245.4
13257
13280
13301.4
13318.7
13312.5
13302.6
13304.3
13318.8
13351.5
13397.7
13431.9
13449.2
13442.9
13427.3
13404.9
13385.2
13374.7
13371.2
13376.1
13363
13362.9
13368.2
13383.2
13385.1
13385.2
13382.7
13384.6
13384.4
13374.3
13357.5
13336.7
13330.7
13331.6
13337.3
13347.9
13361.9
13371.9
13375.8
13386
13388.4
13389.3
13394.9
13401.6
13404.7
13405.5
13401.2
13395.5
13393
13393.4
13398.9
13409.7
13421.9
13439.2
13446.1
13444.2
13438
13428.2
13422.9
13426.4
13435.7
13446.9
13461.1
13473.7
13473.9
13469.8
13459.2
13445.1
13430.6
13422.9
13423.6
13427.7
13434.9
13446.2
13460.7
13471.4
13475.3
13473.7
13470.6
13471.4
13476
13482.1
13485.9
13481.9
13472
13458.5
13446.5
13442.5
13445.5
13454.3
13468.2
13485
13504
13522.7
13537.5
13546.3
13544.7
13535.2
13521.5
13506.8
13495.7
13491.2
13493.7
13498.4
13503.2
13502.7
13497.9
13490.3
13482.2
13481.2
3541.43
3533.73
3522.62
3496.06
3471.87
3446.2
3426.7
3401.76
3381.73
3366.75
3354.98
3345.27
3335.77
3324.4
3310.54
3293.38
3276.01
3258.5
3245.48
3233.69
3229
3207.37
3227.44
3243.77
3266.28
3281.35
3314.77
3349.49
3393.05
3439.59
3493.7
3559.57
3630.24
3710.45
3801.42
3898.42
3999.82
4116.47
4243.5
4353.31
4497.31
4638.29
4727.59
4907.14
4942.72
5002.52
5250.08
5213.51
5311.02
5671.16
5640.8
5781.14
6231.28
6249.3
6467.26
6804.41
7071.48
7269.86
7480.41
7773.23
8123.78
8181.14
8445.68
8749.28
9092.79
9438.34
9532.87
9598.43
9832.61
10128.7
10351.9
10582.9
10705.6
10794.1
11035.4
11270.9
11356.6
11500
11771
11855.1
11902.5
11983.1
12067.4
12100.2
12126.3
12206.8
12359.8
12525.6
12569
12582.9
12606.1
12655.4
12742.6
12764.3
12749
12721.3
12699.4
12724.3
12780.3
12846.9
12894.8
12925.9
12951.5
12969.6
12982.7
13003.4
13028.3
13043
13060.7
13071.4
13092.4
13079.7
13082.2
13036.9
12960.4
12912.2
12888.2
12911.6
13012.1
13121.8
13181.6
13141.4
13085
13044.2
13031.4
13038.7
13062.1
13097.7
13147.5
13195.5
13242.1
13267.4
13303.8
13342.2
13353.4
13341.7
13323.6
13316.7
13322.1
13344.9
13387.1
13420.6
13440.6
13434.5
13422
13401.1
13384.4
13378.1
13377
13383.3
13369
13366.5
13367.9
13380.2
13378.4
13372
13370.5
13375.8
13383.5
13381.3
13371.7
13354.4
13346.2
13344.4
13346.4
13353.8
13364
13373
13377.5
13383.4
13382.7
13383.1
13388.7
13396
13401.4
13405.7
13402.5
13396.8
13392.6
13391.8
13396.4
13407.3
13420.7
13439.7
13446.9
13444.6
13438
13428.1
13423.3
13426.9
13436
13446.9
13459.4
13472.9
13475.4
13472.3
13463.4
13449.3
13433.5
13424.3
13422.6
13425.3
13431.5
13442.3
13457.3
13469.3
13474.5
13473.9
13471.9
13473.2
13478.5
13484.8
13487.9
13483.5
13472.9
13458.6
13446
13441.5
13444.1
13452.5
13466.2
13483.3
13503.3
13523.6
13539.2
13548.1
13545.9
13535.1
13520.2
13504.7
13493.3
13488.5
13490.8
13495.6
13500.9
13500.8
13496.4
13489.2
13481.5
13480.8
3546.91
3540.4
3517.92
3509.96
3483.65
3457.95
3434.01
3412.08
3393.33
3378.66
3367.14
3357.85
3349.02
3336.96
3321.22
3302.39
3284.95
3266.29
3247.09
3217.44
3220.28
3220.75
3228.24
3235.46
3250.57
3267.94
3297.01
3330.86
3371.53
3417.56
3470.64
3535.22
3605.43
3683.8
3772.6
3868.04
3968.4
4077.96
4203.39
4312.2
4430.49
4604.63
4635.5
4773.11
4884.93
4840.5
5050.81
5098.02
5079.16
5455.92
5336.72
5551.18
6002.45
6173.46
6286.95
6538.93
6769.83
6955.76
7193.45
7492.62
7770.63
7912.14
8199.2
8427.27
8860.8
9054.46
9194.92
9290.1
9683.31
9963.86
10109
10279
10437.1
10594.5
10874.6
11183.3
11211.3
11339.1
11715.2
11720.4
11738.4
11834.7
11979.9
12098.2
12186.8
12322.7
12467.4
12562.1
12531.5
12481.4
12500.8
12554.8
12652.1
12684.4
12668.2
12675.9
12691
12733
12780.5
12826.3
12871
12916.8
12959
12987.2
12997.9
13017.5
13035.4
13042.5
13058.4
13076.1
13101.7
13084.1
13081.4
13017.9
12932.9
12892.1
12898
12950.6
13093.3
13163.8
13202.5
13143.3
13075.8
13029.3
13014.9
13009.9
13023.4
13057.9
13116.5
13177.9
13239.8
13286.2
13332.6
13386.8
13392.2
13376.6
13351.4
13336.3
13331.5
13342.7
13376
13408.1
13428.1
13423.5
13411.9
13394.8
13382.8
13380.8
13382.4
13389.5
13376.8
13370.9
13368.8
13377
13370.6
13357.3
13357.4
13366.3
13381.8
13389.2
13386.8
13373.5
13363.7
13357.8
13356.5
13360.2
13366.9
13372.7
13376.1
13377.4
13374.5
13375
13381.2
13390
13398.4
13406.2
13404.2
13398.5
13392.7
13391
13394.9
13406.1
13420.2
13441
13447.7
13444.8
13437.8
13427.8
13423.8
13427.2
13436
13446.3
13457.5
13471.1
13476.2
13474.6
13467.8
13454.1
13437.1
13426.5
13422
13423.3
13428.3
13438.6
13453.9
13466.9
13473.3
13473.7
13473
13474.9
13481
13487.7
13489.9
13485.2
13474
13459
13445.8
13440.8
13443.1
13450.9
13464.1
13481.4
13502.2
13524.1
13540.5
13549.4
13546.5
13534.7
13518.7
13502.5
13490.8
13485.8
13488
13492.8
13498.6
13498.7
13494.8
13488
13480.8
13480.2
3548.34
3536.57
3526.55
3515.36
3487.82
3470.09
3442.57
3421.51
3403.65
3389.41
3377.99
3369.02
3360.34
3348.7
3332.76
3310.27
3277.75
3257.96
3235.45
3233.19
3224.11
3216.87
3218.52
3224.09
3237.1
3254.25
3279.02
3310.09
3348.13
3392.82
3444.1
3506.42
3575.24
3650.67
3736.11
3827.35
3925.99
4025.74
4141.44
4254.42
4339.79
4529.18
4532.3
4614.99
4772.54
4684.86
4819.17
4958.65
4861.49
5184.77
5145.53
5316.86
5657.53
5849.08
6028.58
6255.84
6435.66
6651.79
6834.24
7104.33
7400.65
7608.65
7876.72
8057.88
8628.83
8619.82
8775.32
8912.54
9647.03
9654.43
9761.22
9932.11
10150.4
10428.2
10709.2
10961.2
11062.7
11225.9
11468.7
11536.2
11572.4
11720.4
11906.4
12115
12276.8
12436
12583.2
12552.8
12484
12409.4
12424.9
12474
12555.4
12598.1
12607.5
12639.3
12689.8
12741.5
12763.9
12795
12846.7
12905.4
12955
12986.3
12989.8
13007.6
13022.9
13035.1
13057.1
13083.8
13100.5
13102.9
13060.7
12984
12898.2
12872.1
12907.6
12999.8
13167.6
13205
13198.6
13139.9
13073.2
13023.8
13004.3
12981.6
12990.4
13026
13093.1
13167.1
13243.6
13313.4
13364.1
13431.1
13431.8
13412.7
13382.3
13361.2
13344.8
13344
13365.2
13394.3
13413.1
13409.9
13400.3
13388.4
13381.4
13382.9
13388.7
13396.1
13386.1
13377
13370.1
13374.7
13361.3
13341.1
13343
13356.1
13379.5
13396.7
13402.7
13392.7
13381.5
13372.4
13366.6
13367.3
13370.4
13371
13370.9
13369
13363.9
13365.2
13372.8
13383.9
13395.8
13407.2
13406.4
13400.6
13393.2
13390.9
13394.5
13405.8
13420.4
13442.9
13448.5
13444.7
13437.2
13427.4
13424.4
13427.8
13435.8
13445.2
13455.3
13468.7
13476.3
13476.7
13472.2
13459.5
13441.7
13429.2
13422
13421.5
13425.4
13435.1
13450.5
13464.2
13471.5
13473.2
13473.8
13476.6
13483.5
13490.8
13491.9
13487
13475.3
13459.8
13446.1
13440.5
13442.5
13449.5
13462.1
13479.3
13500.9
13524
13541.2
13550.1
13546.6
13533.8
13517
13500.4
13488.3
13483.1
13485.2
13490.1
13496.2
13496.6
13493.1
13486.7
13480
13479.6
3551.68
3543.63
3535.51
3515.56
3493.48
3472.86
3450.12
3429.88
3412.56
3398.88
3387.06
3379.22
3372.48
3346.99
3323.51
3301.1
3296.9
3269.98
3248.19
3232.03
3219.46
3210.29
3209.03
3213.19
3223.27
3238.95
3259.88
3286.95
3321.14
3363.35
3411.67
3470.46
3536.66
3607.86
3688.85
3773.72
3869.41
3959.91
4058.2
4176.13
4234.15
4398.95
4420.42
4462.61
4600.59
4535.7
4606.71
4739.16
4705.04
4871.16
4980.53
5091.36
5238.56
5415.14
5648.18
5854.24
6058.19
6295.17
6451.28
6649.05
6942.23
7268.11
7440.26
7664.21
7958.64
8198.06
8419.8
8818.51
9115.92
9315.39
9529.77
9725.54
9923.19
10320.5
10524.3
10668.6
10852.2
11085.9
11165.4
11287.6
11419.1
11661.1
11895
12105.5
12236.5
12473.5
12519.8
12478.5
12426.4
12414.9
12426.3
12426.2
12460.6
12506.6
12574.4
12633
12713.8
12758.1
12755.4
12775.3
12818.8
12885.2
12928.8
12965.9
12957
12972.3
12995.7
13029.1
13063.4
13114.7
13102.4
13101.8
13031.5
12938.7
12856.3
12857
12929.3
13042.7
13189.9
13183.9
13165.3
13135.3
13085.2
13034.1
13004.7
12962.2
12967.2
13000.8
13069.4
13155
13244.5
13344.3
13398.2
13475
13474.5
13452.4
13418.8
13391.2
13363.2
13346.3
13357.3
13380.1
13397.3
13394.9
13390.8
13383.3
13382
13385.6
13396.4
13404.7
13396.6
13384.9
13373.4
13370.9
13349.8
13323.6
13327.7
13345.4
13376.1
13402.3
13417.7
13410.6
13398.4
13386.7
13377
13374.4
13372.8
13368.3
13363.4
13358.5
13352
13354.5
13364
13377.8
13393.8
13408.8
13408.8
13402.7
13394
13391.5
13395
13406.5
13421.4
13445.1
13448.9
13444
13436.1
13427
13425.4
13428.5
13435.5
13443.8
13452.7
13465.8
13475.5
13478.7
13476.3
13465.3
13447
13432.6
13422.7
13419.7
13422.8
13432
13447.2
13461.1
13469.2
13472.1
13474.2
13478.2
13485.9
13493.9
13493.9
13488.8
13476.8
13461
13447
13440.6
13442.3
13448.4
13460.2
13477.2
13499.3
13523.4
13541.3
13550.1
13546
13532.5
13515.1
13498.2
13485.9
13480.5
13482.4
13487.5
13493.8
13494.5
13491.3
13485.3
13479.1
13478.8
3554.98
3548.29
3528.6
3526.94
3498.32
3475.24
3455.01
3436.95
3420.93
3406.48
3395.46
3377.44
3368.57
3367.35
3338.4
3315.82
3293
3268.48
3247.78
3229.71
3215.3
3204.41
3199.89
3201.63
3207.87
3220.63
3237.77
3260.6
3289.79
3328.27
3372.53
3426.31
3488.28
3554.16
3630.67
3709.79
3802.39
3887.77
3966.17
4077.16
4119.47
4240.61
4289
4313.46
4403.22
4381.87
4408.85
4500.51
4539.52
4614.7
4750.05
4808.2
4902.72
5025.77
5202.03
5381.34
5572.81
5800.53
6018.85
6228.84
6405.65
6822.64
6978.09
7294.18
7295.46
7583.76
8052.13
8780.25
8649.47
8910.79
9208.89
9554.62
9757.75
10086.1
10352.3
10428.4
10636.2
10837.9
10906.2
10998.2
11262.7
11559.9
11834.3
12075.4
12260.2
12398.7
12321.1
12312.9
12343.6
12394.2
12401.4
12398.8
12414.9
12459.2
12539.4
12600.5
12680.5
12733
12752.2
12787.2
12818.5
12851.1
12870.1
12899
12911.4
12932.7
12969.3
13019.3
13060
13110.3
13111.6
13085.9
12979.1
12866
12798.7
12829.4
12959.7
13103.8
13229.3
13173.8
13122.8
13113.8
13093.7
13052.2
13013.5
12954.1
12961
12993.7
13058
13144.9
13246.2
13359
13416.2
13501.4
13496.6
13476.3
13448.8
13418.3
13382.4
13352.5
13352.6
13366.1
13381.1
13381.3
13383.1
13382.5
13384.1
13391.4
13407.7
13413.7
13408.8
13392.2
13379.9
13365
13337.7
13306.7
13313.2
13335.5
13372.2
13406.1
13431
13426.4
13414.1
13400.7
13387.9
13381.4
13374.6
13364.4
13354.3
13346.6
13339.9
13343.6
13355.2
13372.1
13392.1
13410.3
13411.1
13404.6
13395.2
13393.1
13396.9
13408.3
13423.2
13447.3
13448.7
13442.8
13434.9
13427.1
13426.9
13429.7
13435.5
13442.1
13449.9
13462.5
13474.4
13480.3
13480.3
13471.3
13453
13436.5
13424.1
13418.3
13420.8
13429.4
13444.3
13457.8
13466.3
13470.5
13474.2
13479.6
13488.1
13496.8
13496.1
13490.6
13478.5
13462.6
13448.5
13441.3
13442.5
13447.8
13458.6
13475.1
13497.5
13522.1
13540.9
13549.6
13544.8
13530.9
13513.1
13496.1
13483.6
13477.9
13479.9
13485
13491.6
13492.4
13489.5
13483.9
13478.1
13477.8
3556.97
3545.64
3537.46
3524.12
3501.45
3482.04
3459.89
3442.84
3427.18
3415.35
3393.56
3398.4
3387.12
3363.09
3338.1
3315.38
3293.58
3269.44
3247.96
3228.52
3212
3199.31
3191.24
3189.39
3191.24
3199.78
3212.57
3231.14
3255.05
3289.42
3330.02
3379.24
3436.9
3497.3
3567.93
3641.11
3727.84
3808.74
3870.84
3961.22
3997.36
4077.01
4133.62
4157.41
4205.09
4222.91
4226.9
4296.68
4341.21
4395.4
4491.05
4545.72
4618.87
4687.51
4787.88
4930.6
5047.35
5233.89
5469.1
5758.78
5898.44
6163.41
6445.07
6840.79
6862.96
7026.97
7456.89
8220.12
8304.67
8487.48
8735.08
9193.74
9527.1
9650.32
10078.4
10235.2
10404.1
10535.6
10719.1
10896.5
11347.3
11640.9
11764.5
11967.1
12197.9
12111.1
12086.2
12168.1
12338
12449.5
12425.8
12390.2
12408.4
12487.3
12595.1
12613.6
12657.1
12702.8
12754.9
12835.3
12842.3
12829.9
12812.1
12827.2
12860.5
12900.1
12962
13031.6
13069.5
13112.4
13097
13048.2
12924.4
12814.9
12769.6
12825.6
12967.6
13115.1
13159
13150.1
13123.2
13118.7
13108.4
13081.1
13041.7
12948.6
12959.1
12993.2
13051.5
13142.8
13243.5
13374.6
13437.9
13532.2
13536
13511.2
13483.2
13448.6
13402.1
13357.2
13346.3
13354.1
13366.7
13370.4
13381.1
13381.8
13390.7
13401.3
13420.2
13426.9
13415.6
13409.9
13383.2
13350.5
13323.8
13291.1
13298.6
13325.2
13367.3
13408
13440.4
13437.7
13426
13412.5
13397.5
13387.3
13376
13360.2
13345.2
13335.9
13329.7
13334.2
13347.4
13367.1
13390.6
13411.2
13412.5
13405.9
13396.8
13395.9
13400
13411.1
13425.7
13448.7
13448.3
13441.4
13433.8
13427.9
13428.9
13431.4
13435.7
13440.5
13447
13459
13472.8
13481.1
13484.4
13477.2
13459.3
13440.9
13426.2
13417.6
13419.3
13427.2
13441.6
13454.3
13462.9
13468.5
13473.9
13480.7
13490.1
13499.4
13498.2
13492.3
13480.3
13464.6
13450.5
13442.5
13443.3
13447.6
13457.1
13473
13495.5
13520
13539.7
13548.2
13542.9
13528.8
13511
13494
13481.4
13475.6
13477.6
13482.9
13489.5
13490.4
13487.6
13482.5
13477
13476.8
3557.9
3550.12
3541.15
3524.92
3501.02
3484.61
3465.78
3449.05
3436.59
3412.52
3409.85
3403.07
3381.54
3362.43
3341.31
3317.53
3294.76
3271.27
3249.21
3229.05
3210.91
3196.84
3185.7
3180.32
3177.81
3181.82
3189.74
3204.53
3223.39
3253.44
3290.68
3335.58
3387.84
3441.71
3503.91
3569.88
3646.01
3717.86
3767.8
3833.66
3867.1
3915.9
3962.8
3991.79
4018.54
4053.07
4059.01
4109.59
4154.37
4176.67
4251.11
4304.67
4305.05
4363.04
4422.57
4507.88
4596.53
4719.14
4901.82
5088.66
5345.45
5458.61
5711.95
6089.35
6294.35
6590.58
6868.34
7438.45
7644.92
8106.27
8250.12
8582.94
9153.96
9232.96
9937.47
9947.02
10031.5
10216.5
10465.1
10848.2
11366.5
11577.6
11573.6
11706.9
11773
11722.1
11825.6
12089.8
12340.7
12400.7
12364
12357.8
12414.2
12536.5
12606.4
12585.9
12592.1
12664.3
12757.7
12855.8
12834
12778
12774.1
12778.1
12829.7
12893.7
12969.4
13034.2
13064.3
13083.1
13048.6
12946
12764
12711.4
12730.7
12846.7
13018.6
13124.9
13086.4
13091.8
13109.6
13140.6
13136.8
13103.2
13050.6
12978.7
12963.3
12987.4
13037.3
13115.1
13212.7
13344.6
13435.6
13534.2
13544.7
13541.7
13522.5
13485.8
13432
13367.4
13343.7
13347.8
13358.6
13365.6
13385.1
13386
13399.4
13412.2
13438.9
13436.5
13436
13415.8
13382.9
13344.9
13311.1
13281.3
13290.5
13317.7
13362.3
13407.7
13447.6
13447.2
13437.2
13424.2
13407.2
13392.3
13376.5
13356
13336.4
13324.9
13319.7
13325.6
13341.1
13363.1
13389.2
13410.5
13412.9
13406.6
13398.8
13399.4
13404.2
13414.7
13428.8
13449
13447.5
13439.6
13432.9
13429.4
13431.5
13433.6
13436.4
13438.9
13444
13455.5
13470.9
13481.5
13488.1
13482.7
13465.7
13445.8
13428.8
13417.4
13418.4
13425.6
13439.4
13450.8
13459.1
13466
13473
13481.6
13491.8
13501.5
13500.1
13494.1
13482.3
13467
13453.2
13444.3
13444.8
13447.9
13456
13471.2
13493.4
13517.4
13537.7
13545.9
13540.3
13526.5
13508.8
13492
13479.3
13473.5
13475.6
13481.1
13487.8
13488.5
13485.9
13481
13475.8
13475.6
3556.72
3551.45
3540.37
3525.4
3501.95
3484.69
3468.8
3454.52
3443.41
3428.67
3418.09
3396.72
3381.58
3364.44
3343.05
3319.77
3296.91
3274.37
3252.05
3231.9
3213.15
3198.37
3185.17
3177.97
3172.55
3172.03
3174.95
3185.91
3199.7
3224.13
3256.49
3295.35
3338.64
3383.86
3436
3495.22
3559.46
3617.9
3656.85
3700.35
3727.93
3754.23
3789.13
3812.39
3839.98
3867.31
3891.83
3913.74
3957.02
3944.39
3995.87
3998.42
3985
4005.3
4030.58
4066.65
4124.02
4198.23
4327.37
4409.76
4566.24
4718.25
4869.13
5071.34
5415.34
5693.61
6157.03
6467.06
6800.26
7676.55
7731.6
8000.82
8687.66
9063.27
9569.59
9606.93
9762.07
10179.8
10529.3
10816.5
11239.4
11382.1
11260.7
11290.2
11364.4
11477
11656.9
12060.1
12259.4
12270
12258.4
12299.3
12413.5
12566.6
12569.7
12532.9
12548
12657.8
12748.4
12820.1
12792.7
12753.9
12765.3
12796.2
12850.8
12923
12988
13028
13048.4
13030.7
12964.5
12797.6
12665.7
12663.9
12732
12910.4
13045.5
13045
12980.3
13027.3
13132.6
13176.8
13158.4
13118.2
13054
13013.3
12963.9
12997
13041.5
13097
13184.7
13300.9
13422.3
13496.7
13514.5
13540.1
13525.8
13491
13443.4
13384.2
13339.6
13333.1
13339.3
13352.2
13379.8
13393.2
13409.4
13431.5
13450.2
13443
13448.2
13425.4
13387.4
13339.4
13289.5
13266.2
13277.9
13310.4
13357.8
13404.8
13446
13451.4
13442.9
13431.3
13414.4
13397
13377.2
13354.6
13333.5
13321.5
13315.1
13321.3
13337.6
13360.1
13387.7
13409.4
13412.4
13407
13401.2
13402.8
13408.6
13418.6
13431.5
13447.7
13446.4
13437.5
13432.1
13431.7
13435
13436.3
13437.5
13437.5
13441
13452.1
13468.6
13481.5
13491.1
13487.6
13472
13450.9
13431.8
13417.8
13418.2
13424.7
13437.6
13447.6
13455.4
13463.1
13471.9
13482
13493.1
13503.3
13501.8
13495.7
13484.4
13469.7
13456.3
13446.6
13446.8
13448.6
13455.4
13469.6
13491.3
13514.3
13534.8
13542.8
13537.1
13523.8
13506.6
13490
13477.4
13471.7
13474
13479.7
13486.3
13486.8
13484.2
13479.5
13474.4
13474.4
3550.61
3546.05
3538.71
3522.35
3500.71
3487.46
3471.02
3457.94
3439.14
3431.94
3413.86
3399.14
3382.77
3365.18
3343.94
3321.77
3299.53
3278.23
3255.84
3236.22
3217.12
3202.38
3188.61
3180.4
3172.45
3167.14
3164.98
3171.12
3179.74
3197.67
3224.17
3256.47
3289.23
3325.12
3367.09
3419.18
3470.95
3514.59
3541.06
3568.72
3583.1
3597.4
3612
3631.05
3646.44
3678.6
3688.12
3702.28
3701.18
3689.8
3682.44
3663.11
3628.83
3583.39
3576.16
3579.63
3599.88
3632
3683.38
3758.61
3800.81
3891.39
3975.2
4076.92
4196.2
4448.74
4683.11
4965.04
5524.97
6056.97
6831.33
7350.33
8112.24
8959.92
8672.3
9144.73
9535.01
10129.4
10387.2
10573.7
11082.2
11047.9
10839
10895.9
11064.7
11372.5
11674.5
12004.3
12090.2
12084.2
12122.9
12250.4
12386.9
12516.3
12471
12447.7
12495.6
12629.4
12710.6
12719.2
12742.5
12759.3
12798.6
12846.4
12904.3
12975.4
12994.6
13016.9
13007.6
12947.8
12838.1
12639.3
12586.4
12630.9
12770.7
12997.6
13030.2
12991.5
12936
12990.5
13130.8
13173.9
13151.5
13107.3
13040
13028.7
12978.2
12998.4
13021.2
13054
13132.2
13221.9
13375.8
13421.1
13503.6
13533
13518
13487.3
13446
13395.6
13347.5
13332.8
13336.9
13350
13385
13398.5
13420.8
13449.1
13459.7
13455.3
13451.8
13431.8
13395.4
13342
13283.6
13264.6
13274.1
13303.1
13354.1
13406.6
13442
13450.4
13447.7
13437.7
13418.1
13398.5
13375.3
13349.5
13325.2
13312.1
13311.4
13318.3
13335.4
13358.2
13384.7
13405.5
13410.5
13406.4
13403.7
13406.8
13413.8
13422.7
13434.1
13445.7
13444.3
13434.8
13431.8
13434.4
13439.6
13439.6
13439
13436.5
13438.9
13449.2
13466
13481
13493
13491.3
13477.7
13456.1
13435.3
13419
13418.8
13424.7
13436.5
13444.6
13451.6
13460
13470.4
13482
13493.8
13504.5
13503
13497
13486.4
13472.5
13459.8
13449.6
13449.2
13449.9
13455.2
13468.4
13489.1
13510.8
13531.2
13538.9
13533.4
13520.9
13504.3
13488.2
13475.8
13470.3
13472.7
13478.8
13485.1
13485.3
13482.7
13477.9
13473
13473.1
3536.54
3536.06
3533.4
3509.43
3500.07
3489.07
3477.31
3460.23
3464.14
3428.26
3414.52
3402.6
3384.43
3366.22
3344.75
3323.62
3302.34
3282.82
3260.41
3242.1
3222.93
3208.25
3194.21
3185.3
3175.83
3164.96
3155.92
3156.12
3159.68
3171.38
3192.05
3218.33
3241.53
3269.54
3304.12
3347.94
3386.59
3413.01
3428.36
3441.4
3448.63
3447.68
3451.77
3453.05
3462.02
3474.72
3472.85
3464.39
3442.84
3417.39
3382.87
3346.14
3298.19
3252.25
3234.83
3235.43
3241.04
3259.29
3289
3317.38
3354.67
3383.26
3396.78
3403.7
3405.45
3483.89
3471.27
3526.71
3687.65
3897.2
4674.8
5539.91
6362.33
7255.43
7754.31
8498.65
9102.19
9718.64
10300.8
10422.6
10768
10617.7
10424.2
10709
10998.6
11441.9
11721.5
11793.6
11894
11906.2
11992.2
12203.7
12305.7
12369.7
12325.5
12350.9
12450.4
12578.2
12628.9
12633.6
12709.7
12794
12852.9
12896.5
12946.5
12995.9
12990.9
12994.3
12937.6
12826.9
12647.2
12512.8
12541.6
12655.3
12938.6
13057.8
13024.5
12938.7
12910.3
12971.2
13158
13163.8
13139.2
13084
13024.5
13024.8
13013.2
12988.9
12992.1
13018.3
13093.6
13174.7
13319.2
13404.5
13494.8
13512.6
13508.7
13486.7
13445.9
13401.6
13354.2
13324.6
13327.3
13341.8
13380.8
13405.8
13434.5
13461.2
13469
13467.4
13457.7
13430.4
13390.9
13329.8
13274.6
13268.5
13279.2
13310.6
13347.1
13394.6
13427
13446.1
13449.3
13441.7
13425.6
13406.2
13382.1
13356.4
13330.2
13314.6
13313.3
13320.6
13337.2
13359
13384
13403.1
13408.2
13406.4
13406.4
13409.6
13417.3
13424.9
13434.2
13441.3
13439.8
13431.5
13431.5
13437.7
13444
13443.3
13440.1
13434.8
13436.8
13446.2
13463.1
13479.9
13494.5
13494.9
13482.2
13460.8
13439.1
13421
13420
13425.8
13435.9
13442.6
13448.3
13456.9
13468.8
13481.7
13494
13505
13503.5
13497.9
13488.4
13475.5
13463.5
13453.1
13451.8
13451.5
13455.5
13467.5
13486.9
13507
13526.8
13534.3
13529.3
13517.7
13501.8
13486.6
13474.4
13469.3
13472
13478.2
13484.2
13484
13481.4
13476.3
13471.5
13471.8
3514.08
3515.07
3517.33
3499.77
3496.06
3489.56
3481.36
3463.65
3471.52
3435.16
3414.4
3404.57
3386.33
3368.09
3346.24
3325.79
3305.37
3288.83
3266.47
3250.17
3231.45
3216.96
3203.37
3193.27
3182.15
3164.37
3148.52
3137.32
3138.38
3145.32
3161.63
3182.78
3198.29
3220.55
3249.49
3285.21
3309.27
3320.47
3326.37
3330
3330.75
3326.17
3322.48
3314.26
3312.92
3305.74
3293.63
3267.06
3244.58
3217.75
3191.93
3167.05
3137.79
3105.27
3097.67
3100.34
3108.45
3124.09
3149.17
3167.71
3188.87
3211.09
3208.45
3202.95
3200.49
3204.01
3204.07
3210.91
3218.91
3231.34
3267.69
3443.25
3695.45
4415.64
5549.56
6934.48
8095
9241.33
10413.4
9308.96
9645.23
10155.7
10248.3
10792.2
11132.1
11711.3
11713.7
11622.8
11602.2
11669.6
11902.8
12099.7
12184.8
12192
12199.9
12285.7
12416.8
12502.7
12552.6
12608.2
12710.8
12814.1
12874.8
12910.1
12965
12992.3
12992
12948.5
12834.3
12705.9
12450.9
12449.5
12546.5
12795.4
13128.4
13117.5
13006.6
12901.8
12908.3
12997.6
13153.6
13152.3
13112.5
13051.1
12988.7
13007.7
13025.6
13002.8
12968.3
12993.8
13063.6
13134.3
13263.8
13357.3
13440.6
13482.6
13487
13471.7
13438.6
13403.7
13356.1
13315.6
13316.5
13332
13374.5
13413.4
13439
13468.9
13480.3
13475.4
13458.8
13428
13389.3
13328.3
13289.7
13279.8
13289.6
13318.7
13351.8
13394.6
13414.1
13438.4
13444.7
13434.9
13420.7
13401.4
13375.5
13350.3
13322.4
13324
13322.2
13324.9
13338.1
13357.2
13378.8
13397.5
13404.1
13405.4
13409.9
13415.1
13423.3
13429.2
13434
13438.3
13434.2
13428.6
13431.3
13441.3
13449.8
13447.3
13443.2
13435.4
13436.6
13444.7
13460.5
13478.2
13494.2
13495.9
13486.2
13466.2
13443.8
13423.5
13421.9
13427.5
13436
13440.7
13445.1
13454
13467.1
13481
13493.6
13504.7
13503.5
13498.4
13490
13478.5
13467.5
13457.2
13454.8
13453.4
13456.4
13467
13484.8
13503
13521.8
13529.3
13524.8
13514.2
13499.2
13485
13473.4
13468.6
13471.7
13478.2
13483.5
13483.1
13480.3
13474.9
13470.1
13470.4
3486.65
3489.37
3491.57
3486.3
3497.52
3493.86
3487.92
3467.85
3472.23
3445.87
3421.16
3408.62
3389.28
3371.62
3349.4
3329.27
3308.87
3297.37
3275.53
3261.55
3243.77
3229.09
3215.95
3204.05
3190.52
3165.25
3141.56
3117.38
3113.11
3117.88
3132.29
3149.77
3160.31
3179
3203.42
3229.86
3242.53
3241.35
3242.16
3242.98
3244.67
3243.36
3239.14
3232.43
3224.1
3211.06
3189.51
3165.5
3145.37
3130.44
3116.32
3104.49
3087.16
3061.69
3056.57
3060.7
3069.07
3084.25
3106.53
3121.24
3129.05
3141.95
3142.03
3140.86
3143.27
3147.55
3150.9
3160.61
3160.58
3156.52
3148.65
3138.65
3140.54
3157.81
3281.45
3818.37
5240.33
6761.86
7567.8
8050.08
9051.16
9850.69
10134.9
10607.5
11017.5
11525.1
11594.1
11381.4
11275.7
11519.1
11869
11937.9
11929.8
12015.9
12163.9
12312.5
12403.4
12454
12530.7
12612.7
12714.3
12790.8
12826.2
12871.3
12926.9
12967.3
12961.9
12862.4
12700.5
12482.1
12343.4
12417.5
12651.5
13085.9
13233.2
13164
12982.7
12899.5
12926.3
13060
13119.5
13142.1
13064.5
12996.9
12952.7
12986.6
13019
13004.9
12962.3
12995.8
13041.4
13106.2
13224.5
13311
13375.1
13447.5
13467.4
13451.6
13425.7
13398.6
13351.3
13302.5
13302.4
13319.7
13366
13412.3
13443
13475.7
13486.6
13480.7
13460.9
13427.3
13386
13321.5
13297.5
13290.7
13302.6
13330.1
13352.1
13379.5
13398.7
13422.3
13436.4
13433.2
13422.3
13405.2
13383.4
13358.1
13338.2
13342
13337.7
13337.7
13348.8
13362.9
13378.1
13394.6
13400.3
13407
13411.2
13418.8
13423.2
13428.1
13430.7
13430.4
13426.3
13425.3
13429.8
13442.9
13453.1
13450.7
13442.4
13433.2
13434.6
13442
13457.4
13476.3
13495
13497.2
13487.1
13470.2
13448.3
13427.1
13425.1
13430.4
13436.8
13440.5
13442.9
13451.5
13465.3
13480
13492.6
13504.2
13503
13498.6
13491.6
13481.4
13471
13461.2
13458.1
13455.6
13457.7
13466.9
13483
13498.8
13516.2
13523.6
13520
13510.3
13496.4
13483.7
13472.8
13468.5
13471.9
13478.8
13483.3
13482.4
13479.4
13473.5
13468.7
13469
3459.69
3471.1
3460.08
3479.39
3501.19
3502.26
3497.29
3479.65
3472.99
3458.22
3433.6
3416.85
3393.95
3377.06
3354.75
3335.24
3313.04
3308.89
3288.96
3277.03
3260.61
3244.78
3230.3
3215.47
3198.05
3166.58
3136.5
3100.81
3085.4
3088.9
3102.95
3117.4
3126.82
3144.25
3164.04
3183.16
3185.41
3179.94
3181.17
3185.83
3194.39
3200.7
3201.39
3198.74
3192.76
3176.53
3153.96
3132.12
3118.31
3109.15
3100.38
3092.35
3076.86
3053.37
3046.62
3052.7
3061.15
3076.29
3097.52
3110.63
3110.75
3113.53
3116.98
3120.48
3126.4
3130.49
3141.78
3147.75
3146.59
3141.5
3131.55
3118.16
3105.65
3083.47
3078.53
3096.59
3195.19
3719.54
4785.81
7808.3
9079.91
9744.32
10514.5
10856.5
11231.5
11608.8
11530.3
11083
11100.6
11510.5
11771.8
11700.3
11719.2
11972.4
12275.6
12394.2
12418.6
12465.3
12542.7
12620.9
12682.4
12709.4
12725.4
12788.7
12856.8
12914.5
12886.8
12739
12615.3
12358.4
12330.2
12473.5
12922
13325.2
13301.6
13147.3
12943
12915.1
12976.9
13110.7
13111.3
13077.6
13003.6
12941.1
12933.4
12977.4
13014.2
13006.6
12970.9
12993.5
13030.7
13100.1
13181.9
13268.3
13321.5
13393.5
13428.9
13418.2
13404.2
13383
13337.2
13284.5
13282.6
13306.6
13352.9
13406.5
13443.5
13477.8
13489.2
13482.1
13461.4
13426.4
13383.3
13319.7
13312.2
13313.6
13322.4
13343
13354.7
13366
13389.4
13408.2
13426.6
13432.4
13421.1
13405
13384.3
13360.2
13352.4
13351.2
13345.4
13348.4
13355.6
13362.5
13371.2
13387.5
13395.7
13408.1
13416.7
13425.6
13426.1
13429.6
13427.3
13421.2
13416.4
13421.7
13429.7
13444.9
13456.4
13455.2
13447.6
13436
13437
13442.8
13455.8
13473.4
13492.9
13495.4
13490.5
13474.4
13452.4
13430.5
13428.4
13433.6
13438
13439.1
13442.1
13450.5
13463.9
13478.5
13490.7
13502.5
13501.9
13498.3
13492.5
13484.2
13475
13465.6
13461.8
13457.9
13459.1
13467.4
13481.4
13494.8
13510.5
13517.8
13515
13506.1
13493.4
13482.6
13472.7
13468.9
13472.7
13479.8
13483.4
13482.2
13478.8
13472.4
13467.4
13467.7
3438.35
3452.4
3439.83
3474.03
3503.94
3507.02
3517.94
3491.9
3480.47
3474.26
3446.89
3427.9
3399.47
3383.28
3361.83
3344.77
3318.6
3322.54
3306.05
3295.82
3281.35
3263.68
3244.11
3224.04
3201.33
3166.1
3132.43
3089.9
3062.07
3063.22
3075.05
3086.43
3097.98
3113.94
3132.27
3143.38
3141.86
3136.99
3142.65
3156.75
3172.67
3189.72
3193.72
3194.76
3189.71
3174.06
3149.04
3130.5
3122.52
3114.67
3110.21
3105.69
3107.23
3100.11
3082.87
3083.59
3087.34
3093.16
3103.42
3111.96
3108.78
3106.58
3108.57
3114.86
3120.57
3127.28
3153.34
3158.3
3156.14
3148.78
3134.95
3118.52
3104.01
3080.95
3065.8
3068.1
3080.02
3105.25
3157.84
3765.62
4868.08
6869.01
10659
10371.9
11036.9
11299.9
11114.1
10807.4
11148.6
11684.8
11746.3
11581.8
11767.3
12125.7
12459
12442.2
12451.1
12484.8
12558.2
12585.3
12589
12587
12624.4
12709.9
12796.6
12847.3
12795.3
12595.1
12422.8
12312.2
12371.8
12688.7
13251.7
13459.9
13358.2
13077.7
12922.1
12954.7
13064.6
13102.6
13128.9
12998.5
12915.4
12895.7
12923.6
12979.8
13015.7
13015
12997.4
13003.3
13039.5
13093.1
13147.6
13223.5
13270.7
13326.1
13386.9
13382.3
13375.6
13357.3
13312.9
13260.5
13260.2
13291.1
13338
13392.8
13440
13474.1
13487.3
13480.9
13460.5
13426.7
13380.2
13325.9
13327.9
13335.2
13340.1
13353.7
13357.9
13356
13372.1
13391
13411.4
13427.3
13419.6
13407.3
13390
13372.9
13366.4
13369.1
13360
13363
13364.1
13364.3
13367.9
13382.2
13393.2
13408.3
13420.4
13426.1
13425.9
13425.6
13418.7
13408.1
13404
13416.7
13430
13443.9
13457.9
13455.6
13447.1
13434.4
13435.4
13440.7
13453.5
13471.2
13491
13492
13490
13478.1
13457.8
13435.3
13433.9
13438.2
13440.2
13440.6
13440.7
13448.8
13462.7
13477.7
13488.9
13500.6
13500.5
13497.7
13493.6
13486
13476.6
13469.5
13465.1
13460.4
13461
13468.3
13480.4
13490.6
13505
13511.2
13510
13501.7
13490.4
13481.5
13473
13469.7
13474.1
13481.2
13483.9
13482.3
13478.7
13471.5
13466.4
13466.4
3427.07
3437.31
3435.53
3471.12
3502.7
3516.2
3525.88
3504.11
3488.56
3483.21
3454.77
3439.11
3404.59
3388.9
3369.41
3357.44
3327.42
3336.69
3324.73
3315.86
3303.1
3283.78
3256.4
3228.38
3198.23
3158.36
3124.46
3081.4
3046.64
3045.73
3053.52
3062.44
3074.81
3089.71
3107.87
3111.79
3109.06
3109.55
3122.89
3145.67
3169.19
3195.78
3208.89
3213.54
3208.57
3193.82
3167.17
3154.53
3143.89
3142.14
3144.9
3148.77
3145.14
3139.19
3122.99
3112.29
3111.98
3113.47
3115.45
3113.49
3108.54
3102.84
3104.7
3111.94
3120.19
3137.16
3168.07
3171.35
3168.92
3160.21
3147.67
3134.83
3121.16
3105.9
3085.79
3080.51
3081.34
3083.68
3089.9
3112.49
3174.1
3684.75
4966.61
7015.59
9171.55
10535.7
9955.11
10218.4
11202.6
11658.6
11480.9
11362.1
11674.9
12269.7
12422.3
12395
12464.4
12475
12500.1
12483.6
12455.4
12473.5
12573.2
12675.8
12752.4
12776.8
12618.5
12530.1
12353.5
12372.4
12571
13086
13442.7
13476.1
13303.8
12975.2
12924.2
13020
13125.1
13103
13014.6
12904.6
12857.3
12874
12933.5
12996.1
13037.2
13032.7
13056.1
13031.8
13058.5
13095.6
13133.2
13182.9
13213.5
13255.9
13326.4
13347.1
13342.6
13324
13280.5
13233.3
13237.7
13277.6
13319.7
13373.8
13432.8
13464.6
13482.7
13478.6
13458.8
13427.4
13379.2
13335.9
13343.4
13355.2
13359.1
13363.7
13358.8
13349.6
13358.1
13375.5
13400.1
13421.3
13419.3
13410.2
13396.8
13385.8
13379.2
13381.6
13371.6
13377.2
13372.1
13365.7
13364.1
13375.7
13390
13410.1
13425.7
13428.4
13426.4
13422.6
13410.7
13397.3
13393.5
13411.1
13429.9
13442.8
13459.2
13456.9
13448.8
13438.5
13435.6
13440.8
13452.5
13468.5
13484.4
13489.6
13489.6
13478.5
13460.9
13441.2
13438.8
13443.1
13441.8
13441
13441.9
13447.8
13460.5
13475.1
13485.6
13497.3
13498.4
13496.5
13493.4
13487.7
13480.6
13473.3
13468.6
13463.1
13463.1
13469.9
13479.4
13487
13498.8
13505.1
13505
13496.9
13487.7
13481.1
13474
13471.1
13476
13483.4
13484.9
13482.8
13478.9
13471
13465.6
13465.1
3423.73
3433.75
3437.27
3470.71
3492.79
3538.38
3518.22
3503.14
3496.38
3487.8
3456.87
3449.71
3408.77
3392.37
3375.61
3369.24
3341.22
3350.08
3342.46
3335.53
3323.42
3301.32
3266.19
3229.05
3187.8
3145.1
3111.73
3070.97
3036.97
3036.77
3041.34
3048.1
3059.15
3073.43
3088.9
3088.18
3086.28
3091.83
3113.02
3142.38
3172.93
3202.49
3218.94
3225.31
3220.14
3206.79
3183.25
3171.37
3167.62
3165.53
3166.71
3166.15
3155.58
3151.09
3148.86
3142.8
3138.02
3138.96
3135.34
3126.92
3110.27
3096.94
3100.26
3109.71
3122.44
3143.73
3172.95
3179.36
3175.46
3163.38
3151.22
3142.5
3132.32
3118.77
3103.75
3093.84
3088.38
3084.72
3083.97
3080.28
3077.76
3089.35
3150.68
4433.52
6069.21
7926.34
9089.8
10523.5
11745.8
11344.1
11170.9
11411.7
12019.2
12443.2
12402.1
12349.5
12380.1
12346.2
12351.1
12342.4
12355
12430.3
12592.2
12658.7
12690.8
12712.2
12553.4
12477.3
12470.8
12581.1
12959.8
13462.6
13595
13482.1
13115.4
12887.3
12928.3
13065.9
13126.1
13096.7
12907.9
12842.2
12850.5
12887.9
12970.8
13035.8
13075.3
13066.5
13099.7
13058.5
13080.6
13121.5
13122.9
13149.6
13161.9
13196.5
13266.2
13310.9
13306.9
13285.9
13243.7
13206.3
13218.8
13266.7
13302.3
13352.4
13414.1
13453.2
13479.6
13477.4
13457.7
13428.3
13376.5
13353.2
13357.9
13371.4
13373.6
13370.8
13356.4
13342.7
13346.4
13361.1
13387.7
13413.5
13418.6
13413.1
13404.2
13398.6
13397.1
13394.7
13390.4
13386.8
13376
13366.6
13361.3
13370.4
13388.7
13411.1
13429.8
13428.7
13424
13416.5
13399
13383.7
13385.7
13402.6
13429.3
13441.2
13459.2
13456.6
13449.7
13439.5
13435.5
13440.1
13451
13466.2
13479.9
13486.8
13486.7
13478.2
13464.7
13448.1
13446.6
13447.9
13445.4
13443.9
13444.2
13448
13460.5
13474.9
13483.6
13494.1
13495.8
13493.7
13490.6
13488.3
13482.1
13477.7
13471.8
13466.3
13465.9
13471.6
13478.6
13484.2
13494.2
13499.1
13498.7
13493
13484.8
13480.3
13474.8
13472.7
13478.5
13485
13486.2
13483.5
13479.3
13471
13465.1
13463.9
3427.98
3437.86
3437.82
3467.97
3477.67
3536.59
3506.02
3521.72
3488.94
3488.84
3454.27
3457.92
3411.69
3392.78
3378.37
3374.29
3358.71
3361.47
3355.45
3351.33
3340.44
3314.55
3270.92
3222.15
3170.87
3127.97
3096.04
3058.1
3031.92
3033.73
3036.45
3040.78
3049.35
3062.63
3073.02
3067.73
3068.69
3079.34
3101.92
3133.46
3163.84
3198.33
3218.6
3227.05
3222.72
3210.17
3187.21
3178.7
3180.11
3177.26
3178.88
3176.71
3159.41
3155.27
3155.34
3149.65
3144.85
3137.3
3131.55
3119.65
3095.58
3082.73
3086.46
3098.23
3121.72
3150.18
3173.19
3180.2
3170.45
3155.2
3142.38
3138.93
3134.74
3124.88
3115.49
3102.06
3093.74
3086.82
3076.41
3068.18
3064.43
3055.4
3051.67
3094.67
3368.85
4124.89
8148.38
11457.7
11583.7
9975.35
10538
11633.5
12228.6
12498.3
12315.9
12241.3
12175.4
12159.2
12171.8
12239.5
12363.9
12519.1
12702
12689.8
12658.7
12572.8
12525.8
12521.7
12632.9
12954
13449.2
13592.5
13569.1
13345
12926.8
12846.4
12971.8
13107.4
13109.6
13069.5
12849.1
12798.3
12840.9
12927.8
13031
13090.7
13115.7
13100.8
13121.9
13120.7
13107.7
13130
13109.8
13116.4
13119.1
13148.8
13218.3
13274.3
13268.1
13238.9
13210.8
13187.6
13207.1
13260.8
13287.4
13330
13387.7
13439.1
13474.7
13475
13455.6
13428.2
13376.7
13370.9
13371.8
13382.1
13382.8
13375
13352.1
13334.3
13336.2
13349.4
13378.1
13408.3
13418
13415.4
13411.1
13410.8
13412.6
13406.2
13405.8
13392.8
13379.1
13366.9
13359.3
13367
13388.3
13413.5
13433.9
13430.5
13422.9
13411.5
13388.6
13368.5
13379.8
13396
13428
13438.6
13459.2
13454.3
13449.9
13442.2
13435.8
13440.2
13449.5
13463
13474.8
13479.9
13484.7
13479.3
13466.6
13453.4
13454
13452
13447.8
13445
13447
13449.1
13460.6
13474
13482.4
13489
13492
13490
13487.2
13487.5
13481.7
13480
13472.5
13470.4
13469.3
13474.9
13477.5
13480.9
13487.6
13492.1
13496.3
13488.5
13483.2
13480.9
13476.7
13474.9
13481.9
13488.3
13488.1
13484.7
13480.2
13471.4
13464.5
13462.6
3434.16
3442.93
3441.65
3459.84
3465.28
3515.66
3517.61
3493.51
3474.23
3491.24
3450.15
3461.72
3412.98
3386.91
3377.25
3364.31
3371.2
3369.92
3362.28
3357.79
3348.62
3320.14
3268.98
3209.15
3150.81
3109.22
3078.77
3042
3029.31
3033.66
3033.25
3034.71
3040.04
3051.1
3052.23
3044.84
3047.04
3057.64
3073.23
3097.81
3125.77
3153.22
3174.77
3184.24
3180.44
3166.13
3147.24
3142.31
3143.63
3148.83
3158.65
3156.88
3146.81
3142
3147.36
3146.82
3143.24
3135.04
3123.89
3100.62
3074.25
3066.87
3070.92
3084.71
3104.85
3124.75
3134.93
3149.96
3148.14
3143.31
3135.47
3132.68
3132.86
3126.43
3111.88
3100.1
3089.34
3079.79
3067.85
3052.04
3046.7
3046.53
3039.15
3040.79
3056.25
3099.4
3716.07
5346.14
8324.79
9248.94
10743
11684.2
12253.1
11780.9
11893.1
11952.1
11818.4
11874.1
12056.6
12307.9
12477.6
12603.2
12679.9
12675.1
12665.1
12478.8
12548.2
12670.3
12894
13343.1
13734.2
13666.3
13482.3
13026.4
12772.1
12819.5
13021.2
13078.5
13078.9
12973.5
12787.1
12802.6
12880.7
13004.3
13102.8
13144.6
13146
13125.1
13139.5
13181.4
13140.9
13127.2
13096.1
13079.4
13085.9
13115.4
13189.6
13223.8
13243.7
13206.2
13181.4
13174.1
13204.2
13257.9
13277.8
13310.3
13363
13423.2
13465.5
13472.8
13453.7
13427.6
13384.1
13377.5
13382.5
13389.9
13388.9
13375.6
13346.8
13325.7
13327.1
13340.7
13370.8
13402.9
13417.5
13418.4
13418.7
13421.7
13425.3
13418.7
13415.1
13402.1
13385.1
13368
13358.5
13366
13390.2
13415.3
13434.8
13430.3
13420.5
13403.8
13376.4
13356.9
13372
13391.6
13420.2
13438
13454.9
13455.1
13451.6
13443.7
13436.3
13441
13448.7
13460.1
13469.3
13474.7
13481.7
13478.3
13468.1
13458.6
13460.8
13456.2
13451
13447.6
13449.8
13451.6
13460.8
13472.6
13482.9
13484.5
13487.5
13485.5
13485.7
13482.9
13480.7
13480.5
13475.7
13473.9
13473.7
13478
13477
13479.2
13484.3
13488.4
13487.6
13483
13479.7
13479.7
13477.6
13477
13484.9
13490.8
13488.9
13486.4
13481
13472.8
13463.5
13461.8
3430.56
3447.51
3441.09
3435.78
3490.33
3488.38
3480.99
3480.48
3459.83
3495.04
3449.75
3458.39
3411.99
3377.42
3368.74
3339.93
3372.68
3374.4
3365.99
3355.55
3342.19
3304.56
3246.29
3187.04
3131.93
3094.28
3062.9
3023.08
3023.24
3026.02
3021.25
3020.14
3022.41
3024.63
3019.2
3009.5
3009.8
3014.92
3023.92
3043.18
3071.01
3091.77
3117.34
3131.42
3125.36
3104.03
3101.96
3103.24
3113.48
3129.18
3147.33
3147.35
3142.32
3135.72
3133.25
3133.73
3133.65
3129.24
3117.49
3089.22
3060.32
3055.95
3060.74
3074.82
3094.71
3104.75
3112.25
3115.6
3121.28
3124.15
3122.05
3117.17
3115.77
3112.31
3106.65
3093.29
3078.52
3068.48
3052.09
3033.31
3024.46
3024.39
3027.75
3034.52
3044.59
3059.59
3098.13
3295.32
4318.94
8991.26
11813.7
11688.3
10631.1
10538.2
11431.2
11771.4
11536
11696.6
12131.9
12445.8
12495.6
12662
12651.2
12659.6
12604.1
12501.2
12557.6
12712.9
13103
13622.7
13673.7
13638.4
13274.8
12745.9
12699.2
12825.5
13070.6
13058.2
13005
12873.3
12785.9
12836.6
12947.9
13075.8
13151.1
13169.5
13166.9
13138.5
13155.2
13205.4
13178.5
13130.1
13081.4
13048.9
13063.8
13096.7
13150.1
13192.3
13201.4
13182.2
13160.9
13170.4
13210.9
13257.7
13270.5
13293.8
13338.8
13405.8
13448.8
13466.9
13449.3
13425.3
13393.5
13382.5
13388.4
13391.6
13388.9
13369
13338
13316.3
13318.2
13334
13365.8
13398.3
13417.1
13420.6
13425.1
13435.2
13436.5
13427.8
13419.7
13405.1
13386.1
13366.7
13357.9
13367
13392.5
13417.9
13436.1
13430.2
13417.7
13399.3
13366.3
13352.3
13363.9
13385.1
13410.9
13437.5
13447.4
13456
13451.9
13444.9
13438.3
13442.7
13448.8
13456.7
13462.8
13469.1
13476.1
13475.6
13469.3
13464.3
13467.6
13460.3
13453.6
13449.6
13452.2
13454.9
13461.1
13471.1
13481.8
13481.6
13481.5
13481
13483.4
13479.4
13480.6
13480.9
13480
13474.4
13477.4
13480
13477
13477.3
13481.3
13484
13481.9
13480.5
13479.4
13480.9
13480.4
13480.5
13490.8
13494.5
13491.2
13487.8
13481.5
13472.8
13464.5
13460.4
3427.51
3451.83
3434.07
3401.58
3461.35
3476.29
3471.04
3473.12
3451.25
3495.93
3462.12
3441.4
3394.33
3364.83
3352.89
3308.59
3349.56
3372.86
3365.44
3348.2
3321.78
3268.61
3208.91
3160.4
3117.85
3087.34
3053.83
3012.64
3015.26
3014.65
3006.83
3001.59
2999
2993.58
2983.25
2977.63
2978.15
2979.07
2988.06
3010.06
3032.53
3050.36
3079.1
3092.3
3078.16
3069.65
3075.52
3086.15
3104.79
3125.6
3143.9
3143.78
3140.67
3134.69
3132.09
3135.75
3135.24
3128.67
3110.42
3088.34
3059.91
3059.13
3067.94
3083.08
3084.73
3087.31
3087.06
3081.3
3084.26
3089.19
3094.65
3092.29
3089.44
3086.24
3085.04
3078.94
3065.77
3058.5
3048.76
3033.82
3025.21
3029.12
3041.97
3047.61
3053.47
3067.09
3086.16
3118.7
3183.24
4146.69
6498.87
8845.06
9229.6
10212.2
11787.2
11787.5
11493.8
11728.1
12285.6
12515.5
12565.9
12524.9
12485.7
12579.3
12570.4
12530.6
12571.2
12759
13206.1
13702.2
13676
13448.5
12914.9
12594
12651.1
12900.2
13059.2
13007.3
12937.5
12787.6
12811.9
12896.2
13012.2
13137.8
13195.6
13183.8
13174.9
13147.9
13171.1
13217.8
13198.8
13133.4
13069.4
13031.4
13050
13088.3
13120.7
13174.3
13163.9
13162.9
13156.1
13176.3
13229.2
13259.3
13266.5
13282.2
13323.1
13381.8
13434.7
13461.2
13443.5
13424.1
13401.2
13385.1
13389.5
13389.2
13384.6
13357.7
13329.5
13311
13314
13332.3
13365.1
13394.7
13416.1
13428.1
13430.7
13442.7
13441.8
13435.6
13426.4
13410.4
13388.1
13367.9
13359.1
13369.8
13396.1
13420.1
13435.5
13429.2
13414.1
13388.8
13358.3
13351.3
13360.6
13381.2
13402.3
13436.6
13445.3
13454.8
13452.1
13446.3
13440.2
13443.9
13448.9
13453.1
13456.2
13464
13471.6
13475
13469.2
13467.6
13470.3
13463.5
13456.2
13451.9
13455.1
13458.8
13462.5
13470.6
13479.2
13479.8
13475.2
13477
13475.3
13477.3
13480
13480.8
13482.3
13476.7
13481.5
13480.8
13478.4
13476.7
13477
13480.6
13476.4
13477
13477.7
13480.8
13482.4
13483.9
13496.2
13495.5
13493.6
13490.1
13483.1
13473.6
13465
13460.7
3406.11
3435
3445.76
3423.77
3465.86
3473.76
3463.67
3477.44
3471.88
3493.1
3485.83
3433.53
3373.98
3356.27
3339.79
3285.36
3322.03
3356.99
3359.53
3341.79
3302.89
3235.33
3175.13
3142.09
3111.68
3088.69
3053.59
3026.67
3031.9
3025.69
3009.21
2998.91
2992.85
2981.86
2972.27
2975.5
2974.95
2973.85
2982.95
3002.58
3018.03
3034.39
3061.53
3062.8
3048.04
3053.58
3063.68
3079.36
3103.86
3129.78
3149.97
3151.09
3143.74
3130.65
3131.04
3140.13
3137.91
3130.43
3109.05
3093.54
3080.63
3074.24
3079.75
3084.91
3081.12
3076.32
3068.99
3061.83
3060.8
3065.95
3079.14
3081.19
3078.99
3077.08
3075.41
3071.7
3064.38
3060.85
3067.47
3078.8
3083.06
3080.87
3081.25
3080.09
3081.86
3090.17
3108.54
3130.99
3151.77
3208.19
3436.99
5303.28
8851.6
10855.5
12600.3
11446
11056.9
11780.4
12565.3
12621.6
12485.6
12234.5
12356.8
12569.4
12551.6
12523
12537.8
12719.3
13327.8
13614.3
13508.5
13083.5
12546.4
12536.7
12684.4
13020
13009.3
12966
12907.7
12819.9
12859.2
12948.8
13053
13157.5
13189.7
13179.6
13168.8
13147.2
13177.9
13220.5
13206.8
13135.8
13059.4
13027.7
13045.6
13084.1
13098.7
13170.2
13145.4
13147.7
13159.6
13195.1
13253.2
13261
13262.1
13272.2
13302.4
13362.3
13414.3
13447.6
13435.8
13418.6
13408.2
13391.7
13384.7
13381.3
13374.5
13338.3
13318.7
13306.2
13310.9
13333.7
13367.3
13395.1
13413.6
13428.6
13434
13456.1
13451.3
13436.1
13426.2
13411.4
13387
13367.1
13361.8
13373.8
13399.7
13421.5
13433.4
13425.1
13412.3
13388.9
13348.9
13349.3
13358.8
13377.4
13397.1
13430.6
13438.6
13449.4
13450.4
13446.8
13442.4
13445.3
13449.4
13449.8
13450.8
13457
13464.7
13470.2
13470.5
13473.6
13476
13466.8
13458.2
13454.5
13457.3
13461.6
13464
13470.4
13477
13477.4
13469.6
13471.8
13469.6
13476.2
13477.4
13479.7
13482.2
13479
13482.7
13484.6
13480.7
13476.9
13473.9
13478
13470.8
13474.6
13477.2
13481.9
13485
13487.9
13500.2
13498.4
13496.3
13492.2
13484.5
13474.4
13466.2
13460.9
3357.5
3425.23
3473.95
3439.47
3460.66
3459
3467.09
3493.88
3547.52
3509.85
3518.12
3452.56
3375.72
3378.34
3361.82
3294.99
3315.42
3347.21
3363.46
3342.05
3295.13
3219.24
3160.42
3142.94
3138.35
3128.93
3097.86
3098.42
3102.59
3093.16
3074.08
3057.62
3038.39
3015.42
3016.87
3022.09
3013.65
3005.77
3009.38
3012.05
3013.31
3026.18
3040.57
3028.99
3017.92
3024.38
3039.97
3067.18
3103.59
3132.69
3151.24
3147.48
3129.26
3131.11
3139.12
3145.77
3150.23
3146.32
3127.55
3101.86
3101.58
3100.71
3096.55
3084.71
3077.7
3066.38
3057.53
3056.21
3056.74
3066.85
3086.23
3087.13
3083.33
3082.02
3077.89
3071.53
3078.44
3087.93
3095.58
3106.26
3120.9
3126.84
3126.01
3122.51
3122.85
3129.21
3143.62
3167.14
3186.2
3206.77
3225.8
3325.27
4485.39
6752.23
9139.21
10180.6
11284.8
11980.1
12252
12122.7
12029.7
11937.9
12283.6
12670.3
12562
12404.3
12403.9
12683.4
13269
13385.2
13194.1
12686.1
12423.2
12531.4
12862.4
13059.5
12981
12936.8
12879.5
12867.3
12910.6
12998.6
13092.5
13189.1
13201.3
13165.5
13141.3
13142.4
13178.3
13211.2
13198.3
13128.9
13049.3
13034.2
13049.4
13080.2
13096.4
13149.9
13127.9
13141.7
13173.7
13223
13276.8
13271.7
13262.2
13270.7
13300
13340.2
13397.8
13433
13421.5
13405.2
13407
13401.6
13388.6
13379.3
13369
13334.9
13311.4
13304.9
13313.2
13340.3
13369.3
13395.2
13420
13436.4
13441
13453.2
13449.7
13436.9
13425.5
13410.6
13388.8
13372.1
13363.9
13381.2
13403.5
13424.2
13432.4
13423.9
13402.9
13380.4
13352.6
13352.6
13360.3
13376.5
13396.9
13431.9
13437.2
13445.6
13450.3
13447.9
13444.4
13445.5
13449
13446.5
13446.2
13451.7
13460.3
13470.2
13468.5
13475.6
13476.7
13469.6
13459.6
13457.1
13459.3
13464.2
13465.7
13470.1
13475.3
13473.2
13465.5
13465.3
13464.4
13469.4
13474.7
13478.9
13481.9
13483
13484.8
13486.3
13481.5
13476.6
13470.1
13475.4
13467
13472.2
13475.4
13482.1
13487.4
13493.9
13503.9
13501.9
13499.3
13494.8
13486.2
13475.8
13467
13461.3
3263.52
3397.54
3557.85
3509.65
3490.03
3439.69
3484.8
3530.33
3667.41
3604.56
3584.64
3509.62
3443.45
3470.55
3463.19
3399.8
3393.02
3407.03
3419.75
3391.25
3333.8
3251.81
3210.41
3219.22
3218.25
3207.19
3176.17
3177.88
3173.43
3156.45
3135.02
3110.89
3078.22
3058.18
3057.19
3049.62
3033.58
3022.58
3023.62
3018.41
3013.73
3019.07
3017.97
2988.13
2970.99
2975.8
2994.21
3024.49
3072.06
3107.12
3123.49
3108.79
3108.37
3112.85
3127.45
3143.64
3145.89
3136.19
3116.54
3107.74
3111.23
3119.52
3124.71
3101
3079.69
3062.02
3053.84
3054.44
3062.88
3074.7
3089.93
3102.46
3107.59
3118.29
3126.83
3120.95
3111.1
3108.65
3108.53
3122.93
3150.68
3172.92
3188.88
3194.42
3190.05
3186.2
3188.87
3204.34
3227.61
3256.54
3268.73
3281.06
3329.48
3691.21
4447.77
8731.53
12796
10648.3
10847.7
11698
11634
11815.4
12426.3
12627.1
12419.5
12116
12165.3
12779
13179.8
13147.3
12702.8
12315.8
12370.7
12716.8
13019.1
13055.5
12968.3
12921.2
12870.9
12889.6
12941.8
13019.4
13106.1
13195.2
13186.4
13141.6
13116
13132.1
13177.3
13191.7
13183.6
13111
13042.6
13045.1
13061
13080.4
13091.9
13126.6
13121.3
13142.9
13195.9
13263.3
13298.9
13279.9
13258.3
13267.1
13291.1
13322.5
13375.3
13407.5
13401.2
13390.3
13394
13392.2
13378.1
13366.7
13354.8
13319.3
13316.9
13316.9
13325.2
13351.5
13379.8
13402.2
13420.9
13434.9
13445.8
13455.4
13449.6
13435.8
13419.7
13401.9
13382.7
13370.8
13371.4
13391.3
13408
13424.9
13427.4
13415
13400.5
13381.9
13356.9
13354.7
13361.4
13377.1
13397
13424.6
13435.5
13435.8
13450.2
13448.3
13447.8
13446.8
13448.7
13444.3
13442.1
13446.4
13453.1
13464.1
13469.1
13478.4
13478.5
13469.9
13461
13459.6
13462
13467.4
13468.6
13470.7
13473.2
13469.3
13461.8
13460.3
13462.3
13464.6
13471.2
13477.2
13481.1
13486
13488
13488
13483.8
13477.9
13470.4
13467.8
13466.7
13472.4
13475.6
13482.5
13489.1
13498.5
13506.3
13504.6
13501.8
13496.8
13487.8
13477.4
13468
13461.5
3231.18
3370.19
3419.06
3518.44
3509.8
3414.54
3491.59
3562.05
3767.88
3712.33
3675.27
3598.13
3533.93
3587.37
3592.94
3531.54
3496.54
3493.65
3490.38
3437.49
3371.79
3295.23
3283.91
3296.55
3299.92
3286.45
3255.1
3243.34
3227.12
3199.62
3179.42
3145.54
3104.58
3082.52
3073.96
3054.98
3030.89
3007.76
2993.84
2976.15
2983.95
2999.56
2993.91
2944.3
2949.05
2956.94
2982.48
3018.93
3062.76
3097.03
3105.91
3105.27
3101.14
3103.36
3107.81
3110.71
3116.38
3109.39
3100.65
3102.22
3109.1
3132.17
3161.24
3165.98
3171.86
3169.72
3160.07
3133.58
3094.75
3073.89
3084.23
3124.6
3158.14
3186.21
3209.43
3209.87
3197.87
3177.55
3158.39
3162.16
3175.95
3195.98
3218.18
3239.74
3258.05
3262.84
3255.75
3243.62
3254.17
3270.68
3296.07
3300.78
3311.14
3332.53
3380.04
4438.07
7687.12
9138.78
10341.8
11720.1
11312.5
11891
12537
12488.7
11919.6
11795.6
12185
13001.7
13137
12829.8
12350.6
12263
12509
13010.2
13168.8
13093.4
12965.4
12933.8
12909
12923.5
12971.6
13047.9
13126.7
13190.6
13163.3
13109.7
13088.9
13133.6
13172.9
13174.1
13148.7
13107.5
13056.2
13060.3
13073.1
13086.2
13094.5
13110.2
13119.3
13152.2
13221.7
13300.2
13312.1
13284
13254.7
13266.1
13284.9
13307.9
13355.7
13380.7
13376.5
13371.5
13375.9
13380.3
13370.8
13365.9
13353.4
13324.5
13325.7
13330.5
13341.2
13368.1
13388.9
13403.4
13421.8
13437.1
13448.4
13449.7
13441.9
13427.5
13412.5
13396
13383.7
13377.1
13376.6
13401.2
13412.5
13425.1
13424.8
13412.4
13399.1
13378.6
13370
13358.9
13366.7
13379.3
13397.9
13421.9
13434
13433.6
13447.2
13449.9
13451.2
13448.3
13447.9
13442.2
13438.8
13441.9
13448.5
13460.7
13467.4
13477
13476.4
13468.9
13460.1
13459.7
13462.2
13469.1
13470.3
13470.7
13471.3
13464.3
13458.5
13455.3
13459.1
13458.8
13465.9
13475.5
13481.4
13487.4
13490.6
13488.8
13483.7
13477.5
13469.9
13462.1
13465.8
13469.9
13473.2
13484.1
13492.2
13506.8
13509.6
13507.6
13504.3
13499
13489.7
13478.8
13469.7
13462.4
3040.44
3414.91
3373.41
3359.46
3472.95
3406.69
3477.58
3556.28
3776.98
3736.59
3698.26
3644.71
3573.69
3646.59
3655.41
3593.76
3540.99
3524.75
3508.8
3420.37
3324.02
3295.84
3305.17
3326.66
3341.28
3324.48
3296.54
3268.69
3240.93
3200.21
3162.23
3100.09
3053.82
3031.07
3020.97
3009.32
2987.25
2972.95
2962.81
2946.28
2943.71
2991.77
2981.68
2963.66
2962.42
2994.51
3040.91
3073.76
3102.63
3104.44
3118.77
3117.23
3108.41
3111.48
3105.69
3106.42
3114.84
3105.81
3096.23
3103.52
3130.39
3162.74
3186.57
3208.18
3243.53
3262.4
3248.95
3236.56
3228.87
3212.19
3179.17
3159.87
3170.97
3207.88
3249.48
3283.83
3290.58
3278.15
3273.9
3273.83
3265.27
3246.55
3233.13
3249.09
3283.85
3317.05
3333.45
3331.21
3328.02
3318.89
3321.67
3318.81
3323.43
3326.78
3336.18
3388.42
4000.68
8517.35
11139.4
12229.5
12633.3
12438.6
12646.7
11756.5
11362.9
11581.5
12491
13131.4
13036.6
12320.9
12015.2
12173.4
12860.4
13097.8
13206.8
13080.4
12983.4
12956.1
12915.6
12921.8
12978.2
13070.8
13147.2
13166.1
13141.1
13078.7
13085.3
13176.2
13163.5
13151.4
13123.5
13099.4
13075
13074.7
13084.4
13088.5
13096
13102.9
13123.1
13169.9
13251
13335.2
13321
13280
13250.1
13265.3
13277.4
13294.4
13334.4
13347.4
13346.5
13348.9
13356.4
13368.1
13363.5
13364.7
13350.7
13328.5
13336.1
13344.6
13358
13385
13399.8
13410.9
13423.3
13434.3
13450.1
13446.4
13435.2
13421.1
13408.1
13391.5
13382.2
13380.1
13386.6
13409.6
13416.5
13424.8
13420.3
13407.3
13397.7
13381.4
13378.3
13362.4
13372
13383.3
13399.9
13419.6
13430
13432.7
13443.7
13452.1
13454.5
13450.4
13446.7
13440
13435.9
13437.4
13443.1
13456.6
13466.3
13476.4
13475.1
13467.6
13459.4
13460
13463
13470
13472.3
13471.3
13469.2
13460.7
13454.9
13451.1
13453.4
13455.8
13461.3
13472.7
13480.3
13488.2
13493.1
13490.8
13485.1
13478.5
13471.2
13458.7
13467.4
13470.9
13474.1
13482.6
13492.5
13511
13511.2
13509.8
13506.4
13501.1
13491.5
13480.7
13471.1
13463.1
3074.52
3086.67
3153.82
3057.31
3183.67
3308.94
3464.12
3419.97
3492.52
3325.59
3303.4
3343.45
3312.8
3352.46
3296.32
3200.09
3179.11
3192.7
3153.88
3061.86
2980.81
2996.44
3034.66
3058.48
3122.59
3155.12
3143.18
3142.24
3126.2
3106.19
3087.76
3017.87
2998.92
3008.71
3006.31
3015.29
3020.91
3013.94
2987.83
2974.96
3006.62
3064.69
3074.22
3069.27
3101.38
3155.84
3169.28
3171.05
3174.33
3185.68
3213.73
3218.93
3222.6
3233.25
3241.77
3236.87
3230.74
3235.1
3247.24
3263.41
3258.64
3235.1
3204.16
3215.59
3266.83
3321.67
3332.13
3326.55
3328.66
3330.32
3323.56
3279.02
3222.83
3228.6
3268.23
3319.68
3352.91
3366.01
3373.54
3381.8
3384.19
3370.38
3353.52
3355.92
3364.25
3372.05
3383.96
3394.8
3389.1
3384.38
3368.09
3341.7
3323.54
3327.07
3335.02
3346.67
3397.39
4159.38
6305.91
9315
12152.2
12906.6
12003.4
10896.3
11024.9
11674.9
12990.7
13087
12703.7
11942.5
11980.2
12353.1
13185.3
13187.1
13161
12987.5
13017.5
12972.7
12924.9
12926.9
13000
13111.2
13142.1
13124.5
13090.9
13059.3
13115.6
13181.3
13170.8
13144.4
13107.9
13094.9
13094.9
13090.5
13089.9
13091.8
13096.9
13104
13135.6
13194.7
13278.9
13354.5
13322.4
13270.4
13246.3
13265.9
13270.1
13283.2
13313.2
13315.6
13318.2
13328.1
13341.5
13356.1
13361.2
13366.5
13347.3
13342.4
13352.1
13364.5
13381.5
13405.7
13412.9
13417.1
13424.3
13433.3
13444
13439.8
13426.8
13412.8
13401.3
13387.2
13382.4
13384.5
13399.4
13417.3
13419.6
13423.6
13412.2
13406.9
13399.6
13385.2
13386.4
13374.6
13378
13388.2
13402.6
13418.7
13426.8
13433.1
13443.1
13453.4
13456.9
13452.2
13445.9
13438.8
13433.8
13434
13439.2
13453.7
13464.4
13473.9
13471.7
13465.6
13458.3
13460
13464.5
13470.2
13473.3
13471.5
13467.4
13458
13451.6
13447.1
13447.5
13451.5
13457.6
13470.6
13480.7
13489.4
13494.8
13492.2
13485.9
13478.8
13471.4
13461.1
13464.1
13468.7
13473.1
13485.5
13496.7
13516.2
13514.2
13512.2
13508.2
13502.9
13493.2
13482
13472.8
13464.4
3128.09
3260.5
2969.1
2730.67
2754.65
2919.6
3086.39
3140.9
3131.04
2878.79
2893.55
3017.36
2972.52
3021.27
2983.2
2909.92
2954.43
3016.6
2939.4
2960.22
2919.93
2930.07
2958.11
2988.31
3077.63
3117.66
3103.8
3114.36
3105.93
3138.26
3125.06
3143.58
3143.27
3142.22
3149.27
3142.05
3122.37
3098.52
3029.83
3004.21
3036.92
3061.47
3088.84
3124.5
3198.96
3253.65
3281.54
3301.16
3306.39
3288.38
3295.81
3295.92
3297.69
3312.05
3338.78
3358.13
3372.4
3385.18
3394.9
3408.38
3417.58
3404.61
3355.58
3310.05
3304.65
3330.93
3374.09
3403.27
3417.34
3414.35
3414.6
3412.18
3390.37
3355.35
3339.86
3354.91
3383.89
3405.1
3420.73
3442.8
3465.61
3475.55
3481.6
3497.49
3516.33
3519.82
3516.28
3504.52
3484.02
3451.47
3412.78
3406.38
3399.03
3401.28
3409.56
3409.14
3398.99
3442.7
3708.4
5080.4
8245.91
10918.2
10895.8
10856.9
11251.9
12710.6
13335
13113.6
12110.5
11669.4
12008.1
12808.4
13244.9
13228.8
13093.6
12987.2
12992.3
12982.9
12942.6
12942.2
13008.3
13146.4
13146.3
13096.1
13060.6
13070.2
13145.6
13219.5
13208.2
13149.5
13099.5
13103.6
13115.8
13106.9
13091.8
13098
13103.1
13108.6
13162
13221.9
13297.9
13354.3
13314.4
13255.8
13245.6
13266.2
13266.3
13276
13290.7
13287.6
13291.9
13306.4
13326.3
13350
13364
13369.2
13348.3
13354.4
13367.1
13383.8
13404.9
13424.9
13425.3
13424.9
13425.1
13427.9
13439.5
13431.7
13417
13403
13394.1
13382.7
13383.3
13389
13412.5
13423.1
13423.2
13422.7
13404.9
13406.3
13401.2
13389.8
13394.3
13389
13384.2
13392.4
13405.9
13417.1
13425.3
13434.3
13443.9
13454.5
13458.8
13454.1
13445
13437.5
13431.9
13431.1
13436
13451.2
13463.1
13471.5
13469
13463.2
13456.9
13459.7
13465.3
13469.9
13473.5
13471.1
13465.8
13456
13448.3
13442.6
13443.5
13447.1
13454.1
13467.7
13480.5
13489.9
13496.5
13493.6
13487.2
13480
13472.9
13462.8
13463.8
13467.9
13474
13486.1
13497.8
13517.5
13515.4
13513.9
13509.8
13504.3
13494.7
13483.4
13474.2
13465.3
2793.15
2892.62
2909.76
2712.5
2732.4
2826.08
2978.34
3238.22
3325.06
3261.41
3329.4
3262.34
3273.55
3503.59
3352.49
3304.12
3361.41
3416.59
3388.96
3254.91
3215.65
3212.62
3209.75
3200.16
3257.34
3197.92
3245.06
3299.82
3299.06
3295.64
3299.53
3365.76
3404.37
3412.1
3424.26
3422.9
3422.34
3409.5
3362.8
3283.52
3175.44
3057.74
3073.46
3141.1
3261.12
3340.89
3380.98
3419.19
3414.95
3364.49
3345.59
3341.29
3359.45
3380.44
3415.22
3451.56
3464.68
3472.57
3492.57
3519.43
3543.36
3554.28
3553.27
3535.5
3451.91
3370.12
3387.97
3443.85
3478.26
3472
3459.27
3458.64
3467.91
3477.65
3488.27
3480.83
3463.83
3450.85
3459.57
3482.81
3501.44
3522.22
3540.43
3554.15
3569.64
3589.64
3609.71
3619.08
3616.82
3608.74
3585.06
3544.56
3499.28
3480.08
3483.72
3492.54
3503.51
3513.44
3533.65
3619.59
4638.13
8321.61
10214.3
10794.5
11938.6
13113.3
13220.4
12862.9
11507.7
11568.5
12247.8
13167.9
13235.2
13068.5
12919
12980.6
12983.5
12954.7
12906.7
12927.2
13051.2
13171.9
13141.4
13075.4
13050.4
13107.4
13252.1
13301
13250.6
13157.8
13110
13118.7
13131.9
13118.1
13093.9
13109.6
13117.6
13124.6
13185.2
13234.7
13304.7
13324.6
13297.9
13243.4
13248
13269.7
13267.1
13274.7
13273.7
13266.3
13272.9
13289.9
13318.9
13348.6
13366.8
13373.6
13360.1
13365.2
13382.5
13406.9
13431.4
13444.7
13437.9
13431.7
13423.1
13422.9
13429.7
13422
13408
13395.5
13388.9
13380.7
13384.7
13394.2
13422.8
13428.1
13427.3
13419.2
13403.8
13404.6
13400.4
13396.3
13400.9
13400
13394.4
13398.4
13410
13416.7
13425.3
13436
13445.3
13455.6
13460.3
13455.3
13445.6
13435.5
13430.7
13429.4
13434
13449.5
13461.5
13468.8
13466.9
13460.8
13455.3
13460
13465.3
13469.8
13473.2
13470.4
13464.6
13454.3
13445
13438.8
13439.9
13443.3
13451.4
13466.1
13480.6
13490.4
13498.4
13494.4
13488.4
13481.3
13474.2
13465.2
13463.8
13467.2
13474.2
13487.2
13500.1
13520
13516.9
13515.6
13511.2
13505.7
13496
13484.4
13475.7
13466.6
13408.3
13477.1
13489.9
13509.2
13516.2
13528.7
13552
13575.1
13586
13597.6
13618
13641.9
13648.7
13656.9
13670.3
13683.8
13691.2
13696.7
13703.9
13711.7
13717.1
13721.1
13724.4
13727.9
13731
13733.2
13733.5
13733.6
13733.4
13733.2
13732.4
13731.4
13729.8
13728
13725.9
13723.8
13721.4
13718.8
13715.8
13713.1
13710.2
13707.5
13704.5
13701.6
13698.5
13696.6
13694.4
13692.3
13689.8
13687.4
13684.6
13681.8
13678.6
13675.9
13672.9
13670.1
13667.2
13664.6
13662.1
13659.7
13657.4
13655.4
13652.9
13651.3
13650.5
13648.7
13645.4
13643.3
13640.4
13639
13636.5
13635
13632.6
13630.9
13628.6
13626.7
13624.2
13622.4
13620.1
13618.9
13616.9
13615.9
13614
13613.3
13611.7
13610.9
13608.9
13608.1
13606.2
13605.5
13603.4
13602.3
13600.5
13600.2
13598.1
13597.3
13595.2
13595.5
13593.9
13593.3
13591.7
13591.2
13583.4
13430.4
13363.4
13419.1
13469.5
13502.7
13510.7
13514.1
13531.9
13557.1
13567.9
13580
13599.8
13628.9
13631.6
13638.8
13655.4
13669.4
13679.1
13687
13695.7
13704.3
13711.2
13716.6
13720.9
13725.1
13729.2
13732.3
13733.9
13734.4
13734.9
13734.8
13734.6
13733.6
13732.2
13730.4
13729
13727.3
13725.5
13722.7
13719.9
13717.4
13715.2
13712.6
13709.7
13706.9
13704.2
13701.5
13698.7
13696.1
13693.3
13691
13688
13685.3
13682.2
13679.6
13676.6
13673.4
13671
13668.5
13665.9
13663.6
13661.4
13659.2
13656.9
13655.3
13653.9
13651.2
13648.8
13646.5
13644.6
13642.4
13640.7
13638.8
13636.8
13634.7
13632.4
13630.6
13628.2
13626
13623.9
13622.3
13620.8
13619.1
13617.5
13616.4
13615
13613.9
13612.1
13611.1
13609.5
13608.4
13606.5
13605.3
13603.6
13602.9
13600.5
13600.3
13597.9
13598.7
13595.7
13596.9
13592.7
13595.9
13588.1
13531.2
13351.9
13374.1
13423.3
13469.9
13503.3
13507.1
13520.3
13540.3
13555.2
13570.2
13587.8
13612.9
13629.7
13631.3
13642.1
13660
13674.2
13681.2
13689.7
13700.3
13707.9
13713.5
13717.9
13722.7
13727.7
13731.7
13734.2
13735.2
13735.7
13736.2
13736.3
13736
13734.9
13733.6
13731.8
13730.5
13728.6
13726.3
13723.4
13720.7
13718.2
13715.9
13713.2
13710.2
13707.4
13704.6
13702.1
13699.1
13696.8
13694.1
13691.6
13688.5
13686
13682.9
13679.9
13677.3
13674.6
13672
13669.3
13666.7
13664.3
13661.9
13659.5
13657.6
13656.5
13654.9
13652.7
13650.4
13647.8
13645.4
13643.1
13641
13638.9
13636.9
13634.8
13633
13630.8
13628.9
13626.7
13625.5
13623.6
13622.2
13620
13619.3
13617.8
13616.6
13614.6
13613.8
13612
13611.3
13609.2
13608.2
13606.6
13605.2
13603.3
13602.8
13601.5
13601
13599.3
13598.8
13596.9
13596.4
13595.7
13576.8
13350.4
13357.1
13385.2
13425.1
13475.5
13492.8
13508
13524.1
13540.7
13555.7
13570
13587.9
13617.3
13622.7
13631.8
13649.1
13663.1
13672.5
13681.4
13693.6
13703.1
13708
13713.7
13718.5
13723.5
13728.3
13732
13733.6
13734.7
13735.7
13735.7
13735.5
13735.1
13734.2
13733.1
13732.2
13730.6
13727.5
13725.5
13723.3
13721.2
13718.4
13715.5
13713
13710.6
13707.8
13704.7
13700.9
13698.8
13696.4
13692.5
13690.9
13687.4
13685.5
13681.4
13680.8
13678.7
13675.6
13672.9
13669.9
13667.7
13665.3
13662.5
13660.3
13658.8
13656.9
13654.7
13653.2
13651.4
13648.9
13646.2
13644.1
13641.9
13639.5
13637.5
13635.8
13633.8
13631.9
13629.8
13628.2
13626.6
13624.4
13622.5
13620.9
13619.9
13618.3
13617
13615.5
13614.4
13612.6
13611.4
13610
13608.5
13606.5
13606
13604.6
13603.9
13601
13601.5
13598.8
13600.6
13596.4
13600.1
13593.7
13350.1
13352.3
13363
13389.1
13432.6
13477.6
13492.7
13509.1
13528.5
13541.7
13552.5
13565.9
13594
13610.2
13619.1
13636.4
13652.4
13661.3
13668.9
13680.6
13693.2
13702
13709.2
13713.7
13718.8
13724.4
13729
13731.5
13733.5
13734.9
13735.7
13735.8
13735.7
13735.5
13735.1
13734.2
13732.9
13730.8
13728
13725.9
13724.1
13722.1
13719.8
13716.5
13713.9
13711.5
13709
13706.1
13702.5
13699.5
13697.5
13694.1
13692.3
13689.1
13687.4
13683.3
13680.2
13678
13675.5
13673.1
13670.8
13667.6
13664.8
13663.3
13661.2
13658.9
13656.9
13655.2
13653.5
13651.2
13649
13646.2
13643.7
13641.4
13639.8
13638.1
13636.5
13634.4
13632.8
13631
13629.7
13627.3
13625.1
13623.5
13622.4
13620.3
13618.6
13617.5
13615.9
13615.1
13612.3
13612.1
13609
13608.7
13608.9
13607.4
13606.3
13604
13603.4
13601
13600.9
13599.2
13598.7
13598.6
13350.1
13351.1
13354.6
13367
13392.8
13448.1
13470.4
13491.3
13520.1
13530.9
13537.2
13547.9
13569.2
13593.3
13606
13620.9
13642
13651.3
13656.4
13666
13679.7
13691.6
13700.5
13705.8
13711.5
13718.2
13724
13727.9
13730.9
13732.9
13734.6
13735.5
13735.8
13735.8
13736
13735.4
13734.6
13733.3
13731.2
13728.9
13726.7
13724.6
13722.4
13719.5
13716.7
13713.9
13711.2
13708.7
13705.4
13702.3
13699.7
13696.9
13694.5
13692.1
13690.6
13687.6
13684.7
13682.1
13679.4
13676.8
13674.1
13671.6
13669
13666
13664.6
13662
13659.2
13658.5
13657.4
13654.9
13652.2
13650
13648.1
13644.3
13642.6
13640.9
13639.5
13637.4
13636.1
13634
13632
13629.6
13627.5
13626.1
13624.8
13622.6
13620.8
13618.8
13618.5
13616.2
13616
13613.3
13613.7
13611.3
13609.5
13606.9
13607
13605.7
13605.2
13603.8
13602.5
13601.4
13600
13599.5
13350
13350.7
13352.2
13356.8
13370
13403.3
13444.5
13468.7
13508.6
13522.2
13525.1
13532.9
13549.5
13573.7
13593.2
13605.1
13626.3
13643
13647.4
13654.1
13667
13680.5
13690.9
13696.8
13702.8
13710.2
13717.1
13722.1
13726.3
13729.1
13731.7
13733.9
13735.2
13735.8
13736.2
13735.9
13735.5
13734.9
13734
13732.6
13730.8
13729
13727.1
13724.8
13722.2
13719.4
13716.6
13713.7
13710.7
13707.7
13704.9
13702.1
13699.1
13695.7
13693
13690.6
13688.1
13685.3
13682.6
13679.8
13676.8
13674.5
13672.1
13668.8
13666.6
13664.6
13662.4
13659.7
13658.5
13657
13654.8
13652.5
13650.7
13648.8
13646.1
13643.8
13642.8
13641.3
13638.7
13636.6
13635.5
13633.8
13631.9
13629
13627.5
13626
13624.3
13621.5
13620.6
13619.1
13618.2
13615.5
13615.6
13614.5
13612.5
13610.2
13608.7
13607.6
13606.9
13605.7
13604.4
13602.8
13601.6
13600.3
13350
13350.5
13351.5
13353.4
13358.7
13374.3
13410.7
13440.1
13472.3
13510.4
13514.5
13520.8
13534.7
13557.8
13578.5
13590.6
13605.1
13630.7
13639.4
13644.5
13655.6
13670.6
13681.8
13688
13693.7
13701.4
13709.2
13715.5
13720.8
13724
13727.2
13730.4
13732.8
13734.5
13735.3
13735.5
13735.4
13735.2
13734.6
13733.4
13731.7
13729.9
13728
13726
13723.5
13720.5
13717.8
13715.7
13713.3
13710.3
13707.7
13705.1
13702.7
13700.8
13698.3
13695.9
13693.4
13690.7
13688
13685.4
13682.6
13680.1
13677.7
13674.7
13672
13670
13667.8
13665
13662.6
13661.1
13658.8
13656.6
13654
13652.2
13649.9
13647.2
13645.1
13643.4
13641.3
13639
13637.4
13636
13634.4
13631.8
13629.6
13628
13626.6
13624.3
13622.3
13620.8
13619.6
13617.7
13616.3
13615.8
13615.1
13613.9
13612.3
13610.6
13609.3
13608
13606.7
13605.2
13603.7
13602.4
13350
13350.4
13351.1
13352.3
13354.4
13360.7
13379.2
13410.7
13435.3
13483
13504.8
13511.5
13523.2
13545.2
13562.9
13574.8
13586.7
13610.7
13628.6
13635.5
13644.5
13661.2
13673.5
13679.6
13684.2
13692
13701.3
13709
13714.9
13718.5
13722.1
13726
13728.9
13730.8
13732.5
13733.6
13734.4
13735
13734.9
13734.4
13733.4
13732.2
13730.7
13729
13726.9
13724.5
13721.9
13719.4
13716.9
13714.5
13711.8
13709.2
13706.3
13703.3
13700.5
13697.8
13695.2
13692.4
13689.8
13687.2
13684.4
13681.9
13679.7
13677
13673.6
13671.5
13669.5
13666.9
13664.8
13663.1
13661.6
13659.7
13658.4
13656.9
13655.1
13652.8
13650.4
13648.3
13646.3
13643.9
13642
13640.4
13638.4
13636.6
13634.6
13632.6
13631.1
13629.2
13626.7
13625.1
13623.5
13621.4
13619.6
13617.9
13616.9
13615.9
13614.6
13613
13611.4
13610.1
13608.8
13607.5
13606.1
13604.7
13349.9
13350.3
13350.8
13351.7
13353
13355.5
13362.8
13382.2
13405.9
13436.2
13486.2
13501.3
13511.4
13532.1
13549.4
13559.8
13569
13588
13612.3
13625.2
13633.5
13646.6
13666
13672.7
13675.5
13682.3
13693.1
13702.2
13708.6
13712.9
13717
13721.1
13724.9
13727.4
13729.7
13731.5
13732.2
13733.3
13734.4
13734.3
13734
13733.3
13732.4
13731.3
13729.7
13727.8
13725.4
13722.9
13720.6
13718.2
13715.7
13713.1
13710.4
13707.6
13704.9
13702.2
13699.6
13696.9
13694.3
13691.7
13689
13686.4
13684.1
13681.8
13678.6
13675.9
13674
13671.7
13668.7
13666.8
13665.2
13663
13660.7
13658.9
13657
13654.7
13652.2
13650
13648.2
13645.9
13643.1
13641.4
13640.5
13638.4
13635.9
13633.9
13632.4
13630.7
13629.2
13627.1
13625.6
13624.3
13622.9
13621.7
13620.7
13619.3
13618.1
13616.7
13614.9
13613.8
13612.5
13611
13609.7
13608.2
13349.9
13350.2
13350.6
13351.4
13352.3
13353.7
13356.5
13364.7
13381.1
13403.4
13446.1
13483.7
13496.7
13515
13537.5
13548
13553.7
13565.9
13594.5
13611.8
13621.7
13629.9
13650.2
13666.7
13668.7
13673.7
13684.2
13694.9
13701.8
13706.7
13711.1
13715.9
13720.1
13723.2
13726.1
13728.1
13729.8
13731.1
13732.2
13733.1
13733.5
13733.4
13733
13732.3
13731.3
13729.9
13728.1
13726
13723.8
13721.6
13719.4
13717
13714.5
13711.9
13709.2
13706.7
13704.1
13701.4
13698.8
13696.2
13693.5
13690.9
13688.5
13686.1
13683.3
13680.5
13678.3
13676
13673.2
13670.6
13668.8
13666.8
13664.5
13662.4
13660.6
13658.6
13656.3
13654.1
13652.2
13650.1
13647.5
13645.3
13643.8
13642
13639.8
13637.8
13636
13634.5
13632.7
13630.7
13629
13627.5
13625.8
13623.7
13622
13620.9
13619.4
13617.9
13616.6
13615
13613.9
13613
13611.6
13610.4
13349.9
13350.1
13350.5
13351
13351.9
13352.9
13354.3
13357.5
13365.2
13380.1
13406.8
13449.4
13477.6
13494.8
13519.4
13537.4
13543.3
13549.5
13570.6
13595
13609
13616.9
13628.9
13654.9
13662.1
13666.3
13674.7
13687.1
13695.7
13700
13704
13709.4
13715
13719.2
13722.6
13724.6
13726.5
13728.5
13729.9
13730.6
13731.5
13732.4
13732.5
13732.3
13731.8
13730.9
13729.7
13728.2
13726.4
13724.5
13722.5
13720.4
13718.2
13715.8
13713.4
13710.9
13708.4
13705.8
13703.2
13700.6
13698
13695.4
13692.9
13690.5
13687.9
13685.2
13682.7
13680.4
13677.8
13675.1
13673
13670.8
13668.6
13666.4
13664.4
13662.4
13660.3
13658.1
13656.1
13654.1
13651.8
13649.5
13647.5
13645.7
13643.6
13641.5
13639.6
13638
13636.2
13634.3
13632.5
13630.9
13629.2
13627.3
13625.4
13623.9
13622.4
13620.9
13619.5
13618
13616.7
13615.6
13614.3
13613
13349.9
13350.1
13350.3
13350.8
13351.5
13352.3
13353.4
13354.9
13358.1
13365.4
13381.1
13409.9
13447.1
13472.7
13491.3
13523.9
13534.9
13537.4
13546.8
13576.1
13595.8
13602.7
13612
13633.9
13651.1
13659.1
13665.8
13676.8
13688.8
13693.6
13697
13701.9
13709.1
13715.1
13719.1
13721.4
13723.3
13725.4
13727.3
13728.7
13729.5
13730.4
13730.9
13731.4
13731.4
13731
13730.3
13729.3
13728
13726.6
13725
13723.2
13721.3
13719.2
13717
13714.7
13712.4
13709.9
13707.4
13704.9
13702.3
13699.7
13697.2
13694.8
13692.3
13689.7
13687.2
13684.8
13682.3
13679.7
13677.2
13675.1
13672.8
13670.6
13668.5
13666.4
13664.3
13662.1
13660.1
13658.1
13655.9
13653.7
13651.5
13649.6
13647.6
13645.5
13643.5
13641.6
13639.9
13638
13636.2
13634.5
13632.8
13631
13629.2
13627.4
13625.9
13624.3
13622.8
13621.3
13619.8
13618.5
13617.2
13615.9
13349.9
13350
13350.2
13350.6
13351.1
13351.9
13352.8
13353.9
13355.5
13358.5
13365.9
13382.2
13410.3
13443.1
13464.6
13496.5
13520.2
13529.2
13535.6
13554.3
13579.6
13589.1
13596.8
13612.4
13635.7
13650
13656.3
13663.9
13677.2
13686.7
13690.5
13695
13702
13709.9
13715.1
13718.2
13720.3
13722.4
13724.4
13726.1
13727.7
13728.9
13729.8
13730
13730.4
13730.4
13730.2
13729.6
13728.8
13727.7
13726.6
13725.2
13723.7
13721.9
13720
13718
13715.8
13713.6
13711.2
13708.8
13706.3
13703.8
13701.3
13698.9
13696.4
13693.9
13691.4
13689
13686.6
13684.1
13681.6
13679.2
13677
13674.8
13672.6
13670.5
13668.3
13666.2
13664.1
13662
13659.9
13657.8
13655.7
13653.6
13651.6
13649.5
13647.5
13645.6
13643.7
13641.9
13640
13638.2
13636.5
13634.8
13633
13631.2
13629.5
13627.9
13626.3
13624.7
13623.2
13621.7
13620.3
13619
13349.9
13350
13350.1
13350.4
13350.9
13351.5
13352.2
13353.2
13354.3
13355.9
13358.9
13366.4
13382.4
13407.5
13437.8
13458.1
13493.1
13521.1
13525.7
13534.4
13557.2
13576.6
13583.6
13593.8
13620.4
13638.3
13644.3
13650.1
13661.9
13675.8
13682.7
13688.3
13694.4
13702.8
13709.9
13714.5
13717
13719.1
13721.5
13723.5
13725.4
13727
13728.1
13729
13729
13729.3
13729.4
13729.2
13728.8
13728.2
13727.4
13726.4
13725.2
13723.9
13722.3
13720.6
13718.7
13716.8
13714.6
13712.4
13710
13707.6
13705.1
13702.7
13700.2
13697.7
13695.3
13692.9
13690.5
13688
13685.6
13683.2
13681
13678.8
13676.6
13674.4
13672.3
13670.1
13668
13666
13663.9
13661.8
13659.7
13657.6
13655.6
13653.6
13651.5
13649.6
13647.7
13645.8
13643.9
13642.1
13640.3
13638.6
13636.8
13635
13633.3
13631.6
13629.9
13628.3
13626.7
13625.2
13623.7
13622.3
13349.9
13350
13350.1
13350.3
13350.7
13351.1
13351.8
13352.6
13353.6
13354.7
13356.2
13359.2
13366.5
13380.6
13405.2
13428.6
13458.6
13498.6
13513
13520.5
13535.9
13559.3
13570.8
13578.6
13597.1
13623.2
13632.3
13636.9
13646.2
13661.8
13673.1
13681.3
13687.1
13694
13702.4
13709.3
13712.9
13715.3
13717.9
13720.9
13723.3
13725.1
13726.3
13727.2
13727.8
13727.8
13727.9
13728.2
13728.3
13728.1
13727.6
13727
13726.1
13725.1
13723.9
13722.5
13720.9
13719.3
13717.5
13715.6
13713.5
13711.3
13708.9
13706.5
13704
13701.5
13699
13696.6
13694.2
13691.8
13689.4
13687
13684.7
13682.5
13680.3
13678.1
13676
13673.8
13671.7
13669.6
13667.6
13665.5
13663.5
13661.4
13659.4
13657.4
13655.4
13653.5
13651.5
13649.6
13647.8
13645.9
13644.1
13642.3
13640.6
13638.8
13637
13635.3
13633.7
13632
13630.4
13628.8
13627.2
13625.7
13349.9
13349.9
13350
13350.2
13350.5
13350.9
13351.4
13352.1
13353
13353.9
13355
13356.5
13359.5
13365.9
13379.1
13400.4
13424.5
13457.2
13494.3
13506.5
13518.5
13541
13557.2
13565.5
13574.4
13596.1
13618.1
13625.2
13631.8
13646
13662.5
13673.6
13679.2
13684.6
13692.7
13701.5
13707.2
13710.5
13713.5
13717.3
13720.8
13723.2
13724.5
13725.4
13726
13726.3
13726.6
13726.9
13727.3
13727.5
13727.4
13727
13726.5
13725.7
13724.8
13723.7
13722.5
13721.2
13719.7
13718.2
13716.5
13714.6
13712.5
13710.2
13707.9
13705.4
13702.9
13700.4
13698
13695.6
13693.2
13690.8
13688.5
13686.2
13683.9
13681.7
13679.5
13677.4
13675.2
13673.1
13671.1
13669
13667
13665
13663
13661
13659
13657.1
13655.2
13653.3
13651.4
13649.5
13647.7
13646
13644.2
13642.4
13640.7
13639
13637.3
13635.7
13634
13632.4
13630.8
13629.3
13349.9
13349.9
13350
13350.1
13350.4
13350.7
13351.1
13351.7
13352.4
13353.2
13354.2
13355.3
13356.8
13359.5
13365.3
13377.3
13396.8
13419.4
13458.3
13487
13499.4
13520.3
13542.3
13552.4
13558.9
13569.2
13593.6
13612.4
13618.6
13629.1
13647.1
13666
13671.6
13674.6
13681.3
13691.2
13699.3
13704.3
13708.3
13712.3
13716.9
13720.5
13722.6
13723.6
13724.1
13724.5
13725.2
13725.9
13726.7
13726.7
13726.8
13726.7
13726.4
13725.9
13725.2
13724.5
13723.6
13722.5
13721.4
13720.1
13718.7
13717.3
13715.6
13713.7
13711.6
13709.3
13706.8
13704.4
13701.9
13699.5
13697.1
13694.6
13692.3
13690
13687.7
13685.4
13683.2
13681
13678.8
13676.7
13674.6
13672.5
13670.5
13668.5
13666.5
13664.5
13662.5
13660.6
13658.6
13656.7
13654.9
13653
13651.2
13649.4
13647.6
13645.9
13644.1
13642.4
13640.8
13639.1
13637.5
13635.9
13634.3
13632.8
13349.9
13349.9
13350
13350.1
13350.2
13350.5
13350.9
13351.3
13351.9
13352.7
13353.5
13354.4
13355.5
13357
13359.4
13364.6
13375.6
13392.5
13417.5
13453.9
13476.8
13493.3
13521.2
13539.4
13546.5
13551.8
13566.1
13592.5
13605.7
13614.1
13627.8
13648.4
13665
13666.5
13670.5
13679.5
13689.6
13696.6
13702.1
13706.4
13711.2
13716.1
13719.7
13721.4
13722.1
13722.8
13723.6
13724.6
13725.7
13726.3
13726.1
13726.1
13725.9
13725.7
13725.2
13724.7
13724.1
13723.4
13722.5
13721.5
13720.4
13719.1
13717.8
13716.3
13714.7
13712.8
13710.6
13708.3
13705.9
13703.5
13701.1
13698.6
13696.2
13693.9
13691.5
13689.3
13687
13684.8
13682.5
13680.4
13678.2
13676.1
13674
13672
13670
13668
13666
13664.1
13662.1
13660.2
13658.3
13656.5
13654.6
13652.8
13651
13649.2
13647.5
13645.8
13644.1
13642.4
13640.8
13639.2
13637.6
13636.1
13349.9
13349.9
13350
13350
13350.2
13350.4
13350.7
13351.1
13351.5
13352.2
13352.9
13353.7
13354.7
13355.8
13357.1
13359.3
13364
13373.5
13388.8
13414.1
13445.2
13466.6
13488.7
13520.9
13536
13537.7
13546.2
13567
13589
13600.8
13611.2
13623.2
13648.5
13659.7
13661.7
13667.6
13678.5
13687.9
13694.4
13699.3
13704
13709.7
13715
13718.1
13719.7
13721
13722.1
13723.2
13724.4
13725.3
13725.4
13725.2
13725.1
13725
13724.8
13724.6
13724.3
13723.8
13723.2
13722.5
13721.5
13720.5
13719.4
13718.2
13716.9
13715.5
13713.8
13711.9
13709.8
13707.5
13705.2
13702.7
13700.4
13697.9
13695.5
13693.2
13690.9
13688.6
13686.4
13684.2
13682
13679.8
13677.7
13675.7
13673.6
13671.6
13669.6
13667.6
13665.7
13663.8
13661.9
13660
13658.1
13656.3
13654.5
13652.7
13650.9
13649.2
13647.5
13645.8
13644.1
13642.5
13640.9
13639.3
13349.9
13349.9
13349.9
13350
13350.1
13350.3
13350.5
13350.8
13351.2
13351.7
13352.4
13353.1
13354
13354.9
13356
13357.2
13359.2
13363.3
13371.2
13385.3
13408.6
13435.7
13456.3
13485.8
13516.8
13526.5
13533
13546.1
13571
13586.7
13594.8
13603.7
13619.8
13646
13652.4
13656.3
13665.3
13677.5
13686.3
13691.9
13695.9
13701.3
13707.9
13712.9
13716.2
13718.8
13720.2
13721.5
13722.8
13723.7
13724.1
13724.2
13724
13724
13724
13724.2
13724.2
13724
13723.6
13723
13722.3
13721.4
13720.5
13719.5
13718.4
13717.3
13716
13714.6
13713
13711.1
13709.1
13706.8
13704.5
13702.1
13699.7
13697.3
13695
13692.7
13690.4
13688.1
13685.9
13683.7
13681.6
13679.4
13677.4
13675.3
13673.3
13671.3
13669.3
13667.4
13665.5
13663.6
13661.7
13659.9
13658
13656.2
13654.4
13652.7
13650.9
13649.2
13647.6
13645.9
13644.3
13642.7
13349.9
13349.9
13349.9
13350
13350.1
13350.2
13350.4
13350.6
13351
13351.4
13351.9
13352.5
13353.3
13354.1
13355.1
13356.1
13357.3
13359.1
13362.5
13369.1
13382
13401.6
13426.3
13446.8
13477.6
13509.9
13521.5
13530.7
13550
13569.3
13579.4
13587.5
13597.8
13619.3
13639.3
13644.6
13651.5
13662.7
13678
13685.5
13687.8
13691.4
13698.2
13705.6
13711
13714.9
13717.1
13718.8
13720.6
13721.8
13722.4
13722.6
13722.9
13723.1
13723.3
13723.6
13723.9
13723.9
13723.7
13723.3
13722.7
13722
13721.2
13720.3
13719.4
13718.5
13717.5
13716.4
13715.2
13713.8
13712.2
13710.4
13708.5
13706.3
13704
13701.6
13699.2
13696.9
13694.5
13692.2
13690
13687.7
13685.5
13683.4
13681.2
13679.2
13677.1
13675.1
13673.1
13671.1
13669.2
13667.3
13665.4
13663.5
13661.7
13659.9
13658.1
13656.3
13654.5
13652.8
13651.1
13649.4
13647.8
13646.2
13349.9
13349.9
13349.9
13350
13350
13350.1
13350.3
13350.5
13350.7
13351.1
13351.5
13352.1
13352.7
13353.5
13354.3
13355.2
13356.2
13357.4
13359
13361.8
13367.5
13378.1
13395.2
13416.2
13439
13473.7
13502
13514.8
13526.1
13547.7
13564.1
13572.9
13580.4
13592.9
13615.8
13629.9
13638.2
13647
13661.6
13679.1
13681.5
13682.9
13687.8
13696.1
13704.1
13709.3
13712.6
13714.9
13717.1
13719.2
13720.3
13720.9
13721.3
13721.9
13722.4
13723.1
13723.3
13723.4
13723.4
13723.2
13722.8
13722.2
13721.6
13720.9
13720.1
13719.4
13718.5
13717.6
13716.6
13715.6
13714.4
13713.1
13711.6
13709.9
13707.9
13705.8
13703.6
13701.3
13698.9
13696.6
13694.2
13691.9
13689.7
13687.5
13685.3
13683.2
13681.1
13679
13677
13675
13673
13671.1
13669.2
13667.3
13665.5
13663.6
13661.8
13660
13658.2
13656.5
13654.8
13653.1
13651.4
13649.7
13349.9
13349.9
13349.9
13349.9
13350
13350.1
13350.2
13350.3
13350.6
13350.9
13351.2
13351.7
13352.2
13352.9
13353.6
13354.4
13355.3
13356.3
13357.4
13358.8
13361.2
13365.9
13374.5
13388.7
13408.3
13433.5
13465.1
13491.6
13505
13522.5
13545.8
13558.5
13564.1
13571.6
13587.7
13611.3
13623.1
13631.3
13640.5
13660.2
13674.5
13676.1
13678.9
13685.3
13695.4
13703
13707.4
13709.7
13712.1
13715.1
13717.5
13718.7
13719.6
13720.5
13721.2
13721.9
13722.6
13722.8
13722.7
13722.7
13722.5
13722.1
13721.6
13721.1
13720.5
13719.9
13719.2
13718.5
13717.7
13716.8
13715.8
13714.8
13713.7
13712.5
13711
13709.4
13707.5
13705.5
13703.3
13701
13698.7
13696.4
13694.1
13691.8
13689.5
13687.3
13685.2
13683.1
13681
13679
13677
13675
13673.1
13671.2
13669.3
13667.5
13665.6
13663.8
13662
13660.3
13658.5
13656.8
13655.1
13653.5
13349.9
13349.9
13349.9
13349.9
13350
13350
13350.1
13350.2
13350.4
13350.7
13351
13351.3
13351.8
13352.3
13353
13353.7
13354.5
13355.4
13356.4
13357.4
13358.7
13360.7
13364.4
13371.3
13383.3
13401.5
13425.6
13453.8
13479.6
13494.8
13518.9
13542.1
13550.5
13554.7
13564.9
13586.7
13604.1
13615.4
13624.2
13634.7
13655.7
13667.8
13670.9
13675.6
13683.7
13694.4
13702.3
13704.3
13706.1
13709.3
13713.2
13715.9
13717.5
13718.9
13719.9
13720.6
13721.2
13721.8
13722
13721.8
13721.7
13721.6
13721.3
13721
13720.6
13720.2
13719.7
13719.1
13718.4
13717.6
13716.8
13716
13715.1
13714.1
13713.1
13711.9
13710.5
13709
13707.2
13705.2
13703.1
13700.9
13698.6
13696.3
13694
13691.8
13689.5
13687.4
13685.2
13683.1
13681.1
13679.1
13677.1
13675.2
13673.3
13671.4
13669.6
13667.7
13665.9
13664.2
13662.4
13660.7
13659
13657.3
13349.9
13349.9
13349.9
13349.9
13349.9
13350
13350.1
13350.2
13350.3
13350.5
13350.7
13351.1
13351.4
13351.9
13352.4
13353.1
13353.8
13354.6
13355.4
13356.4
13357.4
13358.6
13360.3
13363.2
13368.7
13378.5
13394.8
13415.3
13442.3
13466.4
13484.7
13512.1
13535.2
13541.9
13548
13561
13583.5
13599.9
13607.8
13615.2
13629.5
13650.5
13660.1
13666.2
13671.5
13680.5
13693
13699.2
13700.6
13703
13707.1
13711.6
13714.8
13717
13718.3
13719
13719.6
13720.2
13720.6
13720.9
13720.8
13720.8
13720.7
13720.6
13720.4
13720.2
13719.8
13719.4
13718.8
13718.2
13717.6
13716.8
13716.1
13715.3
13714.4
13713.5
13712.5
13711.4
13710.1
13708.6
13707
13705.1
13703.1
13701
13698.7
13696.5
13694.2
13691.9
13689.7
13687.5
13685.4
13683.3
13681.3
13679.3
13677.4
13675.5
13673.6
13671.8
13669.9
13668.2
13666.4
13664.7
13662.9
13661.2
13349.9
13349.9
13349.9
13349.9
13349.9
13350
13350
13350.1
13350.2
13350.4
13350.6
13350.8
13351.1
13351.5
13352
13352.5
13353.1
13353.8
13354.6
13355.5
13356.4
13357.4
13358.5
13359.9
13362.2
13366.4
13374.4
13387.8
13405.1
13430.7
13452.3
13473.4
13502.9
13525.5
13535
13543.7
13560.7
13579.1
13592.2
13599.2
13608.2
13624.7
13643.5
13654.2
13659.7
13665.4
13676
13689.3
13694.8
13697.2
13700.5
13705.2
13710.6
13714.3
13716.3
13717.1
13717.7
13718.3
13718.8
13719.3
13719.8
13720.1
13720.1
13720
13719.9
13719.8
13719.6
13719.3
13719
13718.5
13718
13717.4
13716.8
13716.1
13715.3
13714.6
13713.8
13712.9
13711.9
13710.9
13709.7
13708.4
13706.8
13705.1
13703.2
13701.1
13699
13696.7
13694.5
13692.2
13690
13687.8
13685.7
13683.6
13681.6
13679.7
13677.8
13675.9
13674.1
13672.3
13670.5
13668.7
13667
13665.3
13349.9
13349.9
13349.9
13349.9
13349.9
13349.9
13350
13350
13350.1
13350.3
13350.4
13350.6
13350.9
13351.2
13351.6
13352.1
13352.6
13353.2
13353.9
13354.6
13355.5
13356.4
13357.3
13358.3
13359.6
13361.4
13364.7
13370.9
13381
13396.6
13418.2
13439.1
13461.6
13492.1
13516.1
13527.9
13537.7
13552.8
13580.4
13584.9
13588.6
13599
13617.9
13635.3
13645.8
13652.4
13659.1
13671.3
13684.5
13690.9
13693.4
13697.3
13703.2
13709.2
13713
13714.5
13715.2
13715.9
13716.7
13717.5
13718.3
13718.9
13719.1
13719.1
13719.2
13719.1
13719
13719
13718.8
13718.6
13718.2
13717.7
13717.2
13716.6
13716
13715.4
13714.7
13714
13713.2
13712.4
13711.5
13710.5
13709.4
13708.1
13706.7
13705.1
13703.4
13701.4
13699.3
13697.1
13694.9
13692.7
13690.5
13688.3
13686.2
13684.2
13682.2
13680.2
13678.3
13676.5
13674.7
13672.9
13671.1
13669.4
13349.9
13349.9
13349.9
13349.9
13349.9
13349.9
13350
13350
13350.1
13350.2
13350.3
13350.5
13350.7
13351
13351.3
13351.7
13352.1
13352.6
13353.2
13353.9
13354.6
13355.4
13356.3
13357.2
13358.2
13359.3
13360.9
13363.4
13367.9
13375.7
13388.9
13406.2
13426.6
13451.2
13480.8
13502.9
13517
13529.4
13554.1
13568.7
13574.3
13580.7
13592.2
13609.2
13630.6
13639.6
13644
13652
13665.6
13680
13685.3
13688.8
13693.5
13700.2
13706.7
13710.4
13711.7
13712.7
13713.9
13715.5
13716.7
13717.4
13717.7
13717.8
13718
13718.1
13718.4
13718.4
13718.4
13718.3
13718.1
13717.7
13717.3
13716.9
13716.4
13716
13715.4
13714.9
13714.2
13713.5
13712.7
13711.9
13711
13710.1
13709
13707.9
13706.7
13705.2
13703.6
13701.7
13699.7
13697.6
13695.5
13693.3
13691.1
13689
13686.9
13684.8
13682.8
13680.9
13679
13677.2
13675.4
13673.6
13349.9
13349.9
13349.9
13349.9
13349.9
13349.9
13349.9
13350
13350
13350.1
13350.2
13350.4
13350.5
13350.7
13351
13351.3
13351.7
13352.2
13352.7
13353.2
13353.9
13354.6
13355.4
13356.2
13357.1
13358.1
13359.1
13360.4
13362.3
13365.6
13371.7
13381.7
13395.8
13415.1
13439.9
13465.9
13487.8
13506
13515.8
13542.3
13560.5
13565.4
13573
13585.3
13604.5
13623
13632
13637.2
13646
13660.8
13673.3
13679.1
13683.7
13689.2
13696.5
13703.2
13706.4
13708.2
13710.2
13712.5
13714.7
13715.6
13715.9
13716.1
13716.4
13716.8
13717.2
13717.6
13717.6
13717.5
13717.5
13717.3
13717.1
13716.8
13716.6
13716.3
13715.9
13715.5
13715
13714.4
13713.7
13713
13712.2
13711.4
13710.5
13709.7
13708.7
13707.7
13706.6
13705.3
13703.8
13702.1
13700.3
13698.3
13696.2
13694
13691.9
13689.8
13687.7
13685.7
13683.7
13681.8
13679.9
13678.1
13349.9
13349.9
13349.9
13349.9
13349.9
13349.9
13349.9
13350
13350
13350.1
13350.1
13350.3
13350.4
13350.6
13350.8
13351.1
13351.4
13351.8
13352.2
13352.7
13353.2
13353.9
13354.6
13355.3
13356.1
13357
13357.9
13358.9
13360
13361.5
13364
13368.4
13375.7
13387
13404.1
13426.4
13449.2
13473.6
13487.5
13508.1
13534.6
13547.1
13555.4
13566.4
13577.5
13595.5
13615.8
13626
13630.8
13639.2
13654.9
13666.9
13672.7
13676.9
13683.3
13692.1
13698.2
13701.8
13704.7
13707.6
13711
13713.4
13714
13714.3
13714.6
13715
13715.5
13716.1
13716.5
13716.7
13716.6
13716.5
13716.5
13716.5
13716.4
13716.3
13716.1
13715.8
13715.4
13714.9
13714.4
13713.8
13713.1
13712.4
13711.7
13710.9
13710.1
13709.3
13708.5
13707.6
13706.5
13705.4
13704
13702.5
13700.8
13699
13697
13695
13692.9
13690.8
13688.8
13686.7
13684.7
13682.8
13349.9
13349.9
13349.9
13349.9
13349.9
13349.9
13349.9
13349.9
13350
13350
13350.1
13350.2
13350.3
13350.4
13350.6
13350.8
13351.1
13351.4
13351.8
13352.2
13352.7
13353.2
13353.8
13354.5
13355.2
13356
13356.8
13357.7
13358.7
13359.7
13360.9
13362.8
13365.9
13371.1
13379.8
13393.7
13412.2
13433.9
13455.2
13472.8
13496.3
13522.8
13535.5
13546.3
13559.1
13570.7
13586.9
13607
13616.1
13622
13633
13649.6
13660.7
13663.7
13668
13677.2
13687.7
13693.3
13697
13700.4
13704.5
13709
13711.5
13712.1
13712.5
13712.9
13713.6
13714.4
13715.1
13715.5
13715.7
13715.8
13715.8
13715.8
13715.9
13716.1
13716
13715.9
13715.6
13715.2
13714.8
13714.2
13713.7
13713.1
13712.5
13711.9
13711.2
13710.5
13709.8
13709
13708.2
13707.4
13706.5
13705.4
13704.3
13702.9
13701.4
13699.7
13697.9
13696
13694
13692
13690
13687.9
13349.9
13349.9
13349.9
13349.9
13349.9
13349.9
13349.9
13349.9
13350
13350
13350
13350.1
13350.2
13350.3
13350.5
13350.6
13350.9
13351.1
13351.4
13351.8
13352.2
13352.7
13353.2
13353.8
13354.4
13355.1
13355.9
13356.7
13357.5
13358.4
13359.4
13360.5
13361.9
13364.1
13367.7
13374.2
13384.7
13399.5
13418.6
13437.9
13457.5
13485.8
13508.8
13521
13535.1
13552.5
13561.8
13576.8
13596.6
13605.4
13611.8
13624.2
13642.6
13651.2
13653.8
13660.3
13672.8
13682.4
13687.8
13691.9
13696.1
13701.3
13706.5
13708.8
13709.8
13710.6
13711.6
13712.7
13713.6
13714.2
13714.5
13714.7
13714.8
13715
13715.3
13715.5
13715.6
13715.6
13715.4
13715.2
13714.8
13714.4
13714
13713.5
13713.1
13712.5
13712
13711.4
13710.7
13710.1
13709.4
13708.7
13708
13707.2
13706.4
13705.5
13704.5
13703.3
13702
13700.5
13698.8
13697.1
13695.2
13693.3
13349.9
13349.9
13349.9
13349.9
13349.9
13349.9
13349.9
13349.9
13349.9
13350
13350
13350.1
13350.1
13350.2
13350.3
13350.5
13350.7
13350.9
13351.1
13351.4
13351.8
13352.2
13352.6
13353.1
13353.7
13354.3
13355
13355.7
13356.5
13357.3
13358.2
13359.1
13360.1
13361.3
13362.9
13365.4
13369.9
13377.3
13388.7
13404.5
13421.9
13442.9
13471.3
13490.9
13504.2
13525.1
13542.2
13549.8
13568.1
13585.8
13593.4
13599.6
13613.3
13631.4
13639.6
13644.8
13654.4
13668.6
13677.7
13682.6
13686
13690.8
13697.4
13702.4
13705.2
13707.2
13708.6
13710.2
13711.8
13712.7
13713
13713.2
13713.4
13713.7
13714.2
13714.7
13714.9
13714.9
13714.8
13714.7
13714.5
13714.3
13714
13713.7
13713.3
13712.9
13712.5
13712
13711.5
13710.9
13710.3
13709.8
13709.1
13708.5
13707.8
13707.1
13706.4
13705.6
13704.7
13703.6
13702.5
13701.2
13699.7
13698.1
13349.9
13349.9
13349.9
13349.9
13349.9
13349.9
13349.9
13349.9
13349.9
13349.9
13350
13350
13350.1
13350.1
13350.2
13350.4
13350.5
13350.7
13350.9
13351.1
13351.4
13351.8
13352.2
13352.6
13353.1
13353.6
13354.2
13354.8
13355.5
13356.3
13357.1
13357.9
13358.8
13359.7
13360.7
13362
13363.8
13366.9
13371.9
13380.2
13392.5
13407.1
13427.8
13453.6
13470.5
13486.8
13514.1
13526.8
13536.5
13558.8
13574.4
13581.3
13587.2
13603.5
13622.3
13628.6
13635
13647.3
13664.8
13672.8
13674.6
13677.9
13684.7
13692.2
13697.5
13701.3
13703.6
13705.8
13708.3
13710.3
13711.1
13711.5
13711.9
13712.3
13712.8
13713.4
13713.8
13714
13714
13713.9
13713.8
13713.8
13713.7
13713.6
13713.3
13713
13712.7
13712.3
13711.9
13711.4
13711
13710.5
13710
13709.5
13708.9
13708.4
13707.7
13707.1
13706.4
13705.6
13704.8
13703.9
13702.9
13701.8
13349.9
13349.9
13349.9
13349.9
13349.9
13349.9
13349.9
13349.9
13349.9
13349.9
13350
13350
13350
13350.1
13350.2
13350.3
13350.4
13350.5
13350.7
13350.9
13351.1
13351.4
13351.7
13352.1
13352.5
13353
13353.5
13354.1
13354.7
13355.3
13356.1
13356.8
13357.6
13358.5
13359.4
13360.3
13361.4
13362.7
13364.8
13368.1
13373.9
13382.5
13394.2
13413
13434.1
13449
13470.1
13498.6
13508.5
13522.5
13547.2
13564.4
13568
13577.6
13596.5
13609
13616.1
13624.7
13640.2
13657.4
13663.2
13665.3
13670.4
13679.2
13687.1
13692.7
13696.2
13699.1
13702.6
13706
13708.2
13709.7
13710.4
13710.8
13711.2
13711.8
13712.2
13712.5
13712.7
13712.8
13712.9
13713
13713.1
13713
13713
13712.9
13712.6
13712.3
13712
13711.7
13711.3
13711
13710.6
13710.2
13709.8
13709.3
13708.8
13708.2
13707.7
13707
13706.4
13705.7
13704.9
13704.1
13349.9
13349.9
13349.9
13349.9
13349.9
13349.9
13349.9
13349.9
13349.9
13349.9
13349.9
13350
13350
13350
13350.1
13350.2
13350.3
13350.4
13350.5
13350.7
13350.9
13351.1
13351.4
13351.7
13352.1
13352.5
13352.9
13353.4
13353.9
13354.5
13355.1
13355.8
13356.6
13357.3
13358.1
13359
13359.9
13360.8
13361.9
13363.4
13365.7
13369.4
13375.1
13384.1
13398.9
13414.8
13428.8
13453.4
13478.7
13489
13507
13536.6
13550
13555.2
13567.3
13585.8
13597.3
13605
13611.6
13627.2
13645.2
13652
13655.6
13663.3
13674.4
13682.2
13687
13690
13694
13698.9
13703.1
13706.5
13708.1
13708.6
13709.2
13709.7
13710.1
13710.5
13710.8
13711.2
13711.6
13712
13712.3
13712.4
13712.4
13712.2
13712.1
13712
13711.8
13711.6
13711.4
13711.2
13710.9
13710.6
13710.3
13710
13709.6
13709.2
13708.7
13708.2
13707.6
13707
13706.4
13705.7
13349.9
13349.9
13349.9
13349.9
13349.9
13349.9
13349.9
13349.9
13349.9
13349.9
13349.9
13349.9
13350
13350
13350
13350.1
13350.2
13350.3
13350.4
13350.5
13350.7
13350.9
13351.1
13351.4
13351.7
13352
13352.4
13352.8
13353.3
13353.8
13354.3
13354.9
13355.6
13356.3
13357
13357.8
13358.6
13359.5
13360.3
13361.3
13362.4
13364
13366.4
13370.1
13376.6
13386.8
13398.2
13411.8
13435.4
13456.8
13468.5
13489.3
13521.9
13533
13541.9
13560
13576
13583.8
13588.9
13596.7
13614.1
13630.7
13638
13645
13655.8
13668.8
13676.6
13678.6
13682.1
13688.2
13695.6
13701.6
13703.5
13704.5
13705.5
13706.7
13707.5
13708.1
13708.6
13709.2
13709.8
13710.4
13711
13711.4
13711.5
13711.5
13711.3
13711.2
13711
13711
13711
13711
13710.9
13710.8
13710.6
13710.4
13710.1
13709.8
13709.4
13709
13708.6
13708.1
13707.5
13706.9
13349.9
13349.9
13349.9
13349.9
13349.9
13349.9
13349.9
13349.9
13349.9
13349.9
13349.9
13349.9
13349.9
13350
13350
13350.1
13350.1
13350.2
13350.3
13350.4
13350.5
13350.7
13350.9
13351.1
13351.3
13351.6
13351.9
13352.3
13352.7
13353.1
13353.6
13354.2
13354.7
13355.3
13356
13356.7
13357.4
13358.2
13359
13359.9
13360.8
13361.7
13362.9
13364.5
13367
13371.1
13377.5
13385.6
13397.8
13416.8
13435
13446.3
13471.3
13501.5
13514.1
13527.6
13547.6
13561.3
13568.8
13574.8
13584.9
13601.7
13616
13623.8
13631
13643.8
13659.7
13665.5
13668.4
13674.2
13685.5
13696.3
13696.9
13697.4
13698.9
13701.3
13703.8
13705.4
13706.2
13707
13707.7
13708.5
13709.3
13709.9
13710.2
13710.4
13710.4
13710.3
13710.3
13710.2
13710.2
13710.3
13710.5
13710.6
13710.6
13710.5
13710.4
13710.1
13709.9
13709.6
13709.2
13708.8
13708.4
13707.9
13349.9
13349.9
13349.9
13349.9
13349.9
13349.9
13349.9
13349.9
13349.9
13349.9
13349.9
13349.9
13349.9
13350
13350
13350
13350.1
13350.1
13350.2
13350.3
13350.4
13350.5
13350.7
13350.9
13351.1
13351.3
13351.6
13351.9
13352.2
13352.6
13353
13353.5
13354
13354.5
13355.1
13355.7
13356.4
13357.1
13357.8
13358.6
13359.4
13360.2
13361.1
13362.1
13363.3
13364.9
13367.5
13371.3
13377
13386
13400.5
13413.5
13425.6
13450.8
13478.3
13490.7
13506.9
13532.6
13549.7
13554.4
13560
13572.7
13591.3
13600.4
13605.6
13613
13628.3
13646.2
13653.5
13658.9
13668.3
13680.3
13686.7
13689.4
13691.4
13694.3
13698.1
13701.3
13703.1
13704.3
13705.3
13706.3
13707.2
13708
13708.6
13708.9
13709
13709
13709.1
13709.2
13709.4
13709.6
13709.9
13710.1
13710.3
13710.3
13710.3
13710.2
13710
13709.8
13709.5
13709.2
13708.9
13708.6
13349.9
13349.9
13349.9
13349.9
13349.9
13349.9
13349.9
13349.9
13349.9
13349.9
13349.9
13349.9
13349.9
13349.9
13350
13350
13350
13350.1
13350.1
13350.2
13350.3
13350.4
13350.5
13350.7
13350.8
13351
13351.2
13351.5
13351.8
13352.1
13352.5
13352.9
13353.3
13353.8
13354.3
13354.8
13355.4
13356
13356.7
13357.4
13358.2
13358.9
13359.7
13360.6
13361.4
13362.4
13363.6
13365.2
13367.6
13371.2
13377.3
13386.7
13395.8
13407.2
13428.9
13452
13465.8
13487.1
13516.9
13530.6
13536
13544.4
13560.9
13575.8
13584.3
13591.5
13600
13616.7
13632.1
13641.7
13646.5
13653.6
13668.5
13679.1
13681.5
13683.8
13688.1
13693.8
13697.8
13700.3
13702.1
13703.3
13704.4
13705.5
13706.4
13706.9
13707.2
13707.4
13707.6
13707.9
13708.2
13708.5
13709
13709.4
13709.8
13709.8
13709.8
13709.8
13709.8
13709.7
13709.5
13709.4
13709.2
13708.9
13349.9
13349.9
13349.9
13349.9
13349.9
13349.9
13349.9
13349.9
13349.9
13349.9
13349.9
13349.9
13349.9
13349.9
13349.9
13350
13350
13350
13350.1
13350.1
13350.2
13350.3
13350.4
13350.5
13350.6
13350.8
13351
13351.2
13351.4
13351.7
13352
13352.4
13352.7
13353.1
13353.6
13354.1
13354.6
13355.1
13355.7
13356.3
13357
13357.7
13358.5
13359.2
13360
13360.8
13361.7
13362.7
13363.8
13365.3
13367.6
13371.4
13376.7
13383.2
13392.3
13409.3
13427.1
13439.3
13459.7
13489.7
13510.1
13517.2
13526.9
13547.1
13564.5
13574.4
13579.4
13587.5
13603.2
13617.9
13624.3
13628.5
13639.3
13655.9
13665.5
13670.3
13674.8
13681.5
13689
13694.1
13697.5
13699.3
13700.4
13701.8
13703.2
13704.2
13704.9
13705.4
13705.9
13706.2
13706.5
13706.9
13707.5
13708.1
13708.6
13709
13709.1
13709.1
13709.1
13709.1
13709.2
13709.1
13709.1
13708.9
13349.9
13349.9
13349.9
13349.9
13349.9
13349.9
13349.9
13349.9
13349.9
13349.9
13349.9
13349.9
13349.9
13349.9
13349.9
13349.9
13350
13350
13350
13350.1
13350.1
13350.2
13350.3
13350.4
13350.5
13350.6
13350.8
13350.9
13351.1
13351.4
13351.6
13351.9
13352.2
13352.6
13353
13353.4
13353.8
13354.3
13354.8
13355.4
13356
13356.6
13357.3
13358
13358.7
13359.5
13360.2
13361.1
13361.9
13362.8
13363.9
13365.4
13367.6
13370.7
13375
13381.4
13393.1
13404.6
13414.2
13434.3
13462.2
13483.9
13496.2
13509.7
13534.8
13557.8
13557.9
13561.2
13574.2
13591.4
13599.7
13602.6
13608
13620.8
13640.1
13655
13659.1
13664.2
13673.3
13682.8
13688.9
13692.4
13693.6
13695.1
13697.2
13699.4
13701.2
13702.6
13703.7
13704.2
13704.4
13704.8
13705.4
13706.2
13706.9
13707.5
13708
13708.3
13708.5
13708.4
13708.4
13708.4
13708.4
13708.5
13349.9
13349.9
13349.9
13349.9
13349.9
13349.9
13349.9
13349.9
13349.9
13349.9
13349.9
13349.9
13349.9
13349.9
13349.9
13349.9
13349.9
13350
13350
13350
13350.1
13350.1
13350.2
13350.3
13350.3
13350.5
13350.6
13350.7
13350.9
13351.1
13351.3
13351.5
13351.8
13352.1
13352.4
13352.8
13353.2
13353.6
13354
13354.5
13355.1
13355.6
13356.2
13356.8
13357.5
13358.2
13358.9
13359.7
13360.4
13361.2
13362
13362.9
13364
13365.4
13367.3
13369.8
13374.2
13380.7
13387.7
13396.3
13411.3
13435.1
13456.9
13470.1
13489.1
13515.8
13529.2
13536.7
13546.9
13560
13572.8
13581.9
13588.7
13596.7
13610.4
13628.6
13640
13645.1
13651.3
13661.3
13672.4
13681.1
13683.3
13684.8
13687.4
13691.2
13695
13698.4
13701.1
13701.8
13701.8
13702.2
13702.8
13703.6
13704.6
13705.5
13706.3
13706.9
13707.2
13707.4
13707.6
13707.7
13707.9
13707.9
13349.9
13349.9
13349.9
13349.9
13349.9
13349.9
13349.9
13349.9
13349.9
13349.9
13349.9
13349.9
13349.9
13349.9
13349.9
13349.9
13349.9
13349.9
13350
13350
13350
13350.1
13350.1
13350.2
13350.2
13350.3
13350.4
13350.6
13350.7
13350.8
13351
13351.2
13351.4
13351.7
13352
13352.3
13352.6
13353
13353.4
13353.8
13354.2
13354.7
13355.3
13355.8
13356.4
13357
13357.7
13358.3
13359.1
13359.8
13360.5
13361.3
13362.1
13363
13364
13365.2
13366.9
13369.4
13372.9
13377
13383.8
13394.6
13410.3
13429.7
13440.8
13454.4
13483.1
13506.1
13514.8
13522.6
13539.2
13558.2
13569.8
13577.7
13583.3
13592.8
13609.4
13621.5
13628.2
13635.7
13646.9
13659.2
13667.8
13672.1
13675.2
13679.4
13684.8
13691.5
13697.9
13698.5
13698.4
13698.5
13699.2
13700.3
13701.6
13703
13704.1
13705
13705.5
13705.9
13706.2
13706.4
13706.6
13706.9
13349.9
13349.9
13349.9
13349.9
13349.9
13349.9
13349.9
13349.9
13349.9
13349.9
13349.9
13349.9
13349.9
13349.9
13349.9
13349.9
13349.9
13349.9
13349.9
13350
13350
13350
13350.1
13350.1
13350.2
13350.2
13350.3
13350.4
13350.5
13350.6
13350.8
13351
13351.1
13351.4
13351.6
13351.8
13352.1
13352.4
13352.8
13353.1
13353.5
13354
13354.4
13354.9
13355.4
13356
13356.6
13357.2
13357.8
13358.5
13359.2
13359.9
13360.6
13361.4
13362.2
13363
13363.9
13365.1
13366.6
13368.5
13371
13375.4
13381.5
13392.1
13403.1
13412.8
13431.7
13455.5
13472.9
13486.9
13501.6
13518.6
13539.8
13558
13559.2
13562.1
13570.9
13587.5
13603
13612.7
13617.6
13626.3
13641.2
13652.4
13658.8
13664.2
13669.6
13677
13684.4
13692.1
13693.6
13694.1
13694.9
13696.4
13698.1
13699.7
13701.2
13702.5
13703.4
13704.1
13704.5
13704.8
13705
13705.3
13349.9
13349.9
13349.9
13349.9
13349.9
13349.9
13349.9
13349.9
13349.9
13349.9
13349.9
13349.9
13349.9
13349.9
13349.9
13349.9
13349.9
13349.9
13349.9
13349.9
13350
13350
13350
13350.1
13350.1
13350.2
13350.2
13350.3
13350.4
13350.5
13350.6
13350.7
13350.9
13351.1
13351.3
13351.5
13351.7
13352
13352.3
13352.6
13352.9
13353.3
13353.7
13354.1
13354.6
13355
13355.6
13356.1
13356.7
13357.3
13357.9
13358.6
13359.2
13359.9
13360.7
13361.4
13362.2
13363
13363.9
13364.9
13366.1
13367.7
13370
13373.6
13379.1
13385.6
13394.2
13407.8
13425.7
13443.1
13458.9
13474.6
13495.3
13515
13533.8
13539.1
13542.8
13556
13581.6
13591.9
13591.3
13594.9
13606.2
13622.4
13634.9
13642.9
13648.9
13654.6
13661.1
13672.9
13682.7
13686.4
13688.5
13690.6
13693
13695.3
13697.3
13699
13700.5
13701.7
13702.5
13702.8
13703.1
13703.4
13349.9
13349.9
13349.9
13349.9
13349.9
13349.9
13349.9
13349.9
13349.9
13349.9
13349.9
13349.9
13349.9
13349.9
13349.9
13349.9
13349.9
13349.9
13349.9
13349.9
13349.9
13350
13350
13350
13350
13350.1
13350.1
13350.2
13350.3
13350.4
13350.4
13350.6
13350.7
13350.8
13351
13351.2
13351.4
13351.6
13351.8
13352.1
13352.4
13352.7
13353
13353.4
13353.8
13354.2
13354.7
13355.1
13355.7
13356.2
13356.7
13357.3
13357.9
13358.6
13359.3
13359.9
13360.6
13361.4
13362.1
13362.9
13363.7
13364.6
13365.7
13367
13369.1
13371.9
13375.5
13381.2
13390.2
13401.3
13414.7
13431.8
13444.7
13457.1
13482.4
13505.5
13515.2
13526.5
13543.4
13558.6
13566.8
13572.9
13580.1
13592.8
13608.8
13619.5
13626.1
13631.6
13638.8
13645.8
13659.1
13670.5
13676.4
13679.8
13683
13686.8
13690.8
13693.4
13695.3
13697.1
13698.8
13699.9
13700.6
13700.8
13349.9
13349.9
13349.9
13349.9
13349.9
13349.9
13349.9
13349.9
13349.9
13349.9
13349.9
13349.9
13349.9
13349.9
13349.9
13349.9
13349.9
13349.9
13349.9
13349.9
13349.9
13349.9
13350
13350
13350
13350
13350.1
13350.1
13350.2
13350.2
13350.3
13350.4
13350.5
13350.6
13350.8
13350.9
13351.1
13351.3
13351.5
13351.7
13351.9
13352.2
13352.5
13352.8
13353.1
13353.5
13353.9
13354.3
13354.8
13355.2
13355.7
13356.2
13356.8
13357.4
13358
13358.6
13359.2
13359.9
13360.6
13361.3
13362
13362.7
13363.5
13364.3
13365.3
13366.5
13368
13370.1
13373.3
13378.2
13384.6
13393.9
13404.3
13417
13428.2
13449.5
13474.7
13487.6
13491.6
13507.4
13532.4
13550.4
13556.3
13561.6
13573.2
13590.4
13603
13607.7
13614.4
13622
13630.8
13644.9
13659.1
13663.9
13666.3
13670.7
13678.3
13684
13686.6
13688.6
13691.4
13694.6
13696.6
13696.9
13349.9
13349.9
13349.9
13349.9
13349.9
13349.9
13349.9
13349.9
13349.9
13349.9
13349.9
13349.9
13349.9
13349.9
13349.9
13349.9
13349.9
13349.9
13349.9
13349.9
13349.9
13349.9
13349.9
13350
13350
13350
13350
13350.1
13350.1
13350.2
13350.2
13350.3
13350.4
13350.5
13350.6
13350.7
13350.8
13351
13351.2
13351.3
13351.5
13351.8
13352
13352.3
13352.6
13352.9
13353.2
13353.6
13354
13354.4
13354.8
13355.3
13355.7
13356.3
13356.8
13357.3
13357.9
13358.5
13359.2
13359.8
13360.5
13361.2
13361.9
13362.6
13363.3
13364.1
13365
13365.9
13367.2
13368.9
13371.3
13375
13379.7
13386.6
13395.1
13405.4
13422.3
13438.5
13449.4
13461.7
13482.6
13504
13519.9
13528.8
13535.5
13549.5
13568.7
13578.6
13587.3
13598.8
13605.2
13613.9
13628.4
13639.9
13645.7
13650.9
13658.3
13670.1
13674.9
13676.6
13679.1
13683.5
13687.6
13689.9
13349.9
13349.9
13349.9
13349.9
13349.9
13349.9
13349.9
13349.9
13349.9
13349.9
13349.9
13349.9
13349.9
13349.9
13349.9
13349.9
13349.9
13349.9
13349.9
13349.9
13349.9
13349.9
13349.9
13349.9
13350
13350
13350
13350
13350.1
13350.1
13350.1
13350.2
13350.3
13350.3
13350.4
13350.5
13350.6
13350.8
13350.9
13351.1
13351.2
13351.4
13351.6
13351.8
13352.1
13352.4
13352.6
13353
13353.3
13353.6
13354
13354.4
13354.8
13355.3
13355.7
13356.2
13356.8
13357.3
13357.9
13358.4
13359.1
13359.7
13360.3
13361
13361.7
13362.4
13363.1
13363.8
13364.6
13365.4
13366.5
13367.9
13369.7
13372.2
13376
13380.9
13387.6
13397.7
13409.2
13420.2
13432.7
13448.1
13468.7
13487.3
13499.8
13508.3
13523.3
13541.8
13553.4
13567.8
13580.1
13584.3
13590.6
13606
13621.3
13627.4
13632.1
13642.5
13655.2
13660.5
13662.6
13666.4
13672.4
13679.3
13349.9
13349.9
13349.9
13349.9
13349.9
13349.9
13349.9
13349.9
13349.9
13349.9
13349.9
13349.9
13349.9
13349.9
13349.9
13349.9
13349.9
13349.9
13349.9
13349.9
13349.9
13349.9
13349.9
13349.9
13349.9
13349.9
13350
13350
13350
13350
13350.1
13350.1
13350.2
13350.2
13350.3
13350.4
13350.5
13350.6
13350.7
13350.8
13351
13351.1
13351.3
13351.5
13351.7
13351.9
13352.1
13352.4
13352.7
13353
13353.3
13353.7
13354
13354.4
13354.8
13355.3
13355.7
13356.2
13356.7
13357.2
13357.8
13358.3
13358.9
13359.5
13360.1
13360.8
13361.4
13362.1
13362.8
13363.5
13364.2
13365
13365.9
13367
13368.4
13370.3
13372.8
13376.6
13382.1
13388.9
13396.6
13406.5
13419.4
13435.6
13452.5
13465.2
13476.6
13495.9
13511.2
13522.4
13540.5
13552.9
13558.1
13568.5
13585.7
13597.1
13603.9
13608.8
13621.3
13634.6
13641.6
13646.3
13652.3
13660.7
13349.9
13349.9
13349.9
13349.9
13349.9
13349.9
13349.9
13349.9
13349.9
13349.9
13349.9
13349.9
13349.9
13349.9
13349.9
13349.9
13349.9
13349.9
13349.9
13349.9
13349.9
13349.9
13349.9
13349.9
13349.9
13349.9
13349.9
13350
13350
13350
13350
13350.1
13350.1
13350.2
13350.2
13350.3
13350.3
13350.4
13350.5
13350.6
13350.7
13350.9
13351
13351.2
13351.3
13351.5
13351.7
13351.9
13352.2
13352.4
13352.7
13353
13353.3
13353.7
13354
13354.4
13354.8
13355.2
13355.7
13356.1
13356.6
13357.1
13357.6
13358.2
13358.7
13359.3
13359.9
13360.5
13361.2
13361.8
13362.5
13363.1
13363.8
13364.6
13365.4
13366.3
13367.3
13368.7
13370.6
13373.4
13376.8
13381.5
13387.8
13396.4
13407.7
13420.5
13431.2
13444.4
13462.8
13475.2
13487.9
13507.2
13520.9
13528.4
13539.3
13559.2
13574.8
13578.4
13583
13595.8
13613.4
13622.2
13626.3
13632.6
13349.9
13349.9
13349.9
13349.9
13349.9
13349.9
13349.9
13349.9
13349.9
13349.9
13349.9
13349.9
13349.9
13349.9
13349.9
13349.9
13349.9
13349.9
13349.9
13349.9
13349.9
13349.9
13349.9
13349.9
13349.9
13349.9
13349.9
13349.9
13350
13350
13350
13350
13350.1
13350.1
13350.1
13350.2
13350.2
13350.3
13350.4
13350.5
13350.6
13350.7
13350.8
13350.9
13351
13351.2
13351.4
13351.5
13351.7
13352
13352.2
13352.5
13352.7
13353
13353.3
13353.6
13354
13354.4
13354.7
13355.1
13355.6
13356
13356.5
13357
13357.5
13358
13358.5
13359.1
13359.7
13360.3
13360.9
13361.5
13362.1
13362.8
13363.4
13364.1
13364.8
13365.6
13366.5
13367.6
13369
13370.7
13373.2
13376.5
13381.2
13387.8
13395.8
13403.6
13415
13429.1
13440
13452.9
13470.8
13484.6
13494.5
13509.2
13527
13540.7
13547.5
13556.3
13571.7
13588.9
13598
13603.5
13349.9
13349.9
13349.9
13349.9
13349.9
13349.9
13349.9
13349.9
13349.9
13349.9
13349.9
13349.9
13349.9
13349.9
13349.9
13349.9
13349.9
13349.9
13349.9
13349.9
13349.9
13349.9
13349.9
13349.9
13349.9
13349.9
13349.9
13349.9
13349.9
13350
13350
13350
13350
13350
13350.1
13350.1
13350.2
13350.2
13350.3
13350.3
13350.4
13350.5
13350.6
13350.7
13350.8
13350.9
13351.1
13351.2
13351.4
13351.6
13351.8
13352
13352.2
13352.5
13352.7
13353
13353.3
13353.6
13353.9
13354.3
13354.7
13355
13355.5
13355.9
13356.3
13356.8
13357.3
13357.8
13358.3
13358.8
13359.4
13359.9
13360.5
13361.1
13361.7
13362.4
13363
13363.6
13364.3
13365
13365.8
13366.6
13367.7
13368.9
13370.6
13372.9
13376.2
13380.3
13385.3
13392.7
13401.7
13410.3
13421.1
13435.4
13448.6
13458.2
13470
13488.5
13504.8
13515.8
13524.6
13540.1
13557.3
13568.4
13349.9
13349.9
13349.9
13349.9
13349.9
13349.9
13349.9
13349.9
13349.9
13349.9
13349.9
13349.9
13349.9
13349.9
13349.9
13349.9
13349.9
13349.9
13349.9
13349.9
13349.9
13349.9
13349.9
13349.9
13349.9
13349.9
13349.9
13349.9
13349.9
13349.9
13349.9
13350
13350
13350
13350
13350.1
13350.1
13350.1
13350.2
13350.2
13350.3
13350.4
13350.4
13350.5
13350.6
13350.7
13350.8
13350.9
13351.1
13351.2
13351.4
13351.6
13351.8
13352
13352.2
13352.4
13352.7
13353
13353.2
13353.5
13353.9
13354.2
13354.6
13354.9
13355.3
13355.7
13356.1
13356.6
13357.1
13357.5
13358
13358.5
13359.1
13359.6
13360.2
13360.7
13361.3
13361.9
13362.5
13363.1
13363.8
13364.4
13365.1
13365.8
13366.7
13367.6
13368.9
13370.4
13372.4
13375.1
13378.9
13383.7
13389.3
13396.6
13406.1
13415.8
13425
13435.9
13451.3
13466.5
13478.5
13488.5
13503.4
13520.4
13349.9
13349.9
13349.9
13349.9
13349.9
13349.9
13349.9
13349.9
13349.9
13349.9
13349.9
13349.9
13349.9
13349.9
13349.9
13349.9
13349.9
13349.9
13349.9
13349.9
13349.9
13349.9
13349.9
13349.9
13349.9
13349.9
13349.9
13349.9
13349.9
13349.9
13349.9
13349.9
13350
13350
13350
13350
13350
13350.1
13350.1
13350.1
13350.2
13350.2
13350.3
13350.4
13350.4
13350.5
13350.6
13350.7
13350.8
13351
13351.1
13351.2
13351.4
13351.6
13351.8
13352
13352.2
13352.4
13352.6
13352.9
13353.2
13353.5
13353.8
13354.1
13354.4
13354.8
13355.2
13355.5
13356
13356.4
13356.8
13357.3
13357.7
13358.2
13358.7
13359.2
13359.8
13360.3
13360.9
13361.5
13362
13362.6
13363.2
13363.9
13364.5
13365.1
13365.8
13366.6
13367.5
13368.6
13369.9
13371.8
13374
13377
13381.1
13386.3
13392.3
13399
13407.6
13418.7
13430.3
13440.9
13452.8
13466.6
13349.9
13349.9
13349.9
13349.9
13349.9
13349.9
13349.9
13349.9
13349.9
13349.9
13349.9
13349.9
13349.9
13349.9
13349.9
13349.9
13349.9
13349.9
13349.9
13349.9
13349.9
13349.9
13349.9
13349.9
13349.9
13349.9
13349.9
13349.9
13349.9
13349.9
13349.9
13349.9
13349.9
13349.9
13350
13350
13350
13350
13350
13350.1
13350.1
13350.2
13350.2
13350.3
13350.3
13350.4
13350.5
13350.5
13350.6
13350.7
13350.8
13351
13351.1
13351.2
13351.4
13351.6
13351.7
13351.9
13352.1
13352.3
13352.6
13352.8
13353.1
13353.4
13353.7
13354
13354.3
13354.6
13355
13355.3
13355.7
13356.1
13356.5
13357
13357.4
13357.9
13358.4
13358.8
13359.4
13359.9
13360.4
13361
13361.5
13362.1
13362.7
13363.3
13363.9
13364.5
13365.1
13365.8
13366.5
13367.3
13368.3
13369.4
13370.9
13372.9
13375.4
13378.5
13382.3
13387.5
13394.1
13401.6
13409.8
13419.5
13349.9
13349.9
13349.9
13349.9
13349.9
13349.9
13349.9
13349.9
13349.9
13349.9
13349.9
13349.9
13349.9
13349.9
13349.9
13349.9
13349.9
13349.9
13349.9
13349.9
13349.9
13349.9
13349.9
13349.9
13349.9
13349.9
13349.9
13349.9
13349.9
13349.9
13349.9
13349.9
13349.9
13349.9
13349.9
13350
13350
13350
13350
13350
13350.1
13350.1
13350.1
13350.2
13350.2
13350.3
13350.3
13350.4
13350.5
13350.5
13350.6
13350.7
13350.8
13351
13351.1
13351.2
13351.4
13351.5
13351.7
13351.9
13352.1
13352.3
13352.5
13352.7
13353
13353.3
13353.5
13353.8
13354.1
13354.4
13354.8
13355.1
13355.5
13355.9
13356.3
13356.7
13357.1
13357.5
13358
13358.4
13358.9
13359.4
13359.9
13360.4
13361
13361.5
13362.1
13362.6
13363.2
13363.8
13364.4
13365
13365.6
13366.3
13367
13367.9
13368.9
13370.1
13371.6
13373.5
13376.1
13379.4
13383.4
13388.3
13349.9
13349.9
13349.9
13349.9
13349.9
13349.9
13349.9
13349.9
13349.9
13349.9
13349.9
13349.9
13349.9
13349.9
13349.9
13349.9
13349.9
13349.9
13349.9
13349.9
13349.9
13349.9
13349.9
13349.9
13349.9
13349.9
13349.9
13349.9
13349.9
13349.9
13349.9
13349.9
13349.9
13349.9
13349.9
13349.9
13349.9
13350
13350
13350
13350
13350
13350.1
13350.1
13350.1
13350.2
13350.2
13350.3
13350.3
13350.4
13350.5
13350.5
13350.6
13350.7
13350.8
13350.9
13351.1
13351.2
13351.3
13351.5
13351.7
13351.8
13352
13352.2
13352.4
13352.6
13352.9
13353.1
13353.4
13353.7
13354
13354.3
13354.6
13354.9
13355.2
13355.6
13356
13356.4
13356.8
13357.2
13357.6
13358
13358.5
13359
13359.4
13359.9
13360.4
13360.9
13361.5
13362
13362.5
13363.1
13363.7
13364.2
13364.8
13365.4
13366
13366.7
13367.5
13368.3
13369.3
13370.5
13372.1
13374
13349.9
13349.9
13349.9
13349.9
13349.9
13349.9
13349.9
13349.9
13349.9
13349.9
13349.9
13349.9
13349.9
13349.9
13349.9
13349.9
13349.9
13349.9
13349.9
13349.9
13349.9
13349.9
13349.9
13349.9
13349.9
13349.9
13349.9
13349.9
13349.9
13349.9
13349.9
13349.9
13349.9
13349.9
13349.9
13349.9
13349.9
13349.9
13350
13350
13350
13350
13350
13350
13350.1
13350.1
13350.1
13350.2
13350.2
13350.3
13350.3
13350.4
13350.5
13350.5
13350.6
13350.7
13350.8
13350.9
13351
13351.2
13351.3
13351.4
13351.6
13351.8
13351.9
13352.1
13352.3
13352.5
13352.8
13353
13353.2
13353.5
13353.8
13354.1
13354.4
13354.7
13355
13355.3
13355.7
13356
13356.4
13356.8
13357.2
13357.6
13358
13358.5
13358.9
13359.4
13359.9
13360.3
13360.8
13361.3
13361.9
13362.4
13362.9
13363.5
13364
13364.6
13365.1
13365.7
13366.3
13367
13367.7
13368.6
13349.9
13349.9
13349.9
13349.9
13349.9
13349.9
13349.9
13349.9
13349.9
13349.9
13349.9
13349.9
13349.9
13349.9
13349.9
13349.9
13349.9
13349.9
13349.9
13349.9
13349.9
13349.9
13349.9
13349.9
13349.9
13349.9
13349.9
13349.9
13349.9
13349.9
13349.9
13349.9
13349.9
13349.9
13349.9
13349.9
13349.9
13349.9
13349.9
13349.9
13350
13350
13350
13350
13350
13350
13350.1
13350.1
13350.1
13350.2
13350.2
13350.3
13350.3
13350.4
13350.5
13350.5
13350.6
13350.7
13350.8
13350.9
13351
13351.1
13351.2
13351.4
13351.5
13351.7
13351.9
13352
13352.2
13352.4
13352.6
13352.8
13353.1
13353.3
13353.6
13353.8
13354.1
13354.4
13354.7
13355
13355.4
13355.7
13356
13356.4
13356.8
13357.2
13357.6
13358
13358.4
13358.8
13359.3
13359.7
13360.2
13360.7
13361.2
13361.7
13362.2
13362.7
13363.2
13363.7
13364.3
13364.8
13365.4
13365.9
13349.9
13349.9
13349.9
13349.9
13349.9
13349.9
13349.9
13349.9
13349.9
13349.9
13349.9
13349.9
13349.9
13349.9
13349.9
13349.9
13349.9
13349.9
13349.9
13349.9
13349.9
13349.9
13349.9
13349.9
13349.9
13349.9
13349.9
13349.9
13349.9
13349.9
13349.9
13349.9
13349.9
13349.9
13349.9
13349.9
13349.9
13349.9
13349.9
13349.9
13349.9
13349.9
13350
13350
13350
13350
13350
13350.1
13350.1
13350.1
13350.1
13350.2
13350.2
13350.3
13350.3
13350.4
13350.4
13350.5
13350.6
13350.7
13350.8
13350.9
13351
13351.1
13351.2
13351.3
13351.5
13351.6
13351.8
13351.9
13352.1
13352.3
13352.5
13352.7
13352.9
13353.1
13353.4
13353.6
13353.9
13354.1
13354.4
13354.7
13355
13355.3
13355.7
13356
13356.4
13356.7
13357.1
13357.5
13357.9
13358.3
13358.7
13359.1
13359.6
13360
13360.5
13360.9
13361.4
13361.9
13362.4
13362.9
13363.4
13363.9
13349.9
13349.9
13349.9
13349.9
13349.9
13349.9
13349.9
13349.9
13349.9
13349.9
13349.9
13349.9
13349.9
13349.9
13349.9
13349.9
13349.9
13349.9
13349.9
13349.9
13349.9
13349.9
13349.9
13349.9
13349.9
13349.9
13349.9
13349.9
13349.9
13349.9
13349.9
13349.9
13349.9
13349.9
13349.9
13349.9
13349.9
13349.9
13349.9
13349.9
13349.9
13349.9
13349.9
13349.9
13350
13350
13350
13350
13350
13350.1
13350.1
13350.1
13350.1
13350.2
13350.2
13350.3
13350.3
13350.4
13350.4
13350.5
13350.6
13350.6
13350.7
13350.8
13350.9
13351
13351.1
13351.3
13351.4
13351.5
13351.7
13351.8
13352
13352.2
13352.3
13352.5
13352.7
13352.9
13353.2
13353.4
13353.6
13353.9
13354.2
13354.4
13354.7
13355
13355.3
13355.6
13356
13356.3
13356.6
13357
13357.4
13357.7
13358.1
13358.5
13358.9
13359.4
13359.8
13360.2
13360.7
13361.1
13361.6
13362.1
13349.9
13349.9
13349.9
13349.9
13349.9
13349.9
13349.9
13349.9
13349.9
13349.9
13349.9
13349.9
13349.9
13349.9
13349.9
13349.9
13349.9
13349.9
13349.9
13349.9
13349.9
13349.9
13349.9
13349.9
13349.9
13349.9
13349.9
13349.9
13349.9
13349.9
13349.9
13349.9
13349.9
13349.9
13349.9
13349.9
13349.9
13349.9
13349.9
13349.9
13349.9
13349.9
13349.9
13349.9
13349.9
13349.9
13350
13350
13350
13350
13350
13350.1
13350.1
13350.1
13350.1
13350.2
13350.2
13350.3
13350.3
13350.4
13350.4
13350.5
13350.5
13350.6
13350.7
13350.8
13350.9
13351
13351.1
13351.2
13351.3
13351.4
13351.6
13351.7
13351.9
13352
13352.2
13352.4
13352.6
13352.7
13353
13353.2
13353.4
13353.6
13353.9
13354.1
13354.4
13354.7
13354.9
13355.2
13355.5
13355.9
13356.2
13356.5
13356.8
13357.2
13357.6
13357.9
13358.3
13358.7
13359.1
13359.5
13359.9
13360.3
13349.9
13349.9
13349.9
13349.9
13349.9
13349.9
13349.9
13349.9
13349.9
13349.9
13349.9
13349.9
13349.9
13349.9
13349.9
13349.9
13349.9
13349.9
13349.9
13349.9
13349.9
13349.9
13349.9
13349.9
13349.9
13349.9
13349.9
13349.9
13349.9
13349.9
13349.9
13349.9
13349.9
13349.9
13349.9
13349.9
13349.9
13349.9
13349.9
13349.9
13349.9
13349.9
13349.9
13349.9
13349.9
13349.9
13349.9
13350
13350
13350
13350
13350
13350
13350
13350.1
13350.1
13350.1
13350.2
13350.2
13350.2
13350.3
13350.3
13350.4
13350.4
13350.5
13350.6
13350.6
13350.7
13350.8
13350.9
13351
13351.1
13351.2
13351.3
13351.5
13351.6
13351.7
13351.9
13352
13352.2
13352.4
13352.6
13352.7
13352.9
13353.1
13353.4
13353.6
13353.8
13354.1
13354.3
13354.6
13354.8
13355.1
13355.4
13355.7
13356
13356.3
13356.7
13357
13357.3
13357.7
13358
13358.4
13358.8
13349.9
13349.9
13349.9
13349.9
13349.9
13349.9
13349.9
13349.9
13349.9
13349.9
13349.9
13349.9
13349.9
13349.9
13349.9
13349.9
13349.9
13349.9
13349.9
13349.9
13349.9
13349.9
13349.9
13349.9
13349.9
13349.9
13349.9
13349.9
13349.9
13349.9
13349.9
13349.9
13349.9
13349.9
13349.9
13349.9
13349.9
13349.9
13349.9
13349.9
13349.9
13349.9
13349.9
13349.9
13349.9
13349.9
13349.9
13349.9
13349.9
13350
13350
13350
13350
13350
13350
13350
13350.1
13350.1
13350.1
13350.2
13350.2
13350.2
13350.3
13350.3
13350.4
13350.4
13350.5
13350.5
13350.6
13350.7
13350.8
13350.8
13350.9
13351
13351.1
13351.2
13351.4
13351.5
13351.6
13351.7
13351.9
13352
13352.2
13352.4
13352.5
13352.7
13352.9
13353.1
13353.3
13353.5
13353.7
13354
13354.2
13354.5
13354.7
13355
13355.3
13355.5
13355.8
13356.1
13356.4
13356.8
13357.1
13357.4
13349.9
13349.9
13349.9
13349.9
13349.9
13349.9
13349.9
13349.9
13349.9
13349.9
13349.9
13349.9
13349.9
13349.9
13349.9
13349.9
13349.9
13349.9
13349.9
13349.9
13349.9
13349.9
13349.9
13349.9
13349.9
13349.9
13349.9
13349.9
13349.9
13349.9
13349.9
13349.9
13349.9
13349.9
13349.9
13349.9
13349.9
13349.9
13349.9
13349.9
13349.9
13349.9
13349.9
13349.9
13349.9
13349.9
13349.9
13349.9
13349.9
13349.9
13349.9
13349.9
13350
13350
13350
13350
13350
13350
13350.1
13350.1
13350.1
13350.1
13350.2
13350.2
13350.2
13350.3
13350.3
13350.4
13350.4
13350.5
13350.6
13350.6
13350.7
13350.8
13350.9
13350.9
13351
13351.1
13351.2
13351.4
13351.5
13351.6
13351.7
13351.9
13352
13352.2
13352.3
13352.5
13352.7
13352.8
13353
13353.2
13353.4
13353.6
13353.9
13354.1
13354.3
13354.6
13354.8
13355.1
13355.4
13355.6
13355.9
13356.2
13349.9
13349.9
13349.9
13349.9
13349.9
13349.9
13349.9
13349.9
13349.9
13349.9
13349.9
13349.9
13349.9
13349.9
13349.9
13349.9
13349.9
13349.9
13349.9
13349.9
13349.9
13349.9
13349.9
13349.9
13349.9
13349.9
13349.9
13349.9
13349.9
13349.9
13349.9
13349.9
13349.9
13349.9
13349.9
13349.9
13349.9
13349.9
13349.9
13349.9
13349.9
13349.9
13349.9
13349.9
13349.9
13349.9
13349.9
13349.9
13349.9
13349.9
13349.9
13349.9
13349.9
13349.9
13350
13350
13350
13350
13350
13350
13350.1
13350.1
13350.1
13350.1
13350.2
13350.2
13350.2
13350.3
13350.3
13350.4
13350.4
13350.5
13350.5
13350.6
13350.6
13350.7
13350.8
13350.9
13351
13351
13351.1
13351.2
13351.3
13351.5
13351.6
13351.7
13351.8
13352
13352.1
13352.3
13352.4
13352.6
13352.8
13352.9
13353.1
13353.3
13353.5
13353.7
13353.9
13354.2
13354.4
13354.6
13354.9
13355.1
13349.9
13349.9
13349.9
13349.9
13349.9
13349.9
13349.9
13349.9
13349.9
13349.9
13349.9
13349.9
13349.9
13349.9
13349.9
13349.9
13349.9
13349.9
13349.9
13349.9
13349.9
13349.9
13349.9
13349.9
13349.9
13349.9
13349.9
13349.9
13349.9
13349.9
13349.9
13349.9
13349.9
13349.9
13349.9
13349.9
13349.9
13349.9
13349.9
13349.9
13349.9
13349.9
13349.9
13349.9
13349.9
13349.9
13349.9
13349.9
13349.9
13349.9
13349.9
13349.9
13349.9
13349.9
13349.9
13349.9
13350
13350
13350
13350
13350
13350
13350
13350.1
13350.1
13350.1
13350.1
13350.2
13350.2
13350.2
13350.3
13350.3
13350.4
13350.4
13350.5
13350.5
13350.6
13350.6
13350.7
13350.8
13350.9
13350.9
13351
13351.1
13351.2
13351.3
13351.4
13351.5
13351.7
13351.8
13351.9
13352.1
13352.2
13352.4
13352.5
13352.7
13352.8
13353
13353.2
13353.4
13353.6
13353.8
13354
13354.2
13349.9
13349.9
13349.9
13349.9
13349.9
13349.9
13349.9
13349.9
13349.9
13349.9
13349.9
13349.9
13349.9
13349.9
13349.9
13349.9
13349.9
13349.9
13349.9
13349.9
13349.9
13349.9
13349.9
13349.9
13349.9
13349.9
13349.9
13349.9
13349.9
13349.9
13349.9
13349.9
13349.9
13349.9
13349.9
13349.9
13349.9
13349.9
13349.9
13349.9
13349.9
13349.9
13349.9
13349.9
13349.9
13349.9
13349.9
13349.9
13349.9
13349.9
13349.9
13349.9
13349.9
13349.9
13349.9
13349.9
13349.9
13349.9
13350
13350
13350
13350
13350
13350
13350
13350.1
13350.1
13350.1
13350.1
13350.1
13350.2
13350.2
13350.2
13350.3
13350.3
13350.4
13350.4
13350.5
13350.5
13350.6
13350.6
13350.7
13350.8
13350.9
13350.9
13351
13351.1
13351.2
13351.3
13351.4
13351.5
13351.6
13351.7
13351.9
13352
13352.1
13352.3
13352.4
13352.6
13352.7
13352.9
13353.1
13353.2
13353.4
13349.9
13349.9
13349.9
13349.9
13349.9
13349.9
13349.9
13349.9
13349.9
13349.9
13349.9
13349.9
13349.9
13349.9
13349.9
13349.9
13349.9
13349.9
13349.9
13349.9
13349.9
13349.9
13349.9
13349.9
13349.9
13349.9
13349.9
13349.9
13349.9
13349.9
13349.9
13349.9
13349.9
13349.9
13349.9
13349.9
13349.9
13349.9
13349.9
13349.9
13349.9
13349.9
13349.9
13349.9
13349.9
13349.9
13349.9
13349.9
13349.9
13349.9
13349.9
13349.9
13349.9
13349.9
13349.9
13349.9
13349.9
13349.9
13349.9
13349.9
13349.9
13350
13350
13350
13350
13350
13350
13350
13350.1
13350.1
13350.1
13350.1
13350.2
13350.2
13350.2
13350.2
13350.3
13350.3
13350.4
13350.4
13350.5
13350.5
13350.6
13350.6
13350.7
13350.8
13350.8
13350.9
13351
13351.1
13351.2
13351.2
13351.3
13351.4
13351.6
13351.7
13351.8
13351.9
13352
13352.2
13352.3
13352.4
13352.6
13352.7
13349.9
13349.9
13349.9
13349.9
13349.9
13349.9
13349.9
13349.9
13349.9
13349.9
13349.9
13349.9
13349.9
13349.9
13349.9
13349.9
13349.9
13349.9
13349.9
13349.9
13349.9
13349.9
13349.9
13349.9
13349.9
13349.9
13349.9
13349.9
13349.9
13349.9
13349.9
13349.9
13349.9
13349.9
13349.9
13349.9
13349.9
13349.9
13349.9
13349.9
13349.9
13349.9
13349.9
13349.9
13349.9
13349.9
13349.9
13349.9
13349.9
13349.9
13349.9
13349.9
13349.9
13349.9
13349.9
13349.9
13349.9
13349.9
13349.9
13349.9
13349.9
13349.9
13349.9
13350
13350
13350
13350
13350
13350
13350
13350
13350.1
13350.1
13350.1
13350.1
13350.2
13350.2
13350.2
13350.2
13350.3
13350.3
13350.4
13350.4
13350.5
13350.5
13350.6
13350.6
13350.7
13350.7
13350.8
13350.9
13350.9
13351
13351.1
13351.2
13351.3
13351.4
13351.5
13351.6
13351.7
13351.8
13351.9
13352
13352.2
13349.9
13349.9
13349.9
13349.9
13349.9
13349.9
13349.9
13349.9
13349.9
13349.9
13349.9
13349.9
13349.9
13349.9
13349.9
13349.9
13349.9
13349.9
13349.9
13349.9
13349.9
13349.9
13349.9
13349.9
13349.9
13349.9
13349.9
13349.9
13349.9
13349.9
13349.9
13349.9
13349.9
13349.9
13349.9
13349.9
13349.9
13349.9
13349.9
13349.9
13349.9
13349.9
13349.9
13349.9
13349.9
13349.9
13349.9
13349.9
13349.9
13349.9
13349.9
13349.9
13349.9
13349.9
13349.9
13349.9
13349.9
13349.9
13349.9
13349.9
13349.9
13349.9
13349.9
13349.9
13349.9
13349.9
13350
13350
13350
13350
13350
13350
13350
13350
13350.1
13350.1
13350.1
13350.1
13350.2
13350.2
13350.2
13350.2
13350.3
13350.3
13350.4
13350.4
13350.4
13350.5
13350.5
13350.6
13350.6
13350.7
13350.8
13350.8
13350.9
13351
13351.1
13351.1
13351.2
13351.3
13351.4
13351.5
13351.6
13351.7
13349.9
13349.9
13349.9
13349.9
13349.9
13349.9
13349.9
13349.9
13349.9
13349.9
13349.9
13349.9
13349.9
13349.9
13349.9
13349.9
13349.9
13349.9
13349.9
13349.9
13349.9
13349.9
13349.9
13349.9
13349.9
13349.9
13349.9
13349.9
13349.9
13349.9
13349.9
13349.9
13349.9
13349.9
13349.9
13349.9
13349.9
13349.9
13349.9
13349.9
13349.9
13349.9
13349.9
13349.9
13349.9
13349.9
13349.9
13349.9
13349.9
13349.9
13349.9
13349.9
13349.9
13349.9
13349.9
13349.9
13349.9
13349.9
13349.9
13349.9
13349.9
13349.9
13349.9
13349.9
13349.9
13349.9
13349.9
13349.9
13350
13350
13350
13350
13350
13350
13350
13350
13350
13350.1
13350.1
13350.1
13350.1
13350.2
13350.2
13350.2
13350.2
13350.3
13350.3
13350.3
13350.4
13350.4
13350.5
13350.5
13350.6
13350.6
13350.7
13350.7
13350.8
13350.8
13350.9
13351
13351.1
13351.1
13351.2
13351.3
13349.9
13349.9
13349.9
13349.9
13349.9
13349.9
13349.9
13349.9
13349.9
13349.9
13349.9
13349.9
13349.9
13349.9
13349.9
13349.9
13349.9
13349.9
13349.9
13349.9
13349.9
13349.9
13349.9
13349.9
13349.9
13349.9
13349.9
13349.9
13349.9
13349.9
13349.9
13349.9
13349.9
13349.9
13349.9
13349.9
13349.9
13349.9
13349.9
13349.9
13349.9
13349.9
13349.9
13349.9
13349.9
13349.9
13349.9
13349.9
13349.9
13349.9
13349.9
13349.9
13349.9
13349.9
13349.9
13349.9
13349.9
13349.9
13349.9
13349.9
13349.9
13349.9
13349.9
13349.9
13349.9
13349.9
13349.9
13349.9
13349.9
13349.9
13349.9
13350
13350
13350
13350
13350
13350
13350
13350
13350
13350.1
13350.1
13350.1
13350.1
13350.1
13350.2
13350.2
13350.2
13350.3
13350.3
13350.3
13350.4
13350.4
13350.4
13350.5
13350.5
13350.6
13350.6
13350.7
13350.7
13350.8
13350.9
13350.9
13351
13349.9
13349.9
13349.9
13349.9
13349.9
13349.9
13349.9
13349.9
13349.9
13349.9
13349.9
13349.9
13349.9
13349.9
13349.9
13349.9
13349.9
13349.9
13349.9
13349.9
13349.9
13349.9
13349.9
13349.9
13349.9
13349.9
13349.9
13349.9
13349.9
13349.9
13349.9
13349.9
13349.9
13349.9
13349.9
13349.9
13349.9
13349.9
13349.9
13349.9
13349.9
13349.9
13349.9
13349.9
13349.9
13349.9
13349.9
13349.9
13349.9
13349.9
13349.9
13349.9
13349.9
13349.9
13349.9
13349.9
13349.9
13349.9
13349.9
13349.9
13349.9
13349.9
13349.9
13349.9
13349.9
13349.9
13349.9
13349.9
13349.9
13349.9
13349.9
13349.9
13349.9
13349.9
13350
13350
13350
13350
13350
13350
13350
13350
13350
13350.1
13350.1
13350.1
13350.1
13350.1
13350.2
13350.2
13350.2
13350.2
13350.3
13350.3
13350.3
13350.4
13350.4
13350.4
13350.5
13350.5
13350.6
13350.6
13350.7
13350.7
13349.9
13349.9
13349.9
13349.9
13349.9
13349.9
13349.9
13349.9
13349.9
13349.9
13349.9
13349.9
13349.9
13349.9
13349.9
13349.9
13349.9
13349.9
13349.9
13349.9
13349.9
13349.9
13349.9
13349.9
13349.9
13349.9
13349.9
13349.9
13349.9
13349.9
13349.9
13349.9
13349.9
13349.9
13349.9
13349.9
13349.9
13349.9
13349.9
13349.9
13349.9
13349.9
13349.9
13349.9
13349.9
13349.9
13349.9
13349.9
13349.9
13349.9
13349.9
13349.9
13349.9
13349.9
13349.9
13349.9
13349.9
13349.9
13349.9
13349.9
13349.9
13349.9
13349.9
13349.9
13349.9
13349.9
13349.9
13349.9
13349.9
13349.9
13349.9
13349.9
13349.9
13349.9
13349.9
13349.9
13349.9
13350
13350
13350
13350
13350
13350
13350
13350
13350
13350.1
13350.1
13350.1
13350.1
13350.1
13350.1
13350.2
13350.2
13350.2
13350.2
13350.3
13350.3
13350.3
13350.4
13350.4
13350.4
13350.5
13350.5
13349.9
13349.9
13349.9
13349.9
13349.9
13349.9
13349.9
13349.9
13349.9
13349.9
13349.9
13349.9
13349.9
13349.9
13349.9
13349.9
13349.9
13349.9
13349.9
13349.9
13349.9
13349.9
13349.9
13349.9
13349.9
13349.9
13349.9
13349.9
13349.9
13349.9
13349.9
13349.9
13349.9
13349.9
13349.9
13349.9
13349.9
13349.9
13349.9
13349.9
13349.9
13349.9
13349.9
13349.9
13349.9
13349.9
13349.9
13349.9
13349.9
13349.9
13349.9
13349.9
13349.9
13349.9
13349.9
13349.9
13349.9
13349.9
13349.9
13349.9
13349.9
13349.9
13349.9
13349.9
13349.9
13349.9
13349.9
13349.9
13349.9
13349.9
13349.9
13349.9
13349.9
13349.9
13349.9
13349.9
13349.9
13349.9
13349.9
13349.9
13350
13350
13350
13350
13350
13350
13350
13350
13350
13350
13350.1
13350.1
13350.1
13350.1
13350.1
13350.2
13350.2
13350.2
13350.2
13350.2
13350.3
13350.3
13350.3
13350.4
13349.9
13349.9
13349.9
13349.9
13349.9
13349.9
13349.9
13349.9
13349.9
13349.9
13349.9
13349.9
13349.9
13349.9
13349.9
13349.9
13349.9
13349.9
13349.9
13349.9
13349.9
13349.9
13349.9
13349.9
13349.9
13349.9
13349.9
13349.9
13349.9
13349.9
13349.9
13349.9
13349.9
13349.9
13349.9
13349.9
13349.9
13349.9
13349.9
13349.9
13349.9
13349.9
13349.9
13349.9
13349.9
13349.9
13349.9
13349.9
13349.9
13349.9
13349.9
13349.9
13349.9
13349.9
13349.9
13349.9
13349.9
13349.9
13349.9
13349.9
13349.9
13349.9
13349.9
13349.9
13349.9
13349.9
13349.9
13349.9
13349.9
13349.9
13349.9
13349.9
13349.9
13349.9
13349.9
13349.9
13349.9
13349.9
13349.9
13349.9
13349.9
13349.9
13349.9
13349.9
13350
13350
13350
13350
13350
13350
13350
13350
13350
13350
13350.1
13350.1
13350.1
13350.1
13350.1
13350.2
13350.2
13350.2
13350.2
13350.2
13349.9
13349.9
13349.9
13349.9
13349.9
13349.9
13349.9
13349.9
13349.9
13349.9
13349.9
13349.9
13349.9
13349.9
13349.9
13349.9
13349.9
13349.9
13349.9
13349.9
13349.9
13349.9
13349.9
13349.9
13349.9
13349.9
13349.9
13349.9
13349.9
13349.9
13349.9
13349.9
13349.9
13349.9
13349.9
13349.9
13349.9
13349.9
13349.9
13349.9
13349.9
13349.9
13349.9
13349.9
13349.9
13349.9
13349.9
13349.9
13349.9
13349.9
13349.9
13349.9
13349.9
13349.9
13349.9
13349.9
13349.9
13349.9
13349.9
13349.9
13349.9
13349.9
13349.9
13349.9
13349.9
13349.9
13349.9
13349.9
13349.9
13349.9
13349.9
13349.9
13349.9
13349.9
13349.9
13349.9
13349.9
13349.9
13349.9
13349.9
13349.9
13349.9
13349.9
13349.9
13349.9
13349.9
13349.9
13350
13350
13350
13350
13350
13350
13350
13350
13350
13350
13350.1
13350.1
13350.1
13350.1
13350.1
13350.1
13350.2
13349.9
13349.9
13349.9
13349.9
13349.9
13349.9
13349.9
13349.9
13349.9
13349.9
13349.9
13349.9
13349.9
13349.9
13349.9
13349.9
13349.9
13349.9
13349.9
13349.9
13349.9
13349.9
13349.9
13349.9
13349.9
13349.9
13349.9
13349.9
13349.9
13349.9
13349.9
13349.9
13349.9
13349.9
13349.9
13349.9
13349.9
13349.9
13349.9
13349.9
13349.9
13349.9
13349.9
13349.9
13349.9
13349.9
13349.9
13349.9
13349.9
13349.9
13349.9
13349.9
13349.9
13349.9
13349.9
13349.9
13349.9
13349.9
13349.9
13349.9
13349.9
13349.9
13349.9
13349.9
13349.9
13349.9
13349.9
13349.9
13349.9
13349.9
13349.9
13349.9
13349.9
13349.9
13349.9
13349.9
13349.9
13349.9
13349.9
13349.9
13349.9
13349.9
13349.9
13349.9
13349.9
13349.9
13349.9
13349.9
13349.9
13349.9
13349.9
13350
13350
13350
13350
13350
13350
13350
13350
13350
13350
13350
13350.1
13350.1
13349.9
13349.9
13349.9
13349.9
13349.9
13349.9
13349.9
13349.9
13349.9
13349.9
13349.9
13349.9
13349.9
13349.9
13349.9
13349.9
13349.9
13349.9
13349.9
13349.9
13349.9
13349.9
13349.9
13349.9
13349.9
13349.9
13349.9
13349.9
13349.9
13349.9
13349.9
13349.9
13349.9
13349.9
13349.9
13349.9
13349.9
13349.9
13349.9
13349.9
13349.9
13349.9
13349.9
13349.9
13349.9
13349.9
13349.9
13349.9
13349.9
13349.9
13349.9
13349.9
13349.9
13349.9
13349.9
13349.9
13349.9
13349.9
13349.9
13349.9
13349.9
13349.9
13349.9
13349.9
13349.9
13349.9
13349.9
13349.9
13349.9
13349.9
13349.9
13349.9
13349.9
13349.9
13349.9
13349.9
13349.9
13349.9
13349.9
13349.9
13349.9
13349.9
13349.9
13349.9
13349.9
13349.9
13349.9
13349.9
13349.9
13349.9
13349.9
13349.9
13349.9
13349.9
13349.9
13350
13350
13350
13350
13350
13350
13350
13350
13350
13349.9
13349.9
13349.9
13349.9
13349.9
13349.9
13349.9
13349.9
13349.9
13349.9
13349.9
13349.9
13349.9
13349.9
13349.9
13349.9
13349.9
13349.9
13349.9
13349.9
13349.9
13349.9
13349.9
13349.9
13349.9
13349.9
13349.9
13349.9
13349.9
13349.9
13349.9
13349.9
13349.9
13349.9
13349.9
13349.9
13349.9
13349.9
13349.9
13349.9
13349.9
13349.9
13349.9
13349.9
13349.9
13349.9
13349.9
13349.9
13349.9
13349.9
13349.9
13349.9
13349.9
13349.9
13349.9
13349.9
13349.9
13349.9
13349.9
13349.9
13349.9
13349.9
13349.9
13349.9
13349.9
13349.9
13349.9
13349.9
13349.9
13349.9
13349.9
13349.9
13349.9
13349.9
13349.9
13349.9
13349.9
13349.9
13349.9
13349.9
13349.9
13349.9
13349.9
13349.9
13349.9
13349.9
13349.9
13349.9
13349.9
13349.9
13349.9
13349.9
13349.9
13349.9
13349.9
13349.9
13349.9
13349.9
13349.9
13350
13350
13350
13350
13350
13349.9
13349.9
13349.9
13349.9
13349.9
13349.9
13349.9
13349.9
13349.9
13349.9
13349.9
13349.9
13349.9
13349.9
13349.9
13349.9
13349.9
13349.9
13349.9
13349.9
13349.9
13349.9
13349.9
13349.9
13349.9
13349.9
13349.9
13349.9
13349.9
13349.9
13349.9
13349.9
13349.9
13349.9
13349.9
13349.9
13349.9
13349.9
13349.9
13349.9
13349.9
13349.9
13349.9
13349.9
13349.9
13349.9
13349.9
13349.9
13349.9
13349.9
13349.9
13349.9
13349.9
13349.9
13349.9
13349.9
13349.9
13349.9
13349.9
13349.9
13349.9
13349.9
13349.9
13349.9
13349.9
13349.9
13349.9
13349.9
13349.9
13349.9
13349.9
13349.9
13349.9
13349.9
13349.9
13349.9
13349.9
13349.9
13349.9
13349.9
13349.9
13349.9
13349.9
13349.9
13349.9
13349.9
13349.9
13349.9
13349.9
13349.9
13349.9
13349.9
13349.9
13349.9
13349.9
13349.9
13349.9
13349.9
13349.9
13349.9
13349.9
13349.9
13349.9
13350
13349.9
13349.9
13349.9
13349.9
13349.9
13349.9
13349.9
13349.9
13349.9
13349.9
13349.9
13349.9
13349.9
13349.9
13349.9
13349.9
13349.9
13349.9
13349.9
13349.9
13349.9
13349.9
13349.9
13349.9
13349.9
13349.9
13349.9
13349.9
13349.9
13349.9
13349.9
13349.9
13349.9
13349.9
13349.9
13349.9
13349.9
13349.9
13349.9
13349.9
13349.9
13349.9
13349.9
13349.9
13349.9
13349.9
13349.9
13349.9
13349.9
13349.9
13349.9
13349.9
13349.9
13349.9
13349.9
13349.9
13349.9
13349.9
13349.9
13349.9
13349.9
13349.9
13349.9
13349.9
13349.9
13349.9
13349.9
13349.9
13349.9
13349.9
13349.9
13349.9
13349.9
13349.9
13349.9
13349.9
13349.9
13349.9
13349.9
13349.9
13349.9
13349.9
13349.9
13349.9
13349.9
13349.9
13349.9
13349.9
13349.9
13349.9
13349.9
13349.9
13349.9
13349.9
13349.9
13349.9
13349.9
13349.9
13349.9
13349.9
13349.9
13349.9
13349.9
13349.9
13349.9
13349.9
13349.9
13349.9
13349.9
13349.9
13349.9
13349.9
13349.9
13349.9
13349.9
13349.9
13349.9
13349.9
13349.9
13349.9
13349.9
13349.9
13349.9
13349.9
13349.9
13349.9
13349.9
13349.9
13349.9
13349.9
13349.9
13349.9
13349.9
13349.9
13349.9
13349.9
13349.9
13349.9
13349.9
13349.9
13349.9
13349.9
13349.9
13349.9
13349.9
13349.9
13349.9
13349.9
13349.9
13349.9
13349.9
13349.9
13349.9
13349.9
13349.9
13349.9
13349.9
13349.9
13349.9
13349.9
13349.9
13349.9
13349.9
13349.9
13349.9
13349.9
13349.9
13349.9
13349.9
13349.9
13349.9
13349.9
13349.9
13349.9
13349.9
13349.9
13349.9
13349.9
13349.9
13349.9
13349.9
13349.9
13349.9
13349.9
13349.9
13349.9
13349.9
13349.9
13349.9
13349.9
13349.9
13349.9
13349.9
13349.9
13349.9
13349.9
13349.9
13349.9
13349.9
13349.9
13349.9
13349.9
13349.9
13349.9
13349.9
13349.9
13349.9
13349.9
13349.9
13349.9
13349.9
13349.9
13349.9
13349.9
13349.9
13349.9
13349.9
13349.9
13349.9
13349.9
13349.9
13349.9
13349.9
13349.9
13349.9
13349.9
13349.9
13349.9
13349.9
13349.9
13349.9
13349.9
13349.9
13349.9
13349.9
13349.9
13349.9
13349.9
13349.9
13349.9
13349.9
13349.9
13349.9
13349.9
13349.9
13349.9
13349.9
13349.9
13349.9
13349.9
13349.9
13349.9
13349.9
13349.9
13349.9
13349.9
13349.9
13349.9
13349.9
13349.9
13349.9
13349.9
13349.9
13349.9
13349.9
13349.9
13349.9
13349.9
13349.9
13349.9
13349.9
13349.9
13349.9
13349.9
13349.9
13349.9
13349.9
13349.9
13349.9
13349.9
13349.9
13349.9
13349.9
13349.9
13349.9
13349.9
13349.9
13349.9
13349.9
13349.9
13349.9
13349.9
13349.9
13349.9
13349.9
13349.9
13349.9
13349.9
13349.9
13349.9
13349.9
13349.9
13349.9
13349.9
13349.9
13349.9
13349.9
13349.9
13349.9
13349.9
13349.9
13349.9
13349.9
13349.9
13349.9
13349.9
13349.9
13349.9
13349.9
13349.9
13349.9
13349.9
13349.9
13349.9
13349.9
13349.9
13349.9
13349.9
13349.9
13349.9
13349.9
13349.9
13349.9
13349.9
13349.9
13349.9
13349.9
13349.9
13349.9
13349.9
13349.9
13349.9
13349.9
13349.9
13349.9
13349.9
13349.9
13349.9
13349.9
13349.9
13349.9
13349.9
13349.9
13349.9
13349.9
13349.9
13349.9
13349.9
13349.9
13349.9
13349.9
13349.9
13349.9
13349.9
13349.9
13349.9
13349.9
13349.9
13349.9
13349.9
13349.9
13349.9
13349.9
13349.9
13349.9
13349.9
13349.9
13349.9
13349.9
13349.9
13349.9
13349.9
13349.9
13349.9
13349.9
13349.9
13349.9
13349.9
13349.9
13349.9
13349.9
13349.9
13349.9
13349.9
13349.9
13349.9
13349.9
13349.9
13349.9
13349.9
13349.9
13349.9
13349.9
13349.9
13349.9
13349.9
13349.9
13349.9
13349.9
13349.9
13349.9
13349.9
13349.9
13349.9
13349.9
13349.9
13349.9
13349.9
13349.9
13349.9
13349.9
13349.9
13349.9
13349.9
13349.9
13349.9
13349.9
13349.9
13349.9
13349.9
13349.9
13349.9
13349.9
13349.9
13349.9
13349.9
13349.9
13349.9
13349.9
13349.9
13349.9
13349.9
13349.9
13349.9
13349.9
13349.9
13349.9
13349.9
13349.9
13349.9
13349.9
13349.9
13349.9
13349.9
13349.9
13349.9
13349.9
13349.9
13349.9
13349.9
13349.9
13349.9
13349.9
13349.9
13349.9
13349.9
13349.9
13349.9
13349.9
13349.9
13349.9
13349.9
13349.9
13349.9
13349.9
13349.9
13349.9
13349.9
13349.9
13349.9
13349.9
13349.9
13349.9
13349.9
13349.9
13349.9
13349.9
13349.9
13349.9
13349.9
13349.9
13349.9
13349.9
13349.9
13349.9
13349.9
13349.9
13349.9
13349.9
13349.9
13349.9
13349.9
13349.9
13349.9
13349.9
13349.9
13349.9
13349.9
13349.9
13349.9
13349.9
13349.9
13349.9
13349.9
13349.9
13349.9
13349.9
13349.9
13349.9
13349.9
13349.9
13349.9
13349.9
13349.9
13349.9
13349.9
13349.9
13349.9
13349.9
13349.9
13349.9
13349.9
13349.9
13349.9
13349.9
13349.9
13349.9
13349.9
13349.9
13349.9
13349.9
13349.9
13349.9
13349.9
13349.9
13349.9
13349.9
13349.9
13349.9
13349.9
13349.9
13349.9
13349.9
13349.9
13349.9
13349.9
13349.9
13349.9
13349.9
13349.9
13349.9
13349.9
13349.9
13349.9
13349.9
13349.9
13349.9
13349.9
13349.9
13349.9
13349.9
13349.9
13349.9
13349.9
13349.9
13349.9
13349.9
13349.9
13349.9
13349.9
13349.9
13349.9
13349.9
13349.9
13349.9
13349.9
13349.9
13349.9
13349.9
13349.9
13349.9
13349.9
13349.9
13349.9
13349.9
13349.9
13349.9
13349.9
13349.9
13349.9
13349.9
13349.9
13349.9
13349.9
13349.9
13349.9
13349.9
13349.9
13349.9
13349.9
13349.9
13349.9
13349.9
13349.9
13349.9
13349.9
13349.9
13349.9
13349.9
13349.9
13349.9
13349.9
13349.9
13349.9
13349.9
13349.9
13349.9
13349.9
13349.9
13349.9
13349.9
13349.9
13349.9
13349.9
13349.9
13349.9
13349.9
13349.9
13349.9
13349.9
13349.9
13349.9
13349.9
13349.9
13349.9
13349.9
13349.9
13349.9
13349.9
13349.9
13349.9
13349.9
13349.9
13349.9
13349.9
13349.9
13349.9
13349.9
13349.9
13349.9
13349.9
13349.9
13349.9
13349.9
13349.9
13349.9
13349.9
13349.9
13349.9
13349.9
13349.9
13349.9
13349.9
13349.9
13349.9
13349.9
13349.9
13349.9
13349.9
13349.9
13349.9
13349.9
13349.9
13349.9
13349.9
13349.9
13349.9
13349.9
13349.9
13349.9
13349.9
13349.9
13349.9
13349.9
13349.9
13349.9
13349.9
13349.9
13349.9
13349.9
13349.9
13349.9
13349.9
13349.9
13349.9
13349.9
13349.9
13349.9
13349.9
13349.9
13349.9
13349.9
13349.9
13349.9
13349.9
13349.9
13349.9
13349.9
13349.9
13349.9
13349.9
13349.9
13349.9
13349.9
13349.9
13349.9
13349.9
13349.9
13349.9
13349.9
13349.9
13349.9
13349.9
13349.9
13349.9
13349.9
13349.9
13349.9
13349.9
13349.9
13349.9
13349.9
13349.9
13349.9
13349.9
13349.9
13349.9
13349.9
13349.9
13349.9
13349.9
13349.9
13349.9
13349.9
13349.9
13349.9
13349.9
13349.9
13349.9
13349.9
13349.9
13349.9
13349.9
13349.9
13349.9
13349.9
13349.9
13349.9
13349.9
13349.9
13349.9
13349.9
13349.9
13349.9
13349.9
13349.9
13349.9
13349.9
13349.9
13349.9
13349.9
13349.9
13349.9
13349.9
13349.9
13349.9
13349.9
13349.9
13349.9
13349.9
13349.9
13349.9
13349.9
13349.9
13349.9
13349.9
13349.9
13349.9
13349.9
13349.9
13349.9
13349.9
13349.9
13349.9
13349.9
13349.9
13349.9
13349.9
13349.9
13349.9
13349.9
13349.9
13349.9
13349.9
13349.9
13349.9
13349.9
13349.9
13349.9
13349.9
13349.9
13349.9
13349.9
13349.9
13349.9
13349.9
13349.9
13349.9
13349.9
13349.9
13349.9
13349.9
13349.9
13349.9
13349.9
13349.9
13349.9
13349.9
13349.9
13349.9
13349.9
13349.9
13349.9
13349.9
13349.9
13349.9
13349.9
13349.9
13349.9
13349.9
13349.9
13349.9
13349.9
13349.9
13349.9
13349.9
13349.9
13349.9
13349.9
13349.9
13349.9
13349.9
13349.9
13349.9
13349.9
13349.9
13349.9
13349.9
13349.9
13349.9
13349.9
13349.9
13349.9
13349.9
13349.9
13349.9
13349.9
13349.9
13349.9
13349.9
13349.9
13349.9
13349.9
13349.9
13349.9
13349.9
13349.9
13349.9
13349.9
13349.9
13349.9
13349.9
13349.9
13349.9
13349.9
13349.9
13349.9
13349.9
13349.9
13349.9
13349.9
13349.9
13349.9
13349.9
13349.9
13349.9
13349.9
13349.9
13349.9
13349.9
13349.9
13349.9
13349.9
13349.9
13349.9
13349.9
13349.9
13349.9
13349.9
13349.9
13349.9
13349.9
13349.9
13349.9
13349.9
13349.9
13349.9
13349.9
13349.9
13349.9
13349.9
13349.9
13349.9
13349.9
13349.9
13349.9
13349.9
13349.9
13349.9
13349.9
13349.9
13349.9
13349.9
13349.9
13349.9
13349.9
13349.9
13349.9
13349.9
13349.9
13349.9
13349.9
13349.9
13349.9
13349.9
13349.9
13349.9
13349.9
13349.9
13349.9
13349.9
13349.9
13349.9
13349.9
13349.9
13349.9
13349.9
13349.9
13349.9
13349.9
13349.9
13349.9
13349.9
13349.9
13349.9
13349.9
13349.9
13349.9
13349.9
13349.9
13349.9
13349.9
13349.9
13349.9
13349.9
13349.9
13349.9
13349.9
13349.9
13349.9
13349.9
13349.9
13349.9
13349.9
13349.9
13349.9
13349.9
13349.9
13349.9
13349.9
13349.9
13349.9
13349.9
13349.9
13349.9
13349.9
13349.9
13349.9
13349.9
13349.9
13349.9
13349.9
13349.9
13349.9
13349.9
13349.9
13349.9
13349.9
13349.9
13349.9
13349.9
13349.9
13349.9
13349.9
13349.9
13349.9
13349.9
13349.9
13349.9
13349.9
13349.9
13349.9
13349.9
13349.9
13349.9
13349.9
13349.9
13349.9
13349.9
13349.9
13349.9
13349.9
13349.9
13349.9
13349.9
13349.9
13349.9
13349.9
13349.9
13349.9
13349.9
13349.9
13349.9
13349.9
13349.9
13349.9
13349.9
13349.9
13349.9
13349.9
13349.9
13349.9
13349.9
13349.9
13349.9
13349.9
13349.9
13349.9
13349.9
13349.9
13349.9
13349.9
13349.9
13349.9
13349.9
13349.9
13349.9
13349.9
13349.9
13349.9
13349.9
13349.9
13349.9
13349.9
13349.9
13349.9
13349.9
13349.9
13349.9
13349.9
13349.9
13349.9
13349.9
13349.9
13349.9
13349.9
13349.9
13349.9
13349.9
13349.9
13349.9
13349.9
13349.9
13349.9
13349.9
13349.9
13349.9
13349.9
13349.9
13349.9
13349.9
13349.9
13349.9
13349.9
13349.9
13349.9
13349.9
13349.9
13349.9
13349.9
13349.9
13349.9
13349.9
13349.9
13349.9
13349.9
13349.9
13349.9
13349.9
13349.9
13349.9
13349.9
13349.9
13349.9
13349.9
13349.9
13349.9
13349.9
13349.9
13349.9
13349.9
13349.9
13349.9
13349.9
13349.9
13349.9
13349.9
13349.9
13349.9
13349.9
13349.9
13349.9
13349.9
13349.9
13349.9
13349.9
13349.9
13349.9
13349.9
13349.9
13349.9
13349.9
13349.9
13349.9
13349.9
13349.9
13349.9
13349.9
13349.9
13349.9
13349.9
13349.9
13349.9
13349.9
13349.9
13349.9
13349.9
13349.9
13349.9
13349.9
13349.9
13349.9
13349.9
13349.9
13349.9
13349.9
13349.9
13349.9
13349.9
13349.9
13349.9
13349.9
13349.9
13349.9
13349.9
13349.9
13349.9
13349.9
13349.9
13349.9
13349.9
13349.9
13349.9
13349.9
13349.9
13349.9
13349.9
13349.9
13349.9
13349.9
13349.9
13349.9
13349.9
13349.9
13349.9
13349.9
13349.9
13349.9
13349.9
13349.9
13349.9
13349.9
13349.9
13349.9
13349.9
13349.9
13349.9
13349.9
13349.9
13349.9
13349.9
13349.9
13349.9
13349.9
13349.9
13349.9
13349.9
13349.9
13349.9
13349.9
13349.9
13349.9
13349.9
13349.9
13349.9
13349.9
13349.9
13349.9
13349.9
13349.9
13349.9
13349.9
13349.9
13349.9
13349.9
13349.9
13349.9
13349.9
13349.9
13349.9
13349.9
13349.9
13349.9
13349.9
13349.9
13349.9
13349.9
13349.9
13349.9
13349.9
13349.9
13349.9
13349.9
13349.9
13349.9
13349.9
13349.9
13349.9
13349.9
13349.9
13349.9
13349.9
13349.9
13349.9
13349.9
13349.9
13349.9
13349.9
13349.9
13349.9
13349.9
13349.9
13349.9
13349.9
13349.9
13349.9
13349.9
13349.9
13349.9
13349.9
13349.9
13349.9
13349.9
13349.9
13349.9
13349.9
13349.9
13349.9
13349.9
13349.9
13349.9
13349.9
13349.9
13349.9
13349.9
13349.9
13349.9
13349.9
13349.9
13349.9
13349.9
13349.9
13349.9
13349.9
13349.9
13349.9
13349.9
13349.9
13349.9
13349.9
13349.9
13349.9
13349.9
13349.9
13349.9
13349.9
13349.9
13349.9
13349.9
13349.9
13349.9
13349.9
13349.9
13349.9
13349.9
13349.9
13349.9
13349.9
13349.9
13349.9
13349.9
13349.9
13349.9
13349.9
13349.9
13349.9
13349.9
13349.9
13349.9
13349.9
13349.9
13349.9
13349.9
13349.9
13349.9
13349.9
13349.9
13349.9
13349.9
13349.9
13349.9
13349.9
13349.9
13349.9
13349.9
13349.9
13349.9
13349.9
13349.9
13349.9
13349.9
13349.9
13349.9
13349.9
13349.9
13349.9
13349.9
13349.9
13349.9
13349.9
13349.9
13349.9
13349.9
13349.9
13349.9
13349.9
13349.9
13349.9
13349.9
13349.9
13349.9
13349.9
13349.9
13349.9
13349.9
13349.9
13349.9
13349.9
13349.9
13349.9
13349.9
13349.9
13349.9
13349.9
13349.9
13349.9
13349.9
13349.9
13349.9
13349.9
13349.9
13349.9
13349.9
13349.9
13349.9
13349.9
13349.9
13349.9
13349.9
13349.9
13349.9
13349.9
13349.9
13349.9
13349.9
13349.9
13349.9
13349.9
13349.9
13349.9
13349.9
13349.9
13349.9
13349.9
13349.9
13349.9
13349.9
13349.9
13349.9
13349.9
13349.9
13349.9
13349.9
13349.9
13349.9
13349.9
13349.9
13349.9
13349.9
13349.9
13349.9
13349.9
13349.9
13349.9
13349.9
13349.9
13349.9
13349.9
13349.9
13349.9
13349.9
13349.9
13349.9
13349.9
13349.9
13349.9
13349.9
13349.9
13349.9
13349.9
13349.9
13349.9
13349.9
13349.9
13349.9
13349.9
13349.9
13349.9
13349.9
13349.9
13349.9
13349.9
13349.9
13349.9
13349.9
13349.9
13349.9
13349.9
13349.9
13349.9
13349.9
13349.9
13349.9
13349.9
13349.9
13349.9
13349.9
13349.9
13349.9
13349.9
13349.9
13349.9
13349.9
13349.9
13349.9
13349.9
13349.9
13349.9
13349.9
13349.9
13349.9
13349.9
13349.9
13349.9
13349.9
13349.9
13349.9
13349.9
13349.9
13349.9
13349.9
13349.9
13349.9
13349.9
13349.9
13349.9
13349.9
13349.9
13349.9
13349.9
13349.9
13349.9
13349.9
13349.9
13349.9
13349.9
13349.9
13349.9
13349.9
13349.9
13349.9
13349.9
13349.9
13349.9
13349.9
13349.9
13349.9
13349.9
13349.9
13349.9
13349.9
13349.9
13349.9
13349.9
13349.9
13349.9
13349.9
13349.9
13349.9
13349.9
13349.9
13349.9
13349.9
13349.9
13349.9
13349.9
13349.9
13349.9
13349.9
13349.9
13349.9
13349.9
13349.9
13349.9
13349.9
13349.9
13349.9
13349.9
13349.9
13349.9
13349.9
13349.9
13349.9
13349.9
13349.9
13349.9
13349.9
13349.9
13349.9
13349.9
13349.9
13349.9
13349.9
13349.9
13349.9
13349.9
13349.9
13349.9
13349.9
13349.9
13349.9
13349.9
13349.9
13349.9
13349.9
13349.9
13349.9
13349.9
13349.9
13349.9
13349.9
13349.9
13349.9
13349.9
13349.9
13349.9
13349.9
13349.9
13349.9
13349.9
13349.9
13349.9
13349.9
13349.9
13349.9
13349.9
13349.9
13349.9
13349.9
13349.9
13349.9
13349.9
13349.9
13349.9
13349.9
13349.9
13349.9
13349.9
13349.9
13349.9
13349.9
13349.9
13349.9
13349.9
13349.9
13349.9
13349.9
13349.9
13349.9
13349.9
13349.9
13349.9
13349.9
13349.9
13349.9
13349.9
13349.9
13349.9
13349.9
13349.9
13349.9
13349.9
13349.9
13349.9
13349.9
13349.9
13349.9
13349.9
13349.9
13349.9
13349.9
13349.9
13349.9
13349.9
13349.9
13349.9
13349.9
13349.9
13349.9
13349.9
13349.9
13349.9
13349.9
13349.9
13349.9
13349.9
13349.9
13349.9
13349.9
13349.9
13349.9
13349.9
13349.9
13349.9
13349.9
13349.9
13349.9
13349.9
13349.9
13349.9
13349.9
13349.9
13349.9
13349.9
13349.9
13349.9
13349.9
13349.9
13349.9
13349.9
13349.9
13349.9
13349.9
13349.9
13349.9
13349.9
13349.9
13349.9
13349.9
13349.9
13349.9
13349.9
13349.9
13349.9
13349.9
13349.9
13349.9
13349.9
13349.9
13349.9
13349.9
13349.9
13349.9
13349.9
13349.9
13349.9
13349.9
13349.9
13349.9
13349.9
13349.9
13349.9
13349.9
13349.9
13349.9
13349.9
13349.9
13349.9
13349.9
13349.9
13349.9
13349.9
13349.9
13349.9
13349.9
13349.9
13349.9
13349.9
13349.9
13349.9
13349.9
13349.9
13349.9
13349.9
13349.9
13349.9
13349.9
13349.9
13349.9
13349.9
13349.9
13349.9
13349.9
13349.9
13349.9
13349.9
13349.9
13349.9
13349.9
13349.9
13349.9
13349.9
13349.9
13349.9
13349.9
13349.9
13349.9
13349.9
13349.9
13349.9
13349.9
13349.9
13349.9
13349.9
13349.9
13349.9
13349.9
13349.9
13349.9
13349.9
13349.9
13349.9
13349.9
13349.9
13349.9
13349.9
13349.9
13349.9
13349.9
13349.9
13349.9
13349.9
13349.9
13349.9
13349.9
13349.9
13349.9
13349.9
13349.9
13349.9
13349.9
13349.9
13349.9
13349.9
13349.9
13349.9
13349.9
13349.9
13349.9
13349.9
13349.9
13349.9
13349.9
13349.9
13349.9
13349.9
13349.9
13349.9
13349.9
13349.9
13349.9
13349.9
13349.9
13349.9
13349.9
13349.9
13349.9
13349.9
13349.9
13349.9
13349.9
13349.9
13349.9
13349.9
13349.9
13349.9
13349.9
13349.9
13349.9
13349.9
13349.9
13349.9
13349.9
13349.9
13349.9
13349.9
13349.9
13349.9
13349.9
13349.9
13349.9
13349.9
13349.9
13349.9
13349.9
13349.9
13349.9
13349.9
13349.9
13349.9
13349.9
13349.9
13349.9
13349.9
13349.9
13349.9
13349.9
13349.9
13349.9
13349.9
13349.9
13349.9
13349.9
13349.9
13349.9
13349.9
13349.9
13349.9
13349.9
13349.9
13349.9
13349.9
13349.9
13349.9
13349.9
13349.9
13349.9
13349.9
13349.9
13349.9
13349.9
13349.9
13349.9
13349.9
13349.9
13349.9
13349.9
13349.9
13349.9
13349.9
13349.9
13349.9
13349.9
13349.9
13349.9
13349.9
13349.9
13349.9
13349.9
13349.9
13349.9
13349.9
13349.9
13349.9
13349.9
13349.9
13349.9
13349.9
13349.9
13349.9
13349.9
13349.9
13349.9
13349.9
13349.9
13349.9
13349.9
13349.9
13349.9
13349.9
13349.9
13349.9
13349.9
13349.9
13349.9
13349.9
13349.9
13349.9
13349.9
13349.9
13349.9
13349.9
13349.9
13349.9
13349.9
13349.9
13349.9
13349.9
13349.9
13349.9
13349.9
13349.9
13349.9
13349.9
13349.9
13349.9
13349.9
13349.9
13349.9
13349.9
13349.9
13349.9
13349.9
13349.9
13349.9
13349.9
13349.9
13349.9
13349.9
13349.9
13349.9
13349.9
13349.9
13349.9
13349.9
13349.9
13349.9
13349.9
13349.9
13349.9
13349.9
13349.9
13349.9
13349.9
13349.9
13349.9
13349.9
13349.9
13349.9
13349.9
13349.9
13349.9
13349.9
13349.9
13349.9
13349.9
13349.9
13349.9
13349.9
13349.9
13349.9
13349.9
13349.9
13349.9
13349.9
13349.9
13349.9
13349.9
13349.9
13349.9
13349.9
13349.9
13349.9
13349.9
13349.9
13349.9
13349.9
13349.9
13349.9
13349.9
13349.9
13349.9
13349.9
13349.9
13349.9
13349.9
13349.9
13349.9
13349.9
13349.9
13349.9
13349.9
13349.9
13349.9
13349.9
13349.9
13349.9
13349.9
13349.9
13349.9
13349.9
13349.9
13349.9
13349.9
13349.9
13349.9
13349.9
13349.9
13349.9
13349.9
13349.9
13349.9
13349.9
13349.9
13349.9
13349.9
13349.9
13349.9
13349.9
13349.9
13349.9
13349.9
13349.9
13349.9
13349.9
13349.9
13349.9
13349.9
13349.9
13349.9
13349.9
13349.9
13349.9
13349.9
13349.9
13349.9
13349.9
13349.9
13349.9
13349.9
13349.9
13349.9
13349.9
13349.9
13349.9
13349.9
13349.9
13349.9
13349.9
13349.9
13349.9
13349.9
13349.9
13349.9
13349.9
13349.9
13349.9
13349.9
13349.9
13349.9
13349.9
13349.9
13349.9
13349.9
13349.9
13349.9
13349.9
13349.9
13349.9
13349.9
13349.9
13349.9
13349.9
13349.9
13349.9
13349.9
13349.9
13349.9
13349.9
13349.9
13349.9
13349.9
13349.9
13349.9
13349.9
13349.9
13349.9
13349.9
13349.9
13349.9
13349.9
13349.9
13349.9
13349.9
13349.9
13349.9
13349.9
13349.9
13349.9
13349.9
13349.9
13349.9
13349.9
13349.9
13349.9
13349.9
13349.9
13349.9
13349.9
13349.9
13349.9
13349.9
13349.9
13349.9
13349.9
13349.9
13349.9
13349.9
13349.9
13349.9
13349.9
13349.9
13349.9
13349.9
13349.9
13349.9
13349.9
13349.9
13349.9
13349.9
13349.9
13349.9
13349.9
13349.9
13349.9
13349.9
13349.9
13349.9
13349.9
13349.9
13349.9
13349.9
13349.9
13349.9
13349.9
13349.9
13349.9
13349.9
13349.9
13349.9
13349.9
13349.9
13349.9
13349.9
13349.9
13349.9
13349.9
13349.9
13349.9
13349.9
13349.9
13349.9
13349.9
13349.9
13349.9
13349.9
13349.9
13349.9
13349.9
13349.9
13349.9
13349.9
13349.9
13349.9
13349.9
13349.9
13349.9
13349.9
13349.9
13349.9
13349.9
13349.9
13349.9
13349.9
13349.9
13349.9
13349.9
13349.9
13349.9
13349.9
13349.9
13349.9
13349.9
13349.9
13349.9
13349.9
13349.9
13349.9
13349.9
13349.9
13349.9
13349.9
13349.9
13349.9
13349.9
13349.9
13349.9
13349.9
13349.9
13349.9
13349.9
13349.9
13349.9
13349.9
13349.9
13349.9
13349.9
13349.9
13349.9
13349.9
13349.9
13349.9
13349.9
13349.9
13349.9
13349.9
13349.9
13349.9
13349.9
13349.9
13349.9
13349.9
13349.9
13349.9
13349.9
13349.9
13349.9
13349.9
13349.9
13349.9
13349.9
13349.9
13349.9
13349.9
13349.9
13349.9
13349.9
13349.9
13349.9
13349.9
13349.9
13349.9
13349.9
13349.9
13349.9
13349.9
13349.9
13349.9
13349.9
13349.9
13349.9
13349.9
13349.9
13349.9
13349.9
13349.9
13349.9
13349.9
13349.9
13349.9
13349.9
13349.9
13349.9
13349.9
13349.9
13349.9
13349.9
13349.9
13349.9
13349.9
13349.9
13349.9
13349.9
13349.9
13349.9
13349.9
13349.9
13349.9
13349.9
13349.9
13349.9
13349.9
13349.9
13349.9
13349.9
13349.9
13349.9
13349.9
13349.9
13349.9
13349.9
13349.9
13349.9
13349.9
13349.9
13349.9
13349.9
13349.9
13349.9
13349.9
13349.9
13349.9
13349.9
13349.9
13349.9
13349.9
13349.9
13349.9
13349.9
13349.9
13349.9
13349.9
13349.9
13349.9
13349.9
13349.9
13349.9
13349.9
13349.9
13349.9
13349.9
13349.9
13349.9
13349.9
13349.9
13349.9
13349.9
13349.9
13349.9
13349.9
13349.9
13349.9
13349.9
13349.9
13349.9
13349.9
13349.9
13349.9
13349.9
13349.9
13349.9
13349.9
13349.9
13349.9
13349.9
13349.9
13349.9
13349.9
13349.9
13349.9
13349.9
13349.9
13349.9
13349.9
13349.9
13349.9
13349.9
13349.9
13349.9
13349.9
13349.9
13349.9
13349.9
13349.9
13349.9
13349.9
13349.9
13349.9
13349.9
13349.9
13349.9
13349.9
13349.9
13349.9
13349.9
13349.9
13349.9
13349.9
13349.9
13349.9
13349.9
13349.9
13349.9
13349.9
13349.9
13349.9
13349.9
13349.9
13349.9
13349.9
13349.9
13349.9
13349.9
13349.9
13349.9
13349.9
13349.9
13349.9
13349.9
13349.9
13349.9
13349.9
13349.9
13349.9
13349.9
13349.9
13349.9
13349.9
13349.9
13349.9
13349.9
13349.9
13349.9
13349.9
13349.9
13349.9
13349.9
13349.9
13349.9
13349.9
13349.9
13349.9
13349.9
13349.9
13349.9
13349.9
13349.9
13349.9
13349.9
13349.9
13349.9
13349.9
13349.9
13349.9
13349.9
13349.9
13349.9
13349.9
13349.9
13349.9
13349.9
13349.9
13349.9
13349.9
13349.9
13349.9
13349.9
13349.9
13349.9
13349.9
13349.9
13349.9
13349.9
13349.9
13349.9
13349.9
13349.9
13349.9
13349.9
13349.9
13349.9
13349.9
13349.9
13349.9
13349.9
13349.9
13349.9
13349.9
13349.9
13349.9
13349.9
13349.9
13349.9
13349.9
13349.9
13349.9
13349.9
13349.9
13349.9
13349.9
13349.9
13349.9
13349.9
13349.9
13349.9
13349.9
13349.9
13349.9
13349.9
13349.9
13349.9
13349.9
13349.9
13349.9
13349.9
13349.9
13349.9
13349.9
13349.9
13349.9
13349.9
13349.9
13349.9
13349.9
13349.9
13349.9
13349.9
13349.9
13349.9
13349.9
13349.9
13349.9
13349.9
13349.9
13349.9
13349.9
13349.9
13349.9
13349.9
13349.9
13349.9
13349.9
13349.9
13349.9
13349.9
13349.9
13349.9
13349.9
13349.9
13349.9
13349.9
13349.9
13349.9
13349.9
13349.9
13349.9
13349.9
13349.9
13349.9
13349.9
13349.9
13349.9
13349.9
13349.9
13349.9
13349.9
13349.9
13349.9
13349.9
13349.9
13349.9
13349.9
13349.9
13349.9
13349.9
13349.9
13349.9
13349.9
13349.9
13349.9
13349.9
13349.9
13349.9
13349.9
13349.9
13349.9
13349.9
13349.9
13349.9
13349.9
13349.9
13349.9
13349.9
13349.9
13349.9
13349.9
13349.9
13349.9
13349.9
13349.9
13349.9
13349.9
13349.9
13349.9
13349.9
13349.9
13349.9
13349.9
13349.9
13349.9
13349.9
13349.9
13349.9
13349.9
13349.9
13349.9
13349.9
13349.9
13349.9
13349.9
13349.9
13349.9
13349.9
13349.9
13349.9
13349.9
13349.9
13349.9
13349.9
13349.9
13349.9
13349.9
13349.9
13349.9
13349.9
13349.9
13349.9
13349.9
13349.9
13349.9
13349.9
13349.9
13349.9
13349.9
13349.9
13349.9
13349.9
13349.9
13349.9
13349.9
13349.9
13349.9
13349.9
13349.9
13349.9
13349.9
13349.9
13349.9
13349.9
13349.9
13349.9
13349.9
13349.9
13349.9
13349.9
13349.9
13349.9
13349.9
13349.9
13349.9
13349.9
13349.9
13349.9
13349.9
13349.9
13349.9
13349.9
13349.9
13349.9
13349.9
13349.9
13349.9
13349.9
13349.9
13349.9
13349.9
13349.9
13349.9
13349.9
13349.9
13349.9
13349.9
13349.9
13349.9
13349.9
13349.9
13349.9
13349.9
13349.9
13349.9
13349.9
13349.9
13349.9
13349.9
13349.9
13349.9
13349.9
13349.9
13349.9
13349.9
13349.9
13349.9
13349.9
13349.9
13349.9
13349.9
13349.9
13349.9
13349.9
13349.9
13349.9
13349.9
13349.9
13349.9
13349.9
13349.9
13349.9
13349.9
13349.9
13349.9
13349.9
13349.9
13349.9
13349.9
13349.9
13349.9
13349.9
13349.9
13349.9
13349.9
13349.9
13349.9
13349.9
13349.9
13349.9
13349.9
13349.9
13349.9
10111
7782.26
5912.89
5091.69
4818.53
4756.83
4602.65
4406.78
4251.83
3950.84
3904.01
3790.01
3860.36
3889.21
3778.26
3668.39
3756.33
3752.06
3629.87
3636.67
3696.78
3691.63
3634.78
3489.68
3285.81
3365.77
3464.15
3470.59
3547.25
3599.78
3587.46
3608.03
3644.7
3622.88
3607.52
3609.36
3630.96
3662.02
3704.52
3708.81
3669.67
3613.69
3612.87
3659.29
3638.7
3596.31
3558.51
3570.83
3575.98
3586.53
3555.54
3557.99
3577.63
3596.2
3586.08
3568.2
3533.41
3527.05
3555.69
3594
3621.36
3637.82
3651.63
3659.63
3650.54
3628.63
3608.8
3585.02
3562.55
3529.01
3477.9
3476.34
3513.5
3541.43
3554.42
3564.09
3568.48
3564.8
3544.49
3512.14
3508.97
3530.72
3565.8
3575.56
3588.44
3625.33
3656.56
3675.27
3675.74
3675.36
3672.75
3661.63
3635.43
3594.29
3565.32
3562.21
3569.15
3576.5
3575.57
3572.69
3619.43
4143.67
6833.71
11082.7
13498
13439.9
12699.9
11727.7
11072.5
11364.4
12604.1
13292.2
13173.3
12750
12784.3
12919.9
12914
12875
12839.4
12926
13056.7
13153.1
13080.5
13033.5
13057.4
13216.4
13378.6
13365.2
13269.2
13144.9
13127.9
13139.8
13138
13125.1
13105.1
13126
13141.4
13158.6
13193.2
13229.4
13277.6
13277.5
13264
13225.5
13249.3
13275.4
13274.7
13274.1
13259.4
13244.3
13254.1
13276.1
13313.4
13346.8
13371.2
13373.4
13371.7
13379.1
13401.3
13436.6
13458.7
13462.2
13452.7
13437.5
13420.3
13414.1
13417.6
13409.7
13395.7
13385.5
13381
13378.4
13386
13400.6
13430
13434.2
13432.3
13416.3
13403.1
13402.4
13399.1
13401.5
13408.2
13412.9
13408.4
13407.5
13415.5
13418.5
13426.3
13438.5
13447.6
13456.8
13461.3
13456.4
13445.1
13436.2
13429.2
13427.5
13432.8
13448
13460.7
13466.1
13465.3
13457.5
13453.8
13459.7
13464
13469.4
13471.6
13468.5
13462.7
13451
13441.3
13435.7
13436.7
13440
13448.7
13464.7
13480.2
13491.1
13499.7
13495.7
13490.4
13483.8
13476.8
13467.7
13465.8
13468.3
13475.6
13488.1
13501.5
13520
13517.8
13517
13512.2
13506.7
13497
13485.3
13477.6
13468.2
12788.1
11569
9853.92
9054.99
8306.89
7693.87
6388.6
5874.81
5251.04
5141.4
5037.07
4979.68
4914.94
4761.63
4391.81
4430.48
4583.74
4515.79
4269.17
4077.81
4018.6
4008.22
3981.76
4068.79
4182.4
4154.15
4144.13
4124.55
4049.74
3874.42
3860.46
3804.77
3811.3
3850.15
3878.97
3859.18
3811.78
3795.22
3826.89
3877.5
3886.32
3890.62
3877.6
3854.93
3823.29
3819.8
3820.18
3800.54
3789.99
3806.58
3829.33
3844.04
3852.12
3847.47
3831.43
3805.71
3769.77
3748.67
3730.11
3704.72
3682
3666.92
3670.15
3701.85
3760.7
3776.04
3772.52
3771.05
3769.29
3770.11
3768.01
3742.38
3690.53
3619.28
3566.21
3575.32
3601.4
3638.19
3676.37
3713.25
3748.69
3769.71
3776.53
3771.83
3753.39
3721.99
3692.88
3684.62
3675.23
3671.4
3679.01
3695.8
3719.71
3734
3725.79
3700.8
3666.78
3639.1
3633.49
3633.84
3640.73
3659.97
3911.06
5091.44
7159.14
9672.99
9895.74
11223.5
11344.2
12534.3
13179.4
13379.4
12713.8
12614.5
12746.4
12930.3
12886.9
12886.8
12926.6
13035.8
13113.5
13084.8
13023.9
13038.2
13113.9
13339.5
13477.9
13405.9
13237.7
13177.8
13178
13178.3
13158.7
13140.3
13136.9
13157.3
13178.4
13179.9
13205.4
13227.5
13225.2
13219.6
13215.9
13207.2
13258.5
13290.6
13292.1
13282.9
13251.7
13236.6
13245.7
13274.6
13312.4
13348.2
13374.7
13376.4
13384.3
13401.7
13426.3
13474.7
13487.1
13483.6
13467.3
13440.8
13411.5
13400.7
13399.2
13391.6
13380.3
13373.5
13372.3
13377.4
13387.9
13406.1
13434.2
13437.5
13434.6
13415.8
13397.6
13395.9
13397.9
13404.2
13414.6
13425.9
13423.6
13419.8
13421.9
13423.4
13430.2
13442
13450.2
13458.3
13461.4
13456.8
13443.5
13437.1
13429.6
13427.7
13433.9
13447.6
13461.1
13464.6
13464.3
13454.2
13453.9
13459.2
13463.4
13468
13468.1
13464.8
13459.3
13445.2
13438.1
13433.8
13434.4
13437.5
13447.4
13465.5
13479.8
13492.3
13499.6
13498.4
13493.8
13487.2
13480.2
13472
13468.7
13470.5
13476.9
13488.5
13502.9
13518.2
13518.6
13517.5
13512.4
13506.9
13497.3
13485.5
13479.6
13470.1
13437.3
12850.6
12584.5
11630.7
10438.1
9340.33
8967.8
8311.01
7348.93
7047.71
6553.96
6023.48
5829.39
5573.98
5288.93
5055.82
4989.82
4846.17
4836.1
4844.72
4866.11
4891.94
4851.26
4670.9
4474.87
4361.69
4270.91
4311.01
4372.75
4409.82
4403.77
4369.26
4315.61
4293.83
4277.16
4260.5
4217.69
4160.83
4111.88
4077.97
4054.69
4014.62
3944.44
3871.25
3873.63
3913.15
3978.52
3973.65
3958.67
3943.81
3919.55
3921.39
3928.87
3915.3
3892.67
3899.37
3920.71
3931.62
3928.79
3935.68
3964.68
3970.13
3954.13
3926.46
3887.52
3830.57
3794.14
3806.74
3829.94
3876.17
3906.88
3915.48
3908.81
3891.77
3884.81
3880.62
3856.62
3824.44
3828.42
3852.86
3882.7
3893.52
3891.46
3891.5
3877.77
3847.91
3834.2
3832.36
3835.39
3826.39
3817.59
3804.65
3804.5
3805.09
3810.81
3818.02
3813.63
3808.73
3800.54
3789.07
3772.72
3764.43
3782.23
3827.98
4119.94
4985.11
7197.48
11338.4
10224.8
13112.8
12947.2
11992.5
11578
12245.9
12821.9
12913.2
12767.7
12889.8
13133.4
13212.5
13125.7
12920.5
12949
13029
13279.7
13483.1
13412
13223.3
13148.9
13160.2
13184.4
13200.2
13166.3
13142.1
13164.7
13196.7
13201.1
13207
13176.3
13192.7
13167.6
13144.1
13153.4
13177.5
13264.8
13304.9
13308.7
13296.1
13249.4
13229.1
13242.6
13275.5
13309.9
13346.8
13366.9
13376.1
13395.5
13420.4
13457.4
13480
13486.1
13481.7
13462
13432.3
13399.6
13383.1
13377.6
13372.2
13365
13362.9
13365.7
13374
13387.2
13405.2
13428
13435.2
13431.5
13410.1
13390.3
13389.9
13395.7
13406.3
13417.5
13431.3
13432.6
13430
13427.6
13429.2
13435.8
13445.9
13452.2
13458.6
13459.7
13455.4
13443.3
13436.7
13433.1
13431.8
13437.9
13449.9
13463
13466.8
13464.9
13459.9
13452.6
13459.9
13463.5
13465.7
13463.4
13460.4
13453.2
13440
13435.1
13433.2
13433.9
13437.5
13449.4
13468.6
13481.1
13492.9
13500.3
13501.1
13497.7
13491.5
13483.8
13477.9
13471.9
13473
13478
13488.8
13503.2
13514.3
13517.4
13515.9
13511.9
13504.5
13495.5
13485.6
13481.1
13471.8
13565.3
13523.8
13311.4
12947.5
12389.6
11572.5
10904.8
10131.9
9620.57
9091.91
8299.13
7260.75
7085.98
6759.85
6574.36
6132.88
5839.06
5787.73
5875.41
5946.03
5883.27
5800.34
5641.45
5318.57
5011.18
4849.82
4819.82
4839.23
4928.6
4935.2
4903.8
4818.57
4686.45
4566.38
4527.36
4539.6
4546.56
4536.14
4508.84
4454.72
4461.72
4455.99
4415.54
4401.24
4418.12
4410.34
4412.53
4411.08
4396.75
4375.04
4364.81
4337.86
4289.97
4227.17
4166.58
4108.37
4061.59
4014.15
4018.87
4058.85
4107.88
4125.13
4121.16
4098.59
4097.2
4099.52
4096.38
4072.52
4040.76
4026.11
3971.81
3982.09
4010.94
4001.54
4038.63
4067.27
4063.01
4047.53
4026.27
3998.46
3973.37
3967.95
3971.54
3989.14
3988.88
3978.62
3960.89
3939.74
3933.9
3939.2
3957.37
3957.31
3945.28
3923.99
3917.6
3921.79
3932.48
3935.54
3929.35
3915.76
3887.95
3861.05
3860.36
3858.13
3881.67
3924.89
4940.55
4840.78
7074.43
10642.4
10956.6
10893.4
11468.5
12422.7
12667.2
12613.3
12812.9
13195.3
13356.6
13276.3
13038.2
12883.6
12960
13112.6
13366.2
13342.9
13220
13081.7
13088.4
13168.4
13189.4
13178.5
13155.6
13159.5
13203
13199.8
13196.7
13169.1
13163.9
13146.8
13110.8
13097.8
13108.2
13157.3
13259.9
13311.6
13317.9
13305.2
13256.2
13237.7
13253.9
13281.7
13306.1
13335.8
13356.6
13371.2
13402.9
13436.7
13482.1
13477.4
13477.1
13468.3
13446
13416.6
13390.6
13370.4
13358.3
13351.8
13348.1
13349.4
13356.2
13365
13380.1
13395.8
13411.7
13426.7
13420.7
13400.8
13381.4
13384.1
13392.2
13406.4
13418
13429.5
13435.1
13435.9
13432.7
13434.3
13440.8
13449.4
13453.2
13457.4
13457.3
13453.7
13443.9
13439.1
13437.8
13437.9
13444.3
13454.7
13467.9
13473
13469.7
13468.1
13458.4
13462
13463.7
13463.3
13457.7
13455.6
13443.5
13435
13433
13433.5
13435.7
13439.5
13456.6
13472.3
13484.9
13493.8
13500.8
13504.1
13502
13495.9
13487.2
13483.6
13475.9
13476.1
13479.4
13488.8
13501.6
13510.7
13514.2
13513.1
13509.8
13500
13492.4
13486.7
13481.2
13472.6
13594.8
13588
13550.8
13469.2
13284.4
12993.5
12591.9
12112.4
11413.5
10679.6
10226.4
9327.75
8367.07
8414.49
8266.94
7784.27
7334.73
7156.88
7037.21
6797.73
6466.17
6431.85
6344.05
6134.66
5888.04
5706.98
5671.07
5736.61
5720.3
5657.4
5589.15
5487.36
5341.85
5184.45
5037.41
4909.23
4903.62
4873.91
4791.22
4669.7
4655.78
4636.59
4637.91
4648.92
4682.33
4673.5
4674.94
4641.05
4589.22
4567.29
4566.24
4562.39
4548.47
4521.71
4496.01
4460.25
4414.74
4418.52
4426.09
4424.42
4407.23
4357.78
4299.88
4234.02
4232.93
4223.92
4199.25
4200.73
4195.92
4177.01
4170.6
4188.04
4199.73
4182.49
4129.31
4080
4084.53
4096.37
4108.9
4129.34
4143.17
4139.99
4141.74
4134.98
4120.92
4108.03
4089.03
4060.64
4012.27
4023.59
4043.29
4040.99
4037.27
4037.39
4025.34
4007.57
4009.77
4020.03
4019.11
4012.61
3999.71
3982.52
3953.68
3942.86
3930.71
3937.8
3984.43
4030.01
7327.18
6632.14
8687.71
10707.4
13367.3
12839.7
10908.6
11259.9
12680.2
13173.3
13166.3
12975.6
12617.7
12712.5
12960.3
13067.7
13231.3
13104.6
12880.5
12936.5
13044.6
13152.6
13152.7
13097.9
13115.4
13161
13198.3
13187.3
13152
13164
13153.1
13100.6
13066.2
13077.8
13094.5
13157.9
13248.6
13309.1
13309.8
13294.1
13258.2
13254.8
13267.3
13284.3
13295.8
13312.2
13341.1
13367.9
13408.3
13441.3
13469.8
13474.4
13472.1
13450.7
13428.3
13406.5
13386.1
13363.2
13343.4
13333.5
13333.4
13334.5
13340.6
13350.1
13363.4
13380.3
13391.3
13406.6
13402.2
13388.7
13375.5
13380.2
13389.6
13405.3
13415.4
13424.1
13432.5
13438.3
13437.2
13438.5
13444.5
13451.6
13453.6
13454.7
13454.8
13452.4
13446.4
13442.5
13443.3
13445.3
13452.3
13462.5
13475.3
13482.3
13480.2
13475.6
13472.3
13466.4
13464.8
13462
13452.7
13449.6
13429
13433.2
13432.5
13433.8
13437.9
13443.8
13465.8
13478.3
13490
13496.7
13502.4
13506.6
13506.5
13501.4
13491.3
13488.6
13481.7
13477.3
13482
13488.5
13498.8
13505.8
13509.6
13509.1
13505.9
13495.5
13489.1
13487
13480.6
13473.1
13598.9
13597.5
13592.9
13582.4
13548.9
13484.7
13308
13015.9
12724.8
11972.2
11747.5
11453.6
10606.8
9944.28
9537.07
9351.4
8686.93
8059.54
7941.42
7819.28
7404.61
7328.23
7219.56
6977.21
6589.83
6372.06
6240.46
6260.92
6253.6
6211.25
6087.12
5909.62
5770.99
5712.6
5640.29
5522.53
5442.95
5392.21
5305.49
5230.73
5164.76
5101.71
5104.95
5099.75
5074.4
5046.41
4990.46
4924.74
4875.2
4815.65
4730.56
4633.21
4570.99
4556.33
4534.08
4531.25
4561.63
4608.79
4619.11
4634.1
4623.35
4606.08
4578.58
4546.93
4532.54
4483.55
4411.33
4317.38
4203.53
4170.29
4201.86
4223.03
4272.81
4346.55
4332
4346.98
4330.27
4295.03
4271.84
4260.25
4254.6
4255.76
4258.9
4246.76
4210.35
4176.46
4180.21
4177.52
4179.52
4196.65
4192.92
4182.02
4164.74
4156.19
4147.68
4141.49
4119.04
4078.75
4034.26
4014.38
4025.78
4047.17
4082.25
4106.6
4101.82
4097.3
4085.36
4042.32
4348.69
4600.52
5138.59
7028.28
8964.39
10025.2
10744.2
12614.5
13304.6
12927.3
12403.4
12247.7
12418.4
12833.4
13100.5
13060.1
12824.4
12642.2
12773.4
12991.4
13147
13132
13048.5
13034.8
13102.1
13152.5
13138.8
13121.6
13138.4
13167.8
13158.5
13105
13079
13083.2
13104.5
13152.5
13227.7
13269.2
13266
13257.7
13250.7
13253.4
13261.8
13271.8
13276.6
13290.4
13321
13370.2
13413.1
13438.9
13463.1
13459.7
13453.5
13434.1
13418.2
13402.5
13385
13351.6
13331.5
13323.4
13322.9
13321
13324
13330.5
13343.8
13362.9
13372.9
13380.5
13381.2
13372.5
13372.9
13377.2
13389
13402
13409.8
13418
13428.3
13438.1
13441
13442.4
13447.2
13452.6
13453.8
13452.2
13452.7
13452.2
13449.3
13448.1
13449.9
13453.6
13461.1
13471.9
13484.8
13494.3
13492.3
13488.8
13484.1
13474.6
13468
13461.3
13449.7
13440.6
13421.3
13428.4
13430.8
13434.4
13440.7
13451.7
13474
13487.4
13496.5
13501.9
13505.4
13508.7
13511.3
13507.2
13497.5
13491.2
13487
13481.2
13481.8
13487.5
13495.7
13500.8
13504.5
13504.3
13500.3
13491.3
13484.7
13484.1
13479.7
13474.5
13599.8
13599.3
13598.6
13596.9
13593.1
13580.8
13555.7
13468.6
13346.7
13160.6
12658.1
12644.6
12428.2
11496.3
10728.7
10592.4
10280.4
9644.34
9205.76
8939.63
8598.29
8235.02
8031.75
7894.04
7618.47
7290.09
7069.9
7072
7023.58
6846.49
6522.66
6159.74
6082.9
6158.86
6155.9
6083.71
5919.96
5781.85
5691.13
5669.05
5673.42
5668.66
5620.88
5546.53
5494.45
5454.95
5378.91
5327.83
5298.8
5258.08
5164.87
5057.54
5005.76
5025.02
5012.13
4976.69
4931.43
4911.43
4886.34
4798.82
4659.56
4652.12
4678.43
4715.92
4729.94
4728.31
4718.64
4643.41
4615.54
4621.38
4614.29
4582.24
4536.33
4500.68
4570.1
4582.5
4559.83
4523.56
4488.74
4457.6
4442.76
4438.41
4421.29
4395.47
4370.26
4348.36
4304.81
4252.84
4262.24
4258.23
4245.01
4244
4231.51
4224.14
4236.05
4249.84
4254.31
4242.65
4211.33
4199.86
4197.66
4197.47
4199.87
4206.08
4209.98
4213
4211.21
4189.8
4183.7
4193.09
4224.28
4554.44
5110.53
7354.44
10750.2
14138.6
13100.7
10299.2
10660.9
11519.8
12480.1
13488.2
13356.3
12835.6
12084.9
12337.7
12819.3
13396.7
13318.4
13083.2
12926.2
12962.6
13126.9
13124.4
13071.9
13016.9
13090.9
13180
13187.5
13142.8
13117.9
13103.2
13119.7
13145.7
13174.4
13216.1
13238.9
13239.1
13244.8
13252.3
13249.9
13256.6
13257.4
13270
13305.3
13374.4
13411.6
13439.8
13443.9
13443.9
13435.1
13432.3
13413
13388.9
13367.9
13335.4
13323
13318.5
13313.8
13303.9
13302.9
13310.3
13329.8
13348
13353.8
13360.2
13360.7
13363.3
13368.9
13375.6
13388.4
13399.4
13407.4
13414.3
13425.3
13438.6
13444.2
13445.8
13449.4
13451.9
13450.6
13451.1
13451.3
13451.5
13452.2
13454.3
13457.1
13461.9
13469.9
13480.9
13494.2
13506.8
13505.8
13502.3
13497.4
13486
13473.9
13462.1
13449.8
13427.7
13421.6
13423.6
13427.4
13433.7
13443.2
13461.4
13483.9
13496.9
13503.5
13507.5
13509.2
13511.6
13515.1
13511.9
13504.3
13494.8
13489.3
13486.1
13481.5
13485.2
13491.4
13495.5
13499.1
13498.7
13494.1
13487
13480.7
13480.7
13478.6
13475.6
13601.5
13600.9
13600.4
13599.8
13599
13597
13588.7
13578.2
13549.8
13511.8
13357.9
13224.3
13117.1
12819.3
12242.2
11790.4
11544.8
11094.8
10407.9
9949.88
9722
9267.01
8952.59
8780.37
8600.4
8114.75
7802.8
7730.67
7656.08
7455.88
7136.42
6794.83
6770.3
6798.49
6771.88
6676.78
6491.57
6300.03
6221.84
6057.67
6055.53
6054.34
5984.73
5849.4
5759.86
5685.79
5635.67
5553.46
5506.91
5485.6
5476.24
5483.47
5470.74
5443.39
5431.52
5393.91
5307.17
5256.58
5201.55
5124.08
5044.16
4977.03
4931.74
4879.15
4806.68
4809.28
4828.9
4882.18
4927.4
4929.13
4915.87
4896.87
4841.49
4815.03
4791.57
4741.19
4680.28
4628.96
4564.04
4530.34
4530.25
4533.97
4529.29
4510.15
4504.81
4504.92
4485.86
4484.23
4494.07
4484.55
4462.65
4442.82
4428.23
4398.25
4355.11
4299.73
4290.55
4302.29
4327.93
4354.26
4354.17
4339.39
4313.91
4285.67
4258.45
4254.46
4255.75
4256.68
4250.21
4211.95
4221.94
4236.08
4265.38
4520.54
5798.09
7980.29
9284.76
10180.2
11052.3
12256.3
13170.6
13341.2
13125.1
12923.8
12542
12715.4
13126
13388.8
13012.6
12883.6
12938.2
13066.7
13084.1
13075.1
13085.3
13113.2
13165.3
13207.7
13194.4
13166
13155.9
13124.4
13127.9
13142.7
13122.9
13172.4
13232.8
13233.1
13233.8
13235.6
13233.3
13233.9
13239.7
13260.1
13301.5
13379.2
13407.3
13421
13411.2
13416
13422.1
13415.8
13399.6
13385.2
13359
13336
13322.7
13322.7
13316.9
13301.1
13296.9
13302
13320.9
13339.8
13341.6
13345.7
13346.6
13355.6
13368
13383.4
13388.4
13398.7
13406.4
13412.3
13424
13440.2
13447.7
13448.5
13449.8
13449.4
13445.3
13448
13449.7
13452.2
13456
13461
13464
13469.2
13477.4
13487.9
13502.2
13517.5
13517.5
13514.9
13509.7
13497.6
13481.2
13464.1
13451
13421
13417
13420.2
13423.7
13432.9
13446.1
13471.4
13493.8
13505.8
13510.4
13513.4
13513.5
13514.4
13517.3
13516.1
13509.6
13500.5
13490.1
13487.3
13484
13482.2
13486.6
13490.8
13493.5
13492.9
13489.1
13482.2
13476.5
13477.8
13477.6
13477
13603.7
13602.9
13602.1
13601.4
13600.8
13599.9
13598.3
13596.4
13591.8
13582.2
13561.6
13513.3
13451.5
13386.3
13205.5
12765.4
12434.2
12166.1
11660.3
11180.1
10873.2
10409.5
10020.3
9785.43
9584.35
9265.56
8871.3
8425.13
8026.6
7752.83
7744.84
7691.72
7596.62
7456.22
7355.36
7193.29
6998.06
6894.62
6868.84
6722.66
6581.64
6506.73
6397.42
6313.66
6219.36
6136.05
6054.93
5978.26
5886.35
5819.09
5784.63
5752.28
5716.96
5655.56
5606.79
5553.81
5468.85
5345.5
5237.1
5233.04
5265.28
5266.37
5239.36
5181.75
5115.26
5078.02
5062.09
5062.33
5039.05
4991.27
4937.34
4930.4
4918.07
4910.24
4896.98
4882.52
4850.17
4821.86
4757.99
4715.03
4717.42
4697.57
4627.42
4543.95
4540.81
4536.55
4543.35
4560.43
4581.9
4612.53
4639.36
4640.97
4641.63
4633.67
4600.44
4578.59
4557.71
4536.06
4502.63
4455.3
4421.4
4412.63
4415.36
4408.96
4395.49
4371.01
4322.68
4296.32
4299.45
4309.39
4313.8
4304.63
4281.71
4293.37
4383.05
4616.18
6780.2
10444
13469.3
13282.3
14064.4
12394.7
11696.6
12129.5
12955.8
13686.8
13625.3
13134.7
12677.1
12791.6
13051.2
13128.5
13066.1
13010
13077.8
13194.9
13244.3
13246.1
13216.7
13195
13182.3
13141
13136.6
13124.5
13110
13154.4
13222.9
13225.1
13218.4
13214.3
13213.9
13211
13222.1
13255.1
13307.8
13376.2
13379.2
13396.4
13385.2
13387.4
13406.8
13402.4
13394.6
13380.9
13366.1
13341.8
13330.7
13332.7
13322.8
13295.1
13284.4
13296.8
13316.4
13337.7
13336.7
13337.9
13342.3
13354.7
13373.6
13392.2
13393.7
13401
13408.5
13415
13426.2
13442.9
13450.9
13449.9
13447.9
13443.1
13440.4
13443.7
13448.4
13454
13461.2
13467
13469.7
13475.3
13483.3
13491.4
13507
13522.6
13525
13524.1
13520.2
13508.8
13489.6
13469
13452.3
13422.7
13413.2
13416
13421.5
13433.1
13449.3
13479.9
13502.7
13513.6
13516.6
13518.7
13517.5
13517.1
13518.9
13518.5
13513.4
13504.4
13491.3
13488.3
13484.8
13479.9
13482.4
13486.4
13487.9
13487.3
13484.8
13478.7
13472.9
13474.7
13476.2
13478.1
13607.1
13606.2
13605.3
13604.4
13603.5
13602.6
13601.8
13600.6
13599.3
13596.9
13592.6
13584.4
13569.6
13547.4
13503.7
13369.5
13138
12956.7
12691.1
12227
11903.1
11519.4
11056
10758.9
10560.7
10366.2
9948.77
9287.66
8680.9
8618.64
8642.47
8573.1
8348.56
8022.02
7984.05
7758.1
7442.87
7438.12
7395.52
7289.23
7099.88
6943.71
6767.05
6652.47
6574.8
6534.13
6477.25
6420.59
6359.55
6298.82
6215.23
6122.67
6070.68
6021.98
5957.52
5901.15
5820.94
5620.2
5559.23
5556.61
5548.66
5504.92
5400.33
5347.03
5333.85
5340.3
5330.7
5285.96
5261.1
5226.29
5177.52
5135.67
5074.52
5002.8
4921.3
4868.23
4865.9
4866.92
4880.46
4925.88
4943.21
4922.69
4862.46
4803.33
4745.36
4714.87
4715.89
4714.83
4698.01
4689.87
4674.93
4654.54
4653
4665.14
4678.05
4696.34
4699.26
4695.32
4677.46
4639.62
4592.49
4556.3
4523.9
4498.1
4487.12
4483
4467.94
4458.59
4455.18
4442.72
4412.07
4394.5
4377.78
4367.43
4366.79
4370.59
4657.6
5303.24
6894.84
8686.54
10442.3
10582.5
10995.3
11668.9
12970.1
14048
13550.1
12762.5
12788.6
13034.2
13243.4
13141.6
13080.7
13064.7
13095.2
13196.7
13188
13174.6
13163.5
13182.4
13180.2
13141.2
13125.1
13115.3
13137.3
13180.1
13216.6
13211.1
13203.2
13201.7
13202.9
13202.5
13216
13250.4
13309.8
13356.8
13337.5
13348.3
13367.7
13375.3
13395.4
13403.5
13400.2
13388.6
13382
13367.2
13365.7
13361.9
13347.7
13317
13299.2
13307.3
13323.9
13344.1
13345.2
13342.6
13347.2
13363.9
13384.9
13398.3
13404.3
13408.5
13414.9
13423.2
13432.7
13446
13451.4
13448.6
13443.6
13433.1
13434.5
13439.9
13448.5
13457
13466.3
13471.7
13473.8
13480.2
13485.9
13491.8
13508.2
13521.1
13525.1
13525.8
13523.6
13514.1
13496.5
13475.6
13456.2
13428
13413.2
13415.2
13421.9
13434.2
13452.8
13487.3
13509.5
13518.9
13520.6
13521.8
13520.2
13518.8
13519.2
13520.4
13515.7
13505.6
13493.2
13488.2
13484.7
13478.6
13479.6
13482.5
13483.2
13482.6
13481.6
13476.4
13470.2
13472
13474.8
13479.1
13609.3
13608.4
13607.5
13606.7
13606
13605.2
13604.4
13603.4
13602.5
13601.4
13599.9
13597.6
13594.1
13588.1
13577.6
13552.7
13486.6
13389.1
13287.5
13049.8
12741.7
12492.7
12094.5
11635.2
11451.6
11288.3
10927.9
10470.7
10067.1
9747.51
9517.34
9379.82
9158.42
8850.12
8623.28
8403.92
8138.26
8007.38
7832
7703.64
7583.57
7473.81
7388.51
7173.16
6986.13
6929.75
6873.94
6774.15
6698.21
6643.74
6573.11
6472.79
6373.16
6292.65
6216.35
6154.42
6102.87
6032.68
5995.67
6001.58
5961.75
5850.58
5741.36
5699.14
5665.33
5624.01
5569.9
5505.92
5471.29
5462.2
5438.59
5406.33
5360.89
5296.32
5197.61
5126.84
5152.76
5148.17
5164.26
5114.89
4983.57
4982.42
5000.81
4994.51
4965.42
4988.39
4996.55
4992.42
4985.02
4951.92
4896
4866.1
4864.08
4859.73
4839.01
4802.31
4767.95
4745.36
4739.6
4733.9
4718.57
4695.94
4651.04
4597.16
4560.29
4561.86
4571.35
4580.84
4587.9
4586.3
4566.51
4529.78
4502
4484.72
4457.05
4410.31
4424.46
4468.84
4655.83
5703.26
6847.85
9804.95
13245.1
10541.5
13514.4
12169.7
10735
11086.8
12419.1
13157.4
13087.2
12975.1
13062.7
13062.5
13079.2
13059.8
12965.5
12978.2
13047.6
13148.4
13133.6
13112.4
13115.7
13126.1
13141.5
13196.6
13211.2
13196
13180.6
13185.4
13189.8
13193.8
13213
13240.1
13294.3
13307.1
13298.1
13300.3
13337.2
13361.6
13378.5
13399.7
13409.2
13405.5
13407.6
13406.3
13400.2
13391
13375.9
13348.2
13314.4
13321.3
13336.1
13353
13361.4
13355.2
13360.5
13379.1
13400
13409.1
13415.3
13417.6
13425.1
13435.3
13442.3
13448.1
13447.3
13443.3
13434.5
13421.3
13428
13437
13450
13460.4
13470
13474.3
13476.2
13483
13486
13490.9
13504.9
13514
13518.5
13520.6
13519.5
13512.5
13498.4
13480.5
13461
13435.7
13417.2
13418.3
13424.7
13436.1
13456.5
13493.4
13514.2
13521.4
13522.6
13523.9
13521.6
13519.5
13518.8
13519.8
13514.7
13504.9
13493.6
13487.1
13484.3
13478.1
13477.4
13479.3
13479.8
13479.7
13479.5
13474.8
13468.5
13469.8
13473.4
13479.6
13611.9
13611
13610.1
13609.2
13608.3
13607.5
13606.6
13605.6
13604.7
13603.9
13603
13601.9
13600.5
13598.4
13595.3
13590.2
13579.1
13553.1
13517.8
13451.1
13311.1
13120.7
12903.7
12588.4
12295.7
12111.1
11859.7
11497.2
11063.4
10509.5
10172.6
10058.9
9874.05
9621.52
9249.34
9109.19
8906.42
8573.41
8348
8208.04
8081.76
7911.85
7857.52
7772.82
7562.89
7414.57
7340.91
7251.65
7095
6976.66
6920.49
6843.05
6739.96
6661.36
6602.89
6546.27
6472.1
6412.13
6334.28
6264.51
6196.74
6163.69
6173.71
6142.87
6072.14
5976.59
5869.9
5810.64
5763.21
5705.85
5655.72
5603.09
5568.7
5562.85
5551.45
5584.36
5583.71
5574.26
5533.22
5417.44
5246.76
5192.97
5183.63
5184.08
5210.28
5209.72
5178.37
5134.45
5108.88
5091.81
5081.84
5067.67
5044.65
5009.47
4963.6
4912.3
4875.28
4850.44
4825.63
4822.55
4815.15
4799.13
4775.36
4755.1
4732.35
4689.52
4651.32
4617.71
4601.5
4603.46
4614.65
4626.98
4625.42
4589.19
4545.56
4517.29
4487.96
4496.08
4517.12
4570.76
4703.05
5736.63
7180.17
9206.44
10932.4
11028.8
10849.8
12598.9
13069.1
12902.1
12571.4
12777.6
13103.1
13045.5
12903.9
12770.8
12872
13084.7
13174.5
13189.5
13085.3
13100.6
13127.3
13140.7
13172.2
13207.7
13184.1
13166.1
13164.2
13169.3
13173.5
13182
13194
13211.1
13258.1
13256.1
13269.9
13282
13307.9
13337.6
13360.9
13390.8
13413.5
13425.4
13432.4
13451.9
13449.9
13437.7
13420.3
13396.8
13366
13357.4
13365
13374.5
13380.3
13368.8
13373.7
13394.5
13412.7
13419.7
13426.8
13427.7
13437.6
13450.7
13451.5
13448.3
13439.6
13433.6
13414.9
13413.4
13421.9
13435.7
13451.9
13463.1
13471.7
13474.7
13477.1
13483.8
13485.2
13489.2
13496.7
13502.8
13507.9
13510.1
13510.9
13507
13497
13482.6
13465.2
13443.8
13425.3
13425.3
13429.5
13438.9
13461.3
13497.4
13516.5
13521.4
13521.5
13522.5
13519.6
13517.5
13516.8
13516
13511.9
13502.3
13491.6
13485.1
13483.3
13478.4
13476.7
13477.8
13478.4
13479
13478.8
13474.5
13467.8
13468.7
13472.3
13479.8
13614.8
13613.9
13612.9
13612
13611.1
13610.2
13609.3
13608.4
13607.5
13606.6
13605.8
13604.9
13603.9
13602.7
13601.2
13599.3
13596.5
13591.5
13582.4
13566.4
13535.8
13459.2
13358.2
13253.3
13019.3
12784.1
12601.9
12311.4
11988.3
11629.8
11146.8
10868.6
10631.6
10314.4
10004.3
9817.24
9699.65
9336.22
9079.71
8897.34
8686.96
8406.78
8343.19
8361.02
8218.42
7917.09
7808.68
7747.87
7601.25
7408.9
7290.66
7203.89
7079.91
6972.33
6920.14
6902.98
6867.66
6797.04
6669.43
6544.87
6453.71
6430.11
6399.88
6343.91
6278.47
6226.99
6150.68
6092.43
6058.48
6009.01
5936.76
5863.29
5820.94
5787.35
5781.98
5759.44
5715.51
5664.3
5599.62
5553.9
5536.72
5475.05
5455.66
5443.37
5443.55
5416.22
5348.13
5260.39
5195.28
5170.73
5161.27
5143.6
5114.44
5078.43
5044.92
5020.75
4995.26
4970.67
4943.96
4905.03
4861.98
4837.9
4846.99
4857.51
4856.55
4832.79
4810
4802.56
4778.53
4765.96
4774.6
4764.5
4744.53
4693.48
4657.82
4657.01
4637.29
4628.12
4619.67
4610.69
4620.86
4686.32
4878.09
8927.99
7980.52
11221
12187
13379.8
13203.4
11443.3
11432.5
12318
13049.1
12899.5
12644.9
12485.1
12767.7
13189.4
13309.8
13167.8
13104
13142.3
13173.6
13134.6
13163.4
13163.7
13155
13145.7
13146
13146.2
13147.9
13161.5
13167.5
13183
13225.7
13237.9
13261.4
13270.4
13287.8
13313.1
13338.2
13374.3
13410.7
13439.2
13454.4
13480.6
13479.8
13470.2
13452.3
13430.3
13401.9
13389.1
13390.2
13394.2
13392.8
13376.3
13380.4
13403.2
13416.2
13425.4
13434.1
13440.1
13448.1
13462.4
13458.4
13444
13428.8
13418.3
13397
13404.3
13416.6
13436.2
13452.9
13464.5
13471.1
13473.2
13476.2
13482.7
13483.7
13486.1
13488.2
13491.3
13493.8
13497.4
13498.4
13498.3
13494.5
13481.7
13467.2
13452
13436.7
13435.1
13437.1
13443.6
13465.4
13501.7
13516.3
13517.4
13517.1
13517.3
13514.2
13513.2
13512.7
13510.8
13507.2
13498.3
13488.8
13483.6
13482.4
13478.6
13476.9
13477.7
13478.3
13479.5
13479
13475
13468.1
13468.2
13471.4
13479.7
13617.9
13616.9
13615.9
13615
13614.1
13613.1
13612.2
13611.3
13610.3
13609.4
13608.5
13607.6
13606.7
13605.8
13604.7
13603.4
13602
13600.1
13597.5
13593.4
13586.7
13572.4
13540.5
13503.6
13428.8
13286.3
13154.9
12975.1
12716.6
12502.2
12130.7
11703.8
11467.7
11153.3
10741.6
10528.9
10444.9
10118.1
9842.91
9617.44
9196.44
8866.87
8918.61
8913.33
8850.26
8584.57
8320.25
8173.56
8046.59
7851.13
7723.3
7672.24
7561.75
7399.25
7257.53
7214.23
7193.87
7137.46
7012.49
6874.41
6810.8
6772.79
6723.05
6668.63
6594.4
6514.01
6444.24
6366.31
6299.75
6247.91
6201.4
6146.69
6112.64
6071.59
6078.98
6031
5958.4
5889.21
5774.12
5660.18
5665.46
5686.22
5671.19
5639.18
5605.72
5554.22
5503.68
5449.15
5375.06
5316.49
5296.7
5280.45
5248.67
5209.16
5203.84
5196.87
5175.63
5140.9
5092.47
5036.67
4993.98
4992.12
4973.49
4905.16
4894.79
4909.68
4917.21
4925.43
4930.54
4935.29
4927.37
4891.3
4819.38
4752.15
4691.12
4710.86
4745.2
4742.23
4729.91
4711.34
4682.27
4687.88
4707.8
5087.48
5279.15
5843.82
8282.38
10811.7
11136
12526.6
12385.7
13318.9
13079.8
12557.3
12544
12796.2
13205.8
13351.3
13188
12965.5
13057
13189.5
13194.7
13134.7
13104
13097.5
13124
13132
13120.1
13121.4
13137.5
13165.7
13184
13207.6
13232.8
13248.2
13268.9
13266.4
13272.4
13295.6
13326.7
13364.2
13404
13438.9
13464.9
13501.7
13504.3
13489.9
13471.3
13450.3
13438.2
13422.8
13418.1
13412.7
13395.4
13376
13381.2
13404.5
13414
13425.6
13436.3
13448
13455.1
13471.3
13458.1
13435.6
13415.9
13399.8
13388.2
13395.9
13413.7
13435.3
13452.6
13462.8
13467.7
13470
13473.1
13479.4
13482.3
13482.7
13481.3
13480.3
13479.9
13482.2
13484.7
13489
13488.9
13479.3
13469
13459.9
13448.3
13447
13446.7
13448.3
13478.4
13504.3
13510.6
13509.7
13509.8
13509.6
13506.7
13507
13507.4
13504.7
13500.5
13493.5
13485.9
13482.7
13481.8
13478.9
13477.7
13478.5
13479.3
13480.8
13479.7
13475.7
13468.5
13467.9
13470.5
13479
13621
13620.1
13619.1
13618.1
13617.2
13616.2
13615.3
13614.3
13613.4
13612.4
13611.5
13610.5
13609.6
13608.6
13607.7
13606.6
13605.4
13604.2
13602.7
13600.9
13598.7
13595.5
13588.8
13577.9
13561.9
13518.6
13455.4
13378.5
13243
13070.4
12904.5
12539.6
12235
12005.3
11567.5
11263.4
11120.8
10907.7
10455.5
10299.9
10053
9730.82
9500.73
9329.61
9267.54
9115.95
8817.62
8677.37
8573.19
8358.85
8129.86
8007.6
7956.5
7866.18
7745.1
7612.82
7508.9
7439.66
7370.28
7182.59
7142.68
7129.98
7080.83
6998.71
6906.6
6803.44
6732.08
6646.76
6538.51
6453.08
6425.42
6368.77
6296.78
6262.67
6238.49
6221.4
6177.49
6121.9
6077.26
6023.61
5966.09
5893.14
5808.71
5738.3
5698.89
5661.27
5635.64
5614.32
5584.46
5544.4
5492.4
5453.88
5426.26
5406.55
5386
5347.94
5295.32
5246.76
5183.3
5153.19
5165.69
5190.4
5176.16
5126.15
5075.14
5060.64
5044.99
5030.28
5022.32
5010.95
4997.16
4982.51
4940.73
4923.86
4916.95
4917.65
4924.46
4916.97
4891.26
4862.27
4838.05
4790.22
4767.68
4794.28
4814.14
4862.03
5988.83
6473.77
8717.67
12690.3
14030.2
13844.3
12669.7
11581.5
11931.9
13060
13570.9
13336.4
12819.1
12897.6
13117.7
13197
13193.1
13085.7
13066.9
13097.5
13167.3
13143.3
13109.8
13096.9
13141.9
13202.1
13230.1
13262.5
13269.3
13267.7
13272.4
13253.5
13252.4
13284.2
13332.4
13370.4
13401.7
13430.9
13464.4
13504.9
13504.8
13494
13481.4
13462.2
13469.3
13454.8
13443
13427.1
13397.4
13371
13373.1
13394.2
13409.9
13421.3
13432.2
13443.4
13460.8
13467.8
13452.9
13425.7
13402.8
13382.6
13383.5
13393.7
13413.7
13435.3
13453.4
13458.4
13461.9
13465
13468.8
13474.6
13480.2
13480
13476.7
13471.8
13468.3
13469.1
13472.2
13478.4
13482
13475.4
13468.6
13465.2
13458.5
13458.7
13455.9
13456.5
13492.6
13504.6
13504.8
13500.9
13499.7
13498.8
13497.3
13498.5
13500.4
13497.6
13493.8
13488.4
13482.9
13481.3
13480.9
13479.1
13478.9
13480.1
13481.3
13482.4
13480.5
13476.4
13468.9
13467.3
13469.3
13477.5
13624.5
13623.5
13622.5
13621.5
13620.5
13619.5
13618.6
13617.6
13616.6
13615.6
13614.6
13613.6
13612.6
13611.7
13610.7
13609.7
13608.6
13607.5
13606.2
13605
13603.6
13602.1
13600.1
13596.8
13592.7
13584.2
13566.2
13541.4
13501.6
13415.2
13330.9
13192.7
12912
12702.1
12450.4
11963.5
11781.4
11719.9
11233.7
11022.4
10833.2
10538.4
10037.2
9862.01
9780.91
9655.85
9427.25
9204.46
9066.16
8927.46
8641.63
8435.47
8413.54
8290.32
8237.18
8104.64
7906.2
7786.95
7739.25
7625.61
7504.32
7454.12
7412.22
7338.89
7237.15
7126.47
7040.71
6951.58
6824.73
6731.28
6736.12
6696.31
6586.96
6539.12
6503.44
6453.58
6410.01
6342.63
6297.11
6276.41
6210.51
6109.98
6016.5
5951.42
5894.78
5851.62
5800.69
5731.45
5703.94
5693.93
5673.13
5677.17
5687.99
5668.56
5624.26
5575.38
5508.59
5446.14
5348.19
5289.44
5271.58
5257.48
5254.39
5282.17
5280.84
5262.58
5247.3
5221.58
5174.24
5100.56
5015.47
4980.69
5016.62
5078.68
5125.06
5102.17
5049.63
5001.44
4953.35
4939.85
4937.37
4928.12
4911.8
4891.13
4862.25
4865.65
4905.19
5031.34
5929.81
6871.84
9001.28
10704.9
11678.4
12111
12712.9
13712.2
13302.7
12658
12687.6
13028.9
13305.9
13265.1
13129.7
13148.2
13244.4
13265.4
13230.2
13147.1
13127
13149.6
13220.6
13269
13291.8
13318.4
13305.4
13261.2
13234.1
13225.1
13241.1
13295.4
13350.6
13379.5
13398.6
13418.1
13445.1
13481
13488.3
13484.7
13488.8
13487
13491.7
13483.3
13467.2
13438.7
13397.4
13371.4
13369.7
13381
13400.5
13412.4
13421.1
13437
13456.4
13451.9
13438.9
13413.8
13392
13375.9
13382.2
13399.5
13419.6
13439.4
13454.5
13453.1
13454.4
13458.5
13463.5
13469.1
13477.4
13477
13472.9
13466.1
13460
13459.2
13461.4
13467.1
13473.6
13470.9
13465.8
13468.1
13467.3
13469
13465
13468.3
13498.7
13504.7
13501.5
13490.7
13487.4
13486
13486.9
13488.1
13492.1
13490.4
13487.8
13483.9
13479.9
13479.4
13479.7
13479.1
13479.8
13481.8
13483.5
13483.4
13481.1
13477
13469
13466.2
13467.6
13475.1
13628
13627
13625.9
13624.9
13623.9
13622.8
13621.8
13620.8
13619.8
13618.7
13617.7
13616.7
13615.7
13614.7
13613.7
13612.6
13611.6
13610.5
13609.4
13608.2
13607
13605.8
13604.5
13602.9
13601.1
13598.7
13594.2
13587
13576.8
13554.8
13515.4
13471.2
13371.2
13189.2
13056.8
12799.8
12429.7
12347.7
12148.8
11709
11455.3
11191.7
10834.8
10528.7
10321.3
10228.1
10087
9739.79
9480.1
9405.56
9238.84
9003.07
8944.6
8747.46
8622.98
8555.87
8366.18
8205.98
8162.2
8137.66
7973.87
7796.92
7710.95
7643.48
7542.09
7436.2
7348.95
7220.55
7057.87
7018.92
7024.55
6996.45
6915.03
6826.31
6786.53
6730.22
6676.97
6616.65
6540.97
6469.02
6382.62
6318.3
6271.49
6228.46
6178.99
6122.84
6066.9
6008.02
5933.82
5865.67
5850.7
5831.46
5805.24
5759.42
5693.14
5641.3
5652.3
5637.02
5605.59
5577.03
5559.85
5506.19
5430.68
5433.14
5447.35
5429.72
5388.23
5358.5
5317.04
5266.95
5213.55
5213.92
5267.51
5325.54
5306.61
5231.47
5145.24
5060.61
5000.64
4977.62
4959.7
4960.27
4956.37
4948.24
4946.13
4936.59
4930.73
4934.01
4966.58
5128.61
6234.01
7262.1
10884.6
13634.4
14426.9
13234.8
11632.9
11547.3
12449.3
13222
13280.9
13171.7
12909.7
13212
13439.5
13426.3
13240.4
13081.2
13116.6
13214.4
13300.9
13317.9
13319.4
13305.9
13264.9
13221.7
13178.9
13207.6
13249.6
13325.8
13394.4
13404.6
13400.1
13401.7
13414.2
13438.3
13461.2
13474.2
13491.3
13518.8
13514.3
13499.6
13479.4
13445.3
13398.9
13383.6
13368.4
13373.1
13392.2
13397
13412.5
13430.9
13442.4
13436.4
13419.5
13401.6
13385.3
13380
13390.1
13412.5
13432.9
13446.3
13454.2
13449.5
13447.8
13451.6
13458.2
13462.9
13473.6
13472.9
13469.1
13463
13454.7
13451.4
13453.4
13457
13463
13467.5
13464.9
13468.5
13472.7
13477.1
13474.3
13481.2
13504
13503.5
13495.8
13481.4
13472.9
13472.5
13476
13477.1
13482.7
13482.8
13482.2
13479.7
13477.2
13477.5
13478.4
13479.2
13480.9
13483.5
13485
13483.5
13481.1
13476.6
13468.1
13464.5
13465.2
13472.1
13631.5
13630.4
13629.4
13628.4
13627.3
13626.3
13625.2
13624.2
13623.2
13622.1
13621.1
13620
13619
13618
13616.9
13615.9
13614.8
13613.8
13612.7
13611.5
13610.4
13609.2
13608
13606.8
13605.5
13604.1
13602.4
13599.9
13596.7
13591.7
13581.4
13565.9
13544.8
13482.9
13389.2
13348.2
13096.2
12884.1
12768.8
12365.4
12185.8
11974.4
11779.1
11300
10768.9
10668.6
10624.3
10234.8
9973.98
9997.46
9911.56
9624.53
9409.34
9327.55
8997.75
8976.88
8919.62
8661.53
8597.05
8552.07
8342.96
8133
8084.18
8018.97
7904.62
7762.04
7709.3
7538.55
7318.01
7332.85
7328.98
7309.05
7277.58
7112.28
7009
6972.45
6922.37
6864.71
6819.94
6754.68
6647.26
6530.42
6458.35
6396.93
6338.11
6288.4
6242.17
6227.1
6220.3
6163.72
6122.36
6077.12
6010.98
5962.33
5913.24
5862.63
5831.31
5788.3
5773.75
5743.93
5747.56
5750.58
5740.05
5701.26
5642.27
5568.94
5516.07
5491.93
5458.92
5447.03
5474.41
5487.01
5457.34
5407.19
5357.19
5255.86
5222.16
5192.68
5160.01
5129.72
5095.05
5081.52
5081.29
5071.61
5045.24
5023.29
5004.09
4974.81
4955.67
4960.97
4998.79
5327.71
5950.65
8383.74
10137.8
11149.5
10865.3
11769.8
12752.1
13271.3
12950.8
12722.1
13009.4
13410.9
13479.9
13268.8
13098.4
13133.5
13222
13286.7
13295.3
13260.5
13228
13194.5
13164.3
13172.6
13175.6
13216.5
13315.2
13381.4
13418.8
13420.3
13398.9
13374.8
13375.4
13387.2
13423.7
13471.1
13504
13546.1
13533.5
13508.5
13484.2
13442.1
13407.1
13398.7
13381.1
13384.5
13381.2
13385.9
13408
13424.4
13424.8
13415.9
13399.7
13389.3
13384.4
13388.9
13408.5
13432.1
13450
13456.2
13455.4
13449.4
13441.8
13445.8
13453.1
13457.6
13466.1
13467.9
13464.9
13459.6
13451.4
13446.6
13447.7
13449.6
13454.7
13465.1
13464.6
13468.5
13476.8
13483.3
13484.5
13495.6
13506.3
13502.1
13490.1
13473.9
13459.8
13459.7
13465
13466
13471.2
13476.4
13477.7
13476.5
13475.3
13475.7
13477.3
13479.4
13481.9
13485.5
13485.5
13482.8
13480.6
13475.1
13465.9
13461.8
13462
13468.7
13634.8
13633.7
13632.7
13631.6
13630.6
13629.6
13628.5
13627.5
13626.4
13625.4
13624.4
13623.3
13622.3
13621.2
13620.2
13619.1
13618.1
13617
13615.9
13614.8
13613.7
13612.5
13611.4
13610.2
13609
13607.8
13606.6
13605.2
13603.5
13601.6
13598.6
13593.8
13587.6
13576
13543.6
13517.1
13467.5
13296.7
13227.2
13037.6
12800.4
12586.1
12341.4
12068.4
11643.2
11319.2
11133.8
10931.2
10678.7
10497.2
10382.8
10164.9
9826.87
9828.6
9645.02
9507.22
9357.48
9044.7
8930.69
8852.57
8714.46
8522.02
8434.72
8364.66
8264.67
8149.14
8018.41
7898.78
7799.81
7676.16
7623.66
7605.72
7553.72
7433.14
7318.32
7235.01
7121.77
7014.82
7033.93
7029.74
6975.71
6855.56
6732.88
6647.8
6583.96
6505.06
6404.48
6351.34
6366.13
6328.89
6273.28
6263.4
6227.01
6174.97
6172.49
6161.8
6106.04
6050.45
6011.38
5943.93
5865.55
5852.92
5853.03
5830.48
5777.82
5723.54
5688.72
5649.71
5630.04
5602.93
5590.68
5582.02
5530.57
5424.89
5348.54
5306.13
5283.88
5251.36
5206.58
5199.06
5206.69
5231.21
5238.11
5229.15
5196.61
5152.97
5112.47
5056.66
4982.55
4947.83
4933.63
4977.91
5065.17
5510.4
6809.3
9363.58
11563.3
13562.9
13510.7
12868.9
11821.7
11887.9
12956.1
13465.6
13270.1
12749.8
12897.7
13252
13321.4
13266.2
13151.6
13103.9
13111.6
13109.1
13131.5
13141.6
13236.5
13321.2
13387.3
13404.6
13417.5
13404.1
13371.2
13337.7
13329
13341.6
13389.9
13460.7
13518.3
13561
13537.6
13504.1
13471.2
13435.7
13422.6
13413.3
13409.5
13399.7
13377.5
13389.4
13413.3
13420.8
13409.2
13395.9
13384.3
13382.9
13386.7
13401.3
13432.8
13454.2
13467.9
13466.6
13460.9
13451.8
13440.8
13442.1
13447.7
13453.1
13457.4
13460.9
13459.8
13454.6
13448.7
13443.6
13443.2
13444.8
13450.3
13462.9
13466.9
13470.4
13480.5
13488.2
13494.7
13510.3
13508.6
13500.2
13485.1
13468
13448.8
13449.1
13454.5
13455.3
13459.1
13470
13474.1
13474.6
13474.7
13474.9
13476.8
13479.7
13482.7
13486.9
13485.4
13482.1
13479.5
13472.3
13462.8
13458.3
13458.6
13465.5
13638
13636.9
13635.9
13634.8
13633.8
13632.7
13631.7
13630.6
13629.6
13628.5
13627.5
13626.4
13625.4
13624.3
13623.3
13622.3
13621.2
13620.1
13619.1
13618
13616.9
13615.8
13614.6
13613.4
13612.2
13611.1
13609.9
13608.7
13607.5
13606.2
13604.7
13602.7
13600.2
13597
13589.8
13577.8
13567.9
13518.2
13463.6
13408.4
13247.5
13122.5
12856.7
12643.8
12520
12083.9
11631.2
11678.4
11448.9
10963
10861.7
10729.3
10434.4
10297.2
10164.4
9980.02
9759.66
9588.91
9336.98
9163.69
9137.91
8990.83
8797.26
8685.24
8601.2
8521.32
8307.96
8271.08
8248.94
8064.99
7916
7864.65
7766.75
7732.14
7654.52
7535.35
7426.74
7315.64
7213.61
7153.06
7107.7
7059.49
6980.62
6898.31
6860.9
6793.14
6716.8
6657.41
6617.57
6564.38
6455.51
6393.8
6376.35
6345.27
6314.67
6289.48
6272.84
6245.77
6226.3
6197
6098.63
6012.23
5993.62
5974.54
5933.39
5893.05
5859.52
5819.91
5811.58
5806.8
5755.34
5686
5617.23
5543.22
5521.84
5546.79
5495.16
5449.68
5406.12
5388.61
5374.28
5346.85
5301.52
5273.36
5253.43
5227.87
5210.89
5185.86
5148.92
5046.12
5060.57
5103.17
5106.3
5124.5
5268.68
5722.41
8079.72
9825.89
10822.5
11708.8
11520.8
12463.8
13392.8
13148.7
12551.9
12537.7
12884.3
13399.9
13344.9
13105.4
13008.7
13048.9
13105.4
13116.7
13133.6
13182.8
13255.9
13362.3
13379.6
13378.4
13357.9
13336.7
13312.8
13290.6
13289.5
13313.9
13414.1
13484.1
13533.4
13532.3
13515.6
13484.2
13451.1
13432.2
13436.7
13436.5
13436.1
13423.3
13405.5
13411
13422.6
13425.1
13410.7
13388.1
13379.3
13382
13391.7
13415.7
13454.9
13473.5
13481.8
13478.6
13468.9
13456.8
13445
13441.2
13443.9
13448
13451.1
13452.1
13453.3
13449.1
13444.6
13439.8
13438.6
13441.5
13449.2
13462.4
13471.5
13474.4
13484.3
13493.2
13506.2
13522
13512.4
13498
13481.1
13463.8
13441
13441.1
13445.7
13446.4
13449.1
13464.6
13470.2
13473.8
13475.4
13475.8
13477.1
13480.2
13484.6
13487.2
13484.5
13481.7
13477.4
13468.7
13459.1
13454.7
13455.4
13463.1
13641.3
13640.2
13639.2
13638.1
13637
13635.9
13634.8
13633.8
13632.7
13631.6
13630.5
13629.5
13628.4
13627.4
13626.3
13625.2
13624.2
13623.1
13622.1
13621
13619.9
13618.8
13617.7
13616.5
13615.4
13614.2
13613
13611.9
13610.7
13609.5
13608.4
13607
13605.6
13604
13601.7
13597.7
13593.7
13585.1
13562.7
13545.6
13489.7
13419.8
13326.8
13139.2
13004.9
12806.2
12434.1
12214.9
12059.2
11703.2
11465.6
11311.7
11151.6
10810
10581.2
10370.5
10254.1
10187.2
9904.48
9630.98
9561.26
9470.62
9274.76
9104.95
8971.76
8852.41
8710.86
8660.68
8631.18
8516.4
8289.31
8163.28
8081.95
7995.93
7909.39
7806.62
7789.76
7750.33
7572.94
7382.92
7313.22
7297.19
7250.38
7176.7
7092.1
7001.48
6972.72
6956.73
6888.87
6823.95
6746.83
6647.49
6602.45
6574.93
6517.33
6458.76
6428.34
6411.7
6384.72
6358.52
6311.61
6231.94
6169.24
6123.41
6063.52
6025.08
5988.37
5926.22
5910.73
5936.8
5902.21
5786.89
5706.57
5673.04
5659.14
5642.39
5630.81
5614.33
5618.75
5610.42
5603.61
5560.81
5486.54
5436.44
5375.62
5295.88
5235.51
5237.02
5272.09
5318.82
5316.47
5282.69
5248.87
5177.19
5181.56
5217.42
5677.61
6678.58
8146.71
10914
12518.2
14312.7
13401.5
11837.9
11543.1
12330.7
13091.1
13413.8
13207
12997.8
12999.6
13094.2
13228.2
13235
13208.9
13248.5
13292.9
13366.5
13371.5
13303.8
13260
13244.2
13242.5
13249.6
13264.1
13325.8
13416.8
13522.1
13507.6
13448.4
13453.7
13449.5
13436.4
13430.9
13441.6
13453.3
13452.1
13425.4
13417
13437.1
13449.3
13435.3
13419
13388.9
13379
13383.4
13397.1
13427.4
13463.8
13486.3
13492.5
13488.8
13478.4
13464.3
13451.2
13442.7
13442.2
13443.9
13445.3
13445
13445.4
13442.3
13439
13434.9
13433.9
13438.9
13449.5
13463.3
13476.1
13479.8
13488.5
13498.2
13518.1
13529.1
13516.1
13496.8
13478.8
13461.7
13437.4
13435.1
13438.6
13440
13442.6
13457.8
13467.9
13473.6
13477.5
13477.9
13478.7
13481.7
13487.6
13487.3
13483.9
13480.5
13474.3
13465.3
13455.7
13451.8
13453
13461.9
13644.8
13643.7
13642.6
13641.4
13640.4
13639.2
13638.1
13637
13635.9
13634.8
13633.7
13632.6
13631.5
13630.4
13629.3
13628.3
13627.2
13626.1
13625
13623.9
13622.8
13621.7
13620.6
13619.5
13618.4
13617.2
13616.1
13614.9
13613.8
13612.6
13611.5
13610.3
13609.1
13607.9
13606.7
13604.9
13602.8
13600.4
13594.5
13587.5
13576.4
13547.9
13517.1
13463.2
13327.9
13276.2
13138
12793.7
12624.1
12411.2
12142.1
11778.5
11655.4
11382.2
11110.3
10779.4
10676.1
10613.7
10311.4
10084
10042.4
9998.66
9769.97
9564.98
9464.06
9265
9076.88
9018.48
8994.08
8902.58
8639.27
8515.87
8464.2
8339.46
8196.01
8054.53
8032.87
8032.09
7977.2
7814.46
7653.19
7618.39
7576.37
7502.91
7372.07
7260.18
7221.66
7190.13
7102.19
6983.31
6931.31
6896.58
6839.32
6805.53
6757.57
6672.66
6619.88
6621.16
6607.22
6555.51
6503.54
6444.94
6360.36
6289.27
6228.16
6195.01
6173.3
6132.66
6046.96
5988.19
5957.41
5929.18
5916.1
5912.68
5901.95
5878.57
5859.67
5801.03
5730.73
5658.5
5641.5
5646.62
5642.2
5624.82
5578.67
5545.89
5481.73
5462.67
5474.54
5454.93
5433.23
5379.54
5330.09
5275.7
5229.16
5239.16
5281.59
5365.2
5843.16
6534.38
8856.96
10626.3
11018.7
11318
12945.6
13317
13384
13148.9
13147.9
13084.6
13124.5
13339.3
13460.5
13355.3
13263.8
13262.5
13281
13271.9
13193.9
13160.2
13181.7
13195.5
13209.4
13230.5
13272.4
13382.4
13461.1
13478.3
13423
13359.5
13372.3
13412.2
13432
13435.4
13446.6
13458.6
13458.4
13445.3
13449.5
13472.5
13471.1
13455.6
13431
13389.5
13380.4
13385.3
13400.6
13433.4
13463.8
13491.8
13499.1
13496
13487
13472.5
13457.4
13445.1
13441.1
13441.8
13441.4
13439.4
13438.2
13434.8
13432.8
13429.7
13429.6
13436.9
13450.3
13465.1
13478.8
13484.5
13492.7
13501.9
13526
13531.2
13518
13497.3
13479.6
13462.3
13440.9
13432.3
13434.3
13436.7
13439.6
13450.7
13466.8
13473.7
13480
13480.9
13481.8
13484.6
13489.9
13488.5
13484.4
13478.7
13471.6
13462.1
13453.5
13450.3
13451.9
13462.2
13648.4
13647.2
13646.1
13645
13643.9
13642.7
13641.6
13640.4
13639.3
13638.2
13637
13635.9
13634.8
13633.6
13632.5
13631.4
13630.3
13629.2
13628.1
13627
13625.9
13624.7
13623.6
13622.5
13621.4
13620.3
13619.1
13618
13616.8
13615.7
13614.5
13613.4
13612.2
13611.1
13610
13608.8
13607.5
13606.1
13604.1
13601.2
13597.8
13591.1
13578.4
13566.5
13527.5
13475.9
13438.2
13296.5
13107.4
12964.8
12729.3
12490.8
12173.9
11991
11775.5
11408.1
11192.6
11076.4
10862.9
10509.4
10408
10359.9
10206.2
10014.3
9899.36
9750.82
9559.16
9424.43
9319.13
9219.63
9064.47
8913.89
8806.82
8706.47
8566.63
8320.57
8325.97
8324.51
8287.35
8177.77
7986.42
7843.41
7769.73
7698.57
7609.22
7561.76
7508.53
7447.71
7369.17
7243.26
7143.78
7091.26
7045.35
7020.65
6990.01
6928.8
6840.46
6800.25
6785.64
6749.25
6689.17
6622.64
6535.7
6455.72
6403.19
6368.49
6341.31
6315.28
6250.67
6071.19
6084.66
6106.14
6088.1
6050.08
6015.38
6022.06
6014.14
5980.06
5938.05
5888.73
5810.35
5752.52
5705.3
5656.89
5605.73
5668.89
5699.32
5700.67
5680.26
5626.7
5561.5
5516.54
5430.09
5388.61
5398.84
5398.41
5379.49
5317.84
5322.05
5380.03
6461.98
7126.89
9289.38
12171.6
14455
14120.6
12122.7
12092.9
12731.4
13188.6
13455.2
13534.8
13500.4
13384.9
13137.5
13128.8
13188.6
13176.6
13046.7
13065.7
13129.4
13170.3
13186.6
13219.5
13308.4
13399.9
13448.6
13371
13306.6
13266.9
13297.3
13368.6
13419.1
13427
13447.2
13465.5
13464
13470.4
13481.4
13490.2
13485.3
13467.5
13438.2
13389.2
13378.3
13383
13399.2
13430.4
13460.8
13490.9
13500.6
13499.6
13493.2
13479.2
13461.3
13446.8
13441.3
13441.6
13440
13435.9
13431.9
13428.5
13426.4
13426.1
13427.5
13436.8
13452.4
13467.6
13479.4
13486.2
13494.5
13502.9
13526.8
13529.1
13518
13498.5
13482.4
13465.7
13447.8
13434.2
13434.4
13437.1
13439.3
13447.8
13463.5
13473.9
13482.9
13484.7
13485.9
13488.7
13492.4
13490.3
13485.2
13477.6
13469.5
13459.7
13453.1
13451.3
13453.1
13464.7
13652.1
13650.9
13649.8
13648.6
13647.5
13646.3
13645.2
13644
13642.8
13641.7
13640.5
13639.3
13638.2
13637
13635.9
13634.7
13633.6
13632.4
13631.3
13630.1
13629
13627.9
13626.7
13625.6
13624.5
13623.3
13622.2
13621
13619.9
13618.7
13617.6
13616.4
13615.3
13614.1
13613
13611.9
13610.8
13609.7
13608.5
13606.9
13605.2
13603
13599
13594.3
13586.6
13566.2
13549.1
13517.7
13419.8
13342.6
13131.8
13058.7
12776.8
12488.1
12430.2
12161.8
11764.1
11575.7
11519.8
11179.8
10845.1
10712.5
10610.9
10440.9
10272.1
10183.3
10030.6
9820.43
9677.31
9560.95
9450.15
9259.19
9105.8
9039.81
8943.02
8764.12
8666.82
8621.13
8572.08
8500.71
8371.64
8150.77
8002.59
7912.31
7842.34
7786.58
7693.08
7596.78
7541.24
7514.58
7468.78
7383.97
7313.69
7271.62
7232.64
7186.73
7104.75
7022.35
6954.7
6907.81
6862.45
6799.58
6721.86
6643.51
6594.85
6544.25
6462.84
6407.81
6413.3
6412.91
6394.61
6361.89
6327.2
6283.69
6218.42
6161.23
6077.46
6014.72
6030.95
6060.78
6034.2
5957.01
5892.06
5827.87
5831
5835.07
5811.57
5776.57
5743.94
5703.67
5605.12
5570.37
5552.64
5533.68
5536.28
5524.08
5488.13
5416.07
5349.56
5376.44
5445.64
5640.4
6411.39
8043.17
9280.54
10716.7
11151.6
11847.4
12732.3
13255.8
13268.8
13216.8
13262.7
13152.3
12914.8
12994.4
13132.8
13134
13095.4
13100.5
13136.3
13145.5
13160.3
13216.7
13330.2
13394.4
13357.4
13254.3
13238.5
13256
13294.2
13346.8
13404.3
13420.3
13436.6
13450.7
13456.7
13476.6
13503
13504.4
13492.7
13473.7
13438.2
13384
13377.9
13381.2
13397.4
13425.7
13455.9
13485.7
13496.5
13498.9
13495.8
13482.4
13462.8
13447.8
13442.2
13441.8
13439.1
13433.3
13427.5
13423.9
13423
13424.4
13427
13438.8
13456.3
13470.7
13478.6
13485.1
13492.9
13500.7
13520.2
13521.9
13515.2
13498.6
13485.6
13471.7
13455.4
13440.5
13436.2
13439
13440.9
13447.7
13460
13473.7
13485
13488.5
13490.7
13493.5
13495.2
13492.6
13486
13477.3
13468.3
13458.9
13454.1
13454.5
13456.6
13469.8
13655.9
13654.7
13653.6
13652.4
13651.2
13650.1
13648.9
13647.7
13646.5
13645.3
13644.1
13642.9
13641.8
13640.6
13639.4
13638.2
13637
13635.8
13634.6
13633.4
13632.3
13631.1
13629.9
13628.8
13627.6
13626.5
13625.3
13624.2
13623
13621.8
13620.7
13619.5
13618.3
13617.2
13616
13614.9
13613.8
13612.7
13611.7
13610.5
13609.3
13608
13606.3
13604.1
13601.6
13596.3
13588.9
13580.6
13553.4
13519
13453
13361.2
13253.8
13053.3
12874.2
12750.1
12411.9
12117.8
12043.4
11920.9
11507.3
11242.1
11074.6
10874.4
10696.4
10600.8
10490.5
10229.8
10070
9977.32
9760.92
9547.17
9530.9
9485.76
9362.51
9255.72
9068.97
8939.97
8845.73
8747.1
8636.77
8493.44
8358.75
8249.22
8206.44
8101.16
7923.63
7807.73
7784.16
7763.09
7711.41
7629.27
7572.95
7529.09
7483.1
7420.08
7335.5
7243.77
7149.77
7089.13
7037.64
6979.41
6922.1
6863.51
6823.26
6779.86
6634.39
6557.86
6568.86
6573.54
6514.28
6451.73
6440.09
6425.3
6406.18
6350.38
6269.44
6202.56
6188.51
6181.59
6153.84
6090.58
6062.37
6032.93
6061.1
6040.66
5994.17
5923.8
5794.36
5789.38
5743.92
5666.48
5671.48
5668.89
5643.23
5594.74
5541.4
5487.22
5449.27
5444.8
5480.73
5525.92
5587.53
5937.62
6498.56
8361.58
11143.7
13149.7
13482.8
12336.3
11304.1
11864.2
12544.6
12807.6
12913.8
13060.5
13260.5
13246
13205.7
13156.8
13129.5
13081.9
13124.4
13208.5
13285.8
13312.2
13194.9
13110.2
13126
13194.9
13295.9
13372.1
13404.1
13421.2
13437.7
13462.7
13471.6
13491.9
13514
13511.3
13492.3
13473
13417.6
13382
13382
13385.3
13401
13428.5
13453.8
13480.8
13490.9
13496.3
13494.7
13480.7
13462.7
13447.6
13444.2
13442.7
13439.4
13432.5
13425.5
13422
13423
13424.8
13430.2
13445
13460.8
13473
13474.8
13480.7
13487.2
13493.4
13506.4
13510.2
13507.5
13497.4
13487.8
13477.7
13463.9
13449.5
13439.4
13440.8
13443
13448.2
13458.3
13472
13485.4
13492
13495.5
13498.5
13498.3
13494.8
13486.7
13477.5
13467.9
13459.6
13457
13459.1
13462.1
13477.1
13659.8
13658.6
13657.5
13656.3
13655.1
13653.9
13652.7
13651.5
13650.3
13649.1
13647.9
13646.7
13645.5
13644.2
13643
13641.8
13640.6
13639.4
13638.1
13636.9
13635.7
13634.5
13633.3
13632.1
13630.9
13629.7
13628.5
13627.4
13626.2
13625
13623.8
13622.6
13621.5
13620.3
13619.1
13618
13616.8
13615.7
13614.6
13613.5
13612.4
13611.4
13610.2
13608.9
13607.5
13605.5
13602.7
13599.4
13593.5
13581.1
13566.3
13529.4
13479.6
13418.7
13265
13159.8
13027.8
12722.1
12503.9
12438.6
12151.6
11760.5
11594.6
11358.8
11123.7
11006.7
10921.9
10739
10529.5
10390.4
10230.1
10009.8
9882.79
9808.28
9709.47
9577.86
9413.89
9282.67
9165.02
9055.59
8933.61
8786.83
8660.26
8567.01
8509.92
8431.92
8316.93
8178.94
8117.34
8058.54
7979.63
7902.6
7848.05
7783.17
7729.63
7673.4
7559.52
7426.82
7338.13
7299.43
7264.66
7203.66
7132.06
7076.81
7041.17
7004.72
6930.61
6848.02
6795.68
6761.9
6701.59
6641.09
6592.84
6547.02
6493.57
6465.26
6449.47
6427.32
6393.92
6355.51
6321.98
6265.87
6205.74
6160.89
6148.42
6133.41
6100.32
6027.92
5913.41
5874.33
5890.74
5873.63
5870.03
5847.67
5796.24
5734.9
5688.94
5678.37
5670.08
5645.08
5626.89
5602.18
5610.79
5626.75
5682.58
6086.94
7553.94
9138.96
10526.9
11099.3
11938.5
11865.4
12578.5
12970.7
13132.6
13341.6
13381
13310.6
13193.1
12979.6
12970.7
13014.5
13117.1
13221.6
13233.1
13147.5
13094.7
13100.4
13142.5
13222.6
13337.6
13415.8
13427.9
13441
13448.1
13458.8
13470.1
13490.3
13514
13508.7
13488
13451.4
13396.8
13387.1
13386.8
13390.9
13407.3
13432.2
13453.1
13476.7
13486.5
13493.3
13491
13476.1
13461.3
13447.4
13445.5
13443.6
13439.8
13433
13425.7
13424.5
13426
13429.1
13436.8
13453.6
13465.5
13473.8
13469.9
13472.9
13476.8
13481.4
13489
13494.9
13496.5
13493.7
13488.2
13481.3
13471.2
13457.4
13445.2
13442.2
13444.2
13448.1
13456.3
13468.9
13484.3
13494.6
13499.3
13502.3
13501.5
13496.8
13487.5
13478
13468.2
13461.4
13461.8
13464.7
13469.6
13486.4
13663.8
13662.6
13661.5
13660.3
13659.1
13657.9
13656.7
13655.5
13654.3
13653
13651.8
13650.6
13649.3
13648.1
13646.8
13645.6
13644.3
13643.1
13641.8
13640.6
13639.3
13638.1
13636.8
13635.6
13634.4
13633.1
13631.9
13630.7
13629.5
13628.3
13627.1
13625.9
13624.7
13623.5
13622.3
13621.1
13619.9
13618.7
13617.6
13616.5
13615.4
13614.3
13613.2
13612.1
13611
13609.8
13608.4
13606.7
13604.6
13601
13595.9
13587.9
13569.7
13548.3
13508.9
13418.2
13362.7
13258.9
12994.4
12869.6
12745.7
12376.5
12142.6
11946.3
11585.1
11465.6
11370.2
11218.3
10991.9
10789.8
10783.8
10643.9
10266.5
10111.8
10057.4
9960.68
9771.11
9592.72
9459.09
9379.52
9306.73
9157.7
8998.25
8914.25
8820.29
8769.47
8700.4
8504.04
8391.24
8334.41
8261.23
8142.72
8064.05
8007.07
7927.21
7894.47
7836.43
7681.38
7510.17
7503.76
7497.01
7443.06
7369.42
7306.48
7256.52
7196.6
7158.52
7068.14
6938.6
6906.38
6878.13
6843.43
6803.39
6767.87
6713.32
6650.12
6598.77
6558.89
6511.09
6470.23
6447.43
6422.54
6380.5
6347.22
6321.08
6274.23
6225.14
6160.76
6111.51
6017.03
6015.27
6010.03
5977.47
5918.17
5861.27
5792.17
5786.04
5820.41
5864.19
5857.77
5801.23
5744.96
5706.51
5669.36
5656.66
5664.38
5820.88
6305.41
7258.9
10211.8
12368.4
12729
13131.9
13412.5
13345.8
13162.6
13083.7
13070.6
12928.6
12735.8
12839.3
13130.3
13200.6
13174.2
13125.6
13018.6
13006.2
13069.6
13169
13274.3
13375.3
13451.4
13461.6
13455.7
13430.4
13431.4
13454.3
13480.4
13504.2
13491.4
13467.1
13420
13394.6
13389.4
13393.2
13401.1
13418.1
13436
13452
13471.7
13481.8
13488.4
13484.3
13470.5
13458.7
13447.4
13446
13444.2
13439.4
13434.3
13428.9
13429.8
13432.5
13436.5
13447.5
13462.8
13467.7
13470.5
13464.5
13462.3
13463.6
13467.1
13472.2
13478
13484.9
13487.3
13485.6
13481.9
13475.5
13463.6
13452
13442.6
13444.1
13446.7
13453.2
13464.4
13480.9
13495.5
13501.4
13504.6
13503.8
13498
13488.1
13478.6
13469
13464.7
13466.7
13471.3
13478.9
13497.1
13667.9
13666.8
13665.6
13664.4
13663.2
13662
13660.8
13659.5
13658.3
13657.1
13655.8
13654.6
13653.3
13652
13650.8
13649.5
13648.2
13646.9
13645.7
13644.4
13643.1
13641.8
13640.5
13639.3
13638
13636.7
13635.5
13634.2
13632.9
13631.7
13630.5
13629.2
13628
13626.8
13625.6
13624.3
13623.1
13621.9
13620.7
13619.5
13618.4
13617.2
13616.1
13615
13614
13612.9
13611.8
13610.6
13609.4
13607.8
13605.7
13603.1
13598.4
13590.5
13580.2
13556
13515.5
13482.5
13404.8
13225.1
13162.3
13015.8
12682.6
12493.6
12245.6
11931.9
11803.5
11682.4
11382.2
11216.8
11171
11091.3
10845.8
10543.2
10404.6
10327.2
10178.9
9931.32
9780.8
9707.14
9652.11
9533.68
9343.35
9193.85
9089.4
9046.39
8984.7
8873.76
8736.88
8639.76
8552.51
8428.69
8304.22
8217.41
8153.46
8089.66
8037.27
7967
7846.76
7748.23
7712.71
7658.07
7574.09
7500.52
7448.37
7409.6
7368.62
7275.7
7170.8
7112.29
7049.51
6987.95
6938.56
6920.34
6910.84
6869.13
6797.78
6739.85
6685.29
6618.53
6569.24
6540.8
6524.17
6489.53
6428.8
6410.12
6371.72
6313.86
6255.14
6225.29
6213.71
6196.09
6136.14
6064.52
6021.93
5965.57
5926.28
5948.71
5958.22
5952.92
5916.24
5853.08
5808.22
5788.53
5757.78
5711.29
5694.12
5718.16
5871.13
6694.34
8615.03
10075.6
11421.2
12591.5
12444.3
11743
11974.4
12250.4
12491.4
12737.6
13131.6
13455.7
13313.4
13115
13023.8
12924.6
13024.8
13125
13228.9
13311.5
13399.2
13426.4
13414.1
13397.1
13377
13390.6
13426.9
13466.1
13472.2
13457.3
13435.6
13408.4
13393.7
13393.9
13401.7
13413.3
13428.2
13439.5
13451
13466.5
13477.3
13481.3
13474.9
13464.7
13455.8
13447.2
13445.3
13443.6
13440.1
13437.5
13434.4
13436.9
13440.7
13444.9
13463.7
13468.2
13465.7
13464.3
13456.7
13449.8
13450.3
13453
13456.6
13462.2
13472.4
13479.8
13481
13480.2
13476.6
13467.6
13456.6
13444.1
13441.9
13443.8
13449.2
13458.8
13475.9
13494.4
13501
13505.2
13504.7
13498.6
13488.6
13479.2
13470.3
13469.4
13471.3
13478.6
13489.7
13508.1
13672.2
13671
13669.8
13668.5
13667.4
13666.1
13664.9
13663.7
13662.4
13661.2
13659.9
13658.7
13657.4
13656.1
13654.8
13653.5
13652.2
13650.9
13649.6
13648.3
13647
13645.7
13644.4
13643.1
13641.8
13640.5
13639.2
13637.9
13636.6
13635.3
13634
13632.7
13631.5
13630.2
13629
13627.7
13626.5
13625.2
13624
13622.7
13621.5
13620.3
13619.1
13618
13616.9
13615.8
13614.7
13613.7
13612.6
13611.5
13610.2
13608.8
13607
13604.3
13600.5
13594.6
13583.2
13561.9
13549.8
13479.2
13404.8
13363
13189.4
12962.7
12864.2
12532
12236.5
12177.9
11965.8
11746.4
11573
11399.5
11317.6
11048.6
10770
10650.2
10556.7
10337.4
10136.2
10075.2
10004.6
9891.48
9757.45
9498.61
9356.27
9369.89
9341.76
9227.67
9011.19
8917.12
8849.98
8766.29
8639.97
8518.63
8468.74
8373.71
8263.66
8216.8
8186.23
8055.28
7959.63
7900.79
7788.33
7689.03
7640.65
7605.82
7562.09
7495.13
7432.45
7345.91
7277.88
7206
7135.4
7097.98
7080.06
7041.68
6971.04
6897.07
6849.63
6806.62
6745.12
6710.8
6707.99
6677.03
6574.02
6474.74
6445.36
6442.78
6428.71
6384.24
6333.52
6283.82
6221.88
6181.9
6184.07
6199.75
6186.83
6147.62
6103.81
6059.52
6021.09
5971.5
5917.69
5862.49
5829.5
5799.3
5764.42
5734.13
5748.76
5822.05
6257.01
7583.11
8726.31
10485
11269
11396.3
11907.9
12349.3
12792.4
13175.1
13570.8
13550.4
13296
13031.3
12970.2
13023.8
13054.2
13129.1
13232.8
13373.4
13379
13340.1
13286.5
13287.3
13313
13360.5
13403.1
13438.3
13421.1
13412
13407.8
13398.4
13390.9
13397.3
13407.3
13418.3
13429.8
13439.1
13450.1
13463.2
13473.8
13473.2
13464.6
13459.1
13453.2
13446.1
13443.9
13443.4
13442.7
13442.1
13441.1
13445.7
13448.5
13458.7
13476
13468.3
13461.2
13457.2
13446.4
13436.8
13437.8
13440.9
13443.6
13448.9
13461
13471.9
13475.9
13477.2
13475.7
13469.3
13459.3
13446.6
13438.6
13440.1
13444.4
13452.4
13469.8
13490.4
13497.6
13502.6
13502.6
13497.1
13487.9
13479.4
13472.6
13473.8
13475.7
13486.3
13501.2
13518.1
13676.6
13675.3
13674.1
13672.8
13671.6
13670.4
13669.2
13667.9
13666.6
13665.4
13664.1
13662.8
13661.6
13660.3
13659
13657.7
13656.4
13655.1
13653.8
13652.4
13651.1
13649.8
13648.4
13647.1
13645.8
13644.4
13643.1
13641.8
13640.4
13639.1
13637.8
13636.4
13635.1
13633.8
13632.5
13631.2
13630
13628.7
13627.4
13626.1
13624.8
13623.6
13622.3
13621.1
13619.9
13618.7
13617.6
13616.5
13615.5
13614.4
13613.4
13612.3
13611.1
13609.7
13608
13605.6
13602.6
13595.4
13588.5
13575.7
13540.7
13508.7
13472.2
13343.7
13225.7
13113.3
12821.2
12643
12530.2
12291.9
12068.9
11786.2
11656.3
11555.9
11279.6
11039.5
10928.9
10812.6
10556.7
10441.2
10345.9
10182.3
10047.9
9908.77
9771.76
9700.43
9654.95
9571.34
9374.91
9217.34
9127.45
9029.12
8902.09
8803.94
8747.85
8700.04
8601.1
8455.29
8408.77
8354.57
8242.37
8138.47
8050.68
7945.29
7847.79
7810.43
7776.58
7718.7
7639.97
7541.78
7472.48
7414.3
7350.53
7302.34
7276.08
7230.75
7157.3
7071.05
7010.76
6964.08
6897.4
6891.71
6879.54
6847.83
6781.48
6632.95
6582.07
6593.94
6588.39
6551.29
6498.97
6450.26
6377.6
6306.82
6310.58
6310.58
6290.44
6253.38
6213.76
6162.45
6119.13
6102.01
6068.62
6004.77
5945.78
5894.88
5865.87
5835.74
5803.48
5825.4
5847.91
5992.45
6244.09
7181.05
9813.15
11975.8
12736
13388
13292.8
13307.3
13686.6
13243.6
12804
12917.7
13081.7
13159.1
13126.7
13153.6
13248
13349.5
13307.5
13217.3
13189.7
13227.4
13307.4
13357.1
13386.9
13381.6
13375.8
13387.5
13390.5
13386.1
13382.9
13389
13399
13412.5
13426.2
13438.7
13451.3
13464.1
13471.2
13465.4
13454.4
13453.6
13451.1
13444.9
13443.8
13445.2
13447.2
13447.5
13448.1
13454.4
13456.2
13472.2
13476.6
13465.6
13455.2
13448.3
13433.1
13424.5
13426.8
13431.7
13433.9
13439
13452.4
13464.8
13471.1
13474.2
13473.9
13469.4
13460.8
13448.6
13436.8
13436.9
13439.5
13446.1
13462.9
13483.7
13491.4
13496.2
13496.7
13492.6
13485.3
13478.6
13475.5
13476.9
13480.1
13494.8
13512.1
13525.5
13681.2
13679.9
13678.6
13677.3
13676.1
13674.8
13673.5
13672.3
13671
13669.7
13668.4
13667.1
13665.8
13664.5
13663.2
13661.9
13660.6
13659.3
13658
13656.6
13655.3
13653.9
13652.6
13651.2
13649.9
13648.5
13647.2
13645.8
13644.4
13643.1
13641.7
13640.3
13639
13637.6
13636.3
13634.9
13633.6
13632.3
13631
13629.6
13628.3
13627
13625.7
13624.4
13623.2
13621.9
13620.7
13619.5
13618.4
13617.3
13616.2
13615.1
13614.1
13613
13611.9
13610.5
13609
13606.8
13603.3
13599.6
13591.1
13575.3
13561.9
13531.6
13458.3
13401.5
13313.5
13084.3
12964.3
12760.6
12541.6
12369.5
12030.9
11961.9
11821.5
11504.4
11326.9
11247.9
11065.1
10828.5
10711
10562.9
10313.1
10281.1
10189.2
10014.8
9892.52
9876.89
9788.55
9538.94
9464.24
9371.32
9166.4
9062.69
9039.49
8995.91
8924.54
8782.15
8646.56
8561.6
8478.25
8378.79
8330.87
8275.05
8152.47
8063.56
8009.35
7930.59
7841.26
7753.71
7675.78
7618.13
7563.87
7510.58
7455.1
7403.34
7348.23
7281.17
7224.55
7157.68
7092.65
7080.34
7048.09
6980.88
6921.16
6880.61
6819.49
6762.52
6711.09
6664.74
6621.74
6586.86
6569.17
6497.58
6481.69
6473.18
6433.78
6379.28
6329.31
6279.91
6215.42
6193.05
6199.14
6191.65
6135.09
6055.43
6012.41
5972.15
5931.81
5901.64
5883.1
5847.67
5857.4
5981.78
6658.62
8632.72
10000.2
11859.1
12744
12648.8
12084.1
11885.5
12235.7
12933.6
13248.2
13233.1
13115.6
13167.9
13318.8
13333.2
13210.3
13069.9
13098.6
13192.6
13321
13358.8
13355
13337.4
13340.9
13366.7
13372.1
13367.2
13362.5
13365.2
13378.9
13399.4
13419.3
13437
13452.1
13466.3
13469.5
13458.4
13445.7
13447
13447
13443.4
13444
13447.9
13451.6
13452.5
13454.4
13459.2
13464
13475.4
13471.4
13459.2
13446.1
13435.7
13419.8
13414.9
13417.9
13425.4
13427.2
13433.1
13447.2
13459.8
13467.6
13471.7
13472.4
13469.1
13461.6
13450.5
13437.9
13434.9
13435.9
13441
13455.9
13474.7
13482.4
13486.6
13487.7
13486
13481.9
13476.6
13477.8
13479.1
13485.6
13503.3
13520
13529.6
13686.2
13684.9
13683.5
13682.1
13680.8
13679.5
13678.1
13676.8
13675.5
13674.2
13672.8
13671.5
13670.2
13668.9
13667.6
13666.3
13664.9
13663.6
13662.3
13660.9
13659.6
13658.2
13656.9
13655.5
13654.1
13652.8
13651.4
13650
13648.6
13647.2
13645.8
13644.4
13643
13641.6
13640.2
13638.8
13637.5
13636.1
13634.7
13633.3
13632
13630.6
13629.3
13628
13626.6
13625.3
13624
13622.8
13621.5
13620.3
13619.1
13618
13616.9
13615.8
13614.8
13613.7
13612.6
13611.4
13609.7
13607.9
13605.3
13600.4
13593.8
13586.3
13565.4
13532.4
13505.6
13407.7
13303.7
13185.9
12967.4
12857
12581.2
12361.9
12278.4
12040.6
11710.1
11652.8
11550.1
11258
11102.5
11045.6
10800.1
10587.6
10529
10373.3
10232.8
10180
10116.5
9966.8
9820.86
9707.79
9567.83
9432.04
9307.08
9204.93
9160.19
9101.36
8953.42
8790.52
8674.58
8581.42
8522.8
8538.92
8499.85
8375.86
8262.45
8149.06
8028.63
7966.06
7915.54
7859.18
7796.28
7728.06
7644.92
7589.23
7540.95
7479.81
7442.9
7367.35
7286.98
7248.72
7212.97
7156.25
7078.6
7018.93
6989.58
6938.64
6866.8
6811.57
6770.99
6726.2
6707.18
6667.11
6599.88
6579.88
6552.72
6503.19
6456.68
6428.6
6401.57
6353.76
6285.49
6262.56
6222.11
6183.38
6150.42
6120.04
6093.09
6044.39
5996.3
5966.53
5921.45
5933.16
5999.04
6419.05
7571.28
8875.98
10701
11333.3
11432.1
11560.3
12410.8
13237.9
13321.4
13101.2
13114.1
13306.3
13401.4
13331.4
13137.4
13027.6
13053.6
13227.6
13355.2
13367
13341.9
13343.6
13343.5
13358
13355.3
13348.3
13343.7
13349.9
13371.1
13403.1
13424.1
13440.9
13459.8
13471.2
13469.2
13451.2
13435.3
13437.6
13441.1
13440.9
13442.6
13448.8
13453.6
13454.8
13457.7
13460.2
13467.4
13468.5
13462
13448
13432.9
13419
13410.7
13409
13411.5
13421.1
13423.2
13431.1
13444.9
13457.3
13466
13470.3
13471.7
13469.5
13462.7
13453.2
13442.2
13435.6
13434.3
13438.1
13449.4
13463.9
13472.3
13474.8
13475.4
13477.1
13476.7
13475.3
13478
13480
13491.8
13509.5
13523.5
13531
13691.6
13690.2
13688.8
13687.3
13686
13684.5
13683.1
13681.7
13680.3
13678.9
13677.5
13676.2
13674.8
13673.4
13672.1
13670.7
13669.4
13668
13666.7
13665.3
13664
13662.6
13661.2
13659.9
13658.5
13657.1
13655.7
13654.3
13652.9
13651.5
13650.1
13648.6
13647.2
13645.8
13644.3
13642.9
13641.5
13640.1
13638.6
13637.2
13635.8
13634.4
13633
13631.6
13630.3
13628.9
13627.6
13626.2
13624.9
13623.6
13622.3
13621
13619.8
13618.7
13617.6
13616.5
13615.5
13614.4
13613.3
13612.1
13610.8
13608.9
13606.2
13603
13597.7
13586
13573.8
13550.2
13494
13440.2
13324.7
13186.7
13116.5
12806.7
12680.8
12584.8
12263.9
12044.2
11969.5
11779.9
11546.2
11434.7
11283.6
10875.6
10836.1
10735.9
10540.4
10505
10441.2
10325.7
10133
10036.6
9945.12
9773.22
9611.04
9512.92
9445.88
9388.42
9266.69
9104.55
8936.61
8828.23
8781.38
8764.44
8732.56
8655.65
8562.8
8438.18
8299.43
8205.64
8143.74
8085.54
8019.87
7934.69
7863.53
7825.75
7776.58
7721.46
7654.47
7575.89
7491.89
7396.33
7319.16
7287.01
7270.49
7213.77
7153.48
7103.46
7044.6
6991.38
6948.84
6906.94
6868.94
6851.58
6777.17
6720.2
6691.58
6639.96
6589.41
6568.31
6574.34
6544.66
6451.7
6375.63
6336.86
6294.03
6229.73
6185.54
6203.16
6200.51
6186.56
6177.12
6128.05
6022.24
6040.96
6086.43
6221.04
6506.83
7814.36
10143.4
11933.5
12727.6
13826
13389.6
12576.1
12698.8
13322.8
13476.6
13413.4
13172.9
13027.7
13068.5
13181.8
13330.4
13329
13315.8
13317.2
13329.1
13361.9
13348.6
13338.8
13332.6
13328.9
13337.7
13365.1
13398.5
13421.6
13448.1
13471.3
13475.1
13464.1
13436
13420
13425.6
13434.6
13437.3
13439.7
13445.7
13450.9
13452.9
13455.5
13456.3
13459.8
13456.5
13447.1
13433.5
13421.1
13405.6
13408.3
13408
13409
13418.8
13420.1
13433.9
13444.2
13456.3
13466
13470.4
13472.3
13470.8
13464.5
13457.3
13448.8
13439.7
13435
13437.8
13444.4
13452.6
13460.9
13462.4
13462
13466.4
13469.6
13473.2
13476.7
13479.8
13498.8
13512
13523.3
13530
13696.7
13695.4
13694.1
13692.7
13691.4
13689.9
13688.5
13687
13685.5
13684
13682.6
13681.1
13679.7
13678.2
13676.8
13675.4
13674
13672.6
13671.2
13669.8
13668.5
13667.1
13665.7
13664.3
13662.9
13661.5
13660.1
13658.7
13657.3
13655.9
13654.5
13653
13651.6
13650.1
13648.6
13647.2
13645.7
13644.2
13642.8
13641.3
13639.9
13638.4
13637
13635.5
13634.1
13632.7
13631.3
13629.9
13628.5
13627.1
13625.7
13624.4
13623.1
13621.8
13620.6
13619.4
13618.3
13617.2
13616.2
13615.1
13614.1
13612.9
13611.5
13609.8
13607.8
13604.1
13599.1
13592.5
13575.2
13551.6
13518
13426.6
13383.8
13262.1
13061.4
12989
12871.7
12539.5
12377.3
12221.5
11976.2
11816
11752.4
11508.3
11215.7
11098.3
10919.1
10784.9
10731.7
10545.9
10473.3
10422.8
10317.8
9952.7
9892.88
9874.9
9807.33
9708.98
9572.63
9386.61
9217.57
9143.45
9121.5
9043.45
8928.98
8842.37
8761.13
8687.12
8609.23
8460.56
8367.66
8320.39
8248.57
8134.35
8078.39
8048.5
7994.72
7928.15
7843.74
7783.21
7723.24
7599.76
7486.39
7448.18
7451.94
7425.82
7343.31
7278.47
7231.1
7173.34
7099.78
7038.83
7002.92
6979.49
6936.02
6873.71
6837.05
6795.61
6730.85
6703.51
6688.85
6666.17
6627.07
6544.16
6492.4
6455.25
6401.68
6335.59
6306.09
6303.47
6309.82
6319.83
6314.64
6260.58
6162.01
6124.07
6120.34
6131.04
6262.81
7070.55
8439.77
10244.5
11639.5
11911.5
12111.8
12756.3
13415.2
13276.6
13016.4
13047.9
13173.9
13548.1
13494.9
13343
13255.8
13301
13360
13364
13362
13335.6
13345.1
13352.1
13350.3
13359
13392.8
13421.9
13436.7
13458.9
13468.5
13464.6
13440.4
13411.3
13401.4
13416.1
13427.8
13431
13433.8
13436.8
13440.9
13444.4
13446.4
13445.3
13446.6
13441.6
13431.7
13419.8
13414
13405.4
13410.6
13411.3
13412.2
13416.8
13428.1
13435.4
13444.7
13456.6
13467
13471.2
13473.7
13472.6
13467
13462.5
13457
13446.7
13438.5
13439.9
13441.3
13442.1
13449
13450.2
13449.2
13454.7
13461.3
13469.9
13473
13483
13503.2
13509.8
13520.6
13527.1
13700.7
13699.8
13698.8
13697.6
13696.5
13695.2
13693.8
13692.4
13691
13689.5
13688
13686.5
13685
13683.5
13682
13680.5
13679
13677.5
13676.1
13674.6
13673.2
13671.7
13670.3
13668.9
13667.5
13666.1
13664.7
13663.3
13661.8
13660.4
13658.9
13657.5
13656
13654.6
13653.1
13651.6
13650.1
13648.6
13647.1
13645.6
13644.1
13642.6
13641.1
13639.6
13638.1
13636.7
13635.2
13633.8
13632.3
13630.9
13629.4
13628
13626.6
13625.2
13623.9
13622.6
13621.3
13620.2
13619
13617.9
13616.9
13615.8
13614.7
13613.6
13612.4
13610.8
13608.5
13606
13601.4
13592.8
13583.3
13557.7
13518.5
13494.3
13391.2
13276.3
13220.6
13038.8
12811
12644.9
12423.7
12245.6
12162.8
12106.3
11753.9
11497
11387.2
11093.5
11112
10919.9
10774
10677.8
10632.9
10416
10235.8
10107.2
10006.9
9920
9832.21
9668.77
9399.48
9396.48
9394.55
9333.91
9223.72
9118.98
9009.43
8960.06
8910.47
8758.89
8586.02
8575.23
8514.68
8297.86
8293.36
8280.78
8231.22
8100.2
7996.38
7938.37
7879.87
7799.52
7738.42
7691.29
7658.46
7630.32
7568.99
7484.94
7437.27
7375.33
7273.01
7199.83
7169.78
7142.49
7094.99
7037.1
6993.13
6967.96
6921.55
6855.56
6822.17
6792.21
6753.43
6686.73
6606.2
6556.59
6562.93
6544.99
6471.85
6449.14
6440.24
6427.41
6417.89
6404.46
6327.54
6242.33
6185.88
6141.31
6148.65
6206.16
6459.77
7590.98
8396.53
10476.7
11875.5
13788.4
13275.8
11994.9
11857.2
12497.4
13102.7
13399.1
13469.5
13258.3
13170.5
13296.9
13422.1
13392.2
13333.4
13305.5
13344.9
13361.9
13366.8
13384.8
13406.2
13417.5
13450.9
13454.8
13445.5
13426.6
13403.2
13383.3
13386
13410.8
13419.4
13421.8
13424.7
13424.5
13426.5
13430.2
13433.6
13432.3
13430.1
13426.6
13420
13411.5
13411.2
13415
13420.9
13418.8
13419.5
13421.5
13437.4
13443.8
13446.5
13456.9
13467.6
13472.2
13474.9
13473.3
13470.2
13468.4
13465.2
13455.5
13444.4
13442.9
13438.9
13434.3
13439.7
13439.6
13438.8
13443.8
13453.6
13465.1
13469.2
13485.1
13502.7
13506.5
13517.3
13522.9
13703.4
13702.7
13702
13701.2
13700.4
13699.4
13698.4
13697.3
13696.1
13694.8
13693.4
13692
13690.6
13689
13687.5
13686
13684.4
13682.8
13681.3
13679.8
13678.2
13676.7
13675.2
13673.8
13672.3
13670.8
13669.4
13667.9
13666.5
13665
13663.5
13662.1
13660.6
13659.1
13657.6
13656.1
13654.6
13653.1
13651.6
13650
13648.5
13647
13645.4
13643.9
13642.4
13640.8
13639.4
13637.8
13636.3
13634.8
13633.4
13631.9
13630.4
13629
13627.5
13626.1
13624.7
13623.4
13622.1
13620.9
13619.7
13618.6
13617.5
13616.5
13615.5
13614.4
13613.1
13611.7
13610
13607
13603.4
13597.8
13583.3
13570.5
13549.2
13484.9
13432.3
13360.7
13189.6
13077.9
12903.2
12659.5
12545.5
12491.3
12324.3
11996.2
11797.3
11544.6
11496.6
11373.9
11079.8
10893.8
10849.5
10868.6
10654.6
10439.1
10288
10154
10100.6
10016.6
9839.45
9690.66
9596.21
9508.01
9443.32
9375.78
9298.24
9242.74
9177.47
9077.94
8934.47
8828.89
8732.21
8622.45
8513.94
8449.66
8404.7
8311.85
8182.26
8100.93
8055.49
7994.39
7909.45
7853.34
7821.33
7797.26
7762.92
7701.9
7632.11
7576.67
7444.67
7351.29
7328.31
7315.64
7272.55
7207.54
7156.69
7126.63
7102.38
7034.84
6950.23
6891.03
6876.21
6847.87
6767.35
6697.19
6697.34
6695.47
6652.89
6603.95
6587.6
6556.58
6513.83
6486.42
6451.35
6377.47
6311.95
6261.77
6213.67
6210.12
6215.69
6288.12
6567.17
7340.3
8869.8
10732.7
11156.4
11268.4
12298.8
12971.8
13406.7
13144.1
12982.7
12933.1
13191.1
13366
13379.9
13302.3
13300.1
13320.2
13356.8
13368
13378.5
13410.5
13433.4
13437.4
13442.8
13427.6
13407.2
13382.8
13373.2
13366.3
13380.6
13406.1
13413.9
13417.3
13417.3
13414.7
13416
13419
13421.9
13419.1
13414.8
13414.4
13412.5
13410.9
13414.9
13428
13435.9
13431.5
13431.4
13432.2
13441.2
13455.2
13451.8
13458.3
13467.5
13473.2
13474.6
13473.7
13473.8
13473.8
13472.2
13464.1
13451.7
13445.1
13436.6
13430.7
13434
13432.4
13432
13436.1
13447.8
13459.3
13466.6
13483.8
13498.1
13503.3
13514.2
13516.7
13705.1
13704.6
13704.1
13703.5
13702.9
13702.2
13701.5
13700.8
13699.9
13699
13698
13696.8
13695.6
13694.3
13693
13691.5
13690
13688.5
13686.9
13685.3
13683.7
13682.1
13680.6
13679
13677.4
13675.9
13674.3
13672.8
13671.3
13669.8
13668.3
13666.8
13665.3
13663.8
13662.3
13660.7
13659.2
13657.7
13656.1
13654.6
13653
13651.5
13649.9
13648.3
13646.8
13645.2
13643.7
13642.1
13640.6
13639
13637.5
13636
13634.4
13632.9
13631.4
13629.9
13628.4
13627
13625.6
13624.2
13622.9
13621.6
13620.5
13619.3
13618.2
13617.2
13616.2
13615.1
13614
13612.6
13610.8
13608.9
13605.1
13599.3
13593.4
13577.3
13549.2
13521.8
13468
13360.7
13266
13101.7
12923.1
12859.2
12760.8
12549.1
12296
12020.8
11773.4
11769.1
11577.1
11346.9
11182.4
11126.1
10982.1
10845.9
10726.8
10560.1
10420.1
10326.2
10253.7
10012.4
9836.16
9750.9
9670.71
9586.64
9520.16
9474.2
9407.54
9335.39
9247.72
9083.69
8961.25
8962.16
8794.39
8613.07
8561.64
8519.51
8404.74
8305.4
8282.27
8236.79
8127.34
8075.09
8039.9
7997.24
7940.17
7876.53
7814.63
7764.78
7696.46
7536.09
7490.26
7489.79
7458.67
7377.75
7313.55
7279.3
7248.38
7211.89
7114.81
7018.09
6975.48
6942.96
6918.71
6905.76
6861.84
6833.74
6801.85
6723.66
6682.03
6669.14
6640.85
6605.37
6565.67
6500.01
6437.42
6392.48
6355.92
6306.69
6281.52
6251.78
6260.21
6314.4
6913.32
7359.78
9338.92
12119.5
13673.4
13447.7
12509.2
11974.2
12039.7
12686.9
13201.1
13324.6
13180.4
13175.3
13229.6
13341.7
13339.4
13325.8
13342.6
13386.1
13425.3
13438.5
13432.4
13415.7
13385.9
13357.5
13355.1
13358.4
13379.2
13396.6
13411.4
13416.2
13414.9
13412.9
13413.1
13413.7
13412.5
13406.5
13402.5
13405.3
13407.3
13412.1
13425.1
13439.3
13448
13448.3
13444.7
13442.5
13448.5
13457
13456.6
13461
13468.5
13471.6
13472.7
13475.4
13476.8
13477.7
13477
13471.1
13457.1
13446.4
13436.1
13432.2
13432.3
13430.4
13430.7
13434.6
13446.3
13455.7
13465
13482.1
13492.2
13498.4
13508.9
13509.6
13706.4
13706
13705.5
13705.1
13704.6
13704.1
13703.5
13703
13702.4
13701.7
13701
13700.3
13699.4
13698.5
13697.5
13696.3
13695.1
13693.8
13692.4
13691
13689.5
13687.9
13686.3
13684.7
13683
13681.4
13679.7
13678.1
13676.5
13674.9
13673.3
13671.8
13670.2
13668.6
13667.1
13665.5
13664
13662.4
13660.8
13659.3
13657.7
13656.1
13654.5
13652.9
13651.3
13649.7
13648.2
13646.6
13645
13643.4
13641.8
13640.2
13638.7
13637.1
13635.5
13634
13632.4
13630.9
13629.4
13627.9
13626.5
13625.1
13623.7
13622.4
13621.2
13620.1
13619
13617.9
13616.9
13615.9
13614.7
13613.5
13612
13609.8
13607.1
13603.4
13595.4
13582.4
13571
13531
13479.2
13420.2
13306.2
13193.4
13110.4
12962.1
12787.6
12522.1
12138
12118.3
12002.7
11739.6
11554.7
11472.2
11333.1
11187.8
11085.8
10962.9
10771.4
10621.4
10549.3
10395.8
10157.9
10119.7
10028.3
9830.08
9756.92
9723.18
9672.07
9578.27
9467.26
9352.1
9270.26
9205.32
9092.87
8896.89
8813.79
8749.01
8635.26
8533.56
8485.01
8464.05
8402.81
8311.66
8251.52
8187.69
8112.31
8036.25
8000.99
7954.46
7920.07
7811.22
7697.63
7656.03
7623.39
7540.03
7464.79
7435.43
7396.92
7348.53
7301.33
7236.95
7163.61
7089.85
7084.25
7077.59
7030.09
6962.35
6941.88
6896.79
6812.68
6757.95
6725.17
6694.49
6666.46
6620.4
6564.22
6524.27
6504.36
6470.64
6427.24
6344.12
6282.05
6295.33
6344
6433.5
7083.55
8561.26
10108.3
10765.7
11497.9
11598.7
12074.8
12890.8
12988.6
12908.8
12967.6
13141.1
13329.8
13382.2
13236.9
13208
13285.3
13409.8
13473.6
13472.2
13466.1
13446.4
13410.7
13384.6
13368.4
13371.7
13383.7
13391.8
13407.2
13420.2
13420.9
13417.4
13414.7
13411.4
13405.8
13396.4
13395.4
13399.2
13404.3
13415.4
13435.7
13447.1
13453.5
13456.3
13454.9
13448.7
13451.4
13456.2
13456.8
13460.8
13466.7
13468
13470.1
13474.6
13477.1
13479.5
13479.9
13475.1
13458.9
13446.7
13437.4
13436.7
13436.2
13434.8
13435.4
13439.1
13449
13455.2
13464.4
13478.8
13488.2
13493.5
13502
13503.3
13707.5
13707.1
13706.7
13706.3
13705.9
13705.5
13705
13704.5
13704
13703.5
13703
13702.4
13701.8
13701.2
13700.5
13699.7
13698.9
13698
13696.9
13695.8
13694.6
13693.3
13691.9
13690.4
13688.8
13687.2
13685.5
13683.9
13682.2
13680.5
13678.8
13677.1
13675.4
13673.8
13672.1
13670.5
13668.9
13667.3
13665.7
13664.1
13662.5
13660.9
13659.2
13657.6
13656
13654.4
13652.8
13651.2
13649.6
13648
13646.3
13644.7
13643.1
13641.5
13639.9
13638.3
13636.7
13635.1
13633.5
13631.9
13630.4
13628.9
13627.4
13625.9
13624.6
13623.2
13622
13620.8
13619.7
13618.7
13617.6
13616.6
13615.6
13614.3
13612.9
13611.3
13609
13604.7
13600
13592.8
13573.1
13550.5
13521.2
13451.1
13372.4
13288.6
13109
13054.8
12697
12498.1
12432.8
12115.6
11832.3
11867.6
11748.7
11566
11439.3
11282.7
11082.2
10926.5
10879.2
10805.6
10598.5
10426.8
10307.1
10162.9
9996.25
9949.68
9932.69
9845.92
9705.71
9605.47
9516.25
9430.41
9329.3
9203.37
9080.46
9015.03
8919.67
8775.4
8720.98
8715.33
8681.58
8539.66
8425.47
8359.86
8247.73
8172.56
8175.07
8153.24
8107.04
8071.91
7957.54
7858.17
7802.18
7740.29
7633.99
7557.33
7517.6
7484.04
7448.43
7390.82
7327.79
7296.25
7260.99
7230.08
7193.43
7092.63
7050.28
7047.89
7004.09
6923.33
6867.42
6817.17
6774.38
6748.3
6705.38
6617.32
6605.22
6617.11
6579.39
6527.07
6458.02
6403.04
6376.14
6385.42
6426.98
6738.26
7345.34
8748.9
11685.8
12429.9
13689.8
13250.5
11664.7
11744.6
12314
13155.3
13453.1
13317
12914.3
12985.3
13166.5
13376.3
13504.5
13497.4
13493.4
13470.8
13437.3
13414.4
13393.1
13388.7
13385.1
13388
13402.3
13420.3
13423.8
13419
13416.2
13410.2
13402.5
13392.2
13392.6
13396.9
13404.2
13420
13441
13451
13451.7
13452.3
13457.2
13447.8
13447.8
13451.8
13452.9
13455.6
13459.7
13462.2
13464.7
13470.1
13474.7
13478.5
13480
13471.8
13458.4
13448.1
13442.7
13444.5
13445.5
13445
13445.3
13448.1
13454.4
13457.1
13464.3
13476.3
13484.1
13489.3
13495.6
13498.3
13708.3
13708
13707.6
13707.3
13707
13706.6
13706.2
13705.8
13705.3
13704.9
13704.4
13703.9
13703.5
13702.9
13702.4
13701.8
13701.2
13700.6
13699.9
13699.1
13698.3
13697.4
13696.3
13695.2
13694
13692.6
13691.2
13689.6
13688
13686.4
13684.7
13682.9
13681.2
13679.4
13677.7
13675.9
13674.2
13672.5
13670.8
13669.1
13667.4
13665.8
13664.1
13662.5
13660.8
13659.2
13657.6
13656
13654.3
13652.7
13651
13649.4
13647.7
13646.1
13644.4
13642.8
13641.1
13639.5
13637.9
13636.2
13634.6
13633
13631.4
13629.9
13628.3
13626.9
13625.4
13624.1
13622.8
13621.6
13620.5
13619.4
13618.4
13617.4
13616.3
13615.2
13614
13612.3
13610.2
13607.9
13603
13595.3
13586.5
13566.7
13526.7
13491.4
13393.9
13327.3
13198.8
12942.1
12832.7
12681.9
12364.5
12227.9
12143
11913.7
11725
11602.9
11407.3
11139.9
11152
11125.6
11001.9
10764.6
10632.5
10601.5
10426.3
10227.5
10174.7
10085.9
9940.18
9829.42
9731.26
9658.54
9572.95
9483.55
9358.48
9277.42
9231.94
9051.31
8939.28
8908.03
8865.77
8774.04
8669.09
8585.81
8482.08
8374.91
8341.13
8313.79
8289.31
8258.77
8171.51
8064.06
7983.93
7955.05
7880.95
7726.75
7665.57
7658.55
7623.42
7569.53
7504.78
7429.65
7394.15
7368.89
7348.01
7281.55
7172.48
7139.62
7110.9
7053.1
7006.42
6970.3
6922.58
6903.41
6874.57
6804.2
6709.88
6698.04
6683.46
6664.16
6620.94
6550.88
6495.13
6454.45
6460.02
6475.26
6526.76
6959.77
7680.36
9581.82
10939.3
11447.4
11561.7
12146
12708.8
13279.9
13118.9
12859.8
12978.4
13133.5
13343.9
13506.9
13500
13459.1
13449.1
13449.6
13443.3
13433.7
13419.2
13404.8
13388.2
13387.3
13395.7
13407.4
13418.2
13414.1
13412.3
13408.2
13403.8
13396.6
13396.7
13399.9
13406.8
13423.8
13441.5
13446.6
13443.7
13448.9
13446.9
13438.9
13440.7
13445.2
13445.4
13446.1
13448.7
13451.5
13454.4
13461.3
13469
13474.2
13475.3
13464.4
13457.1
13450.6
13450.7
13455.8
13459.7
13459.9
13459.4
13461
13462.6
13461.5
13465.1
13474.1
13480.3
13485.6
13490.2
13494.2
13708.7
13708.5
13708.2
13708
13707.7
13707.4
13707
13706.7
13706.3
13706
13705.6
13705.2
13704.7
13704.3
13703.8
13703.4
13702.9
13702.4
13701.8
13701.3
13700.7
13700
13699.3
13698.5
13697.7
13696.7
13695.7
13694.5
13693.2
13691.8
13690.3
13688.7
13687.1
13685.3
13683.6
13681.8
13680
13678.2
13676.4
13674.6
13672.8
13671
13669.3
13667.6
13665.9
13664.2
13662.5
13660.9
13659.2
13657.5
13655.9
13654.2
13652.5
13650.8
13649.2
13647.5
13645.8
13644.1
13642.5
13640.8
13639.1
13637.4
13635.8
13634.1
13632.5
13630.9
13629.3
13627.8
13626.4
13625
13623.6
13622.4
13621.2
13620.2
13619.1
13618.1
13617.1
13616
13614.7
13613.4
13611.7
13608.9
13605.6
13600.4
13588.9
13572.3
13550.6
13490.7
13459.7
13355.1
13150.7
13115.7
12972.6
12622.6
12499.7
12295.6
12054.4
11974.1
11869.7
11608.4
11474.4
11411.7
11249.7
11054.4
10955.4
10913.6
10842.5
10631
10485.2
10377
10212.5
10040.4
9947.44
9916.05
9856.55
9762.64
9654.17
9566.14
9529.41
9421.25
9190
9089.45
9025.1
8959.7
8865.4
8767.2
8740.77
8657.9
8556.09
8509.2
8478.03
8449.36
8379.72
8264.69
8171.12
8126.21
8087.08
7992.48
7869.36
7785.41
7742.15
7709.44
7683.41
7625.12
7534.67
7484.5
7461.99
7452.17
7383.57
7298.57
7248.38
7187.71
7133.15
7092.4
7050.83
7031.69
7017.19
6992.61
6894.77
6816.43
6811.17
6791.54
6750.71
6699.18
6653.7
6607.73
6559.56
6512.68
6517.06
6544.29
6639.72
7542.44
8180.6
9879.23
11869.6
13703.6
13679.5
12661.4
12075.3
12206.7
12941.5
13407.8
13496.2
13441.7
13307.9
13208.1
13238.5
13313
13380.8
13427.5
13430.1
13413.5
13396.4
13389.5
13389.9
13399.7
13415.4
13405.2
13407.3
13410.5
13411.8
13409.8
13406.3
13406.2
13410.8
13426.4
13439.8
13439
13438.3
13444.2
13435.3
13433
13435.4
13438.3
13437.4
13435.1
13435.5
13437
13440.5
13448.6
13459.3
13466.2
13465.7
13456.6
13454.9
13455.1
13459.3
13470.1
13476.9
13477.4
13475.6
13475.4
13472.7
13467.4
13468.3
13473.4
13477.3
13482.2
13485.8
13490.8
13708.8
13708.7
13708.5
13708.3
13708.1
13707.8
13707.6
13707.3
13707
13706.7
13706.4
13706
13705.7
13705.3
13705
13704.6
13704.1
13703.7
13703.2
13702.8
13702.3
13701.8
13701.2
13700.6
13700
13699.4
13698.6
13697.9
13697
13696
13694.9
13693.7
13692.3
13690.9
13689.3
13687.7
13685.9
13684.1
13682.3
13680.5
13678.6
13676.7
13674.9
13673.1
13671.3
13669.5
13667.8
13666
13664.3
13662.6
13660.9
13659.2
13657.4
13655.7
13654
13652.3
13650.6
13648.9
13647.2
13645.5
13643.8
13642.1
13640.4
13638.7
13637
13635.3
13633.7
13632
13630.4
13628.8
13627.3
13625.9
13624.5
13623.2
13622
13620.9
13619.8
13618.8
13617.7
13616.7
13615.6
13614.2
13612.5
13610.5
13607.2
13601.5
13594.7
13579
13554.8
13530.7
13443.8
13360.1
13291.5
13083.1
12901.9
12746.9
12504.2
12330.8
12265
12190.6
11900.1
11733.5
11602.8
11377.3
11231.2
11186.2
11136.8
11017.1
10823.4
10700.8
10582
10299.2
10160.3
10188.7
10148.3
10027.1
9906.13
9814.17
9751.74
9732.29
9520.24
9390.05
9324.79
9208.32
9052.03
8943.97
8946.49
8911.9
8806.83
8727.36
8681.34
8638.17
8569.81
8471.08
8400.02
8326.6
8263.64
8216.54
8107.17
7968.81
7891.89
7813.12
7814.63
7816.05
7736.75
7631.4
7582.16
7571.44
7545.84
7461.54
7391.53
7347.87
7297.49
7246.62
7208.43
7179.07
7158.03
7121.57
7071.03
7006.94
6959.01
6919.72
6874.01
6810.08
6771.86
6746.74
6713.4
6669.48
6615.67
6574.84
6576.67
6625.88
6860.47
7480.85
8902.83
10184.5
11309.6
11563.9
11776.5
12257.5
12950.1
13027.9
13126.5
13067.3
12973.6
13002
13085.2
13184.3
13310
13416.2
13457.2
13446.8
13420.2
13397
13396.1
13401.9
13420.4
13407.5
13410
13419.9
13425.1
13422.9
13413.6
13410.5
13414.7
13430.8
13438.5
13435.9
13438.4
13441.5
13432.4
13432.3
13432.3
13432.8
13430.7
13426.7
13422.9
13422.6
13425.3
13434.1
13447.2
13455
13453.3
13448.6
13452.6
13459.9
13471
13485.2
13492.5
13495.9
13494.1
13491.1
13484
13475.1
13473.7
13475.2
13476
13479.9
13482.3
13487.8
13708.5
13708.5
13708.4
13708.3
13708.1
13707.9
13707.7
13707.5
13707.3
13707.1
13706.8
13706.6
13706.3
13706.1
13705.8
13705.4
13705.1
13704.8
13704.4
13704
13703.5
13703.1
13702.6
13702.2
13701.6
13701.1
13700.6
13700
13699.3
13698.6
13697.9
13697
13696.1
13695.1
13693.9
13692.6
13691.2
13689.7
13688.1
13686.4
13684.6
13682.8
13680.9
13679
13677.1
13675.2
13673.4
13671.6
13669.7
13667.9
13666.1
13664.4
13662.6
13660.9
13659.1
13657.4
13655.6
13653.9
13652.2
13650.4
13648.7
13647
13645.2
13643.5
13641.7
13640
13638.3
13636.6
13634.8
13633.2
13631.5
13629.9
13628.3
13626.9
13625.4
13624.1
13622.9
13621.7
13620.6
13619.5
13618.5
13617.4
13616.2
13615
13613.5
13611.3
13608.6
13604.4
13596.2
13585.3
13566.3
13517.7
13477.9
13401.4
13241.8
13119.9
12966.6
12694.8
12583.1
12588.1
12374.3
12095.9
12014.5
11871.8
11619.9
11466.3
11397.2
11314.6
11134
11010.7
10935.2
10756.2
10523.9
10421.7
10367.8
10267.1
10124.2
10033.8
9988.59
9942.01
9844.22
9682.21
9577.87
9482.05
9251.31
9183.05
9212.6
9188.65
9036.29
8919.3
8888.5
8846.44
8763.75
8667.54
8613.42
8545.03
8429.25
8371.4
8316.7
8226.89
8120.2
8025.39
8006.28
7993.67
7943.01
7808.17
7756.2
7728.85
7702.28
7630.36
7534.69
7486
7442.94
7390.89
7348.21
7321.54
7303.19
7280.99
7234.18
7158.13
7090.29
7033.18
6994.06
6946.84
6885.16
6866.62
6855.44
6817.78
6761.81
6699.22
6628.9
6627.99
6648.91
6719.67
7119.36
7803.96
8792.75
11044.1
12477.1
13387.8
12699.1
12054.4
11874.4
12210.1
12714
13004.1
13164.8
13213.3
13306.2
13419
13478.4
13476.5
13441.4
13409
13414.6
13429.2
13452.3
13431.3
13420.3
13430.6
13434
13425.7
13409.4
13409.4
13416.4
13436.3
13439.8
13437.3
13440.3
13439
13434.1
13435.1
13433.9
13432.2
13426
13419.5
13414.2
13411
13412.6
13420.6
13434.9
13442.8
13440.3
13440.8
13451.8
13467.7
13482.3
13496.8
13505.9
13511.8
13509.2
13503.8
13494.1
13483.6
13480.2
13479.5
13476.2
13479.2
13480.2
13485.2
13707.9
13707.9
13707.8
13707.8
13707.7
13707.6
13707.5
13707.4
13707.3
13707.1
13707
13706.8
13706.6
13706.4
13706.2
13706
13705.7
13705.5
13705.2
13704.9
13704.5
13704.1
13703.8
13703.3
13702.9
13702.5
13702
13701.5
13700.9
13700.4
13699.8
13699.2
13698.5
13697.7
13696.9
13696.1
13695.1
13694
13692.8
13691.5
13690
13688.5
13686.8
13685.1
13683.2
13681.4
13679.5
13677.6
13675.7
13673.8
13671.9
13670
13668.1
13666.3
13664.4
13662.6
13660.8
13659.1
13657.3
13655.5
13653.7
13652
13650.2
13648.4
13646.7
13644.9
13643.1
13641.4
13639.6
13637.8
13636.1
13634.4
13632.7
13631
13629.4
13627.8
13626.4
13625
13623.7
13622.5
13621.4
13620.3
13619.2
13618.1
13617
13615.8
13614.3
13612.5
13609.9
13605.4
13600
13587.4
13565.4
13540.3
13483
13390.8
13289.9
13151.8
12964.6
12869.6
12809.9
12547.3
12299.4
12292.2
12143.1
11783.4
11649.8
11605.5
11475.7
11339.6
11233
11199
11008.3
10674
10626.8
10583.3
10377
10290
10294.6
10244.9
10168.1
9965.65
9763.49
9713.93
9610.19
9491.06
9459.64
9424.47
9305.64
9144.88
9082.77
9017.2
8929.62
8851.41
8818.75
8774.57
8658.77
8541.15
8489.75
8412.76
8302.23
8230.65
8200.88
8167.16
8128.15
8012.99
7894.9
7849.01
7844.84
7813.64
7727.01
7652.59
7586.43
7548.77
7510.75
7454.22
7451.26
7444.72
7405.42
7317.49
7225.56
7153.36
7116.04
7094.42
7034.93
6970.64
6953.49
6932.99
6896.25
6848.79
6795.36
6708.26
6680.55
6710.45
6740.3
6817.76
7148.82
8003.91
9598.49
10764.7
11404.8
11840.5
12111.5
12511.5
12993.8
13194.5
13247.4
13296.4
13393.1
13465.4
13495.4
13462.7
13409.8
13410.5
13430.1
13454.6
13465.8
13455.1
13436.4
13429.6
13420.3
13397.2
13390.8
13401.4
13419.6
13441.4
13442
13439.3
13439.7
13435.1
13435.5
13437.9
13436.5
13432.3
13423
13417.4
13411
13402.9
13403.5
13410.1
13423.6
13431.7
13429.1
13435.1
13451.9
13471.5
13495.2
13510.7
13518.4
13520.7
13516.6
13510.7
13500.8
13490.6
13486.8
13485.2
13479.1
13478.7
13479.7
13483.6
13707.1
13707.3
13707.3
13707.3
13707.3
13707.2
13707.1
13706.9
13706.8
13706.8
13706.7
13706.6
13706.5
13706.4
13706.3
13706.2
13706
13705.8
13705.6
13705.4
13705.1
13704.8
13704.5
13704.2
13703.9
13703.5
13703.1
13702.7
13702.2
13701.7
13701.2
13700.7
13700.1
13699.5
13698.9
13698.3
13697.5
13696.8
13695.9
13695
13694
13692.9
13691.7
13690.3
13688.8
13687.2
13685.5
13683.7
13681.9
13680
13678
13676.1
13674.1
13672.2
13670.2
13668.3
13666.4
13664.5
13662.7
13660.8
13659
13657.2
13655.4
13653.6
13651.8
13650
13648.2
13646.4
13644.6
13642.8
13641
13639.2
13637.4
13635.6
13633.8
13632.1
13630.5
13628.9
13627.4
13625.9
13624.6
13623.3
13622.1
13621
13619.9
13618.9
13617.7
13616.5
13615.2
13613.3
13610.9
13607.6
13600.6
13589.9
13576.6
13545.2
13476.3
13444.6
13350.4
13173.9
13098.1
13002.8
12726.8
12585.6
12491.9
12251.2
11980.1
11901.2
11782.8
11622.1
11493
11452.2
11364.8
11110.1
10954.1
10867.9
10745.6
10594.7
10483.6
10413.9
10322.3
10169.1
10008.9
10008.9
10009.8
9877.73
9697.72
9595.91
9552.87
9365.5
9308.89
9229.01
9099.72
9011.56
8960.88
8928.61
8903.8
8814.35
8722.23
8650.51
8522.11
8387.63
8340.22
8292.56
8295.78
8273.85
8105.97
7991.92
8006.12
7986.68
7913.64
7814.7
7730.27
7706.57
7697.95
7644.81
7595.86
7573.42
7537.25
7456.27
7364.59
7291.72
7254.77
7230.05
7196.2
7123.53
7057.38
7034.23
7007.7
6966.94
6939.44
6895.19
6802.85
6752.71
6743.01
6746.68
6771.39
6890.6
7409.41
8438.13
10323.8
12762.4
13561.4
13130.2
13375.9
13584.7
13366.8
13412.4
13490.5
13471.8
13425.7
13375.4
13351.4
13383.2
13434.9
13473
13480.6
13478.3
13439.9
13402.4
13386.6
13375.3
13380.4
13394.9
13424.5
13443.9
13442
13435
13428.9
13427.6
13431.8
13435.5
13433.6
13429.1
13419.7
13416
13410.8
13399.1
13398.2
13402.6
13413.7
13421.9
13422.3
13434.2
13458.9
13481.6
13509.5
13520.8
13522.7
13519.4
13516.1
13512.3
13503.4
13495.2
13492.7
13491.3
13485.3
13477.8
13479.9
13483
13705.6
13705.9
13706.1
13706.3
13706.4
13706.4
13706.3
13706.3
13706.2
13706.1
13706
13706
13706
13706
13706
13706
13705.9
13705.8
13705.7
13705.6
13705.4
13705.2
13705
13704.7
13704.5
13704.2
13703.9
13703.6
13703.2
13702.8
13702.4
13701.9
13701.4
13700.9
13700.4
13699.8
13699.2
13698.6
13698
13697.3
13696.6
13695.8
13694.9
13694
13692.9
13691.8
13690.5
13689.1
13687.6
13685.9
13684.2
13682.3
13680.4
13678.5
13676.5
13674.5
13672.5
13670.5
13668.5
13666.5
13664.6
13662.7
13660.8
13658.9
13657.1
13655.2
13653.4
13651.6
13649.7
13647.9
13646
13644.2
13642.4
13640.5
13638.7
13636.9
13635.1
13633.3
13631.6
13629.9
13628.3
13626.9
13625.5
13624.2
13622.9
13621.8
13620.7
13619.6
13618.5
13617.3
13615.9
13614.4
13612.1
13608.3
13603.2
13595.9
13575.7
13551.3
13524.4
13459.1
13334.7
13281.5
13212.1
12924
12809
12732.7
12435.1
12229.6
12123
11919.3
11748.9
11721.4
11694.7
11580.6
11283.5
11130.1
11123.5
10964.8
10708.2
10601.8
10522.9
10328
10302.6
10323.3
10325.9
10252.3
10028.1
9872.05
9824.7
9713.95
9556.32
9452.17
9359.94
9254.49
9157.07
9108.73
9087.23
9038.9
8943.57
8864.69
8770.15
8626.45
8513.73
8419.85
8427.65
8436.9
8382.85
8249.11
8203.35
8160.66
8085.66
7970.02
7889.86
7857.98
7863.37
7848.42
7770.91
7697.24
7650.96
7581.08
7497.54
7435.81
7394.45
7355.27
7313.6
7266.42
7203.27
7157.94
7125.05
7089.22
7067.82
7066.51
7014
6848.8
6791.17
6776.65
6783.18
6793.61
6817.72
7073.81
7721.43
9022.39
10318.9
10903
12131.1
12628.3
12214.1
12829.1
13222.1
13100.7
13156.8
13300.1
13389.7
13415.5
13398.8
13394.1
13396.5
13391.1
13382.6
13361.3
13366
13369.8
13385.7
13417.5
13445
13445.1
13436.7
13423.9
13417.2
13418.5
13423.9
13426.4
13424.7
13421.8
13416
13415.7
13412
13400.1
13393.9
13396.5
13404.1
13413.8
13421.7
13440.8
13466.4
13491.1
13508
13520.4
13523.5
13517.9
13513.7
13509.6
13501.5
13496.8
13498.6
13497
13491
13479.1
13481.4
13482.4
13703.6
13703.9
13704.3
13704.6
13704.8
13705
13705
13705
13705
13705
13705
13705.1
13705.1
13705.2
13705.3
13705.4
13705.4
13705.4
13705.4
13705.4
13705.3
13705.2
13705
13704.9
13704.7
13704.5
13704.3
13704.1
13703.8
13703.5
13703.2
13702.8
13702.4
13702
13701.6
13701.1
13700.6
13700.1
13699.5
13698.9
13698.3
13697.7
13697
13696.3
13695.6
13694.8
13693.9
13692.9
13691.9
13690.7
13689.3
13687.9
13686.3
13684.6
13682.8
13680.8
13678.9
13676.9
13674.8
13672.8
13670.7
13668.7
13666.7
13664.7
13662.7
13660.8
13658.9
13657
13655.1
13653.2
13651.3
13649.4
13647.5
13645.7
13643.8
13641.9
13640
13638.2
13636.3
13634.5
13632.7
13631
13629.3
13627.9
13626.4
13625.1
13623.8
13622.6
13621.5
13620.4
13619.3
13618.1
13616.9
13615.2
13613
13610.3
13605.1
13596.4
13584.8
13562.3
13524
13448.8
13422.7
13321.2
13128.4
13041.8
12926.7
12610.8
12457.8
12328.1
12170.5
12012.6
11911.4
11849.7
11667.1
11448.5
11382.7
11264.1
11084.5
10981.1
10914.2
10766.9
10603.6
10492.6
10441
10375.2
10192.4
10133.9
10121.8
10083.6
9851.81
9683
9629.54
9537.26
9416.84
9364.33
9310.06
9245.87
9149.46
9076.48
9012.99
8902.42
8738.25
8635.06
8638.5
8631.13
8615.99
8521.99
8390.43
8305.49
8244.74
8167.85
8066.56
7993.47
7976.28
7991.95
7965.19
7876.23
7809.99
7740.37
7637.36
7581.72
7539.81
7503.65
7454.52
7395.64
7349.94
7308.7
7261.51
7228.9
7201.34
7174.16
7152.77
7052.5
6971.9
6928.66
6901.31
6873.72
6845.71
6850.1
6912.83
7104.69
8043.95
9679.38
10714.2
11608.8
11257.3
12941.7
12868.5
12469.5
12728.5
13207.3
13366.6
13335.9
13255.4
13258
13286.2
13321.1
13376.3
13399.1
13394.2
13416.8
13436
13461.3
13458.8
13445
13430.3
13418.5
13413.4
13413.9
13415.4
13414.5
13412.7
13412.3
13415.7
13413.7
13410.6
13398.7
13384.8
13388.7
13396
13409.1
13424.9
13444.7
13470
13492.7
13506.5
13513.8
13515.1
13510.1
13507.1
13503.1
13496.4
13498
13501.6
13499.9
13496
13483.6
13484.4
13481.1
13701.1
13701.4
13701.7
13702.2
13702.5
13702.9
13703.1
13703.2
13703.2
13703.3
13703.3
13703.5
13703.7
13703.9
13704.2
13704.4
13704.6
13704.8
13704.7
13704.7
13704.7
13704.6
13704.6
13704.6
13704.6
13704.5
13704.4
13704.2
13704.1
13703.9
13703.6
13703.3
13703
13702.7
13702.4
13702
13701.6
13701.2
13700.7
13700.2
13699.7
13699.2
13698.6
13698
13697.4
13696.8
13696.1
13695.4
13694.6
13693.8
13692.9
13691.9
13690.7
13689.5
13688.1
13686.6
13684.9
13683.1
13681.2
13679.2
13677.2
13675.1
13673
13670.9
13668.9
13666.8
13664.7
13662.7
13660.7
13658.8
13656.8
13654.9
13652.9
13651
13649.1
13647.1
13645.2
13643.3
13641.4
13639.5
13637.6
13635.7
13633.9
13632.1
13630.4
13628.8
13627.3
13625.9
13624.6
13623.4
13622.3
13621.2
13620.1
13618.9
13617.7
13616.2
13614.2
13611.1
13607.1
13598.8
13587.4
13561.9
13525.7
13505.2
13411.4
13303.5
13241.9
13086.6
12813.9
12707.3
12624.5
12329.5
12096.4
12115.2
12063.9
11846.3
11692.9
11578.4
11421.9
11277
11221.9
11108.7
10894.5
10708.5
10651.7
10603.9
10495.5
10365.9
10273.3
10223.3
10090.6
9960.37
9901.49
9821.67
9677.84
9559.75
9499.6
9440.86
9341.56
9264.16
9211.3
9146.09
8929.85
8833.82
8863.29
8847.39
8802.13
8742.31
8606.25
8496.05
8419.9
8386.79
8328.85
8164.65
8056.54
8085.89
8075.18
8027.23
7952.28
7895.14
7807.76
7709.18
7665.6
7647.8
7627.84
7576.97
7514.88
7464.86
7414.58
7374.89
7339.83
7287.65
7254.52
7217.29
7109.17
7059.26
7050.16
7025.07
6968.26
6895.41
6880.45
6892.17
6971.47
7548.31
8139.77
9394.9
10968.6
12543.4
12282
12681.8
12968.1
13478.6
13292.2
13225.6
13263.8
13339.1
13374
13396.3
13403.7
13433.1
13453.2
13465.6
13463.7
13465.4
13473.9
13464.8
13453.3
13448.6
13442.4
13436.2
13428.4
13412.9
13405.2
13406.3
13411.8
13414
13414.2
13396.3
13377
13384
13392.5
13408.5
13428.4
13450.7
13474.1
13492.2
13497.3
13499.3
13499.2
13498.7
13498.6
13495.5
13493.3
13496.6
13501.1
13501.2
13499.5
13490.1
13486.2
13479.7
13697.2
13697.5
13697.9
13698.5
13699.2
13699.8
13700.3
13700.6
13700.7
13700.9
13701
13701.3
13701.6
13702
13702.5
13702.9
13703.3
13703.6
13703.7
13703.8
13703.9
13703.9
13703.9
13703.9
13703.9
13704
13704
13704
13704
13703.9
13703.7
13703.5
13703.3
13703.1
13702.8
13702.5
13702.2
13701.9
13701.5
13701.2
13700.8
13700.3
13699.9
13699.4
13698.8
13698.3
13697.7
13697.1
13696.5
13695.9
13695.2
13694.4
13693.6
13692.7
13691.8
13690.7
13689.5
13688.2
13686.7
13685.1
13683.4
13681.5
13679.5
13677.5
13675.4
13673.3
13671.1
13669
13666.9
13664.8
13662.7
13660.6
13658.6
13656.6
13654.6
13652.6
13650.6
13648.6
13646.7
13644.7
13642.7
13640.8
13638.8
13636.9
13635.1
13633.2
13631.5
13629.8
13628.3
13626.8
13625.5
13624.3
13623.1
13622
13620.9
13619.8
13618.6
13617
13615.2
13612.4
13607.9
13601.8
13586
13571.6
13551.2
13493.8
13430.9
13372.1
13243.2
13042.1
12930.1
12794.7
12594.3
12448.2
12366.9
12166
12011.4
11906.9
11741.9
11547.5
11544.5
11396.2
11221.8
11068.1
10990.7
10943.5
10887.3
10694.2
10499.4
10425.1
10356.3
10234
10163.2
10095
9959.51
9782.44
9717.22
9653.72
9558.33
9440.86
9373.46
9356.87
9263.89
9111.91
9051.87
8978.74
8925.64
8881.33
8779.75
8689.3
8618.31
8573.99
8533.8
8439.95
8308.62
8220.96
8185.49
8149.66
8091.81
8029.12
7984.53
7908.16
7808.71
7741.97
7738.26
7726.81
7690.76
7635.24
7578.57
7513.29
7437.58
7352.83
7348
7359.18
7306.63
7228.94
7189.79
7158.11
7133.22
7076.19
6966.28
6896.5
6904.59
6936.41
7054.48
7336.02
9459.27
9323.37
10579.7
12283.7
13389.9
12833.3
12678
12904.1
13169.2
13319.2
13385.4
13422
13429.2
13470.1
13502.2
13481.5
13465
13471.2
13478.7
13483.6
13491.8
13495.3
13484.7
13464.1
13441.1
13413.2
13403
13404.4
13415.6
13422.8
13419.4
13395.7
13378.5
13385
13397
13410.2
13427.6
13451.7
13477.6
13480.3
13481.4
13481.9
13483.9
13489.3
13491.6
13490.2
13491.4
13494.1
13500.9
13501.8
13499.9
13493.4
13486.1
13478.9
13691.2
13691.9
13692.6
13693.5
13694.4
13695.5
13696.5
13697.2
13697.7
13698
13698.3
13698.6
13699
13699.6
13700.2
13700.8
13701.4
13701.9
13702.2
13702.4
13702.6
13702.7
13702.8
13703
13703.1
13703.3
13703.3
13703.4
13703.4
13703.4
13703.4
13703.3
13703.2
13703
13702.9
13702.7
13702.5
13702.3
13702
13701.7
13701.4
13701.1
13700.7
13700.4
13699.9
13699.5
13699
13698.5
13698
13697.4
13696.9
13696.2
13695.6
13694.9
13694.2
13693.4
13692.5
13691.6
13690.6
13689.5
13688.2
13686.8
13685.2
13683.6
13681.7
13679.8
13677.8
13675.7
13673.5
13671.3
13669.1
13666.9
13664.8
13662.6
13660.5
13658.4
13656.3
13654.3
13652.2
13650.2
13648.2
13646.1
13644.1
13642.1
13640.1
13638.2
13636.3
13634.4
13632.6
13630.9
13629.3
13627.8
13626.5
13625.2
13624
13622.8
13621.7
13620.6
13619.4
13618
13616
13613.7
13609.2
13602.5
13594.9
13577.3
13549.9
13508.4
13461.3
13382.3
13221.1
13176.3
13071.8
12768.2
12643.6
12537.1
12324.7
12187.1
12051.5
11865.6
11743.4
11706.9
11641.8
11443.8
11107.8
11096
11074.7
10969
10763.2
10728.6
10692.9
10545.8
10398.3
10329
10222.5
10061
9947.86
9862.6
9775.19
9668.19
9582.6
9550.91
9565.52
9461.89
9292.11
9147.52
9090.56
9070.13
8997.89
8885.36
8816.06
8756.32
8683.33
8662.45
8600.36
8450.78
8360.97
8294.47
8256.84
8195.34
8140.27
8115.65
8047.88
7945.27
7861.42
7856.38
7844.28
7800.44
7745.31
7668.9
7557.26
7456.52
7464.5
7464.51
7448.19
7380
7330.97
7299.62
7279.9
7240.3
7159.28
7053.71
6966.95
6943.71
6948.93
6961.67
7247.55
7687.5
8840.64
10611.1
11481.7
11705.7
12252.3
12734.6
12872.9
13218.6
13277.7
13336.3
13326.7
13428
13433.2
13363.3
13355.2
13411.5
13465.5
13508.6
13521.8
13525.4
13509
13478.9
13449.7
13418.6
13408.7
13412.8
13422.4
13435.2
13423.8
13400.4
13388.2
13395.6
13410.4
13415.1
13425.7
13444.3
13458
13459.2
13463.6
13467.4
13473.8
13483.6
13487.7
13488.3
13489.9
13492.8
13498.1
13500
13498.3
13493.5
13486.4
13478.2
13683.2
13684.2
13684.9
13685.8
13687.1
13688.8
13690.7
13692.4
13693.8
13694.8
13695.4
13695.8
13696.2
13696.8
13697.5
13698.4
13699.2
13699.9
13700.5
13700.8
13701
13701.1
13701.3
13701.4
13701.6
13701.9
13702.2
13702.5
13702.7
13702.8
13702.7
13702.6
13702.6
13702.5
13702.5
13702.4
13702.4
13702.2
13702.1
13701.9
13701.7
13701.5
13701.3
13701
13700.7
13700.3
13700
13699.6
13699.2
13698.7
13698.2
13697.7
13697.1
13696.5
13695.9
13695.3
13694.6
13693.9
13693.1
13692.3
13691.4
13690.4
13689.3
13688.2
13686.8
13685.3
13683.7
13681.9
13680
13678
13675.8
13673.7
13671.4
13669.2
13666.9
13664.7
13662.5
13660.3
13658.1
13656
13653.9
13651.8
13649.7
13647.6
13645.5
13643.5
13641.5
13639.5
13637.5
13635.6
13633.8
13632
13630.4
13628.8
13627.4
13626.1
13624.8
13623.7
13622.6
13621.5
13620.2
13618.9
13617.2
13614.4
13611.4
13605.9
13596.3
13584.1
13554.9
13538.3
13476.7
13397
13327.7
13190.6
12944.9
12916.7
12721.7
12500.5
12442
12242.6
11967.1
12009
11938.5
11785.5
11546.5
11390.8
11303.7
11234.5
11069.2
10954.2
10889.9
10805.7
10633.6
10560.9
10486.1
10357.2
10197
10083.8
9999.74
9907.74
9832.95
9776.2
9755.7
9699.66
9536.56
9416.96
9284.5
9201.3
9174.52
9093.4
9003.83
8936.65
8883.99
8845.96
8779.75
8658.65
8550
8476.31
8430.09
8394.22
8323.16
8235.66
8205.24
8155.73
8059.56
8019.22
7996.06
7939.9
7862.17
7785.27
7724.82
7664.46
7637.01
7620.48
7597.22
7534.18
7462.41
7424.87
7395.32
7325.3
7287.16
7240.36
7164.57
7076.26
6997.15
6967.02
6985.84
7032.81
7347.69
7956.76
9187.98
10914.4
12824.1
12857
11735.7
11784.4
12399.7
12713
12845.5
13222.5
13240.8
13207.9
13244.1
13342.3
13455.9
13506.2
13485.7
13451.2
13437
13434.9
13415.9
13396.8
13407.4
13425.3
13448.4
13449.6
13442
13429.2
13425.4
13432.3
13434.1
13431.5
13431.3
13436.9
13439.9
13445
13451.7
13458.4
13468.1
13480.1
13485.9
13487.9
13488.9
13489.7
13491.4
13494
13494.1
13491.9
13486.8
13478.1
13667.2
13670.8
13673.2
13675.2
13676.9
13678.9
13681.4
13684
13686.7
13689.1
13691.2
13692.5
13693.1
13693.7
13694.5
13695.5
13696.5
13697.5
13698.4
13698.9
13699.1
13699.2
13699.3
13699.4
13699.7
13700
13700.5
13700.9
13701.3
13701.6
13701.7
13701.7
13701.7
13701.7
13701.7
13701.7
13701.7
13701.7
13701.7
13701.7
13701.6
13701.5
13701.4
13701.2
13701
13700.8
13700.5
13700.2
13699.9
13699.6
13699.2
13698.8
13698.3
13697.8
13697.3
13696.7
13696.2
13695.6
13694.9
13694.2
13693.5
13692.8
13692
13691.1
13690.2
13689.2
13688.1
13686.8
13685.4
13683.8
13682
13680.1
13678.1
13676
13673.7
13671.5
13669.2
13666.8
13664.5
13662.3
13660
13657.8
13655.6
13653.4
13651.3
13649.1
13647
13644.9
13642.8
13640.8
13638.8
13636.8
13635
13633.2
13631.4
13629.9
13628.4
13627
13625.7
13624.6
13623.4
13622.3
13621.1
13619.7
13618
13616
13612.6
13608.3
13600.3
13589.2
13572.4
13538.6
13487.8
13447.9
13320.4
13185.9
13095.2
12903
12772.8
12647.2
12378.6
12325.4
12190.8
12011.6
12030.7
11709.3
11547.4
11541.1
11417.1
11222.4
11134.5
11104.9
10970.2
10822
10703.6
10585.3
10466.3
10371.4
10294
10187.5
10082.7
10012.2
9965.11
9901.51
9774.76
9689.68
9575.47
9417.97
9351.81
9301.95
9215.52
9110.51
9078.44
9062.12
9001.9
8886.41
8762.28
8679.47
8633.64
8608.07
8564.53
8445.71
8356.5
8316.98
8262.62
8197.32
8163.12
8089.51
7994.53
7916.07
7891.45
7825.67
7717.6
7730.39
7736.97
7708.66
7628.85
7565.07
7519.24
7474.58
7424.87
7337.33
7282.29
7256.44
7172.41
7042
7012.35
7036.6
7072.24
7172.64
7522.6
8417.95
9908.53
10919.7
11355.3
11806.3
12319.1
12570.1
12617.7
12871.1
13152.3
13207.7
13329.6
13433.3
13502.5
13404.8
13277.6
13233.3
13280.4
13322.4
13328.4
13342.3
13378.5
13420.5
13459.4
13472.2
13463
13461
13470.5
13471.2
13466.3
13457.7
13444.5
13438.8
13437.1
13439.9
13446
13453.4
13465.4
13478.2
13485
13488.1
13485.9
13482.6
13481.4
13483.8
13487.5
13488.9
13486.8
13479.1
13640.8
13648.8
13655.3
13659.1
13661.2
13663.3
13666
13669.7
13673.4
13676.9
13680.7
13684
13686.2
13687.8
13689.2
13690.6
13692.1
13693.5
13694.8
13695.8
13696.4
13696.7
13696.9
13697
13697.3
13697.7
13698.3
13699
13699.6
13700
13700.2
13700.3
13700.3
13700.4
13700.6
13700.7
13700.9
13701.1
13701.1
13701
13701
13701
13701
13701
13701
13700.8
13700.7
13700.5
13700.3
13700
13699.7
13699.4
13699.1
13698.7
13698.3
13697.8
13697.4
13696.9
13696.4
13695.8
13695.2
13694.6
13693.9
13693.2
13692.5
13691.7
13690.9
13690
13689
13687.9
13686.7
13685.3
13683.8
13682
13680.2
13678.1
13676
13673.7
13671.4
13669.1
13666.7
13664.3
13662
13659.7
13657.4
13655.2
13652.9
13650.7
13648.5
13646.4
13644.3
13642.1
13640.1
13638.1
13636.2
13634.3
13632.6
13630.9
13629.4
13627.9
13626.6
13625.4
13624.3
13623.1
13621.9
13620.6
13619
13617
13614.4
13610.1
13603.8
13594.8
13575.3
13549.9
13526.2
13433.9
13365.2
13287.4
13093.5
13036.8
12838.7
12633.9
12549.8
12384.7
12237.8
12047.5
11862.9
11796.3
11687.1
11476.4
11389.8
11335.1
11251.2
11093.9
10957.5
10844.3
10725
10619.5
10515.1
10412.3
10305.7
10242
10199.5
10137
10036.5
9850.76
9785.25
9714.01
9582.3
9509.07
9447.6
9360.47
9267.78
9204.94
9154.18
9073.05
8953.64
8894.98
8836.97
8775.81
8731.95
8650.23
8528.86
8479.49
8454.39
8384.55
8277.39
8200.14
8136.82
8085.04
8087.32
8058.24
7925.16
7831.76
7798.9
7768.31
7725.45
7674.99
7625.88
7615.8
7575.22
7495.71
7416.45
7380.47
7336.86
7260.03
7197.74
7158.92
7127.18
7135.21
7152.12
7301.09
7657.11
8907.07
11213
12737.3
12664.8
12794.9
12835
13019.9
13323.2
13333.7
13400.3
13517.6
13458.6
13243.5
13169.2
13196.7
13260.4
13279.7
13292.6
13314.4
13356.1
13406.2
13455.6
13458.4
13473.2
13482.4
13494.8
13493.3
13487.7
13480.7
13468.4
13447.6
13439.9
13440.4
13443.8
13450.2
13464.1
13479.8
13486.1
13487.2
13482.4
13474
13470.7
13473.4
13478.5
13485.3
13484.9
13479.7
13609.6
13616.7
13624.9
13634.2
13639.1
13641.4
13644.5
13649.5
13655.2
13659.2
13662.6
13666.7
13671.2
13675.2
13678.3
13680.7
13683
13685.2
13687.3
13689.3
13690.9
13692.2
13693
13693.6
13694.2
13694.8
13695.6
13696.6
13697.4
13698
13698.3
13698.4
13698.5
13698.7
13698.9
13699.2
13699.5
13699.8
13700
13700.2
13700.3
13700.4
13700.4
13700.4
13700.4
13700.3
13700.4
13700.3
13700.2
13700.1
13699.9
13699.7
13699.4
13699.1
13698.9
13698.5
13698.2
13697.8
13697.4
13697
13696.5
13696
13695.4
13694.8
13694.2
13693.6
13692.9
13692.2
13691.4
13690.6
13689.7
13688.7
13687.7
13686.5
13685.1
13683.6
13681.9
13680.1
13678
13675.9
13673.6
13671.3
13668.9
13666.5
13664.1
13661.7
13659.3
13657
13654.7
13652.4
13650.2
13647.9
13645.8
13643.7
13641.6
13639.5
13637.5
13635.6
13633.7
13632
13630.4
13628.9
13627.6
13626.3
13625.1
13623.9
13622.8
13621.4
13620
13618.2
13615.6
13612.3
13607.3
13596.6
13587.3
13567.3
13520.7
13487.6
13400.5
13302.3
13224.3
13032
12886.2
12779
12518.2
12482.4
12276.3
12064.2
11994.3
11801.6
11650.3
11579.4
11418.9
11288.4
11252.1
11209.9
11086.3
10939.5
10772.8
10633.7
10530.7
10490.5
10446.7
10398.6
10322.6
10111.8
9938.45
9885.65
9790.43
9706.79
9659.12
9624.82
9526.28
9365.38
9306.84
9262.84
9166.89
9085.75
9031.89
8956.52
8920.41
8873.44
8753.88
8667.02
8638.58
8579.54
8457.5
8365.28
8283.58
8250.17
8220.93
8215.12
8194.45
8055.92
7940.69
7895.36
7851.46
7794.79
7748.52
7711.12
7663.79
7638.34
7598.69
7550.63
7505.43
7456.24
7372.26
7308.99
7250.59
7199.06
7187.02
7194
7231.45
7491.91
8515.65
9631.75
10623.5
12144
12976
12668
12779.3
13149.9
13465.8
13394.7
13291.2
13348.6
13261.1
13273.8
13325.3
13337.6
13360.6
13373.7
13373.1
13386.9
13420.7
13441.7
13465.3
13501.1
13510.3
13511.3
13508.9
13504.2
13490.8
13462.1
13444.1
13443.9
13445
13446.8
13457.6
13472.8
13486.6
13486.6
13479.7
13467.2
13461.9
13463.9
13469.2
13480.4
13483.6
13481.8
13575.4
13580.7
13587.9
13598.5
13607.7
13614.2
13618.6
13624.1
13631.3
13637.4
13641
13644.4
13649
13654.3
13659.4
13663.8
13667.8
13671.6
13675
13678
13680.7
13683.1
13685.3
13687.2
13688.9
13690.3
13691.6
13692.9
13694.2
13695.3
13696
13696.2
13696.4
13696.5
13696.8
13697.1
13697.6
13698
13698.4
13698.7
13699
13699.2
13699.3
13699.5
13699.6
13699.8
13699.7
13699.7
13699.6
13699.6
13699.5
13699.4
13699.3
13699.2
13699
13698.8
13698.6
13698.3
13698
13697.7
13697.3
13696.9
13696.5
13696.1
13695.6
13695
13694.5
13693.8
13693.2
13692.5
13691.8
13691.1
13690.2
13689.4
13688.4
13687.4
13686.2
13684.9
13683.4
13681.7
13679.9
13677.9
13675.7
13673.4
13671.1
13668.7
13666.3
13663.8
13661.4
13659
13656.6
13654.2
13651.9
13649.6
13647.3
13645.1
13642.9
13640.7
13638.6
13636.7
13634.8
13633
13631.3
13629.8
13628.4
13627.1
13625.9
13624.7
13623.5
13622.3
13620.8
13619.1
13617.1
13613.6
13609.1
13604
13589.5
13572.2
13548
13489.9
13443.3
13352.9
13213.3
13104.9
12932.5
12810
12621.4
12402.4
12304.9
12164.6
11976.2
11870.1
11764.4
11568
11515.7
11484.3
11315.1
11218.7
11067.1
10859.9
10795.2
10745.4
10677.9
10610.8
10521.2
10463.1
10288.6
10143.9
10037.6
9913.86
9833.83
9806.62
9758.73
9647.76
9534.8
9461.34
9382.81
9276.42
9188.63
9104.73
9101.14
9087.85
8999.66
8847.4
8782.84
8740.88
8676.35
8579
8498.38
8460.74
8396.52
8346.06
8314.95
8237.82
8135.47
8083.53
8015.16
7953.54
7918.43
7870.47
7816.98
7774.48
7747.94
7706.92
7660.6
7626.29
7557.63
7463.52
7390.47
7320.89
7273.36
7228
7242.46
7266.89
7392.56
7868.82
8712.37
9929.97
10845.3
11406.4
11866.5
12649.4
12960.3
12897
12981.4
13113.2
13431.4
13470.6
13478.6
13537
13521.8
13459.7
13384.8
13350.5
13370.6
13414
13461.9
13502.1
13524.1
13520.2
13510.7
13503.2
13482.7
13457.6
13437.1
13442.9
13442.3
13447.7
13462.8
13481
13484.5
13482
13473.8
13459.7
13454.6
13457.5
13463.3
13472.8
13476.9
13478.4
13532.5
13541
13547.8
13553.2
13562.3
13574.6
13583.7
13589.3
13595.6
13603.6
13610.6
13616
13621.3
13627.5
13634.2
13640.6
13646.2
13651.4
13656.2
13660.6
13664.5
13668.2
13671.7
13675.1
13678.5
13681.7
13684.2
13686.2
13688.3
13690.4
13692.4
13693.3
13693.4
13693.4
13693.7
13694.2
13695
13695.7
13696.3
13696.8
13697.1
13697.3
13697.6
13697.9
13698.2
13698.4
13698.6
13698.7
13698.8
13698.9
13698.9
13698.9
13698.8
13698.8
13698.7
13698.6
13698.5
13698.4
13698.2
13698
13697.8
13697.5
13697.2
13696.9
13696.5
13696.1
13695.6
13695.1
13694.6
13694.1
13693.5
13692.8
13692.1
13691.4
13690.6
13689.8
13689
13688
13687
13685.8
13684.5
13683.1
13681.4
13679.6
13677.6
13675.5
13673.3
13670.9
13668.5
13666
13663.6
13661.1
13658.6
13656.2
13653.8
13651.4
13649
13646.7
13644.4
13642.2
13640
13637.9
13636
13634.1
13632.4
13630.8
13629.3
13628
13626.7
13625.5
13624.3
13623
13621.7
13620.1
13617.9
13615.7
13611.8
13605.1
13597.8
13579.6
13556
13522.1
13451.6
13376.4
13267.2
13135.4
13023.6
12788.3
12649.9
12546.8
12341.4
12125.7
12106.9
11934.4
11784.9
11716.6
11593.3
11446.7
11356
11192.9
11053.5
10946.9
10873.8
10816.5
10716
10670.8
10580.5
10404.8
10297.1
10175.2
10059.5
9978.22
9909.22
9861.61
9746.36
9639.48
9608.19
9541.35
9405.72
9352.25
9320.59
9288.16
9227.26
9082.19
8941.63
8907.18
8843.25
8745.6
8656.48
8618.93
8589.67
8537.76
8486.15
8421.72
8315.71
8220.06
8142.69
8101.36
8071.87
8037.07
8003.01
7955.85
7900.68
7842.03
7800.08
7777.13
7724.47
7630.98
7554.31
7474.35
7401.89
7333.99
7323.87
7310.27
7306.07
7350.53
7508.83
7806.43
8891.42
10562
11524.7
11904.4
12366.7
12627.2
12944.5
13194
13361.5
13511.4
13595
13619.8
13611.5
13472.6
13310.2
13310.3
13348.4
13445
13526.9
13531.7
13510.8
13462.4
13422.4
13411
13404.7
13405.8
13412.7
13429
13446.7
13452.8
13460.6
13473.1
13479.4
13477
13466.8
13452.3
13450.7
13453.5
13459.3
13466.2
13472
13477.8
13478.8
13488.9
13498.3
13506.6
13514.4
13524.9
13536.5
13545.5
13552.3
13560.2
13570.3
13579.5
13587.1
13594.4
13602.2
13609.9
13616.7
13622.9
13628.9
13634.7
13640.5
13646
13651.3
13656.1
13660.9
13665.9
13670.7
13674.5
13677.4
13680.4
13683.7
13686.4
13688.1
13688.8
13689.4
13690.3
13691.5
13692.8
13693.6
13694.1
13694.5
13694.8
13695.2
13695.7
13696.1
13696.5
13696.8
13697.1
13697.3
13697.5
13697.7
13697.8
13697.9
13698
13698
13698
13697.9
13697.9
13697.9
13697.8
13697.7
13697.6
13697.4
13697.2
13697
13696.7
13696.4
13696
13695.6
13695.2
13694.7
13694.2
13693.6
13693
13692.4
13691.7
13691
13690.2
13689.4
13688.5
13687.6
13686.5
13685.4
13684.1
13682.7
13681.1
13679.4
13677.4
13675.3
13673.1
13670.7
13668.3
13665.9
13663.3
13660.8
13658.2
13655.7
13653.2
13650.8
13648.3
13646
13643.6
13641.4
13639.2
13637.2
13635.3
13633.4
13631.8
13630.2
13628.8
13627.5
13626.2
13625.1
13623.8
13622.4
13621
13619.3
13616.7
13613.7
13608.6
13599.7
13589
13564
13528.1
13484.2
13381.5
13322.4
13182.5
12979.9
12920.6
12673.1
12441.7
12401.5
12321.8
12064.5
11988
11964.9
11773
11680
11596
11382.6
11180.8
11056.1
11010.3
10954.6
10889.1
10833.4
10703.1
10554.5
10447
10324.9
10187.6
10078
10047.9
9966.75
9826.24
9822.3
9801.84
9607.27
9541.76
9500.87
9460.09
9416.66
9335.95
9194.07
9112.26
9046.6
8971.46
8874.55
8736.16
8704.77
8677.24
8637.91
8597.53
8511.49
8399.61
8320.53
8279.65
8238.15
8200.3
8171.27
8119.66
8051.8
7990.45
7943.83
7912.12
7862.42
7761.73
7698.08
7632.96
7563.53
7507.37
7464.52
7444.17
7358.83
7365.98
7364.08
7371.85
7584.5
8084.77
9191.32
10425.3
12001.7
12789.8
13180.4
13297.1
13191.6
12980.6
13093.3
13368.7
13305.7
13226.3
13162.2
13272.3
13415.5
13563.2
13605.9
13558.3
13459.9
13339.2
13293.9
13313.2
13341.2
13367.9
13389.3
13413.4
13444.1
13448.6
13450.8
13461.3
13465.8
13462.5
13453.5
13445.8
13447.2
13450.5
13457.3
13464
13468.9
13474.6
13428.8
13437.2
13446.1
13455.3
13463.4
13471.9
13482.1
13493.4
13503.6
13512.7
13522.2
13532.4
13542.2
13551.1
13560
13569.1
13578
13586.1
13593.8
13601.2
13608.4
13615.6
13622.7
13629.4
13635.6
13641.5
13647.7
13654.1
13659.6
13663.5
13667.3
13672.3
13678.7
13681.4
13681.6
13682.5
13684.2
13686.6
13688.6
13690.1
13691
13691.6
13692.3
13692.9
13693.7
13694.3
13694.6
13694.9
13695.2
13695.5
13695.8
13696.1
13696.3
13696.5
13696.7
13696.8
13697
13697.1
13697.2
13697.2
13697.2
13697.2
13697.2
13697.1
13697
13696.8
13696.7
13696.4
13696.2
13695.9
13695.5
13695.1
13694.7
13694.2
13693.7
13693.1
13692.5
13691.9
13691.2
13690.5
13689.7
13688.9
13688
13687.1
13686.1
13685
13683.7
13682.4
13680.8
13679.1
13677.2
13675.1
13673
13670.6
13668.1
13665.6
13663
13660.4
13657.8
13655.2
13652.6
13650.1
13647.6
13645.2
13642.8
13640.6
13638.4
13636.4
13634.5
13632.8
13631.2
13629.7
13628.3
13627.1
13625.8
13624.5
13623.3
13621.8
13620.1
13618.1
13614.8
13610.9
13604.4
13590.6
13575.5
13543.3
13488.6
13446.4
13320.8
13195.1
13076.7
12849.6
12727.3
12683.4
12458
12270.4
12228.1
12099.4
11945.2
11872.4
11735.8
11533.4
11344.6
11223.6
11172.5
11103.4
11058.6
10984.8
10849.2
10703.9
10551.1
10404
10284.1
10273.8
10235.9
10124
10057
10013
9869.33
9691.21
9618.44
9583.91
9553.48
9476.83
9422.2
9330.42
9248.03
9180.64
9119.96
9002.1
8848.77
8776.76
8751.17
8721.78
8658.74
8547
8494.95
8448.99
8404.79
8360.21
8324.11
8269.1
8194.75
8127.46
8085.81
8057.68
8021.55
7939.39
7833.67
7768.02
7712.61
7641.4
7582.43
7585.28
7568.77
7464.81
7416.61
7398.61
7402.02
7440.95
7672.95
8437.5
9420.01
10499.1
11474.3
12172.9
12148.7
12152.6
12582.4
12972.4
13035.8
13088.8
13204.5
13423.4
13530.1
13685.5
13639.7
13498.4
13338.5
13197.6
13218.4
13232.7
13285.1
13331.5
13372.8
13409.4
13449.4
13450.1
13447.5
13437.3
13437.1
13435.1
13432.8
13437.6
13446.2
13453.2
13461.2
13467.3
13470.2
13473.3
13393.3
13398.2
13403.9
13410.3
13416.8
13424
13431.8
13440.6
13450.1
13459.6
13469.1
13479.1
13489.6
13499.9
13509.8
13519.8
13530.2
13540.3
13549.9
13559.3
13568.2
13576.8
13585.3
13593.7
13601.8
13609.2
13616.2
13623.6
13631.7
13639.2
13644.7
13650.2
13657.5
13664.1
13667.7
13669.7
13672.1
13675.6
13679.4
13682.6
13685
13686.8
13687.9
13688.9
13690
13691.1
13691.7
13692.1
13692.4
13692.8
13693.3
13693.8
13694.1
13694.4
13694.7
13694.9
13695.3
13695.6
13696
13696.3
13696.5
13696.5
13696.4
13696.4
13696.4
13696.5
13696.4
13696.4
13696.2
13696.1
13695.9
13695.6
13695.3
13694.9
13694.6
13694.1
13693.7
13693.2
13692.6
13692
13691.4
13690.7
13690
13689.2
13688.4
13687.5
13686.6
13685.6
13684.5
13683.4
13682
13680.5
13678.9
13677
13675
13672.7
13670.3
13667.8
13665.2
13662.6
13659.9
13657.2
13654.5
13651.9
13649.3
13646.8
13644.3
13642
13639.7
13637.6
13635.7
13633.8
13632.1
13630.6
13629.2
13627.8
13626.6
13625.3
13624
13622.7
13621.1
13619.1
13616.8
13612.5
13606.4
13598.7
13578.9
13554.6
13526.7
13408.9
13384.8
13284.3
13030.5
12978.4
12901.4
12607.5
12508.1
12392.7
12223.3
12140.1
12038.2
11864.1
11708.7
11525.9
11432.5
11357.9
11286.9
11215.4
11092.1
10950.6
10848.8
10631.7
10505.9
10470.9
10451.7
10373
10257.8
10187.5
10167.8
9966.39
9837.31
9799.61
9754.49
9688.48
9622.75
9551.42
9473.78
9378.6
9295.63
9234.69
9070.29
8951.55
8918.2
8876.04
8837.28
8750.43
8663.77
8596.97
8571.34
8540.69
8477.71
8407.98
8333.79
8241.1
8209.85
8189.44
8160.79
8120.33
8016.01
7944.6
7883
7803.62
7733.09
7686.58
7688.38
7623.16
7560.29
7513.1
7432.45
7424.76
7456.72
7570.94
7809.08
8735.8
9763.12
11479.4
11511
12051.4
12650.1
12750.5
12829.4
13057.6
13372.7
13371.5
13351.4
13445.8
13426.6
13378.6
13314
13217.7
13217
13304.1
13410.4
13427.8
13405.4
13419.6
13449.1
13448.4
13432.9
13418.1
13416.8
13415.7
13418.4
13431.2
13448.5
13459.6
13468.7
13471.6
13471.1
13471.7
13375.9
13377.9
13380.3
13383.3
13386.6
13390.5
13395.1
13400.3
13406.3
13413.2
13420.6
13428.5
13437.2
13446.5
13456.1
13466
13476.3
13487
13497.7
13508.4
13519
13529.3
13539.2
13549
13558.7
13568.1
13577
13585.3
13593.9
13603.4
13612.4
13619
13624
13632.7
13643.2
13650
13654.6
13659.2
13664.4
13669.1
13673.1
13676.8
13679.7
13681.4
13682.9
13684.8
13686.5
13687.7
13688.6
13689.3
13689.9
13690.7
13691.4
13691.8
13692
13692.4
13692.9
13693.4
13694
13694.6
13695
13695.2
13695.4
13695.6
13695.7
13695.7
13695.7
13695.7
13695.7
13695.7
13695.7
13695.6
13695.4
13695.2
13695
13694.7
13694.3
13694
13693.6
13693.1
13692.6
13692.1
13691.5
13690.9
13690.2
13689.5
13688.7
13687.9
13687.1
13686.2
13685.2
13684.1
13683
13681.7
13680.2
13678.6
13676.7
13674.7
13672.4
13670
13667.5
13664.8
13662.1
13659.3
13656.6
13653.8
13651.1
13648.5
13645.9
13643.4
13641.1
13638.9
13636.8
13634.9
13633.1
13631.5
13630
13628.6
13627.3
13626.1
13624.8
13623.4
13622
13620.3
13617.7
13614.7
13610.1
13599
13591.5
13562.3
13524
13494.9
13379.7
13251.2
13208.5
13032.2
12836.1
12723.5
12547.9
12414.9
12349.5
12216.4
12054.7
11906.3
11692.8
11577.4
11497
11431
11326.6
11213.9
11112
10964.8
10776.6
10647.1
10671.8
10632.6
10506.3
10383.4
10333
10235.2
10098.2
10000.6
9929.09
9897.91
9817.46
9731.79
9667.88
9589.06
9486.15
9399.48
9301.44
9176.15
9108.96
9055.94
9010.16
8956.46
8780.55
8715.12
8715.84
8703.43
8642.81
8568.81
8499.92
8428.48
8369.14
8315.33
8264.95
8224.87
8173.68
8106.67
8049.59
7988.39
7915.45
7828.48
7794.96
7777.41
7710.07
7654.92
7587.28
7518.12
7523.04
7501.95
7508.21
7619.24
7975.22
8874.97
10564.2
12146.2
12728.3
12723.4
12991.2
13199.5
13538.8
13480.6
13417
13161.5
13153.5
13301.3
13345.1
13310.7
13328.1
13330.1
13365.8
13393.2
13423.9
13453.2
13471.9
13468.8
13449.3
13428
13418.1
13414.4
13417.8
13432.9
13453.3
13464.5
13472.2
13472.4
13469.5
13469
13369.4
13370.1
13371
13372.1
13373.3
13374.8
13376.6
13378.8
13381.5
13384.6
13388.4
13392.8
13397.9
13403.8
13410.4
13417.7
13425.7
13434.5
13444
13453.9
13464.3
13475
13485.7
13496.5
13507.2
13517.9
13528.5
13538.9
13548.6
13558.1
13568.7
13578.9
13587.3
13595
13604.9
13616.2
13624.8
13631.7
13638.9
13646.3
13652.1
13657.4
13663.3
13668
13670.6
13673.3
13676.7
13680
13682.6
13683.7
13684.4
13685.5
13686.9
13688.1
13688.7
13689.2
13689.8
13690.6
13691.5
13692.2
13692.8
13693.3
13693.7
13694
13694.3
13694.5
13694.8
13694.9
13695.1
13695
13695
13695
13694.9
13694.9
13694.8
13694.7
13694.5
13694.3
13694.1
13693.7
13693.4
13693
13692.6
13692.1
13691.6
13691
13690.4
13689.7
13689
13688.2
13687.5
13686.6
13685.7
13684.8
13683.7
13682.5
13681.3
13679.8
13678.2
13676.3
13674.3
13672
13669.6
13667
13664.3
13661.5
13658.6
13655.8
13653
13650.3
13647.6
13645
13642.5
13640.2
13638
13636
13634.2
13632.5
13630.9
13629.5
13628.1
13626.8
13625.6
13624.3
13622.8
13621.1
13619.3
13615.9
13611.9
13606.4
13591.6
13575.4
13555.1
13471.5
13417.6
13367.8
13166.9
13044.3
12915
12664.7
12643.7
12607.2
12434
12266.4
12055.8
11752.3
11705.3
11670
11590.8
11477.3
11317.6
11294.6
11160.2
10950.5
10908
10873.6
10742.4
10589.3
10527.8
10486.3
10349.4
10209
10139.8
10091.4
10017.2
9923.72
9840.25
9784.2
9692.07
9596.04
9523.22
9385.72
9286.2
9229.16
9168.33
9145.68
9034.1
8937.35
8857.84
8795.02
8740.49
8683.68
8648.17
8635.87
8572.31
8481.01
8407.02
8353.31
8308.15
8242.6
8197.93
8134.19
8072.54
8018.21
7942.27
7897.07
7845.13
7799.9
7761.05
7710.41
7599.47
7559.24
7528.28
7534.25
7570.62
7725.76
8656.92
9558.91
10370.3
11410
13074.4
13211.7
12896.7
12675.1
12658
12736.1
12995.2
13396.1
13415.6
13378.9
13406.9
13394.2
13382.6
13382.3
13399.4
13458.1
13488.9
13487.2
13474.6
13445.8
13423.4
13418
13421.7
13435.9
13454.5
13463.6
13468.1
13467.9
13466
13465.1
13366.4
13366.9
13367.3
13367.8
13368.4
13369
13369.7
13370.6
13371.5
13372.7
13374.1
13375.8
13377.8
13380.3
13383.3
13386.9
13391.1
13396
13401.8
13408.4
13415.8
13424.1
13433
13442.5
13452.6
13463
13473.7
13484.7
13495.7
13506.4
13517.3
13528.7
13540
13550
13559.7
13571.1
13583
13592.8
13601.6
13611.3
13620.9
13627.9
13634.7
13643.4
13650.8
13654.9
13658.7
13664.8
13673.1
13674.4
13674.6
13675.6
13678
13681.2
13683.6
13684.8
13685.8
13686.9
13688.1
13689.3
13690.2
13690.8
13691.3
13691.7
13692.1
13692.6
13693
13693.3
13693.6
13693.9
13694
13694.2
13694.3
13694.2
13694.2
13694.2
13694.2
13694.1
13694
13693.9
13693.7
13693.5
13693.2
13692.8
13692.5
13692
13691.6
13691.1
13690.5
13689.9
13689.2
13688.5
13687.8
13687
13686.1
13685.2
13684.3
13683.2
13682
13680.7
13679.3
13677.7
13675.8
13673.8
13671.5
13669
13666.4
13663.6
13660.8
13657.9
13655
13652.1
13649.3
13646.6
13644.1
13641.6
13639.3
13637.2
13635.3
13633.5
13631.8
13630.3
13629
13627.7
13626.4
13625
13623.7
13622.1
13620.1
13617.9
13614.1
13606.9
13600.9
13582.2
13543
13519.8
13453.1
13328.1
13235.7
13081.8
12946.3
12884.7
12748.9
12566.3
12434.9
12157.5
12004.6
11931.3
11825.1
11689.2
11563.8
11546
11514.7
11348.1
11160.1
11075.5
10969.1
10837.4
10749.7
10697.1
10551.6
10413.1
10364.7
10314
10237.1
10136.7
10039.9
9988.47
9911.39
9752.78
9721.96
9657.25
9515.24
9394.97
9306.63
9319.38
9327.47
9227.1
9073.29
8952.17
8882.29
8837.76
8803.48
8783.15
8734.75
8636.28
8585.81
8514.56
8432.58
8377.16
8329
8289.22
8226.78
8178.01
8117.44
8038.75
7974.3
7929.78
7906.27
7864.54
7793.6
7743.47
7706.76
7642.72
7592.17
7587.88
7611.48
7870.06
8634.11
9482.9
11380.8
11412.7
11765.8
12327.3
12440.4
12756.2
13132.2
13561.6
13576.8
13558.1
13547.9
13492.6
13433.8
13410
13428
13482.2
13510
13505.4
13490
13452.4
13420.8
13419.8
13422.6
13431.2
13444.4
13450.7
13453.7
13457.9
13462.8
13461.7
13364.3
13364.7
13365.1
13365.5
13365.9
13366.3
13366.7
13367.2
13367.7
13368.2
13368.8
13369.5
13370.3
13371.2
13372.3
13373.6
13375.2
13377.1
13379.5
13382.3
13385.8
13390
13395
13400.7
13407.3
13414.8
13423
13432
13441.6
13451.8
13462.3
13473.2
13484.7
13496.4
13507.5
13518.5
13530.8
13543.4
13554.4
13564.8
13576.7
13588.1
13596.6
13605.3
13616.3
13626.1
13631.6
13638.2
13647.8
13655.9
13659.6
13661.6
13664.6
13669.3
13674.3
13677.6
13679.6
13681.3
13683.1
13684.8
13686.3
13687.4
13688.1
13688.7
13689.3
13690
13690.5
13691.1
13691.5
13691.9
13692.3
13692.6
13692.9
13693.1
13693.3
13693.4
13693.5
13693.5
13693.5
13693.4
13693.4
13693.4
13693.3
13693.1
13692.9
13692.6
13692.3
13691.9
13691.5
13691.1
13690.5
13690
13689.4
13688.7
13688
13687.3
13686.5
13685.6
13684.7
13683.7
13682.6
13681.5
13680.2
13678.7
13677.1
13675.2
13673.2
13670.9
13668.4
13665.7
13662.9
13660
13657.1
13654.1
13651.2
13648.4
13645.7
13643.1
13640.7
13638.5
13636.4
13634.5
13632.8
13631.2
13629.8
13628.4
13627.2
13625.9
13624.5
13623.1
13621.4
13618.7
13615.6
13611.7
13599.9
13584.6
13572.5
13523.1
13448.5
13413.7
13280.6
13157.6
13057.2
12884.7
12728.5
12623.4
12350.8
12206.4
12115.7
11961.4
11789.1
11731.5
11729
11640.4
11466.4
11354.4
11235.7
11088.7
10986.4
10954.5
10851.3
10671.8
10578.7
10494.1
10396.4
10297.3
10242.3
10196.1
10143.1
10029.6
9929.23
9873
9738.49
9568.75
9527.94
9523.91
9527.3
9445.8
9282.56
9210.7
9101.96
9026.65
8971.37
8933.75
8889.72
8817.23
8736.16
8671.35
8590.36
8523.8
8474.5
8430.98
8368.08
8313.04
8268.51
8218.25
8113.8
8047.89
8055.54
8026.68
7952.41
7904.88
7868.97
7804.59
7686.52
7593.6
7607.88
7628.96
7721.35
8004.78
8598.93
10155.3
11758.3
13757.8
13740.7
13345
13517.1
13651.8
13536.3
13477.7
13503.5
13466.3
13414.1
13419.4
13457.1
13491.6
13495.4
13484.5
13460
13428.8
13404.4
13406.9
13415.3
13422.9
13431.1
13433.8
13437.6
13447.5
13459
13460
13362.5
13362.8
13363.1
13363.5
13363.8
13364.2
13364.6
13365
13365.3
13365.8
13366.2
13366.6
13367.1
13367.6
13368.1
13368.7
13369.3
13370.1
13371
13372
13373.3
13374.8
13376.7
13379
13381.9
13385.3
13389.5
13394.4
13400.2
13406.8
13414.3
13422.6
13431.7
13441.6
13452.3
13463
13474.1
13486.3
13499
13510.8
13522.4
13535.6
13548.4
13558.3
13568.5
13581.9
13593.4
13601
13606.8
13619.3
13632
13639.6
13644.6
13649.8
13656.4
13662.9
13667.4
13670.6
13673.5
13676.4
13679.1
13681.3
13683
13684.2
13685.3
13686.3
13687.3
13688.1
13688.8
13689.3
13689.9
13690.4
13690.8
13691.3
13691.6
13691.9
13692.2
13692.5
13692.6
13692.8
13692.8
13692.8
13692.8
13692.7
13692.7
13692.6
13692.5
13692.3
13692
13691.7
13691.3
13691
13690.5
13690
13689.5
13688.8
13688.2
13687.5
13686.7
13685.9
13685
13684.1
13683.1
13682
13680.8
13679.5
13678.1
13676.4
13674.6
13672.5
13670.2
13667.7
13664.9
13662.1
13659.1
13656.2
13653.2
13650.3
13647.4
13644.7
13642.2
13639.8
13637.7
13635.7
13633.8
13632.2
13630.7
13629.3
13627.9
13626.7
13625.4
13623.9
13622.1
13620.4
13617.3
13611.4
13606.1
13597.1
13566.8
13544.1
13500.7
13403.9
13330.1
13207.6
13042.6
12945.9
12754.2
12546.8
12436.7
12339
12116.5
11908
11927.7
11901.6
11744.3
11610.7
11498.2
11300.6
11221.2
11189.4
11132.6
10953.6
10817.6
10760.4
10595.9
10479.9
10437.3
10394.7
10344.7
10288.9
10152
10058.7
9986.48
9802.03
9727.16
9718.38
9708.52
9668.7
9541.23
9411.72
9296.29
9169.85
9108.67
9076.03
9037.62
8982.75
8882.38
8841.19
8782.84
8683.86
8652.15
8613.4
8551.6
8470.29
8409.35
8375.88
8309.78
8226.29
8185.74
8152.61
8098.84
8035.38
7990.06
7934.81
7856.11
7748.4
7702.97
7679.21
7667.26
7680.76
7727.72
8529.14
9686.94
10101.8
10829
11821.9
12688.4
12634.5
12594.2
12961
13284.8
13315.6
13347.7
13458.4
13510.7
13488.7
13449.9
13440.1
13414
13396.3
13395.2
13405.3
13416.7
13419.1
13419.6
13418.9
13422.9
13442.1
13466.2
13461.1
13360.7
13361
13361.3
13361.6
13362
13362.3
13362.7
13363
13363.4
13363.7
13364.1
13364.5
13364.9
13365.3
13365.7
13366.1
13366.6
13367
13367.5
13368
13368.6
13369.3
13370
13370.9
13371.9
13373.2
13374.7
13376.6
13378.9
13381.7
13385.2
13389.3
13394.3
13400.1
13406.9
13414.6
13423.1
13432.4
13442.8
13454.1
13465.4
13477.2
13490.2
13503.3
13515
13526.8
13540.2
13553
13563.2
13572.9
13586.1
13600.2
13610.6
13618.6
13626.6
13635.4
13643.7
13650.2
13655.5
13660.4
13665
13669.3
13673
13675.9
13678.2
13680.2
13682.1
13683.7
13684.8
13685.8
13686.6
13687.4
13688.1
13688.7
13689.2
13689.8
13690.2
13690.6
13691
13691.3
13691.6
13691.8
13692
13692.1
13692.1
13692.1
13692
13692
13692
13691.8
13691.6
13691.4
13691.1
13690.8
13690.4
13689.9
13689.4
13688.9
13688.2
13687.6
13686.8
13686.1
13685.2
13684.3
13683.4
13682.4
13681.3
13680.1
13678.8
13677.4
13675.7
13673.9
13671.8
13669.4
13666.9
13664.1
13661.2
13658.2
13655.2
13652.2
13649.3
13646.5
13643.8
13641.3
13639
13636.9
13634.9
13633.2
13631.6
13630.1
13628.8
13627.5
13626.1
13624.8
13623.4
13621.1
13618.4
13615.5
13608.1
13596.7
13585.4
13552.2
13499.3
13444
13337.4
13218.3
13131.6
12909.3
12722.4
12671
12579.6
12293.9
12188.6
12157
12021.2
11875.8
11775.8
11613.3
11483.3
11399.6
11332.9
11227.8
11095.7
11004.1
10875.4
10709.9
10645.7
10596.2
10519.3
10434.8
10342.4
10277
10252.4
10144.2
9948.29
9881.64
9843.98
9833
9787.75
9636.91
9526.79
9395.41
9290.65
9232.01
9173.59
9097.85
9021.46
9017.22
8992.03
8886.18
8805.77
8775.44
8704.55
8627.64
8569.26
8519.11
8480.8
8407.89
8332.61
8297.33
8258.26
8155.59
8093.55
8033.12
8007.93
7963.62
7867.89
7780.34
7696.4
7696.72
7705.62
7764.55
8057.7
8486.35
9478.89
10882.8
11436.5
11932.3
12307.6
12810.3
13072.1
13185.2
13321.4
13435.8
13452.8
13441
13408.9
13400.7
13389.4
13392.4
13405.6
13441.1
13461.9
13455.1
13433.4
13425.4
13429.9
13452
13478.1
13468
13359.1
13359.4
13359.7
13360
13360.3
13360.6
13360.9
13361.2
13361.5
13361.9
13362.2
13362.6
13362.9
13363.3
13363.7
13364
13364.4
13364.8
13365.2
13365.7
13366.1
13366.5
13367
13367.5
13368.1
13368.6
13369.3
13370.1
13370.9
13372
13373.2
13374.7
13376.6
13378.9
13381.8
13385.4
13389.6
13394.7
13400.7
13407.8
13415.9
13424.8
13434.7
13445.8
13457.5
13469.3
13481.2
13494.6
13507.8
13519.9
13532.3
13546.5
13560.8
13573.1
13583.9
13594.7
13606
13616.4
13625.3
13633.4
13640.8
13647.6
13654.1
13659.8
13664.5
13668.3
13671.9
13675.2
13677.8
13679.7
13681.4
13682.9
13684.2
13685.2
13686
13686.8
13687.5
13688.1
13688.7
13689.2
13689.7
13690.1
13690.4
13690.7
13691
13691.2
13691.4
13691.3
13691.3
13691.3
13691.3
13691.2
13691.1
13690.9
13690.7
13690.4
13690.1
13689.7
13689.3
13688.8
13688.2
13687.6
13686.9
13686.2
13685.4
13684.5
13683.7
13682.7
13681.7
13680.6
13679.4
13678.1
13676.6
13675
13673.1
13671
13668.6
13666.1
13663.3
13660.3
13657.3
13654.3
13651.2
13648.3
13645.5
13642.9
13640.4
13638.2
13636.1
13634.3
13632.6
13631.1
13629.7
13628.4
13627.1
13625.7
13624.1
13622.5
13620.2
13615.7
13611.1
13603.8
13584.1
13558.9
13524.2
13458.6
13362.5
13263.2
13086
12952.5
12929.1
12805.3
12507.5
12400.7
12279.3
12115.8
12000.7
11935.2
11751.7
11621.6
11565
11518.5
11397.2
11232.1
11179.1
10986.5
10843.2
10805.6
10716.7
10600.9
10519.1
10432.6
10418.7
10389.4
10251.6
10090.1
10028.3
9992.53
9954.62
9869.73
9747.79
9631.09
9511.37
9418.2
9329.38
9239.97
9181.19
9183.25
9183.48
9135.08
8995.42
8947.8
8861.77
8768.61
8701.2
8649.99
8627.34
8584.24
8519.6
8443.12
8390.7
8308.74
8238.31
8205.97
8165.97
8121.41
8051.07
7965
7845.71
7774.68
7756.8
7775.68
7814.87
7889.12
8141.93
8694.42
9597.33
10899.3
12760.2
12993.2
12841.7
13074.4
13433.4
13369.3
13254.7
13321.9
13409.6
13455.8
13464.1
13466.8
13489.1
13502.4
13491
13474.4
13445.7
13438.2
13447.1
13469.5
13488.2
13471.4
13357.7
13357.9
13358.2
13358.5
13358.7
13359
13359.3
13359.5
13359.8
13360.1
13360.5
13360.8
13361.1
13361.4
13361.8
13362.1
13362.5
13362.9
13363.2
13363.6
13364
13364.4
13364.8
13365.3
13365.7
13366.1
13366.6
13367.1
13367.6
13368.1
13368.7
13369.4
13370.2
13371.1
13372.1
13373.4
13374.9
13376.9
13379.3
13382.2
13385.9
13390.4
13395.8
13402.2
13409.8
13418.4
13427.4
13438
13449.6
13461.7
13473.9
13486.8
13500.9
13515.3
13528.8
13541.8
13554.9
13568.2
13580.7
13592.2
13603.1
13613.2
13622.6
13631.6
13639.8
13646.7
13652.8
13658.6
13663.8
13667.9
13671.4
13674.5
13677.1
13679.2
13681
13682.4
13683.6
13684.6
13685.5
13686.3
13686.9
13687.6
13688.1
13688.6
13689.1
13689.5
13689.8
13690.1
13690.3
13690.5
13690.6
13690.6
13690.6
13690.5
13690.5
13690.4
13690.3
13690
13689.7
13689.4
13689
13688.6
13688.1
13687.5
13686.9
13686.2
13685.5
13684.7
13683.8
13682.9
13682
13680.9
13679.9
13678.7
13677.3
13675.9
13674.2
13672.3
13670.2
13667.8
13665.2
13662.4
13659.4
13656.3
13653.3
13650.2
13647.3
13644.6
13642
13639.6
13637.4
13635.5
13633.7
13632.1
13630.7
13629.3
13627.9
13626.6
13625.3
13623.3
13620.9
13618.2
13613.4
13604
13591.3
13575.7
13522.8
13476.2
13411.8
13266.8
13179.1
13155.2
12926.8
12697.2
12574.8
12375.2
12253.9
12210.9
12079.9
11912.2
11834
11750.4
11564.2
11487.9
11453.1
11361.3
11166.9
11034.8
10945.3
10820.4
10723.7
10648.2
10621.2
10580.5
10505.6
10373.3
10258.1
10183.5
10126.7
10075
9980.23
9847.32
9730.67
9619.94
9515.29
9416.04
9357.42
9346.32
9349.68
9334.64
9227.65
9102.43
9043.14
8939.27
8836.57
8782.9
8793.69
8772.26
8697.22
8581.51
8505.06
8456.72
8385.55
8369.81
8309.77
8247.3
8196.84
8124.95
8033.28
7950.32
7898.15
7850.35
7854.36
7860.74
7866.25
7908.14
8205.05
8749.65
9804.85
11078.3
11629.6
12711.9
12888.2
12570.3
12668.7
12979.1
13282.9
13474.5
13493.1
13490.7
13511.2
13521.3
13500.3
13472.3
13449.6
13451.1
13463.7
13483.7
13494.6
13476.7
13356.4
13356.7
13356.9
13357.1
13357.3
13357.6
13357.8
13358.1
13358.3
13358.6
13358.9
13359.2
13359.5
13359.8
13360.1
13360.4
13360.7
13361
13361.4
13361.7
13362.1
13362.5
13362.9
13363.2
13363.6
13364
13364.5
13364.9
13365.3
13365.8
13366.2
13366.7
13367.2
13367.7
13368.3
13368.9
13369.6
13370.4
13371.3
13372.4
13373.7
13375.3
13377.4
13379.9
13383.1
13387.1
13391.7
13397.5
13404.4
13412.4
13421.5
13431.4
13442.5
13454.8
13468
13481.3
13494.9
13509
13523.4
13537.5
13551.1
13564.4
13576.9
13588.9
13600.7
13611.6
13621.1
13629.9
13638.5
13646.1
13652.4
13658.1
13663.3
13667.6
13671.2
13674.3
13676.8
13678.9
13680.7
13682.1
13683.2
13684.2
13685
13685.8
13686.4
13687
13687.6
13688.1
13688.5
13688.9
13689.2
13689.5
13689.7
13689.8
13689.8
13689.8
13689.7
13689.6
13689.6
13689.4
13689.2
13689
13688.6
13688.2
13687.8
13687.3
13686.8
13686.1
13685.5
13684.7
13683.9
13683.1
13682.2
13681.2
13680.2
13679.1
13677.9
13676.6
13675.1
13673.5
13671.6
13669.4
13667
13664.3
13661.5
13658.5
13655.4
13652.3
13649.3
13646.4
13643.7
13641.1
13638.8
13636.7
13634.9
13633.2
13631.7
13630.2
13628.9
13627.6
13626
13624.4
13622.5
13619.5
13614.7
13609.1
13598.8
13572.2
13551.9
13511
13408
13360.5
13290.3
13049.1
12910
12753.6
12511.3
12500.7
12413.6
12165.4
12100
12058.1
11896.5
11729.8
11661.3
11605.8
11451
11267
11184.6
11073.8
10856.5
10862.4
10852.8
10812.3
10741.4
10654.1
10516.7
10370.2
10262.4
10233.3
10190.6
10074.2
9940.83
9827.47
9751.11
9659.79
9500.31
9480.44
9509.77
9501.67
9438.03
9278.5
9206.69
9137.56
9020.31
8961.29
8936.8
8912.9
8846.54
8763.69
8665.82
8636.44
8575.2
8508.82
8450.17
8374.59
8322.22
8275.14
8202.16
8125.29
8050.65
8008.58
7970.83
7922.12
7862.25
7865.6
7881.18
7975.44
8258.24
9153.36
10543.8
11751
12039.5
12376
12812.8
12913.4
13170.8
13382.5
13464.7
13419.2
13442.9
13416.2
13342.2
13333.2
13370.7
13421.3
13462.1
13486.7
13496.7
13482.3
13355.3
13355.5
13355.7
13355.9
13356.1
13356.3
13356.5
13356.8
13357
13357.2
13357.5
13357.7
13358
13358.2
13358.5
13358.8
13359.1
13359.4
13359.7
13360
13360.3
13360.7
13361
13361.4
13361.7
13362.1
13362.5
13362.9
13363.3
13363.7
13364.1
13364.5
13365
13365.4
13365.9
13366.3
13366.8
13367.3
13367.9
13368.5
13369.1
13369.8
13370.6
13371.6
13372.7
13374.2
13375.9
13378.1
13380.8
13384.3
13388.6
13393.8
13400
13407.5
13416.2
13426.1
13437.1
13449
13462
13475.7
13489.8
13504.2
13518.8
13533
13547
13561.1
13574.5
13586.7
13598.5
13610.1
13620.3
13629.4
13638.1
13645.8
13652.4
13658.3
13663.4
13667.5
13671.2
13674.3
13676.6
13678.6
13680.3
13681.7
13682.7
13683.7
13684.5
13685.2
13685.9
13686.5
13687
13687.5
13687.9
13688.2
13688.5
13688.7
13688.9
13689
13689
13688.9
13688.8
13688.8
13688.6
13688.4
13688.2
13687.8
13687.5
13687
13686.5
13686
13685.4
13684.7
13684
13683.2
13682.4
13681.5
13680.5
13679.5
13678.4
13677.2
13675.9
13674.4
13672.7
13670.8
13668.6
13666.1
13663.4
13660.5
13657.5
13654.4
13651.3
13648.3
13645.5
13642.8
13640.3
13638.1
13636.1
13634.3
13632.7
13631.3
13629.8
13628.5
13627.1
13625.5
13623.4
13620.8
13617.6
13610.9
13599.3
13591.3
13561.3
13497.9
13474.9
13387.4
13207.2
13125.1
12925.3
12741.5
12691.6
12521.8
12379.9
12323
12250.5
12023.4
11881.3
11803.6
11660.1
11527.1
11443
11377.9
11186.3
11065.8
10982.6
10966.5
10923.4
10792.8
10674.4
10595.7
10513.7
10425.7
10352.7
10264
10129.5
10040.3
9980.22
9931.52
9806.93
9687.32
9632.74
9585.68
9523.7
9454.83
9368.27
9328.64
9248.43
9152.21
9067.27
9017.76
8976.81
8926.31
8845.19
8791.49
8741.67
8666.96
8614.28
8534.63
8453.52
8423.51
8377.37
8278.54
8209.16
8165.33
8110.67
8066.06
8021.44
7946.4
7908.75
7912.52
7935.05
8062.93
8755.79
9435.88
10597
12270.7
13486.7
12763.1
12253.1
12477.7
12692.6
12848.5
13061.4
13132.4
13156.9
13214.6
13282.4
13370.3
13444.5
13491
13515.1
13503.3
13354.4
13354.6
13354.7
13354.9
13355.1
13355.2
13355.4
13355.6
13355.8
13356
13356.2
13356.5
13356.7
13356.9
13357.1
13357.4
13357.7
13357.9
13358.2
13358.5
13358.8
13359
13359.4
13359.7
13360
13360.3
13360.7
13361
13361.4
13361.8
13362.1
13362.5
13362.9
13363.3
13363.8
13364.2
13364.6
13365.1
13365.5
13366
13366.5
13367
13367.5
13368.1
13368.7
13369.4
13370.1
13371
13372
13373.3
13374.8
13376.7
13379.2
13382.2
13386
13390.8
13396.7
13403.7
13411.9
13421.5
13432.3
13444.2
13457.1
13470.9
13485
13499.7
13514.9
13529.7
13543.9
13558.4
13572.5
13585.3
13597.6
13609.4
13619.8
13629.4
13638.4
13645.9
13652.5
13658.7
13663.6
13667.5
13671.2
13674.1
13676.4
13678.3
13679.9
13681.2
13682.3
13683.2
13684
13684.7
13685.3
13685.9
13686.4
13686.8
13687.2
13687.5
13687.8
13687.9
13688.1
13688
13688
13687.9
13687.8
13687.7
13687.6
13687.3
13687
13686.7
13686.3
13685.8
13685.3
13684.7
13684
13683.3
13682.5
13681.7
13680.8
13679.8
13678.8
13677.7
13676.5
13675.1
13673.6
13671.9
13669.9
13667.7
13665.2
13662.5
13659.6
13656.5
13653.4
13650.3
13647.4
13644.6
13642
13639.6
13637.5
13635.6
13633.8
13632.3
13630.8
13629.4
13628
13626.3
13624.6
13622.3
13618
13613.5
13607.5
13584.5
13560.4
13544.7
13464
13363.1
13312
13080.2
12996
12922.5
12682
12553
12481.3
12336.5
12154
12071.1
11959.8
11796.8
11674.7
11648.2
11598.5
11370.8
11177
11167.9
11149.6
11033.6
10845.4
10734.5
10716
10631.5
10537.6
10468
10349.6
10242
10148.6
10137.7
10128.9
10008.8
9821.61
9716.55
9665.24
9603.78
9528.2
9508.86
9470.92
9348.39
9206.69
9124.24
9121.83
9092.43
9038.21
8949.11
8887.39
8820.86
8760.72
8703.49
8611.33
8566.68
8542.75
8466.42
8378.5
8306.85
8239.38
8207.43
8171.88
8100.51
8012.97
7968.88
7948.81
7957.65
8015.76
8239.69
8919.91
9811.54
11192.6
11263.4
11792.2
12208.3
12574.5
12695.6
12802.9
12928.4
13036.4
13179.3
13253.5
13338.2
13409.8
13463.7
13510.5
13503.3
13353.6
13353.7
13353.8
13354
13354.1
13354.3
13354.5
13354.6
13354.8
13355
13355.1
13355.3
13355.5
13355.7
13355.9
13356.2
13356.4
13356.6
13356.8
13357.1
13357.3
13357.6
13357.9
13358.2
13358.4
13358.7
13359
13359.3
13359.7
13360
13360.3
13360.7
13361.1
13361.4
13361.8
13362.2
13362.6
13363
13363.5
13363.9
13364.3
13364.8
13365.3
13365.7
13366.2
13366.7
13367.2
13367.8
13368.4
13369
13369.7
13370.5
13371.5
13372.6
13374
13375.7
13377.9
13380.6
13384.1
13388.5
13393.9
13400.5
13408.4
13417.7
13428.2
13439.9
13452.8
13466.8
13481.2
13496
13511.5
13526.9
13541.7
13556.7
13571.1
13584.3
13597.4
13609.4
13619.7
13629.8
13638.8
13646.1
13652.9
13658.9
13663.6
13667.7
13671.2
13673.8
13676.1
13678.1
13679.6
13680.7
13681.7
13682.7
13683.5
13684.1
13684.7
13685.3
13685.7
13686.1
13686.4
13686.7
13686.9
13687.1
13687.1
13687.1
13687
13687
13686.9
13686.7
13686.5
13686.3
13685.9
13685.5
13685.1
13684.6
13684
13683.4
13682.7
13681.9
13681.1
13680.1
13679.2
13678.1
13677
13675.7
13674.4
13672.8
13671.1
13669.1
13666.9
13664.3
13661.6
13658.6
13655.5
13652.4
13649.3
13646.4
13643.7
13641.1
13638.9
13636.8
13635
13633.3
13631.8
13630.3
13628.8
13627.3
13625.4
13622.8
13620.2
13614.9
13603.3
13594.4
13580.4
13520.8
13490.8
13428
13261
13190.6
13054.4
12815.5
12776.5
12683.7
12369.9
12352.3
12301.6
12110.1
11950.6
11907
11874
11702
11443.3
11419.1
11396.2
11340.4
11174.2
10989.2
10886.4
10792.3
10743.1
10690.3
10586.9
10450.5
10354
10342.9
10310.9
10241
10093.1
9961.21
9881.44
9807.62
9740.52
9692.23
9648.85
9534.43
9378.3
9300.35
9286.73
9268.57
9222.44
9144.26
9061.73
8989.93
8936.08
8875.29
8791.15
8721.1
8677.42
8633.12
8541.17
8442.1
8382.33
8350.46
8320.58
8277.4
8205.36
8121.56
8008.14
7963.23
7992.82
8033.17
8165.43
8402.36
8681.97
10162.3
12240
12181.4
12725.5
12969.4
13042.4
13095.3
13144.9
13186.7
13229.3
13305.9
13334
13378.8
13445
13457.9
13352.9
13353
13353.1
13353.2
13353.3
13353.5
13353.6
13353.8
13353.9
13354.1
13354.2
13354.4
13354.5
13354.7
13354.9
13355.1
13355.3
13355.5
13355.7
13355.9
13356.1
13356.3
13356.6
13356.8
13357.1
13357.3
13357.6
13357.9
13358.1
13358.4
13358.7
13359.1
13359.4
13359.7
13360
13360.4
13360.8
13361.1
13361.5
13361.9
13362.3
13362.7
13363.2
13363.6
13364.1
13364.5
13365
13365.5
13366
13366.5
13367
13367.5
13368.1
13368.7
13369.4
13370.2
13371.1
13372.1
13373.4
13374.9
13376.9
13379.4
13382.6
13386.7
13391.8
13398
13405.5
13414.5
13424.9
13436.4
13449.2
13463.3
13477.9
13493.1
13509.1
13524.7
13540.1
13555.9
13570.4
13583.9
13597.6
13609.5
13620.1
13630.4
13639
13646.5
13653.5
13659.1
13663.5
13667.8
13671.3
13673.7
13675.7
13677.7
13679.2
13680.2
13681.2
13682.1
13682.8
13683.4
13684
13684.5
13685
13685.3
13685.6
13685.9
13686.1
13686.2
13686.2
13686.2
13686.1
13686.1
13686
13685.8
13685.6
13685.3
13684.9
13684.5
13684
13683.4
13682.8
13682
13681.3
13680.4
13679.5
13678.5
13677.4
13676.3
13675
13673.6
13672.1
13670.3
13668.2
13665.9
13663.3
13660.5
13657.5
13654.4
13651.3
13648.3
13645.4
13642.7
13640.3
13638.1
13636.1
13634.3
13632.7
13631.2
13629.7
13628
13626.2
13624.2
13620.3
13615.1
13610.5
13596.2
13573.2
13554.9
13488.9
13400.3
13355.3
13192.1
13018.1
12955.4
12773.5
12614.3
12552.3
12418.2
12222.1
12149
12132.2
12040.9
11787.7
11660.9
11583.1
11488.6
11428
11306.1
11139
11038.6
10969.1
10914.7
10824.2
10595.2
10540.9
10547.6
10504.4
10445.4
10364.7
10188.5
10003.4
9982.37
9976.63
9919.74
9844.74
9784.97
9602.34
9470.85
9448.2
9443.19
9404.71
9311.07
9214.35
9144.14
9100.06
9046
8975.61
8889.47
8824.18
8782.36
8720.58
8579.34
8496
8490.15
8475.19
8440.58
8373.86
8280.54
8209.91
8125
8062.34
8086.91
8083.63
8089.34
8109.25
8971.56
9578.08
10423.5
11629.2
13038.4
13195.8
12986.9
13097.5
13196.2
13168.2
13192.2
13286.9
13331.6
13352.9
13387.3
13352.3
13352.4
13352.5
13352.6
13352.7
13352.8
13352.9
13353
13353.1
13353.3
13353.4
13353.5
13353.7
13353.8
13354
13354.1
13354.3
13354.5
13354.7
13354.8
13355
13355.2
13355.4
13355.6
13355.9
13356.1
13356.3
13356.5
13356.8
13357.1
13357.3
13357.6
13357.9
13358.2
13358.5
13358.8
13359.1
13359.4
13359.8
13360.1
13360.5
13360.9
13361.2
13361.6
13362.1
13362.5
13362.9
13363.3
13363.8
13364.3
13364.7
13365.2
13365.7
13366.2
13366.8
13367.3
13367.9
13368.5
13369.2
13369.9
13370.8
13371.7
13372.9
13374.4
13376.2
13378.5
13381.4
13385.2
13390
13395.9
13403.1
13411.8
13422.1
13433.4
13446.4
13460.7
13475.3
13491.1
13507.6
13523.3
13539.4
13555.6
13570.1
13584.4
13598.1
13609.8
13620.9
13631.3
13639.6
13646.9
13654.2
13659.8
13663.6
13667.8
13671.4
13673.5
13675.4
13677.3
13678.7
13679.6
13680.5
13681.4
13682.1
13682.7
13683.3
13683.8
13684.3
13684.6
13685
13685.2
13685.4
13685.4
13685.4
13685.4
13685.4
13685.3
13685.2
13684.9
13684.6
13684.3
13683.8
13683.4
13682.8
13682.1
13681.4
13680.6
13679.8
13678.8
13677.8
13676.7
13675.5
13674.3
13672.8
13671.2
13669.4
13667.3
13664.9
13662.3
13659.4
13656.3
13653.2
13650.1
13647.1
13644.3
13641.7
13639.4
13637.3
13635.4
13633.7
13632.1
13630.5
13629
13627.1
13624.5
13621.8
13618.2
13609.4
13600
13587
13543.9
13500.3
13470.2
13324.2
13197.4
13194.4
12955.1
12805.4
12747.2
12537.1
12385.7
12333.2
12261.7
12135.7
11956.7
11831.8
11720.9
11657.7
11533
11317.7
11263.8
11213.5
11156.8
11083.3
10872.1
10707.2
10662.9
10630.4
10566.7
10503.1
10414.1
10306.6
10212.4
10146.8
10063
9989.96
9974.47
9913.59
9712.98
9567.99
9580.87
9561.23
9466.48
9359.78
9294.96
9245.1
9197.48
9129.59
9047.12
8983.88
8939.18
8899.6
8807.2
8670.56
8602.27
8584.8
8559.41
8506.52
8423.85
8414.73
8364.13
8232.65
8157.05
8123.51
8088.08
8086.04
8192.99
8397.71
9191.85
9740.77
10819.1
11296.7
12226.4
12687.6
12623.8
12717
12827.7
13033.9
13222.5
13301.8
13411.6
13351.8
13351.9
13351.9
13352
13352.1
13352.2
13352.3
13352.4
13352.5
13352.6
13352.7
13352.8
13353
13353.1
13353.2
13353.3
13353.5
13353.6
13353.8
13353.9
13354.1
13354.3
13354.4
13354.6
13354.8
13355
13355.2
13355.4
13355.6
13355.8
13356.1
13356.3
13356.5
13356.8
13357.1
13357.3
13357.6
13357.9
13358.2
13358.5
13358.8
13359.2
13359.5
13359.9
13360.2
13360.6
13361
13361.4
13361.8
13362.2
13362.7
13363.1
13363.6
13364
13364.5
13365
13365.5
13366.1
13366.6
13367.1
13367.7
13368.3
13369
13369.7
13370.5
13371.5
13372.6
13373.9
13375.6
13377.8
13380.5
13384.1
13388.6
13394.3
13401.2
13409.8
13419.9
13431.2
13444.5
13458.8
13473.7
13490.1
13506.7
13522.8
13539.7
13555.8
13570.5
13585.5
13599.3
13610.7
13621.9
13632.9
13640.5
13647.5
13654.9
13660.2
13664
13668
13671.3
13673.4
13675.2
13676.8
13678.2
13679.2
13680.1
13680.9
13681.6
13682.2
13682.8
13683.3
13683.8
13684.1
13684.4
13684.7
13684.7
13684.7
13684.7
13684.7
13684.6
13684.5
13684.3
13684
13683.6
13683.2
13682.7
13682.1
13681.5
13680.8
13680
13679.1
13678.1
13677.1
13676
13674.8
13673.4
13671.9
13670.3
13668.4
13666.2
13663.8
13661
13658.1
13655
13651.9
13648.9
13645.9
13643.2
13640.7
13638.5
13636.5
13634.7
13633.1
13631.5
13629.7
13627.9
13626
13623
13618.4
13613.6
13604.4
13581.3
13563.8
13535
13433.3
13387.5
13306.4
13120.5
13044.3
12933.7
12677.2
12598.6
12536.4
12356.2
12201.1
12119.3
12028.5
11931.1
11841.2
11643.6
11480
11401.4
11339.4
11297.6
11244.4
10984.4
10792.9
10789.8
10737.9
10636.4
10610.9
10584.6
10458.3
10332.4
10246.1
10199
10138.3
10127.7
10027.1
9803.4
9717.49
9654.41
9586.5
9513.07
9432.27
9386.17
9351.92
9292.41
9207.02
9139.5
9093.64
9051.78
9015.04
8905.87
8744.53
8691.28
8668.45
8630.98
8579.07
8564.02
8554.55
8489.89
8318.76
8261.79
8220.77
8142.24
8136.31
8150.49
8225.65
8487.89
8904.02
9884.59
11804.9
11974.5
12365.9
12691
13051.5
13230.8
13448.8
13453.4
13430.5
13351.4
13351.4
13351.5
13351.6
13351.7
13351.7
13351.8
13351.9
13352
13352.1
13352.2
13352.2
13352.3
13352.5
13352.6
13352.7
13352.8
13352.9
13353
13353.2
13353.3
13353.4
13353.6
13353.7
13353.9
13354.1
13354.2
13354.4
13354.6
13354.8
13355
13355.2
13355.4
13355.6
13355.8
13356.1
13356.3
13356.6
13356.8
13357.1
13357.4
13357.7
13358
13358.3
13358.6
13358.9
13359.3
13359.6
13360
13360.4
13360.8
13361.2
13361.6
13362
13362.4
13362.9
13363.4
13363.8
13364.3
13364.8
13365.4
13365.9
13366.4
13367
13367.6
13368.2
13368.8
13369.5
13370.3
13371.2
13372.3
13373.6
13375.2
13377.2
13379.9
13383.2
13387.6
13393.1
13399.9
13408.5
13418.4
13429.9
13443.4
13457.7
13473.2
13490
13506.7
13523.3
13540.8
13557.1
13571.5
13587.3
13600.9
13611.9
13623.4
13634.1
13641.8
13648.9
13655.7
13660.8
13664.7
13668.2
13671.3
13673.5
13675.1
13676.6
13677.9
13678.9
13679.8
13680.6
13681.3
13681.9
13682.5
13683
13683.3
13683.7
13683.9
13684
13684
13684
13683.9
13683.9
13683.8
13683.6
13683.3
13683
13682.6
13682.1
13681.5
13680.8
13680.1
13679.3
13678.4
13677.4
13676.3
13675.2
13673.9
13672.5
13670.9
13669.2
13667.2
13665
13662.5
13659.7
13656.7
13653.6
13650.6
13647.6
13644.7
13642.1
13639.8
13637.7
13635.8
13634
13632.3
13630.7
13629
13626.7
13624.1
13621
13614.6
13605.2
13595.4
13568.6
13520.3
13494.5
13412.9
13277.1
13230.6
13070.1
12835.7
12798
12722.3
12488.1
12350.3
12272.5
12157.2
12057.7
11980.5
11773.3
11603.6
11547.3
11512.3
11478.8
11337
11111.3
11034.8
10968.6
10884.7
10824.6
10762.3
10648.6
10518.8
10454.2
10430.7
10375.3
10314.5
10248.6
10111.8
9936.22
9813.94
9751.92
9686.43
9596.8
9531.18
9487.73
9455.49
9378.36
9309.3
9264.14
9217.07
9170.5
9091.16
8952.76
8865.29
8815.57
8768.1
8729.74
8700.61
8688.74
8662.84
8543.27
8422.91
8372.07
8280.22
8168.16
8137.68
8154.72
8185.23
8256.15
8730.57
9066.58
10319.8
11794.3
13122.1
14028.6
12978
12934.1
13348.1
13460.5
13351
13351.1
13351.2
13351.2
13351.3
13351.3
13351.4
13351.5
13351.5
13351.6
13351.7
13351.8
13351.8
13351.9
13352
13352.1
13352.2
13352.3
13352.4
13352.5
13352.6
13352.7
13352.9
13353
13353.1
13353.3
13353.4
13353.6
13353.7
13353.9
13354
13354.2
13354.4
13354.6
13354.8
13355
13355.2
13355.4
13355.6
13355.9
13356.1
13356.4
13356.6
13356.9
13357.2
13357.5
13357.8
13358.1
13358.4
13358.7
13359.1
13359.4
13359.8
13360.2
13360.6
13361
13361.4
13361.8
13362.3
13362.7
13363.2
13363.7
13364.2
13364.7
13365.2
13365.7
13366.3
13366.9
13367.5
13368.1
13368.7
13369.4
13370.2
13371.1
13372.1
13373.4
13374.9
13376.9
13379.4
13382.7
13386.9
13392.3
13399.2
13407.7
13417.6
13429.4
13443.1
13457.6
13473.5
13490.9
13507.7
13524.6
13542.5
13558.7
13573.3
13589.2
13603
13614.3
13625.6
13635.7
13643.8
13650.4
13656.8
13661.9
13665.4
13668.8
13671.6
13673.5
13675.2
13676.7
13677.7
13678.7
13679.7
13680.4
13681
13681.7
13682.2
13682.6
13682.9
13683.1
13683.4
13683.3
13683.3
13683.2
13683.2
13683.1
13683
13682.7
13682.3
13681.9
13681.4
13680.8
13680.1
13679.4
13678.5
13677.6
13676.5
13675.4
13674.2
13672.9
13671.4
13669.8
13668
13666
13663.6
13661
13658.2
13655.2
13652.2
13649.2
13646.3
13643.6
13641.1
13638.9
13636.9
13635.1
13633.4
13631.7
13629.8
13628
13625.6
13621.9
13617.2
13610.6
13593.3
13574.3
13554.4
13484.4
13417.9
13377.9
13208.8
13038.4
13010.3
12877.6
12631.1
12504.3
12415.9
12312.6
12211.2
12061.6
11879.7
11795
11735.9
11705.5
11641.5
11414.5
11263.2
11172.7
11077.1
10985.3
10919.5
10852
10638
10556.2
10581.1
10575.6
10514.3
10427.2
10341.9
10212.4
10087.7
9984.88
9891.47
9802.91
9707.06
9628.92
9613.32
9568.72
9477.48
9414.5
9369.92
9336.69
9278.42
9172.69
9068.03
8981.88
8917.95
8866.38
8822.64
8812.8
8798.58
8742.66
8618.28
8542.76
8492.27
8380.02
8287.65
8219.34
8215.14
8211.83
8242.26
8288.83
8851.66
9557.26
10554.1
11529.8
11604.9
12070.8
12906.1
13030.4
13350.8
13350.8
13350.9
13350.9
13351
13351
13351.1
13351.1
13351.2
13351.2
13351.3
13351.4
13351.4
13351.5
13351.6
13351.6
13351.7
13351.8
13351.9
13352
13352.1
13352.2
13352.3
13352.4
13352.5
13352.6
13352.7
13352.8
13353
13353.1
13353.2
13353.4
13353.5
13353.7
13353.9
13354
13354.2
13354.4
13354.6
13354.8
13355
13355.2
13355.4
13355.7
13355.9
13356.2
13356.4
13356.7
13357
13357.3
13357.6
13357.9
13358.2
13358.5
13358.9
13359.2
13359.6
13360
13360.4
13360.8
13361.2
13361.6
13362.1
13362.6
13363
13363.5
13364
13364.6
13365.1
13365.6
13366.2
13366.8
13367.4
13368
13368.6
13369.4
13370.1
13371
13372
13373.2
13374.8
13376.7
13379.1
13382.4
13386.6
13392
13398.9
13407.5
13417.6
13429.6
13443.8
13458.4
13474.3
13492.5
13509.2
13526.7
13545.1
13561.5
13576.8
13592
13606
13617.4
13628
13638.3
13645.6
13652.2
13658.6
13662.6
13666.2
13669.9
13671.9
13673.6
13675.6
13676.7
13677.7
13678.7
13679.6
13680.2
13680.8
13681.3
13681.8
13682.1
13682.4
13682.6
13682.6
13682.6
13682.6
13682.6
13682.5
13682.3
13682
13681.6
13681.2
13680.7
13680
13679.3
13678.5
13677.6
13676.6
13675.5
13674.4
13673.1
13671.7
13670.2
13668.6
13666.7
13664.6
13662.2
13659.5
13656.7
13653.7
13650.7
13647.8
13645.1
13642.5
13640.2
13638.1
13636.2
13634.4
13632.8
13631.1
13629.1
13626.6
13623.8
13619.1
13610.2
13601.5
13585.1
13543.8
13513.5
13473.5
13345.6
13221.6
13155.7
13016.8
12802.7
12680.8
12603.5
12487.8
12335
12195.3
12040.4
11941.9
11911
11895.7
11771.9
11574.8
11428.1
11293.3
11171.1
11094.8
11072.2
10970
10810.8
10733.7
10671.6
10615.6
10570.9
10513.1
10413.7
10309.5
10225
10121.1
9999.38
9903.38
9811.61
9796.28
9784.35
9671.55
9539.62
9483.24
9470.79
9449.2
9379.24
9270.25
9168.89
9114.18
9039.85
8925.71
8914.69
8909.18
8881.72
8794.54
8707.54
8652.38
8588.77
8465.9
8343.58
8270.15
8226.92
8226.65
8221.31
8286.93
8483.84
8863.49
9402.15
11222
12087.1
12380.6
12721.1
13350.6
13350.6
13350.6
13350.7
13350.7
13350.7
13350.8
13350.8
13350.9
13350.9
13351
13351
13351.1
13351.1
13351.2
13351.3
13351.3
13351.4
13351.5
13351.5
13351.6
13351.7
13351.8
13351.9
13351.9
13352
13352.1
13352.2
13352.3
13352.5
13352.6
13352.7
13352.8
13353
13353.1
13353.2
13353.4
13353.5
13353.7
13353.9
13354.1
13354.2
13354.4
13354.6
13354.8
13355
13355.3
13355.5
13355.7
13356
13356.2
13356.5
13356.8
13357.1
13357.4
13357.7
13358
13358.4
13358.7
13359.1
13359.4
13359.8
13360.2
13360.6
13361.1
13361.5
13362
13362.4
13362.9
13363.4
13363.9
13364.5
13365
13365.6
13366.1
13366.7
13367.3
13368
13368.6
13369.3
13370.1
13371
13372
13373.2
13374.7
13376.6
13379.1
13382.3
13386.6
13392
13399.1
13407.9
13417.8
13430.5
13444.8
13459.7
13476.9
13494.9
13512.5
13530.3
13548.5
13565.6
13580.4
13596
13609.5
13620
13631.9
13640.6
13647
13655.1
13660
13663.2
13667.8
13670.6
13672.1
13674.1
13675.7
13676.7
13677.6
13678.4
13679.2
13679.9
13680.5
13680.9
13681.3
13681.6
13681.9
13681.9
13681.9
13681.8
13681.8
13681.7
13681.5
13681.2
13680.8
13680.3
13679.7
13679.1
13678.3
13677.5
13676.6
13675.5
13674.4
13673.2
13671.9
13670.5
13668.9
13667.2
13665.3
13663.1
13660.7
13658
13655.2
13652.3
13649.4
13646.6
13644
13641.6
13639.5
13637.5
13635.7
13634
13632.1
13630.2
13628.1
13624.6
13620.3
13614.9
13602.6
13585.8
13563.8
13522.3
13451.9
13362.2
13291.4
13171.6
12969.6
12867.8
12796.2
12604.5
12482.6
12357.1
12178.9
12105.7
12113.4
12081.5
11874.9
11706.8
11553.1
11390.3
11318.4
11296.4
11292.7
11174.6
10954.1
10800.5
10744.2
10736.6
10671.6
10551.4
10513.9
10467
10374.8
10235.7
10107.4
10032
9986.45
9954.37
9890.06
9737.83
9614.61
9612.85
9604.96
9553.39
9454.99
9370.84
9311.89
9246.22
9121.25
9038.64
9004.24
8992.67
8938.04
8849.82
8801.51
8751.25
8652.41
8528.29
8448.3
8421.1
8410.65
8311.58
8293.15
8311.48
8356.92
8461.52
9281.7
10120.8
10927.3
12293.3
13350.4
13350.4
13350.5
13350.5
13350.5
13350.5
13350.6
13350.6
13350.6
13350.7
13350.7
13350.8
13350.8
13350.8
13350.9
13350.9
13351
13351
13351.1
13351.2
13351.2
13351.3
13351.4
13351.4
13351.5
13351.6
13351.7
13351.7
13351.8
13351.9
13352
13352.1
13352.2
13352.3
13352.4
13352.6
13352.7
13352.8
13353
13353.1
13353.2
13353.4
13353.6
13353.7
13353.9
13354.1
13354.3
13354.5
13354.7
13354.9
13355.1
13355.3
13355.6
13355.8
13356.1
13356.4
13356.6
13356.9
13357.2
13357.5
13357.9
13358.2
13358.5
13358.9
13359.3
13359.7
13360.1
13360.5
13360.9
13361.4
13361.8
13362.3
13362.8
13363.3
13363.8
13364.4
13364.9
13365.5
13366.1
13366.7
13367.3
13367.9
13368.6
13369.3
13370.1
13371
13372
13373.2
13374.8
13376.7
13379.2
13382.5
13386.7
13392.3
13399.7
13408.5
13419.2
13432.3
13446.8
13462.8
13479.8
13498.6
13516.6
13534.2
13553.6
13569.1
13584.8
13601.2
13611.9
13624.2
13635.9
13642.2
13650.1
13657.5
13660.8
13664.8
13668.6
13670.6
13672.5
13674.1
13675.3
13676.6
13677.6
13678.2
13678.9
13679.6
13680.2
13680.6
13680.9
13681.2
13681.1
13681.1
13681
13680.9
13680.8
13680.5
13680.2
13679.8
13679.3
13678.7
13678
13677.2
13676.4
13675.4
13674.4
13673.2
13672
13670.6
13669.2
13667.6
13665.8
13663.9
13661.7
13659.2
13656.6
13653.8
13651
13648.3
13645.6
13643.2
13641
13638.9
13637
13635.2
13633.4
13631.4
13629
13626.4
13622.1
13615.7
13607.1
13591.2
13565.9
13528.2
13458.4
13411.7
13317.5
13133.7
13068.4
12978.8
12733.8
12643.3
12518.6
12369.5
12305
12262.1
12122.8
11981.8
11846.1
11714.8
11596.5
11485.4
11458.1
11405.3
11220
11071.6
10964.2
10944
10893.8
10767.8
10684.3
10630.5
10532.7
10410.6
10325.4
10275.6
10212.4
10128.5
10078.6
9971.79
9827.25
9785.68
9754.26
9713.08
9630.08
9551.46
9469.82
9414.98
9351.21
9178.38
9124.58
9124.92
9103.67
9027.89
8953.67
8898.37
8831.51
8678.34
8632.69
8616.91
8586.28
8524
8380.86
8318.78
8326.22
8346.8
8417.25
8795.46
9238.65
10515.5
13350.3
13350.3
13350.3
13350.3
13350.4
13350.4
13350.4
13350.4
13350.5
13350.5
13350.5
13350.5
13350.6
13350.6
13350.7
13350.7
13350.7
13350.8
13350.8
13350.9
13350.9
13351
13351
13351.1
13351.1
13351.2
13351.3
13351.3
13351.4
13351.5
13351.6
13351.6
13351.7
13351.8
13351.9
13352
13352.1
13352.2
13352.3
13352.4
13352.6
13352.7
13352.8
13353
13353.1
13353.3
13353.4
13353.6
13353.8
13353.9
13354.1
13354.3
13354.5
13354.7
13355
13355.2
13355.4
13355.7
13355.9
13356.2
13356.5
13356.8
13357.1
13357.4
13357.7
13358.1
13358.4
13358.8
13359.2
13359.6
13360
13360.4
13360.8
13361.3
13361.7
13362.2
13362.7
13363.2
13363.8
13364.3
13364.9
13365.5
13366.1
13366.7
13367.3
13368
13368.6
13369.4
13370.2
13371.1
13372.1
13373.4
13374.9
13376.8
13379.4
13382.8
13387.2
13393.1
13400.6
13410.1
13421.2
13434.5
13450.3
13465.9
13484.1
13503.6
13520.1
13540.5
13558.5
13572.7
13591.5
13604.6
13615.4
13629.4
13637.6
13644.9
13653.2
13657.7
13662.3
13666.6
13668.6
13671
13673.5
13674.4
13675.4
13676.6
13677.5
13678.2
13678.9
13679.4
13679.8
13680
13680.2
13680.3
13680.2
13680.1
13679.9
13679.8
13679.5
13679.2
13678.7
13678.2
13677.6
13676.9
13676.1
13675.2
13674.2
13673.2
13672
13670.8
13669.4
13667.9
13666.3
13664.5
13662.5
13660.3
13657.9
13655.3
13652.6
13649.9
13647.3
13644.8
13642.5
13640.3
13638.4
13636.5
13634.5
13632.6
13630.4
13627.4
13623.8
13618.4
13608.6
13596.7
13573
13530.6
13506.5
13428.1
13296.5
13275.3
13111.6
12917.1
12850.7
12643.5
12492.7
12474.9
12383.1
12188.5
12104.9
12051.9
11922.4
11775.5
11665.5
11602.1
11482
11296.2
11187.7
11144.2
11105.3
11022.4
10860.8
10794.7
10721.5
10603.2
10519.7
10475
10428.6
10360.3
10283.2
10178.4
10058.4
9963.56
9895.25
9862.08
9806.74
9702.96
9585.25
9527.26
9501.47
9373.69
9282.09
9275.38
9256.75
9193.38
9093.61
9021.32
8998.36
8945.83
8808.34
8729.35
8689.2
8684.66
8592.75
8437.41
8383.82
8391.4
8400.81
8432.94
8495.1
9087.2
13350.2
13350.2
13350.2
13350.2
13350.2
13350.2
13350.3
13350.3
13350.3
13350.3
13350.4
13350.4
13350.4
13350.4
13350.5
13350.5
13350.5
13350.6
13350.6
13350.6
13350.7
13350.7
13350.8
13350.8
13350.8
13350.9
13350.9
13351
13351.1
13351.1
13351.2
13351.2
13351.3
13351.4
13351.5
13351.5
13351.6
13351.7
13351.8
13351.9
13352
13352.1
13352.2
13352.3
13352.5
13352.6
13352.7
13352.8
13353
13353.1
13353.3
13353.5
13353.6
13353.8
13354
13354.2
13354.4
13354.6
13354.8
13355.1
13355.3
13355.5
13355.8
13356.1
13356.4
13356.7
13357
13357.3
13357.6
13357.9
13358.3
13358.7
13359.1
13359.5
13359.9
13360.3
13360.7
13361.2
13361.7
13362.2
13362.7
13363.2
13363.7
13364.3
13364.9
13365.5
13366.1
13366.7
13367.3
13368
13368.7
13369.5
13370.3
13371.2
13372.2
13373.5
13375.1
13377.1
13379.8
13383.4
13388.1
13394.2
13402.3
13412.2
13423.5
13438.4
13453.7
13469.8
13490.6
13507.4
13525.9
13547.3
13562
13579.6
13596.3
13607.8
13622.1
13632
13640
13650.4
13655
13659.2
13665.8
13668
13669.5
13672.1
13673.8
13674.7
13675.6
13676.5
13677.2
13677.7
13678.2
13678.6
13678.8
13678.9
13679
13679
13679
13678.8
13678.6
13678.4
13678
13677.6
13677
13676.4
13675.7
13675
13674.1
13673.1
13672
13670.9
13669.6
13668.2
13666.8
13665.1
13663.3
13661.3
13659.1
13656.7
13654.2
13651.6
13649
13646.4
13644
13641.8
13639.7
13637.7
13635.9
13633.8
13631.5
13629
13625.2
13620.1
13613.9
13598
13579.4
13569.1
13502
13444.7
13435.3
13256.9
13111.1
12987.7
12811.4
12723.8
12643.4
12478.8
12364.6
12266.9
12103
12037.6
11923.5
11809.3
11719.3
11599.6
11450.4
11354.5
11284.3
11191.6
11073.5
10991.9
10944.7
10884.1
10758.1
10589.1
10547.8
10534.5
10487.8
10411.4
10285.6
10162.4
10102.4
10027.9
9967.31
9833.44
9639.95
9652.93
9679.53
9641.62
9495.15
9420.95
9382.82
9319.89
9230.65
9171.84
9159.9
9145.67
9020.32
8873.12
8813.68
8782.64
8761.1
8654.24
8558.26
8511.41
8480.3
8470.18
8449.33
8516.5
13350.1
13350.1
13350.1
13350.1
13350.1
13350.2
13350.2
13350.2
13350.2
13350.2
13350.2
13350.3
13350.3
13350.3
13350.3
13350.3
13350.4
13350.4
13350.4
13350.4
13350.5
13350.5
13350.5
13350.6
13350.6
13350.7
13350.7
13350.7
13350.8
13350.8
13350.9
13350.9
13351
13351
13351.1
13351.2
13351.2
13351.3
13351.4
13351.5
13351.5
13351.6
13351.7
13351.8
13351.9
13352
13352.1
13352.2
13352.3
13352.5
13352.6
13352.7
13352.9
13353
13353.2
13353.3
13353.5
13353.7
13353.9
13354.1
13354.3
13354.5
13354.7
13354.9
13355.2
13355.4
13355.7
13356
13356.2
13356.5
13356.8
13357.2
13357.5
13357.8
13358.2
13358.6
13359
13359.4
13359.8
13360.2
13360.7
13361.1
13361.6
13362.1
13362.6
13363.2
13363.7
13364.3
13364.9
13365.5
13366.1
13366.7
13367.4
13368.1
13368.8
13369.6
13370.4
13371.4
13372.5
13373.8
13375.4
13377.6
13380.4
13384.3
13389.2
13395.7
13404.7
13414.3
13427.3
13442.8
13457
13476.8
13495.6
13512.4
13534.6
13551.4
13568.7
13587.7
13599.4
13615.1
13628.3
13634.6
13645.7
13654.2
13656.9
13662.6
13667.7
13668.7
13670.1
13672
13673.4
13674.3
13675.1
13675.7
13676.1
13676.6
13677
13677.4
13677.6
13677.8
13677.7
13677.7
13677.6
13677.5
13677.2
13676.9
13676.5
13676
13675.4
13674.8
13674
13673.1
13672.1
13671
13669.8
13668.6
13667.2
13665.7
13664
13662.2
13660.2
13658
13655.6
13653.1
13650.5
13648
13645.5
13643.2
13641.1
13639.1
13637
13635
13632.8
13630.1
13627.2
13622.6
13613.9
13607.7
13595.4
13556.5
13543.6
13502.1
13362.6
13317.4
13196
12936.9
12902.6
12810
12629.9
12510.5
12349.2
12241.9
12168.3
11998
11884.1
11892.3
11794.6
11585.1
11495.7
11407.1
11318.4
11222.6
11151.1
11124.1
11045.9
10852.3
10719.6
10652.4
10574.3
10549.4
10500.4
10372.2
10266.2
10163.9
10082.3
10008.5
9899.13
9831.96
9831.95
9817.34
9723.78
9592.68
9509.84
9441.27
9376.07
9361.42
9335.34
9280.27
9191.88
9058.1
8966.31
8927.93
8903.85
8859.34
8757.18
8686.16
8643.66
8596.48
8493.44
8466.1
13350
13350
13350
13350.1
13350.1
13350.1
13350.1
13350.1
13350.1
13350.1
13350.1
13350.2
13350.2
13350.2
13350.2
13350.2
13350.2
13350.3
13350.3
13350.3
13350.3
13350.3
13350.4
13350.4
13350.4
13350.5
13350.5
13350.5
13350.6
13350.6
13350.6
13350.7
13350.7
13350.8
13350.8
13350.9
13350.9
13351
13351
13351.1
13351.2
13351.2
13351.3
13351.4
13351.5
13351.5
13351.6
13351.7
13351.8
13351.9
13352
13352.1
13352.3
13352.4
13352.5
13352.6
13352.8
13352.9
13353.1
13353.2
13353.4
13353.6
13353.8
13354
13354.2
13354.4
13354.6
13354.8
13355.1
13355.3
13355.6
13355.9
13356.1
13356.4
13356.8
13357.1
13357.4
13357.8
13358.1
13358.5
13358.9
13359.3
13359.7
13360.2
13360.6
13361.1
13361.6
13362.1
13362.6
13363.2
13363.7
13364.3
13364.9
13365.5
13366.2
13366.8
13367.5
13368.2
13368.9
13369.7
13370.6
13371.6
13372.7
13374.1
13375.9
13378.1
13381.3
13385.4
13390.5
13398.2
13406.9
13417.6
13432.5
13446.2
13463.6
13483.7
13499.9
13522.3
13541.1
13556.4
13579.5
13592.7
13604.3
13623.9
13631.7
13638.7
13652.2
13656.2
13658.8
13664.9
13668.2
13668.7
13669.8
13671.1
13672.2
13673.1
13674
13674.7
13675.2
13675.7
13676.1
13676.4
13676.7
13676.6
13676.6
13676.5
13676.5
13676.3
13676
13675.6
13675.1
13674.5
13673.9
13673.1
13672.2
13671.2
13670.1
13668.9
13667.6
13666.1
13664.6
13662.9
13661
13658.9
13656.7
13654.3
13651.8
13649.4
13646.9
13644.6
13642.4
13640.3
13638.3
13636.2
13634
13631.7
13628.1
13624
13620.3
13609
13594.7
13589.6
13549
13486.2
13437.3
13294.4
13171.9
13104.3
12908.3
12843.8
12683.9
12487.8
12414.9
12328.6
12190.7
12100.3
12031.3
11845.4
11699.5
11642.8
11531.8
11427.4
11373.7
11315.4
11265.8
11194.7
11000.9
10823.7
10740.6
10692.7
10664.1
10579.4
10425.8
10318.7
10231.5
10220.4
10192.2
10062.4
9979.25
9943.51
9885.02
9768.07
9685.4
9599.75
9510.96
9494.75
9463.98
9424.15
9347.11
9231.82
9147.86
9096.24
9048.33
9008.82
8953.11
8871.85
8797.96
8698.87
8616.53
8547.11
13350
13350
13350
13350
13350
13350
13350
13350
13350
13350.1
13350.1
13350.1
13350.1
13350.1
13350.1
13350.1
13350.1
13350.2
13350.2
13350.2
13350.2
13350.2
13350.2
13350.3
13350.3
13350.3
13350.3
13350.4
13350.4
13350.4
13350.4
13350.5
13350.5
13350.5
13350.6
13350.6
13350.7
13350.7
13350.8
13350.8
13350.9
13350.9
13351
13351
13351.1
13351.2
13351.2
13351.3
13351.4
13351.5
13351.6
13351.6
13351.7
13351.8
13351.9
13352.1
13352.2
13352.3
13352.4
13352.5
13352.7
13352.8
13353
13353.1
13353.3
13353.5
13353.7
13353.9
13354.1
13354.3
13354.5
13354.7
13355
13355.2
13355.5
13355.8
13356.1
13356.4
13356.7
13357
13357.3
13357.7
13358.1
13358.4
13358.8
13359.3
13359.7
13360.1
13360.6
13361.1
13361.6
13362.1
13362.6
13363.2
13363.8
13364.4
13365
13365.6
13366.3
13366.9
13367.6
13368.4
13369.1
13369.9
13370.8
13371.9
13373.1
13374.6
13376.4
13378.9
13382.4
13386.6
13392.8
13400.7
13409.6
13423
13436.4
13451.5
13472.6
13488.3
13507.9
13532.3
13545.5
13565.4
13588.1
13597
13613.2
13630.6
13635.4
13645.2
13656.3
13657.6
13660.1
13665.2
13666.9
13668.1
13669.6
13670.9
13671.9
13672.9
13673.7
13674.4
13674.9
13675.3
13675.6
13675.9
13675.8
13675.7
13675.6
13675.6
13675.5
13675.2
13674.8
13674.3
13673.7
13673
13672.2
13671.3
13670.2
13669.1
13667.9
13666.5
13665
13663.4
13661.6
13659.6
13657.5
13655.3
13652.9
13650.5
13648.2
13645.8
13643.6
13641.5
13639.4
13637.5
13635.2
13632.6
13630.2
13626.6
13619.7
13615.3
13608
13580.7
13555.5
13529.4
13426.9
13352.5
13262.9
13089.7
12985
12778.1
12652
12634
12510.8
12279.4
12254.1
12136
11879.2
11864.1
11797.4
11707.2
11588.9
11489
11454.5
11403.2
11265.3
11084.5
11000.7
10913.8
10851
10791.3
10656.1
10561.7
10515.7
10483.8
10427.9
10304
10171.9
10108.2
10055.4
9975.39
9890.52
9803.52
9725.22
9636.68
9544.03
9509.01
9489.99
9409.2
9318.9
9260.7
9221.27
9115.42
9067.46
9031.36
8965.73
8884.83
8819.12
8717.08
13350
13350
13350
13350
13350
13350
13350
13350
13350
13350
13350
13350
13350
13350
13350.1
13350.1
13350.1
13350.1
13350.1
13350.1
13350.1
13350.1
13350.1
13350.2
13350.2
13350.2
13350.2
13350.2
13350.3
13350.3
13350.3
13350.3
13350.4
13350.4
13350.4
13350.4
13350.5
13350.5
13350.5
13350.6
13350.6
13350.7
13350.7
13350.8
13350.8
13350.9
13350.9
13351
13351
13351.1
13351.2
13351.2
13351.3
13351.4
13351.5
13351.6
13351.7
13351.8
13351.9
13352
13352.1
13352.2
13352.3
13352.5
13352.6
13352.8
13352.9
13353.1
13353.2
13353.4
13353.6
13353.8
13354
13354.2
13354.4
13354.7
13354.9
13355.2
13355.4
13355.7
13356
13356.3
13356.6
13356.9
13357.3
13357.6
13358
13358.4
13358.8
13359.2
13359.7
13360.1
13360.6
13361.1
13361.6
13362.1
13362.7
13363.3
13363.9
13364.5
13365.1
13365.7
13366.4
13367.1
13367.8
13368.6
13369.3
13370.2
13371.1
13372.2
13373.5
13375.1
13377.1
13380
13383.5
13388.5
13395.5
13403
13414.4
13428.2
13440.4
13460.1
13479.5
13493.5
13518.9
13539.4
13551.4
13577.3
13594.4
13603
13622.9
13634.7
13640.1
13652
13657.5
13659.2
13662.7
13666
13667.8
13669.1
13670.4
13671.3
13672.2
13673
13673.8
13674.3
13674.7
13674.9
13675.1
13675.1
13675
13674.9
13674.8
13674.7
13674.4
13673.9
13673.4
13672.8
13672.1
13671.2
13670.3
13669.2
13668
13666.7
13665.2
13663.6
13662
13660.1
13658.2
13656.1
13653.8
13651.5
13649.2
13647
13644.8
13642.7
13640.7
13638.5
13636.4
13634.3
13631.1
13627.6
13624.5
13618.2
13604.1
13596.9
13573.1
13515
13485.2
13328.2
13293.4
13190.7
12948.7
12857.5
12781.2
12601.9
12482.5
12391.4
12208.5
12105.4
12022.6
11931.7
11823
11696.5
11602.4
11548.7
11482.2
11345.3
11152.9
11093.1
11073.8
11019.6
10927.2
10710.1
10634.6
10634.6
10611.9
10466.4
10348.3
10316.6
10269.8
10197.9
10086
10016
9966.25
9829.97
9701.53
9691.21
9682.6
9593.12
9434.97
9408.42
9388.12
9306.82
9192.05
9119.95
9072.73
9057.08
9021.21
8918.38
13349.9
13349.9
13349.9
13349.9
13349.9
13350
13350
13350
13350
13350
13350
13350
13350
13350
13350
13350
13350
13350
13350
13350
13350.1
13350.1
13350.1
13350.1
13350.1
13350.1
13350.1
13350.1
13350.2
13350.2
13350.2
13350.2
13350.2
13350.2
13350.3
13350.3
13350.3
13350.3
13350.4
13350.4
13350.4
13350.5
13350.5
13350.5
13350.6
13350.6
13350.7
13350.7
13350.8
13350.8
13350.9
13350.9
13351
13351
13351.1
13351.2
13351.3
13351.3
13351.4
13351.5
13351.6
13351.7
13351.8
13351.9
13352
13352.1
13352.3
13352.4
13352.5
13352.7
13352.8
13353
13353.2
13353.3
13353.5
13353.7
13353.9
13354.1
13354.4
13354.6
13354.8
13355.1
13355.4
13355.6
13355.9
13356.2
13356.6
13356.9
13357.2
13357.6
13358
13358.4
13358.8
13359.2
13359.7
13360.1
13360.6
13361.1
13361.7
13362.2
13362.8
13363.3
13364
13364.6
13365.2
13365.9
13366.6
13367.3
13368
13368.8
13369.6
13370.5
13371.5
13372.7
13374.1
13375.8
13378.1
13381.1
13385
13391.1
13398
13406.5
13420.3
13432.6
13446.4
13469.4
13485.1
13501.4
13530.2
13545.6
13561.3
13588.5
13600.6
13613.1
13633.3
13639.1
13646.3
13656.8
13659.7
13661.6
13664.5
13666.8
13668.3
13669.5
13670.6
13671.4
13672.1
13672.8
13673.4
13673.9
13674.1
13674.3
13674.2
13674.2
13674
13673.9
13673.8
13673.4
13673
13672.5
13671.8
13671
13670.1
13669.1
13667.9
13666.7
13665.3
13663.8
13662.2
13660.5
13658.6
13656.6
13654.6
13652.4
13650.3
13648.1
13646
13643.9
13641.8
13639.9
13637.7
13635.1
13632.8
13630.3
13625
13620.1
13615.1
13596.4
13575.5
13545
13471.2
13427.6
13311.9
13126.3
13086.2
12938.2
12682.3
12647.7
12596.4
12393.7
12269.2
12115.1
12055.6
11979.3
11787
11726.9
11692.6
11618.4
11474.6
11344.5
11253.4
11184.5
11128.4
10970.2
10785
10732
10714.7
10642.3
10537.9
10491.7
10453.8
10369.1
10284
10212.1
10148.7
10044
9919.3
9874.08
9855.22
9810.57
9667.17
9566.13
9501.81
9476.38
9379.03
9261.21
9201.27
9160.52
9131.62
9055.68
13349.9
13349.9
13349.9
13349.9
13349.9
13349.9
13349.9
13349.9
13349.9
13349.9
13349.9
13350
13350
13350
13350
13350
13350
13350
13350
13350
13350
13350
13350
13350
13350
13350
13350.1
13350.1
13350.1
13350.1
13350.1
13350.1
13350.1
13350.1
13350.2
13350.2
13350.2
13350.2
13350.2
13350.3
13350.3
13350.3
13350.3
13350.4
13350.4
13350.4
13350.5
13350.5
13350.5
13350.6
13350.6
13350.7
13350.7
13350.8
13350.8
13350.9
13350.9
13351
13351.1
13351.1
13351.2
13351.3
13351.4
13351.4
13351.5
13351.6
13351.7
13351.8
13352
13352.1
13352.2
13352.3
13352.5
13352.6
13352.8
13352.9
13353.1
13353.3
13353.5
13353.7
13353.9
13354.1
13354.3
13354.5
13354.8
13355
13355.3
13355.6
13355.9
13356.2
13356.5
13356.9
13357.2
13357.6
13358
13358.4
13358.8
13359.2
13359.7
13360.2
13360.7
13361.2
13361.7
13362.3
13362.9
13363.5
13364.1
13364.7
13365.4
13366.1
13366.8
13367.5
13368.3
13369.1
13369.9
13370.9
13371.9
13373.2
13374.7
13376.6
13379.3
13382.4
13387.2
13394
13400.8
13411.4
13426.2
13437.2
13454.8
13478.2
13491.6
13514.1
13540.9
13553.3
13576.9
13598.5
13608.1
13626.4
13639.6
13643.2
13651
13659.5
13661.6
13662.7
13664.7
13666.4
13667.8
13669
13670.1
13671
13671.8
13672.4
13673
13673.2
13673.4
13673.3
13673.2
13673
13673
13672.8
13672.4
13671.9
13671.3
13670.6
13669.7
13668.8
13667.7
13666.6
13665.3
13663.9
13662.4
13660.7
13659
13657.2
13655.3
13653.3
13651.3
13649.2
13647.1
13645.1
13643.1
13640.9
13638.8
13636.9
13634.3
13631
13628.4
13623.3
13614.1
13605.1
13581.6
13544.7
13525.7
13427.4
13303.3
13236.6
13036
12902.9
12871.8
12745.1
12633.5
12374.2
12268.9
12230.8
12074.4
11974.5
11907.1
11830.9
11772.1
11647.8
11460
11309.6
11214.8
11271.9
11170.9
11023.8
10926.6
10866.8
10750.8
10660.5
10616.3
10525.7
10448.8
10389.6
10337.1
10275.7
10135.4
10003.3
9952.54
9950.14
9904.14
9748.08
9642.86
9589.9
9533.69
9450.8
9377.14
9332.23
9271.05
9201.34
13349.9
13349.9
13349.9
13349.9
13349.9
13349.9
13349.9
13349.9
13349.9
13349.9
13349.9
13349.9
13349.9
13349.9
13349.9
13349.9
13349.9
13350
13350
13350
13350
13350
13350
13350
13350
13350
13350
13350
13350
13350
13350
13350.1
13350.1
13350.1
13350.1
13350.1
13350.1
13350.1
13350.1
13350.2
13350.2
13350.2
13350.2
13350.2
13350.3
13350.3
13350.3
13350.3
13350.4
13350.4
13350.4
13350.5
13350.5
13350.5
13350.6
13350.6
13350.7
13350.7
13350.8
13350.8
13350.9
13350.9
13351
13351.1
13351.1
13351.2
13351.3
13351.4
13351.5
13351.6
13351.7
13351.8
13351.9
13352
13352.1
13352.3
13352.4
13352.6
13352.7
13352.9
13353
13353.2
13353.4
13353.6
13353.8
13354
13354.2
13354.5
13354.7
13355
13355.3
13355.6
13355.9
13356.2
13356.5
13356.9
13357.2
13357.6
13358
13358.4
13358.8
13359.3
13359.8
13360.2
13360.8
13361.3
13361.8
13362.4
13363
13363.6
13364.3
13364.9
13365.6
13366.3
13367
13367.8
13368.6
13369.4
13370.3
13371.3
13372.4
13373.8
13375.4
13377.7
13380.6
13384.1
13390
13397.1
13404.3
13417.7
13431.9
13443.5
13466.2
13486.3
13500.6
13530.4
13549.8
13564.1
13592.4
13606.8
13617.3
13637.3
13645
13646.9
13655.2
13660.1
13660.9
13662.1
13664.2
13665.9
13667.5
13669
13670.2
13671
13671.4
13671.8
13672
13672.2
13672.1
13672.1
13672
13671.8
13671.6
13671.1
13670.6
13670
13669.3
13668.5
13667.5
13666.5
13665.3
13664
13662.6
13661.1
13659.4
13657.7
13655.9
13654.1
13652.1
13650.1
13648.2
13646.1
13644.1
13642.2
13640.2
13637.8
13635.6
13633.3
13629.5
13625.1
13619.2
13605.4
13590.9
13572.5
13494.2
13453.7
13384.2
13230.4
13134.6
13017.4
12891
12707.4
12479.8
12454.5
12334.7
12204
12107.5
12006.9
11962.6
11885.5
11715.6
11520.4
11463.2
11468.7
11427.7
11304.2
11174.9
11062.5
10973.5
10884.7
10807
10724.9
10606
10500.1
10441.3
10422.5
10337
10208.4
10166.3
10131.7
10086
9970.84
9858.92
9793.49
9718.52
9616.03
9523.27
9500.39
9451.1
9350.81
13349.9
13349.9
13349.9
13349.9
13349.9
13349.9
13349.9
13349.9
13349.9
13349.9
13349.9
13349.9
13349.9
13349.9
13349.9
13349.9
13349.9
13349.9
13349.9
13349.9
13349.9
13349.9
13350
13350
13350
13350
13350
13350
13350
13350
13350
13350
13350
13350
13350
13350
13350
13350.1
13350.1
13350.1
13350.1
13350.1
13350.1
13350.1
13350.2
13350.2
13350.2
13350.2
13350.2
13350.3
13350.3
13350.3
13350.3
13350.4
13350.4
13350.4
13350.5
13350.5
13350.5
13350.6
13350.6
13350.7
13350.7
13350.8
13350.8
13350.9
13351
13351
13351.1
13351.2
13351.3
13351.3
13351.4
13351.5
13351.6
13351.7
13351.8
13352
13352.1
13352.2
13352.4
13352.5
13352.7
13352.8
13353
13353.2
13353.4
13353.6
13353.8
13354
13354.2
13354.5
13354.7
13355
13355.3
13355.5
13355.9
13356.2
13356.5
13356.9
13357.2
13357.6
13358
13358.4
13358.9
13359.3
13359.8
13360.3
13360.8
13361.4
13362
13362.5
13363.2
13363.8
13364.5
13365.1
13365.8
13366.6
13367.3
13368.1
13368.9
13369.8
13370.7
13371.8
13373.1
13374.5
13376.4
13379
13382.1
13386.3
13393.4
13400.3
13409.3
13425.2
13437.4
13452.6
13478.8
13494.1
13513.5
13546
13559.4
13578.4
13605.2
13614.7
13628.7
13645.5
13647.2
13650.2
13656.1
13659.7
13661.5
13663.8
13665.7
13666.9
13667.8
13668.8
13669.5
13670.1
13670.6
13670.9
13671.1
13671.1
13670.9
13670.8
13670.5
13670.2
13669.9
13669.4
13668.9
13668.2
13667.4
13666.5
13665.4
13664.2
13662.9
13661.4
13659.9
13658.2
13656.5
13654.7
13652.8
13650.9
13648.9
13647
13645.1
13643.1
13641.1
13639.2
13637
13634.4
13631.5
13627.4
13619.9
13613.1
13598.5
13559.1
13543.7
13491.4
13379.8
13277.3
13126.1
13092.3
12853.3
12746.7
12639.8
12464.9
12364.4
12237.6
12139.6
12077.2
11971.1
11839
11736.5
11677.6
11628.4
11525.3
11410.9
11316.9
11177.7
11057.1
10963.3
10915.3
10817.8
10624.6
10603.1
10614.1
10568
10431.2
10318.2
10235.9
10224.3
10181.4
10066.5
9982.68
9923.15
9812.54
9667.72
9662.49
9639.98
9514.9
13349.9
13349.9
13349.9
13349.9
13349.9
13349.9
13349.9
13349.9
13349.9
13349.9
13349.9
13349.9
13349.9
13349.9
13349.9
13349.9
13349.9
13349.9
13349.9
13349.9
13349.9
13349.9
13349.9
13349.9
13349.9
13349.9
13349.9
13349.9
13350
13350
13350
13350
13350
13350
13350
13350
13350
13350
13350
13350
13350
13350
13350.1
13350.1
13350.1
13350.1
13350.1
13350.1
13350.1
13350.2
13350.2
13350.2
13350.2
13350.2
13350.3
13350.3
13350.3
13350.3
13350.4
13350.4
13350.4
13350.5
13350.5
13350.6
13350.6
13350.6
13350.7
13350.7
13350.8
13350.9
13350.9
13351
13351.1
13351.1
13351.2
13351.3
13351.4
13351.5
13351.6
13351.7
13351.8
13351.9
13352
13352.2
13352.3
13352.5
13352.6
13352.8
13352.9
13353.1
13353.3
13353.5
13353.7
13353.9
13354.2
13354.4
13354.7
13355
13355.2
13355.5
13355.9
13356.2
13356.5
13356.9
13357.3
13357.7
13358.1
13358.5
13359
13359.4
13359.9
13360.4
13361
13361.5
13362.1
13362.7
13363.4
13364
13364.7
13365.4
13366.1
13366.9
13367.6
13368.4
13369.3
13370.2
13371.2
13372.4
13373.8
13375.3
13377.6
13380.6
13383.9
13389.4
13397.1
13404
13416.3
13432.9
13444
13464.5
13491.1
13503.9
13529.8
13560.2
13569.8
13593.1
13615.4
13624.1
13636.9
13649.8
13650.3
13653.7
13659.4
13660.7
13661.8
13663.6
13665.4
13666.9
13667.9
13668.6
13668.8
13668.9
13669
13669.2
13669.3
13669.4
13669.5
13669.5
13669.3
13669
13668.5
13668
13667.3
13666.5
13665.5
13664.3
13663.1
13661.7
13660.2
13658.6
13656.9
13655.2
13653.3
13651.5
13649.6
13647.8
13645.8
13644
13642.1
13640.1
13638.1
13635.9
13632.7
13628.9
13625
13612.3
13600.8
13586.9
13537.4
13487.3
13389
13319.3
13247.8
13003
12965.4
12799
12640.3
12530.4
12371.4
12300
12225.2
12115.4
11950.1
11795.6
11719.3
11668.1
11608.2
11540.5
11407.9
11250.5
11125
11069.8
11027.4
10900.1
10821.2
10807.8
10789.7
10680.3
10499.7
10369.7
10368.5
10355
10284
10186.4
10107.9
10025.8
9913.45
9833.59
9775.96
9669.96
13349.9
13349.9
13349.9
13349.9
13349.9
13349.9
13349.9
13349.9
13349.9
13349.9
13349.9
13349.9
13349.9
13349.9
13349.9
13349.9
13349.9
13349.9
13349.9
13349.9
13349.9
13349.9
13349.9
13349.9
13349.9
13349.9
13349.9
13349.9
13349.9
13349.9
13349.9
13349.9
13349.9
13349.9
13350
13350
13350
13350
13350
13350
13350
13350
13350
13350
13350
13350
13350
13350.1
13350.1
13350.1
13350.1
13350.1
13350.1
13350.1
13350.2
13350.2
13350.2
13350.2
13350.2
13350.3
13350.3
13350.3
13350.3
13350.4
13350.4
13350.4
13350.5
13350.5
13350.6
13350.6
13350.7
13350.7
13350.8
13350.8
13350.9
13351
13351
13351.1
13351.2
13351.3
13351.4
13351.4
13351.5
13351.6
13351.8
13351.9
13352
13352.1
13352.3
13352.4
13352.6
13352.7
13352.9
13353.1
13353.3
13353.5
13353.7
13353.9
13354.2
13354.4
13354.7
13355
13355.2
13355.6
13355.9
13356.2
13356.6
13356.9
13357.3
13357.7
13358.1
13358.6
13359.1
13359.5
13360
13360.6
13361.1
13361.7
13362.3
13362.9
13363.6
13364.3
13365
13365.7
13366.4
13367.2
13368
13368.9
13369.8
13370.7
13371.8
13373.1
13374.6
13376.4
13379.1
13382.3
13386.2
13393.3
13401.2
13408.8
13425
13440.9
13452.8
13479.8
13502.7
13517.6
13550.2
13571
13584.6
13611.6
13621.5
13629.9
13645
13650.6
13652.4
13655.9
13659.7
13662
13663.8
13664.7
13664.9
13665.2
13665.6
13666.2
13666.9
13667.5
13668
13668.4
13668.7
13668.7
13668.5
13668.4
13668.1
13667.6
13667
13666.3
13665.4
13664.3
13663.1
13661.8
13660.4
13658.8
13657.2
13655.6
13653.8
13652.1
13650.2
13648.4
13646.6
13644.8
13643
13641.2
13639.2
13636.8
13634.6
13630.8
13624.7
13619.6
13605.2
13583.3
13549.2
13487.4
13461
13296.6
13221.2
13125.2
12949.9
12826.7
12651
12576.5
12493
12373.9
12269.4
12054.3
11897
11838.7
11794.8
11732.7
11627.2
11475.3
11374.3
11313.6
11279.7
11181.9
11094.9
10977.6
10872.2
10777.2
10673.1
10627.3
10583.2
10519.4
10450.8
10376.1
10283.7
10218.1
10148.3
10008.1
9912.84
9814.75
13349.9
13349.9
13349.9
13349.9
13349.9
13349.9
13349.9
13349.9
13349.9
13349.9
13349.9
13349.9
13349.9
13349.9
13349.9
13349.9
13349.9
13349.9
13349.9
13349.9
13349.9
13349.9
13349.9
13349.9
13349.9
13349.9
13349.9
13349.9
13349.9
13349.9
13349.9
13349.9
13349.9
13349.9
13349.9
13349.9
13349.9
13349.9
13349.9
13350
13350
13350
13350
13350
13350
13350
13350
13350
13350
13350
13350
13350
13350.1
13350.1
13350.1
13350.1
13350.1
13350.1
13350.1
13350.2
13350.2
13350.2
13350.2
13350.2
13350.3
13350.3
13350.3
13350.4
13350.4
13350.4
13350.5
13350.5
13350.5
13350.6
13350.6
13350.7
13350.7
13350.8
13350.9
13350.9
13351
13351.1
13351.1
13351.2
13351.3
13351.4
13351.5
13351.6
13351.7
13351.8
13352
13352.1
13352.2
13352.4
13352.5
13352.7
13352.9
13353.1
13353.3
13353.5
13353.7
13353.9
13354.2
13354.4
13354.7
13355
13355.3
13355.6
13355.9
13356.2
13356.6
13357
13357.4
13357.8
13358.2
13358.7
13359.2
13359.7
13360.2
13360.7
13361.3
13361.9
13362.5
13363.2
13363.8
13364.5
13365.3
13366
13366.8
13367.6
13368.4
13369.3
13370.3
13371.3
13372.5
13373.9
13375.5
13377.7
13380.9
13384.4
13389.3
13398
13405.7
13415.8
13435.1
13450
13466.1
13496.9
13515.8
13534.6
13568.2
13581.5
13597.8
13623.7
13630.1
13637.9
13650.5
13652
13654.7
13658.7
13660.3
13660.7
13661.3
13662.2
13663.4
13664.7
13665.9
13667.1
13667.7
13668
13668.2
13668.2
13668.1
13667.9
13667.6
13667.1
13666.6
13665.9
13665
13664.1
13663
13661.8
13660.5
13659.1
13657.6
13656
13654.3
13652.6
13650.9
13649.1
13647.4
13645.6
13643.9
13642
13640.3
13638.3
13635.3
13632.4
13628.3
13619.7
13610
13584.1
13563.5
13515.9
13431.2
13369.7
13245.1
13116
12960.2
12831.3
12765.6
12650.8
12518.6
12401.7
12225.1
12088.9
12021.7
11940.9
11852.1
11754.8
11589.3
11536.8
11490
11434.2
11314.9
11140.8
11009.1
10940
10798.6
10797.2
10784.5
10723.5
10651.5
10565.2
10477.9
10409.2
10336.9
10194.5
10095.5
10012.3
13349.9
13349.9
13349.9
13349.9
13349.9
13349.9
13349.9
13349.9
13349.9
13349.9
13349.9
13349.9
13349.9
13349.9
13349.9
13349.9
13349.9
13349.9
13349.9
13349.9
13349.9
13349.9
13349.9
13349.9
13349.9
13349.9
13349.9
13349.9
13349.9
13349.9
13349.9
13349.9
13349.9
13349.9
13349.9
13349.9
13349.9
13349.9
13349.9
13349.9
13349.9
13349.9
13349.9
13349.9
13350
13350
13350
13350
13350
13350
13350
13350
13350
13350
13350
13350
13350
13350.1
13350.1
13350.1
13350.1
13350.1
13350.1
13350.1
13350.2
13350.2
13350.2
13350.2
13350.2
13350.3
13350.3
13350.3
13350.4
13350.4
13350.4
13350.5
13350.5
13350.6
13350.6
13350.7
13350.7
13350.8
13350.8
13350.9
13351
13351
13351.1
13351.2
13351.3
13351.4
13351.5
13351.6
13351.7
13351.8
13351.9
13352.1
13352.2
13352.4
13352.5
13352.7
13352.9
13353.1
13353.3
13353.5
13353.7
13353.9
13354.2
13354.4
13354.7
13355
13355.3
13355.6
13356
13356.3
13356.7
13357.1
13357.5
13357.9
13358.3
13358.8
13359.3
13359.8
13360.4
13360.9
13361.5
13362.1
13362.8
13363.4
13364.1
13364.9
13365.6
13366.4
13367.2
13368
13368.9
13369.9
13370.9
13372
13373.3
13374.9
13376.7
13379.4
13383.1
13386.9
13393.5
13403.4
13411.7
13425.7
13447.4
13460.2
13485.1
13513.5
13528.8
13557.1
13582.1
13593.5
13615.8
13630.4
13634.1
13642.2
13651.8
13653.4
13655.2
13657.9
13660.6
13662.4
13663.7
13664.9
13665.5
13665.9
13666.2
13666.7
13667.1
13667.1
13667
13666.9
13666.7
13666.4
13666
13665.4
13664.7
13663.9
13662.9
13661.8
13660.6
13659.3
13657.8
13656.3
13654.8
13653.2
13651.5
13649.9
13648.2
13646.5
13644.8
13643.2
13641.2
13639.1
13637.1
13633.6
13629.8
13622.2
13611.3
13598.6
13559.4
13527.3
13459.8
13362.4
13301.5
13121.8
13026
12943.8
12785.6
12692.5
12586.2
12287.7
12238
12171
12103
12026.7
11862.2
11681.6
11596.1
11577.5
11422.2
11326.9
11330.5
11298.4
11172
11047.7
10930.7
10837
10803.7
10718.3
10636.9
10585.9
10544.9
10446.7
10305.1
10179.7
13349.9
13349.9
13349.9
13349.9
13349.9
13349.9
13349.9
13349.9
13349.9
13349.9
13349.9
13349.9
13349.9
13349.9
13349.9
13349.9
13349.9
13349.9
13349.9
13349.9
13349.9
13349.9
13349.9
13349.9
13349.9
13349.9
13349.9
13349.9
13349.9
13349.9
13349.9
13349.9
13349.9
13349.9
13349.9
13349.9
13349.9
13349.9
13349.9
13349.9
13349.9
13349.9
13349.9
13349.9
13349.9
13349.9
13349.9
13349.9
13349.9
13349.9
13350
13350
13350
13350
13350
13350
13350
13350
13350
13350
13350
13350
13350.1
13350.1
13350.1
13350.1
13350.1
13350.1
13350.1
13350.2
13350.2
13350.2
13350.2
13350.3
13350.3
13350.3
13350.3
13350.4
13350.4
13350.5
13350.5
13350.5
13350.6
13350.6
13350.7
13350.7
13350.8
13350.9
13350.9
13351
13351.1
13351.2
13351.3
13351.4
13351.5
13351.6
13351.7
13351.8
13351.9
13352.1
13352.2
13352.4
13352.5
13352.7
13352.9
13353.1
13353.3
13353.5
13353.7
13353.9
13354.2
13354.5
13354.7
13355
13355.3
13355.7
13356
13356.4
13356.8
13357.2
13357.6
13358
13358.5
13359
13359.5
13360
13360.6
13361.2
13361.8
13362.4
13363.1
13363.8
13364.5
13365.2
13366
13366.8
13367.7
13368.5
13369.5
13370.5
13371.5
13372.7
13374.3
13376
13378.1
13381.5
13385.7
13390.3
13399.3
13410
13419.3
13439.5
13459.5
13473
13504.7
13528.8
13544.6
13578.6
13593.1
13601.5
13624.2
13633.6
13640
13649.3
13656.2
13657.8
13658.5
13659.8
13661
13661.9
13662.7
13663.6
13664.4
13665
13665.4
13665.7
13665.9
13665.8
13665.7
13665.6
13665.3
13664.9
13664.3
13663.6
13662.7
13661.8
13660.7
13659.4
13658.2
13656.8
13655.4
13653.9
13652.3
13650.7
13649.1
13647.5
13645.7
13643.9
13642.2
13640.2
13637.9
13635.2
13630.4
13626.3
13613.3
13599.5
13576.8
13523.2
13486.9
13394
13274.8
13205.7
13085.1
12957.7
12883.3
12676
12501.6
12413.1
12315
12202.8
12136
11934.9
11778.6
11787.7
11693.7
11572.1
11510.2
11458.9
11362
11237.3
11085.1
10999.1
10992
10937
10800.8
10679.8
10667.4
10639.1
10560.9
10398.3
13349.9
13349.9
13349.9
13349.9
13349.9
13349.9
13349.9
13349.9
13349.9
13349.9
13349.9
13349.9
13349.9
13349.9
13349.9
13349.9
13349.9
13349.9
13349.9
13349.9
13349.9
13349.9
13349.9
13349.9
13349.9
13349.9
13349.9
13349.9
13349.9
13349.9
13349.9
13349.9
13349.9
13349.9
13349.9
13349.9
13349.9
13349.9
13349.9
13349.9
13349.9
13349.9
13349.9
13349.9
13349.9
13349.9
13349.9
13349.9
13349.9
13349.9
13349.9
13349.9
13349.9
13349.9
13349.9
13350
13350
13350
13350
13350
13350
13350
13350
13350
13350
13350
13350
13350.1
13350.1
13350.1
13350.1
13350.1
13350.1
13350.2
13350.2
13350.2
13350.2
13350.2
13350.3
13350.3
13350.3
13350.4
13350.4
13350.4
13350.5
13350.5
13350.6
13350.6
13350.7
13350.7
13350.8
13350.8
13350.9
13351
13351.1
13351.2
13351.2
13351.3
13351.4
13351.5
13351.7
13351.8
13351.9
13352
13352.2
13352.3
13352.5
13352.7
13352.9
13353.1
13353.3
13353.5
13353.7
13354
13354.2
13354.5
13354.8
13355.1
13355.4
13355.7
13356.1
13356.5
13356.9
13357.3
13357.7
13358.2
13358.6
13359.1
13359.7
13360.2
13360.8
13361.4
13362
13362.7
13363.4
13364.1
13364.9
13365.6
13366.5
13367.3
13368.2
13369.1
13370.1
13371.2
13372.3
13373.7
13375.5
13377.4
13380
13384.3
13388.9
13395.1
13406.9
13417.3
13430.3
13455.3
13471.8
13491
13524.6
13544.3
13563.8
13593.9
13606.2
13618
13636.9
13641.5
13642.7
13646.9
13652.2
13655.8
13657.7
13659.3
13660.7
13661.7
13662.6
13663.5
13664.2
13664.6
13664.9
13664.9
13664.8
13664.7
13664.5
13664.2
13663.7
13663.2
13662.5
13661.7
13660.8
13659.8
13658.6
13657.4
13656.1
13654.7
13653.2
13651.6
13649.9
13648.2
13646.5
13644.8
13642.9
13641.1
13638.7
13636.4
13632.5
13626.6
13620
13602.4
13578.7
13551.8
13475.6
13414.7
13352.9
13219
13112.5
13063.1
12804.2
12693.9
12595.7
12430.7
12340.5
12251.9
12082.8
12034.9
11975.9
11848.5
11738.7
11660.9
11556
11381.6
11320.1
11268.3
11196.3
11135.3
11041.3
10917.7
10819.1
10736.8
10712.8
10616.1
13349.9
13349.9
13349.9
13349.9
13349.9
13349.9
13349.9
13349.9
13349.9
13349.9
13349.9
13349.9
13349.9
13349.9
13349.9
13349.9
13349.9
13349.9
13349.9
13349.9
13349.9
13349.9
13349.9
13349.9
13349.9
13349.9
13349.9
13349.9
13349.9
13349.9
13349.9
13349.9
13349.9
13349.9
13349.9
13349.9
13349.9
13349.9
13349.9
13349.9
13349.9
13349.9
13349.9
13349.9
13349.9
13349.9
13349.9
13349.9
13349.9
13349.9
13349.9
13349.9
13349.9
13349.9
13349.9
13349.9
13349.9
13349.9
13349.9
13349.9
13350
13350
13350
13350
13350
13350
13350
13350
13350
13350
13350
13350
13350.1
13350.1
13350.1
13350.1
13350.1
13350.1
13350.2
13350.2
13350.2
13350.2
13350.3
13350.3
13350.3
13350.3
13350.4
13350.4
13350.5
13350.5
13350.5
13350.6
13350.6
13350.7
13350.8
13350.8
13350.9
13351
13351.1
13351.1
13351.2
13351.3
13351.4
13351.5
13351.6
13351.8
13351.9
13352
13352.2
13352.3
13352.5
13352.7
13352.9
13353.1
13353.3
13353.5
13353.8
13354
13354.3
13354.5
13354.8
13355.2
13355.5
13355.8
13356.2
13356.6
13357
13357.4
13357.9
13358.3
13358.8
13359.4
13359.9
13360.5
13361.1
13361.7
13362.4
13363.1
13363.8
13364.5
13365.3
13366.1
13367
13367.8
13368.8
13369.7
13370.8
13371.9
13373.2
13374.8
13376.8
13379.1
13382.6
13387.8
13393
13402.2
13415.9
13426.7
13445.5
13473.3
13486.7
13514.4
13546.1
13559.6
13583.9
13608.9
13615
13623
13638.1
13645.7
13647.8
13651.3
13655.2
13657.9
13659
13659.9
13660.9
13661.6
13662.2
13662.8
13663.4
13663.9
13663.9
13663.8
13663.7
13663.6
13663.3
13663
13662.5
13661.9
13661.1
13660.3
13659.2
13658.1
13656.8
13655.3
13653.8
13652.2
13650.5
13648.8
13647.1
13645.4
13643.6
13641.8
13639.9
13637.1
13634.4
13629.4
13619.8
13611.5
13587.8
13546.4
13517.9
13447.2
13336.7
13294
13143.9
12985.6
12885.4
12726.4
12583.8
12540.2
12358.5
12190.7
12198.8
12088.1
11956.9
11901.5
11896.2
11725.2
11580.4
11470.3
11344.2
11266.8
11241.1
11207.5
11055.8
10861.3
10874.1
10826.6
13349.9
13349.9
13349.9
13349.9
13349.9
13349.9
13349.9
13349.9
13349.9
13349.9
13349.9
13349.9
13349.9
13349.9
13349.9
13349.9
13349.9
13349.9
13349.9
13349.9
13349.9
13349.9
13349.9
13349.9
13349.9
13349.9
13349.9
13349.9
13349.9
13349.9
13349.9
13349.9
13349.9
13349.9
13349.9
13349.9
13349.9
13349.9
13349.9
13349.9
13349.9
13349.9
13349.9
13349.9
13349.9
13349.9
13349.9
13349.9
13349.9
13349.9
13349.9
13349.9
13349.9
13349.9
13349.9
13349.9
13349.9
13349.9
13349.9
13349.9
13349.9
13349.9
13349.9
13349.9
13349.9
13350
13350
13350
13350
13350
13350
13350
13350
13350
13350
13350
13350
13350.1
13350.1
13350.1
13350.1
13350.1
13350.1
13350.2
13350.2
13350.2
13350.2
13350.3
13350.3
13350.3
13350.4
13350.4
13350.4
13350.5
13350.5
13350.6
13350.6
13350.7
13350.8
13350.8
13350.9
13351
13351
13351.1
13351.2
13351.3
13351.4
13351.5
13351.6
13351.8
13351.9
13352
13352.2
13352.4
13352.5
13352.7
13352.9
13353.1
13353.3
13353.6
13353.8
13354.1
13354.3
13354.6
13354.9
13355.2
13355.6
13355.9
13356.3
13356.7
13357.1
13357.6
13358
13358.5
13359.1
13359.6
13360.2
13360.8
13361.4
13362
13362.7
13363.4
13364.2
13365
13365.8
13366.6
13367.5
13368.4
13369.4
13370.4
13371.6
13372.8
13374.3
13376.2
13378.5
13381.3
13386.2
13392.3
13398.7
13412
13427.2
13438.5
13463.3
13490.8
13503.7
13533.6
13564.3
13577
13597.4
13622.3
13625.7
13631.4
13642.1
13650
13651.9
13653
13654.8
13656.6
13658.2
13659.1
13660.1
13661.1
13661.8
13662.3
13662.5
13662.7
13662.7
13663.1
13663.1
13663
13662.6
13662.1
13661.4
13660.6
13659.6
13658.4
13657.1
13655.6
13654.1
13652.5
13650.9
13649.3
13647.7
13646.1
13644.5
13642.6
13640.8
13638.7
13635.3
13631.5
13625.8
13611.4
13592.9
13577
13498
13467.5
13423.2
13250.8
13161.8
13074.7
12898.7
12798
12663.7
12460.1
12406.2
12329.4
12191.9
12088.7
12045.5
11953.3
11804.1
11735.5
11606.3
11517.4
11442.3
11360.6
11271.4
11160.6
11092.7
11010.1
13349.9
13349.9
13349.9
13349.9
13349.9
13349.9
13349.9
13349.9
13349.9
13349.9
13349.9
13349.9
13349.9
13349.9
13349.9
13349.9
13349.9
13349.9
13349.9
13349.9
13349.9
13349.9
13349.9
13349.9
13349.9
13349.9
13349.9
13349.9
13349.9
13349.9
13349.9
13349.9
13349.9
13349.9
13349.9
13349.9
13349.9
13349.9
13349.9
13349.9
13349.9
13349.9
13349.9
13349.9
13349.9
13349.9
13349.9
13349.9
13349.9
13349.9
13349.9
13349.9
13349.9
13349.9
13349.9
13349.9
13349.9
13349.9
13349.9
13349.9
13349.9
13349.9
13349.9
13349.9
13349.9
13349.9
13349.9
13349.9
13349.9
13349.9
13350
13350
13350
13350
13350
13350
13350
13350
13350
13350
13350
13350.1
13350.1
13350.1
13350.1
13350.1
13350.1
13350.2
13350.2
13350.2
13350.2
13350.3
13350.3
13350.3
13350.4
13350.4
13350.4
13350.5
13350.5
13350.6
13350.6
13350.7
13350.7
13350.8
13350.9
13350.9
13351
13351.1
13351.2
13351.3
13351.4
13351.5
13351.6
13351.8
13351.9
13352.1
13352.2
13352.4
13352.5
13352.7
13352.9
13353.1
13353.4
13353.6
13353.8
13354.1
13354.4
13354.7
13355
13355.3
13355.7
13356.1
13356.5
13356.9
13357.3
13357.8
13358.3
13358.8
13359.3
13359.9
13360.5
13361.1
13361.7
13362.4
13363.1
13363.9
13364.7
13365.5
13366.3
13367.2
13368.1
13369.1
13370.1
13371.3
13372.5
13373.9
13375.6
13378
13380.7
13384.4
13391
13398.1
13406.1
13423.8
13439.7
13452.8
13482.1
13510.7
13525.3
13554.5
13583.9
13593.1
13608.6
13630.3
13635.6
13637.4
13642.4
13648.7
13653
13653.8
13654.8
13656.3
13657.8
13659.2
13660.5
13661.5
13662.4
13662.5
13662.6
13662.6
13662.6
13662.5
13662.3
13661.8
13661.2
13660.4
13659.4
13658.2
13657
13655.7
13654.3
13652.9
13651.4
13650
13648.5
13646.9
13645.3
13643.8
13641.9
13639.8
13637.5
13633.9
13625.9
13619.7
13600.4
13569.3
13548
13490.4
13392.6
13349.1
13255.6
13063.5
13003.1
12814.3
12650.2
12588.7
12440.6
12299.9
12223.6
12176.4
12001.4
11985.5
11776.4
11730.3
11693.5
11561.4
11463.7
11452.3
11352.9
11202.3
13349.9
13349.9
13349.9
13349.9
13349.9
13349.9
13349.9
13349.9
13349.9
13349.9
13349.9
13349.9
13349.9
13349.9
13349.9
13349.9
13349.9
13349.9
13349.9
13349.9
13349.9
13349.9
13349.9
13349.9
13349.9
13349.9
13349.9
13349.9
13349.9
13349.9
13349.9
13349.9
13349.9
13349.9
13349.9
13349.9
13349.9
13349.9
13349.9
13349.9
13349.9
13349.9
13349.9
13349.9
13349.9
13349.9
13349.9
13349.9
13349.9
13349.9
13349.9
13349.9
13349.9
13349.9
13349.9
13349.9
13349.9
13349.9
13349.9
13349.9
13349.9
13349.9
13349.9
13349.9
13349.9
13349.9
13349.9
13349.9
13349.9
13349.9
13349.9
13349.9
13349.9
13349.9
13349.9
13350
13350
13350
13350
13350
13350
13350
13350
13350
13350
13350
13350.1
13350.1
13350.1
13350.1
13350.1
13350.1
13350.2
13350.2
13350.2
13350.2
13350.3
13350.3
13350.3
13350.4
13350.4
13350.5
13350.5
13350.6
13350.6
13350.7
13350.7
13350.8
13350.9
13350.9
13351
13351.1
13351.2
13351.3
13351.4
13351.5
13351.6
13351.8
13351.9
13352.1
13352.2
13352.4
13352.6
13352.8
13353
13353.2
13353.4
13353.7
13353.9
13354.2
13354.5
13354.8
13355.1
13355.5
13355.8
13356.2
13356.6
13357.1
13357.5
13358
13358.5
13359
13359.6
13360.2
13360.8
13361.4
13362.1
13362.8
13363.6
13364.4
13365.2
13366.1
13366.9
13367.9
13368.9
13369.9
13371
13372.2
13373.6
13375.2
13377.3
13380.3
13383.5
13388.5
13397.4
13405.5
13415.8
13437.6
13457
13469.9
13503
13531.7
13547
13573.4
13602.7
13607.8
13616
13633.2
13642.9
13644.1
13645.7
13649
13652.2
13654.8
13656.9
13658.8
13660.2
13661
13661.5
13661.9
13662.2
13662.2
13662.1
13661.9
13661.6
13661.1
13660.5
13659.8
13659
13658.1
13657
13655.9
13654.7
13653.5
13652.2
13650.8
13649.4
13648
13646.5
13645
13643.5
13641.8
13639.1
13635.8
13631.8
13621.2
13606.3
13599.8
13555
13508.3
13477.4
13359
13261.6
13141.1
12933.4
12830.9
12674.4
12527.5
12470.6
12438.2
12293.6
12217.6
12087.6
11941.3
11890.9
11778.9
11624.1
11649.2
11629
11476.6
13349.9
13349.9
13349.9
13349.9
13349.9
13349.9
13349.9
13349.9
13349.9
13349.9
13349.9
13349.9
13349.9
13349.9
13349.9
13349.9
13349.9
13349.9
13349.9
13349.9
13349.9
13349.9
13349.9
13349.9
13349.9
13349.9
13349.9
13349.9
13349.9
13349.9
13349.9
13349.9
13349.9
13349.9
13349.9
13349.9
13349.9
13349.9
13349.9
13349.9
13349.9
13349.9
13349.9
13349.9
13349.9
13349.9
13349.9
13349.9
13349.9
13349.9
13349.9
13349.9
13349.9
13349.9
13349.9
13349.9
13349.9
13349.9
13349.9
13349.9
13349.9
13349.9
13349.9
13349.9
13349.9
13349.9
13349.9
13349.9
13349.9
13349.9
13349.9
13349.9
13349.9
13349.9
13349.9
13349.9
13349.9
13349.9
13349.9
13350
13350
13350
13350
13350
13350
13350
13350
13350
13350
13350
13350.1
13350.1
13350.1
13350.1
13350.1
13350.1
13350.2
13350.2
13350.2
13350.2
13350.3
13350.3
13350.3
13350.4
13350.4
13350.5
13350.5
13350.5
13350.6
13350.7
13350.7
13350.8
13350.9
13350.9
13351
13351.1
13351.2
13351.3
13351.4
13351.5
13351.7
13351.8
13351.9
13352.1
13352.3
13352.4
13352.6
13352.8
13353
13353.2
13353.5
13353.7
13354
13354.3
13354.6
13354.9
13355.2
13355.6
13356
13356.4
13356.8
13357.3
13357.7
13358.2
13358.8
13359.3
13359.9
13360.5
13361.2
13361.9
13362.6
13363.3
13364.1
13364.9
13365.8
13366.7
13367.6
13368.6
13369.6
13370.7
13371.9
13373.3
13375
13376.8
13379.6
13383.4
13387.4
13394
13405.7
13416.2
13427.2
13453.7
13476.9
13490.4
13522.3
13555.6
13569
13588.9
13617.3
13622.5
13626.3
13635.5
13644.1
13648.2
13650.2
13652.7
13654.7
13656.5
13658
13658.9
13659.7
13660.2
13660.5
13660.8
13660.8
13660.7
13660.6
13660.4
13660
13659.5
13658.9
13658.2
13657.4
13656.5
13655.5
13654.4
13653.2
13651.9
13650.6
13649.3
13648.1
13646.8
13645.4
13643.7
13642
13639.2
13633.5
13630
13621.9
13596.3
13581.2
13547.2
13459.4
13410.1
13244.1
13110.5
13025
12753.8
12712.3
12650.7
12522.7
12409.7
12414.5
12236.2
12111.7
12040.1
11925.2
11837.4
11802.5
11690.4
13349.9
13349.9
13349.9
13349.9
13349.9
13349.9
13349.9
13349.9
13349.9
13349.9
13349.9
13349.9
13349.9
13349.9
13349.9
13349.9
13349.9
13349.9
13349.9
13349.9
13349.9
13349.9
13349.9
13349.9
13349.9
13349.9
13349.9
13349.9
13349.9
13349.9
13349.9
13349.9
13349.9
13349.9
13349.9
13349.9
13349.9
13349.9
13349.9
13349.9
13349.9
13349.9
13349.9
13349.9
13349.9
13349.9
13349.9
13349.9
13349.9
13349.9
13349.9
13349.9
13349.9
13349.9
13349.9
13349.9
13349.9
13349.9
13349.9
13349.9
13349.9
13349.9
13349.9
13349.9
13349.9
13349.9
13349.9
13349.9
13349.9
13349.9
13349.9
13349.9
13349.9
13349.9
13349.9
13349.9
13349.9
13349.9
13349.9
13349.9
13349.9
13349.9
13349.9
13349.9
13350
13350
13350
13350
13350
13350
13350
13350
13350
13350
13350
13350.1
13350.1
13350.1
13350.1
13350.1
13350.2
13350.2
13350.2
13350.2
13350.3
13350.3
13350.3
13350.4
13350.4
13350.4
13350.5
13350.5
13350.6
13350.7
13350.7
13350.8
13350.9
13350.9
13351
13351.1
13351.2
13351.3
13351.4
13351.6
13351.7
13351.8
13352
13352.1
13352.3
13352.5
13352.7
13352.9
13353.1
13353.3
13353.6
13353.8
13354.1
13354.4
13354.7
13355
13355.4
13355.8
13356.2
13356.6
13357
13357.5
13358
13358.5
13359.1
13359.7
13360.3
13360.9
13361.6
13362.3
13363.1
13363.9
13364.7
13365.6
13366.5
13367.4
13368.4
13369.4
13370.6
13371.7
13373.1
13374.8
13376.7
13379
13382.5
13387.7
13392.8
13400.9
13416.3
13430.4
13441.3
13471.4
13502.1
13515.5
13544.2
13577.6
13588.4
13602.6
13627.2
13633
13634.8
13640.3
13645.4
13648.4
13651.5
13653.3
13654.9
13656.3
13657.3
13658
13658.8
13659.5
13659.6
13660
13660.1
13660
13659.8
13659.5
13659.2
13658.7
13658.1
13657.4
13656.5
13655.5
13654.5
13653.5
13652.4
13651.4
13650.3
13649.1
13648
13646.7
13644.5
13642.2
13640.3
13633.3
13624.6
13618.8
13583.3
13552.5
13507.3
13375.1
13310.7
13167
12986.6
12919.8
12829
12650.3
12595.4
12491.6
12333.7
12334.1
12289.8
12094.1
11995
11890.2
13349.9
13349.9
13349.9
13349.9
13349.9
13349.9
13349.9
13349.9
13349.9
13349.9
13349.9
13349.9
13349.9
13349.9
13349.9
13349.9
13349.9
13349.9
13349.9
13349.9
13349.9
13349.9
13349.9
13349.9
13349.9
13349.9
13349.9
13349.9
13349.9
13349.9
13349.9
13349.9
13349.9
13349.9
13349.9
13349.9
13349.9
13349.9
13349.9
13349.9
13349.9
13349.9
13349.9
13349.9
13349.9
13349.9
13349.9
13349.9
13349.9
13349.9
13349.9
13349.9
13349.9
13349.9
13349.9
13349.9
13349.9
13349.9
13349.9
13349.9
13349.9
13349.9
13349.9
13349.9
13349.9
13349.9
13349.9
13349.9
13349.9
13349.9
13349.9
13349.9
13349.9
13349.9
13349.9
13349.9
13349.9
13349.9
13349.9
13349.9
13349.9
13349.9
13349.9
13349.9
13349.9
13349.9
13349.9
13349.9
13349.9
13350
13350
13350
13350
13350
13350
13350
13350
13350
13350
13350.1
13350.1
13350.1
13350.1
13350.1
13350.1
13350.2
13350.2
13350.2
13350.3
13350.3
13350.3
13350.4
13350.4
13350.4
13350.5
13350.5
13350.6
13350.7
13350.7
13350.8
13350.9
13350.9
13351
13351.1
13351.2
13351.3
13351.4
13351.6
13351.7
13351.8
13352
13352.2
13352.3
13352.5
13352.7
13352.9
13353.2
13353.4
13353.7
13353.9
13354.2
13354.5
13354.9
13355.2
13355.6
13356
13356.4
13356.8
13357.3
13357.8
13358.3
13358.9
13359.4
13360.1
13360.7
13361.4
13362.1
13362.9
13363.7
13364.5
13365.4
13366.3
13367.2
13368.2
13369.3
13370.4
13371.6
13373
13374.5
13376.6
13379
13381.8
13386.3
13393.7
13400.8
13409.4
13429.8
13450.2
13461.1
13492.2
13525.2
13540.9
13568.3
13595.5
13602.6
13614.8
13629.4
13634
13641.2
13644.9
13647.8
13650.8
13652.4
13653.6
13655.3
13656.8
13658.1
13658.4
13658.7
13658.9
13659.1
13659.5
13659.8
13659.7
13659.5
13659.3
13659
13658.5
13657.9
13657.2
13656.5
13655.8
13655
13654.1
13653.2
13652.3
13651.1
13649.6
13648.6
13646.8
13643.1
13640.9
13635.6
13618.7
13610.3
13574
13493.5
13487
13307.2
13182.5
13165.6
12929.1
12846.6
12791.3
12631.9
12580
12524.7
12381.4
12278.2
12170
13349.9
13349.9
13349.9
13349.9
13349.9
13349.9
13349.9
13349.9
13349.9
13349.9
13349.9
13349.9
13349.9
13349.9
13349.9
13349.9
13349.9
13349.9
13349.9
13349.9
13349.9
13349.9
13349.9
13349.9
13349.9
13349.9
13349.9
13349.9
13349.9
13349.9
13349.9
13349.9
13349.9
13349.9
13349.9
13349.9
13349.9
13349.9
13349.9
13349.9
13349.9
13349.9
13349.9
13349.9
13349.9
13349.9
13349.9
13349.9
13349.9
13349.9
13349.9
13349.9
13349.9
13349.9
13349.9
13349.9
13349.9
13349.9
13349.9
13349.9
13349.9
13349.9
13349.9
13349.9
13349.9
13349.9
13349.9
13349.9
13349.9
13349.9
13349.9
13349.9
13349.9
13349.9
13349.9
13349.9
13349.9
13349.9
13349.9
13349.9
13349.9
13349.9
13349.9
13349.9
13349.9
13349.9
13349.9
13349.9
13349.9
13349.9
13349.9
13349.9
13349.9
13350
13350
13350
13350
13350
13350
13350
13350
13350
13350
13350.1
13350.1
13350.1
13350.1
13350.1
13350.1
13350.2
13350.2
13350.2
13350.3
13350.3
13350.3
13350.4
13350.4
13350.4
13350.5
13350.5
13350.6
13350.7
13350.7
13350.8
13350.9
13351
13351
13351.1
13351.2
13351.4
13351.5
13351.6
13351.7
13351.9
13352
13352.2
13352.4
13352.6
13352.8
13353
13353.3
13353.5
13353.8
13354.1
13354.4
13354.7
13355
13355.4
13355.8
13356.2
13356.6
13357.1
13357.6
13358.1
13358.7
13359.2
13359.9
13360.5
13361.2
13361.9
13362.7
13363.5
13364.3
13365.2
13366.1
13367.1
13368.1
13369.2
13370.3
13371.5
13373
13374.5
13376.3
13378.9
13382.3
13385.9
13391.4
13402.3
13412.1
13421
13446.3
13471.9
13484.5
13516.4
13545.6
13561.8
13585.6
13600.8
13616.7
13626.9
13631.4
13640.7
13645.3
13646.8
13649.8
13652.9
13655.1
13656.7
13657.8
13658.5
13659
13659
13659.3
13659.7
13660
13660.2
13660.6
13660.9
13660.8
13660.7
13660.3
13659.9
13659.5
13658.9
13658.3
13657.6
13656.8
13655.8
13655
13654.3
13653.2
13652.1
13651.1
13647.8
13644.5
13642.1
13615
13603.5
13571.9
13467.4
13423.2
13287.2
13135.9
13111.5
12985.5
12854.7
12797.8
12662.1
12551.4
12452.1
13349.9
13349.9
13349.9
13349.9
13349.9
13349.9
13349.9
13349.9
13349.9
13349.9
13349.9
13349.9
13349.9
13349.9
13349.9
13349.9
13349.9
13349.9
13349.9
13349.9
13349.9
13349.9
13349.9
13349.9
13349.9
13349.9
13349.9
13349.9
13349.9
13349.9
13349.9
13349.9
13349.9
13349.9
13349.9
13349.9
13349.9
13349.9
13349.9
13349.9
13349.9
13349.9
13349.9
13349.9
13349.9
13349.9
13349.9
13349.9
13349.9
13349.9
13349.9
13349.9
13349.9
13349.9
13349.9
13349.9
13349.9
13349.9
13349.9
13349.9
13349.9
13349.9
13349.9
13349.9
13349.9
13349.9
13349.9
13349.9
13349.9
13349.9
13349.9
13349.9
13349.9
13349.9
13349.9
13349.9
13349.9
13349.9
13349.9
13349.9
13349.9
13349.9
13349.9
13349.9
13349.9
13349.9
13349.9
13349.9
13349.9
13349.9
13349.9
13349.9
13349.9
13349.9
13349.9
13349.9
13349.9
13349.9
13350
13350
13350
13350
13350
13350
13350
13350
13350
13350
13350.1
13350.1
13350.1
13350.1
13350.1
13350.2
13350.2
13350.2
13350.2
13350.3
13350.3
13350.4
13350.4
13350.4
13350.5
13350.5
13350.6
13350.7
13350.7
13350.8
13350.9
13351
13351.1
13351.2
13351.3
13351.4
13351.5
13351.6
13351.8
13351.9
13352.1
13352.3
13352.5
13352.7
13352.9
13353.1
13353.4
13353.6
13353.9
13354.2
13354.5
13354.9
13355.2
13355.6
13356
13356.5
13356.9
13357.4
13357.9
13358.5
13359.1
13359.7
13360.3
13361
13361.7
13362.5
13363.3
13364.2
13365.1
13366
13367
13368
13369.1
13370.3
13371.5
13372.9
13374.7
13376.6
13378.8
13382.1
13387.1
13391.5
13398.2
13413.6
13425.9
13437.6
13467.2
13490.9
13512.3
13540.4
13560.2
13586.2
13596.5
13612.3
13630.4
13633.5
13639.3
13645.6
13648.9
13652
13654.8
13656.4
13657
13657.4
13657.6
13658.5
13659.3
13660.2
13661.4
13662.3
13663
13663.4
13663.4
13663.5
13663.6
13663.5
13663.2
13662.8
13662.4
13661.9
13661.4
13661.4
13661.2
13660.6
13661
13663
13662.9
13663.7
13665.8
13664.2
13663.2
13649.6
13618.1
13591.8
13470.3
13399.4
13344.6
13167.4
13117.4
13033.2
12841.7
12687.2
13349.9
13349.9
13349.9
13349.9
13349.9
13349.9
13349.9
13349.9
13349.9
13349.9
13349.9
13349.9
13349.9
13349.9
13349.9
13349.9
13349.9
13349.9
13349.9
13349.9
13349.9
13349.9
13349.9
13349.9
13349.9
13349.9
13349.9
13349.9
13349.9
13349.9
13349.9
13349.9
13349.9
13349.9
13349.9
13349.9
13349.9
13349.9
13349.9
13349.9
13349.9
13349.9
13349.9
13349.9
13349.9
13349.9
13349.9
13349.9
13349.9
13349.9
13349.9
13349.9
13349.9
13349.9
13349.9
13349.9
13349.9
13349.9
13349.9
13349.9
13349.9
13349.9
13349.9
13349.9
13349.9
13349.9
13349.9
13349.9
13349.9
13349.9
13349.9
13349.9
13349.9
13349.9
13349.9
13349.9
13349.9
13349.9
13349.9
13349.9
13349.9
13349.9
13349.9
13349.9
13349.9
13349.9
13349.9
13349.9
13349.9
13349.9
13349.9
13349.9
13349.9
13349.9
13349.9
13349.9
13349.9
13349.9
13349.9
13349.9
13349.9
13349.9
13350
13350
13350
13350
13350
13350
13350
13350
13350
13350
13350.1
13350.1
13350.1
13350.1
13350.1
13350.2
13350.2
13350.2
13350.2
13350.3
13350.3
13350.4
13350.4
13350.4
13350.5
13350.6
13350.6
13350.7
13350.7
13350.8
13350.9
13351
13351.1
13351.2
13351.3
13351.4
13351.5
13351.7
13351.8
13352
13352.2
13352.3
13352.5
13352.8
13353
13353.2
13353.5
13353.8
13354.1
13354.4
13354.7
13355.1
13355.5
13355.9
13356.3
13356.8
13357.3
13357.8
13358.3
13358.9
13359.5
13360.2
13360.9
13361.6
13362.4
13363.2
13364.1
13365
13365.9
13366.9
13368
13369.1
13370.4
13371.7
13373.1
13374.8
13377
13379.5
13382
13386.6
13393.4
13399
13409.1
13427.3
13442.2
13465.4
13486.9
13513.9
13542.8
13555.7
13583.2
13602.6
13611.6
13626.7
13633.6
13638.8
13647.1
13650
13651.3
13653.3
13655.6
13656.9
13658
13658.8
13660.6
13662.6
13663.6
13664.4
13665.3
13666
13666.8
13667.5
13667.8
13667.9
13668
13668
13668.7
13669.5
13669.4
13669.9
13673.8
13679.2
13680.8
13687.1
13703.4
13710.5
13719.6
13746
13737.6
13751.2
13738.3
13655.5
13631.6
13545
13416.5
13353.2
13208.9
12971
13349.9
13349.9
13349.9
13349.9
13349.9
13349.9
13349.9
13349.9
13349.9
13349.9
13349.9
13349.9
13349.9
13349.9
13349.9
13349.9
13349.9
13349.9
13349.9
13349.9
13349.9
13349.9
13349.9
13349.9
13349.9
13349.9
13349.9
13349.9
13349.9
13349.9
13349.9
13349.9
13349.9
13349.9
13349.9
13349.9
13349.9
13349.9
13349.9
13349.9
13349.9
13349.9
13349.9
13349.9
13349.9
13349.9
13349.9
13349.9
13349.9
13349.9
13349.9
13349.9
13349.9
13349.9
13349.9
13349.9
13349.9
13349.9
13349.9
13349.9
13349.9
13349.9
13349.9
13349.9
13349.9
13349.9
13349.9
13349.9
13349.9
13349.9
13349.9
13349.9
13349.9
13349.9
13349.9
13349.9
13349.9
13349.9
13349.9
13349.9
13349.9
13349.9
13349.9
13349.9
13349.9
13349.9
13349.9
13349.9
13349.9
13349.9
13349.9
13349.9
13349.9
13349.9
13349.9
13349.9
13349.9
13349.9
13349.9
13349.9
13349.9
13349.9
13349.9
13349.9
13349.9
13349.9
13350
13350
13350
13350
13350
13350
13350
13350
13350
13350
13350.1
13350.1
13350.1
13350.1
13350.1
13350.2
13350.2
13350.2
13350.2
13350.3
13350.3
13350.4
13350.4
13350.4
13350.5
13350.6
13350.6
13350.7
13350.8
13350.8
13350.9
13351
13351.1
13351.2
13351.3
13351.5
13351.6
13351.7
13351.9
13352.1
13352.2
13352.4
13352.6
13352.9
13353.1
13353.4
13353.6
13353.9
13354.2
13354.6
13354.9
13355.3
13355.7
13356.2
13356.6
13357.1
13357.6
13358.2
13358.8
13359.4
13360.1
13360.8
13361.5
13362.3
13363.2
13364
13365
13366
13367
13368.1
13369.3
13370.6
13372
13373.6
13375.2
13377.2
13380.2
13383.3
13386.8
13393.3
13401.2
13411.4
13426.9
13441.1
13468.3
13490.4
13507.9
13541.2
13559.3
13581.1
13602.6
13610
13626.5
13637.7
13640
13644.9
13651.5
13656
13657.7
13659.1
13659.8
13661
13662
13662.8
13664.6
13666.8
13668.9
13670.8
13672.3
13673.3
13674
13675.3
13677.8
13679.4
13680
13684.9
13696.3
13702.9
13711.3
13736.3
13752.5
13760.6
13788.7
13811.8
13825.7
13837.2
13846.4
13825.2
13793.5
13777.4
13688.3
13604.7
13542.7
13320.7
13349.9
13349.9
13349.9
13349.9
13349.9
13349.9
13349.9
13349.9
13349.9
13349.9
13349.9
13349.9
13349.9
13349.9
13349.9
13349.9
13349.9
13349.9
13349.9
13349.9
13349.9
13349.9
13349.9
13349.9
13349.9
13349.9
13349.9
13349.9
13349.9
13349.9
13349.9
13349.9
13349.9
13349.9
13349.9
13349.9
13349.9
13349.9
13349.9
13349.9
13349.9
13349.9
13349.9
13349.9
13349.9
13349.9
13349.9
13349.9
13349.9
13349.9
13349.9
13349.9
13349.9
13349.9
13349.9
13349.9
13349.9
13349.9
13349.9
13349.9
13349.9
13349.9
13349.9
13349.9
13349.9
13349.9
13349.9
13349.9
13349.9
13349.9
13349.9
13349.9
13349.9
13349.9
13349.9
13349.9
13349.9
13349.9
13349.9
13349.9
13349.9
13349.9
13349.9
13349.9
13349.9
13349.9
13349.9
13349.9
13349.9
13349.9
13349.9
13349.9
13349.9
13349.9
13349.9
13349.9
13349.9
13349.9
13349.9
13349.9
13349.9
13349.9
13349.9
13349.9
13349.9
13349.9
13349.9
13349.9
13349.9
13349.9
13349.9
13350
13350
13350
13350
13350
13350
13350
13350
13350
13350.1
13350.1
13350.1
13350.1
13350.1
13350.2
13350.2
13350.2
13350.2
13350.3
13350.3
13350.4
13350.4
13350.5
13350.5
13350.6
13350.6
13350.7
13350.8
13350.9
13350.9
13351
13351.1
13351.3
13351.4
13351.5
13351.6
13351.8
13352
13352.1
13352.3
13352.5
13352.8
13353
13353.2
13353.5
13353.8
13354.1
13354.5
13354.8
13355.2
13355.6
13356
13356.5
13357
13357.5
13358.1
13358.7
13359.4
13360
13360.8
13361.5
13362.3
13363.2
13364.1
13365.1
13366.1
13367.2
13368.4
13369.7
13371
13372.5
13374.2
13376.2
13378.2
13380.9
13384.5
13388.6
13395.1
13402.6
13413
13430.7
13444.1
13464.2
13492.8
13510.7
13540.5
13563.3
13579
13609.7
13619.4
13625.6
13638.6
13647.7
13650.5
13653.7
13657.4
13659.9
13661.6
13663.1
13664.6
13667.4
13670.2
13673.3
13676.3
13678.6
13681.1
13686
13691.5
13693.4
13699
13717.6
13731
13740
13766.2
13800.1
13807.5
13821.5
13857.8
13869.3
13883
13887.1
13892.7
13894.2
13880.7
13865.4
13836.2
13776.8
13737.3
13600.1
13349.9
13349.9
13349.9
13349.9
13349.9
13349.9
13349.9
13349.9
13349.9
13349.9
13349.9
13349.9
13349.9
13349.9
13349.9
13349.9
13349.9
13349.9
13349.9
13349.9
13349.9
13349.9
13349.9
13349.9
13349.9
13349.9
13349.9
13349.9
13349.9
13349.9
13349.9
13349.9
13349.9
13349.9
13349.9
13349.9
13349.9
13349.9
13349.9
13349.9
13349.9
13349.9
13349.9
13349.9
13349.9
13349.9
13349.9
13349.9
13349.9
13349.9
13349.9
13349.9
13349.9
13349.9
13349.9
13349.9
13349.9
13349.9
13349.9
13349.9
13349.9
13349.9
13349.9
13349.9
13349.9
13349.9
13349.9
13349.9
13349.9
13349.9
13349.9
13349.9
13349.9
13349.9
13349.9
13349.9
13349.9
13349.9
13349.9
13349.9
13349.9
13349.9
13349.9
13349.9
13349.9
13349.9
13349.9
13349.9
13349.9
13349.9
13349.9
13349.9
13349.9
13349.9
13349.9
13349.9
13349.9
13349.9
13349.9
13349.9
13349.9
13349.9
13349.9
13349.9
13349.9
13349.9
13349.9
13349.9
13349.9
13349.9
13349.9
13349.9
13349.9
13349.9
13349.9
13350
13350
13350
13350
13350
13350
13350
13350
13350
13350
13350.1
13350.1
13350.1
13350.1
13350.2
13350.2
13350.2
13350.2
13350.3
13350.3
13350.4
13350.4
13350.5
13350.5
13350.6
13350.6
13350.7
13350.8
13350.9
13351
13351.1
13351.2
13351.3
13351.4
13351.6
13351.7
13351.9
13352
13352.2
13352.4
13352.6
13352.9
13353.1
13353.4
13353.7
13354
13354.4
13354.7
13355.1
13355.5
13356
13356.5
13357
13357.5
13358.1
13358.7
13359.4
13360.1
13360.9
13361.7
13362.5
13363.4
13364.4
13365.4
13366.5
13367.7
13368.9
13370.3
13371.8
13373.3
13375.1
13377.3
13379.6
13382.5
13386.3
13390.6
13397.7
13406.4
13415.2
13432.3
13449.6
13466.9
13498.7
13515.2
13538
13573.1
13587
13604.2
13630.6
13635.1
13639.4
13648.6
13656.9
13659.9
13660.9
13662.3
13667.8
13671.6
13676.7
13681.4
13685.4
13691.7
13704.5
13714.8
13718.2
13739.6
13770
13777.4
13798.2
13837.6
13853.1
13866.4
13895.6
13907.1
13910.5
13917.7
13923.2
13929.4
13936
13932
13920.6
13909.8
13884.5
13859.2
13785
13349.9
13349.9
13349.9
13349.9
13349.9
13349.9
13349.9
13349.9
13349.9
13349.9
13349.9
13349.9
13349.9
13349.9
13349.9
13349.9
13349.9
13349.9
13349.9
13349.9
13349.9
13349.9
13349.9
13349.9
13349.9
13349.9
13349.9
13349.9
13349.9
13349.9
13349.9
13349.9
13349.9
13349.9
13349.9
13349.9
13349.9
13349.9
13349.9
13349.9
13349.9
13349.9
13349.9
13349.9
13349.9
13349.9
13349.9
13349.9
13349.9
13349.9
13349.9
13349.9
13349.9
13349.9
13349.9
13349.9
13349.9
13349.9
13349.9
13349.9
13349.9
13349.9
13349.9
13349.9
13349.9
13349.9
13349.9
13349.9
13349.9
13349.9
13349.9
13349.9
13349.9
13349.9
13349.9
13349.9
13349.9
13349.9
13349.9
13349.9
13349.9
13349.9
13349.9
13349.9
13349.9
13349.9
13349.9
13349.9
13349.9
13349.9
13349.9
13349.9
13349.9
13349.9
13349.9
13349.9
13349.9
13349.9
13349.9
13349.9
13349.9
13349.9
13349.9
13349.9
13349.9
13349.9
13349.9
13349.9
13349.9
13349.9
13349.9
13349.9
13349.9
13349.9
13349.9
13349.9
13349.9
13349.9
13349.9
13349.9
13350
13350
13350
13350
13350
13350
13350
13350
13350
13350.1
13350.1
13350.1
13350.1
13350.2
13350.2
13350.2
13350.2
13350.3
13350.3
13350.4
13350.4
13350.5
13350.5
13350.6
13350.7
13350.7
13350.8
13350.9
13351
13351.1
13351.2
13351.4
13351.5
13351.6
13351.8
13352
13352.2
13352.4
13352.6
13352.8
13353.1
13353.4
13353.7
13354
13354.4
13354.7
13355.2
13355.6
13356.1
13356.6
13357.1
13357.7
13358.3
13359
13359.7
13360.5
13361.3
13362.2
13363.1
13364.1
13365.1
13366.3
13367.5
13368.8
13370.1
13371.6
13373.3
13375.1
13377.1
13379.4
13382.1
13385.3
13389.9
13394.6
13401.3
13412.1
13421.5
13437.3
13459.7
13471.7
13499
13531.6
13545.3
13572.3
13602.7
13612.5
13624.1
13642.4
13652.8
13657.4
13661.5
13667.5
13674.9
13686.7
13692.3
13699.2
13719.7
13737.5
13750.1
13776.2
13803.9
13817.6
13838.8
13869.9
13886.5
13894.1
13907.4
13924.7
13924.4
13925.4
13930.7
13934.6
13937.8
13936.4
13931.4
13924.6
13922.2
13917.7
13907.8
13874.8
13349.9
13349.9
13349.9
13349.9
13349.9
13349.9
13349.9
13349.9
13349.9
13349.9
13349.9
13349.9
13349.9
13349.9
13349.9
13349.9
13349.9
13349.9
13349.9
13349.9
13349.9
13349.9
13349.9
13349.9
13349.9
13349.9
13349.9
13349.9
13349.9
13349.9
13349.9
13349.9
13349.9
13349.9
13349.9
13349.9
13349.9
13349.9
13349.9
13349.9
13349.9
13349.9
13349.9
13349.9
13349.9
13349.9
13349.9
13349.9
13349.9
13349.9
13349.9
13349.9
13349.9
13349.9
13349.9
13349.9
13349.9
13349.9
13349.9
13349.9
13349.9
13349.9
13349.9
13349.9
13349.9
13349.9
13349.9
13349.9
13349.9
13349.9
13349.9
13349.9
13349.9
13349.9
13349.9
13349.9
13349.9
13349.9
13349.9
13349.9
13349.9
13349.9
13349.9
13349.9
13349.9
13349.9
13349.9
13349.9
13349.9
13349.9
13349.9
13349.9
13349.9
13349.9
13349.9
13349.9
13349.9
13349.9
13349.9
13349.9
13349.9
13349.9
13349.9
13349.9
13349.9
13349.9
13349.9
13349.9
13349.9
13349.9
13349.9
13349.9
13349.9
13349.9
13349.9
13349.9
13349.9
13349.9
13349.9
13349.9
13349.9
13349.9
13349.9
13349.9
13350
13350
13350
13350
13350
13350
13350
13350
13350
13350.1
13350.1
13350.1
13350.1
13350.1
13350.2
13350.2
13350.2
13350.3
13350.3
13350.4
13350.4
13350.5
13350.5
13350.6
13350.7
13350.8
13350.8
13350.9
13351
13351.2
13351.3
13351.4
13351.6
13351.7
13351.9
13352.1
13352.3
13352.6
13352.8
13353.1
13353.4
13353.7
13354
13354.4
13354.8
13355.2
13355.7
13356.2
13356.7
13357.3
13358
13358.6
13359.4
13360.1
13361
13361.9
13362.8
13363.9
13364.9
13366.1
13367.3
13368.7
13370.1
13371.6
13373.2
13375
13377
13379.1
13381.7
13384.8
13387.9
13392.9
13398.9
13404.7
13417
13429.3
13439.3
13464.4
13488.5
13499.8
13533.5
13566.1
13581.7
13604
13628.2
13646.5
13660.2
13668.3
13688.5
13701.9
13712
13742
13768.7
13781.8
13807.1
13848
13861
13869
13897.1
13923.2
13928.2
13937.7
13952.2
13958
13962.9
13968.8
13972.4
13969.9
13962.9
13954
13946.1
13939.9
13934.7
13932.7
13930.2
13920.6
13349.9
13349.9
13349.9
13349.9
13349.9
13349.9
13349.9
13349.9
13349.9
13349.9
13349.9
13349.9
13349.9
13349.9
13349.9
13349.9
13349.9
13349.9
13349.9
13349.9
13349.9
13349.9
13349.9
13349.9
13349.9
13349.9
13349.9
13349.9
13349.9
13349.9
13349.9
13349.9
13349.9
13349.9
13349.9
13349.9
13349.9
13349.9
13349.9
13349.9
13349.9
13349.9
13349.9
13349.9
13349.9
13349.9
13349.9
13349.9
13349.9
13349.9
13349.9
13349.9
13349.9
13349.9
13349.9
13349.9
13349.9
13349.9
13349.9
13349.9
13349.9
13349.9
13349.9
13349.9
13349.9
13349.9
13349.9
13349.9
13349.9
13349.9
13349.9
13349.9
13349.9
13349.9
13349.9
13349.9
13349.9
13349.9
13349.9
13349.9
13349.9
13349.9
13349.9
13349.9
13349.9
13349.9
13349.9
13349.9
13349.9
13349.9
13349.9
13349.9
13349.9
13349.9
13349.9
13349.9
13349.9
13349.9
13349.9
13349.9
13349.9
13349.9
13349.9
13349.9
13349.9
13349.9
13349.9
13349.9
13349.9
13349.9
13349.9
13349.9
13349.9
13349.9
13349.9
13349.9
13349.9
13349.9
13349.9
13349.9
13349.9
13349.9
13349.9
13349.9
13349.9
13349.9
13349.9
13349.9
13350
13350
13350
13350
13350
13350
13350
13350
13350.1
13350.1
13350.1
13350.1
13350.1
13350.2
13350.2
13350.2
13350.3
13350.3
13350.4
13350.4
13350.5
13350.6
13350.6
13350.7
13350.8
13350.9
13351
13351.1
13351.3
13351.4
13351.6
13351.7
13351.9
13352.1
13352.3
13352.6
13352.9
13353.1
13353.5
13353.8
13354.2
13354.6
13355
13355.5
13356
13356.5
13357.1
13357.8
13358.5
13359.2
13360
13360.9
13361.8
13362.8
13363.8
13365
13366.2
13367.5
13368.8
13370.3
13371.9
13373.5
13375.3
13377.3
13379.3
13381.7
13384.2
13387
13390.7
13394.5
13399.2
13406.8
13414.1
13423.4
13440.8
13456.5
13470.9
13501.4
13532.9
13556
13585
13624.4
13651.1
13671.3
13705.9
13723.3
13760.6
13796.5
13809.5
13830.8
13861.2
13879.2
13890.1
13905.6
13920.8
13925.2
13928.6
13935.4
13942.7
13946.6
13949.9
13947.6
13948.1
13950.3
13954.2
13957.4
13957.4
13954.4
13945.6
13936.8
13931.8
13924.5
13349.9
13349.9
13349.9
13349.9
13349.9
13349.9
13349.9
13349.9
13349.9
13349.9
13349.9
13349.9
13349.9
13349.9
13349.9
13349.9
13349.9
13349.9
13349.9
13349.9
13349.9
13349.9
13349.9
13349.9
13349.9
13349.9
13349.9
13349.9
13349.9
13349.9
13349.9
13349.9
13349.9
13349.9
13349.9
13349.9
13349.9
13349.9
13349.9
13349.9
13349.9
13349.9
13349.9
13349.9
13349.9
13349.9
13349.9
13349.9
13349.9
13349.9
13349.9
13349.9
13349.9
13349.9
13349.9
13349.9
13349.9
13349.9
13349.9
13349.9
13349.9
13349.9
13349.9
13349.9
13349.9
13349.9
13349.9
13349.9
13349.9
13349.9
13349.9
13349.9
13349.9
13349.9
13349.9
13349.9
13349.9
13349.9
13349.9
13349.9
13349.9
13349.9
13349.9
13349.9
13349.9
13349.9
13349.9
13349.9
13349.9
13349.9
13349.9
13349.9
13349.9
13349.9
13349.9
13349.9
13349.9
13349.9
13349.9
13349.9
13349.9
13349.9
13349.9
13349.9
13349.9
13349.9
13349.9
13349.9
13349.9
13349.9
13349.9
13349.9
13349.9
13349.9
13349.9
13349.9
13349.9
13349.9
13349.9
13349.9
13349.9
13349.9
13349.9
13349.9
13349.9
13349.9
13349.9
13349.9
13349.9
13349.9
13349.9
13349.9
13350
13350
13350
13350
13350
13350
13350
13350
13350.1
13350.1
13350.1
13350.1
13350.2
13350.2
13350.2
13350.3
13350.3
13350.4
13350.4
13350.5
13350.6
13350.7
13350.7
13350.8
13351
13351.1
13351.2
13351.3
13351.5
13351.7
13351.9
13352.1
13352.3
13352.6
13352.8
13353.1
13353.5
13353.8
13354.2
13354.6
13355.1
13355.6
13356.1
13356.7
13357.3
13358
13358.8
13359.6
13360.4
13361.3
13362.3
13363.4
13364.5
13365.8
13367.1
13368.5
13370
13371.5
13373.2
13375
13376.9
13378.8
13381
13383.1
13385.7
13388.5
13391.2
13395
13399.8
13404.3
13412
13422.9
13433.2
13448.7
13474.5
13500.3
13531.3
13566.6
13617.7
13674.9
13706.2
13761.1
13803.9
13824.9
13858.3
13897.2
13915.5
13927.5
13944.2
13959.4
13963.3
13962.1
13963
13963.3
13965.6
13967.4
13961.3
13956.4
13951.9
13950.8
13952.5
13956.7
13960.5
13959.3
13958.6
13955.6
13952.2
13944.1
)
;

boundaryField
{
    inlet
    {
        type            totalPressure;
        rho             rho;
        psi             thermo:psi;
        gamma           1.4;
        p0              uniform 227527;
        value           uniform 13349.9;
    }
    outlet
    {
        type            zeroGradient;
    }
    upperWall
    {
        type            zeroGradient;
    }
    lowerWall
    {
        type            zeroGradient;
    }
    frontAndBack
    {
        type            empty;
    }
}


// ************************************************************************* //
