/*--------------------------------*- C++ -*----------------------------------*\
| =========                 |                                                 |
| \\      /  F ield         | OpenFOAM: The Open Source CFD Toolbox           |
|  \\    /   O peration     | Version:  2606                                  |
|   \\  /    A nd           | Website:  www.openfoam.com                      |
|    \\/     M anipulation  |                                                 |
\*---------------------------------------------------------------------------*/
FoamFile
{
    version     2.0;
    format      ascii;
    arch        "LSB;label=64;scalar=64";
    class       volScalarField;
    location    "0.001";
    object      epsilon;
}
// * * * * * * * * * * * * * * * * * * * * * * * * * * * * * * * * * * * * * //

dimensions      [0 2 -3 0 0 0 0];

internalField   nonuniform List<scalar> 
40000
(
23841.5
23841.2
23841.5
23841.3
23841.3
23841.2
23841.3
23841.3
23841.2
23841.3
23841.3
23841.3
23841.3
23841.3
23841.3
23841.3
23841.3
23841.3
23841.3
23841.3
23841.3
23841.3
23841.2
23841.3
23841.3
23841.3
23841.3
23841.3
23841.3
23841.3
23841.6
23843
23849.1
23869.2
23923.5
24045.7
24282.4
24687.4
25315.7
26219.3
27446.1
29041
31048.3
33513.6
36485.5
40016.1
44161.6
48982.1
54541.7
60906.9
68146.6
76330.7
85531.1
95815.7
107255
119922
133886
149213
165980
184269
204154
225730
249096
274353
301622
331041
362752
396915
433695
473276
515824
561588
610744
663442
720085
780730
845563
914714
988583
1.0669e+06
1.14958e+06
1.2366e+06
1.32787e+06
1.42236e+06
1.52057e+06
1.6213e+06
1.72462e+06
1.82729e+06
1.94757e+06
2.05388e+06
2.1598e+06
2.25205e+06
2.45568e+06
2.92617e+06
3.07964e+06
3.28727e+06
3.95806e+06
5.05794e+06
6.66047e+06
7.95073e+06
23841.2
23841.3
23841.2
23841.2
23841.3
23841.4
23841.3
23841.3
23841.3
23841.2
23841.4
23841.3
23841.3
23841.4
23841.4
23841.3
23841.3
23841.3
23841.3
23841.2
23841.3
23841.3
23841.3
23841.3
23841.3
23841.3
23841.2
23841.3
23841.4
23841.4
23841.6
23842.8
23848.4
23867.1
23916.8
24028.5
24244.7
24614.4
25187.4
26010.5
27126.7
28576.3
30399
32635.8
35330.4
38531
42289.5
46662.1
51708.1
57488.9
64065.6
71496.2
79832
89111.8
99359.9
110580
122751
135817
149695
164263
179374
194859
210509
226130
241534
256508
270894
284579
297444
309396
320432
330454
339650
347974
355393
361901
367863
373203
377822
381987
385337
389141
391518
394009
396671
398380
399931
401653
403204
404026
405943
406428
408291
410568
411804
412487
412917
415199
419480
421472
23841.3
23841.2
23841.3
23841.3
23841.2
23841.2
23841.3
23841.4
23841.4
23841.4
23841.2
23841.3
23841.3
23841.3
23841.2
23841.3
23841.3
23841.3
23841.3
23841.3
23841.2
23841.2
23841.3
23841.3
23841.2
23841.2
23841.3
23841.3
23841.1
23841.2
23841.6
23843.3
23850
23871.4
23928.2
24054.2
24295
24702.3
25328
26220
27421
28969.2
30899.5
33244.7
36035.5
39300
43062.2
47339.3
52139.8
57460.3
63283.5
69575.4
76285.6
83346.7
90676.9
98182
105762
113317
120746
127958
134878
141440
147597
153322
158595
163415
167791
171742
175288
178458
181281
183785
186010
187972
189707
191234
192584
193771
194828
195744
196554
197303
197926
198480
199004
199394
199813
200148
200450
200796
200991
201148
201405
201598
201941
202238
202761
203338
203579
203736
23841.4
23841.3
23841.4
23841.3
23841.3
23841.4
23841.3
23841.2
23841.2
23841.3
23841.4
23841.3
23841.3
23841.3
23841.3
23841.3
23841.3
23841.3
23841.3
23841.3
23841.4
23841.3
23841.2
23841.3
23841.4
23841.2
23841.2
23841.4
23841.4
23841.3
23841.6
23843.2
23849.5
23870.1
23924.9
24047
24281.5
24679.5
25292.7
26169.2
27352.1
28880.5
30791.5
33121.6
35907.7
39187.9
43001.2
47386.6
52382.2
58024.9
64348.6
71382.3
79149.6
87667.3
96946.5
106987
117781
129314
141558
154480
168031
182160
196805
211899
227364
243119
259070
275148
291242
307277
323154
338795
354106
369052
383523
397483
410899
423729
435934
447469
458359
468641
478274
487160
495641
503411
510461
517152
523269
528901
533576
541411
545773
560520
579681
588369
596486
610487
614493
619484
23841.2
23841.3
23841.3
23841.4
23841.2
23841.2
23841.3
23841.3
23841.4
23841.3
23841.3
23841.3
23841.3
23841.4
23841.3
23841.3
23841.3
23841.3
23841.3
23841.3
23841.4
23841.3
23841.2
23841
23841.1
23841.2
23841.2
23841.1
23841.3
23841.4
23841.5
23843.1
23849.5
23869.7
23923.4
24043.2
24272.6
24661.6
25260.4
26115.3
27267.7
28754.8
30611.4
32871.4
35569.1
38739.5
42418.1
46641
51443.4
56860.1
62922.7
69660.1
77095.2
85248.1
94131.1
103750
114106
125188
136978
149453
162572
176300
190582
205354
220558
236110
251920
267933
284028
300148
316167
332000
347575
362855
377698
392013
405905
419166
431824
443859
455219
466081
476190
485525
494549
502935
510378
517540
524164
530339
535708
541030
545661
557295
575519
586301
589883
592995
598908
603127
23841.4
23841.3
23841.4
23841.4
23841.5
23841.4
23841.3
23841.4
23841.3
23841.4
23841.4
23841.3
23841.3
23841.2
23841.3
23841.4
23841.3
23841.2
23841.2
23841.3
23841.1
23841.2
23841.3
23841.2
23841.1
23841.1
23841.3
23841.3
23841.1
23841.3
23841.7
23843.3
23849.6
23869.8
23922.4
24037.6
24255.2
24620.1
25176.2
25962.4
27011.7
28351.3
30003.4
31986.5
34316.4
37004.9
40060.8
43487.8
47285.2
51446.1
55956.5
60794.9
65934
71338.7
76968.4
82776.9
88714.9
94730.4
100772
106787
112729
118553
124218
129692
134944
139954
144705
149187
153396
157328
160982
164369
167504
170389
173034
175478
177698
179737
181602
183301
184847
186257
187554
188702
189797
190729
191655
192462
193188
193874
194440
194993
195531
196475
197661
198032
198404
198868
199135
199315
23841.2
23841.4
23841.3
23841.4
23841.3
23841.3
23841.3
23841.3
23841.3
23841.3
23841.3
23841.4
23841.4
23841.3
23841.4
23841.3
23841.3
23841.4
23841.4
23841.4
23841.2
23841.1
23841.2
23841.4
23841.5
23841.4
23841.2
23841.1
23841.3
23841.3
23841.7
23843.5
23850.6
23872
23925.7
24040.3
24253.1
24605.3
25138.5
25890.5
26895.4
28183.8
29784.3
31724.5
34031.9
36735
39862.5
43444.1
47508.5
52084.7
57198.6
62874.9
69132.5
75990.2
83455.8
91532.7
100219
109500
119362
129770
140688
152078
163874
176024
188449
201089
213858
226694
239494
252197
264703
277004
288982
300585
311791
322526
332774
342549
351759
360474
368729
376395
383638
390376
396630
402489
407874
412854
417401
421643
425670
429270
432619
435586
438506
440932
446180
448997
450676
453526
23841.3
23841.3
23841.3
23841.1
23841.3
23841.4
23841.3
23841.5
23841.3
23841.4
23841.4
23841.3
23841.4
23841.4
23841.2
23841.3
23841.3
23841.3
23841.3
23841.3
23841.4
23841.3
23841.3
23841.2
23841.3
23841.4
23841.5
23841.3
23841.1
23841.2
23841.4
23842
23843.9
23849.4
23862.7
23890.2
23939.1
24016.5
24128
24275.9
24459.5
24675.2
24916.8
25176.9
25447.2
25719.8
25987.3
26243.2
26482.7
26701.9
26898.5
27070.9
27219.6
27344.3
27447
27528.6
27591.4
27638.3
27675.1
27705.9
27731.6
27753
27770.7
27785.2
27797.2
27806.9
27814.9
27821.3
27826.6
27830.8
27834.2
27836.9
27839
27840.8
27842.1
27843.2
27844
27844.7
27862
27862.4
27862.7
27882.9
27883.1
27998.1
27998.2
27998.3
28057.6
28057.7
28097.3
28144.2
28144.3
28336.6
28336.6
28336.7
28336.7
28336.7
28469.4
28469.4
28469.4
28469.4
23841.3
23841.3
23841.3
23841.5
23841.4
23841.2
23841.4
23841.1
23841.4
23841.3
23841.2
23841.3
23841.3
23841.3
23841.4
23841.4
23841.3
23841.3
23841.3
23841.3
23841.3
23841.4
23841.4
23841.2
23841
23840.9
23841.2
23841.3
23841.3
23841.2
23841.6
23843.1
23848.3
23863.6
23900.3
23975.8
24111.5
24329.7
24649.7
25086
25646.8
26333.9
27143.8
28068.1
29094.5
30208.1
31391.7
32626.5
33893.3
35173.1
36447.2
37699
38912.8
40076.9
41180.1
42214.2
43176.1
44060.5
44868.8
45600.7
46259.8
46847.7
47374.9
47835.4
48244.9
48604
48917.9
49192.2
49434.6
49638.8
49819
49984.2
50112.7
50227.9
50330.3
50436.5
50482.5
50573.3
50625
50686.4
50728.2
50757.1
50811.2
50823.1
50832.1
50906.6
50940
50960.9
50965.9
50977.1
50980.7
51039.6
51042.1
51134.5
51136.2
51138.4
51224.8
51280.8
51283.1
51348.1
23841.3
23841.3
23841.3
23841.2
23841.2
23841.3
23841.2
23841.5
23841.2
23841.5
23841.4
23841.3
23841.3
23841.3
23841.3
23841.3
23841.3
23841.3
23841.3
23841.2
23841.2
23841.2
23841
23841.2
23841.6
23841.3
23841.1
23841.3
23841.2
23841.3
23841.8
23843.9
23851.4
23872.8
23923.7
24027.8
24214.2
24514.8
24960.5
25578.9
26393.5
27424.5
28688.9
30201.4
31975
34021.1
36349.4
38968.1
41883
45097.1
48610.4
52419.3
56515.8
60888.2
65519.9
70389.6
75472.5
80739
86157.1
91690.6
97305.2
102960
108618
114243
119797
125252
130573
135735
140718
145497
150066
154411
158519
162392
166028
169433
172606
175554
178291
180821
183155
185297
187270
189070
190725
192241
193612
194873
196018
197043
198008
198844
199625
200326
200968
201529
202067
202529
203025
203088
23841.3
23841.3
23841.2
23841.4
23841.4
23841.4
23841.4
23841.3
23841.4
23841.2
23841.4
23841.3
23841.4
23841.5
23841.2
23841.4
23841.3
23841.3
23841.3
23841.4
23841.1
23841.2
23841.3
23841.3
23841.3
23841.5
23841.1
23841.2
23841.2
23841.2
23841.3
23841.5
23841.9
23843.1
23845.5
23849.9
23856.5
23865.5
23876.1
23887.4
23899.7
23913
23926.9
23941.1
23955.3
23969.1
23982.4
23994.9
24006.5
24017.3
24027
24035.8
24043.7
24050.7
24056.9
24062.3
24067
24071
24074.5
24077.5
24080.1
24082.2
24084
24085.6
24086.8
24087.9
24088.8
24089.5
24090.1
24090.6
24091
24091.3
24091.5
24091.7
24091.9
24092
24092.1
24092.2
24092.3
24092.3
24092.4
24108.7
24108.7
24108.8
24108.8
24108.8
24108.9
24108.9
24108.9
24127.7
24127.7
24143.4
24143.4
24157.1
24157.1
24168.8
24168.8
24180.5
24180.5
24180.4
23841.4
23841.3
23841.3
23841.3
23841.2
23841.3
23841.2
23841.3
23841.3
23841.3
23841.1
23841.3
23841.3
23841.3
23841.2
23841.3
23841.4
23841.4
23841.3
23841.1
23841.4
23841.2
23841.5
23841.3
23840.7
23841
23841.3
23841.1
23841.2
23841.2
23841.2
23841.2
23841.3
23841.3
23841.3
23841.4
23841.4
23841.5
23841.6
23841.6
23841.7
23841.8
23841.9
23842
23842.1
23842.2
23842.2
23842.3
23842.3
23842.4
23842.4
23842.4
23842.4
23842.4
23842.5
23842.5
23842.5
23842.5
23842.5
23842.5
23842.5
23842.5
23842.5
23842.5
23842.4
23842.4
23842.3
23842.2
23842.1
23842.1
23842
23841.9
23841.8
23841.8
23841.8
23841.8
23841.8
23841.8
23841.8
23841.8
23841.8
23841.8
23841.8
23841.8
23841.8
23841.8
23841.8
23841.8
23841.8
23841.8
23841.8
23841.8
23841.9
23841.9
23841.9
23841.9
23841.9
23841.9
23841.9
23841.9
23841.3
23841.3
23841.1
23841.1
23841.4
23841.3
23841.4
23841.4
23841.4
23841.4
23841.5
23841.4
23841.3
23841.3
23841.6
23841.3
23841.4
23841.3
23841.4
23841.4
23841.2
23841.2
23840.6
23841.7
23841.6
23841.3
23841.2
23841.2
23841.2
23841.2
23841.2
23841.3
23841.3
23841.3
23841.3
23841.2
23841.3
23841.2
23841.2
23841.2
23841.2
23841.3
23841.3
23841.3
23841.3
23841.3
23841.3
23841.3
23841.3
23841.3
23841.3
23841.3
23841.3
23841.3
23841.3
23841.3
23841.3
23841.3
23841.3
23841.3
23841.3
23841.3
23841.3
23841.3
23841.3
23841.3
23841.3
23841.3
23841.3
23841.3
23841.3
23841.3
23841.3
23841.3
23841.3
23841.3
23841.3
23841.3
23841.3
23841.3
23841.3
23841.3
23841.3
23841.3
23841.3
23841.3
23841.3
23841.3
23841.3
23841.3
23841.3
23841.3
23841.3
23841.3
23841.3
23841.3
23841.3
23841.3
23841.3
23841.3
23841.4
23841.3
23841.5
23841.4
23841.2
23841.3
23841.2
23841.2
23841.2
23841.1
23841.1
23841.3
23841.4
23841.4
23841.2
23841.2
23841.3
23841.1
23841.2
23841.2
23841.1
23840.9
23840.9
23840.4
23841.2
23841.2
23841.2
23841.3
23841.2
23841.2
23841.2
23841.2
23841.3
23841.3
23841.3
23841.3
23841.3
23841.2
23841.2
23841.2
23841.2
23841.2
23841.3
23841.3
23841.3
23841.3
23841.3
23841.3
23841.3
23841.3
23841.3
23841.3
23841.3
23841.3
23841.3
23841.3
23841.3
23841.3
23841.3
23841.3
23841.3
23841.3
23841.3
23841.3
23841.3
23841.3
23841.3
23841.3
23841.3
23841.3
23841.3
23841.3
23841.3
23841.3
23841.3
23841.3
23841.3
23841.3
23841.3
23841.3
23841.3
23841.3
23841.3
23841.3
23841.3
23841.3
23841.3
23841.3
23841.3
23841.3
23841.3
23841.3
23841.3
23841.3
23841.3
23841.3
23841.3
23841.3
23841.3
23841.3
23841.1
23841.3
23841.5
23841.3
23841.4
23841.3
23841.4
23841.3
23841.5
23841.4
23841.5
23841.3
23841.3
23841.1
23841.4
23841.4
23841.3
23841.4
23841.4
23841.3
23841.4
23841.3
23841.7
23840.8
23840.5
23841.1
23841.2
23841.1
23841.2
23841.2
23841.2
23841.2
23841.3
23841.3
23841.3
23841.2
23841.3
23841.2
23841.2
23841.2
23841.2
23841.2
23841.3
23841.3
23841.3
23841.3
23841.3
23841.3
23841.3
23841.3
23841.3
23841.3
23841.3
23841.3
23841.3
23841.3
23841.3
23841.3
23841.3
23841.3
23841.3
23841.3
23841.3
23841.3
23841.3
23841.3
23841.3
23841.3
23841.3
23841.3
23841.3
23841.3
23841.3
23841.3
23841.3
23841.3
23841.3
23841.3
23841.3
23841.3
23841.3
23841.3
23841.3
23841.3
23841.3
23841.3
23841.3
23841.3
23841.3
23841.3
23841.3
23841.3
23841.3
23841.3
23841.3
23841.3
23841.3
23841.3
23841.3
23841.3
23841.3
23841.3
23841
23841.3
23841.2
23841.3
23841.2
23841.1
23841.2
23841.2
23841.2
23841.4
23841.3
23841.2
23841.3
23841.5
23841.4
23841.2
23841.1
23841.2
23841.2
23841.4
23841.1
23842.1
23841.2
23840.9
23841.2
23841.2
23841.2
23841.2
23841.2
23841.2
23841.3
23841.3
23841.2
23841.2
23841.3
23841.2
23841.2
23841.2
23841.3
23841.2
23841.3
23841.3
23841.3
23841.3
23841.3
23841.3
23841.3
23841.3
23841.3
23841.3
23841.3
23841.3
23841.3
23841.3
23841.3
23841.3
23841.3
23841.3
23841.3
23841.3
23841.3
23841.3
23841.3
23841.3
23841.3
23841.3
23841.3
23841.3
23841.3
23841.3
23841.3
23841.3
23841.4
23841.4
23841.4
23841.4
23841.4
23841.4
23841.4
23841.4
23841.4
23841.4
23841.4
23841.4
23841.4
23841.4
23841.4
23841.4
23841.4
23841.4
23841.4
23841.4
23841.4
23841.4
23841.4
23841.4
23841.4
23841.4
23841.3
23841.2
23841.4
23841.4
23841.4
23841.5
23841.4
23841.5
23841.3
23841.2
23841.4
23841.2
23841.2
23841.1
23841.3
23841.3
23841.2
23841.2
23841
23841.2
23841.2
23840.8
23840.4
23841.6
23841.1
23840.9
23841.2
23841.2
23841.2
23841.2
23841.2
23841.2
23841.3
23841.3
23841.3
23841.2
23841.2
23841.2
23841.2
23841.2
23841.3
23841.3
23841.3
23841.3
23841.3
23841.3
23841.3
23841.3
23841.3
23841.3
23841.3
23841.3
23841.3
23841.3
23841.3
23841.3
23841.3
23841.4
23841.4
23841.4
23841.4
23841.4
23841.4
23841.4
23841.4
23841.4
23841.4
23841.4
23841.4
23841.4
23841.4
23841.4
23841.4
23841.4
23841.4
23841.4
23841.4
23841.4
23841.4
23841.4
23841.4
23841.4
23841.4
23841.4
23841.4
23841.4
23841.4
23841.4
23841.4
23841.4
23841.4
23841.4
23841.4
23841.4
23841.4
23841.4
23841.4
23841.4
23841.4
23841.4
23841.2
23841.3
23841.5
23841.4
23841.3
23841.3
23841.2
23841.3
23841.5
23840.9
23841.2
23841.5
23841.4
23841.9
23841.3
23841.1
23841.5
23841.2
23841.5
23841.2
23840.8
23841.1
23841
23841.1
23841.2
23841
23841.1
23841.2
23841.1
23841.2
23841.2
23841.2
23841.2
23841.3
23841.2
23841.2
23841.2
23841.2
23841.2
23841.2
23841.2
23841.3
23841.3
23841.3
23841.3
23841.3
23841.3
23841.3
23841.3
23841.3
23841.3
23841.4
23841.4
23841.4
23841.4
23841.4
23841.4
23841.4
23841.4
23841.4
23841.4
23841.4
23841.4
23841.4
23841.4
23841.4
23841.4
23841.4
23841.4
23841.4
23841.4
23841.4
23841.4
23841.4
23841.4
23841.4
23841.4
23841.4
23841.4
23841.4
23841.4
23841.4
23841.4
23841.4
23841.4
23841.4
23841.4
23841.4
23841.4
23841.4
23841.4
23841.4
23841.4
23841.4
23841.4
23841.4
23841.4
23841.4
23841.4
23841.4
23841.3
23841.1
23841.1
23841.4
23841.3
23841.1
23841.5
23841.3
23840.5
23841.6
23841.5
23841.2
23841.2
23840.9
23841.4
23841.7
23841.1
23841.5
23841.4
23841.2
23841.4
23841
23840.8
23840.5
23841.1
23841
23840.9
23841.2
23841.2
23841.2
23841.2
23841.1
23841.2
23841.2
23841.2
23841.2
23841.2
23841.2
23841.2
23841.2
23841.3
23841.3
23841.3
23841.3
23841.3
23841.3
23841.3
23841.4
23841.4
23841.4
23841.4
23841.4
23841.4
23841.4
23841.4
23841.4
23841.4
23841.4
23841.4
23841.4
23841.4
23841.4
23841.4
23841.4
23841.4
23841.4
23841.4
23841.4
23841.5
23841.5
23841.5
23841.5
23841.5
23841.5
23841.5
23841.5
23841.5
23841.5
23841.5
23841.5
23841.5
23841.5
23841.5
23841.5
23841.5
23841.5
23841.5
23841.5
23841.5
23841.5
23841.5
23841.5
23841.5
23841.5
23841.5
23841.5
23841.5
23841.5
23841.5
23841.5
23841.3
23841
23841.6
23841.1
23841.5
23841.4
23841.6
23841.5
23841.8
23841.6
23841.4
23841.5
23841.4
23841.4
23841.2
23841
23841.5
23841.6
23841.1
23841.2
23840.6
23840.7
23841.8
23839.7
23841
23841
23840.9
23841.1
23841.2
23841.1
23841.2
23841.1
23841.1
23841.2
23841.2
23841.2
23841.2
23841.2
23841.2
23841.2
23841.3
23841.3
23841.3
23841.4
23841.4
23841.4
23841.4
23841.4
23841.4
23841.4
23841.4
23841.4
23841.5
23841.5
23841.5
23841.5
23841.5
23841.5
23841.5
23841.5
23841.5
23841.5
23841.5
23841.5
23841.5
23841.5
23841.5
23841.5
23841.5
23841.5
23841.5
23841.5
23841.5
23841.5
23841.5
23841.5
23841.5
23841.5
23841.5
23841.5
23841.5
23841.5
23841.5
23841.5
23841.5
23841.5
23841.5
23841.5
23841.5
23841.5
23841.5
23841.5
23841.5
23841.5
23841.5
23841.5
23841.5
23841.5
23841.5
23841.5
23841.2
23840.8
23841.1
23840.9
23841.2
23841.5
23840.8
23840.6
23841.3
23841
23841.4
23841.3
23841.3
23841.5
23841.5
23841.6
23841
23840.9
23841.7
23841.2
23841.1
23840.6
23841.4
23840.3
23840.8
23841
23841
23841.1
23841.2
23841.1
23841.2
23841.1
23841.1
23841.2
23841.2
23841.2
23841.2
23841.2
23841.2
23841.3
23841.3
23841.3
23841.4
23841.4
23841.5
23841.5
23841.6
23841.6
23841.6
23841.7
23841.7
23841.7
23841.7
23841.7
23841.7
23841.7
23841.7
23841.7
23841.8
23841.8
23841.8
23841.8
23841.8
23841.8
23841.8
23841.8
23841.8
23841.8
23841.8
23841.8
23841.8
23841.8
23841.8
23841.8
23841.8
23841.8
23841.8
23841.8
23841.8
23841.8
23841.8
23841.8
23841.8
23841.8
23841.8
23841.8
23841.8
23841.8
23841.8
23841.8
23841.8
23841.8
23841.8
23841.8
23841.8
23841.8
23841.8
23841.8
23841.8
23841.8
23841.3
23842.1
23841.7
23841.9
23841.3
23840.7
23841.2
23841.2
23840.9
23841.7
23841.1
23841.4
23841.3
23841
23841.2
23841.1
23841.4
23841.7
23841
23841.2
23840.7
23840.6
23839.8
23840.2
23840.7
23840.9
23840.9
23841.1
23841.1
23841.1
23841.1
23841.1
23841
23841.1
23841.2
23841.2
23841.2
23841.3
23841.3
23841.3
23841.4
23841.5
23841.6
23841.8
23841.9
23842
23842.1
23842.2
23842.3
23842.4
23842.5
23842.6
23842.7
23842.8
23842.9
23842.9
23843
23843
23843.1
23843.1
23843.2
23843.2
23843.2
23843.3
23843.3
23843.3
23843.3
23843.3
23843.4
23843.4
23843.4
23843.4
23843.4
23843.4
23843.4
23843.4
23843.4
23843.4
23843.5
23843.5
23843.5
23843.5
23843.5
23843.5
23843.5
23843.5
23843.5
23843.5
23843.5
23843.5
23843.5
23843.5
23843.5
23843.5
23843.5
23843.5
23843.5
23843.5
23843.5
23843.5
23841.4
23841.3
23840.9
23840.9
23841.1
23841.9
23841.8
23842
23841.8
23841.1
23840.8
23841.3
23841.4
23841.7
23841.4
23841.6
23841.3
23841.1
23841.8
23841.2
23841
23840.3
23838.7
23839.9
23840.6
23840.7
23840.9
23841
23841
23841
23841
23841
23841
23841
23841.1
23841.2
23841.3
23841.4
23841.6
23841.9
23842.2
23842.7
23843.3
23843.9
23844.5
23845.2
23845.8
23846.5
23847.1
23847.7
23848.3
23848.8
23849.3
23849.8
23850.2
23850.6
23850.9
23851.2
23851.5
23851.8
23852
23852.2
23852.4
23852.5
23852.7
23852.8
23852.9
23853.1
23853.1
23853.2
23853.3
23853.4
23853.4
23853.5
23853.5
23853.6
23853.6
23853.7
23853.7
23853.7
23853.8
23853.8
23853.8
23853.8
23853.8
23853.8
23853.8
23853.8
23853.8
23853.8
23853.8
23853.8
23853.7
23853.7
23853.7
23853.7
23853.7
23853.7
23853.7
23853.7
23841.2
23840.9
23840.9
23841.4
23840.7
23840.8
23840.7
23840.9
23840.8
23841.5
23841.3
23841.3
23841.3
23841
23841.2
23841.1
23841.5
23841.4
23841.4
23841.1
23840.7
23840.8
23840.3
23839.8
23839.9
23840.3
23840.8
23840.9
23840.9
23840.9
23840.9
23840.9
23840.9
23840.9
23841.2
23841.4
23841.9
23842.7
23843.8
23845.5
23847.8
23850.5
23853.8
23857.4
23861.3
23865.3
23869.4
23873.5
23877.4
23881.2
23884.7
23888
23891.1
23893.9
23896.4
23898.7
23900.8
23902.7
23904.4
23905.9
23907.2
23908.5
23909.5
23910.5
23911.4
23912.1
23912.8
23913.5
23914
23914.5
23914.9
23915.3
23915.6
23915.6
23915.6
23915.6
23915.6
23915.6
23915.6
23915.6
23915.6
23915.6
23915.6
23915.6
23915.6
23915.6
23915.6
23915.5
23915.5
23915.5
23915.5
23915.5
23915.5
23915.5
23915.5
23915.5
23915.5
23915.5
23915.5
23915.3
23841.2
23842.1
23841.6
23841.5
23841.5
23841.5
23841.7
23841.7
23841.7
23841.3
23841.8
23841.1
23841.5
23841.7
23841.4
23841.5
23841.3
23841.4
23841.9
23841.5
23840.9
23839.6
23839.9
23839.1
23839.2
23839.8
23840.4
23840.6
23840.8
23840.8
23840.7
23840.7
23840.8
23841.1
23841.8
23843.2
23845.8
23850.1
23856.6
23865.8
23878
23893.1
23910.8
23930.7
23952.3
23974.8
23997.6
24020.2
24042.1
24063
24082.5
24100.7
24117.4
24132.7
24146.5
24159
24170.1
24180.1
24189
24197
24204
24210.3
24215.9
24220.8
24225.2
24229.2
24232.6
24235.7
24238.5
24240.9
24241.1
24241.1
24241.1
24241
24241
24240.9
24240.9
24240.8
24240.8
24240.7
24240.7
24240.6
24240.6
24240.5
24240.5
24240.5
24240.4
24240.4
24240.4
24240.4
24240.3
24240.2
24240.2
24240.2
24240.1
24240
24240
24240
24239.8
24239.8
23841.4
23840.9
23841.7
23841.2
23841.6
23841.7
23841.4
23841.4
23840.9
23841.6
23840.7
23841.5
23841.3
23841
23841.3
23841.3
23841.7
23841.4
23840.3
23841
23841
23839.9
23839
23838.6
23838.6
23839.2
23839.9
23840.1
23840.2
23840.3
23840.3
23840.5
23841
23842.6
23846.1
23853.1
23865.8
23886.5
23917.6
23961.2
24018.3
24089.1
24172.5
24266.7
24369
24476.4
24585.9
24694.6
24800.3
24900.9
24995.3
25082.6
25162.5
25235
25300.2
25358.4
25410.2
25456.1
25496.7
25532.4
25563.9
25591.5
25615.9
25637.3
25656.2
25672.6
25687.3
25699.8
25699.7
25699.5
25699.2
25698.8
25698.4
25698
25697.6
25697.2
25696.8
25696.5
25696.1
25695.8
25695.5
25695.2
25694.9
25694.7
25694.4
25694.2
25694
25693.9
25693.7
25693.5
25693.4
25693.3
25693.2
25693.1
25691.9
25691.8
25691.8
25691.7
25691.6
25688
23841.2
23841.5
23840.9
23841.8
23841.1
23840.6
23841.9
23841.3
23841.6
23841.3
23841.9
23842.3
23841.4
23841.6
23841.4
23841.5
23840.5
23841.1
23841.8
23841.2
23840.8
23839.8
23836.4
23838
23838.3
23839
23839.2
23839.3
23839.6
23839.6
23839.7
23840.5
23843.4
23851
23867.2
23898.4
23952.5
24038.4
24165.2
24340.2
24568.3
24850.3
25183.6
25561.6
25975.1
26413.1
26863.6
27315
27756.4
28179.2
28576.4
28943.5
29278.3
29579.8
29848.6
30086.1
30294.4
30476.3
30634
30771.1
30889.5
30991.9
31080.5
31156.9
31222.6
31264.4
31263.3
31261.3
31258.9
31256
31253
31249.9
31246.8
31243.8
31240.8
31238
31235.4
31232.9
31230.5
31228.3
31226.3
31224.5
31222.7
31221.2
31219.7
31218.4
31217.2
31216.1
31215.1
31214.2
31213.4
31212.7
31212
31209.2
31208.7
31208.2
31207.7
31207.3
31201
31200.7
23841.2
23841.7
23841.9
23840.9
23841.7
23842.1
23841.5
23841.7
23841
23841.5
23840.9
23841.2
23841.4
23841.4
23841.3
23841.1
23840.4
23841.5
23841.3
23840.9
23839.6
23838.8
23836.5
23837.5
23837.9
23838.3
23838.5
23838.4
23838.2
23837.9
23838.7
23843.4
23857.6
23890.8
23957.8
24078.7
24278.7
24585.8
25027.4
25626.8
26399.7
27352.2
28479.4
29766
31187
32711
34301.4
35917.6
37519.5
39070.2
40538.1
41900
43139.1
44248.1
45225.3
46075.1
46805.3
47426.9
47952.8
48395.3
48766.7
49076.9
49335.8
49433.6
49425.7
49412.2
49394.9
49375.4
49354.5
49333.2
49311.9
49291.1
49271
49251.8
49233.7
49216.8
49200.9
49186.2
49172.6
49160.1
49148.5
49138
49128.3
49119.5
49111.5
49104.2
49097.5
49091.5
49086
49081.1
49076.6
49072.5
49068.8
49065.5
49062.5
49059.3
49056.9
49054.7
49052.7
49049.1
23841.6
23840.7
23840.9
23841.4
23840.8
23840.6
23840.5
23841.1
23841.6
23841.2
23841.6
23840.9
23841.4
23841.2
23841.4
23841.5
23841.7
23840.6
23841.2
23841.3
23841.6
23839
23836.9
23837.1
23837.5
23837.6
23837.4
23836.5
23835.3
23834.8
23840.3
23863.7
23925.4
24056.6
24299.1
24708.4
25352.6
26306
27641.1
29420.2
31689.8
34475.5
37777.2
41565.5
45782.4
50353.9
55185.6
60160.2
65153.1
70041.5
74712.6
79068.3
83032.9
86555.7
89612
92203.4
94354.1
96107.5
97514.3
98628.7
99508.1
99752
99699.5
99611
99499.4
99374.1
99241.9
99107.7
98975
98846.2
98723
98606.2
98496.6
98394.2
98299.3
98211.5
98130.8
98056.7
97988.8
97926.9
97870.4
97819
97772.2
97729.8
97691.4
97656.5
97625
97596.4
97570.5
97547.2
97526.1
97507.1
97485.8
97470.3
97456.3
97443.7
97432.3
97422.1
97393.3
97385
23840.9
23842.4
23841.6
23841.2
23840.4
23842.8
23842.4
23841.7
23841
23841.4
23841.3
23842.3
23841.4
23841.7
23841.4
23841.4
23842
23841.8
23841.9
23841.9
23840.1
23838.2
23836.1
23836.4
23836.6
23836.2
23835.1
23832.1
23828.4
23832.1
23864.7
23968.5
24206.4
24657
25421.9
26636.2
28466.7
31094.8
34701.6
39445.1
45450.7
52799.2
61503.3
71486.7
82581.1
94594.3
107287
120345
133449
146303
158618
170131
180600
189824
197658
204060
209084
212854
215540
216687
216390
215891
215263
214559
213819
213073
212343
211643
210982
210365
209788
209246
208740
208263
207828
207425
207055
206718
206408
206133
205864
205647
205433
205244
205076
204913
204773
204647
204537
204441
204325
204254
204159
204101
204030
203983
203916
203877
203824
203784
23842.2
23840.6
23841.4
23842.3
23842.3
23842.7
23840.7
23841
23841.8
23841.3
23841.6
23840.2
23841.3
23841.2
23841.2
23841.3
23840.8
23841.6
23840.9
23840
23839.1
23837.9
23835.5
23835.2
23835
23833.5
23829.3
23821.5
23818.4
23853.6
24006.2
24399.2
25177.4
26503
28597.9
31781.5
36465.8
43078.2
52083
63850.2
78625
96514
117514
141305
167353
195119
223952
253082
281914
309918
336681
361701
384386
404137
420465
433139
442262
448112
447678
446333
444281
441782
439069
435991
432765
429536
426402
423426
420629
418036
415653
413467
411465
409665
408015
406528
405188
403974
402887
401898
401015
400211
399491
398836
398270
397735
397284
396830
396474
396092
395819
395518
395288
395058
394820
394683
394519
394353
394232
394085
23841
23841.5
23841.1
23840.2
23841.8
23839.7
23840.3
23842.2
23840.5
23841.7
23840.6
23842.6
23841.6
23841.4
23841.4
23841.6
23842.5
23841.2
23841.1
23840
23841.2
23837.1
23834.7
23833.7
23832.5
23828
23816.6
23802.7
23826
24008
24571.9
25788.5
27908.9
31222.8
36234.4
43728.8
54697.4
70104.3
91550.7
118797
151923
191359
237060
287773
341947
398184
454769
510281
563979
615550
664784
711163
753567
790415
820084
841641
855267
854672
851119
845371
837634
828080
817741
807283
797112
787441
778382
769995
762286
755251
748859
743071
737879
733172
728958
725168
721757
718703
715957
713486
711277
709285
707509
705929
704443
703170
702017
700980
700025
699214
698426
697774
697156
696579
696128
695656
695208
694932
694552
694328
23842.3
23842
23841.9
23841.8
23840.7
23841.8
23842.7
23840.1
23842.7
23840.8
23842.6
23840.4
23841.2
23841.6
23841.4
23841.7
23840.4
23841.4
23839.2
23842.6
23838.7
23836.5
23833.6
23831.5
23827.9
23816.5
23793.5
23790
23947.1
24609.6
26255.4
29297.6
34040.4
41044.9
51548.3
67617.6
91893.5
127530
173109
227867
293483
371537
460381
555365
653045
750750
845754
936507
1.02357e+06
1.10806e+06
1.19129e+06
1.27309e+06
1.3504e+06
1.41835e+06
1.47233e+06
1.50909e+06
1.52783e+06
1.52294e+06
1.5131e+06
1.49862e+06
1.47865e+06
1.45607e+06
1.43299e+06
1.41013e+06
1.38813e+06
1.36725e+06
1.34765e+06
1.32939e+06
1.31245e+06
1.29706e+06
1.28317e+06
1.27067e+06
1.2594e+06
1.24929e+06
1.24019e+06
1.23201e+06
1.22465e+06
1.21806e+06
1.21212e+06
1.2068e+06
1.20201e+06
1.19771e+06
1.19383e+06
1.19036e+06
1.18728e+06
1.18448e+06
1.1819e+06
1.17966e+06
1.17765e+06
1.17581e+06
1.17416e+06
1.17266e+06
1.17134e+06
1.17017e+06
1.16914e+06
1.16805e+06
1.16729e+06
1.16642e+06
1.16581e+06
1.165e+06
23841.7
23840.2
23840.7
23841.8
23842
23842
23841.8
23843.3
23839.6
23840.4
23841
23841.9
23841.6
23840.8
23840.9
23842.4
23841.6
23841
23841.5
23839.7
23840.3
23836
23832
23828.1
23819.1
23795.1
23763.8
23841.7
24431.2
26255.7
30017
36025.3
44659.3
57407.2
77719
111100
162447
230498
311973
408615
526866
664590
813982
967814
1.12085e+06
1.2686e+06
1.40812e+06
1.54065e+06
1.66697e+06
1.79513e+06
1.93111e+06
2.0754e+06
2.22167e+06
2.35817e+06
2.47208e+06
2.55336e+06
2.59947e+06
2.59802e+06
2.58333e+06
2.55887e+06
2.52662e+06
2.49125e+06
2.45501e+06
2.41909e+06
2.38412e+06
2.35059e+06
2.31863e+06
2.28848e+06
2.26031e+06
2.23416e+06
2.21009e+06
2.18794e+06
2.16764e+06
2.14907e+06
2.13209e+06
2.11657e+06
2.10246e+06
2.08957e+06
2.07784e+06
2.06722e+06
2.05756e+06
2.04885e+06
2.04093e+06
2.03374e+06
2.02727e+06
2.0214e+06
2.0161e+06
2.01142e+06
2.00704e+06
2.00321e+06
1.99961e+06
1.9965e+06
1.99374e+06
1.99121e+06
1.98862e+06
1.98685e+06
1.98478e+06
1.98314e+06
1.98176e+06
1.98026e+06
23841.7
23842.4
23842.7
23840.6
23841.5
23840.3
23839.9
23840.1
23842.8
23840.1
23840.4
23841.5
23841.3
23842.5
23842.3
23840.5
23842.1
23842.4
23842.6
23841.5
23838.9
23834.8
23830.7
23822.5
23803.5
23762.4
23754.2
24104.5
25668.1
29518.6
36149.2
45615.1
59144.5
80971.3
118530
180792
272312
385962
518534
675296
864538
1.07576e+06
1.29764e+06
1.52e+06
1.73365e+06
1.93313e+06
2.11523e+06
2.28429e+06
2.45057e+06
2.63e+06
2.8347e+06
3.06786e+06
3.32119e+06
3.57418e+06
3.80211e+06
3.98486e+06
4.11315e+06
4.18752e+06
4.20278e+06
4.1874e+06
4.16383e+06
4.13775e+06
4.11059e+06
4.08358e+06
4.05502e+06
4.02503e+06
3.99451e+06
3.96382e+06
3.93333e+06
3.90329e+06
3.87387e+06
3.84535e+06
3.81792e+06
3.79163e+06
3.76662e+06
3.74296e+06
3.72057e+06
3.69946e+06
3.67953e+06
3.66071e+06
3.64341e+06
3.62721e+06
3.61263e+06
3.59899e+06
3.58667e+06
3.57553e+06
3.56533e+06
3.55619e+06
3.54785e+06
3.54068e+06
3.53416e+06
3.52822e+06
3.52269e+06
3.51785e+06
3.51367e+06
3.50977e+06
3.5062e+06
3.50305e+06
3.50037e+06
3.49807e+06
23842.8
23840.7
23841.5
23840.8
23841.4
23842.2
23842.3
23841.4
23840.9
23840.8
23845.3
23840.2
23841.4
23841.4
23842
23838.1
23841.5
23840.2
23840.5
23840.9
23840.3
23834.9
23828
23813.8
23779.4
23724.9
23820.9
24771.7
27883.6
34145.6
43537.5
56709.3
77247.2
112308
173716
276053
422301
600061
804099
1.04173e+06
1.31181e+06
1.6049e+06
1.9058e+06
2.2013e+06
2.47937e+06
2.73068e+06
2.95282e+06
3.15122e+06
3.33884e+06
3.53384e+06
3.75497e+06
4.01313e+06
4.30651e+06
4.62419e+06
4.94715e+06
5.25537e+06
5.53366e+06
5.77389e+06
5.97429e+06
6.13722e+06
6.2667e+06
6.36696e+06
6.44132e+06
6.49274e+06
6.52561e+06
6.52656e+06
6.5227e+06
6.51544e+06
6.50539e+06
6.49312e+06
6.47921e+06
6.46412e+06
6.44674e+06
6.4281e+06
6.40897e+06
6.38967e+06
6.37065e+06
6.3521e+06
6.33441e+06
6.3176e+06
6.30159e+06
6.2868e+06
6.2728e+06
6.25989e+06
6.24784e+06
6.23679e+06
6.22686e+06
6.21745e+06
6.20916e+06
6.20135e+06
6.19374e+06
6.18786e+06
6.18173e+06
6.17607e+06
6.17166e+06
6.16695e+06
6.16354e+06
6.15986e+06
6.15626e+06
6.15325e+06
23841.3
23841.6
23841.4
23842.5
23841.7
23840.1
23841.5
23843.4
23839.6
23843.8
23838.4
23843.8
23841.2
23845.5
23844.3
23839.2
23841.3
23842.7
23843
23841
23838.2
23831.2
23823.3
23801.2
23747.7
23701.6
24041.2
25911.4
30780.1
39218.6
51380.9
69265.1
98637.4
149120
239410
393358
615502
884484
1.1832e+06
1.51216e+06
1.87024e+06
2.25092e+06
2.63496e+06
3.00407e+06
3.34477e+06
3.64743e+06
3.90723e+06
4.12586e+06
4.31215e+06
4.47762e+06
4.63554e+06
4.79796e+06
4.97459e+06
5.17482e+06
5.40424e+06
5.663e+06
5.94892e+06
6.25771e+06
6.58318e+06
6.91792e+06
7.25439e+06
7.58527e+06
7.90407e+06
8.20511e+06
8.48398e+06
8.73703e+06
8.96351e+06
9.16345e+06
9.33783e+06
9.48838e+06
9.61725e+06
9.72673e+06
9.81921e+06
9.89697e+06
9.96196e+06
1.00162e+07
1.00613e+07
1.00987e+07
1.01295e+07
1.01551e+07
1.01762e+07
1.01936e+07
1.02078e+07
1.02196e+07
1.02293e+07
1.02373e+07
1.02435e+07
1.02488e+07
1.02532e+07
1.02568e+07
1.02599e+07
1.02619e+07
1.0264e+07
1.0266e+07
1.02663e+07
1.02663e+07
1.02662e+07
1.02661e+07
1.0266e+07
1.02659e+07
23843.2
23841.5
23839.7
23843
23840.3
23840.6
23838.7
23838.4
23844.8
23839.4
23840.1
23838.2
23842.6
23839.8
23841.2
23847.1
23842.3
23840.6
23837.6
23843.2
23840.6
23831.2
23808.8
23783.4
23712.5
23712.7
24453
27395.2
33942
44525.4
59839.6
82788.2
120403
185356
304585
520666
850805
1.24351e+06
1.65505e+06
2.09613e+06
2.56158e+06
3.04516e+06
3.52299e+06
3.97401e+06
4.38596e+06
4.74604e+06
5.04834e+06
5.29075e+06
5.47868e+06
5.62027e+06
5.72368e+06
5.79771e+06
5.85715e+06
5.91413e+06
5.97842e+06
6.05772e+06
6.15777e+06
6.28258e+06
6.43466e+06
6.61277e+06
6.81466e+06
7.03752e+06
7.27744e+06
7.53011e+06
7.79078e+06
8.05473e+06
8.31763e+06
8.5756e+06
8.82544e+06
9.06473e+06
9.29167e+06
9.50505e+06
9.70427e+06
9.88907e+06
1.00596e+07
1.02162e+07
1.03596e+07
1.04903e+07
1.06093e+07
1.07173e+07
1.08152e+07
1.09038e+07
1.09839e+07
1.10562e+07
1.11214e+07
1.11802e+07
1.12333e+07
1.12811e+07
1.13241e+07
1.13629e+07
1.13978e+07
1.14292e+07
1.14574e+07
1.14829e+07
1.15058e+07
1.15264e+07
1.1545e+07
1.15617e+07
1.15767e+07
1.15902e+07
23841.9
23840.3
23843
23842.1
23841.4
23840.2
23844.3
23843.3
23838.7
23839
23846.5
23843.6
23838.6
23839.2
23837.3
23843.7
23840.4
23840.7
23839
23837.9
23837.1
23827.9
23794.8
23761.3
23679.9
23780.6
25037.7
29102.4
37299.2
50107.7
68465.9
95336.4
138806
214125
358130
639160
1.10026e+06
1.65345e+06
2.20969e+06
2.78771e+06
3.38446e+06
3.99321e+06
4.58493e+06
5.13787e+06
5.63486e+06
6.05918e+06
6.40354e+06
6.66746e+06
6.85528e+06
6.97452e+06
7.02013e+06
7.00124e+06
6.96864e+06
6.92882e+06
6.88871e+06
6.85474e+06
6.83095e+06
6.81961e+06
6.84032e+06
6.88504e+06
6.95441e+06
7.04803e+06
7.1645e+06
7.30085e+06
7.4538e+06
7.61988e+06
7.79512e+06
7.97597e+06
8.15923e+06
8.34205e+06
8.52197e+06
8.69705e+06
8.86568e+06
9.02671e+06
9.17931e+06
9.323e+06
9.45754e+06
9.58285e+06
9.69908e+06
9.80649e+06
9.90546e+06
9.99634e+06
1.00796e+07
1.01558e+07
1.02252e+07
1.02885e+07
1.03462e+07
1.03985e+07
1.0446e+07
1.04891e+07
1.05281e+07
1.05635e+07
1.05954e+07
1.06244e+07
1.06505e+07
1.06742e+07
1.06954e+07
1.07147e+07
1.0732e+07
1.07478e+07
23843
23841.7
23843.6
23838.9
23838.3
23841.7
23840.4
23842.8
23839.5
23846.4
23838.5
23843.2
23845.7
23843.8
23844.1
23834.9
23842.1
23840.2
23845.8
23836.8
23838
23828.8
23778.3
23737.2
23654.9
23919.8
25775
31012.2
40860.1
55791
76556.3
105653
151439
229722
383755
712334
1.31346e+06
2.08587e+06
2.83179e+06
3.56975e+06
4.31676e+06
5.06973e+06
5.79674e+06
6.47129e+06
7.06906e+06
7.56818e+06
7.95857e+06
8.23965e+06
8.42069e+06
8.45705e+06
8.41512e+06
8.34485e+06
8.24408e+06
8.11854e+06
7.98245e+06
7.84748e+06
7.72374e+06
7.61913e+06
7.539e+06
7.48665e+06
7.46411e+06
7.46194e+06
7.49491e+06
7.55258e+06
7.63279e+06
7.73223e+06
7.84729e+06
7.97447e+06
8.11027e+06
8.25154e+06
8.3955e+06
8.53971e+06
8.68212e+06
8.82106e+06
8.95522e+06
9.08364e+06
9.20563e+06
9.32074e+06
9.42877e+06
9.52964e+06
9.62341e+06
9.71027e+06
9.79047e+06
9.86428e+06
9.93206e+06
9.99416e+06
1.00509e+07
1.01027e+07
1.01499e+07
1.01929e+07
1.0232e+07
1.02675e+07
1.02996e+07
1.03288e+07
1.03552e+07
1.03791e+07
1.04007e+07
1.04203e+07
1.0438e+07
1.0454e+07
23842.1
23841.1
23837.7
23842.4
23841.7
23844.9
23837.4
23837
23846.6
23839.4
23839.2
23836
23838.5
23840.7
23844.2
23839
23837.3
23843.6
23839
23840.4
23838.2
23822.2
23773.9
23712.5
23643.5
24134.8
26652.2
33090.3
44553.1
61441.9
84017.2
114073
158807
232530
377053
710009
1.42155e+06
2.47807e+06
3.50127e+06
4.41713e+06
5.33971e+06
6.24511e+06
7.12042e+06
7.93169e+06
8.63958e+06
9.21645e+06
9.64794e+06
9.93572e+06
1.00706e+07
1.00234e+07
9.93259e+06
9.78895e+06
9.59581e+06
9.37322e+06
9.13962e+06
8.90872e+06
8.69265e+06
8.49975e+06
8.33551e+06
8.2033e+06
8.10436e+06
8.03847e+06
8.00403e+06
7.99642e+06
8.0177e+06
8.0627e+06
8.12844e+06
8.21122e+06
8.30744e+06
8.41372e+06
8.52698e+06
8.64449e+06
8.76389e+06
8.88316e+06
9.00066e+06
9.11509e+06
9.22542e+06
9.33091e+06
9.43103e+06
9.52548e+06
9.61408e+06
9.69681e+06
9.77373e+06
9.84498e+06
9.91078e+06
9.97137e+06
1.0027e+07
1.0078e+07
1.01247e+07
1.01673e+07
1.02061e+07
1.02415e+07
1.02736e+07
1.03028e+07
1.03293e+07
1.03533e+07
1.03751e+07
1.03948e+07
1.04127e+07
1.04288e+07
23843.3
23842.8
23841.2
23844.7
23844.6
23838.5
23845.5
23844.6
23838.7
23835.8
23847.5
23845.9
23839.5
23836.1
23834.1
23848.8
23841.6
23847.8
23841.5
23846.1
23833.6
23822.7
23769.9
23690.8
23664.6
24426.2
27630.9
35247.5
48263.7
66855.9
90762.7
120686
161784
227838
353223
651577
1.36543e+06
2.6719e+06
4.12523e+06
5.28579e+06
6.42419e+06
7.51337e+06
8.55342e+06
9.51748e+06
1.03474e+07
1.10078e+07
1.14828e+07
1.17845e+07
1.17964e+07
1.17122e+07
1.15605e+07
1.13254e+07
1.10367e+07
1.07193e+07
1.03927e+07
1.00719e+07
9.76941e+06
9.49443e+06
9.25283e+06
9.04813e+06
8.88192e+06
8.75428e+06
8.66402e+06
8.60869e+06
8.58528e+06
8.58249e+06
8.61142e+06
8.66162e+06
8.72959e+06
8.81173e+06
8.90467e+06
9.00536e+06
9.1111e+06
9.21954e+06
9.3287e+06
9.43688e+06
9.54283e+06
9.64539e+06
9.74389e+06
9.83768e+06
9.92645e+06
1.00099e+07
1.00881e+07
1.01609e+07
1.02285e+07
1.0291e+07
1.03487e+07
1.04018e+07
1.04505e+07
1.04951e+07
1.05358e+07
1.0573e+07
1.06069e+07
1.06378e+07
1.06659e+07
1.06913e+07
1.07145e+07
1.07353e+07
1.07544e+07
1.07717e+07
23844.5
23839.5
23845.6
23837
23838.5
23841.6
23842.1
23843.9
23837.5
23845.9
23838.5
23844.5
23848.6
23848.2
23844.2
23839.9
23843.2
23835.4
23846.6
23836.3
23836
23819.5
23764.4
23669.5
23691.4
24760.4
28702.4
37483.1
52018.4
72252.5
97356.8
126951
163000
219730
319836
552091
1.15893e+06
2.51808e+06
4.4717e+06
6.1435e+06
7.53286e+06
8.8737e+06
1.01029e+07
1.12392e+07
1.22033e+07
1.29497e+07
1.34645e+07
1.37461e+07
1.36905e+07
1.35496e+07
1.33071e+07
1.29756e+07
1.259e+07
1.21788e+07
1.17656e+07
1.13661e+07
1.09917e+07
1.06508e+07
1.03488e+07
1.00883e+07
9.87046e+06
9.69483e+06
9.55996e+06
9.46373e+06
9.40303e+06
9.37433e+06
9.36701e+06
9.39038e+06
9.43414e+06
9.49517e+06
9.57006e+06
9.65553e+06
9.74863e+06
9.84672e+06
9.94755e+06
1.00492e+07
1.01502e+07
1.02491e+07
1.03451e+07
1.04372e+07
1.05251e+07
1.06083e+07
1.06867e+07
1.07601e+07
1.08285e+07
1.0892e+07
1.09509e+07
1.10052e+07
1.10552e+07
1.11011e+07
1.11432e+07
1.11817e+07
1.12167e+07
1.12488e+07
1.12779e+07
1.13045e+07
1.13285e+07
1.13505e+07
1.13702e+07
1.13882e+07
23844
23840.9
23839.2
23838.4
23839.4
23843.6
23835.1
23835.3
23846.8
23842.2
23836.9
23833.5
23836.8
23840.3
23851.1
23834
23847.9
23845.6
23838.1
23844.4
23833.9
23812.6
23755.8
23654.8
23760.5
25173.4
29864.1
39812.2
55813.9
77497.6
103540
132525
166531
214222
293575
463100
912023
2.08699e+06
4.31043e+06
6.76894e+06
8.62768e+06
1.02922e+07
1.17846e+07
1.31091e+07
1.42037e+07
1.50206e+07
1.55551e+07
1.57939e+07
1.56933e+07
1.54976e+07
1.51709e+07
1.47582e+07
1.42976e+07
1.38183e+07
1.33432e+07
1.28893e+07
1.24659e+07
1.20796e+07
1.17343e+07
1.14317e+07
1.11728e+07
1.09568e+07
1.07823e+07
1.06468e+07
1.05475e+07
1.04812e+07
1.0445e+07
1.04313e+07
1.043e+07
1.04601e+07
1.05046e+07
1.05609e+07
1.06267e+07
1.06996e+07
1.07775e+07
1.08584e+07
1.09406e+07
1.10227e+07
1.11036e+07
1.11824e+07
1.12584e+07
1.13311e+07
1.14002e+07
1.14654e+07
1.15266e+07
1.15839e+07
1.16371e+07
1.16865e+07
1.17322e+07
1.17743e+07
1.1813e+07
1.18485e+07
1.18811e+07
1.19107e+07
1.19378e+07
1.19626e+07
1.19851e+07
1.20055e+07
1.2024e+07
1.20409e+07
23842.4
23844.3
23837.3
23846.1
23847.1
23838.6
23843.5
23843.1
23840.6
23834.5
23849.4
23843.6
23836.4
23832.3
23837.5
23851
23834.1
23846.3
23845.8
23843.4
23844
23815.2
23746.9
23644.5
23838.9
25605.6
31084.2
42177
59534.6
82422
109309
137965
170759
211853
274573
392602
687536
1.51629e+06
3.5631e+06
6.72255e+06
9.6691e+06
1.17353e+07
1.35572e+07
1.51254e+07
1.63254e+07
1.71898e+07
1.77433e+07
1.78995e+07
1.77781e+07
1.75457e+07
1.71735e+07
1.67164e+07
1.62163e+07
1.57011e+07
1.51919e+07
1.47048e+07
1.42501e+07
1.38343e+07
1.34581e+07
1.31226e+07
1.28274e+07
1.25725e+07
1.23561e+07
1.21766e+07
1.20319e+07
1.19195e+07
1.18369e+07
1.17808e+07
1.17481e+07
1.17328e+07
1.17272e+07
1.17456e+07
1.1776e+07
1.18158e+07
1.18629e+07
1.19154e+07
1.19715e+07
1.203e+07
1.20894e+07
1.21487e+07
1.22072e+07
1.22642e+07
1.23191e+07
1.23715e+07
1.24214e+07
1.24684e+07
1.25126e+07
1.25539e+07
1.25921e+07
1.26278e+07
1.26607e+07
1.2691e+07
1.27188e+07
1.27445e+07
1.27678e+07
1.27892e+07
1.28087e+07
1.28265e+07
1.28429e+07
1.28575e+07
23843.8
23840.7
23845.3
23841.9
23841.1
23843.5
23845.1
23848.1
23838.5
23846.1
23842.4
23849.2
23851.6
23848.4
23831.8
23848
23843.2
23835.5
23841.3
23837.3
23824.8
23813
23739.1
23641
23950.8
26090.2
32338.9
44535.6
63160.6
87227.5
114489
143968
175759
211250
260655
342512
523840
1.0261e+06
2.48827e+06
5.81495e+06
1.00834e+07
1.31157e+07
1.52672e+07
1.71458e+07
1.85588e+07
1.94478e+07
2.0017e+07
2.01424e+07
2.00113e+07
1.97655e+07
1.93883e+07
1.89237e+07
1.84074e+07
1.78728e+07
1.73403e+07
1.68242e+07
1.63369e+07
1.58823e+07
1.54618e+07
1.50783e+07
1.4733e+07
1.4426e+07
1.41572e+07
1.39256e+07
1.37298e+07
1.35681e+07
1.34378e+07
1.33364e+07
1.32612e+07
1.32093e+07
1.31778e+07
1.31623e+07
1.31553e+07
1.3168e+07
1.3191e+07
1.32221e+07
1.32594e+07
1.33011e+07
1.3346e+07
1.33927e+07
1.34402e+07
1.34877e+07
1.35346e+07
1.35801e+07
1.3624e+07
1.3666e+07
1.37058e+07
1.37433e+07
1.37786e+07
1.38115e+07
1.38421e+07
1.38705e+07
1.38968e+07
1.39206e+07
1.39432e+07
1.39634e+07
1.39819e+07
1.39991e+07
1.40144e+07
1.40287e+07
23845.4
23838.9
23844.6
23835.5
23835.6
23842
23836.6
23836.1
23846.2
23847
23831.8
23833.3
23843.3
23848.9
23847.7
23831
23852.2
23847.3
23839.4
23846.7
23822.8
23804.6
23733.6
23641.6
24078.3
26605
33628.7
46897.4
66665.9
91735.1
119704
150160
181576
214452
254173
312617
421559
687565
1.45831e+06
3.78173e+06
8.76049e+06
1.38479e+07
1.68889e+07
1.90672e+07
2.07868e+07
2.18547e+07
2.24641e+07
2.26693e+07
2.25525e+07
2.23048e+07
2.19534e+07
2.14961e+07
2.09648e+07
2.03987e+07
1.98226e+07
1.92528e+07
1.8701e+07
1.81769e+07
1.76858e+07
1.72311e+07
1.68151e+07
1.6439e+07
1.61029e+07
1.58067e+07
1.555e+07
1.53317e+07
1.51494e+07
1.50007e+07
1.48828e+07
1.47932e+07
1.47286e+07
1.46862e+07
1.46629e+07
1.4652e+07
1.46487e+07
1.46657e+07
1.46917e+07
1.47248e+07
1.4763e+07
1.4805e+07
1.48493e+07
1.48948e+07
1.49406e+07
1.4986e+07
1.50305e+07
1.50734e+07
1.51146e+07
1.51539e+07
1.5191e+07
1.52259e+07
1.52585e+07
1.52889e+07
1.5317e+07
1.53432e+07
1.53671e+07
1.53894e+07
1.54097e+07
1.54282e+07
1.54451e+07
1.5461e+07
23842.4
23845
23835.8
23842.4
23844.5
23842.9
23842.4
23836.3
23838.8
23832.7
23843.4
23834.2
23830.2
23830.1
23852.6
23842.3
23830.8
23840.5
23842.2
23840.9
23845.7
23798.4
23728.5
23648.3
24230.6
27163.7
34925.4
49180.8
69926.6
95738.5
124416
155640
187223
219193
253250
297933
365787
500576
840206
1.86902e+06
5.171e+06
1.22079e+07
1.81336e+07
2.08717e+07
2.30271e+07
2.44876e+07
2.53173e+07
2.57548e+07
2.5658e+07
2.54072e+07
2.50408e+07
2.45522e+07
2.39521e+07
2.32903e+07
2.26033e+07
2.19218e+07
2.12602e+07
2.06278e+07
2.00312e+07
1.94731e+07
1.89577e+07
1.84885e+07
1.80666e+07
1.76918e+07
1.7363e+07
1.70789e+07
1.68371e+07
1.66349e+07
1.64697e+07
1.63383e+07
1.62374e+07
1.61639e+07
1.61144e+07
1.60858e+07
1.60733e+07
1.60691e+07
1.60851e+07
1.61112e+07
1.61452e+07
1.61851e+07
1.62292e+07
1.62761e+07
1.63245e+07
1.63734e+07
1.6422e+07
1.64697e+07
1.6516e+07
1.65604e+07
1.66027e+07
1.66428e+07
1.66805e+07
1.67158e+07
1.67487e+07
1.67793e+07
1.68077e+07
1.68336e+07
1.68581e+07
1.68799e+07
1.69001e+07
1.69186e+07
23843.6
23840.7
23838.5
23843.6
23848.1
23845.6
23843.2
23849.8
23840.2
23838.6
23851.7
23848.7
23842.9
23835.3
23833.8
23856.5
23830.1
23838
23842.9
23850.3
23834.3
23795.3
23726.3
23661.6
24395.8
27730.1
36197.8
51382.8
72986.8
99365.2
129239
160979
192936
224818
257049
293431
341227
414771
564648
944709
2.09717e+06
6.09501e+06
1.53059e+07
2.18874e+07
2.55255e+07
2.7554e+07
2.89188e+07
2.96382e+07
2.95513e+07
2.92484e+07
2.87873e+07
2.81577e+07
2.73931e+07
2.65557e+07
2.56901e+07
2.48381e+07
2.40213e+07
2.32459e+07
2.25183e+07
2.18366e+07
2.12045e+07
2.06243e+07
2.00995e+07
1.96326e+07
1.92225e+07
1.88663e+07
1.85607e+07
1.83026e+07
1.80886e+07
1.7915e+07
1.77782e+07
1.76745e+07
1.76006e+07
1.7553e+07
1.75287e+07
1.75193e+07
1.7519e+07
1.75435e+07
1.75783e+07
1.76213e+07
1.76706e+07
1.7724e+07
1.77804e+07
1.78383e+07
1.78966e+07
1.79544e+07
1.8011e+07
1.80658e+07
1.81183e+07
1.81685e+07
1.82158e+07
1.82606e+07
1.83023e+07
1.83412e+07
1.83774e+07
1.8411e+07
1.84416e+07
1.84702e+07
1.84964e+07
1.85204e+07
23842.1
23839.7
23847.8
23837.8
23837.2
23834.6
23837.8
23845.1
23840
23853.4
23836.8
23841.6
23854.6
23855.5
23830.2
23843.4
23849.9
23840.3
23847.7
23843.6
23811.3
23795.5
23724.4
23684.2
24585.8
28341
37484
53442.6
75953.7
103018
133798
165931
198288
230487
262375
294526
332123
378915
452365
598927
962092
2.07788e+06
6.23847e+06
1.78682e+07
2.73023e+07
3.14579e+07
3.34158e+07
3.45482e+07
3.43983e+07
3.38764e+07
3.31805e+07
3.22394e+07
3.11998e+07
3.01239e+07
2.90611e+07
2.80258e+07
2.70431e+07
2.61052e+07
2.52201e+07
2.43942e+07
2.3633e+07
2.2929e+07
2.2289e+07
2.17177e+07
2.12171e+07
2.0783e+07
2.04128e+07
2.00997e+07
1.98391e+07
1.96266e+07
1.94577e+07
1.93282e+07
1.92343e+07
1.91721e+07
1.91377e+07
1.91229e+07
1.91193e+07
1.91458e+07
1.91868e+07
1.92395e+07
1.93007e+07
1.93687e+07
1.9441e+07
1.95161e+07
1.95923e+07
1.96683e+07
1.97434e+07
1.98163e+07
1.98871e+07
1.99543e+07
2.00188e+07
2.00791e+07
2.01361e+07
2.01895e+07
2.02389e+07
2.02852e+07
2.03276e+07
2.03668e+07
2.04028e+07
2.04364e+07
23842.2
23842.9
23844.1
23842.9
23835.5
23835.1
23841.9
23831.7
23835.8
23845.8
23830.5
23836.2
23840.4
23849.3
23848.3
23827.2
23855.3
23833.2
23842.6
23826
23831
23789.4
23723.6
23714.6
24779.5
28937.6
38704.6
55406.8
78596.8
106367
137878
170509
203326
235917
267926
299178
330782
366762
411132
480319
616130
958706
2.04963e+06
6.3545e+06
2.04457e+07
3.38804e+07
3.88284e+07
4.03686e+07
3.97655e+07
3.90104e+07
3.79569e+07
3.66372e+07
3.52908e+07
3.39906e+07
3.27807e+07
3.16271e+07
3.05163e+07
2.94281e+07
2.83816e+07
2.73826e+07
2.645e+07
2.55933e+07
2.48192e+07
2.41337e+07
2.35381e+07
2.30289e+07
2.26e+07
2.22436e+07
2.19515e+07
2.17161e+07
2.15309e+07
2.13904e+07
2.12897e+07
2.1225e+07
2.11926e+07
2.11772e+07
2.11754e+07
2.12152e+07
2.12725e+07
2.13442e+07
2.14274e+07
2.15192e+07
2.16173e+07
2.17192e+07
2.18233e+07
2.19277e+07
2.20313e+07
2.21325e+07
2.22306e+07
2.2325e+07
2.24147e+07
2.25004e+07
2.25807e+07
2.2656e+07
2.27268e+07
2.27919e+07
2.28531e+07
2.29086e+07
2.29616e+07
2.30084e+07
23843.6
23840.4
23834.5
23841.4
23847.4
23843.5
23838
23839.6
23849.2
23830.2
23844
23846.6
23827.6
23827.3
23854.1
23833.4
23842
23848
23846.6
23834.9
23846.8
23784.7
23723.7
23754
24987.5
29522.9
39867.3
57271.8
81087.4
109677
141742
174820
208084
241008
273145
304059
333715
363884
397493
438814
503577
631832
961293
2.03163e+06
6.27923e+06
2.20194e+07
4.06848e+07
4.65382e+07
4.52735e+07
4.41754e+07
4.27684e+07
4.11846e+07
3.9632e+07
3.82241e+07
3.69763e+07
3.58104e+07
3.46582e+07
3.34728e+07
3.22732e+07
3.10893e+07
2.9947e+07
2.88941e+07
2.79419e+07
2.71056e+07
2.63923e+07
2.57972e+07
2.531e+07
2.49177e+07
2.46065e+07
2.43642e+07
2.41804e+07
2.40465e+07
2.39555e+07
2.39021e+07
2.38718e+07
2.3859e+07
2.38965e+07
2.39589e+07
2.40425e+07
2.41442e+07
2.42604e+07
2.43883e+07
2.45247e+07
2.46671e+07
2.48128e+07
2.49595e+07
2.5105e+07
2.52483e+07
2.53877e+07
2.55221e+07
2.56511e+07
2.57727e+07
2.58894e+07
2.59983e+07
2.61001e+07
2.61957e+07
2.62835e+07
2.63667e+07
2.64412e+07
2.65111e+07
23846
23843.4
23838.8
23841.4
23849.3
23848.9
23839.8
23852.6
23849.8
23836.8
23854.6
23841.4
23838.3
23831.2
23842.5
23851.4
23826.7
23852.8
23832.9
23853.5
23818.9
23786.7
23724.3
23798.9
25192.9
30092.2
40973.1
59023.5
83426.4
112804
145289
178823
212533
245621
277735
308491
337580
365188
393743
424839
463988
525147
647167
959069
1.94049e+06
5.58714e+06
2.00992e+07
4.47351e+07
5.03961e+07
4.89431e+07
4.74464e+07
4.59091e+07
4.43877e+07
4.31061e+07
4.20015e+07
4.09055e+07
3.97279e+07
3.84472e+07
3.70584e+07
3.56236e+07
3.42147e+07
3.28839e+07
3.16792e+07
3.06347e+07
2.97696e+07
2.90803e+07
2.85477e+07
2.81468e+07
2.78529e+07
2.76453e+07
2.75025e+07
2.74113e+07
2.73552e+07
2.73228e+07
2.73098e+07
2.73648e+07
2.74487e+07
2.75592e+07
2.76941e+07
2.78508e+07
2.80261e+07
2.8217e+07
2.84197e+07
2.86314e+07
2.88479e+07
2.90669e+07
2.92854e+07
2.9501e+07
2.97117e+07
2.99159e+07
3.0112e+07
3.03004e+07
3.04772e+07
3.06452e+07
3.08035e+07
3.09502e+07
3.10888e+07
3.12153e+07
3.13342e+07
3.1443e+07
23844.3
23840.7
23849.3
23848.8
23836.7
23845.6
23839.7
23843.5
23837.7
23855.6
23842.9
23846.3
23857.5
23854.9
23826.7
23854.8
23833.6
23844.9
23838.4
23848.4
23805.6
23783.8
23725.9
23847.7
25401.9
30637.4
42010.7
60604
85476.9
115623
148538
182616
216739
249856
281616
312226
341159
368267
394002
420821
450112
486871
544334
657091
933080
1.75094e+06
4.57298e+06
1.65444e+07
4.57592e+07
5.31634e+07
5.21979e+07
5.09755e+07
4.99902e+07
4.91882e+07
4.83019e+07
4.72716e+07
4.59726e+07
4.44781e+07
4.27766e+07
4.09662e+07
3.91319e+07
3.7383e+07
3.58076e+07
3.44698e+07
3.3401e+07
3.25982e+07
3.20352e+07
3.16739e+07
3.14708e+07
3.13808e+07
3.13394e+07
3.13261e+07
3.13385e+07
3.14362e+07
3.15567e+07
3.17008e+07
3.18705e+07
3.20675e+07
3.2293e+07
3.25463e+07
3.28263e+07
3.31293e+07
3.34523e+07
3.379e+07
3.4138e+07
3.44922e+07
3.48477e+07
3.52009e+07
3.55479e+07
3.58863e+07
3.62133e+07
3.65268e+07
3.68254e+07
3.71092e+07
3.73758e+07
3.76271e+07
3.78592e+07
3.80795e+07
3.828e+07
3.84687e+07
23844.6
23841
23844.4
23841
23834.3
23837
23846.6
23829.4
23839.2
23851.9
23827.2
23847.9
23851.2
23854.9
23832.2
23844.3
23855.4
23829.5
23863.3
23830.2
23823.9
23783.8
23728.4
23897
25603.7
31160.9
42985.4
62082.7
87551.5
118232
151578
186200
220585
253732
285255
315336
344261
371260
396554
420629
445899
473125
507286
559554
658278
888766
1.54972e+06
3.92181e+06
1.52621e+07
4.81745e+07
5.61794e+07
5.68481e+07
5.6923e+07
5.71243e+07
5.62032e+07
5.49317e+07
5.32203e+07
5.12656e+07
4.9039e+07
4.66794e+07
4.42742e+07
4.19815e+07
3.99371e+07
3.82465e+07
3.6964e+07
3.60904e+07
3.5585e+07
3.53718e+07
3.53195e+07
3.54614e+07
3.56802e+07
3.59339e+07
3.61976e+07
3.64611e+07
3.67255e+07
3.6999e+07
3.72921e+07
3.76148e+07
3.79752e+07
3.83781e+07
3.88245e+07
3.93134e+07
3.98393e+07
4.03969e+07
4.09792e+07
4.15782e+07
4.21855e+07
4.27952e+07
4.34003e+07
4.39938e+07
4.45718e+07
4.51286e+07
4.56638e+07
4.61732e+07
4.66529e+07
4.71071e+07
4.75331e+07
4.79276e+07
4.82964e+07
4.86409e+07
23842.6
23840.1
23833
23832.9
23845.9
23833.9
23850.8
23837.7
23840.8
23834.5
23837.9
23839
23829.8
23839.2
23843.3
23826
23856.8
23832.8
23855.7
23825.5
23845
23774.9
23731.4
23946.1
25802.1
31655.8
43890.1
63442.7
89447.7
120591
154457
189512
224089
257259
288664
318408
346933
373922
399101
422649
445328
468826
493712
524660
570644
654934
852050
1.43801e+06
3.6337e+06
1.40371e+07
4.78639e+07
6.07909e+07
6.53684e+07
6.75026e+07
6.5977e+07
6.36919e+07
6.10325e+07
5.83202e+07
5.55045e+07
5.25328e+07
4.94823e+07
4.6567e+07
4.39895e+07
4.19195e+07
4.04417e+07
3.95693e+07
3.92475e+07
3.92476e+07
3.96506e+07
4.02206e+07
4.08514e+07
4.14695e+07
4.20353e+07
4.25401e+07
4.29965e+07
4.34298e+07
4.38702e+07
4.43452e+07
4.48785e+07
4.54851e+07
4.61743e+07
4.69461e+07
4.7797e+07
4.87171e+07
4.96956e+07
5.07172e+07
5.17695e+07
5.28364e+07
5.39047e+07
5.49617e+07
5.59988e+07
5.70052e+07
5.79749e+07
5.88994e+07
5.97787e+07
6.06091e+07
6.1389e+07
6.21161e+07
6.27968e+07
6.34241e+07
23842.4
23839.8
23837.1
23837.5
23851.8
23836.9
23842.7
23854.9
23836.2
23829.3
23849.4
23836
23828.1
23824.6
23853.3
23831.8
23846.9
23839.9
23838.5
23831.2
23831.6
23779.6
23734.4
23994.3
25995.2
32124.9
44735.1
64718.5
91240.2
122779
157168
192555
227275
260426
291747
321320
349380
376235
401369
424761
446610
467893
489302
511639
539241
579484
653462
831551
1.36379e+06
3.28296e+06
1.17879e+07
4.41632e+07
6.97841e+07
7.94709e+07
7.63038e+07
7.26093e+07
6.89168e+07
6.55284e+07
6.21247e+07
5.85012e+07
5.47334e+07
5.11273e+07
4.7973e+07
4.55072e+07
4.38609e+07
4.30727e+07
4.29952e+07
4.36016e+07
4.4621e+07
4.58412e+07
4.7085e+07
4.82256e+07
4.91998e+07
5.00009e+07
5.06654e+07
5.12535e+07
5.18315e+07
5.24634e+07
5.3201e+07
5.40822e+07
5.51296e+07
5.63492e+07
5.77367e+07
5.92782e+07
6.09517e+07
6.2731e+07
6.45878e+07
6.6491e+07
6.84119e+07
7.03298e+07
7.22134e+07
7.40519e+07
7.58252e+07
7.75202e+07
7.91361e+07
8.06531e+07
8.20871e+07
8.34236e+07
8.46632e+07
8.58181e+07
23845
23839.9
23850.2
23851
23841.5
23846
23829
23849.1
23847
23841.5
23839.3
23838.8
23834.8
23831.8
23847.8
23844.6
23825.1
23856.5
23823
23842.9
23800.2
23777.6
23737.2
24041.8
26181.9
32570.6
45516.1
65890.8
92867.9
124831
159687
195343
230151
263258
294462
323908
351743
378203
403317
426630
448223
468362
488006
507229
527044
551579
587151
653555
813280
1.27065e+06
2.81234e+06
8.96155e+06
3.55493e+07
7.94764e+07
8.63167e+07
8.14608e+07
7.71725e+07
7.29908e+07
6.88059e+07
6.45303e+07
6.00886e+07
5.5781e+07
5.19847e+07
4.90812e+07
4.72649e+07
4.65899e+07
4.69967e+07
4.82935e+07
5.01863e+07
5.23367e+07
5.44441e+07
5.62967e+07
5.779e+07
5.89235e+07
5.9776e+07
6.04713e+07
6.11455e+07
6.19269e+07
6.29219e+07
6.42097e+07
6.58364e+07
6.78243e+07
7.0169e+07
7.28459e+07
7.58114e+07
7.90124e+07
8.23862e+07
8.58648e+07
8.93892e+07
9.28986e+07
9.63426e+07
9.96809e+07
1.02884e+08
1.05926e+08
1.08795e+08
1.11473e+08
1.13972e+08
1.16306e+08
1.18496e+08
1.20533e+08
23844.3
23840.3
23848
23849.4
23831
23848.9
23837.3
23829.4
23853.1
23858
23841.1
23837.3
23855.6
23850.6
23835.5
23859.6
23830.4
23852.5
23833.7
23849.6
23804.5
23780.1
23739.6
24089.8
26361.6
32992
46244
66992.9
94381.6
126774
162013
197881
232737
265791
296910
326219
353930
380094
404953
428211
449664
469438
487872
505637
522684
540235
562031
593624
652360
789161
1.15699e+06
2.3144e+06
6.59925e+06
2.66187e+07
7.91375e+07
9.0461e+07
8.56731e+07
8.09901e+07
7.59525e+07
7.07293e+07
6.54351e+07
6.02711e+07
5.57451e+07
5.2398e+07
5.04333e+07
4.99507e+07
5.09031e+07
5.30745e+07
5.60741e+07
5.94215e+07
6.26324e+07
6.53593e+07
6.7433e+07
6.88684e+07
6.98186e+07
7.0514e+07
7.12086e+07
7.2142e+07
7.3511e+07
7.54689e+07
7.81223e+07
8.15335e+07
8.57024e+07
9.05816e+07
9.60872e+07
1.02098e+08
1.08466e+08
1.15042e+08
1.21675e+08
1.28225e+08
1.34589e+08
1.40679e+08
1.46436e+08
1.5183e+08
1.56822e+08
1.61446e+08
1.65653e+08
1.69507e+08
1.73e+08
1.7618e+08
23845.3
23850.3
23835
23841.3
23839.4
23846.4
23853.2
23830.9
23836.3
23851.6
23837.8
23846.9
23853.8
23855.5
23834.2
23852.1
23849
23836
23860.9
23845.1
23814.3
23781.3
23742
24138.5
26533.1
33383.5
46923.8
67999.4
95783.3
128585
164151
200183
235060
268055
299079
328280
355825
381851
406380
429510
450872
470434
488431
505160
520885
535895
551695
571362
599093
649398
762105
1.05133e+06
1.93968e+06
5.41377e+06
2.46107e+07
8.42262e+07
9.4979e+07
8.94264e+07
8.36558e+07
7.71325e+07
7.04905e+07
6.41176e+07
5.87513e+07
5.49397e+07
5.29305e+07
5.2787e+07
5.4443e+07
5.76934e+07
6.20912e+07
6.69607e+07
7.15927e+07
7.54074e+07
7.81256e+07
7.97781e+07
8.06477e+07
8.11329e+07
8.16939e+07
8.27536e+07
8.46822e+07
8.77758e+07
9.22731e+07
9.83152e+07
1.05934e+08
1.15062e+08
1.25517e+08
1.37006e+08
1.49189e+08
1.61678e+08
1.74128e+08
1.86217e+08
1.97718e+08
2.08472e+08
2.18382e+08
2.27431e+08
2.35605e+08
2.42941e+08
2.49487e+08
2.55294e+08
2.60448e+08
2.65021e+08
23843.7
23846.9
23833
23831.1
23853.6
23834.6
23848.7
23846.1
23836.8
23832.7
23834.4
23856.4
23844
23849.3
23838.7
23827.3
23862.1
23826.8
23856.5
23823.6
23833.3
23778.3
23745.1
24187.1
26699.6
33751.4
47563.8
68934.9
97093.7
130272
166110
202265
237146
270077
301011
330089
357506
383357
407696
430554
451841
471274
488980
505124
520082
533960
547351
561989
579775
603894
646686
740997
986378
1.7815e+06
5.1549e+06
2.46015e+07
8.74441e+07
9.82584e+07
9.16808e+07
8.38172e+07
7.55157e+07
6.76225e+07
6.12055e+07
5.68181e+07
5.46992e+07
5.48357e+07
5.7173e+07
6.14918e+07
6.7348e+07
7.39027e+07
8.01237e+07
8.51449e+07
8.85045e+07
9.02545e+07
9.08475e+07
9.07824e+07
9.1057e+07
9.22244e+07
9.48996e+07
9.96288e+07
1.0688e+08
1.16997e+08
1.30133e+08
1.46154e+08
1.64614e+08
1.84797e+08
2.05811e+08
2.26796e+08
2.46983e+08
2.65866e+08
2.83089e+08
2.98557e+08
3.1224e+08
3.24185e+08
3.34491e+08
3.43286e+08
3.50762e+08
3.57042e+08
3.62314e+08
3.66731e+08
23848
23833.8
23840.1
23835.1
23848.2
23830.1
23840.5
23855.3
23840.4
23827.1
23838.8
23843.5
23826.9
23836
23838.4
23823.7
23854.5
23835.8
23843
23822.8
23828.7
23768.7
23749.2
24235.4
26859.1
34091.5
48154.7
69793.8
98320.8
131834
167899
204148
239020
271887
302727
331687
358956
384665
408856
431487
452605
471937
489459
505327
519737
532933
545316
557539
571321
587280
609051
647592
733791
966717
1.75134e+06
5.17874e+06
2.51452e+07
8.99506e+07
9.98921e+07
9.07224e+07
8.05022e+07
7.10206e+07
6.36482e+07
5.87542e+07
5.63938e+07
5.66546e+07
5.96237e+07
6.50255e+07
7.23553e+07
8.05875e+07
8.83327e+07
9.43619e+07
9.8027e+07
9.94192e+07
9.92022e+07
9.84129e+07
9.81298e+07
9.94192e+07
1.03292e+08
1.10754e+08
1.22776e+08
1.40171e+08
1.63315e+08
1.91839e+08
2.24534e+08
2.59578e+08
2.94943e+08
3.28788e+08
3.59733e+08
3.86988e+08
4.10221e+08
4.29488e+08
4.45028e+08
4.57188e+08
4.66464e+08
4.733e+08
4.78081e+08
4.81261e+08
4.83118e+08
4.83944e+08
23846.9
23834
23851.6
23843.7
23831.2
23839.9
23831.7
23848.2
23832.5
23834.1
23849.6
23821.7
23832.1
23826
23848.3
23836.7
23828.3
23847.7
23821.4
23831.1
23817.9
23768
23754.7
24283.6
27011.4
34411.8
48710
70623.8
99459.6
133273
169528
205850
240706
273507
304248
333079
360213
385781
409828
432326
453211
472448
489818
505489
519559
532349
544152
555477
567184
580655
596007
617341
655404
741409
978140
1.78842e+06
5.37072e+06
2.63287e+07
9.12174e+07
9.7085e+07
8.49916e+07
7.4071e+07
6.58963e+07
6.07574e+07
5.8373e+07
5.86093e+07
6.18529e+07
6.80271e+07
7.64656e+07
8.59582e+07
9.48408e+07
1.01568e+08
1.05298e+08
1.06132e+08
1.04972e+08
1.03152e+08
1.02129e+08
1.03348e+08
1.08308e+08
1.18662e+08
1.3622e+08
1.62657e+08
1.98826e+08
2.4389e+08
2.95172e+08
3.48775e+08
4.0073e+08
4.47997e+08
4.8878e+08
5.22157e+08
5.47925e+08
5.66546e+08
5.78789e+08
5.85614e+08
5.87999e+08
5.86886e+08
5.83212e+08
5.77652e+08
5.70834e+08
5.63237e+08
23837.3
23837.5
23847.6
23852
23832.6
23852.8
23838
23828.4
23837
23855.3
23851.4
23827.6
23839.4
23832.2
23844.9
23857.4
23825.1
23855.1
23829.1
23841.6
23799
23779.6
23761.3
24330.9
27156.8
34720.6
49213.9
71392.3
100517
134595
171010
207390
242223
274955
305592
334293
361290
386733
410657
433019
453753
472837
490084
505577
519439
531969
543437
554299
565242
577544
591052
607096
629968
670925
762940
1.01594e+06
1.8867e+06
5.7629e+06
2.76552e+07
8.70438e+07
8.82171e+07
7.67035e+07
6.79033e+07
6.2791e+07
6.07225e+07
6.09086e+07
6.41695e+07
7.09013e+07
8.01873e+07
9.0494e+07
9.9921e+07
1.06758e+08
1.10066e+08
1.09958e+08
1.07613e+08
1.04597e+08
1.02649e+08
1.03623e+08
1.09625e+08
1.23213e+08
1.47569e+08
1.85996e+08
2.40282e+08
3.08878e+08
3.86598e+08
4.66336e+08
5.41234e+08
6.06073e+08
6.57494e+08
6.94114e+08
7.16337e+08
7.25543e+08
7.23798e+08
7.13432e+08
6.96749e+08
6.75767e+08
6.52151e+08
6.27283e+08
6.022e+08
5.77513e+08
23837.9
23849.2
23837.1
23847.7
23844.7
23848
23837.1
23829.9
23850
23854.4
23845.4
23842
23850.9
23842.6
23846
23855.2
23835.2
23849.1
23840
23847.8
23805.5
23782.2
23767.6
24376.9
27295.3
35008.1
49684.2
72119.9
101499
135806
172359
208786
243590
276251
306775
335342
362215
387543
411353
433604
454217
473126
490274
505620
519332
531685
542949
553557
564154
575738
588859
603637
622119
649042
697010
802670
1.08782e+06
2.05475e+06
6.22255e+06
2.73223e+07
7.57184e+07
7.78647e+07
6.96621e+07
6.49081e+07
6.36731e+07
6.37033e+07
6.66079e+07
7.30564e+07
8.29218e+07
9.41714e+07
1.03992e+08
1.10586e+08
1.13233e+08
1.12343e+08
1.09085e+08
1.04983e+08
1.01811e+08
1.01579e+08
1.06634e+08
1.20168e+08
1.46686e+08
1.91787e+08
2.59849e+08
3.5032e+08
4.56136e+08
5.65989e+08
6.68175e+08
7.53393e+08
8.15617e+08
8.51854e+08
8.62387e+08
8.50265e+08
8.203e+08
7.77268e+08
7.25897e+08
6.70505e+08
6.14559e+08
5.60516e+08
5.10049e+08
4.63868e+08
23842.9
23847.9
23831.9
23840.5
23852.7
23838.2
23843.6
23838
23844.9
23847.5
23844.1
23858
23850.1
23858.8
23844.1
23843.4
23853.4
23844.6
23860
23841.2
23806.9
23783.4
23772.8
24421.6
27426.2
35274.7
50118.4
72795.1
102410
136914
173588
210052
244824
277409
307810
336248
363006
388233
411943
434090
454591
473369
490405
505615
519228
531451
542585
553066
563498
574758
587846
602477
619942
643094
677939
739359
870131
1.20655e+06
2.27538e+06
6.38141e+06
2.41171e+07
6.43445e+07
6.87132e+07
6.71849e+07
6.74703e+07
6.71618e+07
7.0204e+07
7.56395e+07
8.42813e+07
9.52097e+07
1.05574e+08
1.12913e+08
1.16204e+08
1.15514e+08
1.11789e+08
1.06557e+08
1.01661e+08
9.9123e+07
1.0127e+08
1.11285e+08
1.34085e+08
1.77012e+08
2.48503e+08
3.52596e+08
4.83555e+08
6.26148e+08
7.5993e+08
8.69014e+08
9.43019e+08
9.76975e+08
9.69878e+08
9.23531e+08
8.4414e+08
7.43404e+08
6.34946e+08
5.29414e+08
4.33461e+08
3.50717e+08
2.82221e+08
2.27141e+08
23850.9
23844.4
23835.8
23831.9
23847
23831.5
23847.1
23854.7
23847.3
23829
23830.6
23851
23847
23851.1
23826.1
23830.1
23863.1
23829.5
23855.8
23833.9
23819.5
23783.8
23778.8
24464.7
27549.5
35521.8
50536.9
73423.9
103253
137928
174709
211202
245938
278442
308713
337029
363685
388820
412441
434497
454900
473572
490489
505601
519123
531255
542305
552719
563146
574322
587408
602344
619909
642283
673597
722696
809588
984902
1.39316e+06
2.51702e+06
6.28184e+06
2.03759e+07
5.14684e+07
6.54938e+07
7.23647e+07
7.073e+07
7.55542e+07
8.13219e+07
8.91047e+07
9.80931e+07
1.06329e+08
1.12608e+08
1.15953e+08
1.15954e+08
1.12921e+08
1.07908e+08
1.02323e+08
9.76962e+07
9.58723e+07
9.92805e+07
1.11671e+08
1.3939e+08
1.92695e+08
2.83748e+08
4.17951e+08
5.7902e+08
7.40669e+08
8.76312e+08
9.64484e+08
9.9169e+08
9.53186e+08
8.54902e+08
7.12731e+08
5.48848e+08
3.89722e+08
2.63433e+08
1.78474e+08
1.26047e+08
9.44769e+07
7.51049e+07
23847.8
23833.9
23844.5
23836.2
23833.3
23832.9
23843.7
23850.2
23847.7
23830.8
23836.1
23842.6
23843.6
23848.5
23830.7
23823.6
23854.4
23833.3
23845.3
23816.5
23828.6
23779.8
23785.4
24506.9
27666.1
35753.6
50929.4
74009.4
104028
138856
175733
212249
246944
279359
309499
337703
364269
389322
412863
434837
455151
473725
490534
505580
519036
531095
542097
552512
563000
574277
587478
603137
621682
644760
675542
720872
795747
929806
1.18498e+06
1.70725e+06
2.94987e+06
6.39591e+06
1.5654e+07
3.68228e+07
6.44955e+07
6.99367e+07
8.14849e+07
8.79002e+07
9.7024e+07
1.07332e+08
1.14208e+08
1.17447e+08
1.17521e+08
1.16268e+08
1.13616e+08
1.09438e+08
1.04073e+08
9.84039e+07
9.36149e+07
9.12166e+07
9.30364e+07
1.02101e+08
1.24035e+08
1.6927e+08
2.53807e+08
3.88905e+08
5.5522e+08
7.17739e+08
8.39958e+08
8.93545e+08
8.61367e+08
7.4047e+08
5.50384e+08
3.39125e+08
1.70827e+08
1.01274e+08
9.00937e+07
9.10739e+07
9.05692e+07
8.58115e+07
23843.7
23834.7
23848.7
23835.7
23834.1
23844.9
23846.2
23843.4
23835.1
23834.5
23833.2
23825.5
23827
23826.7
23830.5
23830.9
23847.9
23832.8
23823.9
23820
23821.4
23764.1
23792.4
24548.2
27776.9
35973.3
51300.3
74553
104741
139708
176670
213202
247853
280166
310182
338287
364772
389752
413222
435122
455356
473844
490552
505555
518964
530976
541962
552415
563030
574686
588233
604389
623818
648191
680539
726858
798882
922314
1.1435e+06
1.54565e+06
2.31342e+06
3.88382e+06
7.10164e+06
1.33676e+07
2.62437e+07
4.76263e+07
7.16991e+07
8.6442e+07
1.01448e+08
1.18948e+08
1.24833e+08
1.27903e+08
1.27715e+08
1.26409e+08
1.23944e+08
1.19357e+08
1.12864e+08
1.05265e+08
9.75705e+07
9.07413e+07
8.57396e+07
8.37737e+07
8.63954e+07
9.63618e+07
1.19548e+08
1.64887e+08
2.37737e+08
3.28705e+08
4.1346e+08
4.68127e+08
4.73782e+08
4.17847e+08
3.10338e+08
2.05245e+08
1.53786e+08
1.47429e+08
1.58545e+08
1.74724e+08
1.88666e+08
1.93698e+08
23837.7
23836.4
23846.5
23842.2
23836.2
23848.8
23839.2
23831.9
23831.8
23845.1
23837.2
23828.9
23831.3
23828.2
23836.3
23836
23827.4
23838.5
23823.8
23822
23816.5
23768.5
23799.7
24588.1
27884.1
36183.8
51650.3
75057.1
105394
140490
177529
214070
248674
280870
310776
338795
365209
390123
413530
435363
455527
473938
490566
505527
518904
530887
541878
552391
563251
575248
589206
606011
626363
652013
686169
735041
810386
935986
1.15573e+06
1.54293e+06
2.24144e+06
3.51551e+06
5.75142e+06
9.53357e+06
1.59403e+07
2.53977e+07
3.91377e+07
5.92498e+07
8.18666e+07
1.08792e+08
1.21963e+08
1.30782e+08
1.3707e+08
1.40888e+08
1.43085e+08
1.41445e+08
1.3552e+08
1.26253e+08
1.15326e+08
1.04103e+08
9.31193e+07
8.24745e+07
7.24003e+07
6.53056e+07
6.23693e+07
6.38242e+07
7.17261e+07
8.5172e+07
1.02081e+08
1.22401e+08
1.45174e+08
1.68661e+08
1.92105e+08
2.16567e+08
2.43086e+08
2.73099e+08
3.12971e+08
3.72716e+08
4.61879e+08
5.94425e+08
23839.9
23841.4
23841.7
23845.5
23845
23846
23835.1
23834.8
23833.9
23849.4
23848.4
23832.7
23832.1
23831.1
23849.4
23850.8
23829.2
23851.3
23828
23834.9
23794.6
23773.1
23809.9
24630.2
27988.1
36365
51923
75407.7
105823
140994
178063
214565
249061
281141
310977
338974
365370
390265
413653
435464
455601
473981
490571
505414
518710
530659
541721
552416
563426
575682
589991
607365
628520
655249
690940
742126
821035
952516
1.18415e+06
1.59815e+06
2.33658e+06
3.61593e+06
5.77576e+06
9.28825e+06
1.4415e+07
2.1615e+07
3.04312e+07
4.09942e+07
5.32883e+07
6.70194e+07
8.0719e+07
9.40623e+07
1.07164e+08
1.18995e+08
1.28891e+08
1.35022e+08
1.34591e+08
1.26628e+08
1.15709e+08
1.04966e+08
9.60829e+07
8.95326e+07
8.56889e+07
8.4151e+07
8.376e+07
8.41086e+07
8.51908e+07
8.70572e+07
8.96634e+07
9.29142e+07
9.65492e+07
9.87187e+07
9.71548e+07
9.67598e+07
9.93111e+07
1.06463e+08
1.22245e+08
1.59822e+08
2.89614e+08
7.36014e+08
23845.1
23845.5
23835.1
23843.9
23845.7
23835
23837.2
23844.9
23847.9
23844.3
23848.4
23851.8
23851.8
23853.9
23848
23850.3
23839.1
23849.9
23857.7
23848.7
23789.6
23786.3
23813.7
24651.3
28042.2
36425.6
51978.7
75452.4
105854
141023
177973
214139
248141
279721
309162
336746
362710
387157
410098
431466
451176
469158
485384
499907
512868
524662
535628
546262
557138
569057
583092
600486
621499
647131
679381
721211
776650
851529
955486
1.10237e+06
1.30949e+06
1.60156e+06
2.01491e+06
2.59739e+06
3.41014e+06
4.5004e+06
5.92127e+06
7.70468e+06
9.90046e+06
1.25432e+07
1.56626e+07
1.9307e+07
2.35047e+07
2.83106e+07
3.3819e+07
4.00181e+07
4.69301e+07
5.46487e+07
6.33306e+07
7.31502e+07
8.42315e+07
9.65416e+07
1.09894e+08
1.23935e+08
1.38106e+08
1.51577e+08
1.64001e+08
1.75504e+08
1.86335e+08
1.96788e+08
2.07321e+08
2.18599e+08
2.31473e+08
2.47481e+08
2.68987e+08
2.99883e+08
3.48094e+08
4.32352e+08
6.09085e+08
1.03044e+09
23848
23840.6
23839.4
23836.8
23835.3
23835.7
23837.3
23849
23850.2
23832.1
23846.5
23850.6
23851.6
23852.6
23833
23833.9
23857.3
23845.1
23856.4
23836.6
23804.6
23786
23821.5
24676.7
28084.2
36460.4
51985.1
75366.3
105717
140711
177332
213091
246669
277860
306867
334002
359518
383520
406021
426970
446292
463925
479852
494139
506942
518571
529383
539845
550547
562218
575850
592826
613685
638795
669849
708612
757653
819949
899704
1.00322e+06
1.13873e+06
1.31765e+06
1.55449e+06
1.86543e+06
2.2706e+06
2.79258e+06
3.45847e+06
4.30294e+06
5.35946e+06
6.65948e+06
8.2269e+06
1.00744e+07
1.22072e+07
1.46299e+07
1.73469e+07
2.03678e+07
2.37185e+07
2.74446e+07
3.15971e+07
3.62153e+07
4.13147e+07
4.69392e+07
5.31331e+07
5.99369e+07
6.73964e+07
7.55689e+07
8.45491e+07
9.44804e+07
1.05537e+08
1.18e+08
1.32292e+08
1.49097e+08
1.6959e+08
1.95877e+08
2.32162e+08
2.87599e+08
3.85015e+08
5.93591e+08
1.18263e+09
2.38092e+09
23842.6
23835.6
23846.8
23836
23838.4
23847.1
23848.8
23837.9
23840.6
23836.2
23831
23834.3
23832.9
23831.3
23832.5
23830.1
23850.6
23829.8
23828.2
23817.5
23818.8
23776.5
23829.2
24702.8
28112.8
36472.6
51907.8
75155.3
105332
140059
176328
211654
244793
275522
304050
330695
355720
379237
401273
421784
440705
457983
473611
487657
500294
511793
522525
532942
543606
555213
568609
584882
605471
630330
660851
698402
745193
803705
877013
969826
1.08784e+06
1.23887e+06
1.43363e+06
1.68618e+06
2.01441e+06
2.44055e+06
2.99051e+06
3.6925e+06
4.57443e+06
5.66036e+06
6.97043e+06
8.52021e+06
1.03178e+07
1.23629e+07
1.46597e+07
1.7221e+07
2.00685e+07
2.32357e+07
2.67652e+07
3.07108e+07
3.51404e+07
4.01398e+07
4.58168e+07
5.23086e+07
5.97912e+07
6.84849e+07
7.86724e+07
9.07226e+07
1.05125e+08
1.22558e+08
1.43998e+08
1.70897e+08
2.05563e+08
2.51902e+08
3.17037e+08
4.15353e+08
5.7985e+08
8.98075e+08
1.62457e+09
3.33955e+09
23838.7
23839.6
23843.9
23838.7
23847.4
23846.6
23848.5
23833.7
23831.4
23849.4
23832.1
23830
23830.1
23828.9
23844.5
23841.7
23834.3
23831.3
23824.7
23826.6
23805.5
23775.9
23834.2
24726.4
28128.8
36438.3
51732.7
74820.1
104812
139300
175185
209996
242638
272875
300912
327068
351609
374652
396233
416320
434858
451802
467152
480981
493451
504842
515510
525904
536552
548051
561245
576974
596592
621156
651175
687943
733379
789849
860304
948803
1.06065e+06
1.20299e+06
1.38527e+06
1.62092e+06
1.92719e+06
2.32547e+06
2.84212e+06
3.50542e+06
4.34148e+06
5.36977e+06
6.60155e+06
8.04195e+06
9.69379e+06
1.15642e+07
1.36681e+07
1.60247e+07
1.86575e+07
2.15995e+07
2.4891e+07
2.85833e+07
3.27398e+07
3.74402e+07
4.27846e+07
4.89043e+07
5.59732e+07
6.42158e+07
7.39336e+07
8.5529e+07
9.95536e+07
1.16791e+08
1.38388e+08
1.66064e+08
2.02532e+08
2.52307e+08
3.23479e+08
4.3217e+08
6.14938e+08
9.68273e+08
1.76927e+09
3.71889e+09
23843.2
23846.2
23835.5
23847.2
23842.2
23835.3
23840.2
23843.9
23836.8
23848.1
23839.8
23840.9
23846.8
23846.5
23851.2
23855
23828.7
23852.4
23849.9
23849.6
23785.4
23782.7
23838.8
24742
28128.2
36335.7
51473.2
74376.8
104149
138274
173666
207968
240089
269811
297335
322986
347028
369585
390702
410362
428519
445135
460213
473827
486144
497428
508037
518409
529057
540596
553650
569129
587943
611639
641089
677081
721408
776339
844651
930190
1.03806e+06
1.17521e+06
1.35105e+06
1.5784e+06
1.87445e+06
2.261e+06
2.76389e+06
3.41135e+06
4.23023e+06
5.2419e+06
6.45858e+06
7.88408e+06
9.519e+06
1.13667e+07
1.34394e+07
1.57534e+07
1.83161e+07
2.11598e+07
2.43251e+07
2.7864e+07
3.18408e+07
3.63342e+07
4.14376e+07
4.72732e+07
5.40073e+07
6.18516e+07
7.10869e+07
8.20925e+07
9.53975e+07
1.11771e+08
1.32358e+08
1.58951e+08
1.94489e+08
2.43837e+08
3.15741e+08
4.27894e+08
6.2076e+08
1.00036e+09
1.86792e+09
3.98448e+09
23848.1
23842.9
23836.8
23845.7
23834.7
23835.3
23834.3
23849.2
23849.1
23835.3
23851.5
23852.7
23852.3
23854.1
23841
23847.6
23835.1
23853.8
23854.5
23843
23795.3
23789.7
23842.3
24751.4
28101.2
36192.1
51156.2
73851.1
103349
137067
171935
205666
237240
266434
293447
318599
342152
364237
384910
404163
421958
438267
453097
466520
478698
489893
500457
510824
521493
533029
546088
561473
580025
602732
631305
666784
710475
764589
831908
916221
1.0226e+06
1.15797e+06
1.33164e+06
1.55624e+06
1.84842e+06
2.22975e+06
2.7262e+06
3.36787e+06
4.18428e+06
5.20048e+06
6.43209e+06
7.88529e+06
9.56158e+06
1.14618e+07
1.35919e+07
1.5965e+07
1.86035e+07
2.15406e+07
2.48229e+07
2.85086e+07
3.26681e+07
3.7388e+07
4.27835e+07
4.89993e+07
5.62212e+07
6.46933e+07
7.47275e+07
8.67369e+07
1.01281e+08
1.19135e+08
1.41401e+08
1.6971e+08
2.06664e+08
2.56872e+08
3.28899e+08
4.39935e+08
6.29137e+08
9.98624e+08
1.83567e+09
3.92676e+09
23844.2
23835.8
23843.6
23840.8
23841.2
23845.7
23843.5
23840.6
23848.1
23833.6
23845.7
23845.4
23837.9
23840.7
23830.2
23827
23855.3
23836.8
23832.6
23818.3
23820.8
23783.8
23845.1
24750.1
28035.2
35983.1
50734.1
73165.7
102317
135556
169834
202972
233977
262635
289137
313788
336854
358471
378706
397558
414998
431006
445591
458828
470871
481971
492476
502817
513483
525023
538007
553262
571531
593744
620981
654782
697001
749458
814586
895921
998289
1.12821e+06
1.29463e+06
1.5097e+06
1.78858e+06
2.15153e+06
2.62267e+06
3.22793e+06
3.99242e+06
4.93765e+06
6.07922e+06
7.42696e+06
8.98882e+06
1.07723e+07
1.27867e+07
1.50446e+07
1.75678e+07
2.03896e+07
2.3555e+07
2.71219e+07
3.11652e+07
3.57824e+07
4.10944e+07
4.72423e+07
5.4389e+07
6.27481e+07
7.26095e+07
8.43692e+07
9.85997e+07
1.16112e+08
1.38103e+08
1.66432e+08
2.04075e+08
2.5608e+08
3.31666e+08
4.49493e+08
6.52001e+08
1.05014e+09
1.95737e+09
4.1809e+09
23838.4
23838.4
23846.4
23834.9
23847.5
23847.4
23849.4
23833.2
23839.2
23844.3
23831.6
23830.3
23830.5
23827.9
23837.9
23830
23852.4
23825.7
23824.2
23822.3
23812.7
23784.3
23849
24742.3
27964.2
35770.5
50309.5
72464.5
101229
133926
167551
200079
230518
258656
284668
308843
331455
352642
372476
390963
408082
423815
438178
451244
463166
474188
484652
494982
505672
517270
530385
545719
564042
586246
613455
646924
688425
740321
805460
887192
990414
1.12178e+06
1.29048e+06
1.509e+06
1.79411e+06
2.16721e+06
2.65394e+06
3.28052e+06
4.07154e+06
5.04672e+06
6.22146e+06
7.60694e+06
9.20806e+06
1.10292e+07
1.30793e+07
1.53749e+07
1.79433e+07
2.08224e+07
2.40615e+07
2.77207e+07
3.18736e+07
3.66093e+07
4.20375e+07
4.82983e+07
5.55704e+07
6.40868e+07
7.41544e+07
8.6182e+07
1.00744e+08
1.18642e+08
1.41053e+08
1.69769e+08
2.07667e+08
2.5963e+08
3.34622e+08
4.50811e+08
6.49567e+08
1.04031e+09
1.93213e+09
4.14051e+09
23840.9
23846.2
23844
23837.4
23840.3
23838.8
23841.7
23838.7
23832.7
23849.9
23834
23833.5
23842.3
23836.6
23851.9
23846.8
23846.8
23836.3
23841.5
23846.7
23790
23791.4
23852.8
24720.5
27865.9
35510.8
49807.2
71632.5
99929.3
132001
164963
196856
226727
254366
279910
303641
325834
346625
366095
384254
401083
416568
430727
443635
455440
466381
476790
487088
497766
509369
522575
537985
556353
578584
605756
639217
680594
731996
796380
877568
980655
1.11269e+06
1.2833e+06
1.50569e+06
1.79696e+06
2.17819e+06
2.67473e+06
3.31422e+06
4.12276e+06
5.12123e+06
6.32299e+06
7.73447e+06
9.35893e+06
1.1201e+07
1.32699e+07
1.5582e+07
1.81618e+07
2.10444e+07
2.42763e+07
2.79178e+07
3.20453e+07
3.67524e+07
4.2153e+07
4.83903e+07
5.56473e+07
6.4161e+07
7.42451e+07
8.63103e+07
1.00931e+08
1.18919e+08
1.41464e+08
1.70384e+08
2.08586e+08
2.6104e+08
3.36847e+08
4.54359e+08
6.55512e+08
1.05036e+09
1.94788e+09
4.17969e+09
23847.9
23844
23836.3
23838.8
23834.8
23834.4
23833.6
23849.5
23838.1
23840.8
23838.7
23847.7
23851.8
23854
23846
23856.1
23844.2
23853.8
23854.1
23844.7
23794.9
23798.4
23855.2
24689.3
27745.8
35207
49228.3
70667
98418.1
129809
162086
193348
222689
249864
274984
298323
320154
340610
359777
377667
394261
409544
423534
436308
448013
458880
469229
479470
490090
501657
514817
530184
548500
570623
597639
630909
672128
723450
787692
868717
971860
1.10441e+06
1.27633e+06
1.5008e+06
1.7951e+06
2.18094e+06
2.68403e+06
3.33163e+06
4.14821e+06
5.15203e+06
6.3542e+06
7.76075e+06
9.37609e+06
1.1206e+07
1.32596e+07
1.55529e+07
1.81119e+07
2.09728e+07
2.41829e+07
2.78011e+07
3.1901e+07
3.65736e+07
4.19311e+07
4.81196e+07
5.53262e+07
6.37938e+07
7.3849e+07
8.59254e+07
1.00623e+08
1.18794e+08
1.41671e+08
1.71132e+08
2.1015e+08
2.6378e+08
3.41271e+08
4.61183e+08
6.6572e+08
1.06528e+09
1.96895e+09
4.22778e+09
23846.6
23836.3
23836.7
23846.6
23841.9
23840.3
23839.7
23846.6
23850.3
23831.8
23851.6
23850.3
23841.7
23849.3
23831
23847.3
23840.3
23850.1
23847.7
23822.1
23819.7
23792.9
23856.3
24649.8
27605.7
34862.5
48573.5
69564.4
96701
127379
158953
189605
218442
245190
269944
292961
314505
334707
353652
371353
387785
402931
416806
429483
441106
451901
462177
472328
482835
494307
507327
522537
540668
562578
589290
622124
662777
713469
777089
857489
959988
1.09196e+06
1.26361e+06
1.48883e+06
1.78584e+06
2.177e+06
2.68783e+06
3.34458e+06
4.17046e+06
5.18195e+06
6.38899e+06
7.79662e+06
9.40741e+06
1.1226e+07
1.32637e+07
1.55391e+07
1.80779e+07
2.09102e+07
2.40823e+07
2.76549e+07
3.17003e+07
3.63076e+07
4.1589e+07
4.76873e+07
5.47836e+07
6.31138e+07
7.29881e+07
8.48233e+07
9.92099e+07
1.17016e+08
1.39508e+08
1.68571e+08
2.07206e+08
2.60526e+08
3.37931e+08
4.58402e+08
6.64991e+08
1.0708e+09
1.99384e+09
4.28499e+09
23839.7
23838.1
23839.9
23845.9
23847.6
23848.5
23849.3
23835.9
23847.5
23838.8
23848.6
23839.3
23831
23831.3
23834.1
23828
23829.3
23833.8
23843.6
23823.5
23822.5
23792.8
23858.5
24608.8
27459
34499.4
47874.6
68374
94850.9
124772
155651
185728
214104
240497
264974
287763
309126
329184
348023
365646
382024
397125
410957
423587
435154
445879
456067
466117
476533
487868
500699
515710
533643
555350
581876
614531
655044
705735
769601
850797
955002
1.09009e+06
1.26643e+06
1.49844e+06
1.80491e+06
2.20889e+06
2.73653e+06
3.41457e+06
4.26504e+06
5.30101e+06
6.52915e+06
7.95428e+06
9.5821e+06
1.14223e+07
1.34874e+07
1.57959e+07
1.83769e+07
2.1269e+07
2.45199e+07
2.81894e+07
3.23525e+07
3.71043e+07
4.25636e+07
4.88815e+07
5.62532e+07
6.49374e+07
7.52684e+07
8.76826e+07
1.02766e+08
1.21319e+08
1.44513e+08
1.74194e+08
2.13357e+08
2.67071e+08
3.44606e+08
4.64622e+08
6.69563e+08
1.07029e+09
1.97804e+09
4.24839e+09
23839.4
23846
23846.9
23843.8
23840.9
23844
23844.2
23834.7
23835.8
23851
23835.6
23830.7
23838.7
23830.9
23849.1
23831
23835.3
23828
23825.5
23845.3
23805
23796.5
23863
24562
27292.8
34089.7
47081.5
67026.1
92784
121966
152171
181699
209670
235790
260085
282764
304081
324133
343004
360690
377145
392324
406212
418856
430389
441032
451096
460973
471124
482095
494471
508907
526188
547222
573100
605161
645149
695226
758449
838922
942337
1.07678e+06
1.25265e+06
1.48427e+06
1.79047e+06
2.19436e+06
2.72105e+06
3.39373e+06
4.23127e+06
5.24753e+06
6.44573e+06
7.82477e+06
9.38711e+06
1.11426e+07
1.31126e+07
1.53307e+07
1.78355e+07
2.06663e+07
2.38643e+07
2.74783e+07
3.15694e+07
3.62206e+07
4.15397e+07
4.76696e+07
5.4797e+07
6.31663e+07
7.31094e+07
8.50848e+07
9.97294e+07
1.17919e+08
1.40915e+08
1.70647e+08
2.10218e+08
2.64895e+08
3.44361e+08
4.68082e+08
6.80456e+08
1.09746e+09
2.04739e+09
4.3966e+09
23844
23844.6
23845.1
23837
23834.7
23834.2
23833.8
23841.3
23833.5
23845.7
23833.4
23836.9
23850.8
23844
23849
23847.1
23849.8
23833.4
23825.6
23845.5
23801.9
23810.1
23879.9
24522.5
27134.5
33689.7
46286.7
65649.4
90675.1
119107
148676
177713
205371
231328
255584
278325
299802
320125
339328
357358
374125
389552
403601
416311
427807
438313
448146
457702
467440
477907
489697
503514
520168
540605
565953
597625
637382
687583
751469
833497
939867
1.07912e+06
1.26318e+06
1.50774e+06
1.83347e+06
2.26475e+06
2.82826e+06
3.54887e+06
4.44499e+06
5.52629e+06
6.79473e+06
8.24911e+06
9.89027e+06
1.17253e+07
1.37701e+07
1.60518e+07
1.86098e+07
2.14936e+07
2.47596e+07
2.84776e+07
3.27336e+07
3.76308e+07
4.32884e+07
4.98487e+07
5.74853e+07
6.64136e+07
7.69171e+07
8.9383e+07
1.04359e+08
1.22656e+08
1.45488e+08
1.74725e+08
2.1336e+08
2.6644e+08
3.43219e+08
4.62346e+08
6.66252e+08
1.06555e+09
1.97011e+09
4.24926e+09
23847.9
23836.7
23843.9
23838.7
23840.1
23836.6
23837.8
23849
23838.6
23832.3
23846.8
23851.8
23844.9
23853.1
23836.3
23853.1
23843.9
23850.4
23835.2
23826.3
23813.6
23806.4
23883.1
24483.6
26960.6
33254.2
45411.7
64143.2
88423.7
116133
145105
173730
201179
227126
251580
274724
296742
317652
337453
356047
373289
389074
403351
416143
427568
437844
447290
456316
465387
475051
485906
498655
514114
533232
557133
587207
625272
673768
735996
816490
921442
1.05951e+06
1.24269e+06
1.48751e+06
1.8152e+06
2.25127e+06
2.82287e+06
3.55455e+06
4.46414e+06
5.56119e+06
6.84805e+06
8.32324e+06
9.98702e+06
1.18444e+07
1.39062e+07
1.61899e+07
1.87213e+07
2.15364e+07
2.46861e+07
2.8234e+07
3.22591e+07
3.68578e+07
4.215e+07
4.82894e+07
5.54708e+07
6.39444e+07
7.40424e+07
8.6212e+07
1.01058e+08
1.1944e+08
1.42614e+08
1.72494e+08
2.12134e+08
2.66733e+08
3.45765e+08
4.68314e+08
6.77757e+08
1.08738e+09
2.01461e+09
4.33645e+09
23845
23837.5
23842
23846.7
23848
23846.7
23848.7
23845.2
23849.7
23835.6
23849.4
23848.8
23832.3
23845.4
23832.6
23843.6
23830.8
23847.7
23847.1
23819.8
23831.9
23806.6
23883.9
24453.8
26793.5
32827.4
44536.5
62638.3
86206.4
113255
141693
170039
197503
223798
248874
272798
295712
317506
338071
357273
375011
391185
405729
418646
430035
440102
449157
457620
465911
474564
484222
495648
509654
527204
549462
577860
614257
661109
721767
800903
905101
1.04366e+06
1.22947e+06
1.48044e+06
1.81953e+06
2.27371e+06
2.86945e+06
3.62858e+06
4.56514e+06
5.68445e+06
6.98638e+06
8.46888e+06
1.01322e+07
1.19826e+07
1.40349e+07
1.6314e+07
1.88546e+07
2.17001e+07
2.49042e+07
2.85299e+07
3.26504e+07
3.73552e+07
4.27573e+07
4.90019e+07
5.62764e+07
6.4821e+07
7.49557e+07
8.71136e+07
1.01886e+08
1.20116e+08
1.43049e+08
1.72578e+08
2.11726e+08
2.65675e+08
3.43874e+08
4.65343e+08
6.73549e+08
1.08238e+09
2.0101e+09
4.32846e+09
23838.5
23845.1
23836
23842.5
23844.4
23847.2
23845.1
23834.5
23847.2
23849.6
23836.5
23835.3
23836.2
23829.2
23841.2
23827
23836
23831.7
23841.6
23836.1
23825.4
23813.9
23895.7
24427.4
26634.5
32410.6
43668.1
61143.6
84045.3
110548
138661
166965
194769
221798
247927
273003
296862
319482
340843
360811
379231
395961
410894
424005
435378
445205
453791
461503
468889
476499
484924
494870
507226
523014
543411
569893
604360
649317
708222
785955
889497
1.02871e+06
1.21777e+06
1.476e+06
1.82833e+06
2.30384e+06
2.93089e+06
3.73047e+06
4.71278e+06
5.87816e+06
7.22229e+06
8.74243e+06
1.04412e+07
1.23279e+07
1.44172e+07
1.6733e+07
1.93089e+07
2.21867e+07
2.54182e+07
2.90676e+07
3.32132e+07
3.79512e+07
4.34007e+07
4.97103e+07
5.70679e+07
6.57138e+07
7.59688e+07
8.82639e+07
1.03201e+08
1.21629e+08
1.44787e+08
1.74573e+08
2.14024e+08
2.68311e+08
3.46845e+08
4.68647e+08
6.76942e+08
1.08446e+09
2.0055e+09
4.3214e+09
23840
23845.5
23837.5
23836.8
23835.3
23840
23834.4
23835.7
23845.2
23847.8
23833.7
23832.2
23848.8
23832.5
23849.6
23831.6
23847.5
23826.8
23827.2
23846.9
23815.1
23829.7
23903.1
24402.3
26485
32000.6
42803.3
59667.1
81977
108078
136078
164650
193201
221480
248876
275030
300008
323765
346237
367231
386554
404012
419461
432829
444167
453650
461599
468432
474745
480977
487800
495942
506266
519868
537991
562161
594329
636973
693538
769101
871268
1.01035e+06
1.20114e+06
1.46396e+06
1.82484e+06
2.31342e+06
2.95698e+06
3.77198e+06
4.76428e+06
5.93056e+06
7.26499e+06
8.76611e+06
1.04411e+07
1.23055e+07
1.43806e+07
1.66938e+07
1.92794e+07
2.218e+07
2.54473e+07
2.91436e+07
3.33448e+07
3.81439e+07
4.36563e+07
5.0027e+07
5.74426e+07
6.61455e+07
7.64559e+07
8.88056e+07
1.03799e+08
1.22283e+08
1.4551e+08
1.75403e+08
2.1504e+08
2.69651e+08
3.48796e+08
4.71766e+08
6.82467e+08
1.09523e+09
2.02946e+09
4.37553e+09
23846.1
23839
23841.2
23843
23837.1
23834.5
23837.9
23844.8
23840
23834.8
23845.2
23840.9
23847.1
23844.8
23844.4
23848.5
23843.2
23838.2
23829.9
23832.6
23818
23827.7
23913.2
24387.8
26360.4
31628.1
41995.1
58294.6
80115
105985
134128
163347
193159
222771
251547
279214
305731
331018
354986
377423
398022
416483
432582
446217
457433
466418
473535
479166
483777
488070
492696
498444
506274
517274
532794
554388
584083
624635
679854
755037
857753
999549
1.19679e+06
1.47196e+06
1.85367e+06
2.37374e+06
3.06045e+06
3.9307e+06
4.9866e+06
6.21833e+06
7.61346e+06
9.16402e+06
1.08708e+07
1.27445e+07
1.48088e+07
1.70981e+07
1.96511e+07
2.25132e+07
2.57383e+07
2.93909e+07
3.35504e+07
3.83137e+07
4.38011e+07
5.01638e+07
5.75934e+07
6.63388e+07
7.67269e+07
8.91979e+07
1.04362e+08
1.23075e+08
1.46596e+08
1.76847e+08
2.16893e+08
2.71949e+08
3.51558e+08
4.74901e+08
6.8572e+08
1.09812e+09
2.02689e+09
4.3812e+09
23847.3
23836.6
23846.4
23844.7
23846.5
23838.8
23848.2
23848.5
23834.4
23834.8
23848.8
23851.7
23835
23852
23832.9
23850.1
23831
23847.7
23844
23818.3
23829.2
23830.7
23928.1
24385.2
26255.9
31282
41223.3
57001.5
78440.6
104273
132854
163148
194309
225516
256189
285873
314414
341816
367888
392234
414429
434071
450870
464684
475562
483734
489645
493611
496288
498244
500210
503128
507956
515754
527859
545873
571871
608729
660404
732489
833057
974107
1.17293e+06
1.45343e+06
1.84579e+06
2.38268e+06
3.09185e+06
3.98851e+06
5.07262e+06
6.3338e+06
7.76139e+06
9.35003e+06
1.11009e+07
1.30243e+07
1.51388e+07
1.74715e+07
2.0058e+07
2.29432e+07
2.61816e+07
2.98388e+07
3.39937e+07
3.87424e+07
4.42038e+07
5.05275e+07
5.79042e+07
6.65802e+07
7.688e+07
8.9242e+07
1.04279e+08
1.22856e+08
1.46243e+08
1.76364e+08
2.16301e+08
2.71325e+08
3.51051e+08
4.74819e+08
6.86444e+08
1.1006e+09
2.0345e+09
4.39727e+09
23843.4
23842.4
23841.2
23837.7
23846.2
23848.3
23844
23840.1
23843.5
23846.9
23838.1
23846.1
23834.4
23847
23834.7
23833.2
23834.4
23837.7
23840
23829.1
23839.6
23847
23944.8
24395.9
26184.8
30990.7
40539.1
55871.9
77072.8
103096
132466
164007
196737
230051
263197
295476
326823
357045
385755
412462
436585
457593
475154
489145
499612
506745
510834
512748
512937
511931
510691
510318
511573
515666
523840
537753
559459
591738
638480
705284
800403
936121
1.13041e+06
1.40832e+06
1.8016e+06
2.3445e+06
3.0646e+06
3.97601e+06
5.07803e+06
6.36314e+06
7.82242e+06
9.44863e+06
1.1241e+07
1.32076e+07
1.53651e+07
1.7739e+07
2.03625e+07
2.32776e+07
2.65369e+07
3.02057e+07
3.43645e+07
3.9112e+07
4.457e+07
5.08913e+07
5.82705e+07
6.6959e+07
7.72852e+07
8.96907e+07
1.04784e+08
1.23423e+08
1.46875e+08
1.77064e+08
2.17071e+08
2.72145e+08
3.51891e+08
4.75658e+08
6.87247e+08
1.1011e+09
2.03407e+09
4.395e+09
23838.4
23845.9
23835.7
23840.2
23837.4
23846.1
23834.5
23834
23848.3
23848.7
23834.2
23832.4
23842.8
23834.5
23843.4
23829.7
23845.6
23826.2
23825.6
23845.1
23833.3
23854.8
23971.4
24418.8
26148.5
30757.5
39952.6
54923.1
76030.4
102499
132943
165877
200657
236644
272896
308624
343554
377257
409163
438670
464981
487448
505674
519608
529111
534631
536895
537084
533655
529061
524169
519880
517214
517318
521350
530868
547833
574950
616049
676699
765159
893826
1.08098e+06
1.35241e+06
1.741e+06
2.28273e+06
3.00275e+06
3.91355e+06
5.01516e+06
6.30156e+06
7.76665e+06
9.40485e+06
1.12147e+07
1.32058e+07
1.53975e+07
1.78167e+07
2.04978e+07
2.34832e+07
2.68256e+07
3.05881e+07
3.48476e+07
3.96993e+07
4.5262e+07
5.16853e+07
5.91601e+07
6.79351e+07
7.83373e+07
9.08108e+07
1.05965e+08
1.24668e+08
1.48192e+08
1.78476e+08
2.18636e+08
2.73944e+08
3.5407e+08
4.78527e+08
6.91662e+08
1.10909e+09
2.05252e+09
4.42902e+09
23840.6
23839.5
23839.5
23846.2
23836.1
23836.5
23839.4
23839.1
23838.9
23838.2
23843.5
23836
23849.8
23833.2
23848.8
23844.8
23842.4
23833.9
23831.5
23837
23825.2
23853.2
23985.9
24454.3
26156.5
30610.7
39516.7
54232.6
75431.6
102647
134252
169025
206400
245733
285922
326077
365434
403324
438933
471548
500163
524053
542837
556163
564404
568220
568949
565446
558922
550262
541158
532454
525097
520418
519849
524853
537345
560021
596807
653673
739350
867559
1.05877e+06
1.34245e+06
1.75573e+06
2.33729e+06
3.11431e+06
4.09294e+06
5.25959e+06
6.59301e+06
8.0772e+06
9.71134e+06
1.1507e+07
1.348e+07
1.56516e+07
1.80499e+07
2.07116e+07
2.36821e+07
2.70138e+07
3.07701e+07
3.50293e+07
3.98884e+07
4.54676e+07
5.19185e+07
5.94344e+07
6.8265e+07
7.87398e+07
9.13054e+07
1.06575e+08
1.25418e+08
1.49112e+08
1.79607e+08
2.20026e+08
2.75664e+08
3.56211e+08
4.81233e+08
6.95197e+08
1.11374e+09
2.05727e+09
4.44749e+09
23847.1
23836.8
23846.8
23841
23841.8
23835.7
23848
23848.9
23833.6
23833.9
23848.8
23849.9
23845
23845.9
23844.9
23850.5
23831.9
23845.8
23844.8
23820.2
23831.1
23858.9
24020.6
24498.8
26184.1
30516.4
39183.8
53734.3
75170.9
103247
136364
173460
214042
257469
302527
348016
392694
435495
475474
511766
542782
567755
586303
598585
605022
607233
604668
596586
585885
573350
559921
546603
534367
524496
518703
518403
525498
542636
573664
624202
703287
824971
1.01107e+06
1.29245e+06
1.70746e+06
2.29435e+06
3.0804e+06
4.07247e+06
5.2599e+06
6.62563e+06
8.15574e+06
9.84334e+06
1.16907e+07
1.37102e+07
1.59236e+07
1.83612e+07
2.10604e+07
2.4066e+07
2.74332e+07
3.1228e+07
3.55303e+07
4.04382e+07
4.6073e+07
5.25868e+07
6.01743e+07
6.90864e+07
7.96546e+07
9.23271e+07
1.07719e+08
1.26706e+08
1.50572e+08
1.81279e+08
2.21963e+08
2.77949e+08
3.58996e+08
4.84768e+08
6.99978e+08
1.12102e+09
2.07097e+09
4.47393e+09
23846.7
23843.6
23843.7
23836.3
23847.5
23843.4
23842.9
23846.2
23840.6
23842.2
23840.3
23845.8
23833.6
23849.1
23833.6
23836.8
23835.8
23838
23836.8
23825.1
23845.1
23873.5
24032
24550.9
26240.2
30489.1
38976.9
53473.9
75330.1
104451
139494
179496
223995
272323
323236
375064
426163
474816
519807
559409
592623
618598
636835
647268
651286
650433
642603
630278
614782
597394
578850
560571
543566
529189
518620
513219
514848
525956
550449
594215
665582
778138
953090
1.22156e+06
1.62401e+06
2.20146e+06
2.98018e+06
3.963e+06
5.13384e+06
6.47184e+06
7.96311e+06
9.60588e+06
1.14098e+07
1.33935e+07
1.5583e+07
1.80102e+07
2.07116e+07
2.37297e+07
2.71168e+07
3.09367e+07
3.52669e+07
4.0203e+07
4.58645e+07
5.24039e+07
6.0017e+07
6.8956e+07
7.95549e+07
9.2263e+07
1.07698e+08
1.26747e+08
1.50703e+08
1.81545e+08
2.22444e+08
2.7877e+08
3.6038e+08
4.87112e+08
7.04039e+08
1.12852e+09
2.08681e+09
4.50808e+09
23842.7
23845.7
23835.9
23842.9
23843.6
23847.7
23834.7
23836
23848.7
23849.3
23834
23833
23835.2
23835.8
23834.2
23830.1
23845.4
23826.9
23825.4
23840.5
23839.4
23867.3
24042.2
24633.5
26324.2
30534.9
38949.4
53514.9
75855.5
106332
143853
187393
236610
290758
348512
407893
466585
521940
571729
614737
649977
676164
692904
700905
702630
696529
683794
666521
645924
623224
599477
575775
553609
534085
518358
507994
504909
511660
531612
569871
634955
740320
907410
1.16817e+06
1.56494e+06
2.14285e+06
2.9325e+06
3.93817e+06
5.14199e+06
6.51853e+06
8.04845e+06
9.72356e+06
1.15474e+07
1.35336e+07
1.57044e+07
1.80903e+07
2.07311e+07
2.36756e+07
2.69816e+07
3.07172e+07
3.4965e+07
3.98258e+07
4.54227e+07
5.19079e+07
5.94739e+07
6.83709e+07
7.89317e+07
9.16033e+07
1.07003e+08
1.26011e+08
1.49914e+08
1.80686e+08
2.21482e+08
2.7765e+08
3.59007e+08
4.85321e+08
7.01426e+08
1.1241e+09
2.07722e+09
4.49155e+09
23838.4
23838.4
23837.9
23846.4
23835.5
23841.2
23839.4
23835.4
23841.4
23842.6
23842
23838
23839.5
23834
23843.1
23842.8
23840.6
23835.5
23835.4
23837
23833
23862.7
24057.9
24737.9
26422.7
30648.3
39059.7
53772
76775.6
108939
149427
197346
252122
313004
378350
446135
513679
576597
631739
677529
713966
739777
754109
759674
757605
745463
727265
704440
678240
649918
620753
592071
564998
540540
519744
504233
495820
496813
510461
541727
598685
694218
848934
1.0941e+06
1.47104e+06
2.02422e+06
2.78671e+06
3.76771e+06
4.95499e+06
6.32771e+06
7.86762e+06
9.56577e+06
1.14241e+07
1.34543e+07
1.56772e+07
1.81216e+07
2.08235e+07
2.38261e+07
2.71819e+07
3.09552e+07
3.52259e+07
4.00935e+07
4.5681e+07
5.21438e+07
5.96793e+07
6.85427e+07
7.90708e+07
9.17157e+07
1.07099e+08
1.26104e+08
1.50021e+08
1.80825e+08
2.21668e+08
2.7791e+08
3.59344e+08
4.85703e+08
7.01802e+08
1.12428e+09
2.07626e+09
4.48714e+09
23840.5
23836.9
23845.9
23838.7
23837.9
23834.8
23848
23842.3
23835.6
23833.9
23848.5
23848.7
23850.1
23846.8
23848.6
23848.5
23831.5
23844.1
23843.5
23823.7
23841.9
23872.8
24065
24810.3
26550.2
30840.9
39308.5
54264.4
78117
112316
156377
209372
270763
339409
413057
489166
563844
633848
694909
744894
782393
806948
819217
821217
813088
796396
772859
744326
712291
678335
644045
610586
578828
549738
524424
504326
491031
486593
494058
517930
565428
648254
785418
1.00668e+06
1.35294e+06
1.8699e+06
2.59375e+06
3.53782e+06
4.69217e+06
6.03577e+06
7.5482e+06
9.21762e+06
1.10443e+07
1.30395e+07
1.52244e+07
1.76287e+07
2.02892e+07
2.32491e+07
2.65606e+07
3.02879e+07
3.45112e+07
3.93318e+07
4.48751e+07
5.1296e+07
5.879e+07
6.76071e+07
7.80792e+07
9.06533e+07
1.05945e+08
1.24831e+08
1.48592e+08
1.79192e+08
2.19766e+08
2.75651e+08
3.56593e+08
4.82233e+08
6.97316e+08
1.1184e+09
2.06912e+09
4.47178e+09
23846.8
23844
23845.2
23836.6
23846.6
23839.6
23844.5
23848.6
23843.3
23840.1
23839.9
23842.3
23847.7
23844.7
23841.8
23836
23836.6
23833.9
23831.2
23827.4
23844.4
23870.6
24061.2
24855.9
26752.7
31095.1
39714.6
54999.4
79859.3
116386
164563
223499
292445
369953
453037
538126
621009
698781
765588
819185
857477
880842
889936
889251
875420
852192
821933
786616
748158
708123
668213
629598
593111
559580
530000
505563
487795
478719
481271
499841
541357
617149
745725
955878
1.28777e+06
1.78649e+06
2.48786e+06
3.40621e+06
4.5351e+06
5.85715e+06
7.35472e+06
9.01628e+06
1.08412e+07
1.28373e+07
1.50202e+07
1.74135e+07
2.00511e+07
2.29793e+07
2.62561e+07
2.99517e+07
3.41518e+07
3.89565e+07
4.44858e+07
5.08912e+07
5.83655e+07
6.71585e+07
7.75999e+07
9.01344e+07
1.05374e+08
1.24184e+08
1.47838e+08
1.78275e+08
2.18595e+08
2.74067e+08
3.54331e+08
4.78786e+08
6.91515e+08
1.10728e+09
2.04389e+09
4.42229e+09
23846.9
23845.8
23837.2
23844.7
23845.4
23847.8
23835.3
23845.1
23843.7
23847.9
23834.4
23834.9
23841
23836.6
23831.1
23834.6
23846.2
23829.3
23827.9
23839.7
23837.5
23863
24042.4
24867.2
26937.3
31348.3
40238.7
55919.6
81874.8
120916
173655
239247
316801
404821
500132
596880
689917
773855
846008
902274
941520
963864
970749
965115
944926
914933
877404
834611
788890
742391
696659
652765
611556
573760
540247
511966
490391
477590
476511
491595
530114
604148
733371
947913
1.28871e+06
1.7995e+06
2.51007e+06
3.42437e+06
4.52571e+06
5.79334e+06
7.21477e+06
8.78876e+06
1.05218e+07
1.24285e+07
1.45311e+07
1.68586e+07
1.94465e+07
2.23379e+07
2.55854e+07
2.9254e+07
3.34229e+07
3.81877e+07
4.36665e+07
5.00074e+07
5.74008e+07
6.60933e+07
7.64094e+07
8.87882e+07
1.03834e+08
1.22406e+08
1.45764e+08
1.75831e+08
2.15684e+08
2.70559e+08
3.50023e+08
4.73358e+08
6.84238e+08
1.09621e+09
2.02176e+09
4.38764e+09
23844.3
23840.1
23837.3
23845
23836.5
23844.1
23836.8
23834.6
23838.6
23840.2
23844.3
23843.4
23833.2
23842.8
23834.2
23846.7
23840.1
23842.2
23842.8
23835
23841.9
23866.2
24022.4
24761.3
27012.2
31626.1
40819.6
56998.7
84153.2
126069
184296
258108
346154
446232
554317
665305
773361
871008
952502
1.01468e+06
1.05672e+06
1.07752e+06
1.08162e+06
1.06778e+06
1.03901e+06
999371
952745
901240
847038
792629
739520
689246
642397
599710
561645
528916
502939
485885
480879
492857
530083
606759
745889
982053
1.36147e+06
1.93041e+06
2.71482e+06
3.70965e+06
4.88866e+06
6.22291e+06
7.69376e+06
9.29676e+06
1.10402e+07
1.29429e+07
1.50314e+07
1.73397e+07
1.99087e+07
2.27864e+07
2.60277e+07
2.96949e+07
3.38614e+07
3.86189e+07
4.40837e+07
5.04031e+07
5.77665e+07
6.6418e+07
7.66806e+07
8.89909e+07
1.03947e+08
1.22404e+08
1.45614e+08
1.75473e+08
2.15038e+08
2.69497e+08
3.48289e+08
4.70435e+08
6.78957e+08
1.08502e+09
1.99152e+09
4.33953e+09
23838.5
23836.5
23845.4
23836.6
23837
23834.8
23845.3
23835.8
23843.9
23834.9
23847.3
23849.1
23844
23844.7
23845.6
23840.6
23830.1
23839
23838.5
23824.1
23843.8
23859.3
23992.9
24605.8
26958.6
31897.2
41307.2
58134.3
86372.8
130898
194302
276210
374871
487636
610131
736727
858701
968973
1.06068e+06
1.12983e+06
1.1737e+06
1.19223e+06
1.19003e+06
1.16757e+06
1.13014e+06
1.08203e+06
1.02581e+06
964937
902675
841091
781953
725762
673730
626456
584340
547885
518041
496694
486877
493418
523759
590796
717232
941854
1.32147e+06
1.91588e+06
2.76195e+06
3.85518e+06
5.1604e+06
6.63706e+06
8.25622e+06
1.0005e+07
1.18859e+07
1.39138e+07
1.61131e+07
1.8516e+07
2.1162e+07
2.40984e+07
2.73807e+07
3.10751e+07
3.52607e+07
4.00335e+07
4.55117e+07
5.18431e+07
5.92158e+07
6.78731e+07
7.81363e+07
9.0439e+07
1.05378e+08
1.23809e+08
1.46987e+08
1.76815e+08
2.16358e+08
2.70806e+08
3.49646e+08
4.71973e+08
6.80927e+08
1.08787e+09
1.99627e+09
4.35271e+09
23839.9
23842.2
23845.2
23839.1
23845.8
23837.6
23847
23843.3
23843
23845.5
23835.2
23838.1
23849.7
23835.4
23849.6
23831.7
23837.4
23827.1
23824.9
23830
23831
23851.8
23958.7
24459.7
26740.4
31960.9
41660.3
59255.6
88543.7
135390
203466
292999
401893
527115
663610
802459
935192
1.05219e+06
1.14778e+06
1.2188e+06
1.26254e+06
1.27889e+06
1.27298e+06
1.24341e+06
1.19835e+06
1.14283e+06
1.08063e+06
1.01503e+06
948573
883261
820599
761671
707111
657329
612795
574357
542769
519345
506448
508599
533619
594135
712784
930353
1.30661e+06
1.90956e+06
2.7893e+06
3.95233e+06
5.36518e+06
6.98017e+06
8.75775e+06
1.06754e+07
1.27267e+07
1.49194e+07
1.72723e+07
1.98139e+07
2.25816e+07
2.56218e+07
2.89907e+07
3.27559e+07
3.69995e+07
4.18218e+07
4.7346e+07
5.37264e+07
6.11571e+07
6.98885e+07
8.02507e+07
9.26876e+07
1.0781e+08
1.26483e+08
1.49973e+08
1.80209e+08
2.20286e+08
2.75444e+08
3.55308e+08
4.79208e+08
6.90718e+08
1.10221e+09
2.01681e+09
4.41287e+09
23842.5
23845.8
23837
23846.2
23846.1
23847.6
23841.8
23848.6
23835.8
23846.2
23836
23834.1
23837.8
23840.2
23834.9
23844.8
23849.1
23839.2
23837.9
23844.9
23841.2
23859.3
23943.5
24315.6
26173.8
31706.7
41903
59988.4
90216
138810
210548
306402
423879
558976
705908
856692
1.00112e+06
1.12955e+06
1.23399e+06
1.31195e+06
1.35709e+06
1.37143e+06
1.36048e+06
1.32413e+06
1.27066e+06
1.20786e+06
1.13906e+06
1.06774e+06
996486
927352
861678
800483
744197
693066
647350
607386
573640
547341
530335
526406
542018
588142
683650
859486
1.16665e+06
1.67528e+06
2.45442e+06
3.54339e+06
4.93671e+06
6.59668e+06
8.47963e+06
1.05525e+07
1.27969e+07
1.52079e+07
1.77953e+07
2.05805e+07
2.35951e+07
2.68817e+07
3.04952e+07
3.45026e+07
3.89862e+07
4.40475e+07
4.98112e+07
5.64346e+07
6.4118e+07
7.31172e+07
8.37709e+07
9.65337e+07
1.12032e+08
1.31151e+08
1.55186e+08
1.8612e+08
2.27113e+08
2.83529e+08
3.65192e+08
4.91821e+08
7.08037e+08
1.12896e+09
2.06548e+09
4.50999e+09
23847.8
23839.4
23837.2
23841
23837.4
23845.9
23834.4
23843.7
23841.5
23834.7
23848.5
23845.4
23837.8
23849.2
23833.6
23845.3
23841.3
23845.4
23846.2
23842
23846.2
23847.2
23920.3
24204.2
25672.1
31106
41832.7
60232.7
91574.3
141458
216223
317729
443724
589747
749287
913483
1.0719e+06
1.21439e+06
1.33123e+06
1.41097e+06
1.45732e+06
1.47164e+06
1.45903e+06
1.42104e+06
1.3648e+06
1.29351e+06
1.2152e+06
1.13523e+06
1.05692e+06
981722
911204
846541
788112
735556
688787
647965
613556
586138
567165
559137
566493
596585
662160
784846
1.00067e+06
1.36445e+06
1.94632e+06
2.81329e+06
4.00304e+06
5.51429e+06
7.32198e+06
9.39604e+06
1.17106e+07
1.42523e+07
1.70199e+07
2.00254e+07
2.32936e+07
2.68618e+07
3.07802e+07
3.51128e+07
3.99399e+07
4.53623e+07
5.15057e+07
5.85292e+07
6.66381e+07
7.60967e+07
8.72546e+07
1.00582e+08
1.16733e+08
1.36633e+08
1.61635e+08
1.9381e+08
2.36468e+08
2.95232e+08
3.80359e+08
5.12462e+08
7.38231e+08
1.1781e+09
2.15913e+09
4.71241e+09
23846.2
23837
23845.4
23836.6
23836.2
23835.8
23838.2
23834
23848.4
23838.4
23844.9
23849.9
23844.3
23840.4
23849.5
23831.9
23828.4
23828.9
23830
23830.1
23829.5
23846
23896.4
24109.7
25197
29977.7
41128
60350.1
92332.1
143101
220067
326069
459381
614810
785017
960476
1.12962e+06
1.27965e+06
1.40181e+06
1.49163e+06
1.54518e+06
1.56259e+06
1.54896e+06
1.50742e+06
1.44643e+06
1.37228e+06
1.29108e+06
1.20756e+06
1.12498e+06
1.04638e+06
973729
907401
847385
793221
744823
702320
665982
636463
614740
602791
604049
623945
671553
761768
919625
1.1855e+06
1.61825e+06
2.2925e+06
3.27554e+06
4.59354e+06
6.2378e+06
8.19867e+06
1.0459e+07
1.2997e+07
1.58057e+07
1.88939e+07
2.22843e+07
2.60136e+07
3.01321e+07
3.47042e+07
3.98107e+07
4.55533e+07
5.20603e+07
5.94937e+07
6.80613e+07
7.80324e+07
8.97642e+07
1.03737e+08
1.2062e+08
1.41367e+08
1.67367e+08
2.00754e+08
2.44931e+08
3.05696e+08
3.93614e+08
5.29948e+08
7.62849e+08
1.21668e+09
2.23069e+09
4.86339e+09
23842.4
23844.2
23845.4
23843.8
23844.1
23836.1
23847.8
23837.3
23839.5
23849.2
23833.2
23838.9
23838.6
23832.4
23849
23840.6
23836.2
23829.7
23833
23827.6
23836.6
23858.4
23901.9
24048.4
24802.2
28655.4
39762
59780.7
92177.1
143773
222064
331476
471196
635652
817155
1.00557e+06
1.18801e+06
1.35226e+06
1.4897e+06
1.5901e+06
1.65123e+06
1.6723e+06
1.65936e+06
1.61575e+06
1.55128e+06
1.47301e+06
1.3871e+06
1.29912e+06
1.21361e+06
1.13277e+06
1.05722e+06
987882
925053
868421
817768
772627
733286
700625
675076
658651
654216
666018
700408
768474
888507
1.0895e+06
1.4147e+06
1.9218e+06
2.67671e+06
3.73792e+06
5.13369e+06
6.86184e+06
8.91432e+06
1.12842e+07
1.39666e+07
1.69701e+07
2.03171e+07
2.40449e+07
2.82045e+07
3.28643e+07
3.81109e+07
4.4053e+07
5.0825e+07
5.85963e+07
6.75833e+07
7.8066e+07
9.04122e+07
1.05118e+08
1.22866e+08
1.44631e+08
1.71845e+08
2.06694e+08
2.5269e+08
3.15802e+08
4.07001e+08
5.48407e+08
7.90236e+08
1.26307e+09
2.32815e+09
5.03274e+09
23838.6
23845.1
23837.4
23843.7
23846.9
23845.6
23845.1
23848.3
23834.2
23842.4
23838.6
23832.3
23841.4
23843.6
23833.2
23848.3
23850.5
23849.6
23846
23845
23847.5
23844
23893
23999.5
24510.6
27407.6
37846.8
58154.4
90897.4
143499
222388
334390
479593
652252
844169
1.04479e+06
1.24162e+06
1.42114e+06
1.56896e+06
1.67765e+06
1.74049e+06
1.76088e+06
1.75034e+06
1.70771e+06
1.64254e+06
1.56224e+06
1.47381e+06
1.38313e+06
1.29443e+06
1.21032e+06
1.13213e+06
1.06028e+06
994754
935622
883047
836517
795428
760232
732071
712467
703203
706708
727063
771202
850595
984331
1.20165e+06
1.54589e+06
2.07894e+06
2.8827e+06
4.02294e+06
5.53555e+06
7.41386e+06
9.64431e+06
1.22185e+07
1.51366e+07
1.84124e+07
2.20751e+07
2.61701e+07
3.07611e+07
3.59327e+07
4.17926e+07
4.84786e+07
5.61647e+07
6.50763e+07
7.55064e+07
8.7843e+07
1.02609e+08
1.20522e+08
1.42603e+08
1.70344e+08
2.06015e+08
2.53241e+08
3.1816e+08
4.12018e+08
5.57484e+08
8.06078e+08
1.29273e+09
2.39582e+09
5.1411e+09
23840.5
23837.7
23836.8
23837.5
23839.8
23847
23834.9
23845.8
23843.6
23832.9
23849.3
23842.3
23848.2
23850.5
23835.2
23833.9
23840.9
23847.2
23834.5
23837.3
23830.9
23839.3
23864.2
23963.2
24290.6
26317.5
35132.2
55639.7
89253.7
141897
221256
335235
484705
664604
866523
1.07885e+06
1.2879e+06
1.47965e+06
1.6403e+06
1.7591e+06
1.83385e+06
1.86452e+06
1.86052e+06
1.82054e+06
1.75686e+06
1.67804e+06
1.58841e+06
1.49474e+06
1.40202e+06
1.31331e+06
1.23074e+06
1.15504e+06
1.08589e+06
1.02223e+06
964809
915289
872064
834862
804127
780917
766898
764835
779022
815685
885077
1.00248e+06
1.19232e+06
1.49338e+06
1.96154e+06
2.66521e+06
3.66936e+06
5.02049e+06
6.74365e+06
8.84418e+06
1.13127e+07
1.41418e+07
1.73358e+07
2.09159e+07
2.49224e+07
2.9414e+07
3.44691e+07
4.01906e+07
4.67125e+07
5.42054e+07
6.28908e+07
7.30574e+07
8.50857e+07
9.94909e+07
1.16981e+08
1.38563e+08
1.65708e+08
2.00655e+08
2.46984e+08
3.10758e+08
4.03059e+08
5.4616e+08
7.90526e+08
1.26815e+09
2.34807e+09
5.04768e+09
23845.2
23837.5
23843.8
23841.4
23835.4
23838.3
23836.6
23834.6
23848.6
23839.5
23842.1
23851.1
23838.1
23837.8
23850.8
23834.5
23832.8
23828.1
23831.1
23825
23830.1
23856.8
23869.5
23945.1
24155.4
25488
32569.6
52064.4
86410.7
138623
218973
334167
487073
673618
885530
1.11028e+06
1.33382e+06
1.5414e+06
1.71891e+06
1.85693e+06
1.95045e+06
1.99838e+06
2.00266e+06
1.9677e+06
1.90363e+06
1.81845e+06
1.72352e+06
1.62484e+06
1.52705e+06
1.43382e+06
1.34695e+06
1.26722e+06
1.19482e+06
1.13015e+06
1.07187e+06
1.01841e+06
971144
930185
896001
869159
850670
842606
848339
872318
921471
1.00726e+06
1.14768e+06
1.36945e+06
1.71158e+06
2.22873e+06
2.99279e+06
4.08147e+06
5.55386e+06
7.43917e+06
9.74715e+06
1.24798e+07
1.5642e+07
1.92489e+07
2.33338e+07
2.795e+07
3.31709e+07
3.90942e+07
4.58462e+07
5.35896e+07
6.25353e+07
7.29584e+07
8.52226e+07
9.98247e+07
1.1745e+08
1.39073e+08
1.66133e+08
2.00817e+08
2.46651e+08
3.09643e+08
4.00818e+08
5.42527e+08
7.85933e+08
1.26689e+09
2.37955e+09
5.04005e+09
23845
23844
23845.8
23844.5
23840.9
23835.3
23846.9
23836.5
23838.9
23849.9
23833.2
23842.4
23831.8
23832.3
23846.6
23850.8
23839.4
23828.3
23845.7
23842.1
23849.5
23849.1
23885.5
23924.5
24063.4
24911.4
30006.4
47558.4
82275.4
135540
215994
331963
487917
680684
902423
1.13953e+06
1.37739e+06
1.60027e+06
1.79266e+06
1.94312e+06
2.04458e+06
2.09421e+06
2.09913e+06
2.06847e+06
2.00721e+06
1.92507e+06
1.83028e+06
1.7301e+06
1.63026e+06
1.53432e+06
1.44413e+06
1.36082e+06
1.28527e+06
1.21728e+06
1.15583e+06
1.10051e+06
1.05111e+06
1.00805e+06
971541
941785
919742
907203
907590
923638
961776
1.03025e+06
1.14178e+06
1.31622e+06
1.58419e+06
1.99155e+06
2.60138e+06
3.48971e+06
4.7323e+06
6.3866e+06
8.48529e+06
1.10403e+07
1.40572e+07
1.755e+07
2.15471e+07
2.6095e+07
3.12637e+07
3.71486e+07
4.38741e+07
5.16009e+07
6.05358e+07
7.09489e+07
8.31982e+07
9.77693e+07
1.15333e+08
1.36844e+08
1.63715e+08
1.98103e+08
2.43472e+08
3.05762e+08
3.95889e+08
5.35972e+08
7.76864e+08
1.25423e+09
2.36674e+09
4.97404e+09
23844.1
23845.2
23840.2
23839.1
23847.3
23843.1
23845.9
23847.6
23834.4
23844.8
23841.9
23831.1
23840.7
23845.3
23831.6
23845.8
23835.1
23833.7
23838.7
23846.3
23840.7
23832.7
23879
23920.8
24009.9
24530.5
27963.2
42541.2
76513.2
130856
211163
327647
486023
684494
915396
1.16457e+06
1.41703e+06
1.65587e+06
1.86499e+06
2.03202e+06
2.14693e+06
2.20941e+06
2.2293e+06
2.20917e+06
2.15098e+06
2.06913e+06
1.97254e+06
1.86914e+06
1.76511e+06
1.66471e+06
1.57024e+06
1.4826e+06
1.40189e+06
1.3292e+06
1.26287e+06
1.20448e+06
1.15286e+06
1.10681e+06
1.06666e+06
1.03315e+06
1.0074e+06
991192
986991
998137
1.02906e+06
1.08666e+06
1.18135e+06
1.32903e+06
1.55401e+06
1.89292e+06
2.39799e+06
3.13687e+06
4.18643e+06
5.61857e+06
7.4849e+06
9.81333e+06
1.26162e+07
1.5904e+07
1.96977e+07
2.40365e+07
2.89831e+07
3.4627e+07
4.10896e+07
4.85311e+07
5.71598e+07
6.72498e+07
7.91656e+07
9.33989e+07
1.10627e+08
1.31813e+08
1.58379e+08
1.92481e+08
2.37574e+08
2.99547e+08
3.89198e+08
5.28339e+08
7.6711e+08
1.23947e+09
2.3409e+09
4.89605e+09
23846.4
23840.1
23836.4
23838.4
23843.3
23847.3
23836
23846
23843.7
23835.1
23848.8
23836.6
23851.3
23850.6
23837.2
23829.5
23834.2
23848.4
23827.5
23826.8
23825.6
23845.9
23872.7
23916.2
23982.6
24277.6
26435.9
37465.5
69195.5
124336
205153
322715
482383
686377
926081
1.1876e+06
1.45562e+06
1.71193e+06
1.93976e+06
2.12623e+06
2.26312e+06
2.34759e+06
2.37407e+06
2.3557e+06
2.29946e+06
2.21782e+06
2.1197e+06
2.01351e+06
1.90573e+06
1.80113e+06
1.7027e+06
1.61198e+06
1.5296e+06
1.45417e+06
1.38671e+06
1.32426e+06
1.26702e+06
1.21615e+06
1.17184e+06
1.13446e+06
1.10479e+06
1.08415e+06
1.07453e+06
1.07881e+06
1.10032e+06
1.14459e+06
1.21976e+06
1.33826e+06
1.51916e+06
1.79101e+06
2.19535e+06
2.79058e+06
3.65029e+06
4.85581e+06
6.47995e+06
8.57676e+06
1.11781e+07
1.43013e+07
1.79636e+07
2.2195e+07
2.70457e+07
3.2592e+07
3.89432e+07
4.62492e+07
5.47088e+07
6.45885e+07
7.6245e+07
9.01617e+07
1.07011e+08
1.27746e+08
1.53775e+08
1.87232e+08
2.3154e+08
2.9252e+08
3.80859e+08
5.18165e+08
7.54355e+08
1.22359e+09
2.32902e+09
4.83011e+09
23844.6
23837.3
23840.3
23841.3
23835.6
23840.5
23836.5
23835.5
23848.2
23839
23839.3
23850.5
23846
23838.2
23851.8
23834.7
23845.5
23846.6
23840.5
23831.1
23840.6
23856.7
23854.4
23905.6
23953.6
24127.3
25417.6
33232.6
60780.2
116313
198805
316576
477528
686461
934205
1.20776e+06
1.49122e+06
1.76477e+06
2.01099e+06
2.21485e+06
2.36463e+06
2.45552e+06
2.49079e+06
2.48575e+06
2.43683e+06
2.35859e+06
2.2609e+06
2.1529e+06
2.04182e+06
1.93311e+06
1.83033e+06
1.73535e+06
1.64844e+06
1.56905e+06
1.4966e+06
1.43064e+06
1.37094e+06
1.31741e+06
1.27035e+06
1.23032e+06
1.198e+06
1.17444e+06
1.16124e+06
1.16176e+06
1.17742e+06
1.21375e+06
1.27733e+06
1.37824e+06
1.53182e+06
1.76109e+06
2.09977e+06
2.59567e+06
3.31301e+06
4.33047e+06
5.73284e+06
7.59385e+06
9.96627e+06
1.28836e+07
1.63679e+07
2.0444e+07
2.51519e+07
3.05564e+07
3.67546e+07
4.38839e+07
5.21309e+07
6.17475e+07
7.3074e+07
8.65741e+07
1.02896e+08
1.22959e+08
1.48117e+08
1.80436e+08
2.23225e+08
2.82119e+08
3.67445e+08
5.00165e+08
7.28814e+08
1.18459e+09
2.26805e+09
4.66299e+09
23844
23841.5
23845.9
23845
23837.9
23835.5
23845.4
23836.7
23839.7
23838.4
23834.2
23848
23832
23832.2
23846.4
23851.5
23846.8
23829.6
23849.5
23850.8
23851.1
23838.1
23846
23894.6
23943.5
24052.7
24777.7
29983.6
52305.2
105414
190194
308155
471677
684571
939893
1.22545e+06
1.52482e+06
1.81679e+06
2.08348e+06
2.30853e+06
2.47904e+06
2.58826e+06
2.64221e+06
2.64564e+06
2.60303e+06
2.5263e+06
2.42763e+06
2.31694e+06
2.20253e+06
2.09026e+06
1.98365e+06
1.88426e+06
1.79294e+06
1.70954e+06
1.63328e+06
1.56354e+06
1.49985e+06
1.4419e+06
1.39016e+06
1.34581e+06
1.3095e+06
1.2821e+06
1.2649e+06
1.25981e+06
1.26947e+06
1.29754e+06
1.34951e+06
1.4334e+06
1.56111e+06
1.75059e+06
2.02778e+06
2.43219e+06
3.01911e+06
3.86272e+06
5.05072e+06
6.67098e+06
8.79723e+06
1.14824e+07
1.47591e+07
1.8656e+07
2.32132e+07
2.84928e+07
3.45875e+07
4.16289e+07
4.97964e+07
5.93305e+07
7.05562e+07
8.39149e+07
1.00019e+08
1.19745e+08
1.44386e+08
1.75919e+08
2.17527e+08
2.74655e+08
3.57319e+08
4.85886e+08
7.07587e+08
1.15075e+09
2.2096e+09
4.51762e+09
23848.3
23845.1
23843.4
23842.1
23845.6
23840.4
23845.4
23846
23835.2
23838.1
23842.7
23835.5
23833.8
23842.2
23831.9
23847.3
23831.3
23832.8
23836.4
23842.9
23832.7
23831.3
23859.1
23899.2
23938.8
24000.8
24394.7
27553.4
43848.9
92617.5
178472
299555
464665
680753
943337
1.2408e+06
1.55634e+06
1.86751e+06
2.15574e+06
2.40315e+06
2.59593e+06
2.72796e+06
2.79154e+06
2.79889e+06
2.7599e+06
2.68394e+06
2.58444e+06
2.4716e+06
2.35394e+06
2.23772e+06
2.12692e+06
2.02382e+06
1.9288e+06
1.84174e+06
1.76219e+06
1.68959e+06
1.6237e+06
1.56434e+06
1.51159e+06
1.46529e+06
1.42638e+06
1.39585e+06
1.37523e+06
1.3664e+06
1.37194e+06
1.39488e+06
1.43991e+06
1.51366e+06
1.62583e+06
1.79118e+06
2.0328e+06
2.38374e+06
2.88364e+06
3.593e+06
4.59039e+06
5.96572e+06
7.80921e+06
1.01954e+07
1.31802e+07
1.68065e+07
2.11168e+07
2.6169e+07
3.205e+07
3.88866e+07
4.68568e+07
5.62013e+07
6.72469e+07
8.04343e+07
9.63734e+07
1.1593e+08
1.40378e+08
1.7166e+08
2.129e+08
2.69428e+08
3.51083e+08
4.77877e+08
6.96361e+08
1.13439e+09
2.19024e+09
4.43427e+09
23856.4
23842.3
23837.6
23837.4
23844.9
23846.5
23837.9
23845.4
23842.5
23846.4
23847.2
23833.4
23843.8
23850.7
23835.2
23830.9
23833.3
23850
23827.1
23826.4
23828.7
23848.7
23870.3
23897.4
23923.7
23967.8
24187.1
25978.2
37128.4
78080
162915
287925
454824
673844
943584
1.25244e+06
1.58391e+06
1.9145e+06
2.22454e+06
2.49402e+06
2.70706e+06
2.85418e+06
2.93396e+06
2.95399e+06
2.92729e+06
2.85675e+06
2.75839e+06
2.64368e+06
2.5224e+06
2.40166e+06
2.28602e+06
2.17803e+06
2.07858e+06
1.98765e+06
1.9047e+06
1.82909e+06
1.76022e+06
1.69769e+06
1.64146e+06
1.59163e+06
1.54872e+06
1.51397e+06
1.48895e+06
1.47558e+06
1.47702e+06
1.49513e+06
1.53477e+06
1.60175e+06
1.70435e+06
1.8545e+06
2.06964e+06
2.37529e+06
2.80854e+06
3.4219e+06
4.28538e+06
5.48358e+06
7.10768e+06
9.24263e+06
1.19584e+07
1.53066e+07
1.93283e+07
2.4071e+07
2.96063e+07
3.60433e+07
4.35424e+07
5.23303e+07
6.27215e+07
7.51501e+07
9.02204e+07
1.08792e+08
1.32127e+08
1.62148e+08
2.01943e+08
2.56746e+08
3.36181e+08
4.59831e+08
6.73189e+08
1.10109e+09
2.13328e+09
4.31238e+09
23859.7
23838.3
23838.6
23839.7
23839
23843.3
23837.8
23837.7
23846.2
23845
23840.2
23840.4
23849.6
23843.5
23849.1
23833
23848.5
23848.3
23836.6
23835.5
23847.2
23854.7
23853.2
23880.9
23916.1
23959
24081.7
25040.7
32017.2
63108.5
144208
272120
442917
665546
940969
1.26111e+06
1.60833e+06
1.95888e+06
2.29207e+06
2.58631e+06
2.82472e+06
2.99593e+06
3.09741e+06
3.13507e+06
3.12342e+06
3.05865e+06
2.96079e+06
2.84313e+06
2.71646e+06
2.58909e+06
2.46671e+06
2.35223e+06
2.24681e+06
2.15048e+06
2.06264e+06
1.98245e+06
1.90928e+06
1.84286e+06
1.78303e+06
1.73002e+06
1.68437e+06
1.64693e+06
1.61891e+06
1.60201e+06
1.59841e+06
1.61088e+06
1.64305e+06
1.6999e+06
1.78849e+06
1.91878e+06
2.1052e+06
2.36878e+06
2.74041e+06
3.26503e+06
4.0056e+06
5.04463e+06
6.47832e+06
8.4068e+06
1.09199e+07
1.40892e+07
1.79694e+07
2.26096e+07
2.807e+07
3.44393e+07
4.18524e+07
5.05041e+07
6.06712e+07
7.27458e+07
8.72854e+07
1.05096e+08
1.27369e+08
1.55929e+08
1.93716e+08
2.45746e+08
3.21236e+08
4.38983e+08
6.42813e+08
1.05359e+09
2.0534e+09
4.11416e+09
23862.9
23839.7
23843
23844.3
23837.6
23837.3
23843
23837.6
23840.7
23837.1
23835.4
23849.2
23845.2
23833.1
23848.8
23846.9
23847.1
23833.6
23852.1
23850.5
23849.6
23838
23839.7
23878.1
23915.4
23950
24023.9
24511.6
28632.9
50734.2
122357
252337
429189
656614
937478
1.26833e+06
1.63095e+06
2.00165e+06
2.35862e+06
2.6781e+06
2.94152e+06
3.1348e+06
3.2528e+06
3.29901e+06
3.29321e+06
3.23212e+06
3.13695e+06
3.0184e+06
2.88838e+06
2.75673e+06
2.62972e+06
2.51077e+06
2.40125e+06
2.30115e+06
2.20982e+06
2.12629e+06
2.04965e+06
1.97966e+06
1.91627e+06
1.85977e+06
1.81093e+06
1.77058e+06
1.73989e+06
1.72036e+06
1.714e+06
1.72335e+06
1.75158e+06
1.80304e+06
1.88391e+06
2.00286e+06
2.17221e+06
2.40956e+06
2.7402e+06
3.20033e+06
3.84076e+06
4.7303e+06
5.95825e+06
7.62787e+06
9.8457e+06
1.27093e+07
1.63007e+07
2.06882e+07
2.59387e+07
3.21376e+07
3.94101e+07
4.79374e+07
5.79826e+07
6.992e+07
8.42844e+07
1.01849e+08
1.23756e+08
1.5176e+08
1.88688e+08
2.39392e+08
3.12779e+08
4.27057e+08
6.24773e+08
1.02386e+09
1.99905e+09
3.98555e+09
23866.5
23843.5
23843.5
23843.1
23841.1
23838.7
23843.4
23842.7
23838.3
23836.9
23840
23846.1
23835.3
23837.1
23839.5
23848.8
23835.5
23832.6
23848.5
23842.8
23834.6
23832.4
23851.3
23888.8
23911.3
23936.2
23979.6
24235
26466
40664.3
97894.9
226021
410624
642911
930339
1.27151e+06
1.64857e+06
2.0391e+06
2.42023e+06
2.76583e+06
3.05532e+06
3.27352e+06
3.41541e+06
3.47982e+06
3.48561e+06
3.43975e+06
3.34841e+06
3.22843e+06
3.09579e+06
2.96091e+06
2.8284e+06
2.70329e+06
2.58762e+06
2.48149e+06
2.3846e+06
2.29601e+06
2.21514e+06
2.14136e+06
2.07446e+06
2.01422e+06
1.9614e+06
1.91708e+06
1.88248e+06
1.85905e+06
1.84863e+06
1.85371e+06
1.87671e+06
1.92181e+06
1.9944e+06
2.10182e+06
2.25432e+06
2.46672e+06
2.76034e+06
3.1658e+06
3.72661e+06
4.50301e+06
5.57418e+06
7.03824e+06
9.00518e+06
1.15843e+07
1.48736e+07
1.89578e+07
2.39166e+07
2.98426e+07
3.68583e+07
4.51382e+07
5.49353e+07
6.66066e+07
8.06629e+07
9.78477e+07
1.1927e+08
1.46628e+08
1.82659e+08
2.3206e+08
3.03481e+08
4.14575e+08
6.06752e+08
9.9502e+08
1.94687e+09
3.85961e+09
23877.2
23844.1
23839.8
23838.5
23844.6
23844.7
23838.8
23843.7
23843.1
23844.2
23847
23835.2
23835.9
23848.7
23833.6
23836.2
23835.5
23847
23844.4
23829.8
23831.1
23848.6
23866.3
23885.6
23902
23922
23962.2
24092.7
25146
33096.7
72833
191896
384793
627598
923946
1.2749e+06
1.66723e+06
2.0793e+06
2.48712e+06
2.862e+06
3.18202e+06
3.42839e+06
3.59327e+06
3.67894e+06
3.69868e+06
3.65726e+06
3.56265e+06
3.44069e+06
3.30336e+06
3.16019e+06
3.0212e+06
2.89029e+06
2.76922e+06
2.65828e+06
2.55675e+06
2.46413e+06
2.37968e+06
2.30254e+06
2.23255e+06
2.16946e+06
2.11375e+06
2.06627e+06
2.02823e+06
2.0011e+06
1.98669e+06
1.98863e+06
2.00712e+06
2.04719e+06
2.11362e+06
2.21278e+06
2.35352e+06
2.5483e+06
2.81477e+06
3.17808e+06
3.67382e+06
4.35176e+06
5.27915e+06
6.5436e+06
8.25177e+06
1.05222e+07
1.34741e+07
1.72172e+07
2.18505e+07
2.74759e+07
3.42143e+07
4.22328e+07
5.17706e+07
6.31701e+07
7.69227e+07
9.3751e+07
1.14735e+08
1.4153e+08
1.76801e+08
2.25131e+08
2.94981e+08
4.03637e+08
5.91752e+08
9.72455e+08
1.90991e+09
3.76843e+09
23890.3
23840.2
23839.7
23840.6
23839.6
23842.7
23840.5
23837.8
23842.8
23844
23839.8
23836
23847
23844.4
23842
23832.5
23847.6
23847.9
23833.8
23842.9
23850.8
23854.1
23850.7
23860.3
23895.5
23925.7
23958.4
24015.2
24492.1
28563
53445.4
150721
348226
605607
914033
1.27506e+06
1.68244e+06
2.11628e+06
2.55149e+06
2.95636e+06
3.30685e+06
3.58116e+06
3.76888e+06
3.86922e+06
3.89542e+06
3.86786e+06
3.77951e+06
3.6584e+06
3.51907e+06
3.37372e+06
3.23072e+06
3.09473e+06
2.96804e+06
2.85154e+06
2.745e+06
2.6476e+06
2.55845e+06
2.47684e+06
2.40241e+06
2.33545e+06
2.27612e+06
2.22516e+06
2.18368e+06
2.15313e+06
2.13519e+06
2.13364e+06
2.14835e+06
2.18437e+06
2.24577e+06
2.33848e+06
2.47051e+06
2.65278e+06
2.90053e+06
3.23529e+06
3.68752e+06
4.30032e+06
5.13335e+06
6.26529e+06
7.79429e+06
9.83465e+06
1.25088e+07
1.59367e+07
2.02315e+07
2.55029e+07
3.18735e+07
3.95026e+07
4.86168e+07
5.9542e+07
7.27516e+07
8.89409e+07
1.09162e+08
1.35028e+08
1.69133e+08
2.1595e+08
2.83701e+08
3.89181e+08
5.71846e+08
9.41556e+08
1.85236e+09
3.64707e+09
23898.4
23841.2
23843.6
23844.1
23838.4
23837.3
23844.1
23841.4
23838.3
23836.5
23835.4
23846.1
23846.6
23833.9
23848.8
23846.7
23840.5
23833
23836.1
23850.1
23847.4
23835.3
23836
23867.8
23900.1
23922.7
23946.5
23991.3
24191.7
26131.1
40016.9
108002
299492
575392
900055
1.27249e+06
1.69513e+06
2.15114e+06
2.61464e+06
3.05108e+06
3.43471e+06
3.74091e+06
3.95713e+06
4.08101e+06
4.12131e+06
4.10657e+06
4.02392e+06
3.90456e+06
3.76362e+06
3.61366e+06
3.46411e+06
3.32111e+06
3.18795e+06
3.06573e+06
2.95395e+06
2.85154e+06
2.75748e+06
2.67105e+06
2.5918e+06
2.52018e+06
2.45676e+06
2.40212e+06
2.35733e+06
2.32375e+06
2.30303e+06
2.29722e+06
2.3088e+06
2.34079e+06
2.39724e+06
2.48356e+06
2.60695e+06
2.77716e+06
3.00759e+06
3.31692e+06
3.73126e+06
4.28719e+06
5.03552e+06
6.0454e+06
7.40738e+06
9.23286e+06
1.16487e+07
1.4788e+07
1.87825e+07
2.37612e+07
2.9859e+07
3.72378e+07
4.61156e+07
5.68008e+07
6.97468e+07
8.56225e+07
1.05442e+08
1.30774e+08
1.64153e+08
2.09953e+08
2.76211e+08
3.79414e+08
5.58255e+08
9.21017e+08
1.81916e+09
3.55758e+09
23904
23843.5
23841.7
23840.5
23843.8
23841
23839.7
23844.6
23842.8
23840.2
23844.2
23846.6
23836.1
23839
23845.4
23849.9
23835.9
23837.5
23849
23834.2
23829.5
23833.9
23849.7
23882.2
23895.2
23909.9
23934.2
23982.3
24081.6
24963.8
32086.4
74895.7
236351
531441
879218
1.26867e+06
1.70617e+06
2.18457e+06
2.67673e+06
3.14576e+06
3.56364e+06
3.90247e+06
4.14646e+06
4.29135e+06
4.34426e+06
4.33909e+06
4.25846e+06
4.13512e+06
3.98653e+06
3.82801e+06
3.67092e+06
3.52199e+06
3.3843e+06
3.25834e+06
3.14328e+06
3.03791e+06
2.94085e+06
2.85126e+06
2.76899e+06
2.69422e+06
2.62745e+06
2.56937e+06
2.5211e+06
2.48406e+06
2.45993e+06
2.45083e+06
2.45928e+06
2.48793e+06
2.54057e+06
2.62227e+06
2.73963e+06
2.90146e+06
3.11975e+06
3.41096e+06
3.79785e+06
4.312e+06
4.99692e+06
5.91186e+06
7.13533e+06
8.76686e+06
1.09264e+07
1.37499e+07
1.73806e+07
2.19622e+07
2.76447e+07
3.45998e+07
4.30442e+07
5.32774e+07
6.57349e+07
8.1053e+07
1.00195e+08
1.24663e+08
1.56893e+08
2.01076e+08
2.64964e+08
3.6447e+08
5.37032e+08
8.87594e+08
1.75724e+09
3.43124e+09
23915
23846.6
23838.9
23838.6
23843.4
23845.2
23839.2
23838.4
23842.3
23846.4
23846.8
23836.9
23835.3
23849.2
23843.5
23836.6
23845.3
23850.6
23841.5
23834.1
23838
23853.5
23863.3
23867.8
23879
23905.7
23935.3
23974.1
24034.5
24419.5
27863.2
51950
168854
467225
847054
1.26046e+06
1.71545e+06
2.21604e+06
2.73648e+06
3.23867e+06
3.69186e+06
4.06541e+06
4.34003e+06
4.50977e+06
4.58059e+06
4.58724e+06
4.51752e+06
4.39383e+06
4.24162e+06
4.0784e+06
3.91535e+06
3.75974e+06
3.61528e+06
3.4831e+06
3.36285e+06
3.25353e+06
3.15362e+06
3.0626e+06
2.97909e+06
2.90291e+06
2.83395e+06
2.77245e+06
2.71998e+06
2.67824e+06
2.6493e+06
2.63528e+06
2.63985e+06
2.66357e+06
2.71147e+06
2.78794e+06
2.89902e+06
3.05269e+06
3.25967e+06
3.53457e+06
3.89741e+06
4.37584e+06
5.00794e+06
5.84587e+06
6.95995e+06
8.4419e+06
1.04067e+07
1.29899e+07
1.6341e+07
2.06163e+07
2.59758e+07
3.25935e+07
4.06817e+07
5.05276e+07
6.25455e+07
7.73484e+07
9.58666e+07
1.19558e+08
1.50781e+08
1.93604e+08
2.55558e+08
3.5209e+08
5.19652e+08
8.60398e+08
1.70701e+09
3.32868e+09
23926.6
23846.1
23842.4
23843.2
23838.2
23840.2
23844
23838.9
23839.5
23839.8
23837
23835.9
23845.3
23844.3
23840.5
23832.9
23841.4
23840.6
23831.9
23850.8
23854.5
23852
23846.6
23851.5
23889.1
23909.6
23930.4
23957.4
23998.4
24197.5
25780.9
38349.8
113575
380302
799280
1.24509e+06
1.72473e+06
2.24715e+06
2.7954e+06
3.33129e+06
3.82108e+06
4.23139e+06
4.53814e+06
4.73366e+06
4.82248e+06
4.83746e+06
4.77707e+06
4.65616e+06
4.50261e+06
4.33342e+06
4.16241e+06
3.99861e+06
3.84673e+06
3.70838e+06
3.58308e+06
3.46928e+06
3.3655e+06
3.26944e+06
3.18162e+06
3.10181e+06
3.02981e+06
2.96664e+06
2.91306e+06
2.87034e+06
2.84018e+06
2.82497e+06
2.82878e+06
2.85018e+06
2.89464e+06
2.96701e+06
3.07312e+06
3.22049e+06
3.41916e+06
3.68273e+06
4.02974e+06
4.48552e+06
5.08454e+06
5.8734e+06
6.91505e+06
8.29177e+06
1.01084e+07
1.24932e+07
1.55954e+07
1.95797e+07
2.4621e+07
3.09068e+07
3.86525e+07
4.81333e+07
5.97369e+07
7.40421e+07
9.19259e+07
1.1477e+08
1.44833e+08
1.86038e+08
2.45636e+08
3.3851e+08
4.99796e+08
8.28478e+08
1.64843e+09
3.19417e+09
23932.4
23845.9
23843.3
23843.5
23839.5
23837.3
23841.1
23845.5
23843
23836.9
23836
23845.1
23847.4
23833.9
23833.8
23843.2
23836
23832.6
23843
23847.5
23842.6
23833.8
23838.6
23865.9
23890.9
23898.7
23915.5
23942.6
23983.7
24090.5
24846.1
31007.2
74172.8
280804
725962
1.21839e+06
1.73224e+06
2.27666e+06
2.85253e+06
3.42228e+06
3.94977e+06
4.39844e+06
4.73896e+06
4.96204e+06
5.07103e+06
5.09586e+06
5.04814e+06
4.92652e+06
4.76878e+06
4.59344e+06
4.41488e+06
4.2428e+06
4.08278e+06
3.93698e+06
3.80525e+06
3.68614e+06
3.57744e+06
3.47782e+06
3.38704e+06
3.30478e+06
3.23112e+06
3.16655e+06
3.1116e+06
3.06726e+06
3.03496e+06
3.01666e+06
3.0188e+06
3.03649e+06
3.07766e+06
3.14647e+06
3.24845e+06
3.39075e+06
3.58256e+06
3.83647e+06
4.16945e+06
4.60462e+06
5.17339e+06
5.91829e+06
6.89913e+06
8.18924e+06
9.88682e+06
1.21136e+07
1.5014e+07
1.87512e+07
2.35062e+07
2.94769e+07
3.68865e+07
4.60045e+07
5.72088e+07
7.10748e+07
8.84746e+07
1.10779e+08
1.40199e+08
1.80529e+08
2.38796e+08
3.29458e+08
4.86643e+08
8.06508e+08
1.60276e+09
3.09491e+09
23939.8
23848.8
23840
23838.6
23844.4
23842.7
23838.7
23842.4
23841
23844.8
23846.3
23846.7
23837.4
23837.6
23839.5
23849.6
23845.9
23846.8
23850
23831.6
23830.9
23839.1
23857.7
23871.8
23869.7
23888.9
23917.4
23942.6
23978.5
24046.3
24430.4
27426.5
49814.7
185311
615208
1.17659e+06
1.73115e+06
2.30407e+06
2.90692e+06
3.51054e+06
4.07676e+06
4.56613e+06
4.94277e+06
5.19579e+06
5.32737e+06
5.36323e+06
5.32967e+06
5.20979e+06
5.04867e+06
4.86647e+06
4.67961e+06
4.49906e+06
4.3309e+06
4.17753e+06
4.03899e+06
3.91399e+06
3.80095e+06
3.69824e+06
3.60471e+06
3.51977e+06
3.44315e+06
3.3752e+06
3.31701e+06
3.26979e+06
3.23488e+06
3.21363e+06
3.21324e+06
3.22731e+06
3.26401e+06
3.32669e+06
3.41997e+06
3.55005e+06
3.72497e+06
3.9554e+06
4.25559e+06
4.64479e+06
5.14957e+06
5.80739e+06
6.67048e+06
7.81004e+06
9.32138e+06
1.13277e+07
1.39801e+07
1.74553e+07
2.19507e+07
2.76917e+07
3.49465e+07
4.40323e+07
5.53289e+07
6.93397e+07
8.68064e+07
1.08984e+08
1.37961e+08
1.7738e+08
2.3401e+08
3.21801e+08
4.73714e+08
7.83181e+08
1.55664e+09
2.98847e+09
23951.4
23849.5
23841.5
23839.4
23843.4
23845.1
23843.4
23836.4
23838.6
23844
23846.4
23838.2
23835.3
23847.8
23849
23846
23848.5
23848.7
23837.3
23834
23845.4
23856.2
23859.2
23852.3
23870.3
23898
23919.2
23936.1
23961.9
24012.7
24215.9
25742.7
37187.4
117633
478277
1.10704e+06
1.71507e+06
2.332e+06
2.96063e+06
3.59866e+06
4.20459e+06
4.73709e+06
5.15164e+06
5.43605e+06
5.59154e+06
5.63905e+06
5.61836e+06
5.50148e+06
5.33705e+06
5.14802e+06
4.95258e+06
4.76303e+06
4.58632e+06
4.42525e+06
4.27988e+06
4.14878e+06
4.03001e+06
3.92193e+06
3.82322e+06
3.73317e+06
3.65195e+06
3.57997e+06
3.51808e+06
3.46739e+06
3.42945e+06
3.40606e+06
3.39937e+06
3.41196e+06
3.44688e+06
3.50791e+06
3.59919e+06
3.72628e+06
3.89654e+06
4.11919e+06
4.40672e+06
4.77624e+06
5.25124e+06
5.86361e+06
6.65683e+06
7.68992e+06
9.04163e+06
1.08171e+07
1.31549e+07
1.62307e+07
2.02567e+07
2.54775e+07
3.2169e+07
4.06581e+07
5.1366e+07
6.48653e+07
8.19841e+07
1.03999e+08
1.32994e+08
1.72575e+08
2.29429e+08
3.17486e+08
4.69933e+08
7.81298e+08
1.56351e+09
2.98565e+09
23958.6
23849.4
23843
23844.2
23839.9
23840.2
23842
23840.7
23843.6
23836.9
23836
23835.9
23845.1
23845
23842
23837.6
23837
23834.2
23833.2
23843.8
23851.9
23848.4
23839.8
23850.6
23882.2
23897.7
23906.4
23921
23950.3
23990.2
24103.5
24847.3
30410.1
73122
330485
985322
1.67923e+06
2.35014e+06
3.01049e+06
3.68441e+06
4.33117e+06
4.90649e+06
5.36082e+06
5.67867e+06
5.8599e+06
5.92133e+06
5.91328e+06
5.80174e+06
5.63451e+06
5.43883e+06
5.23481e+06
5.03627e+06
4.85117e+06
4.68285e+06
4.53147e+06
4.39546e+06
4.27259e+06
4.16074e+06
4.05833e+06
3.96473e+06
3.87958e+06
3.80355e+06
3.73763e+06
3.68314e+06
3.64166e+06
3.61508e+06
3.6055e+06
3.61544e+06
3.64741e+06
3.70512e+06
3.79325e+06
3.91762e+06
4.08549e+06
4.30619e+06
4.59176e+06
4.95875e+06
5.42999e+06
6.0371e+06
6.824e+06
7.85245e+06
9.1927e+06
1.09378e+07
1.32172e+07
1.61929e+07
2.00614e+07
2.50566e+07
3.14534e+07
3.95845e+07
4.98611e+07
6.28412e+07
7.93456e+07
1.00652e+08
1.28836e+08
1.67392e+08
2.23116e+08
3.09988e+08
4.60854e+08
7.68864e+08
1.53971e+09
2.95689e+09
23964.4
23852.3
23841.5
23842.7
23839.8
23837.5
23838.2
23846
23844
23840.5
23836.2
23843.9
23846.7
23835.3
23834.6
23833.4
23835.7
23837.8
23847.1
23850.2
23836.3
23833.5
23842.3
23867.8
23875.4
23874.4
23893.7
23921.2
23949.6
23984.1
24051.4
24399.9
26771.5
44803.9
176471
740431
1.58454e+06
2.33831e+06
3.05877e+06
3.77267e+06
4.47087e+06
5.10455e+06
5.61403e+06
5.98025e+06
6.20062e+06
6.28619e+06
6.29572e+06
6.1983e+06
6.02976e+06
5.82685e+06
5.61219e+06
5.40179e+06
5.20526e+06
5.02691e+06
4.86731e+06
4.72488e+06
4.59718e+06
4.48175e+06
4.37658e+06
4.28032e+06
4.19309e+06
4.1148e+06
4.04623e+06
3.9886e+06
3.94361e+06
3.91326e+06
3.89987e+06
3.90724e+06
3.93504e+06
3.98835e+06
4.0714e+06
4.18974e+06
4.35033e+06
4.56193e+06
4.83587e+06
5.18699e+06
5.63512e+06
6.20701e+06
6.9387e+06
7.87925e+06
9.09552e+06
1.06774e+07
1.27432e+07
1.54437e+07
1.89635e+07
2.35231e+07
2.93821e+07
3.68589e+07
4.63686e+07
5.84626e+07
7.39176e+07
9.39202e+07
1.20401e+08
1.56727e+08
2.09209e+08
2.909e+08
4.32816e+08
7.23212e+08
1.4525e+09
2.7818e+09
23974.6
23854
23842.6
23838.6
23842
23841.5
23842.4
23840.9
23837.4
23845.3
23847
23846.8
23836.6
23838
23843.8
23846.3
23848.7
23851.5
23847.2
23837.5
23836.2
23845.9
23861.7
23863.4
23856.2
23875.7
23907.4
23924.5
23944.7
23977.6
24028.4
24205.4
25280.5
32860.3
89936.9
448149
1.39589e+06
2.29687e+06
3.10077e+06
3.86424e+06
4.61771e+06
5.31308e+06
5.88142e+06
6.29978e+06
6.56229e+06
6.67676e+06
6.7009e+06
6.62247e+06
6.45175e+06
6.24112e+06
6.01505e+06
5.79177e+06
5.58256e+06
5.3928e+06
5.22357e+06
5.07341e+06
4.9397e+06
4.81964e+06
4.71088e+06
4.61187e+06
4.52199e+06
4.4413e+06
4.37052e+06
4.31078e+06
4.2636e+06
4.23088e+06
4.21493e+06
4.22151e+06
4.24663e+06
4.29748e+06
4.37824e+06
4.4942e+06
4.65163e+06
4.85825e+06
5.1239e+06
5.46147e+06
5.88807e+06
6.4266e+06
7.10822e+06
7.97553e+06
9.08616e+06
1.05187e+07
1.23803e+07
1.48156e+07
1.80169e+07
2.22307e+07
2.77609e+07
3.49671e+07
4.42741e+07
5.62228e+07
7.15736e+07
9.14798e+07
1.17817e+08
1.53845e+08
2.05682e+08
2.86004e+08
4.24953e+08
7.08501e+08
1.42117e+09
2.69617e+09
23982.5
23853.6
23842.4
23841.2
23841.2
23845.1
23843.6
23836.7
23838.5
23839.8
23846.4
23838.8
23837
23847.3
23848.4
23847.7
23846
23842.1
23834.5
23837.3
23852.7
23857.6
23854.3
23842.8
23864.5
23892.6
23912.7
23921.6
23930.9
23964.2
24010.6
24118.6
24629.2
27975.8
52172.4
231961
1.03281e+06
2.19503e+06
3.11791e+06
3.96077e+06
4.76869e+06
5.52681e+06
6.15692e+06
6.63273e+06
6.94292e+06
7.09115e+06
7.13112e+06
7.07579e+06
6.90396e+06
6.68545e+06
6.44702e+06
6.20962e+06
5.98645e+06
5.78407e+06
5.60413e+06
5.44528e+06
5.30474e+06
5.17944e+06
5.06663e+06
4.96422e+06
4.87116e+06
4.78766e+06
4.71419e+06
4.65185e+06
4.60219e+06
4.56714e+06
4.54901e+06
4.55507e+06
4.57755e+06
4.62545e+06
4.70276e+06
4.81464e+06
4.96735e+06
5.16872e+06
5.42878e+06
5.76057e+06
6.18114e+06
6.71298e+06
7.38598e+06
8.2402e+06
9.32932e+06
1.07252e+07
1.25231e+07
1.48487e+07
1.78677e+07
2.17942e+07
2.69011e+07
3.35323e+07
4.2124e+07
5.32457e+07
6.76963e+07
8.66655e+07
1.12062e+08
1.47211e+08
1.98062e+08
2.77215e+08
4.14558e+08
6.95038e+08
1.39825e+09
2.66658e+09
23987.9
23855.8
23841.4
23843.8
23841.7
23840.6
23838.9
23842
23845.1
23837.4
23835.5
23836.3
23846.9
23843.2
23837.9
23834.3
23832.2
23831.4
23840.5
23851.5
23848
23841.3
23834.6
23847.5
23877.5
23889.8
23903.7
23911.8
23930.4
23943.1
23979.7
24074.1
24324.7
25878.7
36159.4
113407
610935
1.95524e+06
3.0934e+06
4.0485e+06
4.91771e+06
5.73941e+06
6.43425e+06
6.97365e+06
7.33864e+06
7.52646e+06
7.58499e+06
7.55408e+06
7.38486e+06
7.15863e+06
6.90722e+06
6.65487e+06
6.41691e+06
6.20115e+06
6.00981e+06
5.84167e+06
5.69384e+06
5.56302e+06
5.44612e+06
5.34066e+06
5.24524e+06
5.15983e+06
5.08454e+06
5.02019e+06
4.96823e+06
4.93062e+06
4.90967e+06
4.91483e+06
4.93403e+06
4.97794e+06
5.05041e+06
5.156e+06
5.30052e+06
5.4911e+06
5.73678e+06
6.04916e+06
6.4433e+06
6.93876e+06
7.56162e+06
8.34739e+06
9.34449e+06
1.06192e+07
1.22622e+07
1.43962e+07
1.71846e+07
2.08409e+07
2.56398e+07
3.19319e+07
4.01759e+07
5.09747e+07
6.51448e+07
8.38857e+07
1.09016e+08
1.43576e+08
1.93149e+08
2.69899e+08
4.02944e+08
6.75835e+08
1.36933e+09
2.63252e+09
23996.8
23858.4
23843.2
23840.4
23842.1
23838
23839.9
23845.1
23844.1
23843.9
23836.3
23844.4
23844.6
23835.8
23834.6
23836.1
23837
23843.3
23849.4
23844.7
23835.4
23835.2
23841.9
23865
23873.2
23865.1
23873.2
23891.4
23928.4
23945.3
23970.4
24036
24196.9
24954.7
29620.4
62362.9
310489
1.45503e+06
3.01312e+06
4.11189e+06
5.07445e+06
5.95939e+06
6.72258e+06
7.33054e+06
7.75656e+06
7.98848e+06
8.06794e+06
8.05879e+06
7.89563e+06
7.66036e+06
7.39415e+06
7.12498e+06
6.87069e+06
6.64049e+06
6.43701e+06
6.25893e+06
6.10303e+06
5.9656e+06
5.84324e+06
5.73341e+06
5.63434e+06
5.54561e+06
5.46652e+06
5.39874e+06
5.34377e+06
5.3035e+06
5.28028e+06
5.28545e+06
5.30369e+06
5.34758e+06
5.4212e+06
5.52906e+06
5.67671e+06
5.87073e+06
6.1193e+06
6.43297e+06
6.8257e+06
7.31627e+06
7.9296e+06
8.69854e+06
9.66728e+06
1.08958e+07
1.24668e+07
1.44951e+07
1.71399e+07
2.06204e+07
2.52331e+07
3.13671e+07
3.95119e+07
5.02817e+07
6.44956e+07
8.33182e+07
1.08555e+08
1.43291e+08
1.93279e+08
2.70493e+08
4.03514e+08
6.74309e+08
1.35963e+09
2.58481e+09
24004.8
23858.8
23844.3
23839.9
23840.3
23842.9
23843.8
23839.4
23838
23844.9
23847.4
23845.5
23835.4
23841.7
23842.8
23849.1
23851.9
23851.3
23839.4
23833.4
23844.5
23853.3
23863.6
23867
23862.3
23866.7
23874.6
23898.1
23924.5
23941.9
23969.4
24000.9
24109.9
24539.5
26755.1
40820
149483
873347
2.75321e+06
4.13645e+06
5.23501e+06
6.1799e+06
7.01327e+06
7.69477e+06
8.19029e+06
8.47381e+06
8.57902e+06
8.58946e+06
8.43997e+06
8.19477e+06
7.91198e+06
7.62361e+06
7.35067e+06
7.10425e+06
6.8878e+06
6.70005e+06
6.53731e+06
6.39511e+06
6.26921e+06
6.15627e+06
6.05441e+06
5.96232e+06
5.88027e+06
5.80916e+06
5.75061e+06
5.70673e+06
5.67987e+06
5.68412e+06
5.69885e+06
5.73856e+06
5.80801e+06
5.91152e+06
6.05473e+06
6.24439e+06
6.48876e+06
6.79827e+06
7.1862e+06
7.66975e+06
8.27149e+06
9.02207e+06
9.96293e+06
1.11504e+07
1.26613e+07
1.45998e+07
1.7106e+07
2.03721e+07
2.46623e+07
3.03334e+07
3.78623e+07
4.78849e+07
6.12681e+07
7.92448e+07
1.03711e+08
1.37845e+08
1.87451e+08
2.64479e+08
3.97398e+08
6.67767e+08
1.35043e+09
2.57882e+09
24009.8
23860.4
23842.6
23843.1
23839.8
23843.8
23842.7
23837.9
23838.1
23837.9
23846.1
23837.6
23838.5
23845.4
23848.5
23846
23848.6
23839.8
23838.1
23845.6
23849.7
23851.2
23859.9
23857.3
23848.1
23866.8
23895.4
23907.2
23919.7
23936.8
23962.7
23995.1
24065
24323.2
25461.2
31857.8
77453.1
437581
2.06174e+06
4.10514e+06
5.35933e+06
6.40081e+06
7.30812e+06
8.06595e+06
8.63891e+06
8.98218e+06
9.11741e+06
9.1464e+06
9.01965e+06
8.76344e+06
8.46329e+06
8.15407e+06
7.8601e+06
7.59475e+06
7.36266e+06
7.16304e+06
6.99218e+06
6.84532e+06
6.71772e+06
6.60508e+06
6.50391e+06
6.4129e+06
6.33203e+06
6.26146e+06
6.20279e+06
6.15821e+06
6.13015e+06
6.13423e+06
6.14851e+06
6.18548e+06
6.25258e+06
6.35412e+06
6.49541e+06
6.68282e+06
6.92412e+06
7.22894e+06
7.60948e+06
8.08145e+06
8.66535e+06
9.38834e+06
1.02868e+07
1.141e+07
1.28253e+07
1.46259e+07
1.69402e+07
1.99458e+07
2.38867e+07
2.90928e+07
3.60077e+07
4.52396e+07
5.7639e+07
7.44372e+07
9.75223e+07
1.30012e+08
1.77589e+08
2.51951e+08
3.80949e+08
6.44468e+08
1.31264e+09
2.54209e+09
24016.7
23862.8
23842.7
23841.8
23842.5
23839.1
23840.7
23844.4
23843.9
23837.8
23835
23837.8
23847.3
23838.7
23838.4
23834.6
23834.2
23834
23847.5
23852.4
23841.7
23839.2
23837.8
23837.7
23853.8
23869.3
23893.8
23895.3
23906
23931.1
23955.1
23985.3
24046.5
24201.5
24834.4
27999.9
47659.9
206251
1.25976e+06
3.85537e+06
5.43583e+06
6.63422e+06
7.61785e+06
8.45241e+06
9.10738e+06
9.5179e+06
9.68808e+06
9.73603e+06
9.63497e+06
9.36798e+06
9.04945e+06
8.71795e+06
8.40124e+06
8.11482e+06
7.86453e+06
7.6501e+06
7.46786e+06
7.31291e+06
7.18032e+06
7.06567e+06
6.96511e+06
6.87594e+06
6.79747e+06
6.7305e+06
6.67595e+06
6.63568e+06
6.61472e+06
6.62152e+06
6.63799e+06
6.6769e+06
6.74566e+06
6.84906e+06
6.99256e+06
7.1826e+06
7.42688e+06
7.73488e+06
8.11841e+06
8.59244e+06
9.17635e+06
9.89547e+06
1.07833e+07
1.18851e+07
1.32619e+07
1.49981e+07
1.72107e+07
2.00631e+07
2.37853e+07
2.87033e+07
3.52755e+07
4.41418e+07
5.61949e+07
7.27072e+07
9.5565e+07
1.27815e+08
1.74991e+08
2.48463e+08
3.75345e+08
6.33717e+08
1.29026e+09
2.50327e+09
24024.7
23864.3
23844.4
23839.9
23842.6
23839.9
23839.3
23844.3
23844.5
23845.1
23836.7
23845.3
23845.3
23840.7
23835.5
23836.6
23832.3
23841.4
23842.4
23838.1
23844.8
23847.1
23836.8
23843.8
23867.4
23876.9
23874.2
23877.2
23896.4
23924.1
23947.4
23976.3
24027
24131.4
24496.4
26179.8
35261.5
102383
648090
2.96734e+06
5.46876e+06
6.84991e+06
7.94385e+06
8.85713e+06
9.59466e+06
1.00792e+07
1.02916e+07
1.03589e+07
1.02836e+07
1.00071e+07
9.66848e+06
9.31303e+06
8.9725e+06
8.66435e+06
8.3953e+06
8.16541e+06
7.97088e+06
7.80642e+06
7.66671e+06
7.54706e+06
7.44365e+06
7.35323e+06
7.27435e+06
7.20683e+06
7.15223e+06
7.11169e+06
7.10309e+06
7.1115e+06
7.13009e+06
7.17159e+06
7.24324e+06
7.34983e+06
7.49671e+06
7.69021e+06
7.93792e+06
8.24906e+06
8.63512e+06
9.11066e+06
9.69437e+06
1.04105e+07
1.12912e+07
1.23793e+07
1.37327e+07
1.54315e+07
1.7587e+07
2.03571e+07
2.3968e+07
2.87437e+07
3.51476e+07
4.38358e+07
5.57268e+07
7.21159e+07
9.49201e+07
1.27229e+08
1.74562e+08
2.48137e+08
3.74642e+08
6.30919e+08
1.28156e+09
2.47251e+09
24031.8
23865.6
23844.3
23842.5
23839.5
23843.7
23841.2
23837.5
23838.4
23843.4
23847.8
23844.7
23839.2
23846.1
23846.8
23847.5
23848.7
23848.9
23839.6
23838.7
23843.4
23847.3
23860.9
23865
23865.7
23858.4
23861.5
23883.4
23899.2
23908.1
23930.6
23965.1
24002.8
24086.6
24313.7
25256.4
29778.6
58436.1
302862
1.90757e+06
5.31295e+06
6.99604e+06
8.28479e+06
9.28222e+06
1.00979e+07
1.0661e+07
1.09252e+07
1.10133e+07
1.09647e+07
1.06824e+07
1.03225e+07
9.94119e+06
9.57539e+06
9.24474e+06
8.95691e+06
8.71208e+06
8.50618e+06
8.33336e+06
8.18768e+06
8.06386e+06
7.95761e+06
7.86564e+06
7.78539e+06
7.71597e+06
7.65837e+06
7.61451e+06
7.60865e+06
7.6169e+06
7.63545e+06
7.67465e+06
7.74528e+06
7.8521e+06
7.99992e+06
8.19487e+06
8.4442e+06
8.75676e+06
9.14363e+06
9.61883e+06
1.02003e+07
1.09115e+07
1.17832e+07
1.28561e+07
1.41856e+07
1.58472e+07
1.79455e+07
2.0628e+07
2.41044e+07
2.86765e+07
3.47836e+07
4.30696e+07
5.4477e+07
7.0384e+07
9.28391e+07
1.25065e+08
1.72679e+08
2.4691e+08
3.74288e+08
6.31165e+08
1.28136e+09
2.4633e+09
24037.3
23866.9
23843.8
23842.6
23840
23841.5
23842.7
23838
23838.4
23837.6
23845.5
23838.3
23836.8
23839.7
23846.4
23846.8
23848.8
23842.2
23844.8
23849.2
23839.7
23842.3
23860.7
23862.2
23850.4
23851.7
23870.1
23890.7
23896.4
23904.1
23916.4
23940.2
23980.1
24052.4
24208.8
24769.5
27184.4
39999.4
140779
992980
4.26519e+06
7.05671e+06
8.59958e+06
9.72851e+06
1.06164e+07
1.12586e+07
1.15851e+07
1.16983e+07
1.16771e+07
1.13964e+07
1.10136e+07
1.06037e+07
1.02099e+07
9.85462e+06
9.54671e+06
9.28669e+06
9.07011e+06
8.89051e+06
8.74123e+06
8.61636e+06
8.51089e+06
8.42058e+06
8.34217e+06
8.27428e+06
8.2172e+06
8.17301e+06
8.16918e+06
8.17602e+06
8.1931e+06
8.22671e+06
8.29339e+06
8.39759e+06
8.5436e+06
8.73727e+06
8.98548e+06
9.29661e+06
9.68097e+06
1.01516e+07
1.07252e+07
1.14234e+07
1.22745e+07
1.33159e+07
1.45982e+07
1.619e+07
1.81866e+07
2.07221e+07
2.39876e+07
2.82607e+07
3.39482e+07
4.16542e+07
5.2282e+07
6.72044e+07
8.85425e+07
1.1971e+08
1.66632e+08
2.40902e+08
3.69413e+08
6.28974e+08
1.28424e+09
2.47733e+09
24042.8
23868.8
23844.6
23840.1
23843.2
23838.9
23840.5
23843.4
23843.3
23841.4
23835.1
23838.4
23842.6
23838.3
23835.2
23835.4
23834.1
23835.6
23840.4
23842.2
23842.4
23849.7
23843.9
23840.9
23848.4
23869.6
23878.7
23881.1
23887.4
23904.4
23920
23941.8
23978.8
24011.5
24124.3
24493.3
25912.8
32244.1
73525.2
445705
2.80329e+06
7.05942e+06
8.85242e+06
1.02096e+07
1.11527e+07
1.18674e+07
1.22667e+07
1.24116e+07
1.2417e+07
1.21504e+07
1.17434e+07
1.13024e+07
1.08775e+07
1.04944e+07
1.0164e+07
9.88732e+06
9.65945e+06
9.47326e+06
9.32143e+06
9.19754e+06
9.09629e+06
9.01272e+06
8.94161e+06
8.88053e+06
8.82806e+06
8.79522e+06
8.79637e+06
8.80404e+06
8.82219e+06
8.85507e+06
8.92206e+06
9.0272e+06
9.17503e+06
9.37081e+06
9.62121e+06
9.93436e+06
1.03203e+07
1.07917e+07
1.13645e+07
1.2059e+07
1.29019e+07
1.39283e+07
1.51847e+07
1.67343e+07
1.86639e+07
2.10946e+07
2.4198e+07
2.82223e+07
3.35294e+07
4.06583e+07
5.04284e+07
6.41126e+07
8.37338e+07
1.12659e+08
1.56857e+08
2.28042e+08
3.53087e+08
6.08266e+08
1.256e+09
2.47323e+09
24050.2
23871.5
23845
23841.4
23842.2
23842.2
23839.7
23844.5
23843
23844.2
23837
23840.5
23844.9
23844.8
23839.4
23838.9
23837.7
23842
23840.2
23836.4
23845
23850.5
23836.3
23836.6
23852.7
23871.5
23866.2
23866.6
23880.2
23900.6
23916.9
23939.5
23968.2
23994.2
24062.7
24300.3
25206.6
28743.2
47114.1
198524
1.48246e+06
5.88594e+06
9.00737e+06
1.06708e+07
1.17042e+07
1.24898e+07
1.29691e+07
1.31549e+07
1.31843e+07
1.29488e+07
1.25153e+07
1.20407e+07
1.15808e+07
1.11661e+07
1.08098e+07
1.05138e+07
1.02731e+07
1.00795e+07
9.9246e+06
9.80139e+06
9.70458e+06
9.62954e+06
9.56786e+06
9.51765e+06
9.47442e+06
9.45884e+06
9.46331e+06
9.4757e+06
9.49903e+06
9.53894e+06
9.61333e+06
9.72645e+06
9.88304e+06
1.00886e+07
1.03499e+07
1.0675e+07
1.10738e+07
1.15586e+07
1.21445e+07
1.2851e+07
1.37033e+07
1.47345e+07
1.59889e+07
1.7526e+07
1.94276e+07
2.18073e+07
2.48252e+07
2.87119e+07
3.3805e+07
4.06172e+07
4.99479e+07
6.30662e+07
8.20207e+07
1.10193e+08
1.5348e+08
2.23358e+08
3.45955e+08
5.94687e+08
1.22287e+09
2.41625e+09
24056.4
23873
23845.1
23843.5
23839.8
23842.7
23841.5
23839.8
23840.1
23839.2
23846.1
23845
23839
23841
23847.9
23848
23849.6
23848.7
23846.9
23846.1
23848.1
23837.3
23842.1
23854.2
23852.9
23848.4
23855.6
23874
23885.4
23897
23912.9
23934.3
23949.7
23990.4
24047.1
24204.5
24770.7
26944.4
36282.6
99249.2
678535
4.05734e+06
9.15406e+06
1.10693e+07
1.22886e+07
1.31426e+07
1.36967e+07
1.39304e+07
1.3985e+07
1.3792e+07
1.333e+07
1.28197e+07
1.23214e+07
1.18706e+07
1.14842e+07
1.11657e+07
1.09101e+07
1.07083e+07
1.05506e+07
1.04285e+07
1.03367e+07
1.02745e+07
1.02269e+07
1.0186e+07
1.01523e+07
1.014e+07
1.01442e+07
1.01573e+07
1.01825e+07
1.0225e+07
1.03043e+07
1.04245e+07
1.05899e+07
1.08053e+07
1.1077e+07
1.14124e+07
1.18205e+07
1.23128e+07
1.29034e+07
1.36105e+07
1.44566e+07
1.54715e+07
1.66951e+07
1.81805e+07
2.0001e+07
2.22597e+07
2.51043e+07
2.87523e+07
3.35294e+07
3.99327e+07
4.87395e+07
6.11833e+07
7.92586e+07
1.06309e+08
1.48311e+08
2.1704e+08
3.39176e+08
5.89517e+08
1.22997e+09
2.42957e+09
24061
23873.7
23845.8
23841.8
23840.4
23839.7
23842.8
23838.3
23839.9
23839.1
23845.5
23843.6
23838.7
23838.9
23840
23840.9
23842.1
23841
23843.5
23851
23846.1
23838
23850.2
23856.5
23851.7
23849.9
23860.6
23883.7
23884.6
23892.5
23908.1
23928.4
23951.5
23980.5
24028.6
24141
24506.3
25887.1
31234.8
59838.9
304650
2.30706e+06
8.13226e+06
1.13995e+07
1.29296e+07
1.38446e+07
1.44522e+07
1.47391e+07
1.48243e+07
1.46807e+07
1.41915e+07
1.36445e+07
1.31045e+07
1.26133e+07
1.21921e+07
1.18469e+07
1.15728e+07
1.13602e+07
1.11984e+07
1.10774e+07
1.09989e+07
1.0959e+07
1.09277e+07
1.08993e+07
1.08777e+07
1.08712e+07
1.08758e+07
1.08898e+07
1.09165e+07
1.0959e+07
1.10385e+07
1.11597e+07
1.13273e+07
1.15465e+07
1.18246e+07
1.21696e+07
1.25914e+07
1.31016e+07
1.37146e+07
1.44484e+07
1.53256e+07
1.63758e+07
1.76379e+07
1.91634e+07
2.10227e+07
2.33135e+07
2.61754e+07
2.98126e+07
3.4532e+07
4.07868e+07
4.9287e+07
6.1206e+07
7.85102e+07
1.04608e+08
1.45692e+08
2.13765e+08
3.35665e+08
5.85626e+08
1.22058e+09
2.3979e+09
24067
23876.3
23846.2
23840.4
23841.9
23841.2
23841.2
23842
23841.4
23844.6
23839
23840.1
23845.6
23844.2
23837.1
23837.7
23835.3
23835.2
23838.7
23845.9
23837.2
23843.6
23853.4
23843
23849.6
23866.8
23873.1
23879.3
23883.1
23882.4
23893.4
23919.3
23947.7
23970.1
24003.8
24085.6
24345.3
25239.3
28540.6
42978.8
146772
1.13221e+06
6.10395e+06
1.17283e+07
1.35542e+07
1.45987e+07
1.52373e+07
1.55771e+07
1.57022e+07
1.56143e+07
1.51024e+07
1.45188e+07
1.39346e+07
1.33987e+07
1.29379e+07
1.25609e+07
1.22636e+07
1.20358e+07
1.18655e+07
1.17408e+07
1.16831e+07
1.1659e+07
1.16492e+07
1.16408e+07
1.16402e+07
1.16447e+07
1.16565e+07
1.16786e+07
1.17138e+07
1.17673e+07
1.18574e+07
1.19888e+07
1.21666e+07
1.23962e+07
1.26845e+07
1.30394e+07
1.34706e+07
1.39898e+07
1.46113e+07
1.53525e+07
1.62356e+07
1.72885e+07
1.85475e+07
2.00604e+07
2.18927e+07
2.41339e+07
2.69103e+07
3.04035e+07
3.48817e+07
4.07486e+07
4.86293e+07
5.9668e+07
7.58376e+07
9.98842e+07
1.37608e+08
2.00817e+08
3.16554e+08
5.59569e+08
1.18701e+09
2.41716e+09
24073.5
23878.4
23846
23841.5
23842.3
23842.4
23839.4
23844
23843.5
23842.9
23837.8
23838.6
23843.9
23842.6
23844.9
23843.6
23845.1
23845.3
23844
23834.1
23839.7
23851
23841.8
23847.9
23855.1
23863.2
23868.8
23872.9
23880.3
23883.5
23889.4
23900.7
23937.8
23959.6
23980.3
24035.5
24210.4
24830.6
26977.1
35218.1
83196.4
518891
3.93585e+06
1.14667e+07
1.40213e+07
1.54351e+07
1.60653e+07
1.64491e+07
1.66228e+07
1.65937e+07
1.60634e+07
1.54427e+07
1.48122e+07
1.42281e+07
1.37236e+07
1.33108e+07
1.29867e+07
1.27407e+07
1.25597e+07
1.24303e+07
1.23883e+07
1.23711e+07
1.23732e+07
1.23796e+07
1.23916e+07
1.24111e+07
1.24393e+07
1.24774e+07
1.25274e+07
1.26037e+07
1.27135e+07
1.28618e+07
1.30547e+07
1.32985e+07
1.36009e+07
1.39709e+07
1.44191e+07
1.49586e+07
1.56049e+07
1.63771e+07
1.72991e+07
1.84011e+07
1.97214e+07
2.13105e+07
2.3236e+07
2.55891e+07
2.84965e+07
3.2137e+07
3.67709e+07
4.27852e+07
5.07756e+07
6.17109e+07
7.7286e+07
1.00526e+08
1.37075e+08
1.9826e+08
3.09823e+08
5.42628e+08
1.14225e+09
2.3372e+09
24078.5
23879.6
23846.4
23842.7
23841.2
23840.4
23841.5
23842.3
23842.3
23838.5
23841.4
23843.1
23836.4
23838.5
23842.1
23842.1
23844.3
23849.4
23845.3
23836.7
23847.5
23848.8
23844.2
23852.7
23855.2
23848.2
23849.8
23853
23864.9
23882.9
23891.7
23904.2
23914.6
23943
23978
24024.7
24151.6
24568.5
26015.2
31123.3
54507.5
235940
2.00658e+06
9.17617e+06
1.44125e+07
1.63037e+07
1.69577e+07
1.73697e+07
1.76033e+07
1.76202e+07
1.70731e+07
1.64127e+07
1.57331e+07
1.5098e+07
1.45476e+07
1.40973e+07
1.37451e+07
1.34799e+07
1.32889e+07
1.31612e+07
1.31356e+07
1.31228e+07
1.31246e+07
1.3132e+07
1.31472e+07
1.31719e+07
1.32073e+07
1.32542e+07
1.33149e+07
1.34066e+07
1.35331e+07
1.36988e+07
1.39088e+07
1.41696e+07
1.44885e+07
1.48743e+07
1.53376e+07
1.58906e+07
1.6548e+07
1.7328e+07
1.82532e+07
1.93527e+07
2.06634e+07
2.22343e+07
2.41303e+07
2.64405e+07
2.92881e+07
3.28483e+07
3.73774e+07
4.32605e+07
5.10963e+07
6.1851e+07
7.71617e+07
9.99557e+07
1.35788e+08
1.96057e+08
3.06959e+08
5.40767e+08
1.15087e+09
2.33643e+09
24083.4
23881.6
23847.2
23842.4
23841
23840.3
23843.6
23840.7
23838.9
23841.3
23845.5
23842
23838.7
23841.7
23839.3
23842
23838.6
23837.2
23839.7
23851.4
23849.4
23839.5
23853.4
23846.7
23842.4
23847
23855.9
23857.4
23863.3
23876.7
23889.4
23903.5
23917.1
23926.2
23963.8
24009.8
24107.6
24391
25378.9
28758.7
41828.1
123584
915926
6.29054e+06
1.47494e+07
1.70507e+07
1.79212e+07
1.83587e+07
1.86495e+07
1.87003e+07
1.81365e+07
1.74317e+07
1.66992e+07
1.60087e+07
1.54093e+07
1.49195e+07
1.45383e+07
1.42537e+07
1.40509e+07
1.3943e+07
1.39306e+07
1.39268e+07
1.39303e+07
1.39394e+07
1.39563e+07
1.39821e+07
1.40187e+07
1.40676e+07
1.41299e+07
1.42227e+07
1.43539e+07
1.45278e+07
1.47491e+07
1.50227e+07
1.5356e+07
1.57576e+07
1.62378e+07
1.68088e+07
1.74853e+07
1.82855e+07
1.92319e+07
2.03529e+07
2.16854e+07
2.32772e+07
2.51923e+07
2.75202e+07
3.03807e+07
3.39448e+07
3.84648e+07
4.432e+07
5.21015e+07
6.27702e+07
7.79607e+07
1.00596e+08
1.3627e+08
1.9655e+08
3.0812e+08
5.44387e+08
1.16185e+09
2.34214e+09
24088.8
23883.4
23847.5
23841.9
23841.8
23842.3
23841.7
23840.9
23839
23841.4
23841.7
23839.8
23844.9
23842.8
23843.2
23843
23843.5
23837.7
23842.2
23849.5
23840.2
23843.2
23844.3
23846.4
23849.1
23854.3
23865.8
23873.9
23874.2
23873.5
23884.7
23900.6
23915.2
23928.4
23940.5
23978
24066.6
24268.5
24951.6
27258.2
35291.9
75701.5
417335
3.6535e+06
1.3294e+07
1.76431e+07
1.90013e+07
1.94346e+07
1.9754e+07
1.98377e+07
1.92566e+07
1.8503e+07
1.77126e+07
1.69621e+07
1.63086e+07
1.57751e+07
1.53617e+07
1.50559e+07
1.4841e+07
1.47615e+07
1.47623e+07
1.4769e+07
1.47819e+07
1.48008e+07
1.48262e+07
1.48596e+07
1.49025e+07
1.4957e+07
1.50246e+07
1.51183e+07
1.52507e+07
1.54257e+07
1.56486e+07
1.59249e+07
1.62614e+07
1.66665e+07
1.71502e+07
1.77246e+07
1.84039e+07
1.92057e+07
2.01517e+07
2.12696e+07
2.25946e+07
2.41728e+07
2.60654e+07
2.83561e+07
3.11622e+07
3.46522e+07
3.9074e+07
4.47966e+07
5.23658e+07
6.2707e+07
7.74118e+07
9.9369e+07
1.34195e+08
1.93694e+08
3.05348e+08
5.44388e+08
1.17014e+09
2.36738e+09
24093.9
23885
23848
23842.2
23841.6
23842.6
23839.8
23841.3
23842.6
23840.4
23837.5
23842.2
23843.9
23839.6
23841.9
23842.7
23844.1
23847.8
23844.6
23834.3
23838.2
23850.5
23842.3
23848.7
23858.1
23857
23861.4
23868
23874.1
23877.3
23880.7
23895.8
23911.3
23924.4
23941.9
23965
24015.4
24181
24661.5
26268.9
31562.4
53245.6
205652
1.77351e+06
1.00162e+07
1.82754e+07
2.0159e+07
2.06198e+07
2.09141e+07
2.10358e+07
2.04352e+07
1.9627e+07
1.87743e+07
1.79591e+07
1.72463e+07
1.66636e+07
1.62134e+07
1.5883e+07
1.56544e+07
1.56063e+07
1.56167e+07
1.56385e+07
1.56694e+07
1.57074e+07
1.57517e+07
1.58025e+07
1.58614e+07
1.59306e+07
1.60124e+07
1.61205e+07
1.62645e+07
1.64483e+07
1.66781e+07
1.69608e+07
1.73023e+07
1.77117e+07
1.81997e+07
1.87785e+07
1.94618e+07
2.02664e+07
2.12131e+07
2.23276e+07
2.36429e+07
2.5202e+07
2.70612e+07
2.92969e+07
3.20141e+07
3.53609e+07
3.95527e+07
4.49135e+07
5.19484e+07
6.14831e+07
7.4943e+07
9.49466e+07
1.26679e+08
1.81344e+08
2.85877e+08
5.16722e+08
1.14128e+09
2.40029e+09
24098.8
23886.9
23848.3
23842.4
23841.7
23840.6
23840.6
23841.4
23843.1
23841.9
23841.9
23842
23838.6
23841.1
23841.4
23840.8
23842.3
23842.6
23840.1
23835.6
23843.8
23847.3
23850.7
23848
23847.9
23853.9
23850.1
23850.3
23858.7
23874.1
23881.1
23890.3
23906.9
23918.9
23937.3
23963.9
24010.2
24115.6
24462.7
25605
29280.7
42329.1
116270
813661
6.64773e+06
1.84532e+07
2.11529e+07
2.19469e+07
2.21513e+07
2.22883e+07
2.16727e+07
2.08027e+07
1.98823e+07
1.89983e+07
1.82214e+07
1.75845e+07
1.70928e+07
1.67338e+07
1.6488e+07
1.64666e+07
1.64875e+07
1.65267e+07
1.65797e+07
1.66429e+07
1.6714e+07
1.6792e+07
1.68774e+07
1.69721e+07
1.7082e+07
1.72196e+07
1.739e+07
1.75981e+07
1.78503e+07
1.81541e+07
1.85165e+07
1.89469e+07
1.94558e+07
2.00554e+07
2.07602e+07
2.15869e+07
2.25556e+07
2.36915e+07
2.50265e+07
2.66015e+07
2.84703e+07
3.07047e+07
3.3403e+07
3.67027e+07
4.08023e+07
4.5997e+07
5.27438e+07
6.17828e+07
7.43797e+07
9.28491e+07
1.21765e+08
1.71077e+08
2.65752e+08
4.79316e+08
1.07476e+09
2.35945e+09
24103.5
23888.7
23848.7
23842.3
23841.5
23840.4
23841.5
23840.9
23840
23841.8
23843.9
23840
23839.5
23843.3
23841.7
23838
23839.4
23837.3
23839.4
23850.3
23849.1
23839.8
23847.8
23845.3
23842.6
23843.5
23846.1
23852.9
23857.9
23864.6
23879.1
23885.6
23901.9
23913.3
23931.1
23957.2
23999.7
24070.3
24321.4
25146.6
27780.5
36377.8
75253.9
374057
3.51964e+06
1.55328e+07
2.19544e+07
2.34154e+07
2.34809e+07
2.359e+07
2.29652e+07
2.20273e+07
2.10341e+07
2.00778e+07
1.9233e+07
1.85374e+07
1.80001e+07
1.7609e+07
1.73432e+07
1.73423e+07
1.73747e+07
1.74322e+07
1.7508e+07
1.75973e+07
1.7697e+07
1.78053e+07
1.79218e+07
1.8054e+07
1.82057e+07
1.83812e+07
1.85868e+07
1.88292e+07
1.91155e+07
1.94535e+07
1.9852e+07
2.03207e+07
2.08702e+07
2.15125e+07
2.22623e+07
2.31365e+07
2.41558e+07
2.5345e+07
2.67355e+07
2.83671e+07
3.02917e+07
3.25782e+07
3.53198e+07
3.86462e+07
4.27421e+07
4.78798e+07
5.44747e+07
6.31911e+07
7.51497e+07
9.2388e+07
1.18963e+08
1.63963e+08
2.50621e+08
4.4825e+08
1.01221e+09
2.28566e+09
24108.1
23890.3
23849.2
23842.5
23841.3
23841.7
23841.8
23840.8
23840.2
23840.9
23840.1
23841.3
23843.7
23841.3
23840.3
23841.4
23840.1
23841.1
23845.4
23849.4
23843.4
23841.7
23838
23845
23848.1
23846.4
23850.6
23858.9
23863.6
23867.3
23872.8
23881.7
23895.5
23909.3
23925.2
23949
23986.7
24040
24217.3
24825.1
26750.9
32783.8
55797.1
202556
1.6833e+06
1.11719e+07
2.29029e+07
2.48312e+07
2.49464e+07
2.49478e+07
2.42996e+07
2.32991e+07
2.22291e+07
2.11969e+07
2.02807e+07
1.95227e+07
1.8936e+07
1.85098e+07
1.82234e+07
1.82328e+07
1.82797e+07
1.83573e+07
1.84574e+07
1.85733e+07
1.87009e+07
1.88374e+07
1.89906e+07
1.91603e+07
1.93495e+07
1.95625e+07
1.9805e+07
2.0086e+07
2.04127e+07
2.07927e+07
2.12358e+07
2.17524e+07
2.23541e+07
2.30532e+07
2.38644e+07
2.48054e+07
2.58973e+07
2.71659e+07
2.8643e+07
3.0369e+07
3.23958e+07
3.4792e+07
3.76499e+07
4.1097e+07
4.53137e+07
5.05661e+07
5.72596e+07
6.60435e+07
7.80159e+07
9.51696e+07
1.21439e+08
1.65466e+08
2.49036e+08
4.37726e+08
9.79929e+08
2.20759e+09
24112.7
23892.1
23849.6
23842.6
23841.4
23841.8
23841.4
23841.4
23842.6
23841.2
23839.4
23841.8
23843.7
23841.5
23841.4
23844.5
23843.8
23846
23843.9
23837.6
23837.8
23843.2
23840.7
23843.7
23853.4
23857.4
23858
23857.3
23861
23866.9
23871.9
23878.9
23890.9
23904.5
23918.3
23939.7
23973.3
24015.9
24145.9
24589.3
26017.1
30386
45198.4
121712
792062
6.97462e+06
2.25742e+07
2.60955e+07
2.66244e+07
2.63974e+07
2.56664e+07
2.46198e+07
2.34715e+07
2.23582e+07
2.13664e+07
2.0542e+07
1.99025e+07
1.94382e+07
1.91281e+07
1.91424e+07
1.92034e+07
1.93028e+07
1.943e+07
1.95763e+07
1.97365e+07
1.9913e+07
2.01005e+07
2.03004e+07
2.05174e+07
2.07578e+07
2.10288e+07
2.13388e+07
2.1697e+07
2.21122e+07
2.25939e+07
2.31523e+07
2.37989e+07
2.45472e+07
2.54129e+07
2.64143e+07
2.75733e+07
2.89164e+07
3.04764e+07
3.2295e+07
3.44256e+07
3.69383e+07
3.9927e+07
4.35204e+07
4.79001e+07
5.33316e+07
6.02181e+07
6.92009e+07
8.136e+07
9.86459e+07
1.24897e+08
1.68523e+08
2.50641e+08
4.35549e+08
9.75034e+08
2.18609e+09
24117.1
23893.8
23850
23842.5
23841.6
23841.2
23841
23842
23841.5
23841.3
23841.8
23840.8
23840.9
23842
23844.3
23843
23843.7
23843.9
23839.3
23834.8
23840.4
23847.8
23848.5
23845.6
23847.5
23853.6
23854.6
23856.1
23857.8
23861.1
23868.8
23873.6
23882.9
23892
23902.3
23920.4
23953.3
23993
24095
24417.6
25486.2
28715.8
38880.1
82260.3
399091
3.70367e+06
1.82343e+07
2.73734e+07
2.84893e+07
2.8e+07
2.70752e+07
2.59857e+07
2.47633e+07
2.35671e+07
2.24938e+07
2.15975e+07
2.09004e+07
2.03935e+07
2.00538e+07
2.00673e+07
2.01395e+07
2.02594e+07
2.04144e+07
2.05938e+07
2.08028e+07
2.10265e+07
2.12581e+07
2.14971e+07
2.17477e+07
2.20169e+07
2.23138e+07
2.26473e+07
2.3028e+07
2.34661e+07
2.39708e+07
2.45538e+07
2.5228e+07
2.60075e+07
2.69085e+07
2.79495e+07
2.91529e+07
3.05456e+07
3.21616e+07
3.40434e+07
3.6246e+07
3.88413e+07
4.19255e+07
4.56306e+07
5.01419e+07
5.57283e+07
6.27943e+07
7.19775e+07
8.43401e+07
1.01778e+08
1.27991e+08
1.71081e+08
2.51742e+08
4.33646e+08
9.67913e+08
2.17843e+09
24121.4
23895.5
23850.4
23842.6
23841.6
23841.2
23841.5
23841.2
23840.5
23841.3
23842.6
23841.7
23839.8
23841.7
23841.7
23840.2
23841.6
23839
23842.6
23846.2
23846.3
23849.1
23852
23850
23841
23840.4
23843.5
23850.6
23853.7
23856.9
23859.9
23866.3
23872.9
23886.8
23899.2
23914.5
23928.9
23961.5
24052.3
24296.9
25097.6
27523.5
34823.6
61518.6
223770
1.83635e+06
1.33322e+07
2.87451e+07
3.02535e+07
2.9728e+07
2.8566e+07
2.73832e+07
2.60999e+07
2.48245e+07
2.36647e+07
2.26902e+07
2.19296e+07
2.13754e+07
2.09999e+07
2.10037e+07
2.10846e+07
2.12228e+07
2.14019e+07
2.16226e+07
2.18776e+07
2.21511e+07
2.24348e+07
2.27258e+07
2.3025e+07
2.33379e+07
2.36738e+07
2.40432e+07
2.44559e+07
2.4923e+07
2.54568e+07
2.60684e+07
2.67713e+07
2.758e+07
2.85112e+07
2.95846e+07
3.08224e+07
3.22514e+07
3.39048e+07
3.58247e+07
3.80647e+07
4.06948e+07
4.38085e+07
4.75333e+07
5.20485e+07
5.76133e+07
6.46175e+07
7.36727e+07
8.57946e+07
1.02785e+08
1.28139e+08
1.69443e+08
2.45841e+08
4.17361e+08
9.33097e+08
2.18984e+09
24125.5
23897.1
23850.8
23842.9
23841.5
23841.4
23841.5
23840.9
23841.6
23841.3
23840.7
23841.5
23842.3
23841.8
23840.9
23839
23837.4
23839.9
23844.9
23846.2
23844.2
23842.9
23845.3
23846.8
23846.4
23843.6
23844.9
23848.8
23854
23859
23863
23868.1
23876.2
23888.3
23899.6
23914.2
23929.9
23954
24012.1
24211
24813.3
26662.8
32095.7
49976.4
139196
897731
8.40637e+06
2.85105e+07
3.17449e+07
3.16087e+07
3.01713e+07
2.88092e+07
2.74622e+07
2.61206e+07
2.48743e+07
2.38173e+07
2.29888e+07
2.23833e+07
2.19716e+07
2.19501e+07
2.20431e+07
2.2202e+07
2.24078e+07
2.26699e+07
2.29684e+07
2.32887e+07
2.36232e+07
2.39682e+07
2.43227e+07
2.469e+07
2.50787e+07
2.54986e+07
2.59599e+07
2.64742e+07
2.70538e+07
2.77124e+07
2.84645e+07
2.93255e+07
3.03124e+07
3.14451e+07
3.27467e+07
3.42447e+07
3.59727e+07
3.79725e+07
4.02974e+07
4.30163e+07
4.62203e+07
5.00332e+07
5.46264e+07
6.02468e+07
6.72617e+07
7.62423e+07
8.81251e+07
1.04558e+08
1.2871e+08
1.67478e+08
2.38609e+08
3.98872e+08
8.90918e+08
2.14468e+09
24129.5
23898.8
23851.2
23842.9
23841.5
23841.5
23841.1
23841.4
23841.7
23841.4
23840.8
23840.7
23842.3
23841.6
23841.9
23841.5
23839.4
23840.7
23841.2
23839
23839.9
23839.4
23838.1
23841.1
23850.8
23853.3
23853.5
23853.9
23854.2
23858.5
23863.5
23867.1
23875
23886.1
23896.7
23910.1
23925.4
23947.7
23997.4
24141
24608.3
26033.7
30169
42898.6
96531.3
478624
4.51403e+06
2.31304e+07
3.32882e+07
3.36637e+07
3.19166e+07
3.02788e+07
2.8844e+07
2.74365e+07
2.61088e+07
2.49719e+07
2.40751e+07
2.34154e+07
2.29664e+07
2.29099e+07
2.30172e+07
2.31992e+07
2.34432e+07
2.37512e+07
2.40955e+07
2.44604e+07
2.48391e+07
2.52302e+07
2.56348e+07
2.60551e+07
2.64982e+07
2.6972e+07
2.74886e+07
2.80592e+07
2.86957e+07
2.94141e+07
3.02298e+07
3.11599e+07
3.22225e+07
3.34383e+07
3.48317e+07
3.64319e+07
3.8274e+07
4.04013e+07
4.28686e+07
4.57462e+07
4.91272e+07
5.31367e+07
5.79483e+07
6.38097e+07
7.10875e+07
8.03505e+07
9.25305e+07
1.09264e+08
1.33684e+08
1.72553e+08
2.4302e+08
3.99356e+08
8.7624e+08
2.09232e+09
24133.5
23900.5
23851.7
23842.9
23841.7
23841.3
23841.3
23841.6
23841.1
23841.3
23841.7
23841.6
23840.5
23840.6
23841.3
23844.2
23844.5
23842.8
23838.9
23842
23843.9
23844.3
23845.3
23845.3
23846.8
23850.4
23851.7
23853.4
23854.5
23855.9
23860.5
23865.3
23872.8
23883.2
23893
23905.2
23919.2
23939.5
23981.2
24092.6
24453.6
25564.2
28761.7
38179.1
72761
283232
2.37169e+06
1.75367e+07
3.50498e+07
3.56345e+07
3.37292e+07
3.1813e+07
3.02367e+07
2.87711e+07
2.73715e+07
2.61489e+07
2.51798e+07
2.44664e+07
2.39807e+07
2.38776e+07
2.39989e+07
2.42049e+07
2.44954e+07
2.48574e+07
2.52586e+07
2.56782e+07
2.61061e+07
2.65399e+07
2.69836e+07
2.74442e+07
2.79287e+07
2.84453e+07
2.90062e+07
2.96234e+07
3.03096e+07
3.10802e+07
3.1951e+07
3.29399e+07
3.40665e+07
3.53531e+07
3.68252e+07
3.85133e+07
4.04539e+07
4.26927e+07
4.52868e+07
4.83095e+07
5.18572e+07
5.60592e+07
6.10944e+07
6.72174e+07
7.48052e+07
8.44396e+07
9.70703e+07
1.14354e+08
1.3945e+08
1.79124e+08
2.50387e+08
4.0697e+08
8.84972e+08
2.09366e+09
24137.3
23902
23852.1
23843.1
23841.6
23841.3
23841.4
23841.3
23841.3
23841.4
23841.2
23841.6
23840.8
23841.6
23841.5
23841.7
23842.7
23842.4
23843.1
23842.4
23843.9
23847
23850
23849.1
23842.3
23841.1
23843.2
23847.3
23852.4
23852.2
23854
23860.7
23869.1
23877.7
23888.6
23900
23912.7
23931.2
23966.7
24057.3
24339.7
25206.4
27710
34865.3
58492.6
177519
1.20202e+06
1.12754e+07
3.54688e+07
3.72784e+07
3.56023e+07
3.3446e+07
3.16492e+07
3.01177e+07
2.86603e+07
2.73553e+07
2.6307e+07
2.55324e+07
2.50089e+07
2.48459e+07
2.49772e+07
2.52034e+07
2.55379e+07
2.59578e+07
2.6425e+07
2.69135e+07
2.74076e+07
2.79012e+07
2.83965e+07
2.88994e+07
2.94209e+07
2.99723e+07
3.05658e+07
3.12154e+07
3.19355e+07
3.27398e+07
3.36459e+07
3.46724e+07
3.584e+07
3.71718e+07
3.86946e+07
4.04401e+07
4.24466e+07
4.47614e+07
4.74439e+07
5.05704e+07
5.42409e+07
5.85896e+07
6.38021e+07
7.01412e+07
7.79939e+07
8.79552e+07
1.00989e+08
1.1877e+08
1.44467e+08
1.84839e+08
2.56888e+08
4.14398e+08
8.93731e+08
2.10335e+09
24141
23903.6
23852.5
23843.2
23841.5
23841.4
23841.3
23841.2
23841.5
23841.4
23841.2
23841
23841.7
23841.7
23841.2
23839.2
23839.1
23840.3
23843
23841.7
23842.1
23844.5
23845.6
23844.9
23844.1
23842.5
23843.2
23845.7
23849.6
23852.6
23855.1
23858
23864
23870.1
23880.1
23894.6
23906.4
23923
23953.5
24028.1
24254.6
24936
26918.2
32477.3
49585.4
123656
656510
6.27041e+06
2.92069e+07
3.87733e+07
3.77714e+07
3.52578e+07
3.31061e+07
3.1471e+07
2.99519e+07
2.85854e+07
2.74591e+07
2.66158e+07
2.60463e+07
2.58115e+07
2.59459e+07
2.61849e+07
2.65548e+07
2.70304e+07
2.75661e+07
2.81308e+07
2.87033e+07
2.92729e+07
2.98373e+07
3.04002e+07
3.09745e+07
3.15692e+07
3.22e+07
3.2883e+07
3.36338e+07
3.44656e+07
3.53973e+07
3.64486e+07
3.76407e+07
3.89975e+07
4.05463e+07
4.23195e+07
4.43559e+07
4.67026e+07
4.94189e+07
5.25809e+07
5.6288e+07
6.06733e+07
6.59203e+07
7.22896e+07
8.01635e+07
9.01289e+07
1.03135e+08
1.20828e+08
1.46311e+08
1.86182e+08
2.56986e+08
4.11287e+08
8.83852e+08
2.14715e+09
24144.5
23905.2
23853
23843.2
23841.6
23841.4
23841.3
23841.4
23841.3
23841.2
23841.4
23841.3
23841.9
23841
23840.9
23841.4
23841.2
23841.5
23841.2
23842.9
23843.1
23840.8
23840.2
23841.8
23847.3
23849
23850.1
23850.8
23851.5
23852.4
23855.3
23860.5
23865.3
23871.6
23875.6
23887.4
23900.4
23915.4
23941.7
24003.8
24187.6
24737.2
26317.3
30714.4
43581.4
92467.6
400412
3.47885e+06
2.29306e+07
4.05697e+07
4.00991e+07
3.71786e+07
3.46239e+07
3.28124e+07
3.12244e+07
2.98201e+07
2.86365e+07
2.77167e+07
2.70905e+07
2.67793e+07
2.69081e+07
2.71517e+07
2.75468e+07
2.80717e+07
2.86747e+07
2.93184e+07
2.9977e+07
3.0635e+07
3.12857e+07
3.19301e+07
3.25751e+07
3.32323e+07
3.39144e+07
3.46453e+07
3.54374e+07
3.63063e+07
3.72726e+07
3.8357e+07
3.95808e+07
4.09681e+07
4.25469e+07
4.43498e+07
4.64163e+07
4.87941e+07
5.15427e+07
5.47376e+07
5.84774e+07
6.28932e+07
6.81654e+07
7.45489e+07
8.24167e+07
9.2339e+07
1.05234e+08
1.22685e+08
1.47664e+08
1.86456e+08
2.5476e+08
4.02572e+08
8.57129e+08
2.16805e+09
24148
23906.7
23853.4
23843.4
23841.7
23841.3
23841.3
23841.4
23841.2
23841.3
23841.3
23841.5
23841.5
23841.3
23841.6
23842.8
23842.3
23842
23842.2
23842.9
23842.3
23841.4
23842.5
23843.5
23846.6
23848.4
23849.6
23850.7
23851.2
23851.9
23854.1
23859.6
23864.8
23870.5
23876.9
23879.5
23892.9
23908.1
23931.3
23983.6
24135.3
24584.9
25861.2
29391.6
39380.4
73614.9
260549
1.94444e+06
1.69725e+07
4.16811e+07
4.20793e+07
3.90784e+07
3.61937e+07
3.4145e+07
3.24708e+07
3.10346e+07
2.98218e+07
2.88348e+07
2.81389e+07
2.7756e+07
2.78685e+07
2.81087e+07
2.8521e+07
2.9088e+07
2.97531e+07
3.04729e+07
3.12181e+07
3.19693e+07
3.27164e+07
3.34569e+07
3.41949e+07
3.49392e+07
3.57024e+07
3.65002e+07
3.73515e+07
3.82768e+07
3.92975e+07
4.04368e+07
4.17151e+07
4.31554e+07
4.47861e+07
4.66407e+07
4.87588e+07
5.11889e+07
5.39905e+07
5.72394e+07
6.10333e+07
6.55024e+07
7.08247e+07
7.72512e+07
8.51486e+07
9.50749e+07
1.07926e+08
1.25236e+08
1.49875e+08
1.87877e+08
2.54251e+08
3.96747e+08
8.36026e+08
2.17049e+09
24151.4
23908.2
23853.8
23843.5
23841.7
23841.4
23841.4
23841.3
23841.4
23841.5
23841.3
23841.3
23841
23841.6
23841.3
23841.1
23841.4
23841.4
23842.2
23842.2
23841.8
23842.6
23843.5
23844.9
23845
23846.7
23847.8
23848.9
23850.5
23851.5
23852.8
23857.7
23863.8
23868.9
23875
23877.6
23880.3
23899.2
23921.9
23966.9
24094
24466.3
25513.2
28388.9
36341
61512.6
178359
1.0835e+06
1.04946e+07
3.97028e+07
4.39019e+07
4.10486e+07
3.78495e+07
3.54925e+07
3.36891e+07
3.22136e+07
3.09836e+07
2.99623e+07
2.91911e+07
2.87408e+07
2.88285e+07
2.90626e+07
2.94897e+07
3.00934e+07
3.08159e+07
3.16086e+07
3.24383e+07
3.32801e+07
3.41232e+07
3.49638e+07
3.58039e+07
3.66502e+07
3.75129e+07
3.84052e+07
3.93427e+07
4.03495e+07
4.14509e+07
4.26697e+07
4.40288e+07
4.55532e+07
4.72713e+07
4.92145e+07
5.14214e+07
5.39425e+07
5.68376e+07
6.01821e+07
6.40734e+07
6.86408e+07
7.40604e+07
8.05804e+07
8.85619e+07
9.85533e+07
1.11432e+08
1.28695e+08
1.53126e+08
1.90559e+08
2.55443e+08
3.93834e+08
8.24918e+08
2.14443e+09
24154.6
23909.6
23854.2
23843.5
23841.7
23841.4
23841.3
23841.3
23841.5
23841.4
23841.4
23841.3
23841.2
23841.4
23841.1
23841.5
23841.8
23841.8
23841
23840.7
23841.9
23844.4
23843.5
23844.3
23843.9
23843.4
23844.1
23845.4
23848.2
23850.3
23850.9
23853.4
23860.8
23866.2
23872.4
23875.2
23879.2
23884.8
23912.3
23952.8
24061
24373.4
25245.1
27621.5
34090.7
53502.1
132745
664988
6.05724e+06
3.32241e+07
4.59045e+07
4.32877e+07
3.96675e+07
3.68542e+07
3.48828e+07
3.33509e+07
3.21042e+07
3.10685e+07
3.02477e+07
2.97264e+07
2.97831e+07
3.00118e+07
3.0459e+07
3.11039e+07
3.1887e+07
3.27546e+07
3.36663e+07
3.45965e+07
3.55323e+07
3.64692e+07
3.74093e+07
3.83594e+07
3.93302e+07
4.03352e+07
4.13894e+07
4.25116e+07
4.37233e+07
4.50494e+07
4.65164e+07
4.81522e+07
4.99873e+07
5.2056e+07
5.43989e+07
5.70639e+07
6.01101e+07
6.36129e+07
6.76697e+07
7.24091e+07
7.80058e+07
8.47038e+07
9.28565e+07
1.02996e+08
1.15977e+08
1.33245e+08
1.57457e+08
1.94125e+08
2.56786e+08
3.88363e+08
7.95444e+08
2.0804e+09
24157.7
23911
23854.6
23843.6
23841.7
23841.4
23841.3
23841.4
23841.4
23841.3
23841.3
23841.5
23841.8
23841.5
23841.4
23841.5
23841.8
23841.5
23841.3
23841.2
23841.8
23843.7
23843.9
23843
23842.1
23841.9
23843
23844.6
23845.9
23847.6
23849.1
23851.4
23856
23860
23867.8
23872.1
23878.1
23885.2
23900.2
23940.4
24034.1
24299.8
25035
27024.6
32373
47807.7
104984
445970
3.64093e+06
2.61132e+07
4.79793e+07
4.56365e+07
4.15023e+07
3.82096e+07
3.60438e+07
3.44308e+07
3.3177e+07
3.21298e+07
3.12911e+07
3.07132e+07
3.07258e+07
3.09509e+07
3.14256e+07
3.21203e+07
3.2973e+07
3.39262e+07
3.49325e+07
3.59597e+07
3.69934e+07
3.8028e+07
3.90663e+07
4.01161e+07
4.11891e+07
4.22993e+07
4.34636e+07
4.47022e+07
4.60356e+07
4.74899e+07
4.90923e+07
5.08721e+07
5.28611e+07
5.50945e+07
5.76138e+07
6.04693e+07
6.37224e+07
6.74502e+07
7.1753e+07
7.67623e+07
8.2656e+07
8.96816e+07
9.81956e+07
1.08732e+08
1.22131e+08
1.39807e+08
1.64346e+08
2.01053e+08
2.62799e+08
3.90021e+08
7.76516e+08
2.01544e+09
24160.7
23912.4
23855.1
23843.7
23841.7
23841.4
23841.3
23841.3
23841.3
23841.3
23841.4
23841.5
23841.6
23841.5
23841.3
23841.2
23841.1
23841.4
23842.8
23842.9
23842.2
23842
23842.7
23842.3
23841.4
23842.6
23845.6
23847
23847.9
23848.8
23849
23852.3
23856.8
23860.1
23862.4
23868.1
23875.5
23883.9
23893.9
23927.9
24011.8
24240.5
24867.2
26550.6
31026.3
43549.3
86314.1
311178
2.25237e+06
1.97332e+07
4.93383e+07
4.74788e+07
4.31964e+07
3.9537e+07
3.71679e+07
3.54557e+07
3.42056e+07
3.31538e+07
3.23011e+07
3.17044e+07
3.16449e+07
3.18716e+07
3.23773e+07
3.31274e+07
3.40581e+07
3.51079e+07
3.62236e+07
3.73657e+07
3.85128e+07
3.96581e+07
4.08036e+07
4.19585e+07
4.31362e+07
4.43526e+07
4.56261e+07
4.69771e+07
4.84282e+07
5.00069e+07
5.17428e+07
5.36673e+07
5.58149e+07
5.82243e+07
6.0939e+07
6.40124e+07
6.75095e+07
7.15119e+07
7.61239e+07
8.14829e+07
8.77736e+07
9.52511e+07
1.04281e+08
1.1541e+08
1.29492e+08
1.47957e+08
1.73398e+08
2.11091e+08
2.7368e+08
4.00333e+08
7.75946e+08
1.98138e+09
24163.7
23913.8
23855.5
23843.8
23841.7
23841.4
23841.3
23841.3
23841.3
23841.3
23841.3
23841.3
23841.3
23841.4
23841.5
23841.3
23841.2
23841.6
23842.6
23842.6
23842.1
23841.3
23842
23843.6
23844
23843.8
23845.5
23846.5
23847.3
23848.6
23848.6
23851.6
23856.4
23860
23862.7
23865.1
23872
23881
23891.2
23916.6
23992.3
24191.7
24730.6
26167.5
29949.1
40274.2
73220
223819
1.36699e+06
1.28987e+07
4.64881e+07
4.88875e+07
4.4832e+07
4.08863e+07
3.82688e+07
3.64418e+07
3.5196e+07
3.41571e+07
3.32795e+07
3.26736e+07
3.25457e+07
3.27677e+07
3.32968e+07
3.40999e+07
3.51094e+07
3.62604e+07
3.74954e+07
3.8767e+07
4.00451e+07
4.13193e+07
4.25889e+07
4.38624e+07
4.51543e+07
4.64828e+07
4.78681e+07
4.93319e+07
5.09002e+07
5.26003e+07
5.44629e+07
5.65212e+07
5.88127e+07
6.13807e+07
6.42743e+07
6.755e+07
7.12767e+07
7.55395e+07
8.04478e+07
8.61443e+07
9.28208e+07
1.00743e+08
1.1029e+08
1.22026e+08
1.36834e+08
1.56178e+08
1.82705e+08
2.21752e+08
2.86001e+08
4.14247e+08
7.86905e+08
1.9837e+09
24166.5
23915.1
23855.9
23843.9
23841.8
23841.4
23841.3
23841.3
23841.4
23841.3
23841.3
23841.3
23841.3
23841.5
23841.6
23841.8
23842
23841.9
23841.5
23841.6
23841.9
23842
23842.7
23844.6
23845.2
23844.6
23844.5
23845
23845.5
23846.8
23847.2
23848.8
23854.8
23858.4
23861.2
23863.8
23867.9
23877.3
23887.7
23910
23973.9
24150.9
24618.4
25854.7
29079.3
37719.5
63947.8
172230
896553
8.06729e+06
4.05244e+07
5.04863e+07
4.66173e+07
4.23461e+07
3.9377e+07
3.73979e+07
3.61372e+07
3.51429e+07
3.42338e+07
3.36036e+07
3.34251e+07
3.36344e+07
3.41717e+07
3.50168e+07
3.60977e+07
3.73458e+07
3.86988e+07
4.01047e+07
4.15258e+07
4.29432e+07
4.4354e+07
4.57635e+07
4.71854e+07
4.86383e+07
5.01449e+07
5.17289e+07
5.342e+07
5.52454e+07
5.72355e+07
5.9424e+07
6.185e+07
6.45584e+07
6.76017e+07
7.10412e+07
7.49505e+07
7.94202e+07
8.45645e+07
9.05322e+07
9.75229e+07
1.05811e+08
1.15791e+08
1.28045e+08
1.43484e+08
1.63616e+08
1.91151e+08
2.31534e+08
2.97596e+08
4.28164e+08
8.02518e+08
2.01449e+09
24169.2
23916.4
23856.2
23844
23841.8
23841.4
23841.4
23841.3
23841.3
23841.3
23841.4
23841.5
23841.5
23841.5
23841.5
23841.7
23842
23841.8
23841.1
23841.3
23842
23842.7
23842.8
23842.3
23842.8
23843.8
23844.9
23845.2
23845.7
23847
23847.6
23846.9
23850.9
23854.3
23857.1
23860.9
23865.1
23872.4
23883.5
23904.8
23959.9
24116.3
24526
25599.3
28376
35706.6
57105.7
138997
639946
5.30928e+06
3.44624e+07
5.244e+07
4.86854e+07
4.39167e+07
4.04869e+07
3.83244e+07
3.70163e+07
3.60828e+07
3.51563e+07
3.44964e+07
3.42732e+07
3.447e+07
3.50025e+07
3.58749e+07
3.70155e+07
3.83514e+07
3.9815e+07
4.13504e+07
4.29137e+07
4.44786e+07
4.60381e+07
4.75948e+07
4.916e+07
5.07514e+07
5.23917e+07
5.41065e+07
5.59271e+07
5.78829e+07
6.00058e+07
6.23306e+07
6.48963e+07
6.77473e+07
7.09367e+07
7.45286e+07
7.86001e+07
8.32472e+07
8.85901e+07
9.47829e+07
1.02031e+08
1.10618e+08
1.20946e+08
1.33613e+08
1.49549e+08
1.70293e+08
1.98605e+08
2.40002e+08
3.07443e+08
4.399e+08
8.16148e+08
2.05481e+09
24171.8
23917.6
23856.6
23844.1
23841.8
23841.4
23841.3
23841.3
23841.3
23841.4
23841.4
23841.4
23841.5
23841.5
23841.5
23841.5
23841.4
23841.6
23842
23842
23842.2
23842.6
23842.2
23841.6
23841.6
23842.2
23844.2
23844.9
23845.5
23847.3
23848.5
23849
23850.9
23854.3
23855.4
23856.9
23860.5
23867.7
23879.3
23899.7
23949.7
24087.4
24450
25391
27809.2
34113.1
51934.7
115768
473984
3.62614e+06
2.84139e+07
5.50241e+07
5.08129e+07
4.54211e+07
4.15614e+07
3.92113e+07
3.78331e+07
3.69512e+07
3.6042e+07
3.53492e+07
3.50828e+07
3.5273e+07
3.57994e+07
3.66865e+07
3.78763e+07
3.92924e+07
4.08603e+07
4.25184e+07
4.4219e+07
4.59295e+07
4.7636e+07
4.93406e+07
5.10524e+07
5.27885e+07
5.45713e+07
5.64271e+07
5.83852e+07
6.04777e+07
6.27393e+07
6.52074e+07
6.79229e+07
7.09317e+07
7.42869e+07
7.80521e+07
8.2306e+07
8.71477e+07
9.27024e+07
9.91305e+07
1.06644e+08
1.15531e+08
1.26204e+08
1.39269e+08
1.55671e+08
1.76965e+08
2.05933e+08
2.48128e+08
3.16458e+08
4.49543e+08
8.23472e+08
2.0866e+09
24174.3
23918.8
23857
23844.2
23841.8
23841.4
23841.3
23841.3
23841.3
23841.4
23841.4
23841.4
23841.4
23841.5
23841.4
23841.2
23841.4
23841.7
23842.4
23842.2
23842
23841.9
23842.3
23842.8
23842.9
23843.2
23843.2
23843.6
23845.2
23847
23847.8
23848.6
23850.3
23853.9
23855.4
23857
23859.4
23862.9
23874.2
23894.8
23941
24064.1
24387.2
25220.5
27349.5
32840.7
47965.8
99037.9
358422
2.50561e+06
2.21921e+07
5.7025e+07
5.23654e+07
4.67105e+07
4.25629e+07
4.00537e+07
3.85935e+07
3.77478e+07
3.68876e+07
3.61579e+07
3.58559e+07
3.60361e+07
3.65676e+07
3.7466e+07
3.86964e+07
4.01866e+07
4.18557e+07
4.36345e+07
4.54704e+07
4.7325e+07
4.91781e+07
5.1029e+07
5.28855e+07
5.47646e+07
5.66894e+07
5.86879e+07
6.07869e+07
6.30211e+07
6.54275e+07
6.80461e+07
7.09209e+07
7.41011e+07
7.76428e+07
8.16119e+07
8.60879e+07
9.11702e+07
9.69858e+07
1.037e+08
1.11531e+08
1.20776e+08
1.31855e+08
1.45389e+08
1.62334e+08
1.84262e+08
2.13966e+08
2.56976e+08
3.26101e+08
4.59257e+08
8.2794e+08
2.11034e+09
24176.7
23920
23857.4
23844.3
23841.8
23841.4
23841.4
23841.4
23841.4
23841.3
23841.4
23841.4
23841.4
23841.5
23841.5
23841.4
23841.7
23841.7
23841.5
23841.7
23841.9
23842.1
23842.5
23842.5
23842.7
23843.8
23844.4
23843.9
23843.9
23845.4
23846.5
23848
23849.4
23852.9
23854.5
23856.2
23858.9
23862.9
23869.2
23889.5
23933.1
24044.9
24335
25079.6
26972.6
31810.9
44862.8
86812.9
279417
1.72559e+06
1.57758e+07
5.3527e+07
5.29708e+07
4.7807e+07
4.35017e+07
4.08516e+07
3.9305e+07
3.84868e+07
3.76856e+07
3.69265e+07
3.65897e+07
3.67565e+07
3.72996e+07
3.82186e+07
3.94836e+07
4.10415e+07
4.28094e+07
4.47098e+07
4.66829e+07
4.86851e+07
5.06906e+07
5.26921e+07
5.46963e+07
5.67195e+07
5.87855e+07
6.09241e+07
6.31635e+07
6.55405e+07
6.80948e+07
7.08689e+07
7.39098e+07
7.72698e+07
8.10086e+07
8.51963e+07
8.99166e+07
9.52722e+07
1.01393e+08
1.08449e+08
1.16664e+08
1.26346e+08
1.37927e+08
1.52042e+08
1.69672e+08
1.92412e+08
2.23091e+08
2.67269e+08
3.37711e+08
4.71774e+08
8.36072e+08
2.13672e+09
24179
23921.1
23857.7
23844.4
23841.9
23841.4
23841.4
23841.4
23841.4
23841.4
23841.4
23841.4
23841.5
23841.5
23841.4
23841.5
23841.8
23841.7
23841.4
23841.5
23841.8
23842.1
23842.2
23842.2
23842.6
23843.5
23843.7
23844
23844.6
23845.6
23845.6
23846.3
23848.3
23851.9
23853.4
23855.1
23857.8
23862.1
23869.1
23883.9
23925.9
24028.2
24291
24961.9
26659.4
30965
42387.7
77702.9
227618
1.23541e+06
1.09269e+07
4.82639e+07
5.34038e+07
4.88807e+07
4.4436e+07
4.16084e+07
3.99738e+07
3.91727e+07
3.843e+07
3.7657e+07
3.72879e+07
3.74388e+07
3.79837e+07
3.8929e+07
4.02325e+07
4.18489e+07
4.37082e+07
4.57278e+07
4.78394e+07
4.99947e+07
5.21602e+07
5.43211e+07
5.6483e+07
5.86595e+07
6.08739e+07
6.31566e+07
6.55411e+07
6.80655e+07
7.07717e+07
7.37052e+07
7.69158e+07
8.04593e+07
8.43989e+07
8.88087e+07
9.37769e+07
9.94118e+07
1.05849e+08
1.13263e+08
1.21887e+08
1.32037e+08
1.44163e+08
1.58918e+08
1.77311e+08
2.00981e+08
2.32821e+08
2.78494e+08
3.5092e+08
4.87586e+08
8.53491e+08
2.17519e+09
24181.2
23922.2
23858.1
23844.5
23841.9
23841.4
23841.4
23841.4
23841.4
23841.4
23841.4
23841.4
23841.4
23841.4
23841.4
23841.4
23841.6
23841.6
23841.8
23841.8
23841.7
23841.8
23842
23842.2
23842.8
23843.3
23843.2
23842.9
23844.2
23845.9
23846.5
23846.5
23845.7
23849.9
23852.2
23853.9
23856.6
23860.9
23868.1
23881.8
23918.1
24013.7
24253.6
24862.5
26396.2
30261.4
40377.6
70694.9
192383
956402
8.00503e+06
4.39155e+07
5.40561e+07
5.00445e+07
4.54271e+07
4.23543e+07
4.05969e+07
3.97905e+07
3.91115e+07
3.83436e+07
3.79506e+07
3.80889e+07
3.86266e+07
3.95856e+07
4.09283e+07
4.25993e+07
4.45371e+07
4.66658e+07
4.89111e+07
5.12177e+07
5.35466e+07
5.58772e+07
5.82079e+07
6.05502e+07
6.29253e+07
6.5363e+07
6.7903e+07
7.05839e+07
7.34491e+07
7.65469e+07
7.99304e+07
8.36585e+07
8.77982e+07
9.24276e+07
9.76392e+07
1.03546e+08
1.1029e+08
1.18053e+08
1.27074e+08
1.37681e+08
1.50333e+08
1.65704e+08
1.84824e+08
2.09367e+08
2.42273e+08
2.89265e+08
3.63325e+08
5.0177e+08
8.66849e+08
2.21627e+09
24183.3
23923.3
23858.4
23844.6
23841.9
23841.4
23841.4
23841.4
23841.4
23841.4
23841.4
23841.4
23841.5
23841.5
23841.4
23841.5
23841.6
23841.6
23841.9
23841.9
23841.8
23841.9
23842.1
23842
23842.8
23843.1
23843.3
23842.9
23843.2
23845.2
23846.2
23846.8
23846.8
23847.9
23850.8
23852.7
23855.4
23859.5
23866.4
23880
23912.2
24000.5
24221.6
24777.9
26173.4
29671.1
38724
65145.4
166305
765335
6.09233e+06
3.90254e+07
5.50587e+07
5.12982e+07
4.64471e+07
4.30508e+07
4.11507e+07
4.03245e+07
3.97174e+07
3.89801e+07
3.85721e+07
3.87034e+07
3.92362e+07
4.01957e+07
4.15619e+07
4.32819e+07
4.52882e+07
4.75079e+07
4.98714e+07
5.23197e+07
5.48088e+07
5.73102e+07
5.98145e+07
6.23314e+07
6.48783e+07
6.74865e+07
7.0195e+07
7.30427e+07
7.60747e+07
7.93415e+07
8.28992e+07
8.681e+07
9.11445e+07
9.59846e+07
1.01428e+08
1.07592e+08
1.14624e+08
1.22714e+08
1.3211e+08
1.43149e+08
1.56304e+08
1.72265e+08
1.92088e+08
2.17482e+08
2.51436e+08
2.99746e+08
3.75469e+08
5.15827e+08
8.8084e+08
2.26558e+09
24185.3
23924.3
23858.7
23844.6
23841.9
23841.4
23841.4
23841.4
23841.4
23841.4
23841.4
23841.4
23841.5
23841.5
23841.4
23841.5
23841.7
23841.7
23841.6
23841.8
23841.9
23842.3
23842.3
23842.2
23842.6
23842.9
23843.1
23843.2
23843.6
23844.6
23845.4
23846.1
23846.9
23848.5
23849.3
23851.1
23853.9
23857.8
23864.5
23877.8
23908.4
23989
24194.3
24706
25985
29175.9
37360.4
60715.3
146484
627660
4.77125e+06
3.43482e+07
5.71764e+07
5.29415e+07
4.74287e+07
4.36309e+07
4.16036e+07
4.07579e+07
4.02391e+07
3.95626e+07
3.91519e+07
3.92782e+07
3.9813e+07
4.07718e+07
4.21472e+07
4.38999e+07
4.59655e+07
4.82686e+07
5.07378e+07
5.33114e+07
5.59412e+07
5.85949e+07
6.12626e+07
6.39504e+07
6.66734e+07
6.94578e+07
7.23387e+07
7.53564e+07
7.85571e+07
8.1993e+07
8.57225e+07
8.98105e+07
9.43308e+07
9.93692e+07
1.05027e+08
1.11428e+08
1.18726e+08
1.27116e+08
1.36857e+08
1.48297e+08
1.61924e+08
1.78448e+08
1.98951e+08
2.25183e+08
2.60192e+08
3.09869e+08
3.87415e+08
5.30172e+08
8.97126e+08
2.32293e+09
24187.2
23925.2
23859
23844.7
23841.9
23841.4
23841.4
23841.4
23841.4
23841.4
23841.4
23841.4
23841.4
23841.4
23841.4
23841.5
23841.6
23841.6
23841.7
23841.6
23842
23842.3
23842.2
23842.3
23842.6
23842.5
23842.6
23842.8
23844
23844.8
23845.2
23845.1
23846.4
23848.5
23849.2
23850.2
23851.8
23855.9
23862.6
23875.7
23905.3
23979.7
24171.1
24645.1
25826.1
28761.9
36237.8
57172.3
131239
523578
3.80599e+06
2.97807e+07
6.0129e+07
5.46194e+07
4.82264e+07
4.40572e+07
4.19411e+07
4.10858e+07
4.06675e+07
4.00893e+07
3.96932e+07
3.98183e+07
4.03592e+07
4.13215e+07
4.27036e+07
4.44753e+07
4.65834e+07
4.89582e+07
5.15188e+07
5.42012e+07
5.69564e+07
5.9749e+07
6.25658e+07
6.54098e+07
6.82922e+07
7.12371e+07
7.42782e+07
7.74556e+07
8.0815e+07
8.441e+07
8.83004e+07
9.2553e+07
9.72443e+07
1.02463e+08
1.08315e+08
1.14929e+08
1.22462e+08
1.3112e+08
1.41168e+08
1.52966e+08
1.67017e+08
1.84053e+08
2.05183e+08
2.32198e+08
2.68213e+08
3.19221e+08
3.98595e+08
5.43912e+08
9.13599e+08
2.38022e+09
24189
23926.1
23859.3
23844.8
23841.9
23841.4
23841.4
23841.3
23841.4
23841.4
23841.4
23841.4
23841.4
23841.4
23841.4
23841.5
23841.6
23841.7
23841.7
23841.6
23841.8
23841.8
23841.9
23842.1
23842.6
23842.5
23842.3
23842.2
23843.5
23844.6
23845
23844.9
23846.1
23848.1
23848.8
23849.8
23851.1
23853.3
23860.7
23873.8
23902.4
23972.1
24151.2
24593.4
25692.6
28417
35314.5
54333
119480
445774
3.05669e+06
2.515e+07
6.19814e+07
5.56604e+07
4.86418e+07
4.42692e+07
4.21496e+07
4.13126e+07
4.10104e+07
4.05659e+07
4.02031e+07
4.03308e+07
4.08812e+07
4.18489e+07
4.32404e+07
4.5029e+07
4.71663e+07
4.95901e+07
5.22265e+07
5.50021e+07
5.78639e+07
6.07769e+07
6.37232e+07
6.67018e+07
6.97233e+07
7.28087e+07
7.59907e+07
7.93084e+07
8.28075e+07
8.65424e+07
9.05749e+07
9.49716e+07
9.9812e+07
1.05188e+08
1.11207e+08
1.18002e+08
1.25737e+08
1.34619e+08
1.44923e+08
1.57018e+08
1.71417e+08
1.88867e+08
2.10498e+08
2.3813e+08
2.74914e+08
3.26896e+08
4.0749e+08
5.54125e+08
9.22971e+08
2.42439e+09
24190.7
23927
23859.6
23844.9
23842
23841.4
23841.3
23841.3
23841.3
23841.4
23841.4
23841.4
23841.4
23841.4
23841.4
23841.5
23841.6
23841.7
23841.7
23841.7
23841.6
23841.6
23842
23842.3
23842.4
23842.5
23842.5
23842.3
23842.8
23843.6
23844.1
23844.6
23845.8
23847.4
23848
23848.9
23850.4
23852.6
23858.4
23872.2
23899.6
23965.7
24134.3
24549.7
25580.4
28129.8
34553.5
52046.1
110363
388455
2.49236e+06
2.0778e+07
5.95079e+07
5.53626e+07
4.85031e+07
4.4216e+07
4.22442e+07
4.14616e+07
4.12889e+07
4.10046e+07
4.06893e+07
4.08249e+07
4.13846e+07
4.23588e+07
4.37608e+07
4.55687e+07
4.77349e+07
5.01989e+07
5.28909e+07
5.57398e+07
5.86886e+07
6.17003e+07
6.47544e+07
6.78465e+07
7.09864e+07
7.4192e+07
7.74917e+07
8.09252e+07
8.45402e+07
8.83911e+07
9.25401e+07
9.70557e+07
1.0202e+08
1.07527e+08
1.13686e+08
1.20632e+08
1.28536e+08
1.37606e+08
1.48123e+08
1.60463e+08
1.75147e+08
1.9293e+08
2.14961e+08
2.4307e+08
2.80429e+08
3.33098e+08
4.14443e+08
5.61481e+08
9.27025e+08
2.45202e+09
24192.4
23927.8
23859.9
23844.9
23842
23841.4
23841.3
23841.3
23841.3
23841.4
23841.4
23841.4
23841.4
23841.5
23841.4
23841.4
23841.6
23841.6
23841.7
23841.7
23841.6
23841.6
23842
23842.3
23842.4
23842.4
23842.5
23842.5
23843
23843.5
23843.7
23843.7
23845.4
23846.5
23847.2
23848.1
23849.7
23852.3
23857.1
23870.4
23897.2
23960
24119.8
24512.3
25485.2
27888.3
33919.7
50181.8
103204
345879
2.08428e+06
1.73394e+07
5.6199e+07
5.44599e+07
4.81955e+07
4.4117e+07
4.22731e+07
4.15718e+07
4.1534e+07
4.14212e+07
4.1162e+07
4.13066e+07
4.1874e+07
4.28521e+07
4.42632e+07
4.60898e+07
4.82857e+07
5.07899e+07
5.3534e+07
5.64479e+07
5.94738e+07
6.25705e+07
6.57138e+07
6.88963e+07
7.21267e+07
7.54261e+07
7.88228e+07
8.23513e+07
8.60602e+07
9.00049e+07
9.42482e+07
9.88626e+07
1.0393e+08
1.09544e+08
1.15821e+08
1.22897e+08
1.30941e+08
1.40172e+08
1.50869e+08
1.63412e+08
1.78331e+08
1.96384e+08
2.18723e+08
2.47189e+08
2.84951e+08
3.38043e+08
4.19713e+08
5.66386e+08
9.26928e+08
2.46164e+09
24193.9
23928.6
23860.1
23845
23842
23841.4
23841.3
23841.3
23841.3
23841.4
23841.4
23841.4
23841.4
23841.5
23841.5
23841.5
23841.5
23841.6
23841.7
23841.6
23841.6
23841.9
23842
23842.1
23842.3
23842.3
23842.5
23842.6
23843
23843.6
23843.8
23843.7
23844.3
23845.5
23846.4
23847.4
23849.1
23851.9
23856.9
23869
23895.1
23955.2
24107.3
24480.1
25403.6
27682.5
33384.8
48638.2
97490
313920
1.79754e+06
1.47438e+07
5.31707e+07
5.34694e+07
4.77372e+07
4.39894e+07
4.22937e+07
4.16824e+07
4.17766e+07
4.18312e+07
4.16305e+07
4.17796e+07
4.23507e+07
4.33281e+07
4.47424e+07
4.65832e+07
4.88053e+07
5.13466e+07
5.41391e+07
5.71125e+07
6.02066e+07
6.33777e+07
6.65994e+07
6.98621e+07
7.31718e+07
7.65481e+07
8.00223e+07
8.36302e+07
8.74183e+07
9.1443e+07
9.57683e+07
1.00467e+08
1.05623e+08
1.11333e+08
1.17712e+08
1.249e+08
1.33068e+08
1.42434e+08
1.53284e+08
1.65999e+08
1.81108e+08
1.99377e+08
2.21956e+08
2.50686e+08
2.88727e+08
3.42072e+08
4.23824e+08
5.69777e+08
9.24907e+08
2.46125e+09
24195.3
23929.4
23860.4
23845.1
23842
23841.4
23841.3
23841.3
23841.3
23841.3
23841.4
23841.4
23841.4
23841.4
23841.5
23841.5
23841.5
23841.6
23841.6
23841.6
23841.7
23842
23842.1
23842.1
23842.2
23842.3
23842.4
23842.6
23843
23843.5
23843.6
23843.6
23844.4
23844.9
23845.4
23846.7
23848.5
23851.4
23856.5
23868
23893.2
23951
24096.5
24452
25333
27505.2
32927.8
47342.3
92856.2
289607
1.59698e+06
1.2931e+07
5.09769e+07
5.2487e+07
4.72378e+07
4.38573e+07
4.23401e+07
4.18225e+07
4.20452e+07
4.22446e+07
4.20998e+07
4.22467e+07
4.28145e+07
4.37847e+07
4.51955e+07
4.70429e+07
4.92842e+07
5.18568e+07
5.46911e+07
5.77172e+07
6.08725e+07
6.41108e+07
6.74034e+07
7.07386e+07
7.41208e+07
7.7568e+07
8.11105e+07
8.47886e+07
8.86486e+07
9.27468e+07
9.7148e+07
1.01926e+08
1.07166e+08
1.12966e+08
1.19442e+08
1.26736e+08
1.3502e+08
1.44514e+08
1.55505e+08
1.68375e+08
1.83657e+08
2.02114e+08
2.24899e+08
2.53846e+08
2.92102e+08
3.45615e+08
4.27343e+08
5.72497e+08
9.22578e+08
2.45756e+09
24196.7
23930.1
23860.6
23845.1
23842
23841.4
23841.3
23841.3
23841.3
23841.3
23841.4
23841.4
23841.4
23841.4
23841.5
23841.5
23841.5
23841.6
23841.6
23841.6
23841.7
23841.7
23842
23842.1
23842.2
23842.2
23842.3
23842.5
23842.8
23843
23843
23843.3
23844.3
23844.7
23845.2
23846.1
23847.9
23850.8
23855.9
23867.3
23891.5
23947.4
24087.2
24427.2
25271.2
27350.9
32533.1
46239.5
89023.2
270391
1.44562e+06
1.15696e+07
4.91983e+07
5.14045e+07
4.6729e+07
4.37594e+07
4.24296e+07
4.20124e+07
4.23481e+07
4.26754e+07
4.25734e+07
4.27081e+07
4.32635e+07
4.42186e+07
4.56186e+07
4.74648e+07
4.97173e+07
5.23134e+07
5.51819e+07
5.82525e+07
6.14615e+07
6.47602e+07
6.81176e+07
7.15205e+07
7.49713e+07
7.84873e+07
8.20979e+07
8.58435e+07
8.97739e+07
9.39451e+07
9.84222e+07
1.0328e+08
1.08604e+08
1.14495e+08
1.21069e+08
1.28469e+08
1.3687e+08
1.46492e+08
1.57623e+08
1.70649e+08
1.86101e+08
2.04746e+08
2.27735e+08
2.56899e+08
2.95373e+08
3.49068e+08
4.30811e+08
5.75308e+08
9.21129e+08
2.4543e+09
24197.9
23930.7
23860.8
23845.2
23842
23841.4
23841.3
23841.3
23841.3
23841.3
23841.4
23841.4
23841.4
23841.4
23841.5
23841.5
23841.5
23841.6
23841.6
23841.7
23841.8
23841.8
23841.7
23842
23842.2
23842.2
23842.5
23842.7
23842.8
23842.8
23842.7
23843.1
23843.9
23844.4
23844.9
23845.9
23847.5
23850.2
23855.3
23866.8
23890.1
23944.3
24078.9
24405.4
25217
27215.9
32189.8
45291.6
85800.4
254728
1.32486e+06
1.04484e+07
4.71468e+07
5.02443e+07
4.62318e+07
4.37105e+07
4.25866e+07
4.2266e+07
4.26917e+07
4.3124e+07
4.30497e+07
4.31615e+07
4.36946e+07
4.46263e+07
4.60082e+07
4.78455e+07
5.01014e+07
5.27131e+07
5.56079e+07
5.87149e+07
6.19697e+07
6.53218e+07
6.87385e+07
7.22047e+07
7.57214e+07
7.93048e+07
8.29835e+07
8.68005e+07
9.08042e+07
9.50513e+07
9.96075e+07
1.04549e+08
1.09961e+08
1.15946e+08
1.22623e+08
1.30133e+08
1.38655e+08
1.4841e+08
1.59687e+08
1.72874e+08
1.88506e+08
2.0735e+08
2.30559e+08
2.59965e+08
2.98698e+08
3.52644e+08
4.34548e+08
5.78741e+08
9.21565e+08
2.45581e+09
24199.1
23931.3
23861
23845.2
23842
23841.4
23841.3
23841.3
23841.3
23841.3
23841.4
23841.4
23841.4
23841.4
23841.5
23841.5
23841.5
23841.6
23841.7
23841.7
23841.8
23841.8
23841.8
23841.8
23842
23842.2
23842.5
23842.6
23842.6
23842.7
23842.6
23843.1
23843.5
23844
23844.7
23845.7
23847.3
23850
23854.7
23866
23888.8
23941.5
24071.5
24386.3
25169.4
27097.6
31890.5
44473.9
83070.2
241798
1.22763e+06
9.54382e+06
4.51086e+07
4.91452e+07
4.58004e+07
4.37659e+07
4.28312e+07
4.25886e+07
4.30759e+07
4.35851e+07
4.35235e+07
4.3603e+07
4.41042e+07
4.50053e+07
4.63625e+07
4.81846e+07
5.04368e+07
5.30569e+07
5.59709e+07
5.91064e+07
6.23996e+07
6.57989e+07
6.92698e+07
7.27955e+07
7.63756e+07
8.00253e+07
8.37749e+07
8.76651e+07
9.1744e+07
9.60691e+07
1.00707e+08
1.05734e+08
1.11238e+08
1.1732e+08
1.24102e+08
1.31726e+08
1.40371e+08
1.50262e+08
1.6169e+08
1.75043e+08
1.90861e+08
2.09914e+08
2.33359e+08
2.63032e+08
3.02064e+08
3.56334e+08
4.38536e+08
5.82751e+08
9.23665e+08
2.46223e+09
24200.1
23931.9
23861.2
23845.3
23842
23841.4
23841.3
23841.3
23841.3
23841.3
23841.3
23841.4
23841.4
23841.4
23841.5
23841.5
23841.6
23841.6
23841.6
23841.7
23841.7
23841.7
23841.9
23841.9
23841.8
23842.2
23842.3
23842.4
23842.5
23842.6
23842.6
23843.1
23843.4
23843.8
23844.4
23845.4
23847
23849.6
23854.5
23865.4
23887.7
23938.9
24065
24369.5
25127.7
26994.3
31630.1
43768.5
80750.9
231064
1.14905e+06
8.8336e+06
4.33223e+07
4.8184e+07
4.54965e+07
4.39277e+07
4.31639e+07
4.29747e+07
4.34956e+07
4.40543e+07
4.3988e+07
4.40275e+07
4.44885e+07
4.53533e+07
4.6681e+07
4.8483e+07
5.0726e+07
5.33486e+07
5.62755e+07
5.94329e+07
6.27574e+07
6.61983e+07
6.97192e+07
7.33013e+07
7.69434e+07
8.06602e+07
8.44799e+07
8.8442e+07
9.25955e+07
9.69982e+07
1.01717e+08
1.0683e+08
1.12425e+08
1.18605e+08
1.2549e+08
1.33228e+08
1.41996e+08
1.52022e+08
1.63598e+08
1.77118e+08
1.93121e+08
2.12384e+08
2.36068e+08
2.66016e+08
3.05363e+08
3.59988e+08
4.42556e+08
5.86961e+08
9.26572e+08
2.47055e+09
24201.1
23932.4
23861.4
23845.3
23842.1
23841.4
23841.3
23841.3
23841.3
23841.3
23841.3
23841.4
23841.4
23841.4
23841.4
23841.5
23841.5
23841.6
23841.6
23841.7
23841.7
23841.8
23841.8
23841.9
23841.8
23842
23842.3
23842.3
23842.3
23842.5
23842.7
23842.9
23843.3
23843.7
23844.3
23845.2
23846.8
23849.3
23854.2
23864.9
23886.7
23936.7
24059.3
24354.9
25091.3
26904.2
31404.2
43160.7
78777
222109
1.08581e+06
8.26543e+06
4.18695e+07
4.73917e+07
4.53547e+07
4.41946e+07
4.35705e+07
4.34103e+07
4.39409e+07
4.45259e+07
4.44397e+07
4.44259e+07
4.48433e+07
4.56681e+07
4.69631e+07
4.87417e+07
5.09718e+07
5.35922e+07
5.65267e+07
5.97031e+07
6.30595e+07
6.65403e+07
7.01076e+07
7.37418e+07
7.7441e+07
8.12194e+07
8.51042e+07
8.91345e+07
9.33592e+07
9.78367e+07
1.02635e+08
1.0783e+08
1.13513e+08
1.19787e+08
1.26773e+08
1.34619e+08
1.43505e+08
1.53661e+08
1.6538e+08
1.7906e+08
1.95242e+08
2.14708e+08
2.38625e+08
2.68841e+08
3.08498e+08
3.6348e+08
4.46431e+08
5.91098e+08
9.29737e+08
2.47906e+09
24202
23932.9
23861.5
23845.4
23842.1
23841.4
23841.3
23841.3
23841.3
23841.3
23841.3
23841.3
23841.4
23841.4
23841.4
23841.5
23841.5
23841.6
23841.6
23841.7
23841.8
23841.8
23841.8
23841.9
23841.9
23841.8
23842.1
23842.2
23842.2
23842.6
23842.7
23842.8
23843.1
23843.5
23844.1
23845
23846.6
23849.2
23854.1
23864.5
23885.8
23934.7
24054.2
24342.1
25059.7
26826.2
31209
42638.3
77096
214597
1.03417e+06
7.80144e+06
4.07406e+07
4.67947e+07
4.53965e+07
4.4575e+07
4.40427e+07
4.38823e+07
4.43992e+07
4.49844e+07
4.48675e+07
4.47944e+07
4.51656e+07
4.59481e+07
4.72087e+07
4.8962e+07
5.11767e+07
5.37916e+07
5.67314e+07
5.99283e+07
6.3313e+07
6.68295e+07
7.04386e+07
7.41202e+07
7.78716e+07
8.17062e+07
8.56508e+07
8.97443e+07
9.40354e+07
9.85827e+07
1.03454e+08
1.08728e+08
1.14493e+08
1.20855e+08
1.27935e+08
1.35884e+08
1.44881e+08
1.55158e+08
1.67012e+08
1.80841e+08
1.97193e+08
2.1685e+08
2.40986e+08
2.71455e+08
3.11408e+08
3.6673e+08
4.50052e+08
5.9499e+08
9.32817e+08
2.48672e+09
24202.8
23933.3
23861.7
23845.4
23842.1
23841.4
23841.3
23841.3
23841.3
23841.3
23841.3
23841.3
23841.3
23841.4
23841.4
23841.4
23841.5
23841.6
23841.6
23841.7
23841.8
23841.8
23841.8
23841.8
23841.8
23841.9
23842
23842.1
23842.2
23842.4
23842.6
23842.8
23843
23843.4
23843.9
23844.9
23846.4
23849.1
23854.1
23864.1
23885.1
23932.9
24049.8
24331.2
25032.5
26759
31041.3
42191.2
75666.7
208273
991168
7.42064e+06
3.98754e+07
4.64912e+07
4.56461e+07
4.50481e+07
4.45578e+07
4.43696e+07
4.48544e+07
4.54237e+07
4.52614e+07
4.51305e+07
4.54524e+07
4.61918e+07
4.74179e+07
4.91453e+07
5.13433e+07
5.39498e+07
5.68984e+07
6.01129e+07
6.35224e+07
6.70702e+07
7.07166e+07
7.44406e+07
7.82389e+07
8.21242e+07
8.61229e+07
9.02734e+07
9.46248e+07
9.92356e+07
1.04174e+08
1.09518e+08
1.15359e+08
1.21801e+08
1.28968e+08
1.3701e+08
1.46109e+08
1.56498e+08
1.68476e+08
1.82442e+08
1.98949e+08
2.18782e+08
2.4312e+08
2.73823e+08
3.14047e+08
3.69682e+08
4.53344e+08
5.98529e+08
9.35607e+08
2.493e+09
24203.5
23933.7
23861.8
23845.4
23842.1
23841.4
23841.3
23841.3
23841.3
23841.3
23841.3
23841.3
23841.3
23841.3
23841.4
23841.4
23841.4
23841.5
23841.5
23841.6
23841.6
23841.7
23841.7
23841.7
23841.8
23841.9
23841.9
23842.1
23842.2
23842.4
23842.5
23842.7
23843
23843.3
23843.9
23844.8
23846.3
23849
23854.1
23863.8
23884.4
23931.3
24046.1
24321.8
25009.2
26701.7
30898.5
41811.3
74456.8
202962
955561
7.11087e+06
3.92281e+07
4.65113e+07
4.60619e+07
4.55738e+07
4.50853e+07
4.48523e+07
4.52934e+07
4.58342e+07
4.56168e+07
4.54283e+07
4.5701e+07
4.63986e+07
4.75913e+07
4.92934e+07
5.14746e+07
5.40755e+07
5.70315e+07
6.0261e+07
6.3692e+07
6.72672e+07
7.09464e+07
7.47078e+07
7.85475e+07
8.24775e+07
8.65239e+07
9.07249e+07
9.51295e+07
9.97963e+07
1.04794e+08
1.10201e+08
1.16108e+08
1.22621e+08
1.29864e+08
1.37988e+08
1.47178e+08
1.57667e+08
1.69755e+08
1.83846e+08
2.00491e+08
2.20483e+08
2.45002e+08
2.75915e+08
3.16381e+08
3.72294e+08
4.56253e+08
6.01635e+08
9.37953e+08
2.49753e+09
24204.1
23934
23861.9
23845.5
23842.1
23841.4
23841.3
23841.3
23841.3
23841.3
23841.3
23841.3
23841.3
23841.3
23841.3
23841.4
23841.4
23841.4
23841.4
23841.5
23841.5
23841.6
23841.6
23841.7
23841.7
23841.8
23841.9
23842
23842.1
23842.3
23842.4
23842.6
23842.9
23843.2
23843.8
23844.7
23846.3
23849
23854
23863.5
23883.8
23930
24042.9
24313.9
24989.7
26653.5
30778.6
41492.1
73441
198527
926477
6.86259e+06
3.87709e+07
4.67566e+07
4.65693e+07
4.61195e+07
4.56036e+07
4.53135e+07
4.5702e+07
4.62039e+07
4.59283e+07
4.56839e+07
4.591e+07
4.65685e+07
4.773e+07
4.94084e+07
5.15723e+07
5.41727e+07
5.71348e+07
6.0377e+07
6.38263e+07
6.74252e+07
7.11327e+07
7.49265e+07
7.8802e+07
8.27708e+07
8.68584e+07
9.11029e+07
9.5553e+07
1.00268e+08
1.05315e+08
1.10775e+08
1.16738e+08
1.23311e+08
1.30619e+08
1.38814e+08
1.48081e+08
1.58655e+08
1.70838e+08
1.85036e+08
2.01802e+08
2.21931e+08
2.46608e+08
2.77702e+08
3.18377e+08
3.74527e+08
4.58729e+08
6.04241e+08
9.39739e+08
2.50008e+09
24204.7
23934.3
23862
23845.5
23842.1
23841.4
23841.3
23841.3
23841.3
23841.3
23841.3
23841.3
23841.3
23841.3
23841.3
23841.3
23841.3
23841.4
23841.4
23841.4
23841.5
23841.5
23841.6
23841.6
23841.7
23841.8
23841.8
23842
23842.1
23842.2
23842.4
23842.6
23842.8
23843.2
23843.7
23844.7
23846.3
23849
23853.8
23863.2
23883.3
23928.9
24040.2
24307.4
24973.5
26613.8
30679.7
41228.4
72599.4
194850
903006
6.66432e+06
3.84265e+07
4.71065e+07
4.71082e+07
4.66566e+07
4.60946e+07
4.57385e+07
4.60681e+07
4.65246e+07
4.61919e+07
4.58955e+07
4.60789e+07
4.6702e+07
4.78356e+07
4.94928e+07
5.16453e+07
5.42451e+07
5.72122e+07
6.04649e+07
6.39298e+07
6.75486e+07
7.12802e+07
7.51016e+07
7.90076e+07
8.30092e+07
8.71317e+07
9.14125e+07
9.59003e+07
1.00654e+08
1.05742e+08
1.11244e+08
1.17252e+08
1.23873e+08
1.31232e+08
1.39483e+08
1.48811e+08
1.59453e+08
1.71713e+08
1.85996e+08
2.0286e+08
2.23101e+08
2.47906e+08
2.79146e+08
3.19989e+08
3.76324e+08
4.60703e+08
6.06254e+08
9.4082e+08
2.50036e+09
24205.1
23934.5
23862.1
23845.5
23842.1
23841.4
23841.3
23841.3
23841.3
23841.3
23841.3
23841.3
23841.3
23841.3
23841.3
23841.3
23841.3
23841.3
23841.4
23841.4
23841.4
23841.5
23841.5
23841.6
23841.6
23841.7
23841.8
23841.9
23842
23842.2
23842.3
23842.5
23842.8
23843.1
23843.7
23844.6
23846.2
23848.9
23853.7
23863
23882.9
23928
24038.1
24302.1
24960.5
26581.9
30600.5
41016
71916.5
191818
883923
6.50176e+06
3.80554e+07
4.74648e+07
4.76265e+07
4.71551e+07
4.65385e+07
4.61138e+07
4.63833e+07
4.67923e+07
4.64052e+07
4.60622e+07
4.62082e+07
4.68005e+07
4.79097e+07
4.95477e+07
5.16968e+07
5.42965e+07
5.72675e+07
6.05288e+07
6.40066e+07
6.7642e+07
7.13937e+07
7.52381e+07
7.91695e+07
8.31984e+07
8.73494e+07
9.16596e+07
9.61775e+07
1.00962e+08
1.06081e+08
1.11615e+08
1.17655e+08
1.2431e+08
1.31705e+08
1.39995e+08
1.49366e+08
1.60055e+08
1.72367e+08
1.8671e+08
2.03641e+08
2.23958e+08
2.48851e+08
2.80191e+08
3.21143e+08
3.77587e+08
4.62045e+08
6.07492e+08
9.40892e+08
2.49762e+09
24205.5
23934.7
23862.2
23845.5
23842.1
23841.4
23841.3
23841.3
23841.3
23841.3
23841.3
23841.3
23841.3
23841.3
23841.3
23841.3
23841.3
23841.3
23841.4
23841.4
23841.4
23841.4
23841.5
23841.5
23841.6
23841.7
23841.8
23841.9
23842
23842.1
23842.3
23842.5
23842.8
23843.1
23843.7
23844.6
23846.2
23848.8
23853.6
23862.8
23882.5
23927.4
24036.5
24298.1
24950.6
26557.5
30540
40851.8
71381.3
189326
867865
6.3661e+06
3.77051e+07
4.78006e+07
4.80962e+07
4.75939e+07
4.69199e+07
4.64287e+07
4.66407e+07
4.70042e+07
4.65675e+07
4.61844e+07
4.6299e+07
4.68656e+07
4.79545e+07
4.95835e+07
5.17303e+07
5.43302e+07
5.73044e+07
6.05725e+07
6.40607e+07
6.77096e+07
7.14776e+07
7.53408e+07
7.92929e+07
8.33439e+07
8.75176e+07
9.18508e+07
9.63915e+07
1.01198e+08
1.06339e+08
1.11894e+08
1.17955e+08
1.24631e+08
1.32047e+08
1.40358e+08
1.49751e+08
1.60463e+08
1.72799e+08
1.87169e+08
2.04129e+08
2.24477e+08
2.49401e+08
2.80771e+08
3.21746e+08
3.78188e+08
4.62563e+08
6.0765e+08
9.3938e+08
2.49023e+09
24205.7
23934.9
23862.2
23845.5
23842.1
23841.4
23841.3
23841.3
23841.3
23841.3
23841.3
23841.3
23841.3
23841.3
23841.3
23841.3
23841.3
23841.3
23841.3
23841.4
23841.4
23841.4
23841.5
23841.5
23841.6
23841.7
23841.8
23841.9
23842
23842.1
23842.3
23842.5
23842.7
23843.1
23843.6
23844.6
23846.1
23848.8
23853.5
23862.7
23882.3
23926.9
24035.3
24295.2
24943.5
26540.1
30497.5
40733.4
70987.8
187721
855991
6.26096e+06
3.74114e+07
4.81086e+07
4.85023e+07
4.79593e+07
4.72282e+07
4.66758e+07
4.68352e+07
4.71584e+07
4.66789e+07
4.62633e+07
4.63529e+07
4.68993e+07
4.79761e+07
4.96027e+07
5.17489e+07
5.43495e+07
5.7326e+07
6.05996e+07
6.40959e+07
6.77554e+07
7.15366e+07
7.54147e+07
7.93832e+07
8.34514e+07
8.76427e+07
9.19932e+07
9.65502e+07
1.01372e+08
1.06526e+08
1.12094e+08
1.18166e+08
1.24849e+08
1.32272e+08
1.40587e+08
1.49982e+08
1.60693e+08
1.73027e+08
1.87389e+08
2.04339e+08
2.2467e+08
2.49565e+08
2.80884e+08
3.21766e+08
3.78037e+08
4.62077e+08
6.06397e+08
9.35645e+08
2.47619e+09
24205.9
23935
23862.2
23845.5
23842.1
23841.4
23841.3
23841.3
23841.3
23841.3
23841.3
23841.3
23841.3
23841.3
23841.3
23841.3
23841.3
23841.3
23841.3
23841.4
23841.4
23841.4
23841.5
23841.5
23841.6
23841.7
23841.7
23841.9
23842
23842.1
23842.3
23842.5
23842.7
23843.1
23843.6
23844.6
23846.1
23848.8
23853.5
23862.6
23882.1
23926.5
24034.5
24293.4
24939.2
26529.6
30472.6
40707.1
71002.7
187793
852944
6.20474e+06
3.72182e+07
4.8393e+07
4.88344e+07
4.82412e+07
4.74555e+07
4.68498e+07
4.69639e+07
4.72552e+07
4.67408e+07
4.63007e+07
4.63719e+07
4.69075e+07
4.79821e+07
4.96081e+07
5.17556e+07
5.43572e+07
5.73354e+07
6.06133e+07
6.4116e+07
6.77833e+07
7.15748e+07
7.54643e+07
7.94454e+07
8.35269e+07
8.77312e+07
9.20939e+07
9.66621e+07
1.01494e+08
1.06656e+08
1.12229e+08
1.18303e+08
1.24987e+08
1.32405e+08
1.40712e+08
1.50093e+08
1.60787e+08
1.73096e+08
1.87424e+08
2.04321e+08
2.24574e+08
2.49361e+08
2.80532e+08
3.21206e+08
3.77166e+08
4.60681e+08
6.03925e+08
9.30037e+08
2.45645e+09
24206
23935
23862.3
23845.6
23842.1
23841.4
23841.3
23841.3
23841.3
23841.3
23841.3
23841.3
23841.3
23841.3
23841.3
23841.3
23841.3
23841.3
23841.3
23841.4
23841.4
23841.4
23841.5
23841.5
23841.6
23841.7
23841.7
23841.9
23842
23842.1
23842.3
23842.5
23842.7
23843.1
23843.6
23844.6
23846.1
23848.8
23853.5
23862.6
23882.1
23926.4
24034.5
24293.6
24939.7
26531.2
30477.8
40722.2
71062.1
188055
854081
6.20775e+06
3.72207e+07
4.86474e+07
4.90796e+07
4.84316e+07
4.7596e+07
4.69472e+07
4.70258e+07
4.72936e+07
4.6755e+07
4.62986e+07
4.63582e+07
4.68837e+07
4.79487e+07
4.95657e+07
5.17069e+07
5.43195e+07
5.73219e+07
6.06166e+07
6.41242e+07
6.77966e+07
7.15965e+07
7.54944e+07
7.9485e+07
8.35769e+07
8.7791e+07
9.21626e+07
9.67385e+07
1.01576e+08
1.06743e+08
1.12317e+08
1.18389e+08
1.25067e+08
1.32475e+08
1.40767e+08
1.50128e+08
1.60793e+08
1.73059e+08
1.87327e+08
2.04152e+08
2.24318e+08
2.48995e+08
2.80023e+08
3.20498e+08
3.76156e+08
4.59161e+08
6.01366e+08
9.24481e+08
2.43682e+09
24206
23935
23862.3
23845.6
23842.1
23841.4
23841.3
23841.3
23841.3
23841.3
23841.3
23841.3
23841.3
23841.3
23841.3
23841.3
23841.3
23841.3
23841.3
23841.4
23841.4
23841.4
23841.5
23841.5
23841.6
23841.7
23841.8
23841.9
23842
23842.1
23842.3
23842.5
23842.7
23843.1
23843.6
23844.6
23846.1
23848.8
23853.5
23862.6
23882.1
23926.5
24034.7
24294.1
24941.2
26535.2
30489
40753.1
71170.7
188545
856946
6.2247e+06
3.72735e+07
4.88319e+07
4.92292e+07
4.85264e+07
4.76475e+07
4.69673e+07
4.7022e+07
4.72736e+07
4.67239e+07
4.62595e+07
4.63135e+07
4.68347e+07
4.78951e+07
4.95074e+07
5.16442e+07
5.42495e+07
5.72451e+07
6.05507e+07
6.40933e+07
6.77982e+07
7.16063e+07
7.55096e+07
7.95074e+07
8.36085e+07
8.78302e+07
9.22083e+07
9.67895e+07
1.01631e+08
1.06799e+08
1.12373e+08
1.18441e+08
1.25111e+08
1.32508e+08
1.40783e+08
1.50119e+08
1.60745e+08
1.72963e+08
1.87174e+08
2.03928e+08
2.24006e+08
2.48568e+08
2.7944e+08
3.19694e+08
3.75017e+08
4.57453e+08
5.9851e+08
9.18383e+08
2.41485e+09
24205.9
23935
23862.2
23845.5
23842.1
23841.4
23841.3
23841.3
23841.3
23841.3
23841.3
23841.3
23841.3
23841.3
23841.3
23841.3
23841.3
23841.3
23841.3
23841.4
23841.4
23841.4
23841.5
23841.5
23841.6
23841.7
23841.8
23841.9
23842
23842.2
23842.3
23842.5
23842.7
23843.1
23843.6
23844.6
23846.1
23848.8
23853.5
23862.6
23882.2
23926.7
24035.3
24295.6
24945
26544.4
30511.7
40808.8
71331.4
189276
861719
6.25717e+06
3.73966e+07
4.89285e+07
4.92698e+07
4.85171e+07
4.76034e+07
4.69056e+07
4.69493e+07
4.71925e+07
4.6645e+07
4.6181e+07
4.62356e+07
4.67577e+07
4.78179e+07
4.94291e+07
5.15637e+07
5.41642e+07
5.71542e+07
6.04533e+07
6.3988e+07
6.76967e+07
7.15397e+07
7.54837e+07
7.95118e+07
8.36229e+07
8.785e+07
9.2232e+07
9.68163e+07
1.0166e+08
1.06829e+08
1.12401e+08
1.18465e+08
1.25125e+08
1.32502e+08
1.40745e+08
1.50038e+08
1.60616e+08
1.72777e+08
1.86922e+08
2.03594e+08
2.2357e+08
2.48002e+08
2.78701e+08
3.18713e+08
3.73672e+08
4.55504e+08
5.95366e+08
9.11939e+08
2.39195e+09
24205.7
23934.9
23862.2
23845.5
23842.1
23841.4
23841.3
23841.3
23841.3
23841.3
23841.3
23841.3
23841.3
23841.3
23841.3
23841.3
23841.3
23841.3
23841.4
23841.4
23841.4
23841.4
23841.5
23841.6
23841.6
23841.7
23841.8
23841.9
23842
23842.2
23842.3
23842.5
23842.8
23843.1
23843.7
23844.6
23846.1
23848.8
23853.5
23862.7
23882.3
23927.1
24036.3
24298.2
24951.3
26560
30550
40906.3
71626
190437
868451
6.30454e+06
3.76166e+07
4.89427e+07
4.91935e+07
4.83954e+07
4.74567e+07
4.67559e+07
4.68026e+07
4.70476e+07
4.65151e+07
4.60601e+07
4.61219e+07
4.66503e+07
4.77147e+07
4.9328e+07
5.14625e+07
5.40603e+07
5.70454e+07
6.03381e+07
6.38646e+07
6.75645e+07
7.13945e+07
7.53263e+07
7.93504e+07
8.34809e+07
8.77377e+07
9.21522e+07
9.67673e+07
1.01635e+08
1.06817e+08
1.12385e+08
1.1843e+08
1.2506e+08
1.32399e+08
1.40599e+08
1.49844e+08
1.60366e+08
1.72463e+08
1.8653e+08
2.03108e+08
2.22966e+08
2.47248e+08
2.77746e+08
3.17477e+08
3.72018e+08
4.53154e+08
5.91647e+08
9.04471e+08
2.3649e+09
24205.5
23934.7
23862.2
23845.5
23842.1
23841.4
23841.3
23841.3
23841.3
23841.3
23841.3
23841.3
23841.3
23841.3
23841.3
23841.3
23841.3
23841.3
23841.4
23841.4
23841.4
23841.5
23841.5
23841.6
23841.7
23841.8
23841.9
23842
23842.1
23842.2
23842.4
23842.6
23842.8
23843.1
23843.7
23844.6
23846.2
23848.8
23853.6
23862.8
23882.6
23927.7
24037.8
24301.8
24960.3
26582.2
30604.5
41047.1
72059.9
192255
879756
6.38229e+06
3.79369e+07
4.88693e+07
4.90041e+07
4.81644e+07
4.72107e+07
4.65207e+07
4.65832e+07
4.68404e+07
4.63328e+07
4.58953e+07
4.59708e+07
4.65108e+07
4.75835e+07
4.92022e+07
5.13387e+07
5.39351e+07
5.69159e+07
6.02016e+07
6.37189e+07
6.74076e+07
7.12239e+07
7.51411e+07
7.91504e+07
8.32603e+07
8.74917e+07
9.18771e+07
9.6461e+07
1.01299e+08
1.06458e+08
1.12016e+08
1.18054e+08
1.24672e+08
1.31993e+08
1.40169e+08
1.49382e+08
1.59863e+08
1.71906e+08
1.85906e+08
2.02397e+08
2.22142e+08
2.46275e+08
2.76569e+08
3.16012e+08
3.70115e+08
4.50524e+08
5.87589e+08
8.96536e+08
2.33602e+09
24205.1
23934.5
23862.1
23845.5
23842.1
23841.4
23841.3
23841.3
23841.3
23841.3
23841.3
23841.3
23841.3
23841.3
23841.3
23841.3
23841.3
23841.4
23841.4
23841.4
23841.5
23841.5
23841.6
23841.7
23841.7
23841.8
23841.9
23842
23842.1
23842.2
23842.4
23842.6
23842.8
23843.2
23843.7
23844.6
23846.2
23848.9
23853.7
23863
23882.9
23928.5
24039.7
24306.6
24972.2
26611.3
30676.2
41233.3
72639.4
194745
895712
6.49598e+06
3.83612e+07
4.87523e+07
4.87181e+07
4.78335e+07
4.68721e+07
4.62052e+07
4.62949e+07
4.65746e+07
4.61001e+07
4.56885e+07
4.57841e+07
4.63407e+07
4.74257e+07
4.90524e+07
5.11926e+07
5.37884e+07
5.67646e+07
6.00422e+07
6.35483e+07
6.7223e+07
7.10228e+07
7.49216e+07
7.89105e+07
8.29968e+07
8.72014e+07
9.15577e+07
9.61105e+07
1.00916e+08
1.06039e+08
1.11558e+08
1.17563e+08
1.24157e+08
1.31453e+08
1.39599e+08
1.48777e+08
1.59216e+08
1.7121e+08
1.85147e+08
2.01563e+08
2.21213e+08
2.45223e+08
2.75356e+08
3.14575e+08
3.68351e+08
4.48234e+08
5.8431e+08
8.90713e+08
2.31666e+09
24204.7
23934.3
23862
23845.5
23842.1
23841.4
23841.3
23841.3
23841.3
23841.3
23841.3
23841.3
23841.3
23841.3
23841.3
23841.3
23841.4
23841.4
23841.4
23841.5
23841.5
23841.6
23841.6
23841.7
23841.8
23841.8
23841.9
23842
23842.1
23842.3
23842.4
23842.6
23842.9
23843.2
23843.8
23844.7
23846.3
23849
23853.8
23863.2
23883.3
23929.4
24042.1
24312.6
24987.1
26647.8
30765.9
41467.5
73373.3
197937
916556
6.65085e+06
3.8896e+07
4.86326e+07
4.83622e+07
4.74196e+07
4.64533e+07
4.58179e+07
4.59446e+07
4.62531e+07
4.58188e+07
4.54407e+07
4.55628e+07
4.61409e+07
4.72418e+07
4.88791e+07
5.10244e+07
5.362e+07
5.6591e+07
5.9859e+07
6.33515e+07
6.70093e+07
7.07892e+07
7.46655e+07
7.86297e+07
8.26889e+07
8.68643e+07
9.11899e+07
9.57109e+07
1.00483e+08
1.05573e+08
1.11059e+08
1.1703e+08
1.23592e+08
1.30871e+08
1.39007e+08
1.48175e+08
1.58602e+08
1.70581e+08
1.84504e+08
2.00903e+08
2.20536e+08
2.44531e+08
2.74653e+08
3.13874e+08
3.67684e+08
4.47685e+08
5.84136e+08
8.92023e+08
2.32821e+09
24204.1
23934
23861.9
23845.5
23842.1
23841.4
23841.3
23841.3
23841.3
23841.3
23841.3
23841.3
23841.3
23841.3
23841.3
23841.4
23841.4
23841.4
23841.5
23841.5
23841.6
23841.6
23841.7
23841.8
23841.9
23841.9
23842
23842
23842
23842.3
23842.5
23842.7
23842.9
23843.3
23843.8
23844.8
23846.3
23849.1
23853.9
23863.4
23883.8
23930.6
24045
24319.9
25005.2
26692.2
30875.2
41753.5
74272.6
201880
942744
6.85373e+06
3.95567e+07
4.85475e+07
4.79672e+07
4.69451e+07
4.59705e+07
4.53709e+07
4.55405e+07
4.58813e+07
4.54929e+07
4.51548e+07
4.5309e+07
4.59129e+07
4.70328e+07
4.86825e+07
5.08338e+07
5.34289e+07
5.63935e+07
5.96497e+07
6.31257e+07
6.67629e+07
7.05186e+07
7.43679e+07
7.83026e+07
8.23303e+07
8.64728e+07
9.07644e+07
9.52506e+07
9.99878e+07
1.05042e+08
1.10492e+08
1.16426e+08
1.2295e+08
1.30186e+08
1.38285e+08
1.47428e+08
1.57838e+08
1.698e+08
1.83702e+08
2.00078e+08
2.19686e+08
2.43654e+08
2.73752e+08
3.12958e+08
3.66782e+08
4.46877e+08
5.83683e+08
8.93095e+08
2.33906e+09
24203.5
23933.7
23861.8
23845.4
23842.1
23841.4
23841.3
23841.3
23841.3
23841.3
23841.3
23841.3
23841.3
23841.4
23841.4
23841.4
23841.4
23841.5
23841.5
23841.6
23841.6
23841.7
23841.8
23841.8
23841.8
23841.9
23842
23842.1
23842
23842.1
23842.5
23842.7
23842.9
23843.3
23843.9
23844.8
23846.4
23849.2
23854.1
23863.7
23884.3
23931.9
24048.4
24328.7
25026.8
26745
31005.7
42095.8
75352.2
206639
974884
7.11273e+06
4.03647e+07
4.85399e+07
4.75665e+07
4.64363e+07
4.54436e+07
4.48791e+07
4.50944e+07
4.54676e+07
4.51281e+07
4.48344e+07
4.50246e+07
4.56576e+07
4.67986e+07
4.84618e+07
5.06191e+07
5.32128e+07
5.6169e+07
5.94105e+07
6.28662e+07
6.64782e+07
7.02049e+07
7.40218e+07
7.79216e+07
8.19125e+07
8.60168e+07
9.02694e+07
9.47162e+07
9.94137e+07
1.04428e+08
1.09837e+08
1.1573e+08
1.2221e+08
1.29401e+08
1.3745e+08
1.46539e+08
1.56894e+08
1.68811e+08
1.82676e+08
1.99016e+08
2.18585e+08
2.42508e+08
2.72556e+08
3.11713e+08
3.65501e+08
4.45615e+08
5.82651e+08
8.93333e+08
2.34671e+09
24202.8
23933.3
23861.7
23845.4
23842.1
23841.4
23841.3
23841.3
23841.3
23841.3
23841.3
23841.3
23841.4
23841.4
23841.4
23841.4
23841.5
23841.5
23841.6
23841.6
23841.7
23841.7
23841.8
23841.8
23841.8
23841.8
23842
23842.1
23842
23842
23842.4
23842.8
23843
23843.3
23843.9
23844.8
23846.4
23849.2
23854.3
23864
23885
23933.4
24052.4
24338.9
25052.1
26807.2
31159.4
42500.4
76631.9
212305
1.01367e+06
7.43604e+06
4.13353e+07
4.86313e+07
4.7204e+07
4.59222e+07
4.48937e+07
4.43585e+07
4.46187e+07
4.50218e+07
4.47296e+07
4.44827e+07
4.47112e+07
4.53753e+07
4.65387e+07
4.82159e+07
5.03786e+07
5.29693e+07
5.59146e+07
5.91377e+07
6.25686e+07
6.61503e+07
6.98421e+07
7.36205e+07
7.74792e+07
8.14271e+07
8.54871e+07
8.96946e+07
9.40958e+07
9.87472e+07
1.03715e+08
1.09077e+08
1.1492e+08
1.2135e+08
1.28488e+08
1.36479e+08
1.45506e+08
1.55793e+08
1.67632e+08
1.81413e+08
1.97667e+08
2.17153e+08
2.40999e+08
2.70973e+08
3.10059e+08
3.63788e+08
4.4389e+08
5.81114e+08
8.93049e+08
2.35281e+09
24202
23932.9
23861.5
23845.4
23842.1
23841.4
23841.3
23841.3
23841.3
23841.3
23841.3
23841.4
23841.4
23841.4
23841.5
23841.5
23841.5
23841.6
23841.7
23841.7
23841.7
23841.7
23841.8
23841.9
23841.9
23841.8
23841.9
23842.1
23842.1
23841.9
23842.3
23842.8
23843.1
23843.4
23844
23845
23846.5
23849.2
23854.5
23864.4
23885.8
23935.2
24057.1
24350.8
25081.6
26879.6
31339
42974.9
78138
218995
1.05991e+06
7.83019e+06
4.2463e+07
4.8824e+07
4.69333e+07
4.54257e+07
4.43422e+07
4.38287e+07
4.41292e+07
4.45539e+07
4.43033e+07
4.41034e+07
4.43714e+07
4.50678e+07
4.62543e+07
4.79455e+07
5.01126e+07
5.26982e+07
5.56293e+07
5.88298e+07
6.22308e+07
6.57764e+07
6.94271e+07
7.31606e+07
7.69714e+07
8.08693e+07
8.4878e+07
8.90332e+07
9.33815e+07
9.79793e+07
1.02893e+08
1.08198e+08
1.13985e+08
1.20354e+08
1.27428e+08
1.35353e+08
1.44306e+08
1.54513e+08
1.66265e+08
1.79947e+08
1.96089e+08
2.15448e+08
2.39149e+08
2.68962e+08
3.07876e+08
3.61429e+08
4.41385e+08
5.78621e+08
8.91503e+08
2.35505e+09
24201.1
23932.4
23861.4
23845.3
23842.1
23841.4
23841.3
23841.3
23841.3
23841.3
23841.4
23841.4
23841.4
23841.5
23841.5
23841.5
23841.6
23841.6
23841.7
23841.7
23841.8
23841.8
23841.8
23841.8
23841.8
23841.9
23841.9
23842.2
23842.2
23841.9
23842.3
23842.9
23843.2
23843.6
23844.2
23845.1
23846.6
23849.1
23854.6
23864.8
23886.6
23937.3
24062.4
24364.5
25115.6
26963.5
31547.8
43529.1
79906.8
226884
1.11482e+06
8.30584e+06
4.37536e+07
4.91929e+07
4.6783e+07
4.49826e+07
4.38206e+07
4.33158e+07
4.36464e+07
4.40746e+07
4.38558e+07
4.3702e+07
4.40098e+07
4.47385e+07
4.59479e+07
4.76521e+07
4.98219e+07
5.23996e+07
5.53125e+07
5.84857e+07
6.18511e+07
6.53544e+07
6.89571e+07
7.26385e+07
7.6394e+07
8.02345e+07
8.41842e+07
8.82794e+07
9.25667e+07
9.71026e+07
1.01953e+08
1.07194e+08
1.12913e+08
1.19212e+08
1.26211e+08
1.34055e+08
1.42921e+08
1.53034e+08
1.6468e+08
1.78245e+08
1.94257e+08
2.13468e+08
2.36994e+08
2.66593e+08
3.05235e+08
3.58442e+08
4.37966e+08
5.74721e+08
8.87545e+08
2.34929e+09
24200.2
23931.9
23861.2
23845.3
23842
23841.4
23841.3
23841.3
23841.3
23841.3
23841.4
23841.4
23841.5
23841.5
23841.5
23841.6
23841.6
23841.6
23841.6
23841.7
23841.8
23841.9
23841.9
23841.9
23842
23842
23841.9
23842.2
23842.4
23842
23842.2
23843.1
23843.4
23843.8
23844.3
23845.3
23846.7
23849.2
23854.7
23865.3
23887.6
23939.6
24068.5
24380.2
25154.8
27060.3
31789.8
44176
81988.6
236238
1.18053e+06
8.88731e+06
4.52234e+07
4.97723e+07
4.67559e+07
4.46137e+07
4.33491e+07
4.28413e+07
4.3188e+07
4.35972e+07
4.33957e+07
4.32864e+07
4.36314e+07
4.43907e+07
4.56216e+07
4.7337e+07
4.95068e+07
5.2073e+07
5.49633e+07
5.81035e+07
6.14272e+07
6.48811e+07
6.84287e+07
7.20503e+07
7.57428e+07
7.95178e+07
8.34005e+07
8.74274e+07
9.16453e+07
9.61105e+07
1.00889e+08
1.06055e+08
1.11696e+08
1.17914e+08
1.24827e+08
1.32578e+08
1.41343e+08
1.51345e+08
1.62869e+08
1.76298e+08
1.92147e+08
2.11156e+08
2.34435e+08
2.63735e+08
3.02018e+08
3.54787e+08
4.33771e+08
5.69902e+08
8.8245e+08
2.34002e+09
24199.1
23931.3
23861
23845.2
23842
23841.4
23841.3
23841.3
23841.3
23841.4
23841.4
23841.5
23841.5
23841.5
23841.5
23841.6
23841.6
23841.6
23841.6
23841.6
23841.9
23841.9
23841.9
23842
23842.1
23841.9
23841.9
23842.5
23842.6
23842.2
23842.2
23843.2
23843.6
23844
23844.5
23845.4
23846.9
23849.4
23855
23865.9
23888.7
23942.3
24075.5
24398.3
25199.8
27171.7
32069.9
44931.9
84453.1
247460
1.26053e+06
9.61504e+06
4.68795e+07
5.05702e+07
4.68809e+07
4.43362e+07
4.29427e+07
4.24195e+07
4.27678e+07
4.31337e+07
4.29341e+07
4.28638e+07
4.3241e+07
4.40276e+07
4.52775e+07
4.70014e+07
4.91678e+07
5.17181e+07
5.45805e+07
5.76818e+07
6.09568e+07
6.43541e+07
6.78389e+07
7.13928e+07
7.50141e+07
7.87156e+07
8.2523e+07
8.64733e+07
9.06133e+07
9.49992e+07
9.9696e+07
1.04779e+08
1.10333e+08
1.16458e+08
1.23273e+08
1.30919e+08
1.3957e+08
1.49447e+08
1.60826e+08
1.74078e+08
1.89719e+08
2.08487e+08
2.31486e+08
2.60453e+08
2.98332e+08
3.50604e+08
4.2897e+08
5.64366e+08
8.76486e+08
2.32766e+09
24197.9
23930.7
23860.8
23845.2
23842
23841.4
23841.3
23841.3
23841.3
23841.4
23841.4
23841.5
23841.5
23841.5
23841.5
23841.6
23841.7
23841.7
23841.6
23841.6
23841.9
23842
23842
23842
23842.1
23841.9
23842
23842.6
23842.7
23842.5
23842.3
23843.2
23843.9
23844.2
23844.7
23845.6
23847.1
23849.8
23855.4
23866.5
23890
23945.4
24083.4
24419
25251.4
27299.9
32394.4
45818.2
87396
261158
1.36035e+06
1.05498e+07
4.87167e+07
5.15683e+07
4.71626e+07
4.41635e+07
4.26163e+07
4.20601e+07
4.23918e+07
4.26952e+07
4.24769e+07
4.244e+07
4.28429e+07
4.36522e+07
4.49175e+07
4.66463e+07
4.88051e+07
5.13346e+07
5.41632e+07
5.72189e+07
6.04381e+07
6.37712e+07
6.71852e+07
7.06635e+07
7.42056e+07
7.78254e+07
8.15493e+07
8.54147e+07
8.94685e+07
9.37666e+07
9.83734e+07
1.03363e+08
1.0882e+08
1.14843e+08
1.21549e+08
1.29077e+08
1.376e+08
1.47326e+08
1.58529e+08
1.71581e+08
1.86994e+08
2.05499e+08
2.28188e+08
2.56786e+08
2.94218e+08
3.45937e+08
4.2361e+08
5.58165e+08
8.69725e+08
2.31227e+09
24196.7
23930.1
23860.6
23845.1
23842
23841.4
23841.3
23841.3
23841.4
23841.4
23841.4
23841.5
23841.5
23841.5
23841.5
23841.5
23841.6
23841.7
23841.6
23841.7
23841.8
23841.9
23841.9
23842
23842.2
23842.1
23842.1
23842.6
23842.8
23842.8
23842.4
23843.1
23844
23844.4
23844.9
23845.7
23847.6
23850.6
23855.7
23866.8
23891.5
23948.8
24092.3
24442.7
25310.4
27447.4
32770.8
46861.6
90948.7
278254
1.48898e+06
1.17788e+07
5.07206e+07
5.27308e+07
4.75876e+07
4.41194e+07
4.23901e+07
4.1772e+07
4.20577e+07
4.22718e+07
4.20245e+07
4.20192e+07
4.24399e+07
4.32664e+07
4.45427e+07
4.62721e+07
4.84184e+07
5.09216e+07
5.37103e+07
5.67134e+07
5.98693e+07
6.31306e+07
6.64661e+07
6.98608e+07
7.33157e+07
7.68459e+07
8.04784e+07
8.42511e+07
8.82108e+07
9.2413e+07
9.69214e+07
1.01809e+08
1.0716e+08
1.13071e+08
1.19657e+08
1.27057e+08
1.35427e+08
1.4498e+08
1.5599e+08
1.68825e+08
1.83989e+08
2.02206e+08
2.24556e+08
2.5275e+08
2.89689e+08
3.40795e+08
4.17692e+08
5.51289e+08
8.62129e+08
2.29357e+09
24195.3
23929.4
23860.4
23845.1
23842
23841.4
23841.4
23841.3
23841.4
23841.4
23841.4
23841.5
23841.5
23841.5
23841.5
23841.5
23841.6
23841.6
23841.7
23841.7
23841.7
23841.8
23842
23842.3
23842.3
23842.2
23842.1
23842.6
23842.8
23842.8
23842.7
23842.9
23844.1
23844.5
23845
23846.4
23848.2
23851
23855.9
23867.4
23893.3
23952.8
24102.7
24469.6
25378.2
27617.4
33208.3
48095.9
95287.3
300140
1.66126e+06
1.3406e+07
5.29998e+07
5.39761e+07
4.81155e+07
4.4191e+07
4.22569e+07
4.15575e+07
4.1763e+07
4.18663e+07
4.1581e+07
4.15997e+07
4.20326e+07
4.2871e+07
4.41535e+07
4.58785e+07
4.80071e+07
5.0478e+07
5.32199e+07
5.61633e+07
5.92484e+07
6.24301e+07
6.56793e+07
6.89828e+07
7.23431e+07
7.57762e+07
7.93101e+07
8.29828e+07
8.68411e+07
9.09399e+07
9.53423e+07
1.0012e+08
1.05356e+08
1.11146e+08
1.17602e+08
1.24849e+08
1.33052e+08
1.42419e+08
1.53222e+08
1.65822e+08
1.80716e+08
1.9862e+08
2.20601e+08
2.48353e+08
2.84753e+08
3.35186e+08
4.11226e+08
5.4375e+08
8.53726e+08
2.27151e+09
24193.9
23928.6
23860.1
23845
23842
23841.4
23841.4
23841.4
23841.4
23841.4
23841.4
23841.5
23841.5
23841.5
23841.5
23841.6
23841.6
23841.6
23841.7
23841.8
23841.8
23841.9
23842.2
23842.4
23842.3
23842.3
23842.3
23842.5
23842.9
23843
23842.9
23842.6
23843.9
23844.9
23845.8
23846.9
23848.7
23851.4
23856.2
23868.5
23895.3
23957.3
24114.5
24500.3
25455.9
27813.4
33717.8
49562.5
100643
328908
1.90431e+06
1.57565e+07
5.60546e+07
5.51692e+07
4.86862e+07
4.4334e+07
4.21927e+07
4.14061e+07
4.15082e+07
4.14801e+07
4.11464e+07
4.11794e+07
4.16199e+07
4.2465e+07
4.37487e+07
4.54641e+07
4.75691e+07
5.0001e+07
5.26891e+07
5.55652e+07
5.85719e+07
6.16665e+07
6.4822e+07
6.80269e+07
7.12853e+07
7.46146e+07
7.80432e+07
8.16095e+07
8.53598e+07
8.93486e+07
9.3638e+07
9.82989e+07
1.03412e+08
1.09072e+08
1.15379e+08
1.22463e+08
1.30487e+08
1.39656e+08
1.50237e+08
1.62585e+08
1.7719e+08
1.94758e+08
2.16344e+08
2.43622e+08
2.79442e+08
3.2915e+08
4.04264e+08
5.35624e+08
8.44658e+08
2.24653e+09
24192.4
23927.9
23859.9
23844.9
23842
23841.4
23841.4
23841.4
23841.4
23841.4
23841.4
23841.5
23841.5
23841.5
23841.6
23841.6
23841.6
23841.7
23841.8
23841.9
23841.9
23841.9
23842.2
23842.1
23842.1
23842.3
23842.3
23842.3
23843
23843.3
23843.4
23843
23844.4
23845.7
23846.3
23847.4
23849.1
23851.8
23856.7
23870.2
23897.7
23962.5
24128.2
24535.5
25545.3
28040
34312.6
51310.2
107293
367227
2.25412e+06
1.91444e+07
5.95167e+07
5.62112e+07
4.91724e+07
4.44793e+07
4.2166e+07
4.12959e+07
4.12847e+07
4.11044e+07
4.07168e+07
4.07573e+07
4.11993e+07
4.20461e+07
4.33259e+07
4.5026e+07
4.7101e+07
4.9487e+07
5.21136e+07
5.49145e+07
5.78353e+07
6.08355e+07
6.38899e+07
6.69892e+07
7.01393e+07
7.33587e+07
7.66763e+07
8.01305e+07
8.37674e+07
8.76406e+07
9.18111e+07
9.63486e+07
1.01332e+08
1.06847e+08
1.12996e+08
1.19909e+08
1.27746e+08
1.36707e+08
1.47053e+08
1.59135e+08
1.73435e+08
1.90649e+08
2.11816e+08
2.38593e+08
2.738e+08
3.22741e+08
3.96878e+08
5.27019e+08
8.35134e+08
2.21921e+09
24190.8
23927
23859.6
23844.9
23842
23841.4
23841.4
23841.4
23841.4
23841.4
23841.4
23841.4
23841.4
23841.5
23841.6
23841.6
23841.6
23841.6
23841.7
23841.7
23841.7
23841.6
23842.1
23842.3
23842.5
23842.6
23842.4
23842.9
23843.9
23844.2
23844.3
23843.9
23844.5
23846.2
23846.9
23847.9
23849.5
23852
23858.4
23871.5
23900.4
23968.6
24143.8
24575.8
25648.3
28302.7
35007.9
53394.3
115527
417373
2.72359e+06
2.33561e+07
6.18546e+07
5.6721e+07
4.93896e+07
4.45613e+07
4.21376e+07
4.11981e+07
4.10618e+07
4.07253e+07
4.02854e+07
4.03288e+07
4.07668e+07
4.16103e+07
4.28811e+07
4.45601e+07
4.65983e+07
4.89308e+07
5.14879e+07
5.42058e+07
5.70331e+07
5.99317e+07
6.28781e+07
6.58652e+07
6.89012e+07
7.20053e+07
7.52071e+07
7.85448e+07
8.20639e+07
8.58171e+07
8.98642e+07
9.4273e+07
9.91182e+07
1.04482e+08
1.10469e+08
1.17205e+08
1.24847e+08
1.33591e+08
1.43694e+08
1.55499e+08
1.69482e+08
1.86327e+08
2.07061e+08
2.33317e+08
2.6789e+08
3.16042e+08
3.89181e+08
5.18106e+08
8.25479e+08
2.1905e+09
24189.1
23926.2
23859.3
23844.8
23842
23841.4
23841.4
23841.4
23841.4
23841.4
23841.4
23841.4
23841.5
23841.5
23841.6
23841.6
23841.7
23841.7
23841.7
23841.7
23841.7
23841.8
23842.4
23842.6
23842.7
23842.7
23842.9
23843.3
23844.1
23844.8
23844.9
23844.4
23844.6
23846.6
23847.3
23848.3
23849.8
23853.6
23860
23872.5
23903.1
23975.7
24161.7
24622.1
25767.4
28608.2
35822.4
55880.1
125655
481326
3.31663e+06
2.79547e+07
6.03531e+07
5.60669e+07
4.92125e+07
4.45413e+07
4.20452e+07
4.10688e+07
4.08082e+07
4.0316e+07
3.98407e+07
3.98852e+07
4.03158e+07
4.11524e+07
4.24094e+07
4.40613e+07
4.60559e+07
4.83268e+07
5.08062e+07
5.34335e+07
5.61596e+07
5.89487e+07
6.17802e+07
6.46496e+07
6.75662e+07
7.05507e+07
7.36328e+07
7.68507e+07
8.02492e+07
8.38799e+07
8.78012e+07
9.20793e+07
9.67802e+07
1.0199e+08
1.07812e+08
1.14367e+08
1.2181e+08
1.30332e+08
1.40185e+08
1.51706e+08
1.65364e+08
1.81831e+08
2.02121e+08
2.27849e+08
2.61779e+08
3.09137e+08
3.8129e+08
5.09069e+08
8.16106e+08
2.16195e+09
24187.2
23925.3
23859
23844.7
23841.9
23841.4
23841.4
23841.4
23841.4
23841.4
23841.4
23841.4
23841.5
23841.6
23841.6
23841.6
23841.7
23841.7
23841.8
23841.9
23841.9
23842
23842.5
23842.6
23842.5
23842.7
23843.3
23843.3
23844.3
23845.1
23845.3
23845
23844.9
23846.4
23847.6
23849
23851.4
23855
23860.9
23873.7
23906.7
23983.9
24182.3
24675.6
25905.5
28965.5
36780.8
58855.8
138087
561594
4.04783e+06
3.26122e+07
5.77238e+07
5.45161e+07
4.85492e+07
4.42489e+07
4.18362e+07
4.08659e+07
4.04917e+07
3.98599e+07
3.93713e+07
3.94168e+07
3.98393e+07
4.0667e+07
4.19065e+07
4.35259e+07
4.54695e+07
4.76711e+07
5.00652e+07
5.25943e+07
5.52117e+07
5.7884e+07
6.05941e+07
6.334e+07
6.61326e+07
6.89933e+07
7.19525e+07
7.50478e+07
7.83236e+07
8.18302e+07
8.56248e+07
8.97653e+07
9.43208e+07
9.93754e+07
1.05029e+08
1.114e+08
1.18639e+08
1.26934e+08
1.36532e+08
1.47763e+08
1.61087e+08
1.77167e+08
1.97002e+08
2.22188e+08
2.55463e+08
3.02017e+08
3.73186e+08
4.99874e+08
8.06981e+08
2.13259e+09
24185.3
23924.3
23858.7
23844.7
23841.9
23841.4
23841.4
23841.4
23841.4
23841.4
23841.4
23841.4
23841.5
23841.5
23841.5
23841.4
23841.4
23841.7
23841.9
23842
23841.8
23841.8
23842.2
23842.4
23842.5
23843.1
23843.2
23843.3
23844.5
23845.3
23845.6
23845.5
23845.2
23846.8
23848.7
23850.3
23852.6
23856
23861.6
23875.8
23911
23993.5
24206
24737.5
26066.5
29384.3
37916.2
62448.1
153457
662742
4.96129e+06
3.71634e+07
5.54932e+07
5.26679e+07
4.75905e+07
4.37663e+07
4.15019e+07
4.05663e+07
4.00942e+07
3.93669e+07
3.88718e+07
3.89172e+07
3.93323e+07
4.01506e+07
4.13696e+07
4.2951e+07
4.48367e+07
4.69619e+07
4.92638e+07
5.16881e+07
5.41902e+07
5.67395e+07
5.93219e+07
6.19386e+07
6.4602e+07
6.73346e+07
7.01669e+07
7.31359e+07
7.62853e+07
7.96642e+07
8.3327e+07
8.73266e+07
9.17334e+07
9.66292e+07
1.0211e+08
1.08293e+08
1.15323e+08
1.23384e+08
1.32718e+08
1.43648e+08
1.56625e+08
1.72302e+08
1.91661e+08
2.16278e+08
2.48863e+08
2.94566e+08
3.6469e+08
4.90241e+08
7.9761e+08
2.10099e+09
24183.4
23923.3
23858.4
23844.6
23841.9
23841.5
23841.4
23841.4
23841.4
23841.4
23841.3
23841.4
23841.5
23841.5
23841.5
23841.4
23841.4
23841.6
23841.8
23841.8
23841.7
23841.8
23842.5
23842.9
23843
23842.5
23842.8
23844
23844.4
23845.1
23846
23845.9
23845.6
23848.2
23849.4
23850.7
23853.1
23856.6
23862.5
23879.7
23915.8
24004.7
24233.5
24809.9
26255.5
29879.3
39275.9
66849.7
172875
795182
6.20636e+06
4.17378e+07
5.45841e+07
5.11141e+07
4.65608e+07
4.31533e+07
4.10595e+07
4.01683e+07
3.96123e+07
3.88287e+07
3.8335e+07
3.83827e+07
3.87928e+07
3.96016e+07
4.07965e+07
4.23345e+07
4.41572e+07
4.6201e+07
4.84059e+07
5.07195e+07
5.31002e+07
5.55205e+07
5.7969e+07
6.04504e+07
6.29787e+07
6.5577e+07
6.82763e+07
7.11148e+07
7.4134e+07
7.73809e+07
8.0901e+07
8.47533e+07
8.90051e+07
9.37348e+07
9.90356e+07
1.05021e+08
1.11831e+08
1.19645e+08
1.28699e+08
1.39308e+08
1.51911e+08
1.6715e+08
1.85989e+08
2.09973e+08
2.4178e+08
2.86509e+08
3.55395e+08
4.7949e+08
7.86606e+08
2.06361e+09
24181.3
23922.3
23858.1
23844.5
23841.9
23841.5
23841.4
23841.4
23841.4
23841.4
23841.3
23841.4
23841.5
23841.6
23841.6
23841.6
23841.8
23841.8
23841.9
23842
23842
23842.3
23842.8
23843
23842.3
23842.3
23843.8
23844.5
23844.8
23845.2
23845.9
23845.3
23847.9
23849.2
23850.1
23851.2
23853.3
23856.3
23866
23883.2
23921.3
24017.6
24265.8
24895.3
26479.3
30470.5
40927.4
72360
198327
979729
8.04359e+06
4.62027e+07
5.45719e+07
5.00479e+07
4.55779e+07
4.24595e+07
4.05278e+07
3.96806e+07
3.9054e+07
3.82409e+07
3.77588e+07
3.78132e+07
3.82206e+07
3.90183e+07
4.01866e+07
4.16784e+07
4.3435e+07
4.53949e+07
4.74997e+07
4.96967e+07
5.1947e+07
5.42309e+07
5.65403e+07
5.88797e+07
6.12651e+07
6.37218e+07
6.62809e+07
6.89778e+07
7.18555e+07
7.49576e+07
7.83272e+07
8.20234e+07
8.61119e+07
9.06663e+07
9.57775e+07
1.01555e+08
1.08133e+08
1.15685e+08
1.2444e+08
1.34705e+08
1.46907e+08
1.6167e+08
1.79935e+08
2.0322e+08
2.34149e+08
2.77749e+08
3.45152e+08
4.67326e+08
7.72989e+08
2.01601e+09
24179.1
23921.2
23857.7
23844.4
23841.9
23841.5
23841.4
23841.4
23841.4
23841.4
23841.5
23841.5
23841.6
23841.6
23841.5
23841.7
23841.7
23841.8
23842.1
23842.1
23841.8
23842
23842.3
23842.3
23842.3
23843.1
23844.1
23844.5
23844.7
23844.5
23844.8
23847.8
23849.4
23850.2
23851
23851.7
23852.5
23858.6
23869.1
23886.5
23927.5
24032.6
24303.8
24996.5
26746.6
31183.4
42962.2
79435.6
233411
1.26041e+06
1.09473e+07
5.10235e+07
5.48733e+07
4.92577e+07
4.46664e+07
4.17392e+07
3.9937e+07
3.9119e+07
3.84295e+07
3.76058e+07
3.71441e+07
3.7208e+07
3.76133e+07
3.83995e+07
3.95391e+07
4.09825e+07
4.26714e+07
4.45434e+07
4.65393e+07
4.86126e+07
5.0728e+07
5.28672e+07
5.50279e+07
5.72171e+07
5.94516e+07
6.17585e+07
6.41692e+07
6.67175e+07
6.94445e+07
7.239e+07
7.56011e+07
7.91333e+07
8.30488e+07
8.74191e+07
9.23307e+07
9.78881e+07
1.04221e+08
1.11498e+08
1.19938e+08
1.29837e+08
1.41613e+08
1.55867e+08
1.73519e+08
1.9605e+08
2.26028e+08
2.68392e+08
3.34133e+08
4.54046e+08
7.57315e+08
1.9603e+09
24176.8
23920.1
23857.4
23844.3
23841.9
23841.5
23841.4
23841.4
23841.4
23841.4
23841.5
23841.4
23841.4
23841.4
23841.4
23841.5
23841.5
23841.6
23841.6
23841.4
23841.5
23842
23842.5
23842.9
23843.2
23843.4
23844.1
23844.6
23844.4
23844.6
23846.5
23849
23850.2
23851.1
23851.8
23852.1
23853.4
23862.2
23871.8
23890.3
23934.7
24050
24348.9
25117.1
27066.8
32047.8
45496.4
88751.7
284709
1.72954e+06
1.57521e+07
5.61593e+07
5.46328e+07
4.84881e+07
4.38637e+07
4.10134e+07
3.93136e+07
3.85036e+07
3.7757e+07
3.69295e+07
3.64927e+07
3.65656e+07
3.69693e+07
3.77417e+07
3.88497e+07
4.02416e+07
4.18559e+07
4.36301e+07
4.55107e+07
4.74527e+07
4.94263e+07
5.14153e+07
5.34218e+07
5.54561e+07
5.75366e+07
5.96902e+07
6.19475e+07
6.43423e+07
6.69131e+07
6.96999e+07
7.27489e+07
7.61123e+07
7.9849e+07
8.40278e+07
8.87307e+07
9.40578e+07
1.00134e+08
1.0712e+08
1.15226e+08
1.24741e+08
1.36064e+08
1.49782e+08
1.66785e+08
1.88515e+08
2.17478e+08
2.5851e+08
3.22427e+08
4.39735e+08
7.39563e+08
1.90077e+09
24174.4
23918.9
23857
23844.2
23841.9
23841.4
23841.4
23841.4
23841.4
23841.4
23841.4
23841.3
23841.5
23841.6
23841.5
23841.5
23841.7
23841.7
23841.3
23841.6
23842.3
23842.6
23842.9
23843.1
23843.3
23843.3
23843.5
23844.6
23845.4
23846
23847
23849.5
23850.9
23851.6
23851.6
23853
23857.4
23863.5
23874.5
23894.5
23943.1
24070.2
24402.2
25260.8
27450.7
33096.8
48666.6
101152
360131
2.46323e+06
2.21114e+07
5.79953e+07
5.39726e+07
4.76404e+07
4.30754e+07
4.02822e+07
3.86775e+07
3.78528e+07
3.704e+07
3.62148e+07
3.58062e+07
3.58864e+07
3.62861e+07
3.7041e+07
3.8112e+07
3.94428e+07
4.09713e+07
4.26424e+07
4.44024e+07
4.62078e+07
4.80338e+07
4.98713e+07
5.17245e+07
5.36059e+07
5.55355e+07
5.75394e+07
5.96474e+07
6.18926e+07
6.43114e+07
6.69429e+07
6.9831e+07
7.3025e+07
7.65808e+07
8.0564e+07
8.50526e+07
9.0142e+07
9.59521e+07
1.02637e+08
1.10401e+08
1.1952e+08
1.30383e+08
1.43557e+08
1.59908e+08
1.80835e+08
2.08787e+08
2.48501e+08
3.10623e+08
4.25375e+08
7.2185e+08
1.84522e+09
24171.9
23917.7
23856.7
23844.1
23841.8
23841.4
23841.4
23841.4
23841.4
23841.4
23841.3
23841.4
23841.6
23841.8
23841.9
23841.7
23841.7
23841.7
23842
23842.3
23842.8
23843
23842.7
23843
23843.2
23843.2
23844.1
23845.9
23846.4
23846.5
23847.1
23849.9
23851
23851.3
23853.3
23856.6
23859.1
23864.9
23877.8
23899.5
23952.8
24093.8
24465.1
25431.9
27910.5
34368.1
52629.7
117568
466893
3.49847e+06
2.86489e+07
5.58961e+07
5.23882e+07
4.65209e+07
4.22234e+07
3.95476e+07
3.80275e+07
3.71624e+07
3.62692e+07
3.54659e+07
3.50841e+07
3.51687e+07
3.55618e+07
3.62929e+07
3.73159e+07
3.85739e+07
4.00133e+07
4.15766e+07
4.32105e+07
4.48779e+07
4.65594e+07
4.82514e+07
4.99597e+07
5.16985e+07
5.34881e+07
5.53537e+07
5.73241e+07
5.94308e+07
6.17084e+07
6.41925e+07
6.69247e+07
6.99517e+07
7.33265e+07
7.71114e+07
8.13809e+07
8.62262e+07
9.17628e+07
9.81393e+07
1.05552e+08
1.14269e+08
1.24665e+08
1.37291e+08
1.52988e+08
1.73122e+08
2.00086e+08
2.38535e+08
2.98986e+08
4.11543e+08
7.06278e+08
1.80152e+09
24169.3
23916.4
23856.3
23844.1
23841.8
23841.4
23841.4
23841.4
23841.4
23841.4
23841.5
23841.4
23841.4
23841.5
23841.7
23841.6
23841.5
23841.7
23842.3
23842.4
23842.8
23842.2
23842
23842.9
23843.7
23844.3
23844.9
23846.2
23846.8
23846.1
23846.8
23849.4
23851.2
23854
23856.2
23858.3
23860.3
23867.6
23881.7
23905.3
23964
24121.1
24539.7
25636.4
28464.3
35915.5
57605.3
139303
617422
4.99119e+06
3.4921e+07
5.3446e+07
5.01222e+07
4.51155e+07
4.12784e+07
3.87826e+07
3.73431e+07
3.64191e+07
3.54541e+07
3.4685e+07
3.43252e+07
3.44145e+07
3.47976e+07
3.54957e+07
3.64611e+07
3.76463e+07
3.89953e+07
4.04478e+07
4.19562e+07
4.34907e+07
4.5038e+07
4.65964e+07
4.81734e+07
4.97838e+07
5.14475e+07
5.31888e+07
5.50347e+07
5.70151e+07
5.91615e+07
6.15061e+07
6.40885e+07
6.69527e+07
7.01494e+07
7.37381e+07
7.77902e+07
8.23939e+07
8.76605e+07
9.37336e+07
1.00804e+08
1.09131e+08
1.19081e+08
1.31191e+08
1.46285e+08
1.65705e+08
1.91813e+08
2.29225e+08
2.88444e+08
3.99814e+08
6.96138e+08
1.7724e+09
24166.6
23915.2
23855.9
23844
23841.8
23841.4
23841.4
23841.4
23841.4
23841.5
23841.6
23841.4
23841.4
23841.4
23841.2
23841.6
23841.9
23841.9
23841.9
23841.9
23841.7
23841.6
23842.9
23843.5
23844.2
23843.6
23844
23845.5
23846.2
23845
23847.7
23851.3
23854.8
23856.7
23858.1
23859.7
23860
23873.1
23886.2
23911.8
23977
24153.5
24629.2
25883.3
29140
37828.2
63983.7
169061
844700
7.35772e+06
4.0988e+07
5.18836e+07
4.80046e+07
4.35924e+07
4.02555e+07
3.79699e+07
3.66018e+07
3.56128e+07
3.46032e+07
3.38723e+07
3.35327e+07
3.36285e+07
3.39958e+07
3.46539e+07
3.55652e+07
3.66808e+07
3.79381e+07
3.92818e+07
4.06715e+07
4.20825e+07
4.35065e+07
4.49434e+07
4.64014e+07
4.78953e+07
4.94443e+07
5.10713e+07
5.2802e+07
5.46647e+07
5.66845e+07
5.88949e+07
6.13332e+07
6.40415e+07
6.70684e+07
7.04712e+07
7.43189e+07
7.86968e+07
8.37121e+07
8.95041e+07
9.62578e+07
1.04227e+08
1.1377e+08
1.25415e+08
1.39972e+08
1.58765e+08
1.84136e+08
2.20691e+08
2.78995e+08
3.89896e+08
6.90283e+08
1.75247e+09
24163.7
23913.8
23855.5
23843.9
23841.8
23841.4
23841.4
23841.4
23841.4
23841.4
23841.4
23841.5
23841.5
23841.5
23841.3
23841.5
23842
23842
23841.3
23841.5
23842.2
23843.2
23843.4
23843.7
23843.1
23842.4
23844.3
23845.1
23845.8
23847.2
23851.1
23853.3
23856.2
23858.2
23859.4
23860.1
23866.2
23877.6
23891.3
23919.4
23992.1
24192.3
24738.2
26185.5
29974
40243.5
72449.6
212668
1.23019e+06
1.14328e+07
4.72128e+07
5.03968e+07
4.62028e+07
4.21091e+07
3.91897e+07
3.71093e+07
3.57939e+07
3.47375e+07
3.37198e+07
3.30314e+07
3.27107e+07
3.28128e+07
3.31582e+07
3.37825e+07
3.46471e+07
3.56933e+07
3.68603e+07
3.80995e+07
3.93768e+07
4.06733e+07
4.19818e+07
4.3304e+07
4.4649e+07
4.60312e+07
4.74693e+07
4.89852e+07
5.06033e+07
5.23503e+07
5.42496e+07
5.63334e+07
5.86368e+07
6.11997e+07
6.40683e+07
6.72962e+07
7.09556e+07
7.51312e+07
7.9927e+07
8.54765e+07
9.19595e+07
9.96228e+07
1.08817e+08
1.2006e+08
1.34151e+08
1.52401e+08
1.77143e+08
2.12989e+08
2.70613e+08
3.81511e+08
6.87108e+08
1.73428e+09
24160.8
23912.5
23855.1
23843.8
23841.8
23841.4
23841.4
23841.4
23841.4
23841.4
23841.4
23841.4
23841.7
23841.9
23841.9
23841.7
23841.5
23841.4
23842.1
23842.7
23843.4
23843.5
23843.2
23843
23843.1
23844.5
23845.4
23846.5
23847.7
23849
23851.9
23853.9
23856.9
23859
23859.8
23865.6
23870.2
23880.3
23896.9
23928.1
24010.1
24239.7
24873
26560.7
31022.2
43378.9
84281.7
283279
1.95501e+06
1.81171e+07
5.10251e+07
4.91418e+07
4.45792e+07
4.07538e+07
3.81033e+07
3.62075e+07
3.49251e+07
3.38038e+07
3.2811e+07
3.21636e+07
3.18586e+07
3.19644e+07
3.22943e+07
3.28937e+07
3.37113e+07
3.46863e+07
3.57642e+07
3.69017e+07
3.80692e+07
3.9253e+07
4.04474e+07
4.16559e+07
4.28884e+07
4.41601e+07
4.54895e+07
4.68982e+07
4.84099e+07
5.00475e+07
5.18375e+07
5.381e+07
5.59985e+07
5.84408e+07
6.11805e+07
6.42706e+07
6.77767e+07
7.178e+07
7.63833e+07
8.17186e+07
8.79618e+07
9.53547e+07
1.04241e+08
1.15129e+08
1.28806e+08
1.46573e+08
1.7075e+08
2.05954e+08
2.62935e+08
3.73718e+08
6.83285e+08
1.70967e+09
24157.8
23911.1
23854.7
23843.7
23841.7
23841.4
23841.4
23841.3
23841.4
23841.5
23841.5
23841.5
23841.6
23841.6
23841.8
23841.9
23841.6
23841.8
23842.7
23842.7
23842.6
23842.4
23842.9
23844
23845.1
23845.2
23845.2
23847.3
23848.5
23849.9
23852.5
23854.5
23856.9
23858.4
23864.4
23869
23872.1
23886.1
23903.2
23938.1
24032.1
24298.2
25041.2
27031.2
32354.7
47524.2
101245
396453
3.13566e+06
2.52193e+07
4.989e+07
4.7386e+07
4.29355e+07
3.94297e+07
3.70047e+07
3.52697e+07
3.40027e+07
3.28354e+07
3.18828e+07
3.1269e+07
3.09766e+07
3.10874e+07
3.14104e+07
3.19827e+07
3.27474e+07
3.36476e+07
3.46335e+07
3.5667e+07
3.67247e+07
3.77949e+07
3.88752e+07
3.9971e+07
4.10938e+07
4.22592e+07
4.34857e+07
4.47941e+07
4.62066e+07
4.77453e+07
4.94352e+07
5.13043e+07
5.33842e+07
5.57115e+07
5.83298e+07
6.12907e+07
6.46566e+07
6.85048e+07
7.29325e+07
7.80661e+07
8.40748e+07
9.11911e+07
9.97461e+07
1.1023e+08
1.23405e+08
1.40528e+08
1.63843e+08
1.97824e+08
2.52927e+08
3.60408e+08
6.62557e+08
1.66449e+09
24154.7
23909.7
23854.3
23843.6
23841.7
23841.4
23841.4
23841.4
23841.5
23841.4
23841.5
23841.5
23841.4
23841.2
23841.4
23841.9
23842.2
23842.2
23841.6
23841.1
23841.2
23842.6
23844.3
23844.9
23844.8
23844.5
23845.3
23847.6
23849
23849.9
23852.5
23854.1
23856.1
23862.1
23867.3
23871.3
23876.2
23892.9
23910.1
23949.8
24059
24371.4
25251.7
27624
34059.7
53077.7
126034
580522
5.07688e+06
3.19978e+07
4.78655e+07
4.50923e+07
4.11463e+07
3.80945e+07
3.59013e+07
3.42973e+07
3.30232e+07
3.1849e+07
3.09381e+07
3.03506e+07
3.00697e+07
3.01878e+07
3.05024e+07
3.1039e+07
3.17435e+07
3.25632e+07
3.34533e+07
3.43819e+07
3.53302e+07
3.62898e+07
3.72612e+07
3.82517e+07
3.92735e+07
4.03422e+07
4.14754e+07
4.26923e+07
4.40125e+07
4.54573e+07
4.70509e+07
4.88204e+07
5.0797e+07
5.30159e+07
5.55186e+07
5.83533e+07
6.15785e+07
6.52668e+07
6.95107e+07
7.44311e+07
8.01902e+07
8.70117e+07
9.52148e+07
1.05272e+08
1.17919e+08
1.34373e+08
1.56812e+08
1.89597e+08
2.42964e+08
3.47711e+08
6.45079e+08
1.62224e+09
24151.4
23908.2
23853.9
23843.5
23841.7
23841.4
23841.4
23841.4
23841.4
23841.5
23841.3
23841.5
23841.9
23842
23841
23840.6
23841.6
23842.3
23841.7
23842.1
23842.7
23843.8
23842
23842
23843.3
23844.8
23846.3
23847.6
23847.3
23848.8
23851.7
23854.5
23859.7
23864.7
23869.1
23872.9
23884.1
23898.7
23917.7
23963.6
24091.4
24464.2
25515.3
28375.3
36261.7
60660.3
163784
901735
8.38191e+06
3.84709e+07
4.58038e+07
4.27563e+07
3.93289e+07
3.67659e+07
3.47912e+07
3.32844e+07
3.19948e+07
3.08495e+07
2.99769e+07
2.94101e+07
2.91474e+07
2.9269e+07
2.95656e+07
3.00586e+07
3.06974e+07
3.14337e+07
3.22287e+07
3.30567e+07
3.39025e+07
3.47609e+07
3.56345e+07
3.65314e+07
3.74635e+07
3.84455e+07
3.94934e+07
4.06244e+07
4.18569e+07
4.32114e+07
4.47112e+07
4.63827e+07
4.82551e+07
5.03613e+07
5.27391e+07
5.54337e+07
5.85001e+07
6.20072e+07
6.60437e+07
7.07258e+07
7.62094e+07
8.271e+07
9.05355e+07
1.00143e+08
1.12247e+08
1.28031e+08
1.49624e+08
1.81312e+08
2.33218e+08
3.36079e+08
6.31615e+08
1.59288e+09
24148.1
23906.7
23853.4
23843.4
23841.7
23841.4
23841.3
23841.3
23841.4
23841.4
23841.5
23841.5
23841.3
23841.6
23841.6
23841.6
23841.4
23841.7
23842.7
23843.3
23843.2
23842.1
23842.4
23843.9
23844.7
23845.7
23846.8
23846.6
23849.2
23852.9
23854.9
23858
23861.6
23865.7
23869.3
23875.3
23891.4
23904.5
23926
23979.3
24132.3
24581.7
25847.9
29333.7
39145.3
71338.3
225329
1.51445e+06
1.40855e+07
4.36254e+07
4.4153e+07
4.07835e+07
3.76685e+07
3.54566e+07
3.36682e+07
3.22293e+07
3.09403e+07
2.98363e+07
2.89996e+07
2.84542e+07
2.82153e+07
2.83341e+07
2.86051e+07
2.90507e+07
2.96229e+07
3.02787e+07
3.09857e+07
3.17221e+07
3.24763e+07
3.32454e+07
3.40327e+07
3.48463e+07
3.56974e+07
3.65993e+07
3.75665e+07
3.86151e+07
3.97631e+07
4.10294e+07
4.24362e+07
4.40079e+07
4.57713e+07
4.77569e+07
5.00002e+07
5.25441e+07
5.54417e+07
5.87594e+07
6.25824e+07
6.70228e+07
7.22313e+07
7.84168e+07
8.58787e+07
9.50626e+07
1.06666e+08
1.2185e+08
1.42713e+08
1.73499e+08
2.24293e+08
3.25925e+08
6.21845e+08
1.57745e+09
24144.6
23905.2
23853
23843.3
23841.7
23841.4
23841.3
23841.3
23841.6
23841.1
23841.6
23841.4
23840.7
23841.1
23843.2
23843.7
23842.1
23840.5
23840.1
23839.8
23840.7
23843.3
23847.5
23848.1
23846.8
23844.2
23844.8
23847.7
23851.9
23854.3
23856.4
23858.8
23862.2
23865.4
23868.6
23882.6
23897.2
23910.8
23935.2
23999.8
24184.9
24727.6
26271.7
30568.9
43012.8
87129.3
332849
2.68128e+06
2.14268e+07
4.3163e+07
4.21525e+07
3.89169e+07
3.61347e+07
3.41619e+07
3.25305e+07
3.11403e+07
2.98763e+07
2.8812e+07
2.80047e+07
2.74921e+07
2.72763e+07
2.73883e+07
2.76296e+07
2.80281e+07
2.85372e+07
2.91196e+07
2.97472e+07
3.04018e+07
3.10745e+07
3.17636e+07
3.24729e+07
3.32102e+07
3.39857e+07
3.48116e+07
3.57014e+07
3.66709e+07
3.77371e+07
3.89178e+07
4.02334e+07
4.17069e+07
4.33635e+07
4.52321e+07
4.73467e+07
4.97485e+07
5.24885e+07
5.56311e+07
5.92587e+07
6.34803e+07
6.84429e+07
7.43507e+07
8.14968e+07
9.03192e+07
1.01506e+08
1.16207e+08
1.36513e+08
1.66671e+08
2.16853e+08
3.18373e+08
6.17544e+08
1.5725e+09
24141.1
23903.7
23852.6
23843.2
23841.6
23841.4
23841.4
23841.6
23841.3
23841.9
23841.4
23841.6
23842.2
23842.2
23841.4
23840.5
23841.5
23842
23842.1
23842.8
23844.2
23846
23845.7
23844.6
23844.6
23843.7
23845.5
23848.2
23851
23853.6
23855.3
23859.3
23861.3
23864.8
23875.8
23887
23903
23917.6
23947.6
24025
24249.1
24913.8
26819.7
32183.7
48307.5
110976
515937
4.62354e+06
2.75548e+07
4.12577e+07
3.98051e+07
3.69819e+07
3.46398e+07
3.28776e+07
3.13757e+07
3.00232e+07
2.87996e+07
2.77741e+07
2.70032e+07
2.65294e+07
2.63327e+07
2.64361e+07
2.66473e+07
2.70004e+07
2.74516e+07
2.7967e+07
2.85224e+07
2.91027e+07
2.97009e+07
3.03165e+07
3.09535e+07
3.16193e+07
3.23234e+07
3.30771e+07
3.38938e+07
3.47888e+07
3.57784e+07
3.68796e+07
3.81121e+07
3.94978e+07
4.10604e+07
4.28273e+07
4.48312e+07
4.71118e+07
4.97183e+07
5.27135e+07
5.61779e+07
6.02182e+07
6.49789e+07
7.0661e+07
7.75538e+07
8.60912e+07
9.69574e+07
1.11301e+08
1.31218e+08
1.6099e+08
2.10938e+08
3.1301e+08
6.1645e+08
1.56914e+09
24137.4
23902.1
23852.1
23843.1
23841.6
23841.5
23841.4
23841.4
23841.1
23841.8
23841.6
23841.5
23842.3
23841.4
23840.2
23839.9
23841.5
23845.2
23846.2
23846.5
23845.3
23842.1
23841.4
23841.7
23842.8
23846.5
23848.6
23848.2
23850.7
23853.9
23855.1
23858.9
23861.6
23872.4
23880.2
23891.2
23908.4
23925.4
23962.9
24055.2
24330.1
25155.3
27538.1
34335
55809.6
149484
861498
8.10824e+06
3.33216e+07
3.90595e+07
3.7401e+07
3.5066e+07
3.31792e+07
3.16048e+07
3.01984e+07
2.88881e+07
2.77102e+07
2.67251e+07
2.60084e+07
2.55697e+07
2.53853e+07
2.54797e+07
2.56623e+07
2.59719e+07
2.63683e+07
2.68212e+07
2.73096e+07
2.78211e+07
2.83505e+07
2.88982e+07
2.94683e+07
3.00674e+07
3.07047e+07
3.13916e+07
3.21417e+07
3.29701e+07
3.38928e+07
3.4926e+07
3.60885e+07
3.74001e+07
3.88832e+07
4.05641e+07
4.24743e+07
4.46522e+07
4.7146e+07
5.00165e+07
5.3343e+07
5.723e+07
6.18196e+07
6.73095e+07
7.39858e+07
8.22781e+07
9.28666e+07
1.06897e+08
1.26469e+08
1.55905e+08
2.05681e+08
3.08444e+08
6.15945e+08
1.56173e+09
24133.6
23900.5
23851.7
23843
23841.7
23841.3
23841.6
23841.3
23841.7
23840.5
23841.8
23841.3
23840.1
23840.9
23843.5
23843.7
23842.7
23841
23839.6
23838.4
23839.1
23842.5
23843.9
23845.6
23846
23847.9
23849.1
23851.7
23854.6
23857.4
23859
23860.9
23869.1
23875.9
23884
23895.4
23914.5
23935.6
23979.7
24092.2
24434.5
25472.1
28484.9
37260.1
66940.1
217195
1.55837e+06
1.3818e+07
3.6286e+07
3.7308e+07
3.54234e+07
3.33598e+07
3.17769e+07
3.0351e+07
2.90095e+07
2.77452e+07
2.66121e+07
2.56834e+07
2.50248e+07
2.46144e+07
2.44348e+07
2.45186e+07
2.46791e+07
2.49447e+07
2.52883e+07
2.56824e+07
2.61087e+07
2.65572e+07
2.70241e+07
2.75097e+07
2.80179e+07
2.85555e+07
2.91319e+07
2.97596e+07
3.0452e+07
3.12239e+07
3.209e+07
3.30654e+07
3.41668e+07
3.54128e+07
3.68248e+07
3.84281e+07
4.02533e+07
4.23378e+07
4.47285e+07
4.74851e+07
5.06847e+07
5.443e+07
5.88602e+07
6.41699e+07
7.06411e+07
7.86992e+07
8.90194e+07
1.02744e+08
1.21981e+08
1.51081e+08
2.00667e+08
3.04e+08
6.14961e+08
1.55259e+09
24129.7
23898.9
23851.3
23842.9
23841.7
23841.2
23841.2
23841.6
23841.5
23841.4
23841.1
23841.9
23841.1
23842.6
23842.5
23841.7
23840.9
23837.7
23837.1
23839.5
23842.7
23846.9
23848
23846.9
23847.2
23848.6
23848.9
23853.7
23855.6
23858.1
23860.7
23866.3
23871.6
23878.1
23886.6
23898.8
23921.1
23947.6
23999.1
24138.7
24570.8
25890.6
29745.4
41328.3
84251.4
342366
2.91233e+06
2.02517e+07
3.54119e+07
3.55054e+07
3.36339e+07
3.18134e+07
3.04338e+07
2.91158e+07
2.78232e+07
2.66027e+07
2.55189e+07
2.4662e+07
2.40528e+07
2.36661e+07
2.34852e+07
2.35581e+07
2.36983e+07
2.39218e+07
2.42156e+07
2.45553e+07
2.49251e+07
2.53166e+07
2.57264e+07
2.61547e+07
2.66059e+07
2.70872e+07
2.76096e+07
2.81855e+07
2.88282e+07
2.95509e+07
3.03657e+07
3.12869e+07
3.23301e+07
3.35129e+07
3.48563e+07
3.63845e+07
3.81274e+07
4.01214e+07
4.24123e+07
4.50581e+07
4.81344e+07
5.17416e+07
5.60163e+07
6.11504e+07
6.74226e+07
7.52541e+07
8.53159e+07
9.87495e+07
1.17668e+08
1.46464e+08
1.95915e+08
2.99855e+08
6.14276e+08
1.54681e+09
24125.6
23897.2
23850.9
23842.8
23841.5
23841.6
23840.8
23841.1
23841
23842.5
23840.6
23841.5
23844
23841.9
23838.8
23840.5
23843.2
23844.3
23846.6
23849.5
23845.5
23847.5
23845.4
23843.6
23844.1
23845
23848.9
23853.9
23855.4
23857.6
23862.5
23868.6
23873.3
23879.3
23886.5
23900.8
23925.3
23961.2
24022.4
24197.7
24752.8
26449.2
31444.9
47134.5
112414
580094
5.34983e+06
2.58718e+07
3.38119e+07
3.34318e+07
3.18503e+07
3.03484e+07
2.91319e+07
2.78915e+07
2.66458e+07
2.54669e+07
2.44506e+07
2.36607e+07
2.30917e+07
2.27259e+07
2.25415e+07
2.26031e+07
2.27239e+07
2.29082e+07
2.31561e+07
2.34461e+07
2.37644e+07
2.41033e+07
2.44595e+07
2.4834e+07
2.52322e+07
2.56629e+07
2.61374e+07
2.66675e+07
2.72646e+07
2.79396e+07
2.87039e+07
2.9571e+07
3.05557e+07
3.16753e+07
3.29498e+07
3.4403e+07
3.60635e+07
3.7967e+07
4.01579e+07
4.26928e+07
4.56455e+07
4.91146e+07
5.32341e+07
5.81935e+07
6.42679e+07
7.18753e+07
8.16842e+07
9.48371e+07
1.1346e+08
1.42006e+08
1.91477e+08
2.9662e+08
6.16729e+08
1.55022e+09
24121.5
23895.6
23850.4
23842.8
23841.4
23841.5
23841.8
23841.1
23841.4
23841
23842.3
23840.9
23841
23841
23842.6
23843.2
23844.7
23847.6
23847.7
23844.9
23845.6
23842.1
23841.6
23842.7
23844
23846.3
23848.1
23851.2
23854.1
23858.7
23864.1
23870
23872.4
23875.5
23885.7
23900.5
23924.1
23977.8
24051.3
24275.8
24994.8
27195.1
33771.6
55728.9
161430
1.06148e+06
9.6416e+06
3.05121e+07
3.25349e+07
3.15082e+07
3.01623e+07
2.89666e+07
2.78556e+07
2.66726e+07
2.5474e+07
2.43538e+07
2.3413e+07
2.26781e+07
2.21431e+07
2.17946e+07
2.16091e+07
2.16583e+07
2.17602e+07
2.19083e+07
2.2114e+07
2.23579e+07
2.26279e+07
2.29169e+07
2.32226e+07
2.35475e+07
2.38984e+07
2.42844e+07
2.47151e+07
2.5201e+07
2.57516e+07
2.63768e+07
2.70879e+07
2.78976e+07
2.88202e+07
2.98723e+07
3.10732e+07
3.24458e+07
3.40179e+07
3.58236e+07
3.79057e+07
4.03192e+07
4.31359e+07
4.64515e+07
5.03975e+07
5.51595e+07
6.10087e+07
6.83588e+07
7.78759e+07
9.07047e+07
1.08994e+08
1.37287e+08
1.8692e+08
2.93867e+08
6.2216e+08
1.56787e+09
24117.3
23893.9
23850.1
23842.6
23841.7
23840.9
23842.1
23842
23841.5
23840
23843.2
23841.9
23839
23842.9
23845.5
23842
23837.6
23840.9
23841.1
23838.2
23839.8
23838.9
23840.6
23843
23847.3
23850.3
23851.9
23853.7
23856.9
23861
23863.7
23868
23872.4
23887.9
23902.6
23918.9
23944.8
23996.3
24087.2
24379.1
25322.1
28203.2
37032.4
69223.8
256480
2.10504e+06
1.56409e+07
3.08257e+07
3.11437e+07
2.98724e+07
2.8666e+07
2.76557e+07
2.66033e+07
2.54594e+07
2.43125e+07
2.32708e+07
2.23987e+07
2.17115e+07
2.1208e+07
2.08755e+07
2.06895e+07
2.0727e+07
2.08108e+07
2.09301e+07
2.10957e+07
2.12965e+07
2.15211e+07
2.17634e+07
2.20225e+07
2.23021e+07
2.26092e+07
2.29523e+07
2.33397e+07
2.37801e+07
2.42823e+07
2.48562e+07
2.5512e+07
2.62618e+07
2.71193e+07
2.81005e+07
2.92239e+07
3.05117e+07
3.19908e+07
3.36943e+07
3.5664e+07
3.79538e+07
4.06343e+07
4.38002e+07
4.75818e+07
5.21643e+07
5.78203e+07
6.49682e+07
7.42858e+07
8.69478e+07
1.05176e+08
1.33704e+08
1.84457e+08
2.9552e+08
6.39235e+08
1.60582e+09
24112.9
23892.2
23849.7
23842.4
23841.7
23841.4
23840.5
23841.9
23841.1
23841.3
23840.3
23842.5
23843.6
23841.5
23839
23839.6
23839.3
23836.8
23839.3
23837.2
23837.7
23841.8
23845.5
23846.5
23848.4
23851.9
23853.4
23856.7
23858.5
23859.9
23861.4
23867.8
23884.6
23896.9
23912
23930.8
23960.2
24016.3
24133.5
24519.3
25765.3
29592.5
41784.7
91943.4
448950
4.14451e+06
2.10264e+07
2.94561e+07
2.94528e+07
2.8281e+07
2.72692e+07
2.63789e+07
2.53668e+07
2.42625e+07
2.31791e+07
2.2213e+07
2.14016e+07
2.07591e+07
2.02865e+07
1.99701e+07
1.9785e+07
1.98131e+07
1.98805e+07
1.99783e+07
2.01058e+07
2.02656e+07
2.04469e+07
2.06447e+07
2.08591e+07
2.10948e+07
2.13594e+07
2.1661e+07
2.20073e+07
2.2406e+07
2.28652e+07
2.33942e+07
2.4002e+07
2.47004e+07
2.55029e+07
2.64248e+07
2.7484e+07
2.8702e+07
3.01053e+07
3.17269e+07
3.36084e+07
3.58039e+07
3.83847e+07
4.1447e+07
4.51237e+07
4.96053e+07
5.51736e+07
6.22644e+07
7.15891e+07
8.43912e+07
1.03041e+08
1.32629e+08
1.86002e+08
3.0432e+08
6.70906e+08
1.65113e+09
24108.3
23890.4
23849.1
23842.7
23841.3
23842
23840.6
23841.2
23840.8
23842.8
23838.8
23839.7
23843.5
23840.1
23837.9
23841.1
23847.2
23840.6
23836.5
23844.8
23847.4
23847.5
23847.7
23848.2
23848.5
23847.4
23848.5
23856.3
23857.2
23860.1
23869.3
23876.9
23888.3
23902.5
23918.8
23940
23971.7
24039.8
24193.2
24712.9
26376.4
31545
49001.8
132840
850255
7.74276e+06
2.52589e+07
2.81637e+07
2.76662e+07
2.67396e+07
2.59425e+07
2.51161e+07
2.41403e+07
2.30907e+07
2.20781e+07
2.11786e+07
2.04221e+07
1.98226e+07
1.93805e+07
1.908e+07
1.88966e+07
1.89167e+07
1.89689e+07
1.90465e+07
1.91439e+07
1.92627e+07
1.94023e+07
1.95589e+07
1.97337e+07
1.99323e+07
2.01619e+07
2.043e+07
2.07439e+07
2.1111e+07
2.15393e+07
2.20373e+07
2.26134e+07
2.32789e+07
2.40466e+07
2.49315e+07
2.59514e+07
2.71278e+07
2.84873e+07
3.00634e+07
3.18985e+07
3.4048e+07
3.65851e+07
3.96091e+07
4.32581e+07
4.77305e+07
5.33222e+07
6.04925e+07
6.99966e+07
8.31615e+07
1.02569e+08
1.33725e+08
1.9045e+08
3.16297e+08
6.98538e+08
1.67178e+09
24103.6
23888.8
23848.7
23842.4
23841.3
23840.9
23842.4
23840.6
23842
23843.1
23842.2
23840.3
23841.4
23844.8
23846.6
23843.9
23845.4
23847.7
23842.2
23844.5
23849.9
23850.4
23850.4
23850
23844.1
23844.5
23852.4
23853.8
23857.8
23868.8
23873
23881.1
23891.1
23908.1
23925.7
23949.1
23984.1
24067.9
24275.5
24978.9
27232.9
34391.1
60867.5
216126
1.7484e+06
1.28536e+07
2.59222e+07
2.68549e+07
2.60827e+07
2.53339e+07
2.46683e+07
2.38726e+07
2.29367e+07
2.19524e+07
2.10095e+07
2.0171e+07
1.9466e+07
1.89075e+07
1.84933e+07
1.82079e+07
1.80263e+07
1.80356e+07
1.80714e+07
1.81278e+07
1.82004e+07
1.82861e+07
1.83878e+07
1.85106e+07
1.86564e+07
1.88294e+07
1.90355e+07
1.92818e+07
1.95753e+07
1.99229e+07
2.03323e+07
2.0811e+07
2.13679e+07
2.20138e+07
2.27613e+07
2.36254e+07
2.4624e+07
2.5779e+07
2.71175e+07
2.86733e+07
3.04899e+07
3.26234e+07
3.51488e+07
3.81677e+07
4.18215e+07
4.6314e+07
5.19491e+07
5.92004e+07
6.88481e+07
8.22685e+07
1.02116e+08
1.34138e+08
1.92934e+08
3.23924e+08
7.14521e+08
1.64962e+09
24099.1
23887
23848.5
23842
23841.9
23840.7
23841.8
23840.6
23843.2
23840.1
23844.2
23844.7
23840.8
23843.7
23846.7
23844.8
23838.4
23844.8
23848.7
23840
23839.8
23846.1
23849.1
23847.6
23848.7
23854
23859.6
23859.6
23864.3
23865.7
23869.6
23884
23894.4
23913.3
23932.6
23958.2
23997.9
24102
24388.7
25348.3
28440.4
38631.1
81331
387696
3.49041e+06
1.72148e+07
2.46489e+07
2.5272e+07
2.46049e+07
2.40344e+07
2.34348e+07
2.26621e+07
2.17732e+07
2.08537e+07
1.99764e+07
1.91953e+07
1.85391e+07
1.80192e+07
1.76305e+07
1.73579e+07
1.71783e+07
1.71647e+07
1.71853e+07
1.72231e+07
1.72751e+07
1.73397e+07
1.74163e+07
1.75152e+07
1.76393e+07
1.77927e+07
1.79809e+07
1.82099e+07
1.84857e+07
1.88148e+07
1.92038e+07
1.96606e+07
2.01939e+07
2.08144e+07
2.15343e+07
2.23682e+07
2.33335e+07
2.44513e+07
2.5748e+07
2.72564e+07
2.90185e+07
3.10891e+07
3.35411e+07
3.64736e+07
4.00254e+07
4.43972e+07
4.9891e+07
5.69807e+07
6.64524e+07
7.97055e+07
9.9456e+07
1.31597e+08
1.90919e+08
3.23265e+08
7.16991e+08
1.654e+09
24094.3
23885.2
23848.1
23842.4
23841.4
23842.3
23840
23842.5
23841.1
23839.1
23842.8
23840.7
23840.2
23836.6
23837.2
23841.2
23839
23837.1
23844.5
23845.5
23839.6
23839.2
23840.8
23845.6
23857.2
23858.3
23861.6
23862.2
23860.6
23858.4
23871
23884.4
23899
23918.2
23938.8
23966
24012.5
24143.1
24546.2
25869.4
30179.2
45228.1
119395
759834
6.65193e+06
2.06641e+07
2.35507e+07
2.36532e+07
2.32331e+07
2.28125e+07
2.22388e+07
2.14914e+07
2.06528e+07
1.97942e+07
1.89771e+07
1.82506e+07
1.76409e+07
1.7157e+07
1.67924e+07
1.65333e+07
1.63608e+07
1.63089e+07
1.63214e+07
1.63474e+07
1.63856e+07
1.64353e+07
1.64957e+07
1.65714e+07
1.66731e+07
1.68045e+07
1.69706e+07
1.71764e+07
1.74272e+07
1.77292e+07
1.80895e+07
1.85159e+07
1.90171e+07
1.96036e+07
2.02873e+07
2.10822e+07
2.20052e+07
2.30768e+07
2.43227e+07
2.57749e+07
2.74749e+07
2.94768e+07
3.1853e+07
3.47023e+07
3.81639e+07
4.24393e+07
4.78322e+07
5.48216e+07
6.42071e+07
7.74151e+07
9.72202e+07
1.29659e+08
1.89958e+08
3.248e+08
7.20012e+08
1.65841e+09
24089
23883.4
23847.4
23842.2
23840.8
23841.6
23841.3
23842.1
23839
23843.5
23839.3
23838.6
23840.3
23838.2
23835.6
23838.5
23845.1
23840.6
23835.8
23845
23850.6
23844.3
23841
23847.8
23855.5
23858.8
23854.1
23857.5
23860.8
23874.6
23884
23886.4
23905.1
23922
23941.6
23965.4
24024.8
24196.7
24770.7
26617.3
32761.3
56243.7
197978
1.59166e+06
1.09033e+07
2.11072e+07
2.25205e+07
2.22074e+07
2.19957e+07
2.16483e+07
2.10819e+07
2.0364e+07
1.95726e+07
1.87681e+07
1.80083e+07
1.73348e+07
1.67706e+07
1.63218e+07
1.59816e+07
1.57369e+07
1.55727e+07
1.54829e+07
1.54889e+07
1.55039e+07
1.55281e+07
1.55612e+07
1.56037e+07
1.56576e+07
1.57339e+07
1.58415e+07
1.59842e+07
1.61666e+07
1.6394e+07
1.66726e+07
1.70091e+07
1.74098e+07
1.78835e+07
1.84401e+07
1.90912e+07
1.98501e+07
2.07334e+07
2.17611e+07
2.29583e+07
2.43571e+07
2.59986e+07
2.79372e+07
3.02457e+07
3.30241e+07
3.64137e+07
4.06201e+07
4.59559e+07
5.29291e+07
6.24067e+07
7.59894e+07
9.64054e+07
1.29943e+08
1.92561e+08
3.33102e+08
7.42289e+08
1.69268e+09
24083.4
23881.7
23846.9
23841.8
23841.7
23840.1
23843.3
23839.5
23841.1
23843.5
23839.4
23843.8
23845.1
23847.7
23846.2
23838.7
23842.4
23845.5
23837.8
23836.9
23844.9
23851.3
23850.6
23845.2
23844.4
23848.7
23851.9
23861.1
23880.1
23884.1
23886.2
23894.5
23907.2
23920.4
23940.3
23987.6
24071.9
24308
25090.1
27719.1
36809.9
76567.3
372219
3.30098e+06
1.48485e+07
2.02299e+07
2.12581e+07
2.0928e+07
2.08727e+07
2.05274e+07
1.99663e+07
1.92814e+07
1.85359e+07
1.77839e+07
1.70781e+07
1.64549e+07
1.59332e+07
1.55171e+07
1.51994e+07
1.49674e+07
1.48062e+07
1.46997e+07
1.46802e+07
1.46854e+07
1.46975e+07
1.47175e+07
1.4747e+07
1.47884e+07
1.48479e+07
1.49414e+07
1.50718e+07
1.5243e+07
1.54602e+07
1.57288e+07
1.60549e+07
1.64446e+07
1.69064e+07
1.74497e+07
1.80862e+07
1.88296e+07
1.96973e+07
2.07107e+07
2.18974e+07
2.32934e+07
2.49444e+07
2.69105e+07
2.92707e+07
3.21294e+07
3.56412e+07
4.00349e+07
4.56583e+07
5.30651e+07
6.31837e+07
7.76755e+07
9.97611e+07
1.36408e+08
2.04793e+08
3.54851e+08
7.72144e+08
1.66284e+09
24078.3
23879.8
23846.9
23841.8
23842.1
23841.7
23840.9
23841.8
23842.9
23838.2
23844
23843.1
23842.8
23846.6
23849.3
23846.2
23839.4
23844.2
23850.3
23843.3
23836.3
23844.4
23852
23852.3
23851.3
23848.7
23858.2
23868.5
23879.8
23882.2
23887.1
23897.2
23905.4
23928.1
23975.2
24022.8
24122.7
24441.5
25551.1
29363.2
43428.9
116426
757017
6.14415e+06
1.73009e+07
1.94485e+07
1.99278e+07
1.9792e+07
1.98188e+07
1.94512e+07
1.89046e+07
1.82537e+07
1.75515e+07
1.68496e+07
1.61942e+07
1.56174e+07
1.51339e+07
1.47468e+07
1.44485e+07
1.42269e+07
1.4068e+07
1.39587e+07
1.39004e+07
1.38993e+07
1.39054e+07
1.39197e+07
1.3944e+07
1.398e+07
1.40354e+07
1.41245e+07
1.42506e+07
1.44175e+07
1.46296e+07
1.4892e+07
1.52106e+07
1.55924e+07
1.60457e+07
1.65802e+07
1.72075e+07
1.7942e+07
1.88012e+07
1.98068e+07
2.09864e+07
2.23752e+07
2.40193e+07
2.59791e+07
2.83354e+07
3.12003e+07
3.47328e+07
3.91654e+07
4.48518e+07
5.23528e+07
6.26065e+07
7.72875e+07
9.96368e+07
1.36605e+08
2.05186e+08
3.54917e+08
7.70994e+08
1.65135e+09
24073.6
23878.1
23846.6
23842.1
23840.9
23842.2
23839
23844.2
23841.6
23840.8
23843.7
23839.2
23838.4
23836.7
23837.8
23844.6
23844.9
23841.3
23849.2
23851.6
23846.7
23837.3
23841.9
23854.1
23861.7
23864.3
23860.8
23860.2
23860.5
23868.1
23883.6
23895.1
23919.5
23948.5
23991.3
24043.7
24177.2
24630.8
26235.1
31892.1
54901.7
200687
1.61213e+06
9.57735e+06
1.71397e+07
1.85976e+07
1.87286e+07
1.87707e+07
1.88034e+07
1.84231e+07
1.78984e+07
1.72809e+07
1.66197e+07
1.59649e+07
1.53566e+07
1.48221e+07
1.43732e+07
1.40121e+07
1.37308e+07
1.35184e+07
1.33625e+07
1.32521e+07
1.31776e+07
1.31547e+07
1.31601e+07
1.31736e+07
1.31964e+07
1.32301e+07
1.32841e+07
1.3369e+07
1.34886e+07
1.3647e+07
1.38489e+07
1.40994e+07
1.44048e+07
1.47725e+07
1.52109e+07
1.57298e+07
1.63412e+07
1.70591e+07
1.79007e+07
1.88875e+07
2.00465e+07
2.14124e+07
2.30306e+07
2.49613e+07
2.7285e+07
3.01123e+07
3.35995e+07
3.79766e+07
4.3594e+07
5.10082e+07
6.11512e+07
7.56878e+07
9.78427e+07
1.34531e+08
2.02655e+08
3.51317e+08
7.63628e+08
1.64708e+09
24067.8
23876.6
23845.9
23842.5
23840.6
23840.7
23842.4
23840
23841.5
23846.1
23838.6
23842.3
23841.7
23837.7
23834.1
23836.7
23842.9
23842.7
23835.3
23841.2
23851.6
23849.6
23842.4
23843
23851
23863.9
23863.7
23860.7
23865.5
23877.6
23887.5
23906.2
23928.2
23957.5
24003.5
24067.3
24250.7
24903
27248.8
35964.5
76515.9
390294
3.35676e+06
1.27963e+07
1.64565e+07
1.75531e+07
1.76839e+07
1.782e+07
1.78306e+07
1.74433e+07
1.69409e+07
1.63542e+07
1.57329e+07
1.51224e+07
1.4558e+07
1.40628e+07
1.36467e+07
1.33097e+07
1.30449e+07
1.28423e+07
1.26908e+07
1.258e+07
1.25015e+07
1.2451e+07
1.24538e+07
1.24628e+07
1.24801e+07
1.25075e+07
1.25519e+07
1.26262e+07
1.27345e+07
1.28814e+07
1.30721e+07
1.33121e+07
1.36077e+07
1.39667e+07
1.4398e+07
1.49121e+07
1.55212e+07
1.62397e+07
1.7085e+07
1.80787e+07
1.92475e+07
2.06248e+07
2.22534e+07
2.41897e+07
2.65103e+07
2.93231e+07
3.27834e+07
3.71205e+07
4.26868e+07
5.00455e+07
6.01488e+07
7.47071e+07
9.70409e+07
1.34212e+08
2.03175e+08
3.52242e+08
7.56229e+08
1.62104e+09
24061.4
23874.6
23845.7
23842.5
23842.1
23841
23844
23838.6
23841.7
23843.1
23840.1
23842.4
23844.6
23846.7
23846
23838.7
23839.4
23840.9
23837.1
23833.5
23839
23853.9
23853.3
23849.5
23845.1
23852.2
23866.6
23876.3
23883.8
23890.4
23899.7
23912.4
23934.4
23965.5
24015.6
24096
24356.5
25313.9
28912.2
43016.8
121959
833638
6.08282e+06
1.40937e+07
1.58409e+07
1.65126e+07
1.6749e+07
1.69164e+07
1.68942e+07
1.65123e+07
1.60298e+07
1.54722e+07
1.48886e+07
1.43195e+07
1.37959e+07
1.3337e+07
1.29507e+07
1.26362e+07
1.23867e+07
1.21929e+07
1.20438e+07
1.19298e+07
1.18444e+07
1.17821e+07
1.17521e+07
1.17544e+07
1.17637e+07
1.17831e+07
1.18154e+07
1.18786e+07
1.19767e+07
1.21142e+07
1.22959e+07
1.25274e+07
1.28141e+07
1.31628e+07
1.35813e+07
1.40784e+07
1.46644e+07
1.53515e+07
1.61547e+07
1.70931e+07
1.81911e+07
1.94809e+07
2.10053e+07
2.28218e+07
2.5009e+07
2.76903e+07
3.10493e+07
3.53361e+07
4.09058e+07
4.83102e+07
5.85307e+07
7.3318e+07
9.60437e+07
1.33931e+08
2.04561e+08
3.58338e+08
7.75815e+08
1.6506e+09
24055.9
23872.6
23845.5
23841.2
23842.7
23841.7
23839.8
23843.4
23838.9
23838.5
23844.8
23839.4
23839.8
23844.5
23850.3
23847
23846.5
23841.7
23847.3
23844.6
23839.3
23840.1
23847.5
23862.2
23861.6
23854.5
23861.2
23870.4
23878.1
23889.1
23901.9
23914.8
23939
23971.7
24026.9
24129.6
24509.9
26006.2
31581.4
56043.1
222118
1.75403e+06
8.60927e+06
1.36627e+07
1.50646e+07
1.55871e+07
1.58923e+07
1.60488e+07
1.60006e+07
1.56304e+07
1.51674e+07
1.46386e+07
1.40914e+07
1.35612e+07
1.30747e+07
1.26482e+07
1.22877e+07
1.19918e+07
1.17535e+07
1.15642e+07
1.14139e+07
1.12941e+07
1.12002e+07
1.11286e+07
1.10784e+07
1.10597e+07
1.10656e+07
1.10809e+07
1.11083e+07
1.11663e+07
1.1259e+07
1.13909e+07
1.15667e+07
1.17915e+07
1.20707e+07
1.2411e+07
1.28197e+07
1.33054e+07
1.38785e+07
1.45518e+07
1.53413e+07
1.62674e+07
1.73566e+07
1.86435e+07
2.01738e+07
2.20101e+07
2.42383e+07
2.69806e+07
3.04133e+07
3.47975e+07
4.05335e+07
4.82615e+07
5.9064e+07
7.48763e+07
9.94021e+07
1.40319e+08
2.15353e+08
3.73306e+08
7.88769e+08
1.61868e+09
24050.6
23870.8
23844.4
23841
23841
23841.6
23838.4
23843.4
23841.4
23836.6
23841.6
23843.5
23840.4
23839.6
23837.7
23845
23844.5
23850.3
23849.5
23853.1
23850.7
23836.7
23841.5
23853.4
23861.1
23866.7
23858
23860.8
23870.7
23884.7
23897.8
23911.7
23937
23970.8
24035.6
24203.7
24807.4
27058.8
35977.6
80888.9
436795
3.337e+06
1.05492e+07
1.32062e+07
1.4205e+07
1.47404e+07
1.50865e+07
1.52166e+07
1.51491e+07
1.47956e+07
1.4352e+07
1.38524e+07
1.33401e+07
1.28457e+07
1.23925e+07
1.1994e+07
1.16549e+07
1.13735e+07
1.11431e+07
1.09565e+07
1.08042e+07
1.06807e+07
1.05819e+07
1.05052e+07
1.04495e+07
1.04147e+07
1.04193e+07
1.04334e+07
1.04615e+07
1.0519e+07
1.06099e+07
1.07384e+07
1.09084e+07
1.11244e+07
1.13919e+07
1.1717e+07
1.21071e+07
1.25705e+07
1.31175e+07
1.37608e+07
1.45164e+07
1.54048e+07
1.64523e+07
1.76934e+07
1.91742e+07
2.0957e+07
2.31286e+07
2.58107e+07
2.91778e+07
3.34866e+07
3.91289e+07
4.67325e+07
5.73552e+07
7.28846e+07
9.69382e+07
1.37089e+08
2.11213e+08
3.69285e+08
7.9049e+08
1.64735e+09
24044.6
23869.7
23844.2
23842.3
23840
23841.1
23843.3
23839
23844.1
23841.2
23837.4
23841.8
23845.5
23841.8
23833.2
23836.3
23836.7
23844.9
23851.8
23858.2
23853.2
23854
23853.8
23844.2
23848.9
23863.6
23877.3
23876.4
23885
23894.9
23906.2
23925.5
23959
23995.3
24069.4
24324.6
25217
28732.9
43672.7
132412
910566
5.47771e+06
1.10843e+07
1.27246e+07
1.3409e+07
1.39792e+07
1.43154e+07
1.44223e+07
1.43387e+07
1.40018e+07
1.3577e+07
1.31053e+07
1.2625e+07
1.2163e+07
1.17392e+07
1.13651e+07
1.10446e+07
1.07761e+07
1.05536e+07
1.03697e+07
1.02176e+07
1.00933e+07
9.99227e+06
9.912e+06
9.85108e+06
9.80875e+06
9.80619e+06
9.8164e+06
9.83928e+06
9.89085e+06
9.97469e+06
1.00948e+07
1.02555e+07
1.04616e+07
1.07187e+07
1.1033e+07
1.14121e+07
1.18653e+07
1.24038e+07
1.30414e+07
1.37952e+07
1.46865e+07
1.57424e+07
1.69977e+07
1.84985e+07
2.03062e+07
2.25045e+07
2.52109e+07
2.85966e+07
3.29215e+07
3.85921e+07
4.62655e+07
5.70531e+07
7.29338e+07
9.76411e+07
1.38837e+08
2.14264e+08
3.72956e+08
7.88142e+08
1.63721e+09
24037.2
23867.6
23845.4
23841.7
23841.6
23842.2
23844.6
23840.7
23841.2
23845.4
23840.3
23837.6
23840.6
23844.8
23845
23837.4
23841.5
23834.1
23841.3
23847.9
23856.8
23857.4
23853.2
23852.1
23850.7
23858
23872.7
23881.5
23889.9
23900.7
23916.4
23939.6
23976.6
24023.2
24128.7
24477.3
25876.9
31555.1
58334.4
248026
1.8923e+06
7.59431e+06
1.07525e+07
1.21089e+07
1.27168e+07
1.32803e+07
1.35797e+07
1.36663e+07
1.35668e+07
1.32449e+07
1.28384e+07
1.23928e+07
1.19413e+07
1.15079e+07
1.111e+07
1.07576e+07
1.04538e+07
1.01968e+07
9.9811e+06
9.79974e+06
9.64786e+06
9.52087e+06
9.41519e+06
9.32884e+06
9.26134e+06
9.21376e+06
9.18877e+06
9.1957e+06
9.21374e+06
9.25848e+06
9.33517e+06
9.4477e+06
9.60024e+06
9.79743e+06
1.00443e+07
1.03468e+07
1.0712e+07
1.11484e+07
1.16663e+07
1.22786e+07
1.30013e+07
1.38551e+07
1.48668e+07
1.60721e+07
1.75186e+07
1.9271e+07
2.14193e+07
2.40901e+07
2.74667e+07
3.1821e+07
3.75721e+07
4.53944e+07
5.6421e+07
7.26654e+07
9.79688e+07
1.40251e+08
2.17789e+08
3.81118e+08
8.08357e+08
1.67199e+09
24030.2
23864.8
23843.8
23841.2
23842.8
23841.4
23838.5
23843.3
23838.6
23845
23845.9
23843
23838.2
23842
23849.3
23848.2
23844
23836.1
23835.4
23834.8
23842.7
23845.5
23847.6
23858.5
23858.6
23852.9
23854
23865.1
23886
23900.8
23919.7
23946.7
23987.3
24044.7
24193.5
24745.6
26991.1
36576.6
89249.8
518766
3.4879e+06
8.7178e+06
1.04217e+07
1.14455e+07
1.20813e+07
1.26181e+07
1.2877e+07
1.29466e+07
1.28308e+07
1.25238e+07
1.21364e+07
1.17151e+07
1.12896e+07
1.08816e+07
1.05066e+07
1.01731e+07
9.88369e+06
9.63633e+06
9.42611e+06
9.24701e+06
9.09451e+06
8.96489e+06
8.85556e+06
8.76519e+06
8.69358e+06
8.64144e+06
8.61e+06
8.61401e+06
8.62965e+06
8.67232e+06
8.74651e+06
8.85594e+06
9.00458e+06
9.19676e+06
9.4373e+06
9.7322e+06
1.00886e+07
1.05149e+07
1.10219e+07
1.16228e+07
1.23345e+07
1.31788e+07
1.41841e+07
1.53879e+07
1.68406e+07
1.86107e+07
2.07938e+07
2.35258e+07
2.70046e+07
3.15278e+07
3.75564e+07
4.58318e+07
5.75953e+07
7.50264e+07
1.02179e+08
1.47163e+08
2.28329e+08
3.96184e+08
8.28862e+08
1.67526e+09
24024.4
23864.5
23842.7
23842.4
23840.8
23839.5
23838.1
23841
23839.5
23837.7
23843.2
23846.1
23842.1
23839.2
23837
23846.1
23843.7
23850.3
23842.2
23836.3
23833.7
23843.3
23856
23853.4
23853.1
23847.7
23856.2
23873.4
23895.8
23901.2
23919.1
23953
23996.6
24068.8
24291.4
25169.8
28865.6
46057
156631
1.06272e+06
5.03859e+06
8.60042e+06
1.00089e+07
1.08311e+07
1.14875e+07
1.19831e+07
1.2204e+07
1.22604e+07
1.21291e+07
1.18371e+07
1.14689e+07
1.10702e+07
1.06682e+07
1.02831e+07
9.92845e+06
9.61189e+06
9.33555e+06
9.09741e+06
8.89322e+06
8.71794e+06
8.5676e+06
8.43921e+06
8.33063e+06
8.24079e+06
8.16963e+06
8.11783e+06
8.08674e+06
8.08997e+06
8.106e+06
8.14952e+06
8.22384e+06
8.33246e+06
8.47918e+06
8.66813e+06
8.90435e+06
9.19382e+06
9.54371e+06
9.96285e+06
1.04622e+07
1.10555e+07
1.17604e+07
1.25995e+07
1.36023e+07
1.48081e+07
1.62696e+07
1.80589e+07
2.0277e+07
2.30683e+07
2.66444e+07
3.13247e+07
3.76058e+07
4.62827e+07
5.86692e+07
7.70138e+07
1.05373e+08
1.51761e+08
2.34237e+08
4.0275e+08
8.34839e+08
1.67669e+09
24019
23863.4
23844.7
23840.8
23840.2
23843.2
23844.1
23839.6
23843.9
23836.5
23836.7
23842.6
23843
23836.6
23832.9
23835.8
23846.4
23853.6
23854.7
23853.2
23845.6
23840.2
23849
23852.3
23858.4
23873.4
23885.7
23895.8
23905
23918.3
23926.3
23955.6
24000.7
24096.7
24453.8
25887
32195.4
64862.1
302804
1.99758e+06
6.26917e+06
8.37784e+06
9.51942e+06
1.02787e+07
1.09291e+07
1.13738e+07
1.15605e+07
1.16046e+07
1.14625e+07
1.11831e+07
1.08333e+07
1.04555e+07
1.00753e+07
9.71115e+06
9.37561e+06
9.07544e+06
8.81236e+06
8.58452e+06
8.3878e+06
8.21856e+06
8.07313e+06
7.94847e+06
7.84269e+06
7.75488e+06
7.68508e+06
7.63415e+06
7.60349e+06
7.60563e+06
7.62128e+06
7.66398e+06
7.73677e+06
7.84301e+06
7.98645e+06
8.17128e+06
8.40261e+06
8.68658e+06
9.03057e+06
9.44375e+06
9.93749e+06
1.05262e+07
1.12283e+07
1.20675e+07
1.3075e+07
1.42922e+07
1.57748e+07
1.75994e+07
1.98731e+07
2.27487e+07
2.64492e+07
3.13076e+07
3.78341e+07
4.68361e+07
5.96372e+07
7.84908e+07
1.07438e+08
1.54398e+08
2.37279e+08
4.06071e+08
8.38823e+08
1.68181e+09
24010.9
23859.8
23843.4
23840.9
23842.6
23842.1
23843.8
23842
23846
23844.2
23839.2
23840.8
23839.3
23836.9
23847.3
23841.1
23839.4
23838.4
23844.7
23853.9
23858.4
23849.9
23842
23855.1
23870.1
23881.5
23891.5
23900.9
23907
23925.9
23945.4
23977.1
24026.8
24174.3
24719.8
27132.4
38395.9
104885
619725
3.29795e+06
6.7867e+06
8.14886e+06
9.04862e+06
9.77792e+06
1.03979e+07
1.07903e+07
1.09478e+07
1.09794e+07
1.08294e+07
1.05611e+07
1.02286e+07
9.87041e+06
9.51068e+06
9.16672e+06
8.84984e+06
8.56599e+06
8.31662e+06
8.09934e+06
7.911e+06
7.74862e+06
7.60832e+06
7.48733e+06
7.38405e+06
7.2979e+06
7.22913e+06
7.17872e+06
7.14822e+06
7.14934e+06
7.16457e+06
7.20652e+06
7.27815e+06
7.38273e+06
7.52399e+06
7.70617e+06
7.93449e+06
8.21519e+06
8.55594e+06
8.96616e+06
9.4577e+06
1.00455e+07
1.07489e+07
1.15926e+07
1.26094e+07
1.38426e+07
1.53511e+07
1.72156e+07
1.95491e+07
2.25126e+07
2.63407e+07
3.13828e+07
3.81707e+07
4.75372e+07
6.08242e+07
8.028e+07
1.09918e+08
1.57611e+08
2.41245e+08
4.11003e+08
8.45593e+08
1.68768e+09
24002.6
23859
23841.6
23843.2
23841.4
23837.9
23838.7
23843.7
23842.1
23845.4
23842.6
23839
23839.5
23845.6
23851.9
23850.6
23838.4
23834.3
23833.2
23839.2
23848.1
23856.8
23850.5
23848.1
23857.7
23859.8
23869.3
23885.1
23901.2
23931.2
23955.5
24000.1
24069.9
24282.1
25188.2
29374.6
50610.3
193615
1.24219e+06
4.50074e+06
6.63432e+06
7.83234e+06
8.62578e+06
9.31875e+06
9.88925e+06
1.0233e+07
1.03655e+07
1.03848e+07
1.02291e+07
9.97083e+06
9.65476e+06
9.3154e+06
8.97556e+06
8.65124e+06
8.35257e+06
8.08482e+06
7.84832e+06
7.64131e+06
7.46152e+06
7.30542e+06
7.16966e+06
7.05197e+06
6.95109e+06
6.8667e+06
6.79925e+06
6.74976e+06
6.71973e+06
6.7201e+06
6.73525e+06
6.77695e+06
6.84802e+06
6.95164e+06
7.09154e+06
7.27207e+06
7.49854e+06
7.77741e+06
8.11657e+06
8.52584e+06
9.01753e+06
9.6073e+06
1.03153e+07
1.11675e+07
1.21984e+07
1.34537e+07
1.49954e+07
1.69087e+07
1.93129e+07
2.23777e+07
2.63494e+07
3.15934e+07
3.86627e+07
4.84151e+07
6.2209e+07
8.22795e+07
1.12591e+08
1.60961e+08
2.45262e+08
4.15921e+08
8.52525e+08
1.69482e+09
23997.2
23859.1
23843.7
23841
23839.9
23842.2
23839.1
23842.1
23838.4
23836.7
23842.2
23836
23842.4
23848.4
23838.7
23840.3
23847.5
23849.7
23845.6
23835.4
23838.1
23853.3
23854.8
23863.2
23855.7
23857.1
23863.7
23878.6
23907.4
23934.6
23966.9
24014.3
24108
24448.1
26006
33557.3
76288.9
389753
2.14926e+06
5.14396e+06
6.47421e+06
7.47281e+06
8.22633e+06
8.88678e+06
9.40097e+06
9.7017e+06
9.81249e+06
9.82025e+06
9.66081e+06
9.41227e+06
9.11193e+06
8.79078e+06
8.47016e+06
8.16465e+06
7.88341e+06
7.63017e+06
7.40548e+06
7.20841e+06
7.03611e+06
6.88539e+06
6.75351e+06
6.63864e+06
6.53986e+06
6.45713e+06
6.39106e+06
6.34278e+06
6.31381e+06
6.31173e+06
6.32758e+06
6.36971e+06
6.44089e+06
6.54433e+06
6.68376e+06
6.86357e+06
7.08915e+06
7.36705e+06
7.70528e+06
8.11387e+06
8.60536e+06
9.19574e+06
9.90561e+06
1.07618e+07
1.17997e+07
1.30668e+07
1.46276e+07
1.65713e+07
1.90235e+07
2.21636e+07
2.62539e+07
3.16813e+07
3.90214e+07
4.91406e+07
6.33783e+07
8.3949e+07
1.14791e+08
1.63675e+08
2.48497e+08
4.19988e+08
8.58886e+08
1.70443e+09
23990.9
23855.4
23843.6
23840.2
23842.8
23845
23842.7
23839
23836.5
23836.1
23841.1
23835.6
23839.8
23839.6
23832.6
23833.9
23844.4
23849.8
23854.2
23850.9
23842.1
23846.2
23859.6
23871.8
23875.4
23882.9
23892
23903
23919.8
23933
23980.2
24030.9
24165.2
24730.1
27501.6
41610
130029
748193
2.98934e+06
5.12399e+06
6.26287e+06
7.11438e+06
7.84846e+06
8.47267e+06
8.93211e+06
9.19602e+06
9.28766e+06
9.28452e+06
9.12362e+06
8.88455e+06
8.59923e+06
8.29549e+06
7.993e+06
7.70516e+06
7.43939e+06
7.19913e+06
6.98564e+06
6.79728e+06
6.63144e+06
6.4855e+06
6.35723e+06
6.24521e+06
6.14882e+06
6.06818e+06
6.00403e+06
5.95751e+06
5.93007e+06
5.92721e+06
5.94429e+06
5.98743e+06
6.05933e+06
6.16319e+06
6.30269e+06
6.48228e+06
6.70744e+06
6.98487e+06
7.32284e+06
7.73176e+06
8.22482e+06
8.81898e+06
9.53621e+06
1.04054e+07
1.14648e+07
1.27659e+07
1.43789e+07
1.64001e+07
1.8964e+07
2.22597e+07
2.65558e+07
3.22393e+07
3.98803e+07
5.03432e+07
6.499e+07
8.60669e+07
1.17537e+08
1.67237e+08
2.5326e+08
4.26963e+08
8.70789e+08
1.72007e+09
23980.8
23853.6
23840.9
23842.9
23842.1
23839.2
23844.3
23838.9
23840.1
23845.7
23841.4
23846
23839.5
23834.9
23843.2
23847.6
23836.5
23834.4
23842.3
23854.2
23849.7
23852.3
23866.9
23858.2
23868.4
23881.4
23894.4
23906.8
23921.2
23949.6
23990.9
24052.3
24256.9
25242.7
30279.2
57609.4
240364
1.29606e+06
3.65044e+06
5.02313e+06
5.99878e+06
6.7854e+06
7.49087e+06
8.07185e+06
8.48228e+06
8.71524e+06
8.79133e+06
8.77604e+06
8.61724e+06
8.38789e+06
8.11688e+06
7.82944e+06
7.54389e+06
7.27174e+06
7.01969e+06
6.79181e+06
6.5885e+06
6.4083e+06
6.24891e+06
6.10825e+06
5.98443e+06
5.87632e+06
5.78349e+06
5.70624e+06
5.64535e+06
5.60202e+06
5.57779e+06
5.57893e+06
5.59938e+06
5.64599e+06
5.72154e+06
5.82925e+06
5.97295e+06
6.15741e+06
6.38848e+06
6.67336e+06
7.02107e+06
7.44301e+06
7.95367e+06
8.57174e+06
9.32145e+06
1.02346e+07
1.13535e+07
1.27347e+07
1.44551e+07
1.66203e+07
1.93768e+07
2.29303e+07
2.75708e+07
3.37087e+07
4.19331e+07
5.31058e+07
6.85392e+07
9.03668e+07
1.22379e+08
1.72157e+08
2.57397e+08
4.28649e+08
8.66217e+08
1.69525e+09
23972.1
23854.7
23841.8
23842
23838.8
23837.8
23841.8
23842.4
23845.7
23845.4
23840.5
23847
23845.8
23843.1
23850.1
23848.6
23844.6
23839.7
23835.4
23842.3
23852.9
23858.4
23862.5
23853.7
23854.4
23863.7
23876.1
23896.6
23918.1
23960.1
23999.5
24078.1
24432.1
26246.5
35562.2
90311.4
451409
1.9418e+06
3.88522e+06
4.91057e+06
5.7373e+06
6.4783e+06
7.14564e+06
7.68057e+06
8.04968e+06
8.25748e+06
8.32179e+06
8.29542e+06
8.14235e+06
7.92362e+06
7.66696e+06
7.39548e+06
7.1255e+06
6.86787e+06
6.62955e+06
6.41365e+06
6.22039e+06
6.04855e+06
5.89619e+06
5.7615e+06
5.64311e+06
5.54e+06
5.45194e+06
5.37932e+06
5.32296e+06
5.28395e+06
5.2638e+06
5.26637e+06
5.28951e+06
5.33793e+06
5.41463e+06
5.52295e+06
5.66689e+06
5.85121e+06
6.08178e+06
6.36584e+06
6.71251e+06
7.13331e+06
7.64305e+06
8.2609e+06
9.01207e+06
9.92988e+06
1.1059e+07
1.24594e+07
1.42121e+07
1.64262e+07
1.92495e+07
2.28847e+07
2.76135e+07
3.38324e+07
4.21109e+07
5.32878e+07
6.86544e+07
9.03253e+07
1.22092e+08
1.71647e+08
2.57074e+08
4.30016e+08
8.74693e+08
1.72147e+09
23966.9
23851.7
23844.3
23840.3
23841.9
23843.9
23837.8
23842.9
23840.9
23836.1
23839.4
23836.4
23842.1
23846.9
23838.9
23834.3
23850.1
23853.6
23843.7
23843.1
23858.4
23850
23841.3
23861.6
23870.1
23872.6
23887.1
23904.8
23932
23964.4
24006.5
24147
24782.8
28061
45742.1
155621
801306
2.51656e+06
3.82367e+06
4.73993e+06
5.49345e+06
6.19263e+06
6.81545e+06
7.30495e+06
7.63889e+06
7.82498e+06
7.87938e+06
7.84252e+06
7.696e+06
7.48789e+06
7.24476e+06
6.98777e+06
6.7321e+06
6.48851e+06
6.26299e+06
6.05805e+06
5.87397e+06
5.70955e+06
5.56325e+06
5.43332e+06
5.31862e+06
5.21843e+06
5.13262e+06
5.06162e+06
5.00634e+06
4.96814e+06
4.94888e+06
4.95174e+06
4.97638e+06
5.02649e+06
5.10505e+06
5.21566e+06
5.36256e+06
5.55106e+06
5.78768e+06
6.08053e+06
6.43989e+06
6.87879e+06
7.41389e+06
8.0665e+06
8.86405e+06
9.84211e+06
1.10472e+07
1.25404e+07
1.44034e+07
1.67471e+07
1.9723e+07
2.35382e+07
2.84784e+07
3.49418e+07
4.34933e+07
5.49591e+07
7.06069e+07
9.25255e+07
1.24478e+08
1.74063e+08
2.59091e+08
4.30394e+08
8.68341e+08
1.70622e+09
23959.9
23849.3
23842.8
23841.7
23844.4
23843.5
23839.4
23839.6
23836.4
23837.5
23839.5
23835.9
23836.2
23838.4
23833.9
23839.2
23838.5
23844.4
23854.1
23850.2
23861.8
23850.8
23850.4
23857
23876
23892.1
23900.2
23912.4
23940.5
23968.8
24041.7
24268.3
25401.3
31540.8
66460.6
286232
1.25537e+06
2.82288e+06
3.74631e+06
4.54518e+06
5.25939e+06
5.9232e+06
6.50064e+06
6.94825e+06
7.25172e+06
7.41823e+06
7.46303e+06
7.4171e+06
7.27627e+06
7.07745e+06
6.84605e+06
6.60172e+06
6.35912e+06
6.1276e+06
5.91256e+06
5.71625e+06
5.53892e+06
5.37954e+06
5.23682e+06
5.10946e+06
4.9966e+06
4.89786e+06
4.81341e+06
4.74389e+06
4.69043e+06
4.65449e+06
4.63784e+06
4.64253e+06
4.67048e+06
4.72445e+06
4.80762e+06
4.92368e+06
5.07689e+06
5.27265e+06
5.51764e+06
5.82016e+06
6.1906e+06
6.64202e+06
7.19098e+06
7.85871e+06
8.67277e+06
9.6693e+06
1.0896e+07
1.24167e+07
1.43167e+07
1.67117e+07
1.9759e+07
2.36726e+07
2.87439e+07
3.53736e+07
4.4125e+07
5.58182e+07
7.171e+07
9.38822e+07
1.26114e+08
1.76097e+08
2.61944e+08
4.35482e+08
8.80453e+08
1.72195e+09
23952.8
23851
23839.5
23842.2
23840.1
23837.6
23844.5
23839.8
23843
23845.9
23841.2
23846.3
23843.3
23837.3
23846.1
23850.7
23835.3
23833.7
23849.1
23853
23842.6
23855.9
23866.2
23855.4
23862
23884.2
23893.9
23911.9
23942.1
23994.5
24084.5
24460.6
26499.4
37643.5
103217
476285
1.62187e+06
2.83687e+06
3.65129e+06
4.36638e+06
5.04626e+06
5.67962e+06
6.21875e+06
6.63403e+06
6.91504e+06
7.0675e+06
7.10582e+06
7.05589e+06
6.92054e+06
6.73035e+06
6.50935e+06
6.27615e+06
6.04412e+06
5.82208e+06
5.61512e+06
5.42547e+06
5.2535e+06
5.09851e+06
4.95948e+06
4.83543e+06
4.72569e+06
4.63007e+06
4.54883e+06
4.48269e+06
4.43279e+06
4.40054e+06
4.38765e+06
4.39601e+06
4.42779e+06
4.48556e+06
4.57234e+06
4.69172e+06
4.84811e+06
5.04679e+06
5.29424e+06
5.59859e+06
5.97003e+06
6.42151e+06
6.96968e+06
7.63616e+06
8.44948e+06
9.44747e+06
1.06805e+07
1.22159e+07
1.41442e+07
1.65858e+07
1.97009e+07
2.37032e+07
2.88823e+07
3.56322e+07
4.45042e+07
5.63059e+07
7.2289e+07
9.45409e+07
1.26868e+08
1.7702e+08
2.63251e+08
4.37766e+08
8.85843e+08
1.72733e+09
23942
23848.8
23838.4
23840.5
23837.7
23839.9
23841.8
23843.6
23845.5
23844.5
23842
23846.7
23846.8
23845.4
23848.7
23841.8
23848.9
23844.9
23835.5
23852.2
23839.1
23844.8
23853.1
23870.8
23865.4
23871.6
23889.7
23919.9
23947.5
24012.4
24152.8
24804
28407.4
48435
165165
716637
1.90177e+06
2.7927e+06
3.5246e+06
4.19177e+06
4.83917e+06
5.44048e+06
5.9443e+06
6.33131e+06
6.59281e+06
6.73299e+06
6.76582e+06
6.71307e+06
6.58217e+06
6.3997e+06
6.18802e+06
5.96447e+06
5.74177e+06
5.52832e+06
5.32903e+06
5.14612e+06
4.98005e+06
4.8303e+06
4.69594e+06
4.57614e+06
4.47035e+06
4.37845e+06
4.30078e+06
4.23813e+06
4.1916e+06
4.1626e+06
4.15275e+06
4.16394e+06
4.19832e+06
4.25841e+06
4.34718e+06
4.46819e+06
4.62578e+06
4.82528e+06
5.07333e+06
5.37837e+06
5.75116e+06
6.2055e+06
6.7593e+06
7.43618e+06
8.26747e+06
9.29482e+06
1.05734e+07
1.2176e+07
1.41976e+07
1.67623e+07
2.00347e+07
2.42323e+07
2.9644e+07
3.66595e+07
4.58185e+07
5.79077e+07
7.41435e+07
9.6558e+07
1.28884e+08
1.78774e+08
2.64305e+08
4.37176e+08
8.80522e+08
1.71684e+09
23931
23844.6
23842.8
23839.4
23839.8
23845
23838.1
23840.8
23837.5
23836.5
23844.2
23836.4
23836.7
23842.7
23835.6
23834.6
23851.1
23851.3
23838.9
23842
23855.5
23848.9
23844.4
23863.7
23881.6
23883.7
23906
23930
23964.9
24032.1
24244.6
25391.5
31803.4
67994
268952
984538
2.02639e+06
2.73851e+06
3.39154e+06
4.0248e+06
4.64103e+06
5.2088e+06
5.68032e+06
6.04208e+06
6.28585e+06
6.41489e+06
6.44215e+06
6.38665e+06
6.25928e+06
6.08333e+06
5.87962e+06
5.66464e+06
5.45047e+06
5.24508e+06
5.05308e+06
4.87655e+06
4.71593e+06
4.57073e+06
4.44015e+06
4.32351e+06
4.22042e+06
4.13094e+06
4.05557e+06
3.99518e+06
3.95096e+06
3.92436e+06
3.91704e+06
3.93091e+06
3.96817e+06
4.03138e+06
4.12363e+06
4.24863e+06
4.41092e+06
4.61621e+06
4.87164e+06
5.18624e+06
5.57156e+06
6.04249e+06
6.6183e+06
7.32384e+06
8.19112e+06
9.26143e+06
1.05886e+07
1.22437e+07
1.43208e+07
1.6945e+07
2.02808e+07
2.45438e+07
3.00185e+07
3.70872e+07
4.62815e+07
5.83782e+07
7.45893e+07
9.69573e+07
1.29242e+08
1.79146e+08
2.64823e+08
4.38171e+08
8.82381e+08
1.71792e+09
23924.7
23845.8
23844.4
23838.4
23844.3
23841
23842.5
23838.2
23837
23839
23844.4
23834.7
23837.2
23836.3
23836.3
23845.4
23835.8
23841.9
23854.1
23836.4
23853.1
23861.8
23858.2
23851.7
23875.1
23898.7
23912.9
23929.7
23970.4
24056.2
24417.7
26459.8
37896.4
102295
413431
1.21301e+06
2.02868e+06
2.66368e+06
3.26392e+06
3.86526e+06
4.45063e+06
4.98478e+06
5.4268e+06
5.76554e+06
5.99304e+06
6.11148e+06
6.13329e+06
6.07579e+06
5.95133e+06
5.78106e+06
5.58453e+06
5.37733e+06
5.17088e+06
4.97269e+06
4.7871e+06
4.61611e+06
4.46016e+06
4.31892e+06
4.19179e+06
4.07826e+06
3.97815e+06
3.89167e+06
3.8194e+06
3.76223e+06
3.72135e+06
3.69817e+06
3.69433e+06
3.71171e+06
3.75249e+06
3.81921e+06
3.91492e+06
4.04357e+06
4.21022e+06
4.42132e+06
4.68516e+06
5.01023e+06
5.40881e+06
5.89703e+06
6.49565e+06
7.23152e+06
8.13949e+06
9.26494e+06
1.06671e+07
1.24235e+07
1.46349e+07
1.74322e+07
2.09838e+07
2.55062e+07
3.12789e+07
3.86712e+07
4.8195e+07
6.06052e+07
7.70948e+07
9.96957e+07
1.32171e+08
1.82247e+08
2.68147e+08
4.42084e+08
8.88703e+08
1.72056e+09
23918.3
23847.5
23839.8
23842.4
23843.9
23837.5
23843.5
23843.5
23845.2
23845.4
23837.8
23844.3
23847.6
23843.1
23849.1
23846.8
23833.8
23838.4
23847.9
23840.1
23839.7
23851.5
23865.1
23872.8
23862.6
23888.5
23916.1
23944.3
23993.7
24121.1
24743.5
28342.6
48592.5
156885
579380
1.37289e+06
1.99821e+06
2.5682e+06
3.1375e+06
3.70963e+06
4.2648e+06
4.76666e+06
5.1819e+06
5.49974e+06
5.7122e+06
5.82126e+06
5.83877e+06
5.78021e+06
5.65895e+06
5.49445e+06
5.30503e+06
5.10548e+06
4.90663e+06
4.71566e+06
4.53672e+06
4.37176e+06
4.22129e+06
4.08507e+06
3.96262e+06
3.85358e+06
3.75789e+06
3.67587e+06
3.60814e+06
3.55558e+06
3.51933e+06
3.50072e+06
3.50153e+06
3.52297e+06
3.56745e+06
3.63762e+06
3.73679e+06
3.86908e+06
4.03968e+06
4.25493e+06
4.52285e+06
4.85349e+06
5.25984e+06
5.75879e+06
6.37229e+06
7.12892e+06
8.066e+06
9.23223e+06
1.06909e+07
1.25234e+07
1.48322e+07
1.77457e+07
2.14256e+07
2.60776e+07
3.19681e+07
3.94562e+07
4.90464e+07
6.14876e+07
7.79723e+07
1.0054e+08
1.32979e+08
1.83078e+08
2.69259e+08
4.44264e+08
8.94647e+08
1.73189e+09
23906.6
23843.4
23838.7
23843.8
23838
23842.7
23838.2
23842.9
23844.2
23839.7
23835.5
23846.4
23842
23846.6
23844.5
23837
23850.2
23834.8
23835
23857.5
23850
23846.9
23871.2
23881.7
23877.1
23883.2
23915.6
23951.4
24015
24212.3
25311
31618.3
66655.6
235987
738967
1.42168e+06
1.95775e+06
2.47591e+06
3.01419e+06
3.55883e+06
4.08466e+06
4.55645e+06
4.94721e+06
5.24555e+06
5.4439e+06
5.54441e+06
5.55792e+06
5.49878e+06
5.38085e+06
5.22222e+06
5.04008e+06
4.84838e+06
4.6574e+06
4.4739e+06
4.30185e+06
4.14308e+06
3.99813e+06
3.86685e+06
3.74889e+06
3.64402e+06
3.55229e+06
3.47403e+06
3.40987e+06
3.36071e+06
3.32767e+06
3.31213e+06
3.31581e+06
3.3406e+06
3.38884e+06
3.46339e+06
3.56769e+06
3.70606e+06
3.88398e+06
4.10839e+06
4.38816e+06
4.73462e+06
5.16246e+06
5.69063e+06
6.34369e+06
7.15327e+06
8.15972e+06
9.41419e+06
1.09812e+07
1.2942e+07
1.53994e+07
1.84818e+07
2.23493e+07
2.72033e+07
3.33021e+07
4.09887e+07
5.07477e+07
6.3313e+07
7.9866e+07
1.02435e+08
1.34785e+08
1.84646e+08
2.70253e+08
4.43731e+08
8.89023e+08
1.71738e+09
23895.1
23841.2
23843.2
23839.4
23838.3
23844.2
23840.6
23837.2
23836.7
23837.4
23836.6
23837
23834.7
23837.8
23833.8
23842.5
23850.5
23843.3
23845.9
23852
23860.1
23857.7
23862
23859.1
23886.3
23907.9
23922.8
23957.9
24041.2
24380.2
26311.2
37354.9
95612.1
334089
866213
1.41295e+06
1.8995e+06
2.38388e+06
2.89461e+06
3.41327e+06
3.91097e+06
4.35535e+06
4.72371e+06
5.00382e+06
5.189e+06
5.28131e+06
5.29094e+06
5.23147e+06
5.11689e+06
4.96413e+06
4.78919e+06
4.60517e+06
4.42168e+06
4.24514e+06
4.07927e+06
3.92591e+06
3.78565e+06
3.65848e+06
3.5442e+06
3.44273e+06
3.35419e+06
3.27903e+06
3.21794e+06
3.1719e+06
3.14212e+06
3.13011e+06
3.13754e+06
3.16645e+06
3.21933e+06
3.29921e+06
3.40979e+06
3.55573e+06
3.74288e+06
3.97874e+06
4.27278e+06
4.63705e+06
5.08702e+06
5.64245e+06
6.32865e+06
7.17813e+06
8.23262e+06
9.54537e+06
1.11833e+07
1.32297e+07
1.57869e+07
1.89806e+07
2.29643e+07
2.79269e+07
3.41089e+07
4.18367e+07
5.15792e+07
6.40543e+07
8.04354e+07
1.02749e+08
1.34762e+08
1.84211e+08
2.69379e+08
4.42603e+08
8.88624e+08
1.71555e+09
23888.8
23844.3
23842.6
23839.1
23844.4
23838.2
23844.5
23841.2
23839.3
23845.1
23844.9
23836.5
23844.1
23837.1
23842.1
23847.6
23835.2
23852.5
23855
23836.7
23846.6
23853.6
23847.9
23852.2
23873.5
23907.1
23934.3
23981.6
24096.9
24652.6
27996.8
46693.2
137308
437308
948739
1.38881e+06
1.83046e+06
2.2907e+06
2.77632e+06
3.27012e+06
3.74139e+06
4.16124e+06
4.50952e+06
4.77344e+06
4.9469e+06
5.03213e+06
5.03878e+06
4.97984e+06
4.86917e+06
4.72253e+06
4.55476e+06
4.37806e+06
4.20149e+06
4.03114e+06
3.87067e+06
3.72193e+06
3.58566e+06
3.46199e+06
3.3509e+06
3.25243e+06
3.16681e+06
3.09456e+06
3.03643e+06
2.99345e+06
2.96684e+06
2.95808e+06
2.96889e+06
3.00129e+06
3.05775e+06
3.14127e+06
3.25558e+06
3.40538e+06
3.5966e+06
3.83686e+06
4.13597e+06
4.50658e+06
4.96501e+06
5.53243e+06
6.23613e+06
7.11099e+06
8.20087e+06
9.55967e+06
1.12533e+07
1.33623e+07
1.5984e+07
1.9235e+07
2.32555e+07
2.82197e+07
3.43566e+07
4.19886e+07
5.15954e+07
6.39202e+07
8.01671e+07
1.02402e+08
1.34463e+08
1.84227e+08
2.70276e+08
4.45773e+08
8.98215e+08
1.73618e+09
23881.2
23843.5
23838.4
23843.4
23843.4
23838.3
23840.4
23845
23846
23842.7
23847.2
23846.3
23847.3
23845.4
23850
23837.7
23838
23847.6
23840.1
23847.1
23838.5
23848.6
23863.6
23877.2
23877.2
23895.1
23933.6
23993.1
24175.1
25147.2
30830
61485.3
192024
531509
968010
1.35804e+06
1.76282e+06
2.19995e+06
2.66201e+06
3.13198e+06
3.57881e+06
3.97669e+06
4.3067e+06
4.5558e+06
4.71845e+06
4.79705e+06
4.80083e+06
4.74228e+06
4.63492e+06
4.49345e+06
4.3317e+06
4.1611e+06
3.99025e+06
3.82504e+06
3.66909e+06
3.52433e+06
3.39161e+06
3.27122e+06
3.16327e+06
3.06791e+06
2.98548e+06
2.91653e+06
2.86187e+06
2.82255e+06
2.79982e+06
2.79516e+06
2.81032e+06
2.84741e+06
2.90901e+06
2.99831e+06
3.11936e+06
3.27725e+06
3.47851e+06
3.7315e+06
4.04693e+06
4.43847e+06
4.92349e+06
5.52412e+06
6.26831e+06
7.1911e+06
8.33617e+06
9.75783e+06
1.1522e+07
1.37064e+07
1.64035e+07
1.97265e+07
2.3816e+07
2.8853e+07
3.50798e+07
4.2833e+07
5.26019e+07
6.51356e+07
8.16417e+07
1.04194e+08
1.3664e+08
1.86839e+08
2.73289e+08
4.48853e+08
8.99321e+08
1.72946e+09
23867.6
23839.8
23841.3
23841.1
23837.9
23844.1
23837.2
23838.4
23840.4
23836.8
23838.3
23842
23835.8
23846.8
23838.6
23841
23851
23836.5
23839
23855.5
23854.2
23856.4
23869
23879.5
23893.5
23914.6
23941.7
24013
24312
25929.4
35337
82594.7
252326
598637
957658
1.31482e+06
1.69503e+06
2.11033e+06
2.55025e+06
2.99731e+06
3.42178e+06
3.79993e+06
4.11352e+06
4.34951e+06
4.50281e+06
4.57584e+06
4.57732e+06
4.51928e+06
4.4148e+06
4.2778e+06
4.12127e+06
3.95606e+06
3.79041e+06
3.63006e+06
3.47856e+06
3.3379e+06
3.20903e+06
3.09231e+06
2.98792e+06
2.89611e+06
2.81727e+06
2.75204e+06
2.70128e+06
2.66606e+06
2.64765e+06
2.64758e+06
2.66767e+06
2.71014e+06
2.77775e+06
2.87394e+06
3.00308e+06
3.17075e+06
3.38405e+06
3.6522e+06
3.98699e+06
4.40354e+06
4.92116e+06
5.56442e+06
6.36431e+06
7.35922e+06
8.59559e+06
1.01293e+07
1.20269e+07
1.43671e+07
1.72414e+07
2.07565e+07
2.50412e+07
3.02587e+07
3.66296e+07
4.44689e+07
5.42475e+07
6.66923e+07
8.29757e+07
1.0512e+08
1.36882e+08
1.85965e+08
2.70558e+08
4.42689e+08
8.85559e+08
1.69756e+09
23862.7
23839.8
23843.8
23839.3
23838
23846.1
23835.9
23836.2
23836.1
23837.8
23834.7
23835.2
23832.4
23838.9
23833.2
23848.2
23851.1
23836.8
23851.8
23846.3
23862.2
23856.1
23855.7
23863.4
23889.3
23922.9
23957.2
24055.9
24470.2
26937
40757.2
104298
295745
623918
934993
1.26543e+06
1.62634e+06
2.02151e+06
2.4413e+06
2.8677e+06
3.27301e+06
3.63472e+06
3.93507e+06
4.16114e+06
4.30797e+06
4.37772e+06
4.37847e+06
4.32183e+06
4.22037e+06
4.08751e+06
3.93569e+06
3.77534e+06
3.61442e+06
3.45847e+06
3.31101e+06
3.17403e+06
3.0485e+06
2.93491e+06
2.83354e+06
2.74465e+06
2.66871e+06
2.6064e+06
2.55859e+06
2.52636e+06
2.511e+06
2.51404e+06
2.53733e+06
2.58316e+06
2.65438e+06
2.75458e+06
2.88834e+06
3.06154e+06
3.28174e+06
3.55863e+06
3.90462e+06
4.3356e+06
4.8715e+06
5.5371e+06
6.36327e+06
7.38834e+06
8.65951e+06
1.02331e+07
1.21736e+07
1.45539e+07
1.74575e+07
2.09816e+07
2.52462e+07
3.04072e+07
3.66804e+07
4.43785e+07
5.39727e+07
6.61986e+07
8.2258e+07
1.04214e+08
1.35877e+08
1.85064e+08
2.70212e+08
4.44033e+08
8.92146e+08
1.71361e+09
23858.3
23843.2
23844.3
23838.6
23842.9
23841.5
23841.1
23840
23835.2
23845.4
23833.5
23832.9
23833.6
23835.8
23837.1
23848.8
23837.1
23850.1
23856.8
23837.4
23856.4
23849.8
23849.3
23858.8
23879.1
23916.7
23964.9
24094.4
24691.4
28258.1
47547.5
127448
330647
629261
907112
1.21452e+06
1.55677e+06
1.93273e+06
2.33353e+06
2.74047e+06
3.12811e+06
3.47491e+06
3.76338e+06
3.98088e+06
4.12251e+06
4.18999e+06
4.19073e+06
4.13583e+06
4.03759e+06
3.90883e+06
3.76152e+06
3.60563e+06
3.44897e+06
3.29693e+06
3.15284e+06
3.01874e+06
2.89576e+06
2.7845e+06
2.68541e+06
2.59897e+06
2.52569e+06
2.46627e+06
2.42164e+06
2.39293e+06
2.38152e+06
2.38906e+06
2.41759e+06
2.4696e+06
2.54827e+06
2.65759e+06
2.80264e+06
2.98998e+06
3.22794e+06
3.52717e+06
3.90108e+06
4.36667e+06
4.94559e+06
5.66508e+06
6.55861e+06
7.66621e+06
9.03433e+06
1.0716e+07
1.27714e+07
1.52691e+07
1.82872e+07
2.19186e+07
2.62809e+07
3.15302e+07
3.7884e+07
4.5657e+07
5.53183e+07
6.7592e+07
8.36459e+07
1.05475e+08
1.36763e+08
1.85114e+08
2.68512e+08
4.3833e+08
8.75203e+08
1.67391e+09
23859.5
23844.5
23839.7
23842.1
23844.6
23836.8
23844.6
23845.7
23843.9
23849.3
23843.8
23843.1
23846.5
23832.7
23848.5
23836
23830.8
23855.9
23842.8
23845.6
23841.8
23853.6
23869.2
23881.3
23893.2
23914.4
23970.6
24142.8
25005.6
30023.5
55934.5
151360
356963
621949
874400
1.16148e+06
1.48567e+06
1.84312e+06
2.22567e+06
2.61427e+06
2.98567e+06
3.319e+06
3.5972e+06
3.80778e+06
3.9458e+06
4.01242e+06
4.01446e+06
3.9622e+06
3.86757e+06
3.74324e+06
3.60043e+06
3.44866e+06
3.29538e+06
3.14618e+06
3.00453e+06
2.87257e+06
2.75155e+06
2.64224e+06
2.54509e+06
2.46072e+06
2.38974e+06
2.33293e+06
2.29122e+06
2.26578e+06
2.258e+06
2.26957e+06
2.3026e+06
2.35971e+06
2.44424e+06
2.56049e+06
2.71406e+06
2.91208e+06
3.16374e+06
3.48087e+06
3.87853e+06
4.37561e+06
4.99533e+06
5.76579e+06
6.72047e+06
7.89806e+06
9.34208e+06
1.11006e+07
1.3226e+07
1.57757e+07
1.88164e+07
2.24296e+07
2.67204e+07
3.18317e+07
3.79655e+07
4.54218e+07
5.46601e+07
6.63983e+07
8.18022e+07
1.02881e+08
1.33359e+08
1.80821e+08
2.63097e+08
4.31192e+08
8.6467e+08
1.657e+09
23858.8
23844.5
23837.3
23844.9
23846
23833.7
23848
23848.9
23848.3
23841.7
23848.5
23850
23851.4
23832.9
23852.6
23832.8
23842.8
23843.7
23832.8
23859.6
23841.1
23863.9
23877.4
23887.1
23902.1
23936.5
24003.6
24223.1
25434.9
32349.3
65990.6
174206
373132
605812
837085
1.10632e+06
1.41269e+06
1.75227e+06
2.11707e+06
2.48846e+06
2.84501e+06
3.16689e+06
3.43621e+06
3.64111e+06
3.77676e+06
3.84373e+06
3.84804e+06
3.79951e+06
3.70907e+06
3.58877e+06
3.44985e+06
3.30156e+06
3.1513e+06
3.00452e+06
2.86498e+06
2.73492e+06
2.61571e+06
2.50823e+06
2.41299e+06
2.33061e+06
2.26178e+06
2.20729e+06
2.16811e+06
2.1454e+06
2.14053e+06
2.15524e+06
2.1917e+06
2.25268e+06
2.3417e+06
2.46331e+06
2.62337e+06
2.82937e+06
3.09086e+06
3.41988e+06
3.83136e+06
4.3437e+06
4.97961e+06
5.76641e+06
6.73625e+06
7.92604e+06
9.37671e+06
1.11325e+07
1.32407e+07
1.57528e+07
1.87301e+07
2.22516e+07
2.64253e+07
3.14041e+07
3.74095e+07
4.47625e+07
5.39381e+07
6.5669e+07
8.11386e+07
1.02371e+08
1.331e+08
1.80972e+08
2.64003e+08
4.33685e+08
8.71031e+08
1.66987e+09
23855.1
23838.4
23837.3
23843.4
23838.6
23838.5
23845
23839.4
23845.4
23833.3
23848.5
23847
23847
23847.3
23839.4
23846.8
23854.2
23832.9
23846.2
23851
23860.9
23853.3
23857.2
23869
23896.2
23941.1
24025.1
24321.6
25993.3
35311.8
77265.6
194183
381147
584913
798304
1.05081e+06
1.34009e+06
1.66275e+06
2.01069e+06
2.36606e+06
2.70913e+06
3.0206e+06
3.28242e+06
3.48283e+06
3.6163e+06
3.68363e+06
3.68931e+06
3.6431e+06
3.55565e+06
3.43834e+06
3.30238e+06
3.15701e+06
3.00947e+06
2.86511e+06
2.72769e+06
2.59957e+06
2.48223e+06
2.37665e+06
2.28348e+06
2.20338e+06
2.13712e+06
2.08558e+06
2.04979e+06
2.03101e+06
2.03079e+06
2.05107e+06
2.09429e+06
2.16352e+06
2.26273e+06
2.39699e+06
2.57279e+06
2.79843e+06
3.0843e+06
3.44344e+06
3.89225e+06
4.45097e+06
5.14381e+06
5.99863e+06
7.0461e+06
8.31892e+06
9.85176e+06
1.16816e+07
1.38504e+07
1.64085e+07
1.94189e+07
2.29631e+07
2.71515e+07
3.21361e+07
3.81303e+07
4.54391e+07
5.45201e+07
6.6091e+07
8.13094e+07
1.02146e+08
1.3223e+08
1.78988e+08
2.59908e+08
4.24967e+08
8.49611e+08
1.62302e+09
23856
23835.8
23844.1
23836.8
23835.1
23846
23836.1
23833.4
23834.8
23831.5
23835.3
23833.1
23833.5
23852.8
23831.4
23852.4
23853.8
23839
23859.6
23835.6
23865.1
23850.4
23849.9
23862.2
23892.6
23939.4
24042.2
24462.6
26716
38960.6
89239.9
210111
381308
560556
758459
994376
1.26689e+06
1.57307e+06
1.90462e+06
2.24542e+06
2.57604e+06
2.87776e+06
3.13252e+06
3.32919e+06
3.46083e+06
3.52791e+06
3.53521e+06
3.49138e+06
3.40738e+06
3.29407e+06
3.16205e+06
3.02032e+06
2.87601e+06
2.73439e+06
2.59929e+06
2.47322e+06
2.35781e+06
2.25409e+06
2.16289e+06
2.08495e+06
2.0211e+06
1.9723e+06
1.93964e+06
1.92443e+06
1.92827e+06
1.95312e+06
2.00143e+06
2.07635e+06
2.18202e+06
2.32375e+06
2.50844e+06
2.74496e+06
3.04448e+06
3.42076e+06
3.89073e+06
4.47435e+06
5.19472e+06
6.07801e+06
7.15346e+06
8.45253e+06
1.00078e+07
1.18535e+07
1.40285e+07
1.65794e+07
1.95656e+07
2.30662e+07
2.71892e+07
3.20847e+07
3.79656e+07
4.51431e+07
5.40802e+07
6.54861e+07
8.0507e+07
1.01104e+08
1.30904e+08
1.77327e+08
2.57875e+08
4.2265e+08
8.47704e+08
1.62181e+09
23851.3
23837.4
23846.9
23834.4
23836.2
23849.5
23832.9
23832.4
23831
23846.1
23830.5
23829
23829.1
23848.6
23837.5
23856.9
23837.6
23855.2
23846.6
23847.9
23845.1
23869.1
23874.3
23888.5
23894.1
23950
24086.6
24626.6
27612.7
43242.6
101051
221515
373946
533700
717661
937674
1.19392e+06
1.48405e+06
1.80038e+06
2.1266e+06
2.44491e+06
2.73702e+06
2.98538e+06
3.17748e+06
3.30721e+06
3.37428e+06
3.3838e+06
3.34363e+06
3.26415e+06
3.15567e+06
3.0283e+06
2.89084e+06
2.75033e+06
2.61199e+06
2.47965e+06
2.35593e+06
2.24261e+06
2.14091e+06
2.05177e+06
1.97601e+06
1.91452e+06
1.8683e+06
1.83848e+06
1.82642e+06
1.83378e+06
1.86267e+06
1.91576e+06
1.99651e+06
2.10948e+06
2.26039e+06
2.45647e+06
2.70692e+06
3.02334e+06
3.41999e+06
3.91428e+06
4.52714e+06
5.28221e+06
6.20505e+06
7.32214e+06
8.66055e+06
1.02484e+07
1.21161e+07
1.42998e+07
1.6844e+07
1.98072e+07
2.32689e+07
2.73393e+07
3.21727e+07
3.79893e+07
4.51062e+07
5.39898e+07
6.53491e+07
8.03191e+07
1.0084e+08
1.30502e+08
1.76662e+08
2.56707e+08
4.2038e+08
8.42418e+08
1.60983e+09
23847.6
23845
23842.1
23843
23845.8
23843.5
23834.7
23845.8
23842.6
23852.2
23839.2
23844.3
23843.3
23833.7
23848.6
23841
23832.3
23855.3
23832.7
23862.3
23840.2
23864.9
23882.2
23899.7
23924.2
23976.1
24125.1
24827.5
28712.4
48057.8
111878
227579
362294
505942
676317
881101
1.12181e+06
1.39694e+06
1.69751e+06
2.00922e+06
2.31521e+06
2.59708e+06
2.83827e+06
3.02555e+06
3.15376e+06
3.22208e+06
3.23496e+06
3.19964e+06
3.12592e+06
3.02354e+06
2.90207e+06
2.76989e+06
2.63393e+06
2.49945e+06
2.37034e+06
2.24931e+06
2.13835e+06
2.03881e+06
1.95183e+06
1.87837e+06
1.81948e+06
1.77626e+06
1.74998e+06
1.74216e+06
1.75467e+06
1.78982e+06
1.85056e+06
1.94073e+06
2.06529e+06
2.23078e+06
2.4456e+06
2.72031e+06
3.06793e+06
3.50405e+06
4.04665e+06
4.7154e+06
5.53088e+06
6.51405e+06
7.68558e+06
9.0666e+06
1.068e+07
1.25521e+07
1.47157e+07
1.72142e+07
2.01061e+07
2.34718e+07
2.74221e+07
3.21107e+07
3.77537e+07
4.46614e+07
5.3291e+07
6.43427e+07
7.89412e+07
9.90066e+07
1.28082e+08
1.73405e+08
2.52e+08
4.12531e+08
8.258e+08
1.57496e+09
23849.1
23847.9
23835.3
23848.1
23849.3
23834.6
23845.9
23850.6
23850.1
23842.4
23849.7
23852.5
23852.5
23828.4
23853.9
23833.6
23844.2
23836.6
23846.1
23847.6
23861.4
23848.2
23860.6
23889.4
23926.3
23982.4
24164.8
25072.9
29995.2
53112.7
120928
228912
346734
476870
634062
824736
1.0503e+06
1.30939e+06
1.59383e+06
1.89047e+06
2.18254e+06
2.45318e+06
2.68632e+06
2.86968e+06
2.99778e+06
3.06934e+06
3.08809e+06
3.06045e+06
2.99517e+06
2.90134e+06
2.78788e+06
2.66293e+06
2.53335e+06
2.40426e+06
2.27956e+06
2.16207e+06
2.05394e+06
1.95685e+06
1.87214e+06
1.80096e+06
1.74443e+06
1.70375e+06
1.68028e+06
1.67565e+06
1.69187e+06
1.73139e+06
1.79754e+06
1.89452e+06
2.02774e+06
2.20417e+06
2.43267e+06
2.72421e+06
3.09206e+06
3.55182e+06
4.12106e+06
4.8189e+06
5.66532e+06
6.68073e+06
7.88545e+06
9.29983e+06
1.09455e+07
1.28476e+07
1.5038e+07
1.75585e+07
2.04659e+07
2.38379e+07
2.77823e+07
3.24489e+07
3.80499e+07
4.48935e+07
5.34362e+07
6.43757e+07
7.88315e+07
9.87133e+07
1.27544e+08
1.72537e+08
2.50687e+08
4.10595e+08
8.2319e+08
1.5719e+09
23845.1
23843.2
23834.1
23845.3
23841.9
23830.9
23849.8
23845.6
23848
23831.2
23850
23846.1
23844
23841.8
23848
23827.9
23850.8
23829.9
23859.5
23836.3
23868.2
23849.6
23854.5
23882.8
23910.2
23984.4
24218
25354.1
31437.5
58179.6
127991
227226
329662
447693
592485
769413
980024
1.22323e+06
1.49129e+06
1.77135e+06
2.04838e+06
2.30685e+06
2.53208e+06
2.71214e+06
2.84124e+06
2.91756e+06
2.94377e+06
2.92545e+06
2.87038e+06
2.78725e+06
2.68422e+06
2.56903e+06
2.44818e+06
2.326e+06
2.20644e+06
2.09171e+06
1.98491e+06
1.88852e+06
1.80444e+06
1.73421e+06
1.6792e+06
1.64077e+06
1.6205e+06
1.62014e+06
1.64182e+06
1.68816e+06
1.76261e+06
1.86967e+06
2.01511e+06
2.20626e+06
2.45225e+06
2.7643e+06
3.15578e+06
3.6419e+06
4.23919e+06
4.96473e+06
5.83543e+06
6.86757e+06
8.07694e+06
9.47983e+06
1.10948e+07
1.29457e+07
1.5065e+07
1.74969e+07
2.03025e+07
2.35651e+07
2.73983e+07
3.19574e+07
3.74579e+07
4.4204e+07
5.26435e+07
6.34669e+07
7.77861e+07
9.74968e+07
1.26096e+08
1.70745e+08
2.48326e+08
4.07122e+08
8.16702e+08
1.56047e+09
23846.3
23835.8
23845.2
23835.3
23834.3
23840
23845.8
23833.7
23833.9
23831.9
23834.2
23831.8
23829.6
23852.6
23833.1
23842.7
23837.9
23845.7
23844.9
23853.5
23850
23869.9
23879.7
23880.9
23905.9
24007.2
24288
25674.7
33016.2
63082
133113
222646
312125
419151
552138
715533
911545
1.13864e+06
1.38909e+06
1.65142e+06
1.91279e+06
2.15902e+06
2.37649e+06
2.5537e+06
2.6845e+06
2.76676e+06
2.80229e+06
2.79581e+06
2.75428e+06
2.68571e+06
2.5962e+06
2.49133e+06
2.37544e+06
2.25535e+06
2.13653e+06
2.02355e+06
1.91849e+06
1.82389e+06
1.7418e+06
1.67389e+06
1.62172e+06
1.5869e+06
1.57119e+06
1.57643e+06
1.60484e+06
1.65934e+06
1.74368e+06
1.86276e+06
2.02286e+06
2.23178e+06
2.49895e+06
2.83536e+06
3.25348e+06
3.76679e+06
4.38928e+06
5.13485e+06
6.01695e+06
7.04889e+06
8.24494e+06
9.6214e+06
1.11978e+07
1.29997e+07
1.50612e+07
1.74283e+07
2.0163e+07
2.33501e+07
2.71045e+07
3.15825e+07
3.70007e+07
4.36691e+07
5.20412e+07
6.28073e+07
7.70762e+07
9.67383e+07
1.25286e+08
1.69864e+08
2.47323e+08
4.05842e+08
8.14311e+08
1.55567e+09
23849.8
23832.8
23849.3
23832.1
23832.7
23847.5
23834.4
23829.8
23830
23848.5
23829.3
23829.1
23838.2
23849.9
23830.2
23855.2
23842.5
23859.3
23836.1
23862.1
23841.1
23876.3
23883.9
23876.1
23936.1
24030.3
24365.7
26031.7
34681.1
67618.9
136272
216457
295026
391767
513227
663582
844952
1.05504e+06
1.28687e+06
1.53123e+06
1.77669e+06
2.0105e+06
2.22016e+06
2.39513e+06
2.5289e+06
2.61965e+06
2.66821e+06
2.6786e+06
2.65341e+06
2.59486e+06
2.51107e+06
2.41093e+06
2.30024e+06
2.18517e+06
2.07093e+06
1.9618e+06
1.86061e+06
1.76984e+06
1.69171e+06
1.62815e+06
1.58087e+06
1.55154e+06
1.54189e+06
1.55388e+06
1.5899e+06
1.65296e+06
1.74691e+06
1.87675e+06
2.04881e+06
2.27099e+06
2.55276e+06
2.90508e+06
3.33999e+06
3.87023e+06
4.50871e+06
5.26817e+06
6.16129e+06
7.20098e+06
8.40094e+06
9.77755e+06
1.1352e+07
1.31521e+07
1.52143e+07
1.75873e+07
2.03352e+07
2.35423e+07
2.73209e+07
3.18239e+07
3.72645e+07
4.39466e+07
5.23187e+07
6.30713e+07
7.7315e+07
9.69435e+07
1.25451e+08
1.69986e+08
2.47417e+08
4.05971e+08
8.14812e+08
1.55654e+09
23846.2
23839.6
23840.5
23842.4
23845.4
23850.7
23830.5
23842.4
23843.7
23852.8
23841.9
23846.4
23852.8
23832.6
23848
23851.7
23852.5
23847
23853
23844.5
23858.3
23859.9
23861.4
23898
23943.7
24037.7
24440.9
26407.1
36373.7
71641.5
137946
209445
279041
365904
476335
613950
780106
972393
1.18557e+06
1.41185e+06
1.64139e+06
1.86298e+06
2.06572e+06
2.24033e+06
2.38065e+06
2.48442e+06
2.5465e+06
2.56428e+06
2.54492e+06
2.49389e+06
2.41828e+06
2.32623e+06
2.22431e+06
2.11765e+06
2.01119e+06
1.90906e+06
1.81444e+06
1.73005e+06
1.65825e+06
1.60108e+06
1.56042e+06
1.53801e+06
1.53572e+06
1.55556e+06
1.59999e+06
1.67214e+06
1.776e+06
1.91662e+06
2.10029e+06
2.33463e+06
2.6285e+06
2.99181e+06
3.4354e+06
3.97069e+06
4.60928e+06
5.36267e+06
6.24231e+06
7.26019e+06
8.42986e+06
9.76801e+06
1.12964e+07
1.3044e+07
1.5049e+07
1.73616e+07
2.0048e+07
2.31962e+07
2.6924e+07
3.13917e+07
3.68219e+07
4.35311e+07
5.19831e+07
6.28823e+07
7.73563e+07
9.73293e+07
1.26354e+08
1.71695e+08
2.50494e+08
4.11751e+08
8.27327e+08
1.58256e+09
23847.2
23845.8
23834.2
23848.6
23850.2
23837.9
23839.7
23849.8
23851.4
23837.2
23850.6
23853.1
23842.2
23829.5
23854.1
23833
23837.8
23831.6
23855.7
23840.3
23868.1
23849.2
23866.1
23901.3
23931.1
24051.8
24518.7
26797.1
38059.4
75181.6
138576
202315
264209
342228
442220
567171
717758
892664
1.08773e+06
1.29656e+06
1.51115e+06
1.7225e+06
1.92119e+06
2.0992e+06
2.246e+06
2.35047e+06
2.41438e+06
2.4367e+06
2.424e+06
2.38304e+06
2.31899e+06
2.23853e+06
2.14768e+06
2.0516e+06
1.95512e+06
1.86238e+06
1.77685e+06
1.70148e+06
1.63877e+06
1.59087e+06
1.55978e+06
1.5474e+06
1.55557e+06
1.58647e+06
1.64277e+06
1.72779e+06
1.84567e+06
2.00156e+06
2.20168e+06
2.45342e+06
2.76546e+06
3.1477e+06
3.6109e+06
4.1664e+06
4.8259e+06
5.60129e+06
6.50502e+06
7.55062e+06
8.7536e+06
1.01324e+07
1.171e+07
1.3515e+07
1.55847e+07
1.79676e+07
2.07269e+07
2.39472e+07
2.77432e+07
3.22723e+07
3.7753e+07
4.44956e+07
5.29556e+07
6.38288e+07
7.82313e+07
9.80685e+07
1.26855e+08
1.71779e+08
2.49801e+08
4.0941e+08
8.20769e+08
1.5689e+09
23848.2
23848.9
23833
23847.3
23842.8
23832.3
23847.8
23849
23844.3
23829.5
23847
23841
23829.6
23848
23838.1
23830.7
23838.1
23844.7
23839.6
23858.6
23851.9
23864.4
23884.5
23886.6
23936.6
24077.1
24593.8
27182.5
39640.7
78074
138426
195216
250602
320517
410375
522456
657868
815892
993584
1.18654e+06
1.38885e+06
1.59286e+06
1.78878e+06
1.95972e+06
2.10017e+06
2.20173e+06
2.26738e+06
2.29804e+06
2.29623e+06
2.2679e+06
2.21754e+06
2.15098e+06
2.07375e+06
1.99095e+06
1.90725e+06
1.82682e+06
1.75319e+06
1.68937e+06
1.63792e+06
1.60111e+06
1.58092e+06
1.57916e+06
1.59775e+06
1.63886e+06
1.70505e+06
1.79947e+06
1.92598e+06
2.08939e+06
2.29537e+06
2.55068e+06
2.86317e+06
3.24175e+06
3.69609e+06
4.23636e+06
4.87289e+06
5.61638e+06
6.47827e+06
7.47137e+06
8.61072e+06
9.91485e+06
1.14076e+07
1.31204e+07
1.50949e+07
1.73867e+07
2.00693e+07
2.32399e+07
2.70259e+07
3.15955e+07
3.71758e+07
4.40863e+07
5.27967e+07
6.40246e+07
7.89222e+07
9.94555e+07
1.29251e+08
1.75728e+08
2.56374e+08
4.21207e+08
8.4603e+08
1.62154e+09
23843.4
23841.3
23844.3
23835.3
23833.8
23833.2
23850.2
23834.3
23832.2
23838.7
23833.5
23830.4
23840.2
23854
23830.9
23850.4
23855.4
23857.8
23841.1
23864.1
23846.9
23874.2
23871.4
23892
23948.5
24086.4
24667.7
27544.6
41058.5
80355.2
137733
188617
238499
300980
381043
480949
602213
744871
907614
1.08785e+06
1.28033e+06
1.47196e+06
1.65281e+06
1.81161e+06
1.94416e+06
2.046e+06
2.11592e+06
2.15445e+06
2.16376e+06
2.148e+06
2.1117e+06
2.05988e+06
1.99761e+06
1.92977e+06
1.86076e+06
1.79475e+06
1.73529e+06
1.68532e+06
1.64736e+06
1.62362e+06
1.616e+06
1.62629e+06
1.65637e+06
1.70836e+06
1.78477e+06
1.88861e+06
2.02358e+06
2.19413e+06
2.40564e+06
2.66439e+06
2.97765e+06
3.35362e+06
3.8015e+06
4.33159e+06
4.95553e+06
5.6864e+06
6.53875e+06
7.52933e+06
8.67794e+06
1.00085e+07
1.15502e+07
1.33388e+07
1.54188e+07
1.78455e+07
2.06883e+07
2.40368e+07
2.8009e+07
3.27658e+07
3.85334e+07
4.56367e+07
5.45517e+07
6.60049e+07
8.11611e+07
1.02006e+08
1.32201e+08
1.79235e+08
2.60743e+08
4.27136e+08
8.56359e+08
1.64424e+09
23846.6
23835.1
23847.3
23831.8
23832.5
23845.9
23836.8
23830.3
23833.1
23850.2
23830.3
23835.5
23852.4
23837
23846
23855.1
23844.7
23842.5
23856.7
23845.4
23862.4
23857.8
23867.6
23901.3
23948.3
24105.9
24734
27863.3
42259.2
82117.2
136554
182479
227472
283080
354083
442835
551524
681092
831543
999787
1.17435e+06
1.34773e+06
1.5109e+06
1.65925e+06
1.78595e+06
1.88703e+06
1.96038e+06
2.006e+06
2.0258e+06
2.02272e+06
2.00116e+06
1.96518e+06
1.9193e+06
1.86794e+06
1.81538e+06
1.76546e+06
1.72156e+06
1.68649e+06
1.66272e+06
1.65235e+06
1.65722e+06
1.67911e+06
1.71991e+06
1.78168e+06
1.86684e+06
1.97829e+06
2.11954e+06
2.29482e+06
2.50921e+06
2.76876e+06
3.08057e+06
3.45295e+06
3.89556e+06
4.41953e+06
5.03764e+06
5.76445e+06
6.61668e+06
7.61359e+06
8.7774e+06
1.0134e+07
1.17141e+07
1.35541e+07
1.5699e+07
1.82045e+07
2.11417e+07
2.46032e+07
2.87121e+07
3.36359e+07
3.96073e+07
4.69587e+07
5.61797e+07
6.80202e+07
8.36833e+07
1.05221e+08
1.36418e+08
1.85011e+08
2.69206e+08
4.41033e+08
8.84946e+08
1.7063e+09
23846.1
23832
23848.8
23841.6
23846
23850.1
23831.8
23840.4
23848.1
23848.6
23844.3
23850
23843.4
23829.7
23852.1
23836.5
23834.5
23834.9
23851.1
23840.5
23860.5
23855
23877.6
23894.8
23948.9
24125.2
24791.5
28148.4
43302.4
83508.4
135180
176888
217492
266987
330008
409262
507513
626282
763344
912162
1.06692e+06
1.22231e+06
1.37143e+06
1.50906e+06
1.62937e+06
1.72824e+06
1.80354e+06
1.85512e+06
1.88422e+06
1.89296e+06
1.88479e+06
1.8637e+06
1.83371e+06
1.79891e+06
1.76309e+06
1.72971e+06
1.7019e+06
1.68238e+06
1.67341e+06
1.67698e+06
1.6949e+06
1.72898e+06
1.78108e+06
1.85329e+06
1.94803e+06
2.0682e+06
2.21729e+06
2.39952e+06
2.61999e+06
2.8848e+06
3.20121e+06
3.57775e+06
4.02446e+06
4.55291e+06
5.17648e+06
5.91044e+06
6.77217e+06
7.78154e+06
8.96131e+06
1.03377e+07
1.19418e+07
1.38107e+07
1.59898e+07
1.85362e+07
2.15229e+07
2.50451e+07
2.92297e+07
3.42491e+07
4.03428e+07
4.78526e+07
5.7282e+07
6.94032e+07
8.54557e+07
1.07555e+08
1.39607e+08
1.89613e+08
2.76398e+08
4.53547e+08
9.11259e+08
1.76386e+09
23841.5
23840.5
23837.4
23848.4
23850.2
23842
23835.7
23848.3
23851.2
23833.5
23850.7
23849
23830.6
23845.2
23837.1
23832.9
23851.1
23849.5
23839.5
23860.3
23848.5
23870.4
23873.3
23892
23960.4
24136.6
24843.4
28403.9
44233.1
84716.3
133950
172054
208673
252887
309267
380924
470233
576256
696402
825741
962097
1.10042e+06
1.235e+06
1.36074e+06
1.47269e+06
1.56734e+06
1.6426e+06
1.69802e+06
1.73424e+06
1.75308e+06
1.7572e+06
1.7501e+06
1.73547e+06
1.71689e+06
1.69771e+06
1.681e+06
1.66953e+06
1.66567e+06
1.67152e+06
1.68898e+06
1.71986e+06
1.7659e+06
1.82895e+06
1.9111e+06
2.01472e+06
2.14269e+06
2.29839e+06
2.48595e+06
2.71031e+06
2.97738e+06
3.29427e+06
3.66938e+06
4.11267e+06
4.63587e+06
5.25267e+06
5.97897e+06
6.83326e+06
7.83689e+06
9.01466e+06
1.03955e+07
1.20136e+07
1.39098e+07
1.6134e+07
1.87481e+07
2.18307e+07
2.54833e+07
2.98401e+07
3.50825e+07
4.14617e+07
4.93348e+07
5.92263e+07
7.19394e+07
8.87626e+07
1.1189e+08
1.45366e+08
1.9742e+08
2.87318e+08
4.70129e+08
9.42464e+08
1.82771e+09
23847.7
23846.2
23833.9
23847.2
23839.7
23833.3
23845.8
23849.4
23836.6
23830.6
23842.1
23833.2
23838.2
23852.4
23833.9
23850.2
23850.6
23855.7
23850.7
23858.8
23857.8
23863.1
23873.2
23903.6
23963.6
24148.7
24887.2
28629.7
45080.2
85895.1
133161
168237
201283
241184
292320
357036
435579
527226
629616
741594
860177
981463
1.10082e+06
1.21381e+06
1.31638e+06
1.40543e+06
1.47899e+06
1.53633e+06
1.57791e+06
1.60532e+06
1.6207e+06
1.62694e+06
1.627e+06
1.62412e+06
1.62108e+06
1.62053e+06
1.62499e+06
1.63651e+06
1.65707e+06
1.6885e+06
1.73255e+06
1.79102e+06
1.86585e+06
1.95922e+06
2.0737e+06
2.21231e+06
2.37868e+06
2.57719e+06
2.81312e+06
3.0928e+06
3.42381e+06
3.81515e+06
4.27743e+06
4.8231e+06
5.46662e+06
6.22475e+06
7.11689e+06
8.16567e+06
9.39756e+06
1.08433e+07
1.2539e+07
1.45272e+07
1.68595e+07
1.95992e+07
2.28263e+07
2.66439e+07
3.1188e+07
3.66429e+07
4.32637e+07
5.14139e+07
6.16286e+07
7.47261e+07
9.20182e+07
1.15737e+08
1.49981e+08
2.03105e+08
2.94785e+08
4.81279e+08
9.63786e+08
1.87282e+09
23852
23849
23833.1
23835.5
23833.6
23831.3
23849
23836.4
23830.9
23844.9
23832.9
23830.8
23850.6
23838.2
23847.6
23851
23835.6
23851.2
23855.6
23843.3
23862.9
23857.9
23873.7
23901.6
23963.8
24155.7
24918
28796.8
45742.3
86955.3
133065
165964
196400
233369
280359
338159
407613
487452
577474
676293
781525
889779
997318
1.10037e+06
1.19544e+06
1.27976e+06
1.35147e+06
1.40981e+06
1.45514e+06
1.4887e+06
1.51233e+06
1.52842e+06
1.53958e+06
1.5484e+06
1.55739e+06
1.56892e+06
1.58514e+06
1.60801e+06
1.63939e+06
1.68106e+06
1.73474e+06
1.80228e+06
1.88565e+06
1.98711e+06
2.10926e+06
2.25521e+06
2.42866e+06
2.63406e+06
2.87671e+06
3.16292e+06
3.5002e+06
3.89748e+06
4.36531e+06
4.91609e+06
5.56437e+06
6.32708e+06
7.22381e+06
8.27697e+06
9.51222e+06
1.09593e+07
1.26534e+07
1.46364e+07
1.69596e+07
1.9687e+07
2.29001e+07
2.67051e+07
3.12431e+07
3.67057e+07
4.33591e+07
5.15812e+07
6.19271e+07
7.52398e+07
9.28615e+07
1.17073e+08
1.52077e+08
2.06441e+08
3.00301e+08
4.91086e+08
9.84437e+08
1.91823e+09
23849.5
23839.2
23844.4
23831.9
23832.2
23844
23847.7
23831.4
23839
23851.4
23832.6
23846
23846.4
23830
23851.4
23835.2
23840.7
23837.2
23842.5
23847.7
23852.4
23863.9
23872.1
23896.8
23961.4
24161.2
24942.5
28936.5
46330.4
88052.7
133523
164926
193159
227702
270140
321689
382812
453454
533091
620618
713998
810621
907413
1.00109e+06
1.08861e+06
1.16761e+06
1.23659e+06
1.29488e+06
1.34268e+06
1.38088e+06
1.41113e+06
1.43531e+06
1.45555e+06
1.4741e+06
1.4932e+06
1.51493e+06
1.54127e+06
1.57406e+06
1.61512e+06
1.66614e+06
1.72887e+06
1.80516e+06
1.89703e+06
2.00683e+06
2.13723e+06
2.29138e+06
2.473e+06
2.68654e+06
2.93731e+06
3.23168e+06
3.57728e+06
3.98316e+06
4.46015e+06
5.02109e+06
5.68113e+06
6.45806e+06
7.37269e+06
8.44916e+06
9.71548e+06
1.12043e+07
1.2954e+07
1.50101e+07
1.74273e+07
2.02729e+07
2.36312e+07
2.76099e+07
3.23501e+07
3.80411e+07
4.49445e+07
5.3432e+07
6.40518e+07
7.76486e+07
9.55838e+07
1.20179e+08
1.55704e+08
2.10856e+08
3.0604e+08
4.9944e+08
9.99751e+08
1.94971e+09
23840.9
23834
23847.4
23840.8
23845.1
23848.7
23835.2
23834.3
23849.1
23845.1
23846.7
23852.3
23832.6
23841.6
23837.6
23834.4
23853.4
23838.6
23840.2
23862.2
23850.5
23864.7
23876.4
23902.8
23967.9
24165.6
24964.4
29051.7
46835.4
89126.2
134390
164926
191168
222923
261053
306876
361161
423873
494531
572148
655087
741182
827943
912751
993158
1.06717e+06
1.13351e+06
1.1915e+06
1.24128e+06
1.28348e+06
1.31931e+06
1.35041e+06
1.37858e+06
1.40576e+06
1.43393e+06
1.46499e+06
1.50069e+06
1.5428e+06
1.59297e+06
1.65289e+06
1.7243e+06
1.80912e+06
1.90947e+06
2.02776e+06
2.16679e+06
2.32984e+06
2.52078e+06
2.74423e+06
3.00571e+06
3.31181e+06
3.67038e+06
4.09079e+06
4.58413e+06
5.16353e+06
5.84441e+06
6.6448e+06
7.58563e+06
8.69113e+06
9.98932e+06
1.15126e+07
1.32987e+07
1.53923e+07
1.78469e+07
2.07285e+07
2.41196e+07
2.81267e+07
3.28906e+07
3.86016e+07
4.55243e+07
5.40363e+07
6.46953e+07
7.83557e+07
9.6389e+07
1.21132e+08
1.56885e+08
2.12412e+08
3.08268e+08
5.03057e+08
1.00729e+09
1.96754e+09
23838.5
23832.3
23848.7
23848
23849.8
23847.1
23831.8
23847.2
23850.6
23832.5
23851.2
23841.3
23831.4
23853
23831.8
23851.1
23845.2
23853.7
23855.5
23855.1
23861.5
23861.4
23876.3
23904.2
23971
24166.6
24982.1
29143.5
47261.1
90119.3
135425
165230
190011
218653
252922
293941
342424
398321
461307
530505
604576
681793
760248
837929
912625
982656
1.04678e+06
1.1043e+06
1.15511e+06
1.19997e+06
1.23994e+06
1.27635e+06
1.31083e+06
1.345e+06
1.38055e+06
1.4191e+06
1.46229e+06
1.5118e+06
1.56926e+06
1.63634e+06
1.71481e+06
1.80657e+06
1.91378e+06
2.03892e+06
2.18484e+06
2.3549e+06
2.55302e+06
2.78385e+06
3.05294e+06
3.36684e+06
3.73335e+06
4.16168e+06
4.66272e+06
5.24927e+06
5.93628e+06
6.74116e+06
7.68403e+06
8.78816e+06
1.00804e+07
1.15922e+07
1.33601e+07
1.54281e+07
1.78493e+07
2.069e+07
2.40342e+07
2.79913e+07
3.27065e+07
3.83773e+07
4.52781e+07
5.37999e+07
6.45181e+07
7.83083e+07
9.65654e+07
1.21655e+08
1.57934e+08
2.14273e+08
3.11474e+08
5.08828e+08
1.01937e+09
1.99574e+09
23838.2
23843.9
23837
23849.3
23845.1
23834
23834.2
23850.3
23835.7
23829.5
23839.9
23831.1
23847
23846.3
23843.9
23854.7
23835.7
23853.4
23856.6
23841.7
23859.8
23861.6
23869.9
23899
23968.2
24169
24997.8
29220.1
47627.4
91017.6
136433
165622
189030
215107
246086
283017
326558
376770
433290
495534
562447
632626
704369
775750
845195
911132
972396
1.02856e+06
1.07961e+06
1.12598e+06
1.16868e+06
1.20888e+06
1.24791e+06
1.28719e+06
1.32822e+06
1.3725e+06
1.42162e+06
1.47713e+06
1.54059e+06
1.61364e+06
1.69803e+06
1.79569e+06
1.90879e+06
2.0398e+06
2.19157e+06
2.36742e+06
2.57127e+06
2.80775e+06
3.0823e+06
3.40139e+06
3.77265e+06
4.20512e+06
4.70945e+06
5.2982e+06
5.98607e+06
6.79029e+06
7.73102e+06
8.83183e+06
1.01204e+07
1.16293e+07
1.33976e+07
1.54719e+07
1.79095e+07
2.0781e+07
2.41751e+07
2.82059e+07
3.30224e+07
3.88243e+07
4.58857e+07
5.45953e+07
6.55228e+07
7.95398e+07
9.80509e+07
1.23452e+08
1.60143e+08
2.17082e+08
3.1526e+08
5.14481e+08
1.02962e+09
2.01631e+09
23848.2
23848.5
23833.5
23836.6
23832.3
23830.2
23846.1
23844.8
23830.1
23845.1
23831.7
23831.7
23853.2
23831.6
23852.3
23836.7
23845.3
23837.9
23840.3
23850.8
23849.4
23861.4
23877.1
23903.1
23969
24176.9
25009.7
29281.3
47918.5
91738.6
137242
165918
188006
212095
240425
274037
313480
358898
410077
466487
527340
591399
657140
722917
787261
848989
907270
961754
1.01251e+06
1.05998e+06
1.1049e+06
1.14825e+06
1.19116e+06
1.23489e+06
1.28076e+06
1.33023e+06
1.38477e+06
1.44581e+06
1.51487e+06
1.59356e+06
1.68363e+06
1.78701e+06
1.90588e+06
2.04272e+06
2.20041e+06
2.38238e+06
2.5926e+06
2.83585e+06
3.11777e+06
3.44513e+06
3.82595e+06
4.26969e+06
4.78747e+06
5.39237e+06
6.09978e+06
6.92785e+06
7.89793e+06
9.03503e+06
1.03683e+07
1.19319e+07
1.37655e+07
1.59158e+07
1.84384e+07
2.14001e+07
2.48849e+07
2.90029e+07
3.39007e+07
3.97764e+07
4.69037e+07
5.56726e+07
6.66564e+07
8.0732e+07
9.93075e+07
1.24781e+08
1.61561e+08
2.18633e+08
3.17051e+08
5.16791e+08
1.03363e+09
2.02412e+09
23850.4
23843.9
23832.5
23832.6
23834.6
23840.8
23850
23834.6
23837.2
23851.8
23833
23848.5
23843.9
23831.3
23843.3
23829.6
23851.8
23837.9
23839
23863.6
23853.7
23859
23883.9
23909.7
23973.6
24179.6
25019.7
29324.1
48114.9
92221.8
137764
166022
186931
209410
235591
266492
302597
344053
390735
442107
497580
556140
616423
677143
737099
795357
851273
904555
955238
1.00365e+06
1.05041e+06
1.09633e+06
1.14237e+06
1.18962e+06
1.23938e+06
1.29294e+06
1.35162e+06
1.41676e+06
1.48986e+06
1.57245e+06
1.66622e+06
1.77306e+06
1.89515e+06
2.03497e+06
2.19545e+06
2.37998e+06
2.59259e+06
2.838e+06
3.12183e+06
3.45069e+06
3.83243e+06
4.2764e+06
4.79367e+06
5.39734e+06
6.10278e+06
6.92779e+06
7.89302e+06
9.02248e+06
1.03441e+07
1.18907e+07
1.37005e+07
1.58191e+07
1.83021e+07
2.12186e+07
2.46567e+07
2.87289e+07
3.35834e+07
3.94219e+07
4.65256e+07
5.52966e+07
6.63271e+07
8.05205e+07
9.9317e+07
1.2516e+08
1.62541e+08
2.20614e+08
3.20825e+08
5.24253e+08
1.05075e+09
2.06262e+09
23852.8
23834
23844.5
23836.3
23848.8
23847.7
23846.9
23829.7
23850.1
23847
23847.9
23853.5
23831.4
23849.3
23832.2
23844.6
23840
23854.2
23856.8
23852.5
23862.6
23866.8
23873.9
23900.2
23972.2
24178.5
25028.2
29358.5
48267.8
92582.8
138127
165982
186001
207087
231536
260262
293689
331975
374994
422319
473388
527337
583089
639652
696088
751649
805797
858235
908915
958063
1.00617e+06
1.05398e+06
1.10239e+06
1.15254e+06
1.20557e+06
1.26266e+06
1.32504e+06
1.394e+06
1.47091e+06
1.55731e+06
1.65487e+06
1.76549e+06
1.89136e+06
2.03495e+06
2.19917e+06
2.38743e+06
2.60374e+06
2.85283e+06
3.14031e+06
3.47277e+06
3.85803e+06
4.30536e+06
4.8257e+06
5.43197e+06
6.13936e+06
6.96568e+06
7.93175e+06
9.06186e+06
1.03844e+07
1.19324e+07
1.37451e+07
1.58696e+07
1.83636e+07
2.12985e+07
2.47641e+07
2.88763e+07
3.37879e+07
3.97047e+07
4.69131e+07
5.58215e+07
6.70273e+07
8.14333e+07
1.00486e+08
1.26655e+08
1.64473e+08
2.23163e+08
3.24316e+08
5.29425e+08
1.05986e+09
2.08063e+09
23843.7
23832
23847.7
23846.9
23847
23850.7
23834.2
23837.8
23850.2
23832.7
23852.2
23840.2
23828.5
23854.5
23835.3
23856.1
23836.5
23853.8
23859.1
23839.7
23856.5
23866.8
23868.6
23896.6
23970.1
24180
25036.3
29385
48370.7
92803.5
138319
165810
185211
205131
228164
255137
286435
322179
362255
406333
453894
504172
556341
609589
663137
716338
768711
820000
870214
919615
968645
1.01797e+06
1.06854e+06
1.12131e+06
1.17729e+06
1.23759e+06
1.30339e+06
1.37594e+06
1.45663e+06
1.54698e+06
1.64868e+06
1.76367e+06
1.89416e+06
2.04274e+06
2.21239e+06
2.40663e+06
2.62961e+06
2.88622e+06
3.18229e+06
3.52471e+06
3.92168e+06
4.3829e+06
4.91985e+06
5.54608e+06
6.27744e+06
7.13251e+06
8.13292e+06
9.30395e+06
1.06752e+07
1.22816e+07
1.41642e+07
1.63726e+07
1.89666e+07
2.202e+07
2.56244e+07
2.9895e+07
3.49798e+07
4.1076e+07
4.84589e+07
5.75209e+07
6.88393e+07
8.33057e+07
1.02357e+08
1.28435e+08
1.66028e+08
2.24268e+08
3.2455e+08
5.278e+08
1.05352e+09
2.06572e+09
23840.3
23843.6
23848.4
23850.8
23832.5
23837.1
23829.8
23848.2
23833.4
23828.1
23838.5
23830.7
23846.5
23838.5
23849.9
23846.4
23851.2
23835.6
23841
23851.7
23848
23855.7
23883.1
23912.5
23976.3
24187.5
25042.7
29401.7
48414.6
92855.5
138246
165451
184383
203416
225273
250841
280388
314060
351720
393095
437752
485005
534193
584647
635730
686914
737822
788279
838343
888194
938340
989419
1.04214e+06
1.09737e+06
1.15602e+06
1.21911e+06
1.28771e+06
1.36303e+06
1.44641e+06
1.53938e+06
1.64368e+06
1.76121e+06
1.89419e+06
2.04516e+06
2.2171e+06
2.4135e+06
2.63848e+06
2.89695e+06
3.19468e+06
3.53853e+06
3.93664e+06
4.39864e+06
4.9359e+06
5.56177e+06
6.29192e+06
7.14465e+06
8.1413e+06
9.30672e+06
1.06698e+07
1.22642e+07
1.413e+07
1.63144e+07
1.88744e+07
2.18793e+07
2.54171e+07
2.96022e+07
3.45878e+07
4.05823e+07
4.78704e+07
5.68557e+07
6.81345e+07
8.26193e+07
1.0177e+08
1.2807e+08
1.66088e+08
2.25126e+08
3.26976e+08
5.33703e+08
1.069e+09
2.1026e+09
23838
23847.5
23836.1
23841
23832.5
23831.2
23836.9
23852.1
23829.6
23842.4
23830.6
23829.7
23853.5
23829.5
23855.1
23830.9
23851.6
23836.5
23835.1
23864.8
23856.2
23860.3
23887.1
23913.5
23979.3
24190.7
25050.3
29419.3
48448.4
92843.4
138095
165118
183697
202026
222896
247284
275461
307473
343231
382488
424837
469741
516654
565028
614349
664174
714198
764294
814478
865010
916275
968795
1.02323e+06
1.08032e+06
1.14094e+06
1.20604e+06
1.27669e+06
1.3541e+06
1.43959e+06
1.53468e+06
1.64108e+06
1.76073e+06
1.89587e+06
2.04909e+06
2.22342e+06
2.4224e+06
2.65018e+06
2.9117e+06
3.21277e+06
3.56029e+06
3.96238e+06
4.42866e+06
4.9704e+06
5.60086e+06
6.33555e+06
7.19254e+06
8.19288e+06
9.36099e+06
1.07252e+07
1.23184e+07
1.41793e+07
1.63544e+07
1.89005e+07
2.18889e+07
2.54107e+07
2.95836e+07
3.45643e+07
4.05639e+07
4.78735e+07
5.69048e+07
6.82611e+07
8.28608e+07
1.02174e+08
1.28703e+08
1.67045e+08
2.26555e+08
3.29128e+08
5.37094e+08
1.07513e+09
2.11607e+09
23839
23846.4
23832.3
23833.5
23847.6
23834.4
23848.4
23843.4
23845.7
23851.9
23832
23848.4
23848.2
23835.8
23843.1
23834.9
23834.5
23857.2
23845.3
23854
23864.8
23872.6
23870.6
23895.1
23973.3
24190.8
25056.7
29437.9
48484.9
92812.3
137936
164844
183174
200974
221083
244475
271464
302150
336409
374003
414581
457699
502911
549768
597846
646785
696306
746229
796552
847453
899284
952540
1.00785e+06
1.06592e+06
1.12761e+06
1.19389e+06
1.26582e+06
1.34462e+06
1.43164e+06
1.52834e+06
1.63642e+06
1.75779e+06
1.8947e+06
2.04972e+06
2.22587e+06
2.42669e+06
2.65634e+06
2.91973e+06
3.22266e+06
3.57198e+06
3.97579e+06
4.44366e+06
4.98682e+06
5.61848e+06
6.35415e+06
7.21194e+06
8.21304e+06
9.38213e+06
1.07481e+07
1.23448e+07
1.42124e+07
1.63991e+07
1.89636e+07
2.19787e+07
2.55362e+07
2.97537e+07
3.47859e+07
4.08406e+07
4.82057e+07
5.72927e+07
6.87093e+07
8.33891e+07
1.0283e+08
1.29574e+08
1.68266e+08
2.28338e+08
3.31877e+08
5.41757e+08
1.08452e+09
2.13593e+09
23849.9
23835.9
23834.3
23831.8
23850.9
23847.9
23852.1
23833.2
23852.9
23851.1
23848.2
23854.3
23832.4
23850.2
23831.9
23853.7
23835.5
23858.1
23857.4
23839.2
23851.6
23863.5
23867.8
23897.8
23970.6
24185.2
25066
29459.5
48533.5
92832.6
137846
164722
182861
200285
219818
242449
268509
298103
331140
367414
406628
448430
492434
538237
585440
633682
682676
732266
782458
833435
885541
939258
995191
1.05407e+06
1.11672e+06
1.18412e+06
1.25731e+06
1.33746e+06
1.42592e+06
1.52418e+06
1.6339e+06
1.75703e+06
1.89574e+06
2.05264e+06
2.23076e+06
2.43364e+06
2.66547e+06
2.93119e+06
3.23662e+06
3.58865e+06
3.99536e+06
4.46632e+06
5.01273e+06
5.64781e+06
6.38719e+06
7.24916e+06
8.25519e+06
9.43036e+06
1.08041e+07
1.24111e+07
1.42924e+07
1.64972e+07
1.90852e+07
2.21301e+07
2.57248e+07
2.99886e+07
3.50786e+07
4.12061e+07
4.86631e+07
5.78646e+07
6.94209e+07
8.42718e+07
1.03936e+08
1.31001e+08
1.70204e+08
2.3111e+08
3.36027e+08
5.48449e+08
1.09707e+09
2.15898e+09
23853.5
23832.1
23845.6
23845.4
23836.9
23851.3
23839.5
23828.4
23839.4
23833.6
23853.7
23839.8
23826.6
23855.5
23827.7
23852.9
23855
23834.5
23861.8
23844.9
23843.1
23851.9
23886.9
23918.9
23982.3
24196.3
25072.1
29482.7
48590.3
92874.2
137849
164745
182846
199990
219075
241127
266491
295272
327394
362681
400887
441709
484795
529758
576210
623801
672272
721503
771528
822552
874931
929156
985856
1.04575e+06
1.10969e+06
1.17858e+06
1.25347e+06
1.33555e+06
1.42616e+06
1.52679e+06
1.63916e+06
1.76518e+06
1.90712e+06
2.06764e+06
2.24985e+06
2.45736e+06
2.69447e+06
2.96619e+06
3.27848e+06
3.63839e+06
4.05426e+06
4.53601e+06
5.09545e+06
5.74654e+06
6.50577e+06
7.39266e+06
8.43026e+06
9.64584e+06
1.10717e+07
1.27459e+07
1.47139e+07
1.70298e+07
1.97582e+07
2.29766e+07
2.67787e+07
3.1279e+07
3.66267e+07
4.30298e+07
5.07836e+07
6.03042e+07
7.21967e+07
8.73743e+07
1.07286e+08
1.3439e+08
1.7324e+08
2.33178e+08
3.36144e+08
5.44603e+08
1.08431e+09
2.12957e+09
23846.2
23837
23848.8
23849.8
23831.7
23836.3
23832.1
23839.8
23829.5
23829.1
23841.8
23831.3
23842.9
23838.7
23846.3
23832.1
23854.5
23830.6
23843.7
23861.2
23861.5
23864.3
23891
23916.7
23986.7
24207.7
25077.8
29508.7
48654.1
92929.5
137888
164845
182925
199997
218780
240330
265114
293227
324603
359083
396454
436434
478695
522859
568560
615479
663402
712252
762104
813187
865869
920641
978103
1.03895e+06
1.10396e+06
1.17403e+06
1.25017e+06
1.33348e+06
1.42522e+06
1.52681e+06
1.6399e+06
1.76644e+06
1.90862e+06
2.06899e+06
2.25049e+06
2.4566e+06
2.69135e+06
2.95955e+06
3.2669e+06
3.62021e+06
4.02771e+06
4.49928e+06
5.04665e+06
5.68371e+06
6.42671e+06
7.29451e+06
8.30924e+06
9.49681e+06
1.08875e+07
1.25165e+07
1.44252e+07
1.66624e+07
1.92871e+07
2.23724e+07
2.60121e+07
3.033e+07
3.54897e+07
4.17054e+07
4.92656e+07
5.85825e+07
7.02659e+07
8.52547e+07
1.05061e+08
1.32268e+08
1.71643e+08
2.32914e+08
3.38865e+08
5.5433e+08
1.11332e+09
2.20312e+09
23837.3
23846
23845.1
23846.4
23834.8
23829.3
23829.6
23848.9
23837.4
23833.8
23830
23826.4
23854.6
23829.9
23855.8
23830.8
23832.6
23854.2
23833.2
23865.1
23871.9
23876.3
23869.6
23893.2
23981
24212.3
25086.9
29544.8
48763
93089.7
138061
165075
183170
200205
218893
240251
264643
292247
323072
356960
393717
433071
474706
518266
563414
609878
657497
706242
756222
807674
860953
916517
974918
1.03681e+06
1.10294e+06
1.17416e+06
1.25146e+06
1.33597e+06
1.42895e+06
1.53185e+06
1.64635e+06
1.77441e+06
1.91824e+06
2.08043e+06
2.264e+06
2.47249e+06
2.71012e+06
2.98186e+06
3.29362e+06
3.65239e+06
4.06644e+06
4.54558e+06
5.10151e+06
5.74799e+06
6.50089e+06
7.37859e+06
8.40242e+06
9.59706e+06
1.09914e+07
1.26191e+07
1.45199e+07
1.67421e+07
1.93455e+07
2.24056e+07
2.60188e+07
3.0311e+07
3.54485e+07
4.16538e+07
4.9233e+07
5.86182e+07
7.04427e+07
8.56697e+07
1.05838e+08
1.33552e+08
1.73579e+08
2.35568e+08
3.42048e+08
5.57035e+08
1.11083e+09
2.18741e+09
23843.8
23848.6
23834.8
23835.1
23846.3
23842.3
23845.8
23853.2
23850.5
23848.1
23830.5
23842.8
23854.5
23827.6
23852.3
23853.2
23830.1
23862.1
23838.3
23848.7
23851.4
23859.7
23862.9
23893.8
23970.9
24198.1
25089.3
29586.6
48894.4
93298.4
138299
165390
183527
200552
219183
240441
264694
292042
322457
355895
392176
431038
472179
515271
560017
606191
653670
702450
752648
804484
858282
914459
973538
1.03614e+06
1.10301e+06
1.175e+06
1.25314e+06
1.33857e+06
1.43258e+06
1.53666e+06
1.65252e+06
1.78212e+06
1.92776e+06
2.09206e+06
2.27809e+06
2.48956e+06
2.73072e+06
3.00658e+06
3.32306e+06
3.68708e+06
4.10677e+06
4.59167e+06
5.153e+06
5.80417e+06
6.5615e+06
7.44448e+06
8.47623e+06
9.68377e+06
1.10985e+07
1.27576e+07
1.47062e+07
1.69983e+07
1.96993e+07
2.28896e+07
2.66684e+07
3.1159e+07
3.65156e+07
4.29401e+07
5.07167e+07
6.02589e+07
7.21772e+07
8.74026e+07
1.07427e+08
1.3479e+08
1.74173e+08
2.35114e+08
3.39968e+08
5.5242e+08
1.10261e+09
2.17248e+09
23852.9
23844
23831.3
23830.8
23851.3
23851.7
23852.7
23842.8
23853
23853.1
23849.5
23852.2
23833.4
23848.7
23831.7
23856.5
23852.8
23843.9
23859.7
23840.7
23837.3
23847.3
23886
23920.8
23980.8
24191.9
25101.6
29631.9
49042.5
93544.8
138586
165762
183968
201004
219603
240792
264941
292152
322365
355448
391289
429702
470396
513071
557463
603379
650720
699484
749771
801777
855796
912235
971587
1.03448e+06
1.10168e+06
1.17403e+06
1.25254e+06
1.33832e+06
1.43268e+06
1.53708e+06
1.65323e+06
1.78303e+06
1.92867e+06
2.09273e+06
2.27821e+06
2.48865e+06
2.72818e+06
3.00171e+06
3.31501e+06
3.67486e+06
4.08926e+06
4.5678e+06
5.12188e+06
5.76518e+06
6.51387e+06
7.38722e+06
8.40803e+06
9.60267e+06
1.1001e+07
1.26367e+07
1.45493e+07
1.67859e+07
1.94029e+07
2.2468e+07
2.60659e+07
3.03074e+07
3.53447e+07
4.13906e+07
4.87421e+07
5.78248e+07
6.92773e+07
8.40972e+07
1.03901e+08
1.31436e+08
1.7168e+08
2.3456e+08
3.43167e+08
5.63197e+08
1.1312e+09
2.2336e+09
23845.2
23835.9
23837.1
23840.1
23843.4
23839.2
23842.1
23832.9
23835.6
23850.5
23854.6
23856.3
23826.8
23856.8
23825.6
23832.5
23857.4
23832.4
23861.8
23836.6
23854.8
23863.9
23896.1
23925.7
23992.4
24220.6
25121.3
29681.7
49220.5
93853.1
138950
166227
184515
201570
220160
241310
265393
292504
322587
355516
391121
429214
469585
511968
556127
601893
649178
697975
748368
800535
854763
911450
971109
1.03438e+06
1.10203e+06
1.17495e+06
1.25417e+06
1.34083e+06
1.43622e+06
1.54182e+06
1.65932e+06
1.7907e+06
1.9382e+06
2.10445e+06
2.29248e+06
2.50591e+06
2.74902e+06
3.02688e+06
3.34554e+06
3.71225e+06
4.13574e+06
4.62643e+06
5.19678e+06
5.86159e+06
6.63832e+06
7.54762e+06
8.61381e+06
9.86644e+06
1.13417e+07
1.30831e+07
1.51415e+07
1.75754e+07
2.04535e+07
2.3857e+07
2.78804e+07
3.264e+07
3.82877e+07
4.50308e+07
5.3165e+07
6.3112e+07
7.54745e+07
9.11549e+07
1.11581e+08
1.39177e+08
1.78465e+08
2.38801e+08
3.42174e+08
5.51147e+08
1.09234e+09
2.14483e+09
23838.6
23831.9
23845.9
23848.9
23832.5
23830.9
23829.8
23827.5
23828.3
23833.5
23843.7
23839.4
23838.5
23850.9
23841.2
23825.9
23846.3
23830
23837.8
23854.9
23875.3
23879.3
23875
23897.5
23992.5
24236.1
25135.4
29739.4
49423.9
94218.1
139382
166754
185132
202227
220813
241934
265960
292987
322954
355739
391174
429042
469116
511199
555095
600657
647799
696509
746866
799045
853336
910143
969989
1.03351e+06
1.10145e+06
1.17469e+06
1.25418e+06
1.34105e+06
1.43656e+06
1.54214e+06
1.65939e+06
1.79019e+06
1.93672e+06
2.10153e+06
2.28756e+06
2.49827e+06
2.73779e+06
3.01096e+06
3.32365e+06
3.68287e+06
4.09703e+06
4.57589e+06
5.13097e+06
5.77597e+06
6.52719e+06
7.40357e+06
8.42699e+06
9.62241e+06
1.10183e+07
1.26467e+07
1.45445e+07
1.67539e+07
1.93246e+07
2.23185e+07
2.58195e+07
2.99431e+07
3.48502e+07
4.07682e+07
4.80242e+07
5.70924e+07
6.86592e+07
8.37324e+07
1.03904e+08
1.31899e+08
1.72739e+08
2.36656e+08
3.47573e+08
5.7345e+08
1.15908e+09
2.30413e+09
23847.1
23838.1
23849.2
23851.1
23829.8
23843.2
23835.2
23840
23833.2
23830.4
23832.5
23831.8
23854
23831.2
23854.1
23848
23836.8
23851.6
23830.8
23865.3
23863.8
23867.1
23861.4
23888.5
23991.9
24234
25145.7
29808.8
49676.4
94694.9
139945
167398
185862
203010
221613
242731
266737
293723
323622
356324
391665
429448
469446
511462
555316
600873
648059
696874
747406
799851
854510
911799
972246
1.03648e+06
1.10526e+06
1.17944e+06
1.25999e+06
1.34802e+06
1.44478e+06
1.55175e+06
1.67065e+06
1.80345e+06
1.95246e+06
2.12037e+06
2.31033e+06
2.52609e+06
2.77209e+06
3.05367e+06
3.37715e+06
3.75004e+06
4.18119e+06
4.681e+06
5.26163e+06
5.93706e+06
6.72338e+06
7.63953e+06
8.70766e+06
9.95371e+06
1.14083e+07
1.3108e+07
1.50972e+07
1.74304e+07
2.01754e+07
2.34178e+07
2.72667e+07
3.18603e+07
3.73735e+07
4.40263e+07
5.20984e+07
6.19741e+07
7.42435e+07
8.98516e+07
1.10327e+08
1.3824e+08
1.78291e+08
2.39999e+08
3.456e+08
5.58225e+08
1.10541e+09
2.17199e+09
23852.1
23846.6
23844.2
23836.8
23843
23851.2
23848.5
23850.8
23850.9
23828.9
23826
23825
23854.6
23825.9
23858.4
23859
23826.6
23865
23847.8
23852.3
23836.6
23846.1
23872.3
23909
23977.1
24203.7
25147.8
29884.2
49951.2
95215.6
140551
168081
186648
203844
222463
243575
267557
294496
324326
356938
392175
429855
469764
511704
555505
601038
648229
697080
747683
800224
855000
912417
972997
1.03736e+06
1.10626e+06
1.18053e+06
1.26116e+06
1.34925e+06
1.44603e+06
1.55296e+06
1.67176e+06
1.80436e+06
1.95304e+06
2.12047e+06
2.30978e+06
2.52466e+06
2.76946e+06
3.04928e+06
3.37014e+06
3.73911e+06
4.16451e+06
4.6561e+06
5.22536e+06
5.88562e+06
6.65249e+06
7.54401e+06
8.58123e+06
9.78855e+06
1.11941e+07
1.28307e+07
1.4737e+07
1.69594e+07
1.95544e+07
2.25922e+07
2.61619e+07
3.03796e+07
3.54005e+07
4.14386e+07
4.87973e+07
5.79164e+07
6.94552e+07
8.44469e+07
1.04552e+08
1.32521e+08
1.73312e+08
2.37017e+08
3.47245e+08
5.71143e+08
1.15056e+09
2.28009e+09
23851.2
23848.8
23834.8
23832.3
23847.9
23850.3
23852.8
23854.2
23854.8
23846.6
23838.4
23841.6
23834
23845.3
23836
23849.4
23841.6
23858.4
23861.4
23836.2
23838
23846
23889.8
23923.1
23974.9
24202.9
25156.8
29968.2
50265.8
95816.3
141243
168850
187499
204745
223386
244500
268468
295374
325149
357690
392855
430464
470318
512222
556009
601548
648759
697640
748283
800890
855759
913305
974048
1.03859e+06
1.1077e+06
1.18227e+06
1.26327e+06
1.35185e+06
1.44929e+06
1.55705e+06
1.67682e+06
1.81059e+06
1.96066e+06
2.12974e+06
2.32101e+06
2.53822e+06
2.78576e+06
3.06882e+06
3.39349e+06
3.76694e+06
4.19768e+06
4.69579e+06
5.27308e+06
5.94348e+06
6.7234e+06
7.6322e+06
8.69269e+06
9.93179e+06
1.13812e+07
1.30786e+07
1.50698e+07
1.7411e+07
2.01715e+07
2.34375e+07
2.73169e+07
3.19454e+07
3.74963e+07
4.41947e+07
5.23426e+07
6.23661e+07
7.48822e+07
9.08049e+07
1.11589e+08
1.39779e+08
1.80115e+08
2.42197e+08
3.48448e+08
5.62629e+08
1.11509e+09
2.19058e+09
23839.2
23844.7
23831.4
23834.8
23851.6
23834.7
23841.3
23840
23842.8
23854.6
23852.8
23854.7
23826.7
23854.9
23824.1
23830.2
23859.3
23829.5
23854.3
23845.1
23871.8
23876.6
23893.8
23918.8
23990.8
24238.8
25202
30058
50616.5
96481
141999
169648
188394
205682
224341
245450
269400
296264
325975
358437
393506
431009
470767
512583
556292
601773
648922
697739
748298
800804
855572
913029
973691
1.03819e+06
1.10724e+06
1.18168e+06
1.26248e+06
1.35077e+06
1.44781e+06
1.55501e+06
1.67403e+06
1.80679e+06
1.95553e+06
2.12282e+06
2.31171e+06
2.52574e+06
2.76909e+06
3.0467e+06
3.36439e+06
3.72903e+06
4.14877e+06
4.6333e+06
5.19402e+06
5.84437e+06
6.60021e+06
7.48011e+06
8.50561e+06
9.70221e+06
1.10992e+07
1.27317e+07
1.46422e+07
1.68805e+07
1.95069e+07
2.25951e+07
2.62383e+07
3.05571e+07
3.57117e+07
4.19203e+07
4.9485e+07
5.88294e+07
7.05817e+07
8.57372e+07
1.05923e+08
1.33881e+08
1.74624e+08
2.38391e+08
3.49166e+08
5.75189e+08
1.16252e+09
2.31217e+09
23836.8
23836.2
23835.3
23847.1
23838.5
23832.7
23833.4
23833.1
23832.4
23851.2
23855.9
23858.6
23843.2
23858.6
23832
23824.5
23861.2
23825.9
23835.4
23864.4
23876.8
23880.7
23869.1
23896.3
23996.7
24254
25224.1
30158.9
51024.5
97256.4
142869
170535
189350
206677
225361
246477
270420
297261
326928
359315
394317
431758
471454
513219
556887
602325
649449
698278
748887
801476
856363
913968
974805
1.03951e+06
1.1088e+06
1.18351e+06
1.26464e+06
1.3533e+06
1.45078e+06
1.5585e+06
1.67816e+06
1.81169e+06
1.96137e+06
2.12986e+06
2.3203e+06
2.53634e+06
2.78234e+06
3.06342e+06
3.38567e+06
3.75627e+06
4.18374e+06
4.6781e+06
5.25132e+06
5.91737e+06
6.69226e+06
7.59431e+06
8.64452e+06
9.86741e+06
1.12921e+07
1.29534e+07
1.48927e+07
1.71608e+07
1.9821e+07
2.29535e+07
2.66623e+07
3.10818e+07
3.63878e+07
4.2817e+07
5.06954e+07
6.0481e+07
7.28332e+07
8.87329e+07
1.09731e+08
1.38504e+08
1.79986e+08
2.44123e+08
3.54032e+08
5.75207e+08
1.14306e+09
2.24679e+09
23847
23832
23846.6
23851.9
23831.5
23830.7
23828.4
23827.6
23826.7
23830.9
23844.5
23838.8
23856.5
23838.5
23857
23847.4
23836.9
23843.4
23825.9
23857.9
23846.2
23857.3
23855.7
23888
23996.2
24261.9
25239.4
30272.1
51481.4
98118.1
143807
171471
190328
207692
226398
247522
271461
298270
327884
360208
395143
432519
472153
513860
557473
602856
649936
698737
749327
801910
856801
914411
975248
1.03994e+06
1.10919e+06
1.18384e+06
1.26488e+06
1.35339e+06
1.45061e+06
1.55797e+06
1.67714e+06
1.81006e+06
1.959e+06
2.12658e+06
2.31589e+06
2.53058e+06
2.77491e+06
3.05395e+06
3.37363e+06
3.74096e+06
4.16421e+06
4.65311e+06
5.21886e+06
5.87438e+06
6.63503e+06
7.51901e+06
8.54796e+06
9.74787e+06
1.115e+07
1.2792e+07
1.47188e+07
1.69843e+07
1.96544e+07
2.28135e+07
2.65691e+07
3.10602e+07
3.647e+07
4.3041e+07
5.10987e+07
6.10919e+07
7.36628e+07
8.97686e+07
1.10924e+08
1.39697e+08
1.80826e+08
2.4407e+08
3.52701e+08
5.73491e+08
1.14843e+09
2.27576e+09
23850.3
23838.7
23850
23841.1
23831
23845.1
23839.8
23841.4
23843
23827.2
23833.8
23831.1
23851.5
23832.9
23861
23856.8
23831
23855.4
23848.4
23837
23837.5
23850.4
23873.5
23912.5
24001.1
24245.1
25238.6
30404.8
52011.3
99105.5
144847
172455
191337
208736
227467
248613
272558
299351
328943
361258
396167
433512
473105
514767
558333
603666
650701
699462
750014
802560
857409
914964
975722
1.0403e+06
1.10937e+06
1.18374e+06
1.26436e+06
1.35233e+06
1.44885e+06
1.55535e+06
1.67344e+06
1.805e+06
1.95223e+06
2.11771e+06
2.30442e+06
2.51587e+06
2.75618e+06
3.03017e+06
3.34351e+06
3.70281e+06
4.11581e+06
4.5916e+06
5.1409e+06
5.77674e+06
6.51471e+06
7.37343e+06
8.37483e+06
9.54489e+06
1.09143e+07
1.25188e+07
1.43994e+07
1.66045e+07
1.91923e+07
2.2232e+07
2.58077e+07
3.00264e+07
3.50288e+07
4.10086e+07
4.82459e+07
5.71688e+07
6.84606e+07
8.32192e+07
1.03227e+08
1.31447e+08
1.732e+08
2.39242e+08
3.54398e+08
5.88742e+08
1.19337e+09
2.3727e+09
23853.6
23847.1
23840.6
23832.1
23846.6
23851.2
23847.1
23851.6
23853.4
23834.9
23826
23824.2
23833.3
23828.9
23835.2
23856
23826.1
23867.1
23868.2
23835.6
23842.7
23839.6
23893.5
23930.3
24007.7
24237.5
25250.4
30561.4
52636.5
100245
146000
173491
192372
209804
228577
249766
273749
300579
330212
362569
397502
434864
474466
516129
559693
605022
652053
700812
751362
803906
858736
916249
976943
1.04144e+06
1.11043e+06
1.18467e+06
1.26505e+06
1.35263e+06
1.44861e+06
1.55436e+06
1.67148e+06
1.80184e+06
1.94757e+06
2.1112e+06
2.29565e+06
2.50437e+06
2.7414e+06
3.01153e+06
3.32042e+06
3.67484e+06
4.083e+06
4.55487e+06
5.10268e+06
5.74137e+06
6.48889e+06
7.36654e+06
8.39974e+06
9.618e+06
1.10543e+07
1.27458e+07
1.47354e+07
1.70763e+07
1.9838e+07
2.31119e+07
2.70155e+07
3.1703e+07
3.73791e+07
4.43184e+07
5.28872e+07
6.35654e+07
7.69689e+07
9.39519e+07
1.15864e+08
1.4513e+08
1.86468e+08
2.49505e+08
3.56662e+08
5.72027e+08
1.1282e+09
2.22304e+09
23843.5
23849.7
23833.5
23832
23849
23853.7
23849.8
23854.4
23856.7
23849.5
23836.4
23843.8
23831.4
23825
23824.9
23837.1
23846.2
23846.8
23862
23859.6
23863.8
23859.6
23886.2
23911.1
23985.3
24244.9
25281.9
30748.2
53369.7
101526
147202
174540
193399
210869
229701
250967
275026
301950
331667
364109
399110
436527
476168
517855
561430
606749
653745
702436
752883
805277
859880
917064
977308
1.04108e+06
1.10903e+06
1.18196e+06
1.26082e+06
1.34654e+06
1.44016e+06
1.54293e+06
1.65628e+06
1.78181e+06
1.92145e+06
2.07732e+06
2.25191e+06
2.4481e+06
2.66922e+06
2.91914e+06
3.20246e+06
3.5247e+06
3.89249e+06
4.31393e+06
4.79887e+06
5.35912e+06
6.00879e+06
6.76458e+06
7.64631e+06
8.67699e+06
9.88333e+06
1.12965e+07
1.29551e+07
1.49066e+07
1.72116e+07
1.99462e+07
2.32089e+07
2.71289e+07
3.18738e+07
3.76599e+07
4.47726e+07
5.36013e+07
6.47076e+07
7.89697e+07
9.78734e+07
1.24093e+08
1.62813e+08
2.25015e+08
3.39616e+08
5.88664e+08
1.25944e+09
2.61539e+09
23837.6
23844.3
23833.5
23847
23851.3
23837.6
23850.7
23847
23837.4
23854.7
23854.1
23855.5
23828.4
23847.8
23838.3
23827.2
23855.6
23828.8
23830.8
23866.8
23873.5
23876.3
23860.3
23887.7
23970.6
24241.3
25336.3
30985.2
54270.5
103012
148537
175631
194442
211966
230891
252292
276499
303594
333488
366121
401311
438916
478745
520617
564374
609865
657017
705828
756356
808799
863380
920420
980337
1.04356e+06
1.11066e+06
1.1823e+06
1.25923e+06
1.34227e+06
1.43243e+06
1.53082e+06
1.63858e+06
1.757e+06
1.88752e+06
2.03178e+06
2.19163e+06
2.36902e+06
2.56622e+06
2.78581e+06
3.03082e+06
3.30476e+06
3.61171e+06
3.95668e+06
4.34583e+06
4.7868e+06
5.2888e+06
5.86255e+06
6.51915e+06
7.26759e+06
8.11386e+06
9.06881e+06
1.01436e+07
1.13489e+07
1.27007e+07
1.42194e+07
1.5934e+07
1.78826e+07
2.01145e+07
2.27008e+07
2.57557e+07
2.94743e+07
3.42124e+07
4.06511e+07
5.01885e+07
6.57412e+07
9.29751e+07
1.43727e+08
2.51297e+08
5.17713e+08
1.31005e+09
3.21388e+09
23843.4
23835.9
23845.2
23850.4
23838
23832.8
23836.3
23834.5
23832.5
23841.7
23856.5
23860
23845
23853.5
23856.3
23821.2
23860.5
23822.4
23824.9
23849.9
23863.5
23881.2
23854.2
23882.7
23969.2
24260.6
25371.1
31199.6
55049.8
104214
149517
176456
195264
212831
231815
253298
277649
304919
335011
367867
403302
441176
481301
523500
567612
613496
661082
710376
761444
814515
869823
927699
988586
1.05294e+06
1.12139e+06
1.19462e+06
1.27342e+06
1.3587e+06
1.45161e+06
1.55334e+06
1.66517e+06
1.78856e+06
1.92515e+06
2.07677e+06
2.24548e+06
2.43363e+06
2.64399e+06
2.87983e+06
3.14509e+06
3.44463e+06
3.78426e+06
4.17029e+06
4.60996e+06
5.11224e+06
5.68728e+06
6.34581e+06
7.09809e+06
7.95376e+06
8.92757e+06
1.00472e+07
1.13429e+07
1.28436e+07
1.45811e+07
1.66105e+07
1.90079e+07
2.18399e+07
2.51993e+07
2.92224e+07
3.4046e+07
3.97857e+07
4.6473e+07
5.421e+07
6.36682e+07
7.63082e+07
9.48137e+07
1.25755e+08
1.73176e+08
2.66763e+08
4.50376e+08
7.60681e+08
23850
23832.2
23846.8
23850.8
23832.8
23828.3
23833.1
23830.3
23826.1
23829.1
23858.2
23845
23851.8
23851.3
23863.3
23842.2
23861.9
23834.1
23823.9
23836.3
23839.7
23858.3
23869.8
23907.3
24000
24290.7
25413
31451.6
55942.9
105546
150606
177306
196060
213666
232734
254338
278826
306257
336532
369591
405252
443375
483768
526270
570701
616944
664923
714647
766209
819844
875796
934407
996138
1.06148e+06
1.13115e+06
1.20587e+06
1.28649e+06
1.37396e+06
1.46951e+06
1.57443e+06
1.6901e+06
1.81811e+06
1.96021e+06
2.11832e+06
2.29464e+06
2.49179e+06
2.71285e+06
2.96165e+06
3.24299e+06
3.5628e+06
3.92744e+06
4.34373e+06
4.81885e+06
5.36034e+06
5.97663e+06
6.68011e+06
7.4912e+06
8.43798e+06
9.556e+06
1.08927e+07
1.24558e+07
1.42171e+07
1.61967e+07
1.83648e+07
2.06664e+07
2.29362e+07
2.49668e+07
2.63352e+07
2.79313e+07
3.03239e+07
3.34557e+07
3.72763e+07
4.19967e+07
4.79945e+07
5.58892e+07
6.67182e+07
8.18212e+07
1.04575e+08
1.37671e+08
1.79437e+08
23853
23835.2
23848.2
23835.5
23828.2
23835.8
23827.5
23825.8
23837.9
23822.2
23834.8
23827.1
23849.3
23858.4
23861.7
23850.1
23836.6
23855.3
23852.9
23828.8
23834.7
23846
23883.7
23914.9
24003.7
24302.1
25462.2
31730.6
56920.1
106992
151798
178238
196932
214582
233740
255480
280117
307723
338192
371472
407369
445755
486427
529248
573983
620579
668946
719101
771145
825315
881877
941192
1.00375e+06
1.07009e+06
1.141e+06
1.21734e+06
1.30002e+06
1.39007e+06
1.4888e+06
1.59763e+06
1.7181e+06
1.85199e+06
2.00124e+06
2.16803e+06
2.35503e+06
2.56546e+06
2.80331e+06
3.07345e+06
3.38167e+06
3.73441e+06
4.13875e+06
4.60376e+06
5.13902e+06
5.75053e+06
6.437e+06
7.19012e+06
7.99806e+06
8.86235e+06
9.8084e+06
1.08088e+07
1.17663e+07
1.28507e+07
1.41949e+07
1.57366e+07
1.73977e+07
1.90876e+07
2.06886e+07
2.211e+07
2.35544e+07
2.52431e+07
2.73213e+07
2.98381e+07
3.26759e+07
3.59634e+07
3.98812e+07
4.46855e+07
5.07001e+07
5.83034e+07
6.7533e+07
7.75533e+07
23852.3
23844.6
23850.6
23831.1
23840.3
23849.1
23839.5
23842.9
23847.2
23837.6
23828.9
23820.8
23854.4
23843.8
23838.3
23860.2
23828.9
23863.7
23862.4
23840.2
23829.5
23846.1
23888.1
23922.8
24002.8
24311.3
25520.3
32040
57990.7
108563
153100
179260
197889
215586
234848
256734
281533
309326
340003
373521
409663
448339
489303
532409
577475
624444
673217
723812
776357
831084
888299
948417
1.01198e+06
1.07966e+06
1.15231e+06
1.23093e+06
1.31661e+06
1.41059e+06
1.51443e+06
1.62989e+06
1.75898e+06
1.90401e+06
2.06764e+06
2.25293e+06
2.4636e+06
2.70403e+06
2.97904e+06
3.29342e+06
3.65129e+06
4.05524e+06
4.50512e+06
4.99795e+06
5.52481e+06
6.07593e+06
6.63787e+06
7.20148e+06
7.7344e+06
8.36221e+06
9.15731e+06
1.00948e+07
1.11097e+07
1.22271e+07
1.34773e+07
1.4838e+07
1.62504e+07
1.7673e+07
1.90584e+07
2.04153e+07
2.18152e+07
2.33349e+07
2.49948e+07
2.67824e+07
2.87087e+07
3.08792e+07
3.34867e+07
3.67408e+07
4.0922e+07
4.63852e+07
5.34774e+07
6.25863e+07
23840.5
23847.7
23835.5
23831.5
23848
23854.1
23845.9
23849.5
23851.2
23851.4
23823.6
23837.9
23848.1
23832.6
23831.6
23851.9
23820.4
23860.5
23869.8
23858.1
23855.1
23838.9
23863.3
23912.5
24005.7
24316.4
25580.8
32384.6
59164.9
110273
154522
180383
198938
216688
236070
258111
283088
311083
341990
375755
412183
451148
492395
535800
581246
628634
677838
728913
782013
837387
895419
956616
1.02164e+06
1.09133e+06
1.16674e+06
1.24912e+06
1.33992e+06
1.44083e+06
1.55395e+06
1.68171e+06
1.82694e+06
1.99275e+06
2.1825e+06
2.39963e+06
2.6473e+06
2.9279e+06
3.24212e+06
3.58817e+06
3.96051e+06
4.3485e+06
4.74168e+06
5.13459e+06
5.53104e+06
5.93405e+06
6.42111e+06
6.97575e+06
7.57416e+06
8.27036e+06
9.04828e+06
9.90782e+06
1.08482e+07
1.19349e+07
1.31789e+07
1.45744e+07
1.61264e+07
1.77628e+07
1.93302e+07
2.07947e+07
2.22724e+07
2.40017e+07
2.62863e+07
2.95265e+07
3.42334e+07
4.11034e+07
5.09324e+07
6.51868e+07
8.57105e+07
1.12953e+08
1.46099e+08
1.8337e+08
23836.9
23850.7
23830.1
23846.5
23852.2
23849.4
23844.9
23855.8
23856.3
23858.7
23845.4
23851.4
23834.2
23836.8
23822.5
23826.7
23838.2
23832.6
23842.2
23870.9
23865.2
23855.6
23852.6
23888.5
23982.5
24314
25640.6
32770.3
60452.9
112135
156076
181614
200090
217895
237416
259622
284794
313016
344167
378229
414926
454168
495726
539525
585392
633193
682868
734495
788274
844520
903747
966627
1.03403e+06
1.1071e+06
1.18723e+06
1.27611e+06
1.37578e+06
1.48864e+06
1.61747e+06
1.76532e+06
1.93536e+06
2.13045e+06
2.35249e+06
2.60181e+06
2.87665e+06
3.17272e+06
3.4816e+06
3.79172e+06
4.09464e+06
4.39493e+06
4.70036e+06
5.06447e+06
5.4728e+06
5.92523e+06
6.4147e+06
6.93709e+06
7.52347e+06
8.23883e+06
9.10535e+06
1.01473e+07
1.14379e+07
1.29681e+07
1.45912e+07
1.62797e+07
1.811e+07
2.03675e+07
2.34789e+07
2.80167e+07
3.48651e+07
4.51854e+07
6.07112e+07
8.32226e+07
1.1322e+08
1.50258e+08
1.93127e+08
2.39832e+08
2.87837e+08
3.35035e+08
3.7993e+08
4.21761e+08
23843.6
23839
23839.5
23850.7
23847.4
23833.4
23851
23847.6
23837.4
23843.4
23853.2
23858.1
23838.6
23828.6
23846.8
23819.7
23856.1
23822.7
23828.5
23853.7
23873.6
23867.3
23849.9
23881
23977.9
24323.5
25726
33203.9
61867.9
114167
157774
182964
201355
219230
238897
261285
286672
315141
346568
380937
417863
457428
499400
543624
589915
638183
688417
740757
795496
853092
914264
979955
1.05138e+06
1.13011e+06
1.21805e+06
1.31752e+06
1.43118e+06
1.5619e+06
1.71258e+06
1.88571e+06
2.0827e+06
2.30299e+06
2.54365e+06
2.79922e+06
3.06043e+06
3.31625e+06
3.56401e+06
3.81114e+06
4.08068e+06
4.38643e+06
4.72604e+06
5.08907e+06
5.47586e+06
5.92653e+06
6.47361e+06
7.15042e+06
8.0185e+06
9.15714e+06
1.04768e+07
1.18812e+07
1.34914e+07
1.56088e+07
1.85554e+07
2.28453e+07
2.93329e+07
3.92201e+07
5.43188e+07
7.65953e+07
1.0715e+08
1.45915e+08
1.91229e+08
2.40171e+08
2.89892e+08
3.38433e+08
3.84308e+08
4.26565e+08
4.64614e+08
4.98291e+08
5.27784e+08
5.53444e+08
23851.3
23834.1
23850.7
23848
23833.4
23828.4
23836.1
23832.4
23830.6
23828.2
23860.1
23846.5
23829.4
23838.1
23860.2
23842.1
23864.9
23830.6
23822.4
23832.8
23849.5
23872.3
23873.6
23892.6
23973.5
24344.3
25842.4
33691.9
63426.3
116383
159629
184439
202741
220713
240523
263117
288737
317507
349189
383806
421065
461043
503450
548108
594885
643732
694723
748114
804370
864181
928574
998875
1.07677e+06
1.16435e+06
1.26404e+06
1.37856e+06
1.51061e+06
1.66245e+06
1.83536e+06
2.02869e+06
2.23937e+06
2.46211e+06
2.68825e+06
2.90747e+06
3.1193e+06
3.33379e+06
3.57066e+06
3.83325e+06
4.11622e+06
4.41716e+06
4.76224e+06
5.1764e+06
5.70541e+06
6.40578e+06
7.31976e+06
8.35239e+06
9.49945e+06
1.09561e+07
1.29777e+07
1.59091e+07
2.04216e+07
2.76245e+07
3.90875e+07
5.67e+07
8.21674e+07
1.16366e+08
1.58375e+08
2.05409e+08
2.54108e+08
3.01748e+08
3.46396e+08
3.8688e+08
4.22531e+08
4.53279e+08
4.79304e+08
5.01021e+08
5.18939e+08
5.33561e+08
5.45408e+08
5.54977e+08
23854
23833.9
23843.6
23834.5
23829.8
23841.5
23829.2
23827.5
23826.3
23825.6
23847.3
23839.7
23840
23853.6
23866.6
23853.1
23854.4
23858.1
23851.3
23828.2
23833.9
23856.6
23884.2
23897.7
23993.4
24377.9
25950.9
34243.3
65148.5
118804
161656
186049
204250
222355
242306
265132
291024
320107
351989
386921
424623
465039
507897
553063
600454
650109
702243
757307
816020
879404
948881
1.02623e+06
1.11358e+06
1.21338e+06
1.32814e+06
1.46004e+06
1.61048e+06
1.77923e+06
1.96358e+06
2.15904e+06
2.35838e+06
2.55235e+06
2.73951e+06
2.92887e+06
3.13665e+06
3.36436e+06
3.60782e+06
3.87155e+06
4.17597e+06
4.56227e+06
5.0732e+06
5.75471e+06
6.56061e+06
7.45041e+06
8.56207e+06
1.00851e+07
1.22917e+07
1.57162e+07
2.12339e+07
3.01557e+07
4.43434e+07
6.59984e+07
9.65836e+07
1.3558e+08
1.80299e+08
2.27251e+08
2.73108e+08
3.15312e+08
3.52371e+08
3.8373e+08
4.09475e+08
4.30047e+08
4.46085e+08
4.58297e+08
4.67364e+08
4.73879e+08
4.78378e+08
4.81335e+08
4.83062e+08
4.8389e+08
23844.7
23845.2
23831.7
23830.3
23840.2
23850.6
23829.8
23840.4
23845.3
23848.2
23830.1
23841.7
23857.5
23861.2
23842.6
23860
23830.6
23866.2
23864.2
23854.3
23827.4
23856.3
23877
23905.9
24006.5
24394.9
26070.5
34871.3
67056
121446
163876
187804
205910
224166
244271
267371
293525
322847
355053
390402
428569
469445
512836
558656
606916
657801
711741
769455
832000
900787
977624
1.06462e+06
1.16404e+06
1.27802e+06
1.40806e+06
1.5545e+06
1.71558e+06
1.88732e+06
2.06437e+06
2.23847e+06
2.4068e+06
2.57714e+06
2.76079e+06
2.96122e+06
3.17499e+06
3.40933e+06
3.68543e+06
4.0411e+06
4.5162e+06
5.13929e+06
5.83859e+06
6.63909e+06
7.70658e+06
9.23238e+06
1.15783e+07
1.53837e+07
2.17082e+07
3.21911e+07
4.89617e+07
7.39786e+07
1.07604e+08
1.47604e+08
1.90087e+08
2.31463e+08
2.69187e+08
3.01628e+08
3.28096e+08
3.48639e+08
3.63779e+08
3.74298e+08
3.81053e+08
3.84828e+08
3.86357e+08
3.86192e+08
3.84821e+08
3.82641e+08
3.7992e+08
3.76857e+08
3.73632e+08
3.70378e+08
23841
23848.1
23840.7
23840.4
23841.1
23852.9
23846.2
23848.4
23852.5
23855.5
23824.4
23832.3
23859.8
23850.3
23831.9
23841.7
23821.6
23837.8
23862
23865.2
23853.8
23851.8
23854.6
23909
24016.1
24410
26205.2
35594.9
69179.3
124335
166314
189701
207760
226150
246467
269830
296186
325810
358477
394280
432934
474364
518450
565200
614772
667567
724294
786001
854094
930295
1.01658e+06
1.11495e+06
1.22699e+06
1.35346e+06
1.4936e+06
1.64446e+06
1.80186e+06
1.96001e+06
2.11266e+06
2.26517e+06
2.42891e+06
2.60833e+06
2.79966e+06
3.00766e+06
3.25255e+06
3.57066e+06
4.00327e+06
4.55021e+06
5.14863e+06
5.8576e+06
6.83488e+06
8.2436e+06
1.04435e+07
1.40375e+07
2.00367e+07
3.0021e+07
4.61176e+07
7.03444e+07
1.0277e+08
1.40595e+08
1.79748e+08
2.16275e+08
2.47537e+08
2.72378e+08
2.90731e+08
3.03191e+08
3.10667e+08
3.14198e+08
3.14728e+08
3.13081e+08
3.09946e+08
3.05835e+08
3.01156e+08
2.96233e+08
2.91232e+08
2.86325e+08
2.81607e+08
2.77138e+08
2.72949e+08
2.69055e+08
23838.6
23847.8
23849.4
23849.5
23840.3
23835.2
23850.8
23853
23855.3
23850.9
23846.4
23847.4
23833.1
23830.5
23824.6
23834.8
23838.2
23823.8
23832.9
23844
23867.1
23846.5
23846.2
23883.6
24002.1
24428
26360.2
36426.8
71548.6
127496
168984
191752
209813
228314
248867
272422
299088
329140
362301
398589
437832
479993
525062
573192
624754
680420
741207
808454
883787
968937
1.06552e+06
1.17457e+06
1.29606e+06
1.42829e+06
1.5678e+06
1.71056e+06
1.85073e+06
1.98912e+06
2.13294e+06
2.29198e+06
2.46496e+06
2.65208e+06
2.86879e+06
3.14585e+06
3.51462e+06
3.98758e+06
4.5185e+06
5.14991e+06
5.99625e+06
7.23415e+06
9.19598e+06
1.24391e+07
1.79397e+07
2.72322e+07
4.23858e+07
6.52522e+07
9.53992e+07
1.29389e+08
1.63075e+08
1.93104e+08
2.17264e+08
2.34722e+08
2.45758e+08
2.51315e+08
2.52575e+08
2.50673e+08
2.46595e+08
2.41152e+08
2.34933e+08
2.28387e+08
2.21823e+08
2.15447e+08
2.09382e+08
2.03698e+08
1.98468e+08
1.93649e+08
1.89304e+08
1.85444e+08
1.82067e+08
1.79086e+08
23847.3
23836.5
23838.1
23845
23846
23831.9
23847.6
23845.7
23836.2
23833.4
23857.8
23859.2
23824.2
23823.7
23846.2
23843.3
23859.3
23829.9
23823.1
23833.1
23862.8
23868.6
23854.6
23874.4
23987
24453
26537.7
37389.7
74191.7
130945
171857
193988
212083
230653
251387
275217
302347
332878
366563
403452
443466
486655
533159
583332
637801
697507
763704
837850
921418
1.01559e+06
1.12081e+06
1.23639e+06
1.35997e+06
1.48808e+06
1.61678e+06
1.74212e+06
1.86926e+06
2.00821e+06
2.16237e+06
2.33162e+06
2.52455e+06
2.76814e+06
3.09146e+06
3.50666e+06
3.96587e+06
4.49684e+06
5.21861e+06
6.2597e+06
7.87902e+06
1.0525e+07
1.49744e+07
2.24931e+07
3.49177e+07
5.40848e+07
8.00745e+07
1.09856e+08
1.3916e+08
1.64311e+08
1.83271e+08
1.95593e+08
2.01865e+08
2.03235e+08
2.00976e+08
1.96274e+08
1.90094e+08
1.83177e+08
1.76039e+08
1.69035e+08
1.62601e+08
1.5675e+08
1.51401e+08
1.4655e+08
1.42182e+08
1.38281e+08
1.34791e+08
1.31704e+08
1.28951e+08
1.26517e+08
1.24348e+08
1.22421e+08
23851.5
23834
23836.1
23833.9
23836.2
23846.2
23832.6
23833.7
23830
23827.9
23840.5
23841.8
23841.3
23844.5
23861.8
23834.8
23862.9
23856.8
23838.8
23854.1
23833.7
23867.4
23876.3
23898.4
23991.2
24476
26754.7
38501.4
77140.5
134698
174930
196418
214549
233145
254112
278361
306025
337067
371390
409075
450158
494820
543396
596469
654897
719797
792438
873996
965235
1.06607e+06
1.17525e+06
1.29004e+06
1.40723e+06
1.52296e+06
1.63722e+06
1.75688e+06
1.89155e+06
2.04104e+06
2.20913e+06
2.41392e+06
2.67921e+06
3.02295e+06
3.41192e+06
3.85688e+06
4.43724e+06
5.24488e+06
6.47757e+06
8.45729e+06
1.17571e+07
1.73467e+07
2.67385e+07
4.16921e+07
6.28146e+07
8.81525e+07
1.13769e+08
1.35716e+08
1.51699e+08
1.61189e+08
1.64906e+08
1.64159e+08
1.60323e+08
1.5459e+08
1.47909e+08
1.40942e+08
1.34138e+08
1.27749e+08
1.21916e+08
1.16675e+08
1.12034e+08
1.07949e+08
1.04355e+08
1.0122e+08
9.84745e+07
9.60933e+07
9.40165e+07
9.21948e+07
9.05989e+07
8.92016e+07
8.79722e+07
8.68872e+07
23849.1
23843.6
23847.4
23833.6
23834.8
23850.9
23829.5
23829.6
23834.4
23841.6
23826.6
23828.9
23858.1
23857.5
23841.8
23841.3
23833.4
23864.9
23861.4
23851.1
23827.4
23842.9
23883.2
23913.1
24028.6
24529.6
27068.3
39786.7
80438.8
138778
178234
199109
217145
235864
257187
281965
310173
341839
376991
415772
458357
505096
556530
613436
676784
747620
826824
914767
1.01092e+06
1.11364e+06
1.21999e+06
1.32705e+06
1.43175e+06
1.53673e+06
1.65024e+06
1.77994e+06
1.92555e+06
2.09343e+06
2.30414e+06
2.57599e+06
2.89768e+06
3.26311e+06
3.7246e+06
4.34222e+06
5.24924e+06
6.66647e+06
8.9955e+06
1.29252e+07
1.959e+07
3.0585e+07
4.7136e+07
6.82393e+07
9.04497e+07
1.09937e+08
1.24119e+08
1.32167e+08
1.34698e+08
1.33043e+08
1.28615e+08
1.22646e+08
1.16056e+08
1.09472e+08
1.03258e+08
9.76118e+07
9.25939e+07
8.82062e+07
8.43986e+07
8.11148e+07
7.82897e+07
7.58587e+07
7.37769e+07
7.19758e+07
7.04276e+07
6.90905e+07
6.79285e+07
6.69182e+07
6.60425e+07
6.52731e+07
6.46007e+07
6.40103e+07
23844.2
23847.7
23844.2
23846.6
23846.1
23845.5
23844.4
23843.2
23851.3
23853.8
23844
23831.2
23844.4
23853
23827.8
23859.5
23823.2
23838.7
23858.8
23828.5
23852
23832.1
23852.3
23909
24042.6
24573.1
27392.1
41286.7
84131.7
143220
181833
202057
219894
238902
260740
286097
314921
347404
383671
423964
468615
518149
573260
634781
703539
780116
864535
955909
1.05233e+06
1.15087e+06
1.24894e+06
1.34478e+06
1.44189e+06
1.5498e+06
1.67375e+06
1.81501e+06
1.98137e+06
2.1892e+06
2.44757e+06
2.74598e+06
3.11062e+06
3.5798e+06
4.24221e+06
5.23974e+06
6.83416e+06
9.48833e+06
1.39856e+07
2.15524e+07
3.36483e+07
5.05802e+07
6.98069e+07
8.74508e+07
1.00601e+08
1.08072e+08
1.10267e+08
1.08462e+08
1.04075e+08
9.83462e+07
9.21971e+07
8.62095e+07
8.07102e+07
7.5837e+07
7.16129e+07
6.79969e+07
6.49253e+07
6.2325e+07
6.01301e+07
5.82738e+07
5.67e+07
5.53628e+07
5.42227e+07
5.32504e+07
5.24102e+07
5.16855e+07
5.1063e+07
5.05189e+07
5.00473e+07
4.96341e+07
4.92725e+07
4.89552e+07
23847.4
23844.3
23834.8
23847.2
23849.7
23834.3
23850.5
23850.8
23848.8
23844.6
23851.5
23853
23826.9
23831.8
23840.7
23840.6
23844.8
23824.4
23830.9
23839.2
23863.7
23842
23838
23874.8
24020.1
24619.2
27772.2
43048.2
88292.8
148186
185293
205231
222856
242351
264880
290851
320475
354054
391827
434155
481520
534557
593969
660389
734132
814914
901572
992048
1.08353e+06
1.17391e+06
1.26253e+06
1.35324e+06
1.45545e+06
1.57327e+06
1.70865e+06
1.86909e+06
2.06772e+06
2.3098e+06
2.59692e+06
2.95435e+06
3.43814e+06
4.13745e+06
5.21909e+06
6.98109e+06
9.94327e+06
1.49603e+07
2.32429e+07
3.57264e+07
5.13726e+07
6.69904e+07
7.94599e+07
8.70552e+07
8.97259e+07
8.85051e+07
8.47382e+07
7.96669e+07
7.42136e+07
6.89556e+07
6.4198e+07
6.00535e+07
5.65236e+07
5.35536e+07
5.10745e+07
4.90097e+07
4.72929e+07
4.58622e+07
4.46635e+07
4.36569e+07
4.2809e+07
4.20884e+07
4.14735e+07
4.09488e+07
4.04993e+07
4.0112e+07
3.97745e+07
3.94838e+07
3.92276e+07
3.9005e+07
3.88127e+07
3.86376e+07
23844.2
23836.2
23840.9
23835.5
23844
23840.6
23841
23846.1
23833.7
23838.9
23834
23849.3
23840.4
23827
23844.1
23826.2
23860.6
23838.9
23824.6
23860.7
23855.9
23858.5
23855.1
23878.5
24013.9
24672.2
28217.5
45149.3
92890.1
153106
188570
208546
226299
246416
269700
296431
327122
362167
401923
446864
497550
554577
618408
689141
766242
848341
933295
1.01846e+06
1.10248e+06
1.18518e+06
1.27052e+06
1.36709e+06
1.4783e+06
1.6068e+06
1.75902e+06
1.94535e+06
2.17197e+06
2.44823e+06
2.80097e+06
3.28614e+06
4.00065e+06
5.11635e+06
6.94166e+06
1.00029e+07
1.51366e+07
2.33857e+07
3.51309e+07
4.87893e+07
6.12556e+07
6.99429e+07
7.39975e+07
7.40346e+07
7.1295e+07
6.70228e+07
6.2209e+07
5.74968e+07
5.32297e+07
4.95407e+07
4.6435e+07
4.38587e+07
4.17392e+07
4.00013e+07
3.85759e+07
3.74042e+07
3.64355e+07
3.56299e+07
3.49575e+07
3.43913e+07
3.39126e+07
3.3507e+07
3.3161e+07
3.28633e+07
3.26077e+07
3.23869e+07
3.21934e+07
3.20282e+07
3.18816e+07
3.17536e+07
3.16407e+07
3.15435e+07
23845.6
23839
23847.9
23836.7
23834.9
23841.2
23832
23833.1
23832.4
23843.6
23837.6
23831.1
23854.5
23848.6
23841.1
23838.5
23838.7
23860.4
23851.7
23850.5
23836.6
23848.7
23876.1
23907.7
24051.3
24751.1
28739.9
47559.7
97828
158004
191910
211854
230289
251274
275344
303112
335226
372173
414423
462493
516868
577876
645439
718842
796579
876477
956088
1.03463e+06
1.11234e+06
1.19329e+06
1.28487e+06
1.38974e+06
1.51048e+06
1.65276e+06
1.82589e+06
2.03912e+06
2.30461e+06
2.65021e+06
3.12958e+06
3.83733e+06
4.94175e+06
6.73469e+06
9.70905e+06
1.4635e+07
2.24338e+07
3.3239e+07
4.52291e+07
5.543e+07
6.17295e+07
6.38024e+07
6.25549e+07
5.92597e+07
5.50459e+07
5.06982e+07
4.66671e+07
4.31529e+07
4.01978e+07
3.7764e+07
3.57805e+07
3.41715e+07
3.28648e+07
3.1801e+07
3.09296e+07
3.02129e+07
2.96193e+07
2.91242e+07
2.87095e+07
2.83597e+07
2.80637e+07
2.7811e+07
2.75944e+07
2.74085e+07
2.72484e+07
2.7108e+07
2.69888e+07
2.68814e+07
2.67909e+07
2.67093e+07
2.66371e+07
2.65744e+07
23848.9
23846.5
23842.6
23846.8
23840
23841.4
23842.1
23838.2
23846.1
23836.5
23843.6
23833.7
23837.1
23854.7
23848.1
23857.4
23827.3
23844.8
23859.8
23834.1
23844.5
23846.1
23851.7
23894
24072.3
24838.8
29380.9
50302.1
102988
162747
195223
215397
234910
256984
282069
311247
345194
384498
429673
481140
539095
603333
673016
746563
821832
896548
970309
1.04367e+06
1.12087e+06
1.20793e+06
1.30679e+06
1.42009e+06
1.55308e+06
1.71435e+06
1.91515e+06
2.16936e+06
2.50577e+06
2.97664e+06
3.67635e+06
4.76935e+06
6.5395e+06
9.4578e+06
1.42283e+07
2.16168e+07
3.14284e+07
4.16847e+07
4.98314e+07
5.43325e+07
5.51922e+07
5.33888e+07
5.00881e+07
4.62425e+07
4.24671e+07
3.90815e+07
3.6199e+07
3.38162e+07
3.18753e+07
3.03043e+07
2.90349e+07
2.80073e+07
2.71718e+07
2.64892e+07
2.59281e+07
2.54638e+07
2.50772e+07
2.47536e+07
2.4481e+07
2.42504e+07
2.40535e+07
2.38854e+07
2.3741e+07
2.36164e+07
2.3508e+07
2.34147e+07
2.33324e+07
2.32613e+07
2.3198e+07
2.31434e+07
2.30951e+07
2.30517e+07
23844
23845.7
23836.3
23844.3
23847.6
23842.8
23849.6
23844.7
23850.1
23843.9
23841.4
23851.9
23830.9
23835.9
23837.9
23845.7
23848.5
23827.4
23833.3
23841.8
23838.8
23852.3
23841.9
23873.8
24062.5
24956.1
30147.3
53343.3
108165
165832
198294
219480
240418
263691
290213
321211
357412
399440
447729
502415
563180
629114
698615
769541
839953
909542
979041
1.05278e+06
1.13551e+06
1.22873e+06
1.33484e+06
1.4588e+06
1.60822e+06
1.79486e+06
2.0341e+06
2.35232e+06
2.8019e+06
3.47601e+06
4.53641e+06
6.25765e+06
9.09256e+06
1.37062e+07
2.06617e+07
2.93612e+07
3.78583e+07
4.41501e+07
4.72451e+07
4.7372e+07
4.54434e+07
4.245e+07
3.91515e+07
3.60122e+07
3.32526e+07
3.09317e+07
2.9025e+07
2.74776e+07
2.62291e+07
2.52228e+07
2.44097e+07
2.37492e+07
2.321e+07
2.27665e+07
2.23996e+07
2.20944e+07
2.18387e+07
2.16234e+07
2.14409e+07
2.12858e+07
2.1153e+07
2.10389e+07
2.09406e+07
2.08555e+07
2.07816e+07
2.07169e+07
2.06611e+07
2.06113e+07
2.05679e+07
2.05297e+07
2.04964e+07
2.04659e+07
23841.6
23837.6
23843
23836
23847.7
23841.4
23841
23840
23846.2
23846.1
23844.9
23845.2
23847.8
23829.3
23841
23829.7
23857.2
23847.4
23829.5
23841.7
23847.4
23843.3
23862.7
23889.6
24059.7
25092.7
30998.7
56556
113048
168059
200560
224019
246906
271663
300117
333354
372145
417031
468196
525308
587405
652925
719799
786379
852257
918281
988695
1.06724e+06
1.15499e+06
1.25386e+06
1.36837e+06
1.50487e+06
1.67371e+06
1.89045e+06
2.17909e+06
2.58337e+06
3.1832e+06
4.1228e+06
5.65858e+06
8.22137e+06
1.24518e+07
1.88412e+07
2.67114e+07
3.41499e+07
3.93172e+07
4.15616e+07
4.12975e+07
3.94048e+07
3.67375e+07
3.39126e+07
3.12859e+07
2.90058e+07
2.70982e+07
2.5536e+07
2.42725e+07
2.32558e+07
2.24372e+07
2.17756e+07
2.12382e+07
2.0799e+07
2.04378e+07
2.0139e+07
1.98901e+07
1.96816e+07
1.9506e+07
1.93573e+07
1.92307e+07
1.91224e+07
1.90296e+07
1.89495e+07
1.888e+07
1.88198e+07
1.87673e+07
1.8722e+07
1.86811e+07
1.86461e+07
1.86153e+07
1.85877e+07
1.85633e+07
1.8542e+07
23847.1
23840.1
23847.3
23838.8
23837.5
23841.9
23835.1
23844.5
23834.1
23834.8
23841.1
23836
23842.4
23843.8
23838.3
23845
23834.9
23852.5
23853.8
23841.4
23847.2
23843.8
23855
23889.8
24089.2
25239.3
31963.6
59748.6
117232
169401
202320
228814
254193
281173
312042
347884
389401
436909
490190
548345
609851
672787
735786
798331
861042
928022
1.00241e+06
1.08489e+06
1.17679e+06
1.28162e+06
1.40436e+06
1.55318e+06
1.74104e+06
1.98816e+06
2.32843e+06
2.82472e+06
3.59556e+06
4.85546e+06
6.99704e+06
1.06357e+07
1.62799e+07
2.34442e+07
3.02931e+07
3.50374e+07
3.70392e+07
3.67519e+07
3.50351e+07
3.26707e+07
3.02014e+07
2.79195e+07
2.59429e+07
2.42956e+07
2.2954e+07
2.18729e+07
2.10036e+07
2.03033e+07
1.97367e+07
1.9276e+07
1.88988e+07
1.85884e+07
1.83311e+07
1.81168e+07
1.7937e+07
1.77854e+07
1.7657e+07
1.75476e+07
1.74541e+07
1.73738e+07
1.73044e+07
1.72445e+07
1.71924e+07
1.7147e+07
1.71072e+07
1.70723e+07
1.7042e+07
1.70151e+07
1.69915e+07
1.69702e+07
1.69521e+07
1.69355e+07
23850.7
23846.5
23842.3
23846.7
23838.3
23839
23844.7
23841.6
23837.9
23843.6
23841.7
23839.3
23840.2
23853.6
23841.6
23854.5
23833.2
23832.5
23847.3
23849.8
23837.3
23850
23856
23895.1
24101
25399.8
33022.5
62784.3
120189
169928
203999
233822
262262
292313
326094
364741
408788
458213
512322
569751
628731
688158
747596
807561
870754
940561
1.01764e+06
1.10262e+06
1.19751e+06
1.30631e+06
1.43434e+06
1.59178e+06
1.79352e+06
2.06295e+06
2.44722e+06
3.03387e+06
3.99963e+06
5.6655e+06
8.55927e+06
1.32414e+07
1.95435e+07
2.59708e+07
3.07123e+07
3.29565e+07
3.30123e+07
3.16674e+07
2.96599e+07
2.75016e+07
2.54723e+07
2.36995e+07
2.22176e+07
2.10063e+07
2.00261e+07
1.9235e+07
1.85957e+07
1.80772e+07
1.76546e+07
1.7308e+07
1.70221e+07
1.67849e+07
1.65867e+07
1.64204e+07
1.62801e+07
1.6161e+07
1.60595e+07
1.59725e+07
1.58977e+07
1.58332e+07
1.57773e+07
1.57286e+07
1.56863e+07
1.56492e+07
1.56167e+07
1.55883e+07
1.5563e+07
1.55407e+07
1.55212e+07
1.55041e+07
1.54883e+07
1.54747e+07
23845
23842.2
23837.5
23843.3
23847.3
23844.1
23848.9
23838
23848.6
23846.7
23838.8
23842.3
23838.8
23840.1
23845.2
23836.5
23848.7
23841.7
23831
23836.4
23851.1
23853.7
23859.6
23890.2
24102.2
25569.1
34117.2
65301.1
121019
169131
205316
238642
271002
304911
342072
383525
429569
479816
533201
588198
643883
699988
757164
817039
882301
953707
1.0318e+06
1.11782e+06
1.21407e+06
1.32449e+06
1.45526e+06
1.61697e+06
1.82605e+06
2.11049e+06
2.5281e+06
3.19372e+06
4.33131e+06
6.35317e+06
9.83651e+06
1.50189e+07
2.0991e+07
2.60329e+07
2.89896e+07
2.982e+07
2.91103e+07
2.7547e+07
2.56651e+07
2.38016e+07
2.21307e+07
2.07103e+07
1.95368e+07
1.85814e+07
1.78061e+07
1.71768e+07
1.66645e+07
1.62454e+07
1.59008e+07
1.56158e+07
1.53787e+07
1.51802e+07
1.50133e+07
1.4872e+07
1.4752e+07
1.46494e+07
1.45614e+07
1.44856e+07
1.44201e+07
1.43631e+07
1.43137e+07
1.42706e+07
1.42327e+07
1.41994e+07
1.41703e+07
1.41444e+07
1.41218e+07
1.41018e+07
1.40839e+07
1.40678e+07
1.4054e+07
1.40414e+07
23845.5
23838.1
23843.5
23836.9
23844
23840.5
23839.8
23846.5
23842.4
23836.9
23844.3
23843
23838.8
23833.1
23837.1
23836.1
23841.7
23851.1
23846.5
23845.5
23840
23841.4
23846.3
23889
24113.9
25752.4
35131
67354.2
120514
166380
206006
242939
279954
318425
359333
403395
450661
500508
551788
603727
656256
710005
766398
827070
893525
965847
1.04468e+06
1.13143e+06
1.22868e+06
1.34061e+06
1.47368e+06
1.63844e+06
1.85312e+06
2.15203e+06
2.60025e+06
3.3214e+06
4.55938e+06
6.73357e+06
1.03397e+07
1.537e+07
2.06748e+07
2.47054e+07
2.67369e+07
2.69863e+07
2.60702e+07
2.45823e+07
2.29435e+07
2.13862e+07
2.00092e+07
1.8837e+07
1.78584e+07
1.70493e+07
1.63825e+07
1.58325e+07
1.53777e+07
1.49999e+07
1.46849e+07
1.44207e+07
1.41981e+07
1.40097e+07
1.38494e+07
1.37124e+07
1.35948e+07
1.34934e+07
1.34059e+07
1.33298e+07
1.32636e+07
1.32059e+07
1.31552e+07
1.31107e+07
1.30717e+07
1.30372e+07
1.30067e+07
1.29797e+07
1.2956e+07
1.29347e+07
1.29158e+07
1.28992e+07
1.28842e+07
1.28706e+07
23850.6
23843.7
23846.2
23842.3
23837.6
23840.5
23837.3
23842.3
23834.7
23843.2
23840.1
23842.8
23844.1
23847
23845.7
23850.7
23835.5
23835.4
23849
23848.6
23843.3
23848.4
23859.7
23888.8
24129.2
25905
35902.5
68463.5
117777
162244
205360
246357
288199
331752
376704
423075
470776
519213
567927
617035
667171
719641
775896
837053
903890
976680
1.05629e+06
1.14438e+06
1.24378e+06
1.35891e+06
1.49668e+06
1.66875e+06
1.89523e+06
2.21227e+06
2.68742e+06
3.44866e+06
4.73434e+06
6.91997e+06
1.0347e+07
1.4783e+07
1.91623e+07
2.23693e+07
2.39849e+07
2.42403e+07
2.36083e+07
2.25192e+07
2.12687e+07
2.00317e+07
1.88956e+07
1.78936e+07
1.703e+07
1.62951e+07
1.56734e+07
1.51488e+07
1.4706e+07
1.43314e+07
1.40137e+07
1.37434e+07
1.35126e+07
1.33147e+07
1.31445e+07
1.29975e+07
1.28702e+07
1.27596e+07
1.26632e+07
1.2579e+07
1.25051e+07
1.24403e+07
1.23832e+07
1.23327e+07
1.22883e+07
1.22488e+07
1.2214e+07
1.21829e+07
1.21554e+07
1.21307e+07
1.21089e+07
1.20895e+07
1.2072e+07
1.20565e+07
23847.6
23844.1
23839.7
23845.5
23843.6
23844.7
23846
23835.9
23843
23843.8
23842.8
23840.8
23837.8
23845.1
23841.5
23840.8
23838.7
23840.9
23834.1
23833.5
23846
23844
23853.6
23891.4
24137.2
26018.1
36318.4
67994.3
112537
156024
202487
248361
295158
343430
392314
440975
488908
536022
582632
629569
678196
729965
786030
847120
913851
986866
1.0674e+06
1.15756e+06
1.26061e+06
1.38161e+06
1.52872e+06
1.71562e+06
1.96566e+06
2.31982e+06
2.85147e+06
3.69037e+06
5.05088e+06
7.21776e+06
1.03469e+07
1.40907e+07
1.7573e+07
2.00453e+07
2.13287e+07
2.163e+07
2.12646e+07
2.05165e+07
1.95958e+07
1.86379e+07
1.77176e+07
1.68788e+07
1.61372e+07
1.54913e+07
1.49335e+07
1.44539e+07
1.40421e+07
1.36885e+07
1.33845e+07
1.31226e+07
1.28965e+07
1.27007e+07
1.25308e+07
1.23829e+07
1.22539e+07
1.2141e+07
1.20421e+07
1.19551e+07
1.18785e+07
1.18109e+07
1.17512e+07
1.16984e+07
1.16515e+07
1.16098e+07
1.15728e+07
1.15399e+07
1.15105e+07
1.14845e+07
1.1461e+07
1.14402e+07
1.14214e+07
1.14048e+07
23844.9
23838.7
23838.9
23839
23844.7
23838.7
23844.5
23843.7
23846.2
23837.9
23840.9
23839.9
23842.2
23834.6
23841.2
23836.7
23845.7
23848.2
23844.6
23844.9
23838.8
23844.9
23847.8
23887.5
24147.9
26080.1
36327.5
65527.8
104332
147263
196235
247524
299605
352560
405102
456015
504730
551423
597065
643166
691238
742569
798050
858372
924316
996893
1.07774e+06
1.16938e+06
1.27574e+06
1.40313e+06
1.56222e+06
1.7711e+06
2.06024e+06
2.48206e+06
3.12502e+06
4.13235e+06
5.69326e+06
7.94918e+06
1.07997e+07
1.38036e+07
1.63907e+07
1.81788e+07
1.9094e+07
1.92889e+07
1.89942e+07
1.8418e+07
1.77083e+07
1.69627e+07
1.62391e+07
1.55685e+07
1.49641e+07
1.44282e+07
1.39581e+07
1.35481e+07
1.31916e+07
1.2882e+07
1.2613e+07
1.23792e+07
1.21757e+07
1.19982e+07
1.18431e+07
1.17073e+07
1.15882e+07
1.14835e+07
1.13913e+07
1.13099e+07
1.1238e+07
1.11744e+07
1.1118e+07
1.10679e+07
1.10233e+07
1.09838e+07
1.09485e+07
1.09171e+07
1.0889e+07
1.08639e+07
1.08416e+07
1.08214e+07
1.08037e+07
1.07874e+07
23849.1
23841.9
23844.7
23840.1
23838.9
23841.7
23837.4
23845
23837.4
23844.7
23841.7
23841
23843.5
23843.9
23839
23847.3
23843.5
23836.3
23844.5
23844.3
23846.5
23846.6
23857.3
23888.5
24144.4
26076.3
35708.3
61251.1
94540.9
135755
185802
241516
299758
357412
413265
466599
516846
564596
611126
657825
706301
757561
812284
871141
935074
1.00544e+06
1.08426e+06
1.1747e+06
1.28139e+06
1.41181e+06
1.57879e+06
1.80441e+06
2.12622e+06
2.60846e+06
3.358e+06
4.52616e+06
6.2544e+06
8.54424e+06
1.11339e+07
1.35846e+07
1.5523e+07
1.67895e+07
1.74158e+07
1.75348e+07
1.73008e+07
1.68515e+07
1.62958e+07
1.57072e+07
1.51303e+07
1.45894e+07
1.40956e+07
1.36525e+07
1.3259e+07
1.29118e+07
1.26066e+07
1.23388e+07
1.21041e+07
1.18983e+07
1.17177e+07
1.15591e+07
1.14196e+07
1.12967e+07
1.11883e+07
1.10925e+07
1.10079e+07
1.09329e+07
1.08663e+07
1.08072e+07
1.07547e+07
1.0708e+07
1.06663e+07
1.06291e+07
1.0596e+07
1.05664e+07
1.05399e+07
1.05162e+07
1.0495e+07
1.04761e+07
1.04591e+07
1.04438e+07
23847.9
23843.8
23842.2
23844.5
23842.7
23843.1
23842.3
23837.7
23841
23841.3
23842.1
23841.5
23836.2
23845.3
23841.2
23839.4
23842.1
23843
23838.2
23838.9
23840
23840.8
23847
23885.9
24145.5
25975.2
34495.3
55505.6
83431.8
121481
170265
228021
290684
353763
414428
471272
524510
574963
624342
673475
723338
774896
828847
885909
947046
1.01365e+06
1.08785e+06
1.17275e+06
1.27332e+06
1.39723e+06
1.55898e+06
1.78241e+06
2.10857e+06
2.60657e+06
3.38789e+06
4.59981e+06
6.35007e+06
8.56909e+06
1.0952e+07
1.3111e+07
1.47742e+07
1.58518e+07
1.63944e+07
1.65213e+07
1.63619e+07
1.60282e+07
1.56016e+07
1.51378e+07
1.46724e+07
1.42267e+07
1.38119e+07
1.34331e+07
1.30914e+07
1.27854e+07
1.25129e+07
1.2271e+07
1.20566e+07
1.18668e+07
1.16988e+07
1.15501e+07
1.14183e+07
1.13014e+07
1.11978e+07
1.11057e+07
1.10239e+07
1.09511e+07
1.08863e+07
1.08286e+07
1.07771e+07
1.07311e+07
1.069e+07
1.06533e+07
1.06205e+07
1.05911e+07
1.05648e+07
1.05412e+07
1.05201e+07
1.05012e+07
1.04842e+07
1.04689e+07
23847.7
23839.5
23838.5
23839.9
23843.9
23840.2
23844.3
23842.1
23844.2
23839.3
23840
23841.3
23839.6
23837.1
23841.5
23841.3
23840
23843
23844
23843.6
23843.4
23846.3
23850.6
23883.9
24130.7
25774.4
32753
48842
71599.8
104812
149742
205647
269123
335237
400300
462406
520850
576902
630759
684038
736937
789972
843653
898658
955930
1.0168e+06
1.08318e+06
1.15811e+06
1.24665e+06
1.35699e+06
1.50089e+06
1.69887e+06
1.98569e+06
2.41973e+06
3.09104e+06
4.117e+06
5.59661e+06
7.50604e+06
9.62246e+06
1.16165e+07
1.32261e+07
1.4347e+07
1.50084e+07
1.53042e+07
1.53422e+07
1.52172e+07
1.49906e+07
1.46992e+07
1.4378e+07
1.40503e+07
1.37311e+07
1.34291e+07
1.31486e+07
1.28914e+07
1.26577e+07
1.24466e+07
1.22567e+07
1.20863e+07
1.19336e+07
1.17971e+07
1.1675e+07
1.15659e+07
1.14683e+07
1.13812e+07
1.13032e+07
1.12335e+07
1.11711e+07
1.11153e+07
1.10653e+07
1.10205e+07
1.09805e+07
1.09445e+07
1.09123e+07
1.08834e+07
1.08574e+07
1.08342e+07
1.08133e+07
1.07945e+07
1.07778e+07
1.07623e+07
23847.3
23841.5
23842.8
23840.4
23839.1
23842
23838.9
23843.5
23839.7
23843.5
23843.5
23841.2
23846.8
23843.1
23840.4
23841.4
23841.7
23839.9
23840.6
23841
23841.6
23841.6
23849
23883.4
24112.4
25470.3
30691.7
42211.5
59732.9
86729.2
125254
175671
235461
300329
366731
432732
497508
560892
622461
681846
739495
795602
850580
904971
959516
1.01538e+06
1.07429e+06
1.13898e+06
1.21341e+06
1.30362e+06
1.41875e+06
1.57297e+06
1.78813e+06
2.09762e+06
2.54962e+06
3.2055e+06
4.12311e+06
5.31842e+06
6.72705e+06
8.2114e+06
9.61877e+06
1.0839e+07
1.18191e+07
1.25528e+07
1.30619e+07
1.33844e+07
1.35606e+07
1.3627e+07
1.36134e+07
1.35493e+07
1.34519e+07
1.33345e+07
1.32072e+07
1.30767e+07
1.29477e+07
1.28234e+07
1.27056e+07
1.25954e+07
1.24931e+07
1.23987e+07
1.23122e+07
1.22332e+07
1.21612e+07
1.20958e+07
1.20365e+07
1.19827e+07
1.19341e+07
1.18901e+07
1.18504e+07
1.18146e+07
1.17822e+07
1.1753e+07
1.17267e+07
1.1703e+07
1.16816e+07
1.16624e+07
1.16451e+07
1.16295e+07
1.16154e+07
1.16027e+07
23847.8
23843.2
23842.6
23843.7
23842.7
23840.9
23841.9
23838.9
23841
23840.4
23840.1
23842.2
23841.8
23841.4
23843.4
23841.7
23841
23842.1
23842.3
23842.1
23842.3
23845.1
23849.1
23879.9
24079.8
25076.3
28638.2
36469.1
48869.3
68978.4
99182.8
140658
192256
251020
314337
380610
448819
516606
582962
647451
709976
770281
828356
884161
937927
990581
1.04369e+06
1.09932e+06
1.16036e+06
1.23075e+06
1.31595e+06
1.4236e+06
1.56423e+06
1.75177e+06
2.00405e+06
2.34053e+06
2.77663e+06
3.31587e+06
3.94128e+06
4.61225e+06
5.2872e+06
5.93232e+06
6.53104e+06
7.07671e+06
7.5678e+06
8.00594e+06
8.39133e+06
8.72181e+06
8.99866e+06
9.2288e+06
9.41883e+06
9.57513e+06
9.70315e+06
9.80768e+06
9.89287e+06
9.96216e+06
1.00185e+07
1.00642e+07
1.01013e+07
1.01315e+07
1.01561e+07
1.0176e+07
1.01922e+07
1.02057e+07
1.02163e+07
1.02253e+07
1.02327e+07
1.02389e+07
1.02437e+07
1.02478e+07
1.02514e+07
1.02542e+07
1.02566e+07
1.02588e+07
1.02602e+07
1.02614e+07
1.02628e+07
1.02639e+07
1.02648e+07
1.02653e+07
23848.6
23839.7
23839.2
23839.9
23842.9
23842.1
23842
23843
23841.8
23842
23842
23840.3
23840.6
23840.9
23840.8
23841.1
23841.8
23841.5
23840.7
23841.4
23841.8
23841.7
23848
23878.2
24033.9
24694.9
26790.8
31832.7
39871.4
53388.2
74702.4
105371
145421
193476
248902
309751
373376
437783
501890
564870
626657
686721
744696
800388
853815
905241
955332
1.00524e+06
1.05664e+06
1.11182e+06
1.17384e+06
1.24657e+06
1.33469e+06
1.44357e+06
1.57883e+06
1.74554e+06
1.94695e+06
2.18252e+06
2.44672e+06
2.73121e+06
3.0289e+06
3.32962e+06
3.62273e+06
3.90159e+06
4.16056e+06
4.39466e+06
4.60336e+06
4.78907e+06
4.95355e+06
5.0983e+06
5.22546e+06
5.33709e+06
5.43483e+06
5.52061e+06
5.59594e+06
5.66203e+06
5.72017e+06
5.77157e+06
5.81674e+06
5.85674e+06
5.89204e+06
5.92347e+06
5.95153e+06
5.97601e+06
5.99838e+06
6.01809e+06
6.03539e+06
6.05125e+06
6.06515e+06
6.07764e+06
6.08919e+06
6.0992e+06
6.10779e+06
6.116e+06
6.1235e+06
6.1295e+06
6.1362e+06
6.14077e+06
6.14605e+06
6.14956e+06
23847
23841.7
23842.4
23841.1
23840.2
23841.1
23842.7
23841.1
23842.3
23840.7
23841.3
23842.7
23841.7
23842.1
23839.2
23841.6
23841.1
23841.5
23842.5
23841.5
23841.7
23844
23848.1
23872.8
23989.8
24348.3
25477.1
28416.8
33229.8
41411.5
54862.7
75012.4
102605
137688
180004
227739
279373
333411
389087
445861
502993
559666
614935
668170
719051
767587
813960
858785
903031
947857
994715
1.04532e+06
1.10155e+06
1.16529e+06
1.23817e+06
1.32129e+06
1.41506e+06
1.51893e+06
1.63158e+06
1.75119e+06
1.87564e+06
2.0023e+06
2.12839e+06
2.25146e+06
2.36945e+06
2.48036e+06
2.5832e+06
2.67747e+06
2.76316e+06
2.84059e+06
2.91014e+06
2.97244e+06
3.02829e+06
3.07826e+06
3.12315e+06
3.16338e+06
3.19952e+06
3.23198e+06
3.2612e+06
3.2874e+06
3.31091e+06
3.33212e+06
3.35127e+06
3.36829e+06
3.38386e+06
3.39769e+06
3.41027e+06
3.42153e+06
3.43187e+06
3.4407e+06
3.449e+06
3.45653e+06
3.46343e+06
3.46904e+06
3.47454e+06
3.48007e+06
3.48378e+06
3.48817e+06
3.49138e+06
3.49438e+06
23848.8
23842.1
23841.9
23842.1
23842.7
23841.3
23841.3
23840.8
23841.6
23842.1
23841.8
23840.3
23840.1
23840.2
23841.6
23841.3
23841.8
23841.4
23840.7
23842
23842.2
23843.5
23846.8
23868.3
23935.4
24108.3
24666.2
26173.5
28829.8
33269.3
40826.8
52580.7
69404
91677.5
119270
151626
188395
229091
273027
319000
366147
413691
460575
506113
549772
591415
631171
669222
705970
742037
778143
815050
853379
893625
936196
981336
1.02906e+06
1.07914e+06
1.13113e+06
1.18451e+06
1.23851e+06
1.29228e+06
1.34504e+06
1.39613e+06
1.44504e+06
1.49138e+06
1.53489e+06
1.57546e+06
1.61312e+06
1.6479e+06
1.67996e+06
1.70938e+06
1.73635e+06
1.76095e+06
1.78336e+06
1.80379e+06
1.82233e+06
1.83907e+06
1.85435e+06
1.86807e+06
1.88051e+06
1.89174e+06
1.90187e+06
1.91116e+06
1.91935e+06
1.9267e+06
1.93358e+06
1.93944e+06
1.94487e+06
1.95e+06
1.95426e+06
1.95827e+06
1.96192e+06
1.96511e+06
1.96802e+06
1.97063e+06
1.9729e+06
1.97518e+06
1.97688e+06
1.97875e+06
23847.5
23840.3
23840
23841.2
23840.9
23841.8
23842
23842.3
23841.7
23840.6
23841.1
23842.1
23842.5
23842.3
23840.3
23841.7
23841
23841.5
23842
23840.7
23841.1
23841.1
23847
23859.7
23899.8
23972.1
24216.5
24887.6
26209.8
28369.9
32125.5
38190.5
47173.5
59428.9
75122.6
94495.7
117741
144505
174429
206781
240827
275637
310793
345655
379666
412438
443869
473975
502803
530529
557411
583755
609863
635984
662269
688778
715507
742365
769206
795828
822029
847572
872255
895909
918386
939604
959504
978072
995302
1.01123e+06
1.02591e+06
1.03941e+06
1.05174e+06
1.06306e+06
1.07337e+06
1.08275e+06
1.0913e+06
1.09907e+06
1.10608e+06
1.11247e+06
1.11827e+06
1.1235e+06
1.12825e+06
1.13246e+06
1.13636e+06
1.13988e+06
1.14297e+06
1.14587e+06
1.14848e+06
1.15069e+06
1.15289e+06
1.15469e+06
1.15635e+06
1.15787e+06
1.15936e+06
1.16047e+06
1.1617e+06
1.16264e+06
1.16359e+06
1.16443e+06
23848.2
23841.2
23842.5
23840.5
23842.1
23841
23840.9
23840.3
23840.9
23842
23841.7
23841.2
23840.8
23841.1
23842.6
23841.4
23841.8
23841.7
23841.5
23842.3
23842.3
23843.5
23845.2
23854.1
23870.3
23898.3
23993.8
24256.9
24829.3
25771.9
27408.6
30150.4
34385.1
40362
48277.3
58545.9
71320.9
86575.2
103959
123318
144257
166377
189268
212493
235630
258300
280316
301611
322095
341757
360649
378850
396465
413596
430324
446687
462682
478281
493443
508119
522242
535765
548632
560809
572268
583006
593006
602292
610882
618796
626069
632737
638837
644399
649473
654084
658279
662086
665518
668653
671476
674027
676335
678437
680289
682033
683554
684937
686146
687317
688324
689196
690052
690842
691472
692046
692616
693089
693611
693923
23848.8
23842.1
23840.9
23841.1
23841.2
23841.3
23841.8
23842.3
23841.8
23841
23841.2
23841.1
23840.8
23840.6
23840.1
23841.3
23841.1
23841.1
23841.3
23841.1
23841.2
23844
23845.4
23849.3
23855.6
23864.5
23896.5
23986.8
24198.3
24568.7
25194.5
26281.4
28051.9
30675.5
34277.5
39090.9
45210.7
52693.6
61511
71584.5
82774.6
94901.7
107745
121062
134601
148130
161505
174629
187402
199765
211689
223167
234210
244837
255061
264890
274325
283358
291975
300164
307912
315209
322054
328445
334390
339891
344975
349654
353943
357870
361453
364722
367701
370395
372847
375069
377077
378903
380549
382031
383372
384585
385679
386648
387563
388335
389076
389723
390319
390847
391293
391753
392139
392462
392783
393073
393319
393566
393747
393931
23847.9
23841.9
23841.2
23841.1
23841.7
23841.2
23841.1
23840.5
23841
23841
23841.6
23842
23841.6
23840.6
23842.1
23841.9
23841.5
23841.9
23841.7
23842.2
23842.3
23841.4
23845
23845.8
23848.6
23851
23860.7
23886.8
23951.2
24079.2
24296.7
24677.1
25328.6
26364
27774.1
29762.4
32375.7
35652.2
39609.8
44233.9
49479.3
55275.9
61530
68131
74957.5
81902
88879.1
95809
102624
109271
115711
121918
127875
133570
138998
144153
149030
153627
157943
161978
165735
169219
172439
175402
178124
180615
182891
184960
186845
188557
190106
191511
192778
193926
194965
195894
196741
197499
198182
198801
199356
199855
200309
200728
201071
201415
201709
201966
202213
202432
202623
202797
202942
203096
203234
203368
203427
203523
203583
203755
23848.7
23841.4
23841.6
23841.5
23841.3
23841.5
23841.7
23841.5
23841.7
23842.2
23841
23840.9
23841.5
23841.8
23841.4
23841.2
23841.3
23841.2
23841.5
23841.1
23841.2
23841.9
23844.5
23844.7
23845.7
23846.1
23848.8
23855.4
23872.2
23909
23977.1
24098.8
24309.9
24677.1
25149.6
25869.6
26855.3
28129.6
29705.7
31584.5
33752.4
36182.9
38838.1
41671.9
44634.7
47679.3
50760.9
53837.6
56873.4
59837.7
62706.1
65459.8
68084.2
70569.5
72909.7
75100.6
77141.7
79033.9
80780.3
82385.1
83854.7
85195.5
86415.8
87523.2
88525.9
89432.4
90248.5
90986.4
91649.4
92245.6
92783.1
93261.9
93696.1
94086
94432.5
94748.6
95029
95278.2
95510.9
95710.1
95892.7
96061.5
96204.4
96333.2
96460.1
96562.9
96653.1
96750.4
96822.4
96891.5
96959.7
97012.4
97067.6
97123.3
97136.9
97196.5
97221.8
97249.1
97308.9
97316.9
23848.6
23841.8
23842
23841.3
23841.6
23841.4
23841.1
23841.9
23841.1
23840.3
23841.8
23841.6
23841.4
23840.6
23840.2
23841.4
23841.8
23841.5
23841.7
23841.7
23841.5
23842.5
23844.4
23844.3
23844.3
23844.2
23844.7
23846.3
23850.2
23859.4
23878.3
23913.7
23976.4
24080.7
24231.7
24455
24777.9
25211.8
25763.2
26433.1
27217.5
28106.2
29084.2
30133.3
31233.5
32365.3
33509.2
34647.7
35765.1
36848.2
37886.9
38873.2
39801.9
40669.6
41474.6
42217.2
42898.4
43520.3
44085.4
44598.3
45060.9
45478.2
45853.3
46190.3
46492.6
46762.8
47006.1
47222.1
47416.7
47590.2
47745.1
47885.4
48009.2
48120.3
48219.8
48309.6
48388.3
48462.2
48523
48582.7
48635.9
48678.9
48720.9
48760.2
48789.1
48824.9
48853.5
48870.6
48897.8
48915.1
48929.7
48950.2
48965.3
48969.9
48993.8
48996.4
49017.1
49019.2
49037
49038.7
23848.1
23841
23841.3
23841.2
23841.3
23841.3
23841.6
23840.1
23841.5
23841.1
23840.9
23841.2
23841.3
23841.9
23842
23841.4
23841.1
23841.3
23841.3
23841.5
23842.2
23841.9
23843.3
23843.9
23843.6
23843.2
23843.3
23843.6
23844.4
23846.4
23851.2
23860.7
23878.7
23910.6
23951.1
24008.7
24098
24224.2
24389.4
24594.5
24837.7
25115.5
25422.4
25751.9
26096.9
26450.1
26804.9
27155.1
27495.6
27822.3
28132
28422.5
28692.7
28942.1
29170.6
29378.9
29567.9
29738.6
29892.6
30030.7
30154.7
30265.6
30364.8
30453.6
30532.5
30603.5
30666.2
30722.8
30773.3
30817.9
30858.2
30894
30926
30954.7
30980.2
31003.2
31024.3
31042.4
31058.6
31073.9
31087.1
31098.8
31109.7
31119
31129
31134.8
31141.7
31150.3
31154.1
31158.7
31164.7
31168.3
31169.1
31176
31179
31179.5
31185.1
31185.5
31185.9
31200.4
23847.8
23841.7
23841.4
23841.6
23841.6
23841.5
23841.1
23842
23841.3
23842.3
23841.6
23841.6
23841.5
23840.9
23841.8
23841.4
23841.7
23841.4
23840.9
23841.1
23841.3
23842.1
23843.7
23844.3
23843.2
23842.7
23842.6
23842.7
23842.9
23843.2
23844.2
23846.7
23851.3
23860.2
23872.2
23885.8
23905.5
23935.8
23977.2
24030
24093.3
24166.2
24247
24333.6
24424
24516.1
24608
24698
24784.8
24867.4
24945.2
25017.5
25084.3
25145.4
25201.1
25251.6
25297.1
25338.1
25374.8
25407.8
25437.2
25463.6
25487
25508
25526.7
25543.4
25558.3
25571.7
25583.4
25594.1
25603.6
25612.1
25619.5
25626.4
25632.6
25638
25642.6
25647.2
25651.3
25654.4
25657.7
25660.6
25663.1
25665.6
25667.2
25669
25671.2
25672.3
25673.4
25674.7
25676.1
25676.9
25678.8
25678.9
25679.5
25682.1
25682.2
25684.7
25686.5
25686.5
23848.5
23841.1
23841.3
23841.1
23841.3
23841.2
23841.4
23841.4
23841.3
23841.2
23841.6
23841.3
23841.2
23840.6
23841.5
23841.3
23841
23841.4
23841.9
23841.6
23841.6
23842
23843.1
23843.9
23843
23842.6
23842.3
23842.3
23842.3
23842.3
23842.5
23843
23844.3
23846.6
23850.9
23854.8
23858.1
23863.5
23871.9
23883.1
23896.7
23912.6
23930.3
23949.3
23969
23989.1
24009.1
24028.6
24047.3
24065
24081.6
24097.1
24111.2
24124.2
24136
24146.7
24156.3
24165
24172.7
24179.7
24185.9
24191.5
24196.5
24201
24204.9
24208.5
24211.7
24214.5
24217.1
24219.4
24221.4
24223.2
24224.9
24226.3
24227.6
24228.8
24229.9
24230.8
24231.6
24232.5
24233.1
24233.7
24234.3
24234.7
24235.2
24235.7
24235.9
24236.3
24236.6
24237
24237.1
24237.4
24237.4
24238.1
24238.1
24238.2
24238.7
24238.7
24238.7
24239.8
23848.4
23841.2
23841.2
23841.5
23841.6
23841.5
23841.3
23841.4
23841.4
23841.1
23840.8
23841.4
23841.4
23841.7
23841.3
23841.6
23841.7
23841.5
23841
23841.9
23841.8
23842.2
23842.7
23843
23842.7
23842.5
23842.2
23842.1
23842
23842
23842
23842.1
23842.4
23843
23844.2
23846.4
23847.5
23847.8
23848.8
23850.6
23852.9
23855.7
23858.9
23862.3
23865.9
23869.5
23873.2
23876.7
23880.1
23883.3
23886.4
23889.2
23891.7
23894.1
23896.3
23898.2
23900
23901.6
23903
23904.3
23905.4
23906.4
23907.4
23908.2
23908.9
23909.6
23910.2
23910.7
23911.2
23911.6
23912
23912.3
23912.7
23912.9
23913.2
23913.4
23913.6
23913.8
23914
23914.1
23914.2
23914.4
23914.4
23914.5
23914.6
23914.7
23914.8
23914.8
23914.9
23914.9
23915
23915
23915
23915
23915.2
23915.2
23915.2
23915.2
23915.3
23915.3
23848.2
23841.8
23841.5
23841.2
23841.3
23841.2
23840.9
23841
23841.3
23841.6
23841.5
23841.5
23841.4
23841.6
23841.4
23841.2
23841.2
23841.2
23841.6
23841.5
23841.7
23841.8
23842.8
23842.9
23842.4
23842.3
23842.1
23842
23841.9
23841.8
23841.8
23841.8
23841.9
23842
23842.3
23842.8
23843.8
23844.2
23844.2
23844.3
23844.5
23844.8
23845.2
23845.7
23846.2
23846.7
23847.3
23847.8
23848.3
23848.8
23849.2
23849.7
23850.1
23850.4
23850.7
23851
23851.3
23851.6
23851.8
23852
23852.2
23852.3
23852.5
23852.6
23852.7
23852.8
23852.9
23853
23853.1
23853.1
23853.2
23853.2
23853.3
23853.3
23853.4
23853.4
23853.4
23853.5
23853.5
23853.5
23853.5
23853.6
23853.6
23853.6
23853.6
23853.6
23853.6
23853.6
23853.6
23853.6
23853.7
23853.7
23853.7
23853.7
23853.7
23853.7
23853.7
23853.7
23853.7
23853.7
23848.7
23840.9
23841.1
23841.4
23841.4
23841.5
23841.7
23841.2
23841.3
23841.3
23841.6
23841.1
23841.3
23841.3
23841.4
23841.5
23841.2
23841.8
23841.5
23841.4
23841.6
23842.3
23842.7
23843.4
23842.2
23842.1
23842
23841.8
23841.8
23841.7
23841.7
23841.7
23841.7
23841.7
23841.8
23841.9
23842
23842.2
23842.7
23842.8
23842.8
23842.8
23842.8
23842.8
23842.9
23842.9
23842.9
23843
23843
23843.1
23843.1
23843.2
23843.2
23843.3
23843.3
23843.3
23843.4
23843.4
23843.4
23843.4
23843.4
23843.4
23843.5
23843.5
23843.5
23843.5
23843.5
23843.5
23843.5
23843.5
23843.5
23843.5
23843.5
23843.5
23843.5
23843.5
23843.5
23843.5
23843.5
23843.5
23843.5
23843.5
23843.5
23843.5
23843.5
23843.5
23843.5
23843.5
23843.5
23843.5
23843.5
23843.5
23843.5
23843.5
23843.5
23843.5
23843.5
23843.5
23843.5
23843.5
23848
23841.2
23841.5
23841.2
23841.3
23841.2
23840.9
23841.6
23841.4
23841.4
23841.4
23841.6
23841.5
23841.4
23841.3
23841.2
23841.6
23840.9
23841.6
23841.5
23841.6
23841.9
23842.5
23842.6
23842.2
23841.9
23841.9
23841.8
23841.7
23841.6
23841.6
23841.6
23841.6
23841.6
23841.6
23841.7
23841.7
23841.7
23841.8
23841.8
23841.8
23841.9
23841.9
23842
23842
23842
23842
23842
23841.9
23841.9
23841.9
23841.9
23841.9
23841.9
23841.9
23841.9
23841.9
23841.9
23841.9
23841.9
23841.9
23841.9
23841.9
23841.8
23841.8
23841.8
23841.8
23841.8
23841.8
23841.8
23841.8
23841.8
23841.8
23841.8
23841.8
23841.8
23841.8
23841.8
23841.8
23841.8
23841.8
23841.8
23841.8
23841.8
23841.8
23841.8
23841.8
23841.8
23841.8
23841.8
23841.8
23841.8
23841.8
23841.8
23841.8
23841.8
23841.8
23841.8
23841.8
23841.8
23848.2
23841.5
23841.1
23841.4
23841.4
23841.5
23841
23840.9
23841
23841.3
23841.4
23841.3
23841.3
23841.3
23841.4
23841.3
23841.2
23841.5
23841.3
23841.3
23841.7
23841.8
23842.3
23842.1
23842.1
23841.9
23841.8
23841.7
23841.6
23841.6
23841.6
23841.6
23841.6
23841.6
23841.6
23841.6
23841.6
23841.6
23841.6
23841.6
23841.6
23841.6
23841.6
23841.6
23841.6
23841.6
23841.6
23841.6
23841.6
23841.6
23841.6
23841.6
23841.6
23841.6
23841.6
23841.6
23841.6
23841.6
23841.6
23841.6
23841.6
23841.6
23841.6
23841.6
23841.6
23841.6
23841.6
23841.6
23841.6
23841.6
23841.6
23841.6
23841.5
23841.5
23841.5
23841.5
23841.5
23841.5
23841.5
23841.5
23841.5
23841.5
23841.5
23841.5
23841.5
23841.5
23841.5
23841.5
23841.5
23841.5
23841.5
23841.5
23841.5
23841.5
23841.5
23841.5
23841.5
23841.5
23841.5
23841.5
23848.1
23841.4
23841.5
23841.2
23841.3
23841.3
23841.7
23841.3
23841.7
23841.4
23841.4
23841.4
23841.4
23841.3
23841.2
23841.7
23841.4
23841.5
23841.4
23841.5
23841.7
23841.9
23842.1
23842.6
23842.1
23841.8
23841.7
23841.7
23841.6
23841.5
23841.5
23841.5
23841.5
23841.5
23841.5
23841.5
23841.6
23841.6
23841.6
23841.6
23841.6
23841.6
23841.6
23841.5
23841.5
23841.5
23841.5
23841.5
23841.5
23841.5
23841.5
23841.5
23841.5
23841.5
23841.5
23841.5
23841.5
23841.5
23841.5
23841.5
23841.5
23841.5
23841.5
23841.5
23841.5
23841.5
23841.5
23841.5
23841.5
23841.5
23841.5
23841.5
23841.5
23841.5
23841.5
23841.5
23841.5
23841.5
23841.5
23841.5
23841.5
23841.5
23841.5
23841.5
23841.5
23841.5
23841.5
23841.5
23841.5
23841.5
23841.5
23841.5
23841.5
23841.5
23841.5
23841.5
23841.5
23841.5
23841.5
23841.5
23848.4
23841.2
23841.4
23841.3
23841.3
23841.2
23841.4
23841.2
23841
23841.4
23841.4
23841.2
23841.3
23841.3
23841.3
23840.8
23841.3
23841.4
23841.4
23841.5
23841.5
23841.7
23842
23842.3
23842.2
23841.8
23841.6
23841.6
23841.6
23841.5
23841.5
23841.5
23841.5
23841.5
23841.5
23841.5
23841.5
23841.5
23841.5
23841.5
23841.5
23841.5
23841.5
23841.5
23841.5
23841.5
23841.5
23841.5
23841.5
23841.5
23841.5
23841.5
23841.5
23841.5
23841.5
23841.4
23841.4
23841.4
23841.4
23841.4
23841.4
23841.4
23841.4
23841.4
23841.4
23841.4
23841.4
23841.4
23841.4
23841.4
23841.4
23841.4
23841.4
23841.4
23841.4
23841.4
23841.4
23841.4
23841.4
23841.4
23841.4
23841.4
23841.4
23841.4
23841.4
23841.4
23841.4
23841.4
23841.4
23841.4
23841.4
23841.4
23841.4
23841.4
23841.4
23841.4
23841.4
23841.4
23841.4
23841.4
23848.1
23841.4
23840.8
23841.4
23841.4
23841.6
23841.4
23841.4
23841.2
23841.3
23841.4
23841.6
23841.4
23841.3
23841.4
23841.3
23841.4
23841.3
23841.5
23841.3
23841.4
23841.5
23841.7
23841.6
23842
23842
23841.5
23841.6
23841.5
23841.5
23841.5
23841.5
23841.5
23841.5
23841.5
23841.5
23841.5
23841.5
23841.5
23841.5
23841.5
23841.5
23841.5
23841.4
23841.4
23841.4
23841.4
23841.4
23841.4
23841.4
23841.4
23841.4
23841.4
23841.4
23841.4
23841.4
23841.4
23841.4
23841.4
23841.4
23841.4
23841.4
23841.4
23841.4
23841.4
23841.4
23841.4
23841.4
23841.4
23841.4
23841.4
23841.4
23841.4
23841.4
23841.4
23841.4
23841.4
23841.4
23841.4
23841.4
23841.4
23841.4
23841.4
23841.4
23841.4
23841.4
23841.4
23841.4
23841.4
23841.4
23841.4
23841.4
23841.4
23841.4
23841.4
23841.4
23841.4
23841.4
23841.4
23841.4
23848.3
23841.3
23841.4
23841.1
23841.2
23841
23841.4
23841.3
23841.5
23841.4
23841.3
23840.9
23841.3
23841.3
23841.3
23841.4
23841.4
23841.4
23841.4
23841.7
23841.7
23841.9
23841.8
23841.7
23842.4
23841.3
23841.5
23841.5
23841.4
23841.5
23841.4
23841.4
23841.4
23841.4
23841.4
23841.4
23841.4
23841.4
23841.4
23841.4
23841.4
23841.4
23841.4
23841.4
23841.4
23841.4
23841.4
23841.4
23841.4
23841.4
23841.4
23841.4
23841.4
23841.4
23841.4
23841.4
23841.4
23841.4
23841.4
23841.4
23841.4
23841.4
23841.4
23841.4
23841.4
23841.4
23841.4
23841.4
23841.4
23841.4
23841.4
23841.4
23841.4
23841.4
23841.4
23841.4
23841.4
23841.4
23841.4
23841.4
23841.4
23841.4
23841.4
23841.4
23841.4
23841.4
23841.4
23841.4
23841.4
23841.4
23841.4
23841.4
23841.4
23841.4
23841.4
23841.4
23841.4
23841.4
23841.4
23841.4
23848
23841.4
23841.3
23841.6
23841.4
23841.4
23841.2
23841.1
23841.4
23841.4
23841.4
23841.5
23841.5
23841.3
23841.4
23841.5
23841.2
23841.3
23841.3
23841.3
23841.4
23841.5
23841.6
23842
23841.7
23841.5
23841.5
23841.4
23841.4
23841.4
23841.4
23841.4
23841.4
23841.4
23841.4
23841.4
23841.4
23841.4
23841.4
23841.4
23841.4
23841.4
23841.4
23841.4
23841.4
23841.4
23841.4
23841.4
23841.4
23841.4
23841.4
23841.4
23841.4
23841.4
23841.4
23841.4
23841.4
23841.3
23841.3
23841.3
23841.3
23841.3
23841.3
23841.3
23841.3
23841.3
23841.3
23841.3
23841.3
23841.3
23841.3
23841.3
23841.3
23841.3
23841.3
23841.3
23841.3
23841.3
23841.3
23841.3
23841.3
23841.3
23841.3
23841.3
23841.3
23841.3
23841.3
23841.3
23841.3
23841.3
23841.3
23841.3
23841.3
23841.3
23841.3
23841.3
23841.3
23841.3
23841.3
23841.3
23848.1
23841.3
23841.4
23841.1
23841.3
23841.5
23841.6
23841.6
23841.5
23841.3
23841.3
23841.2
23841.2
23841.3
23841.2
23841.4
23841.6
23841.5
23841.3
23841.4
23841.5
23841.8
23841.5
23841.1
23841.4
23841.5
23841.5
23841.5
23841.4
23841.4
23841.4
23841.4
23841.4
23841.4
23841.4
23841.4
23841.4
23841.4
23841.4
23841.4
23841.4
23841.4
23841.4
23841.4
23841.4
23841.4
23841.4
23841.4
23841.4
23841.4
23841.3
23841.3
23841.3
23841.3
23841.3
23841.3
23841.3
23841.3
23841.3
23841.3
23841.3
23841.3
23841.3
23841.3
23841.3
23841.3
23841.3
23841.3
23841.3
23841.3
23841.3
23841.3
23841.3
23841.3
23841.3
23841.3
23841.3
23841.3
23841.3
23841.3
23841.3
23841.3
23841.3
23841.3
23841.3
23841.3
23841.3
23841.3
23841.3
23841.3
23841.3
23841.3
23841.3
23841.3
23841.3
23841.3
23841.3
23841.3
23841.3
23841.3
23848.3
23841.4
23841.2
23841.2
23841.4
23841.4
23841
23841.3
23841.2
23841.4
23841.3
23841.3
23841.5
23841.3
23841.4
23841.3
23841.3
23841.3
23841.4
23841.4
23841.3
23841.4
23841.5
23841
23841.1
23841.5
23841.6
23841.4
23841.4
23841.4
23841.4
23841.4
23841.4
23841.4
23841.4
23841.4
23841.4
23841.4
23841.4
23841.4
23841.4
23841.4
23841.4
23841.4
23841.4
23841.4
23841.4
23841.3
23841.3
23841.3
23841.3
23841.3
23841.3
23841.3
23841.3
23841.3
23841.3
23841.3
23841.3
23841.3
23841.3
23841.3
23841.3
23841.3
23841.3
23841.3
23841.3
23841.3
23841.3
23841.3
23841.3
23841.3
23841.3
23841.3
23841.3
23841.3
23841.3
23841.3
23841.3
23841.3
23841.3
23841.3
23841.3
23841.3
23841.3
23841.3
23841.3
23841.3
23841.3
23841.3
23841.3
23841.3
23841.3
23841.3
23841.3
23841.3
23841.3
23841.3
23841.3
23841.3
23847.7
23841.2
23841.3
23841.2
23841.2
23841.3
23841.5
23841.5
23841.4
23841.3
23841.4
23841.4
23841.1
23841.4
23841.3
23841.4
23841.5
23841.2
23841.3
23841.3
23841.6
23841.6
23841.8
23841.7
23841.1
23841.4
23841.3
23841.4
23841.4
23841.4
23841.4
23841.4
23841.4
23841.4
23841.5
23841.5
23841.6
23841.7
23841.8
23841.8
23841.9
23842
23842.1
23842.2
23842.3
23842.3
23842.4
23842.4
23842.5
23842.5
23842.5
23842.6
23842.6
23842.6
23842.6
23842.6
23842.6
23842.6
23842.6
23842.6
23842.6
23842.6
23842.5
23842.4
23842.3
23842.3
23842.2
23842.2
23842.1
23842.1
23842.1
23842.1
23842.1
23842.1
23842.1
23842.1
23842.1
23842.1
23842.1
23842.1
23842.1
23842.1
23842.1
23842.1
23842.1
23842.1
23842.1
23842.1
23842.1
23842
23842
23842
23842
23842
23841.9
23841.9
23841.9
23841.9
23841.9
23841.9
23848.1
23841.4
23841.3
23841.4
23841.5
23841.4
23841.5
23841.2
23841.3
23841.4
23841.3
23841.4
23841.3
23841.3
23841.4
23841.2
23841.3
23841.5
23841.5
23841.5
23841.4
23841.5
23841.4
23841.6
23841.8
23841.8
23841.6
23841.4
23841.4
23841.4
23841.5
23841.9
23842.8
23844.9
23849
23855.6
23865
23876.8
23889.9
23903.4
23918.4
23934.3
23950.6
23967
23983
23998.4
24013
24026.6
24039.1
24050.5
24060.9
24070.1
24078.3
24085.5
24091.9
24097.4
24102.1
24106.2
24109.8
24112.7
24115.3
24117.4
24119.3
24120.8
24122.1
24123.1
24124
24124.7
24125.4
24125.9
24126.3
24126.6
24126.9
24127.2
24127.4
24127.5
24127.6
24127.8
24127.8
24127.9
24128
24128.6
24128.6
24128.7
24167.1
24167.1
24167.1
24167.1
24210.7
24210.7
24210.7
24237.2
24232.7
24232.7
24230.8
24214.5
24214.5
24201.1
24201.1
24188.1
23848.2
23841.3
23841.3
23841.3
23841.2
23841.3
23841.3
23841.4
23841.4
23841.3
23841.4
23841.3
23841.4
23841.4
23841.2
23841.4
23841.4
23841.3
23841.3
23841.3
23841.4
23841.5
23841.6
23841.3
23841.3
23841.3
23841.3
23841.4
23841.4
23841.8
23843.3
23849.1
23867.6
23915
24017.8
24211.4
24535.4
25029.3
25729.3
26666.9
27868.8
29358.2
31155.4
33277.8
35740.3
38554.6
41728.6
45265.5
49163.1
53412.9
57999.5
62900.8
68087.7
73525.2
79173.1
84986.7
90919.1
96921.8
102945
108944
114872
120691
126362
131857
137146
142211
147036
151609
155926
159982
163779
167320
170614
173667
176492
179090
181491
183684
185702
187546
189232
190761
192162
193439
194593
195642
196594
197470
198233
198953
199594
200175
200706
201152
201597
202002
202330
202652
202923
203155
23847.7
23841.2
23841.3
23841.2
23841.2
23841.4
23841.4
23841.3
23841.3
23841.4
23841.3
23841.3
23841.4
23841.3
23841.3
23841.2
23841.4
23841.3
23841.3
23841.3
23841.5
23841.3
23841.6
23841.5
23841.4
23841.3
23841.4
23841.4
23841.5
23841.7
23842.6
23846.7
23859.7
23893.4
23967.6
24108
24342.8
24698.1
25193.7
25841.6
26645.4
27601.5
28699.3
29923
31252.4
32663.6
34131.2
35628
37127.6
38605
40036.6
41403.9
42689.9
43884.1
44979.3
45970.5
46858.3
47644.7
48333.9
48935.6
49449.8
49892.7
50268.6
50585.3
50848.4
51069.5
51251.3
51399
51529.7
51621.8
51702.4
51764
51811.9
51859.6
51893.7
51901.7
51949.2
51949.3
51948.2
51946.2
51943.5
51905
51901.6
51898.1
51894.6
51830.6
51827.3
51824.2
51756.6
51754.1
51751.8
51714
51711.9
51593.5
51592.2
51590.6
51519.8
51451.6
51444.9
51353.7
23848
23841.5
23841.2
23841.5
23841.6
23841.2
23841.2
23841.3
23841.3
23841.3
23841.3
23841.4
23841.3
23841.4
23841.3
23841.3
23841.2
23841.3
23841.4
23841.4
23841.4
23841.5
23841.2
23841.6
23841.3
23841.3
23841.3
23841.4
23841.4
23841.5
23841.8
23843.2
23847.8
23859.8
23886.1
23935.9
24018.8
24142.4
24311.2
24525.4
24781
25070.9
25385.6
25714.5
26047.3
26374.1
26686.5
26977.9
27243
27479.7
27685.1
27860.3
28005
28122.8
28214.3
28282.8
28333.5
28376.2
28411.9
28441.6
28466.2
28486.5
28503.1
28516.8
28528
28537.1
28544.5
28550.5
28555.4
28559.4
28562.6
28565.2
28567.2
28568.9
28570.3
28571.3
28572.2
28572.9
28573.4
28573.9
28622.7
28622.9
28685
28685.1
28709.5
28709.5
28736.1
28736.2
28885.6
28885.6
28967
28896
28896
28895.9
28702.9
28702.9
28611.5
28536.3
28536.3
28469.4
23847.7
23841.4
23841.3
23841.3
23841.4
23841.4
23841.4
23841.3
23841.3
23841.3
23841.4
23841.4
23841.4
23841.2
23841.3
23841.3
23841.3
23841.4
23841.4
23841.3
23841.4
23841.3
23841.3
23841.3
23841.5
23841.5
23841.5
23841.6
23841.4
23841.6
23842.7
23847.6
23864.1
23909.6
24014.7
24222.7
24585.3
25156.7
25988.9
27130.5
28627
30523.3
32864.5
35697.8
39072.6
43039.6
47650.8
52955.9
59001.8
65827.1
73463.3
81927.8
91223.5
101338
112239
123875
136180
149069
162446
176212
190243
204422
218638
232791
246751
260431
273769
286661
299072
310913
322204
332907
342966
352419
361233
369462
377102
384140
390672
396707
402293
407444
412159
416497
420492
424237
427535
430633
433380
435998
438455
440616
442648
444624
446264
447841
449301
450636
451992
453029
23847.8
23841.4
23841.3
23841.3
23841.4
23841.2
23841.4
23841.4
23841.3
23841.5
23841.1
23841.3
23841.3
23841.5
23841.3
23841.3
23841.4
23841.3
23841.4
23841.4
23841.4
23841.5
23841.5
23841.3
23841.4
23841.3
23841.3
23841.3
23841.3
23841.5
23842.5
23846.6
23861.3
23903.5
24004.4
24209.2
24572.9
25152.5
26001.6
27167.3
28691
30608.9
32953.8
35754.4
39035.8
42816.7
47107.6
51908.9
57207.3
62975.3
69169.1
75729.2
82583.2
89647.6
96829.9
104036
111176
118163
124924
131396
137532
143294
148663
153630
158198
162376
166171
169612
172719
175519
178027
180277
182291
184094
185706
187140
188426
189587
190631
191562
192383
193130
193811
194459
194989
195470
195966
196419
196756
197162
197425
197697
198014
198269
198823
199215
199395
199538
199634
199485
23847.6
23841.3
23841.4
23841.2
23841.3
23841.3
23841.3
23841.3
23841.3
23841.2
23841.4
23841.4
23841.3
23841.3
23841.4
23841.3
23841.3
23841.4
23841.4
23841.4
23841.4
23841.3
23841.4
23841.4
23841.3
23841.4
23841.4
23841.4
23841.4
23841.5
23842.4
23846.2
23860.3
23902.2
24004.6
24216.8
24599.9
25219.7
26139.9
27420.9
29119.9
31293.9
34002.1
37307.4
41277.2
45982.8
51498.1
57897
65250.4
73622.5
83067.3
93622.7
105309
118124
132042
147009
162955
179778
197359
215565
234246
253256
272429
291619
310685
329480
347883
365802
383108
399758
415695
430805
445160
458655
471348
483195
494256
504459
513977
522742
530834
538338
545295
551589
557428
562836
567692
572013
576395
579935
583322
586597
589161
591925
594107
596227
598067
603893
605696
607187
23847.6
23841.4
23841.2
23841.3
23841.3
23841.3
23841.3
23841.4
23841.2
23841.1
23841.3
23841.3
23841.4
23841.3
23841.3
23841.4
23841.3
23841.3
23841.4
23841.3
23841.3
23841.4
23841.3
23841.4
23841.4
23841.4
23841.5
23841.4
23841.4
23841.5
23842.3
23846.1
23860
23901.6
24004.2
24218.1
24606.2
25236.4
26175.5
27487
29232.3
31473.3
34275
37708.2
41849
46779.3
52584.6
59351.8
67165.5
76102.7
86228.4
97590
110212
124090
139192
155453
172774
191032
210075
229734
249826
270170
290571
310858
330865
350449
369464
387829
405444
422235
438175
453198
467331
480544
492884
504378
514973
524733
533811
542169
549755
556747
563152
568895
574326
579153
583495
587268
591200
594309
597347
599976
602492
604687
606651
608436
610009
615424
616498
618257
23847.4
23841.3
23841.3
23841.3
23841.4
23841.4
23841.4
23841.3
23841.3
23841.4
23841.4
23841.3
23841.2
23841.3
23841.5
23841.3
23841.4
23841.4
23841.3
23841.4
23841.4
23841.4
23841.5
23841.4
23841.3
23841.4
23841.3
23841.3
23841.4
23841.5
23842.3
23846.1
23860.2
23902.3
24006
24222.2
24614.3
25250.8
26199.1
27523.4
29285.3
31546.8
34372.3
37829.6
41989.4
46922.6
52695.3
59362.8
66960.4
75491.3
84917
95148.1
106038
117380
128919
140369
151436
161850
171384
179880
187248
193473
198593
202694
205890
208298
210048
211253
212022
212445
212601
212555
212363
212064
211687
211267
210820
210381
209915
209451
209040
208602
208242
207905
207517
207179
206885
206638
206271
206077
205792
205511
205281
205081
204947
204765
204640
204421
204324
204054
23847.5
23841.3
23841.5
23841.2
23841.2
23841.2
23841.2
23841.3
23841.4
23841.2
23841.3
23841.4
23841.4
23841.3
23841.2
23841.3
23841.3
23841.3
23841.4
23841.3
23841.3
23841.3
23841.2
23841.4
23841.4
23841.4
23841.4
23841.4
23841.4
23841.5
23842.1
23845.1
23856.7
23892
23980.8
24169.1
24515.4
25083.5
25936.4
27133.6
28732.7
30791.8
33373.6
36547.7
40393.9
45003.2
50478.3
56935
64499.9
73308.8
83503.2
95226.4
108615
123784
140822
159769
180592
203172
227277
252543
278484
304487
329863
353928
376029
395660
412484
426385
437409
445793
451835
455885
458371
459537
459687
459242
458166
456759
455250
453270
451765
449639
448515
446402
445060
443309
441651
441000
438473
437405
436342
434078
432373
430457
428564
428244
426221
424606
423080
421677
23847.3
23841.3
23841.3
23841.3
23841.3
23841.3
23841.3
23841.3
23841.3
23841.4
23841.3
23841.3
23841.2
23841.4
23841.4
23841.4
23841.3
23841.4
23841.3
23841.4
23841.3
23841.3
23841.4
23841.4
23841.3
23841.4
23841.4
23841.4
23841.4
23841.5
23842.1
23845.2
23857.3
23894.4
23988.8
24190.5
24564.2
25181.3
26113.3
27429.5
29198
31488.9
34377.6
37947
42289.7
47507.3
53709.1
61009.2
69523.2
79362
90623.2
103388
117710
133612
151079
170057
190450
212139
234974
258795
283446
308798
334737
361221
388276
415996
444619
474468
506005
539869
576889
618141
664915
718879
782045
856800
945809
1.05194e+06
1.17745e+06
1.32473e+06
1.49456e+06
1.68852e+06
1.90464e+06
2.14495e+06
2.4058e+06
2.68851e+06
2.99052e+06
3.3033e+06
3.68082e+06
4.01025e+06
4.38402e+06
4.81196e+06
5.498e+06
6.36104e+06
7.02806e+06
7.29892e+06
7.6269e+06
7.94876e+06
8.39672e+06
8.47255e+06
)
;

boundaryField
{
    inlet_1
    {
        type            inletOutlet;
        inletValue      uniform 25000;
        value           nonuniform List<scalar> 
400
(
23841.5
23841.2
23841.3
23841.4
23841.2
23841.4
23841.2
23841.3
23841.3
23841.3
23841.3
23841.4
23841.3
23841.4
23841.1
23841.3
23841.3
23841.2
23841.3
23841.3
23841.2
23841.3
23841.4
23841.2
23841.2
23841.4
23841.2
23841.2
23841.6
23840.9
23842.2
25000
23842.3
23841.7
23841.7
23842.8
23841.3
23843.2
23841.9
23843
23842.1
23843.3
23844.5
23844
23842.4
23843.8
23845.4
25000
23843.6
25000
25000
23843.6
23846
23844.3
23844.6
25000
25000
23845
23844.3
23845.3
23843.7
23848
23846.9
25000
25000
23842.9
23850.9
23847.8
23843.7
25000
25000
23845.1
23848
23842.6
25000
23843.2
23848.1
23844.2
25000
25000
23847.9
23846.6
25000
25000
23844
23847.9
23845
25000
25000
23846.1
23847.3
23843.4
25000
25000
23847.1
23846.7
23842.7
25000
25000
23846.8
23846.9
23844.3
25000
25000
23842.5
23847.8
23846.2
23842.4
25000
25000
23845.2
23845
23844.1
23846.4
23844.6
25000
25000
23856.4
23859.7
23862.9
25000
25000
25000
25000
25000
25000
25000
25000
25000
25000
25000
25000
25000
25000
25000
25000
25000
25000
25000
25000
25000
25000
25000
25000
25000
25000
25000
25000
25000
25000
25000
25000
25000
25000
25000
25000
25000
25000
25000
25000
25000
25000
25000
25000
25000
25000
25000
25000
25000
25000
25000
25000
25000
25000
25000
25000
25000
25000
25000
25000
25000
25000
25000
25000
25000
25000
25000
25000
25000
25000
25000
25000
25000
25000
25000
25000
25000
25000
25000
25000
25000
25000
25000
25000
25000
25000
25000
25000
25000
25000
25000
25000
25000
25000
25000
25000
25000
25000
25000
25000
25000
25000
25000
25000
25000
25000
25000
25000
25000
25000
25000
25000
25000
25000
25000
25000
25000
25000
25000
25000
25000
25000
25000
25000
25000
25000
25000
25000
25000
25000
25000
25000
25000
25000
25000
25000
25000
25000
25000
25000
25000
25000
25000
25000
25000
25000
25000
25000
25000
25000
25000
25000
25000
25000
25000
25000
25000
25000
25000
25000
25000
25000
25000
23858.8
25000
23856
25000
25000
25000
25000
25000
23849.8
25000
23847.2
23848.2
25000
23846.6
25000
25000
23847.7
23852
23849.5
25000
25000
25000
23848.2
23850.4
23852.8
25000
25000
25000
25000
23849.9
23853.5
25000
25000
25000
23852.9
25000
25000
23847.1
23852.1
23851.2
25000
25000
23847
23850.3
23853.6
25000
25000
25000
23850
23853
23852.3
25000
25000
25000
23851.3
23854
25000
25000
25000
23847.3
23851.5
23849.1
25000
23847.4
25000
25000
23848.9
25000
25000
23847.1
23850.7
25000
25000
23850.6
25000
25000
23849.1
25000
25000
25000
25000
23848.6
25000
23848.8
25000
25000
25000
25000
25000
25000
25000
25000
25000
25000
25000
25000
25000
25000
25000
25000
25000
25000
25000
25000
25000
25000
25000
25000
25000
25000
25000
25000
25000
25000
25000
25000
25000
)
;
    }
    outlet_2
    {
        type            inletOutlet;
        inletValue      uniform 25000;
        value           nonuniform List<scalar> 
200
(
23841.5
23841.2
23841.5
23841.3
23841.3
23841.2
23841.3
23841.3
23841.2
23841.3
23841.3
23841.3
23841.3
23841.3
23841.3
23841.3
23841.3
23841.3
23841.3
23841.3
23841.3
23841.3
23841.2
23841.3
23841.3
23841.3
23841.3
23841.3
23841.3
23841.3
23841.6
23843
23849.1
23869.2
23923.5
24045.7
24282.4
24687.4
25315.7
26219.3
27446.1
29041
31048.3
33513.6
36485.5
40016.1
44161.6
48982.1
54541.7
60906.9
68146.6
76330.7
85531.1
95815.7
107255
119922
133886
149213
165980
184269
204154
225730
249096
274353
301622
331041
362752
396915
433695
473276
515824
561588
610744
663442
720085
780730
845563
914714
988583
1.0669e+06
1.14958e+06
1.2366e+06
1.32787e+06
1.42236e+06
1.52057e+06
1.6213e+06
1.72462e+06
1.82729e+06
1.94757e+06
2.05388e+06
2.1598e+06
2.25205e+06
2.45568e+06
2.92617e+06
3.07964e+06
3.28727e+06
3.95806e+06
5.05794e+06
6.66047e+06
7.95073e+06
8.47255e+06
23847.3
23841.3
23841.3
23841.3
23841.3
23841.3
23841.3
23841.3
23841.3
23841.4
23841.3
23841.3
23841.2
23841.4
23841.4
23841.4
23841.3
23841.4
23841.3
23841.4
23841.3
23841.3
23841.4
23841.4
23841.3
23841.4
23841.4
23841.4
23841.4
23841.5
23842.1
23845.2
23857.3
23894.4
23988.8
24190.5
24564.2
25181.3
26113.3
27429.5
29198
31488.9
34377.6
37947
42289.7
47507.3
53709.1
61009.2
69523.2
79362
90623.2
103388
117710
133612
151079
170057
190450
212139
234974
258795
283446
308798
334737
361221
388276
415996
444619
474468
506005
539869
576889
618141
664915
718879
782045
856800
945809
1.05194e+06
1.17745e+06
1.32473e+06
1.49456e+06
1.68852e+06
1.90464e+06
2.14495e+06
2.4058e+06
2.68851e+06
2.99052e+06
3.3033e+06
3.68082e+06
4.01025e+06
4.38402e+06
4.81196e+06
5.498e+06
6.36104e+06
7.02806e+06
7.29892e+06
7.6269e+06
7.94876e+06
8.39672e+06
)
;
    }
    symplane_3
    {
        type            empty;
    }
    wall_4
    {
        type            epsilonWallFunction;
        blending        stepwise;
        value           nonuniform List<scalar> 
260
(
7.36014e+08
1.03044e+09
2.38092e+09
3.33955e+09
3.71889e+09
3.98448e+09
3.92676e+09
4.1809e+09
4.14051e+09
4.17969e+09
4.22778e+09
4.28499e+09
4.24839e+09
4.3966e+09
4.24926e+09
4.33645e+09
4.32846e+09
4.3214e+09
4.37553e+09
4.3812e+09
4.39727e+09
4.395e+09
4.42902e+09
4.44749e+09
4.47393e+09
4.50808e+09
4.49155e+09
4.48714e+09
4.47178e+09
4.42229e+09
4.38764e+09
4.33953e+09
4.35271e+09
4.41287e+09
4.50999e+09
4.71241e+09
4.86339e+09
5.03274e+09
5.1411e+09
5.04768e+09
5.04005e+09
4.97404e+09
4.89605e+09
4.83011e+09
4.66299e+09
4.51762e+09
4.43427e+09
4.31238e+09
4.11416e+09
3.98555e+09
3.85961e+09
3.76843e+09
3.64707e+09
3.55758e+09
3.43124e+09
3.32868e+09
3.19417e+09
3.09491e+09
2.98847e+09
2.98565e+09
2.95689e+09
2.7818e+09
2.69617e+09
2.66658e+09
2.63252e+09
2.58481e+09
2.57882e+09
2.54209e+09
2.50327e+09
2.47251e+09
2.4633e+09
2.47733e+09
2.47323e+09
2.41625e+09
2.42957e+09
2.3979e+09
2.41716e+09
2.3372e+09
2.33643e+09
2.34214e+09
2.36738e+09
2.40029e+09
2.35945e+09
2.28566e+09
2.20759e+09
2.18609e+09
2.17843e+09
2.18984e+09
2.14468e+09
2.09232e+09
2.09366e+09
2.10335e+09
2.14715e+09
2.16805e+09
2.17049e+09
2.14443e+09
2.0804e+09
2.01544e+09
1.98138e+09
1.9837e+09
2.01449e+09
2.05481e+09
2.0866e+09
2.11034e+09
2.13672e+09
2.17519e+09
2.21627e+09
2.26558e+09
2.32293e+09
2.38022e+09
2.42439e+09
2.45202e+09
2.46164e+09
2.46125e+09
2.45756e+09
2.4543e+09
2.45581e+09
2.46223e+09
2.47055e+09
2.47906e+09
2.48672e+09
2.493e+09
2.49753e+09
2.50008e+09
2.50036e+09
2.49762e+09
2.49023e+09
2.47619e+09
2.45645e+09
3.21388e+09
2.43682e+09
2.41485e+09
2.39195e+09
2.3649e+09
2.33602e+09
2.31666e+09
2.32821e+09
2.33906e+09
2.34671e+09
2.35281e+09
2.35505e+09
2.34929e+09
2.34002e+09
2.32766e+09
2.31227e+09
2.29357e+09
2.27151e+09
2.24653e+09
2.21921e+09
2.1905e+09
2.16195e+09
2.13259e+09
2.10099e+09
2.06361e+09
2.01601e+09
1.9603e+09
1.90077e+09
1.84522e+09
1.80152e+09
1.7724e+09
1.75247e+09
1.73428e+09
1.70967e+09
1.66449e+09
1.62224e+09
1.59288e+09
1.57745e+09
1.5725e+09
1.56914e+09
1.56173e+09
1.55259e+09
1.54681e+09
1.55022e+09
1.56787e+09
1.60582e+09
1.65113e+09
1.67178e+09
1.64962e+09
1.654e+09
1.65841e+09
1.69268e+09
1.66284e+09
1.65135e+09
1.64708e+09
1.62104e+09
1.6506e+09
1.61868e+09
1.64735e+09
1.63721e+09
1.67199e+09
1.67526e+09
1.67669e+09
1.68181e+09
1.68768e+09
1.69482e+09
1.70443e+09
1.72007e+09
1.69525e+09
1.72147e+09
1.70622e+09
1.72195e+09
1.72733e+09
1.71684e+09
1.71792e+09
1.72056e+09
1.73189e+09
1.71738e+09
1.71555e+09
1.73618e+09
1.72946e+09
1.69756e+09
1.71361e+09
1.67391e+09
1.657e+09
1.66987e+09
1.62302e+09
1.62181e+09
1.60983e+09
1.57496e+09
1.5719e+09
1.56047e+09
1.55567e+09
1.55654e+09
1.58256e+09
1.5689e+09
1.62154e+09
1.64424e+09
1.7063e+09
1.76386e+09
1.82771e+09
1.87282e+09
1.91823e+09
1.94971e+09
1.96754e+09
1.99574e+09
2.01631e+09
2.02412e+09
2.06262e+09
2.08063e+09
2.06572e+09
2.1026e+09
2.11607e+09
2.13593e+09
2.15898e+09
2.12957e+09
2.20312e+09
2.18741e+09
2.17248e+09
2.2336e+09
2.14483e+09
2.30413e+09
2.17199e+09
2.28009e+09
2.19058e+09
2.31217e+09
2.24679e+09
2.27576e+09
2.3727e+09
2.22304e+09
2.61539e+09
)
;
    }
}


// ************************************************************************* //
