(0 "Machine Config:")
(4 (0 0 0 1 2 4 4 4 8 4 4))
(0 "Dimensions:")
(2 3)
(0 "Grid:")
(0 "Node Section")
(10 (0 1 1cf0 0))
(10 (8 1 1cf0 1 3)(
       501.0000000000185                       0.                       0.
       501.0000000000185                       0.    -8.490737139582264E-6
       501.0000000000185                       0.   -2.3191064701183988E-5
       501.0000000000185                       0.    -4.864228632882729E-5
       501.0000000000185                       0.    -9.270692955338948E-5
       501.0000000000185                       0.  -0.00016899768022689637
       501.0000000000185                       0.  -0.00030108268707965564
       501.0000000000185                       0.   -0.0005297663620645176
       501.0000000000185                       0.   -0.0009256949012549024
       501.0000000000185                       0.   -0.0016111806847214662
       501.0000000000185                       0.    -0.002797987681386847
       501.0000000000185                       0.    -0.004852750740320251
       501.0000000000185                       0.     -0.00841023843912407
       501.0000000000185                       0.     -0.01456944930551968
       501.0000000000185                       0.    -0.025233120583748235
       501.0000000000185                       0.     -0.04369553260066059
       501.0000000000185                       0.     -0.07566019685363494
       501.0000000000185                       0.     -0.13100181852679832
       501.0000000000185                       0.     -0.22681684918189815
       501.0000000000185                       0.      -0.3927050388349991
       501.0000000000185                       0.      -0.6799136219910974
       501.0000000000185                       0.      -1.1771690475530459
       501.0000000000185                       0.      -2.0380872719965932
       501.0000000000185                       0.      -3.5286308345223962
       501.0000000000185                       0.       -6.109275154889997
       501.0000000000185                       0.      -10.577272135342312
       501.0000000000185                       0.       -18.31297568002257
       501.0000000000185                       0.      -31.706375204058357
       501.0000000000185                       0.      -54.895756985214504
       501.0000000000185                       0.       -95.04713372858485
       501.0000000000185                       0.      -164.57113919460363
       501.0000000000185                       0.      -284.96713144944476
       501.0000000000185                       0.      -493.49850840708314
      328.02019853836543                       0.                       0.
       328.0201985383154                       0.    -8.490785197601901E-6
       328.0201985381636                       0.   -2.3191350738711483E-5
      328.02019853791006                       0.    -4.864325243133362E-5
      328.02019853755473                       0.    -9.270953727717553E-5
       328.0201985370977                       0.  -0.00016900393405639102
        328.020198536539                       0.  -0.00030109664575982955
       328.0201985358786                       0.   -0.0005297960714952136
       328.0201985351165                       0.   -0.0009257560560952479
       328.0201985343052                       0.   -0.0016113035221842844
       328.0201985334969                       0.    -0.002798229864144985
       328.0201985326926                       0.    -0.004853221294179412
      328.02019853190365                       0.     -0.00841114205302431
       328.0201985311651                       0.    -0.014571167973350209
       328.0201985305906                       0.    -0.025236363536606944
      328.02019853054804                       0.    -0.043701610807650455
       328.0201985322205                       0.     -0.07567152424472644
       328.0201985393965                       0.      -0.1310228250752927
        328.020198564161                       0.     -0.22685564011039544
       328.0201986449282                       0.      -0.3927764103495504
      328.02019890348527                       0.       -0.680044542637813
      328.02019972510175                       0.       -1.177408607286454
      328.02020232655605                       0.      -2.0385247745573256
       328.0202105470149                       0.      -3.5294287958753663
       328.0202365010926                       0.       -6.110729978443818
      328.02031844098855                       0.      -10.579926908559765
       328.0205776782612                       0.       -18.31783347195209
      328.02140235737215                       0.       -31.71531224263349
       328.0240531729491                       0.       -54.91235545587837
      328.03272916268344                       0.       -95.07848463039635
      328.06198160788307                       0.      -164.63204417661905
       328.1653057588116                       0.      -285.09045432820716
      328.55701472046024                       0.       -493.7626821612568
      214.88217280786756                       0.                       0.
      214.88217280783482                       0.    -8.490858731368342E-6
      214.88217280773554                       0.   -2.3191788430783133E-5
      214.88217280756976                       0.    -4.864473084307581E-5
      214.88217280733747                       0.    -9.271352809570016E-5
      214.88217280703861                       0.  -0.00016901350547169242
      214.88217280667325                       0.    -0.000301118010894593
      214.88217280624139                       0.   -0.0005298415481062688
       214.8821728057432                       0.   -0.0009258496738707158
       214.8821728052142                       0.   -0.0016114915677554402
      214.88217280468848                       0.   -0.0027986005881822625
       214.8821728041735                       0.    -0.004853941544351353
       214.8821728036942                       0.    -0.008412525055726155
      214.88217280333245                       0.    -0.014573798246565052
      214.88217280335425                       0.    -0.025241326281346888
      214.88217280461976                       0.    -0.043710911874837416
      214.88217280989545                       0.     -0.07568885695457682
      214.88217282804047                       0.     -0.13105496711426617
      214.88217288731198                       0.     -0.22691499186393385
      214.88217307753624                       0.     -0.39288560847493864
      214.88217368350158                       0.      -0.6802448456687656
      214.88217560613697                       0.      -1.1777751168025574
       214.8821816908605                       0.       -2.039194119267894
      214.88220091571105                       0.      -3.5306496494174673
      214.88226161210363                       0.       -6.112956086301888
      214.88245324236917                       0.      -10.583990670610103
      214.88305955915587                       0.      -18.325277403379385
       214.8849887260284                       0.       -31.72904524362619
        214.891192837993                       0.       -54.93802302086403
      214.91152601055998                       0.       -95.12754262343384
      214.98034353475262                       0.      -164.72930306116055
      215.22619796833882                       0.      -285.29482703007966
       217.1267687723514                       0.       -494.5511518702294
      140.88386342125128                       0.                       0.
       140.8838634212299                       0.    -8.490971159141746E-6
      140.88386342116496                       0.   -2.3192457630083402E-5
       140.8838634210565                       0.    -4.864699122695631E-5
      140.88386342090453                       0.    -9.271962976657162E-5
      140.88386342070902                       0.   -0.0001690281394685986
      140.88386342047005                       0.  -0.00030115067662961646
      140.88386342018774                       0.   -0.0005299110785324953
      140.88386341986254                       0.   -0.0009259928086311923
      140.88386341951875                       0.   -0.0016117790757383178
       140.8838634191825                       0.   -0.0027991673982353067
      140.88386341887139                       0.    -0.004855042754408199
       140.8838634186438                       0.    -0.008414639566132812
       140.8838634186909                       0.    -0.014577819742747376
      140.88386341963488                       0.    -0.025248913956618782
      140.88386342348707                       0.     -0.04372513252918279
      140.88386343671743                       0.     -0.07571535740568296
      140.88386348004417                       0.     -0.13110410995145477
      140.88386361955193                       0.      -0.2270057363753412
      140.88386406532166                       0.      -0.3930525644715295
       140.8838654834196                       0.      -0.6805510945021869
      140.88386998100555                       0.      -1.1783354836397035
      140.88388421336262                       0.       -2.040217501217608
      140.88392918045432                       0.       -3.532516260019317
      140.88407115449098                       0.       -6.116359722264787
      140.88451942867985                       0.      -10.590204288782887
      140.88593801386102                       0.      -18.336660839672465
      140.89045363543656                       0.      -31.750053557029105
      140.90499300832747                       0.       -54.97732803282404
       140.9528046636205                       0.       -95.20288163107278
       141.1162590456866                       0.      -164.87993758246697
       142.2157732791742                       0.       -285.8015908962859
       179.2615234446023                       0.       -498.9927246988249
       92.48501823439108                       0.                       0.
       92.48501823437711                       0.    -8.491143053019128E-6
       92.48501823433463                       0.   -2.3193480787075526E-5
       92.48501823426369                       0.    -4.865044718928512E-5
       92.48501823416429                       0.    -9.272895877694743E-5
       92.48501823403643                       0.  -0.00016905051378406967
       92.48501823388024                       0.   -0.0003012006201594107
       92.48501823369601                       0.    -0.000530017385490271
        92.4850182334848                       0.   -0.0009262116512554084
       92.48501823326517                       0.   -0.0016122186545048337
         92.485018233063                       0.   -0.0028000340095254554
       92.48501823291966                       0.    -0.004856726424383683
       92.48501823297161                       0.    -0.008417872498544421
        92.4850182336661                       0.    -0.014583968317525078
       92.48501823645813                       0.     -0.02526051495950706
       92.48501824605249                       0.    -0.043746874874041226
       92.48501827758282                       0.     -0.07575587466572112
       92.48501837951207                       0.     -0.13117924577229112
       92.48501870642903                       0.      -0.2271444781347026
       92.48501974978636                       0.        -0.39330782808834
        92.4850230678068                       0.      -0.6810193269817902
       92.48503359028031                       0.      -1.1791922454709154
       92.48506688829738                       0.      -2.0417821872983506
       92.48517209792129                       0.        -3.53537022444265
       92.48550430234872                       0.       -6.121563923177788
        92.4865533950798                       0.      -10.599706004238836
       92.48987463979482                       0.      -18.354073401127057
       92.50045808984324                       0.      -31.782216510835173
       92.53463728706683                       0.      -55.037652212517514
       92.64804644324165                       0.       -95.31936586084505
       93.36823655280863                       0.      -165.24411050019364
      118.81891911081526                       0.      -288.81594586245507
      171.70674824390585                       0.      -500.78621930956916
       60.82958941664388                       0.                       0.
       60.82958941663472                       0.    -8.491405866238547E-6
       60.82958941660693                       0.    -2.319504511959962E-5
       60.82958941656053                       0.    -4.865573110398701E-5
       60.82958941649554                       0.    -9.274322215437706E-5
       60.82958941641198                       0.  -0.00016908472248289565
       60.82958941631008                       0.  -0.00030127698017906195
       60.82958941619053                       0.   -0.0005301799210863389
       60.82958941605582                       0.   -0.0009265462456894535
       60.82958941592423                       0.   -0.0016128907384241758
      60.829589415833595                       0.    -0.002801358995072537
       60.82958941588055                       0.   -0.0048593006331541485
       60.82958941638436                       0.    -0.008422815416747382
      60.829589418391386                       0.    -0.014593369040564137
      60.829589425305656                       0.     -0.02527825204805656
       60.82958944813483                       0.    -0.043780117336044075
       60.82958952228942                       0.     -0.07581782260665212
       60.82958976117177                       0.      -0.1312941229770022
      60.829590526537984                       0.     -0.22735660421815115
       60.82959296851509                       0.     -0.39369810777835257
       60.82960073397761                       0.      -0.6817352215077724
      60.829625361425855                       0.      -1.1805021783454734
      60.829703299069266                       0.       -2.044174513769519
      60.829949577216645                       0.       -3.539733922846879
      60.830727345666666                       0.        -6.12952183721239
      60.833184459051445                       0.      -10.614239170285003
       60.84097087287456                       0.      -18.380726254963232
      60.865850782657674                       0.       -31.83155326619505
       60.94685558678117                       0.      -55.130782767482636
       61.47833077528123                       0.       -95.60867403267227
       79.85230491627408                       0.       -167.3040351757233
      114.44540819937585                       0.       -289.9790181255819
      165.25002605092126                       0.      -502.26263662882155
       40.12524885300777                       0.                       0.
       40.12524885300177                       0.    -8.491807688510273E-6
        40.1252488529836                       0.    -2.319743687009809E-5
       40.12524885295326                       0.     -4.86638098247369E-5
       40.12524885291079                       0.    -9.276502981966044E-5
       40.12524885285629                       0.  -0.00016913702509196985
       40.12524885279025                       0.  -0.00030139372908778315
       40.12524885271429                       0.   -0.0005304284261752056
       40.12524885263426                       0.   -0.0009270578162104879
      40.125248852576505                       0.   -0.0016139183057887721
      40.125248852614526                       0.    -0.002803384801475008
       40.12524885297448                       0.    -0.004863236410884435
      40.125248854403544                       0.     -0.00843037277868958
       40.12524885935051                       0.    -0.014607742061457627
       40.12524887578298                       0.     -0.02530537076479122
      40.125248929467666                       0.    -0.043830942640184334
       40.12524910330126                       0.     -0.07591253650114413
       40.12524966278443                       0.     -0.13146976188168685
       40.12525145494679                       0.     -0.22768092969136383
       40.12525717298891                       0.     -0.39429481778329706
      40.125275357466876                       0.      -0.6828297764394026
       40.12533303320108                       0.      -1.1825049942983763
       40.12551557972801                       0.       -2.047832339052747
       40.12609252311213                       0.       -3.546406429169114
       40.12791524631024                       0.       -6.141692929077196
      40.133678905127695                       0.      -10.636481015632794
       40.15198984382571                       0.       -18.42159273091724
       40.21093921206302                       0.      -31.907626300900613
       40.65771815976894                       0.       -55.38385080576448
       54.21044101238572                       0.       -97.01029058177251
       77.25707300392489                       0.      -168.09322190925093
       110.4746142892756                       0.       -290.9940262618323
       158.6981123014279                       0.       -503.6790663130115
      26.583504697746115                       0.                       0.
      26.583504697742196                       0.    -8.492422045498888E-6
       26.58350469773032                       0.   -2.3201093682418262E-5
       26.58350469771049                       0.     -4.86761616003876E-5
      26.583504697682788                       0.    -9.279837215161919E-5
      26.583504697647484                       0.  -0.00016921699197202763
      26.583504697605672                       0.   -0.0003015722296663563
      26.583504697561217                       0.   -0.0005308083723573757
      26.583504697527747                       0.   -0.0009278399702793087
      26.583504697556283                       0.   -0.0016154893814512425
      26.583504697809055                       0.    -0.002806482111924682
       26.58350469881535                       0.    -0.004869253928392729
       26.58350470232487                       0.    -0.008441927434709796
      26.583504714072326                       0.    -0.014629717363703226
      26.583504752719136                       0.    -0.025346833308137237
      26.583504878623703                       0.    -0.043908650831572624
      26.583505285996864                       0.     -0.07605734716464016
      26.583506596940826                       0.     -0.13173830106995707
      26.583510796428637                       0.     -0.22817680025018675
      26.583524196746502                       0.      -0.3952071468833675
      26.583566818232974                       0.      -0.6845032876709443
       26.58370202298676                       0.      -1.1855672452599741
      26.584130047667983                       0.       -2.053425392378882
        26.5854833594425                       0.      -3.5566109978796705
      26.589762686127255                       0.       -6.160317125090558
      26.603327272599085                       0.      -10.670571767620842
      26.646729064325093                       0.      -18.484541794137346
       27.08023557352592                       0.        -32.1486838819525
       37.04079290168472                       0.       -56.32465570903819
       52.59151358587506                       0.       -97.58073237877507
       74.74253311768601                       0.        -168.827155020353
      106.42421350008567                       0.       -291.9777201749398
       152.0189764522433                       0.       -505.0385582063423
       17.72648101216017                       0.                       0.
      17.726481012157606                       0.    -8.493361352590657E-6
      17.726481012149844                       0.   -2.3206684682128936E-5
       17.72648101213691                       0.    -4.869504656577352E-5
       17.72648101211899                       0.    -9.284935014885088E-5
       17.72648101209673                       0.   -0.0001693392555076215
      17.726481012072664                       0.   -0.0003018451440507382
       17.72648101205582                       0.   -0.0005313892823983121
      17.726481012078143                       0.   -0.0009290358268860366
       17.72648101225205                       0.   -0.0016178914417174686
       17.72648101295121                       0.   -0.0028112176740257757
      17.726481015415825                       0.    -0.004878454274415227
      17.726481023746505                       0.    -0.008459593662294741
      17.726481051385825                       0.    -0.014663316000713834
       17.72648114208664                       0.     -0.02541022651917295
      17.726481437392575                       0.     -0.04402746100806731
      17.726482392832022                       0.     -0.07627875218710826
       17.72648546787227                       0.     -0.13214887829577457
      17.726495320295196                       0.      -0.2289349522702282
       17.72652676531368                       0.      -0.3966020431077188
      17.726626803449225                       0.      -0.6870620284904987
       17.72694423678014                       0.      -1.1902495603354204
       17.72794959391096                       0.      -2.0619787446640943
      17.731131186539866                       0.       -3.572224065932677
      17.741215596275843                       0.       -6.188853987664396
      17.773404413939932                       0.      -10.723041789723181
       18.23737399961852                       0.      -18.718270731013828
      25.408728347520547                       0.       -32.76295363257675
       35.98665267295079                       0.      -56.758399848739764
      50.959123071410595                       0.       -98.13294224344403
       72.16875370849209                       0.      -169.54384540449277
      102.28452121181843                       0.      -292.92964185790896
       145.2061187379047                       0.       -506.3382974196549
      11.933514635923471                       0.                       0.
      11.933514635921796                       0.    -8.494797484723922E-6
       11.93351463591673                       0.    -2.321523291349218E-5
      11.933514635908365                       0.    -4.872392030245025E-5
      11.933514635897081                       0.    -9.292729179387357E-5
      11.933514635884443                       0.  -0.00016952618754905076
      11.933514635876326                       0.   -0.0003022624102680155
      11.933514635893989                       0.   -0.0005322774515430559
       11.93351463601221                       0.   -0.0009308642045432538
       11.93351463648999                       0.   -0.0016215640169227358
       11.93351463819949                       0.   -0.0028184580035922513
       11.93351464405017                       0.   -0.0048925209334581615
      11.933514663665031                       0.     -0.00848660403786429
      11.933514728600215                       0.     -0.01471468587104402
       11.93351494159654                       0.    -0.025507150129662728
       11.93351563513215                       0.     -0.04420911315955959
       11.93351787955528                       0.     -0.07661726459614626
      11.933525105244113                       0.     -0.13277662241724913
      11.933548263569435                       0.     -0.23009411965876897
      11.933622200409102                       0.     -0.39873478378708727
      11.933857511186964                       0.      -0.6909744145013192
      11.934604579821206                       0.      -1.1974099210777558
      11.936972988106023                       0.       -2.075064269595247
        11.9444861117737                       0.      -3.5961407634366744
      11.968465762369576                       0.       -6.232746634726598
       12.44241457910517                       0.      -10.928605137134678
      17.479194703855924                       0.       -19.10659263497286
       24.70664574456205                       0.      -33.101415015433474
      34.907448107967866                       0.       -57.18504189962475
        49.2845374284856                       0.       -98.67497491335325
       69.53212248706997                       0.      -170.24218915668473
       98.05103982237021                       0.        -293.847806441303
        138.252858880081                       0.      -507.57511744443434
       8.144605333262081                       0.                       0.
       8.144605333260987                       0.    -8.496993226161698E-6
       8.144605333257704                       0.   -2.3228302536676035E-5
       8.144605333252441                       0.    -4.876806614294505E-5
         8.1446053332461                       0.    -9.304645889259747E-5
       8.144605333242351                       0.  -0.00016981199302607496
       8.144605333254955                       0.   -0.0003029003799246084
       8.144605333333772                       0.   -0.0005336353974798083
       8.144605333654324                       0.    -0.000933659660820423
        8.14460533482176                       0.    -0.001627179116940821
       8.144605338882211                       0.    -0.002829527940209119
       8.144605352674064                       0.    -0.004914027830808554
       8.144605398825792                       0.     -0.00852790093584818
       8.144605551576989                       0.    -0.014793226666868454
        8.14460605275255                       0.    -0.025655339302467908
       8.144607685290305                       0.      -0.0444868462507594
       8.144612970907879                       0.     -0.07713482645773156
       8.144629995426078                       0.      -0.1337364034138418
       8.144684585739647                       0.     -0.23186643601570664
       8.144858968494614                       0.      -0.4019957805417971
       8.145414338980267                       0.      -0.6969572492525278
       8.147179547757467                       0.       -1.208363691807076
       8.152790043579882                       0.      -2.0951056592532926
       8.170715395671646                       0.      -3.6329077077056025
       8.575052717311092                       0.       -6.392626292802611
      12.058333764917721                       0.      -11.181037801884782
      17.007205162917792                       0.      -19.373109781615227
      23.984555284477175                       0.       -33.43594929674757
       33.79837045212981                       0.        -57.6052697245634
       47.56563660543599                       0.       -99.20589145494331
       66.82945451201198                       0.      -170.92075983857706
       93.71893922384372                       0.      -294.73001285038805
      131.15196081142403                       0.      -508.74552976070476
       5.666456355445974                       0.                       0.
       5.666456355445263                       0.    -8.500350354903473E-6
       5.666456355443188                       0.     -2.32482850386591E-5
      5.6664563554402285                       0.    -4.883556191790533E-5
       5.666456355438529                       0.     -9.32286567075673E-5
       5.666456355446657                       0.   -0.0001702489687851427
       5.666456355496957                       0.   -0.0003038757890660459
       5.666456355706615                       0.   -0.0005357115979178155
       5.666456356488411                       0.   -0.0009379337098767412
       5.666456359264661                       0.   -0.0016357641959353422
       5.666456368852848                       0.   -0.0028464530671719066
       5.666456401371191                       0.    -0.004946910311130455
       5.666456510193885                       0.    -0.008591040888974067
       5.666456870556723                       0.    -0.014913309845966529
      5.6664580536733276                       0.    -0.025881909887005144
       5.666461910240882                       0.     -0.04491148068974032
       5.666474405362609                       0.      -0.0779261453090196
       5.666514680267124                       0.      -0.1352038643236181
       5.666643924377591                       0.      -0.2345763256220446
       5.667057161197774                       0.     -0.40698244540523354
       5.668375059032089                       0.       -0.706109341688645
       5.672575927672303                       0.      -1.2251384934349232
       5.686030808027314                       0.       -2.125906484531609
       5.950643174013383                       0.      -3.7464101534754937
        8.34770775669225                       0.       -6.571538474609807
       11.73993059790354                       0.      -11.391038494469184
       16.52066042194478                       0.       -19.63696346478218
      23.241225240312684                       0.       -33.76617417148054
       32.65797574963897                       0.       -58.01835325901934
      45.800190147271636                       0.       -99.72463096724836
       64.05731704238562                       0.      -171.57797177326628
       89.28299090660157                       0.      -295.57382214769785
      123.89556919312886                       0.      -509.84568171135135
       4.045614612958946                       0.                       0.
       4.045614612958493                       0.    -8.505483160248844E-6
       4.045614612957303                       0.   -2.3278836828858947E-5
       4.045614612956515                       0.     -4.89387580420801E-5
        4.04561461296114                       0.    -9.350722389713152E-5
       4.045614612991337                       0.  -0.00017091707289569345
       4.045614613123238                       0.  -0.00030536711860413787
       4.045614613633033                       0.   -0.0005388859571786693
       4.045614615494556                       0.   -0.0009444684196139305
       4.045614622065868                       0.   -0.0016488901565326975
      4.0456146447366175                       0.   -0.0028723303540705014
       4.045614721659282                       0.    -0.004997185231389953
      4.0456149793088665                       0.    -0.008687577295157277
       4.045615833367263                       0.    -0.015096908379328873
       4.045618640273776                       0.    -0.026228320393026878
       4.045627799516286                       0.     -0.04556071925562279
       4.045657506881411                       0.     -0.07913603426746939
       4.045753368310384                       0.     -0.13744762165215843
       4.046061383806227                       0.      -0.2387202220194171
      4.0470479558788455                       0.     -0.41461056545195746
        4.05020492674273                       0.      -0.7201245844004026
       4.060354857508818                       0.      -1.2509174989647653
       4.160535602783281                       0.      -2.1992961649121727
       5.803577065145975                       0.       -3.881709324293858
       8.132953403648347                       0.      -6.7360078503052785
      11.410962158008246                       0.       -11.59908185532683
       16.01889681722911                       0.      -19.897746716988642
       22.47566334359658                       0.       -34.09151248803614
      31.484723986799256                       0.      -58.423476048176674
      43.985802961939484                       0.      -100.23000897559996
       61.21200441845145                       0.       -172.2120582273502
       84.73752578460959                       0.      -296.37652460429405
       116.4751394631507                       0.      -510.87130696858134
      2.9854975749172787                       0.                       0.
      2.9854975749170065                       0.    -8.513330845797982E-6
      2.9854975749166237                       0.   -2.3325548290977485E-5
       2.985497574918788                       0.   -4.9096537400136136E-5
       2.985497574935321                       0.    -9.393313284184557E-5
      2.9854975750137562                       0.  -0.00017193855542258768
      2.9854975753339397                       0.  -0.00030764725285471853
       2.985497576549475                       0.   -0.0005437393213053114
      2.9854975809687705                       0.   -0.0009544595149223596
       2.985497596564185                       0.   -0.0016689587946199405
      2.9854976504219866                       0.   -0.0029118948430217704
       2.985497833423093                       0.    -0.005074051935044776
      2.9854984473172137                       0.    -0.008835174504033502
       2.985500485427087                       0.     -0.01537761761825329
      2.9855071942497933                       0.    -0.026757959546189834
      2.9855291203135046                       0.    -0.046553373897979373
      2.9856003511040963                       0.     -0.08098596163642106
      2.9858306124330913                       0.      -0.1408787211838494
       2.986572191467735                       0.     -0.24505919250204963
       2.988957190874408                       0.      -0.4262924222721531
      2.9966656711381483                       0.      -0.7416660979186733
      3.0387607771663774                       0.      -1.2993879887140947
        4.05463953653682                       0.      -2.3090441850653125
      5.6586364639541165                       0.       -4.010277803728456
       7.910443957589207                       0.       -6.899027867426996
      11.070988031273991                       0.      -11.804821324009952
      15.501234738179821                       0.      -20.154994232928356
      21.686817169553336                       0.       -34.41131858700492
      30.276970708573938                       0.       -58.81972407105846
       42.11990127301393                       0.      -100.72070011047295
       58.28951161871621                       0.       -172.8210456445932
       80.07638705585163                       0.       -297.1351011831418
      108.88135850833629                       0.      -511.81766754153267
        2.29212443126798                       0.                       0.
      2.2921244312678586                       0.     -8.52532938545306E-6
      2.2921244312685345                       0.   -2.3396966714545614E-5
       2.292124431276268                       0.    -4.933777054748507E-5
      2.2921244313189906                       0.    -9.458431659927374E-5
      2.2921244315093072                       0.  -0.00017350032781176408
      2.2921244322743877                       0.   -0.0003111334120647449
       2.292124435170592                       0.   -0.0005511597616117177
      2.2921244457083287                       0.   -0.0009697351722004624
      2.2921244829641583                       0.   -0.0016996422820440666
      2.2921246119075214                       0.    -0.002972386074201881
      2.2921250510415065                       0.    -0.005191575584283285
      2.2921265275438367                       0.    -0.009060840245753748
       2.292131440712038                       0.    -0.015806803804349262
       2.292147650326894                       0.     -0.02756775260415118
      2.2922007504881163                       0.    -0.048071150782083516
      2.2923736868450817                       0.     -0.08381484343658717
      2.2929344574485278                       0.     -0.14612744982705517
      2.2947497326464674                       0.      -0.2547677672644735
      2.3006582425208326                       0.       -0.444254325620322
       2.346099778963094                       0.      -0.7845974271221556
      2.9167733007744596                       0.      -1.4022824007835994
      3.9562825419377665                       0.       -2.410054633758407
       5.507927787152748                       0.       -4.137720903417657
       7.679866931966735                       0.       -7.060321698022036
      10.719554422008317                       0.      -12.007865225159172
      14.966959162938531                       0.      -20.408185911774403
       20.87357091560928                       0.       -34.72486928428054
       29.03295974496972                       0.      -59.206072271820474
       40.19971759396353                       0.      -101.19521799006668
      55.285505252622144                       0.      -173.40272354505183
       75.29287750182502                       0.      -297.84617835890833
      101.10405463507638                       0.       -512.6794856249552
      1.8386213753957539                       0.                       0.
      1.8386213753958116                       0.    -8.543674278728048E-6
      1.8386213753984384                       0.    -2.350616028275479E-5
      1.8386213754184408                       0.    -4.970659846071029E-5
      1.8386213755221663                       0.    -9.557992913867527E-5
      1.8386213759781755                       0.  -0.00017588816405253295
      1.8386213778091816                       0.   -0.0003164634956164859
      1.8386213847551673                       0.   -0.0005625050745435887
       1.838621410105629                       0.    -0.000993090540636905
       1.838621500029301                       0.    -0.001746555106417703
      1.8386218123061961                       0.    -0.003064872805917651
      1.8386228793674193                       0.    -0.005371260973274474
      1.8386264790214877                       0.    -0.009405868550676419
       1.838638496398641                       0.    -0.016463009534517566
      1.8386782750330164                       0.    -0.028805936524232165
      1.8388090359169174                       0.    -0.050392141424076664
      1.8392366680404766                       0.     -0.08814252851553124
      1.8406323967831635                       0.     -0.15416761275641108
      1.8452178392987069                       0.     -0.26970519784015334
      1.8924764923182926                       0.      -0.4803568151988667
      2.2646342754646014                       0.      -0.8616321022104741
       2.813356182959625                       0.       -1.494350947970606
      3.8534881531250234                       0.      -2.5110591521568093
        5.35122730568112                       0.       -4.263819218517567
       7.440898952477815                       0.       -7.219581110806911
      10.356192857660789                       0.      -12.207773725844852
      14.415318999466132                       0.       -20.65673982365759
       20.03474235352672                       0.       -35.03135356246492
      27.750815780351743                       0.       -59.58136903127659
        38.2222747632479                       0.      -101.65189182590395
       52.19529187543136                       0.      -173.95460927775844
       70.37970067203014                       0.       -298.5059749558692
       93.13209536896113                       0.       -513.4508632040455
       1.542006163847452                       0.                       0.
      1.5420061638478093                       0.    -8.571722284480925E-6
      1.5420061638546905                       0.   -2.3673109295947606E-5
       1.542006163903324                       0.    -5.027050947825826E-5
      1.5420061641525806                       0.    -9.710214820166574E-5
      1.5420061652493116                       0.  -0.00017953899176789334
      1.5420061696705312                       0.   -0.0003246128052620672
       1.542006186522782                       0.   -0.0005798512324130895
       1.542006248330993                       0.   -0.0010287992029989143
      1.5420064686504087                       0.   -0.0018182814330738417
      1.5420072374223217                       0.    -0.003206278516535542
       1.542009876680389                       0.    -0.005645988370790353
      1.5420188210666883                       0.     -0.00993340143743107
       1.542048818534815                       0.    -0.017466361460758004
      1.5421485839739835                       0.     -0.03069940855160827
      1.5424783478082122                       0.     -0.05394309425707865
      1.5435658573458753                       0.      -0.0947735243445795
      1.5471823161026186                       0.     -0.16655024808114693
      1.5911332417968251                       0.      -0.2994689649543466
      1.8333467508190209                       0.      -0.5394944856733254
      2.1810380051907265                       0.      -0.9346487487790703
       2.718846573126039                       0.      -1.5824612390451533
      3.7457541690633525                       0.      -2.6122621246761932
       5.188299385119678                       0.       -4.388339814163308
       7.193206135796346                       0.       -7.376463737870902
         9.9804168908491                       0.      -12.404058557604227
       13.84552708142477                       0.      -20.900004081421127
       19.16908006286702                       0.       -35.32986079852812
      26.428536912187106                       0.      -59.944318253829145
        36.1843691610217                       0.      -102.08883918096309
       49.01378357992117                       0.      -174.47390665664142
       65.32889542249357                       0.      -299.11023940400275
       84.95327147983168                       0.       -514.1251868539134
      1.3480039788949607                       0.                       0.
      1.3480039788959488                       0.    -8.614605642531888E-6
       1.348003978912726                       0.   -2.3928362178188683E-5
      1.3480039790298548                       0.   -5.1132688354664784E-5
      1.3480039796321988                       0.    -9.942951029031575E-5
       1.348003982299964                       0.  -0.00018512084150458456
      1.3480039931319172                       0.   -0.0003370725066392207
      1.3480040347162525                       0.   -0.0006063722480301448
      1.3480041882990386                       0.   -0.0010833951737041385
      1.3480047394543158                       0.   -0.0019279459511961075
      1.3480066751881976                       0.   -0.0034224788317600468
      1.3480133627927988                       0.    -0.006066035032002453
      1.3480361676485044                       0.    -0.010740015645195444
      1.3481131339534593                       0.    -0.019000762195597324
      1.3483709589487345                       0.     -0.03359658073262558
      1.3492323824396228                       0.     -0.05938599550404595
      1.3521425595081906                       0.     -0.10500077937950822
      1.3897208624488666                       0.      -0.1910019149228001
       1.546347085923572                       0.     -0.34525417283291937
      1.7696226416172256                       0.      -0.5963846316175011
      2.0918236362260854                       0.       -1.005132361618235
       2.635519378773573                       0.       -1.665571913511333
       3.632736383244661                       0.      -2.7135930783242235
      5.0188881294799605                       0.       -4.511046389794423
       6.936444716148338                       0.       -7.530589654646253
       9.591716602763894                       0.      -12.596184722057037
      13.256761096660593                       0.      -21.137247443523748
      18.275261135226796                       0.       -35.61936731726492
       25.06398740844482                       0.       -60.29345869882375
      34.082553317574096                       0.      -102.50393421393017
       45.73546092683693                       0.      -174.95745732278434
       60.13176335034881                       0.      -299.65417547211854
       76.55416552994157                       0.       -514.6950145815813
       1.221116191954162                       0.                       0.
      1.2211161919565925                       0.    -8.680171173784573E-6
      1.2211161919970035                       0.    -2.431862524508237E-5
      1.2211161922809655                       0.    -5.245089706589419E-5
      1.2211161937563413                       0.  -0.00010298787744722485
      1.2211162003605052                       0.  -0.00019365508349279432
      1.2211162274524665                       0.  -0.00035612248501130857
      1.2211163324831846                       0.   -0.0006469209689962709
       1.221116724015423                       0.   -0.0011668685858456677
       1.221118141555804                       0.    -0.002095616085728803
      1.2211231622768628                       0.   -0.0037530407797473045
      1.2211406495373989                       0.    -0.006708305488726841
       1.221200769421977                       0.    -0.011973595984836174
      1.2214055455309016                       0.    -0.021348854872044933
      1.2221009755377819                       0.      -0.0380397241644586
      1.2244993502034731                       0.     -0.06779882058195957
      1.2547585933696406                       0.     -0.12500493564518908
      1.3549280349639765                       0.      -0.2262431971058292
      1.4971162955376758                       0.     -0.38906108469236456
       1.700845411167441                       0.      -0.6507349568350665
       1.997247951905726                       0.      -1.0724747744156888
       2.555146181238742                       0.       -1.745286243145211
      3.5142023183055158                       0.      -2.8146510011128925
       4.842701225744922                       0.       -4.631718508791989
       6.670261693198316                       0.       -7.681537848658783
       9.189553799676215                       0.      -12.783570337763773
      12.648165582073188                       0.      -21.367648621899495
      17.351889621929878                       0.      -35.898721027342454
      23.654890956166565                       0.       -60.62714013578162
      31.913118246916696                       0.      -102.89477063565845
       42.35433343913382                       0.      -175.40168345854673
      54.778788816392975                       0.       -300.1323541259305
       67.92000321537031                       0.       -515.1519408284636
      1.1381248046217125                       0.                       0.
      1.1381248046275516                       0.    -8.780416095918602E-6
      1.1381248047254429                       0.     -2.49153090518521E-5
      1.1381248054241535                       0.    -5.446634218998948E-5
      1.1381248091116907                       0.  -0.00010842836181249252
      1.1381248258622512                       0.   -0.0002067033194313501
      1.1381248955194878                       0.   -0.0003852485282169558
      1.1381251689962182                       0.   -0.0007089171239020443
      1.1381262004669357                       0.   -0.0012944942336643257
      1.1381299759183132                       0.    -0.002351977948958011
      1.1381434868097704                       0.    -0.004258491107684982
      1.1381910263765345                       0.    -0.007690598008775711
      1.1383563317015364                       0.    -0.013861705995525341
      1.1389292020713473                       0.     -0.02495261553054657
       1.140959457134216                       0.     -0.04492925086375936
      1.1641844447301835                       0.     -0.08403511162095019
      1.2270618116640675                       0.     -0.15182541848019504
       1.316203794514807                       0.     -0.25950529773250963
       1.443460477565388                       0.     -0.43031191688497905
      1.6272246622762867                       0.      -0.7019117224680803
      1.8979363988253415                       0.      -1.1360859131275365
       2.472541366876898                       0.      -1.8228808329196977
       3.390008611472787                       0.      -2.9147875124934663
       4.659384631743974                       0.       -4.750178266426694
       6.394295043083798                       0.       -7.828843059668983
       8.773361039622399                       0.      -12.965580994377522
      12.018854731840834                       0.       -21.59028456883007
      16.397496113660694                       0.      -36.166623861459996
      22.198824805447924                       0.       -60.94349585096332
      29.672076006755102                       0.      -103.25861848618842
       38.86389812512362                       0.       -175.8025202291286
       49.25955151282392                       0.       -300.5386086686653
       59.03448587035162                       0.       -515.4864348532294
       1.083844006308334                       0.                       0.
       1.083844006322364                       0.     -8.93368328102768E-6
       1.083844006562898                       0.     -2.58275951381561E-5
      1.0838440083200902                       0.    -5.754781105450252E-5
      1.0838440177918844                       0.  -0.00011674646696212872
      1.0838440616377933                       0.  -0.00022665313055474402
      1.0838442470799727                       0.   -0.0004297802088050561
      1.0838449862859139                       0.   -0.0008037054237039545
      1.0838478130153462                       0.   -0.0014896300281753106
      1.0838582915927273                       0.   -0.0027439773367053367
       1.083896251789376                       0.    -0.005031579021227288
      1.0840316538185264                       0.    -0.009194477099573016
      1.0845127769022422                       0.    -0.016762541799021553
      1.0862817057651692                       0.    -0.030567911969962072
      1.1032906633615984                       0.     -0.05793614772750335
      1.1415525674294802                       0.     -0.10410415120253834
      1.1959661944627231                       0.      -0.1766016661970886
      1.2736852441475928                       0.       -0.290173046678246
       1.385623570526836                       0.      -0.4683665887391336
      1.5491514506374675                       0.       -0.749279401288616
      1.7971265628501751                       0.      -1.1957660272582646
      2.3862790986135467                       0.      -1.8985079378788214
      3.2600671254235025                       0.      -3.0132710166751617
       4.468495032463473                       0.      -4.8663104399848995
       6.108172323021734                       0.       -7.971993989819456
       8.342545708614855                       0.       -13.14151789475613
      11.367915244003848                       0.      -21.804118341579578
       15.41053897471515                       0.       -36.42161171857009
      20.693215364594508                       0.      -61.240410980155694
       27.35514321205239                       0.      -103.59237371589613
       35.25709684050327                       0.       -176.1553360461037
       43.56263196799247                       0.      -300.86590974455015
       49.87960281658688                       0.       -515.6876466183822
      1.0483414661021444                       0.                       0.
      1.0483414661361818                       0.    -9.168017644733886E-6
      1.0483414667399142                       0.    -2.722241413502918E-5
      1.0483414712897057                       0.    -6.225915283884512E-5
      1.0483414964744904                       0.  -0.00012946424859898198
      1.0483416157293086                       0.   -0.0002571549920115759
      1.0483421300395295                       0.   -0.0004978664198011433
      1.0483442152983349                       0.   -0.0009486342975731501
      1.0483523107432116                       0.   -0.0017880143744171662
      1.0483827499984477                       0.    -0.003343588699434719
      1.0484947929910786                       0.    -0.006215570325425269
      1.0489053921416542                       0.    -0.011508361320472286
      1.0504955994121372                       0.    -0.021317880434751062
       1.062208193243975                       0.     -0.04075023499942033
      1.0842998103950563                       0.      -0.0725371272999106
       1.116049334385061                       0.     -0.12201980394103921
      1.1617067429526262                       0.      -0.1987197378417307
      1.2276894925011965                       0.     -0.31761917791543826
       1.324031234743744                       0.      -0.5025983412816851
      1.4672170464878498                       0.      -0.7922453984829275
      1.7104256212186204                       0.       -1.252485501472801
      2.2960706661340193                       0.       -1.971944684436598
       3.124312510913169                       0.      -3.1094099782572875
       4.269491347554046                       0.       -4.980045877312565
      5.8115051534674835                       0.        -8.11043477039342
      7.8964977882093885                       0.      -13.310602319917091
      10.694408145935082                       0.      -22.007987197331442
      14.389407852071999                       0.      -36.662031625486165
      19.135336007963136                       0.       -61.51548609347041
       24.95772653116897                       0.       -103.8924994284949
      31.526273784541072                       0.      -176.45483844106408
       37.67551105809769                       0.      -301.10621611906515
       40.43542289367101                       0.       -515.7431729802975
      1.0251209092891207                       0.                       0.
      1.0251209093730433                       0.    -9.526297821050363E-6
      1.0251209109322745                       0.   -2.9354990869280093E-5
      1.0251209231478102                       0.    -6.946245318352914E-5
       1.025120992896959                       0.  -0.00014890883967581578
      1.0251213315746868                       0.   -0.0003037904601755321
        1.02512282280139                       0.   -0.0006019686899890909
      1.0251289764905835                       0.    -0.001170250286639645
      1.0251532540366741                       0.   -0.0022444712327010855
      1.0252462201782044                       0.    -0.004262293866316147
      1.0256002096376176                       0.    -0.008040909155390609
      1.0270933026314781                       0.    -0.015194574501848863
      1.0342748045311019                       0.     -0.02891861457253254
      1.0458941119964837                       0.    -0.050827967251529216
      1.0629947833510616                       0.     -0.08483645058499864
      1.0880353181132323                       0.     -0.13719213033100633
      1.1247055037906346                       0.      -0.2175896946233455
       1.178719357954078                       0.      -0.3412587017306764
       1.259295650524066                       0.      -0.5324446392276126
      1.3822160051710122                       0.      -0.8303142531958233
       1.642360576997396                       0.      -1.3053779374617431
      2.2018537609818294                       0.       -2.042886680208796
       2.982686165662103                       0.       -3.202588318897727
       4.061775705277427                       0.      -5.0912755977952155
       5.503875249700527                       0.       -8.243572387222995
       7.434598480783713                       0.      -13.471960215517173
       9.997368972384809                       0.       -22.20059106900239
      13.332430036453587                       0.      -36.886015939771326
       17.52230812950714                       0.       -61.76599542150371
      22.474911593922798                       0.      -104.15495752698531
       27.66313509624959                       0.       -176.6949630189949
       31.58446561684529                       0.      -301.25029640225495
      30.679865691480508                       0.       -515.6387754124966
      1.0099334253633117                       0.                       0.
      1.0099334255750059                       0.   -1.0074082121489932E-5
      1.0099334297484652                       0.   -3.2615545813247117E-5
      1.0099334639500386                       0.    -8.047578667618874E-5
      1.0099336658735776                       0.  -0.00017863839537411277
        1.00993467176156                       0.  -0.00037509502874383916
      1.0099391923028735                       0.   -0.0007611572806603401
       1.009958183828127                       0.   -0.0015093013814932474
      1.0100346692356517                       0.   -0.0029441949139818193
      1.0103403669757207                       0.    -0.005682408128937689
      1.0117646518101966                       0.    -0.011000624976968701
       1.014977567722289                       0.    -0.020278046810213134
      1.0200541402755994                       0.     -0.03516137288543979
      1.0279062131726817                       0.    -0.058448270720469805
      1.0398932704573238                       0.     -0.09431007739454711
      1.0580625060003492                       0.     -0.14910819992283705
       1.085565944140696                       0.     -0.23270878887374002
       1.127451619406133                       0.     -0.36060747910257696
      1.1921966831712285                       0.      -0.5574620916224489
      1.2951311547399935                       0.       -0.863147024985281
      1.5769451050339407                       0.        -1.35522543244897
      2.1036154652930468                       0.       -2.111003913300277
         2.8351366082666                       0.      -3.2922437472043984
      3.8447961729135054                       0.       -5.199699740640284
       5.184806876824608                       0.       -8.370792019242264
       6.956226855841912                       0.       -13.62460973139816
        9.27580698518119                       0.      -22.380480562059883
      12.237879957744191                       0.       -37.09145362750574
      15.851106804422633                       0.       -61.98883910776863
      19.901457267628725                       0.      -104.37512941316416
      23.658713427018863                       0.      -176.86874265506353
      25.274463727986724                       0.      -301.28751607918633
      20.588454991519654                       0.       -515.3580386783701
                      1.                       0.                       0.
      1.0000007690312351                       0.   -1.0895586146710226E-5
      1.0000026613699937                       0.    -3.769397856945735E-5
       1.000006970362447                       0.    -9.862118983726862E-5
      1.0000164788343453                       0.  -0.00023245333861708647
      1.0000366813249268                       0.   -0.0005126628753871598
      1.0000767116212261                       0.   -0.0010487376144618491
      1.0001592037011389                       0.    -0.002089579262738239
      1.0003272054131722                       0.    -0.004021673533601722
        1.00066721781788                       0.     -0.00748003891452313
      1.0013382586055908                       0.    -0.013420115371732667
      1.0026099502542798                       0.     -0.02322413209801132
      1.0049132121826128                       0.     -0.03887200378214575
      1.0089204376519674                       0.     -0.06323802355430952
      1.0156797294517346                       0.     -0.10058832019620882
      1.0268378068498412                       0.     -0.15740276019412378
       1.045036063231817                       0.     -0.24372364558945941
      1.0746957717733405                       0.     -0.37533693327451956
       1.123638129171528                       0.      -0.5773758967049425
      1.2071844588851275                       0.      -0.8906553403910025
      1.5094855206525717                       0.      -1.4025328648291924
      2.0013690505008865                       0.       -2.175949364689876
      2.6816283165265054                       0.      -3.3778326300693764
      3.6181726912782413                       0.       -5.304684837753938
       4.853724570202229                       0.       -8.491477222802823
       6.460761945068879                       0.      -13.767452929273848
        8.52870577367063                       0.       -22.54604265329589
      11.103991546919627                       0.      -37.275958916400256
      14.118572752750458                       0.      -62.180488933481236
      17.231797937730793                       0.      -104.54772435437629
      19.503341581115382                       0.      -176.96815384723226
      18.729065415229872                       0.       -301.2055834118909
      10.134060088109074                       0.       -514.8819578593581
      0.9908665564007436                       0.   -0.0012884187509498576
      0.9908679890198739                       0.   -0.0012986341119119514
      0.9908712821852146                       0.   -0.0013221407061233495
      0.9908783725418875                       0.   -0.0013729224548814953
       0.990892962894941                       0.    -0.001478321271667632
      0.9909218426498714                       0.   -0.0016911305130860542
      0.9909765401046742                       0.   -0.0021123357942206245
      0.9910732972183217                       0.    -0.002933949104496636
      0.9912213311492383                       0.    -0.004520842166486788
      0.9913539260018314                       0.     -0.00757582268398795
      0.9909373342203006                       0.    -0.013547779686612738
      0.9901836322438315                       0.    -0.023728586852296455
       0.989626756791241                       0.    -0.039917266324416646
      0.9896949175170254                       0.     -0.06505843686148549
      0.9911200754325123                       0.      -0.1035183942715296
      0.9951508787058527                       0.      -0.1619123278571621
      1.0039411746717755                       0.      -0.2504755772095671
      1.0213280897717298                       0.     -0.38531181183117486
      1.0545842585737846                       0.      -0.5921136531688269
      1.1228687836854687                       0.      -0.9144570138816853
      1.4395154069286735                       0.      -1.4471542488523432
      1.8951532973007563                       0.       -2.237361611985472
      2.5221521232516437                       0.       -3.458803838232625
      3.3817696140879154                       0.       -5.405233604702393
       4.509908722585631                       0.        -8.60502054407126
       5.947576678867601                       0.      -13.899272177132882
      7.7550283614466595                       0.      -22.695482183843144
       9.928972636260834                       0.       -37.43683778599231
      12.321432502095496                       0.      -62.336927131091755
      14.460057273472815                       0.       -104.6666741909002
      15.186640902952519                       0.       -176.9839370077997
      11.930337402367172                       0.       -300.9902470849463
      -0.713364495316228                       0.       -514.1884390643733
      0.9787954009614613                       0.   -0.0029688690269169195
      0.9787967525845344                       0.   -0.0029786519154975178
      0.9787997015559327                       0.   -0.0030000088734394364
      0.9788058525810934                       0.   -0.0030446410699378383
      0.9788182697598947                       0.    -0.003135181055305158
       0.978842648079555                       0.   -0.0033149392234988672
      0.9788891187618477                       0.   -0.0036661032913408074
      0.9789741833609293                       0.   -0.0043436739253776245
      0.9791190807417902                       0.    -0.005639002430950574
      0.9793275162546439                       0.    -0.008100992116299903
      0.9794650516280323                       0.    -0.012783745429973365
       0.978417388557019                       0.    -0.021974252148357215
      0.9749230893987556                       0.    -0.038427849865578366
      0.9709532154859076                       0.     -0.06401402730516194
      0.9669572108686475                       0.     -0.10318004496137205
      0.9637806299285377                       0.     -0.16269479552170654
       0.963099930975383                       0.      -0.2530158163465071
      0.9682144305084399                       0.      -0.3906016259802496
      0.9859876161329137                       0.      -0.6018163771936466
      1.0610674570927554                       0.      -0.9409274823778466
       1.367070827136275                       0.      -1.4888678491820528
       1.785034188187228                       0.       -2.294867140782716
        2.35673408557853                       0.       -3.534585277130026
       3.135671096776497                       0.       -5.500097081420528
       4.152485315731957                       0.       -8.710796182526442
       5.416017491551006                       0.      -14.018731939824296
      6.9537286441500665                       0.      -22.826798483150533
       8.711020504393748                       0.       -37.57105259888309
      10.456328530809603                       0.       -62.45357821234084
      11.580077919048133                       0.      -104.72501327653643
       10.69753210507733                       0.      -176.90538757185954
       4.858794611543192                       0.       -300.6249380588068
     -11.987023219756557                       0.       -513.2516972561274
      0.9629525296644144                       0.    -0.005136716616016026
      0.9629538120972295                       0.    -0.005146180748037026
      0.9629564899219177                       0.    -0.005165949358795384
      0.9629619139743518                       0.    -0.005206035708811551
      0.9629726485117123                       0.    -0.005285591684327801
      0.9629934737596137                       0.    -0.005440926677010708
      0.9630330653724386                       0.    -0.005740387154569646
      0.9631064301508312                       0.    -0.006311897693581637
      0.9632369676719167                       0.    -0.007393948375020255
      0.9634515664558564                       0.    -0.009430588314667847
      0.9637395610983812                       0.    -0.013252674833810357
       0.963839999183668                       0.     -0.02045540752752371
      0.9613156264199957                       0.    -0.034765545196971746
      0.9532887588833856                       0.     -0.06040737017868701
      0.9438216177673497                       0.     -0.09985021835323933
      0.9334074771204549                       0.      -0.1600058830057272
      0.9232442780761045                       0.     -0.25158705398054243
      0.9161383826641639                       0.     -0.39146385565472064
      0.9187219965749822                       0.      -0.6068254004203582
      1.0117552587666967                       0.      -0.9668080125914803
      1.2922457394319462                       0.      -1.5274485345875692
      1.6711065452791456                       0.      -2.3480828971420937
       2.185442384451264                       0.      -3.6045794873134374
       2.880093774185197                       0.       -5.587944760292125
      3.7805034827250865                       0.       -8.808064942152749
       4.865362085968734                       0.      -14.124385716542319
       6.123767083745116                       0.      -22.937758647297148
       7.448338553134052                       0.       -37.67518461726144
       8.519860588247244                       0.      -62.525234156888466
       8.585472465558126                       0.      -104.71474300200578
       6.024278671908986                       0.      -176.72011526593732
      -2.506613719384542                       0.       -300.0903482476107
     -23.723479790752553                       0.       -512.0415333996611
      0.9423488832183526                       0.    -0.007894101645277637
      0.9423501031351488                       0.    -0.007903331677100405
      0.9423525606246342                       0.    -0.007921929017912579
      0.9423574112737148                       0.    -0.007958660498650646
      0.9423668310282862                       0.    -0.008030108209060234
      0.9423848661846242                       0.     -0.00816741565797046
      0.9424189128352243                       0.    -0.008428730429998815
      0.9424821120801415                       0.    -0.008922091141809904
      0.9425965719945011                       0.    -0.009847472590269156
      0.9427951268162056                       0.    -0.011574149179805591
      0.9431098853681545                       0.     -0.01478429123078712
      0.9434971704870733                       0.     -0.02074766296919031
      0.9434531724517997                       0.    -0.031911185723800896
      0.9371027803906699                       0.     -0.05466560541909717
      0.9221794636961742                       0.     -0.09393598948744164
      0.9045570616090326                       0.     -0.15424188940090502
      0.8849623727777054                       0.     -0.24657810946656888
      0.8657482441386074                       0.      -0.3883047676062893
      0.8535333742787641                       0.      -0.6076507016141469
      0.9626115078971267                       0.      -0.9904703893153545
       1.215153420842861                       0.      -1.5626740804888621
      1.5534953318120248                       0.      -2.3966190381931654
      2.0083927291041372                       0.       -3.668164265219462
      2.6153068400986674                       0.       -5.667485072506189
       3.393130420781678                       0.       -8.895814706017354
       4.294754548237942                       0.      -14.214682678919784
         5.2641226257793                       0.      -23.025870919192744
       6.139155663716089                       0.       -37.74539344420969
        6.50863840927859                       0.       -62.54597371237256
       5.469701606517034                       0.      -104.62668101486493
       1.154575697587391                       0.      -176.41376990644164
     -10.188448925718136                       0.      -299.36393975529217
     -35.962771612004346                       0.       -510.5224733433718
      0.9158707555900711                       0.    -0.011338941166108564
      0.9158719157072203                       0.    -0.011348000268999318
      0.9158741868023788                       0.    -0.011365736846352458
      0.9158785723280096                       0.    -0.011399999585965673
      0.9158869451828587                       0.    -0.011465477642624712
       0.915902770381621                       0.     -0.01158951029362698
      0.9159323856280426                       0.     -0.01182273999873953
      0.9159871800574227                       0.    -0.012258596736989128
       0.916086985548902                       0.    -0.013068873242667546
      0.9162642044303506                       0.    -0.014568661389256641
      0.9165641664774573                       0.    -0.017335229415244995
      0.9170206667534888                       0.      -0.0224281570227031
       0.917517680979726                       0.    -0.031813078040066764
      0.9170584036711565                       0.    -0.049319622492547746
      0.9023212364695125                       0.      -0.0859016208978999
      0.8775835103489339                       0.     -0.14587154940217503
      0.8486741910725536                       0.      -0.2384653945459044
      0.8175294765022187                       0.     -0.38162849909136864
      0.7910233625712639                       0.      -0.6049382573124269
       0.912399099258053                       0.      -1.0117451407704579
      1.1359229392810335                       0.      -1.5943267164237405
      1.4323565734477643                       0.      -2.4400817725101707
      1.8257527343529827                       0.       -3.724695768468969
       2.341599007133428                       0.       -5.737500122115842
      2.9899083565480455                       0.       -8.972605627730465
       3.703140474582175                       0.      -14.287957840664918
       4.373786616521484                       0.       -23.08836169367942
        4.78175041589761                       0.      -37.777372153421176
       4.419345067322509                       0.       -62.50907674148571
      2.2261851045141503                       0.      -104.45029632624669
     -3.9243003971011268                       0.      -175.96973389542984
      -18.21062689518116                       0.      -298.41938102562364
      -48.74837843114609                       0.        -508.652753663627
      0.8823591361528145                       0.    -0.015546856240631905
      0.8823602361890716                       0.    -0.015555791712118464
       0.882362342148934                       0.    -0.015572899407811659
      0.8823663364811246                       0.    -0.015605354745449216
      0.8823738522111758                       0.    -0.015666458606287022
       0.882387892348964                       0.     -0.01578076038881265
       0.882413936151242                       0.    -0.015993400448780733
       0.882461867158138                       0.    -0.016387108530822436
       0.882549172468921                       0.    -0.017113077722571438
      0.8827056900525659                       0.    -0.018446985078409306
       0.882978559431599                       0.      -0.0208906981219876
      0.8834286237548065                       0.    -0.025357723655131177
      0.8840800177244565                       0.    -0.033516477498600566
      0.8846595484682941                       0.     -0.04845950951198461
      0.8827872265757903                       0.     -0.07655373220187332
      0.8526832619540642                       0.     -0.13537700989806162
      0.8146371063354083                       0.     -0.22775635841665695
      0.7718021636239376                       0.       -0.371985568885315
       0.732073790219951                       0.       -0.599892368990758
      0.8611199800249412                       0.      -1.0305348036948476
      1.0546982488574297                       0.       -1.622194145511941
       1.307877901798916                       0.       -2.478076172019906
      1.6377455097890397                       0.      -3.7735128441888452
       2.059287180744553                       0.       -5.796825100070642
       2.570933297484826                       0.       -9.036528896924816
      3.0892653881930463                       0.       -14.34237890217786
       3.451722483903737                       0.      -23.122156315404236
      3.3744793387682632                       0.       -37.76629742039544
      2.2488096704429203                       0.        -62.4069343445605
     -1.1515503334188104                       0.      -104.17353275038043
      -9.225264210158082                       0.        -175.368784304745
      -26.59812145821582                       0.       -297.2259110190475
      -62.12696326362772                       0.      -506.38314677607923
      0.8407569074465417                       0.    -0.020545760450270373
      0.8407579448337156                       0.    -0.020554607890160066
      0.8407598973464896                       0.    -0.020571260785835026
      0.8407635483997128                       0.    -0.020602404916290912
      0.8407703366803733                       0.    -0.020660331228939437
      0.8407828920970317                       0.      -0.0207675592913511
      0.8408059956875888                       0.     -0.02096522660877956
      0.8408482725081559                       0.     -0.02132828161367323
      0.8409250909912764                       0.    -0.021992953157996455
      0.8410632372552073                       0.     -0.02320635695037526
      0.8413074148177431                       0.     -0.02541604162180825
      0.8417253696111312                       0.    -0.029431848544214302
      0.8423946635942494                       0.     -0.03672025243934105
      0.8432997012342347                       0.     -0.04995071721931662
       0.843820349109921                       0.      -0.0740885441250973
      0.8299160395533802                       0.     -0.12321370192569069
      0.7829703590428093                       0.      -0.2149455338492625
      0.7287376884706799                       0.     -0.35992930017410035
      0.6842072528525891                       0.      -0.5999992977947409
      0.8088685573894144                       0.      -1.0467551231071215
      0.9716374416103668                       0.       -1.646070234848742
      1.1802787505359331                       0.       -2.510208840668666
       1.444652541768858                       0.        -3.81394197965686
      1.7687433139187774                       0.       -5.844314912247141
      2.1368437871602586                       0.       -9.085328086444813
      2.4518304441772982                       0.      -14.375828366515881
      2.4967864475104755                       0.       -23.12385610017444
      1.9157998526762512                       0.       -37.70677470873677
   -0.005912446601157008                       0.      -62.230954849406395
       -4.66968517562617                       0.      -103.78262422350554
     -14.761099376100578                       0.      -174.58873103638513
     -35.376481342803615                       0.      -295.74763997947605
      -76.14778014107341                       0.       -503.6556309200755
      0.7903319730975867                       0.    -0.026285083735330495
      0.7903329432503386                       0.    -0.026293870195306258
      0.7903347462719235                       0.    -0.026310200217891405
      0.7903380813616728                       0.    -0.026340408953025262
      0.7903442243277006                       0.    -0.026396063760615606
      0.7903554950788609                       0.     -0.02649822942346318
      0.7903760952741763                       0.    -0.026685174186220306
      0.7904135941169654                       0.    -0.027026269317732353
      0.7904815157828466                       0.     -0.02764702341844468
      0.7906036870509471                       0.     -0.02877411669116038
      0.7908209969353674                       0.    -0.030816347718368622
      0.7911999573072909                       0.     -0.03451013667736966
      0.7918360041834901                       0.     -0.04118164732858401
      0.7928183623491568                       0.     -0.05322309005645603
      0.7940185739376893                       0.     -0.07498475942810308
      0.7940100451295341                       0.      -0.1146622993195782
      0.7536866730856413                       0.     -0.20048649989880485
      0.6883862450598794                       0.      -0.3459846158142714
      0.6505083277861506                       0.      -0.6066898237747561
      0.7557487277869135                       0.      -1.0603272451654122
      0.8869120250267298                       0.      -1.6657553761195625
       1.049810262146442                       0.      -2.5360903333230973
       1.246815899718911                       0.      -3.8453025332284385
       1.470421047302058                       0.       -5.878821281890022
      1.6886517093002806                       0.       -9.116608877574286
      1.7898597008347465                       0.      -14.385739415589116
      1.5076426767306141                       0.      -23.089693823326346
      0.4042678973052823                       0.      -37.592777386257445
      -2.347456603201185                       0.       -61.97146461653925
      -8.333886637421832                       0.       -103.2619059290647
     -20.544030464314027                       0.      -173.60404152969872
      -44.57111346855492                       0.       -293.9428056214385
       -90.8616231572544                       0.      -500.40193201899575
      0.7309562034712102                       0.    -0.032604371426641195
      0.7309570993074636                       0.     -0.03261311784317582
      0.7309587491986796                       0.     -0.03262922669080348
      0.7309617768883293                       0.     -0.03265878947724483
      0.7309673148025775                       0.      -0.0327128703155868
      0.7309774134008729                       0.     -0.03281152158235594
      0.7309957742863912                       0.     -0.03299101394685698
      0.7310290542492683                       0.     -0.03331683504853839
      0.7310891574651314                       0.     -0.03390702885457837
      0.7311971764543458                       0.      -0.0349740529692549
       0.731389870700464                       0.     -0.03689977378061277
      0.7317292919588025                       0.    -0.040369756920010186
      0.7323133846498354                       0.     -0.04661383913551942
      0.7332727280654636                       0.      -0.0578385907272886
      0.7346883472211246                       0.     -0.07801529049199389
      0.7361498830973983                       0.     -0.11438979929270009
      0.7265288856142424                       0.     -0.18478501609496206
      0.6507072692502303                       0.      -0.3306297389392151
      0.6192567428344902                       0.      -0.6130174408159341
      0.7018672757923836                       0.      -1.0711759973270305
       0.800706279355831                       0.       -1.681056521103147
      0.9167549937257539                       0.       -2.555337229415512
       1.044639816985165                       0.      -3.8669119887089516
      1.1648749201135853                       0.       -5.899184510116199
       1.227552575900335                       0.       -9.128011219495733
      1.1031853736597605                       0.      -14.368968869770363
     0.48277377542583017                       0.      -23.015446187614675
     -1.1615087201262173                       0.      -37.417573352426714
      -4.778074676758594                       0.         -61.617600300666
     -12.149063732792898                       0.      -102.59362395383461
      -26.58518715525483                       0.      -172.38546565358806
      -54.20629338838787                       0.       -291.7630157278639
     -106.31918394952038                       0.      -496.54199458937245
      0.6633754989550938                       0.     -0.03920899957181047
      0.6633763094512447                       0.    -0.039217722683143004
       0.663377793116818                       0.     -0.03923369107556438
      0.6633805010728595                       0.      -0.0392628372883967
      0.6633854303303961                       0.     -0.03931589653155267
      0.6633943806371817                       0.      -0.0394122587150747
      0.6634105932143032                       0.       -0.039586886232039
      0.6634398888201827                       0.    -0.039902721520688036
        0.66349267998927                       0.    -0.040472914217896845
      0.6635874804674509                       0.     -0.04150059452132705
       0.663756866267943                       0.     -0.04334996926539041
      0.6640570643557522                       0.     -0.04667329306241875
      0.6645815203787752                       0.     -0.05263751488884039
      0.6654732639658797                       0.     -0.06332922295447715
      0.6669070741179143                       0.     -0.08248253827970742
      0.6689149481166154                       0.     -0.11682027244533466
      0.6704212424872628                       0.      -0.1787873986747771
      0.6155974193424826                       0.     -0.31428866067598105
       0.588002037976745                       0.      -0.6179737055616321
      0.6473332753820312                       0.      -1.0792288511226136
      0.7132167623096387                       0.      -1.6917869084704065
      0.7814265386543465                       0.      -2.5675737844716315
      0.8385917421729917                       0.       -3.878091012811972
      0.8527721913898274                       0.       -5.904235666121698
      0.7548218038833077                       0.       -9.117281637273482
      0.3927975620844552                       0.      -14.321816980746167
     -0.5792548795572884                       0.       -22.89630083609086
      -2.782942689522628                       0.       -37.17362555166953
      -7.299590416483938                       0.       -61.15718449730029
     -16.119117122560223                       0.      -101.75774214435168
      -32.89397597439464                       0.      -170.89967461368533
      -64.30388641467876                       0.      -289.15251942745664
     -122.56870381042827                       0.        -491.982475497693
      0.5893638134014825                       0.      -0.0456648767075186
      0.5893645214213634                       0.     -0.04567359052467215
      0.5893658129157215                       0.     -0.04568948543169856
      0.5893681626472169                       0.    -0.045718405000295385
      0.5893724276637027                       0.     -0.04577089962889646
       0.589380152275337                       0.     -0.04586598590507188
      0.5893941139350083                       0.    -0.046037887319669096
      0.5894192974407647                       0.     -0.04634810619281367
      0.5894646256758895                       0.    -0.046907018458133984
       0.589546011060827                       0.     -0.04791246023028017
      0.5896916613580633                       0.     -0.04971859870733625
      0.5899510626434201                       0.     -0.05295871507292001
       0.590409375790242                       0.     -0.05876386362920229
      0.5912076863841726                       0.     -0.06915206800786951
      0.5925609460199975                       0.     -0.08772261093489175
      0.5947265893498064                       0.     -0.12091129768871262
      0.5976893601225935                       0.     -0.18039280572763716
      0.5827863761088972                       0.      -0.2973404757544724
      0.5565533031462401                       0.       -0.621447048376586
       0.592258142991975                       0.       -1.084414909361788
       0.624652026214365                       0.      -1.6977655083236463
      0.6441691998571497                       0.      -2.5724331125479907
      0.6292030060173802                       0.       -3.878168130531946
      0.5348996415049663                       0.       -5.892804145246936
      0.2718084232683955                       0.       -9.082268746543033
     -0.3391621814264478                       0.      -14.240226411903054
     -1.6791686070473508                       0.       -22.72672667427744
      -4.461454192022975                       0.       -36.85245599085112
      -9.913393977068417                       0.        -60.5765706599688
     -20.246711727336507                       0.      -100.73173685940608
      -39.47739710205423                       0.       -169.1089219993219
      -74.88180373617362                       0.       -286.0475546570847
     -139.65286724966418                       0.       -486.6153899385503
      0.5116503842155821                       0.     -0.05142901355357506
      0.5116509645316051                       0.     -0.05143773034008999
      0.5116520217470356                       0.     -0.05145361052503215
       0.511653943062161                       0.    -0.051482470195192934
      0.5116574269728955                       0.     -0.05153480149942369
      0.5116637314944416                       0.     -0.05162950166529366
      0.5116751189058405                       0.     -0.05180055532913787
       0.511695651540247                       0.    -0.052108995004162426
      0.5117326136463942                       0.     -0.05266428406448563
      0.5117990474673797                       0.    -0.053662501132293566
      0.5119182659114904                       0.     -0.05545444334828115
      0.5121318525014694                       0.     -0.05866692303357166
      0.5125137507765637                       0.      -0.0644184648521368
      0.5131947581654345                       0.     -0.07470227964696279
      0.5144038827059894                       0.     -0.09306625201250199
      0.5165328213229283                       0.      -0.1258300042279511
      0.5202073287209182                       0.      -0.1843535173981575
      0.5260974902974866                       0.     -0.29008807475636156
      0.5249368825134583                       0.      -0.6234133986136005
      0.5367559098700234                       0.      -1.0866638545511076
      0.5352326081386188                       0.      -1.6988162183162023
      0.5053578565525602                       0.       -2.569557889396766
     0.41706929311618457                       0.       -3.866483877341153
      0.2121675123163513                       0.       -5.863727245270176
     -0.2200191520292151                       0.       -9.020893843503043
     -1.0897258329293165                       0.      -14.120060980844539
      -2.816123042263406                       0.      -22.500452216570697
      -6.198146961194729                       0.       -36.44449699414012
     -12.620418009742677                       0.       -59.86044645974526
     -24.533089493378373                       0.       -99.49036138514204
      -46.33936112211364                       0.      -166.97072208851608
      -85.95227130317961                       0.      -282.37581227270715
     -157.60499327915866                       0.      -480.31706017665783
     0.43357524964284755                       0.     -0.05593077286211546
      0.4335756683981053                       0.    -0.055939503569432975
      0.4335764319890134                       0.     -0.05595542369069115
     0.43357782087932956                       0.    -0.055984379924908914
      0.4335803414241317                       0.     -0.05603692588529437
      0.4335849065065715                       0.     -0.05613207982863772
      0.4335931601647307                       0.    -0.056304061078880356
     0.43360806168349825                       0.     -0.05661435144445191
     0.43363494010273856                       0.     -0.05717326461214783
      0.4336834118151891                       0.     -0.05817847012153707
      0.4337709168708721                       0.     -0.05998370267888409
      0.4339294048893861                       0.     -0.06322110344800849
     0.43421849801245793                       0.      -0.0690186045704034
      0.4347529790891073                       0.     -0.07938527051049164
     0.43576462346379286                       0.     -0.09789345252710635
      0.4377534274501436                       0.     -0.13089377453572115
      0.4419014460643414                       0.      -0.1897645877100338
     0.45224073840543755                       0.     -0.29631089474389705
      0.4931971112042357                       0.      -0.6238545693734783
     0.48094369118206376                       0.      -1.0859048611584232
       0.445191349620162                       0.      -1.6947668494407944
      0.3653981642603005                       0.      -2.5586006011057156
     0.20285114712587698                       0.      -3.8423943386877815
    -0.11438801550189574                       0.       -5.815860034318808
     -0.7190204201517211                       0.       -8.931130415168731
     -1.8554874643159016                       0.      -13.957320654519272
     -3.9870335436403086                       0.      -22.210646784089764
      -7.992941994811718                       0.       -35.93902309311811
     -15.420891540120724                       0.       -58.99162258623724
     -28.977866911530523                       0.       -98.00536825211263
       -53.4800404654237                       0.      -164.43752830984994
      -97.52002693271669                       0.       -278.0560378188542
      -176.4447175912945                       0.       -472.9475112429407
      0.3585474421195141                       0.     -0.05869641922279247
      0.3585476583765522                       0.      -0.0587051734934647
      0.3585480539791947                       0.     -0.05872118724281893
     0.35854877566292787                       0.     -0.05875039707991177
       0.358550089069154                       0.     -0.05880354056792358
      0.3585524747293051                       0.     -0.05890000337321528
     0.35855680226271097                       0.     -0.05907472545961582
     0.35856464941188215                       0.     -0.05939058194970089
      0.3585788968386928                       0.     -0.05996054845449051
     0.35860487260051915                       0.     -0.06098732676912775
     0.35865267108355925                       0.      -0.0628340686370186
      0.3587422118086337                       0.     -0.06615034597109344
      0.3589152993281658                       0.     -0.07209593679584257
      0.3592670111309099                       0.     -0.08273715079119597
     0.36003349930664685                       0.      -0.1017474773539176
     0.36185333246360196                       0.     -0.13565627390812884
      0.3666384327879896                       0.     -0.19619640212822353
       0.413495888986708                       0.      -0.3163707084439526
     0.46137932493142375                       0.      -0.6227496673511164
     0.42494236445219896                       0.      -1.0820654752226975
      0.3547741008228807                       0.      -1.6854479409797294
     0.22472722395389694                       0.      -2.5392233906186545
   -0.012725228712934184                       0.      -3.8052740454396723
    -0.44360293710355014                       0.        -5.74808473653663
     -1.2233444847098476                       0.       -8.811001137226127
      -2.632836012539057                       0.       -13.74823142831947
     -5.1865219206377695                       0.       -21.85028352993161
       -9.84320982022268                       0.      -35.324312453453786
       -18.3135183546636                       0.       -57.95092824735013
     -33.578584956307374                       0.       -96.24523722750642
      -60.89517018652253                       0.      -161.45641639400668
     -109.58051209218354                       0.       -272.9977848298407
     -196.17344086361254                       0.       -464.3504331848126
        0.28948140318251                       0.     -0.05947239274693737
      0.2894813718388697                       0.    -0.059481178831954855
       0.289481314204627                       0.    -0.059497341965567246
      0.2894812087014907                       0.     -0.05952697376606704
     0.28948101660913045                       0.    -0.059581130669967015
     0.28948066954537316                       0.      -0.0596798378048701
        0.28948005047623                       0.     -0.05985929330853702
      0.2894789722498387                       0.     -0.06018481119669501
     0.28947718350844515                       0.     -0.06077403731847674
     0.28947453212090557                       0.    -0.061838522609877655
      0.2894717785938977                       0.     -0.06375802263993119
     0.28947380015904417                       0.      -0.0672129567042677
      0.2895010949287713                       0.     -0.07341980857468193
     0.28962914928315003                       0.     -0.08454804482604657
     0.29011979408453986                       0.      -0.1044582816490978
     0.29186518752724255                       0.      -0.1400328380093485
     0.29820581704836685                       0.      -0.2038813309735227
     0.37998893965968183                       0.     -0.33712955758590574
     0.42952562633208136                       0.      -0.6200762207468185
      0.3688774782435996                       0.       -1.075070459359703
      0.2642408654096543                       0.      -1.6706914435271107
     0.08381485475063712                       0.      -2.5110975752382143
     -0.2288665915562304                       0.       -3.754518259272415
     -0.7741834949422091                       0.      -5.6593193412667615
     -1.7309081537843496                       0.       -8.658587785607136
      -3.417993678174867                       0.      -13.489247386729382
     -6.4074859597382385                       0.       -21.41252913013763
     -11.742443184542163                       0.      -34.588131472509055
     -21.293801495382578                       0.      -56.717448234976914
      -38.32955193583988                       0.       -94.17510707697033
      -68.57494168319022                       0.      -157.96889877320606
      -122.1178831924746                       0.       -267.1014150925358
      -216.7696838222001                       0.       -454.3538617108804
     0.22839725043864406                       0.     -0.05828585502049164
     0.22839692467113448                       0.     -0.05829467999644683
      0.2283963202763425                       0.     -0.05831105416531958
     0.22839520412351172                       0.     -0.05834130022636213
     0.22839315173282063                       0.    -0.058396951653984244
      0.2283893938903316                       0.     -0.05849899266830077
     0.22838254607919514                       0.     -0.05868551217285245
     0.22837014364423547                       0.     -0.05902549508245992
     0.22834788572780776                       0.    -0.059643626039980524
      0.2283085540465904                       0.    -0.060764809554748285
     0.22824101917598807                       0.     -0.06279389047976607
      0.2281316385049052                       0.      -0.0664579888896719
     0.22797724513572012                       0.     -0.07305975505037694
     0.22784255465200742                       0.     -0.08492686008830602
     0.22807573742297368                       0.     -0.10621467343105821
     0.23012353970994215                       0.     -0.14441244883154414
      0.2632019768412595                       0.      -0.2208332437833366
      0.3436011090130098                       0.      -0.3571009774495948
     0.39760730630102403                       0.      -0.6158424470184387
      0.3128804218655684                       0.      -1.0648405962961547
       0.173867448122904                       0.       -1.650329307509389
    -0.05683439319690477                       0.        -2.47390292513303
    -0.44471040796725914                       0.      -3.6895447526695193
     -1.1047036462861193                       0.       -5.548525404872966
     -2.2393847078959475                       0.       -8.472047405607242
      -4.206942891882491                       0.      -13.177029905576024
      -7.641859327403291                       0.      -20.890999360858135
      -13.67976778687988                       0.      -33.718442507129886
     -24.351758821135476                       0.        -55.2693308147464
     -43.219503374140636                       0.       -91.75730834214731
        -76.501806741905                       0.      -153.91127554824868
      -135.1021957519428                       0.      -260.25873555997583
     -238.18397235137007                       0.      -442.77199375447793
     0.17628396434688476                       0.     -0.05541185814792906
      0.1762832957431829                       0.     -0.05542072852477883
     0.17628204024588062                       0.    -0.055437386270633805
      0.1762796973097233                       0.    -0.055468478305763756
     0.17627534925153387                       0.    -0.055526209214977536
     0.17626732207987234                       0.      -0.0556329151121694
     0.17625258210491498                       0.     -0.05582935396585956
      0.1762256857323228                       0.    -0.056189698730929286
     0.17617702953905912                       0.     -0.05684859178580214
      0.1760902023114967                       0.    -0.058049846717093255
     0.17593894906924173                       0.     -0.06023387647560536
      0.1756875153648308                       0.     -0.06419414351813922
      0.1753103500505649                       0.     -0.07135634127903888
     0.17488997994979918                       0.     -0.08427759720314515
     0.17501092320575873                       0.        -0.10756335169669
     0.18023704414705835                       0.     -0.15072372262315917
     0.23562023187650347                       0.     -0.23825664491805318
     0.30412851996676127                       0.     -0.37574899451084415
     0.36455740531388353                       0.      -0.6105036962339943
      0.2570898998872357                       0.      -1.0512914405992528
      0.0839476780948634                       0.       -1.624192013468898
      -0.196678342269686                       0.      -2.4273268092670977
     -0.6593214452379189                       0.       -3.609795259454834
     -1.4336013813922817                       0.        -5.41471520359049
     -2.7461972914225288                       0.       -8.249630439803658
      -4.995332173912401                       0.      -12.808442116420665
      -8.881121891220197                       0.      -20.279845896431294
     -15.640630892118029                       0.       -32.70405701013118
      -27.47003540367095                       0.       -53.58513451874163
      -48.22816409066832                       0.       -88.95293722378642
      -84.64651412890578                       0.       -149.2162758548951
      -148.4846737312381                       0.      -252.35522452492629
      -260.3320759061679                       0.       -429.4092493551626
     0.13320570854152897                       0.     -0.05127172579572376
      0.1332046440255107                       0.    -0.051280648160357524
     0.13320261228350022                       0.     -0.05129767859094109
     0.13319876843884454                       0.     -0.05132990545580007
      0.1331915511523074                       0.     -0.05139044902821986
     0.13317809255403554                       0.    -0.051503492806515165
      0.1331531646485532                       0.      -0.0517134463361922
     0.13310734196703108                       0.     -0.05210158718680734
       0.133023944191805                       0.     -0.05281620609903784
      0.1328744523875547                       0.     -0.05412706027680605
     0.13261346405545227                       0.    -0.056523443672604826
     0.13218039536776907                       0.      -0.0608903420105113
      0.1315380022067681                       0.     -0.06882504941917546
     0.13086093476057478                       0.      -0.0832159039346392
      0.1313713921813367                       0.     -0.10940683419143728
     0.15850183732451473                       0.     -0.16439120866320744
     0.20549575384598487                       0.     -0.25404616798114166
     0.26141903837897695                       0.      -0.3924472036170788
      0.3194545179188696                       0.      -0.6104103540611965
     0.20165375744148475                       0.      -1.0343320097405864
   -0.005203701469780727                       0.      -1.5921070810003233
    -0.33513325188347604                       0.       -2.371063333894146
     -0.8716869263141475                       0.       -3.514736840707454
      -1.759173353957735                       0.       -5.256958569148016
       -3.24851286029824                       0.       -7.989699112340879
      -5.778405463710667                       0.      -12.380565406310465
     -10.116437009905862                       0.      -19.573752531551925
     -17.608165042602202                       0.      -31.534998187603758
      -30.62360697769575                       0.       -51.64528528628074
      -53.32288661764355                       0.       -85.72454390983029
      -92.96254322438061                       0.      -143.81681617843554
      -162.1902591930079                       0.      -243.27537378580416
      -283.0850773191324                       0.       -414.0687178477568
     0.09855263665443158                       0.    -0.046318064324248474
     0.09855111229638465                       0.     -0.04632704533449038
     0.09854813988835234                       0.     -0.04634455921652857
     0.09854241764475272                       0.     -0.04637828456677105
     0.09853151794407237                       0.    -0.046442568102530855
      0.0985109483071136                       0.    -0.046564070816279245
      0.0984724725337754                       0.     -0.04679210432025593
     0.09840119377605992                       0.     -0.04721749264854236
     0.09827077075943416                       0.     -0.04800688509176443
     0.09803655363256993                       0.     -0.04946499212926304
     0.09762933824661109                       0.     -0.05214718470787327
     0.09696461476874714                       0.     -0.05706323872708598
     0.09602718392537907                       0.     -0.06605040553780403
      0.0952755837167694                       0.     -0.08250115690521526
     0.10479322493612131                       0.     -0.11616246919000627
     0.13551633032417557                       0.      -0.1764828486798026
     0.17277525417353629                       0.      -0.2676880928377668
     0.21539563953787672                       0.      -0.4064725225335214
     0.25738932797567093                       0.      -0.6201712725587306
      0.1467308985055989                       0.      -1.0138634559197426
    -0.09324736086286493                       0.      -1.5538975975815676
    -0.47156866922338475                       0.      -2.3048126230875896
     -1.0807099726941045                       0.       -3.403863480688577
     -2.0795673071830794                       0.       -5.074389917766031
     -3.7432343456987076                       0.       -7.690746033903508
      -6.550959855177918                       0.      -11.890731051984966
     -11.338548589715437                       0.      -18.767930212200035
     -19.564371956879505                       0.      -30.202569787588775
      -33.78133546740274                       0.       -49.43309163690403
      -58.45720885280616                       0.       -82.03934429010171
     -101.38067284932636                       0.      -137.65211589936104
     -176.10831138662638                       0.       -232.9125777609049
     -306.25614488725967                       0.       -396.5676578099926
     0.07132538195761359                       0.      -0.0409508784886567
     0.07132331409403324                       0.     -0.04095992330875349
     0.07131916910057651                       0.     -0.04097805544730427
     0.07131101663734221                       0.    -0.041013730676751875
     0.07129522121356908                       0.     -0.04108291331290706
     0.07126500316736997                       0.     -0.04121553613053855
     0.07120786956436873                       0.      -0.0414673916039244
     0.07110119510296568                       0.     -0.04194194014698111
     0.07090518760436697                       0.      -0.0428301743109769
     0.07055366451926098                       0.     -0.04448330503196609
     0.06994937976037933                       0.     -0.04754527531490342
     0.06899537140082614                       0.     -0.05319651182388253
      0.0677893615047142                       0.      -0.0636229270174548
      0.0682942244792847                       0.     -0.08356144346672877
     0.08715142473932519                       0.     -0.12488636204107068
     0.11048239639301463                       0.     -0.18652780383279544
       0.137485943002396                       0.     -0.27859385905543793
     0.16608934545941637                       0.     -0.41700416860174494
     0.18982283717044504                       0.      -0.6272195153636797
     0.09248661066363599                       0.      -0.9897783059144045
    -0.17981477680745697                       0.      -1.5093808193542866
      -0.605300864065224                       0.       -2.228280425224181
     -1.2852010551286577                       0.      -3.2766983072871185
     -2.3927718247946643                       0.      -4.8662161768560885
      -4.226989689725178                       0.       -7.351413931527825
      -7.307320463898554                       0.       -11.33656021070365
     -12.537612604984865                       0.       -17.85815126504967
     -21.490655191309646                       0.      -28.699312977313493
      -36.90833289959364                       0.       -46.93514920387004
      -63.57229268059292                       0.       -77.87209568123961
     -109.80640602275294                       0.       -130.6753894739258
     -190.08488709572967                       0.      -221.18363549601978
     -329.58759086319475                       0.       -376.7613131557652
     0.05037671239161534                       0.    -0.035478903485837245
    0.050373986229305015                       0.    -0.035488011360171684
    0.050368328451778556                       0.    -0.035506916354980066
     0.05035691285937076                       0.     -0.03554507919564959
     0.05033436231412341                       0.     -0.03562055993551355
    0.050290575389477225                       0.     -0.03576753688867994
     0.05020686760181524                       0.    -0.036050225617880474
    0.050049460222779535                       0.     -0.03658854450839308
     0.04975965242762916                       0.     -0.03760530518807553
     0.04924306335391586                       0.     -0.03951294446944974
    0.048373816016652714                       0.    -0.043074032856448036
    0.047080882615155695                       0.     -0.04970826726334277
    0.045833508495914936                       0.     -0.06217528912358269
     0.05427858382070554                       0.     -0.08940246820078095
      0.0679446427465061                       0.     -0.13173997709617985
     0.08350054292120161                       0.     -0.19403190506373572
     0.09976404093064319                       0.     -0.28610522915516756
     0.11367858246603171                       0.     -0.42313074623637315
     0.11794405381301795                       0.       -0.628996225782778
     0.03891700950204725                       0.      -0.9619636100825335
     -0.2645024958939993                       0.      -1.4583669167183935
     -0.7355846090802044                       0.      -2.1411782803362818
     -1.4838671629855433                       0.       -3.132796934465969
     -2.6966030082475423                       0.       -4.631726532279618
      -4.696116945360631                       0.       -6.970518025922654
      -8.041320778224417                       0.      -10.716010024194443
     -13.703059482077588                       0.      -16.840823095823076
     -23.367778945728105                       0.       -27.01904476611814
       -39.9677168420006                       0.        -44.1415707735112
      -68.60018881191085                       0.       -73.20751537970689
      -118.1218920243252                       0.      -122.86190861303223
     -203.92137988824604                       0.      -208.04571000759046
      -352.7459540715905                       0.       -354.5721898677517
    0.034579098089232096                       0.    -0.030117424123045296
     0.03457555384646927                       0.     -0.03012657896785049
     0.03456787701342304                       0.     -0.03014641268272563
     0.03455192639779072                       0.    -0.030187651329811528
     0.03451974513611658                       0.    -0.030271000885464337
    0.034456292223222024                       0.    -0.030436012846324453
     0.03433370744448223                       0.    -0.030757593763646614
     0.03410195279835911                       0.     -0.03137664288760133
     0.03367594610303392                       0.    -0.032556858604819536
     0.03292640368548805                       0.     -0.03479063139576755
     0.03170949140089584                       0.     -0.03900126265414389
     0.03008505463963192                       0.       -0.046968259236143
     0.03231705931918285                       0.      -0.0643139552060871
     0.03952779012562297                       0.     -0.09367096649066375
     0.04732307918353675                       0.      -0.1363114341181985
     0.05477911499628077                       0.        -0.19845804771219
     0.05988843435846006                       0.      -0.2895082423526081
    0.058534108957094884                       0.      -0.4238691596386848
    0.042307175110061754                       0.      -0.6239972894083725
   -0.019131876097249086                       0.      -0.9303318253976355
    -0.34686513646795597                       0.      -1.4006579527828698
     -0.8616030218539366                       0.       -2.043224560042763
     -1.6752983975349318                       0.      -2.9717525658984463
      -2.988687782298273                       0.        -4.37030518118647
      -5.146645026289479                       0.       -6.547073132840227
      -8.746281583935467                       0.      -10.027427556729734
       -14.8235052452597                       0.      -15.713093823416422
     -25.175551266510904                       0.      -25.157118001616112
      -42.92105430852188                       0.       -41.04690754527865
       -73.4667597111291                       0.       -68.04343441768702
     -126.19159303593713                       0.      -114.21691553696856
     -217.38273674610164                       0.      -193.51177317924467
      -375.3334864648912                       0.      -330.01654233786326
     0.02291958523071482                       0.     -0.02500692150290297
     0.02291500310627419                       0.    -0.025016074379274823
    0.022904557109563344                       0.    -0.025036947255954112
     0.02288213798736648                       0.     -0.02508179157952494
    0.022835904511049734                       0.    -0.025174517451836544
    0.022743379317045353                       0.    -0.025361213115913977
    0.022563027472664785                       0.    -0.025729872378984855
    0.022221267373635587                       0.    -0.026447339868787865
    0.021597404212041357                       0.     -0.02782879507363719
    0.020523983976515833                       0.    -0.030470774614359045
    0.018876140396709734                       0.    -0.035522196111811254
    0.017992263314034036                       0.     -0.04617757406573355
    0.021026582082361113                       0.     -0.06659280431310174
    0.023817790815281143                       0.     -0.09592822062994796
    0.025543943393419345                       0.      -0.1381711811855266
    0.024661873246261456                       0.     -0.19924618729986887
    0.018316803815575454                       0.     -0.28805950780780387
   0.0012670242596590803                       0.      -0.4181998537026235
    -0.03622943702541452                       0.      -0.6107164938923386
    -0.11323296358634644                       0.      -0.8987852046299932
    -0.42641079686465244                       0.       -1.336046224401291
     -0.9824551342279736                       0.      -1.9341468076001862
     -1.8579517054031345                       0.      -2.7932036988799096
     -3.2664436803495738                       0.       -4.081448611670512
      -5.574270147527693                       0.       -6.080328182572106
      -9.414985982419108                       0.       -9.269615957410215
     -15.886693264431464                       0.       -14.47300133936358
     -26.892437946995656                       0.      -23.111120779214417
      -45.72769964337583                       0.       -37.65287562395025
      -78.09320389985015                       0.       -62.39637258424791
      -133.8701456356517                       0.      -104.78305075960769
     -230.21527273774018                       0.      -177.65943283910536
     -396.91926233641914                       0.      -303.21636047264946
    0.014537681458329314                       0.    -0.020239980222792383
    0.014531771155385327                       0.     -0.02024902118321692
    0.014517472871045264                       0.    -0.020270904391405508
    0.014485716551321312                       0.       -0.020319586657223
    0.014418802009860949                       0.     -0.02042259269358357
    0.014283097553097358                       0.     -0.02063346413438939
     0.01401695492494967                       0.    -0.021055356956731233
    0.013513743510510908                       0.      -0.0218859569781919
     0.01260796292637065                       0.     -0.02350420676347967
    0.011101081414988837                       0.    -0.026644886228175478
    0.009082348043221947                       0.    -0.032952290527122556
     0.00942203987680406                       0.     -0.04698779087477792
    0.009160627436132886                       0.     -0.06713212520652813
    0.007435929344384098                       0.     -0.09584656561920879
   0.0029885455536277808                       0.      -0.1368968016243733
   -0.006345682869497622                       0.     -0.19584572069033607
   -0.024279690351783057                       0.     -0.28102854460217647
    -0.05722516628573754                       0.       -0.405123171474311
     -0.1164256481433862                       0.      -0.5876996601577912
    -0.22220479420953146                       0.      -0.8593892910699981
     -0.5027568556211539                       0.      -1.2642576147063844
     -1.0971408379030918                       0.       -1.813685964370672
     -2.0301315190638523                       0.      -2.5968455515099187
       -3.52705520632348                       0.      -3.7647893799960337
      -5.974328656201459                       0.        -5.56981161570075
     -10.039651209256178                       0.       -8.441919832954056
      -16.87944331521212                       0.      -13.119736902707638
      -28.49516375126911                       0.      -20.882614908149908
      -48.34387377643875                       0.      -33.974049842108066
      -82.39772106448792                       0.      -56.309247117693324
      -141.0128052405965                       0.       -94.64406690105211
     -242.17165429674617                       0.      -160.62681021694388
      -417.0842200863821                       0.      -274.38668423337293
    0.008722948955805424                       0.    -0.015888360550173678
    0.008715357689582174                       0.     -0.01589708541840846
    0.008695729222543788                       0.    -0.015919664234434416
    0.008650602140680327                       0.    -0.015971716037983932
    0.008553600669212532                       0.     -0.01608437160768588
    0.008354791646306725                       0.     -0.01631884565278463
    0.007964089638398184                       0.    -0.016794668627334024
    0.007231402999702425                       0.    -0.017745262593690626
    0.005941892067618421                       0.    -0.019631208251838946
    0.003906590972488489                       0.    -0.023413984998693207
   0.0025720184508462684                       0.     -0.03263793784179892
   0.0006017062189663637                       0.     -0.04633585502928767
   -0.002981723853968027                       0.     -0.06570172987860931
   -0.009223187628779958                       0.     -0.09313213436548945
    -0.01982292623501516                       0.     -0.13210930062054901
    -0.03755643175668859                       0.     -0.18776232742144783
    -0.06698975272019428                       0.     -0.26775906407158945
    -0.11572289809298647                       0.      -0.3837407203957329
    -0.19660782733176166                       0.      -0.5536479728803942
    -0.33188477062865845                       0.      -0.8055196153936318
      -0.582009585636479                       0.      -1.1825168500791108
     -1.2045443671760117                       0.      -1.6816023948511494
      -2.189967204478426                       0.       -2.382446737897841
      -3.767447298783342                       0.      -3.4201289629131297
      -6.341767976126696                       0.       -5.015392115157961
     -10.611900820842903                       0.       -7.544343349319823
      -17.78759747844856                       0.      -11.654289894624938
      -29.95842493241775                       0.      -18.481234677311907
      -50.72314164888518                       0.      -30.046239780960743
      -86.30090749512502                       0.      -49.855468785267576
     -147.48999810383245                       0.       -83.91698694142208
     -253.03802921222086                       0.      -142.59019019998945
      -435.4660526588201                       0.      -243.79689145153137
   0.0048857378340813684                       0.    -0.012021987465854818
    0.004876092467829149                       0.    -0.012030088008052815
    0.004849298136622908                       0.    -0.012052625777496372
    0.004785618564948663                       0.     -0.01210645370727709
    0.004646365594648839                       0.    -0.012225617645862746
    0.004358984416519206                       0.    -0.012478301930058005
   0.0037959005552730503                       0.    -0.013001417304388427
    0.002755607368240937                       0.    -0.014074271403221128
   0.0009859871358950318                       0.    -0.016300610495336935
  -0.0010471975728008375                       0.     -0.02211052625147621
   -0.003818828157435219                       0.     -0.03124218112648818
   -0.008187250102573375                       0.    -0.044076111939234885
   -0.015015957870900288                       0.     -0.06212675370514302
    -0.02565537645662691                       0.     -0.08756132910621436
   -0.042227479106886394                       0.     -0.12352015221452721
    -0.06809547278236207                       0.      -0.1746192883367834
    -0.10865284200470364                       0.     -0.24774958556594304
    -0.17267169268365684                       0.      -0.3533626330468678
     -0.2746493606645982                       0.      -0.5075590359772659
     -0.4390163264299669                       0.         -0.7355098943155
     -0.7082938612542806                       0.      -1.0769132769437562
     -1.3034974507343335                       0.      -1.5376259536603931
     -2.3353876029458833                       0.      -2.1498731912183917
     -3.9842571796900503                       0.      -3.0474830756958915
      -6.671119056833449                       0.       -4.417360522247772
     -11.122746463057403                       0.       -6.577745093233932
     -18.596035453756706                       0.      -10.081341850374054
     -31.255464891978594                       0.      -15.932537543429405
     -52.820915842107794                       0.      -25.931450359032237
      -89.73682728975965                       0.        -43.1285070191482
      -153.2031007999334                       0.       -72.72735945649008
      -262.6538671803824                       0.        -123.727558477628
      -451.7865581209622                       0.      -211.72006213918525
    0.002517968096054202                       0.    -0.008707597084836547
    0.002505931414684619                       0.    -0.008714720500479108
   0.0024699174778181226                       0.    -0.008736101051888788
    0.002381687786996633                       0.    -0.008789003922525745
   0.0021860723375016276                       0.    -0.008909197635113502
    0.001781181911469402                       0.    -0.009171416421173972
    0.000993875428850623                       0.    -0.009736474386136434
  -0.0004304238963487638                       0.    -0.010977076871516295
  -0.0025418436603901586                       0.    -0.014455757568726755
   -0.005509080767190272                       0.    -0.020340320494352034
    -0.00995841191457738                       0.     -0.02858845886008714
   -0.016593190243691696                       0.    -0.040139495591620854
     -0.0264823308953235                       0.    -0.056319872642715214
     -0.0412580293036904                       0.     -0.07902268488931344
    -0.06343259324922022                       0.     -0.11098601344953757
    -0.09691631882180088                       0.     -0.15622957716500097
     -0.1478792063264351                       0.     -0.22074903392360848
    -0.22620767079130896                       0.     -0.31363548681546966
    -0.34800342175924814                       0.     -0.44889752476038425
     -0.5399659272305171                       0.      -0.6484602238212983
     -0.8472365314204885                       0.      -0.9470364892888402
     -1.3963533205309346                       0.      -1.3785263388921247
      -2.464099627402041                       0.        -1.89911535607776
      -4.173807223047371                       0.       -2.647143883321556
      -6.956476593322851                       0.       -3.776541139867402
      -11.56261815242184                       0.        -5.54431156089004
     -19.289230906616805                       0.       -8.414546491315447
     -32.361413567530995                       0.      -13.286095244341254
      -54.60393040440397                       0.      -21.705900002548788
      -92.66429284491366                       0.       -36.21386847372098
     -158.09169046117376                       0.       -61.17823937920471
      -270.9142101904077                       0.      -104.18700396486686
      -465.8510356980131                       0.      -178.39632612371082
   0.0011719904318370422                       0.    -0.005982561754169966
   0.0011572521952622119                       0.     -0.00598843006233701
   0.0011097828099247333                       0.    -0.006007468610203181
   0.0009903496805351254                       0.    -0.006056467241278424
   0.0007227772046018821                       0.    -0.006172370056957076
  0.00016889317215652096                       0.    -0.006440721278646298
  -0.0008983917311441503                       0.    -0.007079774713067772
  -0.0027450642929964073                       0.    -0.009011160235075102
   -0.005508152113502185                       0.    -0.012599145914850715
   -0.009588335210113623                       0.    -0.017639117163390124
   -0.015549018518482996                       0.    -0.024694109718324538
    -0.02422615512052854                       0.     -0.03454996358536903
     -0.0368692900158661                       0.    -0.048312855070728605
   -0.055358812693049785                       0.     -0.06755867927212726
    -0.08255239394850417                       0.     -0.09456426910802876
    -0.12284737758278783                       0.     -0.13266987889970575
     -0.1831102178085923                       0.     -0.18685609987350352
     -0.2742370315114526                       0.       -0.264676189461147
    -0.41380890877265647                       0.      -0.3777756344269742
     -0.6306933785492774                       0.      -0.5444055184397274
     -0.9731060954687233                       0.      -0.7935524834584787
     -1.5249130081326554                       0.        -1.17066753505866
      -2.573880664699173                       0.      -1.6299208999207018
      -4.332085925205212                       0.       -2.219761332796959
      -7.191499550429282                       0.      -3.0944488778571833
     -11.921673287617164                       0.       -4.449230093372017
     -19.853802066860787                       0.        -6.68697295106626
      -33.26038569559974                       0.      -10.607375317020441
      -56.05821556581674                       0.       -17.42854784137517
      -95.06734841604265                       0.      -29.163679703566967
      -162.1253048617823                       0.       -49.33658671393682
     -277.75402870842845                       0.       -84.08041642588441
       -477.525802855294                       0.      -144.02847720741738
  0.00047477526462615414                       0.   -0.0038283950343873294
  0.00045693267882453864                       0.   -0.0038328752171291653
  0.00039528482846213064                       0.    -0.003848652304462587
  0.00023663406856202932                       0.   -0.0038916747752533753
 -0.00012164355609927283                       0.    -0.004002466079273137
   -0.000863700854481244                       0.   -0.0042975485436465306
   -0.002290942371853624                       0.   -0.0052646151098530505
    -0.00460246181149677                       0.    -0.007262530542033908
   -0.008042141093130192                       0.    -0.010097236619533136
   -0.013055521572351158                       0.    -0.014083697885105492
   -0.020288957138473816                       0.    -0.019661665444155905
    -0.03068812032728498                       0.    -0.027441573675476304
    -0.04565117770223333                       0.     -0.03828078305974753
    -0.06726352609139297                       0.     -0.05339929145823931
    -0.09866943003798492                       0.     -0.07455869309954857
     -0.1446727686387449                       0.     -0.10434245131684018
     -0.2127253287717953                       0.       -0.146603329682419
     -0.3145788796608776                       0.      -0.2071863286838465
    -0.46908306622283813                       0.     -0.29510891455239613
     -0.7070048709971176                       0.      -0.4245210648623236
     -1.0793883913599753                       0.      -0.6179524394820121
     -1.6721816775551008                       0.      -0.9116220528834373
      -2.671189242142488                       0.      -1.3293540494734148
      -4.454849408782528                       0.       -1.766240593722212
      -7.369474900008006                       0.       -2.373562728303823
     -12.191522055180181                       0.      -3.3067574315002344
     -20.283987922056678                       0.       -4.955323924460127
      -33.95064016064261                       0.      -7.9426655597561835
      -57.18544688651269                       0.        -13.1200755971593
      -96.94310818131757                       0.      -21.998794227088425
     -165.28673696706696                       0.       -37.24665959533123
      -283.1277721279159                       0.        -63.5020073780127
       -486.712460334894                       0.      -108.80317156686219
  0.00015200733187638446                       0.    -0.002175071910712422
  0.00013040890180701962                       0.   -0.0021781341103291386
    5.082559848881291E-5                       0.   -0.0021900862497256255
   -0.000157886156308451                       0.    -0.002226970097012131
  -0.0006329154842851441                       0.   -0.0023429514264119026
  -0.0016272456386889084                       0.   -0.0027691614160714373
   -0.003367273663811489                       0.    -0.003718777202737721
   -0.006035872207214116                       0.   -0.0050964966958872895
   -0.009982828728258446                       0.    -0.007056510216313776
   -0.015701986367316276                       0.    -0.009817426274781042
   -0.023901905342207107                       0.     -0.01368072808498125
    -0.03561071407340702                       0.    -0.019063727455377835
    -0.05233734133685246                       0.     -0.02655189340309678
    -0.07632035438955435                       0.     -0.03697761452407972
    -0.11091909178079011                       0.     -0.05154215592542035
    -0.16124413687331515                       0.      -0.0720073030708695
    -0.23519156927754153                       0.     -0.10100150611570241
     -0.3451667074553822                       0.     -0.14251372515484856
     -0.5109958119695392                       0.     -0.20270158707385685
     -0.7649270033104767                       0.     -0.29123681419730085
     -1.1602663546719214                       0.     -0.42354619164737217
      -1.786363402877257                       0.       -0.624526512276638
     -2.7963295180547716                       0.      -0.9331606199385212
      -4.540334754810477                       0.       -1.281277740924694
      -7.483802685956707                       0.       -1.617959316421771
      -12.37103052751246                       0.       -2.154227449063287
      -20.58425449861356                       0.      -3.2679437142077794
      -34.43923237197752                       0.       -5.295789094303943
       -57.9906540846232                       0.       -8.777172931953235
      -98.28921019186606                       0.      -14.732219730813295
      -167.5606468091373                       0.      -24.953296406445567
     -286.99774246100174                       0.       -42.55100243851625
      -493.3336050226549                       0.       -72.91423645410032
   2.7580800086066315E-5                       0.   -0.0009293105087550662
    1.204707045351854E-6                       0.   -0.0009309405163727653
 -0.00010167986492696544                       0.   -0.0009388429004744408
  -0.0003759914512810561                       0.   -0.0009729876084708184
   -0.001004149358473963                       0.   -0.0011243444590145538
  -0.0021674189652285797                       0.   -0.0014433392796800036
   -0.004054196127695718                       0.    -0.001925713315504202
    -0.00694103258532937                       0.    -0.002627641502808307
   -0.011202108177754527                       0.   -0.0036291448446096573
    -0.01736135800808941                       0.    -0.005041637557656282
   -0.026165929296548686                       0.    -0.007018446239053226
    -0.03869484681570353                       0.     -0.00977138448696235
    -0.05652592549400914                       0.    -0.013597482510327597
    -0.08199220722682808                       0.    -0.018918983454181693
    -0.11858631593774509                       0.    -0.026344619301167868
    -0.17160998084074766                       0.    -0.036767720136082795
    -0.24923720122515372                       0.    -0.051521341946346055
     -0.3642839113523711                       0.     -0.07262907616288546
     -0.5371930493404513                       0.     -0.10321595461559112
     -0.8011546935098544                       0.     -0.14819339555757158
      -1.210932267083462                       0.      -0.2154035046456526
     -1.8581356504887638                       0.      -0.3175282924979277
       -2.89786076992505                       0.      -0.4752387279410826
      -4.607490544762186                       0.      -0.7020664470991737
      -7.532240430348173                       0.      -0.8313221932990879
     -12.471395730588673                       0.       -1.048353076946956
     -20.762268027829414                       0.      -1.6247961064406848
     -34.731730460551866                       0.       -2.650572235050982
      -58.47493702706373                       0.       -4.399457613209129
      -99.10040874395096                       0.       -7.387320533247885
     -168.93223393224116                       0.       -12.51444444936928
     -289.33324032072574                       0.       -21.34153762692942
      -497.3307709131878                       0.       -36.57199380557752
                      0.                       0.                       0.
  -3.2527749968058584E-5                       0.                       0.
 -0.00016251928900604245                       0.                       0.
  -0.0004908762999207757                       0.                       0.
  -0.0011618373572804454                       0.                       0.
  -0.0023550485095177112                       0.                       0.
   -0.004290288622450612                       0.                       0.
   -0.007250505122223598                       0.                       0.
   -0.011617933248475562                       0.                       0.
   -0.017926752180456466                       0.                       0.
   -0.026937200400391995                       0.                       0.
   -0.039745473198749964                       0.                       0.
   -0.057952827906630734                       0.                       0.
    -0.08392421966691763                       0.                       0.
    -0.12119738755456859                       0.                       0.
    -0.17513905238201688                       0.                       0.
     -0.2540178257540696                       0.                       0.
     -0.3707897651682717                       0.                       0.
     -0.5461087700581032                       0.                       0.
     -0.8134881887725692                       0.                       0.
      -1.228194357895561                       0.                       0.
     -1.8826256879185745                       0.                       0.
     -2.9330937067429854                       0.                       0.
      -4.647189394773057                       0.                       0.
       -7.53709929953543                       0.                       0.
     -12.503999385143858                       0.                       0.
      -20.82149270214388                       0.                       0.
     -34.829300276172546                       0.                       0.
      -58.63668864036969                       0.                       0.
      -99.37150033252546                       0.                       0.
     -169.39072489301554                       0.                       0.
     -290.11407297963444                       0.                       0.
      -498.6673110957705                       0.                       0.
   2.7580800086066315E-5                       0.    0.0009293105087550662
    1.204707045351854E-6                       0.    0.0009309405163727653
 -0.00010167986492696544                       0.    0.0009388429004744408
  -0.0003759914512810561                       0.    0.0009729876084708184
   -0.001004149358473963                       0.    0.0011243444590145538
  -0.0021674189652285797                       0.    0.0014433392796800036
   -0.004054196127695718                       0.     0.001925713315504202
    -0.00694103258532937                       0.     0.002627641502808307
   -0.011202108177754527                       0.    0.0036291448446096573
    -0.01736135800808941                       0.     0.005041637557656282
   -0.026165929296548686                       0.     0.007018446239053226
    -0.03869484681570353                       0.      0.00977138448696235
    -0.05652592549400914                       0.     0.013597482510327597
    -0.08199220722682808                       0.     0.018918983454181693
    -0.11858631593774509                       0.     0.026344619301167868
    -0.17160998084074766                       0.     0.036767720136082795
    -0.24923720122515372                       0.     0.051521341946346055
     -0.3642839113523711                       0.      0.07262907616288546
     -0.5371930493404513                       0.      0.10321595461559112
     -0.8011546935098544                       0.      0.14819339555757158
      -1.210932267083462                       0.       0.2154035046456526
     -1.8581356504887638                       0.       0.3175282924979277
       -2.89786076992505                       0.       0.4752387279410826
      -4.607490544762186                       0.       0.7020664470991737
      -7.532240430348173                       0.       0.8313221932990879
     -12.471395730588673                       0.        1.048353076946956
     -20.762268027829414                       0.       1.6247961064406848
     -34.731730460551866                       0.        2.650572235050982
      -58.47493702706373                       0.        4.399457613209129
      -99.10040874395096                       0.        7.387320533247885
     -168.93223393224116                       0.        12.51444444936928
     -289.33324032072574                       0.        21.34153762692942
      -497.3307709131878                       0.        36.57199380557752
  0.00015200733187638446                       0.     0.002175071910712422
  0.00013040890180701962                       0.    0.0021781341103291386
    5.082559848881291E-5                       0.    0.0021900862497256255
   -0.000157886156308451                       0.     0.002226970097012131
  -0.0006329154842851441                       0.    0.0023429514264119026
  -0.0016272456386889084                       0.    0.0027691614160714373
   -0.003367273663811489                       0.     0.003718777202737721
   -0.006035872207214116                       0.    0.0050964966958872895
   -0.009982828728258446                       0.     0.007056510216313776
   -0.015701986367316276                       0.     0.009817426274781042
   -0.023901905342207107                       0.      0.01368072808498125
    -0.03561071407340702                       0.     0.019063727455377835
    -0.05233734133685246                       0.      0.02655189340309678
    -0.07632035438955435                       0.      0.03697761452407972
    -0.11091909178079011                       0.      0.05154215592542035
    -0.16124413687331515                       0.       0.0720073030708695
    -0.23519156927754153                       0.      0.10100150611570241
     -0.3451667074553822                       0.      0.14251372515484856
     -0.5109958119695392                       0.      0.20270158707385685
     -0.7649270033104767                       0.      0.29123681419730085
     -1.1602663546719214                       0.      0.42354619164737217
      -1.786363402877257                       0.        0.624526512276638
     -2.7963295180547716                       0.       0.9331606199385212
      -4.540334754810477                       0.        1.281277740924694
      -7.483802685956707                       0.        1.617959316421771
      -12.37103052751246                       0.        2.154227449063287
      -20.58425449861356                       0.       3.2679437142077794
      -34.43923237197752                       0.        5.295789094303943
       -57.9906540846232                       0.        8.777172931953235
      -98.28921019186606                       0.       14.732219730813295
      -167.5606468091373                       0.       24.953296406445567
     -286.99774246100174                       0.        42.55100243851625
      -493.3336050226549                       0.        72.91423645410032
  0.00047477526462615414                       0.    0.0038283950343873294
  0.00045693267882453864                       0.    0.0038328752171291653
  0.00039528482846213064                       0.     0.003848652304462587
  0.00023663406856202932                       0.    0.0038916747752533753
 -0.00012164355609927283                       0.     0.004002466079273137
   -0.000863700854481244                       0.    0.0042975485436465306
   -0.002290942371853624                       0.    0.0052646151098530505
    -0.00460246181149677                       0.     0.007262530542033908
   -0.008042141093130192                       0.     0.010097236619533136
   -0.013055521572351158                       0.     0.014083697885105492
   -0.020288957138473816                       0.     0.019661665444155905
    -0.03068812032728498                       0.     0.027441573675476304
    -0.04565117770223333                       0.      0.03828078305974753
    -0.06726352609139297                       0.      0.05339929145823931
    -0.09866943003798492                       0.      0.07455869309954857
     -0.1446727686387449                       0.      0.10434245131684018
     -0.2127253287717953                       0.        0.146603329682419
     -0.3145788796608776                       0.       0.2071863286838465
    -0.46908306622283813                       0.      0.29510891455239613
     -0.7070048709971176                       0.       0.4245210648623236
     -1.0793883913599753                       0.       0.6179524394820121
     -1.6721816775551008                       0.       0.9116220528834373
      -2.671189242142488                       0.       1.3293540494734148
      -4.454849408782528                       0.        1.766240593722212
      -7.369474900008006                       0.        2.373562728303823
     -12.191522055180181                       0.       3.3067574315002344
     -20.283987922056678                       0.        4.955323924460127
      -33.95064016064261                       0.       7.9426655597561835
      -57.18544688651269                       0.         13.1200755971593
      -96.94310818131757                       0.       21.998794227088425
     -165.28673696706696                       0.        37.24665959533123
      -283.1277721279159                       0.         63.5020073780127
       -486.712460334894                       0.       108.80317156686219
   0.0011719904318370422                       0.     0.005982561754169966
   0.0011572521952622119                       0.      0.00598843006233701
   0.0011097828099247333                       0.     0.006007468610203181
   0.0009903496805351254                       0.     0.006056467241278424
   0.0007227772046018821                       0.     0.006172370056957076
  0.00016889317215652096                       0.     0.006440721278646298
  -0.0008983917311441503                       0.     0.007079774713067772
  -0.0027450642929964073                       0.     0.009011160235075102
   -0.005508152113502185                       0.     0.012599145914850715
   -0.009588335210113623                       0.     0.017639117163390124
   -0.015549018518482996                       0.     0.024694109718324538
    -0.02422615512052854                       0.      0.03454996358536903
     -0.0368692900158661                       0.     0.048312855070728605
   -0.055358812693049785                       0.      0.06755867927212726
    -0.08255239394850417                       0.      0.09456426910802876
    -0.12284737758278783                       0.      0.13266987889970575
     -0.1831102178085923                       0.      0.18685609987350352
     -0.2742370315114526                       0.        0.264676189461147
    -0.41380890877265647                       0.       0.3777756344269742
     -0.6306933785492774                       0.       0.5444055184397274
     -0.9731060954687233                       0.       0.7935524834584787
     -1.5249130081326554                       0.         1.17066753505866
      -2.573880664699173                       0.       1.6299208999207018
      -4.332085925205212                       0.        2.219761332796959
      -7.191499550429282                       0.       3.0944488778571833
     -11.921673287617164                       0.        4.449230093372017
     -19.853802066860787                       0.         6.68697295106626
      -33.26038569559974                       0.       10.607375317020441
      -56.05821556581674                       0.        17.42854784137517
      -95.06734841604265                       0.       29.163679703566967
      -162.1253048617823                       0.        49.33658671393682
     -277.75402870842845                       0.        84.08041642588441
       -477.525802855294                       0.       144.02847720741738
    0.002517968096054202                       0.     0.008707597084836547
    0.002505931414684619                       0.     0.008714720500479108
   0.0024699174778181226                       0.     0.008736101051888788
    0.002381687786996633                       0.     0.008789003922525745
   0.0021860723375016276                       0.     0.008909197635113502
    0.001781181911469402                       0.     0.009171416421173972
    0.000993875428850623                       0.     0.009736474386136434
  -0.0004304238963487638                       0.     0.010977076871516295
  -0.0025418436603901586                       0.     0.014455757568726755
   -0.005509080767190272                       0.     0.020340320494352034
    -0.00995841191457738                       0.      0.02858845886008714
   -0.016593190243691696                       0.     0.040139495591620854
     -0.0264823308953235                       0.     0.056319872642715214
     -0.0412580293036904                       0.      0.07902268488931344
    -0.06343259324922022                       0.      0.11098601344953757
    -0.09691631882180088                       0.      0.15622957716500097
     -0.1478792063264351                       0.      0.22074903392360848
    -0.22620767079130896                       0.      0.31363548681546966
    -0.34800342175924814                       0.      0.44889752476038425
     -0.5399659272305171                       0.       0.6484602238212983
     -0.8472365314204885                       0.       0.9470364892888402
     -1.3963533205309346                       0.       1.3785263388921247
      -2.464099627402041                       0.         1.89911535607776
      -4.173807223047371                       0.        2.647143883321556
      -6.956476593322851                       0.        3.776541139867402
      -11.56261815242184                       0.         5.54431156089004
     -19.289230906616805                       0.        8.414546491315447
     -32.361413567530995                       0.       13.286095244341254
      -54.60393040440397                       0.       21.705900002548788
      -92.66429284491366                       0.        36.21386847372098
     -158.09169046117376                       0.        61.17823937920471
      -270.9142101904077                       0.       104.18700396486686
      -465.8510356980131                       0.       178.39632612371082
   0.0048857378340813684                       0.     0.012021987465854818
    0.004876092467829149                       0.     0.012030088008052815
    0.004849298136622908                       0.     0.012052625777496372
    0.004785618564948663                       0.      0.01210645370727709
    0.004646365594648839                       0.     0.012225617645862746
    0.004358984416519206                       0.     0.012478301930058005
   0.0037959005552730503                       0.     0.013001417304388427
    0.002755607368240937                       0.     0.014074271403221128
   0.0009859871358950318                       0.     0.016300610495336935
  -0.0010471975728008375                       0.      0.02211052625147621
   -0.003818828157435219                       0.      0.03124218112648818
   -0.008187250102573375                       0.     0.044076111939234885
   -0.015015957870900288                       0.      0.06212675370514302
    -0.02565537645662691                       0.      0.08756132910621436
   -0.042227479106886394                       0.      0.12352015221452721
    -0.06809547278236207                       0.       0.1746192883367834
    -0.10865284200470364                       0.      0.24774958556594304
    -0.17267169268365684                       0.       0.3533626330468678
     -0.2746493606645982                       0.       0.5075590359772659
     -0.4390163264299669                       0.          0.7355098943155
     -0.7082938612542806                       0.       1.0769132769437562
     -1.3034974507343335                       0.       1.5376259536603931
     -2.3353876029458833                       0.       2.1498731912183917
     -3.9842571796900503                       0.       3.0474830756958915
      -6.671119056833449                       0.        4.417360522247772
     -11.122746463057403                       0.        6.577745093233932
     -18.596035453756706                       0.       10.081341850374054
     -31.255464891978594                       0.       15.932537543429405
     -52.820915842107794                       0.       25.931450359032237
      -89.73682728975965                       0.         43.1285070191482
      -153.2031007999334                       0.        72.72735945649008
      -262.6538671803824                       0.         123.727558477628
      -451.7865581209622                       0.       211.72006213918525
    0.008722948955805424                       0.     0.015888360550173678
    0.008715357689582174                       0.      0.01589708541840846
    0.008695729222543788                       0.     0.015919664234434416
    0.008650602140680327                       0.     0.015971716037983932
    0.008553600669212532                       0.      0.01608437160768588
    0.008354791646306725                       0.      0.01631884565278463
    0.007964089638398184                       0.     0.016794668627334024
    0.007231402999702425                       0.     0.017745262593690626
    0.005941892067618421                       0.     0.019631208251838946
    0.003906590972488489                       0.     0.023413984998693207
   0.0025720184508462684                       0.      0.03263793784179892
   0.0006017062189663637                       0.      0.04633585502928767
   -0.002981723853968027                       0.      0.06570172987860931
   -0.009223187628779958                       0.      0.09313213436548945
    -0.01982292623501516                       0.      0.13210930062054901
    -0.03755643175668859                       0.      0.18776232742144783
    -0.06698975272019428                       0.      0.26775906407158945
    -0.11572289809298647                       0.       0.3837407203957329
    -0.19660782733176166                       0.       0.5536479728803942
    -0.33188477062865845                       0.       0.8055196153936318
      -0.582009585636479                       0.       1.1825168500791108
     -1.2045443671760117                       0.       1.6816023948511494
      -2.189967204478426                       0.        2.382446737897841
      -3.767447298783342                       0.       3.4201289629131297
      -6.341767976126696                       0.        5.015392115157961
     -10.611900820842903                       0.        7.544343349319823
      -17.78759747844856                       0.       11.654289894624938
      -29.95842493241775                       0.       18.481234677311907
      -50.72314164888518                       0.       30.046239780960743
      -86.30090749512502                       0.       49.855468785267576
     -147.48999810383245                       0.        83.91698694142208
     -253.03802921222086                       0.       142.59019019998945
      -435.4660526588201                       0.       243.79689145153137
    0.014537681458329314                       0.     0.020239980222792383
    0.014531771155385327                       0.      0.02024902118321692
    0.014517472871045264                       0.     0.020270904391405508
    0.014485716551321312                       0.        0.020319586657223
    0.014418802009860949                       0.      0.02042259269358357
    0.014283097553097358                       0.      0.02063346413438939
     0.01401695492494967                       0.     0.021055356956731233
    0.013513743510510908                       0.       0.0218859569781919
     0.01260796292637065                       0.      0.02350420676347967
    0.011101081414988837                       0.     0.026644886228175478
    0.009082348043221947                       0.     0.032952290527122556
     0.00942203987680406                       0.      0.04698779087477792
    0.009160627436132886                       0.      0.06713212520652813
    0.007435929344384098                       0.      0.09584656561920879
   0.0029885455536277808                       0.       0.1368968016243733
   -0.006345682869497622                       0.      0.19584572069033607
   -0.024279690351783057                       0.      0.28102854460217647
    -0.05722516628573754                       0.        0.405123171474311
     -0.1164256481433862                       0.       0.5876996601577912
    -0.22220479420953146                       0.       0.8593892910699981
     -0.5027568556211539                       0.       1.2642576147063844
     -1.0971408379030918                       0.        1.813685964370672
     -2.0301315190638523                       0.       2.5968455515099187
       -3.52705520632348                       0.       3.7647893799960337
      -5.974328656201459                       0.         5.56981161570075
     -10.039651209256178                       0.        8.441919832954056
      -16.87944331521212                       0.       13.119736902707638
      -28.49516375126911                       0.       20.882614908149908
      -48.34387377643875                       0.       33.974049842108066
      -82.39772106448792                       0.       56.309247117693324
      -141.0128052405965                       0.        94.64406690105211
     -242.17165429674617                       0.       160.62681021694388
      -417.0842200863821                       0.       274.38668423337293
     0.02291958523071482                       0.      0.02500692150290297
     0.02291500310627419                       0.     0.025016074379274823
    0.022904557109563344                       0.     0.025036947255954112
     0.02288213798736648                       0.      0.02508179157952494
    0.022835904511049734                       0.     0.025174517451836544
    0.022743379317045353                       0.     0.025361213115913977
    0.022563027472664785                       0.     0.025729872378984855
    0.022221267373635587                       0.     0.026447339868787865
    0.021597404212041357                       0.      0.02782879507363719
    0.020523983976515833                       0.     0.030470774614359045
    0.018876140396709734                       0.     0.035522196111811254
    0.017992263314034036                       0.      0.04617757406573355
    0.021026582082361113                       0.      0.06659280431310174
    0.023817790815281143                       0.      0.09592822062994796
    0.025543943393419345                       0.       0.1381711811855266
    0.024661873246261456                       0.      0.19924618729986887
    0.018316803815575454                       0.      0.28805950780780387
   0.0012670242596590803                       0.       0.4181998537026235
    -0.03622943702541452                       0.       0.6107164938923386
    -0.11323296358634644                       0.       0.8987852046299932
    -0.42641079686465244                       0.        1.336046224401291
     -0.9824551342279736                       0.       1.9341468076001862
     -1.8579517054031345                       0.       2.7932036988799096
     -3.2664436803495738                       0.        4.081448611670512
      -5.574270147527693                       0.        6.080328182572106
      -9.414985982419108                       0.        9.269615957410215
     -15.886693264431464                       0.        14.47300133936358
     -26.892437946995656                       0.       23.111120779214417
      -45.72769964337583                       0.        37.65287562395025
      -78.09320389985015                       0.        62.39637258424791
      -133.8701456356517                       0.       104.78305075960769
     -230.21527273774018                       0.       177.65943283910536
     -396.91926233641914                       0.       303.21636047264946
    0.034579098089232096                       0.     0.030117424123045296
     0.03457555384646927                       0.      0.03012657896785049
     0.03456787701342304                       0.      0.03014641268272563
     0.03455192639779072                       0.     0.030187651329811528
     0.03451974513611658                       0.     0.030271000885464337
    0.034456292223222024                       0.     0.030436012846324453
     0.03433370744448223                       0.     0.030757593763646614
     0.03410195279835911                       0.      0.03137664288760133
     0.03367594610303392                       0.     0.032556858604819536
     0.03292640368548805                       0.      0.03479063139576755
     0.03170949140089584                       0.      0.03900126265414389
     0.03008505463963192                       0.        0.046968259236143
     0.03231705931918285                       0.       0.0643139552060871
     0.03952779012562297                       0.      0.09367096649066375
     0.04732307918353675                       0.       0.1363114341181985
     0.05477911499628077                       0.         0.19845804771219
     0.05988843435846006                       0.       0.2895082423526081
    0.058534108957094884                       0.       0.4238691596386848
    0.042307175110061754                       0.       0.6239972894083725
   -0.019131876097249086                       0.       0.9303318253976355
    -0.34686513646795597                       0.       1.4006579527828698
     -0.8616030218539366                       0.        2.043224560042763
     -1.6752983975349318                       0.       2.9717525658984463
      -2.988687782298273                       0.         4.37030518118647
      -5.146645026289479                       0.        6.547073132840227
      -8.746281583935467                       0.       10.027427556729734
       -14.8235052452597                       0.       15.713093823416422
     -25.175551266510904                       0.       25.157118001616112
      -42.92105430852188                       0.        41.04690754527865
       -73.4667597111291                       0.        68.04343441768702
     -126.19159303593713                       0.       114.21691553696856
     -217.38273674610164                       0.       193.51177317924467
      -375.3334864648912                       0.       330.01654233786326
     0.05037671239161534                       0.     0.035478903485837245
    0.050373986229305015                       0.     0.035488011360171684
    0.050368328451778556                       0.     0.035506916354980066
     0.05035691285937076                       0.      0.03554507919564959
     0.05033436231412341                       0.      0.03562055993551355
    0.050290575389477225                       0.      0.03576753688867994
     0.05020686760181524                       0.     0.036050225617880474
    0.050049460222779535                       0.      0.03658854450839308
     0.04975965242762916                       0.      0.03760530518807553
     0.04924306335391586                       0.      0.03951294446944974
    0.048373816016652714                       0.     0.043074032856448036
    0.047080882615155695                       0.      0.04970826726334277
    0.045833508495914936                       0.      0.06217528912358269
     0.05427858382070554                       0.      0.08940246820078095
      0.0679446427465061                       0.      0.13173997709617985
     0.08350054292120161                       0.      0.19403190506373572
     0.09976404093064319                       0.      0.28610522915516756
     0.11367858246603171                       0.      0.42313074623637315
     0.11794405381301795                       0.        0.628996225782778
     0.03891700950204725                       0.       0.9619636100825335
     -0.2645024958939993                       0.       1.4583669167183935
     -0.7355846090802044                       0.       2.1411782803362818
     -1.4838671629855433                       0.        3.132796934465969
     -2.6966030082475423                       0.        4.631726532279618
      -4.696116945360631                       0.        6.970518025922654
      -8.041320778224417                       0.       10.716010024194443
     -13.703059482077588                       0.       16.840823095823076
     -23.367778945728105                       0.        27.01904476611814
       -39.9677168420006                       0.         44.1415707735112
      -68.60018881191085                       0.        73.20751537970689
      -118.1218920243252                       0.       122.86190861303223
     -203.92137988824604                       0.       208.04571000759046
      -352.7459540715905                       0.        354.5721898677517
     0.07132538195761359                       0.       0.0409508784886567
     0.07132331409403324                       0.      0.04095992330875349
     0.07131916910057651                       0.      0.04097805544730427
     0.07131101663734221                       0.     0.041013730676751875
     0.07129522121356908                       0.      0.04108291331290706
     0.07126500316736997                       0.      0.04121553613053855
     0.07120786956436873                       0.       0.0414673916039244
     0.07110119510296568                       0.      0.04194194014698111
     0.07090518760436697                       0.       0.0428301743109769
     0.07055366451926098                       0.      0.04448330503196609
     0.06994937976037933                       0.      0.04754527531490342
     0.06899537140082614                       0.      0.05319651182388253
      0.0677893615047142                       0.       0.0636229270174548
      0.0682942244792847                       0.      0.08356144346672877
     0.08715142473932519                       0.      0.12488636204107068
     0.11048239639301463                       0.      0.18652780383279544
       0.137485943002396                       0.      0.27859385905543793
     0.16608934545941637                       0.      0.41700416860174494
     0.18982283717044504                       0.       0.6272195153636797
     0.09248661066363599                       0.       0.9897783059144045
    -0.17981477680745697                       0.       1.5093808193542866
      -0.605300864065224                       0.        2.228280425224181
     -1.2852010551286577                       0.       3.2766983072871185
     -2.3927718247946643                       0.       4.8662161768560885
      -4.226989689725178                       0.        7.351413931527825
      -7.307320463898554                       0.        11.33656021070365
     -12.537612604984865                       0.        17.85815126504967
     -21.490655191309646                       0.       28.699312977313493
      -36.90833289959364                       0.        46.93514920387004
      -63.57229268059292                       0.        77.87209568123961
     -109.80640602275294                       0.        130.6753894739258
     -190.08488709572967                       0.       221.18363549601978
     -329.58759086319475                       0.        376.7613131557652
     0.09855263665443158                       0.     0.046318064324248474
     0.09855111229638465                       0.      0.04632704533449038
     0.09854813988835234                       0.      0.04634455921652857
     0.09854241764475272                       0.      0.04637828456677105
     0.09853151794407237                       0.     0.046442568102530855
      0.0985109483071136                       0.     0.046564070816279245
      0.0984724725337754                       0.      0.04679210432025593
     0.09840119377605992                       0.      0.04721749264854236
     0.09827077075943416                       0.      0.04800688509176443
     0.09803655363256993                       0.      0.04946499212926304
     0.09762933824661109                       0.      0.05214718470787327
     0.09696461476874714                       0.      0.05706323872708598
     0.09602718392537907                       0.      0.06605040553780403
      0.0952755837167694                       0.      0.08250115690521526
     0.10479322493612131                       0.      0.11616246919000627
     0.13551633032417557                       0.       0.1764828486798026
     0.17277525417353629                       0.       0.2676880928377668
     0.21539563953787672                       0.       0.4064725225335214
     0.25738932797567093                       0.       0.6201712725587306
      0.1467308985055989                       0.       1.0138634559197426
    -0.09324736086286493                       0.       1.5538975975815676
    -0.47156866922338475                       0.       2.3048126230875896
     -1.0807099726941045                       0.        3.403863480688577
     -2.0795673071830794                       0.        5.074389917766031
     -3.7432343456987076                       0.        7.690746033903508
      -6.550959855177918                       0.       11.890731051984966
     -11.338548589715437                       0.       18.767930212200035
     -19.564371956879505                       0.       30.202569787588775
      -33.78133546740274                       0.        49.43309163690403
      -58.45720885280616                       0.        82.03934429010171
     -101.38067284932636                       0.       137.65211589936104
     -176.10831138662638                       0.        232.9125777609049
     -306.25614488725967                       0.        396.5676578099926
     0.13320570854152897                       0.      0.05127172579572376
      0.1332046440255107                       0.     0.051280648160357524
     0.13320261228350022                       0.      0.05129767859094109
     0.13319876843884454                       0.      0.05132990545580007
      0.1331915511523074                       0.      0.05139044902821986
     0.13317809255403554                       0.     0.051503492806515165
      0.1331531646485532                       0.       0.0517134463361922
     0.13310734196703108                       0.      0.05210158718680734
       0.133023944191805                       0.      0.05281620609903784
      0.1328744523875547                       0.      0.05412706027680605
     0.13261346405545227                       0.     0.056523443672604826
     0.13218039536776907                       0.       0.0608903420105113
      0.1315380022067681                       0.      0.06882504941917546
     0.13086093476057478                       0.       0.0832159039346392
      0.1313713921813367                       0.      0.10940683419143728
     0.15850183732451473                       0.      0.16439120866320744
     0.20549575384598487                       0.      0.25404616798114166
     0.26141903837897695                       0.       0.3924472036170788
      0.3194545179188696                       0.       0.6104103540611965
     0.20165375744148475                       0.       1.0343320097405864
   -0.005203701469780727                       0.       1.5921070810003233
    -0.33513325188347604                       0.        2.371063333894146
     -0.8716869263141475                       0.        3.514736840707454
      -1.759173353957735                       0.        5.256958569148016
       -3.24851286029824                       0.        7.989699112340879
      -5.778405463710667                       0.       12.380565406310465
     -10.116437009905862                       0.       19.573752531551925
     -17.608165042602202                       0.       31.534998187603758
      -30.62360697769575                       0.        51.64528528628074
      -53.32288661764355                       0.        85.72454390983029
      -92.96254322438061                       0.       143.81681617843554
      -162.1902591930079                       0.       243.27537378580416
      -283.0850773191324                       0.        414.0687178477568
     0.17628396434688476                       0.      0.05541185814792906
      0.1762832957431829                       0.      0.05542072852477883
     0.17628204024588062                       0.     0.055437386270633805
      0.1762796973097233                       0.     0.055468478305763756
     0.17627534925153387                       0.     0.055526209214977536
     0.17626732207987234                       0.       0.0556329151121694
     0.17625258210491498                       0.      0.05582935396585956
      0.1762256857323228                       0.     0.056189698730929286
     0.17617702953905912                       0.      0.05684859178580214
      0.1760902023114967                       0.     0.058049846717093255
     0.17593894906924173                       0.      0.06023387647560536
      0.1756875153648308                       0.      0.06419414351813922
      0.1753103500505649                       0.      0.07135634127903888
     0.17488997994979918                       0.      0.08427759720314515
     0.17501092320575873                       0.         0.10756335169669
     0.18023704414705835                       0.      0.15072372262315917
     0.23562023187650347                       0.      0.23825664491805318
     0.30412851996676127                       0.      0.37574899451084415
     0.36455740531388353                       0.       0.6105036962339943
      0.2570898998872357                       0.       1.0512914405992528
      0.0839476780948634                       0.        1.624192013468898
      -0.196678342269686                       0.       2.4273268092670977
     -0.6593214452379189                       0.        3.609795259454834
     -1.4336013813922817                       0.         5.41471520359049
     -2.7461972914225288                       0.        8.249630439803658
      -4.995332173912401                       0.       12.808442116420665
      -8.881121891220197                       0.       20.279845896431294
     -15.640630892118029                       0.        32.70405701013118
      -27.47003540367095                       0.        53.58513451874163
      -48.22816409066832                       0.        88.95293722378642
      -84.64651412890578                       0.        149.2162758548951
      -148.4846737312381                       0.       252.35522452492629
      -260.3320759061679                       0.        429.4092493551626
     0.22839725043864406                       0.      0.05828585502049164
     0.22839692467113448                       0.      0.05829467999644683
      0.2283963202763425                       0.      0.05831105416531958
     0.22839520412351172                       0.      0.05834130022636213
     0.22839315173282063                       0.     0.058396951653984244
      0.2283893938903316                       0.      0.05849899266830077
     0.22838254607919514                       0.      0.05868551217285245
     0.22837014364423547                       0.      0.05902549508245992
     0.22834788572780776                       0.     0.059643626039980524
      0.2283085540465904                       0.     0.060764809554748285
     0.22824101917598807                       0.      0.06279389047976607
      0.2281316385049052                       0.       0.0664579888896719
     0.22797724513572012                       0.      0.07305975505037694
     0.22784255465200742                       0.      0.08492686008830602
     0.22807573742297368                       0.      0.10621467343105821
     0.23012353970994215                       0.      0.14441244883154414
      0.2632019768412595                       0.       0.2208332437833366
      0.3436011090130098                       0.       0.3571009774495948
     0.39760730630102403                       0.       0.6158424470184387
      0.3128804218655684                       0.       1.0648405962961547
       0.173867448122904                       0.        1.650329307509389
    -0.05683439319690477                       0.         2.47390292513303
    -0.44471040796725914                       0.       3.6895447526695193
     -1.1047036462861193                       0.        5.548525404872966
     -2.2393847078959475                       0.        8.472047405607242
      -4.206942891882491                       0.       13.177029905576024
      -7.641859327403291                       0.       20.890999360858135
      -13.67976778687988                       0.       33.718442507129886
     -24.351758821135476                       0.         55.2693308147464
     -43.219503374140636                       0.        91.75730834214731
        -76.501806741905                       0.       153.91127554824868
      -135.1021957519428                       0.       260.25873555997583
     -238.18397235137007                       0.       442.77199375447793
        0.28948140318251                       0.      0.05947239274693737
      0.2894813718388697                       0.     0.059481178831954855
       0.289481314204627                       0.     0.059497341965567246
      0.2894812087014907                       0.      0.05952697376606704
     0.28948101660913045                       0.     0.059581130669967015
     0.28948066954537316                       0.       0.0596798378048701
        0.28948005047623                       0.      0.05985929330853702
      0.2894789722498387                       0.      0.06018481119669501
     0.28947718350844515                       0.      0.06077403731847674
     0.28947453212090557                       0.     0.061838522609877655
      0.2894717785938977                       0.      0.06375802263993119
     0.28947380015904417                       0.       0.0672129567042677
      0.2895010949287713                       0.      0.07341980857468193
     0.28962914928315003                       0.      0.08454804482604657
     0.29011979408453986                       0.       0.1044582816490978
     0.29186518752724255                       0.       0.1400328380093485
     0.29820581704836685                       0.       0.2038813309735227
     0.37998893965968183                       0.      0.33712955758590574
     0.42952562633208136                       0.       0.6200762207468185
      0.3688774782435996                       0.        1.075070459359703
      0.2642408654096543                       0.       1.6706914435271107
     0.08381485475063712                       0.       2.5110975752382143
     -0.2288665915562304                       0.        3.754518259272415
     -0.7741834949422091                       0.       5.6593193412667615
     -1.7309081537843496                       0.        8.658587785607136
      -3.417993678174867                       0.       13.489247386729382
     -6.4074859597382385                       0.        21.41252913013763
     -11.742443184542163                       0.       34.588131472509055
     -21.293801495382578                       0.       56.717448234976914
      -38.32955193583988                       0.        94.17510707697033
      -68.57494168319022                       0.       157.96889877320606
      -122.1178831924746                       0.        267.1014150925358
      -216.7696838222001                       0.        454.3538617108804
      0.3585474421195141                       0.      0.05869641922279247
      0.3585476583765522                       0.       0.0587051734934647
      0.3585480539791947                       0.      0.05872118724281893
     0.35854877566292787                       0.      0.05875039707991177
       0.358550089069154                       0.      0.05880354056792358
      0.3585524747293051                       0.      0.05890000337321528
     0.35855680226271097                       0.      0.05907472545961582
     0.35856464941188215                       0.      0.05939058194970089
      0.3585788968386928                       0.      0.05996054845449051
     0.35860487260051915                       0.      0.06098732676912775
     0.35865267108355925                       0.       0.0628340686370186
      0.3587422118086337                       0.      0.06615034597109344
      0.3589152993281658                       0.      0.07209593679584257
      0.3592670111309099                       0.      0.08273715079119597
     0.36003349930664685                       0.       0.1017474773539176
     0.36185333246360196                       0.      0.13565627390812884
      0.3666384327879896                       0.      0.19619640212822353
       0.413495888986708                       0.       0.3163707084439526
     0.46137932493142375                       0.       0.6227496673511164
     0.42494236445219896                       0.       1.0820654752226975
      0.3547741008228807                       0.       1.6854479409797294
     0.22472722395389694                       0.       2.5392233906186545
   -0.012725228712934184                       0.       3.8052740454396723
    -0.44360293710355014                       0.         5.74808473653663
     -1.2233444847098476                       0.        8.811001137226127
      -2.632836012539057                       0.        13.74823142831947
     -5.1865219206377695                       0.        21.85028352993161
       -9.84320982022268                       0.       35.324312453453786
       -18.3135183546636                       0.        57.95092824735013
     -33.578584956307374                       0.        96.24523722750642
      -60.89517018652253                       0.       161.45641639400668
     -109.58051209218354                       0.        272.9977848298407
     -196.17344086361254                       0.        464.3504331848126
     0.43357524964284755                       0.      0.05593077286211546
      0.4335756683981053                       0.     0.055939503569432975
      0.4335764319890134                       0.      0.05595542369069115
     0.43357782087932956                       0.     0.055984379924908914
      0.4335803414241317                       0.      0.05603692588529437
      0.4335849065065715                       0.      0.05613207982863772
      0.4335931601647307                       0.     0.056304061078880356
     0.43360806168349825                       0.      0.05661435144445191
     0.43363494010273856                       0.      0.05717326461214783
      0.4336834118151891                       0.      0.05817847012153707
      0.4337709168708721                       0.      0.05998370267888409
      0.4339294048893861                       0.      0.06322110344800849
     0.43421849801245793                       0.       0.0690186045704034
      0.4347529790891073                       0.      0.07938527051049164
     0.43576462346379286                       0.      0.09789345252710635
      0.4377534274501436                       0.      0.13089377453572115
      0.4419014460643414                       0.       0.1897645877100338
     0.45224073840543755                       0.      0.29631089474389705
      0.4931971112042357                       0.       0.6238545693734783
     0.48094369118206376                       0.       1.0859048611584232
       0.445191349620162                       0.       1.6947668494407944
      0.3653981642603005                       0.       2.5586006011057156
     0.20285114712587698                       0.       3.8423943386877815
    -0.11438801550189574                       0.        5.815860034318808
     -0.7190204201517211                       0.        8.931130415168731
     -1.8554874643159016                       0.       13.957320654519272
     -3.9870335436403086                       0.       22.210646784089764
      -7.992941994811718                       0.        35.93902309311811
     -15.420891540120724                       0.        58.99162258623724
     -28.977866911530523                       0.        98.00536825211263
       -53.4800404654237                       0.       164.43752830984994
      -97.52002693271669                       0.        278.0560378188542
      -176.4447175912945                       0.        472.9475112429407
      0.5116503842155821                       0.      0.05142901355357506
      0.5116509645316051                       0.      0.05143773034008999
      0.5116520217470356                       0.      0.05145361052503215
       0.511653943062161                       0.     0.051482470195192934
      0.5116574269728955                       0.      0.05153480149942369
      0.5116637314944416                       0.      0.05162950166529366
      0.5116751189058405                       0.      0.05180055532913787
       0.511695651540247                       0.     0.052108995004162426
      0.5117326136463942                       0.      0.05266428406448563
      0.5117990474673797                       0.     0.053662501132293566
      0.5119182659114904                       0.      0.05545444334828115
      0.5121318525014694                       0.      0.05866692303357166
      0.5125137507765637                       0.       0.0644184648521368
      0.5131947581654345                       0.      0.07470227964696279
      0.5144038827059894                       0.      0.09306625201250199
      0.5165328213229283                       0.       0.1258300042279511
      0.5202073287209182                       0.       0.1843535173981575
      0.5260974902974866                       0.      0.29008807475636156
      0.5249368825134583                       0.       0.6234133986136005
      0.5367559098700234                       0.       1.0866638545511076
      0.5352326081386188                       0.       1.6988162183162023
      0.5053578565525602                       0.        2.569557889396766
     0.41706929311618457                       0.        3.866483877341153
      0.2121675123163513                       0.        5.863727245270176
     -0.2200191520292151                       0.        9.020893843503043
     -1.0897258329293165                       0.       14.120060980844539
      -2.816123042263406                       0.       22.500452216570697
      -6.198146961194729                       0.        36.44449699414012
     -12.620418009742677                       0.        59.86044645974526
     -24.533089493378373                       0.        99.49036138514204
      -46.33936112211364                       0.       166.97072208851608
      -85.95227130317961                       0.       282.37581227270715
     -157.60499327915866                       0.       480.31706017665783
      0.5893638134014825                       0.       0.0456648767075186
      0.5893645214213634                       0.      0.04567359052467215
      0.5893658129157215                       0.      0.04568948543169856
      0.5893681626472169                       0.     0.045718405000295385
      0.5893724276637027                       0.      0.04577089962889646
       0.589380152275337                       0.      0.04586598590507188
      0.5893941139350083                       0.     0.046037887319669096
      0.5894192974407647                       0.      0.04634810619281367
      0.5894646256758895                       0.     0.046907018458133984
       0.589546011060827                       0.      0.04791246023028017
      0.5896916613580633                       0.      0.04971859870733625
      0.5899510626434201                       0.      0.05295871507292001
       0.590409375790242                       0.      0.05876386362920229
      0.5912076863841726                       0.      0.06915206800786951
      0.5925609460199975                       0.      0.08772261093489175
      0.5947265893498064                       0.      0.12091129768871262
      0.5976893601225935                       0.      0.18039280572763716
      0.5827863761088972                       0.       0.2973404757544724
      0.5565533031462401                       0.        0.621447048376586
       0.592258142991975                       0.        1.084414909361788
       0.624652026214365                       0.       1.6977655083236463
      0.6441691998571497                       0.       2.5724331125479907
      0.6292030060173802                       0.        3.878168130531946
      0.5348996415049663                       0.        5.892804145246936
      0.2718084232683955                       0.        9.082268746543033
     -0.3391621814264478                       0.       14.240226411903054
     -1.6791686070473508                       0.        22.72672667427744
      -4.461454192022975                       0.        36.85245599085112
      -9.913393977068417                       0.         60.5765706599688
     -20.246711727336507                       0.       100.73173685940608
      -39.47739710205423                       0.        169.1089219993219
      -74.88180373617362                       0.        286.0475546570847
     -139.65286724966418                       0.        486.6153899385503
      0.6633754989550938                       0.      0.03920899957181047
      0.6633763094512447                       0.     0.039217722683143004
       0.663377793116818                       0.      0.03923369107556438
      0.6633805010728595                       0.       0.0392628372883967
      0.6633854303303961                       0.      0.03931589653155267
      0.6633943806371817                       0.       0.0394122587150747
      0.6634105932143032                       0.        0.039586886232039
      0.6634398888201827                       0.     0.039902721520688036
        0.66349267998927                       0.     0.040472914217896845
      0.6635874804674509                       0.      0.04150059452132705
       0.663756866267943                       0.      0.04334996926539041
      0.6640570643557522                       0.      0.04667329306241875
      0.6645815203787752                       0.      0.05263751488884039
      0.6654732639658797                       0.      0.06332922295447715
      0.6669070741179143                       0.      0.08248253827970742
      0.6689149481166154                       0.      0.11682027244533466
      0.6704212424872628                       0.       0.1787873986747771
      0.6155974193424826                       0.      0.31428866067598105
       0.588002037976745                       0.       0.6179737055616321
      0.6473332753820312                       0.       1.0792288511226136
      0.7132167623096387                       0.       1.6917869084704065
      0.7814265386543465                       0.       2.5675737844716315
      0.8385917421729917                       0.        3.878091012811972
      0.8527721913898274                       0.        5.904235666121698
      0.7548218038833077                       0.        9.117281637273482
      0.3927975620844552                       0.       14.321816980746167
     -0.5792548795572884                       0.        22.89630083609086
      -2.782942689522628                       0.        37.17362555166953
      -7.299590416483938                       0.        61.15718449730029
     -16.119117122560223                       0.       101.75774214435168
      -32.89397597439464                       0.       170.89967461368533
      -64.30388641467876                       0.       289.15251942745664
     -122.56870381042827                       0.         491.982475497693
      0.7309562034712102                       0.     0.032604371426641195
      0.7309570993074636                       0.      0.03261311784317582
      0.7309587491986796                       0.      0.03262922669080348
      0.7309617768883293                       0.      0.03265878947724483
      0.7309673148025775                       0.       0.0327128703155868
      0.7309774134008729                       0.      0.03281152158235594
      0.7309957742863912                       0.      0.03299101394685698
      0.7310290542492683                       0.      0.03331683504853839
      0.7310891574651314                       0.      0.03390702885457837
      0.7311971764543458                       0.       0.0349740529692549
       0.731389870700464                       0.      0.03689977378061277
      0.7317292919588025                       0.     0.040369756920010186
      0.7323133846498354                       0.      0.04661383913551942
      0.7332727280654636                       0.       0.0578385907272886
      0.7346883472211246                       0.      0.07801529049199389
      0.7361498830973983                       0.      0.11438979929270009
      0.7265288856142424                       0.      0.18478501609496206
      0.6507072692502303                       0.       0.3306297389392151
      0.6192567428344902                       0.       0.6130174408159341
      0.7018672757923836                       0.       1.0711759973270305
       0.800706279355831                       0.        1.681056521103147
      0.9167549937257539                       0.        2.555337229415512
       1.044639816985165                       0.       3.8669119887089516
      1.1648749201135853                       0.        5.899184510116199
       1.227552575900335                       0.        9.128011219495733
      1.1031853736597605                       0.       14.368968869770363
     0.48277377542583017                       0.       23.015446187614675
     -1.1615087201262173                       0.       37.417573352426714
      -4.778074676758594                       0.          61.617600300666
     -12.149063732792898                       0.       102.59362395383461
      -26.58518715525483                       0.       172.38546565358806
      -54.20629338838787                       0.        291.7630157278639
     -106.31918394952038                       0.       496.54199458937245
      0.7903319730975867                       0.     0.026285083735330495
      0.7903329432503386                       0.     0.026293870195306258
      0.7903347462719235                       0.     0.026310200217891405
      0.7903380813616728                       0.     0.026340408953025262
      0.7903442243277006                       0.     0.026396063760615606
      0.7903554950788609                       0.      0.02649822942346318
      0.7903760952741763                       0.     0.026685174186220306
      0.7904135941169654                       0.     0.027026269317732353
      0.7904815157828466                       0.      0.02764702341844468
      0.7906036870509471                       0.      0.02877411669116038
      0.7908209969353674                       0.     0.030816347718368622
      0.7911999573072909                       0.      0.03451013667736966
      0.7918360041834901                       0.      0.04118164732858401
      0.7928183623491568                       0.      0.05322309005645603
      0.7940185739376893                       0.      0.07498475942810308
      0.7940100451295341                       0.       0.1146622993195782
      0.7536866730856413                       0.      0.20048649989880485
      0.6883862450598794                       0.       0.3459846158142714
      0.6505083277861506                       0.       0.6066898237747561
      0.7557487277869135                       0.       1.0603272451654122
      0.8869120250267298                       0.       1.6657553761195625
       1.049810262146442                       0.       2.5360903333230973
       1.246815899718911                       0.       3.8453025332284385
       1.470421047302058                       0.        5.878821281890022
      1.6886517093002806                       0.        9.116608877574286
      1.7898597008347465                       0.       14.385739415589116
      1.5076426767306141                       0.       23.089693823326346
      0.4042678973052823                       0.       37.592777386257445
      -2.347456603201185                       0.        61.97146461653925
      -8.333886637421832                       0.        103.2619059290647
     -20.544030464314027                       0.       173.60404152969872
      -44.57111346855492                       0.        293.9428056214385
       -90.8616231572544                       0.       500.40193201899575
      0.8407569074465417                       0.     0.020545760450270373
      0.8407579448337156                       0.     0.020554607890160066
      0.8407598973464896                       0.     0.020571260785835026
      0.8407635483997128                       0.     0.020602404916290912
      0.8407703366803733                       0.     0.020660331228939437
      0.8407828920970317                       0.       0.0207675592913511
      0.8408059956875888                       0.      0.02096522660877956
      0.8408482725081559                       0.      0.02132828161367323
      0.8409250909912764                       0.     0.021992953157996455
      0.8410632372552073                       0.      0.02320635695037526
      0.8413074148177431                       0.      0.02541604162180825
      0.8417253696111312                       0.     0.029431848544214302
      0.8423946635942494                       0.      0.03672025243934105
      0.8432997012342347                       0.      0.04995071721931662
       0.843820349109921                       0.       0.0740885441250973
      0.8299160395533802                       0.      0.12321370192569069
      0.7829703590428093                       0.       0.2149455338492625
      0.7287376884706799                       0.      0.35992930017410035
      0.6842072528525891                       0.       0.5999992977947409
      0.8088685573894144                       0.       1.0467551231071215
      0.9716374416103668                       0.        1.646070234848742
      1.1802787505359331                       0.        2.510208840668666
       1.444652541768858                       0.         3.81394197965686
      1.7687433139187774                       0.        5.844314912247141
      2.1368437871602586                       0.        9.085328086444813
      2.4518304441772982                       0.       14.375828366515881
      2.4967864475104755                       0.        23.12385610017444
      1.9157998526762512                       0.        37.70677470873677
   -0.005912446601157008                       0.       62.230954849406395
       -4.66968517562617                       0.       103.78262422350554
     -14.761099376100578                       0.       174.58873103638513
     -35.376481342803615                       0.       295.74763997947605
      -76.14778014107341                       0.        503.6556309200755
      0.8823591361528145                       0.     0.015546856240631905
      0.8823602361890716                       0.     0.015555791712118464
       0.882362342148934                       0.     0.015572899407811659
      0.8823663364811246                       0.     0.015605354745449216
      0.8823738522111758                       0.     0.015666458606287022
       0.882387892348964                       0.      0.01578076038881265
       0.882413936151242                       0.     0.015993400448780733
       0.882461867158138                       0.     0.016387108530822436
       0.882549172468921                       0.     0.017113077722571438
      0.8827056900525659                       0.     0.018446985078409306
       0.882978559431599                       0.       0.0208906981219876
      0.8834286237548065                       0.     0.025357723655131177
      0.8840800177244565                       0.     0.033516477498600566
      0.8846595484682941                       0.      0.04845950951198461
      0.8827872265757903                       0.      0.07655373220187332
      0.8526832619540642                       0.      0.13537700989806162
      0.8146371063354083                       0.      0.22775635841665695
      0.7718021636239376                       0.        0.371985568885315
       0.732073790219951                       0.        0.599892368990758
      0.8611199800249412                       0.       1.0305348036948476
      1.0546982488574297                       0.        1.622194145511941
       1.307877901798916                       0.        2.478076172019906
      1.6377455097890397                       0.       3.7735128441888452
       2.059287180744553                       0.        5.796825100070642
       2.570933297484826                       0.        9.036528896924816
      3.0892653881930463                       0.        14.34237890217786
       3.451722483903737                       0.       23.122156315404236
      3.3744793387682632                       0.        37.76629742039544
      2.2488096704429203                       0.         62.4069343445605
     -1.1515503334188104                       0.       104.17353275038043
      -9.225264210158082                       0.         175.368784304745
      -26.59812145821582                       0.        297.2259110190475
      -62.12696326362772                       0.       506.38314677607923
      0.9158707555900711                       0.     0.011338941166108564
      0.9158719157072203                       0.     0.011348000268999318
      0.9158741868023788                       0.     0.011365736846352458
      0.9158785723280096                       0.     0.011399999585965673
      0.9158869451828587                       0.     0.011465477642624712
       0.915902770381621                       0.      0.01158951029362698
      0.9159323856280426                       0.      0.01182273999873953
      0.9159871800574227                       0.     0.012258596736989128
       0.916086985548902                       0.     0.013068873242667546
      0.9162642044303506                       0.     0.014568661389256641
      0.9165641664774573                       0.     0.017335229415244995
      0.9170206667534888                       0.       0.0224281570227031
       0.917517680979726                       0.     0.031813078040066764
      0.9170584036711565                       0.     0.049319622492547746
      0.9023212364695125                       0.       0.0859016208978999
      0.8775835103489339                       0.      0.14587154940217503
      0.8486741910725536                       0.       0.2384653945459044
      0.8175294765022187                       0.      0.38162849909136864
      0.7910233625712639                       0.       0.6049382573124269
       0.912399099258053                       0.       1.0117451407704579
      1.1359229392810335                       0.       1.5943267164237405
      1.4323565734477643                       0.       2.4400817725101707
      1.8257527343529827                       0.        3.724695768468969
       2.341599007133428                       0.        5.737500122115842
      2.9899083565480455                       0.        8.972605627730465
       3.703140474582175                       0.       14.287957840664918
       4.373786616521484                       0.        23.08836169367942
        4.78175041589761                       0.       37.777372153421176
       4.419345067322509                       0.        62.50907674148571
      2.2261851045141503                       0.       104.45029632624669
     -3.9243003971011268                       0.       175.96973389542984
      -18.21062689518116                       0.       298.41938102562364
      -48.74837843114609                       0.         508.652753663627
      0.9423488832183526                       0.     0.007894101645277637
      0.9423501031351488                       0.     0.007903331677100405
      0.9423525606246342                       0.     0.007921929017912579
      0.9423574112737148                       0.     0.007958660498650646
      0.9423668310282862                       0.     0.008030108209060234
      0.9423848661846242                       0.      0.00816741565797046
      0.9424189128352243                       0.     0.008428730429998815
      0.9424821120801415                       0.     0.008922091141809904
      0.9425965719945011                       0.     0.009847472590269156
      0.9427951268162056                       0.     0.011574149179805591
      0.9431098853681545                       0.      0.01478429123078712
      0.9434971704870733                       0.      0.02074766296919031
      0.9434531724517997                       0.     0.031911185723800896
      0.9371027803906699                       0.      0.05466560541909717
      0.9221794636961742                       0.      0.09393598948744164
      0.9045570616090326                       0.      0.15424188940090502
      0.8849623727777054                       0.      0.24657810946656888
      0.8657482441386074                       0.       0.3883047676062893
      0.8535333742787641                       0.       0.6076507016141469
      0.9626115078971267                       0.       0.9904703893153545
       1.215153420842861                       0.       1.5626740804888621
      1.5534953318120248                       0.       2.3966190381931654
      2.0083927291041372                       0.        3.668164265219462
      2.6153068400986674                       0.        5.667485072506189
       3.393130420781678                       0.        8.895814706017354
       4.294754548237942                       0.       14.214682678919784
         5.2641226257793                       0.       23.025870919192744
       6.139155663716089                       0.        37.74539344420969
        6.50863840927859                       0.        62.54597371237256
       5.469701606517034                       0.       104.62668101486493
       1.154575697587391                       0.       176.41376990644164
     -10.188448925718136                       0.       299.36393975529217
     -35.962771612004346                       0.        510.5224733433718
      0.9629525296644144                       0.     0.005136716616016026
      0.9629538120972295                       0.     0.005146180748037026
      0.9629564899219177                       0.     0.005165949358795384
      0.9629619139743518                       0.     0.005206035708811551
      0.9629726485117123                       0.     0.005285591684327801
      0.9629934737596137                       0.     0.005440926677010708
      0.9630330653724386                       0.     0.005740387154569646
      0.9631064301508312                       0.     0.006311897693581637
      0.9632369676719167                       0.     0.007393948375020255
      0.9634515664558564                       0.     0.009430588314667847
      0.9637395610983812                       0.     0.013252674833810357
       0.963839999183668                       0.      0.02045540752752371
      0.9613156264199957                       0.     0.034765545196971746
      0.9532887588833856                       0.      0.06040737017868701
      0.9438216177673497                       0.      0.09985021835323933
      0.9334074771204549                       0.       0.1600058830057272
      0.9232442780761045                       0.      0.25158705398054243
      0.9161383826641639                       0.      0.39146385565472064
      0.9187219965749822                       0.       0.6068254004203582
      1.0117552587666967                       0.       0.9668080125914803
      1.2922457394319462                       0.       1.5274485345875692
      1.6711065452791456                       0.       2.3480828971420937
       2.185442384451264                       0.       3.6045794873134374
       2.880093774185197                       0.        5.587944760292125
      3.7805034827250865                       0.        8.808064942152749
       4.865362085968734                       0.       14.124385716542319
       6.123767083745116                       0.       22.937758647297148
       7.448338553134052                       0.        37.67518461726144
       8.519860588247244                       0.       62.525234156888466
       8.585472465558126                       0.       104.71474300200578
       6.024278671908986                       0.       176.72011526593732
      -2.506613719384542                       0.        300.0903482476107
     -23.723479790752553                       0.        512.0415333996611
      0.9787954009614613                       0.    0.0029688690269169195
      0.9787967525845344                       0.    0.0029786519154975178
      0.9787997015559327                       0.    0.0030000088734394364
      0.9788058525810934                       0.    0.0030446410699378383
      0.9788182697598947                       0.     0.003135181055305158
       0.978842648079555                       0.    0.0033149392234988672
      0.9788891187618477                       0.    0.0036661032913408074
      0.9789741833609293                       0.    0.0043436739253776245
      0.9791190807417902                       0.     0.005639002430950574
      0.9793275162546439                       0.     0.008100992116299903
      0.9794650516280323                       0.     0.012783745429973365
       0.978417388557019                       0.     0.021974252148357215
      0.9749230893987556                       0.     0.038427849865578366
      0.9709532154859076                       0.      0.06401402730516194
      0.9669572108686475                       0.      0.10318004496137205
      0.9637806299285377                       0.      0.16269479552170654
       0.963099930975383                       0.       0.2530158163465071
      0.9682144305084399                       0.       0.3906016259802496
      0.9859876161329137                       0.       0.6018163771936466
      1.0610674570927554                       0.       0.9409274823778466
       1.367070827136275                       0.       1.4888678491820528
       1.785034188187228                       0.        2.294867140782716
        2.35673408557853                       0.        3.534585277130026
       3.135671096776497                       0.        5.500097081420528
       4.152485315731957                       0.        8.710796182526442
       5.416017491551006                       0.       14.018731939824296
      6.9537286441500665                       0.       22.826798483150533
       8.711020504393748                       0.        37.57105259888309
      10.456328530809603                       0.        62.45357821234084
      11.580077919048133                       0.       104.72501327653643
       10.69753210507733                       0.       176.90538757185954
       4.858794611543192                       0.        300.6249380588068
     -11.987023219756557                       0.        513.2516972561274
      0.9908665564007436                       0.    0.0012884187509498576
      0.9908679890198739                       0.    0.0012986341119119514
      0.9908712821852146                       0.    0.0013221407061233495
      0.9908783725418875                       0.    0.0013729224548814953
       0.990892962894941                       0.     0.001478321271667632
      0.9909218426498714                       0.    0.0016911305130860542
      0.9909765401046742                       0.    0.0021123357942206245
      0.9910732972183217                       0.     0.002933949104496636
      0.9912213311492383                       0.     0.004520842166486788
      0.9913539260018314                       0.      0.00757582268398795
      0.9909373342203006                       0.     0.013547779686612738
      0.9901836322438315                       0.     0.023728586852296455
       0.989626756791241                       0.     0.039917266324416646
      0.9896949175170254                       0.      0.06505843686148549
      0.9911200754325123                       0.       0.1035183942715296
      0.9951508787058527                       0.       0.1619123278571621
      1.0039411746717755                       0.       0.2504755772095671
      1.0213280897717298                       0.      0.38531181183117486
      1.0545842585737846                       0.       0.5921136531688269
      1.1228687836854687                       0.       0.9144570138816853
      1.4395154069286735                       0.       1.4471542488523432
      1.8951532973007563                       0.        2.237361611985472
      2.5221521232516437                       0.        3.458803838232625
      3.3817696140879154                       0.        5.405233604702393
       4.509908722585631                       0.         8.60502054407126
       5.947576678867601                       0.       13.899272177132882
      7.7550283614466595                       0.       22.695482183843144
       9.928972636260834                       0.        37.43683778599231
      12.321432502095496                       0.       62.336927131091755
      14.460057273472815                       0.        104.6666741909002
      15.186640902952519                       0.        176.9839370077997
      11.930337402367172                       0.        300.9902470849463
      -0.713364495316228                       0.        514.1884390643733
      1.0000007690312351                       0.    1.0895586146710226E-5
      1.0000026613699937                       0.     3.769397856945735E-5
       1.000006970362447                       0.     9.862118983726862E-5
      1.0000164788343453                       0.   0.00023245333861708647
      1.0000366813249268                       0.    0.0005126628753871598
      1.0000767116212261                       0.    0.0010487376144618491
      1.0001592037011389                       0.     0.002089579262738239
      1.0003272054131722                       0.     0.004021673533601722
        1.00066721781788                       0.      0.00748003891452313
      1.0013382586055908                       0.     0.013420115371732667
      1.0026099502542798                       0.      0.02322413209801132
      1.0049132121826128                       0.      0.03887200378214575
      1.0089204376519674                       0.      0.06323802355430952
      1.0156797294517346                       0.      0.10058832019620882
      1.0268378068498412                       0.      0.15740276019412378
       1.045036063231817                       0.      0.24372364558945941
      1.0746957717733405                       0.      0.37533693327451956
       1.123638129171528                       0.       0.5773758967049425
      1.2071844588851275                       0.       0.8906553403910025
      1.5094855206525717                       0.       1.4025328648291924
      2.0013690505008865                       0.        2.175949364689876
      2.6816283165265054                       0.       3.3778326300693764
      3.6181726912782413                       0.        5.304684837753938
       4.853724570202229                       0.        8.491477222802823
       6.460761945068879                       0.       13.767452929273848
        8.52870577367063                       0.        22.54604265329589
      11.103991546919627                       0.       37.275958916400256
      14.118572752750458                       0.       62.180488933481236
      17.231797937730793                       0.       104.54772435437629
      19.503341581115382                       0.       176.96815384723226
      18.729065415229872                       0.        301.2055834118909
      10.134060088109074                       0.        514.8819578593581
      1.0099334255750059                       0.    1.0074082121489932E-5
      1.0099334297484652                       0.    3.2615545813247117E-5
      1.0099334639500386                       0.     8.047578667618874E-5
      1.0099336658735776                       0.   0.00017863839537411277
        1.00993467176156                       0.   0.00037509502874383916
      1.0099391923028735                       0.    0.0007611572806603401
       1.009958183828127                       0.    0.0015093013814932474
      1.0100346692356517                       0.    0.0029441949139818193
      1.0103403669757207                       0.     0.005682408128937689
      1.0117646518101966                       0.     0.011000624976968701
       1.014977567722289                       0.     0.020278046810213134
      1.0200541402755994                       0.      0.03516137288543979
      1.0279062131726817                       0.     0.058448270720469805
      1.0398932704573238                       0.      0.09431007739454711
      1.0580625060003492                       0.      0.14910819992283705
       1.085565944140696                       0.      0.23270878887374002
       1.127451619406133                       0.      0.36060747910257696
      1.1921966831712285                       0.       0.5574620916224489
      1.2951311547399935                       0.        0.863147024985281
      1.5769451050339407                       0.         1.35522543244897
      2.1036154652930468                       0.        2.111003913300277
         2.8351366082666                       0.       3.2922437472043984
      3.8447961729135054                       0.        5.199699740640284
       5.184806876824608                       0.        8.370792019242264
       6.956226855841912                       0.        13.62460973139816
        9.27580698518119                       0.       22.380480562059883
      12.237879957744191                       0.        37.09145362750574
      15.851106804422633                       0.        61.98883910776863
      19.901457267628725                       0.       104.37512941316416
      23.658713427018863                       0.       176.86874265506353
      25.274463727986724                       0.       301.28751607918633
      20.588454991519654                       0.        515.3580386783701
      1.0251209093730433                       0.     9.526297821050363E-6
      1.0251209109322745                       0.    2.9354990869280093E-5
      1.0251209231478102                       0.     6.946245318352914E-5
       1.025120992896959                       0.   0.00014890883967581578
      1.0251213315746868                       0.    0.0003037904601755321
        1.02512282280139                       0.    0.0006019686899890909
      1.0251289764905835                       0.     0.001170250286639645
      1.0251532540366741                       0.    0.0022444712327010855
      1.0252462201782044                       0.     0.004262293866316147
      1.0256002096376176                       0.     0.008040909155390609
      1.0270933026314781                       0.     0.015194574501848863
      1.0342748045311019                       0.      0.02891861457253254
      1.0458941119964837                       0.     0.050827967251529216
      1.0629947833510616                       0.      0.08483645058499864
      1.0880353181132323                       0.      0.13719213033100633
      1.1247055037906346                       0.       0.2175896946233455
       1.178719357954078                       0.       0.3412587017306764
       1.259295650524066                       0.       0.5324446392276126
      1.3822160051710122                       0.       0.8303142531958233
       1.642360576997396                       0.       1.3053779374617431
      2.2018537609818294                       0.        2.042886680208796
       2.982686165662103                       0.        3.202588318897727
       4.061775705277427                       0.       5.0912755977952155
       5.503875249700527                       0.        8.243572387222995
       7.434598480783713                       0.       13.471960215517173
       9.997368972384809                       0.        22.20059106900239
      13.332430036453587                       0.       36.886015939771326
       17.52230812950714                       0.        61.76599542150371
      22.474911593922798                       0.       104.15495752698531
       27.66313509624959                       0.        176.6949630189949
       31.58446561684529                       0.       301.25029640225495
      30.679865691480508                       0.        515.6387754124966
      1.0483414661361818                       0.     9.168017644733886E-6
      1.0483414667399142                       0.     2.722241413502918E-5
      1.0483414712897057                       0.     6.225915283884512E-5
      1.0483414964744904                       0.   0.00012946424859898198
      1.0483416157293086                       0.    0.0002571549920115759
      1.0483421300395295                       0.    0.0004978664198011433
      1.0483442152983349                       0.    0.0009486342975731501
      1.0483523107432116                       0.    0.0017880143744171662
      1.0483827499984477                       0.     0.003343588699434719
      1.0484947929910786                       0.     0.006215570325425269
      1.0489053921416542                       0.     0.011508361320472286
      1.0504955994121372                       0.     0.021317880434751062
       1.062208193243975                       0.      0.04075023499942033
      1.0842998103950563                       0.       0.0725371272999106
       1.116049334385061                       0.      0.12201980394103921
      1.1617067429526262                       0.       0.1987197378417307
      1.2276894925011965                       0.      0.31761917791543826
       1.324031234743744                       0.       0.5025983412816851
      1.4672170464878498                       0.       0.7922453984829275
      1.7104256212186204                       0.        1.252485501472801
      2.2960706661340193                       0.        1.971944684436598
       3.124312510913169                       0.       3.1094099782572875
       4.269491347554046                       0.        4.980045877312565
      5.8115051534674835                       0.         8.11043477039342
      7.8964977882093885                       0.       13.310602319917091
      10.694408145935082                       0.       22.007987197331442
      14.389407852071999                       0.       36.662031625486165
      19.135336007963136                       0.        61.51548609347041
       24.95772653116897                       0.        103.8924994284949
      31.526273784541072                       0.       176.45483844106408
       37.67551105809769                       0.       301.10621611906515
       40.43542289367101                       0.        515.7431729802975
       1.083844006322364                       0.      8.93368328102768E-6
       1.083844006562898                       0.      2.58275951381561E-5
      1.0838440083200902                       0.     5.754781105450252E-5
      1.0838440177918844                       0.   0.00011674646696212872
      1.0838440616377933                       0.   0.00022665313055474402
      1.0838442470799727                       0.    0.0004297802088050561
      1.0838449862859139                       0.    0.0008037054237039545
      1.0838478130153462                       0.    0.0014896300281753106
      1.0838582915927273                       0.    0.0027439773367053367
       1.083896251789376                       0.     0.005031579021227288
      1.0840316538185264                       0.     0.009194477099573016
      1.0845127769022422                       0.     0.016762541799021553
      1.0862817057651692                       0.     0.030567911969962072
      1.1032906633615984                       0.      0.05793614772750335
      1.1415525674294802                       0.      0.10410415120253834
      1.1959661944627231                       0.       0.1766016661970886
      1.2736852441475928                       0.        0.290173046678246
       1.385623570526836                       0.       0.4683665887391336
      1.5491514506374675                       0.        0.749279401288616
      1.7971265628501751                       0.       1.1957660272582646
      2.3862790986135467                       0.       1.8985079378788214
      3.2600671254235025                       0.       3.0132710166751617
       4.468495032463473                       0.       4.8663104399848995
       6.108172323021734                       0.        7.971993989819456
       8.342545708614855                       0.        13.14151789475613
      11.367915244003848                       0.       21.804118341579578
       15.41053897471515                       0.        36.42161171857009
      20.693215364594508                       0.       61.240410980155694
       27.35514321205239                       0.       103.59237371589613
       35.25709684050327                       0.        176.1553360461037
       43.56263196799247                       0.       300.86590974455015
       49.87960281658688                       0.        515.6876466183822
      1.1381248046275516                       0.     8.780416095918602E-6
      1.1381248047254429                       0.      2.49153090518521E-5
      1.1381248054241535                       0.     5.446634218998948E-5
      1.1381248091116907                       0.   0.00010842836181249252
      1.1381248258622512                       0.    0.0002067033194313501
      1.1381248955194878                       0.    0.0003852485282169558
      1.1381251689962182                       0.    0.0007089171239020443
      1.1381262004669357                       0.    0.0012944942336643257
      1.1381299759183132                       0.     0.002351977948958011
      1.1381434868097704                       0.     0.004258491107684982
      1.1381910263765345                       0.     0.007690598008775711
      1.1383563317015364                       0.     0.013861705995525341
      1.1389292020713473                       0.      0.02495261553054657
       1.140959457134216                       0.      0.04492925086375936
      1.1641844447301835                       0.      0.08403511162095019
      1.2270618116640675                       0.      0.15182541848019504
       1.316203794514807                       0.      0.25950529773250963
       1.443460477565388                       0.      0.43031191688497905
      1.6272246622762867                       0.       0.7019117224680803
      1.8979363988253415                       0.       1.1360859131275365
       2.472541366876898                       0.       1.8228808329196977
       3.390008611472787                       0.       2.9147875124934663
       4.659384631743974                       0.        4.750178266426694
       6.394295043083798                       0.        7.828843059668983
       8.773361039622399                       0.       12.965580994377522
      12.018854731840834                       0.        21.59028456883007
      16.397496113660694                       0.       36.166623861459996
      22.198824805447924                       0.        60.94349585096332
      29.672076006755102                       0.       103.25861848618842
       38.86389812512362                       0.        175.8025202291286
       49.25955151282392                       0.        300.5386086686653
       59.03448587035162                       0.        515.4864348532294
      1.2211161919565925                       0.     8.680171173784573E-6
      1.2211161919970035                       0.     2.431862524508237E-5
      1.2211161922809655                       0.     5.245089706589419E-5
      1.2211161937563413                       0.   0.00010298787744722485
      1.2211162003605052                       0.   0.00019365508349279432
      1.2211162274524665                       0.   0.00035612248501130857
      1.2211163324831846                       0.    0.0006469209689962709
       1.221116724015423                       0.    0.0011668685858456677
       1.221118141555804                       0.     0.002095616085728803
      1.2211231622768628                       0.    0.0037530407797473045
      1.2211406495373989                       0.     0.006708305488726841
       1.221200769421977                       0.     0.011973595984836174
      1.2214055455309016                       0.     0.021348854872044933
      1.2221009755377819                       0.       0.0380397241644586
      1.2244993502034731                       0.      0.06779882058195957
      1.2547585933696406                       0.      0.12500493564518908
      1.3549280349639765                       0.       0.2262431971058292
      1.4971162955376758                       0.      0.38906108469236456
       1.700845411167441                       0.       0.6507349568350665
       1.997247951905726                       0.       1.0724747744156888
       2.555146181238742                       0.        1.745286243145211
      3.5142023183055158                       0.       2.8146510011128925
       4.842701225744922                       0.        4.631718508791989
       6.670261693198316                       0.        7.681537848658783
       9.189553799676215                       0.       12.783570337763773
      12.648165582073188                       0.       21.367648621899495
      17.351889621929878                       0.       35.898721027342454
      23.654890956166565                       0.        60.62714013578162
      31.913118246916696                       0.       102.89477063565845
       42.35433343913382                       0.       175.40168345854673
      54.778788816392975                       0.        300.1323541259305
       67.92000321537031                       0.        515.1519408284636
      1.3480039788959488                       0.     8.614605642531888E-6
       1.348003978912726                       0.    2.3928362178188683E-5
      1.3480039790298548                       0.    5.1132688354664784E-5
      1.3480039796321988                       0.     9.942951029031575E-5
       1.348003982299964                       0.   0.00018512084150458456
      1.3480039931319172                       0.    0.0003370725066392207
      1.3480040347162525                       0.    0.0006063722480301448
      1.3480041882990386                       0.    0.0010833951737041385
      1.3480047394543158                       0.    0.0019279459511961075
      1.3480066751881976                       0.    0.0034224788317600468
      1.3480133627927988                       0.     0.006066035032002453
      1.3480361676485044                       0.     0.010740015645195444
      1.3481131339534593                       0.     0.019000762195597324
      1.3483709589487345                       0.      0.03359658073262558
      1.3492323824396228                       0.      0.05938599550404595
      1.3521425595081906                       0.      0.10500077937950822
      1.3897208624488666                       0.       0.1910019149228001
       1.546347085923572                       0.      0.34525417283291937
      1.7696226416172256                       0.       0.5963846316175011
      2.0918236362260854                       0.        1.005132361618235
       2.635519378773573                       0.        1.665571913511333
       3.632736383244661                       0.       2.7135930783242235
      5.0188881294799605                       0.        4.511046389794423
       6.936444716148338                       0.        7.530589654646253
       9.591716602763894                       0.       12.596184722057037
      13.256761096660593                       0.       21.137247443523748
      18.275261135226796                       0.        35.61936731726492
       25.06398740844482                       0.        60.29345869882375
      34.082553317574096                       0.       102.50393421393017
       45.73546092683693                       0.       174.95745732278434
       60.13176335034881                       0.       299.65417547211854
       76.55416552994157                       0.        514.6950145815813
      1.5420061638478093                       0.     8.571722284480925E-6
      1.5420061638546905                       0.    2.3673109295947606E-5
       1.542006163903324                       0.     5.027050947825826E-5
      1.5420061641525806                       0.     9.710214820166574E-5
      1.5420061652493116                       0.   0.00017953899176789334
      1.5420061696705312                       0.    0.0003246128052620672
       1.542006186522782                       0.    0.0005798512324130895
       1.542006248330993                       0.    0.0010287992029989143
      1.5420064686504087                       0.    0.0018182814330738417
      1.5420072374223217                       0.     0.003206278516535542
       1.542009876680389                       0.     0.005645988370790353
      1.5420188210666883                       0.      0.00993340143743107
       1.542048818534815                       0.     0.017466361460758004
      1.5421485839739835                       0.      0.03069940855160827
      1.5424783478082122                       0.      0.05394309425707865
      1.5435658573458753                       0.       0.0947735243445795
      1.5471823161026186                       0.      0.16655024808114693
      1.5911332417968251                       0.       0.2994689649543466
      1.8333467508190209                       0.       0.5394944856733254
      2.1810380051907265                       0.       0.9346487487790703
       2.718846573126039                       0.       1.5824612390451533
      3.7457541690633525                       0.       2.6122621246761932
       5.188299385119678                       0.        4.388339814163308
       7.193206135796346                       0.        7.376463737870902
         9.9804168908491                       0.       12.404058557604227
       13.84552708142477                       0.       20.900004081421127
       19.16908006286702                       0.        35.32986079852812
      26.428536912187106                       0.       59.944318253829145
        36.1843691610217                       0.       102.08883918096309
       49.01378357992117                       0.       174.47390665664142
       65.32889542249357                       0.       299.11023940400275
       84.95327147983168                       0.        514.1251868539134
      1.8386213753958116                       0.     8.543674278728048E-6
      1.8386213753984384                       0.     2.350616028275479E-5
      1.8386213754184408                       0.     4.970659846071029E-5
      1.8386213755221663                       0.     9.557992913867527E-5
      1.8386213759781755                       0.   0.00017588816405253295
      1.8386213778091816                       0.    0.0003164634956164859
      1.8386213847551673                       0.    0.0005625050745435887
       1.838621410105629                       0.     0.000993090540636905
       1.838621500029301                       0.     0.001746555106417703
      1.8386218123061961                       0.     0.003064872805917651
      1.8386228793674193                       0.     0.005371260973274474
      1.8386264790214877                       0.     0.009405868550676419
       1.838638496398641                       0.     0.016463009534517566
      1.8386782750330164                       0.     0.028805936524232165
      1.8388090359169174                       0.     0.050392141424076664
      1.8392366680404766                       0.      0.08814252851553124
      1.8406323967831635                       0.      0.15416761275641108
      1.8452178392987069                       0.      0.26970519784015334
      1.8924764923182926                       0.       0.4803568151988667
      2.2646342754646014                       0.       0.8616321022104741
       2.813356182959625                       0.        1.494350947970606
      3.8534881531250234                       0.       2.5110591521568093
        5.35122730568112                       0.        4.263819218517567
       7.440898952477815                       0.        7.219581110806911
      10.356192857660789                       0.       12.207773725844852
      14.415318999466132                       0.        20.65673982365759
       20.03474235352672                       0.        35.03135356246492
      27.750815780351743                       0.        59.58136903127659
        38.2222747632479                       0.       101.65189182590395
       52.19529187543136                       0.       173.95460927775844
       70.37970067203014                       0.        298.5059749558692
       93.13209536896113                       0.        513.4508632040455
      2.2921244312678586                       0.      8.52532938545306E-6
      2.2921244312685345                       0.    2.3396966714545614E-5
       2.292124431276268                       0.     4.933777054748507E-5
      2.2921244313189906                       0.     9.458431659927374E-5
      2.2921244315093072                       0.   0.00017350032781176408
      2.2921244322743877                       0.    0.0003111334120647449
       2.292124435170592                       0.    0.0005511597616117177
      2.2921244457083287                       0.    0.0009697351722004624
      2.2921244829641583                       0.    0.0016996422820440666
      2.2921246119075214                       0.     0.002972386074201881
      2.2921250510415065                       0.     0.005191575584283285
      2.2921265275438367                       0.     0.009060840245753748
       2.292131440712038                       0.     0.015806803804349262
       2.292147650326894                       0.      0.02756775260415118
      2.2922007504881163                       0.     0.048071150782083516
      2.2923736868450817                       0.      0.08381484343658717
      2.2929344574485278                       0.      0.14612744982705517
      2.2947497326464674                       0.       0.2547677672644735
      2.3006582425208326                       0.        0.444254325620322
       2.346099778963094                       0.       0.7845974271221556
      2.9167733007744596                       0.       1.4022824007835994
      3.9562825419377665                       0.        2.410054633758407
       5.507927787152748                       0.        4.137720903417657
       7.679866931966735                       0.        7.060321698022036
      10.719554422008317                       0.       12.007865225159172
      14.966959162938531                       0.       20.408185911774403
       20.87357091560928                       0.        34.72486928428054
       29.03295974496972                       0.       59.206072271820474
       40.19971759396353                       0.       101.19521799006668
      55.285505252622144                       0.       173.40272354505183
       75.29287750182502                       0.       297.84617835890833
      101.10405463507638                       0.        512.6794856249552
      2.9854975749170065                       0.     8.513330845797982E-6
      2.9854975749166237                       0.    2.3325548290977485E-5
       2.985497574918788                       0.    4.9096537400136136E-5
       2.985497574935321                       0.     9.393313284184557E-5
      2.9854975750137562                       0.   0.00017193855542258768
      2.9854975753339397                       0.   0.00030764725285471853
       2.985497576549475                       0.    0.0005437393213053114
      2.9854975809687705                       0.    0.0009544595149223596
       2.985497596564185                       0.    0.0016689587946199405
      2.9854976504219866                       0.    0.0029118948430217704
       2.985497833423093                       0.     0.005074051935044776
      2.9854984473172137                       0.     0.008835174504033502
       2.985500485427087                       0.      0.01537761761825329
      2.9855071942497933                       0.     0.026757959546189834
      2.9855291203135046                       0.     0.046553373897979373
      2.9856003511040963                       0.      0.08098596163642106
      2.9858306124330913                       0.       0.1408787211838494
       2.986572191467735                       0.      0.24505919250204963
       2.988957190874408                       0.       0.4262924222721531
      2.9966656711381483                       0.       0.7416660979186733
      3.0387607771663774                       0.       1.2993879887140947
        4.05463953653682                       0.       2.3090441850653125
      5.6586364639541165                       0.        4.010277803728456
       7.910443957589207                       0.        6.899027867426996
      11.070988031273991                       0.       11.804821324009952
      15.501234738179821                       0.       20.154994232928356
      21.686817169553336                       0.        34.41131858700492
      30.276970708573938                       0.        58.81972407105846
       42.11990127301393                       0.       100.72070011047295
       58.28951161871621                       0.        172.8210456445932
       80.07638705585163                       0.        297.1351011831418
      108.88135850833629                       0.       511.81766754153267
       4.045614612958493                       0.     8.505483160248844E-6
       4.045614612957303                       0.    2.3278836828858947E-5
       4.045614612956515                       0.      4.89387580420801E-5
        4.04561461296114                       0.     9.350722389713152E-5
       4.045614612991337                       0.   0.00017091707289569345
       4.045614613123238                       0.   0.00030536711860413787
       4.045614613633033                       0.    0.0005388859571786693
       4.045614615494556                       0.    0.0009444684196139305
       4.045614622065868                       0.    0.0016488901565326975
      4.0456146447366175                       0.    0.0028723303540705014
       4.045614721659282                       0.     0.004997185231389953
      4.0456149793088665                       0.     0.008687577295157277
       4.045615833367263                       0.     0.015096908379328873
       4.045618640273776                       0.     0.026228320393026878
       4.045627799516286                       0.      0.04556071925562279
       4.045657506881411                       0.      0.07913603426746939
       4.045753368310384                       0.      0.13744762165215843
       4.046061383806227                       0.       0.2387202220194171
      4.0470479558788455                       0.      0.41461056545195746
        4.05020492674273                       0.       0.7201245844004026
       4.060354857508818                       0.       1.2509174989647653
       4.160535602783281                       0.       2.1992961649121727
       5.803577065145975                       0.        3.881709324293858
       8.132953403648347                       0.       6.7360078503052785
      11.410962158008246                       0.        11.59908185532683
       16.01889681722911                       0.       19.897746716988642
       22.47566334359658                       0.        34.09151248803614
      31.484723986799256                       0.       58.423476048176674
      43.985802961939484                       0.       100.23000897559996
       61.21200441845145                       0.        172.2120582273502
       84.73752578460959                       0.       296.37652460429405
       116.4751394631507                       0.       510.87130696858134
       5.666456355445263                       0.     8.500350354903473E-6
       5.666456355443188                       0.      2.32482850386591E-5
      5.6664563554402285                       0.     4.883556191790533E-5
       5.666456355438529                       0.      9.32286567075673E-5
       5.666456355446657                       0.    0.0001702489687851427
       5.666456355496957                       0.    0.0003038757890660459
       5.666456355706615                       0.    0.0005357115979178155
       5.666456356488411                       0.    0.0009379337098767412
       5.666456359264661                       0.    0.0016357641959353422
       5.666456368852848                       0.    0.0028464530671719066
       5.666456401371191                       0.     0.004946910311130455
       5.666456510193885                       0.     0.008591040888974067
       5.666456870556723                       0.     0.014913309845966529
      5.6664580536733276                       0.     0.025881909887005144
       5.666461910240882                       0.      0.04491148068974032
       5.666474405362609                       0.       0.0779261453090196
       5.666514680267124                       0.       0.1352038643236181
       5.666643924377591                       0.       0.2345763256220446
       5.667057161197774                       0.      0.40698244540523354
       5.668375059032089                       0.        0.706109341688645
       5.672575927672303                       0.       1.2251384934349232
       5.686030808027314                       0.        2.125906484531609
       5.950643174013383                       0.       3.7464101534754937
        8.34770775669225                       0.        6.571538474609807
       11.73993059790354                       0.       11.391038494469184
       16.52066042194478                       0.        19.63696346478218
      23.241225240312684                       0.        33.76617417148054
       32.65797574963897                       0.        58.01835325901934
      45.800190147271636                       0.        99.72463096724836
       64.05731704238562                       0.       171.57797177326628
       89.28299090660157                       0.       295.57382214769785
      123.89556919312886                       0.       509.84568171135135
       8.144605333260987                       0.     8.496993226161698E-6
       8.144605333257704                       0.    2.3228302536676035E-5
       8.144605333252441                       0.     4.876806614294505E-5
         8.1446053332461                       0.     9.304645889259747E-5
       8.144605333242351                       0.   0.00016981199302607496
       8.144605333254955                       0.    0.0003029003799246084
       8.144605333333772                       0.    0.0005336353974798083
       8.144605333654324                       0.     0.000933659660820423
        8.14460533482176                       0.     0.001627179116940821
       8.144605338882211                       0.     0.002829527940209119
       8.144605352674064                       0.     0.004914027830808554
       8.144605398825792                       0.      0.00852790093584818
       8.144605551576989                       0.     0.014793226666868454
        8.14460605275255                       0.     0.025655339302467908
       8.144607685290305                       0.       0.0444868462507594
       8.144612970907879                       0.      0.07713482645773156
       8.144629995426078                       0.       0.1337364034138418
       8.144684585739647                       0.      0.23186643601570664
       8.144858968494614                       0.       0.4019957805417971
       8.145414338980267                       0.       0.6969572492525278
       8.147179547757467                       0.        1.208363691807076
       8.152790043579882                       0.       2.0951056592532926
       8.170715395671646                       0.       3.6329077077056025
       8.575052717311092                       0.        6.392626292802611
      12.058333764917721                       0.       11.181037801884782
      17.007205162917792                       0.       19.373109781615227
      23.984555284477175                       0.        33.43594929674757
       33.79837045212981                       0.         57.6052697245634
       47.56563660543599                       0.        99.20589145494331
       66.82945451201198                       0.       170.92075983857706
       93.71893922384372                       0.       294.73001285038805
      131.15196081142403                       0.       508.74552976070476
      11.933514635921796                       0.     8.494797484723922E-6
       11.93351463591673                       0.     2.321523291349218E-5
      11.933514635908365                       0.     4.872392030245025E-5
      11.933514635897081                       0.     9.292729179387357E-5
      11.933514635884443                       0.   0.00016952618754905076
      11.933514635876326                       0.    0.0003022624102680155
      11.933514635893989                       0.    0.0005322774515430559
       11.93351463601221                       0.    0.0009308642045432538
       11.93351463648999                       0.    0.0016215640169227358
       11.93351463819949                       0.    0.0028184580035922513
       11.93351464405017                       0.    0.0048925209334581615
      11.933514663665031                       0.      0.00848660403786429
      11.933514728600215                       0.      0.01471468587104402
       11.93351494159654                       0.     0.025507150129662728
       11.93351563513215                       0.      0.04420911315955959
       11.93351787955528                       0.      0.07661726459614626
      11.933525105244113                       0.      0.13277662241724913
      11.933548263569435                       0.      0.23009411965876897
      11.933622200409102                       0.      0.39873478378708727
      11.933857511186964                       0.       0.6909744145013192
      11.934604579821206                       0.       1.1974099210777558
      11.936972988106023                       0.        2.075064269595247
        11.9444861117737                       0.       3.5961407634366744
      11.968465762369576                       0.        6.232746634726598
       12.44241457910517                       0.       10.928605137134678
      17.479194703855924                       0.        19.10659263497286
       24.70664574456205                       0.       33.101415015433474
      34.907448107967866                       0.        57.18504189962475
        49.2845374284856                       0.        98.67497491335325
       69.53212248706997                       0.       170.24218915668473
       98.05103982237021                       0.         293.847806441303
        138.252858880081                       0.       507.57511744443434
      17.726481012157606                       0.     8.493361352590657E-6
      17.726481012149844                       0.    2.3206684682128936E-5
       17.72648101213691                       0.     4.869504656577352E-5
       17.72648101211899                       0.     9.284935014885088E-5
       17.72648101209673                       0.    0.0001693392555076215
      17.726481012072664                       0.    0.0003018451440507382
       17.72648101205582                       0.    0.0005313892823983121
      17.726481012078143                       0.    0.0009290358268860366
       17.72648101225205                       0.    0.0016178914417174686
       17.72648101295121                       0.    0.0028112176740257757
      17.726481015415825                       0.     0.004878454274415227
      17.726481023746505                       0.     0.008459593662294741
      17.726481051385825                       0.     0.014663316000713834
       17.72648114208664                       0.      0.02541022651917295
      17.726481437392575                       0.      0.04402746100806731
      17.726482392832022                       0.      0.07627875218710826
       17.72648546787227                       0.      0.13214887829577457
      17.726495320295196                       0.       0.2289349522702282
       17.72652676531368                       0.       0.3966020431077188
      17.726626803449225                       0.       0.6870620284904987
       17.72694423678014                       0.       1.1902495603354204
       17.72794959391096                       0.       2.0619787446640943
      17.731131186539866                       0.        3.572224065932677
      17.741215596275843                       0.        6.188853987664396
      17.773404413939932                       0.       10.723041789723181
       18.23737399961852                       0.       18.718270731013828
      25.408728347520547                       0.        32.76295363257675
       35.98665267295079                       0.       56.758399848739764
      50.959123071410595                       0.        98.13294224344403
       72.16875370849209                       0.       169.54384540449277
      102.28452121181843                       0.       292.92964185790896
       145.2061187379047                       0.        506.3382974196549
      26.583504697742196                       0.     8.492422045498888E-6
       26.58350469773032                       0.    2.3201093682418262E-5
       26.58350469771049                       0.      4.86761616003876E-5
      26.583504697682788                       0.     9.279837215161919E-5
      26.583504697647484                       0.   0.00016921699197202763
      26.583504697605672                       0.    0.0003015722296663563
      26.583504697561217                       0.    0.0005308083723573757
      26.583504697527747                       0.    0.0009278399702793087
      26.583504697556283                       0.    0.0016154893814512425
      26.583504697809055                       0.     0.002806482111924682
       26.58350469881535                       0.     0.004869253928392729
       26.58350470232487                       0.     0.008441927434709796
      26.583504714072326                       0.     0.014629717363703226
      26.583504752719136                       0.     0.025346833308137237
      26.583504878623703                       0.     0.043908650831572624
      26.583505285996864                       0.      0.07605734716464016
      26.583506596940826                       0.      0.13173830106995707
      26.583510796428637                       0.      0.22817680025018675
      26.583524196746502                       0.       0.3952071468833675
      26.583566818232974                       0.       0.6845032876709443
       26.58370202298676                       0.       1.1855672452599741
      26.584130047667983                       0.        2.053425392378882
        26.5854833594425                       0.       3.5566109978796705
      26.589762686127255                       0.        6.160317125090558
      26.603327272599085                       0.       10.670571767620842
      26.646729064325093                       0.       18.484541794137346
       27.08023557352592                       0.         32.1486838819525
       37.04079290168472                       0.        56.32465570903819
       52.59151358587506                       0.        97.58073237877507
       74.74253311768601                       0.         168.827155020353
      106.42421350008567                       0.        291.9777201749398
       152.0189764522433                       0.        505.0385582063423
       40.12524885300177                       0.     8.491807688510273E-6
        40.1252488529836                       0.     2.319743687009809E-5
       40.12524885295326                       0.      4.86638098247369E-5
       40.12524885291079                       0.     9.276502981966044E-5
       40.12524885285629                       0.   0.00016913702509196985
       40.12524885279025                       0.   0.00030139372908778315
       40.12524885271429                       0.    0.0005304284261752056
       40.12524885263426                       0.    0.0009270578162104879
      40.125248852576505                       0.    0.0016139183057887721
      40.125248852614526                       0.     0.002803384801475008
       40.12524885297448                       0.     0.004863236410884435
      40.125248854403544                       0.      0.00843037277868958
       40.12524885935051                       0.     0.014607742061457627
       40.12524887578298                       0.      0.02530537076479122
      40.125248929467666                       0.     0.043830942640184334
       40.12524910330126                       0.      0.07591253650114413
       40.12524966278443                       0.      0.13146976188168685
       40.12525145494679                       0.      0.22768092969136383
       40.12525717298891                       0.      0.39429481778329706
      40.125275357466876                       0.       0.6828297764394026
       40.12533303320108                       0.       1.1825049942983763
       40.12551557972801                       0.        2.047832339052747
       40.12609252311213                       0.        3.546406429169114
       40.12791524631024                       0.        6.141692929077196
      40.133678905127695                       0.       10.636481015632794
       40.15198984382571                       0.        18.42159273091724
       40.21093921206302                       0.       31.907626300900613
       40.65771815976894                       0.        55.38385080576448
       54.21044101238572                       0.        97.01029058177251
       77.25707300392489                       0.       168.09322190925093
       110.4746142892756                       0.        290.9940262618323
       158.6981123014279                       0.        503.6790663130115
       60.82958941663472                       0.     8.491405866238547E-6
       60.82958941660693                       0.     2.319504511959962E-5
       60.82958941656053                       0.     4.865573110398701E-5
       60.82958941649554                       0.     9.274322215437706E-5
       60.82958941641198                       0.   0.00016908472248289565
       60.82958941631008                       0.   0.00030127698017906195
       60.82958941619053                       0.    0.0005301799210863389
       60.82958941605582                       0.    0.0009265462456894535
       60.82958941592423                       0.    0.0016128907384241758
      60.829589415833595                       0.     0.002801358995072537
       60.82958941588055                       0.    0.0048593006331541485
       60.82958941638436                       0.     0.008422815416747382
      60.829589418391386                       0.     0.014593369040564137
      60.829589425305656                       0.      0.02527825204805656
       60.82958944813483                       0.     0.043780117336044075
       60.82958952228942                       0.      0.07581782260665212
       60.82958976117177                       0.       0.1312941229770022
      60.829590526537984                       0.      0.22735660421815115
       60.82959296851509                       0.      0.39369810777835257
       60.82960073397761                       0.       0.6817352215077724
      60.829625361425855                       0.       1.1805021783454734
      60.829703299069266                       0.        2.044174513769519
      60.829949577216645                       0.        3.539733922846879
      60.830727345666666                       0.         6.12952183721239
      60.833184459051445                       0.       10.614239170285003
       60.84097087287456                       0.       18.380726254963232
      60.865850782657674                       0.        31.83155326619505
       60.94685558678117                       0.       55.130782767482636
       61.47833077528123                       0.        95.60867403267227
       79.85230491627408                       0.        167.3040351757233
      114.44540819937585                       0.        289.9790181255819
      165.25002605092126                       0.       502.26263662882155
       92.48501823437711                       0.     8.491143053019128E-6
       92.48501823433463                       0.    2.3193480787075526E-5
       92.48501823426369                       0.     4.865044718928512E-5
       92.48501823416429                       0.     9.272895877694743E-5
       92.48501823403643                       0.   0.00016905051378406967
       92.48501823388024                       0.    0.0003012006201594107
       92.48501823369601                       0.     0.000530017385490271
        92.4850182334848                       0.    0.0009262116512554084
       92.48501823326517                       0.    0.0016122186545048337
         92.485018233063                       0.    0.0028000340095254554
       92.48501823291966                       0.     0.004856726424383683
       92.48501823297161                       0.     0.008417872498544421
        92.4850182336661                       0.     0.014583968317525078
       92.48501823645813                       0.      0.02526051495950706
       92.48501824605249                       0.     0.043746874874041226
       92.48501827758282                       0.      0.07575587466572112
       92.48501837951207                       0.      0.13117924577229112
       92.48501870642903                       0.       0.2271444781347026
       92.48501974978636                       0.         0.39330782808834
        92.4850230678068                       0.       0.6810193269817902
       92.48503359028031                       0.       1.1791922454709154
       92.48506688829738                       0.       2.0417821872983506
       92.48517209792129                       0.         3.53537022444265
       92.48550430234872                       0.        6.121563923177788
        92.4865533950798                       0.       10.599706004238836
       92.48987463979482                       0.       18.354073401127057
       92.50045808984324                       0.       31.782216510835173
       92.53463728706683                       0.       55.037652212517514
       92.64804644324165                       0.        95.31936586084505
       93.36823655280863                       0.       165.24411050019364
      118.81891911081526                       0.       288.81594586245507
      171.70674824390585                       0.       500.78621930956916
       140.8838634212299                       0.     8.490971159141746E-6
      140.88386342116496                       0.    2.3192457630083402E-5
       140.8838634210565                       0.     4.864699122695631E-5
      140.88386342090453                       0.     9.271962976657162E-5
      140.88386342070902                       0.    0.0001690281394685986
      140.88386342047005                       0.   0.00030115067662961646
      140.88386342018774                       0.    0.0005299110785324953
      140.88386341986254                       0.    0.0009259928086311923
      140.88386341951875                       0.    0.0016117790757383178
       140.8838634191825                       0.    0.0027991673982353067
      140.88386341887139                       0.     0.004855042754408199
       140.8838634186438                       0.     0.008414639566132812
       140.8838634186909                       0.     0.014577819742747376
      140.88386341963488                       0.     0.025248913956618782
      140.88386342348707                       0.      0.04372513252918279
      140.88386343671743                       0.      0.07571535740568296
      140.88386348004417                       0.      0.13110410995145477
      140.88386361955193                       0.       0.2270057363753412
      140.88386406532166                       0.       0.3930525644715295
       140.8838654834196                       0.       0.6805510945021869
      140.88386998100555                       0.       1.1783354836397035
      140.88388421336262                       0.        2.040217501217608
      140.88392918045432                       0.        3.532516260019317
      140.88407115449098                       0.        6.116359722264787
      140.88451942867985                       0.       10.590204288782887
      140.88593801386102                       0.       18.336660839672465
      140.89045363543656                       0.       31.750053557029105
      140.90499300832747                       0.        54.97732803282404
       140.9528046636205                       0.        95.20288163107278
       141.1162590456866                       0.       164.87993758246697
       142.2157732791742                       0.        285.8015908962859
       179.2615234446023                       0.        498.9927246988249
      214.88217280783482                       0.     8.490858731368342E-6
      214.88217280773554                       0.    2.3191788430783133E-5
      214.88217280756976                       0.     4.864473084307581E-5
      214.88217280733747                       0.     9.271352809570016E-5
      214.88217280703861                       0.   0.00016901350547169242
      214.88217280667325                       0.     0.000301118010894593
      214.88217280624139                       0.    0.0005298415481062688
       214.8821728057432                       0.    0.0009258496738707158
       214.8821728052142                       0.    0.0016114915677554402
      214.88217280468848                       0.    0.0027986005881822625
       214.8821728041735                       0.     0.004853941544351353
       214.8821728036942                       0.     0.008412525055726155
      214.88217280333245                       0.     0.014573798246565052
      214.88217280335425                       0.     0.025241326281346888
      214.88217280461976                       0.     0.043710911874837416
      214.88217280989545                       0.      0.07568885695457682
      214.88217282804047                       0.      0.13105496711426617
      214.88217288731198                       0.      0.22691499186393385
      214.88217307753624                       0.      0.39288560847493864
      214.88217368350158                       0.       0.6802448456687656
      214.88217560613697                       0.       1.1777751168025574
       214.8821816908605                       0.        2.039194119267894
      214.88220091571105                       0.       3.5306496494174673
      214.88226161210363                       0.        6.112956086301888
      214.88245324236917                       0.       10.583990670610103
      214.88305955915587                       0.       18.325277403379385
       214.8849887260284                       0.        31.72904524362619
        214.891192837993                       0.        54.93802302086403
      214.91152601055998                       0.        95.12754262343384
      214.98034353475262                       0.       164.72930306116055
      215.22619796833882                       0.       285.29482703007966
       217.1267687723514                       0.        494.5511518702294
       328.0201985383154                       0.     8.490785197601901E-6
       328.0201985381636                       0.    2.3191350738711483E-5
      328.02019853791006                       0.     4.864325243133362E-5
      328.02019853755473                       0.     9.270953727717553E-5
       328.0201985370977                       0.   0.00016900393405639102
        328.020198536539                       0.   0.00030109664575982955
       328.0201985358786                       0.    0.0005297960714952136
       328.0201985351165                       0.    0.0009257560560952479
       328.0201985343052                       0.    0.0016113035221842844
       328.0201985334969                       0.     0.002798229864144985
       328.0201985326926                       0.     0.004853221294179412
      328.02019853190365                       0.      0.00841114205302431
       328.0201985311651                       0.     0.014571167973350209
       328.0201985305906                       0.     0.025236363536606944
      328.02019853054804                       0.     0.043701610807650455
       328.0201985322205                       0.      0.07567152424472644
       328.0201985393965                       0.       0.1310228250752927
        328.020198564161                       0.      0.22685564011039544
       328.0201986449282                       0.       0.3927764103495504
      328.02019890348527                       0.        0.680044542637813
      328.02019972510175                       0.        1.177408607286454
      328.02020232655605                       0.       2.0385247745573256
       328.0202105470149                       0.       3.5294287958753663
       328.0202365010926                       0.        6.110729978443818
      328.02031844098855                       0.       10.579926908559765
       328.0205776782612                       0.        18.31783347195209
      328.02140235737215                       0.        31.71531224263349
       328.0240531729491                       0.        54.91235545587837
      328.03272916268344                       0.        95.07848463039635
      328.06198160788307                       0.       164.63204417661905
       328.1653057588116                       0.       285.09045432820716
      328.55701472046024                       0.        493.7626821612568
       501.0000000000185                       0.     8.490737139582264E-6
       501.0000000000185                       0.    2.3191064701183988E-5
       501.0000000000185                       0.     4.864228632882729E-5
       501.0000000000185                       0.     9.270692955338948E-5
       501.0000000000185                       0.   0.00016899768022689637
       501.0000000000185                       0.   0.00030108268707965564
       501.0000000000185                       0.    0.0005297663620645176
       501.0000000000185                       0.    0.0009256949012549024
       501.0000000000185                       0.    0.0016111806847214662
       501.0000000000185                       0.     0.002797987681386847
       501.0000000000185                       0.     0.004852750740320251
       501.0000000000185                       0.      0.00841023843912407
       501.0000000000185                       0.      0.01456944930551968
       501.0000000000185                       0.     0.025233120583748235
       501.0000000000185                       0.      0.04369553260066059
       501.0000000000185                       0.      0.07566019685363494
       501.0000000000185                       0.      0.13100181852679832
       501.0000000000185                       0.      0.22681684918189815
       501.0000000000185                       0.       0.3927050388349991
       501.0000000000185                       0.       0.6799136219910974
       501.0000000000185                       0.       1.1771690475530459
       501.0000000000185                       0.       2.0380872719965932
       501.0000000000185                       0.       3.5286308345223962
       501.0000000000185                       0.        6.109275154889997
       501.0000000000185                       0.       10.577272135342312
       501.0000000000185                       0.        18.31297568002257
       501.0000000000185                       0.       31.706375204058357
       501.0000000000185                       0.       54.895756985214504
       501.0000000000185                       0.        95.04713372858485
       501.0000000000185                       0.       164.57113919460363
       501.0000000000185                       0.       284.96713144944476
       501.0000000000185                       0.       493.49850840708314
       501.0000000000185                      -1.                       0.
       501.0000000000185                      -1.    -8.490737139582264E-6
       501.0000000000185                      -1.   -2.3191064701183988E-5
       501.0000000000185                      -1.    -4.864228632882729E-5
       501.0000000000185                      -1.    -9.270692955338948E-5
       501.0000000000185                      -1.  -0.00016899768022689637
       501.0000000000185                      -1.  -0.00030108268707965564
       501.0000000000185                      -1.   -0.0005297663620645176
       501.0000000000185                      -1.   -0.0009256949012549024
       501.0000000000185                      -1.   -0.0016111806847214662
       501.0000000000185                      -1.    -0.002797987681386847
       501.0000000000185                      -1.    -0.004852750740320251
       501.0000000000185                      -1.     -0.00841023843912407
       501.0000000000185                      -1.     -0.01456944930551968
       501.0000000000185                      -1.    -0.025233120583748235
       501.0000000000185                      -1.     -0.04369553260066059
       501.0000000000185                      -1.     -0.07566019685363494
       501.0000000000185                      -1.     -0.13100181852679832
       501.0000000000185                      -1.     -0.22681684918189815
       501.0000000000185                      -1.      -0.3927050388349991
       501.0000000000185                      -1.      -0.6799136219910974
       501.0000000000185                      -1.      -1.1771690475530459
       501.0000000000185                      -1.      -2.0380872719965932
       501.0000000000185                      -1.      -3.5286308345223962
       501.0000000000185                      -1.       -6.109275154889997
       501.0000000000185                      -1.      -10.577272135342312
       501.0000000000185                      -1.       -18.31297568002257
       501.0000000000185                      -1.      -31.706375204058357
       501.0000000000185                      -1.      -54.895756985214504
       501.0000000000185                      -1.       -95.04713372858485
       501.0000000000185                      -1.      -164.57113919460363
       501.0000000000185                      -1.      -284.96713144944476
       501.0000000000185                      -1.      -493.49850840708314
      328.02019853836543                      -1.                       0.
       328.0201985383154                      -1.    -8.490785197601901E-6
       328.0201985381636                      -1.   -2.3191350738711483E-5
      328.02019853791006                      -1.    -4.864325243133362E-5
      328.02019853755473                      -1.    -9.270953727717553E-5
       328.0201985370977                      -1.  -0.00016900393405639102
        328.020198536539                      -1.  -0.00030109664575982955
       328.0201985358786                      -1.   -0.0005297960714952136
       328.0201985351165                      -1.   -0.0009257560560952479
       328.0201985343052                      -1.   -0.0016113035221842844
       328.0201985334969                      -1.    -0.002798229864144985
       328.0201985326926                      -1.    -0.004853221294179412
      328.02019853190365                      -1.     -0.00841114205302431
       328.0201985311651                      -1.    -0.014571167973350209
       328.0201985305906                      -1.    -0.025236363536606944
      328.02019853054804                      -1.    -0.043701610807650455
       328.0201985322205                      -1.     -0.07567152424472644
       328.0201985393965                      -1.      -0.1310228250752927
        328.020198564161                      -1.     -0.22685564011039544
       328.0201986449282                      -1.      -0.3927764103495504
      328.02019890348527                      -1.       -0.680044542637813
      328.02019972510175                      -1.       -1.177408607286454
      328.02020232655605                      -1.      -2.0385247745573256
       328.0202105470149                      -1.      -3.5294287958753663
       328.0202365010926                      -1.       -6.110729978443818
      328.02031844098855                      -1.      -10.579926908559765
       328.0205776782612                      -1.       -18.31783347195209
      328.02140235737215                      -1.       -31.71531224263349
       328.0240531729491                      -1.       -54.91235545587837
      328.03272916268344                      -1.       -95.07848463039635
      328.06198160788307                      -1.      -164.63204417661905
       328.1653057588116                      -1.      -285.09045432820716
      328.55701472046024                      -1.       -493.7626821612568
      214.88217280786756                      -1.                       0.
      214.88217280783482                      -1.    -8.490858731368342E-6
      214.88217280773554                      -1.   -2.3191788430783133E-5
      214.88217280756976                      -1.    -4.864473084307581E-5
      214.88217280733747                      -1.    -9.271352809570016E-5
      214.88217280703861                      -1.  -0.00016901350547169242
      214.88217280667325                      -1.    -0.000301118010894593
      214.88217280624139                      -1.   -0.0005298415481062688
       214.8821728057432                      -1.   -0.0009258496738707158
       214.8821728052142                      -1.   -0.0016114915677554402
      214.88217280468848                      -1.   -0.0027986005881822625
       214.8821728041735                      -1.    -0.004853941544351353
       214.8821728036942                      -1.    -0.008412525055726155
      214.88217280333245                      -1.    -0.014573798246565052
      214.88217280335425                      -1.    -0.025241326281346888
      214.88217280461976                      -1.    -0.043710911874837416
      214.88217280989545                      -1.     -0.07568885695457682
      214.88217282804047                      -1.     -0.13105496711426617
      214.88217288731198                      -1.     -0.22691499186393385
      214.88217307753624                      -1.     -0.39288560847493864
      214.88217368350158                      -1.      -0.6802448456687656
      214.88217560613697                      -1.      -1.1777751168025574
       214.8821816908605                      -1.       -2.039194119267894
      214.88220091571105                      -1.      -3.5306496494174673
      214.88226161210363                      -1.       -6.112956086301888
      214.88245324236917                      -1.      -10.583990670610103
      214.88305955915587                      -1.      -18.325277403379385
       214.8849887260284                      -1.       -31.72904524362619
        214.891192837993                      -1.       -54.93802302086403
      214.91152601055998                      -1.       -95.12754262343384
      214.98034353475262                      -1.      -164.72930306116055
      215.22619796833882                      -1.      -285.29482703007966
       217.1267687723514                      -1.       -494.5511518702294
      140.88386342125128                      -1.                       0.
       140.8838634212299                      -1.    -8.490971159141746E-6
      140.88386342116496                      -1.   -2.3192457630083402E-5
       140.8838634210565                      -1.    -4.864699122695631E-5
      140.88386342090453                      -1.    -9.271962976657162E-5
      140.88386342070902                      -1.   -0.0001690281394685986
      140.88386342047005                      -1.  -0.00030115067662961646
      140.88386342018774                      -1.   -0.0005299110785324953
      140.88386341986254                      -1.   -0.0009259928086311923
      140.88386341951875                      -1.   -0.0016117790757383178
       140.8838634191825                      -1.   -0.0027991673982353067
      140.88386341887139                      -1.    -0.004855042754408199
       140.8838634186438                      -1.    -0.008414639566132812
       140.8838634186909                      -1.    -0.014577819742747376
      140.88386341963488                      -1.    -0.025248913956618782
      140.88386342348707                      -1.     -0.04372513252918279
      140.88386343671743                      -1.     -0.07571535740568296
      140.88386348004417                      -1.     -0.13110410995145477
      140.88386361955193                      -1.      -0.2270057363753412
      140.88386406532166                      -1.      -0.3930525644715295
       140.8838654834196                      -1.      -0.6805510945021869
      140.88386998100555                      -1.      -1.1783354836397035
      140.88388421336262                      -1.       -2.040217501217608
      140.88392918045432                      -1.       -3.532516260019317
      140.88407115449098                      -1.       -6.116359722264787
      140.88451942867985                      -1.      -10.590204288782887
      140.88593801386102                      -1.      -18.336660839672465
      140.89045363543656                      -1.      -31.750053557029105
      140.90499300832747                      -1.       -54.97732803282404
       140.9528046636205                      -1.       -95.20288163107278
       141.1162590456866                      -1.      -164.87993758246697
       142.2157732791742                      -1.       -285.8015908962859
       179.2615234446023                      -1.       -498.9927246988249
       92.48501823439108                      -1.                       0.
       92.48501823437711                      -1.    -8.491143053019128E-6
       92.48501823433463                      -1.   -2.3193480787075526E-5
       92.48501823426369                      -1.    -4.865044718928512E-5
       92.48501823416429                      -1.    -9.272895877694743E-5
       92.48501823403643                      -1.  -0.00016905051378406967
       92.48501823388024                      -1.   -0.0003012006201594107
       92.48501823369601                      -1.    -0.000530017385490271
        92.4850182334848                      -1.   -0.0009262116512554084
       92.48501823326517                      -1.   -0.0016122186545048337
         92.485018233063                      -1.   -0.0028000340095254554
       92.48501823291966                      -1.    -0.004856726424383683
       92.48501823297161                      -1.    -0.008417872498544421
        92.4850182336661                      -1.    -0.014583968317525078
       92.48501823645813                      -1.     -0.02526051495950706
       92.48501824605249                      -1.    -0.043746874874041226
       92.48501827758282                      -1.     -0.07575587466572112
       92.48501837951207                      -1.     -0.13117924577229112
       92.48501870642903                      -1.      -0.2271444781347026
       92.48501974978636                      -1.        -0.39330782808834
        92.4850230678068                      -1.      -0.6810193269817902
       92.48503359028031                      -1.      -1.1791922454709154
       92.48506688829738                      -1.      -2.0417821872983506
       92.48517209792129                      -1.        -3.53537022444265
       92.48550430234872                      -1.       -6.121563923177788
        92.4865533950798                      -1.      -10.599706004238836
       92.48987463979482                      -1.      -18.354073401127057
       92.50045808984324                      -1.      -31.782216510835173
       92.53463728706683                      -1.      -55.037652212517514
       92.64804644324165                      -1.       -95.31936586084505
       93.36823655280863                      -1.      -165.24411050019364
      118.81891911081526                      -1.      -288.81594586245507
      171.70674824390585                      -1.      -500.78621930956916
       60.82958941664388                      -1.                       0.
       60.82958941663472                      -1.    -8.491405866238547E-6
       60.82958941660693                      -1.    -2.319504511959962E-5
       60.82958941656053                      -1.    -4.865573110398701E-5
       60.82958941649554                      -1.    -9.274322215437706E-5
       60.82958941641198                      -1.  -0.00016908472248289565
       60.82958941631008                      -1.  -0.00030127698017906195
       60.82958941619053                      -1.   -0.0005301799210863389
       60.82958941605582                      -1.   -0.0009265462456894535
       60.82958941592423                      -1.   -0.0016128907384241758
      60.829589415833595                      -1.    -0.002801358995072537
       60.82958941588055                      -1.   -0.0048593006331541485
       60.82958941638436                      -1.    -0.008422815416747382
      60.829589418391386                      -1.    -0.014593369040564137
      60.829589425305656                      -1.     -0.02527825204805656
       60.82958944813483                      -1.    -0.043780117336044075
       60.82958952228942                      -1.     -0.07581782260665212
       60.82958976117177                      -1.      -0.1312941229770022
      60.829590526537984                      -1.     -0.22735660421815115
       60.82959296851509                      -1.     -0.39369810777835257
       60.82960073397761                      -1.      -0.6817352215077724
      60.829625361425855                      -1.      -1.1805021783454734
      60.829703299069266                      -1.       -2.044174513769519
      60.829949577216645                      -1.       -3.539733922846879
      60.830727345666666                      -1.        -6.12952183721239
      60.833184459051445                      -1.      -10.614239170285003
       60.84097087287456                      -1.      -18.380726254963232
      60.865850782657674                      -1.       -31.83155326619505
       60.94685558678117                      -1.      -55.130782767482636
       61.47833077528123                      -1.       -95.60867403267227
       79.85230491627408                      -1.       -167.3040351757233
      114.44540819937585                      -1.       -289.9790181255819
      165.25002605092126                      -1.      -502.26263662882155
       40.12524885300777                      -1.                       0.
       40.12524885300177                      -1.    -8.491807688510273E-6
        40.1252488529836                      -1.    -2.319743687009809E-5
       40.12524885295326                      -1.     -4.86638098247369E-5
       40.12524885291079                      -1.    -9.276502981966044E-5
       40.12524885285629                      -1.  -0.00016913702509196985
       40.12524885279025                      -1.  -0.00030139372908778315
       40.12524885271429                      -1.   -0.0005304284261752056
       40.12524885263426                      -1.   -0.0009270578162104879
      40.125248852576505                      -1.   -0.0016139183057887721
      40.125248852614526                      -1.    -0.002803384801475008
       40.12524885297448                      -1.    -0.004863236410884435
      40.125248854403544                      -1.     -0.00843037277868958
       40.12524885935051                      -1.    -0.014607742061457627
       40.12524887578298                      -1.     -0.02530537076479122
      40.125248929467666                      -1.    -0.043830942640184334
       40.12524910330126                      -1.     -0.07591253650114413
       40.12524966278443                      -1.     -0.13146976188168685
       40.12525145494679                      -1.     -0.22768092969136383
       40.12525717298891                      -1.     -0.39429481778329706
      40.125275357466876                      -1.      -0.6828297764394026
       40.12533303320108                      -1.      -1.1825049942983763
       40.12551557972801                      -1.       -2.047832339052747
       40.12609252311213                      -1.       -3.546406429169114
       40.12791524631024                      -1.       -6.141692929077196
      40.133678905127695                      -1.      -10.636481015632794
       40.15198984382571                      -1.       -18.42159273091724
       40.21093921206302                      -1.      -31.907626300900613
       40.65771815976894                      -1.       -55.38385080576448
       54.21044101238572                      -1.       -97.01029058177251
       77.25707300392489                      -1.      -168.09322190925093
       110.4746142892756                      -1.       -290.9940262618323
       158.6981123014279                      -1.       -503.6790663130115
      26.583504697746115                      -1.                       0.
      26.583504697742196                      -1.    -8.492422045498888E-6
       26.58350469773032                      -1.   -2.3201093682418262E-5
       26.58350469771049                      -1.     -4.86761616003876E-5
      26.583504697682788                      -1.    -9.279837215161919E-5
      26.583504697647484                      -1.  -0.00016921699197202763
      26.583504697605672                      -1.   -0.0003015722296663563
      26.583504697561217                      -1.   -0.0005308083723573757
      26.583504697527747                      -1.   -0.0009278399702793087
      26.583504697556283                      -1.   -0.0016154893814512425
      26.583504697809055                      -1.    -0.002806482111924682
       26.58350469881535                      -1.    -0.004869253928392729
       26.58350470232487                      -1.    -0.008441927434709796
      26.583504714072326                      -1.    -0.014629717363703226
      26.583504752719136                      -1.    -0.025346833308137237
      26.583504878623703                      -1.    -0.043908650831572624
      26.583505285996864                      -1.     -0.07605734716464016
      26.583506596940826                      -1.     -0.13173830106995707
      26.583510796428637                      -1.     -0.22817680025018675
      26.583524196746502                      -1.      -0.3952071468833675
      26.583566818232974                      -1.      -0.6845032876709443
       26.58370202298676                      -1.      -1.1855672452599741
      26.584130047667983                      -1.       -2.053425392378882
        26.5854833594425                      -1.      -3.5566109978796705
      26.589762686127255                      -1.       -6.160317125090558
      26.603327272599085                      -1.      -10.670571767620842
      26.646729064325093                      -1.      -18.484541794137346
       27.08023557352592                      -1.        -32.1486838819525
       37.04079290168472                      -1.       -56.32465570903819
       52.59151358587506                      -1.       -97.58073237877507
       74.74253311768601                      -1.        -168.827155020353
      106.42421350008567                      -1.       -291.9777201749398
       152.0189764522433                      -1.       -505.0385582063423
       17.72648101216017                      -1.                       0.
      17.726481012157606                      -1.    -8.493361352590657E-6
      17.726481012149844                      -1.   -2.3206684682128936E-5
       17.72648101213691                      -1.    -4.869504656577352E-5
       17.72648101211899                      -1.    -9.284935014885088E-5
       17.72648101209673                      -1.   -0.0001693392555076215
      17.726481012072664                      -1.   -0.0003018451440507382
       17.72648101205582                      -1.   -0.0005313892823983121
      17.726481012078143                      -1.   -0.0009290358268860366
       17.72648101225205                      -1.   -0.0016178914417174686
       17.72648101295121                      -1.   -0.0028112176740257757
      17.726481015415825                      -1.    -0.004878454274415227
      17.726481023746505                      -1.    -0.008459593662294741
      17.726481051385825                      -1.    -0.014663316000713834
       17.72648114208664                      -1.     -0.02541022651917295
      17.726481437392575                      -1.     -0.04402746100806731
      17.726482392832022                      -1.     -0.07627875218710826
       17.72648546787227                      -1.     -0.13214887829577457
      17.726495320295196                      -1.      -0.2289349522702282
       17.72652676531368                      -1.      -0.3966020431077188
      17.726626803449225                      -1.      -0.6870620284904987
       17.72694423678014                      -1.      -1.1902495603354204
       17.72794959391096                      -1.      -2.0619787446640943
      17.731131186539866                      -1.       -3.572224065932677
      17.741215596275843                      -1.       -6.188853987664396
      17.773404413939932                      -1.      -10.723041789723181
       18.23737399961852                      -1.      -18.718270731013828
      25.408728347520547                      -1.       -32.76295363257675
       35.98665267295079                      -1.      -56.758399848739764
      50.959123071410595                      -1.       -98.13294224344403
       72.16875370849209                      -1.      -169.54384540449277
      102.28452121181843                      -1.      -292.92964185790896
       145.2061187379047                      -1.       -506.3382974196549
      11.933514635923471                      -1.                       0.
      11.933514635921796                      -1.    -8.494797484723922E-6
       11.93351463591673                      -1.    -2.321523291349218E-5
      11.933514635908365                      -1.    -4.872392030245025E-5
      11.933514635897081                      -1.    -9.292729179387357E-5
      11.933514635884443                      -1.  -0.00016952618754905076
      11.933514635876326                      -1.   -0.0003022624102680155
      11.933514635893989                      -1.   -0.0005322774515430559
       11.93351463601221                      -1.   -0.0009308642045432538
       11.93351463648999                      -1.   -0.0016215640169227358
       11.93351463819949                      -1.   -0.0028184580035922513
       11.93351464405017                      -1.   -0.0048925209334581615
      11.933514663665031                      -1.     -0.00848660403786429
      11.933514728600215                      -1.     -0.01471468587104402
       11.93351494159654                      -1.    -0.025507150129662728
       11.93351563513215                      -1.     -0.04420911315955959
       11.93351787955528                      -1.     -0.07661726459614626
      11.933525105244113                      -1.     -0.13277662241724913
      11.933548263569435                      -1.     -0.23009411965876897
      11.933622200409102                      -1.     -0.39873478378708727
      11.933857511186964                      -1.      -0.6909744145013192
      11.934604579821206                      -1.      -1.1974099210777558
      11.936972988106023                      -1.       -2.075064269595247
        11.9444861117737                      -1.      -3.5961407634366744
      11.968465762369576                      -1.       -6.232746634726598
       12.44241457910517                      -1.      -10.928605137134678
      17.479194703855924                      -1.       -19.10659263497286
       24.70664574456205                      -1.      -33.101415015433474
      34.907448107967866                      -1.       -57.18504189962475
        49.2845374284856                      -1.       -98.67497491335325
       69.53212248706997                      -1.      -170.24218915668473
       98.05103982237021                      -1.        -293.847806441303
        138.252858880081                      -1.      -507.57511744443434
       8.144605333262081                      -1.                       0.
       8.144605333260987                      -1.    -8.496993226161698E-6
       8.144605333257704                      -1.   -2.3228302536676035E-5
       8.144605333252441                      -1.    -4.876806614294505E-5
         8.1446053332461                      -1.    -9.304645889259747E-5
       8.144605333242351                      -1.  -0.00016981199302607496
       8.144605333254955                      -1.   -0.0003029003799246084
       8.144605333333772                      -1.   -0.0005336353974798083
       8.144605333654324                      -1.    -0.000933659660820423
        8.14460533482176                      -1.    -0.001627179116940821
       8.144605338882211                      -1.    -0.002829527940209119
       8.144605352674064                      -1.    -0.004914027830808554
       8.144605398825792                      -1.     -0.00852790093584818
       8.144605551576989                      -1.    -0.014793226666868454
        8.14460605275255                      -1.    -0.025655339302467908
       8.144607685290305                      -1.      -0.0444868462507594
       8.144612970907879                      -1.     -0.07713482645773156
       8.144629995426078                      -1.      -0.1337364034138418
       8.144684585739647                      -1.     -0.23186643601570664
       8.144858968494614                      -1.      -0.4019957805417971
       8.145414338980267                      -1.      -0.6969572492525278
       8.147179547757467                      -1.       -1.208363691807076
       8.152790043579882                      -1.      -2.0951056592532926
       8.170715395671646                      -1.      -3.6329077077056025
       8.575052717311092                      -1.       -6.392626292802611
      12.058333764917721                      -1.      -11.181037801884782
      17.007205162917792                      -1.      -19.373109781615227
      23.984555284477175                      -1.       -33.43594929674757
       33.79837045212981                      -1.        -57.6052697245634
       47.56563660543599                      -1.       -99.20589145494331
       66.82945451201198                      -1.      -170.92075983857706
       93.71893922384372                      -1.      -294.73001285038805
      131.15196081142403                      -1.      -508.74552976070476
       5.666456355445974                      -1.                       0.
       5.666456355445263                      -1.    -8.500350354903473E-6
       5.666456355443188                      -1.     -2.32482850386591E-5
      5.6664563554402285                      -1.    -4.883556191790533E-5
       5.666456355438529                      -1.     -9.32286567075673E-5
       5.666456355446657                      -1.   -0.0001702489687851427
       5.666456355496957                      -1.   -0.0003038757890660459
       5.666456355706615                      -1.   -0.0005357115979178155
       5.666456356488411                      -1.   -0.0009379337098767412
       5.666456359264661                      -1.   -0.0016357641959353422
       5.666456368852848                      -1.   -0.0028464530671719066
       5.666456401371191                      -1.    -0.004946910311130455
       5.666456510193885                      -1.    -0.008591040888974067
       5.666456870556723                      -1.    -0.014913309845966529
      5.6664580536733276                      -1.    -0.025881909887005144
       5.666461910240882                      -1.     -0.04491148068974032
       5.666474405362609                      -1.      -0.0779261453090196
       5.666514680267124                      -1.      -0.1352038643236181
       5.666643924377591                      -1.      -0.2345763256220446
       5.667057161197774                      -1.     -0.40698244540523354
       5.668375059032089                      -1.       -0.706109341688645
       5.672575927672303                      -1.      -1.2251384934349232
       5.686030808027314                      -1.       -2.125906484531609
       5.950643174013383                      -1.      -3.7464101534754937
        8.34770775669225                      -1.       -6.571538474609807
       11.73993059790354                      -1.      -11.391038494469184
       16.52066042194478                      -1.       -19.63696346478218
      23.241225240312684                      -1.       -33.76617417148054
       32.65797574963897                      -1.       -58.01835325901934
      45.800190147271636                      -1.       -99.72463096724836
       64.05731704238562                      -1.      -171.57797177326628
       89.28299090660157                      -1.      -295.57382214769785
      123.89556919312886                      -1.      -509.84568171135135
       4.045614612958946                      -1.                       0.
       4.045614612958493                      -1.    -8.505483160248844E-6
       4.045614612957303                      -1.   -2.3278836828858947E-5
       4.045614612956515                      -1.     -4.89387580420801E-5
        4.04561461296114                      -1.    -9.350722389713152E-5
       4.045614612991337                      -1.  -0.00017091707289569345
       4.045614613123238                      -1.  -0.00030536711860413787
       4.045614613633033                      -1.   -0.0005388859571786693
       4.045614615494556                      -1.   -0.0009444684196139305
       4.045614622065868                      -1.   -0.0016488901565326975
      4.0456146447366175                      -1.   -0.0028723303540705014
       4.045614721659282                      -1.    -0.004997185231389953
      4.0456149793088665                      -1.    -0.008687577295157277
       4.045615833367263                      -1.    -0.015096908379328873
       4.045618640273776                      -1.    -0.026228320393026878
       4.045627799516286                      -1.     -0.04556071925562279
       4.045657506881411                      -1.     -0.07913603426746939
       4.045753368310384                      -1.     -0.13744762165215843
       4.046061383806227                      -1.      -0.2387202220194171
      4.0470479558788455                      -1.     -0.41461056545195746
        4.05020492674273                      -1.      -0.7201245844004026
       4.060354857508818                      -1.      -1.2509174989647653
       4.160535602783281                      -1.      -2.1992961649121727
       5.803577065145975                      -1.       -3.881709324293858
       8.132953403648347                      -1.      -6.7360078503052785
      11.410962158008246                      -1.       -11.59908185532683
       16.01889681722911                      -1.      -19.897746716988642
       22.47566334359658                      -1.       -34.09151248803614
      31.484723986799256                      -1.      -58.423476048176674
      43.985802961939484                      -1.      -100.23000897559996
       61.21200441845145                      -1.       -172.2120582273502
       84.73752578460959                      -1.      -296.37652460429405
       116.4751394631507                      -1.      -510.87130696858134
      2.9854975749172787                      -1.                       0.
      2.9854975749170065                      -1.    -8.513330845797982E-6
      2.9854975749166237                      -1.   -2.3325548290977485E-5
       2.985497574918788                      -1.   -4.9096537400136136E-5
       2.985497574935321                      -1.    -9.393313284184557E-5
      2.9854975750137562                      -1.  -0.00017193855542258768
      2.9854975753339397                      -1.  -0.00030764725285471853
       2.985497576549475                      -1.   -0.0005437393213053114
      2.9854975809687705                      -1.   -0.0009544595149223596
       2.985497596564185                      -1.   -0.0016689587946199405
      2.9854976504219866                      -1.   -0.0029118948430217704
       2.985497833423093                      -1.    -0.005074051935044776
      2.9854984473172137                      -1.    -0.008835174504033502
       2.985500485427087                      -1.     -0.01537761761825329
      2.9855071942497933                      -1.    -0.026757959546189834
      2.9855291203135046                      -1.    -0.046553373897979373
      2.9856003511040963                      -1.     -0.08098596163642106
      2.9858306124330913                      -1.      -0.1408787211838494
       2.986572191467735                      -1.     -0.24505919250204963
       2.988957190874408                      -1.      -0.4262924222721531
      2.9966656711381483                      -1.      -0.7416660979186733
      3.0387607771663774                      -1.      -1.2993879887140947
        4.05463953653682                      -1.      -2.3090441850653125
      5.6586364639541165                      -1.       -4.010277803728456
       7.910443957589207                      -1.       -6.899027867426996
      11.070988031273991                      -1.      -11.804821324009952
      15.501234738179821                      -1.      -20.154994232928356
      21.686817169553336                      -1.       -34.41131858700492
      30.276970708573938                      -1.       -58.81972407105846
       42.11990127301393                      -1.      -100.72070011047295
       58.28951161871621                      -1.       -172.8210456445932
       80.07638705585163                      -1.       -297.1351011831418
      108.88135850833629                      -1.      -511.81766754153267
        2.29212443126798                      -1.                       0.
      2.2921244312678586                      -1.     -8.52532938545306E-6
      2.2921244312685345                      -1.   -2.3396966714545614E-5
       2.292124431276268                      -1.    -4.933777054748507E-5
      2.2921244313189906                      -1.    -9.458431659927374E-5
      2.2921244315093072                      -1.  -0.00017350032781176408
      2.2921244322743877                      -1.   -0.0003111334120647449
       2.292124435170592                      -1.   -0.0005511597616117177
      2.2921244457083287                      -1.   -0.0009697351722004624
      2.2921244829641583                      -1.   -0.0016996422820440666
      2.2921246119075214                      -1.    -0.002972386074201881
      2.2921250510415065                      -1.    -0.005191575584283285
      2.2921265275438367                      -1.    -0.009060840245753748
       2.292131440712038                      -1.    -0.015806803804349262
       2.292147650326894                      -1.     -0.02756775260415118
      2.2922007504881163                      -1.    -0.048071150782083516
      2.2923736868450817                      -1.     -0.08381484343658717
      2.2929344574485278                      -1.     -0.14612744982705517
      2.2947497326464674                      -1.      -0.2547677672644735
      2.3006582425208326                      -1.       -0.444254325620322
       2.346099778963094                      -1.      -0.7845974271221556
      2.9167733007744596                      -1.      -1.4022824007835994
      3.9562825419377665                      -1.       -2.410054633758407
       5.507927787152748                      -1.       -4.137720903417657
       7.679866931966735                      -1.       -7.060321698022036
      10.719554422008317                      -1.      -12.007865225159172
      14.966959162938531                      -1.      -20.408185911774403
       20.87357091560928                      -1.       -34.72486928428054
       29.03295974496972                      -1.      -59.206072271820474
       40.19971759396353                      -1.      -101.19521799006668
      55.285505252622144                      -1.      -173.40272354505183
       75.29287750182502                      -1.      -297.84617835890833
      101.10405463507638                      -1.       -512.6794856249552
      1.8386213753957539                      -1.                       0.
      1.8386213753958116                      -1.    -8.543674278728048E-6
      1.8386213753984384                      -1.    -2.350616028275479E-5
      1.8386213754184408                      -1.    -4.970659846071029E-5
      1.8386213755221663                      -1.    -9.557992913867527E-5
      1.8386213759781755                      -1.  -0.00017588816405253295
      1.8386213778091816                      -1.   -0.0003164634956164859
      1.8386213847551673                      -1.   -0.0005625050745435887
       1.838621410105629                      -1.    -0.000993090540636905
       1.838621500029301                      -1.    -0.001746555106417703
      1.8386218123061961                      -1.    -0.003064872805917651
      1.8386228793674193                      -1.    -0.005371260973274474
      1.8386264790214877                      -1.    -0.009405868550676419
       1.838638496398641                      -1.    -0.016463009534517566
      1.8386782750330164                      -1.    -0.028805936524232165
      1.8388090359169174                      -1.    -0.050392141424076664
      1.8392366680404766                      -1.     -0.08814252851553124
      1.8406323967831635                      -1.     -0.15416761275641108
      1.8452178392987069                      -1.     -0.26970519784015334
      1.8924764923182926                      -1.      -0.4803568151988667
      2.2646342754646014                      -1.      -0.8616321022104741
       2.813356182959625                      -1.       -1.494350947970606
      3.8534881531250234                      -1.      -2.5110591521568093
        5.35122730568112                      -1.       -4.263819218517567
       7.440898952477815                      -1.       -7.219581110806911
      10.356192857660789                      -1.      -12.207773725844852
      14.415318999466132                      -1.       -20.65673982365759
       20.03474235352672                      -1.       -35.03135356246492
      27.750815780351743                      -1.       -59.58136903127659
        38.2222747632479                      -1.      -101.65189182590395
       52.19529187543136                      -1.      -173.95460927775844
       70.37970067203014                      -1.       -298.5059749558692
       93.13209536896113                      -1.       -513.4508632040455
       1.542006163847452                      -1.                       0.
      1.5420061638478093                      -1.    -8.571722284480925E-6
      1.5420061638546905                      -1.   -2.3673109295947606E-5
       1.542006163903324                      -1.    -5.027050947825826E-5
      1.5420061641525806                      -1.    -9.710214820166574E-5
      1.5420061652493116                      -1.  -0.00017953899176789334
      1.5420061696705312                      -1.   -0.0003246128052620672
       1.542006186522782                      -1.   -0.0005798512324130895
       1.542006248330993                      -1.   -0.0010287992029989143
      1.5420064686504087                      -1.   -0.0018182814330738417
      1.5420072374223217                      -1.    -0.003206278516535542
       1.542009876680389                      -1.    -0.005645988370790353
      1.5420188210666883                      -1.     -0.00993340143743107
       1.542048818534815                      -1.    -0.017466361460758004
      1.5421485839739835                      -1.     -0.03069940855160827
      1.5424783478082122                      -1.     -0.05394309425707865
      1.5435658573458753                      -1.      -0.0947735243445795
      1.5471823161026186                      -1.     -0.16655024808114693
      1.5911332417968251                      -1.      -0.2994689649543466
      1.8333467508190209                      -1.      -0.5394944856733254
      2.1810380051907265                      -1.      -0.9346487487790703
       2.718846573126039                      -1.      -1.5824612390451533
      3.7457541690633525                      -1.      -2.6122621246761932
       5.188299385119678                      -1.       -4.388339814163308
       7.193206135796346                      -1.       -7.376463737870902
         9.9804168908491                      -1.      -12.404058557604227
       13.84552708142477                      -1.      -20.900004081421127
       19.16908006286702                      -1.       -35.32986079852812
      26.428536912187106                      -1.      -59.944318253829145
        36.1843691610217                      -1.      -102.08883918096309
       49.01378357992117                      -1.      -174.47390665664142
       65.32889542249357                      -1.      -299.11023940400275
       84.95327147983168                      -1.       -514.1251868539134
      1.3480039788949607                      -1.                       0.
      1.3480039788959488                      -1.    -8.614605642531888E-6
       1.348003978912726                      -1.   -2.3928362178188683E-5
      1.3480039790298548                      -1.   -5.1132688354664784E-5
      1.3480039796321988                      -1.    -9.942951029031575E-5
       1.348003982299964                      -1.  -0.00018512084150458456
      1.3480039931319172                      -1.   -0.0003370725066392207
      1.3480040347162525                      -1.   -0.0006063722480301448
      1.3480041882990386                      -1.   -0.0010833951737041385
      1.3480047394543158                      -1.   -0.0019279459511961075
      1.3480066751881976                      -1.   -0.0034224788317600468
      1.3480133627927988                      -1.    -0.006066035032002453
      1.3480361676485044                      -1.    -0.010740015645195444
      1.3481131339534593                      -1.    -0.019000762195597324
      1.3483709589487345                      -1.     -0.03359658073262558
      1.3492323824396228                      -1.     -0.05938599550404595
      1.3521425595081906                      -1.     -0.10500077937950822
      1.3897208624488666                      -1.      -0.1910019149228001
       1.546347085923572                      -1.     -0.34525417283291937
      1.7696226416172256                      -1.      -0.5963846316175011
      2.0918236362260854                      -1.       -1.005132361618235
       2.635519378773573                      -1.       -1.665571913511333
       3.632736383244661                      -1.      -2.7135930783242235
      5.0188881294799605                      -1.       -4.511046389794423
       6.936444716148338                      -1.       -7.530589654646253
       9.591716602763894                      -1.      -12.596184722057037
      13.256761096660593                      -1.      -21.137247443523748
      18.275261135226796                      -1.       -35.61936731726492
       25.06398740844482                      -1.       -60.29345869882375
      34.082553317574096                      -1.      -102.50393421393017
       45.73546092683693                      -1.      -174.95745732278434
       60.13176335034881                      -1.      -299.65417547211854
       76.55416552994157                      -1.       -514.6950145815813
       1.221116191954162                      -1.                       0.
      1.2211161919565925                      -1.    -8.680171173784573E-6
      1.2211161919970035                      -1.    -2.431862524508237E-5
      1.2211161922809655                      -1.    -5.245089706589419E-5
      1.2211161937563413                      -1.  -0.00010298787744722485
      1.2211162003605052                      -1.  -0.00019365508349279432
      1.2211162274524665                      -1.  -0.00035612248501130857
      1.2211163324831846                      -1.   -0.0006469209689962709
       1.221116724015423                      -1.   -0.0011668685858456677
       1.221118141555804                      -1.    -0.002095616085728803
      1.2211231622768628                      -1.   -0.0037530407797473045
      1.2211406495373989                      -1.    -0.006708305488726841
       1.221200769421977                      -1.    -0.011973595984836174
      1.2214055455309016                      -1.    -0.021348854872044933
      1.2221009755377819                      -1.      -0.0380397241644586
      1.2244993502034731                      -1.     -0.06779882058195957
      1.2547585933696406                      -1.     -0.12500493564518908
      1.3549280349639765                      -1.      -0.2262431971058292
      1.4971162955376758                      -1.     -0.38906108469236456
       1.700845411167441                      -1.      -0.6507349568350665
       1.997247951905726                      -1.      -1.0724747744156888
       2.555146181238742                      -1.       -1.745286243145211
      3.5142023183055158                      -1.      -2.8146510011128925
       4.842701225744922                      -1.       -4.631718508791989
       6.670261693198316                      -1.       -7.681537848658783
       9.189553799676215                      -1.      -12.783570337763773
      12.648165582073188                      -1.      -21.367648621899495
      17.351889621929878                      -1.      -35.898721027342454
      23.654890956166565                      -1.       -60.62714013578162
      31.913118246916696                      -1.      -102.89477063565845
       42.35433343913382                      -1.      -175.40168345854673
      54.778788816392975                      -1.       -300.1323541259305
       67.92000321537031                      -1.       -515.1519408284636
      1.1381248046217125                      -1.                       0.
      1.1381248046275516                      -1.    -8.780416095918602E-6
      1.1381248047254429                      -1.     -2.49153090518521E-5
      1.1381248054241535                      -1.    -5.446634218998948E-5
      1.1381248091116907                      -1.  -0.00010842836181249252
      1.1381248258622512                      -1.   -0.0002067033194313501
      1.1381248955194878                      -1.   -0.0003852485282169558
      1.1381251689962182                      -1.   -0.0007089171239020443
      1.1381262004669357                      -1.   -0.0012944942336643257
      1.1381299759183132                      -1.    -0.002351977948958011
      1.1381434868097704                      -1.    -0.004258491107684982
      1.1381910263765345                      -1.    -0.007690598008775711
      1.1383563317015364                      -1.    -0.013861705995525341
      1.1389292020713473                      -1.     -0.02495261553054657
       1.140959457134216                      -1.     -0.04492925086375936
      1.1641844447301835                      -1.     -0.08403511162095019
      1.2270618116640675                      -1.     -0.15182541848019504
       1.316203794514807                      -1.     -0.25950529773250963
       1.443460477565388                      -1.     -0.43031191688497905
      1.6272246622762867                      -1.      -0.7019117224680803
      1.8979363988253415                      -1.      -1.1360859131275365
       2.472541366876898                      -1.      -1.8228808329196977
       3.390008611472787                      -1.      -2.9147875124934663
       4.659384631743974                      -1.       -4.750178266426694
       6.394295043083798                      -1.       -7.828843059668983
       8.773361039622399                      -1.      -12.965580994377522
      12.018854731840834                      -1.       -21.59028456883007
      16.397496113660694                      -1.      -36.166623861459996
      22.198824805447924                      -1.       -60.94349585096332
      29.672076006755102                      -1.      -103.25861848618842
       38.86389812512362                      -1.       -175.8025202291286
       49.25955151282392                      -1.       -300.5386086686653
       59.03448587035162                      -1.       -515.4864348532294
       1.083844006308334                      -1.                       0.
       1.083844006322364                      -1.     -8.93368328102768E-6
       1.083844006562898                      -1.     -2.58275951381561E-5
      1.0838440083200902                      -1.    -5.754781105450252E-5
      1.0838440177918844                      -1.  -0.00011674646696212872
      1.0838440616377933                      -1.  -0.00022665313055474402
      1.0838442470799727                      -1.   -0.0004297802088050561
      1.0838449862859139                      -1.   -0.0008037054237039545
      1.0838478130153462                      -1.   -0.0014896300281753106
      1.0838582915927273                      -1.   -0.0027439773367053367
       1.083896251789376                      -1.    -0.005031579021227288
      1.0840316538185264                      -1.    -0.009194477099573016
      1.0845127769022422                      -1.    -0.016762541799021553
      1.0862817057651692                      -1.    -0.030567911969962072
      1.1032906633615984                      -1.     -0.05793614772750335
      1.1415525674294802                      -1.     -0.10410415120253834
      1.1959661944627231                      -1.      -0.1766016661970886
      1.2736852441475928                      -1.       -0.290173046678246
       1.385623570526836                      -1.      -0.4683665887391336
      1.5491514506374675                      -1.       -0.749279401288616
      1.7971265628501751                      -1.      -1.1957660272582646
      2.3862790986135467                      -1.      -1.8985079378788214
      3.2600671254235025                      -1.      -3.0132710166751617
       4.468495032463473                      -1.      -4.8663104399848995
       6.108172323021734                      -1.       -7.971993989819456
       8.342545708614855                      -1.       -13.14151789475613
      11.367915244003848                      -1.      -21.804118341579578
       15.41053897471515                      -1.       -36.42161171857009
      20.693215364594508                      -1.      -61.240410980155694
       27.35514321205239                      -1.      -103.59237371589613
       35.25709684050327                      -1.       -176.1553360461037
       43.56263196799247                      -1.      -300.86590974455015
       49.87960281658688                      -1.       -515.6876466183822
      1.0483414661021444                      -1.                       0.
      1.0483414661361818                      -1.    -9.168017644733886E-6
      1.0483414667399142                      -1.    -2.722241413502918E-5
      1.0483414712897057                      -1.    -6.225915283884512E-5
      1.0483414964744904                      -1.  -0.00012946424859898198
      1.0483416157293086                      -1.   -0.0002571549920115759
      1.0483421300395295                      -1.   -0.0004978664198011433
      1.0483442152983349                      -1.   -0.0009486342975731501
      1.0483523107432116                      -1.   -0.0017880143744171662
      1.0483827499984477                      -1.    -0.003343588699434719
      1.0484947929910786                      -1.    -0.006215570325425269
      1.0489053921416542                      -1.    -0.011508361320472286
      1.0504955994121372                      -1.    -0.021317880434751062
       1.062208193243975                      -1.     -0.04075023499942033
      1.0842998103950563                      -1.      -0.0725371272999106
       1.116049334385061                      -1.     -0.12201980394103921
      1.1617067429526262                      -1.      -0.1987197378417307
      1.2276894925011965                      -1.     -0.31761917791543826
       1.324031234743744                      -1.      -0.5025983412816851
      1.4672170464878498                      -1.      -0.7922453984829275
      1.7104256212186204                      -1.       -1.252485501472801
      2.2960706661340193                      -1.       -1.971944684436598
       3.124312510913169                      -1.      -3.1094099782572875
       4.269491347554046                      -1.       -4.980045877312565
      5.8115051534674835                      -1.        -8.11043477039342
      7.8964977882093885                      -1.      -13.310602319917091
      10.694408145935082                      -1.      -22.007987197331442
      14.389407852071999                      -1.      -36.662031625486165
      19.135336007963136                      -1.       -61.51548609347041
       24.95772653116897                      -1.       -103.8924994284949
      31.526273784541072                      -1.      -176.45483844106408
       37.67551105809769                      -1.      -301.10621611906515
       40.43542289367101                      -1.       -515.7431729802975
      1.0251209092891207                      -1.                       0.
      1.0251209093730433                      -1.    -9.526297821050363E-6
      1.0251209109322745                      -1.   -2.9354990869280093E-5
      1.0251209231478102                      -1.    -6.946245318352914E-5
       1.025120992896959                      -1.  -0.00014890883967581578
      1.0251213315746868                      -1.   -0.0003037904601755321
        1.02512282280139                      -1.   -0.0006019686899890909
      1.0251289764905835                      -1.    -0.001170250286639645
      1.0251532540366741                      -1.   -0.0022444712327010855
      1.0252462201782044                      -1.    -0.004262293866316147
      1.0256002096376176                      -1.    -0.008040909155390609
      1.0270933026314781                      -1.    -0.015194574501848863
      1.0342748045311019                      -1.     -0.02891861457253254
      1.0458941119964837                      -1.    -0.050827967251529216
      1.0629947833510616                      -1.     -0.08483645058499864
      1.0880353181132323                      -1.     -0.13719213033100633
      1.1247055037906346                      -1.      -0.2175896946233455
       1.178719357954078                      -1.      -0.3412587017306764
       1.259295650524066                      -1.      -0.5324446392276126
      1.3822160051710122                      -1.      -0.8303142531958233
       1.642360576997396                      -1.      -1.3053779374617431
      2.2018537609818294                      -1.       -2.042886680208796
       2.982686165662103                      -1.       -3.202588318897727
       4.061775705277427                      -1.      -5.0912755977952155
       5.503875249700527                      -1.       -8.243572387222995
       7.434598480783713                      -1.      -13.471960215517173
       9.997368972384809                      -1.       -22.20059106900239
      13.332430036453587                      -1.      -36.886015939771326
       17.52230812950714                      -1.       -61.76599542150371
      22.474911593922798                      -1.      -104.15495752698531
       27.66313509624959                      -1.       -176.6949630189949
       31.58446561684529                      -1.      -301.25029640225495
      30.679865691480508                      -1.       -515.6387754124966
      1.0099334253633117                      -1.                       0.
      1.0099334255750059                      -1.   -1.0074082121489932E-5
      1.0099334297484652                      -1.   -3.2615545813247117E-5
      1.0099334639500386                      -1.    -8.047578667618874E-5
      1.0099336658735776                      -1.  -0.00017863839537411277
        1.00993467176156                      -1.  -0.00037509502874383916
      1.0099391923028735                      -1.   -0.0007611572806603401
       1.009958183828127                      -1.   -0.0015093013814932474
      1.0100346692356517                      -1.   -0.0029441949139818193
      1.0103403669757207                      -1.    -0.005682408128937689
      1.0117646518101966                      -1.    -0.011000624976968701
       1.014977567722289                      -1.    -0.020278046810213134
      1.0200541402755994                      -1.     -0.03516137288543979
      1.0279062131726817                      -1.    -0.058448270720469805
      1.0398932704573238                      -1.     -0.09431007739454711
      1.0580625060003492                      -1.     -0.14910819992283705
       1.085565944140696                      -1.     -0.23270878887374002
       1.127451619406133                      -1.     -0.36060747910257696
      1.1921966831712285                      -1.      -0.5574620916224489
      1.2951311547399935                      -1.       -0.863147024985281
      1.5769451050339407                      -1.        -1.35522543244897
      2.1036154652930468                      -1.       -2.111003913300277
         2.8351366082666                      -1.      -3.2922437472043984
      3.8447961729135054                      -1.       -5.199699740640284
       5.184806876824608                      -1.       -8.370792019242264
       6.956226855841912                      -1.       -13.62460973139816
        9.27580698518119                      -1.      -22.380480562059883
      12.237879957744191                      -1.       -37.09145362750574
      15.851106804422633                      -1.       -61.98883910776863
      19.901457267628725                      -1.      -104.37512941316416
      23.658713427018863                      -1.      -176.86874265506353
      25.274463727986724                      -1.      -301.28751607918633
      20.588454991519654                      -1.       -515.3580386783701
                      1.                      -1.                       0.
      1.0000007690312351                      -1.   -1.0895586146710226E-5
      1.0000026613699937                      -1.    -3.769397856945735E-5
       1.000006970362447                      -1.    -9.862118983726862E-5
      1.0000164788343453                      -1.  -0.00023245333861708647
      1.0000366813249268                      -1.   -0.0005126628753871598
      1.0000767116212261                      -1.   -0.0010487376144618491
      1.0001592037011389                      -1.    -0.002089579262738239
      1.0003272054131722                      -1.    -0.004021673533601722
        1.00066721781788                      -1.     -0.00748003891452313
      1.0013382586055908                      -1.    -0.013420115371732667
      1.0026099502542798                      -1.     -0.02322413209801132
      1.0049132121826128                      -1.     -0.03887200378214575
      1.0089204376519674                      -1.     -0.06323802355430952
      1.0156797294517346                      -1.     -0.10058832019620882
      1.0268378068498412                      -1.     -0.15740276019412378
       1.045036063231817                      -1.     -0.24372364558945941
      1.0746957717733405                      -1.     -0.37533693327451956
       1.123638129171528                      -1.      -0.5773758967049425
      1.2071844588851275                      -1.      -0.8906553403910025
      1.5094855206525717                      -1.      -1.4025328648291924
      2.0013690505008865                      -1.       -2.175949364689876
      2.6816283165265054                      -1.      -3.3778326300693764
      3.6181726912782413                      -1.       -5.304684837753938
       4.853724570202229                      -1.       -8.491477222802823
       6.460761945068879                      -1.      -13.767452929273848
        8.52870577367063                      -1.       -22.54604265329589
      11.103991546919627                      -1.      -37.275958916400256
      14.118572752750458                      -1.      -62.180488933481236
      17.231797937730793                      -1.      -104.54772435437629
      19.503341581115382                      -1.      -176.96815384723226
      18.729065415229872                      -1.       -301.2055834118909
      10.134060088109074                      -1.       -514.8819578593581
      0.9908665564007436                      -1.   -0.0012884187509498576
      0.9908679890198739                      -1.   -0.0012986341119119514
      0.9908712821852146                      -1.   -0.0013221407061233495
      0.9908783725418875                      -1.   -0.0013729224548814953
       0.990892962894941                      -1.    -0.001478321271667632
      0.9909218426498714                      -1.   -0.0016911305130860542
      0.9909765401046742                      -1.   -0.0021123357942206245
      0.9910732972183217                      -1.    -0.002933949104496636
      0.9912213311492383                      -1.    -0.004520842166486788
      0.9913539260018314                      -1.     -0.00757582268398795
      0.9909373342203006                      -1.    -0.013547779686612738
      0.9901836322438315                      -1.    -0.023728586852296455
       0.989626756791241                      -1.    -0.039917266324416646
      0.9896949175170254                      -1.     -0.06505843686148549
      0.9911200754325123                      -1.      -0.1035183942715296
      0.9951508787058527                      -1.      -0.1619123278571621
      1.0039411746717755                      -1.      -0.2504755772095671
      1.0213280897717298                      -1.     -0.38531181183117486
      1.0545842585737846                      -1.      -0.5921136531688269
      1.1228687836854687                      -1.      -0.9144570138816853
      1.4395154069286735                      -1.      -1.4471542488523432
      1.8951532973007563                      -1.       -2.237361611985472
      2.5221521232516437                      -1.       -3.458803838232625
      3.3817696140879154                      -1.       -5.405233604702393
       4.509908722585631                      -1.        -8.60502054407126
       5.947576678867601                      -1.      -13.899272177132882
      7.7550283614466595                      -1.      -22.695482183843144
       9.928972636260834                      -1.       -37.43683778599231
      12.321432502095496                      -1.      -62.336927131091755
      14.460057273472815                      -1.       -104.6666741909002
      15.186640902952519                      -1.       -176.9839370077997
      11.930337402367172                      -1.       -300.9902470849463
      -0.713364495316228                      -1.       -514.1884390643733
      0.9787954009614613                      -1.   -0.0029688690269169195
      0.9787967525845344                      -1.   -0.0029786519154975178
      0.9787997015559327                      -1.   -0.0030000088734394364
      0.9788058525810934                      -1.   -0.0030446410699378383
      0.9788182697598947                      -1.    -0.003135181055305158
       0.978842648079555                      -1.   -0.0033149392234988672
      0.9788891187618477                      -1.   -0.0036661032913408074
      0.9789741833609293                      -1.   -0.0043436739253776245
      0.9791190807417902                      -1.    -0.005639002430950574
      0.9793275162546439                      -1.    -0.008100992116299903
      0.9794650516280323                      -1.    -0.012783745429973365
       0.978417388557019                      -1.    -0.021974252148357215
      0.9749230893987556                      -1.    -0.038427849865578366
      0.9709532154859076                      -1.     -0.06401402730516194
      0.9669572108686475                      -1.     -0.10318004496137205
      0.9637806299285377                      -1.     -0.16269479552170654
       0.963099930975383                      -1.      -0.2530158163465071
      0.9682144305084399                      -1.      -0.3906016259802496
      0.9859876161329137                      -1.      -0.6018163771936466
      1.0610674570927554                      -1.      -0.9409274823778466
       1.367070827136275                      -1.      -1.4888678491820528
       1.785034188187228                      -1.       -2.294867140782716
        2.35673408557853                      -1.       -3.534585277130026
       3.135671096776497                      -1.       -5.500097081420528
       4.152485315731957                      -1.       -8.710796182526442
       5.416017491551006                      -1.      -14.018731939824296
      6.9537286441500665                      -1.      -22.826798483150533
       8.711020504393748                      -1.       -37.57105259888309
      10.456328530809603                      -1.       -62.45357821234084
      11.580077919048133                      -1.      -104.72501327653643
       10.69753210507733                      -1.      -176.90538757185954
       4.858794611543192                      -1.       -300.6249380588068
     -11.987023219756557                      -1.       -513.2516972561274
      0.9629525296644144                      -1.    -0.005136716616016026
      0.9629538120972295                      -1.    -0.005146180748037026
      0.9629564899219177                      -1.    -0.005165949358795384
      0.9629619139743518                      -1.    -0.005206035708811551
      0.9629726485117123                      -1.    -0.005285591684327801
      0.9629934737596137                      -1.    -0.005440926677010708
      0.9630330653724386                      -1.    -0.005740387154569646
      0.9631064301508312                      -1.    -0.006311897693581637
      0.9632369676719167                      -1.    -0.007393948375020255
      0.9634515664558564                      -1.    -0.009430588314667847
      0.9637395610983812                      -1.    -0.013252674833810357
       0.963839999183668                      -1.     -0.02045540752752371
      0.9613156264199957                      -1.    -0.034765545196971746
      0.9532887588833856                      -1.     -0.06040737017868701
      0.9438216177673497                      -1.     -0.09985021835323933
      0.9334074771204549                      -1.      -0.1600058830057272
      0.9232442780761045                      -1.     -0.25158705398054243
      0.9161383826641639                      -1.     -0.39146385565472064
      0.9187219965749822                      -1.      -0.6068254004203582
      1.0117552587666967                      -1.      -0.9668080125914803
      1.2922457394319462                      -1.      -1.5274485345875692
      1.6711065452791456                      -1.      -2.3480828971420937
       2.185442384451264                      -1.      -3.6045794873134374
       2.880093774185197                      -1.       -5.587944760292125
      3.7805034827250865                      -1.       -8.808064942152749
       4.865362085968734                      -1.      -14.124385716542319
       6.123767083745116                      -1.      -22.937758647297148
       7.448338553134052                      -1.       -37.67518461726144
       8.519860588247244                      -1.      -62.525234156888466
       8.585472465558126                      -1.      -104.71474300200578
       6.024278671908986                      -1.      -176.72011526593732
      -2.506613719384542                      -1.       -300.0903482476107
     -23.723479790752553                      -1.       -512.0415333996611
      0.9423488832183526                      -1.    -0.007894101645277637
      0.9423501031351488                      -1.    -0.007903331677100405
      0.9423525606246342                      -1.    -0.007921929017912579
      0.9423574112737148                      -1.    -0.007958660498650646
      0.9423668310282862                      -1.    -0.008030108209060234
      0.9423848661846242                      -1.     -0.00816741565797046
      0.9424189128352243                      -1.    -0.008428730429998815
      0.9424821120801415                      -1.    -0.008922091141809904
      0.9425965719945011                      -1.    -0.009847472590269156
      0.9427951268162056                      -1.    -0.011574149179805591
      0.9431098853681545                      -1.     -0.01478429123078712
      0.9434971704870733                      -1.     -0.02074766296919031
      0.9434531724517997                      -1.    -0.031911185723800896
      0.9371027803906699                      -1.     -0.05466560541909717
      0.9221794636961742                      -1.     -0.09393598948744164
      0.9045570616090326                      -1.     -0.15424188940090502
      0.8849623727777054                      -1.     -0.24657810946656888
      0.8657482441386074                      -1.      -0.3883047676062893
      0.8535333742787641                      -1.      -0.6076507016141469
      0.9626115078971267                      -1.      -0.9904703893153545
       1.215153420842861                      -1.      -1.5626740804888621
      1.5534953318120248                      -1.      -2.3966190381931654
      2.0083927291041372                      -1.       -3.668164265219462
      2.6153068400986674                      -1.       -5.667485072506189
       3.393130420781678                      -1.       -8.895814706017354
       4.294754548237942                      -1.      -14.214682678919784
         5.2641226257793                      -1.      -23.025870919192744
       6.139155663716089                      -1.       -37.74539344420969
        6.50863840927859                      -1.       -62.54597371237256
       5.469701606517034                      -1.      -104.62668101486493
       1.154575697587391                      -1.      -176.41376990644164
     -10.188448925718136                      -1.      -299.36393975529217
     -35.962771612004346                      -1.       -510.5224733433718
      0.9158707555900711                      -1.    -0.011338941166108564
      0.9158719157072203                      -1.    -0.011348000268999318
      0.9158741868023788                      -1.    -0.011365736846352458
      0.9158785723280096                      -1.    -0.011399999585965673
      0.9158869451828587                      -1.    -0.011465477642624712
       0.915902770381621                      -1.     -0.01158951029362698
      0.9159323856280426                      -1.     -0.01182273999873953
      0.9159871800574227                      -1.    -0.012258596736989128
       0.916086985548902                      -1.    -0.013068873242667546
      0.9162642044303506                      -1.    -0.014568661389256641
      0.9165641664774573                      -1.    -0.017335229415244995
      0.9170206667534888                      -1.      -0.0224281570227031
       0.917517680979726                      -1.    -0.031813078040066764
      0.9170584036711565                      -1.    -0.049319622492547746
      0.9023212364695125                      -1.      -0.0859016208978999
      0.8775835103489339                      -1.     -0.14587154940217503
      0.8486741910725536                      -1.      -0.2384653945459044
      0.8175294765022187                      -1.     -0.38162849909136864
      0.7910233625712639                      -1.      -0.6049382573124269
       0.912399099258053                      -1.      -1.0117451407704579
      1.1359229392810335                      -1.      -1.5943267164237405
      1.4323565734477643                      -1.      -2.4400817725101707
      1.8257527343529827                      -1.       -3.724695768468969
       2.341599007133428                      -1.       -5.737500122115842
      2.9899083565480455                      -1.       -8.972605627730465
       3.703140474582175                      -1.      -14.287957840664918
       4.373786616521484                      -1.       -23.08836169367942
        4.78175041589761                      -1.      -37.777372153421176
       4.419345067322509                      -1.       -62.50907674148571
      2.2261851045141503                      -1.      -104.45029632624669
     -3.9243003971011268                      -1.      -175.96973389542984
      -18.21062689518116                      -1.      -298.41938102562364
      -48.74837843114609                      -1.        -508.652753663627
      0.8823591361528145                      -1.    -0.015546856240631905
      0.8823602361890716                      -1.    -0.015555791712118464
       0.882362342148934                      -1.    -0.015572899407811659
      0.8823663364811246                      -1.    -0.015605354745449216
      0.8823738522111758                      -1.    -0.015666458606287022
       0.882387892348964                      -1.     -0.01578076038881265
       0.882413936151242                      -1.    -0.015993400448780733
       0.882461867158138                      -1.    -0.016387108530822436
       0.882549172468921                      -1.    -0.017113077722571438
      0.8827056900525659                      -1.    -0.018446985078409306
       0.882978559431599                      -1.      -0.0208906981219876
      0.8834286237548065                      -1.    -0.025357723655131177
      0.8840800177244565                      -1.    -0.033516477498600566
      0.8846595484682941                      -1.     -0.04845950951198461
      0.8827872265757903                      -1.     -0.07655373220187332
      0.8526832619540642                      -1.     -0.13537700989806162
      0.8146371063354083                      -1.     -0.22775635841665695
      0.7718021636239376                      -1.       -0.371985568885315
       0.732073790219951                      -1.       -0.599892368990758
      0.8611199800249412                      -1.      -1.0305348036948476
      1.0546982488574297                      -1.       -1.622194145511941
       1.307877901798916                      -1.       -2.478076172019906
      1.6377455097890397                      -1.      -3.7735128441888452
       2.059287180744553                      -1.       -5.796825100070642
       2.570933297484826                      -1.       -9.036528896924816
      3.0892653881930463                      -1.       -14.34237890217786
       3.451722483903737                      -1.      -23.122156315404236
      3.3744793387682632                      -1.       -37.76629742039544
      2.2488096704429203                      -1.        -62.4069343445605
     -1.1515503334188104                      -1.      -104.17353275038043
      -9.225264210158082                      -1.        -175.368784304745
      -26.59812145821582                      -1.       -297.2259110190475
      -62.12696326362772                      -1.      -506.38314677607923
      0.8407569074465417                      -1.    -0.020545760450270373
      0.8407579448337156                      -1.    -0.020554607890160066
      0.8407598973464896                      -1.    -0.020571260785835026
      0.8407635483997128                      -1.    -0.020602404916290912
      0.8407703366803733                      -1.    -0.020660331228939437
      0.8407828920970317                      -1.      -0.0207675592913511
      0.8408059956875888                      -1.     -0.02096522660877956
      0.8408482725081559                      -1.     -0.02132828161367323
      0.8409250909912764                      -1.    -0.021992953157996455
      0.8410632372552073                      -1.     -0.02320635695037526
      0.8413074148177431                      -1.     -0.02541604162180825
      0.8417253696111312                      -1.    -0.029431848544214302
      0.8423946635942494                      -1.     -0.03672025243934105
      0.8432997012342347                      -1.     -0.04995071721931662
       0.843820349109921                      -1.      -0.0740885441250973
      0.8299160395533802                      -1.     -0.12321370192569069
      0.7829703590428093                      -1.      -0.2149455338492625
      0.7287376884706799                      -1.     -0.35992930017410035
      0.6842072528525891                      -1.      -0.5999992977947409
      0.8088685573894144                      -1.      -1.0467551231071215
      0.9716374416103668                      -1.       -1.646070234848742
      1.1802787505359331                      -1.       -2.510208840668666
       1.444652541768858                      -1.        -3.81394197965686
      1.7687433139187774                      -1.       -5.844314912247141
      2.1368437871602586                      -1.       -9.085328086444813
      2.4518304441772982                      -1.      -14.375828366515881
      2.4967864475104755                      -1.       -23.12385610017444
      1.9157998526762512                      -1.       -37.70677470873677
   -0.005912446601157008                      -1.      -62.230954849406395
       -4.66968517562617                      -1.      -103.78262422350554
     -14.761099376100578                      -1.      -174.58873103638513
     -35.376481342803615                      -1.      -295.74763997947605
      -76.14778014107341                      -1.       -503.6556309200755
      0.7903319730975867                      -1.    -0.026285083735330495
      0.7903329432503386                      -1.    -0.026293870195306258
      0.7903347462719235                      -1.    -0.026310200217891405
      0.7903380813616728                      -1.    -0.026340408953025262
      0.7903442243277006                      -1.    -0.026396063760615606
      0.7903554950788609                      -1.     -0.02649822942346318
      0.7903760952741763                      -1.    -0.026685174186220306
      0.7904135941169654                      -1.    -0.027026269317732353
      0.7904815157828466                      -1.     -0.02764702341844468
      0.7906036870509471                      -1.     -0.02877411669116038
      0.7908209969353674                      -1.    -0.030816347718368622
      0.7911999573072909                      -1.     -0.03451013667736966
      0.7918360041834901                      -1.     -0.04118164732858401
      0.7928183623491568                      -1.     -0.05322309005645603
      0.7940185739376893                      -1.     -0.07498475942810308
      0.7940100451295341                      -1.      -0.1146622993195782
      0.7536866730856413                      -1.     -0.20048649989880485
      0.6883862450598794                      -1.      -0.3459846158142714
      0.6505083277861506                      -1.      -0.6066898237747561
      0.7557487277869135                      -1.      -1.0603272451654122
      0.8869120250267298                      -1.      -1.6657553761195625
       1.049810262146442                      -1.      -2.5360903333230973
       1.246815899718911                      -1.      -3.8453025332284385
       1.470421047302058                      -1.       -5.878821281890022
      1.6886517093002806                      -1.       -9.116608877574286
      1.7898597008347465                      -1.      -14.385739415589116
      1.5076426767306141                      -1.      -23.089693823326346
      0.4042678973052823                      -1.      -37.592777386257445
      -2.347456603201185                      -1.       -61.97146461653925
      -8.333886637421832                      -1.       -103.2619059290647
     -20.544030464314027                      -1.      -173.60404152969872
      -44.57111346855492                      -1.       -293.9428056214385
       -90.8616231572544                      -1.      -500.40193201899575
      0.7309562034712102                      -1.    -0.032604371426641195
      0.7309570993074636                      -1.     -0.03261311784317582
      0.7309587491986796                      -1.     -0.03262922669080348
      0.7309617768883293                      -1.     -0.03265878947724483
      0.7309673148025775                      -1.      -0.0327128703155868
      0.7309774134008729                      -1.     -0.03281152158235594
      0.7309957742863912                      -1.     -0.03299101394685698
      0.7310290542492683                      -1.     -0.03331683504853839
      0.7310891574651314                      -1.     -0.03390702885457837
      0.7311971764543458                      -1.      -0.0349740529692549
       0.731389870700464                      -1.     -0.03689977378061277
      0.7317292919588025                      -1.    -0.040369756920010186
      0.7323133846498354                      -1.     -0.04661383913551942
      0.7332727280654636                      -1.      -0.0578385907272886
      0.7346883472211246                      -1.     -0.07801529049199389
      0.7361498830973983                      -1.     -0.11438979929270009
      0.7265288856142424                      -1.     -0.18478501609496206
      0.6507072692502303                      -1.      -0.3306297389392151
      0.6192567428344902                      -1.      -0.6130174408159341
      0.7018672757923836                      -1.      -1.0711759973270305
       0.800706279355831                      -1.       -1.681056521103147
      0.9167549937257539                      -1.       -2.555337229415512
       1.044639816985165                      -1.      -3.8669119887089516
      1.1648749201135853                      -1.       -5.899184510116199
       1.227552575900335                      -1.       -9.128011219495733
      1.1031853736597605                      -1.      -14.368968869770363
     0.48277377542583017                      -1.      -23.015446187614675
     -1.1615087201262173                      -1.      -37.417573352426714
      -4.778074676758594                      -1.         -61.617600300666
     -12.149063732792898                      -1.      -102.59362395383461
      -26.58518715525483                      -1.      -172.38546565358806
      -54.20629338838787                      -1.       -291.7630157278639
     -106.31918394952038                      -1.      -496.54199458937245
      0.6633754989550938                      -1.     -0.03920899957181047
      0.6633763094512447                      -1.    -0.039217722683143004
       0.663377793116818                      -1.     -0.03923369107556438
      0.6633805010728595                      -1.      -0.0392628372883967
      0.6633854303303961                      -1.     -0.03931589653155267
      0.6633943806371817                      -1.      -0.0394122587150747
      0.6634105932143032                      -1.       -0.039586886232039
      0.6634398888201827                      -1.    -0.039902721520688036
        0.66349267998927                      -1.    -0.040472914217896845
      0.6635874804674509                      -1.     -0.04150059452132705
       0.663756866267943                      -1.     -0.04334996926539041
      0.6640570643557522                      -1.     -0.04667329306241875
      0.6645815203787752                      -1.     -0.05263751488884039
      0.6654732639658797                      -1.     -0.06332922295447715
      0.6669070741179143                      -1.     -0.08248253827970742
      0.6689149481166154                      -1.     -0.11682027244533466
      0.6704212424872628                      -1.      -0.1787873986747771
      0.6155974193424826                      -1.     -0.31428866067598105
       0.588002037976745                      -1.      -0.6179737055616321
      0.6473332753820312                      -1.      -1.0792288511226136
      0.7132167623096387                      -1.      -1.6917869084704065
      0.7814265386543465                      -1.      -2.5675737844716315
      0.8385917421729917                      -1.       -3.878091012811972
      0.8527721913898274                      -1.       -5.904235666121698
      0.7548218038833077                      -1.       -9.117281637273482
      0.3927975620844552                      -1.      -14.321816980746167
     -0.5792548795572884                      -1.       -22.89630083609086
      -2.782942689522628                      -1.       -37.17362555166953
      -7.299590416483938                      -1.       -61.15718449730029
     -16.119117122560223                      -1.      -101.75774214435168
      -32.89397597439464                      -1.      -170.89967461368533
      -64.30388641467876                      -1.      -289.15251942745664
     -122.56870381042827                      -1.        -491.982475497693
      0.5893638134014825                      -1.      -0.0456648767075186
      0.5893645214213634                      -1.     -0.04567359052467215
      0.5893658129157215                      -1.     -0.04568948543169856
      0.5893681626472169                      -1.    -0.045718405000295385
      0.5893724276637027                      -1.     -0.04577089962889646
       0.589380152275337                      -1.     -0.04586598590507188
      0.5893941139350083                      -1.    -0.046037887319669096
      0.5894192974407647                      -1.     -0.04634810619281367
      0.5894646256758895                      -1.    -0.046907018458133984
       0.589546011060827                      -1.     -0.04791246023028017
      0.5896916613580633                      -1.     -0.04971859870733625
      0.5899510626434201                      -1.     -0.05295871507292001
       0.590409375790242                      -1.     -0.05876386362920229
      0.5912076863841726                      -1.     -0.06915206800786951
      0.5925609460199975                      -1.     -0.08772261093489175
      0.5947265893498064                      -1.     -0.12091129768871262
      0.5976893601225935                      -1.     -0.18039280572763716
      0.5827863761088972                      -1.      -0.2973404757544724
      0.5565533031462401                      -1.       -0.621447048376586
       0.592258142991975                      -1.       -1.084414909361788
       0.624652026214365                      -1.      -1.6977655083236463
      0.6441691998571497                      -1.      -2.5724331125479907
      0.6292030060173802                      -1.       -3.878168130531946
      0.5348996415049663                      -1.       -5.892804145246936
      0.2718084232683955                      -1.       -9.082268746543033
     -0.3391621814264478                      -1.      -14.240226411903054
     -1.6791686070473508                      -1.       -22.72672667427744
      -4.461454192022975                      -1.       -36.85245599085112
      -9.913393977068417                      -1.        -60.5765706599688
     -20.246711727336507                      -1.      -100.73173685940608
      -39.47739710205423                      -1.       -169.1089219993219
      -74.88180373617362                      -1.       -286.0475546570847
     -139.65286724966418                      -1.       -486.6153899385503
      0.5116503842155821                      -1.     -0.05142901355357506
      0.5116509645316051                      -1.     -0.05143773034008999
      0.5116520217470356                      -1.     -0.05145361052503215
       0.511653943062161                      -1.    -0.051482470195192934
      0.5116574269728955                      -1.     -0.05153480149942369
      0.5116637314944416                      -1.     -0.05162950166529366
      0.5116751189058405                      -1.     -0.05180055532913787
       0.511695651540247                      -1.    -0.052108995004162426
      0.5117326136463942                      -1.     -0.05266428406448563
      0.5117990474673797                      -1.    -0.053662501132293566
      0.5119182659114904                      -1.     -0.05545444334828115
      0.5121318525014694                      -1.     -0.05866692303357166
      0.5125137507765637                      -1.      -0.0644184648521368
      0.5131947581654345                      -1.     -0.07470227964696279
      0.5144038827059894                      -1.     -0.09306625201250199
      0.5165328213229283                      -1.      -0.1258300042279511
      0.5202073287209182                      -1.      -0.1843535173981575
      0.5260974902974866                      -1.     -0.29008807475636156
      0.5249368825134583                      -1.      -0.6234133986136005
      0.5367559098700234                      -1.      -1.0866638545511076
      0.5352326081386188                      -1.      -1.6988162183162023
      0.5053578565525602                      -1.       -2.569557889396766
     0.41706929311618457                      -1.       -3.866483877341153
      0.2121675123163513                      -1.       -5.863727245270176
     -0.2200191520292151                      -1.       -9.020893843503043
     -1.0897258329293165                      -1.      -14.120060980844539
      -2.816123042263406                      -1.      -22.500452216570697
      -6.198146961194729                      -1.       -36.44449699414012
     -12.620418009742677                      -1.       -59.86044645974526
     -24.533089493378373                      -1.       -99.49036138514204
      -46.33936112211364                      -1.      -166.97072208851608
      -85.95227130317961                      -1.      -282.37581227270715
     -157.60499327915866                      -1.      -480.31706017665783
     0.43357524964284755                      -1.     -0.05593077286211546
      0.4335756683981053                      -1.    -0.055939503569432975
      0.4335764319890134                      -1.     -0.05595542369069115
     0.43357782087932956                      -1.    -0.055984379924908914
      0.4335803414241317                      -1.     -0.05603692588529437
      0.4335849065065715                      -1.     -0.05613207982863772
      0.4335931601647307                      -1.    -0.056304061078880356
     0.43360806168349825                      -1.     -0.05661435144445191
     0.43363494010273856                      -1.     -0.05717326461214783
      0.4336834118151891                      -1.     -0.05817847012153707
      0.4337709168708721                      -1.     -0.05998370267888409
      0.4339294048893861                      -1.     -0.06322110344800849
     0.43421849801245793                      -1.      -0.0690186045704034
      0.4347529790891073                      -1.     -0.07938527051049164
     0.43576462346379286                      -1.     -0.09789345252710635
      0.4377534274501436                      -1.     -0.13089377453572115
      0.4419014460643414                      -1.      -0.1897645877100338
     0.45224073840543755                      -1.     -0.29631089474389705
      0.4931971112042357                      -1.      -0.6238545693734783
     0.48094369118206376                      -1.      -1.0859048611584232
       0.445191349620162                      -1.      -1.6947668494407944
      0.3653981642603005                      -1.      -2.5586006011057156
     0.20285114712587698                      -1.      -3.8423943386877815
    -0.11438801550189574                      -1.       -5.815860034318808
     -0.7190204201517211                      -1.       -8.931130415168731
     -1.8554874643159016                      -1.      -13.957320654519272
     -3.9870335436403086                      -1.      -22.210646784089764
      -7.992941994811718                      -1.       -35.93902309311811
     -15.420891540120724                      -1.       -58.99162258623724
     -28.977866911530523                      -1.       -98.00536825211263
       -53.4800404654237                      -1.      -164.43752830984994
      -97.52002693271669                      -1.       -278.0560378188542
      -176.4447175912945                      -1.       -472.9475112429407
      0.3585474421195141                      -1.     -0.05869641922279247
      0.3585476583765522                      -1.      -0.0587051734934647
      0.3585480539791947                      -1.     -0.05872118724281893
     0.35854877566292787                      -1.     -0.05875039707991177
       0.358550089069154                      -1.     -0.05880354056792358
      0.3585524747293051                      -1.     -0.05890000337321528
     0.35855680226271097                      -1.     -0.05907472545961582
     0.35856464941188215                      -1.     -0.05939058194970089
      0.3585788968386928                      -1.     -0.05996054845449051
     0.35860487260051915                      -1.     -0.06098732676912775
     0.35865267108355925                      -1.      -0.0628340686370186
      0.3587422118086337                      -1.     -0.06615034597109344
      0.3589152993281658                      -1.     -0.07209593679584257
      0.3592670111309099                      -1.     -0.08273715079119597
     0.36003349930664685                      -1.      -0.1017474773539176
     0.36185333246360196                      -1.     -0.13565627390812884
      0.3666384327879896                      -1.     -0.19619640212822353
       0.413495888986708                      -1.      -0.3163707084439526
     0.46137932493142375                      -1.      -0.6227496673511164
     0.42494236445219896                      -1.      -1.0820654752226975
      0.3547741008228807                      -1.      -1.6854479409797294
     0.22472722395389694                      -1.      -2.5392233906186545
   -0.012725228712934184                      -1.      -3.8052740454396723
    -0.44360293710355014                      -1.        -5.74808473653663
     -1.2233444847098476                      -1.       -8.811001137226127
      -2.632836012539057                      -1.       -13.74823142831947
     -5.1865219206377695                      -1.       -21.85028352993161
       -9.84320982022268                      -1.      -35.324312453453786
       -18.3135183546636                      -1.       -57.95092824735013
     -33.578584956307374                      -1.       -96.24523722750642
      -60.89517018652253                      -1.      -161.45641639400668
     -109.58051209218354                      -1.       -272.9977848298407
     -196.17344086361254                      -1.       -464.3504331848126
        0.28948140318251                      -1.     -0.05947239274693737
      0.2894813718388697                      -1.    -0.059481178831954855
       0.289481314204627                      -1.    -0.059497341965567246
      0.2894812087014907                      -1.     -0.05952697376606704
     0.28948101660913045                      -1.    -0.059581130669967015
     0.28948066954537316                      -1.      -0.0596798378048701
        0.28948005047623                      -1.     -0.05985929330853702
      0.2894789722498387                      -1.     -0.06018481119669501
     0.28947718350844515                      -1.     -0.06077403731847674
     0.28947453212090557                      -1.    -0.061838522609877655
      0.2894717785938977                      -1.     -0.06375802263993119
     0.28947380015904417                      -1.      -0.0672129567042677
      0.2895010949287713                      -1.     -0.07341980857468193
     0.28962914928315003                      -1.     -0.08454804482604657
     0.29011979408453986                      -1.      -0.1044582816490978
     0.29186518752724255                      -1.      -0.1400328380093485
     0.29820581704836685                      -1.      -0.2038813309735227
     0.37998893965968183                      -1.     -0.33712955758590574
     0.42952562633208136                      -1.      -0.6200762207468185
      0.3688774782435996                      -1.       -1.075070459359703
      0.2642408654096543                      -1.      -1.6706914435271107
     0.08381485475063712                      -1.      -2.5110975752382143
     -0.2288665915562304                      -1.       -3.754518259272415
     -0.7741834949422091                      -1.      -5.6593193412667615
     -1.7309081537843496                      -1.       -8.658587785607136
      -3.417993678174867                      -1.      -13.489247386729382
     -6.4074859597382385                      -1.       -21.41252913013763
     -11.742443184542163                      -1.      -34.588131472509055
     -21.293801495382578                      -1.      -56.717448234976914
      -38.32955193583988                      -1.       -94.17510707697033
      -68.57494168319022                      -1.      -157.96889877320606
      -122.1178831924746                      -1.       -267.1014150925358
      -216.7696838222001                      -1.       -454.3538617108804
     0.22839725043864406                      -1.     -0.05828585502049164
     0.22839692467113448                      -1.     -0.05829467999644683
      0.2283963202763425                      -1.     -0.05831105416531958
     0.22839520412351172                      -1.     -0.05834130022636213
     0.22839315173282063                      -1.    -0.058396951653984244
      0.2283893938903316                      -1.     -0.05849899266830077
     0.22838254607919514                      -1.     -0.05868551217285245
     0.22837014364423547                      -1.     -0.05902549508245992
     0.22834788572780776                      -1.    -0.059643626039980524
      0.2283085540465904                      -1.    -0.060764809554748285
     0.22824101917598807                      -1.     -0.06279389047976607
      0.2281316385049052                      -1.      -0.0664579888896719
     0.22797724513572012                      -1.     -0.07305975505037694
     0.22784255465200742                      -1.     -0.08492686008830602
     0.22807573742297368                      -1.     -0.10621467343105821
     0.23012353970994215                      -1.     -0.14441244883154414
      0.2632019768412595                      -1.      -0.2208332437833366
      0.3436011090130098                      -1.      -0.3571009774495948
     0.39760730630102403                      -1.      -0.6158424470184387
      0.3128804218655684                      -1.      -1.0648405962961547
       0.173867448122904                      -1.       -1.650329307509389
    -0.05683439319690477                      -1.        -2.47390292513303
    -0.44471040796725914                      -1.      -3.6895447526695193
     -1.1047036462861193                      -1.       -5.548525404872966
     -2.2393847078959475                      -1.       -8.472047405607242
      -4.206942891882491                      -1.      -13.177029905576024
      -7.641859327403291                      -1.      -20.890999360858135
      -13.67976778687988                      -1.      -33.718442507129886
     -24.351758821135476                      -1.        -55.2693308147464
     -43.219503374140636                      -1.       -91.75730834214731
        -76.501806741905                      -1.      -153.91127554824868
      -135.1021957519428                      -1.      -260.25873555997583
     -238.18397235137007                      -1.      -442.77199375447793
     0.17628396434688476                      -1.     -0.05541185814792906
      0.1762832957431829                      -1.     -0.05542072852477883
     0.17628204024588062                      -1.    -0.055437386270633805
      0.1762796973097233                      -1.    -0.055468478305763756
     0.17627534925153387                      -1.    -0.055526209214977536
     0.17626732207987234                      -1.      -0.0556329151121694
     0.17625258210491498                      -1.     -0.05582935396585956
      0.1762256857323228                      -1.    -0.056189698730929286
     0.17617702953905912                      -1.     -0.05684859178580214
      0.1760902023114967                      -1.    -0.058049846717093255
     0.17593894906924173                      -1.     -0.06023387647560536
      0.1756875153648308                      -1.     -0.06419414351813922
      0.1753103500505649                      -1.     -0.07135634127903888
     0.17488997994979918                      -1.     -0.08427759720314515
     0.17501092320575873                      -1.        -0.10756335169669
     0.18023704414705835                      -1.     -0.15072372262315917
     0.23562023187650347                      -1.     -0.23825664491805318
     0.30412851996676127                      -1.     -0.37574899451084415
     0.36455740531388353                      -1.      -0.6105036962339943
      0.2570898998872357                      -1.      -1.0512914405992528
      0.0839476780948634                      -1.       -1.624192013468898
      -0.196678342269686                      -1.      -2.4273268092670977
     -0.6593214452379189                      -1.       -3.609795259454834
     -1.4336013813922817                      -1.        -5.41471520359049
     -2.7461972914225288                      -1.       -8.249630439803658
      -4.995332173912401                      -1.      -12.808442116420665
      -8.881121891220197                      -1.      -20.279845896431294
     -15.640630892118029                      -1.       -32.70405701013118
      -27.47003540367095                      -1.       -53.58513451874163
      -48.22816409066832                      -1.       -88.95293722378642
      -84.64651412890578                      -1.       -149.2162758548951
      -148.4846737312381                      -1.      -252.35522452492629
      -260.3320759061679                      -1.       -429.4092493551626
     0.13320570854152897                      -1.     -0.05127172579572376
      0.1332046440255107                      -1.    -0.051280648160357524
     0.13320261228350022                      -1.     -0.05129767859094109
     0.13319876843884454                      -1.     -0.05132990545580007
      0.1331915511523074                      -1.     -0.05139044902821986
     0.13317809255403554                      -1.    -0.051503492806515165
      0.1331531646485532                      -1.      -0.0517134463361922
     0.13310734196703108                      -1.     -0.05210158718680734
       0.133023944191805                      -1.     -0.05281620609903784
      0.1328744523875547                      -1.     -0.05412706027680605
     0.13261346405545227                      -1.    -0.056523443672604826
     0.13218039536776907                      -1.      -0.0608903420105113
      0.1315380022067681                      -1.     -0.06882504941917546
     0.13086093476057478                      -1.      -0.0832159039346392
      0.1313713921813367                      -1.     -0.10940683419143728
     0.15850183732451473                      -1.     -0.16439120866320744
     0.20549575384598487                      -1.     -0.25404616798114166
     0.26141903837897695                      -1.      -0.3924472036170788
      0.3194545179188696                      -1.      -0.6104103540611965
     0.20165375744148475                      -1.      -1.0343320097405864
   -0.005203701469780727                      -1.      -1.5921070810003233
    -0.33513325188347604                      -1.       -2.371063333894146
     -0.8716869263141475                      -1.       -3.514736840707454
      -1.759173353957735                      -1.       -5.256958569148016
       -3.24851286029824                      -1.       -7.989699112340879
      -5.778405463710667                      -1.      -12.380565406310465
     -10.116437009905862                      -1.      -19.573752531551925
     -17.608165042602202                      -1.      -31.534998187603758
      -30.62360697769575                      -1.       -51.64528528628074
      -53.32288661764355                      -1.       -85.72454390983029
      -92.96254322438061                      -1.      -143.81681617843554
      -162.1902591930079                      -1.      -243.27537378580416
      -283.0850773191324                      -1.       -414.0687178477568
     0.09855263665443158                      -1.    -0.046318064324248474
     0.09855111229638465                      -1.     -0.04632704533449038
     0.09854813988835234                      -1.     -0.04634455921652857
     0.09854241764475272                      -1.     -0.04637828456677105
     0.09853151794407237                      -1.    -0.046442568102530855
      0.0985109483071136                      -1.    -0.046564070816279245
      0.0984724725337754                      -1.     -0.04679210432025593
     0.09840119377605992                      -1.     -0.04721749264854236
     0.09827077075943416                      -1.     -0.04800688509176443
     0.09803655363256993                      -1.     -0.04946499212926304
     0.09762933824661109                      -1.     -0.05214718470787327
     0.09696461476874714                      -1.     -0.05706323872708598
     0.09602718392537907                      -1.     -0.06605040553780403
      0.0952755837167694                      -1.     -0.08250115690521526
     0.10479322493612131                      -1.     -0.11616246919000627
     0.13551633032417557                      -1.      -0.1764828486798026
     0.17277525417353629                      -1.      -0.2676880928377668
     0.21539563953787672                      -1.      -0.4064725225335214
     0.25738932797567093                      -1.      -0.6201712725587306
      0.1467308985055989                      -1.      -1.0138634559197426
    -0.09324736086286493                      -1.      -1.5538975975815676
    -0.47156866922338475                      -1.      -2.3048126230875896
     -1.0807099726941045                      -1.       -3.403863480688577
     -2.0795673071830794                      -1.       -5.074389917766031
     -3.7432343456987076                      -1.       -7.690746033903508
      -6.550959855177918                      -1.      -11.890731051984966
     -11.338548589715437                      -1.      -18.767930212200035
     -19.564371956879505                      -1.      -30.202569787588775
      -33.78133546740274                      -1.       -49.43309163690403
      -58.45720885280616                      -1.       -82.03934429010171
     -101.38067284932636                      -1.      -137.65211589936104
     -176.10831138662638                      -1.       -232.9125777609049
     -306.25614488725967                      -1.       -396.5676578099926
     0.07132538195761359                      -1.      -0.0409508784886567
     0.07132331409403324                      -1.     -0.04095992330875349
     0.07131916910057651                      -1.     -0.04097805544730427
     0.07131101663734221                      -1.    -0.041013730676751875
     0.07129522121356908                      -1.     -0.04108291331290706
     0.07126500316736997                      -1.     -0.04121553613053855
     0.07120786956436873                      -1.      -0.0414673916039244
     0.07110119510296568                      -1.     -0.04194194014698111
     0.07090518760436697                      -1.      -0.0428301743109769
     0.07055366451926098                      -1.     -0.04448330503196609
     0.06994937976037933                      -1.     -0.04754527531490342
     0.06899537140082614                      -1.     -0.05319651182388253
      0.0677893615047142                      -1.      -0.0636229270174548
      0.0682942244792847                      -1.     -0.08356144346672877
     0.08715142473932519                      -1.     -0.12488636204107068
     0.11048239639301463                      -1.     -0.18652780383279544
       0.137485943002396                      -1.     -0.27859385905543793
     0.16608934545941637                      -1.     -0.41700416860174494
     0.18982283717044504                      -1.      -0.6272195153636797
     0.09248661066363599                      -1.      -0.9897783059144045
    -0.17981477680745697                      -1.      -1.5093808193542866
      -0.605300864065224                      -1.       -2.228280425224181
     -1.2852010551286577                      -1.      -3.2766983072871185
     -2.3927718247946643                      -1.      -4.8662161768560885
      -4.226989689725178                      -1.       -7.351413931527825
      -7.307320463898554                      -1.       -11.33656021070365
     -12.537612604984865                      -1.       -17.85815126504967
     -21.490655191309646                      -1.      -28.699312977313493
      -36.90833289959364                      -1.       -46.93514920387004
      -63.57229268059292                      -1.       -77.87209568123961
     -109.80640602275294                      -1.       -130.6753894739258
     -190.08488709572967                      -1.      -221.18363549601978
     -329.58759086319475                      -1.       -376.7613131557652
     0.05037671239161534                      -1.    -0.035478903485837245
    0.050373986229305015                      -1.    -0.035488011360171684
    0.050368328451778556                      -1.    -0.035506916354980066
     0.05035691285937076                      -1.     -0.03554507919564959
     0.05033436231412341                      -1.     -0.03562055993551355
    0.050290575389477225                      -1.     -0.03576753688867994
     0.05020686760181524                      -1.    -0.036050225617880474
    0.050049460222779535                      -1.     -0.03658854450839308
     0.04975965242762916                      -1.     -0.03760530518807553
     0.04924306335391586                      -1.     -0.03951294446944974
    0.048373816016652714                      -1.    -0.043074032856448036
    0.047080882615155695                      -1.     -0.04970826726334277
    0.045833508495914936                      -1.     -0.06217528912358269
     0.05427858382070554                      -1.     -0.08940246820078095
      0.0679446427465061                      -1.     -0.13173997709617985
     0.08350054292120161                      -1.     -0.19403190506373572
     0.09976404093064319                      -1.     -0.28610522915516756
     0.11367858246603171                      -1.     -0.42313074623637315
     0.11794405381301795                      -1.       -0.628996225782778
     0.03891700950204725                      -1.      -0.9619636100825335
     -0.2645024958939993                      -1.      -1.4583669167183935
     -0.7355846090802044                      -1.      -2.1411782803362818
     -1.4838671629855433                      -1.       -3.132796934465969
     -2.6966030082475423                      -1.       -4.631726532279618
      -4.696116945360631                      -1.       -6.970518025922654
      -8.041320778224417                      -1.      -10.716010024194443
     -13.703059482077588                      -1.      -16.840823095823076
     -23.367778945728105                      -1.       -27.01904476611814
       -39.9677168420006                      -1.        -44.1415707735112
      -68.60018881191085                      -1.       -73.20751537970689
      -118.1218920243252                      -1.      -122.86190861303223
     -203.92137988824604                      -1.      -208.04571000759046
      -352.7459540715905                      -1.       -354.5721898677517
    0.034579098089232096                      -1.    -0.030117424123045296
     0.03457555384646927                      -1.     -0.03012657896785049
     0.03456787701342304                      -1.     -0.03014641268272563
     0.03455192639779072                      -1.    -0.030187651329811528
     0.03451974513611658                      -1.    -0.030271000885464337
    0.034456292223222024                      -1.    -0.030436012846324453
     0.03433370744448223                      -1.    -0.030757593763646614
     0.03410195279835911                      -1.     -0.03137664288760133
     0.03367594610303392                      -1.    -0.032556858604819536
     0.03292640368548805                      -1.     -0.03479063139576755
     0.03170949140089584                      -1.     -0.03900126265414389
     0.03008505463963192                      -1.       -0.046968259236143
     0.03231705931918285                      -1.      -0.0643139552060871
     0.03952779012562297                      -1.     -0.09367096649066375
     0.04732307918353675                      -1.      -0.1363114341181985
     0.05477911499628077                      -1.        -0.19845804771219
     0.05988843435846006                      -1.      -0.2895082423526081
    0.058534108957094884                      -1.      -0.4238691596386848
    0.042307175110061754                      -1.      -0.6239972894083725
   -0.019131876097249086                      -1.      -0.9303318253976355
    -0.34686513646795597                      -1.      -1.4006579527828698
     -0.8616030218539366                      -1.       -2.043224560042763
     -1.6752983975349318                      -1.      -2.9717525658984463
      -2.988687782298273                      -1.        -4.37030518118647
      -5.146645026289479                      -1.       -6.547073132840227
      -8.746281583935467                      -1.      -10.027427556729734
       -14.8235052452597                      -1.      -15.713093823416422
     -25.175551266510904                      -1.      -25.157118001616112
      -42.92105430852188                      -1.       -41.04690754527865
       -73.4667597111291                      -1.       -68.04343441768702
     -126.19159303593713                      -1.      -114.21691553696856
     -217.38273674610164                      -1.      -193.51177317924467
      -375.3334864648912                      -1.      -330.01654233786326
     0.02291958523071482                      -1.     -0.02500692150290297
     0.02291500310627419                      -1.    -0.025016074379274823
    0.022904557109563344                      -1.    -0.025036947255954112
     0.02288213798736648                      -1.     -0.02508179157952494
    0.022835904511049734                      -1.    -0.025174517451836544
    0.022743379317045353                      -1.    -0.025361213115913977
    0.022563027472664785                      -1.    -0.025729872378984855
    0.022221267373635587                      -1.    -0.026447339868787865
    0.021597404212041357                      -1.     -0.02782879507363719
    0.020523983976515833                      -1.    -0.030470774614359045
    0.018876140396709734                      -1.    -0.035522196111811254
    0.017992263314034036                      -1.     -0.04617757406573355
    0.021026582082361113                      -1.     -0.06659280431310174
    0.023817790815281143                      -1.     -0.09592822062994796
    0.025543943393419345                      -1.      -0.1381711811855266
    0.024661873246261456                      -1.     -0.19924618729986887
    0.018316803815575454                      -1.     -0.28805950780780387
   0.0012670242596590803                      -1.      -0.4181998537026235
    -0.03622943702541452                      -1.      -0.6107164938923386
    -0.11323296358634644                      -1.      -0.8987852046299932
    -0.42641079686465244                      -1.       -1.336046224401291
     -0.9824551342279736                      -1.      -1.9341468076001862
     -1.8579517054031345                      -1.      -2.7932036988799096
     -3.2664436803495738                      -1.       -4.081448611670512
      -5.574270147527693                      -1.       -6.080328182572106
      -9.414985982419108                      -1.       -9.269615957410215
     -15.886693264431464                      -1.       -14.47300133936358
     -26.892437946995656                      -1.      -23.111120779214417
      -45.72769964337583                      -1.       -37.65287562395025
      -78.09320389985015                      -1.       -62.39637258424791
      -133.8701456356517                      -1.      -104.78305075960769
     -230.21527273774018                      -1.      -177.65943283910536
     -396.91926233641914                      -1.      -303.21636047264946
    0.014537681458329314                      -1.    -0.020239980222792383
    0.014531771155385327                      -1.     -0.02024902118321692
    0.014517472871045264                      -1.    -0.020270904391405508
    0.014485716551321312                      -1.       -0.020319586657223
    0.014418802009860949                      -1.     -0.02042259269358357
    0.014283097553097358                      -1.     -0.02063346413438939
     0.01401695492494967                      -1.    -0.021055356956731233
    0.013513743510510908                      -1.      -0.0218859569781919
     0.01260796292637065                      -1.     -0.02350420676347967
    0.011101081414988837                      -1.    -0.026644886228175478
    0.009082348043221947                      -1.    -0.032952290527122556
     0.00942203987680406                      -1.     -0.04698779087477792
    0.009160627436132886                      -1.     -0.06713212520652813
    0.007435929344384098                      -1.     -0.09584656561920879
   0.0029885455536277808                      -1.      -0.1368968016243733
   -0.006345682869497622                      -1.     -0.19584572069033607
   -0.024279690351783057                      -1.     -0.28102854460217647
    -0.05722516628573754                      -1.       -0.405123171474311
     -0.1164256481433862                      -1.      -0.5876996601577912
    -0.22220479420953146                      -1.      -0.8593892910699981
     -0.5027568556211539                      -1.      -1.2642576147063844
     -1.0971408379030918                      -1.       -1.813685964370672
     -2.0301315190638523                      -1.      -2.5968455515099187
       -3.52705520632348                      -1.      -3.7647893799960337
      -5.974328656201459                      -1.        -5.56981161570075
     -10.039651209256178                      -1.       -8.441919832954056
      -16.87944331521212                      -1.      -13.119736902707638
      -28.49516375126911                      -1.      -20.882614908149908
      -48.34387377643875                      -1.      -33.974049842108066
      -82.39772106448792                      -1.      -56.309247117693324
      -141.0128052405965                      -1.       -94.64406690105211
     -242.17165429674617                      -1.      -160.62681021694388
      -417.0842200863821                      -1.      -274.38668423337293
    0.008722948955805424                      -1.    -0.015888360550173678
    0.008715357689582174                      -1.     -0.01589708541840846
    0.008695729222543788                      -1.    -0.015919664234434416
    0.008650602140680327                      -1.    -0.015971716037983932
    0.008553600669212532                      -1.     -0.01608437160768588
    0.008354791646306725                      -1.     -0.01631884565278463
    0.007964089638398184                      -1.    -0.016794668627334024
    0.007231402999702425                      -1.    -0.017745262593690626
    0.005941892067618421                      -1.    -0.019631208251838946
    0.003906590972488489                      -1.    -0.023413984998693207
   0.0025720184508462684                      -1.     -0.03263793784179892
   0.0006017062189663637                      -1.     -0.04633585502928767
   -0.002981723853968027                      -1.     -0.06570172987860931
   -0.009223187628779958                      -1.     -0.09313213436548945
    -0.01982292623501516                      -1.     -0.13210930062054901
    -0.03755643175668859                      -1.     -0.18776232742144783
    -0.06698975272019428                      -1.     -0.26775906407158945
    -0.11572289809298647                      -1.      -0.3837407203957329
    -0.19660782733176166                      -1.      -0.5536479728803942
    -0.33188477062865845                      -1.      -0.8055196153936318
      -0.582009585636479                      -1.      -1.1825168500791108
     -1.2045443671760117                      -1.      -1.6816023948511494
      -2.189967204478426                      -1.       -2.382446737897841
      -3.767447298783342                      -1.      -3.4201289629131297
      -6.341767976126696                      -1.       -5.015392115157961
     -10.611900820842903                      -1.       -7.544343349319823
      -17.78759747844856                      -1.      -11.654289894624938
      -29.95842493241775                      -1.      -18.481234677311907
      -50.72314164888518                      -1.      -30.046239780960743
      -86.30090749512502                      -1.      -49.855468785267576
     -147.48999810383245                      -1.       -83.91698694142208
     -253.03802921222086                      -1.      -142.59019019998945
      -435.4660526588201                      -1.      -243.79689145153137
   0.0048857378340813684                      -1.    -0.012021987465854818
    0.004876092467829149                      -1.    -0.012030088008052815
    0.004849298136622908                      -1.    -0.012052625777496372
    0.004785618564948663                      -1.     -0.01210645370727709
    0.004646365594648839                      -1.    -0.012225617645862746
    0.004358984416519206                      -1.    -0.012478301930058005
   0.0037959005552730503                      -1.    -0.013001417304388427
    0.002755607368240937                      -1.    -0.014074271403221128
   0.0009859871358950318                      -1.    -0.016300610495336935
  -0.0010471975728008375                      -1.     -0.02211052625147621
   -0.003818828157435219                      -1.     -0.03124218112648818
   -0.008187250102573375                      -1.    -0.044076111939234885
   -0.015015957870900288                      -1.     -0.06212675370514302
    -0.02565537645662691                      -1.     -0.08756132910621436
   -0.042227479106886394                      -1.     -0.12352015221452721
    -0.06809547278236207                      -1.      -0.1746192883367834
    -0.10865284200470364                      -1.     -0.24774958556594304
    -0.17267169268365684                      -1.      -0.3533626330468678
     -0.2746493606645982                      -1.      -0.5075590359772659
     -0.4390163264299669                      -1.         -0.7355098943155
     -0.7082938612542806                      -1.      -1.0769132769437562
     -1.3034974507343335                      -1.      -1.5376259536603931
     -2.3353876029458833                      -1.      -2.1498731912183917
     -3.9842571796900503                      -1.      -3.0474830756958915
      -6.671119056833449                      -1.       -4.417360522247772
     -11.122746463057403                      -1.       -6.577745093233932
     -18.596035453756706                      -1.      -10.081341850374054
     -31.255464891978594                      -1.      -15.932537543429405
     -52.820915842107794                      -1.      -25.931450359032237
      -89.73682728975965                      -1.        -43.1285070191482
      -153.2031007999334                      -1.       -72.72735945649008
      -262.6538671803824                      -1.        -123.727558477628
      -451.7865581209622                      -1.      -211.72006213918525
    0.002517968096054202                      -1.    -0.008707597084836547
    0.002505931414684619                      -1.    -0.008714720500479108
   0.0024699174778181226                      -1.    -0.008736101051888788
    0.002381687786996633                      -1.    -0.008789003922525745
   0.0021860723375016276                      -1.    -0.008909197635113502
    0.001781181911469402                      -1.    -0.009171416421173972
    0.000993875428850623                      -1.    -0.009736474386136434
  -0.0004304238963487638                      -1.    -0.010977076871516295
  -0.0025418436603901586                      -1.    -0.014455757568726755
   -0.005509080767190272                      -1.    -0.020340320494352034
    -0.00995841191457738                      -1.     -0.02858845886008714
   -0.016593190243691696                      -1.    -0.040139495591620854
     -0.0264823308953235                      -1.    -0.056319872642715214
     -0.0412580293036904                      -1.     -0.07902268488931344
    -0.06343259324922022                      -1.     -0.11098601344953757
    -0.09691631882180088                      -1.     -0.15622957716500097
     -0.1478792063264351                      -1.     -0.22074903392360848
    -0.22620767079130896                      -1.     -0.31363548681546966
    -0.34800342175924814                      -1.     -0.44889752476038425
     -0.5399659272305171                      -1.      -0.6484602238212983
     -0.8472365314204885                      -1.      -0.9470364892888402
     -1.3963533205309346                      -1.      -1.3785263388921247
      -2.464099627402041                      -1.        -1.89911535607776
      -4.173807223047371                      -1.       -2.647143883321556
      -6.956476593322851                      -1.       -3.776541139867402
      -11.56261815242184                      -1.        -5.54431156089004
     -19.289230906616805                      -1.       -8.414546491315447
     -32.361413567530995                      -1.      -13.286095244341254
      -54.60393040440397                      -1.      -21.705900002548788
      -92.66429284491366                      -1.       -36.21386847372098
     -158.09169046117376                      -1.       -61.17823937920471
      -270.9142101904077                      -1.      -104.18700396486686
      -465.8510356980131                      -1.      -178.39632612371082
   0.0011719904318370422                      -1.    -0.005982561754169966
   0.0011572521952622119                      -1.     -0.00598843006233701
   0.0011097828099247333                      -1.    -0.006007468610203181
   0.0009903496805351254                      -1.    -0.006056467241278424
   0.0007227772046018821                      -1.    -0.006172370056957076
  0.00016889317215652096                      -1.    -0.006440721278646298
  -0.0008983917311441503                      -1.    -0.007079774713067772
  -0.0027450642929964073                      -1.    -0.009011160235075102
   -0.005508152113502185                      -1.    -0.012599145914850715
   -0.009588335210113623                      -1.    -0.017639117163390124
   -0.015549018518482996                      -1.    -0.024694109718324538
    -0.02422615512052854                      -1.     -0.03454996358536903
     -0.0368692900158661                      -1.    -0.048312855070728605
   -0.055358812693049785                      -1.     -0.06755867927212726
    -0.08255239394850417                      -1.     -0.09456426910802876
    -0.12284737758278783                      -1.     -0.13266987889970575
     -0.1831102178085923                      -1.     -0.18685609987350352
     -0.2742370315114526                      -1.       -0.264676189461147
    -0.41380890877265647                      -1.      -0.3777756344269742
     -0.6306933785492774                      -1.      -0.5444055184397274
     -0.9731060954687233                      -1.      -0.7935524834584787
     -1.5249130081326554                      -1.        -1.17066753505866
      -2.573880664699173                      -1.      -1.6299208999207018
      -4.332085925205212                      -1.       -2.219761332796959
      -7.191499550429282                      -1.      -3.0944488778571833
     -11.921673287617164                      -1.       -4.449230093372017
     -19.853802066860787                      -1.        -6.68697295106626
      -33.26038569559974                      -1.      -10.607375317020441
      -56.05821556581674                      -1.       -17.42854784137517
      -95.06734841604265                      -1.      -29.163679703566967
      -162.1253048617823                      -1.       -49.33658671393682
     -277.75402870842845                      -1.       -84.08041642588441
       -477.525802855294                      -1.      -144.02847720741738
  0.00047477526462615414                      -1.   -0.0038283950343873294
  0.00045693267882453864                      -1.   -0.0038328752171291653
  0.00039528482846213064                      -1.    -0.003848652304462587
  0.00023663406856202932                      -1.   -0.0038916747752533753
 -0.00012164355609927283                      -1.    -0.004002466079273137
   -0.000863700854481244                      -1.   -0.0042975485436465306
   -0.002290942371853624                      -1.   -0.0052646151098530505
    -0.00460246181149677                      -1.    -0.007262530542033908
   -0.008042141093130192                      -1.    -0.010097236619533136
   -0.013055521572351158                      -1.    -0.014083697885105492
   -0.020288957138473816                      -1.    -0.019661665444155905
    -0.03068812032728498                      -1.    -0.027441573675476304
    -0.04565117770223333                      -1.     -0.03828078305974753
    -0.06726352609139297                      -1.     -0.05339929145823931
    -0.09866943003798492                      -1.     -0.07455869309954857
     -0.1446727686387449                      -1.     -0.10434245131684018
     -0.2127253287717953                      -1.       -0.146603329682419
     -0.3145788796608776                      -1.      -0.2071863286838465
    -0.46908306622283813                      -1.     -0.29510891455239613
     -0.7070048709971176                      -1.      -0.4245210648623236
     -1.0793883913599753                      -1.      -0.6179524394820121
     -1.6721816775551008                      -1.      -0.9116220528834373
      -2.671189242142488                      -1.      -1.3293540494734148
      -4.454849408782528                      -1.       -1.766240593722212
      -7.369474900008006                      -1.       -2.373562728303823
     -12.191522055180181                      -1.      -3.3067574315002344
     -20.283987922056678                      -1.       -4.955323924460127
      -33.95064016064261                      -1.      -7.9426655597561835
      -57.18544688651269                      -1.        -13.1200755971593
      -96.94310818131757                      -1.      -21.998794227088425
     -165.28673696706696                      -1.       -37.24665959533123
      -283.1277721279159                      -1.        -63.5020073780127
       -486.712460334894                      -1.      -108.80317156686219
  0.00015200733187638446                      -1.    -0.002175071910712422
  0.00013040890180701962                      -1.   -0.0021781341103291386
    5.082559848881291E-5                      -1.   -0.0021900862497256255
   -0.000157886156308451                      -1.    -0.002226970097012131
  -0.0006329154842851441                      -1.   -0.0023429514264119026
  -0.0016272456386889084                      -1.   -0.0027691614160714373
   -0.003367273663811489                      -1.    -0.003718777202737721
   -0.006035872207214116                      -1.   -0.0050964966958872895
   -0.009982828728258446                      -1.    -0.007056510216313776
   -0.015701986367316276                      -1.    -0.009817426274781042
   -0.023901905342207107                      -1.     -0.01368072808498125
    -0.03561071407340702                      -1.    -0.019063727455377835
    -0.05233734133685246                      -1.     -0.02655189340309678
    -0.07632035438955435                      -1.     -0.03697761452407972
    -0.11091909178079011                      -1.     -0.05154215592542035
    -0.16124413687331515                      -1.      -0.0720073030708695
    -0.23519156927754153                      -1.     -0.10100150611570241
     -0.3451667074553822                      -1.     -0.14251372515484856
     -0.5109958119695392                      -1.     -0.20270158707385685
     -0.7649270033104767                      -1.     -0.29123681419730085
     -1.1602663546719214                      -1.     -0.42354619164737217
      -1.786363402877257                      -1.       -0.624526512276638
     -2.7963295180547716                      -1.      -0.9331606199385212
      -4.540334754810477                      -1.       -1.281277740924694
      -7.483802685956707                      -1.       -1.617959316421771
      -12.37103052751246                      -1.       -2.154227449063287
      -20.58425449861356                      -1.      -3.2679437142077794
      -34.43923237197752                      -1.       -5.295789094303943
       -57.9906540846232                      -1.       -8.777172931953235
      -98.28921019186606                      -1.      -14.732219730813295
      -167.5606468091373                      -1.      -24.953296406445567
     -286.99774246100174                      -1.       -42.55100243851625
      -493.3336050226549                      -1.       -72.91423645410032
   2.7580800086066315E-5                      -1.   -0.0009293105087550662
    1.204707045351854E-6                      -1.   -0.0009309405163727653
 -0.00010167986492696544                      -1.   -0.0009388429004744408
  -0.0003759914512810561                      -1.   -0.0009729876084708184
   -0.001004149358473963                      -1.   -0.0011243444590145538
  -0.0021674189652285797                      -1.   -0.0014433392796800036
   -0.004054196127695718                      -1.    -0.001925713315504202
    -0.00694103258532937                      -1.    -0.002627641502808307
   -0.011202108177754527                      -1.   -0.0036291448446096573
    -0.01736135800808941                      -1.    -0.005041637557656282
   -0.026165929296548686                      -1.    -0.007018446239053226
    -0.03869484681570353                      -1.     -0.00977138448696235
    -0.05652592549400914                      -1.    -0.013597482510327597
    -0.08199220722682808                      -1.    -0.018918983454181693
    -0.11858631593774509                      -1.    -0.026344619301167868
    -0.17160998084074766                      -1.    -0.036767720136082795
    -0.24923720122515372                      -1.    -0.051521341946346055
     -0.3642839113523711                      -1.     -0.07262907616288546
     -0.5371930493404513                      -1.     -0.10321595461559112
     -0.8011546935098544                      -1.     -0.14819339555757158
      -1.210932267083462                      -1.      -0.2154035046456526
     -1.8581356504887638                      -1.      -0.3175282924979277
       -2.89786076992505                      -1.      -0.4752387279410826
      -4.607490544762186                      -1.      -0.7020664470991737
      -7.532240430348173                      -1.      -0.8313221932990879
     -12.471395730588673                      -1.       -1.048353076946956
     -20.762268027829414                      -1.      -1.6247961064406848
     -34.731730460551866                      -1.       -2.650572235050982
      -58.47493702706373                      -1.       -4.399457613209129
      -99.10040874395096                      -1.       -7.387320533247885
     -168.93223393224116                      -1.       -12.51444444936928
     -289.33324032072574                      -1.       -21.34153762692942
      -497.3307709131878                      -1.       -36.57199380557752
                      0.                      -1.                       0.
  -3.2527749968058584E-5                      -1.                       0.
 -0.00016251928900604245                      -1.                       0.
  -0.0004908762999207757                      -1.                       0.
  -0.0011618373572804454                      -1.                       0.
  -0.0023550485095177112                      -1.                       0.
   -0.004290288622450612                      -1.                       0.
   -0.007250505122223598                      -1.                       0.
   -0.011617933248475562                      -1.                       0.
   -0.017926752180456466                      -1.                       0.
   -0.026937200400391995                      -1.                       0.
   -0.039745473198749964                      -1.                       0.
   -0.057952827906630734                      -1.                       0.
    -0.08392421966691763                      -1.                       0.
    -0.12119738755456859                      -1.                       0.
    -0.17513905238201688                      -1.                       0.
     -0.2540178257540696                      -1.                       0.
     -0.3707897651682717                      -1.                       0.
     -0.5461087700581032                      -1.                       0.
     -0.8134881887725692                      -1.                       0.
      -1.228194357895561                      -1.                       0.
     -1.8826256879185745                      -1.                       0.
     -2.9330937067429854                      -1.                       0.
      -4.647189394773057                      -1.                       0.
       -7.53709929953543                      -1.                       0.
     -12.503999385143858                      -1.                       0.
      -20.82149270214388                      -1.                       0.
     -34.829300276172546                      -1.                       0.
      -58.63668864036969                      -1.                       0.
      -99.37150033252546                      -1.                       0.
     -169.39072489301554                      -1.                       0.
     -290.11407297963444                      -1.                       0.
      -498.6673110957705                      -1.                       0.
   2.7580800086066315E-5                      -1.    0.0009293105087550662
    1.204707045351854E-6                      -1.    0.0009309405163727653
 -0.00010167986492696544                      -1.    0.0009388429004744408
  -0.0003759914512810561                      -1.    0.0009729876084708184
   -0.001004149358473963                      -1.    0.0011243444590145538
  -0.0021674189652285797                      -1.    0.0014433392796800036
   -0.004054196127695718                      -1.     0.001925713315504202
    -0.00694103258532937                      -1.     0.002627641502808307
   -0.011202108177754527                      -1.    0.0036291448446096573
    -0.01736135800808941                      -1.     0.005041637557656282
   -0.026165929296548686                      -1.     0.007018446239053226
    -0.03869484681570353                      -1.      0.00977138448696235
    -0.05652592549400914                      -1.     0.013597482510327597
    -0.08199220722682808                      -1.     0.018918983454181693
    -0.11858631593774509                      -1.     0.026344619301167868
    -0.17160998084074766                      -1.     0.036767720136082795
    -0.24923720122515372                      -1.     0.051521341946346055
     -0.3642839113523711                      -1.      0.07262907616288546
     -0.5371930493404513                      -1.      0.10321595461559112
     -0.8011546935098544                      -1.      0.14819339555757158
      -1.210932267083462                      -1.       0.2154035046456526
     -1.8581356504887638                      -1.       0.3175282924979277
       -2.89786076992505                      -1.       0.4752387279410826
      -4.607490544762186                      -1.       0.7020664470991737
      -7.532240430348173                      -1.       0.8313221932990879
     -12.471395730588673                      -1.        1.048353076946956
     -20.762268027829414                      -1.       1.6247961064406848
     -34.731730460551866                      -1.        2.650572235050982
      -58.47493702706373                      -1.        4.399457613209129
      -99.10040874395096                      -1.        7.387320533247885
     -168.93223393224116                      -1.        12.51444444936928
     -289.33324032072574                      -1.        21.34153762692942
      -497.3307709131878                      -1.        36.57199380557752
  0.00015200733187638446                      -1.     0.002175071910712422
  0.00013040890180701962                      -1.    0.0021781341103291386
    5.082559848881291E-5                      -1.    0.0021900862497256255
   -0.000157886156308451                      -1.     0.002226970097012131
  -0.0006329154842851441                      -1.    0.0023429514264119026
  -0.0016272456386889084                      -1.    0.0027691614160714373
   -0.003367273663811489                      -1.     0.003718777202737721
   -0.006035872207214116                      -1.    0.0050964966958872895
   -0.009982828728258446                      -1.     0.007056510216313776
   -0.015701986367316276                      -1.     0.009817426274781042
   -0.023901905342207107                      -1.      0.01368072808498125
    -0.03561071407340702                      -1.     0.019063727455377835
    -0.05233734133685246                      -1.      0.02655189340309678
    -0.07632035438955435                      -1.      0.03697761452407972
    -0.11091909178079011                      -1.      0.05154215592542035
    -0.16124413687331515                      -1.       0.0720073030708695
    -0.23519156927754153                      -1.      0.10100150611570241
     -0.3451667074553822                      -1.      0.14251372515484856
     -0.5109958119695392                      -1.      0.20270158707385685
     -0.7649270033104767                      -1.      0.29123681419730085
     -1.1602663546719214                      -1.      0.42354619164737217
      -1.786363402877257                      -1.        0.624526512276638
     -2.7963295180547716                      -1.       0.9331606199385212
      -4.540334754810477                      -1.        1.281277740924694
      -7.483802685956707                      -1.        1.617959316421771
      -12.37103052751246                      -1.        2.154227449063287
      -20.58425449861356                      -1.       3.2679437142077794
      -34.43923237197752                      -1.        5.295789094303943
       -57.9906540846232                      -1.        8.777172931953235
      -98.28921019186606                      -1.       14.732219730813295
      -167.5606468091373                      -1.       24.953296406445567
     -286.99774246100174                      -1.        42.55100243851625
      -493.3336050226549                      -1.        72.91423645410032
  0.00047477526462615414                      -1.    0.0038283950343873294
  0.00045693267882453864                      -1.    0.0038328752171291653
  0.00039528482846213064                      -1.     0.003848652304462587
  0.00023663406856202932                      -1.    0.0038916747752533753
 -0.00012164355609927283                      -1.     0.004002466079273137
   -0.000863700854481244                      -1.    0.0042975485436465306
   -0.002290942371853624                      -1.    0.0052646151098530505
    -0.00460246181149677                      -1.     0.007262530542033908
   -0.008042141093130192                      -1.     0.010097236619533136
   -0.013055521572351158                      -1.     0.014083697885105492
   -0.020288957138473816                      -1.     0.019661665444155905
    -0.03068812032728498                      -1.     0.027441573675476304
    -0.04565117770223333                      -1.      0.03828078305974753
    -0.06726352609139297                      -1.      0.05339929145823931
    -0.09866943003798492                      -1.      0.07455869309954857
     -0.1446727686387449                      -1.      0.10434245131684018
     -0.2127253287717953                      -1.        0.146603329682419
     -0.3145788796608776                      -1.       0.2071863286838465
    -0.46908306622283813                      -1.      0.29510891455239613
     -0.7070048709971176                      -1.       0.4245210648623236
     -1.0793883913599753                      -1.       0.6179524394820121
     -1.6721816775551008                      -1.       0.9116220528834373
      -2.671189242142488                      -1.       1.3293540494734148
      -4.454849408782528                      -1.        1.766240593722212
      -7.369474900008006                      -1.        2.373562728303823
     -12.191522055180181                      -1.       3.3067574315002344
     -20.283987922056678                      -1.        4.955323924460127
      -33.95064016064261                      -1.       7.9426655597561835
      -57.18544688651269                      -1.         13.1200755971593
      -96.94310818131757                      -1.       21.998794227088425
     -165.28673696706696                      -1.        37.24665959533123
      -283.1277721279159                      -1.         63.5020073780127
       -486.712460334894                      -1.       108.80317156686219
   0.0011719904318370422                      -1.     0.005982561754169966
   0.0011572521952622119                      -1.      0.00598843006233701
   0.0011097828099247333                      -1.     0.006007468610203181
   0.0009903496805351254                      -1.     0.006056467241278424
   0.0007227772046018821                      -1.     0.006172370056957076
  0.00016889317215652096                      -1.     0.006440721278646298
  -0.0008983917311441503                      -1.     0.007079774713067772
  -0.0027450642929964073                      -1.     0.009011160235075102
   -0.005508152113502185                      -1.     0.012599145914850715
   -0.009588335210113623                      -1.     0.017639117163390124
   -0.015549018518482996                      -1.     0.024694109718324538
    -0.02422615512052854                      -1.      0.03454996358536903
     -0.0368692900158661                      -1.     0.048312855070728605
   -0.055358812693049785                      -1.      0.06755867927212726
    -0.08255239394850417                      -1.      0.09456426910802876
    -0.12284737758278783                      -1.      0.13266987889970575
     -0.1831102178085923                      -1.      0.18685609987350352
     -0.2742370315114526                      -1.        0.264676189461147
    -0.41380890877265647                      -1.       0.3777756344269742
     -0.6306933785492774                      -1.       0.5444055184397274
     -0.9731060954687233                      -1.       0.7935524834584787
     -1.5249130081326554                      -1.         1.17066753505866
      -2.573880664699173                      -1.       1.6299208999207018
      -4.332085925205212                      -1.        2.219761332796959
      -7.191499550429282                      -1.       3.0944488778571833
     -11.921673287617164                      -1.        4.449230093372017
     -19.853802066860787                      -1.         6.68697295106626
      -33.26038569559974                      -1.       10.607375317020441
      -56.05821556581674                      -1.        17.42854784137517
      -95.06734841604265                      -1.       29.163679703566967
      -162.1253048617823                      -1.        49.33658671393682
     -277.75402870842845                      -1.        84.08041642588441
       -477.525802855294                      -1.       144.02847720741738
    0.002517968096054202                      -1.     0.008707597084836547
    0.002505931414684619                      -1.     0.008714720500479108
   0.0024699174778181226                      -1.     0.008736101051888788
    0.002381687786996633                      -1.     0.008789003922525745
   0.0021860723375016276                      -1.     0.008909197635113502
    0.001781181911469402                      -1.     0.009171416421173972
    0.000993875428850623                      -1.     0.009736474386136434
  -0.0004304238963487638                      -1.     0.010977076871516295
  -0.0025418436603901586                      -1.     0.014455757568726755
   -0.005509080767190272                      -1.     0.020340320494352034
    -0.00995841191457738                      -1.      0.02858845886008714
   -0.016593190243691696                      -1.     0.040139495591620854
     -0.0264823308953235                      -1.     0.056319872642715214
     -0.0412580293036904                      -1.      0.07902268488931344
    -0.06343259324922022                      -1.      0.11098601344953757
    -0.09691631882180088                      -1.      0.15622957716500097
     -0.1478792063264351                      -1.      0.22074903392360848
    -0.22620767079130896                      -1.      0.31363548681546966
    -0.34800342175924814                      -1.      0.44889752476038425
     -0.5399659272305171                      -1.       0.6484602238212983
     -0.8472365314204885                      -1.       0.9470364892888402
     -1.3963533205309346                      -1.       1.3785263388921247
      -2.464099627402041                      -1.         1.89911535607776
      -4.173807223047371                      -1.        2.647143883321556
      -6.956476593322851                      -1.        3.776541139867402
      -11.56261815242184                      -1.         5.54431156089004
     -19.289230906616805                      -1.        8.414546491315447
     -32.361413567530995                      -1.       13.286095244341254
      -54.60393040440397                      -1.       21.705900002548788
      -92.66429284491366                      -1.        36.21386847372098
     -158.09169046117376                      -1.        61.17823937920471
      -270.9142101904077                      -1.       104.18700396486686
      -465.8510356980131                      -1.       178.39632612371082
   0.0048857378340813684                      -1.     0.012021987465854818
    0.004876092467829149                      -1.     0.012030088008052815
    0.004849298136622908                      -1.     0.012052625777496372
    0.004785618564948663                      -1.      0.01210645370727709
    0.004646365594648839                      -1.     0.012225617645862746
    0.004358984416519206                      -1.     0.012478301930058005
   0.0037959005552730503                      -1.     0.013001417304388427
    0.002755607368240937                      -1.     0.014074271403221128
   0.0009859871358950318                      -1.     0.016300610495336935
  -0.0010471975728008375                      -1.      0.02211052625147621
   -0.003818828157435219                      -1.      0.03124218112648818
   -0.008187250102573375                      -1.     0.044076111939234885
   -0.015015957870900288                      -1.      0.06212675370514302
    -0.02565537645662691                      -1.      0.08756132910621436
   -0.042227479106886394                      -1.      0.12352015221452721
    -0.06809547278236207                      -1.       0.1746192883367834
    -0.10865284200470364                      -1.      0.24774958556594304
    -0.17267169268365684                      -1.       0.3533626330468678
     -0.2746493606645982                      -1.       0.5075590359772659
     -0.4390163264299669                      -1.          0.7355098943155
     -0.7082938612542806                      -1.       1.0769132769437562
     -1.3034974507343335                      -1.       1.5376259536603931
     -2.3353876029458833                      -1.       2.1498731912183917
     -3.9842571796900503                      -1.       3.0474830756958915
      -6.671119056833449                      -1.        4.417360522247772
     -11.122746463057403                      -1.        6.577745093233932
     -18.596035453756706                      -1.       10.081341850374054
     -31.255464891978594                      -1.       15.932537543429405
     -52.820915842107794                      -1.       25.931450359032237
      -89.73682728975965                      -1.         43.1285070191482
      -153.2031007999334                      -1.        72.72735945649008
      -262.6538671803824                      -1.         123.727558477628
      -451.7865581209622                      -1.       211.72006213918525
    0.008722948955805424                      -1.     0.015888360550173678
    0.008715357689582174                      -1.      0.01589708541840846
    0.008695729222543788                      -1.     0.015919664234434416
    0.008650602140680327                      -1.     0.015971716037983932
    0.008553600669212532                      -1.      0.01608437160768588
    0.008354791646306725                      -1.      0.01631884565278463
    0.007964089638398184                      -1.     0.016794668627334024
    0.007231402999702425                      -1.     0.017745262593690626
    0.005941892067618421                      -1.     0.019631208251838946
    0.003906590972488489                      -1.     0.023413984998693207
   0.0025720184508462684                      -1.      0.03263793784179892
   0.0006017062189663637                      -1.      0.04633585502928767
   -0.002981723853968027                      -1.      0.06570172987860931
   -0.009223187628779958                      -1.      0.09313213436548945
    -0.01982292623501516                      -1.      0.13210930062054901
    -0.03755643175668859                      -1.      0.18776232742144783
    -0.06698975272019428                      -1.      0.26775906407158945
    -0.11572289809298647                      -1.       0.3837407203957329
    -0.19660782733176166                      -1.       0.5536479728803942
    -0.33188477062865845                      -1.       0.8055196153936318
      -0.582009585636479                      -1.       1.1825168500791108
     -1.2045443671760117                      -1.       1.6816023948511494
      -2.189967204478426                      -1.        2.382446737897841
      -3.767447298783342                      -1.       3.4201289629131297
      -6.341767976126696                      -1.        5.015392115157961
     -10.611900820842903                      -1.        7.544343349319823
      -17.78759747844856                      -1.       11.654289894624938
      -29.95842493241775                      -1.       18.481234677311907
      -50.72314164888518                      -1.       30.046239780960743
      -86.30090749512502                      -1.       49.855468785267576
     -147.48999810383245                      -1.        83.91698694142208
     -253.03802921222086                      -1.       142.59019019998945
      -435.4660526588201                      -1.       243.79689145153137
    0.014537681458329314                      -1.     0.020239980222792383
    0.014531771155385327                      -1.      0.02024902118321692
    0.014517472871045264                      -1.     0.020270904391405508
    0.014485716551321312                      -1.        0.020319586657223
    0.014418802009860949                      -1.      0.02042259269358357
    0.014283097553097358                      -1.      0.02063346413438939
     0.01401695492494967                      -1.     0.021055356956731233
    0.013513743510510908                      -1.       0.0218859569781919
     0.01260796292637065                      -1.      0.02350420676347967
    0.011101081414988837                      -1.     0.026644886228175478
    0.009082348043221947                      -1.     0.032952290527122556
     0.00942203987680406                      -1.      0.04698779087477792
    0.009160627436132886                      -1.      0.06713212520652813
    0.007435929344384098                      -1.      0.09584656561920879
   0.0029885455536277808                      -1.       0.1368968016243733
   -0.006345682869497622                      -1.      0.19584572069033607
   -0.024279690351783057                      -1.      0.28102854460217647
    -0.05722516628573754                      -1.        0.405123171474311
     -0.1164256481433862                      -1.       0.5876996601577912
    -0.22220479420953146                      -1.       0.8593892910699981
     -0.5027568556211539                      -1.       1.2642576147063844
     -1.0971408379030918                      -1.        1.813685964370672
     -2.0301315190638523                      -1.       2.5968455515099187
       -3.52705520632348                      -1.       3.7647893799960337
      -5.974328656201459                      -1.         5.56981161570075
     -10.039651209256178                      -1.        8.441919832954056
      -16.87944331521212                      -1.       13.119736902707638
      -28.49516375126911                      -1.       20.882614908149908
      -48.34387377643875                      -1.       33.974049842108066
      -82.39772106448792                      -1.       56.309247117693324
      -141.0128052405965                      -1.        94.64406690105211
     -242.17165429674617                      -1.       160.62681021694388
      -417.0842200863821                      -1.       274.38668423337293
     0.02291958523071482                      -1.      0.02500692150290297
     0.02291500310627419                      -1.     0.025016074379274823
    0.022904557109563344                      -1.     0.025036947255954112
     0.02288213798736648                      -1.      0.02508179157952494
    0.022835904511049734                      -1.     0.025174517451836544
    0.022743379317045353                      -1.     0.025361213115913977
    0.022563027472664785                      -1.     0.025729872378984855
    0.022221267373635587                      -1.     0.026447339868787865
    0.021597404212041357                      -1.      0.02782879507363719
    0.020523983976515833                      -1.     0.030470774614359045
    0.018876140396709734                      -1.     0.035522196111811254
    0.017992263314034036                      -1.      0.04617757406573355
    0.021026582082361113                      -1.      0.06659280431310174
    0.023817790815281143                      -1.      0.09592822062994796
    0.025543943393419345                      -1.       0.1381711811855266
    0.024661873246261456                      -1.      0.19924618729986887
    0.018316803815575454                      -1.      0.28805950780780387
   0.0012670242596590803                      -1.       0.4181998537026235
    -0.03622943702541452                      -1.       0.6107164938923386
    -0.11323296358634644                      -1.       0.8987852046299932
    -0.42641079686465244                      -1.        1.336046224401291
     -0.9824551342279736                      -1.       1.9341468076001862
     -1.8579517054031345                      -1.       2.7932036988799096
     -3.2664436803495738                      -1.        4.081448611670512
      -5.574270147527693                      -1.        6.080328182572106
      -9.414985982419108                      -1.        9.269615957410215
     -15.886693264431464                      -1.        14.47300133936358
     -26.892437946995656                      -1.       23.111120779214417
      -45.72769964337583                      -1.        37.65287562395025
      -78.09320389985015                      -1.        62.39637258424791
      -133.8701456356517                      -1.       104.78305075960769
     -230.21527273774018                      -1.       177.65943283910536
     -396.91926233641914                      -1.       303.21636047264946
    0.034579098089232096                      -1.     0.030117424123045296
     0.03457555384646927                      -1.      0.03012657896785049
     0.03456787701342304                      -1.      0.03014641268272563
     0.03455192639779072                      -1.     0.030187651329811528
     0.03451974513611658                      -1.     0.030271000885464337
    0.034456292223222024                      -1.     0.030436012846324453
     0.03433370744448223                      -1.     0.030757593763646614
     0.03410195279835911                      -1.      0.03137664288760133
     0.03367594610303392                      -1.     0.032556858604819536
     0.03292640368548805                      -1.      0.03479063139576755
     0.03170949140089584                      -1.      0.03900126265414389
     0.03008505463963192                      -1.        0.046968259236143
     0.03231705931918285                      -1.       0.0643139552060871
     0.03952779012562297                      -1.      0.09367096649066375
     0.04732307918353675                      -1.       0.1363114341181985
     0.05477911499628077                      -1.         0.19845804771219
     0.05988843435846006                      -1.       0.2895082423526081
    0.058534108957094884                      -1.       0.4238691596386848
    0.042307175110061754                      -1.       0.6239972894083725
   -0.019131876097249086                      -1.       0.9303318253976355
    -0.34686513646795597                      -1.       1.4006579527828698
     -0.8616030218539366                      -1.        2.043224560042763
     -1.6752983975349318                      -1.       2.9717525658984463
      -2.988687782298273                      -1.         4.37030518118647
      -5.146645026289479                      -1.        6.547073132840227
      -8.746281583935467                      -1.       10.027427556729734
       -14.8235052452597                      -1.       15.713093823416422
     -25.175551266510904                      -1.       25.157118001616112
      -42.92105430852188                      -1.        41.04690754527865
       -73.4667597111291                      -1.        68.04343441768702
     -126.19159303593713                      -1.       114.21691553696856
     -217.38273674610164                      -1.       193.51177317924467
      -375.3334864648912                      -1.       330.01654233786326
     0.05037671239161534                      -1.     0.035478903485837245
    0.050373986229305015                      -1.     0.035488011360171684
    0.050368328451778556                      -1.     0.035506916354980066
     0.05035691285937076                      -1.      0.03554507919564959
     0.05033436231412341                      -1.      0.03562055993551355
    0.050290575389477225                      -1.      0.03576753688867994
     0.05020686760181524                      -1.     0.036050225617880474
    0.050049460222779535                      -1.      0.03658854450839308
     0.04975965242762916                      -1.      0.03760530518807553
     0.04924306335391586                      -1.      0.03951294446944974
    0.048373816016652714                      -1.     0.043074032856448036
    0.047080882615155695                      -1.      0.04970826726334277
    0.045833508495914936                      -1.      0.06217528912358269
     0.05427858382070554                      -1.      0.08940246820078095
      0.0679446427465061                      -1.      0.13173997709617985
     0.08350054292120161                      -1.      0.19403190506373572
     0.09976404093064319                      -1.      0.28610522915516756
     0.11367858246603171                      -1.      0.42313074623637315
     0.11794405381301795                      -1.        0.628996225782778
     0.03891700950204725                      -1.       0.9619636100825335
     -0.2645024958939993                      -1.       1.4583669167183935
     -0.7355846090802044                      -1.       2.1411782803362818
     -1.4838671629855433                      -1.        3.132796934465969
     -2.6966030082475423                      -1.        4.631726532279618
      -4.696116945360631                      -1.        6.970518025922654
      -8.041320778224417                      -1.       10.716010024194443
     -13.703059482077588                      -1.       16.840823095823076
     -23.367778945728105                      -1.        27.01904476611814
       -39.9677168420006                      -1.         44.1415707735112
      -68.60018881191085                      -1.        73.20751537970689
      -118.1218920243252                      -1.       122.86190861303223
     -203.92137988824604                      -1.       208.04571000759046
      -352.7459540715905                      -1.        354.5721898677517
     0.07132538195761359                      -1.       0.0409508784886567
     0.07132331409403324                      -1.      0.04095992330875349
     0.07131916910057651                      -1.      0.04097805544730427
     0.07131101663734221                      -1.     0.041013730676751875
     0.07129522121356908                      -1.      0.04108291331290706
     0.07126500316736997                      -1.      0.04121553613053855
     0.07120786956436873                      -1.       0.0414673916039244
     0.07110119510296568                      -1.      0.04194194014698111
     0.07090518760436697                      -1.       0.0428301743109769
     0.07055366451926098                      -1.      0.04448330503196609
     0.06994937976037933                      -1.      0.04754527531490342
     0.06899537140082614                      -1.      0.05319651182388253
      0.0677893615047142                      -1.       0.0636229270174548
      0.0682942244792847                      -1.      0.08356144346672877
     0.08715142473932519                      -1.      0.12488636204107068
     0.11048239639301463                      -1.      0.18652780383279544
       0.137485943002396                      -1.      0.27859385905543793
     0.16608934545941637                      -1.      0.41700416860174494
     0.18982283717044504                      -1.       0.6272195153636797
     0.09248661066363599                      -1.       0.9897783059144045
    -0.17981477680745697                      -1.       1.5093808193542866
      -0.605300864065224                      -1.        2.228280425224181
     -1.2852010551286577                      -1.       3.2766983072871185
     -2.3927718247946643                      -1.       4.8662161768560885
      -4.226989689725178                      -1.        7.351413931527825
      -7.307320463898554                      -1.        11.33656021070365
     -12.537612604984865                      -1.        17.85815126504967
     -21.490655191309646                      -1.       28.699312977313493
      -36.90833289959364                      -1.        46.93514920387004
      -63.57229268059292                      -1.        77.87209568123961
     -109.80640602275294                      -1.        130.6753894739258
     -190.08488709572967                      -1.       221.18363549601978
     -329.58759086319475                      -1.        376.7613131557652
     0.09855263665443158                      -1.     0.046318064324248474
     0.09855111229638465                      -1.      0.04632704533449038
     0.09854813988835234                      -1.      0.04634455921652857
     0.09854241764475272                      -1.      0.04637828456677105
     0.09853151794407237                      -1.     0.046442568102530855
      0.0985109483071136                      -1.     0.046564070816279245
      0.0984724725337754                      -1.      0.04679210432025593
     0.09840119377605992                      -1.      0.04721749264854236
     0.09827077075943416                      -1.      0.04800688509176443
     0.09803655363256993                      -1.      0.04946499212926304
     0.09762933824661109                      -1.      0.05214718470787327
     0.09696461476874714                      -1.      0.05706323872708598
     0.09602718392537907                      -1.      0.06605040553780403
      0.0952755837167694                      -1.      0.08250115690521526
     0.10479322493612131                      -1.      0.11616246919000627
     0.13551633032417557                      -1.       0.1764828486798026
     0.17277525417353629                      -1.       0.2676880928377668
     0.21539563953787672                      -1.       0.4064725225335214
     0.25738932797567093                      -1.       0.6201712725587306
      0.1467308985055989                      -1.       1.0138634559197426
    -0.09324736086286493                      -1.       1.5538975975815676
    -0.47156866922338475                      -1.       2.3048126230875896
     -1.0807099726941045                      -1.        3.403863480688577
     -2.0795673071830794                      -1.        5.074389917766031
     -3.7432343456987076                      -1.        7.690746033903508
      -6.550959855177918                      -1.       11.890731051984966
     -11.338548589715437                      -1.       18.767930212200035
     -19.564371956879505                      -1.       30.202569787588775
      -33.78133546740274                      -1.        49.43309163690403
      -58.45720885280616                      -1.        82.03934429010171
     -101.38067284932636                      -1.       137.65211589936104
     -176.10831138662638                      -1.        232.9125777609049
     -306.25614488725967                      -1.        396.5676578099926
     0.13320570854152897                      -1.      0.05127172579572376
      0.1332046440255107                      -1.     0.051280648160357524
     0.13320261228350022                      -1.      0.05129767859094109
     0.13319876843884454                      -1.      0.05132990545580007
      0.1331915511523074                      -1.      0.05139044902821986
     0.13317809255403554                      -1.     0.051503492806515165
      0.1331531646485532                      -1.       0.0517134463361922
     0.13310734196703108                      -1.      0.05210158718680734
       0.133023944191805                      -1.      0.05281620609903784
      0.1328744523875547                      -1.      0.05412706027680605
     0.13261346405545227                      -1.     0.056523443672604826
     0.13218039536776907                      -1.       0.0608903420105113
      0.1315380022067681                      -1.      0.06882504941917546
     0.13086093476057478                      -1.       0.0832159039346392
      0.1313713921813367                      -1.      0.10940683419143728
     0.15850183732451473                      -1.      0.16439120866320744
     0.20549575384598487                      -1.      0.25404616798114166
     0.26141903837897695                      -1.       0.3924472036170788
      0.3194545179188696                      -1.       0.6104103540611965
     0.20165375744148475                      -1.       1.0343320097405864
   -0.005203701469780727                      -1.       1.5921070810003233
    -0.33513325188347604                      -1.        2.371063333894146
     -0.8716869263141475                      -1.        3.514736840707454
      -1.759173353957735                      -1.        5.256958569148016
       -3.24851286029824                      -1.        7.989699112340879
      -5.778405463710667                      -1.       12.380565406310465
     -10.116437009905862                      -1.       19.573752531551925
     -17.608165042602202                      -1.       31.534998187603758
      -30.62360697769575                      -1.        51.64528528628074
      -53.32288661764355                      -1.        85.72454390983029
      -92.96254322438061                      -1.       143.81681617843554
      -162.1902591930079                      -1.       243.27537378580416
      -283.0850773191324                      -1.        414.0687178477568
     0.17628396434688476                      -1.      0.05541185814792906
      0.1762832957431829                      -1.      0.05542072852477883
     0.17628204024588062                      -1.     0.055437386270633805
      0.1762796973097233                      -1.     0.055468478305763756
     0.17627534925153387                      -1.     0.055526209214977536
     0.17626732207987234                      -1.       0.0556329151121694
     0.17625258210491498                      -1.      0.05582935396585956
      0.1762256857323228                      -1.     0.056189698730929286
     0.17617702953905912                      -1.      0.05684859178580214
      0.1760902023114967                      -1.     0.058049846717093255
     0.17593894906924173                      -1.      0.06023387647560536
      0.1756875153648308                      -1.      0.06419414351813922
      0.1753103500505649                      -1.      0.07135634127903888
     0.17488997994979918                      -1.      0.08427759720314515
     0.17501092320575873                      -1.         0.10756335169669
     0.18023704414705835                      -1.      0.15072372262315917
     0.23562023187650347                      -1.      0.23825664491805318
     0.30412851996676127                      -1.      0.37574899451084415
     0.36455740531388353                      -1.       0.6105036962339943
      0.2570898998872357                      -1.       1.0512914405992528
      0.0839476780948634                      -1.        1.624192013468898
      -0.196678342269686                      -1.       2.4273268092670977
     -0.6593214452379189                      -1.        3.609795259454834
     -1.4336013813922817                      -1.         5.41471520359049
     -2.7461972914225288                      -1.        8.249630439803658
      -4.995332173912401                      -1.       12.808442116420665
      -8.881121891220197                      -1.       20.279845896431294
     -15.640630892118029                      -1.        32.70405701013118
      -27.47003540367095                      -1.        53.58513451874163
      -48.22816409066832                      -1.        88.95293722378642
      -84.64651412890578                      -1.        149.2162758548951
      -148.4846737312381                      -1.       252.35522452492629
      -260.3320759061679                      -1.        429.4092493551626
     0.22839725043864406                      -1.      0.05828585502049164
     0.22839692467113448                      -1.      0.05829467999644683
      0.2283963202763425                      -1.      0.05831105416531958
     0.22839520412351172                      -1.      0.05834130022636213
     0.22839315173282063                      -1.     0.058396951653984244
      0.2283893938903316                      -1.      0.05849899266830077
     0.22838254607919514                      -1.      0.05868551217285245
     0.22837014364423547                      -1.      0.05902549508245992
     0.22834788572780776                      -1.     0.059643626039980524
      0.2283085540465904                      -1.     0.060764809554748285
     0.22824101917598807                      -1.      0.06279389047976607
      0.2281316385049052                      -1.       0.0664579888896719
     0.22797724513572012                      -1.      0.07305975505037694
     0.22784255465200742                      -1.      0.08492686008830602
     0.22807573742297368                      -1.      0.10621467343105821
     0.23012353970994215                      -1.      0.14441244883154414
      0.2632019768412595                      -1.       0.2208332437833366
      0.3436011090130098                      -1.       0.3571009774495948
     0.39760730630102403                      -1.       0.6158424470184387
      0.3128804218655684                      -1.       1.0648405962961547
       0.173867448122904                      -1.        1.650329307509389
    -0.05683439319690477                      -1.         2.47390292513303
    -0.44471040796725914                      -1.       3.6895447526695193
     -1.1047036462861193                      -1.        5.548525404872966
     -2.2393847078959475                      -1.        8.472047405607242
      -4.206942891882491                      -1.       13.177029905576024
      -7.641859327403291                      -1.       20.890999360858135
      -13.67976778687988                      -1.       33.718442507129886
     -24.351758821135476                      -1.         55.2693308147464
     -43.219503374140636                      -1.        91.75730834214731
        -76.501806741905                      -1.       153.91127554824868
      -135.1021957519428                      -1.       260.25873555997583
     -238.18397235137007                      -1.       442.77199375447793
        0.28948140318251                      -1.      0.05947239274693737
      0.2894813718388697                      -1.     0.059481178831954855
       0.289481314204627                      -1.     0.059497341965567246
      0.2894812087014907                      -1.      0.05952697376606704
     0.28948101660913045                      -1.     0.059581130669967015
     0.28948066954537316                      -1.       0.0596798378048701
        0.28948005047623                      -1.      0.05985929330853702
      0.2894789722498387                      -1.      0.06018481119669501
     0.28947718350844515                      -1.      0.06077403731847674
     0.28947453212090557                      -1.     0.061838522609877655
      0.2894717785938977                      -1.      0.06375802263993119
     0.28947380015904417                      -1.       0.0672129567042677
      0.2895010949287713                      -1.      0.07341980857468193
     0.28962914928315003                      -1.      0.08454804482604657
     0.29011979408453986                      -1.       0.1044582816490978
     0.29186518752724255                      -1.       0.1400328380093485
     0.29820581704836685                      -1.       0.2038813309735227
     0.37998893965968183                      -1.      0.33712955758590574
     0.42952562633208136                      -1.       0.6200762207468185
      0.3688774782435996                      -1.        1.075070459359703
      0.2642408654096543                      -1.       1.6706914435271107
     0.08381485475063712                      -1.       2.5110975752382143
     -0.2288665915562304                      -1.        3.754518259272415
     -0.7741834949422091                      -1.       5.6593193412667615
     -1.7309081537843496                      -1.        8.658587785607136
      -3.417993678174867                      -1.       13.489247386729382
     -6.4074859597382385                      -1.        21.41252913013763
     -11.742443184542163                      -1.       34.588131472509055
     -21.293801495382578                      -1.       56.717448234976914
      -38.32955193583988                      -1.        94.17510707697033
      -68.57494168319022                      -1.       157.96889877320606
      -122.1178831924746                      -1.        267.1014150925358
      -216.7696838222001                      -1.        454.3538617108804
      0.3585474421195141                      -1.      0.05869641922279247
      0.3585476583765522                      -1.       0.0587051734934647
      0.3585480539791947                      -1.      0.05872118724281893
     0.35854877566292787                      -1.      0.05875039707991177
       0.358550089069154                      -1.      0.05880354056792358
      0.3585524747293051                      -1.      0.05890000337321528
     0.35855680226271097                      -1.      0.05907472545961582
     0.35856464941188215                      -1.      0.05939058194970089
      0.3585788968386928                      -1.      0.05996054845449051
     0.35860487260051915                      -1.      0.06098732676912775
     0.35865267108355925                      -1.       0.0628340686370186
      0.3587422118086337                      -1.      0.06615034597109344
      0.3589152993281658                      -1.      0.07209593679584257
      0.3592670111309099                      -1.      0.08273715079119597
     0.36003349930664685                      -1.       0.1017474773539176
     0.36185333246360196                      -1.      0.13565627390812884
      0.3666384327879896                      -1.      0.19619640212822353
       0.413495888986708                      -1.       0.3163707084439526
     0.46137932493142375                      -1.       0.6227496673511164
     0.42494236445219896                      -1.       1.0820654752226975
      0.3547741008228807                      -1.       1.6854479409797294
     0.22472722395389694                      -1.       2.5392233906186545
   -0.012725228712934184                      -1.       3.8052740454396723
    -0.44360293710355014                      -1.         5.74808473653663
     -1.2233444847098476                      -1.        8.811001137226127
      -2.632836012539057                      -1.        13.74823142831947
     -5.1865219206377695                      -1.        21.85028352993161
       -9.84320982022268                      -1.       35.324312453453786
       -18.3135183546636                      -1.        57.95092824735013
     -33.578584956307374                      -1.        96.24523722750642
      -60.89517018652253                      -1.       161.45641639400668
     -109.58051209218354                      -1.        272.9977848298407
     -196.17344086361254                      -1.        464.3504331848126
     0.43357524964284755                      -1.      0.05593077286211546
      0.4335756683981053                      -1.     0.055939503569432975
      0.4335764319890134                      -1.      0.05595542369069115
     0.43357782087932956                      -1.     0.055984379924908914
      0.4335803414241317                      -1.      0.05603692588529437
      0.4335849065065715                      -1.      0.05613207982863772
      0.4335931601647307                      -1.     0.056304061078880356
     0.43360806168349825                      -1.      0.05661435144445191
     0.43363494010273856                      -1.      0.05717326461214783
      0.4336834118151891                      -1.      0.05817847012153707
      0.4337709168708721                      -1.      0.05998370267888409
      0.4339294048893861                      -1.      0.06322110344800849
     0.43421849801245793                      -1.       0.0690186045704034
      0.4347529790891073                      -1.      0.07938527051049164
     0.43576462346379286                      -1.      0.09789345252710635
      0.4377534274501436                      -1.      0.13089377453572115
      0.4419014460643414                      -1.       0.1897645877100338
     0.45224073840543755                      -1.      0.29631089474389705
      0.4931971112042357                      -1.       0.6238545693734783
     0.48094369118206376                      -1.       1.0859048611584232
       0.445191349620162                      -1.       1.6947668494407944
      0.3653981642603005                      -1.       2.5586006011057156
     0.20285114712587698                      -1.       3.8423943386877815
    -0.11438801550189574                      -1.        5.815860034318808
     -0.7190204201517211                      -1.        8.931130415168731
     -1.8554874643159016                      -1.       13.957320654519272
     -3.9870335436403086                      -1.       22.210646784089764
      -7.992941994811718                      -1.        35.93902309311811
     -15.420891540120724                      -1.        58.99162258623724
     -28.977866911530523                      -1.        98.00536825211263
       -53.4800404654237                      -1.       164.43752830984994
      -97.52002693271669                      -1.        278.0560378188542
      -176.4447175912945                      -1.        472.9475112429407
      0.5116503842155821                      -1.      0.05142901355357506
      0.5116509645316051                      -1.      0.05143773034008999
      0.5116520217470356                      -1.      0.05145361052503215
       0.511653943062161                      -1.     0.051482470195192934
      0.5116574269728955                      -1.      0.05153480149942369
      0.5116637314944416                      -1.      0.05162950166529366
      0.5116751189058405                      -1.      0.05180055532913787
       0.511695651540247                      -1.     0.052108995004162426
      0.5117326136463942                      -1.      0.05266428406448563
      0.5117990474673797                      -1.     0.053662501132293566
      0.5119182659114904                      -1.      0.05545444334828115
      0.5121318525014694                      -1.      0.05866692303357166
      0.5125137507765637                      -1.       0.0644184648521368
      0.5131947581654345                      -1.      0.07470227964696279
      0.5144038827059894                      -1.      0.09306625201250199
      0.5165328213229283                      -1.       0.1258300042279511
      0.5202073287209182                      -1.       0.1843535173981575
      0.5260974902974866                      -1.      0.29008807475636156
      0.5249368825134583                      -1.       0.6234133986136005
      0.5367559098700234                      -1.       1.0866638545511076
      0.5352326081386188                      -1.       1.6988162183162023
      0.5053578565525602                      -1.        2.569557889396766
     0.41706929311618457                      -1.        3.866483877341153
      0.2121675123163513                      -1.        5.863727245270176
     -0.2200191520292151                      -1.        9.020893843503043
     -1.0897258329293165                      -1.       14.120060980844539
      -2.816123042263406                      -1.       22.500452216570697
      -6.198146961194729                      -1.        36.44449699414012
     -12.620418009742677                      -1.        59.86044645974526
     -24.533089493378373                      -1.        99.49036138514204
      -46.33936112211364                      -1.       166.97072208851608
      -85.95227130317961                      -1.       282.37581227270715
     -157.60499327915866                      -1.       480.31706017665783
      0.5893638134014825                      -1.       0.0456648767075186
      0.5893645214213634                      -1.      0.04567359052467215
      0.5893658129157215                      -1.      0.04568948543169856
      0.5893681626472169                      -1.     0.045718405000295385
      0.5893724276637027                      -1.      0.04577089962889646
       0.589380152275337                      -1.      0.04586598590507188
      0.5893941139350083                      -1.     0.046037887319669096
      0.5894192974407647                      -1.      0.04634810619281367
      0.5894646256758895                      -1.     0.046907018458133984
       0.589546011060827                      -1.      0.04791246023028017
      0.5896916613580633                      -1.      0.04971859870733625
      0.5899510626434201                      -1.      0.05295871507292001
       0.590409375790242                      -1.      0.05876386362920229
      0.5912076863841726                      -1.      0.06915206800786951
      0.5925609460199975                      -1.      0.08772261093489175
      0.5947265893498064                      -1.      0.12091129768871262
      0.5976893601225935                      -1.      0.18039280572763716
      0.5827863761088972                      -1.       0.2973404757544724
      0.5565533031462401                      -1.        0.621447048376586
       0.592258142991975                      -1.        1.084414909361788
       0.624652026214365                      -1.       1.6977655083236463
      0.6441691998571497                      -1.       2.5724331125479907
      0.6292030060173802                      -1.        3.878168130531946
      0.5348996415049663                      -1.        5.892804145246936
      0.2718084232683955                      -1.        9.082268746543033
     -0.3391621814264478                      -1.       14.240226411903054
     -1.6791686070473508                      -1.        22.72672667427744
      -4.461454192022975                      -1.        36.85245599085112
      -9.913393977068417                      -1.         60.5765706599688
     -20.246711727336507                      -1.       100.73173685940608
      -39.47739710205423                      -1.        169.1089219993219
      -74.88180373617362                      -1.        286.0475546570847
     -139.65286724966418                      -1.        486.6153899385503
      0.6633754989550938                      -1.      0.03920899957181047
      0.6633763094512447                      -1.     0.039217722683143004
       0.663377793116818                      -1.      0.03923369107556438
      0.6633805010728595                      -1.       0.0392628372883967
      0.6633854303303961                      -1.      0.03931589653155267
      0.6633943806371817                      -1.       0.0394122587150747
      0.6634105932143032                      -1.        0.039586886232039
      0.6634398888201827                      -1.     0.039902721520688036
        0.66349267998927                      -1.     0.040472914217896845
      0.6635874804674509                      -1.      0.04150059452132705
       0.663756866267943                      -1.      0.04334996926539041
      0.6640570643557522                      -1.      0.04667329306241875
      0.6645815203787752                      -1.      0.05263751488884039
      0.6654732639658797                      -1.      0.06332922295447715
      0.6669070741179143                      -1.      0.08248253827970742
      0.6689149481166154                      -1.      0.11682027244533466
      0.6704212424872628                      -1.       0.1787873986747771
      0.6155974193424826                      -1.      0.31428866067598105
       0.588002037976745                      -1.       0.6179737055616321
      0.6473332753820312                      -1.       1.0792288511226136
      0.7132167623096387                      -1.       1.6917869084704065
      0.7814265386543465                      -1.       2.5675737844716315
      0.8385917421729917                      -1.        3.878091012811972
      0.8527721913898274                      -1.        5.904235666121698
      0.7548218038833077                      -1.        9.117281637273482
      0.3927975620844552                      -1.       14.321816980746167
     -0.5792548795572884                      -1.        22.89630083609086
      -2.782942689522628                      -1.        37.17362555166953
      -7.299590416483938                      -1.        61.15718449730029
     -16.119117122560223                      -1.       101.75774214435168
      -32.89397597439464                      -1.       170.89967461368533
      -64.30388641467876                      -1.       289.15251942745664
     -122.56870381042827                      -1.         491.982475497693
      0.7309562034712102                      -1.     0.032604371426641195
      0.7309570993074636                      -1.      0.03261311784317582
      0.7309587491986796                      -1.      0.03262922669080348
      0.7309617768883293                      -1.      0.03265878947724483
      0.7309673148025775                      -1.       0.0327128703155868
      0.7309774134008729                      -1.      0.03281152158235594
      0.7309957742863912                      -1.      0.03299101394685698
      0.7310290542492683                      -1.      0.03331683504853839
      0.7310891574651314                      -1.      0.03390702885457837
      0.7311971764543458                      -1.       0.0349740529692549
       0.731389870700464                      -1.      0.03689977378061277
      0.7317292919588025                      -1.     0.040369756920010186
      0.7323133846498354                      -1.      0.04661383913551942
      0.7332727280654636                      -1.       0.0578385907272886
      0.7346883472211246                      -1.      0.07801529049199389
      0.7361498830973983                      -1.      0.11438979929270009
      0.7265288856142424                      -1.      0.18478501609496206
      0.6507072692502303                      -1.       0.3306297389392151
      0.6192567428344902                      -1.       0.6130174408159341
      0.7018672757923836                      -1.       1.0711759973270305
       0.800706279355831                      -1.        1.681056521103147
      0.9167549937257539                      -1.        2.555337229415512
       1.044639816985165                      -1.       3.8669119887089516
      1.1648749201135853                      -1.        5.899184510116199
       1.227552575900335                      -1.        9.128011219495733
      1.1031853736597605                      -1.       14.368968869770363
     0.48277377542583017                      -1.       23.015446187614675
     -1.1615087201262173                      -1.       37.417573352426714
      -4.778074676758594                      -1.          61.617600300666
     -12.149063732792898                      -1.       102.59362395383461
      -26.58518715525483                      -1.       172.38546565358806
      -54.20629338838787                      -1.        291.7630157278639
     -106.31918394952038                      -1.       496.54199458937245
      0.7903319730975867                      -1.     0.026285083735330495
      0.7903329432503386                      -1.     0.026293870195306258
      0.7903347462719235                      -1.     0.026310200217891405
      0.7903380813616728                      -1.     0.026340408953025262
      0.7903442243277006                      -1.     0.026396063760615606
      0.7903554950788609                      -1.      0.02649822942346318
      0.7903760952741763                      -1.     0.026685174186220306
      0.7904135941169654                      -1.     0.027026269317732353
      0.7904815157828466                      -1.      0.02764702341844468
      0.7906036870509471                      -1.      0.02877411669116038
      0.7908209969353674                      -1.     0.030816347718368622
      0.7911999573072909                      -1.      0.03451013667736966
      0.7918360041834901                      -1.      0.04118164732858401
      0.7928183623491568                      -1.      0.05322309005645603
      0.7940185739376893                      -1.      0.07498475942810308
      0.7940100451295341                      -1.       0.1146622993195782
      0.7536866730856413                      -1.      0.20048649989880485
      0.6883862450598794                      -1.       0.3459846158142714
      0.6505083277861506                      -1.       0.6066898237747561
      0.7557487277869135                      -1.       1.0603272451654122
      0.8869120250267298                      -1.       1.6657553761195625
       1.049810262146442                      -1.       2.5360903333230973
       1.246815899718911                      -1.       3.8453025332284385
       1.470421047302058                      -1.        5.878821281890022
      1.6886517093002806                      -1.        9.116608877574286
      1.7898597008347465                      -1.       14.385739415589116
      1.5076426767306141                      -1.       23.089693823326346
      0.4042678973052823                      -1.       37.592777386257445
      -2.347456603201185                      -1.        61.97146461653925
      -8.333886637421832                      -1.        103.2619059290647
     -20.544030464314027                      -1.       173.60404152969872
      -44.57111346855492                      -1.        293.9428056214385
       -90.8616231572544                      -1.       500.40193201899575
      0.8407569074465417                      -1.     0.020545760450270373
      0.8407579448337156                      -1.     0.020554607890160066
      0.8407598973464896                      -1.     0.020571260785835026
      0.8407635483997128                      -1.     0.020602404916290912
      0.8407703366803733                      -1.     0.020660331228939437
      0.8407828920970317                      -1.       0.0207675592913511
      0.8408059956875888                      -1.      0.02096522660877956
      0.8408482725081559                      -1.      0.02132828161367323
      0.8409250909912764                      -1.     0.021992953157996455
      0.8410632372552073                      -1.      0.02320635695037526
      0.8413074148177431                      -1.      0.02541604162180825
      0.8417253696111312                      -1.     0.029431848544214302
      0.8423946635942494                      -1.      0.03672025243934105
      0.8432997012342347                      -1.      0.04995071721931662
       0.843820349109921                      -1.       0.0740885441250973
      0.8299160395533802                      -1.      0.12321370192569069
      0.7829703590428093                      -1.       0.2149455338492625
      0.7287376884706799                      -1.      0.35992930017410035
      0.6842072528525891                      -1.       0.5999992977947409
      0.8088685573894144                      -1.       1.0467551231071215
      0.9716374416103668                      -1.        1.646070234848742
      1.1802787505359331                      -1.        2.510208840668666
       1.444652541768858                      -1.         3.81394197965686
      1.7687433139187774                      -1.        5.844314912247141
      2.1368437871602586                      -1.        9.085328086444813
      2.4518304441772982                      -1.       14.375828366515881
      2.4967864475104755                      -1.        23.12385610017444
      1.9157998526762512                      -1.        37.70677470873677
   -0.005912446601157008                      -1.       62.230954849406395
       -4.66968517562617                      -1.       103.78262422350554
     -14.761099376100578                      -1.       174.58873103638513
     -35.376481342803615                      -1.       295.74763997947605
      -76.14778014107341                      -1.        503.6556309200755
      0.8823591361528145                      -1.     0.015546856240631905
      0.8823602361890716                      -1.     0.015555791712118464
       0.882362342148934                      -1.     0.015572899407811659
      0.8823663364811246                      -1.     0.015605354745449216
      0.8823738522111758                      -1.     0.015666458606287022
       0.882387892348964                      -1.      0.01578076038881265
       0.882413936151242                      -1.     0.015993400448780733
       0.882461867158138                      -1.     0.016387108530822436
       0.882549172468921                      -1.     0.017113077722571438
      0.8827056900525659                      -1.     0.018446985078409306
       0.882978559431599                      -1.       0.0208906981219876
      0.8834286237548065                      -1.     0.025357723655131177
      0.8840800177244565                      -1.     0.033516477498600566
      0.8846595484682941                      -1.      0.04845950951198461
      0.8827872265757903                      -1.      0.07655373220187332
      0.8526832619540642                      -1.      0.13537700989806162
      0.8146371063354083                      -1.      0.22775635841665695
      0.7718021636239376                      -1.        0.371985568885315
       0.732073790219951                      -1.        0.599892368990758
      0.8611199800249412                      -1.       1.0305348036948476
      1.0546982488574297                      -1.        1.622194145511941
       1.307877901798916                      -1.        2.478076172019906
      1.6377455097890397                      -1.       3.7735128441888452
       2.059287180744553                      -1.        5.796825100070642
       2.570933297484826                      -1.        9.036528896924816
      3.0892653881930463                      -1.        14.34237890217786
       3.451722483903737                      -1.       23.122156315404236
      3.3744793387682632                      -1.        37.76629742039544
      2.2488096704429203                      -1.         62.4069343445605
     -1.1515503334188104                      -1.       104.17353275038043
      -9.225264210158082                      -1.         175.368784304745
      -26.59812145821582                      -1.        297.2259110190475
      -62.12696326362772                      -1.       506.38314677607923
      0.9158707555900711                      -1.     0.011338941166108564
      0.9158719157072203                      -1.     0.011348000268999318
      0.9158741868023788                      -1.     0.011365736846352458
      0.9158785723280096                      -1.     0.011399999585965673
      0.9158869451828587                      -1.     0.011465477642624712
       0.915902770381621                      -1.      0.01158951029362698
      0.9159323856280426                      -1.      0.01182273999873953
      0.9159871800574227                      -1.     0.012258596736989128
       0.916086985548902                      -1.     0.013068873242667546
      0.9162642044303506                      -1.     0.014568661389256641
      0.9165641664774573                      -1.     0.017335229415244995
      0.9170206667534888                      -1.       0.0224281570227031
       0.917517680979726                      -1.     0.031813078040066764
      0.9170584036711565                      -1.     0.049319622492547746
      0.9023212364695125                      -1.       0.0859016208978999
      0.8775835103489339                      -1.      0.14587154940217503
      0.8486741910725536                      -1.       0.2384653945459044
      0.8175294765022187                      -1.      0.38162849909136864
      0.7910233625712639                      -1.       0.6049382573124269
       0.912399099258053                      -1.       1.0117451407704579
      1.1359229392810335                      -1.       1.5943267164237405
      1.4323565734477643                      -1.       2.4400817725101707
      1.8257527343529827                      -1.        3.724695768468969
       2.341599007133428                      -1.        5.737500122115842
      2.9899083565480455                      -1.        8.972605627730465
       3.703140474582175                      -1.       14.287957840664918
       4.373786616521484                      -1.        23.08836169367942
        4.78175041589761                      -1.       37.777372153421176
       4.419345067322509                      -1.        62.50907674148571
      2.2261851045141503                      -1.       104.45029632624669
     -3.9243003971011268                      -1.       175.96973389542984
      -18.21062689518116                      -1.       298.41938102562364
      -48.74837843114609                      -1.         508.652753663627
      0.9423488832183526                      -1.     0.007894101645277637
      0.9423501031351488                      -1.     0.007903331677100405
      0.9423525606246342                      -1.     0.007921929017912579
      0.9423574112737148                      -1.     0.007958660498650646
      0.9423668310282862                      -1.     0.008030108209060234
      0.9423848661846242                      -1.      0.00816741565797046
      0.9424189128352243                      -1.     0.008428730429998815
      0.9424821120801415                      -1.     0.008922091141809904
      0.9425965719945011                      -1.     0.009847472590269156
      0.9427951268162056                      -1.     0.011574149179805591
      0.9431098853681545                      -1.      0.01478429123078712
      0.9434971704870733                      -1.      0.02074766296919031
      0.9434531724517997                      -1.     0.031911185723800896
      0.9371027803906699                      -1.      0.05466560541909717
      0.9221794636961742                      -1.      0.09393598948744164
      0.9045570616090326                      -1.      0.15424188940090502
      0.8849623727777054                      -1.      0.24657810946656888
      0.8657482441386074                      -1.       0.3883047676062893
      0.8535333742787641                      -1.       0.6076507016141469
      0.9626115078971267                      -1.       0.9904703893153545
       1.215153420842861                      -1.       1.5626740804888621
      1.5534953318120248                      -1.       2.3966190381931654
      2.0083927291041372                      -1.        3.668164265219462
      2.6153068400986674                      -1.        5.667485072506189
       3.393130420781678                      -1.        8.895814706017354
       4.294754548237942                      -1.       14.214682678919784
         5.2641226257793                      -1.       23.025870919192744
       6.139155663716089                      -1.        37.74539344420969
        6.50863840927859                      -1.        62.54597371237256
       5.469701606517034                      -1.       104.62668101486493
       1.154575697587391                      -1.       176.41376990644164
     -10.188448925718136                      -1.       299.36393975529217
     -35.962771612004346                      -1.        510.5224733433718
      0.9629525296644144                      -1.     0.005136716616016026
      0.9629538120972295                      -1.     0.005146180748037026
      0.9629564899219177                      -1.     0.005165949358795384
      0.9629619139743518                      -1.     0.005206035708811551
      0.9629726485117123                      -1.     0.005285591684327801
      0.9629934737596137                      -1.     0.005440926677010708
      0.9630330653724386                      -1.     0.005740387154569646
      0.9631064301508312                      -1.     0.006311897693581637
      0.9632369676719167                      -1.     0.007393948375020255
      0.9634515664558564                      -1.     0.009430588314667847
      0.9637395610983812                      -1.     0.013252674833810357
       0.963839999183668                      -1.      0.02045540752752371
      0.9613156264199957                      -1.     0.034765545196971746
      0.9532887588833856                      -1.      0.06040737017868701
      0.9438216177673497                      -1.      0.09985021835323933
      0.9334074771204549                      -1.       0.1600058830057272
      0.9232442780761045                      -1.      0.25158705398054243
      0.9161383826641639                      -1.      0.39146385565472064
      0.9187219965749822                      -1.       0.6068254004203582
      1.0117552587666967                      -1.       0.9668080125914803
      1.2922457394319462                      -1.       1.5274485345875692
      1.6711065452791456                      -1.       2.3480828971420937
       2.185442384451264                      -1.       3.6045794873134374
       2.880093774185197                      -1.        5.587944760292125
      3.7805034827250865                      -1.        8.808064942152749
       4.865362085968734                      -1.       14.124385716542319
       6.123767083745116                      -1.       22.937758647297148
       7.448338553134052                      -1.        37.67518461726144
       8.519860588247244                      -1.       62.525234156888466
       8.585472465558126                      -1.       104.71474300200578
       6.024278671908986                      -1.       176.72011526593732
      -2.506613719384542                      -1.        300.0903482476107
     -23.723479790752553                      -1.        512.0415333996611
      0.9787954009614613                      -1.    0.0029688690269169195
      0.9787967525845344                      -1.    0.0029786519154975178
      0.9787997015559327                      -1.    0.0030000088734394364
      0.9788058525810934                      -1.    0.0030446410699378383
      0.9788182697598947                      -1.     0.003135181055305158
       0.978842648079555                      -1.    0.0033149392234988672
      0.9788891187618477                      -1.    0.0036661032913408074
      0.9789741833609293                      -1.    0.0043436739253776245
      0.9791190807417902                      -1.     0.005639002430950574
      0.9793275162546439                      -1.     0.008100992116299903
      0.9794650516280323                      -1.     0.012783745429973365
       0.978417388557019                      -1.     0.021974252148357215
      0.9749230893987556                      -1.     0.038427849865578366
      0.9709532154859076                      -1.      0.06401402730516194
      0.9669572108686475                      -1.      0.10318004496137205
      0.9637806299285377                      -1.      0.16269479552170654
       0.963099930975383                      -1.       0.2530158163465071
      0.9682144305084399                      -1.       0.3906016259802496
      0.9859876161329137                      -1.       0.6018163771936466
      1.0610674570927554                      -1.       0.9409274823778466
       1.367070827136275                      -1.       1.4888678491820528
       1.785034188187228                      -1.        2.294867140782716
        2.35673408557853                      -1.        3.534585277130026
       3.135671096776497                      -1.        5.500097081420528
       4.152485315731957                      -1.        8.710796182526442
       5.416017491551006                      -1.       14.018731939824296
      6.9537286441500665                      -1.       22.826798483150533
       8.711020504393748                      -1.        37.57105259888309
      10.456328530809603                      -1.        62.45357821234084
      11.580077919048133                      -1.       104.72501327653643
       10.69753210507733                      -1.       176.90538757185954
       4.858794611543192                      -1.        300.6249380588068
     -11.987023219756557                      -1.        513.2516972561274
      0.9908665564007436                      -1.    0.0012884187509498576
      0.9908679890198739                      -1.    0.0012986341119119514
      0.9908712821852146                      -1.    0.0013221407061233495
      0.9908783725418875                      -1.    0.0013729224548814953
       0.990892962894941                      -1.     0.001478321271667632
      0.9909218426498714                      -1.    0.0016911305130860542
      0.9909765401046742                      -1.    0.0021123357942206245
      0.9910732972183217                      -1.     0.002933949104496636
      0.9912213311492383                      -1.     0.004520842166486788
      0.9913539260018314                      -1.      0.00757582268398795
      0.9909373342203006                      -1.     0.013547779686612738
      0.9901836322438315                      -1.     0.023728586852296455
       0.989626756791241                      -1.     0.039917266324416646
      0.9896949175170254                      -1.      0.06505843686148549
      0.9911200754325123                      -1.       0.1035183942715296
      0.9951508787058527                      -1.       0.1619123278571621
      1.0039411746717755                      -1.       0.2504755772095671
      1.0213280897717298                      -1.      0.38531181183117486
      1.0545842585737846                      -1.       0.5921136531688269
      1.1228687836854687                      -1.       0.9144570138816853
      1.4395154069286735                      -1.       1.4471542488523432
      1.8951532973007563                      -1.        2.237361611985472
      2.5221521232516437                      -1.        3.458803838232625
      3.3817696140879154                      -1.        5.405233604702393
       4.509908722585631                      -1.         8.60502054407126
       5.947576678867601                      -1.       13.899272177132882
      7.7550283614466595                      -1.       22.695482183843144
       9.928972636260834                      -1.        37.43683778599231
      12.321432502095496                      -1.       62.336927131091755
      14.460057273472815                      -1.        104.6666741909002
      15.186640902952519                      -1.        176.9839370077997
      11.930337402367172                      -1.        300.9902470849463
      -0.713364495316228                      -1.        514.1884390643733
      1.0000007690312351                      -1.    1.0895586146710226E-5
      1.0000026613699937                      -1.     3.769397856945735E-5
       1.000006970362447                      -1.     9.862118983726862E-5
      1.0000164788343453                      -1.   0.00023245333861708647
      1.0000366813249268                      -1.    0.0005126628753871598
      1.0000767116212261                      -1.    0.0010487376144618491
      1.0001592037011389                      -1.     0.002089579262738239
      1.0003272054131722                      -1.     0.004021673533601722
        1.00066721781788                      -1.      0.00748003891452313
      1.0013382586055908                      -1.     0.013420115371732667
      1.0026099502542798                      -1.      0.02322413209801132
      1.0049132121826128                      -1.      0.03887200378214575
      1.0089204376519674                      -1.      0.06323802355430952
      1.0156797294517346                      -1.      0.10058832019620882
      1.0268378068498412                      -1.      0.15740276019412378
       1.045036063231817                      -1.      0.24372364558945941
      1.0746957717733405                      -1.      0.37533693327451956
       1.123638129171528                      -1.       0.5773758967049425
      1.2071844588851275                      -1.       0.8906553403910025
      1.5094855206525717                      -1.       1.4025328648291924
      2.0013690505008865                      -1.        2.175949364689876
      2.6816283165265054                      -1.       3.3778326300693764
      3.6181726912782413                      -1.        5.304684837753938
       4.853724570202229                      -1.        8.491477222802823
       6.460761945068879                      -1.       13.767452929273848
        8.52870577367063                      -1.        22.54604265329589
      11.103991546919627                      -1.       37.275958916400256
      14.118572752750458                      -1.       62.180488933481236
      17.231797937730793                      -1.       104.54772435437629
      19.503341581115382                      -1.       176.96815384723226
      18.729065415229872                      -1.        301.2055834118909
      10.134060088109074                      -1.        514.8819578593581
      1.0099334255750059                      -1.    1.0074082121489932E-5
      1.0099334297484652                      -1.    3.2615545813247117E-5
      1.0099334639500386                      -1.     8.047578667618874E-5
      1.0099336658735776                      -1.   0.00017863839537411277
        1.00993467176156                      -1.   0.00037509502874383916
      1.0099391923028735                      -1.    0.0007611572806603401
       1.009958183828127                      -1.    0.0015093013814932474
      1.0100346692356517                      -1.    0.0029441949139818193
      1.0103403669757207                      -1.     0.005682408128937689
      1.0117646518101966                      -1.     0.011000624976968701
       1.014977567722289                      -1.     0.020278046810213134
      1.0200541402755994                      -1.      0.03516137288543979
      1.0279062131726817                      -1.     0.058448270720469805
      1.0398932704573238                      -1.      0.09431007739454711
      1.0580625060003492                      -1.      0.14910819992283705
       1.085565944140696                      -1.      0.23270878887374002
       1.127451619406133                      -1.      0.36060747910257696
      1.1921966831712285                      -1.       0.5574620916224489
      1.2951311547399935                      -1.        0.863147024985281
      1.5769451050339407                      -1.         1.35522543244897
      2.1036154652930468                      -1.        2.111003913300277
         2.8351366082666                      -1.       3.2922437472043984
      3.8447961729135054                      -1.        5.199699740640284
       5.184806876824608                      -1.        8.370792019242264
       6.956226855841912                      -1.        13.62460973139816
        9.27580698518119                      -1.       22.380480562059883
      12.237879957744191                      -1.        37.09145362750574
      15.851106804422633                      -1.        61.98883910776863
      19.901457267628725                      -1.       104.37512941316416
      23.658713427018863                      -1.       176.86874265506353
      25.274463727986724                      -1.       301.28751607918633
      20.588454991519654                      -1.        515.3580386783701
      1.0251209093730433                      -1.     9.526297821050363E-6
      1.0251209109322745                      -1.    2.9354990869280093E-5
      1.0251209231478102                      -1.     6.946245318352914E-5
       1.025120992896959                      -1.   0.00014890883967581578
      1.0251213315746868                      -1.    0.0003037904601755321
        1.02512282280139                      -1.    0.0006019686899890909
      1.0251289764905835                      -1.     0.001170250286639645
      1.0251532540366741                      -1.    0.0022444712327010855
      1.0252462201782044                      -1.     0.004262293866316147
      1.0256002096376176                      -1.     0.008040909155390609
      1.0270933026314781                      -1.     0.015194574501848863
      1.0342748045311019                      -1.      0.02891861457253254
      1.0458941119964837                      -1.     0.050827967251529216
      1.0629947833510616                      -1.      0.08483645058499864
      1.0880353181132323                      -1.      0.13719213033100633
      1.1247055037906346                      -1.       0.2175896946233455
       1.178719357954078                      -1.       0.3412587017306764
       1.259295650524066                      -1.       0.5324446392276126
      1.3822160051710122                      -1.       0.8303142531958233
       1.642360576997396                      -1.       1.3053779374617431
      2.2018537609818294                      -1.        2.042886680208796
       2.982686165662103                      -1.        3.202588318897727
       4.061775705277427                      -1.       5.0912755977952155
       5.503875249700527                      -1.        8.243572387222995
       7.434598480783713                      -1.       13.471960215517173
       9.997368972384809                      -1.        22.20059106900239
      13.332430036453587                      -1.       36.886015939771326
       17.52230812950714                      -1.        61.76599542150371
      22.474911593922798                      -1.       104.15495752698531
       27.66313509624959                      -1.        176.6949630189949
       31.58446561684529                      -1.       301.25029640225495
      30.679865691480508                      -1.        515.6387754124966
      1.0483414661361818                      -1.     9.168017644733886E-6
      1.0483414667399142                      -1.     2.722241413502918E-5
      1.0483414712897057                      -1.     6.225915283884512E-5
      1.0483414964744904                      -1.   0.00012946424859898198
      1.0483416157293086                      -1.    0.0002571549920115759
      1.0483421300395295                      -1.    0.0004978664198011433
      1.0483442152983349                      -1.    0.0009486342975731501
      1.0483523107432116                      -1.    0.0017880143744171662
      1.0483827499984477                      -1.     0.003343588699434719
      1.0484947929910786                      -1.     0.006215570325425269
      1.0489053921416542                      -1.     0.011508361320472286
      1.0504955994121372                      -1.     0.021317880434751062
       1.062208193243975                      -1.      0.04075023499942033
      1.0842998103950563                      -1.       0.0725371272999106
       1.116049334385061                      -1.      0.12201980394103921
      1.1617067429526262                      -1.       0.1987197378417307
      1.2276894925011965                      -1.      0.31761917791543826
       1.324031234743744                      -1.       0.5025983412816851
      1.4672170464878498                      -1.       0.7922453984829275
      1.7104256212186204                      -1.        1.252485501472801
      2.2960706661340193                      -1.        1.971944684436598
       3.124312510913169                      -1.       3.1094099782572875
       4.269491347554046                      -1.        4.980045877312565
      5.8115051534674835                      -1.         8.11043477039342
      7.8964977882093885                      -1.       13.310602319917091
      10.694408145935082                      -1.       22.007987197331442
      14.389407852071999                      -1.       36.662031625486165
      19.135336007963136                      -1.        61.51548609347041
       24.95772653116897                      -1.        103.8924994284949
      31.526273784541072                      -1.       176.45483844106408
       37.67551105809769                      -1.       301.10621611906515
       40.43542289367101                      -1.        515.7431729802975
       1.083844006322364                      -1.      8.93368328102768E-6
       1.083844006562898                      -1.      2.58275951381561E-5
      1.0838440083200902                      -1.     5.754781105450252E-5
      1.0838440177918844                      -1.   0.00011674646696212872
      1.0838440616377933                      -1.   0.00022665313055474402
      1.0838442470799727                      -1.    0.0004297802088050561
      1.0838449862859139                      -1.    0.0008037054237039545
      1.0838478130153462                      -1.    0.0014896300281753106
      1.0838582915927273                      -1.    0.0027439773367053367
       1.083896251789376                      -1.     0.005031579021227288
      1.0840316538185264                      -1.     0.009194477099573016
      1.0845127769022422                      -1.     0.016762541799021553
      1.0862817057651692                      -1.     0.030567911969962072
      1.1032906633615984                      -1.      0.05793614772750335
      1.1415525674294802                      -1.      0.10410415120253834
      1.1959661944627231                      -1.       0.1766016661970886
      1.2736852441475928                      -1.        0.290173046678246
       1.385623570526836                      -1.       0.4683665887391336
      1.5491514506374675                      -1.        0.749279401288616
      1.7971265628501751                      -1.       1.1957660272582646
      2.3862790986135467                      -1.       1.8985079378788214
      3.2600671254235025                      -1.       3.0132710166751617
       4.468495032463473                      -1.       4.8663104399848995
       6.108172323021734                      -1.        7.971993989819456
       8.342545708614855                      -1.        13.14151789475613
      11.367915244003848                      -1.       21.804118341579578
       15.41053897471515                      -1.        36.42161171857009
      20.693215364594508                      -1.       61.240410980155694
       27.35514321205239                      -1.       103.59237371589613
       35.25709684050327                      -1.        176.1553360461037
       43.56263196799247                      -1.       300.86590974455015
       49.87960281658688                      -1.        515.6876466183822
      1.1381248046275516                      -1.     8.780416095918602E-6
      1.1381248047254429                      -1.      2.49153090518521E-5
      1.1381248054241535                      -1.     5.446634218998948E-5
      1.1381248091116907                      -1.   0.00010842836181249252
      1.1381248258622512                      -1.    0.0002067033194313501
      1.1381248955194878                      -1.    0.0003852485282169558
      1.1381251689962182                      -1.    0.0007089171239020443
      1.1381262004669357                      -1.    0.0012944942336643257
      1.1381299759183132                      -1.     0.002351977948958011
      1.1381434868097704                      -1.     0.004258491107684982
      1.1381910263765345                      -1.     0.007690598008775711
      1.1383563317015364                      -1.     0.013861705995525341
      1.1389292020713473                      -1.      0.02495261553054657
       1.140959457134216                      -1.      0.04492925086375936
      1.1641844447301835                      -1.      0.08403511162095019
      1.2270618116640675                      -1.      0.15182541848019504
       1.316203794514807                      -1.      0.25950529773250963
       1.443460477565388                      -1.      0.43031191688497905
      1.6272246622762867                      -1.       0.7019117224680803
      1.8979363988253415                      -1.       1.1360859131275365
       2.472541366876898                      -1.       1.8228808329196977
       3.390008611472787                      -1.       2.9147875124934663
       4.659384631743974                      -1.        4.750178266426694
       6.394295043083798                      -1.        7.828843059668983
       8.773361039622399                      -1.       12.965580994377522
      12.018854731840834                      -1.        21.59028456883007
      16.397496113660694                      -1.       36.166623861459996
      22.198824805447924                      -1.        60.94349585096332
      29.672076006755102                      -1.       103.25861848618842
       38.86389812512362                      -1.        175.8025202291286
       49.25955151282392                      -1.        300.5386086686653
       59.03448587035162                      -1.        515.4864348532294
      1.2211161919565925                      -1.     8.680171173784573E-6
      1.2211161919970035                      -1.     2.431862524508237E-5
      1.2211161922809655                      -1.     5.245089706589419E-5
      1.2211161937563413                      -1.   0.00010298787744722485
      1.2211162003605052                      -1.   0.00019365508349279432
      1.2211162274524665                      -1.   0.00035612248501130857
      1.2211163324831846                      -1.    0.0006469209689962709
       1.221116724015423                      -1.    0.0011668685858456677
       1.221118141555804                      -1.     0.002095616085728803
      1.2211231622768628                      -1.    0.0037530407797473045
      1.2211406495373989                      -1.     0.006708305488726841
       1.221200769421977                      -1.     0.011973595984836174
      1.2214055455309016                      -1.     0.021348854872044933
      1.2221009755377819                      -1.       0.0380397241644586
      1.2244993502034731                      -1.      0.06779882058195957
      1.2547585933696406                      -1.      0.12500493564518908
      1.3549280349639765                      -1.       0.2262431971058292
      1.4971162955376758                      -1.      0.38906108469236456
       1.700845411167441                      -1.       0.6507349568350665
       1.997247951905726                      -1.       1.0724747744156888
       2.555146181238742                      -1.        1.745286243145211
      3.5142023183055158                      -1.       2.8146510011128925
       4.842701225744922                      -1.        4.631718508791989
       6.670261693198316                      -1.        7.681537848658783
       9.189553799676215                      -1.       12.783570337763773
      12.648165582073188                      -1.       21.367648621899495
      17.351889621929878                      -1.       35.898721027342454
      23.654890956166565                      -1.        60.62714013578162
      31.913118246916696                      -1.       102.89477063565845
       42.35433343913382                      -1.       175.40168345854673
      54.778788816392975                      -1.        300.1323541259305
       67.92000321537031                      -1.        515.1519408284636
      1.3480039788959488                      -1.     8.614605642531888E-6
       1.348003978912726                      -1.    2.3928362178188683E-5
      1.3480039790298548                      -1.    5.1132688354664784E-5
      1.3480039796321988                      -1.     9.942951029031575E-5
       1.348003982299964                      -1.   0.00018512084150458456
      1.3480039931319172                      -1.    0.0003370725066392207
      1.3480040347162525                      -1.    0.0006063722480301448
      1.3480041882990386                      -1.    0.0010833951737041385
      1.3480047394543158                      -1.    0.0019279459511961075
      1.3480066751881976                      -1.    0.0034224788317600468
      1.3480133627927988                      -1.     0.006066035032002453
      1.3480361676485044                      -1.     0.010740015645195444
      1.3481131339534593                      -1.     0.019000762195597324
      1.3483709589487345                      -1.      0.03359658073262558
      1.3492323824396228                      -1.      0.05938599550404595
      1.3521425595081906                      -1.      0.10500077937950822
      1.3897208624488666                      -1.       0.1910019149228001
       1.546347085923572                      -1.      0.34525417283291937
      1.7696226416172256                      -1.       0.5963846316175011
      2.0918236362260854                      -1.        1.005132361618235
       2.635519378773573                      -1.        1.665571913511333
       3.632736383244661                      -1.       2.7135930783242235
      5.0188881294799605                      -1.        4.511046389794423
       6.936444716148338                      -1.        7.530589654646253
       9.591716602763894                      -1.       12.596184722057037
      13.256761096660593                      -1.       21.137247443523748
      18.275261135226796                      -1.        35.61936731726492
       25.06398740844482                      -1.        60.29345869882375
      34.082553317574096                      -1.       102.50393421393017
       45.73546092683693                      -1.       174.95745732278434
       60.13176335034881                      -1.       299.65417547211854
       76.55416552994157                      -1.        514.6950145815813
      1.5420061638478093                      -1.     8.571722284480925E-6
      1.5420061638546905                      -1.    2.3673109295947606E-5
       1.542006163903324                      -1.     5.027050947825826E-5
      1.5420061641525806                      -1.     9.710214820166574E-5
      1.5420061652493116                      -1.   0.00017953899176789334
      1.5420061696705312                      -1.    0.0003246128052620672
       1.542006186522782                      -1.    0.0005798512324130895
       1.542006248330993                      -1.    0.0010287992029989143
      1.5420064686504087                      -1.    0.0018182814330738417
      1.5420072374223217                      -1.     0.003206278516535542
       1.542009876680389                      -1.     0.005645988370790353
      1.5420188210666883                      -1.      0.00993340143743107
       1.542048818534815                      -1.     0.017466361460758004
      1.5421485839739835                      -1.      0.03069940855160827
      1.5424783478082122                      -1.      0.05394309425707865
      1.5435658573458753                      -1.       0.0947735243445795
      1.5471823161026186                      -1.      0.16655024808114693
      1.5911332417968251                      -1.       0.2994689649543466
      1.8333467508190209                      -1.       0.5394944856733254
      2.1810380051907265                      -1.       0.9346487487790703
       2.718846573126039                      -1.       1.5824612390451533
      3.7457541690633525                      -1.       2.6122621246761932
       5.188299385119678                      -1.        4.388339814163308
       7.193206135796346                      -1.        7.376463737870902
         9.9804168908491                      -1.       12.404058557604227
       13.84552708142477                      -1.       20.900004081421127
       19.16908006286702                      -1.        35.32986079852812
      26.428536912187106                      -1.       59.944318253829145
        36.1843691610217                      -1.       102.08883918096309
       49.01378357992117                      -1.       174.47390665664142
       65.32889542249357                      -1.       299.11023940400275
       84.95327147983168                      -1.        514.1251868539134
      1.8386213753958116                      -1.     8.543674278728048E-6
      1.8386213753984384                      -1.     2.350616028275479E-5
      1.8386213754184408                      -1.     4.970659846071029E-5
      1.8386213755221663                      -1.     9.557992913867527E-5
      1.8386213759781755                      -1.   0.00017588816405253295
      1.8386213778091816                      -1.    0.0003164634956164859
      1.8386213847551673                      -1.    0.0005625050745435887
       1.838621410105629                      -1.     0.000993090540636905
       1.838621500029301                      -1.     0.001746555106417703
      1.8386218123061961                      -1.     0.003064872805917651
      1.8386228793674193                      -1.     0.005371260973274474
      1.8386264790214877                      -1.     0.009405868550676419
       1.838638496398641                      -1.     0.016463009534517566
      1.8386782750330164                      -1.     0.028805936524232165
      1.8388090359169174                      -1.     0.050392141424076664
      1.8392366680404766                      -1.      0.08814252851553124
      1.8406323967831635                      -1.      0.15416761275641108
      1.8452178392987069                      -1.      0.26970519784015334
      1.8924764923182926                      -1.       0.4803568151988667
      2.2646342754646014                      -1.       0.8616321022104741
       2.813356182959625                      -1.        1.494350947970606
      3.8534881531250234                      -1.       2.5110591521568093
        5.35122730568112                      -1.        4.263819218517567
       7.440898952477815                      -1.        7.219581110806911
      10.356192857660789                      -1.       12.207773725844852
      14.415318999466132                      -1.        20.65673982365759
       20.03474235352672                      -1.        35.03135356246492
      27.750815780351743                      -1.        59.58136903127659
        38.2222747632479                      -1.       101.65189182590395
       52.19529187543136                      -1.       173.95460927775844
       70.37970067203014                      -1.        298.5059749558692
       93.13209536896113                      -1.        513.4508632040455
      2.2921244312678586                      -1.      8.52532938545306E-6
      2.2921244312685345                      -1.    2.3396966714545614E-5
       2.292124431276268                      -1.     4.933777054748507E-5
      2.2921244313189906                      -1.     9.458431659927374E-5
      2.2921244315093072                      -1.   0.00017350032781176408
      2.2921244322743877                      -1.    0.0003111334120647449
       2.292124435170592                      -1.    0.0005511597616117177
      2.2921244457083287                      -1.    0.0009697351722004624
      2.2921244829641583                      -1.    0.0016996422820440666
      2.2921246119075214                      -1.     0.002972386074201881
      2.2921250510415065                      -1.     0.005191575584283285
      2.2921265275438367                      -1.     0.009060840245753748
       2.292131440712038                      -1.     0.015806803804349262
       2.292147650326894                      -1.      0.02756775260415118
      2.2922007504881163                      -1.     0.048071150782083516
      2.2923736868450817                      -1.      0.08381484343658717
      2.2929344574485278                      -1.      0.14612744982705517
      2.2947497326464674                      -1.       0.2547677672644735
      2.3006582425208326                      -1.        0.444254325620322
       2.346099778963094                      -1.       0.7845974271221556
      2.9167733007744596                      -1.       1.4022824007835994
      3.9562825419377665                      -1.        2.410054633758407
       5.507927787152748                      -1.        4.137720903417657
       7.679866931966735                      -1.        7.060321698022036
      10.719554422008317                      -1.       12.007865225159172
      14.966959162938531                      -1.       20.408185911774403
       20.87357091560928                      -1.        34.72486928428054
       29.03295974496972                      -1.       59.206072271820474
       40.19971759396353                      -1.       101.19521799006668
      55.285505252622144                      -1.       173.40272354505183
       75.29287750182502                      -1.       297.84617835890833
      101.10405463507638                      -1.        512.6794856249552
      2.9854975749170065                      -1.     8.513330845797982E-6
      2.9854975749166237                      -1.    2.3325548290977485E-5
       2.985497574918788                      -1.    4.9096537400136136E-5
       2.985497574935321                      -1.     9.393313284184557E-5
      2.9854975750137562                      -1.   0.00017193855542258768
      2.9854975753339397                      -1.   0.00030764725285471853
       2.985497576549475                      -1.    0.0005437393213053114
      2.9854975809687705                      -1.    0.0009544595149223596
       2.985497596564185                      -1.    0.0016689587946199405
      2.9854976504219866                      -1.    0.0029118948430217704
       2.985497833423093                      -1.     0.005074051935044776
      2.9854984473172137                      -1.     0.008835174504033502
       2.985500485427087                      -1.      0.01537761761825329
      2.9855071942497933                      -1.     0.026757959546189834
      2.9855291203135046                      -1.     0.046553373897979373
      2.9856003511040963                      -1.      0.08098596163642106
      2.9858306124330913                      -1.       0.1408787211838494
       2.986572191467735                      -1.      0.24505919250204963
       2.988957190874408                      -1.       0.4262924222721531
      2.9966656711381483                      -1.       0.7416660979186733
      3.0387607771663774                      -1.       1.2993879887140947
        4.05463953653682                      -1.       2.3090441850653125
      5.6586364639541165                      -1.        4.010277803728456
       7.910443957589207                      -1.        6.899027867426996
      11.070988031273991                      -1.       11.804821324009952
      15.501234738179821                      -1.       20.154994232928356
      21.686817169553336                      -1.        34.41131858700492
      30.276970708573938                      -1.        58.81972407105846
       42.11990127301393                      -1.       100.72070011047295
       58.28951161871621                      -1.        172.8210456445932
       80.07638705585163                      -1.        297.1351011831418
      108.88135850833629                      -1.       511.81766754153267
       4.045614612958493                      -1.     8.505483160248844E-6
       4.045614612957303                      -1.    2.3278836828858947E-5
       4.045614612956515                      -1.      4.89387580420801E-5
        4.04561461296114                      -1.     9.350722389713152E-5
       4.045614612991337                      -1.   0.00017091707289569345
       4.045614613123238                      -1.   0.00030536711860413787
       4.045614613633033                      -1.    0.0005388859571786693
       4.045614615494556                      -1.    0.0009444684196139305
       4.045614622065868                      -1.    0.0016488901565326975
      4.0456146447366175                      -1.    0.0028723303540705014
       4.045614721659282                      -1.     0.004997185231389953
      4.0456149793088665                      -1.     0.008687577295157277
       4.045615833367263                      -1.     0.015096908379328873
       4.045618640273776                      -1.     0.026228320393026878
       4.045627799516286                      -1.      0.04556071925562279
       4.045657506881411                      -1.      0.07913603426746939
       4.045753368310384                      -1.      0.13744762165215843
       4.046061383806227                      -1.       0.2387202220194171
      4.0470479558788455                      -1.      0.41461056545195746
        4.05020492674273                      -1.       0.7201245844004026
       4.060354857508818                      -1.       1.2509174989647653
       4.160535602783281                      -1.       2.1992961649121727
       5.803577065145975                      -1.        3.881709324293858
       8.132953403648347                      -1.       6.7360078503052785
      11.410962158008246                      -1.        11.59908185532683
       16.01889681722911                      -1.       19.897746716988642
       22.47566334359658                      -1.        34.09151248803614
      31.484723986799256                      -1.       58.423476048176674
      43.985802961939484                      -1.       100.23000897559996
       61.21200441845145                      -1.        172.2120582273502
       84.73752578460959                      -1.       296.37652460429405
       116.4751394631507                      -1.       510.87130696858134
       5.666456355445263                      -1.     8.500350354903473E-6
       5.666456355443188                      -1.      2.32482850386591E-5
      5.6664563554402285                      -1.     4.883556191790533E-5
       5.666456355438529                      -1.      9.32286567075673E-5
       5.666456355446657                      -1.    0.0001702489687851427
       5.666456355496957                      -1.    0.0003038757890660459
       5.666456355706615                      -1.    0.0005357115979178155
       5.666456356488411                      -1.    0.0009379337098767412
       5.666456359264661                      -1.    0.0016357641959353422
       5.666456368852848                      -1.    0.0028464530671719066
       5.666456401371191                      -1.     0.004946910311130455
       5.666456510193885                      -1.     0.008591040888974067
       5.666456870556723                      -1.     0.014913309845966529
      5.6664580536733276                      -1.     0.025881909887005144
       5.666461910240882                      -1.      0.04491148068974032
       5.666474405362609                      -1.       0.0779261453090196
       5.666514680267124                      -1.       0.1352038643236181
       5.666643924377591                      -1.       0.2345763256220446
       5.667057161197774                      -1.      0.40698244540523354
       5.668375059032089                      -1.        0.706109341688645
       5.672575927672303                      -1.       1.2251384934349232
       5.686030808027314                      -1.        2.125906484531609
       5.950643174013383                      -1.       3.7464101534754937
        8.34770775669225                      -1.        6.571538474609807
       11.73993059790354                      -1.       11.391038494469184
       16.52066042194478                      -1.        19.63696346478218
      23.241225240312684                      -1.        33.76617417148054
       32.65797574963897                      -1.        58.01835325901934
      45.800190147271636                      -1.        99.72463096724836
       64.05731704238562                      -1.       171.57797177326628
       89.28299090660157                      -1.       295.57382214769785
      123.89556919312886                      -1.       509.84568171135135
       8.144605333260987                      -1.     8.496993226161698E-6
       8.144605333257704                      -1.    2.3228302536676035E-5
       8.144605333252441                      -1.     4.876806614294505E-5
         8.1446053332461                      -1.     9.304645889259747E-5
       8.144605333242351                      -1.   0.00016981199302607496
       8.144605333254955                      -1.    0.0003029003799246084
       8.144605333333772                      -1.    0.0005336353974798083
       8.144605333654324                      -1.     0.000933659660820423
        8.14460533482176                      -1.     0.001627179116940821
       8.144605338882211                      -1.     0.002829527940209119
       8.144605352674064                      -1.     0.004914027830808554
       8.144605398825792                      -1.      0.00852790093584818
       8.144605551576989                      -1.     0.014793226666868454
        8.14460605275255                      -1.     0.025655339302467908
       8.144607685290305                      -1.       0.0444868462507594
       8.144612970907879                      -1.      0.07713482645773156
       8.144629995426078                      -1.       0.1337364034138418
       8.144684585739647                      -1.      0.23186643601570664
       8.144858968494614                      -1.       0.4019957805417971
       8.145414338980267                      -1.       0.6969572492525278
       8.147179547757467                      -1.        1.208363691807076
       8.152790043579882                      -1.       2.0951056592532926
       8.170715395671646                      -1.       3.6329077077056025
       8.575052717311092                      -1.        6.392626292802611
      12.058333764917721                      -1.       11.181037801884782
      17.007205162917792                      -1.       19.373109781615227
      23.984555284477175                      -1.        33.43594929674757
       33.79837045212981                      -1.         57.6052697245634
       47.56563660543599                      -1.        99.20589145494331
       66.82945451201198                      -1.       170.92075983857706
       93.71893922384372                      -1.       294.73001285038805
      131.15196081142403                      -1.       508.74552976070476
      11.933514635921796                      -1.     8.494797484723922E-6
       11.93351463591673                      -1.     2.321523291349218E-5
      11.933514635908365                      -1.     4.872392030245025E-5
      11.933514635897081                      -1.     9.292729179387357E-5
      11.933514635884443                      -1.   0.00016952618754905076
      11.933514635876326                      -1.    0.0003022624102680155
      11.933514635893989                      -1.    0.0005322774515430559
       11.93351463601221                      -1.    0.0009308642045432538
       11.93351463648999                      -1.    0.0016215640169227358
       11.93351463819949                      -1.    0.0028184580035922513
       11.93351464405017                      -1.    0.0048925209334581615
      11.933514663665031                      -1.      0.00848660403786429
      11.933514728600215                      -1.      0.01471468587104402
       11.93351494159654                      -1.     0.025507150129662728
       11.93351563513215                      -1.      0.04420911315955959
       11.93351787955528                      -1.      0.07661726459614626
      11.933525105244113                      -1.      0.13277662241724913
      11.933548263569435                      -1.      0.23009411965876897
      11.933622200409102                      -1.      0.39873478378708727
      11.933857511186964                      -1.       0.6909744145013192
      11.934604579821206                      -1.       1.1974099210777558
      11.936972988106023                      -1.        2.075064269595247
        11.9444861117737                      -1.       3.5961407634366744
      11.968465762369576                      -1.        6.232746634726598
       12.44241457910517                      -1.       10.928605137134678
      17.479194703855924                      -1.        19.10659263497286
       24.70664574456205                      -1.       33.101415015433474
      34.907448107967866                      -1.        57.18504189962475
        49.2845374284856                      -1.        98.67497491335325
       69.53212248706997                      -1.       170.24218915668473
       98.05103982237021                      -1.         293.847806441303
        138.252858880081                      -1.       507.57511744443434
      17.726481012157606                      -1.     8.493361352590657E-6
      17.726481012149844                      -1.    2.3206684682128936E-5
       17.72648101213691                      -1.     4.869504656577352E-5
       17.72648101211899                      -1.     9.284935014885088E-5
       17.72648101209673                      -1.    0.0001693392555076215
      17.726481012072664                      -1.    0.0003018451440507382
       17.72648101205582                      -1.    0.0005313892823983121
      17.726481012078143                      -1.    0.0009290358268860366
       17.72648101225205                      -1.    0.0016178914417174686
       17.72648101295121                      -1.    0.0028112176740257757
      17.726481015415825                      -1.     0.004878454274415227
      17.726481023746505                      -1.     0.008459593662294741
      17.726481051385825                      -1.     0.014663316000713834
       17.72648114208664                      -1.      0.02541022651917295
      17.726481437392575                      -1.      0.04402746100806731
      17.726482392832022                      -1.      0.07627875218710826
       17.72648546787227                      -1.      0.13214887829577457
      17.726495320295196                      -1.       0.2289349522702282
       17.72652676531368                      -1.       0.3966020431077188
      17.726626803449225                      -1.       0.6870620284904987
       17.72694423678014                      -1.       1.1902495603354204
       17.72794959391096                      -1.       2.0619787446640943
      17.731131186539866                      -1.        3.572224065932677
      17.741215596275843                      -1.        6.188853987664396
      17.773404413939932                      -1.       10.723041789723181
       18.23737399961852                      -1.       18.718270731013828
      25.408728347520547                      -1.        32.76295363257675
       35.98665267295079                      -1.       56.758399848739764
      50.959123071410595                      -1.        98.13294224344403
       72.16875370849209                      -1.       169.54384540449277
      102.28452121181843                      -1.       292.92964185790896
       145.2061187379047                      -1.        506.3382974196549
      26.583504697742196                      -1.     8.492422045498888E-6
       26.58350469773032                      -1.    2.3201093682418262E-5
       26.58350469771049                      -1.      4.86761616003876E-5
      26.583504697682788                      -1.     9.279837215161919E-5
      26.583504697647484                      -1.   0.00016921699197202763
      26.583504697605672                      -1.    0.0003015722296663563
      26.583504697561217                      -1.    0.0005308083723573757
      26.583504697527747                      -1.    0.0009278399702793087
      26.583504697556283                      -1.    0.0016154893814512425
      26.583504697809055                      -1.     0.002806482111924682
       26.58350469881535                      -1.     0.004869253928392729
       26.58350470232487                      -1.     0.008441927434709796
      26.583504714072326                      -1.     0.014629717363703226
      26.583504752719136                      -1.     0.025346833308137237
      26.583504878623703                      -1.     0.043908650831572624
      26.583505285996864                      -1.      0.07605734716464016
      26.583506596940826                      -1.      0.13173830106995707
      26.583510796428637                      -1.      0.22817680025018675
      26.583524196746502                      -1.       0.3952071468833675
      26.583566818232974                      -1.       0.6845032876709443
       26.58370202298676                      -1.       1.1855672452599741
      26.584130047667983                      -1.        2.053425392378882
        26.5854833594425                      -1.       3.5566109978796705
      26.589762686127255                      -1.        6.160317125090558
      26.603327272599085                      -1.       10.670571767620842
      26.646729064325093                      -1.       18.484541794137346
       27.08023557352592                      -1.         32.1486838819525
       37.04079290168472                      -1.        56.32465570903819
       52.59151358587506                      -1.        97.58073237877507
       74.74253311768601                      -1.         168.827155020353
      106.42421350008567                      -1.        291.9777201749398
       152.0189764522433                      -1.        505.0385582063423
       40.12524885300177                      -1.     8.491807688510273E-6
        40.1252488529836                      -1.     2.319743687009809E-5
       40.12524885295326                      -1.      4.86638098247369E-5
       40.12524885291079                      -1.     9.276502981966044E-5
       40.12524885285629                      -1.   0.00016913702509196985
       40.12524885279025                      -1.   0.00030139372908778315
       40.12524885271429                      -1.    0.0005304284261752056
       40.12524885263426                      -1.    0.0009270578162104879
      40.125248852576505                      -1.    0.0016139183057887721
      40.125248852614526                      -1.     0.002803384801475008
       40.12524885297448                      -1.     0.004863236410884435
      40.125248854403544                      -1.      0.00843037277868958
       40.12524885935051                      -1.     0.014607742061457627
       40.12524887578298                      -1.      0.02530537076479122
      40.125248929467666                      -1.     0.043830942640184334
       40.12524910330126                      -1.      0.07591253650114413
       40.12524966278443                      -1.      0.13146976188168685
       40.12525145494679                      -1.      0.22768092969136383
       40.12525717298891                      -1.      0.39429481778329706
      40.125275357466876                      -1.       0.6828297764394026
       40.12533303320108                      -1.       1.1825049942983763
       40.12551557972801                      -1.        2.047832339052747
       40.12609252311213                      -1.        3.546406429169114
       40.12791524631024                      -1.        6.141692929077196
      40.133678905127695                      -1.       10.636481015632794
       40.15198984382571                      -1.        18.42159273091724
       40.21093921206302                      -1.       31.907626300900613
       40.65771815976894                      -1.        55.38385080576448
       54.21044101238572                      -1.        97.01029058177251
       77.25707300392489                      -1.       168.09322190925093
       110.4746142892756                      -1.        290.9940262618323
       158.6981123014279                      -1.        503.6790663130115
       60.82958941663472                      -1.     8.491405866238547E-6
       60.82958941660693                      -1.     2.319504511959962E-5
       60.82958941656053                      -1.     4.865573110398701E-5
       60.82958941649554                      -1.     9.274322215437706E-5
       60.82958941641198                      -1.   0.00016908472248289565
       60.82958941631008                      -1.   0.00030127698017906195
       60.82958941619053                      -1.    0.0005301799210863389
       60.82958941605582                      -1.    0.0009265462456894535
       60.82958941592423                      -1.    0.0016128907384241758
      60.829589415833595                      -1.     0.002801358995072537
       60.82958941588055                      -1.    0.0048593006331541485
       60.82958941638436                      -1.     0.008422815416747382
      60.829589418391386                      -1.     0.014593369040564137
      60.829589425305656                      -1.      0.02527825204805656
       60.82958944813483                      -1.     0.043780117336044075
       60.82958952228942                      -1.      0.07581782260665212
       60.82958976117177                      -1.       0.1312941229770022
      60.829590526537984                      -1.      0.22735660421815115
       60.82959296851509                      -1.      0.39369810777835257
       60.82960073397761                      -1.       0.6817352215077724
      60.829625361425855                      -1.       1.1805021783454734
      60.829703299069266                      -1.        2.044174513769519
      60.829949577216645                      -1.        3.539733922846879
      60.830727345666666                      -1.         6.12952183721239
      60.833184459051445                      -1.       10.614239170285003
       60.84097087287456                      -1.       18.380726254963232
      60.865850782657674                      -1.        31.83155326619505
       60.94685558678117                      -1.       55.130782767482636
       61.47833077528123                      -1.        95.60867403267227
       79.85230491627408                      -1.        167.3040351757233
      114.44540819937585                      -1.        289.9790181255819
      165.25002605092126                      -1.       502.26263662882155
       92.48501823437711                      -1.     8.491143053019128E-6
       92.48501823433463                      -1.    2.3193480787075526E-5
       92.48501823426369                      -1.     4.865044718928512E-5
       92.48501823416429                      -1.     9.272895877694743E-5
       92.48501823403643                      -1.   0.00016905051378406967
       92.48501823388024                      -1.    0.0003012006201594107
       92.48501823369601                      -1.     0.000530017385490271
        92.4850182334848                      -1.    0.0009262116512554084
       92.48501823326517                      -1.    0.0016122186545048337
         92.485018233063                      -1.    0.0028000340095254554
       92.48501823291966                      -1.     0.004856726424383683
       92.48501823297161                      -1.     0.008417872498544421
        92.4850182336661                      -1.     0.014583968317525078
       92.48501823645813                      -1.      0.02526051495950706
       92.48501824605249                      -1.     0.043746874874041226
       92.48501827758282                      -1.      0.07575587466572112
       92.48501837951207                      -1.      0.13117924577229112
       92.48501870642903                      -1.       0.2271444781347026
       92.48501974978636                      -1.         0.39330782808834
        92.4850230678068                      -1.       0.6810193269817902
       92.48503359028031                      -1.       1.1791922454709154
       92.48506688829738                      -1.       2.0417821872983506
       92.48517209792129                      -1.         3.53537022444265
       92.48550430234872                      -1.        6.121563923177788
        92.4865533950798                      -1.       10.599706004238836
       92.48987463979482                      -1.       18.354073401127057
       92.50045808984324                      -1.       31.782216510835173
       92.53463728706683                      -1.       55.037652212517514
       92.64804644324165                      -1.        95.31936586084505
       93.36823655280863                      -1.       165.24411050019364
      118.81891911081526                      -1.       288.81594586245507
      171.70674824390585                      -1.       500.78621930956916
       140.8838634212299                      -1.     8.490971159141746E-6
      140.88386342116496                      -1.    2.3192457630083402E-5
       140.8838634210565                      -1.     4.864699122695631E-5
      140.88386342090453                      -1.     9.271962976657162E-5
      140.88386342070902                      -1.    0.0001690281394685986
      140.88386342047005                      -1.   0.00030115067662961646
      140.88386342018774                      -1.    0.0005299110785324953
      140.88386341986254                      -1.    0.0009259928086311923
      140.88386341951875                      -1.    0.0016117790757383178
       140.8838634191825                      -1.    0.0027991673982353067
      140.88386341887139                      -1.     0.004855042754408199
       140.8838634186438                      -1.     0.008414639566132812
       140.8838634186909                      -1.     0.014577819742747376
      140.88386341963488                      -1.     0.025248913956618782
      140.88386342348707                      -1.      0.04372513252918279
      140.88386343671743                      -1.      0.07571535740568296
      140.88386348004417                      -1.      0.13110410995145477
      140.88386361955193                      -1.       0.2270057363753412
      140.88386406532166                      -1.       0.3930525644715295
       140.8838654834196                      -1.       0.6805510945021869
      140.88386998100555                      -1.       1.1783354836397035
      140.88388421336262                      -1.        2.040217501217608
      140.88392918045432                      -1.        3.532516260019317
      140.88407115449098                      -1.        6.116359722264787
      140.88451942867985                      -1.       10.590204288782887
      140.88593801386102                      -1.       18.336660839672465
      140.89045363543656                      -1.       31.750053557029105
      140.90499300832747                      -1.        54.97732803282404
       140.9528046636205                      -1.        95.20288163107278
       141.1162590456866                      -1.       164.87993758246697
       142.2157732791742                      -1.        285.8015908962859
       179.2615234446023                      -1.        498.9927246988249
      214.88217280783482                      -1.     8.490858731368342E-6
      214.88217280773554                      -1.    2.3191788430783133E-5
      214.88217280756976                      -1.     4.864473084307581E-5
      214.88217280733747                      -1.     9.271352809570016E-5
      214.88217280703861                      -1.   0.00016901350547169242
      214.88217280667325                      -1.     0.000301118010894593
      214.88217280624139                      -1.    0.0005298415481062688
       214.8821728057432                      -1.    0.0009258496738707158
       214.8821728052142                      -1.    0.0016114915677554402
      214.88217280468848                      -1.    0.0027986005881822625
       214.8821728041735                      -1.     0.004853941544351353
       214.8821728036942                      -1.     0.008412525055726155
      214.88217280333245                      -1.     0.014573798246565052
      214.88217280335425                      -1.     0.025241326281346888
      214.88217280461976                      -1.     0.043710911874837416
      214.88217280989545                      -1.      0.07568885695457682
      214.88217282804047                      -1.      0.13105496711426617
      214.88217288731198                      -1.      0.22691499186393385
      214.88217307753624                      -1.      0.39288560847493864
      214.88217368350158                      -1.       0.6802448456687656
      214.88217560613697                      -1.       1.1777751168025574
       214.8821816908605                      -1.        2.039194119267894
      214.88220091571105                      -1.       3.5306496494174673
      214.88226161210363                      -1.        6.112956086301888
      214.88245324236917                      -1.       10.583990670610103
      214.88305955915587                      -1.       18.325277403379385
       214.8849887260284                      -1.        31.72904524362619
        214.891192837993                      -1.        54.93802302086403
      214.91152601055998                      -1.        95.12754262343384
      214.98034353475262                      -1.       164.72930306116055
      215.22619796833882                      -1.       285.29482703007966
       217.1267687723514                      -1.        494.5511518702294
       328.0201985383154                      -1.     8.490785197601901E-6
       328.0201985381636                      -1.    2.3191350738711483E-5
      328.02019853791006                      -1.     4.864325243133362E-5
      328.02019853755473                      -1.     9.270953727717553E-5
       328.0201985370977                      -1.   0.00016900393405639102
        328.020198536539                      -1.   0.00030109664575982955
       328.0201985358786                      -1.    0.0005297960714952136
       328.0201985351165                      -1.    0.0009257560560952479
       328.0201985343052                      -1.    0.0016113035221842844
       328.0201985334969                      -1.     0.002798229864144985
       328.0201985326926                      -1.     0.004853221294179412
      328.02019853190365                      -1.      0.00841114205302431
       328.0201985311651                      -1.     0.014571167973350209
       328.0201985305906                      -1.     0.025236363536606944
      328.02019853054804                      -1.     0.043701610807650455
       328.0201985322205                      -1.      0.07567152424472644
       328.0201985393965                      -1.       0.1310228250752927
        328.020198564161                      -1.      0.22685564011039544
       328.0201986449282                      -1.       0.3927764103495504
      328.02019890348527                      -1.        0.680044542637813
      328.02019972510175                      -1.        1.177408607286454
      328.02020232655605                      -1.       2.0385247745573256
       328.0202105470149                      -1.       3.5294287958753663
       328.0202365010926                      -1.        6.110729978443818
      328.02031844098855                      -1.       10.579926908559765
       328.0205776782612                      -1.        18.31783347195209
      328.02140235737215                      -1.        31.71531224263349
       328.0240531729491                      -1.        54.91235545587837
      328.03272916268344                      -1.        95.07848463039635
      328.06198160788307                      -1.       164.63204417661905
       328.1653057588116                      -1.       285.09045432820716
      328.55701472046024                      -1.        493.7626821612568
       501.0000000000185                      -1.     8.490737139582264E-6
       501.0000000000185                      -1.    2.3191064701183988E-5
       501.0000000000185                      -1.     4.864228632882729E-5
       501.0000000000185                      -1.     9.270692955338948E-5
       501.0000000000185                      -1.   0.00016899768022689637
       501.0000000000185                      -1.   0.00030108268707965564
       501.0000000000185                      -1.    0.0005297663620645176
       501.0000000000185                      -1.    0.0009256949012549024
       501.0000000000185                      -1.    0.0016111806847214662
       501.0000000000185                      -1.     0.002797987681386847
       501.0000000000185                      -1.     0.004852750740320251
       501.0000000000185                      -1.      0.00841023843912407
       501.0000000000185                      -1.      0.01456944930551968
       501.0000000000185                      -1.     0.025233120583748235
       501.0000000000185                      -1.      0.04369553260066059
       501.0000000000185                      -1.      0.07566019685363494
       501.0000000000185                      -1.      0.13100181852679832
       501.0000000000185                      -1.      0.22681684918189815
       501.0000000000185                      -1.       0.3927050388349991
       501.0000000000185                      -1.       0.6799136219910974
       501.0000000000185                      -1.       1.1771690475530459
       501.0000000000185                      -1.       2.0380872719965932
       501.0000000000185                      -1.       3.5286308345223962
       501.0000000000185                      -1.        6.109275154889997
       501.0000000000185                      -1.       10.577272135342312
       501.0000000000185                      -1.        18.31297568002257
       501.0000000000185                      -1.       31.706375204058357
       501.0000000000185                      -1.       54.895756985214504
       501.0000000000185                      -1.        95.04713372858485
       501.0000000000185                      -1.       164.57113919460363
       501.0000000000185                      -1.       284.96713144944476
       501.0000000000185                      -1.       493.49850840708314
))
(0 "Faces:")
(13 (0 1 3878 0))
(13 (1 1 e00 7 4)(
1 22 23 2 1 0
2 23 24 3 2 0
3 24 25 4 3 0
4 25 26 5 4 0
5 26 27 6 5 0
6 27 28 7 6 0
7 28 29 8 7 0
8 29 2a 9 8 0
9 2a 2b a 9 0
a 2b 2c b a 0
b 2c 2d c b 0
c 2d 2e d c 0
d 2e 2f e d 0
e 2f 30 f e 0
f 30 31 10 f 0
10 31 32 11 10 0
11 32 33 12 11 0
12 33 34 13 12 0
13 34 35 14 13 0
14 35 36 15 14 0
15 36 37 16 15 0
16 37 38 17 16 0
17 38 39 18 17 0
18 39 3a 19 18 0
19 3a 3b 1a 19 0
1a 3b 3c 1b 1a 0
1b 3c 3d 1c 1b 0
1c 3d 3e 1d 1c 0
1d 3e 3f 1e 1d 0
1e 3f 40 1f 1e 0
1f 40 41 20 1f 0
20 41 42 21 20 0
22 43 44 23 21 0
23 44 45 24 22 0
24 45 46 25 23 0
25 46 47 26 24 0
26 47 48 27 25 0
27 48 49 28 26 0
28 49 4a 29 27 0
29 4a 4b 2a 28 0
2a 4b 4c 2b 29 0
2b 4c 4d 2c 2a 0
2c 4d 4e 2d 2b 0
2d 4e 4f 2e 2c 0
2e 4f 50 2f 2d 0
2f 50 51 30 2e 0
30 51 52 31 2f 0
31 52 53 32 30 0
32 53 54 33 31 0
33 54 55 34 32 0
34 55 56 35 33 0
35 56 57 36 34 0
36 57 58 37 35 0
37 58 59 38 36 0
38 59 5a 39 37 0
39 5a 5b 3a 38 0
3a 5b 5c 3b 39 0
3b 5c 5d 3c 3a 0
3c 5d 5e 3d 3b 0
3d 5e 5f 3e 3c 0
3e 5f 60 3f 3d 0
3f 60 61 40 3e 0
40 61 62 41 3f 0
41 62 63 42 40 0
43 64 65 44 41 0
44 65 66 45 42 0
45 66 67 46 43 0
46 67 68 47 44 0
47 68 69 48 45 0
48 69 6a 49 46 0
49 6a 6b 4a 47 0
4a 6b 6c 4b 48 0
4b 6c 6d 4c 49 0
4c 6d 6e 4d 4a 0
4d 6e 6f 4e 4b 0
4e 6f 70 4f 4c 0
4f 70 71 50 4d 0
50 71 72 51 4e 0
51 72 73 52 4f 0
52 73 74 53 50 0
53 74 75 54 51 0
54 75 76 55 52 0
55 76 77 56 53 0
56 77 78 57 54 0
57 78 79 58 55 0
58 79 7a 59 56 0
59 7a 7b 5a 57 0
5a 7b 7c 5b 58 0
5b 7c 7d 5c 59 0
5c 7d 7e 5d 5a 0
5d 7e 7f 5e 5b 0
5e 7f 80 5f 5c 0
5f 80 81 60 5d 0
60 81 82 61 5e 0
61 82 83 62 5f 0
62 83 84 63 60 0
64 85 86 65 61 0
65 86 87 66 62 0
66 87 88 67 63 0
67 88 89 68 64 0
68 89 8a 69 65 0
69 8a 8b 6a 66 0
6a 8b 8c 6b 67 0
6b 8c 8d 6c 68 0
6c 8d 8e 6d 69 0
6d 8e 8f 6e 6a 0
6e 8f 90 6f 6b 0
6f 90 91 70 6c 0
70 91 92 71 6d 0
71 92 93 72 6e 0
72 93 94 73 6f 0
73 94 95 74 70 0
74 95 96 75 71 0
75 96 97 76 72 0
76 97 98 77 73 0
77 98 99 78 74 0
78 99 9a 79 75 0
79 9a 9b 7a 76 0
7a 9b 9c 7b 77 0
7b 9c 9d 7c 78 0
7c 9d 9e 7d 79 0
7d 9e 9f 7e 7a 0
7e 9f a0 7f 7b 0
7f a0 a1 80 7c 0
80 a1 a2 81 7d 0
81 a2 a3 82 7e 0
82 a3 a4 83 7f 0
83 a4 a5 84 80 0
85 a6 a7 86 81 0
86 a7 a8 87 82 0
87 a8 a9 88 83 0
88 a9 aa 89 84 0
89 aa ab 8a 85 0
8a ab ac 8b 86 0
8b ac ad 8c 87 0
8c ad ae 8d 88 0
8d ae af 8e 89 0
8e af b0 8f 8a 0
8f b0 b1 90 8b 0
90 b1 b2 91 8c 0
91 b2 b3 92 8d 0
92 b3 b4 93 8e 0
93 b4 b5 94 8f 0
94 b5 b6 95 90 0
95 b6 b7 96 91 0
96 b7 b8 97 92 0
97 b8 b9 98 93 0
98 b9 ba 99 94 0
99 ba bb 9a 95 0
9a bb bc 9b 96 0
9b bc bd 9c 97 0
9c bd be 9d 98 0
9d be bf 9e 99 0
9e bf c0 9f 9a 0
9f c0 c1 a0 9b 0
a0 c1 c2 a1 9c 0
a1 c2 c3 a2 9d 0
a2 c3 c4 a3 9e 0
a3 c4 c5 a4 9f 0
a4 c5 c6 a5 a0 0
a6 c7 c8 a7 a1 0
a7 c8 c9 a8 a2 0
a8 c9 ca a9 a3 0
a9 ca cb aa a4 0
aa cb cc ab a5 0
ab cc cd ac a6 0
ac cd ce ad a7 0
ad ce cf ae a8 0
ae cf d0 af a9 0
af d0 d1 b0 aa 0
b0 d1 d2 b1 ab 0
b1 d2 d3 b2 ac 0
b2 d3 d4 b3 ad 0
b3 d4 d5 b4 ae 0
b4 d5 d6 b5 af 0
b5 d6 d7 b6 b0 0
b6 d7 d8 b7 b1 0
b7 d8 d9 b8 b2 0
b8 d9 da b9 b3 0
b9 da db ba b4 0
ba db dc bb b5 0
bb dc dd bc b6 0
bc dd de bd b7 0
bd de df be b8 0
be df e0 bf b9 0
bf e0 e1 c0 ba 0
c0 e1 e2 c1 bb 0
c1 e2 e3 c2 bc 0
c2 e3 e4 c3 bd 0
c3 e4 e5 c4 be 0
c4 e5 e6 c5 bf 0
c5 e6 e7 c6 c0 0
c7 e8 e9 c8 c1 0
c8 e9 ea c9 c2 0
c9 ea eb ca c3 0
ca eb ec cb c4 0
cb ec ed cc c5 0
cc ed ee cd c6 0
cd ee ef ce c7 0
ce ef f0 cf c8 0
cf f0 f1 d0 c9 0
d0 f1 f2 d1 ca 0
d1 f2 f3 d2 cb 0
d2 f3 f4 d3 cc 0
d3 f4 f5 d4 cd 0
d4 f5 f6 d5 ce 0
d5 f6 f7 d6 cf 0
d6 f7 f8 d7 d0 0
d7 f8 f9 d8 d1 0
d8 f9 fa d9 d2 0
d9 fa fb da d3 0
da fb fc db d4 0
db fc fd dc d5 0
dc fd fe dd d6 0
dd fe ff de d7 0
de ff 100 df d8 0
df 100 101 e0 d9 0
e0 101 102 e1 da 0
e1 102 103 e2 db 0
e2 103 104 e3 dc 0
e3 104 105 e4 dd 0
e4 105 106 e5 de 0
e5 106 107 e6 df 0
e6 107 108 e7 e0 0
e8 109 10a e9 e1 0
e9 10a 10b ea e2 0
ea 10b 10c eb e3 0
eb 10c 10d ec e4 0
ec 10d 10e ed e5 0
ed 10e 10f ee e6 0
ee 10f 110 ef e7 0
ef 110 111 f0 e8 0
f0 111 112 f1 e9 0
f1 112 113 f2 ea 0
f2 113 114 f3 eb 0
f3 114 115 f4 ec 0
f4 115 116 f5 ed 0
f5 116 117 f6 ee 0
f6 117 118 f7 ef 0
f7 118 119 f8 f0 0
f8 119 11a f9 f1 0
f9 11a 11b fa f2 0
fa 11b 11c fb f3 0
fb 11c 11d fc f4 0
fc 11d 11e fd f5 0
fd 11e 11f fe f6 0
fe 11f 120 ff f7 0
ff 120 121 100 f8 0
100 121 122 101 f9 0
101 122 123 102 fa 0
102 123 124 103 fb 0
103 124 125 104 fc 0
104 125 126 105 fd 0
105 126 127 106 fe 0
106 127 128 107 ff 0
107 128 129 108 100 0
109 12a 12b 10a 101 0
10a 12b 12c 10b 102 0
10b 12c 12d 10c 103 0
10c 12d 12e 10d 104 0
10d 12e 12f 10e 105 0
10e 12f 130 10f 106 0
10f 130 131 110 107 0
110 131 132 111 108 0
111 132 133 112 109 0
112 133 134 113 10a 0
113 134 135 114 10b 0
114 135 136 115 10c 0
115 136 137 116 10d 0
116 137 138 117 10e 0
117 138 139 118 10f 0
118 139 13a 119 110 0
119 13a 13b 11a 111 0
11a 13b 13c 11b 112 0
11b 13c 13d 11c 113 0
11c 13d 13e 11d 114 0
11d 13e 13f 11e 115 0
11e 13f 140 11f 116 0
11f 140 141 120 117 0
120 141 142 121 118 0
121 142 143 122 119 0
122 143 144 123 11a 0
123 144 145 124 11b 0
124 145 146 125 11c 0
125 146 147 126 11d 0
126 147 148 127 11e 0
127 148 149 128 11f 0
128 149 14a 129 120 0
12a 14b 14c 12b 121 0
12b 14c 14d 12c 122 0
12c 14d 14e 12d 123 0
12d 14e 14f 12e 124 0
12e 14f 150 12f 125 0
12f 150 151 130 126 0
130 151 152 131 127 0
131 152 153 132 128 0
132 153 154 133 129 0
133 154 155 134 12a 0
134 155 156 135 12b 0
135 156 157 136 12c 0
136 157 158 137 12d 0
137 158 159 138 12e 0
138 159 15a 139 12f 0
139 15a 15b 13a 130 0
13a 15b 15c 13b 131 0
13b 15c 15d 13c 132 0
13c 15d 15e 13d 133 0
13d 15e 15f 13e 134 0
13e 15f 160 13f 135 0
13f 160 161 140 136 0
140 161 162 141 137 0
141 162 163 142 138 0
142 163 164 143 139 0
143 164 165 144 13a 0
144 165 166 145 13b 0
145 166 167 146 13c 0
146 167 168 147 13d 0
147 168 169 148 13e 0
148 169 16a 149 13f 0
149 16a 16b 14a 140 0
14b 16c 16d 14c 141 0
14c 16d 16e 14d 142 0
14d 16e 16f 14e 143 0
14e 16f 170 14f 144 0
14f 170 171 150 145 0
150 171 172 151 146 0
151 172 173 152 147 0
152 173 174 153 148 0
153 174 175 154 149 0
154 175 176 155 14a 0
155 176 177 156 14b 0
156 177 178 157 14c 0
157 178 179 158 14d 0
158 179 17a 159 14e 0
159 17a 17b 15a 14f 0
15a 17b 17c 15b 150 0
15b 17c 17d 15c 151 0
15c 17d 17e 15d 152 0
15d 17e 17f 15e 153 0
15e 17f 180 15f 154 0
15f 180 181 160 155 0
160 181 182 161 156 0
161 182 183 162 157 0
162 183 184 163 158 0
163 184 185 164 159 0
164 185 186 165 15a 0
165 186 187 166 15b 0
166 187 188 167 15c 0
167 188 189 168 15d 0
168 189 18a 169 15e 0
169 18a 18b 16a 15f 0
16a 18b 18c 16b 160 0
16c 18d 18e 16d 161 0
16d 18e 18f 16e 162 0
16e 18f 190 16f 163 0
16f 190 191 170 164 0
170 191 192 171 165 0
171 192 193 172 166 0
172 193 194 173 167 0
173 194 195 174 168 0
174 195 196 175 169 0
175 196 197 176 16a 0
176 197 198 177 16b 0
177 198 199 178 16c 0
178 199 19a 179 16d 0
179 19a 19b 17a 16e 0
17a 19b 19c 17b 16f 0
17b 19c 19d 17c 170 0
17c 19d 19e 17d 171 0
17d 19e 19f 17e 172 0
17e 19f 1a0 17f 173 0
17f 1a0 1a1 180 174 0
180 1a1 1a2 181 175 0
181 1a2 1a3 182 176 0
182 1a3 1a4 183 177 0
183 1a4 1a5 184 178 0
184 1a5 1a6 185 179 0
185 1a6 1a7 186 17a 0
186 1a7 1a8 187 17b 0
187 1a8 1a9 188 17c 0
188 1a9 1aa 189 17d 0
189 1aa 1ab 18a 17e 0
18a 1ab 1ac 18b 17f 0
18b 1ac 1ad 18c 180 0
18d 1ae 1af 18e 181 0
18e 1af 1b0 18f 182 0
18f 1b0 1b1 190 183 0
190 1b1 1b2 191 184 0
191 1b2 1b3 192 185 0
192 1b3 1b4 193 186 0
193 1b4 1b5 194 187 0
194 1b5 1b6 195 188 0
195 1b6 1b7 196 189 0
196 1b7 1b8 197 18a 0
197 1b8 1b9 198 18b 0
198 1b9 1ba 199 18c 0
199 1ba 1bb 19a 18d 0
19a 1bb 1bc 19b 18e 0
19b 1bc 1bd 19c 18f 0
19c 1bd 1be 19d 190 0
19d 1be 1bf 19e 191 0
19e 1bf 1c0 19f 192 0
19f 1c0 1c1 1a0 193 0
1a0 1c1 1c2 1a1 194 0
1a1 1c2 1c3 1a2 195 0
1a2 1c3 1c4 1a3 196 0
1a3 1c4 1c5 1a4 197 0
1a4 1c5 1c6 1a5 198 0
1a5 1c6 1c7 1a6 199 0
1a6 1c7 1c8 1a7 19a 0
1a7 1c8 1c9 1a8 19b 0
1a8 1c9 1ca 1a9 19c 0
1a9 1ca 1cb 1aa 19d 0
1aa 1cb 1cc 1ab 19e 0
1ab 1cc 1cd 1ac 19f 0
1ac 1cd 1ce 1ad 1a0 0
1ae 1cf 1d0 1af 1a1 0
1af 1d0 1d1 1b0 1a2 0
1b0 1d1 1d2 1b1 1a3 0
1b1 1d2 1d3 1b2 1a4 0
1b2 1d3 1d4 1b3 1a5 0
1b3 1d4 1d5 1b4 1a6 0
1b4 1d5 1d6 1b5 1a7 0
1b5 1d6 1d7 1b6 1a8 0
1b6 1d7 1d8 1b7 1a9 0
1b7 1d8 1d9 1b8 1aa 0
1b8 1d9 1da 1b9 1ab 0
1b9 1da 1db 1ba 1ac 0
1ba 1db 1dc 1bb 1ad 0
1bb 1dc 1dd 1bc 1ae 0
1bc 1dd 1de 1bd 1af 0
1bd 1de 1df 1be 1b0 0
1be 1df 1e0 1bf 1b1 0
1bf 1e0 1e1 1c0 1b2 0
1c0 1e1 1e2 1c1 1b3 0
1c1 1e2 1e3 1c2 1b4 0
1c2 1e3 1e4 1c3 1b5 0
1c3 1e4 1e5 1c4 1b6 0
1c4 1e5 1e6 1c5 1b7 0
1c5 1e6 1e7 1c6 1b8 0
1c6 1e7 1e8 1c7 1b9 0
1c7 1e8 1e9 1c8 1ba 0
1c8 1e9 1ea 1c9 1bb 0
1c9 1ea 1eb 1ca 1bc 0
1ca 1eb 1ec 1cb 1bd 0
1cb 1ec 1ed 1cc 1be 0
1cc 1ed 1ee 1cd 1bf 0
1cd 1ee 1ef 1ce 1c0 0
1cf 1f0 1f1 1d0 1c1 0
1d0 1f1 1f2 1d1 1c2 0
1d1 1f2 1f3 1d2 1c3 0
1d2 1f3 1f4 1d3 1c4 0
1d3 1f4 1f5 1d4 1c5 0
1d4 1f5 1f6 1d5 1c6 0
1d5 1f6 1f7 1d6 1c7 0
1d6 1f7 1f8 1d7 1c8 0
1d7 1f8 1f9 1d8 1c9 0
1d8 1f9 1fa 1d9 1ca 0
1d9 1fa 1fb 1da 1cb 0
1da 1fb 1fc 1db 1cc 0
1db 1fc 1fd 1dc 1cd 0
1dc 1fd 1fe 1dd 1ce 0
1dd 1fe 1ff 1de 1cf 0
1de 1ff 200 1df 1d0 0
1df 200 201 1e0 1d1 0
1e0 201 202 1e1 1d2 0
1e1 202 203 1e2 1d3 0
1e2 203 204 1e3 1d4 0
1e3 204 205 1e4 1d5 0
1e4 205 206 1e5 1d6 0
1e5 206 207 1e6 1d7 0
1e6 207 208 1e7 1d8 0
1e7 208 209 1e8 1d9 0
1e8 209 20a 1e9 1da 0
1e9 20a 20b 1ea 1db 0
1ea 20b 20c 1eb 1dc 0
1eb 20c 20d 1ec 1dd 0
1ec 20d 20e 1ed 1de 0
1ed 20e 20f 1ee 1df 0
1ee 20f 210 1ef 1e0 0
1f0 211 212 1f1 1e1 0
1f1 212 213 1f2 1e2 0
1f2 213 214 1f3 1e3 0
1f3 214 215 1f4 1e4 0
1f4 215 216 1f5 1e5 0
1f5 216 217 1f6 1e6 0
1f6 217 218 1f7 1e7 0
1f7 218 219 1f8 1e8 0
1f8 219 21a 1f9 1e9 0
1f9 21a 21b 1fa 1ea 0
1fa 21b 21c 1fb 1eb 0
1fb 21c 21d 1fc 1ec 0
1fc 21d 21e 1fd 1ed 0
1fd 21e 21f 1fe 1ee 0
1fe 21f 220 1ff 1ef 0
1ff 220 221 200 1f0 0
200 221 222 201 1f1 0
201 222 223 202 1f2 0
202 223 224 203 1f3 0
203 224 225 204 1f4 0
204 225 226 205 1f5 0
205 226 227 206 1f6 0
206 227 228 207 1f7 0
207 228 229 208 1f8 0
208 229 22a 209 1f9 0
209 22a 22b 20a 1fa 0
20a 22b 22c 20b 1fb 0
20b 22c 22d 20c 1fc 0
20c 22d 22e 20d 1fd 0
20d 22e 22f 20e 1fe 0
20e 22f 230 20f 1ff 0
20f 230 231 210 200 0
211 232 233 212 201 0
212 233 234 213 202 0
213 234 235 214 203 0
214 235 236 215 204 0
215 236 237 216 205 0
216 237 238 217 206 0
217 238 239 218 207 0
218 239 23a 219 208 0
219 23a 23b 21a 209 0
21a 23b 23c 21b 20a 0
21b 23c 23d 21c 20b 0
21c 23d 23e 21d 20c 0
21d 23e 23f 21e 20d 0
21e 23f 240 21f 20e 0
21f 240 241 220 20f 0
220 241 242 221 210 0
221 242 243 222 211 0
222 243 244 223 212 0
223 244 245 224 213 0
224 245 246 225 214 0
225 246 247 226 215 0
226 247 248 227 216 0
227 248 249 228 217 0
228 249 24a 229 218 0
229 24a 24b 22a 219 0
22a 24b 24c 22b 21a 0
22b 24c 24d 22c 21b 0
22c 24d 24e 22d 21c 0
22d 24e 24f 22e 21d 0
22e 24f 250 22f 21e 0
22f 250 251 230 21f 0
230 251 252 231 220 0
232 253 254 233 221 0
233 254 255 234 222 0
234 255 256 235 223 0
235 256 257 236 224 0
236 257 258 237 225 0
237 258 259 238 226 0
238 259 25a 239 227 0
239 25a 25b 23a 228 0
23a 25b 25c 23b 229 0
23b 25c 25d 23c 22a 0
23c 25d 25e 23d 22b 0
23d 25e 25f 23e 22c 0
23e 25f 260 23f 22d 0
23f 260 261 240 22e 0
240 261 262 241 22f 0
241 262 263 242 230 0
242 263 264 243 231 0
243 264 265 244 232 0
244 265 266 245 233 0
245 266 267 246 234 0
246 267 268 247 235 0
247 268 269 248 236 0
248 269 26a 249 237 0
249 26a 26b 24a 238 0
24a 26b 26c 24b 239 0
24b 26c 26d 24c 23a 0
24c 26d 26e 24d 23b 0
24d 26e 26f 24e 23c 0
24e 26f 270 24f 23d 0
24f 270 271 250 23e 0
250 271 272 251 23f 0
251 272 273 252 240 0
253 274 275 254 241 0
254 275 276 255 242 0
255 276 277 256 243 0
256 277 278 257 244 0
257 278 279 258 245 0
258 279 27a 259 246 0
259 27a 27b 25a 247 0
25a 27b 27c 25b 248 0
25b 27c 27d 25c 249 0
25c 27d 27e 25d 24a 0
25d 27e 27f 25e 24b 0
25e 27f 280 25f 24c 0
25f 280 281 260 24d 0
260 281 282 261 24e 0
261 282 283 262 24f 0
262 283 284 263 250 0
263 284 285 264 251 0
264 285 286 265 252 0
265 286 287 266 253 0
266 287 288 267 254 0
267 288 289 268 255 0
268 289 28a 269 256 0
269 28a 28b 26a 257 0
26a 28b 28c 26b 258 0
26b 28c 28d 26c 259 0
26c 28d 28e 26d 25a 0
26d 28e 28f 26e 25b 0
26e 28f 290 26f 25c 0
26f 290 291 270 25d 0
270 291 292 271 25e 0
271 292 293 272 25f 0
272 293 294 273 260 0
274 295 296 275 261 0
275 296 297 276 262 0
276 297 298 277 263 0
277 298 299 278 264 0
278 299 29a 279 265 0
279 29a 29b 27a 266 0
27a 29b 29c 27b 267 0
27b 29c 29d 27c 268 0
27c 29d 29e 27d 269 0
27d 29e 29f 27e 26a 0
27e 29f 2a0 27f 26b 0
27f 2a0 2a1 280 26c 0
280 2a1 2a2 281 26d 0
281 2a2 2a3 282 26e 0
282 2a3 2a4 283 26f 0
283 2a4 2a5 284 270 0
284 2a5 2a6 285 271 0
285 2a6 2a7 286 272 0
286 2a7 2a8 287 273 0
287 2a8 2a9 288 274 0
288 2a9 2aa 289 275 0
289 2aa 2ab 28a 276 0
28a 2ab 2ac 28b 277 0
28b 2ac 2ad 28c 278 0
28c 2ad 2ae 28d 279 0
28d 2ae 2af 28e 27a 0
28e 2af 2b0 28f 27b 0
28f 2b0 2b1 290 27c 0
290 2b1 2b2 291 27d 0
291 2b2 2b3 292 27e 0
292 2b3 2b4 293 27f 0
293 2b4 2b5 294 280 0
295 2b6 2b7 296 281 0
296 2b7 2b8 297 282 0
297 2b8 2b9 298 283 0
298 2b9 2ba 299 284 0
299 2ba 2bb 29a 285 0
29a 2bb 2bc 29b 286 0
29b 2bc 2bd 29c 287 0
29c 2bd 2be 29d 288 0
29d 2be 2bf 29e 289 0
29e 2bf 2c0 29f 28a 0
29f 2c0 2c1 2a0 28b 0
2a0 2c1 2c2 2a1 28c 0
2a1 2c2 2c3 2a2 28d 0
2a2 2c3 2c4 2a3 28e 0
2a3 2c4 2c5 2a4 28f 0
2a4 2c5 2c6 2a5 290 0
2a5 2c6 2c7 2a6 291 0
2a6 2c7 2c8 2a7 292 0
2a7 2c8 2c9 2a8 293 0
2a8 2c9 2ca 2a9 294 0
2a9 2ca 2cb 2aa 295 0
2aa 2cb 2cc 2ab 296 0
2ab 2cc 2cd 2ac 297 0
2ac 2cd 2ce 2ad 298 0
2ad 2ce 2cf 2ae 299 0
2ae 2cf 2d0 2af 29a 0
2af 2d0 2d1 2b0 29b 0
2b0 2d1 2d2 2b1 29c 0
2b1 2d2 2d3 2b2 29d 0
2b2 2d3 2d4 2b3 29e 0
2b3 2d4 2d5 2b4 29f 0
2b4 2d5 2d6 2b5 2a0 0
2b6 2d7 2d8 2b7 2a1 0
2b7 2d8 2d9 2b8 2a2 0
2b8 2d9 2da 2b9 2a3 0
2b9 2da 2db 2ba 2a4 0
2ba 2db 2dc 2bb 2a5 0
2bb 2dc 2dd 2bc 2a6 0
2bc 2dd 2de 2bd 2a7 0
2bd 2de 2df 2be 2a8 0
2be 2df 2e0 2bf 2a9 0
2bf 2e0 2e1 2c0 2aa 0
2c0 2e1 2e2 2c1 2ab 0
2c1 2e2 2e3 2c2 2ac 0
2c2 2e3 2e4 2c3 2ad 0
2c3 2e4 2e5 2c4 2ae 0
2c4 2e5 2e6 2c5 2af 0
2c5 2e6 2e7 2c6 2b0 0
2c6 2e7 2e8 2c7 2b1 0
2c7 2e8 2e9 2c8 2b2 0
2c8 2e9 2ea 2c9 2b3 0
2c9 2ea 2eb 2ca 2b4 0
2ca 2eb 2ec 2cb 2b5 0
2cb 2ec 2ed 2cc 2b6 0
2cc 2ed 2ee 2cd 2b7 0
2cd 2ee 2ef 2ce 2b8 0
2ce 2ef 2f0 2cf 2b9 0
2cf 2f0 2f1 2d0 2ba 0
2d0 2f1 2f2 2d1 2bb 0
2d1 2f2 2f3 2d2 2bc 0
2d2 2f3 2f4 2d3 2bd 0
2d3 2f4 2f5 2d4 2be 0
2d4 2f5 2f6 2d5 2bf 0
2d5 2f6 2f7 2d6 2c0 0
2d7 2f8 2f9 2d8 2c1 0
2d8 2f9 2fa 2d9 2c2 0
2d9 2fa 2fb 2da 2c3 0
2da 2fb 2fc 2db 2c4 0
2db 2fc 2fd 2dc 2c5 0
2dc 2fd 2fe 2dd 2c6 0
2dd 2fe 2ff 2de 2c7 0
2de 2ff 300 2df 2c8 0
2df 300 301 2e0 2c9 0
2e0 301 302 2e1 2ca 0
2e1 302 303 2e2 2cb 0
2e2 303 304 2e3 2cc 0
2e3 304 305 2e4 2cd 0
2e4 305 306 2e5 2ce 0
2e5 306 307 2e6 2cf 0
2e6 307 308 2e7 2d0 0
2e7 308 309 2e8 2d1 0
2e8 309 30a 2e9 2d2 0
2e9 30a 30b 2ea 2d3 0
2ea 30b 30c 2eb 2d4 0
2eb 30c 30d 2ec 2d5 0
2ec 30d 30e 2ed 2d6 0
2ed 30e 30f 2ee 2d7 0
2ee 30f 310 2ef 2d8 0
2ef 310 311 2f0 2d9 0
2f0 311 312 2f1 2da 0
2f1 312 313 2f2 2db 0
2f2 313 314 2f3 2dc 0
2f3 314 315 2f4 2dd 0
2f4 315 316 2f5 2de 0
2f5 316 317 2f6 2df 0
2f6 317 318 2f7 2e0 0
2f8 319 31a 2f9 2e1 0
2f9 31a 31b 2fa 2e2 0
2fa 31b 31c 2fb 2e3 0
2fb 31c 31d 2fc 2e4 0
2fc 31d 31e 2fd 2e5 0
2fd 31e 31f 2fe 2e6 0
2fe 31f 320 2ff 2e7 0
2ff 320 321 300 2e8 0
300 321 322 301 2e9 0
301 322 323 302 2ea 0
302 323 324 303 2eb 0
303 324 325 304 2ec 0
304 325 326 305 2ed 0
305 326 327 306 2ee 0
306 327 328 307 2ef 0
307 328 329 308 2f0 0
308 329 32a 309 2f1 0
309 32a 32b 30a 2f2 0
30a 32b 32c 30b 2f3 0
30b 32c 32d 30c 2f4 0
30c 32d 32e 30d 2f5 0
30d 32e 32f 30e 2f6 0
30e 32f 330 30f 2f7 0
30f 330 331 310 2f8 0
310 331 332 311 2f9 0
311 332 333 312 2fa 0
312 333 334 313 2fb 0
313 334 335 314 2fc 0
314 335 336 315 2fd 0
315 336 337 316 2fe 0
316 337 338 317 2ff 0
317 338 339 318 300 0
319 33a 33b 31a 301 0
31a 33b 33c 31b 302 0
31b 33c 33d 31c 303 0
31c 33d 33e 31d 304 0
31d 33e 33f 31e 305 0
31e 33f 340 31f 306 0
31f 340 341 320 307 0
320 341 342 321 308 0
321 342 343 322 309 0
322 343 344 323 30a 0
323 344 345 324 30b 0
324 345 346 325 30c 0
325 346 347 326 30d 0
326 347 348 327 30e 0
327 348 349 328 30f 0
328 349 34a 329 310 0
329 34a 34b 32a 311 0
32a 34b 34c 32b 312 0
32b 34c 34d 32c 313 0
32c 34d 34e 32d 314 0
32d 34e 34f 32e 315 0
32e 34f 350 32f 316 0
32f 350 351 330 317 0
330 351 352 331 318 0
331 352 353 332 319 0
332 353 354 333 31a 0
333 354 355 334 31b 0
334 355 356 335 31c 0
335 356 357 336 31d 0
336 357 358 337 31e 0
337 358 359 338 31f 0
338 359 35a 339 320 0
33a 35b 35c 33b 321 0
33b 35c 35d 33c 322 0
33c 35d 35e 33d 323 0
33d 35e 35f 33e 324 0
33e 35f 360 33f 325 0
33f 360 361 340 326 0
340 361 362 341 327 0
341 362 363 342 328 0
342 363 364 343 329 0
343 364 365 344 32a 0
344 365 366 345 32b 0
345 366 367 346 32c 0
346 367 368 347 32d 0
347 368 369 348 32e 0
348 369 36a 349 32f 0
349 36a 36b 34a 330 0
34a 36b 36c 34b 331 0
34b 36c 36d 34c 332 0
34c 36d 36e 34d 333 0
34d 36e 36f 34e 334 0
34e 36f 370 34f 335 0
34f 370 371 350 336 0
350 371 372 351 337 0
351 372 373 352 338 0
352 373 374 353 339 0
353 374 375 354 33a 0
354 375 376 355 33b 0
355 376 377 356 33c 0
356 377 378 357 33d 0
357 378 379 358 33e 0
358 379 37a 359 33f 0
359 37a 37b 35a 340 0
35b 37c 37d 35c 341 0
35c 37d 37e 35d 342 0
35d 37e 37f 35e 343 0
35e 37f 380 35f 344 0
35f 380 381 360 345 0
360 381 382 361 346 0
361 382 383 362 347 0
362 383 384 363 348 0
363 384 385 364 349 0
364 385 386 365 34a 0
365 386 387 366 34b 0
366 387 388 367 34c 0
367 388 389 368 34d 0
368 389 38a 369 34e 0
369 38a 38b 36a 34f 0
36a 38b 38c 36b 350 0
36b 38c 38d 36c 351 0
36c 38d 38e 36d 352 0
36d 38e 38f 36e 353 0
36e 38f 390 36f 354 0
36f 390 391 370 355 0
370 391 392 371 356 0
371 392 393 372 357 0
372 393 394 373 358 0
373 394 395 374 359 0
374 395 396 375 35a 0
375 396 397 376 35b 0
376 397 398 377 35c 0
377 398 399 378 35d 0
378 399 39a 379 35e 0
379 39a 39b 37a 35f 0
37a 39b 39c 37b 360 0
37c 39d 39e 37d 361 0
37d 39e 39f 37e 362 0
37e 39f 3a0 37f 363 0
37f 3a0 3a1 380 364 0
380 3a1 3a2 381 365 0
381 3a2 3a3 382 366 0
382 3a3 3a4 383 367 0
383 3a4 3a5 384 368 0
384 3a5 3a6 385 369 0
385 3a6 3a7 386 36a 0
386 3a7 3a8 387 36b 0
387 3a8 3a9 388 36c 0
388 3a9 3aa 389 36d 0
389 3aa 3ab 38a 36e 0
38a 3ab 3ac 38b 36f 0
38b 3ac 3ad 38c 370 0
38c 3ad 3ae 38d 371 0
38d 3ae 3af 38e 372 0
38e 3af 3b0 38f 373 0
38f 3b0 3b1 390 374 0
390 3b1 3b2 391 375 0
391 3b2 3b3 392 376 0
392 3b3 3b4 393 377 0
393 3b4 3b5 394 378 0
394 3b5 3b6 395 379 0
395 3b6 3b7 396 37a 0
396 3b7 3b8 397 37b 0
397 3b8 3b9 398 37c 0
398 3b9 3ba 399 37d 0
399 3ba 3bb 39a 37e 0
39a 3bb 3bc 39b 37f 0
39b 3bc 3bd 39c 380 0
39d 3be 3bf 39e 381 0
39e 3bf 3c0 39f 382 0
39f 3c0 3c1 3a0 383 0
3a0 3c1 3c2 3a1 384 0
3a1 3c2 3c3 3a2 385 0
3a2 3c3 3c4 3a3 386 0
3a3 3c4 3c5 3a4 387 0
3a4 3c5 3c6 3a5 388 0
3a5 3c6 3c7 3a6 389 0
3a6 3c7 3c8 3a7 38a 0
3a7 3c8 3c9 3a8 38b 0
3a8 3c9 3ca 3a9 38c 0
3a9 3ca 3cb 3aa 38d 0
3aa 3cb 3cc 3ab 38e 0
3ab 3cc 3cd 3ac 38f 0
3ac 3cd 3ce 3ad 390 0
3ad 3ce 3cf 3ae 391 0
3ae 3cf 3d0 3af 392 0
3af 3d0 3d1 3b0 393 0
3b0 3d1 3d2 3b1 394 0
3b1 3d2 3d3 3b2 395 0
3b2 3d3 3d4 3b3 396 0
3b3 3d4 3d5 3b4 397 0
3b4 3d5 3d6 3b5 398 0
3b5 3d6 3d7 3b6 399 0
3b6 3d7 3d8 3b7 39a 0
3b7 3d8 3d9 3b8 39b 0
3b8 3d9 3da 3b9 39c 0
3b9 3da 3db 3ba 39d 0
3ba 3db 3dc 3bb 39e 0
3bb 3dc 3dd 3bc 39f 0
3bc 3dd 3de 3bd 3a0 0
3be 3df 3e0 3bf 3a1 0
3bf 3e0 3e1 3c0 3a2 0
3c0 3e1 3e2 3c1 3a3 0
3c1 3e2 3e3 3c2 3a4 0
3c2 3e3 3e4 3c3 3a5 0
3c3 3e4 3e5 3c4 3a6 0
3c4 3e5 3e6 3c5 3a7 0
3c5 3e6 3e7 3c6 3a8 0
3c6 3e7 3e8 3c7 3a9 0
3c7 3e8 3e9 3c8 3aa 0
3c8 3e9 3ea 3c9 3ab 0
3c9 3ea 3eb 3ca 3ac 0
3ca 3eb 3ec 3cb 3ad 0
3cb 3ec 3ed 3cc 3ae 0
3cc 3ed 3ee 3cd 3af 0
3cd 3ee 3ef 3ce 3b0 0
3ce 3ef 3f0 3cf 3b1 0
3cf 3f0 3f1 3d0 3b2 0
3d0 3f1 3f2 3d1 3b3 0
3d1 3f2 3f3 3d2 3b4 0
3d2 3f3 3f4 3d3 3b5 0
3d3 3f4 3f5 3d4 3b6 0
3d4 3f5 3f6 3d5 3b7 0
3d5 3f6 3f7 3d6 3b8 0
3d6 3f7 3f8 3d7 3b9 0
3d7 3f8 3f9 3d8 3ba 0
3d8 3f9 3fa 3d9 3bb 0
3d9 3fa 3fb 3da 3bc 0
3da 3fb 3fc 3db 3bd 0
3db 3fc 3fd 3dc 3be 0
3dc 3fd 3fe 3dd 3bf 0
3dd 3fe 3ff 3de 3c0 0
3df 400 401 3e0 3c1 0
3e0 401 402 3e1 3c2 0
3e1 402 403 3e2 3c3 0
3e2 403 404 3e3 3c4 0
3e3 404 405 3e4 3c5 0
3e4 405 406 3e5 3c6 0
3e5 406 407 3e6 3c7 0
3e6 407 408 3e7 3c8 0
3e7 408 409 3e8 3c9 0
3e8 409 40a 3e9 3ca 0
3e9 40a 40b 3ea 3cb 0
3ea 40b 40c 3eb 3cc 0
3eb 40c 40d 3ec 3cd 0
3ec 40d 40e 3ed 3ce 0
3ed 40e 40f 3ee 3cf 0
3ee 40f 410 3ef 3d0 0
3ef 410 411 3f0 3d1 0
3f0 411 412 3f1 3d2 0
3f1 412 413 3f2 3d3 0
3f2 413 414 3f3 3d4 0
3f3 414 415 3f4 3d5 0
3f4 415 416 3f5 3d6 0
3f5 416 417 3f6 3d7 0
3f6 417 418 3f7 3d8 0
3f7 418 419 3f8 3d9 0
3f8 419 41a 3f9 3da 0
3f9 41a 41b 3fa 3db 0
3fa 41b 41c 3fb 3dc 0
3fb 41c 41d 3fc 3dd 0
3fc 41d 41e 3fd 3de 0
3fd 41e 41f 3fe 3df 0
3fe 41f 420 3ff 3e0 0
400 421 422 401 3e1 0
401 422 423 402 3e2 0
402 423 424 403 3e3 0
403 424 425 404 3e4 0
404 425 426 405 3e5 0
405 426 427 406 3e6 0
406 427 428 407 3e7 0
407 428 429 408 3e8 0
408 429 42a 409 3e9 0
409 42a 42b 40a 3ea 0
40a 42b 42c 40b 3eb 0
40b 42c 42d 40c 3ec 0
40c 42d 42e 40d 3ed 0
40d 42e 42f 40e 3ee 0
40e 42f 430 40f 3ef 0
40f 430 431 410 3f0 0
410 431 432 411 3f1 0
411 432 433 412 3f2 0
412 433 434 413 3f3 0
413 434 435 414 3f4 0
414 435 436 415 3f5 0
415 436 437 416 3f6 0
416 437 438 417 3f7 0
417 438 439 418 3f8 0
418 439 43a 419 3f9 0
419 43a 43b 41a 3fa 0
41a 43b 43c 41b 3fb 0
41b 43c 43d 41c 3fc 0
41c 43d 43e 41d 3fd 0
41d 43e 43f 41e 3fe 0
41e 43f 440 41f 3ff 0
41f 440 441 420 400 0
421 442 443 422 401 0
422 443 444 423 402 0
423 444 445 424 403 0
424 445 446 425 404 0
425 446 447 426 405 0
426 447 448 427 406 0
427 448 449 428 407 0
428 449 44a 429 408 0
429 44a 44b 42a 409 0
42a 44b 44c 42b 40a 0
42b 44c 44d 42c 40b 0
42c 44d 44e 42d 40c 0
42d 44e 44f 42e 40d 0
42e 44f 450 42f 40e 0
42f 450 451 430 40f 0
430 451 452 431 410 0
431 452 453 432 411 0
432 453 454 433 412 0
433 454 455 434 413 0
434 455 456 435 414 0
435 456 457 436 415 0
436 457 458 437 416 0
437 458 459 438 417 0
438 459 45a 439 418 0
439 45a 45b 43a 419 0
43a 45b 45c 43b 41a 0
43b 45c 45d 43c 41b 0
43c 45d 45e 43d 41c 0
43d 45e 45f 43e 41d 0
43e 45f 460 43f 41e 0
43f 460 461 440 41f 0
440 461 462 441 420 0
442 463 464 443 421 0
443 464 465 444 422 0
444 465 466 445 423 0
445 466 467 446 424 0
446 467 468 447 425 0
447 468 469 448 426 0
448 469 46a 449 427 0
449 46a 46b 44a 428 0
44a 46b 46c 44b 429 0
44b 46c 46d 44c 42a 0
44c 46d 46e 44d 42b 0
44d 46e 46f 44e 42c 0
44e 46f 470 44f 42d 0
44f 470 471 450 42e 0
450 471 472 451 42f 0
451 472 473 452 430 0
452 473 474 453 431 0
453 474 475 454 432 0
454 475 476 455 433 0
455 476 477 456 434 0
456 477 478 457 435 0
457 478 479 458 436 0
458 479 47a 459 437 0
459 47a 47b 45a 438 0
45a 47b 47c 45b 439 0
45b 47c 47d 45c 43a 0
45c 47d 47e 45d 43b 0
45d 47e 47f 45e 43c 0
45e 47f 480 45f 43d 0
45f 480 481 460 43e 0
460 481 482 461 43f 0
461 482 483 462 440 0
463 484 485 464 441 0
464 485 486 465 442 0
465 486 487 466 443 0
466 487 488 467 444 0
467 488 489 468 445 0
468 489 48a 469 446 0
469 48a 48b 46a 447 0
46a 48b 48c 46b 448 0
46b 48c 48d 46c 449 0
46c 48d 48e 46d 44a 0
46d 48e 48f 46e 44b 0
46e 48f 490 46f 44c 0
46f 490 491 470 44d 0
470 491 492 471 44e 0
471 492 493 472 44f 0
472 493 494 473 450 0
473 494 495 474 451 0
474 495 496 475 452 0
475 496 497 476 453 0
476 497 498 477 454 0
477 498 499 478 455 0
478 499 49a 479 456 0
479 49a 49b 47a 457 0
47a 49b 49c 47b 458 0
47b 49c 49d 47c 459 0
47c 49d 49e 47d 45a 0
47d 49e 49f 47e 45b 0
47e 49f 4a0 47f 45c 0
47f 4a0 4a1 480 45d 0
480 4a1 4a2 481 45e 0
481 4a2 4a3 482 45f 0
482 4a3 4a4 483 460 0
484 4a5 4a6 485 461 0
485 4a6 4a7 486 462 0
486 4a7 4a8 487 463 0
487 4a8 4a9 488 464 0
488 4a9 4aa 489 465 0
489 4aa 4ab 48a 466 0
48a 4ab 4ac 48b 467 0
48b 4ac 4ad 48c 468 0
48c 4ad 4ae 48d 469 0
48d 4ae 4af 48e 46a 0
48e 4af 4b0 48f 46b 0
48f 4b0 4b1 490 46c 0
490 4b1 4b2 491 46d 0
491 4b2 4b3 492 46e 0
492 4b3 4b4 493 46f 0
493 4b4 4b5 494 470 0
494 4b5 4b6 495 471 0
495 4b6 4b7 496 472 0
496 4b7 4b8 497 473 0
497 4b8 4b9 498 474 0
498 4b9 4ba 499 475 0
499 4ba 4bb 49a 476 0
49a 4bb 4bc 49b 477 0
49b 4bc 4bd 49c 478 0
49c 4bd 4be 49d 479 0
49d 4be 4bf 49e 47a 0
49e 4bf 4c0 49f 47b 0
49f 4c0 4c1 4a0 47c 0
4a0 4c1 4c2 4a1 47d 0
4a1 4c2 4c3 4a2 47e 0
4a2 4c3 4c4 4a3 47f 0
4a3 4c4 4c5 4a4 480 0
4a5 4c6 4c7 4a6 481 0
4a6 4c7 4c8 4a7 482 0
4a7 4c8 4c9 4a8 483 0
4a8 4c9 4ca 4a9 484 0
4a9 4ca 4cb 4aa 485 0
4aa 4cb 4cc 4ab 486 0
4ab 4cc 4cd 4ac 487 0
4ac 4cd 4ce 4ad 488 0
4ad 4ce 4cf 4ae 489 0
4ae 4cf 4d0 4af 48a 0
4af 4d0 4d1 4b0 48b 0
4b0 4d1 4d2 4b1 48c 0
4b1 4d2 4d3 4b2 48d 0
4b2 4d3 4d4 4b3 48e 0
4b3 4d4 4d5 4b4 48f 0
4b4 4d5 4d6 4b5 490 0
4b5 4d6 4d7 4b6 491 0
4b6 4d7 4d8 4b7 492 0
4b7 4d8 4d9 4b8 493 0
4b8 4d9 4da 4b9 494 0
4b9 4da 4db 4ba 495 0
4ba 4db 4dc 4bb 496 0
4bb 4dc 4dd 4bc 497 0
4bc 4dd 4de 4bd 498 0
4bd 4de 4df 4be 499 0
4be 4df 4e0 4bf 49a 0
4bf 4e0 4e1 4c0 49b 0
4c0 4e1 4e2 4c1 49c 0
4c1 4e2 4e3 4c2 49d 0
4c2 4e3 4e4 4c3 49e 0
4c3 4e4 4e5 4c4 49f 0
4c4 4e5 4e6 4c5 4a0 0
4c6 4e7 4e8 4c7 4a1 0
4c7 4e8 4e9 4c8 4a2 0
4c8 4e9 4ea 4c9 4a3 0
4c9 4ea 4eb 4ca 4a4 0
4ca 4eb 4ec 4cb 4a5 0
4cb 4ec 4ed 4cc 4a6 0
4cc 4ed 4ee 4cd 4a7 0
4cd 4ee 4ef 4ce 4a8 0
4ce 4ef 4f0 4cf 4a9 0
4cf 4f0 4f1 4d0 4aa 0
4d0 4f1 4f2 4d1 4ab 0
4d1 4f2 4f3 4d2 4ac 0
4d2 4f3 4f4 4d3 4ad 0
4d3 4f4 4f5 4d4 4ae 0
4d4 4f5 4f6 4d5 4af 0
4d5 4f6 4f7 4d6 4b0 0
4d6 4f7 4f8 4d7 4b1 0
4d7 4f8 4f9 4d8 4b2 0
4d8 4f9 4fa 4d9 4b3 0
4d9 4fa 4fb 4da 4b4 0
4da 4fb 4fc 4db 4b5 0
4db 4fc 4fd 4dc 4b6 0
4dc 4fd 4fe 4dd 4b7 0
4dd 4fe 4ff 4de 4b8 0
4de 4ff 500 4df 4b9 0
4df 500 501 4e0 4ba 0
4e0 501 502 4e1 4bb 0
4e1 502 503 4e2 4bc 0
4e2 503 504 4e3 4bd 0
4e3 504 505 4e4 4be 0
4e4 505 506 4e5 4bf 0
4e5 506 507 4e6 4c0 0
4e7 508 509 4e8 4c1 0
4e8 509 50a 4e9 4c2 0
4e9 50a 50b 4ea 4c3 0
4ea 50b 50c 4eb 4c4 0
4eb 50c 50d 4ec 4c5 0
4ec 50d 50e 4ed 4c6 0
4ed 50e 50f 4ee 4c7 0
4ee 50f 510 4ef 4c8 0
4ef 510 511 4f0 4c9 0
4f0 511 512 4f1 4ca 0
4f1 512 513 4f2 4cb 0
4f2 513 514 4f3 4cc 0
4f3 514 515 4f4 4cd 0
4f4 515 516 4f5 4ce 0
4f5 516 517 4f6 4cf 0
4f6 517 518 4f7 4d0 0
4f7 518 519 4f8 4d1 0
4f8 519 51a 4f9 4d2 0
4f9 51a 51b 4fa 4d3 0
4fa 51b 51c 4fb 4d4 0
4fb 51c 51d 4fc 4d5 0
4fc 51d 51e 4fd 4d6 0
4fd 51e 51f 4fe 4d7 0
4fe 51f 520 4ff 4d8 0
4ff 520 521 500 4d9 0
500 521 522 501 4da 0
501 522 523 502 4db 0
502 523 524 503 4dc 0
503 524 525 504 4dd 0
504 525 526 505 4de 0
505 526 527 506 4df 0
506 527 528 507 4e0 0
508 529 52a 509 4e1 0
509 52a 52b 50a 4e2 0
50a 52b 52c 50b 4e3 0
50b 52c 52d 50c 4e4 0
50c 52d 52e 50d 4e5 0
50d 52e 52f 50e 4e6 0
50e 52f 530 50f 4e7 0
50f 530 531 510 4e8 0
510 531 532 511 4e9 0
511 532 533 512 4ea 0
512 533 534 513 4eb 0
513 534 535 514 4ec 0
514 535 536 515 4ed 0
515 536 537 516 4ee 0
516 537 538 517 4ef 0
517 538 539 518 4f0 0
518 539 53a 519 4f1 0
519 53a 53b 51a 4f2 0
51a 53b 53c 51b 4f3 0
51b 53c 53d 51c 4f4 0
51c 53d 53e 51d 4f5 0
51d 53e 53f 51e 4f6 0
51e 53f 540 51f 4f7 0
51f 540 541 520 4f8 0
520 541 542 521 4f9 0
521 542 543 522 4fa 0
522 543 544 523 4fb 0
523 544 545 524 4fc 0
524 545 546 525 4fd 0
525 546 547 526 4fe 0
526 547 548 527 4ff 0
527 548 549 528 500 0
529 54a 54b 52a 501 0
52a 54b 54c 52b 502 0
52b 54c 54d 52c 503 0
52c 54d 54e 52d 504 0
52d 54e 54f 52e 505 0
52e 54f 550 52f 506 0
52f 550 551 530 507 0
530 551 552 531 508 0
531 552 553 532 509 0
532 553 554 533 50a 0
533 554 555 534 50b 0
534 555 556 535 50c 0
535 556 557 536 50d 0
536 557 558 537 50e 0
537 558 559 538 50f 0
538 559 55a 539 510 0
539 55a 55b 53a 511 0
53a 55b 55c 53b 512 0
53b 55c 55d 53c 513 0
53c 55d 55e 53d 514 0
53d 55e 55f 53e 515 0
53e 55f 560 53f 516 0
53f 560 561 540 517 0
540 561 562 541 518 0
541 562 563 542 519 0
542 563 564 543 51a 0
543 564 565 544 51b 0
544 565 566 545 51c 0
545 566 567 546 51d 0
546 567 568 547 51e 0
547 568 569 548 51f 0
548 569 56a 549 520 0
54a 56b 56c 54b 521 0
54b 56c 56d 54c 522 0
54c 56d 56e 54d 523 0
54d 56e 56f 54e 524 0
54e 56f 570 54f 525 0
54f 570 571 550 526 0
550 571 572 551 527 0
551 572 573 552 528 0
552 573 574 553 529 0
553 574 575 554 52a 0
554 575 576 555 52b 0
555 576 577 556 52c 0
556 577 578 557 52d 0
557 578 579 558 52e 0
558 579 57a 559 52f 0
559 57a 57b 55a 530 0
55a 57b 57c 55b 531 0
55b 57c 57d 55c 532 0
55c 57d 57e 55d 533 0
55d 57e 57f 55e 534 0
55e 57f 580 55f 535 0
55f 580 581 560 536 0
560 581 582 561 537 0
561 582 583 562 538 0
562 583 584 563 539 0
563 584 585 564 53a 0
564 585 586 565 53b 0
565 586 587 566 53c 0
566 587 588 567 53d 0
567 588 589 568 53e 0
568 589 58a 569 53f 0
569 58a 58b 56a 540 0
56b 58c 58d 56c 541 0
56c 58d 58e 56d 542 0
56d 58e 58f 56e 543 0
56e 58f 590 56f 544 0
56f 590 591 570 545 0
570 591 592 571 546 0
571 592 593 572 547 0
572 593 594 573 548 0
573 594 595 574 549 0
574 595 596 575 54a 0
575 596 597 576 54b 0
576 597 598 577 54c 0
577 598 599 578 54d 0
578 599 59a 579 54e 0
579 59a 59b 57a 54f 0
57a 59b 59c 57b 550 0
57b 59c 59d 57c 551 0
57c 59d 59e 57d 552 0
57d 59e 59f 57e 553 0
57e 59f 5a0 57f 554 0
57f 5a0 5a1 580 555 0
580 5a1 5a2 581 556 0
581 5a2 5a3 582 557 0
582 5a3 5a4 583 558 0
583 5a4 5a5 584 559 0
584 5a5 5a6 585 55a 0
585 5a6 5a7 586 55b 0
586 5a7 5a8 587 55c 0
587 5a8 5a9 588 55d 0
588 5a9 5aa 589 55e 0
589 5aa 5ab 58a 55f 0
58a 5ab 5ac 58b 560 0
58c 5ad 5ae 58d 561 0
58d 5ae 5af 58e 562 0
58e 5af 5b0 58f 563 0
58f 5b0 5b1 590 564 0
590 5b1 5b2 591 565 0
591 5b2 5b3 592 566 0
592 5b3 5b4 593 567 0
593 5b4 5b5 594 568 0
594 5b5 5b6 595 569 0
595 5b6 5b7 596 56a 0
596 5b7 5b8 597 56b 0
597 5b8 5b9 598 56c 0
598 5b9 5ba 599 56d 0
599 5ba 5bb 59a 56e 0
59a 5bb 5bc 59b 56f 0
59b 5bc 5bd 59c 570 0
59c 5bd 5be 59d 571 0
59d 5be 5bf 59e 572 0
59e 5bf 5c0 59f 573 0
59f 5c0 5c1 5a0 574 0
5a0 5c1 5c2 5a1 575 0
5a1 5c2 5c3 5a2 576 0
5a2 5c3 5c4 5a3 577 0
5a3 5c4 5c5 5a4 578 0
5a4 5c5 5c6 5a5 579 0
5a5 5c6 5c7 5a6 57a 0
5a6 5c7 5c8 5a7 57b 0
5a7 5c8 5c9 5a8 57c 0
5a8 5c9 5ca 5a9 57d 0
5a9 5ca 5cb 5aa 57e 0
5aa 5cb 5cc 5ab 57f 0
5ab 5cc 5cd 5ac 580 0
5ad 5ce 5cf 5ae 581 0
5ae 5cf 5d0 5af 582 0
5af 5d0 5d1 5b0 583 0
5b0 5d1 5d2 5b1 584 0
5b1 5d2 5d3 5b2 585 0
5b2 5d3 5d4 5b3 586 0
5b3 5d4 5d5 5b4 587 0
5b4 5d5 5d6 5b5 588 0
5b5 5d6 5d7 5b6 589 0
5b6 5d7 5d8 5b7 58a 0
5b7 5d8 5d9 5b8 58b 0
5b8 5d9 5da 5b9 58c 0
5b9 5da 5db 5ba 58d 0
5ba 5db 5dc 5bb 58e 0
5bb 5dc 5dd 5bc 58f 0
5bc 5dd 5de 5bd 590 0
5bd 5de 5df 5be 591 0
5be 5df 5e0 5bf 592 0
5bf 5e0 5e1 5c0 593 0
5c0 5e1 5e2 5c1 594 0
5c1 5e2 5e3 5c2 595 0
5c2 5e3 5e4 5c3 596 0
5c3 5e4 5e5 5c4 597 0
5c4 5e5 5e6 5c5 598 0
5c5 5e6 5e7 5c6 599 0
5c6 5e7 5e8 5c7 59a 0
5c7 5e8 5e9 5c8 59b 0
5c8 5e9 5ea 5c9 59c 0
5c9 5ea 5eb 5ca 59d 0
5ca 5eb 5ec 5cb 59e 0
5cb 5ec 5ed 5cc 59f 0
5cc 5ed 5ee 5cd 5a0 0
5ce 5ef 5f0 5cf 5a1 0
5cf 5f0 5f1 5d0 5a2 0
5d0 5f1 5f2 5d1 5a3 0
5d1 5f2 5f3 5d2 5a4 0
5d2 5f3 5f4 5d3 5a5 0
5d3 5f4 5f5 5d4 5a6 0
5d4 5f5 5f6 5d5 5a7 0
5d5 5f6 5f7 5d6 5a8 0
5d6 5f7 5f8 5d7 5a9 0
5d7 5f8 5f9 5d8 5aa 0
5d8 5f9 5fa 5d9 5ab 0
5d9 5fa 5fb 5da 5ac 0
5da 5fb 5fc 5db 5ad 0
5db 5fc 5fd 5dc 5ae 0
5dc 5fd 5fe 5dd 5af 0
5dd 5fe 5ff 5de 5b0 0
5de 5ff 600 5df 5b1 0
5df 600 601 5e0 5b2 0
5e0 601 602 5e1 5b3 0
5e1 602 603 5e2 5b4 0
5e2 603 604 5e3 5b5 0
5e3 604 605 5e4 5b6 0
5e4 605 606 5e5 5b7 0
5e5 606 607 5e6 5b8 0
5e6 607 608 5e7 5b9 0
5e7 608 609 5e8 5ba 0
5e8 609 60a 5e9 5bb 0
5e9 60a 60b 5ea 5bc 0
5ea 60b 60c 5eb 5bd 0
5eb 60c 60d 5ec 5be 0
5ec 60d 60e 5ed 5bf 0
5ed 60e 60f 5ee 5c0 0
5ef 610 611 5f0 5c1 0
5f0 611 612 5f1 5c2 0
5f1 612 613 5f2 5c3 0
5f2 613 614 5f3 5c4 0
5f3 614 615 5f4 5c5 0
5f4 615 616 5f5 5c6 0
5f5 616 617 5f6 5c7 0
5f6 617 618 5f7 5c8 0
5f7 618 619 5f8 5c9 0
5f8 619 61a 5f9 5ca 0
5f9 61a 61b 5fa 5cb 0
5fa 61b 61c 5fb 5cc 0
5fb 61c 61d 5fc 5cd 0
5fc 61d 61e 5fd 5ce 0
5fd 61e 61f 5fe 5cf 0
5fe 61f 620 5ff 5d0 0
5ff 620 621 600 5d1 0
600 621 622 601 5d2 0
601 622 623 602 5d3 0
602 623 624 603 5d4 0
603 624 625 604 5d5 0
604 625 626 605 5d6 0
605 626 627 606 5d7 0
606 627 628 607 5d8 0
607 628 629 608 5d9 0
608 629 62a 609 5da 0
609 62a 62b 60a 5db 0
60a 62b 62c 60b 5dc 0
60b 62c 62d 60c 5dd 0
60c 62d 62e 60d 5de 0
60d 62e 62f 60e 5df 0
60e 62f 630 60f 5e0 0
610 631 632 611 5e1 0
611 632 633 612 5e2 0
612 633 634 613 5e3 0
613 634 635 614 5e4 0
614 635 636 615 5e5 0
615 636 637 616 5e6 0
616 637 638 617 5e7 0
617 638 639 618 5e8 0
618 639 63a 619 5e9 0
619 63a 63b 61a 5ea 0
61a 63b 63c 61b 5eb 0
61b 63c 63d 61c 5ec 0
61c 63d 63e 61d 5ed 0
61d 63e 63f 61e 5ee 0
61e 63f 640 61f 5ef 0
61f 640 641 620 5f0 0
620 641 642 621 5f1 0
621 642 643 622 5f2 0
622 643 644 623 5f3 0
623 644 645 624 5f4 0
624 645 646 625 5f5 0
625 646 647 626 5f6 0
626 647 648 627 5f7 0
627 648 649 628 5f8 0
628 649 64a 629 5f9 0
629 64a 64b 62a 5fa 0
62a 64b 64c 62b 5fb 0
62b 64c 64d 62c 5fc 0
62c 64d 64e 62d 5fd 0
62d 64e 64f 62e 5fe 0
62e 64f 650 62f 5ff 0
62f 650 651 630 600 0
631 652 653 632 601 0
632 653 654 633 602 0
633 654 655 634 603 0
634 655 656 635 604 0
635 656 657 636 605 0
636 657 658 637 606 0
637 658 659 638 607 0
638 659 65a 639 608 0
639 65a 65b 63a 609 0
63a 65b 65c 63b 60a 0
63b 65c 65d 63c 60b 0
63c 65d 65e 63d 60c 0
63d 65e 65f 63e 60d 0
63e 65f 660 63f 60e 0
63f 660 661 640 60f 0
640 661 662 641 610 0
641 662 663 642 611 0
642 663 664 643 612 0
643 664 665 644 613 0
644 665 666 645 614 0
645 666 667 646 615 0
646 667 668 647 616 0
647 668 669 648 617 0
648 669 66a 649 618 0
649 66a 66b 64a 619 0
64a 66b 66c 64b 61a 0
64b 66c 66d 64c 61b 0
64c 66d 66e 64d 61c 0
64d 66e 66f 64e 61d 0
64e 66f 670 64f 61e 0
64f 670 671 650 61f 0
650 671 672 651 620 0
652 673 674 653 621 0
653 674 675 654 622 0
654 675 676 655 623 0
655 676 677 656 624 0
656 677 678 657 625 0
657 678 679 658 626 0
658 679 67a 659 627 0
659 67a 67b 65a 628 0
65a 67b 67c 65b 629 0
65b 67c 67d 65c 62a 0
65c 67d 67e 65d 62b 0
65d 67e 67f 65e 62c 0
65e 67f 680 65f 62d 0
65f 680 681 660 62e 0
660 681 682 661 62f 0
661 682 683 662 630 0
662 683 684 663 631 0
663 684 685 664 632 0
664 685 686 665 633 0
665 686 687 666 634 0
666 687 688 667 635 0
667 688 689 668 636 0
668 689 68a 669 637 0
669 68a 68b 66a 638 0
66a 68b 68c 66b 639 0
66b 68c 68d 66c 63a 0
66c 68d 68e 66d 63b 0
66d 68e 68f 66e 63c 0
66e 68f 690 66f 63d 0
66f 690 691 670 63e 0
670 691 692 671 63f 0
671 692 693 672 640 0
673 694 695 674 641 0
674 695 696 675 642 0
675 696 697 676 643 0
676 697 698 677 644 0
677 698 699 678 645 0
678 699 69a 679 646 0
679 69a 69b 67a 647 0
67a 69b 69c 67b 648 0
67b 69c 69d 67c 649 0
67c 69d 69e 67d 64a 0
67d 69e 69f 67e 64b 0
67e 69f 6a0 67f 64c 0
67f 6a0 6a1 680 64d 0
680 6a1 6a2 681 64e 0
681 6a2 6a3 682 64f 0
682 6a3 6a4 683 650 0
683 6a4 6a5 684 651 0
684 6a5 6a6 685 652 0
685 6a6 6a7 686 653 0
686 6a7 6a8 687 654 0
687 6a8 6a9 688 655 0
688 6a9 6aa 689 656 0
689 6aa 6ab 68a 657 0
68a 6ab 6ac 68b 658 0
68b 6ac 6ad 68c 659 0
68c 6ad 6ae 68d 65a 0
68d 6ae 6af 68e 65b 0
68e 6af 6b0 68f 65c 0
68f 6b0 6b1 690 65d 0
690 6b1 6b2 691 65e 0
691 6b2 6b3 692 65f 0
692 6b3 6b4 693 660 0
694 6b5 6b6 695 661 0
695 6b6 6b7 696 662 0
696 6b7 6b8 697 663 0
697 6b8 6b9 698 664 0
698 6b9 6ba 699 665 0
699 6ba 6bb 69a 666 0
69a 6bb 6bc 69b 667 0
69b 6bc 6bd 69c 668 0
69c 6bd 6be 69d 669 0
69d 6be 6bf 69e 66a 0
69e 6bf 6c0 69f 66b 0
69f 6c0 6c1 6a0 66c 0
6a0 6c1 6c2 6a1 66d 0
6a1 6c2 6c3 6a2 66e 0
6a2 6c3 6c4 6a3 66f 0
6a3 6c4 6c5 6a4 670 0
6a4 6c5 6c6 6a5 671 0
6a5 6c6 6c7 6a6 672 0
6a6 6c7 6c8 6a7 673 0
6a7 6c8 6c9 6a8 674 0
6a8 6c9 6ca 6a9 675 0
6a9 6ca 6cb 6aa 676 0
6aa 6cb 6cc 6ab 677 0
6ab 6cc 6cd 6ac 678 0
6ac 6cd 6ce 6ad 679 0
6ad 6ce 6cf 6ae 67a 0
6ae 6cf 6d0 6af 67b 0
6af 6d0 6d1 6b0 67c 0
6b0 6d1 6d2 6b1 67d 0
6b1 6d2 6d3 6b2 67e 0
6b2 6d3 6d4 6b3 67f 0
6b3 6d4 6d5 6b4 680 0
6b5 6d6 6d7 6b6 681 0
6b6 6d7 6d8 6b7 682 0
6b7 6d8 6d9 6b8 683 0
6b8 6d9 6da 6b9 684 0
6b9 6da 6db 6ba 685 0
6ba 6db 6dc 6bb 686 0
6bb 6dc 6dd 6bc 687 0
6bc 6dd 6de 6bd 688 0
6bd 6de 6df 6be 689 0
6be 6df 6e0 6bf 68a 0
6bf 6e0 6e1 6c0 68b 0
6c0 6e1 6e2 6c1 68c 0
6c1 6e2 6e3 6c2 68d 0
6c2 6e3 6e4 6c3 68e 0
6c3 6e4 6e5 6c4 68f 0
6c4 6e5 6e6 6c5 690 0
6c5 6e6 6e7 6c6 691 0
6c6 6e7 6e8 6c7 692 0
6c7 6e8 6e9 6c8 693 0
6c8 6e9 6ea 6c9 694 0
6c9 6ea 6eb 6ca 695 0
6ca 6eb 6ec 6cb 696 0
6cb 6ec 6ed 6cc 697 0
6cc 6ed 6ee 6cd 698 0
6cd 6ee 6ef 6ce 699 0
6ce 6ef 6f0 6cf 69a 0
6cf 6f0 6f1 6d0 69b 0
6d0 6f1 6f2 6d1 69c 0
6d1 6f2 6f3 6d2 69d 0
6d2 6f3 6f4 6d3 69e 0
6d3 6f4 6f5 6d4 69f 0
6d4 6f5 6f6 6d5 6a0 0
6d6 6f7 6f8 6d7 6a1 0
6d7 6f8 6f9 6d8 6a2 0
6d8 6f9 6fa 6d9 6a3 0
6d9 6fa 6fb 6da 6a4 0
6da 6fb 6fc 6db 6a5 0
6db 6fc 6fd 6dc 6a6 0
6dc 6fd 6fe 6dd 6a7 0
6dd 6fe 6ff 6de 6a8 0
6de 6ff 700 6df 6a9 0
6df 700 701 6e0 6aa 0
6e0 701 702 6e1 6ab 0
6e1 702 703 6e2 6ac 0
6e2 703 704 6e3 6ad 0
6e3 704 705 6e4 6ae 0
6e4 705 706 6e5 6af 0
6e5 706 707 6e6 6b0 0
6e6 707 708 6e7 6b1 0
6e7 708 709 6e8 6b2 0
6e8 709 70a 6e9 6b3 0
6e9 70a 70b 6ea 6b4 0
6ea 70b 70c 6eb 6b5 0
6eb 70c 70d 6ec 6b6 0
6ec 70d 70e 6ed 6b7 0
6ed 70e 70f 6ee 6b8 0
6ee 70f 710 6ef 6b9 0
6ef 710 711 6f0 6ba 0
6f0 711 712 6f1 6bb 0
6f1 712 713 6f2 6bc 0
6f2 713 714 6f3 6bd 0
6f3 714 715 6f4 6be 0
6f4 715 716 6f5 6bf 0
6f5 716 717 6f6 6c0 0
6f7 718 719 6f8 6c1 0
6f8 719 71a 6f9 6c2 0
6f9 71a 71b 6fa 6c3 0
6fa 71b 71c 6fb 6c4 0
6fb 71c 71d 6fc 6c5 0
6fc 71d 71e 6fd 6c6 0
6fd 71e 71f 6fe 6c7 0
6fe 71f 720 6ff 6c8 0
6ff 720 721 700 6c9 0
700 721 722 701 6ca 0
701 722 723 702 6cb 0
702 723 724 703 6cc 0
703 724 725 704 6cd 0
704 725 726 705 6ce 0
705 726 727 706 6cf 0
706 727 728 707 6d0 0
707 728 729 708 6d1 0
708 729 72a 709 6d2 0
709 72a 72b 70a 6d3 0
70a 72b 72c 70b 6d4 0
70b 72c 72d 70c 6d5 0
70c 72d 72e 70d 6d6 0
70d 72e 72f 70e 6d7 0
70e 72f 730 70f 6d8 0
70f 730 731 710 6d9 0
710 731 732 711 6da 0
711 732 733 712 6db 0
712 733 734 713 6dc 0
713 734 735 714 6dd 0
714 735 736 715 6de 0
715 736 737 716 6df 0
716 737 738 717 6e0 0
718 739 73a 719 6e1 0
719 73a 73b 71a 6e2 0
71a 73b 73c 71b 6e3 0
71b 73c 73d 71c 6e4 0
71c 73d 73e 71d 6e5 0
71d 73e 73f 71e 6e6 0
71e 73f 740 71f 6e7 0
71f 740 741 720 6e8 0
720 741 742 721 6e9 0
721 742 743 722 6ea 0
722 743 744 723 6eb 0
723 744 745 724 6ec 0
724 745 746 725 6ed 0
725 746 747 726 6ee 0
726 747 748 727 6ef 0
727 748 749 728 6f0 0
728 749 74a 729 6f1 0
729 74a 74b 72a 6f2 0
72a 74b 74c 72b 6f3 0
72b 74c 74d 72c 6f4 0
72c 74d 74e 72d 6f5 0
72d 74e 74f 72e 6f6 0
72e 74f 750 72f 6f7 0
72f 750 751 730 6f8 0
730 751 752 731 6f9 0
731 752 753 732 6fa 0
732 753 754 733 6fb 0
733 754 755 734 6fc 0
734 755 756 735 6fd 0
735 756 757 736 6fe 0
736 757 758 737 6ff 0
737 758 759 738 700 0
739 75a 75b 73a 701 0
73a 75b 75c 73b 702 0
73b 75c 75d 73c 703 0
73c 75d 75e 73d 704 0
73d 75e 75f 73e 705 0
73e 75f 760 73f 706 0
73f 760 761 740 707 0
740 761 762 741 708 0
741 762 763 742 709 0
742 763 764 743 70a 0
743 764 765 744 70b 0
744 765 766 745 70c 0
745 766 767 746 70d 0
746 767 768 747 70e 0
747 768 769 748 70f 0
748 769 76a 749 710 0
749 76a 76b 74a 711 0
74a 76b 76c 74b 712 0
74b 76c 76d 74c 713 0
74c 76d 76e 74d 714 0
74d 76e 76f 74e 715 0
74e 76f 770 74f 716 0
74f 770 771 750 717 0
750 771 772 751 718 0
751 772 773 752 719 0
752 773 774 753 71a 0
753 774 775 754 71b 0
754 775 776 755 71c 0
755 776 777 756 71d 0
756 777 778 757 71e 0
757 778 779 758 71f 0
758 779 77a 759 720 0
75a 77b 77c 75b 721 0
75b 77c 77d 75c 722 0
75c 77d 77e 75d 723 0
75d 77e 77f 75e 724 0
75e 77f 780 75f 725 0
75f 780 781 760 726 0
760 781 782 761 727 0
761 782 783 762 728 0
762 783 784 763 729 0
763 784 785 764 72a 0
764 785 786 765 72b 0
765 786 787 766 72c 0
766 787 788 767 72d 0
767 788 789 768 72e 0
768 789 78a 769 72f 0
769 78a 78b 76a 730 0
76a 78b 78c 76b 731 0
76b 78c 78d 76c 732 0
76c 78d 78e 76d 733 0
76d 78e 78f 76e 734 0
76e 78f 790 76f 735 0
76f 790 791 770 736 0
770 791 792 771 737 0
771 792 793 772 738 0
772 793 794 773 739 0
773 794 795 774 73a 0
774 795 796 775 73b 0
775 796 797 776 73c 0
776 797 798 777 73d 0
777 798 799 778 73e 0
778 799 79a 779 73f 0
779 79a 79b 77a 740 0
77b 79c 79d 77c 741 0
77c 79d 79e 77d 742 0
77d 79e 79f 77e 743 0
77e 79f 7a0 77f 744 0
77f 7a0 7a1 780 745 0
780 7a1 7a2 781 746 0
781 7a2 7a3 782 747 0
782 7a3 7a4 783 748 0
783 7a4 7a5 784 749 0
784 7a5 7a6 785 74a 0
785 7a6 7a7 786 74b 0
786 7a7 7a8 787 74c 0
787 7a8 7a9 788 74d 0
788 7a9 7aa 789 74e 0
789 7aa 7ab 78a 74f 0
78a 7ab 7ac 78b 750 0
78b 7ac 7ad 78c 751 0
78c 7ad 7ae 78d 752 0
78d 7ae 7af 78e 753 0
78e 7af 7b0 78f 754 0
78f 7b0 7b1 790 755 0
790 7b1 7b2 791 756 0
791 7b2 7b3 792 757 0
792 7b3 7b4 793 758 0
793 7b4 7b5 794 759 0
794 7b5 7b6 795 75a 0
795 7b6 7b7 796 75b 0
796 7b7 7b8 797 75c 0
797 7b8 7b9 798 75d 0
798 7b9 7ba 799 75e 0
799 7ba 7bb 79a 75f 0
79a 7bb 7bc 79b 760 0
79c 7bd 7be 79d 761 0
79d 7be 7bf 79e 762 0
79e 7bf 7c0 79f 763 0
79f 7c0 7c1 7a0 764 0
7a0 7c1 7c2 7a1 765 0
7a1 7c2 7c3 7a2 766 0
7a2 7c3 7c4 7a3 767 0
7a3 7c4 7c5 7a4 768 0
7a4 7c5 7c6 7a5 769 0
7a5 7c6 7c7 7a6 76a 0
7a6 7c7 7c8 7a7 76b 0
7a7 7c8 7c9 7a8 76c 0
7a8 7c9 7ca 7a9 76d 0
7a9 7ca 7cb 7aa 76e 0
7aa 7cb 7cc 7ab 76f 0
7ab 7cc 7cd 7ac 770 0
7ac 7cd 7ce 7ad 771 0
7ad 7ce 7cf 7ae 772 0
7ae 7cf 7d0 7af 773 0
7af 7d0 7d1 7b0 774 0
7b0 7d1 7d2 7b1 775 0
7b1 7d2 7d3 7b2 776 0
7b2 7d3 7d4 7b3 777 0
7b3 7d4 7d5 7b4 778 0
7b4 7d5 7d6 7b5 779 0
7b5 7d6 7d7 7b6 77a 0
7b6 7d7 7d8 7b7 77b 0
7b7 7d8 7d9 7b8 77c 0
7b8 7d9 7da 7b9 77d 0
7b9 7da 7db 7ba 77e 0
7ba 7db 7dc 7bb 77f 0
7bb 7dc 7dd 7bc 780 0
7bd 7de 7df 7be 781 0
7be 7df 7e0 7bf 782 0
7bf 7e0 7e1 7c0 783 0
7c0 7e1 7e2 7c1 784 0
7c1 7e2 7e3 7c2 785 0
7c2 7e3 7e4 7c3 786 0
7c3 7e4 7e5 7c4 787 0
7c4 7e5 7e6 7c5 788 0
7c5 7e6 7e7 7c6 789 0
7c6 7e7 7e8 7c7 78a 0
7c7 7e8 7e9 7c8 78b 0
7c8 7e9 7ea 7c9 78c 0
7c9 7ea 7eb 7ca 78d 0
7ca 7eb 7ec 7cb 78e 0
7cb 7ec 7ed 7cc 78f 0
7cc 7ed 7ee 7cd 790 0
7cd 7ee 7ef 7ce 791 0
7ce 7ef 7f0 7cf 792 0
7cf 7f0 7f1 7d0 793 0
7d0 7f1 7f2 7d1 794 0
7d1 7f2 7f3 7d2 795 0
7d2 7f3 7f4 7d3 796 0
7d3 7f4 7f5 7d4 797 0
7d4 7f5 7f6 7d5 798 0
7d5 7f6 7f7 7d6 799 0
7d6 7f7 7f8 7d7 79a 0
7d7 7f8 7f9 7d8 79b 0
7d8 7f9 7fa 7d9 79c 0
7d9 7fa 7fb 7da 79d 0
7da 7fb 7fc 7db 79e 0
7db 7fc 7fd 7dc 79f 0
7dc 7fd 7fe 7dd 7a0 0
7de 7ff 800 7df 7a1 0
7df 800 801 7e0 7a2 0
7e0 801 802 7e1 7a3 0
7e1 802 803 7e2 7a4 0
7e2 803 804 7e3 7a5 0
7e3 804 805 7e4 7a6 0
7e4 805 806 7e5 7a7 0
7e5 806 807 7e6 7a8 0
7e6 807 808 7e7 7a9 0
7e7 808 809 7e8 7aa 0
7e8 809 80a 7e9 7ab 0
7e9 80a 80b 7ea 7ac 0
7ea 80b 80c 7eb 7ad 0
7eb 80c 80d 7ec 7ae 0
7ec 80d 80e 7ed 7af 0
7ed 80e 80f 7ee 7b0 0
7ee 80f 810 7ef 7b1 0
7ef 810 811 7f0 7b2 0
7f0 811 812 7f1 7b3 0
7f1 812 813 7f2 7b4 0
7f2 813 814 7f3 7b5 0
7f3 814 815 7f4 7b6 0
7f4 815 816 7f5 7b7 0
7f5 816 817 7f6 7b8 0
7f6 817 818 7f7 7b9 0
7f7 818 819 7f8 7ba 0
7f8 819 81a 7f9 7bb 0
7f9 81a 81b 7fa 7bc 0
7fa 81b 81c 7fb 7bd 0
7fb 81c 81d 7fc 7be 0
7fc 81d 81e 7fd 7bf 0
7fd 81e 81f 7fe 7c0 0
7ff 820 821 800 7c1 0
800 821 822 801 7c2 0
801 822 823 802 7c3 0
802 823 824 803 7c4 0
803 824 825 804 7c5 0
804 825 826 805 7c6 0
805 826 827 806 7c7 0
806 827 828 807 7c8 0
807 828 829 808 7c9 0
808 829 82a 809 7ca 0
809 82a 82b 80a 7cb 0
80a 82b 82c 80b 7cc 0
80b 82c 82d 80c 7cd 0
80c 82d 82e 80d 7ce 0
80d 82e 82f 80e 7cf 0
80e 82f 830 80f 7d0 0
80f 830 831 810 7d1 0
810 831 832 811 7d2 0
811 832 833 812 7d3 0
812 833 834 813 7d4 0
813 834 835 814 7d5 0
814 835 836 815 7d6 0
815 836 837 816 7d7 0
816 837 838 817 7d8 0
817 838 839 818 7d9 0
818 839 83a 819 7da 0
819 83a 83b 81a 7db 0
81a 83b 83c 81b 7dc 0
81b 83c 83d 81c 7dd 0
81c 83d 83e 81d 7de 0
81d 83e 83f 81e 7df 0
81e 83f 840 81f 7e0 0
820 841 842 821 7e1 0
821 842 843 822 7e2 0
822 843 844 823 7e3 0
823 844 845 824 7e4 0
824 845 846 825 7e5 0
825 846 847 826 7e6 0
826 847 848 827 7e7 0
827 848 849 828 7e8 0
828 849 84a 829 7e9 0
829 84a 84b 82a 7ea 0
82a 84b 84c 82b 7eb 0
82b 84c 84d 82c 7ec 0
82c 84d 84e 82d 7ed 0
82d 84e 84f 82e 7ee 0
82e 84f 850 82f 7ef 0
82f 850 851 830 7f0 0
830 851 852 831 7f1 0
831 852 853 832 7f2 0
832 853 854 833 7f3 0
833 854 855 834 7f4 0
834 855 856 835 7f5 0
835 856 857 836 7f6 0
836 857 858 837 7f7 0
837 858 859 838 7f8 0
838 859 85a 839 7f9 0
839 85a 85b 83a 7fa 0
83a 85b 85c 83b 7fb 0
83b 85c 85d 83c 7fc 0
83c 85d 85e 83d 7fd 0
83d 85e 85f 83e 7fe 0
83e 85f 860 83f 7ff 0
83f 860 861 840 800 0
841 862 863 842 801 0
842 863 864 843 802 0
843 864 865 844 803 0
844 865 866 845 804 0
845 866 867 846 805 0
846 867 868 847 806 0
847 868 869 848 807 0
848 869 86a 849 808 0
849 86a 86b 84a 809 0
84a 86b 86c 84b 80a 0
84b 86c 86d 84c 80b 0
84c 86d 86e 84d 80c 0
84d 86e 86f 84e 80d 0
84e 86f 870 84f 80e 0
84f 870 871 850 80f 0
850 871 872 851 810 0
851 872 873 852 811 0
852 873 874 853 812 0
853 874 875 854 813 0
854 875 876 855 814 0
855 876 877 856 815 0
856 877 878 857 816 0
857 878 879 858 817 0
858 879 87a 859 818 0
859 87a 87b 85a 819 0
85a 87b 87c 85b 81a 0
85b 87c 87d 85c 81b 0
85c 87d 87e 85d 81c 0
85d 87e 87f 85e 81d 0
85e 87f 880 85f 81e 0
85f 880 881 860 81f 0
860 881 882 861 820 0
862 883 884 863 821 0
863 884 885 864 822 0
864 885 886 865 823 0
865 886 887 866 824 0
866 887 888 867 825 0
867 888 889 868 826 0
868 889 88a 869 827 0
869 88a 88b 86a 828 0
86a 88b 88c 86b 829 0
86b 88c 88d 86c 82a 0
86c 88d 88e 86d 82b 0
86d 88e 88f 86e 82c 0
86e 88f 890 86f 82d 0
86f 890 891 870 82e 0
870 891 892 871 82f 0
871 892 893 872 830 0
872 893 894 873 831 0
873 894 895 874 832 0
874 895 896 875 833 0
875 896 897 876 834 0
876 897 898 877 835 0
877 898 899 878 836 0
878 899 89a 879 837 0
879 89a 89b 87a 838 0
87a 89b 89c 87b 839 0
87b 89c 89d 87c 83a 0
87c 89d 89e 87d 83b 0
87d 89e 89f 87e 83c 0
87e 89f 8a0 87f 83d 0
87f 8a0 8a1 880 83e 0
880 8a1 8a2 881 83f 0
881 8a2 8a3 882 840 0
883 8a4 8a5 884 841 0
884 8a5 8a6 885 842 0
885 8a6 8a7 886 843 0
886 8a7 8a8 887 844 0
887 8a8 8a9 888 845 0
888 8a9 8aa 889 846 0
889 8aa 8ab 88a 847 0
88a 8ab 8ac 88b 848 0
88b 8ac 8ad 88c 849 0
88c 8ad 8ae 88d 84a 0
88d 8ae 8af 88e 84b 0
88e 8af 8b0 88f 84c 0
88f 8b0 8b1 890 84d 0
890 8b1 8b2 891 84e 0
891 8b2 8b3 892 84f 0
892 8b3 8b4 893 850 0
893 8b4 8b5 894 851 0
894 8b5 8b6 895 852 0
895 8b6 8b7 896 853 0
896 8b7 8b8 897 854 0
897 8b8 8b9 898 855 0
898 8b9 8ba 899 856 0
899 8ba 8bb 89a 857 0
89a 8bb 8bc 89b 858 0
89b 8bc 8bd 89c 859 0
89c 8bd 8be 89d 85a 0
89d 8be 8bf 89e 85b 0
89e 8bf 8c0 89f 85c 0
89f 8c0 8c1 8a0 85d 0
8a0 8c1 8c2 8a1 85e 0
8a1 8c2 8c3 8a2 85f 0
8a2 8c3 8c4 8a3 860 0
8a4 8c5 8c6 8a5 861 0
8a5 8c6 8c7 8a6 862 0
8a6 8c7 8c8 8a7 863 0
8a7 8c8 8c9 8a8 864 0
8a8 8c9 8ca 8a9 865 0
8a9 8ca 8cb 8aa 866 0
8aa 8cb 8cc 8ab 867 0
8ab 8cc 8cd 8ac 868 0
8ac 8cd 8ce 8ad 869 0
8ad 8ce 8cf 8ae 86a 0
8ae 8cf 8d0 8af 86b 0
8af 8d0 8d1 8b0 86c 0
8b0 8d1 8d2 8b1 86d 0
8b1 8d2 8d3 8b2 86e 0
8b2 8d3 8d4 8b3 86f 0
8b3 8d4 8d5 8b4 870 0
8b4 8d5 8d6 8b5 871 0
8b5 8d6 8d7 8b6 872 0
8b6 8d7 8d8 8b7 873 0
8b7 8d8 8d9 8b8 874 0
8b8 8d9 8da 8b9 875 0
8b9 8da 8db 8ba 876 0
8ba 8db 8dc 8bb 877 0
8bb 8dc 8dd 8bc 878 0
8bc 8dd 8de 8bd 879 0
8bd 8de 8df 8be 87a 0
8be 8df 8e0 8bf 87b 0
8bf 8e0 8e1 8c0 87c 0
8c0 8e1 8e2 8c1 87d 0
8c1 8e2 8e3 8c2 87e 0
8c2 8e3 8e4 8c3 87f 0
8c3 8e4 8e5 8c4 880 0
8c5 8e6 8e7 8c6 881 0
8c6 8e7 8e8 8c7 882 0
8c7 8e8 8e9 8c8 883 0
8c8 8e9 8ea 8c9 884 0
8c9 8ea 8eb 8ca 885 0
8ca 8eb 8ec 8cb 886 0
8cb 8ec 8ed 8cc 887 0
8cc 8ed 8ee 8cd 888 0
8cd 8ee 8ef 8ce 889 0
8ce 8ef 8f0 8cf 88a 0
8cf 8f0 8f1 8d0 88b 0
8d0 8f1 8f2 8d1 88c 0
8d1 8f2 8f3 8d2 88d 0
8d2 8f3 8f4 8d3 88e 0
8d3 8f4 8f5 8d4 88f 0
8d4 8f5 8f6 8d5 890 0
8d5 8f6 8f7 8d6 891 0
8d6 8f7 8f8 8d7 892 0
8d7 8f8 8f9 8d8 893 0
8d8 8f9 8fa 8d9 894 0
8d9 8fa 8fb 8da 895 0
8da 8fb 8fc 8db 896 0
8db 8fc 8fd 8dc 897 0
8dc 8fd 8fe 8dd 898 0
8dd 8fe 8ff 8de 899 0
8de 8ff 900 8df 89a 0
8df 900 901 8e0 89b 0
8e0 901 902 8e1 89c 0
8e1 902 903 8e2 89d 0
8e2 903 904 8e3 89e 0
8e3 904 905 8e4 89f 0
8e4 905 906 8e5 8a0 0
8e6 907 908 8e7 8a1 0
8e7 908 909 8e8 8a2 0
8e8 909 90a 8e9 8a3 0
8e9 90a 90b 8ea 8a4 0
8ea 90b 90c 8eb 8a5 0
8eb 90c 90d 8ec 8a6 0
8ec 90d 90e 8ed 8a7 0
8ed 90e 90f 8ee 8a8 0
8ee 90f 910 8ef 8a9 0
8ef 910 911 8f0 8aa 0
8f0 911 912 8f1 8ab 0
8f1 912 913 8f2 8ac 0
8f2 913 914 8f3 8ad 0
8f3 914 915 8f4 8ae 0
8f4 915 916 8f5 8af 0
8f5 916 917 8f6 8b0 0
8f6 917 918 8f7 8b1 0
8f7 918 919 8f8 8b2 0
8f8 919 91a 8f9 8b3 0
8f9 91a 91b 8fa 8b4 0
8fa 91b 91c 8fb 8b5 0
8fb 91c 91d 8fc 8b6 0
8fc 91d 91e 8fd 8b7 0
8fd 91e 91f 8fe 8b8 0
8fe 91f 920 8ff 8b9 0
8ff 920 921 900 8ba 0
900 921 922 901 8bb 0
901 922 923 902 8bc 0
902 923 924 903 8bd 0
903 924 925 904 8be 0
904 925 926 905 8bf 0
905 926 927 906 8c0 0
907 928 929 908 8c1 0
908 929 92a 909 8c2 0
909 92a 92b 90a 8c3 0
90a 92b 92c 90b 8c4 0
90b 92c 92d 90c 8c5 0
90c 92d 92e 90d 8c6 0
90d 92e 92f 90e 8c7 0
90e 92f 930 90f 8c8 0
90f 930 931 910 8c9 0
910 931 932 911 8ca 0
911 932 933 912 8cb 0
912 933 934 913 8cc 0
913 934 935 914 8cd 0
914 935 936 915 8ce 0
915 936 937 916 8cf 0
916 937 938 917 8d0 0
917 938 939 918 8d1 0
918 939 93a 919 8d2 0
919 93a 93b 91a 8d3 0
91a 93b 93c 91b 8d4 0
91b 93c 93d 91c 8d5 0
91c 93d 93e 91d 8d6 0
91d 93e 93f 91e 8d7 0
91e 93f 940 91f 8d8 0
91f 940 941 920 8d9 0
920 941 942 921 8da 0
921 942 943 922 8db 0
922 943 944 923 8dc 0
923 944 945 924 8dd 0
924 945 946 925 8de 0
925 946 947 926 8df 0
926 947 948 927 8e0 0
928 949 94a 929 8e1 0
929 94a 94b 92a 8e2 0
92a 94b 94c 92b 8e3 0
92b 94c 94d 92c 8e4 0
92c 94d 94e 92d 8e5 0
92d 94e 94f 92e 8e6 0
92e 94f 950 92f 8e7 0
92f 950 951 930 8e8 0
930 951 952 931 8e9 0
931 952 953 932 8ea 0
932 953 954 933 8eb 0
933 954 955 934 8ec 0
934 955 956 935 8ed 0
935 956 957 936 8ee 0
936 957 958 937 8ef 0
937 958 959 938 8f0 0
938 959 95a 939 8f1 0
939 95a 95b 93a 8f2 0
93a 95b 95c 93b 8f3 0
93b 95c 95d 93c 8f4 0
93c 95d 95e 93d 8f5 0
93d 95e 95f 93e 8f6 0
93e 95f 960 93f 8f7 0
93f 960 961 940 8f8 0
940 961 962 941 8f9 0
941 962 963 942 8fa 0
942 963 964 943 8fb 0
943 964 965 944 8fc 0
944 965 966 945 8fd 0
945 966 967 946 8fe 0
946 967 968 947 8ff 0
947 968 969 948 900 0
949 96a 96b 94a 901 0
94a 96b 96c 94b 902 0
94b 96c 96d 94c 903 0
94c 96d 96e 94d 904 0
94d 96e 96f 94e 905 0
94e 96f 970 94f 906 0
94f 970 971 950 907 0
950 971 972 951 908 0
951 972 973 952 909 0
952 973 974 953 90a 0
953 974 975 954 90b 0
954 975 976 955 90c 0
955 976 977 956 90d 0
956 977 978 957 90e 0
957 978 979 958 90f 0
958 979 97a 959 910 0
959 97a 97b 95a 911 0
95a 97b 97c 95b 912 0
95b 97c 97d 95c 913 0
95c 97d 97e 95d 914 0
95d 97e 97f 95e 915 0
95e 97f 980 95f 916 0
95f 980 981 960 917 0
960 981 982 961 918 0
961 982 983 962 919 0
962 983 984 963 91a 0
963 984 985 964 91b 0
964 985 986 965 91c 0
965 986 987 966 91d 0
966 987 988 967 91e 0
967 988 989 968 91f 0
968 989 98a 969 920 0
96a 98b 98c 96b 921 0
96b 98c 98d 96c 922 0
96c 98d 98e 96d 923 0
96d 98e 98f 96e 924 0
96e 98f 990 96f 925 0
96f 990 991 970 926 0
970 991 992 971 927 0
971 992 993 972 928 0
972 993 994 973 929 0
973 994 995 974 92a 0
974 995 996 975 92b 0
975 996 997 976 92c 0
976 997 998 977 92d 0
977 998 999 978 92e 0
978 999 99a 979 92f 0
979 99a 99b 97a 930 0
97a 99b 99c 97b 931 0
97b 99c 99d 97c 932 0
97c 99d 99e 97d 933 0
97d 99e 99f 97e 934 0
97e 99f 9a0 97f 935 0
97f 9a0 9a1 980 936 0
980 9a1 9a2 981 937 0
981 9a2 9a3 982 938 0
982 9a3 9a4 983 939 0
983 9a4 9a5 984 93a 0
984 9a5 9a6 985 93b 0
985 9a6 9a7 986 93c 0
986 9a7 9a8 987 93d 0
987 9a8 9a9 988 93e 0
988 9a9 9aa 989 93f 0
989 9aa 9ab 98a 940 0
98b 9ac 9ad 98c 941 0
98c 9ad 9ae 98d 942 0
98d 9ae 9af 98e 943 0
98e 9af 9b0 98f 944 0
98f 9b0 9b1 990 945 0
990 9b1 9b2 991 946 0
991 9b2 9b3 992 947 0
992 9b3 9b4 993 948 0
993 9b4 9b5 994 949 0
994 9b5 9b6 995 94a 0
995 9b6 9b7 996 94b 0
996 9b7 9b8 997 94c 0
997 9b8 9b9 998 94d 0
998 9b9 9ba 999 94e 0
999 9ba 9bb 99a 94f 0
99a 9bb 9bc 99b 950 0
99b 9bc 9bd 99c 951 0
99c 9bd 9be 99d 952 0
99d 9be 9bf 99e 953 0
99e 9bf 9c0 99f 954 0
99f 9c0 9c1 9a0 955 0
9a0 9c1 9c2 9a1 956 0
9a1 9c2 9c3 9a2 957 0
9a2 9c3 9c4 9a3 958 0
9a3 9c4 9c5 9a4 959 0
9a4 9c5 9c6 9a5 95a 0
9a5 9c6 9c7 9a6 95b 0
9a6 9c7 9c8 9a7 95c 0
9a7 9c8 9c9 9a8 95d 0
9a8 9c9 9ca 9a9 95e 0
9a9 9ca 9cb 9aa 95f 0
9aa 9cb 9cc 9ab 960 0
9ac 9cd 9ce 9ad 961 0
9ad 9ce 9cf 9ae 962 0
9ae 9cf 9d0 9af 963 0
9af 9d0 9d1 9b0 964 0
9b0 9d1 9d2 9b1 965 0
9b1 9d2 9d3 9b2 966 0
9b2 9d3 9d4 9b3 967 0
9b3 9d4 9d5 9b4 968 0
9b4 9d5 9d6 9b5 969 0
9b5 9d6 9d7 9b6 96a 0
9b6 9d7 9d8 9b7 96b 0
9b7 9d8 9d9 9b8 96c 0
9b8 9d9 9da 9b9 96d 0
9b9 9da 9db 9ba 96e 0
9ba 9db 9dc 9bb 96f 0
9bb 9dc 9dd 9bc 970 0
9bc 9dd 9de 9bd 971 0
9bd 9de 9df 9be 972 0
9be 9df 9e0 9bf 973 0
9bf 9e0 9e1 9c0 974 0
9c0 9e1 9e2 9c1 975 0
9c1 9e2 9e3 9c2 976 0
9c2 9e3 9e4 9c3 977 0
9c3 9e4 9e5 9c4 978 0
9c4 9e5 9e6 9c5 979 0
9c5 9e6 9e7 9c6 97a 0
9c6 9e7 9e8 9c7 97b 0
9c7 9e8 9e9 9c8 97c 0
9c8 9e9 9ea 9c9 97d 0
9c9 9ea 9eb 9ca 97e 0
9ca 9eb 9ec 9cb 97f 0
9cb 9ec 9ed 9cc 980 0
9cd 9ee 9ef 9ce 981 0
9ce 9ef 9f0 9cf 982 0
9cf 9f0 9f1 9d0 983 0
9d0 9f1 9f2 9d1 984 0
9d1 9f2 9f3 9d2 985 0
9d2 9f3 9f4 9d3 986 0
9d3 9f4 9f5 9d4 987 0
9d4 9f5 9f6 9d5 988 0
9d5 9f6 9f7 9d6 989 0
9d6 9f7 9f8 9d7 98a 0
9d7 9f8 9f9 9d8 98b 0
9d8 9f9 9fa 9d9 98c 0
9d9 9fa 9fb 9da 98d 0
9da 9fb 9fc 9db 98e 0
9db 9fc 9fd 9dc 98f 0
9dc 9fd 9fe 9dd 990 0
9dd 9fe 9ff 9de 991 0
9de 9ff a00 9df 992 0
9df a00 a01 9e0 993 0
9e0 a01 a02 9e1 994 0
9e1 a02 a03 9e2 995 0
9e2 a03 a04 9e3 996 0
9e3 a04 a05 9e4 997 0
9e4 a05 a06 9e5 998 0
9e5 a06 a07 9e6 999 0
9e6 a07 a08 9e7 99a 0
9e7 a08 a09 9e8 99b 0
9e8 a09 a0a 9e9 99c 0
9e9 a0a a0b 9ea 99d 0
9ea a0b a0c 9eb 99e 0
9eb a0c a0d 9ec 99f 0
9ec a0d a0e 9ed 9a0 0
9ee a0f a10 9ef 9a1 0
9ef a10 a11 9f0 9a2 0
9f0 a11 a12 9f1 9a3 0
9f1 a12 a13 9f2 9a4 0
9f2 a13 a14 9f3 9a5 0
9f3 a14 a15 9f4 9a6 0
9f4 a15 a16 9f5 9a7 0
9f5 a16 a17 9f6 9a8 0
9f6 a17 a18 9f7 9a9 0
9f7 a18 a19 9f8 9aa 0
9f8 a19 a1a 9f9 9ab 0
9f9 a1a a1b 9fa 9ac 0
9fa a1b a1c 9fb 9ad 0
9fb a1c a1d 9fc 9ae 0
9fc a1d a1e 9fd 9af 0
9fd a1e a1f 9fe 9b0 0
9fe a1f a20 9ff 9b1 0
9ff a20 a21 a00 9b2 0
a00 a21 a22 a01 9b3 0
a01 a22 a23 a02 9b4 0
a02 a23 a24 a03 9b5 0
a03 a24 a25 a04 9b6 0
a04 a25 a26 a05 9b7 0
a05 a26 a27 a06 9b8 0
a06 a27 a28 a07 9b9 0
a07 a28 a29 a08 9ba 0
a08 a29 a2a a09 9bb 0
a09 a2a a2b a0a 9bc 0
a0a a2b a2c a0b 9bd 0
a0b a2c a2d a0c 9be 0
a0c a2d a2e a0d 9bf 0
a0d a2e a2f a0e 9c0 0
a0f a30 a31 a10 9c1 0
a10 a31 a32 a11 9c2 0
a11 a32 a33 a12 9c3 0
a12 a33 a34 a13 9c4 0
a13 a34 a35 a14 9c5 0
a14 a35 a36 a15 9c6 0
a15 a36 a37 a16 9c7 0
a16 a37 a38 a17 9c8 0
a17 a38 a39 a18 9c9 0
a18 a39 a3a a19 9ca 0
a19 a3a a3b a1a 9cb 0
a1a a3b a3c a1b 9cc 0
a1b a3c a3d a1c 9cd 0
a1c a3d a3e a1d 9ce 0
a1d a3e a3f a1e 9cf 0
a1e a3f a40 a1f 9d0 0
a1f a40 a41 a20 9d1 0
a20 a41 a42 a21 9d2 0
a21 a42 a43 a22 9d3 0
a22 a43 a44 a23 9d4 0
a23 a44 a45 a24 9d5 0
a24 a45 a46 a25 9d6 0
a25 a46 a47 a26 9d7 0
a26 a47 a48 a27 9d8 0
a27 a48 a49 a28 9d9 0
a28 a49 a4a a29 9da 0
a29 a4a a4b a2a 9db 0
a2a a4b a4c a2b 9dc 0
a2b a4c a4d a2c 9dd 0
a2c a4d a4e a2d 9de 0
a2d a4e a4f a2e 9df 0
a2e a4f a50 a2f 9e0 0
a30 a51 a52 a31 9e1 0
a31 a52 a53 a32 9e2 0
a32 a53 a54 a33 9e3 0
a33 a54 a55 a34 9e4 0
a34 a55 a56 a35 9e5 0
a35 a56 a57 a36 9e6 0
a36 a57 a58 a37 9e7 0
a37 a58 a59 a38 9e8 0
a38 a59 a5a a39 9e9 0
a39 a5a a5b a3a 9ea 0
a3a a5b a5c a3b 9eb 0
a3b a5c a5d a3c 9ec 0
a3c a5d a5e a3d 9ed 0
a3d a5e a5f a3e 9ee 0
a3e a5f a60 a3f 9ef 0
a3f a60 a61 a40 9f0 0
a40 a61 a62 a41 9f1 0
a41 a62 a63 a42 9f2 0
a42 a63 a64 a43 9f3 0
a43 a64 a65 a44 9f4 0
a44 a65 a66 a45 9f5 0
a45 a66 a67 a46 9f6 0
a46 a67 a68 a47 9f7 0
a47 a68 a69 a48 9f8 0
a48 a69 a6a a49 9f9 0
a49 a6a a6b a4a 9fa 0
a4a a6b a6c a4b 9fb 0
a4b a6c a6d a4c 9fc 0
a4c a6d a6e a4d 9fd 0
a4d a6e a6f a4e 9fe 0
a4e a6f a70 a4f 9ff 0
a4f a70 a71 a50 a00 0
a51 a72 a73 a52 a01 0
a52 a73 a74 a53 a02 0
a53 a74 a75 a54 a03 0
a54 a75 a76 a55 a04 0
a55 a76 a77 a56 a05 0
a56 a77 a78 a57 a06 0
a57 a78 a79 a58 a07 0
a58 a79 a7a a59 a08 0
a59 a7a a7b a5a a09 0
a5a a7b a7c a5b a0a 0
a5b a7c a7d a5c a0b 0
a5c a7d a7e a5d a0c 0
a5d a7e a7f a5e a0d 0
a5e a7f a80 a5f a0e 0
a5f a80 a81 a60 a0f 0
a60 a81 a82 a61 a10 0
a61 a82 a83 a62 a11 0
a62 a83 a84 a63 a12 0
a63 a84 a85 a64 a13 0
a64 a85 a86 a65 a14 0
a65 a86 a87 a66 a15 0
a66 a87 a88 a67 a16 0
a67 a88 a89 a68 a17 0
a68 a89 a8a a69 a18 0
a69 a8a a8b a6a a19 0
a6a a8b a8c a6b a1a 0
a6b a8c a8d a6c a1b 0
a6c a8d a8e a6d a1c 0
a6d a8e a8f a6e a1d 0
a6e a8f a90 a6f a1e 0
a6f a90 a91 a70 a1f 0
a70 a91 a92 a71 a20 0
a72 a93 a94 a73 a21 0
a73 a94 a95 a74 a22 0
a74 a95 a96 a75 a23 0
a75 a96 a97 a76 a24 0
a76 a97 a98 a77 a25 0
a77 a98 a99 a78 a26 0
a78 a99 a9a a79 a27 0
a79 a9a a9b a7a a28 0
a7a a9b a9c a7b a29 0
a7b a9c a9d a7c a2a 0
a7c a9d a9e a7d a2b 0
a7d a9e a9f a7e a2c 0
a7e a9f aa0 a7f a2d 0
a7f aa0 aa1 a80 a2e 0
a80 aa1 aa2 a81 a2f 0
a81 aa2 aa3 a82 a30 0
a82 aa3 aa4 a83 a31 0
a83 aa4 aa5 a84 a32 0
a84 aa5 aa6 a85 a33 0
a85 aa6 aa7 a86 a34 0
a86 aa7 aa8 a87 a35 0
a87 aa8 aa9 a88 a36 0
a88 aa9 aaa a89 a37 0
a89 aaa aab a8a a38 0
a8a aab aac a8b a39 0
a8b aac aad a8c a3a 0
a8c aad aae a8d a3b 0
a8d aae aaf a8e a3c 0
a8e aaf ab0 a8f a3d 0
a8f ab0 ab1 a90 a3e 0
a90 ab1 ab2 a91 a3f 0
a91 ab2 ab3 a92 a40 0
a93 ab4 ab5 a94 a41 0
a94 ab5 ab6 a95 a42 0
a95 ab6 ab7 a96 a43 0
a96 ab7 ab8 a97 a44 0
a97 ab8 ab9 a98 a45 0
a98 ab9 aba a99 a46 0
a99 aba abb a9a a47 0
a9a abb abc a9b a48 0
a9b abc abd a9c a49 0
a9c abd abe a9d a4a 0
a9d abe abf a9e a4b 0
a9e abf ac0 a9f a4c 0
a9f ac0 ac1 aa0 a4d 0
aa0 ac1 ac2 aa1 a4e 0
aa1 ac2 ac3 aa2 a4f 0
aa2 ac3 ac4 aa3 a50 0
aa3 ac4 ac5 aa4 a51 0
aa4 ac5 ac6 aa5 a52 0
aa5 ac6 ac7 aa6 a53 0
aa6 ac7 ac8 aa7 a54 0
aa7 ac8 ac9 aa8 a55 0
aa8 ac9 aca aa9 a56 0
aa9 aca acb aaa a57 0
aaa acb acc aab a58 0
aab acc acd aac a59 0
aac acd ace aad a5a 0
aad ace acf aae a5b 0
aae acf ad0 aaf a5c 0
aaf ad0 ad1 ab0 a5d 0
ab0 ad1 ad2 ab1 a5e 0
ab1 ad2 ad3 ab2 a5f 0
ab2 ad3 ad4 ab3 a60 0
ab4 ad5 ad6 ab5 a61 0
ab5 ad6 ad7 ab6 a62 0
ab6 ad7 ad8 ab7 a63 0
ab7 ad8 ad9 ab8 a64 0
ab8 ad9 ada ab9 a65 0
ab9 ada adb aba a66 0
aba adb adc abb a67 0
abb adc add abc a68 0
abc add ade abd a69 0
abd ade adf abe a6a 0
abe adf ae0 abf a6b 0
abf ae0 ae1 ac0 a6c 0
ac0 ae1 ae2 ac1 a6d 0
ac1 ae2 ae3 ac2 a6e 0
ac2 ae3 ae4 ac3 a6f 0
ac3 ae4 ae5 ac4 a70 0
ac4 ae5 ae6 ac5 a71 0
ac5 ae6 ae7 ac6 a72 0
ac6 ae7 ae8 ac7 a73 0
ac7 ae8 ae9 ac8 a74 0
ac8 ae9 aea ac9 a75 0
ac9 aea aeb aca a76 0
aca aeb aec acb a77 0
acb aec aed acc a78 0
acc aed aee acd a79 0
acd aee aef ace a7a 0
ace aef af0 acf a7b 0
acf af0 af1 ad0 a7c 0
ad0 af1 af2 ad1 a7d 0
ad1 af2 af3 ad2 a7e 0
ad2 af3 af4 ad3 a7f 0
ad3 af4 af5 ad4 a80 0
ad5 af6 af7 ad6 a81 0
ad6 af7 af8 ad7 a82 0
ad7 af8 af9 ad8 a83 0
ad8 af9 afa ad9 a84 0
ad9 afa afb ada a85 0
ada afb afc adb a86 0
adb afc afd adc a87 0
adc afd afe add a88 0
add afe aff ade a89 0
ade aff b00 adf a8a 0
adf b00 b01 ae0 a8b 0
ae0 b01 b02 ae1 a8c 0
ae1 b02 b03 ae2 a8d 0
ae2 b03 b04 ae3 a8e 0
ae3 b04 b05 ae4 a8f 0
ae4 b05 b06 ae5 a90 0
ae5 b06 b07 ae6 a91 0
ae6 b07 b08 ae7 a92 0
ae7 b08 b09 ae8 a93 0
ae8 b09 b0a ae9 a94 0
ae9 b0a b0b aea a95 0
aea b0b b0c aeb a96 0
aeb b0c b0d aec a97 0
aec b0d b0e aed a98 0
aed b0e b0f aee a99 0
aee b0f b10 aef a9a 0
aef b10 b11 af0 a9b 0
af0 b11 b12 af1 a9c 0
af1 b12 b13 af2 a9d 0
af2 b13 b14 af3 a9e 0
af3 b14 b15 af4 a9f 0
af4 b15 b16 af5 aa0 0
af6 b17 b18 af7 aa1 0
af7 b18 b19 af8 aa2 0
af8 b19 b1a af9 aa3 0
af9 b1a b1b afa aa4 0
afa b1b b1c afb aa5 0
afb b1c b1d afc aa6 0
afc b1d b1e afd aa7 0
afd b1e b1f afe aa8 0
afe b1f b20 aff aa9 0
aff b20 b21 b00 aaa 0
b00 b21 b22 b01 aab 0
b01 b22 b23 b02 aac 0
b02 b23 b24 b03 aad 0
b03 b24 b25 b04 aae 0
b04 b25 b26 b05 aaf 0
b05 b26 b27 b06 ab0 0
b06 b27 b28 b07 ab1 0
b07 b28 b29 b08 ab2 0
b08 b29 b2a b09 ab3 0
b09 b2a b2b b0a ab4 0
b0a b2b b2c b0b ab5 0
b0b b2c b2d b0c ab6 0
b0c b2d b2e b0d ab7 0
b0d b2e b2f b0e ab8 0
b0e b2f b30 b0f ab9 0
b0f b30 b31 b10 aba 0
b10 b31 b32 b11 abb 0
b11 b32 b33 b12 abc 0
b12 b33 b34 b13 abd 0
b13 b34 b35 b14 abe 0
b14 b35 b36 b15 abf 0
b15 b36 b37 b16 ac0 0
b17 b38 b39 b18 ac1 0
b18 b39 b3a b19 ac2 0
b19 b3a b3b b1a ac3 0
b1a b3b b3c b1b ac4 0
b1b b3c b3d b1c ac5 0
b1c b3d b3e b1d ac6 0
b1d b3e b3f b1e ac7 0
b1e b3f b40 b1f ac8 0
b1f b40 b41 b20 ac9 0
b20 b41 b42 b21 aca 0
b21 b42 b43 b22 acb 0
b22 b43 b44 b23 acc 0
b23 b44 b45 b24 acd 0
b24 b45 b46 b25 ace 0
b25 b46 b47 b26 acf 0
b26 b47 b48 b27 ad0 0
b27 b48 b49 b28 ad1 0
b28 b49 b4a b29 ad2 0
b29 b4a b4b b2a ad3 0
b2a b4b b4c b2b ad4 0
b2b b4c b4d b2c ad5 0
b2c b4d b4e b2d ad6 0
b2d b4e b4f b2e ad7 0
b2e b4f b50 b2f ad8 0
b2f b50 b51 b30 ad9 0
b30 b51 b52 b31 ada 0
b31 b52 b53 b32 adb 0
b32 b53 b54 b33 adc 0
b33 b54 b55 b34 add 0
b34 b55 b56 b35 ade 0
b35 b56 b57 b36 adf 0
b36 b57 b58 b37 ae0 0
b38 319 b59 b39 ae1 0
b39 b59 b5a b3a ae2 0
b3a b5a b5b b3b ae3 0
b3b b5b b5c b3c ae4 0
b3c b5c b5d b3d ae5 0
b3d b5d b5e b3e ae6 0
b3e b5e b5f b3f ae7 0
b3f b5f b60 b40 ae8 0
b40 b60 b61 b41 ae9 0
b41 b61 b62 b42 aea 0
b42 b62 b63 b43 aeb 0
b43 b63 b64 b44 aec 0
b44 b64 b65 b45 aed 0
b45 b65 b66 b46 aee 0
b46 b66 b67 b47 aef 0
b47 b67 b68 b48 af0 0
b48 b68 b69 b49 af1 0
b49 b69 b6a b4a af2 0
b4a b6a b6b b4b af3 0
b4b b6b b6c b4c af4 0
b4c b6c b6d b4d af5 0
b4d b6d b6e b4e af6 0
b4e b6e b6f b4f af7 0
b4f b6f b70 b50 af8 0
b50 b70 b71 b51 af9 0
b51 b71 b72 b52 afa 0
b52 b72 b73 b53 afb 0
b53 b73 b74 b54 afc 0
b54 b74 b75 b55 afd 0
b55 b75 b76 b56 afe 0
b56 b76 b77 b57 aff 0
b57 b77 b78 b58 b00 0
319 2f8 b79 b59 b01 0
b59 b79 b7a b5a b02 0
b5a b7a b7b b5b b03 0
b5b b7b b7c b5c b04 0
b5c b7c b7d b5d b05 0
b5d b7d b7e b5e b06 0
b5e b7e b7f b5f b07 0
b5f b7f b80 b60 b08 0
b60 b80 b81 b61 b09 0
b61 b81 b82 b62 b0a 0
b62 b82 b83 b63 b0b 0
b63 b83 b84 b64 b0c 0
b64 b84 b85 b65 b0d 0
b65 b85 b86 b66 b0e 0
b66 b86 b87 b67 b0f 0
b67 b87 b88 b68 b10 0
b68 b88 b89 b69 b11 0
b69 b89 b8a b6a b12 0
b6a b8a b8b b6b b13 0
b6b b8b b8c b6c b14 0
b6c b8c b8d b6d b15 0
b6d b8d b8e b6e b16 0
b6e b8e b8f b6f b17 0
b6f b8f b90 b70 b18 0
b70 b90 b91 b71 b19 0
b71 b91 b92 b72 b1a 0
b72 b92 b93 b73 b1b 0
b73 b93 b94 b74 b1c 0
b74 b94 b95 b75 b1d 0
b75 b95 b96 b76 b1e 0
b76 b96 b97 b77 b1f 0
b77 b97 b98 b78 b20 0
2f8 2d7 b99 b79 b21 0
b79 b99 b9a b7a b22 0
b7a b9a b9b b7b b23 0
b7b b9b b9c b7c b24 0
b7c b9c b9d b7d b25 0
b7d b9d b9e b7e b26 0
b7e b9e b9f b7f b27 0
b7f b9f ba0 b80 b28 0
b80 ba0 ba1 b81 b29 0
b81 ba1 ba2 b82 b2a 0
b82 ba2 ba3 b83 b2b 0
b83 ba3 ba4 b84 b2c 0
b84 ba4 ba5 b85 b2d 0
b85 ba5 ba6 b86 b2e 0
b86 ba6 ba7 b87 b2f 0
b87 ba7 ba8 b88 b30 0
b88 ba8 ba9 b89 b31 0
b89 ba9 baa b8a b32 0
b8a baa bab b8b b33 0
b8b bab bac b8c b34 0
b8c bac bad b8d b35 0
b8d bad bae b8e b36 0
b8e bae baf b8f b37 0
b8f baf bb0 b90 b38 0
b90 bb0 bb1 b91 b39 0
b91 bb1 bb2 b92 b3a 0
b92 bb2 bb3 b93 b3b 0
b93 bb3 bb4 b94 b3c 0
b94 bb4 bb5 b95 b3d 0
b95 bb5 bb6 b96 b3e 0
b96 bb6 bb7 b97 b3f 0
b97 bb7 bb8 b98 b40 0
2d7 2b6 bb9 b99 b41 0
b99 bb9 bba b9a b42 0
b9a bba bbb b9b b43 0
b9b bbb bbc b9c b44 0
b9c bbc bbd b9d b45 0
b9d bbd bbe b9e b46 0
b9e bbe bbf b9f b47 0
b9f bbf bc0 ba0 b48 0
ba0 bc0 bc1 ba1 b49 0
ba1 bc1 bc2 ba2 b4a 0
ba2 bc2 bc3 ba3 b4b 0
ba3 bc3 bc4 ba4 b4c 0
ba4 bc4 bc5 ba5 b4d 0
ba5 bc5 bc6 ba6 b4e 0
ba6 bc6 bc7 ba7 b4f 0
ba7 bc7 bc8 ba8 b50 0
ba8 bc8 bc9 ba9 b51 0
ba9 bc9 bca baa b52 0
baa bca bcb bab b53 0
bab bcb bcc bac b54 0
bac bcc bcd bad b55 0
bad bcd bce bae b56 0
bae bce bcf baf b57 0
baf bcf bd0 bb0 b58 0
bb0 bd0 bd1 bb1 b59 0
bb1 bd1 bd2 bb2 b5a 0
bb2 bd2 bd3 bb3 b5b 0
bb3 bd3 bd4 bb4 b5c 0
bb4 bd4 bd5 bb5 b5d 0
bb5 bd5 bd6 bb6 b5e 0
bb6 bd6 bd7 bb7 b5f 0
bb7 bd7 bd8 bb8 b60 0
2b6 295 bd9 bb9 b61 0
bb9 bd9 bda bba b62 0
bba bda bdb bbb b63 0
bbb bdb bdc bbc b64 0
bbc bdc bdd bbd b65 0
bbd bdd bde bbe b66 0
bbe bde bdf bbf b67 0
bbf bdf be0 bc0 b68 0
bc0 be0 be1 bc1 b69 0
bc1 be1 be2 bc2 b6a 0
bc2 be2 be3 bc3 b6b 0
bc3 be3 be4 bc4 b6c 0
bc4 be4 be5 bc5 b6d 0
bc5 be5 be6 bc6 b6e 0
bc6 be6 be7 bc7 b6f 0
bc7 be7 be8 bc8 b70 0
bc8 be8 be9 bc9 b71 0
bc9 be9 bea bca b72 0
bca bea beb bcb b73 0
bcb beb bec bcc b74 0
bcc bec bed bcd b75 0
bcd bed bee bce b76 0
bce bee bef bcf b77 0
bcf bef bf0 bd0 b78 0
bd0 bf0 bf1 bd1 b79 0
bd1 bf1 bf2 bd2 b7a 0
bd2 bf2 bf3 bd3 b7b 0
bd3 bf3 bf4 bd4 b7c 0
bd4 bf4 bf5 bd5 b7d 0
bd5 bf5 bf6 bd6 b7e 0
bd6 bf6 bf7 bd7 b7f 0
bd7 bf7 bf8 bd8 b80 0
295 274 bf9 bd9 b81 0
bd9 bf9 bfa bda b82 0
bda bfa bfb bdb b83 0
bdb bfb bfc bdc b84 0
bdc bfc bfd bdd b85 0
bdd bfd bfe bde b86 0
bde bfe bff bdf b87 0
bdf bff c00 be0 b88 0
be0 c00 c01 be1 b89 0
be1 c01 c02 be2 b8a 0
be2 c02 c03 be3 b8b 0
be3 c03 c04 be4 b8c 0
be4 c04 c05 be5 b8d 0
be5 c05 c06 be6 b8e 0
be6 c06 c07 be7 b8f 0
be7 c07 c08 be8 b90 0
be8 c08 c09 be9 b91 0
be9 c09 c0a bea b92 0
bea c0a c0b beb b93 0
beb c0b c0c bec b94 0
bec c0c c0d bed b95 0
bed c0d c0e bee b96 0
bee c0e c0f bef b97 0
bef c0f c10 bf0 b98 0
bf0 c10 c11 bf1 b99 0
bf1 c11 c12 bf2 b9a 0
bf2 c12 c13 bf3 b9b 0
bf3 c13 c14 bf4 b9c 0
bf4 c14 c15 bf5 b9d 0
bf5 c15 c16 bf6 b9e 0
bf6 c16 c17 bf7 b9f 0
bf7 c17 c18 bf8 ba0 0
274 253 c19 bf9 ba1 0
bf9 c19 c1a bfa ba2 0
bfa c1a c1b bfb ba3 0
bfb c1b c1c bfc ba4 0
bfc c1c c1d bfd ba5 0
bfd c1d c1e bfe ba6 0
bfe c1e c1f bff ba7 0
bff c1f c20 c00 ba8 0
c00 c20 c21 c01 ba9 0
c01 c21 c22 c02 baa 0
c02 c22 c23 c03 bab 0
c03 c23 c24 c04 bac 0
c04 c24 c25 c05 bad 0
c05 c25 c26 c06 bae 0
c06 c26 c27 c07 baf 0
c07 c27 c28 c08 bb0 0
c08 c28 c29 c09 bb1 0
c09 c29 c2a c0a bb2 0
c0a c2a c2b c0b bb3 0
c0b c2b c2c c0c bb4 0
c0c c2c c2d c0d bb5 0
c0d c2d c2e c0e bb6 0
c0e c2e c2f c0f bb7 0
c0f c2f c30 c10 bb8 0
c10 c30 c31 c11 bb9 0
c11 c31 c32 c12 bba 0
c12 c32 c33 c13 bbb 0
c13 c33 c34 c14 bbc 0
c14 c34 c35 c15 bbd 0
c15 c35 c36 c16 bbe 0
c16 c36 c37 c17 bbf 0
c17 c37 c38 c18 bc0 0
253 232 c39 c19 bc1 0
c19 c39 c3a c1a bc2 0
c1a c3a c3b c1b bc3 0
c1b c3b c3c c1c bc4 0
c1c c3c c3d c1d bc5 0
c1d c3d c3e c1e bc6 0
c1e c3e c3f c1f bc7 0
c1f c3f c40 c20 bc8 0
c20 c40 c41 c21 bc9 0
c21 c41 c42 c22 bca 0
c22 c42 c43 c23 bcb 0
c23 c43 c44 c24 bcc 0
c24 c44 c45 c25 bcd 0
c25 c45 c46 c26 bce 0
c26 c46 c47 c27 bcf 0
c27 c47 c48 c28 bd0 0
c28 c48 c49 c29 bd1 0
c29 c49 c4a c2a bd2 0
c2a c4a c4b c2b bd3 0
c2b c4b c4c c2c bd4 0
c2c c4c c4d c2d bd5 0
c2d c4d c4e c2e bd6 0
c2e c4e c4f c2f bd7 0
c2f c4f c50 c30 bd8 0
c30 c50 c51 c31 bd9 0
c31 c51 c52 c32 bda 0
c32 c52 c53 c33 bdb 0
c33 c53 c54 c34 bdc 0
c34 c54 c55 c35 bdd 0
c35 c55 c56 c36 bde 0
c36 c56 c57 c37 bdf 0
c37 c57 c58 c38 be0 0
232 211 c59 c39 be1 0
c39 c59 c5a c3a be2 0
c3a c5a c5b c3b be3 0
c3b c5b c5c c3c be4 0
c3c c5c c5d c3d be5 0
c3d c5d c5e c3e be6 0
c3e c5e c5f c3f be7 0
c3f c5f c60 c40 be8 0
c40 c60 c61 c41 be9 0
c41 c61 c62 c42 bea 0
c42 c62 c63 c43 beb 0
c43 c63 c64 c44 bec 0
c44 c64 c65 c45 bed 0
c45 c65 c66 c46 bee 0
c46 c66 c67 c47 bef 0
c47 c67 c68 c48 bf0 0
c48 c68 c69 c49 bf1 0
c49 c69 c6a c4a bf2 0
c4a c6a c6b c4b bf3 0
c4b c6b c6c c4c bf4 0
c4c c6c c6d c4d bf5 0
c4d c6d c6e c4e bf6 0
c4e c6e c6f c4f bf7 0
c4f c6f c70 c50 bf8 0
c50 c70 c71 c51 bf9 0
c51 c71 c72 c52 bfa 0
c52 c72 c73 c53 bfb 0
c53 c73 c74 c54 bfc 0
c54 c74 c75 c55 bfd 0
c55 c75 c76 c56 bfe 0
c56 c76 c77 c57 bff 0
c57 c77 c78 c58 c00 0
211 1f0 c79 c59 c01 0
c59 c79 c7a c5a c02 0
c5a c7a c7b c5b c03 0
c5b c7b c7c c5c c04 0
c5c c7c c7d c5d c05 0
c5d c7d c7e c5e c06 0
c5e c7e c7f c5f c07 0
c5f c7f c80 c60 c08 0
c60 c80 c81 c61 c09 0
c61 c81 c82 c62 c0a 0
c62 c82 c83 c63 c0b 0
c63 c83 c84 c64 c0c 0
c64 c84 c85 c65 c0d 0
c65 c85 c86 c66 c0e 0
c66 c86 c87 c67 c0f 0
c67 c87 c88 c68 c10 0
c68 c88 c89 c69 c11 0
c69 c89 c8a c6a c12 0
c6a c8a c8b c6b c13 0
c6b c8b c8c c6c c14 0
c6c c8c c8d c6d c15 0
c6d c8d c8e c6e c16 0
c6e c8e c8f c6f c17 0
c6f c8f c90 c70 c18 0
c70 c90 c91 c71 c19 0
c71 c91 c92 c72 c1a 0
c72 c92 c93 c73 c1b 0
c73 c93 c94 c74 c1c 0
c74 c94 c95 c75 c1d 0
c75 c95 c96 c76 c1e 0
c76 c96 c97 c77 c1f 0
c77 c97 c98 c78 c20 0
1f0 1cf c99 c79 c21 0
c79 c99 c9a c7a c22 0
c7a c9a c9b c7b c23 0
c7b c9b c9c c7c c24 0
c7c c9c c9d c7d c25 0
c7d c9d c9e c7e c26 0
c7e c9e c9f c7f c27 0
c7f c9f ca0 c80 c28 0
c80 ca0 ca1 c81 c29 0
c81 ca1 ca2 c82 c2a 0
c82 ca2 ca3 c83 c2b 0
c83 ca3 ca4 c84 c2c 0
c84 ca4 ca5 c85 c2d 0
c85 ca5 ca6 c86 c2e 0
c86 ca6 ca7 c87 c2f 0
c87 ca7 ca8 c88 c30 0
c88 ca8 ca9 c89 c31 0
c89 ca9 caa c8a c32 0
c8a caa cab c8b c33 0
c8b cab cac c8c c34 0
c8c cac cad c8d c35 0
c8d cad cae c8e c36 0
c8e cae caf c8f c37 0
c8f caf cb0 c90 c38 0
c90 cb0 cb1 c91 c39 0
c91 cb1 cb2 c92 c3a 0
c92 cb2 cb3 c93 c3b 0
c93 cb3 cb4 c94 c3c 0
c94 cb4 cb5 c95 c3d 0
c95 cb5 cb6 c96 c3e 0
c96 cb6 cb7 c97 c3f 0
c97 cb7 cb8 c98 c40 0
1cf 1ae cb9 c99 c41 0
c99 cb9 cba c9a c42 0
c9a cba cbb c9b c43 0
c9b cbb cbc c9c c44 0
c9c cbc cbd c9d c45 0
c9d cbd cbe c9e c46 0
c9e cbe cbf c9f c47 0
c9f cbf cc0 ca0 c48 0
ca0 cc0 cc1 ca1 c49 0
ca1 cc1 cc2 ca2 c4a 0
ca2 cc2 cc3 ca3 c4b 0
ca3 cc3 cc4 ca4 c4c 0
ca4 cc4 cc5 ca5 c4d 0
ca5 cc5 cc6 ca6 c4e 0
ca6 cc6 cc7 ca7 c4f 0
ca7 cc7 cc8 ca8 c50 0
ca8 cc8 cc9 ca9 c51 0
ca9 cc9 cca caa c52 0
caa cca ccb cab c53 0
cab ccb ccc cac c54 0
cac ccc ccd cad c55 0
cad ccd cce cae c56 0
cae cce ccf caf c57 0
caf ccf cd0 cb0 c58 0
cb0 cd0 cd1 cb1 c59 0
cb1 cd1 cd2 cb2 c5a 0
cb2 cd2 cd3 cb3 c5b 0
cb3 cd3 cd4 cb4 c5c 0
cb4 cd4 cd5 cb5 c5d 0
cb5 cd5 cd6 cb6 c5e 0
cb6 cd6 cd7 cb7 c5f 0
cb7 cd7 cd8 cb8 c60 0
1ae 18d cd9 cb9 c61 0
cb9 cd9 cda cba c62 0
cba cda cdb cbb c63 0
cbb cdb cdc cbc c64 0
cbc cdc cdd cbd c65 0
cbd cdd cde cbe c66 0
cbe cde cdf cbf c67 0
cbf cdf ce0 cc0 c68 0
cc0 ce0 ce1 cc1 c69 0
cc1 ce1 ce2 cc2 c6a 0
cc2 ce2 ce3 cc3 c6b 0
cc3 ce3 ce4 cc4 c6c 0
cc4 ce4 ce5 cc5 c6d 0
cc5 ce5 ce6 cc6 c6e 0
cc6 ce6 ce7 cc7 c6f 0
cc7 ce7 ce8 cc8 c70 0
cc8 ce8 ce9 cc9 c71 0
cc9 ce9 cea cca c72 0
cca cea ceb ccb c73 0
ccb ceb cec ccc c74 0
ccc cec ced ccd c75 0
ccd ced cee cce c76 0
cce cee cef ccf c77 0
ccf cef cf0 cd0 c78 0
cd0 cf0 cf1 cd1 c79 0
cd1 cf1 cf2 cd2 c7a 0
cd2 cf2 cf3 cd3 c7b 0
cd3 cf3 cf4 cd4 c7c 0
cd4 cf4 cf5 cd5 c7d 0
cd5 cf5 cf6 cd6 c7e 0
cd6 cf6 cf7 cd7 c7f 0
cd7 cf7 cf8 cd8 c80 0
18d 16c cf9 cd9 c81 0
cd9 cf9 cfa cda c82 0
cda cfa cfb cdb c83 0
cdb cfb cfc cdc c84 0
cdc cfc cfd cdd c85 0
cdd cfd cfe cde c86 0
cde cfe cff cdf c87 0
cdf cff d00 ce0 c88 0
ce0 d00 d01 ce1 c89 0
ce1 d01 d02 ce2 c8a 0
ce2 d02 d03 ce3 c8b 0
ce3 d03 d04 ce4 c8c 0
ce4 d04 d05 ce5 c8d 0
ce5 d05 d06 ce6 c8e 0
ce6 d06 d07 ce7 c8f 0
ce7 d07 d08 ce8 c90 0
ce8 d08 d09 ce9 c91 0
ce9 d09 d0a cea c92 0
cea d0a d0b ceb c93 0
ceb d0b d0c cec c94 0
cec d0c d0d ced c95 0
ced d0d d0e cee c96 0
cee d0e d0f cef c97 0
cef d0f d10 cf0 c98 0
cf0 d10 d11 cf1 c99 0
cf1 d11 d12 cf2 c9a 0
cf2 d12 d13 cf3 c9b 0
cf3 d13 d14 cf4 c9c 0
cf4 d14 d15 cf5 c9d 0
cf5 d15 d16 cf6 c9e 0
cf6 d16 d17 cf7 c9f 0
cf7 d17 d18 cf8 ca0 0
16c 14b d19 cf9 ca1 0
cf9 d19 d1a cfa ca2 0
cfa d1a d1b cfb ca3 0
cfb d1b d1c cfc ca4 0
cfc d1c d1d cfd ca5 0
cfd d1d d1e cfe ca6 0
cfe d1e d1f cff ca7 0
cff d1f d20 d00 ca8 0
d00 d20 d21 d01 ca9 0
d01 d21 d22 d02 caa 0
d02 d22 d23 d03 cab 0
d03 d23 d24 d04 cac 0
d04 d24 d25 d05 cad 0
d05 d25 d26 d06 cae 0
d06 d26 d27 d07 caf 0
d07 d27 d28 d08 cb0 0
d08 d28 d29 d09 cb1 0
d09 d29 d2a d0a cb2 0
d0a d2a d2b d0b cb3 0
d0b d2b d2c d0c cb4 0
d0c d2c d2d d0d cb5 0
d0d d2d d2e d0e cb6 0
d0e d2e d2f d0f cb7 0
d0f d2f d30 d10 cb8 0
d10 d30 d31 d11 cb9 0
d11 d31 d32 d12 cba 0
d12 d32 d33 d13 cbb 0
d13 d33 d34 d14 cbc 0
d14 d34 d35 d15 cbd 0
d15 d35 d36 d16 cbe 0
d16 d36 d37 d17 cbf 0
d17 d37 d38 d18 cc0 0
14b 12a d39 d19 cc1 0
d19 d39 d3a d1a cc2 0
d1a d3a d3b d1b cc3 0
d1b d3b d3c d1c cc4 0
d1c d3c d3d d1d cc5 0
d1d d3d d3e d1e cc6 0
d1e d3e d3f d1f cc7 0
d1f d3f d40 d20 cc8 0
d20 d40 d41 d21 cc9 0
d21 d41 d42 d22 cca 0
d22 d42 d43 d23 ccb 0
d23 d43 d44 d24 ccc 0
d24 d44 d45 d25 ccd 0
d25 d45 d46 d26 cce 0
d26 d46 d47 d27 ccf 0
d27 d47 d48 d28 cd0 0
d28 d48 d49 d29 cd1 0
d29 d49 d4a d2a cd2 0
d2a d4a d4b d2b cd3 0
d2b d4b d4c d2c cd4 0
d2c d4c d4d d2d cd5 0
d2d d4d d4e d2e cd6 0
d2e d4e d4f d2f cd7 0
d2f d4f d50 d30 cd8 0
d30 d50 d51 d31 cd9 0
d31 d51 d52 d32 cda 0
d32 d52 d53 d33 cdb 0
d33 d53 d54 d34 cdc 0
d34 d54 d55 d35 cdd 0
d35 d55 d56 d36 cde 0
d36 d56 d57 d37 cdf 0
d37 d57 d58 d38 ce0 0
12a 109 d59 d39 ce1 0
d39 d59 d5a d3a ce2 0
d3a d5a d5b d3b ce3 0
d3b d5b d5c d3c ce4 0
d3c d5c d5d d3d ce5 0
d3d d5d d5e d3e ce6 0
d3e d5e d5f d3f ce7 0
d3f d5f d60 d40 ce8 0
d40 d60 d61 d41 ce9 0
d41 d61 d62 d42 cea 0
d42 d62 d63 d43 ceb 0
d43 d63 d64 d44 cec 0
d44 d64 d65 d45 ced 0
d45 d65 d66 d46 cee 0
d46 d66 d67 d47 cef 0
d47 d67 d68 d48 cf0 0
d48 d68 d69 d49 cf1 0
d49 d69 d6a d4a cf2 0
d4a d6a d6b d4b cf3 0
d4b d6b d6c d4c cf4 0
d4c d6c d6d d4d cf5 0
d4d d6d d6e d4e cf6 0
d4e d6e d6f d4f cf7 0
d4f d6f d70 d50 cf8 0
d50 d70 d71 d51 cf9 0
d51 d71 d72 d52 cfa 0
d52 d72 d73 d53 cfb 0
d53 d73 d74 d54 cfc 0
d54 d74 d75 d55 cfd 0
d55 d75 d76 d56 cfe 0
d56 d76 d77 d57 cff 0
d57 d77 d78 d58 d00 0
109 e8 d79 d59 d01 0
d59 d79 d7a d5a d02 0
d5a d7a d7b d5b d03 0
d5b d7b d7c d5c d04 0
d5c d7c d7d d5d d05 0
d5d d7d d7e d5e d06 0
d5e d7e d7f d5f d07 0
d5f d7f d80 d60 d08 0
d60 d80 d81 d61 d09 0
d61 d81 d82 d62 d0a 0
d62 d82 d83 d63 d0b 0
d63 d83 d84 d64 d0c 0
d64 d84 d85 d65 d0d 0
d65 d85 d86 d66 d0e 0
d66 d86 d87 d67 d0f 0
d67 d87 d88 d68 d10 0
d68 d88 d89 d69 d11 0
d69 d89 d8a d6a d12 0
d6a d8a d8b d6b d13 0
d6b d8b d8c d6c d14 0
d6c d8c d8d d6d d15 0
d6d d8d d8e d6e d16 0
d6e d8e d8f d6f d17 0
d6f d8f d90 d70 d18 0
d70 d90 d91 d71 d19 0
d71 d91 d92 d72 d1a 0
d72 d92 d93 d73 d1b 0
d73 d93 d94 d74 d1c 0
d74 d94 d95 d75 d1d 0
d75 d95 d96 d76 d1e 0
d76 d96 d97 d77 d1f 0
d77 d97 d98 d78 d20 0
e8 c7 d99 d79 d21 0
d79 d99 d9a d7a d22 0
d7a d9a d9b d7b d23 0
d7b d9b d9c d7c d24 0
d7c d9c d9d d7d d25 0
d7d d9d d9e d7e d26 0
d7e d9e d9f d7f d27 0
d7f d9f da0 d80 d28 0
d80 da0 da1 d81 d29 0
d81 da1 da2 d82 d2a 0
d82 da2 da3 d83 d2b 0
d83 da3 da4 d84 d2c 0
d84 da4 da5 d85 d2d 0
d85 da5 da6 d86 d2e 0
d86 da6 da7 d87 d2f 0
d87 da7 da8 d88 d30 0
d88 da8 da9 d89 d31 0
d89 da9 daa d8a d32 0
d8a daa dab d8b d33 0
d8b dab dac d8c d34 0
d8c dac dad d8d d35 0
d8d dad dae d8e d36 0
d8e dae daf d8f d37 0
d8f daf db0 d90 d38 0
d90 db0 db1 d91 d39 0
d91 db1 db2 d92 d3a 0
d92 db2 db3 d93 d3b 0
d93 db3 db4 d94 d3c 0
d94 db4 db5 d95 d3d 0
d95 db5 db6 d96 d3e 0
d96 db6 db7 d97 d3f 0
d97 db7 db8 d98 d40 0
c7 a6 db9 d99 d41 0
d99 db9 dba d9a d42 0
d9a dba dbb d9b d43 0
d9b dbb dbc d9c d44 0
d9c dbc dbd d9d d45 0
d9d dbd dbe d9e d46 0
d9e dbe dbf d9f d47 0
d9f dbf dc0 da0 d48 0
da0 dc0 dc1 da1 d49 0
da1 dc1 dc2 da2 d4a 0
da2 dc2 dc3 da3 d4b 0
da3 dc3 dc4 da4 d4c 0
da4 dc4 dc5 da5 d4d 0
da5 dc5 dc6 da6 d4e 0
da6 dc6 dc7 da7 d4f 0
da7 dc7 dc8 da8 d50 0
da8 dc8 dc9 da9 d51 0
da9 dc9 dca daa d52 0
daa dca dcb dab d53 0
dab dcb dcc dac d54 0
dac dcc dcd dad d55 0
dad dcd dce dae d56 0
dae dce dcf daf d57 0
daf dcf dd0 db0 d58 0
db0 dd0 dd1 db1 d59 0
db1 dd1 dd2 db2 d5a 0
db2 dd2 dd3 db3 d5b 0
db3 dd3 dd4 db4 d5c 0
db4 dd4 dd5 db5 d5d 0
db5 dd5 dd6 db6 d5e 0
db6 dd6 dd7 db7 d5f 0
db7 dd7 dd8 db8 d60 0
a6 85 dd9 db9 d61 0
db9 dd9 dda dba d62 0
dba dda ddb dbb d63 0
dbb ddb ddc dbc d64 0
dbc ddc ddd dbd d65 0
dbd ddd dde dbe d66 0
dbe dde ddf dbf d67 0
dbf ddf de0 dc0 d68 0
dc0 de0 de1 dc1 d69 0
dc1 de1 de2 dc2 d6a 0
dc2 de2 de3 dc3 d6b 0
dc3 de3 de4 dc4 d6c 0
dc4 de4 de5 dc5 d6d 0
dc5 de5 de6 dc6 d6e 0
dc6 de6 de7 dc7 d6f 0
dc7 de7 de8 dc8 d70 0
dc8 de8 de9 dc9 d71 0
dc9 de9 dea dca d72 0
dca dea deb dcb d73 0
dcb deb dec dcc d74 0
dcc dec ded dcd d75 0
dcd ded dee dce d76 0
dce dee def dcf d77 0
dcf def df0 dd0 d78 0
dd0 df0 df1 dd1 d79 0
dd1 df1 df2 dd2 d7a 0
dd2 df2 df3 dd3 d7b 0
dd3 df3 df4 dd4 d7c 0
dd4 df4 df5 dd5 d7d 0
dd5 df5 df6 dd6 d7e 0
dd6 df6 df7 dd7 d7f 0
dd7 df7 df8 dd8 d80 0
85 64 df9 dd9 d81 0
dd9 df9 dfa dda d82 0
dda dfa dfb ddb d83 0
ddb dfb dfc ddc d84 0
ddc dfc dfd ddd d85 0
ddd dfd dfe dde d86 0
dde dfe dff ddf d87 0
ddf dff e00 de0 d88 0
de0 e00 e01 de1 d89 0
de1 e01 e02 de2 d8a 0
de2 e02 e03 de3 d8b 0
de3 e03 e04 de4 d8c 0
de4 e04 e05 de5 d8d 0
de5 e05 e06 de6 d8e 0
de6 e06 e07 de7 d8f 0
de7 e07 e08 de8 d90 0
de8 e08 e09 de9 d91 0
de9 e09 e0a dea d92 0
dea e0a e0b deb d93 0
deb e0b e0c dec d94 0
dec e0c e0d ded d95 0
ded e0d e0e dee d96 0
dee e0e e0f def d97 0
def e0f e10 df0 d98 0
df0 e10 e11 df1 d99 0
df1 e11 e12 df2 d9a 0
df2 e12 e13 df3 d9b 0
df3 e13 e14 df4 d9c 0
df4 e14 e15 df5 d9d 0
df5 e15 e16 df6 d9e 0
df6 e16 e17 df7 d9f 0
df7 e17 e18 df8 da0 0
64 43 e19 df9 da1 0
df9 e19 e1a dfa da2 0
dfa e1a e1b dfb da3 0
dfb e1b e1c dfc da4 0
dfc e1c e1d dfd da5 0
dfd e1d e1e dfe da6 0
dfe e1e e1f dff da7 0
dff e1f e20 e00 da8 0
e00 e20 e21 e01 da9 0
e01 e21 e22 e02 daa 0
e02 e22 e23 e03 dab 0
e03 e23 e24 e04 dac 0
e04 e24 e25 e05 dad 0
e05 e25 e26 e06 dae 0
e06 e26 e27 e07 daf 0
e07 e27 e28 e08 db0 0
e08 e28 e29 e09 db1 0
e09 e29 e2a e0a db2 0
e0a e2a e2b e0b db3 0
e0b e2b e2c e0c db4 0
e0c e2c e2d e0d db5 0
e0d e2d e2e e0e db6 0
e0e e2e e2f e0f db7 0
e0f e2f e30 e10 db8 0
e10 e30 e31 e11 db9 0
e11 e31 e32 e12 dba 0
e12 e32 e33 e13 dbb 0
e13 e33 e34 e14 dbc 0
e14 e34 e35 e15 dbd 0
e15 e35 e36 e16 dbe 0
e16 e36 e37 e17 dbf 0
e17 e37 e38 e18 dc0 0
43 22 e39 e19 dc1 0
e19 e39 e3a e1a dc2 0
e1a e3a e3b e1b dc3 0
e1b e3b e3c e1c dc4 0
e1c e3c e3d e1d dc5 0
e1d e3d e3e e1e dc6 0
e1e e3e e3f e1f dc7 0
e1f e3f e40 e20 dc8 0
e20 e40 e41 e21 dc9 0
e21 e41 e42 e22 dca 0
e22 e42 e43 e23 dcb 0
e23 e43 e44 e24 dcc 0
e24 e44 e45 e25 dcd 0
e25 e45 e46 e26 dce 0
e26 e46 e47 e27 dcf 0
e27 e47 e48 e28 dd0 0
e28 e48 e49 e29 dd1 0
e29 e49 e4a e2a dd2 0
e2a e4a e4b e2b dd3 0
e2b e4b e4c e2c dd4 0
e2c e4c e4d e2d dd5 0
e2d e4d e4e e2e dd6 0
e2e e4e e4f e2f dd7 0
e2f e4f e50 e30 dd8 0
e30 e50 e51 e31 dd9 0
e31 e51 e52 e32 dda 0
e32 e52 e53 e33 ddb 0
e33 e53 e54 e34 ddc 0
e34 e54 e55 e35 ddd 0
e35 e55 e56 e36 dde 0
e36 e56 e57 e37 ddf 0
e37 e57 e58 e38 de0 0
22 1 e59 e39 de1 0
e39 e59 e5a e3a de2 0
e3a e5a e5b e3b de3 0
e3b e5b e5c e3c de4 0
e3c e5c e5d e3d de5 0
e3d e5d e5e e3e de6 0
e3e e5e e5f e3f de7 0
e3f e5f e60 e40 de8 0
e40 e60 e61 e41 de9 0
e41 e61 e62 e42 dea 0
e42 e62 e63 e43 deb 0
e43 e63 e64 e44 dec 0
e44 e64 e65 e45 ded 0
e45 e65 e66 e46 dee 0
e46 e66 e67 e47 def 0
e47 e67 e68 e48 df0 0
e48 e68 e69 e49 df1 0
e49 e69 e6a e4a df2 0
e4a e6a e6b e4b df3 0
e4b e6b e6c e4c df4 0
e4c e6c e6d e4d df5 0
e4d e6d e6e e4e df6 0
e4e e6e e6f e4f df7 0
e4f e6f e70 e50 df8 0
e50 e70 e71 e51 df9 0
e51 e71 e72 e52 dfa 0
e52 e72 e73 e53 dfb 0
e53 e73 e74 e54 dfc 0
e54 e74 e75 e55 dfd 0
e55 e75 e76 e56 dfe 0
e56 e76 e77 e57 dff 0
e57 e77 e78 e58 e00 0
))
(13 (2 e01 1c00 7 4)(
1809 182a 1829 1808 946 0
180a 182b 182a 1809 947 0
180b 182c 182b 180a 948 0
180c 182d 182c 180b 949 0
180d 182e 182d 180c 94a 0
180e 182f 182e 180d 94b 0
180f 1830 182f 180e 94c 0
1810 1831 1830 180f 94d 0
1811 1832 1831 1810 94e 0
1812 1833 1832 1811 94f 0
1813 1834 1833 1812 950 0
1814 1835 1834 1813 951 0
1815 1836 1835 1814 952 0
1816 1837 1836 1815 953 0
1817 1838 1837 1816 954 0
1818 1839 1838 1817 955 0
1819 183a 1839 1818 956 0
181a 183b 183a 1819 957 0
181b 183c 183b 181a 958 0
181c 183d 183c 181b 959 0
181d 183e 183d 181c 95a 0
181e 183f 183e 181d 95b 0
181f 1840 183f 181e 95c 0
1820 1841 1840 181f 95d 0
1821 1842 1841 1820 95e 0
1822 1843 1842 1821 95f 0
1823 1844 1843 1822 960 0
1825 1846 1845 1824 961 0
1826 1847 1846 1825 962 0
1827 1848 1847 1826 963 0
1828 1849 1848 1827 964 0
1829 184a 1849 1828 965 0
182a 184b 184a 1829 966 0
182b 184c 184b 182a 967 0
182c 184d 184c 182b 968 0
182d 184e 184d 182c 969 0
182e 184f 184e 182d 96a 0
182f 1850 184f 182e 96b 0
1830 1851 1850 182f 96c 0
1831 1852 1851 1830 96d 0
1832 1853 1852 1831 96e 0
1833 1854 1853 1832 96f 0
1834 1855 1854 1833 970 0
1835 1856 1855 1834 971 0
1836 1857 1856 1835 972 0
1837 1858 1857 1836 973 0
1838 1859 1858 1837 974 0
1839 185a 1859 1838 975 0
183a 185b 185a 1839 976 0
183b 185c 185b 183a 977 0
183c 185d 185c 183b 978 0
183d 185e 185d 183c 979 0
183e 185f 185e 183d 97a 0
183f 1860 185f 183e 97b 0
1840 1861 1860 183f 97c 0
1841 1862 1861 1840 97d 0
1842 1863 1862 1841 97e 0
1843 1864 1863 1842 97f 0
1844 1865 1864 1843 980 0
1846 1867 1866 1845 981 0
1847 1868 1867 1846 982 0
1848 1869 1868 1847 983 0
1849 186a 1869 1848 984 0
184a 186b 186a 1849 985 0
184b 186c 186b 184a 986 0
184c 186d 186c 184b 987 0
184d 186e 186d 184c 988 0
184e 186f 186e 184d 989 0
184f 1870 186f 184e 98a 0
1850 1871 1870 184f 98b 0
1851 1872 1871 1850 98c 0
1852 1873 1872 1851 98d 0
1853 1874 1873 1852 98e 0
1854 1875 1874 1853 98f 0
1855 1876 1875 1854 990 0
1856 1877 1876 1855 991 0
1857 1878 1877 1856 992 0
1858 1879 1878 1857 993 0
1859 187a 1879 1858 994 0
185a 187b 187a 1859 995 0
185b 187c 187b 185a 996 0
185c 187d 187c 185b 997 0
185d 187e 187d 185c 998 0
185e 187f 187e 185d 999 0
185f 1880 187f 185e 99a 0
1860 1881 1880 185f 99b 0
1861 1882 1881 1860 99c 0
1862 1883 1882 1861 99d 0
1863 1884 1883 1862 99e 0
1864 1885 1884 1863 99f 0
1865 1886 1885 1864 9a0 0
1867 1888 1887 1866 9a1 0
1868 1889 1888 1867 9a2 0
1869 188a 1889 1868 9a3 0
186a 188b 188a 1869 9a4 0
186b 188c 188b 186a 9a5 0
186c 188d 188c 186b 9a6 0
186d 188e 188d 186c 9a7 0
186e 188f 188e 186d 9a8 0
186f 1890 188f 186e 9a9 0
1870 1891 1890 186f 9aa 0
1871 1892 1891 1870 9ab 0
1872 1893 1892 1871 9ac 0
1873 1894 1893 1872 9ad 0
1874 1895 1894 1873 9ae 0
1875 1896 1895 1874 9af 0
1876 1897 1896 1875 9b0 0
1877 1898 1897 1876 9b1 0
1878 1899 1898 1877 9b2 0
1879 189a 1899 1878 9b3 0
187a 189b 189a 1879 9b4 0
187b 189c 189b 187a 9b5 0
187c 189d 189c 187b 9b6 0
187d 189e 189d 187c 9b7 0
187e 189f 189e 187d 9b8 0
187f 18a0 189f 187e 9b9 0
1880 18a1 18a0 187f 9ba 0
1881 18a2 18a1 1880 9bb 0
1882 18a3 18a2 1881 9bc 0
1883 18a4 18a3 1882 9bd 0
1884 18a5 18a4 1883 9be 0
1885 18a6 18a5 1884 9bf 0
1886 18a7 18a6 1885 9c0 0
1888 18a9 18a8 1887 9c1 0
1889 18aa 18a9 1888 9c2 0
188a 18ab 18aa 1889 9c3 0
188b 18ac 18ab 188a 9c4 0
188c 18ad 18ac 188b 9c5 0
188d 18ae 18ad 188c 9c6 0
188e 18af 18ae 188d 9c7 0
188f 18b0 18af 188e 9c8 0
1890 18b1 18b0 188f 9c9 0
1891 18b2 18b1 1890 9ca 0
1892 18b3 18b2 1891 9cb 0
1893 18b4 18b3 1892 9cc 0
1894 18b5 18b4 1893 9cd 0
1895 18b6 18b5 1894 9ce 0
1896 18b7 18b6 1895 9cf 0
1897 18b8 18b7 1896 9d0 0
1898 18b9 18b8 1897 9d1 0
1899 18ba 18b9 1898 9d2 0
189a 18bb 18ba 1899 9d3 0
189b 18bc 18bb 189a 9d4 0
189c 18bd 18bc 189b 9d5 0
189d 18be 18bd 189c 9d6 0
189e 18bf 18be 189d 9d7 0
189f 18c0 18bf 189e 9d8 0
18a0 18c1 18c0 189f 9d9 0
18a1 18c2 18c1 18a0 9da 0
18a2 18c3 18c2 18a1 9db 0
18a3 18c4 18c3 18a2 9dc 0
18a4 18c5 18c4 18a3 9dd 0
18a5 18c6 18c5 18a4 9de 0
18a6 18c7 18c6 18a5 9df 0
18a7 18c8 18c7 18a6 9e0 0
18a9 18ca 18c9 18a8 9e1 0
18aa 18cb 18ca 18a9 9e2 0
18ab 18cc 18cb 18aa 9e3 0
18ac 18cd 18cc 18ab 9e4 0
18ad 18ce 18cd 18ac 9e5 0
18ae 18cf 18ce 18ad 9e6 0
18af 18d0 18cf 18ae 9e7 0
18b0 18d1 18d0 18af 9e8 0
18b1 18d2 18d1 18b0 9e9 0
18b2 18d3 18d2 18b1 9ea 0
18b3 18d4 18d3 18b2 9eb 0
18b4 18d5 18d4 18b3 9ec 0
18b5 18d6 18d5 18b4 9ed 0
18b6 18d7 18d6 18b5 9ee 0
18b7 18d8 18d7 18b6 9ef 0
18b8 18d9 18d8 18b7 9f0 0
18b9 18da 18d9 18b8 9f1 0
18ba 18db 18da 18b9 9f2 0
18bb 18dc 18db 18ba 9f3 0
18bc 18dd 18dc 18bb 9f4 0
18bd 18de 18dd 18bc 9f5 0
18be 18df 18de 18bd 9f6 0
18bf 18e0 18df 18be 9f7 0
18c0 18e1 18e0 18bf 9f8 0
18c1 18e2 18e1 18c0 9f9 0
18c2 18e3 18e2 18c1 9fa 0
18c3 18e4 18e3 18c2 9fb 0
18c4 18e5 18e4 18c3 9fc 0
18c5 18e6 18e5 18c4 9fd 0
18c6 18e7 18e6 18c5 9fe 0
18c7 18e8 18e7 18c6 9ff 0
18c8 18e9 18e8 18c7 a00 0
18ca 18eb 18ea 18c9 a01 0
18cb 18ec 18eb 18ca a02 0
18cc 18ed 18ec 18cb a03 0
18cd 18ee 18ed 18cc a04 0
18ce 18ef 18ee 18cd a05 0
18cf 18f0 18ef 18ce a06 0
18d0 18f1 18f0 18cf a07 0
18d1 18f2 18f1 18d0 a08 0
18d2 18f3 18f2 18d1 a09 0
18d3 18f4 18f3 18d2 a0a 0
18d4 18f5 18f4 18d3 a0b 0
18d5 18f6 18f5 18d4 a0c 0
18d6 18f7 18f6 18d5 a0d 0
18d7 18f8 18f7 18d6 a0e 0
18d8 18f9 18f8 18d7 a0f 0
18d9 18fa 18f9 18d8 a10 0
18da 18fb 18fa 18d9 a11 0
18db 18fc 18fb 18da a12 0
18dc 18fd 18fc 18db a13 0
18dd 18fe 18fd 18dc a14 0
18de 18ff 18fe 18dd a15 0
18df 1900 18ff 18de a16 0
18e0 1901 1900 18df a17 0
18e1 1902 1901 18e0 a18 0
18e2 1903 1902 18e1 a19 0
18e3 1904 1903 18e2 a1a 0
18e4 1905 1904 18e3 a1b 0
18e5 1906 1905 18e4 a1c 0
18e6 1907 1906 18e5 a1d 0
18e7 1908 1907 18e6 a1e 0
18e8 1909 1908 18e7 a1f 0
18e9 190a 1909 18e8 a20 0
18eb 190c 190b 18ea a21 0
18ec 190d 190c 18eb a22 0
18ed 190e 190d 18ec a23 0
18ee 190f 190e 18ed a24 0
18ef 1910 190f 18ee a25 0
18f0 1911 1910 18ef a26 0
18f1 1912 1911 18f0 a27 0
18f2 1913 1912 18f1 a28 0
18f3 1914 1913 18f2 a29 0
18f4 1915 1914 18f3 a2a 0
18f5 1916 1915 18f4 a2b 0
18f6 1917 1916 18f5 a2c 0
18f7 1918 1917 18f6 a2d 0
18f8 1919 1918 18f7 a2e 0
18f9 191a 1919 18f8 a2f 0
18fa 191b 191a 18f9 a30 0
18fb 191c 191b 18fa a31 0
18fc 191d 191c 18fb a32 0
18fd 191e 191d 18fc a33 0
18fe 191f 191e 18fd a34 0
18ff 1920 191f 18fe a35 0
1900 1921 1920 18ff a36 0
1901 1922 1921 1900 a37 0
1902 1923 1922 1901 a38 0
1903 1924 1923 1902 a39 0
1904 1925 1924 1903 a3a 0
1905 1926 1925 1904 a3b 0
1906 1927 1926 1905 a3c 0
1907 1928 1927 1906 a3d 0
1908 1929 1928 1907 a3e 0
1909 192a 1929 1908 a3f 0
190a 192b 192a 1909 a40 0
190c 192d 192c 190b a41 0
190d 192e 192d 190c a42 0
190e 192f 192e 190d a43 0
190f 1930 192f 190e a44 0
1910 1931 1930 190f a45 0
1911 1932 1931 1910 a46 0
1912 1933 1932 1911 a47 0
1913 1934 1933 1912 a48 0
1914 1935 1934 1913 a49 0
1915 1936 1935 1914 a4a 0
1916 1937 1936 1915 a4b 0
1917 1938 1937 1916 a4c 0
1918 1939 1938 1917 a4d 0
1919 193a 1939 1918 a4e 0
191a 193b 193a 1919 a4f 0
191b 193c 193b 191a a50 0
191c 193d 193c 191b a51 0
191d 193e 193d 191c a52 0
191e 193f 193e 191d a53 0
191f 1940 193f 191e a54 0
1920 1941 1940 191f a55 0
1921 1942 1941 1920 a56 0
1922 1943 1942 1921 a57 0
1923 1944 1943 1922 a58 0
1924 1945 1944 1923 a59 0
1925 1946 1945 1924 a5a 0
1926 1947 1946 1925 a5b 0
1927 1948 1947 1926 a5c 0
1928 1949 1948 1927 a5d 0
1929 194a 1949 1928 a5e 0
192a 194b 194a 1929 a5f 0
192b 194c 194b 192a a60 0
192d 194e 194d 192c a61 0
192e 194f 194e 192d a62 0
192f 1950 194f 192e a63 0
1930 1951 1950 192f a64 0
1931 1952 1951 1930 a65 0
1932 1953 1952 1931 a66 0
1933 1954 1953 1932 a67 0
1934 1955 1954 1933 a68 0
1935 1956 1955 1934 a69 0
1936 1957 1956 1935 a6a 0
1937 1958 1957 1936 a6b 0
1938 1959 1958 1937 a6c 0
1939 195a 1959 1938 a6d 0
193a 195b 195a 1939 a6e 0
193b 195c 195b 193a a6f 0
193c 195d 195c 193b a70 0
193d 195e 195d 193c a71 0
193e 195f 195e 193d a72 0
193f 1960 195f 193e a73 0
1940 1961 1960 193f a74 0
1941 1962 1961 1940 a75 0
1942 1963 1962 1941 a76 0
1943 1964 1963 1942 a77 0
1944 1965 1964 1943 a78 0
1945 1966 1965 1944 a79 0
1946 1967 1966 1945 a7a 0
1947 1968 1967 1946 a7b 0
1948 1969 1968 1947 a7c 0
1949 196a 1969 1948 a7d 0
194a 196b 196a 1949 a7e 0
194b 196c 196b 194a a7f 0
194c 196d 196c 194b a80 0
194e 196f 196e 194d a81 0
194f 1970 196f 194e a82 0
1950 1971 1970 194f a83 0
1951 1972 1971 1950 a84 0
1952 1973 1972 1951 a85 0
1953 1974 1973 1952 a86 0
1954 1975 1974 1953 a87 0
1955 1976 1975 1954 a88 0
1956 1977 1976 1955 a89 0
1957 1978 1977 1956 a8a 0
1958 1979 1978 1957 a8b 0
1959 197a 1979 1958 a8c 0
195a 197b 197a 1959 a8d 0
195b 197c 197b 195a a8e 0
195c 197d 197c 195b a8f 0
195d 197e 197d 195c a90 0
195e 197f 197e 195d a91 0
195f 1980 197f 195e a92 0
1960 1981 1980 195f a93 0
1961 1982 1981 1960 a94 0
1962 1983 1982 1961 a95 0
1963 1984 1983 1962 a96 0
1964 1985 1984 1963 a97 0
1965 1986 1985 1964 a98 0
1966 1987 1986 1965 a99 0
1967 1988 1987 1966 a9a 0
1968 1989 1988 1967 a9b 0
1969 198a 1989 1968 a9c 0
196a 198b 198a 1969 a9d 0
196b 198c 198b 196a a9e 0
196c 198d 198c 196b a9f 0
196d 198e 198d 196c aa0 0
196f 1990 198f 196e aa1 0
1970 1991 1990 196f aa2 0
1971 1992 1991 1970 aa3 0
1972 1993 1992 1971 aa4 0
1973 1994 1993 1972 aa5 0
1974 1995 1994 1973 aa6 0
1975 1996 1995 1974 aa7 0
1976 1997 1996 1975 aa8 0
1977 1998 1997 1976 aa9 0
1978 1999 1998 1977 aaa 0
1979 199a 1999 1978 aab 0
197a 199b 199a 1979 aac 0
197b 199c 199b 197a aad 0
197c 199d 199c 197b aae 0
197d 199e 199d 197c aaf 0
197e 199f 199e 197d ab0 0
197f 19a0 199f 197e ab1 0
1980 19a1 19a0 197f ab2 0
1981 19a2 19a1 1980 ab3 0
1982 19a3 19a2 1981 ab4 0
1983 19a4 19a3 1982 ab5 0
1984 19a5 19a4 1983 ab6 0
1985 19a6 19a5 1984 ab7 0
1986 19a7 19a6 1985 ab8 0
1987 19a8 19a7 1986 ab9 0
1988 19a9 19a8 1987 aba 0
1989 19aa 19a9 1988 abb 0
198a 19ab 19aa 1989 abc 0
198b 19ac 19ab 198a abd 0
198c 19ad 19ac 198b abe 0
198d 19ae 19ad 198c abf 0
198e 19af 19ae 198d ac0 0
1990 19b1 19b0 198f ac1 0
1991 19b2 19b1 1990 ac2 0
1992 19b3 19b2 1991 ac3 0
1993 19b4 19b3 1992 ac4 0
1994 19b5 19b4 1993 ac5 0
1995 19b6 19b5 1994 ac6 0
1996 19b7 19b6 1995 ac7 0
1997 19b8 19b7 1996 ac8 0
1998 19b9 19b8 1997 ac9 0
1999 19ba 19b9 1998 aca 0
199a 19bb 19ba 1999 acb 0
199b 19bc 19bb 199a acc 0
199c 19bd 19bc 199b acd 0
199d 19be 19bd 199c ace 0
199e 19bf 19be 199d acf 0
199f 19c0 19bf 199e ad0 0
19a0 19c1 19c0 199f ad1 0
19a1 19c2 19c1 19a0 ad2 0
19a2 19c3 19c2 19a1 ad3 0
19a3 19c4 19c3 19a2 ad4 0
19a4 19c5 19c4 19a3 ad5 0
19a5 19c6 19c5 19a4 ad6 0
19a6 19c7 19c6 19a5 ad7 0
19a7 19c8 19c7 19a6 ad8 0
19a8 19c9 19c8 19a7 ad9 0
19a9 19ca 19c9 19a8 ada 0
19aa 19cb 19ca 19a9 adb 0
19ab 19cc 19cb 19aa adc 0
19ac 19cd 19cc 19ab add 0
19ad 19ce 19cd 19ac ade 0
19ae 19cf 19ce 19ad adf 0
19af 19d0 19cf 19ae ae0 0
19b1 19d1 1191 19b0 ae1 0
19b2 19d2 19d1 19b1 ae2 0
19b3 19d3 19d2 19b2 ae3 0
19b4 19d4 19d3 19b3 ae4 0
19b5 19d5 19d4 19b4 ae5 0
19b6 19d6 19d5 19b5 ae6 0
19b7 19d7 19d6 19b6 ae7 0
19b8 19d8 19d7 19b7 ae8 0
19b9 19d9 19d8 19b8 ae9 0
19ba 19da 19d9 19b9 aea 0
19bb 19db 19da 19ba aeb 0
19bc 19dc 19db 19bb aec 0
19bd 19dd 19dc 19bc aed 0
19be 19de 19dd 19bd aee 0
19bf 19df 19de 19be aef 0
19c0 19e0 19df 19bf af0 0
19c1 19e1 19e0 19c0 af1 0
19c2 19e2 19e1 19c1 af2 0
19c3 19e3 19e2 19c2 af3 0
19c4 19e4 19e3 19c3 af4 0
19c5 19e5 19e4 19c4 af5 0
19c6 19e6 19e5 19c5 af6 0
19c7 19e7 19e6 19c6 af7 0
19c8 19e8 19e7 19c7 af8 0
19c9 19e9 19e8 19c8 af9 0
19ca 19ea 19e9 19c9 afa 0
19cb 19eb 19ea 19ca afb 0
19cc 19ec 19eb 19cb afc 0
19cd 19ed 19ec 19cc afd 0
19ce 19ee 19ed 19cd afe 0
19cf 19ef 19ee 19ce aff 0
19d0 19f0 19ef 19cf b00 0
19d1 19f1 1170 1191 b01 0
19d2 19f2 19f1 19d1 b02 0
19d3 19f3 19f2 19d2 b03 0
19d4 19f4 19f3 19d3 b04 0
19d5 19f5 19f4 19d4 b05 0
19d6 19f6 19f5 19d5 b06 0
19d7 19f7 19f6 19d6 b07 0
19d8 19f8 19f7 19d7 b08 0
19d9 19f9 19f8 19d8 b09 0
19da 19fa 19f9 19d9 b0a 0
19db 19fb 19fa 19da b0b 0
19dc 19fc 19fb 19db b0c 0
19dd 19fd 19fc 19dc b0d 0
19de 19fe 19fd 19dd b0e 0
19df 19ff 19fe 19de b0f 0
19e0 1a00 19ff 19df b10 0
19e1 1a01 1a00 19e0 b11 0
19e2 1a02 1a01 19e1 b12 0
19e3 1a03 1a02 19e2 b13 0
19e4 1a04 1a03 19e3 b14 0
19e5 1a05 1a04 19e4 b15 0
19e6 1a06 1a05 19e5 b16 0
19e7 1a07 1a06 19e6 b17 0
19e8 1a08 1a07 19e7 b18 0
19e9 1a09 1a08 19e8 b19 0
19ea 1a0a 1a09 19e9 b1a 0
19eb 1a0b 1a0a 19ea b1b 0
19ec 1a0c 1a0b 19eb b1c 0
19ed 1a0d 1a0c 19ec b1d 0
19ee 1a0e 1a0d 19ed b1e 0
19ef 1a0f 1a0e 19ee b1f 0
19f0 1a10 1a0f 19ef b20 0
19f1 1a11 114f 1170 b21 0
19f2 1a12 1a11 19f1 b22 0
19f3 1a13 1a12 19f2 b23 0
19f4 1a14 1a13 19f3 b24 0
19f5 1a15 1a14 19f4 b25 0
19f6 1a16 1a15 19f5 b26 0
19f7 1a17 1a16 19f6 b27 0
19f8 1a18 1a17 19f7 b28 0
19f9 1a19 1a18 19f8 b29 0
19fa 1a1a 1a19 19f9 b2a 0
19fb 1a1b 1a1a 19fa b2b 0
19fc 1a1c 1a1b 19fb b2c 0
19fd 1a1d 1a1c 19fc b2d 0
19fe 1a1e 1a1d 19fd b2e 0
19ff 1a1f 1a1e 19fe b2f 0
1a00 1a20 1a1f 19ff b30 0
1a01 1a21 1a20 1a00 b31 0
1a02 1a22 1a21 1a01 b32 0
1a03 1a23 1a22 1a02 b33 0
1a04 1a24 1a23 1a03 b34 0
1a05 1a25 1a24 1a04 b35 0
1a06 1a26 1a25 1a05 b36 0
1a07 1a27 1a26 1a06 b37 0
1a08 1a28 1a27 1a07 b38 0
1a09 1a29 1a28 1a08 b39 0
1a0a 1a2a 1a29 1a09 b3a 0
1a0b 1a2b 1a2a 1a0a b3b 0
1a0c 1a2c 1a2b 1a0b b3c 0
1a0d 1a2d 1a2c 1a0c b3d 0
1a0e 1a2e 1a2d 1a0d b3e 0
1a0f 1a2f 1a2e 1a0e b3f 0
1a10 1a30 1a2f 1a0f b40 0
1a11 1a31 112e 114f b41 0
1a12 1a32 1a31 1a11 b42 0
1a13 1a33 1a32 1a12 b43 0
1a14 1a34 1a33 1a13 b44 0
1a15 1a35 1a34 1a14 b45 0
1a16 1a36 1a35 1a15 b46 0
1a17 1a37 1a36 1a16 b47 0
1a18 1a38 1a37 1a17 b48 0
1a19 1a39 1a38 1a18 b49 0
1a1a 1a3a 1a39 1a19 b4a 0
1a1b 1a3b 1a3a 1a1a b4b 0
1a1c 1a3c 1a3b 1a1b b4c 0
1a1d 1a3d 1a3c 1a1c b4d 0
1a1e 1a3e 1a3d 1a1d b4e 0
1a1f 1a3f 1a3e 1a1e b4f 0
1a20 1a40 1a3f 1a1f b50 0
1a21 1a41 1a40 1a20 b51 0
1a22 1a42 1a41 1a21 b52 0
1a23 1a43 1a42 1a22 b53 0
1a24 1a44 1a43 1a23 b54 0
1a25 1a45 1a44 1a24 b55 0
1a26 1a46 1a45 1a25 b56 0
1a27 1a47 1a46 1a26 b57 0
1a28 1a48 1a47 1a27 b58 0
1a29 1a49 1a48 1a28 b59 0
1a2a 1a4a 1a49 1a29 b5a 0
1a2b 1a4b 1a4a 1a2a b5b 0
1a2c 1a4c 1a4b 1a2b b5c 0
1a2d 1a4d 1a4c 1a2c b5d 0
1a2e 1a4e 1a4d 1a2d b5e 0
1a2f 1a4f 1a4e 1a2e b5f 0
1a30 1a50 1a4f 1a2f b60 0
1a31 1a51 110d 112e b61 0
1a32 1a52 1a51 1a31 b62 0
1a33 1a53 1a52 1a32 b63 0
1a34 1a54 1a53 1a33 b64 0
1a35 1a55 1a54 1a34 b65 0
1a36 1a56 1a55 1a35 b66 0
1a37 1a57 1a56 1a36 b67 0
1a38 1a58 1a57 1a37 b68 0
1a39 1a59 1a58 1a38 b69 0
1a3a 1a5a 1a59 1a39 b6a 0
1a3b 1a5b 1a5a 1a3a b6b 0
1a3c 1a5c 1a5b 1a3b b6c 0
1a3d 1a5d 1a5c 1a3c b6d 0
1a3e 1a5e 1a5d 1a3d b6e 0
1a3f 1a5f 1a5e 1a3e b6f 0
1a40 1a60 1a5f 1a3f b70 0
1a41 1a61 1a60 1a40 b71 0
1a42 1a62 1a61 1a41 b72 0
1a43 1a63 1a62 1a42 b73 0
1a44 1a64 1a63 1a43 b74 0
1a45 1a65 1a64 1a44 b75 0
1a46 1a66 1a65 1a45 b76 0
1a47 1a67 1a66 1a46 b77 0
1a48 1a68 1a67 1a47 b78 0
1a49 1a69 1a68 1a48 b79 0
1a4a 1a6a 1a69 1a49 b7a 0
1a4b 1a6b 1a6a 1a4a b7b 0
1a4c 1a6c 1a6b 1a4b b7c 0
1a4d 1a6d 1a6c 1a4c b7d 0
1a4e 1a6e 1a6d 1a4d b7e 0
1a4f 1a6f 1a6e 1a4e b7f 0
1a50 1a70 1a6f 1a4f b80 0
1a51 1a71 10ec 110d b81 0
1a52 1a72 1a71 1a51 b82 0
1a53 1a73 1a72 1a52 b83 0
1a54 1a74 1a73 1a53 b84 0
1a55 1a75 1a74 1a54 b85 0
1a56 1a76 1a75 1a55 b86 0
1a57 1a77 1a76 1a56 b87 0
1a58 1a78 1a77 1a57 b88 0
1a59 1a79 1a78 1a58 b89 0
1a5a 1a7a 1a79 1a59 b8a 0
1a5b 1a7b 1a7a 1a5a b8b 0
1a5c 1a7c 1a7b 1a5b b8c 0
1a5d 1a7d 1a7c 1a5c b8d 0
1a5e 1a7e 1a7d 1a5d b8e 0
1a5f 1a7f 1a7e 1a5e b8f 0
1a60 1a80 1a7f 1a5f b90 0
1a61 1a81 1a80 1a60 b91 0
1a62 1a82 1a81 1a61 b92 0
1a63 1a83 1a82 1a62 b93 0
1a64 1a84 1a83 1a63 b94 0
1a65 1a85 1a84 1a64 b95 0
1a66 1a86 1a85 1a65 b96 0
1a67 1a87 1a86 1a66 b97 0
1a68 1a88 1a87 1a67 b98 0
1a69 1a89 1a88 1a68 b99 0
1a6a 1a8a 1a89 1a69 b9a 0
1a6b 1a8b 1a8a 1a6a b9b 0
1a6c 1a8c 1a8b 1a6b b9c 0
1a6d 1a8d 1a8c 1a6c b9d 0
1a6e 1a8e 1a8d 1a6d b9e 0
1a6f 1a8f 1a8e 1a6e b9f 0
1a70 1a90 1a8f 1a6f ba0 0
1a71 1a91 10cb 10ec ba1 0
1a72 1a92 1a91 1a71 ba2 0
1a73 1a93 1a92 1a72 ba3 0
1a74 1a94 1a93 1a73 ba4 0
1a75 1a95 1a94 1a74 ba5 0
1a76 1a96 1a95 1a75 ba6 0
1a77 1a97 1a96 1a76 ba7 0
1a78 1a98 1a97 1a77 ba8 0
1a79 1a99 1a98 1a78 ba9 0
1a7a 1a9a 1a99 1a79 baa 0
1a7b 1a9b 1a9a 1a7a bab 0
1a7c 1a9c 1a9b 1a7b bac 0
1a7d 1a9d 1a9c 1a7c bad 0
1a7e 1a9e 1a9d 1a7d bae 0
1a7f 1a9f 1a9e 1a7e baf 0
1a80 1aa0 1a9f 1a7f bb0 0
1a81 1aa1 1aa0 1a80 bb1 0
1a82 1aa2 1aa1 1a81 bb2 0
1a83 1aa3 1aa2 1a82 bb3 0
1a84 1aa4 1aa3 1a83 bb4 0
1a85 1aa5 1aa4 1a84 bb5 0
1a86 1aa6 1aa5 1a85 bb6 0
1a87 1aa7 1aa6 1a86 bb7 0
1a88 1aa8 1aa7 1a87 bb8 0
1a89 1aa9 1aa8 1a88 bb9 0
1a8a 1aaa 1aa9 1a89 bba 0
1a8b 1aab 1aaa 1a8a bbb 0
1a8c 1aac 1aab 1a8b bbc 0
1a8d 1aad 1aac 1a8c bbd 0
1a8e 1aae 1aad 1a8d bbe 0
1a8f 1aaf 1aae 1a8e bbf 0
1a90 1ab0 1aaf 1a8f bc0 0
1a91 1ab1 10aa 10cb bc1 0
1a92 1ab2 1ab1 1a91 bc2 0
1a93 1ab3 1ab2 1a92 bc3 0
1a94 1ab4 1ab3 1a93 bc4 0
1a95 1ab5 1ab4 1a94 bc5 0
1a96 1ab6 1ab5 1a95 bc6 0
1a97 1ab7 1ab6 1a96 bc7 0
1a98 1ab8 1ab7 1a97 bc8 0
1a99 1ab9 1ab8 1a98 bc9 0
1a9a 1aba 1ab9 1a99 bca 0
1a9b 1abb 1aba 1a9a bcb 0
1a9c 1abc 1abb 1a9b bcc 0
1a9d 1abd 1abc 1a9c bcd 0
1a9e 1abe 1abd 1a9d bce 0
1a9f 1abf 1abe 1a9e bcf 0
1aa0 1ac0 1abf 1a9f bd0 0
1aa1 1ac1 1ac0 1aa0 bd1 0
1aa2 1ac2 1ac1 1aa1 bd2 0
1aa3 1ac3 1ac2 1aa2 bd3 0
1aa4 1ac4 1ac3 1aa3 bd4 0
1aa5 1ac5 1ac4 1aa4 bd5 0
1aa6 1ac6 1ac5 1aa5 bd6 0
1aa7 1ac7 1ac6 1aa6 bd7 0
1aa8 1ac8 1ac7 1aa7 bd8 0
1aa9 1ac9 1ac8 1aa8 bd9 0
1aaa 1aca 1ac9 1aa9 bda 0
1aab 1acb 1aca 1aaa bdb 0
1aac 1acc 1acb 1aab bdc 0
1aad 1acd 1acc 1aac bdd 0
1aae 1ace 1acd 1aad bde 0
1aaf 1acf 1ace 1aae bdf 0
1ab0 1ad0 1acf 1aaf be0 0
1ab1 1ad1 1089 10aa be1 0
1ab2 1ad2 1ad1 1ab1 be2 0
1ab3 1ad3 1ad2 1ab2 be3 0
1ab4 1ad4 1ad3 1ab3 be4 0
1ab5 1ad5 1ad4 1ab4 be5 0
1ab6 1ad6 1ad5 1ab5 be6 0
1ab7 1ad7 1ad6 1ab6 be7 0
1ab8 1ad8 1ad7 1ab7 be8 0
1ab9 1ad9 1ad8 1ab8 be9 0
1aba 1ada 1ad9 1ab9 bea 0
1abb 1adb 1ada 1aba beb 0
1abc 1adc 1adb 1abb bec 0
1abd 1add 1adc 1abc bed 0
1abe 1ade 1add 1abd bee 0
1abf 1adf 1ade 1abe bef 0
1ac0 1ae0 1adf 1abf bf0 0
1ac1 1ae1 1ae0 1ac0 bf1 0
1ac2 1ae2 1ae1 1ac1 bf2 0
1ac3 1ae3 1ae2 1ac2 bf3 0
1ac4 1ae4 1ae3 1ac3 bf4 0
1ac5 1ae5 1ae4 1ac4 bf5 0
1ac6 1ae6 1ae5 1ac5 bf6 0
1ac7 1ae7 1ae6 1ac6 bf7 0
1ac8 1ae8 1ae7 1ac7 bf8 0
1ac9 1ae9 1ae8 1ac8 bf9 0
1aca 1aea 1ae9 1ac9 bfa 0
1acb 1aeb 1aea 1aca bfb 0
1acc 1aec 1aeb 1acb bfc 0
1acd 1aed 1aec 1acc bfd 0
1ace 1aee 1aed 1acd bfe 0
1acf 1aef 1aee 1ace bff 0
1ad0 1af0 1aef 1acf c00 0
1ad1 1af1 1068 1089 c01 0
1ad2 1af2 1af1 1ad1 c02 0
1ad3 1af3 1af2 1ad2 c03 0
1ad4 1af4 1af3 1ad3 c04 0
1ad5 1af5 1af4 1ad4 c05 0
1ad6 1af6 1af5 1ad5 c06 0
1ad7 1af7 1af6 1ad6 c07 0
1ad8 1af8 1af7 1ad7 c08 0
1ad9 1af9 1af8 1ad8 c09 0
1ada 1afa 1af9 1ad9 c0a 0
1adb 1afb 1afa 1ada c0b 0
1adc 1afc 1afb 1adb c0c 0
1add 1afd 1afc 1adc c0d 0
1ade 1afe 1afd 1add c0e 0
1adf 1aff 1afe 1ade c0f 0
1ae0 1b00 1aff 1adf c10 0
1ae1 1b01 1b00 1ae0 c11 0
1ae2 1b02 1b01 1ae1 c12 0
1ae3 1b03 1b02 1ae2 c13 0
1ae4 1b04 1b03 1ae3 c14 0
1ae5 1b05 1b04 1ae4 c15 0
1ae6 1b06 1b05 1ae5 c16 0
1ae7 1b07 1b06 1ae6 c17 0
1ae8 1b08 1b07 1ae7 c18 0
1ae9 1b09 1b08 1ae8 c19 0
1aea 1b0a 1b09 1ae9 c1a 0
1aeb 1b0b 1b0a 1aea c1b 0
1aec 1b0c 1b0b 1aeb c1c 0
1aed 1b0d 1b0c 1aec c1d 0
1aee 1b0e 1b0d 1aed c1e 0
1aef 1b0f 1b0e 1aee c1f 0
1af0 1b10 1b0f 1aef c20 0
1af1 1b11 1047 1068 c21 0
1af2 1b12 1b11 1af1 c22 0
1af3 1b13 1b12 1af2 c23 0
1af4 1b14 1b13 1af3 c24 0
1af5 1b15 1b14 1af4 c25 0
1af6 1b16 1b15 1af5 c26 0
1af7 1b17 1b16 1af6 c27 0
1af8 1b18 1b17 1af7 c28 0
1af9 1b19 1b18 1af8 c29 0
1afa 1b1a 1b19 1af9 c2a 0
1afb 1b1b 1b1a 1afa c2b 0
1afc 1b1c 1b1b 1afb c2c 0
1afd 1b1d 1b1c 1afc c2d 0
1afe 1b1e 1b1d 1afd c2e 0
1aff 1b1f 1b1e 1afe c2f 0
1b00 1b20 1b1f 1aff c30 0
1b01 1b21 1b20 1b00 c31 0
1b02 1b22 1b21 1b01 c32 0
1b03 1b23 1b22 1b02 c33 0
1b04 1b24 1b23 1b03 c34 0
1b05 1b25 1b24 1b04 c35 0
1b06 1b26 1b25 1b05 c36 0
1b07 1b27 1b26 1b06 c37 0
1b08 1b28 1b27 1b07 c38 0
1b09 1b29 1b28 1b08 c39 0
1b0a 1b2a 1b29 1b09 c3a 0
1b0b 1b2b 1b2a 1b0a c3b 0
1b0c 1b2c 1b2b 1b0b c3c 0
1b0d 1b2d 1b2c 1b0c c3d 0
1b0e 1b2e 1b2d 1b0d c3e 0
1b0f 1b2f 1b2e 1b0e c3f 0
1b10 1b30 1b2f 1b0f c40 0
1b11 1b31 1026 1047 c41 0
1b12 1b32 1b31 1b11 c42 0
1b13 1b33 1b32 1b12 c43 0
1b14 1b34 1b33 1b13 c44 0
1b15 1b35 1b34 1b14 c45 0
1b16 1b36 1b35 1b15 c46 0
1b17 1b37 1b36 1b16 c47 0
1b18 1b38 1b37 1b17 c48 0
1b19 1b39 1b38 1b18 c49 0
1b1a 1b3a 1b39 1b19 c4a 0
1b1b 1b3b 1b3a 1b1a c4b 0
1b1c 1b3c 1b3b 1b1b c4c 0
1b1d 1b3d 1b3c 1b1c c4d 0
1b1e 1b3e 1b3d 1b1d c4e 0
1b1f 1b3f 1b3e 1b1e c4f 0
1b20 1b40 1b3f 1b1f c50 0
1b21 1b41 1b40 1b20 c51 0
1b22 1b42 1b41 1b21 c52 0
1b23 1b43 1b42 1b22 c53 0
1b24 1b44 1b43 1b23 c54 0
1b25 1b45 1b44 1b24 c55 0
1b26 1b46 1b45 1b25 c56 0
1b27 1b47 1b46 1b26 c57 0
1b28 1b48 1b47 1b27 c58 0
1b29 1b49 1b48 1b28 c59 0
1b2a 1b4a 1b49 1b29 c5a 0
1b2b 1b4b 1b4a 1b2a c5b 0
1b2c 1b4c 1b4b 1b2b c5c 0
1b2d 1b4d 1b4c 1b2c c5d 0
1b2e 1b4e 1b4d 1b2d c5e 0
1b2f 1b4f 1b4e 1b2e c5f 0
1b30 1b50 1b4f 1b2f c60 0
1b31 1b51 1005 1026 c61 0
1b32 1b52 1b51 1b31 c62 0
1b33 1b53 1b52 1b32 c63 0
1b34 1b54 1b53 1b33 c64 0
1b35 1b55 1b54 1b34 c65 0
1b36 1b56 1b55 1b35 c66 0
1b37 1b57 1b56 1b36 c67 0
1b38 1b58 1b57 1b37 c68 0
1b39 1b59 1b58 1b38 c69 0
1b3a 1b5a 1b59 1b39 c6a 0
1b3b 1b5b 1b5a 1b3a c6b 0
1b3c 1b5c 1b5b 1b3b c6c 0
1b3d 1b5d 1b5c 1b3c c6d 0
1b3e 1b5e 1b5d 1b3d c6e 0
1b3f 1b5f 1b5e 1b3e c6f 0
1b40 1b60 1b5f 1b3f c70 0
1b41 1b61 1b60 1b40 c71 0
1b42 1b62 1b61 1b41 c72 0
1b43 1b63 1b62 1b42 c73 0
1b44 1b64 1b63 1b43 c74 0
1b45 1b65 1b64 1b44 c75 0
1b46 1b66 1b65 1b45 c76 0
1b47 1b67 1b66 1b46 c77 0
1b48 1b68 1b67 1b47 c78 0
1b49 1b69 1b68 1b48 c79 0
1b4a 1b6a 1b69 1b49 c7a 0
1b4b 1b6b 1b6a 1b4a c7b 0
1b4c 1b6c 1b6b 1b4b c7c 0
1b4d 1b6d 1b6c 1b4c c7d 0
1b4e 1b6e 1b6d 1b4d c7e 0
1b4f 1b6f 1b6e 1b4e c7f 0
1b50 1b70 1b6f 1b4f c80 0
1b51 1b71 fe4 1005 c81 0
1b52 1b72 1b71 1b51 c82 0
1b53 1b73 1b72 1b52 c83 0
1b54 1b74 1b73 1b53 c84 0
1b55 1b75 1b74 1b54 c85 0
1b56 1b76 1b75 1b55 c86 0
1b57 1b77 1b76 1b56 c87 0
1b58 1b78 1b77 1b57 c88 0
1b59 1b79 1b78 1b58 c89 0
1b5a 1b7a 1b79 1b59 c8a 0
1b5b 1b7b 1b7a 1b5a c8b 0
1b5c 1b7c 1b7b 1b5b c8c 0
1b5d 1b7d 1b7c 1b5c c8d 0
1b5e 1b7e 1b7d 1b5d c8e 0
1b5f 1b7f 1b7e 1b5e c8f 0
1b60 1b80 1b7f 1b5f c90 0
1b61 1b81 1b80 1b60 c91 0
1b62 1b82 1b81 1b61 c92 0
1b63 1b83 1b82 1b62 c93 0
1b64 1b84 1b83 1b63 c94 0
1b65 1b85 1b84 1b64 c95 0
1b66 1b86 1b85 1b65 c96 0
1b67 1b87 1b86 1b66 c97 0
1b68 1b88 1b87 1b67 c98 0
1b69 1b89 1b88 1b68 c99 0
1b6a 1b8a 1b89 1b69 c9a 0
1b6b 1b8b 1b8a 1b6a c9b 0
1b6c 1b8c 1b8b 1b6b c9c 0
1b6d 1b8d 1b8c 1b6c c9d 0
1b6e 1b8e 1b8d 1b6d c9e 0
1b6f 1b8f 1b8e 1b6e c9f 0
1b70 1b90 1b8f 1b6f ca0 0
1b71 1b91 fc3 fe4 ca1 0
1b72 1b92 1b91 1b71 ca2 0
1b73 1b93 1b92 1b72 ca3 0
1b74 1b94 1b93 1b73 ca4 0
1b75 1b95 1b94 1b74 ca5 0
1b76 1b96 1b95 1b75 ca6 0
1b77 1b97 1b96 1b76 ca7 0
1b78 1b98 1b97 1b77 ca8 0
1b79 1b99 1b98 1b78 ca9 0
1b7a 1b9a 1b99 1b79 caa 0
1b7b 1b9b 1b9a 1b7a cab 0
1b7c 1b9c 1b9b 1b7b cac 0
1b7d 1b9d 1b9c 1b7c cad 0
1b7e 1b9e 1b9d 1b7d cae 0
1b7f 1b9f 1b9e 1b7e caf 0
1b80 1ba0 1b9f 1b7f cb0 0
1b81 1ba1 1ba0 1b80 cb1 0
1b82 1ba2 1ba1 1b81 cb2 0
1b83 1ba3 1ba2 1b82 cb3 0
1b84 1ba4 1ba3 1b83 cb4 0
1b85 1ba5 1ba4 1b84 cb5 0
1b86 1ba6 1ba5 1b85 cb6 0
1b87 1ba7 1ba6 1b86 cb7 0
1b88 1ba8 1ba7 1b87 cb8 0
1b89 1ba9 1ba8 1b88 cb9 0
1b8a 1baa 1ba9 1b89 cba 0
1b8b 1bab 1baa 1b8a cbb 0
1b8c 1bac 1bab 1b8b cbc 0
1b8d 1bad 1bac 1b8c cbd 0
1b8e 1bae 1bad 1b8d cbe 0
1b8f 1baf 1bae 1b8e cbf 0
1b90 1bb0 1baf 1b8f cc0 0
1b91 1bb1 fa2 fc3 cc1 0
1b92 1bb2 1bb1 1b91 cc2 0
1b93 1bb3 1bb2 1b92 cc3 0
1b94 1bb4 1bb3 1b93 cc4 0
1b95 1bb5 1bb4 1b94 cc5 0
1b96 1bb6 1bb5 1b95 cc6 0
1b97 1bb7 1bb6 1b96 cc7 0
1b98 1bb8 1bb7 1b97 cc8 0
1b99 1bb9 1bb8 1b98 cc9 0
1b9a 1bba 1bb9 1b99 cca 0
1b9b 1bbb 1bba 1b9a ccb 0
1b9c 1bbc 1bbb 1b9b ccc 0
1b9d 1bbd 1bbc 1b9c ccd 0
1b9e 1bbe 1bbd 1b9d cce 0
1b9f 1bbf 1bbe 1b9e ccf 0
1ba0 1bc0 1bbf 1b9f cd0 0
1ba1 1bc1 1bc0 1ba0 cd1 0
1ba2 1bc2 1bc1 1ba1 cd2 0
1ba3 1bc3 1bc2 1ba2 cd3 0
1ba4 1bc4 1bc3 1ba3 cd4 0
1ba5 1bc5 1bc4 1ba4 cd5 0
1ba6 1bc6 1bc5 1ba5 cd6 0
1ba7 1bc7 1bc6 1ba6 cd7 0
1ba8 1bc8 1bc7 1ba7 cd8 0
1ba9 1bc9 1bc8 1ba8 cd9 0
1baa 1bca 1bc9 1ba9 cda 0
1bab 1bcb 1bca 1baa cdb 0
1bac 1bcc 1bcb 1bab cdc 0
1bad 1bcd 1bcc 1bac cdd 0
1bae 1bce 1bcd 1bad cde 0
1baf 1bcf 1bce 1bae cdf 0
1bb0 1bd0 1bcf 1baf ce0 0
1bb1 1bd1 f81 fa2 ce1 0
1bb2 1bd2 1bd1 1bb1 ce2 0
1bb3 1bd3 1bd2 1bb2 ce3 0
1bb4 1bd4 1bd3 1bb3 ce4 0
1bb5 1bd5 1bd4 1bb4 ce5 0
1bb6 1bd6 1bd5 1bb5 ce6 0
1bb7 1bd7 1bd6 1bb6 ce7 0
1bb8 1bd8 1bd7 1bb7 ce8 0
1bb9 1bd9 1bd8 1bb8 ce9 0
1bba 1bda 1bd9 1bb9 cea 0
1bbb 1bdb 1bda 1bba ceb 0
1bbc 1bdc 1bdb 1bbb cec 0
1bbd 1bdd 1bdc 1bbc ced 0
1bbe 1bde 1bdd 1bbd cee 0
1bbf 1bdf 1bde 1bbe cef 0
1bc0 1be0 1bdf 1bbf cf0 0
1bc1 1be1 1be0 1bc0 cf1 0
1bc2 1be2 1be1 1bc1 cf2 0
1bc3 1be3 1be2 1bc2 cf3 0
1bc4 1be4 1be3 1bc3 cf4 0
1bc5 1be5 1be4 1bc4 cf5 0
1bc6 1be6 1be5 1bc5 cf6 0
1bc7 1be7 1be6 1bc6 cf7 0
1bc8 1be8 1be7 1bc7 cf8 0
1bc9 1be9 1be8 1bc8 cf9 0
1bca 1bea 1be9 1bc9 cfa 0
1bcb 1beb 1bea 1bca cfb 0
1bcc 1bec 1beb 1bcb cfc 0
1bcd 1bed 1bec 1bcc cfd 0
1bce 1bee 1bed 1bcd cfe 0
1bcf 1bef 1bee 1bce cff 0
1bd0 1bf0 1bef 1bcf d00 0
1bd1 1bf1 f60 f81 d01 0
1bd2 1bf2 1bf1 1bd1 d02 0
1bd3 1bf3 1bf2 1bd2 d03 0
1bd4 1bf4 1bf3 1bd3 d04 0
1bd5 1bf5 1bf4 1bd4 d05 0
1bd6 1bf6 1bf5 1bd5 d06 0
1bd7 1bf7 1bf6 1bd6 d07 0
1bd8 1bf8 1bf7 1bd7 d08 0
1bd9 1bf9 1bf8 1bd8 d09 0
1bda 1bfa 1bf9 1bd9 d0a 0
1bdb 1bfb 1bfa 1bda d0b 0
1bdc 1bfc 1bfb 1bdb d0c 0
1bdd 1bfd 1bfc 1bdc d0d 0
1bde 1bfe 1bfd 1bdd d0e 0
1bdf 1bff 1bfe 1bde d0f 0
1be0 1c00 1bff 1bdf d10 0
1be1 1c01 1c00 1be0 d11 0
1be2 1c02 1c01 1be1 d12 0
1be3 1c03 1c02 1be2 d13 0
1be4 1c04 1c03 1be3 d14 0
1be5 1c05 1c04 1be4 d15 0
1be6 1c06 1c05 1be5 d16 0
1be7 1c07 1c06 1be6 d17 0
1be8 1c08 1c07 1be7 d18 0
1be9 1c09 1c08 1be8 d19 0
1bea 1c0a 1c09 1be9 d1a 0
1beb 1c0b 1c0a 1bea d1b 0
1bec 1c0c 1c0b 1beb d1c 0
1bed 1c0d 1c0c 1bec d1d 0
1bee 1c0e 1c0d 1bed d1e 0
1bef 1c0f 1c0e 1bee d1f 0
1bf0 1c10 1c0f 1bef d20 0
1bf1 1c11 f3f f60 d21 0
1bf2 1c12 1c11 1bf1 d22 0
1bf3 1c13 1c12 1bf2 d23 0
1bf4 1c14 1c13 1bf3 d24 0
1bf5 1c15 1c14 1bf4 d25 0
1bf6 1c16 1c15 1bf5 d26 0
1bf7 1c17 1c16 1bf6 d27 0
1bf8 1c18 1c17 1bf7 d28 0
1bf9 1c19 1c18 1bf8 d29 0
1bfa 1c1a 1c19 1bf9 d2a 0
1bfb 1c1b 1c1a 1bfa d2b 0
1bfc 1c1c 1c1b 1bfb d2c 0
1bfd 1c1d 1c1c 1bfc d2d 0
1bfe 1c1e 1c1d 1bfd d2e 0
1bff 1c1f 1c1e 1bfe d2f 0
1c00 1c20 1c1f 1bff d30 0
1c01 1c21 1c20 1c00 d31 0
1c02 1c22 1c21 1c01 d32 0
1c03 1c23 1c22 1c02 d33 0
1c04 1c24 1c23 1c03 d34 0
1c05 1c25 1c24 1c04 d35 0
1c06 1c26 1c25 1c05 d36 0
1c07 1c27 1c26 1c06 d37 0
1c08 1c28 1c27 1c07 d38 0
1c09 1c29 1c28 1c08 d39 0
1c0a 1c2a 1c29 1c09 d3a 0
1c0b 1c2b 1c2a 1c0a d3b 0
1c0c 1c2c 1c2b 1c0b d3c 0
1c0d 1c2d 1c2c 1c0c d3d 0
1c0e 1c2e 1c2d 1c0d d3e 0
1c0f 1c2f 1c2e 1c0e d3f 0
1c10 1c30 1c2f 1c0f d40 0
1c11 1c31 f1e f3f d41 0
1c12 1c32 1c31 1c11 d42 0
1c13 1c33 1c32 1c12 d43 0
1c14 1c34 1c33 1c13 d44 0
1c15 1c35 1c34 1c14 d45 0
1c16 1c36 1c35 1c15 d46 0
1c17 1c37 1c36 1c16 d47 0
1c18 1c38 1c37 1c17 d48 0
1c19 1c39 1c38 1c18 d49 0
1c1a 1c3a 1c39 1c19 d4a 0
1c1b 1c3b 1c3a 1c1a d4b 0
1c1c 1c3c 1c3b 1c1b d4c 0
1c1d 1c3d 1c3c 1c1c d4d 0
1c1e 1c3e 1c3d 1c1d d4e 0
1c1f 1c3f 1c3e 1c1e d4f 0
1c20 1c40 1c3f 1c1f d50 0
1c21 1c41 1c40 1c20 d51 0
1c22 1c42 1c41 1c21 d52 0
1c23 1c43 1c42 1c22 d53 0
1c24 1c44 1c43 1c23 d54 0
1c25 1c45 1c44 1c24 d55 0
1c26 1c46 1c45 1c25 d56 0
1c27 1c47 1c46 1c26 d57 0
1c28 1c48 1c47 1c27 d58 0
1c29 1c49 1c48 1c28 d59 0
1c2a 1c4a 1c49 1c29 d5a 0
1c2b 1c4b 1c4a 1c2a d5b 0
1c2c 1c4c 1c4b 1c2b d5c 0
1c2d 1c4d 1c4c 1c2c d5d 0
1c2e 1c4e 1c4d 1c2d d5e 0
1c2f 1c4f 1c4e 1c2e d5f 0
1c30 1c50 1c4f 1c2f d60 0
1c31 1c51 efd f1e d61 0
1c32 1c52 1c51 1c31 d62 0
1c33 1c53 1c52 1c32 d63 0
1c34 1c54 1c53 1c33 d64 0
1c35 1c55 1c54 1c34 d65 0
1c36 1c56 1c55 1c35 d66 0
1c37 1c57 1c56 1c36 d67 0
1c38 1c58 1c57 1c37 d68 0
1c39 1c59 1c58 1c38 d69 0
1c3a 1c5a 1c59 1c39 d6a 0
1c3b 1c5b 1c5a 1c3a d6b 0
1c3c 1c5c 1c5b 1c3b d6c 0
1c3d 1c5d 1c5c 1c3c d6d 0
1c3e 1c5e 1c5d 1c3d d6e 0
1c3f 1c5f 1c5e 1c3e d6f 0
1c40 1c60 1c5f 1c3f d70 0
1c41 1c61 1c60 1c40 d71 0
1c42 1c62 1c61 1c41 d72 0
1c43 1c63 1c62 1c42 d73 0
1c44 1c64 1c63 1c43 d74 0
1c45 1c65 1c64 1c44 d75 0
1c46 1c66 1c65 1c45 d76 0
1c47 1c67 1c66 1c46 d77 0
1c48 1c68 1c67 1c47 d78 0
1c49 1c69 1c68 1c48 d79 0
1c4a 1c6a 1c69 1c49 d7a 0
1c4b 1c6b 1c6a 1c4a d7b 0
1c4c 1c6c 1c6b 1c4b d7c 0
1c4d 1c6d 1c6c 1c4c d7d 0
1c4e 1c6e 1c6d 1c4d d7e 0
1c4f 1c6f 1c6e 1c4e d7f 0
1c50 1c70 1c6f 1c4f d80 0
1c51 1c71 edc efd d81 0
1c52 1c72 1c71 1c51 d82 0
1c53 1c73 1c72 1c52 d83 0
1c54 1c74 1c73 1c53 d84 0
1c55 1c75 1c74 1c54 d85 0
1c56 1c76 1c75 1c55 d86 0
1c57 1c77 1c76 1c56 d87 0
1c58 1c78 1c77 1c57 d88 0
1c59 1c79 1c78 1c58 d89 0
1c5a 1c7a 1c79 1c59 d8a 0
1c5b 1c7b 1c7a 1c5a d8b 0
1c5c 1c7c 1c7b 1c5b d8c 0
1c5d 1c7d 1c7c 1c5c d8d 0
1c5e 1c7e 1c7d 1c5d d8e 0
1c5f 1c7f 1c7e 1c5e d8f 0
1c60 1c80 1c7f 1c5f d90 0
1c61 1c81 1c80 1c60 d91 0
1c62 1c82 1c81 1c61 d92 0
1c63 1c83 1c82 1c62 d93 0
1c64 1c84 1c83 1c63 d94 0
1c65 1c85 1c84 1c64 d95 0
1c66 1c86 1c85 1c65 d96 0
1c67 1c87 1c86 1c66 d97 0
1c68 1c88 1c87 1c67 d98 0
1c69 1c89 1c88 1c68 d99 0
1c6a 1c8a 1c89 1c69 d9a 0
1c6b 1c8b 1c8a 1c6a d9b 0
1c6c 1c8c 1c8b 1c6b d9c 0
1c6d 1c8d 1c8c 1c6c d9d 0
1c6e 1c8e 1c8d 1c6d d9e 0
1c6f 1c8f 1c8e 1c6e d9f 0
1c70 1c90 1c8f 1c6f da0 0
1c71 1c91 ebb edc da1 0
1c72 1c92 1c91 1c71 da2 0
1c73 1c93 1c92 1c72 da3 0
1c74 1c94 1c93 1c73 da4 0
1c75 1c95 1c94 1c74 da5 0
1c76 1c96 1c95 1c75 da6 0
1c77 1c97 1c96 1c76 da7 0
1c78 1c98 1c97 1c77 da8 0
1c79 1c99 1c98 1c78 da9 0
1c7a 1c9a 1c99 1c79 daa 0
1c7b 1c9b 1c9a 1c7a dab 0
1c7c 1c9c 1c9b 1c7b dac 0
1c7d 1c9d 1c9c 1c7c dad 0
1c7e 1c9e 1c9d 1c7d dae 0
1c7f 1c9f 1c9e 1c7e daf 0
1c80 1ca0 1c9f 1c7f db0 0
1c81 1ca1 1ca0 1c80 db1 0
1c82 1ca2 1ca1 1c81 db2 0
1c83 1ca3 1ca2 1c82 db3 0
1c84 1ca4 1ca3 1c83 db4 0
1c85 1ca5 1ca4 1c84 db5 0
1c86 1ca6 1ca5 1c85 db6 0
1c87 1ca7 1ca6 1c86 db7 0
1c88 1ca8 1ca7 1c87 db8 0
1c89 1ca9 1ca8 1c88 db9 0
1c8a 1caa 1ca9 1c89 dba 0
1c8b 1cab 1caa 1c8a dbb 0
1c8c 1cac 1cab 1c8b dbc 0
1c8d 1cad 1cac 1c8c dbd 0
1c8e 1cae 1cad 1c8d dbe 0
1c8f 1caf 1cae 1c8e dbf 0
1c90 1cb0 1caf 1c8f dc0 0
1c91 1cb1 e9a ebb dc1 0
1c92 1cb2 1cb1 1c91 dc2 0
1c93 1cb3 1cb2 1c92 dc3 0
1c94 1cb4 1cb3 1c93 dc4 0
1c95 1cb5 1cb4 1c94 dc5 0
1c96 1cb6 1cb5 1c95 dc6 0
1c97 1cb7 1cb6 1c96 dc7 0
1c98 1cb8 1cb7 1c97 dc8 0
1c99 1cb9 1cb8 1c98 dc9 0
1c9a 1cba 1cb9 1c99 dca 0
1c9b 1cbb 1cba 1c9a dcb 0
1c9c 1cbc 1cbb 1c9b dcc 0
1c9d 1cbd 1cbc 1c9c dcd 0
1c9e 1cbe 1cbd 1c9d dce 0
1c9f 1cbf 1cbe 1c9e dcf 0
1ca0 1cc0 1cbf 1c9f dd0 0
1ca1 1cc1 1cc0 1ca0 dd1 0
1ca2 1cc2 1cc1 1ca1 dd2 0
1ca3 1cc3 1cc2 1ca2 dd3 0
1ca4 1cc4 1cc3 1ca3 dd4 0
1ca5 1cc5 1cc4 1ca4 dd5 0
1ca6 1cc6 1cc5 1ca5 dd6 0
1ca7 1cc7 1cc6 1ca6 dd7 0
1ca8 1cc8 1cc7 1ca7 dd8 0
1ca9 1cc9 1cc8 1ca8 dd9 0
1caa 1cca 1cc9 1ca9 dda 0
1cab 1ccb 1cca 1caa ddb 0
1cac 1ccc 1ccb 1cab ddc 0
1cad 1ccd 1ccc 1cac ddd 0
1cae 1cce 1ccd 1cad dde 0
1caf 1ccf 1cce 1cae ddf 0
1cb0 1cd0 1ccf 1caf de0 0
1cb1 1cd1 e79 e9a de1 0
1cb2 1cd2 1cd1 1cb1 de2 0
1cb3 1cd3 1cd2 1cb2 de3 0
1cb4 1cd4 1cd3 1cb3 de4 0
1cb5 1cd5 1cd4 1cb4 de5 0
1cb6 1cd6 1cd5 1cb5 de6 0
1cb7 1cd7 1cd6 1cb6 de7 0
1cb8 1cd8 1cd7 1cb7 de8 0
1cb9 1cd9 1cd8 1cb8 de9 0
1cba 1cda 1cd9 1cb9 dea 0
1cbb 1cdb 1cda 1cba deb 0
1cbc 1cdc 1cdb 1cbb dec 0
1cbd 1cdd 1cdc 1cbc ded 0
1cbe 1cde 1cdd 1cbd dee 0
1cbf 1cdf 1cde 1cbe def 0
1cc0 1ce0 1cdf 1cbf df0 0
1cc1 1ce1 1ce0 1cc0 df1 0
1cc2 1ce2 1ce1 1cc1 df2 0
1cc3 1ce3 1ce2 1cc2 df3 0
1cc4 1ce4 1ce3 1cc3 df4 0
1cc5 1ce5 1ce4 1cc4 df5 0
1cc6 1ce6 1ce5 1cc5 df6 0
1cc7 1ce7 1ce6 1cc6 df7 0
1cc8 1ce8 1ce7 1cc7 df8 0
1cc9 1ce9 1ce8 1cc8 df9 0
1cca 1cea 1ce9 1cc9 dfa 0
1ccb 1ceb 1cea 1cca dfb 0
1ccc 1cec 1ceb 1ccb dfc 0
1ccd 1ced 1cec 1ccc dfd 0
1cce 1cee 1ced 1ccd dfe 0
1ccf 1cef 1cee 1cce dff 0
1cd0 1cf0 1cef 1ccf e00 0
e7a e9b e9a e79 1 0
e7b e9c e9b e7a 2 0
e7c e9d e9c e7b 3 0
e7d e9e e9d e7c 4 0
e7e e9f e9e e7d 5 0
e7f ea0 e9f e7e 6 0
e80 ea1 ea0 e7f 7 0
e81 ea2 ea1 e80 8 0
e82 ea3 ea2 e81 9 0
e83 ea4 ea3 e82 a 0
e84 ea5 ea4 e83 b 0
e85 ea6 ea5 e84 c 0
e86 ea7 ea6 e85 d 0
e87 ea8 ea7 e86 e 0
e88 ea9 ea8 e87 f 0
e89 eaa ea9 e88 10 0
e8a eab eaa e89 11 0
e8b eac eab e8a 12 0
e8c ead eac e8b 13 0
e8d eae ead e8c 14 0
e8e eaf eae e8d 15 0
e8f eb0 eaf e8e 16 0
e90 eb1 eb0 e8f 17 0
e91 eb2 eb1 e90 18 0
e92 eb3 eb2 e91 19 0
e93 eb4 eb3 e92 1a 0
e94 eb5 eb4 e93 1b 0
e95 eb6 eb5 e94 1c 0
e96 eb7 eb6 e95 1d 0
e97 eb8 eb7 e96 1e 0
e98 eb9 eb8 e97 1f 0
e99 eba eb9 e98 20 0
e9b ebc ebb e9a 21 0
e9c ebd ebc e9b 22 0
e9d ebe ebd e9c 23 0
e9e ebf ebe e9d 24 0
e9f ec0 ebf e9e 25 0
ea0 ec1 ec0 e9f 26 0
ea1 ec2 ec1 ea0 27 0
ea2 ec3 ec2 ea1 28 0
ea3 ec4 ec3 ea2 29 0
ea4 ec5 ec4 ea3 2a 0
ea5 ec6 ec5 ea4 2b 0
ea6 ec7 ec6 ea5 2c 0
ea7 ec8 ec7 ea6 2d 0
ea8 ec9 ec8 ea7 2e 0
ea9 eca ec9 ea8 2f 0
eaa ecb eca ea9 30 0
eab ecc ecb eaa 31 0
eac ecd ecc eab 32 0
ead ece ecd eac 33 0
eae ecf ece ead 34 0
eaf ed0 ecf eae 35 0
eb0 ed1 ed0 eaf 36 0
eb1 ed2 ed1 eb0 37 0
eb2 ed3 ed2 eb1 38 0
eb3 ed4 ed3 eb2 39 0
eb4 ed5 ed4 eb3 3a 0
eb5 ed6 ed5 eb4 3b 0
eb6 ed7 ed6 eb5 3c 0
eb7 ed8 ed7 eb6 3d 0
eb8 ed9 ed8 eb7 3e 0
eb9 eda ed9 eb8 3f 0
eba edb eda eb9 40 0
ebc edd edc ebb 41 0
ebd ede edd ebc 42 0
ebe edf ede ebd 43 0
ebf ee0 edf ebe 44 0
ec0 ee1 ee0 ebf 45 0
ec1 ee2 ee1 ec0 46 0
ec2 ee3 ee2 ec1 47 0
ec3 ee4 ee3 ec2 48 0
ec4 ee5 ee4 ec3 49 0
ec5 ee6 ee5 ec4 4a 0
ec6 ee7 ee6 ec5 4b 0
ec7 ee8 ee7 ec6 4c 0
ec8 ee9 ee8 ec7 4d 0
ec9 eea ee9 ec8 4e 0
eca eeb eea ec9 4f 0
ecb eec eeb eca 50 0
ecc eed eec ecb 51 0
ecd eee eed ecc 52 0
ece eef eee ecd 53 0
ecf ef0 eef ece 54 0
ed0 ef1 ef0 ecf 55 0
ed1 ef2 ef1 ed0 56 0
ed2 ef3 ef2 ed1 57 0
ed3 ef4 ef3 ed2 58 0
ed4 ef5 ef4 ed3 59 0
ed5 ef6 ef5 ed4 5a 0
ed6 ef7 ef6 ed5 5b 0
ed7 ef8 ef7 ed6 5c 0
ed8 ef9 ef8 ed7 5d 0
ed9 efa ef9 ed8 5e 0
eda efb efa ed9 5f 0
edb efc efb eda 60 0
edd efe efd edc 61 0
ede eff efe edd 62 0
edf f00 eff ede 63 0
ee0 f01 f00 edf 64 0
ee1 f02 f01 ee0 65 0
ee2 f03 f02 ee1 66 0
ee3 f04 f03 ee2 67 0
ee4 f05 f04 ee3 68 0
ee5 f06 f05 ee4 69 0
ee6 f07 f06 ee5 6a 0
ee7 f08 f07 ee6 6b 0
ee8 f09 f08 ee7 6c 0
ee9 f0a f09 ee8 6d 0
eea f0b f0a ee9 6e 0
eeb f0c f0b eea 6f 0
eec f0d f0c eeb 70 0
eed f0e f0d eec 71 0
eee f0f f0e eed 72 0
eef f10 f0f eee 73 0
ef0 f11 f10 eef 74 0
ef1 f12 f11 ef0 75 0
ef2 f13 f12 ef1 76 0
ef3 f14 f13 ef2 77 0
ef4 f15 f14 ef3 78 0
ef5 f16 f15 ef4 79 0
ef6 f17 f16 ef5 7a 0
ef7 f18 f17 ef6 7b 0
ef8 f19 f18 ef7 7c 0
ef9 f1a f19 ef8 7d 0
efa f1b f1a ef9 7e 0
efb f1c f1b efa 7f 0
efc f1d f1c efb 80 0
efe f1f f1e efd 81 0
eff f20 f1f efe 82 0
f00 f21 f20 eff 83 0
f01 f22 f21 f00 84 0
f02 f23 f22 f01 85 0
f03 f24 f23 f02 86 0
f04 f25 f24 f03 87 0
f05 f26 f25 f04 88 0
f06 f27 f26 f05 89 0
f07 f28 f27 f06 8a 0
f08 f29 f28 f07 8b 0
f09 f2a f29 f08 8c 0
f0a f2b f2a f09 8d 0
f0b f2c f2b f0a 8e 0
f0c f2d f2c f0b 8f 0
f0d f2e f2d f0c 90 0
f0e f2f f2e f0d 91 0
f0f f30 f2f f0e 92 0
f10 f31 f30 f0f 93 0
f11 f32 f31 f10 94 0
f12 f33 f32 f11 95 0
f13 f34 f33 f12 96 0
f14 f35 f34 f13 97 0
f15 f36 f35 f14 98 0
f16 f37 f36 f15 99 0
f17 f38 f37 f16 9a 0
f18 f39 f38 f17 9b 0
f19 f3a f39 f18 9c 0
f1a f3b f3a f19 9d 0
f1b f3c f3b f1a 9e 0
f1c f3d f3c f1b 9f 0
f1d f3e f3d f1c a0 0
f1f f40 f3f f1e a1 0
f20 f41 f40 f1f a2 0
f21 f42 f41 f20 a3 0
f22 f43 f42 f21 a4 0
f23 f44 f43 f22 a5 0
f24 f45 f44 f23 a6 0
f25 f46 f45 f24 a7 0
f26 f47 f46 f25 a8 0
f27 f48 f47 f26 a9 0
f28 f49 f48 f27 aa 0
f29 f4a f49 f28 ab 0
f2a f4b f4a f29 ac 0
f2b f4c f4b f2a ad 0
f2c f4d f4c f2b ae 0
f2d f4e f4d f2c af 0
f2e f4f f4e f2d b0 0
f2f f50 f4f f2e b1 0
f30 f51 f50 f2f b2 0
f31 f52 f51 f30 b3 0
f32 f53 f52 f31 b4 0
f33 f54 f53 f32 b5 0
f34 f55 f54 f33 b6 0
f35 f56 f55 f34 b7 0
f36 f57 f56 f35 b8 0
f37 f58 f57 f36 b9 0
f38 f59 f58 f37 ba 0
f39 f5a f59 f38 bb 0
f3a f5b f5a f39 bc 0
f3b f5c f5b f3a bd 0
f3c f5d f5c f3b be 0
f3d f5e f5d f3c bf 0
f3e f5f f5e f3d c0 0
f40 f61 f60 f3f c1 0
f41 f62 f61 f40 c2 0
f42 f63 f62 f41 c3 0
f43 f64 f63 f42 c4 0
f44 f65 f64 f43 c5 0
f45 f66 f65 f44 c6 0
f46 f67 f66 f45 c7 0
f47 f68 f67 f46 c8 0
f48 f69 f68 f47 c9 0
f49 f6a f69 f48 ca 0
f4a f6b f6a f49 cb 0
f4b f6c f6b f4a cc 0
f4c f6d f6c f4b cd 0
f4d f6e f6d f4c ce 0
f4e f6f f6e f4d cf 0
f4f f70 f6f f4e d0 0
f50 f71 f70 f4f d1 0
f51 f72 f71 f50 d2 0
f52 f73 f72 f51 d3 0
f53 f74 f73 f52 d4 0
f54 f75 f74 f53 d5 0
f55 f76 f75 f54 d6 0
f56 f77 f76 f55 d7 0
f57 f78 f77 f56 d8 0
f58 f79 f78 f57 d9 0
f59 f7a f79 f58 da 0
f5a f7b f7a f59 db 0
f5b f7c f7b f5a dc 0
f5c f7d f7c f5b dd 0
f5d f7e f7d f5c de 0
f5e f7f f7e f5d df 0
f5f f80 f7f f5e e0 0
f61 f82 f81 f60 e1 0
f62 f83 f82 f61 e2 0
f63 f84 f83 f62 e3 0
f64 f85 f84 f63 e4 0
f65 f86 f85 f64 e5 0
f66 f87 f86 f65 e6 0
f67 f88 f87 f66 e7 0
f68 f89 f88 f67 e8 0
f69 f8a f89 f68 e9 0
f6a f8b f8a f69 ea 0
f6b f8c f8b f6a eb 0
f6c f8d f8c f6b ec 0
f6d f8e f8d f6c ed 0
f6e f8f f8e f6d ee 0
f6f f90 f8f f6e ef 0
f70 f91 f90 f6f f0 0
f71 f92 f91 f70 f1 0
f72 f93 f92 f71 f2 0
f73 f94 f93 f72 f3 0
f74 f95 f94 f73 f4 0
f75 f96 f95 f74 f5 0
f76 f97 f96 f75 f6 0
f77 f98 f97 f76 f7 0
f78 f99 f98 f77 f8 0
f79 f9a f99 f78 f9 0
f7a f9b f9a f79 fa 0
f7b f9c f9b f7a fb 0
f7c f9d f9c f7b fc 0
f7d f9e f9d f7c fd 0
f7e f9f f9e f7d fe 0
f7f fa0 f9f f7e ff 0
f80 fa1 fa0 f7f 100 0
f82 fa3 fa2 f81 101 0
f83 fa4 fa3 f82 102 0
f84 fa5 fa4 f83 103 0
f85 fa6 fa5 f84 104 0
f86 fa7 fa6 f85 105 0
f87 fa8 fa7 f86 106 0
f88 fa9 fa8 f87 107 0
f89 faa fa9 f88 108 0
f8a fab faa f89 109 0
f8b fac fab f8a 10a 0
f8c fad fac f8b 10b 0
f8d fae fad f8c 10c 0
f8e faf fae f8d 10d 0
f8f fb0 faf f8e 10e 0
f90 fb1 fb0 f8f 10f 0
f91 fb2 fb1 f90 110 0
f92 fb3 fb2 f91 111 0
f93 fb4 fb3 f92 112 0
f94 fb5 fb4 f93 113 0
f95 fb6 fb5 f94 114 0
f96 fb7 fb6 f95 115 0
f97 fb8 fb7 f96 116 0
f98 fb9 fb8 f97 117 0
f99 fba fb9 f98 118 0
f9a fbb fba f99 119 0
f9b fbc fbb f9a 11a 0
f9c fbd fbc f9b 11b 0
f9d fbe fbd f9c 11c 0
f9e fbf fbe f9d 11d 0
f9f fc0 fbf f9e 11e 0
fa0 fc1 fc0 f9f 11f 0
fa1 fc2 fc1 fa0 120 0
fa3 fc4 fc3 fa2 121 0
fa4 fc5 fc4 fa3 122 0
fa5 fc6 fc5 fa4 123 0
fa6 fc7 fc6 fa5 124 0
fa7 fc8 fc7 fa6 125 0
fa8 fc9 fc8 fa7 126 0
fa9 fca fc9 fa8 127 0
faa fcb fca fa9 128 0
fab fcc fcb faa 129 0
fac fcd fcc fab 12a 0
fad fce fcd fac 12b 0
fae fcf fce fad 12c 0
faf fd0 fcf fae 12d 0
fb0 fd1 fd0 faf 12e 0
fb1 fd2 fd1 fb0 12f 0
fb2 fd3 fd2 fb1 130 0
fb3 fd4 fd3 fb2 131 0
fb4 fd5 fd4 fb3 132 0
fb5 fd6 fd5 fb4 133 0
fb6 fd7 fd6 fb5 134 0
fb7 fd8 fd7 fb6 135 0
fb8 fd9 fd8 fb7 136 0
fb9 fda fd9 fb8 137 0
fba fdb fda fb9 138 0
fbb fdc fdb fba 139 0
fbc fdd fdc fbb 13a 0
fbd fde fdd fbc 13b 0
fbe fdf fde fbd 13c 0
fbf fe0 fdf fbe 13d 0
fc0 fe1 fe0 fbf 13e 0
fc1 fe2 fe1 fc0 13f 0
fc2 fe3 fe2 fc1 140 0
fc4 fe5 fe4 fc3 141 0
fc5 fe6 fe5 fc4 142 0
fc6 fe7 fe6 fc5 143 0
fc7 fe8 fe7 fc6 144 0
fc8 fe9 fe8 fc7 145 0
fc9 fea fe9 fc8 146 0
fca feb fea fc9 147 0
fcb fec feb fca 148 0
fcc fed fec fcb 149 0
fcd fee fed fcc 14a 0
fce fef fee fcd 14b 0
fcf ff0 fef fce 14c 0
fd0 ff1 ff0 fcf 14d 0
fd1 ff2 ff1 fd0 14e 0
fd2 ff3 ff2 fd1 14f 0
fd3 ff4 ff3 fd2 150 0
fd4 ff5 ff4 fd3 151 0
fd5 ff6 ff5 fd4 152 0
fd6 ff7 ff6 fd5 153 0
fd7 ff8 ff7 fd6 154 0
fd8 ff9 ff8 fd7 155 0
fd9 ffa ff9 fd8 156 0
fda ffb ffa fd9 157 0
fdb ffc ffb fda 158 0
fdc ffd ffc fdb 159 0
fdd ffe ffd fdc 15a 0
fde fff ffe fdd 15b 0
fdf 1000 fff fde 15c 0
fe0 1001 1000 fdf 15d 0
fe1 1002 1001 fe0 15e 0
fe2 1003 1002 fe1 15f 0
fe3 1004 1003 fe2 160 0
fe5 1006 1005 fe4 161 0
fe6 1007 1006 fe5 162 0
fe7 1008 1007 fe6 163 0
fe8 1009 1008 fe7 164 0
fe9 100a 1009 fe8 165 0
fea 100b 100a fe9 166 0
feb 100c 100b fea 167 0
fec 100d 100c feb 168 0
fed 100e 100d fec 169 0
fee 100f 100e fed 16a 0
fef 1010 100f fee 16b 0
ff0 1011 1010 fef 16c 0
ff1 1012 1011 ff0 16d 0
ff2 1013 1012 ff1 16e 0
ff3 1014 1013 ff2 16f 0
ff4 1015 1014 ff3 170 0
ff5 1016 1015 ff4 171 0
ff6 1017 1016 ff5 172 0
ff7 1018 1017 ff6 173 0
ff8 1019 1018 ff7 174 0
ff9 101a 1019 ff8 175 0
ffa 101b 101a ff9 176 0
ffb 101c 101b ffa 177 0
ffc 101d 101c ffb 178 0
ffd 101e 101d ffc 179 0
ffe 101f 101e ffd 17a 0
fff 1020 101f ffe 17b 0
1000 1021 1020 fff 17c 0
1001 1022 1021 1000 17d 0
1002 1023 1022 1001 17e 0
1003 1024 1023 1002 17f 0
1004 1025 1024 1003 180 0
1006 1027 1026 1005 181 0
1007 1028 1027 1006 182 0
1008 1029 1028 1007 183 0
1009 102a 1029 1008 184 0
100a 102b 102a 1009 185 0
100b 102c 102b 100a 186 0
100c 102d 102c 100b 187 0
100d 102e 102d 100c 188 0
100e 102f 102e 100d 189 0
100f 1030 102f 100e 18a 0
1010 1031 1030 100f 18b 0
1011 1032 1031 1010 18c 0
1012 1033 1032 1011 18d 0
1013 1034 1033 1012 18e 0
1014 1035 1034 1013 18f 0
1015 1036 1035 1014 190 0
1016 1037 1036 1015 191 0
1017 1038 1037 1016 192 0
1018 1039 1038 1017 193 0
1019 103a 1039 1018 194 0
101a 103b 103a 1019 195 0
101b 103c 103b 101a 196 0
101c 103d 103c 101b 197 0
101d 103e 103d 101c 198 0
101e 103f 103e 101d 199 0
101f 1040 103f 101e 19a 0
1020 1041 1040 101f 19b 0
1021 1042 1041 1020 19c 0
1022 1043 1042 1021 19d 0
1023 1044 1043 1022 19e 0
1024 1045 1044 1023 19f 0
1025 1046 1045 1024 1a0 0
1027 1048 1047 1026 1a1 0
1028 1049 1048 1027 1a2 0
1029 104a 1049 1028 1a3 0
102a 104b 104a 1029 1a4 0
102b 104c 104b 102a 1a5 0
102c 104d 104c 102b 1a6 0
102d 104e 104d 102c 1a7 0
102e 104f 104e 102d 1a8 0
102f 1050 104f 102e 1a9 0
1030 1051 1050 102f 1aa 0
1031 1052 1051 1030 1ab 0
1032 1053 1052 1031 1ac 0
1033 1054 1053 1032 1ad 0
1034 1055 1054 1033 1ae 0
1035 1056 1055 1034 1af 0
1036 1057 1056 1035 1b0 0
1037 1058 1057 1036 1b1 0
1038 1059 1058 1037 1b2 0
1039 105a 1059 1038 1b3 0
103a 105b 105a 1039 1b4 0
103b 105c 105b 103a 1b5 0
103c 105d 105c 103b 1b6 0
103d 105e 105d 103c 1b7 0
103e 105f 105e 103d 1b8 0
103f 1060 105f 103e 1b9 0
1040 1061 1060 103f 1ba 0
1041 1062 1061 1040 1bb 0
1042 1063 1062 1041 1bc 0
1043 1064 1063 1042 1bd 0
1044 1065 1064 1043 1be 0
1045 1066 1065 1044 1bf 0
1046 1067 1066 1045 1c0 0
1048 1069 1068 1047 1c1 0
1049 106a 1069 1048 1c2 0
104a 106b 106a 1049 1c3 0
104b 106c 106b 104a 1c4 0
104c 106d 106c 104b 1c5 0
104d 106e 106d 104c 1c6 0
104e 106f 106e 104d 1c7 0
104f 1070 106f 104e 1c8 0
1050 1071 1070 104f 1c9 0
1051 1072 1071 1050 1ca 0
1052 1073 1072 1051 1cb 0
1053 1074 1073 1052 1cc 0
1054 1075 1074 1053 1cd 0
1055 1076 1075 1054 1ce 0
1056 1077 1076 1055 1cf 0
1057 1078 1077 1056 1d0 0
1058 1079 1078 1057 1d1 0
1059 107a 1079 1058 1d2 0
105a 107b 107a 1059 1d3 0
105b 107c 107b 105a 1d4 0
105c 107d 107c 105b 1d5 0
105d 107e 107d 105c 1d6 0
105e 107f 107e 105d 1d7 0
105f 1080 107f 105e 1d8 0
1060 1081 1080 105f 1d9 0
1061 1082 1081 1060 1da 0
1062 1083 1082 1061 1db 0
1063 1084 1083 1062 1dc 0
1064 1085 1084 1063 1dd 0
1065 1086 1085 1064 1de 0
1066 1087 1086 1065 1df 0
1067 1088 1087 1066 1e0 0
1069 108a 1089 1068 1e1 0
106a 108b 108a 1069 1e2 0
106b 108c 108b 106a 1e3 0
106c 108d 108c 106b 1e4 0
106d 108e 108d 106c 1e5 0
106e 108f 108e 106d 1e6 0
106f 1090 108f 106e 1e7 0
1070 1091 1090 106f 1e8 0
1071 1092 1091 1070 1e9 0
1072 1093 1092 1071 1ea 0
1073 1094 1093 1072 1eb 0
1074 1095 1094 1073 1ec 0
1075 1096 1095 1074 1ed 0
1076 1097 1096 1075 1ee 0
1077 1098 1097 1076 1ef 0
1078 1099 1098 1077 1f0 0
1079 109a 1099 1078 1f1 0
107a 109b 109a 1079 1f2 0
107b 109c 109b 107a 1f3 0
107c 109d 109c 107b 1f4 0
107d 109e 109d 107c 1f5 0
107e 109f 109e 107d 1f6 0
107f 10a0 109f 107e 1f7 0
1080 10a1 10a0 107f 1f8 0
1081 10a2 10a1 1080 1f9 0
1082 10a3 10a2 1081 1fa 0
1083 10a4 10a3 1082 1fb 0
1084 10a5 10a4 1083 1fc 0
1085 10a6 10a5 1084 1fd 0
1086 10a7 10a6 1085 1fe 0
1087 10a8 10a7 1086 1ff 0
1088 10a9 10a8 1087 200 0
108a 10ab 10aa 1089 201 0
108b 10ac 10ab 108a 202 0
108c 10ad 10ac 108b 203 0
108d 10ae 10ad 108c 204 0
108e 10af 10ae 108d 205 0
108f 10b0 10af 108e 206 0
1090 10b1 10b0 108f 207 0
1091 10b2 10b1 1090 208 0
1092 10b3 10b2 1091 209 0
1093 10b4 10b3 1092 20a 0
1094 10b5 10b4 1093 20b 0
1095 10b6 10b5 1094 20c 0
1096 10b7 10b6 1095 20d 0
1097 10b8 10b7 1096 20e 0
1098 10b9 10b8 1097 20f 0
1099 10ba 10b9 1098 210 0
109a 10bb 10ba 1099 211 0
109b 10bc 10bb 109a 212 0
109c 10bd 10bc 109b 213 0
109d 10be 10bd 109c 214 0
109e 10bf 10be 109d 215 0
109f 10c0 10bf 109e 216 0
10a0 10c1 10c0 109f 217 0
10a1 10c2 10c1 10a0 218 0
10a2 10c3 10c2 10a1 219 0
10a3 10c4 10c3 10a2 21a 0
10a4 10c5 10c4 10a3 21b 0
10a5 10c6 10c5 10a4 21c 0
10a6 10c7 10c6 10a5 21d 0
10a7 10c8 10c7 10a6 21e 0
10a8 10c9 10c8 10a7 21f 0
10a9 10ca 10c9 10a8 220 0
10ab 10cc 10cb 10aa 221 0
10ac 10cd 10cc 10ab 222 0
10ad 10ce 10cd 10ac 223 0
10ae 10cf 10ce 10ad 224 0
10af 10d0 10cf 10ae 225 0
10b0 10d1 10d0 10af 226 0
10b1 10d2 10d1 10b0 227 0
10b2 10d3 10d2 10b1 228 0
10b3 10d4 10d3 10b2 229 0
10b4 10d5 10d4 10b3 22a 0
10b5 10d6 10d5 10b4 22b 0
10b6 10d7 10d6 10b5 22c 0
10b7 10d8 10d7 10b6 22d 0
10b8 10d9 10d8 10b7 22e 0
10b9 10da 10d9 10b8 22f 0
10ba 10db 10da 10b9 230 0
10bb 10dc 10db 10ba 231 0
10bc 10dd 10dc 10bb 232 0
10bd 10de 10dd 10bc 233 0
10be 10df 10de 10bd 234 0
10bf 10e0 10df 10be 235 0
10c0 10e1 10e0 10bf 236 0
10c1 10e2 10e1 10c0 237 0
10c2 10e3 10e2 10c1 238 0
10c3 10e4 10e3 10c2 239 0
10c4 10e5 10e4 10c3 23a 0
10c5 10e6 10e5 10c4 23b 0
10c6 10e7 10e6 10c5 23c 0
10c7 10e8 10e7 10c6 23d 0
10c8 10e9 10e8 10c7 23e 0
10c9 10ea 10e9 10c8 23f 0
10ca 10eb 10ea 10c9 240 0
10cc 10ed 10ec 10cb 241 0
10cd 10ee 10ed 10cc 242 0
10ce 10ef 10ee 10cd 243 0
10cf 10f0 10ef 10ce 244 0
10d0 10f1 10f0 10cf 245 0
10d1 10f2 10f1 10d0 246 0
10d2 10f3 10f2 10d1 247 0
10d3 10f4 10f3 10d2 248 0
10d4 10f5 10f4 10d3 249 0
10d5 10f6 10f5 10d4 24a 0
10d6 10f7 10f6 10d5 24b 0
10d7 10f8 10f7 10d6 24c 0
10d8 10f9 10f8 10d7 24d 0
10d9 10fa 10f9 10d8 24e 0
10da 10fb 10fa 10d9 24f 0
10db 10fc 10fb 10da 250 0
10dc 10fd 10fc 10db 251 0
10dd 10fe 10fd 10dc 252 0
10de 10ff 10fe 10dd 253 0
10df 1100 10ff 10de 254 0
10e0 1101 1100 10df 255 0
10e1 1102 1101 10e0 256 0
10e2 1103 1102 10e1 257 0
10e3 1104 1103 10e2 258 0
10e4 1105 1104 10e3 259 0
10e5 1106 1105 10e4 25a 0
10e6 1107 1106 10e5 25b 0
10e7 1108 1107 10e6 25c 0
10e8 1109 1108 10e7 25d 0
10e9 110a 1109 10e8 25e 0
10ea 110b 110a 10e9 25f 0
10eb 110c 110b 10ea 260 0
10ed 110e 110d 10ec 261 0
10ee 110f 110e 10ed 262 0
10ef 1110 110f 10ee 263 0
10f0 1111 1110 10ef 264 0
10f1 1112 1111 10f0 265 0
10f2 1113 1112 10f1 266 0
10f3 1114 1113 10f2 267 0
10f4 1115 1114 10f3 268 0
10f5 1116 1115 10f4 269 0
10f6 1117 1116 10f5 26a 0
10f7 1118 1117 10f6 26b 0
10f8 1119 1118 10f7 26c 0
10f9 111a 1119 10f8 26d 0
10fa 111b 111a 10f9 26e 0
10fb 111c 111b 10fa 26f 0
10fc 111d 111c 10fb 270 0
10fd 111e 111d 10fc 271 0
10fe 111f 111e 10fd 272 0
10ff 1120 111f 10fe 273 0
1100 1121 1120 10ff 274 0
1101 1122 1121 1100 275 0
1102 1123 1122 1101 276 0
1103 1124 1123 1102 277 0
1104 1125 1124 1103 278 0
1105 1126 1125 1104 279 0
1106 1127 1126 1105 27a 0
1107 1128 1127 1106 27b 0
1108 1129 1128 1107 27c 0
1109 112a 1129 1108 27d 0
110a 112b 112a 1109 27e 0
110b 112c 112b 110a 27f 0
110c 112d 112c 110b 280 0
110e 112f 112e 110d 281 0
110f 1130 112f 110e 282 0
1110 1131 1130 110f 283 0
1111 1132 1131 1110 284 0
1112 1133 1132 1111 285 0
1113 1134 1133 1112 286 0
1114 1135 1134 1113 287 0
1115 1136 1135 1114 288 0
1116 1137 1136 1115 289 0
1117 1138 1137 1116 28a 0
1118 1139 1138 1117 28b 0
1119 113a 1139 1118 28c 0
111a 113b 113a 1119 28d 0
111b 113c 113b 111a 28e 0
111c 113d 113c 111b 28f 0
111d 113e 113d 111c 290 0
111e 113f 113e 111d 291 0
111f 1140 113f 111e 292 0
1120 1141 1140 111f 293 0
1121 1142 1141 1120 294 0
1122 1143 1142 1121 295 0
1123 1144 1143 1122 296 0
1124 1145 1144 1123 297 0
1125 1146 1145 1124 298 0
1126 1147 1146 1125 299 0
1127 1148 1147 1126 29a 0
1128 1149 1148 1127 29b 0
1129 114a 1149 1128 29c 0
112a 114b 114a 1129 29d 0
112b 114c 114b 112a 29e 0
112c 114d 114c 112b 29f 0
112d 114e 114d 112c 2a0 0
112f 1150 114f 112e 2a1 0
1130 1151 1150 112f 2a2 0
1131 1152 1151 1130 2a3 0
1132 1153 1152 1131 2a4 0
1133 1154 1153 1132 2a5 0
1134 1155 1154 1133 2a6 0
1135 1156 1155 1134 2a7 0
1136 1157 1156 1135 2a8 0
1137 1158 1157 1136 2a9 0
1138 1159 1158 1137 2aa 0
1139 115a 1159 1138 2ab 0
113a 115b 115a 1139 2ac 0
113b 115c 115b 113a 2ad 0
113c 115d 115c 113b 2ae 0
113d 115e 115d 113c 2af 0
113e 115f 115e 113d 2b0 0
113f 1160 115f 113e 2b1 0
1140 1161 1160 113f 2b2 0
1141 1162 1161 1140 2b3 0
1142 1163 1162 1141 2b4 0
1143 1164 1163 1142 2b5 0
1144 1165 1164 1143 2b6 0
1145 1166 1165 1144 2b7 0
1146 1167 1166 1145 2b8 0
1147 1168 1167 1146 2b9 0
1148 1169 1168 1147 2ba 0
1149 116a 1169 1148 2bb 0
114a 116b 116a 1149 2bc 0
114b 116c 116b 114a 2bd 0
114c 116d 116c 114b 2be 0
114d 116e 116d 114c 2bf 0
114e 116f 116e 114d 2c0 0
1150 1171 1170 114f 2c1 0
1151 1172 1171 1150 2c2 0
1152 1173 1172 1151 2c3 0
1153 1174 1173 1152 2c4 0
1154 1175 1174 1153 2c5 0
1155 1176 1175 1154 2c6 0
1156 1177 1176 1155 2c7 0
1157 1178 1177 1156 2c8 0
1158 1179 1178 1157 2c9 0
1159 117a 1179 1158 2ca 0
115a 117b 117a 1159 2cb 0
115b 117c 117b 115a 2cc 0
115c 117d 117c 115b 2cd 0
115d 117e 117d 115c 2ce 0
115e 117f 117e 115d 2cf 0
115f 1180 117f 115e 2d0 0
1160 1181 1180 115f 2d1 0
1161 1182 1181 1160 2d2 0
1162 1183 1182 1161 2d3 0
1163 1184 1183 1162 2d4 0
1164 1185 1184 1163 2d5 0
1165 1186 1185 1164 2d6 0
1166 1187 1186 1165 2d7 0
1167 1188 1187 1166 2d8 0
1168 1189 1188 1167 2d9 0
1169 118a 1189 1168 2da 0
116a 118b 118a 1169 2db 0
116b 118c 118b 116a 2dc 0
116c 118d 118c 116b 2dd 0
116d 118e 118d 116c 2de 0
116e 118f 118e 116d 2df 0
116f 1190 118f 116e 2e0 0
1171 1192 1191 1170 2e1 0
1172 1193 1192 1171 2e2 0
1173 1194 1193 1172 2e3 0
1174 1195 1194 1173 2e4 0
1175 1196 1195 1174 2e5 0
1176 1197 1196 1175 2e6 0
1177 1198 1197 1176 2e7 0
1178 1199 1198 1177 2e8 0
1179 119a 1199 1178 2e9 0
117a 119b 119a 1179 2ea 0
117b 119c 119b 117a 2eb 0
117c 119d 119c 117b 2ec 0
117d 119e 119d 117c 2ed 0
117e 119f 119e 117d 2ee 0
117f 11a0 119f 117e 2ef 0
1180 11a1 11a0 117f 2f0 0
1181 11a2 11a1 1180 2f1 0
1182 11a3 11a2 1181 2f2 0
1183 11a4 11a3 1182 2f3 0
1184 11a5 11a4 1183 2f4 0
1185 11a6 11a5 1184 2f5 0
1186 11a7 11a6 1185 2f6 0
1187 11a8 11a7 1186 2f7 0
1188 11a9 11a8 1187 2f8 0
1189 11aa 11a9 1188 2f9 0
118a 11ab 11aa 1189 2fa 0
118b 11ac 11ab 118a 2fb 0
118c 11ad 11ac 118b 2fc 0
118d 11ae 11ad 118c 2fd 0
118e 11af 11ae 118d 2fe 0
118f 11b0 11af 118e 2ff 0
1190 11b1 11b0 118f 300 0
1192 11b3 11b2 1191 301 0
1193 11b4 11b3 1192 302 0
1194 11b5 11b4 1193 303 0
1195 11b6 11b5 1194 304 0
1196 11b7 11b6 1195 305 0
1197 11b8 11b7 1196 306 0
1198 11b9 11b8 1197 307 0
1199 11ba 11b9 1198 308 0
119a 11bb 11ba 1199 309 0
119b 11bc 11bb 119a 30a 0
119c 11bd 11bc 119b 30b 0
119d 11be 11bd 119c 30c 0
119e 11bf 11be 119d 30d 0
119f 11c0 11bf 119e 30e 0
11a0 11c1 11c0 119f 30f 0
11a1 11c2 11c1 11a0 310 0
11a2 11c3 11c2 11a1 311 0
11a3 11c4 11c3 11a2 312 0
11a4 11c5 11c4 11a3 313 0
11a5 11c6 11c5 11a4 314 0
11a6 11c7 11c6 11a5 315 0
11a7 11c8 11c7 11a6 316 0
11a8 11c9 11c8 11a7 317 0
11a9 11ca 11c9 11a8 318 0
11aa 11cb 11ca 11a9 319 0
11ab 11cc 11cb 11aa 31a 0
11ac 11cd 11cc 11ab 31b 0
11ad 11ce 11cd 11ac 31c 0
11ae 11cf 11ce 11ad 31d 0
11af 11d0 11cf 11ae 31e 0
11b0 11d1 11d0 11af 31f 0
11b1 11d2 11d1 11b0 320 0
11b3 11d4 11d3 11b2 321 0
11b4 11d5 11d4 11b3 322 0
11b5 11d6 11d5 11b4 323 0
11b6 11d7 11d6 11b5 324 0
11b7 11d8 11d7 11b6 325 0
11b8 11d9 11d8 11b7 326 0
11b9 11da 11d9 11b8 327 0
11ba 11db 11da 11b9 328 0
11bb 11dc 11db 11ba 329 0
11bc 11dd 11dc 11bb 32a 0
11bd 11de 11dd 11bc 32b 0
11be 11df 11de 11bd 32c 0
11bf 11e0 11df 11be 32d 0
11c0 11e1 11e0 11bf 32e 0
11c1 11e2 11e1 11c0 32f 0
11c2 11e3 11e2 11c1 330 0
11c3 11e4 11e3 11c2 331 0
11c4 11e5 11e4 11c3 332 0
11c5 11e6 11e5 11c4 333 0
11c6 11e7 11e6 11c5 334 0
11c7 11e8 11e7 11c6 335 0
11c8 11e9 11e8 11c7 336 0
11c9 11ea 11e9 11c8 337 0
11ca 11eb 11ea 11c9 338 0
11cb 11ec 11eb 11ca 339 0
11cc 11ed 11ec 11cb 33a 0
11cd 11ee 11ed 11cc 33b 0
11ce 11ef 11ee 11cd 33c 0
11cf 11f0 11ef 11ce 33d 0
11d0 11f1 11f0 11cf 33e 0
11d1 11f2 11f1 11d0 33f 0
11d2 11f3 11f2 11d1 340 0
11d4 11f5 11f4 11d3 341 0
11d5 11f6 11f5 11d4 342 0
11d6 11f7 11f6 11d5 343 0
11d7 11f8 11f7 11d6 344 0
11d8 11f9 11f8 11d7 345 0
11d9 11fa 11f9 11d8 346 0
11da 11fb 11fa 11d9 347 0
11db 11fc 11fb 11da 348 0
11dc 11fd 11fc 11db 349 0
11dd 11fe 11fd 11dc 34a 0
11de 11ff 11fe 11dd 34b 0
11df 1200 11ff 11de 34c 0
11e0 1201 1200 11df 34d 0
11e1 1202 1201 11e0 34e 0
11e2 1203 1202 11e1 34f 0
11e3 1204 1203 11e2 350 0
11e4 1205 1204 11e3 351 0
11e5 1206 1205 11e4 352 0
11e6 1207 1206 11e5 353 0
11e7 1208 1207 11e6 354 0
11e8 1209 1208 11e7 355 0
11e9 120a 1209 11e8 356 0
11ea 120b 120a 11e9 357 0
11eb 120c 120b 11ea 358 0
11ec 120d 120c 11eb 359 0
11ed 120e 120d 11ec 35a 0
11ee 120f 120e 11ed 35b 0
11ef 1210 120f 11ee 35c 0
11f0 1211 1210 11ef 35d 0
11f1 1212 1211 11f0 35e 0
11f2 1213 1212 11f1 35f 0
11f3 1214 1213 11f2 360 0
11f5 1216 1215 11f4 361 0
11f6 1217 1216 11f5 362 0
11f7 1218 1217 11f6 363 0
11f8 1219 1218 11f7 364 0
11f9 121a 1219 11f8 365 0
11fa 121b 121a 11f9 366 0
11fb 121c 121b 11fa 367 0
11fc 121d 121c 11fb 368 0
11fd 121e 121d 11fc 369 0
11fe 121f 121e 11fd 36a 0
11ff 1220 121f 11fe 36b 0
1200 1221 1220 11ff 36c 0
1201 1222 1221 1200 36d 0
1202 1223 1222 1201 36e 0
1203 1224 1223 1202 36f 0
1204 1225 1224 1203 370 0
1205 1226 1225 1204 371 0
1206 1227 1226 1205 372 0
1207 1228 1227 1206 373 0
1208 1229 1228 1207 374 0
1209 122a 1229 1208 375 0
120a 122b 122a 1209 376 0
120b 122c 122b 120a 377 0
120c 122d 122c 120b 378 0
120d 122e 122d 120c 379 0
120e 122f 122e 120d 37a 0
120f 1230 122f 120e 37b 0
1210 1231 1230 120f 37c 0
1211 1232 1231 1210 37d 0
1212 1233 1232 1211 37e 0
1213 1234 1233 1212 37f 0
1214 1235 1234 1213 380 0
1216 1237 1236 1215 381 0
1217 1238 1237 1216 382 0
1218 1239 1238 1217 383 0
1219 123a 1239 1218 384 0
121a 123b 123a 1219 385 0
121b 123c 123b 121a 386 0
121c 123d 123c 121b 387 0
121d 123e 123d 121c 388 0
121e 123f 123e 121d 389 0
121f 1240 123f 121e 38a 0
1220 1241 1240 121f 38b 0
1221 1242 1241 1220 38c 0
1222 1243 1242 1221 38d 0
1223 1244 1243 1222 38e 0
1224 1245 1244 1223 38f 0
1225 1246 1245 1224 390 0
1226 1247 1246 1225 391 0
1227 1248 1247 1226 392 0
1228 1249 1248 1227 393 0
1229 124a 1249 1228 394 0
122a 124b 124a 1229 395 0
122b 124c 124b 122a 396 0
122c 124d 124c 122b 397 0
122d 124e 124d 122c 398 0
122e 124f 124e 122d 399 0
122f 1250 124f 122e 39a 0
1230 1251 1250 122f 39b 0
1231 1252 1251 1230 39c 0
1232 1253 1252 1231 39d 0
1233 1254 1253 1232 39e 0
1234 1255 1254 1233 39f 0
1235 1256 1255 1234 3a0 0
1237 1258 1257 1236 3a1 0
1238 1259 1258 1237 3a2 0
1239 125a 1259 1238 3a3 0
123a 125b 125a 1239 3a4 0
123b 125c 125b 123a 3a5 0
123c 125d 125c 123b 3a6 0
123d 125e 125d 123c 3a7 0
123e 125f 125e 123d 3a8 0
123f 1260 125f 123e 3a9 0
1240 1261 1260 123f 3aa 0
1241 1262 1261 1240 3ab 0
1242 1263 1262 1241 3ac 0
1243 1264 1263 1242 3ad 0
1244 1265 1264 1243 3ae 0
1245 1266 1265 1244 3af 0
1246 1267 1266 1245 3b0 0
1247 1268 1267 1246 3b1 0
1248 1269 1268 1247 3b2 0
1249 126a 1269 1248 3b3 0
124a 126b 126a 1249 3b4 0
124b 126c 126b 124a 3b5 0
124c 126d 126c 124b 3b6 0
124d 126e 126d 124c 3b7 0
124e 126f 126e 124d 3b8 0
124f 1270 126f 124e 3b9 0
1250 1271 1270 124f 3ba 0
1251 1272 1271 1250 3bb 0
1252 1273 1272 1251 3bc 0
1253 1274 1273 1252 3bd 0
1254 1275 1274 1253 3be 0
1255 1276 1275 1254 3bf 0
1256 1277 1276 1255 3c0 0
1258 1279 1278 1257 3c1 0
1259 127a 1279 1258 3c2 0
125a 127b 127a 1259 3c3 0
125b 127c 127b 125a 3c4 0
125c 127d 127c 125b 3c5 0
125d 127e 127d 125c 3c6 0
125e 127f 127e 125d 3c7 0
125f 1280 127f 125e 3c8 0
1260 1281 1280 125f 3c9 0
1261 1282 1281 1260 3ca 0
1262 1283 1282 1261 3cb 0
1263 1284 1283 1262 3cc 0
1264 1285 1284 1263 3cd 0
1265 1286 1285 1264 3ce 0
1266 1287 1286 1265 3cf 0
1267 1288 1287 1266 3d0 0
1268 1289 1288 1267 3d1 0
1269 128a 1289 1268 3d2 0
126a 128b 128a 1269 3d3 0
126b 128c 128b 126a 3d4 0
126c 128d 128c 126b 3d5 0
126d 128e 128d 126c 3d6 0
126e 128f 128e 126d 3d7 0
126f 1290 128f 126e 3d8 0
1270 1291 1290 126f 3d9 0
1271 1292 1291 1270 3da 0
1272 1293 1292 1271 3db 0
1273 1294 1293 1272 3dc 0
1274 1295 1294 1273 3dd 0
1275 1296 1295 1274 3de 0
1276 1297 1296 1275 3df 0
1277 1298 1297 1276 3e0 0
1279 129a 1299 1278 3e1 0
127a 129b 129a 1279 3e2 0
127b 129c 129b 127a 3e3 0
127c 129d 129c 127b 3e4 0
127d 129e 129d 127c 3e5 0
127e 129f 129e 127d 3e6 0
127f 12a0 129f 127e 3e7 0
1280 12a1 12a0 127f 3e8 0
1281 12a2 12a1 1280 3e9 0
1282 12a3 12a2 1281 3ea 0
1283 12a4 12a3 1282 3eb 0
1284 12a5 12a4 1283 3ec 0
1285 12a6 12a5 1284 3ed 0
1286 12a7 12a6 1285 3ee 0
1287 12a8 12a7 1286 3ef 0
1288 12a9 12a8 1287 3f0 0
1289 12aa 12a9 1288 3f1 0
128a 12ab 12aa 1289 3f2 0
128b 12ac 12ab 128a 3f3 0
128c 12ad 12ac 128b 3f4 0
128d 12ae 12ad 128c 3f5 0
128e 12af 12ae 128d 3f6 0
128f 12b0 12af 128e 3f7 0
1290 12b1 12b0 128f 3f8 0
1291 12b2 12b1 1290 3f9 0
1292 12b3 12b2 1291 3fa 0
1293 12b4 12b3 1292 3fb 0
1294 12b5 12b4 1293 3fc 0
1295 12b6 12b5 1294 3fd 0
1296 12b7 12b6 1295 3fe 0
1297 12b8 12b7 1296 3ff 0
1298 12b9 12b8 1297 400 0
129a 12bb 12ba 1299 401 0
129b 12bc 12bb 129a 402 0
129c 12bd 12bc 129b 403 0
129d 12be 12bd 129c 404 0
129e 12bf 12be 129d 405 0
129f 12c0 12bf 129e 406 0
12a0 12c1 12c0 129f 407 0
12a1 12c2 12c1 12a0 408 0
12a2 12c3 12c2 12a1 409 0
12a3 12c4 12c3 12a2 40a 0
12a4 12c5 12c4 12a3 40b 0
12a5 12c6 12c5 12a4 40c 0
12a6 12c7 12c6 12a5 40d 0
12a7 12c8 12c7 12a6 40e 0
12a8 12c9 12c8 12a7 40f 0
12a9 12ca 12c9 12a8 410 0
12aa 12cb 12ca 12a9 411 0
12ab 12cc 12cb 12aa 412 0
12ac 12cd 12cc 12ab 413 0
12ad 12ce 12cd 12ac 414 0
12ae 12cf 12ce 12ad 415 0
12af 12d0 12cf 12ae 416 0
12b0 12d1 12d0 12af 417 0
12b1 12d2 12d1 12b0 418 0
12b2 12d3 12d2 12b1 419 0
12b3 12d4 12d3 12b2 41a 0
12b4 12d5 12d4 12b3 41b 0
12b5 12d6 12d5 12b4 41c 0
12b6 12d7 12d6 12b5 41d 0
12b7 12d8 12d7 12b6 41e 0
12b8 12d9 12d8 12b7 41f 0
12b9 12da 12d9 12b8 420 0
12bb 12dc 12db 12ba 421 0
12bc 12dd 12dc 12bb 422 0
12bd 12de 12dd 12bc 423 0
12be 12df 12de 12bd 424 0
12bf 12e0 12df 12be 425 0
12c0 12e1 12e0 12bf 426 0
12c1 12e2 12e1 12c0 427 0
12c2 12e3 12e2 12c1 428 0
12c3 12e4 12e3 12c2 429 0
12c4 12e5 12e4 12c3 42a 0
12c5 12e6 12e5 12c4 42b 0
12c6 12e7 12e6 12c5 42c 0
12c7 12e8 12e7 12c6 42d 0
12c8 12e9 12e8 12c7 42e 0
12c9 12ea 12e9 12c8 42f 0
12ca 12eb 12ea 12c9 430 0
12cb 12ec 12eb 12ca 431 0
12cc 12ed 12ec 12cb 432 0
12cd 12ee 12ed 12cc 433 0
12ce 12ef 12ee 12cd 434 0
12cf 12f0 12ef 12ce 435 0
12d0 12f1 12f0 12cf 436 0
12d1 12f2 12f1 12d0 437 0
12d2 12f3 12f2 12d1 438 0
12d3 12f4 12f3 12d2 439 0
12d4 12f5 12f4 12d3 43a 0
12d5 12f6 12f5 12d4 43b 0
12d6 12f7 12f6 12d5 43c 0
12d7 12f8 12f7 12d6 43d 0
12d8 12f9 12f8 12d7 43e 0
12d9 12fa 12f9 12d8 43f 0
12da 12fb 12fa 12d9 440 0
12dc 12fd 12fc 12db 441 0
12dd 12fe 12fd 12dc 442 0
12de 12ff 12fe 12dd 443 0
12df 1300 12ff 12de 444 0
12e0 1301 1300 12df 445 0
12e1 1302 1301 12e0 446 0
12e2 1303 1302 12e1 447 0
12e3 1304 1303 12e2 448 0
12e4 1305 1304 12e3 449 0
12e5 1306 1305 12e4 44a 0
12e6 1307 1306 12e5 44b 0
12e7 1308 1307 12e6 44c 0
12e8 1309 1308 12e7 44d 0
12e9 130a 1309 12e8 44e 0
12ea 130b 130a 12e9 44f 0
12eb 130c 130b 12ea 450 0
12ec 130d 130c 12eb 451 0
12ed 130e 130d 12ec 452 0
12ee 130f 130e 12ed 453 0
12ef 1310 130f 12ee 454 0
12f0 1311 1310 12ef 455 0
12f1 1312 1311 12f0 456 0
12f2 1313 1312 12f1 457 0
12f3 1314 1313 12f2 458 0
12f4 1315 1314 12f3 459 0
12f5 1316 1315 12f4 45a 0
12f6 1317 1316 12f5 45b 0
12f7 1318 1317 12f6 45c 0
12f8 1319 1318 12f7 45d 0
12f9 131a 1319 12f8 45e 0
12fa 131b 131a 12f9 45f 0
12fb 131c 131b 12fa 460 0
12fd 131e 131d 12fc 461 0
12fe 131f 131e 12fd 462 0
12ff 1320 131f 12fe 463 0
1300 1321 1320 12ff 464 0
1301 1322 1321 1300 465 0
1302 1323 1322 1301 466 0
1303 1324 1323 1302 467 0
1304 1325 1324 1303 468 0
1305 1326 1325 1304 469 0
1306 1327 1326 1305 46a 0
1307 1328 1327 1306 46b 0
1308 1329 1328 1307 46c 0
1309 132a 1329 1308 46d 0
130a 132b 132a 1309 46e 0
130b 132c 132b 130a 46f 0
130c 132d 132c 130b 470 0
130d 132e 132d 130c 471 0
130e 132f 132e 130d 472 0
130f 1330 132f 130e 473 0
1310 1331 1330 130f 474 0
1311 1332 1331 1310 475 0
1312 1333 1332 1311 476 0
1313 1334 1333 1312 477 0
1314 1335 1334 1313 478 0
1315 1336 1335 1314 479 0
1316 1337 1336 1315 47a 0
1317 1338 1337 1316 47b 0
1318 1339 1338 1317 47c 0
1319 133a 1339 1318 47d 0
131a 133b 133a 1319 47e 0
131b 133c 133b 131a 47f 0
131c 133d 133c 131b 480 0
131e 133f 133e 131d 481 0
131f 1340 133f 131e 482 0
1320 1341 1340 131f 483 0
1321 1342 1341 1320 484 0
1322 1343 1342 1321 485 0
1323 1344 1343 1322 486 0
1324 1345 1344 1323 487 0
1325 1346 1345 1324 488 0
1326 1347 1346 1325 489 0
1327 1348 1347 1326 48a 0
1328 1349 1348 1327 48b 0
1329 134a 1349 1328 48c 0
132a 134b 134a 1329 48d 0
132b 134c 134b 132a 48e 0
132c 134d 134c 132b 48f 0
132d 134e 134d 132c 490 0
132e 134f 134e 132d 491 0
132f 1350 134f 132e 492 0
1330 1351 1350 132f 493 0
1331 1352 1351 1330 494 0
1332 1353 1352 1331 495 0
1333 1354 1353 1332 496 0
1334 1355 1354 1333 497 0
1335 1356 1355 1334 498 0
1336 1357 1356 1335 499 0
1337 1358 1357 1336 49a 0
1338 1359 1358 1337 49b 0
1339 135a 1359 1338 49c 0
133a 135b 135a 1339 49d 0
133b 135c 135b 133a 49e 0
133c 135d 135c 133b 49f 0
133d 135e 135d 133c 4a0 0
133f 1360 135f 133e 4a1 0
1340 1361 1360 133f 4a2 0
1341 1362 1361 1340 4a3 0
1342 1363 1362 1341 4a4 0
1343 1364 1363 1342 4a5 0
1344 1365 1364 1343 4a6 0
1345 1366 1365 1344 4a7 0
1346 1367 1366 1345 4a8 0
1347 1368 1367 1346 4a9 0
1348 1369 1368 1347 4aa 0
1349 136a 1369 1348 4ab 0
134a 136b 136a 1349 4ac 0
134b 136c 136b 134a 4ad 0
134c 136d 136c 134b 4ae 0
134d 136e 136d 134c 4af 0
134e 136f 136e 134d 4b0 0
134f 1370 136f 134e 4b1 0
1350 1371 1370 134f 4b2 0
1351 1372 1371 1350 4b3 0
1352 1373 1372 1351 4b4 0
1353 1374 1373 1352 4b5 0
1354 1375 1374 1353 4b6 0
1355 1376 1375 1354 4b7 0
1356 1377 1376 1355 4b8 0
1357 1378 1377 1356 4b9 0
1358 1379 1378 1357 4ba 0
1359 137a 1379 1358 4bb 0
135a 137b 137a 1359 4bc 0
135b 137c 137b 135a 4bd 0
135c 137d 137c 135b 4be 0
135d 137e 137d 135c 4bf 0
135e 137f 137e 135d 4c0 0
1360 1381 1380 135f 4c1 0
1361 1382 1381 1360 4c2 0
1362 1383 1382 1361 4c3 0
1363 1384 1383 1362 4c4 0
1364 1385 1384 1363 4c5 0
1365 1386 1385 1364 4c6 0
1366 1387 1386 1365 4c7 0
1367 1388 1387 1366 4c8 0
1368 1389 1388 1367 4c9 0
1369 138a 1389 1368 4ca 0
136a 138b 138a 1369 4cb 0
136b 138c 138b 136a 4cc 0
136c 138d 138c 136b 4cd 0
136d 138e 138d 136c 4ce 0
136e 138f 138e 136d 4cf 0
136f 1390 138f 136e 4d0 0
1370 1391 1390 136f 4d1 0
1371 1392 1391 1370 4d2 0
1372 1393 1392 1371 4d3 0
1373 1394 1393 1372 4d4 0
1374 1395 1394 1373 4d5 0
1375 1396 1395 1374 4d6 0
1376 1397 1396 1375 4d7 0
1377 1398 1397 1376 4d8 0
1378 1399 1398 1377 4d9 0
1379 139a 1399 1378 4da 0
137a 139b 139a 1379 4db 0
137b 139c 139b 137a 4dc 0
137c 139d 139c 137b 4dd 0
137d 139e 139d 137c 4de 0
137e 139f 139e 137d 4df 0
137f 13a0 139f 137e 4e0 0
1381 13a2 13a1 1380 4e1 0
1382 13a3 13a2 1381 4e2 0
1383 13a4 13a3 1382 4e3 0
1384 13a5 13a4 1383 4e4 0
1385 13a6 13a5 1384 4e5 0
1386 13a7 13a6 1385 4e6 0
1387 13a8 13a7 1386 4e7 0
1388 13a9 13a8 1387 4e8 0
1389 13aa 13a9 1388 4e9 0
138a 13ab 13aa 1389 4ea 0
138b 13ac 13ab 138a 4eb 0
138c 13ad 13ac 138b 4ec 0
138d 13ae 13ad 138c 4ed 0
138e 13af 13ae 138d 4ee 0
138f 13b0 13af 138e 4ef 0
1390 13b1 13b0 138f 4f0 0
1391 13b2 13b1 1390 4f1 0
1392 13b3 13b2 1391 4f2 0
1393 13b4 13b3 1392 4f3 0
1394 13b5 13b4 1393 4f4 0
1395 13b6 13b5 1394 4f5 0
1396 13b7 13b6 1395 4f6 0
1397 13b8 13b7 1396 4f7 0
1398 13b9 13b8 1397 4f8 0
1399 13ba 13b9 1398 4f9 0
139a 13bb 13ba 1399 4fa 0
139b 13bc 13bb 139a 4fb 0
139c 13bd 13bc 139b 4fc 0
139d 13be 13bd 139c 4fd 0
139e 13bf 13be 139d 4fe 0
139f 13c0 13bf 139e 4ff 0
13a0 13c1 13c0 139f 500 0
13a2 13c3 13c2 13a1 501 0
13a3 13c4 13c3 13a2 502 0
13a4 13c5 13c4 13a3 503 0
13a5 13c6 13c5 13a4 504 0
13a6 13c7 13c6 13a5 505 0
13a7 13c8 13c7 13a6 506 0
13a8 13c9 13c8 13a7 507 0
13a9 13ca 13c9 13a8 508 0
13aa 13cb 13ca 13a9 509 0
13ab 13cc 13cb 13aa 50a 0
13ac 13cd 13cc 13ab 50b 0
13ad 13ce 13cd 13ac 50c 0
13ae 13cf 13ce 13ad 50d 0
13af 13d0 13cf 13ae 50e 0
13b0 13d1 13d0 13af 50f 0
13b1 13d2 13d1 13b0 510 0
13b2 13d3 13d2 13b1 511 0
13b3 13d4 13d3 13b2 512 0
13b4 13d5 13d4 13b3 513 0
13b5 13d6 13d5 13b4 514 0
13b6 13d7 13d6 13b5 515 0
13b7 13d8 13d7 13b6 516 0
13b8 13d9 13d8 13b7 517 0
13b9 13da 13d9 13b8 518 0
13ba 13db 13da 13b9 519 0
13bb 13dc 13db 13ba 51a 0
13bc 13dd 13dc 13bb 51b 0
13bd 13de 13dd 13bc 51c 0
13be 13df 13de 13bd 51d 0
13bf 13e0 13df 13be 51e 0
13c0 13e1 13e0 13bf 51f 0
13c1 13e2 13e1 13c0 520 0
13c3 13e4 13e3 13c2 521 0
13c4 13e5 13e4 13c3 522 0
13c5 13e6 13e5 13c4 523 0
13c6 13e7 13e6 13c5 524 0
13c7 13e8 13e7 13c6 525 0
13c8 13e9 13e8 13c7 526 0
13c9 13ea 13e9 13c8 527 0
13ca 13eb 13ea 13c9 528 0
13cb 13ec 13eb 13ca 529 0
13cc 13ed 13ec 13cb 52a 0
13cd 13ee 13ed 13cc 52b 0
13ce 13ef 13ee 13cd 52c 0
13cf 13f0 13ef 13ce 52d 0
13d0 13f1 13f0 13cf 52e 0
13d1 13f2 13f1 13d0 52f 0
13d2 13f3 13f2 13d1 530 0
13d3 13f4 13f3 13d2 531 0
13d4 13f5 13f4 13d3 532 0
13d5 13f6 13f5 13d4 533 0
13d6 13f7 13f6 13d5 534 0
13d7 13f8 13f7 13d6 535 0
13d8 13f9 13f8 13d7 536 0
13d9 13fa 13f9 13d8 537 0
13da 13fb 13fa 13d9 538 0
13db 13fc 13fb 13da 539 0
13dc 13fd 13fc 13db 53a 0
13dd 13fe 13fd 13dc 53b 0
13de 13ff 13fe 13dd 53c 0
13df 1400 13ff 13de 53d 0
13e0 1401 1400 13df 53e 0
13e1 1402 1401 13e0 53f 0
13e2 1403 1402 13e1 540 0
13e4 1405 1404 13e3 541 0
13e5 1406 1405 13e4 542 0
13e6 1407 1406 13e5 543 0
13e7 1408 1407 13e6 544 0
13e8 1409 1408 13e7 545 0
13e9 140a 1409 13e8 546 0
13ea 140b 140a 13e9 547 0
13eb 140c 140b 13ea 548 0
13ec 140d 140c 13eb 549 0
13ed 140e 140d 13ec 54a 0
13ee 140f 140e 13ed 54b 0
13ef 1410 140f 13ee 54c 0
13f0 1411 1410 13ef 54d 0
13f1 1412 1411 13f0 54e 0
13f2 1413 1412 13f1 54f 0
13f3 1414 1413 13f2 550 0
13f4 1415 1414 13f3 551 0
13f5 1416 1415 13f4 552 0
13f6 1417 1416 13f5 553 0
13f7 1418 1417 13f6 554 0
13f8 1419 1418 13f7 555 0
13f9 141a 1419 13f8 556 0
13fa 141b 141a 13f9 557 0
13fb 141c 141b 13fa 558 0
13fc 141d 141c 13fb 559 0
13fd 141e 141d 13fc 55a 0
13fe 141f 141e 13fd 55b 0
13ff 1420 141f 13fe 55c 0
1400 1421 1420 13ff 55d 0
1401 1422 1421 1400 55e 0
1402 1423 1422 1401 55f 0
1403 1424 1423 1402 560 0
1405 1426 1425 1404 561 0
1406 1427 1426 1405 562 0
1407 1428 1427 1406 563 0
1408 1429 1428 1407 564 0
1409 142a 1429 1408 565 0
140a 142b 142a 1409 566 0
140b 142c 142b 140a 567 0
140c 142d 142c 140b 568 0
140d 142e 142d 140c 569 0
140e 142f 142e 140d 56a 0
140f 1430 142f 140e 56b 0
1410 1431 1430 140f 56c 0
1411 1432 1431 1410 56d 0
1412 1433 1432 1411 56e 0
1413 1434 1433 1412 56f 0
1414 1435 1434 1413 570 0
1415 1436 1435 1414 571 0
1416 1437 1436 1415 572 0
1417 1438 1437 1416 573 0
1418 1439 1438 1417 574 0
1419 143a 1439 1418 575 0
141a 143b 143a 1419 576 0
141b 143c 143b 141a 577 0
141c 143d 143c 141b 578 0
141d 143e 143d 141c 579 0
141e 143f 143e 141d 57a 0
141f 1440 143f 141e 57b 0
1420 1441 1440 141f 57c 0
1421 1442 1441 1420 57d 0
1422 1443 1442 1421 57e 0
1423 1444 1443 1422 57f 0
1424 1445 1444 1423 580 0
1426 1447 1446 1425 581 0
1427 1448 1447 1426 582 0
1428 1449 1448 1427 583 0
1429 144a 1449 1428 584 0
142a 144b 144a 1429 585 0
142b 144c 144b 142a 586 0
142c 144d 144c 142b 587 0
142d 144e 144d 142c 588 0
142e 144f 144e 142d 589 0
142f 1450 144f 142e 58a 0
1430 1451 1450 142f 58b 0
1431 1452 1451 1430 58c 0
1432 1453 1452 1431 58d 0
1433 1454 1453 1432 58e 0
1434 1455 1454 1433 58f 0
1435 1456 1455 1434 590 0
1436 1457 1456 1435 591 0
1437 1458 1457 1436 592 0
1438 1459 1458 1437 593 0
1439 145a 1459 1438 594 0
143a 145b 145a 1439 595 0
143b 145c 145b 143a 596 0
143c 145d 145c 143b 597 0
143d 145e 145d 143c 598 0
143e 145f 145e 143d 599 0
143f 1460 145f 143e 59a 0
1440 1461 1460 143f 59b 0
1441 1462 1461 1440 59c 0
1442 1463 1462 1441 59d 0
1443 1464 1463 1442 59e 0
1444 1465 1464 1443 59f 0
1445 1466 1465 1444 5a0 0
1447 1468 1467 1446 5a1 0
1448 1469 1468 1447 5a2 0
1449 146a 1469 1448 5a3 0
144a 146b 146a 1449 5a4 0
144b 146c 146b 144a 5a5 0
144c 146d 146c 144b 5a6 0
144d 146e 146d 144c 5a7 0
144e 146f 146e 144d 5a8 0
144f 1470 146f 144e 5a9 0
1450 1471 1470 144f 5aa 0
1451 1472 1471 1450 5ab 0
1452 1473 1472 1451 5ac 0
1453 1474 1473 1452 5ad 0
1454 1475 1474 1453 5ae 0
1455 1476 1475 1454 5af 0
1456 1477 1476 1455 5b0 0
1457 1478 1477 1456 5b1 0
1458 1479 1478 1457 5b2 0
1459 147a 1479 1458 5b3 0
145a 147b 147a 1459 5b4 0
145b 147c 147b 145a 5b5 0
145c 147d 147c 145b 5b6 0
145d 147e 147d 145c 5b7 0
145e 147f 147e 145d 5b8 0
145f 1480 147f 145e 5b9 0
1460 1481 1480 145f 5ba 0
1461 1482 1481 1460 5bb 0
1462 1483 1482 1461 5bc 0
1463 1484 1483 1462 5bd 0
1464 1485 1484 1463 5be 0
1465 1486 1485 1464 5bf 0
1466 1487 1486 1465 5c0 0
1468 1489 1488 1467 5c1 0
1469 148a 1489 1468 5c2 0
146a 148b 148a 1469 5c3 0
146b 148c 148b 146a 5c4 0
146c 148d 148c 146b 5c5 0
146d 148e 148d 146c 5c6 0
146e 148f 148e 146d 5c7 0
146f 1490 148f 146e 5c8 0
1470 1491 1490 146f 5c9 0
1471 1492 1491 1470 5ca 0
1472 1493 1492 1471 5cb 0
1473 1494 1493 1472 5cc 0
1474 1495 1494 1473 5cd 0
1475 1496 1495 1474 5ce 0
1476 1497 1496 1475 5cf 0
1477 1498 1497 1476 5d0 0
1478 1499 1498 1477 5d1 0
1479 149a 1499 1478 5d2 0
147a 149b 149a 1479 5d3 0
147b 149c 149b 147a 5d4 0
147c 149d 149c 147b 5d5 0
147d 149e 149d 147c 5d6 0
147e 149f 149e 147d 5d7 0
147f 14a0 149f 147e 5d8 0
1480 14a1 14a0 147f 5d9 0
1481 14a2 14a1 1480 5da 0
1482 14a3 14a2 1481 5db 0
1483 14a4 14a3 1482 5dc 0
1484 14a5 14a4 1483 5dd 0
1485 14a6 14a5 1484 5de 0
1486 14a7 14a6 1485 5df 0
1487 14a8 14a7 1486 5e0 0
1489 14aa 14a9 1488 5e1 0
148a 14ab 14aa 1489 5e2 0
148b 14ac 14ab 148a 5e3 0
148c 14ad 14ac 148b 5e4 0
148d 14ae 14ad 148c 5e5 0
148e 14af 14ae 148d 5e6 0
148f 14b0 14af 148e 5e7 0
1490 14b1 14b0 148f 5e8 0
1491 14b2 14b1 1490 5e9 0
1492 14b3 14b2 1491 5ea 0
1493 14b4 14b3 1492 5eb 0
1494 14b5 14b4 1493 5ec 0
1495 14b6 14b5 1494 5ed 0
1496 14b7 14b6 1495 5ee 0
1497 14b8 14b7 1496 5ef 0
1498 14b9 14b8 1497 5f0 0
1499 14ba 14b9 1498 5f1 0
149a 14bb 14ba 1499 5f2 0
149b 14bc 14bb 149a 5f3 0
149c 14bd 14bc 149b 5f4 0
149d 14be 14bd 149c 5f5 0
149e 14bf 14be 149d 5f6 0
149f 14c0 14bf 149e 5f7 0
14a0 14c1 14c0 149f 5f8 0
14a1 14c2 14c1 14a0 5f9 0
14a2 14c3 14c2 14a1 5fa 0
14a3 14c4 14c3 14a2 5fb 0
14a4 14c5 14c4 14a3 5fc 0
14a5 14c6 14c5 14a4 5fd 0
14a6 14c7 14c6 14a5 5fe 0
14a7 14c8 14c7 14a6 5ff 0
14a8 14c9 14c8 14a7 600 0
14aa 14cb 14ca 14a9 601 0
14ab 14cc 14cb 14aa 602 0
14ac 14cd 14cc 14ab 603 0
14ad 14ce 14cd 14ac 604 0
14ae 14cf 14ce 14ad 605 0
14af 14d0 14cf 14ae 606 0
14b0 14d1 14d0 14af 607 0
14b1 14d2 14d1 14b0 608 0
14b2 14d3 14d2 14b1 609 0
14b3 14d4 14d3 14b2 60a 0
14b4 14d5 14d4 14b3 60b 0
14b5 14d6 14d5 14b4 60c 0
14b6 14d7 14d6 14b5 60d 0
14b7 14d8 14d7 14b6 60e 0
14b8 14d9 14d8 14b7 60f 0
14b9 14da 14d9 14b8 610 0
14ba 14db 14da 14b9 611 0
14bb 14dc 14db 14ba 612 0
14bc 14dd 14dc 14bb 613 0
14bd 14de 14dd 14bc 614 0
14be 14df 14de 14bd 615 0
14bf 14e0 14df 14be 616 0
14c0 14e1 14e0 14bf 617 0
14c1 14e2 14e1 14c0 618 0
14c2 14e3 14e2 14c1 619 0
14c3 14e4 14e3 14c2 61a 0
14c4 14e5 14e4 14c3 61b 0
14c5 14e6 14e5 14c4 61c 0
14c6 14e7 14e6 14c5 61d 0
14c7 14e8 14e7 14c6 61e 0
14c8 14e9 14e8 14c7 61f 0
14c9 14ea 14e9 14c8 620 0
14cb 14ec 14eb 14ca 621 0
14cc 14ed 14ec 14cb 622 0
14cd 14ee 14ed 14cc 623 0
14ce 14ef 14ee 14cd 624 0
14cf 14f0 14ef 14ce 625 0
14d0 14f1 14f0 14cf 626 0
14d1 14f2 14f1 14d0 627 0
14d2 14f3 14f2 14d1 628 0
14d3 14f4 14f3 14d2 629 0
14d4 14f5 14f4 14d3 62a 0
14d5 14f6 14f5 14d4 62b 0
14d6 14f7 14f6 14d5 62c 0
14d7 14f8 14f7 14d6 62d 0
14d8 14f9 14f8 14d7 62e 0
14d9 14fa 14f9 14d8 62f 0
14da 14fb 14fa 14d9 630 0
14db 14fc 14fb 14da 631 0
14dc 14fd 14fc 14db 632 0
14dd 14fe 14fd 14dc 633 0
14de 14ff 14fe 14dd 634 0
14df 1500 14ff 14de 635 0
14e0 1501 1500 14df 636 0
14e1 1502 1501 14e0 637 0
14e2 1503 1502 14e1 638 0
14e3 1504 1503 14e2 639 0
14e4 1505 1504 14e3 63a 0
14e5 1506 1505 14e4 63b 0
14e6 1507 1506 14e5 63c 0
14e7 1508 1507 14e6 63d 0
14e8 1509 1508 14e7 63e 0
14e9 150a 1509 14e8 63f 0
14ea 150b 150a 14e9 640 0
14ec 150d 150c 14eb 641 0
14ed 150e 150d 14ec 642 0
14ee 150f 150e 14ed 643 0
14ef 1510 150f 14ee 644 0
14f0 1511 1510 14ef 645 0
14f1 1512 1511 14f0 646 0
14f2 1513 1512 14f1 647 0
14f3 1514 1513 14f2 648 0
14f4 1515 1514 14f3 649 0
14f5 1516 1515 14f4 64a 0
14f6 1517 1516 14f5 64b 0
14f7 1518 1517 14f6 64c 0
14f8 1519 1518 14f7 64d 0
14f9 151a 1519 14f8 64e 0
14fa 151b 151a 14f9 64f 0
14fb 151c 151b 14fa 650 0
14fc 151d 151c 14fb 651 0
14fd 151e 151d 14fc 652 0
14fe 151f 151e 14fd 653 0
14ff 1520 151f 14fe 654 0
1500 1521 1520 14ff 655 0
1501 1522 1521 1500 656 0
1502 1523 1522 1501 657 0
1503 1524 1523 1502 658 0
1504 1525 1524 1503 659 0
1505 1526 1525 1504 65a 0
1506 1527 1526 1505 65b 0
1507 1528 1527 1506 65c 0
1508 1529 1528 1507 65d 0
1509 152a 1529 1508 65e 0
150a 152b 152a 1509 65f 0
150b 152c 152b 150a 660 0
150d 152e 152d 150c 661 0
150e 152f 152e 150d 662 0
150f 1530 152f 150e 663 0
1510 1531 1530 150f 664 0
1511 1532 1531 1510 665 0
1512 1533 1532 1511 666 0
1513 1534 1533 1512 667 0
1514 1535 1534 1513 668 0
1515 1536 1535 1514 669 0
1516 1537 1536 1515 66a 0
1517 1538 1537 1516 66b 0
1518 1539 1538 1517 66c 0
1519 153a 1539 1518 66d 0
151a 153b 153a 1519 66e 0
151b 153c 153b 151a 66f 0
151c 153d 153c 151b 670 0
151d 153e 153d 151c 671 0
151e 153f 153e 151d 672 0
151f 1540 153f 151e 673 0
1520 1541 1540 151f 674 0
1521 1542 1541 1520 675 0
1522 1543 1542 1521 676 0
1523 1544 1543 1522 677 0
1524 1545 1544 1523 678 0
1525 1546 1545 1524 679 0
1526 1547 1546 1525 67a 0
1527 1548 1547 1526 67b 0
1528 1549 1548 1527 67c 0
1529 154a 1549 1528 67d 0
152a 154b 154a 1529 67e 0
152b 154c 154b 152a 67f 0
152c 154d 154c 152b 680 0
152e 154f 154e 152d 681 0
152f 1550 154f 152e 682 0
1530 1551 1550 152f 683 0
1531 1552 1551 1530 684 0
1532 1553 1552 1531 685 0
1533 1554 1553 1532 686 0
1534 1555 1554 1533 687 0
1535 1556 1555 1534 688 0
1536 1557 1556 1535 689 0
1537 1558 1557 1536 68a 0
1538 1559 1558 1537 68b 0
1539 155a 1559 1538 68c 0
153a 155b 155a 1539 68d 0
153b 155c 155b 153a 68e 0
153c 155d 155c 153b 68f 0
153d 155e 155d 153c 690 0
153e 155f 155e 153d 691 0
153f 1560 155f 153e 692 0
1540 1561 1560 153f 693 0
1541 1562 1561 1540 694 0
1542 1563 1562 1541 695 0
1543 1564 1563 1542 696 0
1544 1565 1564 1543 697 0
1545 1566 1565 1544 698 0
1546 1567 1566 1545 699 0
1547 1568 1567 1546 69a 0
1548 1569 1568 1547 69b 0
1549 156a 1569 1548 69c 0
154a 156b 156a 1549 69d 0
154b 156c 156b 154a 69e 0
154c 156d 156c 154b 69f 0
154d 156e 156d 154c 6a0 0
154f 1570 156f 154e 6a1 0
1550 1571 1570 154f 6a2 0
1551 1572 1571 1550 6a3 0
1552 1573 1572 1551 6a4 0
1553 1574 1573 1552 6a5 0
1554 1575 1574 1553 6a6 0
1555 1576 1575 1554 6a7 0
1556 1577 1576 1555 6a8 0
1557 1578 1577 1556 6a9 0
1558 1579 1578 1557 6aa 0
1559 157a 1579 1558 6ab 0
155a 157b 157a 1559 6ac 0
155b 157c 157b 155a 6ad 0
155c 157d 157c 155b 6ae 0
155d 157e 157d 155c 6af 0
155e 157f 157e 155d 6b0 0
155f 1580 157f 155e 6b1 0
1560 1581 1580 155f 6b2 0
1561 1582 1581 1560 6b3 0
1562 1583 1582 1561 6b4 0
1563 1584 1583 1562 6b5 0
1564 1585 1584 1563 6b6 0
1565 1586 1585 1564 6b7 0
1566 1587 1586 1565 6b8 0
1567 1588 1587 1566 6b9 0
1568 1589 1588 1567 6ba 0
1569 158a 1589 1568 6bb 0
156a 158b 158a 1569 6bc 0
156b 158c 158b 156a 6bd 0
156c 158d 158c 156b 6be 0
156d 158e 158d 156c 6bf 0
156e 158f 158e 156d 6c0 0
1570 1591 1590 156f 6c1 0
1571 1592 1591 1570 6c2 0
1572 1593 1592 1571 6c3 0
1573 1594 1593 1572 6c4 0
1574 1595 1594 1573 6c5 0
1575 1596 1595 1574 6c6 0
1576 1597 1596 1575 6c7 0
1577 1598 1597 1576 6c8 0
1578 1599 1598 1577 6c9 0
1579 159a 1599 1578 6ca 0
157a 159b 159a 1579 6cb 0
157b 159c 159b 157a 6cc 0
157c 159d 159c 157b 6cd 0
157d 159e 159d 157c 6ce 0
157e 159f 159e 157d 6cf 0
157f 15a0 159f 157e 6d0 0
1580 15a1 15a0 157f 6d1 0
1581 15a2 15a1 1580 6d2 0
1582 15a3 15a2 1581 6d3 0
1583 15a4 15a3 1582 6d4 0
1584 15a5 15a4 1583 6d5 0
1585 15a6 15a5 1584 6d6 0
1586 15a7 15a6 1585 6d7 0
1587 15a8 15a7 1586 6d8 0
1588 15a9 15a8 1587 6d9 0
1589 15aa 15a9 1588 6da 0
158a 15ab 15aa 1589 6db 0
158b 15ac 15ab 158a 6dc 0
158c 15ad 15ac 158b 6dd 0
158d 15ae 15ad 158c 6de 0
158e 15af 15ae 158d 6df 0
158f 15b0 15af 158e 6e0 0
1591 15b2 15b1 1590 6e1 0
1592 15b3 15b2 1591 6e2 0
1593 15b4 15b3 1592 6e3 0
1594 15b5 15b4 1593 6e4 0
1595 15b6 15b5 1594 6e5 0
1596 15b7 15b6 1595 6e6 0
1597 15b8 15b7 1596 6e7 0
1598 15b9 15b8 1597 6e8 0
1599 15ba 15b9 1598 6e9 0
159a 15bb 15ba 1599 6ea 0
159b 15bc 15bb 159a 6eb 0
159c 15bd 15bc 159b 6ec 0
159d 15be 15bd 159c 6ed 0
159e 15bf 15be 159d 6ee 0
159f 15c0 15bf 159e 6ef 0
15a0 15c1 15c0 159f 6f0 0
15a1 15c2 15c1 15a0 6f1 0
15a2 15c3 15c2 15a1 6f2 0
15a3 15c4 15c3 15a2 6f3 0
15a4 15c5 15c4 15a3 6f4 0
15a5 15c6 15c5 15a4 6f5 0
15a6 15c7 15c6 15a5 6f6 0
15a7 15c8 15c7 15a6 6f7 0
15a8 15c9 15c8 15a7 6f8 0
15a9 15ca 15c9 15a8 6f9 0
15aa 15cb 15ca 15a9 6fa 0
15ab 15cc 15cb 15aa 6fb 0
15ac 15cd 15cc 15ab 6fc 0
15ad 15ce 15cd 15ac 6fd 0
15ae 15cf 15ce 15ad 6fe 0
15af 15d0 15cf 15ae 6ff 0
15b0 15d1 15d0 15af 700 0
15b2 15d3 15d2 15b1 701 0
15b3 15d4 15d3 15b2 702 0
15b4 15d5 15d4 15b3 703 0
15b5 15d6 15d5 15b4 704 0
15b6 15d7 15d6 15b5 705 0
15b7 15d8 15d7 15b6 706 0
15b8 15d9 15d8 15b7 707 0
15b9 15da 15d9 15b8 708 0
15ba 15db 15da 15b9 709 0
15bb 15dc 15db 15ba 70a 0
15bc 15dd 15dc 15bb 70b 0
15bd 15de 15dd 15bc 70c 0
15be 15df 15de 15bd 70d 0
15bf 15e0 15df 15be 70e 0
15c0 15e1 15e0 15bf 70f 0
15c1 15e2 15e1 15c0 710 0
15c2 15e3 15e2 15c1 711 0
15c3 15e4 15e3 15c2 712 0
15c4 15e5 15e4 15c3 713 0
15c5 15e6 15e5 15c4 714 0
15c6 15e7 15e6 15c5 715 0
15c7 15e8 15e7 15c6 716 0
15c8 15e9 15e8 15c7 717 0
15c9 15ea 15e9 15c8 718 0
15ca 15eb 15ea 15c9 719 0
15cb 15ec 15eb 15ca 71a 0
15cc 15ed 15ec 15cb 71b 0
15cd 15ee 15ed 15cc 71c 0
15ce 15ef 15ee 15cd 71d 0
15cf 15f0 15ef 15ce 71e 0
15d0 15f1 15f0 15cf 71f 0
15d1 15f2 15f1 15d0 720 0
15d3 15f4 15f3 15d2 721 0
15d4 15f5 15f4 15d3 722 0
15d5 15f6 15f5 15d4 723 0
15d6 15f7 15f6 15d5 724 0
15d7 15f8 15f7 15d6 725 0
15d8 15f9 15f8 15d7 726 0
15d9 15fa 15f9 15d8 727 0
15da 15fb 15fa 15d9 728 0
15db 15fc 15fb 15da 729 0
15dc 15fd 15fc 15db 72a 0
15dd 15fe 15fd 15dc 72b 0
15de 15ff 15fe 15dd 72c 0
15df 1600 15ff 15de 72d 0
15e0 1601 1600 15df 72e 0
15e1 1602 1601 15e0 72f 0
15e2 1603 1602 15e1 730 0
15e3 1604 1603 15e2 731 0
15e4 1605 1604 15e3 732 0
15e5 1606 1605 15e4 733 0
15e6 1607 1606 15e5 734 0
15e7 1608 1607 15e6 735 0
15e8 1609 1608 15e7 736 0
15e9 160a 1609 15e8 737 0
15ea 160b 160a 15e9 738 0
15eb 160c 160b 15ea 739 0
15ec 160d 160c 15eb 73a 0
15ed 160e 160d 15ec 73b 0
15ee 160f 160e 15ed 73c 0
15ef 1610 160f 15ee 73d 0
15f0 1611 1610 15ef 73e 0
15f1 1612 1611 15f0 73f 0
15f2 1613 1612 15f1 740 0
15f4 1615 1614 15f3 741 0
15f5 1616 1615 15f4 742 0
15f6 1617 1616 15f5 743 0
15f7 1618 1617 15f6 744 0
15f8 1619 1618 15f7 745 0
15f9 161a 1619 15f8 746 0
15fa 161b 161a 15f9 747 0
15fb 161c 161b 15fa 748 0
15fc 161d 161c 15fb 749 0
15fd 161e 161d 15fc 74a 0
15fe 161f 161e 15fd 74b 0
15ff 1620 161f 15fe 74c 0
1600 1621 1620 15ff 74d 0
1601 1622 1621 1600 74e 0
1602 1623 1622 1601 74f 0
1603 1624 1623 1602 750 0
1604 1625 1624 1603 751 0
1605 1626 1625 1604 752 0
1606 1627 1626 1605 753 0
1607 1628 1627 1606 754 0
1608 1629 1628 1607 755 0
1609 162a 1629 1608 756 0
160a 162b 162a 1609 757 0
160b 162c 162b 160a 758 0
160c 162d 162c 160b 759 0
160d 162e 162d 160c 75a 0
160e 162f 162e 160d 75b 0
160f 1630 162f 160e 75c 0
1610 1631 1630 160f 75d 0
1611 1632 1631 1610 75e 0
1612 1633 1632 1611 75f 0
1613 1634 1633 1612 760 0
1615 1636 1635 1614 761 0
1616 1637 1636 1615 762 0
1617 1638 1637 1616 763 0
1618 1639 1638 1617 764 0
1619 163a 1639 1618 765 0
161a 163b 163a 1619 766 0
161b 163c 163b 161a 767 0
161c 163d 163c 161b 768 0
161d 163e 163d 161c 769 0
161e 163f 163e 161d 76a 0
161f 1640 163f 161e 76b 0
1620 1641 1640 161f 76c 0
1621 1642 1641 1620 76d 0
1622 1643 1642 1621 76e 0
1623 1644 1643 1622 76f 0
1624 1645 1644 1623 770 0
1625 1646 1645 1624 771 0
1626 1647 1646 1625 772 0
1627 1648 1647 1626 773 0
1628 1649 1648 1627 774 0
1629 164a 1649 1628 775 0
162a 164b 164a 1629 776 0
162b 164c 164b 162a 777 0
162c 164d 164c 162b 778 0
162d 164e 164d 162c 779 0
162e 164f 164e 162d 77a 0
162f 1650 164f 162e 77b 0
1630 1651 1650 162f 77c 0
1631 1652 1651 1630 77d 0
1632 1653 1652 1631 77e 0
1633 1654 1653 1632 77f 0
1634 1655 1654 1633 780 0
1636 1657 1656 1635 781 0
1637 1658 1657 1636 782 0
1638 1659 1658 1637 783 0
1639 165a 1659 1638 784 0
163a 165b 165a 1639 785 0
163b 165c 165b 163a 786 0
163c 165d 165c 163b 787 0
163d 165e 165d 163c 788 0
163e 165f 165e 163d 789 0
163f 1660 165f 163e 78a 0
1640 1661 1660 163f 78b 0
1641 1662 1661 1640 78c 0
1642 1663 1662 1641 78d 0
1643 1664 1663 1642 78e 0
1644 1665 1664 1643 78f 0
1645 1666 1665 1644 790 0
1646 1667 1666 1645 791 0
1647 1668 1667 1646 792 0
1648 1669 1668 1647 793 0
1649 166a 1669 1648 794 0
164a 166b 166a 1649 795 0
164b 166c 166b 164a 796 0
164c 166d 166c 164b 797 0
164d 166e 166d 164c 798 0
164e 166f 166e 164d 799 0
164f 1670 166f 164e 79a 0
1650 1671 1670 164f 79b 0
1651 1672 1671 1650 79c 0
1652 1673 1672 1651 79d 0
1653 1674 1673 1652 79e 0
1654 1675 1674 1653 79f 0
1655 1676 1675 1654 7a0 0
1657 1678 1677 1656 7a1 0
1658 1679 1678 1657 7a2 0
1659 167a 1679 1658 7a3 0
165a 167b 167a 1659 7a4 0
165b 167c 167b 165a 7a5 0
165c 167d 167c 165b 7a6 0
165d 167e 167d 165c 7a7 0
165e 167f 167e 165d 7a8 0
165f 1680 167f 165e 7a9 0
1660 1681 1680 165f 7aa 0
1661 1682 1681 1660 7ab 0
1662 1683 1682 1661 7ac 0
1663 1684 1683 1662 7ad 0
1664 1685 1684 1663 7ae 0
1665 1686 1685 1664 7af 0
1666 1687 1686 1665 7b0 0
1667 1688 1687 1666 7b1 0
1668 1689 1688 1667 7b2 0
1669 168a 1689 1668 7b3 0
166a 168b 168a 1669 7b4 0
166b 168c 168b 166a 7b5 0
166c 168d 168c 166b 7b6 0
166d 168e 168d 166c 7b7 0
166e 168f 168e 166d 7b8 0
166f 1690 168f 166e 7b9 0
1670 1691 1690 166f 7ba 0
1671 1692 1691 1670 7bb 0
1672 1693 1692 1671 7bc 0
1673 1694 1693 1672 7bd 0
1674 1695 1694 1673 7be 0
1675 1696 1695 1674 7bf 0
1676 1697 1696 1675 7c0 0
1678 1699 1698 1677 7c1 0
1679 169a 1699 1678 7c2 0
167a 169b 169a 1679 7c3 0
167b 169c 169b 167a 7c4 0
167c 169d 169c 167b 7c5 0
167d 169e 169d 167c 7c6 0
167e 169f 169e 167d 7c7 0
167f 16a0 169f 167e 7c8 0
1680 16a1 16a0 167f 7c9 0
1681 16a2 16a1 1680 7ca 0
1682 16a3 16a2 1681 7cb 0
1683 16a4 16a3 1682 7cc 0
1684 16a5 16a4 1683 7cd 0
1685 16a6 16a5 1684 7ce 0
1686 16a7 16a6 1685 7cf 0
1687 16a8 16a7 1686 7d0 0
1688 16a9 16a8 1687 7d1 0
1689 16aa 16a9 1688 7d2 0
168a 16ab 16aa 1689 7d3 0
168b 16ac 16ab 168a 7d4 0
168c 16ad 16ac 168b 7d5 0
168d 16ae 16ad 168c 7d6 0
168e 16af 16ae 168d 7d7 0
168f 16b0 16af 168e 7d8 0
1690 16b1 16b0 168f 7d9 0
1691 16b2 16b1 1690 7da 0
1692 16b3 16b2 1691 7db 0
1693 16b4 16b3 1692 7dc 0
1694 16b5 16b4 1693 7dd 0
1695 16b6 16b5 1694 7de 0
1696 16b7 16b6 1695 7df 0
1697 16b8 16b7 1696 7e0 0
1699 16ba 16b9 1698 7e1 0
169a 16bb 16ba 1699 7e2 0
169b 16bc 16bb 169a 7e3 0
169c 16bd 16bc 169b 7e4 0
169d 16be 16bd 169c 7e5 0
169e 16bf 16be 169d 7e6 0
169f 16c0 16bf 169e 7e7 0
16a0 16c1 16c0 169f 7e8 0
16a1 16c2 16c1 16a0 7e9 0
16a2 16c3 16c2 16a1 7ea 0
16a3 16c4 16c3 16a2 7eb 0
16a4 16c5 16c4 16a3 7ec 0
16a5 16c6 16c5 16a4 7ed 0
16a6 16c7 16c6 16a5 7ee 0
16a7 16c8 16c7 16a6 7ef 0
16a8 16c9 16c8 16a7 7f0 0
16a9 16ca 16c9 16a8 7f1 0
16aa 16cb 16ca 16a9 7f2 0
16ab 16cc 16cb 16aa 7f3 0
16ac 16cd 16cc 16ab 7f4 0
16ad 16ce 16cd 16ac 7f5 0
16ae 16cf 16ce 16ad 7f6 0
16af 16d0 16cf 16ae 7f7 0
16b0 16d1 16d0 16af 7f8 0
16b1 16d2 16d1 16b0 7f9 0
16b2 16d3 16d2 16b1 7fa 0
16b3 16d4 16d3 16b2 7fb 0
16b4 16d5 16d4 16b3 7fc 0
16b5 16d6 16d5 16b4 7fd 0
16b6 16d7 16d6 16b5 7fe 0
16b7 16d8 16d7 16b6 7ff 0
16b8 16d9 16d8 16b7 800 0
16ba 16db 16da 16b9 801 0
16bb 16dc 16db 16ba 802 0
16bc 16dd 16dc 16bb 803 0
16bd 16de 16dd 16bc 804 0
16be 16df 16de 16bd 805 0
16bf 16e0 16df 16be 806 0
16c0 16e1 16e0 16bf 807 0
16c1 16e2 16e1 16c0 808 0
16c2 16e3 16e2 16c1 809 0
16c3 16e4 16e3 16c2 80a 0
16c4 16e5 16e4 16c3 80b 0
16c5 16e6 16e5 16c4 80c 0
16c6 16e7 16e6 16c5 80d 0
16c7 16e8 16e7 16c6 80e 0
16c8 16e9 16e8 16c7 80f 0
16c9 16ea 16e9 16c8 810 0
16ca 16eb 16ea 16c9 811 0
16cb 16ec 16eb 16ca 812 0
16cc 16ed 16ec 16cb 813 0
16cd 16ee 16ed 16cc 814 0
16ce 16ef 16ee 16cd 815 0
16cf 16f0 16ef 16ce 816 0
16d0 16f1 16f0 16cf 817 0
16d1 16f2 16f1 16d0 818 0
16d2 16f3 16f2 16d1 819 0
16d3 16f4 16f3 16d2 81a 0
16d4 16f5 16f4 16d3 81b 0
16d5 16f6 16f5 16d4 81c 0
16d6 16f7 16f6 16d5 81d 0
16d7 16f8 16f7 16d6 81e 0
16d8 16f9 16f8 16d7 81f 0
16d9 16fa 16f9 16d8 820 0
16db 16fc 16fb 16da 821 0
16dc 16fd 16fc 16db 822 0
16dd 16fe 16fd 16dc 823 0
16de 16ff 16fe 16dd 824 0
16df 1700 16ff 16de 825 0
16e0 1701 1700 16df 826 0
16e1 1702 1701 16e0 827 0
16e2 1703 1702 16e1 828 0
16e3 1704 1703 16e2 829 0
16e4 1705 1704 16e3 82a 0
16e5 1706 1705 16e4 82b 0
16e6 1707 1706 16e5 82c 0
16e7 1708 1707 16e6 82d 0
16e8 1709 1708 16e7 82e 0
16e9 170a 1709 16e8 82f 0
16ea 170b 170a 16e9 830 0
16eb 170c 170b 16ea 831 0
16ec 170d 170c 16eb 832 0
16ed 170e 170d 16ec 833 0
16ee 170f 170e 16ed 834 0
16ef 1710 170f 16ee 835 0
16f0 1711 1710 16ef 836 0
16f1 1712 1711 16f0 837 0
16f2 1713 1712 16f1 838 0
16f3 1714 1713 16f2 839 0
16f4 1715 1714 16f3 83a 0
16f5 1716 1715 16f4 83b 0
16f6 1717 1716 16f5 83c 0
16f7 1718 1717 16f6 83d 0
16f8 1719 1718 16f7 83e 0
16f9 171a 1719 16f8 83f 0
16fa 171b 171a 16f9 840 0
16fc 171d 171c 16fb 841 0
16fd 171e 171d 16fc 842 0
16fe 171f 171e 16fd 843 0
16ff 1720 171f 16fe 844 0
1700 1721 1720 16ff 845 0
1701 1722 1721 1700 846 0
1702 1723 1722 1701 847 0
1703 1724 1723 1702 848 0
1704 1725 1724 1703 849 0
1705 1726 1725 1704 84a 0
1706 1727 1726 1705 84b 0
1707 1728 1727 1706 84c 0
1708 1729 1728 1707 84d 0
1709 172a 1729 1708 84e 0
170a 172b 172a 1709 84f 0
170b 172c 172b 170a 850 0
170c 172d 172c 170b 851 0
170d 172e 172d 170c 852 0
170e 172f 172e 170d 853 0
170f 1730 172f 170e 854 0
1710 1731 1730 170f 855 0
1711 1732 1731 1710 856 0
1712 1733 1732 1711 857 0
1713 1734 1733 1712 858 0
1714 1735 1734 1713 859 0
1715 1736 1735 1714 85a 0
1716 1737 1736 1715 85b 0
1717 1738 1737 1716 85c 0
1718 1739 1738 1717 85d 0
1719 173a 1739 1718 85e 0
171a 173b 173a 1719 85f 0
171b 173c 173b 171a 860 0
171d 173e 173d 171c 861 0
171e 173f 173e 171d 862 0
171f 1740 173f 171e 863 0
1720 1741 1740 171f 864 0
1721 1742 1741 1720 865 0
1722 1743 1742 1721 866 0
1723 1744 1743 1722 867 0
1724 1745 1744 1723 868 0
1725 1746 1745 1724 869 0
1726 1747 1746 1725 86a 0
1727 1748 1747 1726 86b 0
1728 1749 1748 1727 86c 0
1729 174a 1749 1728 86d 0
172a 174b 174a 1729 86e 0
172b 174c 174b 172a 86f 0
172c 174d 174c 172b 870 0
172d 174e 174d 172c 871 0
172e 174f 174e 172d 872 0
172f 1750 174f 172e 873 0
1730 1751 1750 172f 874 0
1731 1752 1751 1730 875 0
1732 1753 1752 1731 876 0
1733 1754 1753 1732 877 0
1734 1755 1754 1733 878 0
1735 1756 1755 1734 879 0
1736 1757 1756 1735 87a 0
1737 1758 1757 1736 87b 0
1738 1759 1758 1737 87c 0
1739 175a 1759 1738 87d 0
173a 175b 175a 1739 87e 0
173b 175c 175b 173a 87f 0
173c 175d 175c 173b 880 0
173e 175f 175e 173d 881 0
173f 1760 175f 173e 882 0
1740 1761 1760 173f 883 0
1741 1762 1761 1740 884 0
1742 1763 1762 1741 885 0
1743 1764 1763 1742 886 0
1744 1765 1764 1743 887 0
1745 1766 1765 1744 888 0
1746 1767 1766 1745 889 0
1747 1768 1767 1746 88a 0
1748 1769 1768 1747 88b 0
1749 176a 1769 1748 88c 0
174a 176b 176a 1749 88d 0
174b 176c 176b 174a 88e 0
174c 176d 176c 174b 88f 0
174d 176e 176d 174c 890 0
174e 176f 176e 174d 891 0
174f 1770 176f 174e 892 0
1750 1771 1770 174f 893 0
1751 1772 1771 1750 894 0
1752 1773 1772 1751 895 0
1753 1774 1773 1752 896 0
1754 1775 1774 1753 897 0
1755 1776 1775 1754 898 0
1756 1777 1776 1755 899 0
1757 1778 1777 1756 89a 0
1758 1779 1778 1757 89b 0
1759 177a 1779 1758 89c 0
175a 177b 177a 1759 89d 0
175b 177c 177b 175a 89e 0
175c 177d 177c 175b 89f 0
175d 177e 177d 175c 8a0 0
175f 1780 177f 175e 8a1 0
1760 1781 1780 175f 8a2 0
1761 1782 1781 1760 8a3 0
1762 1783 1782 1761 8a4 0
1763 1784 1783 1762 8a5 0
1764 1785 1784 1763 8a6 0
1765 1786 1785 1764 8a7 0
1766 1787 1786 1765 8a8 0
1767 1788 1787 1766 8a9 0
1768 1789 1788 1767 8aa 0
1769 178a 1789 1768 8ab 0
176a 178b 178a 1769 8ac 0
176b 178c 178b 176a 8ad 0
176c 178d 178c 176b 8ae 0
176d 178e 178d 176c 8af 0
176e 178f 178e 176d 8b0 0
176f 1790 178f 176e 8b1 0
1770 1791 1790 176f 8b2 0
1771 1792 1791 1770 8b3 0
1772 1793 1792 1771 8b4 0
1773 1794 1793 1772 8b5 0
1774 1795 1794 1773 8b6 0
1775 1796 1795 1774 8b7 0
1776 1797 1796 1775 8b8 0
1777 1798 1797 1776 8b9 0
1778 1799 1798 1777 8ba 0
1779 179a 1799 1778 8bb 0
177a 179b 179a 1779 8bc 0
177b 179c 179b 177a 8bd 0
177c 179d 179c 177b 8be 0
177d 179e 179d 177c 8bf 0
177e 179f 179e 177d 8c0 0
1780 17a1 17a0 177f 8c1 0
1781 17a2 17a1 1780 8c2 0
1782 17a3 17a2 1781 8c3 0
1783 17a4 17a3 1782 8c4 0
1784 17a5 17a4 1783 8c5 0
1785 17a6 17a5 1784 8c6 0
1786 17a7 17a6 1785 8c7 0
1787 17a8 17a7 1786 8c8 0
1788 17a9 17a8 1787 8c9 0
1789 17aa 17a9 1788 8ca 0
178a 17ab 17aa 1789 8cb 0
178b 17ac 17ab 178a 8cc 0
178c 17ad 17ac 178b 8cd 0
178d 17ae 17ad 178c 8ce 0
178e 17af 17ae 178d 8cf 0
178f 17b0 17af 178e 8d0 0
1790 17b1 17b0 178f 8d1 0
1791 17b2 17b1 1790 8d2 0
1792 17b3 17b2 1791 8d3 0
1793 17b4 17b3 1792 8d4 0
1794 17b5 17b4 1793 8d5 0
1795 17b6 17b5 1794 8d6 0
1796 17b7 17b6 1795 8d7 0
1797 17b8 17b7 1796 8d8 0
1798 17b9 17b8 1797 8d9 0
1799 17ba 17b9 1798 8da 0
179a 17bb 17ba 1799 8db 0
179b 17bc 17bb 179a 8dc 0
179c 17bd 17bc 179b 8dd 0
179d 17be 17bd 179c 8de 0
179e 17bf 17be 179d 8df 0
179f 17c0 17bf 179e 8e0 0
17a1 17c2 17c1 17a0 8e1 0
17a2 17c3 17c2 17a1 8e2 0
17a3 17c4 17c3 17a2 8e3 0
17a4 17c5 17c4 17a3 8e4 0
17a5 17c6 17c5 17a4 8e5 0
17a6 17c7 17c6 17a5 8e6 0
17a7 17c8 17c7 17a6 8e7 0
17a8 17c9 17c8 17a7 8e8 0
17a9 17ca 17c9 17a8 8e9 0
17aa 17cb 17ca 17a9 8ea 0
17ab 17cc 17cb 17aa 8eb 0
17ac 17cd 17cc 17ab 8ec 0
17ad 17ce 17cd 17ac 8ed 0
17ae 17cf 17ce 17ad 8ee 0
17af 17d0 17cf 17ae 8ef 0
17b0 17d1 17d0 17af 8f0 0
17b1 17d2 17d1 17b0 8f1 0
17b2 17d3 17d2 17b1 8f2 0
17b3 17d4 17d3 17b2 8f3 0
17b4 17d5 17d4 17b3 8f4 0
17b5 17d6 17d5 17b4 8f5 0
17b6 17d7 17d6 17b5 8f6 0
17b7 17d8 17d7 17b6 8f7 0
17b8 17d9 17d8 17b7 8f8 0
17b9 17da 17d9 17b8 8f9 0
17ba 17db 17da 17b9 8fa 0
17bb 17dc 17db 17ba 8fb 0
17bc 17dd 17dc 17bb 8fc 0
17bd 17de 17dd 17bc 8fd 0
17be 17df 17de 17bd 8fe 0
17bf 17e0 17df 17be 8ff 0
17c0 17e1 17e0 17bf 900 0
17c2 17e3 17e2 17c1 901 0
17c3 17e4 17e3 17c2 902 0
17c4 17e5 17e4 17c3 903 0
17c5 17e6 17e5 17c4 904 0
17c6 17e7 17e6 17c5 905 0
17c7 17e8 17e7 17c6 906 0
17c8 17e9 17e8 17c7 907 0
17c9 17ea 17e9 17c8 908 0
17ca 17eb 17ea 17c9 909 0
17cb 17ec 17eb 17ca 90a 0
17cc 17ed 17ec 17cb 90b 0
17cd 17ee 17ed 17cc 90c 0
17ce 17ef 17ee 17cd 90d 0
17cf 17f0 17ef 17ce 90e 0
17d0 17f1 17f0 17cf 90f 0
17d1 17f2 17f1 17d0 910 0
17d2 17f3 17f2 17d1 911 0
17d3 17f4 17f3 17d2 912 0
17d4 17f5 17f4 17d3 913 0
17d5 17f6 17f5 17d4 914 0
17d6 17f7 17f6 17d5 915 0
17d7 17f8 17f7 17d6 916 0
17d8 17f9 17f8 17d7 917 0
17d9 17fa 17f9 17d8 918 0
17da 17fb 17fa 17d9 919 0
17db 17fc 17fb 17da 91a 0
17dc 17fd 17fc 17db 91b 0
17dd 17fe 17fd 17dc 91c 0
17de 17ff 17fe 17dd 91d 0
17df 1800 17ff 17de 91e 0
17e0 1801 1800 17df 91f 0
17e1 1802 1801 17e0 920 0
17e3 1804 1803 17e2 921 0
17e4 1805 1804 17e3 922 0
17e5 1806 1805 17e4 923 0
17e6 1807 1806 17e5 924 0
17e7 1808 1807 17e6 925 0
17e8 1809 1808 17e7 926 0
17e9 180a 1809 17e8 927 0
17ea 180b 180a 17e9 928 0
17eb 180c 180b 17ea 929 0
17ec 180d 180c 17eb 92a 0
17ed 180e 180d 17ec 92b 0
17ee 180f 180e 17ed 92c 0
17ef 1810 180f 17ee 92d 0
17f0 1811 1810 17ef 92e 0
17f1 1812 1811 17f0 92f 0
17f2 1813 1812 17f1 930 0
17f3 1814 1813 17f2 931 0
17f4 1815 1814 17f3 932 0
17f5 1816 1815 17f4 933 0
17f6 1817 1816 17f5 934 0
17f7 1818 1817 17f6 935 0
17f8 1819 1818 17f7 936 0
17f9 181a 1819 17f8 937 0
17fa 181b 181a 17f9 938 0
17fb 181c 181b 17fa 939 0
17fc 181d 181c 17fb 93a 0
17fd 181e 181d 17fc 93b 0
17fe 181f 181e 17fd 93c 0
17ff 1820 181f 17fe 93d 0
1800 1821 1820 17ff 93e 0
1801 1822 1821 1800 93f 0
1802 1823 1822 1801 940 0
1804 1825 1824 1803 941 0
1805 1826 1825 1804 942 0
1806 1827 1826 1805 943 0
1807 1828 1827 1806 944 0
1808 1829 1828 1807 945 0
))
(13 (3 1c01 1c20 9 4)(
e79 1 2 e7a 1 0
e7a 2 3 e7b 2 0
e7b 3 4 e7c 3 0
e7c 4 5 e7d 4 0
e7d 5 6 e7e 5 0
e7e 6 7 e7f 6 0
e7f 7 8 e80 7 0
e80 8 9 e81 8 0
e81 9 a e82 9 0
e82 a b e83 a 0
e83 b c e84 b 0
e84 c d e85 c 0
e85 d e e86 d 0
e86 e f e87 e 0
e87 f 10 e88 f 0
e88 10 11 e89 10 0
e89 11 12 e8a 11 0
e8a 12 13 e8b 12 0
e8b 13 14 e8c 13 0
e8c 14 15 e8d 14 0
e8d 15 16 e8e 15 0
e8e 16 17 e8f 16 0
e8f 17 18 e90 17 0
e90 18 19 e91 18 0
e91 19 1a e92 19 0
e92 1a 1b e93 1a 0
e93 1b 1c e94 1b 0
e94 1c 1d e95 1c 0
e95 1d 1e e96 1d 0
e96 1e 1f e97 1e 0
e97 1f 20 e98 1f 0
e98 20 21 e99 20 0
))
(13 (4 1c21 1c40 9 4)(
1 e79 1cd1 e59 de1 0
e59 1cd1 1cd2 e5a de2 0
e5a 1cd2 1cd3 e5b de3 0
e5b 1cd3 1cd4 e5c de4 0
e5c 1cd4 1cd5 e5d de5 0
e5d 1cd5 1cd6 e5e de6 0
e5e 1cd6 1cd7 e5f de7 0
e5f 1cd7 1cd8 e60 de8 0
e60 1cd8 1cd9 e61 de9 0
e61 1cd9 1cda e62 dea 0
e62 1cda 1cdb e63 deb 0
e63 1cdb 1cdc e64 dec 0
e64 1cdc 1cdd e65 ded 0
e65 1cdd 1cde e66 dee 0
e66 1cde 1cdf e67 def 0
e67 1cdf 1ce0 e68 df0 0
e68 1ce0 1ce1 e69 df1 0
e69 1ce1 1ce2 e6a df2 0
e6a 1ce2 1ce3 e6b df3 0
e6b 1ce3 1ce4 e6c df4 0
e6c 1ce4 1ce5 e6d df5 0
e6d 1ce5 1ce6 e6e df6 0
e6e 1ce6 1ce7 e6f df7 0
e6f 1ce7 1ce8 e70 df8 0
e70 1ce8 1ce9 e71 df9 0
e71 1ce9 1cea e72 dfa 0
e72 1cea 1ceb e73 dfb 0
e73 1ceb 1cec e74 dfc 0
e74 1cec 1ced e75 dfd 0
e75 1ced 1cee e76 dfe 0
e76 1cee 1cef e77 dff 0
e77 1cef 1cf0 e78 e00 0
))
(13 (5 1c41 1c80 3 4)(
1191 11b2 33a 319 301 0
11b2 11d3 35b 33a 321 0
11d3 11f4 37c 35b 341 0
11f4 1215 39d 37c 361 0
1215 1236 3be 39d 381 0
1236 1257 3df 3be 3a1 0
1257 1278 400 3df 3c1 0
1278 1299 421 400 3e1 0
1299 12ba 442 421 401 0
12ba 12db 463 442 421 0
12db 12fc 484 463 441 0
12fc 131d 4a5 484 461 0
131d 133e 4c6 4a5 481 0
133e 135f 4e7 4c6 4a1 0
135f 1380 508 4e7 4c1 0
1380 13a1 529 508 4e1 0
13a1 13c2 54a 529 501 0
13c2 13e3 56b 54a 521 0
13e3 1404 58c 56b 541 0
1404 1425 5ad 58c 561 0
1425 1446 5ce 5ad 581 0
1446 1467 5ef 5ce 5a1 0
1467 1488 610 5ef 5c1 0
1488 14a9 631 610 5e1 0
14a9 14ca 652 631 601 0
14ca 14eb 673 652 621 0
14eb 150c 694 673 641 0
150c 152d 6b5 694 661 0
152d 154e 6d6 6b5 681 0
154e 156f 6f7 6d6 6a1 0
156f 1590 718 6f7 6c1 0
1590 15b1 739 718 6e1 0
15b1 15d2 75a 739 701 0
15d2 15f3 77b 75a 721 0
15f3 1614 79c 77b 741 0
1614 1635 7bd 79c 761 0
1635 1656 7de 7bd 781 0
1656 1677 7ff 7de 7a1 0
1677 1698 820 7ff 7c1 0
1698 16b9 841 820 7e1 0
16b9 16da 862 841 801 0
16da 16fb 883 862 821 0
16fb 171c 8a4 883 841 0
171c 173d 8c5 8a4 861 0
173d 175e 8e6 8c5 881 0
175e 177f 907 8e6 8a1 0
177f 17a0 928 907 8c1 0
17a0 17c1 949 928 8e1 0
17c1 17e2 96a 949 901 0
17e2 1803 98b 96a 921 0
1803 1824 9ac 98b 941 0
1824 1845 9cd 9ac 961 0
1845 1866 9ee 9cd 981 0
1866 1887 a0f 9ee 9a1 0
1887 18a8 a30 a0f 9c1 0
18a8 18c9 a51 a30 9e1 0
18c9 18ea a72 a51 a01 0
18ea 190b a93 a72 a21 0
190b 192c ab4 a93 a41 0
192c 194d ad5 ab4 a61 0
194d 196e af6 ad5 a81 0
196e 198f b17 af6 aa1 0
198f 19b0 b38 b17 ac1 0
19b0 1191 319 b38 ae1 0
))
(13 (6 1c81 1cf0 9 4)(
21 42 eba e99 20 0
42 63 edb eba 40 0
63 84 efc edb 60 0
84 a5 f1d efc 80 0
a5 c6 f3e f1d a0 0
c6 e7 f5f f3e c0 0
e7 108 f80 f5f e0 0
108 129 fa1 f80 100 0
129 14a fc2 fa1 120 0
14a 16b fe3 fc2 140 0
16b 18c 1004 fe3 160 0
18c 1ad 1025 1004 180 0
1ad 1ce 1046 1025 1a0 0
1ce 1ef 1067 1046 1c0 0
1ef 210 1088 1067 1e0 0
210 231 10a9 1088 200 0
231 252 10ca 10a9 220 0
252 273 10eb 10ca 240 0
273 294 110c 10eb 260 0
294 2b5 112d 110c 280 0
2b5 2d6 114e 112d 2a0 0
2d6 2f7 116f 114e 2c0 0
2f7 318 1190 116f 2e0 0
318 339 11b1 1190 300 0
339 35a 11d2 11b1 320 0
35a 37b 11f3 11d2 340 0
37b 39c 1214 11f3 360 0
39c 3bd 1235 1214 380 0
3bd 3de 1256 1235 3a0 0
3de 3ff 1277 1256 3c0 0
3ff 420 1298 1277 3e0 0
420 441 12b9 1298 400 0
441 462 12da 12b9 420 0
462 483 12fb 12da 440 0
483 4a4 131c 12fb 460 0
4a4 4c5 133d 131c 480 0
4c5 4e6 135e 133d 4a0 0
4e6 507 137f 135e 4c0 0
507 528 13a0 137f 4e0 0
528 549 13c1 13a0 500 0
549 56a 13e2 13c1 520 0
56a 58b 1403 13e2 540 0
58b 5ac 1424 1403 560 0
5ac 5cd 1445 1424 580 0
5cd 5ee 1466 1445 5a0 0
5ee 60f 1487 1466 5c0 0
60f 630 14a8 1487 5e0 0
630 651 14c9 14a8 600 0
651 672 14ea 14c9 620 0
672 693 150b 14ea 640 0
693 6b4 152c 150b 660 0
6b4 6d5 154d 152c 680 0
6d5 6f6 156e 154d 6a0 0
6f6 717 158f 156e 6c0 0
717 738 15b0 158f 6e0 0
738 759 15d1 15b0 700 0
759 77a 15f2 15d1 720 0
77a 79b 1613 15f2 740 0
79b 7bc 1634 1613 760 0
7bc 7dd 1655 1634 780 0
7dd 7fe 1676 1655 7a0 0
7fe 81f 1697 1676 7c0 0
81f 840 16b8 1697 7e0 0
840 861 16d9 16b8 800 0
861 882 16fa 16d9 820 0
882 8a3 171b 16fa 840 0
8a3 8c4 173c 171b 860 0
8c4 8e5 175d 173c 880 0
8e5 906 177e 175d 8a0 0
906 927 179f 177e 8c0 0
927 948 17c0 179f 8e0 0
948 969 17e1 17c0 900 0
969 98a 1802 17e1 920 0
98a 9ab 1823 1802 940 0
9ab 9cc 1844 1823 960 0
9cc 9ed 1865 1844 980 0
9ed a0e 1886 1865 9a0 0
a0e a2f 18a7 1886 9c0 0
a2f a50 18c8 18a7 9e0 0
a50 a71 18e9 18c8 a00 0
a71 a92 190a 18e9 a20 0
a92 ab3 192b 190a a40 0
ab3 ad4 194c 192b a60 0
ad4 af5 196d 194c a80 0
af5 b16 198e 196d aa0 0
b16 b37 19af 198e ac0 0
b37 b58 19d0 19af ae0 0
b58 b78 19f0 19d0 b00 0
b78 b98 1a10 19f0 b20 0
b98 bb8 1a30 1a10 b40 0
bb8 bd8 1a50 1a30 b60 0
bd8 bf8 1a70 1a50 b80 0
bf8 c18 1a90 1a70 ba0 0
c18 c38 1ab0 1a90 bc0 0
c38 c58 1ad0 1ab0 be0 0
c58 c78 1af0 1ad0 c00 0
c78 c98 1b10 1af0 c20 0
c98 cb8 1b30 1b10 c40 0
cb8 cd8 1b50 1b30 c60 0
cd8 cf8 1b70 1b50 c80 0
cf8 d18 1b90 1b70 ca0 0
d18 d38 1bb0 1b90 cc0 0
d38 d58 1bd0 1bb0 ce0 0
d58 d78 1bf0 1bd0 d00 0
d78 d98 1c10 1bf0 d20 0
d98 db8 1c30 1c10 d40 0
db8 dd8 1c50 1c30 d60 0
dd8 df8 1c70 1c50 d80 0
df8 e18 1c90 1c70 da0 0
e18 e38 1cb0 1c90 dc0 0
e38 e58 1cd0 1cb0 de0 0
e58 e78 1cf0 1cd0 e00 0
))
(13 (a 1cf1 3878 2 4)(
e79 1 22 e9a de1 1
2 e7a e9b 23 2 1
3 e7b e9c 24 3 2
4 e7c e9d 25 4 3
5 e7d e9e 26 5 4
6 e7e e9f 27 6 5
7 e7f ea0 28 7 6
8 e80 ea1 29 8 7
9 e81 ea2 2a 9 8
a e82 ea3 2b a 9
b e83 ea4 2c b a
c e84 ea5 2d c b
d e85 ea6 2e d c
e e86 ea7 2f e d
f e87 ea8 30 f e
10 e88 ea9 31 10 f
11 e89 eaa 32 11 10
12 e8a eab 33 12 11
13 e8b eac 34 13 12
14 e8c ead 35 14 13
15 e8d eae 36 15 14
16 e8e eaf 37 16 15
17 e8f eb0 38 17 16
18 e90 eb1 39 18 17
19 e91 eb2 3a 19 18
1a e92 eb3 3b 1a 19
1b e93 eb4 3c 1b 1a
1c e94 eb5 3d 1c 1b
1d e95 eb6 3e 1d 1c
1e e96 eb7 3f 1e 1d
1f e97 eb8 40 1f 1e
20 e98 eb9 41 20 1f
22 23 e9b e9a 21 1
e9a 22 43 ebb dc1 21
22 e39 1cb1 e9a de1 dc1
23 24 e9c e9b 22 2
23 e9b ebc 44 22 21
24 25 e9d e9c 23 3
24 e9c ebd 45 23 22
25 26 e9e e9d 24 4
25 e9d ebe 46 24 23
26 27 e9f e9e 25 5
26 e9e ebf 47 25 24
27 28 ea0 e9f 26 6
27 e9f ec0 48 26 25
28 29 ea1 ea0 27 7
28 ea0 ec1 49 27 26
29 2a ea2 ea1 28 8
29 ea1 ec2 4a 28 27
2a 2b ea3 ea2 29 9
2a ea2 ec3 4b 29 28
2b 2c ea4 ea3 2a a
2b ea3 ec4 4c 2a 29
2c 2d ea5 ea4 2b b
2c ea4 ec5 4d 2b 2a
2d 2e ea6 ea5 2c c
2d ea5 ec6 4e 2c 2b
2e 2f ea7 ea6 2d d
2e ea6 ec7 4f 2d 2c
2f 30 ea8 ea7 2e e
2f ea7 ec8 50 2e 2d
30 31 ea9 ea8 2f f
30 ea8 ec9 51 2f 2e
31 32 eaa ea9 30 10
31 ea9 eca 52 30 2f
32 33 eab eaa 31 11
32 eaa ecb 53 31 30
33 34 eac eab 32 12
33 eab ecc 54 32 31
34 35 ead eac 33 13
34 eac ecd 55 33 32
35 36 eae ead 34 14
35 ead ece 56 34 33
36 37 eaf eae 35 15
36 eae ecf 57 35 34
37 38 eb0 eaf 36 16
37 eaf ed0 58 36 35
38 39 eb1 eb0 37 17
38 eb0 ed1 59 37 36
39 3a eb2 eb1 38 18
39 eb1 ed2 5a 38 37
3a 3b eb3 eb2 39 19
3a eb2 ed3 5b 39 38
3b 3c eb4 eb3 3a 1a
3b eb3 ed4 5c 3a 39
3c 3d eb5 eb4 3b 1b
3c eb4 ed5 5d 3b 3a
3d 3e eb6 eb5 3c 1c
3d eb5 ed6 5e 3c 3b
3e 3f eb7 eb6 3d 1d
3e eb6 ed7 5f 3d 3c
3f 40 eb8 eb7 3e 1e
3f eb7 ed8 60 3e 3d
40 41 eb9 eb8 3f 1f
40 eb8 ed9 61 3f 3e
41 42 eba eb9 40 20
41 eb9 eda 62 40 3f
43 44 ebc ebb 41 21
ebb 43 64 edc da1 41
43 e19 1c91 ebb dc1 da1
44 45 ebd ebc 42 22
44 ebc edd 65 42 41
45 46 ebe ebd 43 23
45 ebd ede 66 43 42
46 47 ebf ebe 44 24
46 ebe edf 67 44 43
47 48 ec0 ebf 45 25
47 ebf ee0 68 45 44
48 49 ec1 ec0 46 26
48 ec0 ee1 69 46 45
49 4a ec2 ec1 47 27
49 ec1 ee2 6a 47 46
4a 4b ec3 ec2 48 28
4a ec2 ee3 6b 48 47
4b 4c ec4 ec3 49 29
4b ec3 ee4 6c 49 48
4c 4d ec5 ec4 4a 2a
4c ec4 ee5 6d 4a 49
4d 4e ec6 ec5 4b 2b
4d ec5 ee6 6e 4b 4a
4e 4f ec7 ec6 4c 2c
4e ec6 ee7 6f 4c 4b
4f 50 ec8 ec7 4d 2d
4f ec7 ee8 70 4d 4c
50 51 ec9 ec8 4e 2e
50 ec8 ee9 71 4e 4d
51 52 eca ec9 4f 2f
51 ec9 eea 72 4f 4e
52 53 ecb eca 50 30
52 eca eeb 73 50 4f
53 54 ecc ecb 51 31
53 ecb eec 74 51 50
54 55 ecd ecc 52 32
54 ecc eed 75 52 51
55 56 ece ecd 53 33
55 ecd eee 76 53 52
56 57 ecf ece 54 34
56 ece eef 77 54 53
57 58 ed0 ecf 55 35
57 ecf ef0 78 55 54
58 59 ed1 ed0 56 36
58 ed0 ef1 79 56 55
59 5a ed2 ed1 57 37
59 ed1 ef2 7a 57 56
5a 5b ed3 ed2 58 38
5a ed2 ef3 7b 58 57
5b 5c ed4 ed3 59 39
5b ed3 ef4 7c 59 58
5c 5d ed5 ed4 5a 3a
5c ed4 ef5 7d 5a 59
5d 5e ed6 ed5 5b 3b
5d ed5 ef6 7e 5b 5a
5e 5f ed7 ed6 5c 3c
5e ed6 ef7 7f 5c 5b
5f 60 ed8 ed7 5d 3d
5f ed7 ef8 80 5d 5c
60 61 ed9 ed8 5e 3e
60 ed8 ef9 81 5e 5d
61 62 eda ed9 5f 3f
61 ed9 efa 82 5f 5e
62 63 edb eda 60 40
62 eda efb 83 60 5f
64 65 edd edc 61 41
edc 64 85 efd d81 61
64 df9 1c71 edc da1 d81
65 66 ede edd 62 42
65 edd efe 86 62 61
66 67 edf ede 63 43
66 ede eff 87 63 62
67 68 ee0 edf 64 44
67 edf f00 88 64 63
68 69 ee1 ee0 65 45
68 ee0 f01 89 65 64
69 6a ee2 ee1 66 46
69 ee1 f02 8a 66 65
6a 6b ee3 ee2 67 47
6a ee2 f03 8b 67 66
6b 6c ee4 ee3 68 48
6b ee3 f04 8c 68 67
6c 6d ee5 ee4 69 49
6c ee4 f05 8d 69 68
6d 6e ee6 ee5 6a 4a
6d ee5 f06 8e 6a 69
6e 6f ee7 ee6 6b 4b
6e ee6 f07 8f 6b 6a
6f 70 ee8 ee7 6c 4c
6f ee7 f08 90 6c 6b
70 71 ee9 ee8 6d 4d
70 ee8 f09 91 6d 6c
71 72 eea ee9 6e 4e
71 ee9 f0a 92 6e 6d
72 73 eeb eea 6f 4f
72 eea f0b 93 6f 6e
73 74 eec eeb 70 50
73 eeb f0c 94 70 6f
74 75 eed eec 71 51
74 eec f0d 95 71 70
75 76 eee eed 72 52
75 eed f0e 96 72 71
76 77 eef eee 73 53
76 eee f0f 97 73 72
77 78 ef0 eef 74 54
77 eef f10 98 74 73
78 79 ef1 ef0 75 55
78 ef0 f11 99 75 74
79 7a ef2 ef1 76 56
79 ef1 f12 9a 76 75
7a 7b ef3 ef2 77 57
7a ef2 f13 9b 77 76
7b 7c ef4 ef3 78 58
7b ef3 f14 9c 78 77
7c 7d ef5 ef4 79 59
7c ef4 f15 9d 79 78
7d 7e ef6 ef5 7a 5a
7d ef5 f16 9e 7a 79
7e 7f ef7 ef6 7b 5b
7e ef6 f17 9f 7b 7a
7f 80 ef8 ef7 7c 5c
7f ef7 f18 a0 7c 7b
80 81 ef9 ef8 7d 5d
80 ef8 f19 a1 7d 7c
81 82 efa ef9 7e 5e
81 ef9 f1a a2 7e 7d
82 83 efb efa 7f 5f
82 efa f1b a3 7f 7e
83 84 efc efb 80 60
83 efb f1c a4 80 7f
85 86 efe efd 81 61
efd 85 a6 f1e d61 81
85 dd9 1c51 efd d81 d61
86 87 eff efe 82 62
86 efe f1f a7 82 81
87 88 f00 eff 83 63
87 eff f20 a8 83 82
88 89 f01 f00 84 64
88 f00 f21 a9 84 83
89 8a f02 f01 85 65
89 f01 f22 aa 85 84
8a 8b f03 f02 86 66
8a f02 f23 ab 86 85
8b 8c f04 f03 87 67
8b f03 f24 ac 87 86
8c 8d f05 f04 88 68
8c f04 f25 ad 88 87
8d 8e f06 f05 89 69
8d f05 f26 ae 89 88
8e 8f f07 f06 8a 6a
8e f06 f27 af 8a 89
8f 90 f08 f07 8b 6b
8f f07 f28 b0 8b 8a
90 91 f09 f08 8c 6c
90 f08 f29 b1 8c 8b
91 92 f0a f09 8d 6d
91 f09 f2a b2 8d 8c
92 93 f0b f0a 8e 6e
92 f0a f2b b3 8e 8d
93 94 f0c f0b 8f 6f
93 f0b f2c b4 8f 8e
94 95 f0d f0c 90 70
94 f0c f2d b5 90 8f
95 96 f0e f0d 91 71
95 f0d f2e b6 91 90
96 97 f0f f0e 92 72
96 f0e f2f b7 92 91
97 98 f10 f0f 93 73
97 f0f f30 b8 93 92
98 99 f11 f10 94 74
98 f10 f31 b9 94 93
99 9a f12 f11 95 75
99 f11 f32 ba 95 94
9a 9b f13 f12 96 76
9a f12 f33 bb 96 95
9b 9c f14 f13 97 77
9b f13 f34 bc 97 96
9c 9d f15 f14 98 78
9c f14 f35 bd 98 97
9d 9e f16 f15 99 79
9d f15 f36 be 99 98
9e 9f f17 f16 9a 7a
9e f16 f37 bf 9a 99
9f a0 f18 f17 9b 7b
9f f17 f38 c0 9b 9a
a0 a1 f19 f18 9c 7c
a0 f18 f39 c1 9c 9b
a1 a2 f1a f19 9d 7d
a1 f19 f3a c2 9d 9c
a2 a3 f1b f1a 9e 7e
a2 f1a f3b c3 9e 9d
a3 a4 f1c f1b 9f 7f
a3 f1b f3c c4 9f 9e
a4 a5 f1d f1c a0 80
a4 f1c f3d c5 a0 9f
a6 a7 f1f f1e a1 81
f1e a6 c7 f3f d41 a1
a6 db9 1c31 f1e d61 d41
a7 a8 f20 f1f a2 82
a7 f1f f40 c8 a2 a1
a8 a9 f21 f20 a3 83
a8 f20 f41 c9 a3 a2
a9 aa f22 f21 a4 84
a9 f21 f42 ca a4 a3
aa ab f23 f22 a5 85
aa f22 f43 cb a5 a4
ab ac f24 f23 a6 86
ab f23 f44 cc a6 a5
ac ad f25 f24 a7 87
ac f24 f45 cd a7 a6
ad ae f26 f25 a8 88
ad f25 f46 ce a8 a7
ae af f27 f26 a9 89
ae f26 f47 cf a9 a8
af b0 f28 f27 aa 8a
af f27 f48 d0 aa a9
b0 b1 f29 f28 ab 8b
b0 f28 f49 d1 ab aa
b1 b2 f2a f29 ac 8c
b1 f29 f4a d2 ac ab
b2 b3 f2b f2a ad 8d
b2 f2a f4b d3 ad ac
b3 b4 f2c f2b ae 8e
b3 f2b f4c d4 ae ad
b4 b5 f2d f2c af 8f
b4 f2c f4d d5 af ae
b5 b6 f2e f2d b0 90
b5 f2d f4e d6 b0 af
b6 b7 f2f f2e b1 91
b6 f2e f4f d7 b1 b0
b7 b8 f30 f2f b2 92
b7 f2f f50 d8 b2 b1
b8 b9 f31 f30 b3 93
b8 f30 f51 d9 b3 b2
b9 ba f32 f31 b4 94
b9 f31 f52 da b4 b3
ba bb f33 f32 b5 95
ba f32 f53 db b5 b4
bb bc f34 f33 b6 96
bb f33 f54 dc b6 b5
bc bd f35 f34 b7 97
bc f34 f55 dd b7 b6
bd be f36 f35 b8 98
bd f35 f56 de b8 b7
be bf f37 f36 b9 99
be f36 f57 df b9 b8
bf c0 f38 f37 ba 9a
bf f37 f58 e0 ba b9
c0 c1 f39 f38 bb 9b
c0 f38 f59 e1 bb ba
c1 c2 f3a f39 bc 9c
c1 f39 f5a e2 bc bb
c2 c3 f3b f3a bd 9d
c2 f3a f5b e3 bd bc
c3 c4 f3c f3b be 9e
c3 f3b f5c e4 be bd
c4 c5 f3d f3c bf 9f
c4 f3c f5d e5 bf be
c5 c6 f3e f3d c0 a0
c5 f3d f5e e6 c0 bf
c7 c8 f40 f3f c1 a1
f3f c7 e8 f60 d21 c1
c7 d99 1c11 f3f d41 d21
c8 c9 f41 f40 c2 a2
c8 f40 f61 e9 c2 c1
c9 ca f42 f41 c3 a3
c9 f41 f62 ea c3 c2
ca cb f43 f42 c4 a4
ca f42 f63 eb c4 c3
cb cc f44 f43 c5 a5
cb f43 f64 ec c5 c4
cc cd f45 f44 c6 a6
cc f44 f65 ed c6 c5
cd ce f46 f45 c7 a7
cd f45 f66 ee c7 c6
ce cf f47 f46 c8 a8
ce f46 f67 ef c8 c7
cf d0 f48 f47 c9 a9
cf f47 f68 f0 c9 c8
d0 d1 f49 f48 ca aa
d0 f48 f69 f1 ca c9
d1 d2 f4a f49 cb ab
d1 f49 f6a f2 cb ca
d2 d3 f4b f4a cc ac
d2 f4a f6b f3 cc cb
d3 d4 f4c f4b cd ad
d3 f4b f6c f4 cd cc
d4 d5 f4d f4c ce ae
d4 f4c f6d f5 ce cd
d5 d6 f4e f4d cf af
d5 f4d f6e f6 cf ce
d6 d7 f4f f4e d0 b0
d6 f4e f6f f7 d0 cf
d7 d8 f50 f4f d1 b1
d7 f4f f70 f8 d1 d0
d8 d9 f51 f50 d2 b2
d8 f50 f71 f9 d2 d1
d9 da f52 f51 d3 b3
d9 f51 f72 fa d3 d2
da db f53 f52 d4 b4
da f52 f73 fb d4 d3
db dc f54 f53 d5 b5
db f53 f74 fc d5 d4
dc dd f55 f54 d6 b6
dc f54 f75 fd d6 d5
dd de f56 f55 d7 b7
dd f55 f76 fe d7 d6
de df f57 f56 d8 b8
de f56 f77 ff d8 d7
df e0 f58 f57 d9 b9
df f57 f78 100 d9 d8
e0 e1 f59 f58 da ba
e0 f58 f79 101 da d9
e1 e2 f5a f59 db bb
e1 f59 f7a 102 db da
e2 e3 f5b f5a dc bc
e2 f5a f7b 103 dc db
e3 e4 f5c f5b dd bd
e3 f5b f7c 104 dd dc
e4 e5 f5d f5c de be
e4 f5c f7d 105 de dd
e5 e6 f5e f5d df bf
e5 f5d f7e 106 df de
e6 e7 f5f f5e e0 c0
e6 f5e f7f 107 e0 df
e8 e9 f61 f60 e1 c1
f60 e8 109 f81 d01 e1
e8 d79 1bf1 f60 d21 d01
e9 ea f62 f61 e2 c2
e9 f61 f82 10a e2 e1
ea eb f63 f62 e3 c3
ea f62 f83 10b e3 e2
eb ec f64 f63 e4 c4
eb f63 f84 10c e4 e3
ec ed f65 f64 e5 c5
ec f64 f85 10d e5 e4
ed ee f66 f65 e6 c6
ed f65 f86 10e e6 e5
ee ef f67 f66 e7 c7
ee f66 f87 10f e7 e6
ef f0 f68 f67 e8 c8
ef f67 f88 110 e8 e7
f0 f1 f69 f68 e9 c9
f0 f68 f89 111 e9 e8
f1 f2 f6a f69 ea ca
f1 f69 f8a 112 ea e9
f2 f3 f6b f6a eb cb
f2 f6a f8b 113 eb ea
f3 f4 f6c f6b ec cc
f3 f6b f8c 114 ec eb
f4 f5 f6d f6c ed cd
f4 f6c f8d 115 ed ec
f5 f6 f6e f6d ee ce
f5 f6d f8e 116 ee ed
f6 f7 f6f f6e ef cf
f6 f6e f8f 117 ef ee
f7 f8 f70 f6f f0 d0
f7 f6f f90 118 f0 ef
f8 f9 f71 f70 f1 d1
f8 f70 f91 119 f1 f0
f9 fa f72 f71 f2 d2
f9 f71 f92 11a f2 f1
fa fb f73 f72 f3 d3
fa f72 f93 11b f3 f2
fb fc f74 f73 f4 d4
fb f73 f94 11c f4 f3
fc fd f75 f74 f5 d5
fc f74 f95 11d f5 f4
fd fe f76 f75 f6 d6
fd f75 f96 11e f6 f5
fe ff f77 f76 f7 d7
fe f76 f97 11f f7 f6
ff 100 f78 f77 f8 d8
ff f77 f98 120 f8 f7
100 101 f79 f78 f9 d9
100 f78 f99 121 f9 f8
101 102 f7a f79 fa da
101 f79 f9a 122 fa f9
102 103 f7b f7a fb db
102 f7a f9b 123 fb fa
103 104 f7c f7b fc dc
103 f7b f9c 124 fc fb
104 105 f7d f7c fd dd
104 f7c f9d 125 fd fc
105 106 f7e f7d fe de
105 f7d f9e 126 fe fd
106 107 f7f f7e ff df
106 f7e f9f 127 ff fe
107 108 f80 f7f 100 e0
107 f7f fa0 128 100 ff
109 10a f82 f81 101 e1
f81 109 12a fa2 ce1 101
109 d59 1bd1 f81 d01 ce1
10a 10b f83 f82 102 e2
10a f82 fa3 12b 102 101
10b 10c f84 f83 103 e3
10b f83 fa4 12c 103 102
10c 10d f85 f84 104 e4
10c f84 fa5 12d 104 103
10d 10e f86 f85 105 e5
10d f85 fa6 12e 105 104
10e 10f f87 f86 106 e6
10e f86 fa7 12f 106 105
10f 110 f88 f87 107 e7
10f f87 fa8 130 107 106
110 111 f89 f88 108 e8
110 f88 fa9 131 108 107
111 112 f8a f89 109 e9
111 f89 faa 132 109 108
112 113 f8b f8a 10a ea
112 f8a fab 133 10a 109
113 114 f8c f8b 10b eb
113 f8b fac 134 10b 10a
114 115 f8d f8c 10c ec
114 f8c fad 135 10c 10b
115 116 f8e f8d 10d ed
115 f8d fae 136 10d 10c
116 117 f8f f8e 10e ee
116 f8e faf 137 10e 10d
117 118 f90 f8f 10f ef
117 f8f fb0 138 10f 10e
118 119 f91 f90 110 f0
118 f90 fb1 139 110 10f
119 11a f92 f91 111 f1
119 f91 fb2 13a 111 110
11a 11b f93 f92 112 f2
11a f92 fb3 13b 112 111
11b 11c f94 f93 113 f3
11b f93 fb4 13c 113 112
11c 11d f95 f94 114 f4
11c f94 fb5 13d 114 113
11d 11e f96 f95 115 f5
11d f95 fb6 13e 115 114
11e 11f f97 f96 116 f6
11e f96 fb7 13f 116 115
11f 120 f98 f97 117 f7
11f f97 fb8 140 117 116
120 121 f99 f98 118 f8
120 f98 fb9 141 118 117
121 122 f9a f99 119 f9
121 f99 fba 142 119 118
122 123 f9b f9a 11a fa
122 f9a fbb 143 11a 119
123 124 f9c f9b 11b fb
123 f9b fbc 144 11b 11a
124 125 f9d f9c 11c fc
124 f9c fbd 145 11c 11b
125 126 f9e f9d 11d fd
125 f9d fbe 146 11d 11c
126 127 f9f f9e 11e fe
126 f9e fbf 147 11e 11d
127 128 fa0 f9f 11f ff
127 f9f fc0 148 11f 11e
128 129 fa1 fa0 120 100
128 fa0 fc1 149 120 11f
12a 12b fa3 fa2 121 101
fa2 12a 14b fc3 cc1 121
12a d39 1bb1 fa2 ce1 cc1
12b 12c fa4 fa3 122 102
12b fa3 fc4 14c 122 121
12c 12d fa5 fa4 123 103
12c fa4 fc5 14d 123 122
12d 12e fa6 fa5 124 104
12d fa5 fc6 14e 124 123
12e 12f fa7 fa6 125 105
12e fa6 fc7 14f 125 124
12f 130 fa8 fa7 126 106
12f fa7 fc8 150 126 125
130 131 fa9 fa8 127 107
130 fa8 fc9 151 127 126
131 132 faa fa9 128 108
131 fa9 fca 152 128 127
132 133 fab faa 129 109
132 faa fcb 153 129 128
133 134 fac fab 12a 10a
133 fab fcc 154 12a 129
134 135 fad fac 12b 10b
134 fac fcd 155 12b 12a
135 136 fae fad 12c 10c
135 fad fce 156 12c 12b
136 137 faf fae 12d 10d
136 fae fcf 157 12d 12c
137 138 fb0 faf 12e 10e
137 faf fd0 158 12e 12d
138 139 fb1 fb0 12f 10f
138 fb0 fd1 159 12f 12e
139 13a fb2 fb1 130 110
139 fb1 fd2 15a 130 12f
13a 13b fb3 fb2 131 111
13a fb2 fd3 15b 131 130
13b 13c fb4 fb3 132 112
13b fb3 fd4 15c 132 131
13c 13d fb5 fb4 133 113
13c fb4 fd5 15d 133 132
13d 13e fb6 fb5 134 114
13d fb5 fd6 15e 134 133
13e 13f fb7 fb6 135 115
13e fb6 fd7 15f 135 134
13f 140 fb8 fb7 136 116
13f fb7 fd8 160 136 135
140 141 fb9 fb8 137 117
140 fb8 fd9 161 137 136
141 142 fba fb9 138 118
141 fb9 fda 162 138 137
142 143 fbb fba 139 119
142 fba fdb 163 139 138
143 144 fbc fbb 13a 11a
143 fbb fdc 164 13a 139
144 145 fbd fbc 13b 11b
144 fbc fdd 165 13b 13a
145 146 fbe fbd 13c 11c
145 fbd fde 166 13c 13b
146 147 fbf fbe 13d 11d
146 fbe fdf 167 13d 13c
147 148 fc0 fbf 13e 11e
147 fbf fe0 168 13e 13d
148 149 fc1 fc0 13f 11f
148 fc0 fe1 169 13f 13e
149 14a fc2 fc1 140 120
149 fc1 fe2 16a 140 13f
14b 14c fc4 fc3 141 121
fc3 14b 16c fe4 ca1 141
14b d19 1b91 fc3 cc1 ca1
14c 14d fc5 fc4 142 122
14c fc4 fe5 16d 142 141
14d 14e fc6 fc5 143 123
14d fc5 fe6 16e 143 142
14e 14f fc7 fc6 144 124
14e fc6 fe7 16f 144 143
14f 150 fc8 fc7 145 125
14f fc7 fe8 170 145 144
150 151 fc9 fc8 146 126
150 fc8 fe9 171 146 145
151 152 fca fc9 147 127
151 fc9 fea 172 147 146
152 153 fcb fca 148 128
152 fca feb 173 148 147
153 154 fcc fcb 149 129
153 fcb fec 174 149 148
154 155 fcd fcc 14a 12a
154 fcc fed 175 14a 149
155 156 fce fcd 14b 12b
155 fcd fee 176 14b 14a
156 157 fcf fce 14c 12c
156 fce fef 177 14c 14b
157 158 fd0 fcf 14d 12d
157 fcf ff0 178 14d 14c
158 159 fd1 fd0 14e 12e
158 fd0 ff1 179 14e 14d
159 15a fd2 fd1 14f 12f
159 fd1 ff2 17a 14f 14e
15a 15b fd3 fd2 150 130
15a fd2 ff3 17b 150 14f
15b 15c fd4 fd3 151 131
15b fd3 ff4 17c 151 150
15c 15d fd5 fd4 152 132
15c fd4 ff5 17d 152 151
15d 15e fd6 fd5 153 133
15d fd5 ff6 17e 153 152
15e 15f fd7 fd6 154 134
15e fd6 ff7 17f 154 153
15f 160 fd8 fd7 155 135
15f fd7 ff8 180 155 154
160 161 fd9 fd8 156 136
160 fd8 ff9 181 156 155
161 162 fda fd9 157 137
161 fd9 ffa 182 157 156
162 163 fdb fda 158 138
162 fda ffb 183 158 157
163 164 fdc fdb 159 139
163 fdb ffc 184 159 158
164 165 fdd fdc 15a 13a
164 fdc ffd 185 15a 159
165 166 fde fdd 15b 13b
165 fdd ffe 186 15b 15a
166 167 fdf fde 15c 13c
166 fde fff 187 15c 15b
167 168 fe0 fdf 15d 13d
167 fdf 1000 188 15d 15c
168 169 fe1 fe0 15e 13e
168 fe0 1001 189 15e 15d
169 16a fe2 fe1 15f 13f
169 fe1 1002 18a 15f 15e
16a 16b fe3 fe2 160 140
16a fe2 1003 18b 160 15f
16c 16d fe5 fe4 161 141
fe4 16c 18d 1005 c81 161
16c cf9 1b71 fe4 ca1 c81
16d 16e fe6 fe5 162 142
16d fe5 1006 18e 162 161
16e 16f fe7 fe6 163 143
16e fe6 1007 18f 163 162
16f 170 fe8 fe7 164 144
16f fe7 1008 190 164 163
170 171 fe9 fe8 165 145
170 fe8 1009 191 165 164
171 172 fea fe9 166 146
171 fe9 100a 192 166 165
172 173 feb fea 167 147
172 fea 100b 193 167 166
173 174 fec feb 168 148
173 feb 100c 194 168 167
174 175 fed fec 169 149
174 fec 100d 195 169 168
175 176 fee fed 16a 14a
175 fed 100e 196 16a 169
176 177 fef fee 16b 14b
176 fee 100f 197 16b 16a
177 178 ff0 fef 16c 14c
177 fef 1010 198 16c 16b
178 179 ff1 ff0 16d 14d
178 ff0 1011 199 16d 16c
179 17a ff2 ff1 16e 14e
179 ff1 1012 19a 16e 16d
17a 17b ff3 ff2 16f 14f
17a ff2 1013 19b 16f 16e
17b 17c ff4 ff3 170 150
17b ff3 1014 19c 170 16f
17c 17d ff5 ff4 171 151
17c ff4 1015 19d 171 170
17d 17e ff6 ff5 172 152
17d ff5 1016 19e 172 171
17e 17f ff7 ff6 173 153
17e ff6 1017 19f 173 172
17f 180 ff8 ff7 174 154
17f ff7 1018 1a0 174 173
180 181 ff9 ff8 175 155
180 ff8 1019 1a1 175 174
181 182 ffa ff9 176 156
181 ff9 101a 1a2 176 175
182 183 ffb ffa 177 157
182 ffa 101b 1a3 177 176
183 184 ffc ffb 178 158
183 ffb 101c 1a4 178 177
184 185 ffd ffc 179 159
184 ffc 101d 1a5 179 178
185 186 ffe ffd 17a 15a
185 ffd 101e 1a6 17a 179
186 187 fff ffe 17b 15b
186 ffe 101f 1a7 17b 17a
187 188 1000 fff 17c 15c
187 fff 1020 1a8 17c 17b
188 189 1001 1000 17d 15d
188 1000 1021 1a9 17d 17c
189 18a 1002 1001 17e 15e
189 1001 1022 1aa 17e 17d
18a 18b 1003 1002 17f 15f
18a 1002 1023 1ab 17f 17e
18b 18c 1004 1003 180 160
18b 1003 1024 1ac 180 17f
18d 18e 1006 1005 181 161
1005 18d 1ae 1026 c61 181
18d cd9 1b51 1005 c81 c61
18e 18f 1007 1006 182 162
18e 1006 1027 1af 182 181
18f 190 1008 1007 183 163
18f 1007 1028 1b0 183 182
190 191 1009 1008 184 164
190 1008 1029 1b1 184 183
191 192 100a 1009 185 165
191 1009 102a 1b2 185 184
192 193 100b 100a 186 166
192 100a 102b 1b3 186 185
193 194 100c 100b 187 167
193 100b 102c 1b4 187 186
194 195 100d 100c 188 168
194 100c 102d 1b5 188 187
195 196 100e 100d 189 169
195 100d 102e 1b6 189 188
196 197 100f 100e 18a 16a
196 100e 102f 1b7 18a 189
197 198 1010 100f 18b 16b
197 100f 1030 1b8 18b 18a
198 199 1011 1010 18c 16c
198 1010 1031 1b9 18c 18b
199 19a 1012 1011 18d 16d
199 1011 1032 1ba 18d 18c
19a 19b 1013 1012 18e 16e
19a 1012 1033 1bb 18e 18d
19b 19c 1014 1013 18f 16f
19b 1013 1034 1bc 18f 18e
19c 19d 1015 1014 190 170
19c 1014 1035 1bd 190 18f
19d 19e 1016 1015 191 171
19d 1015 1036 1be 191 190
19e 19f 1017 1016 192 172
19e 1016 1037 1bf 192 191
19f 1a0 1018 1017 193 173
19f 1017 1038 1c0 193 192
1a0 1a1 1019 1018 194 174
1a0 1018 1039 1c1 194 193
1a1 1a2 101a 1019 195 175
1a1 1019 103a 1c2 195 194
1a2 1a3 101b 101a 196 176
1a2 101a 103b 1c3 196 195
1a3 1a4 101c 101b 197 177
1a3 101b 103c 1c4 197 196
1a4 1a5 101d 101c 198 178
1a4 101c 103d 1c5 198 197
1a5 1a6 101e 101d 199 179
1a5 101d 103e 1c6 199 198
1a6 1a7 101f 101e 19a 17a
1a6 101e 103f 1c7 19a 199
1a7 1a8 1020 101f 19b 17b
1a7 101f 1040 1c8 19b 19a
1a8 1a9 1021 1020 19c 17c
1a8 1020 1041 1c9 19c 19b
1a9 1aa 1022 1021 19d 17d
1a9 1021 1042 1ca 19d 19c
1aa 1ab 1023 1022 19e 17e
1aa 1022 1043 1cb 19e 19d
1ab 1ac 1024 1023 19f 17f
1ab 1023 1044 1cc 19f 19e
1ac 1ad 1025 1024 1a0 180
1ac 1024 1045 1cd 1a0 19f
1ae 1af 1027 1026 1a1 181
1026 1ae 1cf 1047 c41 1a1
1ae cb9 1b31 1026 c61 c41
1af 1b0 1028 1027 1a2 182
1af 1027 1048 1d0 1a2 1a1
1b0 1b1 1029 1028 1a3 183
1b0 1028 1049 1d1 1a3 1a2
1b1 1b2 102a 1029 1a4 184
1b1 1029 104a 1d2 1a4 1a3
1b2 1b3 102b 102a 1a5 185
1b2 102a 104b 1d3 1a5 1a4
1b3 1b4 102c 102b 1a6 186
1b3 102b 104c 1d4 1a6 1a5
1b4 1b5 102d 102c 1a7 187
1b4 102c 104d 1d5 1a7 1a6
1b5 1b6 102e 102d 1a8 188
1b5 102d 104e 1d6 1a8 1a7
1b6 1b7 102f 102e 1a9 189
1b6 102e 104f 1d7 1a9 1a8
1b7 1b8 1030 102f 1aa 18a
1b7 102f 1050 1d8 1aa 1a9
1b8 1b9 1031 1030 1ab 18b
1b8 1030 1051 1d9 1ab 1aa
1b9 1ba 1032 1031 1ac 18c
1b9 1031 1052 1da 1ac 1ab
1ba 1bb 1033 1032 1ad 18d
1ba 1032 1053 1db 1ad 1ac
1bb 1bc 1034 1033 1ae 18e
1bb 1033 1054 1dc 1ae 1ad
1bc 1bd 1035 1034 1af 18f
1bc 1034 1055 1dd 1af 1ae
1bd 1be 1036 1035 1b0 190
1bd 1035 1056 1de 1b0 1af
1be 1bf 1037 1036 1b1 191
1be 1036 1057 1df 1b1 1b0
1bf 1c0 1038 1037 1b2 192
1bf 1037 1058 1e0 1b2 1b1
1c0 1c1 1039 1038 1b3 193
1c0 1038 1059 1e1 1b3 1b2
1c1 1c2 103a 1039 1b4 194
1c1 1039 105a 1e2 1b4 1b3
1c2 1c3 103b 103a 1b5 195
1c2 103a 105b 1e3 1b5 1b4
1c3 1c4 103c 103b 1b6 196
1c3 103b 105c 1e4 1b6 1b5
1c4 1c5 103d 103c 1b7 197
1c4 103c 105d 1e5 1b7 1b6
1c5 1c6 103e 103d 1b8 198
1c5 103d 105e 1e6 1b8 1b7
1c6 1c7 103f 103e 1b9 199
1c6 103e 105f 1e7 1b9 1b8
1c7 1c8 1040 103f 1ba 19a
1c7 103f 1060 1e8 1ba 1b9
1c8 1c9 1041 1040 1bb 19b
1c8 1040 1061 1e9 1bb 1ba
1c9 1ca 1042 1041 1bc 19c
1c9 1041 1062 1ea 1bc 1bb
1ca 1cb 1043 1042 1bd 19d
1ca 1042 1063 1eb 1bd 1bc
1cb 1cc 1044 1043 1be 19e
1cb 1043 1064 1ec 1be 1bd
1cc 1cd 1045 1044 1bf 19f
1cc 1044 1065 1ed 1bf 1be
1cd 1ce 1046 1045 1c0 1a0
1cd 1045 1066 1ee 1c0 1bf
1cf 1d0 1048 1047 1c1 1a1
1047 1cf 1f0 1068 c21 1c1
1cf c99 1b11 1047 c41 c21
1d0 1d1 1049 1048 1c2 1a2
1d0 1048 1069 1f1 1c2 1c1
1d1 1d2 104a 1049 1c3 1a3
1d1 1049 106a 1f2 1c3 1c2
1d2 1d3 104b 104a 1c4 1a4
1d2 104a 106b 1f3 1c4 1c3
1d3 1d4 104c 104b 1c5 1a5
1d3 104b 106c 1f4 1c5 1c4
1d4 1d5 104d 104c 1c6 1a6
1d4 104c 106d 1f5 1c6 1c5
1d5 1d6 104e 104d 1c7 1a7
1d5 104d 106e 1f6 1c7 1c6
1d6 1d7 104f 104e 1c8 1a8
1d6 104e 106f 1f7 1c8 1c7
1d7 1d8 1050 104f 1c9 1a9
1d7 104f 1070 1f8 1c9 1c8
1d8 1d9 1051 1050 1ca 1aa
1d8 1050 1071 1f9 1ca 1c9
1d9 1da 1052 1051 1cb 1ab
1d9 1051 1072 1fa 1cb 1ca
1da 1db 1053 1052 1cc 1ac
1da 1052 1073 1fb 1cc 1cb
1db 1dc 1054 1053 1cd 1ad
1db 1053 1074 1fc 1cd 1cc
1dc 1dd 1055 1054 1ce 1ae
1dc 1054 1075 1fd 1ce 1cd
1dd 1de 1056 1055 1cf 1af
1dd 1055 1076 1fe 1cf 1ce
1de 1df 1057 1056 1d0 1b0
1de 1056 1077 1ff 1d0 1cf
1df 1e0 1058 1057 1d1 1b1
1df 1057 1078 200 1d1 1d0
1e0 1e1 1059 1058 1d2 1b2
1e0 1058 1079 201 1d2 1d1
1e1 1e2 105a 1059 1d3 1b3
1e1 1059 107a 202 1d3 1d2
1e2 1e3 105b 105a 1d4 1b4
1e2 105a 107b 203 1d4 1d3
1e3 1e4 105c 105b 1d5 1b5
1e3 105b 107c 204 1d5 1d4
1e4 1e5 105d 105c 1d6 1b6
1e4 105c 107d 205 1d6 1d5
1e5 1e6 105e 105d 1d7 1b7
1e5 105d 107e 206 1d7 1d6
1e6 1e7 105f 105e 1d8 1b8
1e6 105e 107f 207 1d8 1d7
1e7 1e8 1060 105f 1d9 1b9
1e7 105f 1080 208 1d9 1d8
1e8 1e9 1061 1060 1da 1ba
1e8 1060 1081 209 1da 1d9
1e9 1ea 1062 1061 1db 1bb
1e9 1061 1082 20a 1db 1da
1ea 1eb 1063 1062 1dc 1bc
1ea 1062 1083 20b 1dc 1db
1eb 1ec 1064 1063 1dd 1bd
1eb 1063 1084 20c 1dd 1dc
1ec 1ed 1065 1064 1de 1be
1ec 1064 1085 20d 1de 1dd
1ed 1ee 1066 1065 1df 1bf
1ed 1065 1086 20e 1df 1de
1ee 1ef 1067 1066 1e0 1c0
1ee 1066 1087 20f 1e0 1df
1f0 1f1 1069 1068 1e1 1c1
1068 1f0 211 1089 c01 1e1
1f0 c79 1af1 1068 c21 c01
1f1 1f2 106a 1069 1e2 1c2
1f1 1069 108a 212 1e2 1e1
1f2 1f3 106b 106a 1e3 1c3
1f2 106a 108b 213 1e3 1e2
1f3 1f4 106c 106b 1e4 1c4
1f3 106b 108c 214 1e4 1e3
1f4 1f5 106d 106c 1e5 1c5
1f4 106c 108d 215 1e5 1e4
1f5 1f6 106e 106d 1e6 1c6
1f5 106d 108e 216 1e6 1e5
1f6 1f7 106f 106e 1e7 1c7
1f6 106e 108f 217 1e7 1e6
1f7 1f8 1070 106f 1e8 1c8
1f7 106f 1090 218 1e8 1e7
1f8 1f9 1071 1070 1e9 1c9
1f8 1070 1091 219 1e9 1e8
1f9 1fa 1072 1071 1ea 1ca
1f9 1071 1092 21a 1ea 1e9
1fa 1fb 1073 1072 1eb 1cb
1fa 1072 1093 21b 1eb 1ea
1fb 1fc 1074 1073 1ec 1cc
1fb 1073 1094 21c 1ec 1eb
1fc 1fd 1075 1074 1ed 1cd
1fc 1074 1095 21d 1ed 1ec
1fd 1fe 1076 1075 1ee 1ce
1fd 1075 1096 21e 1ee 1ed
1fe 1ff 1077 1076 1ef 1cf
1fe 1076 1097 21f 1ef 1ee
1ff 200 1078 1077 1f0 1d0
1ff 1077 1098 220 1f0 1ef
200 201 1079 1078 1f1 1d1
200 1078 1099 221 1f1 1f0
201 202 107a 1079 1f2 1d2
201 1079 109a 222 1f2 1f1
202 203 107b 107a 1f3 1d3
202 107a 109b 223 1f3 1f2
203 204 107c 107b 1f4 1d4
203 107b 109c 224 1f4 1f3
204 205 107d 107c 1f5 1d5
204 107c 109d 225 1f5 1f4
205 206 107e 107d 1f6 1d6
205 107d 109e 226 1f6 1f5
206 207 107f 107e 1f7 1d7
206 107e 109f 227 1f7 1f6
207 208 1080 107f 1f8 1d8
207 107f 10a0 228 1f8 1f7
208 209 1081 1080 1f9 1d9
208 1080 10a1 229 1f9 1f8
209 20a 1082 1081 1fa 1da
209 1081 10a2 22a 1fa 1f9
20a 20b 1083 1082 1fb 1db
20a 1082 10a3 22b 1fb 1fa
20b 20c 1084 1083 1fc 1dc
20b 1083 10a4 22c 1fc 1fb
20c 20d 1085 1084 1fd 1dd
20c 1084 10a5 22d 1fd 1fc
20d 20e 1086 1085 1fe 1de
20d 1085 10a6 22e 1fe 1fd
20e 20f 1087 1086 1ff 1df
20e 1086 10a7 22f 1ff 1fe
20f 210 1088 1087 200 1e0
20f 1087 10a8 230 200 1ff
211 212 108a 1089 201 1e1
1089 211 232 10aa be1 201
211 c59 1ad1 1089 c01 be1
212 213 108b 108a 202 1e2
212 108a 10ab 233 202 201
213 214 108c 108b 203 1e3
213 108b 10ac 234 203 202
214 215 108d 108c 204 1e4
214 108c 10ad 235 204 203
215 216 108e 108d 205 1e5
215 108d 10ae 236 205 204
216 217 108f 108e 206 1e6
216 108e 10af 237 206 205
217 218 1090 108f 207 1e7
217 108f 10b0 238 207 206
218 219 1091 1090 208 1e8
218 1090 10b1 239 208 207
219 21a 1092 1091 209 1e9
219 1091 10b2 23a 209 208
21a 21b 1093 1092 20a 1ea
21a 1092 10b3 23b 20a 209
21b 21c 1094 1093 20b 1eb
21b 1093 10b4 23c 20b 20a
21c 21d 1095 1094 20c 1ec
21c 1094 10b5 23d 20c 20b
21d 21e 1096 1095 20d 1ed
21d 1095 10b6 23e 20d 20c
21e 21f 1097 1096 20e 1ee
21e 1096 10b7 23f 20e 20d
21f 220 1098 1097 20f 1ef
21f 1097 10b8 240 20f 20e
220 221 1099 1098 210 1f0
220 1098 10b9 241 210 20f
221 222 109a 1099 211 1f1
221 1099 10ba 242 211 210
222 223 109b 109a 212 1f2
222 109a 10bb 243 212 211
223 224 109c 109b 213 1f3
223 109b 10bc 244 213 212
224 225 109d 109c 214 1f4
224 109c 10bd 245 214 213
225 226 109e 109d 215 1f5
225 109d 10be 246 215 214
226 227 109f 109e 216 1f6
226 109e 10bf 247 216 215
227 228 10a0 109f 217 1f7
227 109f 10c0 248 217 216
228 229 10a1 10a0 218 1f8
228 10a0 10c1 249 218 217
229 22a 10a2 10a1 219 1f9
229 10a1 10c2 24a 219 218
22a 22b 10a3 10a2 21a 1fa
22a 10a2 10c3 24b 21a 219
22b 22c 10a4 10a3 21b 1fb
22b 10a3 10c4 24c 21b 21a
22c 22d 10a5 10a4 21c 1fc
22c 10a4 10c5 24d 21c 21b
22d 22e 10a6 10a5 21d 1fd
22d 10a5 10c6 24e 21d 21c
22e 22f 10a7 10a6 21e 1fe
22e 10a6 10c7 24f 21e 21d
22f 230 10a8 10a7 21f 1ff
22f 10a7 10c8 250 21f 21e
230 231 10a9 10a8 220 200
230 10a8 10c9 251 220 21f
232 233 10ab 10aa 221 201
10aa 232 253 10cb bc1 221
232 c39 1ab1 10aa be1 bc1
233 234 10ac 10ab 222 202
233 10ab 10cc 254 222 221
234 235 10ad 10ac 223 203
234 10ac 10cd 255 223 222
235 236 10ae 10ad 224 204
235 10ad 10ce 256 224 223
236 237 10af 10ae 225 205
236 10ae 10cf 257 225 224
237 238 10b0 10af 226 206
237 10af 10d0 258 226 225
238 239 10b1 10b0 227 207
238 10b0 10d1 259 227 226
239 23a 10b2 10b1 228 208
239 10b1 10d2 25a 228 227
23a 23b 10b3 10b2 229 209
23a 10b2 10d3 25b 229 228
23b 23c 10b4 10b3 22a 20a
23b 10b3 10d4 25c 22a 229
23c 23d 10b5 10b4 22b 20b
23c 10b4 10d5 25d 22b 22a
23d 23e 10b6 10b5 22c 20c
23d 10b5 10d6 25e 22c 22b
23e 23f 10b7 10b6 22d 20d
23e 10b6 10d7 25f 22d 22c
23f 240 10b8 10b7 22e 20e
23f 10b7 10d8 260 22e 22d
240 241 10b9 10b8 22f 20f
240 10b8 10d9 261 22f 22e
241 242 10ba 10b9 230 210
241 10b9 10da 262 230 22f
242 243 10bb 10ba 231 211
242 10ba 10db 263 231 230
243 244 10bc 10bb 232 212
243 10bb 10dc 264 232 231
244 245 10bd 10bc 233 213
244 10bc 10dd 265 233 232
245 246 10be 10bd 234 214
245 10bd 10de 266 234 233
246 247 10bf 10be 235 215
246 10be 10df 267 235 234
247 248 10c0 10bf 236 216
247 10bf 10e0 268 236 235
248 249 10c1 10c0 237 217
248 10c0 10e1 269 237 236
249 24a 10c2 10c1 238 218
249 10c1 10e2 26a 238 237
24a 24b 10c3 10c2 239 219
24a 10c2 10e3 26b 239 238
24b 24c 10c4 10c3 23a 21a
24b 10c3 10e4 26c 23a 239
24c 24d 10c5 10c4 23b 21b
24c 10c4 10e5 26d 23b 23a
24d 24e 10c6 10c5 23c 21c
24d 10c5 10e6 26e 23c 23b
24e 24f 10c7 10c6 23d 21d
24e 10c6 10e7 26f 23d 23c
24f 250 10c8 10c7 23e 21e
24f 10c7 10e8 270 23e 23d
250 251 10c9 10c8 23f 21f
250 10c8 10e9 271 23f 23e
251 252 10ca 10c9 240 220
251 10c9 10ea 272 240 23f
253 254 10cc 10cb 241 221
10cb 253 274 10ec ba1 241
253 c19 1a91 10cb bc1 ba1
254 255 10cd 10cc 242 222
254 10cc 10ed 275 242 241
255 256 10ce 10cd 243 223
255 10cd 10ee 276 243 242
256 257 10cf 10ce 244 224
256 10ce 10ef 277 244 243
257 258 10d0 10cf 245 225
257 10cf 10f0 278 245 244
258 259 10d1 10d0 246 226
258 10d0 10f1 279 246 245
259 25a 10d2 10d1 247 227
259 10d1 10f2 27a 247 246
25a 25b 10d3 10d2 248 228
25a 10d2 10f3 27b 248 247
25b 25c 10d4 10d3 249 229
25b 10d3 10f4 27c 249 248
25c 25d 10d5 10d4 24a 22a
25c 10d4 10f5 27d 24a 249
25d 25e 10d6 10d5 24b 22b
25d 10d5 10f6 27e 24b 24a
25e 25f 10d7 10d6 24c 22c
25e 10d6 10f7 27f 24c 24b
25f 260 10d8 10d7 24d 22d
25f 10d7 10f8 280 24d 24c
260 261 10d9 10d8 24e 22e
260 10d8 10f9 281 24e 24d
261 262 10da 10d9 24f 22f
261 10d9 10fa 282 24f 24e
262 263 10db 10da 250 230
262 10da 10fb 283 250 24f
263 264 10dc 10db 251 231
263 10db 10fc 284 251 250
264 265 10dd 10dc 252 232
264 10dc 10fd 285 252 251
265 266 10de 10dd 253 233
265 10dd 10fe 286 253 252
266 267 10df 10de 254 234
266 10de 10ff 287 254 253
267 268 10e0 10df 255 235
267 10df 1100 288 255 254
268 269 10e1 10e0 256 236
268 10e0 1101 289 256 255
269 26a 10e2 10e1 257 237
269 10e1 1102 28a 257 256
26a 26b 10e3 10e2 258 238
26a 10e2 1103 28b 258 257
26b 26c 10e4 10e3 259 239
26b 10e3 1104 28c 259 258
26c 26d 10e5 10e4 25a 23a
26c 10e4 1105 28d 25a 259
26d 26e 10e6 10e5 25b 23b
26d 10e5 1106 28e 25b 25a
26e 26f 10e7 10e6 25c 23c
26e 10e6 1107 28f 25c 25b
26f 270 10e8 10e7 25d 23d
26f 10e7 1108 290 25d 25c
270 271 10e9 10e8 25e 23e
270 10e8 1109 291 25e 25d
271 272 10ea 10e9 25f 23f
271 10e9 110a 292 25f 25e
272 273 10eb 10ea 260 240
272 10ea 110b 293 260 25f
274 275 10ed 10ec 261 241
10ec 274 295 110d b81 261
274 bf9 1a71 10ec ba1 b81
275 276 10ee 10ed 262 242
275 10ed 110e 296 262 261
276 277 10ef 10ee 263 243
276 10ee 110f 297 263 262
277 278 10f0 10ef 264 244
277 10ef 1110 298 264 263
278 279 10f1 10f0 265 245
278 10f0 1111 299 265 264
279 27a 10f2 10f1 266 246
279 10f1 1112 29a 266 265
27a 27b 10f3 10f2 267 247
27a 10f2 1113 29b 267 266
27b 27c 10f4 10f3 268 248
27b 10f3 1114 29c 268 267
27c 27d 10f5 10f4 269 249
27c 10f4 1115 29d 269 268
27d 27e 10f6 10f5 26a 24a
27d 10f5 1116 29e 26a 269
27e 27f 10f7 10f6 26b 24b
27e 10f6 1117 29f 26b 26a
27f 280 10f8 10f7 26c 24c
27f 10f7 1118 2a0 26c 26b
280 281 10f9 10f8 26d 24d
280 10f8 1119 2a1 26d 26c
281 282 10fa 10f9 26e 24e
281 10f9 111a 2a2 26e 26d
282 283 10fb 10fa 26f 24f
282 10fa 111b 2a3 26f 26e
283 284 10fc 10fb 270 250
283 10fb 111c 2a4 270 26f
284 285 10fd 10fc 271 251
284 10fc 111d 2a5 271 270
285 286 10fe 10fd 272 252
285 10fd 111e 2a6 272 271
286 287 10ff 10fe 273 253
286 10fe 111f 2a7 273 272
287 288 1100 10ff 274 254
287 10ff 1120 2a8 274 273
288 289 1101 1100 275 255
288 1100 1121 2a9 275 274
289 28a 1102 1101 276 256
289 1101 1122 2aa 276 275
28a 28b 1103 1102 277 257
28a 1102 1123 2ab 277 276
28b 28c 1104 1103 278 258
28b 1103 1124 2ac 278 277
28c 28d 1105 1104 279 259
28c 1104 1125 2ad 279 278
28d 28e 1106 1105 27a 25a
28d 1105 1126 2ae 27a 279
28e 28f 1107 1106 27b 25b
28e 1106 1127 2af 27b 27a
28f 290 1108 1107 27c 25c
28f 1107 1128 2b0 27c 27b
290 291 1109 1108 27d 25d
290 1108 1129 2b1 27d 27c
291 292 110a 1109 27e 25e
291 1109 112a 2b2 27e 27d
292 293 110b 110a 27f 25f
292 110a 112b 2b3 27f 27e
293 294 110c 110b 280 260
293 110b 112c 2b4 280 27f
295 296 110e 110d 281 261
110d 295 2b6 112e b61 281
295 bd9 1a51 110d b81 b61
296 297 110f 110e 282 262
296 110e 112f 2b7 282 281
297 298 1110 110f 283 263
297 110f 1130 2b8 283 282
298 299 1111 1110 284 264
298 1110 1131 2b9 284 283
299 29a 1112 1111 285 265
299 1111 1132 2ba 285 284
29a 29b 1113 1112 286 266
29a 1112 1133 2bb 286 285
29b 29c 1114 1113 287 267
29b 1113 1134 2bc 287 286
29c 29d 1115 1114 288 268
29c 1114 1135 2bd 288 287
29d 29e 1116 1115 289 269
29d 1115 1136 2be 289 288
29e 29f 1117 1116 28a 26a
29e 1116 1137 2bf 28a 289
29f 2a0 1118 1117 28b 26b
29f 1117 1138 2c0 28b 28a
2a0 2a1 1119 1118 28c 26c
2a0 1118 1139 2c1 28c 28b
2a1 2a2 111a 1119 28d 26d
2a1 1119 113a 2c2 28d 28c
2a2 2a3 111b 111a 28e 26e
2a2 111a 113b 2c3 28e 28d
2a3 2a4 111c 111b 28f 26f
2a3 111b 113c 2c4 28f 28e
2a4 2a5 111d 111c 290 270
2a4 111c 113d 2c5 290 28f
2a5 2a6 111e 111d 291 271
2a5 111d 113e 2c6 291 290
2a6 2a7 111f 111e 292 272
2a6 111e 113f 2c7 292 291
2a7 2a8 1120 111f 293 273
2a7 111f 1140 2c8 293 292
2a8 2a9 1121 1120 294 274
2a8 1120 1141 2c9 294 293
2a9 2aa 1122 1121 295 275
2a9 1121 1142 2ca 295 294
2aa 2ab 1123 1122 296 276
2aa 1122 1143 2cb 296 295
2ab 2ac 1124 1123 297 277
2ab 1123 1144 2cc 297 296
2ac 2ad 1125 1124 298 278
2ac 1124 1145 2cd 298 297
2ad 2ae 1126 1125 299 279
2ad 1125 1146 2ce 299 298
2ae 2af 1127 1126 29a 27a
2ae 1126 1147 2cf 29a 299
2af 2b0 1128 1127 29b 27b
2af 1127 1148 2d0 29b 29a
2b0 2b1 1129 1128 29c 27c
2b0 1128 1149 2d1 29c 29b
2b1 2b2 112a 1129 29d 27d
2b1 1129 114a 2d2 29d 29c
2b2 2b3 112b 112a 29e 27e
2b2 112a 114b 2d3 29e 29d
2b3 2b4 112c 112b 29f 27f
2b3 112b 114c 2d4 29f 29e
2b4 2b5 112d 112c 2a0 280
2b4 112c 114d 2d5 2a0 29f
2b6 2b7 112f 112e 2a1 281
112e 2b6 2d7 114f b41 2a1
2b6 bb9 1a31 112e b61 b41
2b7 2b8 1130 112f 2a2 282
2b7 112f 1150 2d8 2a2 2a1
2b8 2b9 1131 1130 2a3 283
2b8 1130 1151 2d9 2a3 2a2
2b9 2ba 1132 1131 2a4 284
2b9 1131 1152 2da 2a4 2a3
2ba 2bb 1133 1132 2a5 285
2ba 1132 1153 2db 2a5 2a4
2bb 2bc 1134 1133 2a6 286
2bb 1133 1154 2dc 2a6 2a5
2bc 2bd 1135 1134 2a7 287
2bc 1134 1155 2dd 2a7 2a6
2bd 2be 1136 1135 2a8 288
2bd 1135 1156 2de 2a8 2a7
2be 2bf 1137 1136 2a9 289
2be 1136 1157 2df 2a9 2a8
2bf 2c0 1138 1137 2aa 28a
2bf 1137 1158 2e0 2aa 2a9
2c0 2c1 1139 1138 2ab 28b
2c0 1138 1159 2e1 2ab 2aa
2c1 2c2 113a 1139 2ac 28c
2c1 1139 115a 2e2 2ac 2ab
2c2 2c3 113b 113a 2ad 28d
2c2 113a 115b 2e3 2ad 2ac
2c3 2c4 113c 113b 2ae 28e
2c3 113b 115c 2e4 2ae 2ad
2c4 2c5 113d 113c 2af 28f
2c4 113c 115d 2e5 2af 2ae
2c5 2c6 113e 113d 2b0 290
2c5 113d 115e 2e6 2b0 2af
2c6 2c7 113f 113e 2b1 291
2c6 113e 115f 2e7 2b1 2b0
2c7 2c8 1140 113f 2b2 292
2c7 113f 1160 2e8 2b2 2b1
2c8 2c9 1141 1140 2b3 293
2c8 1140 1161 2e9 2b3 2b2
2c9 2ca 1142 1141 2b4 294
2c9 1141 1162 2ea 2b4 2b3
2ca 2cb 1143 1142 2b5 295
2ca 1142 1163 2eb 2b5 2b4
2cb 2cc 1144 1143 2b6 296
2cb 1143 1164 2ec 2b6 2b5
2cc 2cd 1145 1144 2b7 297
2cc 1144 1165 2ed 2b7 2b6
2cd 2ce 1146 1145 2b8 298
2cd 1145 1166 2ee 2b8 2b7
2ce 2cf 1147 1146 2b9 299
2ce 1146 1167 2ef 2b9 2b8
2cf 2d0 1148 1147 2ba 29a
2cf 1147 1168 2f0 2ba 2b9
2d0 2d1 1149 1148 2bb 29b
2d0 1148 1169 2f1 2bb 2ba
2d1 2d2 114a 1149 2bc 29c
2d1 1149 116a 2f2 2bc 2bb
2d2 2d3 114b 114a 2bd 29d
2d2 114a 116b 2f3 2bd 2bc
2d3 2d4 114c 114b 2be 29e
2d3 114b 116c 2f4 2be 2bd
2d4 2d5 114d 114c 2bf 29f
2d4 114c 116d 2f5 2bf 2be
2d5 2d6 114e 114d 2c0 2a0
2d5 114d 116e 2f6 2c0 2bf
2d7 2d8 1150 114f 2c1 2a1
114f 2d7 2f8 1170 b21 2c1
2d7 b99 1a11 114f b41 b21
2d8 2d9 1151 1150 2c2 2a2
2d8 1150 1171 2f9 2c2 2c1
2d9 2da 1152 1151 2c3 2a3
2d9 1151 1172 2fa 2c3 2c2
2da 2db 1153 1152 2c4 2a4
2da 1152 1173 2fb 2c4 2c3
2db 2dc 1154 1153 2c5 2a5
2db 1153 1174 2fc 2c5 2c4
2dc 2dd 1155 1154 2c6 2a6
2dc 1154 1175 2fd 2c6 2c5
2dd 2de 1156 1155 2c7 2a7
2dd 1155 1176 2fe 2c7 2c6
2de 2df 1157 1156 2c8 2a8
2de 1156 1177 2ff 2c8 2c7
2df 2e0 1158 1157 2c9 2a9
2df 1157 1178 300 2c9 2c8
2e0 2e1 1159 1158 2ca 2aa
2e0 1158 1179 301 2ca 2c9
2e1 2e2 115a 1159 2cb 2ab
2e1 1159 117a 302 2cb 2ca
2e2 2e3 115b 115a 2cc 2ac
2e2 115a 117b 303 2cc 2cb
2e3 2e4 115c 115b 2cd 2ad
2e3 115b 117c 304 2cd 2cc
2e4 2e5 115d 115c 2ce 2ae
2e4 115c 117d 305 2ce 2cd
2e5 2e6 115e 115d 2cf 2af
2e5 115d 117e 306 2cf 2ce
2e6 2e7 115f 115e 2d0 2b0
2e6 115e 117f 307 2d0 2cf
2e7 2e8 1160 115f 2d1 2b1
2e7 115f 1180 308 2d1 2d0
2e8 2e9 1161 1160 2d2 2b2
2e8 1160 1181 309 2d2 2d1
2e9 2ea 1162 1161 2d3 2b3
2e9 1161 1182 30a 2d3 2d2
2ea 2eb 1163 1162 2d4 2b4
2ea 1162 1183 30b 2d4 2d3
2eb 2ec 1164 1163 2d5 2b5
2eb 1163 1184 30c 2d5 2d4
2ec 2ed 1165 1164 2d6 2b6
2ec 1164 1185 30d 2d6 2d5
2ed 2ee 1166 1165 2d7 2b7
2ed 1165 1186 30e 2d7 2d6
2ee 2ef 1167 1166 2d8 2b8
2ee 1166 1187 30f 2d8 2d7
2ef 2f0 1168 1167 2d9 2b9
2ef 1167 1188 310 2d9 2d8
2f0 2f1 1169 1168 2da 2ba
2f0 1168 1189 311 2da 2d9
2f1 2f2 116a 1169 2db 2bb
2f1 1169 118a 312 2db 2da
2f2 2f3 116b 116a 2dc 2bc
2f2 116a 118b 313 2dc 2db
2f3 2f4 116c 116b 2dd 2bd
2f3 116b 118c 314 2dd 2dc
2f4 2f5 116d 116c 2de 2be
2f4 116c 118d 315 2de 2dd
2f5 2f6 116e 116d 2df 2bf
2f5 116d 118e 316 2df 2de
2f6 2f7 116f 116e 2e0 2c0
2f6 116e 118f 317 2e0 2df
2f8 2f9 1171 1170 2e1 2c1
1170 2f8 319 1191 b01 2e1
2f8 b79 19f1 1170 b21 b01
2f9 2fa 1172 1171 2e2 2c2
2f9 1171 1192 31a 2e2 2e1
2fa 2fb 1173 1172 2e3 2c3
2fa 1172 1193 31b 2e3 2e2
2fb 2fc 1174 1173 2e4 2c4
2fb 1173 1194 31c 2e4 2e3
2fc 2fd 1175 1174 2e5 2c5
2fc 1174 1195 31d 2e5 2e4
2fd 2fe 1176 1175 2e6 2c6
2fd 1175 1196 31e 2e6 2e5
2fe 2ff 1177 1176 2e7 2c7
2fe 1176 1197 31f 2e7 2e6
2ff 300 1178 1177 2e8 2c8
2ff 1177 1198 320 2e8 2e7
300 301 1179 1178 2e9 2c9
300 1178 1199 321 2e9 2e8
301 302 117a 1179 2ea 2ca
301 1179 119a 322 2ea 2e9
302 303 117b 117a 2eb 2cb
302 117a 119b 323 2eb 2ea
303 304 117c 117b 2ec 2cc
303 117b 119c 324 2ec 2eb
304 305 117d 117c 2ed 2cd
304 117c 119d 325 2ed 2ec
305 306 117e 117d 2ee 2ce
305 117d 119e 326 2ee 2ed
306 307 117f 117e 2ef 2cf
306 117e 119f 327 2ef 2ee
307 308 1180 117f 2f0 2d0
307 117f 11a0 328 2f0 2ef
308 309 1181 1180 2f1 2d1
308 1180 11a1 329 2f1 2f0
309 30a 1182 1181 2f2 2d2
309 1181 11a2 32a 2f2 2f1
30a 30b 1183 1182 2f3 2d3
30a 1182 11a3 32b 2f3 2f2
30b 30c 1184 1183 2f4 2d4
30b 1183 11a4 32c 2f4 2f3
30c 30d 1185 1184 2f5 2d5
30c 1184 11a5 32d 2f5 2f4
30d 30e 1186 1185 2f6 2d6
30d 1185 11a6 32e 2f6 2f5
30e 30f 1187 1186 2f7 2d7
30e 1186 11a7 32f 2f7 2f6
30f 310 1188 1187 2f8 2d8
30f 1187 11a8 330 2f8 2f7
310 311 1189 1188 2f9 2d9
310 1188 11a9 331 2f9 2f8
311 312 118a 1189 2fa 2da
311 1189 11aa 332 2fa 2f9
312 313 118b 118a 2fb 2db
312 118a 11ab 333 2fb 2fa
313 314 118c 118b 2fc 2dc
313 118b 11ac 334 2fc 2fb
314 315 118d 118c 2fd 2dd
314 118c 11ad 335 2fd 2fc
315 316 118e 118d 2fe 2de
315 118d 11ae 336 2fe 2fd
316 317 118f 118e 2ff 2df
316 118e 11af 337 2ff 2fe
317 318 1190 118f 300 2e0
317 118f 11b0 338 300 2ff
319 31a 1192 1191 301 2e1
319 b59 19d1 1191 b01 ae1
31a 31b 1193 1192 302 2e2
31a 1192 11b3 33b 302 301
31b 31c 1194 1193 303 2e3
31b 1193 11b4 33c 303 302
31c 31d 1195 1194 304 2e4
31c 1194 11b5 33d 304 303
31d 31e 1196 1195 305 2e5
31d 1195 11b6 33e 305 304
31e 31f 1197 1196 306 2e6
31e 1196 11b7 33f 306 305
31f 320 1198 1197 307 2e7
31f 1197 11b8 340 307 306
320 321 1199 1198 308 2e8
320 1198 11b9 341 308 307
321 322 119a 1199 309 2e9
321 1199 11ba 342 309 308
322 323 119b 119a 30a 2ea
322 119a 11bb 343 30a 309
323 324 119c 119b 30b 2eb
323 119b 11bc 344 30b 30a
324 325 119d 119c 30c 2ec
324 119c 11bd 345 30c 30b
325 326 119e 119d 30d 2ed
325 119d 11be 346 30d 30c
326 327 119f 119e 30e 2ee
326 119e 11bf 347 30e 30d
327 328 11a0 119f 30f 2ef
327 119f 11c0 348 30f 30e
328 329 11a1 11a0 310 2f0
328 11a0 11c1 349 310 30f
329 32a 11a2 11a1 311 2f1
329 11a1 11c2 34a 311 310
32a 32b 11a3 11a2 312 2f2
32a 11a2 11c3 34b 312 311
32b 32c 11a4 11a3 313 2f3
32b 11a3 11c4 34c 313 312
32c 32d 11a5 11a4 314 2f4
32c 11a4 11c5 34d 314 313
32d 32e 11a6 11a5 315 2f5
32d 11a5 11c6 34e 315 314
32e 32f 11a7 11a6 316 2f6
32e 11a6 11c7 34f 316 315
32f 330 11a8 11a7 317 2f7
32f 11a7 11c8 350 317 316
330 331 11a9 11a8 318 2f8
330 11a8 11c9 351 318 317
331 332 11aa 11a9 319 2f9
331 11a9 11ca 352 319 318
332 333 11ab 11aa 31a 2fa
332 11aa 11cb 353 31a 319
333 334 11ac 11ab 31b 2fb
333 11ab 11cc 354 31b 31a
334 335 11ad 11ac 31c 2fc
334 11ac 11cd 355 31c 31b
335 336 11ae 11ad 31d 2fd
335 11ad 11ce 356 31d 31c
336 337 11af 11ae 31e 2fe
336 11ae 11cf 357 31e 31d
337 338 11b0 11af 31f 2ff
337 11af 11d0 358 31f 31e
338 339 11b1 11b0 320 300
338 11b0 11d1 359 320 31f
33a 33b 11b3 11b2 321 301
33b 33c 11b4 11b3 322 302
33b 11b3 11d4 35c 322 321
33c 33d 11b5 11b4 323 303
33c 11b4 11d5 35d 323 322
33d 33e 11b6 11b5 324 304
33d 11b5 11d6 35e 324 323
33e 33f 11b7 11b6 325 305
33e 11b6 11d7 35f 325 324
33f 340 11b8 11b7 326 306
33f 11b7 11d8 360 326 325
340 341 11b9 11b8 327 307
340 11b8 11d9 361 327 326
341 342 11ba 11b9 328 308
341 11b9 11da 362 328 327
342 343 11bb 11ba 329 309
342 11ba 11db 363 329 328
343 344 11bc 11bb 32a 30a
343 11bb 11dc 364 32a 329
344 345 11bd 11bc 32b 30b
344 11bc 11dd 365 32b 32a
345 346 11be 11bd 32c 30c
345 11bd 11de 366 32c 32b
346 347 11bf 11be 32d 30d
346 11be 11df 367 32d 32c
347 348 11c0 11bf 32e 30e
347 11bf 11e0 368 32e 32d
348 349 11c1 11c0 32f 30f
348 11c0 11e1 369 32f 32e
349 34a 11c2 11c1 330 310
349 11c1 11e2 36a 330 32f
34a 34b 11c3 11c2 331 311
34a 11c2 11e3 36b 331 330
34b 34c 11c4 11c3 332 312
34b 11c3 11e4 36c 332 331
34c 34d 11c5 11c4 333 313
34c 11c4 11e5 36d 333 332
34d 34e 11c6 11c5 334 314
34d 11c5 11e6 36e 334 333
34e 34f 11c7 11c6 335 315
34e 11c6 11e7 36f 335 334
34f 350 11c8 11c7 336 316
34f 11c7 11e8 370 336 335
350 351 11c9 11c8 337 317
350 11c8 11e9 371 337 336
351 352 11ca 11c9 338 318
351 11c9 11ea 372 338 337
352 353 11cb 11ca 339 319
352 11ca 11eb 373 339 338
353 354 11cc 11cb 33a 31a
353 11cb 11ec 374 33a 339
354 355 11cd 11cc 33b 31b
354 11cc 11ed 375 33b 33a
355 356 11ce 11cd 33c 31c
355 11cd 11ee 376 33c 33b
356 357 11cf 11ce 33d 31d
356 11ce 11ef 377 33d 33c
357 358 11d0 11cf 33e 31e
357 11cf 11f0 378 33e 33d
358 359 11d1 11d0 33f 31f
358 11d0 11f1 379 33f 33e
359 35a 11d2 11d1 340 320
359 11d1 11f2 37a 340 33f
35b 35c 11d4 11d3 341 321
35c 35d 11d5 11d4 342 322
35c 11d4 11f5 37d 342 341
35d 35e 11d6 11d5 343 323
35d 11d5 11f6 37e 343 342
35e 35f 11d7 11d6 344 324
35e 11d6 11f7 37f 344 343
35f 360 11d8 11d7 345 325
35f 11d7 11f8 380 345 344
360 361 11d9 11d8 346 326
360 11d8 11f9 381 346 345
361 362 11da 11d9 347 327
361 11d9 11fa 382 347 346
362 363 11db 11da 348 328
362 11da 11fb 383 348 347
363 364 11dc 11db 349 329
363 11db 11fc 384 349 348
364 365 11dd 11dc 34a 32a
364 11dc 11fd 385 34a 349
365 366 11de 11dd 34b 32b
365 11dd 11fe 386 34b 34a
366 367 11df 11de 34c 32c
366 11de 11ff 387 34c 34b
367 368 11e0 11df 34d 32d
367 11df 1200 388 34d 34c
368 369 11e1 11e0 34e 32e
368 11e0 1201 389 34e 34d
369 36a 11e2 11e1 34f 32f
369 11e1 1202 38a 34f 34e
36a 36b 11e3 11e2 350 330
36a 11e2 1203 38b 350 34f
36b 36c 11e4 11e3 351 331
36b 11e3 1204 38c 351 350
36c 36d 11e5 11e4 352 332
36c 11e4 1205 38d 352 351
36d 36e 11e6 11e5 353 333
36d 11e5 1206 38e 353 352
36e 36f 11e7 11e6 354 334
36e 11e6 1207 38f 354 353
36f 370 11e8 11e7 355 335
36f 11e7 1208 390 355 354
370 371 11e9 11e8 356 336
370 11e8 1209 391 356 355
371 372 11ea 11e9 357 337
371 11e9 120a 392 357 356
372 373 11eb 11ea 358 338
372 11ea 120b 393 358 357
373 374 11ec 11eb 359 339
373 11eb 120c 394 359 358
374 375 11ed 11ec 35a 33a
374 11ec 120d 395 35a 359
375 376 11ee 11ed 35b 33b
375 11ed 120e 396 35b 35a
376 377 11ef 11ee 35c 33c
376 11ee 120f 397 35c 35b
377 378 11f0 11ef 35d 33d
377 11ef 1210 398 35d 35c
378 379 11f1 11f0 35e 33e
378 11f0 1211 399 35e 35d
379 37a 11f2 11f1 35f 33f
379 11f1 1212 39a 35f 35e
37a 37b 11f3 11f2 360 340
37a 11f2 1213 39b 360 35f
37c 37d 11f5 11f4 361 341
37d 37e 11f6 11f5 362 342
37d 11f5 1216 39e 362 361
37e 37f 11f7 11f6 363 343
37e 11f6 1217 39f 363 362
37f 380 11f8 11f7 364 344
37f 11f7 1218 3a0 364 363
380 381 11f9 11f8 365 345
380 11f8 1219 3a1 365 364
381 382 11fa 11f9 366 346
381 11f9 121a 3a2 366 365
382 383 11fb 11fa 367 347
382 11fa 121b 3a3 367 366
383 384 11fc 11fb 368 348
383 11fb 121c 3a4 368 367
384 385 11fd 11fc 369 349
384 11fc 121d 3a5 369 368
385 386 11fe 11fd 36a 34a
385 11fd 121e 3a6 36a 369
386 387 11ff 11fe 36b 34b
386 11fe 121f 3a7 36b 36a
387 388 1200 11ff 36c 34c
387 11ff 1220 3a8 36c 36b
388 389 1201 1200 36d 34d
388 1200 1221 3a9 36d 36c
389 38a 1202 1201 36e 34e
389 1201 1222 3aa 36e 36d
38a 38b 1203 1202 36f 34f
38a 1202 1223 3ab 36f 36e
38b 38c 1204 1203 370 350
38b 1203 1224 3ac 370 36f
38c 38d 1205 1204 371 351
38c 1204 1225 3ad 371 370
38d 38e 1206 1205 372 352
38d 1205 1226 3ae 372 371
38e 38f 1207 1206 373 353
38e 1206 1227 3af 373 372
38f 390 1208 1207 374 354
38f 1207 1228 3b0 374 373
390 391 1209 1208 375 355
390 1208 1229 3b1 375 374
391 392 120a 1209 376 356
391 1209 122a 3b2 376 375
392 393 120b 120a 377 357
392 120a 122b 3b3 377 376
393 394 120c 120b 378 358
393 120b 122c 3b4 378 377
394 395 120d 120c 379 359
394 120c 122d 3b5 379 378
395 396 120e 120d 37a 35a
395 120d 122e 3b6 37a 379
396 397 120f 120e 37b 35b
396 120e 122f 3b7 37b 37a
397 398 1210 120f 37c 35c
397 120f 1230 3b8 37c 37b
398 399 1211 1210 37d 35d
398 1210 1231 3b9 37d 37c
399 39a 1212 1211 37e 35e
399 1211 1232 3ba 37e 37d
39a 39b 1213 1212 37f 35f
39a 1212 1233 3bb 37f 37e
39b 39c 1214 1213 380 360
39b 1213 1234 3bc 380 37f
39d 39e 1216 1215 381 361
39e 39f 1217 1216 382 362
39e 1216 1237 3bf 382 381
39f 3a0 1218 1217 383 363
39f 1217 1238 3c0 383 382
3a0 3a1 1219 1218 384 364
3a0 1218 1239 3c1 384 383
3a1 3a2 121a 1219 385 365
3a1 1219 123a 3c2 385 384
3a2 3a3 121b 121a 386 366
3a2 121a 123b 3c3 386 385
3a3 3a4 121c 121b 387 367
3a3 121b 123c 3c4 387 386
3a4 3a5 121d 121c 388 368
3a4 121c 123d 3c5 388 387
3a5 3a6 121e 121d 389 369
3a5 121d 123e 3c6 389 388
3a6 3a7 121f 121e 38a 36a
3a6 121e 123f 3c7 38a 389
3a7 3a8 1220 121f 38b 36b
3a7 121f 1240 3c8 38b 38a
3a8 3a9 1221 1220 38c 36c
3a8 1220 1241 3c9 38c 38b
3a9 3aa 1222 1221 38d 36d
3a9 1221 1242 3ca 38d 38c
3aa 3ab 1223 1222 38e 36e
3aa 1222 1243 3cb 38e 38d
3ab 3ac 1224 1223 38f 36f
3ab 1223 1244 3cc 38f 38e
3ac 3ad 1225 1224 390 370
3ac 1224 1245 3cd 390 38f
3ad 3ae 1226 1225 391 371
3ad 1225 1246 3ce 391 390
3ae 3af 1227 1226 392 372
3ae 1226 1247 3cf 392 391
3af 3b0 1228 1227 393 373
3af 1227 1248 3d0 393 392
3b0 3b1 1229 1228 394 374
3b0 1228 1249 3d1 394 393
3b1 3b2 122a 1229 395 375
3b1 1229 124a 3d2 395 394
3b2 3b3 122b 122a 396 376
3b2 122a 124b 3d3 396 395
3b3 3b4 122c 122b 397 377
3b3 122b 124c 3d4 397 396
3b4 3b5 122d 122c 398 378
3b4 122c 124d 3d5 398 397
3b5 3b6 122e 122d 399 379
3b5 122d 124e 3d6 399 398
3b6 3b7 122f 122e 39a 37a
3b6 122e 124f 3d7 39a 399
3b7 3b8 1230 122f 39b 37b
3b7 122f 1250 3d8 39b 39a
3b8 3b9 1231 1230 39c 37c
3b8 1230 1251 3d9 39c 39b
3b9 3ba 1232 1231 39d 37d
3b9 1231 1252 3da 39d 39c
3ba 3bb 1233 1232 39e 37e
3ba 1232 1253 3db 39e 39d
3bb 3bc 1234 1233 39f 37f
3bb 1233 1254 3dc 39f 39e
3bc 3bd 1235 1234 3a0 380
3bc 1234 1255 3dd 3a0 39f
3be 3bf 1237 1236 3a1 381
3bf 3c0 1238 1237 3a2 382
3bf 1237 1258 3e0 3a2 3a1
3c0 3c1 1239 1238 3a3 383
3c0 1238 1259 3e1 3a3 3a2
3c1 3c2 123a 1239 3a4 384
3c1 1239 125a 3e2 3a4 3a3
3c2 3c3 123b 123a 3a5 385
3c2 123a 125b 3e3 3a5 3a4
3c3 3c4 123c 123b 3a6 386
3c3 123b 125c 3e4 3a6 3a5
3c4 3c5 123d 123c 3a7 387
3c4 123c 125d 3e5 3a7 3a6
3c5 3c6 123e 123d 3a8 388
3c5 123d 125e 3e6 3a8 3a7
3c6 3c7 123f 123e 3a9 389
3c6 123e 125f 3e7 3a9 3a8
3c7 3c8 1240 123f 3aa 38a
3c7 123f 1260 3e8 3aa 3a9
3c8 3c9 1241 1240 3ab 38b
3c8 1240 1261 3e9 3ab 3aa
3c9 3ca 1242 1241 3ac 38c
3c9 1241 1262 3ea 3ac 3ab
3ca 3cb 1243 1242 3ad 38d
3ca 1242 1263 3eb 3ad 3ac
3cb 3cc 1244 1243 3ae 38e
3cb 1243 1264 3ec 3ae 3ad
3cc 3cd 1245 1244 3af 38f
3cc 1244 1265 3ed 3af 3ae
3cd 3ce 1246 1245 3b0 390
3cd 1245 1266 3ee 3b0 3af
3ce 3cf 1247 1246 3b1 391
3ce 1246 1267 3ef 3b1 3b0
3cf 3d0 1248 1247 3b2 392
3cf 1247 1268 3f0 3b2 3b1
3d0 3d1 1249 1248 3b3 393
3d0 1248 1269 3f1 3b3 3b2
3d1 3d2 124a 1249 3b4 394
3d1 1249 126a 3f2 3b4 3b3
3d2 3d3 124b 124a 3b5 395
3d2 124a 126b 3f3 3b5 3b4
3d3 3d4 124c 124b 3b6 396
3d3 124b 126c 3f4 3b6 3b5
3d4 3d5 124d 124c 3b7 397
3d4 124c 126d 3f5 3b7 3b6
3d5 3d6 124e 124d 3b8 398
3d5 124d 126e 3f6 3b8 3b7
3d6 3d7 124f 124e 3b9 399
3d6 124e 126f 3f7 3b9 3b8
3d7 3d8 1250 124f 3ba 39a
3d7 124f 1270 3f8 3ba 3b9
3d8 3d9 1251 1250 3bb 39b
3d8 1250 1271 3f9 3bb 3ba
3d9 3da 1252 1251 3bc 39c
3d9 1251 1272 3fa 3bc 3bb
3da 3db 1253 1252 3bd 39d
3da 1252 1273 3fb 3bd 3bc
3db 3dc 1254 1253 3be 39e
3db 1253 1274 3fc 3be 3bd
3dc 3dd 1255 1254 3bf 39f
3dc 1254 1275 3fd 3bf 3be
3dd 3de 1256 1255 3c0 3a0
3dd 1255 1276 3fe 3c0 3bf
3df 3e0 1258 1257 3c1 3a1
3e0 3e1 1259 1258 3c2 3a2
3e0 1258 1279 401 3c2 3c1
3e1 3e2 125a 1259 3c3 3a3
3e1 1259 127a 402 3c3 3c2
3e2 3e3 125b 125a 3c4 3a4
3e2 125a 127b 403 3c4 3c3
3e3 3e4 125c 125b 3c5 3a5
3e3 125b 127c 404 3c5 3c4
3e4 3e5 125d 125c 3c6 3a6
3e4 125c 127d 405 3c6 3c5
3e5 3e6 125e 125d 3c7 3a7
3e5 125d 127e 406 3c7 3c6
3e6 3e7 125f 125e 3c8 3a8
3e6 125e 127f 407 3c8 3c7
3e7 3e8 1260 125f 3c9 3a9
3e7 125f 1280 408 3c9 3c8
3e8 3e9 1261 1260 3ca 3aa
3e8 1260 1281 409 3ca 3c9
3e9 3ea 1262 1261 3cb 3ab
3e9 1261 1282 40a 3cb 3ca
3ea 3eb 1263 1262 3cc 3ac
3ea 1262 1283 40b 3cc 3cb
3eb 3ec 1264 1263 3cd 3ad
3eb 1263 1284 40c 3cd 3cc
3ec 3ed 1265 1264 3ce 3ae
3ec 1264 1285 40d 3ce 3cd
3ed 3ee 1266 1265 3cf 3af
3ed 1265 1286 40e 3cf 3ce
3ee 3ef 1267 1266 3d0 3b0
3ee 1266 1287 40f 3d0 3cf
3ef 3f0 1268 1267 3d1 3b1
3ef 1267 1288 410 3d1 3d0
3f0 3f1 1269 1268 3d2 3b2
3f0 1268 1289 411 3d2 3d1
3f1 3f2 126a 1269 3d3 3b3
3f1 1269 128a 412 3d3 3d2
3f2 3f3 126b 126a 3d4 3b4
3f2 126a 128b 413 3d4 3d3
3f3 3f4 126c 126b 3d5 3b5
3f3 126b 128c 414 3d5 3d4
3f4 3f5 126d 126c 3d6 3b6
3f4 126c 128d 415 3d6 3d5
3f5 3f6 126e 126d 3d7 3b7
3f5 126d 128e 416 3d7 3d6
3f6 3f7 126f 126e 3d8 3b8
3f6 126e 128f 417 3d8 3d7
3f7 3f8 1270 126f 3d9 3b9
3f7 126f 1290 418 3d9 3d8
3f8 3f9 1271 1270 3da 3ba
3f8 1270 1291 419 3da 3d9
3f9 3fa 1272 1271 3db 3bb
3f9 1271 1292 41a 3db 3da
3fa 3fb 1273 1272 3dc 3bc
3fa 1272 1293 41b 3dc 3db
3fb 3fc 1274 1273 3dd 3bd
3fb 1273 1294 41c 3dd 3dc
3fc 3fd 1275 1274 3de 3be
3fc 1274 1295 41d 3de 3dd
3fd 3fe 1276 1275 3df 3bf
3fd 1275 1296 41e 3df 3de
3fe 3ff 1277 1276 3e0 3c0
3fe 1276 1297 41f 3e0 3df
400 401 1279 1278 3e1 3c1
401 402 127a 1279 3e2 3c2
401 1279 129a 422 3e2 3e1
402 403 127b 127a 3e3 3c3
402 127a 129b 423 3e3 3e2
403 404 127c 127b 3e4 3c4
403 127b 129c 424 3e4 3e3
404 405 127d 127c 3e5 3c5
404 127c 129d 425 3e5 3e4
405 406 127e 127d 3e6 3c6
405 127d 129e 426 3e6 3e5
406 407 127f 127e 3e7 3c7
406 127e 129f 427 3e7 3e6
407 408 1280 127f 3e8 3c8
407 127f 12a0 428 3e8 3e7
408 409 1281 1280 3e9 3c9
408 1280 12a1 429 3e9 3e8
409 40a 1282 1281 3ea 3ca
409 1281 12a2 42a 3ea 3e9
40a 40b 1283 1282 3eb 3cb
40a 1282 12a3 42b 3eb 3ea
40b 40c 1284 1283 3ec 3cc
40b 1283 12a4 42c 3ec 3eb
40c 40d 1285 1284 3ed 3cd
40c 1284 12a5 42d 3ed 3ec
40d 40e 1286 1285 3ee 3ce
40d 1285 12a6 42e 3ee 3ed
40e 40f 1287 1286 3ef 3cf
40e 1286 12a7 42f 3ef 3ee
40f 410 1288 1287 3f0 3d0
40f 1287 12a8 430 3f0 3ef
410 411 1289 1288 3f1 3d1
410 1288 12a9 431 3f1 3f0
411 412 128a 1289 3f2 3d2
411 1289 12aa 432 3f2 3f1
412 413 128b 128a 3f3 3d3
412 128a 12ab 433 3f3 3f2
413 414 128c 128b 3f4 3d4
413 128b 12ac 434 3f4 3f3
414 415 128d 128c 3f5 3d5
414 128c 12ad 435 3f5 3f4
415 416 128e 128d 3f6 3d6
415 128d 12ae 436 3f6 3f5
416 417 128f 128e 3f7 3d7
416 128e 12af 437 3f7 3f6
417 418 1290 128f 3f8 3d8
417 128f 12b0 438 3f8 3f7
418 419 1291 1290 3f9 3d9
418 1290 12b1 439 3f9 3f8
419 41a 1292 1291 3fa 3da
419 1291 12b2 43a 3fa 3f9
41a 41b 1293 1292 3fb 3db
41a 1292 12b3 43b 3fb 3fa
41b 41c 1294 1293 3fc 3dc
41b 1293 12b4 43c 3fc 3fb
41c 41d 1295 1294 3fd 3dd
41c 1294 12b5 43d 3fd 3fc
41d 41e 1296 1295 3fe 3de
41d 1295 12b6 43e 3fe 3fd
41e 41f 1297 1296 3ff 3df
41e 1296 12b7 43f 3ff 3fe
41f 420 1298 1297 400 3e0
41f 1297 12b8 440 400 3ff
421 422 129a 1299 401 3e1
422 423 129b 129a 402 3e2
422 129a 12bb 443 402 401
423 424 129c 129b 403 3e3
423 129b 12bc 444 403 402
424 425 129d 129c 404 3e4
424 129c 12bd 445 404 403
425 426 129e 129d 405 3e5
425 129d 12be 446 405 404
426 427 129f 129e 406 3e6
426 129e 12bf 447 406 405
427 428 12a0 129f 407 3e7
427 129f 12c0 448 407 406
428 429 12a1 12a0 408 3e8
428 12a0 12c1 449 408 407
429 42a 12a2 12a1 409 3e9
429 12a1 12c2 44a 409 408
42a 42b 12a3 12a2 40a 3ea
42a 12a2 12c3 44b 40a 409
42b 42c 12a4 12a3 40b 3eb
42b 12a3 12c4 44c 40b 40a
42c 42d 12a5 12a4 40c 3ec
42c 12a4 12c5 44d 40c 40b
42d 42e 12a6 12a5 40d 3ed
42d 12a5 12c6 44e 40d 40c
42e 42f 12a7 12a6 40e 3ee
42e 12a6 12c7 44f 40e 40d
42f 430 12a8 12a7 40f 3ef
42f 12a7 12c8 450 40f 40e
430 431 12a9 12a8 410 3f0
430 12a8 12c9 451 410 40f
431 432 12aa 12a9 411 3f1
431 12a9 12ca 452 411 410
432 433 12ab 12aa 412 3f2
432 12aa 12cb 453 412 411
433 434 12ac 12ab 413 3f3
433 12ab 12cc 454 413 412
434 435 12ad 12ac 414 3f4
434 12ac 12cd 455 414 413
435 436 12ae 12ad 415 3f5
435 12ad 12ce 456 415 414
436 437 12af 12ae 416 3f6
436 12ae 12cf 457 416 415
437 438 12b0 12af 417 3f7
437 12af 12d0 458 417 416
438 439 12b1 12b0 418 3f8
438 12b0 12d1 459 418 417
439 43a 12b2 12b1 419 3f9
439 12b1 12d2 45a 419 418
43a 43b 12b3 12b2 41a 3fa
43a 12b2 12d3 45b 41a 419
43b 43c 12b4 12b3 41b 3fb
43b 12b3 12d4 45c 41b 41a
43c 43d 12b5 12b4 41c 3fc
43c 12b4 12d5 45d 41c 41b
43d 43e 12b6 12b5 41d 3fd
43d 12b5 12d6 45e 41d 41c
43e 43f 12b7 12b6 41e 3fe
43e 12b6 12d7 45f 41e 41d
43f 440 12b8 12b7 41f 3ff
43f 12b7 12d8 460 41f 41e
440 441 12b9 12b8 420 400
440 12b8 12d9 461 420 41f
442 443 12bb 12ba 421 401
443 444 12bc 12bb 422 402
443 12bb 12dc 464 422 421
444 445 12bd 12bc 423 403
444 12bc 12dd 465 423 422
445 446 12be 12bd 424 404
445 12bd 12de 466 424 423
446 447 12bf 12be 425 405
446 12be 12df 467 425 424
447 448 12c0 12bf 426 406
447 12bf 12e0 468 426 425
448 449 12c1 12c0 427 407
448 12c0 12e1 469 427 426
449 44a 12c2 12c1 428 408
449 12c1 12e2 46a 428 427
44a 44b 12c3 12c2 429 409
44a 12c2 12e3 46b 429 428
44b 44c 12c4 12c3 42a 40a
44b 12c3 12e4 46c 42a 429
44c 44d 12c5 12c4 42b 40b
44c 12c4 12e5 46d 42b 42a
44d 44e 12c6 12c5 42c 40c
44d 12c5 12e6 46e 42c 42b
44e 44f 12c7 12c6 42d 40d
44e 12c6 12e7 46f 42d 42c
44f 450 12c8 12c7 42e 40e
44f 12c7 12e8 470 42e 42d
450 451 12c9 12c8 42f 40f
450 12c8 12e9 471 42f 42e
451 452 12ca 12c9 430 410
451 12c9 12ea 472 430 42f
452 453 12cb 12ca 431 411
452 12ca 12eb 473 431 430
453 454 12cc 12cb 432 412
453 12cb 12ec 474 432 431
454 455 12cd 12cc 433 413
454 12cc 12ed 475 433 432
455 456 12ce 12cd 434 414
455 12cd 12ee 476 434 433
456 457 12cf 12ce 435 415
456 12ce 12ef 477 435 434
457 458 12d0 12cf 436 416
457 12cf 12f0 478 436 435
458 459 12d1 12d0 437 417
458 12d0 12f1 479 437 436
459 45a 12d2 12d1 438 418
459 12d1 12f2 47a 438 437
45a 45b 12d3 12d2 439 419
45a 12d2 12f3 47b 439 438
45b 45c 12d4 12d3 43a 41a
45b 12d3 12f4 47c 43a 439
45c 45d 12d5 12d4 43b 41b
45c 12d4 12f5 47d 43b 43a
45d 45e 12d6 12d5 43c 41c
45d 12d5 12f6 47e 43c 43b
45e 45f 12d7 12d6 43d 41d
45e 12d6 12f7 47f 43d 43c
45f 460 12d8 12d7 43e 41e
45f 12d7 12f8 480 43e 43d
460 461 12d9 12d8 43f 41f
460 12d8 12f9 481 43f 43e
461 462 12da 12d9 440 420
461 12d9 12fa 482 440 43f
463 464 12dc 12db 441 421
464 465 12dd 12dc 442 422
464 12dc 12fd 485 442 441
465 466 12de 12dd 443 423
465 12dd 12fe 486 443 442
466 467 12df 12de 444 424
466 12de 12ff 487 444 443
467 468 12e0 12df 445 425
467 12df 1300 488 445 444
468 469 12e1 12e0 446 426
468 12e0 1301 489 446 445
469 46a 12e2 12e1 447 427
469 12e1 1302 48a 447 446
46a 46b 12e3 12e2 448 428
46a 12e2 1303 48b 448 447
46b 46c 12e4 12e3 449 429
46b 12e3 1304 48c 449 448
46c 46d 12e5 12e4 44a 42a
46c 12e4 1305 48d 44a 449
46d 46e 12e6 12e5 44b 42b
46d 12e5 1306 48e 44b 44a
46e 46f 12e7 12e6 44c 42c
46e 12e6 1307 48f 44c 44b
46f 470 12e8 12e7 44d 42d
46f 12e7 1308 490 44d 44c
470 471 12e9 12e8 44e 42e
470 12e8 1309 491 44e 44d
471 472 12ea 12e9 44f 42f
471 12e9 130a 492 44f 44e
472 473 12eb 12ea 450 430
472 12ea 130b 493 450 44f
473 474 12ec 12eb 451 431
473 12eb 130c 494 451 450
474 475 12ed 12ec 452 432
474 12ec 130d 495 452 451
475 476 12ee 12ed 453 433
475 12ed 130e 496 453 452
476 477 12ef 12ee 454 434
476 12ee 130f 497 454 453
477 478 12f0 12ef 455 435
477 12ef 1310 498 455 454
478 479 12f1 12f0 456 436
478 12f0 1311 499 456 455
479 47a 12f2 12f1 457 437
479 12f1 1312 49a 457 456
47a 47b 12f3 12f2 458 438
47a 12f2 1313 49b 458 457
47b 47c 12f4 12f3 459 439
47b 12f3 1314 49c 459 458
47c 47d 12f5 12f4 45a 43a
47c 12f4 1315 49d 45a 459
47d 47e 12f6 12f5 45b 43b
47d 12f5 1316 49e 45b 45a
47e 47f 12f7 12f6 45c 43c
47e 12f6 1317 49f 45c 45b
47f 480 12f8 12f7 45d 43d
47f 12f7 1318 4a0 45d 45c
480 481 12f9 12f8 45e 43e
480 12f8 1319 4a1 45e 45d
481 482 12fa 12f9 45f 43f
481 12f9 131a 4a2 45f 45e
482 483 12fb 12fa 460 440
482 12fa 131b 4a3 460 45f
484 485 12fd 12fc 461 441
485 486 12fe 12fd 462 442
485 12fd 131e 4a6 462 461
486 487 12ff 12fe 463 443
486 12fe 131f 4a7 463 462
487 488 1300 12ff 464 444
487 12ff 1320 4a8 464 463
488 489 1301 1300 465 445
488 1300 1321 4a9 465 464
489 48a 1302 1301 466 446
489 1301 1322 4aa 466 465
48a 48b 1303 1302 467 447
48a 1302 1323 4ab 467 466
48b 48c 1304 1303 468 448
48b 1303 1324 4ac 468 467
48c 48d 1305 1304 469 449
48c 1304 1325 4ad 469 468
48d 48e 1306 1305 46a 44a
48d 1305 1326 4ae 46a 469
48e 48f 1307 1306 46b 44b
48e 1306 1327 4af 46b 46a
48f 490 1308 1307 46c 44c
48f 1307 1328 4b0 46c 46b
490 491 1309 1308 46d 44d
490 1308 1329 4b1 46d 46c
491 492 130a 1309 46e 44e
491 1309 132a 4b2 46e 46d
492 493 130b 130a 46f 44f
492 130a 132b 4b3 46f 46e
493 494 130c 130b 470 450
493 130b 132c 4b4 470 46f
494 495 130d 130c 471 451
494 130c 132d 4b5 471 470
495 496 130e 130d 472 452
495 130d 132e 4b6 472 471
496 497 130f 130e 473 453
496 130e 132f 4b7 473 472
497 498 1310 130f 474 454
497 130f 1330 4b8 474 473
498 499 1311 1310 475 455
498 1310 1331 4b9 475 474
499 49a 1312 1311 476 456
499 1311 1332 4ba 476 475
49a 49b 1313 1312 477 457
49a 1312 1333 4bb 477 476
49b 49c 1314 1313 478 458
49b 1313 1334 4bc 478 477
49c 49d 1315 1314 479 459
49c 1314 1335 4bd 479 478
49d 49e 1316 1315 47a 45a
49d 1315 1336 4be 47a 479
49e 49f 1317 1316 47b 45b
49e 1316 1337 4bf 47b 47a
49f 4a0 1318 1317 47c 45c
49f 1317 1338 4c0 47c 47b
4a0 4a1 1319 1318 47d 45d
4a0 1318 1339 4c1 47d 47c
4a1 4a2 131a 1319 47e 45e
4a1 1319 133a 4c2 47e 47d
4a2 4a3 131b 131a 47f 45f
4a2 131a 133b 4c3 47f 47e
4a3 4a4 131c 131b 480 460
4a3 131b 133c 4c4 480 47f
4a5 4a6 131e 131d 481 461
4a6 4a7 131f 131e 482 462
4a6 131e 133f 4c7 482 481
4a7 4a8 1320 131f 483 463
4a7 131f 1340 4c8 483 482
4a8 4a9 1321 1320 484 464
4a8 1320 1341 4c9 484 483
4a9 4aa 1322 1321 485 465
4a9 1321 1342 4ca 485 484
4aa 4ab 1323 1322 486 466
4aa 1322 1343 4cb 486 485
4ab 4ac 1324 1323 487 467
4ab 1323 1344 4cc 487 486
4ac 4ad 1325 1324 488 468
4ac 1324 1345 4cd 488 487
4ad 4ae 1326 1325 489 469
4ad 1325 1346 4ce 489 488
4ae 4af 1327 1326 48a 46a
4ae 1326 1347 4cf 48a 489
4af 4b0 1328 1327 48b 46b
4af 1327 1348 4d0 48b 48a
4b0 4b1 1329 1328 48c 46c
4b0 1328 1349 4d1 48c 48b
4b1 4b2 132a 1329 48d 46d
4b1 1329 134a 4d2 48d 48c
4b2 4b3 132b 132a 48e 46e
4b2 132a 134b 4d3 48e 48d
4b3 4b4 132c 132b 48f 46f
4b3 132b 134c 4d4 48f 48e
4b4 4b5 132d 132c 490 470
4b4 132c 134d 4d5 490 48f
4b5 4b6 132e 132d 491 471
4b5 132d 134e 4d6 491 490
4b6 4b7 132f 132e 492 472
4b6 132e 134f 4d7 492 491
4b7 4b8 1330 132f 493 473
4b7 132f 1350 4d8 493 492
4b8 4b9 1331 1330 494 474
4b8 1330 1351 4d9 494 493
4b9 4ba 1332 1331 495 475
4b9 1331 1352 4da 495 494
4ba 4bb 1333 1332 496 476
4ba 1332 1353 4db 496 495
4bb 4bc 1334 1333 497 477
4bb 1333 1354 4dc 497 496
4bc 4bd 1335 1334 498 478
4bc 1334 1355 4dd 498 497
4bd 4be 1336 1335 499 479
4bd 1335 1356 4de 499 498
4be 4bf 1337 1336 49a 47a
4be 1336 1357 4df 49a 499
4bf 4c0 1338 1337 49b 47b
4bf 1337 1358 4e0 49b 49a
4c0 4c1 1339 1338 49c 47c
4c0 1338 1359 4e1 49c 49b
4c1 4c2 133a 1339 49d 47d
4c1 1339 135a 4e2 49d 49c
4c2 4c3 133b 133a 49e 47e
4c2 133a 135b 4e3 49e 49d
4c3 4c4 133c 133b 49f 47f
4c3 133b 135c 4e4 49f 49e
4c4 4c5 133d 133c 4a0 480
4c4 133c 135d 4e5 4a0 49f
4c6 4c7 133f 133e 4a1 481
4c7 4c8 1340 133f 4a2 482
4c7 133f 1360 4e8 4a2 4a1
4c8 4c9 1341 1340 4a3 483
4c8 1340 1361 4e9 4a3 4a2
4c9 4ca 1342 1341 4a4 484
4c9 1341 1362 4ea 4a4 4a3
4ca 4cb 1343 1342 4a5 485
4ca 1342 1363 4eb 4a5 4a4
4cb 4cc 1344 1343 4a6 486
4cb 1343 1364 4ec 4a6 4a5
4cc 4cd 1345 1344 4a7 487
4cc 1344 1365 4ed 4a7 4a6
4cd 4ce 1346 1345 4a8 488
4cd 1345 1366 4ee 4a8 4a7
4ce 4cf 1347 1346 4a9 489
4ce 1346 1367 4ef 4a9 4a8
4cf 4d0 1348 1347 4aa 48a
4cf 1347 1368 4f0 4aa 4a9
4d0 4d1 1349 1348 4ab 48b
4d0 1348 1369 4f1 4ab 4aa
4d1 4d2 134a 1349 4ac 48c
4d1 1349 136a 4f2 4ac 4ab
4d2 4d3 134b 134a 4ad 48d
4d2 134a 136b 4f3 4ad 4ac
4d3 4d4 134c 134b 4ae 48e
4d3 134b 136c 4f4 4ae 4ad
4d4 4d5 134d 134c 4af 48f
4d4 134c 136d 4f5 4af 4ae
4d5 4d6 134e 134d 4b0 490
4d5 134d 136e 4f6 4b0 4af
4d6 4d7 134f 134e 4b1 491
4d6 134e 136f 4f7 4b1 4b0
4d7 4d8 1350 134f 4b2 492
4d7 134f 1370 4f8 4b2 4b1
4d8 4d9 1351 1350 4b3 493
4d8 1350 1371 4f9 4b3 4b2
4d9 4da 1352 1351 4b4 494
4d9 1351 1372 4fa 4b4 4b3
4da 4db 1353 1352 4b5 495
4da 1352 1373 4fb 4b5 4b4
4db 4dc 1354 1353 4b6 496
4db 1353 1374 4fc 4b6 4b5
4dc 4dd 1355 1354 4b7 497
4dc 1354 1375 4fd 4b7 4b6
4dd 4de 1356 1355 4b8 498
4dd 1355 1376 4fe 4b8 4b7
4de 4df 1357 1356 4b9 499
4de 1356 1377 4ff 4b9 4b8
4df 4e0 1358 1357 4ba 49a
4df 1357 1378 500 4ba 4b9
4e0 4e1 1359 1358 4bb 49b
4e0 1358 1379 501 4bb 4ba
4e1 4e2 135a 1359 4bc 49c
4e1 1359 137a 502 4bc 4bb
4e2 4e3 135b 135a 4bd 49d
4e2 135a 137b 503 4bd 4bc
4e3 4e4 135c 135b 4be 49e
4e3 135b 137c 504 4be 4bd
4e4 4e5 135d 135c 4bf 49f
4e4 135c 137d 505 4bf 4be
4e5 4e6 135e 135d 4c0 4a0
4e5 135d 137e 506 4c0 4bf
4e7 4e8 1360 135f 4c1 4a1
4e8 4e9 1361 1360 4c2 4a2
4e8 1360 1381 509 4c2 4c1
4e9 4ea 1362 1361 4c3 4a3
4e9 1361 1382 50a 4c3 4c2
4ea 4eb 1363 1362 4c4 4a4
4ea 1362 1383 50b 4c4 4c3
4eb 4ec 1364 1363 4c5 4a5
4eb 1363 1384 50c 4c5 4c4
4ec 4ed 1365 1364 4c6 4a6
4ec 1364 1385 50d 4c6 4c5
4ed 4ee 1366 1365 4c7 4a7
4ed 1365 1386 50e 4c7 4c6
4ee 4ef 1367 1366 4c8 4a8
4ee 1366 1387 50f 4c8 4c7
4ef 4f0 1368 1367 4c9 4a9
4ef 1367 1388 510 4c9 4c8
4f0 4f1 1369 1368 4ca 4aa
4f0 1368 1389 511 4ca 4c9
4f1 4f2 136a 1369 4cb 4ab
4f1 1369 138a 512 4cb 4ca
4f2 4f3 136b 136a 4cc 4ac
4f2 136a 138b 513 4cc 4cb
4f3 4f4 136c 136b 4cd 4ad
4f3 136b 138c 514 4cd 4cc
4f4 4f5 136d 136c 4ce 4ae
4f4 136c 138d 515 4ce 4cd
4f5 4f6 136e 136d 4cf 4af
4f5 136d 138e 516 4cf 4ce
4f6 4f7 136f 136e 4d0 4b0
4f6 136e 138f 517 4d0 4cf
4f7 4f8 1370 136f 4d1 4b1
4f7 136f 1390 518 4d1 4d0
4f8 4f9 1371 1370 4d2 4b2
4f8 1370 1391 519 4d2 4d1
4f9 4fa 1372 1371 4d3 4b3
4f9 1371 1392 51a 4d3 4d2
4fa 4fb 1373 1372 4d4 4b4
4fa 1372 1393 51b 4d4 4d3
4fb 4fc 1374 1373 4d5 4b5
4fb 1373 1394 51c 4d5 4d4
4fc 4fd 1375 1374 4d6 4b6
4fc 1374 1395 51d 4d6 4d5
4fd 4fe 1376 1375 4d7 4b7
4fd 1375 1396 51e 4d7 4d6
4fe 4ff 1377 1376 4d8 4b8
4fe 1376 1397 51f 4d8 4d7
4ff 500 1378 1377 4d9 4b9
4ff 1377 1398 520 4d9 4d8
500 501 1379 1378 4da 4ba
500 1378 1399 521 4da 4d9
501 502 137a 1379 4db 4bb
501 1379 139a 522 4db 4da
502 503 137b 137a 4dc 4bc
502 137a 139b 523 4dc 4db
503 504 137c 137b 4dd 4bd
503 137b 139c 524 4dd 4dc
504 505 137d 137c 4de 4be
504 137c 139d 525 4de 4dd
505 506 137e 137d 4df 4bf
505 137d 139e 526 4df 4de
506 507 137f 137e 4e0 4c0
506 137e 139f 527 4e0 4df
508 509 1381 1380 4e1 4c1
509 50a 1382 1381 4e2 4c2
509 1381 13a2 52a 4e2 4e1
50a 50b 1383 1382 4e3 4c3
50a 1382 13a3 52b 4e3 4e2
50b 50c 1384 1383 4e4 4c4
50b 1383 13a4 52c 4e4 4e3
50c 50d 1385 1384 4e5 4c5
50c 1384 13a5 52d 4e5 4e4
50d 50e 1386 1385 4e6 4c6
50d 1385 13a6 52e 4e6 4e5
50e 50f 1387 1386 4e7 4c7
50e 1386 13a7 52f 4e7 4e6
50f 510 1388 1387 4e8 4c8
50f 1387 13a8 530 4e8 4e7
510 511 1389 1388 4e9 4c9
510 1388 13a9 531 4e9 4e8
511 512 138a 1389 4ea 4ca
511 1389 13aa 532 4ea 4e9
512 513 138b 138a 4eb 4cb
512 138a 13ab 533 4eb 4ea
513 514 138c 138b 4ec 4cc
513 138b 13ac 534 4ec 4eb
514 515 138d 138c 4ed 4cd
514 138c 13ad 535 4ed 4ec
515 516 138e 138d 4ee 4ce
515 138d 13ae 536 4ee 4ed
516 517 138f 138e 4ef 4cf
516 138e 13af 537 4ef 4ee
517 518 1390 138f 4f0 4d0
517 138f 13b0 538 4f0 4ef
518 519 1391 1390 4f1 4d1
518 1390 13b1 539 4f1 4f0
519 51a 1392 1391 4f2 4d2
519 1391 13b2 53a 4f2 4f1
51a 51b 1393 1392 4f3 4d3
51a 1392 13b3 53b 4f3 4f2
51b 51c 1394 1393 4f4 4d4
51b 1393 13b4 53c 4f4 4f3
51c 51d 1395 1394 4f5 4d5
51c 1394 13b5 53d 4f5 4f4
51d 51e 1396 1395 4f6 4d6
51d 1395 13b6 53e 4f6 4f5
51e 51f 1397 1396 4f7 4d7
51e 1396 13b7 53f 4f7 4f6
51f 520 1398 1397 4f8 4d8
51f 1397 13b8 540 4f8 4f7
520 521 1399 1398 4f9 4d9
520 1398 13b9 541 4f9 4f8
521 522 139a 1399 4fa 4da
521 1399 13ba 542 4fa 4f9
522 523 139b 139a 4fb 4db
522 139a 13bb 543 4fb 4fa
523 524 139c 139b 4fc 4dc
523 139b 13bc 544 4fc 4fb
524 525 139d 139c 4fd 4dd
524 139c 13bd 545 4fd 4fc
525 526 139e 139d 4fe 4de
525 139d 13be 546 4fe 4fd
526 527 139f 139e 4ff 4df
526 139e 13bf 547 4ff 4fe
527 528 13a0 139f 500 4e0
527 139f 13c0 548 500 4ff
529 52a 13a2 13a1 501 4e1
52a 52b 13a3 13a2 502 4e2
52a 13a2 13c3 54b 502 501
52b 52c 13a4 13a3 503 4e3
52b 13a3 13c4 54c 503 502
52c 52d 13a5 13a4 504 4e4
52c 13a4 13c5 54d 504 503
52d 52e 13a6 13a5 505 4e5
52d 13a5 13c6 54e 505 504
52e 52f 13a7 13a6 506 4e6
52e 13a6 13c7 54f 506 505
52f 530 13a8 13a7 507 4e7
52f 13a7 13c8 550 507 506
530 531 13a9 13a8 508 4e8
530 13a8 13c9 551 508 507
531 532 13aa 13a9 509 4e9
531 13a9 13ca 552 509 508
532 533 13ab 13aa 50a 4ea
532 13aa 13cb 553 50a 509
533 534 13ac 13ab 50b 4eb
533 13ab 13cc 554 50b 50a
534 535 13ad 13ac 50c 4ec
534 13ac 13cd 555 50c 50b
535 536 13ae 13ad 50d 4ed
535 13ad 13ce 556 50d 50c
536 537 13af 13ae 50e 4ee
536 13ae 13cf 557 50e 50d
537 538 13b0 13af 50f 4ef
537 13af 13d0 558 50f 50e
538 539 13b1 13b0 510 4f0
538 13b0 13d1 559 510 50f
539 53a 13b2 13b1 511 4f1
539 13b1 13d2 55a 511 510
53a 53b 13b3 13b2 512 4f2
53a 13b2 13d3 55b 512 511
53b 53c 13b4 13b3 513 4f3
53b 13b3 13d4 55c 513 512
53c 53d 13b5 13b4 514 4f4
53c 13b4 13d5 55d 514 513
53d 53e 13b6 13b5 515 4f5
53d 13b5 13d6 55e 515 514
53e 53f 13b7 13b6 516 4f6
53e 13b6 13d7 55f 516 515
53f 540 13b8 13b7 517 4f7
53f 13b7 13d8 560 517 516
540 541 13b9 13b8 518 4f8
540 13b8 13d9 561 518 517
541 542 13ba 13b9 519 4f9
541 13b9 13da 562 519 518
542 543 13bb 13ba 51a 4fa
542 13ba 13db 563 51a 519
543 544 13bc 13bb 51b 4fb
543 13bb 13dc 564 51b 51a
544 545 13bd 13bc 51c 4fc
544 13bc 13dd 565 51c 51b
545 546 13be 13bd 51d 4fd
545 13bd 13de 566 51d 51c
546 547 13bf 13be 51e 4fe
546 13be 13df 567 51e 51d
547 548 13c0 13bf 51f 4ff
547 13bf 13e0 568 51f 51e
548 549 13c1 13c0 520 500
548 13c0 13e1 569 520 51f
54a 54b 13c3 13c2 521 501
54b 54c 13c4 13c3 522 502
54b 13c3 13e4 56c 522 521
54c 54d 13c5 13c4 523 503
54c 13c4 13e5 56d 523 522
54d 54e 13c6 13c5 524 504
54d 13c5 13e6 56e 524 523
54e 54f 13c7 13c6 525 505
54e 13c6 13e7 56f 525 524
54f 550 13c8 13c7 526 506
54f 13c7 13e8 570 526 525
550 551 13c9 13c8 527 507
550 13c8 13e9 571 527 526
551 552 13ca 13c9 528 508
551 13c9 13ea 572 528 527
552 553 13cb 13ca 529 509
552 13ca 13eb 573 529 528
553 554 13cc 13cb 52a 50a
553 13cb 13ec 574 52a 529
554 555 13cd 13cc 52b 50b
554 13cc 13ed 575 52b 52a
555 556 13ce 13cd 52c 50c
555 13cd 13ee 576 52c 52b
556 557 13cf 13ce 52d 50d
556 13ce 13ef 577 52d 52c
557 558 13d0 13cf 52e 50e
557 13cf 13f0 578 52e 52d
558 559 13d1 13d0 52f 50f
558 13d0 13f1 579 52f 52e
559 55a 13d2 13d1 530 510
559 13d1 13f2 57a 530 52f
55a 55b 13d3 13d2 531 511
55a 13d2 13f3 57b 531 530
55b 55c 13d4 13d3 532 512
55b 13d3 13f4 57c 532 531
55c 55d 13d5 13d4 533 513
55c 13d4 13f5 57d 533 532
55d 55e 13d6 13d5 534 514
55d 13d5 13f6 57e 534 533
55e 55f 13d7 13d6 535 515
55e 13d6 13f7 57f 535 534
55f 560 13d8 13d7 536 516
55f 13d7 13f8 580 536 535
560 561 13d9 13d8 537 517
560 13d8 13f9 581 537 536
561 562 13da 13d9 538 518
561 13d9 13fa 582 538 537
562 563 13db 13da 539 519
562 13da 13fb 583 539 538
563 564 13dc 13db 53a 51a
563 13db 13fc 584 53a 539
564 565 13dd 13dc 53b 51b
564 13dc 13fd 585 53b 53a
565 566 13de 13dd 53c 51c
565 13dd 13fe 586 53c 53b
566 567 13df 13de 53d 51d
566 13de 13ff 587 53d 53c
567 568 13e0 13df 53e 51e
567 13df 1400 588 53e 53d
568 569 13e1 13e0 53f 51f
568 13e0 1401 589 53f 53e
569 56a 13e2 13e1 540 520
569 13e1 1402 58a 540 53f
56b 56c 13e4 13e3 541 521
56c 56d 13e5 13e4 542 522
56c 13e4 1405 58d 542 541
56d 56e 13e6 13e5 543 523
56d 13e5 1406 58e 543 542
56e 56f 13e7 13e6 544 524
56e 13e6 1407 58f 544 543
56f 570 13e8 13e7 545 525
56f 13e7 1408 590 545 544
570 571 13e9 13e8 546 526
570 13e8 1409 591 546 545
571 572 13ea 13e9 547 527
571 13e9 140a 592 547 546
572 573 13eb 13ea 548 528
572 13ea 140b 593 548 547
573 574 13ec 13eb 549 529
573 13eb 140c 594 549 548
574 575 13ed 13ec 54a 52a
574 13ec 140d 595 54a 549
575 576 13ee 13ed 54b 52b
575 13ed 140e 596 54b 54a
576 577 13ef 13ee 54c 52c
576 13ee 140f 597 54c 54b
577 578 13f0 13ef 54d 52d
577 13ef 1410 598 54d 54c
578 579 13f1 13f0 54e 52e
578 13f0 1411 599 54e 54d
579 57a 13f2 13f1 54f 52f
579 13f1 1412 59a 54f 54e
57a 57b 13f3 13f2 550 530
57a 13f2 1413 59b 550 54f
57b 57c 13f4 13f3 551 531
57b 13f3 1414 59c 551 550
57c 57d 13f5 13f4 552 532
57c 13f4 1415 59d 552 551
57d 57e 13f6 13f5 553 533
57d 13f5 1416 59e 553 552
57e 57f 13f7 13f6 554 534
57e 13f6 1417 59f 554 553
57f 580 13f8 13f7 555 535
57f 13f7 1418 5a0 555 554
580 581 13f9 13f8 556 536
580 13f8 1419 5a1 556 555
581 582 13fa 13f9 557 537
581 13f9 141a 5a2 557 556
582 583 13fb 13fa 558 538
582 13fa 141b 5a3 558 557
583 584 13fc 13fb 559 539
583 13fb 141c 5a4 559 558
584 585 13fd 13fc 55a 53a
584 13fc 141d 5a5 55a 559
585 586 13fe 13fd 55b 53b
585 13fd 141e 5a6 55b 55a
586 587 13ff 13fe 55c 53c
586 13fe 141f 5a7 55c 55b
587 588 1400 13ff 55d 53d
587 13ff 1420 5a8 55d 55c
588 589 1401 1400 55e 53e
588 1400 1421 5a9 55e 55d
589 58a 1402 1401 55f 53f
589 1401 1422 5aa 55f 55e
58a 58b 1403 1402 560 540
58a 1402 1423 5ab 560 55f
58c 58d 1405 1404 561 541
58d 58e 1406 1405 562 542
58d 1405 1426 5ae 562 561
58e 58f 1407 1406 563 543
58e 1406 1427 5af 563 562
58f 590 1408 1407 564 544
58f 1407 1428 5b0 564 563
590 591 1409 1408 565 545
590 1408 1429 5b1 565 564
591 592 140a 1409 566 546
591 1409 142a 5b2 566 565
592 593 140b 140a 567 547
592 140a 142b 5b3 567 566
593 594 140c 140b 568 548
593 140b 142c 5b4 568 567
594 595 140d 140c 569 549
594 140c 142d 5b5 569 568
595 596 140e 140d 56a 54a
595 140d 142e 5b6 56a 569
596 597 140f 140e 56b 54b
596 140e 142f 5b7 56b 56a
597 598 1410 140f 56c 54c
597 140f 1430 5b8 56c 56b
598 599 1411 1410 56d 54d
598 1410 1431 5b9 56d 56c
599 59a 1412 1411 56e 54e
599 1411 1432 5ba 56e 56d
59a 59b 1413 1412 56f 54f
59a 1412 1433 5bb 56f 56e
59b 59c 1414 1413 570 550
59b 1413 1434 5bc 570 56f
59c 59d 1415 1414 571 551
59c 1414 1435 5bd 571 570
59d 59e 1416 1415 572 552
59d 1415 1436 5be 572 571
59e 59f 1417 1416 573 553
59e 1416 1437 5bf 573 572
59f 5a0 1418 1417 574 554
59f 1417 1438 5c0 574 573
5a0 5a1 1419 1418 575 555
5a0 1418 1439 5c1 575 574
5a1 5a2 141a 1419 576 556
5a1 1419 143a 5c2 576 575
5a2 5a3 141b 141a 577 557
5a2 141a 143b 5c3 577 576
5a3 5a4 141c 141b 578 558
5a3 141b 143c 5c4 578 577
5a4 5a5 141d 141c 579 559
5a4 141c 143d 5c5 579 578
5a5 5a6 141e 141d 57a 55a
5a5 141d 143e 5c6 57a 579
5a6 5a7 141f 141e 57b 55b
5a6 141e 143f 5c7 57b 57a
5a7 5a8 1420 141f 57c 55c
5a7 141f 1440 5c8 57c 57b
5a8 5a9 1421 1420 57d 55d
5a8 1420 1441 5c9 57d 57c
5a9 5aa 1422 1421 57e 55e
5a9 1421 1442 5ca 57e 57d
5aa 5ab 1423 1422 57f 55f
5aa 1422 1443 5cb 57f 57e
5ab 5ac 1424 1423 580 560
5ab 1423 1444 5cc 580 57f
5ad 5ae 1426 1425 581 561
5ae 5af 1427 1426 582 562
5ae 1426 1447 5cf 582 581
5af 5b0 1428 1427 583 563
5af 1427 1448 5d0 583 582
5b0 5b1 1429 1428 584 564
5b0 1428 1449 5d1 584 583
5b1 5b2 142a 1429 585 565
5b1 1429 144a 5d2 585 584
5b2 5b3 142b 142a 586 566
5b2 142a 144b 5d3 586 585
5b3 5b4 142c 142b 587 567
5b3 142b 144c 5d4 587 586
5b4 5b5 142d 142c 588 568
5b4 142c 144d 5d5 588 587
5b5 5b6 142e 142d 589 569
5b5 142d 144e 5d6 589 588
5b6 5b7 142f 142e 58a 56a
5b6 142e 144f 5d7 58a 589
5b7 5b8 1430 142f 58b 56b
5b7 142f 1450 5d8 58b 58a
5b8 5b9 1431 1430 58c 56c
5b8 1430 1451 5d9 58c 58b
5b9 5ba 1432 1431 58d 56d
5b9 1431 1452 5da 58d 58c
5ba 5bb 1433 1432 58e 56e
5ba 1432 1453 5db 58e 58d
5bb 5bc 1434 1433 58f 56f
5bb 1433 1454 5dc 58f 58e
5bc 5bd 1435 1434 590 570
5bc 1434 1455 5dd 590 58f
5bd 5be 1436 1435 591 571
5bd 1435 1456 5de 591 590
5be 5bf 1437 1436 592 572
5be 1436 1457 5df 592 591
5bf 5c0 1438 1437 593 573
5bf 1437 1458 5e0 593 592
5c0 5c1 1439 1438 594 574
5c0 1438 1459 5e1 594 593
5c1 5c2 143a 1439 595 575
5c1 1439 145a 5e2 595 594
5c2 5c3 143b 143a 596 576
5c2 143a 145b 5e3 596 595
5c3 5c4 143c 143b 597 577
5c3 143b 145c 5e4 597 596
5c4 5c5 143d 143c 598 578
5c4 143c 145d 5e5 598 597
5c5 5c6 143e 143d 599 579
5c5 143d 145e 5e6 599 598
5c6 5c7 143f 143e 59a 57a
5c6 143e 145f 5e7 59a 599
5c7 5c8 1440 143f 59b 57b
5c7 143f 1460 5e8 59b 59a
5c8 5c9 1441 1440 59c 57c
5c8 1440 1461 5e9 59c 59b
5c9 5ca 1442 1441 59d 57d
5c9 1441 1462 5ea 59d 59c
5ca 5cb 1443 1442 59e 57e
5ca 1442 1463 5eb 59e 59d
5cb 5cc 1444 1443 59f 57f
5cb 1443 1464 5ec 59f 59e
5cc 5cd 1445 1444 5a0 580
5cc 1444 1465 5ed 5a0 59f
5ce 5cf 1447 1446 5a1 581
5cf 5d0 1448 1447 5a2 582
5cf 1447 1468 5f0 5a2 5a1
5d0 5d1 1449 1448 5a3 583
5d0 1448 1469 5f1 5a3 5a2
5d1 5d2 144a 1449 5a4 584
5d1 1449 146a 5f2 5a4 5a3
5d2 5d3 144b 144a 5a5 585
5d2 144a 146b 5f3 5a5 5a4
5d3 5d4 144c 144b 5a6 586
5d3 144b 146c 5f4 5a6 5a5
5d4 5d5 144d 144c 5a7 587
5d4 144c 146d 5f5 5a7 5a6
5d5 5d6 144e 144d 5a8 588
5d5 144d 146e 5f6 5a8 5a7
5d6 5d7 144f 144e 5a9 589
5d6 144e 146f 5f7 5a9 5a8
5d7 5d8 1450 144f 5aa 58a
5d7 144f 1470 5f8 5aa 5a9
5d8 5d9 1451 1450 5ab 58b
5d8 1450 1471 5f9 5ab 5aa
5d9 5da 1452 1451 5ac 58c
5d9 1451 1472 5fa 5ac 5ab
5da 5db 1453 1452 5ad 58d
5da 1452 1473 5fb 5ad 5ac
5db 5dc 1454 1453 5ae 58e
5db 1453 1474 5fc 5ae 5ad
5dc 5dd 1455 1454 5af 58f
5dc 1454 1475 5fd 5af 5ae
5dd 5de 1456 1455 5b0 590
5dd 1455 1476 5fe 5b0 5af
5de 5df 1457 1456 5b1 591
5de 1456 1477 5ff 5b1 5b0
5df 5e0 1458 1457 5b2 592
5df 1457 1478 600 5b2 5b1
5e0 5e1 1459 1458 5b3 593
5e0 1458 1479 601 5b3 5b2
5e1 5e2 145a 1459 5b4 594
5e1 1459 147a 602 5b4 5b3
5e2 5e3 145b 145a 5b5 595
5e2 145a 147b 603 5b5 5b4
5e3 5e4 145c 145b 5b6 596
5e3 145b 147c 604 5b6 5b5
5e4 5e5 145d 145c 5b7 597
5e4 145c 147d 605 5b7 5b6
5e5 5e6 145e 145d 5b8 598
5e5 145d 147e 606 5b8 5b7
5e6 5e7 145f 145e 5b9 599
5e6 145e 147f 607 5b9 5b8
5e7 5e8 1460 145f 5ba 59a
5e7 145f 1480 608 5ba 5b9
5e8 5e9 1461 1460 5bb 59b
5e8 1460 1481 609 5bb 5ba
5e9 5ea 1462 1461 5bc 59c
5e9 1461 1482 60a 5bc 5bb
5ea 5eb 1463 1462 5bd 59d
5ea 1462 1483 60b 5bd 5bc
5eb 5ec 1464 1463 5be 59e
5eb 1463 1484 60c 5be 5bd
5ec 5ed 1465 1464 5bf 59f
5ec 1464 1485 60d 5bf 5be
5ed 5ee 1466 1465 5c0 5a0
5ed 1465 1486 60e 5c0 5bf
5ef 5f0 1468 1467 5c1 5a1
5f0 5f1 1469 1468 5c2 5a2
5f0 1468 1489 611 5c2 5c1
5f1 5f2 146a 1469 5c3 5a3
5f1 1469 148a 612 5c3 5c2
5f2 5f3 146b 146a 5c4 5a4
5f2 146a 148b 613 5c4 5c3
5f3 5f4 146c 146b 5c5 5a5
5f3 146b 148c 614 5c5 5c4
5f4 5f5 146d 146c 5c6 5a6
5f4 146c 148d 615 5c6 5c5
5f5 5f6 146e 146d 5c7 5a7
5f5 146d 148e 616 5c7 5c6
5f6 5f7 146f 146e 5c8 5a8
5f6 146e 148f 617 5c8 5c7
5f7 5f8 1470 146f 5c9 5a9
5f7 146f 1490 618 5c9 5c8
5f8 5f9 1471 1470 5ca 5aa
5f8 1470 1491 619 5ca 5c9
5f9 5fa 1472 1471 5cb 5ab
5f9 1471 1492 61a 5cb 5ca
5fa 5fb 1473 1472 5cc 5ac
5fa 1472 1493 61b 5cc 5cb
5fb 5fc 1474 1473 5cd 5ad
5fb 1473 1494 61c 5cd 5cc
5fc 5fd 1475 1474 5ce 5ae
5fc 1474 1495 61d 5ce 5cd
5fd 5fe 1476 1475 5cf 5af
5fd 1475 1496 61e 5cf 5ce
5fe 5ff 1477 1476 5d0 5b0
5fe 1476 1497 61f 5d0 5cf
5ff 600 1478 1477 5d1 5b1
5ff 1477 1498 620 5d1 5d0
600 601 1479 1478 5d2 5b2
600 1478 1499 621 5d2 5d1
601 602 147a 1479 5d3 5b3
601 1479 149a 622 5d3 5d2
602 603 147b 147a 5d4 5b4
602 147a 149b 623 5d4 5d3
603 604 147c 147b 5d5 5b5
603 147b 149c 624 5d5 5d4
604 605 147d 147c 5d6 5b6
604 147c 149d 625 5d6 5d5
605 606 147e 147d 5d7 5b7
605 147d 149e 626 5d7 5d6
606 607 147f 147e 5d8 5b8
606 147e 149f 627 5d8 5d7
607 608 1480 147f 5d9 5b9
607 147f 14a0 628 5d9 5d8
608 609 1481 1480 5da 5ba
608 1480 14a1 629 5da 5d9
609 60a 1482 1481 5db 5bb
609 1481 14a2 62a 5db 5da
60a 60b 1483 1482 5dc 5bc
60a 1482 14a3 62b 5dc 5db
60b 60c 1484 1483 5dd 5bd
60b 1483 14a4 62c 5dd 5dc
60c 60d 1485 1484 5de 5be
60c 1484 14a5 62d 5de 5dd
60d 60e 1486 1485 5df 5bf
60d 1485 14a6 62e 5df 5de
60e 60f 1487 1486 5e0 5c0
60e 1486 14a7 62f 5e0 5df
610 611 1489 1488 5e1 5c1
611 612 148a 1489 5e2 5c2
611 1489 14aa 632 5e2 5e1
612 613 148b 148a 5e3 5c3
612 148a 14ab 633 5e3 5e2
613 614 148c 148b 5e4 5c4
613 148b 14ac 634 5e4 5e3
614 615 148d 148c 5e5 5c5
614 148c 14ad 635 5e5 5e4
615 616 148e 148d 5e6 5c6
615 148d 14ae 636 5e6 5e5
616 617 148f 148e 5e7 5c7
616 148e 14af 637 5e7 5e6
617 618 1490 148f 5e8 5c8
617 148f 14b0 638 5e8 5e7
618 619 1491 1490 5e9 5c9
618 1490 14b1 639 5e9 5e8
619 61a 1492 1491 5ea 5ca
619 1491 14b2 63a 5ea 5e9
61a 61b 1493 1492 5eb 5cb
61a 1492 14b3 63b 5eb 5ea
61b 61c 1494 1493 5ec 5cc
61b 1493 14b4 63c 5ec 5eb
61c 61d 1495 1494 5ed 5cd
61c 1494 14b5 63d 5ed 5ec
61d 61e 1496 1495 5ee 5ce
61d 1495 14b6 63e 5ee 5ed
61e 61f 1497 1496 5ef 5cf
61e 1496 14b7 63f 5ef 5ee
61f 620 1498 1497 5f0 5d0
61f 1497 14b8 640 5f0 5ef
620 621 1499 1498 5f1 5d1
620 1498 14b9 641 5f1 5f0
621 622 149a 1499 5f2 5d2
621 1499 14ba 642 5f2 5f1
622 623 149b 149a 5f3 5d3
622 149a 14bb 643 5f3 5f2
623 624 149c 149b 5f4 5d4
623 149b 14bc 644 5f4 5f3
624 625 149d 149c 5f5 5d5
624 149c 14bd 645 5f5 5f4
625 626 149e 149d 5f6 5d6
625 149d 14be 646 5f6 5f5
626 627 149f 149e 5f7 5d7
626 149e 14bf 647 5f7 5f6
627 628 14a0 149f 5f8 5d8
627 149f 14c0 648 5f8 5f7
628 629 14a1 14a0 5f9 5d9
628 14a0 14c1 649 5f9 5f8
629 62a 14a2 14a1 5fa 5da
629 14a1 14c2 64a 5fa 5f9
62a 62b 14a3 14a2 5fb 5db
62a 14a2 14c3 64b 5fb 5fa
62b 62c 14a4 14a3 5fc 5dc
62b 14a3 14c4 64c 5fc 5fb
62c 62d 14a5 14a4 5fd 5dd
62c 14a4 14c5 64d 5fd 5fc
62d 62e 14a6 14a5 5fe 5de
62d 14a5 14c6 64e 5fe 5fd
62e 62f 14a7 14a6 5ff 5df
62e 14a6 14c7 64f 5ff 5fe
62f 630 14a8 14a7 600 5e0
62f 14a7 14c8 650 600 5ff
631 632 14aa 14a9 601 5e1
632 633 14ab 14aa 602 5e2
632 14aa 14cb 653 602 601
633 634 14ac 14ab 603 5e3
633 14ab 14cc 654 603 602
634 635 14ad 14ac 604 5e4
634 14ac 14cd 655 604 603
635 636 14ae 14ad 605 5e5
635 14ad 14ce 656 605 604
636 637 14af 14ae 606 5e6
636 14ae 14cf 657 606 605
637 638 14b0 14af 607 5e7
637 14af 14d0 658 607 606
638 639 14b1 14b0 608 5e8
638 14b0 14d1 659 608 607
639 63a 14b2 14b1 609 5e9
639 14b1 14d2 65a 609 608
63a 63b 14b3 14b2 60a 5ea
63a 14b2 14d3 65b 60a 609
63b 63c 14b4 14b3 60b 5eb
63b 14b3 14d4 65c 60b 60a
63c 63d 14b5 14b4 60c 5ec
63c 14b4 14d5 65d 60c 60b
63d 63e 14b6 14b5 60d 5ed
63d 14b5 14d6 65e 60d 60c
63e 63f 14b7 14b6 60e 5ee
63e 14b6 14d7 65f 60e 60d
63f 640 14b8 14b7 60f 5ef
63f 14b7 14d8 660 60f 60e
640 641 14b9 14b8 610 5f0
640 14b8 14d9 661 610 60f
641 642 14ba 14b9 611 5f1
641 14b9 14da 662 611 610
642 643 14bb 14ba 612 5f2
642 14ba 14db 663 612 611
643 644 14bc 14bb 613 5f3
643 14bb 14dc 664 613 612
644 645 14bd 14bc 614 5f4
644 14bc 14dd 665 614 613
645 646 14be 14bd 615 5f5
645 14bd 14de 666 615 614
646 647 14bf 14be 616 5f6
646 14be 14df 667 616 615
647 648 14c0 14bf 617 5f7
647 14bf 14e0 668 617 616
648 649 14c1 14c0 618 5f8
648 14c0 14e1 669 618 617
649 64a 14c2 14c1 619 5f9
649 14c1 14e2 66a 619 618
64a 64b 14c3 14c2 61a 5fa
64a 14c2 14e3 66b 61a 619
64b 64c 14c4 14c3 61b 5fb
64b 14c3 14e4 66c 61b 61a
64c 64d 14c5 14c4 61c 5fc
64c 14c4 14e5 66d 61c 61b
64d 64e 14c6 14c5 61d 5fd
64d 14c5 14e6 66e 61d 61c
64e 64f 14c7 14c6 61e 5fe
64e 14c6 14e7 66f 61e 61d
64f 650 14c8 14c7 61f 5ff
64f 14c7 14e8 670 61f 61e
650 651 14c9 14c8 620 600
650 14c8 14e9 671 620 61f
652 653 14cb 14ca 621 601
653 654 14cc 14cb 622 602
653 14cb 14ec 674 622 621
654 655 14cd 14cc 623 603
654 14cc 14ed 675 623 622
655 656 14ce 14cd 624 604
655 14cd 14ee 676 624 623
656 657 14cf 14ce 625 605
656 14ce 14ef 677 625 624
657 658 14d0 14cf 626 606
657 14cf 14f0 678 626 625
658 659 14d1 14d0 627 607
658 14d0 14f1 679 627 626
659 65a 14d2 14d1 628 608
659 14d1 14f2 67a 628 627
65a 65b 14d3 14d2 629 609
65a 14d2 14f3 67b 629 628
65b 65c 14d4 14d3 62a 60a
65b 14d3 14f4 67c 62a 629
65c 65d 14d5 14d4 62b 60b
65c 14d4 14f5 67d 62b 62a
65d 65e 14d6 14d5 62c 60c
65d 14d5 14f6 67e 62c 62b
65e 65f 14d7 14d6 62d 60d
65e 14d6 14f7 67f 62d 62c
65f 660 14d8 14d7 62e 60e
65f 14d7 14f8 680 62e 62d
660 661 14d9 14d8 62f 60f
660 14d8 14f9 681 62f 62e
661 662 14da 14d9 630 610
661 14d9 14fa 682 630 62f
662 663 14db 14da 631 611
662 14da 14fb 683 631 630
663 664 14dc 14db 632 612
663 14db 14fc 684 632 631
664 665 14dd 14dc 633 613
664 14dc 14fd 685 633 632
665 666 14de 14dd 634 614
665 14dd 14fe 686 634 633
666 667 14df 14de 635 615
666 14de 14ff 687 635 634
667 668 14e0 14df 636 616
667 14df 1500 688 636 635
668 669 14e1 14e0 637 617
668 14e0 1501 689 637 636
669 66a 14e2 14e1 638 618
669 14e1 1502 68a 638 637
66a 66b 14e3 14e2 639 619
66a 14e2 1503 68b 639 638
66b 66c 14e4 14e3 63a 61a
66b 14e3 1504 68c 63a 639
66c 66d 14e5 14e4 63b 61b
66c 14e4 1505 68d 63b 63a
66d 66e 14e6 14e5 63c 61c
66d 14e5 1506 68e 63c 63b
66e 66f 14e7 14e6 63d 61d
66e 14e6 1507 68f 63d 63c
66f 670 14e8 14e7 63e 61e
66f 14e7 1508 690 63e 63d
670 671 14e9 14e8 63f 61f
670 14e8 1509 691 63f 63e
671 672 14ea 14e9 640 620
671 14e9 150a 692 640 63f
673 674 14ec 14eb 641 621
674 675 14ed 14ec 642 622
674 14ec 150d 695 642 641
675 676 14ee 14ed 643 623
675 14ed 150e 696 643 642
676 677 14ef 14ee 644 624
676 14ee 150f 697 644 643
677 678 14f0 14ef 645 625
677 14ef 1510 698 645 644
678 679 14f1 14f0 646 626
678 14f0 1511 699 646 645
679 67a 14f2 14f1 647 627
679 14f1 1512 69a 647 646
67a 67b 14f3 14f2 648 628
67a 14f2 1513 69b 648 647
67b 67c 14f4 14f3 649 629
67b 14f3 1514 69c 649 648
67c 67d 14f5 14f4 64a 62a
67c 14f4 1515 69d 64a 649
67d 67e 14f6 14f5 64b 62b
67d 14f5 1516 69e 64b 64a
67e 67f 14f7 14f6 64c 62c
67e 14f6 1517 69f 64c 64b
67f 680 14f8 14f7 64d 62d
67f 14f7 1518 6a0 64d 64c
680 681 14f9 14f8 64e 62e
680 14f8 1519 6a1 64e 64d
681 682 14fa 14f9 64f 62f
681 14f9 151a 6a2 64f 64e
682 683 14fb 14fa 650 630
682 14fa 151b 6a3 650 64f
683 684 14fc 14fb 651 631
683 14fb 151c 6a4 651 650
684 685 14fd 14fc 652 632
684 14fc 151d 6a5 652 651
685 686 14fe 14fd 653 633
685 14fd 151e 6a6 653 652
686 687 14ff 14fe 654 634
686 14fe 151f 6a7 654 653
687 688 1500 14ff 655 635
687 14ff 1520 6a8 655 654
688 689 1501 1500 656 636
688 1500 1521 6a9 656 655
689 68a 1502 1501 657 637
689 1501 1522 6aa 657 656
68a 68b 1503 1502 658 638
68a 1502 1523 6ab 658 657
68b 68c 1504 1503 659 639
68b 1503 1524 6ac 659 658
68c 68d 1505 1504 65a 63a
68c 1504 1525 6ad 65a 659
68d 68e 1506 1505 65b 63b
68d 1505 1526 6ae 65b 65a
68e 68f 1507 1506 65c 63c
68e 1506 1527 6af 65c 65b
68f 690 1508 1507 65d 63d
68f 1507 1528 6b0 65d 65c
690 691 1509 1508 65e 63e
690 1508 1529 6b1 65e 65d
691 692 150a 1509 65f 63f
691 1509 152a 6b2 65f 65e
692 693 150b 150a 660 640
692 150a 152b 6b3 660 65f
694 695 150d 150c 661 641
695 696 150e 150d 662 642
695 150d 152e 6b6 662 661
696 697 150f 150e 663 643
696 150e 152f 6b7 663 662
697 698 1510 150f 664 644
697 150f 1530 6b8 664 663
698 699 1511 1510 665 645
698 1510 1531 6b9 665 664
699 69a 1512 1511 666 646
699 1511 1532 6ba 666 665
69a 69b 1513 1512 667 647
69a 1512 1533 6bb 667 666
69b 69c 1514 1513 668 648
69b 1513 1534 6bc 668 667
69c 69d 1515 1514 669 649
69c 1514 1535 6bd 669 668
69d 69e 1516 1515 66a 64a
69d 1515 1536 6be 66a 669
69e 69f 1517 1516 66b 64b
69e 1516 1537 6bf 66b 66a
69f 6a0 1518 1517 66c 64c
69f 1517 1538 6c0 66c 66b
6a0 6a1 1519 1518 66d 64d
6a0 1518 1539 6c1 66d 66c
6a1 6a2 151a 1519 66e 64e
6a1 1519 153a 6c2 66e 66d
6a2 6a3 151b 151a 66f 64f
6a2 151a 153b 6c3 66f 66e
6a3 6a4 151c 151b 670 650
6a3 151b 153c 6c4 670 66f
6a4 6a5 151d 151c 671 651
6a4 151c 153d 6c5 671 670
6a5 6a6 151e 151d 672 652
6a5 151d 153e 6c6 672 671
6a6 6a7 151f 151e 673 653
6a6 151e 153f 6c7 673 672
6a7 6a8 1520 151f 674 654
6a7 151f 1540 6c8 674 673
6a8 6a9 1521 1520 675 655
6a8 1520 1541 6c9 675 674
6a9 6aa 1522 1521 676 656
6a9 1521 1542 6ca 676 675
6aa 6ab 1523 1522 677 657
6aa 1522 1543 6cb 677 676
6ab 6ac 1524 1523 678 658
6ab 1523 1544 6cc 678 677
6ac 6ad 1525 1524 679 659
6ac 1524 1545 6cd 679 678
6ad 6ae 1526 1525 67a 65a
6ad 1525 1546 6ce 67a 679
6ae 6af 1527 1526 67b 65b
6ae 1526 1547 6cf 67b 67a
6af 6b0 1528 1527 67c 65c
6af 1527 1548 6d0 67c 67b
6b0 6b1 1529 1528 67d 65d
6b0 1528 1549 6d1 67d 67c
6b1 6b2 152a 1529 67e 65e
6b1 1529 154a 6d2 67e 67d
6b2 6b3 152b 152a 67f 65f
6b2 152a 154b 6d3 67f 67e
6b3 6b4 152c 152b 680 660
6b3 152b 154c 6d4 680 67f
6b5 6b6 152e 152d 681 661
6b6 6b7 152f 152e 682 662
6b6 152e 154f 6d7 682 681
6b7 6b8 1530 152f 683 663
6b7 152f 1550 6d8 683 682
6b8 6b9 1531 1530 684 664
6b8 1530 1551 6d9 684 683
6b9 6ba 1532 1531 685 665
6b9 1531 1552 6da 685 684
6ba 6bb 1533 1532 686 666
6ba 1532 1553 6db 686 685
6bb 6bc 1534 1533 687 667
6bb 1533 1554 6dc 687 686
6bc 6bd 1535 1534 688 668
6bc 1534 1555 6dd 688 687
6bd 6be 1536 1535 689 669
6bd 1535 1556 6de 689 688
6be 6bf 1537 1536 68a 66a
6be 1536 1557 6df 68a 689
6bf 6c0 1538 1537 68b 66b
6bf 1537 1558 6e0 68b 68a
6c0 6c1 1539 1538 68c 66c
6c0 1538 1559 6e1 68c 68b
6c1 6c2 153a 1539 68d 66d
6c1 1539 155a 6e2 68d 68c
6c2 6c3 153b 153a 68e 66e
6c2 153a 155b 6e3 68e 68d
6c3 6c4 153c 153b 68f 66f
6c3 153b 155c 6e4 68f 68e
6c4 6c5 153d 153c 690 670
6c4 153c 155d 6e5 690 68f
6c5 6c6 153e 153d 691 671
6c5 153d 155e 6e6 691 690
6c6 6c7 153f 153e 692 672
6c6 153e 155f 6e7 692 691
6c7 6c8 1540 153f 693 673
6c7 153f 1560 6e8 693 692
6c8 6c9 1541 1540 694 674
6c8 1540 1561 6e9 694 693
6c9 6ca 1542 1541 695 675
6c9 1541 1562 6ea 695 694
6ca 6cb 1543 1542 696 676
6ca 1542 1563 6eb 696 695
6cb 6cc 1544 1543 697 677
6cb 1543 1564 6ec 697 696
6cc 6cd 1545 1544 698 678
6cc 1544 1565 6ed 698 697
6cd 6ce 1546 1545 699 679
6cd 1545 1566 6ee 699 698
6ce 6cf 1547 1546 69a 67a
6ce 1546 1567 6ef 69a 699
6cf 6d0 1548 1547 69b 67b
6cf 1547 1568 6f0 69b 69a
6d0 6d1 1549 1548 69c 67c
6d0 1548 1569 6f1 69c 69b
6d1 6d2 154a 1549 69d 67d
6d1 1549 156a 6f2 69d 69c
6d2 6d3 154b 154a 69e 67e
6d2 154a 156b 6f3 69e 69d
6d3 6d4 154c 154b 69f 67f
6d3 154b 156c 6f4 69f 69e
6d4 6d5 154d 154c 6a0 680
6d4 154c 156d 6f5 6a0 69f
6d6 6d7 154f 154e 6a1 681
6d7 6d8 1550 154f 6a2 682
6d7 154f 1570 6f8 6a2 6a1
6d8 6d9 1551 1550 6a3 683
6d8 1550 1571 6f9 6a3 6a2
6d9 6da 1552 1551 6a4 684
6d9 1551 1572 6fa 6a4 6a3
6da 6db 1553 1552 6a5 685
6da 1552 1573 6fb 6a5 6a4
6db 6dc 1554 1553 6a6 686
6db 1553 1574 6fc 6a6 6a5
6dc 6dd 1555 1554 6a7 687
6dc 1554 1575 6fd 6a7 6a6
6dd 6de 1556 1555 6a8 688
6dd 1555 1576 6fe 6a8 6a7
6de 6df 1557 1556 6a9 689
6de 1556 1577 6ff 6a9 6a8
6df 6e0 1558 1557 6aa 68a
6df 1557 1578 700 6aa 6a9
6e0 6e1 1559 1558 6ab 68b
6e0 1558 1579 701 6ab 6aa
6e1 6e2 155a 1559 6ac 68c
6e1 1559 157a 702 6ac 6ab
6e2 6e3 155b 155a 6ad 68d
6e2 155a 157b 703 6ad 6ac
6e3 6e4 155c 155b 6ae 68e
6e3 155b 157c 704 6ae 6ad
6e4 6e5 155d 155c 6af 68f
6e4 155c 157d 705 6af 6ae
6e5 6e6 155e 155d 6b0 690
6e5 155d 157e 706 6b0 6af
6e6 6e7 155f 155e 6b1 691
6e6 155e 157f 707 6b1 6b0
6e7 6e8 1560 155f 6b2 692
6e7 155f 1580 708 6b2 6b1
6e8 6e9 1561 1560 6b3 693
6e8 1560 1581 709 6b3 6b2
6e9 6ea 1562 1561 6b4 694
6e9 1561 1582 70a 6b4 6b3
6ea 6eb 1563 1562 6b5 695
6ea 1562 1583 70b 6b5 6b4
6eb 6ec 1564 1563 6b6 696
6eb 1563 1584 70c 6b6 6b5
6ec 6ed 1565 1564 6b7 697
6ec 1564 1585 70d 6b7 6b6
6ed 6ee 1566 1565 6b8 698
6ed 1565 1586 70e 6b8 6b7
6ee 6ef 1567 1566 6b9 699
6ee 1566 1587 70f 6b9 6b8
6ef 6f0 1568 1567 6ba 69a
6ef 1567 1588 710 6ba 6b9
6f0 6f1 1569 1568 6bb 69b
6f0 1568 1589 711 6bb 6ba
6f1 6f2 156a 1569 6bc 69c
6f1 1569 158a 712 6bc 6bb
6f2 6f3 156b 156a 6bd 69d
6f2 156a 158b 713 6bd 6bc
6f3 6f4 156c 156b 6be 69e
6f3 156b 158c 714 6be 6bd
6f4 6f5 156d 156c 6bf 69f
6f4 156c 158d 715 6bf 6be
6f5 6f6 156e 156d 6c0 6a0
6f5 156d 158e 716 6c0 6bf
6f7 6f8 1570 156f 6c1 6a1
6f8 6f9 1571 1570 6c2 6a2
6f8 1570 1591 719 6c2 6c1
6f9 6fa 1572 1571 6c3 6a3
6f9 1571 1592 71a 6c3 6c2
6fa 6fb 1573 1572 6c4 6a4
6fa 1572 1593 71b 6c4 6c3
6fb 6fc 1574 1573 6c5 6a5
6fb 1573 1594 71c 6c5 6c4
6fc 6fd 1575 1574 6c6 6a6
6fc 1574 1595 71d 6c6 6c5
6fd 6fe 1576 1575 6c7 6a7
6fd 1575 1596 71e 6c7 6c6
6fe 6ff 1577 1576 6c8 6a8
6fe 1576 1597 71f 6c8 6c7
6ff 700 1578 1577 6c9 6a9
6ff 1577 1598 720 6c9 6c8
700 701 1579 1578 6ca 6aa
700 1578 1599 721 6ca 6c9
701 702 157a 1579 6cb 6ab
701 1579 159a 722 6cb 6ca
702 703 157b 157a 6cc 6ac
702 157a 159b 723 6cc 6cb
703 704 157c 157b 6cd 6ad
703 157b 159c 724 6cd 6cc
704 705 157d 157c 6ce 6ae
704 157c 159d 725 6ce 6cd
705 706 157e 157d 6cf 6af
705 157d 159e 726 6cf 6ce
706 707 157f 157e 6d0 6b0
706 157e 159f 727 6d0 6cf
707 708 1580 157f 6d1 6b1
707 157f 15a0 728 6d1 6d0
708 709 1581 1580 6d2 6b2
708 1580 15a1 729 6d2 6d1
709 70a 1582 1581 6d3 6b3
709 1581 15a2 72a 6d3 6d2
70a 70b 1583 1582 6d4 6b4
70a 1582 15a3 72b 6d4 6d3
70b 70c 1584 1583 6d5 6b5
70b 1583 15a4 72c 6d5 6d4
70c 70d 1585 1584 6d6 6b6
70c 1584 15a5 72d 6d6 6d5
70d 70e 1586 1585 6d7 6b7
70d 1585 15a6 72e 6d7 6d6
70e 70f 1587 1586 6d8 6b8
70e 1586 15a7 72f 6d8 6d7
70f 710 1588 1587 6d9 6b9
70f 1587 15a8 730 6d9 6d8
710 711 1589 1588 6da 6ba
710 1588 15a9 731 6da 6d9
711 712 158a 1589 6db 6bb
711 1589 15aa 732 6db 6da
712 713 158b 158a 6dc 6bc
712 158a 15ab 733 6dc 6db
713 714 158c 158b 6dd 6bd
713 158b 15ac 734 6dd 6dc
714 715 158d 158c 6de 6be
714 158c 15ad 735 6de 6dd
715 716 158e 158d 6df 6bf
715 158d 15ae 736 6df 6de
716 717 158f 158e 6e0 6c0
716 158e 15af 737 6e0 6df
718 719 1591 1590 6e1 6c1
719 71a 1592 1591 6e2 6c2
719 1591 15b2 73a 6e2 6e1
71a 71b 1593 1592 6e3 6c3
71a 1592 15b3 73b 6e3 6e2
71b 71c 1594 1593 6e4 6c4
71b 1593 15b4 73c 6e4 6e3
71c 71d 1595 1594 6e5 6c5
71c 1594 15b5 73d 6e5 6e4
71d 71e 1596 1595 6e6 6c6
71d 1595 15b6 73e 6e6 6e5
71e 71f 1597 1596 6e7 6c7
71e 1596 15b7 73f 6e7 6e6
71f 720 1598 1597 6e8 6c8
71f 1597 15b8 740 6e8 6e7
720 721 1599 1598 6e9 6c9
720 1598 15b9 741 6e9 6e8
721 722 159a 1599 6ea 6ca
721 1599 15ba 742 6ea 6e9
722 723 159b 159a 6eb 6cb
722 159a 15bb 743 6eb 6ea
723 724 159c 159b 6ec 6cc
723 159b 15bc 744 6ec 6eb
724 725 159d 159c 6ed 6cd
724 159c 15bd 745 6ed 6ec
725 726 159e 159d 6ee 6ce
725 159d 15be 746 6ee 6ed
726 727 159f 159e 6ef 6cf
726 159e 15bf 747 6ef 6ee
727 728 15a0 159f 6f0 6d0
727 159f 15c0 748 6f0 6ef
728 729 15a1 15a0 6f1 6d1
728 15a0 15c1 749 6f1 6f0
729 72a 15a2 15a1 6f2 6d2
729 15a1 15c2 74a 6f2 6f1
72a 72b 15a3 15a2 6f3 6d3
72a 15a2 15c3 74b 6f3 6f2
72b 72c 15a4 15a3 6f4 6d4
72b 15a3 15c4 74c 6f4 6f3
72c 72d 15a5 15a4 6f5 6d5
72c 15a4 15c5 74d 6f5 6f4
72d 72e 15a6 15a5 6f6 6d6
72d 15a5 15c6 74e 6f6 6f5
72e 72f 15a7 15a6 6f7 6d7
72e 15a6 15c7 74f 6f7 6f6
72f 730 15a8 15a7 6f8 6d8
72f 15a7 15c8 750 6f8 6f7
730 731 15a9 15a8 6f9 6d9
730 15a8 15c9 751 6f9 6f8
731 732 15aa 15a9 6fa 6da
731 15a9 15ca 752 6fa 6f9
732 733 15ab 15aa 6fb 6db
732 15aa 15cb 753 6fb 6fa
733 734 15ac 15ab 6fc 6dc
733 15ab 15cc 754 6fc 6fb
734 735 15ad 15ac 6fd 6dd
734 15ac 15cd 755 6fd 6fc
735 736 15ae 15ad 6fe 6de
735 15ad 15ce 756 6fe 6fd
736 737 15af 15ae 6ff 6df
736 15ae 15cf 757 6ff 6fe
737 738 15b0 15af 700 6e0
737 15af 15d0 758 700 6ff
739 73a 15b2 15b1 701 6e1
73a 73b 15b3 15b2 702 6e2
73a 15b2 15d3 75b 702 701
73b 73c 15b4 15b3 703 6e3
73b 15b3 15d4 75c 703 702
73c 73d 15b5 15b4 704 6e4
73c 15b4 15d5 75d 704 703
73d 73e 15b6 15b5 705 6e5
73d 15b5 15d6 75e 705 704
73e 73f 15b7 15b6 706 6e6
73e 15b6 15d7 75f 706 705
73f 740 15b8 15b7 707 6e7
73f 15b7 15d8 760 707 706
740 741 15b9 15b8 708 6e8
740 15b8 15d9 761 708 707
741 742 15ba 15b9 709 6e9
741 15b9 15da 762 709 708
742 743 15bb 15ba 70a 6ea
742 15ba 15db 763 70a 709
743 744 15bc 15bb 70b 6eb
743 15bb 15dc 764 70b 70a
744 745 15bd 15bc 70c 6ec
744 15bc 15dd 765 70c 70b
745 746 15be 15bd 70d 6ed
745 15bd 15de 766 70d 70c
746 747 15bf 15be 70e 6ee
746 15be 15df 767 70e 70d
747 748 15c0 15bf 70f 6ef
747 15bf 15e0 768 70f 70e
748 749 15c1 15c0 710 6f0
748 15c0 15e1 769 710 70f
749 74a 15c2 15c1 711 6f1
749 15c1 15e2 76a 711 710
74a 74b 15c3 15c2 712 6f2
74a 15c2 15e3 76b 712 711
74b 74c 15c4 15c3 713 6f3
74b 15c3 15e4 76c 713 712
74c 74d 15c5 15c4 714 6f4
74c 15c4 15e5 76d 714 713
74d 74e 15c6 15c5 715 6f5
74d 15c5 15e6 76e 715 714
74e 74f 15c7 15c6 716 6f6
74e 15c6 15e7 76f 716 715
74f 750 15c8 15c7 717 6f7
74f 15c7 15e8 770 717 716
750 751 15c9 15c8 718 6f8
750 15c8 15e9 771 718 717
751 752 15ca 15c9 719 6f9
751 15c9 15ea 772 719 718
752 753 15cb 15ca 71a 6fa
752 15ca 15eb 773 71a 719
753 754 15cc 15cb 71b 6fb
753 15cb 15ec 774 71b 71a
754 755 15cd 15cc 71c 6fc
754 15cc 15ed 775 71c 71b
755 756 15ce 15cd 71d 6fd
755 15cd 15ee 776 71d 71c
756 757 15cf 15ce 71e 6fe
756 15ce 15ef 777 71e 71d
757 758 15d0 15cf 71f 6ff
757 15cf 15f0 778 71f 71e
758 759 15d1 15d0 720 700
758 15d0 15f1 779 720 71f
75a 75b 15d3 15d2 721 701
75b 75c 15d4 15d3 722 702
75b 15d3 15f4 77c 722 721
75c 75d 15d5 15d4 723 703
75c 15d4 15f5 77d 723 722
75d 75e 15d6 15d5 724 704
75d 15d5 15f6 77e 724 723
75e 75f 15d7 15d6 725 705
75e 15d6 15f7 77f 725 724
75f 760 15d8 15d7 726 706
75f 15d7 15f8 780 726 725
760 761 15d9 15d8 727 707
760 15d8 15f9 781 727 726
761 762 15da 15d9 728 708
761 15d9 15fa 782 728 727
762 763 15db 15da 729 709
762 15da 15fb 783 729 728
763 764 15dc 15db 72a 70a
763 15db 15fc 784 72a 729
764 765 15dd 15dc 72b 70b
764 15dc 15fd 785 72b 72a
765 766 15de 15dd 72c 70c
765 15dd 15fe 786 72c 72b
766 767 15df 15de 72d 70d
766 15de 15ff 787 72d 72c
767 768 15e0 15df 72e 70e
767 15df 1600 788 72e 72d
768 769 15e1 15e0 72f 70f
768 15e0 1601 789 72f 72e
769 76a 15e2 15e1 730 710
769 15e1 1602 78a 730 72f
76a 76b 15e3 15e2 731 711
76a 15e2 1603 78b 731 730
76b 76c 15e4 15e3 732 712
76b 15e3 1604 78c 732 731
76c 76d 15e5 15e4 733 713
76c 15e4 1605 78d 733 732
76d 76e 15e6 15e5 734 714
76d 15e5 1606 78e 734 733
76e 76f 15e7 15e6 735 715
76e 15e6 1607 78f 735 734
76f 770 15e8 15e7 736 716
76f 15e7 1608 790 736 735
770 771 15e9 15e8 737 717
770 15e8 1609 791 737 736
771 772 15ea 15e9 738 718
771 15e9 160a 792 738 737
772 773 15eb 15ea 739 719
772 15ea 160b 793 739 738
773 774 15ec 15eb 73a 71a
773 15eb 160c 794 73a 739
774 775 15ed 15ec 73b 71b
774 15ec 160d 795 73b 73a
775 776 15ee 15ed 73c 71c
775 15ed 160e 796 73c 73b
776 777 15ef 15ee 73d 71d
776 15ee 160f 797 73d 73c
777 778 15f0 15ef 73e 71e
777 15ef 1610 798 73e 73d
778 779 15f1 15f0 73f 71f
778 15f0 1611 799 73f 73e
779 77a 15f2 15f1 740 720
779 15f1 1612 79a 740 73f
77b 77c 15f4 15f3 741 721
77c 77d 15f5 15f4 742 722
77c 15f4 1615 79d 742 741
77d 77e 15f6 15f5 743 723
77d 15f5 1616 79e 743 742
77e 77f 15f7 15f6 744 724
77e 15f6 1617 79f 744 743
77f 780 15f8 15f7 745 725
77f 15f7 1618 7a0 745 744
780 781 15f9 15f8 746 726
780 15f8 1619 7a1 746 745
781 782 15fa 15f9 747 727
781 15f9 161a 7a2 747 746
782 783 15fb 15fa 748 728
782 15fa 161b 7a3 748 747
783 784 15fc 15fb 749 729
783 15fb 161c 7a4 749 748
784 785 15fd 15fc 74a 72a
784 15fc 161d 7a5 74a 749
785 786 15fe 15fd 74b 72b
785 15fd 161e 7a6 74b 74a
786 787 15ff 15fe 74c 72c
786 15fe 161f 7a7 74c 74b
787 788 1600 15ff 74d 72d
787 15ff 1620 7a8 74d 74c
788 789 1601 1600 74e 72e
788 1600 1621 7a9 74e 74d
789 78a 1602 1601 74f 72f
789 1601 1622 7aa 74f 74e
78a 78b 1603 1602 750 730
78a 1602 1623 7ab 750 74f
78b 78c 1604 1603 751 731
78b 1603 1624 7ac 751 750
78c 78d 1605 1604 752 732
78c 1604 1625 7ad 752 751
78d 78e 1606 1605 753 733
78d 1605 1626 7ae 753 752
78e 78f 1607 1606 754 734
78e 1606 1627 7af 754 753
78f 790 1608 1607 755 735
78f 1607 1628 7b0 755 754
790 791 1609 1608 756 736
790 1608 1629 7b1 756 755
791 792 160a 1609 757 737
791 1609 162a 7b2 757 756
792 793 160b 160a 758 738
792 160a 162b 7b3 758 757
793 794 160c 160b 759 739
793 160b 162c 7b4 759 758
794 795 160d 160c 75a 73a
794 160c 162d 7b5 75a 759
795 796 160e 160d 75b 73b
795 160d 162e 7b6 75b 75a
796 797 160f 160e 75c 73c
796 160e 162f 7b7 75c 75b
797 798 1610 160f 75d 73d
797 160f 1630 7b8 75d 75c
798 799 1611 1610 75e 73e
798 1610 1631 7b9 75e 75d
799 79a 1612 1611 75f 73f
799 1611 1632 7ba 75f 75e
79a 79b 1613 1612 760 740
79a 1612 1633 7bb 760 75f
79c 79d 1615 1614 761 741
79d 79e 1616 1615 762 742
79d 1615 1636 7be 762 761
79e 79f 1617 1616 763 743
79e 1616 1637 7bf 763 762
79f 7a0 1618 1617 764 744
79f 1617 1638 7c0 764 763
7a0 7a1 1619 1618 765 745
7a0 1618 1639 7c1 765 764
7a1 7a2 161a 1619 766 746
7a1 1619 163a 7c2 766 765
7a2 7a3 161b 161a 767 747
7a2 161a 163b 7c3 767 766
7a3 7a4 161c 161b 768 748
7a3 161b 163c 7c4 768 767
7a4 7a5 161d 161c 769 749
7a4 161c 163d 7c5 769 768
7a5 7a6 161e 161d 76a 74a
7a5 161d 163e 7c6 76a 769
7a6 7a7 161f 161e 76b 74b
7a6 161e 163f 7c7 76b 76a
7a7 7a8 1620 161f 76c 74c
7a7 161f 1640 7c8 76c 76b
7a8 7a9 1621 1620 76d 74d
7a8 1620 1641 7c9 76d 76c
7a9 7aa 1622 1621 76e 74e
7a9 1621 1642 7ca 76e 76d
7aa 7ab 1623 1622 76f 74f
7aa 1622 1643 7cb 76f 76e
7ab 7ac 1624 1623 770 750
7ab 1623 1644 7cc 770 76f
7ac 7ad 1625 1624 771 751
7ac 1624 1645 7cd 771 770
7ad 7ae 1626 1625 772 752
7ad 1625 1646 7ce 772 771
7ae 7af 1627 1626 773 753
7ae 1626 1647 7cf 773 772
7af 7b0 1628 1627 774 754
7af 1627 1648 7d0 774 773
7b0 7b1 1629 1628 775 755
7b0 1628 1649 7d1 775 774
7b1 7b2 162a 1629 776 756
7b1 1629 164a 7d2 776 775
7b2 7b3 162b 162a 777 757
7b2 162a 164b 7d3 777 776
7b3 7b4 162c 162b 778 758
7b3 162b 164c 7d4 778 777
7b4 7b5 162d 162c 779 759
7b4 162c 164d 7d5 779 778
7b5 7b6 162e 162d 77a 75a
7b5 162d 164e 7d6 77a 779
7b6 7b7 162f 162e 77b 75b
7b6 162e 164f 7d7 77b 77a
7b7 7b8 1630 162f 77c 75c
7b7 162f 1650 7d8 77c 77b
7b8 7b9 1631 1630 77d 75d
7b8 1630 1651 7d9 77d 77c
7b9 7ba 1632 1631 77e 75e
7b9 1631 1652 7da 77e 77d
7ba 7bb 1633 1632 77f 75f
7ba 1632 1653 7db 77f 77e
7bb 7bc 1634 1633 780 760
7bb 1633 1654 7dc 780 77f
7bd 7be 1636 1635 781 761
7be 7bf 1637 1636 782 762
7be 1636 1657 7df 782 781
7bf 7c0 1638 1637 783 763
7bf 1637 1658 7e0 783 782
7c0 7c1 1639 1638 784 764
7c0 1638 1659 7e1 784 783
7c1 7c2 163a 1639 785 765
7c1 1639 165a 7e2 785 784
7c2 7c3 163b 163a 786 766
7c2 163a 165b 7e3 786 785
7c3 7c4 163c 163b 787 767
7c3 163b 165c 7e4 787 786
7c4 7c5 163d 163c 788 768
7c4 163c 165d 7e5 788 787
7c5 7c6 163e 163d 789 769
7c5 163d 165e 7e6 789 788
7c6 7c7 163f 163e 78a 76a
7c6 163e 165f 7e7 78a 789
7c7 7c8 1640 163f 78b 76b
7c7 163f 1660 7e8 78b 78a
7c8 7c9 1641 1640 78c 76c
7c8 1640 1661 7e9 78c 78b
7c9 7ca 1642 1641 78d 76d
7c9 1641 1662 7ea 78d 78c
7ca 7cb 1643 1642 78e 76e
7ca 1642 1663 7eb 78e 78d
7cb 7cc 1644 1643 78f 76f
7cb 1643 1664 7ec 78f 78e
7cc 7cd 1645 1644 790 770
7cc 1644 1665 7ed 790 78f
7cd 7ce 1646 1645 791 771
7cd 1645 1666 7ee 791 790
7ce 7cf 1647 1646 792 772
7ce 1646 1667 7ef 792 791
7cf 7d0 1648 1647 793 773
7cf 1647 1668 7f0 793 792
7d0 7d1 1649 1648 794 774
7d0 1648 1669 7f1 794 793
7d1 7d2 164a 1649 795 775
7d1 1649 166a 7f2 795 794
7d2 7d3 164b 164a 796 776
7d2 164a 166b 7f3 796 795
7d3 7d4 164c 164b 797 777
7d3 164b 166c 7f4 797 796
7d4 7d5 164d 164c 798 778
7d4 164c 166d 7f5 798 797
7d5 7d6 164e 164d 799 779
7d5 164d 166e 7f6 799 798
7d6 7d7 164f 164e 79a 77a
7d6 164e 166f 7f7 79a 799
7d7 7d8 1650 164f 79b 77b
7d7 164f 1670 7f8 79b 79a
7d8 7d9 1651 1650 79c 77c
7d8 1650 1671 7f9 79c 79b
7d9 7da 1652 1651 79d 77d
7d9 1651 1672 7fa 79d 79c
7da 7db 1653 1652 79e 77e
7da 1652 1673 7fb 79e 79d
7db 7dc 1654 1653 79f 77f
7db 1653 1674 7fc 79f 79e
7dc 7dd 1655 1654 7a0 780
7dc 1654 1675 7fd 7a0 79f
7de 7df 1657 1656 7a1 781
7df 7e0 1658 1657 7a2 782
7df 1657 1678 800 7a2 7a1
7e0 7e1 1659 1658 7a3 783
7e0 1658 1679 801 7a3 7a2
7e1 7e2 165a 1659 7a4 784
7e1 1659 167a 802 7a4 7a3
7e2 7e3 165b 165a 7a5 785
7e2 165a 167b 803 7a5 7a4
7e3 7e4 165c 165b 7a6 786
7e3 165b 167c 804 7a6 7a5
7e4 7e5 165d 165c 7a7 787
7e4 165c 167d 805 7a7 7a6
7e5 7e6 165e 165d 7a8 788
7e5 165d 167e 806 7a8 7a7
7e6 7e7 165f 165e 7a9 789
7e6 165e 167f 807 7a9 7a8
7e7 7e8 1660 165f 7aa 78a
7e7 165f 1680 808 7aa 7a9
7e8 7e9 1661 1660 7ab 78b
7e8 1660 1681 809 7ab 7aa
7e9 7ea 1662 1661 7ac 78c
7e9 1661 1682 80a 7ac 7ab
7ea 7eb 1663 1662 7ad 78d
7ea 1662 1683 80b 7ad 7ac
7eb 7ec 1664 1663 7ae 78e
7eb 1663 1684 80c 7ae 7ad
7ec 7ed 1665 1664 7af 78f
7ec 1664 1685 80d 7af 7ae
7ed 7ee 1666 1665 7b0 790
7ed 1665 1686 80e 7b0 7af
7ee 7ef 1667 1666 7b1 791
7ee 1666 1687 80f 7b1 7b0
7ef 7f0 1668 1667 7b2 792
7ef 1667 1688 810 7b2 7b1
7f0 7f1 1669 1668 7b3 793
7f0 1668 1689 811 7b3 7b2
7f1 7f2 166a 1669 7b4 794
7f1 1669 168a 812 7b4 7b3
7f2 7f3 166b 166a 7b5 795
7f2 166a 168b 813 7b5 7b4
7f3 7f4 166c 166b 7b6 796
7f3 166b 168c 814 7b6 7b5
7f4 7f5 166d 166c 7b7 797
7f4 166c 168d 815 7b7 7b6
7f5 7f6 166e 166d 7b8 798
7f5 166d 168e 816 7b8 7b7
7f6 7f7 166f 166e 7b9 799
7f6 166e 168f 817 7b9 7b8
7f7 7f8 1670 166f 7ba 79a
7f7 166f 1690 818 7ba 7b9
7f8 7f9 1671 1670 7bb 79b
7f8 1670 1691 819 7bb 7ba
7f9 7fa 1672 1671 7bc 79c
7f9 1671 1692 81a 7bc 7bb
7fa 7fb 1673 1672 7bd 79d
7fa 1672 1693 81b 7bd 7bc
7fb 7fc 1674 1673 7be 79e
7fb 1673 1694 81c 7be 7bd
7fc 7fd 1675 1674 7bf 79f
7fc 1674 1695 81d 7bf 7be
7fd 7fe 1676 1675 7c0 7a0
7fd 1675 1696 81e 7c0 7bf
7ff 800 1678 1677 7c1 7a1
800 801 1679 1678 7c2 7a2
800 1678 1699 821 7c2 7c1
801 802 167a 1679 7c3 7a3
801 1679 169a 822 7c3 7c2
802 803 167b 167a 7c4 7a4
802 167a 169b 823 7c4 7c3
803 804 167c 167b 7c5 7a5
803 167b 169c 824 7c5 7c4
804 805 167d 167c 7c6 7a6
804 167c 169d 825 7c6 7c5
805 806 167e 167d 7c7 7a7
805 167d 169e 826 7c7 7c6
806 807 167f 167e 7c8 7a8
806 167e 169f 827 7c8 7c7
807 808 1680 167f 7c9 7a9
807 167f 16a0 828 7c9 7c8
808 809 1681 1680 7ca 7aa
808 1680 16a1 829 7ca 7c9
809 80a 1682 1681 7cb 7ab
809 1681 16a2 82a 7cb 7ca
80a 80b 1683 1682 7cc 7ac
80a 1682 16a3 82b 7cc 7cb
80b 80c 1684 1683 7cd 7ad
80b 1683 16a4 82c 7cd 7cc
80c 80d 1685 1684 7ce 7ae
80c 1684 16a5 82d 7ce 7cd
80d 80e 1686 1685 7cf 7af
80d 1685 16a6 82e 7cf 7ce
80e 80f 1687 1686 7d0 7b0
80e 1686 16a7 82f 7d0 7cf
80f 810 1688 1687 7d1 7b1
80f 1687 16a8 830 7d1 7d0
810 811 1689 1688 7d2 7b2
810 1688 16a9 831 7d2 7d1
811 812 168a 1689 7d3 7b3
811 1689 16aa 832 7d3 7d2
812 813 168b 168a 7d4 7b4
812 168a 16ab 833 7d4 7d3
813 814 168c 168b 7d5 7b5
813 168b 16ac 834 7d5 7d4
814 815 168d 168c 7d6 7b6
814 168c 16ad 835 7d6 7d5
815 816 168e 168d 7d7 7b7
815 168d 16ae 836 7d7 7d6
816 817 168f 168e 7d8 7b8
816 168e 16af 837 7d8 7d7
817 818 1690 168f 7d9 7b9
817 168f 16b0 838 7d9 7d8
818 819 1691 1690 7da 7ba
818 1690 16b1 839 7da 7d9
819 81a 1692 1691 7db 7bb
819 1691 16b2 83a 7db 7da
81a 81b 1693 1692 7dc 7bc
81a 1692 16b3 83b 7dc 7db
81b 81c 1694 1693 7dd 7bd
81b 1693 16b4 83c 7dd 7dc
81c 81d 1695 1694 7de 7be
81c 1694 16b5 83d 7de 7dd
81d 81e 1696 1695 7df 7bf
81d 1695 16b6 83e 7df 7de
81e 81f 1697 1696 7e0 7c0
81e 1696 16b7 83f 7e0 7df
820 821 1699 1698 7e1 7c1
821 822 169a 1699 7e2 7c2
821 1699 16ba 842 7e2 7e1
822 823 169b 169a 7e3 7c3
822 169a 16bb 843 7e3 7e2
823 824 169c 169b 7e4 7c4
823 169b 16bc 844 7e4 7e3
824 825 169d 169c 7e5 7c5
824 169c 16bd 845 7e5 7e4
825 826 169e 169d 7e6 7c6
825 169d 16be 846 7e6 7e5
826 827 169f 169e 7e7 7c7
826 169e 16bf 847 7e7 7e6
827 828 16a0 169f 7e8 7c8
827 169f 16c0 848 7e8 7e7
828 829 16a1 16a0 7e9 7c9
828 16a0 16c1 849 7e9 7e8
829 82a 16a2 16a1 7ea 7ca
829 16a1 16c2 84a 7ea 7e9
82a 82b 16a3 16a2 7eb 7cb
82a 16a2 16c3 84b 7eb 7ea
82b 82c 16a4 16a3 7ec 7cc
82b 16a3 16c4 84c 7ec 7eb
82c 82d 16a5 16a4 7ed 7cd
82c 16a4 16c5 84d 7ed 7ec
82d 82e 16a6 16a5 7ee 7ce
82d 16a5 16c6 84e 7ee 7ed
82e 82f 16a7 16a6 7ef 7cf
82e 16a6 16c7 84f 7ef 7ee
82f 830 16a8 16a7 7f0 7d0
82f 16a7 16c8 850 7f0 7ef
830 831 16a9 16a8 7f1 7d1
830 16a8 16c9 851 7f1 7f0
831 832 16aa 16a9 7f2 7d2
831 16a9 16ca 852 7f2 7f1
832 833 16ab 16aa 7f3 7d3
832 16aa 16cb 853 7f3 7f2
833 834 16ac 16ab 7f4 7d4
833 16ab 16cc 854 7f4 7f3
834 835 16ad 16ac 7f5 7d5
834 16ac 16cd 855 7f5 7f4
835 836 16ae 16ad 7f6 7d6
835 16ad 16ce 856 7f6 7f5
836 837 16af 16ae 7f7 7d7
836 16ae 16cf 857 7f7 7f6
837 838 16b0 16af 7f8 7d8
837 16af 16d0 858 7f8 7f7
838 839 16b1 16b0 7f9 7d9
838 16b0 16d1 859 7f9 7f8
839 83a 16b2 16b1 7fa 7da
839 16b1 16d2 85a 7fa 7f9
83a 83b 16b3 16b2 7fb 7db
83a 16b2 16d3 85b 7fb 7fa
83b 83c 16b4 16b3 7fc 7dc
83b 16b3 16d4 85c 7fc 7fb
83c 83d 16b5 16b4 7fd 7dd
83c 16b4 16d5 85d 7fd 7fc
83d 83e 16b6 16b5 7fe 7de
83d 16b5 16d6 85e 7fe 7fd
83e 83f 16b7 16b6 7ff 7df
83e 16b6 16d7 85f 7ff 7fe
83f 840 16b8 16b7 800 7e0
83f 16b7 16d8 860 800 7ff
841 842 16ba 16b9 801 7e1
842 843 16bb 16ba 802 7e2
842 16ba 16db 863 802 801
843 844 16bc 16bb 803 7e3
843 16bb 16dc 864 803 802
844 845 16bd 16bc 804 7e4
844 16bc 16dd 865 804 803
845 846 16be 16bd 805 7e5
845 16bd 16de 866 805 804
846 847 16bf 16be 806 7e6
846 16be 16df 867 806 805
847 848 16c0 16bf 807 7e7
847 16bf 16e0 868 807 806
848 849 16c1 16c0 808 7e8
848 16c0 16e1 869 808 807
849 84a 16c2 16c1 809 7e9
849 16c1 16e2 86a 809 808
84a 84b 16c3 16c2 80a 7ea
84a 16c2 16e3 86b 80a 809
84b 84c 16c4 16c3 80b 7eb
84b 16c3 16e4 86c 80b 80a
84c 84d 16c5 16c4 80c 7ec
84c 16c4 16e5 86d 80c 80b
84d 84e 16c6 16c5 80d 7ed
84d 16c5 16e6 86e 80d 80c
84e 84f 16c7 16c6 80e 7ee
84e 16c6 16e7 86f 80e 80d
84f 850 16c8 16c7 80f 7ef
84f 16c7 16e8 870 80f 80e
850 851 16c9 16c8 810 7f0
850 16c8 16e9 871 810 80f
851 852 16ca 16c9 811 7f1
851 16c9 16ea 872 811 810
852 853 16cb 16ca 812 7f2
852 16ca 16eb 873 812 811
853 854 16cc 16cb 813 7f3
853 16cb 16ec 874 813 812
854 855 16cd 16cc 814 7f4
854 16cc 16ed 875 814 813
855 856 16ce 16cd 815 7f5
855 16cd 16ee 876 815 814
856 857 16cf 16ce 816 7f6
856 16ce 16ef 877 816 815
857 858 16d0 16cf 817 7f7
857 16cf 16f0 878 817 816
858 859 16d1 16d0 818 7f8
858 16d0 16f1 879 818 817
859 85a 16d2 16d1 819 7f9
859 16d1 16f2 87a 819 818
85a 85b 16d3 16d2 81a 7fa
85a 16d2 16f3 87b 81a 819
85b 85c 16d4 16d3 81b 7fb
85b 16d3 16f4 87c 81b 81a
85c 85d 16d5 16d4 81c 7fc
85c 16d4 16f5 87d 81c 81b
85d 85e 16d6 16d5 81d 7fd
85d 16d5 16f6 87e 81d 81c
85e 85f 16d7 16d6 81e 7fe
85e 16d6 16f7 87f 81e 81d
85f 860 16d8 16d7 81f 7ff
85f 16d7 16f8 880 81f 81e
860 861 16d9 16d8 820 800
860 16d8 16f9 881 820 81f
862 863 16db 16da 821 801
863 864 16dc 16db 822 802
863 16db 16fc 884 822 821
864 865 16dd 16dc 823 803
864 16dc 16fd 885 823 822
865 866 16de 16dd 824 804
865 16dd 16fe 886 824 823
866 867 16df 16de 825 805
866 16de 16ff 887 825 824
867 868 16e0 16df 826 806
867 16df 1700 888 826 825
868 869 16e1 16e0 827 807
868 16e0 1701 889 827 826
869 86a 16e2 16e1 828 808
869 16e1 1702 88a 828 827
86a 86b 16e3 16e2 829 809
86a 16e2 1703 88b 829 828
86b 86c 16e4 16e3 82a 80a
86b 16e3 1704 88c 82a 829
86c 86d 16e5 16e4 82b 80b
86c 16e4 1705 88d 82b 82a
86d 86e 16e6 16e5 82c 80c
86d 16e5 1706 88e 82c 82b
86e 86f 16e7 16e6 82d 80d
86e 16e6 1707 88f 82d 82c
86f 870 16e8 16e7 82e 80e
86f 16e7 1708 890 82e 82d
870 871 16e9 16e8 82f 80f
870 16e8 1709 891 82f 82e
871 872 16ea 16e9 830 810
871 16e9 170a 892 830 82f
872 873 16eb 16ea 831 811
872 16ea 170b 893 831 830
873 874 16ec 16eb 832 812
873 16eb 170c 894 832 831
874 875 16ed 16ec 833 813
874 16ec 170d 895 833 832
875 876 16ee 16ed 834 814
875 16ed 170e 896 834 833
876 877 16ef 16ee 835 815
876 16ee 170f 897 835 834
877 878 16f0 16ef 836 816
877 16ef 1710 898 836 835
878 879 16f1 16f0 837 817
878 16f0 1711 899 837 836
879 87a 16f2 16f1 838 818
879 16f1 1712 89a 838 837
87a 87b 16f3 16f2 839 819
87a 16f2 1713 89b 839 838
87b 87c 16f4 16f3 83a 81a
87b 16f3 1714 89c 83a 839
87c 87d 16f5 16f4 83b 81b
87c 16f4 1715 89d 83b 83a
87d 87e 16f6 16f5 83c 81c
87d 16f5 1716 89e 83c 83b
87e 87f 16f7 16f6 83d 81d
87e 16f6 1717 89f 83d 83c
87f 880 16f8 16f7 83e 81e
87f 16f7 1718 8a0 83e 83d
880 881 16f9 16f8 83f 81f
880 16f8 1719 8a1 83f 83e
881 882 16fa 16f9 840 820
881 16f9 171a 8a2 840 83f
883 884 16fc 16fb 841 821
884 885 16fd 16fc 842 822
884 16fc 171d 8a5 842 841
885 886 16fe 16fd 843 823
885 16fd 171e 8a6 843 842
886 887 16ff 16fe 844 824
886 16fe 171f 8a7 844 843
887 888 1700 16ff 845 825
887 16ff 1720 8a8 845 844
888 889 1701 1700 846 826
888 1700 1721 8a9 846 845
889 88a 1702 1701 847 827
889 1701 1722 8aa 847 846
88a 88b 1703 1702 848 828
88a 1702 1723 8ab 848 847
88b 88c 1704 1703 849 829
88b 1703 1724 8ac 849 848
88c 88d 1705 1704 84a 82a
88c 1704 1725 8ad 84a 849
88d 88e 1706 1705 84b 82b
88d 1705 1726 8ae 84b 84a
88e 88f 1707 1706 84c 82c
88e 1706 1727 8af 84c 84b
88f 890 1708 1707 84d 82d
88f 1707 1728 8b0 84d 84c
890 891 1709 1708 84e 82e
890 1708 1729 8b1 84e 84d
891 892 170a 1709 84f 82f
891 1709 172a 8b2 84f 84e
892 893 170b 170a 850 830
892 170a 172b 8b3 850 84f
893 894 170c 170b 851 831
893 170b 172c 8b4 851 850
894 895 170d 170c 852 832
894 170c 172d 8b5 852 851
895 896 170e 170d 853 833
895 170d 172e 8b6 853 852
896 897 170f 170e 854 834
896 170e 172f 8b7 854 853
897 898 1710 170f 855 835
897 170f 1730 8b8 855 854
898 899 1711 1710 856 836
898 1710 1731 8b9 856 855
899 89a 1712 1711 857 837
899 1711 1732 8ba 857 856
89a 89b 1713 1712 858 838
89a 1712 1733 8bb 858 857
89b 89c 1714 1713 859 839
89b 1713 1734 8bc 859 858
89c 89d 1715 1714 85a 83a
89c 1714 1735 8bd 85a 859
89d 89e 1716 1715 85b 83b
89d 1715 1736 8be 85b 85a
89e 89f 1717 1716 85c 83c
89e 1716 1737 8bf 85c 85b
89f 8a0 1718 1717 85d 83d
89f 1717 1738 8c0 85d 85c
8a0 8a1 1719 1718 85e 83e
8a0 1718 1739 8c1 85e 85d
8a1 8a2 171a 1719 85f 83f
8a1 1719 173a 8c2 85f 85e
8a2 8a3 171b 171a 860 840
8a2 171a 173b 8c3 860 85f
8a4 8a5 171d 171c 861 841
8a5 8a6 171e 171d 862 842
8a5 171d 173e 8c6 862 861
8a6 8a7 171f 171e 863 843
8a6 171e 173f 8c7 863 862
8a7 8a8 1720 171f 864 844
8a7 171f 1740 8c8 864 863
8a8 8a9 1721 1720 865 845
8a8 1720 1741 8c9 865 864
8a9 8aa 1722 1721 866 846
8a9 1721 1742 8ca 866 865
8aa 8ab 1723 1722 867 847
8aa 1722 1743 8cb 867 866
8ab 8ac 1724 1723 868 848
8ab 1723 1744 8cc 868 867
8ac 8ad 1725 1724 869 849
8ac 1724 1745 8cd 869 868
8ad 8ae 1726 1725 86a 84a
8ad 1725 1746 8ce 86a 869
8ae 8af 1727 1726 86b 84b
8ae 1726 1747 8cf 86b 86a
8af 8b0 1728 1727 86c 84c
8af 1727 1748 8d0 86c 86b
8b0 8b1 1729 1728 86d 84d
8b0 1728 1749 8d1 86d 86c
8b1 8b2 172a 1729 86e 84e
8b1 1729 174a 8d2 86e 86d
8b2 8b3 172b 172a 86f 84f
8b2 172a 174b 8d3 86f 86e
8b3 8b4 172c 172b 870 850
8b3 172b 174c 8d4 870 86f
8b4 8b5 172d 172c 871 851
8b4 172c 174d 8d5 871 870
8b5 8b6 172e 172d 872 852
8b5 172d 174e 8d6 872 871
8b6 8b7 172f 172e 873 853
8b6 172e 174f 8d7 873 872
8b7 8b8 1730 172f 874 854
8b7 172f 1750 8d8 874 873
8b8 8b9 1731 1730 875 855
8b8 1730 1751 8d9 875 874
8b9 8ba 1732 1731 876 856
8b9 1731 1752 8da 876 875
8ba 8bb 1733 1732 877 857
8ba 1732 1753 8db 877 876
8bb 8bc 1734 1733 878 858
8bb 1733 1754 8dc 878 877
8bc 8bd 1735 1734 879 859
8bc 1734 1755 8dd 879 878
8bd 8be 1736 1735 87a 85a
8bd 1735 1756 8de 87a 879
8be 8bf 1737 1736 87b 85b
8be 1736 1757 8df 87b 87a
8bf 8c0 1738 1737 87c 85c
8bf 1737 1758 8e0 87c 87b
8c0 8c1 1739 1738 87d 85d
8c0 1738 1759 8e1 87d 87c
8c1 8c2 173a 1739 87e 85e
8c1 1739 175a 8e2 87e 87d
8c2 8c3 173b 173a 87f 85f
8c2 173a 175b 8e3 87f 87e
8c3 8c4 173c 173b 880 860
8c3 173b 175c 8e4 880 87f
8c5 8c6 173e 173d 881 861
8c6 8c7 173f 173e 882 862
8c6 173e 175f 8e7 882 881
8c7 8c8 1740 173f 883 863
8c7 173f 1760 8e8 883 882
8c8 8c9 1741 1740 884 864
8c8 1740 1761 8e9 884 883
8c9 8ca 1742 1741 885 865
8c9 1741 1762 8ea 885 884
8ca 8cb 1743 1742 886 866
8ca 1742 1763 8eb 886 885
8cb 8cc 1744 1743 887 867
8cb 1743 1764 8ec 887 886
8cc 8cd 1745 1744 888 868
8cc 1744 1765 8ed 888 887
8cd 8ce 1746 1745 889 869
8cd 1745 1766 8ee 889 888
8ce 8cf 1747 1746 88a 86a
8ce 1746 1767 8ef 88a 889
8cf 8d0 1748 1747 88b 86b
8cf 1747 1768 8f0 88b 88a
8d0 8d1 1749 1748 88c 86c
8d0 1748 1769 8f1 88c 88b
8d1 8d2 174a 1749 88d 86d
8d1 1749 176a 8f2 88d 88c
8d2 8d3 174b 174a 88e 86e
8d2 174a 176b 8f3 88e 88d
8d3 8d4 174c 174b 88f 86f
8d3 174b 176c 8f4 88f 88e
8d4 8d5 174d 174c 890 870
8d4 174c 176d 8f5 890 88f
8d5 8d6 174e 174d 891 871
8d5 174d 176e 8f6 891 890
8d6 8d7 174f 174e 892 872
8d6 174e 176f 8f7 892 891
8d7 8d8 1750 174f 893 873
8d7 174f 1770 8f8 893 892
8d8 8d9 1751 1750 894 874
8d8 1750 1771 8f9 894 893
8d9 8da 1752 1751 895 875
8d9 1751 1772 8fa 895 894
8da 8db 1753 1752 896 876
8da 1752 1773 8fb 896 895
8db 8dc 1754 1753 897 877
8db 1753 1774 8fc 897 896
8dc 8dd 1755 1754 898 878
8dc 1754 1775 8fd 898 897
8dd 8de 1756 1755 899 879
8dd 1755 1776 8fe 899 898
8de 8df 1757 1756 89a 87a
8de 1756 1777 8ff 89a 899
8df 8e0 1758 1757 89b 87b
8df 1757 1778 900 89b 89a
8e0 8e1 1759 1758 89c 87c
8e0 1758 1779 901 89c 89b
8e1 8e2 175a 1759 89d 87d
8e1 1759 177a 902 89d 89c
8e2 8e3 175b 175a 89e 87e
8e2 175a 177b 903 89e 89d
8e3 8e4 175c 175b 89f 87f
8e3 175b 177c 904 89f 89e
8e4 8e5 175d 175c 8a0 880
8e4 175c 177d 905 8a0 89f
8e6 8e7 175f 175e 8a1 881
8e7 8e8 1760 175f 8a2 882
8e7 175f 1780 908 8a2 8a1
8e8 8e9 1761 1760 8a3 883
8e8 1760 1781 909 8a3 8a2
8e9 8ea 1762 1761 8a4 884
8e9 1761 1782 90a 8a4 8a3
8ea 8eb 1763 1762 8a5 885
8ea 1762 1783 90b 8a5 8a4
8eb 8ec 1764 1763 8a6 886
8eb 1763 1784 90c 8a6 8a5
8ec 8ed 1765 1764 8a7 887
8ec 1764 1785 90d 8a7 8a6
8ed 8ee 1766 1765 8a8 888
8ed 1765 1786 90e 8a8 8a7
8ee 8ef 1767 1766 8a9 889
8ee 1766 1787 90f 8a9 8a8
8ef 8f0 1768 1767 8aa 88a
8ef 1767 1788 910 8aa 8a9
8f0 8f1 1769 1768 8ab 88b
8f0 1768 1789 911 8ab 8aa
8f1 8f2 176a 1769 8ac 88c
8f1 1769 178a 912 8ac 8ab
8f2 8f3 176b 176a 8ad 88d
8f2 176a 178b 913 8ad 8ac
8f3 8f4 176c 176b 8ae 88e
8f3 176b 178c 914 8ae 8ad
8f4 8f5 176d 176c 8af 88f
8f4 176c 178d 915 8af 8ae
8f5 8f6 176e 176d 8b0 890
8f5 176d 178e 916 8b0 8af
8f6 8f7 176f 176e 8b1 891
8f6 176e 178f 917 8b1 8b0
8f7 8f8 1770 176f 8b2 892
8f7 176f 1790 918 8b2 8b1
8f8 8f9 1771 1770 8b3 893
8f8 1770 1791 919 8b3 8b2
8f9 8fa 1772 1771 8b4 894
8f9 1771 1792 91a 8b4 8b3
8fa 8fb 1773 1772 8b5 895
8fa 1772 1793 91b 8b5 8b4
8fb 8fc 1774 1773 8b6 896
8fb 1773 1794 91c 8b6 8b5
8fc 8fd 1775 1774 8b7 897
8fc 1774 1795 91d 8b7 8b6
8fd 8fe 1776 1775 8b8 898
8fd 1775 1796 91e 8b8 8b7
8fe 8ff 1777 1776 8b9 899
8fe 1776 1797 91f 8b9 8b8
8ff 900 1778 1777 8ba 89a
8ff 1777 1798 920 8ba 8b9
900 901 1779 1778 8bb 89b
900 1778 1799 921 8bb 8ba
901 902 177a 1779 8bc 89c
901 1779 179a 922 8bc 8bb
902 903 177b 177a 8bd 89d
902 177a 179b 923 8bd 8bc
903 904 177c 177b 8be 89e
903 177b 179c 924 8be 8bd
904 905 177d 177c 8bf 89f
904 177c 179d 925 8bf 8be
905 906 177e 177d 8c0 8a0
905 177d 179e 926 8c0 8bf
907 908 1780 177f 8c1 8a1
908 909 1781 1780 8c2 8a2
908 1780 17a1 929 8c2 8c1
909 90a 1782 1781 8c3 8a3
909 1781 17a2 92a 8c3 8c2
90a 90b 1783 1782 8c4 8a4
90a 1782 17a3 92b 8c4 8c3
90b 90c 1784 1783 8c5 8a5
90b 1783 17a4 92c 8c5 8c4
90c 90d 1785 1784 8c6 8a6
90c 1784 17a5 92d 8c6 8c5
90d 90e 1786 1785 8c7 8a7
90d 1785 17a6 92e 8c7 8c6
90e 90f 1787 1786 8c8 8a8
90e 1786 17a7 92f 8c8 8c7
90f 910 1788 1787 8c9 8a9
90f 1787 17a8 930 8c9 8c8
910 911 1789 1788 8ca 8aa
910 1788 17a9 931 8ca 8c9
911 912 178a 1789 8cb 8ab
911 1789 17aa 932 8cb 8ca
912 913 178b 178a 8cc 8ac
912 178a 17ab 933 8cc 8cb
913 914 178c 178b 8cd 8ad
913 178b 17ac 934 8cd 8cc
914 915 178d 178c 8ce 8ae
914 178c 17ad 935 8ce 8cd
915 916 178e 178d 8cf 8af
915 178d 17ae 936 8cf 8ce
916 917 178f 178e 8d0 8b0
916 178e 17af 937 8d0 8cf
917 918 1790 178f 8d1 8b1
917 178f 17b0 938 8d1 8d0
918 919 1791 1790 8d2 8b2
918 1790 17b1 939 8d2 8d1
919 91a 1792 1791 8d3 8b3
919 1791 17b2 93a 8d3 8d2
91a 91b 1793 1792 8d4 8b4
91a 1792 17b3 93b 8d4 8d3
91b 91c 1794 1793 8d5 8b5
91b 1793 17b4 93c 8d5 8d4
91c 91d 1795 1794 8d6 8b6
91c 1794 17b5 93d 8d6 8d5
91d 91e 1796 1795 8d7 8b7
91d 1795 17b6 93e 8d7 8d6
91e 91f 1797 1796 8d8 8b8
91e 1796 17b7 93f 8d8 8d7
91f 920 1798 1797 8d9 8b9
91f 1797 17b8 940 8d9 8d8
920 921 1799 1798 8da 8ba
920 1798 17b9 941 8da 8d9
921 922 179a 1799 8db 8bb
921 1799 17ba 942 8db 8da
922 923 179b 179a 8dc 8bc
922 179a 17bb 943 8dc 8db
923 924 179c 179b 8dd 8bd
923 179b 17bc 944 8dd 8dc
924 925 179d 179c 8de 8be
924 179c 17bd 945 8de 8dd
925 926 179e 179d 8df 8bf
925 179d 17be 946 8df 8de
926 927 179f 179e 8e0 8c0
926 179e 17bf 947 8e0 8df
928 929 17a1 17a0 8e1 8c1
929 92a 17a2 17a1 8e2 8c2
929 17a1 17c2 94a 8e2 8e1
92a 92b 17a3 17a2 8e3 8c3
92a 17a2 17c3 94b 8e3 8e2
92b 92c 17a4 17a3 8e4 8c4
92b 17a3 17c4 94c 8e4 8e3
92c 92d 17a5 17a4 8e5 8c5
92c 17a4 17c5 94d 8e5 8e4
92d 92e 17a6 17a5 8e6 8c6
92d 17a5 17c6 94e 8e6 8e5
92e 92f 17a7 17a6 8e7 8c7
92e 17a6 17c7 94f 8e7 8e6
92f 930 17a8 17a7 8e8 8c8
92f 17a7 17c8 950 8e8 8e7
930 931 17a9 17a8 8e9 8c9
930 17a8 17c9 951 8e9 8e8
931 932 17aa 17a9 8ea 8ca
931 17a9 17ca 952 8ea 8e9
932 933 17ab 17aa 8eb 8cb
932 17aa 17cb 953 8eb 8ea
933 934 17ac 17ab 8ec 8cc
933 17ab 17cc 954 8ec 8eb
934 935 17ad 17ac 8ed 8cd
934 17ac 17cd 955 8ed 8ec
935 936 17ae 17ad 8ee 8ce
935 17ad 17ce 956 8ee 8ed
936 937 17af 17ae 8ef 8cf
936 17ae 17cf 957 8ef 8ee
937 938 17b0 17af 8f0 8d0
937 17af 17d0 958 8f0 8ef
938 939 17b1 17b0 8f1 8d1
938 17b0 17d1 959 8f1 8f0
939 93a 17b2 17b1 8f2 8d2
939 17b1 17d2 95a 8f2 8f1
93a 93b 17b3 17b2 8f3 8d3
93a 17b2 17d3 95b 8f3 8f2
93b 93c 17b4 17b3 8f4 8d4
93b 17b3 17d4 95c 8f4 8f3
93c 93d 17b5 17b4 8f5 8d5
93c 17b4 17d5 95d 8f5 8f4
93d 93e 17b6 17b5 8f6 8d6
93d 17b5 17d6 95e 8f6 8f5
93e 93f 17b7 17b6 8f7 8d7
93e 17b6 17d7 95f 8f7 8f6
93f 940 17b8 17b7 8f8 8d8
93f 17b7 17d8 960 8f8 8f7
940 941 17b9 17b8 8f9 8d9
940 17b8 17d9 961 8f9 8f8
941 942 17ba 17b9 8fa 8da
941 17b9 17da 962 8fa 8f9
942 943 17bb 17ba 8fb 8db
942 17ba 17db 963 8fb 8fa
943 944 17bc 17bb 8fc 8dc
943 17bb 17dc 964 8fc 8fb
944 945 17bd 17bc 8fd 8dd
944 17bc 17dd 965 8fd 8fc
945 946 17be 17bd 8fe 8de
945 17bd 17de 966 8fe 8fd
946 947 17bf 17be 8ff 8df
946 17be 17df 967 8ff 8fe
947 948 17c0 17bf 900 8e0
947 17bf 17e0 968 900 8ff
949 94a 17c2 17c1 901 8e1
94a 94b 17c3 17c2 902 8e2
94a 17c2 17e3 96b 902 901
94b 94c 17c4 17c3 903 8e3
94b 17c3 17e4 96c 903 902
94c 94d 17c5 17c4 904 8e4
94c 17c4 17e5 96d 904 903
94d 94e 17c6 17c5 905 8e5
94d 17c5 17e6 96e 905 904
94e 94f 17c7 17c6 906 8e6
94e 17c6 17e7 96f 906 905
94f 950 17c8 17c7 907 8e7
94f 17c7 17e8 970 907 906
950 951 17c9 17c8 908 8e8
950 17c8 17e9 971 908 907
951 952 17ca 17c9 909 8e9
951 17c9 17ea 972 909 908
952 953 17cb 17ca 90a 8ea
952 17ca 17eb 973 90a 909
953 954 17cc 17cb 90b 8eb
953 17cb 17ec 974 90b 90a
954 955 17cd 17cc 90c 8ec
954 17cc 17ed 975 90c 90b
955 956 17ce 17cd 90d 8ed
955 17cd 17ee 976 90d 90c
956 957 17cf 17ce 90e 8ee
956 17ce 17ef 977 90e 90d
957 958 17d0 17cf 90f 8ef
957 17cf 17f0 978 90f 90e
958 959 17d1 17d0 910 8f0
958 17d0 17f1 979 910 90f
959 95a 17d2 17d1 911 8f1
959 17d1 17f2 97a 911 910
95a 95b 17d3 17d2 912 8f2
95a 17d2 17f3 97b 912 911
95b 95c 17d4 17d3 913 8f3
95b 17d3 17f4 97c 913 912
95c 95d 17d5 17d4 914 8f4
95c 17d4 17f5 97d 914 913
95d 95e 17d6 17d5 915 8f5
95d 17d5 17f6 97e 915 914
95e 95f 17d7 17d6 916 8f6
95e 17d6 17f7 97f 916 915
95f 960 17d8 17d7 917 8f7
95f 17d7 17f8 980 917 916
960 961 17d9 17d8 918 8f8
960 17d8 17f9 981 918 917
961 962 17da 17d9 919 8f9
961 17d9 17fa 982 919 918
962 963 17db 17da 91a 8fa
962 17da 17fb 983 91a 919
963 964 17dc 17db 91b 8fb
963 17db 17fc 984 91b 91a
964 965 17dd 17dc 91c 8fc
964 17dc 17fd 985 91c 91b
965 966 17de 17dd 91d 8fd
965 17dd 17fe 986 91d 91c
966 967 17df 17de 91e 8fe
966 17de 17ff 987 91e 91d
967 968 17e0 17df 91f 8ff
967 17df 1800 988 91f 91e
968 969 17e1 17e0 920 900
968 17e0 1801 989 920 91f
96a 96b 17e3 17e2 921 901
96b 96c 17e4 17e3 922 902
96b 17e3 1804 98c 922 921
96c 96d 17e5 17e4 923 903
96c 17e4 1805 98d 923 922
96d 96e 17e6 17e5 924 904
96d 17e5 1806 98e 924 923
96e 96f 17e7 17e6 925 905
96e 17e6 1807 98f 925 924
96f 970 17e8 17e7 926 906
96f 17e7 1808 990 926 925
970 971 17e9 17e8 927 907
970 17e8 1809 991 927 926
971 972 17ea 17e9 928 908
971 17e9 180a 992 928 927
972 973 17eb 17ea 929 909
972 17ea 180b 993 929 928
973 974 17ec 17eb 92a 90a
973 17eb 180c 994 92a 929
974 975 17ed 17ec 92b 90b
974 17ec 180d 995 92b 92a
975 976 17ee 17ed 92c 90c
975 17ed 180e 996 92c 92b
976 977 17ef 17ee 92d 90d
976 17ee 180f 997 92d 92c
977 978 17f0 17ef 92e 90e
977 17ef 1810 998 92e 92d
978 979 17f1 17f0 92f 90f
978 17f0 1811 999 92f 92e
979 97a 17f2 17f1 930 910
979 17f1 1812 99a 930 92f
97a 97b 17f3 17f2 931 911
97a 17f2 1813 99b 931 930
97b 97c 17f4 17f3 932 912
97b 17f3 1814 99c 932 931
97c 97d 17f5 17f4 933 913
97c 17f4 1815 99d 933 932
97d 97e 17f6 17f5 934 914
97d 17f5 1816 99e 934 933
97e 97f 17f7 17f6 935 915
97e 17f6 1817 99f 935 934
97f 980 17f8 17f7 936 916
97f 17f7 1818 9a0 936 935
980 981 17f9 17f8 937 917
980 17f8 1819 9a1 937 936
981 982 17fa 17f9 938 918
981 17f9 181a 9a2 938 937
982 983 17fb 17fa 939 919
982 17fa 181b 9a3 939 938
983 984 17fc 17fb 93a 91a
983 17fb 181c 9a4 93a 939
984 985 17fd 17fc 93b 91b
984 17fc 181d 9a5 93b 93a
985 986 17fe 17fd 93c 91c
985 17fd 181e 9a6 93c 93b
986 987 17ff 17fe 93d 91d
986 17fe 181f 9a7 93d 93c
987 988 1800 17ff 93e 91e
987 17ff 1820 9a8 93e 93d
988 989 1801 1800 93f 91f
988 1800 1821 9a9 93f 93e
989 98a 1802 1801 940 920
989 1801 1822 9aa 940 93f
98b 98c 1804 1803 941 921
98c 98d 1805 1804 942 922
98c 1804 1825 9ad 942 941
98d 98e 1806 1805 943 923
98d 1805 1826 9ae 943 942
98e 98f 1807 1806 944 924
98e 1806 1827 9af 944 943
98f 990 1808 1807 945 925
98f 1807 1828 9b0 945 944
990 991 1809 1808 946 926
990 1808 1829 9b1 946 945
991 992 180a 1809 947 927
991 1809 182a 9b2 947 946
992 993 180b 180a 948 928
992 180a 182b 9b3 948 947
993 994 180c 180b 949 929
993 180b 182c 9b4 949 948
994 995 180d 180c 94a 92a
994 180c 182d 9b5 94a 949
995 996 180e 180d 94b 92b
995 180d 182e 9b6 94b 94a
996 997 180f 180e 94c 92c
996 180e 182f 9b7 94c 94b
997 998 1810 180f 94d 92d
997 180f 1830 9b8 94d 94c
998 999 1811 1810 94e 92e
998 1810 1831 9b9 94e 94d
999 99a 1812 1811 94f 92f
999 1811 1832 9ba 94f 94e
99a 99b 1813 1812 950 930
99a 1812 1833 9bb 950 94f
99b 99c 1814 1813 951 931
99b 1813 1834 9bc 951 950
99c 99d 1815 1814 952 932
99c 1814 1835 9bd 952 951
99d 99e 1816 1815 953 933
99d 1815 1836 9be 953 952
99e 99f 1817 1816 954 934
99e 1816 1837 9bf 954 953
99f 9a0 1818 1817 955 935
99f 1817 1838 9c0 955 954
9a0 9a1 1819 1818 956 936
9a0 1818 1839 9c1 956 955
9a1 9a2 181a 1819 957 937
9a1 1819 183a 9c2 957 956
9a2 9a3 181b 181a 958 938
9a2 181a 183b 9c3 958 957
9a3 9a4 181c 181b 959 939
9a3 181b 183c 9c4 959 958
9a4 9a5 181d 181c 95a 93a
9a4 181c 183d 9c5 95a 959
9a5 9a6 181e 181d 95b 93b
9a5 181d 183e 9c6 95b 95a
9a6 9a7 181f 181e 95c 93c
9a6 181e 183f 9c7 95c 95b
9a7 9a8 1820 181f 95d 93d
9a7 181f 1840 9c8 95d 95c
9a8 9a9 1821 1820 95e 93e
9a8 1820 1841 9c9 95e 95d
9a9 9aa 1822 1821 95f 93f
9a9 1821 1842 9ca 95f 95e
9aa 9ab 1823 1822 960 940
9aa 1822 1843 9cb 960 95f
9ac 9ad 1825 1824 961 941
9ad 9ae 1826 1825 962 942
9ad 1825 1846 9ce 962 961
9ae 9af 1827 1826 963 943
9ae 1826 1847 9cf 963 962
9af 9b0 1828 1827 964 944
9af 1827 1848 9d0 964 963
9b0 9b1 1829 1828 965 945
9b0 1828 1849 9d1 965 964
9b1 9b2 182a 1829 966 946
9b1 1829 184a 9d2 966 965
9b2 9b3 182b 182a 967 947
9b2 182a 184b 9d3 967 966
9b3 9b4 182c 182b 968 948
9b3 182b 184c 9d4 968 967
9b4 9b5 182d 182c 969 949
9b4 182c 184d 9d5 969 968
9b5 9b6 182e 182d 96a 94a
9b5 182d 184e 9d6 96a 969
9b6 9b7 182f 182e 96b 94b
9b6 182e 184f 9d7 96b 96a
9b7 9b8 1830 182f 96c 94c
9b7 182f 1850 9d8 96c 96b
9b8 9b9 1831 1830 96d 94d
9b8 1830 1851 9d9 96d 96c
9b9 9ba 1832 1831 96e 94e
9b9 1831 1852 9da 96e 96d
9ba 9bb 1833 1832 96f 94f
9ba 1832 1853 9db 96f 96e
9bb 9bc 1834 1833 970 950
9bb 1833 1854 9dc 970 96f
9bc 9bd 1835 1834 971 951
9bc 1834 1855 9dd 971 970
9bd 9be 1836 1835 972 952
9bd 1835 1856 9de 972 971
9be 9bf 1837 1836 973 953
9be 1836 1857 9df 973 972
9bf 9c0 1838 1837 974 954
9bf 1837 1858 9e0 974 973
9c0 9c1 1839 1838 975 955
9c0 1838 1859 9e1 975 974
9c1 9c2 183a 1839 976 956
9c1 1839 185a 9e2 976 975
9c2 9c3 183b 183a 977 957
9c2 183a 185b 9e3 977 976
9c3 9c4 183c 183b 978 958
9c3 183b 185c 9e4 978 977
9c4 9c5 183d 183c 979 959
9c4 183c 185d 9e5 979 978
9c5 9c6 183e 183d 97a 95a
9c5 183d 185e 9e6 97a 979
9c6 9c7 183f 183e 97b 95b
9c6 183e 185f 9e7 97b 97a
9c7 9c8 1840 183f 97c 95c
9c7 183f 1860 9e8 97c 97b
9c8 9c9 1841 1840 97d 95d
9c8 1840 1861 9e9 97d 97c
9c9 9ca 1842 1841 97e 95e
9c9 1841 1862 9ea 97e 97d
9ca 9cb 1843 1842 97f 95f
9ca 1842 1863 9eb 97f 97e
9cb 9cc 1844 1843 980 960
9cb 1843 1864 9ec 980 97f
9cd 9ce 1846 1845 981 961
9ce 9cf 1847 1846 982 962
9ce 1846 1867 9ef 982 981
9cf 9d0 1848 1847 983 963
9cf 1847 1868 9f0 983 982
9d0 9d1 1849 1848 984 964
9d0 1848 1869 9f1 984 983
9d1 9d2 184a 1849 985 965
9d1 1849 186a 9f2 985 984
9d2 9d3 184b 184a 986 966
9d2 184a 186b 9f3 986 985
9d3 9d4 184c 184b 987 967
9d3 184b 186c 9f4 987 986
9d4 9d5 184d 184c 988 968
9d4 184c 186d 9f5 988 987
9d5 9d6 184e 184d 989 969
9d5 184d 186e 9f6 989 988
9d6 9d7 184f 184e 98a 96a
9d6 184e 186f 9f7 98a 989
9d7 9d8 1850 184f 98b 96b
9d7 184f 1870 9f8 98b 98a
9d8 9d9 1851 1850 98c 96c
9d8 1850 1871 9f9 98c 98b
9d9 9da 1852 1851 98d 96d
9d9 1851 1872 9fa 98d 98c
9da 9db 1853 1852 98e 96e
9da 1852 1873 9fb 98e 98d
9db 9dc 1854 1853 98f 96f
9db 1853 1874 9fc 98f 98e
9dc 9dd 1855 1854 990 970
9dc 1854 1875 9fd 990 98f
9dd 9de 1856 1855 991 971
9dd 1855 1876 9fe 991 990
9de 9df 1857 1856 992 972
9de 1856 1877 9ff 992 991
9df 9e0 1858 1857 993 973
9df 1857 1878 a00 993 992
9e0 9e1 1859 1858 994 974
9e0 1858 1879 a01 994 993
9e1 9e2 185a 1859 995 975
9e1 1859 187a a02 995 994
9e2 9e3 185b 185a 996 976
9e2 185a 187b a03 996 995
9e3 9e4 185c 185b 997 977
9e3 185b 187c a04 997 996
9e4 9e5 185d 185c 998 978
9e4 185c 187d a05 998 997
9e5 9e6 185e 185d 999 979
9e5 185d 187e a06 999 998
9e6 9e7 185f 185e 99a 97a
9e6 185e 187f a07 99a 999
9e7 9e8 1860 185f 99b 97b
9e7 185f 1880 a08 99b 99a
9e8 9e9 1861 1860 99c 97c
9e8 1860 1881 a09 99c 99b
9e9 9ea 1862 1861 99d 97d
9e9 1861 1882 a0a 99d 99c
9ea 9eb 1863 1862 99e 97e
9ea 1862 1883 a0b 99e 99d
9eb 9ec 1864 1863 99f 97f
9eb 1863 1884 a0c 99f 99e
9ec 9ed 1865 1864 9a0 980
9ec 1864 1885 a0d 9a0 99f
9ee 9ef 1867 1866 9a1 981
9ef 9f0 1868 1867 9a2 982
9ef 1867 1888 a10 9a2 9a1
9f0 9f1 1869 1868 9a3 983
9f0 1868 1889 a11 9a3 9a2
9f1 9f2 186a 1869 9a4 984
9f1 1869 188a a12 9a4 9a3
9f2 9f3 186b 186a 9a5 985
9f2 186a 188b a13 9a5 9a4
9f3 9f4 186c 186b 9a6 986
9f3 186b 188c a14 9a6 9a5
9f4 9f5 186d 186c 9a7 987
9f4 186c 188d a15 9a7 9a6
9f5 9f6 186e 186d 9a8 988
9f5 186d 188e a16 9a8 9a7
9f6 9f7 186f 186e 9a9 989
9f6 186e 188f a17 9a9 9a8
9f7 9f8 1870 186f 9aa 98a
9f7 186f 1890 a18 9aa 9a9
9f8 9f9 1871 1870 9ab 98b
9f8 1870 1891 a19 9ab 9aa
9f9 9fa 1872 1871 9ac 98c
9f9 1871 1892 a1a 9ac 9ab
9fa 9fb 1873 1872 9ad 98d
9fa 1872 1893 a1b 9ad 9ac
9fb 9fc 1874 1873 9ae 98e
9fb 1873 1894 a1c 9ae 9ad
9fc 9fd 1875 1874 9af 98f
9fc 1874 1895 a1d 9af 9ae
9fd 9fe 1876 1875 9b0 990
9fd 1875 1896 a1e 9b0 9af
9fe 9ff 1877 1876 9b1 991
9fe 1876 1897 a1f 9b1 9b0
9ff a00 1878 1877 9b2 992
9ff 1877 1898 a20 9b2 9b1
a00 a01 1879 1878 9b3 993
a00 1878 1899 a21 9b3 9b2
a01 a02 187a 1879 9b4 994
a01 1879 189a a22 9b4 9b3
a02 a03 187b 187a 9b5 995
a02 187a 189b a23 9b5 9b4
a03 a04 187c 187b 9b6 996
a03 187b 189c a24 9b6 9b5
a04 a05 187d 187c 9b7 997
a04 187c 189d a25 9b7 9b6
a05 a06 187e 187d 9b8 998
a05 187d 189e a26 9b8 9b7
a06 a07 187f 187e 9b9 999
a06 187e 189f a27 9b9 9b8
a07 a08 1880 187f 9ba 99a
a07 187f 18a0 a28 9ba 9b9
a08 a09 1881 1880 9bb 99b
a08 1880 18a1 a29 9bb 9ba
a09 a0a 1882 1881 9bc 99c
a09 1881 18a2 a2a 9bc 9bb
a0a a0b 1883 1882 9bd 99d
a0a 1882 18a3 a2b 9bd 9bc
a0b a0c 1884 1883 9be 99e
a0b 1883 18a4 a2c 9be 9bd
a0c a0d 1885 1884 9bf 99f
a0c 1884 18a5 a2d 9bf 9be
a0d a0e 1886 1885 9c0 9a0
a0d 1885 18a6 a2e 9c0 9bf
a0f a10 1888 1887 9c1 9a1
a10 a11 1889 1888 9c2 9a2
a10 1888 18a9 a31 9c2 9c1
a11 a12 188a 1889 9c3 9a3
a11 1889 18aa a32 9c3 9c2
a12 a13 188b 188a 9c4 9a4
a12 188a 18ab a33 9c4 9c3
a13 a14 188c 188b 9c5 9a5
a13 188b 18ac a34 9c5 9c4
a14 a15 188d 188c 9c6 9a6
a14 188c 18ad a35 9c6 9c5
a15 a16 188e 188d 9c7 9a7
a15 188d 18ae a36 9c7 9c6
a16 a17 188f 188e 9c8 9a8
a16 188e 18af a37 9c8 9c7
a17 a18 1890 188f 9c9 9a9
a17 188f 18b0 a38 9c9 9c8
a18 a19 1891 1890 9ca 9aa
a18 1890 18b1 a39 9ca 9c9
a19 a1a 1892 1891 9cb 9ab
a19 1891 18b2 a3a 9cb 9ca
a1a a1b 1893 1892 9cc 9ac
a1a 1892 18b3 a3b 9cc 9cb
a1b a1c 1894 1893 9cd 9ad
a1b 1893 18b4 a3c 9cd 9cc
a1c a1d 1895 1894 9ce 9ae
a1c 1894 18b5 a3d 9ce 9cd
a1d a1e 1896 1895 9cf 9af
a1d 1895 18b6 a3e 9cf 9ce
a1e a1f 1897 1896 9d0 9b0
a1e 1896 18b7 a3f 9d0 9cf
a1f a20 1898 1897 9d1 9b1
a1f 1897 18b8 a40 9d1 9d0
a20 a21 1899 1898 9d2 9b2
a20 1898 18b9 a41 9d2 9d1
a21 a22 189a 1899 9d3 9b3
a21 1899 18ba a42 9d3 9d2
a22 a23 189b 189a 9d4 9b4
a22 189a 18bb a43 9d4 9d3
a23 a24 189c 189b 9d5 9b5
a23 189b 18bc a44 9d5 9d4
a24 a25 189d 189c 9d6 9b6
a24 189c 18bd a45 9d6 9d5
a25 a26 189e 189d 9d7 9b7
a25 189d 18be a46 9d7 9d6
a26 a27 189f 189e 9d8 9b8
a26 189e 18bf a47 9d8 9d7
a27 a28 18a0 189f 9d9 9b9
a27 189f 18c0 a48 9d9 9d8
a28 a29 18a1 18a0 9da 9ba
a28 18a0 18c1 a49 9da 9d9
a29 a2a 18a2 18a1 9db 9bb
a29 18a1 18c2 a4a 9db 9da
a2a a2b 18a3 18a2 9dc 9bc
a2a 18a2 18c3 a4b 9dc 9db
a2b a2c 18a4 18a3 9dd 9bd
a2b 18a3 18c4 a4c 9dd 9dc
a2c a2d 18a5 18a4 9de 9be
a2c 18a4 18c5 a4d 9de 9dd
a2d a2e 18a6 18a5 9df 9bf
a2d 18a5 18c6 a4e 9df 9de
a2e a2f 18a7 18a6 9e0 9c0
a2e 18a6 18c7 a4f 9e0 9df
a30 a31 18a9 18a8 9e1 9c1
a31 a32 18aa 18a9 9e2 9c2
a31 18a9 18ca a52 9e2 9e1
a32 a33 18ab 18aa 9e3 9c3
a32 18aa 18cb a53 9e3 9e2
a33 a34 18ac 18ab 9e4 9c4
a33 18ab 18cc a54 9e4 9e3
a34 a35 18ad 18ac 9e5 9c5
a34 18ac 18cd a55 9e5 9e4
a35 a36 18ae 18ad 9e6 9c6
a35 18ad 18ce a56 9e6 9e5
a36 a37 18af 18ae 9e7 9c7
a36 18ae 18cf a57 9e7 9e6
a37 a38 18b0 18af 9e8 9c8
a37 18af 18d0 a58 9e8 9e7
a38 a39 18b1 18b0 9e9 9c9
a38 18b0 18d1 a59 9e9 9e8
a39 a3a 18b2 18b1 9ea 9ca
a39 18b1 18d2 a5a 9ea 9e9
a3a a3b 18b3 18b2 9eb 9cb
a3a 18b2 18d3 a5b 9eb 9ea
a3b a3c 18b4 18b3 9ec 9cc
a3b 18b3 18d4 a5c 9ec 9eb
a3c a3d 18b5 18b4 9ed 9cd
a3c 18b4 18d5 a5d 9ed 9ec
a3d a3e 18b6 18b5 9ee 9ce
a3d 18b5 18d6 a5e 9ee 9ed
a3e a3f 18b7 18b6 9ef 9cf
a3e 18b6 18d7 a5f 9ef 9ee
a3f a40 18b8 18b7 9f0 9d0
a3f 18b7 18d8 a60 9f0 9ef
a40 a41 18b9 18b8 9f1 9d1
a40 18b8 18d9 a61 9f1 9f0
a41 a42 18ba 18b9 9f2 9d2
a41 18b9 18da a62 9f2 9f1
a42 a43 18bb 18ba 9f3 9d3
a42 18ba 18db a63 9f3 9f2
a43 a44 18bc 18bb 9f4 9d4
a43 18bb 18dc a64 9f4 9f3
a44 a45 18bd 18bc 9f5 9d5
a44 18bc 18dd a65 9f5 9f4
a45 a46 18be 18bd 9f6 9d6
a45 18bd 18de a66 9f6 9f5
a46 a47 18bf 18be 9f7 9d7
a46 18be 18df a67 9f7 9f6
a47 a48 18c0 18bf 9f8 9d8
a47 18bf 18e0 a68 9f8 9f7
a48 a49 18c1 18c0 9f9 9d9
a48 18c0 18e1 a69 9f9 9f8
a49 a4a 18c2 18c1 9fa 9da
a49 18c1 18e2 a6a 9fa 9f9
a4a a4b 18c3 18c2 9fb 9db
a4a 18c2 18e3 a6b 9fb 9fa
a4b a4c 18c4 18c3 9fc 9dc
a4b 18c3 18e4 a6c 9fc 9fb
a4c a4d 18c5 18c4 9fd 9dd
a4c 18c4 18e5 a6d 9fd 9fc
a4d a4e 18c6 18c5 9fe 9de
a4d 18c5 18e6 a6e 9fe 9fd
a4e a4f 18c7 18c6 9ff 9df
a4e 18c6 18e7 a6f 9ff 9fe
a4f a50 18c8 18c7 a00 9e0
a4f 18c7 18e8 a70 a00 9ff
a51 a52 18ca 18c9 a01 9e1
a52 a53 18cb 18ca a02 9e2
a52 18ca 18eb a73 a02 a01
a53 a54 18cc 18cb a03 9e3
a53 18cb 18ec a74 a03 a02
a54 a55 18cd 18cc a04 9e4
a54 18cc 18ed a75 a04 a03
a55 a56 18ce 18cd a05 9e5
a55 18cd 18ee a76 a05 a04
a56 a57 18cf 18ce a06 9e6
a56 18ce 18ef a77 a06 a05
a57 a58 18d0 18cf a07 9e7
a57 18cf 18f0 a78 a07 a06
a58 a59 18d1 18d0 a08 9e8
a58 18d0 18f1 a79 a08 a07
a59 a5a 18d2 18d1 a09 9e9
a59 18d1 18f2 a7a a09 a08
a5a a5b 18d3 18d2 a0a 9ea
a5a 18d2 18f3 a7b a0a a09
a5b a5c 18d4 18d3 a0b 9eb
a5b 18d3 18f4 a7c a0b a0a
a5c a5d 18d5 18d4 a0c 9ec
a5c 18d4 18f5 a7d a0c a0b
a5d a5e 18d6 18d5 a0d 9ed
a5d 18d5 18f6 a7e a0d a0c
a5e a5f 18d7 18d6 a0e 9ee
a5e 18d6 18f7 a7f a0e a0d
a5f a60 18d8 18d7 a0f 9ef
a5f 18d7 18f8 a80 a0f a0e
a60 a61 18d9 18d8 a10 9f0
a60 18d8 18f9 a81 a10 a0f
a61 a62 18da 18d9 a11 9f1
a61 18d9 18fa a82 a11 a10
a62 a63 18db 18da a12 9f2
a62 18da 18fb a83 a12 a11
a63 a64 18dc 18db a13 9f3
a63 18db 18fc a84 a13 a12
a64 a65 18dd 18dc a14 9f4
a64 18dc 18fd a85 a14 a13
a65 a66 18de 18dd a15 9f5
a65 18dd 18fe a86 a15 a14
a66 a67 18df 18de a16 9f6
a66 18de 18ff a87 a16 a15
a67 a68 18e0 18df a17 9f7
a67 18df 1900 a88 a17 a16
a68 a69 18e1 18e0 a18 9f8
a68 18e0 1901 a89 a18 a17
a69 a6a 18e2 18e1 a19 9f9
a69 18e1 1902 a8a a19 a18
a6a a6b 18e3 18e2 a1a 9fa
a6a 18e2 1903 a8b a1a a19
a6b a6c 18e4 18e3 a1b 9fb
a6b 18e3 1904 a8c a1b a1a
a6c a6d 18e5 18e4 a1c 9fc
a6c 18e4 1905 a8d a1c a1b
a6d a6e 18e6 18e5 a1d 9fd
a6d 18e5 1906 a8e a1d a1c
a6e a6f 18e7 18e6 a1e 9fe
a6e 18e6 1907 a8f a1e a1d
a6f a70 18e8 18e7 a1f 9ff
a6f 18e7 1908 a90 a1f a1e
a70 a71 18e9 18e8 a20 a00
a70 18e8 1909 a91 a20 a1f
a72 a73 18eb 18ea a21 a01
a73 a74 18ec 18eb a22 a02
a73 18eb 190c a94 a22 a21
a74 a75 18ed 18ec a23 a03
a74 18ec 190d a95 a23 a22
a75 a76 18ee 18ed a24 a04
a75 18ed 190e a96 a24 a23
a76 a77 18ef 18ee a25 a05
a76 18ee 190f a97 a25 a24
a77 a78 18f0 18ef a26 a06
a77 18ef 1910 a98 a26 a25
a78 a79 18f1 18f0 a27 a07
a78 18f0 1911 a99 a27 a26
a79 a7a 18f2 18f1 a28 a08
a79 18f1 1912 a9a a28 a27
a7a a7b 18f3 18f2 a29 a09
a7a 18f2 1913 a9b a29 a28
a7b a7c 18f4 18f3 a2a a0a
a7b 18f3 1914 a9c a2a a29
a7c a7d 18f5 18f4 a2b a0b
a7c 18f4 1915 a9d a2b a2a
a7d a7e 18f6 18f5 a2c a0c
a7d 18f5 1916 a9e a2c a2b
a7e a7f 18f7 18f6 a2d a0d
a7e 18f6 1917 a9f a2d a2c
a7f a80 18f8 18f7 a2e a0e
a7f 18f7 1918 aa0 a2e a2d
a80 a81 18f9 18f8 a2f a0f
a80 18f8 1919 aa1 a2f a2e
a81 a82 18fa 18f9 a30 a10
a81 18f9 191a aa2 a30 a2f
a82 a83 18fb 18fa a31 a11
a82 18fa 191b aa3 a31 a30
a83 a84 18fc 18fb a32 a12
a83 18fb 191c aa4 a32 a31
a84 a85 18fd 18fc a33 a13
a84 18fc 191d aa5 a33 a32
a85 a86 18fe 18fd a34 a14
a85 18fd 191e aa6 a34 a33
a86 a87 18ff 18fe a35 a15
a86 18fe 191f aa7 a35 a34
a87 a88 1900 18ff a36 a16
a87 18ff 1920 aa8 a36 a35
a88 a89 1901 1900 a37 a17
a88 1900 1921 aa9 a37 a36
a89 a8a 1902 1901 a38 a18
a89 1901 1922 aaa a38 a37
a8a a8b 1903 1902 a39 a19
a8a 1902 1923 aab a39 a38
a8b a8c 1904 1903 a3a a1a
a8b 1903 1924 aac a3a a39
a8c a8d 1905 1904 a3b a1b
a8c 1904 1925 aad a3b a3a
a8d a8e 1906 1905 a3c a1c
a8d 1905 1926 aae a3c a3b
a8e a8f 1907 1906 a3d a1d
a8e 1906 1927 aaf a3d a3c
a8f a90 1908 1907 a3e a1e
a8f 1907 1928 ab0 a3e a3d
a90 a91 1909 1908 a3f a1f
a90 1908 1929 ab1 a3f a3e
a91 a92 190a 1909 a40 a20
a91 1909 192a ab2 a40 a3f
a93 a94 190c 190b a41 a21
a94 a95 190d 190c a42 a22
a94 190c 192d ab5 a42 a41
a95 a96 190e 190d a43 a23
a95 190d 192e ab6 a43 a42
a96 a97 190f 190e a44 a24
a96 190e 192f ab7 a44 a43
a97 a98 1910 190f a45 a25
a97 190f 1930 ab8 a45 a44
a98 a99 1911 1910 a46 a26
a98 1910 1931 ab9 a46 a45
a99 a9a 1912 1911 a47 a27
a99 1911 1932 aba a47 a46
a9a a9b 1913 1912 a48 a28
a9a 1912 1933 abb a48 a47
a9b a9c 1914 1913 a49 a29
a9b 1913 1934 abc a49 a48
a9c a9d 1915 1914 a4a a2a
a9c 1914 1935 abd a4a a49
a9d a9e 1916 1915 a4b a2b
a9d 1915 1936 abe a4b a4a
a9e a9f 1917 1916 a4c a2c
a9e 1916 1937 abf a4c a4b
a9f aa0 1918 1917 a4d a2d
a9f 1917 1938 ac0 a4d a4c
aa0 aa1 1919 1918 a4e a2e
aa0 1918 1939 ac1 a4e a4d
aa1 aa2 191a 1919 a4f a2f
aa1 1919 193a ac2 a4f a4e
aa2 aa3 191b 191a a50 a30
aa2 191a 193b ac3 a50 a4f
aa3 aa4 191c 191b a51 a31
aa3 191b 193c ac4 a51 a50
aa4 aa5 191d 191c a52 a32
aa4 191c 193d ac5 a52 a51
aa5 aa6 191e 191d a53 a33
aa5 191d 193e ac6 a53 a52
aa6 aa7 191f 191e a54 a34
aa6 191e 193f ac7 a54 a53
aa7 aa8 1920 191f a55 a35
aa7 191f 1940 ac8 a55 a54
aa8 aa9 1921 1920 a56 a36
aa8 1920 1941 ac9 a56 a55
aa9 aaa 1922 1921 a57 a37
aa9 1921 1942 aca a57 a56
aaa aab 1923 1922 a58 a38
aaa 1922 1943 acb a58 a57
aab aac 1924 1923 a59 a39
aab 1923 1944 acc a59 a58
aac aad 1925 1924 a5a a3a
aac 1924 1945 acd a5a a59
aad aae 1926 1925 a5b a3b
aad 1925 1946 ace a5b a5a
aae aaf 1927 1926 a5c a3c
aae 1926 1947 acf a5c a5b
aaf ab0 1928 1927 a5d a3d
aaf 1927 1948 ad0 a5d a5c
ab0 ab1 1929 1928 a5e a3e
ab0 1928 1949 ad1 a5e a5d
ab1 ab2 192a 1929 a5f a3f
ab1 1929 194a ad2 a5f a5e
ab2 ab3 192b 192a a60 a40
ab2 192a 194b ad3 a60 a5f
ab4 ab5 192d 192c a61 a41
ab5 ab6 192e 192d a62 a42
ab5 192d 194e ad6 a62 a61
ab6 ab7 192f 192e a63 a43
ab6 192e 194f ad7 a63 a62
ab7 ab8 1930 192f a64 a44
ab7 192f 1950 ad8 a64 a63
ab8 ab9 1931 1930 a65 a45
ab8 1930 1951 ad9 a65 a64
ab9 aba 1932 1931 a66 a46
ab9 1931 1952 ada a66 a65
aba abb 1933 1932 a67 a47
aba 1932 1953 adb a67 a66
abb abc 1934 1933 a68 a48
abb 1933 1954 adc a68 a67
abc abd 1935 1934 a69 a49
abc 1934 1955 add a69 a68
abd abe 1936 1935 a6a a4a
abd 1935 1956 ade a6a a69
abe abf 1937 1936 a6b a4b
abe 1936 1957 adf a6b a6a
abf ac0 1938 1937 a6c a4c
abf 1937 1958 ae0 a6c a6b
ac0 ac1 1939 1938 a6d a4d
ac0 1938 1959 ae1 a6d a6c
ac1 ac2 193a 1939 a6e a4e
ac1 1939 195a ae2 a6e a6d
ac2 ac3 193b 193a a6f a4f
ac2 193a 195b ae3 a6f a6e
ac3 ac4 193c 193b a70 a50
ac3 193b 195c ae4 a70 a6f
ac4 ac5 193d 193c a71 a51
ac4 193c 195d ae5 a71 a70
ac5 ac6 193e 193d a72 a52
ac5 193d 195e ae6 a72 a71
ac6 ac7 193f 193e a73 a53
ac6 193e 195f ae7 a73 a72
ac7 ac8 1940 193f a74 a54
ac7 193f 1960 ae8 a74 a73
ac8 ac9 1941 1940 a75 a55
ac8 1940 1961 ae9 a75 a74
ac9 aca 1942 1941 a76 a56
ac9 1941 1962 aea a76 a75
aca acb 1943 1942 a77 a57
aca 1942 1963 aeb a77 a76
acb acc 1944 1943 a78 a58
acb 1943 1964 aec a78 a77
acc acd 1945 1944 a79 a59
acc 1944 1965 aed a79 a78
acd ace 1946 1945 a7a a5a
acd 1945 1966 aee a7a a79
ace acf 1947 1946 a7b a5b
ace 1946 1967 aef a7b a7a
acf ad0 1948 1947 a7c a5c
acf 1947 1968 af0 a7c a7b
ad0 ad1 1949 1948 a7d a5d
ad0 1948 1969 af1 a7d a7c
ad1 ad2 194a 1949 a7e a5e
ad1 1949 196a af2 a7e a7d
ad2 ad3 194b 194a a7f a5f
ad2 194a 196b af3 a7f a7e
ad3 ad4 194c 194b a80 a60
ad3 194b 196c af4 a80 a7f
ad5 ad6 194e 194d a81 a61
ad6 ad7 194f 194e a82 a62
ad6 194e 196f af7 a82 a81
ad7 ad8 1950 194f a83 a63
ad7 194f 1970 af8 a83 a82
ad8 ad9 1951 1950 a84 a64
ad8 1950 1971 af9 a84 a83
ad9 ada 1952 1951 a85 a65
ad9 1951 1972 afa a85 a84
ada adb 1953 1952 a86 a66
ada 1952 1973 afb a86 a85
adb adc 1954 1953 a87 a67
adb 1953 1974 afc a87 a86
adc add 1955 1954 a88 a68
adc 1954 1975 afd a88 a87
add ade 1956 1955 a89 a69
add 1955 1976 afe a89 a88
ade adf 1957 1956 a8a a6a
ade 1956 1977 aff a8a a89
adf ae0 1958 1957 a8b a6b
adf 1957 1978 b00 a8b a8a
ae0 ae1 1959 1958 a8c a6c
ae0 1958 1979 b01 a8c a8b
ae1 ae2 195a 1959 a8d a6d
ae1 1959 197a b02 a8d a8c
ae2 ae3 195b 195a a8e a6e
ae2 195a 197b b03 a8e a8d
ae3 ae4 195c 195b a8f a6f
ae3 195b 197c b04 a8f a8e
ae4 ae5 195d 195c a90 a70
ae4 195c 197d b05 a90 a8f
ae5 ae6 195e 195d a91 a71
ae5 195d 197e b06 a91 a90
ae6 ae7 195f 195e a92 a72
ae6 195e 197f b07 a92 a91
ae7 ae8 1960 195f a93 a73
ae7 195f 1980 b08 a93 a92
ae8 ae9 1961 1960 a94 a74
ae8 1960 1981 b09 a94 a93
ae9 aea 1962 1961 a95 a75
ae9 1961 1982 b0a a95 a94
aea aeb 1963 1962 a96 a76
aea 1962 1983 b0b a96 a95
aeb aec 1964 1963 a97 a77
aeb 1963 1984 b0c a97 a96
aec aed 1965 1964 a98 a78
aec 1964 1985 b0d a98 a97
aed aee 1966 1965 a99 a79
aed 1965 1986 b0e a99 a98
aee aef 1967 1966 a9a a7a
aee 1966 1987 b0f a9a a99
aef af0 1968 1967 a9b a7b
aef 1967 1988 b10 a9b a9a
af0 af1 1969 1968 a9c a7c
af0 1968 1989 b11 a9c a9b
af1 af2 196a 1969 a9d a7d
af1 1969 198a b12 a9d a9c
af2 af3 196b 196a a9e a7e
af2 196a 198b b13 a9e a9d
af3 af4 196c 196b a9f a7f
af3 196b 198c b14 a9f a9e
af4 af5 196d 196c aa0 a80
af4 196c 198d b15 aa0 a9f
af6 af7 196f 196e aa1 a81
af7 af8 1970 196f aa2 a82
af7 196f 1990 b18 aa2 aa1
af8 af9 1971 1970 aa3 a83
af8 1970 1991 b19 aa3 aa2
af9 afa 1972 1971 aa4 a84
af9 1971 1992 b1a aa4 aa3
afa afb 1973 1972 aa5 a85
afa 1972 1993 b1b aa5 aa4
afb afc 1974 1973 aa6 a86
afb 1973 1994 b1c aa6 aa5
afc afd 1975 1974 aa7 a87
afc 1974 1995 b1d aa7 aa6
afd afe 1976 1975 aa8 a88
afd 1975 1996 b1e aa8 aa7
afe aff 1977 1976 aa9 a89
afe 1976 1997 b1f aa9 aa8
aff b00 1978 1977 aaa a8a
aff 1977 1998 b20 aaa aa9
b00 b01 1979 1978 aab a8b
b00 1978 1999 b21 aab aaa
b01 b02 197a 1979 aac a8c
b01 1979 199a b22 aac aab
b02 b03 197b 197a aad a8d
b02 197a 199b b23 aad aac
b03 b04 197c 197b aae a8e
b03 197b 199c b24 aae aad
b04 b05 197d 197c aaf a8f
b04 197c 199d b25 aaf aae
b05 b06 197e 197d ab0 a90
b05 197d 199e b26 ab0 aaf
b06 b07 197f 197e ab1 a91
b06 197e 199f b27 ab1 ab0
b07 b08 1980 197f ab2 a92
b07 197f 19a0 b28 ab2 ab1
b08 b09 1981 1980 ab3 a93
b08 1980 19a1 b29 ab3 ab2
b09 b0a 1982 1981 ab4 a94
b09 1981 19a2 b2a ab4 ab3
b0a b0b 1983 1982 ab5 a95
b0a 1982 19a3 b2b ab5 ab4
b0b b0c 1984 1983 ab6 a96
b0b 1983 19a4 b2c ab6 ab5
b0c b0d 1985 1984 ab7 a97
b0c 1984 19a5 b2d ab7 ab6
b0d b0e 1986 1985 ab8 a98
b0d 1985 19a6 b2e ab8 ab7
b0e b0f 1987 1986 ab9 a99
b0e 1986 19a7 b2f ab9 ab8
b0f b10 1988 1987 aba a9a
b0f 1987 19a8 b30 aba ab9
b10 b11 1989 1988 abb a9b
b10 1988 19a9 b31 abb aba
b11 b12 198a 1989 abc a9c
b11 1989 19aa b32 abc abb
b12 b13 198b 198a abd a9d
b12 198a 19ab b33 abd abc
b13 b14 198c 198b abe a9e
b13 198b 19ac b34 abe abd
b14 b15 198d 198c abf a9f
b14 198c 19ad b35 abf abe
b15 b16 198e 198d ac0 aa0
b15 198d 19ae b36 ac0 abf
b17 b18 1990 198f ac1 aa1
b18 b19 1991 1990 ac2 aa2
b18 1990 19b1 b39 ac2 ac1
b19 b1a 1992 1991 ac3 aa3
b19 1991 19b2 b3a ac3 ac2
b1a b1b 1993 1992 ac4 aa4
b1a 1992 19b3 b3b ac4 ac3
b1b b1c 1994 1993 ac5 aa5
b1b 1993 19b4 b3c ac5 ac4
b1c b1d 1995 1994 ac6 aa6
b1c 1994 19b5 b3d ac6 ac5
b1d b1e 1996 1995 ac7 aa7
b1d 1995 19b6 b3e ac7 ac6
b1e b1f 1997 1996 ac8 aa8
b1e 1996 19b7 b3f ac8 ac7
b1f b20 1998 1997 ac9 aa9
b1f 1997 19b8 b40 ac9 ac8
b20 b21 1999 1998 aca aaa
b20 1998 19b9 b41 aca ac9
b21 b22 199a 1999 acb aab
b21 1999 19ba b42 acb aca
b22 b23 199b 199a acc aac
b22 199a 19bb b43 acc acb
b23 b24 199c 199b acd aad
b23 199b 19bc b44 acd acc
b24 b25 199d 199c ace aae
b24 199c 19bd b45 ace acd
b25 b26 199e 199d acf aaf
b25 199d 19be b46 acf ace
b26 b27 199f 199e ad0 ab0
b26 199e 19bf b47 ad0 acf
b27 b28 19a0 199f ad1 ab1
b27 199f 19c0 b48 ad1 ad0
b28 b29 19a1 19a0 ad2 ab2
b28 19a0 19c1 b49 ad2 ad1
b29 b2a 19a2 19a1 ad3 ab3
b29 19a1 19c2 b4a ad3 ad2
b2a b2b 19a3 19a2 ad4 ab4
b2a 19a2 19c3 b4b ad4 ad3
b2b b2c 19a4 19a3 ad5 ab5
b2b 19a3 19c4 b4c ad5 ad4
b2c b2d 19a5 19a4 ad6 ab6
b2c 19a4 19c5 b4d ad6 ad5
b2d b2e 19a6 19a5 ad7 ab7
b2d 19a5 19c6 b4e ad7 ad6
b2e b2f 19a7 19a6 ad8 ab8
b2e 19a6 19c7 b4f ad8 ad7
b2f b30 19a8 19a7 ad9 ab9
b2f 19a7 19c8 b50 ad9 ad8
b30 b31 19a9 19a8 ada aba
b30 19a8 19c9 b51 ada ad9
b31 b32 19aa 19a9 adb abb
b31 19a9 19ca b52 adb ada
b32 b33 19ab 19aa adc abc
b32 19aa 19cb b53 adc adb
b33 b34 19ac 19ab add abd
b33 19ab 19cc b54 add adc
b34 b35 19ad 19ac ade abe
b34 19ac 19cd b55 ade add
b35 b36 19ae 19ad adf abf
b35 19ad 19ce b56 adf ade
b36 b37 19af 19ae ae0 ac0
b36 19ae 19cf b57 ae0 adf
b38 b39 19b1 19b0 ae1 ac1
b39 b3a 19b2 19b1 ae2 ac2
b39 19b1 19d1 b59 ae2 ae1
b3a b3b 19b3 19b2 ae3 ac3
b3a 19b2 19d2 b5a ae3 ae2
b3b b3c 19b4 19b3 ae4 ac4
b3b 19b3 19d3 b5b ae4 ae3
b3c b3d 19b5 19b4 ae5 ac5
b3c 19b4 19d4 b5c ae5 ae4
b3d b3e 19b6 19b5 ae6 ac6
b3d 19b5 19d5 b5d ae6 ae5
b3e b3f 19b7 19b6 ae7 ac7
b3e 19b6 19d6 b5e ae7 ae6
b3f b40 19b8 19b7 ae8 ac8
b3f 19b7 19d7 b5f ae8 ae7
b40 b41 19b9 19b8 ae9 ac9
b40 19b8 19d8 b60 ae9 ae8
b41 b42 19ba 19b9 aea aca
b41 19b9 19d9 b61 aea ae9
b42 b43 19bb 19ba aeb acb
b42 19ba 19da b62 aeb aea
b43 b44 19bc 19bb aec acc
b43 19bb 19db b63 aec aeb
b44 b45 19bd 19bc aed acd
b44 19bc 19dc b64 aed aec
b45 b46 19be 19bd aee ace
b45 19bd 19dd b65 aee aed
b46 b47 19bf 19be aef acf
b46 19be 19de b66 aef aee
b47 b48 19c0 19bf af0 ad0
b47 19bf 19df b67 af0 aef
b48 b49 19c1 19c0 af1 ad1
b48 19c0 19e0 b68 af1 af0
b49 b4a 19c2 19c1 af2 ad2
b49 19c1 19e1 b69 af2 af1
b4a b4b 19c3 19c2 af3 ad3
b4a 19c2 19e2 b6a af3 af2
b4b b4c 19c4 19c3 af4 ad4
b4b 19c3 19e3 b6b af4 af3
b4c b4d 19c5 19c4 af5 ad5
b4c 19c4 19e4 b6c af5 af4
b4d b4e 19c6 19c5 af6 ad6
b4d 19c5 19e5 b6d af6 af5
b4e b4f 19c7 19c6 af7 ad7
b4e 19c6 19e6 b6e af7 af6
b4f b50 19c8 19c7 af8 ad8
b4f 19c7 19e7 b6f af8 af7
b50 b51 19c9 19c8 af9 ad9
b50 19c8 19e8 b70 af9 af8
b51 b52 19ca 19c9 afa ada
b51 19c9 19e9 b71 afa af9
b52 b53 19cb 19ca afb adb
b52 19ca 19ea b72 afb afa
b53 b54 19cc 19cb afc adc
b53 19cb 19eb b73 afc afb
b54 b55 19cd 19cc afd add
b54 19cc 19ec b74 afd afc
b55 b56 19ce 19cd afe ade
b55 19cd 19ed b75 afe afd
b56 b57 19cf 19ce aff adf
b56 19ce 19ee b76 aff afe
b57 b58 19d0 19cf b00 ae0
b57 19cf 19ef b77 b00 aff
b59 b5a 19d2 19d1 b02 ae2
b59 19d1 19f1 b79 b02 b01
b5a b5b 19d3 19d2 b03 ae3
b5a 19d2 19f2 b7a b03 b02
b5b b5c 19d4 19d3 b04 ae4
b5b 19d3 19f3 b7b b04 b03
b5c b5d 19d5 19d4 b05 ae5
b5c 19d4 19f4 b7c b05 b04
b5d b5e 19d6 19d5 b06 ae6
b5d 19d5 19f5 b7d b06 b05
b5e b5f 19d7 19d6 b07 ae7
b5e 19d6 19f6 b7e b07 b06
b5f b60 19d8 19d7 b08 ae8
b5f 19d7 19f7 b7f b08 b07
b60 b61 19d9 19d8 b09 ae9
b60 19d8 19f8 b80 b09 b08
b61 b62 19da 19d9 b0a aea
b61 19d9 19f9 b81 b0a b09
b62 b63 19db 19da b0b aeb
b62 19da 19fa b82 b0b b0a
b63 b64 19dc 19db b0c aec
b63 19db 19fb b83 b0c b0b
b64 b65 19dd 19dc b0d aed
b64 19dc 19fc b84 b0d b0c
b65 b66 19de 19dd b0e aee
b65 19dd 19fd b85 b0e b0d
b66 b67 19df 19de b0f aef
b66 19de 19fe b86 b0f b0e
b67 b68 19e0 19df b10 af0
b67 19df 19ff b87 b10 b0f
b68 b69 19e1 19e0 b11 af1
b68 19e0 1a00 b88 b11 b10
b69 b6a 19e2 19e1 b12 af2
b69 19e1 1a01 b89 b12 b11
b6a b6b 19e3 19e2 b13 af3
b6a 19e2 1a02 b8a b13 b12
b6b b6c 19e4 19e3 b14 af4
b6b 19e3 1a03 b8b b14 b13
b6c b6d 19e5 19e4 b15 af5
b6c 19e4 1a04 b8c b15 b14
b6d b6e 19e6 19e5 b16 af6
b6d 19e5 1a05 b8d b16 b15
b6e b6f 19e7 19e6 b17 af7
b6e 19e6 1a06 b8e b17 b16
b6f b70 19e8 19e7 b18 af8
b6f 19e7 1a07 b8f b18 b17
b70 b71 19e9 19e8 b19 af9
b70 19e8 1a08 b90 b19 b18
b71 b72 19ea 19e9 b1a afa
b71 19e9 1a09 b91 b1a b19
b72 b73 19eb 19ea b1b afb
b72 19ea 1a0a b92 b1b b1a
b73 b74 19ec 19eb b1c afc
b73 19eb 1a0b b93 b1c b1b
b74 b75 19ed 19ec b1d afd
b74 19ec 1a0c b94 b1d b1c
b75 b76 19ee 19ed b1e afe
b75 19ed 1a0d b95 b1e b1d
b76 b77 19ef 19ee b1f aff
b76 19ee 1a0e b96 b1f b1e
b77 b78 19f0 19ef b20 b00
b77 19ef 1a0f b97 b20 b1f
b79 b7a 19f2 19f1 b22 b02
b79 19f1 1a11 b99 b22 b21
b7a b7b 19f3 19f2 b23 b03
b7a 19f2 1a12 b9a b23 b22
b7b b7c 19f4 19f3 b24 b04
b7b 19f3 1a13 b9b b24 b23
b7c b7d 19f5 19f4 b25 b05
b7c 19f4 1a14 b9c b25 b24
b7d b7e 19f6 19f5 b26 b06
b7d 19f5 1a15 b9d b26 b25
b7e b7f 19f7 19f6 b27 b07
b7e 19f6 1a16 b9e b27 b26
b7f b80 19f8 19f7 b28 b08
b7f 19f7 1a17 b9f b28 b27
b80 b81 19f9 19f8 b29 b09
b80 19f8 1a18 ba0 b29 b28
b81 b82 19fa 19f9 b2a b0a
b81 19f9 1a19 ba1 b2a b29
b82 b83 19fb 19fa b2b b0b
b82 19fa 1a1a ba2 b2b b2a
b83 b84 19fc 19fb b2c b0c
b83 19fb 1a1b ba3 b2c b2b
b84 b85 19fd 19fc b2d b0d
b84 19fc 1a1c ba4 b2d b2c
b85 b86 19fe 19fd b2e b0e
b85 19fd 1a1d ba5 b2e b2d
b86 b87 19ff 19fe b2f b0f
b86 19fe 1a1e ba6 b2f b2e
b87 b88 1a00 19ff b30 b10
b87 19ff 1a1f ba7 b30 b2f
b88 b89 1a01 1a00 b31 b11
b88 1a00 1a20 ba8 b31 b30
b89 b8a 1a02 1a01 b32 b12
b89 1a01 1a21 ba9 b32 b31
b8a b8b 1a03 1a02 b33 b13
b8a 1a02 1a22 baa b33 b32
b8b b8c 1a04 1a03 b34 b14
b8b 1a03 1a23 bab b34 b33
b8c b8d 1a05 1a04 b35 b15
b8c 1a04 1a24 bac b35 b34
b8d b8e 1a06 1a05 b36 b16
b8d 1a05 1a25 bad b36 b35
b8e b8f 1a07 1a06 b37 b17
b8e 1a06 1a26 bae b37 b36
b8f b90 1a08 1a07 b38 b18
b8f 1a07 1a27 baf b38 b37
b90 b91 1a09 1a08 b39 b19
b90 1a08 1a28 bb0 b39 b38
b91 b92 1a0a 1a09 b3a b1a
b91 1a09 1a29 bb1 b3a b39
b92 b93 1a0b 1a0a b3b b1b
b92 1a0a 1a2a bb2 b3b b3a
b93 b94 1a0c 1a0b b3c b1c
b93 1a0b 1a2b bb3 b3c b3b
b94 b95 1a0d 1a0c b3d b1d
b94 1a0c 1a2c bb4 b3d b3c
b95 b96 1a0e 1a0d b3e b1e
b95 1a0d 1a2d bb5 b3e b3d
b96 b97 1a0f 1a0e b3f b1f
b96 1a0e 1a2e bb6 b3f b3e
b97 b98 1a10 1a0f b40 b20
b97 1a0f 1a2f bb7 b40 b3f
b99 b9a 1a12 1a11 b42 b22
b99 1a11 1a31 bb9 b42 b41
b9a b9b 1a13 1a12 b43 b23
b9a 1a12 1a32 bba b43 b42
b9b b9c 1a14 1a13 b44 b24
b9b 1a13 1a33 bbb b44 b43
b9c b9d 1a15 1a14 b45 b25
b9c 1a14 1a34 bbc b45 b44
b9d b9e 1a16 1a15 b46 b26
b9d 1a15 1a35 bbd b46 b45
b9e b9f 1a17 1a16 b47 b27
b9e 1a16 1a36 bbe b47 b46
b9f ba0 1a18 1a17 b48 b28
b9f 1a17 1a37 bbf b48 b47
ba0 ba1 1a19 1a18 b49 b29
ba0 1a18 1a38 bc0 b49 b48
ba1 ba2 1a1a 1a19 b4a b2a
ba1 1a19 1a39 bc1 b4a b49
ba2 ba3 1a1b 1a1a b4b b2b
ba2 1a1a 1a3a bc2 b4b b4a
ba3 ba4 1a1c 1a1b b4c b2c
ba3 1a1b 1a3b bc3 b4c b4b
ba4 ba5 1a1d 1a1c b4d b2d
ba4 1a1c 1a3c bc4 b4d b4c
ba5 ba6 1a1e 1a1d b4e b2e
ba5 1a1d 1a3d bc5 b4e b4d
ba6 ba7 1a1f 1a1e b4f b2f
ba6 1a1e 1a3e bc6 b4f b4e
ba7 ba8 1a20 1a1f b50 b30
ba7 1a1f 1a3f bc7 b50 b4f
ba8 ba9 1a21 1a20 b51 b31
ba8 1a20 1a40 bc8 b51 b50
ba9 baa 1a22 1a21 b52 b32
ba9 1a21 1a41 bc9 b52 b51
baa bab 1a23 1a22 b53 b33
baa 1a22 1a42 bca b53 b52
bab bac 1a24 1a23 b54 b34
bab 1a23 1a43 bcb b54 b53
bac bad 1a25 1a24 b55 b35
bac 1a24 1a44 bcc b55 b54
bad bae 1a26 1a25 b56 b36
bad 1a25 1a45 bcd b56 b55
bae baf 1a27 1a26 b57 b37
bae 1a26 1a46 bce b57 b56
baf bb0 1a28 1a27 b58 b38
baf 1a27 1a47 bcf b58 b57
bb0 bb1 1a29 1a28 b59 b39
bb0 1a28 1a48 bd0 b59 b58
bb1 bb2 1a2a 1a29 b5a b3a
bb1 1a29 1a49 bd1 b5a b59
bb2 bb3 1a2b 1a2a b5b b3b
bb2 1a2a 1a4a bd2 b5b b5a
bb3 bb4 1a2c 1a2b b5c b3c
bb3 1a2b 1a4b bd3 b5c b5b
bb4 bb5 1a2d 1a2c b5d b3d
bb4 1a2c 1a4c bd4 b5d b5c
bb5 bb6 1a2e 1a2d b5e b3e
bb5 1a2d 1a4d bd5 b5e b5d
bb6 bb7 1a2f 1a2e b5f b3f
bb6 1a2e 1a4e bd6 b5f b5e
bb7 bb8 1a30 1a2f b60 b40
bb7 1a2f 1a4f bd7 b60 b5f
bb9 bba 1a32 1a31 b62 b42
bb9 1a31 1a51 bd9 b62 b61
bba bbb 1a33 1a32 b63 b43
bba 1a32 1a52 bda b63 b62
bbb bbc 1a34 1a33 b64 b44
bbb 1a33 1a53 bdb b64 b63
bbc bbd 1a35 1a34 b65 b45
bbc 1a34 1a54 bdc b65 b64
bbd bbe 1a36 1a35 b66 b46
bbd 1a35 1a55 bdd b66 b65
bbe bbf 1a37 1a36 b67 b47
bbe 1a36 1a56 bde b67 b66
bbf bc0 1a38 1a37 b68 b48
bbf 1a37 1a57 bdf b68 b67
bc0 bc1 1a39 1a38 b69 b49
bc0 1a38 1a58 be0 b69 b68
bc1 bc2 1a3a 1a39 b6a b4a
bc1 1a39 1a59 be1 b6a b69
bc2 bc3 1a3b 1a3a b6b b4b
bc2 1a3a 1a5a be2 b6b b6a
bc3 bc4 1a3c 1a3b b6c b4c
bc3 1a3b 1a5b be3 b6c b6b
bc4 bc5 1a3d 1a3c b6d b4d
bc4 1a3c 1a5c be4 b6d b6c
bc5 bc6 1a3e 1a3d b6e b4e
bc5 1a3d 1a5d be5 b6e b6d
bc6 bc7 1a3f 1a3e b6f b4f
bc6 1a3e 1a5e be6 b6f b6e
bc7 bc8 1a40 1a3f b70 b50
bc7 1a3f 1a5f be7 b70 b6f
bc8 bc9 1a41 1a40 b71 b51
bc8 1a40 1a60 be8 b71 b70
bc9 bca 1a42 1a41 b72 b52
bc9 1a41 1a61 be9 b72 b71
bca bcb 1a43 1a42 b73 b53
bca 1a42 1a62 bea b73 b72
bcb bcc 1a44 1a43 b74 b54
bcb 1a43 1a63 beb b74 b73
bcc bcd 1a45 1a44 b75 b55
bcc 1a44 1a64 bec b75 b74
bcd bce 1a46 1a45 b76 b56
bcd 1a45 1a65 bed b76 b75
bce bcf 1a47 1a46 b77 b57
bce 1a46 1a66 bee b77 b76
bcf bd0 1a48 1a47 b78 b58
bcf 1a47 1a67 bef b78 b77
bd0 bd1 1a49 1a48 b79 b59
bd0 1a48 1a68 bf0 b79 b78
bd1 bd2 1a4a 1a49 b7a b5a
bd1 1a49 1a69 bf1 b7a b79
bd2 bd3 1a4b 1a4a b7b b5b
bd2 1a4a 1a6a bf2 b7b b7a
bd3 bd4 1a4c 1a4b b7c b5c
bd3 1a4b 1a6b bf3 b7c b7b
bd4 bd5 1a4d 1a4c b7d b5d
bd4 1a4c 1a6c bf4 b7d b7c
bd5 bd6 1a4e 1a4d b7e b5e
bd5 1a4d 1a6d bf5 b7e b7d
bd6 bd7 1a4f 1a4e b7f b5f
bd6 1a4e 1a6e bf6 b7f b7e
bd7 bd8 1a50 1a4f b80 b60
bd7 1a4f 1a6f bf7 b80 b7f
bd9 bda 1a52 1a51 b82 b62
bd9 1a51 1a71 bf9 b82 b81
bda bdb 1a53 1a52 b83 b63
bda 1a52 1a72 bfa b83 b82
bdb bdc 1a54 1a53 b84 b64
bdb 1a53 1a73 bfb b84 b83
bdc bdd 1a55 1a54 b85 b65
bdc 1a54 1a74 bfc b85 b84
bdd bde 1a56 1a55 b86 b66
bdd 1a55 1a75 bfd b86 b85
bde bdf 1a57 1a56 b87 b67
bde 1a56 1a76 bfe b87 b86
bdf be0 1a58 1a57 b88 b68
bdf 1a57 1a77 bff b88 b87
be0 be1 1a59 1a58 b89 b69
be0 1a58 1a78 c00 b89 b88
be1 be2 1a5a 1a59 b8a b6a
be1 1a59 1a79 c01 b8a b89
be2 be3 1a5b 1a5a b8b b6b
be2 1a5a 1a7a c02 b8b b8a
be3 be4 1a5c 1a5b b8c b6c
be3 1a5b 1a7b c03 b8c b8b
be4 be5 1a5d 1a5c b8d b6d
be4 1a5c 1a7c c04 b8d b8c
be5 be6 1a5e 1a5d b8e b6e
be5 1a5d 1a7d c05 b8e b8d
be6 be7 1a5f 1a5e b8f b6f
be6 1a5e 1a7e c06 b8f b8e
be7 be8 1a60 1a5f b90 b70
be7 1a5f 1a7f c07 b90 b8f
be8 be9 1a61 1a60 b91 b71
be8 1a60 1a80 c08 b91 b90
be9 bea 1a62 1a61 b92 b72
be9 1a61 1a81 c09 b92 b91
bea beb 1a63 1a62 b93 b73
bea 1a62 1a82 c0a b93 b92
beb bec 1a64 1a63 b94 b74
beb 1a63 1a83 c0b b94 b93
bec bed 1a65 1a64 b95 b75
bec 1a64 1a84 c0c b95 b94
bed bee 1a66 1a65 b96 b76
bed 1a65 1a85 c0d b96 b95
bee bef 1a67 1a66 b97 b77
bee 1a66 1a86 c0e b97 b96
bef bf0 1a68 1a67 b98 b78
bef 1a67 1a87 c0f b98 b97
bf0 bf1 1a69 1a68 b99 b79
bf0 1a68 1a88 c10 b99 b98
bf1 bf2 1a6a 1a69 b9a b7a
bf1 1a69 1a89 c11 b9a b99
bf2 bf3 1a6b 1a6a b9b b7b
bf2 1a6a 1a8a c12 b9b b9a
bf3 bf4 1a6c 1a6b b9c b7c
bf3 1a6b 1a8b c13 b9c b9b
bf4 bf5 1a6d 1a6c b9d b7d
bf4 1a6c 1a8c c14 b9d b9c
bf5 bf6 1a6e 1a6d b9e b7e
bf5 1a6d 1a8d c15 b9e b9d
bf6 bf7 1a6f 1a6e b9f b7f
bf6 1a6e 1a8e c16 b9f b9e
bf7 bf8 1a70 1a6f ba0 b80
bf7 1a6f 1a8f c17 ba0 b9f
bf9 bfa 1a72 1a71 ba2 b82
bf9 1a71 1a91 c19 ba2 ba1
bfa bfb 1a73 1a72 ba3 b83
bfa 1a72 1a92 c1a ba3 ba2
bfb bfc 1a74 1a73 ba4 b84
bfb 1a73 1a93 c1b ba4 ba3
bfc bfd 1a75 1a74 ba5 b85
bfc 1a74 1a94 c1c ba5 ba4
bfd bfe 1a76 1a75 ba6 b86
bfd 1a75 1a95 c1d ba6 ba5
bfe bff 1a77 1a76 ba7 b87
bfe 1a76 1a96 c1e ba7 ba6
bff c00 1a78 1a77 ba8 b88
bff 1a77 1a97 c1f ba8 ba7
c00 c01 1a79 1a78 ba9 b89
c00 1a78 1a98 c20 ba9 ba8
c01 c02 1a7a 1a79 baa b8a
c01 1a79 1a99 c21 baa ba9
c02 c03 1a7b 1a7a bab b8b
c02 1a7a 1a9a c22 bab baa
c03 c04 1a7c 1a7b bac b8c
c03 1a7b 1a9b c23 bac bab
c04 c05 1a7d 1a7c bad b8d
c04 1a7c 1a9c c24 bad bac
c05 c06 1a7e 1a7d bae b8e
c05 1a7d 1a9d c25 bae bad
c06 c07 1a7f 1a7e baf b8f
c06 1a7e 1a9e c26 baf bae
c07 c08 1a80 1a7f bb0 b90
c07 1a7f 1a9f c27 bb0 baf
c08 c09 1a81 1a80 bb1 b91
c08 1a80 1aa0 c28 bb1 bb0
c09 c0a 1a82 1a81 bb2 b92
c09 1a81 1aa1 c29 bb2 bb1
c0a c0b 1a83 1a82 bb3 b93
c0a 1a82 1aa2 c2a bb3 bb2
c0b c0c 1a84 1a83 bb4 b94
c0b 1a83 1aa3 c2b bb4 bb3
c0c c0d 1a85 1a84 bb5 b95
c0c 1a84 1aa4 c2c bb5 bb4
c0d c0e 1a86 1a85 bb6 b96
c0d 1a85 1aa5 c2d bb6 bb5
c0e c0f 1a87 1a86 bb7 b97
c0e 1a86 1aa6 c2e bb7 bb6
c0f c10 1a88 1a87 bb8 b98
c0f 1a87 1aa7 c2f bb8 bb7
c10 c11 1a89 1a88 bb9 b99
c10 1a88 1aa8 c30 bb9 bb8
c11 c12 1a8a 1a89 bba b9a
c11 1a89 1aa9 c31 bba bb9
c12 c13 1a8b 1a8a bbb b9b
c12 1a8a 1aaa c32 bbb bba
c13 c14 1a8c 1a8b bbc b9c
c13 1a8b 1aab c33 bbc bbb
c14 c15 1a8d 1a8c bbd b9d
c14 1a8c 1aac c34 bbd bbc
c15 c16 1a8e 1a8d bbe b9e
c15 1a8d 1aad c35 bbe bbd
c16 c17 1a8f 1a8e bbf b9f
c16 1a8e 1aae c36 bbf bbe
c17 c18 1a90 1a8f bc0 ba0
c17 1a8f 1aaf c37 bc0 bbf
c19 c1a 1a92 1a91 bc2 ba2
c19 1a91 1ab1 c39 bc2 bc1
c1a c1b 1a93 1a92 bc3 ba3
c1a 1a92 1ab2 c3a bc3 bc2
c1b c1c 1a94 1a93 bc4 ba4
c1b 1a93 1ab3 c3b bc4 bc3
c1c c1d 1a95 1a94 bc5 ba5
c1c 1a94 1ab4 c3c bc5 bc4
c1d c1e 1a96 1a95 bc6 ba6
c1d 1a95 1ab5 c3d bc6 bc5
c1e c1f 1a97 1a96 bc7 ba7
c1e 1a96 1ab6 c3e bc7 bc6
c1f c20 1a98 1a97 bc8 ba8
c1f 1a97 1ab7 c3f bc8 bc7
c20 c21 1a99 1a98 bc9 ba9
c20 1a98 1ab8 c40 bc9 bc8
c21 c22 1a9a 1a99 bca baa
c21 1a99 1ab9 c41 bca bc9
c22 c23 1a9b 1a9a bcb bab
c22 1a9a 1aba c42 bcb bca
c23 c24 1a9c 1a9b bcc bac
c23 1a9b 1abb c43 bcc bcb
c24 c25 1a9d 1a9c bcd bad
c24 1a9c 1abc c44 bcd bcc
c25 c26 1a9e 1a9d bce bae
c25 1a9d 1abd c45 bce bcd
c26 c27 1a9f 1a9e bcf baf
c26 1a9e 1abe c46 bcf bce
c27 c28 1aa0 1a9f bd0 bb0
c27 1a9f 1abf c47 bd0 bcf
c28 c29 1aa1 1aa0 bd1 bb1
c28 1aa0 1ac0 c48 bd1 bd0
c29 c2a 1aa2 1aa1 bd2 bb2
c29 1aa1 1ac1 c49 bd2 bd1
c2a c2b 1aa3 1aa2 bd3 bb3
c2a 1aa2 1ac2 c4a bd3 bd2
c2b c2c 1aa4 1aa3 bd4 bb4
c2b 1aa3 1ac3 c4b bd4 bd3
c2c c2d 1aa5 1aa4 bd5 bb5
c2c 1aa4 1ac4 c4c bd5 bd4
c2d c2e 1aa6 1aa5 bd6 bb6
c2d 1aa5 1ac5 c4d bd6 bd5
c2e c2f 1aa7 1aa6 bd7 bb7
c2e 1aa6 1ac6 c4e bd7 bd6
c2f c30 1aa8 1aa7 bd8 bb8
c2f 1aa7 1ac7 c4f bd8 bd7
c30 c31 1aa9 1aa8 bd9 bb9
c30 1aa8 1ac8 c50 bd9 bd8
c31 c32 1aaa 1aa9 bda bba
c31 1aa9 1ac9 c51 bda bd9
c32 c33 1aab 1aaa bdb bbb
c32 1aaa 1aca c52 bdb bda
c33 c34 1aac 1aab bdc bbc
c33 1aab 1acb c53 bdc bdb
c34 c35 1aad 1aac bdd bbd
c34 1aac 1acc c54 bdd bdc
c35 c36 1aae 1aad bde bbe
c35 1aad 1acd c55 bde bdd
c36 c37 1aaf 1aae bdf bbf
c36 1aae 1ace c56 bdf bde
c37 c38 1ab0 1aaf be0 bc0
c37 1aaf 1acf c57 be0 bdf
c39 c3a 1ab2 1ab1 be2 bc2
c39 1ab1 1ad1 c59 be2 be1
c3a c3b 1ab3 1ab2 be3 bc3
c3a 1ab2 1ad2 c5a be3 be2
c3b c3c 1ab4 1ab3 be4 bc4
c3b 1ab3 1ad3 c5b be4 be3
c3c c3d 1ab5 1ab4 be5 bc5
c3c 1ab4 1ad4 c5c be5 be4
c3d c3e 1ab6 1ab5 be6 bc6
c3d 1ab5 1ad5 c5d be6 be5
c3e c3f 1ab7 1ab6 be7 bc7
c3e 1ab6 1ad6 c5e be7 be6
c3f c40 1ab8 1ab7 be8 bc8
c3f 1ab7 1ad7 c5f be8 be7
c40 c41 1ab9 1ab8 be9 bc9
c40 1ab8 1ad8 c60 be9 be8
c41 c42 1aba 1ab9 bea bca
c41 1ab9 1ad9 c61 bea be9
c42 c43 1abb 1aba beb bcb
c42 1aba 1ada c62 beb bea
c43 c44 1abc 1abb bec bcc
c43 1abb 1adb c63 bec beb
c44 c45 1abd 1abc bed bcd
c44 1abc 1adc c64 bed bec
c45 c46 1abe 1abd bee bce
c45 1abd 1add c65 bee bed
c46 c47 1abf 1abe bef bcf
c46 1abe 1ade c66 bef bee
c47 c48 1ac0 1abf bf0 bd0
c47 1abf 1adf c67 bf0 bef
c48 c49 1ac1 1ac0 bf1 bd1
c48 1ac0 1ae0 c68 bf1 bf0
c49 c4a 1ac2 1ac1 bf2 bd2
c49 1ac1 1ae1 c69 bf2 bf1
c4a c4b 1ac3 1ac2 bf3 bd3
c4a 1ac2 1ae2 c6a bf3 bf2
c4b c4c 1ac4 1ac3 bf4 bd4
c4b 1ac3 1ae3 c6b bf4 bf3
c4c c4d 1ac5 1ac4 bf5 bd5
c4c 1ac4 1ae4 c6c bf5 bf4
c4d c4e 1ac6 1ac5 bf6 bd6
c4d 1ac5 1ae5 c6d bf6 bf5
c4e c4f 1ac7 1ac6 bf7 bd7
c4e 1ac6 1ae6 c6e bf7 bf6
c4f c50 1ac8 1ac7 bf8 bd8
c4f 1ac7 1ae7 c6f bf8 bf7
c50 c51 1ac9 1ac8 bf9 bd9
c50 1ac8 1ae8 c70 bf9 bf8
c51 c52 1aca 1ac9 bfa bda
c51 1ac9 1ae9 c71 bfa bf9
c52 c53 1acb 1aca bfb bdb
c52 1aca 1aea c72 bfb bfa
c53 c54 1acc 1acb bfc bdc
c53 1acb 1aeb c73 bfc bfb
c54 c55 1acd 1acc bfd bdd
c54 1acc 1aec c74 bfd bfc
c55 c56 1ace 1acd bfe bde
c55 1acd 1aed c75 bfe bfd
c56 c57 1acf 1ace bff bdf
c56 1ace 1aee c76 bff bfe
c57 c58 1ad0 1acf c00 be0
c57 1acf 1aef c77 c00 bff
c59 c5a 1ad2 1ad1 c02 be2
c59 1ad1 1af1 c79 c02 c01
c5a c5b 1ad3 1ad2 c03 be3
c5a 1ad2 1af2 c7a c03 c02
c5b c5c 1ad4 1ad3 c04 be4
c5b 1ad3 1af3 c7b c04 c03
c5c c5d 1ad5 1ad4 c05 be5
c5c 1ad4 1af4 c7c c05 c04
c5d c5e 1ad6 1ad5 c06 be6
c5d 1ad5 1af5 c7d c06 c05
c5e c5f 1ad7 1ad6 c07 be7
c5e 1ad6 1af6 c7e c07 c06
c5f c60 1ad8 1ad7 c08 be8
c5f 1ad7 1af7 c7f c08 c07
c60 c61 1ad9 1ad8 c09 be9
c60 1ad8 1af8 c80 c09 c08
c61 c62 1ada 1ad9 c0a bea
c61 1ad9 1af9 c81 c0a c09
c62 c63 1adb 1ada c0b beb
c62 1ada 1afa c82 c0b c0a
c63 c64 1adc 1adb c0c bec
c63 1adb 1afb c83 c0c c0b
c64 c65 1add 1adc c0d bed
c64 1adc 1afc c84 c0d c0c
c65 c66 1ade 1add c0e bee
c65 1add 1afd c85 c0e c0d
c66 c67 1adf 1ade c0f bef
c66 1ade 1afe c86 c0f c0e
c67 c68 1ae0 1adf c10 bf0
c67 1adf 1aff c87 c10 c0f
c68 c69 1ae1 1ae0 c11 bf1
c68 1ae0 1b00 c88 c11 c10
c69 c6a 1ae2 1ae1 c12 bf2
c69 1ae1 1b01 c89 c12 c11
c6a c6b 1ae3 1ae2 c13 bf3
c6a 1ae2 1b02 c8a c13 c12
c6b c6c 1ae4 1ae3 c14 bf4
c6b 1ae3 1b03 c8b c14 c13
c6c c6d 1ae5 1ae4 c15 bf5
c6c 1ae4 1b04 c8c c15 c14
c6d c6e 1ae6 1ae5 c16 bf6
c6d 1ae5 1b05 c8d c16 c15
c6e c6f 1ae7 1ae6 c17 bf7
c6e 1ae6 1b06 c8e c17 c16
c6f c70 1ae8 1ae7 c18 bf8
c6f 1ae7 1b07 c8f c18 c17
c70 c71 1ae9 1ae8 c19 bf9
c70 1ae8 1b08 c90 c19 c18
c71 c72 1aea 1ae9 c1a bfa
c71 1ae9 1b09 c91 c1a c19
c72 c73 1aeb 1aea c1b bfb
c72 1aea 1b0a c92 c1b c1a
c73 c74 1aec 1aeb c1c bfc
c73 1aeb 1b0b c93 c1c c1b
c74 c75 1aed 1aec c1d bfd
c74 1aec 1b0c c94 c1d c1c
c75 c76 1aee 1aed c1e bfe
c75 1aed 1b0d c95 c1e c1d
c76 c77 1aef 1aee c1f bff
c76 1aee 1b0e c96 c1f c1e
c77 c78 1af0 1aef c20 c00
c77 1aef 1b0f c97 c20 c1f
c79 c7a 1af2 1af1 c22 c02
c79 1af1 1b11 c99 c22 c21
c7a c7b 1af3 1af2 c23 c03
c7a 1af2 1b12 c9a c23 c22
c7b c7c 1af4 1af3 c24 c04
c7b 1af3 1b13 c9b c24 c23
c7c c7d 1af5 1af4 c25 c05
c7c 1af4 1b14 c9c c25 c24
c7d c7e 1af6 1af5 c26 c06
c7d 1af5 1b15 c9d c26 c25
c7e c7f 1af7 1af6 c27 c07
c7e 1af6 1b16 c9e c27 c26
c7f c80 1af8 1af7 c28 c08
c7f 1af7 1b17 c9f c28 c27
c80 c81 1af9 1af8 c29 c09
c80 1af8 1b18 ca0 c29 c28
c81 c82 1afa 1af9 c2a c0a
c81 1af9 1b19 ca1 c2a c29
c82 c83 1afb 1afa c2b c0b
c82 1afa 1b1a ca2 c2b c2a
c83 c84 1afc 1afb c2c c0c
c83 1afb 1b1b ca3 c2c c2b
c84 c85 1afd 1afc c2d c0d
c84 1afc 1b1c ca4 c2d c2c
c85 c86 1afe 1afd c2e c0e
c85 1afd 1b1d ca5 c2e c2d
c86 c87 1aff 1afe c2f c0f
c86 1afe 1b1e ca6 c2f c2e
c87 c88 1b00 1aff c30 c10
c87 1aff 1b1f ca7 c30 c2f
c88 c89 1b01 1b00 c31 c11
c88 1b00 1b20 ca8 c31 c30
c89 c8a 1b02 1b01 c32 c12
c89 1b01 1b21 ca9 c32 c31
c8a c8b 1b03 1b02 c33 c13
c8a 1b02 1b22 caa c33 c32
c8b c8c 1b04 1b03 c34 c14
c8b 1b03 1b23 cab c34 c33
c8c c8d 1b05 1b04 c35 c15
c8c 1b04 1b24 cac c35 c34
c8d c8e 1b06 1b05 c36 c16
c8d 1b05 1b25 cad c36 c35
c8e c8f 1b07 1b06 c37 c17
c8e 1b06 1b26 cae c37 c36
c8f c90 1b08 1b07 c38 c18
c8f 1b07 1b27 caf c38 c37
c90 c91 1b09 1b08 c39 c19
c90 1b08 1b28 cb0 c39 c38
c91 c92 1b0a 1b09 c3a c1a
c91 1b09 1b29 cb1 c3a c39
c92 c93 1b0b 1b0a c3b c1b
c92 1b0a 1b2a cb2 c3b c3a
c93 c94 1b0c 1b0b c3c c1c
c93 1b0b 1b2b cb3 c3c c3b
c94 c95 1b0d 1b0c c3d c1d
c94 1b0c 1b2c cb4 c3d c3c
c95 c96 1b0e 1b0d c3e c1e
c95 1b0d 1b2d cb5 c3e c3d
c96 c97 1b0f 1b0e c3f c1f
c96 1b0e 1b2e cb6 c3f c3e
c97 c98 1b10 1b0f c40 c20
c97 1b0f 1b2f cb7 c40 c3f
c99 c9a 1b12 1b11 c42 c22
c99 1b11 1b31 cb9 c42 c41
c9a c9b 1b13 1b12 c43 c23
c9a 1b12 1b32 cba c43 c42
c9b c9c 1b14 1b13 c44 c24
c9b 1b13 1b33 cbb c44 c43
c9c c9d 1b15 1b14 c45 c25
c9c 1b14 1b34 cbc c45 c44
c9d c9e 1b16 1b15 c46 c26
c9d 1b15 1b35 cbd c46 c45
c9e c9f 1b17 1b16 c47 c27
c9e 1b16 1b36 cbe c47 c46
c9f ca0 1b18 1b17 c48 c28
c9f 1b17 1b37 cbf c48 c47
ca0 ca1 1b19 1b18 c49 c29
ca0 1b18 1b38 cc0 c49 c48
ca1 ca2 1b1a 1b19 c4a c2a
ca1 1b19 1b39 cc1 c4a c49
ca2 ca3 1b1b 1b1a c4b c2b
ca2 1b1a 1b3a cc2 c4b c4a
ca3 ca4 1b1c 1b1b c4c c2c
ca3 1b1b 1b3b cc3 c4c c4b
ca4 ca5 1b1d 1b1c c4d c2d
ca4 1b1c 1b3c cc4 c4d c4c
ca5 ca6 1b1e 1b1d c4e c2e
ca5 1b1d 1b3d cc5 c4e c4d
ca6 ca7 1b1f 1b1e c4f c2f
ca6 1b1e 1b3e cc6 c4f c4e
ca7 ca8 1b20 1b1f c50 c30
ca7 1b1f 1b3f cc7 c50 c4f
ca8 ca9 1b21 1b20 c51 c31
ca8 1b20 1b40 cc8 c51 c50
ca9 caa 1b22 1b21 c52 c32
ca9 1b21 1b41 cc9 c52 c51
caa cab 1b23 1b22 c53 c33
caa 1b22 1b42 cca c53 c52
cab cac 1b24 1b23 c54 c34
cab 1b23 1b43 ccb c54 c53
cac cad 1b25 1b24 c55 c35
cac 1b24 1b44 ccc c55 c54
cad cae 1b26 1b25 c56 c36
cad 1b25 1b45 ccd c56 c55
cae caf 1b27 1b26 c57 c37
cae 1b26 1b46 cce c57 c56
caf cb0 1b28 1b27 c58 c38
caf 1b27 1b47 ccf c58 c57
cb0 cb1 1b29 1b28 c59 c39
cb0 1b28 1b48 cd0 c59 c58
cb1 cb2 1b2a 1b29 c5a c3a
cb1 1b29 1b49 cd1 c5a c59
cb2 cb3 1b2b 1b2a c5b c3b
cb2 1b2a 1b4a cd2 c5b c5a
cb3 cb4 1b2c 1b2b c5c c3c
cb3 1b2b 1b4b cd3 c5c c5b
cb4 cb5 1b2d 1b2c c5d c3d
cb4 1b2c 1b4c cd4 c5d c5c
cb5 cb6 1b2e 1b2d c5e c3e
cb5 1b2d 1b4d cd5 c5e c5d
cb6 cb7 1b2f 1b2e c5f c3f
cb6 1b2e 1b4e cd6 c5f c5e
cb7 cb8 1b30 1b2f c60 c40
cb7 1b2f 1b4f cd7 c60 c5f
cb9 cba 1b32 1b31 c62 c42
cb9 1b31 1b51 cd9 c62 c61
cba cbb 1b33 1b32 c63 c43
cba 1b32 1b52 cda c63 c62
cbb cbc 1b34 1b33 c64 c44
cbb 1b33 1b53 cdb c64 c63
cbc cbd 1b35 1b34 c65 c45
cbc 1b34 1b54 cdc c65 c64
cbd cbe 1b36 1b35 c66 c46
cbd 1b35 1b55 cdd c66 c65
cbe cbf 1b37 1b36 c67 c47
cbe 1b36 1b56 cde c67 c66
cbf cc0 1b38 1b37 c68 c48
cbf 1b37 1b57 cdf c68 c67
cc0 cc1 1b39 1b38 c69 c49
cc0 1b38 1b58 ce0 c69 c68
cc1 cc2 1b3a 1b39 c6a c4a
cc1 1b39 1b59 ce1 c6a c69
cc2 cc3 1b3b 1b3a c6b c4b
cc2 1b3a 1b5a ce2 c6b c6a
cc3 cc4 1b3c 1b3b c6c c4c
cc3 1b3b 1b5b ce3 c6c c6b
cc4 cc5 1b3d 1b3c c6d c4d
cc4 1b3c 1b5c ce4 c6d c6c
cc5 cc6 1b3e 1b3d c6e c4e
cc5 1b3d 1b5d ce5 c6e c6d
cc6 cc7 1b3f 1b3e c6f c4f
cc6 1b3e 1b5e ce6 c6f c6e
cc7 cc8 1b40 1b3f c70 c50
cc7 1b3f 1b5f ce7 c70 c6f
cc8 cc9 1b41 1b40 c71 c51
cc8 1b40 1b60 ce8 c71 c70
cc9 cca 1b42 1b41 c72 c52
cc9 1b41 1b61 ce9 c72 c71
cca ccb 1b43 1b42 c73 c53
cca 1b42 1b62 cea c73 c72
ccb ccc 1b44 1b43 c74 c54
ccb 1b43 1b63 ceb c74 c73
ccc ccd 1b45 1b44 c75 c55
ccc 1b44 1b64 cec c75 c74
ccd cce 1b46 1b45 c76 c56
ccd 1b45 1b65 ced c76 c75
cce ccf 1b47 1b46 c77 c57
cce 1b46 1b66 cee c77 c76
ccf cd0 1b48 1b47 c78 c58
ccf 1b47 1b67 cef c78 c77
cd0 cd1 1b49 1b48 c79 c59
cd0 1b48 1b68 cf0 c79 c78
cd1 cd2 1b4a 1b49 c7a c5a
cd1 1b49 1b69 cf1 c7a c79
cd2 cd3 1b4b 1b4a c7b c5b
cd2 1b4a 1b6a cf2 c7b c7a
cd3 cd4 1b4c 1b4b c7c c5c
cd3 1b4b 1b6b cf3 c7c c7b
cd4 cd5 1b4d 1b4c c7d c5d
cd4 1b4c 1b6c cf4 c7d c7c
cd5 cd6 1b4e 1b4d c7e c5e
cd5 1b4d 1b6d cf5 c7e c7d
cd6 cd7 1b4f 1b4e c7f c5f
cd6 1b4e 1b6e cf6 c7f c7e
cd7 cd8 1b50 1b4f c80 c60
cd7 1b4f 1b6f cf7 c80 c7f
cd9 cda 1b52 1b51 c82 c62
cd9 1b51 1b71 cf9 c82 c81
cda cdb 1b53 1b52 c83 c63
cda 1b52 1b72 cfa c83 c82
cdb cdc 1b54 1b53 c84 c64
cdb 1b53 1b73 cfb c84 c83
cdc cdd 1b55 1b54 c85 c65
cdc 1b54 1b74 cfc c85 c84
cdd cde 1b56 1b55 c86 c66
cdd 1b55 1b75 cfd c86 c85
cde cdf 1b57 1b56 c87 c67
cde 1b56 1b76 cfe c87 c86
cdf ce0 1b58 1b57 c88 c68
cdf 1b57 1b77 cff c88 c87
ce0 ce1 1b59 1b58 c89 c69
ce0 1b58 1b78 d00 c89 c88
ce1 ce2 1b5a 1b59 c8a c6a
ce1 1b59 1b79 d01 c8a c89
ce2 ce3 1b5b 1b5a c8b c6b
ce2 1b5a 1b7a d02 c8b c8a
ce3 ce4 1b5c 1b5b c8c c6c
ce3 1b5b 1b7b d03 c8c c8b
ce4 ce5 1b5d 1b5c c8d c6d
ce4 1b5c 1b7c d04 c8d c8c
ce5 ce6 1b5e 1b5d c8e c6e
ce5 1b5d 1b7d d05 c8e c8d
ce6 ce7 1b5f 1b5e c8f c6f
ce6 1b5e 1b7e d06 c8f c8e
ce7 ce8 1b60 1b5f c90 c70
ce7 1b5f 1b7f d07 c90 c8f
ce8 ce9 1b61 1b60 c91 c71
ce8 1b60 1b80 d08 c91 c90
ce9 cea 1b62 1b61 c92 c72
ce9 1b61 1b81 d09 c92 c91
cea ceb 1b63 1b62 c93 c73
cea 1b62 1b82 d0a c93 c92
ceb cec 1b64 1b63 c94 c74
ceb 1b63 1b83 d0b c94 c93
cec ced 1b65 1b64 c95 c75
cec 1b64 1b84 d0c c95 c94
ced cee 1b66 1b65 c96 c76
ced 1b65 1b85 d0d c96 c95
cee cef 1b67 1b66 c97 c77
cee 1b66 1b86 d0e c97 c96
cef cf0 1b68 1b67 c98 c78
cef 1b67 1b87 d0f c98 c97
cf0 cf1 1b69 1b68 c99 c79
cf0 1b68 1b88 d10 c99 c98
cf1 cf2 1b6a 1b69 c9a c7a
cf1 1b69 1b89 d11 c9a c99
cf2 cf3 1b6b 1b6a c9b c7b
cf2 1b6a 1b8a d12 c9b c9a
cf3 cf4 1b6c 1b6b c9c c7c
cf3 1b6b 1b8b d13 c9c c9b
cf4 cf5 1b6d 1b6c c9d c7d
cf4 1b6c 1b8c d14 c9d c9c
cf5 cf6 1b6e 1b6d c9e c7e
cf5 1b6d 1b8d d15 c9e c9d
cf6 cf7 1b6f 1b6e c9f c7f
cf6 1b6e 1b8e d16 c9f c9e
cf7 cf8 1b70 1b6f ca0 c80
cf7 1b6f 1b8f d17 ca0 c9f
cf9 cfa 1b72 1b71 ca2 c82
cf9 1b71 1b91 d19 ca2 ca1
cfa cfb 1b73 1b72 ca3 c83
cfa 1b72 1b92 d1a ca3 ca2
cfb cfc 1b74 1b73 ca4 c84
cfb 1b73 1b93 d1b ca4 ca3
cfc cfd 1b75 1b74 ca5 c85
cfc 1b74 1b94 d1c ca5 ca4
cfd cfe 1b76 1b75 ca6 c86
cfd 1b75 1b95 d1d ca6 ca5
cfe cff 1b77 1b76 ca7 c87
cfe 1b76 1b96 d1e ca7 ca6
cff d00 1b78 1b77 ca8 c88
cff 1b77 1b97 d1f ca8 ca7
d00 d01 1b79 1b78 ca9 c89
d00 1b78 1b98 d20 ca9 ca8
d01 d02 1b7a 1b79 caa c8a
d01 1b79 1b99 d21 caa ca9
d02 d03 1b7b 1b7a cab c8b
d02 1b7a 1b9a d22 cab caa
d03 d04 1b7c 1b7b cac c8c
d03 1b7b 1b9b d23 cac cab
d04 d05 1b7d 1b7c cad c8d
d04 1b7c 1b9c d24 cad cac
d05 d06 1b7e 1b7d cae c8e
d05 1b7d 1b9d d25 cae cad
d06 d07 1b7f 1b7e caf c8f
d06 1b7e 1b9e d26 caf cae
d07 d08 1b80 1b7f cb0 c90
d07 1b7f 1b9f d27 cb0 caf
d08 d09 1b81 1b80 cb1 c91
d08 1b80 1ba0 d28 cb1 cb0
d09 d0a 1b82 1b81 cb2 c92
d09 1b81 1ba1 d29 cb2 cb1
d0a d0b 1b83 1b82 cb3 c93
d0a 1b82 1ba2 d2a cb3 cb2
d0b d0c 1b84 1b83 cb4 c94
d0b 1b83 1ba3 d2b cb4 cb3
d0c d0d 1b85 1b84 cb5 c95
d0c 1b84 1ba4 d2c cb5 cb4
d0d d0e 1b86 1b85 cb6 c96
d0d 1b85 1ba5 d2d cb6 cb5
d0e d0f 1b87 1b86 cb7 c97
d0e 1b86 1ba6 d2e cb7 cb6
d0f d10 1b88 1b87 cb8 c98
d0f 1b87 1ba7 d2f cb8 cb7
d10 d11 1b89 1b88 cb9 c99
d10 1b88 1ba8 d30 cb9 cb8
d11 d12 1b8a 1b89 cba c9a
d11 1b89 1ba9 d31 cba cb9
d12 d13 1b8b 1b8a cbb c9b
d12 1b8a 1baa d32 cbb cba
d13 d14 1b8c 1b8b cbc c9c
d13 1b8b 1bab d33 cbc cbb
d14 d15 1b8d 1b8c cbd c9d
d14 1b8c 1bac d34 cbd cbc
d15 d16 1b8e 1b8d cbe c9e
d15 1b8d 1bad d35 cbe cbd
d16 d17 1b8f 1b8e cbf c9f
d16 1b8e 1bae d36 cbf cbe
d17 d18 1b90 1b8f cc0 ca0
d17 1b8f 1baf d37 cc0 cbf
d19 d1a 1b92 1b91 cc2 ca2
d19 1b91 1bb1 d39 cc2 cc1
d1a d1b 1b93 1b92 cc3 ca3
d1a 1b92 1bb2 d3a cc3 cc2
d1b d1c 1b94 1b93 cc4 ca4
d1b 1b93 1bb3 d3b cc4 cc3
d1c d1d 1b95 1b94 cc5 ca5
d1c 1b94 1bb4 d3c cc5 cc4
d1d d1e 1b96 1b95 cc6 ca6
d1d 1b95 1bb5 d3d cc6 cc5
d1e d1f 1b97 1b96 cc7 ca7
d1e 1b96 1bb6 d3e cc7 cc6
d1f d20 1b98 1b97 cc8 ca8
d1f 1b97 1bb7 d3f cc8 cc7
d20 d21 1b99 1b98 cc9 ca9
d20 1b98 1bb8 d40 cc9 cc8
d21 d22 1b9a 1b99 cca caa
d21 1b99 1bb9 d41 cca cc9
d22 d23 1b9b 1b9a ccb cab
d22 1b9a 1bba d42 ccb cca
d23 d24 1b9c 1b9b ccc cac
d23 1b9b 1bbb d43 ccc ccb
d24 d25 1b9d 1b9c ccd cad
d24 1b9c 1bbc d44 ccd ccc
d25 d26 1b9e 1b9d cce cae
d25 1b9d 1bbd d45 cce ccd
d26 d27 1b9f 1b9e ccf caf
d26 1b9e 1bbe d46 ccf cce
d27 d28 1ba0 1b9f cd0 cb0
d27 1b9f 1bbf d47 cd0 ccf
d28 d29 1ba1 1ba0 cd1 cb1
d28 1ba0 1bc0 d48 cd1 cd0
d29 d2a 1ba2 1ba1 cd2 cb2
d29 1ba1 1bc1 d49 cd2 cd1
d2a d2b 1ba3 1ba2 cd3 cb3
d2a 1ba2 1bc2 d4a cd3 cd2
d2b d2c 1ba4 1ba3 cd4 cb4
d2b 1ba3 1bc3 d4b cd4 cd3
d2c d2d 1ba5 1ba4 cd5 cb5
d2c 1ba4 1bc4 d4c cd5 cd4
d2d d2e 1ba6 1ba5 cd6 cb6
d2d 1ba5 1bc5 d4d cd6 cd5
d2e d2f 1ba7 1ba6 cd7 cb7
d2e 1ba6 1bc6 d4e cd7 cd6
d2f d30 1ba8 1ba7 cd8 cb8
d2f 1ba7 1bc7 d4f cd8 cd7
d30 d31 1ba9 1ba8 cd9 cb9
d30 1ba8 1bc8 d50 cd9 cd8
d31 d32 1baa 1ba9 cda cba
d31 1ba9 1bc9 d51 cda cd9
d32 d33 1bab 1baa cdb cbb
d32 1baa 1bca d52 cdb cda
d33 d34 1bac 1bab cdc cbc
d33 1bab 1bcb d53 cdc cdb
d34 d35 1bad 1bac cdd cbd
d34 1bac 1bcc d54 cdd cdc
d35 d36 1bae 1bad cde cbe
d35 1bad 1bcd d55 cde cdd
d36 d37 1baf 1bae cdf cbf
d36 1bae 1bce d56 cdf cde
d37 d38 1bb0 1baf ce0 cc0
d37 1baf 1bcf d57 ce0 cdf
d39 d3a 1bb2 1bb1 ce2 cc2
d39 1bb1 1bd1 d59 ce2 ce1
d3a d3b 1bb3 1bb2 ce3 cc3
d3a 1bb2 1bd2 d5a ce3 ce2
d3b d3c 1bb4 1bb3 ce4 cc4
d3b 1bb3 1bd3 d5b ce4 ce3
d3c d3d 1bb5 1bb4 ce5 cc5
d3c 1bb4 1bd4 d5c ce5 ce4
d3d d3e 1bb6 1bb5 ce6 cc6
d3d 1bb5 1bd5 d5d ce6 ce5
d3e d3f 1bb7 1bb6 ce7 cc7
d3e 1bb6 1bd6 d5e ce7 ce6
d3f d40 1bb8 1bb7 ce8 cc8
d3f 1bb7 1bd7 d5f ce8 ce7
d40 d41 1bb9 1bb8 ce9 cc9
d40 1bb8 1bd8 d60 ce9 ce8
d41 d42 1bba 1bb9 cea cca
d41 1bb9 1bd9 d61 cea ce9
d42 d43 1bbb 1bba ceb ccb
d42 1bba 1bda d62 ceb cea
d43 d44 1bbc 1bbb cec ccc
d43 1bbb 1bdb d63 cec ceb
d44 d45 1bbd 1bbc ced ccd
d44 1bbc 1bdc d64 ced cec
d45 d46 1bbe 1bbd cee cce
d45 1bbd 1bdd d65 cee ced
d46 d47 1bbf 1bbe cef ccf
d46 1bbe 1bde d66 cef cee
d47 d48 1bc0 1bbf cf0 cd0
d47 1bbf 1bdf d67 cf0 cef
d48 d49 1bc1 1bc0 cf1 cd1
d48 1bc0 1be0 d68 cf1 cf0
d49 d4a 1bc2 1bc1 cf2 cd2
d49 1bc1 1be1 d69 cf2 cf1
d4a d4b 1bc3 1bc2 cf3 cd3
d4a 1bc2 1be2 d6a cf3 cf2
d4b d4c 1bc4 1bc3 cf4 cd4
d4b 1bc3 1be3 d6b cf4 cf3
d4c d4d 1bc5 1bc4 cf5 cd5
d4c 1bc4 1be4 d6c cf5 cf4
d4d d4e 1bc6 1bc5 cf6 cd6
d4d 1bc5 1be5 d6d cf6 cf5
d4e d4f 1bc7 1bc6 cf7 cd7
d4e 1bc6 1be6 d6e cf7 cf6
d4f d50 1bc8 1bc7 cf8 cd8
d4f 1bc7 1be7 d6f cf8 cf7
d50 d51 1bc9 1bc8 cf9 cd9
d50 1bc8 1be8 d70 cf9 cf8
d51 d52 1bca 1bc9 cfa cda
d51 1bc9 1be9 d71 cfa cf9
d52 d53 1bcb 1bca cfb cdb
d52 1bca 1bea d72 cfb cfa
d53 d54 1bcc 1bcb cfc cdc
d53 1bcb 1beb d73 cfc cfb
d54 d55 1bcd 1bcc cfd cdd
d54 1bcc 1bec d74 cfd cfc
d55 d56 1bce 1bcd cfe cde
d55 1bcd 1bed d75 cfe cfd
d56 d57 1bcf 1bce cff cdf
d56 1bce 1bee d76 cff cfe
d57 d58 1bd0 1bcf d00 ce0
d57 1bcf 1bef d77 d00 cff
d59 d5a 1bd2 1bd1 d02 ce2
d59 1bd1 1bf1 d79 d02 d01
d5a d5b 1bd3 1bd2 d03 ce3
d5a 1bd2 1bf2 d7a d03 d02
d5b d5c 1bd4 1bd3 d04 ce4
d5b 1bd3 1bf3 d7b d04 d03
d5c d5d 1bd5 1bd4 d05 ce5
d5c 1bd4 1bf4 d7c d05 d04
d5d d5e 1bd6 1bd5 d06 ce6
d5d 1bd5 1bf5 d7d d06 d05
d5e d5f 1bd7 1bd6 d07 ce7
d5e 1bd6 1bf6 d7e d07 d06
d5f d60 1bd8 1bd7 d08 ce8
d5f 1bd7 1bf7 d7f d08 d07
d60 d61 1bd9 1bd8 d09 ce9
d60 1bd8 1bf8 d80 d09 d08
d61 d62 1bda 1bd9 d0a cea
d61 1bd9 1bf9 d81 d0a d09
d62 d63 1bdb 1bda d0b ceb
d62 1bda 1bfa d82 d0b d0a
d63 d64 1bdc 1bdb d0c cec
d63 1bdb 1bfb d83 d0c d0b
d64 d65 1bdd 1bdc d0d ced
d64 1bdc 1bfc d84 d0d d0c
d65 d66 1bde 1bdd d0e cee
d65 1bdd 1bfd d85 d0e d0d
d66 d67 1bdf 1bde d0f cef
d66 1bde 1bfe d86 d0f d0e
d67 d68 1be0 1bdf d10 cf0
d67 1bdf 1bff d87 d10 d0f
d68 d69 1be1 1be0 d11 cf1
d68 1be0 1c00 d88 d11 d10
d69 d6a 1be2 1be1 d12 cf2
d69 1be1 1c01 d89 d12 d11
d6a d6b 1be3 1be2 d13 cf3
d6a 1be2 1c02 d8a d13 d12
d6b d6c 1be4 1be3 d14 cf4
d6b 1be3 1c03 d8b d14 d13
d6c d6d 1be5 1be4 d15 cf5
d6c 1be4 1c04 d8c d15 d14
d6d d6e 1be6 1be5 d16 cf6
d6d 1be5 1c05 d8d d16 d15
d6e d6f 1be7 1be6 d17 cf7
d6e 1be6 1c06 d8e d17 d16
d6f d70 1be8 1be7 d18 cf8
d6f 1be7 1c07 d8f d18 d17
d70 d71 1be9 1be8 d19 cf9
d70 1be8 1c08 d90 d19 d18
d71 d72 1bea 1be9 d1a cfa
d71 1be9 1c09 d91 d1a d19
d72 d73 1beb 1bea d1b cfb
d72 1bea 1c0a d92 d1b d1a
d73 d74 1bec 1beb d1c cfc
d73 1beb 1c0b d93 d1c d1b
d74 d75 1bed 1bec d1d cfd
d74 1bec 1c0c d94 d1d d1c
d75 d76 1bee 1bed d1e cfe
d75 1bed 1c0d d95 d1e d1d
d76 d77 1bef 1bee d1f cff
d76 1bee 1c0e d96 d1f d1e
d77 d78 1bf0 1bef d20 d00
d77 1bef 1c0f d97 d20 d1f
d79 d7a 1bf2 1bf1 d22 d02
d79 1bf1 1c11 d99 d22 d21
d7a d7b 1bf3 1bf2 d23 d03
d7a 1bf2 1c12 d9a d23 d22
d7b d7c 1bf4 1bf3 d24 d04
d7b 1bf3 1c13 d9b d24 d23
d7c d7d 1bf5 1bf4 d25 d05
d7c 1bf4 1c14 d9c d25 d24
d7d d7e 1bf6 1bf5 d26 d06
d7d 1bf5 1c15 d9d d26 d25
d7e d7f 1bf7 1bf6 d27 d07
d7e 1bf6 1c16 d9e d27 d26
d7f d80 1bf8 1bf7 d28 d08
d7f 1bf7 1c17 d9f d28 d27
d80 d81 1bf9 1bf8 d29 d09
d80 1bf8 1c18 da0 d29 d28
d81 d82 1bfa 1bf9 d2a d0a
d81 1bf9 1c19 da1 d2a d29
d82 d83 1bfb 1bfa d2b d0b
d82 1bfa 1c1a da2 d2b d2a
d83 d84 1bfc 1bfb d2c d0c
d83 1bfb 1c1b da3 d2c d2b
d84 d85 1bfd 1bfc d2d d0d
d84 1bfc 1c1c da4 d2d d2c
d85 d86 1bfe 1bfd d2e d0e
d85 1bfd 1c1d da5 d2e d2d
d86 d87 1bff 1bfe d2f d0f
d86 1bfe 1c1e da6 d2f d2e
d87 d88 1c00 1bff d30 d10
d87 1bff 1c1f da7 d30 d2f
d88 d89 1c01 1c00 d31 d11
d88 1c00 1c20 da8 d31 d30
d89 d8a 1c02 1c01 d32 d12
d89 1c01 1c21 da9 d32 d31
d8a d8b 1c03 1c02 d33 d13
d8a 1c02 1c22 daa d33 d32
d8b d8c 1c04 1c03 d34 d14
d8b 1c03 1c23 dab d34 d33
d8c d8d 1c05 1c04 d35 d15
d8c 1c04 1c24 dac d35 d34
d8d d8e 1c06 1c05 d36 d16
d8d 1c05 1c25 dad d36 d35
d8e d8f 1c07 1c06 d37 d17
d8e 1c06 1c26 dae d37 d36
d8f d90 1c08 1c07 d38 d18
d8f 1c07 1c27 daf d38 d37
d90 d91 1c09 1c08 d39 d19
d90 1c08 1c28 db0 d39 d38
d91 d92 1c0a 1c09 d3a d1a
d91 1c09 1c29 db1 d3a d39
d92 d93 1c0b 1c0a d3b d1b
d92 1c0a 1c2a db2 d3b d3a
d93 d94 1c0c 1c0b d3c d1c
d93 1c0b 1c2b db3 d3c d3b
d94 d95 1c0d 1c0c d3d d1d
d94 1c0c 1c2c db4 d3d d3c
d95 d96 1c0e 1c0d d3e d1e
d95 1c0d 1c2d db5 d3e d3d
d96 d97 1c0f 1c0e d3f d1f
d96 1c0e 1c2e db6 d3f d3e
d97 d98 1c10 1c0f d40 d20
d97 1c0f 1c2f db7 d40 d3f
d99 d9a 1c12 1c11 d42 d22
d99 1c11 1c31 db9 d42 d41
d9a d9b 1c13 1c12 d43 d23
d9a 1c12 1c32 dba d43 d42
d9b d9c 1c14 1c13 d44 d24
d9b 1c13 1c33 dbb d44 d43
d9c d9d 1c15 1c14 d45 d25
d9c 1c14 1c34 dbc d45 d44
d9d d9e 1c16 1c15 d46 d26
d9d 1c15 1c35 dbd d46 d45
d9e d9f 1c17 1c16 d47 d27
d9e 1c16 1c36 dbe d47 d46
d9f da0 1c18 1c17 d48 d28
d9f 1c17 1c37 dbf d48 d47
da0 da1 1c19 1c18 d49 d29
da0 1c18 1c38 dc0 d49 d48
da1 da2 1c1a 1c19 d4a d2a
da1 1c19 1c39 dc1 d4a d49
da2 da3 1c1b 1c1a d4b d2b
da2 1c1a 1c3a dc2 d4b d4a
da3 da4 1c1c 1c1b d4c d2c
da3 1c1b 1c3b dc3 d4c d4b
da4 da5 1c1d 1c1c d4d d2d
da4 1c1c 1c3c dc4 d4d d4c
da5 da6 1c1e 1c1d d4e d2e
da5 1c1d 1c3d dc5 d4e d4d
da6 da7 1c1f 1c1e d4f d2f
da6 1c1e 1c3e dc6 d4f d4e
da7 da8 1c20 1c1f d50 d30
da7 1c1f 1c3f dc7 d50 d4f
da8 da9 1c21 1c20 d51 d31
da8 1c20 1c40 dc8 d51 d50
da9 daa 1c22 1c21 d52 d32
da9 1c21 1c41 dc9 d52 d51
daa dab 1c23 1c22 d53 d33
daa 1c22 1c42 dca d53 d52
dab dac 1c24 1c23 d54 d34
dab 1c23 1c43 dcb d54 d53
dac dad 1c25 1c24 d55 d35
dac 1c24 1c44 dcc d55 d54
dad dae 1c26 1c25 d56 d36
dad 1c25 1c45 dcd d56 d55
dae daf 1c27 1c26 d57 d37
dae 1c26 1c46 dce d57 d56
daf db0 1c28 1c27 d58 d38
daf 1c27 1c47 dcf d58 d57
db0 db1 1c29 1c28 d59 d39
db0 1c28 1c48 dd0 d59 d58
db1 db2 1c2a 1c29 d5a d3a
db1 1c29 1c49 dd1 d5a d59
db2 db3 1c2b 1c2a d5b d3b
db2 1c2a 1c4a dd2 d5b d5a
db3 db4 1c2c 1c2b d5c d3c
db3 1c2b 1c4b dd3 d5c d5b
db4 db5 1c2d 1c2c d5d d3d
db4 1c2c 1c4c dd4 d5d d5c
db5 db6 1c2e 1c2d d5e d3e
db5 1c2d 1c4d dd5 d5e d5d
db6 db7 1c2f 1c2e d5f d3f
db6 1c2e 1c4e dd6 d5f d5e
db7 db8 1c30 1c2f d60 d40
db7 1c2f 1c4f dd7 d60 d5f
db9 dba 1c32 1c31 d62 d42
db9 1c31 1c51 dd9 d62 d61
dba dbb 1c33 1c32 d63 d43
dba 1c32 1c52 dda d63 d62
dbb dbc 1c34 1c33 d64 d44
dbb 1c33 1c53 ddb d64 d63
dbc dbd 1c35 1c34 d65 d45
dbc 1c34 1c54 ddc d65 d64
dbd dbe 1c36 1c35 d66 d46
dbd 1c35 1c55 ddd d66 d65
dbe dbf 1c37 1c36 d67 d47
dbe 1c36 1c56 dde d67 d66
dbf dc0 1c38 1c37 d68 d48
dbf 1c37 1c57 ddf d68 d67
dc0 dc1 1c39 1c38 d69 d49
dc0 1c38 1c58 de0 d69 d68
dc1 dc2 1c3a 1c39 d6a d4a
dc1 1c39 1c59 de1 d6a d69
dc2 dc3 1c3b 1c3a d6b d4b
dc2 1c3a 1c5a de2 d6b d6a
dc3 dc4 1c3c 1c3b d6c d4c
dc3 1c3b 1c5b de3 d6c d6b
dc4 dc5 1c3d 1c3c d6d d4d
dc4 1c3c 1c5c de4 d6d d6c
dc5 dc6 1c3e 1c3d d6e d4e
dc5 1c3d 1c5d de5 d6e d6d
dc6 dc7 1c3f 1c3e d6f d4f
dc6 1c3e 1c5e de6 d6f d6e
dc7 dc8 1c40 1c3f d70 d50
dc7 1c3f 1c5f de7 d70 d6f
dc8 dc9 1c41 1c40 d71 d51
dc8 1c40 1c60 de8 d71 d70
dc9 dca 1c42 1c41 d72 d52
dc9 1c41 1c61 de9 d72 d71
dca dcb 1c43 1c42 d73 d53
dca 1c42 1c62 dea d73 d72
dcb dcc 1c44 1c43 d74 d54
dcb 1c43 1c63 deb d74 d73
dcc dcd 1c45 1c44 d75 d55
dcc 1c44 1c64 dec d75 d74
dcd dce 1c46 1c45 d76 d56
dcd 1c45 1c65 ded d76 d75
dce dcf 1c47 1c46 d77 d57
dce 1c46 1c66 dee d77 d76
dcf dd0 1c48 1c47 d78 d58
dcf 1c47 1c67 def d78 d77
dd0 dd1 1c49 1c48 d79 d59
dd0 1c48 1c68 df0 d79 d78
dd1 dd2 1c4a 1c49 d7a d5a
dd1 1c49 1c69 df1 d7a d79
dd2 dd3 1c4b 1c4a d7b d5b
dd2 1c4a 1c6a df2 d7b d7a
dd3 dd4 1c4c 1c4b d7c d5c
dd3 1c4b 1c6b df3 d7c d7b
dd4 dd5 1c4d 1c4c d7d d5d
dd4 1c4c 1c6c df4 d7d d7c
dd5 dd6 1c4e 1c4d d7e d5e
dd5 1c4d 1c6d df5 d7e d7d
dd6 dd7 1c4f 1c4e d7f d5f
dd6 1c4e 1c6e df6 d7f d7e
dd7 dd8 1c50 1c4f d80 d60
dd7 1c4f 1c6f df7 d80 d7f
dd9 dda 1c52 1c51 d82 d62
dd9 1c51 1c71 df9 d82 d81
dda ddb 1c53 1c52 d83 d63
dda 1c52 1c72 dfa d83 d82
ddb ddc 1c54 1c53 d84 d64
ddb 1c53 1c73 dfb d84 d83
ddc ddd 1c55 1c54 d85 d65
ddc 1c54 1c74 dfc d85 d84
ddd dde 1c56 1c55 d86 d66
ddd 1c55 1c75 dfd d86 d85
dde ddf 1c57 1c56 d87 d67
dde 1c56 1c76 dfe d87 d86
ddf de0 1c58 1c57 d88 d68
ddf 1c57 1c77 dff d88 d87
de0 de1 1c59 1c58 d89 d69
de0 1c58 1c78 e00 d89 d88
de1 de2 1c5a 1c59 d8a d6a
de1 1c59 1c79 e01 d8a d89
de2 de3 1c5b 1c5a d8b d6b
de2 1c5a 1c7a e02 d8b d8a
de3 de4 1c5c 1c5b d8c d6c
de3 1c5b 1c7b e03 d8c d8b
de4 de5 1c5d 1c5c d8d d6d
de4 1c5c 1c7c e04 d8d d8c
de5 de6 1c5e 1c5d d8e d6e
de5 1c5d 1c7d e05 d8e d8d
de6 de7 1c5f 1c5e d8f d6f
de6 1c5e 1c7e e06 d8f d8e
de7 de8 1c60 1c5f d90 d70
de7 1c5f 1c7f e07 d90 d8f
de8 de9 1c61 1c60 d91 d71
de8 1c60 1c80 e08 d91 d90
de9 dea 1c62 1c61 d92 d72
de9 1c61 1c81 e09 d92 d91
dea deb 1c63 1c62 d93 d73
dea 1c62 1c82 e0a d93 d92
deb dec 1c64 1c63 d94 d74
deb 1c63 1c83 e0b d94 d93
dec ded 1c65 1c64 d95 d75
dec 1c64 1c84 e0c d95 d94
ded dee 1c66 1c65 d96 d76
ded 1c65 1c85 e0d d96 d95
dee def 1c67 1c66 d97 d77
dee 1c66 1c86 e0e d97 d96
def df0 1c68 1c67 d98 d78
def 1c67 1c87 e0f d98 d97
df0 df1 1c69 1c68 d99 d79
df0 1c68 1c88 e10 d99 d98
df1 df2 1c6a 1c69 d9a d7a
df1 1c69 1c89 e11 d9a d99
df2 df3 1c6b 1c6a d9b d7b
df2 1c6a 1c8a e12 d9b d9a
df3 df4 1c6c 1c6b d9c d7c
df3 1c6b 1c8b e13 d9c d9b
df4 df5 1c6d 1c6c d9d d7d
df4 1c6c 1c8c e14 d9d d9c
df5 df6 1c6e 1c6d d9e d7e
df5 1c6d 1c8d e15 d9e d9d
df6 df7 1c6f 1c6e d9f d7f
df6 1c6e 1c8e e16 d9f d9e
df7 df8 1c70 1c6f da0 d80
df7 1c6f 1c8f e17 da0 d9f
df9 dfa 1c72 1c71 da2 d82
df9 1c71 1c91 e19 da2 da1
dfa dfb 1c73 1c72 da3 d83
dfa 1c72 1c92 e1a da3 da2
dfb dfc 1c74 1c73 da4 d84
dfb 1c73 1c93 e1b da4 da3
dfc dfd 1c75 1c74 da5 d85
dfc 1c74 1c94 e1c da5 da4
dfd dfe 1c76 1c75 da6 d86
dfd 1c75 1c95 e1d da6 da5
dfe dff 1c77 1c76 da7 d87
dfe 1c76 1c96 e1e da7 da6
dff e00 1c78 1c77 da8 d88
dff 1c77 1c97 e1f da8 da7
e00 e01 1c79 1c78 da9 d89
e00 1c78 1c98 e20 da9 da8
e01 e02 1c7a 1c79 daa d8a
e01 1c79 1c99 e21 daa da9
e02 e03 1c7b 1c7a dab d8b
e02 1c7a 1c9a e22 dab daa
e03 e04 1c7c 1c7b dac d8c
e03 1c7b 1c9b e23 dac dab
e04 e05 1c7d 1c7c dad d8d
e04 1c7c 1c9c e24 dad dac
e05 e06 1c7e 1c7d dae d8e
e05 1c7d 1c9d e25 dae dad
e06 e07 1c7f 1c7e daf d8f
e06 1c7e 1c9e e26 daf dae
e07 e08 1c80 1c7f db0 d90
e07 1c7f 1c9f e27 db0 daf
e08 e09 1c81 1c80 db1 d91
e08 1c80 1ca0 e28 db1 db0
e09 e0a 1c82 1c81 db2 d92
e09 1c81 1ca1 e29 db2 db1
e0a e0b 1c83 1c82 db3 d93
e0a 1c82 1ca2 e2a db3 db2
e0b e0c 1c84 1c83 db4 d94
e0b 1c83 1ca3 e2b db4 db3
e0c e0d 1c85 1c84 db5 d95
e0c 1c84 1ca4 e2c db5 db4
e0d e0e 1c86 1c85 db6 d96
e0d 1c85 1ca5 e2d db6 db5
e0e e0f 1c87 1c86 db7 d97
e0e 1c86 1ca6 e2e db7 db6
e0f e10 1c88 1c87 db8 d98
e0f 1c87 1ca7 e2f db8 db7
e10 e11 1c89 1c88 db9 d99
e10 1c88 1ca8 e30 db9 db8
e11 e12 1c8a 1c89 dba d9a
e11 1c89 1ca9 e31 dba db9
e12 e13 1c8b 1c8a dbb d9b
e12 1c8a 1caa e32 dbb dba
e13 e14 1c8c 1c8b dbc d9c
e13 1c8b 1cab e33 dbc dbb
e14 e15 1c8d 1c8c dbd d9d
e14 1c8c 1cac e34 dbd dbc
e15 e16 1c8e 1c8d dbe d9e
e15 1c8d 1cad e35 dbe dbd
e16 e17 1c8f 1c8e dbf d9f
e16 1c8e 1cae e36 dbf dbe
e17 e18 1c90 1c8f dc0 da0
e17 1c8f 1caf e37 dc0 dbf
e19 e1a 1c92 1c91 dc2 da2
e19 1c91 1cb1 e39 dc2 dc1
e1a e1b 1c93 1c92 dc3 da3
e1a 1c92 1cb2 e3a dc3 dc2
e1b e1c 1c94 1c93 dc4 da4
e1b 1c93 1cb3 e3b dc4 dc3
e1c e1d 1c95 1c94 dc5 da5
e1c 1c94 1cb4 e3c dc5 dc4
e1d e1e 1c96 1c95 dc6 da6
e1d 1c95 1cb5 e3d dc6 dc5
e1e e1f 1c97 1c96 dc7 da7
e1e 1c96 1cb6 e3e dc7 dc6
e1f e20 1c98 1c97 dc8 da8
e1f 1c97 1cb7 e3f dc8 dc7
e20 e21 1c99 1c98 dc9 da9
e20 1c98 1cb8 e40 dc9 dc8
e21 e22 1c9a 1c99 dca daa
e21 1c99 1cb9 e41 dca dc9
e22 e23 1c9b 1c9a dcb dab
e22 1c9a 1cba e42 dcb dca
e23 e24 1c9c 1c9b dcc dac
e23 1c9b 1cbb e43 dcc dcb
e24 e25 1c9d 1c9c dcd dad
e24 1c9c 1cbc e44 dcd dcc
e25 e26 1c9e 1c9d dce dae
e25 1c9d 1cbd e45 dce dcd
e26 e27 1c9f 1c9e dcf daf
e26 1c9e 1cbe e46 dcf dce
e27 e28 1ca0 1c9f dd0 db0
e27 1c9f 1cbf e47 dd0 dcf
e28 e29 1ca1 1ca0 dd1 db1
e28 1ca0 1cc0 e48 dd1 dd0
e29 e2a 1ca2 1ca1 dd2 db2
e29 1ca1 1cc1 e49 dd2 dd1
e2a e2b 1ca3 1ca2 dd3 db3
e2a 1ca2 1cc2 e4a dd3 dd2
e2b e2c 1ca4 1ca3 dd4 db4
e2b 1ca3 1cc3 e4b dd4 dd3
e2c e2d 1ca5 1ca4 dd5 db5
e2c 1ca4 1cc4 e4c dd5 dd4
e2d e2e 1ca6 1ca5 dd6 db6
e2d 1ca5 1cc5 e4d dd6 dd5
e2e e2f 1ca7 1ca6 dd7 db7
e2e 1ca6 1cc6 e4e dd7 dd6
e2f e30 1ca8 1ca7 dd8 db8
e2f 1ca7 1cc7 e4f dd8 dd7
e30 e31 1ca9 1ca8 dd9 db9
e30 1ca8 1cc8 e50 dd9 dd8
e31 e32 1caa 1ca9 dda dba
e31 1ca9 1cc9 e51 dda dd9
e32 e33 1cab 1caa ddb dbb
e32 1caa 1cca e52 ddb dda
e33 e34 1cac 1cab ddc dbc
e33 1cab 1ccb e53 ddc ddb
e34 e35 1cad 1cac ddd dbd
e34 1cac 1ccc e54 ddd ddc
e35 e36 1cae 1cad dde dbe
e35 1cad 1ccd e55 dde ddd
e36 e37 1caf 1cae ddf dbf
e36 1cae 1cce e56 ddf dde
e37 e38 1cb0 1caf de0 dc0
e37 1caf 1ccf e57 de0 ddf
e39 e3a 1cb2 1cb1 de2 dc2
e39 1cb1 1cd1 e59 de2 de1
e3a e3b 1cb3 1cb2 de3 dc3
e3a 1cb2 1cd2 e5a de3 de2
e3b e3c 1cb4 1cb3 de4 dc4
e3b 1cb3 1cd3 e5b de4 de3
e3c e3d 1cb5 1cb4 de5 dc5
e3c 1cb4 1cd4 e5c de5 de4
e3d e3e 1cb6 1cb5 de6 dc6
e3d 1cb5 1cd5 e5d de6 de5
e3e e3f 1cb7 1cb6 de7 dc7
e3e 1cb6 1cd6 e5e de7 de6
e3f e40 1cb8 1cb7 de8 dc8
e3f 1cb7 1cd7 e5f de8 de7
e40 e41 1cb9 1cb8 de9 dc9
e40 1cb8 1cd8 e60 de9 de8
e41 e42 1cba 1cb9 dea dca
e41 1cb9 1cd9 e61 dea de9
e42 e43 1cbb 1cba deb dcb
e42 1cba 1cda e62 deb dea
e43 e44 1cbc 1cbb dec dcc
e43 1cbb 1cdb e63 dec deb
e44 e45 1cbd 1cbc ded dcd
e44 1cbc 1cdc e64 ded dec
e45 e46 1cbe 1cbd dee dce
e45 1cbd 1cdd e65 dee ded
e46 e47 1cbf 1cbe def dcf
e46 1cbe 1cde e66 def dee
e47 e48 1cc0 1cbf df0 dd0
e47 1cbf 1cdf e67 df0 def
e48 e49 1cc1 1cc0 df1 dd1
e48 1cc0 1ce0 e68 df1 df0
e49 e4a 1cc2 1cc1 df2 dd2
e49 1cc1 1ce1 e69 df2 df1
e4a e4b 1cc3 1cc2 df3 dd3
e4a 1cc2 1ce2 e6a df3 df2
e4b e4c 1cc4 1cc3 df4 dd4
e4b 1cc3 1ce3 e6b df4 df3
e4c e4d 1cc5 1cc4 df5 dd5
e4c 1cc4 1ce4 e6c df5 df4
e4d e4e 1cc6 1cc5 df6 dd6
e4d 1cc5 1ce5 e6d df6 df5
e4e e4f 1cc7 1cc6 df7 dd7
e4e 1cc6 1ce6 e6e df7 df6
e4f e50 1cc8 1cc7 df8 dd8
e4f 1cc7 1ce7 e6f df8 df7
e50 e51 1cc9 1cc8 df9 dd9
e50 1cc8 1ce8 e70 df9 df8
e51 e52 1cca 1cc9 dfa dda
e51 1cc9 1ce9 e71 dfa df9
e52 e53 1ccb 1cca dfb ddb
e52 1cca 1cea e72 dfb dfa
e53 e54 1ccc 1ccb dfc ddc
e53 1ccb 1ceb e73 dfc dfb
e54 e55 1ccd 1ccc dfd ddd
e54 1ccc 1cec e74 dfd dfc
e55 e56 1cce 1ccd dfe dde
e55 1ccd 1ced e75 dfe dfd
e56 e57 1ccf 1cce dff ddf
e56 1cce 1cee e76 dff dfe
e57 e58 1cd0 1ccf e00 de0
e57 1ccf 1cef e77 e00 dff
))
(0 "Cells:")
(12 (0 1 e00 0))
(12 (7 1 e00 1 4))
(0 "Zones:")
(39 (1 symmetry QUAD_bdy____1)())
(39 (2 symmetry QUAD_bdy____2)())
(39 (3 pressure-far-field QUAD_bdy____3)())
(39 (4 pressure-far-field QUAD_bdy____4)())
(39 (5 wall QUAD_bdy____5)())
(39 (6 pressure-far-field QUAD_bdy____6)())
(39 (7 fluid Zone)())
(39 (10 interior interior-Zone)())
