/*--------------------------------*- C++ -*----------------------------------*\
  =========                 |
  \\      /  F ield         | OpenFOAM: The Open Source CFD Toolbox
   \\    /   O peration     | Website:  https://openfoam.org
    \\  /    A nd           | Version:  14
     \\/     M anipulation  |
\*---------------------------------------------------------------------------*/
FoamFile
{
    format      ascii;
    class       volVectorField::Internal;
    location    "1.4";
    object      cloud:UTrans;
}
// * * * * * * * * * * * * * * * * * * * * * * * * * * * * * * * * * * * * * //

dimensions      [1 1 -1 0 0 0 0];

value           nonuniform List<vector> 
30819
(
(0 0 0)
(0 0 0)
(0 0 0)
(0 0 0)
(0 0 0)
(0 0 0)
(0 0 0)
(0 0 0)
(0 0 0)
(0 0 0)
(0 0 0)
(0 0 0)
(0 0 0)
(0 0 0)
(0 0 0)
(0 0 0)
(0 0 0)
(0 0 0)
(0 0 0)
(0 0 0)
(0 0 0)
(0 0 0)
(0 0 0)
(0 0 0)
(0 0 0)
(0 0 0)
(0 0 0)
(0 0 0)
(0 0 0)
(0 0 0)
(0 0 0)
(0 0 0)
(0 0 0)
(0 0 0)
(0 0 0)
(0 0 0)
(0 0 0)
(0 0 0)
(0 0 0)
(0 0 0)
(0 0 0)
(0 0 0)
(0 0 0)
(0 0 0)
(0 0 0)
(0 0 0)
(0 0 0)
(0 0 0)
(0 0 0)
(0 0 0)
(0 0 0)
(0 0 0)
(0 0 0)
(0 0 0)
(0 0 0)
(0 0 0)
(0 0 0)
(0 0 0)
(0 0 0)
(0 0 0)
(0 0 0)
(0 0 0)
(0 0 0)
(0 0 0)
(0 0 0)
(0 0 0)
(0 0 0)
(7.524344636744643e-06 -2.038814522369976e-06 -6.718127840826713e-06)
(-6.508826001548623e-06 3.720822249752163e-06 2.45884505131308e-06)
(-2.338520562420238e-06 2.577003514037249e-06 -2.482459189965926e-06)
(2.178450530621175e-06 3.097453403206879e-08 2.954913604734956e-06)
(-1.227178935738056e-06 1.750578208058072e-06 -4.029639342926196e-09)
(1.391807917964393e-05 2.155282639076736e-06 -5.825422590398392e-06)
(-3.015023677547644e-06 5.536057638252904e-06 2.568906125275508e-06)
(0 0 0)
(0 0 0)
(0 0 0)
(0 0 0)
(0 0 0)
(0 0 0)
(0 0 0)
(0 0 0)
(0 0 0)
(0 0 0)
(0 0 0)
(0 0 0)
(0 0 0)
(0 0 0)
(0 0 0)
(0 0 0)
(0 0 0)
(0 0 0)
(0 0 0)
(0 0 0)
(1.162639586619368e-05 -1.467037517659589e-05 -1.719007523372011e-05)
(-2.457589444750131e-06 -2.41501375090668e-06 9.581372591788934e-07)
(-1.023744329183311e-05 1.03509495270826e-05 4.970124760484646e-06)
(-5.995912161569881e-06 5.832530340286031e-06 7.368780604404913e-06)
(0 0 0)
(0 0 0)
(0 0 0)
(0 0 0)
(-1.060885342160598e-05 1.184259451192695e-05 1.231739580857773e-05)
(0 0 0)
(0 0 0)
(0 0 0)
(0 0 0)
(0 0 0)
(0 0 0)
(0 0 0)
(0 0 0)
(0 0 0)
(0 0 0)
(0 0 0)
(7.305761918391751e-06 -1.205875387472558e-06 -1.926219064602556e-06)
(6.735634606338846e-06 -1.286236219824125e-05 -6.798956475998291e-06)
(-4.481388751636597e-06 -7.292531316786887e-06 -3.172680513183144e-06)
(0 0 0)
(0 0 0)
(0 0 0)
(0 0 0)
(0 0 0)
(0 0 0)
(0 0 0)
(0 0 0)
(0 0 0)
(0 0 0)
(0 0 0)
(0 0 0)
(0 0 0)
(0 0 0)
(0 0 0)
(0 0 0)
(4.378622142886014e-08 5.602904284186667e-07 7.975665713569056e-08)
(1.85997022128011e-06 -7.715881780990333e-06 -1.21604460269019e-05)
(1.228649065245974e-06 -1.6303637878342e-06 -2.497080957269332e-06)
(4.944838022873224e-06 -1.097263159412539e-06 -3.075250542813837e-06)
(0 0 0)
(0 0 0)
(0 0 0)
(0 0 0)
(0 0 0)
(0 0 0)
(0 0 0)
(0 0 0)
(0 0 0)
(0 0 0)
(0 0 0)
(0 0 0)
(0 0 0)
(0 0 0)
(0 0 0)
(0 0 0)
(3.631793806652931e-06 8.245365842322623e-07 -2.400060693786332e-06)
(-1.662368089267198e-05 5.238739274423918e-06 1.606125411900777e-05)
(-1.004496650628458e-05 8.091275769247734e-07 3.367678180243131e-06)
(-1.756812147057057e-05 4.475588366022144e-06 8.769599285736373e-06)
(2.704306044105569e-05 -1.073100215369713e-05 -1.853286602748396e-05)
(7.484929980987324e-06 -2.927326900397847e-06 -5.703437259832684e-06)
(3.236822929453936e-06 3.593570282577083e-07 6.003491579528845e-07)
(4.298382017006311e-05 -1.587870636680692e-05 -3.311744302022004e-05)
(-6.9250296598572e-06 3.075044944436878e-06 8.419007550701931e-07)
(-4.374213046801546e-06 3.084000310360553e-06 -3.408023514449606e-06)
(-4.683549966884619e-06 1.935323872524774e-06 -3.753466674146278e-07)
(-1.223884271506471e-06 2.947708644635299e-06 1.253943835248174e-06)
(4.222748569549683e-06 -8.857642321850356e-06 -5.950184571025296e-06)
(7.17696232939979e-07 -4.776676429986918e-07 -3.718425465687158e-06)
(-2.439655008701553e-06 5.273836153089793e-06 -7.784142281080098e-07)
(9.2793286150037e-06 6.14524061441893e-06 -6.074191027802373e-06)
(9.296829646162013e-07 7.71126225032064e-06 2.113939054526004e-06)
(1.753285084535998e-05 -9.235367726755939e-06 -2.028580313156067e-05)
(-1.729222799890242e-06 4.989091129775314e-06 -5.108102991461299e-06)
(5.740248052027011e-06 -7.49997434801231e-06 -3.831663660529834e-06)
(-3.30306317811319e-05 1.982699008300093e-05 1.428540716241985e-05)
(0 0 0)
(0 0 0)
(0 0 0)
(0 0 0)
(0 0 0)
(0 0 0)
(0 0 0)
(0 0 0)
(0 0 0)
(0 0 0)
(0 0 0)
(0 0 0)
(0 0 0)
(0 0 0)
(0 0 0)
(1.772250052859427e-06 3.149632955443093e-07 -1.291010401547118e-06)
(3.120917223576596e-06 -1.125161945560229e-06 -2.243719225982384e-06)
(-8.029780894507797e-07 -1.312725751415947e-06 -1.565364808583317e-06)
(1.890505421919957e-06 2.321478074084498e-06 1.756678190365605e-07)
(1.427118637902571e-05 -7.530992145397625e-06 -1.137988391883408e-05)
(-8.950305659480045e-06 -3.999056367042848e-06 5.744875330340172e-06)
(3.084723235422487e-05 -2.284219846860322e-05 -3.924386770436293e-05)
(3.530638615105538e-05 -3.364273977938744e-05 -3.126096249498989e-05)
(0 0 0)
(0 0 0)
(0 0 0)
(0 0 0)
(0 0 0)
(0 0 0)
(0 0 0)
(0 0 0)
(0 0 0)
(0 0 0)
(0 0 0)
(0 0 0)
(0 0 0)
(0 0 0)
(0 0 0)
(0 0 0)
(0 0 0)
(0 0 0)
(0 0 0)
(0 0 0)
(0 0 0)
(0 0 0)
(0 0 0)
(0 0 0)
(0 0 0)
(0 0 0)
(0 0 0)
(0 0 0)
(0 0 0)
(5.335144021504056e-06 -4.718532932277385e-06 -3.961276066286356e-06)
(1.004972896411923e-05 -2.655559858672993e-07 -1.118847904317321e-05)
(-3.615128742924818e-06 1.861396720119915e-06 3.220614317407498e-07)
(3.779438574218175e-06 -5.322305657493819e-06 -3.524315589741897e-06)
(-1.235121114289639e-06 -6.391929121225784e-06 4.182301959970696e-06)
(4.960479613636777e-06 9.047986750026003e-07 1.310427583404518e-07)
(-9.462594384775055e-06 1.324397775128907e-05 1.028875684549076e-05)
(2.198366900513666e-06 -6.031755375195571e-06 -1.119379948880977e-05)
(-7.804620479788083e-06 7.280560933500032e-06 6.996847277147968e-06)
(-7.280225565166105e-06 7.438945540638645e-06 6.894193477126658e-06)
(-6.465438111503577e-06 -9.500285445038598e-08 7.412755465094027e-06)
(0 0 0)
(0 0 0)
(0 0 0)
(0 0 0)
(6.435759012808309e-06 8.718742245402134e-06 8.575694191018273e-06)
(0 0 0)
(0 0 0)
(0 0 0)
(0 0 0)
(-1.677400042944547e-05 1.515184576738495e-05 1.501142476579095e-05)
(0 0 0)
(0 0 0)
(0 0 0)
(0 0 0)
(0 0 0)
(0 0 0)
(0 0 0)
(0 0 0)
(0 0 0)
(0 0 0)
(0 0 0)
(0 0 0)
(0 0 0)
(9.934031882436893e-07 -2.169605701900974e-07 -6.021290030221953e-06)
(0 0 0)
(0 0 0)
(8.45062417098002e-06 -3.592540402901025e-06 -4.537578249170456e-06)
(1.062163822220934e-06 -8.991775469168571e-06 -1.830689167438102e-06)
(-9.156014665397193e-06 4.704822265975828e-06 5.725075740406011e-06)
(-1.114028626595912e-05 1.695623285042933e-05 1.214074052806668e-05)
(-6.521681217685702e-06 1.280996754274546e-05 2.201195798861415e-06)
(0 0 0)
(2.124344470397356e-06 4.687321931270932e-06 -3.406863598538261e-06)
(0 0 0)
(4.280983589908579e-08 4.086596516803216e-07 -6.878332727207362e-07)
(5.257250225206234e-06 1.361783512336166e-08 -8.065752007434923e-06)
(0 0 0)
(0 0 0)
(0 0 0)
(0 0 0)
(6.493627288894627e-06 -8.395298795852261e-06 -9.633476824835401e-06)
(0 0 0)
(0 0 0)
(0 0 0)
(0 0 0)
(0 0 0)
(0 0 0)
(0 0 0)
(0 0 0)
(0 0 0)
(0 0 0)
(0 0 0)
(0 0 0)
(0 0 0)
(0 0 0)
(0 0 0)
(0 0 0)
(0 0 0)
(3.451961383806486e-06 -3.699029666385606e-06 -3.967780079818374e-06)
(0 0 0)
(0 0 0)
(0 0 0)
(0 0 0)
(0 0 0)
(0 0 0)
(0 0 0)
(0 0 0)
(0 0 0)
(0 0 0)
(0 0 0)
(0 0 0)
(0 0 0)
(0 0 0)
(0 0 0)
(0 0 0)
(0 0 0)
(0 0 0)
(0 0 0)
(0 0 0)
(0 0 0)
(0 0 0)
(3.974062151904956e-06 -2.02106092422862e-06 -5.162520605452277e-06)
(4.126512851936508e-06 -6.912092796777956e-06 -1.077053130521491e-05)
(3.569052467973051e-06 -6.406400154268469e-07 -7.610720731277644e-06)
(1.183807116127437e-06 9.957576220393195e-06 1.724553817828858e-07)
(0 0 0)
(0 0 0)
(0 0 0)
(0 0 0)
(0 0 0)
(0 0 0)
(0 0 0)
(0 0 0)
(0 0 0)
(0 0 0)
(0 0 0)
(-4.706020743973265e-06 5.241812982747245e-06 8.334428207923518e-06)
(3.858285801352781e-06 -1.554000376396553e-05 -1.094547634659153e-05)
(4.64354286779771e-07 1.335107009437384e-05 1.640087915764173e-06)
(-3.883964641826474e-06 1.569215175036972e-05 8.38716038505829e-06)
(-5.971353924138103e-06 5.175738925450253e-06 7.225616166141478e-06)
(0 0 0)
(0 0 0)
(0 0 0)
(0 0 0)
(0 0 0)
(0 0 0)
(0 0 0)
(0 0 0)
(0 0 0)
(0 0 0)
(0 0 0)
(0 0 0)
(0 0 0)
(0 0 0)
(0 0 0)
(0 0 0)
(0 0 0)
(0 0 0)
(0 0 0)
(0 0 0)
(0 0 0)
(0 0 0)
(0 0 0)
(0 0 0)
(0 0 0)
(0 0 0)
(-2.403610430322078e-06 7.659376662824592e-06 5.697754410270386e-06)
(0 0 0)
(0 0 0)
(0 0 0)
(0 0 0)
(0 0 0)
(0 0 0)
(0 0 0)
(0 0 0)
(0 0 0)
(0 0 0)
(0 0 0)
(0 0 0)
(0 0 0)
(0 0 0)
(0 0 0)
(0 0 0)
(2.825479685244515e-06 2.876076459586579e-06 7.875948489654558e-06)
(0 0 0)
(1.056285340574962e-06 -4.180115037825405e-06 -4.313904606366227e-06)
(5.17191383583545e-06 7.449864031549763e-06 1.151434846231225e-05)
(0 0 0)
(8.895649038571582e-08 2.285394169218576e-08 -1.019398895986732e-06)
(-2.359805380018929e-07 5.095230123713661e-06 4.325454764008355e-06)
(0 0 0)
(0 0 0)
(0 0 0)
(0 0 0)
(0 0 0)
(0 0 0)
(0 0 0)
(0 0 0)
(0 0 0)
(0 0 0)
(0 0 0)
(0 0 0)
(0 0 0)
(0 0 0)
(0 0 0)
(0 0 0)
(0 0 0)
(0 0 0)
(0 0 0)
(0 0 0)
(0 0 0)
(0 0 0)
(0 0 0)
(0 0 0)
(0 0 0)
(0 0 0)
(0 0 0)
(0 0 0)
(0 0 0)
(0 0 0)
(0 0 0)
(0 0 0)
(0 0 0)
(0 0 0)
(8.335928971836045e-07 -5.491769980991392e-06 -1.522424315386938e-06)
(2.816289435390409e-06 7.546018091391582e-06 1.282406096745223e-06)
(-2.410486356969544e-06 5.134591527493719e-06 5.998051752828173e-06)
(7.662122821534547e-07 -1.986280284081962e-06 -2.168738297189538e-06)
(2.027111748039457e-06 1.960704531317198e-06 -7.734100286502022e-07)
(0 0 0)
(-1.729607861679587e-06 3.352203892216036e-06 1.941661393568048e-06)
(-1.372394111829695e-06 -1.050355368096855e-07 4.879924891195419e-07)
(0 0 0)
(0 0 0)
(0 0 0)
(0 0 0)
(0 0 0)
(0 0 0)
(0 0 0)
(0 0 0)
(0 0 0)
(0 0 0)
(0 0 0)
(0 0 0)
(0 0 0)
(0 0 0)
(0 0 0)
(0 0 0)
(0 0 0)
(0 0 0)
(0 0 0)
(0 0 0)
(0 0 0)
(0 0 0)
(0 0 0)
(0 0 0)
(0 0 0)
(0 0 0)
(0 0 0)
(0 0 0)
(0 0 0)
(0 0 0)
(0 0 0)
(0 0 0)
(0 0 0)
(0 0 0)
(-2.058200059137237e-07 6.227745923749698e-06 4.101274454575795e-06)
(-2.303832651676393e-06 5.494730971440751e-06 4.448995440930282e-06)
(0 0 0)
(0 0 0)
(0 0 0)
(0 0 0)
(0 0 0)
(0 0 0)
(0 0 0)
(-2.600101085709883e-07 -1.444441489334267e-06 -1.400692468425426e-06)
(-9.131004769635012e-07 7.952125262112235e-07 4.014347124014813e-06)
(-4.238541003050747e-07 -7.112051789081122e-06 -8.160328963437965e-06)
(1.12897845987638e-06 -1.34244213295342e-06 -4.876217128880849e-07)
(-4.488825766110759e-06 1.429964563966788e-05 1.201110862408457e-05)
(0 0 0)
(0 0 0)
(0 0 0)
(0 0 0)
(0 0 0)
(0 0 0)
(0 0 0)
(0 0 0)
(0 0 0)
(0 0 0)
(0 0 0)
(0 0 0)
(0 0 0)
(0 0 0)
(0 0 0)
(0 0 0)
(0 0 0)
(0 0 0)
(0 0 0)
(0 0 0)
(0 0 0)
(0 0 0)
(0 0 0)
(0 0 0)
(0 0 0)
(0 0 0)
(0 0 0)
(0 0 0)
(0 0 0)
(0 0 0)
(0 0 0)
(0 0 0)
(0 0 0)
(0 0 0)
(0 0 0)
(0 0 0)
(0 0 0)
(0 0 0)
(0 0 0)
(0 0 0)
(0 0 0)
(0 0 0)
(0 0 0)
(0 0 0)
(0 0 0)
(0 0 0)
(0 0 0)
(0 0 0)
(0 0 0)
(0 0 0)
(0 0 0)
(0 0 0)
(0 0 0)
(0 0 0)
(0 0 0)
(0 0 0)
(0 0 0)
(0 0 0)
(0 0 0)
(0 0 0)
(0 0 0)
(0 0 0)
(0 0 0)
(0 0 0)
(0 0 0)
(0 0 0)
(0 0 0)
(0 0 0)
(0 0 0)
(0 0 0)
(0 0 0)
(0 0 0)
(0 0 0)
(0 0 0)
(0 0 0)
(2.680314116016184e-06 -2.241021303671806e-06 -1.323929823288789e-06)
(4.920726962812365e-07 -1.545844398878495e-05 -1.134155463279457e-05)
(-2.860158982122361e-06 1.465587113919201e-05 9.018386647395695e-06)
(1.405200705594294e-06 -5.749502044849937e-06 -5.922372841261659e-06)
(-3.371879777390871e-07 5.418108185407066e-06 3.32345739737188e-06)
(0 0 0)
(0 0 0)
(0 0 0)
(0 0 0)
(0 0 0)
(0 0 0)
(0 0 0)
(0 0 0)
(0 0 0)
(0 0 0)
(0 0 0)
(0 0 0)
(0 0 0)
(0 0 0)
(0 0 0)
(0 0 0)
(1.096250645934549e-06 -3.360482399550629e-06 -4.131878196440999e-06)
(0 0 0)
(0 0 0)
(0 0 0)
(0 0 0)
(0 0 0)
(0 0 0)
(0 0 0)
(0 0 0)
(0 0 0)
(0 0 0)
(0 0 0)
(0 0 0)
(0 0 0)
(0 0 0)
(0 0 0)
(0 0 0)
(0 0 0)
(0 0 0)
(3.416315840648433e-06 1.224370911723617e-06 -3.379105319040395e-06)
(1.93589522792222e-06 -1.312824930073231e-06 -3.86663035118406e-07)
(3.626037825662391e-06 -2.2636541448499e-06 -5.996179506551916e-06)
(2.700289166478663e-07 8.144572119520481e-08 -5.95193734770673e-06)
(-7.923041178696153e-08 -3.126031505884625e-06 -6.006904127899722e-06)
(-3.660839142323795e-06 1.129969003475866e-05 8.005861438542574e-06)
(9.738031609691542e-06 -1.592886737859772e-05 -1.94528743003212e-05)
(0 0 0)
(0 0 0)
(0 0 0)
(0 0 0)
(0 0 0)
(0 0 0)
(0 0 0)
(0 0 0)
(0 0 0)
(0 0 0)
(0 0 0)
(0 0 0)
(0 0 0)
(1.035872857889187e-06 1.122489809280207e-06 1.668568204813735e-06)
(3.176319827389611e-06 -3.362857619885065e-06 -3.236929543507193e-06)
(3.356607199928714e-06 -6.969515289010705e-06 -8.663998180915709e-06)
(0 0 0)
(0 0 0)
(0 0 0)
(0 0 0)
(0 0 0)
(0 0 0)
(0 0 0)
(0 0 0)
(0 0 0)
(0 0 0)
(0 0 0)
(0 0 0)
(0 0 0)
(0 0 0)
(0 0 0)
(0 0 0)
(1.43611038375246e-06 -1.849867091272732e-06 -5.09127251214327e-06)
(0 0 0)
(0 0 0)
(0 0 0)
(0 0 0)
(0 0 0)
(0 0 0)
(0 0 0)
(0 0 0)
(0 0 0)
(0 0 0)
(0 0 0)
(0 0 0)
(0 0 0)
(0 0 0)
(0 0 0)
(0 0 0)
(0 0 0)
(0 0 0)
(0 0 0)
(0 0 0)
(0 0 0)
(0 0 0)
(0 0 0)
(0 0 0)
(0 0 0)
(0 0 0)
(0 0 0)
(0 0 0)
(0 0 0)
(0 0 0)
(0 0 0)
(0 0 0)
(0 0 0)
(0 0 0)
(0 0 0)
(0 0 0)
(0 0 0)
(0 0 0)
(0 0 0)
(0 0 0)
(0 0 0)
(0 0 0)
(0 0 0)
(0 0 0)
(0 0 0)
(0 0 0)
(0 0 0)
(0 0 0)
(0 0 0)
(0 0 0)
(0 0 0)
(0 0 0)
(0 0 0)
(0 0 0)
(0 0 0)
(0 0 0)
(0 0 0)
(6.633636005341529e-06 4.036946015217222e-06 -4.142702572186483e-06)
(1.970163294079569e-06 -1.742672093460319e-07 -2.451922222249841e-06)
(2.685169378894238e-06 -1.05756710786542e-06 -3.80382757219327e-06)
(1.73285708279696e-06 -5.8517987752628e-06 -6.963065281872361e-06)
(-5.284203441728636e-06 3.483235630605679e-06 2.239525860276578e-06)
(-3.875393732124053e-06 2.374742100244163e-06 2.004973537819515e-06)
(-1.444317026570071e-05 6.834379962778495e-06 1.215459363927666e-05)
(1.318958319700589e-05 -4.584327848480012e-06 -8.1270844908278e-06)
(-1.104956971018134e-05 6.51184306536081e-06 3.653347986608077e-06)
(-5.021385093287512e-06 2.937163428562298e-06 5.31084943651682e-06)
(-2.605748739570228e-05 2.707369224115076e-05 1.961107734808032e-05)
(5.079308211639879e-07 -1.59437256739015e-06 4.701137119294395e-07)
(4.73964001894152e-06 -6.060746202749872e-06 -6.009425571707923e-06)
(8.930046784141094e-07 -1.296293297463269e-06 -5.365813048074669e-07)
(1.231821623840781e-05 -1.485884591076244e-05 -1.8056948205259e-05)
(1.594563217537109e-06 -4.778854147194067e-06 -1.720801362932565e-06)
(-1.783817413631132e-06 1.676609820019246e-06 -1.343308030776152e-06)
(-2.069700253586001e-06 4.817916170035636e-06 8.315772315756181e-06)
(-3.091969616350427e-06 4.683321348919018e-06 8.629634955924479e-06)
(0 0 0)
(8.245941575979566e-06 -2.75335601952605e-06 -4.20421416954737e-06)
(0 0 0)
(-8.468725726992145e-08 2.871055254863682e-06 4.970885774363563e-07)
(3.610218617398325e-06 -1.255422322103233e-06 -4.664316309752777e-06)
(0 0 0)
(0 0 0)
(-6.492496098504737e-07 1.347631161680622e-06 -6.136053111088391e-07)
(0 0 0)
(0 0 0)
(0 0 0)
(2.739151254565283e-06 -1.23459031771498e-06 -2.42372783671434e-06)
(0 0 0)
(0 0 0)
(0 0 0)
(0 0 0)
(0 0 0)
(0 0 0)
(-1.641756583750831e-07 4.710587668754188e-07 1.726896804796703e-07)
(0 0 0)
(0 0 0)
(-3.480175191838926e-07 9.458668298596134e-07 3.483835897494553e-07)
(0 0 0)
(0 0 0)
(0 0 0)
(-9.213457607005204e-07 -1.951589944551864e-06 -5.590677052654969e-06)
(0 0 0)
(0 0 0)
(0 0 0)
(0 0 0)
(0 0 0)
(0 0 0)
(0 0 0)
(0 0 0)
(0 0 0)
(0 0 0)
(0 0 0)
(0 0 0)
(0 0 0)
(0 0 0)
(0 0 0)
(0 0 0)
(0 0 0)
(0 0 0)
(0 0 0)
(0 0 0)
(0 0 0)
(0 0 0)
(-3.16552313669579e-06 2.003391552387991e-06 2.34867691264147e-06)
(0 0 0)
(0 0 0)
(0 0 0)
(0 0 0)
(0 0 0)
(0 0 0)
(0 0 0)
(0 0 0)
(0 0 0)
(0 0 0)
(0 0 0)
(0 0 0)
(0 0 0)
(0 0 0)
(0 0 0)
(0 0 0)
(0 0 0)
(0 0 0)
(0 0 0)
(0 0 0)
(0 0 0)
(0 0 0)
(0 0 0)
(0 0 0)
(0 0 0)
(0 0 0)
(0 0 0)
(0 0 0)
(0 0 0)
(0 0 0)
(0 0 0)
(0 0 0)
(-1.505998001121237e-05 7.368524923648747e-06 5.08953320852066e-06)
(4.530134357145484e-06 -7.992846865851658e-06 -1.216263913413123e-05)
(-2.388240467359807e-05 6.314152575985099e-06 4.089711506044278e-06)
(3.390357568623948e-05 -3.156320933571615e-06 -1.745322059060533e-05)
(1.924375421570433e-06 9.252790835235495e-06 -5.570444240677178e-06)
(1.630765189055995e-05 -5.720670891534442e-08 -5.857091822762588e-06)
(0 0 0)
(0 0 0)
(0 0 0)
(0 0 0)
(0 0 0)
(0 0 0)
(0 0 0)
(0 0 0)
(0 0 0)
(0 0 0)
(0 0 0)
(0 0 0)
(0 0 0)
(0 0 0)
(0 0 0)
(0 0 0)
(0 0 0)
(0 0 0)
(0 0 0)
(0 0 0)
(0 0 0)
(0 0 0)
(0 0 0)
(0 0 0)
(0 0 0)
(0 0 0)
(0 0 0)
(0 0 0)
(0 0 0)
(0 0 0)
(-1.045134800685529e-06 4.015031792808177e-06 3.007220303837061e-06)
(4.567640312058028e-06 -1.58755365340821e-05 -1.343603453330127e-05)
(3.179407007281837e-06 -1.162770097740863e-05 -8.913861280249507e-06)
(3.034934035503559e-06 2.602656601571835e-06 -3.078257892346967e-07)
(1.288650322505962e-05 -1.140420303137126e-05 -1.070308069400363e-05)
(-5.18230706578195e-06 2.144702479268332e-06 9.795100309629203e-07)
(-2.184611727018248e-06 4.041358740738789e-06 2.550533501783303e-06)
(1.687236155978859e-07 2.867266884917683e-06 3.10680625295304e-06)
(7.992770910664535e-06 -8.613115307698747e-06 -8.194571467646121e-06)
(2.12716170644373e-05 3.003948502128423e-06 -2.149913725231232e-05)
(-8.635780423381004e-06 4.266257015838593e-06 4.907439140109202e-06)
(7.704157083092108e-06 -1.62453644523321e-06 -1.523465218466126e-05)
(2.779096910222667e-06 -2.69519690840489e-06 -6.276680280861138e-06)
(-3.112753346875565e-06 5.955660876635622e-06 2.788118404833142e-06)
(-5.374306464223622e-06 7.854275370577216e-06 4.001088579356979e-06)
(0 0 0)
(0 0 0)
(0 0 0)
(0 0 0)
(0 0 0)
(0 0 0)
(-1.02539711316681e-06 -2.238934959894343e-07 1.490968043410819e-08)
(0 0 0)
(0 0 0)
(0 0 0)
(-5.830043214653074e-07 -1.197742050590736e-06 4.323427252667904e-07)
(0 0 0)
(0 0 0)
(0 0 0)
(0 0 0)
(0 0 0)
(0 0 0)
(0 0 0)
(0 0 0)
(0 0 0)
(0 0 0)
(0 0 0)
(0 0 0)
(0 0 0)
(0 0 0)
(0 0 0)
(0 0 0)
(0 0 0)
(0 0 0)
(0 0 0)
(0 0 0)
(0 0 0)
(0 0 0)
(0 0 0)
(0 0 0)
(0 0 0)
(0 0 0)
(0 0 0)
(0 0 0)
(0 0 0)
(0 0 0)
(0 0 0)
(0 0 0)
(0 0 0)
(1.764957235023677e-06 -1.001119964171278e-06 -3.627967337092277e-06)
(-9.184617615876335e-06 4.805550879911997e-06 6.754267959401135e-06)
(1.413526299575124e-05 -1.98298182038683e-06 -1.159063360229559e-05)
(-3.394608374602717e-07 -6.436448311123728e-07 -2.477897747621028e-06)
(0 0 0)
(0 0 0)
(0 0 0)
(0 0 0)
(0 0 0)
(0 0 0)
(5.068018278663367e-06 -1.561763272819153e-07 -3.242201381032385e-06)
(-2.817320376102592e-06 9.327388615954248e-07 -8.063587546106754e-07)
(1.429898052058828e-05 -2.219078933475054e-06 -6.676404686778421e-06)
(0 0 0)
(-6.106569957750054e-07 4.702206259671643e-07 3.46452241437171e-07)
(0 0 0)
(0 0 0)
(0 0 0)
(0 0 0)
(2.451492739010583e-06 -2.794627096168154e-06 -6.455011179778474e-06)
(0 0 0)
(0 0 0)
(0 0 0)
(0 0 0)
(0 0 0)
(0 0 0)
(0 0 0)
(0 0 0)
(0 0 0)
(0 0 0)
(0 0 0)
(0 0 0)
(0 0 0)
(0 0 0)
(0 0 0)
(0 0 0)
(0 0 0)
(0 0 0)
(0 0 0)
(0 0 0)
(0 0 0)
(0 0 0)
(0 0 0)
(0 0 0)
(0 0 0)
(0 0 0)
(0 0 0)
(0 0 0)
(0 0 0)
(0 0 0)
(0 0 0)
(0 0 0)
(0 0 0)
(0 0 0)
(0 0 0)
(0 0 0)
(0 0 0)
(0 0 0)
(0 0 0)
(0 0 0)
(0 0 0)
(0 0 0)
(0 0 0)
(0 0 0)
(0 0 0)
(0 0 0)
(0 0 0)
(0 0 0)
(0 0 0)
(0 0 0)
(0 0 0)
(0 0 0)
(0 0 0)
(0 0 0)
(0 0 0)
(0 0 0)
(0 0 0)
(0 0 0)
(0 0 0)
(0 0 0)
(0 0 0)
(0 0 0)
(0 0 0)
(0 0 0)
(0 0 0)
(0 0 0)
(0 0 0)
(0 0 0)
(0 0 0)
(0 0 0)
(1.000154768772924e-06 -7.968090428770629e-06 -1.067809042779326e-05)
(0 0 0)
(0 0 0)
(0 0 0)
(0 0 0)
(0 0 0)
(0 0 0)
(0 0 0)
(0 0 0)
(0 0 0)
(0 0 0)
(0 0 0)
(0 0 0)
(0 0 0)
(-3.634681215491443e-06 3.861575635420008e-07 3.379488235981967e-06)
(0 0 0)
(0 0 0)
(0 0 0)
(0 0 0)
(0 0 0)
(0 0 0)
(0 0 0)
(0 0 0)
(0 0 0)
(0 0 0)
(0 0 0)
(0 0 0)
(0 0 0)
(0 0 0)
(0 0 0)
(0 0 0)
(0 0 0)
(0 0 0)
(0 0 0)
(0 0 0)
(0 0 0)
(0 0 0)
(0 0 0)
(0 0 0)
(0 0 0)
(0 0 0)
(0 0 0)
(0 0 0)
(0 0 0)
(0 0 0)
(0 0 0)
(0 0 0)
(0 0 0)
(0 0 0)
(0 0 0)
(0 0 0)
(0 0 0)
(0 0 0)
(0 0 0)
(0 0 0)
(0 0 0)
(0 0 0)
(0 0 0)
(0 0 0)
(0 0 0)
(0 0 0)
(0 0 0)
(0 0 0)
(0 0 0)
(0 0 0)
(0 0 0)
(0 0 0)
(0 0 0)
(0 0 0)
(0 0 0)
(0 0 0)
(0 0 0)
(0 0 0)
(0 0 0)
(0 0 0)
(0 0 0)
(0 0 0)
(0 0 0)
(0 0 0)
(0 0 0)
(0 0 0)
(0 0 0)
(0 0 0)
(0 0 0)
(0 0 0)
(0 0 0)
(0 0 0)
(0 0 0)
(0 0 0)
(0 0 0)
(0 0 0)
(0 0 0)
(0 0 0)
(0 0 0)
(0 0 0)
(0 0 0)
(0 0 0)
(0 0 0)
(0 0 0)
(0 0 0)
(2.925130648243241e-07 1.530886048448935e-07 -8.283742033274992e-07)
(0 0 0)
(0 0 0)
(0 0 0)
(0 0 0)
(0 0 0)
(0 0 0)
(0 0 0)
(0 0 0)
(0 0 0)
(0 0 0)
(0 0 0)
(0 0 0)
(0 0 0)
(0 0 0)
(0 0 0)
(0 0 0)
(0 0 0)
(0 0 0)
(0 0 0)
(0 0 0)
(0 0 0)
(0 0 0)
(0 0 0)
(0 0 0)
(0 0 0)
(0 0 0)
(0 0 0)
(0 0 0)
(0 0 0)
(0 0 0)
(0 0 0)
(0 0 0)
(0 0 0)
(0 0 0)
(0 0 0)
(0 0 0)
(0 0 0)
(0 0 0)
(0 0 0)
(0 0 0)
(0 0 0)
(0 0 0)
(0 0 0)
(0 0 0)
(0 0 0)
(0 0 0)
(0 0 0)
(0 0 0)
(0 0 0)
(0 0 0)
(0 0 0)
(0 0 0)
(0 0 0)
(0 0 0)
(0 0 0)
(0 0 0)
(0 0 0)
(0 0 0)
(0 0 0)
(0 0 0)
(0 0 0)
(0 0 0)
(0 0 0)
(0 0 0)
(0 0 0)
(0 0 0)
(0 0 0)
(0 0 0)
(0 0 0)
(0 0 0)
(0 0 0)
(0 0 0)
(0 0 0)
(0 0 0)
(0 0 0)
(0 0 0)
(0 0 0)
(0 0 0)
(0 0 0)
(0 0 0)
(0 0 0)
(0 0 0)
(0 0 0)
(0 0 0)
(0 0 0)
(0 0 0)
(0 0 0)
(0 0 0)
(0 0 0)
(0 0 0)
(0 0 0)
(0 0 0)
(0 0 0)
(0 0 0)
(0 0 0)
(0 0 0)
(0 0 0)
(0 0 0)
(0 0 0)
(0 0 0)
(0 0 0)
(0 0 0)
(0 0 0)
(0 0 0)
(0 0 0)
(0 0 0)
(0 0 0)
(1.952925498023958e-07 -2.534239124680236e-07 5.021058400337935e-07)
(0 0 0)
(0 0 0)
(0 0 0)
(0 0 0)
(0 0 0)
(0 0 0)
(0 0 0)
(0 0 0)
(0 0 0)
(0 0 0)
(0 0 0)
(0 0 0)
(0 0 0)
(7.220996514529181e-07 -3.906933433528264e-06 -3.093218181983862e-06)
(-1.368603939108845e-07 1.292504509416053e-06 2.971704255656441e-06)
(0 0 0)
(0 0 0)
(0 0 0)
(0 0 0)
(0 0 0)
(0 0 0)
(0 0 0)
(0 0 0)
(0 0 0)
(0 0 0)
(0 0 0)
(0 0 0)
(0 0 0)
(0 0 0)
(0 0 0)
(0 0 0)
(0 0 0)
(0 0 0)
(0 0 0)
(0 0 0)
(0 0 0)
(0 0 0)
(0 0 0)
(0 0 0)
(0 0 0)
(0 0 0)
(0 0 0)
(0 0 0)
(0 0 0)
(0 0 0)
(0 0 0)
(0 0 0)
(0 0 0)
(0 0 0)
(0 0 0)
(0 0 0)
(0 0 0)
(0 0 0)
(0 0 0)
(0 0 0)
(0 0 0)
(0 0 0)
(0 0 0)
(0 0 0)
(0 0 0)
(0 0 0)
(0 0 0)
(0 0 0)
(0 0 0)
(0 0 0)
(0 0 0)
(0 0 0)
(0 0 0)
(0 0 0)
(0 0 0)
(0 0 0)
(0 0 0)
(0 0 0)
(0 0 0)
(0 0 0)
(0 0 0)
(0 0 0)
(0 0 0)
(0 0 0)
(0 0 0)
(0 0 0)
(0 0 0)
(0 0 0)
(0 0 0)
(0 0 0)
(0 0 0)
(0 0 0)
(0 0 0)
(0 0 0)
(0 0 0)
(0 0 0)
(0 0 0)
(0 0 0)
(0 0 0)
(0 0 0)
(0 0 0)
(0 0 0)
(0 0 0)
(0 0 0)
(0 0 0)
(0 0 0)
(0 0 0)
(0 0 0)
(0 0 0)
(0 0 0)
(0 0 0)
(0 0 0)
(0 0 0)
(0 0 0)
(0 0 0)
(0 0 0)
(0 0 0)
(0 0 0)
(0 0 0)
(0 0 0)
(0 0 0)
(0 0 0)
(0 0 0)
(0 0 0)
(0 0 0)
(0 0 0)
(0 0 0)
(0 0 0)
(0 0 0)
(0 0 0)
(0 0 0)
(0 0 0)
(0 0 0)
(0 0 0)
(0 0 0)
(0 0 0)
(0 0 0)
(0 0 0)
(0 0 0)
(0 0 0)
(0 0 0)
(0 0 0)
(0 0 0)
(0 0 0)
(0 0 0)
(0 0 0)
(0 0 0)
(0 0 0)
(0 0 0)
(0 0 0)
(0 0 0)
(0 0 0)
(0 0 0)
(0 0 0)
(0 0 0)
(0 0 0)
(1.917062907822282e-06 -1.640935002999075e-06 -4.301100759346015e-06)
(-1.691656064166599e-06 8.447781561328239e-06 8.525492924523709e-06)
(0 0 0)
(0 0 0)
(0 0 0)
(0 0 0)
(-4.216946233535628e-06 6.970832200625937e-06 4.193972414680757e-06)
(0 0 0)
(0 0 0)
(0 0 0)
(0 0 0)
(0 0 0)
(0 0 0)
(0 0 0)
(0 0 0)
(0 0 0)
(-1.287717520810304e-06 -6.408079799689013e-06 -7.168012614160635e-06)
(-7.308834990985437e-07 7.453840008220067e-07 1.07508883484282e-07)
(0 0 0)
(0 0 0)
(0 0 0)
(0 0 0)
(0 0 0)
(0 0 0)
(0 0 0)
(0 0 0)
(0 0 0)
(0 0 0)
(0 0 0)
(0 0 0)
(0 0 0)
(0 0 0)
(0 0 0)
(0 0 0)
(0 0 0)
(0 0 0)
(0 0 0)
(0 0 0)
(0 0 0)
(0 0 0)
(0 0 0)
(0 0 0)
(0 0 0)
(0 0 0)
(0 0 0)
(0 0 0)
(0 0 0)
(0 0 0)
(0 0 0)
(0 0 0)
(0 0 0)
(0 0 0)
(0 0 0)
(0 0 0)
(0 0 0)
(0 0 0)
(0 0 0)
(0 0 0)
(0 0 0)
(0 0 0)
(0 0 0)
(0 0 0)
(0 0 0)
(0 0 0)
(0 0 0)
(0 0 0)
(0 0 0)
(0 0 0)
(0 0 0)
(0 0 0)
(0 0 0)
(0 0 0)
(0 0 0)
(0 0 0)
(0 0 0)
(0 0 0)
(0 0 0)
(0 0 0)
(0 0 0)
(0 0 0)
(0 0 0)
(0 0 0)
(0 0 0)
(0 0 0)
(0 0 0)
(0 0 0)
(0 0 0)
(0 0 0)
(0 0 0)
(0 0 0)
(0 0 0)
(0 0 0)
(0 0 0)
(0 0 0)
(0 0 0)
(0 0 0)
(0 0 0)
(0 0 0)
(0 0 0)
(0 0 0)
(0 0 0)
(0 0 0)
(0 0 0)
(0 0 0)
(0 0 0)
(0 0 0)
(0 0 0)
(0 0 0)
(0 0 0)
(0 0 0)
(0 0 0)
(0 0 0)
(0 0 0)
(0 0 0)
(0 0 0)
(0 0 0)
(0 0 0)
(0 0 0)
(0 0 0)
(0 0 0)
(0 0 0)
(0 0 0)
(0 0 0)
(0 0 0)
(0 0 0)
(0 0 0)
(0 0 0)
(0 0 0)
(0 0 0)
(0 0 0)
(0 0 0)
(-9.47428890431585e-07 -1.237784957921479e-06 1.163867827021354e-07)
(0 0 0)
(0 0 0)
(0 0 0)
(0 0 0)
(0 0 0)
(0 0 0)
(0 0 0)
(0 0 0)
(0 0 0)
(0 0 0)
(0 0 0)
(0 0 0)
(0 0 0)
(9.625550424464241e-06 -6.79613424498882e-06 -8.900254415214942e-06)
(0 0 0)
(0 0 0)
(0 0 0)
(0 0 0)
(0 0 0)
(0 0 0)
(0 0 0)
(0 0 0)
(0 0 0)
(0 0 0)
(0 0 0)
(0 0 0)
(0 0 0)
(0 0 0)
(0 0 0)
(0 0 0)
(0 0 0)
(0 0 0)
(0 0 0)
(0 0 0)
(0 0 0)
(0 0 0)
(0 0 0)
(0 0 0)
(0 0 0)
(0 0 0)
(0 0 0)
(0 0 0)
(0 0 0)
(0 0 0)
(0 0 0)
(0 0 0)
(0 0 0)
(0 0 0)
(0 0 0)
(0 0 0)
(0 0 0)
(0 0 0)
(0 0 0)
(0 0 0)
(0 0 0)
(0 0 0)
(0 0 0)
(0 0 0)
(0 0 0)
(0 0 0)
(0 0 0)
(0 0 0)
(0 0 0)
(0 0 0)
(0 0 0)
(0 0 0)
(0 0 0)
(0 0 0)
(0 0 0)
(0 0 0)
(0 0 0)
(0 0 0)
(0 0 0)
(0 0 0)
(0 0 0)
(0 0 0)
(2.536797470417093e-06 -1.853943766963901e-06 -4.911911512952515e-06)
(1.643446653188905e-06 -3.915624540392583e-08 -2.71185371541733e-06)
(-8.276482311191672e-08 -3.04033248163235e-07 -4.775817895896397e-07)
(0 0 0)
(0 0 0)
(0 0 0)
(0 0 0)
(0 0 0)
(0 0 0)
(0 0 0)
(0 0 0)
(0 0 0)
(0 0 0)
(0 0 0)
(0 0 0)
(0 0 0)
(0 0 0)
(0 0 0)
(0 0 0)
(0 0 0)
(0 0 0)
(0 0 0)
(0 0 0)
(0 0 0)
(0 0 0)
(0 0 0)
(0 0 0)
(0 0 0)
(0 0 0)
(0 0 0)
(0 0 0)
(0 0 0)
(0 0 0)
(0 0 0)
(0 0 0)
(0 0 0)
(0 0 0)
(0 0 0)
(0 0 0)
(0 0 0)
(0 0 0)
(0 0 0)
(0 0 0)
(0 0 0)
(0 0 0)
(0 0 0)
(0 0 0)
(0 0 0)
(5.566013244653688e-07 5.20158912084987e-06 6.865149923052307e-06)
(0 0 0)
(0 0 0)
(8.479752303149211e-07 1.291866194694702e-06 -1.442877408146589e-07)
(0 0 0)
(0 0 0)
(0 0 0)
(0 0 0)
(0 0 0)
(-6.134276060972262e-07 8.945777524603759e-07 2.408679831127493e-06)
(0 0 0)
(0 0 0)
(0 0 0)
(0 0 0)
(0 0 0)
(0 0 0)
(0 0 0)
(0 0 0)
(0 0 0)
(0 0 0)
(0 0 0)
(0 0 0)
(0 0 0)
(0 0 0)
(0 0 0)
(0 0 0)
(0 0 0)
(4.876430404615428e-07 5.660297394448494e-07 -1.360898133212683e-06)
(2.623982219324656e-06 3.340241480912531e-06 5.675325269962956e-06)
(0 0 0)
(0 0 0)
(0 0 0)
(0 0 0)
(0 0 0)
(0 0 0)
(0 0 0)
(0 0 0)
(7.946259862658152e-06 -1.267239034836428e-05 -1.288024665266838e-05)
(0 0 0)
(0 0 0)
(0 0 0)
(0 0 0)
(0 0 0)
(0 0 0)
(0 0 0)
(0 0 0)
(0 0 0)
(-4.590617389890087e-06 7.841211358850132e-06 -6.657811410068313e-07)
(-3.68902884678427e-06 1.188603870959041e-05 1.285674489511695e-05)
(0 0 0)
(0 0 0)
(0 0 0)
(-2.089523323732552e-07 1.065506095953014e-07 4.087129983122593e-08)
(0 0 0)
(0 0 0)
(0 0 0)
(0 0 0)
(0 0 0)
(0 0 0)
(0 0 0)
(0 0 0)
(0 0 0)
(0 0 0)
(0 0 0)
(0 0 0)
(0 0 0)
(0 0 0)
(0 0 0)
(0 0 0)
(0 0 0)
(0 0 0)
(0 0 0)
(0 0 0)
(0 0 0)
(0 0 0)
(0 0 0)
(0 0 0)
(0 0 0)
(0 0 0)
(0 0 0)
(0 0 0)
(0 0 0)
(0 0 0)
(0 0 0)
(0 0 0)
(0 0 0)
(0 0 0)
(0 0 0)
(0 0 0)
(0 0 0)
(0 0 0)
(0 0 0)
(0 0 0)
(0 0 0)
(0 0 0)
(0 0 0)
(0 0 0)
(0 0 0)
(0 0 0)
(0 0 0)
(0 0 0)
(0 0 0)
(0 0 0)
(0 0 0)
(0 0 0)
(0 0 0)
(0 0 0)
(4.058758536367015e-06 -6.298133823444857e-06 -9.805646103405161e-06)
(-1.310535855946975e-06 1.699394640765709e-06 1.643066355691965e-07)
(0 0 0)
(0 0 0)
(0 0 0)
(0 0 0)
(0 0 0)
(0 0 0)
(0 0 0)
(0 0 0)
(0 0 0)
(0 0 0)
(0 0 0)
(0 0 0)
(0 0 0)
(0 0 0)
(0 0 0)
(0 0 0)
(0 0 0)
(0 0 0)
(0 0 0)
(0 0 0)
(-2.149985870932151e-06 9.295116832032057e-06 1.363556133010727e-05)
(4.411062234169643e-07 -6.649129056433093e-07 -7.671956173158002e-07)
(0 0 0)
(0 0 0)
(0 0 0)
(0 0 0)
(0 0 0)
(0 0 0)
(0 0 0)
(0 0 0)
(0 0 0)
(0 0 0)
(0 0 0)
(0 0 0)
(0 0 0)
(0 0 0)
(0 0 0)
(0 0 0)
(0 0 0)
(0 0 0)
(0 0 0)
(0 0 0)
(0 0 0)
(0 0 0)
(0 0 0)
(0 0 0)
(0 0 0)
(0 0 0)
(0 0 0)
(0 0 0)
(0 0 0)
(1.372894566685775e-08 4.896165779354679e-08 -6.061486124090664e-08)
(0 0 0)
(1.965034977822168e-05 -1.763174282143712e-05 -2.666829811712867e-05)
(0 0 0)
(0 0 0)
(2.707228388132842e-06 -5.822476583452335e-06 -6.213711026250458e-06)
(0 0 0)
(0 0 0)
(0 0 0)
(0 0 0)
(-4.621434068550028e-06 3.142693146568874e-06 3.21706883317819e-06)
(0 0 0)
(0 0 0)
(0 0 0)
(0 0 0)
(0 0 0)
(0 0 0)
(0 0 0)
(0 0 0)
(0 0 0)
(0 0 0)
(0 0 0)
(0 0 0)
(0 0 0)
(0 0 0)
(0 0 0)
(0 0 0)
(0 0 0)
(0 0 0)
(0 0 0)
(0 0 0)
(0 0 0)
(0 0 0)
(0 0 0)
(0 0 0)
(0 0 0)
(0 0 0)
(0 0 0)
(0 0 0)
(0 0 0)
(0 0 0)
(0 0 0)
(0 0 0)
(0 0 0)
(0 0 0)
(0 0 0)
(0 0 0)
(0 0 0)
(0 0 0)
(0 0 0)
(0 0 0)
(0 0 0)
(0 0 0)
(0 0 0)
(0 0 0)
(0 0 0)
(0 0 0)
(0 0 0)
(0 0 0)
(0 0 0)
(0 0 0)
(0 0 0)
(0 0 0)
(0 0 0)
(0 0 0)
(0 0 0)
(4.824481491127536e-07 6.076280437362637e-08 -1.936689704047255e-06)
(0 0 0)
(0 0 0)
(0 0 0)
(0 0 0)
(0 0 0)
(0 0 0)
(0 0 0)
(0 0 0)
(0 0 0)
(0 0 0)
(0 0 0)
(0 0 0)
(0 0 0)
(0 0 0)
(0 0 0)
(0 0 0)
(0 0 0)
(0 0 0)
(0 0 0)
(0 0 0)
(0 0 0)
(0 0 0)
(0 0 0)
(0 0 0)
(0 0 0)
(0 0 0)
(0 0 0)
(0 0 0)
(0 0 0)
(0 0 0)
(0 0 0)
(0 0 0)
(0 0 0)
(0 0 0)
(0 0 0)
(0 0 0)
(0 0 0)
(0 0 0)
(0 0 0)
(0 0 0)
(0 0 0)
(0 0 0)
(0 0 0)
(0 0 0)
(0 0 0)
(0 0 0)
(0 0 0)
(0 0 0)
(0 0 0)
(0 0 0)
(0 0 0)
(0 0 0)
(0 0 0)
(0 0 0)
(0 0 0)
(0 0 0)
(0 0 0)
(0 0 0)
(0 0 0)
(0 0 0)
(8.187467056362058e-07 -1.872544955326842e-07 -9.781975860323687e-07)
(0 0 0)
(0 0 0)
(0 0 0)
(0 0 0)
(0 0 0)
(0 0 0)
(0 0 0)
(0 0 0)
(0 0 0)
(0 0 0)
(0 0 0)
(0 0 0)
(0 0 0)
(0 0 0)
(0 0 0)
(0 0 0)
(0 0 0)
(0 0 0)
(0 0 0)
(0 0 0)
(0 0 0)
(0 0 0)
(0 0 0)
(0 0 0)
(0 0 0)
(0 0 0)
(0 0 0)
(0 0 0)
(0 0 0)
(0 0 0)
(0 0 0)
(0 0 0)
(2.149583408473222e-06 -1.146120513922565e-06 -8.271868429904386e-07)
(-6.235214583125149e-06 4.91757941119186e-06 7.787415306099794e-06)
(2.158773682709457e-06 -4.102960113818745e-06 -3.963216232902379e-06)
(-2.833344939994316e-06 2.743321397237462e-06 2.452623252079114e-06)
(0 0 0)
(0 0 0)
(0 0 0)
(0 0 0)
(0 0 0)
(0 0 0)
(0 0 0)
(0 0 0)
(-2.708464396062059e-06 2.054861753812873e-06 2.727210086121462e-06)
(-7.428135440307962e-06 9.8606997647926e-06 9.896614263898251e-06)
(0 0 0)
(-4.877495394565926e-06 2.35939115068946e-06 3.631454268082902e-06)
(0 0 0)
(2.028492356825396e-07 3.102678197785111e-07 2.634145596306348e-06)
(2.783425274502835e-06 -1.379889495162191e-06 -1.528227432712375e-06)
(9.704875683313276e-06 -4.119186137395073e-06 -6.844629479758554e-06)
(1.567901390191491e-05 -4.807607677007518e-06 -5.521900231594518e-06)
(0 0 0)
(0 0 0)
(0 0 0)
(0 0 0)
(0 0 0)
(0 0 0)
(0 0 0)
(0 0 0)
(0 0 0)
(0 0 0)
(0 0 0)
(0 0 0)
(0 0 0)
(0 0 0)
(0 0 0)
(0 0 0)
(0 0 0)
(0 0 0)
(0 0 0)
(0 0 0)
(0 0 0)
(0 0 0)
(0 0 0)
(0 0 0)
(0 0 0)
(0 0 0)
(0 0 0)
(0 0 0)
(0 0 0)
(0 0 0)
(0 0 0)
(0 0 0)
(0 0 0)
(0 0 0)
(-1.737955440750917e-06 1.678768345605625e-06 1.884084759476448e-06)
(0 0 0)
(0 0 0)
(0 0 0)
(8.175387184640269e-07 -3.559871560783014e-07 -8.888328224438997e-07)
(0 0 0)
(0 0 0)
(0 0 0)
(2.13344508926707e-06 -1.571477768557474e-06 -2.481704776743852e-06)
(0 0 0)
(0 0 0)
(2.038889439892087e-07 3.172422454736389e-07 -4.416377275228472e-07)
(1.321690527509701e-06 -1.072926466525182e-06 -2.308114642949984e-06)
(5.534384699574957e-07 -5.15715269463967e-07 -4.831480833630621e-07)
(8.991083734187086e-07 7.07808468887414e-08 -2.502550862871882e-06)
(2.203921888305055e-07 -3.884443866654792e-07 -3.202284084612025e-07)
(8.444523096715735e-07 -4.740178812453123e-07 -7.483813075275727e-07)
(0 0 0)
(0 0 0)
(0 0 0)
(0 0 0)
(0 0 0)
(0 0 0)
(0 0 0)
(0 0 0)
(0 0 0)
(1.133562459623488e-06 -8.582023374657547e-07 -1.358877118490245e-06)
(-5.85175564038878e-07 4.085217436680784e-07 -1.000575030713915e-06)
(4.678062624439243e-06 -5.173420516999795e-06 -1.159843970846068e-05)
(0 0 0)
(-6.090843289096253e-06 5.525533990170453e-06 5.145155572916389e-06)
(0 0 0)
(8.527166821612751e-08 -3.008969692237895e-06 -2.936839668414403e-06)
(0 0 0)
(-3.400375150336711e-07 4.836709935400913e-07 6.36318801600565e-08)
(-5.462249631411416e-07 1.561453467857564e-07 9.248175521843507e-07)
(-1.42842700966611e-06 6.503075992969877e-07 3.318538254085719e-06)
(0 0 0)
(0 0 0)
(0 0 0)
(0 0 0)
(0 0 0)
(0 0 0)
(0 0 0)
(0 0 0)
(0 0 0)
(0 0 0)
(0 0 0)
(-7.40858229927395e-06 2.720891023727052e-06 7.004961537228857e-06)
(0 0 0)
(0 0 0)
(0 0 0)
(-1.291237240582625e-05 1.003058384042297e-05 8.160162493848134e-06)
(2.024073130000887e-06 -6.669916214125805e-06 -9.867904054514273e-06)
(-1.229865251703887e-05 6.610516575150933e-06 9.63604852908102e-06)
(-6.290606937592503e-07 -1.178136826081581e-06 2.209753736807708e-06)
(0 0 0)
(0 0 0)
(0 0 0)
(0 0 0)
(0 0 0)
(0 0 0)
(0 0 0)
(0 0 0)
(0 0 0)
(0 0 0)
(0 0 0)
(0 0 0)
(0 0 0)
(0 0 0)
(0 0 0)
(0 0 0)
(0 0 0)
(0 0 0)
(0 0 0)
(0 0 0)
(0 0 0)
(0 0 0)
(0 0 0)
(0 0 0)
(0 0 0)
(3.662956254832754e-07 -2.511431178348484e-07 -2.841301825274135e-07)
(0 0 0)
(0 0 0)
(8.642805384427465e-07 -2.076239738663121e-06 -2.387332900357346e-06)
(5.441193901466526e-07 -3.676374926824172e-07 -8.776362954596914e-07)
(0 0 0)
(0 0 0)
(0 0 0)
(0 0 0)
(0 0 0)
(0 0 0)
(0 0 0)
(0 0 0)
(0 0 0)
(0 0 0)
(0 0 0)
(0 0 0)
(0 0 0)
(0 0 0)
(0 0 0)
(0 0 0)
(2.893091316209492e-06 -5.241997954501213e-07 -1.74855975145245e-06)
(0 0 0)
(0 0 0)
(0 0 0)
(0 0 0)
(0 0 0)
(0 0 0)
(0 0 0)
(0 0 0)
(0 0 0)
(0 0 0)
(0 0 0)
(0 0 0)
(0 0 0)
(0 0 0)
(0 0 0)
(0 0 0)
(0 0 0)
(0 0 0)
(0 0 0)
(0 0 0)
(0 0 0)
(0 0 0)
(0 0 0)
(0 0 0)
(0 0 0)
(0 0 0)
(0 0 0)
(0 0 0)
(0 0 0)
(0 0 0)
(0 0 0)
(0 0 0)
(0 0 0)
(0 0 0)
(0 0 0)
(0 0 0)
(0 0 0)
(1.313156488982575e-05 -1.12410985589285e-05 -1.265326619677637e-05)
(1.240134089043259e-06 2.581133832661402e-08 -1.526877766465618e-08)
(-5.088403106947276e-07 -7.513819570410898e-07 -1.609929000471099e-06)
(0 0 0)
(0 0 0)
(0 0 0)
(0 0 0)
(2.546503014465371e-06 -4.210167495049178e-06 -2.873867298421087e-07)
(-4.439333295599969e-07 2.619971152993666e-07 -8.515986541649153e-07)
(-2.437600342958216e-06 3.599689512636949e-06 2.025966136857467e-06)
(-4.967075246749821e-06 7.355906636747766e-06 6.387787263602095e-06)
(-2.385722269463085e-06 7.322839854683145e-07 2.987688821137561e-06)
(1.725076812266458e-06 3.063869803723534e-06 -3.482706449175653e-06)
(0 0 0)
(0 0 0)
(0 0 0)
(0 0 0)
(0 0 0)
(0 0 0)
(0 0 0)
(0 0 0)
(0 0 0)
(0 0 0)
(0 0 0)
(0 0 0)
(0 0 0)
(0 0 0)
(0 0 0)
(0 0 0)
(0 0 0)
(0 0 0)
(0 0 0)
(0 0 0)
(0 0 0)
(0 0 0)
(0 0 0)
(0 0 0)
(0 0 0)
(0 0 0)
(0 0 0)
(0 0 0)
(0 0 0)
(0 0 0)
(0 0 0)
(0 0 0)
(0 0 0)
(0 0 0)
(0 0 0)
(0 0 0)
(0 0 0)
(0 0 0)
(0 0 0)
(0 0 0)
(0 0 0)
(0 0 0)
(0 0 0)
(-1.234053930629822e-06 6.981730408939497e-07 5.275685724464209e-07)
(0 0 0)
(0 0 0)
(0 0 0)
(0 0 0)
(0 0 0)
(0 0 0)
(0 0 0)
(0 0 0)
(0 0 0)
(0 0 0)
(0 0 0)
(0 0 0)
(0 0 0)
(0 0 0)
(0 0 0)
(0 0 0)
(0 0 0)
(1.098984321263872e-06 -1.751333758735943e-06 -1.262749553208989e-06)
(9.605208092332016e-06 -6.734905660635105e-06 -9.061188503256833e-06)
(4.969506061717426e-05 -8.404584364736369e-06 -3.76806975659061e-05)
(-1.211262451320027e-05 1.565321905499533e-06 1.078006069819651e-05)
(1.602623682618267e-06 6.214138714742529e-07 -1.32773171640456e-06)
(3.196825986606795e-06 -1.009558700705753e-06 -2.000517107585454e-06)
(-2.846179650523526e-06 4.817492500348167e-10 2.149299336268474e-06)
(4.627338680184344e-07 6.01491643982489e-06 -7.215357749893441e-07)
(-8.302387436963307e-06 1.11913602123314e-06 7.870226704905364e-06)
(-4.555116412542359e-07 -6.991242868586242e-07 4.47191252400734e-07)
(-1.783092588939991e-05 6.78102752026101e-06 7.344232018421387e-06)
(-1.198645278701907e-05 2.375408353662105e-07 9.735171957149224e-06)
(1.727642121817984e-05 -4.250346680584105e-06 -1.373728368897769e-05)
(-1.243018154929053e-05 4.776070640209813e-06 1.175289201495018e-05)
(-6.119113991301229e-06 8.137795901167634e-08 7.175991418983438e-06)
(1.461337874417091e-06 -1.274162367471172e-05 -1.246614947714532e-05)
(0 0 0)
(0 0 0)
(-8.151280875603752e-06 3.777056437134834e-06 7.260601260422163e-06)
(3.424431021551928e-07 -4.777614618448736e-07 -1.468626337553936e-06)
(1.761082631404583e-05 1.09528176691058e-07 -1.349389188531969e-05)
(0 0 0)
(0 0 0)
(0 0 0)
(5.06789816644455e-06 -7.093184914543203e-07 -5.006813125744981e-06)
(0 0 0)
(6.500270423442909e-06 2.009193712515144e-06 -2.288113236097331e-06)
(2.116319557662997e-07 1.79220435446941e-09 8.872963803094185e-08)
(1.004814551333848e-05 -1.692389275750119e-07 -2.897061274015064e-06)
(-3.517531373019643e-06 2.593252661498084e-06 5.162797898843832e-07)
(-1.739511596149308e-06 -1.483653729141331e-06 3.760653758907834e-06)
(-1.264700811252272e-05 5.784708710400665e-08 -7.298139832160575e-07)
(5.319480612382286e-06 -1.088468902473615e-06 -2.979029692399539e-06)
(0 0 0)
(2.065609103575568e-05 -8.945120008398362e-06 -1.813439988605763e-05)
(3.473090250695052e-06 -1.239281248775325e-05 -1.362365892227269e-05)
(1.171994149458524e-06 6.296230945502709e-07 -2.862757517156773e-06)
(0 0 0)
(0 0 0)
(0 0 0)
(5.020188009403557e-06 -2.404615997118252e-06 -4.665280721486483e-06)
(5.810219428736685e-07 1.8123080538858e-07 -7.476756933236346e-07)
(0 0 0)
(3.261461088673868e-06 4.203304626666802e-07 -2.272746315351566e-06)
(-1.012703707988074e-06 2.692025900789096e-07 5.99754888632973e-07)
(-1.396613681569739e-06 7.189470479433861e-07 2.07765185238369e-07)
(2.151691767579186e-07 5.084073034076952e-07 -8.494572984334277e-07)
(-4.311544270597667e-06 1.35860067136756e-06 3.704902018302619e-06)
(2.236969144309768e-06 -4.060056078729823e-06 -1.584993218707328e-06)
(2.614028413621691e-06 -2.746259918356925e-06 -7.606263604711129e-07)
(-1.338765618206014e-05 1.137223152170414e-06 6.200034569893537e-06)
(0 0 0)
(0 0 0)
(0 0 0)
(0 0 0)
(0 0 0)
(1.050593725502844e-06 -1.011080337963539e-06 -6.652925037814806e-07)
(0 0 0)
(0 0 0)
(0 0 0)
(-1.088392334241453e-06 4.404377362917043e-07 1.074385472721304e-06)
(-8.374391557722193e-06 8.453616444212226e-06 5.927550957595618e-06)
(0 0 0)
(0 0 0)
(0 0 0)
(0 0 0)
(0 0 0)
(-7.761142212113661e-07 5.413430383985622e-07 1.327555140081984e-07)
(7.60624633022796e-07 -1.28559699815752e-07 -7.223232332202678e-07)
(0 0 0)
(0 0 0)
(0 0 0)
(-6.564644514882619e-07 -9.69064156551442e-07 -7.268492899605651e-07)
(0 0 0)
(-7.569122355572992e-06 7.714847991699402e-07 5.362569479511716e-06)
(0 0 0)
(0 0 0)
(0 0 0)
(0 0 0)
(0 0 0)
(0 0 0)
(0 0 0)
(0 0 0)
(0 0 0)
(0 0 0)
(0 0 0)
(0 0 0)
(0 0 0)
(0 0 0)
(0 0 0)
(0 0 0)
(7.133460946457391e-06 -1.75497131438393e-06 -5.875796308665603e-06)
(3.342343952607513e-06 -1.796214947353073e-06 -3.250919156573205e-06)
(0 0 0)
(-1.458028636388247e-05 2.761383577146732e-06 9.332660812368311e-06)
(0 0 0)
(-2.612089663300541e-06 -1.13223785815102e-06 1.391635656982928e-06)
(1.150756142951265e-07 -1.214416734053444e-07 -4.643542966545268e-06)
(0 0 0)
(-2.840617582855535e-06 3.320723698268468e-06 6.729238684074723e-07)
(0 0 0)
(1.657000961901544e-06 -1.496782683616845e-06 -1.557014660947029e-06)
(1.327769614644701e-06 -3.423812729726606e-07 -3.858299519184148e-07)
(1.159321800907851e-06 1.116095168632783e-07 -1.041976384962277e-06)
(0 0 0)
(7.827005769814569e-06 -6.699128780554858e-06 -4.769863089732485e-06)
(-1.480325797354546e-06 1.334791585833213e-06 9.686297231500146e-07)
(1.382663282157281e-06 -2.28179283205733e-07 -8.050936913660157e-07)
(-2.771317388015797e-08 6.165693700215819e-08 -1.057141426419766e-07)
(1.252354155006933e-05 -8.977291791253631e-06 -1.248778062932657e-05)
(2.829099121795678e-07 -2.138263496481102e-06 7.196400178244661e-07)
(0 0 0)
(-1.397276912602937e-06 6.266626279241867e-08 5.214606781096494e-07)
(3.496208192544279e-06 -1.217891876190905e-06 -4.161860945849233e-06)
(1.483898224518416e-06 -1.135059399073085e-06 -2.120857657611741e-06)
(-4.697405734216066e-06 1.834503370615402e-07 -2.10459420420989e-07)
(-3.192248587598653e-06 3.117501110994484e-07 6.362551659018375e-07)
(-5.793628864955672e-06 -1.20159695701674e-06 1.960276514790186e-06)
(-3.22156796326535e-06 5.47205382903076e-06 3.016077416219666e-06)
(-3.476395358032385e-06 -2.851887237308516e-06 -1.09540895276454e-07)
(1.046528593965574e-06 -3.390835318386503e-06 -5.722011017916541e-06)
(0 0 0)
(8.788477997380027e-07 -6.878702606448659e-06 -3.679401358919126e-06)
(0 0 0)
(0 0 0)
(0 0 0)
(0 0 0)
(0 0 0)
(0 0 0)
(0 0 0)
(0 0 0)
(0 0 0)
(0 0 0)
(0 0 0)
(0 0 0)
(0 0 0)
(0 0 0)
(0 0 0)
(0 0 0)
(0 0 0)
(-4.074198511451021e-06 3.488513786154623e-06 4.350014282393202e-06)
(0 0 0)
(0 0 0)
(0 0 0)
(0 0 0)
(0 0 0)
(0 0 0)
(0 0 0)
(0 0 0)
(0 0 0)
(0 0 0)
(0 0 0)
(0 0 0)
(0 0 0)
(0 0 0)
(0 0 0)
(0 0 0)
(0 0 0)
(0 0 0)
(0 0 0)
(0 0 0)
(0 0 0)
(0 0 0)
(0 0 0)
(0 0 0)
(0 0 0)
(0 0 0)
(0 0 0)
(0 0 0)
(0 0 0)
(0 0 0)
(0 0 0)
(0 0 0)
(0 0 0)
(0 0 0)
(0 0 0)
(0 0 0)
(0 0 0)
(0 0 0)
(0 0 0)
(0 0 0)
(0 0 0)
(0 0 0)
(0 0 0)
(0 0 0)
(0 0 0)
(0 0 0)
(0 0 0)
(0 0 0)
(0 0 0)
(0 0 0)
(0 0 0)
(0 0 0)
(0 0 0)
(0 0 0)
(0 0 0)
(0 0 0)
(0 0 0)
(0 0 0)
(0 0 0)
(0 0 0)
(0 0 0)
(0 0 0)
(0 0 0)
(0 0 0)
(0 0 0)
(0 0 0)
(0 0 0)
(0 0 0)
(0 0 0)
(0 0 0)
(0 0 0)
(0 0 0)
(0 0 0)
(0 0 0)
(0 0 0)
(0 0 0)
(0 0 0)
(0 0 0)
(0 0 0)
(0 0 0)
(0 0 0)
(0 0 0)
(0 0 0)
(0 0 0)
(0 0 0)
(0 0 0)
(0 0 0)
(0 0 0)
(0 0 0)
(0 0 0)
(0 0 0)
(0 0 0)
(0 0 0)
(0 0 0)
(0 0 0)
(0 0 0)
(0 0 0)
(0 0 0)
(0 0 0)
(0 0 0)
(0 0 0)
(0 0 0)
(0 0 0)
(0 0 0)
(0 0 0)
(0 0 0)
(0 0 0)
(3.274509988153168e-07 -3.999618121506114e-07 -3.864617349061287e-07)
(-1.504930465191451e-06 4.063674369830748e-07 1.622206652017866e-07)
(-7.902334280372176e-07 5.241329554572563e-07 9.674999631994758e-09)
(0 0 0)
(0 0 0)
(0 0 0)
(0 0 0)
(0 0 0)
(0 0 0)
(0 0 0)
(0 0 0)
(0 0 0)
(0 0 0)
(0 0 0)
(0 0 0)
(0 0 0)
(0 0 0)
(0 0 0)
(0 0 0)
(0 0 0)
(0 0 0)
(0 0 0)
(0 0 0)
(0 0 0)
(0 0 0)
(0 0 0)
(0 0 0)
(0 0 0)
(0 0 0)
(0 0 0)
(0 0 0)
(0 0 0)
(0 0 0)
(0 0 0)
(0 0 0)
(0 0 0)
(0 0 0)
(0 0 0)
(0 0 0)
(0 0 0)
(0 0 0)
(0 0 0)
(0 0 0)
(0 0 0)
(0 0 0)
(0 0 0)
(0 0 0)
(0 0 0)
(0 0 0)
(0 0 0)
(0 0 0)
(0 0 0)
(0 0 0)
(0 0 0)
(0 0 0)
(0 0 0)
(0 0 0)
(0 0 0)
(0 0 0)
(0 0 0)
(0 0 0)
(0 0 0)
(0 0 0)
(0 0 0)
(0 0 0)
(0 0 0)
(0 0 0)
(0 0 0)
(0 0 0)
(0 0 0)
(0 0 0)
(0 0 0)
(0 0 0)
(0 0 0)
(0 0 0)
(0 0 0)
(0 0 0)
(0 0 0)
(0 0 0)
(0 0 0)
(0 0 0)
(0 0 0)
(0 0 0)
(0 0 0)
(0 0 0)
(0 0 0)
(0 0 0)
(0 0 0)
(0 0 0)
(0 0 0)
(0 0 0)
(0 0 0)
(0 0 0)
(0 0 0)
(0 0 0)
(-3.380929536307971e-06 1.794861614020618e-06 3.255543667990906e-06)
(0 0 0)
(0 0 0)
(0 0 0)
(0 0 0)
(-9.351076429340192e-06 8.239767243804168e-07 7.047252136108657e-06)
(0 0 0)
(0 0 0)
(0 0 0)
(0 0 0)
(0 0 0)
(0 0 0)
(-2.826630444829082e-06 8.321130183456123e-07 -1.799937005306899e-06)
(8.177477536105924e-07 -3.660532831353693e-07 -5.479064911834088e-07)
(0 0 0)
(0 0 0)
(0 0 0)
(0 0 0)
(0 0 0)
(0 0 0)
(0 0 0)
(0 0 0)
(0 0 0)
(0 0 0)
(0 0 0)
(0 0 0)
(0 0 0)
(0 0 0)
(0 0 0)
(0 0 0)
(0 0 0)
(5.442337300082887e-07 4.392023971412122e-06 -2.207374906977431e-06)
(0 0 0)
(-8.510678344308665e-06 4.497032824935025e-06 3.282151257321515e-06)
(-8.189432690142885e-06 6.575509948015384e-07 4.687846175497999e-06)
(0 0 0)
(0 0 0)
(0 0 0)
(0 0 0)
(-1.120736488562812e-05 -1.976916256224304e-06 6.823827195780493e-06)
(0 0 0)
(0 0 0)
(0 0 0)
(0 0 0)
(0 0 0)
(0 0 0)
(0 0 0)
(0 0 0)
(0 0 0)
(0 0 0)
(0 0 0)
(0 0 0)
(0 0 0)
(0 0 0)
(0 0 0)
(0 0 0)
(-1.706917427279101e-06 1.39725607525421e-05 1.039907689411606e-05)
(0 0 0)
(0 0 0)
(0 0 0)
(0 0 0)
(0 0 0)
(0 0 0)
(0 0 0)
(0 0 0)
(0 0 0)
(0 0 0)
(0 0 0)
(0 0 0)
(0 0 0)
(0 0 0)
(1.195472909446181e-05 -5.796376915574591e-07 -5.156442578661743e-06)
(0 0 0)
(0 0 0)
(-1.500867947315436e-06 -8.622756539320779e-07 -8.182878643085593e-07)
(0 0 0)
(0 0 0)
(0 0 0)
(0 0 0)
(0 0 0)
(0 0 0)
(0 0 0)
(0 0 0)
(0 0 0)
(0 0 0)
(0 0 0)
(0 0 0)
(0 0 0)
(0 0 0)
(0 0 0)
(0 0 0)
(6.792271339538242e-06 -2.235833441176909e-06 -2.971468884545181e-06)
(-4.045846465559692e-06 -2.912592072463555e-06 -6.310421007383728e-06)
(0 0 0)
(1.030992576307792e-05 -2.858746758381387e-06 -1.350904330946417e-06)
(1.119800604196147e-06 1.068421668396822e-06 -2.846911271514296e-06)
(0 0 0)
(0 0 0)
(-8.711882907873172e-06 3.186313048216964e-06 5.182942460293809e-06)
(0 0 0)
(0 0 0)
(0 0 0)
(0 0 0)
(0 0 0)
(0 0 0)
(0 0 0)
(-2.009090537928223e-05 5.829886813858804e-07 1.047696870854533e-05)
(0 0 0)
(0 0 0)
(0 0 0)
(0 0 0)
(0 0 0)
(0 0 0)
(0 0 0)
(0 0 0)
(0 0 0)
(0 0 0)
(0 0 0)
(0 0 0)
(0 0 0)
(0 0 0)
(0 0 0)
(0 0 0)
(0 0 0)
(0 0 0)
(0 0 0)
(0 0 0)
(0 0 0)
(0 0 0)
(0 0 0)
(0 0 0)
(0 0 0)
(0 0 0)
(0 0 0)
(0 0 0)
(0 0 0)
(0 0 0)
(0 0 0)
(0 0 0)
(0 0 0)
(0 0 0)
(0 0 0)
(0 0 0)
(0 0 0)
(0 0 0)
(0 0 0)
(0 0 0)
(0 0 0)
(0 0 0)
(0 0 0)
(0 0 0)
(0 0 0)
(0 0 0)
(0 0 0)
(0 0 0)
(0 0 0)
(0 0 0)
(0 0 0)
(0 0 0)
(0 0 0)
(0 0 0)
(0 0 0)
(0 0 0)
(0 0 0)
(0 0 0)
(0 0 0)
(0 0 0)
(0 0 0)
(0 0 0)
(0 0 0)
(0 0 0)
(0 0 0)
(0 0 0)
(0 0 0)
(0 0 0)
(0 0 0)
(0 0 0)
(0 0 0)
(0 0 0)
(0 0 0)
(0 0 0)
(0 0 0)
(0 0 0)
(0 0 0)
(0 0 0)
(0 0 0)
(0 0 0)
(0 0 0)
(0 0 0)
(0 0 0)
(0 0 0)
(0 0 0)
(0 0 0)
(0 0 0)
(0 0 0)
(0 0 0)
(0 0 0)
(0 0 0)
(0 0 0)
(0 0 0)
(0 0 0)
(0 0 0)
(0 0 0)
(0 0 0)
(0 0 0)
(0 0 0)
(0 0 0)
(0 0 0)
(0 0 0)
(0 0 0)
(0 0 0)
(0 0 0)
(0 0 0)
(0 0 0)
(0 0 0)
(0 0 0)
(0 0 0)
(0 0 0)
(0 0 0)
(0 0 0)
(0 0 0)
(0 0 0)
(0 0 0)
(0 0 0)
(0 0 0)
(0 0 0)
(0 0 0)
(0 0 0)
(0 0 0)
(0 0 0)
(0 0 0)
(0 0 0)
(0 0 0)
(0 0 0)
(0 0 0)
(0 0 0)
(0 0 0)
(0 0 0)
(0 0 0)
(0 0 0)
(0 0 0)
(0 0 0)
(0 0 0)
(0 0 0)
(0 0 0)
(0 0 0)
(0 0 0)
(0 0 0)
(0 0 0)
(0 0 0)
(0 0 0)
(0 0 0)
(0 0 0)
(0 0 0)
(0 0 0)
(0 0 0)
(0 0 0)
(0 0 0)
(0 0 0)
(0 0 0)
(0 0 0)
(0 0 0)
(0 0 0)
(0 0 0)
(0 0 0)
(0 0 0)
(0 0 0)
(0 0 0)
(0 0 0)
(0 0 0)
(0 0 0)
(0 0 0)
(0 0 0)
(0 0 0)
(0 0 0)
(0 0 0)
(0 0 0)
(0 0 0)
(0 0 0)
(0 0 0)
(0 0 0)
(0 0 0)
(0 0 0)
(0 0 0)
(0 0 0)
(0 0 0)
(0 0 0)
(0 0 0)
(0 0 0)
(0 0 0)
(0 0 0)
(0 0 0)
(0 0 0)
(0 0 0)
(0 0 0)
(0 0 0)
(0 0 0)
(0 0 0)
(0 0 0)
(0 0 0)
(0 0 0)
(0 0 0)
(0 0 0)
(0 0 0)
(0 0 0)
(0 0 0)
(0 0 0)
(0 0 0)
(0 0 0)
(0 0 0)
(0 0 0)
(0 0 0)
(0 0 0)
(0 0 0)
(0 0 0)
(0 0 0)
(0 0 0)
(0 0 0)
(0 0 0)
(0 0 0)
(0 0 0)
(0 0 0)
(0 0 0)
(0 0 0)
(0 0 0)
(0 0 0)
(0 0 0)
(0 0 0)
(0 0 0)
(0 0 0)
(0 0 0)
(0 0 0)
(0 0 0)
(0 0 0)
(0 0 0)
(0 0 0)
(0 0 0)
(0 0 0)
(0 0 0)
(0 0 0)
(0 0 0)
(0 0 0)
(0 0 0)
(0 0 0)
(0 0 0)
(0 0 0)
(0 0 0)
(0 0 0)
(0 0 0)
(0 0 0)
(0 0 0)
(0 0 0)
(0 0 0)
(0 0 0)
(0 0 0)
(0 0 0)
(0 0 0)
(0 0 0)
(0 0 0)
(0 0 0)
(0 0 0)
(0 0 0)
(0 0 0)
(0 0 0)
(0 0 0)
(0 0 0)
(0 0 0)
(0 0 0)
(0 0 0)
(0 0 0)
(0 0 0)
(0 0 0)
(0 0 0)
(0 0 0)
(0 0 0)
(0 0 0)
(0 0 0)
(0 0 0)
(0 0 0)
(0 0 0)
(0 0 0)
(0 0 0)
(0 0 0)
(0 0 0)
(0 0 0)
(0 0 0)
(0 0 0)
(0 0 0)
(0 0 0)
(0 0 0)
(0 0 0)
(0 0 0)
(0 0 0)
(0 0 0)
(0 0 0)
(0 0 0)
(0 0 0)
(0 0 0)
(0 0 0)
(0 0 0)
(0 0 0)
(0 0 0)
(0 0 0)
(0 0 0)
(0 0 0)
(0 0 0)
(0 0 0)
(0 0 0)
(0 0 0)
(0 0 0)
(0 0 0)
(0 0 0)
(0 0 0)
(0 0 0)
(0 0 0)
(0 0 0)
(0 0 0)
(0 0 0)
(0 0 0)
(0 0 0)
(0 0 0)
(0 0 0)
(0 0 0)
(0 0 0)
(0 0 0)
(0 0 0)
(0 0 0)
(0 0 0)
(0 0 0)
(0 0 0)
(0 0 0)
(0 0 0)
(0 0 0)
(0 0 0)
(0 0 0)
(0 0 0)
(0 0 0)
(0 0 0)
(0 0 0)
(0 0 0)
(0 0 0)
(0 0 0)
(0 0 0)
(0 0 0)
(0 0 0)
(0 0 0)
(0 0 0)
(0 0 0)
(0 0 0)
(0 0 0)
(0 0 0)
(0 0 0)
(0 0 0)
(0 0 0)
(0 0 0)
(0 0 0)
(0 0 0)
(0 0 0)
(0 0 0)
(0 0 0)
(0 0 0)
(0 0 0)
(0 0 0)
(0 0 0)
(0 0 0)
(0 0 0)
(0 0 0)
(0 0 0)
(0 0 0)
(0 0 0)
(0 0 0)
(0 0 0)
(0 0 0)
(0 0 0)
(0 0 0)
(0 0 0)
(0 0 0)
(0 0 0)
(0 0 0)
(0 0 0)
(0 0 0)
(0 0 0)
(0 0 0)
(0 0 0)
(0 0 0)
(0 0 0)
(0 0 0)
(0 0 0)
(0 0 0)
(0 0 0)
(0 0 0)
(0 0 0)
(0 0 0)
(0 0 0)
(0 0 0)
(0 0 0)
(0 0 0)
(0 0 0)
(0 0 0)
(0 0 0)
(0 0 0)
(0 0 0)
(0 0 0)
(0 0 0)
(0 0 0)
(0 0 0)
(0 0 0)
(0 0 0)
(0 0 0)
(0 0 0)
(0 0 0)
(0 0 0)
(0 0 0)
(0 0 0)
(0 0 0)
(0 0 0)
(0 0 0)
(0 0 0)
(0 0 0)
(0 0 0)
(0 0 0)
(0 0 0)
(0 0 0)
(0 0 0)
(0 0 0)
(0 0 0)
(0 0 0)
(0 0 0)
(0 0 0)
(0 0 0)
(0 0 0)
(0 0 0)
(0 0 0)
(0 0 0)
(0 0 0)
(0 0 0)
(0 0 0)
(0 0 0)
(0 0 0)
(0 0 0)
(0 0 0)
(0 0 0)
(0 0 0)
(0 0 0)
(0 0 0)
(0 0 0)
(0 0 0)
(0 0 0)
(0 0 0)
(0 0 0)
(0 0 0)
(0 0 0)
(0 0 0)
(0 0 0)
(0 0 0)
(0 0 0)
(0 0 0)
(0 0 0)
(0 0 0)
(0 0 0)
(0 0 0)
(0 0 0)
(0 0 0)
(0 0 0)
(0 0 0)
(0 0 0)
(0 0 0)
(0 0 0)
(0 0 0)
(0 0 0)
(0 0 0)
(0 0 0)
(0 0 0)
(0 0 0)
(0 0 0)
(0 0 0)
(0 0 0)
(0 0 0)
(0 0 0)
(0 0 0)
(0 0 0)
(0 0 0)
(0 0 0)
(0 0 0)
(0 0 0)
(0 0 0)
(0 0 0)
(0 0 0)
(0 0 0)
(0 0 0)
(0 0 0)
(0 0 0)
(0 0 0)
(0 0 0)
(0 0 0)
(0 0 0)
(0 0 0)
(0 0 0)
(0 0 0)
(0 0 0)
(0 0 0)
(0 0 0)
(0 0 0)
(0 0 0)
(0 0 0)
(0 0 0)
(0 0 0)
(0 0 0)
(0 0 0)
(0 0 0)
(0 0 0)
(0 0 0)
(0 0 0)
(0 0 0)
(0 0 0)
(0 0 0)
(0 0 0)
(0 0 0)
(0 0 0)
(0 0 0)
(0 0 0)
(0 0 0)
(0 0 0)
(0 0 0)
(0 0 0)
(0 0 0)
(0 0 0)
(0 0 0)
(0 0 0)
(0 0 0)
(0 0 0)
(0 0 0)
(0 0 0)
(0 0 0)
(0 0 0)
(0 0 0)
(0 0 0)
(0 0 0)
(0 0 0)
(0 0 0)
(0 0 0)
(0 0 0)
(0 0 0)
(0 0 0)
(0 0 0)
(0 0 0)
(0 0 0)
(0 0 0)
(0 0 0)
(0 0 0)
(0 0 0)
(0 0 0)
(0 0 0)
(0 0 0)
(0 0 0)
(0 0 0)
(0 0 0)
(0 0 0)
(0 0 0)
(0 0 0)
(0 0 0)
(0 0 0)
(0 0 0)
(0 0 0)
(0 0 0)
(0 0 0)
(0 0 0)
(0 0 0)
(0 0 0)
(0 0 0)
(0 0 0)
(0 0 0)
(0 0 0)
(0 0 0)
(0 0 0)
(0 0 0)
(0 0 0)
(0 0 0)
(0 0 0)
(0 0 0)
(0 0 0)
(0 0 0)
(0 0 0)
(0 0 0)
(0 0 0)
(0 0 0)
(0 0 0)
(0 0 0)
(0 0 0)
(0 0 0)
(0 0 0)
(0 0 0)
(0 0 0)
(0 0 0)
(0 0 0)
(0 0 0)
(0 0 0)
(0 0 0)
(0 0 0)
(0 0 0)
(0 0 0)
(0 0 0)
(0 0 0)
(0 0 0)
(0 0 0)
(0 0 0)
(0 0 0)
(0 0 0)
(0 0 0)
(0 0 0)
(0 0 0)
(0 0 0)
(0 0 0)
(0 0 0)
(0 0 0)
(0 0 0)
(0 0 0)
(0 0 0)
(0 0 0)
(0 0 0)
(0 0 0)
(0 0 0)
(0 0 0)
(0 0 0)
(0 0 0)
(0 0 0)
(0 0 0)
(0 0 0)
(0 0 0)
(0 0 0)
(0 0 0)
(0 0 0)
(0 0 0)
(0 0 0)
(0 0 0)
(0 0 0)
(0 0 0)
(0 0 0)
(0 0 0)
(0 0 0)
(0 0 0)
(0 0 0)
(0 0 0)
(0 0 0)
(0 0 0)
(0 0 0)
(0 0 0)
(0 0 0)
(0 0 0)
(0 0 0)
(0 0 0)
(0 0 0)
(0 0 0)
(0 0 0)
(0 0 0)
(0 0 0)
(0 0 0)
(0 0 0)
(0 0 0)
(0 0 0)
(0 0 0)
(0 0 0)
(0 0 0)
(0 0 0)
(0 0 0)
(0 0 0)
(0 0 0)
(0 0 0)
(0 0 0)
(0 0 0)
(0 0 0)
(0 0 0)
(0 0 0)
(0 0 0)
(0 0 0)
(0 0 0)
(0 0 0)
(0 0 0)
(0 0 0)
(0 0 0)
(0 0 0)
(0 0 0)
(0 0 0)
(0 0 0)
(0 0 0)
(0 0 0)
(0 0 0)
(0 0 0)
(0 0 0)
(0 0 0)
(0 0 0)
(0 0 0)
(0 0 0)
(0 0 0)
(0 0 0)
(0 0 0)
(0 0 0)
(0 0 0)
(0 0 0)
(0 0 0)
(0 0 0)
(0 0 0)
(0 0 0)
(0 0 0)
(0 0 0)
(0 0 0)
(0 0 0)
(0 0 0)
(0 0 0)
(0 0 0)
(0 0 0)
(0 0 0)
(0 0 0)
(0 0 0)
(0 0 0)
(0 0 0)
(0 0 0)
(0 0 0)
(0 0 0)
(0 0 0)
(0 0 0)
(0 0 0)
(0 0 0)
(0 0 0)
(0 0 0)
(0 0 0)
(0 0 0)
(0 0 0)
(0 0 0)
(0 0 0)
(0 0 0)
(0 0 0)
(0 0 0)
(0 0 0)
(0 0 0)
(0 0 0)
(0 0 0)
(0 0 0)
(0 0 0)
(0 0 0)
(0 0 0)
(0 0 0)
(0 0 0)
(0 0 0)
(0 0 0)
(0 0 0)
(0 0 0)
(0 0 0)
(0 0 0)
(0 0 0)
(0 0 0)
(0 0 0)
(0 0 0)
(0 0 0)
(0 0 0)
(0 0 0)
(0 0 0)
(0 0 0)
(0 0 0)
(0 0 0)
(0 0 0)
(0 0 0)
(0 0 0)
(0 0 0)
(0 0 0)
(0 0 0)
(0 0 0)
(0 0 0)
(0 0 0)
(0 0 0)
(0 0 0)
(0 0 0)
(0 0 0)
(0 0 0)
(0 0 0)
(0 0 0)
(0 0 0)
(0 0 0)
(0 0 0)
(0 0 0)
(0 0 0)
(0 0 0)
(0 0 0)
(0 0 0)
(0 0 0)
(0 0 0)
(0 0 0)
(0 0 0)
(0 0 0)
(0 0 0)
(0 0 0)
(0 0 0)
(0 0 0)
(0 0 0)
(0 0 0)
(0 0 0)
(0 0 0)
(0 0 0)
(0 0 0)
(0 0 0)
(0 0 0)
(0 0 0)
(0 0 0)
(0 0 0)
(0 0 0)
(0 0 0)
(0 0 0)
(0 0 0)
(0 0 0)
(0 0 0)
(0 0 0)
(0 0 0)
(0 0 0)
(0 0 0)
(0 0 0)
(0 0 0)
(0 0 0)
(0 0 0)
(0 0 0)
(0 0 0)
(0 0 0)
(0 0 0)
(0 0 0)
(0 0 0)
(0 0 0)
(0 0 0)
(0 0 0)
(0 0 0)
(0 0 0)
(0 0 0)
(0 0 0)
(0 0 0)
(0 0 0)
(0 0 0)
(0 0 0)
(0 0 0)
(0 0 0)
(0 0 0)
(0 0 0)
(0 0 0)
(0 0 0)
(0 0 0)
(0 0 0)
(0 0 0)
(0 0 0)
(0 0 0)
(0 0 0)
(0 0 0)
(0 0 0)
(0 0 0)
(0 0 0)
(0 0 0)
(0 0 0)
(0 0 0)
(0 0 0)
(0 0 0)
(0 0 0)
(0 0 0)
(0 0 0)
(0 0 0)
(0 0 0)
(0 0 0)
(0 0 0)
(0 0 0)
(0 0 0)
(0 0 0)
(0 0 0)
(0 0 0)
(0 0 0)
(0 0 0)
(0 0 0)
(0 0 0)
(0 0 0)
(0 0 0)
(0 0 0)
(0 0 0)
(0 0 0)
(0 0 0)
(0 0 0)
(0 0 0)
(0 0 0)
(0 0 0)
(0 0 0)
(0 0 0)
(0 0 0)
(0 0 0)
(0 0 0)
(0 0 0)
(0 0 0)
(0 0 0)
(0 0 0)
(0 0 0)
(0 0 0)
(0 0 0)
(0 0 0)
(0 0 0)
(0 0 0)
(0 0 0)
(0 0 0)
(0 0 0)
(0 0 0)
(0 0 0)
(0 0 0)
(0 0 0)
(0 0 0)
(0 0 0)
(0 0 0)
(0 0 0)
(0 0 0)
(0 0 0)
(0 0 0)
(0 0 0)
(0 0 0)
(0 0 0)
(0 0 0)
(0 0 0)
(0 0 0)
(0 0 0)
(0 0 0)
(0 0 0)
(0 0 0)
(0 0 0)
(0 0 0)
(0 0 0)
(0 0 0)
(0 0 0)
(0 0 0)
(0 0 0)
(0 0 0)
(0 0 0)
(0 0 0)
(0 0 0)
(0 0 0)
(0 0 0)
(0 0 0)
(0 0 0)
(0 0 0)
(0 0 0)
(0 0 0)
(0 0 0)
(0 0 0)
(0 0 0)
(0 0 0)
(0 0 0)
(0 0 0)
(0 0 0)
(0 0 0)
(0 0 0)
(0 0 0)
(0 0 0)
(0 0 0)
(0 0 0)
(0 0 0)
(0 0 0)
(0 0 0)
(0 0 0)
(0 0 0)
(0 0 0)
(0 0 0)
(0 0 0)
(0 0 0)
(0 0 0)
(0 0 0)
(0 0 0)
(0 0 0)
(0 0 0)
(0 0 0)
(0 0 0)
(0 0 0)
(0 0 0)
(0 0 0)
(0 0 0)
(0 0 0)
(0 0 0)
(0 0 0)
(0 0 0)
(0 0 0)
(0 0 0)
(0 0 0)
(0 0 0)
(0 0 0)
(0 0 0)
(0 0 0)
(0 0 0)
(0 0 0)
(0 0 0)
(0 0 0)
(0 0 0)
(0 0 0)
(0 0 0)
(0 0 0)
(0 0 0)
(0 0 0)
(0 0 0)
(0 0 0)
(0 0 0)
(0 0 0)
(0 0 0)
(0 0 0)
(0 0 0)
(0 0 0)
(0 0 0)
(0 0 0)
(0 0 0)
(0 0 0)
(0 0 0)
(0 0 0)
(0 0 0)
(0 0 0)
(0 0 0)
(0 0 0)
(0 0 0)
(0 0 0)
(0 0 0)
(0 0 0)
(0 0 0)
(0 0 0)
(0 0 0)
(0 0 0)
(0 0 0)
(0 0 0)
(0 0 0)
(0 0 0)
(0 0 0)
(0 0 0)
(0 0 0)
(0 0 0)
(0 0 0)
(0 0 0)
(0 0 0)
(0 0 0)
(0 0 0)
(0 0 0)
(0 0 0)
(0 0 0)
(0 0 0)
(0 0 0)
(0 0 0)
(0 0 0)
(0 0 0)
(0 0 0)
(0 0 0)
(0 0 0)
(0 0 0)
(0 0 0)
(0 0 0)
(0 0 0)
(0 0 0)
(0 0 0)
(0 0 0)
(0 0 0)
(0 0 0)
(0 0 0)
(0 0 0)
(0 0 0)
(0 0 0)
(0 0 0)
(0 0 0)
(0 0 0)
(0 0 0)
(0 0 0)
(0 0 0)
(0 0 0)
(0 0 0)
(0 0 0)
(0 0 0)
(0 0 0)
(0 0 0)
(0 0 0)
(0 0 0)
(0 0 0)
(0 0 0)
(0 0 0)
(0 0 0)
(0 0 0)
(0 0 0)
(0 0 0)
(0 0 0)
(0 0 0)
(0 0 0)
(0 0 0)
(0 0 0)
(0 0 0)
(0 0 0)
(0 0 0)
(0 0 0)
(0 0 0)
(0 0 0)
(0 0 0)
(0 0 0)
(0 0 0)
(0 0 0)
(0 0 0)
(0 0 0)
(0 0 0)
(0 0 0)
(0 0 0)
(0 0 0)
(0 0 0)
(0 0 0)
(0 0 0)
(0 0 0)
(0 0 0)
(0 0 0)
(0 0 0)
(0 0 0)
(0 0 0)
(0 0 0)
(0 0 0)
(0 0 0)
(0 0 0)
(0 0 0)
(0 0 0)
(0 0 0)
(0 0 0)
(0 0 0)
(0 0 0)
(0 0 0)
(0 0 0)
(0 0 0)
(0 0 0)
(0 0 0)
(0 0 0)
(0 0 0)
(0 0 0)
(0 0 0)
(0 0 0)
(0 0 0)
(0 0 0)
(0 0 0)
(0 0 0)
(0 0 0)
(0 0 0)
(0 0 0)
(0 0 0)
(0 0 0)
(0 0 0)
(0 0 0)
(0 0 0)
(0 0 0)
(0 0 0)
(0 0 0)
(0 0 0)
(0 0 0)
(0 0 0)
(0 0 0)
(0 0 0)
(0 0 0)
(0 0 0)
(0 0 0)
(0 0 0)
(0 0 0)
(0 0 0)
(0 0 0)
(0 0 0)
(0 0 0)
(0 0 0)
(0 0 0)
(0 0 0)
(0 0 0)
(0 0 0)
(0 0 0)
(0 0 0)
(0 0 0)
(0 0 0)
(0 0 0)
(0 0 0)
(0 0 0)
(0 0 0)
(0 0 0)
(0 0 0)
(0 0 0)
(0 0 0)
(0 0 0)
(0 0 0)
(0 0 0)
(0 0 0)
(0 0 0)
(0 0 0)
(0 0 0)
(0 0 0)
(0 0 0)
(0 0 0)
(0 0 0)
(0 0 0)
(0 0 0)
(0 0 0)
(0 0 0)
(0 0 0)
(0 0 0)
(0 0 0)
(0 0 0)
(0 0 0)
(0 0 0)
(0 0 0)
(0 0 0)
(0 0 0)
(0 0 0)
(0 0 0)
(0 0 0)
(0 0 0)
(0 0 0)
(0 0 0)
(0 0 0)
(0 0 0)
(0 0 0)
(0 0 0)
(0 0 0)
(0 0 0)
(0 0 0)
(0 0 0)
(0 0 0)
(0 0 0)
(0 0 0)
(0 0 0)
(0 0 0)
(0 0 0)
(0 0 0)
(0 0 0)
(0 0 0)
(0 0 0)
(0 0 0)
(0 0 0)
(0 0 0)
(0 0 0)
(0 0 0)
(0 0 0)
(0 0 0)
(0 0 0)
(0 0 0)
(0 0 0)
(0 0 0)
(0 0 0)
(0 0 0)
(0 0 0)
(0 0 0)
(0 0 0)
(0 0 0)
(0 0 0)
(0 0 0)
(0 0 0)
(0 0 0)
(0 0 0)
(0 0 0)
(0 0 0)
(0 0 0)
(0 0 0)
(0 0 0)
(0 0 0)
(0 0 0)
(0 0 0)
(0 0 0)
(0 0 0)
(0 0 0)
(0 0 0)
(0 0 0)
(0 0 0)
(0 0 0)
(0 0 0)
(0 0 0)
(0 0 0)
(0 0 0)
(0 0 0)
(0 0 0)
(0 0 0)
(0 0 0)
(0 0 0)
(0 0 0)
(0 0 0)
(0 0 0)
(0 0 0)
(0 0 0)
(0 0 0)
(0 0 0)
(0 0 0)
(0 0 0)
(0 0 0)
(0 0 0)
(0 0 0)
(0 0 0)
(0 0 0)
(0 0 0)
(0 0 0)
(0 0 0)
(0 0 0)
(0 0 0)
(0 0 0)
(0 0 0)
(0 0 0)
(0 0 0)
(0 0 0)
(0 0 0)
(0 0 0)
(0 0 0)
(0 0 0)
(0 0 0)
(0 0 0)
(0 0 0)
(0 0 0)
(0 0 0)
(0 0 0)
(0 0 0)
(0 0 0)
(0 0 0)
(0 0 0)
(0 0 0)
(0 0 0)
(0 0 0)
(0 0 0)
(0 0 0)
(0 0 0)
(0 0 0)
(0 0 0)
(0 0 0)
(0 0 0)
(0 0 0)
(0 0 0)
(0 0 0)
(0 0 0)
(0 0 0)
(0 0 0)
(0 0 0)
(0 0 0)
(0 0 0)
(0 0 0)
(0 0 0)
(0 0 0)
(0 0 0)
(0 0 0)
(0 0 0)
(0 0 0)
(0 0 0)
(0 0 0)
(0 0 0)
(0 0 0)
(0 0 0)
(0 0 0)
(0 0 0)
(0 0 0)
(0 0 0)
(0 0 0)
(0 0 0)
(0 0 0)
(0 0 0)
(0 0 0)
(0 0 0)
(0 0 0)
(0 0 0)
(0 0 0)
(0 0 0)
(0 0 0)
(0 0 0)
(0 0 0)
(0 0 0)
(0 0 0)
(0 0 0)
(0 0 0)
(0 0 0)
(0 0 0)
(0 0 0)
(0 0 0)
(0 0 0)
(0 0 0)
(0 0 0)
(0 0 0)
(0 0 0)
(0 0 0)
(0 0 0)
(0 0 0)
(0 0 0)
(0 0 0)
(0 0 0)
(0 0 0)
(0 0 0)
(0 0 0)
(0 0 0)
(0 0 0)
(0 0 0)
(0 0 0)
(0 0 0)
(0 0 0)
(0 0 0)
(0 0 0)
(0 0 0)
(0 0 0)
(0 0 0)
(0 0 0)
(0 0 0)
(0 0 0)
(0 0 0)
(0 0 0)
(0 0 0)
(0 0 0)
(0 0 0)
(0 0 0)
(0 0 0)
(0 0 0)
(0 0 0)
(0 0 0)
(0 0 0)
(0 0 0)
(0 0 0)
(0 0 0)
(0 0 0)
(0 0 0)
(0 0 0)
(0 0 0)
(0 0 0)
(0 0 0)
(0 0 0)
(0 0 0)
(0 0 0)
(0 0 0)
(0 0 0)
(0 0 0)
(0 0 0)
(0 0 0)
(0 0 0)
(0 0 0)
(0 0 0)
(0 0 0)
(0 0 0)
(0 0 0)
(0 0 0)
(0 0 0)
(0 0 0)
(0 0 0)
(0 0 0)
(0 0 0)
(0 0 0)
(0 0 0)
(0 0 0)
(0 0 0)
(0 0 0)
(0 0 0)
(0 0 0)
(0 0 0)
(0 0 0)
(0 0 0)
(0 0 0)
(0 0 0)
(0 0 0)
(0 0 0)
(0 0 0)
(0 0 0)
(0 0 0)
(0 0 0)
(0 0 0)
(0 0 0)
(0 0 0)
(0 0 0)
(0 0 0)
(0 0 0)
(0 0 0)
(0 0 0)
(0 0 0)
(0 0 0)
(0 0 0)
(0 0 0)
(0 0 0)
(0 0 0)
(0 0 0)
(0 0 0)
(0 0 0)
(0 0 0)
(0 0 0)
(0 0 0)
(0 0 0)
(0 0 0)
(0 0 0)
(0 0 0)
(0 0 0)
(0 0 0)
(0 0 0)
(0 0 0)
(0 0 0)
(0 0 0)
(0 0 0)
(0 0 0)
(0 0 0)
(0 0 0)
(0 0 0)
(0 0 0)
(0 0 0)
(0 0 0)
(0 0 0)
(0 0 0)
(0 0 0)
(0 0 0)
(0 0 0)
(0 0 0)
(0 0 0)
(0 0 0)
(0 0 0)
(0 0 0)
(0 0 0)
(0 0 0)
(0 0 0)
(0 0 0)
(0 0 0)
(0 0 0)
(0 0 0)
(0 0 0)
(0 0 0)
(0 0 0)
(0 0 0)
(0 0 0)
(0 0 0)
(0 0 0)
(0 0 0)
(0 0 0)
(0 0 0)
(0 0 0)
(0 0 0)
(0 0 0)
(0 0 0)
(0 0 0)
(0 0 0)
(0 0 0)
(0 0 0)
(0 0 0)
(0 0 0)
(0 0 0)
(0 0 0)
(0 0 0)
(0 0 0)
(0 0 0)
(0 0 0)
(0 0 0)
(0 0 0)
(0 0 0)
(0 0 0)
(0 0 0)
(0 0 0)
(0 0 0)
(0 0 0)
(0 0 0)
(0 0 0)
(0 0 0)
(0 0 0)
(0 0 0)
(0 0 0)
(0 0 0)
(0 0 0)
(0 0 0)
(0 0 0)
(0 0 0)
(0 0 0)
(0 0 0)
(0 0 0)
(0 0 0)
(0 0 0)
(0 0 0)
(0 0 0)
(0 0 0)
(0 0 0)
(0 0 0)
(0 0 0)
(0 0 0)
(0 0 0)
(0 0 0)
(0 0 0)
(0 0 0)
(0 0 0)
(0 0 0)
(0 0 0)
(0 0 0)
(0 0 0)
(0 0 0)
(0 0 0)
(0 0 0)
(0 0 0)
(0 0 0)
(0 0 0)
(0 0 0)
(0 0 0)
(0 0 0)
(0 0 0)
(0 0 0)
(0 0 0)
(0 0 0)
(0 0 0)
(0 0 0)
(0 0 0)
(0 0 0)
(0 0 0)
(0 0 0)
(0 0 0)
(0 0 0)
(0 0 0)
(0 0 0)
(0 0 0)
(0 0 0)
(0 0 0)
(0 0 0)
(0 0 0)
(0 0 0)
(0 0 0)
(0 0 0)
(0 0 0)
(0 0 0)
(0 0 0)
(0 0 0)
(0 0 0)
(0 0 0)
(0 0 0)
(0 0 0)
(0 0 0)
(0 0 0)
(0 0 0)
(0 0 0)
(0 0 0)
(0 0 0)
(0 0 0)
(0 0 0)
(0 0 0)
(0 0 0)
(0 0 0)
(0 0 0)
(0 0 0)
(0 0 0)
(0 0 0)
(0 0 0)
(0 0 0)
(0 0 0)
(0 0 0)
(0 0 0)
(0 0 0)
(0 0 0)
(0 0 0)
(0 0 0)
(0 0 0)
(0 0 0)
(0 0 0)
(0 0 0)
(0 0 0)
(0 0 0)
(0 0 0)
(0 0 0)
(0 0 0)
(0 0 0)
(0 0 0)
(0 0 0)
(0 0 0)
(0 0 0)
(0 0 0)
(0 0 0)
(0 0 0)
(0 0 0)
(0 0 0)
(0 0 0)
(0 0 0)
(0 0 0)
(0 0 0)
(0 0 0)
(0 0 0)
(0 0 0)
(0 0 0)
(0 0 0)
(0 0 0)
(0 0 0)
(0 0 0)
(0 0 0)
(0 0 0)
(0 0 0)
(0 0 0)
(0 0 0)
(0 0 0)
(0 0 0)
(0 0 0)
(0 0 0)
(0 0 0)
(0 0 0)
(0 0 0)
(0 0 0)
(0 0 0)
(0 0 0)
(0 0 0)
(2.025323061992737e-06 3.403120197646476e-06 -1.64839386872314e-06)
(0 0 0)
(0 0 0)
(0 0 0)
(0 0 0)
(0 0 0)
(0 0 0)
(0 0 0)
(0 0 0)
(0 0 0)
(0 0 0)
(0 0 0)
(0 0 0)
(0 0 0)
(0 0 0)
(0 0 0)
(0 0 0)
(0 0 0)
(0 0 0)
(0 0 0)
(0 0 0)
(0 0 0)
(0 0 0)
(0 0 0)
(0 0 0)
(0 0 0)
(0 0 0)
(0 0 0)
(0 0 0)
(0 0 0)
(0 0 0)
(0 0 0)
(0 0 0)
(0 0 0)
(0 0 0)
(0 0 0)
(0 0 0)
(0 0 0)
(0 0 0)
(0 0 0)
(0 0 0)
(0 0 0)
(0 0 0)
(0 0 0)
(0 0 0)
(0 0 0)
(0 0 0)
(0 0 0)
(0 0 0)
(0 0 0)
(0 0 0)
(0 0 0)
(0 0 0)
(0 0 0)
(0 0 0)
(0 0 0)
(0 0 0)
(0 0 0)
(0 0 0)
(0 0 0)
(0 0 0)
(0 0 0)
(0 0 0)
(0 0 0)
(0 0 0)
(0 0 0)
(0 0 0)
(0 0 0)
(0 0 0)
(0 0 0)
(0 0 0)
(0 0 0)
(0 0 0)
(0 0 0)
(0 0 0)
(0 0 0)
(0 0 0)
(0 0 0)
(0 0 0)
(0 0 0)
(0 0 0)
(0 0 0)
(0 0 0)
(0 0 0)
(0 0 0)
(0 0 0)
(0 0 0)
(0 0 0)
(0 0 0)
(0 0 0)
(0 0 0)
(0 0 0)
(0 0 0)
(0 0 0)
(0 0 0)
(0 0 0)
(0 0 0)
(0 0 0)
(0 0 0)
(0 0 0)
(0 0 0)
(0 0 0)
(0 0 0)
(0 0 0)
(0 0 0)
(0 0 0)
(0 0 0)
(0 0 0)
(0 0 0)
(0 0 0)
(0 0 0)
(0 0 0)
(0 0 0)
(0 0 0)
(0 0 0)
(0 0 0)
(0 0 0)
(0 0 0)
(0 0 0)
(0 0 0)
(0 0 0)
(0 0 0)
(0 0 0)
(0 0 0)
(0 0 0)
(0 0 0)
(0 0 0)
(0 0 0)
(0 0 0)
(0 0 0)
(0 0 0)
(0 0 0)
(0 0 0)
(0 0 0)
(0 0 0)
(0 0 0)
(0 0 0)
(0 0 0)
(0 0 0)
(0 0 0)
(0 0 0)
(0 0 0)
(0 0 0)
(0 0 0)
(0 0 0)
(0 0 0)
(0 0 0)
(0 0 0)
(0 0 0)
(0 0 0)
(0 0 0)
(0 0 0)
(0 0 0)
(0 0 0)
(0 0 0)
(0 0 0)
(0 0 0)
(0 0 0)
(0 0 0)
(0 0 0)
(0 0 0)
(0 0 0)
(0 0 0)
(0 0 0)
(0 0 0)
(0 0 0)
(0 0 0)
(0 0 0)
(0 0 0)
(0 0 0)
(0 0 0)
(0 0 0)
(0 0 0)
(0 0 0)
(0 0 0)
(0 0 0)
(0 0 0)
(0 0 0)
(0 0 0)
(0 0 0)
(0 0 0)
(0 0 0)
(0 0 0)
(0 0 0)
(0 0 0)
(0 0 0)
(0 0 0)
(0 0 0)
(0 0 0)
(0 0 0)
(0 0 0)
(0 0 0)
(0 0 0)
(0 0 0)
(0 0 0)
(0 0 0)
(0 0 0)
(0 0 0)
(0 0 0)
(0 0 0)
(0 0 0)
(0 0 0)
(0 0 0)
(0 0 0)
(0 0 0)
(0 0 0)
(0 0 0)
(0 0 0)
(0 0 0)
(0 0 0)
(0 0 0)
(0 0 0)
(0 0 0)
(0 0 0)
(0 0 0)
(0 0 0)
(0 0 0)
(0 0 0)
(0 0 0)
(0 0 0)
(0 0 0)
(0 0 0)
(0 0 0)
(0 0 0)
(0 0 0)
(0 0 0)
(0 0 0)
(0 0 0)
(0 0 0)
(0 0 0)
(0 0 0)
(0 0 0)
(0 0 0)
(0 0 0)
(0 0 0)
(0 0 0)
(0 0 0)
(0 0 0)
(0 0 0)
(0 0 0)
(0 0 0)
(0 0 0)
(0 0 0)
(0 0 0)
(0 0 0)
(0 0 0)
(0 0 0)
(0 0 0)
(0 0 0)
(0 0 0)
(0 0 0)
(0 0 0)
(0 0 0)
(0 0 0)
(0 0 0)
(0 0 0)
(0 0 0)
(0 0 0)
(0 0 0)
(0 0 0)
(0 0 0)
(0 0 0)
(0 0 0)
(0 0 0)
(0 0 0)
(0 0 0)
(0 0 0)
(0 0 0)
(0 0 0)
(0 0 0)
(0 0 0)
(0 0 0)
(0 0 0)
(0 0 0)
(0 0 0)
(0 0 0)
(0 0 0)
(0 0 0)
(0 0 0)
(0 0 0)
(0 0 0)
(0 0 0)
(0 0 0)
(0 0 0)
(0 0 0)
(0 0 0)
(0 0 0)
(0 0 0)
(0 0 0)
(0 0 0)
(0 0 0)
(0 0 0)
(0 0 0)
(0 0 0)
(0 0 0)
(0 0 0)
(0 0 0)
(0 0 0)
(0 0 0)
(0 0 0)
(0 0 0)
(0 0 0)
(0 0 0)
(0 0 0)
(0 0 0)
(0 0 0)
(0 0 0)
(0 0 0)
(0 0 0)
(0 0 0)
(0 0 0)
(0 0 0)
(0 0 0)
(0 0 0)
(0 0 0)
(0 0 0)
(0 0 0)
(0 0 0)
(0 0 0)
(0 0 0)
(0 0 0)
(0 0 0)
(0 0 0)
(0 0 0)
(0 0 0)
(0 0 0)
(0 0 0)
(0 0 0)
(0 0 0)
(0 0 0)
(0 0 0)
(0 0 0)
(0 0 0)
(0 0 0)
(0 0 0)
(0 0 0)
(0 0 0)
(0 0 0)
(0 0 0)
(0 0 0)
(0 0 0)
(0 0 0)
(0 0 0)
(0 0 0)
(0 0 0)
(0 0 0)
(0 0 0)
(0 0 0)
(0 0 0)
(0 0 0)
(0 0 0)
(0 0 0)
(0 0 0)
(0 0 0)
(0 0 0)
(0 0 0)
(0 0 0)
(0 0 0)
(0 0 0)
(0 0 0)
(0 0 0)
(0 0 0)
(0 0 0)
(0 0 0)
(0 0 0)
(0 0 0)
(0 0 0)
(0 0 0)
(0 0 0)
(0 0 0)
(0 0 0)
(0 0 0)
(0 0 0)
(0 0 0)
(0 0 0)
(0 0 0)
(0 0 0)
(0 0 0)
(0 0 0)
(0 0 0)
(0 0 0)
(0 0 0)
(0 0 0)
(0 0 0)
(0 0 0)
(0 0 0)
(0 0 0)
(0 0 0)
(0 0 0)
(0 0 0)
(0 0 0)
(0 0 0)
(0 0 0)
(0 0 0)
(0 0 0)
(0 0 0)
(0 0 0)
(0 0 0)
(0 0 0)
(0 0 0)
(0 0 0)
(0 0 0)
(0 0 0)
(0 0 0)
(0 0 0)
(0 0 0)
(0 0 0)
(0 0 0)
(0 0 0)
(0 0 0)
(0 0 0)
(0 0 0)
(0 0 0)
(0 0 0)
(0 0 0)
(0 0 0)
(0 0 0)
(0 0 0)
(0 0 0)
(0 0 0)
(0 0 0)
(0 0 0)
(0 0 0)
(0 0 0)
(0 0 0)
(0 0 0)
(0 0 0)
(0 0 0)
(0 0 0)
(0 0 0)
(0 0 0)
(0 0 0)
(0 0 0)
(0 0 0)
(0 0 0)
(0 0 0)
(0 0 0)
(0 0 0)
(0 0 0)
(0 0 0)
(1.032313201405479e-07 -1.086203992322458e-08 -2.507447573751492e-07)
(0 0 0)
(0 0 0)
(0 0 0)
(0 0 0)
(0 0 0)
(0 0 0)
(0 0 0)
(0 0 0)
(0 0 0)
(1.529505313546376e-06 7.611978258124749e-07 -1.520596750818338e-06)
(2.574915888250223e-06 2.004061277454771e-06 -1.727064693704597e-06)
(0 0 0)
(0 0 0)
(0 0 0)
(0 0 0)
(0 0 0)
(0 0 0)
(0 0 0)
(0 0 0)
(0 0 0)
(0 0 0)
(0 0 0)
(0 0 0)
(0 0 0)
(0 0 0)
(0 0 0)
(0 0 0)
(0 0 0)
(0 0 0)
(0 0 0)
(0 0 0)
(0 0 0)
(0 0 0)
(0 0 0)
(0 0 0)
(0 0 0)
(0 0 0)
(0 0 0)
(0 0 0)
(0 0 0)
(0 0 0)
(0 0 0)
(0 0 0)
(0 0 0)
(0 0 0)
(0 0 0)
(0 0 0)
(0 0 0)
(0 0 0)
(0 0 0)
(0 0 0)
(0 0 0)
(0 0 0)
(0 0 0)
(0 0 0)
(0 0 0)
(0 0 0)
(0 0 0)
(0 0 0)
(0 0 0)
(4.458672450545453e-08 -1.230670778556874e-07 -2.551770501237273e-07)
(0 0 0)
(0 0 0)
(0 0 0)
(0 0 0)
(0 0 0)
(0 0 0)
(0 0 0)
(0 0 0)
(0 0 0)
(0 0 0)
(0 0 0)
(0 0 0)
(0 0 0)
(0 0 0)
(0 0 0)
(0 0 0)
(0 0 0)
(0 0 0)
(0 0 0)
(0 0 0)
(0 0 0)
(0 0 0)
(0 0 0)
(0 0 0)
(0 0 0)
(0 0 0)
(0 0 0)
(0 0 0)
(0 0 0)
(0 0 0)
(0 0 0)
(0 0 0)
(0 0 0)
(0 0 0)
(0 0 0)
(0 0 0)
(0 0 0)
(0 0 0)
(0 0 0)
(0 0 0)
(0 0 0)
(0 0 0)
(0 0 0)
(0 0 0)
(0 0 0)
(0 0 0)
(0 0 0)
(0 0 0)
(0 0 0)
(0 0 0)
(0 0 0)
(0 0 0)
(0 0 0)
(0 0 0)
(0 0 0)
(0 0 0)
(0 0 0)
(0 0 0)
(0 0 0)
(0 0 0)
(0 0 0)
(0 0 0)
(0 0 0)
(0 0 0)
(0 0 0)
(0 0 0)
(0 0 0)
(0 0 0)
(0 0 0)
(0 0 0)
(3.945128182440954e-06 1.910337368573757e-06 -1.691916368405733e-06)
(0 0 0)
(0 0 0)
(0 0 0)
(0 0 0)
(0 0 0)
(0 0 0)
(0 0 0)
(0 0 0)
(0 0 0)
(0 0 0)
(0 0 0)
(0 0 0)
(0 0 0)
(0 0 0)
(0 0 0)
(0 0 0)
(0 0 0)
(0 0 0)
(0 0 0)
(0 0 0)
(7.526565365985921e-07 5.497307519190266e-07 -6.411448959852531e-07)
(0 0 0)
(0 0 0)
(0 0 0)
(0 0 0)
(0 0 0)
(0 0 0)
(0 0 0)
(0 0 0)
(0 0 0)
(0 0 0)
(0 0 0)
(0 0 0)
(0 0 0)
(0 0 0)
(0 0 0)
(0 0 0)
(0 0 0)
(0 0 0)
(0 0 0)
(0 0 0)
(0 0 0)
(0 0 0)
(3.895028125186204e-07 3.97170867733595e-07 -3.716542156948455e-07)
(0 0 0)
(0 0 0)
(0 0 0)
(0 0 0)
(0 0 0)
(0 0 0)
(0 0 0)
(0 0 0)
(0 0 0)
(0 0 0)
(0 0 0)
(0 0 0)
(0 0 0)
(4.988175602846304e-06 2.913959842521256e-06 -4.024721756636262e-06)
(0 0 0)
(0 0 0)
(0 0 0)
(0 0 0)
(0 0 0)
(0 0 0)
(0 0 0)
(0 0 0)
(0 0 0)
(0 0 0)
(0 0 0)
(0 0 0)
(0 0 0)
(0 0 0)
(0 0 0)
(0 0 0)
(0 0 0)
(0 0 0)
(2.615033350911591e-07 1.833951300780376e-07 -1.945972258269268e-07)
(0 0 0)
(0 0 0)
(0 0 0)
(0 0 0)
(0 0 0)
(0 0 0)
(0 0 0)
(0 0 0)
(0 0 0)
(0 0 0)
(0 0 0)
(0 0 0)
(0 0 0)
(0 0 0)
(0 0 0)
(0 0 0)
(0 0 0)
(0 0 0)
(0 0 0)
(0 0 0)
(0 0 0)
(0 0 0)
(0 0 0)
(0 0 0)
(0 0 0)
(0 0 0)
(0 0 0)
(0 0 0)
(0 0 0)
(0 0 0)
(0 0 0)
(0 0 0)
(0 0 0)
(0 0 0)
(0 0 0)
(0 0 0)
(0 0 0)
(0 0 0)
(0 0 0)
(0 0 0)
(0 0 0)
(0 0 0)
(0 0 0)
(0 0 0)
(0 0 0)
(0 0 0)
(0 0 0)
(0 0 0)
(0 0 0)
(0 0 0)
(0 0 0)
(0 0 0)
(0 0 0)
(0 0 0)
(0 0 0)
(0 0 0)
(0 0 0)
(0 0 0)
(0 0 0)
(0 0 0)
(0 0 0)
(0 0 0)
(0 0 0)
(0 0 0)
(0 0 0)
(0 0 0)
(0 0 0)
(0 0 0)
(0 0 0)
(0 0 0)
(0 0 0)
(0 0 0)
(0 0 0)
(0 0 0)
(0 0 0)
(0 0 0)
(0 0 0)
(0 0 0)
(0 0 0)
(0 0 0)
(0 0 0)
(0 0 0)
(0 0 0)
(0 0 0)
(0 0 0)
(0 0 0)
(7.09160041300505e-07 1.238067097619841e-06 -6.613884422751098e-07)
(0 0 0)
(0 0 0)
(0 0 0)
(0 0 0)
(0 0 0)
(1.566370423171871e-06 8.251715123119122e-07 -8.12665905217823e-07)
(0 0 0)
(0 0 0)
(0 0 0)
(3.172591205445704e-06 3.09169613932981e-06 -1.965705667304821e-06)
(0 0 0)
(0 0 0)
(0 0 0)
(-3.600456450335951e-06 -2.950567848136708e-06 2.342112745160798e-06)
(0 0 0)
(0 0 0)
(0 0 0)
(0 0 0)
(0 0 0)
(0 0 0)
(0 0 0)
(0 0 0)
(0 0 0)
(0 0 0)
(0 0 0)
(0 0 0)
(0 0 0)
(0 0 0)
(0 0 0)
(0 0 0)
(0 0 0)
(0 0 0)
(0 0 0)
(0 0 0)
(0 0 0)
(0 0 0)
(0 0 0)
(0 0 0)
(0 0 0)
(0 0 0)
(0 0 0)
(0 0 0)
(0 0 0)
(0 0 0)
(0 0 0)
(0 0 0)
(0 0 0)
(0 0 0)
(0 0 0)
(0 0 0)
(0 0 0)
(0 0 0)
(0 0 0)
(0 0 0)
(0 0 0)
(0 0 0)
(0 0 0)
(0 0 0)
(0 0 0)
(0 0 0)
(0 0 0)
(0 0 0)
(0 0 0)
(0 0 0)
(0 0 0)
(0 0 0)
(0 0 0)
(0 0 0)
(0 0 0)
(0 0 0)
(0 0 0)
(0 0 0)
(0 0 0)
(0 0 0)
(0 0 0)
(0 0 0)
(0 0 0)
(0 0 0)
(0 0 0)
(0 0 0)
(0 0 0)
(0 0 0)
(0 0 0)
(0 0 0)
(0 0 0)
(0 0 0)
(0 0 0)
(0 0 0)
(0 0 0)
(0 0 0)
(0 0 0)
(0 0 0)
(0 0 0)
(0 0 0)
(0 0 0)
(0 0 0)
(0 0 0)
(0 0 0)
(0 0 0)
(0 0 0)
(0 0 0)
(0 0 0)
(0 0 0)
(0 0 0)
(0 0 0)
(0 0 0)
(0 0 0)
(0 0 0)
(0 0 0)
(0 0 0)
(0 0 0)
(0 0 0)
(0 0 0)
(0 0 0)
(0 0 0)
(0 0 0)
(0 0 0)
(0 0 0)
(0 0 0)
(0 0 0)
(0 0 0)
(0 0 0)
(0 0 0)
(0 0 0)
(0 0 0)
(0 0 0)
(0 0 0)
(0 0 0)
(0 0 0)
(0 0 0)
(0 0 0)
(0 0 0)
(0 0 0)
(0 0 0)
(0 0 0)
(0 0 0)
(0 0 0)
(0 0 0)
(0 0 0)
(0 0 0)
(0 0 0)
(0 0 0)
(0 0 0)
(0 0 0)
(0 0 0)
(0 0 0)
(0 0 0)
(0 0 0)
(0 0 0)
(0 0 0)
(0 0 0)
(0 0 0)
(0 0 0)
(0 0 0)
(0 0 0)
(0 0 0)
(0 0 0)
(0 0 0)
(0 0 0)
(0 0 0)
(0 0 0)
(0 0 0)
(0 0 0)
(0 0 0)
(0 0 0)
(0 0 0)
(0 0 0)
(0 0 0)
(0 0 0)
(0 0 0)
(0 0 0)
(0 0 0)
(0 0 0)
(0 0 0)
(0 0 0)
(0 0 0)
(0 0 0)
(0 0 0)
(0 0 0)
(0 0 0)
(0 0 0)
(0 0 0)
(0 0 0)
(0 0 0)
(0 0 0)
(0 0 0)
(0 0 0)
(0 0 0)
(0 0 0)
(0 0 0)
(0 0 0)
(0 0 0)
(0 0 0)
(0 0 0)
(0 0 0)
(0 0 0)
(0 0 0)
(0 0 0)
(0 0 0)
(0 0 0)
(0 0 0)
(0 0 0)
(0 0 0)
(0 0 0)
(0 0 0)
(0 0 0)
(0 0 0)
(0 0 0)
(0 0 0)
(0 0 0)
(0 0 0)
(0 0 0)
(0 0 0)
(0 0 0)
(0 0 0)
(0 0 0)
(0 0 0)
(0 0 0)
(0 0 0)
(0 0 0)
(0 0 0)
(0 0 0)
(0 0 0)
(0 0 0)
(0 0 0)
(0 0 0)
(0 0 0)
(0 0 0)
(0 0 0)
(0 0 0)
(0 0 0)
(0 0 0)
(0 0 0)
(0 0 0)
(0 0 0)
(0 0 0)
(0 0 0)
(0 0 0)
(0 0 0)
(0 0 0)
(0 0 0)
(0 0 0)
(0 0 0)
(0 0 0)
(0 0 0)
(0 0 0)
(0 0 0)
(0 0 0)
(0 0 0)
(0 0 0)
(0 0 0)
(0 0 0)
(0 0 0)
(0 0 0)
(0 0 0)
(0 0 0)
(0 0 0)
(0 0 0)
(0 0 0)
(0 0 0)
(0 0 0)
(0 0 0)
(0 0 0)
(0 0 0)
(0 0 0)
(0 0 0)
(0 0 0)
(0 0 0)
(0 0 0)
(0 0 0)
(0 0 0)
(0 0 0)
(0 0 0)
(0 0 0)
(0 0 0)
(0 0 0)
(0 0 0)
(0 0 0)
(0 0 0)
(0 0 0)
(0 0 0)
(0 0 0)
(0 0 0)
(0 0 0)
(0 0 0)
(0 0 0)
(0 0 0)
(0 0 0)
(0 0 0)
(0 0 0)
(0 0 0)
(0 0 0)
(0 0 0)
(0 0 0)
(0 0 0)
(0 0 0)
(0 0 0)
(0 0 0)
(0 0 0)
(0 0 0)
(0 0 0)
(0 0 0)
(0 0 0)
(0 0 0)
(0 0 0)
(0 0 0)
(0 0 0)
(0 0 0)
(0 0 0)
(0 0 0)
(0 0 0)
(0 0 0)
(0 0 0)
(0 0 0)
(0 0 0)
(0 0 0)
(0 0 0)
(0 0 0)
(0 0 0)
(0 0 0)
(0 0 0)
(0 0 0)
(0 0 0)
(0 0 0)
(0 0 0)
(0 0 0)
(4.099684317774338e-06 1.675339892329252e-06 -2.847442607062038e-06)
(5.968194476730741e-06 4.182831456053736e-06 -3.696276518507726e-06)
(-5.54252485702947e-06 -2.939720344146767e-06 4.074985418628258e-06)
(0 0 0)
(-2.493651757577705e-06 -1.741824355643399e-07 -3.713669948383354e-08)
(-3.951295264867087e-07 2.382349756541772e-06 -1.509207816036773e-06)
(-1.898240823718018e-06 1.086451123734638e-07 3.593543232716664e-06)
(0 0 0)
(7.664372460812904e-06 1.974290451740012e-07 -4.628219982806731e-06)
(0 0 0)
(-1.736171516598888e-06 -2.311074728112882e-06 -3.822055523612084e-06)
(0 0 0)
(2.790700997914857e-06 -2.428928558476325e-06 1.176139175158343e-06)
(2.563299049914759e-06 9.190342802696769e-07 -2.555330359956897e-06)
(0 0 0)
(-1.347759954062917e-05 -3.483758575274703e-06 1.047661020997141e-05)
(0 0 0)
(-1.172149566967913e-05 -7.657697452463168e-06 1.209356588669557e-05)
(-2.792232031500423e-06 -8.373438895074027e-06 1.533515052717104e-06)
(0 0 0)
(-1.244601855543575e-05 -3.033128600678649e-06 -7.056102058174968e-07)
(0 0 0)
(-1.603770182625414e-06 -7.309756939594003e-07 -1.525967178485371e-07)
(-3.978595323508202e-05 -1.198734594753798e-05 1.922643935790665e-05)
(-1.8017473884142e-06 4.935287938262096e-07 -2.212084022758097e-06)
(1.661155028018471e-06 1.429358242425392e-08 -1.453285446325575e-06)
(-1.521655562813208e-06 -4.75875349492972e-06 3.014620463865009e-06)
(3.554907883229354e-05 -4.150133813819987e-06 -2.749439739629976e-05)
(-5.97807151648762e-06 -2.798496721359525e-06 5.237213461743238e-06)
(4.19221330668631e-06 7.175971627377633e-07 -2.355355778447844e-06)
(4.845591343525082e-06 -3.606890980891833e-06 -3.244561753670294e-06)
(-1.594656061272008e-05 -7.745091541467101e-06 1.203119034657928e-05)
(-9.755266478392599e-06 -4.178366911953514e-06 4.490572300930147e-06)
(0 0 0)
(0 0 0)
(6.759282939163143e-06 -4.038755562074072e-06 1.53247713063964e-06)
(0 0 0)
(0 0 0)
(0 0 0)
(-6.429104381657011e-06 9.159698346455085e-06 8.390533176622572e-06)
(0 0 0)
(5.274939497346996e-06 2.893157873589934e-07 -1.013052827827974e-06)
(-7.320739629797551e-06 -4.585614326579647e-06 3.060769006469966e-06)
(2.298811817411057e-05 -1.995590373557064e-06 -1.977333293663762e-05)
(5.069312066705757e-06 1.915771832479795e-06 -4.577293762453506e-06)
(0 0 0)
(0 0 0)
(-1.018492224832175e-05 -1.100596119088636e-06 5.838805542527435e-06)
(0 0 0)
(0 0 0)
(0 0 0)
(0 0 0)
(0 0 0)
(-4.384562993361998e-06 -1.119331747952988e-06 -2.419162436436674e-06)
(0 0 0)
(6.011863369800118e-07 4.339345136480119e-07 -1.70373225300795e-06)
(0 0 0)
(4.521512217072625e-06 1.292613859936364e-07 -2.717531235987805e-06)
(3.523842298602205e-06 2.883551333281392e-06 -4.080379270912602e-06)
(0 0 0)
(-1.888530140058235e-06 -3.817684245080583e-07 -9.685180381904921e-07)
(-9.655545574240885e-06 -6.839818403207488e-06 1.0837252164303e-06)
(4.208279450074071e-06 2.923764072995229e-06 -3.991922923039993e-06)
(9.09227765474638e-06 6.363902516709043e-06 -5.954441941792048e-06)
(-1.951729830194173e-06 -8.858371587235229e-07 8.020831755595287e-07)
(-1.431768206527345e-06 -1.46753501472328e-06 9.419324623510426e-07)
(0 0 0)
(-3.426646928351621e-06 -4.189436524046956e-06 2.719173884092536e-06)
(7.894221607449006e-07 -1.730556177052608e-07 -7.201326296088867e-07)
(2.421419495361593e-07 -7.929045141796663e-07 -5.797048502283594e-08)
(-1.346859703044679e-06 -1.744037239802579e-06 2.056324204900831e-06)
(-6.652277171190274e-06 -8.177534155182472e-06 6.923096529697815e-06)
(1.753100291679473e-07 2.710782481419675e-06 -1.516593955992601e-06)
(6.755320631176019e-06 1.875142490378566e-06 -2.222240123620386e-06)
(0 0 0)
(2.265191878248389e-05 7.310866097194735e-06 -2.063249899029166e-05)
(1.363172447544591e-05 9.974865265475979e-06 -1.58900142589436e-05)
(0 0 0)
(0 0 0)
(3.968713307490299e-06 -3.141463246900903e-07 -2.149953780674837e-07)
(0 0 0)
(-1.587047267804402e-07 6.072607132802196e-07 5.912627887630096e-07)
(0 0 0)
(4.446246111357301e-06 3.258256657864667e-06 -4.450919498614792e-06)
(-5.303541207520778e-07 4.15526545474355e-07 -8.201889883424896e-07)
(8.261238366543995e-06 1.801993956218236e-05 -8.887375380298958e-06)
(-1.594439501855741e-07 -2.067957749546685e-06 8.809169837582548e-08)
(-1.163922789287129e-06 -2.62975393672009e-07 1.10418109553529e-06)
(0 0 0)
(0 0 0)
(0 0 0)
(-5.175958764348134e-06 1.53768698082624e-06 4.083621082979247e-06)
(2.833426965652312e-05 -7.954524072248836e-06 -1.430409123295439e-05)
(4.816012095826829e-06 1.287483432744072e-06 -4.073475240525806e-06)
(1.06569010320547e-05 3.452319823631749e-06 -8.783521293582465e-06)
(7.949385189263126e-06 5.544792947967469e-06 -7.267540036612365e-06)
(1.98477478337657e-06 4.525237642028313e-07 -1.895592174840435e-06)
(0 0 0)
(-1.834001423826824e-06 5.99610804162122e-07 9.148025118604984e-07)
(-1.37816281892454e-06 -1.032415161320577e-05 -2.154216180668466e-06)
(-7.135075249859689e-06 -1.504163937985017e-06 3.040069795684512e-06)
(-7.402827165113461e-06 -3.997286110419795e-06 3.393370968589552e-06)
(3.481443599924492e-06 3.461352308747712e-06 -1.820495499461072e-06)
(1.718363129554508e-06 1.111026000695261e-06 -1.270737881119383e-07)
(0 0 0)
(-1.71725033342947e-06 -1.645118873117484e-06 2.303537297149166e-06)
(4.385697709621537e-06 1.858820640565964e-06 -1.474874499882676e-06)
(2.126119972684938e-05 1.043008312832507e-05 -1.745213147995944e-05)
(0 0 0)
(0 0 0)
(-1.022982235914759e-05 -5.582134395782678e-06 9.297721455671374e-06)
(0 0 0)
(0 0 0)
(0 0 0)
(2.875817473673961e-06 -1.512076260016983e-06 -2.992421937455789e-07)
(1.452860206497806e-06 -4.858332932015336e-07 -2.631468370269849e-06)
(5.559895390885373e-06 9.334490916579978e-07 -3.369326879549428e-06)
(-9.398861389458922e-06 -3.531026773015301e-06 6.305346825132691e-06)
(8.933841299727477e-06 -8.482884777472281e-06 -5.463937103580773e-06)
(1.259419635143299e-05 5.936739988464127e-06 -1.237590834159847e-05)
(-6.540034917154591e-06 -4.543587163006133e-06 2.320812078028378e-06)
(0 0 0)
(0 0 0)
(4.484585304270642e-06 1.861714667407127e-06 9.374583667916843e-07)
(0 0 0)
(0 0 0)
(0 0 0)
(-1.558349696849922e-05 -7.803830185469877e-06 6.819897865435628e-06)
(0 0 0)
(0 0 0)
(-1.989017309502705e-05 -1.161165390480363e-05 2.431218679595821e-05)
(5.508982160089014e-06 -1.502262219560794e-07 -5.675321729977764e-07)
(-3.408495075388621e-06 1.86068848906796e-09 2.217576391429561e-06)
(-3.178234281410353e-06 8.834052724480963e-07 -1.294892310448859e-07)
(8.678589307174972e-07 1.269567238572385e-06 8.854745404996314e-08)
(7.981628832204955e-06 4.486138383720896e-06 -5.683778749279115e-06)
(1.032029788225774e-05 -1.329693822679794e-06 -9.069965344086309e-06)
(0 0 0)
(-1.286475302200604e-05 -1.856178167902921e-06 1.413718024744415e-05)
(0 0 0)
(0 0 0)
(0 0 0)
(0 0 0)
(-2.106972639853407e-07 -1.34820833311844e-06 -8.855019221307132e-06)
(0 0 0)
(0 0 0)
(0 0 0)
(0 0 0)
(0 0 0)
(0 0 0)
(8.414355141125227e-07 5.158145663277934e-07 -1.40149965471981e-06)
(0 0 0)
(0 0 0)
(0 0 0)
(5.858160158961807e-07 4.944735301166345e-07 -6.919656724569232e-07)
(3.46953543136345e-07 -7.417045821288205e-07 -9.121256041719207e-08)
(0 0 0)
(-6.515133515958023e-07 1.246259972014691e-06 -2.231985263546103e-07)
(0 0 0)
(-1.375102428477259e-06 -3.308746857576072e-07 6.617519613802308e-07)
(0 0 0)
(0 0 0)
(0 0 0)
(0 0 0)
(0 0 0)
(0 0 0)
(0 0 0)
(3.384131994264182e-07 1.888852908160618e-07 -2.827121185071769e-07)
(0 0 0)
(0 0 0)
(3.304347107861611e-06 1.289505620321492e-06 -1.743485144840027e-06)
(0 0 0)
(0 0 0)
(0 0 0)
(0 0 0)
(0 0 0)
(0 0 0)
(0 0 0)
(2.180400100158632e-06 1.269294066539927e-06 -2.948021482013421e-06)
(-1.768104817474566e-06 -1.949938237369197e-06 7.976060869059202e-07)
(0 0 0)
(0 0 0)
(4.810626603274291e-06 2.372740660732581e-07 -3.824119484606107e-06)
(2.798472259868557e-06 -4.334195579024536e-07 -2.72359220044487e-06)
(0 0 0)
(0 0 0)
(0 0 0)
(0 0 0)
(0 0 0)
(0 0 0)
(0 0 0)
(0 0 0)
(2.252133410605136e-06 -1.440640224967756e-06 -6.013973779678776e-07)
(0 0 0)
(0 0 0)
(-1.024488513745867e-06 -9.974370929968521e-07 7.55907661550704e-07)
(3.193268181213073e-06 1.29787337300616e-06 -1.542576073640818e-06)
(0 0 0)
(0 0 0)
(0 0 0)
(0 0 0)
(0 0 0)
(0 0 0)
(2.125148662442691e-06 3.086019406198617e-06 -7.974200394337557e-07)
(0 0 0)
(-1.143450906604205e-06 4.208634605859185e-07 -1.310706551140343e-06)
(0 0 0)
(0 0 0)
(0 0 0)
(0 0 0)
(0 0 0)
(0 0 0)
(0 0 0)
(0 0 0)
(0 0 0)
(1.412808686342107e-05 5.499894201884181e-06 -7.37586065398916e-06)
(0 0 0)
(6.292912921528412e-06 9.595335860550277e-07 -3.688870630185606e-06)
(5.520778718927297e-06 2.847137323296417e-06 -3.877576890342939e-06)
(0 0 0)
(0 0 0)
(0 0 0)
(0 0 0)
(0 0 0)
(0 0 0)
(0 0 0)
(0 0 0)
(0 0 0)
(0 0 0)
(0 0 0)
(0 0 0)
(0 0 0)
(0 0 0)
(0 0 0)
(0 0 0)
(0 0 0)
(0 0 0)
(0 0 0)
(0 0 0)
(0 0 0)
(0 0 0)
(0 0 0)
(0 0 0)
(0 0 0)
(0 0 0)
(0 0 0)
(0 0 0)
(0 0 0)
(0 0 0)
(0 0 0)
(0 0 0)
(0 0 0)
(0 0 0)
(0 0 0)
(0 0 0)
(0 0 0)
(0 0 0)
(0 0 0)
(0 0 0)
(0 0 0)
(0 0 0)
(0 0 0)
(0 0 0)
(0 0 0)
(0 0 0)
(2.394161903063595e-06 5.688728797468155e-07 -1.343299791738941e-06)
(0 0 0)
(0 0 0)
(0 0 0)
(0 0 0)
(0 0 0)
(0 0 0)
(0 0 0)
(0 0 0)
(0 0 0)
(0 0 0)
(0 0 0)
(0 0 0)
(0 0 0)
(0 0 0)
(0 0 0)
(0 0 0)
(0 0 0)
(0 0 0)
(0 0 0)
(0 0 0)
(0 0 0)
(0 0 0)
(0 0 0)
(0 0 0)
(0 0 0)
(0 0 0)
(0 0 0)
(0 0 0)
(0 0 0)
(0 0 0)
(0 0 0)
(0 0 0)
(0 0 0)
(0 0 0)
(0 0 0)
(0 0 0)
(0 0 0)
(0 0 0)
(0 0 0)
(2.463301020964283e-06 -1.402831501156051e-07 -1.750005623440419e-06)
(9.870865300546149e-07 2.83596577994175e-07 -5.492395462040516e-07)
(0 0 0)
(0 0 0)
(0 0 0)
(-4.251834844291453e-07 1.516199317035778e-07 1.873440910029904e-07)
(0 0 0)
(0 0 0)
(0 0 0)
(0 0 0)
(0 0 0)
(0 0 0)
(0 0 0)
(0 0 0)
(0 0 0)
(0 0 0)
(0 0 0)
(0 0 0)
(0 0 0)
(0 0 0)
(1.363406265421226e-06 -3.854460262785272e-08 -7.433228130182905e-07)
(0 0 0)
(0 0 0)
(0 0 0)
(2.397695821782137e-06 2.401736658352947e-06 -1.980053108760519e-06)
(0 0 0)
(7.563036129224731e-07 7.634427633281997e-07 -6.078124221061795e-07)
(0 0 0)
(0 0 0)
(0 0 0)
(-2.692694554184153e-06 -1.001308330304746e-06 1.681618011184068e-06)
(0 0 0)
(0 0 0)
(0 0 0)
(0 0 0)
(2.263015413260163e-07 7.421367422586813e-08 -5.142670660995593e-07)
(-2.99992388208505e-06 -1.383420936590687e-06 1.542641781678843e-06)
(0 0 0)
(0 0 0)
(0 0 0)
(0 0 0)
(0 0 0)
(0 0 0)
(0 0 0)
(0 0 0)
(0 0 0)
(0 0 0)
(0 0 0)
(0 0 0)
(0 0 0)
(0 0 0)
(3.438205874116793e-06 -8.34840675987369e-07 -2.123707390744435e-06)
(0 0 0)
(-4.080493219221329e-06 -5.213760715971565e-06 1.79032200503675e-06)
(-4.93852830395079e-07 2.464511511871627e-07 1.523660271693058e-07)
(0 0 0)
(0 0 0)
(0 0 0)
(0 0 0)
(0 0 0)
(8.202282571549678e-07 3.617935452675624e-07 -7.142208487153905e-07)
(1.533220530900566e-06 -6.583697549043057e-07 -1.12667440139105e-06)
(-1.181345790902388e-06 1.502085596798026e-07 6.934590590426437e-07)
(-3.275784320054253e-06 2.347449561379018e-07 2.350516897261126e-06)
(5.349271950995976e-07 1.640816335668713e-06 4.490299316412399e-07)
(-1.709821971088486e-06 -5.208092304050645e-07 -6.645515821838575e-07)
(-1.859627119871635e-06 -5.315998533085771e-07 1.397577538628759e-06)
(0 0 0)
(0 0 0)
(0 0 0)
(-1.15835390654791e-06 -7.276365807758406e-07 6.075877386591391e-07)
(-8.52259311203594e-06 -6.051380469905832e-06 3.548413288398718e-06)
(0 0 0)
(-3.449069530519002e-06 -5.516342292321416e-06 -4.806494497841846e-06)
(-2.732175188176998e-06 4.88927486684421e-10 3.428186976209442e-06)
(-1.010171546688373e-06 -1.212243622268904e-06 5.881278714358211e-07)
(-8.792147332761175e-08 -5.900718464270889e-08 -1.400090000509981e-07)
(0 0 0)
(0 0 0)
(0 0 0)
(0 0 0)
(0 0 0)
(0 0 0)
(0 0 0)
(0 0 0)
(0 0 0)
(0 0 0)
(0 0 0)
(0 0 0)
(0 0 0)
(0 0 0)
(0 0 0)
(0 0 0)
(0 0 0)
(0 0 0)
(0 0 0)
(0 0 0)
(0 0 0)
(0 0 0)
(0 0 0)
(0 0 0)
(0 0 0)
(0 0 0)
(0 0 0)
(0 0 0)
(0 0 0)
(0 0 0)
(0 0 0)
(0 0 0)
(0 0 0)
(0 0 0)
(0 0 0)
(0 0 0)
(6.712108124996665e-06 1.617037009503507e-06 -3.908095052188343e-06)
(0 0 0)
(5.115818607389285e-06 -3.831468046131522e-06 -3.685727855402299e-06)
(0 0 0)
(0 0 0)
(0 0 0)
(3.498090654060135e-06 2.37153090525553e-06 -1.397869951584988e-06)
(0 0 0)
(0 0 0)
(0 0 0)
(0 0 0)
(0 0 0)
(0 0 0)
(0 0 0)
(0 0 0)
(0 0 0)
(0 0 0)
(0 0 0)
(0 0 0)
(0 0 0)
(0 0 0)
(0 0 0)
(0 0 0)
(0 0 0)
(0 0 0)
(0 0 0)
(0 0 0)
(0 0 0)
(0 0 0)
(0 0 0)
(0 0 0)
(0 0 0)
(0 0 0)
(0 0 0)
(0 0 0)
(0 0 0)
(0 0 0)
(0 0 0)
(0 0 0)
(0 0 0)
(0 0 0)
(0 0 0)
(0 0 0)
(0 0 0)
(0 0 0)
(0 0 0)
(0 0 0)
(0 0 0)
(0 0 0)
(0 0 0)
(0 0 0)
(0 0 0)
(0 0 0)
(0 0 0)
(0 0 0)
(0 0 0)
(0 0 0)
(0 0 0)
(0 0 0)
(0 0 0)
(0 0 0)
(0 0 0)
(0 0 0)
(1.260594406305966e-05 2.024174284672376e-06 -9.26179834755698e-06)
(0 0 0)
(9.74325071644432e-07 -2.869553296782338e-06 -3.083392873935867e-06)
(0 0 0)
(0 0 0)
(0 0 0)
(0 0 0)
(-8.043335810855724e-08 -3.025502851201523e-08 3.116608430726788e-08)
(0 0 0)
(0 0 0)
(0 0 0)
(0 0 0)
(0 0 0)
(8.053392871629597e-06 -1.87364195992983e-07 -6.526225568503099e-06)
(0 0 0)
(0 0 0)
(0 0 0)
(0 0 0)
(0 0 0)
(0 0 0)
(0 0 0)
(0 0 0)
(0 0 0)
(0 0 0)
(0 0 0)
(0 0 0)
(0 0 0)
(0 0 0)
(0 0 0)
(0 0 0)
(0 0 0)
(0 0 0)
(0 0 0)
(0 0 0)
(0 0 0)
(0 0 0)
(0 0 0)
(0 0 0)
(0 0 0)
(0 0 0)
(0 0 0)
(-1.031241235988279e-05 -1.573804124050506e-05 8.976705887606664e-06)
(2.600057544424159e-06 2.744894915582251e-06 -2.163910049334241e-06)
(0 0 0)
(-3.336094189409172e-06 -2.600739438295609e-06 2.45397646864455e-06)
(1.840509069702723e-06 2.412994177672073e-06 -6.250174284606964e-06)
(-1.700394785833467e-05 -8.137696688765465e-06 3.896823456833363e-06)
(1.487112113774728e-05 5.409320267331257e-06 -1.59106662305488e-05)
(2.239454496348395e-05 2.043423625405832e-05 -2.387308258700611e-05)
(-9.174621136818087e-06 -2.563703914066603e-06 6.73417298104156e-06)
(-3.667077062407517e-07 -3.194404762521503e-06 3.502575246781771e-07)
(-2.114566028425001e-06 -3.416529750071231e-06 2.41125393154981e-06)
(1.330700062269276e-06 1.434596213297024e-06 -6.145985335216797e-07)
(0 0 0)
(6.529137476753181e-06 2.22582052212046e-06 -4.320295476403482e-06)
(0 0 0)
(5.084058493091452e-07 1.166537506400883e-06 -7.559099542631334e-07)
(0 0 0)
(0 0 0)
(0 0 0)
(0 0 0)
(0 0 0)
(4.187378557166463e-07 9.201214983012398e-07 -6.453516784471352e-07)
(0 0 0)
(0 0 0)
(0 0 0)
(0 0 0)
(9.16545636534503e-06 3.960824017693147e-06 -4.669793873134153e-06)
(-4.22582787119992e-06 -5.011616145705901e-07 2.471140101134131e-06)
(0 0 0)
(-1.20390426418152e-05 -6.710037894940102e-06 -2.54520468859169e-06)
(4.507217931897385e-06 1.318307574698109e-06 -2.962166100801058e-06)
(0 0 0)
(0 0 0)
(1.435701727541831e-06 -1.121059123411018e-06 -5.884467672870917e-07)
(7.49601332154764e-07 -1.810041509457031e-06 3.895174720913399e-07)
(2.03805485978171e-06 9.77476942134357e-07 -4.287834742592469e-06)
(-1.11326136314104e-06 1.50682027118558e-07 6.502254799853562e-07)
(6.034873751016521e-06 5.333364976406781e-07 -6.104178277461464e-06)
(1.180076726964412e-06 1.774132931709626e-06 -7.988068564129098e-07)
(4.720607159777738e-06 -3.865231387001553e-06 -1.836181889163451e-06)
(0 0 0)
(0 0 0)
(0 0 0)
(0 0 0)
(0 0 0)
(0 0 0)
(0 0 0)
(0 0 0)
(0 0 0)
(0 0 0)
(0 0 0)
(0 0 0)
(0 0 0)
(0 0 0)
(0 0 0)
(0 0 0)
(0 0 0)
(0 0 0)
(0 0 0)
(0 0 0)
(0 0 0)
(0 0 0)
(0 0 0)
(0 0 0)
(0 0 0)
(0 0 0)
(0 0 0)
(0 0 0)
(0 0 0)
(0 0 0)
(0 0 0)
(0 0 0)
(0 0 0)
(0 0 0)
(0 0 0)
(0 0 0)
(0 0 0)
(0 0 0)
(0 0 0)
(0 0 0)
(0 0 0)
(0 0 0)
(0 0 0)
(0 0 0)
(0 0 0)
(0 0 0)
(-1.468455284870742e-06 -9.344677464956188e-07 7.012351920698292e-07)
(0 0 0)
(-3.345627446142673e-07 -1.848394237765157e-07 -5.341899479316262e-07)
(1.59181291672339e-06 2.045930796846015e-06 -1.751206583346653e-06)
(0 0 0)
(0 0 0)
(0 0 0)
(0 0 0)
(0 0 0)
(0 0 0)
(0 0 0)
(0 0 0)
(0 0 0)
(0 0 0)
(0 0 0)
(0 0 0)
(0 0 0)
(0 0 0)
(0 0 0)
(0 0 0)
(0 0 0)
(0 0 0)
(0 0 0)
(0 0 0)
(0 0 0)
(0 0 0)
(0 0 0)
(0 0 0)
(0 0 0)
(0 0 0)
(0 0 0)
(0 0 0)
(0 0 0)
(0 0 0)
(0 0 0)
(0 0 0)
(0 0 0)
(0 0 0)
(0 0 0)
(0 0 0)
(0 0 0)
(0 0 0)
(0 0 0)
(0 0 0)
(0 0 0)
(0 0 0)
(0 0 0)
(0 0 0)
(0 0 0)
(0 0 0)
(0 0 0)
(0 0 0)
(0 0 0)
(0 0 0)
(0 0 0)
(1.901431415064547e-07 -1.827608565959138e-07 2.977745463784422e-08)
(0 0 0)
(0 0 0)
(0 0 0)
(0 0 0)
(0 0 0)
(5.827315981660829e-06 5.099155889017778e-06 -3.881908591650475e-06)
(0 0 0)
(0 0 0)
(6.608935015246069e-06 6.992056371588131e-06 -4.919749319761949e-06)
(0 0 0)
(0 0 0)
(0 0 0)
(0 0 0)
(0 0 0)
(0 0 0)
(0 0 0)
(0 0 0)
(0 0 0)
(0 0 0)
(0 0 0)
(0 0 0)
(0 0 0)
(0 0 0)
(0 0 0)
(0 0 0)
(0 0 0)
(0 0 0)
(0 0 0)
(0 0 0)
(0 0 0)
(0 0 0)
(0 0 0)
(0 0 0)
(0 0 0)
(0 0 0)
(0 0 0)
(0 0 0)
(0 0 0)
(0 0 0)
(0 0 0)
(0 0 0)
(0 0 0)
(0 0 0)
(0 0 0)
(0 0 0)
(0 0 0)
(0 0 0)
(0 0 0)
(0 0 0)
(0 0 0)
(0 0 0)
(0 0 0)
(0 0 0)
(1.135139719894318e-05 -3.026039269604976e-06 -5.914355008535585e-06)
(-8.377030980835523e-06 2.095065709318455e-06 4.764996797848308e-06)
(1.203866794411209e-05 7.883072198447114e-08 -4.510278453725812e-06)
(2.085114269213613e-05 -9.722522186127509e-07 -2.108413892362399e-05)
(0 0 0)
(0 0 0)
(0 0 0)
(0 0 0)
(0 0 0)
(0 0 0)
(0 0 0)
(0 0 0)
(-4.652120782819543e-06 1.737563515944448e-06 2.66633333280775e-06)
(1.28672861179415e-05 4.256514630699592e-07 -9.727266360960364e-06)
(5.99533431236384e-05 5.732244048246224e-06 -5.776556052050967e-05)
(-1.891596646639554e-05 9.7226263751006e-06 1.819495412111733e-05)
(1.143471795792151e-05 -1.242095661834043e-06 -6.333401167836728e-06)
(0 0 0)
(0 0 0)
(6.463488266531492e-06 -7.216665510938418e-09 -9.934474838343508e-07)
(0 0 0)
(0 0 0)
(-1.048902080226566e-05 9.782636404358393e-07 9.675130092550512e-06)
(0 0 0)
(-1.061702468984592e-05 1.139942877819614e-05 2.426310848285561e-06)
(0 0 0)
(0 0 0)
(0 0 0)
(3.312716985997539e-06 3.118862850870992e-06 -2.84541243196023e-06)
(2.894695751312749e-07 3.426148143897224e-06 -2.751500212794958e-06)
(1.874407411473849e-06 2.988894363526041e-06 -1.981968249458204e-06)
(7.115029782078657e-07 6.402694014078893e-07 -2.891340878738546e-07)
(1.345160873105318e-05 7.763040128958963e-06 -7.936749419694147e-06)
(1.088135815188692e-05 -1.291651850656377e-06 -1.286869419633366e-06)
(1.100576250532837e-05 -4.442723590151905e-07 -7.562328733918764e-06)
(-4.494588084540509e-06 -9.475472502572752e-07 1.458239399881574e-06)
(0 0 0)
(-5.57453954107165e-06 7.349527064671716e-07 1.235638007308563e-06)
(-4.082427211971143e-06 -2.036328218702917e-06 1.758534704905583e-06)
(0 0 0)
(0 0 0)
(0 0 0)
(-5.67830890284911e-06 -4.124770457763549e-07 1.89168400301009e-06)
(-1.76650961943019e-06 8.129020054045459e-06 3.333535426316904e-07)
(1.020209957083877e-05 8.150812469449899e-06 -7.740588463502797e-06)
(1.111337341314557e-05 2.102692463701786e-06 -5.590282475594426e-06)
(1.945473655054059e-05 8.872226384696387e-06 -1.597230216557376e-05)
(-2.759944227680419e-06 3.134783213727194e-07 1.599490325329872e-06)
(1.438104197524614e-05 4.668882256943526e-06 -1.340802583469126e-05)
(-8.748385006330899e-06 -4.847822544283572e-06 1.422108921576686e-05)
(-8.267280785592603e-06 -1.493869246781052e-06 2.47964875356454e-06)
(1.549877303129341e-06 9.869498421513005e-07 -1.761168532437382e-06)
(3.278125846977622e-06 1.618953779502998e-06 -3.176916986072712e-06)
(-9.029712323408765e-07 -6.03429753160534e-07 8.820776390768002e-09)
(0 0 0)
(0 0 0)
(0 0 0)
(0 0 0)
(2.279726390516079e-06 5.804748807397011e-06 -1.656137334369054e-06)
(-9.916334364119452e-06 -1.383362552984377e-06 5.789903531544515e-06)
(5.484787559265971e-06 1.891926731973865e-06 -1.655298118438087e-06)
(0 0 0)
(0 0 0)
(0 0 0)
(0 0 0)
(0 0 0)
(0 0 0)
(0 0 0)
(-4.245561800091664e-06 -5.463943447558338e-06 3.396589060253886e-06)
(-1.354047775390444e-05 -6.253760360915595e-06 5.828700231709462e-06)
(-1.965645985423657e-05 -1.557617702130948e-05 8.363818969230791e-06)
(1.067772532369186e-05 -2.47852084790915e-07 -2.55772320890851e-06)
(0 0 0)
(0 0 0)
(0 0 0)
(0 0 0)
(0 0 0)
(0 0 0)
(1.40423219857131e-06 -2.138796741840168e-06 3.395122550957086e-06)
(-2.958793211532894e-06 -6.718855198119698e-06 -6.870922301514764e-08)
(1.779217609805327e-05 5.078489734381507e-06 -1.505265467340673e-05)
(-7.002928640928744e-06 -6.701131995397002e-07 -5.597765734067687e-07)
(0 0 0)
(0 0 0)
(8.795396045992693e-06 7.125603052094232e-07 -7.922107945829976e-06)
(0 0 0)
(0 0 0)
(5.565256447606224e-06 1.777432629593646e-06 -3.718518791607241e-06)
(0 0 0)
(0 0 0)
(1.441833820731452e-06 3.184625540594098e-06 -2.588114541594756e-06)
(0 0 0)
(0 0 0)
(5.844825499403931e-06 3.346244096303171e-06 -2.126744882891515e-06)
(0 0 0)
(0 0 0)
(0 0 0)
(0 0 0)
(0 0 0)
(0 0 0)
(0 0 0)
(-9.522714879852026e-07 2.877334765526221e-07 1.903028857821039e-06)
(-1.139962005698628e-05 -6.164442181022977e-07 8.791428269979993e-06)
(3.045628112489874e-06 7.85314284215298e-07 -4.472425892655897e-06)
(-1.595382452846693e-06 -2.025917183350435e-06 1.81666377837142e-06)
(0 0 0)
(0 0 0)
(0 0 0)
(0 0 0)
(0 0 0)
(0 0 0)
(0 0 0)
(0 0 0)
(0 0 0)
(0 0 0)
(0 0 0)
(0 0 0)
(0 0 0)
(0 0 0)
(0 0 0)
(0 0 0)
(0 0 0)
(0 0 0)
(0 0 0)
(9.46455650155755e-07 -3.792960418211103e-06 -2.705004245174496e-06)
(4.826294546168216e-06 -1.749504789292145e-07 -5.404613864623892e-06)
(-1.324342551376573e-06 2.907897459683564e-08 4.012893978020981e-06)
(1.840508681179583e-06 5.95531052990382e-07 -8.579108640592614e-07)
(7.808358113366877e-06 1.62290874216496e-06 -6.421721673410145e-06)
(2.85025285557123e-06 2.18488776917958e-06 -3.442777462323482e-06)
(9.98131823760199e-08 2.951440980595927e-07 -1.463475593062518e-07)
(8.386860031535352e-06 6.916455091583331e-06 -5.419508703997391e-06)
(0 0 0)
(0 0 0)
(0 0 0)
(0 0 0)
(0 0 0)
(0 0 0)
(0 0 0)
(0 0 0)
(0 0 0)
(0 0 0)
(0 0 0)
(0 0 0)
(0 0 0)
(0 0 0)
(0 0 0)
(0 0 0)
(0 0 0)
(0 0 0)
(0 0 0)
(0 0 0)
(0 0 0)
(0 0 0)
(0 0 0)
(0 0 0)
(0 0 0)
(0 0 0)
(0 0 0)
(0 0 0)
(0 0 0)
(0 0 0)
(0 0 0)
(0 0 0)
(0 0 0)
(0 0 0)
(0 0 0)
(0 0 0)
(0 0 0)
(0 0 0)
(0 0 0)
(0 0 0)
(0 0 0)
(0 0 0)
(0 0 0)
(0 0 0)
(0 0 0)
(0 0 0)
(0 0 0)
(0 0 0)
(0 0 0)
(0 0 0)
(0 0 0)
(0 0 0)
(0 0 0)
(0 0 0)
(0 0 0)
(0 0 0)
(0 0 0)
(0 0 0)
(0 0 0)
(0 0 0)
(0 0 0)
(0 0 0)
(0 0 0)
(0 0 0)
(0 0 0)
(0 0 0)
(0 0 0)
(0 0 0)
(0 0 0)
(3.768112154145828e-07 3.081467624448524e-06 -1.388230253256078e-06)
(0 0 0)
(2.815561962408481e-06 -1.360088885854195e-06 -1.218773586826478e-06)
(-1.096379658625951e-06 -2.052439168866373e-06 5.820965353442713e-07)
(-1.416799206577414e-07 -2.871735721280931e-07 1.919533041115509e-07)
(3.060891388499722e-06 -2.285075431787805e-06 -8.478522227401077e-06)
(-7.207718831560693e-06 2.030674861402326e-06 4.558713500530526e-06)
(-1.752389470497519e-05 -1.94314604206804e-05 6.991059497285778e-06)
(-5.593086531232941e-06 -6.385633572331165e-06 2.925284175930724e-06)
(0 0 0)
(-1.815762093970814e-06 -1.197420022526419e-06 -2.798122892304045e-06)
(0 0 0)
(0 0 0)
(0 0 0)
(0 0 0)
(0 0 0)
(0 0 0)
(0 0 0)
(0 0 0)
(0 0 0)
(0 0 0)
(0 0 0)
(0 0 0)
(0 0 0)
(0 0 0)
(0 0 0)
(0 0 0)
(3.266334572640538e-08 4.234889163491372e-08 -1.093429480861589e-07)
(0 0 0)
(0 0 0)
(0 0 0)
(0 0 0)
(0 0 0)
(0 0 0)
(0 0 0)
(0 0 0)
(0 0 0)
(0 0 0)
(1.906681795602199e-06 1.815754643068427e-06 -1.586829988837505e-06)
(0 0 0)
(0 0 0)
(0 0 0)
(0 0 0)
(0 0 0)
(0 0 0)
(0 0 0)
(0 0 0)
(0 0 0)
(0 0 0)
(0 0 0)
(0 0 0)
(0 0 0)
(0 0 0)
(0 0 0)
(0 0 0)
(0 0 0)
(0 0 0)
(0 0 0)
(0 0 0)
(0 0 0)
(0 0 0)
(0 0 0)
(0 0 0)
(0 0 0)
(0 0 0)
(0 0 0)
(0 0 0)
(0 0 0)
(0 0 0)
(0 0 0)
(0 0 0)
(0 0 0)
(0 0 0)
(-1.601487002624569e-05 1.846199285825346e-06 1.442828362557733e-05)
(7.470705419652991e-06 -1.409542250321866e-06 -3.315775352507245e-06)
(-1.049925192231125e-05 -1.215334808591236e-07 3.711238693389903e-06)
(-8.074183865447293e-06 2.563663334735921e-07 7.315167976320272e-06)
(9.424614483854195e-06 6.834957481359303e-06 -5.069347720856995e-06)
(-2.906560073666564e-06 1.075074014554774e-06 -2.206310810850898e-07)
(-1.478579557704731e-05 -7.17214752027809e-06 1.197954804254015e-05)
(4.827657233209131e-06 1.550907270019571e-06 -1.566574076560052e-06)
(-1.808577115176083e-06 -4.86023187684882e-06 -3.793534843242474e-06)
(0 0 0)
(0 0 0)
(0 0 0)
(0 0 0)
(0 0 0)
(0 0 0)
(0 0 0)
(3.779763057572391e-06 2.089122846157457e-06 -5.345571694144171e-06)
(0 0 0)
(0 0 0)
(5.79362049337331e-06 -2.014498749108834e-06 -4.533257070130022e-06)
(0 0 0)
(0 0 0)
(1.896833853724219e-05 -1.826232278846914e-06 -1.823146413636333e-05)
(0 0 0)
(0 0 0)
(9.403900751996781e-07 5.711433349412979e-07 -7.606522361350198e-07)
(0 0 0)
(0 0 0)
(1.417409600396468e-06 3.169465410381456e-07 -6.819508180370456e-07)
(0 0 0)
(0 0 0)
(0 0 0)
(0 0 0)
(0 0 0)
(0 0 0)
(0 0 0)
(0 0 0)
(2.398061202878854e-06 -1.251353555175131e-06 -1.722023662405527e-06)
(0 0 0)
(0 0 0)
(0 0 0)
(0 0 0)
(0 0 0)
(-3.018591733888913e-06 -3.555764621950675e-08 -7.142002945141117e-07)
(0 0 0)
(0 0 0)
(0 0 0)
(0 0 0)
(0 0 0)
(0 0 0)
(0 0 0)
(0 0 0)
(0 0 0)
(0 0 0)
(0 0 0)
(0 0 0)
(0 0 0)
(0 0 0)
(0 0 0)
(0 0 0)
(0 0 0)
(0 0 0)
(0 0 0)
(0 0 0)
(0 0 0)
(0 0 0)
(0 0 0)
(0 0 0)
(0 0 0)
(0 0 0)
(0 0 0)
(0 0 0)
(0 0 0)
(0 0 0)
(0 0 0)
(0 0 0)
(0 0 0)
(0 0 0)
(0 0 0)
(0 0 0)
(0 0 0)
(0 0 0)
(0 0 0)
(0 0 0)
(0 0 0)
(0 0 0)
(0 0 0)
(0 0 0)
(0 0 0)
(0 0 0)
(0 0 0)
(0 0 0)
(0 0 0)
(0 0 0)
(0 0 0)
(4.014586329662981e-06 2.372909274281887e-06 -2.424648825221016e-06)
(0 0 0)
(0 0 0)
(0 0 0)
(0 0 0)
(0 0 0)
(0 0 0)
(0 0 0)
(0 0 0)
(0 0 0)
(0 0 0)
(0 0 0)
(0 0 0)
(0 0 0)
(0 0 0)
(0 0 0)
(0 0 0)
(0 0 0)
(0 0 0)
(0 0 0)
(0 0 0)
(0 0 0)
(0 0 0)
(0 0 0)
(0 0 0)
(0 0 0)
(0 0 0)
(0 0 0)
(0 0 0)
(0 0 0)
(0 0 0)
(0 0 0)
(0 0 0)
(0 0 0)
(0 0 0)
(0 0 0)
(0 0 0)
(0 0 0)
(0 0 0)
(0 0 0)
(0 0 0)
(0 0 0)
(0 0 0)
(0 0 0)
(0 0 0)
(0 0 0)
(0 0 0)
(0 0 0)
(0 0 0)
(0 0 0)
(0 0 0)
(0 0 0)
(0 0 0)
(0 0 0)
(0 0 0)
(0 0 0)
(0 0 0)
(0 0 0)
(0 0 0)
(0 0 0)
(0 0 0)
(0 0 0)
(0 0 0)
(0 0 0)
(0 0 0)
(0 0 0)
(0 0 0)
(0 0 0)
(0 0 0)
(0 0 0)
(0 0 0)
(0 0 0)
(0 0 0)
(0 0 0)
(0 0 0)
(0 0 0)
(0 0 0)
(0 0 0)
(0 0 0)
(0 0 0)
(0 0 0)
(0 0 0)
(0 0 0)
(0 0 0)
(0 0 0)
(0 0 0)
(0 0 0)
(0 0 0)
(0 0 0)
(0 0 0)
(0 0 0)
(0 0 0)
(0 0 0)
(0 0 0)
(0 0 0)
(0 0 0)
(0 0 0)
(0 0 0)
(0 0 0)
(0 0 0)
(0 0 0)
(0 0 0)
(0 0 0)
(0 0 0)
(0 0 0)
(0 0 0)
(0 0 0)
(0 0 0)
(0 0 0)
(0 0 0)
(0 0 0)
(0 0 0)
(0 0 0)
(0 0 0)
(0 0 0)
(0 0 0)
(0 0 0)
(0 0 0)
(0 0 0)
(0 0 0)
(0 0 0)
(0 0 0)
(0 0 0)
(0 0 0)
(0 0 0)
(0 0 0)
(0 0 0)
(0 0 0)
(0 0 0)
(0 0 0)
(0 0 0)
(0 0 0)
(0 0 0)
(0 0 0)
(0 0 0)
(0 0 0)
(0 0 0)
(0 0 0)
(0 0 0)
(0 0 0)
(0 0 0)
(0 0 0)
(0 0 0)
(0 0 0)
(0 0 0)
(0 0 0)
(0 0 0)
(0 0 0)
(0 0 0)
(0 0 0)
(0 0 0)
(0 0 0)
(0 0 0)
(0 0 0)
(0 0 0)
(0 0 0)
(0 0 0)
(0 0 0)
(0 0 0)
(0 0 0)
(0 0 0)
(0 0 0)
(0 0 0)
(0 0 0)
(0 0 0)
(0 0 0)
(0 0 0)
(0 0 0)
(0 0 0)
(0 0 0)
(0 0 0)
(0 0 0)
(0 0 0)
(0 0 0)
(0 0 0)
(0 0 0)
(0 0 0)
(0 0 0)
(0 0 0)
(0 0 0)
(0 0 0)
(0 0 0)
(0 0 0)
(0 0 0)
(0 0 0)
(0 0 0)
(0 0 0)
(0 0 0)
(0 0 0)
(0 0 0)
(0 0 0)
(0 0 0)
(0 0 0)
(0 0 0)
(0 0 0)
(0 0 0)
(0 0 0)
(0 0 0)
(0 0 0)
(0 0 0)
(0 0 0)
(0 0 0)
(0 0 0)
(0 0 0)
(0 0 0)
(0 0 0)
(0 0 0)
(0 0 0)
(0 0 0)
(0 0 0)
(0 0 0)
(0 0 0)
(0 0 0)
(0 0 0)
(0 0 0)
(0 0 0)
(0 0 0)
(0 0 0)
(0 0 0)
(0 0 0)
(0 0 0)
(0 0 0)
(0 0 0)
(0 0 0)
(0 0 0)
(0 0 0)
(0 0 0)
(0 0 0)
(0 0 0)
(0 0 0)
(0 0 0)
(0 0 0)
(0 0 0)
(0 0 0)
(0 0 0)
(0 0 0)
(0 0 0)
(0 0 0)
(0 0 0)
(0 0 0)
(0 0 0)
(0 0 0)
(0 0 0)
(0 0 0)
(0 0 0)
(0 0 0)
(0 0 0)
(0 0 0)
(0 0 0)
(0 0 0)
(0 0 0)
(0 0 0)
(0 0 0)
(0 0 0)
(0 0 0)
(0 0 0)
(0 0 0)
(0 0 0)
(0 0 0)
(0 0 0)
(0 0 0)
(0 0 0)
(0 0 0)
(0 0 0)
(0 0 0)
(0 0 0)
(0 0 0)
(0 0 0)
(0 0 0)
(0 0 0)
(0 0 0)
(0 0 0)
(0 0 0)
(0 0 0)
(0 0 0)
(0 0 0)
(0 0 0)
(0 0 0)
(0 0 0)
(0 0 0)
(0 0 0)
(0 0 0)
(0 0 0)
(0 0 0)
(0 0 0)
(0 0 0)
(0 0 0)
(0 0 0)
(0 0 0)
(0 0 0)
(0 0 0)
(0 0 0)
(0 0 0)
(0 0 0)
(0 0 0)
(0 0 0)
(0 0 0)
(0 0 0)
(0 0 0)
(0 0 0)
(0 0 0)
(0 0 0)
(0 0 0)
(0 0 0)
(0 0 0)
(0 0 0)
(0 0 0)
(0 0 0)
(0 0 0)
(0 0 0)
(0 0 0)
(0 0 0)
(0 0 0)
(0 0 0)
(0 0 0)
(0 0 0)
(0 0 0)
(0 0 0)
(0 0 0)
(0 0 0)
(0 0 0)
(0 0 0)
(0 0 0)
(0 0 0)
(0 0 0)
(0 0 0)
(0 0 0)
(0 0 0)
(0 0 0)
(0 0 0)
(0 0 0)
(0 0 0)
(0 0 0)
(0 0 0)
(0 0 0)
(0 0 0)
(0 0 0)
(0 0 0)
(0 0 0)
(0 0 0)
(0 0 0)
(0 0 0)
(0 0 0)
(0 0 0)
(0 0 0)
(1.705037735896771e-06 3.107797536779682e-06 -1.576304515355428e-06)
(-1.320726657822684e-06 -5.943873913753875e-06 2.305484524034253e-06)
(0 0 0)
(0 0 0)
(0 0 0)
(0 0 0)
(0 0 0)
(0 0 0)
(0 0 0)
(0 0 0)
(0 0 0)
(0 0 0)
(0 0 0)
(0 0 0)
(0 0 0)
(0 0 0)
(0 0 0)
(0 0 0)
(0 0 0)
(0 0 0)
(0 0 0)
(0 0 0)
(0 0 0)
(0 0 0)
(0 0 0)
(0 0 0)
(0 0 0)
(0 0 0)
(0 0 0)
(0 0 0)
(0 0 0)
(0 0 0)
(0 0 0)
(0 0 0)
(0 0 0)
(0 0 0)
(0 0 0)
(0 0 0)
(0 0 0)
(0 0 0)
(0 0 0)
(0 0 0)
(0 0 0)
(0 0 0)
(0 0 0)
(0 0 0)
(0 0 0)
(0 0 0)
(0 0 0)
(0 0 0)
(0 0 0)
(0 0 0)
(0 0 0)
(0 0 0)
(0 0 0)
(0 0 0)
(0 0 0)
(0 0 0)
(0 0 0)
(0 0 0)
(0 0 0)
(0 0 0)
(0 0 0)
(0 0 0)
(0 0 0)
(0 0 0)
(0 0 0)
(0 0 0)
(0 0 0)
(0 0 0)
(0 0 0)
(0 0 0)
(0 0 0)
(0 0 0)
(0 0 0)
(2.066542745146426e-07 4.629925246785361e-07 -4.439075944813199e-07)
(0 0 0)
(0 0 0)
(0 0 0)
(0 0 0)
(0 0 0)
(0 0 0)
(0 0 0)
(0 0 0)
(0 0 0)
(0 0 0)
(0 0 0)
(0 0 0)
(0 0 0)
(0 0 0)
(0 0 0)
(0 0 0)
(0 0 0)
(0 0 0)
(0 0 0)
(0 0 0)
(0 0 0)
(0 0 0)
(0 0 0)
(0 0 0)
(0 0 0)
(0 0 0)
(0 0 0)
(0 0 0)
(0 0 0)
(0 0 0)
(0 0 0)
(0 0 0)
(0 0 0)
(0 0 0)
(0 0 0)
(0 0 0)
(0 0 0)
(0 0 0)
(0 0 0)
(0 0 0)
(0 0 0)
(0 0 0)
(0 0 0)
(0 0 0)
(0 0 0)
(0 0 0)
(0 0 0)
(0 0 0)
(0 0 0)
(0 0 0)
(0 0 0)
(0 0 0)
(0 0 0)
(0 0 0)
(0 0 0)
(0 0 0)
(0 0 0)
(0 0 0)
(0 0 0)
(0 0 0)
(0 0 0)
(0 0 0)
(0 0 0)
(0 0 0)
(0 0 0)
(0 0 0)
(0 0 0)
(0 0 0)
(0 0 0)
(0 0 0)
(0 0 0)
(0 0 0)
(0 0 0)
(0 0 0)
(0 0 0)
(0 0 0)
(0 0 0)
(0 0 0)
(0 0 0)
(0 0 0)
(0 0 0)
(0 0 0)
(0 0 0)
(0 0 0)
(0 0 0)
(0 0 0)
(0 0 0)
(0 0 0)
(0 0 0)
(0 0 0)
(0 0 0)
(0 0 0)
(0 0 0)
(0 0 0)
(0 0 0)
(0 0 0)
(0 0 0)
(0 0 0)
(0 0 0)
(0 0 0)
(0 0 0)
(0 0 0)
(0 0 0)
(0 0 0)
(0 0 0)
(0 0 0)
(0 0 0)
(0 0 0)
(0 0 0)
(0 0 0)
(0 0 0)
(0 0 0)
(0 0 0)
(0 0 0)
(0 0 0)
(0 0 0)
(0 0 0)
(0 0 0)
(0 0 0)
(0 0 0)
(0 0 0)
(0 0 0)
(0 0 0)
(0 0 0)
(0 0 0)
(0 0 0)
(0 0 0)
(0 0 0)
(0 0 0)
(0 0 0)
(0 0 0)
(0 0 0)
(0 0 0)
(0 0 0)
(0 0 0)
(0 0 0)
(0 0 0)
(0 0 0)
(0 0 0)
(0 0 0)
(0 0 0)
(0 0 0)
(0 0 0)
(0 0 0)
(0 0 0)
(0 0 0)
(0 0 0)
(0 0 0)
(0 0 0)
(0 0 0)
(0 0 0)
(0 0 0)
(0 0 0)
(0 0 0)
(0 0 0)
(0 0 0)
(0 0 0)
(0 0 0)
(0 0 0)
(0 0 0)
(0 0 0)
(0 0 0)
(0 0 0)
(0 0 0)
(0 0 0)
(0 0 0)
(0 0 0)
(0 0 0)
(0 0 0)
(0 0 0)
(0 0 0)
(0 0 0)
(0 0 0)
(0 0 0)
(0 0 0)
(0 0 0)
(0 0 0)
(0 0 0)
(0 0 0)
(0 0 0)
(0 0 0)
(0 0 0)
(0 0 0)
(0 0 0)
(0 0 0)
(0 0 0)
(0 0 0)
(0 0 0)
(0 0 0)
(0 0 0)
(0 0 0)
(0 0 0)
(0 0 0)
(0 0 0)
(0 0 0)
(0 0 0)
(0 0 0)
(0 0 0)
(0 0 0)
(0 0 0)
(0 0 0)
(0 0 0)
(0 0 0)
(0 0 0)
(0 0 0)
(0 0 0)
(0 0 0)
(0 0 0)
(0 0 0)
(0 0 0)
(0 0 0)
(0 0 0)
(0 0 0)
(0 0 0)
(0 0 0)
(0 0 0)
(0 0 0)
(0 0 0)
(0 0 0)
(0 0 0)
(0 0 0)
(0 0 0)
(0 0 0)
(0 0 0)
(0 0 0)
(0 0 0)
(0 0 0)
(0 0 0)
(0 0 0)
(0 0 0)
(0 0 0)
(0 0 0)
(0 0 0)
(0 0 0)
(0 0 0)
(0 0 0)
(0 0 0)
(0 0 0)
(0 0 0)
(0 0 0)
(0 0 0)
(0 0 0)
(0 0 0)
(0 0 0)
(0 0 0)
(0 0 0)
(0 0 0)
(0 0 0)
(0 0 0)
(0 0 0)
(-1.154800109204018e-06 -2.238758497098546e-06 -3.349310892210119e-06)
(4.459902319214601e-06 -3.803375399434136e-06 -6.709486526433943e-06)
(-5.645999426151096e-06 -9.71792598190344e-06 1.130015526253196e-07)
(0 0 0)
(0 0 0)
(0 0 0)
(0 0 0)
(1.361090914559881e-06 -3.609030249406338e-07 -1.389745798137364e-06)
(-5.839477801065748e-07 -3.39263855622746e-07 1.073096842101104e-07)
(3.718009423844256e-06 3.97682113008165e-06 -7.987386419806028e-06)
(-3.73145410661604e-06 -2.347556970182258e-07 1.331503095640397e-06)
(0 0 0)
(0 0 0)
(0 0 0)
(0 0 0)
(0 0 0)
(0 0 0)
(0 0 0)
(0 0 0)
(0 0 0)
(0 0 0)
(0 0 0)
(0 0 0)
(0 0 0)
(0 0 0)
(4.670210496815377e-07 -5.911409482705899e-07 -9.48423797296352e-07)
(0 0 0)
(0 0 0)
(-4.445815957768963e-06 -3.894916179396639e-06 4.171331961359443e-06)
(0 0 0)
(0 0 0)
(0 0 0)
(0 0 0)
(0 0 0)
(0 0 0)
(0 0 0)
(0 0 0)
(0 0 0)
(0 0 0)
(0 0 0)
(0 0 0)
(0 0 0)
(0 0 0)
(0 0 0)
(0 0 0)
(0 0 0)
(0 0 0)
(0 0 0)
(0 0 0)
(0 0 0)
(0 0 0)
(0 0 0)
(0 0 0)
(0 0 0)
(0 0 0)
(0 0 0)
(0 0 0)
(0 0 0)
(0 0 0)
(0 0 0)
(0 0 0)
(0 0 0)
(0 0 0)
(0 0 0)
(0 0 0)
(0 0 0)
(0 0 0)
(0 0 0)
(0 0 0)
(0 0 0)
(0 0 0)
(0 0 0)
(0 0 0)
(0 0 0)
(0 0 0)
(0 0 0)
(0 0 0)
(0 0 0)
(0 0 0)
(0 0 0)
(1.96046153397172e-06 -3.517654252656742e-07 -1.142080576148303e-06)
(1.650298325961492e-05 2.533894177456019e-06 -1.63504480254861e-05)
(1.379393024349734e-05 -4.190254517383459e-11 -4.440106302859007e-06)
(-2.727686799901299e-06 2.43965729976073e-07 7.431277235424269e-06)
(4.853618195827992e-06 4.9077059605697e-08 9.777364634273237e-07)
(1.466510467567592e-05 -5.188894483855828e-06 -9.114597966947385e-06)
(2.687570763164956e-05 2.981898986975128e-06 -1.225699059008132e-05)
(0 0 0)
(0 0 0)
(0 0 0)
(0 0 0)
(0 0 0)
(0 0 0)
(8.414412892760051e-06 -9.897655698580295e-07 -2.770408313966451e-06)
(1.513586271070087e-06 -1.995480281520114e-06 1.906062201820775e-06)
(0 0 0)
(-5.847153852111887e-06 3.330185748358009e-06 1.389986389435887e-06)
(1.016194501987951e-05 -3.531631949097877e-06 -3.420712475944996e-06)
(-1.665002301931079e-05 7.858626275133624e-06 9.595058486926043e-06)
(-1.579527710593007e-05 3.006579472674687e-05 1.455430142580406e-05)
(-5.15993255307331e-06 5.38677338781163e-06 1.719723918892857e-06)
(0 0 0)
(2.456297037249516e-05 -4.685364775783602e-06 -8.571360321023484e-06)
(0 0 0)
(2.076340924167804e-05 9.259229879019728e-07 -1.625283666536072e-05)
(1.654514979999441e-05 4.890866291547188e-07 -1.292774882280027e-05)
(0 0 0)
(0 0 0)
(1.199439423903229e-05 -1.838696612315609e-07 -5.648448443109157e-06)
(0 0 0)
(0 0 0)
(0 0 0)
(-2.253572036082895e-05 1.23029493030406e-05 1.549826007125629e-05)
(0 0 0)
(1.000800999099731e-06 9.626063481114503e-07 -9.12856096928596e-07)
(6.263155286910385e-06 3.562581377685517e-06 -4.447606945205202e-06)
(0 0 0)
(-3.762899540342973e-06 -1.855454314995552e-06 9.363367398243185e-07)
(2.018899751286299e-05 9.634743950599293e-06 -1.450409723625565e-05)
(-6.271305691725676e-06 1.454488317790175e-06 1.268853538845213e-06)
(0 0 0)
(0 0 0)
(0 0 0)
(-2.226670535409754e-05 -6.460649655127809e-06 1.718078547682843e-05)
(0 0 0)
(1.799190644599572e-06 -3.075382735831026e-05 2.783891155547986e-05)
(0 0 0)
(-1.208821285890612e-05 -1.747018129966315e-05 3.37387683610774e-06)
(0 0 0)
(0 0 0)
(4.289057534756074e-05 -1.481984365626995e-05 -2.885817165046495e-05)
(0 0 0)
(0 0 0)
(0 0 0)
(-2.362507333148034e-05 9.580646098769352e-06 1.357532436108917e-05)
(4.008886046788282e-05 -3.970624156656497e-05 -2.375172298514854e-05)
(2.32967084814587e-06 1.494372581532966e-06 -1.533732713861381e-06)
(1.835379540447304e-06 1.618957515792143e-06 -2.261288592265482e-06)
(0 0 0)
(0 0 0)
(0 0 0)
(0 0 0)
(0 0 0)
(0 0 0)
(0 0 0)
(0 0 0)
(0 0 0)
(0 0 0)
(0 0 0)
(0 0 0)
(0 0 0)
(0 0 0)
(0 0 0)
(0 0 0)
(0 0 0)
(0 0 0)
(0 0 0)
(0 0 0)
(0 0 0)
(0 0 0)
(0 0 0)
(0 0 0)
(0 0 0)
(0 0 0)
(0 0 0)
(0 0 0)
(0 0 0)
(0 0 0)
(0 0 0)
(0 0 0)
(0 0 0)
(0 0 0)
(0 0 0)
(0 0 0)
(0 0 0)
(0 0 0)
(0 0 0)
(0 0 0)
(0 0 0)
(2.549354495445739e-06 -6.805104407398383e-07 -3.87576700289279e-06)
(-1.036758528096068e-06 -1.85458445885197e-06 8.420957344408182e-07)
(-9.73409497971033e-07 9.376467801387993e-07 8.236211637874958e-07)
(0 0 0)
(0 0 0)
(0 0 0)
(-5.916579240473319e-06 1.163150764275419e-05 5.659028912304799e-06)
(-7.72476756284965e-06 -3.64222684552772e-06 2.716651301912462e-06)
(0 0 0)
(0 0 0)
(7.370182102006577e-06 -3.850985329571324e-06 -2.377356805569537e-06)
(-1.481021362576221e-05 5.697015981748917e-06 5.418848280389574e-06)
(7.688503830675437e-06 1.779657971342849e-06 -5.70493545510308e-06)
(3.405873539336464e-05 -1.080391715396845e-05 -2.134844636065616e-05)
(4.393633733973327e-05 2.128530713627499e-06 -1.81074397492682e-05)
(-9.24481824849013e-06 2.078018135877108e-05 -1.124323155493727e-05)
(-1.542877737804645e-05 1.599393497173461e-05 -1.865488121110602e-06)
(-1.4317224086995e-05 8.897157634833956e-06 5.732887489866853e-06)
(-3.785399995424296e-06 4.255151660535468e-06 -2.61052897746062e-06)
(-1.046927148914884e-05 -4.747541882106339e-06 -1.148208472963091e-05)
(1.846929907822175e-06 1.334600782970229e-05 -4.91916646782014e-06)
(2.407944631043172e-05 3.888304336601926e-06 -8.236419701325994e-06)
(-5.051410767187054e-06 1.505079188099137e-05 -1.156762652639686e-07)
(3.26037901505101e-05 -5.567849325197052e-06 -2.311582847310792e-05)
(-3.640588732327108e-05 8.022453567126536e-06 3.053616033853255e-05)
(0 0 0)
(0 0 0)
(0 0 0)
(0 0 0)
(2.026553394220701e-05 -3.567708641299758e-06 -2.177551082912176e-05)
(-2.093383669021769e-05 5.107379459332644e-06 1.098164843724225e-05)
(6.043700228748929e-06 5.938786947368133e-07 -4.73653133107064e-06)
(0 0 0)
(0 0 0)
(0 0 0)
(0 0 0)
(1.245568503454325e-05 3.915331128738728e-06 -5.622953566552262e-06)
(-1.94490429568696e-06 6.447875801562018e-06 1.932272689888105e-06)
(-1.463254363543143e-05 -1.139917083689326e-06 6.492298950775851e-07)
(2.546333663465308e-06 1.442324112516011e-06 -9.269040236335731e-07)
(4.764820954766456e-06 -1.259454406370096e-06 3.810591859886186e-07)
(2.906295396389977e-05 -2.344450643413543e-06 -1.324979783694907e-05)
(0 0 0)
(0 0 0)
(0 0 0)
(0 0 0)
(6.956031763206195e-06 4.945585686344876e-06 -1.151307684631767e-07)
(2.0990224940164e-06 3.004938613386827e-06 3.4522798418803e-06)
(6.842428295162811e-05 -1.462877994640633e-06 -4.308677266745677e-05)
(0 0 0)
(0 0 0)
(0 0 0)
(0 0 0)
(0 0 0)
(0 0 0)
(0 0 0)
(0 0 0)
(2.4014712932896e-05 -1.404339792312031e-05 -1.311804963405279e-05)
(-4.124721990593943e-06 7.162991427598038e-06 -1.084239711254247e-06)
(0 0 0)
(0 0 0)
(-4.330879795796163e-06 -5.93097288532229e-07 2.167009200577685e-06)
(6.339931841962095e-06 2.539865555058672e-06 -5.112859006091254e-06)
(9.820688990919363e-06 6.311989495486647e-06 -6.861321425921254e-06)
(7.608658950988947e-06 3.605411595561716e-06 -2.188095744642015e-06)
(-1.367344498812846e-06 -1.745876287987207e-06 1.805521187221929e-07)
(0 0 0)
(-1.332892298093725e-05 -4.670178133011e-06 7.304268965662583e-06)
(0 0 0)
(0 0 0)
(6.168233257662808e-07 -3.91509209638264e-06 6.523893809279614e-06)
(9.187473843959704e-06 4.852867732722899e-06 -3.382259674007918e-06)
(9.527604557870645e-06 1.582610074323043e-06 6.997917825735524e-07)
(3.586888591598141e-06 -4.086683806260275e-06 -4.081843991200911e-06)
(3.712187854896255e-06 -1.767978376115625e-06 -1.428494798030264e-06)
(-1.823644110923654e-06 1.503738661337322e-06 -4.602085631311197e-06)
(1.096898620624568e-05 1.022382097894092e-06 -6.50048031389315e-06)
(0 0 0)
(0 0 0)
(-3.11537229264897e-05 1.44780389935333e-06 7.821847737928383e-06)
(-1.429420064407425e-05 -1.167826525930947e-06 8.149336669620301e-06)
(0 0 0)
(0 0 0)
(0 0 0)
(0 0 0)
(0 0 0)
(0 0 0)
(-2.265403742947946e-05 -9.618393308250713e-06 -2.333121558216817e-06)
(-2.393032317988247e-06 -7.586343594570489e-06 -2.96488577798458e-06)
(3.559734693552208e-06 -6.305149958638371e-06 -6.334337798692941e-06)
(0 0 0)
(0 0 0)
(7.960449210889659e-06 -5.525614853510669e-06 -1.054681466191991e-05)
(-4.667016319800733e-06 -1.029596691028667e-05 2.65091032879788e-06)
(-3.059960574016634e-06 -6.033948426507313e-06 6.732601689917044e-06)
(0 0 0)
(0 0 0)
(1.671287175272699e-05 -5.7018086990202e-06 -1.494731388788002e-05)
(8.187049664311487e-06 2.023101243364739e-06 -3.986495787388654e-06)
(0 0 0)
(0 0 0)
(1.953495004314365e-06 1.566500355594769e-06 -3.461411841162748e-06)
(0 0 0)
(0 0 0)
(-2.702003722711973e-05 1.509530674233637e-06 9.756003905564491e-06)
(2.195441360138781e-05 -2.186504229120785e-06 -9.031062286204574e-06)
(-1.249604030792678e-05 2.87813933419941e-06 1.673070960548503e-05)
(0 0 0)
(0 0 0)
(0 0 0)
(0 0 0)
(0 0 0)
(0 0 0)
(0 0 0)
(0 0 0)
(0 0 0)
(0 0 0)
(-4.812290255166207e-06 3.542774484250576e-06 -1.605449170581584e-07)
(6.803648836150734e-06 -8.589717826136927e-07 -1.853328022792979e-06)
(4.567311069712008e-05 -3.027884035563907e-05 -2.897076936257186e-05)
(5.227444464483505e-05 -3.917897909053475e-05 -4.359253290890082e-05)
(2.448169061040316e-05 -1.802269149774768e-05 -1.214452036545941e-05)
(0 0 0)
(0 0 0)
(0 0 0)
(0 0 0)
(0 0 0)
(0 0 0)
(0 0 0)
(0 0 0)
(0 0 0)
(0 0 0)
(-4.795460752216082e-06 1.171448997180155e-06 3.68024265742617e-06)
(2.526308209585339e-06 4.744629643435486e-06 -3.21978374466053e-06)
(0 0 0)
(-2.159885468893617e-06 -1.888659694993665e-06 3.481399634962606e-06)
(0 0 0)
(0 0 0)
(0 0 0)
(0 0 0)
(0 0 0)
(0 0 0)
(0 0 0)
(0 0 0)
(0 0 0)
(0 0 0)
(0 0 0)
(0 0 0)
(0 0 0)
(0 0 0)
(0 0 0)
(0 0 0)
(0 0 0)
(0 0 0)
(0 0 0)
(0 0 0)
(0 0 0)
(0 0 0)
(0 0 0)
(0 0 0)
(0 0 0)
(0 0 0)
(0 0 0)
(0 0 0)
(0 0 0)
(0 0 0)
(0 0 0)
(-4.448467177111689e-06 1.637403373135799e-06 2.982067558090584e-06)
(-2.500306272172901e-05 1.259066578859591e-05 1.048278044929124e-05)
(0 0 0)
(0 0 0)
(0 0 0)
(0 0 0)
(0 0 0)
(0 0 0)
(0 0 0)
(0 0 0)
(0 0 0)
(0 0 0)
(0 0 0)
(-3.443651179400271e-06 -1.441625904930925e-06 -2.24412092516889e-06)
(0 0 0)
(0 0 0)
(6.565952849822374e-07 2.131557239459775e-06 -4.695145116332837e-06)
(0 0 0)
(0 0 0)
(0 0 0)
(0 0 0)
(0 0 0)
(0 0 0)
(0 0 0)
(0 0 0)
(0 0 0)
(0 0 0)
(0 0 0)
(0 0 0)
(0 0 0)
(4.42243483146995e-06 -2.0850315789933e-06 -2.315358912272666e-06)
(0 0 0)
(0 0 0)
(0 0 0)
(0 0 0)
(0 0 0)
(1.636974790175262e-06 -5.821879293632166e-08 -1.412900814134926e-06)
(0 0 0)
(0 0 0)
(0 0 0)
(0 0 0)
(0 0 0)
(-1.039779763454701e-05 -6.390552528619149e-06 -3.614148865906333e-07)
(-6.171946127783252e-07 1.145030428912972e-05 2.019991552823282e-05)
(-1.168530146265674e-05 -7.906450512699656e-06 7.741847353092572e-06)
(-2.526429484291679e-06 1.149986865331771e-06 -1.693830122795436e-06)
(7.086397194816988e-06 -3.056720554911276e-06 -8.827647639567064e-06)
(1.025678377904484e-05 5.141090720997369e-06 -3.863815299136159e-06)
(5.702104769715497e-07 7.917816465757144e-06 5.0708736594741e-06)
(-4.426672717878221e-07 -2.919602110390285e-07 -1.710722993367485e-09)
(-3.901587950240311e-06 -1.157855890101421e-05 -6.020279378229843e-06)
(6.941191998862232e-07 6.847043548779806e-07 -1.054874901871276e-06)
(0 0 0)
(0 0 0)
(0 0 0)
(0 0 0)
(0 0 0)
(0 0 0)
(0 0 0)
(0 0 0)
(1.278399991683171e-05 -6.729337358911454e-06 -1.758094209559245e-05)
(-4.860028228107144e-07 -7.098827504842223e-07 6.822186338749513e-08)
(1.264191102598441e-05 -1.999599735241274e-05 -2.046145842258837e-05)
(0 0 0)
(0 0 0)
(0 0 0)
(4.294866844730051e-06 -8.960227886822894e-06 -7.156321821768562e-06)
(0 0 0)
(7.770204390783596e-06 -1.107551249496393e-05 -9.781409339771312e-06)
(1.366024036168366e-05 1.237203025499122e-05 -7.598308464124981e-06)
(4.370400255884535e-07 6.534177178320287e-07 -5.148220151537424e-07)
(0 0 0)
(0 0 0)
(0 0 0)
(0 0 0)
(0 0 0)
(0 0 0)
(0 0 0)
(0 0 0)
(0 0 0)
(-1.901973303232445e-06 -1.651518316836727e-06 -6.448295950398461e-06)
(0 0 0)
(1.249520318125969e-05 -2.426752793129752e-05 -1.620097064954362e-05)
(3.993524425631901e-06 -1.253680673919566e-05 -1.240080625137307e-05)
(-3.975501431496622e-06 -1.357707179150109e-05 -4.163552593188854e-06)
(2.087927215233878e-05 -5.231123157529398e-05 -2.793923483978175e-05)
(0 0 0)
(1.829166415875329e-06 2.890133204876692e-06 -4.434922208924268e-07)
(0 0 0)
(0 0 0)
(-1.25346194006683e-05 2.3175111509303e-05 1.112931571361758e-05)
(7.77633784542945e-06 -1.015159962984942e-05 -1.664971738674439e-05)
(3.51988191649128e-06 -9.958951714657801e-06 -5.642149404028767e-06)
(0 0 0)
(0 0 0)
(-4.374801749703198e-07 -9.421619512599301e-07 -3.132999418220251e-09)
(0 0 0)
(-7.27107064676913e-07 -3.58767642620346e-07 -6.216888062825225e-07)
(0 0 0)
(-1.808529274065359e-06 1.041958043150718e-06 7.467704757685477e-07)
(0 0 0)
(0 0 0)
(0 0 0)
(0 0 0)
(0 0 0)
(0 0 0)
(0 0 0)
(0 0 0)
(0 0 0)
(0 0 0)
(0 0 0)
(0 0 0)
(0 0 0)
(0 0 0)
(0 0 0)
(0 0 0)
(0 0 0)
(0 0 0)
(0 0 0)
(0 0 0)
(-1.572438440318879e-06 5.35412596520658e-06 2.988779439575136e-07)
(-1.90182044016325e-06 1.289776485714778e-05 3.325846568870059e-06)
(9.677623982891951e-07 -3.612874260500124e-06 -3.378832486307774e-06)
(8.741016056581211e-06 -2.404998139937081e-05 -1.764992930445084e-05)
(0 0 0)
(0 0 0)
(0 0 0)
(0 0 0)
(0 0 0)
(0 0 0)
(0 0 0)
(0 0 0)
(0 0 0)
(0 0 0)
(0 0 0)
(0 0 0)
(0 0 0)
(0 0 0)
(0 0 0)
(0 0 0)
(0 0 0)
(0 0 0)
(0 0 0)
(0 0 0)
(0 0 0)
(0 0 0)
(0 0 0)
(0 0 0)
(0 0 0)
(0 0 0)
(0 0 0)
(0 0 0)
(0 0 0)
(0 0 0)
(0 0 0)
(0 0 0)
(0 0 0)
(0 0 0)
(0 0 0)
(0 0 0)
(0 0 0)
(0 0 0)
(0 0 0)
(0 0 0)
(0 0 0)
(0 0 0)
(0 0 0)
(0 0 0)
(0 0 0)
(0 0 0)
(0 0 0)
(0 0 0)
(0 0 0)
(0 0 0)
(0 0 0)
(0 0 0)
(0 0 0)
(0 0 0)
(0 0 0)
(0 0 0)
(0 0 0)
(0 0 0)
(0 0 0)
(0 0 0)
(0 0 0)
(0 0 0)
(0 0 0)
(0 0 0)
(0 0 0)
(0 0 0)
(0 0 0)
(0 0 0)
(0 0 0)
(0 0 0)
(0 0 0)
(0 0 0)
(0 0 0)
(0 0 0)
(0 0 0)
(0 0 0)
(0 0 0)
(0 0 0)
(0 0 0)
(0 0 0)
(0 0 0)
(0 0 0)
(0 0 0)
(0 0 0)
(0 0 0)
(0 0 0)
(0 0 0)
(0 0 0)
(0 0 0)
(0 0 0)
(0 0 0)
(0 0 0)
(0 0 0)
(0 0 0)
(0 0 0)
(0 0 0)
(0 0 0)
(0 0 0)
(0 0 0)
(0 0 0)
(0 0 0)
(0 0 0)
(0 0 0)
(0 0 0)
(0 0 0)
(0 0 0)
(0 0 0)
(0 0 0)
(0 0 0)
(0 0 0)
(0 0 0)
(0 0 0)
(0 0 0)
(0 0 0)
(0 0 0)
(0 0 0)
(0 0 0)
(0 0 0)
(0 0 0)
(0 0 0)
(0 0 0)
(0 0 0)
(0 0 0)
(0 0 0)
(0 0 0)
(0 0 0)
(0 0 0)
(0 0 0)
(0 0 0)
(0 0 0)
(0 0 0)
(0 0 0)
(0 0 0)
(0 0 0)
(0 0 0)
(0 0 0)
(0 0 0)
(0 0 0)
(-1.338138799395e-05 1.756541718647002e-05 7.599681205444262e-06)
(-7.54602127596609e-06 2.134485601004531e-06 2.057356944532752e-07)
(0 0 0)
(-2.028550513450509e-06 7.079545939459569e-07 4.7163528943689e-07)
(3.467865137619459e-06 -4.235458121185878e-06 -7.426670543182035e-06)
(0 0 0)
(-3.46345415198296e-05 4.487107565463032e-05 2.053497710498347e-05)
(-2.789768032810395e-06 -8.822232208562456e-06 4.234295639119738e-06)
(0 0 0)
(0 0 0)
(0 0 0)
(0 0 0)
(0 0 0)
(0 0 0)
(0 0 0)
(0 0 0)
(0 0 0)
(0 0 0)
(0 0 0)
(0 0 0)
(0 0 0)
(0 0 0)
(0 0 0)
(0 0 0)
(0 0 0)
(0 0 0)
(-3.390335696314974e-05 5.187855527631388e-05 3.640024933179045e-05)
(1.17363191387088e-06 6.997333648010082e-07 -7.587904516121656e-07)
(0 0 0)
(0 0 0)
(0 0 0)
(0 0 0)
(0 0 0)
(0 0 0)
(0 0 0)
(0 0 0)
(0 0 0)
(0 0 0)
(0 0 0)
(0 0 0)
(-1.315176438427867e-05 -9.439908587887756e-06 -1.899868740828842e-07)
(-2.773796173347911e-06 -9.578154956001701e-06 -8.47623220308219e-06)
(-5.582472650574773e-06 -1.287660939645627e-05 1.983360840904289e-06)
(0 0 0)
(0 0 0)
(0 0 0)
(0 0 0)
(2.817643704952964e-08 3.491403806821269e-07 -4.114034384173521e-07)
(0 0 0)
(0 0 0)
(0 0 0)
(0 0 0)
(0 0 0)
(0 0 0)
(0 0 0)
(0 0 0)
(0 0 0)
(0 0 0)
(0 0 0)
(0 0 0)
(0 0 0)
(0 0 0)
(0 0 0)
(0 0 0)
(0 0 0)
(0 0 0)
(0 0 0)
(0 0 0)
(0 0 0)
(0 0 0)
(0 0 0)
(0 0 0)
(0 0 0)
(0 0 0)
(0 0 0)
(0 0 0)
(0 0 0)
(0 0 0)
(0 0 0)
(0 0 0)
(0 0 0)
(0 0 0)
(0 0 0)
(0 0 0)
(0 0 0)
(0 0 0)
(4.161471224086286e-06 2.460178519497643e-05 1.398444036761385e-06)
(-7.276422892716304e-06 1.57748328515483e-05 4.254686203137341e-06)
(0 0 0)
(0 0 0)
(0 0 0)
(0 0 0)
(0 0 0)
(0 0 0)
(0 0 0)
(0 0 0)
(0 0 0)
(0 0 0)
(0 0 0)
(0 0 0)
(3.001185407919593e-05 -2.711392944196857e-05 -1.671293546510748e-05)
(2.841089888567231e-06 3.097314585415228e-06 -8.841973268595178e-07)
(6.475429718623274e-06 -2.599689499005421e-06 4.741055177681375e-06)
(0 0 0)
(3.284418205310617e-05 -5.205479896861841e-05 -3.596713299627311e-05)
(0 0 0)
(0 0 0)
(0 0 0)
(0 0 0)
(0 0 0)
(0 0 0)
(0 0 0)
(0 0 0)
(0 0 0)
(0 0 0)
(0 0 0)
(0 0 0)
(0 0 0)
(0 0 0)
(0 0 0)
(0 0 0)
(0 0 0)
(0 0 0)
(0 0 0)
(-6.381219322734722e-06 -6.242616801910975e-06 1.820717763562035e-06)
(0 0 0)
(0 0 0)
(0 0 0)
(0 0 0)
(0 0 0)
(0 0 0)
(0 0 0)
(6.157827225565323e-06 -1.254874324532668e-05 -1.091272437536037e-05)
(2.696724034937593e-06 -1.507973604151473e-05 -7.902410096358749e-06)
(0 0 0)
(0 0 0)
(0 0 0)
(0 0 0)
(0 0 0)
(0 0 0)
(0 0 0)
(0 0 0)
(0 0 0)
(0 0 0)
(0 0 0)
(0 0 0)
(0 0 0)
(0 0 0)
(0 0 0)
(0 0 0)
(0 0 0)
(0 0 0)
(0 0 0)
(0 0 0)
(0 0 0)
(0 0 0)
(0 0 0)
(0 0 0)
(0 0 0)
(0 0 0)
(0 0 0)
(0 0 0)
(0 0 0)
(0 0 0)
(0 0 0)
(0 0 0)
(0 0 0)
(0 0 0)
(0 0 0)
(0 0 0)
(0 0 0)
(0 0 0)
(0 0 0)
(0 0 0)
(0 0 0)
(0 0 0)
(-1.260482074708725e-06 5.90585652768843e-06 -2.256552144570382e-06)
(0 0 0)
(0 0 0)
(0 0 0)
(0 0 0)
(0 0 0)
(0 0 0)
(0 0 0)
(0 0 0)
(0 0 0)
(0 0 0)
(0 0 0)
(-3.800034652365979e-06 3.864773183606068e-06 1.279152266907158e-06)
(0 0 0)
(-1.044405294074377e-05 1.87166276459454e-05 1.468106472973124e-05)
(-3.960594866942321e-07 -2.310482888514875e-06 -4.548080287877933e-07)
(0 0 0)
(0 0 0)
(0 0 0)
(0 0 0)
(0 0 0)
(0 0 0)
(0 0 0)
(0 0 0)
(0 0 0)
(0 0 0)
(0 0 0)
(0 0 0)
(0 0 0)
(0 0 0)
(0 0 0)
(0 0 0)
(0 0 0)
(0 0 0)
(0 0 0)
(0 0 0)
(0 0 0)
(0 0 0)
(0 0 0)
(0 0 0)
(0 0 0)
(0 0 0)
(0 0 0)
(0 0 0)
(0 0 0)
(0 0 0)
(0 0 0)
(0 0 0)
(0 0 0)
(0 0 0)
(0 0 0)
(0 0 0)
(0 0 0)
(0 0 0)
(0 0 0)
(0 0 0)
(0 0 0)
(0 0 0)
(0 0 0)
(0 0 0)
(0 0 0)
(0 0 0)
(0 0 0)
(0 0 0)
(0 0 0)
(0 0 0)
(0 0 0)
(0 0 0)
(0 0 0)
(0 0 0)
(0 0 0)
(0 0 0)
(0 0 0)
(0 0 0)
(0 0 0)
(0 0 0)
(0 0 0)
(0 0 0)
(0 0 0)
(0 0 0)
(0 0 0)
(0 0 0)
(0 0 0)
(0 0 0)
(0 0 0)
(0 0 0)
(0 0 0)
(0 0 0)
(0 0 0)
(0 0 0)
(0 0 0)
(0 0 0)
(0 0 0)
(0 0 0)
(0 0 0)
(0 0 0)
(0 0 0)
(0 0 0)
(0 0 0)
(0 0 0)
(0 0 0)
(0 0 0)
(0 0 0)
(0 0 0)
(0 0 0)
(0 0 0)
(0 0 0)
(0 0 0)
(-8.25989711467839e-06 1.532602494348214e-05 8.427752806536994e-06)
(-4.323274305070757e-06 -1.376510097322836e-05 9.402902003612418e-06)
(-1.30094230581952e-06 1.377980172750212e-05 -3.926624014981297e-06)
(0 0 0)
(0 0 0)
(0 0 0)
(0 0 0)
(0 0 0)
(0 0 0)
(0 0 0)
(0 0 0)
(0 0 0)
(0 0 0)
(0 0 0)
(0 0 0)
(0 0 0)
(0 0 0)
(0 0 0)
(0 0 0)
(0 0 0)
(0 0 0)
(0 0 0)
(0 0 0)
(0 0 0)
(0 0 0)
(0 0 0)
(0 0 0)
(0 0 0)
(0 0 0)
(0 0 0)
(0 0 0)
(0 0 0)
(0 0 0)
(0 0 0)
(0 0 0)
(0 0 0)
(0 0 0)
(0 0 0)
(0 0 0)
(0 0 0)
(0 0 0)
(0 0 0)
(0 0 0)
(0 0 0)
(0 0 0)
(0 0 0)
(0 0 0)
(0 0 0)
(0 0 0)
(0 0 0)
(0 0 0)
(0 0 0)
(0 0 0)
(0 0 0)
(0 0 0)
(0 0 0)
(0 0 0)
(-4.30357368193283e-06 4.646203059417174e-06 -1.905428238351766e-06)
(-4.063700710908036e-07 2.449401410793346e-06 -1.743736455445247e-06)
(4.325302592600775e-06 -3.145554950417549e-06 -9.995419538514459e-06)
(0 0 0)
(0 0 0)
(0 0 0)
(0 0 0)
(0 0 0)
(0 0 0)
(0 0 0)
(0 0 0)
(0 0 0)
(0 0 0)
(0 0 0)
(0 0 0)
(0 0 0)
(0 0 0)
(0 0 0)
(0 0 0)
(0 0 0)
(0 0 0)
(0 0 0)
(0 0 0)
(0 0 0)
(0 0 0)
(0 0 0)
(0 0 0)
(0 0 0)
(0 0 0)
(5.215496109778934e-06 -1.211469063282663e-06 8.743853212392971e-06)
(0 0 0)
(0 0 0)
(0 0 0)
(0 0 0)
(0 0 0)
(0 0 0)
(0 0 0)
(0 0 0)
(0 0 0)
(0 0 0)
(0 0 0)
(0 0 0)
(0 0 0)
(0 0 0)
(0 0 0)
(0 0 0)
(0 0 0)
(0 0 0)
(0 0 0)
(0 0 0)
(0 0 0)
(0 0 0)
(0 0 0)
(0 0 0)
(0 0 0)
(0 0 0)
(0 0 0)
(0 0 0)
(0 0 0)
(0 0 0)
(0 0 0)
(0 0 0)
(0 0 0)
(0 0 0)
(0 0 0)
(0 0 0)
(0 0 0)
(0 0 0)
(0 0 0)
(0 0 0)
(0 0 0)
(0 0 0)
(0 0 0)
(0 0 0)
(0 0 0)
(0 0 0)
(0 0 0)
(0 0 0)
(0 0 0)
(0 0 0)
(0 0 0)
(0 0 0)
(0 0 0)
(0 0 0)
(0 0 0)
(0 0 0)
(0 0 0)
(0 0 0)
(0 0 0)
(0 0 0)
(0 0 0)
(0 0 0)
(0 0 0)
(-2.32506178200317e-05 5.934152126991499e-05 4.673650251118167e-05)
(-1.540079633157672e-07 -2.914099984392076e-05 -3.332095887821687e-05)
(1.281479888100754e-06 -7.703364879105014e-06 -1.427473366104958e-05)
(1.393872349081502e-07 -2.587179909249867e-06 2.915923133823435e-06)
(0 0 0)
(0 0 0)
(0 0 0)
(0 0 0)
(-2.533053512813693e-06 3.566656812256125e-06 2.164734044139483e-06)
(-6.476082511154937e-06 3.248847530636298e-06 1.686506991791381e-06)
(0 0 0)
(0 0 0)
(-7.773282620883811e-07 2.250303567989363e-08 -2.959701556469717e-07)
(0 0 0)
(0 0 0)
(0 0 0)
(0 0 0)
(0 0 0)
(0 0 0)
(0 0 0)
(0 0 0)
(0 0 0)
(0 0 0)
(0 0 0)
(0 0 0)
(0 0 0)
(0 0 0)
(0 0 0)
(0 0 0)
(0 0 0)
(0 0 0)
(0 0 0)
(0 0 0)
(0 0 0)
(0 0 0)
(0 0 0)
(0 0 0)
(0 0 0)
(0 0 0)
(0 0 0)
(0 0 0)
(0 0 0)
(0 0 0)
(-8.412081145810718e-07 3.165562868161011e-06 1.912093057427702e-06)
(0 0 0)
(0 0 0)
(1.449505137954326e-08 1.398550744322255e-08 -2.264201624586329e-07)
(0 0 0)
(0 0 0)
(0 0 0)
(0 0 0)
(0 0 0)
(0 0 0)
(0 0 0)
(0 0 0)
(0 0 0)
(0 0 0)
(0 0 0)
(0 0 0)
(0 0 0)
(0 0 0)
(0 0 0)
(0 0 0)
(0 0 0)
(-1.597782207447902e-06 -1.026144491400726e-05 -1.099242220729999e-05)
(0 0 0)
(0 0 0)
(0 0 0)
(0 0 0)
(0 0 0)
(0 0 0)
(0 0 0)
(0 0 0)
(0 0 0)
(0 0 0)
(0 0 0)
(0 0 0)
(0 0 0)
(0 0 0)
(0 0 0)
(0 0 0)
(0 0 0)
(0 0 0)
(0 0 0)
(0 0 0)
(0 0 0)
(0 0 0)
(0 0 0)
(0 0 0)
(0 0 0)
(0 0 0)
(0 0 0)
(0 0 0)
(0 0 0)
(0 0 0)
(0 0 0)
(0 0 0)
(0 0 0)
(0 0 0)
(0 0 0)
(0 0 0)
(0 0 0)
(0 0 0)
(0 0 0)
(0 0 0)
(0 0 0)
(0 0 0)
(0 0 0)
(-2.210120227620593e-06 -2.916979037325459e-05 -2.372913675749134e-05)
(-1.877062783106738e-06 6.201016746712063e-06 -2.32580704869877e-07)
(1.035104241564094e-05 -3.555464029940951e-06 4.348776240994761e-06)
(0 0 0)
(-2.774969236335592e-06 7.303327110914052e-06 3.908104914677756e-06)
(0 0 0)
(0 0 0)
(0 0 0)
(0 0 0)
(0 0 0)
(0 0 0)
(0 0 0)
(0 0 0)
(0 0 0)
(0 0 0)
(0 0 0)
(0 0 0)
(0 0 0)
(0 0 0)
(0 0 0)
(0 0 0)
(0 0 0)
(0 0 0)
(0 0 0)
(0 0 0)
(0 0 0)
(0 0 0)
(0 0 0)
(0 0 0)
(0 0 0)
(0 0 0)
(0 0 0)
(0 0 0)
(0 0 0)
(0 0 0)
(0 0 0)
(0 0 0)
(0 0 0)
(0 0 0)
(0 0 0)
(0 0 0)
(0 0 0)
(0 0 0)
(0 0 0)
(0 0 0)
(0 0 0)
(0 0 0)
(0 0 0)
(0 0 0)
(-4.639473942465307e-06 6.313710389672018e-06 2.994574268867394e-07)
(-4.93323884433713e-07 -5.207117875338163e-07 -3.015782100525734e-06)
(0 0 0)
(0 0 0)
(0 0 0)
(0 0 0)
(0 0 0)
(0 0 0)
(0 0 0)
(0 0 0)
(0 0 0)
(0 0 0)
(0 0 0)
(0 0 0)
(0 0 0)
(0 0 0)
(0 0 0)
(0 0 0)
(0 0 0)
(0 0 0)
(0 0 0)
(0 0 0)
(0 0 0)
(0 0 0)
(0 0 0)
(0 0 0)
(0 0 0)
(0 0 0)
(0 0 0)
(0 0 0)
(0 0 0)
(0 0 0)
(0 0 0)
(0 0 0)
(0 0 0)
(0 0 0)
(0 0 0)
(0 0 0)
(0 0 0)
(0 0 0)
(0 0 0)
(0 0 0)
(0 0 0)
(0 0 0)
(0 0 0)
(0 0 0)
(0 0 0)
(0 0 0)
(0 0 0)
(0 0 0)
(0 0 0)
(0 0 0)
(0 0 0)
(0 0 0)
(0 0 0)
(0 0 0)
(0 0 0)
(0 0 0)
(0 0 0)
(0 0 0)
(0 0 0)
(0 0 0)
(0 0 0)
(0 0 0)
(0 0 0)
(0 0 0)
(0 0 0)
(0 0 0)
(0 0 0)
(0 0 0)
(0 0 0)
(0 0 0)
(0 0 0)
(0 0 0)
(0 0 0)
(0 0 0)
(0 0 0)
(0 0 0)
(0 0 0)
(0 0 0)
(0 0 0)
(0 0 0)
(0 0 0)
(0 0 0)
(0 0 0)
(0 0 0)
(0 0 0)
(0 0 0)
(0 0 0)
(0 0 0)
(0 0 0)
(0 0 0)
(0 0 0)
(0 0 0)
(0 0 0)
(0 0 0)
(0 0 0)
(0 0 0)
(0 0 0)
(0 0 0)
(0 0 0)
(0 0 0)
(0 0 0)
(0 0 0)
(0 0 0)
(0 0 0)
(0 0 0)
(0 0 0)
(0 0 0)
(0 0 0)
(0 0 0)
(0 0 0)
(0 0 0)
(0 0 0)
(0 0 0)
(0 0 0)
(0 0 0)
(0 0 0)
(0 0 0)
(0 0 0)
(0 0 0)
(0 0 0)
(0 0 0)
(0 0 0)
(0 0 0)
(0 0 0)
(0 0 0)
(0 0 0)
(0 0 0)
(0 0 0)
(0 0 0)
(0 0 0)
(0 0 0)
(0 0 0)
(0 0 0)
(-5.230810481875264e-06 -5.823284342372989e-06 -4.050080941940568e-06)
(0 0 0)
(0 0 0)
(0 0 0)
(0 0 0)
(0 0 0)
(0 0 0)
(0 0 0)
(0 0 0)
(0 0 0)
(0 0 0)
(0 0 0)
(0 0 0)
(0 0 0)
(0 0 0)
(0 0 0)
(0 0 0)
(0 0 0)
(0 0 0)
(0 0 0)
(0 0 0)
(0 0 0)
(0 0 0)
(0 0 0)
(0 0 0)
(0 0 0)
(0 0 0)
(0 0 0)
(0 0 0)
(0 0 0)
(0 0 0)
(0 0 0)
(0 0 0)
(-1.037159117354492e-06 -4.354312631618272e-09 -1.611469546008482e-07)
(0 0 0)
(0 0 0)
(0 0 0)
(0 0 0)
(0 0 0)
(0 0 0)
(0 0 0)
(0 0 0)
(0 0 0)
(0 0 0)
(0 0 0)
(0 0 0)
(0 0 0)
(0 0 0)
(0 0 0)
(0 0 0)
(0 0 0)
(0 0 0)
(0 0 0)
(0 0 0)
(0 0 0)
(0 0 0)
(0 0 0)
(0 0 0)
(0 0 0)
(0 0 0)
(0 0 0)
(0 0 0)
(0 0 0)
(0 0 0)
(0 0 0)
(0 0 0)
(0 0 0)
(0 0 0)
(0 0 0)
(0 0 0)
(0 0 0)
(0 0 0)
(0 0 0)
(0 0 0)
(0 0 0)
(0 0 0)
(0 0 0)
(0 0 0)
(0 0 0)
(0 0 0)
(0 0 0)
(0 0 0)
(0 0 0)
(0 0 0)
(0 0 0)
(0 0 0)
(0 0 0)
(2.257438820676314e-05 3.213041294958283e-06 -1.603079968996769e-05)
(0 0 0)
(-1.989392254834488e-05 1.492507982780068e-05 9.483063726994434e-06)
(-1.711080611395391e-06 -1.882555901796612e-06 2.937293360841662e-07)
(3.072199797424235e-05 -3.51749613467194e-05 -2.425042595576472e-05)
(2.140317839422645e-06 1.386358627629264e-06 -9.715062529652022e-07)
(-1.550900923063678e-06 2.097072183259215e-05 1.729299983454506e-05)
(0 0 0)
(6.319474826020483e-06 8.464262454848406e-06 -4.912198353188758e-06)
(1.345078788348142e-05 8.216679424951567e-06 -9.240426670687951e-06)
(8.191345246853375e-06 -3.956474446831091e-07 -1.091318233224501e-05)
(0 0 0)
(0 0 0)
(-1.538965837533168e-06 -5.193727289968279e-07 -3.772100362490499e-07)
(9.141528168988459e-06 1.373125457961658e-06 1.528951381754297e-06)
(-7.378331507856843e-06 -1.052688832843033e-05 5.047212204186973e-06)
(-1.708197577997133e-06 -2.430169763036272e-06 4.536474259912085e-06)
(-6.417984197345475e-06 -4.405966939100403e-06 1.393369681326998e-06)
(0 0 0)
(0 0 0)
(-1.229031008775118e-05 -6.250876485100847e-06 5.177956405925704e-06)
(-2.623710760597206e-05 -6.830384739505358e-06 2.054105048476349e-05)
(0 0 0)
(1.630833772829402e-05 -5.879496974865548e-06 -1.101949477141791e-05)
(2.369203423822454e-05 1.317301676479328e-05 -1.119310115732424e-05)
(-8.553905877315909e-06 -5.883073818549964e-06 5.931255071453875e-06)
(2.028019909547364e-07 2.480010156109027e-06 -1.101154401480746e-06)
(0 0 0)
(5.308122268907778e-06 8.044596058430489e-06 -4.372862733663631e-06)
(0 0 0)
(-8.4604896642683e-06 -4.10656891994907e-06 7.364609908582415e-07)
(3.189817679440824e-06 4.21819205187271e-06 -2.951421897349199e-06)
(1.472193037190096e-06 1.131889770905812e-06 -7.250410094453287e-07)
(0 0 0)
(0 0 0)
(0 0 0)
(0 0 0)
(0 0 0)
(0 0 0)
(0 0 0)
(0 0 0)
(0 0 0)
(0 0 0)
(0 0 0)
(0 0 0)
(0 0 0)
(0 0 0)
(0 0 0)
(0 0 0)
(0 0 0)
(0 0 0)
(0 0 0)
(0 0 0)
(0 0 0)
(0 0 0)
(0 0 0)
(0 0 0)
(0 0 0)
(0 0 0)
(0 0 0)
(0 0 0)
(0 0 0)
(0 0 0)
(0 0 0)
(0 0 0)
(0 0 0)
(0 0 0)
(0 0 0)
(0 0 0)
(0 0 0)
(0 0 0)
(0 0 0)
(0 0 0)
(0 0 0)
(0 0 0)
(0 0 0)
(0 0 0)
(0 0 0)
(0 0 0)
(0 0 0)
(0 0 0)
(0 0 0)
(0 0 0)
(0 0 0)
(0 0 0)
(0 0 0)
(0 0 0)
(0 0 0)
(0 0 0)
(0 0 0)
(0 0 0)
(0 0 0)
(0 0 0)
(0 0 0)
(0 0 0)
(0 0 0)
(0 0 0)
(0 0 0)
(0 0 0)
(0 0 0)
(0 0 0)
(0 0 0)
(0 0 0)
(0 0 0)
(0 0 0)
(0 0 0)
(0 0 0)
(0 0 0)
(0 0 0)
(0 0 0)
(0 0 0)
(0 0 0)
(0 0 0)
(0 0 0)
(0 0 0)
(0 0 0)
(0 0 0)
(0 0 0)
(0 0 0)
(0 0 0)
(0 0 0)
(0 0 0)
(0 0 0)
(0 0 0)
(0 0 0)
(0 0 0)
(0 0 0)
(0 0 0)
(0 0 0)
(0 0 0)
(0 0 0)
(0 0 0)
(0 0 0)
(0 0 0)
(0 0 0)
(0 0 0)
(0 0 0)
(0 0 0)
(0 0 0)
(0 0 0)
(0 0 0)
(0 0 0)
(0 0 0)
(0 0 0)
(0 0 0)
(0 0 0)
(0 0 0)
(0 0 0)
(0 0 0)
(0 0 0)
(0 0 0)
(0 0 0)
(0 0 0)
(0 0 0)
(0 0 0)
(0 0 0)
(0 0 0)
(0 0 0)
(0 0 0)
(0 0 0)
(0 0 0)
(0 0 0)
(0 0 0)
(0 0 0)
(0 0 0)
(0 0 0)
(0 0 0)
(0 0 0)
(0 0 0)
(0 0 0)
(0 0 0)
(0 0 0)
(0 0 0)
(0 0 0)
(0 0 0)
(0 0 0)
(0 0 0)
(0 0 0)
(0 0 0)
(0 0 0)
(0 0 0)
(0 0 0)
(0 0 0)
(0 0 0)
(0 0 0)
(0 0 0)
(0 0 0)
(0 0 0)
(0 0 0)
(0 0 0)
(4.966018711203878e-06 -8.42457236609821e-06 -2.657708101572297e-06)
(-7.034332767631662e-06 1.030847346909372e-05 -4.478209784341808e-06)
(-4.306687767865049e-06 -1.66416772189055e-06 -6.307420528709114e-07)
(1.395450886660305e-05 1.621599995179155e-07 -5.752743012928753e-06)
(-1.579942199144986e-05 2.417859101509557e-05 6.983098681797175e-06)
(-2.224904391095177e-05 3.165784607455776e-05 1.990306779548333e-05)
(-3.699366813279336e-06 -6.446597266265729e-07 4.07921245886813e-06)
(5.756821366230875e-06 -7.682991606200934e-06 -1.580198206001657e-05)
(-7.448771597257195e-07 4.952819397518492e-06 2.233189312948971e-06)
(-1.184104922076436e-05 2.666759896012768e-06 1.684056587524541e-06)
(2.042810661534636e-05 -1.362048425997448e-06 -9.393342420963758e-06)
(-6.393947278077723e-06 2.114839835751734e-05 1.211512515941299e-05)
(1.398198086144483e-06 -1.66933999261222e-05 -1.163925230329282e-05)
(1.158160417626168e-05 -1.690065288472939e-05 -9.4566909389242e-06)
(-9.564026624612447e-07 8.080877669952996e-07 -7.579827880830697e-07)
(4.540047315866671e-07 3.088045121844528e-07 2.249659825628045e-06)
(-2.271640271914921e-05 7.993276039715993e-06 1.572568786838952e-05)
(-8.762942322994186e-06 5.352436362543574e-06 3.722907181797666e-06)
(0 0 0)
(0 0 0)
(0 0 0)
(0 0 0)
(0 0 0)
(0 0 0)
(0 0 0)
(0 0 0)
(0 0 0)
(0 0 0)
(0 0 0)
(0 0 0)
(0 0 0)
(0 0 0)
(0 0 0)
(0 0 0)
(0 0 0)
(0 0 0)
(0 0 0)
(0 0 0)
(0 0 0)
(0 0 0)
(0 0 0)
(0 0 0)
(0 0 0)
(0 0 0)
(0 0 0)
(0 0 0)
(0 0 0)
(0 0 0)
(-8.393360814370755e-07 -2.697977319368221e-07 1.960040414976685e-07)
(0 0 0)
(0 0 0)
(-1.005996256347269e-06 -4.708710863111757e-08 -1.054993464251182e-07)
(0 0 0)
(-1.221314241913496e-06 -3.528204321206263e-08 2.122011718088088e-07)
(0 0 0)
(0 0 0)
(0 0 0)
(0 0 0)
(0 0 0)
(0 0 0)
(0 0 0)
(0 0 0)
(0 0 0)
(0 0 0)
(0 0 0)
(0 0 0)
(0 0 0)
(0 0 0)
(0 0 0)
(0 0 0)
(0 0 0)
(0 0 0)
(0 0 0)
(0 0 0)
(0 0 0)
(0 0 0)
(0 0 0)
(-3.048432619831456e-07 1.114148011209087e-06 4.968153992670399e-07)
(-1.49905316312978e-06 -1.358919229602498e-07 2.189798039041107e-07)
(0 0 0)
(-3.259379390786239e-06 5.503672215509015e-06 4.560478144237148e-06)
(0 0 0)
(0 0 0)
(0 0 0)
(0 0 0)
(0 0 0)
(0 0 0)
(0 0 0)
(0 0 0)
(0 0 0)
(0 0 0)
(0 0 0)
(0 0 0)
(0 0 0)
(0 0 0)
(0 0 0)
(0 0 0)
(0 0 0)
(0 0 0)
(0 0 0)
(0 0 0)
(0 0 0)
(0 0 0)
(0 0 0)
(0 0 0)
(0 0 0)
(0 0 0)
(0 0 0)
(0 0 0)
(0 0 0)
(-5.598048358914689e-06 2.309605913408102e-05 1.033653728393974e-05)
(0 0 0)
(0 0 0)
(0 0 0)
(0 0 0)
(0 0 0)
(0 0 0)
(0 0 0)
(0 0 0)
(0 0 0)
(0 0 0)
(0 0 0)
(0 0 0)
(0 0 0)
(0 0 0)
(0 0 0)
(0 0 0)
(0 0 0)
(0 0 0)
(0 0 0)
(0 0 0)
(0 0 0)
(0 0 0)
(0 0 0)
(0 0 0)
(0 0 0)
(0 0 0)
(0 0 0)
(0 0 0)
(0 0 0)
(0 0 0)
(0 0 0)
(3.698184980623507e-05 -4.767308107532193e-05 -3.941514147432629e-05)
(8.017994530635794e-06 -2.964994328366809e-06 -8.605257910937872e-06)
(-5.690410137907571e-06 -2.010769259723659e-06 6.71586600313368e-07)
(-4.984808618018075e-06 1.434501118380224e-05 8.123999977835346e-06)
(-3.777470483172426e-06 1.757215399100462e-05 1.332675975797483e-05)
(1.996677235762363e-06 1.746499652241823e-07 -5.081305290080314e-07)
(-2.777973138061387e-06 -1.927399645261372e-06 1.432352401387906e-06)
(-3.915934887714993e-06 -2.706674481067675e-06 1.712526216909838e-06)
(3.31157282134411e-07 -1.074633997589672e-06 2.784343583288785e-06)
(-1.176969383683133e-05 -2.341157096459968e-06 5.765138553791746e-06)
(0 0 0)
(0 0 0)
(5.215073500418988e-06 -1.305903554003076e-05 -2.904557342873705e-06)
(1.142740067119045e-05 -4.187123787809201e-06 -3.660215083453204e-06)
(7.732446703786958e-07 2.3424981519236e-06 1.31469195796598e-06)
(2.673221284838092e-06 3.036686360424516e-06 -1.282382473201913e-06)
(2.034159945711651e-06 2.30192548168627e-06 -1.849989668761154e-06)
(9.335175130735446e-06 9.028765770156426e-06 -7.623590218578091e-06)
(2.098750816540302e-06 -8.756546330888394e-07 1.10991042032319e-07)
(0 0 0)
(1.84917453402512e-06 -4.653721181549889e-06 -2.006114003554553e-06)
(1.964267439664597e-05 -2.793749288401116e-05 -3.404186561695961e-05)
(2.695888701315433e-05 -2.008877780175638e-05 -1.329686078780013e-05)
(-1.68094742059393e-06 4.35109974760773e-06 2.799358477476496e-06)
(-1.169953352439439e-06 -2.669809793225329e-05 -2.740441957820751e-05)
(8.726939158658758e-07 6.73747571182746e-06 5.403981245566897e-06)
(3.677357597118934e-06 4.282714158890112e-06 -5.004404504497824e-06)
(1.059561444806682e-05 -4.124948365310232e-06 -4.49684407318226e-06)
(-6.096881029103123e-06 2.96362449611388e-05 2.371613671571313e-05)
(6.683094706755602e-06 -1.607272480815756e-05 -4.015544631196757e-06)
(1.00823429289678e-05 5.666284056048153e-06 8.692945176736872e-07)
(-2.603574730431933e-07 -1.608382163148117e-06 1.321636890010959e-06)
(1.596755130557418e-06 2.861055221137559e-06 -1.023710482270088e-06)
(-3.858391278251226e-06 1.072742836288149e-06 -2.07467488214747e-06)
(4.198483248584549e-06 7.764428550832387e-07 -2.000267900784025e-06)
(1.78758436444321e-06 8.167715506192276e-08 1.511209782484975e-07)
(1.026444154772519e-05 1.99840417396772e-06 -5.020728169388938e-06)
(-1.706666152306445e-06 -3.105076653698708e-07 6.636227421537654e-07)
(-2.498460859067382e-06 -5.958320269758438e-07 9.395552882157381e-07)
(0 0 0)
(0 0 0)
(0 0 0)
(0 0 0)
(-1.336905694186441e-05 -8.765967839088319e-06 8.36330805890001e-06)
(9.202165375128927e-06 -3.163085989115458e-06 -8.03565166913065e-06)
(0 0 0)
(0 0 0)
(0 0 0)
(0 0 0)
(0 0 0)
(0 0 0)
(0 0 0)
(0 0 0)
(0 0 0)
(0 0 0)
(0 0 0)
(0 0 0)
(0 0 0)
(0 0 0)
(0 0 0)
(0 0 0)
(0 0 0)
(0 0 0)
(0 0 0)
(0 0 0)
(0 0 0)
(0 0 0)
(0 0 0)
(0 0 0)
(0 0 0)
(0 0 0)
(0 0 0)
(0 0 0)
(0 0 0)
(0 0 0)
(0 0 0)
(0 0 0)
(0 0 0)
(0 0 0)
(0 0 0)
(0 0 0)
(0 0 0)
(0 0 0)
(0 0 0)
(0 0 0)
(0 0 0)
(0 0 0)
(0 0 0)
(0 0 0)
(0 0 0)
(0 0 0)
(0 0 0)
(0 0 0)
(0 0 0)
(0 0 0)
(0 0 0)
(0 0 0)
(0 0 0)
(0 0 0)
(0 0 0)
(0 0 0)
(0 0 0)
(0 0 0)
(0 0 0)
(0 0 0)
(0 0 0)
(0 0 0)
(0 0 0)
(0 0 0)
(0 0 0)
(0 0 0)
(0 0 0)
(0 0 0)
(0 0 0)
(0 0 0)
(0 0 0)
(0 0 0)
(0 0 0)
(0 0 0)
(0 0 0)
(0 0 0)
(0 0 0)
(0 0 0)
(0 0 0)
(0 0 0)
(0 0 0)
(0 0 0)
(0 0 0)
(0 0 0)
(0 0 0)
(0 0 0)
(0 0 0)
(0 0 0)
(0 0 0)
(0 0 0)
(0 0 0)
(0 0 0)
(0 0 0)
(0 0 0)
(0 0 0)
(0 0 0)
(0 0 0)
(0 0 0)
(0 0 0)
(0 0 0)
(0 0 0)
(0 0 0)
(0 0 0)
(0 0 0)
(0 0 0)
(0 0 0)
(0 0 0)
(0 0 0)
(0 0 0)
(0 0 0)
(0 0 0)
(0 0 0)
(0 0 0)
(0 0 0)
(0 0 0)
(0 0 0)
(0 0 0)
(0 0 0)
(0 0 0)
(0 0 0)
(0 0 0)
(0 0 0)
(0 0 0)
(0 0 0)
(0 0 0)
(0 0 0)
(0 0 0)
(0 0 0)
(0 0 0)
(0 0 0)
(0 0 0)
(0 0 0)
(0 0 0)
(0 0 0)
(0 0 0)
(0 0 0)
(0 0 0)
(0 0 0)
(0 0 0)
(5.69750610022809e-06 -2.635418125975166e-07 -2.992743006723729e-06)
(0 0 0)
(0 0 0)
(0 0 0)
(0 0 0)
(0 0 0)
(-1.472333016846378e-05 2.011027318554966e-05 4.583758088604837e-06)
(0 0 0)
(0 0 0)
(0 0 0)
(0 0 0)
(0 0 0)
(0 0 0)
(9.221416792267369e-06 -5.646292468956382e-06 -5.297613975836132e-06)
(0 0 0)
(0 0 0)
(0 0 0)
(5.349695059256051e-06 7.354807681594141e-08 -1.403149208816262e-06)
(0 0 0)
(0 0 0)
(-1.896841703531621e-05 1.880288876035987e-06 1.21644362311264e-05)
(-1.372960393956339e-05 1.29334920999089e-05 3.369603560320949e-06)
(0 0 0)
(0 0 0)
(0 0 0)
(0 0 0)
(0 0 0)
(0 0 0)
(0 0 0)
(-2.68965809574248e-07 -7.655195331350875e-07 2.575040882950349e-07)
(0 0 0)
(0 0 0)
(-1.682638506265767e-05 -1.290835087144237e-06 5.484332983004043e-06)
(0 0 0)
(0 0 0)
(0 0 0)
(0 0 0)
(0 0 0)
(0 0 0)
(0 0 0)
(0 0 0)
(-6.31992625695199e-06 1.061913050395127e-05 4.701823866743484e-06)
(1.852295566605282e-06 2.115113436640428e-06 -4.715126421917569e-06)
(0 0 0)
(0 0 0)
(0 0 0)
(0 0 0)
(-1.247982923962131e-06 8.057024233401735e-06 2.130577184238555e-06)
(0 0 0)
(0 0 0)
(0 0 0)
(0 0 0)
(0 0 0)
(0 0 0)
(0 0 0)
(0 0 0)
(0 0 0)
(0 0 0)
(0 0 0)
(0 0 0)
(0 0 0)
(0 0 0)
(0 0 0)
(0 0 0)
(0 0 0)
(0 0 0)
(0 0 0)
(0 0 0)
(0 0 0)
(0 0 0)
(0 0 0)
(0 0 0)
(0 0 0)
(0 0 0)
(0 0 0)
(0 0 0)
(0 0 0)
(0 0 0)
(0 0 0)
(0 0 0)
(0 0 0)
(0 0 0)
(0 0 0)
(0 0 0)
(0 0 0)
(0 0 0)
(0 0 0)
(0 0 0)
(0 0 0)
(0 0 0)
(0 0 0)
(0 0 0)
(0 0 0)
(0 0 0)
(0 0 0)
(0 0 0)
(0 0 0)
(0 0 0)
(0 0 0)
(0 0 0)
(0 0 0)
(0 0 0)
(0 0 0)
(0 0 0)
(0 0 0)
(0 0 0)
(0 0 0)
(0 0 0)
(0 0 0)
(0 0 0)
(0 0 0)
(0 0 0)
(0 0 0)
(0 0 0)
(0 0 0)
(0 0 0)
(0 0 0)
(0 0 0)
(0 0 0)
(0 0 0)
(0 0 0)
(0 0 0)
(0 0 0)
(0 0 0)
(0 0 0)
(0 0 0)
(0 0 0)
(0 0 0)
(0 0 0)
(0 0 0)
(0 0 0)
(0 0 0)
(0 0 0)
(0 0 0)
(0 0 0)
(0 0 0)
(0 0 0)
(0 0 0)
(0 0 0)
(0 0 0)
(0 0 0)
(0 0 0)
(0 0 0)
(0 0 0)
(0 0 0)
(0 0 0)
(0 0 0)
(0 0 0)
(0 0 0)
(0 0 0)
(0 0 0)
(0 0 0)
(0 0 0)
(0 0 0)
(0 0 0)
(0 0 0)
(0 0 0)
(0 0 0)
(0 0 0)
(0 0 0)
(0 0 0)
(0 0 0)
(0 0 0)
(0 0 0)
(0 0 0)
(0 0 0)
(0 0 0)
(0 0 0)
(0 0 0)
(0 0 0)
(0 0 0)
(0 0 0)
(0 0 0)
(0 0 0)
(0 0 0)
(0 0 0)
(0 0 0)
(0 0 0)
(0 0 0)
(0 0 0)
(-8.131610232646904e-06 4.664445968578687e-06 -1.125158413688207e-06)
(1.477408835205837e-06 1.721488020351146e-06 -8.741571896636511e-07)
(7.959493744783132e-06 -7.80979010100093e-07 -8.296937285880395e-06)
(-8.192489179349402e-06 6.723255204927723e-06 3.544938738795016e-07)
(6.48107092221803e-06 -3.910869353153407e-06 -5.059299325121804e-07)
(1.262421492542374e-05 4.974306905691951e-07 -1.883571882693974e-05)
(3.877430463585639e-06 -1.35504081303293e-05 1.291763365636249e-06)
(-2.691489523904533e-06 -4.993491502854766e-06 1.619709513410038e-06)
(-6.485452854464351e-06 5.817643364432509e-06 -5.466313947231235e-07)
(0 0 0)
(-1.134583637860775e-05 1.630348367724209e-05 4.267069399052368e-06)
(-4.36916673762627e-06 -4.8631302934075e-06 1.526885656741808e-06)
(1.825641871864783e-05 -2.749622626969621e-07 -7.494723829174884e-06)
(-3.72516951838069e-06 1.136074892013997e-06 -4.822223672295994e-06)
(-7.259046185919291e-07 -8.977505888097048e-07 -2.86114601409895e-08)
(-6.316196091781467e-05 -2.821871024483086e-05 2.071141837062779e-05)
(-2.756010871610917e-06 2.401951108762089e-05 1.672752947923292e-05)
(0 0 0)
(3.053619865579266e-06 -2.739053043957009e-05 -1.150336255301709e-05)
(0 0 0)
(-1.119814898218023e-05 4.267969768216359e-06 1.145222349376517e-06)
(0 0 0)
(0 0 0)
(0 0 0)
(0 0 0)
(0 0 0)
(0 0 0)
(0 0 0)
(0 0 0)
(0 0 0)
(0 0 0)
(0 0 0)
(0 0 0)
(0 0 0)
(0 0 0)
(0 0 0)
(0 0 0)
(0 0 0)
(0 0 0)
(0 0 0)
(0 0 0)
(0 0 0)
(0 0 0)
(0 0 0)
(0 0 0)
(0 0 0)
(0 0 0)
(0 0 0)
(0 0 0)
(0 0 0)
(0 0 0)
(0 0 0)
(0 0 0)
(0 0 0)
(0 0 0)
(0 0 0)
(0 0 0)
(0 0 0)
(0 0 0)
(0 0 0)
(0 0 0)
(0 0 0)
(0 0 0)
(2.28259531468134e-05 -1.303594508251781e-05 -1.081678393469872e-05)
(3.109423495891829e-05 -3.212044539231716e-05 -2.227895913493646e-05)
(3.401284305440427e-05 -2.855290786059849e-05 -2.753806622219549e-05)
(-2.146187689338577e-06 -1.184840557384777e-06 1.556592923312147e-06)
(-4.984603965398537e-06 -8.37284834404519e-06 7.242158312245882e-08)
(5.076622574924506e-07 -4.135287910990067e-07 1.853952955016481e-07)
(0 0 0)
(0 0 0)
(0 0 0)
(0 0 0)
(0 0 0)
(0 0 0)
(0 0 0)
(0 0 0)
(0 0 0)
(0 0 0)
(0 0 0)
(0 0 0)
(0 0 0)
(0 0 0)
(0 0 0)
(0 0 0)
(-2.251268271765389e-05 2.702604010705049e-05 1.425820013245439e-05)
(1.245885002683849e-05 -7.854356736968157e-06 -6.024608315284175e-06)
(1.074322241440262e-06 2.51787507011385e-06 1.274032974761417e-07)
(-1.241584070195444e-06 -1.355952314851857e-06 7.302252566974703e-07)
(3.317657858903461e-06 1.913082310359074e-06 -3.095879090455908e-06)
(0 0 0)
(0 0 0)
(0 0 0)
(0 0 0)
(0 0 0)
(0 0 0)
(0 0 0)
(0 0 0)
(0 0 0)
(0 0 0)
(0 0 0)
(0 0 0)
(0 0 0)
(0 0 0)
(0 0 0)
(0 0 0)
(0 0 0)
(0 0 0)
(0 0 0)
(0 0 0)
(6.937677003177243e-06 2.817564208535775e-05 -4.972257800018318e-06)
(-1.432387987638913e-05 2.680646442611069e-05 1.140099451111488e-05)
(-1.600475783857052e-05 2.916442616648097e-05 2.147105497017545e-06)
(-2.785880042525611e-06 -2.295626777326035e-06 -2.709209079071028e-07)
(-1.024168821703915e-06 6.277411282787611e-08 3.405404641732331e-07)
(-1.873476704807967e-06 3.002004857729428e-07 6.063097978925125e-07)
(0 0 0)
(0 0 0)
(0 0 0)
(0 0 0)
(0 0 0)
(0 0 0)
(0 0 0)
(0 0 0)
(0 0 0)
(0 0 0)
(0 0 0)
(0 0 0)
(0 0 0)
(0 0 0)
(0 0 0)
(0 0 0)
(0 0 0)
(0 0 0)
(0 0 0)
(0 0 0)
(0 0 0)
(0 0 0)
(0 0 0)
(0 0 0)
(0 0 0)
(0 0 0)
(0 0 0)
(0 0 0)
(0 0 0)
(0 0 0)
(0 0 0)
(0 0 0)
(0 0 0)
(0 0 0)
(0 0 0)
(0 0 0)
(0 0 0)
(0 0 0)
(0 0 0)
(0 0 0)
(0 0 0)
(0 0 0)
(0 0 0)
(0 0 0)
(0 0 0)
(0 0 0)
(0 0 0)
(0 0 0)
(-3.590115362220034e-06 9.638494583792145e-07 2.668885734627103e-06)
(4.485881620787783e-06 1.005995301444793e-05 4.953040126725163e-07)
(0 0 0)
(-8.874345582523973e-06 3.320888674195121e-05 5.194078674486438e-06)
(-1.451294599627756e-05 2.699726664230326e-06 -2.007806332828461e-06)
(5.000776960444618e-06 3.846942444863145e-06 -1.82542854361456e-06)
(0 0 0)
(0 0 0)
(0 0 0)
(0 0 0)
(-6.436392114902749e-06 4.154237874201995e-05 2.936366588208399e-06)
(0 0 0)
(0 0 0)
(0 0 0)
(0 0 0)
(0 0 0)
(0 0 0)
(0 0 0)
(0 0 0)
(0 0 0)
(0 0 0)
(0 0 0)
(0 0 0)
(0 0 0)
(0 0 0)
(0 0 0)
(0 0 0)
(0 0 0)
(0 0 0)
(3.223951876580968e-07 6.472363080998197e-06 1.000683209597232e-06)
(-2.040063867477783e-06 -4.270599075497706e-06 -2.087343171499751e-06)
(-1.524419442383741e-05 3.487561909924164e-05 7.756907891912712e-06)
(0 0 0)
(0 0 0)
(0 0 0)
(0 0 0)
(0 0 0)
(0 0 0)
(0 0 0)
(0 0 0)
(0 0 0)
(0 0 0)
(0 0 0)
(3.620305996458667e-05 -3.498943679340618e-05 -2.112017872570892e-05)
(5.703482364314688e-06 9.524756122931699e-06 3.886053219691288e-07)
(2.019970924057726e-05 -4.025184934778678e-05 -1.697812791361413e-05)
(6.451586796493817e-07 -2.128918929171864e-07 -5.578678855103777e-07)
(1.086982793760666e-06 -2.380777494134828e-07 1.511482253867452e-07)
(0 0 0)
(0 0 0)
(0 0 0)
(0 0 0)
(0 0 0)
(0 0 0)
(0 0 0)
(0 0 0)
(0 0 0)
(0 0 0)
(0 0 0)
(0 0 0)
(0 0 0)
(0 0 0)
(0 0 0)
(0 0 0)
(0 0 0)
(0 0 0)
(0 0 0)
(0 0 0)
(0 0 0)
(0 0 0)
(0 0 0)
(0 0 0)
(0 0 0)
(0 0 0)
(0 0 0)
(0 0 0)
(0 0 0)
(0 0 0)
(0 0 0)
(0 0 0)
(0 0 0)
(0 0 0)
(0 0 0)
(0 0 0)
(0 0 0)
(0 0 0)
(0 0 0)
(0 0 0)
(0 0 0)
(0 0 0)
(0 0 0)
(4.565163395377218e-06 -8.504752401255332e-06 -7.862782366041746e-06)
(1.489163310134753e-05 -1.279209304677763e-05 -1.446889722623482e-05)
(4.311685654632888e-06 -1.256005725505619e-05 -2.749678740424798e-06)
(0 0 0)
(0 0 0)
(0 0 0)
(8.063552991966917e-07 1.059728181204202e-06 -1.089054129952229e-06)
(2.311990532702916e-06 2.451320754736093e-06 -5.271810265093955e-07)
(0 0 0)
(0 0 0)
(0 0 0)
(0 0 0)
(0 0 0)
(0 0 0)
(0 0 0)
(0 0 0)
(0 0 0)
(0 0 0)
(0 0 0)
(0 0 0)
(-1.185304799342315e-05 8.08558050181802e-06 1.241528983169098e-05)
(6.407139041824852e-07 1.595930662748515e-07 -1.431083304704108e-06)
(-3.193465850126055e-05 1.594687809233068e-05 1.069571923952797e-05)
(1.37875637386699e-05 -7.255013164020405e-06 -6.788754091754361e-06)
(-1.069848591865135e-05 6.693642992403356e-06 7.628191693783917e-06)
(-1.75310732607386e-05 -1.308342262882052e-05 4.026034060798969e-06)
(2.806742184838468e-06 -1.248330637996477e-05 -4.005852651377527e-06)
(-1.119143758296172e-05 -5.148758033257377e-06 1.328071834389942e-05)
(-5.63810002509884e-06 2.768897253423151e-06 1.590950401299687e-06)
(-3.023191583087038e-05 1.874464888689242e-05 1.620089055386013e-05)
(-6.300650526385835e-06 1.307549241007843e-06 -2.000301946633909e-06)
(9.736967420615008e-06 -9.30612872614556e-06 -5.405459077688004e-06)
(-3.456806885470507e-05 2.957958801091476e-05 1.624086029423619e-05)
(1.354161340204515e-05 -3.286483131437092e-06 3.057853496605142e-06)
(-3.290513753334924e-05 5.313395509653874e-05 9.305056150749487e-06)
(3.21162650409504e-05 -1.594818648458834e-05 1.104920271801614e-07)
(2.93628830495292e-05 -1.98188843487516e-05 -6.425550842136823e-06)
(1.007224595553491e-05 2.742621510728028e-06 -1.180555091441381e-05)
(0 0 0)
(0 0 0)
(0 0 0)
(0 0 0)
(7.304324862367112e-07 5.529961745161507e-06 -2.337235354564774e-06)
(1.324072961800173e-05 4.046792342313554e-06 -7.365098941113404e-06)
(0 0 0)
(-2.901686883950002e-05 2.689640956991948e-07 1.870556174352692e-05)
(0 0 0)
(0 0 0)
(0 0 0)
(0 0 0)
(0 0 0)
(0 0 0)
(0 0 0)
(2.521298431011367e-05 5.905430788552046e-06 -1.025948668409547e-05)
(-9.169795184174937e-07 -6.544400508267267e-07 -8.109188872466449e-06)
(-7.120415813645626e-06 6.709662347102654e-06 5.619260483634891e-06)
(1.430864094063616e-05 6.610973180773044e-07 -3.792930368202697e-06)
(-5.395635901265404e-06 4.156822182530219e-06 9.217039791276156e-06)
(-5.182158873246246e-06 1.05347819818172e-05 -3.141194865275108e-06)
(0 0 0)
(0 0 0)
(0 0 0)
(0 0 0)
(0 0 0)
(0 0 0)
(1.697720787895252e-05 1.606797173431815e-07 3.020167601295651e-06)
(-3.836650033497094e-05 1.630546404286643e-05 8.085130595614859e-06)
(1.17874062666579e-06 -3.761090879224533e-06 -6.113066520326017e-07)
(0 0 0)
(0 0 0)
(-1.966417787609738e-05 5.92262760147687e-06 8.967861744640826e-06)
(0 0 0)
(0 0 0)
(0 0 0)
(0 0 0)
(0 0 0)
(0 0 0)
(0 0 0)
(0 0 0)
(0 0 0)
(-3.186014997842456e-05 9.749967103173188e-06 1.105732738670279e-05)
(2.443903650681353e-05 3.837812389836789e-06 -9.905958213660753e-06)
(-2.129209800076479e-05 9.206222391129237e-06 1.018815031361028e-05)
(0 0 0)
(0 0 0)
(0 0 0)
(-5.120864639490948e-06 1.089077650161363e-07 1.682149167377497e-06)
(-2.719195173838096e-05 -8.931514111803172e-06 4.35001712369387e-06)
(-2.731216842987879e-07 1.996085737944469e-06 -3.058940879431021e-06)
(1.459875099491492e-05 1.084748620279399e-05 -5.955848365619909e-06)
(3.844281814181797e-05 1.786750272829307e-05 -2.001912227088016e-05)
(8.719867080455581e-06 3.298268463319849e-06 -2.153362644346133e-06)
(0 0 0)
(0 0 0)
(-9.995459043075115e-06 -3.415267069543673e-06 1.86995509739194e-06)
(-4.867829646198705e-06 -2.847823041225524e-06 2.127078950612692e-06)
(-1.619949807370869e-06 -9.409918103936299e-07 7.032534666050456e-07)
(0 0 0)
(-2.202317631038526e-05 -2.413607497725849e-05 5.846804422967403e-06)
(1.219284464648028e-05 1.272418570900511e-05 -6.30208832169163e-06)
(3.651058022450297e-05 7.253711438963725e-06 -1.267695925035086e-05)
(-1.983918145768134e-05 -3.35928844406218e-05 1.830137041806283e-05)
(1.906247729800454e-05 1.108256217590212e-06 7.511483293343325e-06)
(3.380587146349239e-05 1.199955313823777e-05 -2.005281457504205e-05)
(2.61918872974925e-06 2.954729155610747e-06 -6.914886009135353e-06)
(6.888161196308343e-06 1.29993745770473e-06 -5.896397547720203e-06)
(4.752187808751329e-06 5.747812649438415e-06 -1.035512360473014e-05)
(0 0 0)
(0 0 0)
(0 0 0)
(-1.323191180135223e-05 1.301389984158542e-05 -8.764382801976413e-06)
(8.621438473195594e-06 1.926524077208525e-06 8.600046152056778e-07)
(3.49855105682546e-06 -5.183226475758638e-07 -8.401547385758298e-06)
(0 0 0)
(0 0 0)
(0 0 0)
(0 0 0)
(0 0 0)
(0 0 0)
(0 0 0)
(0 0 0)
(0 0 0)
(-7.964532704053091e-06 -7.432883441264716e-06 7.495284330423423e-06)
(-1.168440517603235e-05 -1.340309718271928e-05 1.713233551188713e-06)
(-2.91840582375469e-05 -1.340784011064239e-05 3.616566245146107e-06)
(0 0 0)
(0 0 0)
(0 0 0)
(-2.122337569912724e-05 -1.36823364581138e-05 1.704463704417288e-05)
(6.542698840390954e-06 -5.690322537532303e-07 4.239629582919843e-06)
(4.056427149892058e-06 -1.617882123730398e-06 -1.92012237599919e-06)
(0 0 0)
(0 0 0)
(0 0 0)
(-1.567912180320092e-05 3.143909805458828e-06 4.029787854878124e-06)
(0 0 0)
(0 0 0)
(2.681851100504209e-05 3.136418581284277e-07 -1.686755285071475e-05)
(0 0 0)
(0 0 0)
(1.246579652481227e-05 -5.081752284456916e-07 -6.863937204910531e-06)
(0 0 0)
(0 0 0)
(2.6882880319391e-06 1.593570599625707e-06 1.574015105027927e-07)
(-1.007804181221881e-05 2.328146290945126e-06 5.602389457553356e-06)
(1.843396766214821e-06 3.532835077659207e-06 3.199257690124576e-07)
(0 0 0)
(0 0 0)
(0 0 0)
(0 0 0)
(0 0 0)
(0 0 0)
(0 0 0)
(0 0 0)
(0 0 0)
(0 0 0)
(0 0 0)
(0 0 0)
(0 0 0)
(0 0 0)
(0 0 0)
(-7.219677062200178e-06 6.159565583256171e-06 9.307475009369236e-06)
(1.201277616883923e-05 -5.093534052604203e-06 -9.341810263312382e-06)
(3.6679666829239e-06 -1.345427246586309e-06 -5.848818716971251e-06)
(1.911896540505184e-05 -2.48085344238698e-05 -1.434351496270921e-05)
(5.901158935713064e-07 -1.840307532747373e-05 -4.437049786961828e-08)
(7.615674671809028e-05 -6.801713029653907e-05 -1.893632222390318e-05)
(0 0 0)
(0 0 0)
(0 0 0)
(0 0 0)
(0 0 0)
(0 0 0)
(0 0 0)
(0 0 0)
(0 0 0)
(0 0 0)
(0 0 0)
(0 0 0)
(0 0 0)
(0 0 0)
(0 0 0)
(-2.136439101697621e-06 -5.161277231418963e-06 7.247712947506885e-07)
(5.75998052836378e-07 2.156055003343881e-06 -3.07121863916181e-07)
(-3.940235873140186e-06 -5.951434504150759e-06 1.796839384654076e-06)
(0 0 0)
(8.117703635009975e-07 1.031106798466228e-06 -1.716087797690878e-06)
(-3.932315189683864e-06 -3.223853449358171e-06 1.719594314554981e-06)
(-1.798510116346532e-06 -1.644445802306502e-06 2.92511652878403e-07)
(0 0 0)
(0 0 0)
(0 0 0)
(0 0 0)
(0 0 0)
(0 0 0)
(0 0 0)
(0 0 0)
(0 0 0)
(0 0 0)
(0 0 0)
(0 0 0)
(0 0 0)
(0 0 0)
(0 0 0)
(0 0 0)
(0 0 0)
(0 0 0)
(0 0 0)
(0 0 0)
(0 0 0)
(0 0 0)
(0 0 0)
(0 0 0)
(0 0 0)
(0 0 0)
(0 0 0)
(0 0 0)
(0 0 0)
(0 0 0)
(0 0 0)
(0 0 0)
(0 0 0)
(0 0 0)
(0 0 0)
(0 0 0)
(0 0 0)
(0 0 0)
(0 0 0)
(0 0 0)
(0 0 0)
(0 0 0)
(0 0 0)
(0 0 0)
(0 0 0)
(0 0 0)
(0 0 0)
(0 0 0)
(0 0 0)
(0 0 0)
(0 0 0)
(0 0 0)
(0 0 0)
(0 0 0)
(0 0 0)
(0 0 0)
(0 0 0)
(0 0 0)
(0 0 0)
(0 0 0)
(-1.726842332278509e-06 8.12146259388473e-06 1.348634587520087e-06)
(0 0 0)
(0 0 0)
(0 0 0)
(0 0 0)
(0 0 0)
(0 0 0)
(0 0 0)
(0 0 0)
(0 0 0)
(0 0 0)
(0 0 0)
(0 0 0)
(0 0 0)
(0 0 0)
(0 0 0)
(0 0 0)
(0 0 0)
(0 0 0)
(0 0 0)
(0 0 0)
(0 0 0)
(0 0 0)
(0 0 0)
(0 0 0)
(0 0 0)
(0 0 0)
(0 0 0)
(0 0 0)
(0 0 0)
(0 0 0)
(0 0 0)
(0 0 0)
(0 0 0)
(0 0 0)
(0 0 0)
(0 0 0)
(-1.093031400377453e-05 1.275584320263097e-05 8.762908094265889e-06)
(8.953700850505995e-06 -6.404357704184979e-05 -3.221928689194106e-05)
(0 0 0)
(6.345167696446382e-07 -9.355287468481206e-06 -2.122691747240466e-06)
(0 0 0)
(0 0 0)
(6.527121989905522e-06 2.101962783629925e-05 4.174842904297149e-06)
(0 0 0)
(8.308582121147935e-07 -6.115659276246679e-06 -6.005030197788801e-06)
(0 0 0)
(-1.34176370445718e-05 3.671982245632483e-05 1.053657641363156e-05)
(-2.328018653148717e-06 3.680736991279763e-06 -3.384964316571323e-07)
(0 0 0)
(0 0 0)
(0 0 0)
(0 0 0)
(0 0 0)
(0 0 0)
(0 0 0)
(0 0 0)
(0 0 0)
(0 0 0)
(0 0 0)
(0 0 0)
(0 0 0)
(0 0 0)
(0 0 0)
(0 0 0)
(0 0 0)
(0 0 0)
(0 0 0)
(0 0 0)
(0 0 0)
(0 0 0)
(0 0 0)
(0 0 0)
(0 0 0)
(0 0 0)
(0 0 0)
(0 0 0)
(0 0 0)
(0 0 0)
(0 0 0)
(0 0 0)
(0 0 0)
(0 0 0)
(-1.882962207580255e-05 1.013476424345506e-05 1.408117044877284e-05)
(0 0 0)
(0 0 0)
(0 0 0)
(0 0 0)
(0 0 0)
(0 0 0)
(0 0 0)
(0 0 0)
(0 0 0)
(0 0 0)
(0 0 0)
(0 0 0)
(0 0 0)
(0 0 0)
(0 0 0)
(0 0 0)
(0 0 0)
(0 0 0)
(0 0 0)
(0 0 0)
(0 0 0)
(-4.683802727362353e-06 2.033525943221784e-06 -7.733395248067491e-07)
(0 0 0)
(7.979477702481363e-06 -4.014122182043751e-05 -2.314729516093051e-05)
(0 0 0)
(0 0 0)
(0 0 0)
(0 0 0)
(0 0 0)
(0 0 0)
(0 0 0)
(0 0 0)
(0 0 0)
(0 0 0)
(0 0 0)
(0 0 0)
(0 0 0)
(0 0 0)
(0 0 0)
(0 0 0)
(0 0 0)
(0 0 0)
(0 0 0)
(0 0 0)
(0 0 0)
(0 0 0)
(0 0 0)
(0 0 0)
(0 0 0)
(0 0 0)
(0 0 0)
(0 0 0)
(0 0 0)
(0 0 0)
(0 0 0)
(0 0 0)
(0 0 0)
(0 0 0)
(0 0 0)
(0 0 0)
(0 0 0)
(0 0 0)
(0 0 0)
(0 0 0)
(0 0 0)
(0 0 0)
(0 0 0)
(0 0 0)
(0 0 0)
(0 0 0)
(0 0 0)
(0 0 0)
(0 0 0)
(0 0 0)
(0 0 0)
(0 0 0)
(0 0 0)
(0 0 0)
(0 0 0)
(0 0 0)
(0 0 0)
(0 0 0)
(0 0 0)
(0 0 0)
(0 0 0)
(0 0 0)
(0 0 0)
(0 0 0)
(0 0 0)
(-1.006997838761956e-05 4.171262585868146e-05 6.662390608853774e-06)
(-2.114241232470035e-06 4.406643044214932e-05 8.9375056470057e-07)
(0 0 0)
(0 0 0)
(2.647943892120836e-07 2.213158478130908e-07 -2.569961862260546e-07)
(0 0 0)
(0 0 0)
(0 0 0)
(0 0 0)
(0 0 0)
(0 0 0)
(0 0 0)
(0 0 0)
(0 0 0)
(0 0 0)
(-2.879712825993231e-07 8.555596699373168e-07 -6.386910299718976e-08)
(-9.530853406546168e-06 1.887351230106153e-05 -5.114467144637021e-07)
(0 0 0)
(0 0 0)
(0 0 0)
(0 0 0)
(0 0 0)
(0 0 0)
(0 0 0)
(0 0 0)
(0 0 0)
(0 0 0)
(0 0 0)
(0 0 0)
(0 0 0)
(0 0 0)
(0 0 0)
(0 0 0)
(0 0 0)
(0 0 0)
(0 0 0)
(0 0 0)
(0 0 0)
(0 0 0)
(0 0 0)
(0 0 0)
(0 0 0)
(0 0 0)
(0 0 0)
(0 0 0)
(0 0 0)
(0 0 0)
(0 0 0)
(5.709024106795257e-06 9.954534745955829e-06 1.62467737129762e-06)
(0 0 0)
(0 0 0)
(0 0 0)
(0 0 0)
(0 0 0)
(0 0 0)
(0 0 0)
(0 0 0)
(0 0 0)
(0 0 0)
(0 0 0)
(0 0 0)
(0 0 0)
(0 0 0)
(0 0 0)
(0 0 0)
(0 0 0)
(0 0 0)
(0 0 0)
(0 0 0)
(0 0 0)
(0 0 0)
(0 0 0)
(0 0 0)
(0 0 0)
(0 0 0)
(0 0 0)
(0 0 0)
(0 0 0)
(0 0 0)
(0 0 0)
(0 0 0)
(0 0 0)
(0 0 0)
(0 0 0)
(0 0 0)
(0 0 0)
(0 0 0)
(0 0 0)
(0 0 0)
(0 0 0)
(0 0 0)
(0 0 0)
(0 0 0)
(0 0 0)
(-1.683308502974523e-05 5.634166204843078e-05 1.2871682742473e-05)
(0 0 0)
(4.686141938164084e-06 6.641040947954884e-06 -9.033427071886133e-06)
(0 0 0)
(0 0 0)
(0 0 0)
(0 0 0)
(0 0 0)
(0 0 0)
(0 0 0)
(0 0 0)
(0 0 0)
(0 0 0)
(0 0 0)
(0 0 0)
(0 0 0)
(0 0 0)
(0 0 0)
(0 0 0)
(0 0 0)
(0 0 0)
(0 0 0)
(0 0 0)
(0 0 0)
(0 0 0)
(0 0 0)
(0 0 0)
(0 0 0)
(0 0 0)
(0 0 0)
(0 0 0)
(0 0 0)
(0 0 0)
(0 0 0)
(0 0 0)
(0 0 0)
(1.189965500300989e-05 -9.904140316064557e-06 -9.031403783631015e-07)
(0 0 0)
(5.9330546860169e-06 -2.681267267046403e-05 -1.231556453783611e-05)
(1.540399524990506e-05 -2.944626666413014e-05 -1.358989614136085e-05)
(0 0 0)
(9.2064128541951e-07 8.84053471631009e-07 -5.387589388209789e-07)
(0 0 0)
(0 0 0)
(0 0 0)
(0 0 0)
(0 0 0)
(7.72262121914275e-06 9.89983958528494e-06 4.471672372323904e-08)
(0 0 0)
(0 0 0)
(0 0 0)
(-1.795904277092619e-06 1.309820878793639e-05 1.623682598744178e-06)
(0 0 0)
(0 0 0)
(0 0 0)
(0 0 0)
(0 0 0)
(0 0 0)
(0 0 0)
(0 0 0)
(0 0 0)
(0 0 0)
(0 0 0)
(0 0 0)
(0 0 0)
(0 0 0)
(0 0 0)
(0 0 0)
(0 0 0)
(0 0 0)
(0 0 0)
(0 0 0)
(0 0 0)
(0 0 0)
(0 0 0)
(0 0 0)
(0 0 0)
(0 0 0)
(0 0 0)
(0 0 0)
(0 0 0)
(0 0 0)
(0 0 0)
(0 0 0)
(0 0 0)
(0 0 0)
(0 0 0)
(0 0 0)
(0 0 0)
(0 0 0)
(0 0 0)
(0 0 0)
(0 0 0)
(0 0 0)
(0 0 0)
(0 0 0)
(0 0 0)
(0 0 0)
(0 0 0)
(0 0 0)
(0 0 0)
(0 0 0)
(0 0 0)
(0 0 0)
(0 0 0)
(0 0 0)
(0 0 0)
(0 0 0)
(0 0 0)
(0 0 0)
(0 0 0)
(0 0 0)
(0 0 0)
(0 0 0)
(0 0 0)
(0 0 0)
(0 0 0)
(0 0 0)
(0 0 0)
(0 0 0)
(9.834596329678254e-09 3.945159135768666e-06 2.304771693376653e-06)
(0 0 0)
(-2.943584542797044e-06 -5.136087567191957e-05 -1.951664415592579e-05)
(0 0 0)
(-1.048979330024055e-06 1.171058533428823e-05 4.843225030113106e-06)
(0 0 0)
(0 0 0)
(0 0 0)
(0 0 0)
(0 0 0)
(0 0 0)
(0 0 0)
(0 0 0)
(0 0 0)
(0 0 0)
(0 0 0)
(0 0 0)
(0 0 0)
(0 0 0)
(0 0 0)
(0 0 0)
(0 0 0)
(0 0 0)
(0 0 0)
(0 0 0)
(0 0 0)
(0 0 0)
(0 0 0)
(0 0 0)
(0 0 0)
(0 0 0)
(0 0 0)
(0 0 0)
(0 0 0)
(0 0 0)
(0 0 0)
(0 0 0)
(0 0 0)
(0 0 0)
(0 0 0)
(0 0 0)
(0 0 0)
(0 0 0)
(0 0 0)
(0 0 0)
(0 0 0)
(0 0 0)
(0 0 0)
(0 0 0)
(0 0 0)
(0 0 0)
(0 0 0)
(0 0 0)
(0 0 0)
(0 0 0)
(0 0 0)
(0 0 0)
(0 0 0)
(0 0 0)
(0 0 0)
(0 0 0)
(0 0 0)
(0 0 0)
(0 0 0)
(0 0 0)
(0 0 0)
(0 0 0)
(0 0 0)
(-8.017760205792018e-06 3.084939608992702e-05 3.576346377434589e-06)
(0 0 0)
(-1.097124323670687e-05 2.617082446194235e-06 7.678562756983881e-06)
(0 0 0)
(0 0 0)
(0 0 0)
(0 0 0)
(0 0 0)
(0 0 0)
(0 0 0)
(0 0 0)
(0 0 0)
(0 0 0)
(0 0 0)
(0 0 0)
(0 0 0)
(0 0 0)
(1.931624385544517e-05 -2.341921505337184e-05 -5.761392948807483e-06)
(9.828236995277812e-06 1.854944193700467e-05 3.593802471527264e-06)
(-1.399349730178342e-06 -1.215132009711102e-06 1.272934639991376e-07)
(0 0 0)
(9.849982367585009e-06 -8.173815929473834e-06 -2.719456447482391e-06)
(2.093515442238032e-06 2.021267364515679e-06 -9.902919029237457e-07)
(0 0 0)
(0 0 0)
(0 0 0)
(0 0 0)
(0 0 0)
(0 0 0)
(0 0 0)
(0 0 0)
(0 0 0)
(0 0 0)
(0 0 0)
(0 0 0)
(0 0 0)
(0 0 0)
(0 0 0)
(0 0 0)
(0 0 0)
(0 0 0)
(0 0 0)
(0 0 0)
(0 0 0)
(0 0 0)
(0 0 0)
(0 0 0)
(0 0 0)
(0 0 0)
(0 0 0)
(0 0 0)
(0 0 0)
(0 0 0)
(0 0 0)
(0 0 0)
(0 0 0)
(0 0 0)
(0 0 0)
(0 0 0)
(0 0 0)
(0 0 0)
(0 0 0)
(0 0 0)
(0 0 0)
(0 0 0)
(0 0 0)
(0 0 0)
(1.788245618347302e-06 1.643506882530169e-05 1.57187485958356e-06)
(2.591024887985693e-06 1.942631866125369e-06 -1.226205214582275e-06)
(-1.182093577376722e-05 2.817329763339513e-05 7.839003273568487e-07)
(0 0 0)
(-1.002866256806432e-07 -1.587261575525309e-06 -3.789660224532457e-06)
(-1.188835284866769e-05 1.352839865332933e-05 -4.362492610163632e-06)
(-7.822854520479334e-06 -1.047549745109406e-05 -1.053329081280441e-06)
(2.636815025644955e-06 2.505880279729946e-06 -1.325012663443446e-06)
(-4.275080375147938e-06 1.699809698472826e-05 9.972103055828395e-06)
(0 0 0)
(-9.752588991285505e-06 6.270416034500832e-05 3.285233672331172e-05)
(0 0 0)
(-1.659647048054138e-06 2.83807023917118e-06 -1.416836616045612e-06)
(9.519523392366571e-07 1.5684660714356e-06 -9.191573039874135e-07)
(8.963981284409826e-05 -3.489231269703088e-05 -1.7389630753366e-05)
(-1.91887511068117e-05 7.034004648084962e-06 -2.466441752389208e-06)
(2.961755854251294e-06 1.765077493468958e-06 -2.170297288591027e-06)
(-1.168210073335577e-05 -8.755706288741433e-06 -4.626765139563004e-06)
(-1.296536312035626e-05 -1.074889787140229e-05 6.353601094096615e-06)
(0 0 0)
(2.130064391274746e-05 7.218005810688734e-06 -9.96019588711716e-06)
(3.571633031492372e-06 -2.238356405502356e-06 -1.198428653683627e-05)
(3.586918087927074e-06 3.09585388921057e-05 1.280015597566404e-05)
(0 0 0)
(1.052610937012683e-05 -2.301788191242135e-05 -7.649778724060594e-06)
(0 0 0)
(1.872211959556062e-06 1.633904577096595e-05 1.29430208717687e-06)
(0 0 0)
(2.174976023130397e-07 1.955159156498057e-07 -3.779375942444558e-07)
(1.272038014277044e-05 -2.082416903938671e-05 -1.852366370093939e-06)
(2.216759035310427e-06 2.702330605717647e-06 -1.309627691656439e-06)
(2.524250054891663e-05 -1.206280896732979e-06 -8.48026757773387e-06)
(-8.005945215588229e-06 -1.953747490867568e-06 1.708309430421477e-06)
(-3.234011986273551e-05 6.322671302588427e-06 1.408971034227794e-05)
(1.857220085224037e-05 -1.014462722659271e-05 -1.376897859543119e-05)
(1.547644001492602e-05 -1.118635064185097e-06 4.615332446635841e-06)
(2.188233264729516e-06 1.192069130642326e-06 -8.338089785921611e-07)
(1.705000775662197e-05 3.102788779437455e-06 -8.189403682521546e-06)
(2.072414316535324e-05 -1.383684828539902e-05 -8.626268184885483e-06)
(-8.283633867292652e-07 4.440452994914559e-06 1.072828219273672e-06)
(0 0 0)
(0 0 0)
(0 0 0)
(0 0 0)
(0 0 0)
(0 0 0)
(0 0 0)
(0 0 0)
(0 0 0)
(0 0 0)
(0 0 0)
(0 0 0)
(0 0 0)
(0 0 0)
(0 0 0)
(0 0 0)
(0 0 0)
(0 0 0)
(0 0 0)
(0 0 0)
(0 0 0)
(0 0 0)
(0 0 0)
(0 0 0)
(0 0 0)
(0 0 0)
(0 0 0)
(0 0 0)
(0 0 0)
(0 0 0)
(0 0 0)
(0 0 0)
(0 0 0)
(0 0 0)
(0 0 0)
(0 0 0)
(0 0 0)
(0 0 0)
(0 0 0)
(0 0 0)
(0 0 0)
(0 0 0)
(0 0 0)
(0 0 0)
(0 0 0)
(0 0 0)
(0 0 0)
(0 0 0)
(0 0 0)
(0 0 0)
(0 0 0)
(0 0 0)
(0 0 0)
(0 0 0)
(0 0 0)
(0 0 0)
(0 0 0)
(0 0 0)
(0 0 0)
(0 0 0)
(0 0 0)
(0 0 0)
(0 0 0)
(0 0 0)
(0 0 0)
(0 0 0)
(0 0 0)
(0 0 0)
(0 0 0)
(0 0 0)
(0 0 0)
(0 0 0)
(0 0 0)
(0 0 0)
(0 0 0)
(0 0 0)
(0 0 0)
(0 0 0)
(0 0 0)
(0 0 0)
(0 0 0)
(0 0 0)
(0 0 0)
(0 0 0)
(0 0 0)
(0 0 0)
(0 0 0)
(0 0 0)
(0 0 0)
(0 0 0)
(0 0 0)
(0 0 0)
(0 0 0)
(0 0 0)
(0 0 0)
(0 0 0)
(0 0 0)
(0 0 0)
(0 0 0)
(0 0 0)
(0 0 0)
(0 0 0)
(0 0 0)
(0 0 0)
(0 0 0)
(0 0 0)
(0 0 0)
(0 0 0)
(0 0 0)
(0 0 0)
(0 0 0)
(0 0 0)
(0 0 0)
(0 0 0)
(0 0 0)
(0 0 0)
(0 0 0)
(0 0 0)
(0 0 0)
(0 0 0)
(0 0 0)
(0 0 0)
(0 0 0)
(0 0 0)
(0 0 0)
(0 0 0)
(0 0 0)
(0 0 0)
(0 0 0)
(0 0 0)
(0 0 0)
(0 0 0)
(0 0 0)
(0 0 0)
(0 0 0)
(0 0 0)
(0 0 0)
(0 0 0)
(0 0 0)
(0 0 0)
(0 0 0)
(0 0 0)
(0 0 0)
(0 0 0)
(0 0 0)
(0 0 0)
(0 0 0)
(0 0 0)
(0 0 0)
(0 0 0)
(0 0 0)
(0 0 0)
(0 0 0)
(0 0 0)
(0 0 0)
(0 0 0)
(0 0 0)
(0 0 0)
(0 0 0)
(0 0 0)
(0 0 0)
(0 0 0)
(0 0 0)
(0 0 0)
(0 0 0)
(0 0 0)
(0 0 0)
(0 0 0)
(0 0 0)
(0 0 0)
(0 0 0)
(0 0 0)
(0 0 0)
(0 0 0)
(0 0 0)
(0 0 0)
(0 0 0)
(0 0 0)
(0 0 0)
(0 0 0)
(0 0 0)
(0 0 0)
(0 0 0)
(0 0 0)
(0 0 0)
(0 0 0)
(0 0 0)
(0 0 0)
(0 0 0)
(0 0 0)
(0 0 0)
(0 0 0)
(0 0 0)
(0 0 0)
(0 0 0)
(0 0 0)
(0 0 0)
(0 0 0)
(0 0 0)
(0 0 0)
(0 0 0)
(0 0 0)
(0 0 0)
(0 0 0)
(0 0 0)
(0 0 0)
(0 0 0)
(0 0 0)
(0 0 0)
(0 0 0)
(0 0 0)
(0 0 0)
(0 0 0)
(0 0 0)
(0 0 0)
(0 0 0)
(0 0 0)
(0 0 0)
(0 0 0)
(0 0 0)
(0 0 0)
(0 0 0)
(0 0 0)
(0 0 0)
(0 0 0)
(0 0 0)
(0 0 0)
(0 0 0)
(0 0 0)
(0 0 0)
(0 0 0)
(0 0 0)
(0 0 0)
(0 0 0)
(0 0 0)
(0 0 0)
(0 0 0)
(0 0 0)
(0 0 0)
(0 0 0)
(0 0 0)
(-6.431998302393503e-06 -7.331862185865748e-06 2.484505850408905e-06)
(0 0 0)
(0 0 0)
(4.350117978633689e-06 -2.538544953314518e-06 4.512884063260791e-08)
(-6.806658412349114e-07 5.622341628557575e-07 -8.813275596636002e-07)
(0 0 0)
(0 0 0)
(0 0 0)
(-7.214149188450361e-06 3.533100015930313e-06 2.578750081653456e-06)
(-6.92532011358888e-06 -1.78130719702897e-06 1.095534783374898e-06)
(0 0 0)
(0 0 0)
(0 0 0)
(-5.182829591939035e-05 4.768405671078293e-05 1.369392068649022e-05)
(-2.292301456793547e-06 -2.73775415447387e-06 7.31521366460245e-07)
(0 0 0)
(-5.034551631443403e-06 1.022358698189258e-05 6.324508678320442e-06)
(0 0 0)
(0 0 0)
(0 0 0)
(0 0 0)
(0 0 0)
(0 0 0)
(1.333396343656965e-05 -1.176568297491661e-05 -5.36820796666523e-06)
(0 0 0)
(-8.235280980298521e-06 2.767542783194459e-05 1.561445401042702e-05)
(0 0 0)
(2.475525788567937e-07 4.118581081955057e-06 -1.772327893474438e-06)
(-1.292625631017131e-06 -6.957053811117196e-07 -7.624054976945572e-07)
(-2.959750463581141e-06 -1.614100032903255e-06 1.1201271374167e-06)
(-1.540652947997583e-06 6.717672437393604e-06 -2.146859518676007e-06)
(-5.683061585394869e-07 1.542239645303474e-05 9.340726670214383e-07)
(0 0 0)
(-1.69725570277079e-05 3.226458163771034e-05 3.754152773848579e-06)
(0 0 0)
(-1.134078840869298e-05 4.417346917840985e-06 5.731267959609002e-06)
(-7.840927079914105e-06 -1.598169296787168e-06 -1.978328947302607e-06)
(5.337054030743098e-06 2.700771468015263e-06 -2.991508118647494e-06)
(2.048495555759367e-05 5.142248068763683e-06 -1.829300045110392e-05)
(1.365529809369249e-06 9.162172224801331e-07 -1.949881974852916e-06)
(-8.616875618668728e-07 -3.848869444338097e-07 1.595619300534651e-07)
(-1.995446010896513e-06 1.351971683450836e-05 4.473804039630252e-06)
(0 0 0)
(1.27023627763071e-05 -5.018720759436119e-06 -1.187101254661775e-05)
(0 0 0)
(1.470815172306985e-05 -1.737472566199492e-05 -1.178562640006758e-05)
(0 0 0)
(0 0 0)
(0 0 0)
(2.99941821005858e-05 4.613705291276922e-07 -1.516763570328694e-05)
(-2.276296774021362e-05 -4.217994437854726e-06 8.38171370439744e-06)
(-2.148688996749622e-06 -6.607231450962458e-06 -2.994107726203904e-06)
(1.449711535323594e-06 2.83101741502312e-06 -1.472248195939825e-06)
(2.14515702173678e-05 5.074402936301109e-07 -1.101924747504499e-05)
(2.045442134232106e-06 7.380141616545049e-06 7.311954038478605e-06)
(1.418887631287835e-06 3.943703212827095e-06 -2.179189550955667e-06)
(-8.064722773340509e-06 5.97476024523595e-06 -2.188191287172249e-07)
(0 0 0)
(0 0 0)
(0 0 0)
(-1.425987084844436e-06 1.579192661602584e-06 1.963294317531256e-06)
(0 0 0)
(0 0 0)
(0 0 0)
(0 0 0)
(0 0 0)
(0 0 0)
(0 0 0)
(0 0 0)
(0 0 0)
(0 0 0)
(-3.102516205773529e-05 -8.397137600658441e-06 1.446384200310506e-05)
(-5.264613092358565e-06 -2.432366568415453e-06 2.345878824884458e-06)
(0 0 0)
(0 0 0)
(0 0 0)
(0 0 0)
(0 0 0)
(0 0 0)
(0 0 0)
(0 0 0)
(0 0 0)
(0 0 0)
(0 0 0)
(-5.133881720021912e-06 9.926557396634067e-06 3.936660795316217e-06)
(0 0 0)
(0 0 0)
(0 0 0)
(0 0 0)
(0 0 0)
(0 0 0)
(0 0 0)
(0 0 0)
(0 0 0)
(0 0 0)
(0 0 0)
(0 0 0)
(0 0 0)
(0 0 0)
(0 0 0)
(0 0 0)
(0 0 0)
(0 0 0)
(0 0 0)
(0 0 0)
(0 0 0)
(0 0 0)
(0 0 0)
(0 0 0)
(0 0 0)
(0 0 0)
(2.306275311905762e-05 -8.397501432903831e-06 -1.098501648716695e-05)
(1.699527537534228e-06 9.921001198517965e-06 -6.724986954798423e-06)
(-6.958443979142903e-07 5.482077356617579e-06 -1.634961657631346e-06)
(2.312383699123307e-05 1.011901228376989e-05 -8.657668006586218e-06)
(4.693219981442314e-05 3.378752290064334e-06 -2.080696282639979e-05)
(2.224708607081306e-05 -1.848620891890054e-06 -6.387513184654252e-06)
(5.578587067459964e-06 -1.971293336191141e-05 -1.080138022356903e-05)
(8.071093836687247e-07 1.510190596443665e-06 -6.386411627563038e-07)
(7.969588694157513e-07 -1.946504310510049e-05 -5.000741399961002e-06)
(0 0 0)
(0 0 0)
(-4.900995467248713e-07 -1.446447445213123e-05 -1.021965865285074e-05)
(0 0 0)
(0 0 0)
(0 0 0)
(0 0 0)
(0 0 0)
(0 0 0)
(0 0 0)
(0 0 0)
(0 0 0)
(0 0 0)
(0 0 0)
(0 0 0)
(0 0 0)
(0 0 0)
(0 0 0)
(0 0 0)
(0 0 0)
(0 0 0)
(0 0 0)
(0 0 0)
(0 0 0)
(0 0 0)
(0 0 0)
(0 0 0)
(0 0 0)
(0 0 0)
(0 0 0)
(0 0 0)
(0 0 0)
(0 0 0)
(0 0 0)
(0 0 0)
(0 0 0)
(0 0 0)
(0 0 0)
(0 0 0)
(0 0 0)
(0 0 0)
(0 0 0)
(0 0 0)
(0 0 0)
(0 0 0)
(0 0 0)
(0 0 0)
(0 0 0)
(0 0 0)
(0 0 0)
(0 0 0)
(0 0 0)
(0 0 0)
(0 0 0)
(0 0 0)
(0 0 0)
(0 0 0)
(0 0 0)
(0 0 0)
(0 0 0)
(0 0 0)
(0 0 0)
(0 0 0)
(0 0 0)
(0 0 0)
(0 0 0)
(0 0 0)
(0 0 0)
(0 0 0)
(0 0 0)
(0 0 0)
(0 0 0)
(0 0 0)
(0 0 0)
(0 0 0)
(0 0 0)
(0 0 0)
(4.410672661155361e-05 -3.954814619978863e-05 -2.809783206941913e-05)
(1.423556707350869e-06 1.565323407889859e-06 -8.27381942806137e-07)
(-2.018930787056427e-05 1.641038929399114e-05 1.120656979668009e-05)
(6.201633566865489e-06 2.987909243960553e-07 -4.833383790340523e-06)
(2.217981963426833e-05 1.004466755203206e-05 -8.752887708846088e-06)
(3.055756165693284e-05 3.920651025770399e-07 -7.051035554181745e-06)
(8.703848435954679e-06 6.604114010110343e-06 1.262112392473226e-06)
(0 0 0)
(-6.870544451969709e-06 1.068985346467237e-05 1.091775954368981e-06)
(0 0 0)
(-2.466512076512013e-05 2.137668090984546e-05 5.013278343013796e-06)
(3.30779580371448e-06 2.326738419975615e-06 -1.96576934153387e-06)
(0 0 0)
(0 0 0)
(0 0 0)
(0 0 0)
(0 0 0)
(0 0 0)
(0 0 0)
(0 0 0)
(0 0 0)
(0 0 0)
(0 0 0)
(0 0 0)
(0 0 0)
(0 0 0)
(0 0 0)
(0 0 0)
(0 0 0)
(0 0 0)
(0 0 0)
(0 0 0)
(0 0 0)
(0 0 0)
(0 0 0)
(0 0 0)
(0 0 0)
(0 0 0)
(0 0 0)
(0 0 0)
(0 0 0)
(0 0 0)
(0 0 0)
(0 0 0)
(0 0 0)
(0 0 0)
(0 0 0)
(0 0 0)
(0 0 0)
(0 0 0)
(0 0 0)
(0 0 0)
(0 0 0)
(0 0 0)
(0 0 0)
(0 0 0)
(0 0 0)
(0 0 0)
(0 0 0)
(0 0 0)
(0 0 0)
(0 0 0)
(0 0 0)
(0 0 0)
(0 0 0)
(0 0 0)
(0 0 0)
(0 0 0)
(0 0 0)
(0 0 0)
(0 0 0)
(0 0 0)
(0 0 0)
(0 0 0)
(0 0 0)
(0 0 0)
(0 0 0)
(0 0 0)
(0 0 0)
(0 0 0)
(0 0 0)
(0 0 0)
(0 0 0)
(0 0 0)
(0 0 0)
(0 0 0)
(0 0 0)
(0 0 0)
(0 0 0)
(0 0 0)
(0 0 0)
(0 0 0)
(0 0 0)
(0 0 0)
(0 0 0)
(0 0 0)
(0 0 0)
(0 0 0)
(0 0 0)
(0 0 0)
(0 0 0)
(0 0 0)
(0 0 0)
(0 0 0)
(0 0 0)
(0 0 0)
(0 0 0)
(0 0 0)
(0 0 0)
(0 0 0)
(0 0 0)
(0 0 0)
(0 0 0)
(0 0 0)
(0 0 0)
(0 0 0)
(0 0 0)
(0 0 0)
(0 0 0)
(0 0 0)
(0 0 0)
(0 0 0)
(0 0 0)
(0 0 0)
(0 0 0)
(0 0 0)
(0 0 0)
(0 0 0)
(0 0 0)
(0 0 0)
(0 0 0)
(0 0 0)
(0 0 0)
(0 0 0)
(0 0 0)
(0 0 0)
(0 0 0)
(0 0 0)
(0 0 0)
(0 0 0)
(0 0 0)
(0 0 0)
(0 0 0)
(0 0 0)
(0 0 0)
(0 0 0)
(0 0 0)
(0 0 0)
(0 0 0)
(0 0 0)
(0 0 0)
(0 0 0)
(0 0 0)
(0 0 0)
(0 0 0)
(0 0 0)
(0 0 0)
(0 0 0)
(0 0 0)
(0 0 0)
(0 0 0)
(0 0 0)
(0 0 0)
(0 0 0)
(0 0 0)
(0 0 0)
(0 0 0)
(0 0 0)
(0 0 0)
(0 0 0)
(0 0 0)
(0 0 0)
(0 0 0)
(0 0 0)
(0 0 0)
(0 0 0)
(0 0 0)
(0 0 0)
(0 0 0)
(0 0 0)
(0 0 0)
(0 0 0)
(0 0 0)
(0 0 0)
(0 0 0)
(0 0 0)
(0 0 0)
(0 0 0)
(0 0 0)
(0 0 0)
(0 0 0)
(0 0 0)
(0 0 0)
(0 0 0)
(0 0 0)
(0 0 0)
(0 0 0)
(0 0 0)
(0 0 0)
(0 0 0)
(0 0 0)
(0 0 0)
(0 0 0)
(0 0 0)
(0 0 0)
(0 0 0)
(0 0 0)
(0 0 0)
(0 0 0)
(0 0 0)
(0 0 0)
(0 0 0)
(0 0 0)
(0 0 0)
(0 0 0)
(0 0 0)
(0 0 0)
(0 0 0)
(0 0 0)
(0 0 0)
(0 0 0)
(0 0 0)
(0 0 0)
(0 0 0)
(0 0 0)
(0 0 0)
(0 0 0)
(0 0 0)
(0 0 0)
(0 0 0)
(0 0 0)
(0 0 0)
(0 0 0)
(0 0 0)
(0 0 0)
(0 0 0)
(0 0 0)
(0 0 0)
(0 0 0)
(0 0 0)
(0 0 0)
(0 0 0)
(0 0 0)
(0 0 0)
(0 0 0)
(0 0 0)
(0 0 0)
(0 0 0)
(0 0 0)
(0 0 0)
(0 0 0)
(-9.465253390398593e-06 8.791833349326903e-06 -1.109487260232918e-05)
(-5.443628211723865e-05 2.793769512007949e-05 3.415015431728664e-06)
(3.49389147902961e-06 2.325268614940137e-05 -1.116885757371564e-05)
(-6.327671628377468e-07 -2.413803423478678e-06 2.563495189658936e-07)
(7.402297190246118e-06 -2.921225408362547e-06 -3.650820140751698e-06)
(4.579730267353169e-05 -8.903682349708517e-06 -1.68195492819977e-05)
(4.592220149556702e-05 -1.711319970487453e-05 -1.9745566002771e-05)
(0 0 0)
(0 0 0)
(-1.423614926009204e-05 7.507154167612297e-06 1.967248709054341e-06)
(-2.745022856726055e-05 1.509859907027949e-05 1.22897729110082e-05)
(2.440202306991665e-05 -1.349310782108514e-05 -3.752056650575108e-06)
(1.438535908774652e-05 9.493202433624363e-06 8.762597302321528e-06)
(-6.895848709684903e-06 1.125563347733383e-06 -6.26760063451955e-06)
(-2.515974428687906e-05 1.55215345156949e-05 5.20326182847554e-06)
(-1.056475840839614e-05 9.34497407143199e-06 -2.576234534874174e-06)
(3.772478300928821e-06 -4.484185560484663e-06 4.80331762589725e-07)
(-8.114255533402495e-07 2.230817511681429e-05 1.615073238333362e-07)
(0 0 0)
(-1.371943495053111e-05 -5.654420200182471e-06 5.901958164716648e-06)
(1.626258489578473e-05 4.330287550331714e-06 -1.696398248238141e-06)
(-7.996483719462675e-06 -4.770243947210195e-06 3.289155160259641e-06)
(-7.192884462160732e-06 -4.682098110193942e-06 6.800430542358983e-06)
(2.335768477570482e-05 1.830191360389044e-05 -1.317663761448009e-05)
(1.452734291675799e-05 6.170999701495926e-06 -2.951159305043806e-06)
(0 0 0)
(0 0 0)
(0 0 0)
(-2.585847983655106e-05 2.541047454524889e-06 7.251578443339654e-06)
(0 0 0)
(0 0 0)
(8.291052453545158e-06 9.028679708975249e-07 -4.519616783662014e-06)
(0 0 0)
(7.819021082992425e-06 1.882777243582758e-06 -1.045254658858001e-05)
(0 0 0)
(0 0 0)
(0 0 0)
(0 0 0)
(0 0 0)
(0 0 0)
(0 0 0)
(1.21864636995108e-05 1.648518701381102e-07 -3.265229361703564e-06)
(-6.26186064316771e-06 5.742328239090873e-06 9.110936966713325e-06)
(1.84027032974432e-05 -3.046689617681031e-06 -8.887561187524149e-06)
(0 0 0)
(0 0 0)
(8.838182439039599e-06 -3.519527716944946e-06 -8.387931939324938e-07)
(4.87289917236502e-06 6.702210069270105e-06 5.143624548557042e-07)
(3.021725997619123e-05 6.322435324627503e-07 -1.0491036649842e-05)
(0 0 0)
(0 0 0)
(0 0 0)
(0 0 0)
(0 0 0)
(0 0 0)
(2.501965513904176e-05 -5.116814491833563e-07 -7.264437990872187e-06)
(-9.014546324163487e-06 2.117288534507977e-05 -1.006056200677864e-05)
(-4.589379169118738e-06 -5.22042270595969e-06 -1.103808712067036e-06)
(0 0 0)
(0 0 0)
(0 0 0)
(0 0 0)
(0 0 0)
(0 0 0)
(-2.285578058675399e-06 6.459240715201757e-06 -9.771963009222801e-07)
(2.182668931457253e-05 -3.997193783338596e-06 -6.794484372647546e-06)
(-7.229762021890254e-06 9.262296810976939e-06 1.876986127132602e-07)
(0 0 0)
(0 0 0)
(0 0 0)
(0 0 0)
(0 0 0)
(0 0 0)
(-7.03210121721604e-06 1.220600563130763e-06 -5.343772779791511e-06)
(-1.234331580679747e-05 7.254373388723022e-06 3.889574130672914e-06)
(7.707125966477984e-06 -2.458252798731585e-06 -1.977012202976518e-06)
(-4.971528706268543e-06 5.871626642813322e-06 -1.18449660493732e-06)
(-2.938156639445715e-06 -3.729977536843731e-06 8.687156356626842e-07)
(0 0 0)
(0 0 0)
(0 0 0)
(0 0 0)
(0 0 0)
(0 0 0)
(0 0 0)
(1.527601510009632e-05 5.23310847435505e-06 -1.706319819225914e-05)
(-8.339132448283062e-07 2.145377111166364e-06 -7.268130147706097e-06)
(4.041692909495447e-06 1.924676172145914e-06 -1.786687934145969e-06)
(4.513962016875497e-07 -1.698091495711044e-06 1.141126917019014e-06)
(4.61016088512925e-07 1.351981532301538e-06 -6.100870040724978e-07)
(0 0 0)
(-4.618755399938156e-06 3.047148936742678e-06 2.074281825223924e-07)
(1.235267834154781e-05 7.618978848963451e-06 5.804566284735492e-07)
(6.541204254153296e-06 3.327690482853124e-06 -3.410184053820331e-06)
(0 0 0)
(-2.493418588194787e-05 -1.079446538372308e-05 9.025730430306932e-06)
(-4.826334032742383e-06 6.590267324015389e-06 1.342300669101178e-06)
(0 0 0)
(0 0 0)
(0 0 0)
(2.593626456745329e-06 -1.646119608395002e-06 9.003137951060969e-07)
(-4.102236563002161e-06 -6.970290334350694e-06 -1.12415745687061e-06)
(-2.434582036613176e-05 -5.104515893487174e-06 2.996063063628651e-06)
(6.9441702892994e-06 7.43659402075078e-07 -4.616256671610588e-06)
(-1.664935750994462e-05 -9.601912924506772e-07 -4.417822811159829e-07)
(0 0 0)
(0 0 0)
(0 0 0)
(0 0 0)
(0 0 0)
(0 0 0)
(-2.014995979514913e-05 -1.847041936609895e-05 4.474884850480529e-06)
(4.661613634489198e-06 -7.872066008505943e-06 -1.59744470298422e-06)
(-2.543568756961597e-05 -3.045801639938507e-05 -5.97440544725448e-06)
(1.415591842375594e-05 -6.056825509982891e-06 -1.255958075939876e-05)
(1.43611954036244e-05 -3.207078405872102e-06 -9.012127559095073e-06)
(3.077840441015149e-06 -1.874775981513953e-05 3.054710598212049e-06)
(0 0 0)
(0 0 0)
(0 0 0)
(0 0 0)
(0 0 0)
(-1.675435181604098e-05 -5.050281960181228e-06 3.534114717691918e-06)
(8.59305994274376e-06 -2.382879994008086e-06 -3.494724000273836e-06)
(0 0 0)
(0 0 0)
(-1.26646155722969e-06 2.569827926962846e-06 6.971537354193064e-08)
(0 0 0)
(0 0 0)
(-8.539835490679528e-06 -4.429055681653891e-06 1.9322488399518e-06)
(0 0 0)
(0 0 0)
(3.750971632728031e-05 4.595250149767174e-06 -1.041275537911964e-05)
(-1.468944359692183e-05 -3.202334093363587e-06 1.145182551857083e-05)
(-7.867057746421962e-06 -3.111438735505707e-06 1.008979647727546e-06)
(-1.438357641411213e-05 3.217880749913211e-05 1.297746669985629e-05)
(-6.52074160351677e-06 1.412544275988412e-05 2.441629557732151e-06)
(0 0 0)
(0 0 0)
(0 0 0)
(0 0 0)
(0 0 0)
(0 0 0)
(0 0 0)
(0 0 0)
(0 0 0)
(0 0 0)
(0 0 0)
(0 0 0)
(0 0 0)
(0 0 0)
(0 0 0)
(0 0 0)
(0 0 0)
(0 0 0)
(0 0 0)
(0 0 0)
(0 0 0)
(0 0 0)
(0 0 0)
(0 0 0)
(0 0 0)
(0 0 0)
(0 0 0)
(0 0 0)
(0 0 0)
(0 0 0)
(0 0 0)
(0 0 0)
(0 0 0)
(0 0 0)
(0 0 0)
(0 0 0)
(0 0 0)
(0 0 0)
(0 0 0)
(0 0 0)
(2.459146535588135e-06 -1.226787103165775e-05 -7.423140812684419e-06)
(0 0 0)
(0 0 0)
(0 0 0)
(0 0 0)
(0 0 0)
(0 0 0)
(0 0 0)
(0 0 0)
(0 0 0)
(0 0 0)
(2.862178260611232e-05 -4.295268157038185e-05 -1.459518113634697e-05)
(5.21376045203054e-06 -1.545780882694678e-05 -1.376430931412921e-05)
(1.368432220633222e-05 1.120693869295282e-05 -1.100493228571738e-06)
(0 0 0)
(0 0 0)
(0 0 0)
(0 0 0)
(0 0 0)
(0 0 0)
(0 0 0)
(0 0 0)
(-1.474105148044964e-05 3.961281424264605e-05 2.945531689796886e-06)
(0 0 0)
(0 0 0)
(-1.219776743234055e-06 -1.253242169602474e-06 5.700200092549667e-08)
(0 0 0)
(0 0 0)
(0 0 0)
(0 0 0)
(0 0 0)
(0 0 0)
(0 0 0)
(0 0 0)
(0 0 0)
(0 0 0)
(0 0 0)
(0 0 0)
(-3.309473781581332e-06 -5.979055434931999e-07 -4.793879554328261e-06)
(-5.108325715336763e-06 3.545728339163867e-06 -3.611127823819883e-07)
(1.164312017753745e-05 -9.342264123635707e-06 -2.443624744979122e-06)
(0 0 0)
(0 0 0)
(0 0 0)
(0 0 0)
(0 0 0)
(0 0 0)
(0 0 0)
(0 0 0)
(0 0 0)
(0 0 0)
(0 0 0)
(0 0 0)
(-5.557585453660766e-06 7.439080370057032e-06 1.526368584534283e-06)
(4.040850935897166e-06 8.376968061818916e-06 -1.14783576148716e-05)
(-4.640340575282997e-06 3.676520641296711e-06 1.767917002677854e-06)
(0 0 0)
(5.051520299448819e-06 2.277570810731597e-06 -1.586321960021939e-06)
(0 0 0)
(4.29812300818496e-06 3.026210695800218e-06 -1.720914026905895e-06)
(0 0 0)
(0 0 0)
(0 0 0)
(0 0 0)
(0 0 0)
(0 0 0)
(0 0 0)
(0 0 0)
(0 0 0)
(0 0 0)
(0 0 0)
(0 0 0)
(0 0 0)
(0 0 0)
(0 0 0)
(0 0 0)
(0 0 0)
(0 0 0)
(0 0 0)
(0 0 0)
(0 0 0)
(0 0 0)
(0 0 0)
(5.332248201486816e-05 -1.220083751674267e-05 -1.81074917625375e-05)
(3.456143888801427e-05 -1.276685603585153e-05 -3.457846178755086e-06)
(3.574625498315616e-05 -3.60662099100909e-05 -1.163739655495779e-05)
(2.430882566619957e-06 1.262272113409035e-06 -2.164140375908295e-07)
(0 0 0)
(8.201655694423879e-07 -2.13776605181844e-07 -3.62526525063735e-07)
(0 0 0)
(0 0 0)
(0 0 0)
(0 0 0)
(0 0 0)
(0 0 0)
(0 0 0)
(0 0 0)
(0 0 0)
(0 0 0)
(0 0 0)
(0 0 0)
(0 0 0)
(0 0 0)
(0 0 0)
(0 0 0)
(0 0 0)
(0 0 0)
(0 0 0)
(0 0 0)
(0 0 0)
(0 0 0)
(0 0 0)
(0 0 0)
(0 0 0)
(0 0 0)
(0 0 0)
(-3.849384229552122e-05 1.105710786562895e-05 1.069603397805105e-05)
(0 0 0)
(0 0 0)
(0 0 0)
(0 0 0)
(0 0 0)
(0 0 0)
(0 0 0)
(0 0 0)
(0 0 0)
(0 0 0)
(0 0 0)
(0 0 0)
(0 0 0)
(0 0 0)
(0 0 0)
(0 0 0)
(0 0 0)
(0 0 0)
(0 0 0)
(0 0 0)
(0 0 0)
(0 0 0)
(0 0 0)
(0 0 0)
(0 0 0)
(0 0 0)
(0 0 0)
(0 0 0)
(0 0 0)
(0 0 0)
(0 0 0)
(0 0 0)
(0 0 0)
(0 0 0)
(0 0 0)
(0 0 0)
(0 0 0)
(0 0 0)
(0 0 0)
(-2.526373084140038e-06 1.604906580852875e-06 2.083799120942055e-06)
(1.223051758072752e-05 -1.288299477206819e-05 -6.780637488588937e-07)
(0 0 0)
(0 0 0)
(-1.607376903343846e-05 5.234884757370018e-06 1.474264248534152e-06)
(-1.452778992700675e-05 -1.295482461410313e-05 -1.228602411689823e-06)
(2.436198565646536e-05 -4.519268796013214e-05 -1.481093076134087e-05)
(0 0 0)
(3.440572718043266e-06 3.338315577758985e-06 -8.942357300415125e-07)
(0 0 0)
(0 0 0)
(0 0 0)
(0 0 0)
(0 0 0)
(0 0 0)
(0 0 0)
(0 0 0)
(0 0 0)
(0 0 0)
(0 0 0)
(0 0 0)
(0 0 0)
(0 0 0)
(0 0 0)
(0 0 0)
(0 0 0)
(0 0 0)
(0 0 0)
(0 0 0)
(0 0 0)
(0 0 0)
(0 0 0)
(0 0 0)
(0 0 0)
(0 0 0)
(0 0 0)
(0 0 0)
(0 0 0)
(0 0 0)
(0 0 0)
(0 0 0)
(0 0 0)
(0 0 0)
(0 0 0)
(0 0 0)
(0 0 0)
(0 0 0)
(0 0 0)
(0 0 0)
(0 0 0)
(0 0 0)
(0 0 0)
(0 0 0)
(0 0 0)
(0 0 0)
(0 0 0)
(0 0 0)
(0 0 0)
(0 0 0)
(0 0 0)
(0 0 0)
(0 0 0)
(0 0 0)
(0 0 0)
(0 0 0)
(0 0 0)
(0 0 0)
(0 0 0)
(0 0 0)
(0 0 0)
(0 0 0)
(0 0 0)
(0 0 0)
(-3.583805288927439e-05 2.122809457504515e-05 1.615005468925955e-05)
(-3.576863917660407e-05 3.356430035590152e-05 1.300587047522042e-05)
(9.142596184383285e-07 -4.797092153488069e-06 -3.508356074409352e-06)
(0 0 0)
(0 0 0)
(1.050701070213109e-06 1.58768719064488e-06 -9.673681140075238e-07)
(4.912903327809327e-06 -2.552643443788014e-06 -2.387389738577345e-07)
(0 0 0)
(0 0 0)
(0 0 0)
(0 0 0)
(0 0 0)
(0 0 0)
(0 0 0)
(0 0 0)
(0 0 0)
(0 0 0)
(0 0 0)
(0 0 0)
(4.743655293237013e-05 -1.341401738965068e-05 -1.537578715962541e-05)
(4.508640063986666e-05 -3.934388466962466e-05 -2.324762349455317e-05)
(1.722214198240819e-05 -1.489337956595581e-05 -1.629213605925812e-05)
(3.11949238107503e-07 2.461973893218857e-07 -1.226725726783043e-07)
(-1.754706021248073e-06 1.395015134598291e-08 2.289354740747177e-07)
(0 0 0)
(0 0 0)
(0 0 0)
(0 0 0)
(0 0 0)
(0 0 0)
(0 0 0)
(0 0 0)
(0 0 0)
(0 0 0)
(0 0 0)
(0 0 0)
(0 0 0)
(0 0 0)
(0 0 0)
(0 0 0)
(0 0 0)
(0 0 0)
(0 0 0)
(0 0 0)
(0 0 0)
(0 0 0)
(0 0 0)
(0 0 0)
(0 0 0)
(0 0 0)
(0 0 0)
(0 0 0)
(0 0 0)
(0 0 0)
(0 0 0)
(0 0 0)
(0 0 0)
(0 0 0)
(0 0 0)
(0 0 0)
(0 0 0)
(0 0 0)
(0 0 0)
(0 0 0)
(0 0 0)
(0 0 0)
(0 0 0)
(0 0 0)
(0 0 0)
(0 0 0)
(0 0 0)
(0 0 0)
(0 0 0)
(0 0 0)
(0 0 0)
(0 0 0)
(0 0 0)
(0 0 0)
(0 0 0)
(0 0 0)
(0 0 0)
(0 0 0)
(-8.721353530694276e-07 5.42345882646735e-06 3.728401408492049e-07)
(0 0 0)
(-1.265269835045389e-06 2.336289136175219e-06 5.672081337906296e-07)
(0 0 0)
(0 0 0)
(0 0 0)
(0 0 0)
(0 0 0)
(0 0 0)
(0 0 0)
(0 0 0)
(0 0 0)
(0 0 0)
(0 0 0)
(0 0 0)
(0 0 0)
(0 0 0)
(0 0 0)
(0 0 0)
(0 0 0)
(0 0 0)
(0 0 0)
(0 0 0)
(-4.187159811644131e-06 -7.746933935957709e-05 -1.251121647600551e-05)
(-6.167133023546497e-06 -2.021405187409488e-06 -4.426181515591546e-06)
(-4.285685656161512e-06 1.334612099065265e-05 3.531053804676065e-07)
(0 0 0)
(0 0 0)
(0 0 0)
(0 0 0)
(-9.06710540926721e-06 -2.50551922601274e-05 -6.527244220346277e-07)
(0 0 0)
(0 0 0)
(0 0 0)
(0 0 0)
(0 0 0)
(0 0 0)
(0 0 0)
(0 0 0)
(0 0 0)
(0 0 0)
(0 0 0)
(0 0 0)
(0 0 0)
(0 0 0)
(0 0 0)
(0 0 0)
(0 0 0)
(0 0 0)
(0 0 0)
(0 0 0)
(0 0 0)
(0 0 0)
(0 0 0)
(0 0 0)
(0 0 0)
(0 0 0)
(0 0 0)
(0 0 0)
(0 0 0)
(0 0 0)
(0 0 0)
(0 0 0)
(0 0 0)
(0 0 0)
(0 0 0)
(0 0 0)
(0 0 0)
(0 0 0)
(0 0 0)
(0 0 0)
(0 0 0)
(0 0 0)
(0 0 0)
(0 0 0)
(0 0 0)
(0 0 0)
(0 0 0)
(0 0 0)
(0 0 0)
(0 0 0)
(0 0 0)
(0 0 0)
(0 0 0)
(0 0 0)
(0 0 0)
(0 0 0)
(0 0 0)
(0 0 0)
(0 0 0)
(0 0 0)
(2.133569788775717e-05 7.972640693762541e-06 9.091632443908095e-06)
(7.429912555941485e-06 2.300250107844284e-05 1.077825032860114e-06)
(0 0 0)
(0 0 0)
(0 0 0)
(0 0 0)
(0 0 0)
(0 0 0)
(6.786883218612098e-06 1.437602703982256e-05 4.449398547782552e-06)
(1.540903650634572e-05 -3.162392936993828e-05 -5.373291479298155e-07)
(0 0 0)
(0 0 0)
(0 0 0)
(0 0 0)
(1.329350123745988e-05 -2.054816248738718e-05 -7.639683933262875e-06)
(-1.565775692206883e-07 -3.404903242259456e-06 -6.954869673798012e-07)
(1.082802445440887e-05 -4.46807583520943e-06 -7.462157675784059e-06)
(0 0 0)
(0 0 0)
(0 0 0)
(0 0 0)
(0 0 0)
(0 0 0)
(0 0 0)
(0 0 0)
(0 0 0)
(0 0 0)
(0 0 0)
(0 0 0)
(0 0 0)
(0 0 0)
(0 0 0)
(0 0 0)
(0 0 0)
(0 0 0)
(0 0 0)
(0 0 0)
(0 0 0)
(0 0 0)
(0 0 0)
(0 0 0)
(-9.981207224090585e-07 3.687222631059793e-05 1.909871257351841e-05)
(5.043949072564017e-08 -5.533559101202833e-05 -2.162161345315529e-05)
(-1.507043938667102e-05 2.183590083459144e-05 2.49131254970961e-05)
(7.437347950649146e-06 1.81993183644933e-05 4.843529936519099e-06)
(0 0 0)
(0 0 0)
(-3.031389851265692e-06 5.678607255545138e-06 7.956143859063884e-07)
(0 0 0)
(0 0 0)
(0 0 0)
(-2.724399370443051e-06 1.127762414610571e-06 -5.959545896274561e-08)
(0 0 0)
(0 0 0)
(0 0 0)
(0 0 0)
(0 0 0)
(0 0 0)
(0 0 0)
(0 0 0)
(0 0 0)
(0 0 0)
(0 0 0)
(0 0 0)
(0 0 0)
(0 0 0)
(0 0 0)
(0 0 0)
(0 0 0)
(0 0 0)
(0 0 0)
(0 0 0)
(0 0 0)
(0 0 0)
(0 0 0)
(0 0 0)
(0 0 0)
(0 0 0)
(0 0 0)
(0 0 0)
(0 0 0)
(0 0 0)
(0 0 0)
(0 0 0)
(0 0 0)
(0 0 0)
(0 0 0)
(0 0 0)
(0 0 0)
(0 0 0)
(0 0 0)
(0 0 0)
(0 0 0)
(0 0 0)
(0 0 0)
(0 0 0)
(0 0 0)
(0 0 0)
(0 0 0)
(0 0 0)
(0 0 0)
(0 0 0)
(0 0 0)
(0 0 0)
(0 0 0)
(0 0 0)
(0 0 0)
(0 0 0)
(0 0 0)
(0 0 0)
(0 0 0)
(0 0 0)
(0 0 0)
(0 0 0)
(0 0 0)
(0 0 0)
(0 0 0)
(0 0 0)
(0 0 0)
(0 0 0)
(0 0 0)
(0 0 0)
(0 0 0)
(0 0 0)
(1.89221325413491e-06 -6.664942110159796e-06 -4.445721775878072e-07)
(-1.931721621308358e-05 9.23709025812592e-06 2.858447578536925e-06)
(-1.67766708635206e-06 -3.925447839478746e-05 -1.919727042554473e-05)
(0 0 0)
(0 0 0)
(0 0 0)
(0 0 0)
(0 0 0)
(0 0 0)
(0 0 0)
(0 0 0)
(0 0 0)
(0 0 0)
(0 0 0)
(0 0 0)
(0 0 0)
(0 0 0)
(0 0 0)
(0 0 0)
(0 0 0)
(0 0 0)
(0 0 0)
(0 0 0)
(0 0 0)
(0 0 0)
(0 0 0)
(0 0 0)
(0 0 0)
(0 0 0)
(0 0 0)
(0 0 0)
(0 0 0)
(0 0 0)
(0 0 0)
(0 0 0)
(0 0 0)
(0 0 0)
(0 0 0)
(0 0 0)
(0 0 0)
(0 0 0)
(0 0 0)
(0 0 0)
(0 0 0)
(0 0 0)
(0 0 0)
(0 0 0)
(0 0 0)
(0 0 0)
(0 0 0)
(0 0 0)
(0 0 0)
(0 0 0)
(0 0 0)
(0 0 0)
(0 0 0)
(0 0 0)
(0 0 0)
(0 0 0)
(0 0 0)
(0 0 0)
(0 0 0)
(0 0 0)
(0 0 0)
(0 0 0)
(0 0 0)
(0 0 0)
(0 0 0)
(0 0 0)
(0 0 0)
(0 0 0)
(0 0 0)
(0 0 0)
(0 0 0)
(0 0 0)
(0 0 0)
(0 0 0)
(0 0 0)
(0 0 0)
(0 0 0)
(0 0 0)
(0 0 0)
(0 0 0)
(0 0 0)
(0 0 0)
(0 0 0)
(-3.028639631896082e-05 5.621107429066092e-05 2.130888148164381e-05)
(-1.903231330885618e-05 1.367657580797306e-05 2.875828231283455e-06)
(-1.187594104675967e-05 1.396314617783661e-05 5.09004012150528e-06)
(0 0 0)
(0 0 0)
(0 0 0)
(0 0 0)
(0 0 0)
(0 0 0)
(0 0 0)
(0 0 0)
(0 0 0)
(0 0 0)
(0 0 0)
(0 0 0)
(0 0 0)
(0 0 0)
(0 0 0)
(0 0 0)
(0 0 0)
(0 0 0)
(0 0 0)
(0 0 0)
(0 0 0)
(0 0 0)
(0 0 0)
(0 0 0)
(0 0 0)
(0 0 0)
(0 0 0)
(0 0 0)
(0 0 0)
(0 0 0)
(0 0 0)
(0 0 0)
(0 0 0)
(0 0 0)
(0 0 0)
(0 0 0)
(0 0 0)
(0 0 0)
(0 0 0)
(0 0 0)
(0 0 0)
(0 0 0)
(0 0 0)
(0 0 0)
(0 0 0)
(0 0 0)
(0 0 0)
(0 0 0)
(0 0 0)
(1.078564590875907e-06 4.193311607837772e-06 8.364517385252009e-07)
(-1.836326497740516e-06 1.308469119788656e-05 3.990671499877128e-06)
(-2.57295285062459e-06 6.990148110086572e-06 8.235819821654459e-07)
(0 0 0)
(0 0 0)
(0 0 0)
(0 0 0)
(0 0 0)
(0 0 0)
(0 0 0)
(0 0 0)
(0 0 0)
(0 0 0)
(0 0 0)
(0 0 0)
(0 0 0)
(0 0 0)
(0 0 0)
(0 0 0)
(0 0 0)
(0 0 0)
(0 0 0)
(0 0 0)
(0 0 0)
(0 0 0)
(0 0 0)
(0 0 0)
(0 0 0)
(0 0 0)
(0 0 0)
(0 0 0)
(0 0 0)
(0 0 0)
(0 0 0)
(-1.657224660959263e-06 2.622181305868916e-05 -5.375669347427982e-06)
(1.596991881478288e-06 -2.01460149049824e-05 -1.566623241373906e-05)
(2.218994446965539e-06 2.365914724649335e-05 -3.87742250132305e-06)
(0 0 0)
(0 0 0)
(0 0 0)
(0 0 0)
(0 0 0)
(0 0 0)
(0 0 0)
(0 0 0)
(0 0 0)
(0 0 0)
(0 0 0)
(0 0 0)
(0 0 0)
(0 0 0)
(0 0 0)
(0 0 0)
(0 0 0)
(0 0 0)
(0 0 0)
(2.56569816731864e-06 1.6954523016463e-05 -1.117453581481779e-05)
(2.542033301674934e-05 -3.614330828796698e-05 4.189007563526313e-06)
(0 0 0)
(0 0 0)
(0 0 0)
(0 0 0)
(0 0 0)
(0 0 0)
(0 0 0)
(0 0 0)
(0 0 0)
(0 0 0)
(0 0 0)
(0 0 0)
(0 0 0)
(0 0 0)
(0 0 0)
(0 0 0)
(0 0 0)
(0 0 0)
(0 0 0)
(0 0 0)
(0 0 0)
(0 0 0)
(0 0 0)
(0 0 0)
(0 0 0)
(0 0 0)
(0 0 0)
(0 0 0)
(0 0 0)
(0 0 0)
(0 0 0)
(0 0 0)
(0 0 0)
(0 0 0)
(0 0 0)
(0 0 0)
(0 0 0)
(0 0 0)
(0 0 0)
(0 0 0)
(0 0 0)
(0 0 0)
(0 0 0)
(0 0 0)
(0 0 0)
(0 0 0)
(0 0 0)
(0 0 0)
(0 0 0)
(0 0 0)
(0 0 0)
(0 0 0)
(0 0 0)
(0 0 0)
(0 0 0)
(0 0 0)
(0 0 0)
(0 0 0)
(0 0 0)
(0 0 0)
(0 0 0)
(0 0 0)
(0 0 0)
(0 0 0)
(0 0 0)
(0 0 0)
(0 0 0)
(0 0 0)
(0 0 0)
(0 0 0)
(0 0 0)
(0 0 0)
(0 0 0)
(0 0 0)
(0 0 0)
(0 0 0)
(0 0 0)
(0 0 0)
(0 0 0)
(0 0 0)
(0 0 0)
(0 0 0)
(0 0 0)
(0 0 0)
(0 0 0)
(0 0 0)
(0 0 0)
(0 0 0)
(0 0 0)
(0 0 0)
(0 0 0)
(0 0 0)
(0 0 0)
(0 0 0)
(0 0 0)
(0 0 0)
(0 0 0)
(0 0 0)
(1.75179469720335e-05 -3.075924841095549e-05 4.302722603383493e-06)
(2.232452807007857e-05 -4.580139715369762e-05 -5.799099030740888e-06)
(2.152892052593976e-06 -2.645363529475105e-05 -1.352663898484992e-05)
(0 0 0)
(0 0 0)
(0 0 0)
(0 0 0)
(0 0 0)
(0 0 0)
(0 0 0)
(-2.86476300455893e-06 4.593494106797098e-06 7.436829634682718e-07)
(0 0 0)
(0 0 0)
(0 0 0)
(0 0 0)
(0 0 0)
(0 0 0)
(0 0 0)
(0 0 0)
(0 0 0)
(0 0 0)
(0 0 0)
(0 0 0)
(0 0 0)
(0 0 0)
(0 0 0)
(0 0 0)
(0 0 0)
(0 0 0)
(0 0 0)
(0 0 0)
(0 0 0)
(0 0 0)
(0 0 0)
(0 0 0)
(0 0 0)
(0 0 0)
(0 0 0)
(0 0 0)
(0 0 0)
(0 0 0)
(0 0 0)
(0 0 0)
(0 0 0)
(0 0 0)
(0 0 0)
(4.519811402427774e-06 -6.963641832894198e-06 5.287808872943753e-07)
(0 0 0)
(-4.292836586693229e-07 -1.416746726632536e-05 4.264924236594714e-06)
(0 0 0)
(7.917767382091818e-05 -6.047265479745817e-05 -1.677417140837438e-05)
(-6.57495117722513e-09 -4.450249526630223e-06 -1.677353759498584e-06)
(5.241385669791509e-06 7.510587977223168e-06 -3.971368713799101e-06)
(-5.330605251431118e-06 5.432671322750822e-06 2.420827028914335e-05)
(-3.699869587502638e-06 -1.214039803692382e-05 1.934458298978028e-06)
(0 0 0)
(-7.246531189778793e-06 -7.772012671579016e-06 -7.135502921464455e-06)
(-5.115935287209261e-06 1.619606202056465e-06 3.742757570884995e-06)
(1.342720129861186e-05 -2.084964720786946e-06 3.708717532162977e-06)
(0 0 0)
(6.293038211444076e-06 3.065802543987885e-06 6.924151680313243e-06)
(1.921494165757576e-07 -1.784780020836124e-06 -2.208966971048814e-07)
(-2.30679820809962e-06 1.423563074533647e-05 6.541366253060458e-07)
(1.004235802836545e-05 -1.090623810062175e-06 3.096249300358198e-06)
(0 0 0)
(-1.674613261585734e-05 1.828427316744098e-05 1.653497828484711e-05)
(-9.637206493397257e-06 3.757999767637108e-05 1.359786884743651e-05)
(0 0 0)
(3.502601980339599e-05 -4.188875537775033e-05 -2.643323160385359e-05)
(0 0 0)
(-4.802402888348738e-06 -2.24277472185703e-06 4.268370232211466e-06)
(0 0 0)
(3.580856580441778e-06 2.718708534188389e-06 -7.298280324819404e-07)
(0 0 0)
(3.899646508735327e-05 -6.298645531266582e-05 -1.920352443337904e-05)
(0 0 0)
(-7.814264388074623e-06 1.782988461994429e-06 2.139975292342548e-06)
(0 0 0)
(1.208800896633971e-05 -1.167112966175083e-06 4.89590335168755e-07)
(1.37448785320102e-05 -3.4004919930912e-07 -4.433060865923033e-06)
(1.136579704572129e-05 6.769221470095829e-06 -7.577964431711821e-06)
(2.116812443238054e-06 -4.026916172388749e-06 4.012977288248998e-07)
(1.204713346620899e-05 -4.774129587261985e-06 -7.860118891562239e-06)
(-6.145142207848013e-06 1.504397896574269e-05 -1.793734115649907e-07)
(3.042896485228577e-05 -8.632777557213214e-06 -1.04554652026448e-05)
(1.36462452178416e-05 -2.011570019490638e-05 -7.170913096421418e-06)
(1.179552553069618e-06 1.586847426249101e-06 -5.729284614432255e-07)
(-2.90766983085026e-06 5.564323508073336e-06 -7.506591997409553e-08)
(0 0 0)
(-6.818509718154445e-06 2.803303486402964e-06 4.387143670002522e-07)
(-2.947255888490117e-06 1.804847303870849e-06 -6.878009612075756e-07)
(-7.330693337957988e-06 -3.004050766790643e-06 -1.643061551883857e-06)
(3.872809936896052e-06 2.288663859407989e-06 -3.673062221894428e-06)
(3.05393860494463e-05 -3.48491718534632e-05 -2.403035551119811e-05)
(-2.774552320362148e-06 -5.057463752922918e-06 -1.486890600260991e-06)
(1.262901738634674e-05 -2.249650162823779e-05 -7.080268367679241e-06)
(0 0 0)
(0 0 0)
(0 0 0)
(0 0 0)
(0 0 0)
(0 0 0)
(0 0 0)
(0 0 0)
(0 0 0)
(0 0 0)
(0 0 0)
(0 0 0)
(0 0 0)
(0 0 0)
(0 0 0)
(0 0 0)
(0 0 0)
(0 0 0)
(0 0 0)
(0 0 0)
(0 0 0)
(0 0 0)
(0 0 0)
(0 0 0)
(0 0 0)
(0 0 0)
(0 0 0)
(0 0 0)
(0 0 0)
(0 0 0)
(0 0 0)
(0 0 0)
(0 0 0)
(0 0 0)
(0 0 0)
(0 0 0)
(0 0 0)
(0 0 0)
(0 0 0)
(0 0 0)
(0 0 0)
(0 0 0)
(0 0 0)
(0 0 0)
(0 0 0)
(0 0 0)
(0 0 0)
(0 0 0)
(0 0 0)
(0 0 0)
(0 0 0)
(0 0 0)
(0 0 0)
(0 0 0)
(0 0 0)
(0 0 0)
(0 0 0)
(0 0 0)
(0 0 0)
(0 0 0)
(0 0 0)
(0 0 0)
(0 0 0)
(0 0 0)
(0 0 0)
(0 0 0)
(0 0 0)
(0 0 0)
(0 0 0)
(0 0 0)
(0 0 0)
(0 0 0)
(0 0 0)
(0 0 0)
(0 0 0)
(0 0 0)
(0 0 0)
(0 0 0)
(0 0 0)
(0 0 0)
(0 0 0)
(-7.566661461975582e-06 9.8115695171579e-06 4.900083374352755e-06)
(0 0 0)
(1.590531906630567e-07 -2.158181100874589e-06 1.758575635444428e-06)
(0 0 0)
(0 0 0)
(0 0 0)
(0 0 0)
(0 0 0)
(0 0 0)
(0 0 0)
(0 0 0)
(0 0 0)
(0 0 0)
(-4.994313213320211e-06 -4.487152874881677e-07 -1.091028319140157e-06)
(0 0 0)
(-6.96484426809932e-06 3.134801318995245e-06 4.019066307122158e-06)
(4.371173782064156e-06 2.805161512395613e-06 3.818123771357474e-07)
(0 0 0)
(0 0 0)
(-6.859228874932627e-07 4.088914823744599e-06 1.812254529921232e-06)
(0 0 0)
(0 0 0)
(0 0 0)
(-3.682508592194122e-06 1.696714492842239e-05 2.399812157038481e-06)
(0 0 0)
(0 0 0)
(0 0 0)
(2.475633582246281e-05 -2.341580490769618e-05 -5.219969772185349e-06)
(4.915984927469605e-06 4.011722661652964e-07 -2.482814084866501e-06)
(3.309531797058302e-05 -5.759723519680981e-07 -1.2063773439266e-05)
(1.57157211073241e-05 -2.301430972430643e-07 -4.787817537595706e-06)
(2.249398087843752e-06 -1.870687028539314e-05 -7.615730658908968e-06)
(0 0 0)
(2.890816437878987e-06 -7.593633248731171e-05 -1.53719057641871e-05)
(0 0 0)
(0 0 0)
(0 0 0)
(0 0 0)
(0 0 0)
(0 0 0)
(0 0 0)
(0 0 0)
(0 0 0)
(0 0 0)
(0 0 0)
(0 0 0)
(0 0 0)
(0 0 0)
(0 0 0)
(0 0 0)
(0 0 0)
(0 0 0)
(0 0 0)
(0 0 0)
(0 0 0)
(0 0 0)
(0 0 0)
(0 0 0)
(0 0 0)
(0 0 0)
(0 0 0)
(0 0 0)
(0 0 0)
(0 0 0)
(0 0 0)
(0 0 0)
(0 0 0)
(0 0 0)
(0 0 0)
(0 0 0)
(0 0 0)
(0 0 0)
(0 0 0)
(0 0 0)
(0 0 0)
(0 0 0)
(0 0 0)
(0 0 0)
(0 0 0)
(0 0 0)
(0 0 0)
(0 0 0)
(0 0 0)
(0 0 0)
(0 0 0)
(0 0 0)
(0 0 0)
(0 0 0)
(0 0 0)
(0 0 0)
(0 0 0)
(0 0 0)
(0 0 0)
(0 0 0)
(0 0 0)
(0 0 0)
(0 0 0)
(0 0 0)
(0 0 0)
(0 0 0)
(0 0 0)
(0 0 0)
(0 0 0)
(0 0 0)
(0 0 0)
(0 0 0)
(0 0 0)
(0 0 0)
(0 0 0)
(0 0 0)
(0 0 0)
(0 0 0)
(0 0 0)
(0 0 0)
(0 0 0)
(0 0 0)
(0 0 0)
(0 0 0)
(0 0 0)
(0 0 0)
(0 0 0)
(0 0 0)
(0 0 0)
(0 0 0)
(0 0 0)
(0 0 0)
(0 0 0)
(0 0 0)
(0 0 0)
(0 0 0)
(0 0 0)
(0 0 0)
(0 0 0)
(0 0 0)
(0 0 0)
(0 0 0)
(0 0 0)
(0 0 0)
(0 0 0)
(0 0 0)
(0 0 0)
(0 0 0)
(0 0 0)
(8.150036714346664e-06 8.821287356710406e-06 -2.578607064744042e-06)
(-1.757240908460145e-05 -1.420020624837234e-05 1.278162607721093e-05)
(-6.26362426380427e-06 3.198386034370797e-05 -9.377518278851829e-07)
(0 0 0)
(2.326271122064206e-05 -1.89705958920106e-06 -3.239607443253496e-05)
(0 0 0)
(9.06412368538025e-06 1.302036492341378e-07 -3.416206833625606e-06)
(3.94975784826993e-06 1.504365693754408e-06 -7.477390319527339e-07)
(-1.548975740781248e-06 5.33390190902209e-06 -4.634007112406273e-06)
(9.721735036594694e-06 6.638390400961914e-06 -6.2425627240263e-06)
(7.628298166184904e-06 -8.237319390306964e-06 -3.540145848209884e-06)
(0 0 0)
(6.187084817968637e-05 -2.901994056388964e-05 -1.967185524991577e-05)
(3.084087456619188e-05 1.469635923927116e-05 -1.840642251809624e-05)
(0 0 0)
(0 0 0)
(0 0 0)
(0 0 0)
(0 0 0)
(0 0 0)
(0 0 0)
(0 0 0)
(0 0 0)
(0 0 0)
(0 0 0)
(0 0 0)
(0 0 0)
(0 0 0)
(0 0 0)
(0 0 0)
(0 0 0)
(0 0 0)
(0 0 0)
(0 0 0)
(0 0 0)
(0 0 0)
(0 0 0)
(0 0 0)
(0 0 0)
(0 0 0)
(0 0 0)
(0 0 0)
(0 0 0)
(0 0 0)
(0 0 0)
(0 0 0)
(0 0 0)
(0 0 0)
(0 0 0)
(0 0 0)
(0 0 0)
(0 0 0)
(0 0 0)
(0 0 0)
(0 0 0)
(0 0 0)
(0 0 0)
(0 0 0)
(0 0 0)
(0 0 0)
(0 0 0)
(0 0 0)
(0 0 0)
(0 0 0)
(0 0 0)
(1.468126769922518e-06 -5.328071224201401e-06 3.621106660731833e-06)
(2.97430235104294e-05 -4.099120725185163e-06 -1.679832447999794e-05)
(1.252766982328412e-05 6.256774735916819e-06 -1.924405662309976e-05)
(-1.796910234674531e-05 8.241835004646059e-05 3.520045571764719e-05)
(2.584662202855037e-05 -2.347517343361635e-05 9.441645912153906e-06)
(0 0 0)
(9.715280124653823e-07 6.498819962041266e-06 -5.712715198476428e-06)
(-2.538348722199937e-07 2.94793721625164e-07 -2.661429955919955e-07)
(3.385414454571051e-05 -3.713109393886685e-07 -1.354361574923976e-05)
(3.830430824186606e-05 -1.336952223510717e-05 -2.457756375862924e-05)
(4.371681545466616e-06 2.153831063784411e-06 -3.952871601619445e-06)
(8.248056715250664e-06 -7.017068018180913e-06 -5.859930654445273e-06)
(2.172682297586288e-05 1.258208757374014e-05 -6.340790188441564e-06)
(-2.493475697134959e-05 3.797904683009758e-06 1.773659274170106e-06)
(-4.865075522413728e-06 1.19875018133866e-06 -1.040809432447429e-06)
(-1.082775502155464e-05 -5.051825201627624e-06 8.882820330185821e-06)
(-4.168776460036434e-05 -1.038462323866124e-05 5.03798483102299e-06)
(-1.381604784319192e-05 2.176604659566274e-05 1.369237215114526e-05)
(0 0 0)
(3.328730861429834e-05 -1.859630304722892e-05 1.658471809343508e-06)
(6.788834352713359e-08 -1.409239320989843e-06 -3.419078891406868e-07)
(0 0 0)
(0 0 0)
(0 0 0)
(0 0 0)
(0 0 0)
(0 0 0)
(0 0 0)
(0 0 0)
(0 0 0)
(0 0 0)
(0 0 0)
(0 0 0)
(0 0 0)
(0 0 0)
(0 0 0)
(0 0 0)
(0 0 0)
(0 0 0)
(0 0 0)
(0 0 0)
(0 0 0)
(0 0 0)
(0 0 0)
(0 0 0)
(0 0 0)
(0 0 0)
(0 0 0)
(0 0 0)
(0 0 0)
(0 0 0)
(0 0 0)
(0 0 0)
(0 0 0)
(0 0 0)
(0 0 0)
(0 0 0)
(1.007387520437745e-05 -6.364477660769729e-07 -5.83075627696898e-06)
(0 0 0)
(-2.847155902328546e-06 9.267456056216397e-07 -5.056007981745195e-07)
(0 0 0)
(0 0 0)
(0 0 0)
(0 0 0)
(0 0 0)
(0 0 0)
(0 0 0)
(0 0 0)
(0 0 0)
(2.204824033865534e-05 -6.80348550433808e-05 -7.548188816483124e-06)
(0 0 0)
(0 0 0)
(0 0 0)
(0 0 0)
(0 0 0)
(0 0 0)
(0 0 0)
(0 0 0)
(0 0 0)
(0 0 0)
(2.237708753148885e-06 -1.798149473258749e-06 -8.675473017002444e-07)
(1.288849159909221e-05 1.221876181392432e-05 -4.796974508605804e-06)
(-3.529087995739531e-05 2.153572894017097e-06 -4.019578212521539e-06)
(9.576514789766455e-06 4.779422371430246e-06 -2.036306313543526e-06)
(1.451975766720874e-05 -6.532285128727937e-06 -1.281692378810488e-06)
(1.682802768508814e-05 3.843184709188991e-06 -4.111452655523766e-06)
(2.584575229133951e-05 -2.316291380411754e-06 -9.232483932323156e-06)
(1.402176511608541e-05 5.207732423202906e-06 -1.577060204503121e-06)
(8.006518333302732e-06 2.500292628169411e-06 -1.906740977122262e-06)
(-6.477148499400223e-06 2.959058775963788e-07 3.161790285254089e-06)
(-3.959898131726154e-05 -1.138132298941858e-05 2.060193094366062e-05)
(3.321445972471764e-05 5.089464799061555e-06 -1.318937126974824e-05)
(-2.055856197203316e-05 1.829879820607145e-05 4.966867908142412e-06)
(0 0 0)
(1.13661550771545e-05 -7.859046996968197e-06 -8.027093860371244e-06)
(0 0 0)
(1.178997496612914e-05 5.353389599332153e-07 -2.071739797765541e-06)
(-1.196219871839413e-06 -3.374135842790262e-07 -1.043587914710465e-07)
(2.468403755989117e-05 -2.273228076814894e-05 -8.039143053119442e-06)
(0 0 0)
(-8.399502156887549e-06 1.520594482581007e-05 2.398718451193003e-06)
(-6.492945498717461e-08 -2.754198620853547e-09 -1.386368273708485e-07)
(2.095024508109575e-06 -6.006121727272786e-06 5.163179795922354e-06)
(0 0 0)
(-5.405327444600228e-06 1.282607123536787e-05 -6.167182277747742e-06)
(2.446221256945558e-06 1.516780352797116e-06 -4.115181721039481e-07)
(4.241853001417219e-05 -7.464865311432295e-06 -1.819774518290953e-05)
(0 0 0)
(0 0 0)
(0 0 0)
(0 0 0)
(0 0 0)
(0 0 0)
(0 0 0)
(0 0 0)
(0 0 0)
(0 0 0)
(0 0 0)
(0 0 0)
(5.507537286698062e-07 1.286342300031765e-05 -1.503605140721315e-05)
(0 0 0)
(0 0 0)
(0 0 0)
(0 0 0)
(0 0 0)
(0 0 0)
(0 0 0)
(0 0 0)
(0 0 0)
(0 0 0)
(0 0 0)
(0 0 0)
(0 0 0)
(0 0 0)
(0 0 0)
(0 0 0)
(0 0 0)
(0 0 0)
(0 0 0)
(0 0 0)
(0 0 0)
(0 0 0)
(0 0 0)
(0 0 0)
(0 0 0)
(0 0 0)
(0 0 0)
(0 0 0)
(0 0 0)
(0 0 0)
(0 0 0)
(0 0 0)
(0 0 0)
(0 0 0)
(0 0 0)
(0 0 0)
(0 0 0)
(0 0 0)
(0 0 0)
(0 0 0)
(0 0 0)
(0 0 0)
(0 0 0)
(0 0 0)
(0 0 0)
(0 0 0)
(0 0 0)
(0 0 0)
(0 0 0)
(0 0 0)
(0 0 0)
(0 0 0)
(0 0 0)
(0 0 0)
(0 0 0)
(0 0 0)
(0 0 0)
(0 0 0)
(0 0 0)
(0 0 0)
(0 0 0)
(0 0 0)
(0 0 0)
(0 0 0)
(0 0 0)
(0 0 0)
(0 0 0)
(0 0 0)
(0 0 0)
(0 0 0)
(0 0 0)
(0 0 0)
(0 0 0)
(0 0 0)
(0 0 0)
(0 0 0)
(0 0 0)
(0 0 0)
(0 0 0)
(0 0 0)
(0 0 0)
(0 0 0)
(0 0 0)
(0 0 0)
(0 0 0)
(0 0 0)
(0 0 0)
(0 0 0)
(1.494098738755325e-05 -1.38949539210239e-05 7.717074299666408e-06)
(3.241899742182024e-05 -1.147361287870894e-05 -3.352053190413275e-06)
(5.864310194684211e-07 1.398126805536771e-05 -7.655384849161231e-06)
(-4.11883169535199e-06 9.397538300674934e-06 8.51949606399419e-06)
(0 0 0)
(0 0 0)
(0 0 0)
(0 0 0)
(0 0 0)
(0 0 0)
(0 0 0)
(0 0 0)
(9.014130741234966e-06 -1.032676891071556e-05 -3.545315760450875e-06)
(1.659112853815046e-05 -2.38601100335524e-06 3.219357221635039e-06)
(5.957337173913099e-06 -1.28981068113418e-05 5.867978394377556e-07)
(0 0 0)
(0 0 0)
(0 0 0)
(6.695947079908883e-06 -1.711550889009453e-05 -6.259217935528446e-06)
(4.690936591344421e-06 -1.02652379992094e-05 2.445606516792662e-06)
(0 0 0)
(0 0 0)
(0 0 0)
(0 0 0)
(0 0 0)
(0 0 0)
(0 0 0)
(0 0 0)
(0 0 0)
(0 0 0)
(0 0 0)
(0 0 0)
(0 0 0)
(0 0 0)
(0 0 0)
(0 0 0)
(0 0 0)
(0 0 0)
(0 0 0)
(0 0 0)
(0 0 0)
(0 0 0)
(0 0 0)
(0 0 0)
(0 0 0)
(0 0 0)
(0 0 0)
(0 0 0)
(0 0 0)
(0 0 0)
(0 0 0)
(0 0 0)
(0 0 0)
(0 0 0)
(0 0 0)
(0 0 0)
(0 0 0)
(0 0 0)
(0 0 0)
(0 0 0)
(0 0 0)
(0 0 0)
(-1.982091559620864e-06 8.849584093509531e-07 2.48660248892275e-09)
(0 0 0)
(0 0 0)
(0 0 0)
(0 0 0)
(0 0 0)
(0 0 0)
(0 0 0)
(0 0 0)
(0 0 0)
(0 0 0)
(0 0 0)
(0 0 0)
(0 0 0)
(-3.481725078582871e-07 9.233674288608941e-07 -7.720936125104776e-08)
(0 0 0)
(0 0 0)
(0 0 0)
(0 0 0)
(0 0 0)
(0 0 0)
(0 0 0)
(0 0 0)
(0 0 0)
(0 0 0)
(0 0 0)
(0 0 0)
(0 0 0)
(0 0 0)
(0 0 0)
(0 0 0)
(0 0 0)
(0 0 0)
(0 0 0)
(0 0 0)
(0 0 0)
(0 0 0)
(0 0 0)
(0 0 0)
(0 0 0)
(0 0 0)
(0 0 0)
(0 0 0)
(-7.18225523433417e-06 -6.102876741338176e-06 1.520532082957316e-06)
(-1.109348333374166e-06 6.125766500235349e-06 -3.077903176033999e-07)
(-8.33757920637318e-06 -1.81774395925532e-06 -3.769990865683928e-06)
(-1.636859664059664e-05 -2.275199106970651e-06 -6.274977164776056e-06)
(-6.337355602855124e-07 2.321134019976648e-06 3.246716474009055e-07)
(6.796500451258349e-06 -5.785869006332837e-05 -1.711333163147195e-05)
(5.271392017171651e-06 -2.40819651690053e-06 -6.371639790954053e-06)
(0 0 0)
(0 0 0)
(0 0 0)
(0 0 0)
(0 0 0)
(0 0 0)
(0 0 0)
(0 0 0)
(0 0 0)
(0 0 0)
(0 0 0)
(0 0 0)
(0 0 0)
(0 0 0)
(0 0 0)
(0 0 0)
(0 0 0)
(0 0 0)
(0 0 0)
(0 0 0)
(0 0 0)
(0 0 0)
(0 0 0)
(0 0 0)
(0 0 0)
(0 0 0)
(0 0 0)
(0 0 0)
(0 0 0)
(0 0 0)
(0 0 0)
(0 0 0)
(0 0 0)
(0 0 0)
(0 0 0)
(0 0 0)
(0 0 0)
(0 0 0)
(0 0 0)
(0 0 0)
(0 0 0)
(3.863887732699174e-06 -3.569769920446586e-07 -5.360545750957912e-06)
(0 0 0)
(0 0 0)
(0 0 0)
(0 0 0)
(0 0 0)
(0 0 0)
(0 0 0)
(0 0 0)
(0 0 0)
(0 0 0)
(0 0 0)
(0 0 0)
(0 0 0)
(0 0 0)
(0 0 0)
(0 0 0)
(0 0 0)
(0 0 0)
(0 0 0)
(0 0 0)
(0 0 0)
(0 0 0)
(0 0 0)
(0 0 0)
(0 0 0)
(0 0 0)
(0 0 0)
(0 0 0)
(0 0 0)
(0 0 0)
(0 0 0)
(0 0 0)
(0 0 0)
(0 0 0)
(0 0 0)
(0 0 0)
(0 0 0)
(0 0 0)
(0 0 0)
(0 0 0)
(0 0 0)
(0 0 0)
(0 0 0)
(0 0 0)
(0 0 0)
(0 0 0)
(0 0 0)
(0 0 0)
(0 0 0)
(0 0 0)
(0 0 0)
(0 0 0)
(-1.588973081340792e-05 3.867697851796971e-05 1.098042470029842e-05)
(0 0 0)
(0 0 0)
(0 0 0)
(0 0 0)
(0 0 0)
(0 0 0)
(0 0 0)
(0 0 0)
(0 0 0)
(0 0 0)
(0 0 0)
(0 0 0)
(0 0 0)
(0 0 0)
(0 0 0)
(0 0 0)
(0 0 0)
(0 0 0)
(0 0 0)
(0 0 0)
(0 0 0)
(0 0 0)
(0 0 0)
(0 0 0)
(0 0 0)
(0 0 0)
(0 0 0)
(0 0 0)
(0 0 0)
(0 0 0)
(0 0 0)
(0 0 0)
(0 0 0)
(0 0 0)
(0 0 0)
(0 0 0)
(0 0 0)
(0 0 0)
(0 0 0)
(0 0 0)
(0 0 0)
(0 0 0)
(0 0 0)
(0 0 0)
(0 0 0)
(0 0 0)
(0 0 0)
(0 0 0)
(0 0 0)
(0 0 0)
(0 0 0)
(0 0 0)
(0 0 0)
(0 0 0)
(0 0 0)
(0 0 0)
(0 0 0)
(0 0 0)
(0 0 0)
(0 0 0)
(0 0 0)
(0 0 0)
(0 0 0)
(0 0 0)
(0 0 0)
(0 0 0)
(0 0 0)
(0 0 0)
(0 0 0)
(0 0 0)
(0 0 0)
(0 0 0)
(0 0 0)
(0 0 0)
(0 0 0)
(0 0 0)
(0 0 0)
(0 0 0)
(0 0 0)
(0 0 0)
(0 0 0)
(0 0 0)
(0 0 0)
(0 0 0)
(0 0 0)
(0 0 0)
(0 0 0)
(-3.93020114611181e-06 -2.888761617262664e-05 -1.391880676971312e-05)
(2.994749111995335e-06 -2.177437078103505e-05 -2.029575886703528e-05)
(0 0 0)
(0 0 0)
(-2.926737529390172e-06 2.040953430160143e-05 -6.592105608365087e-06)
(0 0 0)
(0 0 0)
(0 0 0)
(0 0 0)
(-1.418331712859374e-06 3.764045168819225e-07 -2.359013403950298e-07)
(0 0 0)
(-2.086216631942911e-07 -2.290626350518514e-07 -7.11075727260514e-07)
(0 0 0)
(-5.088907310039571e-07 -1.832446483893344e-06 -2.280294726258795e-07)
(0 0 0)
(0 0 0)
(0 0 0)
(0 0 0)
(0 0 0)
(0 0 0)
(0 0 0)
(0 0 0)
(0 0 0)
(0 0 0)
(0 0 0)
(0 0 0)
(0 0 0)
(0 0 0)
(0 0 0)
(0 0 0)
(0 0 0)
(0 0 0)
(0 0 0)
(0 0 0)
(0 0 0)
(0 0 0)
(0 0 0)
(0 0 0)
(0 0 0)
(0 0 0)
(0 0 0)
(0 0 0)
(0 0 0)
(0 0 0)
(0 0 0)
(0 0 0)
(0 0 0)
(0 0 0)
(-9.794371680451412e-07 9.551853824739391e-07 -2.988167314934366e-06)
(0 0 0)
(0 0 0)
(0 0 0)
(0 0 0)
(0 0 0)
(0 0 0)
(0 0 0)
(0 0 0)
(0 0 0)
(0 0 0)
(0 0 0)
(0 0 0)
(0 0 0)
(0 0 0)
(0 0 0)
(0 0 0)
(0 0 0)
(0 0 0)
(0 0 0)
(0 0 0)
(0 0 0)
(0 0 0)
(0 0 0)
(-1.933612421730461e-05 1.880520078808374e-05 6.345080603832695e-06)
(0 0 0)
(0 0 0)
(0 0 0)
(0 0 0)
(0 0 0)
(0 0 0)
(0 0 0)
(0 0 0)
(0 0 0)
(0 0 0)
(0 0 0)
(0 0 0)
(0 0 0)
(0 0 0)
(0 0 0)
(0 0 0)
(0 0 0)
(0 0 0)
(0 0 0)
(0 0 0)
(0 0 0)
(0 0 0)
(0 0 0)
(0 0 0)
(0 0 0)
(0 0 0)
(0 0 0)
(0 0 0)
(0 0 0)
(0 0 0)
(0 0 0)
(0 0 0)
(0 0 0)
(0 0 0)
(0 0 0)
(0 0 0)
(0 0 0)
(0 0 0)
(0 0 0)
(0 0 0)
(0 0 0)
(0 0 0)
(0 0 0)
(0 0 0)
(0 0 0)
(0 0 0)
(0 0 0)
(0 0 0)
(0 0 0)
(0 0 0)
(0 0 0)
(0 0 0)
(0 0 0)
(0 0 0)
(0 0 0)
(0 0 0)
(0 0 0)
(0 0 0)
(0 0 0)
(0 0 0)
(0 0 0)
(0 0 0)
(0 0 0)
(0 0 0)
(0 0 0)
(0 0 0)
(0 0 0)
(0 0 0)
(0 0 0)
(0 0 0)
(0 0 0)
(0 0 0)
(0 0 0)
(0 0 0)
(0 0 0)
(0 0 0)
(0 0 0)
(-2.69313285191016e-06 -1.484465312068668e-05 -3.546401725594177e-06)
(-2.230398404296605e-05 4.049039181221041e-05 -3.197427319270898e-06)
(0 0 0)
(0 0 0)
(-1.725196180292767e-06 1.5396915983831e-05 2.299771536568237e-06)
(0 0 0)
(-3.656530374507766e-06 1.223254904746224e-05 9.544320499638302e-07)
(0 0 0)
(0 0 0)
(0 0 0)
(0 0 0)
(-4.087875212444687e-06 8.305736418471956e-06 2.927781207900067e-06)
(0 0 0)
(-2.407213091408409e-06 3.638235337740078e-06 1.064377895669614e-06)
(0 0 0)
(-1.45250294039849e-06 5.257244631020666e-06 -1.475099116659753e-06)
(1.634369674645906e-07 -1.361348427856009e-06 -1.260338226929453e-07)
(-5.290345495408962e-07 2.355726269131747e-07 -2.213827525533876e-07)
(0 0 0)
(0 0 0)
(0 0 0)
(0 0 0)
(0 0 0)
(0 0 0)
(0 0 0)
(0 0 0)
(0 0 0)
(0 0 0)
(0 0 0)
(0 0 0)
(0 0 0)
(0 0 0)
(0 0 0)
(0 0 0)
(0 0 0)
(0 0 0)
(0 0 0)
(0 0 0)
(0 0 0)
(0 0 0)
(0 0 0)
(0 0 0)
(0 0 0)
(0 0 0)
(0 0 0)
(0 0 0)
(0 0 0)
(0 0 0)
(0 0 0)
(0 0 0)
(0 0 0)
(0 0 0)
(0 0 0)
(0 0 0)
(0 0 0)
(0 0 0)
(0 0 0)
(0 0 0)
(0 0 0)
(0 0 0)
(0 0 0)
(0 0 0)
(0 0 0)
(0 0 0)
(0 0 0)
(0 0 0)
(0 0 0)
(0 0 0)
(0 0 0)
(0 0 0)
(0 0 0)
(0 0 0)
(0 0 0)
(0 0 0)
(0 0 0)
(0 0 0)
(5.055180889222458e-06 2.721465288622833e-06 2.606252654388604e-06)
(0 0 0)
(-3.466548604538746e-06 1.040908199095459e-05 -6.598109509587347e-06)
(3.511235305534933e-06 3.591295922713864e-05 -8.516635839617206e-06)
(7.538956786883187e-07 1.041515993241632e-05 7.723949150726344e-06)
(6.63537678383876e-06 -2.391887521454532e-05 -1.000266255686931e-06)
(0 0 0)
(0 0 0)
(0 0 0)
(0 0 0)
(0 0 0)
(0 0 0)
(0 0 0)
(0 0 0)
(0 0 0)
(0 0 0)
(0 0 0)
(0 0 0)
(0 0 0)
(0 0 0)
(0 0 0)
(0 0 0)
(0 0 0)
(0 0 0)
(0 0 0)
(0 0 0)
(0 0 0)
(0 0 0)
(0 0 0)
(0 0 0)
(0 0 0)
(0 0 0)
(0 0 0)
(0 0 0)
(0 0 0)
(0 0 0)
(0 0 0)
(0 0 0)
(0 0 0)
(0 0 0)
(0 0 0)
(0 0 0)
(0 0 0)
(0 0 0)
(0 0 0)
(0 0 0)
(0 0 0)
(0 0 0)
(0 0 0)
(0 0 0)
(0 0 0)
(0 0 0)
(0 0 0)
(0 0 0)
(0 0 0)
(0 0 0)
(0 0 0)
(0 0 0)
(0 0 0)
(0 0 0)
(0 0 0)
(0 0 0)
(0 0 0)
(0 0 0)
(0 0 0)
(0 0 0)
(-2.199743473461813e-06 1.10584785609535e-06 8.453740814481948e-08)
(0 0 0)
(0 0 0)
(0 0 0)
(0 0 0)
(0 0 0)
(0 0 0)
(0 0 0)
(0 0 0)
(0 0 0)
(0 0 0)
(0 0 0)
(0 0 0)
(0 0 0)
(0 0 0)
(0 0 0)
(0 0 0)
(0 0 0)
(0 0 0)
(0 0 0)
(0 0 0)
(0 0 0)
(0 0 0)
(0 0 0)
(0 0 0)
(0 0 0)
(0 0 0)
(0 0 0)
(0 0 0)
(0 0 0)
(0 0 0)
(0 0 0)
(0 0 0)
(0 0 0)
(0 0 0)
(0 0 0)
(0 0 0)
(0 0 0)
(0 0 0)
(0 0 0)
(0 0 0)
(0 0 0)
(0 0 0)
(0 0 0)
(0 0 0)
(0 0 0)
(0 0 0)
(0 0 0)
(0 0 0)
(0 0 0)
(0 0 0)
(0 0 0)
(0 0 0)
(0 0 0)
(0 0 0)
(0 0 0)
(0 0 0)
(0 0 0)
(0 0 0)
(0 0 0)
(0 0 0)
(0 0 0)
(0 0 0)
(0 0 0)
(0 0 0)
(0 0 0)
(0 0 0)
(0 0 0)
(0 0 0)
(0 0 0)
(0 0 0)
(0 0 0)
(0 0 0)
(0 0 0)
(0 0 0)
(0 0 0)
(0 0 0)
(0 0 0)
(0 0 0)
(0 0 0)
(0 0 0)
(0 0 0)
(0 0 0)
(0 0 0)
(0 0 0)
(0 0 0)
(0 0 0)
(0 0 0)
(0 0 0)
(0 0 0)
(0 0 0)
(0 0 0)
(0 0 0)
(0 0 0)
(0 0 0)
(0 0 0)
(0 0 0)
(0 0 0)
(0 0 0)
(0 0 0)
(0 0 0)
(0 0 0)
(0 0 0)
(0 0 0)
(0 0 0)
(0 0 0)
(0 0 0)
(0 0 0)
(0 0 0)
(0 0 0)
(0 0 0)
(0 0 0)
(0 0 0)
(0 0 0)
(0 0 0)
(0 0 0)
(0 0 0)
(0 0 0)
(0 0 0)
(0 0 0)
(0 0 0)
(0 0 0)
(0 0 0)
(0 0 0)
(0 0 0)
(0 0 0)
(0 0 0)
(0 0 0)
(0 0 0)
(0 0 0)
(0 0 0)
(0 0 0)
(6.539168144724872e-06 -1.016044556338778e-05 -3.633612199681588e-06)
(0 0 0)
(0 0 0)
(0 0 0)
(0 0 0)
(0 0 0)
(0 0 0)
(1.936597109399589e-05 -3.232756359923475e-05 -2.97253460836036e-06)
(-1.481984568786964e-05 7.664017329987601e-06 -1.938365873901056e-07)
(2.015509416606365e-05 -4.065675923753525e-05 -1.353892618578043e-05)
(-3.207125126308823e-06 1.084419585739368e-06 3.969092003290437e-06)
(-2.783038480604924e-06 1.35259016793915e-06 -8.658618131072459e-07)
(0 0 0)
(0 0 0)
(0 0 0)
(0 0 0)
(0 0 0)
(0 0 0)
(0 0 0)
(0 0 0)
(0 0 0)
(0 0 0)
(0 0 0)
(0 0 0)
(0 0 0)
(0 0 0)
(0 0 0)
(0 0 0)
(-1.360080864694698e-06 8.956155368027457e-07 -8.060612004158658e-08)
(-8.251509543786305e-06 1.102908041581591e-05 3.780305944013582e-07)
(0 0 0)
(0 0 0)
(0 0 0)
(0 0 0)
(0 0 0)
(0 0 0)
(0 0 0)
(0 0 0)
(0 0 0)
(0 0 0)
(0 0 0)
(0 0 0)
(0 0 0)
(0 0 0)
(0 0 0)
(0 0 0)
(0 0 0)
(0 0 0)
(0 0 0)
(0 0 0)
(0 0 0)
(0 0 0)
(0 0 0)
(0 0 0)
(0 0 0)
(0 0 0)
(0 0 0)
(0 0 0)
(0 0 0)
(0 0 0)
(0 0 0)
(0 0 0)
(0 0 0)
(0 0 0)
(0 0 0)
(0 0 0)
(0 0 0)
(0 0 0)
(0 0 0)
(0 0 0)
(0 0 0)
(0 0 0)
(0 0 0)
(0 0 0)
(0 0 0)
(0 0 0)
(0 0 0)
(0 0 0)
(0 0 0)
(0 0 0)
(0 0 0)
(0 0 0)
(0 0 0)
(0 0 0)
(0 0 0)
(0 0 0)
(0 0 0)
(0 0 0)
(0 0 0)
(0 0 0)
(0 0 0)
(0 0 0)
(0 0 0)
(0 0 0)
(0 0 0)
(0 0 0)
(0 0 0)
(0 0 0)
(0 0 0)
(0 0 0)
(0 0 0)
(0 0 0)
(0 0 0)
(0 0 0)
(0 0 0)
(0 0 0)
(0 0 0)
(0 0 0)
(0 0 0)
(0 0 0)
(0 0 0)
(0 0 0)
(0 0 0)
(0 0 0)
(0 0 0)
(0 0 0)
(0 0 0)
(0 0 0)
(0 0 0)
(0 0 0)
(0 0 0)
(0 0 0)
(0 0 0)
(0 0 0)
(0 0 0)
(0 0 0)
(0 0 0)
(0 0 0)
(0 0 0)
(0 0 0)
(0 0 0)
(0 0 0)
(0 0 0)
(0 0 0)
(0 0 0)
(0 0 0)
(0 0 0)
(0 0 0)
(0 0 0)
(0 0 0)
(0 0 0)
(0 0 0)
(0 0 0)
(0 0 0)
(0 0 0)
(0 0 0)
(0 0 0)
(0 0 0)
(0 0 0)
(0 0 0)
(-2.063800511007483e-06 1.661166342444326e-06 -2.566777700699449e-07)
(0 0 0)
(0 0 0)
(0 0 0)
(0 0 0)
(0 0 0)
(0 0 0)
(0 0 0)
(0 0 0)
(0 0 0)
(0 0 0)
(0 0 0)
(0 0 0)
(0 0 0)
(0 0 0)
(0 0 0)
(0 0 0)
(0 0 0)
(0 0 0)
(0 0 0)
(0 0 0)
(0 0 0)
(0 0 0)
(0 0 0)
(0 0 0)
(0 0 0)
(0 0 0)
(0 0 0)
(0 0 0)
(0 0 0)
(0 0 0)
(0 0 0)
(0 0 0)
(0 0 0)
(0 0 0)
(0 0 0)
(0 0 0)
(0 0 0)
(0 0 0)
(0 0 0)
(0 0 0)
(0 0 0)
(0 0 0)
(0 0 0)
(0 0 0)
(0 0 0)
(0 0 0)
(-4.650763248359217e-06 -6.195053553936761e-07 -9.911603830587401e-07)
(0 0 0)
(0 0 0)
(-9.086132875530181e-07 -2.153952770640211e-06 8.159615282963818e-08)
(0 0 0)
(0 0 0)
(0 0 0)
(0 0 0)
(0 0 0)
(0 0 0)
(0 0 0)
(0 0 0)
(0 0 0)
(0 0 0)
(0 0 0)
(0 0 0)
(0 0 0)
(0 0 0)
(0 0 0)
(0 0 0)
(0 0 0)
(0 0 0)
(0 0 0)
(0 0 0)
(0 0 0)
(0 0 0)
(0 0 0)
(0 0 0)
(0 0 0)
(-1.2026345547948e-06 1.103958780317828e-06 -7.846047409600533e-07)
(0 0 0)
(0 0 0)
(0 0 0)
(0 0 0)
(0 0 0)
(0 0 0)
(0 0 0)
(0 0 0)
(0 0 0)
(0 0 0)
(0 0 0)
(0 0 0)
(0 0 0)
(0 0 0)
(0 0 0)
(0 0 0)
(0 0 0)
(7.122485754279412e-07 3.161659169013201e-06 2.974510075921073e-06)
(0 0 0)
(-9.885543139776018e-06 3.393627125120405e-05 1.822703262760507e-05)
(6.31289624995887e-06 2.065006390514321e-05 4.121265030958808e-06)
(-2.555554146143435e-07 -5.464904727333038e-05 -9.082578525862859e-06)
(-2.82660102877079e-06 6.037217056524881e-07 5.749548557813683e-07)
(1.058414075792067e-05 -2.544816257331829e-05 -3.491971094336792e-06)
(-2.619981589157126e-05 7.325090894774489e-06 1.766941953413595e-06)
(-5.141458742228837e-06 7.43049952894973e-07 -2.37894385507033e-06)
(-1.434920636620523e-05 1.262079722359205e-05 1.051724070330396e-07)
(-2.213784483890596e-05 8.970817802460561e-06 -5.499575602100759e-06)
(-4.09916686806124e-06 2.741912629175675e-06 -1.399632348174348e-06)
(0 0 0)
(-1.852774766647984e-05 8.045828817330703e-06 4.080553292866334e-06)
(3.110061515978922e-06 4.791440323281819e-06 6.868619834406796e-06)
(0 0 0)
(0 0 0)
(-1.482296743678618e-05 8.814144605580125e-06 2.194632556970412e-06)
(-8.073807933155963e-06 4.363347590072306e-06 3.055919145402103e-06)
(6.945687527441114e-06 -7.42855640456929e-07 -8.890218219611013e-07)
(-6.390010463900186e-06 2.407374239921491e-05 6.21763398470412e-06)
(1.047102324373042e-05 -7.313297772157335e-07 -6.244144122452484e-06)
(-6.618236425732361e-07 2.103327567019244e-06 7.356363126418201e-07)
(0 0 0)
(1.946656601492877e-06 -1.286965659936048e-06 -7.392045565003731e-07)
(1.566016302617151e-05 -9.718786470425519e-06 -6.291672807172726e-06)
(-5.60974596096352e-06 3.929454801093564e-06 5.394389907554529e-09)
(-2.657103526104171e-05 1.454259130317667e-05 6.353599425682347e-07)
(-9.392880083617944e-06 5.764796970180778e-06 -1.35475074558136e-06)
(-6.379106659760401e-06 8.947866763041716e-06 -2.495651120142281e-06)
(2.408972504606757e-05 -5.876801719497764e-06 -4.283521286635349e-06)
(-1.602948514447582e-05 1.673825684492094e-05 3.237543019941309e-06)
(2.919359217975717e-05 -1.815960533408746e-06 -6.687631542104816e-07)
(-2.184247664033644e-05 2.45925323430468e-05 6.978824882293995e-06)
(6.536978436342522e-09 3.049349310205628e-07 -1.105133493078506e-06)
(-5.069508199155607e-06 1.741088016480008e-07 -1.198942868818614e-06)
(4.67175884304544e-06 7.351418190376981e-07 -4.540699371505839e-07)
(1.306418278036849e-06 4.514966282706114e-08 -7.546625493773871e-07)
(0 0 0)
(0 0 0)
(0 0 0)
(-9.279238179747186e-07 -6.545788186653807e-07 -4.375697601618695e-08)
(2.823384344943405e-06 9.520408696129463e-07 -6.397551116059891e-07)
(0 0 0)
(0 0 0)
(0 0 0)
(-6.513899487941106e-06 -9.916823317386372e-07 -2.716996463234011e-06)
(0 0 0)
(0 0 0)
(1.430314414323317e-06 1.458252111539502e-06 1.468130629542116e-06)
(0 0 0)
(0 0 0)
(-2.199441285515949e-07 -1.800897116021418e-07 -3.269934434997372e-06)
(-1.542185479275889e-05 1.718428132180188e-06 -1.803721296912977e-06)
(0 0 0)
(0 0 0)
(0 0 0)
(0 0 0)
(0 0 0)
(0 0 0)
(0 0 0)
(0 0 0)
(-1.352759336540835e-05 7.470301507429121e-07 3.414413500140852e-06)
(0 0 0)
(0 0 0)
(0 0 0)
(0 0 0)
(0 0 0)
(0 0 0)
(0 0 0)
(0 0 0)
(0 0 0)
(0 0 0)
(-9.237958433461024e-06 7.247734493275359e-07 3.186494818292015e-06)
(4.07674402301966e-06 1.218399140079136e-06 -2.778897149544162e-06)
(1.983911513528682e-05 4.705460849444457e-06 -8.1673667369442e-06)
(2.822815156968022e-05 5.166861538478578e-06 -3.060129885499988e-06)
(0 0 0)
(-5.451391104532606e-06 -1.114686344762672e-07 -4.882590564469728e-09)
(0 0 0)
(0 0 0)
(0 0 0)
(0 0 0)
(0 0 0)
(0 0 0)
(0 0 0)
(1.725544635295422e-05 -9.040485627076735e-07 -2.072631556349066e-06)
(8.624719310852721e-06 8.255111195873227e-07 -3.288807454195032e-06)
(-8.000529634562492e-06 8.251303422576704e-06 2.910801304096904e-06)
(0 0 0)
(0 0 0)
(-2.386189967256729e-06 9.603969067493247e-07 -5.867004258386439e-07)
(0 0 0)
(0 0 0)
(0 0 0)
(-6.722769696159924e-06 3.445768995257065e-06 -6.473444705092051e-07)
(-1.164575288263281e-06 9.381567743378879e-07 -4.680374051405778e-08)
(7.836036577760322e-07 2.524483171807393e-05 3.038644252596752e-06)
(2.007431676183064e-05 1.125115421513614e-06 -2.720296227838039e-06)
(0 0 0)
(0 0 0)
(0 0 0)
(0 0 0)
(0 0 0)
(0 0 0)
(1.956741152311022e-05 -2.43124136885249e-06 1.540672445702808e-07)
(0 0 0)
(0 0 0)
(0 0 0)
(3.495828012885843e-07 2.7171315062842e-06 -3.017856469706029e-07)
(0 0 0)
(0 0 0)
(0 0 0)
(1.263414985941191e-05 -2.050787105255336e-06 -2.467472443257622e-06)
(6.58508566505349e-06 -1.204523293430208e-06 -1.097785299972487e-07)
(1.002512069972636e-05 -2.692326131912757e-06 -4.441460801516261e-06)
(-7.717266808651651e-06 4.760450204390775e-07 6.149996784883441e-06)
(0 0 0)
(0 0 0)
(0 0 0)
(0 0 0)
(0 0 0)
(0 0 0)
(0 0 0)
(0 0 0)
(0 0 0)
(0 0 0)
(0 0 0)
(0 0 0)
(-1.067926436970375e-06 6.253774344854782e-06 4.211827002813539e-07)
(1.265218277545249e-05 -6.38946643633731e-06 -2.338992151527575e-06)
(1.636383302888639e-05 -5.317596194605408e-06 -5.910571317362983e-06)
(-4.477740008639139e-07 9.231379502197347e-07 -1.609117165234314e-07)
(2.61910372108337e-06 -1.587682175052213e-06 -2.929563020723344e-06)
(-1.530326357128155e-05 1.436033481953977e-05 -7.023687053404257e-06)
(-1.531185638202225e-06 1.730123117879553e-06 -2.677838985155604e-07)
(0 0 0)
(0 0 0)
(0 0 0)
(0 0 0)
(0 0 0)
(0 0 0)
(0 0 0)
(0 0 0)
(0 0 0)
(0 0 0)
(0 0 0)
(0 0 0)
(0 0 0)
(0 0 0)
(0 0 0)
(0 0 0)
(8.795074160553842e-07 1.117971958547986e-06 -1.535605027425717e-07)
(0 0 0)
(0 0 0)
(0 0 0)
(0 0 0)
(0 0 0)
(0 0 0)
(0 0 0)
(0 0 0)
(0 0 0)
(0 0 0)
(0 0 0)
(0 0 0)
(0 0 0)
(0 0 0)
(0 0 0)
(1.919543270861012e-06 1.352514731937877e-06 -4.499450016019264e-07)
(0 0 0)
(0 0 0)
(0 0 0)
(0 0 0)
(0 0 0)
(0 0 0)
(0 0 0)
(0 0 0)
(0 0 0)
(0 0 0)
(0 0 0)
(0 0 0)
(0 0 0)
(0 0 0)
(-9.844698464425448e-06 -1.011660306860008e-05 4.259930481752262e-06)
(0 0 0)
(0 0 0)
(0 0 0)
(-5.072996244361068e-06 -1.392763842323191e-06 -1.341483671267499e-06)
(0 0 0)
(0 0 0)
(0 0 0)
(0 0 0)
(0 0 0)
(0 0 0)
(0 0 0)
(0 0 0)
(0 0 0)
(0 0 0)
(1.870325561321802e-05 6.625949571606492e-07 -1.532596677708295e-06)
(0 0 0)
(0 0 0)
(2.793177566310025e-06 -3.796925875758214e-06 -6.123915870570829e-06)
(0 0 0)
(0 0 0)
(0 0 0)
(0 0 0)
(1.27929499099226e-06 -4.11014377011376e-06 -1.359608699107831e-06)
(4.948587740662542e-06 1.914619269779171e-08 -4.281162215512357e-06)
(0 0 0)
(0 0 0)
(-7.026351659312077e-07 1.257934943566332e-06 2.030126188379445e-07)
(0 0 0)
(0 0 0)
(0 0 0)
(0 0 0)
(0 0 0)
(0 0 0)
(0 0 0)
(0 0 0)
(0 0 0)
(0 0 0)
(0 0 0)
(0 0 0)
(0 0 0)
(0 0 0)
(0 0 0)
(0 0 0)
(0 0 0)
(5.496003803449065e-07 -1.753752852126042e-07 -1.862445348756445e-07)
(0 0 0)
(0 0 0)
(0 0 0)
(2.775700957261377e-06 6.607319237264233e-07 -2.168936988180673e-06)
(1.469536900981907e-05 -3.48772026216188e-06 -9.11157298348671e-06)
(0 0 0)
(0 0 0)
(0 0 0)
(0 0 0)
(2.610127325960902e-07 -1.377468080744097e-07 -2.544067239581945e-07)
(0 0 0)
(-2.532728968747092e-06 5.39181875996862e-07 1.145559499261683e-06)
(1.935509937544383e-05 2.093432917445339e-06 -6.741093076319951e-06)
(0 0 0)
(0 0 0)
(-5.177755629936839e-06 7.789575850291323e-06 -9.516908958168567e-06)
(2.269870762675842e-06 1.877370167234535e-06 -1.867105796596726e-07)
(-7.69043247588199e-07 -7.546136865573296e-06 -7.045738575986216e-06)
(-5.125324240894856e-06 1.572536997667486e-05 2.442051018061488e-06)
(9.859129780140319e-07 2.476001914988025e-05 -1.141851201386304e-06)
(0 0 0)
(0 0 0)
(0 0 0)
(0 0 0)
(0 0 0)
(0 0 0)
(0 0 0)
(0 0 0)
(0 0 0)
(0 0 0)
(0 0 0)
(0 0 0)
(0 0 0)
(0 0 0)
(0 0 0)
(0 0 0)
(0 0 0)
(0 0 0)
(0 0 0)
(0 0 0)
(0 0 0)
(0 0 0)
(0 0 0)
(0 0 0)
(0 0 0)
(0 0 0)
(0 0 0)
(0 0 0)
(0 0 0)
(0 0 0)
(0 0 0)
(0 0 0)
(0 0 0)
(0 0 0)
(0 0 0)
(0 0 0)
(0 0 0)
(0 0 0)
(0 0 0)
(0 0 0)
(0 0 0)
(0 0 0)
(0 0 0)
(0 0 0)
(0 0 0)
(0 0 0)
(0 0 0)
(0 0 0)
(0 0 0)
(0 0 0)
(0 0 0)
(0 0 0)
(0 0 0)
(0 0 0)
(0 0 0)
(0 0 0)
(0 0 0)
(0 0 0)
(0 0 0)
(0 0 0)
(0 0 0)
(0 0 0)
(0 0 0)
(0 0 0)
(0 0 0)
(0 0 0)
(0 0 0)
(0 0 0)
(0 0 0)
(0 0 0)
(0 0 0)
(0 0 0)
(0 0 0)
(0 0 0)
(0 0 0)
(0 0 0)
(0 0 0)
(0 0 0)
(0 0 0)
(0 0 0)
(0 0 0)
(0 0 0)
(0 0 0)
(0 0 0)
(0 0 0)
(0 0 0)
(0 0 0)
(0 0 0)
(0 0 0)
(0 0 0)
(0 0 0)
(0 0 0)
(0 0 0)
(0 0 0)
(0 0 0)
(0 0 0)
(0 0 0)
(0 0 0)
(0 0 0)
(0 0 0)
(0 0 0)
(0 0 0)
(0 0 0)
(0 0 0)
(0 0 0)
(0 0 0)
(0 0 0)
(1.322081481974989e-05 -4.00780331757261e-06 -3.548313487002968e-06)
(2.705938926587581e-05 -2.223693241073441e-05 -3.44508491175771e-06)
(7.947268302728709e-06 -9.439326785302786e-07 -3.761958696139425e-06)
(-1.266692787937254e-05 3.512611217754095e-06 4.729724766408249e-06)
(6.903139311209111e-06 -4.698917007192979e-06 -7.80049297401946e-06)
(0 0 0)
(0 0 0)
(0 0 0)
(0 0 0)
(0 0 0)
(0 0 0)
(0 0 0)
(0 0 0)
(0 0 0)
(0 0 0)
(0 0 0)
(0 0 0)
(0 0 0)
(0 0 0)
(0 0 0)
(0 0 0)
(0 0 0)
(0 0 0)
(0 0 0)
(0 0 0)
(0 0 0)
(0 0 0)
(0 0 0)
(0 0 0)
(0 0 0)
(0 0 0)
(0 0 0)
(0 0 0)
(0 0 0)
(0 0 0)
(0 0 0)
(0 0 0)
(0 0 0)
(0 0 0)
(0 0 0)
(0 0 0)
(0 0 0)
(0 0 0)
(0 0 0)
(1.90215525913681e-06 4.698021467948925e-07 -1.573961576363579e-06)
(2.844448435453469e-06 -4.187379402750462e-06 2.754443444963218e-07)
(0 0 0)
(0 0 0)
(2.463125162449349e-06 -3.132272684922041e-06 7.869918633070612e-07)
(-1.785971338162797e-06 -2.732350954788132e-06 1.974739566320209e-08)
(7.890913296216918e-06 -9.15694365491484e-06 -8.677875233071492e-06)
(0 0 0)
(0 0 0)
(0 0 0)
(0 0 0)
(0 0 0)
(8.855951554299458e-06 5.37026597224061e-07 -6.250531486565874e-06)
(-7.344327160690115e-06 1.039187810033113e-05 -3.83827204217451e-06)
(2.236204910268725e-05 -1.87578117689843e-05 -3.597570669501866e-06)
(-1.548029721457345e-07 1.858400627513458e-06 9.37473758012455e-07)
(8.696122882761252e-06 -8.016883239166574e-06 -2.528933143810845e-06)
(5.561880857560576e-06 -5.508237866465578e-06 -3.598818226643576e-06)
(0 0 0)
(0 0 0)
(0 0 0)
(0 0 0)
(0 0 0)
(0 0 0)
(0 0 0)
(0 0 0)
(0 0 0)
(0 0 0)
(0 0 0)
(0 0 0)
(0 0 0)
(0 0 0)
(0 0 0)
(0 0 0)
(0 0 0)
(0 0 0)
(0 0 0)
(0 0 0)
(0 0 0)
(0 0 0)
(0 0 0)
(0 0 0)
(0 0 0)
(0 0 0)
(0 0 0)
(0 0 0)
(0 0 0)
(0 0 0)
(0 0 0)
(0 0 0)
(0 0 0)
(0 0 0)
(0 0 0)
(0 0 0)
(0 0 0)
(0 0 0)
(0 0 0)
(0 0 0)
(0 0 0)
(0 0 0)
(0 0 0)
(0 0 0)
(0 0 0)
(0 0 0)
(0 0 0)
(0 0 0)
(0 0 0)
(0 0 0)
(0 0 0)
(0 0 0)
(0 0 0)
(0 0 0)
(0 0 0)
(0 0 0)
(0 0 0)
(0 0 0)
(0 0 0)
(0 0 0)
(0 0 0)
(0 0 0)
(0 0 0)
(0 0 0)
(-8.49005238620347e-06 8.170204239018063e-06 1.989353216178083e-06)
(-1.015488616566831e-05 1.356463984529412e-05 2.636270299771225e-06)
(0 0 0)
(0 0 0)
(0 0 0)
(0 0 0)
(0 0 0)
(0 0 0)
(0 0 0)
(0 0 0)
(0 0 0)
(0 0 0)
(0 0 0)
(0 0 0)
(0 0 0)
(0 0 0)
(0 0 0)
(0 0 0)
(0 0 0)
(0 0 0)
(0 0 0)
(0 0 0)
(0 0 0)
(0 0 0)
(0 0 0)
(0 0 0)
(0 0 0)
(0 0 0)
(0 0 0)
(0 0 0)
(0 0 0)
(0 0 0)
(0 0 0)
(0 0 0)
(0 0 0)
(0 0 0)
(0 0 0)
(0 0 0)
(0 0 0)
(0 0 0)
(0 0 0)
(0 0 0)
(0 0 0)
(0 0 0)
(0 0 0)
(0 0 0)
(0 0 0)
(0 0 0)
(0 0 0)
(3.347405553491604e-06 -1.902939631210695e-06 -1.443950419014715e-06)
(6.17805056853304e-06 -7.051451781679075e-06 -6.722648114386956e-07)
(0 0 0)
(0 0 0)
(0 0 0)
(0 0 0)
(0 0 0)
(0 0 0)
(0 0 0)
(0 0 0)
(0 0 0)
(0 0 0)
(0 0 0)
(0 0 0)
(0 0 0)
(0 0 0)
(0 0 0)
(0 0 0)
(0 0 0)
(0 0 0)
(0 0 0)
(1.867242706599522e-07 1.213438936005708e-05 -7.163505635367257e-06)
(5.215326198961859e-06 -3.612261435772799e-06 -3.626101708338168e-06)
(-1.258021354685155e-05 -5.55398391295988e-06 -4.943194431345751e-06)
(0 0 0)
(0 0 0)
(0 0 0)
(0 0 0)
(0 0 0)
(0 0 0)
(0 0 0)
(0 0 0)
(0 0 0)
(0 0 0)
(0 0 0)
(0 0 0)
(0 0 0)
(-4.129242386144326e-06 -4.839740011018864e-07 5.961069024843256e-07)
(0 0 0)
(0 0 0)
(0 0 0)
(0 0 0)
(-1.852645243869679e-05 7.749593864445257e-06 4.962205095638602e-06)
(0 0 0)
(0 0 0)
(0 0 0)
(-4.891258360809824e-06 7.072763753887913e-06 1.94897443618508e-06)
(0 0 0)
(0 0 0)
(0 0 0)
(0 0 0)
(0 0 0)
(0 0 0)
(0 0 0)
(0 0 0)
(0 0 0)
(0 0 0)
(0 0 0)
(0 0 0)
(0 0 0)
(0 0 0)
(0 0 0)
(0 0 0)
(0 0 0)
(0 0 0)
(0 0 0)
(0 0 0)
(0 0 0)
(0 0 0)
(0 0 0)
(0 0 0)
(0 0 0)
(0 0 0)
(0 0 0)
(0 0 0)
(0 0 0)
(0 0 0)
(0 0 0)
(0 0 0)
(0 0 0)
(0 0 0)
(0 0 0)
(0 0 0)
(0 0 0)
(0 0 0)
(0 0 0)
(0 0 0)
(0 0 0)
(0 0 0)
(0 0 0)
(0 0 0)
(0 0 0)
(0 0 0)
(0 0 0)
(0 0 0)
(0 0 0)
(0 0 0)
(0 0 0)
(0 0 0)
(0 0 0)
(0 0 0)
(0 0 0)
(0 0 0)
(0 0 0)
(0 0 0)
(0 0 0)
(0 0 0)
(0 0 0)
(0 0 0)
(0 0 0)
(0 0 0)
(0 0 0)
(0 0 0)
(0 0 0)
(0 0 0)
(0 0 0)
(0 0 0)
(0 0 0)
(0 0 0)
(0 0 0)
(0 0 0)
(0 0 0)
(0 0 0)
(0 0 0)
(0 0 0)
(0 0 0)
(0 0 0)
(0 0 0)
(0 0 0)
(0 0 0)
(0 0 0)
(0 0 0)
(0 0 0)
(0 0 0)
(0 0 0)
(0 0 0)
(0 0 0)
(0 0 0)
(0 0 0)
(0 0 0)
(0 0 0)
(0 0 0)
(0 0 0)
(0 0 0)
(0 0 0)
(0 0 0)
(0 0 0)
(1.366250869662261e-05 -1.341677618845574e-05 -9.470222901578553e-07)
(4.762909034654533e-06 -1.289724650690706e-05 1.642012966869297e-06)
(0 0 0)
(0 0 0)
(0 0 0)
(0 0 0)
(0 0 0)
(0 0 0)
(0 0 0)
(0 0 0)
(-4.696793760070623e-06 1.44498507728788e-05 5.23591815730683e-06)
(2.200445143477319e-05 -1.071922183839667e-05 -7.836001498917226e-06)
(0 0 0)
(0 0 0)
(-4.960890320392042e-06 1.393112211032445e-05 -5.379631905209311e-06)
(-2.505055962086527e-06 4.160839648905653e-06 -4.414481378309843e-06)
(3.195085313561024e-06 2.377422149332809e-06 8.746994564163569e-08)
(0 0 0)
(0 0 0)
(0 0 0)
(0 0 0)
(0 0 0)
(-9.192963641329426e-06 6.986922166902334e-06 1.107310438401847e-06)
(-1.230924964849953e-06 2.888093819541844e-07 2.982047658698965e-06)
(-1.193325116531329e-05 1.601215044675896e-05 -4.974283253622292e-08)
(0 0 0)
(0 0 0)
(0 0 0)
(0 0 0)
(0 0 0)
(0 0 0)
(0 0 0)
(0 0 0)
(0 0 0)
(0 0 0)
(0 0 0)
(0 0 0)
(0 0 0)
(0 0 0)
(0 0 0)
(0 0 0)
(0 0 0)
(0 0 0)
(0 0 0)
(0 0 0)
(0 0 0)
(0 0 0)
(0 0 0)
(0 0 0)
(0 0 0)
(0 0 0)
(0 0 0)
(0 0 0)
(0 0 0)
(0 0 0)
(0 0 0)
(0 0 0)
(0 0 0)
(2.374657799895473e-06 -7.865185161437796e-06 -1.274019448170481e-05)
(0 0 0)
(-1.102175605435823e-05 9.179585362973148e-06 1.505021294529947e-06)
(5.211801773173109e-06 -7.015677045452671e-06 -6.08568357275752e-06)
(-2.604257661510999e-05 3.327858463217231e-05 1.662786766427821e-05)
(0 0 0)
(-1.203089059486883e-07 -2.246076458767583e-07 -1.302405878985757e-07)
(0 0 0)
(0 0 0)
(0 0 0)
(0 0 0)
(0 0 0)
(8.139342445546764e-06 -6.327195617518839e-06 -1.269082950113329e-06)
(0 0 0)
(0 0 0)
(0 0 0)
(0 0 0)
(0 0 0)
(0 0 0)
(0 0 0)
(0 0 0)
(0 0 0)
(0 0 0)
(0 0 0)
(0 0 0)
(0 0 0)
(0 0 0)
(0 0 0)
(0 0 0)
(0 0 0)
(0 0 0)
(0 0 0)
(0 0 0)
(0 0 0)
(0 0 0)
(0 0 0)
(0 0 0)
(0 0 0)
(0 0 0)
(0 0 0)
(0 0 0)
(0 0 0)
(0 0 0)
(0 0 0)
(0 0 0)
(0 0 0)
(0 0 0)
(0 0 0)
(0 0 0)
(0 0 0)
(0 0 0)
(0 0 0)
(0 0 0)
(3.062612941057936e-05 -2.03555915896688e-05 -7.765404717855119e-07)
(-1.412588796691972e-05 1.36525117533845e-05 1.320618563183673e-05)
(1.461827818802939e-05 -8.104780270956655e-06 -2.189790487506594e-06)
(2.973241236438161e-05 -1.744625557091758e-05 1.791134457164276e-06)
(0 0 0)
(0 0 0)
(0 0 0)
(0 0 0)
(0 0 0)
(0 0 0)
(0 0 0)
(0 0 0)
(0 0 0)
(-1.512482119525016e-05 2.894055250613778e-05 4.756336499068287e-07)
(0 0 0)
(6.73176243096814e-07 1.47011458429954e-06 -1.436392235842463e-07)
(-1.007637621157492e-05 -2.188973135819122e-05 -1.571682228422918e-05)
(0 0 0)
(0 0 0)
(0 0 0)
(0 0 0)
(-2.141105478070515e-05 4.312543314153744e-05 3.972020996892832e-06)
(0 0 0)
(0 0 0)
(0 0 0)
(-3.564590587032826e-05 7.57104850124437e-06 5.394796145264314e-06)
(-9.55187299366903e-06 -7.161237792114098e-07 2.474092184952137e-06)
(1.675088218227075e-06 3.581837909113233e-06 1.307069052226449e-05)
(0 0 0)
(-2.905465756433268e-05 7.163324084930388e-05 -5.238801607682681e-06)
(0 0 0)
(0 0 0)
(0 0 0)
(-5.844232373154695e-06 1.210373324047173e-05 -1.248494829118848e-05)
(1.591734008229828e-05 1.953636226489062e-05 -1.190164992941155e-05)
(2.948250226547676e-05 1.799406824766494e-05 -4.718451121227954e-06)
(1.204089307223805e-05 1.694594693206877e-06 -3.295609635823414e-07)
(-3.687913627378747e-06 6.748437845183532e-06 -2.353212737130391e-06)
(1.379448373878994e-05 7.484350630794149e-07 -2.093198252102502e-06)
(-2.019105706748685e-05 -4.860944564607282e-06 -4.702304103578019e-07)
(2.15666291949271e-05 -5.774202964438219e-06 -1.24150774633021e-06)
(0 0 0)
(0 0 0)
(0 0 0)
(2.238853678081269e-05 -3.931661492115235e-05 -7.977159143635849e-06)
(0 0 0)
(0 0 0)
(0 0 0)
(0 0 0)
(0 0 0)
(0 0 0)
(0 0 0)
(0 0 0)
(0 0 0)
(0 0 0)
(0 0 0)
(0 0 0)
(0 0 0)
(0 0 0)
(0 0 0)
(0 0 0)
(0 0 0)
(0 0 0)
(0 0 0)
(0 0 0)
(0 0 0)
(0 0 0)
(0 0 0)
(0 0 0)
(0 0 0)
(0 0 0)
(0 0 0)
(0 0 0)
(0 0 0)
(0 0 0)
(0 0 0)
(0 0 0)
(0 0 0)
(0 0 0)
(0 0 0)
(0 0 0)
(0 0 0)
(0 0 0)
(0 0 0)
(0 0 0)
(0 0 0)
(0 0 0)
(0 0 0)
(0 0 0)
(0 0 0)
(0 0 0)
(0 0 0)
(0 0 0)
(0 0 0)
(0 0 0)
(0 0 0)
(0 0 0)
(0 0 0)
(0 0 0)
(0 0 0)
(0 0 0)
(0 0 0)
(0 0 0)
(0 0 0)
(0 0 0)
(0 0 0)
(0 0 0)
(0 0 0)
(0 0 0)
(0 0 0)
(0 0 0)
(0 0 0)
(0 0 0)
(0 0 0)
(0 0 0)
(0 0 0)
(0 0 0)
(0 0 0)
(0 0 0)
(0 0 0)
(0 0 0)
(0 0 0)
(0 0 0)
(0 0 0)
(0 0 0)
(0 0 0)
(0 0 0)
(0 0 0)
(0 0 0)
(0 0 0)
(0 0 0)
(0 0 0)
(0 0 0)
(0 0 0)
(0 0 0)
(0 0 0)
(0 0 0)
(0 0 0)
(0 0 0)
(0 0 0)
(0 0 0)
(0 0 0)
(0 0 0)
(0 0 0)
(0 0 0)
(0 0 0)
(0 0 0)
(0 0 0)
(0 0 0)
(0 0 0)
(0 0 0)
(0 0 0)
(0 0 0)
(0 0 0)
(0 0 0)
(0 0 0)
(0 0 0)
(0 0 0)
(0 0 0)
(0 0 0)
(0 0 0)
(0 0 0)
(0 0 0)
(0 0 0)
(0 0 0)
(0 0 0)
(0 0 0)
(0 0 0)
(0 0 0)
(0 0 0)
(0 0 0)
(0 0 0)
(0 0 0)
(0 0 0)
(0 0 0)
(-9.359139585445391e-06 5.626553980422529e-06 2.469470756960053e-06)
(0 0 0)
(0 0 0)
(0 0 0)
(0 0 0)
(0 0 0)
(0 0 0)
(0 0 0)
(0 0 0)
(2.074811967994889e-06 -2.515809084690572e-08 -2.887581102344787e-07)
(0 0 0)
(0 0 0)
(0 0 0)
(0 0 0)
(0 0 0)
(0 0 0)
(0 0 0)
(0 0 0)
(0 0 0)
(0 0 0)
(0 0 0)
(9.785054833935878e-06 -1.458467669318935e-05 -3.640043377445981e-06)
(0 0 0)
(2.969132124141218e-06 -7.974026572054727e-07 1.142759172249549e-08)
(0 0 0)
(0 0 0)
(0 0 0)
(0 0 0)
(0 0 0)
(0 0 0)
(0 0 0)
(0 0 0)
(0 0 0)
(0 0 0)
(0 0 0)
(0 0 0)
(0 0 0)
(0 0 0)
(0 0 0)
(0 0 0)
(0 0 0)
(0 0 0)
(0 0 0)
(0 0 0)
(0 0 0)
(-3.173627924741973e-06 7.558055979804123e-06 1.559008113657445e-06)
(0 0 0)
(0 0 0)
(0 0 0)
(0 0 0)
(0 0 0)
(0 0 0)
(0 0 0)
(0 0 0)
(0 0 0)
(0 0 0)
(-6.221312892109793e-06 1.27980442793794e-05 3.293542033054103e-06)
(0 0 0)
(0 0 0)
(0 0 0)
(0 0 0)
(0 0 0)
(0 0 0)
(0 0 0)
(0 0 0)
(0 0 0)
(0 0 0)
(0 0 0)
(0 0 0)
(2.800428669134422e-06 2.31499145287629e-05 -1.626314129086451e-05)
(-7.870125997764132e-05 2.380443870138498e-05 2.93269334131161e-05)
(1.49210597454421e-06 -2.412143432468049e-06 -9.206093266837423e-07)
(2.442268372894638e-06 -6.680946324203442e-07 -1.160107901975556e-06)
(0 0 0)
(0 0 0)
(0 0 0)
(-4.56048743014776e-06 4.671479352088868e-06 -1.174338045742142e-06)
(0 0 0)
(0 0 0)
(0 0 0)
(4.557628094904357e-06 1.001591342106047e-05 -9.814871680623812e-07)
(0 0 0)
(0 0 0)
(0 0 0)
(0 0 0)
(0 0 0)
(2.600411387910822e-05 4.409318943727626e-07 -7.347774321987725e-06)
(-2.142611467974388e-05 -3.241395642554346e-06 6.576992615464407e-06)
(9.100502968656834e-06 7.387920964298808e-06 -1.98425696819265e-06)
(7.955503411008686e-06 5.530019587636551e-06 -9.756664002888208e-06)
(3.468753828278177e-05 -1.513889787283463e-05 -1.918119028672777e-05)
(-6.456384606206617e-06 1.484886648664745e-06 -2.505609157136933e-06)
(3.013092765916322e-05 4.977637737316058e-08 -7.60914856619705e-06)
(0 0 0)
(5.356521002811629e-05 -3.12745842354046e-05 -9.475809237541638e-06)
(-5.508619999212953e-06 -6.276688417522427e-06 -3.168202381399411e-06)
(0 0 0)
(0 0 0)
(2.149936462890694e-05 6.042338422577659e-06 -4.300062193468097e-06)
(1.167570459894429e-05 1.18099796295751e-06 -2.399917655163343e-06)
(0 0 0)
(0 0 0)
(0 0 0)
(0 0 0)
(0 0 0)
(1.452579233583942e-05 -2.988740717226735e-06 -5.874184296224112e-06)
(-5.762716204254093e-06 -3.837161772274952e-06 -8.791354560546667e-07)
(-2.546591822156258e-06 -1.24218825785446e-05 -1.103531532266544e-06)
(0 0 0)
(0 0 0)
(-9.446965789177837e-06 -5.114036577932666e-06 1.122937927755179e-05)
(0 0 0)
(-1.070818290160855e-06 -3.304562389864557e-05 -7.334636375005513e-07)
(0 0 0)
(0 0 0)
(0 0 0)
(0 0 0)
(0 0 0)
(1.290071541203838e-06 8.319179674978861e-07 -1.177661972335465e-05)
(-2.090141044474377e-06 1.355723011826542e-05 -6.844108435945141e-07)
(-9.901059950802757e-07 6.666583220649526e-07 2.608345432926622e-07)
(0 0 0)
(0 0 0)
(1.178086032884597e-06 -2.301314525884484e-05 -4.339290819953949e-06)
(0 0 0)
(0 0 0)
(0 0 0)
(-5.313817762319746e-06 8.232288745360412e-06 8.492167316745164e-07)
(-1.165345914614247e-06 5.127554248193673e-07 -1.82459048768302e-07)
(-3.524703598425356e-06 3.837827108540778e-06 1.599090663435754e-06)
(-2.338064708332454e-06 9.448164415926949e-07 3.447631096405234e-07)
(0 0 0)
(0 0 0)
(0 0 0)
(0 0 0)
(0 0 0)
(0 0 0)
(0 0 0)
(0 0 0)
(0 0 0)
(0 0 0)
(0 0 0)
(0 0 0)
(0 0 0)
(0 0 0)
(0 0 0)
(0 0 0)
(0 0 0)
(0 0 0)
(0 0 0)
(0 0 0)
(0 0 0)
(0 0 0)
(0 0 0)
(0 0 0)
(0 0 0)
(0 0 0)
(0 0 0)
(0 0 0)
(0 0 0)
(0 0 0)
(0 0 0)
(0 0 0)
(0 0 0)
(0 0 0)
(0 0 0)
(0 0 0)
(0 0 0)
(0 0 0)
(0 0 0)
(0 0 0)
(0 0 0)
(0 0 0)
(0 0 0)
(0 0 0)
(6.912476305474834e-07 4.632065362091532e-06 3.824922278893615e-06)
(-1.069664702534452e-06 9.819970158210596e-06 1.149830161454063e-05)
(2.040694639721785e-06 1.608001466778084e-07 4.54001697014004e-06)
(-2.983873904365422e-08 2.241457319735815e-06 4.296446616681561e-06)
(-1.77648013364218e-06 4.263696019895293e-06 1.061028616485845e-05)
(-3.414729178678491e-06 -1.866088320353766e-06 -9.140115431414948e-06)
(-2.757500817724516e-06 4.711419938861144e-07 -2.763638818135602e-06)
(-5.042437809537758e-07 4.970572600959247e-07 -8.030704828464634e-07)
(0 0 0)
(0 0 0)
(0 0 0)
(0 0 0)
(0 0 0)
(0 0 0)
(0 0 0)
(0 0 0)
(0 0 0)
(0 0 0)
(0 0 0)
(0 0 0)
(0 0 0)
(0 0 0)
(0 0 0)
(0 0 0)
(0 0 0)
(0 0 0)
(0 0 0)
(0 0 0)
(0 0 0)
(0 0 0)
(0 0 0)
(0 0 0)
(0 0 0)
(-9.355058938326282e-07 5.608072391164985e-07 -4.409275442214801e-07)
(0 0 0)
(-2.724997135981517e-06 -1.068512206053213e-06 -2.87740280666054e-06)
(-1.475982347111602e-06 4.986056491632052e-07 -9.998276320060401e-07)
(0 0 0)
(0 0 0)
(0 0 0)
(0 0 0)
(0 0 0)
(0 0 0)
(0 0 0)
(0 0 0)
(0 0 0)
(0 0 0)
(0 0 0)
(0 0 0)
(0 0 0)
(0 0 0)
(0 0 0)
(0 0 0)
(0 0 0)
(0 0 0)
(0 0 0)
(0 0 0)
(0 0 0)
(0 0 0)
(0 0 0)
(0 0 0)
(0 0 0)
(0 0 0)
(0 0 0)
(0 0 0)
(0 0 0)
(0 0 0)
(0 0 0)
(0 0 0)
(0 0 0)
(0 0 0)
(0 0 0)
(0 0 0)
(0 0 0)
(0 0 0)
(0 0 0)
(0 0 0)
(0 0 0)
(0 0 0)
(0 0 0)
(0 0 0)
(0 0 0)
(0 0 0)
(0 0 0)
(0 0 0)
(0 0 0)
(0 0 0)
(0 0 0)
(0 0 0)
(0 0 0)
(0 0 0)
(0 0 0)
(0 0 0)
(0 0 0)
(0 0 0)
(0 0 0)
(0 0 0)
(0 0 0)
(0 0 0)
(0 0 0)
(0 0 0)
(0 0 0)
(0 0 0)
(0 0 0)
(0 0 0)
(0 0 0)
(0 0 0)
(0 0 0)
(0 0 0)
(0 0 0)
(0 0 0)
(0 0 0)
(0 0 0)
(0 0 0)
(0 0 0)
(0 0 0)
(0 0 0)
(0 0 0)
(0 0 0)
(0 0 0)
(0 0 0)
(0 0 0)
(0 0 0)
(0 0 0)
(0 0 0)
(0 0 0)
(0 0 0)
(0 0 0)
(0 0 0)
(0 0 0)
(0 0 0)
(0 0 0)
(0 0 0)
(0 0 0)
(0 0 0)
(0 0 0)
(0 0 0)
(0 0 0)
(0 0 0)
(0 0 0)
(0 0 0)
(0 0 0)
(0 0 0)
(0 0 0)
(0 0 0)
(0 0 0)
(0 0 0)
(0 0 0)
(0 0 0)
(0 0 0)
(0 0 0)
(0 0 0)
(0 0 0)
(0 0 0)
(0 0 0)
(0 0 0)
(0 0 0)
(0 0 0)
(0 0 0)
(0 0 0)
(0 0 0)
(0 0 0)
(0 0 0)
(0 0 0)
(0 0 0)
(0 0 0)
(0 0 0)
(0 0 0)
(0 0 0)
(0 0 0)
(0 0 0)
(0 0 0)
(0 0 0)
(0 0 0)
(0 0 0)
(0 0 0)
(0 0 0)
(0 0 0)
(0 0 0)
(0 0 0)
(0 0 0)
(0 0 0)
(0 0 0)
(0 0 0)
(0 0 0)
(0 0 0)
(0 0 0)
(0 0 0)
(0 0 0)
(0 0 0)
(0 0 0)
(0 0 0)
(0 0 0)
(0 0 0)
(0 0 0)
(0 0 0)
(0 0 0)
(0 0 0)
(0 0 0)
(0 0 0)
(0 0 0)
(0 0 0)
(0 0 0)
(0 0 0)
(-3.24045027491935e-06 -2.316667687720003e-05 -2.004169099655174e-05)
(1.879415863983483e-05 -1.419790631327215e-05 -1.287800761093242e-05)
(1.600947587139691e-05 -2.224829235572566e-05 -1.010407443632332e-05)
(-1.602248160144932e-07 1.463833857610328e-05 1.419480795534051e-05)
(-4.960696604162873e-06 9.803791217901075e-06 4.428119904746061e-06)
(0 0 0)
(0 0 0)
(0 0 0)
(0 0 0)
(0 0 0)
(0 0 0)
(0 0 0)
(0 0 0)
(0 0 0)
(0 0 0)
(0 0 0)
(0 0 0)
(0 0 0)
(0 0 0)
(0 0 0)
(0 0 0)
(0 0 0)
(0 0 0)
(0 0 0)
(0 0 0)
(0 0 0)
(0 0 0)
(0 0 0)
(0 0 0)
(0 0 0)
(0 0 0)
(0 0 0)
(0 0 0)
(0 0 0)
(0 0 0)
(0 0 0)
(0 0 0)
(0 0 0)
(0 0 0)
(0 0 0)
(0 0 0)
(0 0 0)
(0 0 0)
(0 0 0)
(0 0 0)
(0 0 0)
(0 0 0)
(0 0 0)
(0 0 0)
(0 0 0)
(0 0 0)
(0 0 0)
(0 0 0)
(0 0 0)
(0 0 0)
(0 0 0)
(0 0 0)
(0 0 0)
(0 0 0)
(0 0 0)
(0 0 0)
(0 0 0)
(0 0 0)
(0 0 0)
(0 0 0)
(0 0 0)
(0 0 0)
(0 0 0)
(0 0 0)
(0 0 0)
(0 0 0)
(0 0 0)
(0 0 0)
(0 0 0)
(0 0 0)
(0 0 0)
(0 0 0)
(0 0 0)
(0 0 0)
(0 0 0)
(0 0 0)
(0 0 0)
(0 0 0)
(0 0 0)
(0 0 0)
(0 0 0)
(0 0 0)
(0 0 0)
(0 0 0)
(0 0 0)
(0 0 0)
(0 0 0)
(0 0 0)
(0 0 0)
(0 0 0)
(0 0 0)
(0 0 0)
(0 0 0)
(0 0 0)
(0 0 0)
(0 0 0)
(0 0 0)
(0 0 0)
(0 0 0)
(0 0 0)
(0 0 0)
(3.225725391013598e-06 1.542867509360535e-05 1.743044852405222e-05)
(-6.464940230098836e-07 -5.919585439648283e-06 -4.657596777488806e-06)
(-2.179506362913865e-06 2.988414699515886e-06 6.768292631987266e-06)
(-4.166855670606678e-06 -3.053661846944256e-05 -2.747982496920637e-05)
(0 0 0)
(3.442574161043789e-06 -5.034713796383314e-06 -1.046797671512808e-05)
(-1.93755018346461e-06 -5.735340240465703e-06 -6.745271904108369e-06)
(9.241717473202808e-06 1.189316661901357e-05 -2.480614500836174e-06)
(1.65905397210211e-05 -5.586885083638586e-06 -3.957569533189685e-06)
(0 0 0)
(0 0 0)
(3.407022134669882e-06 -4.057533014146937e-05 -2.36570040284893e-05)
(2.57329939370118e-05 1.638240491996897e-05 1.02374063285353e-05)
(1.492449859697164e-07 -9.528582659373165e-05 -4.528673626636833e-05)
(0 0 0)
(0 0 0)
(-7.680622553387643e-07 -3.677237936368212e-07 -3.204573196425311e-07)
(0 0 0)
(0 0 0)
(0 0 0)
(0 0 0)
(0 0 0)
(0 0 0)
(0 0 0)
(0 0 0)
(1.710027439171382e-06 3.030979193399258e-06 2.702984643367288e-06)
(5.78884621337142e-07 -5.878852194949929e-07 -1.771364071572493e-06)
(4.76870475576877e-07 3.926847484943893e-06 2.999969767767039e-06)
(3.523335485454361e-06 5.394287697028479e-07 -1.199741324048457e-05)
(0 0 0)
(1.236045898392757e-07 -1.327488295995076e-07 -5.541359922476745e-07)
(-7.725250336489467e-07 1.053346008974607e-06 2.205806032186716e-07)
(-5.970728910944445e-07 5.881705704053297e-07 1.265062819265852e-07)
(-6.969712308194336e-06 -2.37853040325309e-05 -3.077463608497258e-05)
(2.200118865595328e-05 1.826514070005891e-05 5.572698685400452e-06)
(3.05846439737403e-06 -6.241491292261436e-06 -5.799858499010258e-06)
(0 0 0)
(0 0 0)
(2.044452374916357e-05 -1.702024170327745e-06 -1.528771269597461e-05)
(3.900516000433704e-05 1.69533237623975e-05 -2.43581003968827e-06)
(0 0 0)
(0 0 0)
(0 0 0)
(0 0 0)
(0 0 0)
(0 0 0)
(0 0 0)
(0 0 0)
(0 0 0)
(0 0 0)
(0 0 0)
(0 0 0)
(0 0 0)
(0 0 0)
(0 0 0)
(0 0 0)
(0 0 0)
(0 0 0)
(0 0 0)
(0 0 0)
(0 0 0)
(0 0 0)
(0 0 0)
(0 0 0)
(-9.323803276048099e-07 6.840996471716269e-07 -8.072735997962913e-07)
(-1.137389910430151e-06 5.692702005700244e-07 -6.817937739286547e-07)
(0 0 0)
(0 0 0)
(0 0 0)
(0 0 0)
(0 0 0)
(0 0 0)
(0 0 0)
(0 0 0)
(0 0 0)
(0 0 0)
(0 0 0)
(0 0 0)
(0 0 0)
(0 0 0)
(0 0 0)
(0 0 0)
(0 0 0)
(0 0 0)
(0 0 0)
(0 0 0)
(0 0 0)
(0 0 0)
(0 0 0)
(0 0 0)
(0 0 0)
(0 0 0)
(0 0 0)
(0 0 0)
(0 0 0)
(0 0 0)
(0 0 0)
(0 0 0)
(0 0 0)
(0 0 0)
(0 0 0)
(0 0 0)
(0 0 0)
(0 0 0)
(0 0 0)
(0 0 0)
(0 0 0)
(0 0 0)
(0 0 0)
(0 0 0)
(0 0 0)
(0 0 0)
(0 0 0)
(0 0 0)
(0 0 0)
(0 0 0)
(0 0 0)
(0 0 0)
(0 0 0)
(0 0 0)
(0 0 0)
(0 0 0)
(0 0 0)
(0 0 0)
(0 0 0)
(0 0 0)
(0 0 0)
(0 0 0)
(0 0 0)
(0 0 0)
(0 0 0)
(0 0 0)
(0 0 0)
(0 0 0)
(0 0 0)
(0 0 0)
(0 0 0)
(0 0 0)
(0 0 0)
(0 0 0)
(0 0 0)
(0 0 0)
(0 0 0)
(0 0 0)
(0 0 0)
(0 0 0)
(0 0 0)
(0 0 0)
(0 0 0)
(0 0 0)
(0 0 0)
(0 0 0)
(0 0 0)
(0 0 0)
(0 0 0)
(0 0 0)
(0 0 0)
(0 0 0)
(0 0 0)
(0 0 0)
(0 0 0)
(0 0 0)
(0 0 0)
(0 0 0)
(0 0 0)
(0 0 0)
(0 0 0)
(0 0 0)
(0 0 0)
(0 0 0)
(0 0 0)
(0 0 0)
(0 0 0)
(0 0 0)
(0 0 0)
(0 0 0)
(0 0 0)
(0 0 0)
(0 0 0)
(0 0 0)
(0 0 0)
(0 0 0)
(0 0 0)
(0 0 0)
(0 0 0)
(0 0 0)
(0 0 0)
(0 0 0)
(0 0 0)
(0 0 0)
(0 0 0)
(0 0 0)
(0 0 0)
(0 0 0)
(0 0 0)
(0 0 0)
(0 0 0)
(0 0 0)
(0 0 0)
(0 0 0)
(0 0 0)
(0 0 0)
(0 0 0)
(0 0 0)
(0 0 0)
(0 0 0)
(0 0 0)
(0 0 0)
(0 0 0)
(0 0 0)
(0 0 0)
(0 0 0)
(0 0 0)
(0 0 0)
(0 0 0)
(0 0 0)
(0 0 0)
(0 0 0)
(0 0 0)
(0 0 0)
(0 0 0)
(0 0 0)
(0 0 0)
(0 0 0)
(0 0 0)
(0 0 0)
(0 0 0)
(0 0 0)
(0 0 0)
(0 0 0)
(0 0 0)
(0 0 0)
(0 0 0)
(0 0 0)
(0 0 0)
(0 0 0)
(0 0 0)
(0 0 0)
(0 0 0)
(0 0 0)
(0 0 0)
(0 0 0)
(0 0 0)
(0 0 0)
(0 0 0)
(0 0 0)
(0 0 0)
(0 0 0)
(0 0 0)
(0 0 0)
(0 0 0)
(0 0 0)
(0 0 0)
(0 0 0)
(0 0 0)
(0 0 0)
(0 0 0)
(0 0 0)
(0 0 0)
(0 0 0)
(0 0 0)
(0 0 0)
(0 0 0)
(0 0 0)
(0 0 0)
(0 0 0)
(0 0 0)
(0 0 0)
(0 0 0)
(0 0 0)
(0 0 0)
(0 0 0)
(0 0 0)
(0 0 0)
(0 0 0)
(0 0 0)
(0 0 0)
(0 0 0)
(0 0 0)
(0 0 0)
(0 0 0)
(0 0 0)
(0 0 0)
(0 0 0)
(0 0 0)
(0 0 0)
(0 0 0)
(0 0 0)
(0 0 0)
(0 0 0)
(0 0 0)
(0 0 0)
(0 0 0)
(0 0 0)
(0 0 0)
(0 0 0)
(0 0 0)
(0 0 0)
(0 0 0)
(-5.101638410260577e-06 -2.415520302373401e-05 -2.60294933551739e-05)
(5.893077382739735e-07 4.813096155611867e-06 2.734237549977788e-06)
(-4.727847956492807e-06 -2.845192841949003e-05 -3.122339842908176e-05)
(4.972719713879884e-06 5.902842616935532e-06 3.275543760762092e-06)
(-2.022203790735522e-06 1.277282609239091e-05 1.130602871027953e-05)
(-2.071617529021196e-06 -9.161869198695727e-06 -2.676590478813799e-05)
(1.03379688936887e-05 -3.302515793055369e-05 -2.673175758184512e-05)
(2.816347997583953e-06 -3.988398702764913e-05 -1.676543920969148e-05)
(1.1364392160052e-05 -2.886179533922044e-05 1.892114516512402e-06)
(0 0 0)
(0 0 0)
(0 0 0)
(0 0 0)
(0 0 0)
(0 0 0)
(0 0 0)
(0 0 0)
(0 0 0)
(0 0 0)
(0 0 0)
(0 0 0)
(0 0 0)
(0 0 0)
(0 0 0)
(0 0 0)
(0 0 0)
(0 0 0)
(0 0 0)
(0 0 0)
(0 0 0)
(0 0 0)
(0 0 0)
(0 0 0)
(0 0 0)
(0 0 0)
(-6.212576410045535e-07 3.72854603862134e-07 -3.774083838057148e-07)
(0 0 0)
(0 0 0)
(0 0 0)
(0 0 0)
(-4.281572913463832e-07 4.558265899165482e-07 -3.153508172209416e-07)
(-9.950892752855631e-07 5.597325999682582e-08 4.169980019010603e-07)
(0 0 0)
(0 0 0)
(0 0 0)
(0 0 0)
(0 0 0)
(0 0 0)
(0 0 0)
(0 0 0)
(0 0 0)
(0 0 0)
(-5.564895114418773e-07 2.436090150365394e-06 -4.464810258707707e-07)
(0 0 0)
(0 0 0)
(0 0 0)
(4.528102160469514e-07 2.856117698659576e-06 3.264917060171064e-06)
(0 0 0)
(0 0 0)
(0 0 0)
(0 0 0)
(0 0 0)
(2.117446792269319e-06 2.849820223553579e-06 1.125628485852553e-07)
(0 0 0)
(0 0 0)
(-6.457084975310634e-07 -3.452088440516771e-07 -8.767626180892408e-07)
(-1.760554453119946e-06 -3.623317258329919e-06 -7.550542322385014e-06)
(1.549712067216183e-06 1.698259980232343e-06 -4.017113842909786e-06)
(-4.434547972198692e-06 7.33161498033492e-06 1.082205832816477e-06)
(0 0 0)
(0 0 0)
(0 0 0)
(0 0 0)
(0 0 0)
(0 0 0)
(0 0 0)
(0 0 0)
(0 0 0)
(0 0 0)
(0 0 0)
(0 0 0)
(0 0 0)
(0 0 0)
(0 0 0)
(0 0 0)
(0 0 0)
(0 0 0)
(0 0 0)
(0 0 0)
(0 0 0)
(0 0 0)
(0 0 0)
(0 0 0)
(0 0 0)
(0 0 0)
(0 0 0)
(0 0 0)
(0 0 0)
(0 0 0)
(0 0 0)
(0 0 0)
(0 0 0)
(0 0 0)
(0 0 0)
(0 0 0)
(0 0 0)
(0 0 0)
(0 0 0)
(0 0 0)
(0 0 0)
(0 0 0)
(0 0 0)
(0 0 0)
(0 0 0)
(0 0 0)
(0 0 0)
(0 0 0)
(0 0 0)
(0 0 0)
(0 0 0)
(0 0 0)
(0 0 0)
(0 0 0)
(0 0 0)
(0 0 0)
(0 0 0)
(0 0 0)
(0 0 0)
(0 0 0)
(0 0 0)
(0 0 0)
(0 0 0)
(0 0 0)
(0 0 0)
(0 0 0)
(0 0 0)
(0 0 0)
(0 0 0)
(0 0 0)
(0 0 0)
(0 0 0)
(0 0 0)
(0 0 0)
(0 0 0)
(0 0 0)
(0 0 0)
(0 0 0)
(0 0 0)
(0 0 0)
(0 0 0)
(0 0 0)
(0 0 0)
(0 0 0)
(0 0 0)
(0 0 0)
(0 0 0)
(0 0 0)
(0 0 0)
(0 0 0)
(0 0 0)
(0 0 0)
(0 0 0)
(0 0 0)
(0 0 0)
(0 0 0)
(0 0 0)
(0 0 0)
(0 0 0)
(0 0 0)
(0 0 0)
(0 0 0)
(0 0 0)
(0 0 0)
(0 0 0)
(0 0 0)
(0 0 0)
(0 0 0)
(0 0 0)
(0 0 0)
(0 0 0)
(0 0 0)
(0 0 0)
(0 0 0)
(0 0 0)
(0 0 0)
(0 0 0)
(0 0 0)
(0 0 0)
(0 0 0)
(0 0 0)
(0 0 0)
(0 0 0)
(0 0 0)
(0 0 0)
(0 0 0)
(0 0 0)
(0 0 0)
(0 0 0)
(0 0 0)
(0 0 0)
(0 0 0)
(0 0 0)
(0 0 0)
(0 0 0)
(0 0 0)
(0 0 0)
(0 0 0)
(0 0 0)
(0 0 0)
(0 0 0)
(0 0 0)
(0 0 0)
(0 0 0)
(0 0 0)
(0 0 0)
(0 0 0)
(0 0 0)
(0 0 0)
(0 0 0)
(0 0 0)
(0 0 0)
(0 0 0)
(0 0 0)
(0 0 0)
(0 0 0)
(0 0 0)
(0 0 0)
(0 0 0)
(0 0 0)
(0 0 0)
(0 0 0)
(0 0 0)
(0 0 0)
(0 0 0)
(0 0 0)
(0 0 0)
(0 0 0)
(0 0 0)
(0 0 0)
(0 0 0)
(0 0 0)
(0 0 0)
(0 0 0)
(0 0 0)
(0 0 0)
(0 0 0)
(0 0 0)
(0 0 0)
(0 0 0)
(0 0 0)
(0 0 0)
(0 0 0)
(0 0 0)
(0 0 0)
(0 0 0)
(0 0 0)
(0 0 0)
(0 0 0)
(0 0 0)
(0 0 0)
(0 0 0)
(0 0 0)
(0 0 0)
(0 0 0)
(0 0 0)
(0 0 0)
(1.123033964805331e-06 1.766185432706991e-06 5.163434975427685e-06)
(0 0 0)
(0 0 0)
(0 0 0)
(0 0 0)
(0 0 0)
(0 0 0)
(0 0 0)
(-4.230571145753346e-07 5.339928630450012e-07 6.424641334001635e-07)
(-2.952553097912626e-06 -1.741011106342147e-06 -3.701035235196186e-06)
(-2.700839447543923e-07 8.231539454061044e-07 -6.846359302324847e-07)
(0 0 0)
(0 0 0)
(0 0 0)
(0 0 0)
(0 0 0)
(0 0 0)
(0 0 0)
(0 0 0)
(0 0 0)
(0 0 0)
(0 0 0)
(0 0 0)
(0 0 0)
(0 0 0)
(0 0 0)
(0 0 0)
(0 0 0)
(0 0 0)
(0 0 0)
(0 0 0)
(0 0 0)
(0 0 0)
(0 0 0)
(0 0 0)
(-6.975028104865888e-07 3.666891488108598e-07 -7.225885676628175e-07)
(0 0 0)
(0 0 0)
(0 0 0)
(0 0 0)
(0 0 0)
(0 0 0)
(0 0 0)
(0 0 0)
(0 0 0)
(0 0 0)
(0 0 0)
(0 0 0)
(0 0 0)
(0 0 0)
(0 0 0)
(0 0 0)
(0 0 0)
(0 0 0)
(0 0 0)
(0 0 0)
(0 0 0)
(0 0 0)
(0 0 0)
(0 0 0)
(0 0 0)
(0 0 0)
(0 0 0)
(0 0 0)
(0 0 0)
(0 0 0)
(0 0 0)
(0 0 0)
(0 0 0)
(0 0 0)
(0 0 0)
(0 0 0)
(0 0 0)
(0 0 0)
(0 0 0)
(0 0 0)
(0 0 0)
(0 0 0)
(0 0 0)
(0 0 0)
(0 0 0)
(0 0 0)
(0 0 0)
(0 0 0)
(0 0 0)
(0 0 0)
(0 0 0)
(0 0 0)
(0 0 0)
(-4.793040829476329e-07 -8.042682002065317e-08 -6.707209955942981e-08)
(0 0 0)
(0 0 0)
(-1.201601748065239e-06 6.549889742893432e-07 7.824743799436219e-07)
(0 0 0)
(0 0 0)
(0 0 0)
(-1.360879299242924e-06 -2.080781264813217e-06 -7.391799055313834e-07)
(0 0 0)
(0 0 0)
(-9.64323919821552e-07 3.721394267055238e-07 7.892332079842949e-07)
(0 0 0)
(-1.249155304900786e-06 -6.360061122065096e-07 -6.963997139422178e-08)
(0 0 0)
(-2.889091155463218e-06 8.40819327963696e-06 7.325549938821289e-06)
(0 0 0)
(0 0 0)
(0 0 0)
(0 0 0)
(0 0 0)
(0 0 0)
(0 0 0)
(0 0 0)
(0 0 0)
(0 0 0)
(0 0 0)
(0 0 0)
(0 0 0)
(0 0 0)
(0 0 0)
(0 0 0)
(0 0 0)
(0 0 0)
(0 0 0)
(0 0 0)
(0 0 0)
(0 0 0)
(0 0 0)
(0 0 0)
(0 0 0)
(0 0 0)
(0 0 0)
(0 0 0)
(0 0 0)
(0 0 0)
(0 0 0)
(0 0 0)
(0 0 0)
(0 0 0)
(0 0 0)
(0 0 0)
(0 0 0)
(0 0 0)
(0 0 0)
(0 0 0)
(0 0 0)
(0 0 0)
(0 0 0)
(0 0 0)
(0 0 0)
(0 0 0)
(0 0 0)
(0 0 0)
(0 0 0)
(0 0 0)
(0 0 0)
(0 0 0)
(0 0 0)
(0 0 0)
(0 0 0)
(0 0 0)
(0 0 0)
(0 0 0)
(0 0 0)
(0 0 0)
(0 0 0)
(0 0 0)
(0 0 0)
(0 0 0)
(0 0 0)
(0 0 0)
(0 0 0)
(0 0 0)
(0 0 0)
(0 0 0)
(0 0 0)
(0 0 0)
(0 0 0)
(0 0 0)
(0 0 0)
(0 0 0)
(0 0 0)
(0 0 0)
(0 0 0)
(0 0 0)
(0 0 0)
(0 0 0)
(0 0 0)
(0 0 0)
(0 0 0)
(0 0 0)
(0 0 0)
(0 0 0)
(0 0 0)
(0 0 0)
(0 0 0)
(0 0 0)
(6.758222852422117e-08 4.667238359916811e-06 -4.963863407150812e-06)
(-5.208457138850023e-06 -7.297105575935558e-06 -6.164306274115958e-06)
(1.333825574157685e-06 1.61498844260434e-05 1.248114871042484e-05)
(-3.805731342967946e-06 -5.926284723071505e-06 -7.157748814201562e-06)
(-1.388182799928516e-06 4.54182859613725e-06 4.985477248037297e-06)
(3.256127031510812e-06 -1.063034745881247e-05 -9.027653900303409e-06)
(0 0 0)
(0 0 0)
(-2.678302727723734e-06 2.789447139504549e-06 1.91918761253578e-06)
(0 0 0)
(0 0 0)
(0 0 0)
(0 0 0)
(0 0 0)
(-4.728032329092502e-06 -2.648427149522223e-05 -1.356808757351136e-05)
(-1.149629750886317e-06 1.170476006299018e-05 7.749204003483882e-06)
(-1.311315866712682e-06 -9.258288556069028e-06 -9.708147409669506e-06)
(0 0 0)
(0 0 0)
(0 0 0)
(0 0 0)
(0 0 0)
(0 0 0)
(0 0 0)
(0 0 0)
(0 0 0)
(-2.130847338661636e-06 -1.972931195445948e-05 -1.79199164594742e-05)
(-1.357646939902566e-06 -1.623428877333437e-05 -1.057728793924624e-05)
(5.933073333824083e-06 9.421331793593084e-06 1.534501271385819e-05)
(0 0 0)
(0 0 0)
(0 0 0)
(0 0 0)
(0 0 0)
(0 0 0)
(0 0 0)
(0 0 0)
(0 0 0)
(0 0 0)
(0 0 0)
(0 0 0)
(0 0 0)
(0 0 0)
(0 0 0)
(0 0 0)
(0 0 0)
(0 0 0)
(0 0 0)
(0 0 0)
(0 0 0)
(0 0 0)
(0 0 0)
(0 0 0)
(0 0 0)
(0 0 0)
(0 0 0)
(0 0 0)
(0 0 0)
(0 0 0)
(0 0 0)
(0 0 0)
(0 0 0)
(0 0 0)
(0 0 0)
(0 0 0)
(0 0 0)
(0 0 0)
(0 0 0)
(0 0 0)
(0 0 0)
(0 0 0)
(0 0 0)
(0 0 0)
(0 0 0)
(0 0 0)
(0 0 0)
(0 0 0)
(0 0 0)
(0 0 0)
(0 0 0)
(0 0 0)
(0 0 0)
(0 0 0)
(0 0 0)
(0 0 0)
(0 0 0)
(0 0 0)
(0 0 0)
(0 0 0)
(0 0 0)
(0 0 0)
(0 0 0)
(0 0 0)
(0 0 0)
(0 0 0)
(0 0 0)
(0 0 0)
(0 0 0)
(0 0 0)
(0 0 0)
(0 0 0)
(0 0 0)
(0 0 0)
(0 0 0)
(0 0 0)
(0 0 0)
(0 0 0)
(0 0 0)
(0 0 0)
(0 0 0)
(0 0 0)
(0 0 0)
(0 0 0)
(0 0 0)
(0 0 0)
(0 0 0)
(0 0 0)
(0 0 0)
(0 0 0)
(0 0 0)
(0 0 0)
(0 0 0)
(0 0 0)
(0 0 0)
(-8.191698565901614e-07 9.077637030754991e-07 1.430673250042909e-06)
(-6.037626941451324e-07 2.614199477330909e-07 -2.775577254816926e-07)
(0 0 0)
(0 0 0)
(0 0 0)
(0 0 0)
(0 0 0)
(0 0 0)
(0 0 0)
(0 0 0)
(0 0 0)
(0 0 0)
(0 0 0)
(0 0 0)
(0 0 0)
(0 0 0)
(0 0 0)
(0 0 0)
(0 0 0)
(0 0 0)
(0 0 0)
(0 0 0)
(0 0 0)
(0 0 0)
(0 0 0)
(0 0 0)
(0 0 0)
(0 0 0)
(0 0 0)
(0 0 0)
(0 0 0)
(0 0 0)
(0 0 0)
(0 0 0)
(0 0 0)
(0 0 0)
(0 0 0)
(0 0 0)
(0 0 0)
(0 0 0)
(0 0 0)
(0 0 0)
(0 0 0)
(0 0 0)
(-9.786082273768342e-07 1.26909267432122e-06 2.917300838198098e-07)
(0 0 0)
(0 0 0)
(0 0 0)
(0 0 0)
(0 0 0)
(0 0 0)
(0 0 0)
(0 0 0)
(0 0 0)
(-1.001120775240236e-06 1.130881649972542e-07 4.822956575097964e-07)
(-2.58943028472365e-06 6.008140969100929e-06 6.452104002634078e-06)
(0 0 0)
(0 0 0)
(0 0 0)
(0 0 0)
(-1.294905669944616e-06 -3.306302966681536e-07 7.243808631641302e-08)
(0 0 0)
(0 0 0)
(0 0 0)
(0 0 0)
(0 0 0)
(0 0 0)
(-7.346449613738435e-07 8.852533336077867e-07 -5.840386454193062e-09)
(0 0 0)
(0 0 0)
(0 0 0)
(0 0 0)
(0 0 0)
(0 0 0)
(0 0 0)
(9.842633047900264e-07 9.875911303940685e-06 6.916540751382763e-06)
(0 0 0)
(0 0 0)
(0 0 0)
(2.680821729984666e-08 1.264109375118367e-05 4.622512543148363e-06)
(0 0 0)
(0 0 0)
(0 0 0)
(0 0 0)
(0 0 0)
(0 0 0)
(0 0 0)
(0 0 0)
(0 0 0)
(0 0 0)
(0 0 0)
(0 0 0)
(0 0 0)
(0 0 0)
(0 0 0)
(0 0 0)
(0 0 0)
(0 0 0)
(0 0 0)
(0 0 0)
(0 0 0)
(0 0 0)
(0 0 0)
(0 0 0)
(0 0 0)
(0 0 0)
(0 0 0)
(0 0 0)
(0 0 0)
(0 0 0)
(0 0 0)
(0 0 0)
(0 0 0)
(0 0 0)
(0 0 0)
(0 0 0)
(0 0 0)
(0 0 0)
(0 0 0)
(0 0 0)
(0 0 0)
(0 0 0)
(0 0 0)
(0 0 0)
(0 0 0)
(0 0 0)
(0 0 0)
(0 0 0)
(0 0 0)
(0 0 0)
(0 0 0)
(0 0 0)
(0 0 0)
(0 0 0)
(0 0 0)
(0 0 0)
(0 0 0)
(0 0 0)
(0 0 0)
(0 0 0)
(0 0 0)
(0 0 0)
(0 0 0)
(0 0 0)
(0 0 0)
(0 0 0)
(0 0 0)
(0 0 0)
(1.114671875138195e-06 6.377070286667399e-05 4.271328051652885e-05)
(0 0 0)
(0 0 0)
(0 0 0)
(0 0 0)
(0 0 0)
(0 0 0)
(0 0 0)
(0 0 0)
(0 0 0)
(0 0 0)
(0 0 0)
(0 0 0)
(0 0 0)
(0 0 0)
(0 0 0)
(0 0 0)
(0 0 0)
(0 0 0)
(0 0 0)
(0 0 0)
(0 0 0)
(0 0 0)
(0 0 0)
(0 0 0)
(0 0 0)
(0 0 0)
(0 0 0)
(0 0 0)
(0 0 0)
(0 0 0)
(0 0 0)
(0 0 0)
(0 0 0)
(0 0 0)
(0 0 0)
(0 0 0)
(0 0 0)
(0 0 0)
(0 0 0)
(0 0 0)
(0 0 0)
(0 0 0)
(0 0 0)
(0 0 0)
(0 0 0)
(0 0 0)
(0 0 0)
(0 0 0)
(0 0 0)
(0 0 0)
(0 0 0)
(0 0 0)
(0 0 0)
(0 0 0)
(0 0 0)
(0 0 0)
(0 0 0)
(0 0 0)
(0 0 0)
(0 0 0)
(0 0 0)
(0 0 0)
(0 0 0)
(0 0 0)
(0 0 0)
(0 0 0)
(0 0 0)
(0 0 0)
(0 0 0)
(0 0 0)
(0 0 0)
(0 0 0)
(0 0 0)
(0 0 0)
(0 0 0)
(0 0 0)
(0 0 0)
(0 0 0)
(0 0 0)
(-2.093977052359569e-06 1.141381166336246e-07 -7.00368566079176e-07)
(0 0 0)
(0 0 0)
(0 0 0)
(0 0 0)
(0 0 0)
(0 0 0)
(0 0 0)
(0 0 0)
(0 0 0)
(0 0 0)
(0 0 0)
(0 0 0)
(0 0 0)
(0 0 0)
(0 0 0)
(0 0 0)
(0 0 0)
(0 0 0)
(0 0 0)
(0 0 0)
(0 0 0)
(0 0 0)
(0 0 0)
(-8.632611432802413e-07 -9.036245420952754e-08 -1.967445407646562e-07)
(0 0 0)
(0 0 0)
(0 0 0)
(0 0 0)
(0 0 0)
(0 0 0)
(-1.540057199996597e-06 7.706466753195353e-07 8.719385013728551e-07)
(-3.136858668809627e-06 1.530620237457433e-06 2.193283942893618e-06)
(0 0 0)
(0 0 0)
(0 0 0)
(0 0 0)
(0 0 0)
(0 0 0)
(0 0 0)
(0 0 0)
(0 0 0)
(0 0 0)
(0 0 0)
(0 0 0)
(0 0 0)
(0 0 0)
(0 0 0)
(0 0 0)
(0 0 0)
(0 0 0)
(0 0 0)
(0 0 0)
(0 0 0)
(0 0 0)
(0 0 0)
(0 0 0)
(0 0 0)
(0 0 0)
(0 0 0)
(0 0 0)
(0 0 0)
(0 0 0)
(0 0 0)
(-2.821834399089634e-07 3.641516778004834e-06 3.517617219650263e-07)
(0 0 0)
(0 0 0)
(0 0 0)
(0 0 0)
(0 0 0)
(0 0 0)
(0 0 0)
(0 0 0)
(0 0 0)
(0 0 0)
(0 0 0)
(0 0 0)
(0 0 0)
(0 0 0)
(0 0 0)
(0 0 0)
(0 0 0)
(-4.922695368182257e-06 -2.875271945270162e-05 -4.775134556366377e-06)
(-1.67219430881589e-05 4.237225205918556e-05 1.44493119524971e-05)
(-7.820023621433071e-06 2.101598486336204e-05 1.593423136054249e-05)
(7.701487744281547e-06 -3.429316138997934e-05 -2.538976617057308e-05)
(0 0 0)
(0 0 0)
(0 0 0)
(0 0 0)
(0 0 0)
(0 0 0)
(0 0 0)
(-1.640931046667522e-06 4.067209307444631e-07 -6.329888191349481e-07)
(0 0 0)
(6.329393325194603e-06 -5.726702736897362e-05 -2.328232853825891e-05)
(-3.992057021983159e-06 -9.582736473972709e-07 -6.855810755409401e-07)
(-5.956344484240126e-06 7.398319653650843e-06 2.286718699248661e-06)
(-2.159937462082816e-06 3.114808187497983e-06 1.508052384831521e-06)
(0 0 0)
(-1.479774814189923e-05 -1.006506255977733e-05 -1.380025198569599e-06)
(5.515551203734053e-06 -5.535210394192716e-05 -1.008856164872209e-05)
(2.13628967222699e-06 2.356139861924993e-05 2.602876175312744e-05)
(7.445800183834601e-06 3.247190594465711e-05 -3.494361042763649e-06)
(2.790665251921305e-06 -9.5481055091096e-06 -5.136095210453066e-06)
(6.96868005234416e-07 3.738595867367847e-06 -1.271747243842039e-07)
(0 0 0)
(0 0 0)
(-1.270673468044421e-07 8.958571194951716e-06 7.737004003901334e-06)
(0 0 0)
(0 0 0)
(0 0 0)
(0 0 0)
(0 0 0)
(0 0 0)
(0 0 0)
(0 0 0)
(0 0 0)
(0 0 0)
(0 0 0)
(0 0 0)
(-2.46024702326268e-06 -3.72912572778278e-05 -4.871529064047695e-06)
(0 0 0)
(0 0 0)
(0 0 0)
(0 0 0)
(0 0 0)
(0 0 0)
(0 0 0)
(0 0 0)
(0 0 0)
(0 0 0)
(0 0 0)
(0 0 0)
(0 0 0)
(0 0 0)
(3.604494651170996e-05 1.633819651476385e-05 3.397935361438195e-05)
(1.498289033844538e-05 2.698536693692621e-05 8.008295144183403e-06)
(0 0 0)
(0 0 0)
(8.170453256771488e-06 -6.771479004924011e-05 -3.643756498067957e-05)
(0 0 0)
(0 0 0)
(0 0 0)
(0 0 0)
(0 0 0)
(0 0 0)
(0 0 0)
(0 0 0)
(0 0 0)
(0 0 0)
(0 0 0)
(0 0 0)
(0 0 0)
(0 0 0)
(0 0 0)
(0 0 0)
(0 0 0)
(0 0 0)
(-2.321187958860688e-07 -2.771144504839978e-05 -1.316386022965067e-05)
(0 0 0)
(0 0 0)
(0 0 0)
(0 0 0)
(0 0 0)
(0 0 0)
(0 0 0)
(0 0 0)
(0 0 0)
(0 0 0)
(0 0 0)
(0 0 0)
(0 0 0)
(0 0 0)
(0 0 0)
(0 0 0)
(0 0 0)
(0 0 0)
(0 0 0)
(0 0 0)
(0 0 0)
(0 0 0)
(0 0 0)
(0 0 0)
(0 0 0)
(0 0 0)
(0 0 0)
(0 0 0)
(0 0 0)
(0 0 0)
(0 0 0)
(0 0 0)
(0 0 0)
(0 0 0)
(0 0 0)
(0 0 0)
(0 0 0)
(0 0 0)
(0 0 0)
(0 0 0)
(0 0 0)
(0 0 0)
(6.156730837087615e-06 8.824232297646269e-06 5.530700610754111e-06)
(0 0 0)
(0 0 0)
(0 0 0)
(-4.631848389827688e-06 7.878912883496246e-06 3.854057278868481e-06)
(-1.317460081153127e-06 -5.27224685971726e-05 -2.195878856250036e-05)
(1.435680823951547e-05 -2.818830359540003e-05 -7.247442077893221e-06)
(6.052246353305579e-06 -7.301048578907415e-06 4.413701158161617e-06)
(6.860676225847568e-06 7.452894878637946e-06 9.002739243752371e-06)
(0 0 0)
(0 0 0)
(0 0 0)
(0 0 0)
(0 0 0)
(0 0 0)
(0 0 0)
(0 0 0)
(0 0 0)
(0 0 0)
(0 0 0)
(0 0 0)
(0 0 0)
(0 0 0)
(0 0 0)
(0 0 0)
(0 0 0)
(0 0 0)
(0 0 0)
(0 0 0)
(0 0 0)
(0 0 0)
(0 0 0)
(0 0 0)
(0 0 0)
(0 0 0)
(1.007208456086923e-05 -2.402840680189712e-05 -1.432382806574805e-05)
(3.925472364904166e-05 1.128150865548606e-05 9.582341602732254e-06)
(0 0 0)
(0 0 0)
(0 0 0)
(0 0 0)
(2.262875817947593e-05 -0.0001002075721580536 -5.26504451191204e-05)
(0 0 0)
(0 0 0)
(0 0 0)
(0 0 0)
(9.507026112803854e-07 1.409440237307716e-06 -5.643857753474739e-07)
(0 0 0)
(0 0 0)
(0 0 0)
(0 0 0)
(0 0 0)
(-1.672352552216484e-06 8.470288860287779e-07 1.048939180758197e-06)
(0 0 0)
(0 0 0)
(0 0 0)
(5.114222283828079e-06 3.426736189848922e-05 -3.603758332387954e-06)
(7.799281809510609e-07 8.352322264229864e-06 -1.145655537861712e-06)
(5.896388643623892e-07 -1.616865556811351e-05 -3.297558610698768e-06)
(-7.454331243731642e-07 -3.434013182166734e-05 2.228766090083421e-06)
(-2.676207211845585e-06 -3.905466766572458e-05 8.817988086573005e-06)
(0 0 0)
(0 0 0)
(0 0 0)
(0 0 0)
(0 0 0)
(0 0 0)
(0 0 0)
(0 0 0)
(1.369592643793661e-05 1.016912720120769e-05 -9.832402419877001e-06)
(1.226866727846407e-05 2.669273190219074e-05 6.266259963517303e-06)
(0 0 0)
(0 0 0)
(0 0 0)
(0 0 0)
(0 0 0)
(0 0 0)
(0 0 0)
(0 0 0)
(0 0 0)
(0 0 0)
(0 0 0)
(0 0 0)
(0 0 0)
(0 0 0)
(-7.416638215105114e-07 2.108628144600948e-05 -1.783096760279231e-05)
(1.801406811538174e-06 -1.476364865347398e-05 2.700225267772688e-06)
(5.263677650320031e-06 6.283098919610208e-06 -9.890748213626717e-06)
(-2.442742056225645e-06 -3.911823184265172e-06 -3.64861712863988e-06)
(2.521096723979836e-05 2.323801936113095e-05 1.177384240515296e-05)
(0 0 0)
(1.237345972380565e-05 2.018095735270158e-05 1.274025206406229e-05)
(1.467223742157038e-05 1.355165597248806e-05 2.946511739486726e-06)
(-8.213937872910655e-06 -4.040257697110734e-05 2.099235613783942e-06)
(0 0 0)
(0 0 0)
(0 0 0)
(0 0 0)
(0 0 0)
(0 0 0)
(0 0 0)
(0 0 0)
(0 0 0)
(0 0 0)
(0 0 0)
(0 0 0)
(0 0 0)
(0 0 0)
(0 0 0)
(0 0 0)
(0 0 0)
(0 0 0)
(0 0 0)
(0 0 0)
(0 0 0)
(0 0 0)
(0 0 0)
(0 0 0)
(3.360415510413869e-05 2.937032937538929e-05 -1.534051582124438e-05)
(-1.776271603853873e-05 -3.041414121785588e-05 -9.505366749475868e-06)
(0 0 0)
(0 0 0)
(0 0 0)
(0 0 0)
(0 0 0)
(0 0 0)
(0 0 0)
(0 0 0)
(0 0 0)
(0 0 0)
(0 0 0)
(0 0 0)
(0 0 0)
(0 0 0)
(0 0 0)
(0 0 0)
(0 0 0)
(0 0 0)
(0 0 0)
(0 0 0)
(0 0 0)
(0 0 0)
(0 0 0)
(0 0 0)
(0 0 0)
(0 0 0)
(0 0 0)
(0 0 0)
(0 0 0)
(0 0 0)
(0 0 0)
(0 0 0)
(0 0 0)
(0 0 0)
(0 0 0)
(0 0 0)
(0 0 0)
(0 0 0)
(0 0 0)
(0 0 0)
(0 0 0)
(0 0 0)
(0 0 0)
(0 0 0)
(0 0 0)
(-3.929982643287777e-07 1.712550269894708e-06 -1.984576606253129e-07)
(0 0 0)
(0 0 0)
(0 0 0)
(0 0 0)
(-1.712902143030177e-06 1.644250593731861e-06 -1.003813370387946e-06)
(0 0 0)
(9.517455512552662e-06 -2.562813419439027e-05 -9.950235308176021e-06)
(-2.100897585351177e-06 -4.452390426284194e-05 -7.168189080151651e-06)
(-1.883484887249786e-06 -4.78731784573134e-05 -8.773107561268715e-06)
(0 0 0)
(5.226509439887314e-06 -2.620598230715589e-05 2.305088357927852e-06)
(-5.923468964810203e-06 7.880307262813564e-06 -8.30581949233009e-06)
(1.039091689922399e-05 -5.34002710250491e-05 -6.952247391024452e-06)
(7.261618677908037e-06 -6.017355502583658e-06 9.837602731243181e-07)
(0 0 0)
(0 0 0)
(0 0 0)
(0 0 0)
(0 0 0)
(0 0 0)
(0 0 0)
(0 0 0)
(0 0 0)
(0 0 0)
(0 0 0)
(0 0 0)
(0 0 0)
(0 0 0)
(0 0 0)
(0 0 0)
(0 0 0)
(0 0 0)
(9.095708495058413e-06 -5.023908379909953e-06 1.177906220259193e-05)
(0 0 0)
(0 0 0)
(-4.232052506959482e-06 -2.916396754139099e-05 -2.383552711847738e-05)
(1.980612960099378e-06 6.506049796821861e-06 5.110418727231027e-06)
(4.359747667518099e-07 -1.960108515329843e-08 1.328628262721993e-06)
(0 0 0)
(0 0 0)
(0 0 0)
(0 0 0)
(0 0 0)
(0 0 0)
(0 0 0)
(0 0 0)
(0 0 0)
(0 0 0)
(5.678223003859358e-06 1.452026010854863e-05 7.906046109710061e-06)
(1.553272523391413e-06 8.637046988290483e-06 9.12725729004092e-07)
(0 0 0)
(3.576312574394767e-06 1.575339516261611e-05 -3.364434831631091e-06)
(-9.054204176151337e-07 -1.677762183048517e-08 -1.248810778591494e-07)
(-3.220118977855139e-06 -1.399312948965701e-06 -3.27475785748857e-07)
(-8.013305280021914e-06 -4.841989736082948e-05 1.269656892890271e-05)
(-7.275310871709393e-07 9.189641139023614e-06 1.383038084645581e-06)
(0 0 0)
(0 0 0)
(-3.919713593464416e-06 1.945661601651946e-06 2.726325504242825e-06)
(-6.448389915802354e-07 2.575808013241874e-06 2.525967856852673e-07)
(0 0 0)
(0 0 0)
(7.821558516799013e-07 1.929225958833538e-06 1.49700995429738e-07)
(0 0 0)
(-6.100878739178778e-06 -6.936768942126513e-05 -2.866955340131324e-05)
(-1.142470496582476e-06 3.690266873353591e-07 -2.68934605827541e-07)
(1.872649738002008e-06 7.26554397934091e-06 -7.304290675298872e-07)
(-4.643711666362205e-06 7.383946484675666e-06 -8.811810875639674e-07)
(0 0 0)
(0 0 0)
(-8.021188515296565e-07 1.065348730137003e-05 -3.114846952109791e-06)
(-4.228658406909509e-06 2.819839900251183e-06 -3.500080266855968e-06)
(0 0 0)
(0 0 0)
(-3.582393427740588e-06 -2.242205879528917e-05 2.713971574912411e-06)
(8.495209914425038e-06 1.498079768055801e-05 7.765224803292671e-06)
(2.294834062142132e-08 1.337870065687867e-07 1.949328340304451e-08)
(-4.312949275881852e-06 -9.170054793434355e-06 5.717451965151369e-07)
(0 0 0)
(0 0 0)
(0 0 0)
(0 0 0)
(0 0 0)
(0 0 0)
(0 0 0)
(0 0 0)
(0 0 0)
(0 0 0)
(0 0 0)
(0 0 0)
(0 0 0)
(0 0 0)
(0 0 0)
(0 0 0)
(0 0 0)
(0 0 0)
(-4.71718993806016e-07 8.9399005465098e-07 1.759166598225579e-06)
(0 0 0)
(-1.604159138446821e-07 2.514224801072601e-06 1.262871242606621e-06)
(0 0 0)
(0 0 0)
(0 0 0)
(0 0 0)
(0 0 0)
(-1.692171740392557e-06 1.74309136806175e-08 -2.200330532589054e-07)
(0 0 0)
(0 0 0)
(0 0 0)
(0 0 0)
(0 0 0)
(0 0 0)
(0 0 0)
(0 0 0)
(0 0 0)
(0 0 0)
(0 0 0)
(0 0 0)
(0 0 0)
(0 0 0)
(0 0 0)
(0 0 0)
(3.89665345197446e-06 4.72701547472711e-06 2.139822660720742e-06)
(0 0 0)
(0 0 0)
(2.754316028521505e-06 4.319894209680934e-06 5.796482954733339e-07)
(5.93721477367913e-06 4.381016448714443e-05 4.606830027202269e-06)
(5.009370653737174e-07 -2.347804774656611e-05 -7.09168550198344e-06)
(1.272494093001988e-05 -4.118708143065259e-05 -2.635163370514968e-06)
(1.352442432690925e-05 -4.90207434071309e-06 1.69666219191482e-05)
(2.021972491669337e-05 2.192543178563127e-05 3.173587993722667e-06)
(0 0 0)
(0 0 0)
(0 0 0)
(-4.657066022023618e-06 1.666375264564938e-07 -2.32336580050193e-06)
(-4.098577599753043e-06 -3.343480527688231e-06 -1.578143985468814e-06)
(-2.755298745275016e-06 -1.136927105480119e-06 -5.216015823656094e-07)
(0 0 0)
(-5.97238814780417e-07 5.633758355231698e-07 -4.635909287421128e-07)
(0 0 0)
(0 0 0)
(0 0 0)
(0 0 0)
(0 0 0)
(0 0 0)
(0 0 0)
(0 0 0)
(0 0 0)
(0 0 0)
(0 0 0)
(0 0 0)
(0 0 0)
(0 0 0)
(0 0 0)
(0 0 0)
(0 0 0)
(-4.573955559013187e-07 -4.515411836388398e-08 -2.763280213476386e-07)
(0 0 0)
(0 0 0)
(0 0 0)
(0 0 0)
(0 0 0)
(0 0 0)
(-2.986902972820618e-06 1.168738756658044e-05 3.217088701211653e-06)
(-1.940419008837964e-07 3.306738439380623e-06 3.026389859379604e-07)
(4.454521815312927e-07 3.34361666362535e-06 6.589942592514808e-07)
(0 0 0)
(0 0 0)
(0 0 0)
(0 0 0)
(0 0 0)
(0 0 0)
(0 0 0)
(0 0 0)
(0 0 0)
(0 0 0)
(0 0 0)
(0 0 0)
(0 0 0)
(0 0 0)
(0 0 0)
(0 0 0)
(0 0 0)
(0 0 0)
(0 0 0)
(0 0 0)
(0 0 0)
(0 0 0)
(0 0 0)
(0 0 0)
(0 0 0)
(0 0 0)
(0 0 0)
(0 0 0)
(0 0 0)
(0 0 0)
(0 0 0)
(0 0 0)
(-1.077420264975415e-05 -2.582124995339644e-05 7.726347181400041e-06)
(-1.114534897993998e-05 -2.747713258307607e-05 4.531874391002572e-06)
(0 0 0)
(0 0 0)
(0 0 0)
(0 0 0)
(-7.627243972210154e-07 1.4610053985779e-06 2.01012031654202e-06)
(0 0 0)
(0 0 0)
(0 0 0)
(0 0 0)
(0 0 0)
(0 0 0)
(0 0 0)
(0 0 0)
(0 0 0)
(0 0 0)
(0 0 0)
(0 0 0)
(0 0 0)
(0 0 0)
(0 0 0)
(0 0 0)
(0 0 0)
(0 0 0)
(0 0 0)
(0 0 0)
(0 0 0)
(0 0 0)
(4.706457498131893e-06 -3.650782819787184e-05 -2.296778286553891e-05)
(1.029153371454235e-05 -4.341452973306911e-06 2.944249403842624e-06)
(5.508420993844476e-07 -6.978012824372298e-05 -2.156651182183753e-05)
(0 0 0)
(0 0 0)
(0 0 0)
(0 0 0)
(0 0 0)
(-2.817768922863654e-06 3.920715713381775e-06 1.691491477146546e-06)
(-9.530025040383972e-08 1.511392111188897e-07 5.004738692635498e-08)
(-1.77005735151016e-06 2.490535545514259e-06 -5.065451367219685e-07)
(0 0 0)
(0 0 0)
(0 0 0)
(0 0 0)
(0 0 0)
(0 0 0)
(0 0 0)
(0 0 0)
(0 0 0)
(0 0 0)
(-6.17141184146407e-06 1.412097939213929e-05 -4.034204313905194e-06)
(-5.81748199362869e-06 -4.089432394171464e-05 -2.287470041904804e-06)
(7.96278654960666e-06 -9.573756184910156e-06 1.006467942239551e-05)
(2.156692984873612e-06 -2.023408463938366e-05 6.350031734781991e-06)
(0 0 0)
(0 0 0)
(0 0 0)
(0 0 0)
(0 0 0)
(0 0 0)
(0 0 0)
(0 0 0)
(0 0 0)
(0 0 0)
(0 0 0)
(0 0 0)
(0 0 0)
(0 0 0)
(0 0 0)
(0 0 0)
(0 0 0)
(0 0 0)
(1.463020453250858e-06 7.424976805487296e-06 3.007176275061291e-06)
(4.244816041773961e-06 -1.695337605246287e-05 6.182457376610916e-06)
(0 0 0)
(0 0 0)
(0 0 0)
(0 0 0)
(0 0 0)
(0 0 0)
(0 0 0)
(0 0 0)
(0 0 0)
(9.937149630616234e-06 -2.714135705854487e-05 9.946020395519687e-06)
(-6.233113480264722e-06 -2.509577960826048e-06 4.844267261103702e-07)
(0 0 0)
(-1.014336507974674e-06 -3.978468765997042e-07 4.744686350910254e-07)
(0 0 0)
(0 0 0)
(0 0 0)
(-3.364537922159958e-06 2.192274017231397e-06 3.852882684333497e-06)
(0 0 0)
(0 0 0)
(0 0 0)
(0 0 0)
(-6.315170285161187e-07 3.894563317105869e-07 -9.151895833056592e-08)
(-5.025480275642664e-07 7.822846448634403e-07 -2.654172587092851e-08)
(-2.423129647788855e-06 -2.709160191704681e-06 -1.2562318889356e-07)
(-1.662209804020877e-06 1.067673066086584e-06 -7.368303693022435e-07)
(-5.765367271086359e-07 6.80063495147323e-07 -4.873032936907462e-07)
(0 0 0)
(0 0 0)
(0 0 0)
(0 0 0)
(0 0 0)
(0 0 0)
(-1.14735504331316e-06 6.242643064903561e-07 -7.124160438631382e-07)
(0 0 0)
(0 0 0)
(-2.303829987820293e-05 3.184846970106838e-05 1.423160072687729e-05)
(-1.313524310939994e-05 1.365879696748293e-05 -2.069432797327699e-05)
(0 0 0)
(0 0 0)
(0 0 0)
(0 0 0)
(0 0 0)
(0 0 0)
(0 0 0)
(0 0 0)
(0 0 0)
(0 0 0)
(0 0 0)
(0 0 0)
(0 0 0)
(0 0 0)
(0 0 0)
(0 0 0)
(0 0 0)
(0 0 0)
(0 0 0)
(0 0 0)
(1.052685068958645e-05 1.08916260234319e-05 1.845559074788546e-05)
(0 0 0)
(0 0 0)
(0 0 0)
(0 0 0)
(0 0 0)
(0 0 0)
(0 0 0)
(0 0 0)
(0 0 0)
(0 0 0)
(0 0 0)
(0 0 0)
(0 0 0)
(3.17602842593445e-06 1.435723931853138e-05 1.227903588307786e-06)
(0 0 0)
(0 0 0)
(0 0 0)
(0 0 0)
(0 0 0)
(0 0 0)
(0 0 0)
(0 0 0)
(-1.197959356597438e-06 7.916170796237019e-07 -5.704263268172883e-07)
(2.574040243682202e-06 6.090889321249317e-06 5.080291215475569e-06)
(-2.946625687410435e-06 6.101890125636382e-06 -2.353020592049758e-06)
(-1.875884031135366e-05 -4.490452288382692e-05 6.529129215754755e-06)
(-5.192445794345174e-05 -1.121517946839228e-05 4.684595107098978e-06)
(-6.471452172884136e-05 -5.358293445465793e-05 -2.109444811816623e-05)
(-2.40523570946867e-05 6.686595895285065e-06 1.482881443691623e-05)
(-4.000974994738443e-06 -4.711157336145978e-06 1.411461672288555e-05)
(-2.068020598964071e-05 -1.964492256235178e-05 -5.255321720685911e-06)
(0 0 0)
(-7.221066684625084e-07 3.66768623325421e-06 2.244864571465753e-06)
(-6.633287788410289e-07 8.70458852552951e-07 2.709384386366403e-07)
(0 0 0)
(0 0 0)
(0 0 0)
(0 0 0)
(-3.271613501732359e-09 4.409680291431762e-08 -6.1956294187765e-09)
(0 0 0)
(3.235902210580593e-06 1.094980504820324e-05 9.625899872181424e-06)
(1.875980335597489e-06 4.266245688844663e-06 3.704667731464616e-06)
(0 0 0)
(-2.861671502576385e-06 1.52462561531257e-05 5.95793702436578e-06)
(0 0 0)
(0 0 0)
(0 0 0)
(0 0 0)
(0 0 0)
(0 0 0)
(0 0 0)
(0 0 0)
(0 0 0)
(0 0 0)
(0 0 0)
(0 0 0)
(0 0 0)
(0 0 0)
(0 0 0)
(0 0 0)
(0 0 0)
(0 0 0)
(0 0 0)
(0 0 0)
(0 0 0)
(0 0 0)
(0 0 0)
(0 0 0)
(0 0 0)
(0 0 0)
(0 0 0)
(0 0 0)
(0 0 0)
(0 0 0)
(0 0 0)
(0 0 0)
(0 0 0)
(0 0 0)
(0 0 0)
(0 0 0)
(0 0 0)
(0 0 0)
(0 0 0)
(0 0 0)
(0 0 0)
(0 0 0)
(0 0 0)
(0 0 0)
(0 0 0)
(0 0 0)
(0 0 0)
(0 0 0)
(0 0 0)
(0 0 0)
(0 0 0)
(0 0 0)
(0 0 0)
(0 0 0)
(0 0 0)
(0 0 0)
(0 0 0)
(0 0 0)
(0 0 0)
(0 0 0)
(0 0 0)
(0 0 0)
(0 0 0)
(0 0 0)
(0 0 0)
(0 0 0)
(0 0 0)
(0 0 0)
(0 0 0)
(0 0 0)
(0 0 0)
(0 0 0)
(0 0 0)
(0 0 0)
(0 0 0)
(0 0 0)
(0 0 0)
(0 0 0)
(0 0 0)
(0 0 0)
(0 0 0)
(0 0 0)
(0 0 0)
(0 0 0)
(0 0 0)
(0 0 0)
(0 0 0)
(0 0 0)
(0 0 0)
(0 0 0)
(0 0 0)
(0 0 0)
(0 0 0)
(0 0 0)
(0 0 0)
(0 0 0)
(0 0 0)
(0 0 0)
(0 0 0)
(0 0 0)
(0 0 0)
(0 0 0)
(0 0 0)
(0 0 0)
(0 0 0)
(0 0 0)
(0 0 0)
(0 0 0)
(0 0 0)
(0 0 0)
(0 0 0)
(0 0 0)
(0 0 0)
(0 0 0)
(0 0 0)
(0 0 0)
(0 0 0)
(0 0 0)
(0 0 0)
(0 0 0)
(0 0 0)
(0 0 0)
(0 0 0)
(0 0 0)
(0 0 0)
(0 0 0)
(0 0 0)
(0 0 0)
(0 0 0)
(0 0 0)
(0 0 0)
(0 0 0)
(0 0 0)
(0 0 0)
(0 0 0)
(0 0 0)
(0 0 0)
(0 0 0)
(0 0 0)
(0 0 0)
(0 0 0)
(0 0 0)
(0 0 0)
(0 0 0)
(0 0 0)
(0 0 0)
(0 0 0)
(0 0 0)
(0 0 0)
(0 0 0)
(0 0 0)
(0 0 0)
(0 0 0)
(0 0 0)
(0 0 0)
(-9.00469807426789e-07 1.827187209010362e-06 5.407458705886397e-07)
(0 0 0)
(0 0 0)
(0 0 0)
(0 0 0)
(0 0 0)
(0 0 0)
(-8.662393764551576e-08 5.34225950469667e-09 3.714226174604094e-08)
(-1.825828241389359e-06 3.485549727294867e-07 5.4790446498211e-07)
(0 0 0)
(-2.568564008268917e-06 8.258317992173517e-07 9.202084148272798e-07)
(0 0 0)
(0 0 0)
(0 0 0)
(-4.431875675281002e-08 7.090546153491957e-08 -3.619757607476962e-08)
(0 0 0)
(0 0 0)
(-4.533508102717197e-07 7.949914506949244e-07 -2.192282670796199e-07)
(0 0 0)
(0 0 0)
(0 0 0)
(0 0 0)
(0 0 0)
(0 0 0)
(0 0 0)
(0 0 0)
(0 0 0)
(0 0 0)
(0 0 0)
(0 0 0)
(0 0 0)
(0 0 0)
(0 0 0)
(0 0 0)
(0 0 0)
(0 0 0)
(0 0 0)
(0 0 0)
(0 0 0)
(0 0 0)
(0 0 0)
(0 0 0)
(0 0 0)
(0 0 0)
(0 0 0)
(0 0 0)
(0 0 0)
(0 0 0)
(0 0 0)
(0 0 0)
(0 0 0)
(0 0 0)
(0 0 0)
(0 0 0)
(0 0 0)
(0 0 0)
(0 0 0)
(0 0 0)
(0 0 0)
(0 0 0)
(0 0 0)
(0 0 0)
(0 0 0)
(0 0 0)
(0 0 0)
(0 0 0)
(0 0 0)
(0 0 0)
(0 0 0)
(0 0 0)
(0 0 0)
(0 0 0)
(0 0 0)
(0 0 0)
(0 0 0)
(0 0 0)
(0 0 0)
(0 0 0)
(0 0 0)
(0 0 0)
(0 0 0)
(0 0 0)
(0 0 0)
(0 0 0)
(0 0 0)
(0 0 0)
(0 0 0)
(0 0 0)
(0 0 0)
(0 0 0)
(0 0 0)
(0 0 0)
(0 0 0)
(0 0 0)
(0 0 0)
(0 0 0)
(0 0 0)
(0 0 0)
(0 0 0)
(0 0 0)
(0 0 0)
(0 0 0)
(0 0 0)
(0 0 0)
(0 0 0)
(0 0 0)
(0 0 0)
(0 0 0)
(0 0 0)
(0 0 0)
(0 0 0)
(0 0 0)
(0 0 0)
(0 0 0)
(0 0 0)
(0 0 0)
(0 0 0)
(0 0 0)
(0 0 0)
(0 0 0)
(0 0 0)
(0 0 0)
(0 0 0)
(0 0 0)
(0 0 0)
(0 0 0)
(0 0 0)
(0 0 0)
(0 0 0)
(0 0 0)
(0 0 0)
(0 0 0)
(0 0 0)
(0 0 0)
(0 0 0)
(0 0 0)
(0 0 0)
(0 0 0)
(0 0 0)
(0 0 0)
(0 0 0)
(0 0 0)
(0 0 0)
(0 0 0)
(0 0 0)
(0 0 0)
(0 0 0)
(0 0 0)
(0 0 0)
(0 0 0)
(0 0 0)
(0 0 0)
(0 0 0)
(0 0 0)
(0 0 0)
(0 0 0)
(0 0 0)
(0 0 0)
(0 0 0)
(0 0 0)
(0 0 0)
(-1.361374066716393e-06 1.537571591263269e-06 -1.474513373430046e-07)
(-2.056263824691041e-06 1.325458597079345e-06 8.0220615758175e-07)
(-7.428497473603538e-07 -5.525754852481595e-08 2.643593484877781e-07)
(0 0 0)
(0 0 0)
(0 0 0)
(-9.096349972689721e-07 1.880128815602052e-06 1.423686794796813e-06)
(0 0 0)
(0 0 0)
(0 0 0)
(0 0 0)
(-3.08253926905303e-07 8.101304284340719e-07 7.730256395045614e-07)
(-9.833814080951626e-07 3.272625259573192e-06 2.14574953382588e-06)
(0 0 0)
(-1.169607376518796e-06 3.820826661874316e-06 2.770005508980965e-06)
(-5.201665270632604e-06 1.928329674966806e-06 2.214937386608748e-06)
(0 0 0)
(0 0 0)
(0 0 0)
(6.053373664805698e-08 5.452446611179703e-06 3.896970641091882e-06)
(-4.265200093657954e-07 1.269483442768185e-06 3.13683326046469e-06)
(-1.002948414541909e-06 -8.159967585332419e-06 -8.446196242760763e-06)
(6.834359149769654e-09 9.381652470703106e-06 2.811047823717823e-06)
(0 0 0)
(0 0 0)
(-3.242783668541947e-07 2.086516687641578e-07 -8.829950301131003e-07)
(5.92647317200804e-07 4.936872919877922e-06 -2.507547387861348e-06)
(6.64882422841854e-06 2.387711712682948e-06 -1.547235549003438e-06)
(2.347060239519625e-05 4.370267278705065e-05 2.82788875013909e-05)
(1.467785394790096e-05 -4.83010102444115e-06 -2.448735247258008e-05)
(2.11410237407595e-05 1.951164406096661e-05 1.915172072778668e-05)
(0 0 0)
(0 0 0)
(0 0 0)
(0 0 0)
(0 0 0)
(0 0 0)
(0 0 0)
(0 0 0)
(0 0 0)
(0 0 0)
(0 0 0)
(0 0 0)
(0 0 0)
(0 0 0)
(0 0 0)
(0 0 0)
(0 0 0)
(0 0 0)
(0 0 0)
(0 0 0)
(0 0 0)
(0 0 0)
(0 0 0)
(0 0 0)
(0 0 0)
(0 0 0)
(0 0 0)
(0 0 0)
(0 0 0)
(0 0 0)
(0 0 0)
(0 0 0)
(0 0 0)
(-1.011453746858804e-06 1.152384024105467e-06 -1.169018171953165e-06)
(0 0 0)
(0 0 0)
(0 0 0)
(0 0 0)
(0 0 0)
(0 0 0)
(0 0 0)
(0 0 0)
(0 0 0)
(0 0 0)
(0 0 0)
(0 0 0)
(0 0 0)
(0 0 0)
(0 0 0)
(0 0 0)
(-1.285123791508845e-06 7.952190614971577e-07 3.765567244565224e-07)
(0 0 0)
(-2.019760330371581e-06 4.73696284425407e-07 8.283092734962857e-07)
(0 0 0)
(0 0 0)
(0 0 0)
(0 0 0)
(0 0 0)
(0 0 0)
(0 0 0)
(0 0 0)
(0 0 0)
(0 0 0)
(0 0 0)
(-5.416625336879564e-07 8.670277329220825e-07 -4.4127627850211e-07)
(0 0 0)
(0 0 0)
(0 0 0)
(0 0 0)
(0 0 0)
(0 0 0)
(0 0 0)
(0 0 0)
(0 0 0)
(0 0 0)
(0 0 0)
(0 0 0)
(0 0 0)
(0 0 0)
(0 0 0)
(0 0 0)
(0 0 0)
(0 0 0)
(0 0 0)
(0 0 0)
(0 0 0)
(0 0 0)
(0 0 0)
(0 0 0)
(0 0 0)
(0 0 0)
(0 0 0)
(0 0 0)
(0 0 0)
(0 0 0)
(0 0 0)
(0 0 0)
(0 0 0)
(0 0 0)
(0 0 0)
(0 0 0)
(0 0 0)
(0 0 0)
(0 0 0)
(0 0 0)
(0 0 0)
(0 0 0)
(0 0 0)
(0 0 0)
(0 0 0)
(0 0 0)
(0 0 0)
(0 0 0)
(0 0 0)
(0 0 0)
(0 0 0)
(0 0 0)
(0 0 0)
(0 0 0)
(0 0 0)
(0 0 0)
(0 0 0)
(0 0 0)
(0 0 0)
(0 0 0)
(0 0 0)
(0 0 0)
(0 0 0)
(0 0 0)
(0 0 0)
(0 0 0)
(8.113376588632954e-06 1.308781225494169e-05 5.328546546716996e-06)
(-9.942117157437273e-07 8.474020809898607e-07 4.826005972424571e-07)
(-7.806547458523501e-07 6.93185874391692e-06 6.542093744201415e-06)
(3.952317483882181e-06 8.263359824922903e-06 7.670124560706434e-06)
(0 0 0)
(0 0 0)
(0 0 0)
(0 0 0)
(-3.998047366947983e-07 1.505588184334243e-06 -1.07827068618077e-07)
(7.757367085126834e-06 1.323607283253898e-05 8.191428980347078e-06)
(-1.392465671068427e-06 8.098483359728666e-07 4.35069153372144e-06)
(-1.558982966775946e-06 -1.42223467566569e-08 4.845296073712875e-07)
(5.457286191895531e-06 1.801440312962388e-05 1.546686636794138e-05)
(-7.449819317443357e-06 3.558046097507393e-06 7.044882796129896e-06)
(0 0 0)
(0 0 0)
(0 0 0)
(0 0 0)
(0 0 0)
(0 0 0)
(0 0 0)
(0 0 0)
(0 0 0)
(0 0 0)
(0 0 0)
(0 0 0)
(0 0 0)
(0 0 0)
(0 0 0)
(0 0 0)
(0 0 0)
(0 0 0)
(0 0 0)
(0 0 0)
(0 0 0)
(0 0 0)
(0 0 0)
(0 0 0)
(0 0 0)
(0 0 0)
(0 0 0)
(0 0 0)
(0 0 0)
(0 0 0)
(0 0 0)
(0 0 0)
(0 0 0)
(0 0 0)
(0 0 0)
(0 0 0)
(0 0 0)
(0 0 0)
(0 0 0)
(0 0 0)
(0 0 0)
(0 0 0)
(0 0 0)
(0 0 0)
(0 0 0)
(0 0 0)
(0 0 0)
(0 0 0)
(0 0 0)
(0 0 0)
(0 0 0)
(0 0 0)
(0 0 0)
(0 0 0)
(0 0 0)
(0 0 0)
(0 0 0)
(0 0 0)
(0 0 0)
(0 0 0)
(0 0 0)
(0 0 0)
(0 0 0)
(0 0 0)
(0 0 0)
(0 0 0)
(0 0 0)
(0 0 0)
(0 0 0)
(0 0 0)
(0 0 0)
(0 0 0)
(0 0 0)
(0 0 0)
(0 0 0)
(0 0 0)
(0 0 0)
(0 0 0)
(0 0 0)
(0 0 0)
(0 0 0)
(0 0 0)
(0 0 0)
(0 0 0)
(0 0 0)
(0 0 0)
(0 0 0)
(0 0 0)
(0 0 0)
(0 0 0)
(0 0 0)
(0 0 0)
(0 0 0)
(0 0 0)
(0 0 0)
(0 0 0)
(0 0 0)
(0 0 0)
(0 0 0)
(0 0 0)
(0 0 0)
(0 0 0)
(0 0 0)
(0 0 0)
(0 0 0)
(0 0 0)
(0 0 0)
(0 0 0)
(0 0 0)
(0 0 0)
(0 0 0)
(0 0 0)
(0 0 0)
(0 0 0)
(0 0 0)
(0 0 0)
(0 0 0)
(0 0 0)
(0 0 0)
(0 0 0)
(0 0 0)
(-1.527419124757058e-06 7.30303624361283e-06 1.915148560431864e-06)
(0 0 0)
(0 0 0)
(0 0 0)
(0 0 0)
(0 0 0)
(0 0 0)
(0 0 0)
(0 0 0)
(0 0 0)
(3.364842902039777e-06 1.741582836916878e-06 6.704462378512718e-06)
(7.839527875603663e-06 3.85422275817512e-05 6.319081034829476e-06)
(-4.135898624388341e-05 -6.875816030716444e-05 -1.538813138666271e-05)
(-4.778509059449215e-05 -9.248430779127989e-06 -1.118417333811803e-05)
(-5.932936969530062e-06 -1.916626962536136e-05 9.221561903054049e-06)
(2.200548977511374e-05 3.510113122178489e-05 4.89331876338442e-06)
(-7.756823635091693e-06 -2.766852474335632e-05 -1.596367991381406e-05)
(-5.941889221229789e-06 -6.636410113855072e-06 -6.587190830044354e-06)
(1.472424219840987e-05 1.275171945774714e-05 -3.81576508275096e-06)
(7.873603951227635e-08 1.63766134411409e-05 1.316837982247756e-05)
(6.227101867322057e-07 -2.076774769862937e-05 -4.122591013762456e-05)
(0 0 0)
(0 0 0)
(0 0 0)
(0 0 0)
(0 0 0)
(0 0 0)
(0 0 0)
(0 0 0)
(0 0 0)
(0 0 0)
(0 0 0)
(0 0 0)
(0 0 0)
(0 0 0)
(0 0 0)
(0 0 0)
(0 0 0)
(0 0 0)
(0 0 0)
(0 0 0)
(0 0 0)
(0 0 0)
(8.041562155071105e-06 1.827936000879586e-05 7.912526901091415e-06)
(8.455107310373371e-06 2.719580429749073e-05 1.080882676675734e-05)
(-1.542483088952904e-05 -1.046983282909264e-05 6.173658424395855e-06)
(0 0 0)
(0 0 0)
(0 0 0)
(0 0 0)
(0 0 0)
(0 0 0)
(0 0 0)
(0 0 0)
(0 0 0)
(0 0 0)
(0 0 0)
(0 0 0)
(4.840084975671301e-06 1.079676347759151e-05 4.767738528252503e-06)
(0 0 0)
(0 0 0)
(0 0 0)
(0 0 0)
(0 0 0)
(-1.192165197628686e-06 1.713472145213374e-05 8.925825782789196e-07)
(0 0 0)
(0 0 0)
(5.115987062714053e-06 1.902785444346947e-05 6.105507430038201e-06)
(3.538616335052634e-06 2.239731753681979e-05 1.570075713430937e-07)
(3.659096239814223e-06 2.608188250901962e-05 1.788426596092974e-06)
(5.099122113706507e-06 9.829676243865287e-06 4.559038455120092e-06)
(5.306311315558105e-06 1.187198103838597e-05 5.445967572969428e-06)
(4.078539605499117e-07 2.117898003610088e-05 3.060277784440622e-06)
(0 0 0)
(0 0 0)
(0 0 0)
(0 0 0)
(0 0 0)
(0 0 0)
(0 0 0)
(0 0 0)
(-5.38959187501632e-07 1.490535983582761e-06 -1.729982292756646e-07)
(0 0 0)
(4.953365055430528e-06 1.68146657882079e-05 -1.187610785927179e-06)
(-3.26335052025393e-06 1.563564235952219e-06 -9.103682595982598e-07)
(5.613286944434096e-06 2.171798062807776e-05 -6.637663320096647e-07)
(6.408593709751419e-06 1.132428004341026e-05 6.160850027686266e-08)
(0 0 0)
(0 0 0)
(0 0 0)
(0 0 0)
(-6.235617392400357e-07 7.121364496237669e-08 -1.400414579952428e-07)
(-1.912536205511124e-06 1.088279487773869e-06 -7.880789391543092e-07)
(0 0 0)
(0 0 0)
(0 0 0)
(0 0 0)
(0 0 0)
(0 0 0)
(0 0 0)
(0 0 0)
(0 0 0)
(0 0 0)
(0 0 0)
(0 0 0)
(-3.926040171342901e-06 -2.4392695078432e-08 -5.144004345659718e-07)
(0 0 0)
(0 0 0)
(0 0 0)
(0 0 0)
(-6.299914695799146e-06 3.729070650627724e-06 -4.082366953420432e-08)
(0 0 0)
(0 0 0)
(0 0 0)
(0 0 0)
(-8.200240769462523e-06 4.540706191903738e-06 9.129746149870823e-07)
(0 0 0)
(0 0 0)
(-2.791429956665907e-06 7.538925005880269e-07 -5.481127708669485e-07)
(-3.788087185888866e-06 1.616266288582745e-06 -6.283796103083272e-07)
(-1.162795322935158e-06 1.681737154277772e-05 -1.07319873261052e-06)
(0 0 0)
(2.427625945263867e-06 3.32866378546002e-05 -5.009971984512743e-06)
(-1.708013642449353e-06 1.946627126269152e-06 -1.048484639473109e-06)
(-1.359105301274535e-05 6.256798228921246e-06 -8.656761784435975e-07)
(0 0 0)
(0 0 0)
(0 0 0)
(0 0 0)
(0 0 0)
(0 0 0)
(0 0 0)
(0 0 0)
(0 0 0)
(5.247967191343653e-05 7.004797927177811e-05 1.121521149644332e-05)
(-9.127544867754087e-07 5.641827976193487e-05 2.025770350481781e-05)
(0 0 0)
(0 0 0)
(0 0 0)
(0 0 0)
(0 0 0)
(0 0 0)
(0 0 0)
(0 0 0)
(0 0 0)
(0 0 0)
(-2.819142365821472e-06 3.121179047803654e-06 -4.841521025491664e-07)
(-6.119066830728727e-07 6.446563256783618e-07 3.390563635909398e-07)
(0 0 0)
(0 0 0)
(0 0 0)
(-7.144219858016635e-06 6.730403618820385e-06 -7.025901786651973e-07)
(-8.638136954105549e-06 9.081369231288267e-06 1.253743053210919e-06)
(0 0 0)
(-1.125836437898354e-05 3.659296600923103e-06 -3.68191653505606e-06)
(0 0 0)
(0 0 0)
(0 0 0)
(0 0 0)
(0 0 0)
(0 0 0)
(0 0 0)
(0 0 0)
(0 0 0)
(0 0 0)
(0 0 0)
(0 0 0)
(0 0 0)
(0 0 0)
(0 0 0)
(0 0 0)
(0 0 0)
(0 0 0)
(0 0 0)
(0 0 0)
(0 0 0)
(0 0 0)
(0 0 0)
(0 0 0)
(0 0 0)
(0 0 0)
(0 0 0)
(0 0 0)
(0 0 0)
(0 0 0)
(0 0 0)
(0 0 0)
(-2.210095453474083e-06 3.063855636751371e-06 -1.107981438468719e-07)
(-4.287409644524691e-06 2.203886130788545e-06 1.302303357837808e-06)
(-5.221552825841698e-06 1.227157769575347e-05 1.91138069071271e-06)
(-1.12285457735246e-05 1.274471869032207e-05 1.573722872092301e-06)
(-3.658480602963751e-06 6.509810127195219e-06 1.12641541117137e-06)
(-8.820663298562924e-07 7.099412851114655e-07 -2.297903246842724e-07)
(-1.29048879728518e-06 1.780372923510811e-06 -3.670777778702084e-07)
(0 0 0)
(-6.117101380889291e-07 1.154729808640554e-06 -4.511495179810155e-07)
(-1.074618154818208e-06 3.180808426287327e-06 -1.607971896253616e-06)
(0 0 0)
(0 0 0)
(-1.722392465393301e-06 2.264355063452315e-06 -3.361781693359751e-07)
(-1.050508592055266e-05 2.321871364247786e-06 -7.539787749944796e-07)
(-3.816363686118113e-06 2.018624824896492e-06 -2.47765319414418e-07)
(-4.670048672169773e-06 1.116209034992046e-06 1.905596754061679e-07)
(-6.425443212248031e-06 5.038678225603934e-06 -2.144672126912185e-07)
(-6.899450771595127e-06 4.922590728189602e-06 -1.7067214969703e-06)
(0 0 0)
(0 0 0)
(0 0 0)
(0 0 0)
(0 0 0)
(0 0 0)
(0 0 0)
(0 0 0)
(0 0 0)
(0 0 0)
(0 0 0)
(0 0 0)
(0 0 0)
(0 0 0)
(-4.089386435493533e-06 4.181903434751137e-06 -5.478515942886752e-07)
(0 0 0)
(0 0 0)
(0 0 0)
(0 0 0)
(0 0 0)
(0 0 0)
(0 0 0)
(0 0 0)
(0 0 0)
(-9.667856258929708e-07 1.175082429527992e-06 6.576074565193145e-08)
(-8.569152180450085e-07 2.173370716992466e-06 -1.071186187663644e-07)
(0 0 0)
(0 0 0)
(0 0 0)
(-1.687749798167939e-05 -2.52553975933321e-05 -2.432477988929577e-06)
(-1.234944008472917e-05 2.841616749054223e-05 1.995083571497131e-07)
(8.600977166509992e-07 2.917528381474981e-05 -2.841540181179061e-06)
(7.189244939502958e-06 3.515263333220851e-05 1.02637180188179e-05)
(-2.032796071014806e-05 6.495160209510631e-06 -6.031371898503423e-06)
(5.790728087207049e-06 6.487792441825226e-05 2.127506661560497e-05)
(-5.145470292118048e-06 1.100423307920492e-05 7.065111230855163e-06)
(-8.580271914295229e-06 2.078807117905817e-05 8.473778259365253e-06)
(-1.361632255901541e-05 2.14089639083129e-05 9.200644903397034e-06)
(-9.341265202665192e-06 3.204375198372152e-05 -2.157494695909117e-06)
(-1.335634926381199e-05 2.321497535791405e-05 -2.442574428643498e-06)
(-3.405789783741639e-06 3.609402917994483e-05 1.181625192611512e-05)
(-9.175420198033116e-06 3.432140452003504e-05 -2.255200437675035e-06)
(1.51412369744205e-06 3.960421967348624e-05 1.004260288624957e-05)
(0 0 0)
(0 0 0)
(0 0 0)
(0 0 0)
(-3.664856943733991e-06 2.190053796999665e-06 1.809000519424239e-06)
(0 0 0)
(0 0 0)
(-2.024470698566501e-06 7.588062013161967e-07 3.652157901597671e-07)
(0 0 0)
(1.27215320315976e-06 9.785232081905859e-07 -1.079465350949276e-05)
(-3.861589711407634e-06 -1.006805509151536e-06 3.385138481928128e-06)
(0 0 0)
(0 0 0)
(0 0 0)
(-5.154777417732041e-05 -3.973866853828021e-06 7.281176537458191e-06)
(-2.071394726574812e-06 2.596337605345024e-06 -2.107205341218545e-07)
(0 0 0)
(-4.67737582408038e-06 6.533454697928487e-06 -5.231319429313704e-07)
(0 0 0)
(0 0 0)
(0 0 0)
(0 0 0)
(0 0 0)
(0 0 0)
(0 0 0)
(-2.22912178520606e-06 2.98349253840886e-06 -2.974120969672142e-07)
(0 0 0)
(0 0 0)
(0 0 0)
(0 0 0)
(0 0 0)
(0 0 0)
(0 0 0)
(0 0 0)
(0 0 0)
(0 0 0)
(0 0 0)
(0 0 0)
(0 0 0)
(0 0 0)
(0 0 0)
(0 0 0)
(0 0 0)
(0 0 0)
(0 0 0)
(0 0 0)
(0 0 0)
(0 0 0)
(0 0 0)
(0 0 0)
(0 0 0)
(0 0 0)
(0 0 0)
(0 0 0)
(0 0 0)
(0 0 0)
(-2.154966644475039e-06 1.707352164361433e-06 1.726416841748302e-07)
(0 0 0)
(0 0 0)
(0 0 0)
(0 0 0)
(0 0 0)
(0 0 0)
(-2.202997246547126e-06 2.228143040049542e-06 -2.480370548836176e-07)
(-1.033282957036049e-06 1.525965366789151e-06 -1.555802581669236e-07)
(0 0 0)
(0 0 0)
(0 0 0)
(-1.431607461792585e-06 2.434067912620038e-06 -2.1783175329889e-06)
(-3.079673187748879e-06 4.999812862923439e-06 -3.468628234458342e-07)
(-2.247123321806936e-06 2.967437139574012e-06 -1.328467706511732e-07)
(-3.594005757181564e-06 3.816490894207549e-06 -1.178784831538695e-06)
(-1.04635075526145e-05 1.398573874610159e-05 -2.032569151882238e-06)
(0 0 0)
(0 0 0)
(0 0 0)
(0 0 0)
(-2.891474392052839e-06 2.736071036817235e-06 2.249199133872447e-07)
(0 0 0)
(0 0 0)
(-1.860369080765563e-06 1.660924152715123e-06 1.747869017910959e-07)
(0 0 0)
(-2.115414826077912e-05 -6.700604695195513e-06 3.574721966733676e-06)
(9.414035859129368e-06 4.75798864479736e-06 4.064272040446247e-07)
(-4.380915548854783e-05 -3.117709890484599e-05 1.019297120373873e-06)
(-5.619982532945367e-06 6.520749087149849e-06 7.415976689387348e-07)
(-7.498167572974834e-06 5.049900368472108e-06 -3.096476561199357e-06)
(-3.12113643868114e-06 5.113991026409564e-06 -1.401314666207607e-06)
(0 0 0)
(-6.124307891158603e-06 6.146604917837769e-06 -4.398404274184875e-07)
(-2.59197508080392e-06 2.620071626968641e-06 3.320967890819079e-08)
(-2.681886814639571e-06 2.607018737159085e-06 3.234839076892132e-08)
(-3.662672757015961e-06 1.86761839707703e-06 -9.295863705778557e-06)
(-1.690473305184024e-05 -2.162300533274839e-05 -9.230611869812278e-06)
(0 0 0)
(-8.603101682316593e-06 3.344597841380069e-05 -7.535875632543631e-06)
(1.818385240557204e-06 -5.624351798831501e-06 2.842173837945041e-06)
(-2.744698370249303e-05 -4.050458637137608e-05 -8.369594321848023e-06)
(-8.004297526382548e-07 5.836125394594745e-06 -2.302624730363203e-06)
(-1.895656269912181e-05 1.822329571079243e-05 7.981577300948219e-07)
(-3.499479113066874e-05 -3.224111808438757e-05 -2.778851799225379e-05)
(0 0 0)
(-3.889498362736693e-05 -2.995188636489328e-06 8.965270926420903e-07)
(-2.422223217088302e-05 2.529952751520323e-05 -2.537493140889989e-05)
(-1.026381301705726e-06 1.116599394307527e-05 -1.114686635664283e-06)
(-1.970744901906147e-05 -1.155710421838087e-05 -6.971449753276786e-06)
(-1.602073231515319e-05 1.431799722585287e-05 2.153950048209499e-06)
(0 0 0)
(0 0 0)
(0 0 0)
(0 0 0)
(0 0 0)
(-2.799221629788276e-05 -1.991581506785248e-05 -1.970979085511743e-05)
(0 0 0)
(0 0 0)
(0 0 0)
(0 0 0)
(0 0 0)
(0 0 0)
(0 0 0)
(0 0 0)
(0 0 0)
(0 0 0)
(-7.680935556289988e-07 1.27515532491605e-06 -2.949841550917349e-08)
(0 0 0)
(0 0 0)
(0 0 0)
(0 0 0)
(0 0 0)
(0 0 0)
(0 0 0)
(0 0 0)
(0 0 0)
(0 0 0)
(0 0 0)
(0 0 0)
(0 0 0)
(0 0 0)
(0 0 0)
(0 0 0)
(0 0 0)
(0 0 0)
(6.651921483459605e-06 -3.679006689623121e-05 -1.618094283940701e-05)
(-4.427745926995325e-06 -1.117786927105565e-05 2.471059036425623e-05)
(0 0 0)
(-1.615972527103192e-06 3.981910611530776e-08 1.763968158302411e-07)
(9.958095490344788e-07 1.496095792242051e-06 4.981779872982287e-07)
(4.964435344415453e-07 -3.764772599166107e-06 -8.387489785872388e-06)
(0 0 0)
(0 0 0)
(0 0 0)
(6.532145077948057e-06 1.798270522514412e-06 6.563159854417553e-06)
(-7.221323408737137e-07 -6.684402753827014e-06 -8.140983759353857e-06)
(-5.652393587122848e-06 -6.022572167941596e-06 -8.323563855901371e-06)
(-7.994418902399956e-06 -1.483785406338633e-05 -1.379975910144998e-05)
(0 0 0)
(0 0 0)
(-5.840089018352525e-06 7.284068146580854e-06 -5.268623667449148e-07)
(-2.514953862392628e-05 2.955009007020429e-05 2.180849324765329e-06)
(-1.427886444024082e-05 1.316791609074943e-05 -1.668976576946993e-06)
(-9.094009935688282e-06 8.852889639986845e-06 -6.059631893896938e-07)
(-8.36092553299251e-06 8.522111709585893e-06 -2.591474924796005e-07)
(-5.59285666611453e-06 7.318493100537606e-06 -3.117574780926382e-07)
(-4.636240908346362e-06 7.627988481231306e-06 -2.098029510387737e-07)
(-9.260774769868163e-06 1.665339085169329e-05 -1.341440673286744e-06)
(-6.030902668650077e-06 1.229839960147927e-05 -4.577435726798433e-07)
(-3.840446986025542e-06 2.105750396778507e-06 -2.288284409378916e-06)
(-4.075272242930168e-06 5.694083390152991e-06 -2.021514697055511e-06)
(-2.359074599210205e-05 2.401728299733347e-05 -3.409134850550571e-06)
(-1.806936562757612e-05 2.221490405476198e-05 -5.823148400380664e-06)
(-1.543153111927066e-05 1.506326170510441e-05 -4.224093596659552e-06)
(-2.005929765998411e-05 3.536648292764528e-05 2.152270010063119e-06)
(-1.361863051893813e-05 2.806827823279286e-05 -2.637136073606924e-06)
(-2.498175888541311e-06 1.730512307662437e-05 1.621284060952964e-06)
(-1.826681520214403e-05 8.715374828220283e-05 -1.117470792506665e-05)
(-3.783096769700979e-05 -8.664299770262705e-06 8.741561829406721e-06)
(-3.307739889666191e-05 6.101458977448219e-06 -1.508220532313914e-05)
(-1.302625412587551e-06 4.546193383317933e-05 6.10953780353186e-06)
(-5.227377771741405e-05 -7.594773456373402e-05 1.490790654561076e-06)
(2.255897125876604e-06 2.429844581550961e-05 6.133794100078062e-07)
(-1.336029217768571e-05 5.928783086063608e-06 3.835624208400103e-06)
(-2.129445406366495e-05 -1.187776578352374e-05 -3.866938858026333e-07)
(-2.766749454098511e-06 4.635446288787521e-05 -1.628147680583585e-05)
(-6.262526121659037e-06 1.173858349683676e-05 -6.723755682040258e-06)
(-3.484260836909808e-06 -1.190777047973466e-05 3.869419757595101e-06)
(-8.95020878295492e-06 1.535445355237051e-05 -8.688971808699428e-07)
(-4.386256548686801e-06 6.673079697082292e-06 6.780790775807887e-08)
(-2.926770164818484e-06 5.460023824597422e-06 -2.933845947963789e-07)
(-1.090326540683643e-05 2.25538094187608e-07 -3.644641255970518e-06)
(-2.796987056614606e-06 4.105244782132993e-06 -1.751189116584769e-07)
(-1.218856453421709e-06 2.007054890620501e-06 -7.117989735684923e-08)
(-4.047131042661208e-06 6.811531925946696e-06 -7.99996794524827e-07)
(-5.649649702431239e-06 8.845284139524402e-06 -4.169280047808131e-07)
(-2.229277778425738e-06 8.309606170395157e-06 6.512445972390552e-07)
(-5.758177674082693e-06 7.683632188101599e-06 1.589264809313858e-06)
(-5.480127723814713e-06 7.034163607711846e-06 -1.877349355189324e-07)
(-2.62320507618848e-06 4.205074486028254e-06 -3.010546298690443e-07)
(-5.273594741420195e-06 8.685799054563793e-06 -3.912304421814897e-07)
(-4.891377378913396e-06 9.023052153584952e-06 1.404255549380551e-07)
(-1.185158184256006e-06 2.266734854715561e-06 -5.097759431199773e-07)
(-2.71388783206145e-06 4.18647177038673e-06 7.492873178217471e-08)
(-1.396328812553607e-06 1.077924689124062e-06 -8.141943870492684e-08)
(-1.333954371579557e-05 2.402412750961172e-05 -3.419448499492862e-06)
(-8.124431793983818e-06 1.607060656503751e-05 -9.130845997486224e-07)
(-6.09354673729317e-06 1.244557847653165e-05 3.936950834643959e-07)
(-7.634229335085282e-06 1.551741339710823e-05 -5.5382127083932e-07)
(-4.613825879335491e-06 8.855096749355762e-06 6.397085623468005e-08)
(-5.503148762340083e-06 7.94228846215538e-06 -1.627247572347182e-06)
(-5.403700884032088e-06 1.202535055152746e-05 -2.451368906673793e-06)
(-4.89020790150666e-06 6.451685206525982e-06 -2.739745857054561e-06)
(0 0 0)
(-1.548462565982268e-06 2.843148718840926e-06 -2.847450790983582e-07)
(-5.806599777722957e-06 7.869688895219697e-06 -1.291286770965508e-06)
(-5.703265604038413e-06 1.350425773330999e-05 -1.140088161318934e-06)
(0 0 0)
(-1.400184079485883e-06 2.363027140480325e-06 -9.195004114873886e-08)
(-4.38514189833378e-06 6.824680791695768e-06 1.190778768963024e-07)
(-1.761300243265139e-06 2.949680281652794e-06 -9.279066084021722e-08)
(-1.375247997548699e-06 1.775889429719561e-06 1.840728853480207e-07)
(-1.545394081030716e-06 2.652684919376071e-06 4.729579999667706e-07)
(-1.248293163041072e-06 1.450742888096839e-06 -3.520477381181754e-07)
(-1.232308044178834e-06 1.525108494578762e-06 -9.531358516466478e-08)
(-6.418698345347558e-07 1.208280581774367e-06 -1.061710190928392e-07)
(0 0 0)
(0 0 0)
(0 0 0)
(0 0 0)
(-8.348790652834397e-06 9.709555778599733e-06 4.197804802496757e-07)
(-5.049263876381856e-06 6.963210577462385e-06 -2.592313689303954e-07)
(0 0 0)
(0 0 0)
(-7.398359398601351e-07 2.069736248656375e-06 -3.967384108053981e-08)
(0 0 0)
(-2.60365784005736e-06 2.22226187457232e-06 -2.910889181158463e-07)
(-2.794362570304251e-06 4.863603596753065e-06 3.484667576802289e-07)
(0 0 0)
(-1.512799371615903e-06 1.952959970807618e-06 -4.254483127045061e-07)
(-2.85994271459505e-06 2.951449433642521e-06 2.175561556939381e-07)
(-1.440819717174802e-06 1.46161149942601e-06 5.781642990139674e-07)
(-1.819552954435353e-06 2.274634786811852e-06 3.254789306206132e-07)
(-5.574476682212774e-06 8.332094005658007e-06 3.39849613132994e-07)
(-3.428389273809254e-06 2.931844211966031e-06 1.367737407931865e-06)
(-6.976261718214345e-06 7.998817649274613e-06 2.090406951502247e-06)
(-1.876101182475184e-06 2.05271662934167e-06 3.588766052060769e-07)
(0 0 0)
(0 0 0)
(-1.861979128194803e-05 1.881458681295582e-05 -1.711413858708987e-06)
(-1.16244211833822e-05 1.242092702873483e-05 -5.548612337532819e-07)
(-1.338687650594596e-05 1.391485598031583e-05 1.248610744331655e-06)
(-4.099878097314861e-06 9.133557798973887e-06 7.463022664974089e-07)
(-2.66456540968993e-06 4.123427160234233e-06 2.688585540081859e-07)
(0 0 0)
(-4.054783095937293e-06 7.824960267130648e-06 -2.915685019759637e-07)
(0 0 0)
(0 0 0)
(0 0 0)
(-9.100718971645805e-07 1.82214978841286e-06 -2.90344666774037e-07)
(-2.198647632631419e-06 3.221940511407724e-06 5.898061102924948e-08)
(-1.501005732338418e-06 1.938765068427563e-06 -2.923860221516461e-07)
(-2.945245035319407e-06 5.843893623376336e-06 1.307537835557328e-07)
(0 0 0)
(0 0 0)
(0 0 0)
(0 0 0)
(0 0 0)
(0 0 0)
(0 0 0)
(0 0 0)
(0 0 0)
(0 0 0)
(0 0 0)
(0 0 0)
(0 0 0)
(-6.119716624437466e-07 7.605953837429969e-07 5.954836360205749e-07)
(-2.655145478551776e-06 1.425589298896345e-06 3.866306058714419e-06)
(-8.742300137354589e-06 4.199653577127138e-06 3.053822948198294e-06)
(-1.211001495223168e-05 8.917431442577915e-06 3.78261042676228e-06)
(-1.315573384162785e-05 1.295943153099651e-05 3.665081248095974e-06)
(0 0 0)
(0 0 0)
(0 0 0)
(0 0 0)
(-1.204378334689882e-05 7.930606957539465e-06 1.487950478042803e-06)
(0 0 0)
(0 0 0)
(0 0 0)
(0 0 0)
(-2.056425415267046e-06 3.739451790625133e-06 -1.273159635548941e-06)
(-1.041696837305256e-06 3.253331349458238e-06 -4.291845709159139e-07)
(-1.674382381896982e-06 2.420294636468789e-06 2.318054058470183e-07)
(-1.52159369027512e-06 2.220450443264158e-06 -2.0615670198392e-07)
(-9.218901154596445e-07 6.928982097869106e-07 2.567828353488332e-07)
(-2.133746716493398e-06 1.815138590993298e-06 9.50589681060519e-07)
(0 0 0)
(0 0 0)
(0 0 0)
(0 0 0)
(0 0 0)
(0 0 0)
(0 0 0)
(0 0 0)
(-6.736274359079268e-07 1.096144648674291e-06 1.381614705986414e-07)
(-2.066506652678736e-06 2.440660769374823e-06 2.610477347894378e-07)
(-1.011377071578902e-05 9.846752994778712e-06 4.953994162956321e-07)
(0 0 0)
(0 0 0)
(0 0 0)
(0 0 0)
(0 0 0)
(-7.496029966371077e-06 4.006509971382635e-06 4.347669968529758e-06)
(-2.553254834747108e-05 1.670450739119545e-05 7.436310646586576e-06)
(-1.392043661896683e-05 2.222370250432159e-05 6.926691317138951e-06)
(-4.573370517237059e-06 5.179791726170837e-06 9.562484015736775e-07)
(-1.028709487928136e-05 8.974057085854001e-06 1.278745922512877e-06)
(-3.856557891272668e-07 1.036204615400116e-06 5.589449638261309e-07)
(0 0 0)
(0 0 0)
(0 0 0)
(0 0 0)
(0 0 0)
(0 0 0)
(-3.272334720743969e-06 3.351303025356789e-06 5.20547647036491e-06)
(0 0 0)
(0 0 0)
(0 0 0)
(0 0 0)
(-3.448680771835802e-06 4.069624252208081e-06 3.115798105452394e-07)
(-2.193349627425452e-06 3.287653001462438e-06 3.837386004559859e-07)
(0 0 0)
(0 0 0)
(0 0 0)
(0 0 0)
(0 0 0)
(0 0 0)
(0 0 0)
(0 0 0)
(0 0 0)
(0 0 0)
(0 0 0)
(0 0 0)
(0 0 0)
(0 0 0)
(0 0 0)
(0 0 0)
(-1.592543876738975e-06 2.482655938659032e-06 4.965607433641204e-07)
(0 0 0)
(0 0 0)
(0 0 0)
(0 0 0)
(0 0 0)
(0 0 0)
(0 0 0)
(0 0 0)
(0 0 0)
(0 0 0)
(0 0 0)
(0 0 0)
(0 0 0)
(0 0 0)
(0 0 0)
(0 0 0)
(0 0 0)
(0 0 0)
(0 0 0)
(0 0 0)
(0 0 0)
(0 0 0)
(0 0 0)
(0 0 0)
(0 0 0)
(-2.456108573359429e-06 3.782481583984483e-06 2.872405163144766e-07)
(-3.176635220788151e-06 4.602508120467455e-06 1.026256102592112e-06)
(-3.449037784853742e-06 4.635294915333466e-06 8.987242647783527e-07)
(0 0 0)
(0 0 0)
(0 0 0)
(0 0 0)
(0 0 0)
(0 0 0)
(0 0 0)
(0 0 0)
(0 0 0)
(0 0 0)
(0 0 0)
(-1.894944122733146e-06 4.52659540005506e-06 -1.335427981809624e-06)
(0 0 0)
(0 0 0)
(0 0 0)
(0 0 0)
(0 0 0)
(0 0 0)
(0 0 0)
(0 0 0)
(0 0 0)
(0 0 0)
(0 0 0)
(0 0 0)
(0 0 0)
(0 0 0)
(0 0 0)
(0 0 0)
(0 0 0)
(0 0 0)
(0 0 0)
(0 0 0)
(0 0 0)
(0 0 0)
(0 0 0)
(0 0 0)
(0 0 0)
(0 0 0)
(0 0 0)
(0 0 0)
(0 0 0)
(0 0 0)
(0 0 0)
(0 0 0)
(-5.182267037024973e-06 6.335682765227395e-06 -6.307083393172344e-07)
(-3.918808259565638e-06 6.185702535876685e-06 -1.372701813295035e-06)
(-1.169516524699311e-06 2.218656877497234e-06 -2.975915172844774e-07)
(0 0 0)
(0 0 0)
(0 0 0)
(0 0 0)
(0 0 0)
(0 0 0)
(0 0 0)
(0 0 0)
(0 0 0)
(0 0 0)
(0 0 0)
(0 0 0)
(-9.384684572234001e-06 1.516271246225027e-05 2.590408972011256e-06)
(0 0 0)
(0 0 0)
(0 0 0)
(0 0 0)
(0 0 0)
(0 0 0)
(0 0 0)
(0 0 0)
(0 0 0)
(0 0 0)
(0 0 0)
(0 0 0)
(0 0 0)
(0 0 0)
(0 0 0)
(0 0 0)
(0 0 0)
(0 0 0)
(0 0 0)
(0 0 0)
(0 0 0)
(0 0 0)
(0 0 0)
(0 0 0)
(0 0 0)
(0 0 0)
(0 0 0)
(0 0 0)
(0 0 0)
(0 0 0)
(0 0 0)
(0 0 0)
(0 0 0)
(0 0 0)
(0 0 0)
(0 0 0)
(0 0 0)
(0 0 0)
(0 0 0)
(0 0 0)
(0 0 0)
(0 0 0)
(0 0 0)
(0 0 0)
(0 0 0)
(0 0 0)
(0 0 0)
(0 0 0)
(0 0 0)
(0 0 0)
(0 0 0)
(0 0 0)
(0 0 0)
(-4.919456042475745e-06 8.405537422078844e-06 5.969456468193448e-07)
(-4.877910592851889e-06 6.766425154950857e-06 -2.341289676458416e-07)
(0 0 0)
(0 0 0)
(0 0 0)
(0 0 0)
(0 0 0)
(0 0 0)
(0 0 0)
(0 0 0)
(0 0 0)
(0 0 0)
(0 0 0)
(0 0 0)
(0 0 0)
(-3.249596347318811e-06 2.482753866779027e-05 1.519605093889434e-05)
(-3.693669387447351e-06 6.586740272457018e-05 3.802718384464154e-05)
(1.279697503244816e-05 4.717818850981583e-05 4.48509496126109e-06)
(-9.478245560510755e-06 5.672632162988297e-05 1.716552422776239e-05)
(-1.543767937337276e-05 3.915222270324421e-05 2.250668865051245e-07)
(0 0 0)
(2.850548740061431e-07 3.618117087961884e-07 -5.452626717544858e-09)
(-1.279825404066248e-06 9.297539264503924e-07 -1.793555374440374e-06)
(-1.698373064896198e-06 -1.312612944843429e-06 -9.788361674101494e-07)
(0 0 0)
(0 0 0)
(0 0 0)
(0 0 0)
(0 0 0)
(0 0 0)
(-3.62322920102126e-07 -2.039657278628516e-08 -1.191744009040321e-06)
(-5.744856510119781e-06 -1.096698431549287e-06 -8.365270064775932e-06)
(4.055550748900008e-06 -2.798878374408454e-08 1.613720910589974e-06)
(-6.415640643074922e-06 -5.306275471210841e-06 -3.676864020245734e-06)
(2.003070636102007e-06 3.950374959685159e-05 5.057331208395029e-05)
(-2.160989526585227e-05 3.129951218067096e-05 1.352527110146488e-06)
(-2.116741694641056e-05 1.85542722490041e-05 1.551896902392664e-06)
(-4.868503173407443e-06 6.129800878145707e-05 1.256703525321014e-05)
(3.201166556814854e-06 4.834734965361197e-05 6.275671930027538e-06)
(-4.95958910957819e-06 5.488427645210397e-05 1.146450317306722e-07)
(-8.505786045843595e-06 1.488033130755233e-05 1.737065162007703e-07)
(-1.24350060906338e-05 2.189035479192271e-05 -7.755365192605185e-07)
(-2.148033332349758e-06 3.077353255401791e-06 -3.670334258505165e-08)
(-2.23993927301242e-06 3.207462607267415e-06 -5.211431478194907e-08)
(-5.765553155523505e-06 9.615570956643504e-06 -4.071384686291899e-07)
(-1.748274027278169e-06 2.663036780126205e-06 3.003703662902047e-08)
(-4.881746276965197e-06 9.840797064432944e-06 5.704039619023707e-07)
(-3.879245942430252e-06 6.932740486506183e-06 6.189015415380843e-07)
(-5.183317919347045e-06 6.564176708391047e-06 -1.976095770896215e-07)
(0 0 0)
(-8.196079774425042e-06 1.372520819311388e-05 1.073908102206665e-08)
(-1.970181101537576e-05 2.256822993343996e-05 1.346713430231536e-06)
(-6.793113759649828e-06 9.978718939158651e-06 7.106523279539885e-07)
(-4.425708606512674e-06 7.198940772557736e-06 7.939212139394983e-07)
(1.375222164046064e-05 9.328489600250881e-05 2.068798086718898e-05)
(-3.842001423503917e-08 5.911988832267459e-08 -7.733882540992766e-09)
(-2.116178762543509e-05 -5.250950401849624e-07 -2.243743435431352e-05)
(3.754317773775792e-06 1.776834000862883e-06 -5.471741612888873e-06)
(-4.167381950486698e-06 6.164168992449054e-06 -2.63238289300603e-06)
(6.724525068536389e-06 -2.921744226680271e-06 -4.934200928959127e-06)
(1.265238758726709e-05 2.110067777329828e-05 -9.888422641876889e-07)
(-7.32421272666964e-07 1.276999429009255e-06 1.825995270455812e-07)
(-2.200894683686916e-06 3.061425517285627e-06 1.40738025557953e-08)
(0 0 0)
(0 0 0)
(0 0 0)
(0 0 0)
(-1.57727896294982e-07 1.643330755110079e-06 2.556246672231591e-08)
(-9.62877752324043e-07 1.553244940013725e-06 -3.535403333869261e-07)
(-1.574048881862866e-06 2.021509992750827e-06 -1.13435351286354e-07)
(-1.450098614286493e-06 1.973788475217277e-06 -9.242805645591803e-08)
(-3.926690145331204e-06 4.570271451436e-06 -3.137603477054424e-07)
(-1.205801465858889e-06 1.279172740686584e-06 2.979800290896469e-07)
(-7.760682488342706e-07 2.809239275604192e-06 1.138750154537094e-07)
(-4.219581417598253e-06 6.768860263498691e-06 6.823949427631616e-07)
(-1.209675555970279e-06 1.712987965816109e-06 -1.833704762795759e-07)
(0 0 0)
(0 0 0)
(-2.120280154841293e-06 4.029849620536278e-06 -3.734923309997472e-07)
(-4.518911704662635e-06 6.362916354973424e-06 -5.317140869602833e-07)
(0 0 0)
(-1.560273539855393e-06 3.048201906698554e-06 5.14222965767143e-08)
(0 0 0)
(-1.428632391311427e-06 2.16065729509472e-06 -7.171620083973265e-07)
(-1.479347943956294e-06 2.302557069940757e-06 -3.506203090162687e-07)
(-1.543843162099573e-06 1.295120645953563e-06 2.478100780768236e-07)
(-2.458440953354171e-06 2.600995591105187e-06 -8.380302789429628e-09)
(0 0 0)
(0 0 0)
(-9.969147186397662e-07 1.41621023395238e-06 -1.236514642590243e-07)
(0 0 0)
(0 0 0)
(0 0 0)
(0 0 0)
(-2.993621193947669e-06 2.690552833704451e-06 -3.833186954333255e-07)
(-3.49056348545052e-06 3.415047550905e-06 -1.50911605801087e-07)
(0 0 0)
(-8.590433234741541e-06 1.371378899538012e-05 -4.03976606898829e-07)
(-1.998870227059821e-06 1.37973888574927e-06 -1.366165011464283e-07)
(0 0 0)
(0 0 0)
(-2.950270122792641e-05 -2.466807167687024e-05 -3.857383745566444e-05)
(-1.270388265355889e-05 -1.668114253826582e-05 -2.637014612607451e-05)
(0 0 0)
(0 0 0)
(0 0 0)
(0 0 0)
(0 0 0)
(0 0 0)
(1.482874067568668e-05 -1.7986891419055e-05 -2.852361558843835e-06)
(0 0 0)
(1.629510429472177e-06 1.944436416519678e-06 1.753455439983916e-06)
(-9.946140833405433e-07 -1.313457485560949e-06 -2.702551523903855e-06)
(-1.081092090511188e-06 -1.191150133157222e-06 -2.483392616025766e-06)
(0 0 0)
(0 0 0)
(3.247919676094855e-06 1.355744186360546e-06 3.76379071137055e-07)
(8.24668634547057e-07 -2.138776668448098e-06 -3.103758040428684e-06)
(3.41378003475616e-06 3.837813485766987e-07 -4.059783580373798e-07)
(3.790002849354057e-06 3.709581559933862e-06 3.088396943784258e-06)
(3.170432993876542e-06 -3.964254633188019e-06 3.683514991407183e-06)
(2.307646139561335e-06 1.20528754439917e-05 -5.235689088798396e-06)
(0 0 0)
(-2.151345342474e-06 3.767247436569815e-06 3.549232037484717e-07)
(-2.01559654507832e-06 2.999711294885434e-06 -1.333245744431561e-07)
(-3.764935190828999e-06 3.726149785237262e-06 -7.204002091121454e-09)
(0 0 0)
(-4.939754978514469e-06 8.27720780831813e-06 9.931885628859651e-07)
(0 0 0)
(0 0 0)
(0 0 0)
(0 0 0)
(0 0 0)
(0 0 0)
(0 0 0)
(0 0 0)
(0 0 0)
(0 0 0)
(0 0 0)
(0 0 0)
(0 0 0)
(0 0 0)
(-3.540199120561535e-07 1.030747313774564e-06 -1.670941271930918e-07)
(-3.751659494743183e-06 6.723351475131539e-06 -4.265780823248355e-07)
(-3.291576638244364e-07 9.43351559156978e-07 -8.078503945701936e-08)
(-5.034906168554135e-06 9.210618152483334e-06 -3.519563678620617e-07)
(-3.691795721008611e-07 1.806933464005207e-06 -1.207869911410026e-07)
(0 0 0)
(0 0 0)
(0 0 0)
(0 0 0)
(0 0 0)
(0 0 0)
(0 0 0)
(0 0 0)
(0 0 0)
(0 0 0)
(0 0 0)
(0 0 0)
(0 0 0)
(0 0 0)
(0 0 0)
(0 0 0)
(0 0 0)
(0 0 0)
(0 0 0)
(0 0 0)
(0 0 0)
(0 0 0)
(0 0 0)
(0 0 0)
(0 0 0)
(0 0 0)
(0 0 0)
(0 0 0)
(0 0 0)
(0 0 0)
(0 0 0)
(0 0 0)
(0 0 0)
(0 0 0)
(0 0 0)
(0 0 0)
(0 0 0)
(0 0 0)
(0 0 0)
(0 0 0)
(0 0 0)
(0 0 0)
(0 0 0)
(0 0 0)
(0 0 0)
(0 0 0)
(0 0 0)
(0 0 0)
(0 0 0)
(0 0 0)
(0 0 0)
(0 0 0)
(0 0 0)
(0 0 0)
(0 0 0)
(0 0 0)
(0 0 0)
(0 0 0)
(0 0 0)
(0 0 0)
(0 0 0)
(0 0 0)
(0 0 0)
(0 0 0)
(0 0 0)
(0 0 0)
(0 0 0)
(0 0 0)
(0 0 0)
(0 0 0)
(0 0 0)
(0 0 0)
(0 0 0)
(0 0 0)
(0 0 0)
(0 0 0)
(0 0 0)
(7.160170157577922e-06 3.13227921830262e-06 3.553732620542744e-06)
(1.579616298120402e-06 9.439323917855623e-06 -7.335641993056201e-06)
(-2.568024142412879e-06 -2.435997765461512e-05 -2.16401052936677e-05)
(-7.639613959754873e-07 7.780429645776306e-07 -3.477033388821823e-06)
(0 0 0)
(-2.861903885810307e-06 4.268536970341277e-05 5.525146231099312e-06)
(-2.49758297864512e-05 -2.307120415668746e-05 -1.540781690264877e-06)
(8.571356489495551e-07 2.238289016800946e-05 -8.282807406496848e-06)
(-1.27775611994236e-06 1.431740389534204e-06 -3.552494728488969e-07)
(0 0 0)
(0 0 0)
(0 0 0)
(-1.74501007511188e-06 1.602757591615944e-06 3.335588034517629e-08)
(3.34386584203626e-07 6.481061456958066e-07 -1.17291961450055e-07)
(0 0 0)
(0 0 0)
(0 0 0)
(0 0 0)
(-2.953038240662657e-06 4.221650806628119e-06 -4.780155855458071e-07)
(0 0 0)
(0 0 0)
(0 0 0)
(0 0 0)
(0 0 0)
(0 0 0)
(0 0 0)
(0 0 0)
(0 0 0)
(0 0 0)
(0 0 0)
(0 0 0)
(0 0 0)
(0 0 0)
(0 0 0)
(0 0 0)
(0 0 0)
(0 0 0)
(0 0 0)
(0 0 0)
(0 0 0)
(0 0 0)
(0 0 0)
(0 0 0)
(0 0 0)
(0 0 0)
(0 0 0)
(0 0 0)
(0 0 0)
(0 0 0)
(0 0 0)
(0 0 0)
(0 0 0)
(0 0 0)
(0 0 0)
(0 0 0)
(0 0 0)
(0 0 0)
(0 0 0)
(0 0 0)
(0 0 0)
(0 0 0)
(0 0 0)
(0 0 0)
(0 0 0)
(0 0 0)
(0 0 0)
(0 0 0)
(0 0 0)
(0 0 0)
(0 0 0)
(0 0 0)
(0 0 0)
(0 0 0)
(0 0 0)
(0 0 0)
(0 0 0)
(0 0 0)
(0 0 0)
(0 0 0)
(0 0 0)
(0 0 0)
(0 0 0)
(0 0 0)
(0 0 0)
(-1.085522651661118e-06 1.857436097914777e-06 -1.487386108444966e-07)
(0 0 0)
(0 0 0)
(0 0 0)
(-1.888117358060478e-06 2.375911491711488e-06 -4.096467220607868e-07)
(0 0 0)
(0 0 0)
(0 0 0)
(0 0 0)
(0 0 0)
(0 0 0)
(0 0 0)
(0 0 0)
(0 0 0)
(0 0 0)
(0 0 0)
(0 0 0)
(0 0 0)
(0 0 0)
(0 0 0)
(0 0 0)
(0 0 0)
(-8.594996869253804e-07 1.476248968167591e-06 -9.273050584193205e-07)
(-1.848180634352666e-06 2.725677645666155e-06 -1.329975413488776e-06)
(0 0 0)
(-6.658291040363987e-07 1.210345783515749e-06 -7.805929419905864e-08)
(-3.31704948603973e-06 5.502106797718188e-06 6.551519917089919e-07)
(-2.398397099656272e-06 2.069402243348111e-06 7.272334819320945e-07)
(-3.640286224727919e-06 1.711128372865167e-06 1.946291723614671e-06)
(0 0 0)
(0 0 0)
(0 0 0)
(0 0 0)
(0 0 0)
(0 0 0)
(0 0 0)
(0 0 0)
(0 0 0)
(0 0 0)
(0 0 0)
(0 0 0)
(0 0 0)
(0 0 0)
(0 0 0)
(0 0 0)
(0 0 0)
(0 0 0)
(0 0 0)
(0 0 0)
(0 0 0)
(0 0 0)
(0 0 0)
(0 0 0)
(0 0 0)
(0 0 0)
(0 0 0)
(0 0 0)
(0 0 0)
(-2.728299526243098e-06 1.847482645587356e-06 6.708302089881966e-07)
(0 0 0)
(0 0 0)
(-1.215448117482104e-06 1.360861954631054e-06 -3.472371219677066e-07)
(-1.299713865762483e-06 8.743308735739222e-07 -8.580562182017193e-08)
(-2.307405459568266e-06 1.880164178178122e-06 2.47196534480143e-07)
(-1.488441501382584e-06 1.053441219358971e-06 2.17145019704711e-07)
(0 0 0)
(0 0 0)
(-6.939055538093821e-07 1.358930812024358e-06 -4.471106391323727e-07)
(0 0 0)
(0 0 0)
(0 0 0)
(0 0 0)
(0 0 0)
(0 0 0)
(0 0 0)
(0 0 0)
(0 0 0)
(0 0 0)
(-1.518467279001006e-06 1.981643291035922e-06 -6.395185670357823e-07)
(0 0 0)
(0 0 0)
(0 0 0)
(0 0 0)
(0 0 0)
(-3.303023884708258e-07 1.071364125413688e-06 -4.072965629602247e-07)
(0 0 0)
(0 0 0)
(0 0 0)
(-3.938008592091018e-07 1.607256284056681e-06 1.289577151079525e-06)
(0 0 0)
(0 0 0)
(-2.436623879715285e-06 1.462642645981635e-06 2.712571838727166e-06)
(-9.197139473517646e-07 4.164090390734812e-07 7.609851288373463e-07)
(0 0 0)
(0 0 0)
(0 0 0)
(0 0 0)
(0 0 0)
(0 0 0)
(0 0 0)
(-4.098258047867166e-07 9.395462553112446e-07 3.934649389740976e-08)
(-1.15563887877666e-07 1.253302957453243e-06 8.993449497456659e-07)
(0 0 0)
(0 0 0)
(0 0 0)
(0 0 0)
(0 0 0)
(0 0 0)
(-4.517134412715787e-07 1.18552146904014e-06 1.315440805039945e-06)
(0 0 0)
(-1.416508015674469e-09 5.900206767337435e-07 1.603398659081278e-06)
(-5.224334808954443e-06 2.399051659200805e-05 2.791698606753356e-05)
(-3.041698916821438e-06 1.06765190318711e-05 4.948093927803941e-06)
(0 0 0)
(0 0 0)
(0 0 0)
(0 0 0)
(0 0 0)
(0 0 0)
(0 0 0)
(0 0 0)
(0 0 0)
(0 0 0)
(0 0 0)
(0 0 0)
(0 0 0)
(0 0 0)
(0 0 0)
(0 0 0)
(0 0 0)
(0 0 0)
(0 0 0)
(0 0 0)
(0 0 0)
(0 0 0)
(0 0 0)
(0 0 0)
(-9.166074018894845e-06 2.901544566875638e-05 1.184336378930597e-05)
(-2.697899373009705e-06 1.435659153296486e-06 8.264225729539141e-07)
(-3.011388900343981e-06 1.357319277382348e-06 8.172529627740089e-07)
(-3.602593677556223e-06 1.789898407849064e-06 -4.626126971222865e-07)
(-9.336961896191975e-06 1.086475773532052e-05 1.113777546117635e-06)
(-9.503695996083613e-06 4.369592468353414e-05 8.505401824715094e-06)
(-1.229967364628932e-05 2.76579703297241e-05 4.202297664253128e-06)
(0 0 0)
(-7.904623236814504e-06 1.761786630570654e-05 8.937063224151052e-07)
(-2.028326931892142e-06 2.898593724189895e-05 4.305761014817883e-07)
(-3.261352340549067e-06 2.248059630457285e-05 1.32599588523995e-06)
(-3.070109789759532e-05 4.277349889753715e-05 -8.337003301386172e-07)
(-2.860064282176346e-06 3.297153846173222e-05 3.744115602606385e-06)
(-7.820197269178979e-06 2.593761070518899e-05 -6.584544543980418e-06)
(-4.624270164337644e-06 3.927126531811534e-06 -1.445279954026242e-07)
(-4.271918159204419e-06 4.157345851708177e-06 -3.777938073216252e-07)
(-3.693236131060432e-06 2.820261706587005e-06 -1.134031496288334e-07)
(-1.304085277532624e-05 1.009466955076195e-05 -1.578971505784492e-06)
(0 0 0)
(0 0 0)
(-7.727088872613635e-06 9.189784945241258e-06 1.046283317400693e-06)
(-9.934626964316837e-06 1.301138136551418e-05 4.127661875215751e-07)
(0 0 0)
(-1.012136592890931e-05 6.841985090684679e-06 -3.96665297554616e-07)
(-5.999135849103355e-06 5.981972578485366e-06 -1.531935732238478e-06)
(5.749632440136592e-06 3.614123197345496e-05 7.129872957404317e-06)
(0 0 0)
(-2.419181741730955e-06 2.494639298618176e-06 5.133649257347994e-08)
(-5.481722036348747e-06 3.762811963150199e-06 9.330408043750247e-07)
(-4.275305627657558e-05 -4.265941618038425e-05 -6.605087373123462e-08)
(-5.984633856477375e-06 8.147655707788623e-06 2.230425622530824e-06)
(-1.349694606148761e-05 1.543695125837678e-06 -1.433657865032407e-05)
(-3.124422619056352e-05 -2.849144627065089e-05 -2.324316899778179e-05)
(-1.004407947158699e-05 -2.103619518810934e-05 -1.566169728668805e-05)
(-2.515922269223703e-05 -1.405116820612953e-05 1.038002154702287e-05)
(-2.910736744065869e-06 -8.844611476110371e-08 -2.521776326377817e-06)
(-2.529689926282934e-06 4.166093772621711e-06 7.40593227905325e-07)
(-4.849351147692103e-06 6.324284062472906e-06 -5.469103619467826e-07)
(-1.069248861389517e-05 4.903685124177729e-05 6.150566407058429e-06)
(0 0 0)
(-1.127916267937667e-05 4.560219113290779e-05 3.64664430879693e-06)
(-1.516865770139874e-05 1.882308861631887e-05 8.433212346019772e-07)
(-7.41495212911299e-06 9.507618231576249e-06 5.67441806029298e-07)
(-9.125336848479998e-06 1.382703987922144e-05 -2.740297756226585e-06)
(-3.507443777622585e-06 2.61560418823432e-06 -1.486741669062918e-06)
(-1.235048245312598e-05 1.979686756992526e-05 -5.056073004282193e-06)
(-5.10045614395226e-06 3.592519413533433e-06 -2.251197840145077e-06)
(-3.884263121461788e-07 1.21951401985432e-06 1.880579298826633e-07)
(-2.741380922544783e-06 4.352783761213697e-06 -1.22418212795518e-06)
(-4.365900078431459e-07 6.133480395619632e-07 1.450077391902915e-07)
(-4.487811698257152e-07 1.221388683060468e-06 -2.924383487852257e-08)
(0 0 0)
(0 0 0)
(-5.413834353611761e-07 8.076762961606574e-07 -2.112250861857634e-07)
(0 0 0)
(-9.166702002465396e-06 1.103813412805322e-05 5.822045122025979e-06)
(-2.203608364792868e-06 1.777755445949036e-06 1.021505637573589e-06)
(-5.998267936519601e-06 6.257683706777235e-06 4.017551513069649e-06)
(-4.264559977970806e-06 7.678306329826717e-06 2.05763975624259e-06)
(-8.632838713321304e-06 1.690358078508738e-05 2.867210481849717e-06)
(-4.72754765735522e-06 4.008187508857115e-06 3.112928772737908e-06)
(0 0 0)
(0 0 0)
(0 0 0)
(0 0 0)
(1.285314670683826e-06 8.123856503353515e-07 -2.66692972429738e-07)
(0 0 0)
(0 0 0)
(0 0 0)
(0 0 0)
(0 0 0)
(-2.120093929437629e-06 -2.554239708610887e-07 -3.182552097749321e-06)
(1.384470370516346e-06 1.209152506948021e-06 4.195476755558559e-06)
(8.065822792818778e-06 6.008717797423188e-06 1.168038442205608e-05)
(-2.082743529940808e-06 4.444226303788868e-06 1.016224397491647e-06)
(0 0 0)
(-8.60940368169735e-07 9.228033556644251e-07 -1.481265574232969e-07)
(-4.122436782816741e-06 6.384130052430116e-06 -3.980864611089848e-07)
(-3.320055398503549e-06 7.036749934141284e-06 -1.066622983274767e-06)
(-2.737771922290523e-06 4.181030954090953e-06 -1.448356267482175e-06)
(-1.063887125988606e-05 6.279521301237229e-06 1.328983795850653e-05)
(-9.999762456068218e-06 2.54345115502104e-06 1.237915872825962e-05)
(-1.221494494730415e-05 8.669732645933375e-06 4.822477982531918e-06)
(-6.706012860097033e-06 9.903822154452848e-06 3.351216233765611e-07)
(-2.365934860866052e-06 6.66157761315884e-06 1.294738703130302e-06)
(-1.244947214272613e-06 2.082191648491938e-06 1.863000759568675e-06)
(0 0 0)
(-7.702667261611747e-07 9.297559130244794e-07 1.833748816412512e-07)
(-5.980761957866382e-07 5.013015560596684e-07 9.951080467115804e-07)
(0 0 0)
(-1.623780857222676e-06 1.284051411320204e-06 1.204153512309393e-06)
(-1.030822839524902e-06 2.359425748461201e-06 -3.860944216627159e-07)
(-8.489133125998849e-07 1.605395015034652e-06 -2.673297854416209e-07)
(0 0 0)
(-1.314104944691796e-05 1.807861637143745e-05 7.050902144160214e-07)
(-1.685876795865206e-05 1.67664941724223e-05 9.162460720817324e-07)
(0 0 0)
(0 0 0)
(0 0 0)
(0 0 0)
(0 0 0)
(0 0 0)
(0 0 0)
(0 0 0)
(0 0 0)
(0 0 0)
(0 0 0)
(0 0 0)
(0 0 0)
(0 0 0)
(0 0 0)
(0 0 0)
(0 0 0)
(0 0 0)
(-8.537275910571766e-07 1.35009473367013e-06 4.545231019059108e-06)
(-4.533369804066373e-06 3.704173218022839e-06 1.266433266142277e-05)
(0 0 0)
(0 0 0)
(0 0 0)
(0 0 0)
(0 0 0)
(0 0 0)
(0 0 0)
(0 0 0)
(0 0 0)
(0 0 0)
(0 0 0)
(0 0 0)
(0 0 0)
(0 0 0)
(0 0 0)
(0 0 0)
(0 0 0)
(0 0 0)
(0 0 0)
(0 0 0)
(0 0 0)
(0 0 0)
(0 0 0)
(-5.898748075570062e-06 -2.712702962531574e-06 1.840931498709575e-06)
(0 0 0)
(0 0 0)
(0 0 0)
(0 0 0)
(0 0 0)
(0 0 0)
(4.115149881335913e-07 2.46091626964914e-07 -1.239753681967119e-07)
(2.103462475559719e-06 5.854291156495772e-07 1.638037978122229e-06)
(-6.798546663450266e-06 -2.442891140954358e-06 -2.607111093905032e-06)
(-1.303481683274141e-05 -5.062927470849344e-06 -5.880072743756774e-07)
(0 0 0)
(0 0 0)
(0 0 0)
(0 0 0)
(0 0 0)
(0 0 0)
(0 0 0)
(0 0 0)
(0 0 0)
(0 0 0)
(0 0 0)
(0 0 0)
(0 0 0)
(0 0 0)
(0 0 0)
(0 0 0)
(0 0 0)
(0 0 0)
(0 0 0)
(0 0 0)
(0 0 0)
(0 0 0)
(2.136364806739237e-06 2.473186492169678e-07 7.740127260938492e-07)
(-3.737104648050605e-06 -1.955525569692863e-06 -4.647845960174358e-06)
(-7.071201805991008e-06 -1.603181100944018e-06 1.310717471770046e-05)
(0 0 0)
(0 0 0)
(0 0 0)
(0 0 0)
(0 0 0)
(0 0 0)
(0 0 0)
(0 0 0)
(0 0 0)
(0 0 0)
(0 0 0)
(0 0 0)
(0 0 0)
(0 0 0)
(0 0 0)
(0 0 0)
(0 0 0)
(-2.463947735011764e-07 7.074564874119247e-08 -8.164076268875107e-07)
(-2.140644695916737e-06 -9.555795283531787e-07 -1.417779977659224e-06)
(9.69520151007405e-07 -6.238179227543365e-07 3.306522366960643e-06)
(-7.92325480029169e-06 -7.800703319794381e-07 1.145448982120604e-06)
(0 0 0)
(0 0 0)
(0 0 0)
(0 0 0)
(0 0 0)
(0 0 0)
(0 0 0)
(0 0 0)
(0 0 0)
(0 0 0)
(0 0 0)
(0 0 0)
(6.131636219625159e-07 2.962651475736354e-07 1.644959023963585e-07)
(0 0 0)
(-1.719730796324375e-07 5.781865345954547e-07 4.555054469983235e-07)
(0 0 0)
(0 0 0)
(2.105818302282749e-06 -1.034941134911252e-06 1.460103271402965e-06)
(-2.11167992901093e-06 -8.969255719462282e-07 9.702754203283249e-06)
(-2.62102827191099e-05 -7.229564324500525e-06 5.67816718140972e-06)
(0 0 0)
(0 0 0)
(0 0 0)
(0 0 0)
(0 0 0)
(0 0 0)
(0 0 0)
(0 0 0)
(0 0 0)
(0 0 0)
(-4.107237766106532e-07 2.082472776558197e-08 -9.135195822901867e-08)
(-5.17541481273012e-07 -5.749789505317563e-07 -1.37343153061089e-07)
(-2.364094609394524e-06 -2.352990278205979e-07 -8.564847798409815e-08)
(0 0 0)
(0 0 0)
(-8.833995729041988e-06 3.964727584910189e-06 6.593507734403239e-06)
(-1.864722755216669e-05 -5.948607411199457e-07 2.18541656927651e-07)
(-2.106107766371729e-05 1.832518101445444e-05 2.097729244959911e-05)
(-1.442794975688293e-05 -2.65630562328699e-06 -1.561102215890145e-06)
(-6.791512291009577e-06 5.6342220385498e-07 7.622405543173053e-06)
(-1.012484336705835e-05 -6.897184320330387e-06 8.309781193010156e-06)
(-1.340015035135354e-05 -1.128041225850608e-06 -3.49865076241025e-06)
(-6.953584839952254e-06 -1.550213439291347e-06 -3.003848373526236e-06)
(-3.299691112750514e-07 2.558408129947565e-06 -2.149057191055336e-06)
(-1.583779602937241e-05 3.216089070098046e-06 -1.869678213559096e-06)
(-1.371829089158657e-05 6.307886177690955e-06 2.676693911499716e-06)
(-2.943661465563131e-05 -7.426327906271729e-06 -1.923233343171964e-05)
(-1.083112896899019e-05 -1.873684391676417e-06 -2.587390959285278e-06)
(-1.597263796790356e-05 2.310660748602007e-06 -5.036131392731925e-06)
(-1.232146620729197e-06 -5.940925241967974e-06 -1.214411974613677e-07)
(-9.505063895785272e-06 -1.566407887101953e-06 2.169684545179998e-06)
(-1.518358083219054e-06 6.007139216355895e-08 3.182003612422752e-07)
(-1.111830273029957e-06 -3.934282513942884e-07 -4.209456972359286e-07)
(-7.99984487258294e-06 7.212909468624921e-06 1.503518525485094e-06)
(-2.304205213445525e-05 1.199033409915464e-05 -6.081654139275841e-09)
(-1.623042421464712e-05 -1.703507999449639e-06 -8.881664051704037e-07)
(-1.176564294738188e-05 1.515283782146619e-06 -1.391150153146784e-06)
(-6.942602816854909e-06 3.789456521084388e-06 6.700063813951652e-07)
(-1.668191217088861e-05 7.453742728142538e-06 3.219113018826569e-06)
(-2.142115980584156e-06 2.057178410908333e-06 -1.7079663236499e-06)
(-8.25497133169832e-06 2.39063269770628e-07 -1.045071333311043e-06)
(-2.636775009190933e-06 -9.183946638435089e-07 -1.581072933114166e-06)
(-9.673605604101158e-06 4.470994756850248e-07 6.658430993293507e-07)
(-8.784711008819378e-06 8.310037388900529e-06 -5.88960284258243e-06)
(-1.42298006270729e-05 6.052135558179071e-06 3.245848630712496e-07)
(-5.599147488252631e-06 2.554352687233948e-06 -8.435527983215051e-07)
(-4.586676391841239e-06 1.772490838760534e-06 1.045125305780221e-07)
(-6.531284173812628e-06 5.138661846324225e-06 1.127954134884107e-07)
(-1.455318926816757e-06 4.389893774799276e-06 -9.153114560275937e-06)
(-1.348899490012382e-05 -2.704192281643747e-06 -3.915321244826152e-06)
(-1.475108918068298e-05 6.586057728166368e-07 -1.971725736095578e-06)
(-1.061694585389262e-05 4.236818336244702e-06 1.404372218133742e-06)
(-1.987924276187658e-06 1.606505450631133e-06 -9.134565090051128e-07)
(-1.017573981791223e-06 -3.823841959781405e-08 2.520241715674059e-07)
(5.069564389710821e-07 -5.703426948438118e-08 -6.952516931411863e-07)
(-2.155917647566905e-05 6.765881770026358e-06 1.471659779632121e-06)
(-6.212829979386816e-06 9.544485272200145e-06 -5.000055002707887e-06)
(-1.781998289469587e-05 1.539366649920933e-05 -2.219529684644786e-06)
(-1.319307484922565e-05 9.304980769535342e-06 -6.71513866167077e-07)
(-1.008349530145088e-05 3.16691515782387e-06 4.075405642185617e-07)
(-2.053148889785758e-05 4.022724880713204e-06 -3.519525946992067e-06)
(-1.487517184296029e-05 6.481591431373744e-06 -1.738679613797792e-06)
(-2.109391051451494e-05 -4.339328196764517e-06 -6.514802346323737e-06)
(-1.907731461455245e-06 -1.460257356162431e-06 -1.742932655493781e-06)
(-3.505991640940041e-05 -9.761051415937839e-06 -1.021593729746699e-05)
(-8.115113911433857e-06 -2.168556286729911e-06 -7.618581074350877e-06)
(-3.290791371618422e-05 -6.271838385318276e-06 -3.023191550048725e-06)
(-1.388162032307168e-05 1.416123854960546e-07 -1.96397707615676e-06)
(-2.136534410404123e-05 -1.148707788864014e-05 -3.446141935409182e-06)
(-3.462923042732599e-05 -3.364677821780778e-06 -4.170611845508812e-06)
(-4.16193505893344e-05 2.216989271590109e-06 -6.038048816286903e-06)
(-8.1921561718392e-06 7.865474428113065e-07 6.907413727208482e-06)
(-3.394119428667915e-05 -1.929271465921056e-06 9.277632792532664e-06)
(-1.72465401088164e-05 -1.641524890084628e-06 6.574682767068244e-07)
(-1.889957034915602e-05 1.473034764289515e-05 -4.051630329452408e-09)
(-1.676532821533323e-05 3.444901154564534e-06 4.63230013861053e-07)
(-1.222533331683636e-05 -1.390457909329382e-06 5.971969872754194e-06)
(-1.265346115708083e-05 1.024481417414082e-05 4.875233958338336e-06)
(-9.024772913265375e-06 1.506171310011446e-06 2.867497432073886e-07)
(-4.674321136790007e-06 4.054766728410016e-06 -6.015555366953301e-07)
(-2.237183908381989e-06 -1.251011845972715e-07 -6.521997478768381e-07)
(0 0 0)
(0 0 0)
(0 0 0)
(0 0 0)
(0 0 0)
(0 0 0)
(0 0 0)
(0 0 0)
(0 0 0)
(0 0 0)
(0 0 0)
(0 0 0)
(0 0 0)
(0 0 0)
(0 0 0)
(0 0 0)
(-1.103837708341472e-07 1.055095554559594e-08 2.322441528677613e-07)
(-2.809494159653881e-06 1.134468861516066e-06 7.742636455476847e-06)
(0 0 0)
(0 0 0)
(0 0 0)
(0 0 0)
(0 0 0)
(0 0 0)
(0 0 0)
(0 0 0)
(0 0 0)
(0 0 0)
(0 0 0)
(0 0 0)
(0 0 0)
(0 0 0)
(0 0 0)
(0 0 0)
(0 0 0)
(0 0 0)
(0 0 0)
(0 0 0)
(0 0 0)
(0 0 0)
(-2.999936207343516e-06 6.420336185271561e-07 2.135682957348899e-06)
(-7.878335200018881e-06 1.96962348766025e-06 1.100907285639906e-06)
(-2.599834314681159e-06 5.443376054325763e-07 4.701979284845949e-07)
(-1.022341466632849e-05 3.346467283677178e-06 2.418103208404283e-06)
(-4.542390604553428e-06 8.307139726386259e-07 4.178546737764499e-07)
(-2.316683675097599e-06 1.493400341663584e-06 -3.06726240213086e-07)
(-3.69589430689389e-06 1.826902095912423e-06 2.971692811190028e-06)
(-1.58788526135945e-05 7.115185864460188e-06 2.885702146765259e-06)
(0 0 0)
(-2.820427353301695e-06 1.444608433025247e-07 -3.073866226591325e-07)
(-4.400326298309809e-06 -9.060153620302082e-07 1.175351169420976e-06)
(-2.586479288815853e-06 4.088876558823045e-07 -4.215925476324927e-07)
(-1.117825942860537e-05 -1.378578719622081e-07 -1.861530391146061e-06)
(-3.371246333272938e-06 -1.503923358224746e-06 -6.369860958884171e-07)
(-1.625329714440298e-06 2.549250676741724e-07 -2.249832124059682e-08)
(-2.666274943190813e-06 -1.883703503606461e-06 -1.015294892524075e-08)
(-1.178765434211955e-06 2.676711145106201e-07 -1.572397259103162e-07)
(-6.579013873682036e-06 -4.661102880443905e-07 -1.855559709030854e-06)
(-4.325172460209679e-06 2.11504468768084e-06 -1.422780925046258e-06)
(-8.328519269831231e-06 3.461381134432891e-06 -1.59095880095853e-06)
(-1.087523836557205e-05 3.427319892180126e-06 -4.35535291429051e-07)
(-7.076603838718212e-07 3.185148444692195e-06 -1.010223592736242e-09)
(0 0 0)
(0 0 0)
(0 0 0)
(0 0 0)
(0 0 0)
(0 0 0)
(0 0 0)
(0 0 0)
(0 0 0)
(0 0 0)
(0 0 0)
(0 0 0)
(0 0 0)
(0 0 0)
(0 0 0)
(0 0 0)
(0 0 0)
(0 0 0)
(-1.195243135380606e-06 5.336758229564164e-07 2.77142532911151e-07)
(-1.05163178764587e-06 1.536543587254692e-07 8.741992738860146e-07)
(0 0 0)
(0 0 0)
(0 0 0)
(0 0 0)
(0 0 0)
(0 0 0)
(0 0 0)
(0 0 0)
(0 0 0)
(-5.561148022436641e-06 2.297795036993759e-06 1.304764074416357e-06)
(-3.281671188783425e-06 1.924687612360771e-06 5.93303930880219e-07)
(-3.643942199868125e-06 2.499842429246639e-06 -3.409002878953157e-07)
(-6.375065415366614e-06 3.77127712509362e-06 -4.228716909611967e-07)
(-4.680100764807809e-06 1.643987247741872e-06 -3.616687960877359e-07)
(-2.876604644545935e-06 1.229589862509464e-06 -1.613786645683041e-07)
(0 0 0)
(-4.878251072549124e-06 1.139394363783955e-06 1.240772102087382e-06)
(-5.293170581624211e-07 4.305528879540443e-07 -7.706738273948898e-08)
(-8.999989253068405e-07 5.232592888568291e-07 -3.997972593800897e-07)
(-6.229933788249111e-06 2.221398580381161e-07 3.797091589629702e-06)
(0 0 0)
(-3.486572978738035e-06 7.179337003784473e-07 2.682132083656364e-06)
(0 0 0)
(0 0 0)
(0 0 0)
(0 0 0)
(0 0 0)
(0 0 0)
(0 0 0)
(0 0 0)
(0 0 0)
(0 0 0)
(0 0 0)
(0 0 0)
(0 0 0)
(0 0 0)
(0 0 0)
(0 0 0)
(-4.442819747911501e-07 6.302136147192604e-07 6.259875774168933e-07)
(-3.364433067072051e-07 1.20315938701679e-07 2.977513377324004e-07)
(-3.232240414154392e-06 1.662270269435114e-06 1.604659514050356e-07)
(-4.445864293487018e-06 9.450757439333864e-07 4.101989873575508e-07)
(-2.190063892593587e-06 4.609077662585781e-07 2.957699883290656e-06)
(0 0 0)
(-2.652133929688712e-06 7.675359623470018e-07 -1.422130839545639e-07)
(-2.776144485381605e-06 -3.865233308573354e-08 -3.937381604116103e-07)
(-3.144282643992262e-06 5.154328362845466e-07 2.826350241568843e-07)
(-5.927476457530624e-06 6.396725689264303e-07 3.038573052286402e-06)
(-4.735905147169819e-06 2.903794635635795e-07 3.037327321732339e-06)
(-8.449691891149875e-07 5.622467937063824e-07 1.568023283061498e-07)
(-1.484756988136041e-06 4.42816155404983e-07 8.598829924490515e-07)
(0 0 0)
(0 0 0)
(0 0 0)
(0 0 0)
(0 0 0)
(0 0 0)
(0 0 0)
(0 0 0)
(0 0 0)
(0 0 0)
(0 0 0)
(0 0 0)
(0 0 0)
(0 0 0)
(0 0 0)
(0 0 0)
(0 0 0)
(0 0 0)
(0 0 0)
(-6.812613663874248e-07 4.74958408591527e-07 1.040439596099842e-06)
(0 0 0)
(0 0 0)
(-1.218271095130294e-06 3.177352774811558e-07 1.42329037215753e-07)
(-4.111640177295832e-06 1.074188106176578e-06 7.165169691859198e-08)
(-1.858386996418828e-06 -1.930241600238878e-07 1.008667649081684e-06)
(-2.183247089567884e-06 1.009001316501005e-07 9.508188790540272e-07)
(-2.970319587839382e-06 5.614107573454697e-07 -8.424768117082618e-08)
(0 0 0)
(-6.29939763006037e-06 1.432075009080759e-06 4.88118701069151e-07)
(-3.310290233748286e-06 1.000829033676374e-06 3.524475046544056e-07)
(-1.678444041039609e-06 3.72701890341914e-07 1.016144050681208e-06)
(-3.347902996636778e-06 5.399079335259405e-06 3.157994486965678e-07)
(0 0 0)
(0 0 0)
(0 0 0)
(0 0 0)
(-1.30936834138459e-06 2.209779924342032e-06 -1.593869021651338e-07)
(0 0 0)
(-3.379917618445286e-07 5.984928513064723e-07 -3.881645620290564e-08)
(-2.352561966149505e-06 4.808403205831532e-06 -3.272588790049017e-07)
(0 0 0)
(-1.422839293425488e-06 3.500616680314932e-07 1.853248724234649e-06)
(0 0 0)
(0 0 0)
(0 0 0)
(0 0 0)
(0 0 0)
(0 0 0)
(0 0 0)
(-6.604482552935141e-07 1.243514978161919e-06 -6.456432540989175e-07)
(-2.863756368715987e-07 1.29846250832132e-06 1.463691251132241e-07)
(0 0 0)
(0 0 0)
(0 0 0)
(0 0 0)
(0 0 0)
(0 0 0)
(0 0 0)
(0 0 0)
(0 0 0)
(0 0 0)
(0 0 0)
(0 0 0)
(0 0 0)
(0 0 0)
(0 0 0)
(0 0 0)
(0 0 0)
(0 0 0)
(0 0 0)
(0 0 0)
(0 0 0)
(-6.690364009808819e-07 1.429408504151521e-06 8.330922671341443e-08)
(0 0 0)
(0 0 0)
(0 0 0)
(0 0 0)
(0 0 0)
(0 0 0)
(0 0 0)
(0 0 0)
(0 0 0)
(0 0 0)
(0 0 0)
(0 0 0)
(0 0 0)
(0 0 0)
(0 0 0)
(0 0 0)
(0 0 0)
(0 0 0)
(0 0 0)
(0 0 0)
(0 0 0)
(0 0 0)
(0 0 0)
(0 0 0)
(0 0 0)
(0 0 0)
(0 0 0)
(0 0 0)
(0 0 0)
(0 0 0)
(0 0 0)
(0 0 0)
(0 0 0)
(0 0 0)
(0 0 0)
(0 0 0)
(0 0 0)
(0 0 0)
(0 0 0)
(0 0 0)
(0 0 0)
(0 0 0)
(0 0 0)
(0 0 0)
(-2.298747488427024e-05 3.946083106709174e-06 1.577312377930951e-08)
(-1.261299262454331e-05 3.068825972746772e-06 -2.331766381675355e-06)
(0 0 0)
(0 0 0)
(0 0 0)
(0 0 0)
(0 0 0)
(0 0 0)
(-8.931217779879791e-06 1.487019642490689e-05 -3.327914519462778e-06)
(-1.452563406192316e-05 1.293412251191149e-05 -5.142153919057084e-06)
(0 0 0)
(0 0 0)
(0 0 0)
(0 0 0)
(0 0 0)
(0 0 0)
(0 0 0)
(0 0 0)
(0 0 0)
(0 0 0)
(0 0 0)
(0 0 0)
(0 0 0)
(0 0 0)
(0 0 0)
(0 0 0)
(0 0 0)
(0 0 0)
(0 0 0)
(0 0 0)
(0 0 0)
(0 0 0)
(0 0 0)
(0 0 0)
(0 0 0)
(0 0 0)
(0 0 0)
(0 0 0)
(0 0 0)
(0 0 0)
(0 0 0)
(0 0 0)
(0 0 0)
(0 0 0)
(0 0 0)
(0 0 0)
(0 0 0)
(0 0 0)
(0 0 0)
(0 0 0)
(0 0 0)
(0 0 0)
(0 0 0)
(0 0 0)
(0 0 0)
(0 0 0)
(0 0 0)
(0 0 0)
(0 0 0)
(0 0 0)
(0 0 0)
(0 0 0)
(0 0 0)
(0 0 0)
(0 0 0)
(0 0 0)
(0 0 0)
(0 0 0)
(0 0 0)
(0 0 0)
(0 0 0)
(0 0 0)
(0 0 0)
(0 0 0)
(0 0 0)
(0 0 0)
(0 0 0)
(0 0 0)
(0 0 0)
(0 0 0)
(0 0 0)
(-3.39364044800767e-06 2.581617728591558e-05 4.376694497788068e-06)
(-4.267424334383966e-06 2.805615402861137e-05 -5.34757887896754e-06)
(0 0 0)
(0 0 0)
(-7.002256427443274e-06 2.649788362459078e-05 1.246012750498739e-05)
(3.236919694535542e-06 3.066015670486514e-05 -3.164500386887312e-07)
(-8.896484984134643e-06 1.918388634360677e-05 1.714156447611371e-06)
(2.234885599949373e-07 2.443662319519838e-05 2.952058709956021e-07)
(-6.754853012256834e-06 1.933147971507981e-05 3.234669608574515e-06)
(-2.814951697445077e-06 4.566083998949532e-06 -1.182733786092941e-07)
(-6.303448014148618e-06 1.113116056888236e-05 -1.131072619501735e-06)
(-7.268348236929923e-06 1.221159600502664e-05 3.227446336228626e-06)
(0 0 0)
(-7.41268899802701e-06 1.13775994949047e-05 -2.795963768610979e-06)
(-7.193714471838276e-06 1.271325838204865e-05 1.729369981746779e-07)
(-4.876136951937115e-06 8.242137033071876e-06 -1.707886430221529e-07)
(-4.224719383583586e-06 7.71480512494456e-06 -5.782527111006662e-07)
(-2.785518540957902e-06 5.718478879808904e-06 1.615446366815845e-07)
(-8.177560445878432e-07 1.608396936397369e-06 6.369918895762273e-08)
(-4.411802790141932e-06 9.456432619411707e-06 -1.075813645468305e-06)
(-6.252165685993104e-06 1.038201650199195e-05 -2.749439318644409e-07)
(0 0 0)
(0 0 0)
(0 0 0)
(-3.501044952770088e-06 7.450032355990484e-06 -2.729131696832511e-07)
(-5.753094083684877e-06 1.171848941984474e-05 8.386022705356821e-08)
(-2.655544845296875e-06 5.216621743436484e-06 7.246115166492057e-07)
(-1.051531291949222e-06 6.664593347526116e-07 1.446469726029654e-07)
(-1.419528963209622e-06 2.446033076900648e-06 3.48229886563973e-07)
(0 0 0)
(-2.324051041325562e-07 6.63349320426643e-06 1.242975886758512e-06)
(0 0 0)
(0 0 0)
(0 0 0)
(0 0 0)
(0 0 0)
(0 0 0)
(0 0 0)
(0 0 0)
(0 0 0)
(0 0 0)
(0 0 0)
(0 0 0)
(0 0 0)
(0 0 0)
(-1.135829081617336e-05 2.03313883023862e-06 8.982027344623066e-06)
(-8.575372643404255e-06 1.030967589861808e-05 9.863158205879751e-06)
(-1.275689223816442e-05 1.271920364251266e-05 -3.931056015575457e-06)
(0 0 0)
(0 0 0)
(-1.592045908762938e-07 2.280207798741098e-07 -1.651833908168127e-07)
(-4.454839097328537e-07 2.943931280753927e-06 2.198720664940884e-06)
(0 0 0)
(0 0 0)
(0 0 0)
(0 0 0)
(0 0 0)
(-1.742895317939018e-07 1.55249918639226e-06 6.0320497944262e-07)
(-1.17613427378625e-07 -2.440508798225865e-08 -7.809612426323887e-07)
(1.94095138712337e-06 1.783149970223937e-06 7.811697523983095e-07)
(-1.207432649470162e-06 -2.004255372856959e-06 -4.722955002373862e-06)
(-1.302078173126724e-06 -1.315618034601949e-06 -2.324031322445895e-06)
(-7.085504045442382e-06 -7.552219738685161e-06 -1.786835179448746e-06)
(-2.57701765603921e-05 1.375242669474767e-05 -4.432386735745224e-07)
(0 0 0)
(-1.708640422204191e-06 1.140573947668416e-06 1.928406100879633e-06)
(-2.460914590173876e-05 -1.11762305955044e-05 -2.124919756983102e-06)
(-1.449699772281365e-05 6.741366864842147e-06 1.294007304329529e-05)
(0 0 0)
(0 0 0)
(0 0 0)
(0 0 0)
(0 0 0)
(0 0 0)
(0 0 0)
(0 0 0)
(0 0 0)
(-8.255820343243305e-08 1.526706998451648e-07 -1.012366350925299e-07)
(0 0 0)
(0 0 0)
(-1.193122288030437e-06 8.961353581598672e-07 1.181589079495128e-07)
(-2.436837728462786e-06 -1.861119992416172e-07 -1.072193309169858e-06)
(-4.695315031017165e-08 5.312597941621749e-08 -3.567080998185263e-07)
(-1.797899545649448e-05 1.353169810549841e-05 1.3872603876775e-05)
(-3.993958085836095e-06 2.50333596023486e-05 6.435094435167837e-06)
(-1.187260079146913e-05 1.238557868861636e-05 3.703970737807274e-06)
(-2.53498840789769e-05 2.379278148037145e-05 2.353500923949905e-06)
(-1.201762510309855e-05 1.241133188456518e-05 4.303410186433656e-07)
(-9.588663294399509e-06 2.387044663748026e-05 -1.727754254856278e-06)
(-3.551690950350919e-06 4.473710512530942e-06 -3.992901274265772e-06)
(-1.897011622321044e-05 2.224946723445119e-05 9.904914043864964e-06)
(-5.527830248831698e-06 1.047357593711893e-05 -5.783763137737354e-07)
(6.966302117782263e-06 2.064749879035565e-05 -4.687033245799342e-06)
(-7.651477364500257e-06 1.287079965217234e-05 -9.623225796341682e-07)
(-1.094339779458671e-05 1.505335204847992e-05 2.327718370183854e-07)
(-1.149561052131259e-05 1.628109789446542e-05 -2.378164503074122e-06)
(-6.283708352425612e-06 1.30921551611521e-05 -1.120082227297416e-06)
(-1.832678594771416e-06 2.225811202296393e-06 -2.409194779981716e-07)
(-1.03971216377297e-05 1.826227655819498e-05 -2.861944566882708e-06)
(-9.005906352130792e-06 1.455029119412425e-05 -1.520141867116158e-06)
(-1.064742349704433e-05 1.797905762833557e-05 3.110246188396536e-08)
(-1.08821399930007e-05 1.885779900274615e-05 -6.356302401452842e-07)
(-6.557059349532927e-06 7.421153469135432e-06 2.105362032612156e-06)
(-8.400215947633631e-07 1.830311063487948e-06 1.935382018590156e-07)
(0 0 0)
(-2.283918653292392e-06 3.858415355222861e-06 4.282454401452163e-07)
(0 0 0)
(0 0 0)
(0 0 0)
(0 0 0)
(0 0 0)
(0 0 0)
(0 0 0)
(-9.506085820471182e-07 1.49618635534581e-06 2.737342039128217e-06)
(-1.611128948295463e-06 5.993231190609004e-07 1.586013787432463e-06)
(-7.597250152739783e-06 1.118468176086593e-05 1.425028737866346e-05)
(-6.460593850453894e-06 1.690475762865419e-05 8.61048134047794e-06)
(0 0 0)
(-2.495864740820515e-07 9.454895147059026e-07 7.277573647312438e-07)
(0 0 0)
(0 0 0)
(0 0 0)
(-4.129269000365052e-06 4.172754307839124e-06 1.419543795582404e-06)
(0 0 0)
(-2.852719992346975e-06 4.57088734109741e-06 -5.318360321389101e-07)
(0 0 0)
(-1.149023804865494e-05 7.884709251840144e-06 6.500836774340335e-06)
(-4.412459569522182e-06 2.391506292638293e-06 2.698841608347002e-06)
(-8.458294949362674e-06 1.111516589123288e-05 3.476673710634767e-06)
(-6.716105880940765e-06 8.499476417934804e-06 -2.839857676947233e-07)
(-5.679245181755534e-06 7.508182708640232e-06 2.345556350506474e-07)
(-7.676431099172027e-06 1.156892430942416e-05 1.083417518428189e-06)
(-9.71779240436338e-06 1.236780304768586e-05 1.56834846695102e-06)
(-4.101926195531767e-06 4.447743795106692e-06 1.315134325596991e-06)
(-7.375082953172568e-06 1.370596846997853e-05 2.187958697450494e-06)
(-1.32946479435443e-05 1.935126398614334e-05 4.687084873132679e-08)
(-1.67564598309256e-06 2.841077432355584e-06 2.795744181031778e-07)
(-3.408547257034946e-06 2.389716213312977e-06 1.880451700977014e-06)
(-6.788388038554147e-06 7.106962724137197e-06 2.520458259694622e-06)
(-2.750654674080733e-06 4.312405152790618e-06 -8.533101687804974e-07)
(-6.799609685059244e-06 7.158043194773364e-06 2.50993168930077e-06)
(-1.997357145053619e-06 7.454011453952345e-07 3.815104513171675e-06)
(-5.257748055146295e-06 3.409162887271759e-06 8.166949890057329e-06)
(0 0 0)
(0 0 0)
(0 0 0)
(0 0 0)
(-1.065382159418993e-06 1.995898239358282e-06 -5.312298808075994e-07)
(-1.142849530160886e-05 1.82968617770436e-05 2.191876259486639e-06)
(-1.155339013491659e-05 1.84207275219684e-05 8.410865750876918e-07)
(-3.031349150487343e-05 -1.772193600227522e-05 -6.63093180234318e-06)
(-3.823469929515698e-05 -6.293301910895797e-06 2.064030828242857e-06)
(0 0 0)
(0 0 0)
(0 0 0)
(-4.043717407448272e-07 1.244035088185343e-06 1.127449833732835e-07)
(0 0 0)
(-1.70848594720086e-05 -3.53644276939624e-06 -9.13336573495319e-06)
(-2.882233914290292e-05 -1.519704505369806e-05 -1.309195151504844e-05)
(0 0 0)
(-2.382612210243379e-06 3.577211054282149e-06 1.741372408225243e-07)
(-5.094714465471764e-07 1.675183422544338e-06 1.879175260752741e-07)
(0 0 0)
(0 0 0)
(0 0 0)
(0 0 0)
(0 0 0)
(0 0 0)
(0 0 0)
(0 0 0)
(0 0 0)
(0 0 0)
(0 0 0)
(0 0 0)
(0 0 0)
(0 0 0)
(0 0 0)
(0 0 0)
(0 0 0)
(0 0 0)
(0 0 0)
(0 0 0)
(0 0 0)
(0 0 0)
(0 0 0)
(0 0 0)
(0 0 0)
(0 0 0)
(0 0 0)
(0 0 0)
(0 0 0)
(0 0 0)
(0 0 0)
(0 0 0)
(0 0 0)
(-7.656291797063977e-07 1.63533928400476e-06 -2.395296903461371e-07)
(0 0 0)
(0 0 0)
(0 0 0)
(0 0 0)
(0 0 0)
(0 0 0)
(0 0 0)
(0 0 0)
(0 0 0)
(0 0 0)
(0 0 0)
(0 0 0)
(0 0 0)
(0 0 0)
(0 0 0)
(0 0 0)
(0 0 0)
(0 0 0)
(0 0 0)
(0 0 0)
(0 0 0)
(0 0 0)
(0 0 0)
(0 0 0)
(0 0 0)
(0 0 0)
(0 0 0)
(0 0 0)
(0 0 0)
(-7.895685383735661e-07 1.699249515272336e-06 -2.271620133417848e-07)
(-5.768399657782518e-07 1.638100184352151e-06 -1.777749771162442e-07)
(0 0 0)
(0 0 0)
(0 0 0)
(0 0 0)
(0 0 0)
(0 0 0)
(0 0 0)
(0 0 0)
(0 0 0)
(0 0 0)
(0 0 0)
(0 0 0)
(0 0 0)
(0 0 0)
(0 0 0)
(0 0 0)
(0 0 0)
(0 0 0)
(0 0 0)
(0 0 0)
(0 0 0)
(0 0 0)
(0 0 0)
(0 0 0)
(0 0 0)
(0 0 0)
(0 0 0)
(0 0 0)
(0 0 0)
(0 0 0)
(0 0 0)
(0 0 0)
(0 0 0)
(0 0 0)
(0 0 0)
(0 0 0)
(0 0 0)
(0 0 0)
(0 0 0)
(0 0 0)
(-1.117682018972666e-06 1.98013964510703e-06 4.414405698718524e-07)
(-2.870306457737291e-06 5.540621344098321e-06 4.910612518739316e-07)
(0 0 0)
(0 0 0)
(0 0 0)
(0 0 0)
(0 0 0)
(0 0 0)
(0 0 0)
(0 0 0)
(0 0 0)
(0 0 0)
(0 0 0)
(0 0 0)
(0 0 0)
(0 0 0)
(0 0 0)
(0 0 0)
(0 0 0)
(0 0 0)
(0 0 0)
(0 0 0)
(0 0 0)
(0 0 0)
(0 0 0)
(0 0 0)
(-2.651634895941355e-07 6.712626289561086e-07 1.324725617268917e-08)
(0 0 0)
(-1.592082969004007e-07 6.351479640511159e-07 2.629232095611454e-07)
(0 0 0)
(0 0 0)
(-2.805331486008533e-06 4.382482427232201e-06 4.987370729523678e-06)
(0 0 0)
(0 0 0)
(0 0 0)
(0 0 0)
(0 0 0)
(-2.912328306041074e-06 7.599073706315771e-06 -1.535489856901146e-06)
(0 0 0)
(-2.019731093979154e-06 2.570850664250233e-06 1.091464105963115e-06)
(-2.877495965138163e-06 1.929556970697418e-06 2.642009873147667e-06)
(-2.170030679664508e-06 -9.493359270961918e-06 3.204930629230139e-06)
(-7.622755736533504e-07 3.037471630195076e-06 5.761872757101678e-08)
(-8.07578574208665e-07 3.273454592860567e-06 7.769038524253035e-07)
(-3.645943201979479e-06 1.685179132240851e-06 2.408057075266494e-06)
(0 0 0)
(-1.191658236478389e-06 2.131065741323863e-06 -8.510887023173232e-07)
(-1.407478063153291e-05 5.614196861557508e-06 -6.807953685650596e-06)
(-2.394183661217608e-06 1.379726642420611e-06 1.330278498246164e-06)
(0 0 0)
(0 0 0)
(0 0 0)
(0 0 0)
(-4.841824389356658e-06 -9.539725607936971e-06 5.867601171742655e-07)
(9.010912187446794e-06 -1.57090336533477e-05 -1.716579735503338e-05)
(-6.578215911593355e-06 6.836468781807679e-06 5.11219984518581e-07)
(9.857486403689107e-06 7.5242589659602e-06 3.792341366240376e-06)
(-2.403477416069701e-05 -2.009144793186053e-05 1.383011119638377e-05)
(-4.553360215531232e-05 -5.077553258572326e-05 -3.699390306584771e-05)
(3.519757416395388e-06 -1.079145013798858e-05 4.689770575663577e-06)
(0 0 0)
(0 0 0)
(0 0 0)
(2.639481121450544e-07 3.081195464412979e-07 -3.978984472984442e-07)
(0 0 0)
(0 0 0)
(0 0 0)
(0 0 0)
(0 0 0)
(0 0 0)
(-2.643461654637838e-07 1.239827009881932e-07 -1.087859456315137e-07)
(-2.601301092370448e-06 -2.542224547269798e-06 -5.163338822193653e-06)
(-9.300556533458253e-06 -1.123889465355794e-05 -1.062288824759695e-05)
(-8.857678514424541e-06 -1.90660830779522e-06 -6.300819030350265e-06)
(-1.839868527081901e-05 -9.041795770626645e-06 -2.037703771714831e-06)
(-3.878650272394172e-05 -2.411031403563717e-05 -1.895733550290904e-05)
(3.179935119945187e-06 1.372606289008347e-05 -5.047201499831207e-06)
(-1.594458265904941e-06 1.616158766184489e-06 6.421428471094863e-06)
(9.926605710243165e-06 -1.338724573748325e-06 -2.770260968684475e-06)
(0 0 0)
(0 0 0)
(0 0 0)
(0 0 0)
(0 0 0)
(0 0 0)
(0 0 0)
(0 0 0)
(0 0 0)
(0 0 0)
(0 0 0)
(0 0 0)
(0 0 0)
(0 0 0)
(0 0 0)
(0 0 0)
(0 0 0)
(0 0 0)
(0 0 0)
(0 0 0)
(0 0 0)
(0 0 0)
(0 0 0)
(0 0 0)
(0 0 0)
(0 0 0)
(0 0 0)
(0 0 0)
(0 0 0)
(0 0 0)
(0 0 0)
(0 0 0)
(0 0 0)
(0 0 0)
(0 0 0)
(0 0 0)
(0 0 0)
(0 0 0)
(0 0 0)
(0 0 0)
(0 0 0)
(0 0 0)
(0 0 0)
(0 0 0)
(-5.89380516354966e-08 -3.227693786619775e-07 -8.143746416175969e-07)
(-1.802197696256512e-05 2.880243449959046e-06 -3.434541363728771e-06)
(1.533403259674767e-05 2.950909472534176e-05 1.104481295452538e-05)
(-1.923979130028486e-06 7.604649917672809e-07 2.627486928656494e-06)
(0 0 0)
(0 0 0)
(0 0 0)
(0 0 0)
(0 0 0)
(0 0 0)
(0 0 0)
(-7.707620712013382e-07 1.493622805218312e-06 8.135324226141664e-08)
(0 0 0)
(0 0 0)
(0 0 0)
(0 0 0)
(0 0 0)
(0 0 0)
(0 0 0)
(0 0 0)
(0 0 0)
(0 0 0)
(0 0 0)
(0 0 0)
(0 0 0)
(0 0 0)
(0 0 0)
(0 0 0)
(0 0 0)
(1.386813174445003e-07 2.345699762014615e-07 2.970399420299036e-07)
(-1.481953263084719e-06 7.5011193052438e-07 3.937017467953797e-06)
(0 0 0)
(0 0 0)
(0 0 0)
(0 0 0)
(0 0 0)
(0 0 0)
(0 0 0)
(0 0 0)
(0 0 0)
(0 0 0)
(-1.007625577713371e-07 2.111988886713361e-07 6.328496432521682e-07)
(-3.562177991081827e-06 1.178220203513517e-06 7.437846585671417e-06)
(-2.405921194235545e-06 1.531916068926716e-06 3.809953186834194e-06)
(0 0 0)
(0 0 0)
(0 0 0)
(0 0 0)
(0 0 0)
(0 0 0)
(0 0 0)
(0 0 0)
(0 0 0)
(0 0 0)
(0 0 0)
(0 0 0)
(0 0 0)
(0 0 0)
(0 0 0)
(0 0 0)
(0 0 0)
(0 0 0)
(0 0 0)
(0 0 0)
(-1.169829174706323e-05 -1.742399058107742e-05 -3.438468273641908e-06)
(-8.641553544514859e-07 4.86798011768023e-06 3.954087902013854e-06)
(-7.233976141641291e-06 3.628748641640086e-06 5.002997613667715e-07)
(-2.71208114013979e-05 -7.259845545022373e-06 7.263446045526808e-06)
(-1.157697009955425e-05 -2.170115664840053e-06 4.137564917562539e-06)
(-1.154644669615493e-05 1.265728617269744e-05 1.602241674810528e-05)
(0 0 0)
(0 0 0)
(0 0 0)
(0 0 0)
(0 0 0)
(0 0 0)
(-8.518817716776466e-08 1.102140204546307e-07 -1.606892221516601e-07)
(-2.448693768589739e-06 -8.333891723213095e-07 -1.011569589681947e-06)
(0 0 0)
(6.268888230971409e-07 7.11318620653779e-07 -1.470556791192299e-09)
(-1.248223434951399e-07 5.632726374131976e-07 -4.932076463677958e-07)
(0 0 0)
(-7.523312741068721e-06 3.857731391921202e-06 5.524321376471843e-06)
(-2.00193855543627e-05 7.34741856672066e-06 1.36933861737447e-05)
(0 0 0)
(0 0 0)
(0 0 0)
(0 0 0)
(0 0 0)
(0 0 0)
(6.478872542600022e-07 -9.985339140502835e-07 2.029552766143039e-06)
(-1.29385794442636e-05 -1.488223623470371e-05 -9.115943274849472e-06)
(0 0 0)
(0 0 0)
(-1.253975848765849e-07 -4.997098388311744e-07 -3.84570704364948e-07)
(6.69887428148628e-07 4.345866659013055e-07 2.695408984146557e-07)
(5.371186858316774e-07 5.442421264471363e-07 2.989466797715117e-07)
(0 0 0)
(3.198392040888081e-07 4.387609050952935e-07 -6.490247204914686e-07)
(6.457917735565517e-07 1.290883547827157e-06 8.285815868954927e-07)
(4.120876208965432e-06 6.209024858859446e-06 7.361354361681984e-06)
(-1.489856310245563e-06 -1.929738442256587e-06 4.511716919787641e-06)
(-3.986854155531434e-06 1.082546138975167e-05 1.552559523786606e-05)
(0 0 0)
(0 0 0)
(-1.330079252144585e-05 7.260388969356183e-06 1.949169647904887e-06)
(-8.889603050257939e-06 4.753514642633883e-06 -4.257540372852785e-08)
(-4.943331069540169e-06 2.876478387403936e-06 2.102986842527307e-07)
(-1.14345965225708e-05 7.055234671532527e-06 1.16586947691289e-07)
(-1.12063647363981e-05 8.145752373918273e-06 -1.286859857552084e-06)
(-7.279698811487963e-06 4.423850243276289e-06 -1.295621722546529e-06)
(-9.627151900080051e-06 7.168776014711801e-06 -2.97363366757107e-06)
(-9.64419949262022e-06 3.427583513328895e-06 -2.120011320533741e-06)
(0 0 0)
(-1.738546338298526e-06 7.502425976592448e-07 -1.090936984164846e-06)
(-8.664033714565127e-06 1.091518306458392e-05 -4.95413484161192e-06)
(-1.170258221686528e-05 6.253248103558151e-06 -2.386352769289489e-06)
(-6.648860476679184e-06 1.467101747915653e-05 -1.059317158575667e-05)
(-9.892014649088464e-06 5.214638996384294e-06 7.285089849390782e-07)
(-1.075405765647066e-05 1.074776660778229e-05 2.305830766072322e-06)
(-1.265806745857453e-05 1.432665405868467e-05 2.11270597777097e-06)
(-1.402223241702743e-05 9.951566548429708e-06 9.341520893766456e-08)
(-1.260692125614091e-05 1.138399306291581e-05 -1.198617024769251e-06)
(-2.120110076467814e-05 1.239576268748844e-05 -7.703306670495389e-06)
(-2.547412661795157e-05 1.299620025417088e-05 -6.670129692648038e-06)
(-1.821641769728882e-05 1.119279700797788e-05 -1.824112111888829e-05)
(-3.847391302360925e-06 2.067793342224584e-06 9.521423258893e-07)
(-1.120294531822881e-05 1.354884029415179e-05 5.809187446335202e-06)
(-1.731440702254268e-05 2.216611043616255e-06 2.811723389989728e-07)
(-2.903267153805593e-05 2.739620328124879e-05 -1.511232570108372e-05)
(-2.138850205281929e-06 2.807905740563296e-05 -8.469191946701287e-06)
(-2.222725907315389e-05 1.082307082507917e-05 8.640984333257926e-07)
(-2.034103748448881e-05 -2.567276738403035e-05 -4.828629983412025e-07)
(9.315194090848969e-06 6.551685381403032e-06 4.010002269144301e-07)
(1.753362738032463e-06 5.30641962952623e-06 -2.415216640332125e-06)
(-7.220686786586215e-06 8.424886190594033e-06 -5.086619326614582e-07)
(-1.544050865725478e-05 -5.215031534327463e-06 3.588094949046159e-07)
(-1.88834130570185e-05 -6.136189530780059e-06 -4.582360184156616e-06)
(-1.071883040407739e-05 -1.527365818918674e-05 -4.365745398946491e-06)
(-1.40812730400688e-06 2.13026036213294e-06 -3.1926437546531e-08)
(-2.250591766551246e-05 -1.855959275475743e-05 -9.084656365187295e-06)
(3.619546671896974e-06 7.264537107196075e-07 1.403854560075816e-05)
(-1.587539976688514e-05 2.778039731560016e-06 -5.526827207051885e-06)
(-1.158162051158428e-05 1.025608095830712e-05 -5.63473171828441e-07)
(-9.571043785131023e-06 -8.314627513706417e-06 -9.187705854355469e-06)
(0 0 0)
(0 0 0)
(0 0 0)
(0 0 0)
(0 0 0)
(0 0 0)
(0 0 0)
(0 0 0)
(0 0 0)
(0 0 0)
(0 0 0)
(0 0 0)
(0 0 0)
(-2.034638115110818e-06 1.095486821138239e-06 1.46875538026255e-06)
(-1.229998534118058e-06 9.295337399351062e-07 1.010688766133416e-06)
(0 0 0)
(0 0 0)
(0 0 0)
(-8.872604727431859e-06 4.79660098498418e-06 1.279518016945395e-06)
(-3.507929837598358e-06 2.575274767532143e-06 5.342626508633996e-07)
(-1.374289579169368e-05 7.579434771668653e-06 5.101485677956065e-06)
(-3.585499978524297e-06 3.220803193805541e-06 2.748239175976225e-06)
(-8.05968231275794e-06 5.451444728018639e-06 6.040007835349654e-07)
(-8.717567100417306e-06 7.586162360556409e-06 -4.153567427765339e-07)
(-8.563166875950473e-06 6.379586134680952e-06 -7.871309549022959e-07)
(-6.240332085171832e-06 4.155912149793577e-06 9.568083606928219e-08)
(-4.225358746525681e-06 3.952431218294227e-06 1.095458078828462e-06)
(-7.511431665455241e-06 4.907347244116232e-06 -7.484974288940514e-07)
(-5.493073861075411e-06 6.026346182722083e-06 -1.646501593428948e-06)
(-5.987119388876007e-06 6.875538792176721e-06 -8.898296478445838e-07)
(-1.537675143044802e-05 1.962915596546222e-05 3.263847019866327e-07)
(-1.106995932670329e-05 1.109971251592551e-05 -8.38568447713189e-07)
(-1.643323374481324e-05 1.882311224352937e-05 -2.961492721798691e-06)
(-1.121050354356722e-05 1.54911937166224e-05 7.64939828328235e-07)
(-9.651623556370727e-06 1.08236305327043e-05 1.799299142291881e-06)
(-1.742945281066098e-05 1.299731009037812e-05 1.24179035333841e-06)
(-1.67433726324876e-05 1.450629111127716e-05 -1.896984029698172e-07)
(-1.096003395385771e-05 7.660127901360098e-06 2.297636073923435e-08)
(-9.695024895390031e-06 1.297500321597872e-05 -4.99916794313632e-06)
(-8.733347289357885e-06 9.197478771829715e-06 -8.018361114736668e-06)
(-5.498267759429078e-06 4.790169074174335e-06 7.586364178210594e-07)
(-6.388357487750002e-06 4.913115995355552e-06 4.468740222277546e-08)
(-1.051450391554293e-05 7.070557325223867e-06 -9.61833803573649e-07)
(-6.813242886486227e-06 7.165457037244652e-06 5.72145676234627e-07)
(-1.407319012373854e-05 1.257152249389547e-05 1.48337784501404e-07)
(-7.836136568090699e-06 6.797364189639244e-06 -2.618413356604218e-06)
(-6.897196129875553e-06 1.798455391645239e-05 3.278531310585471e-07)
(-8.635931308791174e-06 2.261200925315554e-05 -3.677322185975141e-06)
(-3.549697296915485e-06 1.238394776223315e-05 -8.245201992186161e-07)
(-8.854527275985219e-06 2.248309431251976e-05 4.264755703711306e-07)
(-8.411578768225585e-06 1.735708892183693e-05 -3.297366924669112e-06)
(-2.893537730399901e-06 1.763804297414203e-05 -3.364293617652335e-06)
(-1.728459832852928e-06 -1.354194077404275e-06 -5.226456000797491e-07)
(-1.4315180507439e-05 1.163836169911243e-05 -2.68404174076041e-06)
(-5.517843016307859e-07 7.47591987814108e-07 -3.110794950626812e-07)
(-5.811257984882037e-06 1.820719095647766e-05 -1.487619217138523e-05)
(-5.327368636903059e-06 5.815523221301829e-06 5.272929800121851e-07)
(-1.003572945982215e-05 2.313694002908837e-05 2.438428623452454e-06)
(-7.603759263474816e-06 9.059789841640729e-06 4.81102089906491e-07)
(-1.499234556360445e-06 1.682584559783603e-06 2.956469638621574e-07)
(-1.683056254647752e-06 2.645531486734731e-06 2.445475151460687e-07)
(-1.841485274917765e-06 2.091415986298312e-06 1.961440921721924e-06)
(0 0 0)
(-1.624911139641937e-05 1.155171667649299e-05 8.13065047973247e-06)
(-1.181347187135554e-05 9.016983602827307e-06 2.863751422987789e-06)
(0 0 0)
(0 0 0)
(0 0 0)
(-1.819125656175876e-06 7.762811715584463e-07 9.747694773552128e-07)
(0 0 0)
(0 0 0)
(0 0 0)
(-2.144222645469229e-06 3.075117234367457e-06 3.645566198798892e-07)
(0 0 0)
(0 0 0)
(0 0 0)
(0 0 0)
(0 0 0)
(0 0 0)
(0 0 0)
(0 0 0)
(0 0 0)
(0 0 0)
(0 0 0)
(0 0 0)
(0 0 0)
(0 0 0)
(0 0 0)
(0 0 0)
(0 0 0)
(0 0 0)
(0 0 0)
(0 0 0)
(0 0 0)
(0 0 0)
(0 0 0)
(0 0 0)
(0 0 0)
(0 0 0)
(0 0 0)
(0 0 0)
(0 0 0)
(0 0 0)
(0 0 0)
(0 0 0)
(0 0 0)
(0 0 0)
(0 0 0)
(-6.544028090781071e-07 1.618293657399966e-06 -9.957355158261701e-08)
(0 0 0)
(0 0 0)
(0 0 0)
(0 0 0)
(0 0 0)
(0 0 0)
(0 0 0)
(0 0 0)
(0 0 0)
(0 0 0)
(-1.571116702890361e-06 1.839410472395472e-06 4.87870056878865e-06)
(-2.335582863815694e-06 8.187740762838952e-07 3.469320904947934e-06)
(0 0 0)
(0 0 0)
(-1.170157781430575e-05 6.635391201771672e-06 1.372850339702012e-05)
(-1.080615839564652e-05 7.558648618947299e-06 7.904836282013989e-06)
(0 0 0)
(0 0 0)
(0 0 0)
(0 0 0)
(-9.174967530713492e-07 2.739826906637532e-07 8.937114263174368e-07)
(-4.644226415538429e-06 1.96330347868312e-06 3.817073710658285e-06)
(-1.994455236176304e-05 2.232939307298008e-05 1.042645938318147e-05)
(-1.494696393788038e-05 1.720541423458405e-05 4.178170387502607e-06)
(-7.214410728722457e-07 1.6241595279524e-06 -4.787797019549604e-08)
(0 0 0)
(0 0 0)
(-3.311179988066406e-06 3.733647703891632e-06 2.42934332015059e-06)
(-4.626387956046129e-06 5.513164269653303e-06 1.613167794336897e-06)
(-6.201574415205961e-06 1.830994678073826e-05 3.177734399332884e-06)
(-8.722726088339599e-06 1.097525134115651e-05 4.097560973258608e-06)
(-5.132583212770562e-06 5.421096804105032e-06 2.2134498348204e-06)
(0 0 0)
(0 0 0)
(-6.054740491607921e-06 5.478967493666791e-06 3.619530242435123e-06)
(0 0 0)
(0 0 0)
(0 0 0)
(0 0 0)
(0 0 0)
(0 0 0)
(0 0 0)
(0 0 0)
(-4.921216199077847e-07 1.227668957309035e-06 1.498290969587862e-07)
(0 0 0)
(0 0 0)
(0 0 0)
(-2.367187683215697e-06 3.186143633344364e-06 1.150069779757125e-06)
(0 0 0)
(0 0 0)
(-5.194530958501393e-06 6.928558097843223e-06 9.361539832905241e-06)
(-1.906380541085125e-06 2.861981069218429e-06 5.446118552190454e-06)
(-2.993371618731986e-06 5.010760041635121e-06 7.860925804038541e-06)
(-2.649572610611557e-06 6.304510169869852e-06 3.868038765660056e-07)
(-1.062718506469173e-05 3.267376908182102e-05 2.960531152114882e-05)
(0 0 0)
(0 0 0)
(0 0 0)
(3.664901148884971e-06 1.073397651707455e-05 1.727402536210047e-05)
(-5.293985551606416e-06 1.999554825593971e-06 1.01907416924466e-06)
(1.302124594460329e-06 1.229925158390307e-05 1.656360995288015e-05)
(2.452873557835657e-05 1.349070699622334e-05 3.526599266404535e-05)
(0 0 0)
(0 0 0)
(0 0 0)
(0 0 0)
(0 0 0)
(0 0 0)
(0 0 0)
(-3.841360682510638e-07 8.148027323373836e-07 1.658339754951373e-07)
(2.908958430725511e-07 2.663560679736111e-06 -1.389329362760333e-07)
(1.440547711170091e-06 8.153164761956187e-07 -1.349564050391297e-07)
(0 0 0)
(-1.747168534442255e-06 -3.22897384326633e-07 -2.06342862511382e-06)
(-3.842512248488137e-06 -5.194352044207842e-06 -6.228074929557731e-06)
(0 0 0)
(0 0 0)
(1.474490114553013e-05 3.621559906167568e-05 1.720606262216007e-05)
(6.184931429704727e-07 3.416065542672923e-05 -1.874916800937882e-06)
(-4.466398962272548e-06 5.944671279779412e-06 -1.359559177835705e-06)
(1.284400101246537e-05 2.486791803355112e-05 6.627689125022017e-06)
(5.78388054781541e-06 3.343200105693887e-05 -7.987117958531201e-06)
(-1.280143481064559e-06 1.766104914344867e-07 -5.705820406553717e-06)
(-5.535794839254847e-07 1.511427692954669e-06 -1.035193855924089e-07)
(-2.247589304660304e-06 3.202776575165053e-06 -2.118955382180833e-07)
(-7.611138469354085e-07 2.876464332234097e-06 1.527397534409826e-07)
(-4.428512988014469e-06 8.855968824710118e-06 8.728055763212881e-07)
(-4.996252927866106e-07 1.05711267698656e-06 -4.086378043344658e-07)
(-8.383071864319197e-06 9.606778065666158e-06 -2.092817560974153e-06)
(-1.434497574519431e-05 3.363398654904165e-05 -1.71195581289955e-05)
(-4.466823846458801e-06 2.702238139391995e-06 -4.181660044253026e-06)
(-7.975753662618735e-06 8.051168469441158e-06 -5.107640619760611e-07)
(-3.116950406328327e-06 5.284797249382899e-06 -7.053933854478233e-07)
(-3.474422624940524e-06 3.476118201076275e-06 -4.886806667582236e-07)
(-6.87016636291057e-06 7.924271568632414e-06 -3.522043707426471e-06)
(-7.856187447497911e-06 9.713963164711838e-06 -1.467462854956535e-06)
(-3.404972224873413e-06 3.963080158760064e-06 2.14090399460841e-07)
(-1.917310298240127e-06 2.170129991625518e-06 1.243777111915828e-07)
(8.175965503662459e-06 1.643943365920378e-05 1.73500651319034e-06)
(2.90662920113463e-06 2.148000246769778e-05 6.409263111353006e-06)
(-9.4834870376581e-06 1.796859316451044e-05 -4.69726305864665e-06)
(9.161152060500631e-06 1.658857986804131e-05 1.014193294951922e-05)
(0 0 0)
(0 0 0)
(0 0 0)
(0 0 0)
(-6.120565181312663e-06 7.400756567973653e-06 -6.754015507890258e-06)
(-2.739716587558016e-06 -3.711608458474208e-07 1.455565758279631e-06)
(-9.836020083343744e-07 1.923116840473011e-06 -5.384515502185601e-08)
(0 0 0)
(0 0 0)
(0 0 0)
(0 0 0)
(0 0 0)
(0 0 0)
(0 0 0)
(0 0 0)
(0 0 0)
(0 0 0)
(0 0 0)
(0 0 0)
(0 0 0)
(0 0 0)
(-6.61762185167822e-08 1.765739610599698e-06 3.920158683571344e-07)
(-1.251430160181706e-06 2.435496668503816e-06 7.879239035407648e-07)
(0 0 0)
(0 0 0)
(0 0 0)
(0 0 0)
(0 0 0)
(0 0 0)
(0 0 0)
(0 0 0)
(0 0 0)
(0 0 0)
(0 0 0)
(0 0 0)
(0 0 0)
(0 0 0)
(0 0 0)
(0 0 0)
(0 0 0)
(0 0 0)
(0 0 0)
(0 0 0)
(0 0 0)
(0 0 0)
(0 0 0)
(0 0 0)
(0 0 0)
(0 0 0)
(0 0 0)
(0 0 0)
(0 0 0)
(0 0 0)
(-1.443686699922329e-06 1.554643742267178e-06 9.267957931687276e-07)
(-1.729138605336762e-06 1.942822435521317e-06 6.185436328221991e-07)
(-2.685917262556481e-06 2.729708253467623e-06 3.991900653518876e-07)
(-1.283967428340172e-06 1.650491236154846e-06 7.233585378486077e-07)
(-2.646348291965441e-06 2.89918503383018e-06 2.745096612808903e-07)
(0 0 0)
(-5.464741654961745e-07 8.478981364383492e-07 -1.049237890417769e-07)
(-1.059675061747467e-06 2.429584270530671e-06 -1.086323960952236e-06)
(0 0 0)
(0 0 0)
(0 0 0)
(0 0 0)
(-5.303788600041188e-06 4.34523660696954e-06 2.488106406885328e-07)
(-4.86138425261294e-06 4.756936464938679e-06 -2.926754260272489e-07)
(-7.610865150555248e-06 6.436864499924645e-06 -1.494542067683297e-07)
(-4.251862024442603e-06 5.348652390283727e-06 1.551212999391592e-07)
(-6.73079766553052e-06 6.043502631456723e-06 -3.355080588899914e-07)
(-3.253813577805346e-06 5.054592313368636e-06 7.964720175147982e-07)
(0 0 0)
(-2.379617430145716e-06 6.481190538772932e-06 -6.01219206036627e-07)
(-2.426724972816014e-06 5.903767857707499e-06 -8.168376652431935e-07)
(-5.069932450942893e-06 5.808093255265789e-06 5.140183549449131e-07)
(-6.700097769725532e-06 7.728147195106376e-06 4.970168201413304e-07)
(-2.059597310268578e-06 2.369604555580489e-06 2.211350706547431e-07)
(-4.245933675232888e-06 6.380446501423481e-06 1.053119525747683e-06)
(-1.286641017795104e-06 1.783638313869348e-06 -1.692299035922425e-07)
(-5.205517947925926e-06 8.097928012664343e-06 -4.395050654623023e-07)
(-2.942856645040888e-06 3.582741237794285e-06 -5.479699706475298e-08)
(-4.973073491021976e-06 8.146413050246154e-06 -3.205749040377391e-07)
(-8.914649731278976e-07 1.319496052932691e-06 -5.345133644038966e-07)
(-4.365248347266261e-06 6.333013867758213e-06 -4.007513714882008e-07)
(-1.410085385731395e-05 -2.585425436204791e-05 -2.291287232494191e-05)
(0 0 0)
(0 0 0)
(-1.035091570582142e-07 5.322325491548231e-08 -6.327271707957544e-07)
(0 0 0)
(3.366279941337093e-07 -1.019738026121213e-06 -1.110818538981257e-06)
(3.146761032953561e-06 2.284034535802251e-06 -3.005016174531137e-07)
(1.080903436821951e-06 -2.345837681640334e-06 -5.34403602428322e-06)
(7.011736638368007e-07 -4.053019682121594e-06 -2.137111391534331e-06)
(-7.615442402308357e-06 -9.970393864164561e-07 6.921236901836302e-06)
(-1.953967934508456e-05 -1.725239371775548e-05 1.82061509282662e-06)
(0 0 0)
(0 0 0)
(-2.847756355860598e-05 -5.988614569501773e-06 8.241815398910077e-06)
(-5.991778696413916e-06 1.047836329790868e-05 2.223353157097486e-06)
(-9.230120315167863e-06 7.68054521187542e-06 5.697015254705367e-06)
(-6.011833627900769e-05 -3.254651789044034e-05 -6.292438401596899e-06)
(-6.865213716062246e-06 2.32677635229507e-05 2.010154062760241e-05)
(-3.461239017892888e-05 -1.150911842854038e-05 -2.48416372652936e-07)
(0 0 0)
(1.454705845874512e-05 1.718479749304932e-05 3.059245594507484e-07)
(8.763538810279883e-06 8.628226920453333e-06 -3.162169150663348e-06)
(-3.280607097353984e-06 1.552506158922652e-05 2.219637851168407e-06)
(-2.874245086499006e-06 2.692766740795805e-06 -7.361238599080281e-07)
(6.484334135353242e-06 5.344479676885948e-05 -1.350780160941642e-05)
(-3.073531362775794e-06 1.335649971188451e-05 -2.302381703633777e-07)
(-9.859989069314676e-06 1.65304785562743e-05 -9.951129673842629e-07)
(-6.504053522280091e-06 1.058453277739672e-05 -4.31841319271147e-06)
(-3.290377562147247e-06 8.644430615942629e-06 -2.869095329575576e-06)
(-7.111517363157021e-06 9.784698999726377e-06 -5.585965721908288e-06)
(-5.993412680490238e-06 1.152444404816382e-05 -2.715715475684079e-07)
(-2.165986856533412e-06 8.354271441763114e-06 -5.355895671461668e-07)
(-6.695669998541749e-07 2.78772234466806e-06 5.43895485945185e-07)
(-3.489775855990673e-06 7.003718070429947e-06 3.595153550682427e-07)
(-3.231970832297623e-06 4.979164423480395e-06 7.322578753402403e-07)
(-7.157162761488417e-06 1.063628642326106e-05 3.101998930538569e-06)
(-3.858573367658947e-06 1.393875550758412e-05 1.4188001746433e-07)
(-4.10176368080496e-06 6.362688888100899e-06 7.963263028798891e-08)
(-4.860967018045367e-06 1.071256077018626e-05 8.626977593951042e-07)
(-6.42258755916832e-06 9.055695650090923e-06 9.388811872317888e-07)
(-2.176702598690841e-06 2.924771409436397e-06 6.993845154222311e-07)
(-1.085822026964615e-05 9.405968229329085e-06 2.150825291077742e-06)
(-6.791988295773135e-06 1.157543486848626e-05 5.083497926620135e-07)
(-7.75013778364521e-06 1.522448356591403e-05 -1.915648956914586e-07)
(-3.005708107693036e-06 5.135261141858053e-06 7.704149508415472e-08)
(-6.738104369370433e-06 1.184281632322102e-05 -1.287683728962785e-06)
(-6.759464711002759e-06 1.085015976987772e-05 -2.146505178229733e-07)
(-6.435906904790854e-06 8.769995803657215e-06 -3.002250407729111e-06)
(-8.752257947501357e-06 1.081669256652685e-05 -1.430645000877093e-06)
(-6.303636809218933e-06 7.664844418674451e-06 -5.072554351305812e-06)
(-2.671481931604211e-06 5.847370580939254e-06 -1.0769540151471e-06)
(-6.066964031774354e-06 1.710570520057782e-07 -1.412608858737551e-06)
(0 0 0)
(0 0 0)
(-1.496794109185985e-06 3.6893273036515e-06 4.031659502812339e-07)
(-7.17394912356436e-06 1.17429791437053e-05 8.074538468916876e-07)
(-5.479633448408961e-06 9.000361841240309e-06 8.0609638375321e-07)
(0 0 0)
(0 0 0)
(0 0 0)
(0 0 0)
(0 0 0)
(0 0 0)
(0 0 0)
(0 0 0)
(0 0 0)
(0 0 0)
(0 0 0)
(0 0 0)
(0 0 0)
(0 0 0)
(0 0 0)
(0 0 0)
(0 0 0)
(0 0 0)
(0 0 0)
(0 0 0)
(0 0 0)
(0 0 0)
(0 0 0)
(0 0 0)
(0 0 0)
(0 0 0)
(0 0 0)
(0 0 0)
(0 0 0)
(0 0 0)
(0 0 0)
(0 0 0)
(0 0 0)
(0 0 0)
(0 0 0)
(0 0 0)
(0 0 0)
(0 0 0)
(0 0 0)
(0 0 0)
(0 0 0)
(0 0 0)
(0 0 0)
(0 0 0)
(0 0 0)
(0 0 0)
(0 0 0)
(0 0 0)
(0 0 0)
(0 0 0)
(0 0 0)
(0 0 0)
(0 0 0)
(0 0 0)
(0 0 0)
(0 0 0)
(0 0 0)
(0 0 0)
(0 0 0)
(0 0 0)
(0 0 0)
(0 0 0)
(0 0 0)
(0 0 0)
(0 0 0)
(0 0 0)
(0 0 0)
(0 0 0)
(0 0 0)
(0 0 0)
(0 0 0)
(0 0 0)
(0 0 0)
(0 0 0)
(0 0 0)
(0 0 0)
(0 0 0)
(0 0 0)
(0 0 0)
(0 0 0)
(0 0 0)
(0 0 0)
(0 0 0)
(0 0 0)
(0 0 0)
(0 0 0)
(0 0 0)
(0 0 0)
(0 0 0)
(0 0 0)
(0 0 0)
(0 0 0)
(0 0 0)
(0 0 0)
(0 0 0)
(0 0 0)
(0 0 0)
(0 0 0)
(0 0 0)
(0 0 0)
(0 0 0)
(0 0 0)
(0 0 0)
(0 0 0)
(0 0 0)
(0 0 0)
(0 0 0)
(0 0 0)
(0 0 0)
(0 0 0)
(0 0 0)
(0 0 0)
(0 0 0)
(0 0 0)
(0 0 0)
(0 0 0)
(0 0 0)
(0 0 0)
(0 0 0)
(0 0 0)
(0 0 0)
(0 0 0)
(0 0 0)
(0 0 0)
(0 0 0)
(0 0 0)
(0 0 0)
(0 0 0)
(0 0 0)
(0 0 0)
(0 0 0)
(0 0 0)
(0 0 0)
(0 0 0)
(0 0 0)
(0 0 0)
(0 0 0)
(0 0 0)
(0 0 0)
(0 0 0)
(0 0 0)
(0 0 0)
(0 0 0)
(0 0 0)
(0 0 0)
(0 0 0)
(0 0 0)
(0 0 0)
(0 0 0)
(0 0 0)
(0 0 0)
(0 0 0)
(0 0 0)
(0 0 0)
(0 0 0)
(0 0 0)
(0 0 0)
(0 0 0)
(0 0 0)
(0 0 0)
(0 0 0)
(0 0 0)
(0 0 0)
(0 0 0)
(0 0 0)
(0 0 0)
(0 0 0)
(0 0 0)
(0 0 0)
(0 0 0)
(0 0 0)
(0 0 0)
(0 0 0)
(0 0 0)
(0 0 0)
(0 0 0)
(0 0 0)
(0 0 0)
(0 0 0)
(0 0 0)
(0 0 0)
(0 0 0)
(0 0 0)
(0 0 0)
(0 0 0)
(0 0 0)
(0 0 0)
(0 0 0)
(0 0 0)
(0 0 0)
(0 0 0)
(0 0 0)
(0 0 0)
(0 0 0)
(0 0 0)
(0 0 0)
(0 0 0)
(0 0 0)
(0 0 0)
(0 0 0)
(0 0 0)
(0 0 0)
(0 0 0)
(0 0 0)
(0 0 0)
(0 0 0)
(0 0 0)
(0 0 0)
(0 0 0)
(0 0 0)
(0 0 0)
(0 0 0)
(0 0 0)
(0 0 0)
(0 0 0)
(0 0 0)
(0 0 0)
(0 0 0)
(0 0 0)
(0 0 0)
(0 0 0)
(0 0 0)
(0 0 0)
(0 0 0)
(0 0 0)
(0 0 0)
(0 0 0)
(0 0 0)
(0 0 0)
(0 0 0)
(0 0 0)
(0 0 0)
(0 0 0)
(0 0 0)
(0 0 0)
(0 0 0)
(0 0 0)
(0 0 0)
(0 0 0)
(0 0 0)
(0 0 0)
(0 0 0)
(0 0 0)
(0 0 0)
(0 0 0)
(0 0 0)
(0 0 0)
(0 0 0)
(0 0 0)
(0 0 0)
(0 0 0)
(0 0 0)
(0 0 0)
(0 0 0)
(0 0 0)
(0 0 0)
(0 0 0)
(0 0 0)
(0 0 0)
(0 0 0)
(0 0 0)
(0 0 0)
(0 0 0)
(0 0 0)
(0 0 0)
(0 0 0)
(0 0 0)
(0 0 0)
(0 0 0)
(0 0 0)
(0 0 0)
(0 0 0)
(0 0 0)
(0 0 0)
(0 0 0)
(0 0 0)
(0 0 0)
(0 0 0)
(0 0 0)
(0 0 0)
(0 0 0)
(0 0 0)
(0 0 0)
(0 0 0)
(0 0 0)
(0 0 0)
(0 0 0)
(0 0 0)
(0 0 0)
(0 0 0)
(0 0 0)
(0 0 0)
(0 0 0)
(0 0 0)
(0 0 0)
(0 0 0)
(0 0 0)
(0 0 0)
(0 0 0)
(0 0 0)
(0 0 0)
(0 0 0)
(0 0 0)
(0 0 0)
(0 0 0)
(0 0 0)
(0 0 0)
(0 0 0)
(0 0 0)
(0 0 0)
(0 0 0)
(0 0 0)
(0 0 0)
(0 0 0)
(0 0 0)
(0 0 0)
(0 0 0)
(0 0 0)
(0 0 0)
(0 0 0)
(0 0 0)
(0 0 0)
(0 0 0)
(0 0 0)
(0 0 0)
(0 0 0)
(0 0 0)
(0 0 0)
(0 0 0)
(0 0 0)
(0 0 0)
(0 0 0)
(0 0 0)
(0 0 0)
(0 0 0)
(0 0 0)
(0 0 0)
(0 0 0)
(0 0 0)
(0 0 0)
(0 0 0)
(0 0 0)
(0 0 0)
(0 0 0)
(0 0 0)
(0 0 0)
(0 0 0)
(0 0 0)
(0 0 0)
(0 0 0)
(0 0 0)
(0 0 0)
(0 0 0)
(0 0 0)
(0 0 0)
(0 0 0)
(0 0 0)
(0 0 0)
(0 0 0)
(0 0 0)
(0 0 0)
(0 0 0)
(0 0 0)
(0 0 0)
(0 0 0)
(0 0 0)
(0 0 0)
(0 0 0)
(0 0 0)
(0 0 0)
(0 0 0)
(0 0 0)
(0 0 0)
(0 0 0)
(0 0 0)
(0 0 0)
(0 0 0)
(0 0 0)
(0 0 0)
(0 0 0)
(0 0 0)
(0 0 0)
(0 0 0)
(0 0 0)
(0 0 0)
(0 0 0)
(0 0 0)
(0 0 0)
(0 0 0)
(0 0 0)
(0 0 0)
(0 0 0)
(0 0 0)
(0 0 0)
(0 0 0)
(0 0 0)
(0 0 0)
(0 0 0)
(0 0 0)
(0 0 0)
(0 0 0)
(0 0 0)
(0 0 0)
(0 0 0)
(0 0 0)
(0 0 0)
(0 0 0)
(0 0 0)
(0 0 0)
(0 0 0)
(0 0 0)
(0 0 0)
(0 0 0)
(0 0 0)
(0 0 0)
(0 0 0)
(0 0 0)
(0 0 0)
(0 0 0)
(0 0 0)
(0 0 0)
(0 0 0)
(0 0 0)
(0 0 0)
(0 0 0)
(0 0 0)
(0 0 0)
(0 0 0)
(0 0 0)
(0 0 0)
(0 0 0)
(0 0 0)
(0 0 0)
(0 0 0)
(0 0 0)
(0 0 0)
(0 0 0)
(0 0 0)
(0 0 0)
(0 0 0)
(0 0 0)
(0 0 0)
(0 0 0)
(0 0 0)
(0 0 0)
(0 0 0)
(0 0 0)
(0 0 0)
(0 0 0)
(0 0 0)
(0 0 0)
(0 0 0)
(0 0 0)
(0 0 0)
(0 0 0)
(0 0 0)
(0 0 0)
(0 0 0)
(0 0 0)
(0 0 0)
(0 0 0)
(0 0 0)
(0 0 0)
(0 0 0)
(0 0 0)
(0 0 0)
(0 0 0)
(0 0 0)
(0 0 0)
(0 0 0)
(0 0 0)
(0 0 0)
(0 0 0)
(0 0 0)
(0 0 0)
(0 0 0)
(0 0 0)
(0 0 0)
(0 0 0)
(0 0 0)
(0 0 0)
(0 0 0)
(0 0 0)
(0 0 0)
(0 0 0)
(0 0 0)
(0 0 0)
(0 0 0)
(0 0 0)
(0 0 0)
(0 0 0)
(0 0 0)
(0 0 0)
(0 0 0)
(0 0 0)
(0 0 0)
(0 0 0)
(0 0 0)
(0 0 0)
(0 0 0)
(0 0 0)
(0 0 0)
(0 0 0)
(0 0 0)
(0 0 0)
(0 0 0)
(0 0 0)
(0 0 0)
(0 0 0)
(0 0 0)
(0 0 0)
(0 0 0)
(0 0 0)
(0 0 0)
(0 0 0)
(0 0 0)
(0 0 0)
(0 0 0)
(0 0 0)
(0 0 0)
(0 0 0)
(0 0 0)
(0 0 0)
(0 0 0)
(0 0 0)
(0 0 0)
(0 0 0)
(0 0 0)
(0 0 0)
(0 0 0)
(0 0 0)
(0 0 0)
(0 0 0)
(0 0 0)
(0 0 0)
(0 0 0)
(0 0 0)
(0 0 0)
(0 0 0)
(0 0 0)
(0 0 0)
(0 0 0)
(0 0 0)
(0 0 0)
(0 0 0)
(0 0 0)
(0 0 0)
(0 0 0)
(0 0 0)
(0 0 0)
(0 0 0)
(0 0 0)
(0 0 0)
(0 0 0)
(0 0 0)
(0 0 0)
(0 0 0)
(0 0 0)
(0 0 0)
(0 0 0)
(0 0 0)
(0 0 0)
(0 0 0)
(0 0 0)
(0 0 0)
(0 0 0)
(0 0 0)
(0 0 0)
(0 0 0)
(0 0 0)
(0 0 0)
(0 0 0)
(0 0 0)
(0 0 0)
(0 0 0)
(0 0 0)
(0 0 0)
(0 0 0)
(0 0 0)
(0 0 0)
(0 0 0)
(0 0 0)
(0 0 0)
(0 0 0)
(0 0 0)
(0 0 0)
(0 0 0)
(0 0 0)
(0 0 0)
(0 0 0)
(0 0 0)
(0 0 0)
(0 0 0)
(0 0 0)
(0 0 0)
(0 0 0)
(0 0 0)
(0 0 0)
(0 0 0)
(0 0 0)
(0 0 0)
(0 0 0)
(0 0 0)
(0 0 0)
(0 0 0)
(0 0 0)
(0 0 0)
(0 0 0)
(0 0 0)
(0 0 0)
(0 0 0)
(0 0 0)
(0 0 0)
(0 0 0)
(0 0 0)
(0 0 0)
(0 0 0)
(0 0 0)
(0 0 0)
(0 0 0)
(0 0 0)
(0 0 0)
(0 0 0)
(0 0 0)
(0 0 0)
(0 0 0)
(0 0 0)
(0 0 0)
(0 0 0)
(0 0 0)
(0 0 0)
(0 0 0)
(0 0 0)
(0 0 0)
(0 0 0)
(0 0 0)
(0 0 0)
(0 0 0)
(0 0 0)
(0 0 0)
(0 0 0)
(0 0 0)
(0 0 0)
(0 0 0)
(0 0 0)
(0 0 0)
(0 0 0)
(0 0 0)
(0 0 0)
(0 0 0)
(0 0 0)
(0 0 0)
(0 0 0)
(0 0 0)
(0 0 0)
(0 0 0)
(0 0 0)
(0 0 0)
(0 0 0)
(0 0 0)
(0 0 0)
(0 0 0)
(0 0 0)
(0 0 0)
(0 0 0)
(0 0 0)
(0 0 0)
(0 0 0)
(0 0 0)
(0 0 0)
(0 0 0)
(0 0 0)
(0 0 0)
(0 0 0)
(0 0 0)
(0 0 0)
(0 0 0)
(0 0 0)
(0 0 0)
(0 0 0)
(0 0 0)
(0 0 0)
(0 0 0)
(0 0 0)
(0 0 0)
(0 0 0)
(0 0 0)
(0 0 0)
(0 0 0)
(0 0 0)
(0 0 0)
(0 0 0)
(0 0 0)
(0 0 0)
(0 0 0)
(0 0 0)
(0 0 0)
(0 0 0)
(0 0 0)
(0 0 0)
(0 0 0)
(0 0 0)
(0 0 0)
(0 0 0)
(0 0 0)
(0 0 0)
(0 0 0)
(0 0 0)
(0 0 0)
(0 0 0)
(0 0 0)
(0 0 0)
(0 0 0)
(0 0 0)
(0 0 0)
(0 0 0)
(0 0 0)
(0 0 0)
(0 0 0)
(0 0 0)
(0 0 0)
(0 0 0)
(0 0 0)
(0 0 0)
(0 0 0)
(0 0 0)
(0 0 0)
(0 0 0)
(0 0 0)
(0 0 0)
(0 0 0)
(0 0 0)
(0 0 0)
(0 0 0)
(0 0 0)
(0 0 0)
(0 0 0)
(0 0 0)
(0 0 0)
(0 0 0)
(0 0 0)
(0 0 0)
(0 0 0)
(0 0 0)
(0 0 0)
(0 0 0)
(0 0 0)
(0 0 0)
(0 0 0)
(0 0 0)
(0 0 0)
(0 0 0)
(0 0 0)
(0 0 0)
(0 0 0)
(0 0 0)
(0 0 0)
(0 0 0)
(0 0 0)
(0 0 0)
(0 0 0)
(0 0 0)
(0 0 0)
(0 0 0)
(0 0 0)
(0 0 0)
(0 0 0)
(0 0 0)
(0 0 0)
(0 0 0)
(0 0 0)
(0 0 0)
(0 0 0)
(0 0 0)
(0 0 0)
(0 0 0)
(0 0 0)
(0 0 0)
(0 0 0)
(0 0 0)
(0 0 0)
(0 0 0)
(0 0 0)
(0 0 0)
(0 0 0)
(0 0 0)
(0 0 0)
(0 0 0)
(0 0 0)
(0 0 0)
(0 0 0)
(0 0 0)
(0 0 0)
(0 0 0)
(0 0 0)
(0 0 0)
(0 0 0)
(0 0 0)
(0 0 0)
(0 0 0)
(0 0 0)
(0 0 0)
(0 0 0)
(0 0 0)
(0 0 0)
(0 0 0)
(0 0 0)
(0 0 0)
(0 0 0)
(0 0 0)
(0 0 0)
(0 0 0)
(0 0 0)
(0 0 0)
(0 0 0)
(0 0 0)
(0 0 0)
(0 0 0)
(0 0 0)
(0 0 0)
(0 0 0)
(0 0 0)
(0 0 0)
(0 0 0)
(0 0 0)
(0 0 0)
(0 0 0)
(0 0 0)
(0 0 0)
(0 0 0)
(0 0 0)
(0 0 0)
(0 0 0)
(0 0 0)
(0 0 0)
(0 0 0)
(0 0 0)
(0 0 0)
(0 0 0)
(0 0 0)
(0 0 0)
(0 0 0)
(0 0 0)
(0 0 0)
(0 0 0)
(0 0 0)
(0 0 0)
(0 0 0)
(0 0 0)
(0 0 0)
(0 0 0)
(0 0 0)
(0 0 0)
(0 0 0)
(0 0 0)
(0 0 0)
(0 0 0)
(0 0 0)
(0 0 0)
(0 0 0)
(0 0 0)
(0 0 0)
(0 0 0)
(0 0 0)
(0 0 0)
(0 0 0)
(0 0 0)
(0 0 0)
(0 0 0)
(0 0 0)
(0 0 0)
(0 0 0)
(0 0 0)
(0 0 0)
(0 0 0)
(0 0 0)
(0 0 0)
(0 0 0)
(0 0 0)
(0 0 0)
(0 0 0)
(0 0 0)
(0 0 0)
(0 0 0)
(0 0 0)
(0 0 0)
(0 0 0)
(0 0 0)
(0 0 0)
(0 0 0)
(0 0 0)
(0 0 0)
(0 0 0)
(0 0 0)
(0 0 0)
(0 0 0)
(0 0 0)
(0 0 0)
(0 0 0)
(0 0 0)
(0 0 0)
(0 0 0)
(0 0 0)
(0 0 0)
(0 0 0)
(0 0 0)
(0 0 0)
(0 0 0)
(0 0 0)
(0 0 0)
(0 0 0)
(0 0 0)
(0 0 0)
(0 0 0)
(0 0 0)
(0 0 0)
(0 0 0)
(0 0 0)
(0 0 0)
(0 0 0)
(0 0 0)
(0 0 0)
(0 0 0)
(0 0 0)
(0 0 0)
(0 0 0)
(0 0 0)
(0 0 0)
(0 0 0)
(0 0 0)
(0 0 0)
(0 0 0)
(0 0 0)
(0 0 0)
(0 0 0)
(0 0 0)
(0 0 0)
(0 0 0)
(0 0 0)
(0 0 0)
(0 0 0)
(0 0 0)
(0 0 0)
(0 0 0)
(0 0 0)
(0 0 0)
(0 0 0)
(0 0 0)
(0 0 0)
(0 0 0)
(0 0 0)
(0 0 0)
(0 0 0)
(0 0 0)
(0 0 0)
(0 0 0)
(0 0 0)
(0 0 0)
(0 0 0)
(0 0 0)
(0 0 0)
(0 0 0)
(0 0 0)
(0 0 0)
(0 0 0)
(0 0 0)
(0 0 0)
(0 0 0)
(0 0 0)
(0 0 0)
(0 0 0)
(0 0 0)
(0 0 0)
(0 0 0)
(0 0 0)
(0 0 0)
(0 0 0)
(0 0 0)
(0 0 0)
(0 0 0)
(0 0 0)
(0 0 0)
(0 0 0)
(0 0 0)
(0 0 0)
(0 0 0)
(0 0 0)
(0 0 0)
(0 0 0)
(0 0 0)
(0 0 0)
(0 0 0)
(0 0 0)
(0 0 0)
(0 0 0)
(0 0 0)
(0 0 0)
(0 0 0)
(0 0 0)
(0 0 0)
(0 0 0)
(0 0 0)
(0 0 0)
(0 0 0)
(0 0 0)
(0 0 0)
(0 0 0)
(0 0 0)
(0 0 0)
(0 0 0)
(0 0 0)
(0 0 0)
(0 0 0)
(0 0 0)
(0 0 0)
(0 0 0)
(0 0 0)
(0 0 0)
(0 0 0)
(0 0 0)
(0 0 0)
(0 0 0)
(0 0 0)
(0 0 0)
(0 0 0)
(0 0 0)
(0 0 0)
(0 0 0)
(0 0 0)
(0 0 0)
(0 0 0)
(0 0 0)
(0 0 0)
(0 0 0)
(0 0 0)
(0 0 0)
(0 0 0)
(0 0 0)
(0 0 0)
(0 0 0)
(0 0 0)
(0 0 0)
(0 0 0)
(0 0 0)
(0 0 0)
(0 0 0)
(0 0 0)
(0 0 0)
(0 0 0)
(0 0 0)
(0 0 0)
(0 0 0)
(0 0 0)
(0 0 0)
(0 0 0)
(0 0 0)
(0 0 0)
(0 0 0)
(0 0 0)
(0 0 0)
(0 0 0)
(0 0 0)
(0 0 0)
(0 0 0)
(0 0 0)
(0 0 0)
(0 0 0)
(0 0 0)
(0 0 0)
(0 0 0)
(0 0 0)
(0 0 0)
(0 0 0)
(0 0 0)
(0 0 0)
(0 0 0)
(0 0 0)
(0 0 0)
(0 0 0)
(0 0 0)
(0 0 0)
(0 0 0)
(0 0 0)
(0 0 0)
(0 0 0)
(0 0 0)
(0 0 0)
(0 0 0)
(0 0 0)
(0 0 0)
(0 0 0)
(0 0 0)
(0 0 0)
(0 0 0)
(0 0 0)
(0 0 0)
(0 0 0)
(0 0 0)
(0 0 0)
(0 0 0)
(0 0 0)
(0 0 0)
(0 0 0)
(0 0 0)
(0 0 0)
(0 0 0)
(0 0 0)
(0 0 0)
(0 0 0)
(0 0 0)
(0 0 0)
(0 0 0)
(0 0 0)
(0 0 0)
(0 0 0)
(0 0 0)
(0 0 0)
(0 0 0)
(0 0 0)
(0 0 0)
(0 0 0)
(0 0 0)
(0 0 0)
(0 0 0)
(0 0 0)
(0 0 0)
(0 0 0)
(0 0 0)
(0 0 0)
(0 0 0)
(0 0 0)
(0 0 0)
(0 0 0)
(0 0 0)
(0 0 0)
(0 0 0)
(0 0 0)
(0 0 0)
(0 0 0)
(0 0 0)
(0 0 0)
(0 0 0)
(0 0 0)
(0 0 0)
(0 0 0)
(0 0 0)
(0 0 0)
(0 0 0)
(0 0 0)
(0 0 0)
(0 0 0)
(0 0 0)
(0 0 0)
(0 0 0)
(0 0 0)
(0 0 0)
(0 0 0)
(0 0 0)
(0 0 0)
(0 0 0)
(0 0 0)
(0 0 0)
(0 0 0)
(0 0 0)
(0 0 0)
(0 0 0)
(0 0 0)
(0 0 0)
(0 0 0)
(0 0 0)
(0 0 0)
(0 0 0)
(0 0 0)
(0 0 0)
(0 0 0)
(0 0 0)
(0 0 0)
(0 0 0)
(0 0 0)
(0 0 0)
(0 0 0)
(0 0 0)
(0 0 0)
(0 0 0)
(0 0 0)
(0 0 0)
(0 0 0)
(0 0 0)
(0 0 0)
(0 0 0)
(0 0 0)
(0 0 0)
(0 0 0)
(0 0 0)
(0 0 0)
(0 0 0)
(0 0 0)
(0 0 0)
(0 0 0)
(0 0 0)
(0 0 0)
(0 0 0)
(0 0 0)
(0 0 0)
(0 0 0)
(0 0 0)
(0 0 0)
(0 0 0)
(0 0 0)
(0 0 0)
(0 0 0)
(0 0 0)
(0 0 0)
(0 0 0)
(0 0 0)
(0 0 0)
(0 0 0)
(0 0 0)
(0 0 0)
(0 0 0)
(0 0 0)
(0 0 0)
(0 0 0)
(0 0 0)
(0 0 0)
(0 0 0)
(0 0 0)
(0 0 0)
(0 0 0)
(0 0 0)
(0 0 0)
(0 0 0)
(0 0 0)
(0 0 0)
(0 0 0)
(0 0 0)
(0 0 0)
(0 0 0)
(0 0 0)
(0 0 0)
(0 0 0)
(0 0 0)
(0 0 0)
(0 0 0)
(0 0 0)
(0 0 0)
(0 0 0)
(0 0 0)
(0 0 0)
(0 0 0)
(0 0 0)
(0 0 0)
(0 0 0)
(0 0 0)
(0 0 0)
(0 0 0)
(0 0 0)
(0 0 0)
(0 0 0)
(0 0 0)
(0 0 0)
(0 0 0)
(0 0 0)
(0 0 0)
(0 0 0)
(0 0 0)
(0 0 0)
(0 0 0)
(0 0 0)
(0 0 0)
(0 0 0)
(0 0 0)
(0 0 0)
(0 0 0)
(0 0 0)
(0 0 0)
(0 0 0)
(0 0 0)
(0 0 0)
(0 0 0)
(0 0 0)
(0 0 0)
(0 0 0)
(0 0 0)
(0 0 0)
(0 0 0)
(0 0 0)
(0 0 0)
(0 0 0)
(0 0 0)
(0 0 0)
(0 0 0)
(0 0 0)
(0 0 0)
(0 0 0)
(0 0 0)
(0 0 0)
(0 0 0)
(0 0 0)
(0 0 0)
(0 0 0)
(0 0 0)
(0 0 0)
(0 0 0)
(0 0 0)
(0 0 0)
(0 0 0)
(0 0 0)
(0 0 0)
(0 0 0)
(0 0 0)
(0 0 0)
(0 0 0)
(0 0 0)
(0 0 0)
(0 0 0)
(0 0 0)
(0 0 0)
(0 0 0)
(0 0 0)
(0 0 0)
(0 0 0)
(0 0 0)
(0 0 0)
(0 0 0)
(0 0 0)
(0 0 0)
(0 0 0)
(0 0 0)
(0 0 0)
(0 0 0)
(0 0 0)
(0 0 0)
(0 0 0)
(0 0 0)
(0 0 0)
(0 0 0)
(0 0 0)
(0 0 0)
(0 0 0)
(0 0 0)
(0 0 0)
(0 0 0)
(0 0 0)
(0 0 0)
(0 0 0)
(0 0 0)
(0 0 0)
(0 0 0)
(0 0 0)
(0 0 0)
(0 0 0)
(0 0 0)
(0 0 0)
(0 0 0)
(0 0 0)
(0 0 0)
(0 0 0)
(0 0 0)
(0 0 0)
(0 0 0)
(0 0 0)
(0 0 0)
(0 0 0)
(0 0 0)
(0 0 0)
(0 0 0)
(0 0 0)
(0 0 0)
(0 0 0)
(0 0 0)
(0 0 0)
(0 0 0)
(0 0 0)
(0 0 0)
(0 0 0)
(0 0 0)
(0 0 0)
(0 0 0)
(0 0 0)
(0 0 0)
(0 0 0)
(0 0 0)
(0 0 0)
(0 0 0)
(0 0 0)
(0 0 0)
(0 0 0)
(0 0 0)
(0 0 0)
(0 0 0)
(0 0 0)
(0 0 0)
(0 0 0)
(0 0 0)
(0 0 0)
(0 0 0)
(0 0 0)
(0 0 0)
(0 0 0)
(0 0 0)
(0 0 0)
(0 0 0)
(0 0 0)
(0 0 0)
(0 0 0)
(0 0 0)
(0 0 0)
(0 0 0)
(0 0 0)
(0 0 0)
(0 0 0)
(0 0 0)
(0 0 0)
(0 0 0)
(0 0 0)
(0 0 0)
(0 0 0)
(0 0 0)
(0 0 0)
(0 0 0)
(0 0 0)
(0 0 0)
(0 0 0)
(0 0 0)
(0 0 0)
(0 0 0)
(0 0 0)
(0 0 0)
(0 0 0)
(0 0 0)
(0 0 0)
(0 0 0)
(0 0 0)
(0 0 0)
(0 0 0)
(0 0 0)
(0 0 0)
(0 0 0)
(0 0 0)
(0 0 0)
(0 0 0)
(0 0 0)
(0 0 0)
(0 0 0)
(0 0 0)
(0 0 0)
(0 0 0)
(0 0 0)
(0 0 0)
(0 0 0)
(0 0 0)
(0 0 0)
(0 0 0)
(0 0 0)
(0 0 0)
(0 0 0)
(0 0 0)
(0 0 0)
(0 0 0)
(0 0 0)
(0 0 0)
(0 0 0)
(0 0 0)
(0 0 0)
(0 0 0)
(0 0 0)
(0 0 0)
(0 0 0)
(0 0 0)
(0 0 0)
(0 0 0)
(0 0 0)
(0 0 0)
(0 0 0)
(0 0 0)
(0 0 0)
(0 0 0)
(0 0 0)
(0 0 0)
(0 0 0)
(0 0 0)
(0 0 0)
(0 0 0)
(0 0 0)
(0 0 0)
(0 0 0)
(0 0 0)
(0 0 0)
(0 0 0)
(0 0 0)
(0 0 0)
(0 0 0)
(0 0 0)
(0 0 0)
(0 0 0)
(0 0 0)
(0 0 0)
(0 0 0)
(0 0 0)
(0 0 0)
(0 0 0)
(0 0 0)
(0 0 0)
(0 0 0)
(0 0 0)
(0 0 0)
(0 0 0)
(0 0 0)
(0 0 0)
(0 0 0)
(0 0 0)
(0 0 0)
(0 0 0)
(0 0 0)
(0 0 0)
(0 0 0)
(0 0 0)
(0 0 0)
(0 0 0)
(0 0 0)
(0 0 0)
(0 0 0)
(0 0 0)
(0 0 0)
(0 0 0)
(0 0 0)
(0 0 0)
(0 0 0)
(0 0 0)
(0 0 0)
(0 0 0)
(0 0 0)
(0 0 0)
(0 0 0)
(0 0 0)
(0 0 0)
(0 0 0)
(0 0 0)
(0 0 0)
(0 0 0)
(0 0 0)
(0 0 0)
(0 0 0)
(0 0 0)
(0 0 0)
(0 0 0)
(0 0 0)
(0 0 0)
(0 0 0)
(0 0 0)
(0 0 0)
(0 0 0)
(0 0 0)
(0 0 0)
(0 0 0)
(0 0 0)
(0 0 0)
(0 0 0)
(0 0 0)
(0 0 0)
(0 0 0)
(0 0 0)
(0 0 0)
(0 0 0)
(0 0 0)
(0 0 0)
(0 0 0)
(0 0 0)
(0 0 0)
(0 0 0)
(0 0 0)
(0 0 0)
(0 0 0)
(0 0 0)
(0 0 0)
(0 0 0)
(0 0 0)
(0 0 0)
(0 0 0)
(0 0 0)
(0 0 0)
(0 0 0)
(0 0 0)
(0 0 0)
(0 0 0)
(0 0 0)
(0 0 0)
(0 0 0)
(0 0 0)
(0 0 0)
(0 0 0)
(0 0 0)
(0 0 0)
(0 0 0)
(0 0 0)
(0 0 0)
(0 0 0)
(0 0 0)
(0 0 0)
(0 0 0)
(0 0 0)
(0 0 0)
(0 0 0)
(0 0 0)
(0 0 0)
(0 0 0)
(0 0 0)
(0 0 0)
(0 0 0)
(0 0 0)
(0 0 0)
(0 0 0)
(0 0 0)
(0 0 0)
(0 0 0)
(0 0 0)
(0 0 0)
(0 0 0)
(0 0 0)
(0 0 0)
(0 0 0)
(0 0 0)
(0 0 0)
(0 0 0)
(0 0 0)
(0 0 0)
(0 0 0)
(0 0 0)
(0 0 0)
(0 0 0)
(0 0 0)
(0 0 0)
(0 0 0)
(0 0 0)
(0 0 0)
(0 0 0)
(0 0 0)
(0 0 0)
(0 0 0)
(0 0 0)
(0 0 0)
(0 0 0)
(0 0 0)
(0 0 0)
(0 0 0)
(0 0 0)
(0 0 0)
(0 0 0)
(0 0 0)
(0 0 0)
(0 0 0)
(0 0 0)
(0 0 0)
(0 0 0)
(0 0 0)
(0 0 0)
(0 0 0)
(0 0 0)
(0 0 0)
(0 0 0)
(0 0 0)
(0 0 0)
(0 0 0)
(0 0 0)
(0 0 0)
(0 0 0)
(0 0 0)
(0 0 0)
(0 0 0)
(0 0 0)
(0 0 0)
(0 0 0)
(0 0 0)
(0 0 0)
(0 0 0)
(0 0 0)
(0 0 0)
(0 0 0)
(0 0 0)
(0 0 0)
(0 0 0)
(0 0 0)
(0 0 0)
(0 0 0)
(0 0 0)
(0 0 0)
(0 0 0)
(0 0 0)
(0 0 0)
(0 0 0)
(0 0 0)
(0 0 0)
(0 0 0)
(0 0 0)
(0 0 0)
(0 0 0)
(0 0 0)
(0 0 0)
(0 0 0)
(0 0 0)
(0 0 0)
(0 0 0)
(0 0 0)
(0 0 0)
(0 0 0)
(0 0 0)
(0 0 0)
(0 0 0)
(0 0 0)
(0 0 0)
(0 0 0)
(0 0 0)
(0 0 0)
(0 0 0)
(0 0 0)
(0 0 0)
(0 0 0)
(0 0 0)
(0 0 0)
(0 0 0)
(0 0 0)
(0 0 0)
(0 0 0)
(0 0 0)
(0 0 0)
(0 0 0)
(0 0 0)
(0 0 0)
(0 0 0)
(0 0 0)
(0 0 0)
(0 0 0)
(0 0 0)
(0 0 0)
(0 0 0)
(0 0 0)
(0 0 0)
(0 0 0)
(0 0 0)
(-1.422367954441053e-06 5.137821741072204e-06 4.394440057582246e-07)
(-6.099643102558583e-07 2.617430247033547e-06 2.36172227000022e-07)
(-1.202927893536111e-06 3.961253220677888e-06 1.546114818841875e-07)
(-5.935428699071715e-07 2.009460447439007e-06 -2.620634000834685e-07)
(-2.27438215185719e-06 6.533051818717895e-06 9.772116030412346e-08)
(-2.196335743262658e-06 5.909479101674334e-06 -4.936048325272087e-07)
(-2.377513576430217e-06 7.71216111182554e-06 8.566861751461196e-08)
(-4.872123261399768e-06 8.086507493018553e-06 1.57253153364174e-06)
(-2.883217136180519e-07 4.06009863320914e-06 7.819104122343724e-08)
(-1.008073473425179e-06 5.260775258271404e-06 3.263654357070554e-07)
(-6.441976293686964e-07 4.418547044071589e-06 -3.629253774795726e-07)
(-6.816847163453223e-07 3.967198184025329e-06 2.597748347571321e-07)
(-6.922304794736056e-07 3.829397198693402e-06 2.963583992957947e-07)
(-8.807385612607189e-07 5.754636949523447e-06 -2.175364701491762e-07)
(-8.349383460183103e-07 6.314023774356973e-06 -5.947131140337502e-07)
(-9.857162009029639e-07 4.185526325195689e-06 2.338563573435897e-07)
(7.447119940872217e-08 1.434352818865961e-06 -5.300767163675819e-08)
(-3.946103784426238e-07 4.342472162709939e-06 -4.139893453835914e-07)
(5.748545939974345e-06 6.080224284637893e-06 6.858262766164509e-07)
(-5.352604544653291e-06 5.647927620943906e-06 -6.319117356233429e-07)
(0 0 0)
(0 0 0)
(0 0 0)
(-2.019295720432744e-06 3.718386576212656e-06 3.184084163693781e-07)
(-5.930647270075224e-07 1.138746509566442e-06 -1.481440911422058e-08)
(-3.155013730502683e-06 5.167953737721607e-06 -4.299688211711e-07)
(-4.434664078380237e-06 5.802210046557841e-06 2.296541298811698e-07)
(-3.775454893874294e-06 8.455222702407235e-06 1.134968945804006e-06)
(-5.076003014954589e-06 6.840475264241211e-06 6.318770701887532e-07)
(-3.235785535158119e-06 6.636298447873184e-06 7.312258112687592e-07)
(-2.877028876233602e-06 5.870317796907386e-06 5.376929164816538e-07)
(-2.500491118699055e-06 4.500846764660256e-06 2.329301693533011e-07)
(-4.256059241326476e-06 7.055390749174329e-06 -6.625171000104629e-07)
(-2.389381720879697e-06 5.620388978638165e-06 -6.265114950642653e-07)
(-3.069093753133377e-06 6.532939299702299e-06 3.854158690328002e-07)
(8.026897145919252e-07 2.190936569788313e-06 2.674113548724249e-07)
(-1.375762762664821e-06 3.145242373251274e-06 -2.766629158944151e-07)
(-4.866762262987149e-06 8.622772712492287e-06 3.808324692868178e-07)
(-1.231881048399321e-06 2.94443689618762e-06 2.768550814643847e-07)
(7.176322793520201e-08 1.975658010721403e-06 2.124791618705379e-07)
(-1.687921011287507e-06 6.164112535439058e-06 -6.361657306826525e-07)
(-2.247582370945146e-06 6.693982660028293e-06 -7.025862563250715e-07)
(0 0 0)
(0 0 0)
(-1.055418506202643e-06 2.303153058107723e-06 4.825100470644246e-07)
(-8.261229851735785e-07 4.315007528430807e-06 2.599314883296251e-07)
(0 0 0)
(-1.249470750699979e-06 5.528373917406297e-06 -3.528733203181065e-07)
(-2.473334682649192e-06 7.907778190945938e-06 -1.179851935279494e-06)
(-3.633870884795029e-06 6.64690896425605e-06 1.089483271917554e-06)
(-2.343261146744505e-06 4.661380013475263e-06 -5.640259232396464e-07)
(-2.026993726631772e-06 7.081146714865242e-06 -4.395360803399006e-07)
(-1.014503828578563e-05 1.689770140924476e-06 2.056248541654353e-06)
(-2.685320186308342e-06 5.813454910259246e-06 1.460836240094119e-06)
(-1.187460810510998e-06 3.312756501080909e-06 -5.145141446040257e-08)
(0 0 0)
(0 0 0)
(0 0 0)
(0 0 0)
(0 0 0)
(0 0 0)
(0 0 0)
(0 0 0)
(0 0 0)
(0 0 0)
(0 0 0)
(0 0 0)
(0 0 0)
(0 0 0)
(0 0 0)
(0 0 0)
(0 0 0)
(0 0 0)
(0 0 0)
(0 0 0)
(0 0 0)
(0 0 0)
(0 0 0)
(0 0 0)
(0 0 0)
(0 0 0)
(0 0 0)
(-2.913526355054208e-06 5.453686573315733e-06 4.684898717815498e-07)
(-2.645276881346434e-06 3.06682027203404e-06 3.048587040766375e-07)
(-2.566116634436844e-06 6.73629350978249e-06 -5.820833792644753e-07)
(-7.460388114176536e-07 1.244226964332185e-06 5.905922988316091e-08)
(-2.294147298847779e-06 5.030905679717655e-06 3.155688588754887e-07)
(-1.657803280264427e-06 5.646708640159343e-06 3.508793444640265e-07)
(1.093181487333279e-07 2.145345581916524e-06 1.354093439608365e-07)
(-2.955399095606948e-07 2.415881906037189e-06 3.426048886171948e-07)
(-2.441140371333899e-06 4.838148790427084e-06 -9.557783801684235e-08)
(-1.37859518319154e-06 7.327560012995024e-06 6.323068004051588e-07)
(-9.156630089337886e-07 2.426756857330696e-06 -4.177058828068873e-07)
(-1.177418996814627e-06 4.225402193000857e-06 -4.277792997285176e-07)
(-1.414783117419072e-06 1.366442106125011e-06 -4.241021426184672e-07)
(-2.068170981526401e-06 3.892487031651669e-06 6.74215762532685e-08)
(-1.132261963530217e-06 3.859346265486744e-06 2.391029803853902e-07)
(0 0 0)
(-1.932853861892596e-06 7.521218022043697e-06 -1.500288625044748e-06)
(-1.444859078087234e-06 6.469886280863072e-06 -9.303179127910405e-07)
(-1.567284601460104e-06 6.338410743909375e-06 -1.297245210736868e-06)
(0 0 0)
(0 0 0)
(0 0 0)
(0 0 0)
(0 0 0)
(0 0 0)
(0 0 0)
(0 0 0)
(0 0 0)
(0 0 0)
(0 0 0)
(0 0 0)
(0 0 0)
(0 0 0)
(0 0 0)
(0 0 0)
(0 0 0)
(0 0 0)
(0 0 0)
(0 0 0)
(0 0 0)
(0 0 0)
(0 0 0)
(0 0 0)
(0 0 0)
(-7.170209407117296e-07 1.42435286743893e-06 8.857889614725293e-08)
(0 0 0)
(-1.65298600841696e-06 3.171354107641804e-06 -6.29315787762204e-07)
(-7.177050366412131e-07 1.360198780378955e-06 1.890615421219887e-07)
(-1.276582804999633e-06 2.140281574760557e-06 -6.072548044024833e-08)
(0 0 0)
(0 0 0)
(0 0 0)
(0 0 0)
(0 0 0)
(0 0 0)
(0 0 0)
(0 0 0)
(0 0 0)
(0 0 0)
(0 0 0)
(0 0 0)
(0 0 0)
(0 0 0)
(0 0 0)
(0 0 0)
(0 0 0)
(0 0 0)
(0 0 0)
(0 0 0)
(0 0 0)
(0 0 0)
(0 0 0)
(0 0 0)
(0 0 0)
(0 0 0)
(0 0 0)
(0 0 0)
(0 0 0)
(0 0 0)
(0 0 0)
(0 0 0)
(0 0 0)
(0 0 0)
(0 0 0)
(0 0 0)
(0 0 0)
(0 0 0)
(0 0 0)
(0 0 0)
(0 0 0)
(0 0 0)
(0 0 0)
(0 0 0)
(0 0 0)
(0 0 0)
(0 0 0)
(0 0 0)
(0 0 0)
(0 0 0)
(0 0 0)
(0 0 0)
(0 0 0)
(0 0 0)
(0 0 0)
(0 0 0)
(0 0 0)
(0 0 0)
(0 0 0)
(0 0 0)
(-7.159628052173326e-07 1.901628707663917e-06 -1.123291849178878e-07)
(0 0 0)
(0 0 0)
(0 0 0)
(0 0 0)
(0 0 0)
(0 0 0)
(0 0 0)
(0 0 0)
(0 0 0)
(0 0 0)
(-4.692946426407355e-07 1.208656990912712e-06 -4.931434087968816e-07)
(0 0 0)
(-4.584065737241867e-06 1.095342741174064e-05 -3.433206390440674e-06)
(-2.891112177006109e-06 3.033325277744659e-06 3.355794782268511e-07)
(-2.406617734704814e-06 3.005229374040411e-06 4.719427157767023e-07)
(-2.037249761625526e-06 2.44143958372542e-06 3.568560880573386e-07)
(-1.50225368279523e-06 2.812690178342374e-06 -9.381617503944579e-08)
(-1.552978322482632e-06 3.026729000978868e-06 6.344910714594883e-07)
(-3.762680464861364e-07 9.588434245474798e-07 1.226175108055105e-07)
(0 0 0)
(0 0 0)
(0 0 0)
(-5.608295257955625e-07 1.595690985564511e-06 -5.690185730226131e-08)
(-3.999532844108838e-06 8.173299891362616e-06 -2.773642772357588e-08)
(-3.193109952960504e-06 4.998081937876083e-06 -6.251128899065984e-07)
(0 0 0)
(0 0 0)
(-1.609605016705194e-06 2.197882824975392e-06 -5.330956661107759e-07)
(0 0 0)
(-1.880342157312226e-06 6.240230805233143e-06 -8.366410350215327e-07)
(-2.04092058819962e-06 3.964530099449219e-06 -9.851923921446502e-07)
(-2.194064774644477e-06 3.013772904944482e-06 -2.99095325575231e-07)
(-1.127095730628522e-06 2.382409582594683e-06 1.628130605738014e-07)
(-7.661069340533249e-07 1.870213996903056e-06 -2.736313689187365e-07)
(-3.640549521452254e-06 4.222758327433362e-06 1.487142915604918e-06)
(-5.481876150376639e-07 1.73476050426895e-06 -5.277825748313489e-07)
(5.170243826829591e-07 3.28259111423994e-06 -4.638533450221622e-07)
(1.338807533679682e-07 2.073669964341698e-06 -7.021660611519578e-08)
(-1.791256626285763e-06 6.170846713312447e-06 -3.283898797817782e-07)
(0 0 0)
(-1.11158193159609e-07 3.484346628146852e-07 -9.921146842892623e-08)
(0 0 0)
(0 0 0)
(0 0 0)
(0 0 0)
(0 0 0)
(0 0 0)
(0 0 0)
(0 0 0)
(0 0 0)
(0 0 0)
(0 0 0)
(0 0 0)
(0 0 0)
(0 0 0)
(0 0 0)
(0 0 0)
(-4.825014577334065e-07 7.98818208933944e-07 -1.678687281079431e-07)
(-1.000283469945114e-06 3.303750366084698e-06 4.070075399102911e-07)
(-1.548091310434563e-06 3.279427740435096e-06 4.801900550447915e-07)
(-5.059947229090517e-07 1.735345292385339e-06 1.436122706082479e-08)
(0 0 0)
(0 0 0)
(0 0 0)
(0 0 0)
(0 0 0)
(0 0 0)
(0 0 0)
(0 0 0)
(0 0 0)
(0 0 0)
(0 0 0)
(0 0 0)
(-3.394317395306128e-07 1.767766361961664e-06 -4.407726299318894e-07)
(0 0 0)
(-1.344773348667023e-06 4.247762348864727e-06 -6.068699612658973e-07)
(0 0 0)
(-6.489422020578445e-07 1.31310231584493e-06 -2.198762860790089e-07)
(-7.391393287993475e-07 1.698991334699014e-06 -2.220848141395628e-07)
(0 0 0)
(0 0 0)
(0 0 0)
(0 0 0)
(0 0 0)
(0 0 0)
(0 0 0)
(0 0 0)
(0 0 0)
(0 0 0)
(-6.893187046721217e-07 1.084121310334948e-06 5.450742035106078e-08)
(0 0 0)
(0 0 0)
(0 0 0)
(-8.797921655763112e-07 7.570272359096973e-07 -1.267017061802539e-07)
(-1.975164936540741e-06 4.920527717766244e-06 1.017023510504677e-08)
(-5.364298939886371e-07 3.485261250743604e-06 5.078078420962473e-07)
(-7.644298428039383e-07 7.021484165790568e-07 2.276397604939915e-06)
(-7.896502138083497e-07 3.960388615674243e-07 9.65112909639592e-07)
(-7.168207313126573e-07 5.108892027188993e-07 3.50298621404524e-07)
(-3.861453821895682e-06 2.222978400048798e-06 -7.717558924392875e-07)
(0 0 0)
(0 0 0)
(-4.31281578518552e-07 -4.785512238902754e-08 4.312074642843841e-07)
(-2.317053293948598e-06 6.887316444447079e-08 1.106938898372069e-06)
(-1.756132128337691e-06 -4.36438126804479e-08 9.292564020266474e-08)
(-1.968507003852294e-06 6.296879662702628e-07 1.938947479451192e-07)
(0 0 0)
(0 0 0)
(0 0 0)
(0 0 0)
(0 0 0)
(0 0 0)
(0 0 0)
(0 0 0)
(0 0 0)
(0 0 0)
(0 0 0)
(0 0 0)
(0 0 0)
(0 0 0)
(-3.364341467467205e-07 3.641399965078133e-07 1.426609340539225e-07)
(0 0 0)
(0 0 0)
(0 0 0)
(-3.779377929018319e-06 9.337713114182252e-07 1.725864175911028e-06)
(0 0 0)
(0 0 0)
(0 0 0)
(0 0 0)
(0 0 0)
(0 0 0)
(0 0 0)
(0 0 0)
(0 0 0)
(-1.206440567036558e-07 6.283336882121946e-07 -1.13713498952178e-08)
(0 0 0)
(0 0 0)
(-3.272322664477826e-06 3.087688263287603e-06 8.358843117703705e-07)
(-3.57927769439662e-06 3.089981285789525e-06 1.069748104331511e-06)
(0 0 0)
(-6.527578447778864e-06 4.952342935398817e-06 5.83617743036786e-07)
(-2.875964937422464e-06 2.276525491989792e-06 5.567504982884137e-07)
(-2.112261228471504e-06 2.783614422718486e-06 -3.430272752683664e-07)
(-2.660119418068522e-06 6.700951073983863e-07 2.020330521695703e-07)
(-3.138191072855752e-06 2.185377760060304e-06 -5.985393157391667e-07)
(-4.358793700679772e-06 4.031726838755706e-06 7.723687343298514e-07)
(0 0 0)
(0 0 0)
(0 0 0)
(0 0 0)
(0 0 0)
(0 0 0)
(-8.729080282110986e-07 2.219435268799685e-07 3.588793098490793e-07)
(-2.512139476073739e-06 -8.988780244576498e-07 2.41508016571167e-07)
(-1.889251867135595e-06 2.40052136741486e-06 2.481844542337659e-06)
(0 0 0)
(0 0 0)
(0 0 0)
(-6.557469286710334e-07 5.706055151980086e-07 3.461453304461722e-07)
(-2.790839177630585e-06 9.388280998105931e-07 8.193317200245285e-07)
(-6.970961513088197e-06 2.524936266428053e-06 -6.743334533663671e-07)
(0 0 0)
(0 0 0)
(0 0 0)
(0 0 0)
(0 0 0)
(0 0 0)
(0 0 0)
(0 0 0)
(0 0 0)
(0 0 0)
(0 0 0)
(0 0 0)
(0 0 0)
(0 0 0)
(0 0 0)
(0 0 0)
(0 0 0)
(0 0 0)
(0 0 0)
(-1.000282769409374e-06 -4.841560340082299e-07 8.278195054073981e-07)
(-2.348589786146822e-07 -4.609843122475969e-08 -1.209476083607772e-07)
(-1.002483691193331e-07 -3.09435952031692e-08 -8.936263152111468e-08)
(-3.847391690962715e-06 -1.311686059938695e-07 -5.864913395145957e-07)
(-2.986664608075257e-06 2.691910264050198e-07 2.924490263833442e-07)
(-4.612179780534341e-06 1.150259435146747e-06 1.939596561155376e-06)
(0 0 0)
(1.032320447831451e-06 2.28415606795206e-08 2.13198637809173e-07)
(0 0 0)
(0 0 0)
(0 0 0)
(0 0 0)
(0 0 0)
(0 0 0)
(-1.146506756923083e-06 1.573099368019654e-06 1.353400771911564e-07)
(-2.406008556379829e-06 1.913776662892074e-06 2.553707503511235e-07)
(-7.490268342758716e-07 1.328500848823356e-06 -1.474980044333559e-07)
(-2.681896099657583e-06 3.354317855548283e-06 3.634051808702251e-07)
(-1.82773628806796e-06 2.216409003087374e-06 1.540767738566646e-07)
(-2.052350268129116e-06 3.031390478044693e-06 6.38680405618384e-07)
(-3.201965822284182e-06 3.84567733148728e-06 6.038766123233332e-08)
(-2.446451698342332e-06 2.28215282337277e-06 6.477831156553337e-07)
(-2.983542665451538e-06 2.320769953080127e-06 -2.761458401068495e-07)
(-1.475808674639539e-06 2.359548787774163e-06 9.299837000740902e-07)
(1.315987627572727e-07 2.24726392807498e-06 1.431991511056826e-06)
(0 0 0)
(0 0 0)
(0 0 0)
(0 0 0)
(0 0 0)
(0 0 0)
(0 0 0)
(0 0 0)
(0 0 0)
(0 0 0)
(0 0 0)
(0 0 0)
(0 0 0)
(0 0 0)
(0 0 0)
(0 0 0)
(0 0 0)
(0 0 0)
(0 0 0)
(0 0 0)
(0 0 0)
(0 0 0)
(0 0 0)
(0 0 0)
(0 0 0)
(0 0 0)
(0 0 0)
(0 0 0)
(0 0 0)
(0 0 0)
(0 0 0)
(0 0 0)
(0 0 0)
(0 0 0)
(0 0 0)
(0 0 0)
(0 0 0)
(0 0 0)
(0 0 0)
(0 0 0)
(0 0 0)
(0 0 0)
(0 0 0)
(-3.000993065302015e-06 3.843390001414458e-07 -9.56310081752814e-07)
(-1.346384655997061e-06 2.710427988622084e-07 8.280838141719765e-07)
(-6.885419476163508e-07 1.674187034606633e-06 1.071399801773002e-06)
(-4.670213689014064e-07 -4.88235523945593e-07 -2.349765467494761e-07)
(0 0 0)
(0 0 0)
(0 0 0)
(0 0 0)
(0 0 0)
(0 0 0)
(0 0 0)
(0 0 0)
(0 0 0)
(0 0 0)
(0 0 0)
(0 0 0)
(0 0 0)
(0 0 0)
(0 0 0)
(0 0 0)
(0 0 0)
(0 0 0)
(-2.209099298305623e-07 5.575353223801152e-07 1.021763208991242e-07)
(0 0 0)
(0 0 0)
(0 0 0)
(0 0 0)
(0 0 0)
(0 0 0)
(0 0 0)
(0 0 0)
(0 0 0)
(0 0 0)
(2.603209812562257e-08 2.234805444697557e-06 2.559133847858492e-07)
(0 0 0)
(-4.576221380123769e-07 3.397960544700338e-07 5.390555001356337e-08)
(-6.957595835546049e-07 4.653434470654345e-07 2.110049935160776e-07)
(-9.160874084566407e-07 1.224216081645304e-06 1.259671663154305e-06)
(-4.174157510564445e-06 2.863898197234235e-06 1.704403801018713e-06)
(0 0 0)
(6.018214972648475e-07 4.393505312721744e-07 3.995031230274239e-07)
(-4.854862728712715e-06 1.787391022677951e-06 -1.181109494480814e-06)
(-7.781539297024349e-07 2.981195427426858e-07 -2.268447775124445e-07)
(-3.985425947620697e-06 2.623450090762281e-06 1.247878672485644e-06)
(0 0 0)
(0 0 0)
(0 0 0)
(0 0 0)
(0 0 0)
(0 0 0)
(0 0 0)
(0 0 0)
(0 0 0)
(0 0 0)
(-5.375792817759729e-06 2.158048723637449e-06 3.761792117492123e-07)
(0 0 0)
(0 0 0)
(0 0 0)
(0 0 0)
(0 0 0)
(0 0 0)
(0 0 0)
(0 0 0)
(0 0 0)
(0 0 0)
(0 0 0)
(0 0 0)
(0 0 0)
(0 0 0)
(0 0 0)
(0 0 0)
(0 0 0)
(0 0 0)
(0 0 0)
(0 0 0)
(0 0 0)
(0 0 0)
(0 0 0)
(0 0 0)
(0 0 0)
(-5.519579716143153e-07 7.521222453717105e-08 2.561441213544855e-07)
(-6.63787546899344e-07 1.463589663302961e-08 -2.923621695508252e-07)
(-7.252204054914643e-07 1.994139285613006e-06 1.352493334293533e-06)
(-4.131315311645597e-06 4.00335826557707e-06 4.371876578657018e-07)
(-3.574046387865629e-06 1.046939610329894e-06 -3.013492415663895e-07)
(0 0 0)
(0 0 0)
(0 0 0)
(0 0 0)
(0 0 0)
(0 0 0)
(-9.082283343675902e-08 1.922492121488354e-08 3.099037505992565e-07)
(0 0 0)
(0 0 0)
(0 0 0)
(0 0 0)
(0 0 0)
(0 0 0)
(0 0 0)
(0 0 0)
(0 0 0)
(0 0 0)
(0 0 0)
(0 0 0)
(0 0 0)
(0 0 0)
(0 0 0)
(0 0 0)
(0 0 0)
(0 0 0)
(0 0 0)
(0 0 0)
(0 0 0)
(0 0 0)
(0 0 0)
(0 0 0)
(0 0 0)
(0 0 0)
(0 0 0)
(0 0 0)
(0 0 0)
(0 0 0)
(0 0 0)
(0 0 0)
(0 0 0)
(0 0 0)
(0 0 0)
(0 0 0)
(0 0 0)
(0 0 0)
(0 0 0)
(0 0 0)
(0 0 0)
(0 0 0)
(0 0 0)
(0 0 0)
(0 0 0)
(0 0 0)
(0 0 0)
(0 0 0)
(0 0 0)
(0 0 0)
(0 0 0)
(0 0 0)
(0 0 0)
(0 0 0)
(0 0 0)
(0 0 0)
(0 0 0)
(0 0 0)
(0 0 0)
(0 0 0)
(0 0 0)
(-2.206549541220106e-06 2.296366013121852e-06 3.883194829116342e-07)
(0 0 0)
(0 0 0)
(0 0 0)
(0 0 0)
(0 0 0)
(0 0 0)
(0 0 0)
(0 0 0)
(0 0 0)
(0 0 0)
(0 0 0)
(-9.894941867687575e-08 1.55324972047039e-06 -4.56444456948598e-07)
(-8.822864225010189e-07 1.350495854116205e-06 5.064565936652047e-07)
(-1.108030764832691e-07 7.711469022195102e-08 7.128369978401877e-08)
(0 0 0)
(0 0 0)
(0 0 0)
(-4.125746198214537e-06 3.56872077963312e-06 2.284208306190399e-06)
(0 0 0)
(0 0 0)
(-1.045574792469688e-06 1.573454075774249e-07 -8.207757611186962e-07)
(-3.910858301012195e-06 4.258349030049692e-06 5.482852125079048e-07)
(-1.456653959493563e-07 3.744344339984028e-07 1.989786997078672e-08)
(-6.254919833697859e-07 8.477682834275952e-07 -2.450340652404801e-07)
(-2.137505253257686e-06 2.528146625391277e-06 1.191213980586735e-06)
(-3.159368770577467e-06 5.938634444545922e-06 -1.37485535685023e-06)
(-9.366875489911317e-07 8.383836022236884e-07 -3.14946133977368e-07)
(-1.573835629881898e-06 3.639875886766123e-06 -1.971055292257194e-08)
(-2.261042804068151e-07 7.98576290657249e-07 -4.754126866214573e-08)
(0 0 0)
(-1.409531560678421e-06 3.781189187541413e-06 5.564964031747297e-08)
(-3.814977207766221e-07 1.53938250532887e-06 6.949528932910497e-07)
(0 0 0)
(0 0 0)
(0 0 0)
(8.492602387867271e-07 -4.957080469228682e-08 3.426867397615239e-08)
(0 0 0)
(0 0 0)
(0 0 0)
(0 0 0)
(-1.925257425286364e-06 3.221526473303657e-06 -7.707051616504362e-07)
(7.302985714357885e-07 1.109101031284822e-06 -4.43810190389802e-07)
(-2.19436937885994e-06 4.862672958277824e-06 -5.172566924930472e-06)
(-5.910041796360565e-07 1.632726792471973e-06 -2.945136712551111e-07)
(-1.050372690624038e-06 1.322023434403315e-06 9.76965238817083e-08)
(-2.03825076922831e-06 2.219015983186571e-06 -1.699538562645554e-07)
(-8.874752633221041e-07 1.693526591638764e-06 -8.632493034337233e-08)
(-5.762169905642527e-07 2.72959519213988e-06 -7.970598186051749e-08)
(-1.18765957655824e-06 1.489296034165318e-06 1.112791932164741e-07)
(-2.51381001825618e-06 3.675159379659186e-06 -2.867646744449598e-07)
(0 0 0)
(0 0 0)
(0 0 0)
(0 0 0)
(-4.309837539204731e-06 1.467371018000683e-06 -4.405148221468729e-06)
(0 0 0)
(0 0 0)
(0 0 0)
(0 0 0)
(0 0 0)
(0 0 0)
(0 0 0)
(0 0 0)
(-1.859890729425374e-06 7.312686495025483e-07 -5.18947039325075e-07)
(0 0 0)
(0 0 0)
(0 0 0)
(0 0 0)
(0 0 0)
(0 0 0)
(0 0 0)
(0 0 0)
(0 0 0)
(0 0 0)
(0 0 0)
(0 0 0)
(0 0 0)
(0 0 0)
(0 0 0)
(0 0 0)
(0 0 0)
(0 0 0)
(0 0 0)
(0 0 0)
(0 0 0)
(0 0 0)
(0 0 0)
(0 0 0)
(0 0 0)
(0 0 0)
(0 0 0)
(0 0 0)
(0 0 0)
(0 0 0)
(-3.292817960134468e-06 2.620413210532836e-07 -2.900822438793815e-07)
(0 0 0)
(-6.020285588168675e-06 5.265832742152623e-06 -1.800066828424525e-06)
(1.224755631486155e-09 1.789884188226317e-07 -2.24839697711873e-07)
(0 0 0)
(0 0 0)
(-6.449006413630771e-06 1.182597037536017e-06 9.045915616096495e-08)
(0 0 0)
(0 0 0)
(0 0 0)
(0 0 0)
(0 0 0)
(0 0 0)
(0 0 0)
(0 0 0)
(0 0 0)
(0 0 0)
(0 0 0)
(0 0 0)
(0 0 0)
(0 0 0)
(0 0 0)
(0 0 0)
(0 0 0)
(0 0 0)
(0 0 0)
(0 0 0)
(0 0 0)
(0 0 0)
(0 0 0)
(0 0 0)
(0 0 0)
(0 0 0)
(0 0 0)
(0 0 0)
(0 0 0)
(0 0 0)
(-6.942982803196769e-07 1.768972219813021e-06 2.463421987075201e-07)
(-2.505131410194371e-06 2.219112348055458e-06 4.550376747568552e-07)
(0 0 0)
(-2.504547840548684e-06 1.816356898413251e-06 1.742031248389419e-07)
(-1.453691515021663e-06 1.463144098183046e-06 2.104595226767174e-07)
(-1.223516602961086e-06 7.265352190627546e-07 -2.86308085526989e-07)
(-1.072679662377682e-06 2.373323062249398e-06 -5.21326676896679e-07)
(-2.912520104792593e-06 3.706017259323417e-06 -6.810944872127262e-07)
(-3.172693743535012e-06 2.669706092638247e-06 4.403523620305362e-08)
(-3.380365396894683e-06 3.29362254841509e-06 5.531897451474976e-07)
(-1.539101460962142e-06 2.48054091471764e-06 6.934777172580319e-07)
(-1.377086580076694e-06 2.830704699111413e-06 -2.126043206591885e-06)
(-2.969585964515258e-06 2.760466511652434e-06 1.229062391580481e-07)
(-1.148443577629501e-06 1.537776545063711e-07 -4.074488874689596e-07)
(-2.053455294210145e-06 3.945481601116391e-06 -2.725983758420895e-06)
(-2.52639198459253e-06 1.246971555947024e-06 6.326602865830853e-07)
(-1.342624040182228e-06 2.637129797699814e-06 8.26353411739212e-08)
(-1.465833751737776e-06 1.195712283544615e-06 5.525237710764488e-10)
(-2.798698813688596e-06 3.607813565880816e-06 -4.373947540795898e-08)
(-2.218832564089337e-06 1.986621997680898e-06 6.682331732353962e-08)
(-1.481650498632158e-06 4.205865355949771e-06 8.69453297579217e-08)
(-8.147774812535457e-07 1.473903090813803e-06 -4.15496128457771e-07)
(-1.72227171043412e-06 6.68459904656433e-07 6.785651395061758e-07)
(0 0 0)
(-9.746528839500451e-07 3.407014107695797e-06 1.208239130579821e-06)
(0 0 0)
(0 0 0)
(0 0 0)
(0 0 0)
(0 0 0)
(0 0 0)
(0 0 0)
(0 0 0)
(0 0 0)
(0 0 0)
(0 0 0)
(0 0 0)
(0 0 0)
(0 0 0)
(0 0 0)
(0 0 0)
(-7.320555991217766e-07 2.055198105024122e-06 3.954578799475566e-09)
(0 0 0)
(0 0 0)
(0 0 0)
(0 0 0)
(0 0 0)
(0 0 0)
(-2.027397576700737e-08 3.334762728373544e-07 -9.834031318374634e-08)
(0 0 0)
(0 0 0)
(0 0 0)
(0 0 0)
(0 0 0)
(0 0 0)
(0 0 0)
(-1.926617359950914e-06 2.917126270301954e-06 1.899608757745583e-07)
(0 0 0)
(-1.359003638784943e-06 9.255052611490502e-07 1.471611471991914e-06)
(-4.927313999662e-08 2.312955350608306e-06 1.644791109895231e-07)
(-3.738330826529581e-07 1.236437709942484e-06 -5.565402787668485e-08)
(-5.572132306335226e-07 1.676160518474709e-06 -8.750973191605322e-08)
(-2.268814357504401e-06 3.178198789361346e-06 8.901107295773351e-07)
(-7.897164349776159e-07 3.403515957418509e-06 -1.014213319492088e-07)
(-6.21164586648858e-06 3.528174729227974e-06 1.156349814959037e-06)
(-5.233828299014196e-06 3.607865014664519e-06 -1.255558611271992e-07)
(-2.265797757120656e-06 1.774520373251075e-06 1.250979512286749e-06)
(-3.603057047493529e-06 2.277910512842697e-06 -5.772306524382026e-07)
(-3.015326470139258e-06 1.159354270320056e-06 7.406068777497727e-09)
(-2.883638620966562e-06 2.185331844716506e-06 -8.64033048465556e-08)
(-5.730382218787355e-06 1.427308380054783e-06 2.435200095909084e-06)
(-1.400803520347918e-06 2.766545630498401e-06 -2.91385409100657e-07)
(-4.103807237385302e-07 2.398034035246211e-06 5.859207618449859e-07)
(0 0 0)
(0 0 0)
(0 0 0)
(-2.464993486458385e-06 4.033986112636451e-06 -5.895744480120203e-07)
(-8.125496899037394e-07 1.882941282550545e-06 -1.876916929132756e-07)
(-2.297142229033422e-06 2.969891530091333e-06 -1.679279800839098e-07)
(-1.040914071650988e-06 2.308454712619333e-06 -1.145522083320735e-06)
(-9.914400715048706e-07 -1.723421066881472e-07 -7.880895177330482e-07)
(0 0 0)
(0 0 0)
(0 0 0)
(0 0 0)
(0 0 0)
(0 0 0)
(0 0 0)
(0 0 0)
(0 0 0)
(0 0 0)
(0 0 0)
(0 0 0)
(0 0 0)
(0 0 0)
(0 0 0)
(0 0 0)
(0 0 0)
(0 0 0)
(0 0 0)
(0 0 0)
(0 0 0)
(0 0 0)
(-1.432594306264859e-06 2.230829050403356e-06 1.18770984783473e-07)
(0 0 0)
(-6.134402610102014e-07 1.615192774135408e-06 -1.207616841064924e-07)
(-1.469608950475952e-08 9.728129298881005e-07 -1.205933263376351e-07)
(-2.588565906024229e-06 2.555273703692639e-06 -1.546568388325897e-06)
(7.625528793745596e-07 1.733377981400249e-07 -2.402774348351874e-07)
(-4.803073627491211e-07 4.06467692108996e-07 -2.436149991533084e-07)
(-2.545126933380145e-06 3.020949103745605e-06 7.022543440435521e-07)
(-4.034451856907114e-07 2.432910382493427e-06 -7.003245811473851e-07)
(-3.903922284738027e-07 1.568797331707108e-06 3.934119267777835e-07)
(-2.010889746529703e-06 3.740575250483122e-06 -3.693555242713895e-07)
(-1.193536615700401e-06 2.087806209619829e-06 -1.308979543401874e-06)
(-2.358374421212734e-06 7.549833856896115e-07 -6.915517980521651e-07)
(-1.404410549915587e-06 2.895212424025147e-06 5.169557335971662e-07)
(-9.017450637903758e-07 1.544781113555216e-06 2.873754142746119e-07)
(-9.546142678174781e-07 1.537704828369938e-06 -1.933715766039987e-07)
(-6.886911644179612e-07 1.193348804161849e-06 1.465350939091058e-07)
(-6.520251888727277e-07 1.272960856895395e-06 8.288650304581547e-07)
(-2.460676269544558e-06 2.869923376597145e-06 -1.541204820789438e-06)
(-1.537710805654021e-06 2.152410653740058e-06 -2.79662300938921e-07)
(-6.735229675637537e-07 3.143630724199953e-06 -1.883075923972514e-07)
(-1.11697801628235e-06 1.234069440039741e-06 1.035471079095386e-06)
(-6.538807290362235e-06 5.170010495127838e-06 2.260791887189871e-06)
(-1.651569623733404e-07 5.619505702047164e-07 -2.86674537939986e-07)
(0 0 0)
(0 0 0)
(0 0 0)
(0 0 0)
(0 0 0)
(0 0 0)
(0 0 0)
(0 0 0)
(0 0 0)
(0 0 0)
(0 0 0)
(0 0 0)
(0 0 0)
(0 0 0)
(0 0 0)
(0 0 0)
(0 0 0)
(0 0 0)
(0 0 0)
(0 0 0)
(0 0 0)
(0 0 0)
(0 0 0)
(0 0 0)
(0 0 0)
(0 0 0)
(0 0 0)
(0 0 0)
(0 0 0)
(0 0 0)
(0 0 0)
(0 0 0)
(0 0 0)
(0 0 0)
(0 0 0)
(0 0 0)
(0 0 0)
(0 0 0)
(0 0 0)
(0 0 0)
(0 0 0)
(0 0 0)
(-4.870397332105409e-06 4.444808099726214e-06 -2.882440426831104e-06)
(-1.155244173466349e-07 8.04104261685448e-07 -4.079117978784692e-09)
(0 0 0)
(-2.046683667940138e-06 1.039901435820587e-06 -5.48677775711814e-07)
(0 0 0)
(0 0 0)
(-3.772875364313858e-07 8.071422299755452e-07 -3.772541345222853e-07)
(0 0 0)
(-1.711029597085175e-06 1.21043875487259e-06 -3.649944032577549e-07)
(0 0 0)
(0 0 0)
(0 0 0)
(0 0 0)
(-6.414889463990672e-07 1.320679839308492e-06 -6.442350392112891e-07)
(0 0 0)
(0 0 0)
(0 0 0)
(0 0 0)
(0 0 0)
(0 0 0)
(0 0 0)
(0 0 0)
(0 0 0)
(0 0 0)
(0 0 0)
(0 0 0)
(0 0 0)
(0 0 0)
(0 0 0)
(0 0 0)
(0 0 0)
(0 0 0)
(0 0 0)
(0 0 0)
(0 0 0)
(0 0 0)
(0 0 0)
(0 0 0)
(0 0 0)
(0 0 0)
(0 0 0)
(0 0 0)
(0 0 0)
(0 0 0)
(0 0 0)
(0 0 0)
(0 0 0)
(0 0 0)
(0 0 0)
(0 0 0)
(0 0 0)
(0 0 0)
(0 0 0)
(0 0 0)
(0 0 0)
(0 0 0)
(0 0 0)
(0 0 0)
(0 0 0)
(0 0 0)
(0 0 0)
(0 0 0)
(0 0 0)
(0 0 0)
(0 0 0)
(0 0 0)
(0 0 0)
(0 0 0)
(0 0 0)
(0 0 0)
(0 0 0)
(0 0 0)
(0 0 0)
(0 0 0)
(0 0 0)
(0 0 0)
(0 0 0)
(0 0 0)
(0 0 0)
(0 0 0)
(0 0 0)
(0 0 0)
(0 0 0)
(0 0 0)
(0 0 0)
(0 0 0)
(0 0 0)
(0 0 0)
(0 0 0)
(0 0 0)
(0 0 0)
(0 0 0)
(0 0 0)
(0 0 0)
(0 0 0)
(0 0 0)
(0 0 0)
(0 0 0)
(0 0 0)
(0 0 0)
(0 0 0)
(0 0 0)
(0 0 0)
(0 0 0)
(0 0 0)
(0 0 0)
(0 0 0)
(0 0 0)
(0 0 0)
(0 0 0)
(0 0 0)
(0 0 0)
(0 0 0)
(0 0 0)
(0 0 0)
(0 0 0)
(0 0 0)
(0 0 0)
(2.289871824026427e-07 8.063200731509511e-07 -7.869118261494325e-08)
(1.499399842528489e-06 6.976431416403189e-06 -3.944398112506571e-07)
(2.100374632850495e-06 1.007496299993948e-06 4.107461847730317e-08)
(2.133232484686278e-06 1.604506696764734e-06 -6.723003508276456e-08)
(4.23805205834181e-06 3.41839503837034e-06 6.571267320141419e-08)
(5.542071349574236e-07 1.665415599717243e-06 -5.279523342388677e-07)
(2.714267344743589e-06 1.890700810266864e-06 3.834227305285678e-07)
(4.394350919791357e-07 3.069210917920857e-07 1.641727916077312e-07)
(0 0 0)
(0 0 0)
(0 0 0)
(0 0 0)
(0 0 0)
(0 0 0)
(0 0 0)
(0 0 0)
(0 0 0)
(0 0 0)
(0 0 0)
(0 0 0)
(0 0 0)
(0 0 0)
(0 0 0)
(0 0 0)
(0 0 0)
(0 0 0)
(0 0 0)
(0 0 0)
(0 0 0)
(0 0 0)
(0 0 0)
(0 0 0)
(0 0 0)
(0 0 0)
(0 0 0)
(0 0 0)
(0 0 0)
(0 0 0)
(0 0 0)
(0 0 0)
(0 0 0)
(0 0 0)
(0 0 0)
(0 0 0)
(0 0 0)
(0 0 0)
(0 0 0)
(0 0 0)
(0 0 0)
(0 0 0)
(0 0 0)
(0 0 0)
(0 0 0)
(0 0 0)
(0 0 0)
(0 0 0)
(0 0 0)
(0 0 0)
(0 0 0)
(0 0 0)
(0 0 0)
(0 0 0)
(0 0 0)
(0 0 0)
(-1.869447613350215e-08 1.736223531591545e-06 -7.475070927434043e-08)
(-1.469403355513144e-06 5.074426505030844e-06 -2.160488736435309e-07)
(-1.882915382931481e-06 3.080126895357797e-06 -5.91456674352771e-08)
(0 0 0)
(-6.592042055282759e-07 1.251253017852104e-06 -7.322518509661694e-07)
(-1.215045986023751e-06 1.815365441448681e-06 -2.713600314458047e-07)
(0 0 0)
(0 0 0)
(0 0 0)
(0 0 0)
(-2.934676690854121e-06 6.562239087744219e-06 3.906552210000161e-07)
(-3.86841182450317e-07 1.222241091412721e-06 -2.351922778780073e-08)
(3.268831460403866e-08 6.746390239260459e-06 -7.007918923111316e-07)
(-1.961637821010921e-07 4.481607756909269e-07 1.921243636089562e-08)
(0 0 0)
(-1.970384821775039e-06 6.27244380516275e-06 -1.505280742772177e-06)
(-9.5289795084104e-07 3.83328785757227e-06 -3.054846235779244e-07)
(0 0 0)
(0 0 0)
(0 0 0)
(5.654250194979887e-07 4.152448316644378e-06 -7.007016190851092e-07)
(2.016855840550235e-07 5.632803813161062e-06 -1.705864670047694e-06)
(0 0 0)
(0 0 0)
(0 0 0)
(0 0 0)
(6.215029642898318e-08 2.394141410507208e-06 -1.079276399261882e-06)
(0 0 0)
(0 0 0)
(0 0 0)
(0 0 0)
(0 0 0)
(0 0 0)
(0 0 0)
(0 0 0)
(0 0 0)
(0 0 0)
(0 0 0)
(0 0 0)
(0 0 0)
(0 0 0)
(0 0 0)
(-4.002829711833656e-07 2.156796798153401e-06 -9.185933856432548e-07)
(0 0 0)
(0 0 0)
(0 0 0)
(0 0 0)
(0 0 0)
(0 0 0)
(0 0 0)
(0 0 0)
(0 0 0)
(0 0 0)
(0 0 0)
(0 0 0)
(0 0 0)
(0 0 0)
(0 0 0)
(0 0 0)
(0 0 0)
(0 0 0)
(0 0 0)
(0 0 0)
(0 0 0)
(0 0 0)
(0 0 0)
(0 0 0)
(0 0 0)
(0 0 0)
(0 0 0)
(-1.291210695239552e-06 3.73452255665368e-06 -2.773094377864073e-07)
(-7.332584730017924e-07 3.175454850399582e-06 1.971852306117454e-07)
(-2.979695130716801e-07 2.691915532548691e-06 -5.381769333068508e-07)
(-9.931685212913084e-07 3.630741145402253e-06 7.215131456483628e-08)
(-2.757017580805983e-07 3.437979845514228e-06 -2.035535763763653e-07)
(0 0 0)
(0 0 0)
(0 0 0)
(0 0 0)
(0 0 0)
(0 0 0)
(-9.549398320001098e-07 2.936628526276654e-06 -4.159383606332463e-07)
(-6.282842943707198e-07 2.639672504287142e-06 -2.426150121640838e-07)
(0 0 0)
(-6.008506990753919e-07 2.099151651012298e-06 -1.99475710477366e-07)
(0 0 0)
(0 0 0)
(0 0 0)
(0 0 0)
(-1.35685821021545e-06 2.467816222832165e-06 -5.067119788393551e-07)
(-2.018273798054144e-06 4.95798284949866e-06 -1.030970059642273e-06)
(0 0 0)
(0 0 0)
(-3.174099755711669e-07 1.969181181787348e-06 -5.339583852393728e-07)
(-1.81082375435924e-06 5.530099872523223e-06 -1.443098029258601e-06)
(0 0 0)
(0 0 0)
(-1.250942020809343e-06 3.771309828010139e-06 -2.977052477248761e-07)
(-2.926784275846317e-06 5.035382174678715e-06 -6.925266102689011e-08)
(0 0 0)
(0 0 0)
(0 0 0)
(0 0 0)
(0 0 0)
(0 0 0)
(0 0 0)
(1.223339824869381e-06 4.493536481254004e-06 -4.789364875807673e-08)
(0 0 0)
(0 0 0)
(4.628217264076393e-07 1.721651113371904e-06 -1.908625237822328e-07)
(0 0 0)
(0 0 0)
(0 0 0)
(0 0 0)
(0 0 0)
(0 0 0)
(0 0 0)
(0 0 0)
(0 0 0)
(0 0 0)
(0 0 0)
(0 0 0)
(0 0 0)
(0 0 0)
(-3.214807545410846e-07 1.912879998446345e-06 -6.003079764758783e-07)
(-6.826494501999316e-07 2.424021490609404e-06 -8.634739145210871e-07)
(0 0 0)
(7.961701829430338e-07 5.981824343017388e-06 -4.211818583057815e-07)
(1.105626233376269e-06 8.081441263157771e-06 -2.318301370442857e-07)
(3.12905033881009e-07 7.583790055935058e-07 -9.557595485779838e-08)
(0 0 0)
(0 0 0)
(0 0 0)
(0 0 0)
(0 0 0)
(0 0 0)
(0 0 0)
(0 0 0)
(0 0 0)
(0 0 0)
(4.497130456996883e-07 2.252826904576957e-06 -6.797013011891835e-07)
(0 0 0)
(0 0 0)
(0 0 0)
(0 0 0)
(0 0 0)
(0 0 0)
(0 0 0)
(0 0 0)
(0 0 0)
(0 0 0)
(0 0 0)
(0 0 0)
(0 0 0)
(0 0 0)
(0 0 0)
(0 0 0)
(0 0 0)
(0 0 0)
(3.083431407528185e-07 1.852878736666853e-06 -8.934472766441085e-08)
(0 0 0)
(0 0 0)
(2.400110885749127e-07 3.832122469451019e-06 -6.614672688342329e-08)
(3.899086686095201e-07 5.20566953870202e-06 2.488465886010994e-07)
(0 0 0)
(0 0 0)
(0 0 0)
(0 0 0)
(0 0 0)
(0 0 0)
(0 0 0)
(0 0 0)
(0 0 0)
(0 0 0)
(0 0 0)
(-1.695865637005998e-06 3.973168987438192e-06 1.888328994584866e-07)
(0 0 0)
(0 0 0)
(0 0 0)
(0 0 0)
(0 0 0)
(0 0 0)
(0 0 0)
(0 0 0)
(0 0 0)
(0 0 0)
(0 0 0)
(0 0 0)
(0 0 0)
(0 0 0)
(0 0 0)
(0 0 0)
(-1.127511155416796e-07 5.147093835876123e-07 -1.35819933846039e-07)
(0 0 0)
(0 0 0)
(0 0 0)
(0 0 0)
(-4.98123962016311e-07 1.346421249381023e-06 -3.878345994614025e-07)
(-2.268523763671307e-07 3.749505997579981e-06 -7.278478586352773e-09)
(-1.694367849677289e-06 7.276698636779616e-06 -1.497105677805995e-06)
(-7.803114992674024e-07 1.350984013605987e-06 -4.163334960008118e-07)
(-7.966049289219243e-07 5.040346249417079e-06 -1.543331332888448e-08)
(2.189380179882327e-07 3.437524296217086e-06 -1.762790756751741e-07)
(0 0 0)
(0 0 0)
(1.953255606720717e-07 3.795888182449702e-06 -2.507061438275585e-07)
(-5.652163141812664e-08 2.277340061826195e-06 -9.303912190569789e-08)
(1.575797972731958e-07 3.315101193516704e-06 2.05042878360647e-07)
(-8.464494923383125e-08 3.63434778079251e-06 -4.76827942788113e-07)
(-1.338435180516951e-07 5.922810495310215e-06 -5.127315809339601e-07)
(3.297228278175693e-07 3.898477726765558e-06 8.985615064359319e-08)
(5.004184854686408e-07 3.385157118410305e-06 -5.610484357891185e-07)
(3.145825555816255e-07 1.209343132853582e-06 -2.539982170385017e-07)
(8.453225485319835e-07 2.274738057775862e-06 -4.758607365213227e-07)
(-5.865222101670371e-09 1.21319716602205e-06 -2.987486423401714e-07)
(8.837587269975008e-08 1.613443381606584e-06 -2.209572370133499e-07)
(1.372415440131728e-06 6.451439269573642e-06 -1.463288729739886e-06)
(5.67574736030644e-07 1.006179568195275e-06 -1.731804124055317e-07)
(-3.725518081942034e-07 3.864793898675538e-06 -3.489060940814896e-07)
(-1.62591278846275e-07 1.471378298650058e-06 -5.125459889137838e-08)
(-1.660032669660476e-07 4.303041152052119e-06 2.570561780150331e-07)
(-1.159544765340553e-06 8.08935122963127e-06 -4.397852661010629e-07)
(-5.076262625701815e-08 2.79976350536244e-06 -2.840818333406129e-07)
(0 0 0)
(1.022393831316612e-07 2.301282823548703e-06 2.120305425922017e-07)
(1.847489747640295e-07 1.923437355828162e-06 -8.769983236812805e-08)
(0 0 0)
(0 0 0)
(0 0 0)
(0 0 0)
(0 0 0)
(0 0 0)
(0 0 0)
(0 0 0)
(0 0 0)
(0 0 0)
(0 0 0)
(0 0 0)
(0 0 0)
(0 0 0)
(0 0 0)
(0 0 0)
(0 0 0)
(0 0 0)
(0 0 0)
(0 0 0)
(0 0 0)
(0 0 0)
(0 0 0)
(0 0 0)
(0 0 0)
(0 0 0)
(-1.753966792735574e-07 8.115844125302614e-07 -2.183905491997489e-07)
(-4.64648684808862e-07 2.471815360988367e-06 -1.001163595184963e-06)
(-3.834172771775332e-07 1.962247987821953e-06 -4.622147159257545e-07)
(0 0 0)
(-2.125341268838931e-06 3.9423864804306e-06 1.048021640082081e-07)
(-3.79186398142876e-06 3.30919739091558e-07 5.870900068025235e-08)
(0 0 0)
(-5.030885268373416e-07 1.907224461409263e-06 -6.862661370791315e-08)
(-5.227345910512917e-07 4.571342013351624e-06 4.271884148164583e-07)
(-2.905023329239412e-07 2.892264277832999e-06 2.989650436663296e-07)
(-9.347192215353442e-07 4.883326342983263e-06 -6.607217985126292e-07)
(-8.404884614408386e-07 3.595103292193173e-06 -3.839811946168569e-07)
(-6.976411988780128e-06 1.735629733316629e-06 -5.312203886100004e-07)
(-8.117114222052061e-07 8.579719116958489e-06 -6.11075989471749e-07)
(-2.25697078258324e-07 5.732142485048147e-06 -1.105070505894967e-07)
(-9.521531949606875e-07 3.97285538712138e-06 -3.098428986331871e-07)
(6.45217793353056e-08 5.321603773130924e-06 -1.025696147510555e-07)
(4.324050798397516e-07 1.797032731119111e-06 5.991919103869114e-08)
(3.536746069435628e-06 2.535725742912482e-06 -2.275363634254387e-06)
(-4.880507781917513e-07 5.247167757144246e-06 -7.120702550296597e-08)
(3.712170813743954e-07 2.605232647333261e-06 -4.697665132725318e-07)
(1.201973813590058e-08 5.254221212088791e-06 8.548026978204246e-08)
(-1.703702925919089e-07 4.178362935844921e-06 1.570456189532927e-07)
(0 0 0)
(0 0 0)
(9.858255525827227e-07 3.168012421024786e-06 3.68768559586745e-07)
(0 0 0)
(0 0 0)
(0 0 0)
(0 0 0)
(0 0 0)
(0 0 0)
(0 0 0)
(2.159410542577262e-07 9.490873712243925e-07 -1.90455494788676e-07)
(6.179633464541903e-08 3.598193157097518e-06 -3.232674134710758e-08)
(4.583327552092626e-07 6.877990200600695e-06 -3.319662395766469e-07)
(4.679191992197965e-07 9.356348954526933e-06 -7.630398276077186e-07)
(-3.417701115150794e-07 6.947338556182644e-06 -8.538739444193401e-07)
(1.209464595944363e-06 3.016218917562004e-06 -1.088908005743338e-07)
(9.831244007782931e-07 2.653948441424627e-06 -2.17032690267477e-07)
(3.460642629801672e-06 6.149642789801765e-06 -3.022310839610516e-07)
(1.291166388148474e-06 5.53233990092704e-06 -1.598805858699553e-07)
(2.796767984247556e-07 5.227273688782187e-06 -1.131670344380402e-07)
(1.348884893692188e-06 1.799150376643189e-06 -2.607574967782571e-07)
(-1.356617879233056e-06 2.118669072881279e-06 1.847402077734847e-06)
(-9.500916397042996e-07 3.292025533800161e-06 -3.591884504308497e-07)
(3.670286837910822e-07 6.785287249254878e-06 4.474140360627743e-07)
(1.223194998159548e-06 4.646803125146826e-06 -1.875911971792135e-07)
(1.382316417110128e-06 2.378617113616531e-06 -8.24562199144755e-07)
(1.183352306010758e-06 2.056928470071931e-06 -2.547474483677222e-07)
(5.984788478765404e-07 3.166407261042446e-06 -5.60840942456e-07)
(2.017775439361784e-06 3.640168219779565e-06 -8.844779546194616e-08)
(1.324187976150068e-06 2.11898754436119e-06 -1.069305220000877e-06)
(1.699724257884762e-06 3.260156250355165e-06 -6.337772681293373e-07)
(1.029618301353715e-07 5.940297756682624e-07 -5.031021632874812e-07)
(0 0 0)
(7.399789289910691e-07 1.130298742309925e-06 -7.632275943070656e-08)
(0 0 0)
(0 0 0)
(1.002432410061789e-06 4.996775454555282e-06 -2.019400285705803e-06)
(0 0 0)
(0 0 0)
(0 0 0)
(0 0 0)
(1.252814142236549e-06 2.246031264895378e-06 -7.98407383068397e-07)
(0 0 0)
(0 0 0)
(0 0 0)
(0 0 0)
(0 0 0)
(2.275400379435073e-06 2.459807790405782e-06 9.999893845867676e-08)
(8.962674646080273e-07 3.034254480077536e-06 -8.776475594847333e-07)
(0 0 0)
(0 0 0)
(0 0 0)
(0 0 0)
(0 0 0)
(0 0 0)
(0 0 0)
(0 0 0)
(0 0 0)
(0 0 0)
(0 0 0)
(0 0 0)
(0 0 0)
(0 0 0)
(0 0 0)
(0 0 0)
(0 0 0)
(0 0 0)
(0 0 0)
(0 0 0)
(0 0 0)
(0 0 0)
(0 0 0)
(0 0 0)
(0 0 0)
(0 0 0)
(0 0 0)
(0 0 0)
(-1.102380559160377e-06 1.925844983119529e-06 -4.420483972888748e-07)
(-4.982799118309038e-07 1.910888565682117e-06 2.390152154804223e-07)
(-6.705989906108217e-07 9.004744191867785e-07 3.006028434760736e-07)
(-5.280356853247751e-07 2.006683182497614e-06 -1.739523978210985e-07)
(-6.353040757281987e-07 1.722943215813943e-06 -3.248544757265588e-08)
(-2.812880445469845e-08 4.35471555657523e-07 2.949860236435987e-08)
(-2.938799830390473e-07 1.684192834099824e-06 3.278802344807113e-07)
(-1.001715094465345e-06 2.618218887274157e-06 -8.163697815057444e-07)
(-3.409871717490458e-08 3.700152680166295e-07 -2.585084534024129e-08)
(-6.176760333875945e-07 1.206109283628831e-06 -1.254623380542879e-06)
(2.810273542246625e-07 2.226725696518805e-06 -2.161949988929714e-06)
(-9.6744516361126e-07 1.681197033975068e-06 -5.368862653011665e-07)
(3.796784696519513e-08 1.236841035605742e-06 -3.713609052809713e-07)
(0 0 0)
(0 0 0)
(0 0 0)
(8.747772061469234e-07 3.152673557441214e-06 4.660632154703731e-07)
(-7.972399049886481e-07 1.97318115180128e-06 6.912797505065867e-07)
(0 0 0)
(0 0 0)
(0 0 0)
(0 0 0)
(-7.851536367007286e-07 1.209811928448668e-06 -3.018073723863175e-07)
(3.011466490299295e-07 1.5964755623582e-06 4.664753342778058e-09)
(-4.257336410090126e-08 1.058818616737603e-06 7.115151554420041e-08)
(-2.071081202494741e-06 -1.305838104565233e-07 1.439794401694942e-07)
(3.448834628311294e-07 7.476709692809499e-07 -2.236345299339828e-07)
(-6.586801864462107e-06 1.62978833529901e-06 -2.902727456220946e-07)
(1.746677342940582e-06 1.359095420546592e-06 -4.181649888749931e-09)
(2.918115539614476e-07 2.591286791382379e-06 -1.162197841240708e-07)
(-1.954658001326222e-07 1.128635492986554e-06 -2.530860846887431e-07)
(0 0 0)
(9.83352803517091e-08 6.282875787274684e-07 -9.381620583277329e-08)
(1.682322953864725e-07 1.705395920723284e-06 -2.835967145569708e-07)
(6.92226984838214e-09 4.590944297217068e-07 1.293081310552771e-08)
(3.06622385502125e-07 1.606934967162386e-06 -2.869526656869596e-07)
(6.32802465792701e-07 2.76822166260658e-06 8.325802032874146e-09)
(0 0 0)
(7.011428371635776e-07 2.455637079217874e-06 5.551243435064289e-09)
(0 0 0)
(8.165954446800914e-07 1.182800746099691e-06 -1.145971252813597e-08)
(1.559452837047113e-06 4.006357671556022e-06 5.944570168368767e-07)
(4.069112988948116e-07 6.261355680622525e-07 -1.119616986536824e-07)
(1.205400569073635e-06 2.017010889351585e-06 -2.428852192468314e-07)
(3.033281328291192e-06 2.192268824878001e-06 -2.058143076740645e-06)
(5.209887903558799e-07 4.02476480275285e-07 -3.374565178851567e-07)
(2.914199310115289e-06 3.062916896410572e-06 -2.557688282172408e-07)
(1.540292370695717e-06 2.059549679894852e-06 -2.629909357063855e-07)
(1.790832459452993e-06 2.993107728564237e-06 -1.052083329395816e-07)
(4.914403326259257e-07 1.235769762136167e-06 -8.0549550741606e-08)
(1.833749987490756e-06 6.968611917992202e-06 -6.394887991173775e-07)
(0 0 0)
(0 0 0)
(0 0 0)
(0 0 0)
(0 0 0)
(0 0 0)
(0 0 0)
(0 0 0)
(0 0 0)
(0 0 0)
(2.519431890976259e-07 2.260785363175578e-06 -3.951579112600077e-07)
(1.99789437126319e-06 1.903315369103588e-06 1.125919625107026e-08)
(1.35012890803876e-06 3.878658438089708e-06 -1.007220957297793e-07)
(7.952922547804745e-07 1.606627825707878e-06 1.811781782984126e-07)
(0 0 0)
(0 0 0)
(0 0 0)
(0 0 0)
(0 0 0)
(0 0 0)
(0 0 0)
(0 0 0)
(0 0 0)
(0 0 0)
(0 0 0)
(0 0 0)
(0 0 0)
(1.16421699957031e-06 1.868794893996344e-06 -4.367111438814755e-08)
(0 0 0)
(0 0 0)
(0 0 0)
(1.915022522221014e-06 9.263883156971024e-06 -8.51164684523492e-07)
(2.212163698615678e-06 2.357118411379585e-06 -1.500092820937612e-07)
(0 0 0)
(0 0 0)
(0 0 0)
(0 0 0)
(0 0 0)
(0 0 0)
(0 0 0)
(0 0 0)
(1.358981509173021e-06 9.585032165109801e-07 2.0267168395279e-07)
(1.129459001866494e-06 9.180912124860221e-07 1.237511686932119e-07)
(1.114506809192546e-06 8.602738563574429e-06 -5.432817428766334e-07)
(1.174237618647839e-06 8.382980883872232e-06 -2.910075976817428e-07)
(2.274680473472332e-06 3.194012588748554e-06 -1.52902913474916e-07)
(3.660938696658481e-06 3.964629988119585e-06 -6.153945343835493e-07)
(0 0 0)
(0 0 0)
(0 0 0)
(0 0 0)
(-6.915617657245845e-07 1.67053395291268e-06 1.362497914842564e-08)
(-1.159761420838809e-06 2.953230851296361e-06 5.844209725146157e-08)
(-1.850897329650614e-07 5.727156679261108e-06 2.98762747824286e-07)
(-6.492298724415206e-07 4.682666929163168e-06 -6.026112401918245e-07)
(0 0 0)
(-7.69971249212561e-07 3.574654203451688e-06 4.139581896459176e-07)
(-2.864641082358701e-07 2.104058850942441e-06 -1.154862127595164e-07)
(0 0 0)
(0 0 0)
(-3.072324912377672e-07 2.484206346576317e-06 9.025620274368183e-07)
(-2.931271634268184e-06 3.049367326054276e-06 1.903932915689806e-07)
(0 0 0)
(-1.349841441987025e-06 3.453215286040181e-06 -2.254180681730605e-08)
(-7.632182769471976e-07 2.664745495260211e-06 2.900062020541039e-08)
(-1.2421029705879e-06 4.814578519516253e-06 2.047045841586565e-07)
(-4.646320297551384e-07 1.753728020972449e-06 6.303183566745049e-07)
(0 0 0)
(0 0 0)
(0 0 0)
(0 0 0)
(0 0 0)
(0 0 0)
(0 0 0)
(0 0 0)
(0 0 0)
(0 0 0)
(0 0 0)
(0 0 0)
(0 0 0)
(0 0 0)
(0 0 0)
(0 0 0)
(0 0 0)
(0 0 0)
(0 0 0)
(0 0 0)
(0 0 0)
(0 0 0)
(0 0 0)
(0 0 0)
(0 0 0)
(0 0 0)
(0 0 0)
(0 0 0)
(0 0 0)
(0 0 0)
(0 0 0)
(0 0 0)
(0 0 0)
(0 0 0)
(0 0 0)
(0 0 0)
(0 0 0)
(0 0 0)
(0 0 0)
(0 0 0)
(0 0 0)
(0 0 0)
(0 0 0)
(0 0 0)
(0 0 0)
(0 0 0)
(0 0 0)
(0 0 0)
(0 0 0)
(0 0 0)
(0 0 0)
(0 0 0)
(0 0 0)
(0 0 0)
(0 0 0)
(0 0 0)
(0 0 0)
(0 0 0)
(0 0 0)
(0 0 0)
(0 0 0)
(0 0 0)
(0 0 0)
(0 0 0)
(0 0 0)
(0 0 0)
(0 0 0)
(0 0 0)
(0 0 0)
(0 0 0)
(0 0 0)
(0 0 0)
(0 0 0)
(0 0 0)
(0 0 0)
(0 0 0)
(0 0 0)
(0 0 0)
(0 0 0)
(0 0 0)
(0 0 0)
(0 0 0)
(0 0 0)
(0 0 0)
(0 0 0)
(0 0 0)
(0 0 0)
(0 0 0)
(0 0 0)
(0 0 0)
(0 0 0)
(0 0 0)
(0 0 0)
(0 0 0)
(0 0 0)
(0 0 0)
(0 0 0)
(0 0 0)
(0 0 0)
(0 0 0)
(0 0 0)
(0 0 0)
(0 0 0)
(0 0 0)
(0 0 0)
(0 0 0)
(0 0 0)
(0 0 0)
(0 0 0)
(0 0 0)
(0 0 0)
(0 0 0)
(0 0 0)
(0 0 0)
(0 0 0)
(0 0 0)
(0 0 0)
(0 0 0)
(0 0 0)
(0 0 0)
(0 0 0)
(0 0 0)
(0 0 0)
(0 0 0)
(0 0 0)
(0 0 0)
(0 0 0)
(0 0 0)
(0 0 0)
(0 0 0)
(0 0 0)
(0 0 0)
(0 0 0)
(0 0 0)
(0 0 0)
(0 0 0)
(-5.637141780179142e-07 1.443270767161898e-06 -1.212184552811625e-07)
(0 0 0)
(0 0 0)
(0 0 0)
(0 0 0)
(0 0 0)
(3.189398759176099e-07 7.35380006008163e-07 1.331889795462577e-07)
(-2.136597402740784e-07 -2.072394307366731e-08 4.859215132318418e-08)
(0 0 0)
(0 0 0)
(3.589306035405405e-06 3.383431063424336e-06 1.639447853759731e-07)
(0 0 0)
(0 0 0)
(0 0 0)
(0 0 0)
(0 0 0)
(0 0 0)
(0 0 0)
(0 0 0)
(0 0 0)
(0 0 0)
(0 0 0)
(0 0 0)
(0 0 0)
(0 0 0)
(0 0 0)
(0 0 0)
(0 0 0)
(0 0 0)
(0 0 0)
(0 0 0)
(0 0 0)
(0 0 0)
(0 0 0)
(0 0 0)
(0 0 0)
(0 0 0)
(0 0 0)
(0 0 0)
(0 0 0)
(0 0 0)
(0 0 0)
(0 0 0)
(-1.22409016393447e-06 2.017389055625385e-06 1.819706931037422e-07)
(0 0 0)
(-1.004337516861174e-07 1.299801500300592e-06 -9.340886335857987e-08)
(-3.673532596076348e-06 7.227222958517579e-06 1.499251653535215e-06)
(2.905648843156085e-06 3.102767312682294e-06 3.972326108354391e-07)
(-3.027162546862162e-06 6.23277352731015e-06 -2.886566429960015e-07)
(-3.940242451827995e-07 2.560722218220793e-06 -6.308838118130165e-07)
(-1.810242842515233e-06 3.838288964172333e-06 -7.2536062125061e-07)
(-1.304121081461056e-06 4.336755054779509e-06 -2.315167718642014e-07)
(-4.145390378339746e-06 7.892843189668956e-06 -7.795516316899876e-07)
(-3.193593823099106e-06 6.228966476790925e-06 -4.046716667807528e-07)
(0 0 0)
(0 0 0)
(0 0 0)
(0 0 0)
(0 0 0)
(0 0 0)
(0 0 0)
(0 0 0)
(0 0 0)
(0 0 0)
(0 0 0)
(0 0 0)
(0 0 0)
(0 0 0)
(0 0 0)
(0 0 0)
(1.15397333502544e-06 2.372475070828952e-06 8.438493334715171e-09)
(0 0 0)
(0 0 0)
(8.554517150847378e-08 1.042890758801723e-06 -6.876276385840459e-08)
(-1.659732068869796e-07 4.12887316893832e-06 -2.419858399533837e-07)
(2.233096545391451e-08 1.306516942902394e-06 1.328806588153687e-07)
(4.169834745808559e-06 3.080454314615675e-06 -3.005929994253047e-07)
(-8.25190608899471e-07 4.171329490602474e-06 -1.290222591196822e-08)
(0 0 0)
(1.352134943745891e-06 5.283224671037743e-06 3.119326679296694e-07)
(0 0 0)
(0 0 0)
(0 0 0)
(7.735103065308112e-07 3.386897743537568e-06 -1.643098630886964e-09)
(-3.649695496831188e-06 8.343798164879398e-07 1.522504788879387e-07)
(0 0 0)
(0 0 0)
(0 0 0)
(0 0 0)
(0 0 0)
(0 0 0)
(1.912871909875946e-06 2.009343520813363e-06 -4.501086304689843e-07)
(0 0 0)
(1.352293425157526e-06 3.277192151341418e-07 3.965517738966291e-08)
(0 0 0)
(0 0 0)
(2.641015222823107e-06 8.249882013619242e-07 1.081761529884803e-07)
(0 0 0)
(0 0 0)
(4.176358677554023e-06 1.099736562908676e-06 3.443136478362026e-07)
(4.586640883899855e-07 1.665833916353085e-07 -4.324002564470932e-07)
(2.770351488430013e-07 4.371049393398645e-07 -8.438121096206077e-08)
(0 0 0)
(0 0 0)
(0 0 0)
(0 0 0)
(0 0 0)
(0 0 0)
(-1.294093050582077e-06 7.216215653121833e-06 4.951869776165296e-07)
(0 0 0)
(0 0 0)
(0 0 0)
(0 0 0)
(0 0 0)
(0 0 0)
(0 0 0)
(0 0 0)
(0 0 0)
(0 0 0)
(0 0 0)
(0 0 0)
(0 0 0)
(0 0 0)
(0 0 0)
(0 0 0)
(0 0 0)
(0 0 0)
(0 0 0)
(0 0 0)
(0 0 0)
(0 0 0)
(0 0 0)
(0 0 0)
(0 0 0)
(0 0 0)
(0 0 0)
(0 0 0)
(0 0 0)
(0 0 0)
(0 0 0)
(0 0 0)
(0 0 0)
(0 0 0)
(0 0 0)
(0 0 0)
(0 0 0)
(0 0 0)
(0 0 0)
(0 0 0)
(0 0 0)
(0 0 0)
(0 0 0)
(0 0 0)
(0 0 0)
(0 0 0)
(0 0 0)
(0 0 0)
(0 0 0)
(0 0 0)
(0 0 0)
(0 0 0)
(0 0 0)
(0 0 0)
(0 0 0)
(0 0 0)
(0 0 0)
(0 0 0)
(0 0 0)
(0 0 0)
(0 0 0)
(0 0 0)
(0 0 0)
(0 0 0)
(0 0 0)
(0 0 0)
(0 0 0)
(0 0 0)
(0 0 0)
(0 0 0)
(0 0 0)
(0 0 0)
(0 0 0)
(0 0 0)
(0 0 0)
(0 0 0)
(0 0 0)
(0 0 0)
(0 0 0)
(0 0 0)
(0 0 0)
(0 0 0)
(0 0 0)
(0 0 0)
(0 0 0)
(0 0 0)
(0 0 0)
(0 0 0)
(0 0 0)
(0 0 0)
(0 0 0)
(0 0 0)
(0 0 0)
(0 0 0)
(0 0 0)
(0 0 0)
(0 0 0)
(0 0 0)
(0 0 0)
(0 0 0)
(0 0 0)
(0 0 0)
(0 0 0)
(0 0 0)
(0 0 0)
(0 0 0)
(0 0 0)
(0 0 0)
(0 0 0)
(0 0 0)
(0 0 0)
(0 0 0)
(0 0 0)
(0 0 0)
(0 0 0)
(0 0 0)
(0 0 0)
(0 0 0)
(0 0 0)
(0 0 0)
(0 0 0)
(0 0 0)
(0 0 0)
(0 0 0)
(0 0 0)
(0 0 0)
(0 0 0)
(0 0 0)
(0 0 0)
(0 0 0)
(0 0 0)
(0 0 0)
(0 0 0)
(0 0 0)
(0 0 0)
(0 0 0)
(0 0 0)
(0 0 0)
(0 0 0)
(0 0 0)
(0 0 0)
(0 0 0)
(1.955095871201442e-06 -1.098315560688581e-07 1.231481967513396e-07)
(-5.747792954808752e-07 -6.110544783697596e-08 1.086539204766869e-07)
(0 0 0)
(1.842901368636838e-06 5.814998486430642e-07 -6.966608246596302e-08)
(0 0 0)
(0 0 0)
(0 0 0)
(6.302353988100033e-07 3.015232239663291e-07 -2.978652891648451e-07)
(2.213324327466147e-06 6.980151953733043e-07 -3.574806737028591e-07)
(-1.508924026039209e-06 -4.213086272286075e-07 -2.615187472738328e-07)
(0 0 0)
(3.739752281358915e-06 1.494786103125512e-06 -1.095282332032238e-07)
(0 0 0)
(0 0 0)
(0 0 0)
(0 0 0)
(0 0 0)
(0 0 0)
(0 0 0)
(0 0 0)
(1.390416150683464e-06 4.635819863187897e-07 -4.059768454731378e-08)
(0 0 0)
(0 0 0)
(0 0 0)
(0 0 0)
(1.886499566736272e-06 4.615194076138353e-07 1.851077741496233e-07)
(0 0 0)
(0 0 0)
(0 0 0)
(0 0 0)
(0 0 0)
(0 0 0)
(0 0 0)
(0 0 0)
(0 0 0)
(0 0 0)
(0 0 0)
(0 0 0)
(0 0 0)
(0 0 0)
(0 0 0)
(0 0 0)
(0 0 0)
(0 0 0)
(0 0 0)
(0 0 0)
(0 0 0)
(0 0 0)
(0 0 0)
(0 0 0)
(0 0 0)
(0 0 0)
(0 0 0)
(0 0 0)
(0 0 0)
(0 0 0)
(0 0 0)
(0 0 0)
(0 0 0)
(0 0 0)
(0 0 0)
(0 0 0)
(0 0 0)
(0 0 0)
(0 0 0)
(0 0 0)
(0 0 0)
(0 0 0)
(0 0 0)
(0 0 0)
(0 0 0)
(0 0 0)
(0 0 0)
(0 0 0)
(0 0 0)
(0 0 0)
(0 0 0)
(0 0 0)
(0 0 0)
(0 0 0)
(0 0 0)
(0 0 0)
(0 0 0)
(0 0 0)
(0 0 0)
(0 0 0)
(0 0 0)
(0 0 0)
(0 0 0)
(0 0 0)
(0 0 0)
(0 0 0)
(0 0 0)
(0 0 0)
(0 0 0)
(0 0 0)
(0 0 0)
(0 0 0)
(0 0 0)
(0 0 0)
(0 0 0)
(0 0 0)
(0 0 0)
(0 0 0)
(0 0 0)
(0 0 0)
(0 0 0)
(0 0 0)
(0 0 0)
(0 0 0)
(0 0 0)
(0 0 0)
(0 0 0)
(0 0 0)
(0 0 0)
(0 0 0)
(0 0 0)
(0 0 0)
(0 0 0)
(0 0 0)
(0 0 0)
(0 0 0)
(0 0 0)
(0 0 0)
(0 0 0)
(0 0 0)
(0 0 0)
(0 0 0)
(0 0 0)
(0 0 0)
(0 0 0)
(0 0 0)
(0 0 0)
(0 0 0)
(0 0 0)
(0 0 0)
(0 0 0)
(0 0 0)
(0 0 0)
(0 0 0)
(0 0 0)
(0 0 0)
(0 0 0)
(0 0 0)
(0 0 0)
(0 0 0)
(0 0 0)
(0 0 0)
(0 0 0)
(0 0 0)
(0 0 0)
(0 0 0)
(0 0 0)
(0 0 0)
(-1.037284299595788e-06 3.150454184038695e-06 3.608142371695266e-07)
(3.720030240809144e-09 1.84817130248404e-08 1.015668072541076e-09)
(0 0 0)
(0 0 0)
(0 0 0)
(0 0 0)
(0 0 0)
(0 0 0)
(0 0 0)
(0 0 0)
(0 0 0)
(0 0 0)
(0 0 0)
(0 0 0)
(0 0 0)
(0 0 0)
(0 0 0)
(0 0 0)
(0 0 0)
(0 0 0)
(0 0 0)
(0 0 0)
(0 0 0)
(0 0 0)
(0 0 0)
(0 0 0)
(0 0 0)
(0 0 0)
(0 0 0)
(0 0 0)
(0 0 0)
(0 0 0)
(0 0 0)
(0 0 0)
(0 0 0)
(0 0 0)
(0 0 0)
(0 0 0)
(0 0 0)
(0 0 0)
(0 0 0)
(0 0 0)
(0 0 0)
(0 0 0)
(0 0 0)
(0 0 0)
(0 0 0)
(0 0 0)
(0 0 0)
(0 0 0)
(0 0 0)
(0 0 0)
(0 0 0)
(0 0 0)
(0 0 0)
(0 0 0)
(0 0 0)
(0 0 0)
(0 0 0)
(0 0 0)
(0 0 0)
(0 0 0)
(0 0 0)
(0 0 0)
(0 0 0)
(0 0 0)
(0 0 0)
(0 0 0)
(0 0 0)
(0 0 0)
(0 0 0)
(0 0 0)
(0 0 0)
(0 0 0)
(0 0 0)
(0 0 0)
(0 0 0)
(0 0 0)
(0 0 0)
(0 0 0)
(0 0 0)
(0 0 0)
(0 0 0)
(0 0 0)
(0 0 0)
(0 0 0)
(0 0 0)
(0 0 0)
(0 0 0)
(0 0 0)
(0 0 0)
(0 0 0)
(0 0 0)
(0 0 0)
(0 0 0)
(0 0 0)
(0 0 0)
(0 0 0)
(0 0 0)
(0 0 0)
(0 0 0)
(0 0 0)
(0 0 0)
(0 0 0)
(0 0 0)
(0 0 0)
(0 0 0)
(0 0 0)
(0 0 0)
(0 0 0)
(0 0 0)
(0 0 0)
(0 0 0)
(0 0 0)
(0 0 0)
(0 0 0)
(0 0 0)
(0 0 0)
(0 0 0)
(0 0 0)
(0 0 0)
(0 0 0)
(0 0 0)
(0 0 0)
(0 0 0)
(0 0 0)
(0 0 0)
(0 0 0)
(0 0 0)
(0 0 0)
(0 0 0)
(0 0 0)
(0 0 0)
(0 0 0)
(0 0 0)
(0 0 0)
(0 0 0)
(0 0 0)
(0 0 0)
(0 0 0)
(0 0 0)
(0 0 0)
(0 0 0)
(0 0 0)
(0 0 0)
(0 0 0)
(0 0 0)
(0 0 0)
(0 0 0)
(0 0 0)
(0 0 0)
(0 0 0)
(0 0 0)
(0 0 0)
(0 0 0)
(0 0 0)
(0 0 0)
(0 0 0)
(0 0 0)
(0 0 0)
(0 0 0)
(0 0 0)
(0 0 0)
(0 0 0)
(0 0 0)
(0 0 0)
(0 0 0)
(0 0 0)
(0 0 0)
(0 0 0)
(0 0 0)
(0 0 0)
(0 0 0)
(0 0 0)
(0 0 0)
(0 0 0)
(0 0 0)
(0 0 0)
(0 0 0)
(0 0 0)
(0 0 0)
(0 0 0)
(0 0 0)
(0 0 0)
(0 0 0)
(0 0 0)
(0 0 0)
(0 0 0)
(0 0 0)
(0 0 0)
(0 0 0)
(0 0 0)
(0 0 0)
(-1.8799308925462e-07 -1.338752587243374e-07 -2.622160729434078e-07)
(0 0 0)
(0 0 0)
(0 0 0)
(0 0 0)
(0 0 0)
(0 0 0)
(0 0 0)
(0 0 0)
(0 0 0)
(0 0 0)
(0 0 0)
(0 0 0)
(0 0 0)
(0 0 0)
(0 0 0)
(0 0 0)
(0 0 0)
(0 0 0)
(0 0 0)
(0 0 0)
(0 0 0)
(0 0 0)
(0 0 0)
(0 0 0)
(0 0 0)
(0 0 0)
(0 0 0)
(0 0 0)
(0 0 0)
(0 0 0)
(0 0 0)
(0 0 0)
(0 0 0)
(0 0 0)
(0 0 0)
(0 0 0)
(0 0 0)
(0 0 0)
(0 0 0)
(0 0 0)
(0 0 0)
(0 0 0)
(0 0 0)
(0 0 0)
(0 0 0)
(0 0 0)
(0 0 0)
(0 0 0)
(0 0 0)
(0 0 0)
(0 0 0)
(0 0 0)
(-1.153650661569764e-06 2.462545638028251e-06 -1.722573311685827e-07)
(0 0 0)
(0 0 0)
(0 0 0)
(0 0 0)
(0 0 0)
(0 0 0)
(0 0 0)
(0 0 0)
(0 0 0)
(0 0 0)
(0 0 0)
(0 0 0)
(0 0 0)
(0 0 0)
(0 0 0)
(0 0 0)
(0 0 0)
(0 0 0)
(0 0 0)
(0 0 0)
(0 0 0)
(0 0 0)
(0 0 0)
(0 0 0)
(0 0 0)
(0 0 0)
(0 0 0)
(0 0 0)
(0 0 0)
(0 0 0)
(0 0 0)
(0 0 0)
(0 0 0)
(0 0 0)
(0 0 0)
(0 0 0)
(-5.49513318747346e-07 -2.347501874200429e-07 1.972859778080636e-07)
(-1.284352535065628e-06 6.058166144648319e-07 -1.447346966324031e-06)
(6.46642223866832e-07 2.79844995518322e-06 1.680309676895737e-06)
(1.562142602129729e-06 6.25108620867445e-07 -1.36498151210147e-07)
(4.001350967653093e-07 1.294168022367236e-07 5.385293916305056e-07)
(0 0 0)
(0 0 0)
(1.013939115586693e-06 3.76136804138934e-06 2.256425987073209e-07)
(-1.791797752987646e-07 5.028110749567143e-07 -5.94132868026192e-07)
(-1.106434427487872e-06 1.296960122017973e-06 7.502597881880618e-09)
(0 0 0)
(0 0 0)
(0 0 0)
(-3.663034018749746e-08 6.292248363366471e-07 -3.459796436955224e-07)
(0 0 0)
(0 0 0)
(0 0 0)
(0 0 0)
(2.396054652591048e-09 1.727760595372583e-06 -8.316399952447769e-07)
(0 0 0)
(0 0 0)
(-7.895110339076866e-07 2.63112239501584e-06 3.881135756203093e-07)
(5.313411070556455e-08 3.749343332498166e-06 -1.094517843938232e-06)
(-6.969945044462455e-07 1.475676895970599e-06 -1.720525461543324e-06)
(-1.18173644803723e-06 1.388333193096953e-06 9.478484346651814e-07)
(2.756868984638706e-06 -8.932393808616661e-07 -6.601405797430607e-09)
(-6.05442829808673e-07 1.058274564555566e-06 5.058663042978922e-07)
(1.076130511818912e-06 1.924690984851491e-06 -7.051078629674441e-07)
(0 0 0)
(-5.312042285348241e-07 1.263643703986445e-06 3.069334144589139e-07)
(-3.297800063975037e-07 2.618346563466976e-07 -4.288826311052485e-07)
(-3.820765244940708e-07 3.959074466276597e-07 -3.057033303339424e-07)
(-1.129014118334524e-06 8.096138406977696e-07 -5.059081155624853e-07)
(-5.481087720622433e-08 8.600643342538994e-07 -9.04133863214169e-08)
(-2.676808458937492e-08 -1.328976869265097e-07 -1.099150498924497e-07)
(-2.247111109469747e-07 1.261868743626469e-06 7.239787373196255e-07)
(1.701895659529614e-07 5.172688928518002e-07 5.100384247901596e-07)
(2.69487597919673e-08 2.915892298605491e-07 -2.576646309850264e-08)
(-3.986276067079859e-07 1.065041193134019e-06 -7.120314116275835e-08)
(-6.742738360997689e-07 2.824006184951451e-07 -7.231985473379174e-07)
(0 0 0)
(4.605267000337576e-07 9.107402726299254e-07 2.034818181084337e-07)
(-3.162231175798413e-06 6.137113829717064e-07 2.996804570552222e-07)
(-1.957230319092635e-07 -9.211311759094487e-07 -5.409111970104776e-07)
(-4.125138122462121e-07 5.72971661566716e-07 6.173488344953271e-07)
(-2.682985319152224e-07 3.800049982046994e-07 -2.706875298211756e-07)
(-3.617925109872538e-07 -1.646145166668325e-07 -3.845012616300695e-07)
(1.044315036339834e-07 -3.456344097741847e-07 -1.412209045858265e-07)
(-4.522700273006118e-07 -2.962710604276395e-07 1.080630567273613e-07)
(3.441135480408781e-08 -1.267471827337408e-07 -1.493943307514216e-08)
(-5.742862621217305e-07 -2.585776067504522e-07 -1.463308250775492e-07)
(-3.30458551595875e-07 -7.218310803720364e-07 7.048722815537648e-07)
(9.969656322128925e-08 1.178465302351604e-06 1.302309877358531e-06)
(-2.044207776691982e-07 -9.989058658619175e-07 -1.727561224613383e-06)
(-6.158233491695522e-07 1.032723077534298e-06 -7.369439827722007e-07)
(2.370446587484171e-07 8.871848658258827e-07 1.270193699337365e-06)
(-3.560257648027668e-07 -1.224084235642225e-08 4.091892644474146e-08)
(6.395361170698176e-07 -5.725923459003906e-07 -4.480686683871896e-07)
(1.873944449858959e-07 -1.789054547044887e-08 -5.727880314732306e-07)
(9.919333290234656e-07 5.152737369173828e-07 1.360257643574702e-07)
(9.72978903957603e-07 5.033731348972941e-07 -1.549505115341465e-08)
(4.565081815458711e-08 3.815737737722576e-08 -3.991860501821485e-08)
(2.015254486128834e-06 5.966771398876307e-07 -4.395005952051612e-07)
(1.547957367580827e-06 -4.085229922160057e-07 -1.505181194502934e-06)
(-3.381893722873077e-06 -6.549282449671319e-07 -1.441955124684575e-06)
(1.129527088237971e-06 2.595768014997589e-07 -3.005943905675179e-07)
(0 0 0)
(6.789434430503325e-07 5.060161500428056e-07 3.221995786428958e-07)
(9.20048487527092e-07 8.389192771285621e-07 3.430414601518337e-07)
(9.699386925379039e-07 1.741358336708891e-06 6.857336602399938e-07)
(2.375325735509824e-07 3.206579757409924e-07 1.422277604746322e-07)
(0 0 0)
(-1.829958705583515e-07 2.400567354987441e-07 6.449279682958444e-07)
(7.858230757857915e-07 1.406818423924992e-06 -6.900835847618127e-07)
(0 0 0)
(0 0 0)
(0 0 0)
(0 0 0)
(0 0 0)
(0 0 0)
(0 0 0)
(0 0 0)
(0 0 0)
(0 0 0)
(0 0 0)
(0 0 0)
(0 0 0)
(0 0 0)
(0 0 0)
(0 0 0)
(0 0 0)
(0 0 0)
(0 0 0)
(0 0 0)
(0 0 0)
(0 0 0)
(0 0 0)
(0 0 0)
(0 0 0)
(0 0 0)
(0 0 0)
(0 0 0)
(0 0 0)
(0 0 0)
(3.665172595469917e-07 9.269521827366873e-07 -8.056063347030388e-08)
(4.134320105828899e-07 2.656377721379438e-07 8.186929767258257e-08)
(4.639030528455165e-07 4.259003466902058e-08 -5.87632157216353e-07)
(3.452742636021654e-07 -1.70842795598478e-09 -1.590664749367776e-07)
(0 0 0)
(1.643910736215207e-07 2.252474264926276e-07 -2.027202013463407e-08)
(-5.52927308480792e-08 3.744839839481319e-07 -1.853424587253653e-07)
(0 0 0)
(0 0 0)
(0 0 0)
(0 0 0)
(0 0 0)
(0 0 0)
(0 0 0)
(0 0 0)
(0 0 0)
(0 0 0)
(0 0 0)
(0 0 0)
(0 0 0)
(0 0 0)
(0 0 0)
(0 0 0)
(0 0 0)
(0 0 0)
(0 0 0)
(0 0 0)
(0 0 0)
(0 0 0)
(0 0 0)
(0 0 0)
(0 0 0)
(0 0 0)
(0 0 0)
(0 0 0)
(0 0 0)
(0 0 0)
(0 0 0)
(0 0 0)
(0 0 0)
(0 0 0)
(0 0 0)
(0 0 0)
(0 0 0)
(0 0 0)
(0 0 0)
(0 0 0)
(0 0 0)
(0 0 0)
(0 0 0)
(0 0 0)
(0 0 0)
(0 0 0)
(1.099071695236333e-06 -5.119081703710253e-07 -7.171359311896946e-08)
(1.411572278877627e-06 -6.514889264247377e-07 -2.576193309022933e-07)
(1.260762618948166e-06 -4.779149208403359e-07 -3.632201793434126e-07)
(1.849377270982556e-06 -1.785630534690312e-07 -4.445906744421175e-07)
(2.355238406889449e-06 1.875996731106793e-07 -1.915644563003763e-07)
(4.008893344942603e-07 -3.077038102313346e-07 -1.118969284027008e-07)
(0 0 0)
(0 0 0)
(0 0 0)
(0 0 0)
(0 0 0)
(0 0 0)
(0 0 0)
(0 0 0)
(0 0 0)
(0 0 0)
(0 0 0)
(0 0 0)
(0 0 0)
(0 0 0)
(0 0 0)
(0 0 0)
(0 0 0)
(0 0 0)
(0 0 0)
(0 0 0)
(0 0 0)
(0 0 0)
(0 0 0)
(0 0 0)
(-3.415309524815508e-07 9.507268205220179e-07 -4.421956431807112e-07)
(-5.308166308415815e-07 2.873042864369317e-07 2.654159357173985e-07)
(0 0 0)
(0 0 0)
(0 0 0)
(-6.384164990440183e-08 3.982423984178146e-07 3.356972423170932e-08)
(8.840769833869587e-08 -5.987162202228287e-07 -1.837886802838799e-07)
(1.688613870209763e-07 -2.548448464225432e-07 -2.728409872457538e-07)
(3.634663863196767e-07 -6.458333282474035e-07 -9.202944785487769e-08)
(-2.590633753692908e-07 -1.415464697505322e-06 2.72305262760681e-07)
(0 0 0)
(0 0 0)
(0 0 0)
(0 0 0)
(0 0 0)
(0 0 0)
(0 0 0)
(0 0 0)
(0 0 0)
(0 0 0)
(0 0 0)
(0 0 0)
(0 0 0)
(0 0 0)
(0 0 0)
(0 0 0)
(0 0 0)
(0 0 0)
(0 0 0)
(0 0 0)
(3.051166717957686e-07 6.685280110126356e-08 -9.10240080029782e-08)
(6.648553730872445e-07 1.290872672364433e-06 -3.401611490717372e-07)
(5.279538331416255e-07 -2.148034909509034e-07 4.534427851250162e-07)
(0 0 0)
(0 0 0)
(0 0 0)
(0 0 0)
(0 0 0)
(0 0 0)
(0 0 0)
(0 0 0)
(0 0 0)
(0 0 0)
(0 0 0)
(0 0 0)
(0 0 0)
(0 0 0)
(0 0 0)
(0 0 0)
(0 0 0)
(0 0 0)
(0 0 0)
(0 0 0)
(0 0 0)
(0 0 0)
(0 0 0)
(0 0 0)
(0 0 0)
(0 0 0)
(0 0 0)
(0 0 0)
(0 0 0)
(0 0 0)
(0 0 0)
(0 0 0)
(0 0 0)
(0 0 0)
(0 0 0)
(0 0 0)
(0 0 0)
(0 0 0)
(0 0 0)
(0 0 0)
(0 0 0)
(0 0 0)
(0 0 0)
(0 0 0)
(0 0 0)
(0 0 0)
(2.481250079756506e-06 -9.779566671752738e-07 -8.811211546487817e-07)
(0 0 0)
(0 0 0)
(0 0 0)
(3.032190589869373e-07 -1.382644297882171e-06 -4.047893332394159e-07)
(2.16538311216336e-07 -1.339300675189926e-06 -1.910076691090277e-07)
(0 0 0)
(0 0 0)
(4.765192925345787e-07 -3.766708410686509e-07 9.410103314813711e-08)
(3.522182349809726e-07 -1.79275797840874e-06 -7.106791100388721e-08)
(5.522315930000823e-07 -2.828067762053204e-06 -3.021385633172636e-07)
(6.447417666322878e-07 -8.875296143638757e-07 -3.721892291221854e-07)
(1.383706683886233e-05 6.789948590959115e-06 3.290357915906841e-06)
(3.110686343798148e-07 4.619294711332917e-07 -1.507029889890259e-07)
(0 0 0)
(0 0 0)
(0 0 0)
(0 0 0)
(0 0 0)
(0 0 0)
(0 0 0)
(0 0 0)
(0 0 0)
(0 0 0)
(0 0 0)
(0 0 0)
(0 0 0)
(0 0 0)
(0 0 0)
(0 0 0)
(0 0 0)
(0 0 0)
(0 0 0)
(0 0 0)
(0 0 0)
(0 0 0)
(0 0 0)
(0 0 0)
(0 0 0)
(0 0 0)
(0 0 0)
(0 0 0)
(0 0 0)
(0 0 0)
(0 0 0)
(0 0 0)
(0 0 0)
(0 0 0)
(0 0 0)
(0 0 0)
(0 0 0)
(0 0 0)
(0 0 0)
(0 0 0)
(0 0 0)
(0 0 0)
(0 0 0)
(0 0 0)
(0 0 0)
(0 0 0)
(1.478433367681734e-06 -1.324211706612504e-06 -2.868197099684192e-07)
(7.966368600184399e-07 3.627429101174379e-08 -4.412196444686057e-08)
(7.521390901449606e-07 -1.356134866133794e-07 -2.172110164073255e-07)
(7.066458444790097e-07 -1.610392619979641e-07 -1.341673842734659e-07)
(3.752531715891531e-07 -1.113999342465799e-06 -7.472074663698965e-07)
(1.479713938829886e-06 -6.463926908171966e-07 -2.060143352154384e-07)
(5.923305398479128e-07 -1.42546868669585e-07 -5.931491232281148e-08)
(1.00423002182597e-06 -5.169040590294267e-07 -3.524523973481694e-08)
(0 0 0)
(0 0 0)
(0 0 0)
(0 0 0)
(0 0 0)
(0 0 0)
(0 0 0)
(0 0 0)
(0 0 0)
(0 0 0)
(0 0 0)
(0 0 0)
(0 0 0)
(0 0 0)
(0 0 0)
(0 0 0)
(0 0 0)
(0 0 0)
(0 0 0)
(0 0 0)
(0 0 0)
(0 0 0)
(0 0 0)
(0 0 0)
(0 0 0)
(7.417256930685583e-07 4.920394511676211e-07 -2.688142400318713e-06)
(-3.305526800990691e-07 1.787515970274889e-06 -4.804087707554433e-07)
(0 0 0)
(2.167515167573786e-06 3.00378568532778e-06 1.025683648519491e-06)
(-1.677401057513919e-07 -4.889923406874313e-07 -3.647670136538332e-06)
(-9.214806154437321e-08 -1.435628996535798e-07 -1.820960263348624e-07)
(2.531902898056113e-07 -3.732619071861603e-07 1.372429111158207e-06)
(-4.739859800077728e-07 4.015472031572452e-07 1.951649897024729e-07)
(6.860785053104626e-07 -1.267550588506704e-06 -2.793753409925964e-07)
(1.707686161382645e-07 2.334575789845796e-07 1.667423810337843e-07)
(4.109053691396508e-07 -6.591164951223098e-07 -4.314179958753449e-07)
(2.591312972879185e-07 -3.630006165204191e-07 -1.592181267469794e-07)
(1.025713110293296e-06 -2.448822457147655e-07 -2.855881568688847e-07)
(4.5129179672676e-07 -2.192362505065994e-07 -1.32224544181607e-07)
(5.72104188542098e-07 4.089490664733084e-07 -1.458273677640563e-07)
(3.072293589669803e-07 5.804619642351905e-08 -1.247816130644528e-07)
(2.753989364089547e-07 -8.716983869497214e-08 -1.131735057643545e-07)
(-1.395511486565901e-07 -1.984535352994045e-06 -8.123964446030435e-07)
(0 0 0)
(0 0 0)
(0 0 0)
(0 0 0)
(0 0 0)
(0 0 0)
(0 0 0)
(0 0 0)
(0 0 0)
(0 0 0)
(0 0 0)
(0 0 0)
(0 0 0)
(0 0 0)
(0 0 0)
(0 0 0)
(0 0 0)
(0 0 0)
(0 0 0)
(0 0 0)
(0 0 0)
(0 0 0)
(0 0 0)
(0 0 0)
(0 0 0)
(0 0 0)
(0 0 0)
(0 0 0)
(0 0 0)
(0 0 0)
(0 0 0)
(0 0 0)
(0 0 0)
(0 0 0)
(0 0 0)
(0 0 0)
(0 0 0)
(0 0 0)
(0 0 0)
(0 0 0)
(0 0 0)
(0 0 0)
(1.086502630224284e-06 -4.803853390063029e-07 -1.208748202826019e-06)
(0 0 0)
(0 0 0)
(0 0 0)
(0 0 0)
(0 0 0)
(0 0 0)
(0 0 0)
(0 0 0)
(0 0 0)
(0 0 0)
(0 0 0)
(0 0 0)
(0 0 0)
(0 0 0)
(0 0 0)
(0 0 0)
(0 0 0)
(0 0 0)
(0 0 0)
(0 0 0)
(0 0 0)
(0 0 0)
(0 0 0)
(0 0 0)
(-9.770296347523036e-08 4.293661086598129e-07 -3.213943406558637e-07)
(4.34946674757496e-07 -1.648825538089399e-09 7.70535084259632e-07)
(0 0 0)
(1.73562300853996e-06 3.068686373216969e-07 2.798287142735237e-06)
(4.002925938750443e-06 -1.73024837877081e-06 -1.270951140407224e-06)
(1.770543636653684e-06 4.534833337370889e-07 -7.059533383568029e-08)
(3.950534732144545e-07 -1.903493466375645e-06 -8.099043793585092e-07)
(1.136815703895862e-06 -3.233071794666467e-06 -5.975140740975823e-07)
(2.162107748746586e-06 -2.006810420381733e-06 7.954228606786878e-08)
(3.56971428297356e-07 -2.018877749801745e-06 -8.592747447988063e-08)
(5.642060966449629e-06 1.610773644919623e-06 2.424399680103079e-06)
(1.15027957601336e-07 -8.13665036647388e-07 1.768687897745399e-08)
(0 0 0)
(0 0 0)
(0 0 0)
(0 0 0)
(0 0 0)
(0 0 0)
(0 0 0)
(0 0 0)
(0 0 0)
(0 0 0)
(0 0 0)
(0 0 0)
(0 0 0)
(0 0 0)
(0 0 0)
(0 0 0)
(0 0 0)
(0 0 0)
(0 0 0)
(0 0 0)
(0 0 0)
(0 0 0)
(0 0 0)
(0 0 0)
(0 0 0)
(0 0 0)
(0 0 0)
(0 0 0)
(0 0 0)
(0 0 0)
(0 0 0)
(0 0 0)
(0 0 0)
(0 0 0)
(0 0 0)
(0 0 0)
(0 0 0)
(0 0 0)
(0 0 0)
(1.266936849919626e-06 -4.024747213776459e-07 -4.237509730895134e-07)
(2.063712743543835e-06 -6.849466254833651e-07 1.080345902563224e-07)
(7.395588831543544e-07 -9.550814139989754e-08 -1.930457057452277e-07)
(3.924106548670026e-07 -2.598914237108683e-07 4.57567569637829e-09)
(6.32614732567595e-07 -4.867851280574453e-07 -1.071769431468755e-07)
(5.797827045479365e-07 -4.012965985495158e-07 -4.987518445314678e-07)
(3.230744243289049e-07 1.15303797924043e-07 -2.50630949154376e-08)
(0 0 0)
(0 0 0)
(0 0 0)
(0 0 0)
(0 0 0)
(0 0 0)
(0 0 0)
(0 0 0)
(0 0 0)
(0 0 0)
(0 0 0)
(0 0 0)
(0 0 0)
(0 0 0)
(0 0 0)
(0 0 0)
(0 0 0)
(0 0 0)
(0 0 0)
(0 0 0)
(0 0 0)
(2.113566882373911e-06 2.691005225907742e-06 2.204701151525103e-06)
(0 0 0)
(-5.166687605107745e-07 7.25722722018864e-07 -5.007455765183574e-09)
(1.370645582320537e-07 4.73534523999511e-07 3.503252029359988e-07)
(1.776703155070615e-06 6.302594977329516e-07 8.154417734703516e-08)
(1.456267298980994e-06 -1.846194335899986e-07 -2.956621128858864e-07)
(1.718745983214307e-08 -2.093312518784729e-07 -1.633509641132348e-08)
(7.182900078476067e-07 -2.059094569817077e-06 -4.736924212190083e-07)
(-5.521476853758739e-08 -3.145798001100673e-07 -3.75938187869875e-08)
(2.042206505280936e-06 -8.649606450374595e-07 5.241675773555899e-07)
(1.064261086991373e-05 1.227434775529023e-06 -1.633514603401706e-06)
(1.731659452046417e-07 -1.759452300745262e-07 -5.739540080234123e-09)
(7.587154299970778e-06 -2.598328409599468e-06 -2.738459943466776e-06)
(2.628249017528345e-06 -1.696318723136387e-06 8.579185106399474e-08)
(7.012672288212198e-07 -7.234558592311778e-07 -3.458787175241658e-07)
(2.725206329777948e-07 -7.575283644443432e-07 8.528849192228752e-09)
(7.163690822573439e-07 -3.810894574542345e-07 -4.970878378230268e-07)
(0 0 0)
(0 0 0)
(3.232978647354165e-07 1.093173268802937e-06 -7.740464911236942e-07)
(0 0 0)
(-8.156425959339181e-07 1.708826674935821e-06 -9.130021478429763e-07)
(0 0 0)
(0 0 0)
(0 0 0)
(1.327375701611244e-07 2.599808639282934e-07 -5.614932790304565e-07)
(2.331174312299432e-08 3.481278653275239e-08 -4.584268380008602e-08)
(0 0 0)
(0 0 0)
(2.120728145510473e-07 1.064158861279501e-06 -1.050131588628141e-06)
(6.290906687557147e-07 -6.17841556322404e-07 4.764819631694961e-08)
(1.7933281894476e-06 -5.764619061764128e-07 5.016746019290169e-07)
(-7.910472778489921e-08 -4.244038470751574e-07 -3.906813557793733e-07)
(4.576083740595991e-07 -1.567180524555938e-07 -7.872413041460552e-09)
(-2.871483184131593e-08 -2.379336583277623e-07 5.917003155717605e-08)
(-2.006426195899954e-06 -1.170856994903554e-07 -1.549303502987019e-06)
(1.406523858174928e-06 -1.011523651216218e-06 4.996048214039585e-07)
(0 0 0)
(1.012275552152627e-06 -2.234731626652443e-07 -1.158774436872218e-07)
(6.327443316902219e-08 -4.171772321884591e-07 -3.608361569128116e-07)
(1.018797066462317e-06 9.303170484921798e-09 -3.126670763265706e-07)
(2.881853400446515e-07 -5.6484277040299e-07 1.821189519051268e-07)
(3.197440261642593e-07 -1.29836511367216e-06 2.075162470339358e-07)
(4.380760082775278e-07 3.295686688630649e-07 2.390502115677437e-07)
(-9.777653763592115e-09 -4.971809900856147e-08 5.979097830481619e-08)
(4.691826276320143e-07 -3.780928222931573e-07 -4.003868170626637e-08)
(1.576032227999302e-06 -3.413273428364708e-08 -4.29030400406165e-07)
(9.756219294568811e-07 -3.961150025909585e-07 1.067155648984965e-07)
(2.852528734037421e-07 9.540542329993806e-08 4.692909795436096e-08)
(8.777834489267358e-07 -1.39640022418678e-08 -9.098016162391653e-07)
(-1.332175116990093e-06 3.410909800872149e-07 -1.706530394912435e-07)
(2.382356392704146e-07 1.423771729739602e-07 -1.411958181256451e-07)
(7.424996478333345e-07 -6.756309537639908e-07 1.933806509449882e-07)
(2.398021148688583e-07 -3.128873563156617e-07 -7.760362766031518e-07)
(9.334508902524113e-08 -7.048100217911793e-07 2.707368163111122e-07)
(9.780890483916724e-08 1.1913909749494e-07 2.664866269483202e-08)
(1.116572373579049e-06 1.078775936816519e-06 3.618640836620759e-07)
(-1.575644058079943e-07 2.195548004447659e-07 -3.579136995657276e-08)
(5.814445430510339e-07 5.611349818006421e-07 -1.136402018112149e-07)
(0 0 0)
(0 0 0)
(0 0 0)
(3.81975839580522e-07 6.088444977673297e-07 7.098486103287015e-07)
(4.144146171862969e-07 3.043975200356731e-07 7.323384149826828e-08)
(0 0 0)
(0 0 0)
(0 0 0)
(0 0 0)
(0 0 0)
(0 0 0)
(2.775886671444004e-07 -1.274871913707552e-07 1.964317320070525e-07)
(2.803394849179331e-07 -4.326409406748707e-07 1.430605230266579e-06)
(1.19182717661736e-06 9.66554829669055e-07 -1.608948775790164e-07)
(8.348240255698148e-07 -1.058346175659397e-08 -3.338572703843118e-08)
(1.218462529478104e-07 8.523091472623411e-07 1.310039974391304e-06)
(1.402622878190102e-07 2.252861435165269e-07 2.178422734162386e-08)
(0 0 0)
(1.393556455235932e-06 7.407674662367385e-07 1.514856100281846e-06)
(1.128152921463611e-06 8.960985747875456e-07 2.487053385074754e-07)
(6.079719003486596e-07 3.058529778471512e-07 -1.229348088131293e-07)
(0 0 0)
(0 0 0)
(5.034260892882881e-07 8.090711157373377e-07 2.318577104464774e-07)
(1.120778070135407e-06 1.106589288406806e-06 1.340077662696436e-06)
(1.756627814995595e-06 -2.178724544206789e-08 -1.146334681233981e-07)
(8.573568041952383e-07 9.216973202602082e-07 -5.829079495800791e-07)
(4.247018665657761e-07 8.821781475297967e-07 1.769152984703886e-06)
(0 0 0)
(0 0 0)
(4.421443990719159e-07 1.926298796070644e-07 3.349467733418999e-07)
(5.584758697622564e-07 -7.305176716047092e-08 1.013309877707239e-06)
(0 0 0)
(0 0 0)
(0 0 0)
(5.848841078460166e-07 1.544975260055598e-07 -6.865352618916038e-07)
(0 0 0)
(1.768078191993345e-07 7.951037970896754e-07 -9.737845226511667e-08)
(4.879262862052294e-07 1.359378072481914e-06 -9.062800863479839e-07)
(5.377614799871002e-07 1.030743848299337e-06 -6.499097063583818e-07)
(2.877643124603595e-07 9.323231581648503e-07 -3.116567308657668e-07)
(1.050073512658545e-07 2.201493363096484e-06 -1.536232970406068e-07)
(6.688365360679221e-07 1.876697988668684e-06 1.129857829720714e-07)
(1.571607491832642e-07 2.055847949565677e-06 2.876490815449987e-08)
(-8.002761811967148e-07 2.235981869997884e-07 -2.511136632821906e-07)
(1.13702238338074e-06 2.541358030777617e-06 7.69696891382053e-07)
(0 0 0)
(0 0 0)
(0 0 0)
(0 0 0)
(0 0 0)
(0 0 0)
(0 0 0)
(-1.675318649368851e-07 -4.649043080905933e-07 3.694556659433694e-08)
(1.090910630822293e-06 -5.471386674723663e-07 -2.294976005621215e-07)
(-3.984289659125798e-06 -1.031172267106087e-06 -3.568819439467016e-07)
(1.758330778330421e-06 1.520551274552972e-07 -8.4418242665942e-07)
(4.406128545802543e-07 -2.821401351001028e-07 3.836242031776939e-08)
(2.16956864618662e-06 1.209876612322488e-06 -1.537720076154578e-06)
(1.163115498721337e-07 -3.029811385476663e-07 -3.76259240808439e-07)
(1.724574290798776e-06 -8.514591959238534e-07 -2.577114957466469e-07)
(1.871463396106544e-06 -5.406724933023745e-07 -1.221641914895566e-07)
(2.595580003774105e-06 -4.153913470837392e-07 -7.168306754392952e-07)
(7.820056759993299e-07 -2.271735452057425e-08 -5.675869080617864e-07)
(7.105023760922753e-07 5.718037401342909e-08 -2.620699000886142e-07)
(4.083134550671781e-07 -1.015576755335772e-06 9.107224487637864e-07)
(2.267071897948883e-06 -7.413330267930072e-08 -8.792160656669065e-07)
(0 0 0)
(0 0 0)
(0 0 0)
(0 0 0)
(0 0 0)
(0 0 0)
(0 0 0)
(0 0 0)
(0 0 0)
(0 0 0)
(0 0 0)
(0 0 0)
(0 0 0)
(0 0 0)
(0 0 0)
(0 0 0)
(0 0 0)
(0 0 0)
(0 0 0)
(0 0 0)
(0 0 0)
(0 0 0)
(0 0 0)
(0 0 0)
(0 0 0)
(0 0 0)
(0 0 0)
(0 0 0)
(0 0 0)
(0 0 0)
(0 0 0)
(0 0 0)
(0 0 0)
(0 0 0)
(0 0 0)
(0 0 0)
(0 0 0)
(0 0 0)
(0 0 0)
(0 0 0)
(0 0 0)
(0 0 0)
(0 0 0)
(0 0 0)
(0 0 0)
(0 0 0)
(0 0 0)
(0 0 0)
(0 0 0)
(0 0 0)
(0 0 0)
(0 0 0)
(0 0 0)
(0 0 0)
(0 0 0)
(0 0 0)
(0 0 0)
(0 0 0)
(0 0 0)
(0 0 0)
(0 0 0)
(0 0 0)
(0 0 0)
(0 0 0)
(0 0 0)
(0 0 0)
(0 0 0)
(0 0 0)
(0 0 0)
(0 0 0)
(0 0 0)
(0 0 0)
(0 0 0)
(0 0 0)
(0 0 0)
(0 0 0)
(0 0 0)
(0 0 0)
(0 0 0)
(0 0 0)
(0 0 0)
(0 0 0)
(0 0 0)
(0 0 0)
(0 0 0)
(0 0 0)
(0 0 0)
(0 0 0)
(0 0 0)
(0 0 0)
(0 0 0)
(0 0 0)
(0 0 0)
(0 0 0)
(0 0 0)
(0 0 0)
(0 0 0)
(0 0 0)
(0 0 0)
(0 0 0)
(0 0 0)
(0 0 0)
(0 0 0)
(0 0 0)
(0 0 0)
(0 0 0)
(1.575806565916359e-06 1.844408594651804e-07 -1.122296620159857e-06)
(1.364284721473182e-06 7.059264673751596e-07 -6.162334001898578e-07)
(9.931810056112786e-07 1.435291879394024e-06 5.242709794697486e-08)
(1.619183774527814e-06 1.765623518947089e-06 2.452838958253808e-07)
(0 0 0)
(0 0 0)
(1.719355449276868e-07 4.073474952685175e-07 1.942060990003442e-07)
(1.628326368943678e-06 1.129687209577522e-06 -2.148054649349157e-07)
(1.128029309145623e-06 7.608583172792523e-07 -1.784159560020215e-07)
(3.48265979227927e-07 4.930732888535444e-07 -7.191230626726601e-08)
(1.222019745058358e-06 1.295640754994082e-06 3.857830473115485e-07)
(0 0 0)
(3.538395892771467e-06 2.519921014272348e-06 1.951749193245364e-06)
(3.827754479571072e-07 -3.143316252248218e-07 -1.320196905010331e-08)
(0 0 0)
(0 0 0)
(0 0 0)
(0 0 0)
(0 0 0)
(0 0 0)
(0 0 0)
(0 0 0)
(0 0 0)
(0 0 0)
(0 0 0)
(0 0 0)
(0 0 0)
(0 0 0)
(0 0 0)
(0 0 0)
(0 0 0)
(0 0 0)
(0 0 0)
(0 0 0)
(0 0 0)
(0 0 0)
(0 0 0)
(0 0 0)
(0 0 0)
(0 0 0)
(0 0 0)
(9.059655506979258e-07 8.24092010996398e-07 -2.965394528535907e-07)
(0 0 0)
(0 0 0)
(0 0 0)
(0 0 0)
(0 0 0)
(0 0 0)
(0 0 0)
(0 0 0)
(0 0 0)
(0 0 0)
(0 0 0)
(0 0 0)
(0 0 0)
(0 0 0)
(0 0 0)
(0 0 0)
(0 0 0)
(0 0 0)
(0 0 0)
(0 0 0)
(0 0 0)
(0 0 0)
(0 0 0)
(0 0 0)
(0 0 0)
(0 0 0)
(0 0 0)
(0 0 0)
(0 0 0)
(0 0 0)
(0 0 0)
(0 0 0)
(0 0 0)
(0 0 0)
(0 0 0)
(0 0 0)
(0 0 0)
(0 0 0)
(0 0 0)
(0 0 0)
(0 0 0)
(0 0 0)
(0 0 0)
(0 0 0)
(0 0 0)
(0 0 0)
(0 0 0)
(0 0 0)
(0 0 0)
(0 0 0)
(0 0 0)
(0 0 0)
(0 0 0)
(0 0 0)
(0 0 0)
(0 0 0)
(0 0 0)
(0 0 0)
(0 0 0)
(0 0 0)
(0 0 0)
(0 0 0)
(0 0 0)
(0 0 0)
(0 0 0)
(0 0 0)
(0 0 0)
(0 0 0)
(0 0 0)
(0 0 0)
(0 0 0)
(0 0 0)
(0 0 0)
(0 0 0)
(0 0 0)
(0 0 0)
(0 0 0)
(0 0 0)
(0 0 0)
(0 0 0)
(0 0 0)
(0 0 0)
(0 0 0)
(0 0 0)
(0 0 0)
(0 0 0)
(0 0 0)
(0 0 0)
(0 0 0)
(0 0 0)
(0 0 0)
(0 0 0)
(0 0 0)
(0 0 0)
(0 0 0)
(0 0 0)
(0 0 0)
(0 0 0)
(0 0 0)
(0 0 0)
(0 0 0)
(0 0 0)
(0 0 0)
(0 0 0)
(0 0 0)
(0 0 0)
(0 0 0)
(0 0 0)
(0 0 0)
(0 0 0)
(0 0 0)
(0 0 0)
(0 0 0)
(0 0 0)
(0 0 0)
(0 0 0)
(0 0 0)
(0 0 0)
(0 0 0)
(0 0 0)
(0 0 0)
(0 0 0)
(0 0 0)
(0 0 0)
(0 0 0)
(0 0 0)
(0 0 0)
(0 0 0)
(0 0 0)
(0 0 0)
(0 0 0)
(0 0 0)
(0 0 0)
(0 0 0)
(0 0 0)
(0 0 0)
(0 0 0)
(0 0 0)
(0 0 0)
(0 0 0)
(0 0 0)
(0 0 0)
(0 0 0)
(0 0 0)
(0 0 0)
(0 0 0)
(0 0 0)
(0 0 0)
(0 0 0)
(0 0 0)
(0 0 0)
(0 0 0)
(0 0 0)
(0 0 0)
(0 0 0)
(0 0 0)
(0 0 0)
(0 0 0)
(0 0 0)
(0 0 0)
(0 0 0)
(0 0 0)
(0 0 0)
(0 0 0)
(0 0 0)
(0 0 0)
(0 0 0)
(0 0 0)
(0 0 0)
(0 0 0)
(0 0 0)
(0 0 0)
(0 0 0)
(0 0 0)
(0 0 0)
(0 0 0)
(0 0 0)
(0 0 0)
(0 0 0)
(0 0 0)
(0 0 0)
(0 0 0)
(0 0 0)
(0 0 0)
(0 0 0)
(0 0 0)
(0 0 0)
(0 0 0)
(0 0 0)
(0 0 0)
(0 0 0)
(0 0 0)
(0 0 0)
(0 0 0)
(0 0 0)
(0 0 0)
(0 0 0)
(0 0 0)
(0 0 0)
(0 0 0)
(0 0 0)
(0 0 0)
(0 0 0)
(0 0 0)
(0 0 0)
(0 0 0)
(0 0 0)
(0 0 0)
(0 0 0)
(0 0 0)
(0 0 0)
(0 0 0)
(0 0 0)
(0 0 0)
(0 0 0)
(0 0 0)
(0 0 0)
(0 0 0)
(0 0 0)
(0 0 0)
(0 0 0)
(0 0 0)
(0 0 0)
(0 0 0)
(0 0 0)
(0 0 0)
(0 0 0)
(0 0 0)
(0 0 0)
(0 0 0)
(0 0 0)
(0 0 0)
(0 0 0)
(0 0 0)
(0 0 0)
(0 0 0)
(0 0 0)
(0 0 0)
(0 0 0)
(0 0 0)
(0 0 0)
(0 0 0)
(0 0 0)
(0 0 0)
(0 0 0)
(0 0 0)
(0 0 0)
(0 0 0)
(0 0 0)
(0 0 0)
(0 0 0)
(0 0 0)
(0 0 0)
(0 0 0)
(0 0 0)
(0 0 0)
(0 0 0)
(0 0 0)
(0 0 0)
(0 0 0)
(0 0 0)
(0 0 0)
(0 0 0)
(0 0 0)
(0 0 0)
(0 0 0)
(0 0 0)
(0 0 0)
(0 0 0)
(0 0 0)
(0 0 0)
(0 0 0)
(0 0 0)
(0 0 0)
(0 0 0)
(0 0 0)
(0 0 0)
(0 0 0)
(0 0 0)
(0 0 0)
(0 0 0)
(0 0 0)
(0 0 0)
(0 0 0)
(0 0 0)
(0 0 0)
(0 0 0)
(0 0 0)
(0 0 0)
(0 0 0)
(0 0 0)
(0 0 0)
(0 0 0)
(0 0 0)
(0 0 0)
(0 0 0)
(0 0 0)
(0 0 0)
(0 0 0)
(0 0 0)
(0 0 0)
(0 0 0)
(0 0 0)
(0 0 0)
(0 0 0)
(0 0 0)
(0 0 0)
(0 0 0)
(0 0 0)
(0 0 0)
(0 0 0)
(0 0 0)
(0 0 0)
(0 0 0)
(0 0 0)
(0 0 0)
(0 0 0)
(0 0 0)
(0 0 0)
(0 0 0)
(0 0 0)
(0 0 0)
(0 0 0)
(0 0 0)
(0 0 0)
(0 0 0)
(0 0 0)
(0 0 0)
(0 0 0)
(0 0 0)
(0 0 0)
(0 0 0)
(0 0 0)
(0 0 0)
(0 0 0)
(0 0 0)
(0 0 0)
(0 0 0)
(0 0 0)
(0 0 0)
(0 0 0)
(0 0 0)
(0 0 0)
(0 0 0)
(0 0 0)
(0 0 0)
(0 0 0)
(0 0 0)
(0 0 0)
(0 0 0)
(0 0 0)
(0 0 0)
(0 0 0)
(0 0 0)
(0 0 0)
(0 0 0)
(0 0 0)
(0 0 0)
(0 0 0)
(0 0 0)
(0 0 0)
(0 0 0)
(0 0 0)
(0 0 0)
(0 0 0)
(0 0 0)
(0 0 0)
(0 0 0)
(0 0 0)
(0 0 0)
(0 0 0)
(0 0 0)
(0 0 0)
(0 0 0)
(0 0 0)
(0 0 0)
(0 0 0)
(0 0 0)
(0 0 0)
(0 0 0)
(0 0 0)
(0 0 0)
(0 0 0)
(0 0 0)
(0 0 0)
(0 0 0)
(0 0 0)
(0 0 0)
(0 0 0)
(0 0 0)
(0 0 0)
(0 0 0)
(0 0 0)
(0 0 0)
(0 0 0)
(0 0 0)
(0 0 0)
(0 0 0)
(0 0 0)
(0 0 0)
(0 0 0)
(0 0 0)
(0 0 0)
(0 0 0)
(0 0 0)
(0 0 0)
(0 0 0)
(0 0 0)
(0 0 0)
(0 0 0)
(0 0 0)
(0 0 0)
(0 0 0)
(0 0 0)
(0 0 0)
(0 0 0)
(0 0 0)
(0 0 0)
(0 0 0)
(0 0 0)
(0 0 0)
(0 0 0)
(0 0 0)
(0 0 0)
(0 0 0)
(0 0 0)
(0 0 0)
(0 0 0)
(0 0 0)
(0 0 0)
(0 0 0)
(0 0 0)
(0 0 0)
(0 0 0)
(0 0 0)
(0 0 0)
(0 0 0)
(0 0 0)
(0 0 0)
(0 0 0)
(0 0 0)
(0 0 0)
(0 0 0)
(0 0 0)
(0 0 0)
(0 0 0)
(0 0 0)
(0 0 0)
(0 0 0)
(0 0 0)
(0 0 0)
(0 0 0)
(0 0 0)
(0 0 0)
(0 0 0)
(0 0 0)
(0 0 0)
(0 0 0)
(0 0 0)
(0 0 0)
(0 0 0)
(0 0 0)
(0 0 0)
(0 0 0)
(0 0 0)
(0 0 0)
(0 0 0)
(0 0 0)
(0 0 0)
(0 0 0)
(0 0 0)
(0 0 0)
(0 0 0)
(0 0 0)
(0 0 0)
(0 0 0)
(0 0 0)
(0 0 0)
(0 0 0)
(0 0 0)
(0 0 0)
(0 0 0)
(0 0 0)
(0 0 0)
(0 0 0)
(0 0 0)
(0 0 0)
(0 0 0)
(0 0 0)
(0 0 0)
(0 0 0)
(0 0 0)
(0 0 0)
(0 0 0)
(0 0 0)
(0 0 0)
(0 0 0)
(0 0 0)
(0 0 0)
(0 0 0)
(0 0 0)
(0 0 0)
(0 0 0)
(0 0 0)
(0 0 0)
(0 0 0)
(0 0 0)
(0 0 0)
(0 0 0)
(0 0 0)
(0 0 0)
(0 0 0)
(0 0 0)
(0 0 0)
(0 0 0)
(0 0 0)
(0 0 0)
(0 0 0)
(0 0 0)
(0 0 0)
(0 0 0)
(0 0 0)
(0 0 0)
(0 0 0)
(0 0 0)
(0 0 0)
(0 0 0)
(0 0 0)
(0 0 0)
(0 0 0)
(0 0 0)
(0 0 0)
(0 0 0)
(0 0 0)
(0 0 0)
(0 0 0)
(0 0 0)
(0 0 0)
(0 0 0)
(0 0 0)
(0 0 0)
(0 0 0)
(0 0 0)
(0 0 0)
(0 0 0)
(0 0 0)
(0 0 0)
(0 0 0)
(0 0 0)
(0 0 0)
(0 0 0)
(0 0 0)
(0 0 0)
(0 0 0)
(0 0 0)
(0 0 0)
(0 0 0)
(0 0 0)
(0 0 0)
(0 0 0)
(0 0 0)
(0 0 0)
(0 0 0)
(0 0 0)
(0 0 0)
(0 0 0)
(0 0 0)
(0 0 0)
(0 0 0)
(0 0 0)
(0 0 0)
(0 0 0)
(0 0 0)
(0 0 0)
(0 0 0)
(0 0 0)
(0 0 0)
(0 0 0)
(0 0 0)
(0 0 0)
(0 0 0)
(0 0 0)
(0 0 0)
(0 0 0)
(0 0 0)
(0 0 0)
(0 0 0)
(0 0 0)
(0 0 0)
(0 0 0)
(0 0 0)
(0 0 0)
(0 0 0)
(0 0 0)
(0 0 0)
(0 0 0)
(0 0 0)
(0 0 0)
(0 0 0)
(0 0 0)
(0 0 0)
(0 0 0)
(0 0 0)
(0 0 0)
(0 0 0)
(0 0 0)
(0 0 0)
(0 0 0)
(0 0 0)
(0 0 0)
(0 0 0)
(0 0 0)
(0 0 0)
(0 0 0)
(0 0 0)
(0 0 0)
(0 0 0)
(0 0 0)
(0 0 0)
(0 0 0)
(0 0 0)
(0 0 0)
(0 0 0)
(0 0 0)
(0 0 0)
(0 0 0)
(0 0 0)
(0 0 0)
(0 0 0)
(0 0 0)
(0 0 0)
(0 0 0)
(0 0 0)
(0 0 0)
(0 0 0)
(0 0 0)
(0 0 0)
(0 0 0)
(0 0 0)
(0 0 0)
(0 0 0)
(0 0 0)
(0 0 0)
(0 0 0)
(0 0 0)
(0 0 0)
(0 0 0)
(0 0 0)
(0 0 0)
(0 0 0)
(0 0 0)
(0 0 0)
(0 0 0)
(0 0 0)
(0 0 0)
(0 0 0)
(0 0 0)
(0 0 0)
(0 0 0)
(0 0 0)
(0 0 0)
(0 0 0)
(0 0 0)
(0 0 0)
(0 0 0)
(0 0 0)
(0 0 0)
(0 0 0)
(0 0 0)
(0 0 0)
(0 0 0)
(0 0 0)
(0 0 0)
(0 0 0)
(0 0 0)
(0 0 0)
(0 0 0)
(0 0 0)
(0 0 0)
(0 0 0)
(0 0 0)
(0 0 0)
(0 0 0)
(0 0 0)
(0 0 0)
(0 0 0)
(0 0 0)
(0 0 0)
(0 0 0)
(0 0 0)
(0 0 0)
(0 0 0)
(0 0 0)
(0 0 0)
(0 0 0)
(0 0 0)
(0 0 0)
(0 0 0)
(0 0 0)
(0 0 0)
(0 0 0)
(0 0 0)
(0 0 0)
(0 0 0)
(0 0 0)
(0 0 0)
(0 0 0)
(0 0 0)
(0 0 0)
(0 0 0)
(0 0 0)
(0 0 0)
(0 0 0)
(0 0 0)
(0 0 0)
(0 0 0)
(0 0 0)
(0 0 0)
(0 0 0)
(0 0 0)
(0 0 0)
(0 0 0)
(0 0 0)
(0 0 0)
(0 0 0)
(0 0 0)
(0 0 0)
(0 0 0)
(0 0 0)
(0 0 0)
(0 0 0)
(0 0 0)
(0 0 0)
(0 0 0)
(0 0 0)
(0 0 0)
(0 0 0)
(0 0 0)
(0 0 0)
(0 0 0)
(0 0 0)
(0 0 0)
(0 0 0)
(0 0 0)
(0 0 0)
(0 0 0)
(0 0 0)
(0 0 0)
(0 0 0)
(0 0 0)
(0 0 0)
(0 0 0)
(0 0 0)
(0 0 0)
(0 0 0)
(0 0 0)
(0 0 0)
(0 0 0)
(0 0 0)
(0 0 0)
(0 0 0)
(0 0 0)
(0 0 0)
(0 0 0)
(0 0 0)
(0 0 0)
(0 0 0)
(0 0 0)
(0 0 0)
(0 0 0)
(0 0 0)
(0 0 0)
(0 0 0)
(0 0 0)
(0 0 0)
(0 0 0)
(0 0 0)
(0 0 0)
(0 0 0)
(0 0 0)
(0 0 0)
(0 0 0)
(0 0 0)
(0 0 0)
(0 0 0)
(0 0 0)
(0 0 0)
(0 0 0)
(0 0 0)
(0 0 0)
(0 0 0)
(0 0 0)
(0 0 0)
(0 0 0)
(0 0 0)
(0 0 0)
(0 0 0)
(0 0 0)
(0 0 0)
(0 0 0)
(0 0 0)
(0 0 0)
(0 0 0)
(0 0 0)
(0 0 0)
(0 0 0)
(0 0 0)
(0 0 0)
(0 0 0)
(0 0 0)
(0 0 0)
(0 0 0)
(0 0 0)
(0 0 0)
(0 0 0)
(0 0 0)
(0 0 0)
(0 0 0)
(0 0 0)
(0 0 0)
(0 0 0)
(0 0 0)
(0 0 0)
(0 0 0)
(0 0 0)
(0 0 0)
(0 0 0)
(0 0 0)
(0 0 0)
(0 0 0)
(0 0 0)
(0 0 0)
(0 0 0)
(0 0 0)
(0 0 0)
(0 0 0)
(0 0 0)
(0 0 0)
(0 0 0)
(0 0 0)
(0 0 0)
(0 0 0)
(0 0 0)
(0 0 0)
(0 0 0)
(0 0 0)
(0 0 0)
(0 0 0)
(0 0 0)
(0 0 0)
(0 0 0)
(0 0 0)
(0 0 0)
(0 0 0)
(0 0 0)
(0 0 0)
(0 0 0)
(0 0 0)
(0 0 0)
(0 0 0)
(0 0 0)
(0 0 0)
(0 0 0)
(0 0 0)
(0 0 0)
(0 0 0)
(0 0 0)
(0 0 0)
(0 0 0)
(0 0 0)
(0 0 0)
(0 0 0)
(0 0 0)
(0 0 0)
(0 0 0)
(0 0 0)
(0 0 0)
(0 0 0)
(0 0 0)
(0 0 0)
(0 0 0)
(0 0 0)
(0 0 0)
(0 0 0)
(0 0 0)
(0 0 0)
(0 0 0)
(0 0 0)
(0 0 0)
(0 0 0)
(0 0 0)
(0 0 0)
(0 0 0)
(0 0 0)
(0 0 0)
(0 0 0)
(0 0 0)
(0 0 0)
(0 0 0)
(0 0 0)
(0 0 0)
(0 0 0)
(0 0 0)
(0 0 0)
(0 0 0)
(0 0 0)
(0 0 0)
(0 0 0)
(0 0 0)
(0 0 0)
(0 0 0)
(0 0 0)
(0 0 0)
(0 0 0)
(0 0 0)
(0 0 0)
(0 0 0)
(0 0 0)
(0 0 0)
(0 0 0)
(0 0 0)
(0 0 0)
(0 0 0)
(0 0 0)
(0 0 0)
(0 0 0)
(0 0 0)
(0 0 0)
(0 0 0)
(0 0 0)
(0 0 0)
(0 0 0)
(0 0 0)
(0 0 0)
(0 0 0)
(0 0 0)
(0 0 0)
(0 0 0)
(0 0 0)
(0 0 0)
(0 0 0)
(0 0 0)
(0 0 0)
(0 0 0)
(0 0 0)
(0 0 0)
(0 0 0)
(0 0 0)
(0 0 0)
(0 0 0)
(0 0 0)
(0 0 0)
(0 0 0)
(0 0 0)
(0 0 0)
(0 0 0)
(0 0 0)
(0 0 0)
(0 0 0)
(0 0 0)
(0 0 0)
(0 0 0)
(0 0 0)
(0 0 0)
(0 0 0)
(0 0 0)
(0 0 0)
(0 0 0)
(0 0 0)
(0 0 0)
(0 0 0)
(0 0 0)
(0 0 0)
(0 0 0)
(0 0 0)
(0 0 0)
(0 0 0)
(0 0 0)
(0 0 0)
(0 0 0)
(0 0 0)
(0 0 0)
(0 0 0)
(0 0 0)
(0 0 0)
(0 0 0)
(0 0 0)
(0 0 0)
(0 0 0)
(0 0 0)
(0 0 0)
(0 0 0)
(0 0 0)
(0 0 0)
(0 0 0)
(0 0 0)
(0 0 0)
(0 0 0)
(0 0 0)
(0 0 0)
(0 0 0)
(0 0 0)
(0 0 0)
(0 0 0)
(0 0 0)
(0 0 0)
(0 0 0)
(0 0 0)
(0 0 0)
(0 0 0)
(0 0 0)
(0 0 0)
(0 0 0)
(0 0 0)
(0 0 0)
(0 0 0)
(0 0 0)
(0 0 0)
(0 0 0)
(0 0 0)
(0 0 0)
(0 0 0)
(0 0 0)
(0 0 0)
(0 0 0)
(0 0 0)
(0 0 0)
(0 0 0)
(0 0 0)
(0 0 0)
(0 0 0)
(0 0 0)
(0 0 0)
(0 0 0)
(0 0 0)
(0 0 0)
(0 0 0)
(0 0 0)
(0 0 0)
(0 0 0)
(0 0 0)
(0 0 0)
(0 0 0)
(0 0 0)
(0 0 0)
(0 0 0)
(0 0 0)
(0 0 0)
(0 0 0)
(0 0 0)
(0 0 0)
(0 0 0)
(0 0 0)
(0 0 0)
(0 0 0)
(0 0 0)
(0 0 0)
(0 0 0)
(0 0 0)
(0 0 0)
(0 0 0)
(0 0 0)
(0 0 0)
(0 0 0)
(0 0 0)
(0 0 0)
(0 0 0)
(0 0 0)
(0 0 0)
(0 0 0)
(0 0 0)
(0 0 0)
(0 0 0)
(0 0 0)
(0 0 0)
(0 0 0)
(0 0 0)
(0 0 0)
(0 0 0)
(0 0 0)
(0 0 0)
(0 0 0)
(0 0 0)
(0 0 0)
(0 0 0)
(0 0 0)
(0 0 0)
(0 0 0)
(0 0 0)
(0 0 0)
(0 0 0)
(0 0 0)
(0 0 0)
(0 0 0)
(0 0 0)
(0 0 0)
(0 0 0)
(0 0 0)
(0 0 0)
(0 0 0)
(0 0 0)
(0 0 0)
(0 0 0)
(0 0 0)
(0 0 0)
(0 0 0)
(0 0 0)
(0 0 0)
(0 0 0)
(0 0 0)
(0 0 0)
(0 0 0)
(0 0 0)
(0 0 0)
(0 0 0)
(0 0 0)
(0 0 0)
(0 0 0)
(0 0 0)
(0 0 0)
(0 0 0)
(0 0 0)
(0 0 0)
(0 0 0)
(0 0 0)
(0 0 0)
(0 0 0)
(0 0 0)
(0 0 0)
(0 0 0)
(0 0 0)
(0 0 0)
(0 0 0)
(0 0 0)
(0 0 0)
(0 0 0)
(0 0 0)
(0 0 0)
(0 0 0)
(0 0 0)
(0 0 0)
(0 0 0)
(0 0 0)
(0 0 0)
(0 0 0)
(0 0 0)
(0 0 0)
(0 0 0)
(0 0 0)
(0 0 0)
(0 0 0)
(0 0 0)
(0 0 0)
(0 0 0)
(0 0 0)
(0 0 0)
(0 0 0)
(0 0 0)
(0 0 0)
(0 0 0)
(0 0 0)
(0 0 0)
(0 0 0)
(0 0 0)
(0 0 0)
(0 0 0)
(0 0 0)
(0 0 0)
(0 0 0)
(0 0 0)
(0 0 0)
(0 0 0)
(0 0 0)
(0 0 0)
(0 0 0)
(0 0 0)
(0 0 0)
(0 0 0)
(0 0 0)
(0 0 0)
(0 0 0)
(0 0 0)
(0 0 0)
(0 0 0)
(0 0 0)
(0 0 0)
(0 0 0)
(2.432925856804869e-06 2.203134405569899e-06 -1.632987104239313e-06)
(7.243515238776211e-08 -2.461514309122631e-06 3.536365979232036e-07)
(4.640049561200829e-06 7.45017238748811e-07 3.090440630014368e-06)
(1.00965765422669e-05 4.83128862177711e-07 -6.643710855027654e-08)
(1.830454135658327e-06 6.216248354446215e-08 2.607170032865578e-07)
(2.105380332085005e-06 -2.200538155021795e-06 -1.171042763017025e-06)
(3.016528868601875e-06 -1.516116675290935e-06 2.620024466317605e-07)
(6.835067236934309e-07 -2.004769941906054e-08 -4.049050966450895e-07)
(-3.164771668628583e-07 1.420748088058409e-06 5.018024259677925e-07)
(-1.909429172525273e-07 -9.049649305763434e-07 1.564822164868874e-08)
(0 0 0)
(0 0 0)
(0 0 0)
(0 0 0)
(0 0 0)
(0 0 0)
(0 0 0)
(-1.730233885909714e-06 1.839962583881908e-06 -2.352788431300379e-07)
(-6.650090834362053e-07 -3.054905540666485e-07 -1.760036910599636e-06)
(0 0 0)
(0 0 0)
(-1.229964630498892e-06 9.822569421458969e-07 -8.037982661199963e-07)
(0 0 0)
(0 0 0)
(0 0 0)
(0 0 0)
(0 0 0)
(0 0 0)
(0 0 0)
(0 0 0)
(0 0 0)
(0 0 0)
(-1.206214689040246e-06 1.607007996219466e-06 -5.432205114011412e-07)
(0 0 0)
(0 0 0)
(-6.365111121222088e-06 1.30870687554339e-06 1.083521807434731e-07)
(-1.166436489167811e-06 -5.120216330714172e-07 -9.184003897987801e-07)
(-9.494912702923544e-07 6.62350625220559e-07 1.461240049637975e-07)
(0 0 0)
(0 0 0)
(0 0 0)
(0 0 0)
(0 0 0)
(0 0 0)
(0 0 0)
(0 0 0)
(0 0 0)
(0 0 0)
(0 0 0)
(0 0 0)
(0 0 0)
(0 0 0)
(0 0 0)
(2.85026657826788e-06 9.646339624035416e-07 -6.248356739325164e-07)
(0 0 0)
(0 0 0)
(0 0 0)
(0 0 0)
(0 0 0)
(0 0 0)
(0 0 0)
(0 0 0)
(0 0 0)
(0 0 0)
(0 0 0)
(0 0 0)
(0 0 0)
(0 0 0)
(0 0 0)
(0 0 0)
(0 0 0)
(0 0 0)
(0 0 0)
(0 0 0)
(0 0 0)
(-5.670971437305174e-06 4.292969042392446e-06 -3.754174636163569e-06)
(-2.144218405758388e-06 6.704465096399583e-07 3.942788655283758e-07)
(0 0 0)
(0 0 0)
(0 0 0)
(-1.695393367477321e-06 5.131568665356623e-08 3.649368670188144e-07)
(-7.181901500293779e-06 2.925617027895203e-06 -2.077445267557261e-06)
(0 0 0)
(-2.600584503290908e-06 2.69141473923535e-06 7.813781286466718e-07)
(0 0 0)
(-1.262191634462084e-06 2.826075046414258e-06 7.432147854822299e-07)
(0 0 0)
(-1.115236127039854e-06 2.152328365718502e-06 -6.562763069553236e-07)
(0 0 0)
(0 0 0)
(-1.047750149329307e-07 1.165117089988202e-06 -7.751065335294052e-07)
(0 0 0)
(-1.922076195016637e-06 1.2286351990347e-06 6.5628889759725e-07)
(0 0 0)
(-1.800562775710139e-06 1.118124249904861e-06 -9.760911729336537e-07)
(-2.776729589083471e-06 3.956649887947931e-06 -6.962759706802105e-07)
(-2.602817745373271e-06 1.410108299915404e-06 -5.712630904514555e-07)
(-2.026921769651928e-06 9.598816407598589e-07 -4.007784477927755e-07)
(-2.514004018436438e-06 1.276716238251438e-06 -1.285372814436031e-07)
(-1.695386493580238e-06 1.594572371369664e-06 1.064063196126262e-07)
(-2.422268936153815e-06 1.259984006917829e-06 2.668174049786675e-08)
(-3.426350511168952e-06 1.067227998163582e-10 -1.757322840087446e-07)
(-1.831447340233605e-06 1.024401966020935e-06 -2.53884331737932e-07)
(0 0 0)
(0 0 0)
(-6.991562676007957e-07 -2.67991340846742e-07 -1.329282692803334e-06)
(1.800262310222121e-06 -1.167315935773349e-07 2.874850796244253e-06)
(-1.341071037521862e-06 1.042435903312626e-06 -8.829013635433685e-07)
(-6.061300682248451e-06 -1.619170529690359e-07 -9.300628107700916e-07)
(-9.045192476300704e-08 -8.459994837387419e-07 -8.000032947294419e-08)
(6.037368236237718e-06 -1.845003166672028e-06 -3.851272527172714e-07)
(4.518134399244467e-07 -3.898373250992875e-07 -1.615648830423386e-07)
(6.419715790057906e-06 1.049123313328505e-06 -2.369404080437114e-07)
(2.157875026644941e-06 -8.038241241812247e-07 1.847164831305704e-07)
(8.544164441035943e-08 -4.32749765200762e-08 -1.025548633484254e-07)
(-3.696000127392066e-07 9.156391884767371e-07 3.791092969287146e-07)
(0 0 0)
(-5.823035835072032e-06 2.887186418106649e-07 -6.279674034821383e-07)
(-4.622855507790462e-06 7.13161842850466e-07 -2.346623120430854e-06)
(-3.260444243440879e-06 -2.558073033974001e-07 2.567354485361808e-07)
(-4.484593393278365e-06 8.546891626784236e-07 -9.882464719697196e-07)
(-2.244542971620327e-06 1.593589769415748e-06 -3.064840690307929e-07)
(-2.74598768809238e-06 9.290263668501444e-08 -2.816751791771087e-07)
(7.10949049917197e-10 2.853262805254433e-07 1.181392931450094e-07)
(-2.463820156213154e-06 1.291149744362237e-06 -2.443747811645335e-06)
(-2.995599372779957e-06 1.45077667552397e-06 -1.290079251505753e-06)
(0 0 0)
(-2.780249256794029e-06 3.598429127877606e-07 8.921660808081889e-09)
(-2.703243064163926e-06 1.056713969749174e-06 -5.200749869333972e-07)
(1.777301051200796e-06 -9.235894403300266e-07 -1.816684339025665e-06)
(1.723303981754563e-07 -2.562343106366599e-07 -5.194175469404028e-08)
(0 0 0)
(0 0 0)
(0 0 0)
(0 0 0)
(0 0 0)
(0 0 0)
(0 0 0)
(0 0 0)
(0 0 0)
(0 0 0)
(0 0 0)
(0 0 0)
(0 0 0)
(0 0 0)
(0 0 0)
(0 0 0)
(0 0 0)
(0 0 0)
(0 0 0)
(0 0 0)
(0 0 0)
(0 0 0)
(0 0 0)
(0 0 0)
(0 0 0)
(0 0 0)
(0 0 0)
(0 0 0)
(0 0 0)
(2.01751860958771e-07 2.838340950919137e-08 1.538074927472888e-08)
(0 0 0)
(0 0 0)
(0 0 0)
(0 0 0)
(0 0 0)
(0 0 0)
(0 0 0)
(0 0 0)
(0 0 0)
(0 0 0)
(0 0 0)
(0 0 0)
(-2.068448714516163e-06 7.246770829304705e-07 -4.722340335273761e-07)
(0 0 0)
(0 0 0)
(0 0 0)
(0 0 0)
(0 0 0)
(0 0 0)
(0 0 0)
(0 0 0)
(0 0 0)
(0 0 0)
(0 0 0)
(0 0 0)
(0 0 0)
(0 0 0)
(0 0 0)
(0 0 0)
(0 0 0)
(0 0 0)
(0 0 0)
(0 0 0)
(0 0 0)
(0 0 0)
(0 0 0)
(0 0 0)
(0 0 0)
(0 0 0)
(0 0 0)
(0 0 0)
(0 0 0)
(0 0 0)
(0 0 0)
(0 0 0)
(0 0 0)
(0 0 0)
(0 0 0)
(0 0 0)
(0 0 0)
(0 0 0)
(0 0 0)
(0 0 0)
(0 0 0)
(0 0 0)
(0 0 0)
(0 0 0)
(0 0 0)
(0 0 0)
(0 0 0)
(0 0 0)
(0 0 0)
(0 0 0)
(0 0 0)
(6.199274727650293e-06 -3.972363432800928e-06 -1.596585386210868e-06)
(0 0 0)
(-5.93104930189669e-07 6.894896433317824e-07 -8.470064625615907e-07)
(2.352522822972219e-06 6.433536366405747e-07 9.628938051577315e-07)
(0 0 0)
(0 0 0)
(0 0 0)
(0 0 0)
(0 0 0)
(0 0 0)
(0 0 0)
(0 0 0)
(0 0 0)
(0 0 0)
(0 0 0)
(0 0 0)
(0 0 0)
(1.294794647404609e-06 -1.080617785300205e-06 -1.851343335064497e-07)
(0 0 0)
(0 0 0)
(0 0 0)
(0 0 0)
(0 0 0)
(0 0 0)
(0 0 0)
(0 0 0)
(0 0 0)
(0 0 0)
(0 0 0)
(0 0 0)
(0 0 0)
(2.479409698006598e-06 2.79592389464165e-06 4.341178230604936e-07)
(0 0 0)
(0 0 0)
(1.610085367256511e-07 6.538307245000695e-07 -1.154652111894171e-07)
(0 0 0)
(0 0 0)
(0 0 0)
(0 0 0)
(4.674602894521276e-08 1.700255423237124e-08 -1.359406661514315e-07)
(1.025671241019801e-06 -2.205438185587513e-07 4.88094598464392e-07)
(-1.391982163025127e-06 -1.485700067001576e-06 -2.333886249424122e-06)
(-9.458827277976073e-06 -3.591047373934711e-06 1.011399461579863e-06)
(8.934661542588371e-07 -2.6162573566383e-06 -1.578678096359695e-06)
(-5.92098249452457e-07 -4.527023860544888e-07 -5.74628087000532e-07)
(-2.479250877093143e-06 -1.011039955448175e-06 3.151459992863096e-07)
(-8.176561678329777e-07 -7.293046363784761e-07 -8.191993514097022e-07)
(-1.432562342773791e-06 -7.253616757225845e-07 -1.849332393400595e-06)
(-1.514870760715625e-06 -1.479331732791892e-06 -1.54237681606024e-07)
(-1.596137657227118e-06 -1.942327154822875e-06 -1.218116373195069e-06)
(3.031107592870967e-06 -2.999056248140301e-06 -2.214236837133098e-06)
(-1.026460665016037e-06 -4.125886163601528e-06 -7.45949011246648e-06)
(8.231419953253175e-06 -5.288286044970657e-06 9.029640873870676e-07)
(-2.717792086508558e-06 -1.685427337690543e-06 6.236710866225371e-07)
(-3.252472859414606e-06 -4.438626900620346e-06 4.646548313963251e-07)
(4.077608618779195e-06 -3.714383687552025e-06 -2.38686921339089e-07)
(5.779055680511616e-06 -2.985545244535319e-06 -1.828888321052915e-06)
(-1.152249962418529e-06 -1.464587320126942e-06 1.136432776428641e-07)
(4.336992779944916e-06 -5.816284854635862e-06 -9.895154165025026e-08)
(0 0 0)
(0 0 0)
(0 0 0)
(0 0 0)
(0 0 0)
(0 0 0)
(0 0 0)
(0 0 0)
(0 0 0)
(0 0 0)
(0 0 0)
(0 0 0)
(0 0 0)
(0 0 0)
(0 0 0)
(1.882941091730858e-05 -1.904947196008738e-06 -9.107774082528514e-06)
(0 0 0)
(0 0 0)
(4.847391861268762e-07 -4.842728737900334e-07 5.097476370512798e-07)
(0 0 0)
(0 0 0)
(2.037341307088858e-05 -5.153898356473569e-07 5.802427285639718e-06)
(-4.359177333627944e-07 -2.843634372355409e-07 -1.789844373098983e-06)
(9.376600543042043e-06 -7.01565634891193e-06 2.891386194391443e-06)
(1.339357616020698e-05 1.695895656141691e-06 -1.898375024383122e-06)
(6.578995600240896e-06 -1.797869046960464e-06 -3.224685355316657e-06)
(2.046313783941374e-06 3.640674415198681e-07 -3.693833690394694e-07)
(0 0 0)
(0 0 0)
(0 0 0)
(0 0 0)
(0 0 0)
(0 0 0)
(0 0 0)
(0 0 0)
(0 0 0)
(0 0 0)
(0 0 0)
(0 0 0)
(0 0 0)
(0 0 0)
(0 0 0)
(0 0 0)
(0 0 0)
(0 0 0)
(0 0 0)
(0 0 0)
(0 0 0)
(0 0 0)
(0 0 0)
(0 0 0)
(0 0 0)
(0 0 0)
(0 0 0)
(0 0 0)
(0 0 0)
(0 0 0)
(0 0 0)
(0 0 0)
(0 0 0)
(0 0 0)
(0 0 0)
(0 0 0)
(0 0 0)
(0 0 0)
(0 0 0)
(0 0 0)
(0 0 0)
(0 0 0)
(0 0 0)
(0 0 0)
(0 0 0)
(0 0 0)
(0 0 0)
(0 0 0)
(0 0 0)
(0 0 0)
(0 0 0)
(0 0 0)
(0 0 0)
(0 0 0)
(-5.316426621358469e-07 -1.012780040660774e-05 1.352115401977117e-06)
(9.547408847717028e-06 -3.971931469843827e-07 -1.945383636040793e-06)
(2.809749218744509e-06 -4.276912577875357e-06 -2.707632515132529e-06)
(1.730397682331734e-05 2.669690962269135e-06 5.065415942313345e-06)
(-2.118013364422379e-05 -2.616205452755613e-06 -4.120524504233877e-06)
(8.489445784044186e-07 -2.008495439065215e-06 -7.732394965206586e-07)
(-2.949161340626678e-06 1.107975597876451e-06 -3.01261500098874e-06)
(1.718103011049818e-05 2.140350611251996e-06 -7.403640392433862e-08)
(2.202065531338214e-05 -3.592653947043267e-06 -2.002980508164988e-06)
(-5.81392661752678e-06 -4.029341856174602e-07 -7.809666495894202e-07)
(1.991611597561957e-05 -5.858954049353827e-07 -3.097196974679018e-07)
(4.146809295626847e-06 -5.109888145982651e-07 -9.130876004298892e-07)
(4.327549859625131e-06 1.388874251099077e-07 1.346391789275618e-07)
(8.548912408246506e-06 -1.392277408332789e-06 2.427948991406166e-07)
(2.016555746231266e-06 -1.416315558672537e-07 3.973530674324258e-07)
(4.103832698455596e-06 -2.236941724728851e-06 -4.719398875377506e-08)
(1.382771621048642e-06 5.400982786392111e-07 -1.338645770651166e-06)
(7.657652441464958e-06 4.386137114148383e-07 -2.506934801861244e-06)
(0 0 0)
(0 0 0)
(-1.66503755124656e-07 -8.209906963445023e-08 -5.62460553465734e-07)
(1.037672935461837e-06 -2.460456171321162e-06 -1.887673930814456e-06)
(-2.345112916542038e-06 -5.611206585192847e-06 1.917223283198674e-06)
(1.125946817907944e-06 -1.303418261220773e-06 4.317919389305178e-07)
(0 0 0)
(7.255761854579422e-07 -1.060695756463761e-06 -6.942665171585927e-07)
(7.933901666214129e-06 -1.33645372627059e-06 -3.538264926427941e-06)
(0 0 0)
(1.904830784910056e-06 -7.227662604619047e-07 4.541884640810299e-07)
(0 0 0)
(-3.112385378074277e-06 -2.735454241955736e-06 -2.775655959442679e-07)
(5.303096924484458e-06 -6.331438224076355e-06 -2.663947919288502e-07)
(1.473185378622447e-06 -2.110176088693348e-06 -5.048829404186626e-07)
(-2.76965340181675e-06 -3.178727870451344e-06 1.992230942693172e-06)
(-1.757939458145978e-06 -4.23550815298233e-06 -2.677928734930963e-06)
(-2.955202188037182e-06 -1.288023474531161e-05 -3.311238579542841e-06)
(1.423622289744581e-05 -5.063102671325123e-06 -4.647795796568778e-08)
(3.585274041031519e-06 -4.925663830082509e-06 -3.502518990144118e-07)
(2.658886521281645e-06 -4.290525851544507e-06 -6.416416974715753e-07)
(-5.890429742179004e-07 -3.247573076658575e-06 1.803318286099356e-07)
(5.727389068648837e-06 -5.552939575404961e-06 -2.684020295519121e-07)
(8.964254280651227e-07 -2.527159468818967e-06 -1.509584991534214e-06)
(-2.136019716199688e-06 -2.783961937757428e-06 6.796136385497534e-07)
(5.695568353733906e-07 -5.030097653070501e-06 4.109620690900339e-08)
(2.262314472670016e-09 -2.406476320925375e-06 -1.601327262836298e-06)
(-3.407849820122298e-06 -6.066626117968235e-06 -8.602149160541732e-07)
(-5.900250985890003e-07 -1.943250340741853e-06 4.624938080963531e-07)
(4.759470896175395e-06 -1.626512155728459e-06 -3.834395161422559e-07)
(1.8011134371631e-06 -3.035716411885798e-06 -1.538686286119536e-06)
(0 0 0)
(0 0 0)
(0 0 0)
(0 0 0)
(0 0 0)
(0 0 0)
(0 0 0)
(0 0 0)
(0 0 0)
(0 0 0)
(0 0 0)
(0 0 0)
(0 0 0)
(0 0 0)
(0 0 0)
(-1.653910199664002e-06 1.68624794156745e-06 -1.300938233965949e-06)
(0 0 0)
(0 0 0)
(0 0 0)
(0 0 0)
(0 0 0)
(0 0 0)
(0 0 0)
(0 0 0)
(0 0 0)
(0 0 0)
(0 0 0)
(0 0 0)
(0 0 0)
(0 0 0)
(2.605435407921186e-06 -1.054293676676917e-06 -2.467243797145668e-07)
(3.134070572882737e-08 1.205825042068914e-07 -4.522116054904315e-08)
(1.674895507188332e-05 -1.18052156010249e-06 1.334108549708484e-06)
(4.678865187540046e-07 7.564940093126492e-07 -4.176969745713838e-07)
(-5.387459523712847e-06 -1.415577705118197e-06 2.511054814059487e-06)
(5.188505621181635e-06 8.635587227277646e-07 -3.256186601901318e-07)
(4.116559078187496e-06 2.697140810294834e-06 -1.518917953339697e-06)
(6.456955749086899e-06 -8.275910810501058e-07 -1.053893233972864e-06)
(2.292542861882996e-06 8.068448837262843e-08 -1.139628802800532e-06)
(2.709526261022676e-06 -4.650339251523448e-08 -2.110876418811158e-06)
(-8.236259402575347e-06 -2.818551804762168e-06 -5.491905832684499e-07)
(5.442683518259409e-06 -7.283211401889606e-07 -2.501369741169157e-06)
(2.148913964717423e-06 9.449635340789395e-07 -1.454302841168225e-06)
(0 0 0)
(0 0 0)
(0 0 0)
(0 0 0)
(0 0 0)
(0 0 0)
(0 0 0)
(0 0 0)
(0 0 0)
(0 0 0)
(0 0 0)
(0 0 0)
(0 0 0)
(0 0 0)
(0 0 0)
(0 0 0)
(0 0 0)
(0 0 0)
(0 0 0)
(0 0 0)
(0 0 0)
(0 0 0)
(0 0 0)
(0 0 0)
(0 0 0)
(0 0 0)
(0 0 0)
(0 0 0)
(0 0 0)
(0 0 0)
(0 0 0)
(0 0 0)
(0 0 0)
(0 0 0)
(0 0 0)
(0 0 0)
(0 0 0)
(0 0 0)
(0 0 0)
(0 0 0)
(0 0 0)
(0 0 0)
(0 0 0)
(0 0 0)
(0 0 0)
(0 0 0)
(0 0 0)
(0 0 0)
(0 0 0)
(0 0 0)
(0 0 0)
(0 0 0)
(0 0 0)
(0 0 0)
(0 0 0)
(0 0 0)
(0 0 0)
(0 0 0)
(0 0 0)
(0 0 0)
(0 0 0)
(0 0 0)
(0 0 0)
(0 0 0)
(0 0 0)
(0 0 0)
(0 0 0)
(0 0 0)
(0 0 0)
(0 0 0)
(0 0 0)
(0 0 0)
(0 0 0)
(0 0 0)
(0 0 0)
(0 0 0)
(0 0 0)
(0 0 0)
(0 0 0)
(0 0 0)
(0 0 0)
(0 0 0)
(0 0 0)
(0 0 0)
(0 0 0)
(0 0 0)
(0 0 0)
(0 0 0)
(0 0 0)
(0 0 0)
(0 0 0)
(0 0 0)
(0 0 0)
(0 0 0)
(0 0 0)
(0 0 0)
(0 0 0)
(0 0 0)
(0 0 0)
(0 0 0)
(0 0 0)
(0 0 0)
(0 0 0)
(0 0 0)
(0 0 0)
(0 0 0)
(0 0 0)
(0 0 0)
(0 0 0)
(0 0 0)
(0 0 0)
(0 0 0)
(0 0 0)
(0 0 0)
(0 0 0)
(0 0 0)
(0 0 0)
(0 0 0)
(0 0 0)
(0 0 0)
(0 0 0)
(0 0 0)
(0 0 0)
(0 0 0)
(0 0 0)
(0 0 0)
(0 0 0)
(0 0 0)
(0 0 0)
(0 0 0)
(0 0 0)
(0 0 0)
(0 0 0)
(0 0 0)
(0 0 0)
(0 0 0)
(0 0 0)
(0 0 0)
(0 0 0)
(0 0 0)
(0 0 0)
(0 0 0)
(0 0 0)
(0 0 0)
(0 0 0)
(0 0 0)
(0 0 0)
(0 0 0)
(0 0 0)
(0 0 0)
(0 0 0)
(0 0 0)
(0 0 0)
(0 0 0)
(0 0 0)
(0 0 0)
(0 0 0)
(0 0 0)
(0 0 0)
(0 0 0)
(0 0 0)
(0 0 0)
(0 0 0)
(0 0 0)
(0 0 0)
(0 0 0)
(0 0 0)
(0 0 0)
(0 0 0)
(0 0 0)
(0 0 0)
(0 0 0)
(0 0 0)
(0 0 0)
(0 0 0)
(0 0 0)
(0 0 0)
(0 0 0)
(0 0 0)
(0 0 0)
(0 0 0)
(0 0 0)
(0 0 0)
(0 0 0)
(0 0 0)
(0 0 0)
(0 0 0)
(0 0 0)
(0 0 0)
(0 0 0)
(0 0 0)
(0 0 0)
(0 0 0)
(0 0 0)
(0 0 0)
(0 0 0)
(0 0 0)
(0 0 0)
(0 0 0)
(0 0 0)
(0 0 0)
(0 0 0)
(0 0 0)
(0 0 0)
(0 0 0)
(0 0 0)
(0 0 0)
(0 0 0)
(0 0 0)
(0 0 0)
(0 0 0)
(0 0 0)
(0 0 0)
(0 0 0)
(0 0 0)
(0 0 0)
(0 0 0)
(0 0 0)
(0 0 0)
(0 0 0)
(0 0 0)
(0 0 0)
(0 0 0)
(0 0 0)
(0 0 0)
(0 0 0)
(0 0 0)
(0 0 0)
(0 0 0)
(0 0 0)
(0 0 0)
(0 0 0)
(0 0 0)
(0 0 0)
(0 0 0)
(0 0 0)
(0 0 0)
(0 0 0)
(0 0 0)
(0 0 0)
(0 0 0)
(0 0 0)
(0 0 0)
(0 0 0)
(0 0 0)
(0 0 0)
(0 0 0)
(0 0 0)
(0 0 0)
(0 0 0)
(0 0 0)
(0 0 0)
(0 0 0)
(0 0 0)
(0 0 0)
(0 0 0)
(0 0 0)
(0 0 0)
(0 0 0)
(0 0 0)
(0 0 0)
(0 0 0)
(0 0 0)
(0 0 0)
(0 0 0)
(0 0 0)
(0 0 0)
(0 0 0)
(0 0 0)
(0 0 0)
(0 0 0)
(0 0 0)
(0 0 0)
(0 0 0)
(0 0 0)
(0 0 0)
(0 0 0)
(0 0 0)
(0 0 0)
(0 0 0)
(0 0 0)
(0 0 0)
(0 0 0)
(0 0 0)
(0 0 0)
(0 0 0)
(0 0 0)
(0 0 0)
(0 0 0)
(0 0 0)
(0 0 0)
(0 0 0)
(0 0 0)
(0 0 0)
(0 0 0)
(0 0 0)
(0 0 0)
(0 0 0)
(0 0 0)
(0 0 0)
(0 0 0)
(0 0 0)
(0 0 0)
(0 0 0)
(0 0 0)
(0 0 0)
(0 0 0)
(0 0 0)
(0 0 0)
(0 0 0)
(0 0 0)
(0 0 0)
(0 0 0)
(0 0 0)
(0 0 0)
(0 0 0)
(0 0 0)
(0 0 0)
(0 0 0)
(0 0 0)
(0 0 0)
(0 0 0)
(0 0 0)
(0 0 0)
(0 0 0)
(0 0 0)
(0 0 0)
(0 0 0)
(0 0 0)
(0 0 0)
(0 0 0)
(0 0 0)
(0 0 0)
(0 0 0)
(0 0 0)
(0 0 0)
(0 0 0)
(0 0 0)
(0 0 0)
(0 0 0)
(0 0 0)
(0 0 0)
(0 0 0)
(0 0 0)
(0 0 0)
(0 0 0)
(0 0 0)
(0 0 0)
(0 0 0)
(0 0 0)
(0 0 0)
(0 0 0)
(0 0 0)
(0 0 0)
(0 0 0)
(0 0 0)
(0 0 0)
(0 0 0)
(0 0 0)
(0 0 0)
(0 0 0)
(0 0 0)
(0 0 0)
(0 0 0)
(0 0 0)
(0 0 0)
(0 0 0)
(0 0 0)
(0 0 0)
(0 0 0)
(0 0 0)
(0 0 0)
(0 0 0)
(0 0 0)
(0 0 0)
(0 0 0)
(0 0 0)
(0 0 0)
(0 0 0)
(0 0 0)
(0 0 0)
(0 0 0)
(0 0 0)
(0 0 0)
(0 0 0)
(0 0 0)
(0 0 0)
(0 0 0)
(0 0 0)
(0 0 0)
(0 0 0)
(0 0 0)
(0 0 0)
(0 0 0)
(0 0 0)
(0 0 0)
(0 0 0)
(0 0 0)
(0 0 0)
(0 0 0)
(0 0 0)
(0 0 0)
(0 0 0)
(0 0 0)
(0 0 0)
(0 0 0)
(0 0 0)
(0 0 0)
(0 0 0)
(0 0 0)
(0 0 0)
(0 0 0)
(0 0 0)
(0 0 0)
(0 0 0)
(0 0 0)
(0 0 0)
(0 0 0)
(0 0 0)
(0 0 0)
(0 0 0)
(0 0 0)
(0 0 0)
(0 0 0)
(0 0 0)
(0 0 0)
(0 0 0)
(0 0 0)
(0 0 0)
(0 0 0)
(0 0 0)
(0 0 0)
(0 0 0)
(0 0 0)
(0 0 0)
(0 0 0)
(0 0 0)
(0 0 0)
(0 0 0)
(0 0 0)
(0 0 0)
(0 0 0)
(0 0 0)
(0 0 0)
(0 0 0)
(0 0 0)
(0 0 0)
(0 0 0)
(0 0 0)
(0 0 0)
(0 0 0)
(0 0 0)
(0 0 0)
(0 0 0)
(0 0 0)
(0 0 0)
(0 0 0)
(0 0 0)
(0 0 0)
(0 0 0)
(0 0 0)
(0 0 0)
(0 0 0)
(0 0 0)
(0 0 0)
(0 0 0)
(0 0 0)
(0 0 0)
(0 0 0)
(0 0 0)
(0 0 0)
(0 0 0)
(0 0 0)
(0 0 0)
(0 0 0)
(0 0 0)
(0 0 0)
(0 0 0)
(0 0 0)
(0 0 0)
(0 0 0)
(0 0 0)
(0 0 0)
(0 0 0)
(0 0 0)
(0 0 0)
(0 0 0)
(0 0 0)
(0 0 0)
(0 0 0)
(0 0 0)
(0 0 0)
(0 0 0)
(0 0 0)
(0 0 0)
(0 0 0)
(0 0 0)
(0 0 0)
(0 0 0)
(0 0 0)
(0 0 0)
(0 0 0)
(0 0 0)
(0 0 0)
(0 0 0)
(0 0 0)
(0 0 0)
(0 0 0)
(0 0 0)
(0 0 0)
(0 0 0)
(0 0 0)
(0 0 0)
(0 0 0)
(0 0 0)
(1.441599102681309e-06 4.371648174516414e-07 2.426134328295294e-07)
(0 0 0)
(0 0 0)
(0 0 0)
(0 0 0)
(0 0 0)
(0 0 0)
(0 0 0)
(0 0 0)
(0 0 0)
(1.482695132560004e-06 7.656049519972367e-08 3.215123884396102e-07)
(3.047951961802586e-06 1.360639811420315e-07 2.563759310487998e-07)
(3.022828293073194e-06 -2.225468998780337e-07 -1.921581712928395e-08)
(7.968732601334083e-07 5.598299435501642e-08 -1.323470495900639e-08)
(3.17175557195027e-06 -9.966102901953542e-07 -9.23522609482366e-07)
(3.819782944308252e-06 8.479810822468186e-10 -1.15566359360701e-07)
(1.377471197639654e-06 4.600970954864007e-09 6.994781036518611e-07)
(3.016851828729789e-07 5.442283530425258e-08 3.261471011113718e-08)
(2.191284801436791e-06 2.972382933789793e-07 8.910790112777395e-07)
(6.564014052031402e-07 1.42526839576635e-07 9.839734119967328e-08)
(0 0 0)
(7.927440295078412e-07 -4.292708275869122e-07 1.171429703592537e-07)
(0 0 0)
(0 0 0)
(1.496527154047463e-06 -5.197917382809628e-07 5.69428236755687e-07)
(1.531829938879047e-06 -3.417908079858068e-07 1.060055435555884e-06)
(0 0 0)
(0 0 0)
(0 0 0)
(0 0 0)
(0 0 0)
(0 0 0)
(0 0 0)
(0 0 0)
(0 0 0)
(0 0 0)
(0 0 0)
(0 0 0)
(0 0 0)
(0 0 0)
(0 0 0)
(0 0 0)
(0 0 0)
(0 0 0)
(0 0 0)
(0 0 0)
(0 0 0)
(0 0 0)
(0 0 0)
(0 0 0)
(0 0 0)
(0 0 0)
(0 0 0)
(0 0 0)
(0 0 0)
(0 0 0)
(0 0 0)
(0 0 0)
(0 0 0)
(0 0 0)
(0 0 0)
(0 0 0)
(0 0 0)
(0 0 0)
(0 0 0)
(0 0 0)
(0 0 0)
(0 0 0)
(0 0 0)
(0 0 0)
(0 0 0)
(0 0 0)
(0 0 0)
(0 0 0)
(0 0 0)
(0 0 0)
(0 0 0)
(0 0 0)
(0 0 0)
(0 0 0)
(0 0 0)
(0 0 0)
(0 0 0)
(0 0 0)
(0 0 0)
(0 0 0)
(0 0 0)
(0 0 0)
(0 0 0)
(0 0 0)
(0 0 0)
(0 0 0)
(0 0 0)
(0 0 0)
(0 0 0)
(0 0 0)
(0 0 0)
(0 0 0)
(0 0 0)
(0 0 0)
(0 0 0)
(0 0 0)
(0 0 0)
(0 0 0)
(0 0 0)
(0 0 0)
(0 0 0)
(0 0 0)
(0 0 0)
(0 0 0)
(0 0 0)
(0 0 0)
(0 0 0)
(0 0 0)
(0 0 0)
(0 0 0)
(0 0 0)
(0 0 0)
(0 0 0)
(0 0 0)
(0 0 0)
(0 0 0)
(0 0 0)
(0 0 0)
(0 0 0)
(0 0 0)
(0 0 0)
(0 0 0)
(0 0 0)
(0 0 0)
(0 0 0)
(0 0 0)
(0 0 0)
(0 0 0)
(0 0 0)
(0 0 0)
(0 0 0)
(0 0 0)
(0 0 0)
(0 0 0)
(0 0 0)
(4.697584937832712e-07 -2.833849462638273e-07 -9.925858660756565e-08)
(0 0 0)
(7.228822037818269e-07 -2.036742134148195e-07 -2.5753410283389e-07)
(0 0 0)
(0 0 0)
(-1.823313555224794e-06 -5.497895908106344e-08 1.021308036529437e-07)
(0 0 0)
(5.566899895025735e-07 -4.1960289165314e-07 -1.882157006807971e-08)
(0 0 0)
(4.420673069279273e-07 -3.58726912888556e-07 -1.298413018317103e-07)
(0 0 0)
(2.242583407105817e-07 -3.62326620495876e-07 -2.963408336646259e-07)
(0 0 0)
(0 0 0)
(0 0 0)
(0 0 0)
(0 0 0)
(0 0 0)
(0 0 0)
(0 0 0)
(0 0 0)
(0 0 0)
(0 0 0)
(0 0 0)
(0 0 0)
(0 0 0)
(0 0 0)
(0 0 0)
(0 0 0)
(0 0 0)
(0 0 0)
(0 0 0)
(0 0 0)
(0 0 0)
(6.4924245217136e-07 1.031136483956755e-07 9.359013145616122e-08)
(1.436349740275062e-06 -6.605696592549937e-07 -4.970855861704374e-08)
(1.84530655375277e-06 -6.191904481451899e-07 -2.843071376230648e-08)
(1.40172166212343e-06 -1.292937606075983e-08 -4.700627892189413e-07)
(8.127575001298418e-07 -2.813310542104582e-07 9.260335415616574e-08)
(3.780120060302438e-07 4.048302928177182e-08 5.52819436882326e-08)
(3.530003175899476e-06 -1.653119492110126e-06 4.735952633508217e-08)
(0 0 0)
(0 0 0)
(0 0 0)
(0 0 0)
(0 0 0)
(0 0 0)
(0 0 0)
(0 0 0)
(0 0 0)
(0 0 0)
(0 0 0)
(0 0 0)
(0 0 0)
(0 0 0)
(0 0 0)
(0 0 0)
(0 0 0)
(0 0 0)
(0 0 0)
(0 0 0)
(0 0 0)
(0 0 0)
(0 0 0)
(0 0 0)
(0 0 0)
(0 0 0)
(0 0 0)
(0 0 0)
(5.042420196165371e-07 2.358136947478073e-08 1.637925255994668e-07)
(1.108704671745658e-06 -2.713846211458112e-07 4.528724925151901e-07)
(5.032969904002448e-07 -4.160470464967427e-08 1.171129908154244e-07)
(0 0 0)
(0 0 0)
(-3.673474344744521e-08 -1.284063278997027e-07 1.254313619951963e-07)
(0 0 0)
(1.999693757323504e-06 -6.278569096569645e-07 8.954735497084262e-07)
(0 0 0)
(0 0 0)
(0 0 0)
(0 0 0)
(0 0 0)
(0 0 0)
(0 0 0)
(0 0 0)
(2.850511437434133e-06 -1.019911176769061e-06 -3.481219046213423e-07)
(1.435428482250398e-06 -9.720037351285288e-07 -2.02032119859138e-07)
(3.236107339611666e-06 -9.961956821244536e-07 -5.206586864914057e-07)
(1.319512551304477e-06 -1.088830202548251e-06 -4.038003552512549e-07)
(8.2839993244547e-07 -1.208646999830614e-07 6.431886235108099e-08)
(3.241152435946907e-06 -1.56577919327708e-06 -1.958990854241276e-07)
(2.271196590870729e-06 -1.179084110329257e-06 -2.352346873160825e-07)
(3.768469678816145e-06 -6.67309582806578e-07 4.409656869001688e-07)
(2.131622130754444e-07 -6.169891792202103e-08 7.913876456498802e-08)
(5.799219857894861e-07 -1.166758736733127e-06 -8.322927290164415e-08)
(2.359275265769887e-06 -1.436715193698152e-06 -4.53936349356622e-07)
(7.465316725665628e-07 -4.75643208617054e-07 1.82628102348464e-07)
(2.903923032989251e-06 -9.399687021735367e-07 2.958160240907246e-07)
(7.403734726473981e-06 -1.574618993203454e-06 -3.885543079001264e-06)
(3.207007922486868e-08 -7.696069450486823e-07 1.470203033605289e-07)
(-2.229990085855517e-06 -1.839483891712157e-07 1.447591980014778e-07)
(1.494496022356659e-06 -3.253809393226525e-07 8.795112027773651e-08)
(9.35659139390392e-07 -5.157392754383768e-07 -1.537831913858736e-07)
(1.198058550380696e-06 -8.18081151035711e-07 5.084580216953313e-08)
(2.466184294998159e-06 -9.912467678960844e-07 1.820527252941839e-07)
(8.026967229088096e-07 -6.46217760903265e-07 8.851947776998959e-08)
(-9.708425880567471e-07 -1.643281400228673e-06 -5.184046771090642e-08)
(6.037522476701999e-07 -1.361532446797799e-07 1.371665275651361e-07)
(9.034990420333466e-07 -1.036698938165615e-06 7.973995636979896e-07)
(1.11906984420095e-07 -5.727060178317953e-07 -3.654292465279003e-07)
(5.683809735324377e-07 -5.302189352177448e-07 3.579578224244928e-08)
(1.571439241061576e-06 -1.471843395021986e-06 3.953308689496835e-07)
(3.833266839944065e-06 -2.131765770659111e-06 1.669421374212856e-07)
(2.680878325049697e-06 -6.732619066064614e-07 6.602173348675851e-07)
(2.95847550349871e-06 -7.639368379655632e-07 3.346198014462176e-07)
(2.516295167658537e-06 6.91655024925925e-08 5.82053271034578e-07)
(0 0 0)
(0 0 0)
(0 0 0)
(0 0 0)
(0 0 0)
(0 0 0)
(0 0 0)
(0 0 0)
(0 0 0)
(0 0 0)
(0 0 0)
(1.917140656152989e-07 -3.471889082169992e-07 5.732227802991097e-07)
(6.415195552088295e-07 2.175611851099166e-07 4.407772788370433e-07)
(0 0 0)
(0 0 0)
(0 0 0)
(0 0 0)
(0 0 0)
(0 0 0)
(0 0 0)
(0 0 0)
(0 0 0)
(0 0 0)
(0 0 0)
(0 0 0)
(0 0 0)
(0 0 0)
(0 0 0)
(0 0 0)
(0 0 0)
(0 0 0)
(0 0 0)
(0 0 0)
(0 0 0)
(0 0 0)
(0 0 0)
(0 0 0)
(0 0 0)
(0 0 0)
(0 0 0)
(0 0 0)
(0 0 0)
(0 0 0)
(0 0 0)
(0 0 0)
(0 0 0)
(0 0 0)
(0 0 0)
(0 0 0)
(0 0 0)
(0 0 0)
(1.935313304479927e-07 -4.530756144660808e-07 1.878768112416854e-07)
(1.009601582906726e-06 -1.010215680885614e-06 1.419692551233144e-06)
(0 0 0)
(0 0 0)
(0 0 0)
(0 0 0)
(0 0 0)
(0 0 0)
(0 0 0)
(0 0 0)
(0 0 0)
(0 0 0)
(0 0 0)
(0 0 0)
(0 0 0)
(0 0 0)
(0 0 0)
(0 0 0)
(0 0 0)
(0 0 0)
(0 0 0)
(0 0 0)
(0 0 0)
(0 0 0)
(0 0 0)
(0 0 0)
(2.611643541370071e-06 -4.660176009101225e-07 8.760422235618652e-07)
(1.95967367398469e-06 -1.517710269328595e-06 1.127904190312453e-06)
(0 0 0)
(0 0 0)
(0 0 0)
(0 0 0)
(0 0 0)
(0 0 0)
(0 0 0)
(0 0 0)
(0 0 0)
(0 0 0)
(-8.605723114494072e-08 3.217047991611954e-07 1.567238758802631e-07)
(1.24211296110965e-06 3.75019862651118e-07 9.967278562104106e-07)
(0 0 0)
(0 0 0)
(0 0 0)
(0 0 0)
(0 0 0)
(0 0 0)
(0 0 0)
(0 0 0)
(0 0 0)
(0 0 0)
(0 0 0)
(0 0 0)
(0 0 0)
(0 0 0)
(0 0 0)
(0 0 0)
(0 0 0)
(0 0 0)
(1.259494243030859e-06 -5.211709747038987e-07 3.96403437828987e-07)
(3.459136034904385e-06 -9.582558523386345e-07 2.478608618879028e-06)
(8.757594743658839e-07 4.70376320543405e-08 2.906557711266417e-07)
(0 0 0)
(0 0 0)
(0 0 0)
(0 0 0)
(0 0 0)
(0 0 0)
(0 0 0)
(0 0 0)
(0 0 0)
(0 0 0)
(0 0 0)
(0 0 0)
(0 0 0)
(0 0 0)
(1.507505998497057e-06 -3.719038264820277e-07 6.407839527360567e-07)
(-4.046532156586896e-08 -2.048085367204649e-08 8.265698407188952e-08)
(2.627677115087262e-06 -7.885074128468117e-07 1.383577876229184e-06)
(0 0 0)
(0 0 0)
(0 0 0)
(0 0 0)
(0 0 0)
(0 0 0)
(0 0 0)
(0 0 0)
(0 0 0)
(0 0 0)
(0 0 0)
(0 0 0)
(0 0 0)
(0 0 0)
(0 0 0)
(0 0 0)
(0 0 0)
(0 0 0)
(0 0 0)
(0 0 0)
(0 0 0)
(7.324314312831406e-07 -1.189525255718219e-06 1.316047096744279e-06)
(2.217085739508426e-06 -4.041744138734462e-07 1.143141371678166e-06)
(0 0 0)
(0 0 0)
(0 0 0)
(0 0 0)
(0 0 0)
(0 0 0)
(0 0 0)
(0 0 0)
(0 0 0)
(0 0 0)
(0 0 0)
(0 0 0)
(0 0 0)
(0 0 0)
(0 0 0)
(0 0 0)
(0 0 0)
(0 0 0)
(0 0 0)
(0 0 0)
(0 0 0)
(0 0 0)
(0 0 0)
(0 0 0)
(0 0 0)
(0 0 0)
(0 0 0)
(0 0 0)
(0 0 0)
(0 0 0)
(0 0 0)
(0 0 0)
(0 0 0)
(0 0 0)
(0 0 0)
(0 0 0)
(0 0 0)
(0 0 0)
(0 0 0)
(0 0 0)
(0 0 0)
(0 0 0)
(0 0 0)
(0 0 0)
(0 0 0)
(0 0 0)
(0 0 0)
(0 0 0)
(0 0 0)
(0 0 0)
(0 0 0)
(0 0 0)
(0 0 0)
(0 0 0)
(0 0 0)
(0 0 0)
(0 0 0)
(0 0 0)
(0 0 0)
(0 0 0)
(0 0 0)
(0 0 0)
(0 0 0)
(0 0 0)
(0 0 0)
(0 0 0)
(0 0 0)
(0 0 0)
(0 0 0)
(0 0 0)
(0 0 0)
(8.458344090901757e-07 -3.178775942276327e-07 9.895288663955501e-08)
(0 0 0)
(0 0 0)
(0 0 0)
(0 0 0)
(0 0 0)
(0 0 0)
(1.184082329428655e-06 -3.630997134631198e-07 2.299661101034193e-07)
(4.187560909149104e-06 -1.244424639703003e-06 -1.263961582463841e-06)
(1.859931537589715e-06 -1.856758991588733e-08 -5.915616979004748e-07)
(0 0 0)
(0 0 0)
(0 0 0)
(0 0 0)
(3.428070549940164e-07 -7.920417781143782e-07 -4.355249881911574e-07)
(0 0 0)
(0 0 0)
(0 0 0)
(0 0 0)
(0 0 0)
(0 0 0)
(0 0 0)
(0 0 0)
(0 0 0)
(0 0 0)
(0 0 0)
(0 0 0)
(0 0 0)
(0 0 0)
(0 0 0)
(0 0 0)
(0 0 0)
(0 0 0)
(0 0 0)
(0 0 0)
(0 0 0)
(0 0 0)
(0 0 0)
(0 0 0)
(0 0 0)
(0 0 0)
(0 0 0)
(0 0 0)
(0 0 0)
(0 0 0)
(0 0 0)
(0 0 0)
(0 0 0)
(0 0 0)
(0 0 0)
(0 0 0)
(0 0 0)
(0 0 0)
(0 0 0)
(0 0 0)
(0 0 0)
(0 0 0)
(0 0 0)
(0 0 0)
(0 0 0)
(0 0 0)
(0 0 0)
(0 0 0)
(0 0 0)
(0 0 0)
(0 0 0)
(0 0 0)
(0 0 0)
(0 0 0)
(0 0 0)
(0 0 0)
(0 0 0)
(0 0 0)
(0 0 0)
(0 0 0)
(0 0 0)
(0 0 0)
(0 0 0)
(0 0 0)
(0 0 0)
(0 0 0)
(0 0 0)
(0 0 0)
(0 0 0)
(0 0 0)
(0 0 0)
(0 0 0)
(0 0 0)
(0 0 0)
(0 0 0)
(0 0 0)
(0 0 0)
(0 0 0)
(0 0 0)
(0 0 0)
(0 0 0)
(0 0 0)
(0 0 0)
(0 0 0)
(0 0 0)
(0 0 0)
(0 0 0)
(0 0 0)
(0 0 0)
(0 0 0)
(0 0 0)
(0 0 0)
(0 0 0)
(0 0 0)
(0 0 0)
(0 0 0)
(0 0 0)
(0 0 0)
(0 0 0)
(0 0 0)
(0 0 0)
(0 0 0)
(0 0 0)
(0 0 0)
(0 0 0)
(0 0 0)
(0 0 0)
(0 0 0)
(0 0 0)
(0 0 0)
(0 0 0)
(0 0 0)
(0 0 0)
(0 0 0)
(0 0 0)
(0 0 0)
(0 0 0)
(0 0 0)
(0 0 0)
(0 0 0)
(0 0 0)
(0 0 0)
(0 0 0)
(0 0 0)
(0 0 0)
(0 0 0)
(0 0 0)
(0 0 0)
(0 0 0)
(0 0 0)
(0 0 0)
(0 0 0)
(0 0 0)
(0 0 0)
(0 0 0)
(0 0 0)
(0 0 0)
(0 0 0)
(0 0 0)
(0 0 0)
(0 0 0)
(0 0 0)
(0 0 0)
(0 0 0)
(0 0 0)
(0 0 0)
(0 0 0)
(0 0 0)
(0 0 0)
(0 0 0)
(0 0 0)
(0 0 0)
(0 0 0)
(0 0 0)
(0 0 0)
(0 0 0)
(0 0 0)
(0 0 0)
(0 0 0)
(0 0 0)
(0 0 0)
(0 0 0)
(0 0 0)
(0 0 0)
(0 0 0)
(0 0 0)
(0 0 0)
(0 0 0)
(0 0 0)
(0 0 0)
(0 0 0)
(0 0 0)
(0 0 0)
(0 0 0)
(0 0 0)
(0 0 0)
(0 0 0)
(0 0 0)
(0 0 0)
(0 0 0)
(0 0 0)
(0 0 0)
(0 0 0)
(0 0 0)
(0 0 0)
(0 0 0)
(0 0 0)
(0 0 0)
(0 0 0)
(0 0 0)
(0 0 0)
(0 0 0)
(0 0 0)
(0 0 0)
(0 0 0)
(0 0 0)
(0 0 0)
(0 0 0)
(0 0 0)
(0 0 0)
(0 0 0)
(0 0 0)
(0 0 0)
(0 0 0)
(0 0 0)
(0 0 0)
(0 0 0)
(0 0 0)
(0 0 0)
(0 0 0)
(0 0 0)
(0 0 0)
(0 0 0)
(0 0 0)
(0 0 0)
(0 0 0)
(0 0 0)
(0 0 0)
(0 0 0)
(0 0 0)
(0 0 0)
(0 0 0)
(0 0 0)
(0 0 0)
(0 0 0)
(0 0 0)
(0 0 0)
(0 0 0)
(0 0 0)
(0 0 0)
(0 0 0)
(0 0 0)
(0 0 0)
(0 0 0)
(0 0 0)
(0 0 0)
(0 0 0)
(0 0 0)
(0 0 0)
(0 0 0)
(0 0 0)
(0 0 0)
(0 0 0)
(0 0 0)
(0 0 0)
(0 0 0)
(0 0 0)
(0 0 0)
(0 0 0)
(0 0 0)
(0 0 0)
(0 0 0)
(0 0 0)
(0 0 0)
(0 0 0)
(0 0 0)
(0 0 0)
(0 0 0)
(0 0 0)
(0 0 0)
(0 0 0)
(0 0 0)
(0 0 0)
(0 0 0)
(0 0 0)
(0 0 0)
(0 0 0)
(0 0 0)
(0 0 0)
(0 0 0)
(0 0 0)
(0 0 0)
(0 0 0)
(0 0 0)
(0 0 0)
(0 0 0)
(0 0 0)
(0 0 0)
(0 0 0)
(0 0 0)
(0 0 0)
(0 0 0)
(0 0 0)
(0 0 0)
(1.795731109361114e-06 -1.535942435271769e-07 5.001892484914972e-07)
(2.597272675662545e-06 -1.727628061016726e-06 2.641712641225982e-07)
(0 0 0)
(0 0 0)
(0 0 0)
(0 0 0)
(0 0 0)
(0 0 0)
(0 0 0)
(0 0 0)
(0 0 0)
(0 0 0)
(0 0 0)
(0 0 0)
(0 0 0)
(0 0 0)
(0 0 0)
(0 0 0)
(0 0 0)
(0 0 0)
(0 0 0)
(0 0 0)
(0 0 0)
(0 0 0)
(0 0 0)
(0 0 0)
(0 0 0)
(0 0 0)
(0 0 0)
(0 0 0)
(0 0 0)
(0 0 0)
(0 0 0)
(0 0 0)
(0 0 0)
(0 0 0)
(0 0 0)
(0 0 0)
(0 0 0)
(0 0 0)
(0 0 0)
(0 0 0)
(0 0 0)
(0 0 0)
(0 0 0)
(0 0 0)
(0 0 0)
(0 0 0)
(0 0 0)
(0 0 0)
(0 0 0)
(0 0 0)
(0 0 0)
(0 0 0)
(0 0 0)
(0 0 0)
(0 0 0)
(0 0 0)
(0 0 0)
(0 0 0)
(0 0 0)
(0 0 0)
(0 0 0)
(0 0 0)
(0 0 0)
(0 0 0)
(0 0 0)
(0 0 0)
(0 0 0)
(0 0 0)
(0 0 0)
(0 0 0)
(0 0 0)
(0 0 0)
(0 0 0)
(0 0 0)
(0 0 0)
(0 0 0)
(0 0 0)
(0 0 0)
(0 0 0)
(0 0 0)
(0 0 0)
(0 0 0)
(0 0 0)
(0 0 0)
(0 0 0)
(0 0 0)
(0 0 0)
(0 0 0)
(0 0 0)
(9.234763496225934e-07 -2.767540727972226e-07 -1.771822872869751e-07)
(0 0 0)
(5.333035249195724e-07 -5.488713469683047e-07 -2.546890295355537e-07)
(0 0 0)
(0 0 0)
(0 0 0)
(0 0 0)
(0 0 0)
(0 0 0)
(0 0 0)
(0 0 0)
(0 0 0)
(0 0 0)
(0 0 0)
(0 0 0)
(0 0 0)
(0 0 0)
(0 0 0)
(0 0 0)
(0 0 0)
(0 0 0)
(0 0 0)
(0 0 0)
(0 0 0)
(0 0 0)
(0 0 0)
(0 0 0)
(2.538053709570609e-07 -7.643096933331164e-07 1.135515220275242e-06)
(-5.377733510947488e-06 -6.03715802057946e-07 1.386528772850313e-07)
(-1.416636999762507e-06 -6.792368172936442e-07 1.106823158925675e-06)
(-1.36065314460389e-06 -1.636605274789619e-06 -1.377254539000823e-06)
(0 0 0)
(1.747710913811517e-06 3.313908010197624e-07 -3.337295120779342e-06)
(1.707577505948459e-06 3.534705468651162e-07 -5.670927408743122e-07)
(0 0 0)
(2.791997432167053e-06 -2.865707625936815e-07 1.20995624503421e-06)
(0 0 0)
(0 0 0)
(-7.441955350401668e-07 -4.45784138499688e-07 3.005441995577596e-08)
(0 0 0)
(0 0 0)
(0 0 0)
(0 0 0)
(2.232401079181813e-06 -7.458242759021382e-07 -3.580097308718039e-07)
(0 0 0)
(0 0 0)
(0 0 0)
(0 0 0)
(0 0 0)
(0 0 0)
(0 0 0)
(0 0 0)
(0 0 0)
(0 0 0)
(0 0 0)
(0 0 0)
(0 0 0)
(0 0 0)
(0 0 0)
(0 0 0)
(2.78501442150892e-06 -1.380731165658539e-06 2.733800898306878e-06)
(1.307504641466966e-06 -2.997912685176814e-06 4.036198572112319e-07)
(0 0 0)
(1.929510958607139e-06 -1.111474654574687e-06 1.460561542583527e-06)
(1.135339806277308e-06 -2.165214906818072e-07 4.524305505248439e-09)
(-2.033237863797597e-07 -2.504078100857953e-08 -2.282842158785741e-07)
(7.074327618747387e-06 -1.694331471841732e-07 6.862420471296507e-07)
(2.104438131384983e-06 -5.515857598084281e-07 -1.497983941737816e-06)
(2.072693010669636e-09 -5.944966299394137e-08 1.577475660816634e-07)
(3.599634795410146e-06 3.98471465037753e-07 -6.03839185215446e-07)
(1.289811693970961e-06 -1.44869664866542e-06 -7.530656436510251e-07)
(3.746084951469996e-06 -3.871646377313636e-07 6.956802086128888e-07)
(8.135859866393453e-06 -2.208996664685094e-06 1.454082389146214e-06)
(0 0 0)
(0 0 0)
(0 0 0)
(0 0 0)
(0 0 0)
(0 0 0)
(0 0 0)
(0 0 0)
(0 0 0)
(0 0 0)
(0 0 0)
(0 0 0)
(0 0 0)
(0 0 0)
(0 0 0)
(0 0 0)
(0 0 0)
(0 0 0)
(0 0 0)
(0 0 0)
(0 0 0)
(0 0 0)
(0 0 0)
(0 0 0)
(0 0 0)
(0 0 0)
(0 0 0)
(0 0 0)
(8.554093816110837e-06 9.417188276714696e-07 8.603728387840075e-07)
(8.338499292925908e-06 -1.944431490728247e-06 1.059887095133233e-07)
(6.402436378866371e-06 -1.731601254396642e-06 -2.493614848781727e-07)
(-1.985813779825271e-05 -7.85895240441219e-07 -5.586535603939595e-08)
(-2.753093911425547e-05 1.342391530432666e-06 1.673587831723062e-07)
(-8.526832522063579e-06 7.745560939430732e-07 -8.350310041107799e-08)
(-1.190315637538178e-05 3.185763094000859e-06 -2.941538749557135e-06)
(-8.075261295339404e-06 3.063938460524436e-06 -1.066837265440695e-07)
(-6.79745379725229e-06 6.664899564189557e-07 -1.125757837142049e-07)
(-4.434311718689772e-05 3.000510761704181e-06 -6.724595170046681e-07)
(-1.436904918985947e-05 -2.254928119689984e-06 -4.51286101667884e-07)
(-3.81642907593007e-06 8.059832145267913e-07 -1.207079178445045e-06)
(7.020337338116112e-07 1.391055627776356e-06 -2.320806468053635e-06)
(-4.195862442394273e-05 2.15867336027455e-07 1.086079126478e-06)
(-1.925951116824563e-05 -1.546196148718292e-07 1.299623906498059e-06)
(-2.075361565007309e-05 4.581077058538818e-06 1.761687247228978e-07)
(-1.00949538184228e-05 2.409111503547013e-06 -6.265522792294312e-07)
(-2.621881194212821e-06 3.859283830783383e-06 4.668607886878898e-06)
(-3.419973580867392e-06 -4.780159652478797e-07 -6.464798821252136e-08)
(-1.349171572303112e-05 8.110572604725338e-07 2.657553922300026e-07)
(-2.096615339234162e-05 1.378475831536168e-07 3.481930777803543e-07)
(-4.98443912271151e-06 2.722623961886287e-07 8.681013639773486e-07)
(-3.799961727340102e-06 -3.735013610545784e-07 4.413610569856938e-06)
(-1.380845729393646e-05 -1.678627078536737e-06 -1.646383034875401e-06)
(-1.228378512837379e-05 -6.034114037987397e-06 3.817384758084241e-07)
(-5.423537812615724e-06 -2.561045938766212e-06 -1.356071582943717e-06)
(-1.48486259687924e-05 -1.979335186115875e-06 -1.857854211415524e-06)
(0 0 0)
(0 0 0)
(0 0 0)
(0 0 0)
(0 0 0)
(0 0 0)
(1.742395982495656e-06 -3.270047417785941e-06 1.633895611988087e-06)
(0 0 0)
(0 0 0)
(0 0 0)
(0 0 0)
(0 0 0)
(0 0 0)
(0 0 0)
(0 0 0)
(0 0 0)
(0 0 0)
(0 0 0)
(0 0 0)
(0 0 0)
(0 0 0)
(0 0 0)
(0 0 0)
(-3.045549821226452e-06 -1.170235904007261e-05 8.243339233412435e-06)
(8.454222292597506e-07 -2.640980280545817e-06 3.137778612969908e-06)
(0 0 0)
(0 0 0)
(1.410167806914641e-05 -7.460157398720762e-06 2.528947584551632e-06)
(1.389022886445171e-05 -6.45054695466561e-06 9.389798476670105e-07)
(2.990870655750103e-06 -4.507452141008278e-06 2.007691279230462e-07)
(0 0 0)
(0 0 0)
(0 0 0)
(0 0 0)
(0 0 0)
(0 0 0)
(0 0 0)
(0 0 0)
(0 0 0)
(0 0 0)
(0 0 0)
(0 0 0)
(0 0 0)
(0 0 0)
(0 0 0)
(0 0 0)
(0 0 0)
(0 0 0)
(0 0 0)
(0 0 0)
(0 0 0)
(0 0 0)
(4.394913107102234e-06 -2.121192585514563e-06 1.633223940138734e-06)
(5.811756102968702e-06 -6.795526416066124e-07 2.63846693577791e-06)
(0 0 0)
(7.158060131177065e-06 -3.194082940999196e-06 1.695727970064643e-07)
(9.180752040766971e-06 -1.246319244084426e-06 1.556601066182722e-06)
(2.480583358387034e-06 -5.69302102574509e-07 -6.793105254107902e-07)
(5.035737581189399e-06 -1.587054945124803e-06 1.627726059196595e-06)
(1.664354486867334e-06 -5.412796851392933e-08 -1.087276830701892e-06)
(3.454707042464851e-06 -2.114485596173542e-07 1.151553567832307e-06)
(0 0 0)
(0 0 0)
(0 0 0)
(1.037205360659689e-05 -1.027613828736167e-05 6.374749951259802e-06)
(9.429093828916927e-06 -3.870485241994653e-06 6.07057310723282e-06)
(0 0 0)
(0 0 0)
(0 0 0)
(0 0 0)
(0 0 0)
(0 0 0)
(0 0 0)
(0 0 0)
(0 0 0)
(0 0 0)
(0 0 0)
(0 0 0)
(0 0 0)
(0 0 0)
(0 0 0)
(0 0 0)
(0 0 0)
(0 0 0)
(0 0 0)
(0 0 0)
(0 0 0)
(0 0 0)
(0 0 0)
(3.71385673633204e-06 -3.863794698998747e-06 -7.545959374329156e-07)
(-1.716760080327806e-06 -3.651777859903525e-07 -5.838843458950468e-07)
(-1.670561665550039e-05 5.794361072891172e-07 1.100370313984864e-07)
(-4.262023065374544e-05 3.685107723104336e-06 -4.824796792816845e-07)
(-5.671353953902014e-06 6.222562840788848e-07 -6.415086634365975e-07)
(-1.714699030018113e-05 2.311447774226761e-06 2.186379676646255e-06)
(-7.902387902511169e-06 4.13186160118171e-06 -4.544154516050509e-06)
(-1.808617606645649e-05 -2.270814111565556e-06 1.516316611374701e-06)
(-1.476674175544209e-05 8.006425154958841e-07 -9.30008445220864e-07)
(-1.829520551112044e-05 1.26166676462009e-06 -5.755902799968522e-07)
(-4.541144604901758e-06 1.021389547255124e-07 8.82872550456739e-07)
(-7.84040910713255e-06 2.459806803532145e-06 -1.718497652935026e-06)
(-3.344291012646511e-05 3.995109346921485e-06 -1.524596982278291e-06)
(-2.473910948188083e-05 -5.773325924078423e-07 -2.253780932039729e-06)
(-2.761954015090237e-05 3.287511007888094e-06 -2.799114130775267e-06)
(-1.638143818061837e-05 2.565795908904133e-06 -1.147352931026914e-06)
(-4.249881025534299e-05 -2.729049591306043e-06 1.057841650181382e-06)
(-9.964038146806604e-06 4.4665131703848e-07 -1.779118426169982e-06)
(-4.253048590016342e-05 4.667168535981538e-06 -2.336144677957887e-06)
(-9.652088369446505e-06 -9.94878285915008e-07 -1.170801056876804e-06)
(-7.358077161373674e-06 -3.344713839564869e-06 1.553486556605639e-06)
(-7.827184365693337e-07 -1.330209699910948e-06 -3.798830073798986e-07)
(-9.357937156713455e-06 -3.713041846587081e-06 -4.533916261077035e-06)
(-3.20120299590956e-05 -5.114002030865721e-06 -2.510204807398303e-06)
(-8.471912282267475e-06 -3.788663750581156e-06 -1.12322485438561e-06)
(8.618053223907319e-06 -3.289945585115607e-06 -1.650090991397682e-07)
(2.257735158605223e-05 -3.366829695122616e-06 3.581706774364976e-06)
(-4.86536573455026e-06 -3.106790467403059e-06 -3.23408445718772e-06)
(7.726363902111048e-06 -5.574067146148089e-06 -1.330818113344891e-06)
(8.225954393752646e-06 -4.728733593983418e-06 -9.490276971349446e-06)
(-8.090227093417309e-07 -2.225108157309575e-06 -1.014793399600647e-06)
(1.147395553107323e-05 -3.232426378141618e-06 -2.794068111431678e-06)
(7.639081773481157e-06 -3.042997373166602e-06 -9.760129700879865e-07)
(7.129350850839439e-07 -5.546000996082017e-07 -4.402774521448595e-07)
(8.544982685462042e-07 -8.913906156292316e-08 -2.586840380209012e-07)
(1.978069095099939e-06 -6.651700673884833e-07 -3.962952746404449e-07)
(1.169086143416294e-06 -1.099946200828234e-06 -5.459328871796762e-07)
(1.074628867277621e-05 -2.352334480307733e-06 1.123884961388252e-06)
(1.084125559494268e-05 -1.332521000540671e-06 -1.570947227826267e-06)
(8.848034051879855e-06 -8.170829100745233e-06 -2.139123553652402e-06)
(6.931623871293172e-06 -2.345493884642273e-06 1.44463913714109e-07)
(4.351070115136071e-06 -1.224942277491292e-06 -7.410794039690724e-07)
(0 0 0)
(0 0 0)
(0 0 0)
(0 0 0)
(0 0 0)
(0 0 0)
(0 0 0)
(0 0 0)
(0 0 0)
(0 0 0)
(0 0 0)
(0 0 0)
(0 0 0)
(0 0 0)
(0 0 0)
(0 0 0)
(0 0 0)
(0 0 0)
(0 0 0)
(0 0 0)
(0 0 0)
(0 0 0)
(0 0 0)
(0 0 0)
(0 0 0)
(0 0 0)
(0 0 0)
(0 0 0)
(0 0 0)
(0 0 0)
(0 0 0)
(0 0 0)
(0 0 0)
(0 0 0)
(0 0 0)
(0 0 0)
(0 0 0)
(0 0 0)
(0 0 0)
(0 0 0)
(0 0 0)
(0 0 0)
(0 0 0)
(0 0 0)
(0 0 0)
(0 0 0)
(0 0 0)
(0 0 0)
(0 0 0)
(0 0 0)
(0 0 0)
(0 0 0)
(0 0 0)
(0 0 0)
(0 0 0)
(0 0 0)
(0 0 0)
(0 0 0)
(0 0 0)
(0 0 0)
(0 0 0)
(0 0 0)
(0 0 0)
(0 0 0)
(0 0 0)
(0 0 0)
(0 0 0)
(0 0 0)
(0 0 0)
(0 0 0)
(0 0 0)
(0 0 0)
(0 0 0)
(0 0 0)
(0 0 0)
(0 0 0)
(0 0 0)
(0 0 0)
(0 0 0)
(0 0 0)
(0 0 0)
(0 0 0)
(0 0 0)
(0 0 0)
(0 0 0)
(0 0 0)
(0 0 0)
(0 0 0)
(0 0 0)
(0 0 0)
(0 0 0)
(0 0 0)
(0 0 0)
(0 0 0)
(0 0 0)
(0 0 0)
(0 0 0)
(0 0 0)
(0 0 0)
(0 0 0)
(0 0 0)
(0 0 0)
(0 0 0)
(0 0 0)
(0 0 0)
(0 0 0)
(0 0 0)
(0 0 0)
(0 0 0)
(0 0 0)
(0 0 0)
(0 0 0)
(0 0 0)
(0 0 0)
(0 0 0)
(0 0 0)
(0 0 0)
(0 0 0)
(0 0 0)
(0 0 0)
(0 0 0)
(0 0 0)
(0 0 0)
(0 0 0)
(0 0 0)
(0 0 0)
(0 0 0)
(0 0 0)
(0 0 0)
(0 0 0)
(0 0 0)
(0 0 0)
(0 0 0)
(0 0 0)
(0 0 0)
(0 0 0)
(0 0 0)
(0 0 0)
(0 0 0)
(0 0 0)
(0 0 0)
(0 0 0)
(0 0 0)
(0 0 0)
(0 0 0)
(0 0 0)
(0 0 0)
(0 0 0)
(0 0 0)
(0 0 0)
(0 0 0)
(0 0 0)
(0 0 0)
(0 0 0)
(0 0 0)
(0 0 0)
(0 0 0)
(0 0 0)
(0 0 0)
(0 0 0)
(0 0 0)
(0 0 0)
(0 0 0)
(0 0 0)
(0 0 0)
(0 0 0)
(0 0 0)
(0 0 0)
(0 0 0)
(0 0 0)
(0 0 0)
(0 0 0)
(0 0 0)
(0 0 0)
(0 0 0)
(0 0 0)
(0 0 0)
(0 0 0)
(0 0 0)
(0 0 0)
(0 0 0)
(0 0 0)
(0 0 0)
(0 0 0)
(0 0 0)
(0 0 0)
(0 0 0)
(0 0 0)
(0 0 0)
(0 0 0)
(0 0 0)
(0 0 0)
(0 0 0)
(0 0 0)
(0 0 0)
(0 0 0)
(0 0 0)
(0 0 0)
(0 0 0)
(0 0 0)
(0 0 0)
(0 0 0)
(0 0 0)
(0 0 0)
(0 0 0)
(0 0 0)
(0 0 0)
(0 0 0)
(0 0 0)
(0 0 0)
(0 0 0)
(0 0 0)
(0 0 0)
(0 0 0)
(0 0 0)
(0 0 0)
(0 0 0)
(0 0 0)
(0 0 0)
(0 0 0)
(0 0 0)
(0 0 0)
(0 0 0)
(0 0 0)
(0 0 0)
(0 0 0)
(0 0 0)
(0 0 0)
(0 0 0)
(0 0 0)
(0 0 0)
(0 0 0)
(0 0 0)
(0 0 0)
(0 0 0)
(0 0 0)
(0 0 0)
(0 0 0)
(0 0 0)
(0 0 0)
(0 0 0)
(0 0 0)
(0 0 0)
(0 0 0)
(0 0 0)
(0 0 0)
(0 0 0)
(0 0 0)
(0 0 0)
(0 0 0)
(0 0 0)
(0 0 0)
(0 0 0)
(0 0 0)
(0 0 0)
(0 0 0)
(0 0 0)
(0 0 0)
(0 0 0)
(0 0 0)
(0 0 0)
(0 0 0)
(0 0 0)
(0 0 0)
(0 0 0)
(0 0 0)
(0 0 0)
(0 0 0)
(0 0 0)
(0 0 0)
(0 0 0)
(0 0 0)
(0 0 0)
(0 0 0)
(0 0 0)
(0 0 0)
(0 0 0)
(0 0 0)
(0 0 0)
(0 0 0)
(0 0 0)
(0 0 0)
(0 0 0)
(0 0 0)
(0 0 0)
(0 0 0)
(0 0 0)
(0 0 0)
(0 0 0)
(0 0 0)
(0 0 0)
(0 0 0)
(0 0 0)
(0 0 0)
(0 0 0)
(0 0 0)
(0 0 0)
(0 0 0)
(0 0 0)
(0 0 0)
(0 0 0)
(0 0 0)
(0 0 0)
(0 0 0)
(0 0 0)
(0 0 0)
(0 0 0)
(0 0 0)
(0 0 0)
(0 0 0)
(0 0 0)
(0 0 0)
(0 0 0)
(0 0 0)
(0 0 0)
(0 0 0)
(0 0 0)
(0 0 0)
(0 0 0)
(0 0 0)
(0 0 0)
(0 0 0)
(0 0 0)
(0 0 0)
(0 0 0)
(0 0 0)
(0 0 0)
(0 0 0)
(0 0 0)
(0 0 0)
(0 0 0)
(0 0 0)
(0 0 0)
(0 0 0)
(0 0 0)
(0 0 0)
(0 0 0)
(0 0 0)
(0 0 0)
(0 0 0)
(0 0 0)
(0 0 0)
(0 0 0)
(0 0 0)
(0 0 0)
(0 0 0)
(0 0 0)
(0 0 0)
(0 0 0)
(0 0 0)
(0 0 0)
(0 0 0)
(0 0 0)
(0 0 0)
(0 0 0)
(0 0 0)
(0 0 0)
(0 0 0)
(0 0 0)
(0 0 0)
(0 0 0)
(0 0 0)
(0 0 0)
(0 0 0)
(0 0 0)
(0 0 0)
(0 0 0)
(0 0 0)
(0 0 0)
(0 0 0)
(0 0 0)
(0 0 0)
(0 0 0)
(0 0 0)
(0 0 0)
(0 0 0)
(0 0 0)
(0 0 0)
(0 0 0)
(0 0 0)
(0 0 0)
(0 0 0)
(0 0 0)
(0 0 0)
(0 0 0)
(0 0 0)
(0 0 0)
(0 0 0)
(0 0 0)
(0 0 0)
(0 0 0)
(0 0 0)
(0 0 0)
(0 0 0)
(0 0 0)
(0 0 0)
(0 0 0)
(0 0 0)
(0 0 0)
(0 0 0)
(0 0 0)
(0 0 0)
(0 0 0)
(0 0 0)
(0 0 0)
(0 0 0)
(0 0 0)
(0 0 0)
(0 0 0)
(0 0 0)
(0 0 0)
(0 0 0)
(0 0 0)
(0 0 0)
(0 0 0)
(0 0 0)
(0 0 0)
(0 0 0)
(0 0 0)
(0 0 0)
(0 0 0)
(0 0 0)
(0 0 0)
(0 0 0)
(0 0 0)
(0 0 0)
(0 0 0)
(0 0 0)
(0 0 0)
(0 0 0)
(0 0 0)
(0 0 0)
(0 0 0)
(0 0 0)
(0 0 0)
(0 0 0)
(0 0 0)
(0 0 0)
(0 0 0)
(0 0 0)
(0 0 0)
(0 0 0)
(0 0 0)
(0 0 0)
(0 0 0)
(0 0 0)
(0 0 0)
(0 0 0)
(0 0 0)
(0 0 0)
(0 0 0)
(0 0 0)
(0 0 0)
(0 0 0)
(0 0 0)
(0 0 0)
(0 0 0)
(0 0 0)
(0 0 0)
(0 0 0)
(0 0 0)
(0 0 0)
(0 0 0)
(0 0 0)
(0 0 0)
(0 0 0)
(0 0 0)
(0 0 0)
(0 0 0)
(0 0 0)
(0 0 0)
(0 0 0)
(0 0 0)
(0 0 0)
(0 0 0)
(0 0 0)
(0 0 0)
(0 0 0)
(0 0 0)
(0 0 0)
(0 0 0)
(0 0 0)
(0 0 0)
(0 0 0)
(0 0 0)
(0 0 0)
(0 0 0)
(0 0 0)
(0 0 0)
(0 0 0)
(0 0 0)
(0 0 0)
(0 0 0)
(0 0 0)
(0 0 0)
(0 0 0)
(0 0 0)
(0 0 0)
(0 0 0)
(0 0 0)
(0 0 0)
(0 0 0)
(0 0 0)
(0 0 0)
(0 0 0)
(0 0 0)
(0 0 0)
(0 0 0)
(0 0 0)
(0 0 0)
(0 0 0)
(0 0 0)
(0 0 0)
(0 0 0)
(0 0 0)
(0 0 0)
(0 0 0)
(0 0 0)
(0 0 0)
(0 0 0)
(0 0 0)
(0 0 0)
(0 0 0)
(0 0 0)
(0 0 0)
(0 0 0)
(0 0 0)
(0 0 0)
(0 0 0)
(0 0 0)
(0 0 0)
(0 0 0)
(0 0 0)
(0 0 0)
(0 0 0)
(0 0 0)
(0 0 0)
(0 0 0)
(0 0 0)
(0 0 0)
(0 0 0)
(0 0 0)
(0 0 0)
(0 0 0)
(0 0 0)
(0 0 0)
(0 0 0)
(0 0 0)
(0 0 0)
(0 0 0)
(0 0 0)
(0 0 0)
(0 0 0)
(0 0 0)
(0 0 0)
(0 0 0)
(0 0 0)
(0 0 0)
(0 0 0)
(0 0 0)
(0 0 0)
(0 0 0)
(0 0 0)
(0 0 0)
(0 0 0)
(0 0 0)
(0 0 0)
(0 0 0)
(0 0 0)
(0 0 0)
(0 0 0)
(0 0 0)
(0 0 0)
(0 0 0)
(0 0 0)
(0 0 0)
(0 0 0)
(0 0 0)
(0 0 0)
(0 0 0)
(0 0 0)
(0 0 0)
(0 0 0)
(0 0 0)
(0 0 0)
(0 0 0)
(0 0 0)
(0 0 0)
(0 0 0)
(0 0 0)
(0 0 0)
(0 0 0)
(0 0 0)
(0 0 0)
(0 0 0)
(0 0 0)
(0 0 0)
(0 0 0)
(0 0 0)
(0 0 0)
(0 0 0)
(0 0 0)
(0 0 0)
(0 0 0)
(0 0 0)
(0 0 0)
(0 0 0)
(0 0 0)
(0 0 0)
(0 0 0)
(0 0 0)
(0 0 0)
(0 0 0)
(0 0 0)
(0 0 0)
(0 0 0)
(0 0 0)
(0 0 0)
(0 0 0)
(0 0 0)
(0 0 0)
(0 0 0)
(0 0 0)
(0 0 0)
(0 0 0)
(0 0 0)
(0 0 0)
(0 0 0)
(0 0 0)
(0 0 0)
(0 0 0)
(0 0 0)
(0 0 0)
(0 0 0)
(0 0 0)
(0 0 0)
(0 0 0)
(0 0 0)
(0 0 0)
(0 0 0)
(0 0 0)
(0 0 0)
(0 0 0)
(0 0 0)
(0 0 0)
(0 0 0)
(0 0 0)
(0 0 0)
(0 0 0)
(0 0 0)
(0 0 0)
(0 0 0)
(0 0 0)
(0 0 0)
(0 0 0)
(0 0 0)
(0 0 0)
(0 0 0)
(0 0 0)
(0 0 0)
(0 0 0)
(0 0 0)
(0 0 0)
(0 0 0)
(0 0 0)
(0 0 0)
(0 0 0)
(0 0 0)
(0 0 0)
(0 0 0)
(0 0 0)
(0 0 0)
(0 0 0)
(0 0 0)
(0 0 0)
(0 0 0)
(0 0 0)
(0 0 0)
(0 0 0)
(0 0 0)
(0 0 0)
(0 0 0)
(0 0 0)
(0 0 0)
(0 0 0)
(0 0 0)
(0 0 0)
(0 0 0)
(0 0 0)
(0 0 0)
(0 0 0)
(0 0 0)
(0 0 0)
(0 0 0)
(0 0 0)
(0 0 0)
(0 0 0)
(0 0 0)
(0 0 0)
(0 0 0)
(0 0 0)
(0 0 0)
(0 0 0)
(0 0 0)
(0 0 0)
(0 0 0)
(0 0 0)
(0 0 0)
(0 0 0)
(0 0 0)
(0 0 0)
(0 0 0)
(0 0 0)
(0 0 0)
(0 0 0)
(0 0 0)
(0 0 0)
(0 0 0)
(0 0 0)
(0 0 0)
(0 0 0)
(0 0 0)
(0 0 0)
(0 0 0)
(0 0 0)
(0 0 0)
(0 0 0)
(0 0 0)
(0 0 0)
(0 0 0)
(0 0 0)
(0 0 0)
(0 0 0)
(0 0 0)
(0 0 0)
(0 0 0)
(0 0 0)
(0 0 0)
(0 0 0)
(0 0 0)
(0 0 0)
(0 0 0)
(0 0 0)
(0 0 0)
(0 0 0)
(0 0 0)
(0 0 0)
(0 0 0)
(0 0 0)
(0 0 0)
(0 0 0)
(0 0 0)
(0 0 0)
(0 0 0)
(0 0 0)
(0 0 0)
(0 0 0)
(0 0 0)
(0 0 0)
(0 0 0)
(0 0 0)
(0 0 0)
(0 0 0)
(0 0 0)
(0 0 0)
(0 0 0)
(0 0 0)
(0 0 0)
(0 0 0)
(0 0 0)
(0 0 0)
(0 0 0)
(0 0 0)
(0 0 0)
(0 0 0)
(0 0 0)
(0 0 0)
(0 0 0)
(0 0 0)
(0 0 0)
(0 0 0)
(0 0 0)
(0 0 0)
(0 0 0)
(0 0 0)
(0 0 0)
(0 0 0)
(0 0 0)
(0 0 0)
(0 0 0)
(0 0 0)
(0 0 0)
(0 0 0)
(0 0 0)
(0 0 0)
(0 0 0)
(0 0 0)
(0 0 0)
(0 0 0)
(0 0 0)
(0 0 0)
(0 0 0)
(0 0 0)
(0 0 0)
(0 0 0)
(0 0 0)
(0 0 0)
(0 0 0)
(0 0 0)
(0 0 0)
(0 0 0)
(0 0 0)
(0 0 0)
(0 0 0)
(0 0 0)
(0 0 0)
(0 0 0)
(0 0 0)
(0 0 0)
(0 0 0)
(0 0 0)
(0 0 0)
(0 0 0)
(0 0 0)
(0 0 0)
(0 0 0)
(0 0 0)
(0 0 0)
(0 0 0)
(0 0 0)
(0 0 0)
(0 0 0)
(0 0 0)
(0 0 0)
(0 0 0)
(0 0 0)
(0 0 0)
(0 0 0)
(0 0 0)
(0 0 0)
(0 0 0)
(0 0 0)
(0 0 0)
(0 0 0)
(0 0 0)
(0 0 0)
(0 0 0)
(0 0 0)
(0 0 0)
(0 0 0)
(3.671222457608367e-06 -2.650451459707537e-07 -1.463166401358365e-06)
(8.68265287115321e-06 6.250592925122908e-06 -8.334170638438595e-06)
(-4.985547021134353e-05 4.58749918173942e-06 6.336813442839244e-07)
(5.819717305485779e-08 1.144975636113705e-06 -1.148776178650541e-06)
(-1.549996298311967e-05 -2.486550625919764e-06 2.724030151876558e-06)
(-1.3567851638613e-05 -3.01786077429518e-06 -3.499650999015349e-06)
(-2.471943544240444e-06 9.922238807767913e-07 -1.634146390304033e-06)
(-8.038137568843998e-06 2.448697679872172e-06 -2.978291768094574e-06)
(-2.068797357230114e-06 7.113984624393411e-06 -4.527703040063953e-06)
(3.375607697933304e-06 1.415837302167398e-06 -3.920404721152975e-07)
(9.306265989450689e-06 2.025422911905248e-06 -1.703682553068125e-06)
(-1.050206611262653e-06 1.340663981835891e-06 -3.544930514074452e-07)
(8.398657261849201e-06 1.719031354076846e-06 2.783138082987742e-06)
(3.965056794079779e-06 4.813354555023933e-06 -4.350641395058738e-06)
(5.910819340119464e-06 2.481934662143843e-06 1.072956922473988e-06)
(1.351672812263883e-05 -1.322639124725961e-06 1.205385324764629e-06)
(-9.751707005091606e-07 8.740825586728544e-07 -3.985296705857156e-07)
(1.783183790042377e-06 -1.330806178655709e-06 3.506700502427107e-06)
(-3.593705052104074e-06 -3.623413416639348e-07 8.747292019907814e-08)
(8.32272275944309e-06 4.161401423928869e-07 2.511301751915418e-06)
(4.411373272691993e-06 5.6928849229049e-07 -2.078088527772084e-06)
(-6.992325263173275e-06 -4.952758723806794e-07 -5.177081066932165e-06)
(1.329957759319683e-05 -5.773257666514566e-07 -7.293444894527586e-06)
(-2.123785748114081e-06 -2.501963183096701e-06 -2.868529011041717e-06)
(8.705909833509102e-06 5.137942947988002e-07 -1.183978447312791e-06)
(-2.902575998266932e-07 1.318114644561943e-06 2.571848634975724e-07)
(5.511396464837916e-06 9.690573928152318e-07 -1.762801720644335e-06)
(-5.6238279755394e-07 1.930844685038079e-06 -8.907096956436368e-07)
(3.213530599056032e-06 4.193365411953955e-07 -8.979416445848553e-08)
(-1.511578542196968e-06 1.636195383966465e-06 -1.555539941111726e-06)
(-6.49716165779184e-07 1.235463139611917e-06 -9.529351217476917e-07)
(-7.408751322515013e-06 1.223664567945058e-07 -4.185412060244507e-07)
(-3.822932201346727e-06 -2.97677837875435e-07 -2.509154790861239e-06)
(-3.697496341335757e-06 -4.675799605185382e-07 -1.640574479975789e-06)
(-3.582785346538298e-06 3.112602100989817e-07 8.566118822733519e-08)
(2.909814979863383e-07 -1.612915915965046e-08 8.008281859473004e-08)
(1.402457697139639e-06 -2.992428165122602e-07 4.653291968918688e-07)
(6.872788215455539e-06 -8.495222168435375e-07 3.560059871327403e-07)
(3.131748042183171e-06 1.081498679488721e-06 -3.818518642821579e-07)
(-1.429985155420239e-05 3.499958727624232e-07 -3.880769177536761e-07)
(4.495780811191436e-06 1.338018662717999e-06 -1.999526961165436e-06)
(2.856140934660456e-06 2.779059432763834e-06 -1.795419954810867e-06)
(-6.967395008723623e-06 -3.768624240340342e-06 1.737309879387661e-06)
(-3.872977137610618e-06 8.008244632927914e-07 -5.171018784084309e-07)
(-3.165388657590719e-06 3.874652226708502e-07 -2.265518947048416e-07)
(1.521947809415844e-05 3.310608531539695e-07 -3.559066291404599e-06)
(-6.90339608277128e-07 -2.833529298810058e-08 9.040596865052535e-09)
(-6.053524107726119e-07 -2.403736902748234e-06 2.336886256495955e-06)
(-5.160255119376592e-06 2.625553036034875e-07 2.37726384331465e-08)
(8.264517067241784e-07 -3.812311690797983e-06 -1.205660734052688e-06)
(-4.413925242757876e-07 -7.226147406497769e-07 7.383452614469824e-07)
(6.353784354241224e-06 1.365892943215457e-06 -7.972526903181206e-07)
(-7.847618306611639e-07 9.339253690608119e-09 6.848956141394294e-06)
(2.900953792725933e-07 6.878144792578148e-07 -2.315117564415971e-07)
(1.040265564530727e-07 -2.317499962399564e-07 -3.197934127019617e-07)
(1.497396981583257e-06 -2.853140034061681e-07 -7.617659585319391e-07)
(1.346957458097947e-05 1.766391652192802e-06 -3.081985686934829e-06)
(7.024153179583793e-06 -1.142981355900333e-06 -1.27561823818406e-06)
(1.364131782552358e-05 -7.875936069504592e-06 7.009121617304991e-07)
(-4.519593236149627e-05 3.193323751880564e-06 -2.331110844037813e-07)
(-5.133729056302613e-06 -1.108884827379238e-05 5.214623563833096e-07)
(1.60068112967685e-05 -4.145050075833222e-06 -5.013743132261316e-07)
(1.022326887507397e-05 -3.955751271189762e-06 -1.981029767093404e-06)
(4.152645350914462e-06 3.112217592787995e-06 -1.135893348849755e-06)
(1.282733134411454e-06 1.978533998907788e-06 -5.528676848860071e-07)
(9.819975037152391e-07 -6.540047654347261e-07 4.047570558010163e-08)
(-1.465862462511489e-06 -8.811212782265015e-07 6.769011073829204e-07)
(-7.055201895791555e-06 2.041389164524909e-06 9.145083314463349e-07)
(8.667750941805174e-06 -1.103799371964104e-06 -1.592539490867278e-06)
(-1.001936290762445e-06 3.025357422843385e-07 -7.019436364835207e-07)
(-3.833638780422232e-06 6.326065112646736e-07 -5.271478868797812e-07)
(4.974877906111731e-07 -2.03168733364426e-06 1.680725647554672e-07)
(-9.081595860526755e-06 2.196193731468303e-06 -3.014272084467122e-06)
(-2.058261488780043e-05 1.204688961363919e-06 -5.508073776781361e-06)
(-1.904872843575725e-06 -3.037050394681002e-06 3.084416918124819e-07)
(-7.253844842509639e-07 -1.146106262502524e-06 8.246399462432197e-08)
(-1.2496272809774e-05 1.61187518524996e-06 -1.344362060564748e-06)
(-3.020137438235682e-05 -9.527314558300278e-07 -1.165656006152819e-06)
(-1.053833002753688e-05 -2.359289136064363e-06 5.206710113505712e-07)
(-2.516334461838542e-06 -4.006558928105424e-07 -2.513902737517432e-08)
(-5.909627735407273e-06 -1.090127318169521e-05 -1.102649763705528e-06)
(-8.435276909908971e-07 -3.498426913491835e-06 -1.280850374577791e-07)
(-1.607457958363129e-05 -2.302569877539832e-06 4.827822093273982e-07)
(-3.383521776386446e-06 -1.466784534584594e-06 -3.428715797610072e-07)
(-2.742646799505374e-07 -4.133367669722175e-07 -2.071694708258387e-07)
(-2.339538184782976e-06 -9.445424470344803e-07 -7.514489526729031e-07)
(-1.29647670902531e-06 -6.765049080177449e-06 -8.317075905740536e-07)
(-2.818802459641983e-06 -6.525125812408633e-06 -1.061839798594874e-06)
(-1.940106804727598e-05 -8.151618848268232e-07 3.965524868201e-07)
(-3.085060638244719e-05 -4.145071919557245e-06 2.011048855713846e-06)
(-4.931060298506343e-06 -1.653987792839636e-06 -3.849382984688781e-07)
(-3.475820083140177e-05 -1.638498210749696e-06 -1.239497531535589e-06)
(-1.086350393046084e-06 -8.59219731979348e-07 -1.498940138084749e-07)
(-6.15057987750063e-07 -4.297763207532118e-06 6.826733336952186e-07)
(-1.186492933693452e-05 -4.995351666025503e-06 2.883510406256738e-06)
(-1.845361819497951e-05 -2.855373745229973e-06 1.2949415131757e-06)
(-5.676537431718273e-06 -4.939130794592448e-06 8.54849065513865e-07)
(-3.227395189770568e-05 -2.732043348332043e-06 1.931170922516676e-06)
(-1.442108194377466e-05 -2.757396897430113e-06 1.495286299136288e-07)
(-2.048181204383106e-05 -2.810316669061043e-06 1.64135691307826e-06)
(-2.550352903786295e-05 -3.110862169546734e-07 -2.416604006924086e-06)
(-5.865996841827961e-05 -3.245197997061401e-06 2.228902259953379e-06)
(-9.362901385942776e-05 -1.27839267082408e-06 2.191776259445711e-06)
(-6.043866321574874e-06 -2.140601945054172e-06 2.10502189670459e-06)
(5.591897516085821e-07 -1.864290856739002e-06 1.839442918157867e-06)
(-2.396860933019716e-06 -5.684483259336242e-06 6.675651162322218e-06)
(-8.745043588813087e-06 6.693233127590935e-07 1.980958063151758e-06)
(-1.815662172835063e-05 -5.263850488398581e-06 2.591405101798854e-06)
(-1.862241461513604e-05 -1.648141534103855e-06 1.419713724950222e-06)
(-4.424604098801646e-06 -2.511176104537647e-07 1.370425463556979e-07)
(-1.083511963426138e-06 -8.35484824825129e-07 4.097402289510968e-07)
(-2.179905569906702e-06 -3.819260655352408e-06 9.24153995727184e-07)
(-1.764450557730613e-05 -2.076377277205232e-07 3.770056877882012e-07)
(-3.408542481009887e-05 1.110445126511488e-07 -1.565957537361179e-06)
(-2.717102978019449e-05 -5.933811450701233e-06 1.267949629768295e-06)
(-5.484034702880953e-06 -1.846060228673458e-06 1.587195198954204e-07)
(-3.260454805710037e-06 -3.820940282704859e-06 -4.310346540651157e-07)
(-9.79004647588788e-06 -1.36139915512814e-06 -1.249869895069571e-09)
(1.93416385238251e-06 -1.145534953026151e-06 7.105153962765307e-08)
(4.294827847196944e-07 -3.276610885447156e-06 -1.782255973713847e-07)
(-9.80288158578782e-06 -1.009890445439509e-06 6.242093429429269e-07)
(-1.161242068274369e-05 -1.423774914395135e-06 -3.016527566824375e-06)
(-1.018382087785906e-05 -5.476408148227997e-07 -4.204628289676003e-07)
(-8.377575104550688e-06 -1.036691612596395e-06 -1.764776686437624e-06)
(-1.1443692311998e-05 7.744288164570578e-07 -1.622482834424642e-06)
(-2.612922024878721e-05 -1.300729431713119e-06 -4.469884620871135e-07)
(-4.810744049226972e-05 -1.143524758819243e-06 -2.40389610988779e-06)
(-1.118419221394205e-06 -1.550707715963313e-06 -5.74228635604649e-07)
(-1.61579559616871e-05 -3.073138055749362e-06 1.490428380686502e-07)
(-1.308214528135104e-05 -1.450503288439672e-06 9.070332473228319e-07)
(-5.13576827977317e-06 -1.438241263659222e-06 -9.316320083759661e-07)
(-2.22337557064989e-06 -3.980388217442343e-06 -1.068686770961575e-06)
(3.339120896034028e-07 1.135944062549681e-07 -1.007418148487678e-07)
(-2.793874603389793e-06 -3.323929167217287e-06 -3.717753730157178e-06)
(-4.94756179836781e-07 -2.939219446565652e-06 -3.014566810508658e-06)
(-1.157960559995063e-05 3.192420440704324e-07 3.058301489997069e-07)
(-1.160660216421232e-05 -2.24366792823837e-06 -1.465056074972827e-06)
(-1.118857407927315e-05 -2.703330346191763e-06 -2.730269899662657e-06)
(-6.387953616686226e-06 -8.252017211112797e-07 -8.548040483137396e-07)
(-1.649785341905365e-06 -2.177361343938365e-06 -4.350996682695713e-07)
(-1.133909926462207e-06 -2.678644704086048e-06 -3.857999431256094e-07)
(-2.107104322927129e-05 -4.279208418700146e-06 -1.703678853197117e-06)
(-3.018691145055699e-05 -4.06136237249915e-06 -1.05988597647484e-06)
(-2.466420022715865e-05 -3.187319614486414e-06 2.049956469733554e-07)
(2.787457321252057e-06 -4.415011074931116e-07 -1.071164994966353e-06)
(-1.930432316877014e-05 1.325327186801042e-06 -2.511479366071077e-06)
(-2.102661222059252e-06 -5.553555143438887e-06 1.898799199007633e-06)
(1.523246060705946e-06 -1.411592374251891e-06 5.782401640016858e-07)
(-7.681577218280176e-06 1.435481519865041e-06 -1.723148363470431e-06)
(1.905522345594505e-06 -7.868619871623082e-07 -2.101367949602934e-06)
(1.156462484476754e-06 -4.03440388069755e-07 1.339397719983198e-06)
(-2.132690236035761e-06 -2.097889015554857e-07 6.019282285015661e-07)
(-1.38826509340388e-05 -1.512008697432872e-07 -2.18858699670956e-06)
(-5.442493982797229e-06 8.205669294608211e-08 -5.535398009801636e-07)
(-8.188942912117087e-07 -6.036471370393113e-07 9.616639488170854e-07)
(-2.686569641190323e-06 6.132759860901673e-07 -1.28328204147508e-07)
(-9.663525269805529e-06 -2.504633651201186e-06 1.079705043245138e-06)
(-8.54719760429921e-06 -9.897416173292501e-07 -1.40776725908047e-06)
(4.424241565558782e-06 9.939973755955821e-07 -2.292641035124695e-06)
(4.155894447831035e-06 2.35858629972525e-06 9.512169397192109e-07)
(-6.584901609070934e-06 3.468669787376943e-07 1.374416043319993e-06)
(-5.371518559388172e-06 1.120079256339911e-06 -5.333030740733591e-07)
(-1.337439238158359e-05 1.930355570859926e-06 9.809376462218898e-07)
(-1.031514889716855e-05 6.058146299825337e-06 -2.176804165060924e-06)
(-1.189694952993482e-05 -1.263303627414878e-07 1.519948573094906e-06)
(-7.983705912230543e-06 1.31427841636779e-06 -1.027925166802702e-06)
(-1.775963437782945e-06 7.047377336160712e-08 -4.74329730378708e-08)
(-2.46599943300012e-06 2.680091982540856e-07 -1.176627522497668e-07)
(-2.228759903617533e-06 1.897245119580025e-07 -1.263166294797441e-07)
(4.988806304873684e-06 1.248390484521692e-06 1.118942656958197e-06)
(8.935749257507783e-06 -1.47127307915939e-07 -9.361705701194483e-06)
(1.228122027261227e-05 4.749235763061546e-07 -4.586977957443843e-07)
(-1.777703488802483e-05 2.302961772520509e-06 -4.510197678018871e-07)
(-3.06689180118077e-06 6.645406086663874e-07 -2.138567735091045e-06)
(-2.570759239572389e-07 2.51501444866226e-06 -1.36702496550818e-06)
(-3.084315720366557e-06 -2.243151174543836e-07 -1.851803104868581e-06)
(-1.344455557881207e-05 -8.952950906408609e-07 5.096104437501761e-08)
(3.890581761187451e-06 1.670149169433139e-06 7.194986291562695e-07)
(1.200200897853033e-07 3.486131879111585e-06 -3.180089314021232e-06)
(-4.25447706145171e-06 1.953894140324121e-06 -3.917039410968364e-07)
(-3.323311285670426e-06 1.878227458037669e-06 2.48275147762383e-06)
(-1.437173371311819e-06 9.323037536598814e-07 -1.365681049402249e-07)
(-5.812063000946617e-06 8.404966791624258e-08 1.002901932451551e-06)
(3.118771484235901e-06 -1.572581240382054e-06 2.599602641972057e-06)
(-4.1606790223448e-06 -8.28069607192457e-08 1.350889218056192e-07)
(-2.871222909292286e-05 8.913132405050474e-06 -1.097461667373317e-05)
(-2.547219713878671e-06 3.854957612663039e-07 4.130697054753881e-07)
(-2.65030441122269e-06 3.714901327513135e-06 -2.566506109260788e-06)
(-1.9978401424607e-06 3.649754628195375e-06 6.355608765883871e-07)
(-3.887012309275066e-06 1.08540827825342e-06 -1.836039553824037e-07)
(5.682968696832849e-06 1.847700026887719e-06 -4.369692222224899e-06)
(0 0 0)
(0 0 0)
(0 0 0)
(0 0 0)
(0 0 0)
(0 0 0)
(0 0 0)
(0 0 0)
(0 0 0)
(0 0 0)
(0 0 0)
(0 0 0)
(0 0 0)
(0 0 0)
(0 0 0)
(0 0 0)
(0 0 0)
(0 0 0)
(0 0 0)
(0 0 0)
(0 0 0)
(0 0 0)
(0 0 0)
(0 0 0)
(0 0 0)
(0 0 0)
(0 0 0)
(0 0 0)
(0 0 0)
(0 0 0)
(0 0 0)
(0 0 0)
(0 0 0)
(0 0 0)
(0 0 0)
(0 0 0)
(0 0 0)
(0 0 0)
(0 0 0)
(0 0 0)
(0 0 0)
(0 0 0)
(0 0 0)
(0 0 0)
(0 0 0)
(0 0 0)
(0 0 0)
(0 0 0)
(0 0 0)
(0 0 0)
(0 0 0)
(0 0 0)
(0 0 0)
(0 0 0)
(0 0 0)
(0 0 0)
(0 0 0)
(0 0 0)
(0 0 0)
(0 0 0)
(0 0 0)
(0 0 0)
(0 0 0)
(0 0 0)
(0 0 0)
(0 0 0)
(0 0 0)
(0 0 0)
(0 0 0)
(0 0 0)
(0 0 0)
(0 0 0)
(0 0 0)
(0 0 0)
(0 0 0)
(0 0 0)
(0 0 0)
(0 0 0)
(0 0 0)
(0 0 0)
(0 0 0)
(0 0 0)
(0 0 0)
(0 0 0)
(0 0 0)
(0 0 0)
(0 0 0)
(0 0 0)
(0 0 0)
(0 0 0)
(0 0 0)
(0 0 0)
(0 0 0)
(0 0 0)
(0 0 0)
(0 0 0)
(0 0 0)
(0 0 0)
(0 0 0)
(0 0 0)
(0 0 0)
(0 0 0)
(0 0 0)
(0 0 0)
(0 0 0)
(0 0 0)
(0 0 0)
(0 0 0)
(0 0 0)
(0 0 0)
(0 0 0)
(0 0 0)
(0 0 0)
(0 0 0)
(0 0 0)
(0 0 0)
(0 0 0)
(0 0 0)
(0 0 0)
(0 0 0)
(0 0 0)
(0 0 0)
(0 0 0)
(0 0 0)
(0 0 0)
(0 0 0)
(0 0 0)
(0 0 0)
(0 0 0)
(0 0 0)
(0 0 0)
(0 0 0)
(0 0 0)
(0 0 0)
(0 0 0)
(0 0 0)
(0 0 0)
(0 0 0)
(0 0 0)
(0 0 0)
(0 0 0)
(0 0 0)
(0 0 0)
(0 0 0)
(0 0 0)
(0 0 0)
(0 0 0)
(0 0 0)
(0 0 0)
(0 0 0)
(0 0 0)
(0 0 0)
(0 0 0)
(0 0 0)
(0 0 0)
(0 0 0)
(0 0 0)
(0 0 0)
(0 0 0)
(0 0 0)
(0 0 0)
(0 0 0)
(0 0 0)
(0 0 0)
(0 0 0)
(0 0 0)
(0 0 0)
(0 0 0)
(0 0 0)
(0 0 0)
(0 0 0)
(0 0 0)
(0 0 0)
(0 0 0)
(0 0 0)
(0 0 0)
(0 0 0)
(0 0 0)
(0 0 0)
(0 0 0)
(0 0 0)
(0 0 0)
(0 0 0)
(0 0 0)
(0 0 0)
(0 0 0)
(0 0 0)
(0 0 0)
(0 0 0)
(0 0 0)
(0 0 0)
(0 0 0)
(0 0 0)
(0 0 0)
(0 0 0)
(0 0 0)
(0 0 0)
(0 0 0)
(0 0 0)
(0 0 0)
(0 0 0)
(0 0 0)
(0 0 0)
(0 0 0)
(0 0 0)
(0 0 0)
(0 0 0)
(0 0 0)
(0 0 0)
(0 0 0)
(0 0 0)
(0 0 0)
(0 0 0)
(0 0 0)
(0 0 0)
(0 0 0)
(0 0 0)
(0 0 0)
(0 0 0)
(0 0 0)
(0 0 0)
(0 0 0)
(0 0 0)
(0 0 0)
(0 0 0)
(0 0 0)
(0 0 0)
(0 0 0)
(0 0 0)
(0 0 0)
(0 0 0)
(0 0 0)
(0 0 0)
(0 0 0)
(0 0 0)
(0 0 0)
(0 0 0)
(0 0 0)
(0 0 0)
(0 0 0)
(0 0 0)
(0 0 0)
(0 0 0)
(0 0 0)
(0 0 0)
(0 0 0)
(0 0 0)
(0 0 0)
(0 0 0)
(0 0 0)
(0 0 0)
(0 0 0)
(0 0 0)
(0 0 0)
(0 0 0)
(0 0 0)
(0 0 0)
(0 0 0)
(0 0 0)
(0 0 0)
(0 0 0)
(0 0 0)
(0 0 0)
(0 0 0)
(0 0 0)
(0 0 0)
(0 0 0)
(0 0 0)
(0 0 0)
(0 0 0)
(0 0 0)
(0 0 0)
(0 0 0)
(0 0 0)
(0 0 0)
(0 0 0)
(0 0 0)
(0 0 0)
(0 0 0)
(0 0 0)
(0 0 0)
(0 0 0)
(0 0 0)
(0 0 0)
(0 0 0)
(0 0 0)
(0 0 0)
(0 0 0)
(0 0 0)
(0 0 0)
(0 0 0)
(0 0 0)
(0 0 0)
(0 0 0)
(0 0 0)
(0 0 0)
(0 0 0)
(0 0 0)
(0 0 0)
(0 0 0)
(0 0 0)
(0 0 0)
(0 0 0)
(0 0 0)
(0 0 0)
(0 0 0)
(0 0 0)
(0 0 0)
(0 0 0)
(0 0 0)
(0 0 0)
(0 0 0)
(0 0 0)
(0 0 0)
(0 0 0)
(0 0 0)
(0 0 0)
(0 0 0)
(0 0 0)
(0 0 0)
(0 0 0)
(0 0 0)
(0 0 0)
(0 0 0)
(0 0 0)
(0 0 0)
(0 0 0)
(0 0 0)
(0 0 0)
(0 0 0)
(0 0 0)
(0 0 0)
(0 0 0)
(0 0 0)
(0 0 0)
(0 0 0)
(0 0 0)
(0 0 0)
(0 0 0)
(0 0 0)
(0 0 0)
(0 0 0)
(0 0 0)
(0 0 0)
(0 0 0)
(0 0 0)
(0 0 0)
(0 0 0)
(0 0 0)
(0 0 0)
(0 0 0)
(0 0 0)
(0 0 0)
(0 0 0)
(0 0 0)
(0 0 0)
(0 0 0)
(0 0 0)
(0 0 0)
(0 0 0)
(0 0 0)
(0 0 0)
(0 0 0)
(0 0 0)
(0 0 0)
(0 0 0)
(0 0 0)
(0 0 0)
(0 0 0)
(0 0 0)
(0 0 0)
(0 0 0)
(0 0 0)
(0 0 0)
(0 0 0)
(0 0 0)
(0 0 0)
(0 0 0)
(0 0 0)
(0 0 0)
(0 0 0)
(0 0 0)
(0 0 0)
(0 0 0)
(0 0 0)
(0 0 0)
(0 0 0)
(0 0 0)
(0 0 0)
(0 0 0)
(0 0 0)
(0 0 0)
(0 0 0)
(0 0 0)
(0 0 0)
(0 0 0)
(0 0 0)
(0 0 0)
(0 0 0)
(0 0 0)
(0 0 0)
(0 0 0)
(0 0 0)
(0 0 0)
(0 0 0)
(0 0 0)
(0 0 0)
(0 0 0)
(0 0 0)
(0 0 0)
(0 0 0)
(0 0 0)
(0 0 0)
(0 0 0)
(0 0 0)
(0 0 0)
(0 0 0)
(0 0 0)
(0 0 0)
(0 0 0)
(0 0 0)
(0 0 0)
(0 0 0)
(0 0 0)
(0 0 0)
(0 0 0)
(0 0 0)
(0 0 0)
(0 0 0)
(0 0 0)
(0 0 0)
(0 0 0)
(0 0 0)
(0 0 0)
(0 0 0)
(0 0 0)
(0 0 0)
(0 0 0)
(0 0 0)
(0 0 0)
(0 0 0)
(0 0 0)
(0 0 0)
(0 0 0)
(0 0 0)
(0 0 0)
(0 0 0)
(0 0 0)
(0 0 0)
(0 0 0)
(0 0 0)
(0 0 0)
(0 0 0)
(0 0 0)
(0 0 0)
(0 0 0)
(0 0 0)
(0 0 0)
(0 0 0)
(0 0 0)
(0 0 0)
(0 0 0)
(0 0 0)
(0 0 0)
(0 0 0)
(0 0 0)
(0 0 0)
(0 0 0)
(0 0 0)
(0 0 0)
(0 0 0)
(0 0 0)
(0 0 0)
(0 0 0)
(0 0 0)
(0 0 0)
(0 0 0)
(0 0 0)
(0 0 0)
(0 0 0)
(0 0 0)
(0 0 0)
(0 0 0)
(0 0 0)
(0 0 0)
(0 0 0)
(0 0 0)
(0 0 0)
(0 0 0)
(0 0 0)
(0 0 0)
(0 0 0)
(0 0 0)
(0 0 0)
(0 0 0)
(0 0 0)
(0 0 0)
(0 0 0)
(0 0 0)
(0 0 0)
(0 0 0)
(0 0 0)
(0 0 0)
(0 0 0)
(0 0 0)
(0 0 0)
(0 0 0)
(0 0 0)
(0 0 0)
(0 0 0)
(0 0 0)
(0 0 0)
(0 0 0)
(0 0 0)
(0 0 0)
(0 0 0)
(0 0 0)
(0 0 0)
(0 0 0)
(0 0 0)
(0 0 0)
(0 0 0)
(0 0 0)
(0 0 0)
(0 0 0)
(0 0 0)
(0 0 0)
(-5.440953670317762e-07 6.460247429800125e-07 -5.650791156999902e-07)
(1.467819666749182e-06 8.76835035218037e-07 -2.574721406833151e-08)
(5.501100791817185e-07 4.15005400225616e-07 -3.171766809404103e-07)
(7.005656332620389e-07 3.404839006033918e-09 -2.373768924441287e-07)
(1.233969068903743e-05 7.292154732240197e-06 7.291873692887216e-06)
(1.659348707125161e-06 -1.758980665026841e-06 1.565077016858444e-06)
(0 0 0)
(0 0 0)
(1.196786567610615e-05 -4.663073370307284e-06 3.586193853121375e-06)
(0 0 0)
(0 0 0)
(0 0 0)
(-5.794861907234235e-07 -1.541630800149321e-07 -5.793832037140808e-07)
(8.582015479602412e-06 1.830392770991037e-06 6.075221410792183e-07)
(2.939512401862623e-06 2.517378174623745e-06 4.512989843464254e-06)
(-6.147569247623316e-07 -1.699329860960962e-07 1.120050462126174e-07)
(-2.967110096579315e-06 -2.66063138660224e-07 4.804399172768908e-08)
(4.845042286477155e-06 8.44840501688955e-07 1.008927937647947e-06)
(-3.912146963510725e-07 -1.592824421275586e-07 1.686264883923939e-07)
(1.264094042677913e-06 -2.521094404193907e-07 -1.463474569871884e-07)
(6.83870878333579e-07 1.658409924405561e-07 5.274497487831568e-07)
(6.081138716376267e-07 -4.425137615179751e-07 -4.229893851485681e-07)
(6.726158693756709e-07 -3.396559928635203e-06 -9.412165662656008e-07)
(0 0 0)
(-3.409122291100953e-08 -8.318797353389645e-08 -4.813767720875399e-07)
(4.81206704480603e-07 -4.922401627305326e-07 1.274624417725503e-07)
(1.021855149696813e-06 -4.017461845560124e-07 6.200039196972676e-08)
(-3.426810028350703e-07 -1.511775691304367e-07 1.330598320790123e-07)
(-1.200438719702061e-06 -5.854278026706521e-07 -2.998538252921683e-07)
(-3.318714045186595e-07 -2.329536481080379e-07 6.647442952716484e-08)
(1.137076942844524e-06 -5.790743893922522e-07 -3.430477545940176e-07)
(-7.41389013996384e-07 -6.376543053726571e-07 -2.726082775311278e-07)
(2.999430059211659e-07 -6.489045892284434e-08 -2.916983801974785e-07)
(5.762044195181042e-07 4.997979330396303e-08 -2.401764618782811e-07)
(2.999774784327479e-07 -1.726449085809948e-07 -1.461245906406103e-06)
(5.999164100217082e-07 -1.401061974172323e-07 -1.678103085410566e-06)
(1.34234290194875e-06 -2.833730215872551e-07 -7.956665495980643e-07)
(8.288914347437602e-07 -4.439902588984935e-07 3.224453781225972e-07)
(5.460109157076108e-07 -1.048608978825593e-07 7.108479558306138e-08)
(1.36179346441077e-07 -3.682246913033205e-07 -1.415427862555969e-06)
(4.635147391776006e-07 -7.5241748031979e-07 -6.936729409639443e-07)
(1.286417714724782e-06 -2.148624014747539e-06 -3.471388783618328e-07)
(1.021688434856857e-06 4.47918846247042e-07 -4.808474601382349e-07)
(-1.472685889169509e-06 -3.475474069739479e-06 -4.574517307735145e-07)
(6.586187631196218e-07 -2.47242710753405e-06 -7.848397331540871e-07)
(5.656616595642266e-08 -3.86208727651596e-07 -5.334495033841829e-08)
(3.807496688684827e-06 1.969074930609354e-06 5.542724780776728e-07)
(-2.029659148378663e-07 8.033333780487086e-07 2.988332571196564e-07)
(0 0 0)
(0 0 0)
(0 0 0)
(0 0 0)
(0 0 0)
(0 0 0)
(0 0 0)
(0 0 0)
(0 0 0)
(0 0 0)
(0 0 0)
(0 0 0)
(0 0 0)
(0 0 0)
(7.632186205874591e-07 -1.049324049707976e-06 2.550783576854894e-07)
(-4.897809059994395e-07 -2.880528396555883e-06 -2.690225098737095e-07)
(7.066741390265196e-07 -2.369792617449808e-06 -5.978406584064682e-07)
(-6.084725786673436e-07 3.64285002334348e-08 -3.601999932394362e-07)
(4.796139221172133e-07 -1.3206266300761e-06 -3.376998482396319e-07)
(-4.475502028888015e-07 -2.551301789548115e-07 -1.922103974819934e-07)
(-1.271238725801148e-07 -2.506511977559567e-07 -2.226128079799892e-07)
(-5.783977173736426e-07 -2.523557290741884e-07 -4.872335141174108e-08)
(-2.423487755408412e-07 -3.515508035415634e-07 -9.523902085067684e-08)
(1.451937387890332e-08 -3.796666208676222e-07 -1.373012433472992e-08)
(-7.531231957286015e-07 -1.972124041414589e-07 -9.793796378993196e-07)
(7.36045524437342e-08 -2.468232571551066e-07 -2.91948315724767e-07)
(6.370476530487089e-07 -5.836642578285191e-07 -4.707456516561956e-07)
(-8.820833336400789e-07 1.358303638362139e-07 -7.22036007781303e-07)
(1.891139673162744e-06 -1.676352588879616e-07 -3.785228694757859e-07)
(9.391778597896069e-07 1.440383401475808e-06 -1.389707119521874e-06)
(0 0 0)
(0 0 0)
(0 0 0)
(0 0 0)
(0 0 0)
(0 0 0)
(0 0 0)
(0 0 0)
(0 0 0)
(0 0 0)
(0 0 0)
(9.557332774780495e-07 -8.38974900477286e-07 -5.208858647102901e-08)
(0 0 0)
(0 0 0)
(-3.291095403188663e-06 -2.393400139064194e-06 2.683540478095482e-06)
(0 0 0)
(-1.08100902680231e-06 1.376158805639605e-07 -1.042181823944179e-06)
(0 0 0)
(0 0 0)
(-2.095572474729549e-06 -2.535377629044902e-06 2.211728677728308e-06)
(6.688110802828501e-06 2.310600523421975e-06 -4.116108593954658e-07)
(0 0 0)
(0 0 0)
(0 0 0)
(0 0 0)
(0 0 0)
(0 0 0)
(0 0 0)
(0 0 0)
(0 0 0)
(0 0 0)
(0 0 0)
(0 0 0)
(0 0 0)
(0 0 0)
(0 0 0)
(0 0 0)
(0 0 0)
(0 0 0)
(0 0 0)
(0 0 0)
(0 0 0)
(0 0 0)
(0 0 0)
(0 0 0)
(0 0 0)
(0 0 0)
(0 0 0)
(0 0 0)
(0 0 0)
(0 0 0)
(0 0 0)
(0 0 0)
(0 0 0)
(0 0 0)
(0 0 0)
(0 0 0)
(0 0 0)
(0 0 0)
(0 0 0)
(0 0 0)
(0 0 0)
(0 0 0)
(0 0 0)
(0 0 0)
(0 0 0)
(0 0 0)
(0 0 0)
(0 0 0)
(0 0 0)
(0 0 0)
(0 0 0)
(0 0 0)
(0 0 0)
(0 0 0)
(0 0 0)
(0 0 0)
(0 0 0)
(0 0 0)
(0 0 0)
(0 0 0)
(0 0 0)
(0 0 0)
(-3.357238686328012e-06 2.267883144915957e-06 -1.58757820821425e-07)
(-3.738708265936506e-06 -1.411357126899477e-06 -5.453313677657105e-07)
(-1.094806135323636e-06 5.248607590864117e-06 -5.914111776733139e-07)
(-1.032266102644826e-06 -9.444848224258297e-07 5.115191559252215e-08)
(-8.13009316378043e-06 5.443693457007543e-06 -9.631298600751683e-07)
(-2.687551143359297e-06 4.561356707632978e-06 -4.807958948403455e-07)
(-6.178500802544219e-06 1.597656657325793e-06 7.547376828590605e-07)
(-3.379213977844722e-06 -7.652358586614287e-07 1.112565546775292e-07)
(-1.760059448696114e-06 3.782299283106306e-06 7.316054513607889e-07)
(-1.505165357618405e-05 -2.63672335045645e-06 4.829284535388593e-08)
(-3.589252718978126e-05 2.527277426920601e-06 -1.091214704145605e-06)
(-4.037701668543266e-05 1.992719456331848e-06 5.042976132094657e-06)
(-6.059389441458875e-06 -1.60826194352464e-06 5.427468668677044e-07)
(-1.601037326259678e-06 -2.294378617269235e-07 1.416588881211015e-06)
(-4.167740689685071e-07 7.279304419760202e-07 1.011441975501853e-06)
(-9.968403876429376e-06 -2.770425336101508e-06 -3.40872060863001e-07)
(-2.576247145377318e-06 6.39891769773981e-07 8.111612067522139e-07)
(-3.378856045817749e-07 6.989862822046398e-07 1.551384844647914e-07)
(-5.041595087197978e-06 -4.391612480573449e-06 7.905367947840372e-07)
(-5.845669317265508e-06 -3.229087768648112e-06 -1.004606079915105e-07)
(-2.421409651423019e-06 -3.49453932937167e-06 -8.574871036589534e-07)
(-7.054303337090387e-06 -6.176691193064768e-06 -9.516698314797406e-07)
(4.816174543608615e-06 -1.415305854928779e-05 -3.979222275132162e-06)
(-2.131480895412279e-06 -3.442752493368157e-06 9.393908320707065e-07)
(-2.33826495818357e-07 -1.099385428222143e-06 -6.925381933278248e-08)
(-2.293602451355414e-06 -4.154437952375148e-06 1.086094476993092e-07)
(-3.116251094503298e-06 -5.520946092655495e-06 -5.458548790288743e-07)
(-2.49696699617874e-06 -4.913750828302126e-06 6.68945666091564e-07)
(-3.379694143355926e-06 -5.566747424116238e-06 -2.933981240909946e-07)
(0 0 0)
(0 0 0)
(0 0 0)
(0 0 0)
(0 0 0)
(0 0 0)
(0 0 0)
(0 0 0)
(0 0 0)
(0 0 0)
(0 0 0)
(0 0 0)
(0 0 0)
(0 0 0)
(2.557836132947511e-06 -1.363768600617584e-06 9.243953311358382e-07)
(4.65420653846879e-06 -5.091254690563419e-06 4.527117235023887e-06)
(0 0 0)
(-1.893071023241261e-07 -2.889141081884648e-06 1.105863269604752e-07)
(-1.634398297258553e-07 -1.791969632189143e-06 -3.428464186238715e-07)
(-1.684559758596032e-06 -4.055868525958643e-06 -1.648157350550746e-07)
(0 0 0)
(0 0 0)
(0 0 0)
(0 0 0)
(0 0 0)
(0 0 0)
(0 0 0)
(0 0 0)
(0 0 0)
(0 0 0)
(0 0 0)
(0 0 0)
(0 0 0)
(0 0 0)
(8.133369100629234e-06 -4.399172683894714e-06 5.170054876089768e-06)
(0 0 0)
(-9.508841568136248e-07 -1.221137990988013e-06 -2.400787619829405e-07)
(-1.463586556393166e-06 -6.077340364145909e-06 -6.311855127532353e-07)
(-2.809535668235659e-06 -2.133522043853078e-06 -4.615344246703646e-07)
(-3.299617873711516e-06 -2.968567441658062e-07 -6.842549230815965e-08)
(-1.848975946448347e-06 3.424860211190952e-06 -7.797007446555486e-07)
(-2.37904126270529e-06 2.995403797914901e-06 -4.537744157188308e-07)
(-3.915348275223341e-06 2.28062164181482e-07 -1.215038818919692e-07)
(-6.123734021956019e-06 4.39784582537811e-06 -9.385843223503368e-07)
(-4.560151665854904e-07 1.722432096651684e-06 -4.348105912503031e-07)
(-4.384149082880188e-06 -1.065205900384824e-06 -1.421111347199882e-06)
(-1.421385995536057e-05 3.351707788511335e-07 -7.677575072297561e-07)
(-3.25949213899397e-06 1.059297224089425e-06 -1.027504923550636e-06)
(-9.179145424419782e-06 5.169911377848621e-06 -3.746471929017595e-06)
(-1.465249286263192e-06 2.472785176688108e-06 -1.062759984785459e-06)
(-6.143309246280953e-06 -1.475517310239648e-06 -1.044039965072977e-06)
(-3.904860146622558e-06 -1.758229984973785e-06 -7.133655963015026e-07)
(-1.854327063705088e-06 1.755395115018694e-06 -3.101283886210579e-06)
(-1.325239451293541e-06 4.843288898103949e-06 -3.186805924821819e-06)
(-4.386915629185438e-06 -1.233382829127715e-06 -5.412981711760716e-07)
(-9.696994574071035e-06 3.244831599096089e-06 -2.038450841242653e-06)
(-9.862191588832665e-07 1.976471021540096e-06 -5.379095633512451e-07)
(-1.056486994837991e-05 1.488130037619174e-07 -6.768820821737652e-07)
(-3.550753855615021e-06 -3.173155747645257e-06 1.856784714421706e-06)
(-2.011182997221869e-06 -1.329444601085188e-06 -2.61929441194856e-07)
(-2.313964390160569e-06 -1.981520966332074e-06 -3.576037920147025e-08)
(-5.569231685941442e-06 -2.983690336732149e-06 -1.055536577860681e-06)
(3.614633038902768e-06 -5.698733574975532e-06 3.877933288444915e-07)
(-6.201947214883353e-06 -5.726051983163152e-06 5.716459493000255e-07)
(-3.136480864719041e-06 -3.196580324429119e-06 -4.496594445786026e-07)
(-3.338339076027281e-08 -5.252191900845466e-07 -2.416146601230206e-07)
(-2.231769386434403e-06 -3.386787041877124e-06 -2.554885589316418e-07)
(-4.04609599011386e-06 -3.372173323964327e-06 1.826101951056053e-06)
(-1.26956488309926e-06 -3.542699461958873e-06 7.978010772399624e-07)
(-2.057848567038579e-06 -3.123084664133806e-07 6.80464461750367e-07)
(-1.324973270859522e-06 -6.872727087561073e-07 -6.616679003025252e-07)
(-2.127421114308489e-06 -4.340067257606345e-06 3.213590842509975e-07)
(1.856618284314531e-06 -1.258628023176497e-06 4.599507354193464e-07)
(4.533623804379354e-07 -6.599859775785413e-07 5.13126381088486e-07)
(1.628164686961018e-06 -1.539033121043329e-06 1.016983780715168e-07)
(-1.107910493087895e-07 -1.545279943977668e-08 -3.590303756060301e-09)
(-8.21415358997358e-07 -2.960976066436857e-06 9.209513443522873e-08)
(-8.468284760058345e-07 -3.455013806469846e-06 4.623878700745864e-07)
(-1.928605278546244e-06 -3.586994036375606e-06 -2.700215589959582e-07)
(-5.619309476976889e-06 -1.865931032269823e-06 3.612315476342116e-07)
(-2.504366333361854e-06 -5.697513207141405e-08 -3.69376417188511e-07)
(-6.711937568950378e-06 -1.218236898508165e-06 -1.166877185615128e-06)
(-6.870425463971398e-06 -9.465119998491194e-07 2.944577544067018e-07)
(-5.49016038379739e-06 -8.856392505140768e-07 -6.920270425474125e-07)
(-1.542387670853463e-06 2.398775941086721e-07 -3.030975760475357e-07)
(-4.764965443844885e-06 -6.898670951498669e-07 -1.039043079555226e-06)
(-6.924916492936126e-07 -1.209573807370884e-07 -9.992038373725769e-08)
(-4.597794487215019e-06 -1.298815138265423e-06 1.9148441616948e-07)
(-5.863152890541676e-06 -1.824824999396572e-06 3.276645396127337e-07)
(-5.428868919599185e-06 -1.607028946348697e-06 9.734022596188745e-07)
(-1.407403220494238e-06 -6.801643715294644e-08 3.775431273643549e-07)
(-3.09728758375891e-05 -3.508014949206524e-07 3.904437294159372e-06)
(-4.516358296931073e-06 -1.689654594463557e-06 1.441993961640512e-06)
(-1.229123224864685e-05 -2.563208224688215e-06 -2.459183641751323e-07)
(-7.849409034211827e-06 -2.109906480606059e-06 7.911879874884608e-06)
(-7.280751124039011e-06 -2.308557979742775e-06 -2.513033212335837e-07)
(-2.769947686190102e-06 -6.922522024936295e-07 7.898007823477258e-07)
(-1.229594313721545e-06 -8.683869849956322e-07 1.165169949618785e-06)
(-3.492099802961653e-06 -2.841839519700548e-07 -1.457265837644478e-06)
(-1.544746732028172e-06 -2.834437852125618e-07 -1.942323185367058e-07)
(-6.133496437294165e-06 -1.242690781989644e-06 -3.374094808629554e-07)
(-7.002936583059353e-06 -1.839120822194876e-07 -1.810578258329413e-06)
(-1.135217393966203e-05 -2.846844198716651e-06 -1.538051540913926e-06)
(-7.824648875279972e-06 -4.764628563881141e-07 -1.611307792173144e-06)
(-1.737189311724114e-06 1.326618817934755e-07 -6.886279157668232e-07)
(7.889023770099892e-06 -3.191930010978499e-06 -2.56930270785287e-06)
(-1.273873794687537e-07 -2.417940464047705e-07 -8.111448196918335e-08)
(-6.349288223627392e-06 -2.231065144230036e-06 -1.019578893320565e-07)
(-5.733786805871182e-06 -1.133605380381985e-06 3.151981313540439e-07)
(3.028383520761113e-06 -1.880769549699044e-06 -2.30250633319087e-07)
(-6.359538791767966e-06 -1.721155716868289e-06 -3.040123613806265e-08)
(-6.435464495516195e-06 -2.301655989991809e-06 1.120705126198988e-06)
(-6.551123341538845e-06 -6.829075604510033e-07 -8.861645795554506e-07)
(-6.111107918928181e-06 -8.021316416564377e-07 1.514275931684346e-07)
(-5.97495536365222e-06 -1.304695914017024e-06 -1.820485201189112e-07)
(-7.409638843366417e-07 -9.331926637429489e-08 -5.416938179830835e-08)
(-3.702659045208079e-06 -2.944372977166156e-07 -5.256018904027027e-07)
(-1.677415862966869e-06 -7.275667725458217e-07 -5.892286987350874e-07)
(-1.122249192726024e-06 -7.034909911740716e-07 1.460489221265857e-07)
(-2.441881254667341e-06 -6.191749219065692e-07 5.299511452364025e-08)
(-6.413221506514729e-06 -7.342036608717975e-07 2.252876052413871e-07)
(-1.054412113781606e-07 -1.118933315573487e-07 1.34415942523514e-07)
(-1.232726752867614e-05 -9.502677787104204e-08 2.010696317662429e-06)
(7.583076062162025e-07 -1.217379122904818e-06 -4.803692814910844e-07)
(-2.385934175472957e-05 5.765634305418657e-07 3.611181505286752e-06)
(-4.847983357193895e-05 -1.867720298919442e-06 5.323393823803123e-06)
(-1.284234463801942e-06 -3.275916478537016e-08 5.564205333208991e-06)
(-3.435905628594747e-06 -1.711009242098598e-06 1.227206588685342e-06)
(-2.494617517528341e-06 -2.486032117624633e-07 6.071331078146916e-07)
(-3.295978891874663e-07 -6.808421678539852e-07 2.998177264908508e-06)
(-2.71422306601362e-06 -2.471302324218147e-07 -1.42167787838992e-07)
(-1.407539107919714e-05 -3.487836742043751e-06 3.369943412595804e-06)
(-2.682086875711492e-06 -1.457812511831908e-06 1.323052803590658e-06)
(-8.103870850949908e-06 -9.977520365619217e-07 3.883324772525895e-07)
(-4.039268877838207e-06 -7.965190074126658e-07 2.56449129413092e-07)
(-2.965644620360499e-06 -1.238714987925995e-06 -7.698387763474673e-07)
(-2.910593645590381e-06 1.364074894686328e-08 -3.518263326482176e-07)
(-9.424498056216566e-06 -1.203284953158562e-06 -9.105151202838912e-07)
(-6.273058185627038e-06 4.52678603352701e-07 -5.696979355854861e-07)
(-2.176238989125685e-05 1.526429551259456e-07 -3.049886515082189e-06)
(-2.884944512390197e-05 -1.526169989123094e-07 -1.001523850819925e-06)
(-6.152300729965219e-06 -5.202990842109467e-07 -3.687026670341959e-06)
(-1.813178690885884e-05 -4.45252297089795e-07 -1.308290837001448e-06)
(-3.432650606840815e-05 1.378552661977864e-06 -2.79277662982358e-06)
(-1.571607483212871e-06 -1.228484033440485e-07 -1.107372607968751e-06)
(-4.16446601867448e-06 -7.324198487642644e-07 -7.561061158902685e-07)
(-6.3913655708451e-06 -6.915006424178946e-07 -1.30191200053309e-06)
(-3.340404225921395e-06 -7.44086725699142e-08 -1.33020802443894e-06)
(-6.305150657741898e-06 1.290917864039541e-07 -4.147252095644557e-07)
(-1.402683081064327e-06 -7.45278083258574e-08 -1.768660119926906e-06)
(-2.425940065186911e-07 2.098343097266547e-07 -1.231796398518479e-06)
(-1.046256188409011e-06 1.568095647796022e-07 -6.276662007645227e-07)
(-4.297826501743681e-06 -7.019290312582027e-07 -6.443151847724585e-07)
(-1.084830592772179e-05 -3.743509131092508e-06 -1.688657111379264e-06)
(-4.21722828651747e-06 3.624694921508666e-07 -2.061517136878857e-06)
(-1.135571490923446e-06 6.63329705525665e-07 -3.167453326488058e-06)
(-5.226552063447391e-06 -1.420174403474711e-06 -1.14569608256844e-06)
(-7.95489749466721e-08 1.050061970924832e-07 -3.724699871699847e-08)
(-1.923801145693948e-05 -7.601464765790617e-06 -2.285601892235607e-06)
(-1.416914294175024e-06 -1.093042476397721e-07 9.060979703401878e-08)
(-9.39855538352217e-06 -1.325987169884826e-06 -4.761479542819767e-08)
(-3.375055294673304e-06 -7.150985799971374e-07 -6.052233473217941e-08)
(-8.620305415022028e-06 -4.023131812804011e-07 -9.305962214596808e-08)
(2.670852091245895e-06 -3.237452542170507e-06 3.94951295997086e-06)
(-5.134487696683599e-06 -3.70906844361713e-07 -2.78249941295293e-07)
(-1.950641029811923e-06 1.863388893217759e-07 -5.149220391467105e-07)
(-5.259525715108812e-06 -2.01242247569164e-06 -1.143825277788827e-06)
(-6.186732209189093e-06 -1.678122384806925e-06 -5.86595293644209e-08)
(-2.50626295193316e-06 -2.02968258641839e-07 -3.762033245454683e-07)
(-3.131693073798947e-06 -5.509767322205564e-09 -6.283318339206261e-07)
(-4.819301736548544e-06 -2.000214978598699e-06 -9.990247429710847e-07)
(-5.825933443468534e-06 -1.341419831139865e-06 -3.863286746762093e-07)
(-1.889558273673175e-06 -3.960232107935242e-07 5.161257840490098e-08)
(-2.643366339086627e-06 -5.97859456425581e-07 -9.147024392235938e-09)
(-8.782394911083481e-06 -6.984717505341894e-07 -3.888931839764998e-06)
(-4.924832433988689e-06 -2.50458372630088e-06 2.588987310124271e-07)
(4.455522794058385e-06 -9.502619190223674e-07 4.38889161677289e-07)
(-6.491637691381611e-06 3.968591691710698e-06 2.415373680338682e-06)
(-1.713425440026323e-06 -1.382550109589574e-06 1.849674453854591e-06)
(-2.193514777205205e-06 -9.379362524050812e-07 6.696516560950494e-07)
(-2.206894553811181e-06 -2.021402160402117e-06 -5.82264781951323e-07)
(-1.090480871217137e-06 -7.705286484774942e-07 -4.002177697919723e-08)
(-2.575695044457903e-06 -2.511034778724357e-07 -1.617699367987527e-07)
(-4.261989739061066e-06 -5.151698423786843e-08 -3.830515489446146e-07)
(-1.651473052443339e-06 -9.8796409087414e-07 -2.963278894963666e-07)
(-3.636281587366459e-06 -2.208689458885731e-07 -6.812747988435644e-07)
(-2.593077060340015e-06 -4.154647974721064e-07 -8.336266089193293e-07)
(-2.126806852482406e-06 7.467283394089323e-08 -4.791386099606275e-07)
(-1.197108645432364e-06 -6.594790077059332e-07 -7.012383247344064e-07)
(-3.496980807161906e-06 -9.536999058470431e-07 7.383778570061605e-08)
(-3.45575131226617e-06 -1.366788718259772e-06 3.174418105220959e-08)
(-5.634026103783368e-07 -8.370662390454257e-08 -2.404206776074678e-09)
(-1.608500610241591e-06 -6.272455190808235e-07 -2.130319736286245e-08)
(-1.972312497984275e-06 -8.893007336917885e-07 -2.812592525837342e-07)
(-1.190394340646014e-06 -1.139692833821915e-06 2.332726359489617e-07)
(2.354870156037457e-06 -2.420093060314544e-06 8.605680227174915e-07)
(-4.205726396579126e-06 -8.135023757299399e-07 2.768694057007192e-07)
(-1.765199509920119e-05 -1.19982589336402e-06 1.442615695582096e-06)
(-9.050981294074624e-07 -1.294655005062922e-06 -1.968831026969303e-08)
(-1.116765101989393e-06 -5.203359620996446e-07 -2.089436133031612e-07)
(-2.881725286039849e-07 -9.824959437421177e-07 -2.3545183096162e-06)
(2.750084814651872e-05 -5.326297659435552e-07 1.144449423934295e-06)
(-1.472444434357309e-06 -1.737185881950568e-06 9.28438539564171e-07)
(-1.616357879754262e-06 -9.883136805902609e-07 -4.154511706091517e-08)
(0 0 0)
(0 0 0)
(0 0 0)
(0 0 0)
(0 0 0)
(0 0 0)
(0 0 0)
(0 0 0)
(0 0 0)
(0 0 0)
(0 0 0)
(0 0 0)
(-7.964177104418352e-07 -5.172846583388746e-07 -4.343842277839603e-07)
(2.769148218196794e-08 -3.658216959422451e-07 -1.000608232375324e-07)
(-7.471964644018877e-07 -1.552863825584041e-06 -6.188648843615538e-08)
(-1.030874906222612e-06 -2.4384784862703e-07 2.734251404696518e-07)
(-8.732864645995889e-07 1.275449318161973e-07 5.039037534111825e-07)
(-2.723877315472834e-07 -5.939615266994111e-07 2.538015644678833e-07)
(1.143686215831428e-06 -2.071075111793762e-07 -9.122452861444666e-08)
(-1.447319276425895e-07 -6.822567934421709e-07 -6.960703326380592e-08)
(-2.170282891499645e-06 -1.464633961112539e-06 5.750541314331983e-07)
(2.709561902204846e-06 -1.540443305778543e-06 -4.604710518926892e-07)
(4.040058575581458e-06 -3.874043444456408e-08 -3.008864218326015e-06)
(-2.494151875974745e-06 -7.476216436855644e-08 -9.492883172863421e-07)
(1.417685711769339e-07 -2.989556326232046e-07 -4.07576071740966e-07)
(-1.484739106914505e-06 -2.781506828454926e-07 -1.17433133664548e-06)
(-5.095411170600986e-07 -9.513148441117248e-07 -2.93209345110112e-07)
(-2.148349850676182e-07 -1.334817285318709e-07 -1.10677166058122e-07)
(-1.076672263124129e-06 -1.485968571160005e-06 -3.735560234581671e-07)
(-1.103683245825738e-06 -2.69393039945945e-07 -8.142421219853746e-08)
(2.870890215449156e-07 -2.42895408397909e-06 -1.261453023038295e-06)
(-1.852406072532758e-06 5.367737244544105e-09 -3.830906273328928e-07)
(-9.092815329907889e-08 -1.112147096695289e-06 -2.521494964594332e-07)
(2.323976324743042e-06 -4.420819295961781e-07 -1.169824278566884e-07)
(0 0 0)
(0 0 0)
(0 0 0)
(2.882432465825142e-06 -3.323107939359868e-06 2.111323615282972e-07)
(0 0 0)
(0 0 0)
(0 0 0)
(0 0 0)
(0 0 0)
(0 0 0)
(0 0 0)
(0 0 0)
(0 0 0)
(0 0 0)
(0 0 0)
(0 0 0)
(0 0 0)
(0 0 0)
(0 0 0)
(0 0 0)
(-6.959168729747812e-07 -9.276512677780141e-07 -5.144312258963566e-07)
(-1.079190455112328e-05 -4.98221200954687e-07 -1.961506330251265e-06)
(-3.457551253018214e-06 -3.052794591071395e-07 -2.504399211961387e-07)
(0 0 0)
(-2.834990781634835e-06 -2.226640257247772e-06 7.62380167249656e-07)
(0 0 0)
(0 0 0)
(9.610491602426534e-07 -1.225101783651669e-06 4.696595838849956e-07)
(7.834564272586011e-07 -4.240595969957135e-07 8.506052776686795e-07)
(0 0 0)
(0 0 0)
(0 0 0)
(0 0 0)
(0 0 0)
(0 0 0)
(0 0 0)
(0 0 0)
(0 0 0)
(0 0 0)
(0 0 0)
(0 0 0)
(0 0 0)
(0 0 0)
(0 0 0)
(0 0 0)
(0 0 0)
(0 0 0)
(0 0 0)
(0 0 0)
(0 0 0)
(0 0 0)
(0 0 0)
(0 0 0)
(9.34345840914877e-07 -4.557480278745564e-06 2.406558278298223e-06)
(0 0 0)
(0 0 0)
(0 0 0)
(6.660509631847378e-07 4.10803251758268e-07 7.639681915014325e-07)
(0 0 0)
(2.848166435567798e-06 4.003353308148902e-06 2.821564418211513e-06)
(0 0 0)
(0 0 0)
(0 0 0)
(0 0 0)
(0 0 0)
(0 0 0)
(0 0 0)
(0 0 0)
(0 0 0)
(0 0 0)
(0 0 0)
(0 0 0)
(0 0 0)
(0 0 0)
(0 0 0)
(0 0 0)
(0 0 0)
(0 0 0)
(0 0 0)
(0 0 0)
(0 0 0)
(0 0 0)
(0 0 0)
(0 0 0)
(0 0 0)
(0 0 0)
(0 0 0)
(0 0 0)
(0 0 0)
(0 0 0)
(0 0 0)
(0 0 0)
(0 0 0)
(0 0 0)
(0 0 0)
(0 0 0)
(0 0 0)
(0 0 0)
(0 0 0)
(0 0 0)
(0 0 0)
(0 0 0)
(0 0 0)
(1.409686968503124e-06 -7.850941373500233e-07 1.200898554079847e-07)
(0 0 0)
(0 0 0)
(0 0 0)
(0 0 0)
(0 0 0)
(0 0 0)
(0 0 0)
(0 0 0)
(0 0 0)
(0 0 0)
(0 0 0)
(0 0 0)
(0 0 0)
(0 0 0)
(1.240023418198699e-05 1.382823543177199e-06 2.253043098400706e-06)
(0 0 0)
(0 0 0)
(0 0 0)
(0 0 0)
(6.226498303609346e-07 -2.373111902096561e-08 1.919613157946397e-07)
(0 0 0)
(6.792144892443681e-07 -8.104615077982511e-07 -2.153125288270558e-07)
(0 0 0)
(0 0 0)
(0 0 0)
(0 0 0)
(0 0 0)
(0 0 0)
(0 0 0)
(0 0 0)
(0 0 0)
(0 0 0)
(0 0 0)
(2.679710197870359e-07 -1.182014952322456e-07 -9.36203578988702e-08)
(0 0 0)
(0 0 0)
(0 0 0)
(0 0 0)
(0 0 0)
(0 0 0)
(0 0 0)
(0 0 0)
(0 0 0)
(0 0 0)
(0 0 0)
(0 0 0)
(0 0 0)
(0 0 0)
(0 0 0)
(0 0 0)
(0 0 0)
(0 0 0)
(0 0 0)
(0 0 0)
(0 0 0)
(0 0 0)
(0 0 0)
(0 0 0)
(0 0 0)
(0 0 0)
(0 0 0)
(0 0 0)
(0 0 0)
(0 0 0)
(0 0 0)
(0 0 0)
(0 0 0)
(0 0 0)
(0 0 0)
(0 0 0)
(0 0 0)
(0 0 0)
(0 0 0)
(0 0 0)
(0 0 0)
(0 0 0)
(0 0 0)
(0 0 0)
(0 0 0)
(0 0 0)
(0 0 0)
(0 0 0)
(0 0 0)
(0 0 0)
(0 0 0)
(0 0 0)
(0 0 0)
(0 0 0)
(0 0 0)
(0 0 0)
(0 0 0)
(0 0 0)
(0 0 0)
(0 0 0)
(0 0 0)
(0 0 0)
(0 0 0)
(0 0 0)
(0 0 0)
(0 0 0)
(0 0 0)
(0 0 0)
(0 0 0)
(0 0 0)
(0 0 0)
(0 0 0)
(0 0 0)
(0 0 0)
(0 0 0)
(0 0 0)
(0 0 0)
(0 0 0)
(0 0 0)
(0 0 0)
(0 0 0)
(0 0 0)
(0 0 0)
(0 0 0)
(0 0 0)
(0 0 0)
(0 0 0)
(0 0 0)
(0 0 0)
(0 0 0)
(0 0 0)
(0 0 0)
(0 0 0)
(0 0 0)
(0 0 0)
(0 0 0)
(0 0 0)
(0 0 0)
(0 0 0)
(0 0 0)
(0 0 0)
(0 0 0)
(0 0 0)
(0 0 0)
(0 0 0)
(0 0 0)
(0 0 0)
(0 0 0)
(0 0 0)
(0 0 0)
(0 0 0)
(0 0 0)
(0 0 0)
(0 0 0)
(0 0 0)
(0 0 0)
(0 0 0)
(0 0 0)
(0 0 0)
(0 0 0)
(0 0 0)
(0 0 0)
(0 0 0)
(0 0 0)
(0 0 0)
(0 0 0)
(0 0 0)
(0 0 0)
(0 0 0)
(0 0 0)
(0 0 0)
(0 0 0)
(0 0 0)
(0 0 0)
(0 0 0)
(0 0 0)
(0 0 0)
(0 0 0)
(0 0 0)
(0 0 0)
(0 0 0)
(0 0 0)
(0 0 0)
(0 0 0)
(0 0 0)
(0 0 0)
(0 0 0)
(0 0 0)
(0 0 0)
(0 0 0)
(0 0 0)
(0 0 0)
(0 0 0)
(0 0 0)
(0 0 0)
(0 0 0)
(0 0 0)
(0 0 0)
(0 0 0)
(0 0 0)
(0 0 0)
(0 0 0)
(0 0 0)
(0 0 0)
(0 0 0)
(0 0 0)
(0 0 0)
(0 0 0)
(0 0 0)
(0 0 0)
(0 0 0)
(0 0 0)
(0 0 0)
(0 0 0)
(0 0 0)
(0 0 0)
(0 0 0)
(0 0 0)
(0 0 0)
(0 0 0)
(0 0 0)
(0 0 0)
(0 0 0)
(0 0 0)
(0 0 0)
(0 0 0)
(0 0 0)
(0 0 0)
(0 0 0)
(0 0 0)
(0 0 0)
(0 0 0)
(0 0 0)
(0 0 0)
(0 0 0)
(0 0 0)
(0 0 0)
(0 0 0)
(0 0 0)
(0 0 0)
(0 0 0)
(0 0 0)
(0 0 0)
(0 0 0)
(0 0 0)
(0 0 0)
(0 0 0)
(0 0 0)
(0 0 0)
(3.890293010155069e-05 6.73331527524105e-06 -7.74353842563844e-06)
(0 0 0)
(0 0 0)
(0 0 0)
(0 0 0)
(0 0 0)
(0 0 0)
(0 0 0)
(0 0 0)
(0 0 0)
(0 0 0)
(0 0 0)
(0 0 0)
(0 0 0)
(0 0 0)
(0 0 0)
(0 0 0)
(0 0 0)
(2.357442313317085e-06 7.493841274289362e-07 1.290547929124116e-06)
(6.198304607579603e-06 6.355775622871361e-06 -2.873904169821556e-08)
(-1.112231629430662e-05 -8.364877429256503e-08 -1.898094528143714e-06)
(0 0 0)
(0 0 0)
(0 0 0)
(0 0 0)
(0 0 0)
(0 0 0)
(0 0 0)
(0 0 0)
(0 0 0)
(0 0 0)
(0 0 0)
(0 0 0)
(0 0 0)
(0 0 0)
(0 0 0)
(0 0 0)
(0 0 0)
(0 0 0)
(0 0 0)
(0 0 0)
(0 0 0)
(0 0 0)
(0 0 0)
(0 0 0)
(0 0 0)
(0 0 0)
(0 0 0)
(0 0 0)
(0 0 0)
(0 0 0)
(0 0 0)
(0 0 0)
(0 0 0)
(0 0 0)
(0 0 0)
(0 0 0)
(0 0 0)
(0 0 0)
(0 0 0)
(0 0 0)
(0 0 0)
(0 0 0)
(0 0 0)
(0 0 0)
(0 0 0)
(0 0 0)
(0 0 0)
(0 0 0)
(0 0 0)
(0 0 0)
(0 0 0)
(0 0 0)
(0 0 0)
(0 0 0)
(0 0 0)
(0 0 0)
(0 0 0)
(0 0 0)
(0 0 0)
(0 0 0)
(0 0 0)
(0 0 0)
(0 0 0)
(0 0 0)
(0 0 0)
(0 0 0)
(0 0 0)
(0 0 0)
(0 0 0)
(0 0 0)
(0 0 0)
(0 0 0)
(0 0 0)
(0 0 0)
(0 0 0)
(0 0 0)
(0 0 0)
(0 0 0)
(0 0 0)
(0 0 0)
(0 0 0)
(0 0 0)
(0 0 0)
(0 0 0)
(0 0 0)
(0 0 0)
(0 0 0)
(0 0 0)
(0 0 0)
(2.655260044656242e-07 -1.332491362105653e-06 5.011890259114226e-07)
(0 0 0)
(0 0 0)
(0 0 0)
(0 0 0)
(0 0 0)
(0 0 0)
(0 0 0)
(0 0 0)
(0 0 0)
(0 0 0)
(0 0 0)
(0 0 0)
(0 0 0)
(0 0 0)
(3.069038889439444e-06 -7.831099236821672e-07 2.829118196316282e-06)
)
;


// ************************************************************************* //
