/*--------------------------------*- C++ -*----------------------------------*\
  =========                 |
  \\      /  F ield         | OpenFOAM: The Open Source CFD Toolbox
   \\    /   O peration     | Website:  https://openfoam.org
    \\  /    A nd           | Version:  14
     \\/     M anipulation  |
\*---------------------------------------------------------------------------*/
FoamFile
{
    format      ascii;
    class       volScalarField;
    location    "0.048";
    object      nut;
}
// * * * * * * * * * * * * * * * * * * * * * * * * * * * * * * * * * * * * * //

dimensions      [0 2 -1 0 0 0 0];

internalField   nonuniform List<scalar> 
16000
(
4.7328396e-07
1.0036981e-05
1.8421032e-05
2.4175075e-05
1.8577022e-05
2.5632443e-05
1.7938845e-05
2.4686941e-05
1.902483e-05
2.6430679e-05
2.2014351e-05
2.610614e-05
2.3673717e-05
2.4395005e-05
2.353403e-05
2.3417079e-05
2.3167751e-05
2.310457e-05
2.3117477e-05
2.3229913e-05
2.343354e-05
2.372805e-05
2.4110823e-05
2.458202e-05
2.5143814e-05
2.5802325e-05
2.6565533e-05
2.7446347e-05
2.8460549e-05
2.9625211e-05
3.0958968e-05
3.2486468e-05
3.4239516e-05
3.6257333e-05
3.8588225e-05
4.1289841e-05
4.443088e-05
4.8093206e-05
5.237804e-05
5.741088e-05
6.3339122e-05
7.0336121e-05
7.8620387e-05
8.8459817e-05
0.00010017308
0.00011414094
0.00013083431
0.00015082598
0.00017481208
0.00020363864
0.00023833713
0.00028016585
0.00033065262
0.00039165824
0.00046545191
0.00055481251
0.0006631585
0.00079475182
0.00095502529
0.0010227875
0.0010228456
0.0010228434
0.0010227577
0.0010225264
0.0010221162
0.0010214337
0.00102027
0.001018218
0.0010147871
0.001010153
0.0010067091
0.0010049353
0.0010044511
0.00100446
0.0010057018
0.001007376
0.0010088624
0.0010095791
0.0010084301
0.0010037174
4.2339755e-07
9.5183901e-06
1.9998565e-05
2.185886e-05
1.675174e-05
2.2982006e-05
1.5937141e-05
2.1627465e-05
1.6849596e-05
2.3360577e-05
1.9973675e-05
2.355308e-05
2.1683582e-05
2.2122061e-05
2.145415e-05
2.1279081e-05
2.1073201e-05
2.1004574e-05
2.1019042e-05
2.1121737e-05
2.1309833e-05
2.158257e-05
2.1937957e-05
2.2376201e-05
2.2899001e-05
2.3512108e-05
2.422242e-05
2.5041572e-05
2.5984434e-05
2.7067627e-05
2.8308505e-05
2.972959e-05
3.13603e-05
3.3236892e-05
3.540448e-05
3.7917156e-05
4.0839805e-05
4.4249194e-05
4.8239394e-05
5.2928851e-05
5.8458835e-05
6.4992025e-05
7.2733242e-05
8.1936619e-05
9.2906722e-05
0.0001060035
0.00012167333
0.00014046074
0.00016302872
0.0001901836
0.00022290882
0.00026240792
0.00031014469
0.00036790676
0.00043788086
0.00052275829
0.00062586706
0.00075136282
0.00090454942
0.001021657
0.0010217207
0.0010216786
0.0010215649
0.0010213113
0.00102089
0.0010202168
0.0010191024
0.0010171776
0.0010139809
0.0010096204
0.0010064344
0.0010048087
0.0010043677
0.0010044435
0.0010056689
0.0010072454
0.0010085458
0.0010090272
0.0010078094
0.0010032814
3.855245e-07
9.1180729e-06
1.8928896e-05
1.9921765e-05
1.5001993e-05
2.0233255e-05
1.4197737e-05
1.8798286e-05
1.5157141e-05
2.0493651e-05
1.8226106e-05
2.0975485e-05
1.9661532e-05
1.9819071e-05
1.9308769e-05
1.9108507e-05
1.8936254e-05
1.8872487e-05
1.8889954e-05
1.8986913e-05
1.9162045e-05
1.9414929e-05
1.9743935e-05
2.0149455e-05
2.0632826e-05
2.1199564e-05
2.1855842e-05
2.2612162e-05
2.3482333e-05
2.4482481e-05
2.5629046e-05
2.6942806e-05
2.8451148e-05
3.0187713e-05
3.2194717e-05
3.4522915e-05
3.7233717e-05
4.0399754e-05
4.4108935e-05
4.8472523e-05
5.3626394e-05
5.972461e-05
6.6959976e-05
7.5573324e-05
8.5857077e-05
9.8153426e-05
0.00011288715
0.0001305777
0.00015185868
0.0001775016
0.00020844685
0.00024584886
0.00029111398
0.00034596464
0.00041251408
0.00049337534
0.00059180039
0.00071187255
0.00085881706
0.0010205985
0.0010206742
0.001020591
0.0010204445
0.001020163
0.0010197215
0.0010190419
0.0010179489
0.0010161043
0.0010130881
0.001009007
0.0010061202
0.0010046578
0.001004258
0.0010044255
0.0010056046
0.0010070707
0.0010081693
0.0010084069
0.0010072052
0.0010029262
3.4241216e-07
8.8177685e-06
1.797232e-05
1.8504698e-05
1.3490533e-05
1.7861567e-05
1.2659248e-05
1.6424092e-05
1.3652392e-05
1.8060569e-05
1.6656593e-05
1.8693075e-05
1.7793161e-05
1.7742598e-05
1.7349097e-05
1.7144837e-05
1.7001345e-05
1.6947178e-05
1.6970046e-05
1.7064633e-05
1.723028e-05
1.7466956e-05
1.7773414e-05
1.8150345e-05
1.8598835e-05
1.9124277e-05
1.9732398e-05
2.0432787e-05
2.1238263e-05
2.2164534e-05
2.3227408e-05
2.4446204e-05
2.5846643e-05
2.7460139e-05
2.9326471e-05
3.1493526e-05
3.4019724e-05
3.6974447e-05
4.0440725e-05
4.4523219e-05
4.9353602e-05
5.5079391e-05
6.1883833e-05
6.9996232e-05
7.9700198e-05
9.1324449e-05
0.00010527711
0.00012205865
0.00014228068
0.00016668972
0.00019619479
0.00023191598
0.00027522049
0.00032778837
0.00039168709
0.0004694839
0.00056439334
0.00068047638
0.00082295069
0.00099866481
0.0010197005
0.0010195785
0.0010194004
0.0010190938
0.0010186341
0.0010179489
0.0010168786
0.0010151183
0.0010122871
0.001008479
0.0010058599
0.0010045061
0.0010041281
0.0010043941
0.0010054779
0.001006818
0.0010077242
0.0010077636
0.0010065468
0.0010025987
3.0582701e-07
8.589861e-06
1.713646e-05
1.8519462e-05
1.3402009e-05
1.5793371e-05
1.1304191e-05
1.4386207e-05
1.2354958e-05
1.5959437e-05
1.5256144e-05
1.663344e-05
1.6041632e-05
1.5849328e-05
1.5541504e-05
1.5348751e-05
1.5228996e-05
1.5185399e-05
1.5212706e-05
1.5304568e-05
1.5460572e-05
1.5681228e-05
1.5965719e-05
1.6315163e-05
1.6730562e-05
1.7217211e-05
1.778057e-05
1.8429498e-05
1.9175833e-05
2.0034839e-05
2.10219e-05
2.2155104e-05
2.3458797e-05
2.4962466e-05
2.6703797e-05
2.8728171e-05
3.1091336e-05
3.3860007e-05
3.71135e-05
4.0950272e-05
4.5498415e-05
5.0900452e-05
5.7332152e-05
6.5012162e-05
7.4217343e-05
8.5265889e-05
9.8552347e-05
0.00011456188
0.00013388814
0.00015725844
0.00018555676
0.00021987661
0.00026155524
0.00031224144
0.00037396999
0.00044927666
0.00054135463
0.0006542628
0.00079323684
0.00096516381
0.0010188038
0.0010186451
0.0010184351
0.0010181046
0.0010176278
0.0010169362
0.0010158835
0.0010141946
0.0010115293
0.0010079886
0.0010056149
0.0010043434
0.0010039822
0.0010043326
0.0010052943
0.0010064954
0.0010072181
0.0010071099
0.0010058016
0.0010023181
2.8534066e-07
8.4505085e-06
1.6469264e-05
1.8316089e-05
1.3203915e-05
1.3979968e-05
1.0631717e-05
1.2700544e-05
1.1353983e-05
1.4179347e-05
1.40245e-05
1.4821278e-05
1.4435282e-05
1.4159095e-05
1.3905786e-05
1.3727972e-05
1.362394e-05
1.3587164e-05
1.3615515e-05
1.3702615e-05
1.3848097e-05
1.4052886e-05
1.4316467e-05
1.4640282e-05
1.5025452e-05
1.5477089e-05
1.6000408e-05
1.6603725e-05
1.729795e-05
1.8097865e-05
1.9018617e-05
2.0077289e-05
2.1297145e-05
2.2706054e-05
2.4339989e-05
2.6242254e-05
2.846633e-05
3.1076786e-05
3.4150498e-05
3.7780597e-05
4.2091971e-05
4.7223795e-05
5.3346871e-05
6.0670418e-05
6.9466698e-05
8.0046745e-05
9.2795087e-05
0.000108186
0.00012679995
0.00014935204
0.00017670879
0.00020994701
0.00025038556
0.00029965628
0.00035977896
0.00043327832
0.0005233492
0.0006340762
0.0007707475
0.00094032726
0.0010179812
0.0010177877
0.0010175462
0.0010171939
0.0010167033
0.0010160076
0.0010149699
0.0010133376
0.0010108106
0.0010075378
0.0010053819
0.0010041724
0.001003826
0.0010042123
0.0010050546
0.001006102
0.0010066603
0.0010064394
0.0010051301
0.0010020781
2.5772412e-07
8.3713502e-06
1.5947476e-05
1.7342778e-05
1.3091791e-05
1.2341243e-05
1.0700876e-05
1.1675555e-05
1.10473e-05
1.2658127e-05
1.2917052e-05
1.322036e-05
1.2943845e-05
1.2629783e-05
1.2407499e-05
1.2245036e-05
1.2152529e-05
1.2121321e-05
1.2150203e-05
1.2233219e-05
1.2369783e-05
1.2561088e-05
1.2806768e-05
1.3031438e-05
1.3381357e-05
1.3794779e-05
1.4276238e-05
1.4833347e-05
1.5475896e-05
1.6217874e-05
1.707414e-05
1.8060814e-05
1.9200153e-05
2.0518507e-05
2.2050247e-05
2.3836777e-05
2.5929463e-05
2.8390813e-05
3.1296031e-05
3.4996177e-05
3.9114388e-05
4.4026985e-05
4.9902386e-05
5.6941779e-05
6.5414119e-05
7.562654e-05
8.7956766e-05
0.00010287215
0.00012094399
0.00014288153
0.00016954035
0.0002019891
0.0002415382
0.00028981483
0.00034883925
0.00042114306
0.00050994224
0.00061936912
0.00075479216
0.00092328314
0.0010172322
0.0010170055
0.0010167329
0.001016361
0.00101586
0.0010151628
0.0010141361
0.0010125417
0.0010101166
0.0010071171
0.0010051531
0.0010039937
0.0010036529
0.0010040264
0.0010047643
0.001005649
0.0010060627
0.0010057726
0.0010045536
0.0010018652
2.3195282e-07
8.3261579e-06
1.5503423e-05
1.5766186e-05
1.20516e-05
1.0745661e-05
9.2868862e-06
1.0429326e-05
9.7199502e-06
1.1365032e-05
1.1804238e-05
1.1752846e-05
1.1520971e-05
1.1211849e-05
1.1014118e-05
1.0871261e-05
1.0792334e-05
1.0769493e-05
1.0736296e-05
1.080231e-05
1.0921903e-05
1.1094932e-05
1.1320126e-05
1.1596991e-05
1.1929643e-05
1.2321509e-05
1.277704e-05
1.330378e-05
1.3910953e-05
1.4612082e-05
1.542216e-05
1.6356774e-05
1.7437686e-05
1.8690254e-05
2.0147858e-05
2.1850701e-05
2.3848807e-05
2.6203337e-05
2.8988789e-05
3.229569e-05
3.6234184e-05
4.0943523e-05
4.6591697e-05
5.3823821e-05
6.2057605e-05
7.2003659e-05
8.4036494e-05
9.8620262e-05
0.00011632107
0.00013784883
0.00016405525
0.0001960091
0.00023502284
0.0002827315
0.00034117203
0.0004129022
0.00050117989
0.00061020759
0.00074546095
0.00091415077
0.0010165536
0.0010162959
0.001015993
0.0010156032
0.0010150943
0.0010143964
0.0010133747
0.0010118015
0.0010094601
0.001006722
0.0010049267
0.0010038093
0.0010034573
0.0010037891
0.0010044275
0.0010051557
0.0010054468
0.0010051292
0.0010040327
0.0010016623
2.1364076e-07
8.2815456e-06
1.504588e-05
1.3775332e-05
9.89868e-06
9.5475998e-06
7.6497211e-06
8.8776238e-06
9.0148232e-06
1.0221868e-05
1.0671027e-05
1.038868e-05
1.0177589e-05
9.8987103e-06
9.7255383e-06
9.5376537e-06
9.4492356e-06
9.4217173e-06
9.4485272e-06
9.5260623e-06
9.6507012e-06
9.8233412e-06
1.0043139e-05
1.0310642e-05
1.0629715e-05
1.1004297e-05
1.1439014e-05
1.194144e-05
1.252039e-05
1.3188913e-05
1.3962254e-05
1.485569e-05
1.5890761e-05
1.7092136e-05
1.8492562e-05
2.0131474e-05
2.2058056e-05
2.4332673e-05
2.7029003e-05
3.0236516e-05
3.4065394e-05
3.8652469e-05
4.4168041e-05
5.0808951e-05
5.8827242e-05
6.8535919e-05
8.1019527e-05
9.5413578e-05
0.0001129122
0.00013423207
0.0001602284
0.00019197832
0.00023080681
0.00027836913
0.00033673493
0.00040850765
0.00049700796
0.00060652948
0.00074267801
0.00091283073
0.0010159422
0.0010156557
0.0010153238
0.0010149167
0.0010143997
0.0010136983
0.0010126729
0.0010111074
0.0010088397
0.0010063503
0.0010047019
0.0010036236
0.0010032488
0.001003519
0.0010040538
0.0010046446
0.0010048384
0.001004523
0.0010035533
0.0010014606
1.9639559e-07
8.2360361e-06
1.3622537e-05
1.1977467e-05
8.0039252e-06
8.4681006e-06
6.7847079e-06
8.0044586e-06
8.3443706e-06
9.1350375e-06
9.5426287e-06
9.1429723e-06
8.9395233e-06
8.6134584e-06
8.4315838e-06
8.3139807e-06
8.2581748e-06
8.2547403e-06
8.2983781e-06
8.3863636e-06
8.5157237e-06
8.6888795e-06
8.9055707e-06
9.1661205e-06
9.4749877e-06
9.8365322e-06
1.0255517e-05
1.073964e-05
1.1297483e-05
1.1941643e-05
1.2687663e-05
1.3550832e-05
1.4552694e-05
1.5717504e-05
1.7077708e-05
1.8672372e-05
2.05503e-05
2.2771599e-05
2.5410061e-05
2.8555342e-05
3.2317437e-05
3.6832468e-05
4.2273509e-05
4.8837105e-05
5.677715e-05
6.6408252e-05
7.8117629e-05
9.235824e-05
0.0001107072
0.00013202215
0.00015805169
0.00018989122
0.00022888873
0.00027673234
0.00033554059
0.00040798281
0.00049746418
0.00060839047
0.00074651738
0.00091941148
0.0010153936
0.0010150805
0.001014721
0.0010142958
0.0010137672
0.0010130553
0.0010120164
0.001010451
0.0010082555
0.0010060026
0.0010044798
0.0010034402
0.00100304
0.0010032407
0.0010036617
0.0010041361
0.0010042583
0.0010039654
0.0010031219
0.0010012642
1.8107166e-07
8.1862885e-06
1.0816988e-05
9.9360014e-06
6.5628985e-06
7.5269568e-06
6.1770367e-06
7.1834044e-06
7.7996339e-06
8.1473756e-06
8.4319813e-06
7.9232475e-06
7.6741911e-06
7.4458888e-06
7.3103138e-06
7.2305489e-06
7.2024118e-06
7.2198496e-06
7.2773386e-06
7.3741584e-06
7.5108656e-06
7.685084e-06
7.9002442e-06
8.1567483e-06
8.4590557e-06
8.8119444e-06
9.2204389e-06
9.6924277e-06
1.0236448e-05
1.0864724e-05
1.1533706e-05
1.2367749e-05
1.3338238e-05
1.4469004e-05
1.5792187e-05
1.7346528e-05
1.9180542e-05
2.1354151e-05
2.3941397e-05
2.7032436e-05
3.073814e-05
3.5471989e-05
4.0896777e-05
4.7453342e-05
5.5397724e-05
6.5047549e-05
7.6801077e-05
9.1122495e-05
0.00010859686
0.00012995361
0.00015751623
0.00018974311
0.00022926998
0.0002778309
0.00033760947
0.00041136139
0.00050259892
0.00061586128
0.00075707137
0.0009340014
0.0010149027
0.0010145644
0.0010141787
0.0010137327
0.001013186
0.0010124543
0.0010113945
0.0010098293
0.0010077111
0.0010056814
0.0010042653
0.0010032688
0.0010028386
0.0010029607
0.0010032687
0.0010036464
0.0010037173
0.0010034587
0.001002752
0.0010011088
1.6757621e-07
8.1359104e-06
8.5256517e-06
8.4246615e-06
5.7535641e-06
6.6607012e-06
5.6634951e-06
6.4629268e-06
7.2470958e-06
7.2257592e-06
7.2275908e-06
6.7931058e-06
6.589259e-06
6.420289e-06
6.3239581e-06
6.2757924e-06
6.2705332e-06
6.3069475e-06
6.3783632e-06
6.4855494e-06
6.6266275e-06
6.8041419e-06
7.0202139e-06
7.2758349e-06
7.5755675e-06
7.8905184e-06
8.2869888e-06
8.7461741e-06
9.2764624e-06
9.8896273e-06
1.0599847e-05
1.1425585e-05
1.2387639e-05
1.3509885e-05
1.4824722e-05
1.6371237e-05
1.8198482e-05
2.0367093e-05
2.295251e-05
2.6046701e-05
2.9763065e-05
3.424317e-05
3.9660252e-05
4.6221677e-05
5.4187784e-05
6.4437627e-05
7.6352887e-05
9.0894377e-05
0.00010865936
0.00013040293
0.00015704983
0.00019153317
0.00023195869
0.00028168461
0.0003429757
0.00041869458
0.00051248359
0.00062903803
0.00077446584
0.00095675512
0.0010144629
0.0010140995
0.001013688
0.0010132178
0.0010126456
0.0010118861
0.0010108033
0.0010092462
0.0010072125
0.0010053911
0.0010040673
0.001003115
0.0010026582
0.0010026933
0.0010028929
0.0010031859
0.0010032172
0.0010029902
0.0010024466
0.0010010383
1.5549751e-07
8.075612e-06
6.7710328e-06
7.3848901e-06
5.119067e-06
5.8812541e-06
5.2221794e-06
5.8262297e-06
6.5892314e-06
6.1822399e-06
6.1400558e-06
5.8046275e-06
5.6422684e-06
5.5212638e-06
5.4582135e-06
5.4376249e-06
5.4546327e-06
5.5064074e-06
5.5906431e-06
5.7075438e-06
5.8565273e-06
6.0393562e-06
6.2326246e-06
6.484943e-06
6.7809342e-06
7.1247533e-06
7.5234554e-06
7.9845839e-06
8.5167264e-06
9.1318487e-06
9.8442595e-06
1.0672179e-05
1.163761e-05
1.2764758e-05
1.4086558e-05
1.5642797e-05
1.7483613e-05
1.9670868e-05
2.2282116e-05
2.5412194e-05
2.9177263e-05
3.3721998e-05
3.9228541e-05
4.5909564e-05
5.4033748e-05
6.3935334e-05
7.6029817e-05
9.0819722e-05
0.0001098842
0.00013222026
0.00015962622
0.00019329737
0.00023696112
0.00028831231
0.00035167274
0.00043003237
0.00052718678
0.00064801113
0.00079882138
0.0009878314
0.0010140664
0.001013676
0.0010132382
0.00101274
0.0010121366
0.0010113454
0.001010243
0.0010087061
0.0010067668
0.001005138
0.0010038959
0.0010029806
0.0010025072
0.0010024441
0.0010025438
0.0010027634
0.0010027601
0.0010025489
0.0010021471
0.0010010107
1.4471974e-07
8.0013437e-06
5.4216024e-06
6.4409735e-06
4.5549503e-06
5.1894304e-06
4.8448281e-06
5.178616e-06
5.7627751e-06
5.2756195e-06
5.1855692e-06
4.9398378e-06
4.8164174e-06
4.7354779e-06
4.7023033e-06
4.7058411e-06
4.7423888e-06
4.8105219e-06
4.908046e-06
5.0170763e-06
5.1693611e-06
5.3553861e-06
5.5773901e-06
5.8383282e-06
6.1424738e-06
6.4943696e-06
6.9009812e-06
7.3704777e-06
7.9116647e-06
8.5366579e-06
9.2598711e-06
1.0099733e-05
1.1028559e-05
1.2161647e-05
1.3491391e-05
1.5058285e-05
1.6913751e-05
1.9120978e-05
2.1759701e-05
2.4928164e-05
2.8746386e-05
3.3616886e-05
3.9266567e-05
4.6132451e-05
5.4492931e-05
6.4692544e-05
7.7167936e-05
9.2445937e-05
0.0001111733
0.00013538702
0.00016380659
0.00019876265
0.00024180833
0.00029772131
0.00036372091
0.00044540861
0.00054675693
0.00067284455
0.00083022606
0.001014121
0.0010137027
0.0010132825
0.0010128169
0.001012288
0.0010116508
0.0010108273
0.0010097089
0.0010082021
0.0010063817
0.0010049277
0.0010037602
0.0010028706
0.0010023704
0.0010022202
0.00100223
0.0010023839
0.0010023533
0.0010021331
0.0010018002
0.0010009563
1.3510806e-07
7.869788e-06
4.3921238e-06
5.6011057e-06
4.0505255e-06
4.5739311e-06
4.5139181e-06
4.4769084e-06
4.9284127e-06
4.4670352e-06
4.3582125e-06
4.1864065e-06
4.0999395e-06
4.0535638e-06
4.0473243e-06
4.073451e-06
4.1289014e-06
4.1962924e-06
4.3021699e-06
4.4381222e-06
4.6049997e-06
4.8043184e-06
5.0390245e-06
5.3122796e-06
5.6289202e-06
5.9937529e-06
6.4138083e-06
6.8769401e-06
7.4279737e-06
8.0634648e-06
8.7978617e-06
9.6495926e-06
1.0641186e-05
1.1800942e-05
1.3162626e-05
1.476804e-05
1.66709e-05
1.8936754e-05
2.1648495e-05
2.4909368e-05
2.8844965e-05
3.3613597e-05
3.9406751e-05
4.6460423e-05
5.5065655e-05
6.6131818e-05
7.9102591e-05
9.5005431e-05
0.00011452282
0.00013850043
0.00016956456
0.00020611692
0.00025117577
0.00030678413
0.00037910967
0.00046482054
0.00057119946
0.00070355051
0.00086869868
0.0010137936
0.0010133601
0.001012908
0.0010124128
0.0010118519
0.0010111808
0.0010103259
0.0010091905
0.0010077106
0.001006064
0.0010047608
0.0010036627
0.0010027951
0.0010022382
0.001002027
0.0010019576
0.0010020476
0.0010019947
0.0010017609
0.0010014552
0.0010008566
1.2657986e-07
7.5448679e-06
3.6764482e-06
4.8561258e-06
3.6014735e-06
4.0288357e-06
3.9993723e-06
3.8424188e-06
4.1242035e-06
3.7522672e-06
3.6491886e-06
3.5363053e-06
3.4844335e-06
3.4685426e-06
3.4869375e-06
3.5211833e-06
3.5886659e-06
3.6851748e-06
3.8099083e-06
3.9631132e-06
4.1462694e-06
4.361422e-06
4.6119383e-06
4.9012648e-06
5.2227468e-06
5.6013054e-06
6.0355064e-06
6.5334818e-06
7.1054418e-06
7.7635632e-06
8.5226685e-06
9.4019183e-06
1.042476e-05
1.1620561e-05
1.3025412e-05
1.4682663e-05
1.6648917e-05
1.8992852e-05
2.1800837e-05
2.5182382e-05
2.926832e-05
3.4225259e-05
4.0257678e-05
4.7612909e-05
5.6599567e-05
6.759705e-05
8.1793633e-05
9.8459444e-05
0.00011893144
0.00014411347
0.00017510205
0.0002153108
0.00026275898
0.00032136776
0.00039384674
0.00048820272
0.00060044669
0.00074005737
0.00091414881
0.0010134826
0.0010130269
0.001012543
0.0010120172
0.0010114244
0.0010107214
0.001009839
0.001008693
0.0010072576
0.0010058138
0.0010046337
0.0010035953
0.0010027375
0.001002139
0.0010018542
0.001001729
0.0010017483
0.0010016689
0.0010014252
0.0010011549
0.0010007078
1.192085e-07
7.1321818e-06
3.2270136e-06
4.1960357e-06
3.2016543e-06
3.3966408e-06
3.5439668e-06
3.2614704e-06
3.3970226e-06
3.1315513e-06
3.0492388e-06
2.9828771e-06
2.9623898e-06
2.9736934e-06
2.9996755e-06
3.0624875e-06
3.1531143e-06
3.2703695e-06
3.4143682e-06
3.5860906e-06
3.7875641e-06
4.0211114e-06
4.2822381e-06
4.5882557e-06
4.9383645e-06
5.338264e-06
5.7948014e-06
6.3163926e-06
6.9134556e-06
7.5989273e-06
8.3880982e-06
9.3009404e-06
1.0361959e-05
1.1602003e-05
1.3003345e-05
1.4709806e-05
1.6736422e-05
1.9155559e-05
2.2190341e-05
2.5718922e-05
2.9987994e-05
3.5172589e-05
4.1491535e-05
4.9206513e-05
5.8643364e-05
7.0206502e-05
8.4393714e-05
0.00010181836
0.00012433894
0.00015092081
0.00018366316
0.00022403426
0.00027645705
0.00033851346
0.00041529297
0.00051539568
0.00063431719
0.00078215907
0.00096632467
0.0010131773
0.001012696
0.0010121815
0.0010116258
0.0010110036
0.0010102743
0.0010093765
0.0010082442
0.0010068826
0.0010056206
0.0010045395
0.0010035579
0.0010027043
0.0010020623
0.0010017492
0.0010015417
0.0010014795
0.0010013645
0.0010011243
0.0010009049
0.0010005776
1.1325509e-07
6.1937067e-06
2.842807e-06
3.5972843e-06
2.854841e-06
2.8144474e-06
3.0913086e-06
2.7358968e-06
2.7730724e-06
2.6016105e-06
2.5468906e-06
2.5181828e-06
2.5184573e-06
2.5473022e-06
2.6074502e-06
2.6948424e-06
2.8076088e-06
2.9455891e-06
3.109653e-06
3.301223e-06
3.5175893e-06
3.7697441e-06
4.0578133e-06
4.3858628e-06
4.7587468e-06
5.1823498e-06
5.6638349e-06
6.2119335e-06
6.8373871e-06
7.5370619e-06
8.3549534e-06
9.2994437e-06
1.0396049e-05
1.1676742e-05
1.3181536e-05
1.4960463e-05
1.7075419e-05
1.9603939e-05
2.26423e-05
2.6309568e-05
3.0753769e-05
3.6417978e-05
4.3066433e-05
5.1195021e-05
6.1148387e-05
7.3356227e-05
8.8349069e-05
0.00010678295
0.00013065718
0.00015882199
0.00019354363
0.0002363838
0.00029210237
0.00035802287
0.00043961709
0.00054072335
0.00067246075
0.00082943007
0.0010133906
0.0010128727
0.001012363
0.0010118211
0.0010112388
0.0010105929
0.0010098476
0.001008952
0.0010078569
0.0010065855
0.00100547
0.001004469
0.0010035442
0.0010027149
0.0010020448
0.001001633
0.0010013975
0.0010012443
0.0010010818
0.0010008742
0.0010007185
0.0010004877
1.0830363e-07
4.3143859e-06
2.4950046e-06
3.0427469e-06
2.4213697e-06
2.3268612e-06
2.6178319e-06
2.2687472e-06
2.2542805e-06
2.1556637e-06
2.1313902e-06
2.128e-06
2.1561266e-06
2.2151378e-06
2.3009981e-06
2.4113937e-06
2.5456756e-06
2.7043686e-06
2.886143e-06
3.0970386e-06
3.338089e-06
3.6121522e-06
3.922701e-06
4.2739582e-06
4.6710156e-06
5.1200016e-06
5.6283599e-06
6.1958337e-06
6.8486382e-06
7.5941609e-06
8.4496435e-06
9.4365105e-06
1.0581772e-05
1.1919367e-05
1.3491863e-05
1.5352355e-05
1.7566898e-05
2.0217755e-05
2.3407398e-05
2.7263162e-05
3.1943105e-05
3.7642522e-05
4.493532e-05
5.3524013e-05
6.4051858e-05
7.6976224e-05
9.2862623e-05
0.00011241177
0.00013649248
0.00016767337
0.00020457377
0.00025013057
0.00030642851
0.00037959275
0.00046644577
0.00057405624
0.00071429003
0.00088111612
0.001013093
0.0010125643
0.0010120271
0.0010114622
0.001010859
0.0010101974
0.0010094463
0.0010085628
0.0010075098
0.00100635
0.0010053485
0.001004415
0.0010035401
0.0010027408
0.0010020694
0.001001588
0.0010012933
0.0010010574
0.0010008346
0.0010006721
0.0010005988
0.0010004751
1.030295e-07
3.5568056e-06
2.1329151e-06
2.5335581e-06
2.0667607e-06
1.9199426e-06
2.1323631e-06
1.8597271e-06
1.8327813e-06
1.789335e-06
1.791328e-06
1.8187346e-06
1.8783277e-06
1.9638439e-06
2.0729258e-06
2.204713e-06
2.3594637e-06
2.5363633e-06
2.7401808e-06
2.9720505e-06
3.2345107e-06
3.5306362e-06
3.8640995e-06
4.2392856e-06
4.6614597e-06
5.1369745e-06
5.6672475e-06
6.2715961e-06
6.957413e-06
7.7391459e-06
8.634977e-06
9.6676176e-06
1.0865643e-05
1.2265016e-05
1.3911026e-05
1.5860438e-05
1.8183826e-05
2.096877e-05
2.4324381e-05
2.8385784e-05
3.3321083e-05
3.9623325e-05
4.7041949e-05
5.6127776e-05
6.7276239e-05
8.0974312e-05
9.7824638e-05
0.00011857407
0.00014548431
0.00017727955
0.00021651656
0.00026498371
0.00032490212
0.00040278618
0.0004952424
0.00060975769
0.00075890634
0.00093602747
0.0010127895
0.0010122478
0.0010116892
0.0010111068
0.0010104888
0.0010098176
0.0010090653
0.001008195
0.0010071871
0.0010061563
0.0010052442
0.001004373
0.0010035428
0.0010027712
0.0010021083
0.0010016009
0.0010012341
0.00100093
0.0010006548
0.0010005259
0.0010005557
0.0010004924
9.9149895e-08
2.839336e-06
1.8197811e-06
2.0242672e-06
1.7737758e-06
1.5722446e-06
1.6845449e-06
1.5134695e-06
1.5011534e-06
1.5012755e-06
1.52995e-06
1.5902286e-06
1.6762181e-06
1.7844467e-06
1.914015e-06
2.0651519e-06
2.2378218e-06
2.4351492e-06
2.658718e-06
2.9108599e-06
3.1943583e-06
3.5124675e-06
3.868998e-06
4.2684574e-06
4.7162495e-06
5.2153608e-06
5.7790923e-06
6.414947e-06
7.135002e-06
7.9544152e-06
8.8924403e-06
9.973151e-06
1.1226877e-05
1.2691743e-05
1.4415737e-05
1.6459296e-05
1.8898083e-05
2.1825168e-05
2.5357014e-05
2.9637356e-05
3.507398e-05
4.1480943e-05
4.9318239e-05
5.8926744e-05
7.0726227e-05
8.5236014e-05
0.000103098
0.00012510823
0.0001536253
0.00018737897
0.00022905653
0.00028055908
0.00034424955
0.00042698831
0.00052524142
0.00064686279
0.00080505157
0.0009925374
0.0010124788
0.0010119248
0.0010113509
0.0010107558
0.0010101276
0.0010094507
0.0010087008
0.0010078506
0.0010068991
0.0010059852
0.0010051484
0.0010043398
0.0010035557
0.0010028116
0.0010021535
0.0010016249
0.0010012119
0.0010008526
0.0010005566
0.0010004374
0.0010005337
0.0010005369
9.6862895e-08
2.2130396e-06
1.5476057e-06
1.5407964e-06
1.5039022e-06
1.2752807e-06
1.3202515e-06
1.2371832e-06
1.2523091e-06
1.2832669e-06
1.3451519e-06
1.4312471e-06
1.5385409e-06
1.6657127e-06
1.8130293e-06
1.981509e-06
2.172018e-06
2.3875396e-06
2.6299103e-06
2.9016843e-06
3.2057915e-06
3.5456052e-06
3.9250418e-06
4.3487115e-06
4.8221281e-06
5.3519966e-06
5.946585e-06
6.6161738e-06
7.3651734e-06
8.2229458e-06
9.2040406e-06
1.033399e-05
1.1645012e-05
1.3177602e-05
1.4982524e-05
1.7193043e-05
1.9769905e-05
2.2866279e-05
2.6606682e-05
3.1145186e-05
3.6672164e-05
4.3422599e-05
5.1687922e-05
6.1828439e-05
7.4289969e-05
8.9624626e-05
0.00010851523
0.00013295886
0.00016191073
0.00019764763
0.00024179324
0.00029636222
0.00036729664
0.00045140863
0.00055545419
0.00068413154
0.00085113466
0.0010127437
0.001012165
0.0010115975
0.0010110127
0.0010104085
0.0010097738
0.0010090952
0.0010083546
0.0010075329
0.0010066398
0.0010058258
0.0010050588
0.0010043135
0.0010035811
0.0010028737
0.0010022271
0.0010016755
0.0010012106
0.0010007963
0.0010004974
0.0010003937
0.0010005112
0.0010005583
9.6957446e-08
1.6796378e-06
1.3180214e-06
1.1711054e-06
1.232508e-06
1.0268798e-06
1.0529005e-06
1.0329403e-06
1.0763944e-06
1.1367443e-06
1.2226073e-06
1.3282041e-06
1.4524682e-06
1.5955483e-06
1.7585082e-06
1.9428527e-06
2.1501153e-06
2.3828731e-06
2.6433082e-06
2.9340875e-06
3.2582292e-06
3.6191891e-06
4.0209732e-06
4.4682978e-06
4.9668101e-06
5.5233902e-06
6.1465504e-06
6.8469407e-06
7.6379757e-06
8.5366338e-06
9.5643968e-06
1.0748502e-05
1.2123325e-05
1.3732151e-05
1.5629273e-05
1.7882555e-05
2.0576642e-05
2.3817106e-05
2.7734971e-05
3.2492961e-05
3.8292764e-05
4.5383516e-05
5.4071297e-05
6.4736994e-05
7.7850811e-05
9.4773293e-05
0.0001148201
0.00013953835
0.00017004295
0.0002077171
0.00025427396
0.00031476179
0.00038647229
0.00047514111
0.00058475878
0.00072717097
0.00089542007
0.0010124339
0.0010118504
0.0010112694
0.0010106755
0.001010064
0.0010094252
0.0010087473
0.0010080173
0.0010072256
0.0010064064
0.0010056776
0.0010049794
0.0010042965
0.0010036192
0.0010029571
0.0010023347
0.0010017719
0.0010012644
0.0010008103
0.0010004871
0.0010003825
0.0010004889
0.0010005025
1.0023755e-07
1.2445379e-06
1.1278978e-06
9.0093145e-07
1.0743573e-06
8.2214867e-07
8.6937245e-07
8.9436825e-07
9.6054634e-07
1.0439403e-06
1.147156e-06
1.2677392e-06
1.4060699e-06
1.5631438e-06
1.7404357e-06
1.9396694e-06
2.1628031e-06
2.4118763e-06
2.6895321e-06
2.99842e-06
3.3416261e-06
3.7226839e-06
4.1456929e-06
4.6154864e-06
5.1378618e-06
5.7198923e-06
6.3703497e-06
7.1002782e-06
7.9236346e-06
8.8581612e-06
9.9263355e-06
1.1156736e-05
1.2585468e-05
1.4258034e-05
1.6231539e-05
1.8577402e-05
2.138465e-05
2.4763961e-05
2.885268e-05
3.3821027e-05
4.0151811e-05
4.7622293e-05
5.6777262e-05
6.8018499e-05
8.1842403e-05
9.8863694e-05
0.0001198442
0.00014572819
0.00017768309
0.00021919104
0.00026835701
0.00032913082
0.00040426733
0.00049714684
0.00061785898
0.00076048589
0.00093606561
0.0010121318
0.0010115402
0.0010109464
0.0010103428
0.0010097244
0.0010090824
0.0010084054
0.0010076831
0.0010069222
0.0010062032
0.0010055464
0.0010049158
0.001004294
0.0010036721
0.0010030568
0.0010024646
0.0010019068
0.0010013811
0.0010009004
0.0010005379
0.0010003548
0.0010004427
0.0010003506
1.0680752e-07
9.6025342e-07
9.6211988e-07
7.6212857e-07
7.653378e-07
7.0102462e-07
7.4650868e-07
8.0661629e-07
8.9000272e-07
9.8947674e-07
1.1057447e-06
1.2387151e-06
1.3894528e-06
1.5592785e-06
1.7497907e-06
1.9627723e-06
2.2002156e-06
2.4643401e-06
2.7576311e-06
3.0828856e-06
3.4432787e-06
3.8424522e-06
4.2846407e-06
4.7748492e-06
5.3191005e-06
5.9226774e-06
6.5977097e-06
7.3543058e-06
8.2142474e-06
9.1846503e-06
1.0294033e-05
1.1572435e-05
1.3057784e-05
1.4797841e-05
1.6852488e-05
1.9296553e-05
2.2223247e-05
2.5748403e-05
3.0015706e-05
3.5203182e-05
4.1531263e-05
4.92728e-05
5.876533e-05
7.042471e-05
8.4767598e-05
0.0001024332
0.00012531916
0.00015240472
0.00018584224
0.00022715154
0.00027821195
0.0003413444
0.0004194001
0.00052076746
0.00064073612
0.00078859095
0.00097039533
0.0010118507
0.0010112477
0.0010106399
0.001010025
0.0010093983
0.0010087545
0.001008086
0.001007386
0.0010066659
0.0010060312
0.0010054393
0.0010048708
0.0010043069
0.0010037395
0.0010031716
0.0010026135
0.0010020713
0.0010015434
0.0010010433
0.0010006375
0.001000416
0.0010003473
0.0010002267
1.213496e-07
9.6566876e-07
8.0239362e-07
5.6462408e-07
6.0798478e-07
6.1093611e-07
6.7459754e-07
7.5344867e-07
8.5030263e-07
9.6191098e-07
1.0892706e-06
1.233207e-06
1.3950159e-06
1.5761124e-06
1.7781207e-06
2.0028493e-06
2.2523208e-06
2.528798e-06
2.8348202e-06
3.1732495e-06
3.5473317e-06
3.9607841e-06
4.4179199e-06
4.9238279e-06
5.4846251e-06
6.1078055e-06
6.802704e-06
7.5810925e-06
8.457938e-06
9.4523137e-06
1.0588497e-05
1.1897353e-05
1.3417908e-05
1.5199319e-05
1.7303224e-05
1.9806619e-05
2.2805381e-05
2.6418582e-05
3.0793819e-05
3.6113817e-05
4.2604717e-05
5.0908083e-05
6.0722479e-05
7.2775447e-05
8.7601033e-05
0.00010585967
0.00012837059
0.00015615011
0.00019045919
0.00023285894
0.00028528429
0.0003533516
0.00043410084
0.00053385836
0.00065697409
0.00080866709
0.00099509741
0.001011613
0.0010109947
0.0010103714
0.0010097441
0.0010091076
0.0010084584
0.0010077933
0.0010071159
0.0010064679
0.001005897
0.0010053634
0.0010048481
0.001004335
0.0010038168
0.0010032942
0.0010027723
0.0010022537
0.0010017375
0.0010012373
0.0010008053
0.0010005114
0.0010003474
0.0010001964
1.1119963e-07
6.2261651e-07
6.3581311e-07
4.6744949e-07
5.1002869e-07
5.558377e-07
6.3456097e-07
7.2701207e-07
8.34517e-07
9.5641087e-07
1.0937728e-06
1.2476577e-06
1.4193868e-06
1.6104299e-06
1.8224446e-06
2.0572873e-06
2.3170371e-06
2.6039903e-06
2.9208002e-06
3.2703829e-06
3.6560591e-06
4.0816233e-06
4.5514693e-06
5.0707709e-06
5.6457399e-06
6.2839813e-06
6.994967e-06
7.7906499e-06
8.6932632e-06
9.7113604e-06
1.0874568e-05
1.2214587e-05
1.3771444e-05
1.5595527e-05
1.7749966e-05
2.0313584e-05
2.3384492e-05
2.7084522e-05
3.1564705e-05
3.7012034e-05
4.3657831e-05
5.1788028e-05
6.1755891e-05
7.3999624e-05
8.9061214e-05
0.00010761274
0.00013048804
0.00016011491
0.00019524886
0.00023866463
0.00029234589
0.00035873631
0.00044083613
0.0005423075
0.0006675893
0.00082200956
0.001011853
0.0010114452
0.0010108118
0.0010101736
0.001009534
0.0010088884
0.001008234
0.0010075699
0.0010069092
0.0010063307
0.0010058112
0.0010053275
0.0010048581
0.0010043887
0.0010039116
0.0010034253
0.0010029316
0.0010024308
0.0010019245
0.0010014274
0.0010009823
0.001000644
0.0010004189
0.0010002148
8.9041277e-08
4.5763216e-07
4.6019631e-07
4.085493e-07
4.5818456e-07
5.2734351e-07
6.1613089e-07
7.1839131e-07
8.3448529e-07
9.6494308e-07
1.1107774e-06
1.2731668e-06
1.4534657e-06
1.6532064e-06
1.8741092e-06
2.1180999e-06
2.3873289e-06
2.6841966e-06
3.0113859e-06
3.3719058e-06
3.7691531e-06
4.2070002e-06
4.6899237e-06
5.223189e-06
5.8131139e-06
6.4674298e-06
7.1957702e-06
8.010293e-06
8.9264649e-06
9.9640184e-06
1.1148112e-05
1.2510701e-05
1.4092202e-05
1.5943486e-05
1.8128292e-05
2.0726182e-05
2.3836153e-05
2.7581093e-05
3.2113299e-05
3.762137e-05
4.4624425e-05
5.2900064e-05
6.304056e-05
7.5490476e-05
9.0799284e-05
0.00010964851
0.00013288389
0.00016155592
0.00019696991
0.00024074692
0.00029489531
0.00036189587
0.00044479916
0.00054733714
0.00067404553
0.00083038074
0.001012
0.0010113481
0.0010107127
0.001010072
0.0010094297
0.0010087824
0.0010081275
0.0010074657
0.0010068187
0.0010062811
0.0010057991
0.0010053527
0.0010049205
0.0010044863
0.0010040393
0.0010035745
0.001003093
0.0010026003
0.0010021056
0.0010016215
0.0010011663
0.0010007631
0.0010004265
0.0010001406
9.419952e-08
4.5068896e-07
3.3911586e-07
3.6864219e-07
4.2915219e-07
5.0905858e-07
6.0148244e-07
7.062552e-07
8.2341611e-07
9.5384479e-07
1.0984909e-06
1.258528e-06
1.4352752e-06
1.6302284e-06
1.8450584e-06
2.0816289e-06
2.3420143e-06
2.6285237e-06
2.9437331e-06
3.2905268e-06
3.6721561e-06
4.0923214e-06
4.5552926e-06
5.066636e-06
5.6316033e-06
6.2579159e-06
6.9547797e-06
7.7337949e-06
8.6097037e-06
9.6012945e-06
1.0732496e-05
1.203369e-05
1.3543284e-05
1.5309617e-05
1.7393263e-05
1.986986e-05
2.2833577e-05
2.6401386e-05
3.0718359e-05
3.5964237e-05
4.2361599e-05
5.0186067e-05
5.9779089e-05
7.1563652e-05
8.6064354e-05
0.0001039323
0.00012597642
0.00015320246
0.00018686123
0.00022850725
0.00028006906
0.00034393221
0.00042303632
0.00052098762
0.00064218475
0.00079194396
0.00097658665
0.0010112406
0.001010623
0.0010100046
0.0010093869
0.001008768
0.0010081437
0.0010075084
0.0010068753
0.001006349
0.0010058814
0.001005453
0.0010050416
0.0010046288
0.0010041997
0.001003745
0.0010032646
0.001002769
0.0010022737
0.0010017878
0.0010013094
0.0010008428
0.001000426
0.0010001304
1.4914512e-07
4.4506739e-07
3.012349e-07
3.5185198e-07
4.2440445e-07
5.1241984e-07
6.1186295e-07
7.2327609e-07
8.4721316e-07
9.847258e-07
1.1369411e-06
1.3051662e-06
1.490845e-06
1.6955843e-06
1.9211614e-06
2.1695435e-06
2.4429082e-06
2.7436683e-06
3.0745038e-06
3.4384022e-06
3.8387139e-06
4.2792303e-06
4.764298e-06
5.298986e-06
5.8893281e-06
6.5426638e-06
7.2681028e-06
8.0771318e-06
8.9843814e-06
1.0008567e-05
1.1173618e-05
1.2510029e-05
1.4056466e-05
1.5861685e-05
1.7986863e-05
2.0508429e-05
2.3521532e-05
2.7144327e-05
3.152327e-05
3.68397e-05
4.3318023e-05
5.1235918e-05
6.0937078e-05
7.2847147e-05
8.7493676e-05
0.00010553118
0.00012777259
0.00015522853
0.0001891561
0.00023111847
0.00028305678
0.00034737565
0.0004270446
0.00052571764
0.0006478701
0.00079893967
0.00098543306
0.001011011
0.0010103832
0.0010097502
0.0010091159
0.0010084815
0.0010078508
0.0010072316
0.0010066646
0.0010061895
0.0010057717
0.0010053887
0.0010050204
0.0010046479
0.0010042542
0.0010038271
0.0010033651
0.0010028812
0.001002394
0.0010019078
0.0010014067
0.0010008882
0.0010004166
0.0010001552
0.0020501399
0.0031582235
0.0031800136
0.0013142729
0.00025310892
3.5264412e-05
4.7002718e-05
5.7229107e-05
6.8134833e-05
7.8065743e-05
6.7301545e-05
5.8865141e-05
5.5984682e-05
5.6339222e-05
5.714627e-05
5.7979547e-05
5.8757329e-05
5.9606202e-05
6.0612387e-05
6.1788494e-05
6.3134344e-05
6.4658909e-05
6.6382403e-05
6.8321599e-05
6.9699821e-05
7.1944066e-05
7.447275e-05
7.7292813e-05
8.0421074e-05
8.3888362e-05
8.7732881e-05
9.1996213e-05
9.6725805e-05
0.00010197491
0.00010781788
0.00011434929
0.00012168146
0.00012995005
0.00013931632
0.00014997189
0.00016215111
0.00017612788
0.0001922319
0.00021086167
0.00023248775
0.00025767383
0.00028710355
0.00032157511
0.00036204721
0.00040968012
0.00046586431
0.00053227232
0.00061092312
0.00070431817
0.00082345729
0.00095735809
0.0010443431
0.0010486234
0.0010509051
0.0010510033
0.0010498442
0.0010485185
0.001047457
0.0010467334
0.0010464099
0.0010465225
0.0010464231
0.0010460314
0.001045548
0.0010447216
0.0010425674
0.0010370801
0.0010282326
0.0010190639
0.0010124216
0.0010080213
0.0010055483
0.0010042804
0.0010064151
0.0010196278
0.00036825714
0.0013996107
0.0017664418
0.00074994281
0.00010135402
3.6241736e-05
4.9936718e-05
5.9801307e-05
7.1654777e-05
8.2878602e-05
8.0908333e-05
7.3900206e-05
6.814788e-05
6.594496e-05
6.4548417e-05
6.3635489e-05
6.2832891e-05
6.2443675e-05
6.2447174e-05
6.2778379e-05
6.34065e-05
6.4315944e-05
6.5505122e-05
6.6970486e-05
6.8048687e-05
6.9891996e-05
7.2045493e-05
7.4504524e-05
7.7283273e-05
8.0408939e-05
8.3914461e-05
8.7836429e-05
9.2218289e-05
9.7109958e-05
0.00010258447
0.00010873222
0.00011566031
0.00012349911
0.00013240322
0.00014255713
0.00015418711
0.0001675564
0.00018298433
0.00020085656
0.00022162822
0.00024584726
0.00027417897
0.00030739921
0.00034644648
0.00039245878
0.00044680276
0.00051112942
0.00058744283
0.00068486713
0.00079400806
0.00092479037
0.0010436008
0.0010477515
0.0010499092
0.0010499347
0.0010487995
0.001047567
0.0010466235
0.0010460258
0.0010458236
0.0010460397
0.0010460644
0.0010457808
0.0010452991
0.0010442256
0.0010416605
0.0010354998
0.0010264043
0.0010175711
0.001011421
0.0010074409
0.0010053088
0.0010043035
0.0010067909
0.001019997
0.00036336888
0.0011834014
0.0016817452
0.00049252357
6.5355982e-05
3.7048288e-05
5.2146123e-05
6.0796197e-05
7.3255399e-05
8.3908519e-05
8.4670687e-05
7.8205266e-05
7.0979041e-05
6.9062841e-05
6.6803793e-05
6.5484207e-05
6.4285797e-05
6.3644303e-05
6.3373452e-05
6.3430686e-05
6.379358e-05
6.443896e-05
6.5363083e-05
6.6559201e-05
6.8020249e-05
6.9035814e-05
7.0902082e-05
7.3066075e-05
7.5544044e-05
7.8361546e-05
8.154914e-05
8.5141084e-05
8.9178789e-05
9.3710016e-05
9.8806893e-05
0.00010455592
0.00011106006
0.00011844511
0.00012685976
0.00013648207
0.00014753088
0.00016025971
0.00017497852
0.00019206109
0.00021194888
0.00023517596
0.00026239158
0.00029435309
0.00033198302
0.00037640218
0.00042896069
0.00049129744
0.00057096946
0.0006600019
0.00076652411
0.00089455321
0.0010427244
0.0010467882
0.0010488687
0.0010488639
0.0010477747
0.0010466402
0.0010458127
0.0010453341
0.0010452399
0.0010455405
0.001045682
0.0010454851
0.0010449722
0.0010436824
0.001040602
0.0010338522
0.0010246243
0.0010161771
0.0010105014
0.0010069354
0.0010051147
0.0010043718
0.0010072026
0.0010202222
0.00046975592
0.0014696324
0.0011318322
0.0001906646
5.3364459e-05
3.8595436e-05
5.4124309e-05
6.1577013e-05
7.5180523e-05
8.4790816e-05
7.8871347e-05
7.608279e-05
6.8879006e-05
6.8570798e-05
6.6177011e-05
6.5246523e-05
6.4091929e-05
6.3571264e-05
6.3311053e-05
6.3337408e-05
6.3638485e-05
6.4193921e-05
6.5005684e-05
6.6068159e-05
6.7377637e-05
6.8931738e-05
7.0002259e-05
7.1961933e-05
7.422326e-05
7.6810691e-05
7.9753686e-05
8.3085177e-05
8.6845404e-05
9.1080796e-05
9.5863419e-05
0.00010127647
0.00010741983
0.00011441567
0.00012240775
0.00013156882
0.00014211142
0.00015428058
0.00016837829
0.00018476772
0.00020387811
0.00022623116
0.00025246125
0.00028330841
0.00031968029
0.00036268076
0.00041364339
0.00047419397
0.00055152973
0.00063834841
0.00074247449
0.00086795479
0.0010201129
0.0010458036
0.0010478144
0.0010477882
0.0010467536
0.0010457226
0.0010450117
0.0010446475
0.0010446507
0.001045016
0.0010452619
0.0010451275
0.0010445494
0.0010430376
0.0010394152
0.0010321465
0.0010228863
0.0010148647
0.0010096446
0.0010065058
0.0010049839
0.0010044823
0.0010077025
0.0010202966
0.00052756618
0.0019918622
0.00091978416
0.00012224791
5.0176233e-05
3.9797066e-05
5.5608313e-05
6.1930921e-05
7.611281e-05
8.5163644e-05
7.4447999e-05
7.4983707e-05
6.688382e-05
6.8197504e-05
6.5390818e-05
6.494936e-05
6.3798722e-05
6.3444427e-05
6.3231118e-05
6.3277666e-05
6.356743e-05
6.4082721e-05
6.4830447e-05
6.5805826e-05
6.7006672e-05
6.843533e-05
6.945262e-05
7.1247952e-05
7.3331593e-05
7.5726871e-05
7.8462472e-05
8.1570231e-05
8.5089486e-05
8.9065568e-05
9.3570686e-05
9.8684813e-05
0.00010450546
0.00011115166
0.00011876282
0.00012750719
0.00013759177
0.00014925406
0.00016278924
0.00017855087
0.00019695752
0.00021852001
0.00024385956
0.00027370095
0.00030893928
0.00035066382
0.00040019457
0.00046352761
0.00053439624
0.00061924906
0.00072125522
0.00084449196
0.0009943313
0.0010447887
0.0010467463
0.0010467142
0.001045744
0.0010448199
0.0010442233
0.0010439658
0.0010440534
0.0010444596
0.001044795
0.0010447004
0.0010440451
0.0010422652
0.0010381265
0.0010304036
0.0010212086
0.0010136423
0.0010088614
0.0010061508
0.0010049305
0.0010046219
0.0010083571
0.001020235
0.00056080887
0.0018830397
0.00070012662
7.9326841e-05
4.7886399e-05
4.1099874e-05
5.6471049e-05
6.199802e-05
7.6709467e-05
8.5331903e-05
7.2350624e-05
7.6125202e-05
6.6332473e-05
6.9030389e-05
6.5473377e-05
6.5483013e-05
6.4138297e-05
6.3836866e-05
6.3571952e-05
6.3573455e-05
6.380357e-05
6.4246412e-05
6.4910969e-05
6.5790997e-05
6.6884178e-05
6.8192361e-05
6.9721441e-05
7.0812267e-05
7.2736912e-05
7.4961387e-05
7.7512979e-05
8.0422154e-05
8.3727254e-05
8.7472512e-05
9.1730324e-05
9.6577425e-05
0.00010210949
0.00010844265
0.00011571246
0.00012408323
0.00013375696
0.00014496434
0.00015799463
0.00017319258
0.0001909672
0.00021181967
0.0002363592
0.0002652969
0.00029951704
0.00034009588
0.0003920499
0.00044997989
0.00051923543
0.00060232489
0.00070243045
0.00082365301
0.00097140271
0.0010437527
0.0010456709
0.0010456446
0.0010447469
0.0010439313
0.0010434451
0.0010432855
0.0010434438
0.0010438735
0.0010442713
0.0010441951
0.0010434467
0.0010413909
0.0010367455
0.0010286403
0.0010196013
0.0010125102
0.0010081581
0.0010058589
0.0010049155
0.0010047778
0.0010090193
0.0010200392
0.00062791025
0.001853413
0.00059437511
6.0376371e-05
4.6724467e-05
4.2063016e-05
5.6871771e-05
6.1994823e-05
7.7054276e-05
8.5401012e-05
8.5134855e-05
8.5094905e-05
6.736339e-05
7.0819297e-05
6.6158993e-05
6.6628731e-05
6.4965457e-05
6.4641967e-05
6.4256307e-05
6.416833e-05
6.4306734e-05
6.4655015e-05
6.5221178e-05
6.5996353e-05
6.6976893e-05
6.8163968e-05
6.9564284e-05
7.1189069e-05
7.2367268e-05
7.4430764e-05
7.6810839e-05
7.9536488e-05
8.2645076e-05
8.6179787e-05
9.0213233e-05
9.4818862e-05
0.00010009093
0.00010614279
0.00011310645
0.0001211427
0.00013044896
0.00014124969
0.00015382896
0.00016852336
0.00018573347
0.00020595186
0.00022977688
0.00025790758
0.00029121921
0.00033392947
0.00038136877
0.0004379986
0.00050581972
0.00058734238
0.00068576
0.00080519209
0.00095107529
0.0010427001
0.0010445921
0.0010445825
0.0010437642
0.0010430569
0.0010426755
0.0010426036
0.0010428182
0.0010432554
0.0010436817
0.0010436057
0.0010427568
0.0010404277
0.0010352837
0.0010268758
0.0010180739
0.0010114687
0.0010075413
0.0010056163
0.0010048773
0.0010049294
0.0010096284
0.0010197238
0.00070294537
0.0018549966
0.00047713236
4.9212812e-05
4.6087747e-05
4.2624353e-05
5.7113372e-05
6.2012994e-05
7.7211924e-05
8.5457342e-05
7.1157868e-05
8.9213479e-05
6.649443e-05
7.336919e-05
6.7001928e-05
6.7931483e-05
6.5948277e-05
6.5629042e-05
6.5124652e-05
6.4941321e-05
6.4977455e-05
6.5219711e-05
6.5675952e-05
6.6336185e-05
6.7196076e-05
6.8256429e-05
6.9523342e-05
7.1010178e-05
7.2735567e-05
7.4023621e-05
7.6240255e-05
7.87937e-05
8.1720211e-05
8.5061883e-05
8.8891474e-05
9.327902e-05
9.8317662e-05
0.00010411793
0.00011080854
0.00011854704
0.00012752659
0.00013796595
0.0001501446
0.00016439158
0.00018110001
0.00020075486
0.00022394446
0.00025135766
0.00028655376
0.00032548304
0.00037188409
0.0004273595
0.00049390578
0.00057403609
0.00067095194
0.0007887847
0.00093298459
0.0010416363
0.0010435132
0.00104353
0.0010427966
0.0010421959
0.0010419122
0.0010419167
0.0010421732
0.0010426027
0.001043019
0.0010429291
0.0010419709
0.0010393749
0.0010337555
0.0010251297
0.0010166337
0.001010515
0.0010070113
0.001005424
0.0010048908
0.0010051028
0.0010101817
0.0010192879
0.00075915774
0.0018395075
0.00033053631
4.3190332e-05
4.5719739e-05
4.2729377e-05
5.7258473e-05
6.2061516e-05
7.6648396e-05
8.5543101e-05
7.063521e-05
8.5740821e-05
6.7621555e-05
7.578977e-05
6.8032329e-05
6.9508575e-05
6.710916e-05
6.673934e-05
6.6078998e-05
6.5771272e-05
6.5682634e-05
6.580188e-05
6.6134984e-05
6.6670644e-05
6.7403445e-05
6.8333692e-05
6.9467286e-05
7.0816755e-05
7.2402999e-05
7.4250166e-05
7.5681138e-05
7.8076154e-05
8.0837333e-05
8.4005456e-05
8.765319e-05
9.1847041e-05
9.6679259e-05
0.00010225748
0.00010870739
0.00011618358
0.00012487527
0.00013499599
0.00014682127
0.00016067315
0.00017693832
0.00019609519
0.00021872242
0.00024780746
0.00027982933
0.00031793737
0.00036341981
0.00041787199
0.00048328836
0.00056218333
0.00065776256
0.00077416192
0.00091683128
0.0010405662
0.0010424372
0.001042489
0.0010418447
0.0010413468
0.0010411524
0.0010412215
0.0010415056
0.0010419135
0.0010422794
0.0010421646
0.0010411051
0.0010382426
0.0010321751
0.0010234194
0.0010152863
0.001009644
0.001006557
0.0010052917
0.0010049958
0.0010053072
0.0010106988
0.0010187472
0.00079324386
0.0015405686
0.00019443206
4.0679008e-05
4.542391e-05
4.2679622e-05
5.7367696e-05
6.2127356e-05
7.6536613e-05
8.5738954e-05
6.9383636e-05
8.8776414e-05
6.7566764e-05
7.8080089e-05
6.8816227e-05
7.0825873e-05
6.8043255e-05
6.7630224e-05
6.6824044e-05
6.6395203e-05
6.6184072e-05
6.6182673e-05
6.6395298e-05
6.681061e-05
6.7422608e-05
6.8231386e-05
6.9242633e-05
7.0468703e-05
7.1929451e-05
7.365063e-05
7.5656854e-05
7.7277377e-05
7.9895386e-05
8.2913852e-05
8.6404889e-05
9.0431585e-05
9.5085524e-05
0.00010047146
0.00010671241
0.00011396035
0.00012240088
0.00013224299
0.00014375864
0.00015726356
0.00017313927
0.00019367878
0.00021597151
0.00024238329
0.00027376015
0.0003111437
0.00035581343
0.00040935995
0.00047377483
0.00055157159
0.00064595541
0.00076105831
0.00090231474
0.0010394939
0.001041367
0.0010414614
0.0010409082
0.0010405078
0.0010403935
0.001040515
0.0010408132
0.0010411869
0.0010414662
0.0010413141
0.0010401593
0.0010370402
0.0010305569
0.0010217607
0.001014035
0.0010088489
0.0010061605
0.0010052021
0.0010050707
0.0010055448
0.0010111831
0.0010181245
0.00076931343
0.0010653674
0.00010211178
4.0032074e-05
4.5130542e-05
4.2584081e-05
5.7411247e-05
6.2194847e-05
7.4976144e-05
8.5974508e-05
6.7771347e-05
9.103938e-05
6.7218783e-05
7.9762304e-05
6.9144726e-05
7.1645368e-05
6.8511913e-05
6.8040684e-05
6.710278e-05
6.6563123e-05
6.6244211e-05
6.6140911e-05
6.6254359e-05
6.6573056e-05
6.7089846e-05
6.7804049e-05
6.8720667e-05
6.9851298e-05
7.121516e-05
7.2836297e-05
7.4740325e-05
7.6953154e-05
7.882318e-05
8.1719099e-05
8.5080282e-05
8.8967242e-05
9.3470977e-05
9.8693531e-05
0.00010475572
0.00011180728
0.00012003063
0.00012963108
0.00014087694
0.00015407861
0.00017118554
0.00018966165
0.00021151045
0.00023741811
0.00026822784
0.00030497182
0.00034892346
0.00040166834
0.00046519411
0.0005420106
0.00063531711
0.00074923259
0.0008891599
0.0010384233
0.0010403056
0.0010404488
0.0010399864
0.0010396767
0.0010396326
0.0010397945
0.0010400942
0.001040423
0.0010406088
0.001040381
0.0010391383
0.0010357719
0.0010289169
0.001020167
0.0010128815
0.0010081272
0.0010058465
0.0010051265
0.0010050796
0.0010058425
0.001011632
0.0010174437
0.00055960243
0.00054020348
6.1412369e-05
4.0116367e-05
4.4808946e-05
4.2495421e-05
5.7304783e-05
6.2254238e-05
7.1347935e-05
8.6211436e-05
6.5337108e-05
9.1367915e-05
6.5938203e-05
8.0176278e-05
6.8558759e-05
7.1458035e-05
6.8111109e-05
6.7614231e-05
6.6616243e-05
6.602688e-05
6.5659841e-05
6.5511954e-05
6.5579925e-05
6.5852133e-05
6.6320332e-05
6.6983138e-05
6.7845042e-05
6.8917187e-05
7.0218269e-05
7.1771685e-05
7.3601459e-05
7.5735091e-05
7.820663e-05
8.1065999e-05
8.3643056e-05
8.7415864e-05
9.1795149e-05
9.6880588e-05
0.00010279126
0.00010967506
0.00011771164
0.00012827467
0.000139373
0.00015240852
0.00016776533
0.00018589605
0.00020735457
0.00023282102
0.00026313117
0.00029931113
0.00034262816
0.00039466241
0.000457396
0.00053333171
0.00062565677
0.00073846701
0.00087711659
0.0010373579
0.0010392557
0.0010394524
0.0010390781
0.0010388511
0.0010388671
0.0010390579
0.0010393476
0.0010396229
0.0010397116
0.001039371
0.0010380438
0.0010344413
0.0010272709
0.0010186496
0.0010118253
0.0010074867
0.0010056126
0.0010050719
0.0010051613
0.0010062181
0.0010120341
0.0010167217
0.00026170295
0.00017047848
5.155527e-05
4.0656236e-05
4.4436998e-05
4.2426726e-05
5.7028509e-05
6.2312379e-05
6.6790188e-05
8.6439679e-05
6.1858543e-05
8.921461e-05
6.3517038e-05
7.8850314e-05
6.6868385e-05
7.0086974e-05
6.6759948e-05
6.631769e-05
6.5369103e-05
6.4816128e-05
6.4475716e-05
6.4348042e-05
6.4426478e-05
6.4700655e-05
6.5162643e-05
6.5811403e-05
6.6651827e-05
6.7695381e-05
6.8960932e-05
7.0471615e-05
7.225111e-05
7.4326124e-05
7.6732809e-05
7.9518035e-05
8.2740427e-05
8.6474497e-05
9.0804606e-05
9.5830082e-05
0.00010167005
0.00010847231
0.00011641566
0.00012570905
0.00013660014
0.00014940131
0.00016449118
0.00018232076
0.00020343716
0.00022851546
0.00025838592
0.00029406833
0.00033682381
0.0003882263
0.00045025036
0.0005253877
0.00061680674
0.00072856936
0.00086596342
0.0010358998
0.0010382179
0.0010384726
0.0010381816
0.0010380289
0.0010380948
0.0010383035
0.0010385735
0.0010387884
0.0010387786
0.001038299
0.001036888
0.0010330545
0.0010256335
0.0010172166
0.0010108643
0.0010069443
0.0010054408
0.0010050463
0.0010054376
0.001006688
0.0010123778
0.0010159566
3.9540725e-06
3.8248047e-05
4.8428451e-05
4.0914591e-05
4.3982917e-05
4.2375318e-05
5.6772548e-05
6.2377e-05
6.2054661e-05
8.6714442e-05
5.8096548e-05
8.574786e-05
6.0689971e-05
7.6588738e-05
6.4718577e-05
6.8125659e-05
6.4965081e-05
6.4595346e-05
6.3740172e-05
6.3253158e-05
6.2963569e-05
6.2876317e-05
6.2982601e-05
6.3274054e-05
6.3743897e-05
6.439197e-05
6.52239e-05
6.6251735e-05
6.7494656e-05
6.8975692e-05
7.0718151e-05
7.2748742e-05
7.5103156e-05
7.7828639e-05
8.0984638e-05
8.4642073e-05
8.8885266e-05
9.3812483e-05
9.9541579e-05
0.000106219
0.00011402141
0.00012315341
0.00013386326
0.00014645956
0.00016131732
0.00017888228
0.0001996978
0.00022443446
0.00025391703
0.00028915924
0.00033141578
0.00038225324
0.00044363614
0.00051804063
0.00060860903
0.00071935794
0.00085549129
0.0010237729
0.0010371862
0.0010375092
0.0010372951
0.0010372079
0.0010373139
0.0010375305
0.0010377723
0.0010379222
0.0010378139
0.0010372069
0.0010356979
0.0010316206
0.0010240182
0.0010158733
0.0010099948
0.0010065111
0.0010053139
0.001005041
0.001005693
0.0010073908
0.0010126552
0.0010151397
5.9722414e-06
3.4567163e-05
4.5416513e-05
3.9771488e-05
4.345078e-05
4.2334286e-05
5.6422082e-05
6.2430514e-05
5.8311803e-05
8.6844005e-05
5.5054879e-05
8.235828e-05
5.8332653e-05
7.4384267e-05
6.279848e-05
6.6198128e-05
6.3201347e-05
6.2837884e-05
6.2040144e-05
6.1587767e-05
6.1324187e-05
6.1258388e-05
6.1378764e-05
6.1677996e-05
6.2149894e-05
6.2794654e-05
6.3618086e-05
6.4632387e-05
6.5856662e-05
6.7313522e-05
6.9025741e-05
7.1019746e-05
7.3331212e-05
7.6006931e-05
7.910545e-05
8.2697485e-05
8.6866143e-05
9.1708469e-05
9.7341218e-05
0.00010390963
0.00011158843
0.00012058017
0.00013113043
0.00014354581
0.00015819789
0.0001755286
0.00019607748
0.00022051088
0.00024964834
0.00028449743
0.00032630581
0.00037663126
0.00043742527
0.00051114351
0.00060089445
0.00071063784
0.00084547662
0.0010120027
0.0010361721
0.0010365626
0.0010364168
0.0010363863
0.0010365228
0.0010367384
0.0010369453
0.0010370271
0.001036822
0.0010360923
0.0010344566
0.0010301497
0.0010224376
0.0010146223
0.0010092122
0.001006179
0.001005203
0.0010050535
0.0010059316
0.0010081586
0.0010128616
0.0010143725
2.8079807e-06
2.9606371e-05
4.4988084e-05
3.9160262e-05
4.2885776e-05
4.2298906e-05
5.5665728e-05
6.2475179e-05
5.5094405e-05
8.1265452e-05
5.2422307e-05
7.9075632e-05
5.6241368e-05
7.2175792e-05
6.0972308e-05
6.4213648e-05
6.1378792e-05
6.0979964e-05
6.0217615e-05
5.9783924e-05
5.9534712e-05
5.9482317e-05
5.9611984e-05
5.9916458e-05
6.0389742e-05
6.1032013e-05
6.1848949e-05
6.2852656e-05
6.4061993e-05
6.5499044e-05
6.7186014e-05
6.9149075e-05
7.1423721e-05
7.4056414e-05
7.7105214e-05
8.0639944e-05
8.474281e-05
8.9509831e-05
9.5056794e-05
0.00010152787
0.00010909601
0.00011796153
0.00012836844
0.00014062129
0.00015508858
0.00017220851
0.00019251727
0.00021667714
0.00024550235
0.00027999401
0.00032139184
0.00037124289
0.00043148229
0.00050453987
0.00059348232
0.00070220112
0.00083568202
0.0010003236
0.0010351764
0.0010356313
0.0010355451
0.0010355627
0.0010357208
0.0010359275
0.0010360943
0.0010361067
0.0010358075
0.0010349605
0.0010331732
0.0010286545
0.0010209035
0.0010134644
0.0010085109
0.0010058773
0.0010050258
0.0010050687
0.0010061981
0.0010088362
0.0010129887
0.0010138321
2.9072003e-06
2.7021008e-05
4.5257235e-05
3.8370787e-05
4.2281083e-05
4.2278865e-05
5.4992748e-05
6.2548242e-05
5.1600182e-05
7.5709173e-05
4.955643e-05
7.5328136e-05
5.3916607e-05
6.9451055e-05
5.8873727e-05
6.1882232e-05
5.9281624e-05
5.8870808e-05
5.8167057e-05
5.777218e-05
5.7553062e-05
5.7526038e-05
5.7674709e-05
5.7992075e-05
5.8472864e-05
5.9117651e-05
5.9932301e-05
6.0929098e-05
6.2126888e-05
6.3547425e-05
6.5212533e-05
6.7148257e-05
6.9390029e-05
7.1984017e-05
7.4987786e-05
7.8470503e-05
8.2513507e-05
8.7211856e-05
9.2680478e-05
9.906256e-05
0.00010652941
0.00011527939
0.000125555
0.00013765898
0.00015195688
0.00016888353
0.00018897191
0.00021288021
0.00024141715
0.0002755768
0.00031658977
0.00036599019
0.00042569318
0.00049809733
0.00058621977
0.00069387289
0.00082591103
0.0009885224
0.0010342051
0.0010347138
0.0010346785
0.0010347358
0.0010349074
0.0010350984
0.0010352213
0.0010351643
0.0010347744
0.0010338152
0.0010318743
0.0010271482
0.0010194262
0.0010123983
0.0010078828
0.0010055885
0.0010048608
0.001005114
0.0010064939
0.0010093981
0.001013032
0.0010131325
1.8463968e-06
2.463314e-05
3.9689475e-05
3.7302413e-05
4.1597546e-05
4.2252654e-05
5.4350724e-05
6.2621429e-05
4.8276317e-05
7.0340438e-05
4.6798959e-05
7.1325084e-05
5.1627045e-05
6.6438858e-05
5.6702917e-05
5.9400169e-05
5.7065249e-05
5.6650003e-05
5.6006207e-05
5.5651937e-05
5.546324e-05
5.546027e-05
5.5626428e-05
5.5955124e-05
5.6441961e-05
5.7088124e-05
5.7899747e-05
5.8889377e-05
6.0075875e-05
6.1480683e-05
6.3125251e-05
6.5035514e-05
6.7246822e-05
6.980506e-05
7.2767323e-05
7.6202092e-05
8.018986e-05
8.4824782e-05
9.0221001e-05
9.652079e-05
0.00010389389
0.00011253685
0.0001226909
0.00013465709
0.00014879821
0.00016554591
0.00018543006
0.0002091047
0.00023737273
0.00027122053
0.0003118684
0.00036083531
0.00042001297
0.00049176365
0.00057904796
0.00068559
0.00081610149
0.00097654899
0.0010332685
0.0010338079
0.0010338159
0.0010339049
0.0010340824
0.0010342524
0.001034329
0.0010342035
0.0010337269
0.0010326603
0.0010305702
0.0010256432
0.0010180143
0.0010114212
0.0010073184
0.0010053471
0.0010047883
0.0010052188
0.0010068047
0.0010098494
0.0010130431
0.0010124656
1.7730747e-06
2.2841307e-05
3.7630596e-05
3.6517852e-05
4.0841368e-05
4.2218609e-05
5.3095625e-05
6.2677996e-05
4.5465126e-05
6.5445722e-05
4.4432745e-05
6.7572123e-05
4.9627643e-05
6.3524121e-05
5.466218e-05
5.6969959e-05
5.4861246e-05
5.4418884e-05
5.3808632e-05
5.3476186e-05
5.3304144e-05
5.3314374e-05
5.3490282e-05
5.3825077e-05
5.4314619e-05
5.4960332e-05
5.5768322e-05
5.6751169e-05
5.7927538e-05
5.9318384e-05
6.0944686e-05
6.2832222e-05
6.5016231e-05
6.7542293e-05
7.0467012e-05
7.3858182e-05
7.7795477e-05
8.2372228e-05
8.7701887e-05
9.3925879e-05
0.00010121247
0.00010975664
0.00011979855
0.00013163771
0.00014563435
0.00016221718
0.0001819131
0.00020537193
0.00023339054
0.00026694716
0.0003072507
0.0003558032
0.00041447007
0.00048557327
0.00057201145
0.00067741368
0.00080634196
0.00096453627
0.0010323452
0.0010329109
0.0010329566
0.0010330695
0.0010332464
0.0010333909
0.0010334198
0.001033228
0.001032669
0.0010314995
0.0010292615
0.0010241512
0.0010166746
0.0010105293
0.0010068088
0.0010051663
0.0010047684
0.0010053848
0.00100712
0.0010102025
0.0010130388
0.0010118364
1.3726113e-06
2.0905026e-05
3.9182562e-05
3.5848576e-05
4.0061061e-05
4.2207444e-05
4.9504286e-05
6.273207e-05
4.2502073e-05
6.0734289e-05
4.1967766e-05
6.379818e-05
4.7515594e-05
6.0386568e-05
5.2435524e-05
5.4340559e-05
5.2458748e-05
5.2008257e-05
5.1440966e-05
5.1141202e-05
5.0997421e-05
5.1031203e-05
5.1226391e-05
5.1575926e-05
5.2075877e-05
5.2727991e-05
5.3538521e-05
5.452018e-05
5.5691509e-05
5.7073044e-05
5.868542e-05
6.0554393e-05
6.2715197e-05
6.5213165e-05
6.8104455e-05
7.145623e-05
7.5347442e-05
7.9870719e-05
8.5138933e-05
9.1292747e-05
9.8499087e-05
0.00010695158
0.00011688957
0.0001286112
0.00014247432
0.00015890491
0.00017842706
0.00020168632
0.00022947345
0.00026275818
0.00030273732
0.0003508946
0.00040906707
0.00047953348
0.000565127
0.00066937776
0.00079669535
0.00095259513
0.0010314362
0.0010320234
0.0010321004
0.00103223
0.0010324004
0.0010325159
0.0010324968
0.0010322412
0.0010316047
0.0010303367
0.0010279532
0.0010226828
0.0010154118
0.0010097179
0.0010063517
0.00100503
0.0010047593
0.0010055743
0.0010074325
0.0010104696
0.0010130076
0.0010111794
1.1939621e-06
1.9253185e-05
3.7521632e-05
3.4948782e-05
3.923895e-05
4.2211504e-05
4.5457368e-05
6.02584e-05
3.9241996e-05
5.5972325e-05
3.926433e-05
5.9639101e-05
4.5142892e-05
5.6768012e-05
4.9871822e-05
5.1396504e-05
4.9780597e-05
4.9369208e-05
4.8876314e-05
4.8634921e-05
4.8541039e-05
4.8615115e-05
4.8842576e-05
4.921699e-05
4.9735291e-05
5.0400121e-05
5.1218315e-05
5.2202984e-05
5.3372692e-05
5.4747711e-05
5.6348514e-05
5.8200992e-05
6.0340433e-05
6.2811946e-05
6.5671266e-05
6.898497e-05
7.283136e-05
7.7302431e-05
8.2510523e-05
8.8595564e-05
9.5723213e-05
0.00010408592
0.00011392231
0.0001255292
0.00013926208
0.00015554424
0.0001748969
0.0001979612
0.00022552151
0.00025853865
0.00029819657
0.00034595946
0.00040363431
0.00047345471
0.00055818632
0.00066125907
0.00078693171
0.00094050309
0.0010305376
0.0010311455
0.0010312473
0.0010313869
0.0010315457
0.0010316297
0.0010315631
0.0010312471
0.0010305379
0.0010291758
0.0010266496
0.0010212476
0.0010142291
0.0010089825
0.0010059558
0.0010049238
0.0010047606
0.0010057775
0.0010077363
0.0010106581
0.0010129085
0.0010104702
1.0358534e-06
1.7917563e-05
3.1575238e-05
3.3898025e-05
3.8302806e-05
4.2189093e-05
4.197649e-05
5.5266933e-05
3.6412531e-05
5.1493891e-05
3.6903642e-05
5.5525357e-05
4.2985168e-05
5.312656e-05
4.7312739e-05
4.8453999e-05
4.7073812e-05
4.6701743e-05
4.6275025e-05
4.6083537e-05
4.6032516e-05
4.6140119e-05
4.6393643e-05
4.678764e-05
4.73199e-05
4.7993856e-05
4.8816703e-05
4.9801716e-05
5.0967268e-05
5.2333268e-05
5.3919998e-05
5.5753418e-05
5.7868759e-05
6.0310796e-05
6.3134775e-05
6.6406649e-05
7.0204024e-05
7.4618206e-05
7.9760928e-05
8.5771285e-05
9.2813609e-05
0.00010107913
0.00011080564
0.00012228832
0.00013588004
0.00015200111
0.00017116946
0.00019402125
0.00022133383
0.00025405829
0.00029336455
0.00034069583
0.00039782743
0.00046694637
0.00055075013
0.0006525696
0.00077651833
0.00092769302
0.0010296526
0.0010302779
0.0010303976
0.001030541
0.001030684
0.0010307347
0.0010306219
0.0010302493
0.0010294729
0.0010280207
0.0010253555
0.0010198542
0.0010131284
0.0010083188
0.0010056465
0.0010048174
0.0010047696
0.0010059906
0.0010080247
0.0010107707
0.0010124526
0.0010097386
9.7940042e-07
1.6752786e-05
3.1108282e-05
3.2949992e-05
3.7269644e-05
4.2151204e-05
3.9067281e-05
5.0777347e-05
3.3984123e-05
4.7531729e-05
3.4894614e-05
5.185406e-05
4.1090377e-05
4.9736904e-05
4.4845554e-05
4.5627505e-05
4.441622e-05
4.4062717e-05
4.3679608e-05
4.351845e-05
4.3495013e-05
4.362391e-05
4.3893763e-05
4.4299695e-05
4.4839793e-05
4.5517682e-05
4.6340472e-05
4.7321278e-05
4.8478103e-05
4.9830411e-05
5.1398238e-05
5.3207521e-05
5.5293311e-05
5.769996e-05
6.0482152e-05
6.3705123e-05
6.7445667e-05
7.1794272e-05
7.6861928e-05
8.2786725e-05
8.9731474e-05
9.7885971e-05
0.00010748682
0.0001188271
0.00013225657
0.00014819204
0.00016714748
0.00018975327
0.00021677889
0.0002491646
0.00028806508
0.00033490113
0.00039141528
0.00045974757
0.00054252837
0.00064299349
0.00076512109
0.00091382566
0.0010287836
0.0010294202
0.0010295513
0.001029693
0.0010298167
0.0010298332
0.001029676
0.0010292512
0.0010284131
0.0010268749
0.0010240755
0.0010185104
0.0010121101
0.001007723
0.0010053854
0.0010046792
0.0010047904
0.0010062102
0.0010082899
0.0010108097
0.0010118882
0.0010090142
8.4562221e-07
1.5518577e-05
3.2088045e-05
3.2113663e-05
3.6219434e-05
4.2096614e-05
3.5879675e-05
4.6317711e-05
3.1354744e-05
4.3750705e-05
3.277384e-05
4.8308143e-05
3.9063122e-05
4.6309838e-05
4.2219814e-05
4.2730274e-05
4.1674738e-05
4.1354094e-05
4.1024285e-05
4.0900464e-05
4.0910578e-05
4.1065753e-05
4.1355824e-05
4.177643e-05
4.2325957e-05
4.3008221e-05
4.38304e-05
4.4805654e-05
4.5951811e-05
4.7288038e-05
4.8834224e-05
5.0616319e-05
5.2669205e-05
5.5036817e-05
5.7773257e-05
6.0942977e-05
6.4621888e-05
6.8899604e-05
7.3886309e-05
7.9718985e-05
8.6558787e-05
9.45939e-05
0.00010405947
0.00011524617
0.00012850033
0.00014423498
0.00016295971
0.0001852987
0.00021201306
0.00024403172
0.00028249347
0.00032879637
0.00038465038
0.00045214996
0.00053386169
0.00063293284
0.00075321897
0.00089947478
0.0010279276
0.0010285716
0.001028708
0.0010288434
0.0010289451
0.0010289273
0.0010287281
0.001028256
0.0010273617
0.0010257413
0.0010228139
0.0010172229
0.0010111738
0.0010071915
0.0010051489
0.0010045543
0.0010048518
0.0010064316
0.0010085243
0.0010107859
0.0010113338
0.0010082914
7.4676165e-07
1.4452556e-05
2.9032684e-05
3.1274051e-05
3.5244377e-05
4.1993512e-05
3.2551851e-05
4.1873627e-05
2.868914e-05
4.0041299e-05
3.0679472e-05
4.4682497e-05
3.6939147e-05
4.279756e-05
3.9464007e-05
3.9789572e-05
3.8898473e-05
3.8630687e-05
3.8369499e-05
3.8294649e-05
3.8347083e-05
3.8535299e-05
3.8850549e-05
3.9289326e-05
3.9850708e-05
4.0539092e-05
4.1362081e-05
4.2333142e-05
4.3470077e-05
4.4791846e-05
4.6318264e-05
4.8075346e-05
5.0097838e-05
5.2429285e-05
5.512321e-05
5.8243296e-05
6.1864635e-05
6.6076078e-05
7.0987121e-05
7.6733727e-05
8.347549e-05
9.1399073e-05
0.00010073825
0.00011178145
0.00012487176
0.00014041867
0.00015892767
0.00018101705
0.0002074399
0.00023911417
0.0002771633
0.00032296351
0.0003781939
0.0004449061
0.00052560739
0.00062336378
0.00074192071
0.00088589314
0.0010270845
0.0010277326
0.0010278688
0.0010279938
0.0010280715
0.0010280198
0.0010277816
0.0010272672
0.0010263221
0.001024623
0.0010215752
0.0010159975
0.0010103185
0.0010067205
0.0010049479
0.00100449
0.0010049639
0.0010066475
0.0010087263
0.0010107347
0.0010108233
0.0010075441
7.1633649e-07
1.3545672e-05
2.6451048e-05
3.0488015e-05
3.3942216e-05
4.1823036e-05
2.9625206e-05
3.7793656e-05
2.647229e-05
3.6747395e-05
2.9024268e-05
4.1289018e-05
3.4996024e-05
3.9492495e-05
3.6805101e-05
3.6987008e-05
3.6235472e-05
3.6010404e-05
3.5808606e-05
3.5775655e-05
3.5864419e-05
3.6081132e-05
3.6418273e-05
3.687316e-05
3.7445588e-05
3.8140517e-05
3.8965866e-05
3.9935267e-05
4.1066326e-05
4.2377708e-05
4.3889122e-05
4.5626628e-05
4.7624805e-05
4.9926788e-05
5.258554e-05
5.5664071e-05
5.9236812e-05
6.3392035e-05
6.8238721e-05
7.3911986e-05
8.0570054e-05
8.8398296e-05
9.7629388e-05
0.0001085498
0.00012149975
0.00013688563
0.00015520924
0.00017708336
0.00020325344
0.00023462687
0.00027231226
0.00031766477
0.00037233396
0.00043833068
0.00051810608
0.0006146502
0.00073160785
0.0008734698
0.0010262569
0.0010269066
0.0010270375
0.0010271484
0.0010272005
0.0010271156
0.0010268415
0.0010262896
0.0010252982
0.0010235234
0.0010203648
0.0010148402
0.0010095431
0.0010063064
0.0010047911
0.0010044617
0.0010051082
0.0010068459
0.0010088874
0.0010107031
0.0010105177
0.0010067106
6.7825498e-07
1.2702796e-05
2.5492546e-05
2.9558589e-05
3.0757237e-05
4.1591318e-05
2.6985347e-05
3.4166216e-05
2.4602077e-05
3.3986708e-05
2.7706213e-05
3.8207194e-05
3.3083816e-05
3.6376648e-05
3.4189496e-05
3.4255851e-05
3.3616588e-05
3.3420983e-05
3.3266893e-05
3.3267628e-05
3.3386247e-05
3.3626772e-05
3.3982615e-05
3.4451653e-05
3.5034181e-05
3.5735433e-05
3.6563377e-05
3.7531573e-05
3.8657287e-05
3.995884e-05
4.1455827e-05
4.3174299e-05
4.5148586e-05
4.7421362e-05
5.0045029e-05
5.3081963e-05
5.6605978e-05
6.070477e-05
6.5486736e-05
7.1086044e-05
7.7659467e-05
8.5391019e-05
9.4512125e-05
0.00010530708
0.00011811308
0.00013333311
0.00015146486
0.00017311495
0.00019902051
0.00023007749
0.00026737883
0.00031225804
0.0003663349
0.00043158005
0.00051039048
0.00060568502
0.00072101814
0.00086077437
0.0010254514
0.0010261002
0.0010262208
0.0010263142
0.0010263392
0.001026222
0.0010259148
0.0010253293
0.0010242949
0.0010224471
0.0010191888
0.0010137579
0.0010088468
0.0010059448
0.0010046726
0.001004444
0.001005248
0.0010070204
0.0010089955
0.0010106876
0.0010102428
0.001005806
6.0389526e-07
1.1910557e-05
2.3201024e-05
2.8530731e-05
2.7608492e-05
3.8455062e-05
2.4417756e-05
3.0829868e-05
2.2835961e-05
3.1568846e-05
2.6411488e-05
3.5113996e-05
3.0871355e-05
3.3186605e-05
3.1422148e-05
3.1410597e-05
3.0884476e-05
3.072424e-05
3.062063e-05
3.0657408e-05
3.0806769e-05
3.1070945e-05
3.1444357e-05
3.1925451e-05
3.2515026e-05
3.3218554e-05
3.4044069e-05
3.5005085e-05
3.6118588e-05
3.7402642e-05
3.8876779e-05
4.0567003e-05
4.2507333e-05
4.4739944e-05
4.7316643e-05
5.0299123e-05
5.3760487e-05
5.7787694e-05
6.2488323e-05
6.7995332e-05
7.4463891e-05
8.207655e-05
9.1063246e-05
0.00010170585
0.00011433847
0.00012936072
0.00014726612
0.00016865538
0.00019425783
0.00022495924
0.00026183905
0.00030621271
0.00035967597
0.00042416796
0.00050204492
0.00059617457
0.00071005164
0.00084799714
0.0010154358
0.0010253168
0.0010254229
0.0010254959
0.001025493
0.0010253444
0.0010250069
0.0010243912
0.0010233161
0.0010213982
0.0010180535
0.0010127568
0.0010082275
0.0010056287
0.0010045881
0.0010044374
0.001005383
0.0010071662
0.0010090448
0.0010106484
0.0010098694
0.0010050808
5.5007841e-07
1.1206623e-05
2.2617965e-05
2.7687216e-05
2.4656869e-05
3.4211374e-05
2.1976935e-05
2.791988e-05
2.1312252e-05
2.9504705e-05
2.5093616e-05
3.1885137e-05
2.8400833e-05
2.9962284e-05
2.8581822e-05
2.8520942e-05
2.810907e-05
2.7989031e-05
2.7935618e-05
2.8007017e-05
2.8183725e-05
2.8466796e-05
2.8851829e-05
2.9337983e-05
2.9926691e-05
3.0623794e-05
3.1437531e-05
3.2381478e-05
3.3472438e-05
3.4728317e-05
3.6168641e-05
3.7819382e-05
3.9714274e-05
4.1895044e-05
4.4412954e-05
4.7329063e-05
5.0715825e-05
5.4659552e-05
5.926712e-05
6.4670529e-05
7.1023915e-05
7.8509124e-05
8.7355432e-05
9.7843544e-05
0.00011030642
0.00012514279
0.00014284536
0.00016401356
0.00018937538
0.00021981519
0.00025641098
0.00030047641
0.00035360514
0.00041773415
0.00049521824
0.00058892632
0.0007023621
0.00083986889
0.0010069282
0.0010245489
0.0010246383
0.0010246893
0.001024659
0.0010244814
0.0010241168
0.0010234745
0.0010223617
0.0010203792
0.0010169657
0.0010118427
0.0010076812
0.0010053551
0.0010045333
0.0010044427
0.0010055095
0.0010072791
0.0010090441
0.0010105315
0.0010093961
0.0010045579
5.2509378e-07
1.0588833e-05
2.1145196e-05
2.6841793e-05
2.1547696e-05
2.9983219e-05
1.9955023e-05
2.5838361e-05
2.0322391e-05
2.7901637e-05
2.3827182e-05
2.8836802e-05
2.6036932e-05
2.703993e-05
2.597533e-05
2.5870374e-05
2.5551156e-05
2.5460647e-05
2.5444452e-05
2.5539478e-05
2.5733095e-05
2.6025436e-05
2.6413142e-05
2.6896003e-05
2.7476027e-05
2.8159395e-05
2.8954497e-05
2.9874903e-05
3.0937194e-05
3.215912e-05
3.356016e-05
3.5166172e-05
3.7010553e-05
3.9134537e-05
4.1588795e-05
4.4433726e-05
4.7741143e-05
5.1596724e-05
5.6106617e-05
6.1402011e-05
6.7636437e-05
7.4991357e-05
8.3695658e-05
9.4029566e-05
0.00010632603
0.00012098423
0.0001384978
0.00015946761
0.00018462422
0.00021485612
0.00025124741
0.00029512061
0.00034808186
0.00041208604
0.00048951365
0.00058327103
0.00069691746
0.00083487302
0.0010027352
0.0010237774
0.0010238518
0.0010238817
0.0010238272
0.0010236254
0.0010232394
0.0010225763
0.0010214332
0.0010194004
0.0010159464
0.0010110299
0.001007208
0.0010051414
0.0010044938
0.0010044552
0.0010056156
0.0010073533
0.0010090008
0.0010101413
0.001008926
0.001004155
0.0090282112
0.0079900386
0.0033648885
0.0013195947
0.00025774144
4.0454789e-05
5.1121202e-05
6.132957e-05
7.187234e-05
7.2702937e-05
6.4385782e-05
5.854746e-05
5.5365295e-05
5.4092091e-05
5.4117738e-05
5.4689115e-05
5.5484949e-05
5.6516338e-05
5.7820351e-05
5.9367203e-05
6.1119481e-05
6.3063575e-05
6.5204258e-05
6.7551665e-05
7.0129512e-05
7.2928701e-05
7.5970263e-05
7.9269486e-05
8.2849919e-05
8.674857e-05
9.1009398e-05
9.5679427e-05
0.00010081094
0.00010646256
0.0001127138
0.00011966493
0.00012743456
0.00013616507
0.00014602516
0.00015721506
0.00016997844
0.00018460011
0.00020142193
0.00022085617
0.00024338909
0.0002696019
0.00030019745
0.00033599538
0.00037797695
0.00042732648
0.0004854592
0.00055407101
0.00063520073
0.00073136233
0.00084564309
0.00098195552
0.0010452673
0.0010495678
0.0010518553
0.0010519381
0.0010507365
0.001049342
0.0010481904
0.0010473629
0.0010469349
0.0010469434
0.0010467177
0.0010462072
0.0010457074
0.0010450886
0.0010432601
0.0010383915
0.0010298322
0.0010204287
0.0010133335
0.001008584
0.0010057971
0.0010042807
0.0010061176
0.001019208
0.011006679
0.010147823
0.0039536994
0.0015689832
0.00030569858
4.5608676e-05
5.4773031e-05
6.4992636e-05
7.545953e-05
8.6026241e-05
9.6469154e-05
0.00010476622
9.1277575e-05
8.3309757e-05
7.8553563e-05
7.5396194e-05
7.3249844e-05
7.2005024e-05
7.1563236e-05
7.1772449e-05
7.2503568e-05
7.3679382e-05
7.5253358e-05
7.7196791e-05
7.949802e-05
8.212123e-05
8.5068789e-05
8.8341561e-05
9.1953757e-05
9.593647e-05
0.00010032965
0.0001051779
0.00011053233
0.00011645257
0.00012302105
0.00013034222
0.00013854002
0.00014776338
0.00015818876
0.00017002582
0.0001835291
0.00019899574
0.00021678193
0.00023731612
0.00026110234
0.00028874173
0.00032095838
0.00035859373
0.00040265165
0.00045433883
0.00051509045
0.00058661731
0.00067096494
0.00077064091
0.00088870549
0.001029024
0.0010461554
0.0010504515
0.0010527207
0.0010527737
0.0010515339
0.0010500857
0.0010488603
0.0010479426
0.0010474198
0.0010473257
0.001046978
0.0010463431
0.0010458063
0.0010453117
0.0010438432
0.0010394901
0.0010312505
0.0010216997
0.0010141712
0.0010091228
0.0010060535
0.0010043037
0.0010058689
0.0010186664
0.012187569
0.011765776
0.0048008994
0.0019391187
0.00042544951
4.9981709e-05
5.7337304e-05
6.7880019e-05
7.8338315e-05
8.873065e-05
9.9130648e-05
0.00011000876
0.00012146958
0.00013363641
0.0001460574
0.00013460501
0.00012325767
0.00011486109
0.0001088079
0.00010455095
0.00010169799
9.9980409e-05
9.9211451e-05
9.9253839e-05
0.00010000818
0.00010136872
0.00010328787
0.00010572549
0.00010866563
0.00011211667
0.00011610054
0.00012064763
0.00012579823
0.00013160525
0.00013814836
0.00014553162
0.00015388048
0.00016334724
0.0001741134
0.00018639582
0.00020045792
0.00021660734
0.00023521312
0.00025671855
0.0002816443
0.0003106106
0.00034436218
0.00038376187
0.00042983643
0.00048381574
0.00054715632
0.00062158593
0.00070915991
0.00081238401
0.00093429728
0.0010411777
0.001047075
0.0010513645
0.0010536135
0.0010536375
0.0010523631
0.0010508653
0.0010495674
0.0010485569
0.0010479325
0.0010477225
0.0010472455
0.0010464658
0.0010458591
0.0010454565
0.0010443605
0.0010405647
0.0010327338
0.0010230868
0.0010150913
0.0010097104
0.0010063585
0.0010043788
0.0010056395
0.0010179736
0.012868898
0.01257838
0.0059942242
0.0023257011
0.00063528552
5.6629868e-05
5.9106971e-05
6.9951278e-05
8.0613241e-05
9.1135162e-05
0.00010141545
0.00011223688
0.00012373701
0.00013591267
0.00014829592
0.00016075502
0.00017375631
0.00018761131
0.00019286192
0.00017731591
0.00016529219
0.0001560816
0.0001491439
0.00014409489
0.00014062613
0.00013846345
0.00013743375
0.00013739505
0.00013825431
0.00013996063
0.00014248737
0.00014582506
0.00014998175
0.0001549862
0.00016090156
0.00016782018
0.00017585959
0.00018516761
0.00019592422
0.00020834808
0.00022270712
0.00023931574
0.00025855303
0.000280875
0.00030681741
0.00033701885
0.00037224472
0.00041337988
0.00046147574
0.00051778815
0.00058379869
0.00066125676
0.00075223317
0.0008592371
0.00098529875
0.0010421141
0.0010480116
0.0010522971
0.0010545296
0.0010545298
0.0010532265
0.0010516833
0.0010503142
0.0010492084
0.0010484752
0.0010481333
0.0010475197
0.0010465768
0.001045862
0.0010455353
0.0010447682
0.0010416424
0.0010342774
0.001024602
0.0010161123
0.0010103447
0.0010067205
0.0010045537
0.00100544
0.0010171271
0.013218233
0.012943683
0.0073079442
0.0027897467
0.00096929118
7.2305687e-05
6.030754e-05
7.1486949e-05
8.2325514e-05
9.2976212e-05
0.0001033702
0.00011435526
0.00012583837
0.00013798549
0.00015034323
0.00016280312
0.00017584153
0.00018974985
0.00020456864
0.00022025513
0.00023686677
0.00025439938
0.00024201623
0.00022632998
0.00021394981
0.00020427483
0.00019690562
0.00019150867
0.00018783862
0.00018571836
0.00018501737
0.00018563892
0.00018751986
0.00019063215
0.0001949962
0.00020067083
0.00020774739
0.00021635412
0.00022665714
0.000238867
0.00025324837
0.00027011632
0.00028985558
0.00031293202
0.00033989476
0.00037140028
0.00040823528
0.00045130791
0.0005016965
0.00056068589
0.0006297859
0.00071077053
0.00080572633
0.00091717182
0.0010355058
0.0010430565
0.0010489567
0.0010532418
0.0010554634
0.0010554473
0.0010541221
0.0010525388
0.0010511014
0.0010498989
0.0010490504
0.00104856
0.0010478008
0.0010466801
0.0010458137
0.001045548
0.0010450639
0.0010427744
0.0010358632
0.0010262471
0.0010172441
0.0010110314
0.0010071408
0.0010047293
0.0010052822
0.0010161353
0.013348977
0.013034466
0.0084047679
0.0032979941
0.0013935848
0.00011362314
6.1193729e-05
7.252328e-05
8.3540373e-05
9.4303758e-05
0.00010485262
0.00011604173
0.00012769919
0.00013997126
0.00015227709
0.00016472093
0.00017780862
0.00019177358
0.00020663557
0.00022236514
0.00023902154
0.00025659316
0.0002750178
0.00029435278
0.0003146217
0.00030720241
0.00028958464
0.00027539525
0.00026417471
0.00025559219
0.00024937625
0.00024530801
0.00024321447
0.0002429796
0.00024455362
0.00024793846
0.00025317837
0.00026036405
0.00026963247
0.00028117343
0.00029523833
0.00031213481
0.00033224751
0.00035604838
0.00038409761
0.00041706885
0.00045577077
0.00050113601
0.00055427201
0.00061649513
0.0006893453
0.00077462067
0.00087442807
0.00099127537
0.0010364469
0.0010439956
0.0010499014
0.0010541901
0.0010564075
0.0010563838
0.0010550455
0.0010534292
0.0010519279
0.0010506295
0.0010496609
0.0010490062
0.0010480947
0.0010467828
0.0010457085
0.0010455124
0.001045247
0.0010437565
0.0010374727
0.0010280211
0.0010184937
0.0010117927
0.001007626
0.0010049023
0.0010051694
0.0010150163
0.013339718
0.012989655
0.0093174776
0.0038099987
0.0018049156
0.00020830351
6.2203062e-05
7.3247198e-05
8.4378738e-05
9.5219227e-05
0.00010589722
0.00011726118
0.00012910512
0.00014154377
0.00015397835
0.00016655886
0.00017965867
0.00019364532
0.00020855844
0.0002243434
0.00024105119
0.0002586643
0.00027712577
0.00029649941
0.00031680431
0.00033803204
0.00036022063
0.00038340857
0.00037142166
0.00035409152
0.00034027014
0.00032959014
0.00032178255
0.00031664002
0.00031404227
0.0003139266
0.00031628314
0.00032115728
0.00032864866
0.0003389192
0.00035220033
0.00036878633
0.00038905729
0.00041348821
0.00044264841
0.00047722827
0.0005180592
0.0005660994
0.00062248718
0.00068857298
0.0007659286
0.00085638125
0.00096203615
0.0010281635
0.0010373765
0.0010449226
0.0010508363
0.0010551325
0.001057353
0.001057332
0.0010559906
0.0010543501
0.0010527918
0.0010514007
0.0010503093
0.0010494753
0.0010484078
0.0010468944
0.0010456011
0.0010454171
0.0010453158
0.0010444368
0.0010390761
0.0010299265
0.0010198769
0.0010126697
0.0010081854
0.0010050869
0.0010051042
0.0010138176
0.013250947
0.012902053
0.010045895
0.0044734557
0.0021483566
0.00038908473
6.4374164e-05
7.3764256e-05
8.4989724e-05
9.5875664e-05
0.00010664627
0.00011813805
0.0001301287
0.00014270616
0.00015527835
0.00016801556
0.00018127603
0.0001954338
0.0002103744
0.00022618079
0.00024292761
0.00026059066
0.0002791009
0.00029851937
0.00031886576
0.00034013028
0.0003623569
0.00038557697
0.00040973074
0.00043484238
0.00046089065
0.00044498762
0.00042942689
0.00041757945
0.00040920067
0.00040415475
0.00040236732
0.00040383107
0.00040860414
0.00041681395
0.00042866893
0.00044444681
0.00046452114
0.00048936889
0.0005195681
0.00055582667
0.00059900052
0.00065007554
0.00071022455
0.00078083624
0.00086351402
0.00096009521
0.0010182093
0.0010290918
0.0010382863
0.0010458289
0.0010517518
0.0010560592
0.0010582905
0.0010582833
0.00105695
0.0010552958
0.0010536896
0.0010522117
0.0010509983
0.0010499694
0.0010487398
0.0010470266
0.0010456445
0.0010452415
0.0010453346
0.0010448961
0.001040627
0.0010319759
0.0010214245
0.0010137085
0.0010088277
0.0010052876
0.0010050882
0.0010126573
0.013122547
0.012795221
0.010536669
0.0052762263
0.0023941085
0.00066027199
7.0568488e-05
7.4159978e-05
8.5462297e-05
9.6373805e-05
0.00010721165
0.00011879671
0.0001308986
0.00014358261
0.00015626617
0.00016913219
0.00018254946
0.00019687055
0.00021194833
0.00022790687
0.00024474427
0.0002624222
0.00028094992
0.00030041365
0.00032080742
0.00034211683
0.00036438569
0.00038764294
0.00041182755
0.0004369685
0.00046303821
0.00048994537
0.00051770771
0.00054626252
0.0005397759
0.00052741886
0.00051949344
0.00051587025
0.00051650843
0.00052148148
0.00053095238
0.00054516732
0.00056448319
0.00058937305
0.00062042046
0.00065835047
0.00070404508
0.00075851955
0.00082298028
0.00089885269
0.00098778423
0.0010065731
0.0010191521
0.0010299987
0.0010391696
0.0010467063
0.0010526384
0.0010569596
0.0010592096
0.0010592277
0.0010579146
0.0010562587
0.0010546163
0.0010530613
0.0010517271
0.0010504883
0.0010490872
0.0010471908
0.0010456092
0.0010449995
0.0010453149
0.001045201
0.0010420818
0.0010341706
0.0010231678
0.0010149432
0.0010095537
0.0010055083
0.0010051184
0.0010116255
0.012977174
0.012679999
0.01085846
0.0062096127
0.0026497025
0.00099938245
8.7458253e-05
7.4320074e-05
8.5837013e-05
9.6760204e-05
0.00010764773
0.00011930289
0.00013149255
0.00014426188
0.0001570355
0.00017000547
0.00018355407
0.00019800781
0.00021321764
0.00022932367
0.00024629624
0.00026410447
0.0002827697
0.00030227218
0.00032268153
0.00034401009
0.00036632441
0.00038962311
0.00041384411
0.00043901744
0.00046511247
0.00049203849
0.00051981715
0.00054837913
0.00057758083
0.00060733315
0.00063749757
0.00066790266
0.00066286219
0.00066258297
0.000668063
0.00067946057
0.00069707912
0.00072136198
0.00075288068
0.00079236709
0.00084072516
0.00089900054
0.00095922484
0.00097715355
0.00099326826
0.0010075518
0.0010200749
0.0010308791
0.0010400209
0.0010475469
0.0010534863
0.0010578233
0.0010601
0.0010601556
0.0010588756
0.0010572315
0.0010555664
0.0010539434
0.0010524745
0.0010510287
0.0010494494
0.0010473944
0.001045472
0.001044716
0.0010451985
0.0010453914
0.0010433625
0.0010366122
0.0010251191
0.001016393
0.0010103617
0.001005757
0.0010051864
0.0010107472
0.012834003
0.012585819
0.011154878
0.0071385899
0.0029763353
0.0013531755
0.00012819977
7.4604361e-05
8.6136649e-05
9.7062269e-05
0.0001079854
0.00011969305
0.00013195378
0.00014479416
0.00015764336
0.00017070029
0.00018435882
0.00019892007
0.00021424347
0.0002304746
0.0002475696
0.00026551023
0.00028431263
0.00030393191
0.00032446574
0.00034591745
0.00036824838
0.00039156029
0.00041579944
0.00044100835
0.00046713227
0.00049408279
0.00052188032
0.00055045275
0.00057965399
0.0006093997
0.00063954787
0.00066992414
0.00070030744
0.0007305313
0.00076037329
0.00078961379
0.00081802673
0.00084539104
0.00087150927
0.00089620198
0.00091931563
0.00094074989
0.00096042174
0.00097826618
0.00099430012
0.0010085133
0.0010209739
0.0010317298
0.0010408377
0.001048347
0.0010542902
0.0010586427
0.0010609522
0.0010610552
0.0010598185
0.0010581978
0.0010565244
0.0010548633
0.0010532284
0.0010515832
0.0010498275
0.0010476383
0.001045334
0.0010443628
0.0010448464
0.0010454649
0.0010442441
0.001039459
0.0010272688
0.0010180757
0.0010112626
0.0010060858
0.0010052979
0.0010099874
0.01270763
0.012515712
0.011380501
0.0078760436
0.0033606287
0.0016609064
0.00021281389
7.5282687e-05
8.6381327e-05
9.7302559e-05
0.0001082502
0.0001199969
0.00013231636
0.0001452174
0.00015813163
0.00017126293
0.00018501437
0.00019966358
0.00021508428
0.00023142063
0.00024862009
0.00026667756
0.00028559904
0.00030533527
0.00032599866
0.00034757406
0.00037001943
0.00039344773
0.00041778297
0.00044300217
0.00046913011
0.00049609147
0.00052391164
0.00055249872
0.00058170483
0.00061144649
0.00064158111
0.00067193126
0.00070227895
0.00073245736
0.00076224383
0.00079141924
0.00081975838
0.00084704158
0.00087307288
0.00089767462
0.000920696
0.00094203803
0.0009616158
0.00097937209
0.00099531955
0.0010094593
0.001021852
0.0010325512
0.0010416161
0.0010490976
0.0010550346
0.0010593984
0.0010617469
0.0010619122
0.0010607384
0.0010591639
0.0010575098
0.0010557621
0.0010539654
0.0010521394
0.0010502185
0.0010479171
0.0010452687
0.0010439172
0.0010442921
0.0010454803
0.0010448273
0.0010422104
0.0010296094
0.0010200258
0.0010122871
0.0010065305
0.0010054495
0.0010092958
0.012597299
0.012439352
0.011458875
0.008440382
0.003889378
0.0018964315
0.00036143745
7.7203755e-05
8.6577573e-05
9.7498338e-05
0.00010846233
0.00012023865
0.00013260856
0.00014556346
0.00015853576
0.00017173269
0.0001855642
0.00020028664
0.00021579115
0.00023221647
0.00024950418
0.00026766182
0.00028668316
0.00030652482
0.000327304
0.00034898781
0.0003715552
0.00039510685
0.00041955216
0.00044487442
0.00047110231
0.00049814623
0.00052596786
0.00055454878
0.00058374218
0.00061348241
0.00064360709
0.00067393487
0.00070425201
0.00073438751
0.00076412013
0.00079323186
0.0008214982
0.00084870078
0.00087464502
0.00089915508
0.00092208282
0.00094333032
0.00096280974
0.00098047261
0.00099632595
0.0010103836
0.0010226987
0.0010333321
0.001042354
0.0010498122
0.0010557475
0.0010601297
0.0010625297
0.0010627651
0.0010616374
0.0010600755
0.0010584033
0.0010565783
0.001054656
0.0010526798
0.0010506114
0.0010482201
0.0010452995
0.0010436549
0.0010436324
0.0010453992
0.0010451739
0.0010438153
0.0010320937
0.0010222427
0.0010134433
0.0010071171
0.0010056408
0.0010086826
0.01249624
0.012351999
0.011487564
0.0089257466
0.0045224393
0.0020794743
0.00058009079
8.2760748e-05
8.6754377e-05
9.766005e-05
0.0001086352
0.0001204352
0.00013285075
0.00014585608
0.00015888298
0.00017214078
0.00018604403
0.00020083003
0.00021640842
0.00023291081
0.00025027402
0.00026851769
0.00028762198
0.00030755814
0.00032843755
0.0003502137
0.00037289229
0.00039655487
0.00042109967
0.0004465333
0.00047286918
0.00050000695
0.00052791377
0.00055657319
0.00058583853
0.00061557471
0.00064567349
0.00067596388
0.0007062375
0.00073632622
0.00076600648
0.00079505539
0.00082324912
0.00085037045
0.00087622613
0.00090064214
0.00092347306
0.00094462152
0.00096399691
0.00098156993
0.00099733634
0.0010113181
0.0010235654
0.001034142
0.0010431088
0.0010504916
0.0010563671
0.0010607146
0.0010631224
0.0010633916
0.0010622999
0.0010607737
0.0010591097
0.0010572625
0.001055268
0.0010531829
0.0010509903
0.0010485338
0.0010454332
0.0010436482
0.0010430016
0.0010452099
0.0010452961
0.0010447556
0.0010346306
0.001024708
0.0010147075
0.0010079231
0.0010060159
0.001008202
0.01239962
0.012260563
0.011499819
0.009320976
0.0052691184
0.0022851348
0.00085379797
9.759152e-05
8.6801318e-05
9.779725e-05
0.00010878057
0.00012060074
0.00013305942
0.00014611394
0.00015919451
0.0001725117
0.00018648209
0.00020132605
0.0002169722
0.00023354427
0.00025097412
0.00026929389
0.00028846933
0.00030849198
0.00032945913
0.0003513143
0.00037409199
0.00039785145
0.0004224815
0.00044801738
0.00047445136
0.00050167127
0.00052967107
0.00055841626
0.00058775555
0.00061753777
0.00064767713
0.00067799309
0.00070828223
0.00073835491
0.0007679732
0.00079695142
0.00082506643
0.0008521023
0.00087786722
0.00090218903
0.00092492476
0.00094597706
0.00096525514
0.0009827255
0.00099834789
0.0010121936
0.0010243128
0.0010347606
0.001043591
0.0010508655
0.001056658
0.0010609483
0.0010633576
0.001063674
0.0010626457
0.0010611833
0.0010595701
0.0010577665
0.0010557644
0.0010536246
0.0010513399
0.0010488436
0.0010456527
0.0010435201
0.0010424459
0.0010448957
0.0010453627
0.0010455056
0.0010370604
0.0010277025
0.0010160452
0.0010089623
0.0010069379
0.0010077748
0.012306364
0.012172224
0.011506156
0.0096426752
0.0060531739
0.0025501023
0.0011396839
0.00013206994
8.6906641e-05
9.7920946e-05
0.00010891261
0.00012075164
0.00013325232
0.00014635604
0.00015949127
0.00017286884
0.00018690466
0.00020180384
0.00021751489
0.00023415278
0.000251644
0.00027003401
0.00028927419
0.00030937841
0.00033042536
0.0003523502
0.00037521838
0.00039906387
0.00042376763
0.00044939563
0.00047591563
0.00050320406
0.00053128913
0.00056011133
0.00058950548
0.00061934098
0.00064952602
0.0006798732
0.0007101799
0.00074023548
0.00076982645
0.00079876033
0.00082681385
0.0008537717
0.00087944322
0.00090365817
0.00092627606
0.00094719966
0.00096633886
0.00098364814
0.0009991109
0.0010128018
0.0010247652
0.0010350484
0.0010437238
0.0010508748
0.001056565
0.0010607836
0.0010632
0.0010635833
0.0010626374
0.001061263
0.0010597458
0.0010580446
0.0010561053
0.00105398
0.001051649
0.0010491404
0.001045933
0.0010434917
0.0010418938
0.001044227
0.0010453271
0.0010462095
0.0010391909
0.0010317605
0.001017422
0.0010101506
0.0010078728
0.0010075569
0.012218144
0.012091658
0.011510544
0.0099071793
0.0067535001
0.0029120341
0.0014025396
0.00020326105
8.7497427e-05
9.8044953e-05
0.00010904719
0.00012090636
0.0001334492
0.00014660316
0.00015979619
0.00017323754
0.00018733975
0.00020229404
0.00021806993
0.00023477248
0.00025232412
0.00027078217
0.00029008471
0.00031026866
0.00033139154
0.00035338114
0.00037633508
0.00040025839
0.00042503119
0.00045074429
0.00047733784
0.00050468841
0.00053285093
0.00056173884
0.00059117018
0.00062105539
0.00065127913
0.00068164941
0.0007119561
0.00074198708
0.00077154881
0.00080043437
0.00082842027
0.00085529172
0.00088085922
0.00090495474
0.00092743998
0.00094821593
0.00096718889
0.0009843193
0.00099961382
0.0010131298
0.0010249092
0.0010350083
0.0010435216
0.0010505299
0.0010560989
0.0010602373
0.0010626636
0.0010631224
0.0010622699
0.0010610023
0.0010596152
0.0010580621
0.0010562544
0.001054223
0.0010519089
0.0010494263
0.0010462572
0.0010436287
0.0010414494
0.0010433766
0.0010448969
0.0010470863
0.0010408731
0.0010365015
0.0010188575
0.001011603
0.0010085876
0.0010077211
0.012137749
0.012020628
0.011511198
0.010111622
0.0072779629
0.0033884456
0.001609562
0.00032831485
8.9417646e-05
9.8172101e-05
0.00010919974
0.00012108365
0.00013367074
0.00014687765
0.00016013407
0.00017364515
0.00018781769
0.00020283005
0.00021867366
0.00023544214
0.00025305909
0.00027158684
0.00029095268
0.00031121778
0.00033241555
0.00035447142
0.00037751005
0.00040150409
0.00042635006
0.00045214511
0.00047879984
0.0005062161
0.0005344516
0.00056339169
0.00059285442
0.00062278452
0.00065303913
0.00068341757
0.000713704
0.0007437058
0.0007732275
0.00080205262
0.00082995753
0.00085672815
0.00088217636
0.00090613646
0.00092847152
0.00094907648
0.00096785749
0.00098479776
0.00099990586
0.0010132178
0.0010247899
0.0010346945
0.0010430269
0.0010498793
0.0010553094
0.0010593642
0.0010617908
0.0010623257
0.0010615737
0.001060421
0.0010591793
0.0010578055
0.0010561868
0.0010543294
0.0010521096
0.0010497136
0.001046617
0.0010439622
0.0010415293
0.0010427456
0.0010439396
0.0010481126
0.0010420683
0.0010395724
0.0010205113
0.001013549
0.0010091817
0.0010078787
0.012067178
0.01195834
0.011504922
0.010265524
0.0077572054
0.003965662
0.0017843177
0.0005149139
9.4985516e-05
9.8348199e-05
0.00010938494
0.00012130229
0.00013393898
0.00014720416
0.00016053204
0.00017412138
0.0001883715
0.0002034485
0.00021936605
0.00023620488
0.00025389805
0.00027250138
0.00029193577
0.00031228707
0.00033356069
0.00035569311
0.00037881955
0.00040288029
0.00042781089
0.00045368772
0.00048039682
0.00050788923
0.00053619484
0.00056517466
0.00059467617
0.0006246486
0.00065492467
0.00068529412
0.00071555139
0.00074552021
0.00077498999
0.00080374058
0.00083154819
0.00085819992
0.00088350969
0.0009073142
0.00092947568
0.00094987834
0.00096844591
0.00098517404
0.0010000612
0.0010131387
0.0010244815
0.0010341691
0.0010422896
0.0010489626
0.00105428
0.0010582423
0.0010606542
0.0010612643
0.001060614
0.0010595714
0.0010584719
0.0010572915
0.0010558969
0.001054283
0.0010522381
0.0010500153
0.0010470144
0.0010444919
0.0010416756
0.0010424694
0.0010431086
0.0010484413
0.0010427662
0.0010411725
0.0010224275
0.0010164133
0.0010101228
0.0010085827
0.012007432
0.011905569
0.011499945
0.010410905
0.0081853816
0.0046460685
0.0019944297
0.00075254157
0.0001096159
9.8429983e-05
0.00010962329
0.00012158665
0.00013428249
0.00014761411
0.00016102321
0.00017470136
0.0001890395
0.00020419121
0.00022019272
0.00023711038
0.00025489476
0.00027358329
0.0002930981
0.00031354486
0.00033489829
0.00035712573
0.00038034706
0.00040447916
0.00042950954
0.00045546952
0.00048223968
0.00050982036
0.00053819323
0.00056721162
0.00059676607
0.00062677891
0.00065706628
0.00068741814
0.00071764998
0.00074758121
0.00077698852
0.000805651
0.00083334473
0.00085985787
0.00088500698
0.0009086316
0.00093059078
0.00095075678
0.00096908914
0.00098556856
0.0010001937
0.0010130104
0.0010241009
0.0010335552
0.0010414642
0.0010479453
0.0010531277
0.0010569828
0.0010593688
0.0010600489
0.0010594939
0.0010585446
0.001057568
0.0010565728
0.0010554084
0.0010540844
0.0010522818
0.0010503317
0.0010474591
0.0010451669
0.001042038
0.0010425422
0.001042675
0.0010483447
0.0010429561
0.0010421137
0.0010240746
0.0010199229
0.0010112115
0.0010100444
0.011956941
0.011860864
0.011495331
0.010529093
0.0085614407
0.0053582255
0.002250909
0.0010008067
0.00014263693
9.872283e-05
0.00010994108
0.00012196702
0.00013473608
0.00014814475
0.00016164595
0.00017542511
0.00018986454
0.00020510426
0.00022120363
0.00023821319
0.00025610542
0.00027489136
0.00029450675
0.00031506246
0.00033650602
0.00035885123
0.00038217721
0.00040639872
0.00043154442
0.00045759252
0.0004844457
0.00051212506
0.00054056693
0.00056963984
0.00059925993
0.00062931201
0.00065960803
0.00068994859
0.00072016282
0.0007500521
0.00077938876
0.00080795229
0.00083551862
0.0008618759
0.00088684212
0.00091025978
0.00093198535
0.00095188462
0.0009699522
0.0009861386
0.0010004646
0.0010129892
0.001023799
0.001032993
0.0010406774
0.0010469589
0.0010519884
0.0010557314
0.0010580813
0.0010588228
0.0010583509
0.0010574705
0.0010565844
0.001055742
0.0010547825
0.0010537588
0.0010522359
0.0010506485
0.0010479572
0.0010459368
0.001042552
0.0010428785
0.0010423425
0.0010475694
0.0010429005
0.001042613
0.0010251082
0.0010234423
0.0010123939
0.0010120114
0.011910243
0.011819219
0.011488068
0.010628447
0.008888376
0.0060180822
0.0026265174
0.0012343909
0.00020834469
9.9640475e-05
0.00011036837
0.00012247347
0.00013533277
0.00014883001
0.00016243455
0.0001763284
0.00019088403
0.00020622813
0.00022244232
0.00023956114
0.00025757849
0.00027647608
0.00029621851
0.00031689928
0.00033845309
0.00036093881
0.00038438251
0.00040872311
0.00043399876
0.0004601501
0.00048711573
0.00051490413
0.00054342978
0.00057258305
0.00060227891
0.00063237615
0.00066269219
0.00069303761
0.00072324084
0.00075308706
0.00078234983
0.00081080915
0.00083824057
0.00086443135
0.00088919813
0.00091238413
0.00093384696
0.00095345735
0.00097122295
0.00098707573
0.0010010689
0.0010132602
0.0010237557
0.0010326556
0.0010400897
0.0010461579
0.0010510138
0.0010546402
0.0010569425
0.0010577354
0.0010573326
0.0010564974
0.001055665
0.0010549258
0.0010541153
0.0010533575
0.0010521111
0.0010509672
0.0010485049
0.0010469724
0.0010432128
0.0010435936
0.001041983
0.0010459731
0.0010423565
0.0010427593
0.0010257666
0.0010270358
0.0010136792
0.0010142288
0.011858461
0.011772109
0.011470701
0.010702221
0.0091484441
0.0065151602
0.0030729531
0.0014204907
0.00031902014
0.00010192755
0.00011091405
0.0001231237
0.00013608961
0.0001496852
0.00016340262
0.00017742503
0.00019211072
0.00020757756
0.000223924
0.00024117242
0.00025933178
0.00027835736
0.00029825347
0.00031907532
0.00034076808
0.00036341395
0.00038699472
0.00041148679
0.00043690763
0.00046319032
0.00049029531
0.00051820942
0.00054684689
0.00057610612
0.00060589231
0.00063605275
0.00066641031
0.00069677944
0.00072698017
0.00075678999
0.0007859843
0.00081434247
0.00084163935
0.00086766173
0.00089222356
0.00091516483
0.00093634685
0.00095565568
0.00097308618
0.00098857743
0.0010022034
0.0010140186
0.0010241585
0.0010327249
0.0010398654
0.0010456915
0.0010503423
0.0010538313
0.0010560676
0.0010568956
0.0010565476
0.0010557427
0.0010549374
0.0010542477
0.0010535128
0.001052943
0.001051919
0.0010512349
0.0010490777
0.001048339
0.0010440226
0.0010449065
0.0010416335
0.001044617
0.0010409787
0.0010425571
0.0010264017
0.00103085
0.001014711
0.001016635
0.011791551
0.011709419
0.011433164
0.010740623
0.009341339
0.0069427409
0.0035968446
0.0015755459
0.00047378255
0.00010734065
0.00011159171
0.00012390362
0.00013698769
0.0001506863
0.00016452046
0.00017868141
0.00019350584
0.00020911213
0.00022560408
0.00024300166
0.00026131616
0.00028048677
0.00030055568
0.00032153192
0.00034339236
0.0003662123
0.00038995508
0.00041462286
0.00044020688
0.00046665292
0.00049391854
0.00052198353
0.00055076296
0.00058015207
0.00061005163
0.00064030102
0.00067072414
0.0007011375
0.00073135134
0.0007611415
0.00079028254
0.0008185519
0.00084572403
0.00087158655
0.00089595214
0.00091865619
0.00093956251
0.00095857334
0.00097565927
0.00099078183
0.0010040152
0.001015424
0.001025164
0.0010333498
0.0010401379
0.0010456687
0.0010500619
0.0010533661
0.0010554955
0.0010563199
0.0010560031
0.0010552235
0.001054437
0.00105376
0.0010530345
0.0010525495
0.001051642
0.0010512232
0.0010494536
0.0010491409
0.0010450103
0.0010464933
0.0010417291
0.0010445619
0.0010389861
0.001041963
0.0010267677
0.0010340847
0.0010152398
0.0010194184
0.011701185
0.011622716
0.011367491
0.010738655
0.0094729454
0.0073000569
0.0041634831
0.0017600221
0.00066034082
0.0001192135
0.00011219337
0.00012474501
0.00013794832
0.0001517452
0.00016568845
0.00017998647
0.0001949478
0.00021070086
0.00022734125
0.00024489843
0.00026337052
0.00028269735
0.00030294321
0.00032408022
0.00034612345
0.00036912133
0.0003930458
0.00041789741
0.00044366089
0.00047028935
0.00049773151
0.00052597048
0.0005549119
0.00058445408
0.00061449025
0.00064485298
0.00067536461
0.00070584529
0.00073609597
0.00076589065
0.00079500113
0.00082320431
0.00085027462
0.00087600121
0.00090019778
0.00092269804
0.0009433669
0.00096211423
0.00097889048
0.00099367478
0.001006529
0.0010175358
0.0010268528
0.0010346167
0.001040991
0.0010461474
0.0010502013
0.0010532332
0.0010551727
0.0010559093
0.0010555729
0.0010548087
0.0010540432
0.0010533738
0.0010526218
0.0010521296
0.001051229
0.0010511155
0.0010494369
0.0010493383
0.0010457507
0.0010470545
0.0010418352
0.0010452874
0.0010368843
0.0010410061
0.0010268183
0.0010357762
0.0010151213
0.0010217434
0.011583025
0.011507918
0.011271013
0.01069779
0.0095516971
0.0075878581
0.004707644
0.0019702937
0.00085155312
0.00014287401
0.00011280548
0.00012550875
0.00013881557
0.00015268935
0.00016671482
0.0001811267
0.00019620466
0.00021209106
0.00022886362
0.00024656818
0.00026517972
0.00028465398
0.00030505698
0.0003263433
0.00034855609
0.00037171627
0.00039581724
0.00042083732
0.00044677827
0.00047358023
0.00050120009
0.00052961425
0.00055871897
0.00058842598
0.00061860697
0.00064909737
0.00067971576
0.00071028619
0.00074060207
0.00077042971
0.00079954143
0.00082771731
0.00085473129
0.00088037282
0.00090445786
0.00092682347
0.00094733632
0.00096590558
0.00098247045
0.00099701341
0.0010095803
0.001020262
0.0010292015
0.0010365506
0.0010424833
0.0010471895
0.0010508065
0.0010534413
0.0010550518
0.0010555414
0.0010550675
0.0010542612
0.0010535052
0.0010528379
0.0010520685
0.0010515465
0.0010505811
0.0010506963
0.0010488424
0.0010491653
0.0010456091
0.0010469891
0.0010414015
0.0010453751
0.0010346062
0.0010397978
0.0010263189
0.0010366779
0.0010141862
0.0010225755
0.011437603
0.011366198
0.011146812
0.010624908
0.0095889806
0.0078181474
0.0051968315
0.0022554533
0.0010316889
0.00018714522
0.00011359565
0.00012597771
0.00013935239
0.00015325645
0.00016731076
0.00018178074
0.00019692664
0.00021289965
0.00022975777
0.00024756009
0.00026626091
0.00028583578
0.00030634077
0.00032772987
0.00035005756
0.00037332995
0.00039755766
0.00042269637
0.00044877171
0.00047570014
0.00050346227
0.00053201405
0.0005612532
0.00059110483
0.00062141248
0.00065202497
0.00068275625
0.00071343201
0.00074384042
0.00077373492
0.00080289549
0.00083110834
0.00085814599
0.00088379633
0.00090787714
0.00093023339
0.00095073633
0.00096929053
0.00098583002
0.0010003298
0.0010128181
0.0010233735
0.0010321112
0.0010391763
0.0010447473
0.0010490161
0.0010521516
0.0010542743
0.0010553691
0.0010553718
0.0010545379
0.0010535188
0.0010526867
0.0010519802
0.0010512258
0.0010506346
0.0010496282
0.0010496614
0.0010477589
0.001048315
0.0010441223
0.0010460117
0.0010392909
0.001044412
0.0010312119
0.0010371412
0.0010244506
0.0010369165
0.00101288
0.0010229785
0.01127081
0.011204015
0.011002792
0.010530304
0.0095968792
0.0079981711
0.0055782145
0.0025914827
0.0011847296
0.00026282784
0.0001150054
0.00012591773
0.00013928201
0.00015314112
0.00016714277
0.00018157726
0.00019670675
0.00021267792
0.00022953525
0.00024733958
0.00026603799
0.00028561664
0.00030612262
0.00032751813
0.00034985536
0.00037314007
0.00039738847
0.00042254806
0.00044865672
0.00047561776
0.00050342928
0.00053203234
0.0005613319
0.00059125909
0.00062164249
0.00065234178
0.00068317073
0.00071395379
0.00074447598
0.0007744819
0.00080376322
0.00083211132
0.0008592983
0.00088511173
0.00090936822
0.00093191988
0.00095264488
0.00097144628
0.00098825241
0.0010030313
0.0010157927
0.0010265858
0.0010354851
0.0010426015
0.001048091
0.0010521365
0.0010549289
0.0010565692
0.0010570721
0.001056404
0.0010549687
0.0010534233
0.0010521813
0.0010511865
0.0010502936
0.001049513
0.0010484965
0.0010482279
0.0010463458
0.0010456119
0.0010410478
0.0010415327
0.0010350047
0.0010394925
0.0010263012
0.0010329803
0.0010210754
0.0010362153
0.0010119162
0.0010229917
0.0110917
0.011030805
0.010849285
0.010425552
0.0095882409
0.0081454137
0.0059192926
0.0030147428
0.0013182488
0.00037796621
0.00011835834
0.0001250934
0.00013841096
0.00015213054
0.00016598096
0.00018026051
0.00019525937
0.00021110642
0.00022784176
0.00024551446
0.00026408186
0.00028352655
0.0003038909
0.00032515166
0.00034734854
0.00037049619
0.00039460932
0.00041964248
0.0004456278
0.00047247908
0.00050018967
0.00052870756
0.00055794347
0.00058782762
0.00061819791
0.00064891217
0.00067979359
0.00071066735
0.0007413201
0.00077149864
0.00080100198
0.00082962429
0.00085713871
0.0008833309
0.00090801349
0.00093104085
0.00095229253
0.00097167924
0.00098912825
0.0010045986
0.0010180873
0.0010296152
0.0010392129
0.0010469353
0.0010528781
0.0010571889
0.0010600403
0.0010615196
0.0010616247
0.0010603605
0.0010581822
0.0010558138
0.0010537525
0.0010519391
0.0010504041
0.0010490369
0.001047673
0.0010468768
0.0010447923
0.001041984
0.0010367795
0.0010342966
0.0010295758
0.0010305611
0.0010205084
0.0010274286
0.0010168447
0.0010322392
0.0010114099
0.0010223033
0.010908949
0.010855152
0.010694719
0.010319185
0.0095729979
0.0082772606
0.0062580091
0.003517344
0.0014943211
0.00054082195
0.00012674695
0.00012377776
0.00013672238
0.00015019614
0.00016378612
0.00017778187
0.00019251218
0.00020809221
0.00022455961
0.00024194389
0.00026022774
0.00027938168
0.00029943969
0.00032040217
0.00034229073
0.00036512925
0.00038893356
0.00041367435
0.00043936462
0.00046594852
0.00049339952
0.00052168492
0.00055072509
0.00058044346
0.00061070544
0.00064136754
0.0006722661
0.00070322502
0.00073404201
0.00076447937
0.00079433366
0.00082340179
0.00085146583
0.0008783191
0.00090371635
0.00092750375
0.00094956122
0.0009698035
0.00098827082
0.0010048379
0.0010194982
0.0010322501
0.0010430955
0.0010520284
0.0010590681
0.0010642844
0.0010677832
0.0010697375
0.0010699467
0.0010687458
0.0010660093
0.0010627659
0.001059582
0.0010562724
0.0010533846
0.0010506856
0.0010484044
0.0010465265
0.001043685
0.0010392623
0.0010327371
0.0010282523
0.0010250494
0.001022477
0.0010162737
0.0010211818
0.0010136495
0.0010247668
0.0010113742
0.0010206702
0.010734661
0.010688651
0.01054985
0.010221231
0.0095617186
0.0084062165
0.0065918964
0.004068472
0.001704912
0.00072832345
0.00014790797
0.00012252504
0.00013446038
0.00014759946
0.0001608434
0.0001744584
0.00018879799
0.00020398989
0.00022006412
0.00023702895
0.00025489753
0.00027363436
0.00029325344
0.00031378121
0.00033522767
0.00035761766
0.00038097202
0.00040528365
0.00043054327
0.00045672645
0.00048379462
0.00051172502
0.00054045686
0.00056991767
0.00060000383
0.00063057887
0.000661489
0.00069256722
0.00072361958
0.00075441946
0.00078475191
0.00081439882
0.00084313033
0.00087071858
0.00089694654
0.00092161616
0.00094457633
0.00096598498
0.00098572062
0.0010036565
0.0010197702
0.001034049
0.0010465062
0.0010571047
0.0010657852
0.001072514
0.0010773952
0.0010804659
0.0010817342
0.0010811068
0.0010790174
0.001075466
0.001070973
0.0010660594
0.0010615083
0.0010567537
0.0010529966
0.0010488863
0.0010448048
0.0010388129
0.0010313308
0.0010260477
0.0010230454
0.0010189228
0.0010158423
0.0010162544
0.001013234
0.0010178494
0.0010126963
0.0010187028
0.010580522
0.010542899
0.010426455
0.010144731
0.0095703843
0.0085528071
0.0069425517
0.0046671831
0.0020845663
0.00094069509
0.00019990683
0.00012144948
0.00013194513
0.00014469161
0.00015756924
0.00017077628
0.00018467109
0.00019941763
0.00021504663
0.00023154393
0.00024894199
0.00026721874
0.00028636292
0.00030640917
0.00032737537
0.00034928166
0.00037214833
0.00039599301
0.00042079686
0.00044654805
0.0004732151
0.00050077336
0.0005291914
0.0005584029
0.00058829702
0.0006187448
0.00064959849
0.00068070372
0.00071187291
0.00074289643
0.00077355365
0.00080362625
0.00083288506
0.00086110682
0.0008881481
0.00091387248
0.00093826454
0.00096108629
0.00098203132
0.0010012505
0.001018695
0.0010343565
0.0010483524
0.0010605804
0.0010709901
0.0010795067
0.0010865688
0.0010911683
0.0010951315
0.0010944496
0.0010953342
0.0010926614
0.0010865448
0.0010805131
0.0010751538
0.0010685731
0.0010636703
0.001056467
0.0010513266
0.0010424349
0.0010351077
0.0010282234
0.0010244709
0.0010206844
0.001017129
0.0010152964
0.0010136517
0.0010146492
0.0010180562
0.0010163394
0.010452495
0.010423408
0.010329227
0.010093329
0.009601301
0.0087158609
0.0072967175
0.0052309785
0.0026241044
0.0011529467
0.00030055266
0.00012134627
0.00012966223
0.00014193862
0.00015450168
0.00016734649
0.00018082871
0.0001951502
0.00021036408
0.00022643941
0.00024340105
0.00026125916
0.00027999041
0.0002996061
0.00032014666
0.000341637
0.00036408369
0.00038752061
0.00041194335
0.00043733468
0.00046367306
0.00049093157
0.00051906489
0.00054801594
0.00057772134
0.00060806591
0.00063891912
0.00067010622
0.00070145376
0.00073276034
0.0007638121
0.00079439382
0.00082427911
0.00085328207
0.00088121279
0.00090787954
0.00093304138
0.00095656654
0.00097832723
0.00099838043
0.0010166975
0.0010332478
0.0010481853
0.0010614512
0.0010730757
0.0010829516
0.0010912504
0.0010971382
0.0011020184
0.0011038307
0.0011065411
0.0011063988
0.0011023282
0.0010956896
0.0010913273
0.0010841566
0.0010805258
0.0010702423
0.0010662674
0.0010523488
0.0010462731
0.0010342569
0.0010303834
0.0010257449
0.0010213185
0.0010197242
0.0010160726
0.0010151687
0.0010259197
0.0010139929
0.010343031
0.010321345
0.010246559
0.010050743
0.0096308958
0.0088609795
0.0076071824
0.0057393744
0.0032567392
0.0013761797
0.00044350643
0.00012466221
0.00012830209
0.00013997352
0.00015232638
0.00016492444
0.00017811125
0.00019211673
0.00020702851
0.00022281088
0.00023945947
0.00025701965
0.00027547574
0.00029479674
0.00031504408
0.00033626208
0.00035843623
0.00038160163
0.00040578377
0.00043095924
0.00045710006
0.0004841985
0.00051223488
0.00054115756
0.0005708962
0.00060134481
0.00063238977
0.00066382714
0.00069553111
0.00072724696
0.00075878979
0.00078990608
0.00082033807
0.00084991663
0.00087829623
0.00090538638
0.00093085716
0.00095467414
0.00097670549
0.00099695378
0.0010153851
0.0010320591
0.0010470237
0.0010604158
0.0010721415
0.0010822332
0.0010903328
0.0010970511
0.0011012071
0.0011050944
0.0011064949
0.0011071803
0.0011075142
0.0011050207
0.0011027042
0.0010974104
0.0010978604
0.0010868397
0.0010879721
0.001068743
0.0010664183
0.0010449112
0.0010416594
0.0010314889
0.0010275836
0.0010272856
0.0010205712
0.0010181095
0.0010307476
0.0010195006
0.010233527
0.010216658
0.010155373
0.0099890348
0.0096242606
0.0089446419
0.0078235173
0.0061345932
0.0038363577
0.0016194062
0.00060487447
0.00013617906
0.00012753082
0.00013930534
0.00015160985
0.00016411991
0.00017719168
0.00019106859
0.00020586102
0.00022153464
0.00023806086
0.00025550608
0.00027386624
0.00029307944
0.00031321713
0.00033434194
0.0003564241
0.00037949174
0.00040359468
0.00042870891
0.00045478936
0.00048183699
0.00050983173
0.00053871531
0.00056843169
0.00059888066
0.00062994152
0.00066144633
0.0006932528
0.00072513218
0.00075690005
0.00078831657
0.0008191596
0.00084917466
0.0008781042
0.00090573694
0.00093176197
0.00095606383
0.00097840685
0.00099868071
0.0010169436
0.0010333101
0.0010477464
0.0010605356
0.0010715085
0.001080846
0.001088064
0.0010939388
0.0010967324
0.0011001911
0.0011011293
0.0011023375
0.0011039279
0.0011027315
0.0011026158
0.0011003233
0.001100806
0.0010985249
0.0011032245
0.0010871788
0.0010920556
0.0010617008
0.0010584046
0.0010380089
0.0010341367
0.0010336825
0.0010239997
0.0010263518
0.0010296854
0.0010339301
0.01011043
0.010095508
0.010040549
0.0098906997
0.009561316
0.0089451484
0.0079237809
0.006380779
0.0042640781
0.0018796953
0.00076438181
0.0001597361
0.00012792055
0.00014024525
0.00015267361
0.00016528095
0.00017845534
0.00019243835
0.0002073349
0.00022311128
0.00023974346
0.0002572918
0.00027575165
0.00029506455
0.00031530105
0.00033652176
0.00035869525
0.00038184657
0.00040602608
0.00043120959
0.00045734494
0.00048443652
0.00051244017
0.00054128529
0.00057090376
0.00060121046
0.00063207353
0.00066338191
0.00069494532
0.00072657823
0.00075809394
0.00078921487
0.00081983106
0.00084954946
0.00087831117
0.00090579241
0.00093187016
0.00095638155
0.00097921759
0.0010002363
0.0010192179
0.0010360848
0.0010508595
0.0010635534
0.0010742639
0.0010829248
0.0010894324
0.0010939718
0.0010961805
0.0010964046
0.0010947263
0.0010929709
0.0010932571
0.0010908823
0.0010916586
0.0010898956
0.0010951564
0.00109754
0.0011032182
0.0011005649
0.0011094232
0.0010841378
0.0010787323
0.0010485948
0.0010402558
0.0010359993
0.0010246593
0.0010338206
0.00102132
0.0010482979
0.0099702326
0.0099555797
0.0099000535
0.009755758
0.0094451861
0.0088689242
0.007916822
0.0064792233
0.0044708688
0.0020746515
0.00088096189
0.00019550229
0.00013071892
0.00014302292
0.00015575314
0.00016868403
0.00018221683
0.00019657371
0.00021182887
0.00022795663
0.00024495894
0.0002628657
0.00028166834
0.00030133718
0.00032192496
0.00034347215
0.00036596511
0.0003894312
0.00041389678
0.00043933656
0.00046570766
0.0004929988
0.00052117652
0.00055019068
0.00057993099
0.00061031314
0.00064120158
0.00067246933
0.00070389577
0.00073525226
0.00076657713
0.00079718495
0.00082758564
0.00085663622
0.00088507383
0.00091197102
0.00093749699
0.00096147589
0.00098369229
0.0010041563
0.0010227514
0.0010393195
0.0010539009
0.0010667481
0.0010780338
0.0010875042
0.0010947865
0.0010994198
0.0011013085
0.0011002572
0.0010958213
0.001091209
0.0010864061
0.0010812849
0.0010780596
0.0010741012
0.0010780218
0.0010837775
0.0010940144
0.001102947
0.0011098991
0.0011066294
0.0010986763
0.0010696319
0.0010483155
0.001038377
0.0010246951
0.0010343472
0.0010161303
0.0010543489
0.0098412424
0.0098226261
0.0097635319
0.0096173602
0.0093136011
0.0087617741
0.0078597324
0.0065031822
0.0046004822
0.0022654449
0.00096510124
0.00024694435
0.00013617802
0.00014761157
0.00016084309
0.00017438092
0.00018857146
0.00020360568
0.00021952509
0.00023632965
0.00025403359
0.00027262803
0.00029209478
0.00031245493
0.00033375044
0.00035600377
0.00037922249
0.00040342486
0.00042860475
0.00045473319
0.00048177338
0.00050969869
0.00053846846
0.00056800827
0.00059821404
0.00062896332
0.00066009726
0.00069144743
0.00072281416
0.00075395826
0.00078471165
0.00081470627
0.00084395871
0.0008719313
0.00089879448
0.00092408672
0.0009478203
0.00096995045
0.00099034743
0.0010091733
0.0010265877
0.0010425571
0.0010572032
0.0010700377
0.001081209
0.0010903966
0.0010984217
0.0011051734
0.0011098
0.0011105557
0.001105573
0.0011011486
0.0010925766
0.0010856553
0.0010769102
0.0010731021
0.0010706595
0.0010716174
0.0010766574
0.0010928713
0.00110495
0.0011155392
0.0011152703
0.0010987916
0.0010607336
0.0010457897
0.001026114
0.0010342911
0.0010170509
0.0010580804
0.0097186649
0.0096852264
0.0096142613
0.009466168
0.0091690781
0.0086337552
0.0077625068
0.0064547353
0.004621281
0.0023592996
0.0010076385
0.00030088035
0.00014418325
0.00015364141
0.00016763536
0.00018199541
0.00019705459
0.00021297946
0.00022980174
0.00024755113
0.00026622203
0.00028580579
0.00030632665
0.00032785436
0.00035032673
0.0003737369
0.00039809957
0.00042343567
0.00044971526
0.00047690056
0.00050495765
0.00053384479
0.00056350135
0.00059383044
0.00062470939
0.00065599005
0.00068745984
0.00071887662
0.00075010588
0.00078098675
0.0008111762
0.00084060805
0.00086885918
0.00089596159
0.00092152608
0.00094553967
0.00096780222
0.00098826044
0.0010068193
0.0010233965
0.0010380601
0.0010510685
0.001062575
0.0010729398
0.0010826836
0.0010915889
0.0010991842
0.0011063248
0.0011116368
0.0011157265
0.0011172857
0.0011197598
0.0011127268
0.0011118783
0.0010959406
0.0010893602
0.0010755983
0.0010739378
0.0010712345
0.0010787459
0.0010923877
0.0011126974
0.0011231376
0.0011214226
0.001075747
0.0010674759
0.0010310003
0.0010409408
0.0010201189
0.001060258
0.0096766248
0.0096492913
0.0095754477
0.0094180055
0.0091211812
0.0086100325
0.0077950818
0.0065829645
0.0048936288
0.0027863915
0.0011851542
0.00044425391
0.00016314461
0.00016329491
0.00017845952
0.00019428758
0.00021088335
0.00022842387
0.00024693791
0.00026645306
0.00028694587
0.0003084317
0.00033094984
0.00035445908
0.00037902421
0.00040467671
0.00043139632
0.00045912889
0.00048781164
0.00051739234
0.00054781882
0.00057901207
0.00061084508
0.00064317763
0.00067584156
0.00070861517
0.00074111455
0.00077287464
0.00080389285
0.00083420392
0.0008632732
0.00089120359
0.00091744541
0.0009422379
0.00096498915
0.00098594504
0.0010048572
0.0010216859
0.0010365318
0.001049328
0.0010601259
0.0010691987
0.0010771382
0.0010841256
0.0010902428
0.001095757
0.0011003441
0.0011040047
0.0011075669
0.0011111678
0.0011159857
0.0011189711
0.0011217841
0.0011247344
0.0011221452
0.0011214061
0.0011066213
0.0011031997
0.0010860528
0.0010892216
0.0010863924
0.0011020088
0.0011206403
0.0011229433
0.0010935067
0.0010893743
0.001043203
0.0010557204
0.0010263286
0.001056252
4.7328406e-07
1.0036981e-05
1.8420938e-05
2.4175104e-05
1.8577023e-05
2.5632443e-05
1.7938846e-05
2.4686943e-05
1.9024831e-05
2.6430681e-05
2.2014353e-05
2.6106142e-05
2.3673718e-05
2.4395006e-05
2.3534031e-05
2.3417079e-05
2.3167752e-05
2.3104571e-05
2.3117477e-05
2.3229913e-05
2.343354e-05
2.372805e-05
2.4110824e-05
2.458202e-05
2.5143814e-05
2.5802326e-05
2.6565534e-05
2.7446347e-05
2.8460549e-05
2.9625212e-05
3.0958969e-05
3.2486468e-05
3.4239517e-05
3.6257333e-05
3.8588225e-05
4.1289841e-05
4.443088e-05
4.8093206e-05
5.237804e-05
5.7410881e-05
6.3339123e-05
7.0336122e-05
7.8620388e-05
8.8459818e-05
0.00010017308
0.00011414094
0.00013083431
0.00015082598
0.00017481208
0.00020363863
0.00023833713
0.00028016584
0.00033065261
0.00039165824
0.00046545191
0.0005548125
0.00066315849
0.00079475182
0.00095502532
0.0010227875
0.0010228456
0.0010228434
0.0010227577
0.0010225264
0.0010221162
0.0010214337
0.00102027
0.001018218
0.0010147871
0.001010153
0.0010067091
0.0010049353
0.0010044511
0.00100446
0.0010057018
0.001007376
0.0010088624
0.0010095791
0.0010084301
0.0010037174
4.2339824e-07
9.5183904e-06
1.9998566e-05
2.1858858e-05
1.6751739e-05
2.2982007e-05
1.5937141e-05
2.1627466e-05
1.6849596e-05
2.3360578e-05
1.9973676e-05
2.355308e-05
2.1683582e-05
2.2122061e-05
2.145415e-05
2.1279082e-05
2.1073201e-05
2.1004574e-05
2.1019043e-05
2.1121737e-05
2.1309834e-05
2.1582571e-05
2.1937958e-05
2.2376202e-05
2.2899001e-05
2.3512108e-05
2.4222421e-05
2.5041572e-05
2.5984434e-05
2.7067627e-05
2.8308505e-05
2.972959e-05
3.13603e-05
3.3236892e-05
3.5404481e-05
3.7917157e-05
4.0839806e-05
4.4249194e-05
4.8239394e-05
5.2928851e-05
5.8458836e-05
6.4992026e-05
7.2733243e-05
8.193662e-05
9.2906723e-05
0.0001060035
0.00012167333
0.00014046074
0.00016302872
0.0001901836
0.00022290882
0.00026240792
0.00031014469
0.00036790676
0.00043788086
0.0005227583
0.00062586708
0.00075136286
0.00090454949
0.001021657
0.0010217207
0.0010216786
0.0010215649
0.0010213113
0.00102089
0.0010202168
0.0010191024
0.0010171776
0.0010139809
0.0010096204
0.0010064344
0.0010048087
0.0010043677
0.0010044435
0.0010056689
0.0010072454
0.0010085458
0.0010090272
0.0010078094
0.0010032814
3.8552429e-07
9.1180733e-06
1.8928896e-05
1.9921767e-05
1.5001993e-05
2.0233256e-05
1.4197737e-05
1.8798286e-05
1.5157141e-05
2.0493651e-05
1.8226107e-05
2.0975485e-05
1.9661532e-05
1.9819071e-05
1.9308769e-05
1.9108507e-05
1.8936254e-05
1.8872487e-05
1.8889954e-05
1.8986913e-05
1.9162045e-05
1.9414929e-05
1.9743935e-05
2.0149455e-05
2.0632826e-05
2.1199565e-05
2.1855842e-05
2.2612162e-05
2.3482334e-05
2.4482481e-05
2.5629046e-05
2.6942806e-05
2.8451148e-05
3.0187714e-05
3.2194717e-05
3.4522915e-05
3.7233717e-05
4.0399754e-05
4.4108936e-05
4.8472524e-05
5.3626395e-05
5.9724611e-05
6.6959977e-05
7.5573325e-05
8.5857079e-05
9.8153428e-05
0.00011288715
0.0001305777
0.00015185868
0.0001775016
0.00020844685
0.00024584886
0.00029111398
0.00034596465
0.00041251409
0.00049337536
0.00059180043
0.00071187262
0.00085881717
0.0010205985
0.0010206742
0.001020591
0.0010204445
0.001020163
0.0010197215
0.0010190419
0.0010179489
0.0010161043
0.001013088
0.001009007
0.0010061202
0.0010046578
0.001004258
0.0010044255
0.0010056047
0.0010070707
0.0010081693
0.0010084069
0.0010072052
0.0010029262
3.4241107e-07
8.8177688e-06
1.797232e-05
1.8504701e-05
1.3490533e-05
1.7861567e-05
1.2659249e-05
1.6424092e-05
1.3652393e-05
1.8060569e-05
1.6656594e-05
1.8693075e-05
1.7793161e-05
1.7742598e-05
1.7349097e-05
1.7144837e-05
1.7001345e-05
1.6947178e-05
1.6970046e-05
1.7064633e-05
1.723028e-05
1.7466956e-05
1.7773414e-05
1.8150346e-05
1.8598835e-05
1.9124277e-05
1.9732398e-05
2.0432787e-05
2.1238263e-05
2.2164534e-05
2.3227409e-05
2.4446205e-05
2.5846644e-05
2.746014e-05
2.9326471e-05
3.1493526e-05
3.4019724e-05
3.6974448e-05
4.0440726e-05
4.452322e-05
4.9353603e-05
5.5079392e-05
6.1883834e-05
6.9996234e-05
7.97002e-05
9.1324451e-05
0.00010527711
0.00012205866
0.00014228068
0.00016668972
0.0001961948
0.00023191598
0.0002752205
0.00032778839
0.00039168712
0.00046948395
0.00056439341
0.00068047648
0.00082295084
0.00099866503
0.0010197005
0.0010195785
0.0010194004
0.0010190938
0.0010186341
0.0010179489
0.0010168786
0.0010151183
0.0010122871
0.001008479
0.0010058599
0.0010045061
0.0010041281
0.0010043941
0.0010054779
0.0010068181
0.0010077242
0.0010077636
0.0010065468
0.0010025987
3.0582772e-07
8.5898614e-06
1.7136459e-05
1.8519464e-05
1.3402011e-05
1.5793371e-05
1.1304191e-05
1.4386207e-05
1.2354958e-05
1.5959437e-05
1.5256144e-05
1.663344e-05
1.6041632e-05
1.5849328e-05
1.5541504e-05
1.5348751e-05
1.5228996e-05
1.5185399e-05
1.5212706e-05
1.5304568e-05
1.5460573e-05
1.5681228e-05
1.5965719e-05
1.6315163e-05
1.6730562e-05
1.7217211e-05
1.778057e-05
1.8429498e-05
1.9175833e-05
2.003484e-05
2.10219e-05
2.2155104e-05
2.3458798e-05
2.4962466e-05
2.6703798e-05
2.8728172e-05
3.1091337e-05
3.3860008e-05
3.7113501e-05
4.0950273e-05
4.5498416e-05
5.0900453e-05
5.7332154e-05
6.5012164e-05
7.4217345e-05
8.5265892e-05
9.855235e-05
0.00011456189
0.00013388814
0.00015725845
0.00018555676
0.00021987662
0.00026155526
0.00031224147
0.00037397003
0.00044927672
0.00054135472
0.00065426292
0.00079323702
0.00096516408
0.0010188038
0.0010186451
0.0010184351
0.0010181046
0.0010176278
0.0010169362
0.0010158835
0.0010141946
0.0010115293
0.0010079886
0.0010056149
0.0010043434
0.0010039822
0.0010043326
0.0010052943
0.0010064954
0.0010072182
0.0010071099
0.0010058016
0.0010023181
2.8534158e-07
8.4505091e-06
1.6469264e-05
1.831609e-05
1.3203917e-05
1.3979968e-05
1.0631719e-05
1.2700545e-05
1.1353987e-05
1.4179348e-05
1.40245e-05
1.4821279e-05
1.4435282e-05
1.4159095e-05
1.3905786e-05
1.3727972e-05
1.3623941e-05
1.3587164e-05
1.3615515e-05
1.3702615e-05
1.3848097e-05
1.4052886e-05
1.4316467e-05
1.4640282e-05
1.5025452e-05
1.5477089e-05
1.6000408e-05
1.6603725e-05
1.729795e-05
1.8097866e-05
1.9018618e-05
2.0077289e-05
2.1297146e-05
2.2706054e-05
2.433999e-05
2.6242254e-05
2.8466331e-05
3.1076787e-05
3.4150498e-05
3.7780598e-05
4.2091972e-05
4.7223797e-05
5.3346873e-05
6.0670421e-05
6.9466701e-05
8.0046748e-05
9.2795091e-05
0.00010818601
0.00012679996
0.00014935205
0.0001767088
0.00020994703
0.00025038558
0.00029965631
0.00035977901
0.00043327838
0.0005233493
0.00063407634
0.00077074771
0.00094032757
0.0010179812
0.0010177877
0.0010175462
0.0010171939
0.0010167033
0.0010160076
0.0010149699
0.0010133376
0.0010108106
0.0010075378
0.0010053818
0.0010041724
0.001003826
0.0010042123
0.0010050546
0.001006102
0.0010066603
0.0010064394
0.0010051301
0.0010020781
2.5772344e-07
8.3713509e-06
1.5947477e-05
1.7342778e-05
1.3091792e-05
1.2341243e-05
1.0700878e-05
1.1675557e-05
1.10473e-05
1.2658128e-05
1.2917053e-05
1.322036e-05
1.2943845e-05
1.2629783e-05
1.2407499e-05
1.2245036e-05
1.2152529e-05
1.2121321e-05
1.2150203e-05
1.2233219e-05
1.2369783e-05
1.2561089e-05
1.2806768e-05
1.3031438e-05
1.3381357e-05
1.3794779e-05
1.4276239e-05
1.4833347e-05
1.5475896e-05
1.6217874e-05
1.7074141e-05
1.8060815e-05
1.9200154e-05
2.0518508e-05
2.2050248e-05
2.3836778e-05
2.5929464e-05
2.8390814e-05
3.1296032e-05
3.4996178e-05
3.9114389e-05
4.4026987e-05
4.9902388e-05
5.6941782e-05
6.5414122e-05
7.5626543e-05
8.7956771e-05
0.00010287216
0.000120944
0.00014288154
0.00016954036
0.00020198911
0.00024153823
0.00028981486
0.0003488393
0.00042114313
0.00050994234
0.00061936927
0.00075479239
0.00092328346
0.0010172322
0.0010170055
0.0010167329
0.001016361
0.00101586
0.0010151628
0.0010141361
0.0010125417
0.0010101166
0.0010071171
0.0010051531
0.0010039937
0.0010036529
0.0010040264
0.0010047643
0.001005649
0.0010060627
0.0010057726
0.0010045536
0.0010018652
2.3195273e-07
8.3261587e-06
1.5503423e-05
1.5766186e-05
1.2051599e-05
1.0745661e-05
9.2868855e-06
1.0429326e-05
9.7199494e-06
1.1365032e-05
1.1804238e-05
1.1752846e-05
1.1520971e-05
1.1211849e-05
1.1014118e-05
1.0871261e-05
1.0792334e-05
1.0769493e-05
1.0736296e-05
1.080231e-05
1.0921903e-05
1.1094933e-05
1.1320126e-05
1.1596991e-05
1.1929643e-05
1.2321509e-05
1.277704e-05
1.330378e-05
1.3910953e-05
1.4612082e-05
1.5422161e-05
1.6356775e-05
1.7437687e-05
1.8690255e-05
2.0147858e-05
2.1850702e-05
2.3848808e-05
2.6203338e-05
2.898879e-05
3.2295692e-05
3.6234185e-05
4.0943525e-05
4.6591699e-05
5.3823824e-05
6.2057608e-05
7.2003663e-05
8.4036499e-05
9.8620268e-05
0.00011632107
0.00013784884
0.00016405526
0.00019600912
0.00023502286
0.00028273153
0.00034117208
0.00041290227
0.00050118
0.00061020775
0.00074546118
0.0009141511
0.0010165536
0.0010162959
0.001015993
0.0010156032
0.0010150943
0.0010143964
0.0010133747
0.0010118015
0.0010094601
0.001006722
0.0010049267
0.0010038093
0.0010034573
0.0010037891
0.0010044275
0.0010051557
0.0010054468
0.0010051292
0.0010040327
0.0010016623
2.1364096e-07
8.2815463e-06
1.504588e-05
1.3775332e-05
9.8986792e-06
9.5475997e-06
7.6497206e-06
8.877624e-06
9.0148238e-06
1.0221868e-05
1.0671027e-05
1.038868e-05
1.0177589e-05
9.8987103e-06
9.7255384e-06
9.5376537e-06
9.4492356e-06
9.4217173e-06
9.4485273e-06
9.5260624e-06
9.6507013e-06
9.8233413e-06
1.0043139e-05
1.0310642e-05
1.0629715e-05
1.1004297e-05
1.1439014e-05
1.194144e-05
1.2520391e-05
1.3188913e-05
1.3962254e-05
1.485569e-05
1.5890762e-05
1.7092137e-05
1.8492563e-05
2.0131474e-05
2.2058057e-05
2.4332674e-05
2.7029004e-05
3.0236517e-05
3.4065395e-05
3.8652471e-05
4.4168043e-05
5.0808954e-05
5.8827246e-05
6.8535923e-05
8.1019532e-05
9.5413585e-05
0.00011291221
0.00013423208
0.00016022841
0.00019197834
0.00023080683
0.00027836917
0.00033673498
0.00040850773
0.00049700807
0.00060652964
0.00074267824
0.00091283107
0.0010159422
0.0010156557
0.0010153238
0.0010149167
0.0010143997
0.0010136983
0.0010126729
0.0010111074
0.0010088397
0.0010063503
0.0010047019
0.0010036236
0.0010032488
0.001003519
0.0010040538
0.0010046447
0.0010048384
0.001004523
0.0010035533
0.0010014606
1.9639558e-07
8.2360368e-06
1.3622536e-05
1.1977467e-05
8.0039244e-06
8.4681006e-06
6.7847081e-06
8.0044587e-06
8.344371e-06
9.1350376e-06
9.5426288e-06
9.1429723e-06
8.9395233e-06
8.6134584e-06
8.4315839e-06
8.3139807e-06
8.2581749e-06
8.2547404e-06
8.2983782e-06
8.3863637e-06
8.5157238e-06
8.6888796e-06
8.9055708e-06
9.1661207e-06
9.4749879e-06
9.8365324e-06
1.0255517e-05
1.073964e-05
1.1297483e-05
1.1941643e-05
1.2687663e-05
1.3550832e-05
1.4552695e-05
1.5717504e-05
1.7077709e-05
1.8672373e-05
2.0550301e-05
2.27716e-05
2.5410062e-05
2.8555343e-05
3.2317439e-05
3.6832469e-05
4.2273511e-05
4.8837107e-05
5.6777153e-05
6.6408256e-05
7.8117634e-05
9.2358247e-05
0.0001107072
0.00013202216
0.0001580517
0.00018989124
0.00022888876
0.00027673238
0.00033554065
0.00040798288
0.00049746429
0.00060839062
0.00074651761
0.00091941181
0.0010153936
0.0010150805
0.001014721
0.0010142958
0.0010137672
0.0010130553
0.0010120164
0.001010451
0.0010082555
0.0010060026
0.0010044798
0.0010034402
0.00100304
0.0010032407
0.0010036617
0.0010041361
0.0010042583
0.0010039654
0.0010031219
0.0010012642
1.8107168e-07
8.1862892e-06
1.0816987e-05
9.936e-06
6.562898e-06
7.5269567e-06
6.1770369e-06
7.1834045e-06
7.7996343e-06
8.1473757e-06
8.4319813e-06
7.9232476e-06
7.6741911e-06
7.4458889e-06
7.3103139e-06
7.230549e-06
7.2024119e-06
7.2198497e-06
7.2773387e-06
7.3741585e-06
7.5108657e-06
7.6850841e-06
7.9002443e-06
8.1567484e-06
8.4590558e-06
8.8119446e-06
9.2204391e-06
9.6924279e-06
1.0236448e-05
1.0864724e-05
1.1533706e-05
1.2367749e-05
1.3338238e-05
1.4469004e-05
1.5792187e-05
1.7346529e-05
1.9180543e-05
2.1354151e-05
2.3941398e-05
2.7032437e-05
3.0738141e-05
3.5471991e-05
4.0896779e-05
4.7453344e-05
5.5397727e-05
6.5047553e-05
7.6801082e-05
9.1122501e-05
0.00010859687
0.00012995362
0.00015751624
0.00018974312
0.00022927
0.00027783093
0.00033760952
0.00041136146
0.00050259902
0.00061586143
0.00075707159
0.00093400172
0.0010149027
0.0010145644
0.0010141787
0.0010137327
0.001013186
0.0010124543
0.0010113945
0.0010098293
0.0010077111
0.0010056814
0.0010042653
0.0010032688
0.0010028386
0.0010029607
0.0010032687
0.0010036464
0.0010037173
0.0010034587
0.001002752
0.0010011088
1.6757623e-07
8.1359111e-06
8.5256513e-06
8.4246616e-06
5.753564e-06
6.6607011e-06
5.6634953e-06
6.4629269e-06
7.2470961e-06
7.2257592e-06
7.2275908e-06
6.7931058e-06
6.589259e-06
6.420289e-06
6.3239582e-06
6.2757925e-06
6.2705333e-06
6.3069476e-06
6.3783633e-06
6.4855494e-06
6.6266276e-06
6.804142e-06
7.020214e-06
7.275835e-06
7.5755676e-06
7.8905185e-06
8.286989e-06
8.7461743e-06
9.2764626e-06
9.8896275e-06
1.0599847e-05
1.1425586e-05
1.238764e-05
1.3509885e-05
1.4824723e-05
1.6371237e-05
1.8198483e-05
2.0367094e-05
2.2952511e-05
2.6046702e-05
2.9763067e-05
3.4243172e-05
3.9660254e-05
4.622168e-05
5.4187787e-05
6.443763e-05
7.6352892e-05
9.0894383e-05
0.00010865937
0.00013040294
0.00015704985
0.00019153319
0.00023195871
0.00028168465
0.00034297574
0.00041869465
0.00051248369
0.00062903817
0.00077446606
0.00095675543
0.001014463
0.0010140995
0.001013688
0.0010132178
0.0010126456
0.0010118861
0.0010108033
0.0010092462
0.0010072125
0.001005391
0.0010040673
0.001003115
0.0010026582
0.0010026933
0.0010028929
0.001003186
0.0010032172
0.0010029902
0.0010024466
0.0010010383
1.5549753e-07
8.0756127e-06
6.7710325e-06
7.3848901e-06
5.119067e-06
5.881254e-06
5.2221796e-06
5.8262298e-06
6.5892316e-06
6.1822399e-06
6.1400558e-06
5.8046275e-06
5.6422684e-06
5.5212639e-06
5.4582136e-06
5.437625e-06
5.4546328e-06
5.5064075e-06
5.5906432e-06
5.7075439e-06
5.8565273e-06
6.0393563e-06
6.2326247e-06
6.4849431e-06
6.7809344e-06
7.1247535e-06
7.5234555e-06
7.9845841e-06
8.5167266e-06
9.1318489e-06
9.8442598e-06
1.0672179e-05
1.163761e-05
1.2764758e-05
1.4086559e-05
1.5642798e-05
1.7483613e-05
1.9670869e-05
2.2282117e-05
2.5412195e-05
2.9177264e-05
3.3721999e-05
3.9228543e-05
4.5909566e-05
5.4033751e-05
6.3935337e-05
7.6029821e-05
9.0819727e-05
0.00010988421
0.00013222027
0.00015962623
0.00019329739
0.00023696114
0.00028831234
0.00035167279
0.00043003243
0.00052718688
0.00064801128
0.00079882159
0.0009878317
0.0010140664
0.001013676
0.0010132382
0.00101274
0.0010121366
0.0010113454
0.001010243
0.0010087061
0.0010067668
0.001005138
0.0010038959
0.0010029806
0.0010025072
0.0010024441
0.0010025438
0.0010027635
0.0010027601
0.0010025489
0.0010021471
0.0010010107
1.4471975e-07
8.0013443e-06
5.4216022e-06
6.4409735e-06
4.5549503e-06
5.1894304e-06
4.8448283e-06
5.1786161e-06
5.7627753e-06
5.2756195e-06
5.1855692e-06
4.9398378e-06
4.8164174e-06
4.735478e-06
4.7023034e-06
4.7058412e-06
4.7423888e-06
4.8105219e-06
4.9080461e-06
5.0170763e-06
5.1693612e-06
5.3553862e-06
5.5773902e-06
5.8383283e-06
6.1424739e-06
6.4943698e-06
6.9009814e-06
7.3704779e-06
7.9116649e-06
8.5366581e-06
9.2598714e-06
1.0099733e-05
1.102856e-05
1.2161648e-05
1.3491392e-05
1.5058286e-05
1.6913751e-05
1.9120979e-05
2.1759702e-05
2.4928165e-05
2.8746387e-05
3.3616887e-05
3.9266569e-05
4.6132453e-05
5.4492933e-05
6.4692547e-05
7.716794e-05
9.2445942e-05
0.00011117331
0.00013538703
0.0001638066
0.00019876267
0.00024180836
0.00029772134
0.00036372096
0.00044540868
0.00054675703
0.0006728447
0.00083022627
0.001014121
0.0010137027
0.0010132825
0.001012817
0.001012288
0.0010116508
0.0010108274
0.0010097089
0.0010082021
0.0010063817
0.0010049277
0.0010037602
0.0010028706
0.0010023704
0.0010022202
0.00100223
0.0010023839
0.0010023533
0.0010021331
0.0010018002
0.0010009563
1.3510807e-07
7.8697886e-06
4.3921237e-06
5.6011056e-06
4.0505255e-06
4.5739311e-06
4.5139183e-06
4.4769085e-06
4.9284127e-06
4.4670352e-06
4.3582126e-06
4.1864065e-06
4.0999395e-06
4.0535638e-06
4.0473244e-06
4.073451e-06
4.1289014e-06
4.1962925e-06
4.3021699e-06
4.4381223e-06
4.6049998e-06
4.8043185e-06
5.0390246e-06
5.3122798e-06
5.6289203e-06
5.9937531e-06
6.4138085e-06
6.8769403e-06
7.4279739e-06
8.063465e-06
8.7978619e-06
9.6495928e-06
1.0641186e-05
1.1800942e-05
1.3162626e-05
1.4768041e-05
1.66709e-05
1.8936755e-05
2.1648496e-05
2.4909368e-05
2.8844966e-05
3.3613598e-05
3.9406752e-05
4.6460425e-05
5.5065658e-05
6.6131821e-05
7.9102595e-05
9.5005436e-05
0.00011452283
0.00013850044
0.00016956457
0.00020611694
0.00025117579
0.00030678416
0.00037910972
0.00046482061
0.00057119956
0.00070355066
0.00086869889
0.0010137936
0.0010133601
0.001012908
0.0010124128
0.0010118519
0.0010111808
0.0010103259
0.0010091905
0.0010077106
0.001006064
0.0010047608
0.0010036627
0.0010027951
0.0010022382
0.001002027
0.0010019576
0.0010020476
0.0010019947
0.0010017609
0.0010014552
0.0010008566
1.2657987e-07
7.5448683e-06
3.6764482e-06
4.8561258e-06
3.6014735e-06
4.0288356e-06
3.9993725e-06
3.8424188e-06
4.1242035e-06
3.7522672e-06
3.6491886e-06
3.5363053e-06
3.4844335e-06
3.4685427e-06
3.4869375e-06
3.5211833e-06
3.5886659e-06
3.6851749e-06
3.8099084e-06
3.9631133e-06
4.1462694e-06
4.3614221e-06
4.6119384e-06
4.9012649e-06
5.2227469e-06
5.6013055e-06
6.0355066e-06
6.5334819e-06
7.105442e-06
7.7635634e-06
8.5226687e-06
9.4019185e-06
1.042476e-05
1.1620562e-05
1.3025412e-05
1.4682663e-05
1.6648917e-05
1.8992853e-05
2.1800837e-05
2.5182383e-05
2.9268321e-05
3.4225261e-05
4.025768e-05
4.7612911e-05
5.6599569e-05
6.7597053e-05
8.1793636e-05
9.8459449e-05
0.00011893144
0.00014411347
0.00017510206
0.00021531081
0.000262759
0.0003213678
0.00039384679
0.00048820279
0.0006004468
0.00074005753
0.00091414903
0.0010134826
0.0010130269
0.001012543
0.0010120172
0.0010114244
0.0010107214
0.001009839
0.001008693
0.0010072576
0.0010058138
0.0010046336
0.0010035953
0.0010027375
0.001002139
0.0010018542
0.001001729
0.0010017483
0.0010016689
0.0010014252
0.0010011549
0.0010007078
1.1920851e-07
7.1321822e-06
3.2270136e-06
4.1960357e-06
3.2016543e-06
3.3966407e-06
3.5439669e-06
3.2614704e-06
3.3970226e-06
3.1315513e-06
3.0492388e-06
2.9828771e-06
2.9623898e-06
2.9736935e-06
2.9996756e-06
3.0624875e-06
3.1531144e-06
3.2703696e-06
3.4143683e-06
3.5860907e-06
3.7875642e-06
4.0211115e-06
4.2822382e-06
4.5882558e-06
4.9383646e-06
5.3382641e-06
5.7948015e-06
6.3163927e-06
6.9134557e-06
7.5989274e-06
8.3880984e-06
9.3009406e-06
1.036196e-05
1.1602003e-05
1.3003346e-05
1.4709806e-05
1.6736422e-05
1.9155559e-05
2.2190342e-05
2.5718922e-05
2.9987995e-05
3.517259e-05
4.1491536e-05
4.9206514e-05
5.8643365e-05
7.0206504e-05
8.4393717e-05
0.00010181837
0.00012433894
0.00015092082
0.00018366317
0.00022403427
0.00027645707
0.00033851349
0.00041529302
0.00051539576
0.0006343173
0.00078215923
0.00096632488
0.0010131773
0.001012696
0.0010121816
0.0010116258
0.0010110036
0.0010102743
0.0010093765
0.0010082442
0.0010068826
0.0010056206
0.0010045395
0.0010035579
0.0010027043
0.0010020623
0.0010017491
0.0010015417
0.0010014795
0.0010013645
0.0010011243
0.0010009049
0.0010005776
1.1325511e-07
6.1937061e-06
2.8428071e-06
3.5972843e-06
2.8548411e-06
2.8144474e-06
3.0913086e-06
2.7358968e-06
2.7730724e-06
2.6016105e-06
2.5468906e-06
2.5181828e-06
2.5184573e-06
2.5473023e-06
2.6074503e-06
2.6948425e-06
2.8076088e-06
2.9455891e-06
3.109653e-06
3.3012231e-06
3.5175894e-06
3.7697442e-06
4.0578133e-06
4.3858629e-06
4.7587469e-06
5.1823499e-06
5.663835e-06
6.2119336e-06
6.8373872e-06
7.5370621e-06
8.3549535e-06
9.2994438e-06
1.0396049e-05
1.1676742e-05
1.3181537e-05
1.4960463e-05
1.707542e-05
1.960394e-05
2.26423e-05
2.6309568e-05
3.075377e-05
3.6417979e-05
4.3066434e-05
5.1195022e-05
6.1148388e-05
7.3356229e-05
8.8349072e-05
0.00010678295
0.00013065719
0.000158822
0.00019354364
0.00023638382
0.0002921024
0.00035802291
0.00043961714
0.00054072342
0.00067246086
0.00082943021
0.0010133906
0.0010128727
0.0010123631
0.0010118211
0.0010112388
0.0010105929
0.0010098476
0.001008952
0.0010078569
0.0010065855
0.00100547
0.001004469
0.0010035442
0.0010027149
0.0010020448
0.001001633
0.0010013975
0.0010012443
0.0010010818
0.0010008742
0.0010007185
0.0010004877
1.0830364e-07
4.3143861e-06
2.4950046e-06
3.0427468e-06
2.4213697e-06
2.3268613e-06
2.6178319e-06
2.2687473e-06
2.2542805e-06
2.1556638e-06
2.1313903e-06
2.1280001e-06
2.1561266e-06
2.2151378e-06
2.3009981e-06
2.4113937e-06
2.5456757e-06
2.7043686e-06
2.8861431e-06
3.0970387e-06
3.3380891e-06
3.6121523e-06
3.9227011e-06
4.2739582e-06
4.6710157e-06
5.1200016e-06
5.62836e-06
6.1958338e-06
6.8486383e-06
7.594161e-06
8.4496436e-06
9.4365107e-06
1.0581772e-05
1.1919367e-05
1.3491863e-05
1.5352355e-05
1.7566898e-05
2.0217755e-05
2.3407398e-05
2.7263162e-05
3.1943105e-05
3.7642522e-05
4.4935321e-05
5.3524014e-05
6.4051859e-05
7.6976226e-05
9.2862625e-05
0.00011241178
0.00013649248
0.00016767338
0.00020457378
0.00025013058
0.00030642853
0.00037959278
0.00046644581
0.00057405631
0.00071429012
0.00088111625
0.001013093
0.0010125643
0.0010120271
0.0010114622
0.001010859
0.0010101974
0.0010094463
0.0010085628
0.0010075098
0.00100635
0.0010053485
0.001004415
0.00100354
0.0010027408
0.0010020694
0.001001588
0.0010012932
0.0010010574
0.0010008346
0.0010006721
0.0010005988
0.0010004751
1.0302951e-07
3.5568057e-06
2.1329151e-06
2.533558e-06
2.0667607e-06
1.9199426e-06
2.1323631e-06
1.8597271e-06
1.8327813e-06
1.789335e-06
1.7913281e-06
1.8187347e-06
1.8783278e-06
1.963844e-06
2.0729258e-06
2.204713e-06
2.3594638e-06
2.5363633e-06
2.7401809e-06
2.9720505e-06
3.2345108e-06
3.5306362e-06
3.8640995e-06
4.2392856e-06
4.6614598e-06
5.1369746e-06
5.6672476e-06
6.2715961e-06
6.9574131e-06
7.739146e-06
8.6349771e-06
9.6676177e-06
1.0865643e-05
1.2265016e-05
1.3911026e-05
1.5860439e-05
1.8183826e-05
2.096877e-05
2.4324381e-05
2.8385784e-05
3.3321083e-05
3.9623326e-05
4.7041949e-05
5.6127776e-05
6.727624e-05
8.0974313e-05
9.782464e-05
0.00011857408
0.00014548431
0.00017727955
0.00021651657
0.00026498372
0.00032490214
0.00040278621
0.00049524244
0.00060975774
0.00075890641
0.00093602758
0.0010127895
0.0010122478
0.0010116892
0.0010111068
0.0010104888
0.0010098176
0.0010090653
0.001008195
0.0010071871
0.0010061563
0.0010052442
0.001004373
0.0010035428
0.0010027712
0.0010021083
0.0010016009
0.0010012341
0.00100093
0.0010006548
0.0010005259
0.0010005557
0.0010004924
9.9149904e-08
2.8393361e-06
1.8197812e-06
2.0242672e-06
1.7737758e-06
1.5722446e-06
1.6845449e-06
1.5134695e-06
1.5011534e-06
1.5012755e-06
1.52995e-06
1.5902286e-06
1.6762181e-06
1.7844468e-06
1.9140151e-06
2.0651519e-06
2.2378219e-06
2.4351492e-06
2.6587181e-06
2.9108599e-06
3.1943584e-06
3.5124676e-06
3.8689981e-06
4.2684575e-06
4.7162496e-06
5.2153608e-06
5.7790924e-06
6.4149471e-06
7.1350021e-06
7.9544153e-06
8.8924403e-06
9.9731511e-06
1.1226877e-05
1.2691743e-05
1.4415737e-05
1.6459296e-05
1.8898083e-05
2.1825168e-05
2.5357014e-05
2.9637356e-05
3.507398e-05
4.1480943e-05
4.9318239e-05
5.8926745e-05
7.0726228e-05
8.5236015e-05
0.000103098
0.00012510823
0.0001536253
0.00018737898
0.00022905654
0.00028055909
0.00034424957
0.00042698833
0.00052524145
0.00064686283
0.00080505162
0.00099253747
0.0010124789
0.0010119248
0.0010113509
0.0010107558
0.0010101276
0.0010094507
0.0010087008
0.0010078506
0.0010068991
0.0010059852
0.0010051484
0.0010043398
0.0010035557
0.0010028115
0.0010021535
0.0010016249
0.0010012119
0.0010008526
0.0010005566
0.0010004374
0.0010005337
0.0010005369
9.6862904e-08
2.2130397e-06
1.5476058e-06
1.5407964e-06
1.5039022e-06
1.2752808e-06
1.3202515e-06
1.2371832e-06
1.2523092e-06
1.2832669e-06
1.345152e-06
1.4312471e-06
1.5385409e-06
1.6657127e-06
1.8130293e-06
1.981509e-06
2.172018e-06
2.3875396e-06
2.6299104e-06
2.9016844e-06
3.2057915e-06
3.5456053e-06
3.9250419e-06
4.3487115e-06
4.8221281e-06
5.3519966e-06
5.946585e-06
6.6161738e-06
7.3651735e-06
8.2229458e-06
9.2040407e-06
1.033399e-05
1.1645012e-05
1.3177602e-05
1.4982524e-05
1.7193043e-05
1.9769905e-05
2.2866279e-05
2.6606682e-05
3.1145186e-05
3.6672164e-05
4.3422599e-05
5.1687922e-05
6.1828439e-05
7.4289969e-05
8.9624627e-05
0.00010851523
0.00013295886
0.00016191073
0.00019764763
0.00024179325
0.00029636222
0.00036729665
0.00045140865
0.00055545421
0.00068413157
0.0008511347
0.0010127437
0.001012165
0.0010115975
0.0010110127
0.0010104085
0.0010097738
0.0010090952
0.0010083546
0.0010075329
0.0010066398
0.0010058258
0.0010050588
0.0010043135
0.0010035811
0.0010028737
0.0010022271
0.0010016755
0.0010012106
0.0010007963
0.0010004974
0.0010003937
0.0010005112
0.0010005583
9.6957455e-08
1.6796379e-06
1.3180215e-06
1.1711054e-06
1.232508e-06
1.0268799e-06
1.0529006e-06
1.0329403e-06
1.0763945e-06
1.1367444e-06
1.2226073e-06
1.3282041e-06
1.4524682e-06
1.5955483e-06
1.7585082e-06
1.9428528e-06
2.1501154e-06
2.3828731e-06
2.6433082e-06
2.9340875e-06
3.2582292e-06
3.6191892e-06
4.0209733e-06
4.4682978e-06
4.9668102e-06
5.5233902e-06
6.1465504e-06
6.8469407e-06
7.6379758e-06
8.5366338e-06
9.5643968e-06
1.0748502e-05
1.2123325e-05
1.3732151e-05
1.5629273e-05
1.7882555e-05
2.0576642e-05
2.3817106e-05
2.7734971e-05
3.2492961e-05
3.8292764e-05
4.5383516e-05
5.4071297e-05
6.4736994e-05
7.7850811e-05
9.4773293e-05
0.0001148201
0.00013953835
0.00017004295
0.0002077171
0.00025427396
0.00031476179
0.0003864723
0.00047514112
0.00058475879
0.00072717098
0.00089542008
0.0010124339
0.0010118504
0.0010112694
0.0010106755
0.001010064
0.0010094252
0.0010087473
0.0010080173
0.0010072256
0.0010064064
0.0010056776
0.0010049794
0.0010042965
0.0010036192
0.0010029571
0.0010023347
0.0010017719
0.0010012644
0.0010008103
0.0010004871
0.0010003824
0.0010004888
0.0010005025
1.0023756e-07
1.2445379e-06
1.1278978e-06
9.0093147e-07
1.0743573e-06
8.2214867e-07
8.6937247e-07
8.9436827e-07
9.6054636e-07
1.0439403e-06
1.147156e-06
1.2677393e-06
1.4060699e-06
1.5631439e-06
1.7404358e-06
1.9396695e-06
2.1628031e-06
2.4118763e-06
2.6895321e-06
2.99842e-06
3.3416261e-06
3.7226839e-06
4.1456929e-06
4.6154864e-06
5.1378618e-06
5.7198923e-06
6.3703497e-06
7.1002783e-06
7.9236346e-06
8.8581612e-06
9.9263355e-06
1.1156736e-05
1.2585468e-05
1.4258034e-05
1.6231539e-05
1.8577402e-05
2.1384649e-05
2.4763961e-05
2.885268e-05
3.3821027e-05
4.015181e-05
4.7622292e-05
5.6777262e-05
6.8018499e-05
8.1842403e-05
9.8863694e-05
0.00011984419
0.00014572819
0.00017768309
0.00021919104
0.00026835701
0.00032913082
0.00040426733
0.00049714684
0.00061785898
0.00076048589
0.00093606562
0.0010121318
0.0010115402
0.0010109464
0.0010103428
0.0010097244
0.0010090824
0.0010084054
0.0010076831
0.0010069222
0.0010062032
0.0010055464
0.0010049158
0.001004294
0.0010036721
0.0010030568
0.0010024646
0.0010019068
0.0010013811
0.0010009004
0.0010005379
0.0010003548
0.0010004427
0.0010003506
1.0680753e-07
9.6025358e-07
9.6211992e-07
7.6212854e-07
7.6533781e-07
7.0102463e-07
7.465087e-07
8.0661631e-07
8.9000274e-07
9.8947676e-07
1.1057447e-06
1.2387151e-06
1.3894528e-06
1.5592786e-06
1.7497907e-06
1.9627724e-06
2.2002156e-06
2.4643402e-06
2.7576311e-06
3.0828856e-06
3.4432787e-06
3.8424522e-06
4.2846407e-06
4.7748493e-06
5.3191006e-06
5.9226774e-06
6.5977097e-06
7.3543058e-06
8.2142474e-06
9.1846503e-06
1.0294033e-05
1.1572435e-05
1.3057784e-05
1.4797841e-05
1.6852488e-05
1.9296553e-05
2.2223247e-05
2.5748403e-05
3.0015706e-05
3.5203182e-05
4.1531263e-05
4.92728e-05
5.876533e-05
7.0424709e-05
8.4767598e-05
0.0001024332
0.00012531915
0.00015240472
0.00018584224
0.00022715154
0.00027821195
0.0003413444
0.0004194001
0.00052076746
0.00064073611
0.00078859094
0.00097039532
0.0010118507
0.0010112477
0.0010106399
0.001010025
0.0010093983
0.0010087545
0.001008086
0.001007386
0.0010066659
0.0010060312
0.0010054393
0.0010048708
0.0010043069
0.0010037395
0.0010031716
0.0010026135
0.0010020713
0.0010015433
0.0010010433
0.0010006375
0.001000416
0.0010003473
0.0010002267
1.2134961e-07
9.6566872e-07
8.0239363e-07
5.6462409e-07
6.0798479e-07
6.1093612e-07
6.7459756e-07
7.5344868e-07
8.5030265e-07
9.61911e-07
1.0892706e-06
1.233207e-06
1.3950159e-06
1.5761124e-06
1.7781207e-06
2.0028493e-06
2.2523208e-06
2.528798e-06
2.8348202e-06
3.1732495e-06
3.5473317e-06
3.9607841e-06
4.41792e-06
4.9238279e-06
5.4846251e-06
6.1078055e-06
6.802704e-06
7.5810925e-06
8.457938e-06
9.4523137e-06
1.0588497e-05
1.1897353e-05
1.3417908e-05
1.5199319e-05
1.7303224e-05
1.9806619e-05
2.2805381e-05
2.6418582e-05
3.0793819e-05
3.6113817e-05
4.2604717e-05
5.0908083e-05
6.0722479e-05
7.2775446e-05
8.7601032e-05
0.00010585967
0.00012837059
0.00015615011
0.00019045918
0.00023285894
0.00028528428
0.00035335159
0.00043410083
0.00053385835
0.00065697407
0.00080866707
0.00099509739
0.001011613
0.0010109947
0.0010103714
0.0010097441
0.0010091076
0.0010084584
0.0010077933
0.0010071158
0.0010064679
0.001005897
0.0010053634
0.0010048481
0.001004335
0.0010038168
0.0010032942
0.0010027723
0.0010022537
0.0010017375
0.0010012372
0.0010008053
0.0010005114
0.0010003474
0.0010001964
1.1119963e-07
6.2261652e-07
6.3581312e-07
4.674495e-07
5.100287e-07
5.5583771e-07
6.3456098e-07
7.2701208e-07
8.3451702e-07
9.5641088e-07
1.0937728e-06
1.2476577e-06
1.4193869e-06
1.6104299e-06
1.8224446e-06
2.0572873e-06
2.3170371e-06
2.6039903e-06
2.9208002e-06
3.2703829e-06
3.6560591e-06
4.0816233e-06
4.5514693e-06
5.0707709e-06
5.6457399e-06
6.2839813e-06
6.994967e-06
7.7906499e-06
8.6932632e-06
9.7113604e-06
1.0874568e-05
1.2214587e-05
1.3771444e-05
1.5595527e-05
1.7749966e-05
2.0313584e-05
2.3384491e-05
2.7084522e-05
3.1564704e-05
3.7012034e-05
4.3657831e-05
5.1788027e-05
6.175589e-05
7.3999623e-05
8.9061213e-05
0.00010761274
0.00013048803
0.00016011491
0.00019524886
0.00023866463
0.00029234588
0.0003587363
0.00044083611
0.00054230748
0.00066758927
0.00082200953
0.001011853
0.0010114452
0.0010108118
0.0010101736
0.001009534
0.0010088884
0.001008234
0.0010075699
0.0010069092
0.0010063307
0.0010058112
0.0010053275
0.0010048581
0.0010043887
0.0010039116
0.0010034253
0.0010029316
0.0010024308
0.0010019245
0.0010014274
0.0010009823
0.001000644
0.0010004189
0.0010002148
8.9041282e-08
4.5763219e-07
4.6019631e-07
4.0854932e-07
4.5818457e-07
5.2734352e-07
6.161309e-07
7.1839132e-07
8.344853e-07
9.6494309e-07
1.1107774e-06
1.2731668e-06
1.4534658e-06
1.6532064e-06
1.8741092e-06
2.1180999e-06
2.3873289e-06
2.6841966e-06
3.0113859e-06
3.3719058e-06
3.7691531e-06
4.2070003e-06
4.6899237e-06
5.223189e-06
5.8131139e-06
6.4674298e-06
7.1957702e-06
8.010293e-06
8.9264649e-06
9.9640184e-06
1.1148112e-05
1.2510701e-05
1.4092202e-05
1.5943486e-05
1.8128292e-05
2.0726182e-05
2.3836153e-05
2.7581093e-05
3.2113299e-05
3.762137e-05
4.4624424e-05
5.2900064e-05
6.304056e-05
7.5490476e-05
9.0799283e-05
0.00010964851
0.00013288389
0.00016155592
0.00019696991
0.00024074691
0.0002948953
0.00036189586
0.00044479915
0.00054733712
0.0006740455
0.00083038071
0.001012
0.0010113481
0.0010107127
0.001010072
0.0010094297
0.0010087824
0.0010081275
0.0010074657
0.0010068187
0.0010062811
0.0010057991
0.0010053527
0.0010049205
0.0010044863
0.0010040392
0.0010035745
0.001003093
0.0010026003
0.0010021056
0.0010016215
0.0010011663
0.0010007631
0.0010004265
0.0010001406
9.4199526e-08
4.5068897e-07
3.3911587e-07
3.686422e-07
4.291522e-07
5.0905859e-07
6.0148245e-07
7.0625521e-07
8.2341612e-07
9.5384479e-07
1.0984909e-06
1.258528e-06
1.4352752e-06
1.6302284e-06
1.8450584e-06
2.0816289e-06
2.3420143e-06
2.6285237e-06
2.9437331e-06
3.2905268e-06
3.6721561e-06
4.0923214e-06
4.5552926e-06
5.066636e-06
5.6316033e-06
6.2579159e-06
6.9547797e-06
7.7337949e-06
8.6097037e-06
9.6012945e-06
1.0732496e-05
1.203369e-05
1.3543284e-05
1.5309617e-05
1.7393263e-05
1.986986e-05
2.2833577e-05
2.6401386e-05
3.0718359e-05
3.5964237e-05
4.2361599e-05
5.0186067e-05
5.9779088e-05
7.1563651e-05
8.6064353e-05
0.0001039323
0.00012597641
0.00015320246
0.00018686123
0.00022850724
0.00028006906
0.0003439322
0.00042303631
0.00052098761
0.00064218472
0.00079194393
0.00097658662
0.0010112406
0.001010623
0.0010100046
0.0010093869
0.001008768
0.0010081437
0.0010075084
0.0010068753
0.001006349
0.0010058814
0.001005453
0.0010050416
0.0010046288
0.0010041997
0.001003745
0.0010032646
0.001002769
0.0010022737
0.0010017878
0.0010013094
0.0010008428
0.001000426
0.0010001304
1.4914512e-07
4.4506741e-07
3.0123491e-07
3.5185199e-07
4.2440445e-07
5.1241986e-07
6.1186295e-07
7.232761e-07
8.4721317e-07
9.8472581e-07
1.1369411e-06
1.3051662e-06
1.490845e-06
1.6955843e-06
1.9211613e-06
2.1695435e-06
2.4429082e-06
2.7436683e-06
3.0745038e-06
3.4384022e-06
3.8387139e-06
4.2792302e-06
4.764298e-06
5.298986e-06
5.889328e-06
6.5426638e-06
7.2681027e-06
8.0771317e-06
8.9843814e-06
1.0008567e-05
1.1173618e-05
1.2510029e-05
1.4056466e-05
1.5861684e-05
1.7986863e-05
2.0508429e-05
2.3521532e-05
2.7144327e-05
3.152327e-05
3.6839699e-05
4.3318022e-05
5.1235917e-05
6.0937078e-05
7.2847146e-05
8.7493675e-05
0.00010553118
0.00012777259
0.00015522853
0.0001891561
0.00023111847
0.00028305678
0.00034737564
0.00042704459
0.00052571763
0.00064787009
0.00079893966
0.00098543305
0.001011011
0.0010103832
0.0010097502
0.0010091159
0.0010084815
0.0010078508
0.0010072316
0.0010066646
0.0010061895
0.0010057717
0.0010053887
0.0010050204
0.0010046479
0.0010042542
0.0010038271
0.0010033651
0.0010028812
0.001002394
0.0010019078
0.0010014067
0.0010008882
0.0010004166
0.0010001552
0.0020501387
0.0031582216
0.0031800119
0.0013142718
0.0002531086
3.5264412e-05
4.700272e-05
5.7229108e-05
6.8134838e-05
7.8065737e-05
6.7301538e-05
5.8865134e-05
5.5984677e-05
5.6339219e-05
5.7146267e-05
5.7979544e-05
5.8757326e-05
5.9606198e-05
6.0612383e-05
6.1788491e-05
6.313434e-05
6.4658905e-05
6.6382399e-05
6.8321596e-05
6.9699818e-05
7.1944063e-05
7.4472747e-05
7.729281e-05
8.0421071e-05
8.3888359e-05
8.7732878e-05
9.1996211e-05
9.6725803e-05
0.0001019749
0.00010781788
0.00011434929
0.00012168145
0.00012995005
0.00013931632
0.00014997189
0.00016215111
0.00017612787
0.0001922319
0.00021086166
0.00023248774
0.00025767382
0.00028710354
0.00032157509
0.00036204719
0.0004096801
0.00046586429
0.0005322723
0.0006109231
0.00070431815
0.00082345728
0.0009573581
0.0010443431
0.0010486234
0.001050905
0.0010510033
0.0010498442
0.0010485185
0.001047457
0.0010467334
0.0010464099
0.0010465226
0.0010464231
0.0010460314
0.0010455481
0.0010447216
0.0010425673
0.00103708
0.0010282326
0.0010190638
0.0010124216
0.0010080213
0.0010055483
0.0010042804
0.0010064151
0.0010196278
0.00036825686
0.0013996096
0.0017664413
0.00074994253
0.00010135397
3.6241738e-05
4.993672e-05
5.9801307e-05
7.1654783e-05
8.2878608e-05
8.0908325e-05
7.3900199e-05
6.8147873e-05
6.5944953e-05
6.4548411e-05
6.3635483e-05
6.2832885e-05
6.2443669e-05
6.2447168e-05
6.2778374e-05
6.3406495e-05
6.4315939e-05
6.5505117e-05
6.6970482e-05
6.8048683e-05
6.9891992e-05
7.2045489e-05
7.450452e-05
7.728327e-05
8.0408936e-05
8.3914458e-05
8.7836426e-05
9.2218286e-05
9.7109955e-05
0.00010258447
0.00010873221
0.00011566031
0.00012349911
0.00013240321
0.00014255712
0.00015418711
0.00016755639
0.00018298433
0.00020085655
0.00022162821
0.00024584725
0.00027417896
0.00030739919
0.00034644646
0.00039245877
0.00044680275
0.00051112941
0.00058744282
0.00068486712
0.00079400807
0.00092479039
0.0010436008
0.0010477515
0.0010499092
0.0010499347
0.0010487995
0.001047567
0.0010466235
0.0010460258
0.0010458236
0.0010460397
0.0010460644
0.0010457808
0.0010452991
0.0010442256
0.0010416605
0.0010354998
0.0010264042
0.0010175711
0.001011421
0.0010074409
0.0010053088
0.0010043035
0.0010067909
0.001019997
0.00036336904
0.0011834017
0.0016817451
0.000492523
6.535596e-05
3.704829e-05
5.2146125e-05
6.0796198e-05
7.3255404e-05
8.3908521e-05
8.4670665e-05
7.8205248e-05
7.0979026e-05
6.906283e-05
6.6803782e-05
6.5484198e-05
6.4285788e-05
6.3644296e-05
6.3373445e-05
6.343068e-05
6.3793575e-05
6.4438954e-05
6.5363078e-05
6.6559197e-05
6.8020245e-05
6.903581e-05
7.0902078e-05
7.3066071e-05
7.554404e-05
7.8361543e-05
8.1549136e-05
8.5141081e-05
8.9178786e-05
9.3710013e-05
9.880689e-05
0.00010455592
0.00011106005
0.0001184451
0.00012685976
0.00013648207
0.00014753088
0.00016025971
0.00017497852
0.00019206108
0.00021194887
0.00023517595
0.00026239157
0.00029435308
0.00033198301
0.00037640217
0.00042896068
0.00049129744
0.00057096946
0.0006600019
0.00076652413
0.00089455325
0.0010427243
0.0010467882
0.0010488687
0.0010488638
0.0010477746
0.0010466402
0.0010458127
0.0010453341
0.0010452399
0.0010455405
0.001045682
0.0010454851
0.0010449722
0.0010436824
0.001040602
0.0010338522
0.0010246243
0.0010161771
0.0010105014
0.0010069354
0.0010051147
0.0010043718
0.0010072026
0.0010202222
0.00046975599
0.0014696328
0.0011318314
0.00019066452
5.3364457e-05
3.8595437e-05
5.412431e-05
6.1577015e-05
7.5180523e-05
8.4790814e-05
7.8871334e-05
7.6082778e-05
6.8878996e-05
6.857079e-05
6.6177004e-05
6.5246517e-05
6.4091923e-05
6.3571259e-05
6.3311048e-05
6.3337403e-05
6.3638481e-05
6.4193917e-05
6.500568e-05
6.6068155e-05
6.7377633e-05
6.8931735e-05
7.0002255e-05
7.196193e-05
7.4223257e-05
7.6810688e-05
7.9753683e-05
8.3085174e-05
8.6845401e-05
9.1080793e-05
9.5863416e-05
0.00010127646
0.00010741982
0.00011441567
0.00012240775
0.00013156882
0.00014211141
0.00015428057
0.00016837829
0.00018476771
0.00020387811
0.00022623115
0.00025246125
0.00028330841
0.00031968028
0.00036268076
0.00041364338
0.00047419397
0.00055152974
0.00063834842
0.00074247451
0.00086795484
0.001020113
0.0010458036
0.0010478144
0.0010477882
0.0010467536
0.0010457226
0.0010450117
0.0010446475
0.0010446507
0.0010450161
0.0010452619
0.0010451275
0.0010445494
0.0010430376
0.0010394152
0.0010321464
0.0010228862
0.0010148646
0.0010096446
0.0010065058
0.0010049839
0.0010044823
0.0010077025
0.0010202966
0.0005275662
0.0019918625
0.00091978395
0.00012224788
5.0176231e-05
3.9797067e-05
5.5608313e-05
6.1930922e-05
7.611281e-05
8.5163646e-05
7.4447994e-05
7.4983702e-05
6.6883816e-05
6.8197501e-05
6.5390815e-05
6.4949357e-05
6.3798719e-05
6.3444424e-05
6.3231115e-05
6.3277663e-05
6.3567427e-05
6.4082718e-05
6.4830444e-05
6.5805823e-05
6.7006669e-05
6.8435327e-05
6.9452618e-05
7.124795e-05
7.333159e-05
7.5726868e-05
7.8462469e-05
8.1570228e-05
8.5089483e-05
8.9065565e-05
9.3570683e-05
9.868481e-05
0.00010450546
0.00011115166
0.00011876281
0.00012750719
0.00013759177
0.00014925405
0.00016278923
0.00017855087
0.00019695751
0.00021852
0.00024385956
0.00027370094
0.00030893928
0.00035066382
0.00040019457
0.00046352761
0.00053439625
0.00061924908
0.00072125525
0.00084449202
0.00099433141
0.0010447887
0.0010467463
0.0010467141
0.001045744
0.0010448199
0.0010442233
0.0010439658
0.0010440534
0.0010444596
0.001044795
0.0010447004
0.0010440451
0.0010422652
0.0010381265
0.0010304036
0.0010212086
0.0010136423
0.0010088614
0.0010061508
0.0010049305
0.0010046219
0.0010083571
0.001020235
0.00056080889
0.0018830395
0.00070012656
7.9326833e-05
4.7886399e-05
4.1099874e-05
5.6471046e-05
6.1998018e-05
7.6709477e-05
8.5331907e-05
7.2350622e-05
7.6125201e-05
6.6332471e-05
6.9030388e-05
6.5473375e-05
6.5483011e-05
6.4138296e-05
6.3836864e-05
6.357195e-05
6.3573453e-05
6.3803568e-05
6.424641e-05
6.4910967e-05
6.5790995e-05
6.6884175e-05
6.8192359e-05
6.9721439e-05
7.0812264e-05
7.2736909e-05
7.4961385e-05
7.7512977e-05
8.0422151e-05
8.3727252e-05
8.747251e-05
9.1730322e-05
9.6577423e-05
0.00010210949
0.00010844265
0.00011571246
0.00012408322
0.00013375695
0.00014496434
0.00015799463
0.00017319257
0.00019096719
0.00021181966
0.0002363592
0.0002652969
0.00029951703
0.00034009588
0.0003920499
0.00044997989
0.00051923544
0.00060232491
0.00070243049
0.00082365309
0.00097140284
0.0010437527
0.0010456709
0.0010456446
0.0010447469
0.0010439313
0.0010434451
0.0010432855
0.0010434438
0.0010438735
0.0010442714
0.0010441951
0.0010434467
0.0010413909
0.0010367454
0.0010286403
0.0010196013
0.0010125102
0.0010081581
0.0010058589
0.0010049155
0.0010047778
0.0010090193
0.0010200392
0.00062791029
0.0018534129
0.00059437517
6.0376372e-05
4.6724468e-05
4.2063016e-05
5.6871768e-05
6.1994821e-05
7.7054279e-05
8.5401011e-05
8.5134879e-05
8.5094912e-05
6.7363388e-05
7.0819295e-05
6.6158992e-05
6.6628729e-05
6.4965455e-05
6.4641965e-05
6.4256306e-05
6.4168329e-05
6.4306732e-05
6.4655014e-05
6.5221176e-05
6.5996352e-05
6.6976891e-05
6.8163967e-05
6.9564282e-05
7.1189067e-05
7.2367266e-05
7.4430762e-05
7.6810837e-05
7.9536485e-05
8.2645074e-05
8.6179784e-05
9.0213231e-05
9.481886e-05
0.00010009093
0.00010614279
0.00011310645
0.0001211427
0.00013044896
0.00014124969
0.00015382895
0.00016852336
0.00018573347
0.00020595186
0.00022977688
0.00025790758
0.00029121921
0.00033392947
0.00038136877
0.00043799861
0.00050581973
0.00058734241
0.00068576005
0.00080519217
0.00095107543
0.0010427001
0.0010445921
0.0010445825
0.0010437641
0.0010430569
0.0010426755
0.0010426036
0.0010428183
0.0010432554
0.0010436818
0.0010436057
0.0010427568
0.0010404277
0.0010352836
0.0010268758
0.0010180739
0.0010114687
0.0010075413
0.0010056163
0.0010048773
0.0010049294
0.0010096285
0.0010197238
0.00070294538
0.0018549965
0.00047713241
4.9212812e-05
4.6087747e-05
4.2624353e-05
5.711337e-05
6.2012995e-05
7.7211907e-05
8.5457337e-05
7.1157864e-05
8.9213474e-05
6.6494426e-05
7.3369187e-05
6.7001926e-05
6.7931481e-05
6.5948275e-05
6.562904e-05
6.512465e-05
6.4941319e-05
6.4977453e-05
6.521971e-05
6.567595e-05
6.6336184e-05
6.7196075e-05
6.8256427e-05
6.9523341e-05
7.1010177e-05
7.2735565e-05
7.4023619e-05
7.6240254e-05
7.8793698e-05
8.1720209e-05
8.5061881e-05
8.8891472e-05
9.3279018e-05
9.8317659e-05
0.00010411792
0.00011080853
0.00011854704
0.00012752659
0.00013796594
0.0001501446
0.00016439158
0.00018110001
0.00020075486
0.00022394445
0.00025135766
0.00028655375
0.00032548304
0.00037188409
0.0004273595
0.0004939058
0.00057403612
0.00067095199
0.00078878479
0.00093298473
0.0010416363
0.0010435132
0.0010435299
0.0010427966
0.0010421959
0.0010419122
0.0010419167
0.0010421732
0.0010426027
0.001043019
0.0010429291
0.0010419709
0.0010393749
0.0010337555
0.0010251296
0.0010166337
0.001010515
0.0010070113
0.001005424
0.0010048908
0.0010051028
0.0010101817
0.0010192879
0.00075915774
0.0018395075
0.00033053628
4.3190328e-05
4.5719738e-05
4.2729377e-05
5.7258479e-05
6.2061521e-05
7.664839e-05
8.5543101e-05
7.0635212e-05
8.5740819e-05
6.7621557e-05
7.5789769e-05
6.8032329e-05
6.9508575e-05
6.7109161e-05
6.673934e-05
6.6078998e-05
6.5771272e-05
6.5682634e-05
6.580188e-05
6.6134983e-05
6.6670643e-05
6.7403444e-05
6.8333692e-05
6.9467285e-05
7.0816754e-05
7.2402998e-05
7.4250165e-05
7.5681137e-05
7.8076152e-05
8.0837331e-05
8.4005454e-05
8.7653188e-05
9.1847038e-05
9.6679256e-05
0.00010225747
0.00010870738
0.00011618358
0.00012487526
0.00013499599
0.00014682126
0.00016067314
0.00017693831
0.00019609519
0.00021872242
0.00024780745
0.00027982933
0.00031793737
0.00036341981
0.000417872
0.00048328838
0.00056218337
0.00065776262
0.00077416201
0.00091683142
0.0010405661
0.0010424372
0.0010424889
0.0010418446
0.0010413468
0.0010411524
0.0010412215
0.0010415056
0.0010419135
0.0010422794
0.0010421646
0.0010411051
0.0010382425
0.001032175
0.0010234194
0.0010152863
0.001009644
0.001006557
0.0010052917
0.0010049958
0.0010053073
0.0010106989
0.0010187473
0.00079324385
0.0015405687
0.00019443197
4.0679001e-05
4.5423909e-05
4.2679622e-05
5.7367709e-05
6.212736e-05
7.6536637e-05
8.5738959e-05
6.9383648e-05
8.8776425e-05
6.7566773e-05
7.8080097e-05
6.8816234e-05
7.0825878e-05
6.804326e-05
6.7630228e-05
6.6824047e-05
6.6395206e-05
6.6184074e-05
6.6182674e-05
6.6395299e-05
6.681061e-05
6.7422608e-05
6.8231385e-05
6.9242632e-05
7.0468702e-05
7.192945e-05
7.3650629e-05
7.5656852e-05
7.7277375e-05
7.9895384e-05
8.291385e-05
8.6404887e-05
9.0431582e-05
9.5085521e-05
0.00010047145
0.0001067124
0.00011396034
0.00012240087
0.00013224298
0.00014375863
0.00015726355
0.00017313926
0.00019367878
0.00021597151
0.00024238328
0.00027376015
0.0003111437
0.00035581344
0.00040935996
0.00047377486
0.00055157163
0.00064595547
0.0007610584
0.00090231487
0.0010394939
0.001041367
0.0010414614
0.0010409082
0.0010405078
0.0010403935
0.001040515
0.0010408132
0.0010411869
0.0010414662
0.0010413141
0.0010401593
0.0010370402
0.0010305569
0.0010217606
0.001014035
0.0010088489
0.0010061605
0.0010052021
0.0010050707
0.0010055448
0.0010111831
0.0010181245
0.00076931343
0.0010653674
0.00010211179
4.0032063e-05
4.5130542e-05
4.2584081e-05
5.7411245e-05
6.2194846e-05
7.4976156e-05
8.5974508e-05
6.7771359e-05
9.1039396e-05
6.7218792e-05
7.9762313e-05
6.9144733e-05
7.1645374e-05
6.8511917e-05
6.8040686e-05
6.7102782e-05
6.6563125e-05
6.6244212e-05
6.6140912e-05
6.6254359e-05
6.6573056e-05
6.7089846e-05
6.7804048e-05
6.8720666e-05
6.9851297e-05
7.1215158e-05
7.2836295e-05
7.4740323e-05
7.6953152e-05
7.8823178e-05
8.1719097e-05
8.5080279e-05
8.896724e-05
9.3470975e-05
9.8693528e-05
0.00010475571
0.00011180727
0.00012003063
0.00012963107
0.00014087694
0.0001540786
0.00017118553
0.00018966165
0.00021151045
0.00023741811
0.00026822784
0.00030497183
0.00034892347
0.00040166836
0.00046519414
0.00054201065
0.00063531717
0.00074923268
0.00088916003
0.0010384233
0.0010403056
0.0010404488
0.0010399864
0.0010396767
0.0010396326
0.0010397945
0.0010400942
0.001040423
0.0010406088
0.001040381
0.0010391383
0.0010357719
0.0010289169
0.001020167
0.0010128814
0.0010081272
0.0010058465
0.0010051265
0.0010050796
0.0010058425
0.001011632
0.0010174438
0.00055960241
0.00054020321
6.1412419e-05
4.0116351e-05
4.4808947e-05
4.2495422e-05
5.7304747e-05
6.2254234e-05
7.1347918e-05
8.6211431e-05
6.5337101e-05
9.1367906e-05
6.5938197e-05
8.017627e-05
6.8558754e-05
7.1458029e-05
6.8111104e-05
6.7614226e-05
6.6616239e-05
6.6026876e-05
6.5659837e-05
6.5511951e-05
6.5579922e-05
6.5852131e-05
6.632033e-05
6.6983136e-05
6.784504e-05
6.8917184e-05
7.0218267e-05
7.1771682e-05
7.3601456e-05
7.5735089e-05
7.8206627e-05
8.1065996e-05
8.3643053e-05
8.7415861e-05
9.1795146e-05
9.6880585e-05
0.00010279126
0.00010967506
0.00011771163
0.00012827467
0.000139373
0.00015240852
0.00016776533
0.00018589605
0.00020735457
0.00023282102
0.00026313118
0.00029931113
0.00034262817
0.00039466243
0.00045739603
0.00053333175
0.00062565683
0.0007384671
0.00087711672
0.0010373579
0.0010392557
0.0010394524
0.0010390781
0.0010388511
0.0010388671
0.0010390579
0.0010393476
0.0010396229
0.0010397116
0.001039371
0.0010380438
0.0010344412
0.0010272709
0.0010186496
0.0010118252
0.0010074867
0.0010056126
0.0010050719
0.0010051613
0.0010062181
0.0010120341
0.0010167217
0.00026170294
0.0001704784
5.1555201e-05
4.0656213e-05
4.4436998e-05
4.2426727e-05
5.7028493e-05
6.231238e-05
6.679017e-05
8.6439678e-05
6.1858528e-05
8.9214584e-05
6.3517025e-05
7.8850295e-05
6.6868374e-05
7.0086963e-05
6.6759939e-05
6.6317683e-05
6.5369097e-05
6.4816124e-05
6.4475712e-05
6.4348039e-05
6.4426475e-05
6.4700653e-05
6.5162641e-05
6.5811401e-05
6.6651825e-05
6.7695379e-05
6.896093e-05
7.0471613e-05
7.2251108e-05
7.4326122e-05
7.6732807e-05
7.9518032e-05
8.2740425e-05
8.6474494e-05
9.0804603e-05
9.5830079e-05
0.00010167004
0.00010847231
0.00011641565
0.00012570905
0.00013660013
0.00014940131
0.00016449118
0.00018232076
0.00020343716
0.00022851546
0.00025838592
0.00029406834
0.00033682383
0.00038822632
0.00045025039
0.00052538774
0.0006168068
0.00072856945
0.00086596353
0.0010358999
0.0010382179
0.0010384725
0.0010381816
0.0010380289
0.0010380948
0.0010383035
0.0010385735
0.0010387884
0.0010387786
0.001038299
0.001036888
0.0010330545
0.0010256335
0.0010172166
0.0010108642
0.0010069442
0.0010054408
0.0010050463
0.0010054377
0.0010066881
0.0010123778
0.0010159567
3.9540745e-06
3.8248046e-05
4.8428232e-05
4.0914566e-05
4.3982916e-05
4.2375317e-05
5.6772616e-05
6.2377008e-05
6.2054678e-05
8.6714445e-05
5.8096557e-05
8.5747862e-05
6.0689978e-05
7.658874e-05
6.4718582e-05
6.8125661e-05
6.4965084e-05
6.4595348e-05
6.3740174e-05
6.325316e-05
6.296357e-05
6.2876318e-05
6.2982601e-05
6.3274054e-05
6.3743896e-05
6.439197e-05
6.5223899e-05
6.6251734e-05
6.7494655e-05
6.897569e-05
7.0718149e-05
7.2748741e-05
7.5103154e-05
7.7828637e-05
8.0984636e-05
8.464207e-05
8.8885264e-05
9.381248e-05
9.9541576e-05
0.000106219
0.00011402141
0.00012315341
0.00013386326
0.00014645956
0.00016131732
0.00017888228
0.0001996978
0.00022443446
0.00025391704
0.00028915925
0.00033141579
0.00038225326
0.00044363617
0.00051804067
0.00060860909
0.00071935801
0.0008554914
0.001023773
0.0010371861
0.0010375092
0.0010372951
0.0010372079
0.0010373139
0.0010375305
0.0010377723
0.0010379222
0.0010378139
0.0010372069
0.0010356979
0.0010316205
0.0010240181
0.0010158732
0.0010099948
0.0010065111
0.0010053139
0.001005041
0.001005693
0.0010073908
0.0010126552
0.0010151397
5.9722438e-06
3.4567159e-05
4.5416594e-05
3.9771498e-05
4.345078e-05
4.2334285e-05
5.6422083e-05
6.2430514e-05
5.8311832e-05
8.6844035e-05
5.5054903e-05
8.2358308e-05
5.8332673e-05
7.4384287e-05
6.2798495e-05
6.619814e-05
6.3201357e-05
6.2837891e-05
6.2040149e-05
6.1587771e-05
6.1324189e-05
6.125839e-05
6.1378765e-05
6.1677996e-05
6.2149894e-05
6.2794653e-05
6.3618084e-05
6.4632386e-05
6.5856661e-05
6.7313521e-05
6.9025739e-05
7.1019744e-05
7.333121e-05
7.6006929e-05
7.9105448e-05
8.2697483e-05
8.6866141e-05
9.1708467e-05
9.7341216e-05
0.00010390963
0.00011158843
0.00012058017
0.00013113043
0.00014354581
0.00015819789
0.0001755286
0.00019607748
0.00022051088
0.00024964835
0.00028449744
0.00032630582
0.00037663128
0.0004374253
0.00051114354
0.0006008945
0.00071063791
0.00084547671
0.0010120028
0.0010361721
0.0010365626
0.0010364168
0.0010363863
0.0010365228
0.0010367384
0.0010369453
0.0010370271
0.001036822
0.0010360923
0.0010344565
0.0010301497
0.0010224376
0.0010146223
0.0010092122
0.001006179
0.001005203
0.0010050535
0.0010059316
0.0010081586
0.0010128616
0.0010143725
2.8079799e-06
2.9606374e-05
4.4988311e-05
3.9160274e-05
4.2885778e-05
4.2298907e-05
5.566567e-05
6.2475174e-05
5.5094394e-05
8.1265455e-05
5.2422303e-05
7.9075636e-05
5.6241366e-05
7.2175788e-05
6.0972304e-05
6.4213643e-05
6.1378788e-05
6.097996e-05
6.0217611e-05
5.978392e-05
5.9534709e-05
5.9482313e-05
5.9611981e-05
5.9916455e-05
6.0389739e-05
6.103201e-05
6.1848947e-05
6.2852654e-05
6.4061991e-05
6.5499042e-05
6.7186012e-05
6.9149073e-05
7.1423719e-05
7.4056412e-05
7.7105212e-05
8.0639942e-05
8.4742808e-05
8.9509829e-05
9.5056792e-05
0.00010152786
0.00010909601
0.00011796153
0.00012836844
0.00014062129
0.00015508858
0.00017220851
0.00019251727
0.00021667714
0.00024550236
0.00027999401
0.00032139185
0.00037124291
0.00043148231
0.0005045399
0.00059348237
0.00070220118
0.0008356821
0.0010003237
0.0010351764
0.0010356313
0.0010355451
0.0010355627
0.0010357208
0.0010359275
0.0010360943
0.0010361067
0.0010358075
0.0010349605
0.0010331732
0.0010286545
0.0010209034
0.0010134644
0.0010085109
0.0010058773
0.0010050258
0.0010050687
0.0010061981
0.0010088362
0.0010129887
0.0010138321
2.9072004e-06
2.702102e-05
4.5257126e-05
3.8370769e-05
4.2281083e-05
4.2278865e-05
5.499276e-05
6.2548242e-05
5.1600155e-05
7.5709157e-05
4.955641e-05
7.5328111e-05
5.391659e-05
6.945103e-05
5.8873711e-05
6.1882216e-05
5.9281612e-05
5.8870798e-05
5.8167049e-05
5.7772173e-05
5.7553057e-05
5.7526033e-05
5.7674705e-05
5.7992072e-05
5.8472862e-05
5.9117649e-05
5.9932299e-05
6.0929096e-05
6.2126886e-05
6.3547423e-05
6.5212531e-05
6.7148255e-05
6.9390027e-05
7.1984016e-05
7.4987784e-05
7.8470501e-05
8.2513506e-05
8.7211855e-05
9.2680476e-05
9.9062558e-05
0.00010652941
0.00011527939
0.000125555
0.00013765897
0.00015195687
0.00016888353
0.00018897191
0.00021288021
0.00024141716
0.0002755768
0.00031658978
0.0003659902
0.0004256932
0.00049809736
0.00058621981
0.00069387294
0.0008259111
0.00098852249
0.0010342051
0.0010347138
0.0010346785
0.0010347358
0.0010349074
0.0010350984
0.0010352214
0.0010351643
0.0010347744
0.0010338152
0.0010318742
0.0010271481
0.0010194261
0.0010123983
0.0010078828
0.0010055885
0.0010048608
0.001005114
0.0010064939
0.0010093982
0.001013032
0.0010131325
1.846398e-06
2.4633154e-05
3.968921e-05
3.7302399e-05
4.1597544e-05
4.2252653e-05
5.4350777e-05
6.2621433e-05
4.8276334e-05
7.0340446e-05
4.679897e-05
7.1325083e-05
5.1627054e-05
6.6438859e-05
5.6702922e-05
5.9400172e-05
5.7065252e-05
5.6650005e-05
5.6006209e-05
5.5651938e-05
5.5463241e-05
5.546027e-05
5.5626428e-05
5.5955124e-05
5.6441961e-05
5.7088123e-05
5.7899746e-05
5.8889376e-05
6.0075874e-05
6.1480682e-05
6.312525e-05
6.5035512e-05
6.724682e-05
6.9805059e-05
7.2767321e-05
7.6202091e-05
8.0189858e-05
8.482478e-05
9.0220999e-05
9.6520788e-05
0.00010389389
0.00011253685
0.0001226909
0.00013465709
0.00014879821
0.00016554591
0.00018543006
0.0002091047
0.00023737273
0.00027122054
0.00031186841
0.00036083533
0.00042001299
0.00049176367
0.000579048
0.00068559005
0.00081610155
0.00097654906
0.0010332685
0.0010338079
0.0010338159
0.0010339049
0.0010340824
0.0010342524
0.001034329
0.0010342036
0.0010337269
0.0010326603
0.0010305702
0.0010256431
0.0010180143
0.0010114212
0.0010073184
0.0010053471
0.0010047883
0.0010052188
0.0010068047
0.0010098494
0.0010130431
0.0010124656
1.773076e-06
2.2841305e-05
3.7630847e-05
3.6517865e-05
4.0841368e-05
4.2218609e-05
5.3095658e-05
6.2677998e-05
4.5465156e-05
6.5445744e-05
4.4432768e-05
6.757215e-05
4.9627663e-05
6.3524143e-05
5.4662195e-05
5.6969972e-05
5.4861255e-05
5.4418891e-05
5.3808637e-05
5.3476189e-05
5.3304146e-05
5.3314375e-05
5.3490282e-05
5.3825077e-05
5.4314618e-05
5.4960331e-05
5.5768321e-05
5.6751168e-05
5.7927536e-05
5.9318383e-05
6.0944685e-05
6.283222e-05
6.501623e-05
6.7542291e-05
7.046701e-05
7.385818e-05
7.7795475e-05
8.2372226e-05
8.7701885e-05
9.3925877e-05
0.00010121247
0.00010975664
0.00011979854
0.00013163771
0.00014563435
0.00016221717
0.0001819131
0.00020537193
0.00023339055
0.00026694716
0.0003072507
0.00035580321
0.00041447009
0.00048557329
0.00057201148
0.00067741372
0.000806342
0.00096453632
0.0010323452
0.0010329109
0.0010329566
0.0010330695
0.0010332464
0.0010333909
0.0010334198
0.001033228
0.001032669
0.0010314995
0.0010292615
0.0010241512
0.0010166746
0.0010105293
0.0010068088
0.0010051663
0.0010047684
0.0010053848
0.00100712
0.0010102025
0.0010130388
0.0010118365
1.3726106e-06
2.0905012e-05
3.9182931e-05
3.5848582e-05
4.0061066e-05
4.2207446e-05
4.9504251e-05
6.2732067e-05
4.2502054e-05
6.0734286e-05
4.1967753e-05
6.3798182e-05
4.7515583e-05
6.0386561e-05
5.2435515e-05
5.4340551e-05
5.2458741e-05
5.2008251e-05
5.1440961e-05
5.1141197e-05
5.0997417e-05
5.1031199e-05
5.1226387e-05
5.1575923e-05
5.2075874e-05
5.2727988e-05
5.3538518e-05
5.4520178e-05
5.5691507e-05
5.7073042e-05
5.8685418e-05
6.0554392e-05
6.2715196e-05
6.5213163e-05
6.8104453e-05
7.1456228e-05
7.534744e-05
7.9870717e-05
8.5138931e-05
9.1292745e-05
9.8499086e-05
0.00010695158
0.00011688956
0.00012861119
0.00014247432
0.00015890491
0.00017842706
0.00020168632
0.00022947346
0.00026275819
0.00030273732
0.00035089461
0.00040906709
0.0004795335
0.00056512703
0.00066937779
0.00079669539
0.00095259516
0.0010314362
0.0010320234
0.0010321004
0.00103223
0.0010324004
0.0010325159
0.0010324968
0.0010322412
0.0010316047
0.0010303367
0.0010279532
0.0010226828
0.0010154118
0.0010097179
0.0010063517
0.00100503
0.0010047593
0.0010055743
0.0010074325
0.0010104696
0.0010130076
0.0010111794
1.1939617e-06
1.9253183e-05
3.752112e-05
3.4948761e-05
3.9238952e-05
4.2211504e-05
4.5457338e-05
6.0258388e-05
3.9241975e-05
5.5972309e-05
3.9264313e-05
5.9639078e-05
4.5142876e-05
5.6767988e-05
4.9871807e-05
5.1396489e-05
4.9780586e-05
4.93692e-05
4.8876307e-05
4.8634916e-05
4.8541035e-05
4.8615111e-05
4.8842573e-05
4.9216988e-05
4.9735289e-05
5.0400119e-05
5.1218313e-05
5.2202982e-05
5.337269e-05
5.4747709e-05
5.6348512e-05
5.820099e-05
6.0340432e-05
6.2811944e-05
6.5671264e-05
6.8984968e-05
7.2831358e-05
7.7302429e-05
8.2510522e-05
8.8595563e-05
9.5723212e-05
0.00010408591
0.00011392231
0.0001255292
0.00013926208
0.00015554424
0.0001748969
0.0001979612
0.00022552152
0.00025853866
0.00029819658
0.00034595947
0.00040363433
0.00047345473
0.00055818634
0.00066125909
0.00078693173
0.0009405031
0.0010305376
0.0010311456
0.0010312473
0.0010313869
0.0010315457
0.0010316297
0.0010315631
0.0010312471
0.0010305379
0.0010291758
0.0010266496
0.0010212476
0.0010142291
0.0010089825
0.0010059558
0.0010049238
0.0010047606
0.0010057775
0.0010077363
0.0010106581
0.0010129086
0.0010104702
1.0358543e-06
1.7917573e-05
3.1575069e-05
3.3898006e-05
3.8302804e-05
4.2189091e-05
4.1976525e-05
5.5266954e-05
3.6412553e-05
5.1493902e-05
3.690366e-05
5.552536e-05
4.2985182e-05
5.3126563e-05
4.7312747e-05
4.8454005e-05
4.7073817e-05
4.6701746e-05
4.6275027e-05
4.6083539e-05
4.6032517e-05
4.614012e-05
4.6393643e-05
4.678764e-05
4.73199e-05
4.7993855e-05
4.8816702e-05
4.9801715e-05
5.0967267e-05
5.2333267e-05
5.3919996e-05
5.5753416e-05
5.7868757e-05
6.0310794e-05
6.3134774e-05
6.6406647e-05
7.0204023e-05
7.4618205e-05
7.9760927e-05
8.5771284e-05
9.2813609e-05
0.00010107913
0.00011080564
0.00012228832
0.00013588004
0.00015200111
0.00017116946
0.00019402125
0.00022133384
0.00025405829
0.00029336456
0.00034069584
0.00039782744
0.00046694639
0.00055075014
0.00065256962
0.00077651834
0.00092769301
0.0010296526
0.0010302779
0.0010303976
0.001030541
0.001030684
0.0010307347
0.0010306219
0.0010302493
0.0010294729
0.0010280207
0.0010253555
0.0010198542
0.0010131283
0.0010083187
0.0010056465
0.0010048174
0.0010047696
0.0010059906
0.0010080248
0.0010107707
0.0010124526
0.0010097387
9.7940096e-07
1.6752785e-05
3.1108544e-05
3.2949995e-05
3.7269642e-05
4.2151204e-05
3.9067308e-05
5.077737e-05
3.398414e-05
4.7531753e-05
3.489463e-05
5.1854086e-05
4.1090393e-05
4.9736922e-05
4.4845567e-05
4.5627515e-05
4.4416227e-05
4.4062722e-05
4.3679612e-05
4.3518452e-05
4.3495014e-05
4.3623911e-05
4.3893764e-05
4.4299695e-05
4.4839793e-05
4.5517682e-05
4.6340471e-05
4.7321277e-05
4.8478102e-05
4.983041e-05
5.1398237e-05
5.320752e-05
5.529331e-05
5.7699959e-05
6.0482151e-05
6.3705122e-05
6.7445666e-05
7.1794272e-05
7.6861928e-05
8.2786724e-05
8.9731474e-05
9.7885971e-05
0.00010748682
0.0001188271
0.00013225657
0.00014819205
0.00016714748
0.00018975328
0.00021677889
0.00024916461
0.00028806508
0.00033490114
0.00039141529
0.00045974758
0.00054252838
0.0006429935
0.00076512109
0.00091382563
0.0010287836
0.0010294202
0.0010295513
0.001029693
0.0010298167
0.0010298332
0.001029676
0.0010292512
0.0010284131
0.0010268749
0.0010240755
0.0010185104
0.00101211
0.001007723
0.0010053854
0.0010046792
0.0010047904
0.0010062103
0.0010082899
0.0010108098
0.0010118883
0.0010090142
8.4562176e-07
1.5518574e-05
3.2088198e-05
3.2113678e-05
3.6219435e-05
4.2096617e-05
3.5879648e-05
4.6317701e-05
3.1354726e-05
4.3750702e-05
3.2773825e-05
4.8308144e-05
3.9063112e-05
4.6309834e-05
4.2219808e-05
4.2730268e-05
4.1674734e-05
4.1354089e-05
4.1024281e-05
4.0900461e-05
4.0910575e-05
4.106575e-05
4.1355822e-05
4.1776428e-05
4.2325956e-05
4.3008219e-05
4.3830399e-05
4.4805653e-05
4.595181e-05
4.7288037e-05
4.8834223e-05
5.0616319e-05
5.2669204e-05
5.5036816e-05
5.7773257e-05
6.0942977e-05
6.4621888e-05
6.8899604e-05
7.3886309e-05
7.9718985e-05
8.6558787e-05
9.4593901e-05
0.00010405947
0.00011524617
0.00012850034
0.00014423498
0.00016295971
0.0001852987
0.00021201307
0.00024403172
0.00028249348
0.00032879637
0.00038465039
0.00045214997
0.00053386169
0.00063293283
0.00075321895
0.00089947473
0.0010279276
0.0010285716
0.001028708
0.0010288434
0.0010289451
0.0010289273
0.0010287281
0.001028256
0.0010273617
0.0010257413
0.0010228139
0.0010172228
0.0010111738
0.0010071915
0.0010051488
0.0010045543
0.0010048518
0.0010064316
0.0010085243
0.001010786
0.0010113338
0.0010082914
7.4676185e-07
1.4452556e-05
2.9032537e-05
3.1274068e-05
3.5244378e-05
4.1993513e-05
3.2551837e-05
4.1873613e-05
2.8689128e-05
4.0041283e-05
3.0679461e-05
4.4682479e-05
3.6939135e-05
4.2797545e-05
3.9463997e-05
3.9789563e-05
3.8898466e-05
3.8630681e-05
3.8369495e-05
3.8294645e-05
3.8347081e-05
3.8535296e-05
3.8850548e-05
3.9289324e-05
3.9850706e-05
4.0539091e-05
4.136208e-05
4.2333142e-05
4.3470077e-05
4.4791846e-05
4.6318263e-05
4.8075345e-05
5.0097837e-05
5.2429285e-05
5.5123209e-05
5.8243296e-05
6.1864635e-05
6.6076079e-05
7.0987122e-05
7.6733728e-05
8.3475491e-05
9.1399074e-05
0.00010073825
0.00011178145
0.00012487176
0.00014041867
0.00015892768
0.00018101706
0.0002074399
0.00023911417
0.00027716331
0.00032296352
0.0003781939
0.0004449061
0.00052560738
0.00062336377
0.00074192068
0.00088589308
0.0010270845
0.0010277326
0.0010278688
0.0010279938
0.0010280715
0.0010280198
0.0010277816
0.0010272672
0.0010263221
0.001024623
0.0010215752
0.0010159974
0.0010103184
0.0010067205
0.0010049479
0.00100449
0.0010049639
0.0010066475
0.0010087263
0.0010107347
0.0010108233
0.0010075441
7.1633715e-07
1.3545673e-05
2.6451009e-05
3.0488022e-05
3.3942235e-05
4.1823036e-05
2.9625221e-05
3.7793664e-05
2.6472304e-05
3.67474e-05
2.902428e-05
4.1289018e-05
3.499603e-05
3.9492495e-05
3.6805104e-05
3.698701e-05
3.6235474e-05
3.6010406e-05
3.5808607e-05
3.5775656e-05
3.586442e-05
3.6081132e-05
3.6418273e-05
3.687316e-05
3.7445589e-05
3.8140517e-05
3.8965866e-05
3.9935267e-05
4.1066326e-05
4.2377708e-05
4.3889122e-05
4.5626628e-05
4.7624805e-05
4.9926788e-05
5.258554e-05
5.5664071e-05
5.9236812e-05
6.3392036e-05
6.8238721e-05
7.3911986e-05
8.0570055e-05
8.8398298e-05
9.762939e-05
0.0001085498
0.00012149975
0.00013688563
0.00015520925
0.00017708336
0.00020325344
0.00023462687
0.00027231227
0.00031766478
0.00037233396
0.00043833068
0.00051810607
0.00061465018
0.00073160781
0.00087346974
0.0010262569
0.0010269066
0.0010270376
0.0010271485
0.0010272005
0.0010271156
0.0010268415
0.0010262896
0.0010252982
0.0010235234
0.0010203648
0.0010148402
0.001009543
0.0010063064
0.0010047911
0.0010044617
0.0010051082
0.0010068459
0.0010088874
0.0010107031
0.0010105177
0.0010067106
6.7825514e-07
1.2702795e-05
2.5492569e-05
2.9558572e-05
3.0757243e-05
4.1591318e-05
2.6985357e-05
3.4166229e-05
2.4602087e-05
3.3986724e-05
2.7706223e-05
3.8207207e-05
3.3083826e-05
3.6376656e-05
3.4189502e-05
3.4255857e-05
3.3616592e-05
3.3420986e-05
3.3266896e-05
3.326763e-05
3.3386249e-05
3.3626774e-05
3.3982616e-05
3.4451654e-05
3.5034182e-05
3.5735433e-05
3.6563377e-05
3.7531573e-05
3.8657287e-05
3.995884e-05
4.1455827e-05
4.3174299e-05
4.5148586e-05
4.7421363e-05
5.0045029e-05
5.3081963e-05
5.6605979e-05
6.070477e-05
6.5486737e-05
7.1086044e-05
7.7659468e-05
8.539102e-05
9.4512127e-05
0.00010530708
0.00011811308
0.00013333311
0.00015146486
0.00017311495
0.00019902051
0.00023007749
0.00026737883
0.00031225803
0.0003663349
0.00043158004
0.00051039046
0.00060568499
0.0007210181
0.00086077431
0.0010254514
0.0010261002
0.0010262208
0.0010263142
0.0010263392
0.001026222
0.0010259148
0.0010253293
0.0010242949
0.0010224471
0.0010191888
0.0010137578
0.0010088467
0.0010059448
0.0010046726
0.001004444
0.001005248
0.0010070204
0.0010089956
0.0010106876
0.0010102428
0.001005806
6.0389502e-07
1.1910555e-05
2.3201013e-05
2.8530717e-05
2.760848e-05
3.8455063e-05
2.4417749e-05
3.082987e-05
2.2835955e-05
3.1568848e-05
2.6411483e-05
3.5113999e-05
3.0871355e-05
3.3186606e-05
3.1422149e-05
3.1410597e-05
3.0884477e-05
3.072424e-05
3.0620631e-05
3.0657408e-05
3.0806769e-05
3.1070946e-05
3.1444358e-05
3.1925451e-05
3.2515026e-05
3.3218554e-05
3.404407e-05
3.5005085e-05
3.6118588e-05
3.7402643e-05
3.8876779e-05
4.0567003e-05
4.2507334e-05
4.4739945e-05
4.7316643e-05
5.0299123e-05
5.3760488e-05
5.7787694e-05
6.2488324e-05
6.7995333e-05
7.4463892e-05
8.2076551e-05
9.1063247e-05
0.00010170585
0.00011433847
0.00012936072
0.00014726612
0.00016865538
0.00019425784
0.00022495924
0.00026183905
0.0003062127
0.00035967596
0.00042416795
0.00050204489
0.00059617453
0.0007100516
0.00084799708
0.0010154357
0.0010253168
0.0010254229
0.0010254959
0.001025493
0.0010253444
0.0010250069
0.0010243912
0.0010233161
0.0010213981
0.0010180535
0.0010127567
0.0010082275
0.0010056287
0.0010045881
0.0010044374
0.001005383
0.0010071662
0.0010090448
0.0010106484
0.0010098695
0.0010050808
5.5007851e-07
1.1206623e-05
2.2618274e-05
2.7687222e-05
2.4656865e-05
3.4211385e-05
2.1976933e-05
2.7919876e-05
2.1312248e-05
2.9504699e-05
2.5093612e-05
3.1885133e-05
2.8400831e-05
2.9962282e-05
2.858182e-05
2.8520941e-05
2.8109069e-05
2.7989031e-05
2.7935618e-05
2.8007017e-05
2.8183725e-05
2.8466796e-05
2.885183e-05
2.9337983e-05
2.9926691e-05
3.0623794e-05
3.1437531e-05
3.2381478e-05
3.3472438e-05
3.4728317e-05
3.6168641e-05
3.7819382e-05
3.9714275e-05
4.1895045e-05
4.4412954e-05
4.7329064e-05
5.0715826e-05
5.4659553e-05
5.9267121e-05
6.467053e-05
7.1023917e-05
7.8509126e-05
8.7355433e-05
9.7843546e-05
0.00011030642
0.00012514279
0.00014284537
0.00016401356
0.00018937538
0.00021981519
0.00025641098
0.00030047641
0.00035360513
0.00041773414
0.00049521822
0.00058892629
0.00070236207
0.00083986885
0.0010069282
0.0010245489
0.0010246383
0.0010246893
0.001024659
0.0010244814
0.0010241168
0.0010234745
0.0010223617
0.0010203792
0.0010169657
0.0010118427
0.0010076812
0.0010053551
0.0010045333
0.0010044427
0.0010055095
0.0010072791
0.0010090441
0.0010105315
0.0010093961
0.0010045579
5.2509372e-07
1.0588832e-05
2.1145078e-05
2.6841795e-05
2.1547699e-05
2.9983212e-05
1.9955025e-05
2.5838361e-05
2.0322394e-05
2.7901637e-05
2.3827184e-05
2.8836802e-05
2.6036933e-05
2.703993e-05
2.5975331e-05
2.5870374e-05
2.5551156e-05
2.5460647e-05
2.5444452e-05
2.5539478e-05
2.5733096e-05
2.6025436e-05
2.6413142e-05
2.6896004e-05
2.7476028e-05
2.8159395e-05
2.8954497e-05
2.9874903e-05
3.0937194e-05
3.2159121e-05
3.356016e-05
3.5166172e-05
3.7010554e-05
3.9134538e-05
4.1588796e-05
4.4433727e-05
4.7741144e-05
5.1596725e-05
5.6106618e-05
6.1402013e-05
6.7636439e-05
7.4991358e-05
8.369566e-05
9.4029569e-05
0.00010632604
0.00012098423
0.0001384978
0.00015946761
0.00018462423
0.00021485612
0.00025124741
0.00029512061
0.00034808186
0.00041208604
0.00048951364
0.00058327103
0.00069691746
0.00083487302
0.0010027352
0.0010237774
0.0010238518
0.0010238817
0.0010238272
0.0010236254
0.0010232394
0.0010225763
0.0010214332
0.0010194004
0.0010159464
0.0010110299
0.001007208
0.0010051413
0.0010044938
0.0010044552
0.0010056156
0.0010073533
0.0010090008
0.0010101413
0.001008926
0.001004155
0.0090281879
0.0079900336
0.0033648861
0.0013195936
0.00025774115
4.0454788e-05
5.1121205e-05
6.1329573e-05
7.1872344e-05
7.2702925e-05
6.4385772e-05
5.8547451e-05
5.5365288e-05
5.4092085e-05
5.4117734e-05
5.4689111e-05
5.5484946e-05
5.6516335e-05
5.7820348e-05
5.9367201e-05
6.1119479e-05
6.3063572e-05
6.5204256e-05
6.7551662e-05
7.0129509e-05
7.2928699e-05
7.5970261e-05
7.9269484e-05
8.2849917e-05
8.6748568e-05
9.1009396e-05
9.5679425e-05
0.00010081094
0.00010646256
0.0001127138
0.00011966493
0.00012743456
0.00013616506
0.00014602516
0.00015721506
0.00016997844
0.00018460011
0.00020142193
0.00022085617
0.00024338908
0.00026960189
0.00030019744
0.00033599536
0.00037797693
0.00042732646
0.00048545917
0.00055407098
0.0006352007
0.00073136231
0.00084564307
0.00098195551
0.0010452673
0.0010495678
0.0010518553
0.001051938
0.0010507365
0.001049342
0.0010481904
0.0010473629
0.0010469349
0.0010469434
0.0010467177
0.0010462072
0.0010457074
0.0010450886
0.0010432601
0.0010383914
0.0010298322
0.0010204287
0.0010133335
0.001008584
0.0010057971
0.0010042807
0.0010061176
0.001019208
0.011006656
0.010147819
0.0039536963
0.0015689817
0.0003056981
4.5608673e-05
5.4773036e-05
6.4992639e-05
7.5459534e-05
8.6026245e-05
9.6469157e-05
0.0001047662
9.1277561e-05
8.3309746e-05
7.8553554e-05
7.5396187e-05
7.3249838e-05
7.2005019e-05
7.1563232e-05
7.1772446e-05
7.2503565e-05
7.367938e-05
7.5253356e-05
7.7196789e-05
7.9498018e-05
8.2121229e-05
8.5068788e-05
8.834156e-05
9.1953756e-05
9.593647e-05
0.00010032965
0.0001051779
0.00011053233
0.00011645257
0.00012302105
0.00013034222
0.00013854002
0.00014776338
0.00015818876
0.00017002582
0.0001835291
0.00019899573
0.00021678193
0.00023731611
0.00026110233
0.00028874171
0.00032095836
0.00035859371
0.00040265162
0.00045433879
0.00051509041
0.00058661727
0.00067096489
0.00077064086
0.00088870545
0.001029024
0.0010461554
0.0010504515
0.0010527206
0.0010527737
0.0010515339
0.0010500857
0.0010488603
0.0010479426
0.0010474198
0.0010473257
0.001046978
0.0010463431
0.0010458063
0.0010453117
0.0010438432
0.0010394901
0.0010312504
0.0010216997
0.0010141712
0.0010091228
0.0010060535
0.0010043037
0.0010058689
0.0010186664
0.012187559
0.011765776
0.0048008953
0.0019391169
0.00042544866
4.9981699e-05
5.7337308e-05
6.7880024e-05
7.833832e-05
8.8730654e-05
9.9130652e-05
0.00011000877
0.00012146958
0.00013363641
0.00014605741
0.000134605
0.00012325766
0.00011486108
0.00010880789
0.00010455095
0.00010169799
9.9980406e-05
9.9211448e-05
9.9253838e-05
0.00010000818
0.00010136871
0.00010328787
0.0001057255
0.00010866563
0.00011211667
0.00011610055
0.00012064763
0.00012579823
0.00013160525
0.00013814837
0.00014553162
0.00015388049
0.00016334725
0.0001741134
0.00018639582
0.00020045792
0.00021660733
0.00023521311
0.00025671855
0.0002816443
0.00031061058
0.00034436216
0.00038376184
0.0004298364
0.0004838157
0.00054715627
0.00062158588
0.00070915985
0.00081238395
0.00093429722
0.0010411777
0.0010470749
0.0010513645
0.0010536135
0.0010536374
0.0010523631
0.0010508653
0.0010495674
0.0010485569
0.0010479325
0.0010477225
0.0010472455
0.0010464658
0.0010458591
0.0010454565
0.0010443605
0.0010405647
0.0010327337
0.0010230868
0.0010150913
0.0010097104
0.0010063585
0.0010043788
0.0010056395
0.0010179736
0.012868909
0.012578389
0.0059942192
0.0023256994
0.00063528425
5.6629833e-05
5.9106976e-05
6.9951284e-05
8.0613249e-05
9.1135169e-05
0.00010141546
0.00011223688
0.00012373702
0.00013591268
0.00014829593
0.00016075503
0.00017375631
0.00018761131
0.00019286191
0.0001773159
0.00016529218
0.0001560816
0.0001491439
0.00014409488
0.00014062613
0.00013846345
0.00013743375
0.00013739505
0.00013825431
0.00013996063
0.00014248737
0.00014582506
0.00014998175
0.0001549862
0.00016090156
0.00016782018
0.0001758596
0.00018516762
0.00019592423
0.00020834808
0.00022270712
0.00023931574
0.00025855303
0.000280875
0.0003068174
0.00033701883
0.0003722447
0.00041337985
0.0004614757
0.0005177881
0.00058379863
0.00066125668
0.00075223309
0.00085923701
0.00098529865
0.0010421141
0.0010480116
0.0010522971
0.0010545296
0.0010545298
0.0010532265
0.0010516833
0.0010503142
0.0010492084
0.0010484752
0.0010481333
0.0010475197
0.0010465768
0.0010458621
0.0010455353
0.0010447682
0.0010416424
0.0010342774
0.001024602
0.0010161122
0.0010103447
0.0010067205
0.0010045537
0.0010054401
0.0010171271
0.013218259
0.012943702
0.0073079424
0.0027897454
0.00096928966
7.2305583e-05
6.0307546e-05
7.1486955e-05
8.2325523e-05
9.297622e-05
0.0001033702
0.00011435526
0.00012583838
0.0001379855
0.00015034324
0.00016280313
0.00017584154
0.00018974986
0.00020456865
0.00022025514
0.00023686678
0.00025439938
0.00024201623
0.00022632998
0.00021394982
0.00020427483
0.00019690562
0.00019150868
0.00018783863
0.00018571837
0.00018501738
0.00018563893
0.00018751987
0.00019063216
0.00019499621
0.00020067084
0.0002077474
0.00021635413
0.00022665715
0.000238867
0.00025324838
0.00027011632
0.00028985558
0.00031293202
0.00033989475
0.00037140026
0.00040823525
0.00045130788
0.00050169646
0.00056068584
0.00062978583
0.00071077044
0.00080572622
0.00091717169
0.0010355058
0.0010430565
0.0010489567
0.0010532418
0.0010554634
0.0010554473
0.0010541221
0.0010525388
0.0010511014
0.0010498989
0.0010490504
0.00104856
0.0010478008
0.0010466801
0.0010458137
0.001045548
0.0010450639
0.0010427743
0.0010358631
0.001026247
0.0010172441
0.0010110314
0.0010071408
0.0010047293
0.0010052822
0.0010161353
0.01334901
0.013034492
0.0084047706
0.0032979938
0.0013935836
0.00011362288
6.1193735e-05
7.2523286e-05
8.3540381e-05
9.4303767e-05
0.00010485262
0.00011604174
0.0001276992
0.00013997127
0.00015227709
0.00016472093
0.00017780862
0.00019177359
0.00020663558
0.00022236515
0.00023902155
0.00025659317
0.00027501781
0.00029435279
0.00031462171
0.00030720243
0.00028958465
0.00027539527
0.00026417472
0.00025559221
0.00024937626
0.00024530803
0.00024321449
0.00024297962
0.00024455363
0.00024793848
0.00025317839
0.00026036407
0.00026963249
0.00028117345
0.00029523834
0.00031213481
0.00033224751
0.00035604838
0.00038409761
0.00041706884
0.00045577074
0.00050113598
0.00055427196
0.00061649506
0.00068934521
0.00077462055
0.00087442792
0.0009912752
0.0010364469
0.0010439956
0.0010499014
0.0010541901
0.0010564075
0.0010563838
0.0010550455
0.0010534292
0.0010519279
0.0010506295
0.0010496609
0.0010490062
0.0010480947
0.0010467828
0.0010457085
0.0010455124
0.001045247
0.0010437565
0.0010374727
0.001028021
0.0010184937
0.0010117927
0.001007626
0.0010049023
0.0010051694
0.0010150163
0.013339751
0.012989685
0.0093174834
0.0038099994
0.0018049153
0.00020830301
6.2203066e-05
7.3247204e-05
8.4378745e-05
9.5219234e-05
0.00010589723
0.00011726119
0.00012910513
0.00014154378
0.00015397836
0.00016655887
0.00017965868
0.00019364533
0.00020855845
0.00022434341
0.0002410512
0.00025866431
0.00027712579
0.00029649942
0.00031680432
0.00033803205
0.00036022064
0.00038340858
0.00037142169
0.00035409155
0.00034027017
0.00032959017
0.00032178258
0.00031664005
0.0003140423
0.00031392663
0.00031628317
0.00032115731
0.00032864868
0.00033891923
0.00035220035
0.00036878635
0.00038905731
0.00041348822
0.0004426484
0.00047722826
0.00051805917
0.00056609936
0.00062248711
0.00068857289
0.00076592848
0.0008563811
0.00096203596
0.0010281636
0.0010373766
0.0010449226
0.0010508363
0.0010551325
0.001057353
0.001057332
0.0010559906
0.0010543501
0.0010527918
0.0010514007
0.0010503094
0.0010494753
0.0010484078
0.0010468944
0.0010456011
0.0010454171
0.0010453158
0.0010444368
0.0010390761
0.0010299264
0.0010198768
0.0010126697
0.0010081854
0.0010050869
0.0010051042
0.0010138176
0.013250976
0.012902082
0.010045903
0.0044734564
0.002148357
0.00038908388
6.4374158e-05
7.3764264e-05
8.4989732e-05
9.5875672e-05
0.00010664628
0.00011813806
0.00013012871
0.00014270617
0.00015527836
0.00016801557
0.00018127604
0.00019543381
0.00021037441
0.0002261808
0.00024292762
0.00026059067
0.00027910091
0.00029851938
0.00031886578
0.00034013029
0.00036235692
0.00038557699
0.00040973075
0.0004348424
0.00046089067
0.00044498768
0.00042942695
0.0004175795
0.00040920072
0.0004041548
0.00040236737
0.00040383111
0.00040860418
0.00041681399
0.00042866896
0.00044444684
0.00046452116
0.0004893689
0.0005195681
0.00055582666
0.0005990005
0.00065007549
0.00071022448
0.00078083613
0.00086351387
0.00096009501
0.0010182093
0.0010290918
0.0010382863
0.0010458289
0.0010517518
0.0010560592
0.0010582905
0.0010582833
0.00105695
0.0010552958
0.0010536896
0.0010522117
0.0010509983
0.0010499694
0.0010487398
0.0010470266
0.0010456445
0.0010452415
0.0010453346
0.0010448961
0.001040627
0.0010319759
0.0010214245
0.0010137084
0.0010088277
0.0010052876
0.0010050882
0.0010126573
0.01312257
0.012795246
0.010536679
0.0052762262
0.002394109
0.00066027063
7.056844e-05
7.4159989e-05
8.5462307e-05
9.6373814e-05
0.00010721166
0.00011879672
0.00013089862
0.00014358262
0.00015626619
0.0001691322
0.00018254947
0.00019687057
0.00021194834
0.00022790688
0.00024474428
0.00026242221
0.00028094993
0.00030041366
0.00032080743
0.00034211684
0.00036438571
0.00038764295
0.00041182757
0.00043696852
0.00046303822
0.00048994539
0.00051770772
0.00054626253
0.00053977599
0.00052741894
0.00051949353
0.00051587033
0.0005165085
0.00052148155
0.00053095245
0.00054516738
0.00056448324
0.00058937308
0.00062042048
0.00065835047
0.00070404505
0.0007585195
0.00082298019
0.00089885255
0.00098778403
0.0010065732
0.0010191521
0.0010299987
0.0010391696
0.0010467063
0.0010526384
0.0010569596
0.0010592096
0.0010592277
0.0010579146
0.0010562587
0.0010546163
0.0010530613
0.0010517271
0.0010504883
0.0010490872
0.0010471908
0.0010456092
0.0010449995
0.0010453149
0.001045201
0.0010420818
0.0010341705
0.0010231677
0.0010149432
0.0010095538
0.0010055083
0.0010051184
0.0010116255
0.01297719
0.012680014
0.010858465
0.0062096098
0.0026497015
0.00099938005
8.7458036e-05
7.432009e-05
8.5837027e-05
9.6760216e-05
0.00010764775
0.0001193029
0.00013149256
0.00014426189
0.00015703552
0.00017000548
0.00018355409
0.00019800782
0.00021321765
0.00022932369
0.00024629626
0.00026410449
0.00028276971
0.00030227219
0.00032268154
0.0003440101
0.00036632443
0.00038962312
0.00041384413
0.00043901746
0.00046511248
0.0004920385
0.00051981716
0.00054837914
0.00057758085
0.00060733317
0.00063749758
0.00066790268
0.00066286231
0.00066258308
0.00066806311
0.00067946066
0.0006970792
0.00072136203
0.00075288071
0.00079236709
0.00084072513
0.00089900048
0.00095922485
0.00097715356
0.00099326828
0.0010075518
0.0010200749
0.0010308791
0.001040021
0.0010475469
0.0010534863
0.0010578233
0.0010601
0.0010601556
0.0010588756
0.0010572315
0.0010555664
0.0010539434
0.0010524745
0.0010510287
0.0010494494
0.0010473944
0.001045472
0.001044716
0.0010451985
0.0010453914
0.0010433625
0.0010366121
0.0010251191
0.001016393
0.0010103618
0.001005757
0.0010051864
0.0010107472
0.01283401
0.01258582
0.011154876
0.0071385825
0.002976332
0.0013531717
0.000128199
7.4604377e-05
8.6136667e-05
9.7062284e-05
0.00010798541
0.00011969306
0.00013195379
0.00014479417
0.00015764337
0.0001707003
0.00018435883
0.00019892008
0.00021424348
0.00023047461
0.00024756962
0.00026551024
0.00028431264
0.00030393193
0.00032446576
0.00034591747
0.0003682484
0.0003915603
0.00041579945
0.00044100836
0.00046713228
0.0004940828
0.00052188034
0.00055045277
0.00057965401
0.00060939972
0.00063954788
0.00066992415
0.00070030746
0.00073053131
0.00076037331
0.0007896138
0.00081802674
0.00084539106
0.00087150929
0.00089620199
0.00091931565
0.00094074991
0.00096042175
0.0009782662
0.00099430014
0.0010085133
0.0010209739
0.0010317298
0.0010408377
0.001048347
0.0010542902
0.0010586427
0.0010609522
0.0010610552
0.0010598185
0.0010581978
0.0010565244
0.0010548633
0.0010532284
0.0010515832
0.0010498275
0.0010476383
0.001045334
0.0010443628
0.0010448464
0.0010454649
0.0010442441
0.001039459
0.0010272688
0.0010180757
0.0010112626
0.0010060858
0.0010052979
0.0010099874
0.012707626
0.012515694
0.011380486
0.0078760294
0.0033606196
0.0016609004
0.00021281155
7.5282688e-05
8.6381347e-05
9.7302576e-05
0.00010825021
0.00011999691
0.00013231638
0.00014521742
0.00015813164
0.00017126294
0.00018501438
0.00019966359
0.00021508429
0.00023142065
0.0002486201
0.00026667757
0.00028559906
0.00030533529
0.00032599867
0.00034757407
0.00037001945
0.00039344775
0.00041778299
0.00044300219
0.00046913013
0.00049609148
0.00052391166
0.00055249874
0.00058170484
0.0006114465
0.00064158113
0.00067193127
0.00070227896
0.00073245737
0.00076224384
0.00079141926
0.00081975839
0.0008470416
0.00087307289
0.00089767464
0.00092069602
0.00094203804
0.00096161581
0.0009793721
0.00099531957
0.0010094593
0.001021852
0.0010325512
0.0010416162
0.0010490976
0.0010550347
0.0010593984
0.0010617469
0.0010619122
0.0010607384
0.0010591639
0.0010575098
0.0010557621
0.0010539654
0.0010521394
0.0010502185
0.0010479172
0.0010452687
0.0010439172
0.0010442921
0.0010454803
0.0010448273
0.0010422103
0.0010296093
0.0010200258
0.0010122871
0.0010065305
0.0010054495
0.0010092958
0.012597283
0.012439312
0.011458845
0.0084403556
0.0038893604
0.0018964235
0.00036143198
7.7203684e-05
8.6577594e-05
9.7498356e-05
0.00010846235
0.00012023867
0.00013260858
0.00014556348
0.00015853578
0.00017173271
0.00018556422
0.00020028666
0.00021579117
0.00023221649
0.00024950419
0.00026766183
0.00028668318
0.00030652483
0.00032730401
0.00034898782
0.00037155521
0.00039510686
0.00041955218
0.00044487444
0.00047110232
0.00049814625
0.00052596788
0.0005545488
0.0005837422
0.00061348242
0.00064360711
0.00067393489
0.00070425203
0.00073438753
0.00076412014
0.00079323187
0.00082149822
0.0008487008
0.00087464504
0.00089915509
0.00092208284
0.00094333033
0.00096280976
0.00098047263
0.00099632597
0.0010103836
0.0010226987
0.0010333321
0.001042354
0.0010498122
0.0010557475
0.0010601298
0.0010625297
0.0010627651
0.0010616374
0.0010600755
0.0010584033
0.0010565783
0.001054656
0.0010526798
0.0010506114
0.0010482201
0.0010452995
0.0010436549
0.0010436324
0.0010453992
0.0010451739
0.0010438152
0.0010320937
0.0010222427
0.0010134433
0.0010071171
0.0010056408
0.0010086826
0.012496211
0.012351935
0.011487516
0.0089257056
0.0045224075
0.0020794623
0.00058008033
8.2760403e-05
8.67544e-05
9.766007e-05
0.00010863522
0.00012043522
0.00013285077
0.0001458561
0.000158883
0.0001721408
0.00018604405
0.00020083004
0.00021640844
0.00023291083
0.00025027404
0.0002685177
0.000287622
0.00030755816
0.00032843756
0.00035021372
0.00037289231
0.00039655489
0.00042109969
0.00044653332
0.00047286919
0.00050000697
0.00052791378
0.00055657321
0.00058583855
0.00061557472
0.00064567351
0.0006759639
0.00070623752
0.00073632624
0.00076600649
0.00079505541
0.00082324914
0.00085037046
0.00087622615
0.00090064216
0.00092347308
0.00094462153
0.00096399693
0.00098156995
0.00099733636
0.0010113182
0.0010235654
0.001034142
0.0010431088
0.0010504916
0.0010563671
0.0010607146
0.0010631224
0.0010633916
0.0010622999
0.0010607737
0.0010591097
0.0010572625
0.001055268
0.0010531829
0.0010509903
0.0010485338
0.0010454332
0.0010436482
0.0010430017
0.00104521
0.0010452961
0.0010447556
0.0010346305
0.001024708
0.0010147075
0.0010079231
0.0010060159
0.001008202
0.012399577
0.012260475
0.011499752
0.0093209191
0.0052690685
0.0022851156
0.00085378152
9.7590341e-05
8.6801351e-05
9.7797273e-05
0.00010878059
0.00012060076
0.00013305944
0.00014611397
0.00015919453
0.00017251172
0.00018648211
0.00020132607
0.00021697222
0.00023354429
0.00025097414
0.0002692939
0.00028846935
0.000308492
0.00032945914
0.00035131432
0.00037409201
0.00039785147
0.00042248151
0.0004480174
0.00047445137
0.00050167128
0.00052967108
0.00055841627
0.00058775557
0.00061753779
0.00064767715
0.00067799311
0.00070828224
0.00073835492
0.00076797322
0.00079695143
0.00082506644
0.00085210231
0.00087786724
0.00090218904
0.00092492477
0.00094597707
0.00096525515
0.00098272552
0.0009983479
0.0010121936
0.0010243128
0.0010347606
0.001043591
0.0010508656
0.001056658
0.0010609484
0.0010633576
0.001063674
0.0010626457
0.0010611833
0.0010595701
0.0010577665
0.0010557645
0.0010536246
0.0010513399
0.0010488436
0.0010456527
0.0010435201
0.0010424459
0.0010448957
0.0010453627
0.0010455056
0.0010370604
0.0010277025
0.0010160452
0.0010089623
0.0010069379
0.0010077749
0.012306311
0.012172113
0.011506069
0.0096426015
0.0060531046
0.002550075
0.0011396631
0.00013206671
8.690666e-05
9.792097e-05
0.00010891263
0.00012075166
0.00013325234
0.00014635606
0.00015949129
0.00017286886
0.00018690468
0.00020180386
0.0002175149
0.00023415279
0.00025164402
0.00027003403
0.00028927421
0.00030937843
0.00033042537
0.00035235022
0.00037521839
0.00039906388
0.00042376765
0.00044939565
0.00047591564
0.00050320407
0.00053128914
0.00056011134
0.00058950549
0.00061934099
0.00064952603
0.00067987321
0.00071017991
0.00074023549
0.00076982646
0.00079876034
0.00082681386
0.00085377171
0.00087944323
0.00090365818
0.00092627607
0.00094719967
0.00096633887
0.00098364816
0.00099911092
0.0010128018
0.0010247653
0.0010350484
0.0010437238
0.0010508749
0.001056565
0.0010607836
0.0010632
0.0010635833
0.0010626374
0.001061263
0.0010597458
0.0010580446
0.0010561053
0.00105398
0.001051649
0.0010491404
0.001045933
0.0010434917
0.0010418938
0.001044227
0.0010453271
0.0010462094
0.0010391908
0.0010317605
0.001017422
0.0010101506
0.0010078728
0.0010075569
0.012218082
0.012091526
0.011510438
0.0099070899
0.0067534197
0.002911989
0.0014025144
0.0002032533
8.7497383e-05
9.8044977e-05
0.00010904721
0.00012090638
0.00013344922
0.00014660318
0.00015979621
0.00017323756
0.00018733977
0.00020229405
0.00021806995
0.00023477249
0.00025232413
0.00027078219
0.00029008472
0.00031026867
0.00033139155
0.00035338115
0.00037633509
0.0004002584
0.0004250312
0.0004507443
0.00047733785
0.00050468842
0.00053285094
0.00056173885
0.00059117019
0.0006210554
0.00065127914
0.00068164942
0.00071195611
0.00074198709
0.00077154882
0.00080043438
0.00082842028
0.00085529172
0.00088085923
0.00090495475
0.00092743999
0.00094821594
0.0009671889
0.00098431932
0.00099961384
0.0010131298
0.0010249092
0.0010350083
0.0010435216
0.00105053
0.001056099
0.0010602373
0.0010626636
0.0010631224
0.00106227
0.0010610023
0.0010596152
0.0010580621
0.0010562544
0.001054223
0.0010519089
0.0010494263
0.0010462572
0.0010436287
0.0010414494
0.0010433767
0.0010448969
0.0010470863
0.0010408731
0.0010365014
0.0010188575
0.001011603
0.0010085876
0.0010077211
0.012137678
0.012020473
0.011511071
0.010111514
0.0072778735
0.0033883837
0.0016095355
0.00032829968
8.9417391e-05
9.8172125e-05
0.00010919976
0.00012108367
0.00013367076
0.00014687767
0.00016013409
0.00017364517
0.0001878177
0.00020283006
0.00021867368
0.00023544216
0.0002530591
0.00027158685
0.00029095269
0.00031121779
0.00033241556
0.00035447143
0.00037751006
0.0004015041
0.00042635007
0.00045214511
0.00047879985
0.00050621611
0.0005344516
0.0005633917
0.00059285443
0.00062278453
0.00065303914
0.00068341757
0.00071370401
0.0007437058
0.0007732275
0.00080205263
0.00082995754
0.00085672816
0.00088217637
0.00090613647
0.00092847153
0.00094907649
0.0009678575
0.00098479777
0.00099990588
0.0010132178
0.0010247899
0.0010346945
0.001043027
0.0010498793
0.0010553094
0.0010593642
0.0010617908
0.0010623258
0.0010615737
0.001060421
0.0010591793
0.0010578055
0.0010561868
0.0010543294
0.0010521096
0.0010497136
0.0010466169
0.0010439622
0.0010415293
0.0010427457
0.0010439396
0.0010481126
0.0010420683
0.0010395724
0.0010205113
0.001013549
0.0010091817
0.0010078787
0.012067098
0.011958159
0.01150477
0.010265393
0.0077570893
0.0039655731
0.0017842867
0.00051488913
9.4984615e-05
9.8348217e-05
0.00010938496
0.00012130231
0.00013393899
0.00014720417
0.00016053206
0.00017412139
0.00018837151
0.00020344851
0.00021936607
0.00023620489
0.00025389806
0.00027250139
0.00029193578
0.00031228708
0.0003335607
0.00035569312
0.00037881956
0.0004028803
0.0004278109
0.00045368772
0.00048039683
0.00050788923
0.00053619484
0.00056517466
0.00059467617
0.0006246486
0.00065492467
0.00068529412
0.0007155514
0.00074552021
0.00077498999
0.00080374058
0.0008315482
0.00085819992
0.0008835097
0.00090731421
0.00092947569
0.00094987835
0.00096844592
0.00098517405
0.0010000612
0.0010131387
0.0010244815
0.0010341691
0.0010422896
0.0010489626
0.00105428
0.0010582424
0.0010606542
0.0010612643
0.001060614
0.0010595714
0.0010584719
0.0010572915
0.0010558969
0.001054283
0.0010522381
0.0010500153
0.0010470144
0.0010444918
0.0010416756
0.0010424694
0.0010431087
0.0010484413
0.0010427661
0.0010411724
0.0010224275
0.0010164133
0.0010101228
0.0010085827
0.012007343
0.011905361
0.011499769
0.010410757
0.0081852463
0.0046459504
0.0019943868
0.00075250772
0.00010961341
9.843001e-05
0.0001096233
0.00012158666
0.0001342825
0.00014761412
0.00016102322
0.00017470137
0.00018903951
0.00020419122
0.00022019273
0.00023711039
0.00025489476
0.00027358329
0.0002930981
0.00031354486
0.00033489829
0.00035712573
0.00038034705
0.00040447916
0.00042950953
0.00045546951
0.00048223967
0.00050982035
0.00053819322
0.00056721162
0.00059676606
0.00062677891
0.00065706627
0.00068741814
0.00071764998
0.00074758121
0.00077698852
0.000805651
0.00083334473
0.00085985788
0.00088500699
0.0009086316
0.00093059079
0.00095075679
0.00096908915
0.00098556858
0.0010001937
0.0010130104
0.0010241009
0.0010335553
0.0010414642
0.0010479454
0.0010531278
0.0010569828
0.0010593688
0.0010600489
0.001059494
0.0010585446
0.001057568
0.0010565728
0.0010554085
0.0010540844
0.0010522818
0.0010503317
0.001047459
0.0010451669
0.001042038
0.0010425422
0.001042675
0.0010483447
0.0010429561
0.0010421137
0.0010240746
0.0010199229
0.0010112115
0.0010100444
0.011956843
0.011860637
0.011495136
0.010528926
0.00856129
0.0053580844
0.0022508532
0.0010007687
0.00014263136
9.8722816e-05
0.00010994109
0.00012196702
0.00013473609
0.00014814476
0.00016164595
0.00017542511
0.00018986454
0.00020510426
0.00022120363
0.00023821318
0.00025610542
0.00027489136
0.00029450674
0.00031506245
0.00033650601
0.00035885122
0.0003821772
0.00040639871
0.00043154441
0.00045759251
0.00048444569
0.00051212505
0.00054056692
0.00056963983
0.00059925992
0.000629312
0.00065960802
0.00068994859
0.00072016282
0.00075005209
0.00077938876
0.00080795229
0.00083551862
0.0008618759
0.00088684212
0.00091025979
0.00093198535
0.00095188463
0.00096995221
0.00098613861
0.0010004646
0.0010129892
0.0010237991
0.001032993
0.0010406775
0.0010469589
0.0010519884
0.0010557314
0.0010580814
0.0010588229
0.0010583509
0.0010574706
0.0010565844
0.001055742
0.0010547825
0.0010537588
0.0010522359
0.0010506485
0.0010479572
0.0010459368
0.001042552
0.0010428785
0.0010423425
0.0010475695
0.0010429005
0.0010426129
0.0010251082
0.0010234423
0.0010123939
0.0010120114
0.011910142
0.011818992
0.011487869
0.010628274
0.00888822
0.0060179409
0.0026264403
0.0012343529
0.00020833453
9.9640381e-05
0.00011036836
0.00012247347
0.00013533276
0.00014883
0.00016243454
0.00017632839
0.00019088402
0.00020622811
0.00022244231
0.00023956112
0.00025757847
0.00027647607
0.00029621849
0.00031689927
0.00033845307
0.0003609388
0.00038438249
0.00040872309
0.00043399874
0.00046015008
0.00048711571
0.00051490411
0.00054342976
0.00057258303
0.00060227889
0.00063237614
0.00066269217
0.00069303759
0.00072324083
0.00075308706
0.00078234982
0.00081080914
0.00083824057
0.00086443135
0.00088919813
0.00091238414
0.00093384697
0.00095345736
0.00097122297
0.00098707575
0.0010010689
0.0010132602
0.0010237557
0.0010326557
0.0010400897
0.001046158
0.0010510138
0.0010546402
0.0010569425
0.0010577354
0.0010573326
0.0010564974
0.001055665
0.0010549258
0.0010541153
0.0010533575
0.0010521111
0.0010509672
0.0010485049
0.0010469724
0.0010432128
0.0010435936
0.001041983
0.0010459731
0.0010423565
0.0010427593
0.0010257666
0.0010270358
0.0010136792
0.0010142288
0.011858368
0.011771908
0.01147052
0.010702062
0.0091483013
0.006515038
0.0030728695
0.0014204597
0.00031900657
0.00010192734
0.00011091403
0.00012312368
0.00013608959
0.00014968518
0.0001634026
0.00017742501
0.00019211069
0.00020757754
0.00022392397
0.00024117239
0.00025933175
0.00027835733
0.00029825344
0.00031907529
0.00034076805
0.00036341392
0.00038699469
0.00041148676
0.0004369076
0.00046319029
0.00049029529
0.00051820939
0.00054684686
0.0005761061
0.00060589229
0.00063605273
0.00066641029
0.00069677942
0.00072698016
0.00075678997
0.00078598429
0.00081434246
0.00084163935
0.00086766173
0.00089222357
0.00091516484
0.00093634686
0.0009556557
0.00097308619
0.00098857745
0.0010022035
0.0010140186
0.0010241585
0.0010327249
0.0010398654
0.0010456915
0.0010503423
0.0010538313
0.0010560676
0.0010568956
0.0010565476
0.0010557427
0.0010549374
0.0010542477
0.0010535128
0.001052943
0.001051919
0.0010512349
0.0010490777
0.001048339
0.0010440226
0.0010449065
0.0010416335
0.0010446171
0.0010409787
0.0010425571
0.0010264017
0.00103085
0.001014711
0.001016635
0.011791475
0.01170927
0.011433026
0.010740498
0.0093412263
0.0069426378
0.0035967641
0.0015755185
0.00047376937
0.00010734038
0.00011159166
0.00012390357
0.00013698764
0.00015068625
0.00016452042
0.00017868136
0.00019350579
0.00020911208
0.00022560404
0.00024300162
0.00026131612
0.00028048672
0.00030055564
0.00032153188
0.00034339232
0.00036621226
0.00038995504
0.00041462282
0.00044020684
0.00046665288
0.00049391851
0.0005219835
0.00055076292
0.00058015204
0.0006100516
0.000640301
0.00067072412
0.00070113748
0.00073135133
0.00076114149
0.00079028253
0.0008185519
0.00084572403
0.00087158655
0.00089595215
0.0009186562
0.00093956253
0.00095857336
0.00097565929
0.00099078185
0.0010040153
0.001015424
0.001025164
0.0010333498
0.0010401379
0.0010456687
0.0010500619
0.0010533661
0.0010554955
0.0010563199
0.0010560031
0.0010552235
0.001054437
0.00105376
0.0010530345
0.0010525495
0.0010516421
0.0010512232
0.0010494536
0.0010491409
0.0010450103
0.0010464933
0.0010417291
0.0010445619
0.0010389861
0.001041963
0.0010267677
0.0010340847
0.0010152398
0.0010194184
0.011701134
0.011622635
0.011367412
0.010738581
0.0094728774
0.007299993
0.0041634286
0.0017600034
0.00066033413
0.00011921367
0.00011219328
0.00012474494
0.00013794825
0.00015174512
0.00016568838
0.0001799864
0.00019494773
0.00021070079
0.00022734118
0.00024489836
0.00026337045
0.00028269728
0.00030294315
0.00032408015
0.00034612339
0.00036912128
0.00039304575
0.00041789736
0.00044366084
0.0004702893
0.00049773147
0.00052597043
0.00055491186
0.00058445405
0.00061449022
0.00064485295
0.00067536458
0.00070584527
0.00073609596
0.00076589064
0.00079500112
0.00082320431
0.00085027462
0.00087600122
0.00090019779
0.00092269805
0.00094336692
0.00096211425
0.00097889051
0.0009936748
0.001006529
0.0010175358
0.0010268529
0.0010346167
0.0010409911
0.0010461474
0.0010502014
0.0010532332
0.0010551727
0.0010559093
0.0010555729
0.0010548087
0.0010540432
0.0010533738
0.0010526218
0.0010521296
0.001051229
0.0010511155
0.0010494369
0.0010493383
0.0010457507
0.0010470545
0.0010418352
0.0010452873
0.0010368843
0.0010410061
0.0010268183
0.0010357762
0.0010151214
0.0010217433
0.011583004
0.011507911
0.011271
0.010697776
0.0095516825
0.0075878447
0.0047076343
0.0019702897
0.00085155698
0.00014287603
0.00011280538
0.00012550865
0.00013881547
0.00015268925
0.00016671473
0.00018112661
0.00019620457
0.00021209097
0.00022886353
0.0002465681
0.00026517963
0.0002846539
0.0003050569
0.00032634322
0.00034855602
0.0003717162
0.00039581718
0.00042083726
0.0004467782
0.00047358017
0.00050120004
0.0005296142
0.00055871893
0.00058842593
0.00061860693
0.00064909734
0.00067971573
0.00071028617
0.00074060206
0.0007704297
0.00079954142
0.00082771731
0.00085473129
0.00088037283
0.00090445787
0.00092682349
0.00094733634
0.0009659056
0.00098247048
0.00099701344
0.0010095804
0.0010202621
0.0010292015
0.0010365506
0.0010424834
0.0010471896
0.0010508065
0.0010534413
0.0010550518
0.0010555414
0.0010550675
0.0010542612
0.0010535052
0.0010528379
0.0010520685
0.0010515466
0.0010505811
0.0010506963
0.0010488424
0.0010491653
0.0010456091
0.0010469891
0.0010414015
0.0010453751
0.0010346062
0.0010397978
0.0010263189
0.0010366779
0.0010141862
0.0010225755
0.011437611
0.011366259
0.011146863
0.010624952
0.0095890209
0.0078181877
0.0051968745
0.0022554778
0.0010317054
0.00018715212
0.00011359561
0.00012597759
0.00013935227
0.00015325633
0.00016731066
0.00018178063
0.00019692654
0.00021289955
0.00022975766
0.00024755999
0.00026626081
0.00028583569
0.00030634068
0.00032772978
0.00035005748
0.00037332987
0.00039755758
0.0004226963
0.00044877164
0.00047570008
0.00050346221
0.000532014
0.00056125315
0.00059110478
0.00062141244
0.00065202494
0.00068275622
0.00071343199
0.00074384041
0.00077373491
0.00080289548
0.00083110834
0.00085814599
0.00088379633
0.00090787715
0.00093023341
0.00095073636
0.00096929056
0.00098583005
0.0010003299
0.0010128181
0.0010233736
0.0010321112
0.0010391764
0.0010447474
0.0010490161
0.0010521516
0.0010542744
0.0010553691
0.0010553718
0.0010545379
0.0010535188
0.0010526867
0.0010519802
0.0010512258
0.0010506346
0.0010496282
0.0010496614
0.001047759
0.0010483151
0.0010441223
0.0010460117
0.0010392909
0.001044412
0.0010312119
0.0010371412
0.0010244506
0.0010369165
0.00101288
0.0010229785
0.011270841
0.011204127
0.011002895
0.010530397
0.0095969675
0.007998258
0.0055782977
0.0025915409
0.0011847557
0.00026284363
0.00011500563
0.0001259176
0.00013928189
0.000153141
0.00016714266
0.00018157715
0.00019670664
0.00021267781
0.00022953514
0.00024733948
0.00026603789
0.00028561654
0.00030612252
0.00032751804
0.00034985527
0.00037313998
0.00039738839
0.00042254799
0.00044865665
0.00047561769
0.00050342922
0.00053203228
0.00056133185
0.00059125905
0.00062164245
0.00065234174
0.0006831707
0.00071395376
0.00074447596
0.00077448188
0.00080376321
0.00083211132
0.0008592983
0.00088511174
0.00090936823
0.00093191989
0.0009526449
0.0009714463
0.00098825244
0.0010030313
0.0010157927
0.0010265858
0.0010354851
0.0010426015
0.001048091
0.0010521366
0.0010549289
0.0010565692
0.0010570721
0.001056404
0.0010549687
0.0010534233
0.0010521813
0.0010511865
0.0010502936
0.001049513
0.0010484965
0.0010482279
0.0010463458
0.0010456119
0.0010410478
0.0010415327
0.0010350047
0.0010394925
0.0010263012
0.0010329803
0.0010210754
0.0010362153
0.0010119162
0.0010229917
0.011091746
0.011030951
0.010849423
0.010425683
0.0095883657
0.0081455367
0.0059194147
0.0030148439
0.0013182829
0.00037799413
0.00011835927
0.00012509326
0.00013841085
0.00015213043
0.00016598085
0.00018026041
0.00019525926
0.00021110632
0.00022784165
0.00024551436
0.00026408177
0.00028352646
0.0003038908
0.00032515157
0.00034734845
0.00037049611
0.00039460924
0.0004196424
0.00044562773
0.00047247901
0.0005001896
0.0005287075
0.00055794342
0.00058782757
0.00061819786
0.00064891213
0.00067979355
0.00071066732
0.00074132007
0.00077149862
0.00080100196
0.00082962428
0.0008571387
0.0008833309
0.00090801349
0.00093104086
0.00095229254
0.00097167925
0.00098912827
0.0010045987
0.0010180873
0.0010296152
0.0010392129
0.0010469353
0.0010528782
0.001057189
0.0010600403
0.0010615196
0.0010616248
0.0010603605
0.0010581823
0.0010558138
0.0010537525
0.0010519391
0.0010504041
0.0010490369
0.001047673
0.0010468768
0.0010447923
0.0010419841
0.0010367795
0.0010342967
0.0010295758
0.0010305611
0.0010205084
0.0010274286
0.0010168447
0.0010322392
0.0010114099
0.0010223033
0.010909004
0.010855312
0.010694876
0.010319337
0.0095731459
0.0082774076
0.0062581582
0.003517485
0.0014943696
0.00054086145
0.0001267495
0.00012377771
0.00013672229
0.00015019605
0.00016378604
0.00017778178
0.0001925121
0.00020809213
0.00022455953
0.0002419438
0.00026022766
0.0002793816
0.00029943961
0.00032040209
0.00034229065
0.00036512917
0.00038893349
0.00041367428
0.00043936455
0.00046594846
0.00049339946
0.00052168487
0.00055072504
0.00058044341
0.00061070539
0.00064136749
0.00067226606
0.00070322498
0.00073404198
0.00076447933
0.00079433363
0.00082340176
0.00085146581
0.00087831908
0.00090371634
0.00092750375
0.00094956122
0.0009698035
0.00098827082
0.0010048379
0.0010194982
0.0010322502
0.0010430955
0.0010520284
0.0010590681
0.0010642844
0.0010677832
0.0010697375
0.0010699467
0.0010687458
0.0010660093
0.0010627659
0.001059582
0.0010562724
0.0010533846
0.0010506856
0.0010484044
0.0010465265
0.0010436851
0.0010392623
0.0010327371
0.0010282523
0.0010250494
0.0010224771
0.0010162737
0.0010211818
0.0010136495
0.0010247668
0.0010113742
0.0010206702
0.010734717
0.010688806
0.010550008
0.010221388
0.0095618736
0.0084063726
0.0065920575
0.0040686362
0.0017049838
0.00072837025
0.00014791388
0.00012252508
0.00013446032
0.0001475994
0.00016084334
0.00017445835
0.00018879794
0.00020398984
0.00022006407
0.00023702889
0.00025489748
0.00027363431
0.00029325339
0.00031378116
0.00033522763
0.00035761761
0.00038097197
0.0004052836
0.00043054322
0.0004567264
0.00048379457
0.00051172498
0.00054045682
0.00056991763
0.00060000379
0.00063057883
0.00066148897
0.00069256718
0.00072361954
0.00075441943
0.00078475188
0.00081439879
0.00084313031
0.00087071855
0.00089694652
0.00092161615
0.00094457632
0.00096598496
0.0009857206
0.0010036565
0.0010197702
0.001034049
0.0010465062
0.0010571047
0.0010657852
0.001072514
0.0010773952
0.0010804659
0.0010817342
0.0010811068
0.0010790174
0.0010754661
0.001070973
0.0010660594
0.0010615083
0.0010567537
0.0010529966
0.0010488863
0.0010448048
0.0010388129
0.0010313308
0.0010260477
0.0010230454
0.0010189228
0.0010158423
0.0010162544
0.001013234
0.0010178494
0.0010126963
0.0010187028
0.010580572
0.01054303
0.010426593
0.010144872
0.0095705268
0.0085529527
0.006942704
0.0046673427
0.0020846603
0.00094073901
0.00019991778
0.00012144961
0.00013194512
0.0001446916
0.00015756923
0.00017077626
0.00018467107
0.00019941762
0.00021504662
0.00023154392
0.00024894198
0.00026721873
0.0002863629
0.00030640916
0.00032737535
0.00034928164
0.00037214832
0.00039599299
0.00042079684
0.00044654803
0.00047321508
0.00050077334
0.00052919138
0.00055840288
0.000588297
0.00061874478
0.00064959847
0.0006807037
0.00071187289
0.00074289641
0.00077355363
0.00080362623
0.00083288504
0.0008611068
0.00088814808
0.00091387245
0.00093826451
0.00096108627
0.00098203129
0.0010012505
0.001018695
0.0010343565
0.0010483523
0.0010605804
0.0010709901
0.0010795067
0.0010865688
0.0010911683
0.0010951315
0.0010944496
0.0010953342
0.0010926614
0.0010865448
0.0010805132
0.0010751538
0.0010685731
0.0010636703
0.001056467
0.0010513266
0.0010424349
0.0010351078
0.0010282235
0.0010244709
0.0010206844
0.001017129
0.0010152964
0.0010136517
0.0010146492
0.0010180562
0.0010163394
0.010452534
0.01042351
0.010329337
0.010093442
0.009601416
0.0087159786
0.0072968398
0.0052310982
0.0026241991
0.0011529803
0.00030056731
0.00012134656
0.00012966227
0.00014193866
0.00015450172
0.00016734652
0.00018082875
0.00019515024
0.00021036411
0.00022643944
0.00024340108
0.00026125919
0.00027999045
0.00029960614
0.00032014669
0.00034163703
0.00036408372
0.00038752063
0.00041194338
0.00043733471
0.00046367309
0.00049093159
0.00051906491
0.00054801595
0.00057772135
0.00060806592
0.00063891913
0.00067010623
0.00070145376
0.00073276034
0.00076381209
0.00079439382
0.0008242791
0.00085328206
0.00088121277
0.00090787952
0.00093304136
0.00095656652
0.00097832721
0.00099838041
0.0010166975
0.0010332478
0.0010481853
0.0010614512
0.0010730757
0.0010829516
0.0010912504
0.0010971382
0.0011020183
0.0011038307
0.0011065411
0.0011063988
0.0011023282
0.0010956896
0.0010913273
0.0010841566
0.0010805258
0.0010702424
0.0010662675
0.0010523488
0.0010462731
0.0010342569
0.0010303835
0.0010257449
0.0010213185
0.0010197242
0.0010160726
0.0010151687
0.0010259198
0.0010139929
0.010343055
0.010321422
0.01024664
0.010050823
0.0096309751
0.0088610583
0.0076072622
0.0057394557
0.0032568145
0.001376206
0.00044352032
0.00012466271
0.00012830217
0.00013997359
0.00015232645
0.0001649245
0.00017811131
0.0001921168
0.00020702857
0.00022281095
0.00023945953
0.00025701972
0.00027547581
0.0002947968
0.00031504415
0.00033626214
0.00035843629
0.00038160169
0.00040578383
0.00043095931
0.00045710012
0.00048419856
0.00051223494
0.00054115762
0.00057089626
0.00060134487
0.00063238983
0.0006638272
0.00069553117
0.00072724701
0.00075878984
0.00078990612
0.00082033811
0.00084991666
0.00087829626
0.0009053864
0.00093085718
0.00095467415
0.00097670549
0.00099695378
0.0010153851
0.0010320591
0.0010470237
0.0010604158
0.0010721415
0.0010822331
0.0010903328
0.0010970511
0.0011012071
0.0011050943
0.0011064948
0.0011071803
0.0011075142
0.0011050207
0.0011027042
0.0010974105
0.0010978604
0.0010868397
0.0010879721
0.0010687431
0.0010664183
0.0010449112
0.0010416594
0.0010314889
0.0010275836
0.0010272856
0.0010205711
0.0010181095
0.0010307476
0.0010195006
0.010233552
0.010216735
0.010155445
0.009989101
0.0096243192
0.0089446947
0.007823565
0.0061346395
0.003836402
0.0016194257
0.00060488439
0.00013617937
0.00012753093
0.00013930545
0.00015160995
0.00016412001
0.00017719178
0.00019106869
0.00020586112
0.00022153474
0.00023806096
0.00025550619
0.00027386634
0.00029307954
0.00031321723
0.00033434204
0.0003564242
0.00037949184
0.00040359478
0.00042870901
0.00045478945
0.00048183708
0.00050983182
0.0005387154
0.00056843179
0.00059888075
0.00062994161
0.00066144641
0.00069325289
0.00072513227
0.00075690013
0.00078831665
0.00081915967
0.00084917473
0.00087810426
0.00090573699
0.00093176202
0.00095606387
0.00097840689
0.00099868074
0.0010169436
0.0010333102
0.0010477464
0.0010605356
0.0010715085
0.001080846
0.001088064
0.0010939388
0.0010967324
0.0011001911
0.0011011293
0.0011023374
0.0011039278
0.0011027315
0.0011026158
0.0011003232
0.001100806
0.0010985249
0.0011032245
0.0010871788
0.0010920556
0.0010617009
0.0010584046
0.0010380089
0.0010341367
0.0010336825
0.0010239996
0.0010263517
0.0010296854
0.0010339301
0.010110434
0.01009558
0.010040611
0.0098907495
0.009561357
0.0089451812
0.0079238085
0.006380802
0.0042640979
0.0018797058
0.00076438491
0.00015973514
0.00012792067
0.00014024538
0.00015267373
0.00016528107
0.00017845546
0.00019243847
0.00020733503
0.00022311141
0.00023974359
0.00025729193
0.00027575178
0.00029506467
0.00031530118
0.00033652188
0.00035869537
0.0003818467
0.00040602621
0.00043120971
0.00045734507
0.00048443664
0.00051244029
0.00054128541
0.00057090388
0.00060121057
0.00063207364
0.00066338202
0.00069494543
0.00072657833
0.00075809404
0.00078921496
0.00081983114
0.00084954953
0.00087831124
0.00090579248
0.00093187022
0.00095638162
0.00097921765
0.0010002364
0.001019218
0.0010360849
0.0010508595
0.0010635534
0.0010742639
0.0010829248
0.0010894324
0.0010939718
0.0010961805
0.0010964046
0.0010947263
0.0010929709
0.0010932571
0.0010908823
0.0010916586
0.0010898955
0.0010951564
0.00109754
0.0011032182
0.0011005649
0.0011094232
0.0010841378
0.0010787323
0.0010485949
0.0010402558
0.0010359993
0.0010246593
0.0010338206
0.00102132
0.0010482979
0.0099702445
0.0099556431
0.0099000999
0.0097557896
0.0094452057
0.0088689338
0.0079168236
0.0064792178
0.0044708583
0.0020746408
0.00088095633
0.00019549797
0.00013071896
0.00014302306
0.00015575327
0.00016868416
0.00018221696
0.00019657385
0.000211829
0.00022795677
0.00024495907
0.00026286584
0.00028166847
0.00030133732
0.0003219251
0.00034347229
0.00036596525
0.00038943134
0.00041389692
0.0004393367
0.0004657078
0.00049299893
0.00052117665
0.00055019081
0.00057993112
0.00061031327
0.00064120171
0.00067246946
0.00070389589
0.00073525238
0.00076657724
0.00079718505
0.00082758574
0.00085663631
0.00088507392
0.00091197111
0.00093749707
0.00096147596
0.00098369236
0.0010041564
0.0010227515
0.0010393196
0.0010539009
0.0010667482
0.0010780339
0.0010875042
0.0010947866
0.0010994198
0.0011013086
0.0011002573
0.0010958213
0.001091209
0.0010864061
0.0010812849
0.0010780596
0.0010741012
0.0010780218
0.0010837775
0.0010940143
0.001102947
0.0011098991
0.0011066295
0.0010986764
0.001069632
0.0010483155
0.001038377
0.0010246951
0.0010343472
0.0010161303
0.0010543489
0.0098412496
0.0098226597
0.0097635469
0.0096173605
0.0093135895
0.0087617524
0.0078597013
0.006503142
0.0046004344
0.0022654027
0.00096508321
0.00024693363
0.00013617787
0.00014761171
0.00016084322
0.00017438105
0.0001885716
0.00020360582
0.00021952523
0.00023632979
0.00025403373
0.00027262817
0.00029209492
0.00031245507
0.00033375058
0.00035600391
0.00037922263
0.000403425
0.00042860489
0.00045473333
0.00048177352
0.00050969882
0.00053846859
0.00056800839
0.00059821416
0.00062896343
0.00066009737
0.00069144754
0.00072281427
0.00075395836
0.00078471175
0.00081470635
0.00084395878
0.00087193137
0.00089879454
0.00092408678
0.00094782035
0.0009699505
0.00099034748
0.0010091733
0.0010265877
0.0010425572
0.0010572032
0.0010700377
0.001081209
0.0010903966
0.0010984218
0.0011051734
0.0011098
0.0011105558
0.001105573
0.0011011486
0.0010925766
0.0010856553
0.0010769103
0.0010731021
0.0010706594
0.0010716174
0.0010766573
0.0010928713
0.00110495
0.0011155391
0.0011152703
0.0010987916
0.0010607336
0.0010457897
0.001026114
0.0010342911
0.0010170509
0.0010580804
0.0097186666
0.0096852199
0.0096142392
0.0094661328
0.0091690324
0.0086337001
0.0077624426
0.0064546619
0.0046211997
0.002359225
0.0010076119
0.00030086252
0.00014418262
0.00015364157
0.00016763551
0.00018199556
0.00019705473
0.0002129796
0.00022980189
0.00024755127
0.00026622218
0.00028580594
0.00030632679
0.00032785451
0.00035032687
0.00037373704
0.00039809971
0.00042343581
0.0004497154
0.0004769007
0.00050495778
0.00053384492
0.00056350148
0.00059383056
0.00062470951
0.00065599016
0.00068745994
0.00071887672
0.00075010598
0.00078098684
0.00081117628
0.00084060813
0.00086885926
0.00089596166
0.00092152614
0.00094553973
0.00096780227
0.00098826048
0.0010068193
0.0010233965
0.0010380601
0.0010510685
0.001062575
0.0010729398
0.0010826837
0.0010915889
0.0010991842
0.0011063248
0.0011116369
0.0011157265
0.0011172858
0.0011197598
0.0011127268
0.0011118783
0.0010959407
0.0010893602
0.0010755983
0.0010739378
0.0010712345
0.0010787458
0.0010923876
0.0011126973
0.0011231376
0.0011214226
0.0010757471
0.0010674759
0.0010310003
0.0010409408
0.0010201189
0.001060258
0.0096766161
0.0096492106
0.0095753568
0.0094179079
0.0091210793
0.0086099272
0.0077949726
0.0065828502
0.0048935088
0.0027862757
0.001185105
0.00044422325
0.00016314237
0.00016329501
0.00017845963
0.00019428769
0.00021088345
0.00022842398
0.00024693802
0.00026645317
0.00028694598
0.0003084318
0.00033094995
0.00035445918
0.00037902432
0.0004046768
0.00043139641
0.00045912899
0.00048781173
0.00051739242
0.0005478189
0.00057901215
0.00061084515
0.0006431777
0.00067584162
0.00070861523
0.00074111461
0.00077287469
0.00080389289
0.00083420396
0.00086327324
0.00089120363
0.00091744543
0.00094223792
0.00096498917
0.00098594505
0.0010048573
0.0010216859
0.0010365318
0.001049328
0.0010601259
0.0010691987
0.0010771382
0.0010841256
0.0010902428
0.0010957571
0.0011003441
0.0011040048
0.0011075669
0.0011111678
0.0011159857
0.0011189711
0.0011217841
0.0011247344
0.0011221452
0.0011214061
0.0011066213
0.0011031997
0.0010860528
0.0010892216
0.0010863923
0.0011020087
0.0011206403
0.0011229433
0.0010935067
0.0010893743
0.001043203
0.0010557203
0.0010263286
0.001056252
)
;

boundaryField
{
    aerofoil
    {
        type            nutkWallFunction;
        Cmu             0.09;
        kappa           0.41;
        E               9.8;
        value           nonuniform List<scalar> 
120
(
0
0
0
0
0
0
0
0
0
0
0
0
0
0
0
0
0
0
0
0
0
0
0
0
0
0
0
0
0
0
0.00023899465
0.00016189104
0.00022362298
0.00027457852
0.00030464971
0.00032335238
0.00033808334
0.00034884902
0.00035572993
0.00035783671
0.00034672332
0.00029260251
0.0001997409
1.9183596e-05
2.5219278e-05
1.3695733e-05
1.3756672e-05
8.3592646e-06
7.6704207e-06
5.0424809e-06
3.6309389e-06
2.2915306e-06
1.6555291e-06
4.0865405e-07
0
0
0
0
0
0
0
0
0
0
0
0
0
0
0
0
0
0
0
0
0
0
0
0
0
0
0
0
0
0
0
0
0
0
0
0
0.00023899452
0.00016189109
0.00022362306
0.00027457856
0.00030464973
0.00032335239
0.00033808335
0.00034884902
0.00035572993
0.00035783672
0.00034672332
0.00029260251
0.0001997409
1.9183604e-05
2.5219285e-05
1.3695729e-05
1.3756673e-05
8.3592709e-06
7.6704272e-06
5.042476e-06
3.6309359e-06
2.2915362e-06
1.6555326e-06
4.0864997e-07
0
0
0
0
0
0
)
;
    }
    inlet
    {
        type            calculated;
        value           nonuniform List<scalar> 
200
(
0.001
0.001
0.001
0.001
0.001
0.001
0.001
0.001
0.001
0.001
0.001
0.001
0.001
0.001
0.001
0.001
0.001
0.001
0.001
0.001
0.001
0.001
0.001
0.001
0.001
0.001
0.001
0.001
0.001
0.001
0.0010196278
0.001019997
0.0010202222
0.0010202966
0.001020235
0.0010200392
0.0010197238
0.0010192879
0.0010187472
0.0010181245
0.0010174437
0.0010167217
0.0010159566
0.0010151397
0.0010143725
0.001
0.001
0.001
0.001
0.001
0.001
0.001
0.001
0.001
0.001
0.001
0.001
0.001
0.001
0.001
0.001019208
0.0010186664
0.0010179736
0.0010171271
0.0010161353
0.0010150163
0.0010138176
0.0010126573
0.0010116255
0.0010107472
0.0010099874
0.0010092958
0.0010086826
0.001008202
0.0010077748
0.0010075569
0.0010077211
0.0010078787
0.0010085827
0.0010100444
0.0010120114
0.0010142288
0.001016635
0.0010194184
0.0010217434
0.0010225755
0.0010229785
0.001
0.001
0.001
0.001
0.001
0.001
0.001
0.001
0.001
0.001
0.001
0.001
0.001
0.001
0.001
0.001
0.001
0.001
0.001
0.001
0.001
0.001
0.001
0.001
0.001
0.001
0.001
0.001
0.001
0.001
0.001
0.001
0.001
0.001
0.001
0.001
0.001
0.001
0.001
0.001
0.001
0.001
0.001
0.0010196278
0.001019997
0.0010202222
0.0010202966
0.001020235
0.0010200392
0.0010197238
0.0010192879
0.0010187473
0.0010181245
0.0010174438
0.0010167217
0.0010159567
0.0010151397
0.0010143725
0.001
0.001
0.001
0.001
0.001
0.001
0.001
0.001
0.001
0.001
0.001
0.001
0.001
0.001
0.001
0.001019208
0.0010186664
0.0010179736
0.0010171271
0.0010161353
0.0010150163
0.0010138176
0.0010126573
0.0010116255
0.0010107472
0.0010099874
0.0010092958
0.0010086826
0.001008202
0.0010077749
0.0010075569
0.0010077211
0.0010078787
0.0010085827
0.0010100444
0.0010120114
0.0010142288
0.001016635
0.0010194184
0.0010217433
0.0010225755
0.0010229785
0.001
0.001
0.001
0.001
0.001
0.001
0.001
0.001
0.001
0.001
0.001
0.001
0.001
)
;
    }
    outlet
    {
        type            calculated;
        value           nonuniform List<scalar> 
160
(
0.0096766248
0.0096492913
0.0095754477
0.0094180055
0.0091211812
0.0086100325
0.0077950818
0.0065829645
0.0048936288
0.0027863915
0.0011851542
0.00044425391
0.00016314461
0.00016329491
0.00017845952
0.00019428758
0.00021088335
0.00022842387
0.00024693791
0.00026645306
0.00028694587
0.0003084317
0.00033094984
0.00035445908
0.00037902421
0.00040467671
0.00043139632
0.00045912889
0.00048781164
0.00051739234
0.00054781882
0.00057901207
0.00061084508
0.00064317763
0.00067584156
0.00070861517
0.00074111455
0.00077287464
0.00080389285
0.00083420392
0.0008632732
0.00089120359
0.00091744541
0.0009422379
0.00096498915
0.00098594504
0.0010048572
0.0010216859
0.0010365318
0.001049328
0.0010601259
0.0010691987
0.0010771382
0.0010841256
0.0010902428
0.001095757
0.0011003441
0.0011040047
0.0011075669
0.0011111678
0.0011159857
0.0011189711
0.0011217841
0.0011247344
0.0011221452
0.0011214061
0.0011066213
0.0011031997
0.0010860528
0.0010892216
0.0010863924
0.0011020088
0.0011206403
0.0011229433
0.0010935067
0.0010893743
0.001043203
0.0010557204
0.0010263286
0.001056252
0.0096766161
0.0096492106
0.0095753568
0.0094179079
0.0091210793
0.0086099272
0.0077949726
0.0065828502
0.0048935088
0.0027862757
0.001185105
0.00044422325
0.00016314237
0.00016329501
0.00017845963
0.00019428769
0.00021088345
0.00022842398
0.00024693802
0.00026645317
0.00028694598
0.0003084318
0.00033094995
0.00035445918
0.00037902432
0.0004046768
0.00043139641
0.00045912899
0.00048781173
0.00051739242
0.0005478189
0.00057901215
0.00061084515
0.0006431777
0.00067584162
0.00070861523
0.00074111461
0.00077287469
0.00080389289
0.00083420396
0.00086327324
0.00089120363
0.00091744543
0.00094223792
0.00096498917
0.00098594505
0.0010048573
0.0010216859
0.0010365318
0.001049328
0.0010601259
0.0010691987
0.0010771382
0.0010841256
0.0010902428
0.0010957571
0.0011003441
0.0011040048
0.0011075669
0.0011111678
0.0011159857
0.0011189711
0.0011217841
0.0011247344
0.0011221452
0.0011214061
0.0011066213
0.0011031997
0.0010860528
0.0010892216
0.0010863923
0.0011020087
0.0011206403
0.0011229433
0.0010935067
0.0010893743
0.001043203
0.0010557203
0.0010263286
0.001056252
)
;
    }
    back
    {
        type            empty;
    }
    front
    {
        type            empty;
    }
}


// ************************************************************************* //
