/*--------------------------------*- C++ -*----------------------------------*\
  =========                 |
  \\      /  F ield         | OpenFOAM: The Open Source CFD Toolbox
   \\    /   O peration     | Website:  https://openfoam.org
    \\  /    A nd           | Version:  14
     \\/     M anipulation  |
\*---------------------------------------------------------------------------*/
FoamFile
{
    format      ascii;
    class       labelList;
    note        "nPoints:33058  nCells:30819  nFaces:94113  nInternalFaces:88217";
    location    "5.2/polyMesh";
    object      neighbour;
}
// * * * * * * * * * * * * * * * * * * * * * * * * * * * * * * * * * * * * * //


88217
(
1
3
11
114
793
2020
5
6
12
115
794
3
139
951
2020
2021
26791
6
134
952
26793
113
587
1017
1047
2280
7
8
13
116
1032
7
135
953
26794
61
137
954
26795
61
63
239
1031
4513
10
16
53
320
2078
2141
14
34
318
2023
2140
12
54
2068
4336
4530
13
44
2161
4531
56
2042
2162
4513
28
319
2043
2138
4511
16
43
323
463
2125
2171
59
321
2123
2142
32
36
86
2231
2247
4171
24
44
398
8052
8078
11129
49
55
76
4172
8684
8715
27
51
160
8167
8672
10976
33
58
158
8050
8166
10822
55
111
8123
8675
8715
11064
26
29
228
2067
8049
8673
54
236
8077
8678
11195
52
163
492
8051
8063
10561
54
229
2068
8048
8678
38
271
4204
8669
8822
34
336
8038
8674
9025
40
232
2039
8278
8819
40
41
230
2028
8276
8820
34
35
426
8072
8674
11194
42
47
87
2237
4175
37
50
268
2024
8656
53
330
8036
53
60
421
8067
11202
42
102
8134
9026
9028
48
245
2025
8050
8654
50
51
270
2044
8682
52
57
165
7079
8065
10563
231
2029
7080
8277
57
233
2027
7079
7309
103
471
8135
11063
46
59
333
491
8074
54
56
115
8043
52
57
224
492
2077
7307
60
423
498
8069
11200
88
471
488
2238
4196
242
492
2076
7313
8051
91
489
490
4535
8685
58
272
2052
8670
58
156
8164
10939
164
8064
10562
59
331
8037
114
8042
108
490
8124
11117
116
8044
8052
8818
225
2026
7308
157
8165
10924
60
332
8073
422
8068
11201
62
136
946
25731
63
65
138
352
945
64
240
1033
2153
65
68
241
581
2154
66
131
353
944
68
130
306
354
957
68
306
319
335
578
4511
337
580
4512
70
92
181
347
487
11065
71
255
350
468
1655
79
92
251
469
1656
75
77
93
293
464
1835
74
76
111
300
1856
8715
90
112
250
1855
2257
79
94
299
465
1837
91
108
294
1857
91
109
290
489
1838
88
105
253
488
1848
95
297
466
1836
81
83
96
257
1839
2209
89
97
258
1840
2212
83
85
98
259
1841
2210
99
260
1842
2208
85
86
100
261
1843
2231
101
262
1844
2230
87
102
263
1845
88
103
264
1846
104
252
1847
90
106
265
1849
2213
107
256
1850
2253
110
291
1858
95
175
486
11069
94
109
171
476
11074
95
170
477
11096
173
484
11097
97
99
190
8119
11085
106
189
8120
11091
99
101
191
8118
11086
192
8117
11087
101
102
193
9026
11088
194
8676
11089
103
195
11090
104
196
11092
105
198
471
11093
197
478
11094
107
199
8121
11095
112
188
7306
11098
110
111
203
11076
110
206
470
11075
207
490
11077
112
202
11078
201
8675
11099
133
247
397
7305
115
134
229
236
116
135
398
137
239
399
118
123
146
232
786
25720
139
147
228
2021
25723
120
151
224
227
1043
25738
121
152
225
1044
25739
122
153
233
1045
25740
123
154
230
1046
25742
155
231
1049
25716
125
132
307
336
369
401
126
308
330
358
402
127
309
331
359
403
128
310
332
360
404
129
311
333
361
413
187
312
334
362
414
131
132
337
371
405
138
241
372
406
306
335
370
400
243
408
1047
25719
135
139
409
25721
137
410
25727
137
138
239
407
25732
411
25728
240
412
25733
148
229
25722
141
159
243
408
11297
26031
142
160
246
11238
26033
143
156
269
11241
26032
144
157
267
11240
26034
145
158
248
11236
26057
149
161
244
11300
26055
147
155
238
10792
25718
148
234
10794
25724
235
409
10801
25725
150
162
226
11307
26063
151
163
227
11285
26064
152
164
11284
25713
153
165
11286
25714
154
166
11287
25715
155
167
10796
25741
237
10795
25717
157
160
270
10728
158
272
10751
161
268
10752
160
247
397
8672
10812
271
10787
162
245
8050
10729
163
242
8051
10782
164
223
10783
165
224
10777
166
225
10790
167
233
7079
10813
230
237
8820
10809
169
170
172
298
4544
25801
171
204
292
4546
25802
171
173
299
11101
206
293
11079
173
174
296
4545
25781
175
297
11102
175
180
249
4553
25780
181
251
11100
179
182
301
343
355
432
178
181
209
304
347
11066
179
305
346
357
436
302
345
356
437
181
209
254
4542
25779
255
11067
183
303
344
363
433
185
313
342
364
434
185
186
315
338
365
415
316
339
366
435
187
317
340
367
416
314
341
368
417
199
201
210
256
11103
190
199
212
258
11105
192
211
257
11104
192
194
213
259
11106
214
260
11107
194
195
215
261
11108
216
262
11109
196
217
263
11113
198
218
264
11110
198
220
253
11112
219
252
11111
221
265
11114
203
205
208
287
11071
26049
202
222
250
11081
203
208
300
11082
207
294
11083
205
206
288
11070
26051
207
289
11072
26050
207
290
11080
291
11084
222
286
4547
26048
266
357
4541
25778
221
222
273
4549
26035
212
214
274
4554
26037
221
275
4555
26036
214
216
276
4556
26038
277
4557
26039
216
217
278
4558
26040
279
4559
26041
218
280
4560
26042
219
281
4561
26043
220
282
4563
26044
283
4550
26045
284
4562
26046
285
4548
26047
224
227
242
492
1036
225
1037
233
1038
227
242
244
1041
25712
1042
25737
229
232
234
2019
235
2020
231
233
1040
232
237
1048
238
785
1039
235
238
8673
10816
236
8678
10805
398
409
10817
238
7080
10803
8819
10886
240
396
8818
241
419
8677
337
418
8671
245
842
246
247
1018
26061
245
248
1023
26062
268
841
269
271
1022
26053
271
1017
8822
267
268
1021
26054
251
254
296
983
25805
256
285
300
1002
255
297
985
253
264
282
999
283
1000
255
266
982
25804
304
984
265
273
990
258
260
274
992
265
275
991
260
262
276
993
277
994
262
263
278
995
279
996
264
280
997
281
998
284
1001
304
378
937
25803
269
272
1020
26056
272
840
270
1019
26030
271
272
965
964
966
284
285
275
277
284
277
279
279
280
281
282
283
286
287
300
289
294
289
290
292
1005
26059
291
1006
26060
291
293
1007
294
1008
293
298
980
25832
299
981
300
1004
1047
25719
26792
297
298
986
25809
299
987
299
988
25831
989
1003
302
303
348
373
970
305
349
377
974
313
328
374
971
305
350
972
351
378
973
307
380
955
308
319
379
956
309
318
381
959
310
320
383
960
311
321
384
958
312
323
385
961
314
324
382
962
316
329
375
979
317
325
387
975
316
317
326
386
976
327
376
977
322
388
978
319
320
330
582
336
579
321
331
583
323
332
584
325
326
340
454
632
324
333
585
325
334
463
586
341
462
588
327
338
455
628
329
339
456
629
329
344
348
457
631
342
458
630
331
336
426
332
421
333
422
334
423
341
424
491
336
337
425
9025
427
420
8821
339
340
428
479
342
429
480
341
430
473
431
472
344
438
475
344
345
348
439
481
440
474
346
349
441
483
347
351
442
482
350
485
11068
349
459
633
351
460
634
351
467
695
461
699
353
1985
25731
25733
26016
354
372
1984
26013
371
380
1983
26004
356
363
373
443
25765
357
377
444
25775
378
445
25776
359
369
381
389
25763
360
383
390
25768
361
384
391
25769
362
385
446
25770
368
382
447
25767
364
374
448
25766
366
375
449
25764
366
367
386
450
25772
376
451
25771
368
388
452
25773
387
453
25774
370
379
392
25761
371
380
393
25762
372
394
25760
395
25733
25759
374
377
1896
25830
375
1898
25826
376
1897
25827
386
1895
25828
378
1899
25819
1900
25818
380
381
1980
26001
1981
26005
383
1988
26003
385
387
1990
25821
384
1987
26002
385
1986
25829
1989
25822
388
1992
25824
388
1991
25823
1993
25825
390
392
402
4580
26101
391
403
4579
25676
404
446
4573
25675
393
401
7072
26100
394
400
6565
26102
395
405
7012
26099
406
7009
25736
26098
399
407
419
8057
10814
408
8169
10887
399
410
10888
411
8052
10818
401
405
425
10804
402
427
10885
403
426
11160
404
421
11158
413
422
11167
406
420
10806
412
418
10800
411
412
10797
25734
11062
25735
410
10808
25726
411
10802
25729
10811
25730
419
10798
25736
414
423
446
11168
417
424
447
11166
416
428
435
450
11170
417
430
452
11169
431
453
11172
419
420
8055
10807
8054
10810
425
8053
10819
422
426
11159
423
11179
424
11177
431
498
11178
427
8056
11061
427
11161
8674
11059
429
430
495
11181
435
438
497
11176
431
493
11180
494
11182
433
437
439
443
11162
434
440
448
11163
435
438
449
11164
451
11171
437
442
445
11066
11142
441
444
11148
440
496
11175
440
441
499
11152
501
11183
442
500
11149
503
11068
11150
444
448
4569
25674
445
4567
25679
4541
4566
25678
447
4574
25671
453
4572
25667
449
4570
25673
451
4571
25677
451
452
4575
25668
4576
25672
453
4577
25669
4578
25670
455
462
473
516
2144
456
479
517
2176
458
480
518
2174
458
459
474
529
2170
475
528
2173
460
481
530
2194
461
483
533
2195
467
482
532
2196
463
472
556
2175
491
2101
2172
465
476
489
557
8707
466
477
519
9018
469
484
535
2252
468
485
531
2234
469
487
534
2207
486
536
2211
476
489
490
8125
11119
478
8136
11124
473
491
494
8110
479
493
8112
475
481
501
8092
480
496
8108
477
8095
11118
484
8096
11122
488
8131
11121
480
495
8111
497
8109
483
499
8090
483
485
503
8099
500
8091
486
8097
11123
487
502
8098
487
8100
11116
8101
11115
4534
9024
2120
8686
8126
11120
498
8075
2075
7310
494
495
8107
11205
498
8105
11206
497
8106
11204
497
501
8103
11208
8104
11203
8070
11210
500
501
8087
11193
503
8088
11188
8089
11207
503
8094
11068
11115
11186
8102
11187
505
546
547
549
736
3446
506
509
525
701
3718
507
526
549
696
3719
508
538
548
1651
3723
537
550
551
1652
3724
511
527
547
700
4090
512
515
541
554
613
4106
512
524
542
609
4100
523
543
610
4101
514
517
553
555
620
3782
515
518
554
621
3780
523
528
623
3784
517
555
556
632
3882
518
628
3881
528
629
3880
535
557
558
1837
3893
535
537
551
558
1851
3948
522
1860
2334
3634
1869
2118
2333
3643
524
529
627
3779
527
530
626
3778
526
527
532
697
3800
531
538
694
3953
533
698
3801
529
630
3883
530
631
3885
533
633
3886
532
534
695
3887
533
699
3888
634
3889
536
538
1655
3892
536
1836
3890
537
1656
3891
538
1658
3951
1657
3952
542
545
739
2093
2112
2979
541
554
683
2097
2129
3422
543
684
2094
3423
543
547
744
3466
686
2093
3463
546
549
719
2096
2126
3066
546
547
735
2127
3071
718
2128
3074
737
3447
549
550
783
2096
3456
782
3445
1757
2095
2098
3461
1653
2098
2099
3722
553
555
607
2130
2131
4105
554
611
2097
4104
612
4103
622
2100
3783
588
2100
2101
3884
1835
2102
2120
3896
1853
2099
2102
3947
560
600
812
1024
1027
4177
561
601
813
1028
4178
563
602
814
1026
4184
563
564
570
597
815
4185
598
816
1025
4186
566
571
603
804
4189
566
568
572
605
806
4197
577
596
807
4205
568
573
614
690
820
4540
574
604
821
4510
618
890
1030
1035
1654
2040
571
900
1025
1033
4188
577
581
919
4198
574
577
578
913
4508
574
575
582
915
2053
579
914
4524
576
583
614
917
2022
584
615
625
845
2088
580
920
4194
579
580
955
4533
582
956
2043
581
957
4509
944
1033
4195
583
959
2023
584
960
2078
585
958
2123
586
625
961
2125
588
624
962
2101
967
1034
3850
619
632
975
636
707
1229
2668
591
596
640
672
1572
3597
592
603
641
1581
3573
593
597
639
1582
3409
594
598
642
1583
2967
602
651
676
1584
2966
599
677
787
1086
1615
3544
603
605
1610
3613
598
603
1611
3599
602
1612
3545
600
679
1024
1618
3543
601
675
1617
3373
602
676
1613
3372
1614
3546
1616
3600
605
674
690
1631
2305
672
1636
3612
607
608
619
685
799
2131
611
622
688
802
616
624
692
825
2121
610
626
700
744
819
613
627
686
798
612
620
687
800
613
621
683
801
623
684
803
615
689
823
2055
616
691
824
2037
625
693
822
2087
618
826
894
1009
4169
796
889
1833
4523
622
624
908
2100
621
622
628
909
623
629
910
632
911
627
630
912
625
916
2124
918
2122
627
633
698
847
631
907
629
632
976
630
977
631
979
633
971
978
634
970
698
699
974
784
1067
1641
1872
2344
720
752
1232
2666
638
640
660
672
1345
3558
647
664
674
1346
3581
641
642
667
1354
2454
641
644
1352
3550
666
1353
3383
651
668
1355
2435
1403
1411
1680
1827
2457
659
660
666
1391
2444
646
647
656
671
1348
3607
649
657
670
1349
2301
661
673
1347
3580
649
680
722
733
1351
2064
678
727
1359
4516
651
676
721
1350
1681
2434
1356
1661
2432
653
655
728
1084
1382
2440
654
656
658
1386
3382
655
657
726
1387
3556
725
1383
1411
3381
657
661
1377
3602
727
1378
3578
661
663
728
1385
2437
665
1392
1659
1760
2451
664
665
1369
2441
664
1376
3557
1388
1410
1759
1828
2419
664
665
1384
1410
2443
1375
3549
1085
1370
2446
667
1393
1659
2438
668
1394
1660
2428
1398
1661
1761
2430
738
1564
1597
1829
3077
671
678
691
1571
4519
673
689
1570
2297
674
1567
3596
674
690
1569
3617
1568
3611
676
679
721
1575
2964
1576
2963
679
1573
1585
1679
3406
680
693
1578
2059
1574
1678
2965
681
692
1566
2085
682
685
733
1590
2110
688
731
741
1592
2105
684
687
742
1606
686
743
1607
688
692
1637
2106
740
744
1604
688
741
1605
2097
1609
2130
690
691
1633
4520
1632
4506
693
1634
2056
693
1638
2073
1635
2030
695
696
697
925
1657
699
972
1655
701
782
882
1651
698
699
701
843
700
846
973
701
737
818
736
817
703
808
1755
1870
2355
797
1754
1834
1871
3668
705
718
748
759
1092
2128
717
735
746
1095
2127
720
768
1233
1714
2694
752
1231
1740
2672
709
710
724
770
1361
3551
723
725
769
1363
3579
711
1362
1680
2455
770
772
1421
2436
723
734
769
774
1422
4521
714
715
730
771
1427
2038
731
734
774
1428
2031
732
773
1440
1667
2079
717
729
740
778
1452
2113
739
780
1460
2112
719
735
736
1504
759
781
782
1545
1230
1715
2680
1357
1678
1762
2433
723
727
734
1365
4515
726
1364
2293
725
1404
1411
1680
3377
726
1405
3555
727
1406
3606
1407
2300
1381
1410
1759
2425
732
743
773
1418
2103
731
732
741
1415
2107
733
1416
2091
742
1417
2108
734
1414
2081
1423
2062
737
739
1506
737
782
1624
744
1623
1088
1577
1586
2968
740
744
1588
743
1589
2093
742
1591
2115
743
1593
2129
1594
2094
1608
747
754
1090
1747
3405
748
780
1098
1746
2072
779
1099
1677
3404
1110
1698
1702
2069
759
781
1136
1683
1688
2114
753
762
1246
1706
2687
753
766
1193
1711
2690
1234
1715
1741
2671
1242
1709
2698
758
1106
1700
3393
757
760
1129
1686
3389
757
758
1119
1689
3390
1125
1695
3391
1140
1696
3392
1112
1698
2126
767
1156
1704
3403
762
764
1244
1705
3388
1256
1707
2686
764
767
1273
1716
3385
1280
1708
3386
766
768
1192
1710
2693
1191
1712
2692
1294
1717
3384
1204
1713
2688
770
1419
1663
3605
1420
1662
3552
774
1434
1665
1667
2050
775
1426
1662
3375
778
1441
1670
2080
1429
1663
4514
777
1438
1666
3376
777
779
1443
1668
3379
1450
1671
3378
780
1454
1673
2090
1459
1674
3380
1461
1676
2070
783
1548
1749
2096
783
1622
1621
1651
1757
788
1080
1598
3468
786
837
1048
2019
2039
949
1049
2021
26830
790
810
1024
1647
3632
832
1053
1641
1648
4168
790
829
837
898
1647
4192
791
906
1029
4201
792
837
950
2019
4528
793
951
1029
2020
4529
794
952
1027
4530
953
1028
1032
4531
833
842
947
1030
1035
4539
840
1009
1013
1035
2051
808
809
869
929
1522
803
819
907
1604
1875
802
825
908
1637
1876
801
802
909
1605
1877
803
910
1606
1878
911
1609
1879
912
1607
1880
807
815
919
1616
1971
885
886
904
1052
1639
807
821
913
1636
1960
920
1610
1972
856
868
1524
854
865
931
1523
1871
811
906
1615
1649
11316
812
905
1024
1618
11317
813
902
1617
11318
814
903
1613
11319
816
899
1614
1973
816
900
1611
1974
901
1612
1975
818
843
882
1624
1892
819
846
1623
1873
847
1608
1874
821
823
915
1632
1962
914
1631
1961
824
825
918
1635
1882
824
917
1633
1963
845
1634
1881
916
1638
1883
844
1011
1859
3737
828
829
839
892
1642
4191
830
838
891
1644
4187
836
893
1643
4190
832
835
897
1648
4181
832
833
895
1030
1641
4174
834
896
4182
834
940
1036
4537
835
948
1037
4538
838
941
1038
4525
837
839
943
1048
2041
949
4527
839
942
1039
4526
963
1040
2049
841
966
1021
2024
842
1023
1035
2025
1036
1041
2076
846
925
973
1893
894
1014
917
918
958
1965
847
974
1891
907
970
1885
849
882
922
1626
1892
11588
850
881
921
1627
11589
851
884
923
1625
11590
853
883
936
1082
11674
853
854
883
934
1628
1832
855
933
1081
11753
855
935
1620
1831
865
930
1083
11752
857
880
1077
1870
858
879
1075
1861
860
870
1068
1867
860
866
872
1069
1863
878
1073
1866
864
867
875
1062
1869
863
866
873
1071
1864
864
876
1072
1865
874
1061
1868
869
928
1079
11350
871
1070
1862
877
1063
1860
869
880
1074
11348
1016
1078
11349
878
879
1056
11337
872
873
1057
11338
878
1058
11339
876
1059
11340
875
876
1054
11341
877
1050
11344
1055
11342
1051
11343
1060
11345
880
1064
11346
1065
11347
882
884
924
1621
1651
925
1622
884
927
1630
1653
926
1629
1652
888
11336
11352
887
888
890
1654
889
1833
1976
890
894
1013
1894
904
939
1976
892
897
942
1645
11325
893
963
1640
11331
898
943
1646
11332
932
1015
896
904
940
1052
11353
897
948
1053
11310
941
1650
11311
906
949
1649
11326
901
903
954
1026
11320
901
919
945
1977
946
1025
11321
903
905
952
1027
11313
953
1028
11322
947
1030
11352
906
951
1029
11309
950
11312
912
971
1884
911
916
975
1886
910
911
976
1888
912
977
1887
978
1889
979
1890
914
920
955
1969
915
956
1970
917
959
1968
918
962
1967
960
1964
961
1966
920
944
1979
957
1978
922
923
924
982
11754
925
937
1893
11387
926
936
983
11755
925
926
984
1657
972
927
985
1658
934
936
987
1851
930
931
1005
1016
26812
931
1008
1016
1834
933
935
980
26811
935
1007
1854
1894
26814
934
936
988
26810
935
989
1853
981
1852
986
26809
972
982
1900
26898
967
968
1012
1018
1034
947
1013
1023
1035
1982
947
948
1042
26818
942
948
1044
26827
963
1045
26828
949
963
1049
26826
945
957
1984
946
1033
1985
954
1031
26836
1041
26832
1043
26817
950
26819
951
2021
26815
952
26833
953
26834
954
26835
1032
26837
956
957
1981
959
1980
1983
960
961
1986
960
1988
1987
962
1989
975
1990
1046
26829
965
1010
1017
1022
4204
966
1011
1019
2044
1009
1020
2052
1047
969
26792
1012
26816
26853
971
974
1896
979
1898
973
984
974
1900
1899
978
1991
977
978
1992
979
1895
1993
1897
981
988
1005
26903
989
1007
1835
983
984
26900
985
986
26899
985
1655
987
1656
987
988
26901
989
1836
989
26904
1837
1001
1002
1850
992
1001
1840
994
1839
994
996
1841
1842
996
997
1843
1844
998
1845
999
1846
1000
1847
1848
1849
1003
1855
1004
1856
1008
1857
1006
1007
26907
1008
1016
26851
1008
1838
1858
1011
1015
4202
1011
1012
1034
1859
4170
1014
4183
1014
1022
1015
1021
26854
1015
1019
26816
1020
26814
26906
1018
1034
4173
1022
1047
26792
1020
1022
26852
1021
26855
1023
26831
26853
1041
26790
1029
4176
1026
1031
4507
1028
1032
4536
1028
1029
4199
4193
4200
1639
4180
1032
1033
4532
2042
4203
3902
2054
1037
1042
2075
1038
1043
2077
1039
1044
2026
1040
1045
2027
1046
1048
2028
1042
26910
1043
26820
1044
26821
1045
26823
1046
26824
1049
26825
1049
2029
26822
1051
1054
1062
1516
11391
1063
1517
11395
1053
1067
1641
11336
1080
1650
11335
1055
1061
1515
11393
1059
1072
1520
11394
1060
1064
1068
1510
11399
1058
1059
1070
1513
11396
1060
1069
1511
11397
1071
1519
11392
1073
1512
11398
1062
1072
1514
1824
1063
1521
1825
1518
1826
1065
1075
1509
11401
1074
1077
1527
11390
1076
1080
11335
1080
1073
1075
1541
1821
1070
1073
1525
1819
1071
1526
1818
1072
1528
1823
1508
1822
1544
1820
1078
1524
1543
11750
1077
1542
1817
1601
11315
11400
11404
1524
1535
1815
1079
1522
1538
11697
1083
1523
1537
11698
1601
1082
1083
1549
1628
11672
1553
1625
1630
11565
1550
1620
11673
1373
1411
1759
1827
2445
1371
1410
1760
1828
2442
1087
1585
1603
1647
3548
1088
1586
1602
1643
3547
1597
1599
1642
3374
1091
1094
1102
1108
1342
11591
1091
1094
1099
1106
1100
1105
11728
1093
1095
1110
1112
1504
1101
1301
1304
1505
11499
1096
1107
1343
1747
1098
1101
1460
1506
1097
1102
1109
1463
1745
1098
1103
1111
1462
1746
1104
1110
1461
1100
1343
1459
1342
1458
11729
1104
1500
1507
11500
1103
1300
1503
11658
1104
1302
1502
11509
1301
1501
11508
1106
1108
1139
11730
1107
1140
1108
1109
1138
1700
1137
1300
11592
1111
1141
1300
1701
1111
1142
1301
1143
1302
1702
1136
1142
1304
1545
1114
1124
1136
1305
1546
1683
1131
1152
1303
1547
1682
1118
1124
1136
1142
1306
1688
1117
1119
1123
1139
11732
1120
1122
1137
1307
11593
1121
1126
1143
1308
1691
1120
1125
1140
1121
1127
1138
1689
1128
1141
1307
1690
1123
1127
1134
1310
11594
1125
1130
11733
1126
1131
1309
1692
1127
1129
1128
1132
1311
1693
1128
1135
1695
1133
1310
1694
1130
1135
1156
1134
1157
11731
1132
1153
1312
1687
1133
1154
1313
1684
1135
1155
1314
1685
1135
1159
1314
11595
1158
1686
1315
1548
1138
1139
1316
11599
1140
1141
1696
1140
11734
1143
1316
1697
1143
1317
1698
1318
1699
1145
1148
1164
1339
1541
1769
1147
1239
1544
1560
1768
1149
1150
1262
1341
1527
11691
1194
1340
1525
1556
1767
1149
1247
1341
1542
1773
1261
1291
1535
1797
1151
1267
1291
1543
11694
1292
1321
1331
1538
11600
1153
1160
1319
1533
1718
1154
1161
1322
1703
1155
1299
1323
1719
1158
1298
1324
1720
1157
1158
1294
1159
1295
11735
1159
1297
1704
1296
1324
11602
1161
1293
1320
1534
1721
1285
1299
1325
1722
1163
1164
1166
1237
1250
1793
1165
1168
1238
1253
11619
1165
1239
1247
1794
1240
1254
1339
11678
1167
1168
1176
1249
1742
1169
1177
1242
1248
1709
1169
1188
1251
11620
1189
1241
1252
11604
1171
1172
1182
1195
1196
1785
1174
1185
1194
1237
1786
1173
1174
1180
1197
1734
1175
1181
1192
1198
1710
1175
1176
1184
1735
1177
1187
1191
1712
1177
1188
1237
1736
1189
1193
1711
1179
1187
1190
1191
11747
1181
1192
1199
11742
1181
1182
1184
1200
11622
1187
1201
11605
1183
1185
1203
11623
1186
1195
1202
1555
11681
1185
1187
1188
11624
1186
1238
11625
1194
1240
1556
11682
1189
11606
1189
1238
11626
1190
11607
1193
1241
11741
1192
1193
1204
1242
1195
1239
1775
1205
1340
1774
1197
1203
1205
1206
1787
1198
1200
1213
1737
1201
1204
1215
1713
1201
1204
1216
11737
1201
1203
1223
11627
1218
11608
1203
1205
1225
1557
11683
1224
11628
1233
1235
1558
1776
1207
1213
1224
1235
1788
1209
1210
1226
1236
1789
1209
1211
1227
1289
1791
1212
1228
1290
1790
1212
1213
1214
1217
1738
1212
1221
1231
1740
1220
1234
1741
1215
1223
1739
1215
1219
1230
1234
1715
1218
1233
1714
1218
1222
1233
11724
1219
1220
1223
1226
11629
1219
1223
11610
1222
1328
11609
1221
1228
1328
11633
1227
1326
11631
1230
1327
11711
1224
11630
1225
1226
11612
1235
1286
1561
11685
1228
1286
11611
1228
1287
11693
1288
11677
1231
1232
1329
1232
1233
1234
1326
1234
1327
1328
1236
1559
1777
1286
1290
1563
1778
1238
1239
1792
1240
11621
1240
1779
1560
11692
1242
1245
11748
1246
1244
1255
1265
1272
11745
1256
1266
1280
1246
1252
1255
11743
1248
1256
1250
1254
1261
1782
1249
1252
1257
1706
1250
1251
1259
1730
1253
1263
1781
1252
1253
1260
11635
1258
11613
1254
1264
11636
1262
1341
11614
1256
1258
11744
1257
1258
1259
1266
1707
1260
1265
11615
1260
1263
1271
1731
1264
1270
11637
1262
1263
1268
1783
1264
1267
11638
1264
1269
1784
1330
11639
1266
1270
1275
11616
1271
1276
1705
1268
1330
1331
11640
1269
1277
1291
1780
1271
1278
1330
1729
1271
1330
1333
11642
1279
1723
1274
1275
1280
11746
1274
1280
1282
1294
1281
1295
11738
1276
1281
1333
11617
1279
1280
1282
1708
1278
1285
1292
1331
1732
1279
1284
1332
1733
1283
1333
1724
1282
1296
1334
11618
1283
1297
1716
1284
1298
1334
1725
1285
1299
1336
1726
1293
1335
1743
1288
1562
11686
1288
1289
1529
11679
1290
1530
11680
1290
1531
1771
1532
1772
1292
1536
1795
1293
1539
1796
1321
1540
1744
1295
1297
1296
11736
1297
1337
11646
1298
1717
1299
1337
1727
1338
1728
1302
1316
11659
1302
1317
11511
1318
11517
1305
1312
1319
1553
11518
1315
1317
1551
11512
1309
1315
1552
11513
1308
1309
1315
1317
11515
1308
1310
1316
11596
1311
1318
11521
1311
1312
11519
1311
1314
11597
1313
11522
1313
1322
11520
1314
1323
11523
1324
11598
1554
11514
1318
11660
1318
11516
11524
1320
1322
1549
11525
1321
1325
1550
11661
1335
1537
11601
1323
1325
11526
1324
1338
11528
1337
11603
1335
1338
11527
1328
1329
11634
1328
1329
11710
11632
11684
1332
11641
1332
1335
11643
1333
1336
11662
1334
11644
1336
1337
11645
1336
11663
1338
11664
1338
11647
11510
1341
1510
1560
11676
1526
1555
1558
1770
1509
11690
1343
1457
1503
11648
1456
1463
1677
1358
1573
1595
1596
1679
1346
1352
1369
1567
1901
1347
1375
1568
1902
1348
1376
1569
1903
1349
1377
1570
1904
1359
1378
1571
1905
1356
1357
1400
1576
11333
1359
1365
1414
1566
1912
1353
1391
1572
1906
1354
1393
1581
1995
1355
1394
1582
1994
1356
1398
1583
1996
1399
1584
1909
1358
1413
1575
11327
1360
1574
1678
1908
1407
1578
1907
1413
1763
1362
1363
1404
1420
1466
1366
1401
1421
1364
1405
1419
1464
1365
1406
1422
1465
1407
1423
1913
1424
1466
1476
11695
1392
1393
1395
1408
1659
1997
1371
1392
1408
1467
1760
1370
1375
1391
1914
1371
1384
1392
1473
1372
1390
1381
1384
1388
1410
1468
1374
1382
1389
1472
1383
1403
1404
1411
1915
1376
1384
1919
1377
1385
1920
1378
1386
1921
1387
1407
1922
1380
1388
1468
1389
1472
11323
11700
1382
1385
1389
11323
1383
1386
1469
1387
1405
1470
1385
1471
1386
1916
1387
1917
1406
1918
1389
1759
1467
1468
1473
11687
1392
1393
1910
1998
1394
1911
1395
1398
11405
1397
1474
1660
1397
1474
11334
1398
1409
1761
1399
11334
1400
1409
1661
1999
1413
1475
1681
1403
1404
1476
1680
1403
1476
1915
1405
11314
1406
1477
1407
1923
1924
1764
1765
2448
2439
1413
1475
11327
1762
1416
1423
1590
1925
1416
1417
1427
1591
1926
1428
1592
1927
1418
1440
1593
1928
1441
1452
1478
1594
1420
1422
1430
1479
1421
1431
1480
1424
1426
1423
1429
1482
1428
1481
1425
1480
11712
1426
1437
1483
11723
1431
1438
1428
1434
1440
1484
1429
1485
1430
1434
1487
1431
1435
1486
1663
1436
1483
1662
1435
1439
1447
1451
1488
1664
1436
1437
1448
1483
1490
11652
1435
1439
1491
1436
1490
1665
1438
1451
1666
1438
1449
11725
1450
1440
1446
1489
1667
1441
1492
1446
1454
1493
1443
1445
1449
1458
11739
1444
1450
1459
1445
1447
1451
1456
1668
1448
1457
1494
11653
1447
1455
1495
1670
1453
1494
1669
1449
1451
1488
11654
1450
11726
1451
1671
1454
1460
1496
1589
1455
1456
1463
1499
1672
1455
1461
1498
1462
1497
1673
1457
1459
1674
1458
1499
11655
1459
11740
1461
1500
1588
1462
1501
1463
1502
1676
1503
1675
1465
1466
1477
1479
11501
1482
1913
1923
11490
1480
11314
11433
1998
11388
1471
11323
11529
1470
1472
1917
11323
11434
1477
1915
1918
11503
1473
1916
1919
11504
1915
11649
1914
1998
11446
1997
11405
11675
1999
11333
11751
11314
11699
1923
11314
11491
1493
1496
1928
1945
11489
1480
1482
1486
11537
1483
11650
1482
1485
1913
1925
11495
1487
11531
1486
11651
1485
1491
1492
1926
11505
1487
1927
11494
1487
1490
11542
1491
11532
1489
1490
1494
11666
1491
1492
1495
11538
1491
11667
11533
1493
1928
11506
1495
1498
11534
1495
1499
11668
1497
11539
1498
1500
1942
11487
1498
1499
1502
11540
1501
11535
1503
11669
1501
1941
11496
1502
11536
1503
11541
11670
1505
1506
1545
1624
1507
1551
1946
11497
1507
1588
1623
1941
1947
11498
1514
1520
1528
1559
1810
1510
1527
1542
11749
1512
1541
11706
1512
1513
1525
1556
11707
1544
1560
11708
1519
1526
1555
11709
1515
1521
1563
1799
1516
1520
1562
11701
1517
1521
1530
11704
1518
1529
11703
1521
1531
1814
1520
1528
1557
11705
1561
11702
1532
1813
1523
1524
1539
1754
1540
1620
1753
1536
1755
1526
1544
1805
1528
1804
1535
1543
11713
1558
1808
1530
1531
11716
1532
1562
11715
1532
1802
1563
1801
1534
1547
1549
1628
1750
1540
1550
1620
1751
1536
1542
1809
1539
1543
1811
1538
1540
1550
11657
1539
1543
11689
1540
1812
1752
1542
1544
1807
1803
11688
1806
1548
1551
1622
1547
1548
1552
1629
1749
1553
1630
1748
1554
1621
1550
1553
11671
11656
1554
1626
11507
1553
1554
1625
11543
11545
1627
11544
1556
1557
11717
1560
11718
1558
1561
11720
1559
1766
1561
1563
1798
11719
1562
11721
1563
11714
1800
1577
1600
1595
1596
1938
1578
1590
1638
1929
1568
1572
1636
1930
1569
1631
1931
1570
1632
1932
1571
1633
1933
1578
1634
1934
1581
1610
2004
1574
1580
1615
11328
1575
1618
1936
1576
1617
2000
1584
1613
2001
1579
1587
1599
1635
1937
1580
1586
1602
1935
1585
1596
1603
1938
1582
1616
2002
1583
1611
2009
1584
1612
2010
1614
2003
1586
1619
3408
1830
3407
1935
11403
1589
1608
1941
1594
1604
1942
1592
1637
1939
1592
1593
1605
1943
1609
1940
1594
1606
1944
1607
1945
1908
11328
11389
1619
1598
1600
1644
3416
1601
1648
1829
3529
1600
1602
1640
11403
1601
1645
11315
1650
1603
1646
11402
1615
1649
2011
1607
1608
1959
1606
1609
1955
1607
1957
1958
1623
1954
1637
1956
1616
1636
2008
1612
1616
2013
1614
2014
1614
1617
2015
2016
1618
2005
2017
1618
2018
2012
1679
1830
2959
1628
1816
1622
1627
1629
1624
1626
1624
1947
1946
1627
1629
11567
1627
1946
11564
11566
1630
1756
1630
1757
1758
1632
1636
2006
1633
1949
1634
1948
1635
1950
1638
1951
2007
1638
1952
1953
1641
1654
1872
3633
1642
1645
1646
11329
4107
1643
1644
3629
1646
1647
3630
1645
1648
3628
1650
11324
1649
11330
1649
3631
1650
3627
11308
11404
1652
1657
1653
1658
1757
1758
1832
1851
1833
4167
1656
1657
1658
1836
1658
1851
1660
1764
2449
1761
2424
1681
1765
2427
1663
1666
3553
1665
3614
1665
1667
1669
1671
2291
1666
2299
1671
3554
1670
2045
1669
1671
1674
3576
1670
1672
2292
1673
2057
3601
1673
1674
1675
4499
1676
2061
1677
3577
1676
1677
1745
4500
1746
2065
1747
3582
1679
1763
2453
2452
2456
1762
2426
1683
1687
1718
1748
2109
1692
1749
2104
1685
1687
1693
1719
2046
1686
1694
1720
2294
1695
1704
3603
1692
1703
2082
1691
1692
1698
2092
1690
1695
1696
3584
1691
1694
1697
4501
1693
1699
2066
1693
2083
1694
2058
1695
2295
3583
1697
1700
3585
1699
1701
4502
1699
2071
1702
2032
1701
1747
3586
1702
1745
4503
1746
2033
1718
1719
1722
2034
1717
1720
3572
1707
1708
1723
3559
1707
1709
1730
3395
1731
3394
1716
1724
3560
1711
1742
3401
1712
1713
1734
2691
1712
1736
3398
1735
3397
1714
1737
2689
1715
1739
2665
1738
2681
1717
1725
3570
1727
3564
1721
1750
2084
1720
1728
4518
1727
2303
1722
1744
1751
2035
1728
1743
2047
1724
1729
1731
3588
1725
1733
3593
1726
1727
3610
1728
1733
1743
2296
1728
3608
4522
1733
1780
1784
3609
1731
1742
1781
3604
1784
3589
1733
1743
1780
1796
3615
3616
1735
1737
1785
3396
1736
1786
3561
1742
1792
3566
1739
1787
2695
1739
1741
1789
2670
1788
2667
1741
1791
2673
1790
2674
1793
3568
1744
4504
1752
1796
4517
1746
1747
4505
2036
3595
1749
1750
1758
2116
1757
2095
1751
1756
2111
1752
1816
2086
1753
1812
2048
1754
1816
1871
2060
1755
1812
2304
1811
1815
3575
1758
1816
1832
2117
1758
2098
2420
1764
2447
1765
2429
1763
2422
2431
2421
2423
1770
1776
1798
1808
2684
1768
1770
1775
1805
2683
1769
1779
1806
3387
1773
1794
1807
3402
1774
1804
2685
1772
1791
1802
2899
1778
1790
1801
2682
1782
1797
1803
3563
1775
1776
1785
2664
1779
1786
2697
1777
1787
2663
1778
1788
1798
2676
1789
1800
2669
1792
1794
3400
1783
1795
3587
1782
1784
1793
3590
1783
1794
3565
1784
1797
3591
3592
1786
1787
2696
1792
3399
1788
2662
1789
2675
1790
2679
1791
2677
2678
1793
3567
1794
3569
3562
1796
1797
1811
3594
1812
2302
1809
3571
1800
1810
2940
1800
1810
1813
1824
3069
1801
3023
1802
1813
3027
1814
3040
1807
1809
1817
3411
1805
1808
1818
3032
1806
1819
3033
1807
1820
3410
1821
3412
1810
1823
3031
1811
1815
3574
1822
3030
1812
3598
2298
1814
1825
3086
1826
3084
1817
1870
3413
1831
2089
1821
1861
3414
1819
1823
1862
3436
1820
1863
3434
1821
1866
3540
1867
3532
1823
1824
1865
3432
1864
3437
1825
1868
3451
1826
1869
2333
1860
2334
2418
2450
3075
2962
1832
1852
1871
2119
1853
2099
4164
1854
1858
4179
1837
1838
1852
1837
1851
1853
1854
1858
2120
1840
1842
3898
1849
3899
1842
1844
3904
3897
1844
1845
4166
3905
1846
4171
1847
4175
1848
4196
4534
1850
3900
1855
3901
1853
1853
1854
2102
1871
2074
1856
3903
1857
4165
1858
4172
4535
3957
1869
1867
1870
3664
1863
1864
3650
1866
3651
1865
3649
1868
3652
1867
3666
3667
1869
2118
3665
2063
2356
1874
1891
1892
1947
11572
1875
1885
1954
11581
1880
1884
1959
11582
1879
1883
1886
1952
11585
1878
1879
1888
1955
11586
1880
1887
1957
11583
1889
1956
11587
1890
1958
11584
1882
1950
1963
1965
11578
1883
1951
1966
11579
1953
1967
11574
1885
1890
1898
11369
1891
1896
11370
1889
1967
1991
11365
1888
1890
1895
11367
1889
1992
11364
1993
11366
1897
11371
1893
1899
11368
1893
1946
11571
1900
11386
1976
26847
26854
1897
1992
26889
1898
1899
26897
1898
26891
26894
1900
26895
26896
1902
1906
1914
1930
11454
1903
1919
1931
11458
1904
1920
1932
11456
1905
1921
1933
11457
1907
1922
1934
11455
1910
1995
2004
11449
1912
1924
1937
11459
1936
11327
11722
1996
1999
2003
11333
11419
1911
1914
1998
11472
1995
1997
11405
11414
1913
1925
1929
11453
1924
11463
1919
11464
11314
11465
1917
1920
11323
11466
1918
1921
11467
1922
1923
11492
1920
11468
1921
11471
1922
11469
1924
11470
1924
11493
11473
1927
1939
11460
1927
1928
1943
11461
1940
11462
1944
11488
1937
1939
1953
11475
1931
2004
2007
11450
1932
2006
11452
1933
1949
11485
1934
1948
11486
1937
1950
11474
1938
11402
11727
2000
2012
11328
11406
1951
11476
2011
11328
11477
1940
1952
11480
1943
1956
11482
1942
1954
11478
1945
1959
11479
1944
1955
11481
1945
1957
11483
1958
11484
1947
11563
1954
11553
1949
1950
1963
11551
1962
2006
11548
1951
11552
1953
11556
1953
1956
11557
11555
1959
11562
1956
1957
11558
11559
1958
11560
1959
11561
11554
1961
1969
1972
2007
11580
1962
1970
2006
11575
1963
1968
11576
1964
11577
1965
1968
1987
11385
1966
1986
11361
1967
1989
11362
1990
11363
1970
1988
11384
1970
1978
1981
11382
1980
11383
1972
1974
1979
2017
11569
1978
2008
11570
1975
2016
11319
11320
11430
1975
1977
2013
11432
2014
11321
11431
1982
11352
26813
1979
1985
11321
11379
1979
1983
11381
1984
11380
1981
1988
26882
1983
26881
26790
26832
26854
26875
1984
26880
1985
26879
26836
26878
1987
1989
26884
1988
26883
26892
1990
26885
1991
26886
1993
26887
1993
26888
26890
1995
1996
2009
11405
11439
2002
11444
2010
11334
11445
1998
11502
11530
11334
11665
2001
2018
11327
11408
2003
2015
11333
11442
2004
2009
2017
11440
2010
2016
11443
2008
11451
2011
2012
11316
11328
11547
2007
11549
2008
11550
2017
11546
2010
2013
11436
2014
11437
11308
11402
11407
2018
11317
11421
2014
2017
11425
2016
11423
2016
2018
11319
11424
11422
11438
11318
11420
2020
2021
2067
2068
26909
2053
2055
2078
2088
3775
2043
2053
2078
3871
2025
2051
2052
3963
2054
2076
4162
2027
2077
2269
4525
2028
2270
4526
2029
2049
2271
2039
2041
2273
2056
2059
2073
2087
3470
2038
2062
2091
2498
4514
2033
2066
2071
2744
4502
2036
2069
2750
4503
2047
2082
2084
2914
4518
2047
2084
2086
2926
4517
2065
2072
2947
4505
2055
2056
2087
2088
4096
2050
2079
2107
2497
2067
2279
4527
2054
3729
4167
4180
4523
2049
3860
4190
4527
3865
4531
4532
4536
3869
4524
4533
2052
3941
4183
4204
2050
2057
2079
2291
2471
2058
2082
2294
2718
4518
2924
4504
4522
2060
2086
2298
3051
4517
3859
4191
4526
2299
2474
4514
2054
3867
4202
4523
3943
4202
3774
4524
4540
3853
4539
4098
4520
4540
3489
4519
4520
2061
2080
2292
2476
2066
2083
2295
2726
2085
2981
4516
4519
2063
2089
2304
3533
2065
2090
2514
4499
2081
2466
4515
4521
2074
2119
3647
3668
2081
2085
2598
4515
4516
2070
2612
4500
2092
2724
4501
2068
2284
4528
2290
4529
2071
2072
2128
2749
2072
2090
2112
2609
2092
2126
2743
2127
2949
2085
2106
2121
3474
2102
2120
3954
4179
2076
2077
2258
4537
2261
4539
2268
4538
2123
3873
2080
2108
2499
2090
2103
2500
2091
2110
2512
2083
2109
2720
2092
2104
2727
2109
2111
2923
2110
2995
2089
2111
3058
2121
2122
4097
2122
2123
3776
2117
2119
3431
2113
2517
2105
2107
2509
2114
2723
2094
2113
2973
2103
2129
2978
2096
2104
2116
3062
2114
3064
2115
2130
3464
2116
2117
3460
2117
2119
3703
2124
2131
3781
2124
2125
3876
2119
3946
2108
2113
2511
2109
2114
2730
2110
2115
2130
2975
2110
2130
2131
3469
2108
2115
2508
2129
2510
2116
2729
2974
2116
2117
3056
2113
2127
2610
2520
2126
2733
2129
2976
3061
3439
3451
3652
3663
4089
3849
4535
2124
2131
4099
2124
2125
3777
2125
3874
3771
3875
2128
2745
2128
2945
2957
2977
3467
4102
2133
2203
2236
4452
8487
20795
2134
2202
4453
8488
20796
2135
2204
4451
8484
20797
2136
2205
4474
8489
20798
2137
2201
4470
8490
20803
2189
4472
8508
20805
21038
2139
2140
2145
3869
8038
2143
2147
3870
4511
8039
2141
2146
3871
8036
2142
2178
3873
8037
2171
2179
3874
8073
2148
2155
3868
4512
8040
2175
2176
2185
3882
8112
2146
2147
2149
3811
8222
2178
2186
3813
8223
2148
2150
3812
8255
2152
2158
3832
8257
2150
2186
4065
8571
21039
2152
4066
8591
21025
2152
2158
2167
4062
8589
21028
4063
8590
21026
2154
2156
4203
4513
8677
2155
4195
4512
8671
2156
2158
3877
8045
2157
2163
3878
8046
2158
2159
2167
3834
8258
3833
8256
2163
2165
2166
3835
8259
2259
2280
3872
3944
8041
2162
2164
3864
4336
8043
2163
2165
3865
8044
3879
4513
8047
2165
2168
3842
4335
8268
2169
3831
8269
2167
2169
4060
8587
21030
4061
8588
21031
2169
4067
4340
8568
20783
4059
8598
21029
2173
2194
2200
3885
8092
2172
2180
3875
8074
2175
2181
3876
8075
2174
2177
3883
8108
2176
2182
3880
8109
2183
3884
8110
2184
3881
8111
2182
2200
2205
3822
8250
2179
2187
3817
8229
2180
2193
3814
8230
2181
2192
3815
8231
2183
2188
3816
8232
2184
2201
3819
8251
2185
2190
3823
8254
2185
2189
3820
8252
2191
3821
8253
2187
4080
8578
21033
2193
4081
8579
21032
2190
2192
4070
8582
21036
2191
2201
4074
8612
2191
4071
8586
21037
4072
8613
21038
2193
4069
8581
21035
4068
8580
21034
2195
2197
3886
8090
2196
2199
3889
8091
2198
2234
3888
8099
2199
2200
2202
3826
8237
2199
2206
2235
3827
8239
2203
3828
8240
2204
3825
8242
2205
4073
8603
2203
2204
4077
8604
2206
4078
8605
2205
4076
8606
4075
8602
2228
2236
4079
8609
2211
2214
2234
3892
8101
2209
2210
2242
3897
8117
2212
2244
3898
8119
2230
2241
3904
8118
2227
2252
3891
8100
2213
2243
3899
8120
2239
2253
3900
8121
2227
2229
2235
3829
8241
2216
2224
2241
3929
8197
8694
2217
2242
3930
8198
8695
2218
2244
3931
8199
8696
2225
2243
3932
8200
8697
2222
3938
8202
8701
9024
2221
2223
2247
3935
8203
8698
2222
2237
3936
8204
8699
2238
3937
8201
8700
2224
2245
3933
8205
8702
2246
3934
8206
8703
2226
2239
3939
8207
8704
2240
2254
3940
8208
8705
2248
2255
3810
8192
2229
2232
2235
4042
8294
2233
2255
4043
8307
2231
2246
3905
8676
2245
4166
9026
2233
2236
4477
8485
20907
2256
4478
8492
20908
2235
3887
8098
3824
8238
4450
8486
20928
2238
2247
3917
8135
3918
8136
9024
2240
2243
3920
8137
2253
3921
8138
9021
2242
2246
3910
8127
2244
3911
8128
2244
3912
8129
3913
8130
2246
2247
3914
8132
3915
8133
3916
8134
2249
2252
3809
8191
9022
2251
2255
3995
8286
9023
2259
4339
8665
2256
4324
8499
9020
20972
3890
8097
9018
2257
3901
7306
3925
8196
8689
9019
9021
2256
4085
8615
4332
8494
21004
3903
8675
8715
9021
2261
2264
2268
3855
7310
3923
3986
8266
2263
3830
4161
4162
4337
7315
2263
3854
4162
7313
2285
3962
4088
4160
7316
20725
2264
2288
3837
7311
2265
2281
3807
7312
2268
2274
2283
3808
8282
2267
2270
2274
2275
3845
8280
2271
2272
2276
3846
8281
2269
3856
7307
2270
2274
3857
7308
2271
3858
7309
2273
3859
8276
2273
2278
2282
3848
8283
2279
3860
8277
2277
3847
8279
2276
2277
4050
8649
20730
2282
4051
8650
20731
2283
4049
8648
20729
2279
2286
2287
3836
8185
2284
3861
8278
3850
4173
7305
2283
2288
4047
8646
20741
2286
4052
8651
20732
4048
8647
20742
2287
2290
3852
8049
4087
4161
4337
8645
20726
2289
4053
8562
20744
2289
3838
4334
8189
4054
4337
8555
20781
4058
4338
8563
21023
3862
4334
4336
8048
2292
2299
2470
3601
2475
3576
4499
2584
3579
3606
4515
4521
2295
2303
2717
3603
2725
3583
4501
2895
3610
3616
4504
4522
2970
3607
3617
4519
4520
2302
2304
3054
3598
2472
3554
3614
2542
3578
3606
4515
4516
2602
3578
3607
4516
4519
2905
3594
3615
4517
2917
3572
3608
4518
3528
3575
3668
3490
3611
3612
4506
4510
2312
2318
2350
2384
3670
20639
2311
2314
2347
2365
3672
20678
2309
2310
2357
2388
3676
20669
2358
2387
3675
20670
2311
2361
2389
3677
20671
2360
2390
3678
20680
2317
2349
2392
3669
20638
2325
4206
21091
2315
2348
2391
3673
20679
2316
2351
2393
3674
20677
2317
2352
2394
3679
20676
2353
2395
3680
20675
2339
3671
4207
4215
20640
2329
2350
3036
3444
3534
3705
2335
2341
3080
3451
3453
3663
2345
2354
3472
3539
3645
2324
2328
3351
3454
3989
4209
2324
2339
3187
3435
3966
4207
3180
3443
3988
4210
2354
3535
3539
3642
2327
3307
3458
3525
4041
4483
2328
3310
3459
4084
4211
3350
3452
3991
4208
2338
2349
3039
3433
3706
2331
2336
2347
3079
3450
3711
2332
2348
3070
3440
3713
2337
2351
3068
3441
3707
2334
2335
3086
3451
2340
3084
2340
2342
3088
3643
2341
2360
3081
3453
3712
2338
2352
3067
3438
3708
2353
3035
3442
3709
2350
3188
3444
3967
2343
3082
3634
2342
2361
3087
3714
2343
2357
3085
3710
2358
3083
3715
2346
2356
3468
4107
2346
3648
2359
3472
3636
2348
2360
3367
3970
2351
3366
3971
2350
2353
3359
3968
3191
3969
2352
3363
3972
2353
3364
3977
3365
3978
3646
3575
3655
3665
3668
2359
3633
2358
2361
3360
3975
3361
3973
3644
2361
3368
3976
3362
3974
3283
4212
4393
2375
3178
21041
3094
4222
21061
2379
2390
2391
3367
19178
2367
2371
3099
4219
19066
2368
3098
4221
19068
3092
4223
4296
19069
2370
2413
3095
4217
19064
2371
3096
4218
19065
3097
4220
19067
2373
2403
3167
4274
19081
2376
3123
4268
19080
3224
4341
19063
3221
20718
21048
3336
4232
4264
19169
2378
2379
2391
3182
4228
19105
2393
2416
3183
4230
19101
2383
3181
4229
19106
2381
2387
3189
4213
19171
2382
2388
3190
4234
19170
2383
2389
3185
4233
19107
2390
3186
4231
19108
2392
3191
4215
4285
19180
3322
4223
21050
3324
4299
21049
2388
3361
19174
2389
3360
19175
2390
3362
19176
3368
19177
2393
3366
19179
2395
3359
4214
19181
2394
3363
19182
2395
2416
3364
19183
2417
3365
19184
2400
2404
3162
4227
19070
2399
2400
3146
4250
19073
2399
2401
3140
4251
19071
3139
4253
19072
3163
4238
19074
2407
3141
4252
19075
2403
2405
3142
4278
19078
3137
4277
19077
2409
3164
4284
19083
2406
3143
4279
19079
2407
3144
4280
19082
3145
4276
19076
2412
2414
3172
4286
19084
2410
3170
4287
19085
2411
3169
4289
19086
2412
3168
4288
19087
3171
4290
19088
2414
3176
4216
19090
3177
4292
19089
3282
4401
19061
2417
3184
4235
19103
3174
4214
4283
19104
2445
2457
2528
2420
2448
2450
2571
2425
2445
2527
2447
2449
2533
2426
2431
2433
2529
2427
2429
2530
2428
2429
2449
2538
2437
2440
2448
2543
2427
2434
2536
2430
2432
2535
2430
2438
2454
2567
2430
2534
2435
2578
2453
2599
2434
2435
2593
2966
2434
2453
2601
2964
2592
2963
2454
2597
2967
2455
2464
3375
3552
2443
2577
3382
3557
2444
2449
2568
3383
2445
2457
2544
3377
3381
2445
2553
3381
3382
2444
2446
2574
3549
3558
2446
2447
2448
2450
2565
2446
2448
2572
3549
2451
2569
3550
2556
2451
2570
2451
2532
2561
2451
2537
2531
2576
2453
2590
2959
3406
2589
2965
2594
3383
3409
2456
2587
3551
2457
2526
3377
2551
2523
2615
2616
2943
2954
3089
2460
2464
2467
2468
2585
3552
2461
2462
2480
2580
3315
2463
2467
2478
2581
3276
2464
2481
2579
3092
2465
2479
2582
2617
3261
2496
2587
2466
2467
2501
2584
4521
2498
2512
2586
2617
2469
2583
3605
2469
2473
2480
2496
3553
2472
2478
2501
3614
2471
2472
2475
2477
2484
2474
2476
2485
2499
2473
2474
2488
2477
2490
2502
3554
2487
2497
2501
2476
2493
2504
2518
2492
2500
2514
2495
2503
2504
3601
2479
2480
2488
3284
2483
2487
2501
3259
2481
2490
3316
2489
2496
3098
2483
2486
2487
2497
2619
3263
2498
2617
2620
3262
2485
2488
2493
2495
3317
2486
2487
2492
3277
2491
2499
2621
3264
2488
3278
2490
3318
2490
2494
2502
3099
2495
3312
2492
2500
2513
2515
3265
2493
2516
3279
2505
2519
3319
2495
2503
2506
3097
2505
3313
2502
3375
2498
2499
2508
2501
2509
2500
2510
2511
2517
4514
2503
3376
2507
3378
2505
2507
2522
3576
2506
2523
3091
2507
2525
3096
2524
3379
2509
2510
2619
2976
2512
2620
2975
2511
2621
2977
2513
2520
2978
2598
2618
2974
2521
2621
3006
3193
2516
2517
2518
2612
2516
2517
2521
2608
3266
2519
2614
3280
2520
2609
2519
2522
2613
4499
2523
2615
3320
2521
2610
2973
2611
3001
3267
2523
2524
2616
3577
2525
3090
2525
2944
3380
2943
3095
2539
2545
2551
2587
2543
2552
2556
2571
2551
2556
2536
2588
2599
2601
2534
2535
2558
2565
2571
2533
2563
2565
2576
2537
2560
2538
2566
2578
2536
2578
2593
2640
2557
2592
2538
2568
2576
2645
2559
2567
2540
2544
2546
2585
3377
2541
2548
2583
2627
3555
2542
2549
2584
2625
3606
2550
2586
2591
2626
2553
2561
2564
2577
2548
2551
2556
2654
2546
2547
2579
3322
2580
2627
2654
3241
2551
2654
3356
2549
2553
2624
3381
2550
2554
2622
3556
2555
2602
2623
3578
2562
2564
2639
3094
2554
2556
2628
2555
2577
2629
3382
2575
2603
2630
3602
2639
2588
2640
2658
3324
2566
2640
2566
2641
2645
3282
2563
2645
2565
2571
2572
2643
2571
2643
3357
2644
3283
3352
2628
2636
2643
3242
2570
2644
3353
3354
2568
2578
2594
2641
2569
2595
2642
2574
2576
2596
2631
2572
2574
2576
2634
2573
2577
2632
2574
2575
2604
2633
3549
2605
2635
2577
2606
2637
3557
3352
2636
2597
3353
2580
2587
3093
2581
2585
3260
2582
2583
2627
3275
2584
2625
2638
3274
2584
2585
3579
2586
2587
3551
2598
2638
4515
2600
2655
3355
2590
2599
2601
2647
2983
2607
2960
2990
2598
2602
2646
2981
4516
2593
2601
2658
2989
2597
2649
2991
2595
2597
2650
2992
2596
2651
2993
3383
2605
2652
2984
3550
2653
2994
2648
2995
2600
2647
2655
2982
2603
2656
2980
2606
2657
2970
3607
2605
2606
2659
2971
3581
2660
2985
3558
2661
2972
3580
2647
2961
3009
3178
2609
2611
2614
2950
3268
2610
2612
2949
2611
2945
2979
2946
3007
3269
2613
2614
2947
2615
2616
2951
4500
2615
2948
3281
2952
3321
2944
2953
3582
2618
2638
3192
2620
2648
3002
3197
2620
2621
3003
3198
3004
3199
3005
3200
2623
2624
2625
2629
3201
2626
2630
2656
3202
2627
2628
2654
3270
2626
2627
3205
2638
2646
3204
3194
2629
2639
3271
2630
2636
3206
2637
2657
3215
2635
2642
2652
3217
3352
2633
2634
2636
2643
3273
2635
2637
2659
3207
2635
2644
3272
3352
2660
3208
2637
3209
2661
3216
2648
3210
2654
3323
2649
3243
3353
2642
2650
3353
3371
2645
2651
3236
2644
3195
3314
3237
3352
2648
2656
3008
3218
2655
3010
3221
3011
3220
2653
2658
3016
3238
2651
2653
3017
3246
2652
3018
3239
2660
3014
3240
3019
3245
3353
3203
2658
3012
3247
2657
2996
3219
2661
2997
3211
3013
3370
2660
2661
3000
3212
3015
3213
2999
3214
2663
2675
2695
2696
2808
2664
2676
2684
2807
2685
2696
2697
2818
2667
2681
2689
2694
2871
2668
2671
2680
2851
2670
2675
2695
2874
2672
2850
2676
2679
2682
2845
3023
2674
2679
2681
2873
2672
2674
2681
2870
2673
2869
2674
2678
2875
2677
2876
2676
2679
2846
2844
2940
2678
2679
2682
2848
2849
2899
2847
2681
2694
2868
2872
2899
2901
3027
2685
2697
2931
3033
3387
2685
2934
2940
3031
2930
3032
2687
2779
3388
3394
2698
2789
3395
2689
2693
2694
2815
2691
2695
2816
2692
2698
2836
3398
2693
2838
3396
3397
2693
2837
3397
2835
2814
2817
3396
2820
3396
3399
2819
3399
3400
2882
3401
2701
2702
2709
2717
2916
3345
2701
2710
2720
2731
2912
3301
2711
2718
2913
3298
2703
2712
2719
2920
3131
2713
2714
2918
3170
2706
2708
2709
2722
2739
3346
2706
2713
2715
2735
3168
2712
2721
2737
3132
2708
2710
2723
2734
2741
3287
2711
2724
2742
3299
2711
2712
2725
3347
2711
2727
2732
3288
2726
3300
2713
2728
3133
2716
3169
2716
2719
2919
3389
2716
2721
2736
3390
2728
3391
2718
2719
2725
2917
2720
2726
2915
2728
2921
3603
2727
2729
2914
2722
2728
2738
3584
2724
2725
2740
4501
2724
2727
2733
2743
2726
2744
2726
2728
2727
2730
3583
2730
2731
2923
3061
2732
2733
3062
2732
2922
3059
3289
2734
3060
3290
2734
2745
3064
2746
3063
3291
2736
2737
2755
3171
2738
2756
3392
2738
2739
2751
3134
2740
2752
3585
2740
2742
2753
3348
2744
2754
4502
2742
2743
2746
2747
3292
2744
2748
3302
2744
2745
2749
2750
2746
2957
3066
2958
3065
3293
2748
2749
2950
2958
3286
2750
2753
2948
3297
2750
2949
2957
2754
2947
2752
2753
2755
2954
3130
2754
2756
2953
3586
2754
2952
3344
2951
4503
2756
2955
3172
2956
3393
2758
2759
2803
2918
3162
2764
2804
2919
3384
2762
2764
2893
2920
3100
2761
2762
2764
2891
2917
3608
2763
2895
2915
2924
4522
2763
2894
2916
3328
2897
2913
2925
3329
2892
2921
3564
2766
2767
2768
2775
2797
3588
2769
2771
2790
2796
3609
2773
2776
2794
2798
3559
2769
2777
2794
2800
3325
2770
2792
2802
3331
2771
2793
2801
2909
3102
2791
2795
2904
3587
2773
2774
2794
2805
3139
2779
2806
3388
2778
2779
2784
3140
2776
2777
2782
2790
3589
2778
2779
2783
3394
2778
2786
2792
3326
2785
2794
3127
2789
2781
2782
2787
2790
2889
3590
2788
2791
2887
2907
3565
2783
2786
2885
3604
2785
2789
2883
3395
2785
2789
2881
3141
2786
2884
3118
2787
2886
3103
2788
2792
2890
3104
2793
2888
2928
3158
2882
2791
2792
3592
2793
2908
3591
2793
3327
2929
3136
2799
3128
2796
2801
2896
2905
3615
2797
2802
2895
3616
2798
2800
2891
3593
2799
2806
2892
3560
2800
2805
2893
3105
2802
2894
3332
2802
2898
2910
3333
2897
3334
2804
2805
2893
3163
2806
2892
3385
2806
3146
3386
2808
2812
2818
2844
2934
2811
2817
2820
2846
2810
2811
2817
2824
2853
3106
2813
2816
2825
2857
3119
2812
2822
2858
3165
2823
2860
3024
3149
2815
2826
2867
3137
2815
2867
2868
2871
2816
2835
2817
2838
2871
2841
2874
2819
2820
2823
2930
2821
2829
2878
2931
2821
2822
2841
2828
2842
2877
3399
2823
2824
2828
3166
2829
2941
3150
2825
2827
2841
3107
2826
2830
2838
3120
2831
2835
3142
2828
2830
2834
2842
3108
2829
2879
3135
2880
2937
3151
2831
2833
2839
3121
2832
2837
3143
2833
2836
2881
3144
2834
2840
2884
3122
2843
2879
2886
3109
2837
2838
2837
2840
2882
2839
2839
2841
2840
2842
3397
2843
2883
3398
2842
3396
2843
3561
2877
2885
3566
2845
2846
2860
2942
2847
2861
2901
3025
2847
2858
2874
2848
2859
2873
2849
2863
2876
2901
2862
2875
2900
2851
2869
2939
2868
2870
2938
2853
2855
2856
2859
2873
3113
2857
2858
2874
3115
2855
2862
2865
2875
3112
2863
2864
2876
3111
2857
2864
2866
2872
3110
2867
2871
3114
2859
2860
3147
2861
2863
3148
2861
3026
3152
2903
3029
3156
2863
2902
3159
2903
3138
2865
2870
2938
3335
2869
2939
3294
2867
2868
2938
3123
3167
2872
2870
2875
2872
2876
2872
2874
2873
2874
2876
2876
2878
2879
2889
3567
2880
2887
2932
3400
2880
2890
3129
2888
2935
3153
2882
2884
3145
2883
2884
2885
3401
2886
3124
2886
2889
3568
2890
3116
2888
2889
2933
3562
2890
2936
3157
2890
3569
3125
2892
2894
2895
3610
2893
3570
2894
3101
2897
3330
2896
2897
2898
2906
2924
4504
2898
3338
2911
2925
3337
2900
3040
2901
2902
3041
2903
3028
2903
3042
3154
3043
3155
2905
2908
2909
3053
3594
2906
2910
3054
2911
2926
3051
4517
2908
2928
2933
3047
3563
2929
3049
3571
2910
2929
3048
3160
2911
3050
3126
2927
3052
3339
2913
2914
2922
2925
3295
2915
2916
3340
2915
2923
2924
2917
4518
2917
2920
3341
2921
2919
2920
3164
2921
3403
2921
3117
3572
2923
2927
3055
3296
2926
3056
2925
2926
2927
3342
2927
3058
3057
3343
2929
2936
3039
3173
3036
3161
2931
2934
2941
3038
2932
2937
3044
2933
2935
3045
3387
2936
3046
3402
2942
3024
3037
2936
2937
3067
3184
3035
3174
2941
3068
3183
2939
3336
3285
2942
3023
3030
3024
3070
3182
3025
3026
3034
2944
2955
3176
2956
3404
2946
2949
2957
3071
2950
2958
3072
3304
2948
2949
2951
2950
2952
3305
2950
3303
2952
2953
4505
2954
3349
2954
2956
3595
2955
3175
2956
3177
3405
2958
3074
3073
3306
2960
2962
3408
2961
2969
2987
3021
3358
2969
3407
2964
2966
2989
3372
2965
2982
3373
2983
3406
3543
2967
2991
3546
2994
3409
3545
2988
3077
3374
3407
2986
2972
2980
2997
3491
2972
2985
3000
3490
3611
2999
3492
3617
2978
2979
3001
3463
2975
2995
3002
3469
2976
3004
3467
2977
3003
3464
2978
3005
3422
3006
3423
3007
3071
3466
2981
2996
3489
4519
2995
3008
3470
2983
2989
3012
3462
2990
3010
3417
2985
2993
3014
3473
3597
3015
3471
3596
2987
2988
3020
3407
3538
2990
3021
3408
3429
2998
3078
3428
2991
3013
3418
3009
3406
3415
2994
3016
3419
2993
2994
3017
3409
3420
3018
3465
3573
3019
3421
3011
3474
2997
3008
3222
3494
2999
3223
3495
3020
3022
3179
3536
3000
3225
3497
3015
3249
3496
3006
3007
3230
3480
3004
3011
3231
3487
3004
3005
3226
3481
3232
3488
3006
3227
3482
3228
3483
3072
3229
3486
3011
3234
3493
3010
3021
3258
3425
3012
3248
3477
3235
3484
3013
3256
3476
3016
3257
3475
3015
3018
3251
3485
3250
3479
3019
3252
3424
3018
3019
3253
3426
3254
3478
3255
3427
3021
3224
3530
3233
3430
3078
3537
3025
3027
3069
3026
3079
3181
3028
3029
3080
3029
3081
3186
3028
3040
3086
3041
3043
3088
3043
3087
3185
3031
3034
3069
3432
3032
3037
3437
3033
3038
3436
3044
3410
3434
3037
3080
3081
3453
3039
3046
3067
3365
3039
3048
3049
3191
3038
3079
3450
3044
3070
3440
3047
3359
3041
3084
3042
3082
3043
3083
3189
3085
3190
3045
3068
3441
3046
3067
3410
3438
3047
3412
3442
3049
3411
3433
3050
3053
3188
3444
3053
3534
3574
3052
3054
3187
3435
3052
3054
3058
3533
3057
3180
3443
3054
3527
3598
3528
3056
3057
3059
3350
3452
3058
3061
3439
3058
3351
3454
3431
3060
3061
3310
3459
3062
3063
3307
3458
3062
3460
3064
3461
3064
3065
3308
3457
3066
3456
3066
3073
3309
3455
3074
3445
3068
3364
3070
3363
3080
3086
3451
3079
3366
3072
3074
3447
3073
3196
3448
3074
3311
3449
3446
3076
3077
3529
3078
3526
3078
3416
3531
3081
3367
3087
3088
3087
3368
3083
3084
3088
3085
3361
3086
3087
3088
3360
3088
3362
3090
3175
3176
3321
4216
3091
3095
3320
4217
3096
3313
3319
4218
3093
3098
3315
3260
3322
4223
3242
3323
3357
3096
3176
3097
3099
3313
3099
3316
3312
3101
3117
3162
3328
4227
3105
3163
3330
4238
3136
3160
3331
3333
4246
3104
3116
3118
3326
4240
3125
3158
3327
4241
3128
3146
3332
4250
3107
3115
3119
3165
4256
3108
3120
3166
4259
3109
3121
3135
4260
3116
3122
3129
4263
3113
3114
3123
3335
4268
3112
3113
3138
3335
4265
3159
3294
4266
3115
3148
4267
3115
3119
3167
4274
3147
4269
3124
3125
4272
3131
3164
3341
4284
3124
3127
3141
4252
3120
3137
4277
3121
3142
4278
3122
3143
4279
3124
3144
4280
3167
3336
3145
4276
3129
3157
4273
3160
3187
3333
3339
4248
3128
3140
3326
4251
3139
3325
4253
3135
3153
4262
3134
3172
3175
3344
4286
3133
3170
3345
4287
3133
3134
3168
3346
4288
3169
3347
4289
3171
3348
4290
3151
3166
4261
3158
3161
3327
4243
3142
3167
3148
3155
3159
4282
3140
3146
3141
3145
3143
3144
3145
3163
3148
3152
3165
4271
3156
4275
3150
3152
3165
3181
4229
3151
3166
3182
4228
3153
3183
4230
3156
3186
4231
3157
3184
4235
3155
3159
3189
4213
3156
3190
4234
3185
4233
3158
3174
4283
3173
4254
4281
3161
3188
4255
3173
3191
4285
3163
3164
3170
3166
4257
4258
3169
3171
3170
3172
3177
3174
3359
4214
3184
3365
3177
3349
4292
3177
3221
3258
3358
3224
3541
3187
3339
3351
4225
3182
3186
3367
3183
3366
3184
3363
3364
3186
3190
3362
3368
3188
4291
3191
4215
3190
3361
3360
3359
3197
3210
3261
3262
4418
3200
3228
3265
3267
4420
3205
3241
3270
3275
4400
3242
3273
3314
3357
4489
3229
3304
3311
3503
4423
3199
3220
3231
4342
3199
3200
3226
3263
4424
3232
3262
4425
3227
3264
4419
3202
3205
3206
3270
4421
3204
3215
3219
4343
3241
3270
3323
3356
4426
3205
3210
3218
4344
3274
4422
3209
3215
3271
4427
3208
3212
3216
3273
4347
3213
3217
3272
4428
3216
3242
3273
4429
3220
3274
4430
3214
3215
3219
3223
4351
3213
3214
3249
4353
3240
3250
4354
3216
3225
4355
3216
4345
4348
3236
3240
3244
4346
3219
3220
3234
4350
3222
4349
3235
4356
3247
3248
3223
3234
3518
4361
3225
3523
4363
3233
3542
3249
3522
4365
3227
3232
3508
4367
3228
3506
4358
3230
3507
4359
3230
3269
3515
4431
3267
3504
4432
3232
3235
3517
4357
3505
4360
3258
3358
3499
4341
3235
3519
4362
3516
4366
3237
3239
3371
19060
3244
3282
4401
3243
3245
3252
3370
21021
3240
3246
3254
21062
3251
4352
3260
3322
21050
3271
21061
3324
3369
4299
3272
3283
3352
4393
3246
3255
3369
21063
3253
3371
21040
3256
3355
3370
21048
3256
3258
3512
20718
3250
3521
4364
3251
3520
4370
3254
3514
4371
3255
3257
3500
21043
3254
3255
3501
21046
3510
21044
3502
21047
3257
3509
20719
3370
3511
21042
3513
21041
3261
3262
3278
3284
4392
3275
3315
21045
3274
3276
4389
3263
4395
3264
3278
4396
3265
3277
4394
3266
3279
4391
3267
3268
3280
4388
3269
4398
3269
3281
3303
4387
3304
4397
3271
4399
3323
21051
3273
3314
4369
4402
3275
4403
3276
4404
3284
3315
4486
3278
3279
3317
4487
3318
4390
3280
3319
4488
3281
3320
4485
3305
3321
4484
3354
3371
3314
3316
3318
4313
3294
3336
4232
3292
3297
3303
3306
4405
3288
3291
3292
3299
4406
3290
3300
3301
4494
3290
3296
3301
3310
4495
3291
3307
4407
3293
3308
4408
3293
3302
4409
3306
3309
4410
3335
4270
3296
3301
3340
3342
4315
3343
3350
4317
3302
3305
3344
4491
3300
3301
3340
3345
4318
3300
3302
3346
4493
3347
4319
4492
3348
4496
3304
3305
4414
3306
4415
3349
4497
3311
4416
3308
3310
4411
3309
3525
4412
3311
3524
4413
3350
4490
3498
4417
3313
3316
3318
4219
3317
4220
4212
3316
4296
4221
3318
3319
4298
4297
3320
4295
3321
4293
3349
4294
3356
4222
3355
3370
3326
3331
3332
4245
3327
4239
3331
4242
3329
3330
3341
4226
3338
3340
3342
4301
3332
3338
4237
3334
4244
3334
4247
3334
3337
4249
3338
4304
3336
4264
3338
3339
3342
4302
4303
3343
4236
3341
4316
3345
4305
3343
4314
3351
4306
3348
3349
4307
3347
4308
3347
3348
4309
4310
4311
4312
3351
4300
4224
3369
3369
3365
3361
3362
3368
3364
3366
3365
3367
3368
3371
4368
21049
19061
3373
3418
3546
4178
3462
3543
4177
3416
3428
3547
3629
3376
3553
3378
3554
3551
3555
3379
3601
3380
3576
3404
3577
3555
3556
3556
3602
3550
3573
3385
3403
3564
3386
3570
3388
3560
3400
3402
3410
3559
3391
3403
3603
3391
3392
3584
3583
3393
3585
3405
3586
3395
3559
3589
3401
3604
3561
3398
3561
3401
3566
3561
3567
3562
3567
3568
3412
3562
3563
3572
3405
3582
3595
3408
3544
3408
3547
3548
3573
3599
3412
3540
3412
3414
3563
3574
3532
3414
3534
3574
3575
3665
3433
3532
3664
3417
3425
3429
3544
3618
3529
3531
3628
3462
3477
3543
4136
3419
3462
3475
4138
3421
3424
3546
4140
3421
3426
3465
3599
4141
3427
3545
4142
3423
3464
3482
4103
3463
3483
4106
3427
3475
3500
4145
3430
3477
3513
4144
3427
3478
3501
4143
3502
4149
3531
3536
3538
3635
3430
3538
3548
3621
3499
3530
3623
3439
3454
3533
4089
3437
3451
3453
3652
3442
3534
3653
3436
3441
3540
3651
3443
3444
3528
4122
3437
3440
3650
3450
3649
3441
3442
3540
3661
3452
3460
3703
3441
3450
3659
3658
3532
3662
3454
3533
4135
3527
4134
3446
3455
3456
3719
3447
3449
3718
3448
3466
4090
3449
3486
3503
4108
3455
3498
3738
3453
3657
3454
3459
3702
3660
3704
3457
3524
3716
3457
3461
3723
3458
3525
3717
3459
3461
3720
3460
3721
3461
3722
3724
3476
4137
3466
3480
4101
3467
3481
4104
3473
3478
3600
4121
3486
4100
3469
3488
4105
3472
3529
4168
3474
3487
4102
3474
3489
3493
4097
3473
3479
3490
3612
4092
3526
4139
3485
3613
4093
3484
4099
3476
3511
4148
3477
3509
4147
3512
4146
3485
3510
4123
3485
3496
3520
4110
3483
3486
3504
4115
3482
3488
3508
4118
3483
3506
4117
3507
4120
3487
3493
3516
4109
3514
4111
3515
4114
3488
3517
4116
3505
4119
3491
3494
4096
3492
3496
4094
3492
3495
4098
4520
3497
4095
4506
3494
3519
4113
3495
3518
3748
3497
3523
3749
3497
3521
4112
3522
3747
3503
3524
3999
4433
3513
3542
3626
20720
3502
3511
4154
21059
3502
3510
4155
21060
4156
21056
3515
4000
4434
3507
3515
4002
4381
3508
3517
4128
4376
3507
3508
4126
4373
4129
4374
4127
4375
3511
3512
4152
21057
3514
4133
21053
4153
21055
3513
4151
21058
4150
21054
3520
4131
21052
4001
4380
3517
3519
4016
4379
4125
4372
3519
3523
4013
4377
4014
4378
3521
4132
21064
3522
4130
4382
3523
4012
4384
4015
4383
3525
4040
4386
4039
4385
3529
3531
3539
3622
3528
3534
3575
3655
3533
3656
3627
3536
3538
3542
3637
3537
3620
3540
3667
3647
3654
3537
3541
3625
4206
3537
3541
3639
3539
3638
3547
3619
3624
3666
3542
3640
19062
3641
19063
3544
4176
3548
3632
3546
3599
4186
4184
3548
3630
3631
3557
3581
3558
3597
3552
3579
3553
3605
3554
3614
3601
3579
3606
3578
3606
3580
3602
3581
3596
3560
3588
3570
3593
3566
3565
3569
3565
3571
3570
3572
3608
3590
3591
3567
3568
3569
3569
3604
3590
3610
3574
3591
3594
3603
3597
3600
3598
3598
3577
3601
3582
4499
3602
3605
3581
3607
3617
3611
3595
4500
3584
3603
3585
4501
3586
4502
3595
4503
3591
3594
3609
3615
3589
3593
3609
3592
3604
3592
3604
3592
3609
3610
3616
3598
4505
3597
3611
3612
3613
3600
4185
3613
4189
3607
3614
4521
3610
4522
3616
3617
3613
4197
4205
4514
3616
4504
4506
3621
3632
3759
4136
4144
3621
3630
3635
3637
3728
3622
3628
3635
3638
3726
3623
3631
3730
3624
3627
3731
4139
3626
3637
3743
4144
3638
3642
3645
3742
3638
3640
3642
4019
19048
3641
4018
4150
21020
3628
4168
4181
3629
4187
3630
3635
4191
3631
4190
3632
4192
4176
4201
3644
4107
4167
4180
3643
3715
3639
3727
3644
3648
3760
4107
4139
3639
3641
3746
3639
3744
3640
3745
3641
4020
19049
4021
21008
3646
4010
21091
3663
3710
3758
4091
4124
3646
3648
3741
4139
4009
4157
4436
3656
3954
4089
4135
3740
4124
4157
3650
3652
3657
3651
3659
3658
3666
3660
3654
3662
3664
3706
3655
3665
3705
3656
4134
3668
3770
4122
3659
3660
3711
3659
3661
3707
3713
3663
3712
3662
3666
3708
3667
3709
3714
3665
3667
3667
4179
3670
3680
3683
3968
17841
3671
3684
3969
17840
3682
3696
3967
17839
3673
3678
3685
3970
19026
3674
3690
3971
19027
3679
3691
3972
19028
3676
3686
3973
19030
3677
3688
3975
19029
3678
3687
3974
19031
3689
3976
19032
3680
3692
3977
19033
3693
3978
19004
3697
4083
21066
3700
3966
4207
4323
17833
3684
3693
19006
3696
19007
3689
3690
19008
3688
19012
3688
3689
19013
19011
19014
3691
19009
3692
19010
3693
19015
19016
4057
4325
20743
3699
3700
3994
8713
17829
3700
19002
4017
19053
21018
4157
4436
21006
3980
4320
4328
8714
17821
3982
4328
17832
3941
3962
3964
3985
4160
8658
3703
3704
3721
3961
3991
3722
3947
4089
3960
3989
4089
4135
3706
3969
4134
3709
3968
3708
3713
3972
3709
3977
3978
3714
3715
3975
3712
3713
3970
3714
3976
3971
3974
3973
3717
3719
3738
3956
4040
3720
3723
3955
4039
3719
3738
3800
4090
3723
3953
3721
3724
3950
4041
3722
3949
4084
3724
3948
3724
3952
3951
3735
3737
3802
3895
3945
3727
3731
3744
3858
4187
3728
3745
3859
4191
3730
3746
3860
4190
3736
3758
3853
3965
4091
3743
3759
3861
4192
3742
3761
3857
4181
3734
3736
4091
4164
3734
3965
3979
4091
4124
3750
3736
3739
3851
4169
3750
3867
4523
3957
4169
4183
3803
3999
4108
3750
3802
3984
3987
3741
3760
3765
3807
4158
3742
3761
3808
4009
3744
3847
4010
3746
3769
3836
4018
3745
3845
4019
3746
3846
4020
3848
4021
3749
3790
4012
4095
4112
3749
3804
4013
4096
4113
3791
4015
4098
3839
3965
4083
3752
3753
3764
3878
4141
4188
3757
3763
3879
4142
4507
3785
3799
3877
4121
4198
3755
3759
3767
3862
4136
4200
3756
3768
3863
4137
4199
3757
3766
3864
4138
4193
3762
3865
4140
4536
3760
3765
3854
4180
3769
3852
4201
3761
3855
4174
3856
4139
4182
3763
3766
3831
4003
4145
3764
3835
4004
4149
3799
3834
4005
4143
3837
3965
4124
4159
3768
3842
4006
4148
3768
3769
3840
4008
4146
3841
4007
4147
3838
4011
4144
3909
3954
3958
4179
3777
3781
3786
3876
4099
3773
3774
3788
3869
4094
4524
3785
3789
3870
4092
4508
3775
3790
3871
4095
3776
3791
3873
4098
3777
3804
3874
4096
3787
3875
4097
3779
3801
3806
3886
4100
3784
3792
3885
4101
3782
3784
3793
3880
4103
3783
3794
3884
4102
3783
3795
3881
4104
3796
3882
4105
3797
3883
4106
3798
3868
4093
4194
3787
3794
3816
4034
4109
3804
3815
4035
4113
3789
3790
3811
4024
4112
3798
3812
4023
4110
3791
3813
4031
3804
3817
4032
3797
3806
3825
4030
4115
3795
3797
3819
4027
4117
3796
3823
4036
4116
3796
3820
4037
4118
3821
4038
4119
3822
4028
4120
3799
3832
4022
4111
3833
4025
4123
3801
3803
3888
3953
3805
3889
4090
3985
3805
3827
3956
4082
3814
4033
3806
3828
4026
4108
3826
4029
4114
3808
3837
3855
4047
3847
3856
4048
3810
3843
3890
3949
3995
3829
3891
3950
4085
3812
3813
3869
4065
3832
3870
4066
3817
3871
4080
3815
3817
3874
4068
3816
3875
4069
3823
3876
4070
3873
4081
3844
3866
3923
3983
3986
3820
3822
3880
4073
3821
3881
4074
3823
3882
4072
3825
3883
4075
3884
4071
3827
3829
3887
3956
4042
3826
3885
4076
3828
3886
4077
3828
3888
4079
3889
4078
3892
3955
4043
3837
3839
3853
3965
4064
3835
3842
3865
4059
3833
3868
4063
3834
3877
4062
3835
3878
4061
3879
4060
3838
3848
3861
4053
3854
4054
3840
3852
4058
3867
3984
4087
4161
3841
3862
4056
4334
3842
3863
4055
4335
3864
4067
3893
3906
3961
3993
9022
3894
3964
3981
3985
3846
3847
3858
4050
3848
3859
4051
3857
4049
3860
4052
3896
3909
3924
3954
8686
3872
3902
3867
3895
3943
3984
4202
3861
3862
4528
3854
3867
4162
3855
4539
3856
4537
3857
4538
3858
4525
3859
4526
3860
3861
4527
3863
4529
3864
4336
4530
3865
4531
3879
3872
3894
3902
3944
3963
3870
3877
4509
3870
3871
4533
3873
3923
3874
3875
3876
3884
3878
4195
3879
4203
4532
3881
3883
3882
3884
3885
3886
3889
3888
3892
3953
3889
3891
3893
3948
3892
3951
3952
3896
3947
9018
3895
3942
3945
4170
3941
3985
4183
3906
3946
8707
3898
3904
3911
3899
3913
3900
3912
3901
3920
3903
3921
4170
4173
3907
4165
3905
3910
3915
4166
3924
3960
3992
8709
3908
3921
3925
9021
3922
3926
4165
8708
3922
3928
4535
8685
3911
3915
3929
3913
3930
3913
3920
3932
3931
3915
3916
3933
4166
3934
3917
3935
4171
3918
3936
4175
3919
3937
4196
3938
4534
9024
3921
3939
3940
3927
4172
8684
3928
3959
3980
8688
3926
3940
3927
9019
3928
8710
3958
3994
8687
3930
3934
3931
3932
3939
3934
3935
3936
3937
3938
3940
3942
3943
8682
3944
3964
4204
8669
3962
3963
8670
3986
4173
8663
3957
3947
3954
3960
4089
3948
3961
3949
3951
3950
3961
4086
3951
3955
4046
3952
3953
3955
3956
3959
3956
4044
4045
4170
3959
3982
4122
3960
3996
4135
3961
3998
3997
3984
4161
8659
4161
4162
8656
3986
4163
8655
4017
3967
3982
3988
4122
3969
4134
3969
3978
3971
3976
3972
3977
3975
3975
3976
3978
3990
4017
3992
3994
3996
8693
3983
4057
4163
3994
3996
4339
3985
4088
4057
4339
7314
4083
4088
3989
3996
4135
4323
3991
3998
4322
4124
4157
4159
3997
4084
4321
3993
3998
4320
8711
3995
3997
4326
9023
8692
4085
4086
4324
3998
4328
3998
4086
4330
4327
4000
4040
4082
4481
4001
4026
4108
4438
4002
4029
4114
4439
4030
4115
4129
4437
4004
4006
4059
4154
21074
4005
4060
4156
21071
4025
4061
4155
21072
4007
4067
4153
21017
4008
4055
4152
21011
4011
4056
4151
21010
4010
4048
4158
19047
4019
4049
21073
4018
4058
4150
21012
4015
4031
4130
4455
4014
4015
4033
4456
4016
4035
4113
4457
4032
4458
4034
4109
4125
4435
4064
4083
4159
4021
4053
19051
4020
4050
21009
4021
4051
19050
4052
19052
4023
4025
4063
4131
21069
4024
4066
4132
21065
4031
4065
4130
21087
4062
4133
21078
4029
4078
4082
4454
4028
4037
4073
4126
4445
4030
4075
4129
4448
4030
4077
4447
4076
4449
4032
4080
4459
4033
4081
4463
4035
4068
4460
4035
4036
4070
4461
4069
4462
4038
4071
4125
4464
4038
4074
4127
4446
4072
4128
4465
4040
4041
4044
4476
4045
4475
4046
4084
4498
4043
4045
4079
4477
4044
4085
4478
4045
4046
4480
4082
4479
4085
4086
4333
4048
4054
4158
21013
4049
19056
4050
19059
4051
19054
4052
19057
4053
19058
4058
19055
4064
4159
19046
4056
4067
4340
21015
4058
4338
21014
4088
4160
21007
4060
4067
21076
4061
21077
4062
21075
4063
21079
4066
21070
4087
4337
21018
4066
4080
21068
21067
21016
4069
4081
4466
4070
4467
4071
4468
4072
4471
4074
4473
4074
4075
4470
4472
4076
4474
4077
4451
4078
4453
4079
4452
4082
4450
4081
21088
4469
4482
4087
4086
4331
4332
4329
4088
21066
4325
4100
4108
4167
4093
4094
4110
4197
4111
4121
4205
4095
4112
4510
4098
4540
4097
4098
4099
4113
4102
4109
4101
4114
4106
4115
4105
4116
4104
4106
4117
4105
4118
4119
4120
4168
4174
4114
4113
4116
4111
4112
4132
4123
4131
4130
4115
4120
4119
4125
4118
4120
4126
4119
4127
4128
4129
4123
4141
4189
4134
4135
4133
4143
4128
4440
4127
4129
4441
4128
4442
4443
4444
4132
21089
4132
4133
21080
21090
4155
21081
4137
4146
4176
4138
4147
4177
4140
4148
4178
4168
4142
4145
4184
4142
4143
4185
4149
4186
4149
4155
4146
4150
4148
4149
4154
4147
4151
4148
4152
4153
4156
4151
21019
4152
21082
4153
21022
4154
21083
4156
21084
4156
21086
21085
4158
4159
21006
19053
4163
8662
20743
8664
8654
4339
8644
8683
4167
4523
4172
8715
4171
4182
4202
4523
4183
4204
4175
4535
4204
8822
4180
4182
4537
4196
4177
4200
4178
4199
4184
4193
4535
4539
4182
4187
4525
4538
4202
4186
4536
4186
4188
4189
4507
4191
4526
4198
4203
4507
4198
4205
4191
4192
4201
4527
4199
4531
4536
4198
4205
4508
4509
4198
4203
4509
4534
4205
4508
4510
4200
4530
4201
4529
4528
4532
19048
19062
4210
4291
20577
4209
4211
4300
4321
20578
4210
4224
4322
20579
4225
4323
20580
4331
4483
4490
20433
4369
4489
19165
4234
4281
19102
4254
4285
19111
4255
4291
19162
4217
4292
4294
19185
4218
4293
19196
4220
4295
19197
4220
4221
4297
19198
4298
19199
4296
4313
19200
4426
19163
21051
19168
21045
4225
4300
4306
19099
4236
4291
19100
4227
4237
4301
4305
19109
4238
4284
19373
4229
4230
4258
19117
4231
4257
19118
4235
4261
19121
4233
4271
19125
4270
19172
4234
4275
19126
4282
19127
4262
4283
19132
4248
4302
4306
19134
4238
4247
4303
19135
4250
19378
4240
4242
4245
4251
19137
4241
4252
4272
19138
4242
4254
4273
19139
4243
4244
19136
4246
4254
4285
19112
4245
4246
4304
19141
4247
4253
19142
4249
4255
19140
4250
4304
19143
4249
4255
4291
19115
4302
4304
19144
4253
19377
4252
4253
19374
4276
19375
19376
4283
19110
4285
19114
4257
4259
4269
4277
19146
4258
4271
19119
4259
4261
19116
4260
4278
19147
4261
4263
4279
19148
4262
19120
4263
4273
19150
4272
4280
19149
4265
4268
4270
19370
4266
4267
4282
19151
4270
4281
19122
4268
4269
4275
19123
4274
19381
4271
4274
19124
19371
4275
19131
4273
4276
19152
4283
19153
4277
19372
4282
19130
4280
19382
4278
19368
4279
19369
4280
19379
19380
4282
19129
19128
19133
4287
4305
19383
19113
4290
4292
4307
19474
4289
4308
19481
4289
4290
4309
19482
4310
19483
4311
19484
19160
4312
19520
4294
4295
4485
19094
4312
4484
19095
4298
4488
19096
4486
19201
21045
4298
4313
4390
19238
4487
19097
4368
19167
21021
4317
4490
19357
4303
4314
4316
19385
4303
4314
19386
4304
19387
19145
4308
4316
19154
4314
4317
19391
4311
4312
4491
19155
4310
4318
19156
4310
4311
4493
19157
4319
19158
4496
19159
4497
19161
4392
4486
19243
4315
19384
4316
4317
4492
19389
4318
19388
4495
19390
4319
4492
19486
4493
4494
19490
4326
4327
8712
17819
4322
4330
4331
17834
4323
4327
17835
4328
17836
4326
4329
4332
17818
20725
21066
4330
9020
17820
4328
4330
17823
17824
4330
4331
4333
17825
17826
4498
17838
4333
4478
17857
4480
4498
17927
4335
4338
8265
4336
4340
8267
8042
8552
21027
4340
8565
21024
8657
8706
8569
20782
19173
20720
21041
4356
4357
4418
4425
19187
4344
4345
4349
4421
19224
4350
4422
4430
19227
4348
4351
4427
19188
4352
4393
4428
19060
19319
4348
4353
4402
4428
19190
4355
4429
19191
4350
4351
4361
19192
4356
4362
19193
4355
4363
19194
4354
4371
19207
21062
4354
4355
4364
19208
4370
4428
19209
4365
19210
4366
4430
19195
4360
4366
4372
19321
4359
4367
4373
4419
19322
4374
4420
4432
19334
4367
4376
4425
19324
4362
4363
4377
19326
4366
4378
19331
4365
4383
19327
4365
4370
4382
19328
4384
19330
4379
19325
4375
4424
19323
19061
19092
21063
4393
4402
4428
19189
4371
19329
21064
19349
21044
21052
4376
4379
4440
20376
4374
4375
4441
20368
4381
4444
20369
4376
4442
20370
4443
20377
4378
4383
4456
20371
4379
4457
20372
4435
20375
4381
4431
4434
4439
20510
4432
4437
20367
4384
20366
21064
21089
4384
4458
20373
4455
20374
4386
4412
4476
4483
20505
4413
4433
4475
20504
4388
4397
4414
4484
19233
4391
4398
4485
19212
4392
4403
4418
4486
19237
4392
4396
4487
19239
4394
4420
4488
19216
4395
19242
4401
19245
4396
4419
4487
19215
4396
4418
4425
19217
4424
19214
4398
4415
4431
19218
4420
4432
19219
4400
4421
4426
19202
21051
4404
4422
19244
21050
19060
19164
4429
4489
19317
4404
4422
4430
19231
4486
19246
21045
4409
4414
4416
4491
19473
4408
4409
4493
4494
19489
4408
4411
4494
4495
19493
4410
4412
19492
4410
4496
19496
4413
4416
19485
4412
4483
4490
19362
4413
19363
4417
19517
4415
4497
19526
4416
4423
19525
4417
19472
4423
4433
19522
4430
19213
4420
4424
19220
19221
4422
4427
19225
19226
4431
4434
19531
4425
19222
19223
19098
21050
4429
19229
21051
19230
19318
21061
19232
4432
19332
19333
4434
4481
20503
4438
20509
4440
4457
4461
17974
19005
19047
21091
4439
4444
4449
17982
4439
4454
4481
17980
4447
17981
4443
4464
17975
4442
4444
4445
17976
4443
4446
17977
4465
17978
4448
17979
4446
4448
4470
18016
4465
4472
18019
4449
4453
4454
17917
4449
4474
18017
4451
18021
4452
4477
4482
17843
4453
4474
17856
4453
4454
17844
17855
4482
17916
4458
4459
17970
21089
4457
4458
4460
17971
4462
17972
4463
17973
4463
18011
21087
21088
4462
4463
4466
18012
4462
4464
4468
18014
4467
18015
4469
18013
4465
4471
18018
4473
18020
4467
4469
17846
21034
4468
17848
21035
4471
17847
21036
17849
21032
21088
4472
4474
17850
4473
17851
21037
4473
17852
17853
21038
17854
4476
4479
4481
17984
4480
4498
17985
4478
4479
17859
4480
17858
4480
4482
17918
17928
4482
17983
17919
4498
20434
4485
4497
19234
4488
19235
19236
4488
19240
19241
19166
21061
4495
19361
4496
4497
19475
4494
4495
19487
4496
19488
19491
19494
19495
19527
17986
4500
4505
4502
4503
4505
4517
4520
4540
4532
4536
4524
4533
4512
4533
4524
4540
4512
4533
9025
8821
4532
8818
4521
4522
4526
4538
4528
4529
4530
4531
4538
4539
4542
4565
5082
11066
4553
4564
5133
11067
4545
4551
4816
5012
7070
11139
4545
4546
4551
4822
11101
4553
4819
11102
4552
4831
11070
11079
4548
4815
4834
11071
11082
4549
4817
4848
11081
4562
4568
4837
11103
4563
4832
6603
11112
4552
5018
7065
11144
5019
7066
11073
11145
4816
4818
11100
4555
4557
4838
6608
11104
4562
4839
6609
11105
4557
4559
4840
6606
11106
4841
6607
11107
4559
4560
4842
6600
11108
4843
6605
11109
4561
4844
6601
11113
4563
4845
6604
11110
4847
6610
11114
4846
6602
11111
4565
4586
4816
6597
11141
4566
4585
6584
11140
4567
4584
6614
11142
4569
4583
6612
11148
4645
4817
6523
6610
10815
4570
4627
6564
11162
4571
4626
6560
11163
4576
4628
6561
11164
4574
4578
4620
6544
11166
4574
4579
4642
6548
11167
4621
6543
11168
4576
4577
4622
6555
11170
4623
6556
11171
4578
4624
6553
11169
4625
6554
11172
4580
4644
6547
11158
4643
6546
7072
11160
4582
4589
4604
4619
5083
5213
4587
4605
5026
5136
5218
4584
4627
4633
6821
25679
4585
4588
6820
25678
4586
4589
5082
6819
4587
5011
5133
6823
4589
5017
5135
6760
4589
4619
4633
5084
6642
5085
6641
4604
4619
4652
4683
5105
5610
4597
4611
4666
4669
4905
5550
4602
4657
4664
4667
4865
5543
4594
4604
4672
4683
5139
5460
4603
4605
5029
5140
5461
4602
4606
4657
4861
5038
5602
4598
4673
4903
5072
5548
4598
4668
4904
5070
5549
4670
4906
5071
5551
4600
4608
4898
5039
5047
5556
4602
4664
4695
4900
5555
4603
4617
5029
5042
5141
5531
4871
5047
5544
4672
4713
5143
5465
4605
5106
5722
5058
5148
5733
4691
4887
5053
5803
4610
4611
4666
4703
4954
6348
4612
4695
4701
4950
6353
4610
4696
4710
4923
5069
6326
4702
4941
5076
6347
4957
5070
5076
6343
4613
4705
4959
5039
6355
4697
4945
5073
5077
6357
4615
4618
4706
4964
5080
6376
4700
4707
4973
5079
6366
4617
4700
4966
5042
5079
6374
4708
4713
5165
6371
4694
4977
5078
5081
6365
4803
5132
6413
4621
4625
4635
6790
25667
4636
4642
6789
25671
4623
4624
4638
6837
25668
4628
4639
6838
25672
4625
4640
6834
25669
4641
6835
25670
4627
4628
4632
6828
25673
4634
6827
25674
4637
6836
25677
4630
4645
4817
4848
6885
4631
4815
4834
6886
4835
5021
6897
11212
4634
4637
4805
6678
25704
4634
4803
6643
25711
4804
6646
25710
4636
4641
4806
6672
25702
4646
4812
6671
25703
4639
4807
6686
25709
4639
4640
4810
6687
25705
4808
6688
25706
4641
4809
6684
25707
4811
6685
25708
4644
4646
6804
25675
4644
6802
7073
7075
26101
4647
6803
25676
4837
6884
7076
4647
4813
6676
25701
4814
6675
7073
25700
4649
4652
4684
4804
5103
5647
4654
4686
4805
5643
25648
4651
4655
4685
4809
5646
25651
4653
4690
4811
5655
25652
4682
4803
5104
5642
4751
4755
4806
5641
25653
4656
4687
4807
5644
25649
4656
4688
4810
5645
25650
4689
4808
5631
25654
4658
4691
4855
5601
4659
4667
4692
4854
5599
4661
4671
4693
4856
5600
4661
4662
4668
4760
4857
5595
4669
4759
4858
5596
4663
4670
4761
4859
5597
4673
4758
4860
5598
4665
4704
4899
5554
4666
4667
4703
4901
5552
4671
4902
5553
4671
4864
5541
4669
4670
4867
5538
4671
4868
5539
4673
4870
5540
4866
5542
4674
4712
5142
5464
4869
5545
4675
4683
4735
5145
5394
4676
4682
4736
5144
5391
4677
4684
4740
5146
5396
4678
4686
4742
5094
5398
4679
4687
4743
5089
5400
4680
4689
4746
5091
5404
4681
4688
4745
5090
5403
4685
4756
4796
5092
5407
4683
4684
5102
5312
5086
5353
4686
5095
5306
4688
4690
5100
5309
4687
5096
5307
4689
5098
5310
4689
5097
5308
5099
5311
4755
4756
5320
25645
4692
4883
5802
4693
4882
5800
4759
4884
5801
4699
4706
4716
4922
6363
4704
4709
4953
6352
4717
5067
5150
6201
4698
4705
4719
4944
6361
4699
4720
4947
5077
6333
4721
4936
5078
6321
4708
4715
4965
6373
4705
4709
4722
4937
6354
4703
4710
4711
4938
6345
4704
4951
6346
4711
4952
6351
4724
4943
6356
4707
4726
4963
6377
4715
4728
4974
6369
4714
4727
4971
6370
4711
4723
4940
6349
4717
4718
4928
6325
4718
4939
6350
4713
4731
4735
5167
6129
4714
5168
6130
4731
4733
4982
6318
4727
4729
4972
6375
4721
4726
4784
4921
6362
4725
5151
6204
4723
4725
4929
6328
4720
4724
4789
4934
6330
4721
4788
4925
6332
4790
4926
6320
4723
4724
4786
4927
6329
4785
4930
6327
4787
4933
6331
4785
5154
6214
4728
4791
4962
6378
4730
4733
4975
6372
4729
4792
4969
6368
4730
4763
4967
6297
4734
4762
4970
6296
4732
4739
4981
6132
4733
4738
4793
4983
6317
4734
4984
6319
4764
4793
4980
6133
4736
4739
5178
5998
4737
4740
5177
5982
4739
4741
4744
4994
5988
4739
4744
4798
4996
6095
4997
5999
4741
4742
5192
6008
4747
4748
5001
6022
4743
4748
5189
6018
4746
4749
5190
6040
4747
4797
4992
6094
4746
4796
4799
5179
6056
4794
5180
6058
4774
4795
5000
6097
4749
4795
5002
6020
4794
4800
5193
6042
4751
4753
4813
5716
6480
25659
4752
4812
5640
25647
4753
4754
4755
5341
25618
5345
5706
6477
25620
4757
4769
5390
6477
25642
4757
5340
25628
4757
4802
5093
5408
4766
5087
5389
4761
4889
5826
4760
4886
5824
4761
4885
5823
4888
5825
4763
4764
5162
6295
4792
5164
6300
4765
5161
6305
4772
4793
5166
6124
4767
4769
4802
5110
5960
4768
4770
4783
5129
5965
4782
5170
5967
6481
6482
4770
5124
5963
6500
5123
5962
6482
6499
4772
4797
5175
5987
6484
4798
5176
5997
4775
4778
4800
4998
6041
6483
4775
4797
4999
6023
6484
4795
5003
6021
6485
4777
4779
4780
4799
5008
6060
4778
4781
5007
6059
6486
4779
5006
6062
6487
4794
4800
5009
6063
4781
4782
4801
5198
6083
5196
6082
6488
6489
4783
5200
6076
6488
4801
4802
5184
6079
4790
4791
5149
6260
4786
5155
6213
4787
5156
6219
4789
5157
6227
4789
4790
5158
6235
5159
6223
5153
6175
4792
5160
6312
5163
6271
4798
4979
6131
4799
5195
6061
4800
5004
6096
4801
4802
5182
6080
4798
4993
5989
4995
6000
4801
5194
6054
5005
6043
5197
6074
5128
6077
4804
5131
6411
4805
6444
25696
4807
6434
25690
4811
4812
6443
25683
4808
6396
25691
4810
6398
25693
4810
4811
6395
25694
6397
25692
6392
25695
4813
6442
25689
4814
6409
25685
6391
6408
6480
25688
4817
7067
11173
11212
5011
6526
11143
7071
11174
4819
5011
5133
5134
25780
4821
4822
5012
25781
4821
4822
4825
4829
5014
25790
4827
5015
5134
25792
4831
5018
25801
4826
4828
4917
5023
25682
25888
5010
6511
25698
25933
4826
4827
4919
5024
25928
4829
4918
5025
25929
4920
5027
5137
25931
4829
4830
4833
5013
25789
4831
5016
25791
4836
5028
25682
25793
4833
5019
25802
4846
6871
26045
4836
5020
11070
26051
4835
4848
26048
4836
11071
26049
5021
11072
26050
4847
4848
26035
4839
4841
6936
26037
4847
6945
26036
4841
4843
6924
26038
6933
26039
4843
4844
6899
26040
6910
26041
4845
6872
26042
4846
6869
26043
6870
26044
7076
26046
26047
7077
25798
25852
4851
4852
4880
4913
5035
26156
4877
4897
4908
5033
26154
4862
4873
4879
5037
26155
4861
4862
4863
4881
5038
26158
4855
4856
4864
4882
26160
4861
4865
4883
26161
4858
4866
4884
26162
4858
4859
4867
4885
26164
4868
4886
26165
4860
4870
4888
26166
4869
4889
26163
4871
4887
26159
4872
4878
5036
26157
4871
4872
4898
5047
26211
4865
4866
4901
26212
4871
4899
26213
4868
4902
26214
4868
4870
4904
26215
4905
26216
4870
4903
26217
4906
26218
4900
26219
4873
4907
5048
26220
4913
4960
5045
26221
6476
25631
26313
4914
4916
6478
26264
6479
26280
26776
4880
4917
5049
25682
26757
4879
4881
5052
25881
26086
4880
5051
25887
26076
5050
25863
26755
4887
5053
25865
26077
4883
4884
25869
26079
4887
25868
26078
4886
25871
26080
4886
4888
25876
26081
25878
26082
25880
26085
4889
25877
26083
25875
26084
5130
6472
25889
4991
5174
6501
26633
6491
25661
26637
6492
25662
26789
4895
4909
4920
5030
5138
26133
4896
4910
4919
5031
26136
4897
4911
4918
5032
26152
4912
4917
5034
26153
4900
4907
4950
26199
4900
4901
4952
26200
4953
26201
4902
4951
26203
4905
4954
26204
4906
4958
26205
4905
4906
4955
26206
4957
26207
4956
26208
4959
4960
5039
26202
4912
4913
4949
5040
26210
4910
4966
5042
5141
26194
4911
4968
5041
26196
4912
4976
5043
26197
4978
5044
26198
4961
5046
26209
4915
5088
5707
25625
26258
6512
25630
26265
26776
4986
5088
6469
26266
4918
5054
26758
4919
5056
26760
4920
5055
26759
5057
5201
26769
4922
4926
4962
5149
26497
4936
4963
4977
26498
4924
4928
4941
5150
26521
4942
5069
5107
5152
26526
4926
4934
4947
5158
26547
4936
5153
26551
4930
4933
4937
5156
26510
4929
4938
5151
26513
4930
4939
5154
26514
4940
5155
26512
4932
4935
4956
5064
5108
26529
4958
5066
5109
26527
4934
4943
5157
26539
4944
5159
26543
4942
4955
5068
5152
26528
4947
4948
26553
4940
4943
4950
26509
4939
4941
4951
26517
4940
4952
26519
4953
26516
4942
4954
26522
4957
5076
26530
4944
4959
26541
4945
4947
26544
4946
4959
4960
26546
4947
4948
4961
5077
26549
26548
4949
4977
5078
26552
4961
4978
5075
26554
4953
4959
26508
4952
4954
26518
4953
26520
26515
4957
26523
4956
4957
5070
26531
4958
5071
26532
26533
5072
26534
26540
4961
5073
26545
5074
26550
4963
4969
5160
26477
4964
4974
26476
4973
4976
4977
26475
4966
4971
4972
4973
26481
4968
5165
26479
4969
4970
4972
5164
26486
4973
4976
5079
26482
4974
5163
26490
4975
4980
5162
26494
4975
4982
5165
26491
4974
4975
26485
4974
26487
26489
4984
26493
4978
5080
26488
4978
26495
5081
26496
4980
4983
4995
5166
26561
4984
5161
26562
4982
4983
4997
5167
26558
4984
5168
26557
4984
4996
26563
26560
4990
5120
5172
5173
6503
26629
5174
6475
25639
26634
5122
5171
6494
25661
26636
4990
5172
6504
26630
26789
5113
6507
25662
26631
26637
6493
26632
5173
6510
25666
26627
4993
4994
4996
5000
26682
4995
4999
5175
26683
4997
5001
5177
26680
4996
5176
26688
4997
26689
5178
26686
5003
5005
5006
5185
26670
5000
5003
5186
26671
5001
5004
26668
5002
5192
26646
5004
5189
5193
26648
5004
5187
26672
5005
26669
5009
5193
26666
5007
5009
5188
26673
5008
5191
5196
26679
5009
5194
5198
26675
5195
26678
5737
25681
25889
25927
5012
5017
6874
5015
5018
6876
5016
5020
5023
5028
6882
5015
5016
5018
5024
6881
5017
5027
6880
5019
5025
6879
5026
5134
6873
5019
6875
5020
6878
5021
6883
11073
5028
6898
11211
5023
5028
5049
5211
25682
5025
5054
5225
5025
5027
5055
5281
5056
5280
5027
5058
5137
5226
5057
5278
6689
5030
5058
5138
5546
5031
5042
5057
5547
5032
5041
5055
5533
5034
5043
5056
5532
5034
5035
5040
5049
5570
5044
5054
5571
5037
5046
5050
5569
5037
5038
5048
5052
5593
5045
5051
5594
5047
5053
5592
5048
5073
5557
5044
5046
5075
5558
5042
5043
5079
5562
5560
5044
5080
5561
5081
5559
5046
5048
5073
5537
5074
5536
5048
5534
5535
5050
5054
5821
5051
5796
5052
5799
5053
5798
5797
5056
5786
5056
5057
5788
5787
5058
5774
5201
5770
5060
5062
6237
26787
5061
5065
6191
26788
5062
5063
5064
5108
6324
5066
5109
6339
5065
5068
5069
5152
6322
5066
5068
5071
6337
5067
6192
25660
5072
6340
5069
5107
6202
5070
5076
6336
5076
6323
5071
6341
5072
6342
6344
5074
6358
5075
5077
6360
5078
5081
6334
6338
5078
6359
6335
5080
6367
5081
6379
6364
5085
5133
25678
25778
5085
5106
5132
5136
25926
5085
5132
25678
25711
25972
5135
25971
5102
5105
5139
5145
26230
5093
5110
25628
25642
26251
5703
25616
25639
26250
5091
5094
5098
5190
26270
5091
5092
5097
5179
26272
5099
5180
26271
5093
5100
5182
26273
5128
25645
26274
5096
5146
5189
26269
5096
5102
5103
5146
26242
5098
25648
26282
5099
5100
25650
26284
5099
25649
26283
25654
26285
25645
25651
26243
6513
25631
26239
26280
26360
5104
5144
26246
5104
25648
25696
26347
5105
5131
26363
5106
5132
26379
5139
5148
26380
5150
25660
26502
5109
5152
26505
26788
26503
26787
5124
5128
5129
26610
5112
5116
5126
6518
25663
26612
5113
5114
6386
25665
26604
6515
25663
26605
26639
5115
5116
6381
25635
26614
5118
6380
25634
25665
26615
5127
6387
25636
26616
5118
5172
6390
25665
26626
26789
5119
6383
25633
26617
5120
5172
6382
25637
26606
5121
6384
25638
26618
5173
6388
25641
25666
26619
5125
5169
6495
26607
26638
5124
5125
5126
5129
26620
5127
25642
26621
5170
6482
25664
26608
5127
6499
25664
26613
6500
25643
26622
5182
5184
26655
5170
5184
26600
5147
6471
25891
26087
5132
25696
25711
25924
25925
5135
25779
5135
5137
25794
5136
25795
5137
5148
25930
5201
25932
5140
5141
5201
26132
5140
5142
26134
5143
5148
26135
5143
5165
26195
5143
5145
5167
26222
5168
26223
5145
5146
5177
26275
5178
26276
5192
26268
6467
26116
26313
26768
5201
26381
5153
5160
26499
5151
26506
5154
26507
25660
26525
5158
26537
5155
26511
5156
26524
5157
26535
5159
26536
5159
26538
26542
5163
26474
5162
5166
26478
5164
26492
5164
26483
26484
5168
26480
5176
26559
5168
5178
26556
26555
5170
5171
5199
6481
26623
5200
26601
5183
6490
26624
6516
26625
6509
26635
6517
25640
25666
26641
5176
5186
26681
26687
5178
5192
26684
26685
5180
5182
5194
26651
5190
5195
26652
5183
5191
5196
6489
26674
5197
26653
5199
6502
26660
5197
5200
26654
5187
5188
6483
26663
5187
6484
26664
6485
26665
5191
6487
26667
5190
5192
26647
5193
26650
6486
26676
26645
5195
26649
5195
5197
26656
26662
5198
5199
26677
5198
26657
5200
26658
5200
6488
26661
26659
26770
5208
5830
6617
6622
6625
6772
5205
5206
5244
6415
6631
6794
5242
5243
6637
6953
6955
5242
5273
6634
6647
6766
5246
5737
6723
6914
25681
5245
6618
6921
7077
25852
6453
7018
7019
7052
14473
5270
6466
6634
6647
7034
14476
5212
5219
5709
6417
6636
17499
5215
5222
5225
5821
6689
5220
5721
6412
6413
6639
5218
5220
5722
6413
6641
5217
5219
5221
5768
6950
17502
5216
5247
5796
5222
5237
5268
5777
5218
5220
5224
5732
6759
5226
5733
6760
5220
5730
6635
17501
5731
6638
5224
5271
5766
6947
17591
5223
5239
5779
6846
5225
5269
5275
5780
6847
5226
5272
5769
6758
5280
5786
6882
5278
5770
6873
5228
5229
5249
5807
17804
5230
5251
5794
17806
5231
5250
5808
17805
5248
5795
17807
5232
5256
5810
17808
5233
5258
5812
17809
5235
5260
5814
17810
5235
5236
5262
5816
17811
5264
5818
17812
5238
5267
5820
17813
5238
5239
5790
17814
5268
5804
17815
5269
5778
6959
17816
5270
5273
6634
5242
5273
5279
5244
6765
6967
5244
5245
6618
6840
5246
5279
6815
5246
6919
25697
6511
6915
25698
5266
5268
5799
5251
5252
5793
5250
5251
5253
5805
5255
5256
5806
5254
5792
5254
5826
5254
5255
5823
5825
5257
5824
5257
5258
5809
5259
5801
5259
5260
5811
5261
5800
5261
5264
5813
5265
5802
5263
5264
5267
5815
5265
5266
5797
5265
5817
5803
5267
5798
5268
5819
5789
5274
5781
6960
17788
5747
6460
5272
5276
5772
6957
17789
5277
5278
5773
6844
5747
6415
5275
5276
5783
6956
17790
5277
5280
5782
6843
5277
5784
6958
17791
5281
5785
6845
5281
5774
6880
6415
6511
5281
5787
6879
5788
6881
5287
5296
5319
5422
5664
15438
5284
5285
5289
5346
5710
15427
5288
5347
5452
5709
15428
5286
5290
5354
5724
15429
5287
5291
5316
5611
15439
5294
5317
5661
15436
5289
5393
5454
5877
15412
5290
5392
5878
15413
5291
5395
5879
15419
5294
5397
5880
15420
5293
5406
5421
5436
5884
15418
5295
5405
5423
5882
15414
5296
5399
5885
15415
5296
5401
5422
5886
15416
5402
5887
15417
5321
5416
5417
5321
5431
6463
5300
5303
5321
5431
5615
5301
5305
5411
5619
5708
5303
5313
5409
5617
5705
5304
5410
5420
5331
5410
5420
5616
5358
5435
6450
17792
5321
5416
5618
6513
5307
5312
5354
5396
5647
5310
5316
5398
5643
5309
5311
5318
5403
5645
5320
5355
5407
5646
5311
5317
5400
5644
5319
5404
5631
5346
5353
5391
5642
5331
5337
5412
5627
5698
5315
5348
5352
5386
5630
5687
5349
5351
5384
5625
5686
5317
5354
5397
5649
5319
5399
5650
5319
5355
5401
5422
5651
5402
5652
5340
5356
5408
5655
5605
5325
5328
5342
5368
5425
5713
5326
5327
5343
5373
5426
5715
5325
5328
5329
5378
5694
5718
5345
5379
5706
5719
5329
5344
5381
5682
5720
5328
5329
5366
5427
5711
5367
5428
5712
5377
5683
5717
5331
5333
5337
5361
5432
5633
5358
5626
6450
5339
5341
5342
5387
5430
5608
5334
5338
5364
5449
5632
5348
5352
5363
5448
5621
5336
5343
5350
5372
5446
5636
5344
5351
5375
5638
5680
5338
5413
5628
5688
5352
5382
5624
5685
5340
5356
5388
5429
5639
5341
5389
5641
5345
5390
5640
5345
5369
5424
5714
5344
5374
5433
5606
5376
5637
5681
5380
5716
5347
5354
5392
5609
5353
5393
5459
5721
5349
5362
5447
5622
5350
5370
5450
5623
5351
5371
5451
5634
5383
5635
5679
5385
5629
5684
5394
5460
5610
5395
5648
5356
5405
5423
5653
5406
5421
5654
5365
5891
6108
6459
17602
5361
5410
5412
5360
5364
5365
5415
5891
5361
5414
5364
5413
5435
5363
5370
5386
5443
5893
5364
5385
5891
6459
5382
6451
6451
5367
5373
5377
5438
5901
5368
5378
5439
5900
5369
5379
5440
5902
5380
5387
5434
5899
5371
5384
5419
5890
5372
5383
5445
5920
5374
5375
5444
5921
5374
5381
5441
5915
5376
5442
5927
5376
5383
5695
5947
5381
5699
5948
5378
5381
5690
5943
5379
5696
5942
5380
5704
5944
5390
5941
6477
5689
5934
5385
5413
5415
5703
5384
5691
5945
5386
5700
5946
5386
5702
6092
5697
5971
5388
5390
5437
5952
5389
5406
5436
5953
5390
5408
5960
5963
5392
5394
5396
5982
5393
5395
5981
5394
5462
5996
5464
5998
5396
5397
6007
5398
6008
5398
5399
6017
5400
6018
5400
5402
6038
5404
6040
5402
5403
5405
6048
5404
6053
5404
5407
6056
6058
5406
5407
6068
5408
6073
5408
6080
6077
5410
5411
5412
6470
6479
5413
6512
5414
5707
5415
6478
6092
6469
5418
5604
6468
5604
5605
5620
5835
6452
5603
6476
5443
5445
5450
6458
15402
5431
5660
6450
15400
5423
5429
5613
15434
5423
5663
15437
5662
15435
5425
5430
5434
5726
15423
5428
5440
5725
15425
5427
5433
5441
5723
15422
5428
5438
5728
15421
5439
5729
15424
5430
5436
5612
15433
5437
5727
15426
6464
17604
5435
5449
5665
6450
15543
5442
5446
5614
15432
5437
5440
5876
15408
6451
17603
5437
5870
15411
5858
15410
5439
5441
5859
15405
5440
5875
15406
6107
15407
5442
5867
15409
5444
5868
15404
5447
6108
6459
15540
5445
5446
6106
15403
5451
6462
15401
5451
5668
15431
5448
5450
5656
15430
5449
5659
6459
15452
5658
6451
15544
5451
5657
15450
5666
15451
5453
5454
5459
5730
15442
5455
5456
5458
5768
15443
5455
5462
6112
15441
5457
5463
6111
15440
5457
5472
5495
5766
15445
5528
5530
6114
15444
5459
5461
5463
5495
5732
5460
5462
5731
5461
5464
5722
5465
5546
5733
5463
5464
6123
5465
5530
6128
5465
6129
5531
6130
5467
5468
5523
5563
5571
5780
5469
5522
5568
5781
17685
5469
5471
5525
5532
5782
5470
5524
5783
17662
5471
5472
5526
5784
17664
5496
5527
5533
5785
5496
5528
5772
17663
5474
5476
5477
5498
5538
5577
5478
5481
5499
5539
5578
5476
5479
5497
5545
5576
5480
5500
5540
5579
5478
5480
5502
5580
17651
5482
5504
5581
17652
5480
5501
5583
17653
5503
5582
17654
5482
5483
5505
5542
5584
5484
5507
5585
17655
5484
5485
5506
5541
5586
5486
5508
5587
17657
5486
5489
5509
5543
5588
5490
5513
5589
17658
5488
5489
5491
5510
5534
5590
5490
5492
5514
5572
17656
5490
5511
5544
5591
5515
5573
17659
5492
5493
5512
5535
5574
5494
5516
5575
17665
5494
5519
5537
5565
6233
5517
5521
5567
17670
5496
5530
5546
5769
5529
5547
5773
5500
5501
5548
6183
5499
5500
5502
5549
6180
5504
5505
5550
6181
5503
5551
6182
5503
6241
17667
5503
5504
6239
17669
6242
17668
5507
6240
17666
5506
5507
5553
6194
5508
5509
5552
6199
5508
6244
17671
5513
6246
17672
5511
5513
5554
6209
5511
5512
5514
5556
6215
5515
5555
6206
5516
5557
6220
6233
5515
6248
17673
5515
5516
6252
17676
6250
17674
5517
6161
17678
6168
6233
6257
17679
5519
5520
5523
5558
5563
6170
5521
5536
5564
6232
5521
5522
5568
6140
17677
5566
6257
17675
5523
5524
6265
17680
5525
5559
6267
5525
5526
6307
17682
5527
5561
6308
5527
5528
6273
17683
5529
5562
6275
5529
6285
17681
5530
5560
6294
5531
6290
5546
5560
6371
5533
5561
5571
5787
5547
5562
5788
5535
5544
5556
5592
5537
5557
5593
5537
5558
5569
6360
5594
6358
5539
5540
5549
5595
5542
5550
5596
5545
5551
5597
5542
5543
5552
5599
5553
5600
5544
5554
5601
5555
5602
5548
5598
5547
5770
5560
5774
5551
6344
5550
5551
6341
5553
6343
6342
5553
5554
6346
6348
5555
6351
5556
6352
5557
6353
6355
6358
5559
5570
6334
5561
5571
6364
5562
6374
5562
6379
6367
5564
5568
5570
5779
5565
5566
5569
5777
5567
5574
5594
5789
5567
5568
5790
17660
5575
5804
17605
5778
17684
5570
5594
5796
5571
5821
5786
5573
5575
5590
5816
17607
5589
5591
5818
17608
5575
5590
5593
5819
5820
17606
5579
5583
5598
5793
5578
5579
5580
5595
5805
5581
5584
5596
5806
5582
5597
5792
5581
5582
5807
17612
5585
5808
17613
5583
5794
17614
5795
17611
5585
5586
5600
5809
5587
5810
17615
5587
5588
5599
5811
5589
5812
17609
5589
5591
5601
5813
5814
17610
5591
5592
5815
5602
5817
5593
5602
5797
5594
5798
5799
5596
5597
5823
5600
5824
5598
5825
5826
5600
5601
5800
5801
5602
5802
5803
5604
5607
5620
5842
6514
5618
5701
5832
5615
5618
5830
6463
5614
5636
5637
5715
6432
5739
5771
5776
6467
5639
5640
5714
5727
6410
5642
5648
5710
5721
6412
5642
5721
5722
6413
5649
5661
5724
6423
15474
5613
5639
5727
6419
15467
5654
5662
6427
15468
5668
5723
6439
15446
5616
5619
5836
6464
5617
5626
5660
5845
5619
5627
5676
5843
5619
5692
5833
5693
5834
5767
5771
5844
5622
5629
5632
5659
5743
5623
5630
5656
5744
5625
5634
5657
5748
5628
5629
5632
5670
5741
5630
5635
5674
5751
5627
5633
5667
5841
5628
5672
5840
5633
5673
5738
5630
5669
5745
5671
5746
5644
5645
5652
6398
5633
5658
5742
5665
5740
5635
5636
5666
5749
5638
5675
5750
5638
5668
6393
5638
5678
5720
6433
5677
6394
5641
5654
6441
5641
5716
6442
5655
6443
5647
6411
5644
5647
5649
6434
5650
6396
5646
5651
6397
5653
5655
6395
5648
6444
5649
5724
6414
5650
6445
5652
5661
6436
5652
5653
5663
6437
5664
6438
5654
5662
6435
5655
6446
6392
5657
5659
5753
15455
5666
5754
15456
5659
5665
5757
15458
5752
15454
5667
6456
6464
15545
5664
6424
15470
5663
6426
15469
5664
6428
15471
6425
15472
5667
5756
15457
5668
5758
15453
5755
6450
15459
6399
15460
5670
5671
5684
5761
26783
5673
5685
5759
26782
5674
5687
5763
26784
5673
5676
5698
5847
26780
5688
5760
26781
5675
5686
5762
26779
5677
5679
5764
26777
5693
5705
5846
26785
5678
5680
6400
26778
5681
5735
6447
25646
5680
5686
5691
25627
5681
5695
25617
5682
5699
25619
5683
5689
5735
25621
5690
5694
5734
25622
5685
5687
5702
25626
5688
5703
25616
5687
5700
25629
5697
25644
5698
5707
25625
5690
5699
6383
25633
5696
6380
25634
5695
5700
6388
25641
5693
5701
5838
6513
26360
5708
5837
26786
5696
5706
5736
25623
5699
6384
25638
5704
6381
25635
5700
5702
6517
25640
5705
6512
25630
6382
25637
6389
25632
5848
6468
6514
26312
5703
6475
25639
5707
6469
5706
6387
6477
25636
5708
6470
26279
6480
25624
6478
6512
6479
6513
26280
5710
5721
5730
15476
5724
6417
15477
5712
5715
5717
5728
6401
5713
5718
5729
6402
5714
5719
5725
6403
5716
5726
6404
5720
5723
6405
5719
6409
5718
5720
5734
6406
5719
5736
6407
6408
6480
5735
6440
5731
5731
5733
5728
6430
15465
6416
15473
5726
5729
6420
15463
5727
6421
15461
6418
15466
5729
6429
15464
6422
15462
5731
5768
15475
5732
5733
5768
5769
5770
5735
5736
6431
25656
6448
25655
6391
6480
25657
5839
6415
6511
5740
5741
5760
5840
6649
5765
5827
5829
5842
6628
5742
5756
5841
6648
5742
5745
5759
6656
5743
5757
6652
5744
5745
5752
6653
5746
5748
5753
6654
5746
5761
6657
5751
5763
6658
5828
5831
6647
5749
5751
5754
6655
5750
5758
6393
6650
5751
5764
6394
6651
5762
6659
5753
5757
7023
15481
5754
6705
15482
5758
6703
15483
5756
5841
6456
7020
15478
5757
7021
15479
7022
15480
6399
6704
15484
5760
5761
6716
26117
5847
6715
26113
5763
6717
26114
5763
5764
6721
26111
6718
26115
6400
6720
26110
5849
6449
6467
6727
26116
5768
5769
5772
17588
5775
6452
6465
17616
15485
5770
5773
5774
5775
5791
5827
5773
5784
17687
5774
5785
5788
6461
5791
5822
5829
6471
5779
5789
5790
5796
5779
5781
5790
17691
5780
5821
5781
5782
5786
5783
17688
5783
5785
5787
5784
17689
5785
17690
5788
5787
5821
5788
5799
5804
5819
5804
17617
5828
5793
5794
5805
5825
5795
5826
5795
5807
17794
17795
5799
5821
5798
5803
5815
5799
5819
5801
5802
5811
5809
5824
5803
5813
5817
5820
17618
5806
5807
5823
5808
5809
5824
5808
17793
5810
17796
5810
5811
5812
17797
5812
5813
5814
17798
5814
5817
5818
17799
5816
5817
5819
5818
5820
17800
5818
17801
5820
17802
5831
6472
5824
5825
5826
5828
5844
6461
6620
5829
6460
6619
5831
6449
6633
5833
5835
5836
6453
5839
6415
6631
5833
5835
5842
5848
6624
5834
5838
6625
5836
5837
5843
6626
5844
6454
6617
5845
6455
6622
5838
5846
6711
25893
5848
6714
25894
6449
6472
6723
25889
5841
5843
5847
6632
5845
6630
5844
5849
6623
5845
5846
6629
6465
6621
6456
6627
5847
6712
26107
6713
26112
5849
6719
25896
6514
6722
25910
5862
5867
5914
5973
6109
15488
5852
5918
5923
6462
17621
5919
5929
6106
6109
15507
5855
5880
6003
6005
6016
17699
5872
5883
6029
6030
6071
17695
5857
5885
6031
6037
17696
5857
5881
5886
6032
6047
17589
5887
6033
6052
17697
5870
5873
5876
5952
15503
5862
5867
5875
5901
15497
5861
5863
5888
5905
6110
15523
5864
5874
5896
6105
15490
5865
5866
5906
15491
5864
5865
5897
6107
15495
5873
5876
5898
15496
5875
5907
6110
15494
5910
5916
5973
6110
17692
5868
5915
15498
5927
6106
6109
15508
5872
5956
5976
6030
6457
15522
5871
5884
5953
15502
5872
5873
5883
5957
15501
5874
5959
15492
5874
5951
15500
5958
6457
15499
5900
6107
15504
5899
6107
15506
5878
5978
5996
6112
15509
5879
5979
5981
15510
5880
6003
6007
15518
5885
6017
15519
5882
5883
6029
6067
15511
5884
5886
6068
15514
5884
6072
15512
6073
15513
5887
6038
15515
5887
6048
15516
6053
15517
5911
5975
6105
17700
5909
5950
5976
6457
17620
5893
5920
5922
5946
6458
5893
6092
5893
5922
6099
5971
6108
5903
5908
5911
5975
6101
5912
5917
5936
5938
5961
6497
5898
5905
5912
5938
5958
5898
5902
5905
5907
5931
5899
5939
5951
5902
5941
5952
5901
5902
5907
5942
5906
5915
5943
5944
6107
5910
5916
5935
5909
5912
5936
5950
5908
5911
5937
5907
5914
5916
5940
5908
5932
5916
5933
6110
6105
5975
5912
5917
5955
6105
5916
5930
5933
5935
5940
6474
5915
5925
5926
5949
5927
5934
5925
5937
6101
6103
6508
5919
5920
5922
5972
5921
5926
5928
5970
5921
5945
6462
5927
5947
6106
5923
6100
6458
5925
5926
5928
5974
6102
5930
5973
5927
5969
6109
5948
5929
6098
5974
5949
6102
6104
6505
5932
5937
5939
5944
6518
5933
5940
5942
6386
5937
6101
6515
5943
5948
5949
6383
6101
6104
6506
6093
6103
6496
5938
6473
5939
5964
6498
5941
5962
6499
5943
5949
6385
5944
5963
6500
5943
5944
6381
6380
6387
5946
5947
5972
6388
5971
6100
6389
5948
5970
6384
5969
6382
5969
6390
5954
5955
6093
5952
5957
5958
5962
5953
5963
5957
5960
6073
5956
5968
5976
6069
5956
5958
5961
6457
5959
5966
6070
5959
5965
6072
5959
5964
5967
6071
5963
5965
6077
5964
5966
6093
6495
5963
5964
5965
5967
6482
5967
6079
5967
5968
6075
6481
6076
6081
6093
6490
5970
6102
6516
5972
6098
6503
6092
6099
6517
6100
6509
5974
17702
6109
17803
6110
17619
6088
17701
5978
5980
5992
6002
6115
17705
5979
5995
6116
17694
5980
5985
6003
17693
5984
5991
6004
17706
5982
5985
5996
6007
5988
5998
6008
5986
5987
5990
5994
6011
5985
5986
5992
6012
6094
5988
5995
6006
5989
5991
5993
6010
5989
5997
6009
5999
6022
6094
6000
6023
6094
5991
6001
6024
17623
6002
6026
17704
5993
5995
6095
6121
5994
6000
6002
6119
5997
6001
6120
5996
5999
6122
5998
6123
6000
6124
5999
6129
6095
6132
6095
6131
6002
6134
17622
6135
17703
6004
6006
17698
6005
6012
6026
17709
6013
6027
6031
17710
6007
6012
6016
6022
6008
6017
6018
6022
6011
6019
6023
6484
6011
6012
6014
6023
6026
6015
6024
6013
6097
6014
6016
6036
6096
6015
6021
6027
6034
6019
6025
6035
6017
6020
6037
6018
6038
6020
6040
6021
6039
6485
6022
6042
6096
6023
6041
6096
6097
6097
6025
6026
17624
6027
6085
17625
6027
17707
6089
17708
6029
6030
6064
6084
6090
17712
6032
6066
17713
6070
6088
17711
6033
6036
6089
17714
6033
6046
6090
17719
6051
6091
17717
6035
6036
6041
6049
6089
6039
6050
6085
6037
6043
6051
6038
6042
6052
6040
6053
6041
6057
6483
6042
6058
6043
6062
6043
6061
6063
6096
6045
6046
6049
6059
6064
6090
6050
6055
6065
6086
6047
6051
6060
6066
6048
6052
6054
6067
6053
6056
6068
6050
6051
6062
6091
6057
6087
6052
6063
6053
6061
6058
6056
6060
6061
6074
6057
6059
6078
6486
6058
6080
6062
6487
6061
6060
6062
6082
6063
6083
6063
6063
6065
6066
6070
6082
6069
6078
6084
6067
6071
6083
6068
6072
6074
6073
6080
6070
6081
6088
6071
6075
6072
6076
6073
6079
6077
6079
6080
6083
6076
6081
6082
6488
6079
6083
6079
6080
6081
6082
6489
6502
6083
6086
6088
17628
6087
6089
17626
6087
6090
17629
6091
17627
17630
6091
17715
6091
17716
17718
6475
6494
6095
6097
6317
6097
6102
6493
6100
6501
6510
6507
6504
6491
6492
6457
15493
6462
16606
15505
6458
17661
15489
15487
6112
6114
6118
6128
17590
6116
6123
15520
6137
6139
6187
17726
6282
6285
6290
17772
6116
6117
6121
6135
17723
6118
6122
17720
6118
6125
6136
6281
17724
6127
6282
17725
6120
6121
6126
6131
6135
6124
6134
6304
6122
6125
6317
6123
6127
6132
6128
6129
6131
6305
6126
6127
6287
6319
6133
6136
6288
6304
6128
6289
6318
6130
6290
6130
6132
6318
6371
6133
6317
6317
6318
6296
6305
6319
6135
6306
17631
6136
17721
6302
6306
17722
6138
6147
6190
17632
6139
6144
6148
6186
17745
6145
6189
17746
6141
6170
6257
6265
17742
6142
6165
6172
6266
17743
6143
6166
6174
6262
17744
6167
6173
6238
6261
17729
6146
6147
6149
6184
17730
6148
6179
6241
17750
6150
6151
6185
6243
17732
6188
6243
17633
6149
6178
6242
17749
6150
6176
6239
17747
6152
6177
6240
17748
6152
6153
6195
6245
17734
6154
6193
6244
17752
6154
6155
6200
6247
17735
6157
6198
6246
17753
6157
6158
6211
6249
17737
6157
6158
6159
6207
6250
17757
6208
6248
17758
6160
6210
6251
17736
6160
6163
6217
6252
17760
6164
6216
6253
17738
6163
6168
6220
6252
17761
6164
6167
6169
6221
6254
17739
6164
6169
6224
17762
6225
6255
17740
6166
6168
6229
6257
17763
6167
6169
6231
17764
6234
6256
17741
6169
6230
17766
6236
17767
6172
6232
6267
6334
6173
6175
6228
6238
6259
6174
6229
6268
6335
6174
6234
6263
6320
6231
6264
6321
6235
6260
6320
6177
6178
6180
6184
6336
6181
6185
6193
6338
6179
6182
6186
6337
6183
6189
6340
6181
6182
6239
6341
6194
6240
6343
6183
6242
6342
6241
6344
6185
6186
6188
6322
6195
6197
6323
6189
6190
6324
6189
6190
6237
6190
6192
6197
6339
6191
6192
6237
6324
6202
6322
6194
6195
6198
6347
6199
6244
6348
6196
6200
6326
6197
6201
6203
6245
6202
6243
6199
6200
6208
6345
6209
6246
6346
6203
6211
6325
6202
6204
6326
6323
6204
6212
6247
6214
6325
6210
6212
6213
6218
6251
6207
6209
6215
6250
6352
6208
6210
6217
6349
6209
6211
6350
6248
6351
6211
6216
6327
6212
6328
6214
6249
6214
6219
6327
6328
6217
6220
6252
6353
6217
6218
6225
6329
6224
6354
6219
6226
6253
6227
6329
6224
6230
6355
6222
6225
6234
6236
6330
6223
6226
6228
6254
6227
6235
6330
6225
6236
6356
6226
6331
6227
6255
6331
6234
6235
6256
6230
6231
6232
6359
6233
6236
6357
6234
6236
6333
6233
6257
6360
6358
6332
6332
6361
6339
6256
6258
17640
6240
6242
17733
6244
17731
6242
17728
17727
6245
17643
6246
17751
6247
17641
6248
17754
6249
17637
6250
17755
6251
17634
6252
17756
6253
17635
17759
6255
17636
6255
6256
17638
17639
17642
17765
6259
6261
6269
17644
6260
6263
6311
6312
6362
6262
6263
6316
17768
6264
6266
6310
17770
6264
6315
6362
6268
6314
6363
6266
6267
6307
17771
6268
6309
17769
6268
6308
6364
6313
6365
6272
6311
6316
17645
6271
6272
6278
6299
6311
6300
6312
6368
6279
6301
17646
6275
6280
6285
6307
17776
6275
6277
6280
6291
6313
6366
6294
6308
6367
6277
6279
6280
6283
6310
17774
6278
6293
6314
6369
6279
6292
6315
6368
6303
6316
17775
6284
6309
17777
6282
6283
6287
6302
17780
6284
6289
17782
6284
6293
6303
17781
6285
6291
17783
6294
17773
6288
6295
6298
6299
6304
6288
6289
6293
6372
6292
6296
6302
6290
6291
6370
6294
6371
6293
6294
6373
6293
6297
6299
6303
6375
6374
6296
6300
6305
6297
6372
6300
6368
6375
6301
6302
6306
17647
6300
6301
6303
17648
6303
17778
17779
6305
6306
17649
6308
6309
17784
6313
6379
6310
6313
17785
6314
6316
17787
6312
6315
6378
6314
6376
6315
6377
6316
6378
17786
6319
6319
6370
6372
6321
6332
6362
6333
6335
6363
6323
6324
6336
6326
6338
6337
6339
6326
6328
6345
6347
6328
6329
6349
6350
6331
6354
6331
6332
6361
6356
6333
6359
6361
6335
6360
6364
6359
6365
6337
6338
6341
6340
6342
6343
6347
6340
6344
6342
6343
6344
6348
6346
6347
6350
6348
6351
6348
6350
6352
6354
6351
6352
6353
6354
6355
6356
6356
6357
6361
6358
6359
6361
6360
6360
6363
6378
6365
6377
6365
6379
6376
6367
6369
6373
6376
6374
6379
6369
6378
6375
6377
6371
6372
6373
6374
6375
6374
6375
6377
6379
6378
6381
6383
6385
6386
6387
6383
6384
6516
6390
6388
6503
6386
6390
6474
25665
6515
6518
6500
6518
6389
6509
6510
6517
25666
6505
6516
6407
6431
7073
25687
6395
6443
6446
6685
6394
6399
6432
6660
6400
6433
6662
6397
6435
6684
6398
6434
6436
6686
6398
6437
6687
6438
6688
6439
6706
15524
6447
6725
26109
6402
6405
6406
6429
6667
6403
6407
6422
6668
6404
6408
6420
6669
6409
6410
6421
6670
6430
6432
6440
6664
6407
6431
6440
6673
6408
6674
6409
6675
6442
6676
6418
6441
6442
6665
6412
6413
6444
6643
6414
6417
6640
6642
6416
6444
6445
6644
6417
6423
6695
17500
6691
17498
6419
6421
6692
15528
6427
6441
6699
15526
6421
6422
6693
15529
6694
15527
6429
6708
15531
6424
6445
6696
15537
6425
6436
6697
15536
6428
6438
6698
15535
6427
6428
6435
6700
15532
6446
6701
15533
6437
6702
15534
6430
6707
15530
6439
6710
15539
6448
6729
25686
6433
6439
6661
6440
6447
6663
6444
6445
6678
6437
6446
6679
6438
6445
6681
6438
6682
6683
6709
15538
6448
6677
6443
6446
6666
6443
6671
6672
6646
6645
6680
6448
6724
26108
6728
25684
6471
6726
25891
15449
6459
15448
6454
6463
17686
6454
6455
6463
16580
6465
7018
16581
6456
6464
7019
16588
7017
16604
15521
6462
15486
15447
6461
6466
17650
6465
7043
15525
16605
6464
15542
15541
7042
16587
6619
7029
7043
17601
6471
6514
6476
6513
25631
6475
6478
6479
6512
26776
6472
6498
6508
6515
6518
25663
6505
6506
6515
26639
6517
6514
6500
25643
25658
6488
6490
6495
6495
6498
6485
6487
6485
6487
6489
6502
6502
6494
6502
6496
6508
6505
6506
6503
6504
6495
6496
6497
6497
25661
6498
6508
26638
6499
25664
6500
6518
6510
6517
6509
6516
6505
6516
26789
6507
25662
6508
6515
26637
6510
26313
6741
7039
11293
6598
6868
7064
7067
10654
11229
6522
6599
6603
6877
10739
6530
6589
6602
6891
10742
6535
6594
6884
7071
10749
6525
6581
6948
7068
10152
15378
6526
6596
6824
7069
10617
6597
6874
7070
10730
6528
6529
6585
6600
6887
10737
6532
6586
6605
6888
10738
6530
6587
6601
6889
10740
6588
6604
6890
10741
6533
6534
6592
6608
6892
10743
6533
6590
6606
6893
10744
6591
6607
6894
10745
6535
6593
6609
6895
10746
6595
6610
6896
10747
6537
6538
6545
6570
6777
10571
6541
6546
6571
6786
10572
6549
6557
6569
6781
10578
6540
6542
6543
6568
6783
10564
6544
6551
6576
6784
10586
6542
6547
6566
6787
10573
6548
6567
6788
10574
6544
6548
6789
10587
6554
6790
10588
6546
6549
6801
7072
10597
6547
6802
10598
6548
6803
10599
6804
10600
6565
6805
7007
10601
6551
6552
6553
6577
6829
10612
6554
6578
6830
10613
6555
6562
6575
6832
10623
6554
6555
6834
10625
6835
10626
6556
6837
10634
6561
6562
6838
10635
6572
6782
7005
7007
10579
6559
6561
6562
6573
6831
10620
6560
6563
6579
6826
10621
6561
6564
6828
10632
6836
10631
6574
6833
10624
6564
6611
6615
6825
10619
6612
6827
10630
6944
7012
7072
10804
6567
6571
6985
10116
14182
6568
6971
10104
14181
6576
6969
10102
14176
6570
6572
6986
10101
14173
6571
6988
10111
14172
6984
10112
14171
6983
7015
10094
14174
6574
6579
6975
10089
14184
6575
6977
10108
14185
6577
6976
10107
14180
6578
6970
10103
14177
6578
6978
10105
14179
6979
10106
14178
6615
6974
10088
14183
6581
6582
6583
6949
10139
14307
6596
6951
10140
14308
6613
6616
6968
10085
14306
6584
6596
6613
6816
10614
6597
6614
6819
10627
6586
6587
6854
10640
11215
6590
6855
10641
11216
6588
6856
10642
11217
6589
6857
10643
11218
6599
6858
10645
11219
6591
6860
10646
11221
6592
6861
10647
11222
6593
6862
10648
11223
6595
6863
10649
11224
6595
6598
6864
10650
11225
6865
10651
11226
6597
6822
10616
6823
10629
6866
7071
10652
11227
6859
10644
11220
6601
6605
6899
10753
6604
6872
10754
6603
6604
6870
10756
6871
10757
6869
10755
6606
6910
10758
6607
6924
10778
6608
6933
10779
6609
6936
10780
6610
6945
10785
7076
10791
6612
6613
6616
6818
10622
6614
6821
10633
6614
6817
10615
6820
10628
6616
6973
10086
14228
6972
10087
14229
6621
6624
6771
7018
6637
6690
6842
6620
6633
6647
6768
6621
6628
6769
7043
6623
6770
7042
6626
6627
6773
7019
6624
6628
6722
6808
6625
6719
6809
6626
6714
6810
6629
6711
6811
6629
6630
6774
7017
6633
6727
6807
6632
6712
6812
6632
6648
6775
7020
6633
6647
6723
6795
6649
6713
6813
6726
6806
6967
6987
15383
6636
6638
6949
6950
15237
6639
6691
6968
15219
6952
6639
6641
6759
6816
6640
6642
6817
6643
6644
6691
6818
6642
6760
6819
6643
6820
6646
6821
6645
6646
6695
6825
6678
6681
6696
6826
6678
6827
6767
6649
6652
6776
7021
6656
6715
6796
6651
6655
6660
6704
6779
6659
6662
6720
6798
6653
6656
6762
7022
6654
6657
6763
7023
6655
6658
6705
6764
6659
6703
6778
6657
6716
6791
6658
6717
6792
6659
6718
6793
6721
6797
6661
6662
6706
6780
6663
6664
6709
6782
6663
6725
6799
6677
6724
6800
6667
6677
6710
6781
6666
6670
6671
6692
6783
6672
6680
6699
6784
6668
6673
6707
6777
6669
6674
6708
6786
6670
6675
6693
6787
6676
6694
6788
6672
6676
6789
6685
6790
6674
6677
6729
6801
6675
6802
7073
6676
6803
6804
6728
6805
6686
6828
6680
6682
6684
6700
6829
6685
6701
6830
6683
6686
6697
6831
6683
6687
6702
6832
6688
6698
6833
6685
6687
6834
6835
6688
6836
6688
6837
6838
6846
6882
6898
6841
7077
6695
6972
15220
6694
6699
6969
15215
6694
6708
6985
15218
6971
15217
6696
6973
15226
6697
6974
15227
6698
6975
15225
6702
6977
15223
6701
6970
15216
6701
6702
6978
15222
6979
15221
6976
15224
6704
6705
6982
15208
6706
6980
15206
7023
7035
15207
6709
6981
15209
6708
6710
6988
15213
6984
15214
6710
6983
15211
6986
15212
6712
6714
6911
25856
6713
6912
26118
6715
6913
26120
6719
6917
25853
6716
6920
26121
6717
6923
26122
6718
6926
26126
6721
6928
26125
6722
6925
25854
6721
6725
6930
26123
6929
26124
6727
6931
25855
6726
6916
26119
6725
6728
6934
26130
6932
26127
6727
6922
25937
6927
25936
6729
6944
26128
7073
7075
26129
6731
6733
6734
6742
6812
10605
6732
6740
6774
7025
10584
6733
6775
6989
7038
10566
6735
6813
6991
10606
6735
6745
6912
10792
25718
6913
6992
10794
25724
6737
6748
6752
6768
7044
11276
6738
6749
6769
7045
11277
6739
6750
6770
7046
10580
6743
6753
6771
7047
10581
6742
6743
6773
7049
10583
6851
6905
7002
10565
6744
6745
6811
10604
6744
6772
7048
10582
6746
6753
6810
10603
6746
6911
10795
25717
6757
6917
10796
25741
6748
6752
6795
6940
6943
11306
6749
6754
6806
11280
6750
6755
6807
11281
6753
6756
6808
11278
6752
6766
6940
6941
7036
11283
6767
7026
11275
6757
6809
11279
6755
6922
6943
11285
26064
6756
6927
11284
25713
6757
6931
11286
25714
6925
11287
25715
6759
6824
6844
6873
6947
6760
6822
6950
6823
6873
6839
6851
7002
7074
6763
6776
6791
6996
7033
6764
6792
6993
7032
6778
6793
7008
7035
6766
6815
6941
6953
7057
6767
6794
6987
6768
6795
7034
6769
6806
7029
6770
6807
7054
6771
6808
7050
6772
6809
7051
6773
6810
7052
6774
6811
7053
6775
6812
7030
6776
6813
7027
6796
6989
7028
6781
6786
6801
6988
6779
6797
6982
7000
6780
6798
6980
7001
6782
6799
6981
7005
6782
6805
6986
6800
6983
6784
6788
6789
6969
6790
6830
6970
6814
6839
6851
6905
6964
6787
6802
6984
6788
6803
6985
6804
6971
6790
6804
6835
6792
6796
6923
6990
6793
6926
6994
6797
6928
6995
6795
6815
6914
6940
6806
6916
6813
6920
6991
6798
6929
7003
6799
6930
7004
6800
6932
7006
6805
6934
7007
6802
6805
7075
6803
6804
6944
6807
6922
6808
6927
6809
6931
6810
6925
6811
6917
6812
6911
6813
6912
6913
6841
6939
6952
6954
6840
6906
6915
6817
6819
6822
6949
6818
6820
6968
6821
6825
6972
6820
6823
6821
6827
6823
6824
6951
6874
6849
6874
6948
6826
6827
6973
6828
6831
6974
6828
6836
6830
6832
6834
6978
6835
6979
6833
6836
6975
6833
6837
6976
6838
6977
6835
6837
6838
6838
6841
6902
6946
6842
6904
6919
6953
6842
6903
6935
6900
6921
6952
6845
6847
6850
6879
6956
6845
6849
6880
6957
6848
6881
6958
6847
6853
6959
6852
6882
6960
6849
6850
6875
6962
7062
6876
6961
7069
6852
6878
6963
7063
6853
6883
6965
11230
6867
6898
6966
11231
6855
6856
6887
6860
6888
6857
6889
6858
6890
6859
6891
6877
6861
6893
6862
6894
6863
6892
6865
6895
6865
6866
6884
6896
6868
6885
6868
6897
7064
6886
6870
6872
6890
6871
6891
6877
6889
6899
6874
6880
6876
6876
6878
6881
7065
6880
7070
6891
6879
6883
7066
6881
6882
6881
6883
6898
11232
6885
6896
6886
7071
6897
7067
6888
6889
6899
6893
6910
6890
6891
6894
6895
6936
6894
6924
6933
6896
6945
7076
6898
11233
11234
6910
6901
6903
6904
6909
11239
6938
6939
6952
7058
11301
6903
6905
6937
7002
11305
6918
6939
11235
6906
6908
6938
11237
6939
7039
11282
6907
6940
6941
11302
6908
6915
6942
11236
26057
6909
6919
11240
26034
6918
6921
11241
26032
6924
6912
6917
25747
6913
25751
6920
26091
6915
6916
6942
26104
6919
26106
6922
6943
26103
6925
25788
6935
6937
11238
26033
6921
25799
6923
6992
26092
6935
25797
6927
25746
6926
6997
26093
6933
6931
25787
6928
6999
26096
6931
25748
6929
6998
26095
6930
7010
26094
6932
7011
26097
25782
6934
7009
26098
6936
6944
7012
26099
6946
7077
25798
6945
6946
7078
11297
26031
6941
6953
7055
11299
7059
11294
6942
11295
7024
11296
6943
11300
26055
11307
26063
7075
26102
7076
7074
26105
6948
6950
6957
15379
6951
6961
15380
6951
6968
15249
6951
15238
15246
6953
7031
7056
6964
7031
7059
6967
7056
6958
6960
6963
15387
6958
6961
15388
6962
15389
6960
6966
15384
6965
15390
6962
7068
15391
6963
7061
15394
6965
7060
15392
7039
6966
11213
15386
11214
15385
7057
14013
6972
15248
6970
6971
15242
6979
15243
6985
15245
6973
15247
6974
15256
6975
15255
6977
15252
6977
6978
15253
15254
6979
15251
15250
6981
6982
7014
15232
6983
7015
15231
7013
7035
15236
6986
15230
6985
6988
15239
15244
6988
15229
7034
7036
7057
15233
15241
6991
6996
7037
10567
6991
6994
6996
6997
10592
6992
10602
6997
10801
25725
6994
6996
7008
7041
10569
6995
6999
10590
6998
7003
7008
10591
7040
10568
6999
10808
25726
6999
7010
10811
25730
10802
25729
7001
7003
7008
7013
10575
7004
7005
7014
10576
7078
10589
7004
7010
10593
7006
7011
10594
7006
7015
10577
7007
7009
10595
7012
10596
7016
10570
7011
7012
10800
7011
10797
25734
10798
25736
10806
7014
7016
10096
15277
7015
10095
15279
10093
15278
7035
7041
10123
15276
7019
7020
7030
14474
7042
7051
14472
7053
14471
7021
7027
14475
7022
7028
15204
7023
7033
15210
7032
15205
7036
7055
7057
10059
14490
7030
7038
7049
9782
14483
7034
7036
7044
10061
15202
7028
7030
7038
15178
7033
7037
15177
7034
7044
7054
15176
7053
15175
7056
7058
14025
7033
7035
7041
15235
7040
15228
15146
15234
9787
14175
7038
7040
9774
15203
9784
15200
7059
11242
11298
7041
9775
15201
9777
15257
7043
7050
17307
7054
17306
7045
10062
14480
7046
7054
10064
14481
7047
7050
9779
14482
7048
7051
10063
14478
7049
7052
10065
14484
7053
9781
14479
7051
7054
15172
7052
15180
7053
15173
15174
15179
7056
7058
11303
14491
7057
15393
15240
7059
11304
15199
10058
15395
7061
7063
10134
11213
15396
7062
7068
10133
15398
7063
7065
7069
10636
7066
10637
11230
10653
11228
11231
11233
7066
7070
10732
10733
11232
7071
10735
11233
7069
10132
15381
7070
10618
10731
10748
7075
10885
25699
7078
25680
26100
11062
25735
8066
8820
10915
8059
8819
8820
11196
7082
7085
7087
8412
8859
24687
7083
7086
7088
8405
24686
7084
7089
7136
8401
24768
7086
7101
7143
8503
24629
7086
7102
8501
8876
24597
7103
8502
24633
7088
7339
8893
8918
27706
7089
7365
8919
27707
7149
7366
8975
27703
7091
7096
8089
8826
11207
24316
7092
7097
8103
11208
24317
7098
7108
8104
11203
24312
7094
7110
7114
8161
11126
24138
8163
8833
8835
11209
24139
7111
8156
8845
10952
24131
7097
7102
8236
8841
24219
7098
7103
8245
24220
7101
7120
8246
24215
7111
7122
8217
8845
8850
24117
7122
7124
8622
8850
8885
23952
7103
7130
8611
24069
7103
8600
8886
24064
8601
24068
7105
7106
7116
8069
11200
24304
7107
7117
8070
11210
24303
7118
7152
8068
11201
24305
7109
7119
8105
11206
24315
7109
7120
8106
11204
24313
7121
8107
11205
24314
7113
7115
7180
8160
24141
7112
8155
10951
24130
7122
7154
8154
10959
24331
8158
11125
23883
23886
24128
7115
7132
8177
8835
24134
7167
8176
23886
24133
7117
7118
7126
8226
24206
7119
7127
8227
24205
7128
7155
8225
24207
7121
7129
8247
24218
7121
7130
8248
24216
7131
8249
24217
7123
8218
24116
7124
7154
7164
8213
24113
7125
7145
8621
23951
7146
7164
7168
8624
23954
7127
7128
7139
8574
24058
7129
7140
8575
24057
7141
7156
8573
24059
7131
7142
8583
24067
7131
7143
8584
24065
7144
8585
24066
7167
8816
8892
23968
24946
7134
7138
7140
7147
8358
24777
7135
7139
7148
8359
24778
7141
7171
7174
8374
24787
7137
7143
7149
8403
24769
7138
7144
7150
8404
24770
7142
7151
8402
24771
7140
7141
8443
24639
7142
8441
24638
7172
8442
24643
7144
8504
24632
7144
8505
24630
8506
24631
7146
8805
8885
24913
7173
8809
24916
7148
7151
7321
8974
27729
7174
7322
8979
27730
7150
7368
8976
27704
7151
7369
8977
27722
7367
8978
27723
7153
7155
8067
11202
24302
7160
7163
8072
11194
24306
8151
10955
24330
24514
7156
7163
8224
24204
7170
7172
8572
24056
7158
7159
8052
10818
11129
24355
7162
8057
9029
10814
24356
7162
8079
9120
24324
24559
7161
7165
8071
11127
24311
7166
8083
9121
11131
24307
8086
23877
23878
24325
7165
7170
8228
24208
8214
24114
24387
24514
7166
7169
8260
24214
8261
9122
23880
24210
8637
23967
24503
24908
7173
8625
23955
24387
24508
7170
7177
8576
9122
24062
7178
8577
24060
7172
7176
7179
8375
24786
7178
8444
24637
8810
9124
24917
7179
7320
8995
27731
7176
7179
7327
9157
27740
28849
7178
8377
9125
24788
7178
8470
9125
9126
24642
8472
24640
7323
9017
27728
10923
11064
11125
11126
11156
7182
7254
7303
7373
8855
28783
7255
7293
7371
8856
28362
7184
7185
7282
7297
7386
28182
7194
7280
7299
7387
28197
7186
7281
7300
7385
28172
7188
7287
7301
7396
28173
7188
7190
7288
7389
8921
28174
7286
7302
7395
28181
7190
7191
7283
7390
8980
28175
7284
7388
8920
28176
7285
7392
8894
8982
28178
7193
7241
7249
7295
7783
28109
7194
7279
7296
7400
28183
7278
7298
7403
28196
7196
7197
7199
7244
7500
28762
7200
7215
7242
7496
28139
7198
7243
7503
8899
28756
7245
7505
8896
8898
28753
7200
7499
8899
8931
28764
7235
7523
8900
28766
7202
7204
7598
28357
7203
7212
7565
28151
7204
7210
7211
7566
28772
7209
7599
28281
7206
7214
7233
7263
7660
28158
7208
7213
7264
7661
28162
7208
7217
7218
7261
7648
28164
7219
7262
7662
28163
7210
7220
7623
28351
7229
7231
7625
28773
7212
7231
7269
7656
28154
7270
7657
28155
7214
7219
7234
7646
28156
7232
7659
8901
28157
7217
7235
7259
7639
28168
7217
7218
7235
7651
8903
28166
7260
7652
28167
7219
7236
7653
28165
7237
7647
28161
7229
7564
8904
28350
7222
7224
7230
7238
7663
28147
7223
7267
7271
7673
28149
7224
7226
7272
7670
28150
7225
7239
7664
28148
7226
7227
7665
8905
28143
7228
7273
7671
28145
7228
7232
7666
8906
28144
7233
7265
7672
28146
7230
7238
7635
28774
7231
7267
7667
28152
7268
7649
28153
7233
7668
8907
28159
7266
7669
28160
7237
7637
8901
8948
28775
7650
8902
28781
7237
7642
8903
8949
28779
7641
8950
28778
7239
7644
8904
28771
7645
8905
8947
28770
7241
7247
7254
7303
7786
28107
7248
7304
7787
28108
7244
7248
7259
7807
28113
7244
7245
7250
7802
28746
7247
7801
28747
7246
7251
7803
28745
7253
7805
8898
8908
28304
7248
7250
7852
28110
7249
7854
28111
7259
7279
7855
28112
7251
7254
7853
28744
7253
7255
7848
28297
7253
7258
7849
8908
8913
28294
7256
7850
28296
7255
7847
28743
7256
7846
28293
7258
7293
7819
28307
7258
7291
7820
8913
8914
28262
7294
7818
28261
7260
7894
28127
7261
7279
7895
28126
7262
7278
7897
28125
7264
7280
7896
28124
7264
7266
7281
7899
28136
7282
7900
28138
7266
7273
7286
7907
28135
7287
7908
28137
7268
7274
7910
28120
7269
7275
7911
28121
7270
7277
7912
28122
7276
7909
28123
7272
7274
7283
7903
28131
7273
7284
7901
28130
7288
7902
28129
7275
7285
7904
28132
7277
7289
7905
28133
7277
7898
8917
28128
7290
7906
28134
7279
7280
7940
28191
7939
28119
7282
7927
28192
7282
7287
7930
28193
7931
28194
7284
7285
7934
28187
7288
7932
28185
7289
7936
28190
7287
7288
7928
28186
7929
28195
7933
28184
7290
7935
8894
28189
7938
8895
8917
28188
7292
7294
7996
8823
28289
7966
8893
8914
8918
28290
7294
7949
8857
28360
7995
8858
28286
7296
7304
8001
8852
28170
7298
8007
8862
28198
7299
7300
8787
28202
7299
8785
8861
28212
8788
28203
7301
8786
28200
7302
8797
28201
8796
8921
28211
7304
8029
8853
28169
8032
8854
28171
8041
8169
8822
8121
8138
8152
8675
7308
7310
8064
8282
7309
8065
8279
8066
8276
8280
7312
7313
8063
7312
7313
7315
8180
8555
8181
8282
8646
8062
8654
8266
8284
8655
8657
8663
8552
8627
8654
8664
8548
8645
8659
8662
8681
7319
7320
7331
7980
8379
20810
7319
7321
7341
7981
8357
20811
7322
7982
8380
20812
7322
7323
7992
8374
7322
7367
7991
8358
7993
8359
7327
7331
7984
8375
7326
7332
7353
7985
8362
28830
7326
7327
7328
7986
8363
28849
7329
7987
8364
28847
7330
7988
8377
7329
7330
7978
8366
20808
7332
7990
8371
20786
7331
7979
8378
20809
7983
8381
20813
7362
7989
8370
20753
8016
8328
8329
8332
28876
7335
7338
7999
8385
8407
20807
7336
7339
7967
8408
20814
7340
7365
7968
8409
20815
7338
7996
8384
8385
8410
8823
7339
7966
8411
8893
7365
7969
8412
7342
7366
7971
8397
20816
7343
7367
8000
8398
20819
7343
7368
7972
8399
20817
7369
7973
8400
20818
7345
7994
8014
8347
8668
28870
7946
8017
8019
8339
28860
7347
7363
7944
8015
8342
28814
7348
7364
7945
8348
28818
7349
7356
7951
8349
28815
7350
7357
7952
8350
28816
7351
7358
7953
8351
28819
7354
7359
7954
8372
28820
7353
7354
7360
7955
8360
28822
7362
7956
8361
28831
7361
7957
8365
28821
8016
8328
8353
8661
8778
7357
7364
7959
8354
20774
7358
7960
8355
20775
7359
7961
8356
20776
7361
7962
8373
20777
7361
7362
7963
8367
20754
7965
8369
20755
7964
8368
20756
7364
7947
8013
8344
20772
7958
8352
20773
7366
7970
8405
7368
7974
8401
7369
7975
8402
7369
7976
8403
7977
8404
7372
7373
7842
8028
8389
20852
7372
7373
7846
7949
8382
7840
7950
8388
20854
7847
8029
8393
7375
7384
7385
7913
8009
8754
7386
7401
7914
8008
8755
7377
7380
7390
7919
8020
8756
7378
7388
7918
8021
8757
7383
7389
7920
8022
8758
7380
7381
7391
7922
8025
8759
7392
7921
8026
8760
7382
7393
7924
8023
8761
7394
7923
8024
8762
7384
7395
7925
8010
8763
7396
7926
8011
8764
7386
7396
7930
8786
7387
7931
8787
7401
7403
7927
8788
7389
7390
7932
8789
7395
7933
8790
7392
7934
8791
7392
7393
7935
8794
8894
7936
8795
7394
7938
8792
8895
7937
8793
8922
7396
7928
8796
7929
8797
7398
7725
8667
7714
7941
8780
9158
7400
7402
7782
7917
8003
9077
7403
7783
7939
8007
7402
7915
8006
8745
7403
7916
8002
9063
7940
8785
7407
7408
7415
7435
7676
8997
7406
7412
7421
7440
7549
9146
7407
7413
7435
7548
8998
7417
7524
7677
8999
7418
7436
7678
7686
9147
7410
7429
7436
7441
7686
9127
7414
7420
7433
7689
20780
7419
7422
7432
8728
7413
7419
7432
7535
20778
7416
7417
7527
20858
7416
7418
7434
7436
20860
7416
7417
7418
7698
20856
7432
7435
20857
7526
7699
20859
7689
7700
20861
7440
7534
20950
7424
7434
7441
20934
7422
7423
7432
7435
9154
7440
8781
9141
7434
7436
7441
8781
9139
7433
7437
8727
7428
7438
7690
7697
20997
7427
7428
7442
8726
7431
7443
7696
9064
7439
7691
7696
20990
7430
7433
7437
7704
9159
7431
7443
7683
8782
9133
7433
7695
9078
7434
20921
7688
20855
20951
7436
9145
9155
7441
8782
9128
7439
7679
7709
28883
7442
7680
7707
28885
7550
9142
9129
7443
9130
7707
9132
7449
7466
7494
7536
7793
20991
7446
7448
7475
7517
7790
20975
7447
7477
7513
7788
20976
7451
7479
7516
7789
20977
7449
7482
7518
7791
20992
7483
7495
7792
20993
7451
7453
7463
7503
7795
20980
7464
7505
7796
20981
7453
7454
7496
7580
7797
20978
7457
7500
7794
20979
7455
7457
7523
7579
20958
7456
7458
7497
7581
9083
7457
7459
7462
7498
9084
7463
7499
20959
7459
7484
7592
9037
7460
7485
9038
7461
7462
7486
9039
7465
7472
7487
9040
7463
7465
7501
9085
7464
7502
20960
7465
7479
7504
20961
7478
7506
9086
7473
7483
7507
7543
20952
7471
7473
7488
7537
9031
7469
7470
7474
7489
9032
7472
7476
7490
9033
7471
7480
7491
9034
7481
7492
9035
7478
7493
9036
7481
7508
7538
20935
7475
7476
7480
7509
9079
7477
7482
7510
20953
7477
7478
7511
9080
7479
7512
20954
7479
7514
9081
7515
20955
7481
7482
7520
9082
7483
7521
20936
7483
7519
20956
7522
20957
7485
7497
7632
8943
7486
7498
8942
7487
7501
8941
7493
7506
8984
7492
7508
7551
9000
7490
7491
7509
9002
7493
7511
9003
7492
7520
9001
7521
9004
7514
8987
7495
7507
7553
7798
8932
7518
7522
7799
8929
7500
7523
7639
7807
7498
7523
7640
8900
7499
7501
8931
7500
7502
7523
7503
7801
7502
7506
8930
7503
7504
8899
7505
7802
7505
7506
7515
8896
7516
7803
7514
8923
7508
7522
7563
8938
7521
7560
8985
7510
7511
7520
8939
7512
7517
7519
8924
7512
7514
8933
7513
7515
8925
7516
7517
7804
8897
7515
8934
7516
8926
7805
8898
7518
7806
8927
7519
7800
8928
7520
7522
8935
7521
8940
7522
8986
8936
7650
7526
7547
7548
7809
8991
7526
7529
7532
7547
7813
20862
7527
7814
20864
7532
7535
7548
20863
7529
7532
7539
7541
7555
20982
7530
7556
7811
20900
7536
7541
7557
7812
20994
7532
7533
7535
7539
7558
20962
7559
20995
7534
7540
7546
9088
7535
7550
9089
7549
20901
7543
7553
7810
20996
7538
7542
7551
9041
7543
7544
7560
20937
7540
7544
7554
20938
7542
7545
9087
7543
7544
7561
20983
7544
7552
9042
7563
20963
7562
20939
7546
7552
7554
9149
7550
7558
9151
7556
7559
7808
8990
7549
7559
9011
7550
7558
9010
9156
7552
7560
9148
7562
9150
7557
7563
7815
8937
7555
7558
7562
9007
7556
7559
7561
8989
7557
7817
8944
7561
7816
8945
7559
9008
9009
7562
7563
9006
7562
7563
8988
9005
8946
7569
7623
7624
7635
7566
7571
7598
7657
7570
7599
7625
7656
7568
7571
7598
20865
7570
7572
7599
20969
7572
7596
7613
9098
7571
7615
7618
20968
7617
20984
7618
7623
9107
7574
7577
7583
7585
7646
20940
7575
7576
7584
7637
9090
7593
7597
7627
9043
7577
7597
7620
7638
9091
7578
7619
7659
9092
7585
7621
7660
7874
9114
7580
7581
7590
7650
20964
7591
7639
7884
20965
7589
7592
7640
9093
7583
7585
7588
7662
7885
20941
7584
7587
7647
20942
7586
7593
7641
9094
7661
7875
9115
7587
7589
7594
7642
9095
7588
7590
7653
20943
7591
7648
7886
20966
7590
7595
7643
9096
7591
7651
20944
7652
7887
20967
7595
7632
9044
7594
7629
9045
7595
7630
9046
7628
9047
7601
7622
7624
9049
7600
7633
9048
7599
7623
7612
7620
7634
9053
7602
7604
7613
7644
9097
7603
7614
7663
7889
9099
7604
7605
7664
7888
9100
7607
7622
7645
9101
7606
7607
7610
7665
9102
7611
7671
7878
7888
9056
7608
7609
7654
9103
7612
7622
7631
9051
7610
7612
7620
7655
9104
7611
7619
7666
9105
7621
7672
7882
9116
7636
9052
7614
7618
7635
9106
7616
7667
7890
9109
7616
7617
7656
7892
9110
7618
7649
7891
9108
7657
7893
20946
7625
20945
7620
7621
7668
9111
7658
9112
7669
7883
9117
7626
9050
7625
7626
7644
8904
7635
7649
7631
7645
8947
7629
7633
7637
8948
7630
7632
7643
8951
7630
7641
8950
7642
8949
7636
7654
8953
7640
8956
7634
7638
8952
7636
7658
8955
7644
7667
7655
8954
7638
7641
7646
7658
7659
8901
7650
7652
7894
7643
7650
8902
7642
7647
7643
7653
7651
8903
7645
7663
7654
7664
7647
7659
7661
7653
7662
7652
7653
7662
7897
7656
7667
7911
7651
7652
7653
7895
7655
7665
8905
7658
7666
8906
7657
7912
7909
7668
8907
7660
7668
7661
7669
7899
7662
7900
7896
7664
7667
7673
7665
7670
7666
7671
7668
7672
7910
7669
7672
7908
7671
7673
7888
7901
7672
7902
7907
7889
7903
7910
7675
7711
7716
7701
7710
8653
8729
7677
7678
7698
7761
9012
7699
7762
7809
9013
7685
7700
7763
9152
7680
7690
7705
7770
28867
7681
7691
7771
28865
7682
7687
7707
7772
28862
7683
7684
7692
7774
28863
7695
7704
7707
28877
7685
7693
7704
7773
28868
7686
7694
7775
28889
7689
7704
28880
7691
7692
7696
7721
20867
7689
7693
7695
7704
20866
7694
20870
7691
7719
8660
20724
7720
20922
7693
7695
7723
20868
7694
7722
20869
7700
7724
20912
7696
20998
7707
20757
7702
7709
8660
8765
7699
7700
7734
20913
7735
7814
20871
7736
20914
7703
7708
7717
20947
7703
7712
7706
7718
8660
20820
28892
7706
7709
7743
8660
28873
7708
7712
7769
28890
28891
7710
7768
28884
7712
28881
7711
7713
28882
7781
9135
9134
7746
7768
7781
8653
28866
7725
7749
7942
28887
7725
7749
7948
8033
20831
7728
7741
7781
8653
20915
7718
7756
7768
8653
20722
7754
7757
7769
20825
7720
7754
7758
7770
20787
7721
7759
7771
20826
7723
7729
7772
20821
7723
7724
7730
7773
20822
7731
7774
20823
7732
7736
7775
20824
8679
8746
7741
7744
8033
8730
7728
7741
7745
7958
8033
20739
7755
7776
7959
20832
7731
7752
7759
7989
20833
7731
7732
7777
7978
20829
7778
7990
20834
7740
7779
7979
20830
7735
7737
7814
7862
7866
20916
7735
7736
7738
7761
20923
7739
7762
20917
7740
7763
20835
7739
7764
7868
7981
20837
7739
7740
7765
7980
20836
7766
7982
20838
7767
7983
20839
7780
9065
7744
7745
7749
7944
8033
28864
7753
7754
7769
7770
28856
7780
8783
28879
7776
7780
7945
28858
7747
7755
7776
7952
28837
7748
7756
7768
7953
28843
7753
7757
7769
7954
28844
7943
8783
28872
7751
7753
7758
7770
7955
28834
7752
7759
7771
7956
28835
7772
7778
7985
28845
7760
7957
28836
7760
8660
20827
7756
7960
8653
20789
7757
7961
20790
7760
7962
20791
7759
7760
7963
20792
7964
20788
7965
20793
7762
7763
7765
9014
7766
7862
8992
7767
7775
9153
7766
7862
7871
7991
8957
7766
7767
7992
9015
7993
8993
7779
7984
9016
7769
28861
28855
7771
28852
7772
28839
7774
28840
7774
7775
7777
28857
7778
28850
7779
28871
7781
7951
28853
7778
7779
7986
28854
7987
28842
7988
28893
7781
28886
28875
7783
7785
7845
8030
20933
7787
7855
8001
7785
7786
7839
7842
8028
20999
7787
7844
8031
20985
7787
7847
7852
8029
7854
8032
7789
7790
7804
7831
20902
7796
7805
7832
20903
7791
7806
7833
20904
7792
7800
7834
20872
7793
7799
7835
20873
7798
7810
7838
20874
7795
7797
7801
7839
21000
7796
7802
7841
21001
7803
7843
21002
7807
7844
7884
20986
7799
7815
7826
8959
7800
7825
8958
7806
7824
8910
7802
7807
7852
7803
7853
7805
7848
7805
7806
7849
8908
7850
7851
8909
7854
7894
7809
7813
7817
7861
8972
7814
7862
8994
7812
7815
7863
20875
7812
7813
7817
7865
20877
7816
7864
20876
7814
7866
20878
20879
7816
7858
8964
7817
7859
8965
7860
8970
7819
7820
7836
7849
7995
7837
7846
7850
7949
7821
7827
7851
7996
7822
7824
7828
7966
8914
7823
7825
7829
7969
8915
7826
7830
7856
7970
8916
7825
7834
7851
8911
7826
7835
8912
7838
7858
8960
7828
7833
7836
7998
20887
7829
7834
7999
20888
7830
7835
7967
20889
7838
7867
7968
20891
7832
7833
7836
7849
20880
7837
7843
7850
20881
7834
7851
20882
7835
20883
7838
20884
7837
7997
20885
7840
7950
20886
7863
20890
7841
7844
7852
21003
7842
7843
7846
20893
7842
7843
7853
20905
7847
20906
7848
20892
7845
7854
20987
7855
7884
7917
20970
7847
7848
7853
7850
7853
7850
7851
8913
7853
7854
7855
7894
7939
7857
7858
7867
7974
8962
7859
7869
7872
7976
8963
7859
7863
8961
7860
7864
8966
7861
7865
7872
8967
7862
7866
7871
8971
8973
7864
7867
20894
7865
7869
20895
7866
7870
20896
7868
20897
7869
7971
20918
7870
7871
8000
20924
7870
7972
20919
7872
7973
20920
7872
7975
8969
7977
8968
7881
7893
7898
7923
8747
7875
7883
7899
7913
9066
7885
7900
7914
9057
7877
7879
7889
7903
7919
9067
7878
7888
7901
7918
9068
7882
7902
7920
9069
7880
7890
7904
7921
9070
7881
7891
7905
7922
8748
7892
7906
7924
8749
7883
7907
7925
9071
7908
7926
9072
7887
7894
20988
7886
7896
7915
9113
7887
7897
7916
20948
7895
7917
20971
7889
9054
7890
9055
7891
7910
9058
7892
7911
9059
7893
7912
9073
7909
9074
7895
7897
7939
7897
7900
7927
7940
7906
7909
7937
7900
7908
7930
7931
7902
7903
7932
7907
7933
7904
7934
7905
7910
7936
7906
7911
7935
7912
7938
7908
7928
7929
7912
7911
7912
7914
7926
7930
8774
7915
7931
8750
7916
7927
9075
7917
7940
9118
7939
20949
7919
7920
7932
8766
7921
7934
8767
7925
7933
8768
7922
7936
8769
7924
7935
8770
7924
7937
8771
7938
8772
7926
7928
8773
7929
8775
7931
7940
7929
7933
7930
7931
7933
7934
7936
7936
7938
7938
8917
7940
7942
7946
8017
8667
28869
7943
8018
8679
28851
7944
7948
8015
28846
7945
7947
28832
7951
7958
28828
7994
8034
8780
28888
7948
7958
8033
20760
8013
8679
18678
7950
7995
8383
7997
8386
20853
7952
7959
28823
7953
7960
28824
7954
7961
28812
7957
7962
28825
7956
7957
7963
28826
7964
7985
28829
7965
28827
7959
20761
7960
20762
7961
20758
7962
20759
7965
20763
7964
7965
20764
7989
20765
20766
7969
7996
7999
7968
7969
7999
20926
7970
7971
20927
7970
8918
7974
8919
7972
7974
20847
7973
7976
20849
7977
8000
20850
7976
8975
7977
7991
8000
8978
7977
8976
8977
7979
7986
7990
20840
7983
7988
20841
7982
7983
7992
20845
7982
7991
8000
20843
7993
20844
7984
20846
7988
7992
9017
7987
7989
28833
7987
7988
28859
7990
28841
9157
7990
20794
20842
7993
8974
7993
8995
8979
8004
8027
9137
7996
7997
8384
7998
7998
8387
20898
7999
8385
20899
20925
20848
8007
8030
8032
8395
8003
8006
8423
8785
9062
8007
8030
8427
9030
8005
8014
8784
9143
8027
8661
8008
8422
8753
8788
8440
8785
8009
8430
8752
8787
8011
8428
8716
8786
8011
8022
8420
8724
8796
8421
8725
8797
8017
8019
8035
8330
8667
20747
8015
8035
8338
20738
8016
8346
8661
28848
8018
8341
28817
8345
8784
28874
8018
8343
28838
8035
8340
28813
8034
8337
8668
19001
8021
8026
8413
8717
8791
8022
8414
8718
8789
8415
8719
8790
8024
8025
8418
8720
8792
8419
8721
8793
8026
8416
8722
8794
8417
8723
8795
8034
8668
8751
8029
8031
8390
20974
8032
8394
8031
8392
20931
8032
8391
20932
8396
20828
8667
20851
8331
8679
20737
8037
8038
8072
8223
8067
8073
8229
8039
8071
8222
8040
8083
8255
9025
8045
8082
8257
8821
8076
8266
8663
8043
8048
8077
8267
8044
8078
8268
8047
8079
8269
8046
8085
8256
8671
8047
8084
8258
8677
8086
8259
8818
8049
8081
8265
8080
8189
8278
8051
8168
10854
8062
10823
8057
8079
8055
8056
8082
8821
11128
8055
8057
8084
8677
9029
8085
8671
11132
8083
8674
9025
11131
8086
8818
8059
8066
8179
8276
8820
24509
8060
8187
8277
23873
8080
8186
8278
8819
24558
8076
8167
8284
8663
8672
24399
8063
8168
8180
24369
8064
8181
24366
8065
8182
24367
8066
8183
24385
8184
24510
8068
8072
8224
8069
8073
8225
8070
8074
8226
8075
8105
8227
8072
8083
8260
8674
8228
8074
8230
8075
8231
8110
8232
8169
8271
23884
8078
8081
8272
23885
8079
8273
9120
8086
8274
8081
8188
8673
23882
8270
8678
23874
8083
8085
8264
9121
8261
8085
8086
8262
23878
8263
23876
8275
8088
8089
8090
8235
8826
8091
8102
8244
8829
8092
8103
8236
8091
8092
8237
8099
8240
8108
8242
8094
8101
8113
8233
8824
11115
8098
8102
8234
8827
8096
8116
8125
8170
8707
8097
8115
8190
9018
8100
8114
8191
8099
8101
8238
8102
8239
8101
8113
8192
8241
8243
8828
8104
8108
8245
8106
8109
8246
8107
8110
8247
8107
8111
8248
8112
8249
8109
8250
8111
8251
8112
8254
8112
8252
8253
8114
8193
8825
11116
8115
8194
8830
11123
8116
8195
8832
11122
8162
8171
8831
11118
8118
8119
8128
8140
8127
8139
8676
8120
8130
8142
8121
8129
8141
8137
8145
8123
8138
8158
8196
8675
9021
8124
8160
8172
8708
8126
8161
8173
8684
8126
8162
8175
8686
8163
8174
8685
8128
8133
8146
8197
8130
8147
8198
8130
8137
8153
8200
8148
8199
8136
8156
8202
9024
8133
8134
8149
8205
9026
8150
8206
8676
8135
8151
8203
8136
8154
8204
8155
8201
8138
8157
8207
8159
8208
8140
8144
8146
10956
11086
8142
8147
10957
11087
8142
8145
8153
10950
11091
8148
10958
11085
8144
8149
9026
9028
10953
11088
8150
8676
10954
11089
8152
8157
10940
11095
8147
8150
8209
24109
8148
8210
24107
8153
8211
24108
8150
8151
8214
24514
8215
24388
8154
8213
9028
8159
9027
11098
11130
8157
8212
24110
8155
8218
11063
8156
8217
11124
8216
11121
8159
8219
24389
8159
8160
8221
9027
8220
23883
8161
8176
11064
8163
8177
11117
8163
8178
8833
11119
8798
11120
8165
8167
8628
8682
24365
8166
8630
8670
24363
8168
8631
8656
24364
8629
8669
24106
8627
8654
24368
8672
23879
8171
8175
8190
8632
8709
8178
8195
8633
8834
8173
8176
8196
8291
9019
8174
8177
8634
8710
8175
8635
8687
8798
8178
8636
8688
8177
8221
8637
8798
8816
8638
8798
8836
8184
8187
8281
8554
24384
8181
8553
8627
24086
8182
8556
24085
8183
8282
8557
23949
8184
8279
8558
24375
8280
8559
24397
8186
8189
8278
8283
8562
8187
8188
8560
24391
8283
8561
24390
8189
8270
8564
24393
8265
8563
8191
8195
8285
9022
8192
8194
8286
8193
8241
8615
8194
8233
8616
8837
8195
8287
8838
8288
8839
8208
8221
8292
8198
8206
8209
8295
8199
8210
8296
8200
8211
8297
8207
8212
8298
8202
8204
8217
8301
8216
8304
8204
8205
8213
8299
8218
8300
8206
8214
8302
8215
8303
8208
8219
8305
8220
8306
8210
8215
8617
24104
8211
8618
24102
8212
8619
24370
8219
8620
24103
8214
8218
8621
8215
8624
8625
24387
8217
8290
8845
8218
8623
8622
8220
8626
24105
8221
8614
24386
8289
23886
8223
8255
8260
8571
8228
8229
8578
8225
8228
8229
8572
8226
8230
8573
8227
8231
8574
8232
8247
8575
8260
8577
8230
8579
8231
8580
8232
8581
8254
8582
8234
8241
8308
8840
8238
8243
8293
8842
8236
8237
8244
8607
8841
8242
8245
8600
8240
8242
8604
8239
8241
8294
8240
8243
8609
8244
8605
8307
8250
8606
8244
8610
8843
8608
8844
8246
8250
8601
8248
8251
8611
8249
8254
8583
8249
8252
8584
8253
8585
8251
8602
8252
8603
8253
8612
8254
8613
8586
8257
8261
8591
8257
8258
8263
8589
8264
8590
8259
8262
8588
8269
8275
8587
8261
8576
8264
8597
8263
8275
8593
24504
8264
8595
24511
8596
23880
8267
8270
8565
8271
8665
8268
8272
8569
8269
8273
8568
8274
8598
8272
8566
24398
8284
8592
24560
8273
8567
23875
8274
8570
23887
8275
8599
24559
8594
23877
8277
8281
8278
8283
8280
8282
8648
8281
8649
8283
8650
8647
8651
8549
8629
24502
8286
8288
8500
8632
9023
8287
8499
8615
8288
8519
8616
8846
8521
8633
8847
8292
8614
8637
8800
24503
8304
8623
8808
8848
8292
8525
8634
8637
8690
8306
8524
8689
8294
8308
8480
8610
8849
8307
8485
8609
8296
8303
8532
8617
8694
8297
8531
8618
8695
8298
8533
8619
8696
8305
8534
8620
8697
8300
8302
8535
8621
8698
8301
8536
8622
8699
8304
8537
8623
8700
8303
8539
8624
8702
8540
8625
8703
8538
8701
8306
8541
8626
8704
8542
8614
8705
8308
8492
8615
8514
8616
8851
8317
8336
8450
8639
8646
20741
8311
8338
8451
8642
8651
20732
8318
8344
8452
8562
20744
8317
8321
8448
8552
8666
21027
8314
8324
8367
8465
8588
21031
8315
8368
8466
8589
21028
8316
8370
8469
8590
21026
8371
8471
8478
8591
21025
8353
8449
8555
20781
8319
8352
8453
8563
21023
8320
8354
8454
8565
21024
8322
8355
8455
8569
20782
8334
8447
8645
8681
20726
8323
8356
8462
8568
20783
8324
8373
8463
8598
21029
8369
8464
8587
21030
8328
8329
8334
8327
8333
8335
8457
24564
8329
8332
8334
8447
24965
8666
8731
28878
8331
8337
8343
8641
20735
8338
8340
8642
20734
8345
8448
8666
24956
8376
8445
8799
24568
8335
8666
20929
8376
8681
8776
8346
8353
8643
8661
17915
8339
8640
8643
20728
8341
8344
20736
8343
8347
8459
24966
8341
8343
8461
24845
8342
8451
24846
8344
8348
8452
24847
8460
24952
8352
20745
8346
8353
8449
24962
8347
8450
24967
8458
8643
24565
8349
8352
8453
24848
8350
8354
8454
24856
8351
8355
8455
24859
8356
8372
8462
24860
8354
20746
8666
17939
8355
20767
8356
20768
8373
20769
8358
8380
8398
8476
20799
8359
8402
8441
8374
8380
8443
8361
8365
8367
8465
24953
8362
8368
8466
24963
8364
8370
8469
24968
8364
8366
8377
8470
9125
8371
8471
24567
8369
8372
8464
24861
8371
8378
8478
20785
8368
8369
20749
8370
20750
8373
20770
8371
20751
20752
8373
8463
24844
20771
8375
8379
8442
8377
8381
8444
8680
8378
8472
8381
8473
20784
8380
8381
8474
20800
8475
20801
8477
20802
8383
8388
8393
8515
8856
8384
8386
8481
8857
8387
8510
8858
8387
8406
20930
8387
8388
8482
20909
8483
20910
8389
8491
20911
8390
8393
8493
21005
8391
8394
8496
20989
8392
8396
8498
20973
8395
8427
8497
9060
8394
8516
8855
8396
8517
8853
8396
8440
8522
8852
8520
8854
8399
8401
8409
8490
20803
8400
8402
8507
20804
8400
8403
8508
20805
8404
8509
20806
8403
8405
8503
8404
8504
8404
8505
8506
8409
8412
8502
8407
8410
8483
8487
20795
8408
8411
8488
20796
8409
8412
8484
20797
8489
20798
8411
8510
8513
8860
8412
8511
8859
8501
8414
8417
8431
8735
8415
8432
8736
8420
8433
8737
8417
8418
8435
8739
8437
8741
8419
8436
8740
8434
8738
8421
8438
8742
8428
8439
8743
8423
8426
8430
8734
8424
8427
8529
8779
8426
8440
8543
8785
8861
8426
8429
8430
8787
8788
8440
8530
9061
8429
8430
8732
8439
8786
8733
8432
8437
8791
8433
8789
8438
8790
8436
8793
8436
8437
8794
8792
8795
8439
8796
8797
8544
8862
8443
8476
8504
8575
8443
8444
8474
8573
8475
8574
8472
8477
8572
8446
8457
8547
8680
24864
8456
8546
8652
8799
24566
8448
8457
8550
24855
8449
8551
24849
8450
8553
24852
8458
8556
24862
8452
8461
8561
24850
8453
8560
24851
8454
8564
24854
8455
8566
24857
8462
8567
24865
8468
8479
8549
24569
8548
8681
24858
8459
8557
8639
24958
8460
8558
8640
24964
8461
8559
8641
24863
8554
8642
24853
8463
8570
24957
8464
8599
24954
8465
8594
24955
8466
8593
24951
8469
8595
24960
8468
8479
8665
8652
8657
8706
8471
8596
24561
8471
8472
8478
8576
8597
9126
8473
8577
8477
8478
8578
21033
8475
8477
8580
21034
8476
8581
21035
8507
8582
21036
8579
21032
8571
21039
8592
9123
8481
8485
8512
8514
8868
8482
8510
8515
8871
8483
8485
8491
20907
8486
8510
20928
8488
8489
8501
8606
8486
8492
8487
8512
8609
8488
8513
8605
8511
8604
8490
8502
8602
8503
8508
8603
8492
8493
8515
20908
8494
8514
8494
8496
8516
21004
8499
8518
8615
8497
8500
8523
8528
8632
8712
8498
8499
8517
20972
8498
8522
8530
9076
8500
8520
9119
8500
8519
8521
9020
8502
8511
8600
8503
8601
8505
8611
8506
8507
8583
8506
8508
8584
8509
8585
8509
8586
21037
8509
8612
8613
21038
8512
8879
8513
8607
8876
8513
8610
8877
8608
8878
8515
8518
8867
8516
8870
8517
8518
8869
8519
8520
8864
8519
8616
8872
8521
8873
8521
8522
8866
8523
8874
8523
8544
8865
8545
8633
8875
8525
8542
8800
8526
8815
8527
8634
8813
8528
8529
8635
8713
8814
8530
8545
8636
8714
8530
8543
8744
8544
8777
8532
8533
8803
8540
8804
8534
8801
8541
8802
8536
8539
8805
8537
8806
8538
8807
8808
8540
8809
8810
8542
8811
8812
8544
8814
8863
8545
8880
8638
8814
8881
8547
8549
8629
8644
24950
8548
8628
8662
24902
8550
8630
24949
8592
8657
24969
8551
8631
8645
24970
8552
8553
8627
24410
8555
8645
8555
8556
24407
8559
8561
8650
24376
8646
8557
8646
24400
8558
8647
24381
8559
8648
24394
8649
24395
8561
8562
8564
24374
8651
24373
8563
8651
8564
8565
8566
24380
8566
8569
8567
24396
8569
8570
24507
8569
8570
8598
8599
23872
8576
8578
8591
8573
8577
8579
8574
8580
8575
8581
8582
8583
8577
8597
8578
8579
8580
8581
8582
8586
8585
8586
8585
8611
8612
8613
8613
8588
8594
8598
8589
8593
8590
8595
8591
8596
8597
8665
24557
8594
8595
24505
8599
24506
8596
24512
8597
23881
9122
8599
24513
8601
8606
8607
8602
8611
8603
8606
8611
8612
8605
8606
8607
8608
8609
8608
8886
8610
8887
8610
8888
8613
8626
8812
24382
8616
8889
8618
8625
8804
24508
8619
8803
24383
8620
8801
24378
8626
8802
24379
8622
8624
8805
8623
8806
8807
8850
8625
8809
8810
8811
24377
8631
24084
8629
8630
8658
24083
8655
23950
8631
8659
24081
8664
24082
8633
8636
8711
8638
8890
8635
8691
8816
8636
8692
8817
8638
8693
8815
8816
8817
8891
8640
8643
8647
20742
8641
8648
20729
8642
8649
20730
8650
20731
8668
20733
8652
8655
8657
8662
8664
8647
8648
8649
8650
8651
8680
8683
20740
8656
8658
8669
8664
8670
8665
8659
8662
8682
8664
8670
20727
8668
20721
8680
8669
8822
20748
8679
20779
20723
8682
8682
8677
8821
8822
24392
8678
8819
11198
11127
9027
9026
8818
11199
18677
8681
20743
20725
8706
20743
8685
8708
8710
8686
8687
8688
8707
8688
8692
8710
8693
8709
8690
8705
8691
9019
8692
8710
8693
8713
8711
8714
8695
8703
8696
8697
8704
8699
8702
8700
8701
8703
8705
8709
9018
8715
9019
9021
8711
9022
9019
8712
9023
8714
9020
9076
8714
8744
8777
8725
8732
8752
8754
18073
8718
8723
8735
8756
18074
8719
8736
8757
18075
8724
8737
8758
18076
8721
8722
8740
8761
18077
8738
8762
18078
8723
8739
8759
18079
8741
8760
18080
8725
8742
8763
18081
8743
8764
18082
9064
20990
20855
20934
20921
20950
20740
20947
9065
20828
8778
20748
8733
8743
17903
8734
8752
17904
8753
8779
17905
8736
8741
17906
8737
17907
8742
17908
8740
17910
8740
8741
17911
17909
17912
8743
17913
17914
8777
8779
17829
8753
8755
9063
9075
18346
18677
20831
8749
8771
9074
18408
8749
8770
9059
9070
18407
8772
9073
18409
8755
8774
9057
9075
18425
20723
20851
8753
8755
18087
9062
18086
8755
8764
8774
18130
18131
8757
8760
8767
18132
8758
8766
18133
8763
8768
18134
8760
8761
8770
18135
8769
18136
8762
8772
18138
8771
18137
8764
8773
18139
8775
18140
20727
20997
8767
8768
9068
18429
8769
9067
18430
8773
9069
18431
8770
9070
18432
8772
18433
8772
18435
18434
8775
9071
18436
8775
9066
18424
9072
18437
20725
20929
9061
9076
17821
17939
20721
9061
9062
17902
9138
9140
9131
9136
9144
8788
8787
8797
8788
8790
8791
8920
8796
8921
8795
8980
8793
8794
8983
8996
8795
8981
8982
8797
8817
8835
24556
8812
8815
24612
8802
8803
24562
8811
24961
8804
24563
8810
9124
8806
8809
8807
8885
8808
8882
8883
8810
8812
24959
24613
8814
8815
8816
24946
8817
8884
24908
8817
8892
11197
11060
9025
8858
8860
8893
27735
8825
8827
8840
11185
24150
8830
8837
11190
24327
8829
8841
11193
24318
8828
8842
11186
24146
8829
8843
11187
24147
8844
11188
24148
8832
8838
11191
24126
8832
8833
8834
11192
24137
8839
11189
24127
8836
11184
24140
8836
8839
8890
24132
8836
8892
24135
8891
24136
8838
8840
8889
24326
8839
8846
24111
8847
24112
8842
8851
24149
8844
8886
24221
8843
8849
24143
8844
8888
24144
8887
24145
8848
24118
8847
8873
8889
23964
8874
8890
23963
8850
8883
23956
8851
8868
8888
23971
8882
23953
8867
8889
23974
8854
8862
8865
30748
8854
8855
8864
30747
8866
30749
8856
8869
30751
8857
8870
27743
8858
8871
27742
8879
27734
8860
8876
8893
24689
8878
8879
24688
8862
8863
27741
8880
27733
8880
8884
24682
8866
8869
8873
24678
8866
8875
8880
24680
8874
24679
8868
8870
8872
24605
8871
8877
24602
8870
8872
24684
8871
24691
8879
24690
8873
8889
24601
8874
24599
8875
24600
8881
8890
24909
8878
8886
24591
8878
8879
8888
24603
8887
24592
24685
8881
24681
8884
8891
24910
8883
8885
24915
24911
8892
24925
24946
24914
8887
24022
8888
23973
23972
24021
8891
23966
8892
23969
23970
27705
8895
8981
28177
8922
8983
28179
8899
8923
8926
28752
8898
8908
8925
8927
28329
8926
28755
8930
28761
8902
8931
8943
28765
8907
8952
28776
8903
8956
28782
8951
28780
8947
28349
8906
8953
28768
8907
8954
28769
8955
28777
8909
28303
8910
8913
8927
28302
8911
8928
8958
28301
8912
8913
8914
28225
8915
8958
8960
28223
28295
8915
28260
8916
8918
28258
8919
8960
8962
28259
8922
28118
8919
28288
8975
28287
8921
8980
28205
28204
8996
28180
8930
8934
8984
28330
8925
8927
8935
8939
28758
8926
8933
28751
8934
28754
8928
28340
8929
8935
28337
8932
8936
8958
28333
8931
8941
28760
8942
28763
8937
8938
8959
28334
8934
8939
9003
28328
8987
28331
8936
8940
28759
8938
8986
28757
8945
8946
8964
28316
8946
8985
28336
8940
9002
28339
8986
9001
28338
8942
8984
28341
8943
28342
8956
28343
8945
8970
8989
8990
28309
8965
8988
28310
8988
9006
28315
8953
28348
8950
8952
28352
8950
8951
28356
28355
8956
28358
8955
28353
8954
28346
8955
28347
28354
28359
8969
8973
8974
8993
28264
8959
28299
8960
8964
28300
8961
28224
8962
8964
8966
28218
8963
8975
28254
8966
8968
8976
28256
8965
28298
8966
8970
28227
8967
28219
8968
8970
8971
28220
8969
8977
28255
8971
8978
28257
8972
28228
8972
8973
28221
8990
8994
28226
8992
8994
28222
8978
8979
28291
8976
28282
8977
28284
8978
28285
28283
8993
8995
28727
8982
28206
8982
8983
28209
28210
8996
28207
8987
28323
8986
9000
9006
28335
9004
28332
9003
28322
8989
9005
28319
9007
9009
28318
8991
9009
28268
8994
8999
9011
28269
8993
9013
9014
28232
9015
28265
9013
28229
9015
9017
28728
28208
8999
9012
9145
9147
28280
8999
9011
9145
9146
28277
9013
28278
9004
9148
28325
9002
9004
28326
9003
28327
28321
28324
9006
9007
9150
28320
9148
28314
9008
9149
28317
9009
9010
9151
28312
9011
28313
9011
9146
9156
28270
28271
9013
9014
9152
28253
28252
9015
9153
28238
9016
28217
9017
9153
28670
28893
9157
28726
9022
9023
9119
9023
11064
11099
11125
10955
11063
11090
10810
11132
23878
24354
9061
9062
9077
18090
20931
9035
9041
18144
20935
9033
9034
9079
18145
9036
9080
18146
9035
9082
18147
18148
20936
9040
9081
18149
9038
9044
9083
18151
9039
9084
18152
9040
9085
18150
9086
18153
9042
18155
20937
9087
18154
20939
9045
9048
9090
18162
9047
9093
18158
9046
9094
18163
9047
9095
18164
9096
18165
9053
9091
18166
9050
9097
9098
18159
9051
9101
18168
9052
9103
18169
9053
9104
18170
9112
18167
9055
9056
9068
9100
18416
9058
9067
9099
18415
9069
9102
9116
18417
9066
9113
9115
18401
9059
9070
9109
18419
9073
9108
18420
9061
9076
17899
20931
20973
17901
9063
18089
9077
9118
18347
9078
18465
20757
18466
20739
20915
9072
9114
18399
9068
9070
18403
9069
18404
9071
18405
18406
9072
9116
18410
9117
18411
9074
9110
18422
18421
20946
9113
9118
18426
9119
17819
18345
20933
20949
18348
20855
20998
9080
9082
18351
20953
9081
18352
20954
9086
18353
20955
18354
20936
20956
9084
9093
18357
20958
9085
18358
20959
9086
18359
20960
18360
20961
9088
18157
20938
9089
18156
20962
18364
20901
20950
9091
9094
18367
20940
9092
9112
18368
9111
9114
18369
20940
9096
18370
20964
9095
18373
20942
9096
18374
20943
18376
20944
9099
9101
9106
18378
9106
9107
18160
9100
9109
18379
9101
9102
18380
9103
18381
9103
9105
18382
9104
18383
9105
9112
18384
9111
9116
18385
9109
18388
20945
18161
20945
20969
9109
9110
18393
20945
18392
18394
20946
20968
9112
9117
18397
18396
18400
20941
20948
9115
9117
18413
18412
20940
20941
9117
18418
18423
18427
20948
20949
17820
20972
20973
11129
23885
23887
24320
11128
23876
23880
24308
9126
23881
24061
24557
24569
24604
24508
24563
24919
24567
24784
28849
24561
24567
24641
9129
9155
9159
28273
28880
9129
9131
9159
28682
9139
28142
9132
28140
28885
9133
28215
9133
28141
28891
9159
28663
28877
28114
28881
28890
28116
28875
28882
28214
28872
28879
9143
28361
28870
28888
9158
28213
28888
9140
9154
9155
28664
9141
28216
9142
9154
28683
9146
9156
28767
9144
28292
28848
28199
28874
9154
9155
28279
9154
28276
9152
9155
28274
28880
9150
28308
9150
9151
28266
28311
9156
28267
9153
28251
28889
28237
28871
28520
28275
28272
28714
28859
28893
28665
28869
28887
28506
28892
9161
9925
10393
10543
10908
23446
9162
9875
10395
10911
23344
10118
10396
10558
10912
24481
9314
9657
10005
10497
11266
9165
9673
9988
10350
10479
9669
9987
10351
10478
10510
9287
9332
9337
9613
21169
9171
9173
9230
9265
9625
10297
9170
9172
9232
9272
9664
10293
9170
9174
9235
9274
9662
10203
9233
9273
9663
10292
9172
9231
9266
9626
10298
9229
9267
9665
10296
9236
9269
9333
9624
10295
9234
9275
9661
9675
10201
9176
9188
9205
9374
9602
10966
9183
9495
9552
9601
11056
9178
9217
9387
9678
10283
9179
9390
9680
10547
9190
9393
9682
10898
9405
9421
9563
9564
10451
21850
9182
9183
9200
9418
9559
21134
9201
9419
9422
9750
22999
9205
9417
9566
11043
9185
9216
9233
9429
9713
10331
9235
9430
9687
9717
10329
9187
9214
9236
9432
9694
10551
9189
9206
9237
9433
10552
9189
9204
9238
9384
10904
9208
9239
9383
10894
9212
9437
9693
10890
9193
9194
9441
9701
21130
9193
9199
9445
9706
23007
9446
9707
23005
9195
9452
9711
21109
9197
9456
9715
11037
9197
9198
9462
9720
11055
9466
9721
11045
9212
9470
9724
10968
9207
9475
9695
23000
9201
9205
9210
9485
21113
9202
9211
9480
23004
9203
9481
9750
21843
9209
9211
9487
21851
9205
9208
9210
9484
10967
9483
11054
9208
9479
9694
9697
10891
9209
9490
9698
22992
9478
9699
10962
9489
9700
21852
9211
9482
9699
11036
9486
9700
21127
9438
9727
10960
9215
9216
9229
9425
9703
10332
9215
9230
9426
9704
10333
9231
9427
9705
10334
9232
9428
9710
10330
9218
9501
9728
10304
9219
9506
9729
10305
9228
9509
9730
10306
9225
9514
9568
9732
10281
9222
9515
9569
9761
10282
9518
9568
9732
9760
10309
9224
9227
9526
9734
10301
9228
9532
9733
10302
9226
9517
9731
10311
9227
9533
9735
10300
9540
9736
10299
9545
9737
10303
9231
9232
9340
10339
9231
9236
9341
10340
9342
10341
9233
9343
10338
9235
9344
10337
9235
9345
9687
9739
10253
9346
10254
9237
9349
10336
9239
9333
9352
10287
9239
9334
9350
9602
10901
9335
9351
10553
9324
9600
9770
10455
11292
21163
9242
9311
9659
10002
10493
11263
9243
9310
10003
10494
11264
9246
9306
9995
10495
11270
9245
9246
9308
9996
10489
11271
9307
9654
9998
10488
11274
9309
9997
10490
11272
9248
9250
9271
9668
9959
14302
9249
9270
9667
9989
15376
9255
9294
9671
9990
15377
9275
9631
9661
9958
14268
9252
9288
9642
9646
9979
14144
9253
9256
9290
9980
14168
9254
9257
9289
9981
14169
9280
9637
9650
9982
14170
9295
9612
9670
9991
15319
9257
9327
9646
10048
11047
9325
9650
10041
11051
9259
9332
9613
10028
11244
21858
9605
9666
10025
10273
21748
9261
9338
9571
11267
9262
9277
9316
9604
14199
9287
9337
9603
14159
9264
9268
9335
9351
9628
14209
9285
9334
9350
9627
14208
9266
9269
9341
9634
14304
9267
9342
9635
14240
9272
9340
9636
14239
9269
9333
9352
9629
14210
9349
9630
14211
9271
9294
9347
9676
14270
9275
9348
9675
14271
9273
9343
9633
14238
9274
9344
9632
14252
9275
9346
9631
14251
9345
14269
9280
9285
9319
9367
9637
14197
9278
9331
9571
9606
15191
9279
9323
9365
9640
14161
9286
9324
9639
11292
14120
9289
9320
9356
14196
9282
9288
9321
9357
9642
14158
9284
9317
9364
9643
14143
9286
9291
9328
9366
9608
14121
9292
9318
9363
9641
14122
9336
9368
9638
14198
9322
9358
9607
14123
9298
11245
14072
9290
9326
9353
14160
9290
9325
9355
14163
9327
9354
14162
9292
9329
9361
9610
14124
9330
9362
9609
14125
9297
9299
9576
9644
10433
14070
9295
9339
9674
15344
9296
9570
9743
15327
9297
9574
9612
9742
15281
9575
9611
9741
14071
9332
11244
9307
9577
9654
10435
14038
9301
9305
9311
9584
10462
14032
9302
9312
9583
10429
14035
9304
9313
9582
10430
14034
9304
9314
9586
10432
14036
9315
9587
10431
14037
9310
9580
9585
10461
14033
9309
9310
9580
10470
14043
9308
9578
10434
14039
9309
9579
10428
14044
9581
10471
14045
9311
10469
14042
9312
10468
14041
9313
9659
10472
14040
9315
9658
10477
14046
9315
10476
14048
9657
10475
14047
9331
9337
9338
9615
21142
9318
9321
9595
9649
23003
9330
9594
9647
22997
9320
9336
9601
9651
10963
9325
9597
9650
10970
9326
9591
9648
21132
9324
9328
9600
9619
21840
9324
9331
9617
9770
21143
9618
21841
9327
9590
11052
9327
9589
9646
21107
9588
11038
9329
9596
9620
21846
9330
9592
9621
21847
9593
9622
22989
9616
9769
21141
10273
21175
9335
9623
10291
9335
9336
9645
10546
9653
10545
9602
9652
10889
9614
10270
21170
9769
10270
21144
9347
9380
9570
9738
15345
9342
9343
9425
14253
9342
9349
9426
14254
9427
14255
9344
9428
14256
9346
9429
14257
9346
9348
9431
14273
9430
14274
9348
9381
9740
14272
9382
9739
14275
9352
9432
14241
9351
9368
9384
14212
9352
9383
14242
9433
14243
9354
9357
9359
9589
14200
9355
9360
9588
14201
9356
9369
9590
14202
9367
9496
9597
14213
9364
9370
9591
14203
9366
9371
9600
11292
14486
9360
9370
9401
9599
14216
9369
9402
9598
14217
9362
9366
9592
11288
14126
9363
9375
9593
14127
9364
9376
9594
14145
9497
9595
14164
9571
9573
9770
11292
14215
9397
9596
14165
9368
9495
9601
14214
9374
9602
14218
9403
9496
9550
14219
9413
9497
9549
14220
9397
9572
9744
15347
9373
9527
9580
9585
10449
14077
9544
9548
9581
10440
14081
9384
9483
9495
14248
9376
9415
9554
11288
14488
9411
9497
9553
14166
9379
9386
9494
9575
9746
15331
9379
9380
9396
9570
9677
15373
9385
9574
9745
15372
9381
9434
9690
15371
9382
9467
9689
14299
9431
9471
9688
14300
9384
9433
9478
14260
9484
14267
9386
9392
9396
9747
15349
9388
9502
9748
15348
9389
9390
9501
14085
9389
9392
9504
9749
15334
9391
9505
9678
15284
9391
9393
14086
9392
9395
9680
15285
9394
9679
15329
9395
9437
14087
9395
9396
9435
9681
15350
9436
9682
15286
9434
9683
15351
9424
9686
11288
14129
9401
9405
9409
9412
9421
14262
9400
9406
9410
9556
15352
9407
9408
9419
9422
14221
9402
9413
9558
14261
9403
9405
9563
14244
9404
9406
9565
14245
9407
9417
9496
9566
14246
9406
9410
15269
9407
9564
14263
9418
9559
14264
9420
9560
11269
9410
9561
11268
10451
15287
9415
9416
9684
11289
14146
9413
9414
9557
15335
9562
11289
14283
9416
10452
11289
14285
9423
9685
14284
10457
9418
9483
9495
14247
9419
9485
14265
9420
9480
15275
9481
9750
15353
9557
9558
9561
21173
9556
9559
9560
21849
9424
10453
11288
14050
10473
9427
9428
9442
14276
9427
9432
9443
14277
9444
14278
9429
9451
14279
9430
9455
14280
9431
9460
14281
9461
9687
14282
9433
9474
14258
9479
14259
9435
9467
9691
15354
9436
9468
9692
15355
9437
9469
9693
15288
9438
14088
9469
9470
14089
9440
9442
9448
9454
9702
15356
9441
9450
9453
9701
15320
9446
9452
14090
9444
9451
9703
14287
9444
9447
9474
9704
14288
9448
9705
14289
9446
9449
9475
14092
9450
14091
9448
9449
9476
9708
15357
9450
9709
15358
9450
9477
9706
15321
9707
15322
9454
9455
9710
14292
9453
9456
14096
9454
9458
9711
15292
9457
9712
15362
9457
9460
9713
14290
9458
9466
14093
9458
9459
9714
15359
9465
9715
15289
9460
9463
9465
9716
15360
9461
9717
14291
9463
9471
9718
15341
9464
9466
9470
14094
9464
9472
9719
15361
9465
9473
9720
15290
9466
9721
15291
14095
9468
9471
9725
15363
9469
9472
9726
15364
9473
9727
15293
9473
14097
9472
9722
15365
9473
9723
15366
9724
15294
9476
9479
9694
14293
9477
9490
14058
9477
9491
9696
15367
9493
9695
15336
9479
9484
9488
14297
9491
14298
9481
9485
9486
14286
9487
15295
9484
9485
9486
9488
14295
9484
9485
14266
14296
14294
9487
9492
15370
9489
15296
9491
9492
9699
15368
9490
9492
14059
9493
14057
9493
9697
15369
9493
9700
15330
9698
15337
9502
9546
9576
9751
15283
9496
14305
9552
14222
9551
11289
14223
9499
9500
9523
9587
10447
14098
9522
9586
10448
14099
9519
9520
9582
10446
14100
9505
9506
14102
9503
9504
9753
15332
9507
9510
9546
9752
15338
9505
9507
9754
15339
9508
9728
15297
9508
9509
14103
9508
9511
9755
15340
9512
9729
15298
9512
9545
14104
9511
9542
9547
9757
15299
9512
9543
9756
15323
9541
9730
15300
9515
9516
9569
14301
9516
9517
9524
15305
9518
9522
15374
9518
9568
15333
9525
9533
14060
9523
9524
15375
9521
9534
9583
10441
14101
9521
9523
9524
9758
15302
9525
9535
9759
15303
9523
9761
15325
9760
15301
9525
9732
15324
9536
9731
15304
9531
9532
9540
14105
9529
9537
9544
10442
15308
9529
9530
9543
9544
9763
15307
9531
9538
9762
15306
9531
9532
9541
9733
15309
9539
9734
15310
9545
14106
9536
9540
14062
9535
9537
9584
10443
14061
9536
9538
9764
15311
9539
9735
15312
9538
9585
10444
14063
9539
9765
15313
9540
9736
15314
14107
9543
9545
9737
15316
9543
9544
9548
9767
15317
9766
15315
10445
15318
14108
9547
9577
10438
14056
9548
9578
10439
14076
9579
10437
14080
9551
9562
9591
9599
22993
9552
9565
9590
9598
21110
9553
9567
9595
21848
9566
9597
11042
9554
9594
9684
21844
9555
9593
9685
21165
9592
9686
10453
11288
21166
9564
10271
10451
21171
9562
10272
10452
21157
9562
9563
9599
22990
9564
9566
23006
9750
10271
21154
10272
10451
21152
9567
21842
9565
9598
22998
9565
22991
9566
21126
21108
9684
10452
11289
21164
9569
10897
11049
9574
9768
15346
9769
14069
9573
10455
11292
14049
10474
9575
9771
15328
9576
9772
15282
9577
10456
14073
9578
10454
14074
9579
10467
14055
9581
10458
14029
9581
10460
14030
10459
14031
9583
9587
10463
14084
9584
10464
14075
9585
10436
14078
10450
14079
9587
10466
14083
10465
14082
9589
9590
9598
21111
9591
9599
21131
9597
11044
9595
23008
9593
9596
21845
9594
21853
9595
21854
23001
9600
9686
21174
9601
11057
9599
21128
23009
9744
21167
9602
10969
10905
9604
9614
9966
11245
15183
9606
9615
9967
14130
9655
9964
11244
14303
9616
9640
9968
14131
9608
9619
9639
9971
15270
9610
9620
9972
14111
9610
9622
9641
9974
14113
9621
9973
14112
9612
9644
9669
9987
14109
9672
9994
14064
9614
10029
11245
21855
9615
10026
21856
9616
10031
21857
9617
10032
21859
9618
9640
10038
22996
9619
9639
10043
22995
9620
10044
22994
9621
10045
23002
9622
10046
23010
9647
10047
23011
9624
9629
9653
10035
10342
9625
9630
10036
10343
9626
9634
10055
10344
9635
9665
10056
10345
9628
9638
9645
9948
14205
9629
9653
9949
14206
9630
9950
14207
9634
9951
14224
9632
9662
9956
14250
9633
9663
9957
14237
9636
9664
9952
14249
9635
9953
14225
9636
9954
14226
9665
9955
14227
9638
9651
9976
14167
9652
9977
14204
9640
9970
15271
9969
14132
9643
9647
9983
14133
9643
9648
9984
14147
9649
9985
14134
9654
9673
9988
14028
9652
9653
10033
10554
9648
10049
11040
9649
10050
21129
9649
10051
21114
10052
21133
9651
10042
10964
9652
10039
10895
10040
10902
10034
10288
9999
10427
14052
9656
9666
11243
14051
9660
11291
9658
10004
10491
11265
9659
10000
10496
11261
10001
10492
11262
9666
10006
10274
21869
9662
9668
10078
10260
9663
10076
10261
9664
10077
10269
9665
10075
10347
10057
10346
10030
21762
9668
9671
9676
10083
10262
9675
10080
10258
9672
9673
9741
10162
9671
9672
9743
10263
10503
9674
10259
10502
9742
10157
10478
10161
10427
10433
9676
9738
9743
10200
9676
9739
10202
9740
10204
9683
9690
9745
9768
10239
9680
9728
9749
10314
9680
9681
9747
9749
10235
9682
10313
9682
9683
9692
10237
9693
10315
9691
9747
10238
9685
10457
21156
10453
21150
9744
10473
21158
9688
9718
10245
9689
9722
9739
10247
9690
9725
9740
10246
9691
9738
10244
9692
9725
10240
9693
9726
10241
9727
10316
9696
9704
10899
9696
9698
9706
11039
9697
9708
10961
9698
9699
10973
9700
21112
9700
11053
21135
9702
9707
9711
10965
9703
9709
9712
10548
9705
9710
10328
9705
9708
10550
9709
10286
9707
9708
11046
9709
11050
9709
10893
10900
9712
9713
10321
9712
9715
10903
9714
10284
9714
9717
10322
9715
9716
10323
9721
10892
9717
9719
9721
10324
9718
10325
9719
9722
10326
9720
9723
10327
9721
9724
10285
10549
9723
9725
10243
9724
9726
10319
9727
10320
9726
10242
9727
10317
10318
9729
9754
10216
9730
9755
10220
9737
9756
10218
9732
9735
9759
10230
9758
10307
9734
9737
9763
10221
9736
9762
10222
9736
9764
10223
9765
10226
9766
10227
9740
9768
10250
9740
10252
10251
9742
9772
10210
10433
9743
9771
10214
9768
10213
10455
21153
9746
9747
9771
10182
9748
9751
9772
10183
9748
10234
9749
9753
10181
9754
10236
21172
9753
10184
10438
10456
9753
9755
9757
10168
10438
9754
10169
9755
10215
9756
10217
9757
9766
10219
9767
10170
10439
9759
9760
10228
10446
9764
10229
10441
9761
10308
10447
10310
10448
9763
9765
10172
10442
9766
10171
10445
9765
10224
10443
10225
10444
9767
10176
10177
10437
10445
9771
10255
9770
21160
10474
21162
9772
10193
10194
10456
9774
9776
9785
9870
10655
10999
9775
9784
9808
10567
9776
9777
9809
10568
9778
9871
10666
11023
9778
9804
10123
10569
9868
10125
10667
11016
9807
10063
10064
10067
10580
9781
9783
9887
10069
10662
11000
9782
9817
10065
10583
9783
9784
9811
10584
9785
9866
10663
10997
9785
9812
10566
9872
10664
10998
9788
9888
10060
10061
10656
11020
9814
10059
10060
10061
11283
9883
10062
10066
10657
11024
9790
9822
9835
10132
10499
15381
9791
9837
10133
10500
15398
9839
9859
10134
10507
15396
9793
9796
9874
9910
10102
14176
9825
9875
9911
10103
14177
9795
9797
9878
9907
10112
14171
9796
9876
9912
10116
14182
9877
9902
10104
14181
9798
9879
9908
10111
14172
9799
9880
9909
10101
14173
9801
9882
9944
10094
14174
9818
9842
9892
11242
11298
9813
9881
9943
10093
15278
9803
9804
9869
9945
10123
15276
9813
9867
9947
10096
15277
9809
9868
9937
15257
9806
9810
9883
9938
10062
14480
9807
9865
9939
10064
14481
9815
9884
9940
14482
9809
9812
9870
9935
15203
9871
9936
15201
9814
9888
9934
10061
15202
9812
9817
9866
9941
14483
9872
9942
15200
9873
9946
10095
15279
9819
9890
11290
14175
9816
9885
9961
10063
14478
9817
9886
9962
10065
14484
9887
9963
14479
9820
10058
11246
15395
9889
9986
10059
11247
14490
9821
9862
9892
10367
23506
9860
9891
10021
11246
21119
9824
9837
9989
10498
15326
9824
9836
9838
9958
10074
14230
9835
9959
10081
15342
9826
9895
9913
10106
14178
9831
9894
9914
10105
14179
9828
9833
9896
9905
10087
14229
9830
9898
9906
10086
14228
9830
9832
9897
9915
10089
14184
9899
9903
10088
14183
9832
9900
9916
10107
14180
9901
9917
10108
14185
9834
9904
10071
10085
14306
9836
9838
10072
10139
14307
9836
10082
10152
15378
10079
10140
14308
9839
9990
10501
14065
9904
9956
10073
14236
9841
9991
10508
14066
9841
9844
9987
10510
11273
9859
9994
10509
14053
9893
11293
9844
9858
10137
10368
9859
10136
10370
15399
9846
9847
10141
10511
9851
10142
10512
9848
10143
10513
9849
10148
10521
9850
10147
10518
10154
10519
9852
10144
10514
9853
10145
10515
9854
10146
10516
9856
10149
10522
9856
9857
10150
10520
10151
10523
9858
10153
10371
10138
10369
10135
10517
15397
9862
9863
10129
10974
11304
9862
9892
10124
10680
11298
23228
10058
10130
21116
9864
9891
10131
11002
11303
9889
10059
10060
10585
11025
9883
9884
10011
10066
21096
9872
9887
10015
10987
9869
9873
10018
10126
21092
9869
9871
10008
11032
10009
10125
10989
9871
9872
10013
10990
10007
11033
10016
10991
9881
10020
10100
21093
9875
9877
9924
10117
10911
9895
9925
10118
9877
9878
9926
10115
10931
9927
10119
10909
9879
9921
10114
10928
9880
9922
10113
11018
9882
9923
10098
11034
9882
10019
10097
10988
10017
10099
10994
9888
10010
21097
9885
10012
10067
21098
9886
10022
10068
21094
9887
10023
10069
10985
10024
10986
9890
10014
21099
9890
9891
10054
21105
10037
10060
21100
10053
11247
21125
9893
23502
10124
23500
9895
9900
9929
10120
10410
9928
10121
10395
9898
9920
10071
10091
10408
9899
9901
9930
10109
10413
9899
9919
10090
10409
9931
10092
10414
9901
9932
10122
10411
9933
10110
10412
9910
9912
9927
9982
14138
9906
9915
9931
9954
14188
9905
9957
10070
14235
9906
9920
9952
14189
9919
9955
14187
9908
9912
9921
9980
14141
9909
9922
9979
14114
9923
9944
9984
14115
9911
9924
9976
14135
9913
9925
9977
14136
9926
9981
14137
9914
9928
9948
14149
9916
9929
9949
14148
9917
9930
9953
14150
9917
9932
9950
14151
9933
9951
14152
9960
10021
11246
9920
9931
10057
10404
10070
10075
10398
9922
9926
10048
11017
9923
10049
11026
10017
10051
10993
9925
9927
10039
10908
9928
10040
9927
10041
10932
10042
10913
9929
10033
10393
9932
10034
10399
9931
9933
10055
10402
10056
10403
9933
10035
10400
10036
10401
9938
9978
10014
11290
15182
9936
9942
9969
10013
15195
9937
9970
10007
15273
9945
9971
10008
15274
9939
10010
11291
15181
9940
10011
11243
15193
9961
9964
10012
15194
9942
9963
9967
10015
15190
9968
10016
15198
9944
9946
9983
10019
14110
9985
10017
14116
9947
9972
10009
15267
9947
9974
10020
15258
9973
10018
15268
9949
9977
10033
14153
9950
10034
14154
9951
10035
14190
9953
10036
14191
9955
9957
10075
14194
9954
10055
14192
9955
10056
14193
10057
14195
9957
9958
10076
14232
10077
14231
9959
10078
14234
9989
10080
14233
9986
10053
11247
14054
9962
9965
10022
15189
9963
9975
10023
15186
9966
10024
14477
9965
10025
11243
15184
9975
10028
11244
15272
9967
9975
10026
15188
9968
10031
15196
9969
10032
15259
9970
10038
15260
9971
10043
15261
9972
10044
15262
9973
10045
15263
9974
10046
15264
9983
10047
15265
10029
11245
15187
9977
9982
10039
14155
10040
14156
9992
10027
11291
14026
9980
9984
10049
14142
9981
10048
14139
9982
10041
14140
10042
14157
9985
10050
14117
9985
10051
14118
10052
14119
9993
10054
11290
14186
9988
9994
14027
9999
11248
9990
10083
15343
9991
10502
15280
9994
10503
14067
9993
10084
11249
11290
10504
10478
14068
9997
10003
10484
11256
9997
9998
10485
11257
10486
11258
9999
10487
11260
10479
11259
10001
10004
10480
11250
10002
10481
11252
10003
10482
11254
10483
11255
10005
10506
11251
10505
11253
10010
10027
10030
11291
23128
10008
10013
10043
21101
10009
10044
21095
10018
10045
21102
10011
10014
23552
10012
10030
23553
10022
10025
21118
10016
10038
21122
10027
10037
23508
10016
10024
10031
21123
10032
21124
10019
10052
10992
10020
10046
21104
10020
10050
21103
10047
21106
10053
10367
23503
10023
10028
21117
10024
10029
21121
10026
21120
10028
10030
23060
10029
10031
23028
10084
10274
23017
10029
23026
23027
11243
23072
10032
23029
10038
23092
10034
10040
10544
10035
10360
10036
10361
10055
10362
10054
10084
11290
23507
10043
23093
10040
10042
10914
10543
10042
10048
10972
10971
10044
23094
10045
21136
10046
21137
10047
21138
10050
21139
10049
11058
10051
11048
10052
21140
10052
11041
21115
10054
23505
10504
23504
10056
10363
10057
10364
10075
10365
11294
11298
11304
11296
11303
10681
11019
10062
11275
10064
11276
10065
10068
10581
10066
11277
10069
10582
10067
10658
11001
10068
10659
10995
10069
10660
10978
10661
10996
10071
10073
10077
10375
10072
10127
10380
10073
10079
10128
10384
10074
10076
10385
10078
10079
10081
10386
10077
10366
10077
10078
10278
10279
10080
10372
10082
10155
10382
10081
10083
10373
10082
10378
10498
10156
10383
10499
10374
10498
10502
10504
23071
10087
10127
10139
10615
10087
10088
10090
10619
10091
10622
10089
10092
10621
10108
10109
10620
10091
10092
10420
10711
10127
10421
10713
10109
10422
10712
10094
10095
10097
10577
10099
10101
10579
10096
10100
10576
10123
10126
10575
10099
10100
10671
10979
10099
10101
10113
10678
11021
10679
11027
10126
10670
10977
10111
10578
10103
10104
10117
10564
10106
10118
10586
10116
10119
10574
10106
10107
10120
10612
10121
10613
10108
10122
10623
10110
10624
10110
10418
10714
10122
10417
10715
10112
10113
10571
10114
10116
10572
10114
10677
10929
10115
10674
10934
10116
10119
10675
10933
10573
10118
10119
10672
10912
10121
10673
10676
10910
10121
10122
10415
10708
10396
10709
10416
10710
10125
10570
10665
11293
24551
10126
10668
11028
10669
10980
10128
10419
10725
10139
10155
10389
10724
10130
10131
10607
11012
11301
10610
10680
10983
11294
10585
10608
10930
11299
10133
10152
10524
10618
10134
10537
10636
10135
10540
10637
10136
10541
10638
11213
10137
10388
10639
11214
10138
10542
10653
11228
10153
10539
10654
11229
10140
10614
10152
10155
10616
10142
10143
10525
10640
11215
10144
10526
10641
11216
10148
10527
10642
11217
10145
10531
10646
11221
10146
10532
10647
11222
10149
10533
10648
11223
10148
10154
10529
10645
11219
10528
10643
11218
10151
10534
10649
11224
10151
10153
10535
10650
11225
10536
10651
11226
10156
10617
10538
10652
11227
10530
10644
11220
10156
10390
10759
10391
10524
10765
10162
10214
10263
10275
21749
10159
10205
10265
10356
10489
21794
10160
10206
10359
10488
21797
10161
10212
10358
10427
21750
10162
10211
10350
21751
10210
10351
21752
10174
10180
10186
10187
10436
21625
10165
10170
10179
10190
10439
21351
10166
10177
10191
10437
21350
10167
10178
10189
10440
21356
10173
10180
10188
10449
21353
10169
10170
10179
10217
21268
10181
10184
10215
21273
10177
10219
21271
10172
10176
10178
10221
21264
10173
10222
10225
21263
10175
10178
10442
21262
10175
10224
10231
10443
21258
10180
10225
10444
21260
10177
10219
10227
21266
10178
21265
10445
21267
10184
10192
10438
21349
10185
10450
21352
10183
10234
10236
21558
10183
10193
10234
10239
21582
10184
10194
21581
10195
21604
10186
10188
10198
10461
21616
10199
10209
10462
21619
10209
10231
10248
10464
21624
10189
10256
10460
21615
10191
10257
10459
21614
10191
10192
10206
10467
21623
10205
10458
21613
10195
10212
10454
21622
10194
10214
10255
21637
10195
10210
21636
10211
10456
21710
10197
10207
10289
10348
10477
21739
10199
10209
10268
10472
21732
10199
10256
10267
10469
21736
10266
10468
21735
10204
10213
10250
10259
21211
10202
10203
10253
10260
21210
10204
10252
10258
21238
10254
10261
10292
21197
10251
10262
21231
10206
10257
10428
21246
10212
10434
21235
10208
10209
10248
10430
21711
10249
10289
10294
10431
21713
10429
21249
10211
10214
21723
10212
10433
21725
10435
21200
10214
10255
10263
21199
21722
10216
10217
10236
21269
10220
10304
10314
21334
10219
10220
21270
10219
10220
10227
10306
21345
21272
10305
21339
10222
10227
10302
21312
10226
10301
21311
10224
10226
10230
10300
21298
10225
10229
21259
10226
21261
10299
21305
10303
21325
10229
10232
10307
10308
21254
10230
10231
21255
10307
10311
21278
10232
10441
21253
10233
10248
10446
21274
10249
10308
10312
10447
21275
10235
10238
21559
10236
10237
10313
21580
10314
21557
10238
10241
10315
21567
10239
10240
21561
10244
10255
21583
10241
10242
10244
21417
10316
10317
21418
10243
10246
10317
21423
10247
10319
10326
21471
10246
10250
21539
10247
10253
10326
10329
21548
10247
10251
21540
10252
21543
10249
10463
21626
10335
10465
21627
10251
10255
21678
10252
21681
10253
21690
10254
21699
10329
10337
21703
21677
10257
10264
10470
21726
10265
10471
21727
10260
10262
10373
21825
10262
10263
10277
21811
10261
10372
21821
10269
10278
21808
10374
21826
10280
21796
10265
10267
10355
10495
21813
10357
10490
21793
10267
10268
10353
10493
21823
10354
10494
21812
10348
10352
10492
21834
10279
10292
10347
21830
21168
21149
21145
21176
21874
10280
10351
10405
10478
21889
10290
10349
10497
21867
21886
10280
10374
10377
10502
23197
10279
10372
10385
23126
10366
10375
23121
10387
10503
23148
10307
10311
10897
21294
10309
10310
11049
21295
10304
10314
10547
21572
10321
10323
10548
10903
21521
10320
10327
10549
11055
21500
10328
10334
10550
10900
21483
10291
10336
10552
10553
21687
10342
10360
10545
10554
21784
10290
10349
10475
21742
10294
10476
21744
10295
10342
10545
21187
10293
10337
21198
10296
10338
10347
21196
10335
10432
21714
10297
10336
10343
21185
10298
10339
10346
21195
10298
10340
10344
21192
10341
10345
21193
10300
10301
21310
10311
21304
10302
21321
10303
21322
10306
21328
10305
21333
10306
21338
21344
10309
21280
10309
10310
21257
10897
21279
10312
21256
21303
10335
10448
21276
10314
10315
10547
21577
21573
10316
10898
21566
10318
10890
21419
10318
10319
21425
10320
10960
21426
10320
10327
21529
10968
21530
10322
10328
10330
21493
10323
10325
10331
21494
10324
10892
21496
10325
10327
10549
21497
10326
10329
21498
10327
21499
21501
10332
10548
21490
10331
21547
10331
10332
10338
21538
10337
21546
10334
10339
21537
10334
10340
10550
10551
21535
10341
21536
10466
21628
10340
10551
21684
10338
21701
10339
21698
10341
21696
10341
21693
21694
10343
10361
21783
10344
10362
21786
10345
10363
21789
10346
10364
21790
10347
10365
21791
10366
21792
10349
10496
10896
21836
10491
21860
21887
10351
10358
21875
10397
21876
10353
10481
10896
21878
10354
10482
21879
10355
10483
21880
10357
10484
21881
10357
10359
10485
21883
10486
21882
10359
10479
21884
10487
21885
10361
10399
10544
23144
10362
10400
23143
10363
10401
23145
10364
10402
23147
10365
10403
23146
10366
10404
23154
10398
23124
23501
10369
10370
10542
11035
10371
10539
23554
10388
10394
10510
10517
10520
10538
23551
10373
10386
23190
10374
10378
23193
10379
23195
10380
10385
10398
23459
10377
10381
10406
10423
10500
23516
10379
10387
10501
23469
10379
10383
10386
23466
10381
10498
23467
10384
10408
10419
23390
10383
10392
10499
23327
10383
10384
10386
10390
23329
10391
23328
10385
10389
23330
10386
23465
23464
10405
10406
10508
23468
10425
10541
10542
10878
10390
10419
10832
24440
10391
10834
24452
10392
10835
23902
10423
10524
10844
23910
10395
10399
10544
23454
10397
10407
10425
11035
23535
10396
10410
23363
10415
10559
24484
10405
10510
23458
10404
10408
23461
10400
10410
23453
10401
10411
23452
10402
10412
23455
10403
10413
23456
10404
10414
23457
10409
23460
10407
10509
23470
10407
10424
10507
23537
10426
10517
23519
10409
10421
23358
10414
10420
23360
10411
10415
23362
10412
10416
23361
10413
10417
23364
10414
10418
23365
10422
23359
10416
10821
24483
10417
10827
24482
10418
10828
24493
10422
10842
24494
10421
10833
24497
10421
10422
10840
24500
10841
24501
10843
24486
10424
10537
10824
23920
10426
10540
10845
24089
10426
10846
10907
24094
10541
10847
24095
10435
10479
10488
10434
10458
10471
10489
10430
10462
10464
10472
10431
10463
10477
10432
10465
10475
10466
10476
10435
10456
10435
10467
10488
10454
10443
10450
10462
10464
10439
10440
10458
10439
10454
10467
10445
10449
10459
10443
10446
10464
10444
10445
10449
10444
10450
10447
10463
10448
10465
10466
10450
10460
10461
21155
10457
21151
10473
21148
10456
10467
10474
21161
21146
10459
10467
10460
10471
10461
10470
10462
10469
10468
10464
10465
10466
10469
10472
10493
10470
10494
10471
10495
10490
10477
10492
21147
21159
10476
10477
10491
10497
10496
10503
10509
10487
10481
10496
10506
10896
10482
10492
10483
10493
10484
10494
10486
10495
10486
10487
10489
10490
10488
10489
10490
10495
10496
10497
10506
10493
10496
10494
10495
10505
10499
10501
10500
10524
10501
10507
10537
10502
10508
10503
10508
23199
10506
21886
21887
10508
10517
10540
10509
10510
10517
10512
10513
10525
23540
10514
10526
23541
10521
10527
23542
10515
10531
23545
10516
10532
23546
10522
10533
23547
10541
10519
10521
10529
23548
10530
23544
10523
10535
23550
10528
23543
10523
10534
23539
10536
23549
10537
10867
10526
10527
10855
23897
10531
10856
23898
10528
10857
23896
10529
10859
23903
10530
10860
23908
10858
23918
10532
10861
23899
10533
10862
23900
10534
10863
23901
10536
10864
23904
10536
10538
10866
23928
10865
23905
10540
10873
10539
10868
23867
10542
10874
11010
10541
10875
10876
10877
10907
10544
10902
10914
23109
10554
23151
10546
10553
21189
10554
10889
10901
21188
10898
21576
10900
10965
21528
10892
11045
21502
10893
10899
21484
10552
10899
21544
10891
10894
21545
10894
10901
21688
10902
21782
10556
10558
10690
10925
11210
24303
10559
10717
10820
11206
24315
10558
10672
10912
10917
10925
24251
10559
10673
24252
10709
10821
24277
10852
10883
10923
10926
11126
24138
10562
10783
10823
23870
24366
10563
10777
11011
24367
10790
10915
23864
24385
10574
10586
10587
10672
10589
10665
11282
11293
10567
10584
10606
10664
10568
10602
10655
10569
10592
10666
10570
10590
10667
10575
10591
10668
10572
10578
10597
10677
10573
10598
10674
10574
10599
10675
10600
10676
10576
10593
10669
10577
10594
10670
10579
10595
10671
10579
10601
10678
10596
10679
10581
10659
11277
11278
10582
10660
11279
10583
10603
10661
10584
10604
10662
10605
10663
10609
10681
10906
11296
10588
10613
10673
10588
10600
10689
11168
10626
10690
11166
10682
11062
11305
10591
10592
10684
10802
10593
10683
10811
10602
10701
10808
10594
10685
10797
10595
10686
10798
10596
10687
10800
10601
10688
10806
10598
10601
10694
10885
10599
10691
11160
10600
10692
11158
10693
11167
10695
10804
10606
10700
10801
10604
10696
10796
11279
10605
10697
10795
10606
10698
10792
10699
10794
10608
10610
10728
10938
11239
10609
10751
10947
11237
10611
10752
10948
11302
10702
10787
10982
11235
10681
10703
10729
11031
11295
10613
10623
10625
10708
10626
10709
10615
10616
10627
10724
10622
10628
10725
10617
10629
10759
10618
10730
10765
10636
10731
10867
10621
10622
10630
10711
10621
10624
10631
10714
10632
10712
10633
10713
10624
10634
10710
10635
10715
10626
10634
10716
11169
10717
11172
10628
10629
10726
11140
10633
10727
11142
10730
10760
11141
10632
10633
10718
11162
10632
10635
10721
11164
10719
11163
10720
11148
10635
10722
11170
10723
11171
10637
10732
10873
10638
10733
10875
10639
10734
10876
11230
10653
10750
10878
11231
10641
10642
10737
10855
10646
10738
10856
10643
10740
10857
10645
10741
10859
10645
10739
10858
10742
10860
10647
10744
10861
10648
10745
10862
10649
10743
10863
10651
10746
10864
10651
10652
10749
10866
10747
10865
10654
10748
10868
10654
10736
10877
10735
10874
10664
10666
10700
11030
10657
10681
10703
10918
11275
10658
10704
10920
11276
10659
10705
10943
11277
10660
10706
11013
10661
10707
11006
10662
10696
11009
10663
10697
11014
10664
10698
11015
10699
11029
10680
10682
24100
10667
10701
10944
10668
10684
10921
10669
10683
10945
10670
10685
11008
10671
10686
23861
10679
10687
11007
10673
10676
10689
10690
10709
10675
10677
10691
10942
10676
10692
10927
10693
10917
10678
10694
10922
10679
10695
10946
10688
10937
10702
11282
23868
10919
11283
10702
10887
24357
10684
10685
10818
24355
10701
10888
11005
10686
10814
24356
10687
10810
24354
10688
10807
24101
10695
10819
10981
10690
10693
10925
11177
10717
11178
10692
10694
10935
11161
10693
10941
11159
10916
11179
10695
10936
11059
11022
11061
10697
10707
10809
23865
10698
10803
23862
10699
10886
10975
10700
10816
23863
10701
10805
23866
10817
11004
10812
11305
24371
10704
10782
11306
23869
10705
10783
11280
23870
10706
10777
11011
11281
10707
10790
11278
23864
10813
11279
23871
10709
10710
10716
10821
10717
10715
10722
10827
10712
10713
10718
10840
10714
10719
10843
10720
10725
10841
10715
10721
10842
10723
10828
10717
10722
10820
11180
11182
10719
10720
10837
11152
10721
10839
11183
10727
10836
11149
10723
10838
11175
10723
10825
11181
10826
11176
10725
10726
10759
10832
10727
10833
10727
10760
10829
11151
10830
11150
10751
10787
10939
11241
10752
10782
10854
11300
10731
10869
11143
10732
10871
11139
10733
10879
11144
10734
10881
11145
10750
10882
11146
11232
10736
10748
10880
11173
10750
10883
11165
11233
10738
10740
10753
10767
10744
10758
10768
10742
10757
10776
10741
10754
10769
10742
10755
10766
10756
10770
10745
10746
10773
10780
10745
10771
10778
10772
10779
10747
10774
10785
10749
10775
10791
10749
10872
11174
10815
10870
10884
11147
11234
10752
10924
11240
10822
11236
10754
10758
10784
11108
10755
10761
11113
10756
10764
11110
10757
10762
11111
10763
11112
10778
10781
11109
10760
10765
10834
10831
10869
11133
10764
10769
10784
10955
11090
10763
10764
10770
10951
11093
10776
10952
11094
10766
10959
11092
10835
10867
10869
10769
10770
10859
24360
10768
10769
10784
10855
24337
10771
10781
10856
24338
10857
24339
10776
10860
24361
10772
10786
10861
24340
10773
10788
10862
24341
10774
10789
10863
24342
10775
10793
10864
24343
10799
10865
10870
24362
10858
24359
10783
10790
11284
10779
10786
11106
10780
10788
11107
10785
10789
11104
10784
10786
10954
11089
10783
10823
11307
11285
10953
11088
10791
10793
11105
10788
10956
11086
10812
10976
11238
10789
10957
11087
10793
10958
11085
10813
11286
10799
10815
11114
10794
10795
10886
10799
10950
11091
10801
10816
10796
10803
10809
11287
10798
10811
10814
10800
10810
10940
11095
11153
10806
10807
10805
10808
10808
10811
10888
10809
10886
11196
10806
10885
11061
10816
10817
11199
10819
10810
10819
11132
10817
10813
11060
10814
10818
10887
11297
24392
10915
11287
10818
11103
11153
11174
10886
11198
10888
11195
10888
11061
11128
10821
10825
11205
24314
10827
24276
10854
10924
10948
24364
10854
23869
24369
10844
10845
10850
10873
24287
10826
10827
11204
24313
10828
10838
11203
24312
10828
24275
10842
24278
10830
10831
10832
11186
24146
10833
10836
11187
24147
10834
10848
11185
24150
10833
10834
24280
10841
24281
10835
24279
10844
10848
24274
10837
10841
11188
24148
10839
10840
11193
24318
10839
10842
11208
24317
10843
11207
24316
10841
10843
24284
24285
10843
24283
24282
10849
10867
24286
10847
10851
10875
24247
10847
10852
10878
10926
24249
10853
10876
24250
10849
10869
11190
24327
10850
10871
11191
24126
10851
10879
11189
24127
10853
10881
11192
24137
10853
10884
11209
24139
10882
11184
24140
11031
24368
10856
10857
24348
10861
24349
10859
24347
10860
24344
10860
24346
24345
10862
24350
10863
24351
10864
24352
10865
24353
10866
24358
10868
10870
24372
10871
10873
10872
10874
10984
10871
11136
10872
11153
24142
10879
11135
10880
11003
11157
10875
10879
10877
10880
10949
10876
10881
10878
10882
10878
10883
10926
10884
10881
11134
10883
10923
11156
10882
11137
10884
11138
10884
11154
11155
11059
11160
11197
11062
23879
11129
10902
10905
10963
21201
10898
10960
21416
10899
10962
10973
21463
10903
11037
21495
10900
10961
11046
21485
10904
10962
21541
10902
10914
10963
10964
21803
21877
21887
11049
21297
21562
10961
21438
11050
21487
10904
10905
21689
21798
10965
21109
21520
10966
10967
21542
10966
10969
21706
10919
10930
10948
11025
24096
10926
11010
11035
24093
10911
10913
10914
23445
10910
10911
10913
10931
23346
10912
10917
10933
24457
10912
23343
24480
10932
10971
23448
10971
23108
11060
23871
24510
10917
10925
10941
11201
24305
10927
24254
10919
10920
11020
23869
24238
11019
11031
24153
10943
11024
23870
24239
10944
10945
11005
11016
24259
10929
10936
10942
10946
24273
10949
11003
24141
10939
10947
24363
11200
24304
10949
24248
10933
10941
10942
24253
10931
10934
11017
11018
23347
10934
11018
11021
24462
10947
11002
11012
24099
10932
10933
23345
10972
11017
23447
10934
24460
10942
24461
10936
10941
10942
11194
24306
11022
11127
24311
10946
10981
11007
11027
24268
10939
10947
10982
11012
24151
10976
24365
10950
11130
24362
24389
11202
24302
24255
11001
11011
11013
24240
11004
11023
11030
24258
11008
11028
24260
24355
11021
11022
24267
10948
24152
11031
24158
10984
11010
24288
10958
24110
24343
10952
10959
11124
24361
11121
24359
10954
10955
24337
24514
10956
24338
24388
10959
24339
10957
24109
24340
10958
24107
24341
24108
24342
11063
24360
10968
21430
10973
11039
21437
10967
11053
21462
10969
10970
21216
10970
10971
11051
21800
11050
21130
21527
11054
11056
21593
11036
11054
21459
11055
21534
11056
11057
21658
11052
11057
21218
10972
23113
11051
11058
23111
11053
21112
21469
11002
11012
21116
21119
23226
11015
11197
23862
23863
24272
10982
24106
24392
10979
10980
21093
23861
24469
10995
10996
11006
21094
24542
10988
11007
11027
24471
11008
11028
21092
24475
11022
11128
24101
24308
10983
24154
24371
11012
21116
23868
24097
11003
23867
24291
24372
10986
10996
21094
21121
23396
10987
11000
21120
23397
10991
10997
21123
23336
10994
21093
21103
23350
11028
11032
21092
21102
23355
10991
10999
11033
21122
23352
10998
21124
23334
10993
10994
21103
21115
23404
11026
11034
11041
23450
11027
11034
23351
11001
11013
21098
24541
11000
11009
24543
10998
11000
11015
24546
10999
11029
24552
11023
11030
24456
11014
24548
11024
21096
24537
11025
21125
23860
11125
24128
24142
11005
11195
23866
24319
11129
24320
24355
11009
11013
23871
24261
23861
24101
24266
23861
24270
24356
11014
23865
24262
23554
23867
24090
23864
23870
24243
24098
23864
24241
11015
23862
24263
11029
24264
11023
11028
11032
24477
11026
11058
23449
11026
11034
23349
11020
11025
21100
24534
11024
21099
24532
11027
11034
24466
11131
24307
11033
24455
21097
24545
21105
24531
11048
23451
24465
24474
11030
23863
24265
23866
24257
23869
24155
11033
21095
23354
21101
23353
23348
23554
23560
11053
21113
21127
21464
11045
21109
21507
11047
11052
21107
21111
21244
11046
21112
21436
23000
11047
11048
21107
21114
21820
11048
21114
21115
23142
11056
11057
21108
21110
21358
11054
11056
21108
21134
21373
11052
11057
21110
21111
21641
11055
21517
11050
21486
23007
11051
11058
21818
11058
23119
21296
21488
23005
11052
21815
21239
21135
21467
21113
21461
21516
21586
21643
23115
11061
11127
11161
11196
23865
24509
11131
11297
11092
11124
11078
11117
11067
11068
11069
11115
11133
11067
11068
11140
11100
11141
11151
11097
11100
11116
11136
11072
11073
11080
11072
11083
11212
11084
11211
11146
11211
11232
11075
11079
11096
11118
11137
11077
11080
11119
11138
11077
11078
11083
11117
11154
11084
11120
11155
11082
11099
11156
11080
11101
11145
11084
11146
11082
11099
11103
11174
11083
11173
11084
11165
11147
11087
11091
11104
11087
11089
11106
11107
11089
11090
11108
11109
11092
11113
11095
11105
11093
11110
11094
11111
11124
11112
11121
11098
11114
11097
11101
11122
11134
11102
11123
11135
11099
11103
11153
11157
11102
11143
11102
11144
11139
11114
11105
11107
11114
11107
11109
11109
11113
11111
11113
11112
11116
11185
11123
11190
11120
11126
11119
11122
11192
11120
11184
11209
11124
11123
11189
11191
11130
11157
11154
11209
11131
11194
11131
11132
11195
11153
23883
24142
23876
24101
11136
11141
11151
11185
11135
11137
11144
11189
11136
11139
11191
11143
11190
11138
11145
11192
11146
11155
11184
11143
11144
11141
11142
11151
11143
11148
11150
11145
11146
11147
11155
11165
11211
11149
11162
11150
11152
11188
11151
11187
11186
11162
11183
11193
11157
11155
11156
11165
11209
11157
11173
11174
11159
11160
11167
11161
11179
11202
11161
11194
11163
11164
11183
11171
11175
11173
11212
11168
11172
11178
11168
11179
11177
11170
11172
11180
11171
11181
11176
11182
11174
11176
11183
11208
11181
11203
11178
11179
11200
11182
11210
11201
11181
11182
11205
11204
11206
11207
11192
11209
11186
11190
11187
11188
11193
11191
11192
11191
11207
11202
11199
23885
11197
23862
23873
11198
24558
11199
23863
23882
23866
23874
11201
11210
11202
11204
11208
11205
11206
11210
11208
11212
11234
11233
11214
11230
15397
11228
11231
15399
11216
11217
11221
11218
11219
11220
11222
11223
11224
11226
11226
11227
11229
11229
11231
11232
11234
11234
11234
11238
11239
11294
11305
11240
11300
11302
11239
11240
11299
11302
11241
11297
11241
11301
11241
15395
11291
14485
11245
15197
15185
11247
11304
15199
11303
14491
11259
14027
14028
14582
14026
15266
11251
11252
11261
14583
11253
11265
14586
11254
11262
14584
11266
14585
11255
11263
14587
11256
11264
14588
11258
11270
14589
11258
11260
11271
14590
11272
14591
11260
14052
14592
11274
14593
11262
11265
14046
15116
11263
14040
15115
11264
14041
15119
11270
14042
15120
11266
14047
15117
14048
15118
14069
14199
14262
15287
14221
15353
11272
14043
15121
11272
11274
14044
15122
14045
15123
14027
14053
15129
15399
14039
14052
15114
11276
11283
11306
11277
11280
11281
11279
11281
11286
11287
11281
11285
11306
11284
11294
11298
11305
11295
11296
11285
11286
11307
11287
14487
14128
15266
14489
15192
11298
11301
11300
11302
11306
11299
11302
11305
11301
11303
11307
11304
11304
11307
11316
11326
11330
11411
11312
11313
11317
11373
26833
11311
11335
11353
11354
26817
11325
11378
11404
26827
11316
11326
11359
26815
11318
11322
11374
26834
11435
11324
11403
11696
11317
11426
11318
11427
11319
11428
11322
11429
11321
11322
11375
26837
11377
26836
11376
26835
11447
11325
11329
11404
11409
11331
11372
26828
11332
11355
26819
11333
11417
11441
11330
11331
11403
11410
11332
11402
11412
11332
11358
26829
11356
26826
11418
11405
11448
11336
11404
11573
11351
11353
11345
11346
11399
13973
26838
11339
11340
11396
13974
26839
11345
11397
13975
26840
11342
11392
13976
26841
11342
11344
11393
13978
26842
11394
13977
26844
11344
11395
13980
26845
11391
13979
26843
11398
13981
26846
11347
11401
13982
26848
11348
11390
13923
26849
11349
11750
13922
26905
11350
11697
13921
26906
11698
11752
13920
26812
11357
11573
11353
11360
26832
11357
26818
11357
11378
11573
13231
26871
11356
11359
11411
13233
26867
11358
11412
13234
26865
11360
25529
26869
11372
11410
13270
26866
11373
11426
13271
26873
25519
26813
26861
11362
11385
11578
13251
26884
11363
11579
13243
26885
11365
11574
13244
26886
11366
11367
11586
13248
26888
11366
11585
13247
26887
11587
13249
26890
11371
11583
13245
26889
11370
11386
11572
13286
26895
11370
11371
11582
13250
26894
11581
13285
26897
11584
13246
26891
11378
11409
13232
26872
11374
11427
13276
26868
11376
11428
13277
26870
11376
11377
11430
13275
26876
11429
13274
26877
11379
11431
13273
26874
11568
13269
26864
11380
11432
13272
26878
11381
11569
13278
26879
11382
11570
13266
26880
11383
11580
13265
26881
11384
11575
13267
26882
11385
11576
13268
26892
11577
13252
26883
11387
11571
13287
26896
11588
11754
11756
26898
11530
11687
11441
11722
11401
11713
11750
13961
11393
11395
11704
13968
11394
11396
11705
13970
11394
11701
13967
11702
13971
11703
13969
11397
11709
13966
11398
11707
13965
11399
11708
13964
11401
11706
13963
11568
11696
11749
13960
11403
11413
11416
11568
11415
11408
11421
11441
11722
13689
11411
11413
11477
11547
13687
11417
11420
11442
13692
11410
11568
11696
13707
11412
11416
13693
11412
11426
13646
11413
13645
11416
11727
13894
11415
11444
11472
11502
13698
11439
11448
11675
13706
11696
13958
11418
11722
13956
11419
11442
11751
13871
11443
11445
11665
13647
11421
11424
11428
13704
11427
11547
13685
11423
11424
11430
11443
13702
11425
11431
11437
13701
11429
11442
13703
11432
11436
11438
13700
11427
11547
13708
11428
13712
11429
13709
11430
13710
11431
13713
11432
13711
11569
13714
11435
11501
11650
11695
13653
11447
11467
11503
11649
13656
11465
11491
11699
13726
11437
11439
11440
13696
11443
11445
13697
11440
11546
11569
13695
11444
11445
13686
11444
11451
13650
11477
11547
13915
11443
13691
13649
11449
13652
11448
13690
11464
11504
11530
11687
13882
11466
11529
11700
13655
11665
13932
11451
11454
11472
13651
11451
11452
11454
11550
13660
11546
13648
11458
11485
11549
13663
11459
11460
11463
11475
13872
11458
11464
13873
11457
11459
11470
11474
13876
11457
11458
11471
11485
13850
11469
11486
13874
11468
13875
11473
11476
13877
11462
11480
11495
13878
11462
11481
11488
11505
13864
11482
11494
13865
11473
11490
11495
13867
11468
11472
13724
11503
11649
13913
11467
11471
11504
13694
11469
11492
13868
11471
11504
13879
11470
11471
13881
11473
11492
13869
13880
11530
13699
11493
13870
11476
11486
11552
13662
11476
11480
11555
13885
11556
13851
11727
13957
11479
11496
11498
11562
13884
11484
11487
11554
13883
11482
11557
13886
11482
11483
11558
13887
11559
13888
11484
11488
11560
13889
11489
11561
13890
11486
11548
13664
11551
13661
11489
11496
11535
13721
11489
11506
13866
11534
13722
11493
11501
11531
13723
11493
11501
11503
13818
11493
11503
13725
13727
11495
11505
11532
13729
11531
13728
11500
11536
13734
11498
11499
11507
11563
13735
11500
11553
13736
11500
11511
11512
13719
11508
13718
11537
13816
11530
11675
13931
13654
11529
13705
11506
11533
13731
11534
11538
13730
11512
11544
11564
13737
11509
11511
11536
13807
11517
11541
11658
13806
11527
11528
11647
11664
13792
11516
11517
13808
11514
11516
13720
11514
11518
11519
11543
13811
11515
11544
13810
11516
11519
11521
13812
11524
13815
11524
11659
13742
11520
11525
11545
13809
11520
11522
13813
11523
11526
13814
11522
11524
11596
13744
11523
11597
13746
11528
11598
13748
11660
13750
11526
11661
11671
13753
11527
11528
13754
11661
11663
13791
11603
13755
11687
13928
13817
11532
11537
13819
11533
11542
13820
11538
11667
13822
11535
11539
13732
11536
11540
13733
11541
13826
11542
11650
13795
11539
11666
13821
11540
11668
13823
11541
11669
13824
11670
13825
11651
11667
13796
11544
11545
11567
13827
11566
13828
11565
11671
13802
11550
11570
13666
13688
11549
11551
11576
13670
11550
11575
13668
11580
13667
11552
11577
13671
11556
11578
13672
11562
11563
11572
13893
11561
11562
11582
13896
11556
11557
11574
13669
11579
13673
11559
11585
13891
11559
11560
11586
13897
11587
13895
11561
11583
13898
11584
13899
11581
13900
11564
11571
13892
11566
11588
13738
11567
11672
11674
13829
11567
11589
13832
11590
13831
11573
13919
11570
13715
11580
13684
11572
11588
13906
11581
13902
13972
11579
11585
13683
11576
11580
13678
11577
13679
11578
13680
11579
13681
13682
13675
11582
13903
11584
13904
11584
11586
13901
13905
11587
13676
11587
13674
13677
11589
13739
11590
11754
13836
11674
11755
13834
11592
11648
11658
11728
13838
11599
11659
11730
13837
11594
11596
11599
11732
13842
11595
11597
11733
13843
11598
11602
11731
13844
11597
11660
13743
11598
13745
11603
13747
11660
11734
13845
11601
11643
11689
11694
13794
11657
11661
11663
13752
11603
11646
11735
13846
11647
13756
11607
11613
11620
11748
13852
11606
11608
11622
11742
13854
11607
11624
11747
13853
11626
11741
13855
11610
11627
11737
13856
11610
11629
11632
11711
13857
11630
11724
13858
11612
11629
11677
11686
13774
11628
11630
11685
13772
11615
11635
11743
13862
11636
11638
11678
11690
13778
11616
11637
11744
13863
11617
11642
11745
13861
11618
11644
11746
13847
11645
11646
11738
13848
11620
11621
11636
11678
13758
11626
11635
13759
11625
11626
11692
13765
11623
11624
11627
13760
11625
11628
11681
13761
11625
11626
13763
11682
13762
13764
11628
11630
13766
11683
13767
11630
11633
13769
13770
11633
11634
11693
13771
11633
11634
11710
13859
11677
13768
11684
13860
11636
11637
13776
11639
13777
11639
11642
13779
11639
11640
11691
13781
11641
13780
11641
11643
11694
13782
11642
11662
13783
11644
13784
11662
11663
13785
11645
11662
13786
11647
11664
13788
11647
11736
13849
13793
11655
11670
11729
13839
11700
13929
11651
11712
13657
11652
11723
13658
11654
11667
11725
13659
11654
11655
11668
11739
13840
11666
11726
13665
11669
11740
13841
11657
11661
11671
11673
13804
11689
11698
13805
11659
11670
13740
11660
13741
13749
13751
11664
13787
11664
13789
13790
11751
13927
11667
11668
13799
13797
11669
13798
11670
13800
13801
11672
13803
11673
11753
13830
11698
11752
13833
11753
13835
26809
11678
11690
11706
11719
13947
11680
11693
13773
11692
13757
11680
11693
11716
13925
11686
11715
13926
11682
11683
11717
13907
11692
11718
13908
11685
11720
13909
11710
13997
11686
11721
13910
11714
13924
13930
11689
11694
11713
11750
13933
11697
13914
11691
11749
13950
11694
11713
13951
11719
13775
13911
13912
11699
11712
14006
11698
11750
13959
13916
11702
11704
11714
13934
11705
11721
13935
11704
11716
13936
11715
13937
11709
11720
13942
11708
11749
13938
11708
11709
11718
13939
11719
13940
11717
13941
11711
13995
11724
13994
11723
14007
11749
13943
11715
11721
13954
11716
13946
13945
11718
11720
13952
11719
13948
13949
11721
13953
13955
11725
14008
11737
13996
11726
14009
11739
14011
11729
11730
13983
11740
13984
11734
13985
11733
11735
13988
11733
11734
13986
13987
13989
11736
13990
11738
14005
11742
13993
11746
14004
11740
14010
14012
11747
11748
13998
11747
13991
11744
11748
14000
11745
14001
11746
14002
14003
13992
13999
13944
13962
11753
13918
26811
13917
26810
11755
11758
26900
11757
26809
26899
11758
11759
13287
13739
25001
11758
11761
13834
25004
25531
11760
13836
25005
11760
11763
13280
13619
25055
11761
11762
13621
25068
11764
13622
25069
25537
11763
11764
11807
11957
25516
11806
11826
11958
25509
11805
11959
25517
25541
11766
11771
11809
11962
25151
25549
11767
11808
11963
25153
25552
11966
25154
25548
25554
25609
13059
13162
25186
25328
25571
11770
11771
11976
25224
25549
25582
11772
11781
11975
25225
25583
11772
11810
11974
25226
11803
11811
11973
25227
11774
11788
11789
12194
13149
25254
11791
12208
13137
25257
25587
11776
11795
11796
12190
25284
25586
11779
11798
12191
25289
25588
11778
11780
11801
12179
25290
25589
11779
11799
12182
25292
25591
11800
12192
25294
25590
11781
11802
12176
25296
25592
11803
12178
25298
25593
11786
12201
13110
13172
13187
25249
11784
12209
13112
13141
13173
25246
11785
11789
12207
13149
25247
11790
12202
13173
13182
25240
12211
13114
13174
13186
25250
13066
13114
13174
25237
25345
13064
13137
25232
25584
11790
11791
12206
25252
11792
12204
13183
25253
11792
11793
12199
25255
11794
12205
13184
25256
11794
11796
12183
25281
25587
11797
12185
13185
25282
11797
11798
11818
12187
25285
11797
12184
25287
25585
11817
12188
25288
11800
11819
12186
25286
11800
11801
11821
12181
25293
11820
12189
25295
11802
11822
12180
25291
11803
11823
12175
25297
11824
12177
25299
11805
11808
12346
25347
25541
25594
11807
11809
12347
25348
11807
11811
11816
12349
25349
11810
12348
25350
11809
12452
25379
25609
11810
12451
25378
11811
12454
25396
11824
12455
25397
11813
11814
11821
12619
13197
25409
11820
12623
13176
13196
25408
11815
11822
12618
13198
25416
11816
11823
12632
13199
25417
11824
11826
12631
25418
11818
12726
13177
13185
25443
11819
12724
13175
25441
11820
12725
13176
25442
11821
12727
25445
11822
12722
25446
11823
12721
25444
11824
12719
25447
12720
25448
13108
13228
25453
25511
11956
13199
13280
25508
11828
11833
11836
12431
13330
13538
11838
12442
13291
13332
13540
12875
12879
13340
13350
11831
11833
11841
12439
13337
13544
11832
11858
12438
13329
13543
11846
11859
12437
13338
13535
11837
12435
13331
13539
11835
11844
11866
11913
12373
13506
11867
11873
11915
12372
13467
11837
11838
11850
12404
13521
11841
11851
12405
13522
11840
11853
12441
13523
11840
11843
11854
12433
13288
13525
11855
12434
13291
13526
11852
11858
12403
13524
11843
11857
12447
13290
13545
11856
12432
13289
13546
11845
11848
11865
12407
13527
11846
11861
11864
12402
13517
11860
12436
13339
13518
12870
12872
13373
11861
11912
11913
12448
13504
11852
11858
11896
11906
12376
13502
11851
11853
11897
12377
13508
11852
11898
12378
13509
11899
12379
13514
11855
11900
12380
13510
11855
11856
11902
12449
13529
11903
12382
13512
11857
11904
12450
13530
11901
12422
13528
11859
12406
13519
11860
11906
12409
13520
11861
11908
12408
13507
11910
12410
13515
11928
12703
12936
13318
13426
12886
12935
13317
13434
11865
12390
13211
13339
13604
11866
12388
13053
13603
11867
12389
13054
13602
11955
12351
12975
13601
11872
11874
11879
11948
12637
13348
11870
11872
11890
11952
12360
13345
11871
11891
11953
12352
13343
11873
11892
11954
12353
13344
11893
11949
12361
13346
11914
11955
12366
13347
11878
11922
11950
12638
13349
11877
11878
11940
12647
12957
13363
11877
11942
12648
12907
12958
13367
11944
12649
12959
13368
11947
11951
12652
13376
11881
11893
11922
12654
13377
11881
11888
11920
12835
12909
13379
11889
11921
12653
13378
11883
11884
11889
11890
12362
13380
11885
11888
12610
12910
13381
11885
11887
11891
12354
13382
11886
12592
12911
13383
11887
11917
12593
12912
13384
11892
11916
12355
13385
11889
12611
12913
13387
11893
12363
13386
11891
11893
12365
13388
11892
12357
13389
11914
12367
13390
12364
13391
11895
11912
11913
11918
12359
13400
11911
11919
12609
12914
13392
11899
11905
12596
12915
13482
11898
11900
12597
12917
13483
11899
12598
12916
13484
12599
12918
13485
11903
12600
12919
13476
11904
12604
12920
13513
11903
11904
12601
12921
13565
12602
12922
13478
12603
12923
13503
11906
11907
12605
12925
13393
11908
12381
13501
11908
11909
12606
12926
13394
11910
12369
13481
11910
11911
12607
12924
13395
11912
12370
13488
11912
12608
12927
13397
12371
13396
11915
12375
13490
11915
11916
12368
13399
11918
12374
13398
11917
11918
12356
13401
11919
12594
12928
13402
11919
12358
13403
12595
12929
13404
11921
11946
12836
12930
13408
11922
11945
12656
13406
11947
12655
13407
11924
12702
12881
13319
13461
11925
12718
12936
13318
13462
11926
12681
12881
12946
13432
12839
12936
12937
12947
13433
11928
12669
12933
12936
12937
13412
12716
12934
13321
13435
11930
11932
12848
12938
12940
13413
11933
11941
12671
12939
13442
11933
11935
11936
11942
12674
13438
11933
11936
12838
12941
13417
11943
12672
13439
11935
11936
11938
12842
12942
13419
11937
11944
12673
13440
12843
12943
13416
11938
11940
11945
12675
13443
11946
12844
12944
13422
12885
12891
13293
13459
11944
11947
12657
13452
11943
12678
12908
12951
13456
11943
11944
12676
13457
12677
12907
13455
12658
13453
11946
11947
12680
13465
12837
12931
13464
12659
13466
11949
11950
11956
12699
13592
11952
11958
12386
13593
11951
12700
12965
13594
12695
12957
12966
13595
11953
11957
12385
13591
11954
11959
12383
13596
11955
11960
12384
13597
12387
12976
13599
11958
12631
12965
13618
11958
11959
12348
13621
12349
13619
11960
12347
13622
12346
12976
13623
25541
12875
12974
13109
13340
13342
11963
11964
11974
12148
12451
11965
11966
12149
12452
11965
11976
12147
12980
25549
11967
12150
12978
25552
11967
11968
12151
12453
11969
12152
12982
25554
11969
11970
12153
13047
25548
11971
12154
12984
25546
11971
12156
13006
13048
25555
11972
12155
12986
25556
12169
12995
13006
13007
25581
11974
11975
12174
12177
12455
11976
12173
12454
11976
12172
12178
13026
12171
13025
11980
11985
12038
12157
12458
13050
11979
11981
12039
12158
12459
13094
11980
12040
12159
12460
13051
12041
12160
12464
13052
11983
12042
12161
12461
13093
12033
12146
12162
12470
13060
11984
12043
12164
12462
13096
12047
12163
12463
12469
13095
11986
12044
12165
12465
13001
12045
12166
12167
12466
12993
11988
11990
12128
12979
11989
12127
12977
12005
12129
12981
11991
12130
12983
12000
12131
12985
12006
12146
13059
11994
12001
12138
13016
11995
12140
13017
11996
12137
13018
11997
12135
13019
11998
12136
13015
11999
12134
13014
12000
12133
13020
12132
12987
12002
12139
13022
12004
12141
13023
12004
12006
12144
13055
12142
13021
12143
12218
13024
12145
13056
12008
12013
12014
12128
12009
12012
12127
12119
12122
12129
12011
12012
12049
12118
12148
12474
12013
12015
12050
12149
12475
12013
12083
12119
12147
12016
12084
12150
12016
12019
12130
12016
12017
12051
12151
12476
12018
12089
12152
12018
12020
12052
12153
12477
12019
12021
12090
12154
12023
12131
12021
12024
12053
12156
12478
12023
12037
12093
12155
12023
12037
12068
12133
12132
12037
12046
12066
12170
12481
12028
12034
12038
12071
12099
12157
12027
12029
12039
12073
12097
12158
12028
12040
12069
12096
12159
12041
12070
12095
12160
12030
12042
12074
12080
12161
12031
12043
12076
12082
12164
12032
12047
12075
12081
12163
12033
12048
12077
12098
12162
12078
12079
12094
12035
12044
12072
12101
12165
12036
12045
12067
12102
12166
12037
12046
12068
12100
12168
12103
12169
12041
12044
12054
12492
12040
12042
12055
12495
12041
12056
12494
12057
12493
12043
12058
12496
12047
12062
12490
12045
12063
12479
12046
12064
12482
12065
12167
12480
12048
12061
12491
12059
12078
12469
12473
12050
12083
12123
12497
12513
12051
12084
12498
12512
12052
12089
12499
12521
12053
12090
12500
12523
12066
12093
12501
12529
12057
12063
12099
12502
12559
12056
12058
12097
12483
12561
12057
12096
12489
12560
12095
12503
12562
12062
12080
12484
12563
12060
12061
12098
12486
12557
12078
12094
12487
12558
12062
12081
12485
12564
12082
12488
12565
12064
12101
12504
12567
12065
12102
12505
12568
12066
12100
12506
12566
12103
12507
12569
12068
12072
12136
12134
12070
12073
12138
12071
12140
12072
12137
12135
12074
12139
12076
12141
12076
12077
12144
12142
12079
12145
12470
12472
12146
12082
12097
12109
12082
12098
12105
12110
12084
12085
12086
12087
12089
12088
12119
12123
12125
12087
12088
12513
12091
12512
12126
12516
12090
12091
12092
12093
12092
12521
12117
12523
12103
12117
12098
12104
12096
12099
12111
12097
12108
12107
12106
12101
12112
12102
12103
12115
12102
12113
12114
12116
12106
12558
12106
12110
12564
12557
12108
12109
12561
12111
12560
12110
12563
12565
12112
12562
12113
12559
12114
12567
12115
12568
12116
12566
12117
12569
12529
12119
12120
12123
12173
12583
12121
12171
12121
12124
12174
12229
12584
12122
12125
12172
12230
12143
12228
12124
12516
12585
12125
12231
12586
12589
12126
12278
12279
12589
12128
12129
12147
12980
12130
12150
12978
12143
12171
13025
12131
12152
12982
12132
12154
12984
12133
12155
12986
12134
12169
12995
12136
12168
12994
12136
12137
12165
12991
12166
12992
12140
12157
12988
12139
12140
12159
12997
12141
12158
12996
12160
12989
12142
12161
12998
12144
12164
13003
12172
12308
13026
12145
12163
13012
12146
12162
12999
13057
12148
12150
12171
12149
12173
12612
12150
12151
12613
12152
12152
12153
12614
12154
12154
12156
12615
12155
12156
12169
12170
12457
12160
12165
13008
12159
12161
13002
12160
13009
13010
12164
12990
12163
12469
13058
12164
13013
13000
12166
13004
12168
13005
12168
12170
12467
13011
12169
13007
12170
12468
13006
12172
12173
12174
12322
12174
12616
12337
12617
12176
12177
12180
12336
12719
12178
12179
12321
13029
12178
12337
12720
12322
13031
12180
12182
12323
13032
12181
12338
12721
12182
12189
12339
12722
12192
12324
13033
12184
12185
12199
12325
13040
12188
12190
12327
13041
12188
12205
12326
12723
12187
12189
12191
12340
12725
12188
12190
12329
12724
12328
12726
12192
12341
12727
12191
12330
13042
12192
12332
13043
12331
13044
12201
12210
12214
13061
13110
12197
12206
12208
12213
13064
12201
12203
12210
12241
12730
13172
12200
12211
12731
12741
13066
13114
12198
12207
12212
13067
13149
12209
12215
13065
13141
12205
12206
12208
12333
12736
12743
13063
13113
12211
12309
12729
12203
12204
12207
12334
12734
12209
12344
12733
13173
12205
12206
12335
12735
12318
12732
12207
12345
12209
12319
12316
13040
13062
12210
12342
12343
13065
13112
12317
12728
13061
12213
12215
12238
12319
12226
12239
12316
12345
12225
12309
12343
12342
12217
12219
12320
13027
12218
12307
13028
12308
13030
12222
12310
13034
12221
12224
12312
13039
12227
12311
13035
12223
12314
13038
12224
12315
13037
12313
13036
12317
13061
12227
13064
12316
13062
12230
12232
12308
12230
12231
12235
12337
12744
12233
12278
12322
12234
12278
12768
12771
12233
12236
12307
12235
12271
12280
12321
12235
12272
12280
12774
12777
12270
12336
12745
12266
12271
12320
12240
12245
12343
12239
12244
12242
12250
12244
12246
12342
12245
12309
12343
12344
12850
12248
12254
12316
12247
12248
12259
12295
12318
12751
12249
12250
12273
12319
12246
12251
12758
12767
12249
12286
12344
12752
12249
12250
12297
12335
12755
12250
12261
12294
12333
12296
12334
12753
12284
12345
12309
12747
12757
12253
12257
12270
12274
12339
12759
12264
12266
12271
12289
12324
12255
12261
12311
12262
12267
12312
12258
12260
12263
12275
12329
12761
12258
12264
12276
12341
12762
12265
12277
12340
12760
12260
12261
12290
12326
12763
12262
12285
12328
12764
12262
12287
12325
12263
12288
12327
12265
12267
12291
12330
12265
12268
12292
12331
12269
12293
12332
12268
12310
12269
12313
12269
12314
12315
12271
12272
12338
12765
12282
12323
12274
12282
12782
12783
12284
12296
12276
12289
12786
12822
12277
12285
12291
12787
12817
12277
12292
12788
12819
12293
12789
12818
12279
12280
12281
12771
12281
12282
12283
12774
12283
12289
12306
12783
12294
12297
12288
12290
12785
12816
12296
12767
12790
12288
12290
12294
12300
12291
12301
12292
12306
12295
12815
12828
12293
12302
12293
12303
12304
12295
12305
12297
12298
12825
12297
12791
12799
12299
12827
12299
12305
12794
12800
12815
12797
12799
12301
12305
12815
12302
12816
12304
12817
12304
12306
12819
12818
12822
12308
12320
12321
13029
12322
13031
12317
12849
12314
12320
12324
13033
12312
12316
12325
13040
12313
12327
13041
12315
12330
13042
12315
12331
13044
12332
13043
12333
12741
12747
12750
12326
12333
12335
12851
12334
12342
12345
12323
13032
12322
12323
12336
12337
12324
12338
12331
12339
12326
12327
12333
12328
12855
12328
12330
12329
12856
12330
12340
12858
12332
12332
12341
12340
12345
12335
12344
12853
12345
12854
12337
12338
12859
12860
12339
12861
12341
12862
12341
12857
12863
12343
12344
12852
12347
12350
12384
12452
12348
12383
12451
12349
12385
12454
12386
12455
12631
12387
12453
12976
13046
25594
12372
12387
12389
12615
13046
12353
12357
12360
12383
12474
12366
12367
12384
12475
12355
12357
12362
12517
12592
12356
12367
12518
12593
12358
12368
12524
12594
12365
12367
12497
12359
12374
12525
12595
12371
12375
12527
12609
12361
12365
12385
12583
12364
12386
12584
12637
12363
12365
12590
12610
12364
12591
12611
12653
12365
12586
12654
12585
12368
12372
12387
12476
12368
12498
12374
12499
12370
12381
12408
12580
12606
12371
12410
12581
12607
12448
12582
12608
12373
12374
12477
12375
12389
12407
12478
12375
12500
12448
12501
12379
12381
12406
12570
12596
12378
12380
12404
12571
12597
12379
12405
12572
12598
12403
12573
12599
12382
12441
12574
12600
12409
12579
12605
12434
12449
12576
12602
12384
12385
12612
12387
12613
12386
12616
12617
12699
12614
12389
12390
12407
12468
13068
12457
13045
12395
12402
12467
13080
12393
12396
12435
12460
13072
13331
12393
12394
12438
12458
13070
13329
12439
12464
13078
13337
12395
12437
12465
13079
13338
12436
12466
13069
13339
12397
12431
12459
13071
13330
12399
12442
12461
13073
13332
12399
12401
12445
12463
13074
13334
12443
12462
13075
13333
12401
12446
12471
13076
13335
12444
12456
13077
13336
12407
12410
12436
12480
12405
12406
12439
12503
12405
12431
12441
12483
12435
12489
12409
12438
12502
12448
12481
12409
12410
12436
12505
12437
12504
12448
12506
12412
12430
12610
12910
12413
12592
12911
12414
12593
12912
12415
12594
12928
12429
12595
12929
12420
12440
12603
12923
12418
12419
12597
12917
12423
12598
12916
12421
12600
12919
12421
12601
12921
12602
12922
12447
12450
12578
12604
12424
12599
12918
12425
12596
12915
12426
12605
12925
12427
12606
12926
12428
12607
12924
12429
12608
12927
12609
12914
12611
12704
12913
12435
12442
12495
12433
12444
12447
12450
12486
12434
12445
12449
12485
12441
12443
12488
12439
12494
12437
12482
12438
12479
12439
12492
12493
12604
12920
12442
12484
12443
12496
12445
12490
13291
12445
12446
12473
13289
12491
13288
12447
12472
13290
12487
12507
12450
12575
12601
12577
12603
12452
12454
12612
12453
12613
12614
13047
25609
12455
12616
12617
12720
12463
12469
12471
12473
13086
12468
12478
12615
13048
12464
12465
12492
13088
12460
12461
12495
13081
12464
12494
13089
12462
12496
13082
12463
12490
13083
12491
13084
12493
13090
12466
12479
13091
12467
12482
13092
12468
12480
13087
12481
13049
12470
13098
12471
13097
12472
13085
12473
12487
12486
12491
12475
12497
12583
12612
12476
12498
12613
12477
12499
12614
12478
12500
12615
12481
12501
12482
12492
12504
12481
12482
12506
12507
12505
12484
12489
12495
12571
12488
12496
12574
12486
12488
12491
12575
12487
12577
12578
12490
12576
12494
12503
12572
12491
12496
12493
12502
12494
12503
12495
12496
12498
12517
12585
12499
12518
12500
12524
12501
12525
12507
12527
12503
12504
12570
12573
12505
12579
12506
12580
12507
12581
12582
12509
12510
12515
12517
12592
12511
12518
12520
12593
12511
12513
12514
12512
12519
12513
12518
12521
12516
12517
12515
12516
12587
12588
12590
12610
12589
12590
12518
12590
12524
12520
12521
12526
12522
12524
12594
12523
12524
12525
12526
12528
12595
12525
12526
12529
12525
12527
12555
12528
12529
12582
12555
12556
12609
12555
12569
12531
12547
12550
12570
12596
12532
12546
12573
12599
12534
12535
12572
12598
12534
12535
12536
12561
12537
12571
12597
12546
12560
12537
12541
12563
12545
12574
12600
12539
12543
12578
12604
12542
12558
12541
12542
12544
12564
12545
12565
12543
12557
12544
12577
12603
12545
12575
12601
12576
12602
12547
12562
12548
12559
12550
12551
12567
12552
12553
12556
12581
12607
12552
12579
12605
12552
12553
12568
12580
12606
12554
12566
12555
12556
12569
12582
12608
12558
12564
12577
12578
12562
12567
12570
12561
12562
12572
12563
12571
12573
12565
12574
12565
12575
12576
12568
12569
12581
12568
12579
12580
12582
12573
12579
12572
12574
12573
12576
12576
12577
12578
12580
12581
12582
12584
12585
12616
12586
12617
12744
12586
12590
12591
12768
12588
12589
12769
12591
12611
12770
12591
12771
12591
12772
12593
12610
12594
12595
12609
12599
12605
12598
12600
12599
12602
12602
12603
12604
12606
12607
12608
12609
12611
12835
12613
12616
12614
12615
13047
12617
12860
12619
12632
12695
12721
12966
12623
12696
12722
12967
12621
12622
12693
12724
12971
13175
12623
12697
12725
12972
13176
12625
12694
12726
12969
13177
12698
12727
12970
12864
12867
13099
13103
12630
12692
12723
12968
13181
12627
12634
12687
12730
12964
13152
12628
12688
12733
12960
13154
12629
12689
12734
12961
13180
12630
12690
12735
12962
13178
12691
12732
12973
13179
12632
12699
12720
12700
12719
12965
12636
12736
12738
12829
12877
13116
12635
12685
12729
12963
13150
12636
12684
12728
12874
13151
12686
12731
12882
13153
12638
12654
12699
12744
12652
12655
12700
12745
12640
12650
12679
12692
12763
12906
12643
12662
12691
12751
12903
12642
12645
12665
12688
12752
12894
12643
12666
12689
12753
12904
12667
12690
12755
12905
12645
12685
12757
12833
12840
12895
12687
12758
12847
12896
12714
12830
12832
12891
12649
12652
12657
12696
12759
12649
12651
12676
12697
12760
12658
12698
12762
12651
12678
12694
12764
12908
12677
12693
12761
12907
12659
12695
12765
12654
12656
12772
12835
12655
12768
12656
12659
12777
12680
12776
12836
12658
12659
12675
12786
12673
12676
12788
12680
12782
12664
12667
12669
12797
12839
12937
12664
12671
12679
12801
12846
12939
12664
12667
12679
12825
12945
12715
12834
12841
12886
12794
12845
12932
12666
12681
12790
12847
12946
12667
12791
12839
12947
12827
12950
12681
12682
12702
12781
12847
12881
12670
12716
12798
12845
12703
12718
12780
12839
12936
12672
12678
12804
12848
12674
12677
12807
12838
12674
12675
12823
12842
12676
12814
12843
12680
12824
12844
12677
12789
12678
12787
12679
12785
12828
12951
12784
12837
12718
12796
12839
12717
12840
12897
12701
12831
12866
12871
12685
12686
12750
12833
12873
12687
12849
12899
12749
12829
12834
12878
12688
12850
12900
12689
12852
12902
12690
12853
12901
12691
12854
12952
12692
12851
12953
12694
12855
12954
12694
12697
12858
12956
12856
12955
12696
12700
12861
12698
12862
12957
12698
12857
12958
12863
12959
12700
12860
12859
12864
12870
12718
12716
12705
12835
12909
12706
12836
12930
12713
12837
12931
12708
12716
12845
12934
12709
12846
12898
12710
12848
12940
12712
12838
12941
12712
12713
12842
12942
12843
12943
12844
12944
12831
12892
12832
12885
12841
12935
12720
12721
12859
12860
12722
12861
12727
12862
12726
12732
12855
13185
12725
12726
12858
12727
12857
12856
12863
12729
12731
12750
13186
12730
12849
13187
12733
12850
13188
12736
12749
13156
12735
12851
13184
12734
12852
13189
12735
12853
13182
12854
13183
12737
12748
13155
12738
12740
12865
13063
13104
12739
12830
12889
13119
12831
12865
12866
12887
13118
12742
12748
12830
12743
12749
12831
12865
12748
12745
12768
12860
12765
12777
12859
12748
12754
12832
12756
12749
12829
12750
12754
12756
12849
12755
12763
12825
12851
12753
12758
12790
12852
12755
12791
12853
12756
12834
12827
12854
12757
12766
12833
12758
12826
12849
12792
12850
12762
12765
12786
12862
12761
12762
12789
12857
12764
12787
12858
12788
12863
12764
12828
12855
12785
12856
12782
12861
12826
12841
12792
12772
12777
12770
12771
12775
12772
12773
12835
12772
12774
12776
12775
12776
12778
12836
12775
12776
12783
12779
12777
12784
12782
12779
12784
12821
12837
12783
12820
12795
12798
12792
12796
12784
12786
12784
12822
12824
12787
12804
12828
12788
12824
12789
12807
12789
12823
12814
12791
12792
12796
12795
12827
12826
12847
12794
12798
12800
12802
12845
12797
12801
12825
12796
12797
12799
12839
12798
12827
12803
12802
12804
12815
12828
12803
12806
12846
12805
12815
12806
12807
12816
12806
12809
12816
12808
12848
12808
12814
12817
12809
12813
12838
12812
12817
12811
12812
12819
12820
12813
12821
12823
12842
12813
12818
12814
12843
12818
12823
12816
12817
12818
12819
12822
12823
12821
12822
12824
12844
12824
12824
12827
12828
12840
12830
12832
12883
12831
12884
12869
12834
12893
12834
12841
12876
12880
12836
12837
12844
12843
12848
12841
12847
12948
12890
12843
12844
12846
12933
12848
12938
12949
12850
12852
12854
12855
12853
12854
12856
12858
12858
12863
12860
12861
12862
12863
12866
12868
13100
13106
13101
13105
12888
13101
13115
12868
12875
12879
13122
13640
12870
12888
13123
13617
12871
12884
12887
12892
13355
12871
12879
13292
12872
12888
13354
12892
13375
12874
12876
12878
12899
13578
12882
12963
13127
13635
13099
13107
13644
12880
12890
12895
13369
12882
12883
12889
13120
13643
12880
12882
12883
13577
13351
12886
12893
13370
12897
12949
13431
13126
13642
12884
12893
13352
12889
12891
13353
12886
12893
13317
13458
12890
13450
12888
12889
13121
13639
13124
13641
13125
13638
12935
12948
13445
12892
12893
13372
13293
13374
13371
12896
12902
12904
12946
13359
12896
12899
12948
13362
12900
12949
13357
12935
12948
13319
13427
12934
12938
12940
13324
13414
12900
12963
13579
12902
12964
13581
12902
12904
12952
12961
13583
12960
13580
12905
12906
12945
12953
13358
12905
12947
13360
12950
12952
13361
12908
12951
12954
13364
12908
12956
13365
12955
13366
12913
12930
13294
13468
12911
12913
13295
13469
12912
13296
13470
12928
13297
13471
13298
13472
12927
12929
13301
13473
12918
12925
13309
13474
12917
12918
13303
13560
12919
13302
13559
13308
13475
12922
13304
13561
12923
13299
13493
12922
12923
13305
13563
13307
13564
13306
13486
12926
12927
13312
13487
12926
13310
13479
13311
13480
13300
13489
12929
13313
13491
13314
13492
12931
13315
13405
12944
13316
13409
12933
12937
12939
12945
13428
12934
12938
13424
13322
13410
13320
13463
13411
12950
13436
12939
13437
12951
13441
12941
13323
13415
12943
13325
13418
12943
12944
13326
13420
13327
13421
13328
13423
12950
12951
13444
12947
12949
13447
12950
13449
12949
13448
13446
13451
13454
12953
12962
13585
12954
12973
13584
12955
12968
13582
12956
12969
13587
12958
12971
13586
12959
12967
13589
12959
12972
13588
12970
13590
12961
12964
13157
13633
12962
13159
13634
12973
13160
13631
12964
13161
13636
13158
13637
12966
13199
13620
12967
13198
13624
12970
13197
13625
12969
12973
13195
13626
12971
13194
13629
12972
13196
13630
12972
13192
13627
13193
13628
13191
13632
13108
13341
12976
13046
13054
13717
25540
13716
25539
12979
12980
12981
13129
12979
12980
12982
25551
12983
13130
13025
25550
13024
13025
13128
12983
12984
25553
12985
13131
12985
12986
25547
12987
13132
12987
12995
25557
13020
13133
12989
12991
13008
13018
25559
12997
13010
13017
25565
12998
13000
13002
13093
25567
12992
13004
13019
25573
12994
13005
13015
25574
13001
13005
13011
13092
25612
12995
13007
13014
25577
13020
25579
12997
12998
13002
13022
25560
13009
13016
25563
13003
13023
25566
13012
13056
13057
13058
25570
13003
13013
13096
25543
13004
13050
13091
25603
13009
13094
25561
13012
13021
25569
13005
13008
25572
13007
25575
13011
13049
25580
13011
25576
13010
13050
25558
13010
13051
25562
13052
25564
13087
25578
13013
13055
25568
13058
13095
25542
13015
13020
13134
13019
13171
13017
13022
13166
13018
13168
13019
13165
13170
13135
13023
13055
13164
13023
13167
13169
13026
13030
13136
13026
25582
13031
25583
13028
13032
13034
13143
13029
13030
13144
13031
13032
25592
13031
13145
25593
13033
25589
13034
13044
25591
13038
13142
13039
13040
13062
13138
13037
13039
13042
13146
13038
13043
13148
13044
13147
13041
13139
13041
25587
13042
25585
13043
25586
13044
25588
25590
13046
13048
13054
13068
25596
13047
25595
13048
25610
13049
25611
13068
13087
25613
13052
13088
25599
13052
13089
13094
25601
13090
25602
13054
13068
13211
13214
25510
13213
25538
13056
13163
13059
13162
13059
13060
25571
13060
13098
25544
13097
25545
13066
13174
13064
13137
13111
13067
13140
25584
13080
25597
13079
13080
13092
13210
25466
13078
13079
13088
13205
25462
13072
13073
13081
13207
25456
13078
13089
13206
25463
13075
13082
13200
25457
13075
13077
13084
13201
25458
13083
13202
25459
13077
13085
13203
25460
13086
13204
25461
13090
13208
25464
13091
13209
25465
13087
13211
25467
13082
13089
13094
25468
13083
13093
25470
13084
13096
25473
13086
13095
25472
13086
13097
25471
13098
25474
13092
25608
13090
13091
25476
13090
25469
25475
13092
25598
25607
13094
13096
25604
25600
13096
13098
25605
25606
13098
25477
25478
13102
13101
13190
13117
13103
13107
25454
25614
13106
13122
25455
25481
13105
13111
13119
13155
25427
13117
13118
25346
25435
13115
13123
13190
25398
13109
13122
13256
25488
13109
13229
25479
25482
13258
25485
25614
13112
13174
25248
25344
13113
25229
25346
13140
13172
25245
13114
13155
25311
25345
13156
25241
13117
13118
13124
25419
13119
13120
13153
13155
25401
13190
25422
25480
13119
13121
25399
13125
25425
13125
13126
13261
25484
13124
13125
13254
25487
13123
13259
25489
13124
13260
25490
13257
25491
13255
25486
13127
13153
13262
25483
13151
13161
13263
25493
13129
13136
25220
25312
25582
13130
25144
25313
25550
13131
25147
25314
25551
13132
25149
25315
25553
13133
25140
25316
25547
13135
25164
25326
25557
13135
13171
25198
25324
25577
25202
25325
25579
13145
25222
25327
25583
13138
25231
25342
13139
25264
25340
25587
13146
25265
25332
25585
13141
25236
25344
13149
25230
25343
13143
13147
25273
25336
25591
13144
25269
25334
25589
13145
25276
25338
25592
25277
25339
25593
13148
25266
25333
25586
13148
25271
25335
25590
25267
25337
25588
25244
25584
13151
13152
13161
13187
25411
13153
13186
25410
13154
13158
13188
25412
13156
25402
13157
13180
13189
25413
13156
25434
13186
25433
13158
13159
13236
25496
13161
13241
25495
13160
13180
13237
25497
13178
13191
13238
25498
13264
25494
13163
25184
25319
25570
13164
25180
25330
25568
13169
25182
25331
25569
13168
13170
25167
25321
25559
13167
13168
25173
25318
25563
13169
25169
25317
25560
25175
25320
25565
25177
25329
25566
13171
25192
25322
25573
25195
25323
25574
13173
13188
25234
13189
25235
25233
25341
13176
13177
13192
25405
13193
25406
13181
13194
25407
13179
13180
13183
25415
13181
13184
13191
25403
13182
25414
13185
13195
25404
13183
13189
25430
13184
25436
13185
25437
25440
13187
25428
13188
25431
13189
25432
25429
25424
25481
13195
13235
25499
13193
13194
13242
25501
13196
13283
25502
13195
13240
25503
13239
25500
13197
13284
25505
13198
13281
25506
13199
13282
25504
13279
25507
13202
13207
13222
13332
25111
13202
13204
13223
13334
25112
13224
13333
25113
13204
13226
13335
25115
13225
13336
25114
13208
13209
13219
13329
25108
13207
13208
13221
13331
25110
13220
13330
25109
13227
13337
25116
13210
13216
13338
25117
13211
13217
13339
25118
13218
25119
13215
13230
13616
13693
13214
13602
13717
13920
25534
13218
13603
13921
25022
13253
13707
13217
13219
13609
13982
25020
13218
13610
13923
25021
13604
13922
25023
13227
13605
13973
25018
13221
13222
13607
13974
25011
13227
13606
13975
25017
13224
13611
13976
25012
13224
13225
13612
13978
25013
13613
13977
25014
13226
13614
13979
25015
13615
13980
25016
13608
13981
25019
13229
13230
13234
13616
25025
13233
13258
13341
25024
13253
13270
25106
25511
13269
13972
25010
25529
13253
13269
13270
13707
25096
13234
13271
13646
25097
13270
13645
25095
13238
13239
13244
13632
25063
13237
13241
13252
13633
25060
13238
13251
13634
25061
13243
13631
25062
13240
13247
13626
25064
13242
13249
13629
25067
13264
13268
13637
25059
13248
13283
13627
25065
13244
13251
13682
25084
13247
13683
25085
13246
13248
13283
13901
25088
13250
13284
13905
25091
13249
13676
25086
13249
13674
25087
13677
25089
13281
13285
13904
25092
13252
13681
25083
13268
13680
25082
25107
25536
13255
13257
13273
13639
25033
13261
13272
13638
25028
13258
13259
13276
13644
25031
13260
13275
13641
25034
13271
13342
25030
13260
13277
13640
25032
13274
13617
25029
13262
13278
13643
25027
13263
13266
13642
25026
13264
13265
13635
25057
13267
13636
25058
13266
13267
13675
25079
13278
13684
25078
13268
13678
25080
13679
25081
13919
25009
25536
13693
25093
13276
13708
25098
13273
13278
13714
25100
13275
13711
25101
13275
13277
13710
25103
13713
25102
13277
13712
25099
13709
25104
13715
25105
13280
13282
13286
13620
25053
13287
13618
25054
13282
13284
13625
25050
13285
13624
25051
13284
13628
25066
13630
25052
13286
13903
25090
13287
13902
25006
13906
25007
13289
13291
13334
13542
13290
13336
13537
13335
13536
13333
13541
13351
13354
13373
13617
13703
13460
13298
13315
13552
13296
13298
13553
13297
13554
13313
13555
13556
13306
13511
13301
13312
13567
13314
13557
13303
13304
13495
13308
13494
13307
13497
13306
13307
13562
13477
13498
13309
13496
13310
13499
13311
13500
13312
13558
13566
13314
13568
13569
13316
13570
13328
13571
13429
13425
13320
13430
13516
13322
13532
13324
13533
13324
13325
13572
13505
13327
13573
13327
13328
13574
13575
13576
13337
13338
13605
13331
13332
13607
13337
13606
13333
13611
13334
13613
13336
13612
13336
13615
13614
13608
13339
13609
13610
13598
13342
13600
13616
13646
13598
13644
13708
13344
13345
13389
13596
13827
13347
13390
13597
13802
13346
13388
13591
13828
13348
13391
13593
13737
13399
13467
13599
13803
13349
13377
13592
13735
13376
13407
13594
13736
13351
13547
13598
13644
13685
13356
13640
13704
13353
13371
13577
13643
13695
13355
13372
13638
13700
13355
13375
13641
13702
13374
13639
13701
13373
13547
13692
13359
13362
13446
13581
13664
13361
13364
13444
13584
13885
13360
13447
13580
13661
13361
13449
13583
13662
13451
13585
13851
13369
13448
13579
13663
13368
13376
13452
13589
13883
13366
13454
13582
13886
13366
13367
13455
13586
13887
13456
13587
13888
13368
13457
13588
13889
13453
13590
13890
13370
13445
13578
13660
13371
13450
13577
13648
13372
13458
13650
13374
13459
13696
13375
13548
13691
13375
13460
13697
13534
13649
13466
13595
13884
13378
13391
13407
13719
13379
13386
13406
13808
13387
13408
13468
13742
13381
13382
13386
13388
13812
13383
13387
13469
13744
13383
13385
13389
13813
13384
13470
13746
13385
13402
13471
13748
13390
13401
13814
13387
13391
13815
13472
13750
13389
13391
13810
13390
13811
13399
13809
13720
13397
13400
13404
13473
13790
13394
13479
13482
13501
13777
13395
13480
13481
13780
13397
13487
13488
13783
13397
13400
13488
13504
13785
13489
13787
13399
13403
13467
13490
13751
13401
13753
13403
13490
13789
13402
13403
13754
13404
13491
13755
13404
13791
13492
13792
13408
13409
13468
13570
13740
13407
13408
13465
13807
13466
13718
13464
13806
13423
13464
13571
13801
13414
13424
13435
13533
13816
13412
13426
13433
13462
13725
13424
13435
13436
13727
13415
13417
13437
13442
13820
13415
13437
13505
13795
13418
13572
13796
13417
13419
13421
13438
13821
13418
13439
13822
13421
13573
13797
13420
13422
13440
13823
13421
13423
13574
13798
13575
13799
13423
13443
13464
13824
13576
13800
13428
13437
13723
13426
13462
13549
13656
13435
13551
13654
13430
13431
13448
13463
13879
13436
13441
13444
13867
13434
13458
13531
13698
13461
13516
13705
13432
13446
13461
13880
13433
13447
13462
13881
13436
13449
13869
13450
13463
13550
13699
13532
13818
13451
13870
13441
13819
13439
13440
13457
13730
13442
13455
13731
13443
13453
13732
13442
13454
13728
13456
13729
13452
13465
13733
13451
13454
13872
13448
13450
13463
13873
13447
13448
13850
13449
13874
13875
13451
13876
13458
13651
13877
13453
13466
13721
13457
13722
13456
13878
13456
13457
13864
13865
13866
13459
13652
13460
13531
13686
13534
13690
13462
13549
13694
13868
13516
13724
13465
13825
13466
13826
13734
13506
13601
13804
13472
13552
13741
13470
13472
13553
13743
13471
13554
13745
13491
13555
13747
13556
13749
13489
13492
13557
13788
13475
13479
13482
13499
13759
13485
13496
13560
13764
13478
13483
13510
13561
13767
13486
13511
13562
13859
13512
13564
13565
13772
13480
13500
13776
13487
13558
13779
13488
13501
13507
13781
13485
13502
13758
13484
13508
13559
13761
13485
13509
13560
13762
13514
13765
13493
13503
13563
13768
13489
13566
13784
13515
13782
13567
13786
13504
13506
13752
13492
13568
13756
13569
13793
13511
13513
13771
13495
13496
13560
13853
13497
13559
13854
13499
13855
13498
13561
13856
13562
13564
13858
13500
13852
13558
13862
13502
13520
13778
13514
13519
13757
13513
13530
13565
13773
13515
13527
13794
13533
13572
13657
13527
13602
13805
13515
13518
13520
13951
13509
13510
13521
13907
13514
13522
13908
13512
13523
13909
13860
13526
13529
13910
13528
13911
13524
13775
13517
13912
13550
13882
13518
13527
13604
13933
13535
13610
13943
13520
13524
13543
13947
13535
13950
13522
13523
13538
13952
13524
13539
13948
13526
13540
13953
13544
13949
13526
13529
13542
13546
13954
13541
13955
13603
13914
13530
13545
13925
13530
13565
13924
13546
13926
13706
13533
13551
13726
13653
13548
13647
13543
13609
13944
13537
13545
13615
13936
13542
13546
13614
13937
13539
13540
13607
13941
13544
13606
13939
13541
13611
13942
13542
13613
13935
13612
13934
13544
13605
13938
13608
13940
13546
13945
13946
13689
13871
13655
13817
13913
13556
13570
13837
13554
13556
13842
13555
13843
13568
13844
13845
13567
13569
13848
13566
13863
13560
13561
13760
13763
13564
13766
13563
13857
13564
13565
13769
13770
13774
13567
13861
13847
13569
13846
13849
13571
13838
13576
13839
13573
13658
13575
13659
13575
13576
13840
13665
13841
13578
13642
13666
13579
13635
13667
13581
13636
13668
13581
13583
13633
13671
13637
13670
13584
13587
13626
13891
13585
13634
13672
13585
13632
13669
13631
13673
13587
13588
13627
13897
13629
13895
13590
13628
13898
13590
13595
13625
13896
13630
13899
13593
13596
13621
13832
13593
13594
13618
13892
13619
13738
13595
13620
13893
13624
13900
13597
13622
13831
13599
13623
13829
13600
13688
13601
13716
13830
13687
13602
13717
13833
13603
13916
13604
13959
13610
13962
13608
13609
13963
13607
13608
13965
13611
13966
13964
13610
13960
13961
13613
13970
13613
13614
13967
13971
13615
13968
13969
13645
13640
13641
13710
13619
13620
13906
13621
13739
13624
13902
13622
13836
13623
13834
13716
13835
25537
13625
13903
13630
13904
13629
13632
13676
13628
13629
13674
13630
13901
13677
13905
13632
13634
13682
13683
13634
13637
13680
13681
13636
13642
13675
13637
13678
13679
13639
13643
13714
13641
13711
13644
13709
13713
13643
13684
13715
13712
13646
13693
13894
13687
13708
13649
13690
13871
13927
13650
13651
13660
13666
13691
13697
13702
13652
13695
13696
13652
13699
13873
13686
13698
13657
13726
13816
14006
13656
13725
13818
13913
13656
13694
13928
13868
13929
13658
13795
14007
13659
13796
14008
13665
13797
14009
13663
13667
13873
13662
13664
13671
13874
13672
13851
13876
13664
13668
13875
13670
13850
13799
13840
14011
13667
13684
13695
13668
13675
13670
13678
13673
13683
13885
13891
13671
13679
13672
13680
13673
13681
13682
13851
13677
13897
13901
13678
13684
13677
13683
13891
13895
13679
13680
13681
13682
13683
13715
13688
13689
13704
13712
13690
13696
13706
13688
13894
13957
13708
13915
13692
13915
13697
13932
13692
13703
13871
13704
13956
13707
13958
13705
13868
13880
13700
13715
13697
13700
13701
13699
13706
13931
13724
13817
13701
13714
13702
13711
13703
13713
13704
13710
13709
13879
13882
13928
13932
13919
13712
13710
13712
13713
13713
13714
13715
13717
13917
25533
13918
25535
13719
13734
13736
13807
13720
13735
13808
13737
13810
13815
13722
13733
13734
13883
13732
13866
13890
13727
13816
13819
13867
13873
13879
13882
13727
13868
13869
13818
13913
13818
13870
13729
13819
13867
13878
13731
13820
13865
13731
13732
13821
13866
13822
13864
13733
13823
13824
13826
13826
13884
13736
13737
13892
13884
13893
13738
13828
13739
13832
13892
13836
13906
13741
13801
13806
13838
13742
13749
13837
13750
13806
13808
13744
13745
13749
13842
13746
13750
13812
13746
13747
13843
13748
13813
13748
13756
13844
13755
13814
13750
13845
13815
13752
13753
13791
13804
13789
13794
13805
13754
13803
13809
13755
13791
13814
13756
13792
13793
13846
13758
13775
13778
13947
13759
13765
13777
13764
13776
13852
13761
13763
13766
13854
13762
13767
13907
13763
13765
13908
13764
13853
13765
13855
13775
13767
13770
13856
13772
13909
13769
13771
13773
13859
13770
13774
13857
13772
13858
13860
13911
13774
13910
13774
13911
13926
13924
13908
13949
13777
13779
13862
13778
13780
13781
13950
13780
13784
13863
13781
13783
13782
13951
13783
13785
13912
13784
13787
13786
13861
13787
13789
13794
13787
13788
13847
13790
13790
13793
13848
13790
13791
13792
13792
13793
13849
13912
13914
13796
13816
13819
13797
13820
13799
13822
13799
13800
13823
13840
13821
13801
13824
13841
13825
13839
13803
13809
13827
13829
13804
13830
13805
13833
13914
13916
13807
13825
13808
13826
13815
13811
13814
13811
13812
13828
13813
13827
13813
13815
13814
13818
13882
13931
13820
13822
13822
13823
13824
13825
13826
13828
13831
13832
13830
13831
13835
13833
13917
13832
13834
13836
13916
13918
13835
13836
13917
25531
13838
13845
13985
13839
13983
13841
13984
13841
14010
14012
13843
13845
13986
13844
13987
13846
13988
13989
13849
13990
13848
13861
14003
13849
14004
14005
13874
13875
13880
13877
13885
13855
13862
13999
13854
13855
13992
13856
13991
13998
13858
13993
13858
13859
13994
13996
13860
13995
13997
13863
14002
13863
14000
14001
13865
13866
13887
13878
13888
13889
13870
13872
13881
13870
13876
13881
13877
13956
13877
13878
13885
13875
13876
13881
13879
13877
13886
13880
13881
13930
13884
13890
13896
13900
13886
13888
13891
13888
13889
13897
13895
13890
13898
13899
13895
13893
13906
13900
13902
13958
13897
13899
13900
13904
13898
13899
13901
13905
13903
13905
13903
13906
13904
13905
13908
13909
13952
13948
13910
13953
13924
13955
13925
13933
13951
13929
13933
13959
13957
13920
13959
13918
25530
13920
25532
13972
13921
25615
13922
13959
25520
13923
13962
24976
13961
13982
24987
13926
13954
13926
13945
13946
13932
13930
13943
13962
13935
13937
13954
13967
13942
13955
13971
13937
13945
13969
13946
13968
13940
13944
13947
13963
13940
13941
13948
13965
13949
13964
13942
13952
13966
13953
13970
13944
13951
13961
13950
13960
13946
13954
13949
13950
13949
13952
13951
13953
13955
13955
13962
13961
13963
13982
13962
13964
13973
13965
13981
13966
13975
13970
13974
13968
13971
13978
13969
13979
13980
13971
13976
13977
13981
13982
24977
13975
13976
24978
13981
24979
13977
24980
13978
24982
13979
24981
13980
24983
24984
24985
24986
13984
13985
14012
13989
13987
13989
13988
13990
14005
13992
13993
13998
13996
13995
13996
13997
13999
14000
14001
14002
14003
14004
14005
14007
14008
14009
14011
14011
14012
15240
15383
14015
14017
15149
17806
14016
15147
17804
14018
15148
17805
15150
17807
14019
15151
17808
14020
15152
17809
14022
15153
17810
14022
14023
15154
17811
15155
17812
14024
15156
17813
15157
15382
17815
15199
15393
14489
15182
14068
14109
14581
14052
14070
14109
14600
14031
14044
14055
14080
15035
14031
14033
14043
14077
15048
14045
14081
15049
14033
14035
14041
14078
15051
14042
14079
15052
14035
14037
14046
14084
15054
14040
14075
15050
14037
14048
14083
15053
14047
14082
15055
14039
14052
14070
14074
15046
14044
14055
15047
14041
14046
15037
14042
15040
14043
15041
14045
15042
14045
15056
15043
14047
15036
14048
15039
15038
15192
15347
14284
14487
14303
14485
14599
14066
14068
15139
15397
14186
14491
14074
14076
15033
14074
14076
14881
15283
15338
14058
14059
14944
15337
14092
14943
15336
14946
15296
15330
14062
14952
15304
15305
14063
14078
14101
14912
15311
14107
14955
15312
14079
14913
15308
15313
14068
14109
15101
15281
15319
14066
15138
15280
15326
15398
14067
15137
15396
14068
14578
15280
15319
14579
14215
15085
15191
14071
14073
15032
14109
15031
15281
15282
14159
15185
14074
15029
15282
15283
15034
14078
14084
14101
14885
14080
14882
15299
14079
14081
14887
15308
14079
14886
14888
14081
14883
15317
14884
15318
14083
14084
14098
14890
14099
14889
14100
14891
14086
14102
14929
15284
14087
14930
15285
14088
14931
15286
14089
14933
15288
14097
14934
15293
14091
14096
14940
15320
14092
14941
15322
14942
15321
14095
14096
14935
15289
14095
14097
14936
15290
14937
15291
14938
15292
14939
15294
14099
14100
14910
15301
14924
15325
14101
14909
15302
14911
15303
14103
14947
15297
14104
14948
15298
14108
14949
15300
14106
14107
14953
15310
14108
14954
15309
14956
15314
14957
15316
15102
14116
14117
14492
15258
15278
14112
14121
15062
15263
15270
14113
14124
15064
15264
14125
14133
15063
15265
14115
14141
14142
14172
14498
14116
14118
14173
14496
14119
14174
14497
14119
14133
14576
15265
14119
14142
14147
14574
14134
14575
14123
14161
14997
15192
15271
14123
14124
14165
15016
14125
14133
14143
14145
15014
14486
15015
15270
14125
14126
15024
14127
15025
14127
14165
14487
14664
14145
14488
14665
14146
14223
14283
14285
14799
14165
14487
14669
15347
14131
14199
15059
15183
15196
14132
15065
15191
15259
14161
15060
15260
15271
14134
15066
14143
14147
15068
14136
14138
14155
14176
14509
14149
14156
14177
14510
14138
14140
14141
14182
14513
14157
14181
14512
14140
14141
14142
14168
14571
14157
14169
14572
14171
14495
14144
14570
14158
14164
15012
14147
14160
14168
15084
14164
14166
14663
14166
14284
14796
14158
15067
14149
14151
14154
14179
14515
14153
14178
14514
14152
14184
14188
14192
14516
14152
14180
14190
14517
14185
14191
14518
14154
14156
14205
14543
14190
14206
14544
14156
14157
14167
14568
14204
14569
14170
14573
14160
14203
15019
14199
15045
15183
14162
14200
15022
14215
15026
15191
14163
14168
14201
15020
14169
14196
14202
15021
14203
14223
14655
14486
14667
14223
14488
14794
14170
14197
14204
15079
14169
15080
14170
15081
14196
15082
14172
14182
15239
14173
15241
14174
15229
15230
15278
14490
15202
15233
15266
14177
14181
15242
14178
15243
14179
15250
14180
15251
14185
15253
14182
15245
15244
14184
14188
14228
15255
14185
15252
15254
14490
15171
15266
14188
14189
14195
14228
14520
14193
14519
14194
14229
14235
15126
14191
14207
14545
14192
14224
14546
14193
14225
14547
14195
14226
14548
14195
14231
14249
14551
14227
14549
14197
14213
15023
14198
14214
15017
14204
14208
14218
15018
15027
15191
14201
14203
14216
14660
14202
14217
14652
14213
14219
14653
14220
14654
14205
15083
14206
14208
15071
14207
14209
15072
14210
14224
15073
14209
14212
15001
14210
14242
15000
14211
14243
15002
14224
14241
14304
15003
14218
14242
14267
14643
14214
14222
14659
14218
14305
14657
15044
15192
14217
14220
14261
14661
14219
14244
14788
14248
14658
14222
14245
14786
14223
14283
14662
14264
14807
15275
15352
14246
14305
14787
14789
14225
15074
14226
14304
15075
14227
14240
15076
14239
14249
15077
14229
15256
14306
15247
14234
14236
14308
15144
15342
14232
14235
14237
14553
14234
14236
14250
14552
14234
14302
14554
15342
15343
14268
14550
14236
14306
15127
14307
15125
14249
14250
14252
15070
14239
14249
14252
14256
15008
14240
14253
14999
14255
14304
14998
14243
14254
14258
14640
14243
14260
14641
14259
14642
14245
14261
14806
15269
14246
14263
14809
14247
14264
14808
14265
14266
14305
14811
14266
14267
14305
14848
15078
14251
14268
15069
14252
14269
14274
15005
14257
15009
14255
14256
14276
14637
14255
14277
14304
14639
14278
14638
14257
14279
14648
14274
14280
14647
14259
14277
14293
14844
14260
14298
14843
14267
14297
14846
14262
14283
14795
14798
15269
15335
14264
14802
15269
15352
14265
14797
14294
14810
15275
14294
14296
14812
14296
14845
14269
14302
15090
14271
14273
15006
14271
14272
15011
15344
15376
14275
14302
15007
14275
14299
14650
15345
14274
14275
14282
14646
14281
14645
14300
14644
14278
14279
14287
14840
14278
14288
14841
14289
14842
14280
14292
14836
14281
14290
14839
14282
14291
14837
14300
14838
15341
14803
15335
14488
14932
15086
15335
14294
14805
15275
15295
15370
14289
14292
14822
15356
14289
14293
14826
15357
14827
15358
14291
14292
14817
15359
14815
15341
15360
14818
15362
14298
14829
15367
14295
14800
14296
14830
15368
15370
14297
14833
14298
14834
15368
14835
15369
14300
14784
15363
15371
14785
15365
14926
15333
15374
15092
15376
15113
15184
15197
15004
14847
14307
15248
14308
15249
15246
15378
14311
14322
14474
14506
16586
17303
14323
14345
15099
15124
17322
17600
14323
14471
14508
16585
17600
14313
14372
14378
14394
15015
16594
14371
14959
14997
17482
17599
14315
14317
14348
14492
15209
17239
14319
14344
14494
15206
16344
14318
14331
14363
14498
15213
17246
14318
14347
14497
15211
17238
14346
14496
15212
17276
14321
14343
14500
15208
16345
14321
14325
14341
14504
15205
16595
14342
14505
15207
16348
14324
14338
14475
14499
16346
14473
14507
16582
17593
14325
14339
14502
15204
16347
14340
14503
15210
16596
14530
14595
15131
17306
17592
14328
14330
14358
14509
15215
17252
14334
14359
14510
15216
17251
14330
14331
14361
14513
15218
17250
14362
14512
15217
17249
14360
14495
15214
17248
14336
14337
14353
14516
15225
17533
14334
14335
14349
14515
15222
17253
14350
14514
15221
17254
14336
14351
14517
15224
17271
14352
14518
15223
17272
14354
14470
14519
15227
17534
14339
14557
16593
17303
17597
14340
14558
16349
17594
14341
14371
14559
16598
14342
14372
14560
16599
14343
14373
14561
16600
14344
14374
14566
16351
14348
14375
14567
16350
14527
14562
17278
17593
14347
14363
14380
14574
17277
14348
14381
14575
17240
14379
14576
17241
14350
14351
14460
14544
17503
14359
14459
14543
17507
14352
14453
14545
17504
14353
14454
14546
17505
14354
14455
14547
17506
14355
14456
14548
17508
14356
14457
14470
14549
17509
14357
14458
14468
14551
17580
14467
14469
14523
14553
17537
14359
14362
14461
14568
17256
14462
14569
17257
14361
14363
14463
14571
17258
14362
14464
14572
17259
14465
14573
17255
14466
14570
17260
14368
14397
14405
14409
14806
17273
14367
14618
14813
17328
17596
14367
14391
14619
14701
14789
17520
14396
14702
14794
17582
14395
14408
14694
14795
17519
14370
14375
14377
15025
17244
17596
14374
14378
15024
16589
17595
14372
15057
16590
17594
14373
15061
16584
14374
14378
15062
16602
14375
15064
16603
14379
15063
16353
14378
14394
14620
14667
17361
17595
14379
14396
14444
15014
17243
15016
16592
14381
15066
17245
14381
14445
14466
15067
17266
14444
15068
17275
14384
14443
14604
14640
14679
17541
14384
14385
14440
14641
14681
17542
14442
14642
14682
17543
14390
14439
14643
14680
17581
14387
14392
14397
14450
14652
17510
14388
14398
14449
14653
17511
14389
14399
14448
14659
17516
14390
14400
14446
14657
17513
14401
14447
14658
17514
14393
14396
14444
14655
17512
14393
14395
14451
14660
17515
14445
14619
14654
17517
14666
14959
17294
14397
14619
14661
17553
14663
16601
17596
14398
14788
17575
14399
14409
14786
17558
14400
14692
14787
17554
14401
14700
14847
17560
14680
14746
14848
17559
14403
14425
14684
14685
14892
17379
14404
14686
14688
14893
17440
14411
14689
14691
14894
17330
14406
14694
14801
17356
14407
14409
14695
14802
17561
14692
14696
14697
14797
17562
14619
14693
14701
14803
17358
14692
14809
17274
14423
14698
14699
14742
14805
17360
14416
14704
14705
14896
17332
14413
14417
14710
14711
14897
17334
14414
14708
14712
14898
17335
14415
14713
14715
14899
17336
14418
14716
14717
14900
17337
14417
14706
14720
14901
17333
14721
14723
14902
17338
14419
14725
14726
14903
17345
14420
14727
14729
14905
17346
14422
14731
14732
14904
17349
14422
14424
14735
14741
14907
17350
14734
14736
14906
17351
14424
14739
14743
14859
17359
14740
14744
14860
17352
14426
14759
14760
14914
17390
14427
14761
14762
14915
17402
14436
14763
14764
14916
17403
14429
14430
14766
14770
14917
17394
14434
14768
14771
14918
17404
14431
14765
14767
14874
17396
14769
14772
14870
17413
14433
14436
14773
14781
14920
17406
14435
14774
14775
14919
17405
14435
14776
14777
14921
17407
14778
14779
14922
17408
14780
14782
14923
17409
14438
14441
14456
14603
14998
17566
14457
14602
14964
14999
17567
14440
14447
14459
15001
17521
14442
14460
15000
17583
14443
14455
14604
15004
17568
14443
14453
15002
17584
14454
15003
17576
14445
15012
17264
14451
15019
17265
14447
14448
14461
15017
17522
14462
15018
17523
14449
14465
15023
17524
14450
14464
15021
17525
14451
14463
15020
17262
14466
15022
17263
14601
15099
17598
17600
14454
14460
15073
17528
14455
15074
17529
14456
15075
17585
14457
15076
17586
14458
15077
17577
14467
14964
15078
17574
14460
14462
15071
17527
15072
17526
14462
14465
15079
17530
15083
17531
14464
14466
15080
17269
14465
15081
17268
15082
17267
15084
17270
14966
15070
15087
17572
14469
14470
15126
15220
17532
15127
15143
15219
17587
14520
15226
17535
14473
14474
15174
16588
14473
15180
16581
17307
17593
15173
16580
14475
15175
16604
15178
15204
15478
15146
15166
15383
17601
14479
14508
15186
15188
15190
14482
14484
15180
15189
14483
14484
15174
14481
15176
15181
15202
14482
15179
15193
15172
15194
15175
15190
15200
15173
15186
14489
14556
15184
15193
14666
15192
15347
14488
14791
14813
14580
15181
14491
15240
15199
15393
14494
14497
14576
15231
14501
14565
14595
15172
15194
17592
14500
14567
15232
15258
14498
14513
14571
15239
14497
14498
14574
15229
14575
15230
14570
15241
14502
14506
14557
15178
15198
14505
14566
15236
15268
14507
14562
15180
15189
17593
14503
14558
15177
15195
14504
14559
15228
15273
14505
14560
15235
15274
14561
15234
15267
14508
14564
15175
15190
14508
15124
15173
15186
14563
15174
14510
14512
14568
15242
14514
14569
15243
14594
15140
15146
15166
15182
14513
14573
15245
14572
15244
14515
14543
15250
14517
14544
15251
14518
14519
14547
15252
14518
14545
15253
14546
15254
14520
14548
15255
14549
15126
15256
14522
14524
14554
15089
15141
17452
14523
14550
15088
15142
17451
14552
15087
15143
17536
14525
14555
15093
15132
17319
14526
14577
15094
15134
17320
14528
14578
15098
15133
17321
14530
14565
17592
14529
14579
15100
15135
17318
14531
14581
14596
15128
17323
14556
14541
14582
14597
15168
17324
14533
14536
14584
15107
15148
17282
14534
14583
15106
15147
17281
14535
14586
15108
15149
17283
14585
15109
15150
17284
14537
14587
15110
15151
17285
14538
14588
15111
15152
17286
14540
14589
15112
15153
17287
14540
14542
14590
15103
15154
17288
14591
15104
15155
17289
14542
14592
14598
15157
17279
14593
15105
15156
17280
14544
14569
15071
14545
15072
14546
15073
14547
15074
14548
15075
14549
15076
14551
15077
14552
14554
15090
15144
14553
15078
15126
14553
15069
15125
15070
15127
14555
15092
15145
14577
15091
15136
15343
14565
14580
14595
14558
14564
15065
15259
14559
15060
15260
14560
15057
15261
14561
15061
15262
14566
15062
15263
14565
15097
15124
15272
14564
14601
15124
15188
17600
15059
15196
17303
15113
15184
14567
15064
15264
14576
15063
15265
14569
14573
15079
15083
14571
14574
15084
14572
15080
14573
15081
15082
14575
15067
14576
15068
15066
14578
15095
15138
15280
14579
15096
15137
14581
15101
15139
14594
14582
15102
15129
14592
14600
15130
14584
14586
15116
15160
14587
15115
15161
14586
15118
15159
15117
15158
14588
15119
15162
14589
15120
15163
14591
15121
15164
14591
14593
15122
15170
15123
15165
14593
14599
15167
15114
15169
14595
15131
15176
15181
15179
15193
14597
14973
15100
15102
17325
14598
14600
14974
17326
14599
14984
15105
17327
14600
15046
15114
15032
15102
15045
15058
15059
15183
14603
14606
14637
14676
17538
14604
14638
14677
17539
14639
14678
17540
14610
14612
14613
14649
14963
17453
14609
14648
14674
14964
17544
14608
14609
14614
14645
14965
17545
14611
14615
14646
14967
17454
14647
14675
14966
17546
14611
14616
14650
14968
17455
14617
14644
14969
17456
14621
14624
14651
14970
17490
14616
14624
14703
14783
17457
14615
14675
14707
14837
17458
14617
14709
14838
17459
14617
14719
14784
17460
14722
14785
17461
14620
14791
17595
14662
17261
14669
14622
14670
14960
14972
17364
14623
14624
14668
14687
17483
14627
14672
14683
14960
17494
14690
14790
17462
14626
14636
14750
14885
14992
17369
14631
14755
14886
14993
17372
14628
14673
14758
14961
17366
14629
14751
14881
14987
17367
14632
14752
14882
14986
17368
14631
14633
14754
14887
14988
17371
14756
14888
14994
17373
14633
14757
14883
14989
17374
14753
14884
14990
17375
14635
14748
14889
14995
17376
14636
14747
14890
14996
17377
14749
14891
14991
17370
14638
14648
14840
14999
14639
14842
14998
14640
14841
15004
14642
14844
15003
14642
14643
14846
15000
14843
15002
14658
14845
15001
14646
14650
14785
15007
14646
14647
14837
15005
14838
15006
14648
14839
15009
14836
15008
14650
14651
14783
15010
15345
14784
15011
14670
14790
15028
15346
14653
14660
14788
15020
14659
14786
15021
14655
14660
14662
15019
14663
14789
15012
14666
14959
14997
15044
15192
14658
14659
14847
15017
14848
15018
14787
15023
14661
15022
14662
14788
14795
14789
14803
14665
14794
15014
14665
14667
14791
15024
17595
14813
15025
17596
14667
14927
15015
14669
15016
14670
14672
14790
14792
15372
14791
14927
14671
15030
15328
14672
14960
15029
15031
15282
14673
14849
15331
14864
14881
15029
15283
14675
14676
14718
14836
17548
14714
14839
17547
14677
14724
14840
17549
14678
14728
14842
17550
14679
14730
14841
17551
14682
14733
14844
17552
14681
14745
14845
17557
14682
14738
14846
17555
14737
14843
17556
14684
14687
14758
14849
17484
14688
14759
14850
17378
14686
14760
14929
14689
14930
14688
14690
14792
17485
14691
14851
17441
14705
14931
14691
14703
14793
17463
14704
14852
17329
14700
14808
17464
14694
14925
14798
14696
14895
14699
14807
17292
14698
14699
14700
14810
17518
14739
14746
14800
17475
14804
17357
14746
14811
17465
14702
14799
17293
14796
14704
14719
14814
17466
14720
14853
17331
14706
14933
14721
14934
14708
14709
14714
14815
17467
14710
14715
14854
17340
14710
14722
14816
17468
14723
14855
17339
14712
14721
14936
14713
14937
14716
14935
14715
14718
14817
17469
14717
14856
17341
14726
14938
14718
14725
14819
17342
14724
14818
17470
14720
14722
14820
17471
14723
14857
17343
14939
14723
14821
17472
14858
17344
14725
14728
14822
17473
14729
14823
17347
14727
14940
14732
14941
14729
14730
14827
17474
14731
14825
17348
14731
14733
14826
17476
14734
14824
17353
14736
14942
14734
14737
14829
17477
14741
14828
17355
14736
14744
14944
14943
14738
14741
14835
17478
14740
14745
14834
17563
14740
14745
14830
17491
14741
14831
17492
14832
17354
14743
14908
14744
14945
14946
14746
14833
17565
14812
17564
14748
14749
14765
14910
17411
14772
14924
17412
14750
14770
14909
17388
14755
14771
14911
17387
14752
14758
14761
14865
17496
14757
14763
14868
17384
14754
14757
14773
14862
17380
14756
14774
14861
17381
14756
14777
14912
17389
14778
14913
17382
14780
14863
17383
14759
14864
17495
14761
14866
17385
14762
14947
14763
14867
17391
14764
14948
14780
14869
17392
14782
14949
14770
14772
14873
17386
14767
14768
14951
14769
14950
14776
14952
14926
14771
14871
17393
14777
14875
17395
14872
17410
14774
14780
14876
17398
14778
14877
17397
14779
14781
14953
14779
14955
14778
14878
17399
14879
17400
14956
14880
17401
14782
14954
14957
14784
14790
14814
15371
14785
14820
14821
14838
14787
14788
14809
14808
14847
14806
14794
14799
14793
15373
14813
14793
14849
14851
15349
14814
14852
15351
14796
14813
14798
14803
14806
14799
14932
14802
14807
14808
14810
14801
14925
14803
15086
14805
14810
14812
14830
14802
14806
14928
15269
14809
14895
14925
14805
14807
14810
14958
15275
14859
14908
14809
14895
14809
14811
14811
14812
14847
14833
14848
14932
14820
14853
15354
14816
14817
14837
14854
14821
14838
14855
15341
14818
14839
14856
14819
14822
14836
14823
14856
14900
15362
14821
14857
15363
14858
15365
14823
14827
14840
14825
14903
15356
14825
14826
14828
14904
15357
14827
14905
15358
14827
14829
14841
14842
14829
14832
14906
15367
14835
14844
14831
14833
14859
14832
14834
14860
15368
14835
14907
15369
14834
14845
14835
14846
14843
14839
14840
14838
14839
14842
14842
14844
14844
14846
14846
14848
14848
14850
14864
15348
14851
14866
14892
15334
14852
14893
15329
14853
14894
15350
14857
14896
15355
14855
14856
14898
15360
14858
14897
15361
14899
15359
14858
14901
15364
14902
15366
14860
14945
15370
14907
14946
15330
14862
14877
14887
14913
15308
14863
14876
14884
15318
14868
14880
14883
15317
14865
14866
15332
14867
14868
14881
15338
14867
14914
15339
14869
14915
15340
14869
14882
15299
14880
14916
15323
14872
14874
14926
15374
14873
14875
14909
14917
15302
14873
14924
15325
14874
14910
15301
14917
14950
15375
14878
14911
14918
15303
14877
14880
14920
15307
14879
14919
15306
14879
14912
14921
15311
14913
14922
15313
14923
15315
14882
15034
14883
15033
14884
15035
14887
15049
14886
14891
14911
15050
14888
14912
15051
14888
15048
14913
15052
14890
14924
15053
14891
14910
15055
14909
15054
14893
14914
14929
15284
14894
14930
15285
14896
14931
15286
14928
15352
14901
14933
15288
14898
14902
14936
15290
14899
14937
15291
14900
14935
15289
14903
14938
15292
14902
14934
15293
14939
15294
14905
14940
15320
14905
14906
14942
15321
14941
15322
14907
14943
15336
14944
15337
14945
14958
15295
14910
14911
14924
14912
14913
14915
14947
15297
14916
14948
15298
14923
14949
15300
14918
14951
15324
14921
14952
15304
14920
14922
14953
15310
14923
14954
15309
14922
14955
15312
14956
15314
14957
15316
15086
15335
14950
15347
15287
14930
14947
14931
14933
14934
14939
14937
14938
14937
14939
14940
14941
14942
14943
14944
14946
14946
15296
14948
14949
14957
14951
15333
14952
15305
14955
14954
14956
14957
14956
15353
14961
14973
17414
14974
14987
15029
17427
14971
15027
17598
14968
14970
15010
15094
17493
14966
15008
17569
14966
14967
15005
15087
17570
15009
17571
14969
15006
15088
17479
14969
15011
15093
17480
15007
15089
17481
14972
15028
15098
17362
15013
17597
17599
14973
15030
15100
17365
14974
15031
17415
14984
15032
17416
14976
14978
14991
15036
15106
17419
14979
14992
15037
15107
17421
14978
14995
15038
15109
17417
14996
15039
15108
17418
14980
14993
15040
15110
17422
14981
14994
15041
15111
17423
14983
14988
15042
15112
17424
14983
14985
14989
15056
15103
17425
14990
15043
15104
17426
14985
14987
15046
17439
14986
15047
15105
17420
14987
14989
15033
17428
15034
17430
14990
14994
15048
17431
14990
15035
17429
15049
17434
14992
14996
15054
17436
14993
15050
17437
14994
15051
17432
15052
17433
14996
15053
17438
15055
17435
15015
15026
15057
14999
15004
15076
15008
15077
15001
15002
15072
15018
15071
15003
15073
15004
15074
15075
15006
15009
15069
15007
15090
15011
15092
15009
15078
15070
15011
15028
15095
15344
15091
15014
15019
15068
15026
15027
15065
15085
15191
15025
15066
15016
15061
15024
15062
15018
15023
15079
15083
15022
15067
15021
15022
15080
15023
15081
15084
15082
15025
15064
15063
15044
15060
17599
15045
15059
15030
15096
15327
15032
15034
15031
15101
15281
15032
15102
15046
15034
15035
15047
15046
15049
15056
15037
15039
15054
15116
15040
15050
15115
15039
15053
15118
15055
15117
15041
15051
15119
15042
15052
15120
15043
15048
15121
15049
15056
15123
15085
15047
15056
15114
15049
15052
15051
15054
15052
15055
15055
15122
15060
15061
15271
15097
15099
15124
15185
15065
17598
15065
17594
15062
15270
15064
15064
15066
17597
15068
15068
15084
15070
15087
15090
15078
15072
15083
15073
15074
15075
15076
15077
15078
15082
15083
15081
15084
15082
15088
17573
15089
15090
17486
15092
15093
17487
15092
15092
15093
15095
15376
15094
17497
15095
15098
17442
15096
15377
15098
15101
15319
15113
15197
15100
17444
15101
17443
15102
15104
15105
15122
17290
15112
15123
17302
15114
17291
15107
15108
15116
17295
15110
15115
17296
15109
15117
17298
15118
17297
15111
15119
17299
15112
15120
17300
15121
17301
15122
15116
15119
15117
15118
15120
15121
15123
15123
15187
15127
15143
15144
15249
15127
15247
15248
15129
15135
15168
15384
17446
15130
15139
15385
15167
15168
15166
17601
15134
15136
15141
15388
17448
15134
15135
15137
15387
17449
15138
15389
17450
15139
15390
17447
15138
15145
15326
15391
15138
15139
15392
15394
15386
15171
15233
15266
15142
15145
15379
17489
15143
15144
15238
17488
15237
17579
15145
15246
15342
15380
15176
15202
15233
15148
15149
15160
17310
15151
15161
17311
15150
15158
17308
15159
17309
15152
15162
17312
15153
15163
17313
15155
15164
17315
15155
15156
15170
17317
15165
17316
15157
15169
17314
15167
15168
17305
15159
15160
15161
15162
15163
15164
15165
15170
15169
15382
17304
15170
15240
15179
15180
17307
15174
15180
15175
15178
15179
17601
15178
15203
15204
15228
15200
17306
15182
15193
15202
15266
15185
15188
15194
15272
15187
15197
15187
15189
15188
15272
15196
15194
15272
15196
15198
15194
15198
15203
15260
15273
15259
15272
15200
15259
15395
15203
15203
15228
15257
15273
15210
15479
15207
15210
15235
15481
15208
15209
15232
15484
15208
15234
15482
15236
15483
15211
15231
15524
15228
15480
15212
15230
15538
15213
15229
15539
15214
15241
15530
15218
15239
15531
15216
15217
15242
15528
15221
15243
15526
15218
15245
15527
15244
15529
15220
15237
15248
17499
15226
15247
17498
15222
15250
15533
15224
15251
15532
15224
15225
15254
15535
15253
15534
15227
15252
15536
15227
15256
17500
15255
15537
15235
15230
15241
15231
15232
15278
15236
15279
15240
15383
15235
15236
15276
15257
15277
15238
15249
17501
15246
15379
17502
15241
15244
15393
15243
15245
15250
15245
15249
15380
15248
15256
15249
15251
15253
15254
15255
15254
15256
15274
15276
15265
15268
15279
15260
15261
15262
15271
15273
15263
15270
15274
15264
15267
15265
15268
15268
15274
15276
15277
15287
15271
15274
15353
15277
15279
15279
15343
15377
15327
15328
15328
15331
15331
15332
15285
15297
15334
15286
15329
15288
15350
15352
15293
15355
15291
15292
15359
15291
15294
15361
15360
15320
15362
15294
15364
15366
15296
15353
15370
15298
15339
15300
15340
15317
15323
15338
15316
15323
15302
15325
15375
15303
15324
15304
15311
15312
15324
15324
15333
15307
15308
15310
15313
15309
15315
15318
15318
15310
15316
15314
15312
15313
15314
15314
15316
15317
15323
15318
15327
15377
15322
15356
15322
15336
15357
15358
15340
15375
15374
15342
15343
15381
15344
15346
15346
15372
15334
15349
15350
15337
15368
15370
15348
15372
15338
15339
15348
15375
15339
15348
15337
15367
15369
15340
15340
15361
15365
15378
15376
15345
15377
15346
15371
15373
15349
15351
15372
15351
15355
15354
15373
15355
15363
15371
15364
15358
15362
15358
15367
15360
15362
15361
15366
15364
15365
15366
15366
15369
15369
15373
15373
15375
15377
15380
15381
15380
15388
17591
15391
15391
15398
15384
17814
15385
15390
17816
15386
15399
15390
15392
15397
15389
15390
15392
17790
15389
15391
17789
15394
17791
17788
15394
15394
15396
15398
15397
15398
15399
15449
15545
16194
17604
15402
15403
15451
15606
16605
15450
15486
15540
15604
15404
15431
15554
16606
15409
15432
15508
15553
15406
15409
15421
15497
16163
15407
15424
15504
16164
15408
15425
15505
16165
15410
15423
15506
16166
15422
15498
16167
15411
15426
15503
16168
15418
15433
15502
16169
15413
15428
15441
15509
16180
15419
15427
15510
16179
15416
15418
15435
15514
16181
15417
15420
15436
15515
16182
15417
15437
15516
16183
15438
15517
16184
15434
15513
16170
15420
15429
15518
16185
15439
15519
16186
15422
15424
15464
15556
15432
15465
15557
15425
15426
15461
16173
15425
15462
15555
15463
16171
15433
15466
16174
15428
15429
15477
16187
15442
15476
16191
15439
15473
16190
15450
15452
15455
15540
15549
15432
15451
15460
15550
15446
15558
15434
15467
16172
15435
15468
16175
15437
15469
16176
15438
15439
15470
16188
15438
15471
16177
15472
16178
15474
16189
15441
15443
15444
16197
17590
15442
15520
16196
15443
15475
16198
15445
15485
16199
15445
16201
17681
17772
16203
17588
17663
15460
15465
15538
16144
15448
15452
15540
16162
17602
15544
16192
17603
15459
15543
16195
17792
15451
15456
15547
15453
15548
15454
15544
15551
15456
15460
15484
16138
15455
15458
15481
16141
15456
15482
16139
15483
16140
15458
15459
15479
15543
16126
15480
15544
16142
15478
15545
16133
15524
16143
15463
15466
15527
16249
15463
15464
15531
16252
15529
16251
15465
15530
16253
15539
16248
15467
15528
16250
15468
15526
16329
15469
15533
16331
15471
15532
16330
15472
15474
15536
16334
15472
15534
16332
15535
16333
15474
15477
16335
17500
15537
16336
15476
15485
16450
17501
15477
16338
17499
16337
17498
15479
16346
16604
15480
16347
15481
16596
15482
16595
15483
16348
15484
16345
15524
16344
16449
17502
17588
16605
17161
17661
15494
15523
16643
17619
17692
15489
15491
15498
17139
17702
15507
15508
17130
17803
15493
15496
15499
15523
16646
15494
15497
16640
17692
15499
15501
15522
17132
17695
15521
17165
17700
15495
15504
16641
15496
15505
15523
17136
15500
15506
17128
15498
15504
17138
15508
17129
15500
15521
17131
15501
15503
17133
15502
15512
17134
15503
15513
17141
15506
17140
15505
17127
15506
17137
17135
16606
17164
17621
16606
16639
15510
15520
17145
17694
15518
17143
17693
15512
15514
17149
17589
17713
15513
17148
17695
15514
17150
15516
17147
15517
15519
17151
17696
15517
17153
17589
17154
17697
15519
17158
17698
17157
17699
17188
17590
17720
15522
17142
17620
16645
17701
17711
16644
17700
15538
17239
16587
17306
17650
15528
15533
17251
15528
15529
17249
17252
15531
17250
15531
15539
17246
17248
15533
15534
17253
17254
15535
17271
15536
17272
15537
17533
17500
17534
15539
17238
17276
15546
17661
15542
15545
16247
16588
17604
16499
16580
17686
15544
15605
17603
15552
16132
16604
15549
15581
15604
16162
16193
15548
15549
15569
15604
16140
15550
15584
15606
16138
15551
15559
16139
15554
15558
15603
16143
15552
15583
16141
16162
15600
15605
16142
16192
15554
15558
15578
16167
16639
15572
15606
16638
15556
15596
16164
16171
16252
15557
15599
16163
16253
15558
15602
16167
16248
15601
16144
15569
15581
15583
15669
16145
15561
15580
15585
15787
16170
16658
15562
15586
15788
16181
16659
15563
15587
15789
16183
16661
15564
15588
15790
16184
16662
15565
15589
15791
16182
16664
15566
15590
15792
16186
16666
15567
15591
15793
16185
16667
15568
15592
15794
16179
16685
15593
15795
15815
16180
16687
15570
15584
15670
16146
15571
15581
15604
15609
15572
15584
15606
15805
16713
15578
15603
15774
16705
15574
15576
15597
15775
16165
16704
15579
15598
15776
16166
16703
15576
15577
15599
15778
16163
16701
15596
15777
16164
16693
15578
15602
15772
16167
16698
15601
15773
16697
15580
15594
15779
16168
16707
15595
15780
16169
16708
15582
15583
16162
15600
15810
16130
15603
15671
16147
15586
15595
15796
16175
16269
15587
15797
16176
16268
15588
15798
16177
16270
15589
15799
16178
16271
15590
15800
16188
16272
15591
15801
16189
16273
15592
15802
16190
16274
15593
15803
16187
16275
15804
15816
16191
16356
15595
15598
15781
16174
16258
15782
16172
16276
15597
15599
15785
16256
15598
15783
16171
16255
15784
16173
16254
15602
15786
16257
15607
16125
15602
15603
15667
16149
15668
16160
15672
16148
15606
17161
15607
16126
16195
16642
16131
15773
15813
16697
16810
15670
15805
15644
15670
16134
15612
15763
15863
16292
15613
15764
16293
15614
15765
16296
15615
15766
16297
15617
15767
16298
15617
15619
15768
16299
15769
16300
15620
15676
15808
16301
15620
15770
16302
15677
16260
15622
15624
15649
15660
15678
16359
15648
15654
15661
15679
16360
15624
15653
15658
15680
15864
16367
15652
15659
15681
16368
15647
15760
15807
16259
15627
15628
15656
15688
15797
16304
15651
15657
15690
15798
16341
15629
15633
15687
15796
16305
15632
15635
15697
15782
16308
15631
15632
15637
15696
15784
16306
15636
15643
15695
15783
16263
15638
15698
15781
16307
15635
15640
15656
15704
16277
15675
15762
15806
16151
15638
15642
15727
16283
15637
15666
15733
15761
16279
15638
15734
15771
16280
15641
15726
16282
15646
15740
15771
15809
15811
16288
15642
15664
15677
15725
16285
15642
15646
15735
15771
16339
15676
15737
16286
15645
15700
15761
15785
16262
15671
15673
16135
15674
15699
15760
15786
16261
15676
15738
15808
16387
15666
15729
15761
15812
16154
15649
15650
15685
15801
16401
15652
15686
15802
16402
15651
15654
15689
15800
16404
15655
15691
15799
16403
15653
15693
15803
16405
15692
15804
15871
16407
15655
15662
15703
16361
15657
15663
15705
16362
15657
15664
15707
16363
15665
15706
16364
15659
15710
15763
15866
16376
15660
15711
15764
16377
15661
15714
15765
16378
15662
15715
15766
16379
15663
15717
15767
16380
15665
15722
15769
16381
15665
15723
15770
16382
15724
15768
16383
15731
15771
15809
16373
15668
15672
15675
15773
16159
15674
15772
15786
16157
15670
15810
16129
15671
16128
15672
15805
16152
15673
15774
16153
15675
15702
15806
16136
15675
15694
15762
16155
15701
16156
15677
15739
16303
15751
15770
16340
15679
15681
15686
15714
16722
15685
15703
15715
16723
15681
15692
15710
15873
16728
15693
15711
16729
15694
15728
15762
15732
16754
16791
15694
16770
16810
15686
15689
15792
16738
15693
15793
16739
15688
15697
15704
15787
16740
15690
15707
15788
16745
15691
15703
15791
16746
15691
15706
15789
16747
15705
15790
16748
15693
15795
15875
16751
15794
16752
15699
15701
15772
15696
15700
15733
15775
16756
15698
15734
15776
16753
15698
15727
15780
16758
15726
15779
16757
15700
15728
15778
16770
15732
15777
16754
15702
15773
15774
15705
15717
16724
15707
15725
15727
16777
15706
15722
16725
15707
15724
16726
15723
16727
15709
15710
15743
15877
16728
16781
15711
15712
15744
16729
16782
15711
15741
15879
15714
15742
15713
15714
15752
16722
16783
15715
15716
15753
16723
16784
15715
15745
15717
15746
15717
15719
15755
16724
16785
15722
15747
15719
15720
15724
15756
16726
16786
15722
15754
16725
16787
15721
15723
15758
16727
16788
15725
15757
16777
16790
16797
15724
15749
15724
15725
15750
15748
15737
15751
15727
15734
15735
16794
15737
16795
15732
15760
15731
15732
15736
16792
16793
15733
15736
15733
15761
15734
16791
15736
16793
15736
15737
15738
16792
15740
15771
15739
16797
15739
15740
15751
15759
15742
15743
15763
15880
15744
15745
15764
15744
15881
15752
15746
15752
15765
15747
15753
15766
15749
15755
15767
15749
15750
15756
15768
15754
15769
15751
15758
15770
15757
15753
15755
15755
15756
15758
15758
15759
16797
15761
15762
16278
16281
15807
16137
15764
15883
16391
15765
16392
15766
16395
15767
16396
15769
16397
15769
15770
16400
16398
16399
16374
15773
15778
16810
15774
15805
15813
15776
15777
15783
16829
15779
15784
16831
15778
15785
16798
15786
16799
15780
15781
16834
15782
15787
16836
15782
15784
16312
15796
16311
15784
15785
16264
16265
15786
16266
16267
15788
15796
16811
15789
15797
16812
15790
15798
16815
15791
15799
16817
15792
15800
16819
15793
15801
16821
15794
15802
16824
15795
15803
16826
15804
15868
16828
15797
16309
15798
16310
15799
16326
15800
16327
15801
16328
15802
16343
15803
16415
15804
16416
15884
16418
16150
16284
15811
16423
15812
16386
16127
16470
16385
16705
15815
15817
15823
15869
16197
16859
15816
15868
16196
16858
15817
15884
16198
16355
15827
15870
16199
16357
15819
15822
15850
16086
16228
16453
15820
15826
16087
16229
16456
15821
15824
15889
16230
16455
15825
15827
15890
16200
16421
15826
15828
15951
16243
16865
15825
15827
15953
16201
16866
15825
15826
15952
16245
16869
15954
16202
16867
15955
16244
16879
15956
16203
16420
15833
15850
16089
16231
16883
15834
15839
16238
16890
16907
17106
15831
15837
15846
16235
16898
17102
15832
15847
16236
16887
17103
15834
15838
16237
16889
17104
15841
15851
16097
16240
16891
15840
16239
16888
17105
15836
15837
15845
16232
16916
17101
15844
15849
16090
16207
16913
15843
16233
16897
17100
15840
15847
15860
16094
16210
15840
15842
15861
16098
16211
15862
16095
16212
15842
15852
16096
16234
16904
15853
16099
16213
16907
15845
15846
15855
15885
16205
15848
16091
16206
16909
15849
15854
15886
16204
15847
15858
16092
16208
15859
16093
16209
15849
15856
15887
16214
15857
15888
16215
15851
16088
16246
16454
15852
16123
16216
16506
15853
16124
16217
16508
15861
16109
16218
16507
15855
15857
16100
16221
16528
15858
16101
16222
16529
15857
16102
16223
16530
16103
16224
16531
15859
16104
16225
16532
15860
16105
16226
16533
15862
16106
16227
16534
15862
16107
16219
16504
16108
16220
16505
15883
15893
16291
15865
15866
15871
15873
16365
15867
15872
15874
15901
16366
15867
15879
15883
16375
15878
15882
15906
16370
15869
15875
15884
16939
15870
15876
15953
16941
15872
15884
15956
16419
15872
15875
15884
16406
15876
15895
16408
15874
15875
15879
16930
15876
15878
15960
16929
15876
16933
15962
16934
15879
15881
15972
16930
16937
15879
15971
15972
15982
15880
15881
15883
15982
15983
15883
15893
15982
15987
16390
16389
16417
15886
16013
16092
16101
17100
15888
16009
16100
17101
15888
16011
16091
16102
16010
16090
16103
15890
15897
15952
16087
16422
15896
15954
15956
16427
15892
15907
15985
16289
15894
15986
16294
15894
16290
15987
16295
15896
15901
15956
15962
16437
15897
15900
15964
16436
15898
15899
15963
16435
15902
15908
15965
16087
16471
15900
15902
15904
15958
16429
15901
15905
15959
16430
15906
15960
16431
15903
15949
15961
16433
15904
15950
15973
15984
16434
15905
15966
15985
16369
15906
15970
15986
16371
15971
15987
16372
15915
15984
16287
15909
15949
16083
16086
16473
15932
15936
15989
16088
16484
15911
15912
15933
15939
15991
16492
15931
15934
15940
15992
16486
15932
15936
15938
15990
16491
15948
16027
16053
16115
16475
15915
15916
16041
16313
16085
16325
15917
16045
16314
15918
16047
16315
15925
16049
16316
15920
15935
16054
16317
15923
16055
16318
15922
15924
16060
16321
15923
16065
16323
16063
16322
15925
16059
16320
16066
16324
15928
15930
15942
15998
16118
16488
15928
15929
15944
15999
16116
16461
15945
16000
16117
16489
15941
15997
16113
16119
16463
15931
15943
15993
16121
16490
15946
15994
16120
16487
15933
16002
16123
16485
15934
16003
16124
16466
16004
16109
16120
16467
16056
16122
16319
15937
15949
15988
16474
15938
15950
16015
16041
16438
15939
16022
16045
16439
15940
16023
16047
16440
15946
16024
16049
16425
15944
15947
16026
16055
16477
15943
15945
16030
16060
16480
15946
16029
16059
16479
15945
16031
16063
16481
16032
16065
16482
16033
16066
16483
15948
16025
16054
16113
16476
16028
16056
16114
16478
15950
16082
16424
16084
16085
16448
15955
16083
16086
16089
16962
15954
15955
15963
16943
15954
15956
15962
16944
15964
16945
15965
16087
16946
16428
15974
15975
15979
16043
15959
15961
15963
15966
16965
15960
15964
15970
16966
15962
15971
16967
15965
15973
16082
16968
15964
16974
15964
15965
16969
16973
16083
16975
15967
15970
15973
15976
15968
15974
15979
16965
16984
15969
15970
15980
16966
16985
15971
15972
15981
16967
16986
15971
15977
15978
15983
16929
16988
15974
15975
16084
16080
16964
16968
15976
15984
16081
15977
15979
15985
15978
15980
15986
15981
15982
15987
15980
15981
15983
15983
15985
16085
16384
15986
16388
15987
16393
16394
15989
15990
16015
16082
16995
16002
16083
16089
16996
15991
16002
16022
17010
15992
16003
16023
17000
15994
16004
16024
17001
15994
15998
16008
16029
17006
16005
16033
17009
15996
15997
16009
16025
16113
17003
16001
16010
16028
16114
17011
15999
16013
16026
17004
16000
16007
16030
17005
16000
16012
16031
17007
16006
16032
17008
16011
16027
16115
17002
16003
16097
17032
16004
16096
17033
16005
16099
17034
16008
16098
16120
17031
16007
16012
16093
16117
17030
16008
16094
16118
17027
16095
16121
17028
16010
16013
16111
17036
16011
16112
17035
16110
17048
16013
16092
16116
17029
16119
17037
16015
16016
16042
16080
16995
17052
16022
16040
16084
16017
16022
16068
17010
17063
16018
16023
16069
17000
17064
16021
16024
16070
17001
17065
16020
16028
16035
16071
17011
17068
16027
16079
17002
17069
16033
16037
16076
17009
17074
16023
16044
16024
16046
16033
16048
16026
16028
16035
16051
16031
16034
16052
16028
16057
16050
16030
16033
16037
16061
16032
16036
16058
16032
16038
16062
16039
16064
16067
16035
16038
16078
17004
17066
16077
17003
17067
16037
16039
16072
17005
17070
16075
17006
17073
16039
16073
17007
17071
16074
17008
17072
16041
16042
16044
16081
16045
16085
16409
16043
16068
16080
16081
16045
16046
16068
16047
16410
16047
16048
16069
16049
16411
16049
16067
16070
16066
16412
16051
16056
16057
16071
16052
16054
16077
16055
16062
16078
16056
16057
16122
16426
16055
16056
16441
16063
16442
16443
16079
16060
16061
16064
16072
16060
16061
16066
16444
16065
16445
16067
16075
16063
16064
16073
16065
16446
16065
16074
16447
16067
16413
16076
16069
16070
16076
16077
16079
16074
16075
16074
16078
16076
16078
16084
17053
17076
16084
16085
16083
16084
17076
17077
16414
16087
16088
16494
16495
16089
16123
16493
16097
16947
16091
16948
17035
17101
17048
17099
16093
16104
17102
16094
16105
17103
16095
16106
17104
16098
16108
17105
16097
16099
16124
16957
16123
16956
16099
16107
17106
16109
16959
16101
16103
16111
16509
16104
16119
16512
16103
16110
16510
16112
16511
16105
16116
16513
16106
16117
16514
16108
16118
16515
16108
16109
16120
16516
16121
16517
16124
16518
16112
16115
16524
16112
16113
16119
16526
16114
16525
16114
16462
16115
16465
16464
16117
16119
16497
16118
16498
16121
16460
16527
16121
16468
16469
16342
16124
16458
16519
16130
16131
16142
16158
16598
16131
16133
16142
16347
16129
16130
16158
16472
16584
16129
16134
16146
16152
16603
16145
16161
16602
16141
16145
16599
16349
16358
16496
16133
16194
16247
16457
16586
16195
16346
16358
16135
16161
16523
16589
16136
16152
16432
17244
16150
16153
16156
17243
16151
16155
16278
16284
17517
16140
16143
16147
16344
16140
16141
16145
16348
16146
16345
16142
16595
16596
16144
16148
17239
16149
16248
17238
16146
16600
16147
16351
16148
16152
16350
16149
16153
17241
16159
16160
17240
16151
16432
16520
16601
16156
16459
17512
16153
16353
16159
17245
16259
16281
16373
16385
17575
16156
16157
16261
17265
16159
17264
16159
16160
16267
17266
16496
16590
17275
16248
16257
17277
16472
16592
16192
16164
16167
17138
16165
17127
16166
16171
17137
16168
16173
17135
17129
16169
16174
17140
16170
16172
17141
16175
16181
17150
16173
16251
16174
16175
16329
16174
16249
16250
16176
16331
16177
16181
16330
16178
16183
16332
16184
16188
16333
16180
16185
16187
17143
16191
16196
17145
16183
17147
16184
16186
16188
17151
16184
17153
17154
16186
16190
17158
16189
17157
16190
16191
16337
16189
16334
16190
16336
16335
16198
16338
17161
17661
16195
16197
16198
17188
16199
16201
17189
16199
16450
16203
16449
16202
16203
16230
16452
17663
16202
16203
17191
16245
17192
17681
16451
16205
16215
16221
16232
17651
16208
16222
16233
17652
16207
16214
17208
17667
16215
16232
17207
17668
16209
16225
16235
17655
16210
16226
16236
17657
16212
16227
16237
17658
16212
16213
16219
16238
17656
16220
16239
17659
16218
16234
16242
17665
16215
16223
17653
16224
17654
16217
16240
16246
16569
17660
16218
16234
16568
17605
16219
16579
17606
16220
16570
17607
16227
16571
17608
16222
16224
16573
17612
16225
16574
17613
16224
16576
17611
16575
17614
16226
16577
17615
16227
16578
17609
16572
17610
16229
16243
16246
16501
17685
16230
16244
16502
17662
16245
16503
17664
16240
16243
16246
17198
17677
16233
17205
17669
16235
17206
17666
16240
16241
17670
16236
17202
17671
16237
17203
17672
16239
17215
17673
16239
16242
17216
17676
17212
17674
17218
17675
16242
16904
17218
17221
17679
16907
17223
17678
16244
17227
17680
16245
17235
17682
17228
17683
16500
17684
16499
16585
16253
17276
16250
16251
16254
17249
16258
16329
17252
16252
16255
17250
16253
16256
17248
16257
17246
16255
16258
16265
17255
16256
16264
17259
16257
16266
17258
16267
17260
16276
16312
17256
16278
16284
16522
17553
16301
16302
16340
16551
17491
16262
16267
16278
17263
16263
16266
16281
17262
16264
16279
16306
17525
16265
16266
17268
16306
16312
17267
16267
17269
17270
16269
16270
16310
16330
17503
16276
16309
16331
17507
16271
16326
16332
17504
16272
16327
16333
17505
16273
16328
16334
17506
16274
16336
16343
17508
16275
16335
16415
17509
16337
16356
16416
17580
16311
16329
17257
16283
16285
16305
16363
17581
16281
17515
16280
16281
16373
17511
16282
16306
16374
17516
17510
16283
16307
16339
17513
16286
16308
17514
16459
16536
17261
16286
16340
16382
17557
16303
16339
17559
16289
16325
16384
16552
17329
16374
16386
16387
16470
17464
16294
16388
16537
17331
16291
16295
16390
16539
17339
16292
16389
16540
17340
16293
16391
16541
17341
16296
16392
16542
17342
16295
16393
16538
17343
16394
16543
17344
16297
16395
16544
17347
16298
16396
16545
17348
16300
16397
16546
17353
16300
16302
16400
16547
17354
16398
16548
17355
16303
16423
16550
17475
16399
16549
17492
16340
16387
17564
16305
16310
16341
16363
17583
16308
16309
17521
16307
17524
16308
16312
17522
16311
17523
16310
16311
17527
16326
17526
16312
17531
17530
16314
16325
16409
16553
17378
16315
16410
16555
17385
16316
16411
16556
17391
16324
16412
16557
17392
16318
16319
16441
16558
17393
16322
16442
16560
17395
16342
16443
16559
17386
16321
16324
16444
16564
17398
16323
16445
16561
17397
16323
16446
16563
17399
16447
16562
17400
16413
16565
17401
16414
16554
17441
16327
16341
17528
16328
16403
17529
16343
16404
17585
16331
17251
16331
16332
17253
17254
16333
17271
16334
17272
16336
17533
16336
16337
17535
17534
16338
17532
16356
16450
17587
16374
16387
17560
16399
17565
16364
16403
17584
16426
16566
17410
16401
16415
17586
16345
16350
17239
16348
16351
16347
16586
16593
16349
16596
16595
16600
16354
16593
16598
16351
16353
17241
16600
16603
16432
16591
16601
17244
17328
17596
16603
17244
17245
16496
16590
17242
17363
17594
16356
16357
16417
16450
17536
16418
17537
16419
16420
16449
17451
16457
16567
16593
16360
16368
16378
16402
17538
16361
16379
16401
17539
16362
16380
16404
17540
16364
16381
16403
17541
16364
16382
17542
16383
17543
16366
16367
16375
16406
17545
16370
16408
16431
17454
16368
16376
16407
17546
16377
16405
17544
16371
16388
16429
16434
17457
16372
16375
16390
17459
16372
16393
16430
17460
16394
16431
17461
16374
16386
17558
17554
16376
16389
17458
16377
16391
17547
16378
16392
17548
16379
16395
17549
16380
16396
17550
16381
16397
17551
16383
16398
17552
16383
16399
17555
16400
17556
16388
16414
16434
17463
16386
16522
17273
16521
17274
16423
17465
16393
17466
16390
16391
17467
16394
17468
16392
17469
16395
17470
16394
17471
17472
16396
17473
16397
17474
16398
17476
16400
17477
16400
17563
17478
16402
16404
17566
16405
16415
17567
16404
17576
17568
16407
16416
17569
16407
16408
16417
17570
16418
17571
16419
16437
17479
16410
16414
16438
17484
16411
16439
17495
16412
16440
17496
16413
16425
17384
16444
16483
17383
16448
17485
16416
17577
16418
17574
16418
16419
17573
17572
16428
17486
16421
16428
16451
17452
16427
16452
16455
17319
16427
16435
16455
16495
17442
16470
16535
17518
16433
16448
16473
16474
17364
16440
16483
16486
17368
16443
16475
17412
16428
16436
17497
16437
17487
16430
16433
16435
17453
16431
16436
17455
16437
17456
16523
16434
16471
17490
16448
17462
16436
16471
17493
16437
17480
17481
16439
16448
16474
17494
16440
16491
17366
16492
17367
16442
16443
16476
17388
16446
16477
17387
16478
17411
16445
16479
17380
16447
16480
17381
16447
16481
17389
16482
17382
17483
16450
16451
17488
17579
16452
17489
17588
16503
17448
17687
16454
16456
16494
16501
17318
16493
16500
16506
17323
16456
16503
17320
16495
16502
17321
16583
16485
16493
16506
16519
17326
16520
17520
16469
16488
16498
16515
17424
16463
16481
16489
16497
17432
16463
16465
16476
16526
17436
16477
16527
17437
16465
16475
16524
17438
16478
16525
17435
16467
16485
16492
16519
17439
16468
16486
16518
17420
16469
16487
16516
17425
16490
16517
17426
16521
17562
16473
16495
17362
16594
16484
16494
17365
16484
16491
17414
16478
17376
16477
16478
17370
16481
17369
17377
16480
16483
16490
17375
16482
16488
17371
16482
17372
16489
17373
16487
17374
16485
16493
17415
16491
17416
16487
16492
17428
16490
17429
16489
16490
17431
16498
17433
17434
16492
17427
17430
16494
17325
16495
17443
17444
16567
16498
16513
16527
17422
16514
17423
16582
16501
16569
17446
17691
16502
17447
17688
16503
17449
17689
17450
17690
16505
16507
16516
16570
17288
16517
16534
16571
17289
16508
16569
17324
16508
16518
16579
17280
16519
16568
17279
16511
16512
16526
16528
17295
16511
16524
16530
17297
16525
16531
17298
16513
16527
16529
17296
16514
16532
17299
16515
16533
17300
16517
16534
17301
16517
16518
17290
17302
16519
17291
17327
17582
17561
16536
17519
16591
16525
17417
16526
17418
16527
17419
17421
16529
16531
16573
17281
16532
16574
17282
16531
16576
17284
16575
17283
16533
16577
17285
16534
16578
17286
16572
17287
16550
17357
17358
16538
16552
17332
16543
17333
16540
16543
17334
16541
17335
16542
17336
16544
17337
17338
16545
17345
16546
17346
16548
17349
16548
16549
17350
17351
16551
17352
16551
17360
17359
16554
17330
16554
16555
17379
17440
16556
17390
16557
17402
16565
17403
16559
16560
17394
16566
17396
16563
17404
16562
16564
17405
16563
17408
17407
16565
17406
17409
17413
17242
16569
16579
17305
17618
17304
17617
16571
16579
17317
17800
16572
17316
17801
16578
17315
17799
16574
16575
17310
17793
16577
17311
17796
16576
17308
17794
17309
17795
16578
17312
17797
17313
17798
17314
17802
16581
16582
16588
16587
17247
17686
16585
17247
17322
16586
16593
16597
17303
17445
16590
16594
16599
16602
16586
16588
16597
16604
17307
17578
17616
16604
16591
16592
16603
17244
16598
17482
17361
17595
16594
16602
17361
17242
17294
17482
16596
16599
16598
17322
17600
16599
16600
16602
17243
17512
17582
16603
16606
16642
17621
16638
17139
17163
17702
16611
16645
17701
16610
16616
16647
17623
16618
16648
17622
16612
16649
17630
16614
16650
17628
16615
16617
16651
17626
16615
16653
17629
16652
17627
16617
16655
17624
16654
17625
16637
16852
17631
16628
16632
17175
17640
16621
16630
17179
17641
16622
17180
17637
16624
17181
17634
16624
16627
17183
17636
17182
17635
16629
16631
17177
17632
16627
16628
17185
17638
17186
17639
17184
17642
16630
17176
17633
17178
17643
17190
17726
16633
17187
17644
16634
16857
17645
16636
16853
17646
16636
16637
16854
17647
16855
17648
16856
17649
16639
16642
16705
17164
16697
17129
17130
16641
16694
17138
17139
17163
16643
16695
17127
17136
16713
17161
16644
16717
17163
16646
16700
17136
17162
16649
16684
17132
17142
16702
17128
17131
17165
16648
16655
16689
17166
17704
16690
16852
17167
17703
16650
16683
17168
17711
16653
16670
17169
17712
16652
16654
16673
17170
17715
16653
16672
17172
17718
16671
17171
17716
16655
16674
17173
17708
16675
17174
17707
16657
16659
16660
16677
16814
17149
16658
16676
16706
16813
17148
16659
16708
16811
17150
16661
16812
17147
16661
16663
16678
16816
17155
16662
16815
17153
16663
16664
16817
17154
16665
16679
16818
17156
16665
16666
16819
17151
16668
16680
16820
17152
16667
16668
16821
17157
16669
16685
16824
17158
16669
16681
16822
17159
16682
16686
16823
17160
16671
16677
16683
16840
16672
16678
16842
16673
16679
16843
16674
16680
16844
16675
16681
16845
16682
16689
16846
16677
16683
16710
16801
17168
16678
16802
17169
16679
16803
17171
16680
16804
17172
16681
16805
17170
16682
16806
17173
16691
16807
17174
16684
16841
16710
16714
16839
16686
16687
16826
17143
16688
16691
16825
17144
16688
16828
16858
17145
16692
16827
16860
17146
16690
16691
16847
16692
16848
16861
16692
16808
17166
16809
16862
17167
16695
16701
16704
16798
17127
16695
16701
16712
16718
16696
16717
16833
16700
16704
16711
16830
17136
16698
16705
16716
16701
16712
16810
17129
16702
16709
16710
16714
16837
17131
16702
16717
16851
16799
17138
16711
16715
16838
16704
16707
16711
16831
17135
16829
17137
16713
16708
16709
16710
16835
17134
16708
16709
16834
17140
16836
17141
16711
16719
17133
16800
17132
16832
17128
16716
16849
17139
16715
16850
17142
17165
17130
16799
16833
16849
16755
16832
16834
16835
16837
16721
16740
16744
16763
16774
16813
16755
16758
16762
16796
16835
16723
16729
16739
16771
16724
16738
16772
16725
16746
16773
16726
16748
16776
16727
16747
16775
16745
16777
16778
16729
16751
16779
16930
16752
16780
16731
16759
16793
16755
16794
16796
16734
16754
16833
16735
16759
16838
16756
16759
16830
16755
16762
16837
16737
16738
16741
16760
16772
16822
16739
16750
16761
16771
16823
16739
16746
16821
16752
16824
16745
16758
16777
16811
16743
16746
16765
16773
16820
16743
16744
16747
16766
16775
16816
16748
16767
16776
16818
16745
16764
16778
16814
16747
16812
16748
16819
16748
16815
16817
16750
16751
16768
16779
16827
16931
16752
16769
16780
16825
16752
16828
16933
16826
16756
16757
16759
16793
16831
16756
16770
16798
16757
16759
16791
16829
16758
16794
16834
16795
16836
16832
16761
16765
16806
16769
16807
16763
16800
16764
16801
16766
16802
16767
16805
16767
16803
16804
16769
16809
16935
16808
16799
16772
16780
16783
16773
16784
16776
16785
16777
16778
16790
16796
16776
16778
16786
16787
16795
16788
16780
16781
16936
16782
16782
16937
16783
16784
16785
16787
16787
16788
16790
16790
16796
16797
16793
16794
16797
16794
16795
16796
16797
16799
16829
16833
16810
16801
16835
16837
16839
16802
16813
16841
16803
16814
16840
16804
16816
16842
16805
16818
16843
16806
16820
16844
16807
16822
16845
16808
16823
16846
16809
16825
16847
16827
16848
16938
16849
16812
16813
16836
16814
16815
16814
16835
16816
16816
16817
16818
16818
16819
16820
16820
16821
16822
16822
16824
16823
16824
16825
16826
16826
16827
16828
16828
16940
16939
16830
16831
16832
16833
16851
16832
16834
16838
16836
16836
16838
16850
16851
16841
16850
16841
16842
16843
16844
16845
16846
16847
16848
17107
16856
16861
17194
17721
16855
16857
16868
17229
17775
16855
16856
16872
17233
17778
16873
17234
17779
16878
17193
17722
16882
17187
17237
17786
16859
16860
16939
17188
16864
16866
16941
17189
16862
16864
16940
17195
16862
16878
17107
16863
16938
17194
16864
16874
16878
16993
17193
16876
16942
17196
16879
16883
16928
16962
17227
16867
16876
16944
17191
16869
16877
16945
17192
16870
16873
16882
17109
16871
16879
16943
17228
16871
16875
16880
16990
17229
16877
16881
17088
17230
16873
16874
16878
17110
16875
17111
16875
16876
16991
17233
16877
16992
17234
16877
17089
17231
17090
17232
17112
16881
16946
17235
16881
16882
16927
16994
17237
16928
17091
17236
16926
17108
16884
16891
16947
17198
16885
16892
16928
17092
17197
16886
16905
16927
17079
17199
16922
16926
17113
17175
16889
16898
16900
16952
17203
16889
16890
16901
16954
17212
16902
16953
17215
16894
16903
16955
17216
16892
16904
16956
17218
16893
16905
16960
17219
16894
16904
16906
16961
17221
16907
16908
16958
17223
16897
16899
16914
16915
17096
17201
16911
16912
16913
16915
17093
17209
16898
16916
16950
17206
16899
16951
17202
16900
16917
17097
17210
16902
16918
17080
17211
16902
16903
16920
17082
17213
16919
17081
17214
16908
16921
17083
17217
16907
16957
16906
16922
17084
17220
16908
16923
17085
17222
16959
16924
17086
17224
16912
16913
17099
17208
16911
16914
16915
17119
17176
16925
17120
17177
16925
17094
17204
16916
16948
17207
16917
17121
17178
16916
17095
17200
16949
17205
16918
17122
17179
16919
17123
17180
16920
17124
17181
16921
17126
17182
16924
17125
17183
16923
17116
17184
16924
17117
17185
17118
17186
17115
17190
16927
17114
17187
16928
17087
17226
17098
17225
16930
16934
16967
16987
16933
16936
16932
16933
16935
16936
16940
16934
16942
16972
16980
16987
16934
16939
16941
16974
16938
16980
16937
16987
16988
16940
16993
17107
16940
16941
16942
16942
16944
16993
17089
16945
16946
16969
17088
16945
16974
17089
16973
17090
16962
16975
17091
16956
16962
16996
17092
16949
17022
17093
17099
16950
17020
17095
17101
16951
17021
17096
17100
16952
17014
17097
17102
16953
17015
17080
17103
16954
17012
17081
17104
16955
17013
17082
17105
16958
17016
17083
17106
16957
16960
17032
16959
16961
17033
16959
16961
17019
17086
17034
17106
16961
17017
17084
17092
17018
17085
17077
17098
16976
16977
16994
16999
16984
16989
17053
16966
16968
16969
16981
16967
16973
16982
16974
16983
16975
16989
17076
16970
16973
16975
16971
16976
16977
16981
17088
16972
16973
16979
16982
17090
16974
16978
16983
17089
16974
16976
17077
16989
17078
17091
16979
16990
16979
16980
16991
16992
16993
16982
16984
16989
16983
16985
16986
16987
16985
16986
16988
16988
17075
16992
16994
17088
17109
16992
16993
17089
17110
17090
17111
17112
17087
17091
17108
16996
17010
17051
17076
16997
17032
17077
16998
17017
17051
17078
17092
16999
17038
17079
17078
17087
17001
17010
17033
17055
17009
17034
17056
17011
17048
17057
17004
17011
17024
17036
17007
17025
17037
17006
17008
17027
17059
17009
17028
17060
17008
17026
17029
17030
17061
17031
17062
17032
17054
17035
17058
17013
17015
17027
17044
17059
17016
17028
17040
17060
17015
17021
17026
17029
17046
17030
17043
17061
17019
17031
17041
17062
17018
17032
17038
17054
17019
17033
17039
17055
17034
17042
17056
17021
17022
17024
17036
17049
17025
17037
17045
17023
17035
17047
17058
17048
17050
17057
17099
17025
17058
17067
17026
17066
17061
17071
17028
17030
17104
17031
17105
17030
17037
17102
17103
17034
17106
17033
17034
17036
17048
17037
17101
17100
17039
17084
17042
17085
17041
17044
17082
17042
17083
17086
17044
17046
17080
17081
17046
17049
17096
17097
17049
17050
17093
17095
17094
17052
17054
17075
17053
17063
17075
17055
17063
17056
17064
17062
17065
17058
17069
17068
17060
17061
17070
17062
17073
17072
17074
17064
17065
17074
17067
17071
17068
17069
17072
17073
17072
17074
17076
17078
17077
17078
17098
17084
17087
17092
17113
17081
17097
17123
17082
17124
17083
17126
17086
17125
17085
17116
17086
17117
17118
17098
17114
17090
17091
17090
17098
17098
17094
17095
17120
17099
17115
17096
17119
17097
17121
17122
17101
17102
17103
17104
17105
17106
17112
17109
17114
17111
17111
17112
17114
17116
17120
17117
17118
17125
17120
17121
17122
17123
17124
17126
17126
17137
17138
17133
17135
17136
17138
17139
17139
17164
17132
17133
17142
17134
17168
17134
17140
17141
17148
17137
17140
17137
17141
17150
17165
17144
17145
17158
17146
17160
17166
17693
17146
17188
17167
17195
17694
17149
17150
17153
17149
17150
17168
17155
17169
17152
17154
17157
17156
17159
17170
17696
17154
17155
17156
17156
17171
17589
17172
17697
17158
17159
17160
17160
17173
17699
17174
17698
17165
17700
17692
17167
17174
17706
17194
17705
17169
17695
17171
17713
17172
17173
17714
17172
17719
17717
17174
17710
17709
17184
17187
17199
17729
17177
17178
17200
17730
17190
17209
17745
17179
17201
17732
17180
17210
17734
17181
17211
17735
17182
17214
17737
17183
17213
17736
17186
17217
17738
17185
17220
17741
17186
17222
17739
17224
17740
17226
17768
17189
17195
17191
17196
17590
17204
17746
17192
17231
17772
17228
17232
17773
17194
17196
17233
17724
17195
17723
17196
17720
17231
17725
17198
17199
17219
17225
17743
17218
17227
17742
17220
17226
17744
17201
17205
17209
17747
17206
17210
17748
17203
17206
17210
17751
17211
17215
17754
17208
17209
17750
17206
17207
17733
17731
17208
17209
17727
17728
17749
17211
17752
17214
17753
17213
17215
17216
17756
17214
17217
17757
17215
17758
17755
17217
17223
17759
17224
17760
17219
17765
17220
17221
17763
17222
17764
17222
17223
17766
17224
17767
17224
17761
17762
17226
17227
17236
17769
17237
17770
17235
17771
17230
17235
17776
17230
17234
17237
17774
17232
17236
17777
17232
17233
17782
17234
17783
17234
17780
17781
17236
17784
17237
17785
17787
17239
17240
17276
17241
17241
17275
17277
17245
17445
17597
17244
17245
17264
17275
17248
17260
17276
17278
17578
17593
17250
17258
17250
17252
17255
17259
17252
17254
17257
17256
17254
17271
17503
17507
17256
17259
17267
17257
17530
17507
17531
17259
17260
17269
17268
17270
17277
17358
17517
17520
17553
17263
17269
17510
17525
17265
17270
17515
17265
17275
17512
17266
17517
17270
17275
17277
17268
17524
17530
17269
17525
17270
17272
17504
17505
17533
17274
17356
17519
17575
17464
17558
17561
17277
17322
17280
17305
17324
17327
17288
17291
17314
17282
17283
17295
17310
17285
17296
17311
17284
17298
17308
17297
17309
17286
17299
17312
17287
17300
17313
17289
17301
17315
17289
17290
17317
17302
17316
17291
17302
17425
17327
17420
17357
17562
17358
17520
17361
17296
17298
17419
17299
17421
17298
17417
17418
17300
17422
17301
17423
17302
17424
17426
17598
17600
17305
17324
17446
17814
17314
17815
17307
17601
17592
17309
17310
17806
17807
17311
17804
17312
17805
17313
17808
17315
17809
17317
17813
17316
17810
17317
17812
17811
17321
17323
17443
17447
17320
17448
17452
17497
17321
17442
17450
17444
17449
17324
17325
17446
17326
17326
17415
17443
17327
17416
17439
17582
17330
17331
17441
17463
17332
17440
17332
17343
17466
17333
17338
17343
17335
17338
17339
17336
17340
17337
17341
17342
17345
17344
17340
17344
17468
17341
17467
17342
17469
17347
17470
17344
17471
17472
17346
17347
17348
17349
17348
17473
17353
17474
17351
17353
17351
17352
17354
17355
17359
17492
17355
17476
17355
17478
17492
17477
17561
17360
17518
17519
17360
17491
17475
17365
17444
17490
17493
17482
17599
17365
17414
17483
17490
17415
17443
17367
17427
17494
17495
17368
17430
17496
17374
17384
17428
17370
17372
17387
17437
17377
17388
17436
17373
17375
17381
17431
17373
17389
17432
17382
17433
17375
17383
17429
17380
17434
17377
17412
17438
17411
17435
17379
17385
17441
17484
17390
17440
17381
17383
17398
17382
17397
17389
17400
17384
17401
17392
17496
17390
17391
17495
17393
17396
17410
17411
17388
17389
17395
17393
17411
17399
17402
17392
17402
17496
17401
17403
17394
17395
17396
17404
17399
17404
17413
17398
17400
17405
17401
17406
17400
17407
17408
17409
17403
17409
17407
17406
17408
17409
17408
17412
17413
17412
17415
17427
17494
17416
17427
17439
17418
17438
17419
17435
17421
17436
17425
17428
17439
17422
17437
17423
17432
17424
17433
17426
17431
17426
17429
17434
17430
17429
17430
17434
17439
17433
17434
17433
17437
17436
17438
17437
17441
17485
17444
17493
17497
17444
17598
17447
17816
17449
17788
17450
17489
17789
17450
17790
17791
17452
17486
17488
17536
17487
17489
17455
17457
17490
17493
17456
17459
17479
17545
17456
17460
17480
17461
17481
17460
17462
17466
17459
17467
17545
17547
17461
17468
17461
17471
17472
17463
17483
17490
17466
17485
17465
17554
17562
17518
17560
17564
17471
17468
17469
17472
17470
17547
17473
17548
17472
17474
17549
17476
17550
17491
17518
17564
17477
17551
17478
17552
17556
17563
17481
17486
17570
17481
17493
17497
17487
17485
17494
17485
17494
17495
17487
17573
17497
17489
17502
17579
17591
17492
17565
17563
17496
17499
17500
17532
17501
17587
17535
17502
17579
17591
17504
17507
17526
17505
17528
17506
17529
17508
17533
17585
17527
17509
17534
17586
17535
17577
17580
17511
17515
17575
17516
17525
17558
17517
17520
17514
17516
17522
17560
17523
17559
17581
17517
17553
17524
17554
17562
17553
17582
17523
17527
17581
17583
17523
17524
17530
17531
17525
17527
17528
17583
17531
17529
17584
17576
17585
17531
17535
17580
17587
17534
17535
17537
17573
17579
17572
17580
17587
17539
17544
17549
17567
17540
17550
17566
17541
17551
17568
17543
17552
17576
17543
17555
17581
17583
17556
17584
17546
17548
17569
17546
17570
17547
17571
17548
17549
17550
17551
17552
17556
17575
17558
17560
17556
17557
17563
17559
17565
17581
17575
17560
17564
17562
17565
17565
17567
17568
17586
17569
17577
17576
17585
17571
17574
17571
17573
17572
17573
17574
17577
17580
17584
17586
17592
17587
17584
17586
17591
17687
17697
17719
17725
17772
17789
17593
17597
17599
17596
17598
17650
17661
17792
17606
17618
17660
17670
17607
17665
17802
17608
17656
17800
17610
17659
17801
17610
17615
17657
17798
17658
17799
17614
17653
17795
17613
17614
17651
17793
17615
17652
17796
17654
17794
17655
17797
17686
17618
17660
17691
17814
17802
17815
17700
17701
17623
17631
17703
17624
17704
17625
17707
17626
17708
17627
17715
17629
17718
17629
17630
17712
17716
17701
17711
17649
17721
17633
17726
17745
17643
17730
17635
17637
17737
17636
17736
17639
17738
17641
17735
17639
17642
17739
17740
17642
17644
17729
17643
17734
17741
17732
17645
17768
17646
17786
17648
17775
17648
17649
17778
17779
17722
17652
17654
17669
17655
17666
17654
17667
17668
17657
17671
17659
17665
17676
17658
17672
17659
17673
17674
17675
17684
17664
17682
17685
17689
17664
17681
17687
17683
17690
17670
17678
17669
17671
17731
17668
17728
17669
17727
17733
17675
17679
17672
17751
17673
17754
17674
17755
17676
17756
17677
17765
17678
17759
17680
17684
17742
17679
17761
17765
17766
17682
17685
17771
17683
17773
17683
17784
17776
17685
17691
17688
17690
17789
17689
17691
17788
17690
17790
17791
17816
17702
17694
17698
17706
17705
17720
17711
17713
17697
17699
17714
17717
17699
17709
17710
17803
17704
17705
17721
17706
17707
17706
17723
17709
17708
17709
17710
17715
17710
17714
17712
17713
17716
17719
17715
17717
17718
17718
17719
17718
17719
17723
17725
17722
17723
17724
17778
17724
17725
17780
17782
17746
17728
17733
17749
17750
17741
17744
17768
17732
17745
17747
17733
17748
17751
17734
17748
17747
17735
17752
17737
17753
17737
17738
17757
17758
17740
17760
17740
17741
17767
17762
17764
17743
17765
17771
17744
17763
17769
17764
17770
17746
17749
17750
17748
17749
17752
17750
17752
17754
17753
17754
17758
17755
17756
17758
17757
17759
17758
17760
17760
17761
17762
17762
17766
17767
17764
17765
17766
17767
17767
17770
17786
17770
17771
17785
17787
17784
17773
17782
17776
17783
17775
17777
17781
17787
17779
17786
17777
17784
17783
17785
17779
17780
17781
17781
17782
17783
17783
17785
17787
17787
17790
17816
17791
17791
17794
17796
17804
17795
17806
17807
17797
17805
17798
17808
17799
17809
17801
17810
17801
17802
17811
17812
17813
17805
17806
17808
17807
17809
17810
17812
17812
17813
17815
17815
17816
17828
17845
20748
21018
17820
17825
17857
17880
20972
17820
17821
17823
17899
17826
17900
17824
17829
17901
17831
17866
17953
21006
17824
17826
17835
17934
17832
17836
17935
17826
17838
17927
17937
17834
17938
17830
17904
19003
19007
20929
21066
17830
17832
17902
17905
19002
17845
19053
17833
17932
19002
17836
17839
17957
20577
17835
17838
17954
20578
17836
17955
20579
17956
20580
17951
17992
19005
21091
17986
18001
20433
17840
17960
19002
20640
17841
17959
19007
20639
17958
19004
19006
20638
17866
18049
20721
17844
17859
17882
17919
20928
17855
17883
17916
20795
17866
17939
19046
17848
17849
18012
18032
20800
17848
17851
18014
18033
20799
18015
18034
20801
17861
18013
18035
20802
17852
17854
18016
18036
20803
17853
18018
18037
20804
17853
18019
18038
20805
18020
18039
20806
17856
17879
18017
20798
17856
17884
17917
20796
17885
18021
20797
17858
17886
17927
21004
17859
17887
17928
20908
17881
17918
20907
17861
17870
18022
18030
20785
21068
18011
18031
20784
21088
17863
17865
17946
18066
19057
20734
17864
18009
18084
19058
20736
17871
18010
18050
19055
20745
17868
18008
18065
19054
20735
17867
17915
21013
17868
17953
18049
19056
20733
17951
18083
19059
20728
17870
17878
17940
18047
20751
21070
17941
18029
20752
21067
17872
17952
18051
20746
21007
17873
17947
18052
20767
21014
17874
17948
18053
20768
21015
17875
17949
18054
20769
21016
17876
17950
18055
20771
21076
17877
17944
18048
20770
21077
17878
17945
18045
20749
21075
17942
18046
20750
21079
17885
17924
18036
18459
20815
17886
17900
17937
18121
20989
17882
17887
17929
18175
20909
17883
17920
18174
20910
17884
17921
18443
20930
17885
17922
18444
20807
17923
18460
20814
17887
17930
18119
21005
17931
18176
20911
17889
17898
17903
17958
18100
19006
17904
17933
17959
18099
19007
17891
17896
17906
17961
18067
19008
17892
17907
17962
18068
19009
17897
17908
17963
18091
19010
17894
17895
17909
17964
18069
19011
17910
17965
18070
19012
17896
17911
17966
18071
19013
17912
17967
18072
19014
17898
17913
17968
18092
19015
17914
17969
18093
19016
17900
17901
17934
18088
17938
18122
20973
17902
17935
18090
17905
17932
18089
17904
17914
18073
19003
17905
18087
17933
18086
17907
17912
18074
19017
17908
18075
19018
17913
18076
19019
17910
17911
18077
19025
18078
19020
17912
18079
19021
18080
19022
17914
18081
19023
18082
19024
17939
20721
20733
20741
17917
17919
17921
17980
17922
17981
18021
17919
17928
17929
17984
17920
17983
17921
17929
17995
18557
17922
17996
18515
17923
17994
18468
17924
17993
18021
18469
17925
18000
18017
18467
17926
18003
18016
18036
18471
18004
18019
18028
18038
18472
17928
17930
17986
17931
17985
17931
17997
18558
17931
17937
17999
18123
17998
18516
17933
17935
17957
18097
17960
18096
19002
17935
17938
17955
18095
17956
18098
17943
17951
18083
17938
18001
18124
17954
18125
20748
20781
17941
17942
18056
18970
21069
18022
18040
18971
21065
17945
18057
18969
21078
18007
18008
18065
18101
17945
17950
18059
18989
21071
18060
18986
21072
18008
18009
18101
19034
19050
17948
17952
18058
18987
21010
17949
18062
18984
21011
17950
18063
18985
21017
18064
18988
21074
17953
18008
21073
18010
18061
18983
21012
19005
19047
17955
18001
18127
20582
17956
18104
20583
17957
18108
20585
17960
18107
20584
17959
17969
18114
20642
17960
18105
20643
18106
20641
17962
17967
18109
19026
20681
17963
18115
19027
20644
17968
18116
19028
20645
17965
17966
18111
19029
20682
18110
19030
20685
17967
18112
19031
20683
18113
19032
20684
17969
18117
19033
20646
18118
19004
20647
17973
17987
18011
18042
20374
17972
17973
17990
18012
20371
17974
17989
18015
20372
17988
18013
20373
17975
17991
18014
20375
17978
18002
18018
20376
17977
17979
18003
18016
20368
17978
18004
18019
20370
18005
18020
20377
17982
18000
18017
20369
17981
17983
17996
20509
17982
17994
20510
17993
18021
20367
17984
17995
20503
17985
17997
20504
17986
17998
20505
17999
20434
18022
18041
18971
20366
21089
17990
18026
18042
18796
20383
17990
17991
18025
18795
20380
18024
18794
20379
18002
18023
18797
20381
18007
18008
19034
19048
17994
18000
18934
20515
17996
18933
20514
17996
17997
18935
20506
18937
20508
17998
18936
20507
17999
18697
20432
18001
18126
20436
18003
18938
20516
18129
20435
18005
18027
18798
20382
18004
18939
20513
18005
18800
20511
18028
18799
20512
18007
18101
18990
19034
21009
18010
18102
19043
19052
18103
19044
19051
18013
18022
18044
18013
18015
18024
18026
18015
18018
18023
18025
18017
18019
18021
18020
18027
18020
18028
18043
21087
18025
18027
18033
18470
18025
18026
18032
18941
18034
18942
18035
18044
18940
18028
18037
18474
18039
18473
18030
18040
18047
18454
20786
18031
18043
18453
20808
18035
18044
18455
20809
18034
18035
18456
20810
18034
18037
18457
20811
18458
20812
18442
20813
18038
18461
20816
18039
18462
20819
18039
18463
20817
18464
20818
18043
18056
18944
18972
18042
18043
18802
18972
20388
18044
18803
20384
18044
18943
18945
18046
18048
18060
18449
20754
18047
18057
18450
20756
18056
18452
20753
18055
18059
18451
20755
18083
20723
18051
18084
18103
18440
20772
18052
18061
18445
20773
18053
18058
18446
20774
18054
18062
18441
20775
18055
18063
18447
20776
18064
18448
20777
18057
18681
18977
18060
18679
18974
18061
18062
18930
18973
18060
18064
18696
18993
18680
18994
18103
18932
19037
18063
18694
18991
18064
18695
19038
18689
18992
18066
18083
18120
20747
18084
18101
18438
20737
18068
18072
18074
18109
18576
18075
18091
18115
18575
18070
18071
18077
18111
18581
18078
18110
18580
18072
18079
18112
18578
18080
18113
18579
18082
18087
18100
18130
18075
18080
18132
18076
18133
18081
18091
18134
18078
18079
18138
18137
18080
18135
18136
18082
18092
18139
18093
18140
18085
19001
18102
18439
20738
18120
20851
18087
18089
18096
18346
18099
18131
18090
18095
18122
18344
20931
18090
18097
18347
18098
18345
18092
18116
18577
18093
18117
18582
18100
18118
18583
18101
18438
18517
18098
18104
18125
18607
18097
18099
18106
18585
18098
18107
18586
18108
18584
18100
18105
18559
18114
18574
18102
18103
18517
18990
18931
19035
18108
18127
18702
20591
18106
18114
18791
20649
18107
18792
20588
18108
18793
20589
18763
20587
18113
18115
18787
20651
18111
18767
20659
18112
18765
20653
18113
18766
20654
18764
20655
18118
18785
20648
18116
18786
20650
18117
18788
20652
18118
18789
20656
18790
20657
18121
18123
18176
18297
20852
18438
20779
18122
18124
18296
20974
18125
18295
20932
18124
18126
18516
18529
18125
18129
18639
18127
18640
18129
18697
18882
20438
18129
18701
20590
18931
18982
19035
18883
20437
18131
18140
18424
18574
18346
18425
18559
18133
18136
18430
18576
18134
18429
18575
18139
18431
18577
18136
18138
18433
18578
18432
18579
18138
18435
18580
18434
18581
18140
18436
18582
18437
18583
18249
18439
20831
18182
18364
20950
18180
18349
20934
18148
18155
18211
18350
18146
18147
18214
18351
18149
18215
18352
18148
18216
18354
18212
18355
18153
18213
18353
18152
18153
18217
18359
18152
18158
18218
18357
18219
18358
18220
18360
18155
18157
18230
18362
18233
18365
18157
18231
18363
18364
18229
18361
18165
18235
18370
18160
18168
18241
18378
18161
18247
18388
18246
18389
18390
18163
18166
18234
18367
18164
18236
18373
18165
18237
18374
18238
18376
18167
18239
18368
18170
18240
18396
18169
18242
18381
18170
18243
18383
18248
18384
18254
18264
20997
18265
18398
20947
18291
18294
18466
20915
18175
18323
18443
18557
20898
18176
18322
18558
20853
18330
18516
20854
18398
18563
18682
18180
18258
18348
18560
20855
18250
18254
18257
18465
18523
20757
18183
18253
18954
20780
18182
18189
18363
18364
18949
20901
18184
18190
18519
20778
18185
18186
18349
18955
20860
18186
18349
18587
20921
18187
18253
18262
18520
20861
18187
18190
18946
20857
18191
18259
18526
20856
18189
18191
18227
18260
18522
20864
18190
18221
18622
20863
18191
18608
20858
18261
18518
20859
18348
18475
18560
18194
18210
18228
18298
18641
20991
18203
18224
18350
18609
20952
18196
18197
18202
18351
18611
20953
18198
18201
18303
18643
20975
18198
18199
18352
18612
20954
18200
18301
18644
20976
18200
18209
18353
18613
20955
18208
18302
18645
20977
18202
18210
18304
18646
20992
18203
18354
18614
20956
18210
18355
18610
20957
18205
18206
18356
18358
18616
20959
18207
18299
18306
18649
20979
18207
18209
18359
18617
20960
18208
18307
18652
20980
18209
18308
18653
20981
18360
18618
20961
18305
18642
20993
18212
18233
18956
18216
18957
18215
18220
18960
18215
18216
18958
18959
18961
18219
18220
18964
18219
18235
18962
18963
18965
18222
18227
18363
18621
20995
18223
18225
18361
18619
20982
18224
18226
18362
18620
20983
18228
18365
18623
20963
18226
18227
18311
18539
20900
18228
18312
18654
20994
18309
18521
20862
18310
18655
20996
18230
18231
18950
18233
18966
18232
18951
18364
18949
18967
18236
18239
18493
18238
18495
18237
18496
18238
18497
18498
18240
18494
18248
18499
18242
18247
18500
18243
18501
18248
18502
18245
18246
18390
18476
18387
18477
18247
18492
18491
18503
18268
18440
18573
20828
18251
18263
18277
18685
20867
18252
18257
18274
18524
20868
18255
18258
18273
18478
20869
18255
18258
18692
20870
18263
18562
20990
18262
18275
18479
20912
18264
18278
18398
18563
20727
18258
18348
18475
20998
18690
20866
18261
18262
18283
18525
20913
18261
18284
18309
18527
20879
18285
18528
20871
18286
18480
20914
18264
18276
18686
20922
18266
18691
20724
18269
18293
18294
18507
20722
18271
18276
18278
18928
20787
18271
18276
18279
18450
18684
20788
18291
18445
18466
18588
20739
18270
18292
18447
18929
20790
18272
18293
18448
18683
20791
18272
18449
18688
20792
18278
18451
18687
20793
18274
18275
18280
18504
20822
18277
18281
18505
20823
18282
18286
18506
20824
18277
18947
20826
18279
18511
20821
18293
18927
20827
18281
18452
18948
20833
18281
18282
18453
18952
20829
18454
18953
20834
18290
18455
18968
20830
18285
18286
18287
18481
20923
18285
18288
18334
18482
20916
18289
18483
20917
18290
18508
20835
18289
18290
18456
18512
20836
18289
18338
18457
18509
20837
18458
18510
20838
18442
18513
20839
18292
18446
18926
20832
18294
18441
18693
20789
18398
18682
20825
18564
20740
18296
18316
18344
18640
20985
18297
18327
18639
20999
18328
18330
18529
20906
18305
18310
18313
18531
20874
18300
18340
18356
18647
20978
18306
18316
18339
18648
20986
18302
18303
18317
18532
20902
18308
18318
18533
20903
18304
18319
18534
20904
18305
18320
18535
20872
18321
18536
20873
18307
18327
18650
21000
18308
18328
18651
21001
18329
18537
21002
18311
18334
18541
20878
18312
18331
18542
20875
18312
18333
18538
20877
18332
18540
20876
18314
18321
18331
18543
20890
18326
18335
18459
18484
20891
18316
18339
18344
18428
18674
20970
18327
18656
20987
18318
18319
18323
18544
20880
18322
18329
18545
20881
18320
18324
18546
20882
18321
18325
18547
20883
18326
18551
20884
18323
18330
18554
20886
18324
18548
20885
18325
18443
18549
20887
18326
18444
18550
20888
18460
18485
20889
18328
18657
21003
18329
18552
20905
18330
18553
20892
18530
20893
18332
18335
18555
20894
18333
18336
18556
20895
18334
18337
18486
20896
18338
18487
20897
18336
18461
18488
20918
18337
18463
18489
20919
18338
18464
18490
20920
18462
18514
20924
18340
18342
18663
20988
18343
18371
18664
20965
18343
18375
18402
18414
18666
20966
18343
18402
18428
18667
20971
18377
18668
20967
18345
18607
20933
18347
18428
18584
18347
18426
18585
18427
18586
18465
18561
20951
18355
18365
18956
20935
18352
18354
18958
18353
18959
18360
18960
18355
18961
18957
20936
18357
18371
18615
20958
18358
18370
18962
18359
18963
18360
18964
18965
18362
18363
18950
20938
18365
18966
20939
18951
20962
18967
20937
18367
18369
18372
18412
18624
20940
18368
18373
18493
18369
18396
18494
18397
18413
18625
18371
18376
18495
18377
18626
20964
18373
18375
18414
18627
20942
18374
18496
18375
18376
18497
18377
18628
20943
18377
18498
18629
20944
18379
18381
18388
18500
18380
18392
18415
18630
18381
18382
18416
18631
18383
18501
18383
18385
18417
18632
18384
18502
18385
18396
18503
18397
18418
18633
18389
18390
18391
18394
18476
20968
18390
18391
20865
18389
18392
18491
18393
18492
20945
20969
18395
18477
20984
18393
18419
18636
18394
18420
18637
18395
18422
18634
18421
18635
20946
18397
18499
18423
18638
20820
18401
18411
18413
18424
18589
18401
18402
18414
18426
18658
18412
18425
18659
18427
18660
20948
18404
18406
18415
18430
18590
18405
18416
18429
18591
18410
18417
18431
18592
18407
18419
18432
18596
18409
18420
18433
18593
18409
18421
18435
18594
18422
18434
18595
18411
18418
18436
18597
18423
18437
18598
18413
18414
18661
18423
18662
18665
20941
18416
18419
18669
18417
18670
18418
18671
18423
18672
18420
18599
18422
18600
18422
18602
18601
18673
18425
18437
18603
18426
18604
18427
18605
18428
18675
18676
20949
18430
18431
18565
18432
18566
18436
18567
18433
18569
18434
18568
18435
18571
18570
18437
18572
18606
18439
18677
18440
18517
18678
18445
18931
20760
18446
18447
18694
20758
18455
18456
18940
20846
18444
18515
20899
18460
18468
20925
18446
18932
20761
18930
20762
18448
18695
20759
18451
18689
20763
18450
18451
18680
20764
18452
18679
20765
18696
20766
18454
18681
20794
18454
18455
18943
20840
18944
20842
18945
20841
18458
18941
20845
18458
18462
18470
20843
18942
20844
18460
18461
18467
20927
18469
20926
18463
18471
20847
18464
18474
20848
18464
18472
20849
18473
20850
18469
18471
18484
18938
18469
18515
18550
18933
18485
18934
18474
18509
18797
18942
18472
18488
18939
18473
18489
18800
18474
18490
18799
18514
18798
18523
18524
18690
18919
18477
18492
18634
18734
18635
18784
18479
18504
18524
18690
18824
18480
18506
18692
18823
18508
18520
18525
18829
18483
18508
18512
18525
18816
18483
18487
18509
18527
18819
18510
18528
18817
18485
18488
18543
18845
18550
18551
18839
18487
18490
18538
18556
18852
18514
18541
18847
18489
18555
18848
18490
18556
18849
18514
18850
18492
18500
18636
18737
18637
18735
18494
18496
18624
18740
18499
18625
18744
18498
18626
18749
18962
18497
18627
18741
18498
18628
18747
18629
18748
18503
18638
18745
18501
18630
18738
18502
18631
18739
18503
18632
18743
18633
18746
18505
18506
18807
18952
18511
18524
18808
18953
18508
18809
18968
18564
18682
18916
18929
18513
18818
18510
18514
18815
18512
18813
18942
18685
18806
18947
18948
18513
18812
18941
18814
18940
18968
18846
18549
18557
18937
18530
18558
18697
18931
18522
18526
18528
18608
18830
18587
18608
18923
18949
18526
18692
18955
18981
18522
18539
18541
18621
18876
18527
18622
18907
18562
18685
18918
18685
18821
18526
18528
18826
18831
18946
18528
18541
18827
18828
18530
18552
18639
18882
18553
18554
18881
18536
18542
18543
18641
18868
18533
18534
18544
18644
18855
18537
18545
18645
18856
18535
18546
18643
18854
18536
18547
18646
18857
18551
18642
18858
18553
18651
18653
18867
18539
18540
18541
18873
18619
18654
18877
18542
18556
18654
18874
18872
18555
18655
18875
18551
18555
18844
18545
18546
18548
18834
18553
18554
18840
18547
18549
18835
18550
18551
18836
18549
18554
18557
18832
18550
18833
18837
18838
18553
18651
18657
18843
18841
18558
18880
18556
18851
18853
18558
18935
18936
18574
18585
18604
18791
18690
18954
18587
18955
18686
18691
18927
18693
18566
18567
18575
18591
18772
18569
18576
18590
18773
18572
18577
18592
18774
18569
18571
18578
18593
18778
18579
18596
18775
18571
18580
18594
18768
18581
18595
18769
18582
18597
18606
18776
18588
18931
18583
18603
18785
18576
18577
18786
18579
18787
18582
18788
18579
18581
18766
18764
18581
18767
18765
18583
18789
18606
18790
18586
18607
18676
18763
18586
18605
18792
18675
18793
18921
18946
18926
18932
18598
18603
18659
18662
18727
18591
18596
18669
18707
18592
18670
18708
18597
18671
18710
18595
18596
18600
18782
18595
18602
18779
18601
18780
18599
18781
18598
18672
18712
18606
18673
18728
18600
18636
18669
18731
18601
18637
18711
18602
18634
18709
18635
18783
18604
18606
18770
18605
18659
18771
18658
18675
18703
18777
18640
18674
18702
18622
18885
18946
18610
18623
18641
18889
18956
18614
18642
18890
18957
18612
18614
18643
18891
18958
18613
18644
18892
18959
18618
18645
18893
18960
18646
18894
18961
18616
18626
18647
18733
18962
18617
18649
18895
18963
18618
18652
18896
18964
18653
18897
18965
18620
18621
18910
18950
18623
18654
18911
18966
18622
18908
18951
18909
18949
18655
18912
18967
18625
18627
18661
18752
18638
18662
18753
18629
18664
18750
18628
18665
18754
18629
18666
18755
18668
18751
18631
18636
18669
18758
18632
18670
18759
18633
18671
18760
18638
18672
18756
18635
18637
18761
18736
18637
18762
18742
18673
18757
18640
18657
18883
18656
18701
18642
18655
18859
18646
18860
18644
18646
18861
18645
18862
18653
18863
18864
18648
18649
18664
18699
18650
18656
18663
18700
18650
18652
18869
18651
18657
18865
18652
18866
18653
18870
18871
18655
18878
18879
18657
18674
18698
18842
18659
18660
18665
18722
18661
18726
18666
18667
18675
18715
18662
18665
18713
18673
18714
18664
18667
18674
18721
18668
18716
18666
18717
18668
18718
18668
18676
18719
18720
18670
18730
18671
18729
18672
18723
18673
18724
18725
18676
18704
18676
18706
18705
18678
20737
20779
20738
20760
20831
18680
18681
18684
18975
18688
18696
19000
18944
18948
18978
18683
18917
18927
18687
18689
18929
19042
18688
18947
18948
18979
18686
18822
18691
18825
18947
18688
18696
18927
19041
18928
18976
18695
18696
18997
18692
18884
18920
18928
18954
18980
18694
18820
18926
18929
18695
18930
19036
18929
19045
18998
18881
18936
20454
18700
18701
18704
18842
20455
18700
18716
18733
18869
20468
18721
18865
20456
18702
18883
20592
18704
18763
20624
18706
18722
18771
18792
20596
18705
18721
20593
18706
18719
18763
20594
18715
18793
20598
18708
18730
18773
18781
20607
18710
18729
18772
20608
18711
18761
18780
18783
20622
18712
18723
18774
20617
18731
18742
18782
20620
18724
18728
18776
20618
18714
18717
18726
18752
20459
18725
18727
18753
20460
18718
18719
18722
20616
18720
18721
18750
20469
18718
18722
18754
20461
18720
18755
20462
18720
18721
20458
18751
20470
20457
18726
20615
18724
18729
18760
20465
18725
18756
20466
18728
18757
20467
18727
18771
20613
18728
18770
20614
18777
20623
18730
18759
20464
18731
18758
20463
18762
18781
20619
18733
18749
18898
18962
20688
18750
18895
20517
18735
18761
18784
20701
18737
18742
20702
18761
18783
18784
20532
18738
18762
20703
18739
18758
20699
18743
18759
20700
18741
18744
18752
20691
18747
18754
20692
18761
18762
20530
18746
18760
20697
18745
18753
20695
18746
18757
20696
18756
20698
18748
18755
20693
18749
18751
20694
18750
20689
18751
20518
18755
20520
18753
18754
20521
18757
20522
18755
20523
20519
18757
18760
20527
20529
18759
18762
20524
18760
20525
20526
20531
20528
18793
20625
18766
18775
18787
20664
18766
18767
18769
20665
18778
20663
18768
20666
18769
18779
20660
18778
18780
20604
18771
18777
18785
20595
18791
20597
18773
18774
18786
20599
18775
18787
20600
18776
18788
20601
18778
18781
20603
18777
18789
20605
18790
20606
18782
20602
18780
18783
20612
18782
20611
18782
20609
20610
20621
20690
18790
18791
20626
18787
18788
20661
20662
18789
20628
18790
20629
20630
18792
20627
18793
20631
20632
18795
18796
18812
18941
20395
18797
18813
18942
20396
18803
18814
18940
20397
18798
18815
20541
18799
18846
20542
18800
18850
20571
18849
18939
20570
18802
18805
18944
18972
18978
20409
18803
18810
18943
20398
18811
18945
20399
18805
18806
18948
18978
18979
20413
18808
18810
18953
20401
18808
18822
18995
20391
18808
18809
18810
18824
20429
18821
20392
18811
18818
18823
20404
18811
18952
20407
18814
18968
20408
18813
18814
18816
20547
18815
18817
20543
18818
20403
18819
18846
20546
18817
18818
18826
20550
18819
18828
20551
18829
20552
18827
18847
20553
18925
19036
19040
18822
18824
18919
20544
18825
18918
20634
18824
18829
18980
20412
18884
20402
18920
18995
20686
18828
18829
18831
20444
18828
18872
18907
20554
18830
20557
18981
20472
18831
18885
18907
20471
18886
18981
20556
18833
18834
18880
18935
20493
18835
18837
18937
20495
18835
18840
18855
20475
18836
18854
20474
18837
18838
18857
20477
18839
18933
20445
18839
18844
18858
20478
18845
18934
20446
18841
18856
18880
20476
18843
18867
18881
20480
18843
18865
18883
20479
18866
18882
20481
18845
18851
18868
20482
18848
18938
20558
18847
18850
20555
18852
18872
20560
18849
18851
18939
20559
18850
18853
20563
18852
20562
18853
18875
20448
18853
18873
20561
18874
20447
18855
18857
18861
20484
18856
18862
20485
18863
18867
20486
18858
18864
20487
18860
18868
20483
18860
18868
18879
18889
20452
18864
18890
20450
18862
18864
18891
20439
18863
18892
20440
18871
18893
20441
18894
20451
18866
18869
20488
18867
18870
20490
18871
20489
18875
20491
18870
18895
20500
18871
18896
20501
18897
20442
18873
18876
20564
18874
18877
20565
18875
18878
20449
18879
20492
18877
18907
18908
20566
18878
18910
20569
18879
18911
20568
18912
20453
18881
18936
20494
18882
20497
18883
20498
20496
18919
18980
20668
18886
18909
18923
20636
18887
18921
18946
20635
18922
18955
18981
20687
18908
18913
18924
18951
20717
18890
18901
18912
20549
18894
18902
20548
18892
18894
18904
20539
18893
18905
20540
18897
18903
20535
18906
20576
18896
18898
20536
18897
18899
20538
18900
20537
18899
18963
20712
18900
18964
20710
18903
18965
20711
18902
18915
18956
20709
18906
18957
20704
18905
18960
20705
18905
18906
18958
20706
18959
20707
18961
20708
18909
20567
18909
18910
20406
18924
20545
18911
18913
20405
18912
18914
20430
18915
20431
18914
18950
20716
18915
18966
20715
18967
20714
18917
19040
19039
19042
18919
20673
18996
18923
18954
18980
18924
20674
18949
20713
18926
18999
18930
18928
19039
18947
18996
19040
18932
18999
18932
18982
18934
18937
20572
18938
20573
18936
18937
20533
20443
20534
18939
20574
20575
18941
18945
18942
18944
18945
18952
18953
18968
18955
18995
18953
18951
18951
18966
18953
18968
18955
18957
18967
18961
18959
18961
18960
18965
18963
18964
18965
18967
18970
18974
18986
20385
21081
18971
18977
20386
21080
18972
20378
21090
18977
20387
18987
18991
18999
19037
20428
18975
18977
18994
20417
18978
18979
19000
20394
18979
18996
19000
19041
20426
18978
20389
20411
18995
20424
18981
20473
20499
18999
19037
20672
18987
19037
19044
20419
21019
18985
18987
18991
20364
21022
18988
19038
20360
21083
18989
18994
20363
21086
20418
21082
18989
18992
20361
21084
18993
20362
21085
19035
19043
19036
19038
20420
18993
18997
19038
20415
18994
18998
20416
19000
20414
18996
20390
19039
20633
18998
19042
19045
20422
19000
19041
20423
19036
20658
20393
20723
20728
20747
20851
19007
19006
19024
19016
19033
20675
19007
19016
19009
19014
19017
19026
19010
19018
19027
19015
19019
19028
19012
19013
19025
19029
19020
19030
19014
19021
19031
19022
19032
19016
19023
19033
19024
19018
19022
19019
19023
19025
19022
19025
19024
19027
19032
20678
19028
20679
19033
20677
19030
19031
20669
20670
19032
20671
20680
20676
19043
19049
20581
19037
19044
20586
19045
20410
20502
19045
20421
19041
20667
19042
19045
20637
19042
20425
20400
19044
20365
21008
20359
21020
20427
19053
20781
21013
21018
19056
21006
21073
19049
21009
21091
19050
19062
21008
19052
19057
21009
19052
19055
21012
21020
19058
21008
21006
19057
19059
20730
21009
19058
20744
21007
19059
20742
21013
19058
20731
20732
20729
21073
19061
19320
21062
19316
21040
19063
20581
20365
20720
21008
19065
19090
19196
19067
19197
19067
19068
19198
19199
19069
19200
19168
19201
19074
19083
19373
19072
19075
19374
19073
19376
19074
19377
19378
19076
19375
19082
19382
19078
19081
19368
19079
19369
19082
19379
19081
19169
19381
19372
19380
19085
19383
19088
19089
19474
19086
19481
19087
19483
19088
19482
19484
19090
19520
19185
19173
19352
20419
21041
19167
19310
19316
19211
19350
21048
19095
19096
19196
19235
19248
19161
19185
19186
19234
19097
19197
19241
19253
19199
19238
19240
19269
19163
19202
19228
19312
19100
19357
19359
19391
20579
19134
19160
19360
20580
19103
19105
19121
19182
19404
19127
19129
19171
19407
19104
19132
19183
19410
19111
19133
19184
19411
19106
19117
19179
19401
19108
19118
19178
19397
19108
19126
19170
19176
19464
19125
19177
19465
19135
19154
19373
19385
19394
19111
19112
19133
19139
19422
19113
19181
19398
19113
19136
19140
19423
19114
19180
19399
19115
19140
19162
19400
19134
19144
19160
19432
19117
19119
19120
19147
19438
19118
19121
19402
19119
19125
19403
19131
19146
19436
19121
19148
19150
19441
19132
19442
19129
19151
19371
19454
19124
19130
19151
19381
19450
19131
19146
19372
19451
19126
19131
19408
19127
19130
19405
19128
19170
19406
19129
19130
19151
19456
19409
19131
19458
19452
19133
19150
19459
19153
19462
19386
19391
19412
19143
19378
19387
19414
19137
19139
19141
19417
19138
19142
19374
19416
19139
19152
19375
19419
19153
19420
19141
19144
19424
19142
19145
19426
19143
19376
19425
19145
19377
19429
19145
19386
19431
19387
19430
19147
19368
19435
19148
19369
19439
19149
19379
19443
19150
19152
19380
19446
19153
19447
19370
19449
19153
19382
19460
19461
19156
19383
19388
19467
19159
19161
19474
19475
19477
19158
19481
19486
19497
19158
19159
19482
19488
19504
19483
19490
19505
19484
19495
19513
19162
19518
20577
19520
19523
19527
19180
19534
20640
19203
19245
19320
19166
19189
19204
19317
19315
19205
19172
19370
19171
19175
19463
19174
19466
19371
20359
19175
19536
20670
19176
19537
20669
19177
19538
20671
19178
19545
20680
19179
19543
20678
19182
19542
20679
19181
19535
20639
19184
19539
20638
19183
19544
20677
19184
19541
20676
19540
20675
19196
19520
19524
19248
19251
19523
19524
19696
19195
19213
19223
19277
19321
19191
19194
19224
19229
19291
19230
19245
19284
19317
19191
19208
19230
19294
19317
19210
19297
19318
19193
19194
19224
19301
19326
19195
19227
19302
19331
19210
19303
19327
19232
19308
19325
19197
19249
19199
19255
19199
19200
19238
19265
19270
19201
19243
19274
19205
19236
19275
19203
19225
19244
19287
19204
19229
19292
21051
19282
19318
21061
19228
19246
19260
21045
19207
19311
19320
19353
20355
21062
19209
19304
19319
19349
19209
19210
19305
19328
19230
19306
19329
19307
19330
19314
19315
19351
21049
19216
19219
19233
19235
19252
19217
19232
19237
19262
19215
19217
19222
19239
19263
19216
19220
19240
19268
19221
19241
19256
19223
19242
19272
19219
19233
19257
19332
19525
19221
19258
19333
19221
19222
19278
19322
19259
19334
19223
19280
19323
19279
19324
19225
19227
19286
19226
19229
19285
19227
19231
19244
19288
19232
19289
19244
19281
21050
19318
19546
19319
19547
19232
19237
19246
19299
19300
19234
19250
19526
19235
19251
19527
19241
19247
19237
19243
19246
19276
19242
19261
19239
19243
19266
19240
19242
19264
19241
19267
19254
19243
19271
19273
19246
19290
19313
19319
19298
19248
19251
19252
19254
19701
19249
19253
19728
19255
19524
19562
19251
19252
19257
19530
19691
19528
19703
19256
19258
19702
19254
19255
19269
19729
19256
19267
19704
19270
19563
19259
19268
19705
19258
19335
19529
19693
19259
19336
19692
19278
19337
19706
19275
19281
19298
19555
19262
19271
19276
19299
19708
19272
19277
19300
19707
19264
19268
19272
19280
19710
19266
19267
19271
19709
19266
19270
19274
19564
19269
19273
19731
19268
19269
19712
19278
19711
19270
19732
19565
19272
19273
19714
19279
19713
19274
19276
19733
19275
19566
19276
19561
19298
19734
19279
19308
19338
19715
19280
19339
19717
19280
19341
19718
19340
19716
19290
19312
19554
19292
20354
19296
19316
20356
19295
19313
19547
19556
19286
19287
19288
19546
19720
19289
19291
19301
19719
19290
19292
19312
19560
19289
19290
19299
19694
19300
19302
19721
19298
19618
19297
19303
19546
19722
19546
19567
19296
19304
19313
19319
19547
19557
19295
19297
19305
19547
19742
19317
19558
20354
19320
19568
20355
19307
19740
20354
19299
19730
19300
19724
19308
19725
19302
19303
19342
19736
19308
19343
19726
19307
19344
19737
19306
19549
19870
20355
19306
19307
19347
19738
19547
19548
19871
19346
19739
19348
19727
19314
19315
19550
19551
19311
19315
19355
19550
21063
19316
19356
20356
21040
19553
19354
21021
19320
19318
20354
19320
19324
19325
19338
20376
19323
19334
19339
20368
19324
19340
20370
19341
20377
19331
19348
20375
19327
19331
19342
20371
19330
19344
20373
19329
19330
19347
20366
19349
19548
20378
19346
20374
19343
20372
19333
19335
19531
20510
19334
19336
20367
19337
20369
19336
19532
19659
20514
19337
19660
20515
19339
19661
20516
19341
19348
19872
20382
19340
19662
20513
19341
19874
20511
19873
20512
19343
19344
19875
20379
19348
19876
20380
19346
19877
20383
19350
19533
19553
20420
19347
19881
20384
19548
19880
20388
19878
20381
19353
19549
20386
19351
19352
20364
20719
19354
19553
20360
21042
19533
20418
20718
19356
20358
20385
21044
19355
19551
20361
21043
19356
19552
20362
21047
20357
20363
21046
19358
19361
19390
20578
19359
19364
19471
19620
20582
19360
19396
19623
20583
19412
19518
19624
20585
19362
19364
19494
20433
19363
19365
19493
20434
19366
19492
19517
20505
19365
19509
19621
20435
19366
19511
19622
20436
19367
19510
19922
20432
19516
19517
19519
19923
20507
19369
19372
19437
19379
19440
19371
19381
19448
19453
19381
19455
19378
19383
19395
19375
19376
19418
19382
19421
19377
19427
19378
19428
19433
19380
19444
19382
19445
19457
19434
19468
19481
19385
19386
19389
19391
19392
19387
19388
19393
19387
19413
19415
19389
19469
19486
19390
19470
19487
19391
19471
19494
19396
19393
19396
19413
19470
19625
19394
19415
19469
19966
19395
19414
19467
19983
19433
19468
19593
19412
19471
19626
19401
19403
19465
19543
19576
19399
19411
19422
19539
19569
19400
19423
19535
19648
19424
19432
19534
19647
19402
19404
19542
19570
19403
19438
19442
19651
19408
19436
19650
19410
19442
19544
19571
19406
19408
19458
19464
19655
19407
19456
19463
19572
19409
19466
19573
19452
19465
19656
19454
19456
19654
19411
19459
19541
19574
19462
19540
19575
19413
19432
19644
19415
19431
19627
19415
19429
19433
19988
19430
19967
19417
19418
19419
19425
19984
19420
19423
19426
19968
19421
19427
19581
19420
19421
19460
19985
19422
19461
19628
19434
19584
19423
19462
19646
19424
19645
19426
19431
19629
19426
19427
19429
19986
19430
19969
19428
19582
19429
19433
19583
19430
19987
19431
19970
19432
19630
19518
19649
19594
19445
19460
19592
19436
19437
19439
19451
19989
19438
19452
19631
19440
19455
19585
19439
19441
19632
19440
19443
19990
19444
19586
19442
19443
19447
19633
19459
19652
19444
19446
19991
19445
19587
19446
19591
19447
19460
19992
19459
19461
19634
19449
19453
19457
19589
19450
19454
19456
19981
19451
19457
19458
19979
19452
19455
19980
19458
19636
19454
19595
19982
19457
19590
19458
19637
19588
19635
19462
19653
19461
19993
19462
19638
19657
19464
19466
19537
19580
19465
19538
19577
19545
19578
19536
19579
19468
19469
19497
19994
19498
19596
19470
19499
19971
19471
19500
19639
19509
19640
19473
19476
19485
19522
19525
19475
19479
19496
19526
19480
19484
19520
19478
19495
19527
19479
19516
19519
19529
19972
19478
19480
19513
19523
20204
19479
19515
19528
20203
19514
19530
19973
19512
19521
19597
19483
19498
19483
19484
19503
19508
19512
19492
19496
19516
19517
19487
19490
19499
19491
19494
19500
19489
19490
19495
19502
19491
19492
19496
19501
19491
19506
19493
19507
19493
19510
19494
19511
19509
19496
19515
19514
19498
19499
19505
20221
19508
19598
19500
19506
20217
19507
19509
19974
19502
19507
19510
19514
19975
19504
19506
19515
20218
19504
19508
19512
19600
19505
19513
20222
19506
19508
20223
19507
20219
19511
19976
19599
19511
19641
19511
19516
19642
19643
19513
19601
19515
20224
19515
19516
19977
20220
19978
19522
20504
19534
19602
20584
19522
19532
19921
20506
19521
19523
19524
19604
19531
20503
19528
20310
19605
19526
19529
19531
19527
19530
19528
19530
20334
19530
19532
20326
20327
19532
20509
20321
20508
20428
19535
19603
20641
19539
19607
20643
19537
19611
20685
19538
19617
20682
19545
19616
20683
19540
19609
20642
19541
19610
20647
19544
19608
20646
19543
19544
19612
20644
19545
19613
20681
19614
20645
19615
20684
19723
20354
19735
19549
19883
20387
19882
20358
20389
19552
19559
20356
19552
19553
19879
20415
19917
20357
20416
19606
20421
19555
19618
19561
19730
19558
19735
19568
19735
19870
19695
19742
19619
19917
19567
19618
19720
19868
19566
19734
19563
19605
19728
19565
19729
19565
19566
19731
19732
19733
19723
19741
19575
19609
19646
19648
20001
19571
19576
19612
19651
20007
19574
19614
19652
20009
19573
19580
19637
19655
20025
19579
19654
19999
19575
19608
19653
20011
19610
19657
20020
19578
19613
19650
20006
19578
19580
19616
19655
20016
19615
19656
20017
19580
19611
19995
19617
20018
19582
19584
19984
19583
19986
19594
19987
19592
19985
19586
19590
19989
19587
19990
19591
19991
19589
19590
19979
19595
19981
19980
19592
19992
19993
19594
19596
19983
19988
19982
19598
19994
19601
19604
20204
19599
20221
19600
20223
19601
20222
20224
19603
19624
19649
19942
20589
19607
19647
20293
20588
19605
20310
19696
19879
20427
19609
19648
20294
20649
19610
19614
20308
20656
19610
20301
20648
20302
20657
19617
20353
20659
19613
19614
20346
20650
19615
20348
20651
20343
20652
19616
20349
20655
19617
20351
20654
20352
20653
19694
19730
19748
19741
19918
20356
19621
19623
19640
19941
20590
19622
19641
19958
20437
19643
19922
19960
20438
19624
19626
19938
20591
19644
19939
20587
19626
19627
19639
19966
20161
19640
19644
20160
19630
19644
19967
20163
19638
19646
19968
19985
20042
19630
19645
19647
19969
20166
19649
19970
20167
19632
19636
19650
19989
20056
19633
19651
19990
20061
19634
19652
19991
20066
19638
19653
19992
20071
19636
19637
19655
19979
20073
19656
19980
20074
19654
19981
20075
19657
19993
20091
19640
19971
19974
20185
19641
20184
19643
19974
20255
19643
19922
19975
19978
20256
19976
20257
19649
20162
19646
19648
19968
20164
19657
20165
19648
19649
20023
20022
20174
19651
19656
20168
19652
20169
19653
20170
19657
20171
19982
20076
19656
20024
20172
20173
19893
19917
20425
19660
19677
19693
20321
20572
19661
19678
19692
20573
19662
19679
19706
20574
19680
19717
19874
20575
19664
19672
19677
19755
20324
20477
19665
19671
19678
19754
20478
19669
19673
19679
19756
20482
19667
19668
19680
19819
19874
20563
19670
19818
19873
19885
20562
19669
19670
19674
19766
20447
19675
19680
19767
20448
19676
19768
19884
20561
19672
19673
19785
19909
20483
19699
19920
20325
20487
19675
19786
19910
20491
19675
19676
19796
19914
20449
19797
19915
20492
19802
19886
19912
20565
19678
19812
20323
20445
19679
19813
20446
19680
19814
20558
19820
20559
19898
19903
20337
20391
19856
19906
19916
20339
20340
20556
19901
19908
20341
20402
19686
19911
20342
20545
19686
19689
19912
20405
19913
20406
19688
19909
20322
20548
19690
19910
20549
19690
19914
20430
19915
20431
19693
19702
19703
19816
20327
19693
19702
19706
19813
19812
20326
19720
19721
19724
19843
19723
19740
19869
20354
19703
19728
20310
20328
19703
19758
19816
20318
20328
20330
19700
19755
19760
19816
20317
20330
19700
19755
19785
20319
20332
19789
20311
20329
20331
19702
19703
19704
19728
19758
19705
19815
20334
19705
19712
19729
19761
19706
19711
19817
19717
19814
19708
19713
19715
19725
19770
19714
19724
19734
19782
19710
19712
19714
19731
19774
19711
19713
19716
19821
19712
19717
19822
19732
19775
19714
19718
19823
19733
19779
19718
19727
19765
19872
19717
19718
19819
19874
19820
19818
19873
19720
19721
19722
19736
19842
19723
19839
19725
19726
19845
19723
19737
19740
19848
19749
19725
19730
19853
19727
19854
19727
19736
19828
19876
19837
19878
19729
19743
19732
19744
19734
19751
19732
19733
19745
19746
19734
19752
19753
19742
19750
19871
19737
19827
19875
19739
19829
19877
19739
19742
19833
19871
19880
19740
19834
19881
19742
19850
19747
19870
19919
20355
19865
19744
19758
20328
19746
19761
19746
19752
19774
19775
19832
19900
19751
19843
19868
19839
19848
19869
19835
19865
19753
19853
19753
19779
19782
19755
19756
19760
19785
19813
19812
20335
19762
19767
19786
19814
19759
19763
19789
20329
19759
19761
19815
19760
19764
20330
19762
19789
19815
19764
19775
19817
19764
19776
19790
19817
19764
19790
19809
19777
19769
19770
19818
19837
19885
19767
19768
19772
19796
19819
19776
19797
19820
19769
19780
19802
19818
19771
19798
19836
19884
19771
19782
19823
19854
19780
19781
19806
19852
19773
19776
19780
19803
19821
19774
19777
19778
19808
19775
19779
19821
19777
19822
19777
19804
19822
19809
19779
19780
19781
19810
19782
19823
19805
19823
19782
19811
19851
19853
19784
19787
19789
20331
19788
19790
19793
19786
19787
19789
19788
19790
19797
19788
19909
20332
19800
19910
19790
19804
19795
19864
19867
19793
19794
19799
19803
19800
19804
19795
19801
19805
19806
19866
19797
19799
19802
19803
19800
19804
19802
19806
19859
19866
19886
19800
19801
19914
19915
19802
19866
19912
19805
19804
19805
19808
19809
19806
19810
19811
19864
19811
19851
19864
19809
19810
19811
19813
19816
20333
19814
19815
19817
19820
19816
19817
20336
19822
19819
19823
19820
19821
19822
19822
19823
19825
19826
19827
19840
19857
19887
19828
19836
19841
19858
19888
19829
19831
19849
19861
19889
19828
19829
19842
19890
19837
19845
19891
19834
19848
19892
19831
19833
19838
19901
19834
19847
19855
19902
19835
19870
19898
19834
19835
19865
19904
19850
19905
19838
19871
19899
19837
19852
19859
19894
19854
19895
19903
19842
19843
19846
19868
19841
19842
19846
19849
19862
19844
19845
19852
19863
19845
19848
19844
19845
19853
19846
19851
19854
19849
19850
19849
19850
19865
19869
19852
19853
19854
19864
19854
19861
19908
19857
19860
19858
19861
19862
19906
19859
19860
19863
19896
19864
19867
19897
19867
19916
19907
19863
19864
19867
19913
19911
19871
19882
19883
19873
19878
19885
20542
19874
20571
20570
19876
19877
19890
20395
19878
19891
20396
19881
19892
20397
19895
20541
19917
20422
19881
19883
19904
20398
19905
20399
19883
19898
19919
20411
19899
20409
19885
19886
19894
20560
19895
20555
19897
19913
20564
19888
19889
19890
19906
20550
19891
19894
19896
20551
19892
19902
19907
20552
19891
19892
20547
19895
20543
19905
20403
19900
19918
20426
19895
19897
20553
20546
19897
19906
19916
20557
19911
20554
19899
19900
20413
19903
19904
20401
19919
20337
20424
19902
19903
19904
20429
19905
19908
20404
20341
20392
19905
20407
20408
19907
20444
19908
20340
20472
20338
20412
19910
19920
20450
19915
20452
19913
19916
20567
19913
19914
20569
20566
19915
20568
20453
20342
20471
19918
20423
19919
20357
20393
20358
20394
20320
20322
20332
20451
19923
19949
19972
20321
20533
19923
19959
20454
19963
19978
20443
19926
19927
19928
20097
20186
20457
19926
19932
19944
20108
20191
20616
19929
20100
20192
20458
19940
19955
20180
20202
20456
19929
19938
19940
20026
20593
19939
19944
20033
20594
19931
19932
19945
20102
20188
20613
19937
20104
20189
20279
20614
19943
20105
20190
20615
19934
19946
20110
20193
20303
20607
19935
20113
20194
20304
20608
19936
20114
20195
20295
20617
19937
20116
20196
20296
20618
20127
20201
20297
20623
19939
19941
20160
20624
19942
20162
20625
19941
19964
20175
20455
19958
20184
20592
19944
20174
20293
20632
19944
19945
20046
20293
20596
20053
20598
20039
20279
20294
20597
19947
20120
20197
20305
20609
19948
20121
20200
20345
20610
20122
20198
20306
20350
20611
19951
19963
20210
20323
20493
19951
19961
20209
20273
20325
20485
19962
20205
20324
20475
19965
20273
20309
20540
19954
19956
19959
19962
20229
20480
19957
19960
19964
20230
20481
19957
19964
20246
20274
20488
19957
19961
20247
20275
20489
20248
20276
20490
19960
19964
20255
20496
19960
19963
20256
20497
20257
20498
19962
20270
20277
20486
19963
20267
20476
20272
20494
20228
20479
20277
20284
20535
19967
19971
19983
20028
19970
19988
20031
19969
19984
20041
19970
19986
20048
19987
20051
19994
20177
20217
19973
19978
20210
20326
19977
20203
20206
20327
19976
20217
20258
19976
19977
20218
20259
20219
20260
19978
20220
20271
20272
19980
19981
20012
19989
20014
19982
20013
20015
19988
19994
19996
19985
19986
20000
19993
20003
19987
20002
19988
19997
19998
19990
20005
19991
20008
19992
20010
19993
20019
20004
20021
20221
19999
20018
20084
20353
19998
20021
20028
19998
20002
20051
20031
20025
20076
20080
20002
20003
20041
20020
20022
20045
20165
20301
20048
20004
20042
20019
20091
20008
20014
20056
20007
20017
20058
20168
20348
20009
20060
20169
20346
20010
20061
20011
20064
20170
20343
20019
20066
20020
20070
20171
20308
20013
20014
20073
20015
20075
20074
20076
20017
20018
20024
20081
20351
20082
20172
20349
20025
20083
20352
20071
20090
20173
20302
20177
20225
20023
20039
20164
20294
20046
20166
20174
20293
20025
20073
20077
20172
20075
20079
20027
20033
20097
20160
20175
20029
20032
20099
20161
20176
20029
20031
20161
20177
20030
20054
20178
20037
20099
20179
20051
20054
20163
20033
20052
20054
20109
20163
20053
20100
20162
20035
20038
20055
20101
20036
20049
20106
20037
20050
20107
20054
20109
20040
20041
20043
20049
20040
20045
20046
20102
20044
20047
20101
20164
20042
20048
20164
20043
20091
20165
20044
20055
20088
20045
20089
20103
20165
20090
20104
20279
20047
20053
20105
20049
20052
20106
20166
20049
20051
20166
20050
20051
20052
20054
20167
20053
20107
20167
20108
20174
20096
20103
20059
20061
20074
20168
20058
20059
20062
20078
20111
20168
20060
20082
20110
20303
20063
20085
20092
20062
20064
20113
20304
20063
20066
20169
20063
20065
20112
20169
20067
20093
20065
20070
20114
20295
20067
20069
20115
20170
20067
20071
20170
20068
20094
20069
20071
20088
20095
20070
20089
20117
20171
20090
20116
20296
20091
20171
20076
20080
20087
20130
20074
20075
20086
20085
20172
20076
20087
20078
20079
20081
20086
20125
20082
20085
20124
20172
20080
20083
20087
20118
20084
20119
20082
20083
20121
20345
20120
20305
20084
20122
20350
20123
20347
20086
20129
20087
20128
20131
20089
20091
20096
20090
20126
20173
20127
20297
20173
20093
20111
20129
20094
20112
20095
20115
20096
20117
20126
20098
20099
20100
20180
20132
20141
20181
20186
20109
20132
20182
20108
20109
20141
20102
20103
20106
20133
20104
20105
20134
20104
20126
20142
20127
20135
20106
20108
20137
20107
20136
20108
20109
20138
20139
20140
20111
20113
20120
20144
20112
20124
20145
20113
20115
20147
20114
20146
20115
20116
20148
20117
20149
20117
20127
20150
20126
20158
20119
20122
20125
20131
20157
20123
20130
20155
20121
20124
20153
20122
20125
20151
20123
20152
20187
20306
20125
20129
20154
20128
20156
20127
20159
20143
20129
20131
20131
20140
20183
20134
20136
20142
20135
20137
20188
20142
20143
20189
20137
20138
20139
20190
20139
20140
20141
20191
20141
20192
20159
20150
20159
20201
20145
20146
20153
20193
20147
20154
20147
20148
20194
20149
20149
20150
20195
20158
20158
20196
20152
20153
20156
20200
20157
20187
20198
20154
20197
20156
20157
20187
20157
20159
20161
20162
20184
20163
20185
20163
20174
20167
20165
20166
20173
20167
20174
20169
20172
20170
20171
20173
20176
20180
20184
20228
20178
20182
20185
20234
20178
20185
20233
20179
20235
20182
20231
20181
20182
20246
20183
20202
20249
20183
20252
20243
20185
20255
20258
20192
20202
20280
20469
20199
20189
20190
20286
20459
20201
20288
20460
20191
20287
20461
20192
20278
20462
20281
20470
20194
20197
20298
20463
20195
20290
20464
20196
20291
20465
20201
20292
20466
20200
20300
20619
20199
20200
20307
20622
20306
20344
20621
20299
20620
20289
20467
20274
20282
20468
20204
20207
20220
20334
20211
20224
20310
20208
20209
20210
20267
20335
20207
20208
20210
20271
20336
20211
20214
20269
20318
20214
20216
20268
20317
20215
20216
20270
20319
20272
20333
20261
20314
20214
20216
20262
20315
20215
20216
20263
20316
20264
20312
20265
20273
20313
20266
20311
20219
20221
20233
20219
20220
20222
20239
20223
20240
20224
20269
20223
20225
20223
20224
20227
20226
20261
20226
20233
20227
20240
20239
20261
20230
20234
20246
20255
20230
20238
20247
20256
20267
20241
20248
20257
20232
20235
20252
20236
20242
20254
20235
20240
20258
20235
20241
20252
20258
20242
20237
20253
20262
20238
20239
20242
20264
20241
20253
20259
20268
20240
20259
20269
20242
20260
20242
20254
20260
20244
20249
20252
20245
20251
20254
20250
20253
20263
20248
20249
20252
20248
20250
20253
20270
20251
20254
20251
20274
20251
20265
20275
20276
20254
20254
20266
20257
20258
20257
20259
20272
20260
20260
20260
20271
20269
20264
20266
20265
20266
20268
20269
20270
20277
20268
20270
20268
20270
20272
20271
20271
20272
20277
20320
20440
20276
20285
20500
20276
20277
20284
20442
20283
20501
20441
20281
20287
20519
20297
20301
20595
20281
20282
20518
20520
20285
20517
20284
20285
20538
20537
20536
20287
20288
20521
20523
20289
20522
20292
20529
20291
20298
20525
20292
20526
20527
20294
20631
20301
20627
20296
20304
20343
20601
20297
20308
20605
20302
20606
20300
20524
20300
20307
20530
20528
20302
20626
20308
20630
20304
20305
20348
20600
20346
20599
20345
20349
20603
20347
20612
20344
20531
20343
20629
20320
20322
20539
20314
20334
20315
20316
20317
20319
20315
20317
20318
20330
20316
20319
20320
20332
20318
20328
20329
20331
20335
20336
20334
20336
20325
20335
20325
20439
20323
20326
20534
20576
20324
20333
20495
20325
20335
20474
20484
20327
20333
20334
20336
20330
20332
20335
20336
20390
20340
20473
20342
20635
20499
20544
20636
20346
20628
20532
20350
20351
20602
20348
20661
20350
20353
20660
20349
20662
20351
20664
20352
20604
20352
20663
20353
20665
20666
20356
20358
20357
20358
20414
20417
20365
20419
20586
20720
20361
20364
20421
21055
20362
20415
21059
20363
20416
21056
20385
20414
21060
20418
20420
21057
20581
20374
20378
20388
20369
20510
20515
20369
20370
20513
20516
20377
20511
20372
20373
20379
20375
20380
20374
20383
20384
20376
20381
20377
20382
20512
20386
20387
21064
20380
20383
20395
20381
20396
20382
20541
20512
20542
20384
20397
20388
20399
20386
20417
21053
20389
21052
20388
20389
20409
20398
20411
20417
20391
20424
20633
20686
20392
20413
20634
20401
20429
20544
20394
20414
20423
20426
20411
20417
20424
20396
20397
20547
20541
20543
20399
20403
20399
20407
20409
20408
20422
20425
20637
20407
20409
20413
20412
20429
20544
20668
20408
20547
20552
20408
20412
20429
20552
20406
20430
20569
20716
20545
20566
20717
20408
20429
20411
20420
20427
20658
20413
20472
20473
20424
20416
20417
20416
20421
20422
20423
20419
20428
21058
20502
21054
20421
20428
20427
20423
20427
20425
20426
20426
20667
20633
20637
20502
20658
20431
20568
20715
20453
20549
20714
20436
20454
20505
20507
20434
20435
20578
20436
20505
20436
20437
20582
20438
20438
20496
20590
20454
20498
20440
20451
20484
20539
20441
20485
20540
20442
20486
20535
20489
20501
20537
20454
20494
20507
20533
20472
20550
20556
20557
20446
20477
20495
20572
20478
20558
20573
20448
20449
20561
20563
20482
20492
20559
20492
20565
20568
20451
20452
20483
20548
20487
20576
20453
20491
20549
20492
20568
20497
20456
20479
20592
20593
20457
20468
20488
20458
20469
20593
20470
20594
20616
20460
20461
20521
20613
20467
20522
20614
20462
20523
20615
20470
20519
20616
20464
20524
20607
20619
20465
20525
20608
20466
20526
20617
20467
20527
20618
20529
20623
20469
20500
20517
20470
20518
20520
20556
20557
20567
20636
20499
20552
20499
20668
20475
20477
20484
20495
20476
20485
20493
20480
20486
20494
20478
20487
20482
20483
20481
20488
20496
20481
20489
20497
20490
20498
20491
20558
20487
20491
20485
20487
20486
20489
20490
20500
20490
20501
20492
20494
20495
20533
20497
20534
20498
20592
20498
20556
20687
20501
20536
20538
20586
20672
20504
20506
20509
20505
20507
20507
20508
20533
20509
20514
20534
20510
20514
20512
20513
20570
20571
20516
20575
20515
20572
20516
20573
20574
20518
20536
20688
20520
20689
20520
20523
20693
20694
20522
20523
20691
20529
20695
20692
20525
20528
20699
20526
20700
20527
20697
20529
20698
20530
20619
20703
20696
20531
20620
20702
20532
20622
20701
20621
20690
20534
20572
20537
20540
20705
20538
20712
20538
20711
20710
20540
20576
20706
20707
20542
20546
20555
20571
20546
20547
20551
20634
20673
20567
20636
20713
20553
20555
20550
20549
20576
20704
20709
20551
20552
20553
20557
20554
20560
20557
20564
20567
20560
20562
20635
20559
20574
20563
20575
20561
20564
20562
20565
20563
20571
20570
20565
20566
20569
20567
20569
20569
20571
20575
20573
20574
20575
20708
20580
20584
20640
20579
20582
20580
20583
20585
20583
20590
20585
20591
20585
20589
20641
20587
20589
20591
20625
20589
20631
20641
20649
20632
20591
20592
20624
20624
20594
20624
20598
20625
20597
20606
20614
20626
20597
20598
20615
20631
20613
20627
20616
20632
20600
20601
20608
20661
20603
20607
20662
20605
20617
20628
20603
20604
20610
20663
20609
20664
20611
20660
20665
20606
20618
20629
20623
20630
20608
20609
20617
20610
20619
20611
20620
20612
20622
20621
20660
20614
20615
20623
20616
20618
20623
20620
20622
20622
20625
20632
20627
20630
20648
20631
20649
20629
20652
20661
20630
20656
20657
20632
20667
20686
20636
20687
20674
20639
20642
20675
20640
20643
20641
20643
20643
20647
20648
20649
20645
20650
20679
20681
20646
20652
20677
20647
20656
20676
20657
20675
20649
20657
20651
20652
20661
20655
20662
20681
20656
20654
20659
20665
20682
20655
20663
20683
20664
20684
20657
20672
20666
20685
20666
20662
20664
20664
20665
20666
20673
20670
20671
20682
20685
20680
20683
20713
20676
20677
20679
20679
20680
20681
20684
20684
20683
20685
20684
20689
20712
20694
20701
20692
20695
20693
20694
20696
20698
20698
20700
20700
20703
20702
20703
20708
20709
20707
20711
20707
20708
20714
20711
20712
20717
20715
20716
20717
20719
21041
21058
21042
21048
21057
21020
21054
20723
20740
20790
20825
20947
20733
20727
20787
20922
20997
20726
20743
20929
21027
21066
20820
20827
20729
20733
20735
20730
20742
20731
20735
20732
20734
20736
20744
20742
20735
20736
20737
20747
20738
20745
20738
20747
20772
20761
20828
20832
20789
20915
20742
20781
21013
20745
21023
20746
20772
20767
20773
21023
20779
20929
21027
20750
20754
20770
21031
20751
20756
21028
20752
20753
21026
20785
20786
21025
20756
20786
20794
20755
20756
20764
20766
20770
20777
20765
20867
20990
20998
20759
20762
20775
20789
20763
20776
20790
20761
20772
20828
20762
20773
20774
20832
20766
20777
20791
20765
20766
20792
20788
20794
20793
20768
20774
21024
20769
20775
20782
20771
20776
20783
20771
21030
20777
21029
20773
20774
20775
20776
20777
20858
20901
20921
20950
20851
20855
20860
20870
20934
21027
20783
21015
21024
21016
21029
20785
20802
20809
21033
20808
21039
20808
20842
20792
20826
20827
20792
20826
20833
20790
20832
20791
20793
20825
20793
20827
20833
20842
20796
20928
20930
20797
20807
20798
20814
20803
20815
20801
20804
20811
21036
20801
20802
20810
21034
20812
21035
20813
21032
20805
20816
20806
20819
21037
20806
20817
20818
21038
20814
20925
20930
20809
20840
20813
20841
20812
20813
20845
20812
20819
20843
20844
20846
20815
20926
20816
20927
20817
20847
20818
20849
20819
20850
20848
20825
20947
20823
20826
20833
20867
20823
20824
20829
20869
20834
20868
20830
20835
20912
20827
20922
20831
20830
20834
20840
20839
20841
20915
20834
20842
20839
20914
20923
20838
20839
20845
20923
20838
20843
20916
20924
20844
20917
20846
20841
20842
20846
20844
20848
20845
20846
20849
20918
20927
20850
20924
20850
20919
20920
20854
20906
20974
21005
20854
20886
20898
20909
20893
20911
20866
20857
20859
20861
20913
20858
20860
20921
20859
20863
20864
20871
20861
20951
20870
20914
20864
20878
20900
20995
20864
20901
20995
20879
20969
20984
20869
20870
20998
20868
20922
20869
20998
20912
20912
20879
20913
20917
20873
20883
20904
20992
20874
20884
20993
20875
20890
20991
20876
20894
20996
20877
20895
20994
20878
20896
20900
20879
20897
20916
20881
20882
20885
20902
20886
20892
20903
20883
20887
20904
20884
20888
20889
20890
20886
20887
20898
20893
20888
20899
20889
20925
20891
20926
20891
20894
20918
20927
20893
20905
21002
20906
20895
20918
20896
20919
20897
20920
20916
20924
20899
20910
20925
20930
20982
20994
20962
20903
20904
20976
20977
21002
20975
20906
21001
21003
20999
20908
20909
20928
20911
21004
20910
20911
20928
20930
21005
20914
20914
20923
20917
20923
20919
20920
20924
20951
20990
20926
20927
20932
20933
20973
20974
20985
20970
20985
20951
20936
20937
20952
20957
20939
20963
20939
20962
20982
20983
20942
20942
20966
20943
20944
20966
20964
20967
20968
20984
20966
20971
20970
20971
20957
20963
20991
20954
20956
20975
20955
20976
20961
20977
20957
20992
20993
20959
20964
20978
20960
20979
20961
20980
20981
20995
20983
20996
20965
20967
20978
20988
20967
20971
20969
20984
20987
20988
20988
20989
21004
20989
20989
20999
20976
20992
20977
20981
20979
20986
20980
21000
20981
21001
21002
20983
20995
20994
20987
20999
20987
20988
21000
21003
21005
20997
20993
20996
20993
20996
21003
21001
21003
21002
21005
21013
21012
21014
21023
21020
21073
21011
21012
21014
21082
21015
21017
21022
21019
21015
21024
21016
21017
21076
21074
21083
21027
21066
21020
21054
21082
21043
21049
21063
21057
21082
21083
21024
21026
21039
21067
21028
21070
21031
21079
21030
21076
21031
21077
21075
21033
21034
21039
21088
21035
21036
21037
21038
21068
21046
21062
21063
21054
21043
21049
21055
21047
21059
21046
21053
21062
21050
21047
21060
21056
21063
21049
21061
21053
21064
21080
21060
21081
21058
21057
21059
21083
21059
21060
21085
21058
21082
21084
21086
21090
21067
21069
21087
21090
21068
21070
21087
21088
21070
21078
21080
21079
21072
21074
21077
21085
21075
21078
21086
21091
21076
21084
21077
21079
21077
21079
21081
21081
21090
21086
21084
21085
21086
21089
21090
21093
21104
23357
21106
23356
21098
21117
23395
21101
21102
21136
23427
21097
21098
23335
23553
21099
23393
23552
21118
23394
21100
23392
23508
21105
23402
23507
21122
23094
23429
21104
21137
23428
21106
21140
23430
21106
21138
23432
21125
23472
23504
21139
23431
21131
21132
21240
21126
21385
23006
21130
21519
21126
21128
21609
21128
21131
21649
21135
21470
22992
21134
21460
23004
21132
21133
21806
21133
21140
23139
23227
23228
23506
21118
21121
23026
23408
23060
23426
23553
21125
23490
23503
23506
21121
21123
23028
23410
23027
23409
21124
23093
23423
21124
23029
23421
23092
23422
23462
23505
21382
22991
22998
21135
21465
21851
23004
21673
22998
23009
21133
21140
21777
22997
23011
21524
23005
21651
23008
23009
21226
23003
23008
21829
23003
21371
22999
23006
21468
21852
21137
22994
23066
23094
21138
23002
23067
21139
23010
23141
21140
23011
23137
23138
21142
21143
21160
21179
21859
21144
21170
21720
21857
21162
21237
21841
22996
21160
21168
21252
21152
21157
21585
21151
21156
21364
21148
21158
21412
21150
21166
21365
21154
21171
21584
21156
21165
21407
21157
21164
21363
21155
21173
21409
21158
21161
21167
21588
21172
21375
21849
21171
21362
21850
21164
21406
21844
21173
21405
21842
21166
21174
21411
21161
21162
21653
21162
21662
21163
21671
21163
21656
21167
21644
21841
21403
21842
21848
21166
21589
21844
21853
21587
21845
21174
21659
21840
21170
21717
21170
21175
21177
21855
21719
21856
21383
21849
22991
21374
21843
22999
21396
21850
22990
21660
21845
21846
21176
21738
21858
21746
21748
21241
21719
21738
21758
21183
21202
21203
21660
21768
21846
21220
21237
21662
21720
21795
21181
21182
21204
21665
21775
22262
21183
21205
21666
21776
22989
21183
21203
21669
21778
22263
21670
21779
21847
21185
21186
21190
21683
21785
22139
21187
21192
21684
21786
21187
21206
21685
21780
22140
21189
21687
21783
21189
21201
21207
21689
21782
21206
21688
21784
21191
21192
21691
21787
22144
21193
21194
21692
21788
22133
21193
21693
21789
21195
21694
21790
21195
21208
21695
21828
22134
21196
21696
21791
21198
21208
21698
21792
21198
21210
21229
21703
21808
21209
21701
21830
21211
21233
21677
21722
21796
21235
21622
21725
21737
21750
21215
21216
21706
21798
21219
21222
21659
21767
21840
21222
21661
21773
22268
21205
21225
21664
21774
22269
21227
21668
21777
22997
21207
21686
21781
22141
21215
21705
21807
22142
21209
21697
21810
22135
21229
21700
21809
22137
21230
21238
21699
21821
21231
21234
21678
21811
21236
21709
21725
21737
21763
22118
21233
21236
21639
21722
21764
22128
21215
21216
21217
21657
21801
22138
21704
21802
22143
21218
21658
21803
21218
21242
21642
21816
22146
21239
21643
21800
21221
21237
21644
21766
21841
21223
21652
21721
21769
22267
21222
21223
21771
22004
22288
21645
21772
22289
21237
21654
21770
22308
21225
21226
21245
21646
21805
22286
21227
21663
21799
22287
21227
21240
21647
21806
21667
21829
23003
21230
21232
21238
21707
21831
22145
21230
21702
21822
22136
21708
21824
22132
21232
21238
21681
21826
21234
21682
21832
22256
21234
21680
21827
22129
21679
21833
22257
21246
21623
21733
21797
21638
21723
21755
22119
21656
21765
21690
21825
21242
21244
21641
21815
21244
21245
21651
21820
21724
21728
22117
22825
21243
21640
21814
22309
21244
21245
21648
21817
22310
21649
21818
21650
21819
22311
21613
21727
21734
21794
21251
21615
21620
21632
21729
22006
21249
21250
21629
21712
21741
22048
21619
21624
21711
21732
21251
21619
21630
21740
22046
21616
21631
21730
22047
21662
21716
21717
21720
21255
21258
21274
21293
21624
21255
21257
21274
21280
21287
21259
21278
21288
21257
21276
21289
21295
21275
21279
21290
21259
21260
21302
21625
21261
21298
21300
21261
21262
21308
21352
21263
21305
21306
21263
21267
21319
21353
21264
21311
21315
21266
21267
21312
21318
21266
21267
21271
21326
21350
21272
21324
21325
21320
21356
21270
21271
21273
21332
21349
21270
21273
21330
21334
21557
21272
21336
21339
21272
21342
21351
21341
21345
21346
21558
21604
21275
21277
21626
21276
21347
21627
21348
21628
21287
21293
21347
21633
22028
21280
21292
21298
21303
21280
21282
21295
21297
21291
21294
21283
21286
21296
22150
21283
21286
21290
21291
22149
21289
21295
22147
21285
21292
21299
21303
22056
21286
21291
21294
22062
21297
22148
21288
21290
21291
22057
21292
21293
21300
22014
21290
21348
22060
21347
22059
21292
22061
21301
22058
21302
21629
22013
21297
21303
21296
21297
21301
21304
21305
21301
21304
21309
22064
21301
21302
21306
22015
21307
22063
21308
21630
22027
21304
21310
21307
21310
21311
21307
21308
21315
22017
21309
21316
22065
21319
21631
22016
21310
21313
22066
21321
21312
21316
21321
21317
21322
21325
21314
21316
21321
22068
21317
21322
21327
22070
21316
21318
21319
22018
21317
22067
21318
21323
22069
21320
21324
22019
21320
21632
22020
21326
21606
22021
21322
21328
21324
21325
21327
21343
22071
21326
21341
22022
21328
21345
21342
21607
22023
21328
21340
22072
21344
21331
21333
21335
21569
22075
21331
21336
21346
21570
22073
21334
21337
21571
22074
21336
21342
21346
21354
22024
21334
21338
21572
21339
21573
21337
21338
21340
22077
21337
21341
22076
21339
21343
22078
21339
21344
21345
21343
21344
22079
21342
21343
22025
21355
22026
21345
22080
21345
21568
21605
22081
21348
21635
22029
21634
22030
21351
21354
21604
21622
21351
21356
21607
21613
21355
21623
21353
21616
21625
21631
21356
21615
21632
21355
21605
21617
22040
21607
21618
22041
21606
21614
21358
21361
21384
21608
21642
22239
21385
21586
21609
21643
21360
21600
21611
21663
22054
22240
21403
21602
21612
21667
21848
21369
21586
21603
21657
22238
21377
21383
21392
21409
21364
21400
21403
21405
21402
21406
21407
21410
21412
21587
21393
21394
21396
21404
21675
22990
21368
21369
21371
21387
21453
22189
21370
21372
21388
21450
22763
21373
21384
21454
22188
21374
21376
21451
22158
21372
21373
21386
21460
21374
21389
21455
22999
21385
21461
21586
21375
21456
21376
21389
21584
21388
22010
21378
21390
21408
22083
21379
21383
21388
22159
21380
21381
21387
21390
22191
21382
21384
21391
21608
22190
21382
21383
21386
21392
22991
21385
21393
21609
21389
21584
21385
21387
22192
21386
21387
21389
23006
21388
22193
21389
22241
21849
21391
21392
21395
22762
21393
21394
21672
22194
21393
21396
21850
21673
22998
21395
21401
21674
22186
21396
21398
21408
22195
21405
21409
21399
21402
21406
21600
22054
22761
21400
21401
21405
22160
21407
21410
21601
22184
21402
22054
22185
21404
21611
22054
22187
21404
21406
22054
21405
21612
21842
21585
21407
21602
21589
21409
22011
21585
21413
22012
22055
21412
21414
21587
21588
21660
21413
21414
21610
21661
22055
22759
21416
21421
21429
21563
22084
21419
21430
21562
21418
21422
21423
21539
21561
21419
21420
21425
21567
21421
21426
21566
21421
21422
21427
21564
22162
21428
21565
22085
21424
21560
21590
22161
21424
21425
21471
21540
21427
21472
21591
22163
21426
21427
21529
21428
21430
21530
21428
21531
22164
21429
21532
22086
21430
21533
22087
21534
21433
21434
21437
21442
21474
22165
21434
21435
21445
21475
22088
21438
21443
21476
21549
22196
21436
21444
21477
22166
21436
21466
21481
23000
21437
21470
21486
21438
21469
21485
21463
21484
21544
21440
21441
21442
21447
21467
22197
21444
21446
21448
21468
22168
21443
21452
21462
21592
22210
21443
21444
21469
22199
21463
21550
22198
21445
21470
22167
21446
21466
22089
21449
21457
22090
21448
21452
21453
21464
22200
21449
21450
21465
22169
21451
21458
22091
21451
21453
21455
22201
21456
22092
21454
21459
21595
22211
21454
21460
22213
21461
21603
22212
21456
21460
21465
23004
21458
21843
21458
21466
21468
21852
21465
21851
21461
21462
21464
21542
21461
21464
21593
21463
21467
21541
21469
21545
21465
21467
21468
21470
22992
21468
21469
21470
21470
21472
21499
21529
21543
21511
21531
21594
22202
21476
21478
21483
21489
21551
22203
21476
21477
21478
21485
22170
21477
21479
21481
22094
21484
21552
22204
21480
21486
22171
21480
21487
21526
22172
21480
21482
21491
22093
21488
21525
22173
21482
21486
23007
21488
21524
23005
21484
21487
21490
21536
21485
21535
21486
21487
21488
21488
21528
21527
21490
21492
21526
21553
22209
21493
21528
21537
21518
21524
21525
22095
21493
21505
21523
21554
22208
21494
21521
21538
21496
21498
21505
21546
21496
21502
21506
21507
21520
21497
21504
21521
21498
21501
21502
21509
21499
21508
21547
21501
21511
21548
21501
21502
21512
21516
21530
21513
21529
21514
21517
21506
21507
21515
21518
22097
21505
21506
21509
21523
22174
21508
21555
22205
21514
21522
22096
21517
21519
21509
21511
21556
22206
21513
21514
22175
21512
21515
21516
21533
22098
21513
21596
22207
21513
21514
21532
22099
21531
22176
21515
22100
21517
22101
21517
21534
21519
21522
22102
21520
21524
21521
21522
21527
21523
21528
21523
21525
22178
21526
22177
21527
21526
21527
22179
21528
22180
21528
21530
21531
21532
21534
21532
22181
21533
22103
21534
22104
21536
21544
21552
21693
21537
21551
21694
21538
21553
21696
21546
21554
21698
21540
21583
21590
21678
21543
21591
21681
21542
21545
21592
21688
21593
21595
21689
21548
21594
21690
21545
21549
21684
21550
21687
21547
21555
21701
21548
21556
21703
21596
21699
21550
21552
21683
22220
21592
21685
22221
21552
21553
21692
22216
21691
22222
21554
21695
22217
21555
21697
22218
21556
21700
22219
21596
21702
22214
21558
21570
21573
21580
21559
21568
21581
21561
21579
21580
21582
21561
21564
21579
21597
22182
21567
21583
21563
21566
21576
21565
21574
22106
21565
21567
21578
22183
21566
21575
22105
21567
21577
21580
21570
21579
21598
22107
21571
21572
21574
22108
21571
21578
22110
21573
21575
22109
21573
21576
21577
21575
21576
22111
21577
21578
22112
21577
21580
21579
21580
22113
21599
22114
21582
21598
21604
21636
21583
21599
21637
21597
21677
21593
21658
21589
21670
22055
21610
21659
21671
21601
21602
21666
21591
21597
21679
22152
21594
21682
22153
21595
21686
22215
21603
21706
21596
21707
22154
21603
21705
22157
21708
22155
21599
21680
22151
21599
21605
21638
22115
21639
22082
21601
21602
21664
22764
21665
22055
22708
21668
21844
21704
22156
21605
21710
21709
22031
21607
21620
21632
22035
21621
22036
21609
21640
21672
22242
21641
21673
21645
21676
22223
21612
21646
21674
22243
21647
21675
22993
21614
21621
21623
21615
21620
21727
21616
21726
21619
21736
21618
21622
21709
21737
22005
21621
21623
21733
22009
21625
21735
21621
21731
22007
21734
22008
21623
21710
21625
21626
21629
21630
21627
21633
21711
21628
21635
21713
21634
21714
21630
21633
22037
21631
22032
21632
22033
22034
21635
21712
22038
21635
21718
22042
21715
22043
21637
21638
21710
21723
21639
21677
21722
21639
21709
22044
21680
22116
21641
21642
21648
22249
21643
21649
21643
21657
22245
21658
21656
21659
21671
22004
21659
21661
22004
22740
21647
21650
21663
22246
21651
21667
23008
21649
21650
21672
22247
21651
21673
21651
21674
22248
21675
21654
21662
21716
22051
21655
21656
21671
21655
21656
22004
22250
21676
21662
21658
21704
22244
21706
21660
21661
21670
21669
22766
21664
21667
22765
21665
21668
22769
21666
21669
22767
21668
21670
21853
21668
23001
21854
21670
22055
22768
21845
21676
21673
21674
22251
21675
21675
22252
23009
22004
22039
21678
21680
21679
21681
21680
21682
22224
22225
21682
21690
21707
22226
21684
21685
21691
22230
21687
21693
21686
21687
22231
21688
21705
22232
21688
21689
21705
21706
21699
21707
21692
21693
22233
21694
21695
22234
21694
21696
21696
21697
22235
21698
21698
21700
22236
21701
21703
21708
21701
21702
22237
21703
21703
21708
22229
21705
21706
22254
22253
21708
22227
22228
21710
22045
21725
21712
21713
21739
21715
21743
22050
21714
21715
21742
21718
21744
21718
21745
22049
21721
22052
21719
21747
22053
21720
21724
21756
21721
21757
21724
21759
22255
21723
21749
21725
21752
21761
22290
21751
21727
21729
21736
21813
21731
21793
21738
22824
21730
21731
21861
22123
21736
21740
21865
22122
21734
21862
22124
21735
21739
21741
21834
21734
21737
21839
22121
21838
22125
21736
21740
21823
21812
21837
22120
21746
21754
21742
21743
21836
21741
21864
22127
21743
21866
22126
21744
21745
21860
21745
21868
22130
21747
21867
21747
21870
22131
21753
21871
22823
21753
21762
21858
23060
21752
21764
21796
21889
21751
21797
21837
21884
21752
21763
21875
21755
21876
21754
21760
21804
23018
21758
21858
22824
23013
21763
21764
22934
23130
21757
21758
21761
21856
23012
21759
21795
21857
23019
21855
22825
23014
21761
21769
22848
23021
21835
22824
22937
23020
22825
22828
23016
21804
21869
23072
21837
22943
23129
21827
22935
23131
21766
21770
21795
22996
23068
21767
21771
22995
23065
21768
21772
22994
23066
21773
21779
23002
23067
21770
21795
22880
23062
21771
22843
23069
21772
22841
23070
21773
22842
23063
21778
22844
23133
21775
21777
21799
22845
23134
21776
21778
22846
23135
21777
21779
23011
23137
21829
23138
21779
22847
23140
23010
23141
21781
21783
21785
22863
23149
21784
21807
22864
23150
21784
21798
21807
23151
21784
21786
23143
23144
21786
21787
22866
23152
21789
23145
21788
21789
22867
23153
21790
21828
22868
23122
21790
23147
21791
23146
21792
21828
23154
21810
21830
23124
21794
21813
21862
21882
21797
21838
21883
21859
23061
21811
21827
23148
21839
21885
21802
21803
23109
21805
21829
22874
23136
21803
21815
21816
23113
21802
21803
21816
22876
23106
21807
22862
23107
23108
21835
21863
23064
21806
21819
22873
23117
21820
21829
23142
22865
23120
21821
21822
21830
23126
21810
21822
21830
22872
23127
21828
22870
23125
21826
21833
23197
21813
21823
21865
21880
21861
21881
21815
21816
21817
22879
23110
21818
23111
22878
23112
21818
21819
22877
23114
21820
23115
21820
22875
23118
23119
21824
21825
23190
21824
22871
23191
21834
21864
21879
21831
22923
23192
21826
21831
23193
21832
23195
21833
22936
23196
22869
23123
23139
23121
21832
22922
23194
21833
22924
23202
22938
23203
21836
21866
21878
21872
22948
22986
21860
21868
21877
21839
22949
23198
21839
21862
22946
23042
22947
23204
21841
21846
22994
22995
22990
22993
21851
23004
21848
21854
21847
21853
21847
23002
22989
23010
22993
23001
22999
23006
22991
22998
21852
22992
21854
22989
22997
23001
21856
21858
23027
21857
23028
21859
23029
23026
22996
23092
21867
21870
21890
21862
21865
22964
23040
22965
23041
21869
21872
21873
21892
21865
21866
22962
23038
22963
23039
21868
22961
23037
21871
21893
21870
22956
23036
21874
23128
21871
22979
23032
22980
23218
22985
21874
21888
23017
21876
21884
23129
21889
23130
23458
21878
21890
23036
21879
23037
21880
23038
21881
23039
21882
23040
21883
23041
21885
23042
21885
23198
23204
21887
21893
21890
21892
23017
23116
23132
23420
23131
23148
23470
21893
23032
22825
22987
23014
23015
23016
23413
22985
23064
23128
23424
23218
21895
21901
21906
22315
28921
21896
21909
22313
28923
21899
21908
22314
28924
21898
21899
21910
22320
28927
21900
21912
22317
28928
21911
22318
28933
21913
22319
28929
21902
21907
22316
28935
21903
21914
22321
28937
21904
21915
22322
28938
21905
21916
22323
28940
21917
21937
22324
28943
21907
21909
21918
22331
28920
21914
21919
22332
28922
21909
21911
21921
22329
28925
21920
22330
28926
21911
21912
21922
22328
28932
21923
22325
28934
21913
21924
22326
28930
21929
22327
28931
21915
21925
22333
28936
21916
21926
22335
28939
21917
21927
22336
28941
21928
21936
22334
28942
21919
21920
21940
22356
29868
21925
21941
22357
29869
21921
21942
22354
29871
21923
21943
22355
29870
21923
21924
21946
22352
29872
21947
22351
29873
21929
21945
22353
28944
21926
21950
22358
29874
21927
21948
22349
28945
21928
21949
22350
28946
21939
21951
22312
28947
21944
22359
28948
21934
22425
29878
30494
30495
21933
21935
22416
29877
30427
22550
30428
30517
22422
30429
22427
30425
22548
29885
30774
30775
21937
21938
21939
22533
28988
22532
29895
30797
22536
28989
30793
30796
30797
21952
22531
28987
30796
21941
21942
21958
22600
29897
21950
21959
22601
29898
21943
21960
22598
29899
21947
21961
22599
29900
21945
21968
22594
29903
21946
21969
22595
29904
21947
21962
22596
29901
21963
22597
29902
21949
21950
21965
22604
29906
21951
21966
22605
29002
21964
22602
29905
21952
21967
22603
29003
21953
21955
22611
29005
21954
22612
29006
30796
30798
21955
21972
22615
29007
30799
21967
21973
22614
29009
21970
22688
30095
30098
22569
30100
30449
21959
21960
21980
22747
29908
21964
21979
22748
29909
21961
21981
22746
29910
21963
21982
22745
29911
21963
21969
21983
22742
29914
21984
22743
29915
21965
21977
22744
29916
21966
21976
22750
29917
21967
21978
22749
29045
21975
22606
29046
21969
21985
22772
29913
21986
22771
29912
22685
30096
21972
21989
22796
29930
30799
30807
21973
21988
22790
29931
21975
21987
22804
30011
22272
30159
30477
21978
21990
22806
30016
21977
21978
22001
22810
30069
21979
22000
22815
30067
21991
22807
30068
21980
21999
22814
30066
21981
21992
22817
30074
21982
21994
22821
30075
21984
21993
22822
30076
21984
21986
21997
22832
30092
21998
22820
30093
21986
21995
22835
30090
21996
22836
30091
21988
21990
22941
23815
30318
21989
22940
23222
30319
22930
23224
30321
30812
21991
22945
23782
30339
22001
22960
23784
30341
21994
21999
22953
23785
30386
21994
21998
22977
23786
30394
22978
23787
30393
21996
22974
23789
30387
21997
22973
23788
30388
21998
22975
23790
30389
22976
23791
30395
22000
22954
23793
30391
22001
22955
23794
30392
22957
23792
30390
22003
22837
23025
23083
23675
30422
22883
22984
23023
23674
30560
22770
22009
22040
22045
22120
22689
22007
22034
22047
22123
22758
22008
22035
22124
22755
22009
22036
22125
22753
22041
22121
22751
22158
22241
22083
22195
22184
22709
22014
22027
22028
22037
22385
22015
22057
22058
22366
22017
22027
22063
22370
22017
22020
22027
22033
22692
22018
22065
22362
22019
22020
22067
22363
22021
22022
22069
22373
22021
22034
22693
22023
22035
22694
22023
22025
22071
22376
22026
22036
22382
22026
22040
22076
22081
22365
22026
22076
22080
22379
22041
22383
22032
22695
22029
22038
22057
22384
22030
22043
22059
22364
22042
22060
22392
22040
22045
22081
22115
22607
22033
22037
22046
22736
22034
22047
22737
22035
22734
22036
22735
22041
22739
22038
22048
22738
22043
22050
22730
22223
22770
22041
22608
22731
22043
22053
22732
22049
22733
22045
22115
22116
22119
22609
22118
22691
22047
22048
22127
22757
22122
22754
22050
22126
22756
22050
22053
22131
22775
22130
22752
22052
22250
22267
22776
22255
22774
22823
22760
22709
22058
22062
22064
22698
22059
22061
22367
22061
22063
22369
22060
22149
22389
22147
22386
22062
22149
22387
22148
22697
22064
22065
22371
22066
22700
22066
22067
22372
22068
22701
22068
22069
22374
22070
22703
22070
22071
22375
22072
22702
22072
22080
22377
22079
22704
22074
22076
22081
22110
22390
22075
22078
22109
22388
22077
22108
22699
22078
22381
22078
22079
22706
22080
22380
22080
22705
22378
22107
22391
22114
22115
22116
22151
22617
22159
22712
22762
22085
22087
22106
22713
22086
22105
22162
22498
22087
22103
22164
22503
22104
22714
22089
22094
22166
22722
22090
22167
22723
22091
22168
22724
22092
22169
22725
22158
22201
22526
22094
22095
22173
22715
22171
22716
22102
22179
22717
22097
22100
22174
22178
22509
22101
22102
22718
22099
22101
22104
22719
22100
22103
22176
22510
22101
22175
22511
22720
22178
22721
22104
22181
22524
22726
22106
22112
22183
22541
22111
22727
22110
22114
22115
22543
22109
22111
22728
22110
22112
22547
22113
22542
22112
22729
22113
22546
22114
22183
22544
22182
22545
22620
22128
22225
22619
22290
22829
22119
22120
22803
22943
22128
22789
22934
22121
22805
22949
22125
22811
22947
22123
22127
22812
22963
22124
22813
22964
22125
22808
22965
22809
22946
22127
22130
22818
22961
22816
22962
22129
22791
22935
22225
22257
22794
22936
22131
22831
22956
22823
22834
22979
22136
22145
22228
22787
22923
22134
22144
22234
22279
22868
22135
22235
22280
22869
22137
22236
22306
22870
22137
22229
22786
22871
22237
22307
22872
22143
22146
22244
22299
22876
22140
22144
22230
22281
22866
22141
22231
22282
22863
22142
22232
22283
22864
22143
22253
22276
22865
22254
22277
22862
22233
22278
22867
22227
22256
22788
22922
22245
22300
22309
22878
22149
22150
22361
22149
22150
22696
22360
22368
22152
22182
22225
22616
22153
22161
22224
22593
22154
22163
22226
22580
22155
22202
22227
22581
22207
22214
22228
22582
22157
22212
22238
22254
22404
22211
22215
22253
22403
22711
22763
22191
22241
22435
22185
22187
22195
22436
22162
22163
22182
22499
22164
22183
22500
22164
22202
22501
22181
22502
22166
22170
22196
22199
22518
22167
22171
22519
22168
22199
22521
22169
22197
22522
22200
22201
22523
22171
22172
22204
22504
22173
22505
22173
22180
22203
22506
22179
22507
22175
22177
22205
22508
22176
22206
22512
22181
22207
22513
22178
22180
22208
22514
22179
22515
22180
22516
22209
22517
22202
22525
22183
22539
22540
22707
22708
22761
22710
22760
22187
22194
22195
22252
22405
22243
22432
22760
22189
22192
22212
22238
22407
22193
22213
22408
22763
22191
22192
22194
22242
22413
22193
22430
22762
22193
22239
22409
22241
22410
22251
22415
22762
22411
22762
22198
22204
22220
22449
22199
22200
22210
22451
22199
22210
22221
22438
22520
22211
22213
22450
22213
22429
22763
22207
22452
22204
22209
22216
22445
22222
22446
22206
22208
22219
22443
22207
22214
22444
22442
22209
22218
22447
22217
22448
22211
22215
22437
22212
22439
22213
22440
22441
22219
22229
22399
22221
22232
22401
22217
22222
22234
22394
22218
22235
22396
22219
22236
22397
22237
22398
22221
22222
22230
22400
22231
22402
22233
22395
22740
22741
22759
22225
22226
22257
22679
22618
22227
22256
22677
22228
22678
22229
22671
22237
22670
22231
22233
22672
22232
22673
22253
22674
22234
22665
22235
22666
22236
22667
22237
22668
22669
22239
22244
22393
22242
22245
22573
22243
22575
22760
22764
22765
22414
22763
22249
22251
22572
22246
22252
22622
22245
22254
22643
22249
22638
22248
22286
22642
22765
22248
22249
22251
22310
22639
22252
22311
22640
22309
22641
22308
22690
22770
22252
22574
22621
22254
22675
22676
22267
22290
22792
22848
22257
22800
22924
22801
22938
22259
22260
22273
22686
22852
30097
22261
22264
22687
22853
30099
22261
22263
22285
22636
22861
22262
22266
22634
22860
22263
22269
22767
22846
22268
22768
22847
22266
22271
22684
22855
30515
22267
22776
22779
22792
22795
22885
22269
22274
22635
22856
22308
22880
22285
22289
22766
22844
22287
22769
22845
22271
22275
22295
22681
22881
30490
22274
22683
22882
30516
22773
22779
22795
22827
22285
22688
22777
22851
30098
22275
22287
22637
22884
22286
22298
22642
22886
22277
22283
22304
22675
22905
22299
22305
22676
22899
22279
22281
22665
22780
22907
22280
22666
22781
22908
22306
22667
22785
22909
22282
22301
22672
22903
22283
22302
22673
22888
22303
22674
22904
22285
22289
22623
22777
22778
22858
22624
22859
22287
22311
22873
22765
22874
22289
22308
22770
22778
22841
22740
22842
22802
22828
22293
22299
22305
22632
22890
30476
22293
22294
22296
22630
22891
30493
22300
22631
22892
30497
22295
22297
22682
22893
30491
22298
22680
22889
30492
22297
22300
22309
22641
22897
22298
22310
22639
22898
22311
22640
22887
22300
22643
22900
22638
22901
22302
22659
22780
22916
30478
22303
22661
22902
30479
22304
22660
22894
30480
22305
22662
22895
30481
22663
22896
30482
22307
22668
22784
22906
22669
22783
22786
22917
22779
22843
22310
22879
22311
22877
22875
22334
22350
22391
22531
22603
22314
22315
22330
22342
22372
22318
22329
22341
22371
22316
22331
22343
22374
22321
22332
22345
22375
22319
22320
22326
22339
22360
22320
22325
22340
22369
22327
22337
22361
22328
22338
22387
22322
22333
22344
22377
22323
22335
22347
22378
22324
22336
22348
22380
22334
22346
22388
22532
22328
22329
22351
22366
22327
22328
22353
22389
22359
22386
22352
22367
22330
22355
22370
22331
22354
22362
22332
22356
22363
22333
22357
22373
22335
22358
22376
22336
22390
22533
22336
22349
22379
22350
22381
22339
22368
22339
22340
22697
22696
22341
22698
22342
22700
22343
22701
22345
22703
22345
22347
22704
22702
22348
22534
22699
22348
22705
22706
22350
22358
22383
22604
22365
22605
22352
22355
22385
22597
22353
22384
22596
22359
22364
22595
22355
22356
22598
22692
22599
22695
22357
22600
22693
22358
22601
22694
22382
22602
22392
22594
22361
22387
22389
22696
22368
22386
22363
22370
22372
22692
22373
22374
22693
22384
22389
22392
22733
22381
22383
22391
22608
22367
22369
22370
22385
22384
22387
22389
22696
22371
22387
22698
22371
22695
22372
22700
22374
22701
22375
22376
22694
22375
22703
22377
22702
22377
22379
22382
22378
22704
22379
22380
22705
22381
22383
22381
22388
22706
22390
22383
22694
22739
22731
22385
22730
22695
22738
22389
22392
22697
22390
22547
22699
22391
22542
22543
22607
22732
22404
22407
22573
22576
22643
22395
22396
22445
22583
22666
22400
22446
22584
22665
22397
22448
22587
22667
22398
22447
22586
22668
22399
22443
22585
22669
22444
22582
22650
22670
22402
22449
22588
22672
22402
22403
22437
22589
22674
22438
22590
22673
22404
22439
22591
22675
22440
22592
22676
22411
22415
22432
22553
22621
22412
22426
22434
22707
22761
22408
22409
22418
22440
22410
22417
22428
22441
22410
22413
22421
22573
22414
22430
22551
22423
22431
22436
22427
22432
22575
22710
22760
22415
22419
22430
22572
22422
22428
22435
22431
22552
22574
22417
22422
22428
22548
22418
22493
22551
30427
22421
22494
22576
30426
22421
22549
22552
22577
30518
22422
22435
22549
22551
22578
30758
22551
22424
22550
22553
22425
22436
22427
22432
22553
22628
22427
22554
22570
22429
22711
22763
22441
22523
22526
22548
22431
22435
22549
22550
22712
22762
22436
22622
22434
22569
22571
22634
22707
22708
22554
22575
22635
22764
22712
22710
22438
22439
22451
22487
22449
22489
22520
22440
22450
22491
22441
22494
22450
22493
22444
22452
22473
22513
22582
22444
22447
22471
22508
22475
22512
22446
22448
22464
22506
22449
22462
22504
22448
22476
22514
22479
22517
22486
22518
22451
22492
22523
22490
22520
22522
22496
22501
22525
22581
22458
22529
22555
22713
22455
22457
22500
22527
22555
30760
22456
22499
22530
22646
30761
22457
22496
22501
22647
30762
22495
22502
22556
30764
22497
22556
22714
22460
22465
22558
22715
22480
22557
22716
22462
22463
22485
22504
22557
30777
22464
22486
22584
30435
22464
22478
22506
22558
30779
22479
22583
30436
22469
22563
22717
22468
22469
22559
22718
22468
22497
22560
22719
22561
22720
22562
22721
22471
22474
22477
22508
22559
30783
22475
22476
22585
30438
22473
22474
22495
22513
22560
30785
22475
22496
22651
30765
22475
22512
22561
30787
22650
30766
22477
22479
22586
30437
22478
22514
22562
30782
22479
22517
22563
30789
22587
30439
22481
22564
22722
22482
22565
22723
22483
22566
22724
22484
22567
22725
22526
22548
22486
22488
22518
22564
30768
22489
22588
30430
22489
22490
22491
22589
30432
22489
22490
22520
22565
30770
22590
30431
22492
22566
30771
22492
22494
22591
30433
22493
22567
30773
22494
22548
30775
22592
30434
22496
22525
22568
30792
22649
30790
22568
22726
22500
22503
22541
22555
22713
22500
22501
22539
22593
22502
22540
22502
22580
22503
22525
22524
22556
22714
22505
22506
22518
22507
22519
22557
22716
22507
22517
22516
22558
22715
22509
22512
22514
22511
22515
22559
22718
22511
22513
22524
22560
22719
22512
22561
22720
22513
22525
22515
22517
22516
22562
22721
22517
22563
22717
22519
22520
22521
22564
22722
22521
22522
22565
22723
22523
22566
22724
22567
22725
22525
22568
22726
22711
22725
22528
22530
22536
22540
30793
22529
22537
22541
22555
30795
22538
22727
22535
22539
22610
30794
22533
22535
22543
22611
22533
22534
22537
22547
22536
22542
22538
22728
22536
22545
22612
30796
22537
22544
22538
22546
30797
22729
22540
22545
22616
22541
22544
22546
22727
22543
22544
22547
22545
22620
22545
22546
22617
22547
22729
22728
22567
22550
22551
30428
22552
30429
22553
22579
30517
22626
30494
22569
22570
22684
30449
22556
30759
22568
30763
22558
22564
30778
22563
30776
22561
22562
30784
22561
22568
30786
30788
22563
30781
30780
22565
30767
22566
30769
22567
30772
30774
30791
22629
22687
22575
22628
22683
30425
22629
22636
22644
22709
22573
22574
22577
22641
22578
22638
22579
22621
22639
22622
22637
22578
22592
22632
30440
22578
22579
22630
30441
22631
30447
22626
22682
30442
22581
22593
22647
22677
22582
22649
22678
22651
22671
22584
22587
22652
30459
22588
22658
30460
22586
22650
22653
30462
22587
22656
30461
22657
30463
22590
22659
30456
22590
22591
22660
30443
22661
30444
22592
22662
30445
22663
30446
22616
22646
22679
22595
22732
22772
22596
22733
22771
22597
22730
22742
22599
22738
22743
22599
22600
22737
22746
22736
22745
22601
22734
22747
22602
22735
22748
22604
22739
22744
22605
22606
22607
22611
22605
22731
22750
22608
22749
22614
22691
22749
22806
22608
22620
22691
22689
22731
22614
22619
22620
22691
22789
22612
22613
22616
22646
30798
22612
22614
22620
22615
22617
22615
22618
22645
22796
30799
22615
22804
22619
22790
22617
22618
22619
22620
22619
22679
22794
22791
22622
22626
22640
22628
22642
22624
22625
22685
22740
22741
22636
22644
22688
22766
22633
22690
22770
22778
22628
22680
30448
22629
22644
22688
22681
30495
22686
22631
22641
22682
30451
22632
22638
30452
22643
22663
30450
22685
22773
22635
22636
22687
22767
22637
22684
22769
22686
22768
22642
22683
22765
22641
22643
22640
22641
22682
22642
22680
22681
22676
22741
22759
22646
22648
22679
22793
30805
22647
30801
22648
22649
30802
22664
22677
22797
30800
22651
22664
30804
22651
22655
30458
22654
30457
22657
22658
22666
22781
30469
22655
22656
22669
22783
30471
22655
22664
22671
22799
30475
22670
22782
30472
22657
22668
22784
30473
22667
22785
30474
22659
22665
22780
30470
22661
22672
30464
22661
22662
22674
30465
22673
30466
22663
22675
30467
22676
30468
22678
22798
30803
22666
22672
22667
22668
22669
22670
22671
22786
22678
22787
22673
22674
22675
22676
22678
22679
22800
22788
22801
22681
22682
30453
22683
30454
30455
22684
30496
22687
30094
22688
22777
22687
22688
30095
30100
22691
22749
22751
22805
22776
22779
22803
22693
22695
22737
22694
22734
22735
22736
22697
22698
22700
22706
22728
22701
22703
22703
22704
22705
22706
22709
22764
22767
22759
22768
22714
22727
22726
22716
22717
22722
22721
22720
22721
22720
22726
22723
22724
22725
22729
22729
22733
22738
22752
22739
22751
22733
22774
22775
22735
22737
22758
22739
22755
22737
22738
22757
22754
22756
22753
22766
22770
22743
22752
22771
22832
22745
22756
22820
22748
22750
22753
22815
22746
22757
22822
22747
22754
22821
22748
22758
22817
22755
22814
22750
22807
22751
22810
22753
22811
22756
22775
22831
22755
22809
22757
22758
22812
22758
22808
22757
22818
22816
22813
22766
22761
22764
22769
22769
22768
22768
22769
22772
22775
22836
22774
22835
22777
22778
22850
30477
22775
22833
22834
22849
30096
22779
22854
22857
22781
22910
30483
22785
22911
30484
22783
22786
22799
22915
30488
22784
22914
30489
22785
22913
30486
22912
30485
22787
22918
22788
22799
22919
22798
22800
22921
22791
22803
22804
22939
22791
22796
22804
22940
22794
22932
22802
22819
22840
22796
22797
22801
22931
30807
22796
22801
22933
22819
22838
22930
22798
22800
22925
30806
22799
22926
30808
22920
30487
22801
22928
22929
22830
22805
22806
22944
22806
22941
22807
22811
22959
22807
22945
22810
22960
22809
22813
22814
22952
22811
22815
22951
22811
22815
22957
22950
22813
22816
22821
22971
22817
22972
22815
22817
22954
22955
22818
22822
22970
22821
22953
22820
22831
22969
22837
22822
22832
22976
22822
22978
22977
22833
22980
22825
22826
23015
22829
22829
22927
22937
23024
22838
22850
22857
23080
30159
22829
22830
22848
23022
22839
22987
22839
22840
22883
23023
22832
22834
22968
22836
22975
22834
22835
22966
22836
22967
22836
22974
22973
22838
22840
22883
30811
22885
23083
30521
22927
22942
22981
22848
22885
23025
22842
22843
22854
23077
22844
22858
23079
22857
22880
23076
22847
22859
23078
22846
22856
22874
23172
22847
22860
23170
22861
23171
22880
23073
22850
22851
22858
23085
30155
22854
23084
30156
22852
22859
23081
30165
22853
22861
23082
30158
22855
22860
23052
30166
22857
22858
23088
22856
22882
23051
30167
22860
22884
23058
22885
23087
22859
23089
22861
23090
22861
23059
23091
22865
22876
22899
23161
22864
22866
22888
23164
22865
22904
23162
22905
23163
22867
22903
23165
22868
22907
23167
22869
22908
23166
22870
22909
23168
22872
22906
23169
22872
22918
22923
23188
22917
23189
22874
22875
22886
23159
22884
23173
22877
22887
23158
22878
22900
23160
22879
22898
23155
22879
22901
23157
22897
23156
22885
23075
22882
22886
22889
23049
30520
22884
23053
30519
22942
22886
23057
23086
22887
23055
22889
22898
23056
22902
22903
22904
23103
22893
23043
30498
22892
22896
22900
23044
30502
22892
22893
22897
23046
30500
22901
23047
30501
22898
23048
30499
22895
22902
22904
23054
30505
22896
22905
23050
30506
22899
23045
30503
22898
22901
23096
23095
22900
22905
23099
22901
23097
23098
22916
23177
30504
22907
22916
23105
22905
23100
23101
22909
22913
22917
23186
22908
22910
23104
22909
22911
23102
22912
23183
22911
22916
23176
30509
22912
23179
30510
22913
23181
30512
22914
23180
30511
22915
22917
23182
30508
22918
22920
23208
30513
23178
30507
22918
23185
22919
23184
22920
22921
22923
23205
22926
23207
30514
22922
22926
22928
23206
22923
22924
23200
23187
22928
22938
23201
22926
22928
22931
23215
30809
23216
30810
22958
22983
22929
23211
22931
22933
22938
23210
22931
22933
22940
23221
23213
30812
22933
22935
22939
22940
23219
22936
23209
22935
22939
22943
23509
22936
23033
22938
23034
22948
22958
22988
23035
22941
22944
23817
22941
23220
22945
23813
22984
22944
22949
23298
22945
22959
23816
22960
23655
22947
22951
22965
23308
22949
22950
23310
22982
22959
23309
22951
22957
22959
23828
22952
22955
23826
22954
22965
22972
23825
22954
22972
22978
23688
22955
23689
22957
23690
22961
22968
22979
23301
22960
23692
23074
22960
23827
23691
22962
22969
23303
22963
22970
23304
22964
22971
23305
22965
22972
23306
23307
22967
22974
22980
23819
22968
22973
22979
23818
22969
22975
23820
22970
22976
23821
22971
22977
23822
22972
22978
23823
23824
22974
22975
23682
23683
22976
23684
22977
23685
22978
23686
23687
22980
23302
23300
22983
22984
22987
23023
23679
22986
22988
23174
23212
23278
23024
23074
23175
23670
23175
23223
23665
22986
23132
23174
23441
23020
23064
23442
23022
23024
23267
23020
23024
23074
23279
22997
23011
22998
23009
23006
23000
23008
23009
22995
23002
22996
23094
23093
23003
23004
23007
23003
23008
23010
23007
23011
23014
23016
23019
23028
23410
23014
23015
23018
23026
23408
23027
23409
23020
23024
23412
23021
23022
23414
23071
23128
23508
23020
23060
23064
23426
23021
23029
23061
23421
23443
23062
23073
23444
23023
23073
23268
23025
23680
23277
23073
23086
23681
23027
23060
23028
23029
23092
23132
23174
23299
23558
23116
23199
23416
23418
23036
23218
23302
23034
23131
23219
23314
23509
23035
23196
23209
23311
23201
23203
23210
23312
23037
23301
23038
23303
23039
23304
23040
23305
23041
23306
23042
23307
23204
23308
23048
23049
23056
23705
30522
23045
23047
23097
23700
30527
23050
23099
23701
30528
23047
23048
23096
23702
30524
23098
23703
30529
23095
23704
30523
23053
23055
23694
30525
23054
23101
23696
30530
23052
23053
23058
23654
30551
23059
23082
23661
30550
23057
23693
30526
23100
23177
23698
30532
23056
23057
23159
23580
23095
23158
23581
23058
23173
23579
23059
23172
23577
23091
23170
23578
23072
23062
23068
23092
23422
23069
23075
23440
23066
23070
23079
23133
23436
23072
23425
23066
23068
23070
23094
23429
23067
23427
23133
23141
23428
23069
23093
23423
23070
23076
23438
23077
23439
23116
23199
23507
23128
23553
23075
23275
23212
23662
23814
23076
23086
23276
23077
23087
23273
23079
23088
23274
23079
23090
23133
23171
23269
23089
23272
23083
23084
23087
23666
30549
23082
23085
23090
23664
30564
23091
23660
30562
23086
23677
28895
23085
23088
23667
30563
23089
23668
30561
23087
23678
23088
23671
23089
23672
23090
23673
23091
23669
23171
23663
23093
23094
23096
23155
23582
23098
23156
23603
23098
23099
23160
23602
23157
23604
23101
23161
23605
23101
23103
23162
23597
23163
23598
23104
23166
23179
23183
23600
23105
23164
23177
23596
23105
23167
23176
23595
23165
23178
23599
23107
23108
23112
23160
23473
23109
23120
23161
23474
23109
23113
23445
23151
23446
23111
23112
23114
23156
23475
23113
23115
23447
23113
23157
23484
23448
23115
23118
23155
23476
23119
23449
23217
23411
23118
23136
23142
23159
23477
23119
23158
23478
23142
23451
23150
23151
23163
23481
23124
23126
23127
23459
23123
23146
23153
23166
23487
23125
23154
23168
23488
23125
23154
23461
23127
23169
23489
23190
23191
23465
23189
23191
23486
23552
23130
23198
23298
23131
23493
23509
23196
23492
23217
23437
23140
23435
23135
23136
23138
23172
23406
23137
23140
23170
23433
23139
23173
23405
23138
23141
23431
23139
23430
23142
23404
23141
23171
23434
23432
23450
23144
23145
23149
23452
23150
23151
23453
23147
23152
23455
23147
23154
23457
23153
23456
23196
23197
23468
23150
23152
23164
23479
23162
23480
23454
23153
23165
23482
23167
23483
23460
23156
23158
23282
23157
23287
23160
23286
23159
23283
23173
23281
23161
23284
23163
23285
23163
23164
23290
23288
23165
23289
23167
23291
23167
23168
23318
23292
23169
23183
23319
23186
23189
23320
23171
23172
23271
23270
23173
23266
23265
23225
23556
23656
23783
23814
23178
23179
23695
30535
23178
23697
30531
23699
30533
23181
23707
30534
23181
23182
23186
23712
30537
23183
23713
30536
23185
23208
23711
30538
23186
23601
23185
23188
23205
23208
23617
23186
23189
23619
23620
23188
23192
23200
23205
23322
23189
23191
23323
23324
23192
23193
23464
23192
23494
23194
23495
23194
23195
23466
23200
23202
23496
23197
23202
23467
23203
23498
23203
23469
23204
23309
23504
23201
23206
23325
23202
23211
23317
23203
23497
23499
23310
23206
23207
23618
23211
23216
23621
23208
23216
23709
30540
23710
30539
23210
23219
23221
23624
23211
23213
23623
23215
23622
23225
23658
23659
23214
23215
23221
23716
23224
23796
30677
30812
30813
23216
23714
30813
23708
30814
23295
23299
23416
23300
23220
23625
23817
23221
23222
23731
23813
23224
23715
23224
23809
23815
30742
23783
26976
30560
23795
30743
23657
23227
23490
23860
24098
24515
23491
24097
24518
24530
23502
23868
24530
24551
23230
23232
23322
23332
23628
23888
23231
23323
23333
23627
24414
23294
23324
23391
23626
24413
23325
23331
23512
23629
23889
23296
23511
23555
23845
24973
23239
23240
23275
23340
23741
24526
23236
23244
23338
23556
23763
24520
23237
23278
23339
23769
24525
23238
23279
23342
23739
24522
23264
23277
23400
23740
24523
23264
23268
23398
23738
24521
23241
23276
23337
23764
24527
23245
23273
23366
23765
24415
23243
23247
23270
23380
23770
24423
23246
23269
23379
23768
24426
23252
23341
23558
23653
24528
23246
23274
23367
23766
24418
23272
23378
23767
24425
23248
23271
23377
23585
24424
23253
23266
23376
23584
24421
23254
23260
23285
23369
23613
24430
23251
23253
23281
23373
23587
24420
23257
23283
23374
23588
24419
23280
23399
23557
23762
24417
23265
23375
23583
24422
23255
23284
23368
23612
24431
23256
23286
23371
23614
24433
23257
23287
23370
23590
24432
23282
23372
23589
24427
23259
23261
23289
23384
23606
24429
23260
23290
23385
23607
24434
23288
23386
23608
24435
23263
23291
23387
23611
24428
23263
23293
23318
23382
23609
24439
23292
23383
23610
24438
23267
23401
23737
24524
23266
23281
23405
23579
23271
23406
23577
23268
23277
23413
23679
23275
23414
23680
23270
23272
23435
23669
23271
23434
23663
23433
23578
23274
23436
23673
23274
23276
23438
23671
23439
23672
23276
23444
23681
23440
23678
23279
23412
23670
23279
23442
23556
23659
23443
23662
23295
23299
23321
23558
23829
23283
23477
23580
23283
23287
23476
23582
23478
23581
23285
23286
23473
23602
23288
23474
23605
23287
23484
23604
23475
23603
23290
23481
23598
23290
23291
23479
23596
23480
23597
23292
23482
23599
23318
23483
23595
23294
23319
23381
23615
24437
23320
23389
23616
24436
23399
23411
23419
23437
23297
23316
23485
23490
24515
23403
23415
23462
23555
24517
23309
23509
23816
23302
23819
23302
23303
23820
23818
23304
23821
23305
23822
23306
23823
23307
23824
23308
23825
23310
23826
23310
23827
23828
23312
23314
23498
23515
23624
23317
23499
23510
23623
23321
23415
23555
23315
23492
23513
23625
23493
23509
23514
23843
23388
23491
23511
24518
23325
23497
23512
23622
23319
23487
23600
23320
23488
23601
23324
23489
23620
23419
23557
23830
23323
23325
23495
23618
23324
23494
23617
23486
23619
23496
23621
23463
23500
23533
24473
23328
23467
23516
23517
23910
23329
23331
23466
23902
23330
23332
23464
24452
23333
23390
23465
24440
23332
23496
23517
23906
23333
23495
24442
23391
23494
24441
23336
23337
23352
23422
24552
23339
23393
23394
23425
24537
23340
23397
23421
24546
23340
23366
23440
24553
23339
23341
23393
23441
24540
23342
23442
24544
23398
23444
24550
23392
23399
23437
24536
23394
23400
23443
24547
23344
23346
23368
23445
24480
23363
23369
23446
24481
23346
23347
23370
23447
24460
23371
23448
24457
23349
23372
23449
24461
23349
23351
23373
23450
24466
23374
23451
24462
23351
23356
23376
23430
24471
23375
23404
24465
23353
23366
23423
24456
23354
23367
23429
24455
23355
23378
23427
24477
23357
23379
23428
24474
23357
23377
23431
24469
23380
23432
24475
23360
23389
23390
23461
24501
23360
23365
23382
23457
24486
23381
23460
24500
23362
23364
23384
23452
24482
23363
23385
23453
24483
23386
23454
24484
23365
23387
23455
24493
23383
23456
24494
23367
23438
24453
23378
23439
24454
23369
23371
23473
24487
23386
23474
24488
23371
23372
23475
24478
23484
24479
23374
23476
24458
23374
23375
23477
24464
23478
24459
23376
23405
24463
23377
23406
24470
23380
23433
24468
23379
23436
24476
23380
23435
24472
23434
24467
23382
23389
23488
24499
23383
23487
24498
23387
23483
24485
23385
23387
23479
24489
23386
23480
24490
23481
24491
23482
24492
23463
23533
23559
24516
23391
23489
24496
23391
23459
24497
23486
24495
23393
23402
23420
24532
23424
24545
23395
23426
24541
23396
23400
23408
24542
23397
23401
23409
24543
23398
23410
24548
23401
23414
24549
23402
23403
24533
23401
23412
24538
23413
24539
23411
23472
24534
23419
23472
23557
24535
23405
23430
23450
23406
23477
23430
23433
23417
23471
23485
23490
23503
23409
23412
23426
23410
23413
23414
23421
23418
23420
23507
23413
23443
23414
23444
23417
23419
23485
23419
23418
23462
23505
23419
23472
23504
23424
23437
23508
23422
23444
23423
23440
23429
23438
23425
23441
23552
23426
23442
23553
23443
23428
23429
23436
23432
23435
23439
23431
23432
23433
23434
23434
23435
23436
23439
23441
23558
23439
23440
23444
23442
23556
23443
23446
23448
23473
23454
23474
23448
23449
23475
23484
23451
23476
23451
23477
23478
23453
23455
23479
23454
23480
23481
23456
23482
23457
23483
23460
23487
23470
23493
23535
23461
23465
23486
23461
23488
23489
23472
23490
23860
23491
23502
24530
23465
23466
23495
23494
23467
23496
23469
23497
23469
23470
23498
23537
23499
23516
23492
23519
23491
23501
24531
23474
23484
23481
23476
23484
23478
23478
23480
23482
23481
23483
23487
23489
23494
23488
23489
23491
23506
23493
23498
23536
23576
23495
23496
23497
23499
23517
23499
23538
23518
23502
24551
23503
23506
23506
23505
23505
23507
23508
23552
23817
23512
23515
23518
23591
23890
23559
24555
23517
23593
23892
23514
23515
23536
23846
23946
23576
23844
23945
23538
23594
23929
23518
23537
23920
23518
23909
23538
23919
23535
23536
23537
24095
23531
23532
23550
23572
23927
23522
23526
23548
23565
23925
23544
23566
23923
23524
23525
23540
23561
23911
23527
23541
23562
23912
23526
23542
23563
23913
23543
23564
23924
23528
23545
23567
23914
23529
23546
23568
23915
23530
23547
23569
23916
23531
23539
23570
23917
23549
23571
23926
23534
23551
23574
23921
24519
23554
23560
23573
24090
23560
23576
24094
23538
23576
24092
23538
24089
24088
23547
23549
23904
23541
23542
23897
23545
23898
23543
23896
23548
23903
23548
23918
23546
23899
23547
23900
23901
23908
23550
23905
23551
23928
23554
23867
23553
23557
23592
24554
23558
23657
23586
24529
23706
24416
23575
24093
23562
23563
24445
23567
24446
23564
24443
23565
24444
23566
23894
23893
23568
24447
23569
24448
23570
24449
23571
24450
23572
24451
23574
23895
23574
23575
23922
23907
23576
24087
24091
23578
23579
23584
23654
23585
23661
23663
23580
23583
23693
23581
23587
23694
23582
23588
23705
23589
23603
23704
23584
23587
23746
24647
23585
23748
24648
23749
23770
24649
23592
23762
23830
23847
24570
23588
23747
24646
23589
23756
24644
23590
23761
24653
23603
23614
23760
24652
23593
23594
23623
23630
24587
23845
24571
23622
23629
23631
24588
23624
23646
23846
24904
23599
23600
23610
23695
23597
23599
23606
23697
23598
23607
23698
23605
23608
23696
23611
23699
23601
23609
23707
23615
23620
23713
23604
23605
23612
23700
23604
23702
23614
23703
23613
23701
23607
23611
23742
24660
23608
23743
24654
23613
23744
24655
23610
23615
23773
24662
23611
23771
24659
23772
24661
23613
23614
23757
24650
23758
24656
23759
24651
23616
23774
24657
23620
23626
23776
24658
23618
23619
23627
23710
23621
23628
23709
23620
23626
23711
23712
23622
23629
23708
23623
23714
23624
23716
23625
23715
23731
23843
23846
23627
23775
24663
23628
23777
24664
23629
23778
24590
23779
24589
23631
23646
23649
23716
24665
23714
23779
24667
30816
23634
23647
23651
23732
23844
24675
23736
23762
23847
24872
23635
23730
23859
23645
23728
23858
23638
23720
23852
23638
23639
23721
23853
23719
23851
23640
23722
23854
23641
23724
23850
23642
23723
23849
23643
23725
23848
23644
23726
23856
23645
23727
23857
23729
23855
23647
23648
23715
24666
23652
23731
23846
24674
23649
23652
23795
24670
27528
23796
24672
27529
30816
23811
26962
27659
23652
23810
23859
24803
27649
23809
24671
27651
23706
23736
23762
23763
24880
23661
23693
23748
26960
23691
23730
23782
23813
23816
23665
23670
23745
23812
26930
23659
23706
23717
23763
23676
23814
23662
23676
23769
23661
23663
23664
23751
26954
23749
26953
23670
23739
23812
23669
23770
23668
23669
23750
26955
23674
23679
23733
26976
23667
23671
23677
23753
26964
23668
23672
23754
26970
23673
23755
26971
23673
23768
23679
23740
23672
23678
23765
23673
23766
23767
23675
23680
23734
26974
23677
23681
23735
26975
23717
23780
23812
23678
23752
26963
23681
23764
23680
23737
23681
23738
23741
23683
23684
23719
23788
23818
23720
23789
23819
23685
23721
23790
23820
23686
23722
23791
23821
23687
23724
23786
23822
23688
23723
23787
23823
23689
23725
23785
23824
23690
23726
23793
23825
23692
23727
23794
23826
23692
23728
23784
23827
23729
23792
23828
23694
23746
26917
23705
23747
26916
23699
23707
23771
26940
23698
23701
23744
26932
23698
23699
23742
26938
23743
26931
23772
26939
23701
23703
23757
26934
23758
26935
23703
23704
23760
26936
23759
26937
23705
23761
26933
23756
26918
23718
23829
23713
23773
26941
23709
23714
23779
30817
23710
23778
26944
23711
23777
26943
23712
23775
26942
23713
23776
26945
23774
26946
23716
30818
23716
23731
23795
23796
23718
23811
23736
23720
23721
23800
23842
23801
23840
23722
23802
23841
23724
23803
23834
23724
23725
23799
23836
23798
23835
23726
23797
23837
23727
23804
23838
23729
23805
23839
23729
23730
23806
23832
23807
23833
23732
23808
23831
23732
23809
23810
23813
23843
23734
23737
23745
24578
27001
23735
23738
24584
26969
23741
23752
24869
26972
23811
24585
23738
23740
24575
23741
24576
23740
23769
23781
24572
23745
24574
23764
24582
23743
23772
24891
26925
23744
24892
26923
23758
24893
26924
23781
24583
27000
23747
23748
24870
26915
23756
24871
26913
23749
24873
26961
23751
24874
26958
23751
23755
23768
24878
26956
23770
24879
26959
23753
23764
24867
26965
23754
23765
24883
26966
23755
23766
24884
26967
23767
24876
26957
23761
24886
26914
23758
23759
24896
26920
24897
26926
23760
24898
26922
23761
24885
26921
24887
26919
23829
24645
23769
23811
24581
23765
24868
23766
24866
23767
24881
23768
24882
23770
24875
23780
24579
24877
23772
23773
24895
26929
24894
26927
23774
24889
26928
23776
24890
26948
23776
23777
24901
26950
24899
26949
23778
24900
26951
23779
24668
26952
24669
30815
23781
23811
24577
26962
23812
24573
26968
23784
23808
23815
26973
26930
23792
23806
26983
23787
23793
23797
26984
23787
23791
23798
26985
23799
26986
23789
23790
23800
26978
23801
26977
23791
23802
26979
23803
26987
23794
23807
26980
23794
23804
26981
23805
26982
23796
23809
27332
27333
30818
23799
23804
23848
26988
23799
23803
23850
26989
23849
26990
23801
23802
23851
26991
23852
26992
23803
23853
26993
23854
26994
23805
23856
26996
23807
23857
26997
23807
23808
23858
26998
23855
26995
23810
23859
26999
23810
27336
23815
27335
24586
23814
26947
23815
23817
27701
23817
23827
23831
23843
23819
23820
23842
23840
23821
23841
23822
23834
23823
23835
23824
23836
23825
23837
23826
23838
23828
23839
23828
23832
23833
23830
23832
23843
23833
23839
23835
23841
23836
23837
23838
23839
23842
23842
23844
23846
24905
24580
24906
24888
23849
23856
24805
27546
23850
24806
27548
23854
24807
27547
23852
23853
24810
27549
24808
27550
23854
24809
27551
24811
27552
23857
23858
24812
27553
23857
24813
27554
24814
27555
23859
24815
27545
24816
27543
24099
24517
24531
24269
24354
23865
24271
23866
24321
23871
24244
23871
24246
24322
23921
23928
24100
24237
24371
23870
24156
24157
24245
23887
24036
24507
24513
24957
24271
24390
24509
24558
23882
23885
24322
24398
23885
23887
24228
24398
24507
23878
24310
24511
24213
24504
24506
24559
24309
24504
23884
24357
24392
23881
24209
24511
24054
24512
24561
24321
24393
24558
24129
24386
24389
24323
24399
24560
24319
24124
24386
24503
24230
24559
23889
23976
24414
24442
24590
23892
23906
23975
24589
23892
23919
23929
23996
24587
24074
24416
24519
23909
23993
24588
23894
23923
23933
24191
23925
23932
24192
24444
23907
23927
23941
24202
24451
23897
23903
23913
24347
23898
23911
24348
23899
23912
24349
23900
23914
24350
23901
23915
24351
23904
23916
24352
23906
23910
24274
24452
23908
23924
24346
23905
23917
24353
23926
23928
24358
23909
24184
24442
23921
23922
23943
24203
23918
23925
24345
23910
23919
24189
23920
24286
23912
23913
24293
24445
23914
24294
24446
23924
24295
24443
23915
24297
24447
23916
24298
24448
23917
24299
24449
23926
24300
24450
23923
24344
23920
24088
24190
24089
24287
23927
24090
24291
23942
24087
24090
24233
23925
24290
23925
24296
24444
24289
23927
24301
24451
23928
24292
24372
23946
23995
24088
24904
23931
23934
23980
24443
23932
23981
24444
23933
23979
23984
23935
23982
24445
23936
23983
24446
23937
23985
24447
23938
23986
24448
23939
23987
24449
23940
23988
24450
23941
23989
24451
23943
23990
23943
23944
23994
23978
23945
23997
24087
23946
23998
24091
24905
23999
24092
24906
23948
24002
24007
24098
24515
24971
24000
24005
24099
24405
24517
24015
24085
24367
24375
24381
24006
24083
24106
24502
24950
23952
23954
23980
24113
24913
23953
23981
24116
24914
23956
23979
24117
24915
23955
23982
24114
24916
23957
23983
24115
24917
23984
24118
24911
23958
23985
24119
24508
24919
23959
23986
24120
24383
24918
23960
23987
24121
24378
24920
23961
23988
24122
24379
24921
23962
23989
24123
24377
24922
23965
23990
24125
24382
24912
23964
23966
23996
24112
24600
23993
24021
24111
24599
23967
23978
24124
24503
24923
23969
23995
24132
24909
23968
23994
24133
24926
23970
23997
24134
24924
23970
23999
24136
24910
23998
24135
24925
23972
23974
23977
24143
24602
23973
23991
24144
24603
23992
24022
24145
24592
23976
24021
24149
24605
23976
23993
24021
24184
24609
23977
24181
24606
23991
24182
24414
24607
23990
23994
24203
24942
23981
23984
24192
24931
23981
23982
24193
24929
24194
24930
23983
24195
24933
23985
24196
24934
24191
24932
23986
24197
24936
23987
24198
24935
23988
24199
24937
23989
24200
24938
23990
24201
24939
24202
24940
23992
24183
24413
24608
24053
24188
24436
24595
23996
24189
24610
23997
24233
24941
23996
23999
24232
24927
24190
24611
23998
24234
24943
23999
24235
24944
24236
24945
24004
24009
24096
24411
24535
24006
24008
24229
24242
24502
24972
24006
24008
24097
24404
24518
24004
24009
24019
24084
24155
24412
24005
24082
24158
24975
24007
24081
24152
24948
24007
24154
24947
24083
24151
24903
24223
24237
24516
24974
24010
24153
24408
24533
24011
24019
24076
24238
24536
24012
24020
24077
24239
24540
24013
24015
24078
24240
24544
24014
24016
24079
24241
24547
24017
24073
24159
24261
24538
24016
24020
24243
24403
24017
24244
24375
24401
24018
24245
24397
24402
24072
24159
24162
24246
24384
24020
24086
24156
24409
24085
24157
24406
24326
24601
24053
24064
24221
24591
24024
24026
24030
24224
24415
24709
24025
24031
24222
24527
24708
24070
24080
24161
24526
24707
24028
24035
24225
24418
24710
24029
24033
24046
24175
24423
24714
24029
24036
24226
24425
24711
24034
24170
24426
24712
24031
24035
24227
24396
24794
24080
24164
24380
24792
24074
24229
24557
24604
24972
24034
24063
24213
24506
24766
24036
24231
24513
24765
24036
24228
24507
24795
24230
24764
24041
24046
24055
24174
24421
24621
24039
24040
24056
24167
24432
24627
24044
24059
24168
24433
24628
24043
24060
24169
24427
24622
24042
24054
24171
24422
24619
24043
24061
24172
24420
24623
24062
24176
24419
24624
24045
24058
24165
24431
24625
24052
24057
24166
24430
24626
24063
24173
24424
24620
24048
24049
24068
24186
24438
24614
24053
24064
24185
24439
24593
24050
24069
24180
24428
24618
24051
24065
24177
24429
24615
24052
24066
24178
24434
24616
24067
24179
24435
24617
24187
24437
24594
24055
24061
24209
24635
24063
24212
24512
24634
24059
24060
24204
24637
24058
24067
24205
24638
24059
24206
24639
24207
24643
24062
24208
24640
24062
24210
24641
24214
24642
24211
24505
24636
24068
24219
24597
24066
24069
24216
24630
24067
24217
24631
24218
24632
24069
24220
24633
24215
24629
24071
24075
24160
24521
24706
24072
24073
24159
24524
24705
24075
24376
24402
24718
24079
24402
24523
24704
24223
24928
24974
24080
24162
24373
24790
24077
24408
24409
24528
24700
24078
24406
24520
24701
24079
24403
24525
24702
24401
24522
24703
24163
24374
24791
24082
24083
24363
24949
24084
24364
24970
24365
24902
24086
24368
24410
24086
24366
24400
24369
24407
24091
24093
24234
24089
24092
24232
24095
24247
24093
24288
24092
24094
24235
24095
24236
24094
24248
24095
24249
24250
24099
24153
24158
24531
24098
24154
24237
24099
24151
24152
24256
24357
24551
24310
24354
24104
24107
24120
24370
24383
24105
24110
24122
24370
24379
24109
24119
24387
24508
24123
24377
24386
24389
24154
24365
24399
24108
24109
24333
24110
24334
24370
24332
24388
24335
24389
24112
24126
24189
24326
24127
24132
24190
24114
24116
24193
24330
24115
24195
24328
24119
24196
24329
24387
24117
24194
24331
24118
24130
24192
24131
24191
24120
24197
24332
24121
24198
24333
24122
24199
24334
24370
24123
24200
24335
24125
24201
24336
24125
24128
24133
24203
24129
24202
24386
24127
24286
24327
24137
24287
24129
24141
24291
24142
24292
24336
24131
24289
24331
24361
24290
24359
24136
24137
24232
24134
24141
24233
24135
24138
24234
24136
24139
24235
24140
24236
24140
24247
24139
24141
24248
24140
24249
24250
24288
24362
24372
24144
24146
24149
24182
24145
24147
24183
24148
24188
24221
24147
24150
24280
24148
24281
24285
24318
24150
24181
24326
24279
24327
24152
24154
24365
24158
24363
24155
24238
24534
24242
24156
24158
24368
24157
24238
24369
24239
24243
24366
24364
24160
24262
24539
24161
24162
24263
24549
24163
24222
24264
24550
24163
24271
24390
24164
24272
24391
24222
24227
24321
24393
24166
24168
24206
24251
24487
24179
24205
24252
24488
24168
24169
24204
24253
24478
24207
24254
24479
24176
24208
24255
24458
24175
24226
24231
24260
24472
24172
24174
24209
24268
24463
24176
24210
24267
24464
24174
24175
24211
24269
24468
24212
24266
24470
24213
24270
24467
24214
24273
24459
24178
24180
24216
24275
24489
24179
24217
24276
24490
24218
24277
24491
24186
24215
24278
24492
24182
24184
24279
24442
24183
24280
24441
24188
24281
24495
24189
24274
24326
24186
24187
24219
24282
24498
24220
24283
24485
24188
24221
24284
24499
24285
24496
24190
24286
24232
24287
24192
24290
24194
24289
24194
24195
24295
24443
24296
24444
24196
24293
24445
24197
24294
24446
24198
24297
24447
24199
24298
24448
24200
24299
24449
24201
24300
24450
24202
24301
24451
24203
24292
24233
24291
24207
24208
24302
24206
24218
24303
24207
24304
24305
24214
24306
24210
24212
24308
24214
24307
24212
24213
24309
24504
24310
24511
24231
24325
24311
24216
24220
24312
24217
24313
24218
24314
24315
24220
24221
24316
24317
24318
24224
24265
24553
24229
24256
24519
24225
24227
24257
24453
24226
24228
24258
24454
24230
24259
24476
24228
24322
24398
24230
24319
24323
24560
24231
24320
24324
24559
24236
24247
24234
24288
24235
24248
24236
24249
24250
24242
24256
24530
24239
24532
24240
24545
24241
24243
24537
24244
24261
24541
24323
24371
24399
24244
24367
24245
24385
24246
24261
24510
24262
24271
24509
24250
24287
24249
24288
24250
24252
24254
24304
24480
24277
24303
24481
24254
24255
24302
24460
24305
24457
24273
24306
24461
24323
24473
24258
24265
24322
24456
24259
24319
24455
24260
24320
24477
24270
24324
24474
24262
24542
24263
24543
24264
24271
24548
24265
24272
24546
24321
24552
24268
24269
24310
24471
24268
24273
24307
24466
24308
24465
24270
24309
24469
24325
24475
24272
24321
24558
24311
24462
24279
24286
24327
24276
24278
24313
24482
24277
24314
24483
24315
24484
24283
24312
24493
24280
24452
24281
24440
24285
24497
24283
24284
24316
24486
24317
24494
24285
24318
24500
24501
24287
24291
24290
24296
24345
24344
24292
24301
24372
24294
24295
24328
24348
24297
24329
24349
24296
24330
24347
24331
24346
24298
24332
24350
24299
24333
24351
24300
24334
24352
24301
24335
24353
24336
24358
24305
24306
24304
24315
24305
24311
24308
24311
24310
24310
24325
24354
24313
24317
24314
24315
24317
24318
24320
24322
24324
24322
24357
24325
24355
24356
24327
24329
24330
24337
24514
24332
24338
24388
24331
24339
24360
24333
24340
24334
24341
24335
24342
24336
24343
24362
24389
24338
24339
24348
24340
24349
24347
24360
24341
24350
24342
24351
24343
24352
24353
24362
24345
24359
24346
24361
24347
24360
24348
24349
24350
24351
24352
24353
24358
24356
24356
24371
24362
24372
24361
24361
24364
24365
24368
24367
24369
24385
24369
24378
24392
24374
24376
24390
24850
24380
24391
24851
24385
24394
24397
24384
24395
24853
24379
24382
24959
24379
24383
24562
24961
24393
24396
24854
24394
24400
24403
24958
24386
24503
24613
24508
24563
24390
24397
24509
24510
24388
24514
24391
24393
24558
24399
24398
24395
24401
24964
24397
24402
24863
24398
24507
24857
24510
24502
24406
24407
24862
24402
24403
24716
24717
24406
24715
24555
24721
24947
24971
24974
24411
24554
24677
24948
24971
24409
24789
24409
24410
24852
24411
24412
24417
24713
24412
24793
24412
24849
24970
24529
24699
24975
24763
24975
24414
24436
24495
24663
24441
24664
24418
24453
24527
24866
24516
24555
24907
24974
24528
24529
24533
24645
24425
24454
24881
24420
24427
24459
24644
24422
24464
24646
24422
24424
24470
24648
24463
24647
24424
24426
24467
24877
24468
24649
24426
24476
24882
24472
24875
24432
24458
24653
24429
24438
24492
24661
24434
24489
24660
24431
24435
24488
24656
24433
24487
24650
24433
24478
24652
24479
24651
24435
24490
24654
24491
24655
24437
24496
24658
24439
24499
24657
24439
24485
24659
24498
24662
24441
24452
24497
24442
24495
24452
24444
24445
24446
24447
24448
24449
24450
24451
24454
24456
24553
24455
24476
24456
24477
24552
24460
24479
24480
24459
24461
24478
24462
24464
24461
24478
24462
24466
24464
24465
24470
24466
24466
24471
24468
24472
24475
24469
24470
24471
24475
24471
24474
24476
24519
24530
24551
24475
24477
24477
24479
24487
24481
24487
24484
24488
24483
24489
24493
24484
24490
24491
24492
24494
24498
24494
24498
24500
24488
24491
24490
24492
24491
24493
24494
24496
24497
24499
24501
24501
24499
24500
24501
24560
24969
24612
24505
24511
24506
24512
24951
24513
24955
24865
24510
24512
24960
24559
24954
24517
24518
24973
24518
24519
24530
24535
24554
24555
24525
24528
24540
24581
24524
24526
24549
24576
24523
24525
24547
24572
24524
24538
24574
24539
24575
24544
24579
24527
24550
24582
24553
24868
24536
24880
24535
24554
24570
24534
24535
24534
24536
24545
24534
24535
24536
24540
24541
24544
24545
24539
24542
24547
24543
24549
24544
24545
24542
24547
24543
24548
24547
24548
24550
24552
24549
24550
24553
24553
24571
24973
24598
24973
24566
24568
24683
24560
24969
24635
24960
24968
24563
24920
24961
24918
24568
24843
24858
24965
24801
24958
24966
24967
28870
24569
24720
24864
24950
24782
24968
28847
24725
24864
24767
24969
24571
24645
24699
24888
24580
24673
24677
24573
24574
24579
24703
24577
24583
24743
27657
24575
24583
24704
24576
24578
24705
24582
24584
24706
24579
24586
24742
27654
24583
24584
24738
27664
24581
24702
24598
24676
24973
24586
24701
24880
24707
24868
24869
24740
27767
24744
24869
27663
24586
24750
24872
24880
30746
24741
27659
24588
24611
24665
24904
24589
24610
24667
24590
24609
24669
24606
24664
24668
24592
24594
24597
24689
24595
24603
24688
24594
24597
24614
24662
24733
24595
24657
24736
24608
24658
24735
24721
24767
24907
24928
24974
24633
24687
24721
24907
24600
24601
24610
24678
24611
24679
24909
24605
24609
24684
24603
24605
24607
24690
24608
24685
24767
24928
24606
24691
24607
24609
24693
24608
24664
24694
24663
24695
24610
24692
24611
24696
24698
24927
24613
24908
24923
24912
24959
24618
24633
24659
24734
24616
24618
24630
24660
24729
24617
24631
24654
24730
24626
24632
24655
24731
24629
24661
24732
24621
24623
24635
24647
24752
24621
24636
24649
24714
24754
24634
24648
24755
24624
24627
24640
24653
24762
24624
24641
24646
24753
24642
24644
24757
24626
24628
24639
24650
24759
24638
24656
24751
24628
24637
24652
24760
24643
24651
24761
24630
24633
24768
24631
24769
24632
24770
24638
24771
24686
24635
24636
24780
24960
24641
24781
24766
24779
24951
24640
24643
24786
24639
24777
24643
24778
24642
24788
24642
24782
24784
24787
24646
24653
24886
24713
24872
24880
24647
24871
24648
24870
24649
24873
24874
24877
24651
24656
24896
24652
24898
24653
24885
24887
24655
24660
24892
24656
24893
24897
24658
24662
24890
24663
24899
24661
24662
24895
24661
24891
24894
24889
24664
24901
24900
24666
24667
24672
24698
24670
24674
24697
24904
24669
24696
30745
24669
24693
24900
27702
24692
30744
24671
24672
24818
27890
24674
24803
27891
30755
27981
30745
30753
24739
24888
24675
24724
24906
24723
24803
24905
24677
24719
24721
24728
24971
24699
24722
24739
24679
24684
24696
30747
24680
24698
30749
24681
24697
24909
30748
24682
24724
24910
27733
24723
24925
27741
24720
24725
24691
24692
30751
24688
24690
24695
27734
24687
24734
24768
27707
24689
24733
27706
24689
24735
27735
24736
27705
24691
24694
27742
24693
27743
24693
24696
30756
24694
27745
24695
24900
27746
24735
24901
27737
24698
30752
24698
24724
24818
24927
30753
24713
24796
24842
24701
24713
24750
24793
24880
24702
24741
24789
24703
24715
24742
24704
24716
24743
24705
24717
24740
24706
24718
24738
24707
24744
24790
24708
24745
24791
24709
24746
24792
24868
24710
24747
24794
24866
24711
24748
24795
24881
24712
24749
24764
24882
24714
24758
24765
24875
24737
24763
24756
24766
24877
24716
24789
24801
24958
24717
24797
24964
24718
24726
24863
24727
24790
24853
24720
24722
24725
24864
24903
24721
24767
24947
24796
24843
24858
24948
24724
24944
30757
24945
30755
24728
24843
24727
24740
24797
24952
28805
24738
24798
24845
28806
24739
24730
24732
24769
24891
27709
24731
24770
24892
27710
24751
24771
24893
27708
24734
24768
24894
27711
24734
24736
24889
27712
24895
27713
24736
24899
27736
24890
27714
24750
24772
24820
24842
24872
24740
24744
28809
24842
24843
24743
28808
24742
24750
24800
28103
24743
24801
28104
24797
28807
24745
24798
28810
24746
24799
24869
28798
24747
24802
24867
28799
24748
24774
24883
28791
24749
24775
24884
28786
24758
24776
24876
28787
24773
28785
24759
24777
24897
27720
24753
24755
24781
24870
27717
24757
24782
24871
27715
24755
24756
24779
24874
28789
24780
24873
27718
24758
24783
24879
28790
24762
24784
24886
27716
24785
24878
28788
24761
24778
24896
27719
24761
24762
24786
24885
27739
24787
24898
27721
24788
24887
27738
24772
24793
24796
24849
24765
24776
24795
24957
24766
24785
24954
24783
24955
24972
24769
27703
24770
27704
24771
27722
24777
27723
24773
24817
24956
27732
24793
24800
24962
28803
24775
24794
24802
24856
28784
24776
24795
24859
28796
24785
24860
28792
24778
27729
24787
27730
24780
24783
24953
28794
24781
24963
27726
24782
24968
27727
24784
27724
24785
24861
28795
24788
27725
24844
28793
24787
24788
27728
27731
27740
24793
24800
24862
24791
24798
24850
24792
24799
24851
24794
24802
24854
24852
24795
24857
24865
24817
24855
24975
24801
24966
28801
24799
24846
28811
24802
24847
28802
24801
24967
28804
28797
24848
28800
24816
27914
30757
24820
24872
30746
24806
24813
24821
28061
24807
24822
28063
24811
24823
28062
24810
24829
28065
24810
24811
24824
28066
24826
28064
24825
28067
24814
24815
24830
28068
24814
24827
28069
24828
28070
24816
24831
28071
27747
28091
24842
24843
24965
30750
28733
30748
30753
30755
24820
24842
30750
27732
28785
24822
24827
24832
28363
24823
24833
28364
24825
24834
28365
24825
24826
24836
28368
24838
28369
24829
24837
28366
24828
24841
28371
24830
24840
28372
24835
28367
24831
24839
28370
27747
28373
30754
24833
24841
28204
24834
28205
24838
28206
24837
28208
24837
24838
28209
28207
28210
24840
28200
30754
24841
28201
28211
24888
24860
24861
24954
28820
24846
24853
24952
28813
24847
24850
28817
24848
24851
28814
24854
24856
28818
24852
24855
24956
24851
24853
24854
24862
24962
24863
24857
24858
24965
24970
24857
24859
28815
24865
24864
24949
24860
24865
28816
24957
28819
24953
24955
28821
24958
24967
24952
24964
24902
24957
24868
24881
24883
24868
24869
24883
27789
27790
24871
24873
27748
24886
27751
24888
24874
27749
24879
27783
24877
24878
24882
24878
24882
24884
27787
24879
24879
27788
27784
24882
24884
24884
27785
27786
24887
24898
27761
24887
27750
27759
24890
24895
27758
24899
27764
24892
24894
27752
24893
27755
24897
27756
24895
27753
27754
24897
24898
27760
27757
27762
24901
27763
24901
27765
27766
24903
24949
24950
24947
24948
24971
24906
24927
24906
24944
24945
24926
24946
24910
24927
24925
24945
24915
24932
24922
24923
24940
24914
24916
24929
24915
24930
24931
24917
24933
24919
24934
24919
24920
24935
24936
24921
24937
24922
24938
24961
24939
24959
24926
24942
24925
24926
24943
24946
24944
24941
24945
24930
24933
24931
24932
24934
24936
24936
24937
24938
24939
24940
24942
24942
24943
24944
24945
24950
24972
24949
24975
24970
24969
24953
24955
24960
24966
28838
24963
28822
24955
24957
24962
24965
28876
24964
24961
24963
24967
28874
24968
28831
24966
28878
28860
28848
28830
24972
24975
24973
24974
24987
25023
25520
25523
26905
24985
24986
24989
25018
26838
24979
24980
24990
25011
26839
24985
24991
25017
26840
24982
24992
25012
26841
24982
24983
24993
25013
26842
24994
25014
26844
24984
24995
25015
26843
24996
25016
26845
24997
25019
26846
24987
24998
25020
26848
24999
25021
26849
25000
25820
26893
24997
24998
25039
24991
24992
25040
24997
25041
24994
25042
24994
24995
25043
25044
24996
25072
25073
25045
24999
25046
25047
25523
25077
26024
26875
25005
25007
25055
25837
26898
25003
25004
25071
25531
25817
26901
25038
25522
25530
25816
26904
25005
25069
25807
26899
25068
25806
26900
25007
25053
25090
25988
26895
25054
25989
26896
25009
25056
25107
25133
25135
25536
25010
25076
25096
26864
25056
25074
25139
26871
25012
25017
25040
25109
25014
25042
25111
25014
25015
25043
25112
25044
25113
25016
25072
25114
25073
25115
25019
25041
25110
25019
25020
25039
25108
25045
25116
25021
25046
25117
25023
25047
25118
25023
25049
25510
25520
25534
25048
25119
25025
25030
25097
25482
26802
25095
25106
25453
25526
25027
25057
25078
25483
26011
25028
25105
25484
26012
25033
25100
25486
26019
25032
25034
25103
25490
26021
25031
25098
25485
26020
25032
25099
25488
26022
25104
25489
26023
25034
25101
25487
26018
25102
25491
26017
25036
25049
25512
25521
25534
25942
25038
25514
25522
25535
25941
25056
25070
25074
25071
25513
25533
25944
25045
25046
25120
25838
25041
25042
25121
25839
25045
25122
25840
25044
25123
25841
25044
25072
25124
25842
25125
25844
25128
25846
25047
25129
25847
25048
25130
25848
25049
25131
25523
25849
25132
25524
25940
25051
25052
25092
25506
25974
25053
25090
25504
25973
25066
25091
25505
25975
25054
25507
25977
25055
25508
25833
25068
25509
25834
25134
25058
25079
25493
26010
25059
25080
25494
25982
25060
25081
25495
25983
25061
25082
25496
25980
25062
25083
25497
25979
25063
25084
25498
25981
25064
25085
25499
25978
25067
25086
25500
25984
25066
25067
25087
25501
25985
25088
25502
25976
25089
25503
25986
25069
25516
25835
25071
25517
25836
25075
25134
25939
26088
25518
25537
25943
25073
25126
25843
25127
25845
25075
25077
25529
26869
25094
25139
25860
26908
25135
25137
25139
25859
26858
25094
25519
26861
25079
25105
26009
26880
25080
26006
26881
25081
26008
26882
25082
26007
26892
25083
25994
26883
25084
25995
26884
25085
25996
26885
25086
25990
26886
25089
25992
26887
25088
25089
25991
26888
25091
25998
26889
25993
26890
25092
25987
26897
25092
25997
26891
25999
26894
25095
25096
25106
25138
26866
25939
25945
26024
26798
25097
25136
26865
25107
25137
26872
25098
26803
26867
25099
26804
26873
25104
26806
26868
25101
25105
26026
26878
25102
26027
26874
25103
26028
26876
25104
26029
26877
26805
26870
26025
26879
25107
25492
25525
25515
26801
25116
25117
25120
25462
25110
25111
25121
25456
25116
25122
25463
25113
25123
25457
25113
25114
25124
25458
25125
25459
25115
25126
25461
25127
25460
25128
25464
25118
25129
25465
25119
25130
25466
25131
25467
25510
25128
25129
25358
26065
25122
25123
25360
26066
25128
25359
26067
25125
25362
26068
25125
25126
25363
26069
25364
26070
25127
25366
26074
25365
26071
25361
26072
25130
25355
26073
25131
25356
26089
25132
25357
26090
25354
25510
25512
26762
25515
26765
25135
25139
26075
26756
25897
26765
26801
25138
25526
25858
26803
26860
25138
25862
26801
26856
25525
25861
26857
25857
26859
25141
25149
25160
25164
26417
25142
25148
25162
25547
26416
25143
25155
25163
25546
26415
25154
25161
25381
25548
26423
25145
25147
25157
25220
26427
25146
25150
25221
25550
26429
25147
25148
25152
25551
26418
25149
25158
26421
25149
25155
25553
26424
25159
26425
25151
25152
25224
25549
26428
25153
25226
25378
26696
25153
25155
25552
26419
25154
25379
26420
25155
25380
26422
25554
26426
25157
25220
25228
25312
26389
25158
25313
26390
25159
25314
26398
25160
25315
26397
25214
25316
26399
25163
25203
25382
25555
26431
25163
25164
25204
25557
26432
25205
25556
26430
25202
25214
26433
25166
25176
25193
25383
25558
26391
25167
25174
25194
25559
26434
25175
25192
25209
26435
25169
25170
25171
25178
25560
26436
25173
25177
25207
26437
25172
25179
25387
25561
26402
25172
25173
25174
25563
26438
25176
25388
25562
26392
25175
25208
26439
25175
25176
25565
26440
25206
26441
25384
25564
26393
25178
25182
25219
26442
25179
25183
25566
26443
25189
25389
25567
26404
25181
25182
25184
25215
26445
25183
25185
25188
25568
26446
25183
25216
26448
25189
25569
26449
25185
25186
25217
26450
25187
25191
25570
26453
25187
25218
26451
25190
25571
26452
25189
25191
25390
25542
26412
25391
25543
26405
25191
25392
25545
26414
25393
25544
26413
25194
25195
25210
26454
25194
25196
25385
25572
26456
25197
25573
26455
25197
25198
25211
26457
25197
25199
25386
25575
26459
25200
25574
26458
25200
25202
25212
26460
25200
25201
25205
25576
26461
25204
25577
26462
25203
25386
25394
25578
26463
25204
25213
26464
25205
25395
25580
26465
25205
25579
26467
25581
26466
25208
25209
25320
26401
25208
25219
25317
26400
25318
26403
25210
25321
26406
25211
25322
26407
25212
25323
26408
25213
25324
26409
25214
25325
26410
25326
26411
25216
25217
25330
26444
25219
25331
26395
25218
25319
26447
25328
26693
25329
26394
25221
25222
26468
25223
25224
25582
26470
25223
25228
25277
26471
25225
25278
25583
26473
25225
25226
26469
25227
25298
26472
25227
25396
26694
25299
25397
26695
25308
25327
26396
25239
25261
25309
25311
25427
25236
25242
25244
25246
26699
25232
25257
25263
25264
26698
25243
25254
25259
26808
25237
25248
25250
25262
26725
25235
25245
25249
25432
26735
25240
25246
25429
26736
25245
25251
25258
26775
25238
25241
25260
26754
25261
25311
25345
26726
25310
25346
25435
25438
25247
25253
25430
26737
25250
25311
25433
26710
25243
25258
25343
26575
25244
25584
26734
25247
25254
26704
25246
25248
26707
25247
26705
25252
26706
25249
25251
26700
25250
25431
26708
25428
26709
25262
25344
26703
25253
25254
25255
26711
25256
25436
26713
25257
26712
25256
25257
25281
26701
25282
25437
26702
25283
26697
26576
25263
26577
25262
26573
26727
25341
26564
25302
25342
26574
25265
25283
25302
26589
25266
25280
25300
26590
25267
25279
25301
26585
25268
25271
25303
26584
25272
25279
25289
25588
26591
25270
25273
25276
25304
26580
25274
25275
25290
25589
26581
25272
25273
25305
26578
25274
25294
25590
26579
25274
25306
26582
25292
25591
26583
25276
25278
25296
25592
26593
25277
25307
26594
25278
25308
26595
25298
25593
26596
25280
25284
25586
26587
25283
25287
25585
26588
25282
25283
25287
26719
25288
25440
26722
25587
26732
25285
25287
25289
26731
25286
25288
25441
26717
25289
25295
25442
26718
25288
26720
25443
26721
25294
26733
25291
25292
25296
26728
25293
25297
25444
26714
25293
25294
26729
25295
25446
26715
25295
26730
25445
26716
25297
25298
26592
25299
25447
26723
25299
26597
25448
26724
25301
25302
25332
26569
25303
25333
26570
25340
26586
25305
25337
26568
25306
25307
25334
26566
25306
25335
26565
25336
26567
25308
25338
26571
25339
26572
25310
26619
26727
26738
26746
26340
26598
26599
26739
25434
26738
25313
25327
25314
25315
25316
25326
25318
25329
25320
25328
25330
25321
25322
25323
25324
25325
25326
25339
25331
25331
25333
25340
25337
25336
25338
25336
25337
25339
25342
25344
25584
25480
25348
25351
25379
25518
26293
25350
25378
25517
26290
25350
25397
25418
25509
26292
25396
25516
26291
25352
25380
25513
25594
26131
25353
25381
25514
25595
26138
25354
25382
25512
25596
26139
25357
25395
25597
26137
25356
25358
25376
25465
26144
25357
25377
25466
26140
25394
25467
26141
25361
25367
25462
26142
25360
25361
25369
25463
26145
25362
25368
25456
26146
25375
25464
26143
25364
25370
25457
26147
25364
25366
25371
25458
26149
25372
25459
26148
25366
25373
25460
26151
25374
25461
26150
25375
25376
25383
25476
26184
25369
25370
25387
25468
26185
25375
25388
25469
26186
25372
25389
25470
26187
25372
25374
25390
25472
26188
25391
25473
26189
25374
25392
25471
26190
25393
25474
26191
25384
25475
26192
25377
25385
25598
26193
25386
25394
25607
26177
25379
25396
26294
25380
26297
25381
25609
26181
25382
25610
26182
25395
25611
26183
25384
25385
25599
26168
25388
25602
26170
25386
25603
26179
25612
26178
25388
25389
25600
26171
25601
26169
25391
25604
26172
25391
25393
25605
26174
25606
26175
25393
25477
26173
25478
26176
25395
25608
26180
25613
26167
25397
26295
25448
26296
25419
25424
25455
25490
26744
25419
25425
25435
25487
26741
25420
25426
25454
25485
25527
25614
25402
25425
25434
25484
26743
25410
25433
25483
26333
25404
25415
25437
25499
26315
25407
25440
25500
26314
25406
25407
25441
25501
26319
25408
25442
25502
26320
25443
25503
26321
25409
25445
25505
26298
25416
25446
25506
26300
25411
25428
25493
26335
25412
25431
25494
26336
25413
25432
25495
26337
25414
25429
25496
26317
25415
25430
25497
26318
25436
25498
26316
25417
25444
25504
26299
25418
25447
25507
26301
25448
25508
26302
25422
25491
26745
25421
25479
25482
26328
25453
26332
25424
25435
25438
26339
25424
25449
25455
25481
25528
25439
25450
25427
25486
26742
25449
26248
25434
25435
26746
25431
25433
26323
25430
25432
26325
25436
26322
25432
26327
26324
25434
26326
26338
26340
25437
26331
25440
26329
25439
25480
26739
26249
25443
26309
25442
25443
26306
25445
26307
26308
25446
25447
26303
25446
26305
26304
25448
26310
26311
25454
26330
25528
26249
26259
26339
26744
25452
25492
25525
26224
26289
26807
25453
25526
26332
26358
26753
25482
25492
25455
25488
26334
25489
26740
25457
25463
25468
25459
25470
25459
25461
25472
25473
25461
25471
25474
25464
25465
25476
25464
25469
25475
25466
25598
25467
25607
25597
25608
25469
25470
25600
25475
25601
25473
25604
25474
25477
25473
25474
25605
25606
25478
25476
25602
25598
25599
25478
25545
25544
25605
25614
25485
26753
25484
25493
26747
25486
26748
25488
26749
25487
26751
25491
26752
25489
26750
25490
26773
25491
26774
26772
25511
25515
25494
26388
25495
26386
25496
26383
25497
26384
25498
26385
25499
26387
25500
26364
25503
26365
25502
25503
26368
25505
26370
26369
25506
25507
26382
25506
26367
26366
25508
26372
25509
26371
25516
26373
25538
25597
25514
25538
26761
25514
25518
25539
26763
25540
26764
26807
25517
26766
25518
26767
25541
26771
25529
25524
25615
26906
25522
25524
25615
25814
26907
25532
25815
26903
25524
25812
26851
25526
25892
26801
25895
26802
26231
26248
26328
26334
26749
26250
26286
26330
26740
25531
25532
25533
26810
25537
26809
25535
25615
26811
25535
25537
25539
25535
25538
25615
25540
25541
25540
25596
25540
25541
25594
25595
25543
25544
25568
25605
25567
25569
25606
25545
25570
25571
25547
25548
25554
25556
25553
25557
25555
25610
25550
25552
25551
25582
25552
25553
25554
25554
25556
25580
25611
25557
25581
25579
25559
25564
25572
25599
25565
25573
25561
25563
25566
25562
25567
25600
25563
25564
25601
25565
25565
25602
25567
25569
25604
25569
25570
25571
25573
25575
25603
25574
25575
25577
25576
25612
25577
25578
25581
25579
25580
25608
25612
25581
25581
25613
25583
25593
25586
25587
25588
25590
25591
25592
25591
25593
25595
25609
25596
25610
25597
25611
25613
25603
25607
25602
25603
25601
25604
25602
25612
25606
25606
25608
25612
25613
25610
25611
25613
26812
25625
25626
26229
26782
25619
25627
25638
26228
26778
25620
25628
25642
25647
26227
25621
25637
25646
26233
25624
25643
25659
26234
25622
25633
25655
26235
25623
25634
25656
26236
25624
25635
25657
26237
25636
25658
26238
25630
26232
26781
25639
25644
26225
26783
25629
25641
26244
26777
25645
25653
26226
25632
25644
26240
26779
26231
26279
26780
26247
26312
25640
25641
25666
26267
25634
25637
26252
25635
26253
25636
26254
25643
26255
25638
26256
25641
26257
25640
26259
25644
26260
26261
25643
26262
26263
26241
26784
25652
26245
25655
26108
26362
26778
25653
25659
25689
26361
25649
25690
26348
25654
25691
26349
25651
25654
25692
26350
25652
25694
26351
25653
25695
26352
25683
26341
25693
26345
25656
25684
26378
25657
25686
26374
25658
25687
26375
25659
25688
26376
25685
26377
26504
26788
26609
26638
26628
26639
25664
26602
26637
26611
26638
26603
26639
26599
25670
25671
25702
25767
25669
25672
25705
25772
25670
25707
25773
25708
25774
25675
25703
25770
25677
25706
25771
25674
25677
25704
25766
25679
25710
25765
25676
25701
25769
25700
25768
26101
25709
25764
25679
25776
25711
25775
25735
26052
26105
25698
25851
26104
26119
25863
25886
25689
25695
25702
25903
25686
25906
26108
26128
25688
25689
25701
25904
25687
25907
26129
25688
25699
25908
25700
25909
25703
25905
25691
25696
25704
25923
25693
25709
25917
25693
25694
25705
25918
25706
25919
25695
25707
25920
25708
25921
25710
25922
25698
25799
25852
25935
25934
26106
25700
25953
26101
26129
25701
25954
25703
25955
25703
25708
25957
25956
25709
25710
25968
25706
25707
25960
25709
25961
25708
25962
25963
25959
25711
25969
25970
25737
25749
26062
26063
26910
25714
25738
25748
26064
25715
25739
25782
25740
25741
25787
25717
25720
25742
25744
26822
25718
25741
25747
25720
25724
25751
25735
26052
26061
25723
25750
26830
25722
25726
25727
25757
26793
25723
25725
25752
26791
25724
25753
26909
25725
26091
25726
26092
25729
26093
25728
25729
25756
26794
25730
25732
25755
26795
25730
26096
25734
26095
25732
26014
26795
26836
25733
25734
25754
25736
25758
25736
26094
26031
26097
25738
25743
26064
26820
25739
25783
26821
25740
25786
26823
25742
25784
26824
25742
25788
25785
26825
25746
25749
25783
25860
26908
25747
25750
25785
25858
26860
25749
25796
25851
26000
26062
26104
25748
25937
26064
26103
25751
25788
25856
25782
25783
25936
25945
26103
26798
25751
25753
25938
26912
26091
26118
25753
25757
25946
26092
26797
25947
26091
26796
25755
25758
25949
26014
26094
25756
25950
26015
26095
25757
25952
26096
26799
25951
26093
26800
25759
25948
26016
26097
25760
25964
26013
26098
25762
25966
26004
26099
25762
25763
25958
26001
26100
25965
26005
26102
25768
25953
26003
26101
25766
25771
25827
25959
25766
25775
25830
25969
25826
25968
25770
25774
25821
25957
25769
25954
26002
25770
25829
25955
25822
25956
25772
25828
25961
25773
25824
25960
25774
25825
25962
25823
25963
25776
25819
25970
25778
25818
25972
25800
26052
26058
26061
26105
25779
25803
25971
25780
25795
25804
25781
25794
25805
25792
25801
25809
25786
25787
25855
25786
25857
26859
25785
25786
25787
25862
26856
25788
25861
26857
25859
26858
25788
25854
25853
25791
25793
25814
25888
26051
25791
25792
25801
25816
25928
25802
25815
25929
25794
25817
25931
25812
25886
26050
25795
25807
25932
25806
25930
25971
25811
25934
26054
26106
26862
25798
25799
25810
25852
26032
25800
26033
26105
25811
26034
26106
25808
25810
26053
25802
25831
25832
26051
25804
25818
25837
26898
25805
25806
26900
25807
25809
26899
25807
25835
25837
25817
25836
26058
26853
26911
25817
25831
26901
25811
25967
26030
26911
25935
26056
26863
25814
25940
26060
25820
25935
26863
25815
25942
26059
25816
25832
25941
25817
25831
25944
25943
25819
25989
26896
25830
25988
26895
25934
26024
26862
25822
25823
25990
26886
25829
25996
26885
25825
25992
26887
25825
25828
25991
26888
25993
26890
25827
25830
25999
26894
25828
25997
26891
25998
26889
25995
26002
26884
25987
26897
25832
26904
26059
26903
25834
25925
25977
25989
26371
25835
25837
25926
26373
25836
25930
26766
25932
25943
26767
25971
25989
25846
25847
25864
26065
25840
25841
25867
26066
25846
25866
26067
25844
25870
26068
25843
25844
25872
26069
25845
25874
26074
25873
26070
25884
26071
25879
26072
25848
25882
26073
25849
25883
26089
25885
25940
26090
25927
25939
26024
25927
25934
25945
26024
25967
25854
25856
25861
25894
25855
25862
25896
25859
25910
25936
25858
25893
26118
25859
25860
25936
26075
25861
25895
25938
25862
25897
25937
25945
26088
25862
25892
25890
25885
25887
25865
25879
25882
26077
25880
25881
25867
25868
25879
26078
25869
25870
26079
25869
25880
25871
25871
25873
26080
25878
25873
25874
25876
26081
25878
26082
25877
25884
26083
25877
25884
25877
25878
25880
26085
25882
25887
25883
26086
25885
25887
26076
26084
25886
26755
25888
25940
26757
25929
25942
26758
25891
25902
26119
25892
25896
25897
26288
26801
25937
26088
26116
25894
25895
26289
25894
25895
26107
26786
25896
26360
25911
26358
25910
26312
25910
26075
26359
25899
25906
25966
26011
26108
26362
25900
25964
26012
26109
26346
25901
25948
26019
26110
26344
25916
25949
26018
26111
26353
25927
25939
25945
26088
25905
25921
25957
25978
26341
25905
25909
25955
25979
26377
25956
25981
26361
25907
25965
26010
26378
25908
25958
25982
26374
25909
25953
25983
26375
25954
25980
26376
26116
26313
25912
25938
26107
26357
26802
25913
25947
26020
26112
26354
25914
25946
26022
26113
26343
25915
25951
26023
26117
26342
25916
25952
26021
26114
26355
25950
26017
26115
26356
25919
25923
25959
25975
26349
25919
25920
25960
25985
26350
25961
25976
26345
25921
25962
25986
26351
25963
25984
26352
25923
25924
25969
25973
26347
25968
25974
26348
25925
25970
25977
26363
25926
25972
26379
25930
25971
26380
25933
25929
25931
25944
26759
25941
26760
25932
26381
25932
25943
26769
26770
25934
25935
25967
25937
26116
26119
25947
26118
26803
25942
26762
25942
25944
26764
26761
25944
26771
26763
26119
25947
25951
26121
26806
26120
26804
25949
25964
26026
26123
25950
26027
26124
25952
26028
26125
25952
26122
26805
26029
26126
25954
25958
26007
25955
25994
25956
25995
25957
25996
25963
25990
25965
26008
26129
25961
25968
25997
25961
25962
25991
25998
25963
25993
25992
25966
26025
26127
25966
26006
26128
26009
26130
25969
25999
25970
25987
25972
25988
25972
25989
25974
25977
25987
26382
25975
25999
26366
25976
25997
26367
25985
25998
26370
25988
26372
25981
25984
25990
26364
25980
25981
25995
26385
25983
25994
26384
25996
26387
25983
26008
26010
26386
26007
26383
25986
25992
26365
25986
25991
26368
25993
26369
25988
25999
25989
25992
25996
25993
25998
25993
25995
26002
26007
25996
25998
25999
26024
26790
26798
26862
26875
26003
26005
26008
26882
26003
26883
26007
26892
26005
26009
26013
26880
26006
26881
26008
26009
26010
26008
26011
26025
26011
26388
26012
26747
26019
26025
26748
26016
26025
26879
26015
26016
26027
26874
26028
26795
26799
26876
26026
26878
26018
26021
26028
26772
26019
26027
26752
26026
26751
26022
26749
26802
26804
26023
26029
26774
26023
26750
26806
26773
26805
26026
26027
26028
26029
26799
26805
26032
26053
26056
26852
26033
26061
26105
26033
26034
26053
26056
26057
26046
26047
26037
26046
26039
26039
26041
26041
26042
26043
26044
26045
26048
26049
26050
26051
26060
26059
26061
26853
26056
26057
26062
26831
26057
26062
26063
26104
26855
26106
26792
26060
26907
26851
26792
26790
26064
26103
26072
26073
26077
26142
26067
26068
26079
26146
26072
26078
26145
26070
26080
26147
26070
26074
26081
26149
26082
26148
26074
26084
26151
26085
26143
26086
26089
26144
26083
26150
26088
26116
26768
26086
26089
26155
26755
26085
26086
26158
26079
26085
26161
26080
26160
26082
26162
26082
26083
26164
26165
26084
26166
26163
26159
26157
26088
26768
26090
26140
26141
26755
26762
26092
26120
26093
26121
26096
26122
26095
26097
26124
26096
26125
26126
26098
26123
26099
26127
26102
26130
26101
26102
26129
26128
26104
26119
26106
26112
26118
26785
26109
26130
26110
26127
26778
26111
26123
26777
26115
26124
26779
26113
26120
26780
26117
26121
26781
26115
26117
26126
26783
26125
26784
26122
26782
26120
26121
26122
26126
26124
26127
26125
26126
26130
26129
26130
26136
26138
26181
26293
26763
26133
26135
26195
26290
26770
26136
26194
26293
26769
26135
26222
26230
26292
26380
26223
26291
26381
26152
26196
26759
26139
26141
26154
26167
26762
26139
26152
26182
26764
26153
26183
26761
26141
26144
26155
26177
26156
26180
26143
26144
26158
26184
26145
26159
26192
26157
26193
26146
26161
26186
26147
26160
26185
26148
26162
26187
26149
26165
26189
26150
26164
26188
26151
26166
26191
26163
26190
26153
26197
26760
26154
26198
26758
26156
26210
26757
26156
26157
26221
26209
26755
26158
26220
26159
26211
26161
26219
26161
26162
26212
26213
26165
26214
26166
26217
26165
26166
26215
26216
26218
26180
26183
26210
26465
26170
26179
26184
26199
26391
26170
26171
26186
26200
26392
26192
26201
26393
26172
26185
26203
26402
26175
26187
26204
26404
26176
26190
26205
26414
26175
26176
26188
26206
26412
26189
26207
26405
26191
26208
26413
26178
26180
26193
26221
26179
26459
26463
26545
26193
26202
26456
26209
26463
26182
26196
26297
26422
26183
26197
26423
26198
26431
26192
26193
26211
26186
26187
26212
26192
26213
26189
26214
26189
26191
26215
26216
26191
26217
26218
26219
26220
26195
26196
26297
26479
26223
26294
26480
26197
26482
26198
26488
26210
26496
26201
26202
26211
26508
26201
26203
26213
26520
26219
26515
26220
26540
26545
26204
26212
26518
26207
26214
26523
26208
26217
26534
26207
26208
26215
26531
26216
26533
26218
26532
26210
26221
26550
26554
26219
26220
26213
26214
26219
26216
26216
26218
26218
26221
26545
26223
26276
26296
26556
26295
26555
26239
26332
26229
26241
26259
26355
26744
26227
26245
26251
26315
26341
26234
26262
26316
26361
26233
26244
26257
26346
26743
26232
26250
26342
26740
26246
26276
26302
26379
26232
26265
26278
26354
26258
26334
26343
26235
26256
26333
26362
26238
26263
26318
26377
26236
26252
26335
26378
26237
26253
26336
26374
26238
26254
26337
26375
26255
26317
26376
26247
26281
26289
26241
26244
26267
26353
26741
26260
26356
26745
26246
26268
26282
26299
26347
26245
26273
26284
26321
26351
26261
26344
26742
26274
26314
26352
26275
26301
26363
26288
26265
26287
26330
26286
26634
26739
26258
26259
26266
26262
26274
26329
26610
26253
26256
26323
26617
26254
26327
26615
26255
26324
26614
26263
26325
26616
26257
26326
26606
26261
26338
26618
26264
26265
26330
26260
26634
26267
26339
26641
26267
26619
26746
26263
26331
26621
26322
26622
26266
26277
26286
26634
26340
26599
26269
26275
26303
26645
26270
26282
26304
26647
26271
26283
26305
26650
26272
26285
26307
26652
26273
26284
26306
26651
26274
26308
26653
26309
26655
26276
26310
26684
26311
26685
26278
26287
26776
26279
26281
26328
26357
26280
26776
26785
26281
26786
26332
26358
26283
26300
26348
26285
26298
26349
26285
26319
26350
26320
26345
26328
26289
26312
26359
26807
26358
26360
26291
26293
26294
26767
26292
26295
26766
26296
26302
26373
26297
26771
26295
26297
26696
26296
26694
26311
26695
26420
26300
26305
26320
26367
26300
26301
26303
26382
26304
26366
26302
26310
26372
26311
26371
26304
26310
26714
26305
26715
26307
26716
26307
26308
26319
26717
26320
26718
26309
26321
26721
26314
26329
26722
26311
26723
26724
26313
26360
26359
26315
26321
26365
26316
26329
26364
26318
26331
26387
26318
26325
26337
26384
26322
26385
26320
26321
26368
26370
26369
26325
26331
26737
26326
26327
26335
26709
26325
26327
26337
26735
26736
26333
26338
26710
26336
26708
26332
26753
26331
26702
26334
26713
26335
26743
26747
26740
26750
26336
26388
26337
26386
26383
26738
26743
26746
26340
26739
26745
26741
26746
26352
26361
26364
26343
26355
26773
26782
26354
26750
26781
26346
26353
26751
26777
26349
26350
26370
26362
26748
26778
26348
26363
26382
26349
26366
26367
26351
26368
26352
26369
26365
26356
26752
26779
26357
26749
26780
26356
26774
26783
26772
26784
26358
26753
26785
26786
26765
26768
26786
26377
26387
26378
26747
26372
26379
26365
26387
26369
26367
26382
26370
26369
26370
26372
26373
26379
26382
26380
26766
26375
26378
26386
26376
26383
26377
26384
26385
26388
26380
26381
26766
26770
26384
26386
26385
26387
26388
26747
26390
26396
26468
26478
26398
26427
26492
26393
26434
26456
26508
26393
26402
26438
26520
26440
26515
26395
26400
26442
26506
26444
26448
26502
26471
26559
26572
26398
26399
26425
26483
26421
26484
26411
26417
26474
26403
26437
26507
26403
26406
26441
26524
26404
26436
26518
26439
26511
26405
26443
26523
26412
26449
26533
26407
26435
26535
26408
26454
26536
26409
26457
26542
26410
26460
26538
26411
26464
26537
26433
26499
26413
26446
26531
26414
26453
26532
26452
26534
26416
26423
26426
26430
26475
26417
26424
26432
26476
26425
26433
26477
26419
26421
26424
26429
26485
26420
26426
26428
26481
26422
26479
26696
26425
26427
26486
26423
26426
26482
26431
26488
26425
26426
26489
26490
26487
26429
26468
26494
26429
26469
26491
26696
26470
26493
26431
26432
26466
26495
26465
26496
26433
26467
26498
26464
26497
26435
26440
26455
26509
26441
26454
26510
26437
26438
26443
26517
26439
26442
26513
26439
26440
26519
26441
26514
26441
26516
26512
26443
26448
26521
26449
26522
26445
26447
26504
26446
26448
26450
26525
26449
26453
26528
26450
26501
26693
26449
26526
26530
26451
26453
26505
26452
26503
26693
26453
26527
26529
26455
26457
26539
26456
26458
26541
26459
26540
26458
26460
26543
26459
26462
26544
26461
26546
26462
26464
26547
26462
26463
26466
26549
26467
26548
26465
26550
26467
26551
26466
26554
26467
26552
26553
26470
26471
26562
26470
26472
26557
26694
26473
26560
26473
26561
26595
26473
26558
26597
26695
26563
26596
26477
26483
26499
26476
26487
26488
26495
26477
26489
26498
26490
26497
26492
26559
26562
26480
26481
26482
26491
26555
26696
26485
26487
26491
26487
26488
26484
26490
26486
26492
26486
26489
26493
26490
26494
26489
26496
26490
26493
26557
26494
26494
26560
26562
26496
26498
26552
26554
26498
26499
26551
26553
26537
26501
26503
26693
26787
26504
26505
26788
26504
26506
26526
26505
26527
26525
26525
26529
26507
26521
26511
26513
26509
26515
26540
26510
26516
26541
26512
26535
26539
26514
26524
26514
26516
26524
26514
26517
26521
26519
26516
26520
26519
26518
26519
26522
26520
26523
26520
26522
26526
26523
26530
26533
26535
26526
26528
26530
26529
26534
26529
26530
26531
26532
26533
26532
26533
26534
26536
26539
26542
26538
26551
26542
26547
26541
26543
26541
26546
26544
26543
26544
26547
26546
26548
26546
26550
26549
26548
26551
26549
26553
26550
26552
26554
26553
26553
26554
26556
26557
26694
26558
26685
26695
26558
26560
26563
26686
26561
26687
26562
26563
26562
26563
26688
26689
26573
26640
26703
26725
26567
26568
26578
26663
26567
26571
26580
26664
26582
26665
26570
26584
26667
26570
26586
26590
26674
26585
26676
26572
26594
26681
26595
26687
26630
26691
26754
26577
26586
26624
26698
26576
26643
26699
26734
26631
26690
26775
26636
26692
26808
26579
26582
26584
26670
26583
26591
26666
26730
26581
26582
26594
26671
26583
26593
26668
26728
26583
26672
26669
26729
26585
26591
26673
26587
26590
26679
26589
26660
26588
26591
26675
26731
26590
26658
26720
26732
26590
26661
26698
26732
26677
26678
26733
26593
26597
26680
26723
26728
26594
26596
26682
26595
26683
26596
26688
26597
26689
26686
26724
26627
26727
26619
26627
26641
26601
26610
26620
26654
26701
26608
26623
26659
26697
26605
26611
26612
26643
26699
26604
26615
26626
26644
26700
26605
26612
26614
26707
26631
26644
26775
26617
26618
26625
26710
26608
26623
26636
26642
26808
26611
26620
26712
26636
26642
26692
26621
26655
26702
26613
26642
26704
26613
26616
26705
26620
26622
26706
26615
26616
26735
26617
26708
26622
26736
26626
26709
26619
26629
26738
26635
26621
26711
26622
26713
26737
26624
26661
26698
26636
26660
26626
26629
26630
26754
26640
26725
26633
26635
26631
26644
26690
26632
26635
26726
26632
26640
26643
26691
26641
26641
26727
26638
26643
26642
26644
26789
26644
26789
26739
26643
26734
26703
26646
26647
26684
26714
26648
26668
26680
26728
26648
26650
26715
26649
26669
26729
26650
26662
26666
26730
26652
26716
26652
26653
26656
26717
26662
26718
26655
26657
26721
26655
26657
26659
26719
26722
26657
26662
26675
26731
26658
26720
26659
26675
26677
26661
26732
26661
26674
26677
26678
26733
26665
26667
26670
26665
26671
26681
26672
26669
26670
26678
26673
26676
26669
26671
26682
26672
26672
26673
26672
26683
26678
26679
26676
26677
26678
26679
26679
26679
26682
26684
26686
26683
26687
26683
26689
26688
26685
26723
26686
26724
26689
26688
26689
26703
26726
26734
26695
26696
26724
26698
26701
26712
26732
26808
26704
26705
26775
26703
26707
26708
26725
26702
26711
26719
26713
26722
26775
26706
26712
26734
26706
26707
26736
26711
26737
26735
26775
26709
26735
26710
26725
26738
26754
26712
26713
26808
26737
26715
26723
26728
26716
26729
26718
26730
26718
26721
26731
26733
26720
26722
26732
26721
26731
26722
26724
26754
26727
26738
26754
26729
26730
26733
26733
26808
26736
26737
26744
26773
26742
26745
26752
26743
26746
26751
26748
26745
26774
26772
26748
26751
26750
26753
26773
26752
26772
26802
26757
26765
26768
26758
26762
26760
26761
26760
26763
26769
26764
26762
26764
26764
26771
26807
26767
26770
26771
26770
26771
26774
26774
26778
26779
26784
26781
26785
26782
26783
26784
26786
26788
26831
26910
26793
26797
26833
26909
26853
26794
26800
26834
26795
26799
26835
26837
26797
26804
26873
26909
26912
26800
26806
26868
26861
26908
26910
26800
26877
26805
26870
26807
26803
26804
26912
26806
26806
26810
26901
26811
26904
26812
26903
26906
26907
26847
26875
26816
26854
26855
26902
26819
26833
26873
26909
26850
26852
26818
26821
26827
26871
26820
26832
26869
26826
26830
26867
26821
26908
26910
26823
26859
26825
26826
26830
26860
26824
26827
26858
26825
26828
26856
26829
26857
26829
26865
26828
26864
26829
26872
26866
26909
26912
26854
26855
26862
26861
26910
26834
26868
26835
26870
26837
26877
26837
26874
26876
26846
26848
26840
26841
26846
26844
26843
26844
26845
26893
26849
26905
26902
26911
26906
26907
26853
26855
26911
26893
26863
26857
26858
26872
26860
26866
26859
26864
26871
26908
26865
26912
26869
26875
26863
26893
26902
26911
26871
26872
26866
26867
26872
26873
26912
26870
26873
26871
26908
26877
26876
26878
26893
26877
26879
26880
26881
26882
26892
26884
26892
26885
26886
26887
26890
26889
26890
26891
26894
26902
26897
26896
26897
26898
26900
26900
26901
26904
26904
26907
26906
26914
26915
26916
27360
27751
26918
26919
27359
27750
26917
26961
27357
27748
26917
26918
27348
30525
26960
27345
30526
26933
27349
30522
26921
26933
27358
27759
26922
26926
26934
27374
27760
26922
26936
27361
27761
26937
27373
27762
26924
26925
26931
27538
27755
26926
26932
27539
27756
26927
26938
27536
27752
26935
27375
27757
26929
26939
27537
27753
26929
26941
26948
27540
27758
26940
27541
27754
26947
26976
27000
26932
26938
27353
30532
26935
27354
30530
26936
27347
30523
26935
26937
27352
30527
27355
30528
26937
27350
30524
27351
30529
26939
27321
30531
26940
27322
30533
26941
27328
30535
26946
27327
30534
26943
26945
26950
27323
30538
26944
26951
27325
30539
26952
27324
30540
30817
26946
26949
27329
30537
26948
27330
30536
26968
26949
27542
27764
26950
27530
27763
26951
27531
27766
26952
27532
27765
27533
27702
30815
26954
26958
26960
27340
30550
26955
26959
27341
30562
26956
26971
27344
30564
26957
26959
27372
27788
26967
26971
27371
27787
26959
26961
27368
27783
27369
27784
26961
27346
30551
27366
27749
26968
27654
26964
26965
26975
27339
28895
26966
26970
27337
30549
26966
26972
27367
27789
26967
27370
27785
26970
27364
27786
27000
27544
27657
26972
26974
27001
27362
27663
26971
27342
30563
27343
30561
26975
27363
27790
26983
26999
27671
27701
30339
26975
26976
27356
30560
27338
30422
27001
27334
26978
26992
27002
30387
26979
26991
27009
30388
26987
26993
27007
30389
26982
26983
26995
27003
30390
26982
26984
26996
27010
30391
26997
27011
30392
26998
27027
30341
26986
26988
27004
30386
26986
26987
26989
27006
30394
26990
27005
30393
26994
27008
30395
26990
26996
27062
27546
26990
26994
27064
27547
27063
27548
26992
26993
27068
27549
27067
27550
26994
27065
27551
27066
27552
26997
26998
27069
27553
26997
27070
27554
27071
27555
26999
27076
27545
27075
27335
27543
27001
27650
27767
27365
27664
27009
27029
27067
30342
27011
27027
27028
27069
30344
27005
27010
27034
27062
30398
27006
27032
27063
30399
27008
27033
27064
30400
27008
27009
27036
27065
30397
27037
27066
30401
27030
27068
30396
27011
27035
27070
30345
27031
27071
30343
27025
27084
27205
27337
27666
27141
30569
30712
27155
28896
30713
27016
27018
27020
27041
27129
30565
27021
27040
27135
27142
28897
27267
27670
30637
27023
27133
27142
27667
27024
27143
27265
27271
27407
30587
27021
27038
27078
27340
30552
27039
27079
27341
30424
27023
27042
27140
27141
27410
30569
27041
27132
27148
30600
27058
27139
27266
27409
30554
27026
27083
27156
27342
30700
27039
27081
27155
27343
28896
27076
27671
27687
30347
27031
27193
27685
27687
30360
27030
27200
27679
30359
27036
27198
27678
30369
27035
27195
27684
30368
27033
27034
27196
27674
30363
27037
27157
27675
30364
27035
27199
27672
30362
27201
27673
30365
27037
27197
27677
30367
27158
27676
30366
27041
27044
27077
27346
30553
27040
27082
27344
28894
27128
27138
27155
30713
27042
27134
30566
27044
27154
27317
30573
27046
27150
27221
27318
27347
30579
27045
27220
27345
30542
27046
27154
27219
27348
30543
27149
27319
27349
30544
27048
27050
27225
27243
27487
30650
27049
27226
27244
27488
30651
27061
27228
27240
27461
30673
27055
27227
27245
27489
30652
27053
27056
27229
27246
27490
30653
27053
27235
27247
27253
27491
30654
27230
27248
27492
30655
27055
27057
27231
27249
27493
30656
27232
27250
27494
30657
27057
27233
27251
27495
30658
27234
27252
27496
30659
27059
27262
27271
27669
27060
27261
27264
27266
30636
27146
27267
27270
27440
30637
27224
27241
27260
27268
30720
27063
27070
27199
27605
27064
27196
27607
27066
27157
27606
27066
27068
27197
27604
27158
27610
27068
27200
27602
27198
27603
27071
27076
27193
27562
27071
27201
27609
27195
27608
27205
27338
27418
27074
27075
27189
27335
27614
27665
27190
27206
27336
27613
30705
27076
27192
27561
27671
27194
27563
27078
27134
27220
27366
27798
27079
27129
27368
27791
27082
27135
27369
27792
27084
27205
27367
27418
27612
27662
27082
27083
27130
27371
27793
27128
27372
27797
27084
27131
27364
27769
27370
27556
27820
27086
27087
27089
27117
27381
30605
27088
27239
27244
27433
30606
27088
27092
27116
27382
30607
27091
27243
27434
30608
27090
27118
27239
27384
30609
27119
27147
27242
27385
30611
27092
27103
27245
27435
30679
27102
27120
27383
30612
27094
27097
27104
27122
27394
30613
27098
27105
27246
27465
30680
27096
27097
27099
27123
27398
30681
27098
27108
27247
27468
30692
27098
27124
27395
30614
27248
27469
30693
27108
27109
27125
27448
30694
27101
27103
27106
27249
27471
30682
27102
27107
27113
27399
30615
27103
27121
27400
30616
27250
27439
30683
27105
27107
27114
27396
30617
27106
27251
27474
30684
27107
27252
27477
30685
27115
27397
30618
27110
27254
27478
30695
27110
27111
27126
27449
30691
27112
27255
27479
30688
27112
27127
27187
27450
30690
27188
27258
27451
30689
27115
27121
27214
27391
30624
27115
27122
27217
27392
30626
27218
27393
30627
27117
27120
27210
27377
30620
27118
27211
27378
30619
27119
27208
27379
30577
27153
27209
27380
30578
27121
27212
27376
30621
27213
27388
30625
27124
27215
27389
30622
27124
27125
27202
27386
30686
27216
27390
30623
27126
27203
27387
30697
27127
27204
27447
30696
27191
27207
27452
30647
27130
27135
27453
27822
27133
27134
27135
27796
27131
27155
27600
27660
27156
27556
27768
27133
27134
27410
27414
27869
27136
27591
27655
27317
27823
27136
27794
27142
27453
27661
27265
27407
27408
27446
27645
28018
27142
27453
27143
27144
27150
27413
30599
27143
27154
27265
27408
30541
27148
27265
27446
27149
27411
30601
27145
27151
27266
27415
30602
27146
27147
27152
27416
30603
27266
27269
27443
30687
27153
27269
27412
30604
27414
27150
27154
27406
30570
27151
27404
30572
27152
27221
27401
30574
27153
27222
27402
30571
27223
27403
30575
27405
30576
27156
27158
27182
27196
27595
27183
27197
27566
27160
27162
27179
27287
27630
27688
27169
27180
27290
27631
27689
27162
27164
27182
27292
27632
27690
27181
27294
27633
27691
27166
27186
27298
27636
27682
27165
27183
27296
27634
27692
27166
27184
27297
27635
27680
27185
27299
27637
27681
27168
27172
27174
27303
27626
27693
27171
27173
27194
27640
27683
27170
27172
27305
27638
27694
27171
27180
27195
27624
27684
27172
27193
27623
27685
27307
27629
27695
27174
27175
27192
27639
27696
27176
27309
27627
27697
27176
27178
27189
27628
30709
27177
27311
27481
30706
27178
27188
27313
27483
30708
27187
27190
27482
30710
27180
27181
27199
27615
27672
27201
27616
27673
27182
27196
27617
27674
27183
27618
27675
27184
27619
27676
27185
27197
27620
27677
27186
27198
27621
27678
27200
27622
27679
27188
27191
27455
30644
27316
27454
30645
27190
27192
27641
30707
27191
27484
30711
27206
27485
30646
27194
27625
27686
27194
27195
27559
27652
27687
27201
27567
27199
27596
27198
27592
27200
27558
27201
27597
27557
27568
27203
27216
27324
27430
30629
27204
27326
27417
30699
27207
27331
27456
30698
27339
27207
27332
27486
30714
27333
27457
30648
27209
27211
27354
27421
30583
27223
27355
27422
30584
27211
27212
27321
27419
30586
27353
27420
30585
27213
27322
27423
30635
27214
27328
27424
30632
27218
27327
27425
30631
27216
27217
27323
27428
30630
27325
27429
30628
27218
27329
27427
30633
27330
27426
30634
27220
27319
27360
27405
27818
27317
27357
27817
27222
27320
27350
30580
27223
27351
27431
30581
27352
27432
30582
27228
27644
27226
27227
27569
27228
27570
27232
27571
27564
27230
27233
27572
27235
27574
27232
27234
27575
27576
27234
27577
27578
27236
27573
27237
27253
27579
27238
27256
27580
27257
27286
27581
27240
27242
27436
30610
27241
27244
27458
30701
27242
27270
27438
30702
27269
27437
30638
27244
27245
27460
30661
27459
30662
27250
27462
30663
27248
27251
27466
30664
27248
27254
27467
30665
27470
30666
27250
27252
27472
30667
27473
30668
27252
27475
30669
27476
30670
27254
27256
27497
30674
27255
27463
30671
27256
27258
27464
30649
27257
27498
30672
27258
27315
27499
30675
27316
27500
30660
27260
27268
27442
27444
27601
27781
27438
27461
27644
28001
27262
27440
27445
27501
27832
27409
27480
27599
27780
27265
27271
27645
27267
27501
30712
27445
30545
27268
27444
27270
27670
27270
27441
30678
27442
30588
27480
27273
27278
27288
27582
27274
27291
27584
27277
27293
27585
27276
27277
27301
27565
27280
27300
27653
27302
27586
27279
27289
27583
27281
27306
27588
27295
27648
27282
27308
27589
27283
27304
27587
27284
27310
27593
27285
27312
27598
27286
27314
27594
27315
27590
27288
27290
27294
27502
30727
27289
27291
27503
30728
27290
27306
27504
30730
27305
27505
30729
27293
27294
27506
30731
27293
27294
27296
27508
30734
27302
27507
30733
27509
30732
27298
27300
27511
30721
27297
27302
27516
30724
27299
27301
27517
30723
27299
27513
27698
27300
27514
30722
27301
27510
30736
27302
27512
30735
27515
30737
27304
27307
27309
27518
27699
27308
27310
27642
30738
27306
27307
27520
30739
27308
27519
30740
27308
27522
30725
27521
30741
27310
27311
27523
27700
27312
27646
30726
27312
27313
27524
27668
27314
27647
30715
27314
27316
27525
30719
27315
27643
30718
27316
27527
30716
27526
30717
27405
27410
27804
27319
27320
27358
27404
27816
27359
27406
27821
27361
27401
27431
27801
27322
27353
27536
30591
27328
27537
30595
27325
27329
27531
30639
27325
27326
27533
30640
27532
30641
27331
27534
30704
30817
27328
27330
27540
30596
27541
30597
27330
27530
30642
27542
30643
27333
27535
30703
30818
27333
27336
27528
30743
27529
30677
27356
27365
27336
27649
27701
27651
30742
27339
27342
27370
30558
27339
27356
27363
30676
27367
30555
27341
27346
27368
30557
27344
27369
30567
27343
27364
30421
27344
27371
30423
27372
30568
27346
27348
27357
30559
27366
30556
27349
27350
27358
30547
27349
27360
30546
27359
30548
27351
27361
30598
27352
27373
30589
27355
27374
30590
27354
27538
30592
27355
27539
30593
27375
30594
27362
27360
27366
27799
27359
27361
27825
27360
27826
27795
27373
27827
27363
27365
27560
27658
27367
27418
27774
27370
27371
27777
27650
27656
27368
27771
27370
27772
27369
27773
27372
27776
27775
27372
27778
27779
27374
27431
27828
27375
27432
27829
27422
27539
27815
27377
27383
27388
27423
27844
27378
27382
27419
27841
27379
27381
27420
27842
27380
27384
27421
27843
27385
27403
27422
27865
27382
27384
27433
27849
27383
27434
27850
27400
27435
28056
27385
27436
27851
27412
27437
27852
27387
27390
27398
27430
28003
27417
27447
27448
28015
27391
27400
27424
27846
27390
27392
27394
27428
28054
27395
27429
28055
27393
27399
27425
27845
27393
27396
27427
27847
27397
27426
27848
27395
27396
27465
28004
27398
27469
28017
27397
27474
28005
27399
27477
28006
27448
27468
28016
27400
27471
28057
27439
28058
27402
27404
27415
27805
27403
27416
27431
27806
27412
27432
27866
27406
27413
27807
27406
27408
27808
27411
27809
27409
27411
27480
28059
27410
27411
27854
27413
27445
27853
27446
27855
27413
27856
27416
27441
27857
27415
27868
27446
27591
28013
27416
27445
27870
27443
27871
27430
27456
27534
28014
27560
27810
27420
27423
27536
27872
27421
27538
27873
27422
27539
27875
27432
27800
27424
27537
27874
27425
27541
27858
27426
27540
27859
27427
27542
27860
27428
27530
27840
27429
27531
27839
27430
27532
28053
27533
28002
27432
27802
27803
27434
27436
27459
28000
27435
27460
28008
27439
27462
28010
27437
27458
28051
27438
27441
27830
27442
27458
28052
27471
27473
28012
27442
27443
27444
27835
27442
27443
27836
27837
27445
27834
27501
27864
27833
27611
27770
27449
27452
27456
28045
27449
27478
28046
27450
27479
28047
27451
27452
27455
28048
27454
27479
27500
28039
27457
27485
27997
27600
27824
27455
27483
27526
27995
27482
27485
27999
27457
27535
28044
27486
27529
27996
27459
27461
28009
27460
27488
28020
27462
27487
28021
27488
27564
28022
27473
27489
28023
27464
27467
27478
27497
28037
27479
27498
27500
27990
27466
27469
27474
28025
27470
27475
27490
28024
27468
27470
27491
28027
27469
27478
28026
27470
28029
27492
28028
27472
27477
28011
27473
27476
27493
28030
27494
28031
27475
27477
28032
27476
27495
28033
27477
27496
28034
28035
27479
28036
28038
27645
27831
27483
27524
27627
27628
27947
27483
27484
27628
27954
27525
27978
27485
27613
27641
27882
27486
27980
27528
27613
27953
27488
27489
27569
27982
27570
27983
27494
27571
27984
27492
27495
27572
27985
27492
27497
27573
27968
27574
27969
27494
27496
27575
27986
27576
27987
27496
27577
27988
27578
27989
27498
27579
27970
27499
27580
27971
27500
27527
27581
27972
27526
27991
27599
28040
27503
27505
27509
27630
27926
27504
27506
27582
27958
27505
27519
27583
27959
27520
27631
27929
27507
27509
27584
27960
27508
27515
27585
27961
27509
27516
27632
27931
27633
27933
27511
27512
27514
27653
27993
27513
27648
28042
27515
27517
27565
27974
27514
27636
27976
27517
27637
27963
27516
27586
27973
27517
27634
27934
27635
27935
27522
27523
27626
27642
27937
27520
27521
27588
27964
27522
27638
27940
27522
27589
27642
27943
27629
27942
27524
27627
27646
27944
27525
27647
27950
27526
27643
27977
27527
27994
27590
27643
27979
27529
27651
27890
27535
27981
27531
27542
27861
27532
27862
27533
27863
27534
28007
27535
28049
30815
28050
30816
27537
27538
27812
27541
27814
27539
27811
27813
27541
27542
27876
27877
27878
27545
27561
27649
28091
27650
28060
27553
27563
28071
27548
27554
27605
28061
27548
27552
27606
28062
27607
28063
27550
27551
27603
28064
27602
28065
27552
27604
28066
27610
28067
27555
27562
28068
27555
27609
28069
27608
28070
27612
27867
27558
27602
27622
28081
27592
27603
27621
28080
27562
27567
27623
27652
28084
27819
27563
27614
27625
28088
27563
27608
28075
27652
28089
27570
27644
27966
27586
27653
27975
27592
27595
27610
27619
28078
27568
27608
27624
28083
27597
27609
27616
28085
27570
27571
27955
27956
27576
27915
27574
27577
27916
27574
27579
27917
27918
27576
27578
27919
27920
27578
27922
27921
27580
27923
27581
27924
27590
27925
27583
27584
27927
27588
27928
27585
27930
27586
27932
27962
27589
27593
27642
27936
27589
27939
27941
27594
27952
28019
27604
27620
28079
27598
27646
27946
27598
27643
27951
27596
27606
27618
28077
27597
27607
27617
28087
27605
27615
28086
27647
27948
27992
27998
27644
28041
27603
28074
27604
28073
27610
28072
27607
27609
28092
27607
27610
28093
28094
27609
28097
28096
28095
27645
27879
27881
27614
27651
27880
27641
27649
27905
27616
27617
27630
27894
27624
27631
27901
27618
27633
27895
27619
27632
27896
27620
27634
27897
27621
27635
27898
27622
27637
27899
27636
27893
27624
27629
27640
27900
27638
27902
27639
27641
27652
27892
27627
27629
27640
27885
27639
27888
27639
27641
27889
27638
27887
27631
27633
27907
27638
27908
27633
27634
27909
27910
27635
27911
27637
27912
27637
27884
27883
27886
27640
27913
27652
27903
27906
27646
27938
27647
27965
27967
27957
27647
27945
27949
27653
27838
27651
27914
27782
27891
28082
28043
27657
27659
28090
28104
27661
27796
27869
28019
28632
27658
27664
27782
27904
28106
27767
28060
28807
27663
27774
27819
28702
28103
30746
27768
27793
27822
27998
28614
27794
27824
28076
28635
27772
27810
27820
27881
28581
27664
27790
28810
27767
28809
27671
27701
30297
30705
30707
30558
30700
30565
30600
27700
30305
30706
30715
30719
30554
30636
30408
30588
30720
27686
30323
27673
27674
27688
30348
27684
27689
30349
27675
27691
30350
27676
27690
30351
27677
27692
30352
27678
27680
30353
27679
27681
30354
27682
30355
27681
27692
30329
30723
27682
30356
30722
27698
30330
27685
27687
27693
27696
30331
27685
27694
30357
27695
30358
27687
27696
30337
30707
30361
27689
27691
30324
30727
27694
30325
30729
27691
27692
30326
30734
30327
30732
30328
30724
27695
27697
27699
30332
27695
30333
30739
30334
30725
27697
30335
30709
27700
30336
30706
30312
30721
30722
27700
30315
30725
30738
30338
30726
30318
30742
27745
27765
28007
30744
27704
27707
27711
28282
27709
27722
28284
27706
27714
27735
28290
27707
27712
28288
27713
28287
27710
27720
27723
27756
28688
27710
27711
27752
28686
27722
27755
28687
27713
27753
28689
27713
27714
27758
28691
27754
28692
27736
27764
28694
27716
27717
27724
27751
28697
27725
27738
27750
28709
27718
27727
27748
28696
27726
27749
28699
28789
27720
27721
27730
27760
28712
27729
27757
28713
27731
27739
27762
28711
27723
28285
27729
28283
27725
27727
28718
28847
27740
28725
28849
27727
28716
28794
28831
28717
28830
27731
27739
27740
28726
27730
28291
27731
28727
28728
28803
28876
30750
27741
28198
30748
30755
27735
27737
27742
28286
27736
28289
27737
27763
28693
27746
27766
28690
27739
27740
27759
28695
27761
28710
28714
27744
28212
30757
27743
27746
28360
27745
28362
30751
27747
28203
30754
27746
28740
30756
27765
28741
28736
30757
27749
27751
27799
27771
27783
27751
27759
27826
27795
27753
27755
27812
27754
27814
27758
27877
27756
27811
27757
27813
27760
27815
27764
27876
27761
27825
27762
27829
27762
27827
27828
27764
27766
27861
27878
27766
27863
27862
27782
28808
27769
27867
28102
28617
27777
27793
27820
28657
27855
27879
28013
28018
28631
27773
27798
27799
28699
27774
27775
27789
28704
27776
27783
27791
28698
27790
27810
28703
27777
27785
27820
28705
27779
27784
27792
28700
27778
27786
28706
27779
27787
27793
28707
27788
27797
28708
27831
27832
27853
27992
28499
27837
27864
28001
28041
28515
28060
28105
27784
28789
27788
28790
27786
27789
28791
27787
28786
27788
28787
28788
27790
28799
28798
27792
27796
27798
28654
27794
27797
28655
27797
28658
27796
27822
28616
27799
27818
27826
28697
27823
28611
27822
28656
27817
27823
28659
27817
28696
27803
27815
27865
27875
28644
27802
27805
27816
27827
28583
27803
27806
27828
28584
27829
27866
28660
27808
27817
27823
27855
28619
27806
27807
27870
28620
27866
27871
28621
27809
27816
27868
28622
27809
27818
27854
28623
27821
27856
28624
27819
28101
28653
27812
27813
27873
28687
27814
27872
28686
27815
27875
28688
27874
27877
28689
27829
28713
27821
27825
28576
27818
28577
27821
28578
27904
28652
27867
28580
27826
28582
27824
28613
27869
28612
27998
28636
27826
27827
28695
28709
27828
28710
27829
28711
28712
27836
27852
28051
28052
28450
27957
28059
28099
28505
27833
27835
28040
28509
27834
27853
27870
28508
27835
27836
27871
28511
27837
27864
28512
27837
27857
28514
28052
28516
28042
28043
28551
27840
27862
28053
28054
28647
27847
27860
27861
28650
27842
27844
27850
27872
28586
27843
27849
27873
28587
27851
27865
27875
28588
27846
27874
28056
28589
27846
27848
27859
28057
28594
27858
28058
28595
27848
28005
28054
28596
27860
28006
28597
27850
27851
28000
28598
28008
28056
28599
27852
28051
28601
27857
27865
28600
27868
28059
28627
27855
27856
28018
28628
27869
28630
27868
28059
28637
27866
27871
28641
27859
27874
27877
28649
27860
27876
28648
27878
28651
27862
27878
28693
27863
28690
28007
28053
28741
28040
28100
28513
27866
28585
28615
27881
28618
27870
28626
28013
28633
27871
28639
28640
27873
27874
28642
27875
28643
28646
28645
27877
27878
28691
28692
28694
27957
28098
28503
27882
27891
27905
27953
28389
28101
28395
27906
27954
27980
28406
27884
27899
27912
27963
28420
27893
27976
28421
27887
27888
27903
27937
28537
27887
27902
27908
27940
28540
27900
27942
28534
27913
27944
27947
28560
27906
27913
27947
27954
28422
27891
27953
27981
28733
27914
28738
27906
27913
28082
28088
28408
27899
28081
28425
27895
27901
27907
28086
28426
27896
27910
28087
28427
27897
27909
28077
28428
27898
27911
28078
28429
27899
27912
28079
28430
28080
28431
27902
27903
28084
28432
27902
27908
28085
28433
28083
28434
27913
28082
28435
28579
27906
27914
28088
28662
28405
27908
27910
27926
28414
27929
28415
27910
27911
27931
28416
27933
28417
27912
27934
28418
27935
28419
28436
28091
28737
27920
27955
27984
28456
27918
27922
27985
28459
27918
27923
27968
28463
27969
28468
27920
27921
27986
28474
27987
28479
27922
27989
28480
27988
28481
27924
27970
28488
27925
27971
28494
27952
27972
28496
27929
27933
27958
28521
27928
27930
27958
28545
27939
27959
28546
27940
27959
28524
27932
27960
28547
27933
27934
27961
28527
27961
27962
28549
27960
28528
27935
27973
28529
27963
27974
28530
27938
27941
27946
28556
27938
27942
27944
28536
27943
27945
28535
27941
27964
28557
27942
27964
28539
27943
28558
27943
28542
27964
28541
27945
27950
28544
27946
27949
28543
27948
28559
27950
27978
28561
27949
27951
28564
27950
27965
28562
27977
28563
27952
27965
28567
27979
28571
27980
27996
28387
27978
27999
28423
27956
27982
28445
27966
27983
28446
28018
28500
27959
27960
28522
27964
28523
27961
28525
27973
28526
27973
27975
28548
27976
27993
28531
28538
27977
27979
28565
27967
28022
28453
28001
28041
28449
27969
27970
28027
28464
27985
28028
28467
27971
28037
28490
27972
27990
28492
27979
27991
28495
27974
28533
27975
27993
28550
28043
28553
28042
28532
27978
27994
28566
27995
28568
27994
28570
27997
27999
28392
27996
28050
28734
27983
27984
28021
28444
28020
28022
28441
27987
28023
28455
27988
28024
28460
27987
27989
28030
28472
28031
28476
27989
28033
28484
28034
28485
27991
28037
28038
28493
27994
28039
28498
28040
28099
28518
28042
28043
28555
27995
28569
27999
28039
28572
27997
28044
28386
28045
28048
28391
28102
28396
28048
28424
28008
28020
28051
28440
28022
28052
28447
28003
28007
28014
28053
28574
28015
28016
28055
28590
28005
28017
28025
28054
28603
28006
28032
28609
28035
28057
28610
28049
28740
28010
28021
28443
28020
28022
28051
28052
28452
28012
28023
28056
28458
28012
28030
28035
28057
28475
28031
28058
28477
28019
28098
28502
28015
28044
28049
28575
28045
28046
28591
28017
28026
28046
28604
28029
28055
28605
28059
28629
28076
28501
28021
28439
28023
28442
28451
28031
28457
28025
28028
28033
28461
28029
28032
28462
28027
28029
28036
28466
28028
28037
28465
28029
28469
28470
28031
28034
28473
28478
28033
28035
28483
28034
28482
28035
28486
28487
28037
28038
28046
28471
28489
28039
28047
28491
28048
28497
28510
28100
28519
28552
28554
28045
28050
28385
28047
28390
28047
28606
28048
28393
28394
28050
28739
30744
28732
30745
28454
28448
28055
28573
28055
28592
28593
28058
28602
28058
28607
28608
28638
28090
28701
28063
28069
28092
28363
28063
28067
28093
28365
28094
28364
28065
28066
28073
28366
28074
28367
28067
28072
28368
28095
28369
28070
28071
28075
28370
28070
28096
28371
28097
28372
28089
28091
28373
28073
28079
28095
28378
28074
28080
28380
28081
28377
28084
28089
28097
28383
28634
28078
28087
28093
28400
28079
28095
28402
28080
28401
28081
28404
28403
28084
28089
28407
28084
28085
28097
28409
28410
28086
28096
28411
28087
28092
28413
28094
28412
28089
28091
28661
28382
28742
28736
28094
28096
28374
28094
28095
28375
28376
28379
28097
28381
28384
28504
28507
28517
28625
28399
28104
28735
28785
28804
28742
28797
28807
28106
28388
28684
28701
28808
28579
28702
28729
28809
28108
28110
28169
28385
28743
28109
28111
28171
28386
28112
28170
28183
28387
28111
28390
28744
28747
28112
28113
28391
28119
28127
28392
28127
28139
28394
28747
28115
28306
28397
28248
28345
28634
28881
28117
28398
28748
28236
28399
28750
28882
28128
28180
28188
28403
28126
28183
28191
28406
28121
28132
28149
28152
28418
28122
28133
28153
28419
28123
28134
28154
28420
28128
28155
28421
28125
28138
28163
28192
28436
28126
28164
28191
28422
28127
28167
28423
28168
28424
28134
28425
28130
28135
28145
28184
28426
28131
28150
28185
28427
28132
28149
28187
28428
28133
28190
28429
28134
28189
28430
28188
28431
28137
28146
28186
28433
28137
28138
28158
28193
28432
28160
28195
28434
28162
28194
28435
28168
28497
28762
28766
28141
28344
28504
28305
28503
28663
28273
28518
28664
28682
28144
28145
28148
28521
28768
28146
28159
28524
28769
28146
28150
28414
28160
28415
28148
28149
28152
28527
28771
28150
28528
28770
28150
28416
28417
28155
28357
28552
28772
28153
28529
28774
28154
28530
28773
28155
28531
28772
28532
28157
28161
28162
28536
28775
28158
28159
28542
28776
28160
28162
28534
28160
28539
28777
28540
28163
28165
28544
28778
28163
28537
28164
28560
28165
28167
28561
28166
28563
28779
28167
28566
28780
28781
28168
28568
28572
28781
28171
28732
28783
30747
28171
28198
28733
30748
28734
30749
28173
28182
28193
28200
28383
28181
28195
28201
28384
28176
28181
28184
28204
28374
28176
28178
28187
28206
28375
28185
28205
28376
28178
28179
28189
28209
28378
28190
28210
28379
28180
28188
28207
28380
28208
28377
28186
28211
28381
28194
28197
28202
28382
28196
28198
28389
28185
28186
28413
28187
28412
28195
28411
28190
28400
28189
28404
28190
28401
28402
28192
28196
28405
28194
28197
28408
28194
28195
28410
28407
28409
28197
28212
28662
28203
28661
28212
28738
28292
28803
28201
28202
28370
28211
28372
28203
28373
30754
28212
28736
28205
28211
28363
28206
28364
28210
28365
28208
28209
28366
28367
28210
28368
28369
28371
28737
28665
28685
28438
28673
28663
28682
28664
28683
28238
28265
28584
28670
28728
28219
28224
28254
28298
28589
28220
28227
28256
28586
28221
28228
28255
28587
28222
28226
28257
28588
28229
28232
28264
28585
28224
28225
28258
28299
28594
28259
28300
28595
28260
28295
28301
28597
28228
28229
28268
28601
28228
28298
28310
28599
28309
28598
28252
28269
28600
28235
28244
28612
28671
28675
28839
28233
28236
28614
28679
28750
28861
28238
28252
28265
28615
28306
28613
28672
28680
28855
28235
28240
28246
28623
28668
28850
28245
28619
28667
28840
28617
28681
28748
28866
28238
28239
28251
28620
28670
28253
28621
28240
28242
28622
28666
28871
28249
28624
28669
28857
28242
28250
28273
28274
28627
28880
28249
28251
28626
28889
28244
28248
28345
28632
28671
28867
28245
28344
28633
28865
28246
28305
28630
28862
28247
28249
28628
28863
28250
28305
28629
28663
28877
28306
28635
28672
28873
28250
28637
28868
28506
28638
28892
28253
28274
28639
28253
28278
28641
28280
28640
28256
28259
28282
28646
28256
28257
28285
28643
28284
28642
28264
28283
28645
28259
28260
28288
28648
28287
28649
28262
28290
28651
28262
28286
28294
28307
28647
28289
28295
28650
28438
28579
28665
28729
28887
28265
28291
28644
28660
28727
28267
28311
28317
28446
28272
28312
28453
28269
28309
28313
28454
28271
28278
28450
28271
28272
28276
28312
28447
28277
28313
28448
28449
28767
28275
28499
28506
28275
28280
28508
28279
28509
28664
28277
28515
28520
28767
28278
28279
28516
28280
28514
28280
28512
28520
28511
28351
28357
28554
28772
28284
28287
28689
28285
28291
28688
28285
28686
28687
28289
28360
28690
28288
28692
28290
28691
28290
28693
28694
28713
28727
28361
28735
28804
28297
28307
28362
28574
28743
28295
28296
28303
28592
28302
28596
28297
28304
28307
28593
28590
28744
28745
28300
28316
28602
28300
28301
28333
28607
28334
28608
28302
28337
28610
28303
28340
28609
28304
28329
28603
28605
28745
28755
28344
28631
28891
28636
28750
28890
28360
28573
28311
28314
28325
28456
28310
28318
28440
28316
28319
28443
28320
28445
28313
28317
28451
28318
28452
28315
28320
28335
28455
28316
28319
28336
28457
28334
28458
28318
28320
28441
28319
28439
28320
28442
28444
28322
28327
28328
28459
28323
28331
28468
28330
28341
28463
28325
28326
28332
28474
28335
28479
28327
28338
28480
28339
28481
28331
28339
28460
28751
28340
28462
28751
28755
28331
28464
28752
28760
28467
28754
28335
28338
28472
28757
28334
28337
28475
28757
28336
28477
28336
28476
28478
28757
28340
28487
28759
28339
28485
28759
28484
28758
28483
28758
28342
28488
28760
28343
28494
28763
28359
28496
28765
28345
28502
28885
28501
28883
28347
28348
28545
28768
28354
28546
28769
28349
28547
28770
28350
28549
28771
28351
28548
28774
28553
28773
28353
28355
28556
28775
28354
28558
28776
28557
28777
28356
28559
28778
28358
28564
28779
28551
28359
28567
28780
28571
28782
28362
28741
28685
28742
28797
28740
28783
28364
28371
28374
28365
28376
28369
28375
28367
28368
28380
28377
28369
28378
28379
28372
28373
28383
28372
28381
28384
28382
28736
28376
28381
28413
28376
28379
28400
28412
28380
28403
28379
28380
28401
28402
28404
28384
28411
28383
28407
28661
28384
28410
28409
28386
28390
28575
28732
28387
28391
28734
28389
28392
28733
28579
28665
28406
28662
28738
28391
28393
28591
28392
28394
28406
28424
28394
28491
28606
28747
28424
28497
28581
28618
28625
28749
28399
28614
28636
28750
28634
28636
28399
28618
28617
28402
28412
28428
28402
28404
28430
28429
28404
28425
28431
28406
28408
28422
28662
28423
28408
28410
28435
28436
28661
28410
28411
28434
28432
28413
28433
28413
28427
28426
28415
28417
28426
28521
28433
28524
28540
28417
28418
28428
28527
28427
28528
28419
28429
28529
28420
28430
28530
28421
28431
28531
28425
28532
28423
28436
28561
28424
28568
28572
28431
28427
28433
28428
28429
28430
28431
28434
28435
28534
28434
28540
28436
28537
28560
28438
28653
28673
28677
28731
28864
28652
28730
28872
28440
28441
28442
28452
28443
28454
28598
28444
28446
28451
28443
28444
28457
28458
28599
28445
28455
28446
28456
28453
28448
28449
28451
28515
28450
28452
28516
28453
28519
28454
28514
28600
28452
28453
28454
28601
28456
28457
28476
28479
28458
28478
28477
28602
28460
28468
28481
28461
28467
28484
28462
28469
28482
28751
28470
28483
28603
28464
28468
28488
28465
28467
28490
28466
28469
28489
28752
28470
28471
28604
28753
28468
28469
28470
28754
28605
28755
28489
28491
28606
28756
28473
28474
28476
28485
28475
28478
28486
28757
28479
28480
28477
28487
28607
28478
28479
28478
28608
28481
28485
28484
28483
28484
28486
28758
28487
28609
28485
28486
28487
28759
28610
28490
28494
28490
28493
28761
28492
28760
28493
28497
28762
28493
28494
28495
28763
28498
28764
28496
28496
28498
28570
28765
28571
28498
28572
28569
28766
28505
28509
28518
28627
28503
28505
28629
28663
28502
28632
28634
28504
28631
28633
28504
28631
28506
28507
28638
28663
28682
28518
28682
28509
28511
28627
28639
28510
28512
28513
28518
28664
28512
28514
28640
28513
28516
28515
28517
28520
28516
28641
28516
28519
28519
28683
28767
28664
28683
28522
28524
28528
28523
28525
28545
28768
28524
28538
28546
28769
28539
28526
28528
28547
28770
28527
28533
28549
28771
28528
28529
28530
28533
28531
28550
28532
28555
28552
28548
28550
28774
28537
28540
28542
28536
28541
28543
28556
28775
28537
28542
28544
28560
28539
28541
28557
28777
28540
28542
28542
28558
28776
28544
28559
28562
28778
28560
28563
28546
28547
28557
28549
28549
28553
28553
28555
28773
28552
28554
28555
28554
28555
28772
28558
28559
28558
28564
28561
28563
28568
28563
28564
28565
28779
28566
28567
28566
28567
28570
28780
28568
28569
28571
28572
28570
28572
28781
28571
28782
28574
28593
28647
28741
28575
28590
28740
28591
28739
28743
28582
28583
28622
28666
28695
28578
28619
28659
28667
28696
28582
28623
28668
28697
28652
28581
28618
28657
28678
28705
28653
28677
28704
28624
28669
28709
28584
28620
28670
28710
28621
28660
28711
28588
28600
28615
28644
28587
28589
28599
28642
28588
28598
28643
28601
28645
28595
28602
28646
28591
28593
28604
28606
28744
28593
28596
28603
28647
28605
28595
28597
28607
28648
28608
28649
28597
28609
28650
28610
28651
28599
28601
28602
28601
28641
28608
28605
28609
28605
28606
28745
28746
28608
28610
28610
28612
28616
28632
28654
28671
28619
28633
28659
28614
28616
28636
28656
28617
28658
28621
28641
28660
28635
28655
28672
28618
28657
28748
28623
28630
28621
28622
28639
28640
28624
28626
28624
28628
28637
28653
28673
28627
28637
28639
28638
28629
28630
28637
28631
28638
28631
28633
28633
28635
28635
28636
28638
28640
28641
28643
28646
28686
28645
28687
28645
28660
28713
28688
28649
28689
28650
28690
28649
28651
28691
28692
28651
28693
28694
28653
28702
28703
28655
28659
28674
28698
28656
28676
28700
28658
28680
28708
28658
28681
28706
28679
28707
28675
28699
28712
28662
28736
28737
28684
28669
28670
28714
28893
28668
28675
28717
28845
28669
28718
28842
28725
28854
28726
28672
28674
28852
28676
28856
28749
28879
28675
28676
28715
28834
28716
28835
28680
28719
28836
28678
28720
28749
28858
28681
28721
28748
28853
28680
28681
28723
28843
28724
28844
28722
28837
28767
28685
28729
28805
28869
28701
28801
28888
28687
28689
28688
28713
28692
28693
28741
28692
28694
28694
28709
28710
28714
28697
28699
28717
28709
28718
28699
28700
28715
28789
28716
28708
28719
28790
28742
28807
28703
28730
28810
28704
28731
28798
28705
28720
28799
28706
28721
28791
28707
28722
28786
28708
28723
28787
28724
28788
28725
28711
28726
28712
28728
28713
28727
28725
28726
28716
28719
28794
28826
28717
28829
28718
28833
28725
28841
28724
28795
28827
28721
28731
28800
28828
28722
28784
28823
28723
28796
28824
28724
28792
28812
28793
28825
28859
28728
28728
28730
28806
28851
28731
28811
28846
28802
28832
28734
28739
30752
28734
28738
30753
28742
28737
28738
30757
30755
28740
28783
30756
28741
28744
28783
28746
28746
28753
28747
28756
28762
28749
28875
28886
28884
28754
28758
28753
28754
28761
28755
28756
28755
28761
28762
28759
28759
28761
28763
28764
28764
28764
28765
28766
28766
28782
28781
28769
28770
28777
28771
28774
28773
28774
28776
28778
28777
28779
28780
28782
28782
30751
28791
28796
28800
28815
28803
30746
28787
28791
28796
28788
28792
28790
28793
28790
28794
28795
28799
28793
28796
28819
28795
28820
28795
28822
28821
28816
28801
28804
28870
28799
28802
28810
28800
28802
28818
28805
28807
28860
28811
28814
28804
28874
28848
28806
28808
28838
28809
28811
28813
28808
28809
28810
28811
28817
28819
28824
28825
28843
28817
28838
28851
28817
28818
28832
28816
28818
28823
28819
28824
28846
28828
28820
28821
28825
28822
28827
28826
28831
28824
28828
28853
28837
28827
28844
28827
28829
28834
28836
28832
28858
28831
28833
28835
28831
28833
28847
28846
28864
28841
28845
28835
28836
28852
28839
28845
28844
28856
28843
28853
28866
28860
28869
28840
28852
28865
28845
28850
28862
28842
28847
28859
28845
28850
28854
28844
28861
28855
28851
28872
28849
28870
28874
28859
28857
28863
28869
28887
28856
28867
28858
28875
28857
28859
28893
28856
28861
28890
28873
28868
28871
28864
28886
28870
28888
28866
28884
28863
28865
28891
28868
28877
28872
28879
28867
28885
28875
28882
28873
28883
28889
28892
28888
28889
28893
28887
28881
28890
28876
28886
28878
28891
28892
30750
28886
28889
28892
28883
28884
28885
28890
28891
28896
30173
30424
30568
30713
30422
30521
30549
30555
30304
30423
30700
30322
30424
30565
30713
28907
28914
29637
29924
30006
30233
28900
29616
29785
29937
29949
30247
29617
29929
29932
30015
30289
29631
29864
29924
30006
30045
30250
28903
28905
28912
29014
30178
30492
28904
29042
29866
30172
30490
29043
29782
29867
30171
30516
28908
29614
29786
29866
30175
28907
29772
29862
29950
30101
30162
28913
29632
30019
30248
28912
28917
29613
29862
30174
29781
29865
29936
30149
28912
28917
29016
29918
30177
30493
29783
30009
30098
30154
29018
30176
30491
28914
28917
29639
29862
30184
28915
28918
29640
30185
28919
29641
29924
29926
30186
29635
29864
29924
29925
29926
30189
28918
29607
30193
28919
29608
29918
30194
29609
29919
29927
30195
28921
28922
28926
29052
29868
28923
28935
29053
28935
28936
29054
29869
28924
28926
29055
28925
28933
29057
28926
28934
29056
29870
29058
29871
28928
28932
28933
29049
28929
28930
29050
28931
29063
28931
28932
28944
29051
28948
29061
28934
29059
29872
28934
29060
29062
29873
28937
29064
28937
28939
29065
29874
28938
29066
28939
28940
29068
28941
28945
29067
28941
28943
29069
28942
28946
29070
28943
28947
28988
29081
29082
29895
28948
29077
29872
29904
28946
29079
29874
29906
28947
29002
29083
28987
29003
29256
29080
29903
28950
28954
29012
29377
29876
30518
28951
28953
29013
29397
30758
28952
28968
28991
29399
30426
28953
28967
29378
29877
30427
29048
29876
30429
29040
29460
29875
30517
28956
28957
28986
29021
29414
30761
28958
28985
29379
29879
30760
28958
28983
29022
29400
30762
28984
29380
29880
30764
28960
28962
28969
28992
29401
30430
28961
28970
29381
29881
30768
28962
28963
29382
29882
30770
28964
28994
29402
30431
28964
28966
29383
29883
30771
28965
28993
29403
30432
28966
28968
28995
29404
30433
28967
29384
29884
30773
28968
29385
29885
30775
28996
29405
30434
28970
28971
28997
29406
30435
28972
29387
29887
30777
28972
28982
28998
29407
30436
28981
29386
29886
30779
28978
28980
28984
29388
29888
30785
28975
28977
28982
28999
29409
30437
28976
28981
29389
29889
30782
28977
28980
29390
29890
30783
28979
29000
29410
30438
28979
28983
29023
29408
30765
28980
29024
29411
30766
29391
29891
30787
28982
29392
29892
30789
29001
29412
30439
28984
29037
29413
30790
29393
29893
30792
28986
28989
29394
29894
30793
28990
29004
29415
30794
28988
28990
29005
29398
28989
29396
29895
28990
29395
29896
29006
29416
30796
28996
29013
29019
29364
30440
28994
28997
29025
29466
30456
28994
28995
29026
29467
30443
29027
29468
30444
28996
29028
29366
30445
29034
29365
30446
28998
29030
29469
30460
29001
29029
29470
30459
29000
29001
29031
29461
30461
29024
29032
29462
30462
29033
29471
30463
29003
29045
29483
29906
29005
29046
29484
29006
29008
29021
29587
30798
29006
29009
29581
29007
29604
29008
29009
29606
29931
29039
29605
29930
30799
29046
29582
30011
29011
29043
29907
30425
29041
29042
29583
29878
30495
29013
29016
29040
29455
30441
29017
29456
30447
29018
29041
29042
29614
30453
29044
29047
29781
30100
29017
29018
29607
30451
29019
29608
29918
30452
29040
29613
30455
29034
29609
29919
30450
29022
29038
29039
29600
29945
30800
29022
29039
29591
30801
29037
29592
30802
29024
29035
29037
29463
30457
29036
29464
30458
29027
29030
29603
29968
30464
29027
29028
29602
29920
30465
29601
29921
30466
29034
29612
29922
30467
29030
29033
29594
29971
30469
29593
29977
30470
29032
29033
29595
29975
30473
29036
29596
29974
30471
29598
29976
30474
29611
29923
30468
29036
29038
29589
29972
30475
29597
29973
30472
29038
29465
30804
29590
29970
30803
29599
29946
30805
29041
29367
30442
29588
29875
30448
29043
29615
30454
29044
29610
30496
29584
29782
29907
30094
29046
29734
29917
30068
29735
30016
29783
30095
29378
29397
29050
29059
29060
29334
29051
29063
29335
29059
29061
29077
29332
29053
29054
29058
29071
29325
29055
29064
29326
29064
29065
29072
29339
29057
29058
29327
29057
29058
29062
29073
29329
29060
29328
29074
29330
29062
29075
29331
29062
29337
29063
29080
29333
29076
29336
29338
29066
29340
29066
29067
29078
29347
29068
29341
29068
29070
29079
29349
29069
29348
29070
29082
29257
29081
29083
29350
29072
29074
29351
29473
29868
29078
29352
29474
29869
29074
29076
29342
29476
29870
29343
29475
29871
29076
29077
29344
29478
29872
29346
29477
29873
29080
29324
29480
29079
29353
29481
29874
29083
29359
29482
29345
29479
29082
29256
29323
29396
29258
29256
29358
29483
29086
29091
29095
29155
29206
29086
29091
29092
29097
29157
29098
29154
29089
29090
29093
29101
29163
29237
29089
29093
29100
29164
29260
29102
29158
29236
29262
29091
29092
29103
29161
29204
29094
29160
29205
29093
29096
29156
29099
29162
29095
29097
29103
29105
29209
29098
29108
29207
29097
29099
29103
29106
29098
29109
29104
29100
29101
29114
29102
29116
29264
29102
29103
29115
29238
29117
29241
29265
29107
29208
29108
29109
29113
29107
29108
29109
29137
29211
29107
29109
29111
29114
29115
29136
29212
29110
29210
29112
29113
29125
29137
29223
29112
29130
29136
29145
29113
29126
29137
29127
29115
29116
29145
29117
29142
29239
29117
29147
29266
29149
29240
29267
29121
29124
29132
29249
29120
29128
29131
29133
29138
29219
29121
29122
29139
29213
29123
29131
29214
29123
29133
29141
29124
29134
29135
29127
29129
29132
29215
29127
29129
29130
29134
29135
29129
29130
29136
29140
29217
29131
29137
29218
29133
29143
29132
29134
29220
29135
29221
29134
29144
29135
29137
29142
29216
29222
29139
29140
29144
29151
29243
29141
29152
29242
29142
29143
29153
29244
29144
29148
29145
29149
29245
29144
29145
29146
29150
29147
29147
29150
29153
29272
29149
29275
29150
29152
29274
29153
29199
29271
29151
29273
29152
29153
29198
29285
29246
29286
29200
29284
29155
29157
29159
29160
29165
29225
29157
29161
29162
29168
29160
29166
29163
29164
29174
29247
29289
29165
29166
29169
29161
29167
29226
29163
29170
29227
29163
29164
29171
29172
29224
29173
29288
29167
29177
29228
29167
29168
29179
29170
29176
29230
29170
29171
29178
29177
29179
29186
29172
29175
29229
29172
29173
29180
29174
29181
29231
29174
29182
29293
29183
29248
29292
29176
29178
29181
29187
29232
29177
29179
29188
29233
29184
29234
29179
29180
29189
29185
29181
29182
29191
29183
29190
29235
29183
29192
29298
29193
29250
29294
29186
29188
29195
29251
29186
29188
29189
29197
29194
29188
29189
29190
29253
29369
29254
29370
29191
29371
29191
29193
29252
29368
29192
29372
29193
29301
29373
29196
29202
29300
29195
29197
29255
29370
29201
29303
29368
29373
29370
29371
29200
29243
29246
29317
29515
29200
29240
29245
29318
29516
29244
29319
29517
29202
29203
29354
29540
29250
29252
29356
29525
29252
29368
29374
29542
29205
29208
29227
29237
29488
29206
29209
29226
29489
29207
29225
29490
29209
29210
29491
29209
29212
29238
29496
29211
29497
29211
29223
29498
29212
29222
29499
29216
29239
29500
29214
29219
29242
29504
29220
29249
29505
29218
29221
29223
29507
29217
29222
29245
29519
29218
29219
29244
29508
29220
29222
29518
29220
29243
29509
29221
29510
29249
29511
29223
29520
29501
29227
29231
29237
29247
29526
29226
29228
29529
29227
29230
29530
29229
29528
29230
29234
29535
29230
29231
29232
29533
29233
29534
29235
29248
29532
29233
29235
29253
29522
29234
29254
29523
29251
29524
29250
29252
29521
29237
29241
29247
29306
29485
29238
29486
29239
29241
29492
29240
29245
29493
29241
29309
29494
29311
29495
29243
29246
29512
29244
29503
29245
29502
29513
29362
29514
29248
29308
29487
29250
29363
29527
29506
29360
29531
29254
29255
29536
29253
29538
29254
29374
29537
29375
29539
29375
29541
29322
29398
29484
29258
29302
29348
29350
29304
29323
29261
29262
29270
29287
29305
29325
29261
29262
29264
29288
29263
29290
29326
29265
29289
29306
29264
29268
29270
29327
29265
29266
29267
29270
29311
29267
29268
29275
29269
29271
29309
29269
29280
29328
29270
29277
29310
29329
29312
29330
29275
29277
29284
29318
29273
29275
29281
29284
29274
29282
29285
29283
29286
29280
29277
29278
29281
29284
29313
29331
29280
29314
29336
29279
29282
29285
29316
29332
29283
29286
29315
29333
29281
29337
29282
29334
29283
29335
29338
29285
29319
29286
29317
29362
29289
29290
29291
29307
29339
29289
29290
29293
29292
29308
29295
29340
29292
29295
29296
29320
29347
29293
29294
29363
29295
29298
29296
29298
29300
29360
29299
29341
29297
29299
29349
29361
29300
29302
29321
29350
29357
29299
29301
29302
29348
29301
29303
29356
29302
29376
29304
29321
29354
29376
29321
29376
29306
29307
29312
29351
29544
29308
29311
29545
29308
29320
29352
29547
29363
29546
29310
29311
29318
29549
29312
29314
29342
29550
29312
29551
29343
29548
29314
29316
29319
29344
29553
29318
29346
29554
29316
29345
29362
29555
29317
29324
29552
29319
29362
29557
29319
29559
29556
29353
29361
29363
29563
29323
29355
29323
29355
29358
29449
29573
29350
29332
29344
29345
29571
29326
29330
29339
29351
29327
29340
29328
29330
29329
29337
29330
29336
29342
29343
29332
29334
29336
29344
29333
29335
29338
29345
29335
29337
29338
29337
29346
29340
29347
29352
29341
29347
29348
29343
29346
29577
29351
29576
29346
29568
29570
29569
29349
29353
29349
29350
29359
29358
29352
29574
29353
29575
29359
29572
29355
29356
29567
29357
29452
29566
29357
29360
29561
29358
29361
29560
29359
29578
29361
29579
29361
29363
29564
29565
29558
29562
29365
29399
29456
29459
29609
29366
29405
29457
29611
29404
29467
29612
29725
29455
29460
29588
29613
29645
29369
29372
29370
29371
29374
29375
29372
29373
29376
29375
29543
29580
29397
29455
29460
29385
29399
29380
29394
29414
29393
29400
29382
29387
29401
29383
29402
29384
29403
29385
29404
29405
29387
29392
29407
29406
29391
29393
29408
29390
29392
29409
29391
29410
29411
29412
29413
29395
29415
29396
29416
29398
29399
29419
29456
29416
29449
29581
29405
29418
29413
29414
29423
29592
29402
29406
29424
29466
29403
29425
29468
29404
29421
29467
29405
29420
29417
29407
29427
29469
29412
29426
29470
29411
29413
29428
29463
29410
29412
29430
29461
29411
29431
29462
29432
29464
29429
29471
29433
29465
29415
29422
29591
29416
29450
29587
29451
29604
29418
29420
29434
29457
29419
29459
29458
29421
29437
29725
29425
29436
29729
29423
29441
29450
29704
29433
29442
29705
29425
29427
29443
29726
29435
29727
29427
29429
29438
29706
29439
29728
29432
29433
29444
29707
29430
29440
29711
29431
29445
29708
29432
29446
29709
29447
29710
29448
29712
29437
29472
29436
29443
29681
29437
29682
29685
29439
29440
29690
29443
29689
29445
29700
29442
29454
29674
29448
29676
29679
29447
29448
29692
29446
29697
29447
29698
29699
29702
29451
29452
29630
29451
29454
29628
29453
29629
29453
29622
29454
29624
29620
29456
29607
29644
29458
29608
29459
29472
29642
29725
29459
29636
29640
29644
29633
29641
29462
29471
29595
29708
29464
29596
29709
29464
29465
29589
29707
29597
29710
29590
29592
29712
29468
29469
29603
29726
29468
29602
29729
29601
29727
29470
29593
29728
29471
29594
29706
29598
29711
29633
29635
29685
29686
29474
29475
29574
29775
29897
29481
29575
29776
29898
29476
29576
29777
29899
29477
29577
29778
29900
29478
29569
29779
29902
29480
29568
29730
29901
29480
29570
29732
29903
29571
29731
29904
29482
29572
29780
29905
29483
29579
29733
29906
29484
29578
29734
29573
29581
29735
29486
29487
29495
29545
29788
29488
29492
29526
29809
29526
29527
29546
29789
29489
29496
29528
29806
29490
29497
29530
29807
29491
29529
29808
29497
29498
29812
29493
29495
29496
29813
29494
29500
29513
29821
29495
29516
29549
29791
29551
29790
29497
29500
29810
29499
29811
29499
29501
29816
29500
29520
29815
29519
29814
29507
29520
29819
29503
29508
29513
29517
29822
29509
29512
29515
29831
29505
29509
29512
29823
29506
29510
29824
29511
29792
29511
29518
29826
29509
29518
29519
29827
29510
29828
29511
29518
29829
29830
29514
29793
29516
29519
29820
29515
29558
29794
29517
29557
29795
29517
29559
29796
29556
29797
29520
29825
29520
29817
29818
29522
29531
29532
29538
29833
29523
29533
29537
29834
29524
29534
29539
29835
29535
29536
29832
29531
29538
29540
29561
29798
29528
29532
29836
29531
29532
29562
29799
29530
29533
29838
29530
29535
29839
29534
29837
29564
29800
29533
29840
29534
29842
29535
29841
29843
29539
29541
29845
29538
29539
29543
29844
29542
29846
29580
29847
29542
29567
29736
29580
29801
29543
29848
29580
29849
29545
29547
29548
29574
29737
29546
29551
29738
29547
29562
29739
29563
29575
29740
29550
29551
29576
29741
29550
29551
29559
29742
29554
29577
29743
29744
29553
29555
29557
29571
29745
29554
29556
29568
29746
29559
29569
29747
29558
29570
29748
29557
29559
29749
29558
29750
29751
29752
29561
29565
29566
29578
29803
29564
29567
29802
29563
29564
29753
29565
29572
29754
29565
29804
29579
29755
29567
29573
29622
29805
29623
29756
29569
29571
29759
29577
29766
29571
29757
29761
29575
29579
29767
29578
29630
29758
29575
29576
29762
29763
29577
29764
29765
29579
29760
29768
29850
29582
29604
29630
29606
29735
29771
30012
29588
29615
29610
29865
29586
29631
29635
29686
29864
29663
29664
29684
29863
29591
29604
29605
29628
29614
29590
29597
29719
30003
29600
29720
29948
29592
29599
29704
29600
29705
29594
29603
29723
29998
29598
29721
29997
29596
29598
29715
29999
29597
29716
30001
29717
30000
29718
30002
29600
29605
29714
29958
29713
29957
29602
29603
29724
30005
29612
29673
30008
29722
30004
29606
29629
29606
29626
29934
29627
29935
29608
29613
29639
29609
29640
29611
29641
29615
29867
29612
29642
29927
29703
29928
29614
29638
29615
29643
29774
29866
29617
29618
29621
29646
29619
29625
29769
29620
29626
29659
29769
29949
29623
29756
29770
29929
29621
29624
29628
29674
29625
29675
29623
29624
29630
29770
29625
29625
29629
29769
29627
29628
29714
29933
29629
29769
29771
30010
29629
29704
29630
29771
29634
29773
29637
29639
29772
29634
29636
29635
29637
29641
29924
29642
29664
29637
29640
29773
29639
29643
29645
29772
29862
29640
29644
29641
29642
29703
29926
29774
29786
29645
29659
29660
29675
29785
29649
29650
29661
29679
29722
29978
29649
29663
29664
29673
29682
29979
29662
29681
29724
29980
29651
29666
29689
29723
29981
29656
29665
29690
29721
29982
29653
29656
29669
29697
29715
29983
29655
29670
29698
29716
29986
29655
29657
29667
29692
29719
29984
29671
29699
29717
29985
29668
29700
29718
29987
29658
29672
29702
29720
29988
29659
29660
29676
29713
29951
29674
29714
29952
29672
29677
29784
29662
29666
29678
29851
29663
29680
29852
29683
29853
29685
29703
29925
29666
29668
29687
29855
29688
29854
29671
29672
29691
29856
29669
29696
29860
29670
29693
29857
29671
29694
29859
29695
29858
29701
29861
29703
29724
29729
29990
29675
29676
29704
29677
29677
29702
29705
29701
29679
29680
29688
29681
29689
29726
29681
29683
29682
29727
29683
29685
29729
29684
29685
29686
29725
29688
29690
29696
29689
29690
29728
29700
29706
29692
29695
29701
29699
29702
29707
29694
29696
29697
29695
29698
29699
29700
29698
29700
29708
29699
29709
29710
29711
29702
29712
29725
29969
29705
29714
29712
29713
29711
29721
29728
29710
29712
29719
29709
29711
29715
29710
29716
29717
29718
29720
29714
29720
29954
29956
29716
29718
29994
29717
29995
29719
29947
29721
29996
29720
29953
29955
29723
29993
29723
29724
29726
29989
29728
29992
29727
29991
29729
29727
29728
29729
29731
29759
29779
29914
30070
29732
29761
29912
30071
29757
29913
30072
29734
29768
29780
29917
30047
29735
29760
30046
29758
30020
29756
29798
29848
30089
29738
29740
29741
29762
30048
29739
29744
29788
30049
29740
29753
29789
30050
29754
29763
30051
29743
29744
29764
30052
29743
29744
29752
29791
30053
29747
29765
30054
29790
30055
29746
29748
29750
29761
30030
29747
29749
29759
30029
29752
29766
30056
29751
29757
30031
29750
29752
29797
30060
29751
29795
30032
29794
30033
29796
30057
29754
29799
29804
30036
29755
29767
30061
29768
29803
29804
30037
29802
29805
29941
29761
30039
29760
29771
29805
30022
29761
29766
30042
29768
29803
30058
30043
29763
29764
29775
30062
29767
29776
30064
29765
29777
30063
29766
29778
30040
29779
30041
29768
29780
30065
30059
29770
29932
29771
29805
30013
30017
30006
29787
29776
29777
29908
30023
29780
29909
30024
29778
29910
30025
29779
29911
30026
29915
30027
29916
30028
29782
29783
30099
30161
29865
30164
30515
29936
30097
30153
29785
29861
29938
29951
30280
29940
29952
30284
29787
29862
29950
30183
29866
30007
30018
30157
29789
29790
29809
30102
29799
29836
30103
29791
29813
30104
29796
29821
30106
29824
29830
30107
29794
29823
29831
30073
29795
30108
29797
29831
30084
29797
29820
30105
29822
30109
29800
29802
29846
30117
29800
29840
30110
29804
29833
30118
29845
29850
30111
29803
29804
30035
29805
30034
30038
30021
29807
29809
29810
29838
30121
29808
29811
29837
30122
29812
29839
30123
29813
29836
30079
29811
29813
29814
30124
29812
29815
30125
29816
30126
29821
30080
29815
29817
29821
30128
29816
29818
30129
29819
30127
29818
29820
29827
30131
29819
29825
30130
29826
30112
29821
29822
30081
30082
29827
29831
30083
29824
29828
30113
29829
30114
29826
29827
29829
30133
29830
30115
29828
30132
29829
29831
30134
29830
30135
30116
30077
29835
29843
29845
30138
29834
29840
29846
30085
29835
29842
29844
30136
29841
29847
30137
29838
29840
30087
29838
29839
29841
30141
29842
30139
29843
30140
29842
30088
29842
29843
30144
30143
30142
29846
29847
29849
30145
29847
30119
29848
30086
29850
30146
29849
30078
29850
30147
30148
29852
29854
29959
29978
30239
29853
29960
29980
30204
29863
29961
29979
30205
29855
29965
29981
30242
29860
29964
29982
30241
29858
29861
29942
29984
30281
29859
29860
29966
29983
30243
29859
29943
29985
30282
29944
29986
30240
29967
29987
30244
29939
29988
30283
30182
29864
29925
29962
30211
29963
30212
29867
30014
30150
29867
30169
30007
30168
29869
29871
29897
29874
29898
29871
29873
29900
29899
29873
29901
29902
29905
29878
30494
30428
29885
29880
29894
30759
29893
30763
29882
29887
30767
29883
30769
29884
30772
29885
30774
29887
29892
30776
30778
29891
29893
30786
29890
29892
30781
29891
30784
30788
30780
30791
29896
30795
29896
30797
29898
29899
29908
29905
29909
29900
29910
29902
29911
29902
29904
29914
29915
29904
29913
29912
29906
29916
29917
30449
29909
29910
30074
29916
30066
29911
30075
29915
30076
29913
29914
30091
30090
29915
30092
30093
29917
30067
30069
29919
30222
30497
29923
30223
30476
29921
29922
30008
30227
30480
29968
30005
30226
30479
29923
29928
30225
30481
29927
30224
30482
30181
29969
29979
30188
29927
29969
30192
29928
30196
29969
30008
30200
29941
30013
30044
30299
29931
29934
29946
30321
29935
30011
30319
29949
30010
30013
30320
29934
29949
29956
30010
30290
29935
29958
30291
30010
30012
30303
30151
29940
30015
30238
29939
29940
30203
29942
30220
30221
30021
30035
30089
30336
29943
30214
29944
30215
29966
30213
29946
29957
29970
30285
30806
29958
30296
30807
29953
29985
29995
30000
30265
29955
29957
29970
30003
30276
29952
30292
30018
30170
29952
29954
29988
30251
29956
30261
29955
29984
30003
30269
29955
29956
29957
30271
29988
30270
29958
30293
29958
30275
30294
29960
29965
30210
29961
30206
29962
30207
29963
30208
30045
30209
29965
29967
30217
30216
29967
30218
30219
29977
30004
30228
30478
29990
30191
29972
30288
30808
29976
29977
29997
30231
30484
29973
30003
30287
30487
29974
30000
30286
30488
29975
30001
30245
30489
29976
29999
30229
30486
30002
30230
30485
29998
30232
30483
29980
29981
29989
30252
29980
29990
30187
29991
30234
29982
29992
30254
29987
29993
30253
29986
29987
29994
30258
29985
29988
30256
29986
30257
29995
30255
29996
30259
30260
29991
29992
30004
30262
29991
30008
30190
30005
30235
29993
29998
30263
29996
29997
30266
29995
29996
29999
30267
30001
30264
30002
30268
29998
30002
30236
30004
30201
30001
30002
30277
30001
30003
30273
30272
30237
30274
30005
30197
30008
30198
30019
30120
30202
30014
30160
30199
30096
30152
30017
30301
30012
30016
30318
30017
30020
30297
30017
30021
30298
30163
30044
30278
30020
30068
30339
30022
30300
30180
30101
30279
30022
30046
30323
30022
30034
30335
30058
30337
30024
30025
30062
30074
30398
30028
30064
30066
30345
30026
30063
30075
30399
30027
30040
30076
30400
30041
30070
30093
30401
30047
30065
30067
30343
30030
30042
30056
30060
30353
30031
30032
30043
30354
30033
30039
30355
30033
30060
30084
30356
30108
30330
30035
30037
30058
30331
30038
30117
30332
30038
30050
30061
30110
30333
30038
30059
30061
30358
30118
30334
30043
30072
30359
30041
30054
30063
30364
30042
30056
30366
30043
30070
30367
30071
30369
30089
30305
30120
30295
30047
30058
30068
30347
30059
30069
30344
30049
30051
30052
30062
30348
30050
30055
30102
30324
30051
30103
30325
30061
30064
30349
30054
30055
30063
30350
30054
30055
30057
30106
30326
30056
30351
30104
30327
30057
30352
30060
30105
30328
30059
30361
30065
30360
30109
30329
30065
30357
30063
30064
30362
30363
30065
30365
30368
30067
30074
30391
30069
30392
30069
30341
30390
30071
30092
30397
30072
30091
30396
30090
30342
30077
30108
30113
30075
30386
30076
30393
30093
30394
30083
30084
30134
30086
30089
30147
30080
30087
30102
30121
30082
30104
30124
30082
30083
30105
30131
30106
30128
30109
30132
30108
30109
30313
30086
30088
30118
30136
30117
30145
30088
30103
30139
30110
30143
30117
30338
30091
30387
30092
30388
30093
30389
30395
30100
30449
30496
30515
30097
30100
30098
30155
30477
30098
30099
30158
30165
30100
30166
30515
30249
30103
30104
30307
30110
30308
30106
30309
30106
30109
30310
30311
30114
30116
30312
30314
30118
30316
30119
30148
30115
30127
30130
30114
30134
30135
30116
30133
30135
30118
30315
30317
30138
30146
30306
30122
30124
30139
30123
30125
30141
30126
30140
30125
30128
30126
30129
30127
30129
30129
30131
30130
30131
30133
30132
30133
30134
30135
30135
30137
30143
30145
30138
30144
30146
30142
30141
30143
30141
30142
30144
30144
30144
30146
30147
30148
30148
30150
30151
30161
30246
30552
30163
30164
30168
30553
30153
30173
30322
30424
30154
30155
30179
30304
30423
30154
30158
30161
30567
30165
30173
30568
30156
30165
30561
30159
30179
30477
30563
30160
30169
30180
30183
30576
30165
30166
30562
30340
30521
30549
30163
30168
30302
30573
30164
30166
30557
30170
30182
30248
30249
30599
30246
30402
30566
30167
30171
30556
30564
30167
30550
30515
30519
30551
30169
30171
30542
30172
30175
30543
30180
30183
30346
30601
30172
30519
30559
30178
30520
30546
30304
30175
30176
30182
30193
30579
30178
30183
30544
30177
30178
30499
30547
30193
30222
30500
30598
30498
30548
30340
30421
30302
30405
30541
30186
30189
30233
30250
30604
30183
30184
30572
30570
30185
30193
30248
30574
30186
30194
30233
30571
30192
30195
30575
30188
30190
30205
30234
30605
30189
30191
30211
30609
30192
30212
30611
30191
30199
30235
30619
30192
30200
30577
30196
30578
30194
30580
30195
30222
30581
30196
30223
30582
30200
30224
30584
30198
30201
30228
30262
30635
30199
30226
30235
30586
30200
30227
30585
30225
30583
30232
30236
30263
30632
30233
30250
30279
30306
30687
30220
30221
30280
30371
30649
30205
30206
30234
30239
30608
30207
30211
30606
30207
30210
30372
30661
30208
30375
30662
30209
30211
30376
30701
30212
30295
30374
30702
30216
30239
30373
30663
30212
30610
30250
30638
30215
30218
30240
30378
30664
30215
30220
30281
30377
30665
30282
30379
30666
30217
30242
30381
30668
30219
30241
30380
30667
30219
30243
30382
30669
30244
30383
30670
30283
30384
30671
30238
30284
30385
30660
30223
30501
30589
30224
30502
30590
30225
30503
30594
30227
30506
30593
30227
30228
30504
30591
30505
30592
30232
30507
30595
30230
30245
30277
30511
30642
30231
30237
30512
30643
30232
30236
30510
30596
30509
30597
30248
30603
30235
30252
30607
30262
30620
30237
30266
30631
30268
30277
30634
30247
30278
30370
30717
30242
30252
30679
30243
30255
30282
30680
30242
30244
30253
30682
30254
30683
30244
30258
30684
30259
30685
30272
30286
30508
30639
30322
30565
30284
30289
30292
30645
30279
30602
30279
30346
30554
30295
30678
30260
30261
30271
30280
30691
30254
30262
30612
30254
30259
30266
30615
30263
30616
30257
30258
30264
30613
30257
30260
30269
30281
30681
30265
30282
30614
30259
30267
30617
30268
30618
30270
30283
30694
30284
30292
30293
30690
30263
30621
30266
30625
30265
30267
30272
30622
30269
30273
30623
30268
30624
30268
30277
30626
30627
30270
30274
30686
30271
30276
30697
30275
30293
30696
30273
30277
30630
30274
30286
30628
30276
30287
30629
30276
30285
30294
30698
30288
30699
30633
30289
30305
30407
30719
30403
30545
30283
30284
30688
30282
30283
30692
30693
30695
30689
30288
30296
30703
30809
30287
30513
30641
30288
30514
30640
30704
30810
30299
30320
30708
30291
30292
30293
30301
30646
30294
30303
30321
30714
30320
30644
30294
30647
30296
30648
30306
30408
30588
30321
30677
30812
30300
30303
30318
30323
30299
30300
30320
30335
30709
30305
30336
30706
30301
30337
30707
30303
30320
30711
30402
30569
30319
30705
30338
30406
30403
30637
30308
30309
30324
30409
30727
30316
30325
30417
30729
30311
30327
30410
30732
30311
30314
30328
30411
30724
30326
30412
30734
30313
30330
30414
30314
30356
30415
30722
30329
30413
30723
30317
30332
30338
30416
30317
30333
30418
30739
30334
30419
30725
30319
30339
30321
30742
30710
30743
30337
30339
30347
30325
30327
30348
30333
30349
30327
30328
30351
30350
30329
30352
30353
30356
30355
30356
30332
30335
30358
30361
30334
30336
30334
30357
30358
30336
30337
30338
30361
30420
30341
30404
30558
30347
30390
30359
30387
30396
30344
30345
30368
30392
30347
30360
30390
30365
30391
30398
30405
30587
30361
30349
30350
30362
30357
30365
30351
30363
30352
30364
30353
30366
30354
30367
30355
30356
30369
30359
30358
30368
30360
30369
30361
30368
30363
30365
30398
30364
30399
30366
30400
30368
30367
30401
30369
30397
30396
30385
30407
30716
30384
30385
30672
30373
30375
30650
30381
30652
30376
30408
30720
30376
30651
30673
30379
30384
30654
30379
30382
30653
30655
30381
30383
30656
30657
30383
30658
30659
30674
30675
30391
30393
30398
30388
30389
30396
30395
30397
30392
30392
30394
30399
30395
30400
30401
30397
30401
30399
30400
30401
30600
30636
30521
30555
30712
30407
30420
30715
30718
30410
30417
30728
30412
30731
30412
30413
30737
30733
30415
30735
30415
30721
30736
30419
30420
30738
30418
30730
30419
30740
30741
30726
30423
30558
30563
30700
30560
30676
30811
30561
30568
30552
30567
30449
30495
30496
30427
30434
30440
30758
30429
30775
30429
30518
30758
30431
30435
30456
30768
30432
30444
30770
30433
30443
30771
30434
30445
30773
30446
30775
30436
30460
30777
30439
30459
30779
30438
30439
30461
30782
30462
30766
30783
30463
30789
30446
30447
30450
30442
30447
30451
30518
30448
30455
30517
30444
30445
30465
30456
30466
30446
30467
30468
30452
30758
30453
30494
30495
30452
30468
30476
30452
30455
30493
30497
30454
30455
30492
30490
30495
30496
30491
30460
30464
30458
30475
30765
30804
30462
30472
30766
30460
30463
30469
30470
30462
30463
30473
30471
30474
30466
30470
30478
30466
30467
30480
30479
30468
30481
30482
30470
30474
30484
30483
30472
30473
30489
30475
30488
30474
30486
30485
30487
30803
30482
30497
30502
30479
30483
30507
30480
30504
30481
30505
30482
30506
30503
30484
30509
30485
30510
30486
30512
30489
30511
30488
30514
30808
30489
30513
30508
30492
30516
30520
30492
30493
30499
30498
30497
30500
30517
30516
30501
30499
30520
30522
30500
30523
30501
30524
30502
30529
30503
30527
30506
30528
30505
30507
30531
30506
30532
30530
30509
30533
30511
30513
30538
30510
30535
30512
30534
30512
30537
30536
30514
30539
30540
30810
30516
30519
30518
30758
30520
30526
30525
30811
30523
30525
30548
30524
30547
30529
30598
30526
30546
30551
30559
30528
30529
30590
30530
30594
30589
30532
30593
30532
30533
30591
30592
30535
30595
30535
30536
30596
30597
30537
30643
30538
30642
30539
30639
30540
30641
30640
30814
30569
30576
30601
30712
30543
30553
30559
30573
30544
30546
30576
30548
30570
30579
30554
30602
30636
30687
30548
30559
30548
30579
30598
30558
30563
30551
30557
30562
30556
30553
30557
30565
30556
30566
30587
30599
30558
30676
30557
30559
30567
30563
30564
30564
30567
30568
30566
30573
30600
30568
30573
30600
30572
30576
30601
30574
30575
30581
30603
30574
30579
30599
30576
30580
30602
30578
30582
30604
30578
30583
30609
30619
30584
30611
30580
30581
30598
30582
30589
30584
30590
30584
30585
30593
30594
30586
30592
30619
30591
30620
30635
30601
30712
30637
30678
30702
30590
30598
30594
30592
30595
30593
30594
30597
30635
30597
30631
30643
30632
30601
30602
30603
30604
30687
30611
30678
30606
30607
30609
30619
30608
30610
30662
30608
30612
30620
30661
30679
30610
30611
30638
30701
30638
30616
30621
30679
30614
30617
30622
30680
30623
30681
30693
30616
30618
30624
30682
30625
30683
30618
30626
30684
30627
30685
30620
30621
30625
30635
30623
30626
30630
30628
30686
30625
30627
30631
30632
30627
30633
30634
30629
30630
30641
30640
30686
30699
30633
30639
30632
30634
30635
30634
30642
30643
30637
30687
30678
30702
30641
30642
30641
30704
30643
30645
30646
30690
30710
30689
30708
30717
30647
30711
30714
30648
30690
30696
30677
30698
30714
30660
30671
30672
30688
30651
30652
30661
30662
30673
30657
30663
30655
30658
30664
30655
30665
30674
30666
30657
30659
30667
30668
30659
30669
30670
30675
30689
30717
30662
30663
30701
30668
30679
30666
30669
30680
30666
30671
30692
30693
30668
30670
30682
30683
30670
30684
30685
30674
30695
30674
30675
30701
30720
30716
30703
30743
30687
30683
30684
30693
30686
30692
30694
30683
30685
30685
30697
30689
30691
30695
30690
30691
30694
30696
30693
30695
30695
30697
30697
30698
30699
30699
30703
30704
30702
30720
30704
30813
30814
30711
30714
30742
30708
30709
30709
30711
30710
30719
30710
30711
30743
30718
30726
30717
30718
30719
30719
30736
30723
30736
30724
30735
30734
30737
30739
30741
30738
30728
30729
30732
30730
30731
30730
30739
30740
30732
30733
30734
30734
30737
30736
30737
30741
30740
30741
30743
30745
30756
30815
30752
30816
30749
30751
30752
30749
30753
30756
30753
30756
30757
30760
30763
30795
30761
30764
30793
30762
30794
30801
30764
30790
30802
30764
30791
30792
30766
30785
30790
30787
30768
30769
30778
30770
30777
30770
30772
30771
30772
30773
30774
30774
30775
30778
30779
30780
30778
30779
30789
30781
30789
30782
30784
30783
30789
30784
30787
30788
30786
30787
30792
30788
30791
30788
30792
30804
30792
30794
30795
30796
30798
30797
30799
30801
30805
30802
30803
30805
30806
30802
30805
30804
30804
30808
30807
30807
30808
30809
30812
30810
30810
30812
30813
30814
30814
30818
30817
30816
30817
30818
30818
)


// ************************************************************************* //
