/*--------------------------------*- C++ -*----------------------------------*\
| =========                 |                                                 |
| \\      /  F ield         | OpenFOAM: The Open Source CFD Toolbox           |
|  \\    /   O peration     | Version:  2312                                  |
|   \\  /    A nd           | Website:  www.openfoam.com                      |
|    \\/     M anipulation  |                                                 |
\*---------------------------------------------------------------------------*/
FoamFile
{
    version     2.0;
    format      ascii;
    arch        "LSB;label=64;scalar=64";
    class       volScalarField;
    location    "9.55";
    object      H2;
}
// * * * * * * * * * * * * * * * * * * * * * * * * * * * * * * * * * * * * * //

dimensions      [0 0 0 0 0 0 0];

internalField   nonuniform List<scalar> 
23040
(
0.010965938
0.031615699
0.049855346
0.065337513
0.07821102
0.088763593
0.097438882
0.10459808
0.11056152
0.11554994
0.11978987
0.12342258
0.12656862
0.12932279
0.1317617
0.13393794
0.1358872
0.13763333
0.13920109
0.14061365
0.14190622
0.14310995
0.144256
0.14536748
0.14645473
0.14751548
0.14853795
0.14950765
0.15041292
0.15124906
0.15201956
0.15273333
0.15340188
0.15403542
0.15464205
0.15522644
0.15579132
0.15633787
0.15686758
0.15738177
0.1578827
0.15837176
0.15885048
0.15931882
0.15977659
0.16022265
0.16065613
0.16107597
0.16148101
0.16187168
0.1622486
0.16261299
0.16296666
0.16331216
0.16365254
0.16399125
0.1643316
0.16467647
0.16502793
0.16538672
0.16575268
0.16612395
0.16649845
0.16687261
0.16724377
0.16760837
0.16796421
0.16830964
0.16864385
0.16896679
0.16927907
0.16958181
0.16987664
0.17016547
0.17045024
0.17073286
0.17101512
0.17129845
0.17158418
0.17187314
0.17216614
0.17246353
0.17276575
0.1730729
0.17338529
0.17370297
0.17402601
0.17435459
0.17468872
0.17502829
0.17537331
0.17572329
0.17607782
0.1764365
0.17679842
0.17716286
0.17752878
0.17789432
0.17825928
0.17862289
0.17898276
0.17933858
0.17969298
0.18004395
0.18038889
0.18073056
0.18107019
0.18140485
0.18173566
0.18206527
0.18239596
0.18273231
0.18307641
0.18342602
0.18378287
0.18415104
0.18453288
0.18492754
0.1853359
0.18575419
0.18617709
0.18660521
0.18704157
0.18748518
0.18793313
0.18838845
0.18885051
0.18931215
0.1897727
0.19023104
0.19068332
0.19113277
0.19158203
0.1920221
0.19245187
0.19287687
0.19329082
0.19369152
0.19408108
0.19445982
0.19483329
0.19520644
0.19557963
0.19596169
0.19636277
0.19678273
0.19722217
0.19767888
0.19814714
0.19861933
0.19908924
0.19955814
0.20002735
0.20049712
0.20097571
0.20147251
0.20199126
0.20253378
0.20309009
0.2036473
0.20419579
0.20471959
0.20521059
0.20566466
0.20607219
0.20643236
0.20676153
0.20707713
0.20739515
0.2077263
0.20807685
0.20845094
0.20884942
0.20926891
0.20971248
0.21018715
0.21069728
0.21124399
0.21182778
0.21245191
0.21312088
0.21384153
0.21462424
0.21548131
0.21642567
0.21747001
0.21862465
0.21990118
0.22131463
0.22287655
0.22459734
0.22648316
0.22853784
0.23076804
0.23318177
0.23578725
0.23859582
0.24161831
0.24486379
0.24834043
0.25205613
0.25601758
0.2602287
0.26468808
0.26938703
0.27430928
0.27943222
0.28472916
0.29017164
0.29573119
0.30138035
0.30709269
0.31284259
0.31860539
0.32435653
0.33007086
0.33572165
0.34127912
0.34670772
0.35195439
0.35694691
0.3616
0.36583058
0.36957972
0.37280849
0.37549922
0.37763368
0.37919993
0.38008545
0.38019636
0.37993544
0.37910108
0.37754105
0.37520824
0.37206607
0.36808191
0.36323772
0.35753594
0.3510147
0.34376069
0.33589191
0.32752538
0.31878435
0.30980474
0.30073148
0.29174201
0.28304149
0.27481844
0.26727393
0.26055577
0.25478612
0.2501525
0.24697414
0.24572987
0.24586361
0.24688158
0.24951559
0.25394862
0.26010323
0.26780377
0.27693614
0.287451
0.29929742
0.31237024
0.32652854
0.34162834
0.3575352
0.37409072
0.3911177
0.40844939
0.42594319
0.44346082
0.46085429
0.47798007
0.49471764
0.51096814
0.52664084
0.54165114
0.55592706
0.569415
0.58208018
0.59390136
0.60486763
0.61497856
0.62424404
0.6326833
0.64032342
0.64719726
0.65334137
0.65879455
0.6635961
0.66778401
0.67139302
0.67445382
0.67699289
0.67903188
0.68058864
0.68167892
0.68228513
0.68237143
0.68217158
0.6815296
0.68035552
0.67865321
0.67642011
0.67364677
0.67032009
0.66642703
0.66196041
0.65691937
0.65130615
0.64512613
0.63838888
0.63110911
0.62330768
0.61501233
0.60625825
0.59708803
0.58755172
0.57770645
0.56761576
0.55734854
0.54697786
0.53657986
0.52623279
0.51601521
0.50600094
0.49626209
0.48687107
0.47790171
0.46943045
0.46153858
0.4543152
0.4478606
0.44228919
0.43773449
0.43437763
0.43255339
0.43237537
0.43320505
0.43566048
0.44015707
0.44690373
0.45605818
0.4677648
0.48214834
0.49929689
0.51923917
0.54192089
0.56718472
0.59475628
0.62422004
0.65501257
0.68642535
0.71759879
0.7475501
0.77523784
0.79965388
0.81984347
0.83484638
0.84484656
0.85099559
0.85334981
0.85275741
0.84987313
0.84471752
0.83848431
0.83191375
0.82552541
0.81966663
0.81451608
0.81011976
0.80643915
0.80338204
0.80082434
0.79862254
0.79661059
0.79461848
0.79248997
0.79005914
0.78713838
0.78351423
0.77895017
0.77319539
0.76599537
0.75710359
0.74629337
0.73336997
0.71818113
0.70062565
0.6806609
0.65831089
0.63367647
0.6069434
0.57838613
0.54836181
0.5172966
0.48565921
0.45393308
0.42258449
0.39203735
0.36265079
0.33470517
0.30839755
0.28384269
0.26108303
0.24010177
0.22084104
0.20321321
0.1871219
0.17247066
0.15916604
0.14711505
0.13622001
0.12637351
0.11746319
0.10940639
0.10216229
0.095709389
0.090029152
0.085091159
0.080841591
0.077215568
0.074145132
0.071562841
0.069405549
0.067615107
0.066138573
0.064929066
0.063945575
0.063151646
0.062514887
0.062007747
0.061607252
0.0612939
0.061051205
0.060865361
0.060724826
0.060619966
0.060542829
0.06048692
0.060447023
0.060418993
0.060399632
0.060386497
0.06037774
0.060372001
0.060368298
0.060365935
0.060364452
0.060363534
0.060362975
0.060362636
0.060362432
0.060362319
0.060362252
0.060362215
0.060362195
0.060362185
0.06036218
0.060362178
0.060362177
0.060362175
0.060362175
0.060362177
0.060362174
0.060362173
0.060362173
0.060362174
0.060362171
0.060362173
0.060362172
0.060362174
0.060362175
0.060362174
0.060362174
0.060362174
0.060362175
0.060362173
0.060362174
0.060362173
0.060362173
0.060362174
0.060362173
0.060362174
0.060362175
0.060362176
0.060362174
0.060362175
0.060362176
0.060362173
0.060362175
0.060362174
0.060362173
0.060362174
0.060362173
0.060362174
0.060362174
0.060362174
0.060362174
0.060362172
0.060362172
0.060362172
0.060362172
0.060362175
0.060362172
0.060362173
0.060362172
0.060362172
0.060362174
0.060362174
0.060362175
0.060362173
0.060362175
0.060362175
0.060362174
0.060362174
0.060362174
0.060362174
0.060362173
0.060362174
0.060362175
0.060362173
0.060362175
0.060362174
0.060362174
0.060362175
0.060362174
0.060362175
0.060362174
0.060362171
0.060362173
0.060362175
0.060362171
0.060362175
0.060362173
0.060362176
0.060362173
0.060362173
0.060362171
0.060362174
0.060362173
0.060362171
0.060362172
0.060362173
0.060362173
0.060362175
0.060362172
0.06036217
0.060362173
0.060362172
0.060362174
0.060362173
0.060362172
0.060362174
0.060362173
0.06036217
0.060362173
0.060362173
0.060362174
0.060362174
0.060362174
0.060362172
0.060362172
0.060362174
0.060362172
0.060362172
0.060362172
0.060362173
0.060362174
0.060362172
0.060362172
0.060362172
0.060362173
0.060362172
0.060362172
0.060362171
0.060362171
0.060362171
0.06036217
0.060362171
0.060362173
0.060362174
0.060362176
0.060362172
0.060362173
0.060362173
0.060362173
0.060362171
0.060362174
0.060362173
0.060362173
0.060362172
0.060362171
0.060362172
0.060362172
0.060362172
0.06036217
0.060362174
0.060362173
0.060362174
0.060362173
0.060362172
0.060362172
0.060362175
0.060362173
0.060362175
0.060362175
0.060362174
0.060362173
0.060362174
0.060362174
0.060362175
0.060362172
0.060362171
0.060362173
0.06036217
0.060362171
0.060362174
0.060362172
0.060362174
0.060362174
0.060362175
0.060362176
0.060362172
0.060362174
0.060362174
0.060362173
0.060362172
0.060362174
0.060362173
0.060362172
0.060362172
0.060362172
0.060362173
0.060362174
0.060362173
0.060362174
0.060362174
0.060362172
0.060362172
0.060362171
0.060362171
0.060362172
0.060362175
0.060362175
0.060362175
0.060362173
0.060362172
0.060362173
0.060362171
0.060362172
0.060362172
0.060362172
0.060362175
0.060362173
0.060362172
0.060362171
0.060362176
0.060362174
0.060362176
0.060362175
0.060362174
0.060362175
0.060362173
0.060362174
0.060362174
0.060362174
0.060362172
0.060362172
0.060362171
0.06036217
0.060362172
0.060362171
0.060362172
0.06036217
0.060362174
0.060362172
0.060362172
0.060362172
0.060362174
0.060362173
0.060362172
0.060362176
0.060362173
0.060362175
0.060362172
0.060362172
0.060362173
0.060362171
0.060362172
0.060362173
0.060362171
0.060362172
0.060362172
0.060362172
0.060362171
0.060362175
0.060362173
0.060362173
0.060362173
0.060362175
0.060362174
0.060362173
0.060362172
0.060362173
0.060362172
0.060362172
0.060362175
0.060362172
0.060362172
0.060362172
0.060362171
0.060362173
0.060362172
0.060362173
0.060362173
0.060362172
0.060362171
0.060362173
0.00014095976
0.00086892616
0.0021443074
0.0038895949
0.0059902845
0.0083230729
0.010801154
0.013362014
0.015990707
0.018660267
0.021341517
0.024006194
0.026634929
0.029216701
0.0317427
0.034203887
0.036590954
0.038894391
0.041113576
0.043248624
0.045313161
0.047316971
0.049267628
0.051167652
0.053014093
0.054800432
0.056520955
0.05817264
0.059756183
0.061275432
0.062736018
0.06414395
0.06550431
0.066820881
0.068096557
0.069333403
0.070533712
0.071699775
0.072834308
0.073939603
0.075017965
0.076070567
0.077098506
0.078101759
0.079080432
0.080034272
0.080963009
0.081867003
0.082746318
0.083602264
0.084436529
0.085251546
0.086050163
0.086835564
0.087610817
0.08837873
0.089141291
0.089899774
0.090654251
0.091404024
0.092147492
0.092882614
0.093607277
0.094319164
0.095017174
0.095699565
0.096366381
0.097017717
0.097654349
0.098277385
0.098888144
0.09948814
0.1000789
0.10066197
0.10123871
0.10181033
0.10237789
0.10294211
0.10350371
0.10406304
0.10462064
0.10517661
0.10573148
0.10628525
0.1068383
0.10739089
0.10794332
0.10849588
0.10904874
0.10960193
0.11015548
0.11070899
0.11126204
0.11181424
0.11236456
0.11291214
0.11345606
0.1139951
0.1145287
0.1150561
0.11557638
0.11608944
0.1165963
0.11709683
0.11759087
0.11807975
0.11856469
0.11904591
0.11952506
0.12000425
0.12048568
0.12097204
0.12146457
0.12196336
0.12246988
0.12298562
0.12351123
0.12404545
0.12458728
0.12513392
0.12568349
0.12623618
0.12679207
0.12734982
0.12790772
0.12846591
0.12902255
0.12957448
0.13012111
0.13066068
0.13119225
0.13171744
0.13223533
0.13274279
0.13324167
0.13373337
0.1342155
0.13468992
0.1351584
0.13562289
0.13608805
0.13655638
0.1370299
0.13751457
0.13801359
0.13852577
0.1390499
0.13958256
0.14011936
0.14065669
0.14119409
0.14173398
0.14227781
0.14282748
0.14338767
0.14396022
0.14454405
0.14513582
0.14572595
0.1463054
0.146866
0.14739778
0.14789576
0.14835761
0.14878352
0.14918024
0.14956183
0.14994106
0.15032925
0.15073397
0.15115907
0.15160664
0.15207672
0.15256859
0.15308476
0.15362836
0.15420195
0.15480716
0.15544714
0.1561278
0.15685666
0.15764322
0.15849883
0.1594361
0.16046809
0.16160787
0.16286824
0.16426267
0.16580512
0.16750761
0.16938081
0.17143291
0.17367092
0.1761029
0.17873694
0.18158064
0.18464091
0.18792274
0.19142916
0.19516144
0.19911966
0.20330273
0.20770736
0.21232561
0.21714332
0.22214077
0.22729451
0.23257958
0.23797113
0.24344483
0.24897692
0.25454362
0.26012058
0.26568253
0.27120212
0.27664952
0.28199093
0.28718651
0.29218777
0.29693079
0.30133893
0.30532856
0.30881824
0.31175201
0.314089
0.31580992
0.31684992
0.31710259
0.31693924
0.31630133
0.31499851
0.3129987
0.31029209
0.30687283
0.30274401
0.29792254
0.29245232
0.28640377
0.27988423
0.27303606
0.26603332
0.25905093
0.25225153
0.24580663
0.23986225
0.23453242
0.23000698
0.22651409
0.22443788
0.2240038
0.22439706
0.2259736
0.22927868
0.23435998
0.24106044
0.2491895
0.25869594
0.26962647
0.28199735
0.295737
0.31070123
0.32672732
0.34366159
0.36132855
0.37954575
0.39814673
0.41698109
0.43589197
0.45471826
0.4733134
0.49155278
0.50932073
0.52650576
0.54300819
0.55874946
0.57367168
0.58773099
0.60089504
0.61314468
0.62447555
0.6348971
0.64442916
0.65309961
0.66094344
0.66800142
0.67431829
0.67994102
0.68491702
0.68929228
0.6931101
0.69640938
0.69922301
0.70157642
0.70348882
0.70497407
0.70604258
0.70669437
0.70689395
0.70680021
0.70639186
0.70553154
0.70420231
0.70240124
0.70012385
0.69735981
0.69409467
0.69031207
0.68599644
0.6811369
0.67572757
0.66976558
0.6632523
0.65619357
0.64860089
0.64049244
0.63189416
0.62284057
0.61337547
0.60355212
0.59343276
0.58308769
0.57259402
0.56203458
0.55149627
0.54106913
0.53084347
0.52090635
0.51134584
0.50225177
0.49371609
0.4858338
0.47870523
0.47243898
0.46715374
0.46298067
0.46009675
0.45883037
0.45898937
0.46029238
0.46346569
0.4687376
0.4762586
0.48614918
0.49851539
0.51343862
0.53095884
0.55105237
0.57360801
0.59839824
0.62505887
0.65308882
0.68183403
0.71049125
0.73814054
0.76378219
0.78637864
0.8047701
0.81792562
0.82646088
0.83137279
0.83238254
0.83071223
0.8258061
0.81845166
0.80980842
0.80063696
0.79155079
0.78298309
0.7751882
0.7682791
0.76226755
0.75709345
0.75265091
0.74880871
0.74542296
0.74233515
0.73936772
0.73634391
0.73309622
0.72945319
0.72522879
0.72022123
0.71421687
0.70699708
0.69834696
0.6880664
0.67598045
0.6619502
0.6458814
0.62773155
0.60751591
0.58531236
0.56126644
0.53559336
0.50857709
0.48056134
0.45193612
0.42311371
0.3945057
0.36649828
0.33943321
0.31359397
0.2891961
0.26638431
0.24523301
0.22575455
0.20790844
0.19162068
0.1767952
0.16332814
0.15112178
0.14008497
0.13012991
0.12117094
0.11312236
0.10589465
0.099403627
0.093590371
0.088418945
0.083863841
0.079900106
0.076489961
0.073584571
0.071130624
0.069074386
0.067363488
0.065949803
0.06479007
0.06384534
0.063081279
0.062467917
0.06197928
0.061592853
0.061289601
0.061053729
0.060872054
0.060733601
0.060629313
0.060551746
0.060494824
0.060453647
0.060424309
0.060403725
0.060389516
0.060379876
0.060373458
0.060369258
0.060366558
0.060364847
0.06036378
0.060363127
0.060362726
0.060362492
0.060362354
0.060362271
0.060362226
0.060362202
0.060362186
0.06036218
0.060362179
0.060362176
0.060362176
0.060362176
0.060362176
0.060362173
0.060362174
0.060362175
0.060362174
0.060362174
0.060362173
0.060362171
0.060362173
0.060362172
0.06036217
0.060362171
0.060362171
0.060362172
0.060362173
0.060362173
0.060362173
0.060362173
0.060362172
0.060362173
0.060362173
0.060362174
0.060362173
0.060362172
0.060362172
0.060362173
0.06036217
0.060362174
0.060362171
0.060362173
0.060362175
0.060362173
0.060362174
0.060362173
0.060362171
0.060362175
0.060362173
0.060362175
0.060362174
0.060362173
0.060362173
0.060362173
0.060362174
0.060362174
0.060362175
0.060362173
0.060362172
0.060362173
0.060362172
0.060362171
0.060362172
0.060362173
0.060362173
0.060362172
0.060362173
0.060362173
0.060362172
0.060362174
0.060362172
0.060362173
0.060362174
0.060362173
0.060362173
0.060362173
0.060362172
0.060362172
0.060362172
0.060362173
0.060362173
0.060362171
0.060362173
0.060362171
0.060362173
0.06036217
0.060362172
0.060362173
0.060362173
0.060362172
0.060362172
0.060362174
0.060362173
0.060362174
0.060362174
0.060362171
0.060362173
0.060362174
0.060362173
0.060362175
0.060362173
0.060362172
0.060362172
0.060362172
0.060362171
0.060362174
0.060362172
0.060362174
0.060362172
0.060362171
0.060362173
0.060362173
0.060362172
0.060362172
0.060362172
0.060362173
0.060362173
0.060362172
0.060362174
0.060362172
0.060362172
0.06036217
0.060362173
0.060362172
0.060362172
0.060362175
0.060362175
0.060362174
0.060362173
0.060362175
0.060362173
0.060362173
0.060362171
0.060362174
0.060362175
0.060362176
0.060362173
0.060362174
0.060362173
0.060362174
0.060362172
0.060362174
0.060362175
0.060362174
0.060362174
0.060362174
0.060362175
0.060362174
0.060362174
0.060362172
0.060362172
0.060362173
0.060362174
0.060362172
0.06036217
0.060362171
0.06036217
0.060362172
0.060362172
0.060362174
0.060362174
0.060362173
0.060362175
0.060362174
0.060362174
0.060362175
0.060362175
0.060362173
0.060362172
0.06036217
0.060362173
0.060362173
0.06036217
0.060362172
0.060362172
0.060362173
0.060362172
0.060362172
0.060362172
0.060362172
0.060362174
0.060362173
0.060362172
0.060362173
0.060362171
0.060362172
0.060362172
0.060362171
0.060362174
0.060362174
0.060362176
0.060362176
0.060362174
0.060362174
0.060362172
0.060362172
0.060362172
0.060362173
0.060362171
0.060362174
0.060362173
0.060362174
0.060362173
0.060362172
0.060362174
0.060362175
0.060362175
0.060362171
0.060362172
0.060362171
0.06036217
0.06036217
0.060362171
0.060362173
0.060362173
0.060362172
0.060362172
0.060362173
0.060362173
0.060362176
0.060362173
0.060362172
0.060362172
0.060362173
0.060362173
0.060362171
0.060362173
0.060362172
0.060362174
0.060362172
0.060362173
0.060362174
0.060362171
0.060362174
0.060362174
0.060362173
0.060362173
0.060362175
0.060362175
0.060362174
0.060362173
0.060362172
0.060362172
0.060362172
0.060362174
0.060362173
0.060362172
0.060362171
0.060362174
0.060362175
0.060362173
0.060362173
0.060362173
0.060362172
0.060362173
0.060362173
0.060362172
0.060362172
0.060362174
0.060362175
0.060362174
0.060362176
0.060362174
0.060362174
0.060362174
0.060362173
0.060362174
0.060362173
0.060362172
1.7350288e-06
1.8867565e-05
6.5223558e-05
0.00015517025
0.00030004885
0.00050650593
0.00077727482
0.0011123559
0.0015106252
0.001970853
0.0024910617
0.0030664404
0.0036923064
0.0043649147
0.0050804709
0.0058343079
0.0066214579
0.0074365244
0.0082762329
0.009138064
0.010021512
0.010925026
0.011846406
0.012782228
0.013728373
0.014681212
0.015637293
0.016594109
0.017550129
0.018504306
0.019455659
0.020403148
0.021345831
0.02228265
0.023213084
0.024136712
0.025053349
0.025962806
0.026864962
0.0277595
0.028646118
0.029524142
0.030393029
0.031251799
0.032099852
0.032936324
0.033760949
0.034573479
0.035374196
0.036164212
0.036944608
0.037716842
0.038482419
0.039242604
0.039998413
0.040750527
0.041498999
0.042243503
0.042983175
0.04371697
0.044443713
0.045162136
0.045871507
0.046570731
0.047259896
0.047938336
0.04860673
0.049265428
0.049915224
0.050556897
0.051191246
0.051819064
0.052441067
0.053057932
0.053670225
0.054278456
0.054883
0.055484189
0.056082286
0.056677501
0.057270138
0.057860346
0.058448515
0.05903481
0.059619648
0.060203319
0.060786076
0.061368103
0.061949405
0.062529883
0.063109331
0.063687245
0.064263074
0.064836241
0.065405862
0.065971163
0.066531466
0.067086023
0.067634475
0.068176563
0.068712183
0.069241641
0.069765782
0.070285253
0.07080052
0.071312837
0.071823427
0.072333285
0.072843775
0.073356394
0.073872513
0.074393474
0.074919962
0.07545214
0.075990316
0.076534569
0.077084454
0.077638583
0.078195891
0.078754839
0.079314388
0.079873911
0.080432642
0.080989515
0.08154355
0.082093997
0.082639729
0.08317955
0.083713136
0.084239786
0.084759509
0.085272853
0.085779617
0.086279471
0.086774063
0.087264416
0.087750497
0.088234207
0.08871719
0.08920133
0.089689191
0.090182069
0.090681325
0.091189011
0.091705237
0.092228538
0.092757388
0.093289832
0.093824345
0.094360463
0.094899067
0.095441476
0.0959881
0.096539194
0.09709522
0.097654443
0.098213801
0.098769097
0.099314173
0.099843841
0.10035358
0.10083941
0.10130064
0.10173913
0.10215905
0.10256741
0.10297351
0.10338511
0.10380818
0.10424644
0.10470169
0.10517487
0.10566616
0.10617629
0.1067076
0.10726271
0.10784469
0.10845743
0.10910675
0.10980021
0.11054657
0.11135634
0.1122416
0.11321543
0.11429126
0.11548244
0.11680219
0.11826384
0.11988037
0.12166328
0.12362259
0.12576653
0.12810193
0.13063529
0.13337212
0.1363164
0.13946965
0.14283042
0.14639465
0.15015644
0.15410913
0.15824595
0.1625593
0.16703809
0.17166606
0.17642292
0.18128649
0.18623474
0.19124667
0.19630215
0.20138102
0.20646199
0.21152161
0.21653341
0.22146698
0.2262874
0.23095394
0.2354187
0.23962524
0.24350684
0.24699104
0.25000664
0.25248917
0.25439273
0.25566786
0.25620027
0.25617264
0.25583139
0.25492831
0.25342014
0.25132067
0.24866079
0.24547248
0.24179415
0.23768087
0.23321261
0.22851252
0.22371302
0.21896407
0.2144105
0.21019244
0.20649115
0.2035168
0.20155579
0.20091848
0.20108835
0.20208637
0.204581
0.20873399
0.21445242
0.22155355
0.22988839
0.23953509
0.25063097
0.26323578
0.27730817
0.29270307
0.30925917
0.32683137
0.34524566
0.36431469
0.38386232
0.40372168
0.42372271
0.44369646
0.46349238
0.48297526
0.50201535
0.52049114
0.53829909
0.55535698
0.57159814
0.58696776
0.60142413
0.61494137
0.62750952
0.63913155
0.64982101
0.65960113
0.66850446
0.67657151
0.68384801
0.69038281
0.69622695
0.70143198
0.7060482
0.7101233
0.71370152
0.71682207
0.71951792
0.7218149
0.7237305
0.72527486
0.72645358
0.72726871
0.72770595
0.72777376
0.72763695
0.72718983
0.72634739
0.72509731
0.72343831
0.72136754
0.71887749
0.71595641
0.71258934
0.70875961
0.70445053
0.69964757
0.69433928
0.68851608
0.68217348
0.67531147
0.66793585
0.66005947
0.65170389
0.64290072
0.63369249
0.62413313
0.61428739
0.60423008
0.59404465
0.58382188
0.57365826
0.56365502
0.55391425
0.5445374
0.53563038
0.52730187
0.51966271
0.5128269
0.50691398
0.5020498
0.49836923
0.49606489
0.49538176
0.49587888
0.49784227
0.50176606
0.50778185
0.51598019
0.5264394
0.53921772
0.55433452
0.57175615
0.5913773
0.61299682
0.63630232
0.66084617
0.6860267
0.71110167
0.73522382
0.75744412
0.77663644
0.79140831
0.80150088
0.80778229
0.81074092
0.81023699
0.80664467
0.79932889
0.78968377
0.7786123
0.76688222
0.75515778
0.74391883
0.73345979
0.72393993
0.71541929
0.70787974
0.70124835
0.69541703
0.69025583
0.68562215
0.68136584
0.67732561
0.6733296
0.66920902
0.66480036
0.65993802
0.65444918
0.64815544
0.64087542
0.63243013
0.62264981
0.61138352
0.598508
0.58393666
0.56762589
0.54958045
0.52985748
0.50856919
0.48588391
0.46202435
0.43726374
0.41191521
0.38632018
0.36082759
0.33577473
0.31146893
0.28817316
0.266098
0.24539734
0.22616849
0.20845218
0.19224006
0.17748129
0.16409436
0.15198299
0.1410447
0.13118158
0.12230705
0.11434102
0.10720679
0.10083108
0.095143495
0.090075696
0.085569577
0.081582892
0.078083414
0.075043836
0.072434581
0.070218019
0.068351589
0.066793943
0.06550457
0.064444624
0.063579701
0.062879365
0.062316437
0.061867212
0.061511591
0.06123235
0.061014795
0.060846708
0.06071803
0.060620518
0.060547433
0.060493307
0.060453736
0.060425197
0.060404908
0.060390709
0.060380922
0.060374289
0.060369868
0.060366987
0.060365133
0.060363971
0.060363248
0.060362802
0.060362539
0.06036238
0.060362291
0.060362238
0.060362208
0.060362193
0.060362181
0.060362178
0.060362176
0.060362175
0.060362176
0.060362178
0.060362175
0.060362176
0.060362175
0.060362174
0.060362172
0.060362172
0.060362174
0.060362174
0.060362173
0.060362174
0.060362175
0.060362175
0.060362174
0.060362174
0.060362176
0.060362175
0.060362174
0.060362177
0.060362176
0.060362174
0.060362175
0.060362173
0.060362175
0.060362174
0.060362173
0.060362175
0.060362175
0.060362174
0.060362174
0.060362174
0.060362171
0.060362172
0.060362174
0.060362173
0.060362173
0.060362172
0.060362173
0.060362173
0.060362172
0.060362174
0.060362173
0.060362172
0.060362171
0.060362171
0.060362171
0.060362174
0.06036217
0.060362172
0.060362173
0.060362173
0.060362172
0.060362174
0.060362172
0.060362175
0.060362172
0.060362173
0.060362175
0.060362175
0.060362174
0.060362176
0.060362173
0.060362176
0.060362174
0.060362173
0.060362174
0.060362174
0.060362175
0.060362174
0.060362174
0.060362173
0.060362174
0.060362173
0.060362171
0.060362176
0.060362176
0.060362174
0.060362174
0.060362172
0.060362172
0.060362174
0.060362173
0.060362171
0.060362171
0.060362172
0.060362174
0.060362173
0.060362173
0.060362173
0.060362173
0.060362173
0.060362174
0.060362172
0.060362171
0.060362173
0.060362173
0.060362172
0.060362174
0.060362173
0.060362174
0.060362173
0.060362173
0.060362174
0.060362174
0.060362172
0.060362175
0.060362173
0.060362172
0.060362173
0.060362174
0.060362175
0.060362173
0.060362173
0.060362173
0.060362171
0.060362173
0.060362172
0.060362173
0.060362171
0.060362173
0.060362171
0.060362173
0.060362171
0.06036217
0.060362173
0.060362172
0.060362173
0.060362173
0.060362172
0.060362174
0.060362171
0.060362173
0.060362174
0.060362174
0.060362174
0.060362173
0.060362173
0.060362174
0.060362173
0.060362174
0.060362174
0.060362171
0.060362173
0.060362175
0.060362175
0.060362173
0.060362173
0.060362172
0.060362172
0.060362172
0.060362174
0.060362174
0.060362173
0.060362172
0.060362172
0.060362173
0.060362173
0.060362172
0.060362173
0.060362173
0.060362171
0.060362175
0.060362173
0.060362172
0.060362174
0.060362173
0.060362174
0.060362173
0.060362171
0.060362172
0.060362173
0.060362173
0.060362173
0.060362173
0.060362175
0.060362173
0.060362174
0.060362172
0.060362172
0.060362171
0.060362171
0.060362171
0.060362169
0.060362173
0.060362173
0.060362172
0.060362171
0.060362173
0.060362173
0.060362173
0.060362171
0.060362171
0.060362172
0.060362172
0.060362172
0.060362173
0.060362173
0.060362172
0.060362173
0.060362172
0.060362173
0.060362172
0.060362173
0.060362173
0.060362173
0.060362173
0.060362172
0.060362174
0.060362172
0.060362172
0.060362175
0.060362176
0.060362175
0.060362175
0.060362174
0.060362173
0.060362175
0.060362173
0.060362172
0.060362172
0.060362172
0.060362173
0.060362171
0.060362174
0.060362172
0.060362173
0.060362172
0.060362172
0.060362172
0.060362174
0.060362175
0.060362174
0.060362176
0.060362173
0.060362171
0.060362173
0.060362174
0.060362174
0.060362171
0.060362172
0.060362173
0.060362173
0.060362174
0.060362173
0.060362175
0.060362175
0.060362173
0.060362173
0.060362172
0.060362173
0.060362171
0.060362173
0.060362174
0.060362173
0.060362174
0.060362174
0.060362174
0.060362176
2.1621968e-08
3.7190071e-07
1.6840366e-06
5.0256552e-06
1.1799868e-05
2.3603161e-05
4.2086119e-05
6.888498e-05
0.00010551361
0.00015340909
0.00021403189
0.00028834112
0.00037713722
0.00048116351
0.00060102876
0.00073708839
0.00088945647
0.0010581569
0.001243129
0.0014445814
0.0016628734
0.0018977726
0.0021488966
0.002415649
0.0026972786
0.0029930205
0.0033022088
0.0036242561
0.003958635
0.0043047797
0.0046620568
0.005029826
0.0054074936
0.0057945089
0.0061904068
0.0065947376
0.0070070749
0.0074269524
0.0078538802
0.008287289
0.0087266029
0.0091711096
0.009620183
0.010073009
0.010529092
0.010987713
0.011448653
0.011911762
0.012376699
0.012843881
0.013313634
0.013786284
0.014262006
0.014740997
0.015223136
0.015708105
0.016195392
0.0166844
0.017174416
0.017664794
0.018154863
0.018644117
0.019132119
0.019618503
0.020103192
0.02058591
0.021067053
0.021546576
0.022024658
0.022501425
0.022977031
0.023451631
0.023925353
0.024398337
0.024870681
0.025342497
0.025813861
0.026284854
0.026755579
0.027226093
0.027696591
0.028167138
0.028637995
0.029109168
0.029580811
0.030053017
0.030525827
0.030999203
0.031472959
0.031946831
0.03242046
0.032893355
0.033364998
0.0338349
0.034302486
0.034767313
0.035229056
0.03568745
0.036142467
0.036594208
0.037042939
0.03748911
0.037933362
0.038376381
0.038818737
0.039261293
0.039704864
0.040150183
0.040597975
0.041048932
0.041503598
0.041962392
0.042425385
0.04289243
0.043363248
0.043837331
0.044313998
0.044792312
0.045271499
0.045750679
0.046229222
0.046706457
0.047181776
0.047654583
0.048124474
0.048591049
0.049053882
0.049512727
0.049967574
0.050418341
0.050865427
0.051309243
0.051750045
0.05218838
0.052625309
0.053061445
0.053497313
0.053934147
0.054372844
0.054814471
0.055260034
0.055709899
0.056164459
0.056623961
0.057087784
0.057555042
0.058025068
0.058497246
0.058971264
0.059447176
0.059925325
0.060405705
0.060887708
0.061370507
0.061852986
0.062333045
0.062808377
0.063276347
0.063734089
0.064179638
0.064611709
0.065029963
0.065435873
0.065832226
0.066222836
0.066612189
0.067004974
0.067404943
0.067814925
0.068236714
0.068671348
0.069119776
0.069583103
0.070063106
0.070562613
0.071085111
0.071635043
0.072217804
0.072840199
0.073510312
0.074237299
0.075031637
0.075905037
0.076870132
0.077939715
0.079126144
0.080441489
0.081897541
0.083505546
0.08527546
0.087215328
0.08933088
0.091625901
0.094103036
0.096763591
0.09960697
0.10262921
0.10582299
0.1091785
0.11268477
0.11633139
0.12010942
0.12401091
0.1280255
0.13213819
0.13633112
0.14058569
0.14488421
0.14921023
0.15354798
0.15788086
0.16218997
0.16645282
0.17064268
0.17472783
0.17867121
0.18243002
0.18595556
0.189194
0.19208698
0.19457778
0.19661648
0.19815748
0.19915659
0.19954626
0.1995118
0.199224
0.19849953
0.197301
0.19567251
0.1937015
0.19146629
0.18903491
0.1864773
0.18389188
0.18140047
0.17916269
0.1773617
0.17623978
0.17598599
0.17620782
0.17717773
0.17942895
0.18312086
0.18817472
0.19444726
0.20181561
0.2102439
0.21994801
0.23108809
0.24373344
0.25786128
0.27333389
0.29002398
0.30781124
0.32653764
0.34602621
0.36610946
0.38661907
0.40737029
0.42817391
0.44886347
0.46929335
0.48932456
0.50882906
0.52769847
0.5458435
0.56318955
0.57967587
0.59525792
0.60990774
0.62361133
0.63636549
0.64817636
0.65905992
0.66904249
0.67815899
0.68645053
0.69396278
0.70074494
0.70684858
0.71232569
0.71722691
0.72160121
0.72549335
0.72894348
0.73198796
0.73465922
0.73698383
0.7389769
0.74064193
0.7419797
0.74299512
0.74369022
0.74405737
0.74411143
0.74400038
0.7436375
0.7429463
0.74191203
0.74053711
0.73882602
0.73677894
0.73439076
0.73165211
0.72855021
0.7250696
0.72119276
0.71690092
0.71217557
0.7070002
0.70136345
0.69526047
0.68869054
0.68165808
0.67417648
0.66627036
0.65797676
0.64934606
0.64044159
0.63133906
0.62212514
0.61289536
0.60375231
0.59480501
0.58616242
0.57793699
0.57024876
0.5632221
0.55698386
0.55166361
0.54739312
0.54431413
0.54263285
0.54242996
0.54332976
0.54591715
0.55041893
0.5568883
0.56536347
0.57587066
0.58840551
0.60291589
0.61928141
0.63730031
0.65666966
0.67696422
0.69765124
0.71807859
0.73743891
0.75467214
0.76840409
0.7781753
0.78453605
0.78814091
0.78850397
0.78600638
0.77936138
0.76953697
0.7575355
0.74410491
0.73001582
0.71593259
0.70231562
0.68946505
0.6775665
0.66670452
0.65688736
0.6480728
0.64018249
0.63311318
0.62674498
0.62094665
0.61557947
0.61049931
0.60555543
0.60059313
0.59546032
0.59000833
0.58408904
0.57755349
0.57025341
0.56204336
0.55278551
0.54235498
0.53064758
0.51758639
0.50312878
0.48727075
0.4700506
0.45155121
0.43190072
0.41127135
0.3898747
0.36795707
0.34578846
0.32365267
0.30183163
0.28058975
0.26016029
0.24073556
0.22246225
0.20543965
0.18972374
0.17532836
0.16222969
0.15037473
0.13968696
0.13007653
0.12145093
0.11372022
0.1068028
0.10062661
0.095126163
0.09023908
0.085906835
0.082075262
0.078695296
0.075726774
0.073137544
0.070899398
0.068985602
0.067367225
0.066011608
0.064885751
0.063958461
0.063200927
0.062586799
0.062092543
0.061697764
0.061384844
0.061138731
0.06094672
0.060798179
0.060684265
0.060597657
0.060532428
0.060483816
0.060448
0.060421933
0.060403205
0.060389935
0.060380672
0.060374299
0.060369994
0.060367131
0.06036526
0.060364065
0.060363312
0.060362847
0.060362567
0.060362398
0.0603623
0.060362241
0.060362208
0.060362192
0.060362183
0.06036218
0.060362179
0.060362178
0.060362176
0.060362175
0.060362174
0.060362176
0.060362173
0.060362176
0.060362175
0.060362177
0.060362177
0.060362174
0.060362173
0.060362174
0.060362172
0.060362173
0.060362173
0.060362171
0.060362172
0.060362172
0.060362172
0.060362172
0.060362172
0.06036217
0.060362174
0.060362174
0.060362174
0.060362173
0.060362175
0.060362175
0.060362173
0.060362174
0.060362175
0.060362174
0.060362173
0.060362175
0.060362173
0.060362173
0.060362172
0.060362174
0.060362173
0.060362173
0.060362171
0.060362173
0.060362172
0.060362174
0.060362174
0.060362174
0.060362174
0.060362173
0.060362174
0.060362174
0.060362176
0.060362175
0.060362174
0.060362175
0.060362176
0.060362175
0.060362173
0.060362173
0.060362173
0.060362173
0.060362172
0.060362173
0.060362172
0.060362172
0.060362173
0.060362173
0.060362175
0.060362174
0.060362175
0.060362175
0.060362173
0.060362175
0.060362173
0.060362172
0.060362172
0.060362172
0.060362168
0.060362172
0.060362171
0.060362172
0.060362174
0.060362173
0.060362174
0.060362172
0.060362174
0.060362174
0.060362172
0.060362172
0.060362173
0.060362169
0.06036217
0.060362171
0.060362172
0.060362172
0.060362173
0.060362175
0.060362173
0.060362173
0.060362172
0.060362171
0.060362173
0.060362172
0.060362172
0.060362173
0.060362173
0.060362172
0.060362171
0.060362171
0.060362173
0.060362173
0.060362173
0.060362173
0.060362173
0.060362171
0.060362171
0.060362172
0.060362173
0.060362173
0.060362174
0.060362171
0.060362173
0.060362173
0.060362173
0.060362174
0.060362176
0.060362174
0.060362173
0.060362171
0.060362174
0.060362173
0.060362172
0.060362176
0.060362173
0.060362174
0.060362172
0.060362172
0.060362173
0.060362173
0.060362173
0.060362173
0.060362173
0.060362174
0.060362171
0.060362174
0.060362173
0.060362173
0.060362174
0.060362175
0.060362174
0.060362175
0.060362174
0.060362171
0.060362173
0.060362169
0.060362174
0.060362174
0.060362174
0.060362172
0.06036217
0.060362174
0.060362172
0.06036217
0.060362171
0.060362171
0.060362172
0.060362173
0.060362173
0.060362172
0.060362172
0.060362172
0.060362173
0.060362172
0.060362173
0.060362173
0.060362173
0.060362172
0.060362171
0.060362174
0.060362173
0.060362173
0.060362171
0.060362172
0.060362174
0.060362173
0.060362173
0.060362174
0.060362174
0.060362173
0.060362172
0.060362172
0.06036217
0.060362171
0.060362172
0.060362171
0.060362171
0.060362172
0.060362173
0.060362172
0.060362175
0.060362173
0.060362174
0.060362175
0.060362175
0.060362175
0.060362173
0.060362172
0.060362172
0.060362171
0.060362172
0.060362171
0.060362172
0.060362172
0.06036217
0.060362171
0.06036217
0.060362172
0.060362171
0.060362173
0.060362173
0.060362173
0.060362174
0.060362173
0.060362173
0.060362173
0.060362172
0.060362171
0.060362172
0.060362173
0.060362174
0.060362174
0.060362174
0.060362175
0.060362172
0.060362173
0.060362173
0.060362174
0.060362175
0.060362174
0.060362172
0.06036217
0.060362173
0.060362173
0.060362173
0.060362174
0.060362174
0.060362172
0.060362172
0.060362172
0.060362174
0.060362173
0.060362172
0.060362174
0.060362174
0.060362172
0.060362175
0.060362172
0.060362173
0.060362172
0.060362171
0.06036217
7.6811035e-10
5.5535968e-09
3.776064e-08
1.4076302e-07
3.9512983e-07
9.1448876e-07
1.8731691e-06
3.4678215e-06
5.9446203e-06
9.5780938e-06
1.467787e-05
2.1551467e-05
3.053712e-05
4.1969379e-05
5.6192749e-05
7.3537094e-05
9.4318314e-05
0.00011884774
0.00014743431
0.00018039274
0.00021809262
0.00026076794
0.00030862779
0.00036185081
0.00042058442
0.00048496152
0.00055510893
0.00063113725
0.00071313076
0.00080114938
0.00089521681
0.00099536259
0.001101595
0.0012139083
0.0013323296
0.0014568567
0.001587458
0.0017240836
0.0018666556
0.0020150656
0.0021691836
0.0023288161
0.0024938076
0.0026639277
0.0028390658
0.0030190232
0.0032037956
0.0033933263
0.0035875841
0.0037866875
0.0039906858
0.0041995898
0.0044133617
0.0046319162
0.0048550992
0.0050827131
0.0053145039
0.005550234
0.005789605
0.0060324106
0.0062783719
0.0065273377
0.0067791224
0.0070335498
0.0072906465
0.0075499489
0.0078116675
0.0080757188
0.0083420982
0.0086107606
0.0088816696
0.0091548031
0.0094301231
0.0097076113
0.0099872439
0.010269018
0.010552928
0.010838976
0.011127175
0.011417556
0.011710149
0.01200498
0.012302114
0.012601486
0.012903159
0.013207079
0.013513148
0.013821198
0.014131
0.014442283
0.014754764
0.015068113
0.015382021
0.015696228
0.016010481
0.016324604
0.016638515
0.016952202
0.017265751
0.017579331
0.017893185
0.018207635
0.018523046
0.018839759
0.019158103
0.01947848
0.01980124
0.020126699
0.020455119
0.020786694
0.021121522
0.021459588
0.021800741
0.022144712
0.022491147
0.022839617
0.023189661
0.023540751
0.023892465
0.024244352
0.02459607
0.024947284
0.025297762
0.025647307
0.02599579
0.026343137
0.026689273
0.027034218
0.027378098
0.027721028
0.028063306
0.028405239
0.028747098
0.029089252
0.029432189
0.029776261
0.030121796
0.030469355
0.03081931
0.031172051
0.031527808
0.031886577
0.032248333
0.032612927
0.032979996
0.03334918
0.033720236
0.034092962
0.034467209
0.034842843
0.035219655
0.035597217
0.035974815
0.036351608
0.036726655
0.037098788
0.037466897
0.037829887
0.038186834
0.038537373
0.03888164
0.039220352
0.039555006
0.039887561
0.040220282
0.04055554
0.040895611
0.041242318
0.041597189
0.041961548
0.042336605
0.04272378
0.043124903
0.043542455
0.043979654
0.044440383
0.044929338
0.045452153
0.046015461
0.046626743
0.047294356
0.048027713
0.048837265
0.049734159
0.05072947
0.051833493
0.053055814
0.054405452
0.055890777
0.057518746
0.059294162
0.061219126
0.063293654
0.065516641
0.067886115
0.070398346
0.073045994
0.075818538
0.078703887
0.081689955
0.084766505
0.08792556
0.091161239
0.094467287
0.097833606
0.10124779
0.10469706
0.10816919
0.11165253
0.11513515
0.11860345
0.12204108
0.12542771
0.12873873
0.13194497
0.13501272
0.13790455
0.14058053
0.14299959
0.14512195
0.14691721
0.14836448
0.14945075
0.15017829
0.15056257
0.15066192
0.15061538
0.15040502
0.1499843
0.14943229
0.14887784
0.1484731
0.1483573
0.14843345
0.14880491
0.1497187
0.1513896
0.15404551
0.15776136
0.16249271
0.16818326
0.17480238
0.18229348
0.19082295
0.20060078
0.21174879
0.22431765
0.2382961
0.25356907
0.27006437
0.28769296
0.30632055
0.32579594
0.34596964
0.36667553
0.38772743
0.40894243
0.43015346
0.45119803
0.47191138
0.49214906
0.51179441
0.5307516
0.54894069
0.56629744
0.58277432
0.59833915
0.612973
0.62666914
0.6394329
0.65128046
0.66223641
0.6723304
0.6815943
0.69006356
0.69778091
0.70479375
0.71115071
0.71690012
0.72208963
0.72676569
0.73097238
0.73474973
0.73813448
0.74115423
0.74383233
0.74619566
0.74826642
0.7500653
0.75159322
0.75278469
0.75363493
0.75420418
0.7545063
0.75454884
0.75447217
0.75421807
0.75370033
0.75289356
0.75180745
0.75046124
0.74886856
0.74703547
0.7449624
0.74264564
0.74007774
0.73724733
0.73413916
0.73073414
0.72700962
0.72293784
0.71849077
0.71366936
0.70846984
0.70288688
0.69692278
0.69059045
0.68391488
0.67693499
0.66970391
0.66229034
0.65477752
0.64726216
0.6398496
0.63265102
0.62577318
0.61932908
0.61344294
0.60824482
0.60386619
0.60043806
0.5981037
0.59705657
0.59721117
0.59851449
0.60146079
0.60609265
0.61241494
0.62041409
0.63004994
0.6412399
0.65384481
0.66766634
0.68242005
0.69771293
0.71301602
0.72759516
0.74042829
0.75050026
0.75790731
0.76282424
0.7657168
0.76600719
0.76363473
0.75729542
0.74751328
0.73518488
0.72086742
0.7053045
0.68923816
0.67324491
0.65772937
0.64298546
0.62919471
0.61644129
0.60474431
0.59407617
0.58437763
0.57556973
0.56755884
0.56024022
0.55350074
0.54722064
0.54127505
0.53553522
0.52986915
0.52414445
0.5182319
0.51200575
0.505343
0.49812328
0.49023057
0.48155512
0.47199782
0.461474
0.44991958
0.43729544
0.42359245
0.40883409
0.39307849
0.37641926
0.3589845
0.34093482
0.32245715
0.30375978
0.28506244
0.26658836
0.24855271
0.23115173
0.21455308
0.19888874
0.18425387
0.17070585
0.15826828
0.14693572
0.13667615
0.12743702
0.11915198
0.11174526
0.10513791
0.099253745
0.094022428
0.08938031
0.085270803
0.081643058
0.078449343
0.075645796
0.073193129
0.071056608
0.0692069
0.067618842
0.066268632
0.065132565
0.064186639
0.063406385
0.062767696
0.062249204
0.061831958
0.061498506
0.061233929
0.061025719
0.060863108
0.060737101
0.060640261
0.060566496
0.060510802
0.060469141
0.060438281
0.06041567
0.060399298
0.060387587
0.060379327
0.060373578
0.060369634
0.060366976
0.060365208
0.060364058
0.060363322
0.060362864
0.060362579
0.060362408
0.060362307
0.060362247
0.060362213
0.060362199
0.060362188
0.060362182
0.060362177
0.060362178
0.060362176
0.060362175
0.060362175
0.060362174
0.060362172
0.060362174
0.060362172
0.060362173
0.060362171
0.060362171
0.060362174
0.060362174
0.060362175
0.060362175
0.060362174
0.060362174
0.060362175
0.060362173
0.060362173
0.060362174
0.060362175
0.060362173
0.060362174
0.060362173
0.060362174
0.060362173
0.060362173
0.060362171
0.060362171
0.060362174
0.060362172
0.060362169
0.060362172
0.060362171
0.06036217
0.060362173
0.060362173
0.060362174
0.060362173
0.060362174
0.060362171
0.060362174
0.060362174
0.060362173
0.060362172
0.060362171
0.06036217
0.060362174
0.060362173
0.060362171
0.060362174
0.06036217
0.060362171
0.060362174
0.060362172
0.060362172
0.060362174
0.060362175
0.060362175
0.060362175
0.060362176
0.060362174
0.060362174
0.060362175
0.060362176
0.060362172
0.060362172
0.060362171
0.060362171
0.06036217
0.060362172
0.060362174
0.060362174
0.060362175
0.060362171
0.060362174
0.060362174
0.060362175
0.060362176
0.060362172
0.060362173
0.060362172
0.060362172
0.060362171
0.060362173
0.060362171
0.060362172
0.060362172
0.060362171
0.060362173
0.060362174
0.060362175
0.060362174
0.060362174
0.060362174
0.060362173
0.060362171
0.060362172
0.060362173
0.060362172
0.060362172
0.060362171
0.060362172
0.060362174
0.060362176
0.060362173
0.060362174
0.060362174
0.060362174
0.060362171
0.060362172
0.060362173
0.060362174
0.060362172
0.060362174
0.060362176
0.060362172
0.060362175
0.060362173
0.060362174
0.060362174
0.060362176
0.060362173
0.060362175
0.060362174
0.060362173
0.060362172
0.060362173
0.060362173
0.060362173
0.060362172
0.060362173
0.060362169
0.060362171
0.060362173
0.060362172
0.060362173
0.060362174
0.060362174
0.060362174
0.060362175
0.060362175
0.060362176
0.060362176
0.060362173
0.060362174
0.060362173
0.060362171
0.060362173
0.060362173
0.060362172
0.06036217
0.060362175
0.060362173
0.060362176
0.060362172
0.060362174
0.060362172
0.060362172
0.060362175
0.060362174
0.060362174
0.060362173
0.060362174
0.060362172
0.060362174
0.060362172
0.060362172
0.060362171
0.060362172
0.060362173
0.060362173
0.060362175
0.060362175
0.060362173
0.060362173
0.060362175
0.060362176
0.060362172
0.060362173
0.060362174
0.060362172
0.060362175
0.060362172
0.060362173
0.060362173
0.060362172
0.06036217
0.060362172
0.060362174
0.060362173
0.060362173
0.060362172
0.060362173
0.060362175
0.060362176
0.060362174
0.060362173
0.060362171
0.06036217
0.06036217
0.060362169
0.060362169
0.060362171
0.060362169
0.060362172
0.060362173
0.060362173
0.060362174
0.060362172
0.060362171
0.060362172
0.060362172
0.060362174
0.060362172
0.060362172
0.060362174
0.060362174
0.060362172
0.060362173
0.060362175
0.060362172
0.060362171
0.060362172
0.060362172
0.060362173
0.060362173
0.060362176
0.060362172
0.060362174
0.060362173
0.060362172
0.060362172
0.060362175
0.060362171
0.060362173
0.060362173
0.060362172
0.060362173
0.060362173
0.060362173
0.060362173
0.060362176
0.060362175
0.060362174
0.060362173
0.060362176
0.060362175
0.060362172
0.060362173
0.060362172
0.060362173
0.060362171
0.060362173
0.060362175
0.060362171
0.060362173
0.060362173
0.060362174
0.060362173
0.060362174
1.584467e-10
0
1.9079758e-09
3.8296416e-09
1.0279239e-08
3.1258866e-08
7.0313457e-08
1.5004091e-07
2.862828e-07
5.0775252e-07
8.4798492e-07
1.3518212e-06
2.0679664e-06
3.0522744e-06
4.3718357e-06
6.0964231e-06
8.3004642e-06
1.1071748e-05
1.4493646e-05
1.8662401e-05
2.3679574e-05
2.964599e-05
3.66598e-05
4.4819869e-05
5.422866e-05
6.4984908e-05
7.719638e-05
9.0952105e-05
0.0001063517
0.00012349045
0.00014245211
0.00016332734
0.00018620777
0.00021116877
0.00023830277
0.00026768438
0.00029938974
0.00033348173
0.00037001237
0.00040902456
0.00045056313
0.00049464762
0.00054130515
0.00059054278
0.00064240727
0.00069691098
0.00075413524
0.00081412489
0.00087684457
0.00094243044
0.0010109277
0.0010823705
0.0011567691
0.0012341209
0.0013144065
0.0013976027
0.0014836651
0.0015725593
0.0016642336
0.0017586574
0.0018557803
0.0019555792
0.0020580125
0.0021630443
0.0022706792
0.0023807826
0.0024934497
0.002608629
0.0027263116
0.0028464827
0.0029691299
0.0030942352
0.0032217812
0.0033517659
0.0034841818
0.0036190332
0.0037563203
0.0038960669
0.0040382708
0.0041829632
0.0043301597
0.0044798573
0.004632105
0.0047867878
0.0049438768
0.0051033389
0.0052651103
0.0054290867
0.0055951354
0.005763118
0.0059328921
0.0061043136
0.0062772649
0.0064516503
0.0066273971
0.0068044725
0.0069828789
0.0071626518
0.007343866
0.0075266193
0.007711046
0.0078972707
0.0080854657
0.0082757579
0.0084683007
0.0086632334
0.0088606658
0.0090606749
0.0092633003
0.0094685593
0.0096763998
0.0098867346
0.010099423
0.010314283
0.010531111
0.010749673
0.010969751
0.011191129
0.011413619
0.011637051
0.011861303
0.012086265
0.012311885
0.012538108
0.012764935
0.012992317
0.013220294
0.013448899
0.013678211
0.013908312
0.014139352
0.014371458
0.014604773
0.014839461
0.015075706
0.015313643
0.015553426
0.015795241
0.016039205
0.016285404
0.01653384
0.01678445
0.017037156
0.017291849
0.017548365
0.017806565
0.018066334
0.018327548
0.018590065
0.018853698
0.019118194
0.019383211
0.019648312
0.019913033
0.020176928
0.020439526
0.020700436
0.020959329
0.021216049
0.021470731
0.021723756
0.021975755
0.022227668
0.022480589
0.022735721
0.022994299
0.023257572
0.023526771
0.023803129
0.02408796
0.024382635
0.024688772
0.025008346
0.025343805
0.025698125
0.026074825
0.026478094
0.026912737
0.027384253
0.027898761
0.02846303
0.029084528
0.029771388
0.03053215
0.031375207
0.032308301
0.033338341
0.034471651
0.035713928
0.037069663
0.038541174
0.040127977
0.041827639
0.043636838
0.045551751
0.047568028
0.049679292
0.051876647
0.054150614
0.056492695
0.058897204
0.061361184
0.063883988
0.066464881
0.069098167
0.071775941
0.074489521
0.077230089
0.079988657
0.082755474
0.085519236
0.088266377
0.090980467
0.093642467
0.096230864
0.098722405
0.10109374
0.10332301
0.10539138
0.10728597
0.10900257
0.11055034
0.11194899
0.11322692
0.11442557
0.11559655
0.11679681
0.11808266
0.1195248
0.12121953
0.12330755
0.12596349
0.12928084
0.13326003
0.13792335
0.14331655
0.14944613
0.15625036
0.16387919
0.17254018
0.18236507
0.19344349
0.20584167
0.21950931
0.23439003
0.25045806
0.26763899
0.285827
0.30490519
0.32474796
0.34520292
0.36609903
0.38726942
0.40855329
0.42978298
0.45078946
0.47141825
0.49153333
0.51101663
0.52977444
0.54773315
0.56483907
0.58105689
0.59636729
0.6107645
0.6242537
0.63684765
0.64856442
0.65942943
0.66947645
0.67874459
0.68727563
0.69511189
0.7022902
0.70883689
0.71479746
0.72021953
0.7251456
0.72961456
0.73366225
0.73732141
0.74062136
0.74358733
0.74623989
0.74861169
0.75073129
0.75260359
0.75423135
0.75563514
0.75686319
0.75764512
0.75788751
0.7580286
0.75803373
0.7579047
0.75769732
0.75740685
0.75676396
0.75585639
0.75473725
0.75344264
0.75198834
0.75038297
0.74863174
0.74673687
0.74469731
0.74250908
0.74016653
0.73766414
0.73499821
0.73217299
0.72918824
0.72598989
0.72254528
0.71884294
0.7148788
0.71065557
0.70618397
0.70148452
0.69658772
0.69153678
0.68638861
0.68122629
0.67616045
0.6713005
0.6667409
0.66257459
0.65890934
0.65585819
0.65353753
0.65207575
0.65161108
0.65199691
0.65346183
0.65620538
0.66021858
0.66546937
0.67190079
0.67941274
0.68784044
0.69693454
0.70632517
0.7154661
0.72359546
0.73043846
0.73587262
0.73972001
0.74231194
0.74357839
0.74274705
0.73914687
0.73212348
0.72207423
0.70951184
0.69476018
0.67845287
0.66127627
0.64381674
0.62651725
0.60974056
0.59375071
0.57870314
0.56467567
0.55168715
0.53971324
0.52870377
0.51859245
0.50930284
0.5007521
0.49285186
0.48550864
0.47862421
0.47209606
0.4658183
0.45968295
0.45358145
0.4474068
0.44105547
0.43442744
0.42742693
0.4199627
0.41194984
0.40331129
0.39398161
0.38390941
0.37306198
0.3614278
0.34901996
0.33587739
0.32206559
0.30767632
0.29282566
0.2776516
0.26230798
0.24695989
0.23177539
0.21691972
0.20254723
0.18879416
0.17577342
0.16356933
0.15223772
0.1418071
0.13228086
0.12364174
0.1158559
0.10887588
0.10264526
0.097103398
0.092187934
0.087837299
0.083994557
0.080608115
0.077630848
0.075020718
0.072740162
0.070754223
0.069031314
0.067543574
0.066266235
0.065177686
0.064258661
0.063490464
0.062854611
0.06233344
0.061910073
0.061568806
0.061295923
0.061079461
0.06090905
0.060775869
0.060672576
0.060593127
0.060532504
0.060486628
0.060452224
0.060426666
0.060407858
0.060394155
0.060384288
0.060377262
0.060372324
0.0603689
0.060366563
0.060364993
0.060363953
0.060363277
0.060362844
0.060362573
0.06036241
0.060362307
0.060362247
0.060362217
0.060362197
0.060362187
0.060362179
0.060362175
0.060362177
0.060362175
0.060362176
0.060362175
0.060362174
0.060362175
0.060362175
0.060362176
0.060362176
0.060362174
0.060362175
0.060362174
0.060362172
0.060362172
0.060362172
0.060362172
0.060362174
0.060362173
0.060362173
0.060362173
0.060362173
0.060362173
0.060362173
0.060362174
0.060362175
0.060362175
0.060362173
0.060362174
0.060362173
0.060362173
0.060362175
0.060362173
0.060362176
0.060362174
0.060362175
0.060362173
0.060362175
0.060362174
0.060362173
0.060362172
0.060362172
0.060362173
0.060362173
0.060362173
0.060362173
0.060362173
0.060362175
0.060362174
0.060362176
0.060362172
0.060362176
0.060362174
0.060362174
0.060362172
0.060362172
0.060362171
0.060362171
0.060362172
0.060362172
0.060362171
0.060362172
0.060362172
0.060362172
0.060362172
0.060362173
0.060362173
0.060362174
0.060362174
0.060362174
0.060362175
0.060362175
0.060362175
0.060362172
0.060362174
0.060362172
0.060362173
0.060362174
0.060362172
0.060362173
0.060362171
0.060362173
0.060362173
0.060362173
0.060362174
0.060362175
0.060362176
0.060362174
0.060362176
0.060362174
0.060362173
0.060362174
0.060362175
0.060362174
0.060362172
0.060362173
0.060362171
0.060362171
0.060362174
0.060362173
0.060362173
0.060362172
0.060362175
0.060362174
0.060362173
0.060362172
0.060362174
0.060362171
0.060362174
0.060362175
0.060362173
0.060362172
0.060362172
0.060362173
0.060362174
0.060362172
0.060362174
0.060362171
0.060362172
0.060362174
0.060362172
0.060362174
0.060362173
0.060362174
0.060362172
0.060362172
0.060362173
0.060362169
0.060362171
0.060362172
0.060362173
0.060362173
0.060362173
0.060362175
0.060362174
0.060362174
0.060362176
0.060362173
0.060362174
0.060362173
0.060362173
0.060362173
0.060362171
0.060362172
0.060362173
0.060362173
0.060362173
0.060362175
0.060362173
0.060362175
0.060362176
0.060362173
0.060362174
0.060362175
0.060362176
0.060362173
0.060362171
0.060362172
0.060362172
0.060362173
0.060362171
0.060362174
0.060362172
0.060362172
0.060362173
0.060362173
0.060362172
0.060362173
0.060362173
0.060362173
0.060362174
0.060362173
0.060362172
0.060362173
0.060362172
0.060362171
0.060362173
0.060362172
0.060362173
0.060362173
0.060362172
0.060362174
0.060362174
0.060362171
0.06036217
0.060362171
0.060362171
0.060362173
0.060362173
0.060362172
0.060362175
0.060362173
0.060362171
0.060362174
0.060362174
0.060362174
0.060362176
0.060362172
0.060362173
0.060362174
0.060362176
0.060362173
0.060362176
0.060362176
0.060362176
0.060362175
0.060362172
0.060362175
0.060362174
0.060362172
0.060362174
0.060362173
0.060362173
0.060362173
0.060362173
0.060362174
0.060362172
0.060362174
0.060362172
0.060362172
0.060362171
0.060362175
0.060362172
0.060362174
0.060362174
0.060362174
0.060362174
0.060362172
0.060362173
0.06036217
0.060362171
0.060362173
0.060362171
0.060362173
0.060362173
0.060362173
0.060362172
0.060362174
0.060362173
0.060362175
0.060362173
0.060362174
0.060362172
0.060362173
0.060362172
0.060362171
0.06036217
0.060362174
0.060362171
0.06036217
0.060362171
0.060362174
0.060362173
0.060362176
0.060362173
0.060362177
0.060362172
0.060362174
0.060362173
0.060362173
0.060362172
0.060362174
0.060362173
0.060362175
0
2.7925739e-10
0
1.8389961e-09
2.1888733e-09
2.4613942e-09
4.0397675e-09
5.5901321e-09
1.0823412e-08
2.2746413e-08
3.9162383e-08
7.1918294e-08
1.1981245e-07
1.8994778e-07
2.9152162e-07
4.338722e-07
6.2722883e-07
8.8354489e-07
1.220234e-06
1.6510885e-06
2.1996678e-06
2.8803798e-06
3.720536e-06
4.7400279e-06
5.9685069e-06
7.4321443e-06
9.1631022e-06
1.11825e-05
1.3530256e-05
1.6238428e-05
1.9339682e-05
2.2870576e-05
2.6864941e-05
3.1362385e-05
3.6400244e-05
4.2014587e-05
4.8247579e-05
5.5131312e-05
6.2707586e-05
7.1013882e-05
8.007815e-05
8.9938771e-05
0.00010062868
0.0001121757
0.00012462394
0.0001380051
0.00015236353
0.0001677424
0.00018415509
0.0002016655
0.00022031317
0.00024013301
0.0002611514
0.00028339664
0.00030688809
0.00033165182
0.00035770202
0.00038505423
0.00041373031
0.00044374631
0.00047511609
0.00050786106
0.00054198692
0.00057753426
0.00061450084
0.00065284454
0.00069262562
0.00073386792
0.00077657946
0.00082076583
0.00086644313
0.00091361974
0.00096231003
0.0010125322
0.0010642962
0.001117627
0.0011725408
0.0012290609
0.0012872116
0.0013470119
0.0014084806
0.0014716244
0.0015364543
0.0016029419
0.0016710843
0.0017408819
0.0018122976
0.0018853049
0.0019598623
0.0020359227
0.0021134482
0.0021924033
0.0022727604
0.0023545044
0.0024376322
0.0025221536
0.0026080836
0.0026954625
0.002784329
0.0028747359
0.0029667465
0.0030604077
0.0031557938
0.0032529423
0.0033518695
0.0034526412
0.0035552851
0.0036598296
0.0037662596
0.0038745578
0.0039846877
0.0040965935
0.0042102109
0.0043254651
0.0044422702
0.0045605499
0.0046802296
0.0048012328
0.0049235109
0.0050470164
0.0051717145
0.0052975825
0.0054246109
0.0055527853
0.0056821277
0.0058126197
0.0059442841
0.00607714
0.0062112209
0.0063465614
0.0064832109
0.0066212182
0.0067606315
0.0069015112
0.007043919
0.0071879067
0.0073335237
0.0074808276
0.0076298348
0.0077805589
0.0079329751
0.0080870408
0.0082427173
0.0083999474
0.0085586676
0.0087188176
0.0088803314
0.009043133
0.0092071148
0.0093721587
0.009538135
0.0097048693
0.0098721754
0.010039874
0.010207788
0.010375776
0.010543734
0.010711616
0.010879452
0.011047408
0.011215773
0.011384959
0.011555495
0.011728017
0.011903238
0.012081932
0.012264964
0.012453284
0.012647951
0.012850071
0.013060865
0.013281693
0.013514149
0.013760127
0.014021858
0.01430192
0.014603326
0.014929548
0.015284551
0.015672781
0.016099147
0.016569039
0.017088347
0.017663359
0.018300409
0.019005307
0.019783019
0.020637934
0.021574019
0.022594553
0.023701644
0.024895713
0.026176061
0.027542041
0.028993592
0.030531299
0.032153696
0.033857266
0.035638581
0.037495044
0.039425561
0.041429784
0.043507711
0.045660283
0.04788452
0.0501743
0.05252152
0.054916841
0.057349918
0.059809965
0.062286047
0.064767283
0.067243052
0.069703366
0.072139247
0.07454378
0.076913229
0.079248467
0.081556125
0.083850927
0.08615803
0.088521061
0.09099598
0.093655881
0.096557043
0.099726361
0.10320414
0.10704284
0.11129751
0.11601458
0.12120943
0.12684464
0.13301285
0.13991319
0.14768406
0.156423
0.16622524
0.17717907
0.18926757
0.20246788
0.21679348
0.23222514
0.24871227
0.26618144
0.28454368
0.30369702
0.32350762
0.34383282
0.3645317
0.385454
0.40643444
0.42730639
0.44791614
0.46812544
0.48780755
0.5068488
0.52515162
0.54264453
0.55928123
0.5750337
0.58988995
0.6038516
0.61693144
0.62915287
0.64054878
0.65115668
0.66101282
0.67014239
0.67857088
0.68634271
0.69349952
0.7000809
0.70612827
0.71169262
0.71683222
0.72155705
0.7258767
0.72981281
0.73339075
0.73663411
0.73956313
0.74219487
0.74454396
0.74662321
0.74843786
0.74999787
0.75132162
0.75241114
0.75325515
0.75387354
0.75424219
0.75430833
0.75420814
0.75392491
0.75343406
0.75272857
0.7517996
0.75075888
0.7496166
0.74837999
0.7470635
0.74568582
0.74426441
0.74281269
0.74133898
0.73984652
0.73833392
0.73679545
0.73522084
0.73359471
0.7318939
0.73009424
0.7281976
0.72620047
0.72409497
0.72187725
0.71955085
0.71712903
0.71463487
0.71209865
0.70955391
0.7070356
0.7045646
0.70214787
0.69983052
0.69769398
0.6958598
0.69442302
0.69339488
0.69285972
0.69284504
0.6932947
0.6943693
0.69604893
0.69828652
0.70099603
0.70405198
0.70730475
0.71057307
0.71365875
0.7163571
0.71849313
0.71993574
0.72116335
0.72129807
0.7199282
0.71635837
0.71051701
0.7021206
0.69136227
0.67835883
0.66335775
0.6468524
0.62936369
0.61136837
0.59326945
0.57543857
0.55817845
0.54169284
0.52611308
0.51150867
0.49789591
0.48525513
0.47354264
0.46269941
0.45265854
0.44334949
0.43470005
0.42663701
0.41908532
0.41196743
0.40520285
0.39870861
0.39239996
0.38619162
0.37999921
0.37374071
0.36733774
0.36071577
0.35380501
0.3465408
0.33886548
0.33072942
0.32209402
0.31293301
0.30323573
0.29300828
0.28227556
0.27108152
0.25948901
0.24757878
0.23544712
0.22320364
0.21096596
0.1988562
0.18699464
0.17549559
0.16446268
0.15398393
0.14412941
0.13494867
0.12647053
0.11870478
0.11164463
0.10526896
0.099545885
0.094435977
0.089894144
0.085872616
0.082324037
0.079201834
0.076461555
0.074062999
0.071969852
0.070148549
0.068569411
0.067205766
0.066032947
0.065029041
0.064174755
0.063452662
0.062847351
0.062345012
0.061932129
0.061595838
0.061324587
0.061107687
0.060935407
0.060799654
0.060693615
0.060611372
0.060548039
0.060499662
0.060462995
0.060435435
0.060414901
0.060399745
0.060388661
0.060380636
0.060374888
0.06037082
0.060367973
0.060366009
0.06036467
0.06036377
0.060363178
0.060362792
0.06036255
0.060362396
0.060362299
0.060362245
0.060362215
0.060362195
0.060362183
0.060362178
0.060362178
0.060362178
0.060362175
0.060362176
0.060362174
0.060362174
0.060362174
0.060362172
0.060362173
0.060362173
0.060362173
0.060362173
0.060362174
0.060362174
0.060362174
0.060362176
0.060362175
0.060362175
0.060362172
0.060362174
0.060362173
0.060362173
0.060362172
0.060362173
0.060362173
0.060362172
0.060362172
0.060362173
0.060362172
0.060362173
0.060362174
0.060362174
0.060362175
0.060362174
0.060362175
0.060362174
0.060362174
0.060362174
0.060362173
0.060362173
0.060362174
0.060362175
0.060362174
0.060362172
0.060362172
0.060362172
0.060362172
0.060362173
0.060362171
0.060362173
0.060362171
0.060362172
0.060362171
0.060362172
0.060362173
0.060362173
0.060362174
0.060362173
0.060362174
0.060362172
0.060362173
0.060362173
0.060362173
0.060362174
0.060362174
0.060362172
0.060362172
0.060362174
0.060362172
0.060362171
0.060362173
0.060362172
0.060362173
0.060362172
0.060362174
0.060362175
0.060362173
0.060362175
0.060362174
0.060362175
0.060362173
0.060362176
0.060362173
0.060362173
0.060362174
0.060362172
0.060362172
0.060362172
0.060362173
0.060362174
0.060362174
0.060362174
0.06036217
0.060362173
0.060362172
0.060362174
0.060362174
0.060362175
0.060362172
0.060362173
0.060362172
0.060362172
0.060362173
0.060362173
0.060362171
0.060362173
0.060362172
0.060362171
0.060362172
0.060362171
0.06036217
0.060362172
0.060362172
0.060362171
0.060362173
0.060362173
0.060362172
0.060362173
0.060362175
0.060362172
0.060362172
0.060362172
0.060362172
0.060362171
0.060362171
0.060362173
0.060362173
0.060362173
0.060362174
0.060362173
0.060362173
0.060362173
0.060362174
0.060362174
0.060362174
0.060362174
0.060362175
0.060362173
0.060362173
0.060362175
0.060362172
0.060362175
0.060362175
0.060362175
0.060362175
0.060362172
0.060362172
0.060362172
0.060362172
0.060362173
0.060362171
0.060362171
0.060362172
0.060362172
0.060362171
0.060362172
0.060362172
0.060362173
0.060362172
0.060362172
0.060362173
0.060362173
0.060362173
0.060362173
0.060362171
0.060362172
0.060362172
0.060362174
0.060362172
0.060362174
0.060362171
0.060362173
0.060362172
0.060362171
0.060362172
0.060362173
0.060362173
0.060362171
0.060362174
0.060362173
0.060362175
0.060362173
0.060362174
0.060362174
0.060362174
0.060362173
0.060362174
0.060362174
0.06036217
0.060362172
0.060362173
0.060362172
0.060362175
0.060362173
0.060362172
0.06036217
0.060362172
0.060362171
0.060362172
0.060362172
0.060362171
0.060362173
0.060362172
0.060362172
0.060362171
0.060362173
0.060362175
0.060362175
0.060362175
0.060362173
0.060362175
0.060362176
0.060362176
0.060362173
0.060362175
0.060362177
0.060362175
0.060362174
0.060362176
0.060362175
0.060362173
0.060362173
0.060362172
0.060362172
0.060362171
0.060362172
0.060362173
0.060362172
0.060362173
0.060362174
0.060362176
0.060362174
0.060362173
0.060362174
0.060362176
0.060362174
0.060362176
0.060362173
0.060362174
0.060362172
0.060362171
0.060362173
0.060362172
0.060362174
0.060362173
0.060362172
0.060362172
0.060362174
0.060362172
0.060362173
0.060362173
0.060362172
0.060362173
0.060362171
0.060362172
0.060362171
0.06036217
0.060362172
0.060362173
0.060362172
0.060362174
0.060362175
0.060362174
0.060362172
0.060362171
2.2732927e-12
0
4.2427595e-10
0
0
1.583953e-10
4.7506932e-10
2.4860258e-10
1.5565238e-09
4.9534055e-10
2.584774e-09
6.1116782e-09
5.4290059e-09
1.1535031e-08
1.8706378e-08
2.9144242e-08
4.2513215e-08
6.2079469e-08
9.0503365e-08
1.2919831e-07
1.7811464e-07
2.4534778e-07
3.3146633e-07
4.3914771e-07
5.7554247e-07
7.4279346e-07
9.4744468e-07
1.198793e-06
1.5039038e-06
1.8667879e-06
2.2945811e-06
2.7967891e-06
3.3832493e-06
4.0628062e-06
4.8516958e-06
5.7550727e-06
6.7838861e-06
7.9540474e-06
9.2752483e-06
1.076093e-05
1.2424258e-05
1.4279395e-05
1.6336517e-05
1.8614772e-05
2.1127375e-05
2.3888355e-05
2.691486e-05
3.0227832e-05
3.3839917e-05
3.7772657e-05
4.2040741e-05
4.6660261e-05
5.1654858e-05
5.7035023e-05
6.2818495e-05
6.9018897e-05
7.5658147e-05
8.2752215e-05
9.0306801e-05
9.8347867e-05
0.00010688532
0.00011594257
0.00012553243
0.00013567038
0.00014637513
0.00015763666
0.00016949026
0.00018195515
0.00019504444
0.00020877398
0.00022315593
0.00023820741
0.00025393919
0.00027037062
0.00028751894
0.00030540162
0.00032403498
0.00034343839
0.00036363062
0.00038463349
0.00040645403
0.00042911328
0.00045262714
0.00047698164
0.00050217102
0.00052822017
0.00055513558
0.00058291016
0.00061153862
0.00064102246
0.00067135797
0.00070254371
0.0007345864
0.00076749784
0.00080128205
0.00083595819
0.00087154895
0.00090807216
0.00094555589
0.00098402285
0.0010235024
0.0010640235
0.0011056018
0.0011482619
0.0011920144
0.0012368868
0.0012828879
0.0013300253
0.0013782978
0.0014277009
0.001478218
0.0015298454
0.0015825557
0.0016363329
0.0016911573
0.001747013
0.0018038851
0.0018617632
0.0019206337
0.0019804985
0.0020413514
0.0021031961
0.0021660362
0.0022298757
0.0022947173
0.0023605553
0.0024274057
0.0024952731
0.0025641753
0.002634127
0.002705146
0.0027772553
0.0028504652
0.0029248025
0.0030002913
0.0030769479
0.0031547897
0.0032338347
0.0033140891
0.00339555
0.0034782074
0.0035620433
0.0036470469
0.0037331932
0.0038204629
0.0039088255
0.0039982489
0.0040887092
0.0041801588
0.004272548
0.0043658275
0.0044599368
0.0045548125
0.0046503937
0.0047466447
0.0048435262
0.004941027
0.0050391586
0.0051379868
0.0052376335
0.0053382893
0.0054402069
0.0055437123
0.0056491917
0.0057571166
0.005868004
0.0059824576
0.0061011531
0.0062248429
0.006354331
0.0064904408
0.006634062
0.0067862056
0.0069480644
0.0071210326
0.0073067404
0.0075071014
0.0077243781
0.0079612455
0.0082207905
0.0085065506
0.0088225273
0.009173192
0.0095634745
0.0099986271
0.010483997
0.01102483
0.011626473
0.012294734
0.013035866
0.013856177
0.014761178
0.015756137
0.016846673
0.018038667
0.019338202
0.020750896
0.022280901
0.023931188
0.025703256
0.027597218
0.029611795
0.031744913
0.033993708
0.036349177
0.038800731
0.041339313
0.043955184
0.046631711
0.049353146
0.052107983
0.05488952
0.057695751
0.060529279
0.063397299
0.066311673
0.069288872
0.072349764
0.075519168
0.078825315
0.082297791
0.08596292
0.089837633
0.093927256
0.09828904
0.10303839
0.10826465
0.11403743
0.12042124
0.12748969
0.13532933
0.14403778
0.15365613
0.1641956
0.1756997
0.18821696
0.20176747
0.21634112
0.2319
0.24839093
0.26575329
0.28389836
0.30272324
0.3221189
0.34196478
0.36212431
0.38244598
0.40277904
0.42298033
0.44291108
0.46243624
0.48143221
0.49979341
0.51743375
0.53428428
0.55029319
0.56543279
0.57969443
0.59308425
0.60562155
0.6173368
0.62826607
0.6384417
0.64789409
0.65667341
0.66482793
0.67240602
0.67946594
0.68604393
0.69213655
0.69775474
0.70292035
0.70765788
0.71198784
0.71592751
0.71951372
0.72277686
0.7257374
0.72840938
0.73080102
0.73291868
0.73477005
0.73636446
0.73770604
0.73878962
0.73963851
0.74028078
0.74071765
0.74082894
0.74075508
0.74049389
0.73999305
0.73927123
0.73835319
0.7372461
0.73596094
0.73453427
0.73300776
0.7314146
0.72978466
0.7281465
0.72652662
0.72494817
0.72343013
0.72198692
0.72062863
0.71936155
0.71818932
0.7171128
0.71612972
0.71523403
0.71441636
0.71366336
0.71295767
0.71227866
0.71160513
0.71091781
0.71020429
0.709457
0.70867577
0.7078628
0.70701659
0.70614187
0.70525324
0.70435239
0.70342932
0.70251517
0.70170145
0.70111915
0.70064511
0.70032072
0.70015225
0.70013561
0.70024048
0.70042052
0.70064977
0.70080598
0.70065328
0.69999886
0.69863014
0.69638256
0.69307615
0.6884836
0.68220661
0.67408718
0.66421925
0.65255869
0.63916642
0.62423347
0.60805999
0.59097871
0.57332675
0.55543038
0.53761464
0.52015454
0.50325575
0.48707793
0.47173076
0.45727199
0.44371961
0.43106181
0.41926455
0.40827952
0.39804983
0.38851458
0.37961208
0.37128138
0.36346247
0.35609583
0.34912144
0.34247813
0.33610325
0.32993306
0.32390332
0.31795041
0.31201251
0.30603019
0.29994733
0.29371171
0.28727601
0.28059791
0.27364171
0.26637879
0.25878994
0.25086579
0.24260896
0.23403429
0.22516992
0.21605693
0.20674864
0.19730959
0.18781305
0.17833939
0.16897193
0.15979452
0.15088737
0.14232409
0.13416923
0.12647566
0.11928308
0.11261735
0.10649081
0.10090293
0.09584266
0.091290221
0.087218707
0.083596696
0.080390182
0.077563371
0.075080724
0.072908284
0.07101346
0.069365751
0.067937987
0.066705266
0.065644772
0.064736391
0.063961984
0.063304932
0.06275063
0.062286246
0.061900051
0.061581715
0.061321894
0.061111765
0.060943309
0.060809493
0.060704039
0.060621527
0.060557449
0.060508091
0.060470376
0.060441754
0.060420201
0.06040411
0.060392198
0.060383458
0.060377107
0.060372539
0.060369284
0.060366991
0.060365395
0.060364294
0.060363548
0.060363052
0.060362725
0.060362516
0.060362378
0.060362293
0.060362242
0.060362215
0.060362195
0.060362191
0.060362184
0.060362179
0.060362176
0.060362177
0.060362174
0.060362175
0.060362175
0.060362176
0.060362173
0.060362173
0.060362174
0.060362174
0.060362173
0.060362173
0.060362171
0.060362174
0.060362174
0.06036217
0.060362174
0.060362174
0.060362174
0.060362175
0.060362174
0.060362176
0.060362177
0.060362175
0.060362177
0.060362176
0.060362175
0.060362174
0.060362174
0.060362174
0.060362174
0.060362173
0.060362171
0.060362172
0.060362173
0.060362173
0.060362172
0.060362173
0.060362174
0.060362175
0.060362174
0.060362173
0.060362175
0.060362175
0.060362176
0.060362176
0.060362176
0.060362173
0.060362175
0.060362173
0.060362171
0.060362173
0.060362172
0.060362173
0.060362173
0.060362172
0.060362172
0.060362172
0.060362173
0.060362172
0.060362172
0.060362174
0.060362173
0.060362172
0.060362175
0.060362174
0.060362174
0.060362172
0.060362174
0.060362174
0.060362175
0.060362173
0.060362174
0.060362173
0.060362173
0.060362173
0.060362173
0.060362172
0.060362172
0.060362171
0.060362174
0.060362173
0.060362174
0.060362173
0.060362175
0.060362175
0.060362174
0.060362174
0.060362175
0.060362174
0.060362171
0.060362174
0.060362174
0.060362171
0.060362174
0.060362173
0.060362169
0.060362173
0.060362174
0.060362172
0.06036217
0.060362175
0.060362173
0.060362175
0.060362174
0.060362174
0.060362175
0.060362173
0.060362174
0.060362173
0.060362176
0.060362174
0.060362174
0.060362173
0.060362175
0.060362173
0.060362175
0.060362173
0.060362174
0.060362177
0.060362173
0.060362173
0.060362171
0.060362172
0.060362172
0.060362172
0.060362171
0.060362175
0.060362174
0.060362174
0.060362175
0.060362174
0.060362174
0.060362173
0.060362172
0.060362173
0.060362171
0.060362172
0.060362173
0.060362172
0.060362173
0.060362172
0.060362173
0.060362171
0.060362172
0.060362173
0.060362173
0.060362173
0.060362173
0.060362173
0.060362175
0.060362175
0.060362174
0.060362172
0.060362175
0.060362175
0.060362174
0.060362172
0.060362174
0.060362176
0.060362175
0.060362173
0.060362174
0.060362174
0.060362174
0.060362173
0.060362171
0.060362173
0.06036217
0.060362171
0.060362172
0.060362174
0.060362172
0.060362173
0.060362174
0.060362173
0.060362174
0.060362174
0.060362173
0.060362171
0.060362171
0.060362173
0.060362169
0.06036217
0.060362172
0.060362175
0.060362171
0.060362173
0.060362174
0.060362172
0.060362172
0.060362173
0.060362171
0.060362174
0.060362171
0.060362175
0.060362172
0.060362176
0.060362174
0.060362174
0.060362174
0.060362175
0.060362173
0.060362175
0.060362174
0.060362176
0.060362172
0.060362173
0.060362171
0.060362172
0.060362171
0.060362171
0.060362172
0.060362173
0.060362172
0.060362172
0.060362173
0.060362174
0.060362171
0.060362172
0.060362173
0.060362175
0.060362173
0.060362175
0.060362171
0.060362173
0.060362172
0.060362173
0.060362174
0.060362173
0.060362172
0.060362173
0.060362174
0.060362172
0.060362173
0.060362171
0.060362171
0.060362173
0.060362174
0.060362175
0.060362174
0.060362174
0.060362174
0.060362175
0.060362176
0.060362176
0.060362176
0.060362175
0.060362174
0.060362175
0.060362175
0.060362175
0.060362172
0.060362173
0.060362172
0.060362175
0.060362172
0.060362175
0.060362171
0.060362173
0.060362174
0.060362172
0.060362172
0.060362173
0.060362174
4.4959825e-10
0
0
0
0
0
0
0
6.6078831e-10
2.549511e-09
8.1479801e-10
5.1761762e-10
1.3948827e-09
2.7424363e-10
1.3241589e-09
0
4.9815101e-09
4.7426971e-09
8.815747e-09
1.0968529e-08
1.2744842e-08
1.8196409e-08
2.5307412e-08
3.559293e-08
4.7948927e-08
6.6499882e-08
8.7274118e-08
1.1206393e-07
1.4793292e-07
1.8883287e-07
2.4015776e-07
3.0173373e-07
3.7923344e-07
4.7008517e-07
5.7160582e-07
6.9760844e-07
8.4474225e-07
1.0153414e-06
1.2131202e-06
1.4476162e-06
1.7103924e-06
2.009843e-06
2.3556977e-06
2.7430753e-06
3.1793437e-06
3.6716987e-06
4.2219242e-06
4.8384287e-06
5.5231049e-06
6.2837316e-06
7.1269805e-06
8.0571198e-06
9.0769235e-06
1.020085e-05
1.1427858e-05
1.2769181e-05
1.4229125e-05
1.5814572e-05
1.7537243e-05
1.9400585e-05
2.1408631e-05
2.3572189e-05
2.58967e-05
2.8396427e-05
3.1070759e-05
3.3932279e-05
3.6990632e-05
4.024765e-05
4.3719167e-05
4.7407871e-05
5.1322438e-05
5.5474938e-05
5.9873403e-05
6.4526332e-05
6.9442225e-05
7.4634528e-05
8.0110243e-05
8.5880287e-05
9.1955147e-05
9.8344954e-05
0.00010505936
0.00011211328
0.00011950321
0.00012724068
0.00013532199
0.00014376719
0.00015257974
0.00016177035
0.00017133935
0.00018129112
0.00019163106
0.00020237262
0.00021351621
0.00022507412
0.00023705957
0.00024947838
0.00026234493
0.00027567432
0.00028947573
0.00030376743
0.00031856275
0.0003338765
0.00034972384
0.00036610299
0.00038302222
0.00040049926
0.0004185408
0.00043715589
0.00045634538
0.00047611057
0.00049646134
0.00051738794
0.00053890032
0.000560993
0.00058367429
0.00060693624
0.00063079038
0.00065523705
0.00068028273
0.00070592921
0.00073218169
0.00075904592
0.00078653232
0.00081464288
0.00084338367
0.00087275581
0.00090277039
0.00093343389
0.00096475783
0.00099674873
0.0010294138
0.0010627603
0.0010968082
0.0011315613
0.0011670282
0.0012032265
0.0012401628
0.0012778407
0.0013162687
0.0013554424
0.0013953627
0.0014360339
0.0014774478
0.0015196017
0.0015624871
0.0016061025
0.0016504364
0.0016954813
0.0017412222
0.0017876524
0.0018347553
0.0018825205
0.0019309311
0.0019799825
0.0020296628
0.0020799786
0.0021309383
0.0021825691
0.002234922
0.0022880795
0.0023421522
0.0023972957
0.0024537104
0.0025116416
0.00257137
0.0026332259
0.002697577
0.0027648411
0.0028354679
0.0029099337
0.002988707
0.003072268
0.0031611645
0.0032560557
0.0033577618
0.0034672844
0.0035858664
0.0037150768
0.0038569041
0.0040138268
0.004188905
0.0043858471
0.0046091392
0.0048641544
0.0051572598
0.0054957808
0.005887874
0.0063426914
0.0068706899
0.0074835294
0.0081939429
0.0090153217
0.0099615822
0.011047112
0.012286591
0.01369493
0.015286112
0.017071268
0.019058584
0.021250334
0.023642991
0.026227461
0.028988409
0.031903686
0.034946203
0.038086592
0.041292074
0.044533744
0.047799777
0.051083303
0.054379955
0.05769002
0.061020406
0.064385478
0.067806771
0.071312202
0.074935359
0.078714853
0.082693654
0.086918876
0.091443897
0.096325092
0.10162507
0.10741886
0.11376534
0.1207031
0.12828607
0.13657562
0.14563303
0.15551579
0.16626477
0.17790654
0.19044888
0.20388801
0.21821654
0.23341942
0.24945764
0.26627206
0.28378875
0.30191932
0.32056018
0.33959017
0.35888218
0.37830707
0.39773292
0.41702579
0.43605312
0.45469075
0.4728269
0.49036238
0.50721199
0.52330781
0.53860112
0.55306038
0.5666714
0.5794387
0.59138059
0.60252562
0.61290555
0.62255428
0.63152404
0.63987094
0.64765787
0.6549369
0.66171611
0.66801133
0.67384262
0.67922493
0.68418062
0.68874181
0.69292898
0.69675741
0.70024134
0.70339434
0.70622989
0.70876562
0.71102106
0.71301187
0.71474534
0.71621147
0.7174069
0.7183489
0.71904099
0.71949296
0.71961641
0.71955075
0.71931149
0.71884291
0.71813161
0.71719163
0.71603362
0.71466191
0.71308641
0.71132277
0.70937901
0.70726968
0.70504005
0.70273287
0.70038578
0.69803567
0.69571801
0.69346527
0.69130637
0.68926645
0.68736653
0.68562359
0.68405089
0.68265923
0.6814571
0.68044975
0.67963736
0.67901424
0.67856768
0.67828043
0.67813159
0.67809846
0.67813702
0.6782417
0.67837797
0.67850685
0.67860078
0.67863454
0.67860653
0.67849961
0.67830653
0.67801641
0.67759712
0.67704675
0.67633499
0.67544848
0.67437731
0.67304637
0.67138585
0.66933253
0.66678099
0.66358582
0.65961155
0.6548184
0.64909167
0.64231176
0.63436979
0.62517244
0.61464726
0.60276279
0.58961371
0.57536179
0.56017669
0.54425043
0.5278001
0.51106616
0.49428858
0.47768382
0.46143522
0.44569885
0.43059505
0.4162053
0.40257841
0.38973521
0.37767279
0.36637002
0.35579246
0.34589676
0.33663455
0.32795527
0.31980827
0.312144
0.30491453
0.29807324
0.29157431
0.28537203
0.27942052
0.27367337
0.2680841
0.26260659
0.25719595
0.25180922
0.24640579
0.24094801
0.23540172
0.22973719
0.2239291
0.21795767
0.21180875
0.20547535
0.1989577
0.1922644
0.1854123
0.17842683
0.17134142
0.16419671
0.15703957
0.14992116
0.14289571
0.13601779
0.12934059
0.12291368
0.11678105
0.11097981
0.10553905
0.10047914
0.095811379
0.091538801
0.087656525
0.084153012
0.081011614
0.078211652
0.07572946
0.073540084
0.07161804
0.069937748
0.068474697
0.067205959
0.066109734
0.065166097
0.064357241
0.063666843
0.063080067
0.062583863
0.062166479
0.061817292
0.061527118
0.061287791
0.061091919
0.060933054
0.060805473
0.060703852
0.06062357
0.060560716
0.060511904
0.060474258
0.060445439
0.060423559
0.060407078
0.060394749
0.060385596
0.06037886
0.060373944
0.060370394
0.060367853
0.060366054
0.060364791
0.060363919
0.060363322
0.060362917
0.06036265
0.060362473
0.060362356
0.060362284
0.060362241
0.060362212
0.060362193
0.060362185
0.060362179
0.060362177
0.060362179
0.060362178
0.060362176
0.060362178
0.060362177
0.060362175
0.060362173
0.060362176
0.060362174
0.060362174
0.060362174
0.060362174
0.060362175
0.060362175
0.060362175
0.060362173
0.060362175
0.060362173
0.060362172
0.060362173
0.060362171
0.060362173
0.060362169
0.060362169
0.060362171
0.06036217
0.060362172
0.06036217
0.060362171
0.060362172
0.060362172
0.060362173
0.060362172
0.060362174
0.060362175
0.060362172
0.060362174
0.060362174
0.060362174
0.060362172
0.060362174
0.060362172
0.060362171
0.060362172
0.060362171
0.06036217
0.060362171
0.060362172
0.06036217
0.060362172
0.060362172
0.060362176
0.060362172
0.060362174
0.060362174
0.060362172
0.060362174
0.060362174
0.060362176
0.060362176
0.060362175
0.060362175
0.060362174
0.060362175
0.060362175
0.060362176
0.060362174
0.060362173
0.060362174
0.060362174
0.060362173
0.060362173
0.060362175
0.060362172
0.060362175
0.060362174
0.060362174
0.060362172
0.060362173
0.060362173
0.060362175
0.060362174
0.060362172
0.060362175
0.060362176
0.060362172
0.060362173
0.060362173
0.060362173
0.060362173
0.060362172
0.060362173
0.060362173
0.060362173
0.060362173
0.060362173
0.060362174
0.060362174
0.060362174
0.060362172
0.060362174
0.060362174
0.060362174
0.060362172
0.060362172
0.060362172
0.060362172
0.060362174
0.060362174
0.060362172
0.060362173
0.060362172
0.060362172
0.060362172
0.060362173
0.060362173
0.060362173
0.060362173
0.060362174
0.060362172
0.060362172
0.060362175
0.060362175
0.060362176
0.060362177
0.060362175
0.060362175
0.060362176
0.060362174
0.060362173
0.060362173
0.060362173
0.060362173
0.060362173
0.060362175
0.060362174
0.060362174
0.060362175
0.060362172
0.060362173
0.060362173
0.060362172
0.060362173
0.060362171
0.060362172
0.060362171
0.060362173
0.060362173
0.060362174
0.060362172
0.060362171
0.060362172
0.060362172
0.060362172
0.060362174
0.060362171
0.060362172
0.060362171
0.060362174
0.060362172
0.060362171
0.060362171
0.060362171
0.060362172
0.060362172
0.060362175
0.060362173
0.060362174
0.060362173
0.060362176
0.060362174
0.060362177
0.060362173
0.060362175
0.060362175
0.060362173
0.060362173
0.060362172
0.060362173
0.060362171
0.060362171
0.060362172
0.060362174
0.060362172
0.060362175
0.060362174
0.060362171
0.060362173
0.060362173
0.060362172
0.060362171
0.060362173
0.060362171
0.060362173
0.060362172
0.060362174
0.060362172
0.060362173
0.06036217
0.060362172
0.060362173
0.060362173
0.060362174
0.060362173
0.060362172
0.060362172
0.060362171
0.060362173
0.060362171
0.060362174
0.060362172
0.060362176
0.060362175
0.060362174
0.060362171
0.060362171
0.06036217
0.060362172
0.060362172
0.060362172
0.060362174
0.060362173
0.060362173
0.060362172
0.060362173
0.060362175
0.060362173
0.060362174
0.060362174
0.060362173
0.060362174
0.060362175
0.060362174
0.060362173
0.060362175
0.060362171
0.060362174
0.060362175
0.060362173
0.060362173
0.06036217
0.060362173
0.060362171
0.060362172
0.060362172
0.060362171
0.060362172
0.060362171
0.06036217
0.060362172
0.060362174
0.060362174
0.060362172
0.060362175
0.060362173
0.060362173
0.060362173
0.060362172
0.060362173
0.060362175
0.060362174
0.060362172
0.060362174
0.060362173
0.060362173
0.060362172
0
0
0
0
0
5.6146188e-10
5.3929528e-10
0
2.0043422e-10
0
0
0
6.2447103e-10
0
0
1.6535129e-10
0
0
0
0
8.6520302e-10
2.2717609e-09
5.0433276e-09
4.3295879e-09
6.0106976e-09
5.4506482e-09
5.2739952e-09
1.0288337e-08
1.5019866e-08
1.6877347e-08
2.0356853e-08
2.8735978e-08
3.4836486e-08
4.6424161e-08
6.2370616e-08
7.6303227e-08
9.5498249e-08
1.1975046e-07
1.4761453e-07
1.7370899e-07
2.1177406e-07
2.5566485e-07
3.0404681e-07
3.6369011e-07
4.2787283e-07
5.0646875e-07
5.959186e-07
6.9638568e-07
8.1169835e-07
9.4052194e-07
1.0847913e-06
1.2514462e-06
1.4357448e-06
1.6417927e-06
1.8688111e-06
2.1270458e-06
2.4097589e-06
2.7227108e-06
3.0647171e-06
3.4414139e-06
3.8608767e-06
4.316519e-06
4.8121795e-06
5.3536899e-06
5.9408761e-06
6.5828587e-06
7.2731207e-06
8.023385e-06
8.8326815e-06
9.7043521e-06
1.0645685e-05
1.1656018e-05
1.2738904e-05
1.3896868e-05
1.5139857e-05
1.6466862e-05
1.788359e-05
1.9396446e-05
2.1008691e-05
2.2723491e-05
2.4543869e-05
2.6477171e-05
2.8527627e-05
3.0696371e-05
3.2988839e-05
3.5411939e-05
3.7963316e-05
4.0649808e-05
4.3476484e-05
4.6448218e-05
4.9565993e-05
5.2838739e-05
5.6265952e-05
5.9857572e-05
6.36155e-05
6.7552344e-05
7.1667801e-05
7.5970217e-05
8.0468883e-05
8.5167902e-05
9.0074259e-05
9.5196839e-05
0.00010053979
0.00010610524
0.00011189767
0.00011792527
0.00012420124
0.0001307183
0.0001374887
0.00014451536
0.00015179785
0.00015934672
0.00016715902
0.00017524466
0.00018359728
0.00019223629
0.00020115844
0.00021036824
0.00021987194
0.00022967455
0.0002397797
0.00025019765
0.00026093004
0.00027197968
0.00028335695
0.00029505694
0.00030709038
0.00031946427
0.00033218166
0.00034524697
0.00035866994
0.00037245487
0.00038660776
0.00040113625
0.00041604939
0.00043134478
0.00044703407
0.0004631237
0.00047961073
0.00049650599
0.00051380961
0.00053152094
0.00054964348
0.0005681797
0.00058713007
0.0006064967
0.00062627871
0.00064647851
0.00066709607
0.00068813032
0.00070958827
0.00073146462
0.00075376186
0.00077648467
0.00079963732
0.00082322855
0.00084726905
0.00087178272
0.00089680355
0.00092237865
0.00094857586
0.00097548246
0.0010032093
0.0010318919
0.0010616929
0.0010927884
0.0011253819
0.0011596928
0.001195955
0.0012344111
0.0012753134
0.0013189171
0.0013655372
0.0014155828
0.0014696254
0.001528452
0.0015931438
0.001665153
0.001746489
0.0018398219
0.0019486678
0.0020775733
0.0022323176
0.0024201459
0.0026499694
0.002932538
0.0032805952
0.0037090336
0.0042350615
0.0048781876
0.0056601422
0.0066042077
0.0077344569
0.0090748251
0.010647224
0.012470211
0.014557712
0.016918487
0.019556024
0.022470135
0.02565396
0.029091592
0.032757856
0.036618983
0.040634814
0.044761896
0.04896031
0.053195235
0.057435296
0.061661199
0.065867742
0.070063172
0.074268052
0.07851402
0.08284202
0.087300396
0.091943322
0.096828997
0.10201831
0.10757412
0.11355882
0.12003234
0.12705383
0.13467875
0.14295452
0.1519225
0.16162163
0.17208685
0.18334608
0.19541768
0.20830277
0.22198802
0.23644843
0.25164766
0.26753819
0.28405894
0.30113273
0.31867026
0.33657175
0.3547276
0.37302021
0.39132672
0.40952495
0.42749574
0.44512465
0.46230479
0.47894009
0.49494831
0.51026265
0.52483207
0.53862126
0.55161072
0.56379505
0.57518362
0.58579855
0.59566761
0.60482724
0.61332799
0.62122917
0.62858616
0.63542263
0.64176445
0.64763623
0.65306468
0.65808583
0.66272133
0.66698555
0.67089084
0.67444968
0.67767375
0.68057344
0.68316099
0.68544892
0.68744332
0.689138
0.69054014
0.69168994
0.69260306
0.69328168
0.69367717
0.69371958
0.69359938
0.69323529
0.69259576
0.69169791
0.69056369
0.68920637
0.68762765
0.68582652
0.68380462
0.68156528
0.67911444
0.67646095
0.67361898
0.67060679
0.6674483
0.66417799
0.66083395
0.657456
0.65408389
0.65075561
0.64750665
0.64436976
0.64137471
0.6385478
0.63591148
0.63348414
0.63128107
0.6293148
0.62759434
0.62612258
0.62489465
0.62389824
0.62311615
0.62252443
0.62209554
0.62179713
0.62159539
0.62145198
0.62132661
0.62118155
0.62097917
0.62068153
0.62025038
0.61964669
0.61882751
0.61773037
0.61630602
0.61449517
0.6122456
0.6095034
0.60619354
0.60224093
0.59757704
0.59213239
0.5858441
0.5786681
0.57057325
0.56153499
0.55154421
0.54061504
0.52878892
0.51613113
0.50273143
0.48872023
0.47425721
0.45950866
0.444638
0.42979944
0.41513959
0.40079085
0.38686416
0.37344615
0.36060105
0.34837173
0.3367811
0.32583405
0.31552098
0.30582125
0.29670619
0.28814166
0.28009018
0.27251282
0.26537049
0.25862499
0.25223935
0.24617807
0.24040678
0.23489192
0.22960033
0.22449916
0.21955575
0.21473802
0.21001469
0.20535574
0.2007327
0.19611924
0.19149181
0.18682973
0.18211583
0.17733632
0.17248161
0.16754613
0.16252935
0.15743543
0.15227397
0.14705954
0.14181175
0.13655474
0.13131636
0.12612761
0.12102116
0.1160306
0.11118885
0.10652708
0.10207345
0.097852241
0.093882984
0.090180008
0.086752369
0.083603549
0.080732031
0.078131798
0.075792901
0.07370231
0.071844843
0.07020372
0.068761252
0.067499746
0.066401721
0.065450157
0.064629183
0.063923991
0.063320783
0.062807053
0.06237163
0.062004327
0.061695991
0.061438634
0.061225069
0.061048922
0.060904712
0.060787588
0.060693202
0.060617808
0.060558141
0.060511297
0.060474815
0.060446638
0.060425056
0.060408638
0.060396239
0.060386954
0.060380052
0.060374968
0.060371244
0.060368544
0.060366603
0.060365222
0.060364248
0.06036357
0.060363101
0.060362781
0.060362566
0.060362421
0.060362326
0.060362268
0.06036223
0.060362203
0.060362192
0.060362186
0.060362181
0.060362177
0.060362175
0.060362174
0.060362174
0.060362175
0.060362174
0.060362172
0.060362172
0.060362173
0.060362171
0.060362173
0.060362174
0.060362173
0.060362173
0.060362173
0.060362172
0.060362173
0.060362171
0.060362174
0.060362174
0.060362173
0.060362175
0.060362175
0.060362174
0.060362173
0.060362176
0.060362173
0.060362175
0.060362174
0.060362174
0.060362175
0.060362174
0.060362174
0.060362173
0.060362174
0.060362173
0.060362171
0.060362172
0.060362173
0.060362173
0.060362172
0.060362173
0.060362173
0.060362174
0.060362171
0.060362173
0.060362175
0.060362174
0.060362173
0.060362175
0.060362174
0.060362174
0.060362173
0.060362171
0.060362173
0.060362173
0.060362174
0.060362173
0.060362174
0.060362174
0.060362172
0.060362172
0.060362174
0.060362174
0.060362174
0.060362174
0.060362173
0.060362171
0.060362174
0.060362173
0.060362173
0.060362173
0.060362173
0.060362175
0.060362171
0.060362175
0.060362173
0.060362173
0.060362173
0.060362176
0.060362174
0.060362174
0.060362172
0.060362173
0.060362172
0.060362173
0.060362171
0.060362172
0.060362173
0.060362171
0.060362174
0.060362173
0.060362174
0.060362173
0.060362174
0.060362174
0.060362173
0.060362174
0.060362173
0.060362173
0.060362173
0.060362172
0.060362173
0.060362172
0.060362173
0.060362173
0.060362172
0.060362172
0.060362173
0.060362172
0.060362172
0.060362172
0.060362173
0.060362173
0.060362172
0.060362173
0.060362173
0.060362172
0.060362173
0.060362171
0.060362172
0.060362173
0.060362172
0.060362169
0.060362172
0.060362175
0.060362173
0.060362173
0.060362173
0.060362173
0.060362171
0.060362174
0.060362174
0.060362174
0.060362175
0.060362173
0.060362171
0.060362172
0.060362173
0.060362173
0.060362175
0.060362173
0.060362176
0.060362173
0.060362174
0.060362175
0.060362173
0.060362174
0.060362174
0.060362175
0.060362173
0.060362174
0.060362176
0.060362174
0.060362174
0.060362174
0.060362173
0.060362172
0.060362172
0.060362172
0.060362173
0.060362173
0.060362173
0.060362174
0.060362173
0.060362173
0.060362172
0.06036217
0.060362173
0.060362173
0.060362173
0.060362171
0.060362173
0.060362169
0.060362172
0.06036217
0.060362169
0.06036217
0.060362172
0.060362173
0.060362173
0.060362173
0.060362174
0.060362173
0.060362173
0.060362173
0.060362174
0.060362174
0.060362174
0.060362174
0.060362174
0.060362174
0.060362176
0.060362174
0.060362175
0.060362173
0.060362175
0.060362173
0.060362172
0.060362172
0.060362173
0.060362174
0.060362175
0.060362172
0.060362173
0.060362175
0.060362173
0.060362175
0.060362175
0.060362173
0.060362172
0.060362173
0.060362172
0.060362171
0.060362171
0.060362171
0.060362173
0.060362174
0.060362174
0.060362174
0.060362173
0.060362173
0.060362173
0.060362173
0.060362173
0.060362175
0.060362173
0.060362173
0.060362173
0.060362172
0.060362174
0.060362172
0.060362171
0.060362171
0.060362172
0.060362174
0.060362173
0.060362174
0.060362174
0.060362175
0.060362172
0.060362175
0.060362173
0.060362172
0.060362174
0.060362174
0.060362173
0.060362174
0.060362173
0.060362175
0.060362175
0.060362176
0.060362175
0.060362171
0.060362172
0.060362172
0.060362174
0.060362175
0.060362173
0.060362173
0.060362172
0.060362173
0.060362173
0.060362174
0.060362172
0.060362173
0.060362173
0.060362173
1.1764933e-09
5.2348148e-10
1.3842812e-09
0
1.8566337e-10
0
0
3.6568881e-10
1.882452e-10
1.2344681e-11
3.0159941e-10
0
0
2.7018739e-09
3.0290492e-10
6.9391493e-10
0
3.0349634e-10
1.1625966e-09
2.6139191e-10
1.3875421e-09
0
0
0
0
0
2.4262843e-09
1.4505972e-09
1.2680506e-09
1.6010607e-09
2.8435095e-09
1.5355781e-09
4.8554845e-09
3.7807691e-09
6.7565337e-09
6.8987744e-09
9.2551297e-09
9.2007919e-09
1.4441335e-08
1.919494e-08
2.5041653e-08
2.8937014e-08
3.7439397e-08
4.4684164e-08
5.2331395e-08
6.3822787e-08
7.5605307e-08
9.0801903e-08
1.0740462e-07
1.2986986e-07
1.513733e-07
1.7794687e-07
2.0678851e-07
2.3949973e-07
2.7867577e-07
3.2146482e-07
3.7229396e-07
4.2592195e-07
4.8818703e-07
5.5777169e-07
6.3235348e-07
7.1842092e-07
8.1273477e-07
9.1902797e-07
1.0343229e-06
1.1629855e-06
1.3041322e-06
1.4587968e-06
1.6244199e-06
1.8107281e-06
2.0096856e-06
2.2284797e-06
2.4666829e-06
2.7259433e-06
3.0047645e-06
3.308551e-06
3.638032e-06
3.9908531e-06
4.3754519e-06
4.7859277e-06
5.2277022e-06
5.7005008e-06
6.2098536e-06
6.755447e-06
7.3348247e-06
7.9538176e-06
8.6151658e-06
9.3187242e-06
1.0065936e-05
1.0861108e-05
1.170159e-05
1.2591389e-05
1.3536652e-05
1.4536788e-05
1.5593935e-05
1.6709767e-05
1.7889333e-05
1.9135819e-05
2.0449648e-05
2.1832381e-05
2.3289884e-05
2.4823581e-05
2.6436112e-05
2.813277e-05
2.9915378e-05
3.1783684e-05
3.3740607e-05
3.5791582e-05
3.7938992e-05
4.0181973e-05
4.2526234e-05
4.4972183e-05
4.7522937e-05
5.0183489e-05
5.295551e-05
5.584212e-05
5.8842337e-05
6.1963559e-05
6.5211192e-05
6.8584975e-05
7.20868e-05
7.5721707e-05
7.9491508e-05
8.3404337e-05
8.7456e-05
9.1652625e-05
9.5996398e-05
0.00010048996
0.00010514111
0.00010995129
0.00011492005
0.00012005898
0.00012536697
0.00013084497
0.0001364985
0.00014233413
0.00014835411
0.00015455684
0.00016095369
0.00016753991
0.00017432114
0.00018129906
0.00018847818
0.00019586096
0.00020344767
0.00021124338
0.00021924549
0.00022746056
0.00023589123
0.00024453741
0.00025340625
0.00026250056
0.0002718208
0.00028137683
0.00029116734
0.00030120427
0.00031149619
0.00032205512
0.00033290056
0.00034405739
0.0003555635
0.00036746091
0.00037980937
0.00039267652
0.00040613081
0.00042027464
0.00043520351
0.00045102288
0.00046785567
0.00048583765
0.0005051197
0.0005258972
0.00054842827
0.00057309739
0.00060049245
0.00063145963
0.00066724338
0.00070959407
0.00076094537
0.0008246682
0.00090528983
0.0010087966
0.0011429764
0.0013177423
0.0015455244
0.0018416015
0.00222433
0.0027151673
0.0033387726
0.0041226191
0.0050960961
0.0062899224
0.0077356513
0.0094654213
0.011511465
0.013903667
0.016666691
0.019817394
0.02336228
0.027295015
0.031596304
0.036233996
0.041164183
0.046334439
0.051686542
0.057158348
0.062690038
0.068229781
0.073738799
0.079195043
0.084594866
0.089952919
0.095300645
0.10068377
0.1061589
0.11178983
0.11764465
0.1237929
0.13030324
0.1372419
0.14467056
0.15264407
0.16121053
0.17041069
0.18027788
0.19083726
0.20210543
0.21408929
0.226785
0.240176
0.25423184
0.26891108
0.28416186
0.2999214
0.31611638
0.33266358
0.34947089
0.36643926
0.38346444
0.40043857
0.41725288
0.43380126
0.44998382
0.46570886
0.4808945
0.49547088
0.50938153
0.52258437
0.53505157
0.54676889
0.55773464
0.56795786
0.57745771
0.58626185
0.59440989
0.60195146
0.60892972
0.61537466
0.62131625
0.62678711
0.63182741
0.63646646
0.64072612
0.64462486
0.64817792
0.65139588
0.65428642
0.65685701
0.65911261
0.66105252
0.6626768
0.66400715
0.66507019
0.66586808
0.66637478
0.66651649
0.66645407
0.66619958
0.66567804
0.66487135
0.66378169
0.66243142
0.66082687
0.65897099
0.65686925
0.65452832
0.6519553
0.64915607
0.64613488
0.64289537
0.63944133
0.63577873
0.63191677
0.62786847
0.62364847
0.61928339
0.61480543
0.61025101
0.60565828
0.6010658
0.59651107
0.59202992
0.58765609
0.58342113
0.57935375
0.57547942
0.57181976
0.56839269
0.56521238
0.5622886
0.55962476
0.55721606
0.55505007
0.55311067
0.55137459
0.54981287
0.54839268
0.54707769
0.54582917
0.54460252
0.54335057
0.5420248
0.54057644
0.53895661
0.53711658
0.53500325
0.53255594
0.52970811
0.5264045
0.52259511
0.51822925
0.51325316
0.50762001
0.50129623
0.49426088
0.48650456
0.47802974
0.46885247
0.45900416
0.448533
0.43750297
0.42599232
0.41408953
0.40189661
0.38952226
0.37707861
0.36467552
0.3524139
0.34038288
0.32866239
0.31731966
0.30640641
0.29595903
0.28600033
0.27654086
0.26758047
0.25911007
0.2511136
0.2435699
0.23645425
0.22973965
0.22339798
0.2174009
0.21172044
0.20632953
0.20120211
0.19631317
0.19163862
0.18715505
0.18283952
0.17866962
0.17462348
0.17068
0.16681903
0.16302151
0.15926972
0.15554768
0.15184153
0.14813952
0.14443235
0.14071311
0.13697776
0.13322492
0.1294564
0.12567685
0.12189409
0.11811864
0.11436375
0.11064493
0.10697939
0.10338574
0.099882992
0.096490176
0.093225469
0.090105602
0.087145189
0.084356322
0.081748213
0.079326871
0.077095246
0.075053107
0.073197346
0.071522314
0.070020264
0.068681711
0.06749596
0.066451613
0.065536787
0.064739562
0.064048363
0.063451993
0.062939849
0.062502123
0.06212981
0.061814603
0.061549047
0.061326505
0.061140961
0.060987119
0.06086035
0.060756537
0.060672081
0.060603936
0.060549381
0.060506042
0.060471911
0.060445275
0.06042464
0.060408782
0.060396692
0.060387551
0.060380689
0.060375577
0.060371795
0.060369024
0.06036701
0.060365555
0.060364512
0.060363776
0.06036326
0.060362901
0.060362654
0.060362489
0.060362377
0.060362303
0.060362255
0.060362223
0.0603622
0.06036219
0.060362184
0.06036218
0.060362177
0.060362176
0.060362177
0.060362175
0.060362174
0.060362175
0.060362173
0.060362173
0.060362175
0.060362176
0.060362176
0.060362174
0.060362173
0.060362173
0.060362175
0.060362173
0.060362173
0.060362174
0.060362173
0.060362173
0.060362171
0.060362173
0.060362174
0.060362171
0.060362173
0.060362174
0.060362173
0.060362172
0.060362173
0.060362174
0.060362174
0.060362174
0.060362173
0.060362174
0.060362174
0.060362172
0.060362173
0.060362172
0.060362174
0.060362173
0.060362174
0.060362173
0.060362173
0.060362173
0.060362173
0.060362177
0.060362174
0.060362173
0.060362174
0.060362172
0.060362174
0.060362173
0.060362173
0.060362173
0.060362174
0.060362174
0.060362172
0.060362172
0.060362174
0.060362174
0.060362174
0.060362174
0.060362175
0.060362174
0.060362173
0.060362175
0.060362173
0.060362171
0.060362175
0.060362172
0.060362173
0.060362173
0.060362172
0.060362173
0.060362172
0.060362173
0.060362171
0.060362175
0.060362171
0.060362172
0.060362174
0.060362172
0.060362173
0.060362176
0.060362174
0.060362172
0.060362173
0.060362174
0.060362174
0.060362173
0.060362173
0.060362171
0.060362172
0.060362172
0.060362174
0.060362174
0.060362176
0.060362175
0.060362173
0.060362174
0.060362175
0.060362171
0.060362173
0.060362173
0.060362174
0.060362172
0.060362173
0.060362173
0.060362174
0.060362173
0.060362172
0.060362174
0.060362175
0.060362173
0.060362174
0.060362172
0.060362175
0.060362173
0.060362174
0.060362174
0.060362173
0.060362173
0.060362175
0.060362174
0.060362176
0.060362174
0.060362171
0.06036217
0.060362173
0.060362172
0.060362173
0.060362173
0.060362174
0.060362172
0.060362172
0.060362173
0.060362174
0.060362176
0.060362175
0.060362174
0.060362174
0.060362172
0.060362172
0.060362171
0.060362172
0.060362171
0.060362172
0.060362173
0.060362173
0.060362172
0.060362174
0.060362173
0.060362173
0.060362172
0.060362172
0.060362173
0.060362174
0.060362173
0.060362175
0.060362175
0.060362174
0.060362172
0.060362171
0.060362173
0.060362172
0.060362173
0.060362173
0.060362173
0.060362173
0.060362172
0.060362172
0.060362174
0.060362173
0.060362173
0.060362175
0.060362172
0.060362174
0.060362174
0.060362174
0.060362173
0.060362174
0.060362173
0.060362174
0.060362175
0.060362174
0.060362173
0.060362171
0.060362172
0.060362171
0.060362171
0.060362172
0.060362171
0.06036217
0.06036217
0.060362172
0.06036217
0.060362171
0.060362171
0.060362171
0.060362173
0.060362173
0.060362172
0.060362172
0.060362172
0.060362173
0.060362173
0.060362171
0.060362174
0.060362173
0.060362171
0.06036217
0.060362171
0.060362172
0.060362174
0.060362173
0.060362174
0.060362174
0.060362173
0.060362172
0.060362175
0.060362171
0.060362172
0.060362172
0.060362172
0.060362172
0.060362171
0.060362172
0.060362171
0.060362173
0.060362172
0.060362174
0.060362172
0.060362173
0.060362175
0.060362176
0.060362174
0.060362173
0.060362173
0.060362174
0.060362174
0.060362173
0.060362175
0.060362174
0.060362175
0.060362175
0.060362173
0.060362174
0.060362173
0.060362173
0.060362175
0.060362174
0.060362173
0.060362171
0.060362173
0.060362174
0.060362173
0.060362176
0.060362172
0.060362173
0.060362174
0.060362174
0.060362172
0.060362171
0.060362173
0.060362172
0.060362174
0.060362174
0.060362174
0.060362174
0
5.0629079e-10
4.0773562e-10
0
1.2220213e-09
3.318521e-10
1.6867334e-09
0
9.2895358e-11
2.7591107e-10
1.3383399e-09
2.5771776e-09
1.8461771e-09
0
1.1393173e-09
0
4.8826998e-10
5.6928773e-10
7.9556872e-10
1.1706084e-09
1.117203e-10
1.2332622e-09
1.8236076e-09
0
1.0791736e-09
7.4643236e-10
0
0
0
0
6.6634609e-10
2.2980229e-10
0
1.8735258e-10
0
1.4973953e-09
1.1996319e-09
3.1182168e-09
1.4946302e-09
1.6751945e-09
3.2352983e-09
3.3160393e-09
3.4918384e-09
6.1725806e-09
9.5721967e-09
8.0318932e-09
1.135204e-08
1.2600368e-08
1.421623e-08
1.5397935e-08
1.9516634e-08
2.5520211e-08
2.7484214e-08
3.3009853e-08
3.6880803e-08
4.3447221e-08
5.0796603e-08
5.8692588e-08
6.8766863e-08
8.3652831e-08
9.2902029e-08
1.0743144e-07
1.2393074e-07
1.4234255e-07
1.626397e-07
1.8824364e-07
2.127474e-07
2.4029061e-07
2.7365707e-07
3.0705919e-07
3.4827496e-07
3.9269539e-07
4.3786035e-07
4.9050632e-07
5.4758379e-07
6.1194654e-07
6.7983201e-07
7.5739063e-07
8.3504736e-07
9.2497196e-07
1.0211925e-06
1.1271839e-06
1.2420731e-06
1.3634228e-06
1.4984732e-06
1.6404794e-06
1.7938285e-06
1.9612028e-06
2.1378697e-06
2.3309175e-06
2.5380413e-06
2.7582977e-06
2.9935918e-06
3.2440598e-06
3.5166518e-06
3.8023419e-06
4.1103791e-06
4.4344286e-06
4.7799486e-06
5.1497894e-06
5.541086e-06
5.9584512e-06
6.4016734e-06
6.8698642e-06
7.3640044e-06
7.8890047e-06
8.4419098e-06
9.0259535e-06
9.6425264e-06
1.0292046e-05
1.0972557e-05
1.1693262e-05
1.2449332e-05
1.3242853e-05
1.4077655e-05
1.4953204e-05
1.5872124e-05
1.6834269e-05
1.7841974e-05
1.8894993e-05
1.9997047e-05
2.1147534e-05
2.235104e-05
2.360919e-05
2.4920349e-05
2.6288052e-05
2.7714278e-05
2.9201627e-05
3.0748045e-05
3.2355828e-05
3.4032214e-05
3.577297e-05
3.757719e-05
3.9457492e-05
4.1410728e-05
4.3435973e-05
4.5535166e-05
4.7715916e-05
4.9970355e-05
5.2309885e-05
5.4731166e-05
5.7237242e-05
5.9827712e-05
6.2507962e-05
6.5274707e-05
6.8134922e-05
7.1088043e-05
7.4136803e-05
7.7279784e-05
8.0524808e-05
8.3868406e-05
8.731651e-05
9.0874914e-05
9.4540705e-05
9.8321668e-05
0.00010221762
0.00010623843
0.00011038649
0.00011467371
0.0001191144
0.00012372436
0.0001285213
0.00013353262
0.00013878968
0.00014433211
0.00015019796
0.0001564391
0.00016311877
0.00017030963
0.00017811472
0.00018667534
0.00019619024
0.00020696606
0.00021947117
0.00023440639
0.00025282167
0.00027625679
0.00030689078
0.00034781395
0.00040328946
0.0004791124
0.00058299346
0.00072499773
0.00091799473
0.0011780858
0.0015249868
0.0019822137
0.002577238
0.0033415796
0.0043107871
0.0055243198
0.0070243291
0.0088543262
0.011057274
0.013673529
0.016739146
0.02028389
0.024328166
0.02887963
0.033930287
0.039454803
0.045410095
0.051736361
0.058359921
0.065198077
0.07216551
0.079182
0.086179813
0.093109815
0.099945093
0.10668214
0.11333987
0.11995737
0.12659001
0.1333042
0.14017218
0.14726789
0.15466361
0.16242726
0.17062043
0.17929659
0.18850012
0.19826596
0.20861929
0.21957539
0.23113936
0.24330603
0.25605961
0.26937354
0.28321033
0.29752174
0.31225018
0.3273296
0.34268607
0.35823852
0.37390036
0.38958128
0.40518872
0.42062991
0.43581359
0.45065266
0.46506653
0.47898316
0.49234045
0.50508724
0.51718424
0.52860432
0.5393324
0.54936456
0.55870696
0.56737405
0.57538807
0.58278119
0.58959059
0.59584711
0.60158033
0.60682479
0.61161679
0.61598693
0.61996223
0.62356631
0.62681804
0.6297315
0.63231676
0.63458084
0.63652456
0.63814335
0.63944866
0.64046609
0.64118848
0.64156101
0.6415832
0.64143635
0.64101769
0.64029323
0.63927142
0.63798381
0.6364444
0.63464743
0.63258387
0.63025025
0.62764996
0.62478951
0.62167847
0.61832408
0.61473212
0.61090816
0.60685764
0.60258563
0.5980968
0.59339594
0.58848896
0.58338458
0.57809559
0.57263994
0.56704103
0.56132665
0.55552976
0.5496855
0.54382992
0.53799872
0.53222653
0.52654646
0.52098983
0.51558561
0.51036011
0.5053363
0.50053341
0.49596613
0.49164384
0.48756945
0.48373944
0.48014374
0.47676694
0.47358871
0.47058343
0.4677219
0.46496908
0.46228715
0.45963356
0.45696512
0.454237
0.45140507
0.44842532
0.44525081
0.44183399
0.43812685
0.43408121
0.42965189
0.42480654
0.41951701
0.41375861
0.40751138
0.40076763
0.39353254
0.38582178
0.37766109
0.36908619
0.36014277
0.35088557
0.34137559
0.33167779
0.32185894
0.31199182
0.30214887
0.29239775
0.28280148
0.27341639
0.26429067
0.25546432
0.24696812
0.23882363
0.23104396
0.22363472
0.21659482
0.20991752
0.20359163
0.19760276
0.19193422
0.18656781
0.18148439
0.17666454
0.17208892
0.16773867
0.16359558
0.15964222
0.15586188
0.15223849
0.14875664
0.14540131
0.14215795
0.13901247
0.13595152
0.13296257
0.13003411
0.12715579
0.12431849
0.12151446
0.1187373
0.11598218
0.11324576
0.11052648
0.10782438
0.10514135
0.10248083
0.099847956
0.097249246
0.094692506
0.092186601
0.089741067
0.087365919
0.085071171
0.082866566
0.080761142
0.07876295
0.076878744
0.075113737
0.073471502
0.071953836
0.070560789
0.069290741
0.068140517
0.067105568
0.066180239
0.065358015
0.064631739
0.063993902
0.063436866
0.062952999
0.062534901
0.062175495
0.061868121
0.061606545
0.061385084
0.06119855
0.061042225
0.060911921
0.060803921
0.060714893
0.06064195
0.060582592
0.060534601
0.06049607
0.060465394
0.060441157
0.060422164
0.060407393
0.060396017
0.060387317
0.060380712
0.060375735
0.060372022
0.060369272
0.060367246
0.060365769
0.060364697
0.060363931
0.060363383
0.060363
0.060362733
0.060362546
0.06036242
0.060362335
0.060362275
0.060362239
0.060362214
0.060362198
0.060362187
0.06036218
0.060362179
0.060362176
0.060362178
0.060362174
0.060362176
0.060362174
0.060362178
0.060362172
0.060362175
0.060362175
0.060362174
0.060362173
0.060362174
0.060362172
0.060362173
0.060362173
0.060362171
0.060362173
0.060362174
0.060362175
0.060362174
0.060362172
0.060362174
0.060362171
0.060362171
0.060362174
0.060362172
0.060362173
0.060362173
0.060362174
0.060362172
0.060362172
0.060362172
0.060362173
0.060362175
0.060362173
0.060362172
0.060362175
0.060362174
0.060362175
0.060362174
0.060362174
0.060362175
0.060362174
0.060362174
0.060362175
0.060362175
0.060362173
0.060362173
0.060362174
0.060362173
0.060362172
0.060362172
0.060362172
0.060362173
0.060362173
0.060362171
0.060362171
0.060362173
0.060362173
0.060362173
0.060362171
0.060362172
0.060362171
0.060362173
0.06036217
0.060362172
0.060362172
0.060362173
0.060362174
0.060362174
0.060362173
0.060362173
0.060362172
0.060362174
0.060362174
0.060362173
0.060362173
0.060362172
0.060362173
0.060362175
0.060362174
0.060362173
0.060362172
0.060362174
0.060362172
0.060362173
0.060362174
0.060362174
0.060362174
0.060362173
0.060362174
0.060362175
0.060362174
0.060362175
0.060362175
0.060362173
0.060362173
0.060362171
0.060362173
0.060362173
0.060362175
0.060362173
0.060362174
0.060362173
0.060362175
0.060362174
0.060362173
0.060362174
0.060362173
0.060362174
0.060362174
0.060362174
0.060362174
0.060362172
0.060362175
0.060362172
0.060362173
0.060362173
0.060362173
0.060362174
0.060362173
0.060362174
0.060362175
0.060362174
0.060362174
0.060362172
0.060362174
0.060362176
0.060362176
0.060362174
0.060362173
0.060362174
0.060362173
0.060362173
0.060362175
0.060362173
0.060362174
0.060362173
0.060362172
0.060362174
0.060362172
0.060362171
0.060362174
0.060362174
0.060362176
0.060362174
0.060362175
0.060362175
0.060362174
0.060362174
0.060362174
0.060362173
0.060362174
0.060362174
0.060362175
0.060362174
0.060362171
0.060362172
0.060362173
0.060362173
0.060362172
0.060362172
0.060362173
0.060362175
0.060362172
0.060362175
0.060362172
0.060362174
0.060362173
0.060362174
0.060362174
0.060362172
0.060362169
0.060362173
0.060362172
0.060362171
0.060362174
0.060362174
0.060362175
0.060362175
0.060362173
0.060362172
0.060362175
0.060362172
0.060362172
0.060362173
0.060362174
0.060362175
0.060362174
0.060362174
0.060362174
0.060362174
0.060362173
0.060362174
0.060362174
0.060362173
0.060362173
0.060362175
0.060362173
0.060362174
0.060362173
0.060362173
0.060362175
0.060362173
0.060362175
0.060362172
0.060362174
0.060362172
0.060362171
0.060362173
0.060362174
0.060362175
0.060362173
0.060362173
0.060362175
0.060362172
0.060362172
0.060362172
0.06036217
0.060362171
0.06036217
0.060362173
0.060362173
0.060362174
0.060362174
0.060362174
0.060362173
0.060362172
0.060362175
0.060362172
0.060362174
0.060362175
0.060362175
0.060362175
0.060362173
0.060362172
0.060362174
0.060362175
0.060362175
0.060362173
0.060362174
0.060362173
0.060362174
0.060362174
0.060362172
0.060362172
0.060362174
0.060362174
0.060362174
0.060362174
0.060362172
0.060362172
0.060362173
0.060362173
0.060362172
0.060362174
0.060362173
0.060362171
0.060362174
0.060362175
0.060362172
0.060362173
0.060362174
0.060362174
0.060362173
0.060362173
0.06036217
0.060362171
0.060362174
0.06036217
0
0
0
1.8508206e-10
0
0
9.2809205e-11
0
0
0
0
0
0
1.2185893e-09
0
1.4247289e-09
2.3797267e-09
0
7.3099948e-10
0
0
4.7164883e-10
0
1.0585286e-09
1.4807051e-09
5.5546678e-12
0
1.1616046e-09
6.1450889e-10
1.6584015e-09
1.6748437e-09
1.4611677e-09
3.5410688e-09
2.7565812e-09
1.6716154e-09
1.3245829e-09
8.0169349e-10
0
1.538254e-10
0
1.6677854e-09
3.4688175e-10
3.2642289e-10
0
5.847286e-10
1.6680058e-09
2.2626245e-09
1.465681e-09
2.951692e-09
0
4.641908e-10
1.464606e-09
3.1057031e-09
1.6736256e-09
7.3744506e-09
7.9989917e-09
8.9521822e-09
9.0456312e-09
1.0713638e-08
1.1557117e-08
1.3481165e-08
1.5513311e-08
1.720974e-08
2.0066782e-08
2.6395988e-08
2.8485243e-08
3.143117e-08
3.9533045e-08
4.469322e-08
5.1129184e-08
5.501016e-08
6.1025268e-08
7.0199158e-08
8.0539652e-08
9.1347094e-08
1.0439597e-07
1.1896185e-07
1.3122266e-07
1.4752221e-07
1.643125e-07
1.8431027e-07
2.0476726e-07
2.2855222e-07
2.5496351e-07
2.8268642e-07
3.1205739e-07
3.478133e-07
3.8214047e-07
4.2293481e-07
4.645859e-07
5.0975111e-07
5.6005443e-07
6.1419024e-07
6.7237329e-07
7.3476837e-07
8.0027224e-07
8.7201747e-07
9.5017267e-07
1.0344322e-06
1.123099e-06
1.2216202e-06
1.3244035e-06
1.4350836e-06
1.5522524e-06
1.6777748e-06
1.8109378e-06
1.9544885e-06
2.1062355e-06
2.2664555e-06
2.4406579e-06
2.6242827e-06
2.8162479e-06
3.0218447e-06
3.2392183e-06
3.4672593e-06
3.7123485e-06
3.9688173e-06
4.2389156e-06
4.5232969e-06
4.8235259e-06
5.1420319e-06
5.4765121e-06
5.8308404e-06
6.200651e-06
6.5886397e-06
6.9975496e-06
7.4258389e-06
7.8707944e-06
8.3430137e-06
8.834445e-06
9.35217e-06
9.8912431e-06
1.0457963e-05
1.1048566e-05
1.1662777e-05
1.2307075e-05
1.2980778e-05
1.3680817e-05
1.441316e-05
1.5174354e-05
1.5966559e-05
1.679201e-05
1.7648292e-05
1.8540673e-05
1.947062e-05
2.0434998e-05
2.1433575e-05
2.2471633e-05
2.3546863e-05
2.4664296e-05
2.5824123e-05
2.7027621e-05
2.8275574e-05
2.9566849e-05
3.0907374e-05
3.2298157e-05
3.373851e-05
3.523206e-05
3.679128e-05
3.8413542e-05
4.010681e-05
4.1881384e-05
4.3750083e-05
4.5725858e-05
4.7825587e-05
5.0073353e-05
5.25078e-05
5.5170809e-05
5.8127111e-05
6.1487348e-05
6.5397237e-05
7.0106209e-05
7.5979303e-05
8.3586258e-05
9.3776069e-05
0.00010782383
0.00012757412
0.00015569036
0.00019590624
0.00025341297
0.00033523078
0.00045071496
0.00061207593
0.00083490168
0.0011386909
0.0015473149
0.0020895143
0.002799139
0.0037150723
0.0048808681
0.0063440736
0.0081555186
0.010368116
0.013034852
0.016206292
0.019927992
0.024236918
0.029157381
0.034697437
0.040845773
0.047569338
0.054812333
0.062497758
0.070531715
0.078809779
0.087225593
0.095680507
0.10409246
0.1124027
0.12057919
0.1286168
0.13653549
0.14437758
0.15220273
0.16008088
0.16808575
0.17629008
0.1847621
0.19356313
0.20274575
0.21235253
0.22241541
0.23295561
0.24398376
0.25550024
0.26749537
0.27994982
0.29283485
0.3061126
0.31973668
0.33365292
0.34780024
0.36211165
0.3765152
0.39093537
0.40529429
0.4195134
0.43351483
0.44722316
0.46056702
0.47348097
0.48590694
0.49779549
0.50910647
0.51980957
0.52988449
0.53932067
0.54811679
0.55627974
0.56382338
0.57076835
0.57714079
0.58296661
0.58827347
0.59309271
0.59745433
0.60138671
0.60491584
0.60806424
0.61085073
0.61329033
0.61539442
0.61717044
0.61861962
0.61974951
0.62057743
0.62106387
0.62115414
0.62103883
0.6206444
0.61990286
0.61883614
0.6174805
0.61584516
0.61392898
0.61173522
0.60927152
0.60654264
0.60354828
0.60028636
0.59675691
0.5929642
0.58891643
0.58462142
0.58008483
0.575312
0.57030859
0.56508048
0.55963338
0.55397277
0.54810446
0.54203518
0.53577429
0.52933462
0.52273231
0.51598897
0.50913107
0.50218797
0.49519108
0.48817314
0.48116722
0.47420581
0.46732046
0.46054123
0.45389637
0.44741187
0.4411107
0.43501244
0.42913193
0.42347887
0.41805671
0.41286417
0.40789491
0.40313667
0.39857374
0.39418579
0.38994918
0.38583551
0.38181379
0.37785046
0.37391141
0.36996151
0.36596637
0.36189336
0.35770721
0.35337449
0.34886322
0.34414601
0.33919556
0.33399167
0.32852271
0.322781
0.31676393
0.31047635
0.30393085
0.29714709
0.29015097
0.28297365
0.27565073
0.26822155
0.26072761
0.25321174
0.24571705
0.23828643
0.23095937
0.22377122
0.21675427
0.20993688
0.20334257
0.19698917
0.19088878
0.18504848
0.17947119
0.17415606
0.16909882
0.16429236
0.15972744
0.15539331
0.15127828
0.14737001
0.14365588
0.14012323
0.13675966
0.13355308
0.13049191
0.12756504
0.12476188
0.1220723
0.11948661
0.11699552
0.11459008
0.11226172
0.1100024
0.1078047
0.10566193
0.10356816
0.10151826
0.099507961
0.097533761
0.095593109
0.093684299
0.091806632
0.089960255
0.088146285
0.086366627
0.084624002
0.082921789
0.081263921
0.079654772
0.078098938
0.076601129
0.075165938
0.073797688
0.072500241
0.071276877
0.070130127
0.069061682
0.068072356
0.067162039
0.066329721
0.065573537
0.064890863
0.064278408
0.063732318
0.063248333
0.062821914
0.06244837
0.062122991
0.061841132
0.061598292
0.061390179
0.061212779
0.061062352
0.060935459
0.060829006
0.060740185
0.060666479
0.060605665
0.060555794
0.060515125
0.060482182
0.060455683
0.060434512
0.060417719
0.060404517
0.060394217
0.060386236
0.060380108
0.060375443
0.060371921
0.060369277
0.060367309
0.060365854
0.060364792
0.06036402
0.060363467
0.060363071
0.060362789
0.060362594
0.060362453
0.060362361
0.060362296
0.060362253
0.060362222
0.060362205
0.060362192
0.060362184
0.06036218
0.060362178
0.060362176
0.060362175
0.060362175
0.060362175
0.060362172
0.060362176
0.060362174
0.060362176
0.060362173
0.060362174
0.060362174
0.060362172
0.060362176
0.060362174
0.060362175
0.060362173
0.060362175
0.060362174
0.060362172
0.060362172
0.060362171
0.060362173
0.060362172
0.060362175
0.060362173
0.060362174
0.06036217
0.060362173
0.060362173
0.060362173
0.060362174
0.060362175
0.060362172
0.060362173
0.060362172
0.060362174
0.060362175
0.060362175
0.060362176
0.060362173
0.060362174
0.060362173
0.060362173
0.060362175
0.060362171
0.060362174
0.060362172
0.06036217
0.060362173
0.060362171
0.060362171
0.060362174
0.060362174
0.060362175
0.060362176
0.060362175
0.060362177
0.060362175
0.060362174
0.060362175
0.060362174
0.060362174
0.060362176
0.060362175
0.060362176
0.060362176
0.060362172
0.060362174
0.060362175
0.060362173
0.060362174
0.060362176
0.060362174
0.060362175
0.060362175
0.060362174
0.060362173
0.060362174
0.060362175
0.060362174
0.060362174
0.060362174
0.060362173
0.060362175
0.060362173
0.060362172
0.060362173
0.060362171
0.060362172
0.060362173
0.060362176
0.060362175
0.060362174
0.060362175
0.060362174
0.060362173
0.060362174
0.060362174
0.060362174
0.060362174
0.060362174
0.060362173
0.060362174
0.060362174
0.060362173
0.060362173
0.060362171
0.060362174
0.060362175
0.060362176
0.060362173
0.060362172
0.060362174
0.060362174
0.060362174
0.060362173
0.060362174
0.060362176
0.060362173
0.060362174
0.060362172
0.060362173
0.060362173
0.060362172
0.060362172
0.060362171
0.060362172
0.060362172
0.060362171
0.060362172
0.060362174
0.060362174
0.060362173
0.060362174
0.060362175
0.060362173
0.060362174
0.060362174
0.060362173
0.060362175
0.060362171
0.060362174
0.060362175
0.060362173
0.060362173
0.060362172
0.060362172
0.060362172
0.060362172
0.060362172
0.060362172
0.060362171
0.060362173
0.060362172
0.060362172
0.06036217
0.060362171
0.060362173
0.060362171
0.060362171
0.060362172
0.060362171
0.06036217
0.060362171
0.060362172
0.060362173
0.060362169
0.060362173
0.060362172
0.060362174
0.060362172
0.060362174
0.060362176
0.060362175
0.060362175
0.060362175
0.060362173
0.060362173
0.060362172
0.060362171
0.060362173
0.060362172
0.060362174
0.060362173
0.060362175
0.060362174
0.060362174
0.060362172
0.060362171
0.060362174
0.060362172
0.060362174
0.060362173
0.060362174
0.060362172
0.060362172
0.060362175
0.060362172
0.060362173
0.060362172
0.060362174
0.060362173
0.060362173
0.060362171
0.060362173
0.060362172
0.06036217
0.060362171
0.060362173
0.060362175
0.060362174
0.060362173
0.060362173
0.060362174
0.060362174
0.060362173
0.060362174
0.060362174
0.060362176
0.060362176
0.060362176
0.060362175
0.060362174
0.060362172
0.060362174
0.060362172
0.060362173
0.060362173
0.060362175
0.060362173
0.060362174
0.060362173
0.060362173
0.060362172
0.060362173
0.060362174
0.060362173
0.060362171
0.060362173
0.060362172
0.060362173
0.060362174
0.060362174
0.060362172
0.060362172
0.060362173
0.060362173
0.060362172
0.060362174
0.060362172
0.060362173
0.060362174
0.060362173
0.060362173
0.060362173
0.060362172
0.060362173
0.060362174
0.060362174
0.060362172
0.060362172
0.060362171
0.060362172
0.060362171
0.060362173
0.060362172
0.060362174
0.060362175
0.060362175
0.060362172
0.060362175
1.2710566e-09
3.3733716e-10
6.3546546e-10
1.5058262e-09
1.0686541e-09
1.9883217e-10
6.7050154e-10
1.245178e-09
0
1.6133571e-09
1.5914304e-09
0
2.1667713e-09
1.2287427e-10
0
1.64601e-10
0
5.5505667e-10
0
4.0490356e-10
1.8528682e-09
6.260914e-10
0
1.2114698e-10
0
0
3.8498293e-10
0
0
0
0
0
0
0
0
0
1.3153002e-09
7.93272e-10
1.6589364e-09
1.5043894e-09
4.4244997e-10
0
0
8.5231167e-10
0
0
0
5.4427729e-10
0
2.3523976e-09
9.891129e-10
5.7851657e-10
2.6254066e-09
5.9808825e-11
1.5920254e-10
6.6320482e-10
4.7411308e-10
3.4936807e-09
2.3127756e-09
2.403857e-09
7.6653628e-10
4.1882641e-09
3.0253753e-09
4.5038454e-09
4.045825e-09
3.9948177e-09
6.3989288e-09
6.7055016e-09
5.7929627e-09
7.2009121e-09
8.7723113e-09
1.2165716e-08
1.231799e-08
1.3824515e-08
1.6170384e-08
1.8043195e-08
1.959504e-08
2.2780095e-08
2.4486033e-08
2.7604055e-08
3.0813857e-08
3.5428152e-08
3.8620592e-08
4.3535779e-08
4.9128314e-08
5.6399625e-08
6.05052e-08
7.0256667e-08
7.691689e-08
8.4450546e-08
9.3027687e-08
1.0565885e-07
1.1647262e-07
1.3099069e-07
1.4130417e-07
1.5680506e-07
1.7320855e-07
1.8925369e-07
2.0784302e-07
2.3021605e-07
2.4843342e-07
2.7191115e-07
2.9684834e-07
3.2296131e-07
3.5381372e-07
3.8645435e-07
4.2199564e-07
4.5910759e-07
4.989384e-07
5.3825333e-07
5.8184091e-07
6.3214327e-07
6.8252204e-07
7.3758874e-07
7.9580393e-07
8.5745615e-07
9.2378569e-07
9.9625666e-07
1.0700535e-06
1.149359e-06
1.2342179e-06
1.3237273e-06
1.4182483e-06
1.5180778e-06
1.6224268e-06
1.7324124e-06
1.8521061e-06
1.9780249e-06
2.1095718e-06
2.2506799e-06
2.3967665e-06
2.5529263e-06
2.7154702e-06
2.8844997e-06
3.0657516e-06
3.2538054e-06
3.4529012e-06
3.6623187e-06
3.8816023e-06
4.1113366e-06
4.3501582e-06
4.60085e-06
4.8648767e-06
5.138066e-06
5.4240614e-06
5.7229852e-06
6.0376795e-06
6.3652168e-06
6.7080257e-06
7.0635432e-06
7.4336986e-06
7.822759e-06
8.2243148e-06
8.6448436e-06
9.082527e-06
9.5399515e-06
1.001754e-05
1.0518227e-05
1.1039318e-05
1.1584734e-05
1.2161432e-05
1.2771604e-05
1.3419413e-05
1.4110749e-05
1.4865928e-05
1.5699815e-05
1.6636009e-05
1.7727219e-05
1.9038985e-05
2.0686033e-05
2.2844669e-05
2.5791978e-05
2.9959432e-05
3.599638e-05
4.4894606e-05
5.8116669e-05
7.7805757e-05
0.00010702484
0.00015009796
0.00021298706
0.00030379469
0.00043328001
0.00061545895
0.00086826322
0.001214167
0.0016807588
0.002301123
0.0031141386
0.0041644885
0.0055024055
0.0071829801
0.0092649648
0.011809504
0.014877987
0.018528774
0.022814189
0.027777142
0.033446131
0.039830075
0.046915178
0.05466261
0.063006486
0.07185535
0.081097491
0.090609583
0.10026686
0.10995431
0.11957692
0.12906716
0.13838827
0.14753337
0.15652184
0.16539594
0.17421521
0.18304827
0.19196549
0.20103405
0.21031476
0.21985999
0.2297123
0.23990374
0.25045574
0.26137927
0.27267541
0.28433598
0.29634408
0.30867475
0.32129555
0.33416704
0.34724343
0.3604732
0.37379999
0.38716337
0.40049988
0.41374411
0.42682985
0.43969153
0.45226536
0.4644909
0.47631234
0.48767971
0.49854999
0.50888773
0.51866548
0.52786398
0.53647201
0.54448609
0.5519099
0.55875358
0.5650329
0.57076747
0.57597934
0.58069328
0.58493494
0.58872993
0.59210258
0.59507497
0.59766615
0.59989159
0.60176313
0.60328958
0.60447762
0.60533945
0.60586948
0.60600579
0.60590418
0.6055107
0.60474394
0.60363517
0.60220673
0.60046318
0.59840986
0.59605635
0.59341172
0.59048299
0.58727635
0.5837977
0.58005085
0.57603656
0.57175406
0.56720446
0.56239385
0.55733176
0.55202628
0.54648287
0.5407064
0.53470217
0.528476
0.52203395
0.51538217
0.50852749
0.50147804
0.49424424
0.48683943
0.47927955
0.47158499
0.46377995
0.45589093
0.44794641
0.43997609
0.43201022
0.42407894
0.4162118
0.40843736
0.40078272
0.39327306
0.38593084
0.37877544
0.3718221
0.36508158
0.35855959
0.35225782
0.34617333
0.34029902
0.33462466
0.32913594
0.3238153
0.3186424
0.31359535
0.30865111
0.30378627
0.29897669
0.29419908
0.2894312
0.28465052
0.27983671
0.27497125
0.27003897
0.26502744
0.25992558
0.25472867
0.24943703
0.24405343
0.23858412
0.23303918
0.22743237
0.2217807
0.21610387
0.21042314
0.20476046
0.19913799
0.19357774
0.18810119
0.18272878
0.17747871
0.17236684
0.16740708
0.16261109
0.15798793
0.15354366
0.1492814
0.14520186
0.14130375
0.13758404
0.13403822
0.13066052
0.12744428
0.12438223
0.12146666
0.11868969
0.11604342
0.11352003
0.11111191
0.10881176
0.10661252
0.10450749
0.10249028
0.10055478
0.0986952
0.096905976
0.095181865
0.093517939
0.091909605
0.090352636
0.088843228
0.087377996
0.085954012
0.084568806
0.083220349
0.081907125
0.08062806
0.07938257
0.078170495
0.076992141
0.075848172
0.074739616
0.073667773
0.072634166
0.071640487
0.070688473
0.069779866
0.068916295
0.068099216
0.067329828
0.066609016
0.065937281
0.065314707
0.06474096
0.064215255
0.063736391
0.063302771
0.062912456
0.062563198
0.062252524
0.061977789
0.061736221
0.061525034
0.061341434
0.061182707
0.061046244
0.060929562
0.060830336
0.06074642
0.060675837
0.060616795
0.060567689
0.060527078
0.060493683
0.060466397
0.060444234
0.060426353
0.060412017
0.060400615
0.060391605
0.06038454
0.060379045
0.060374806
0.060371562
0.060369098
0.060367239
0.060365851
0.060364823
0.060364069
0.060363516
0.060363117
0.060362832
0.060362625
0.060362483
0.060362383
0.060362315
0.060362264
0.060362234
0.060362213
0.0603622
0.06036219
0.060362184
0.06036218
0.060362178
0.060362178
0.060362178
0.060362176
0.060362175
0.060362174
0.060362175
0.060362172
0.060362171
0.060362174
0.060362175
0.060362175
0.060362172
0.060362174
0.06036217
0.060362172
0.060362172
0.060362171
0.060362172
0.06036217
0.060362173
0.060362174
0.060362175
0.060362172
0.060362173
0.06036217
0.060362172
0.06036217
0.060362173
0.060362172
0.060362172
0.060362173
0.060362172
0.060362173
0.060362175
0.060362175
0.060362174
0.060362173
0.060362172
0.060362172
0.060362173
0.060362173
0.060362174
0.060362174
0.060362175
0.060362175
0.060362176
0.060362175
0.060362175
0.060362173
0.060362174
0.060362174
0.060362174
0.060362174
0.060362171
0.060362171
0.06036217
0.06036217
0.06036217
0.060362172
0.060362174
0.060362172
0.060362175
0.060362172
0.060362171
0.06036217
0.060362173
0.060362173
0.060362173
0.060362173
0.060362173
0.060362174
0.060362171
0.060362173
0.060362173
0.060362173
0.060362173
0.060362174
0.060362173
0.060362172
0.060362172
0.060362174
0.060362172
0.060362173
0.060362172
0.060362172
0.060362173
0.060362172
0.060362173
0.060362174
0.060362171
0.060362173
0.060362171
0.060362171
0.060362172
0.060362171
0.060362171
0.060362173
0.060362174
0.060362173
0.060362173
0.060362172
0.060362172
0.060362171
0.060362173
0.060362171
0.060362172
0.060362173
0.060362175
0.060362173
0.060362172
0.060362172
0.060362175
0.060362174
0.060362172
0.060362172
0.060362173
0.060362172
0.060362172
0.060362169
0.060362173
0.060362172
0.060362173
0.060362175
0.060362174
0.060362175
0.060362176
0.060362173
0.060362175
0.060362175
0.060362176
0.060362173
0.060362175
0.060362174
0.060362173
0.060362172
0.060362173
0.060362173
0.060362173
0.060362174
0.060362173
0.060362172
0.060362173
0.060362173
0.060362171
0.060362172
0.060362174
0.060362172
0.060362173
0.060362173
0.060362173
0.060362175
0.060362173
0.060362176
0.060362174
0.060362173
0.060362173
0.060362175
0.060362174
0.060362174
0.060362175
0.060362175
0.060362173
0.060362175
0.060362176
0.060362172
0.060362176
0.060362174
0.060362177
0.060362175
0.060362175
0.060362173
0.060362172
0.060362171
0.06036217
0.060362171
0.060362171
0.060362172
0.060362172
0.060362172
0.060362172
0.060362174
0.060362173
0.060362173
0.060362171
0.060362172
0.060362169
0.060362171
0.060362171
0.060362172
0.060362173
0.060362173
0.060362171
0.060362173
0.060362171
0.060362172
0.060362173
0.060362174
0.060362171
0.060362173
0.060362171
0.060362172
0.060362173
0.060362173
0.060362172
0.060362175
0.060362173
0.060362174
0.060362175
0.060362176
0.060362176
0.060362172
0.060362172
0.060362173
0.060362173
0.060362173
0.060362171
0.060362174
0.060362174
0.060362174
0.060362172
0.060362175
0.060362174
0.060362173
0.060362174
0.060362173
0.060362172
0.060362173
0.060362172
0.060362174
0.060362173
0.060362173
0.060362174
0.060362175
0.060362174
0.060362175
0.060362174
0.060362171
0.060362172
0.060362175
0.060362173
0.060362174
0.060362172
0.060362173
0.060362174
0.060362174
0.060362174
0.060362175
0.060362173
0.060362173
0.060362174
0.060362174
0.060362176
0.060362176
0.060362174
0.060362173
0.060362175
0.060362175
0.060362174
0.060362173
0.060362172
0.060362174
0.060362174
0.060362176
0.060362174
0.060362176
0.060362175
0.060362174
0.060362172
0.060362173
0.060362173
0.060362173
0.060362174
0
0
0
9.2250652e-11
0
1.0761171e-09
0
5.1414872e-10
2.5041136e-10
0
0
1.3979989e-09
0
0
8.3791474e-10
0
0
0
1.8868541e-09
4.1100101e-10
0
0
0
0
0
0
0
3.2707781e-10
0
0
0
0
0
0
0
0
0
0
0
0
0
3.9789927e-10
5.1663962e-10
7.9718898e-11
2.8142999e-10
5.3881821e-10
4.1012027e-10
0
0
7.878026e-10
0
1.5135327e-09
0
1.766201e-09
7.1598061e-11
7.2647266e-10
0
0
0
1.6605168e-09
1.1259729e-09
0
0
0
6.8090578e-10
0
0
0
5.3789784e-10
3.7219838e-10
0
2.3736979e-10
1.6931774e-09
2.0785242e-09
9.4745656e-10
3.2607673e-09
2.1420369e-09
2.1614424e-09
2.9151954e-09
1.631089e-09
4.4939996e-09
8.0767881e-09
8.5455852e-09
7.9135855e-09
8.5790682e-09
1.0989175e-08
1.1709433e-08
1.0509759e-08
1.4644445e-08
1.5647579e-08
1.7525426e-08
1.810184e-08
1.7319108e-08
2.129069e-08
2.806976e-08
2.8644636e-08
3.3383467e-08
3.5283015e-08
3.9104682e-08
4.4185902e-08
4.9094223e-08
5.4630446e-08
5.7655688e-08
6.4096013e-08
7.187197e-08
7.8342415e-08
8.2967387e-08
9.023264e-08
1.0082088e-07
1.1130323e-07
1.2298416e-07
1.3213097e-07
1.444018e-07
1.5867231e-07
1.715629e-07
1.8722952e-07
2.0018579e-07
2.1868774e-07
2.3737328e-07
2.5749845e-07
2.7800137e-07
3.0123814e-07
3.2322019e-07
3.5021645e-07
3.7725055e-07
4.0641235e-07
4.3805402e-07
4.7256371e-07
5.0563541e-07
5.3984018e-07
5.7963664e-07
6.2106645e-07
6.6711879e-07
7.1325497e-07
7.6242615e-07
8.161461e-07
8.6993105e-07
9.2700881e-07
9.8747711e-07
1.0531252e-06
1.1191804e-06
1.192308e-06
1.26704e-06
1.348456e-06
1.4325591e-06
1.5183336e-06
1.6108488e-06
1.7079121e-06
1.8087126e-06
1.9166003e-06
2.0271988e-06
2.1470232e-06
2.2685515e-06
2.3948271e-06
2.531646e-06
2.6740195e-06
2.8255246e-06
2.9814869e-06
3.1478222e-06
3.3245891e-06
3.5088934e-06
3.7126111e-06
3.9297587e-06
4.1761334e-06
4.4513467e-06
4.7825917e-06
5.1943804e-06
5.7351473e-06
6.4801052e-06
7.5488918e-06
9.1385704e-06
1.155079e-05
1.5258348e-05
2.0981949e-05
2.9808175e-05
4.3355911e-05
6.3970626e-05
9.5018351e-05
0.00014123768
0.00020916412
0.00030767073
0.00044855237
0.00064721315
0.00092332383
0.0013015124
0.0018119611
0.0024908976
0.0033808738
0.0045307719
0.0059955174
0.0078354229
0.010114894
0.012900758
0.016260549
0.020259296
0.024954833
0.030393893
0.036608771
0.043611283
0.051385435
0.059884867
0.069033999
0.078730266
0.088849331
0.099254147
0.10980678
0.12038112
0.13087389
0.141212
0.1513554
0.16129535
0.17104973
0.18065863
0.19017827
0.19967307
0.2092084
0.21884551
0.22863835
0.23863181
0.24886087
0.25935026
0.27011482
0.28115991
0.29248225
0.30407057
0.31590642
0.32796482
0.34021482
0.35261998
0.36513889
0.37772572
0.39033077
0.40290116
0.41538167
0.42771567
0.43984614
0.45171689
0.46327368
0.47446553
0.48524576
0.49557309
0.50541237
0.51473523
0.52352032
0.53175339
0.539427
0.54654009
0.55309745
0.55910923
0.56459001
0.56955779
0.57403302
0.57803765
0.58159403
0.58472395
0.58744763
0.58978276
0.59174378
0.59334111
0.59458073
0.5954654
0.5959895
0.59613016
0.59603495
0.59564936
0.59488922
0.59376102
0.59227951
0.59045849
0.58830995
0.58584253
0.58306315
0.57997961
0.57659981
0.57293129
0.5689812
0.56475622
0.56026172
0.55550055
0.55047329
0.54518176
0.53963214
0.533833
0.52779197
0.52151584
0.51501013
0.50827964
0.50132955
0.49416578
0.48679517
0.47922575
0.47146711
0.46353081
0.45543092
0.44718404
0.43880969
0.43033008
0.42176977
0.41315511
0.40451371
0.39587376
0.38726359
0.37871119
0.37024372
0.36188717
0.35366575
0.34560139
0.33771319
0.33001688
0.32252445
0.31524388
0.30817943
0.30133168
0.29469752
0.28827086
0.28204303
0.27600292
0.27013737
0.26443206
0.2588719
0.25344167
0.24812618
0.24291096
0.23778235
0.23272743
0.22773472
0.22279412
0.21789737
0.21303796
0.20821106
0.20341277
0.1986446
0.19390934
0.18921075
0.18455393
0.17994531
0.17539255
0.17090429
0.16648959
0.16215745
0.15791656
0.15377518
0.14974096
0.14582075
0.14202029
0.13834426
0.13479632
0.13137888
0.12809321
0.1249394
0.12191642
0.11902232
0.11625431
0.11360893
0.11108216
0.10866956
0.10636641
0.10416781
0.10206878
0.10006434
0.098149619
0.096319865
0.094570493
0.092897113
0.091295545
0.089761811
0.088292128
0.086882894
0.085530693
0.08423229
0.082984642
0.0817849
0.080630416
0.079518749
0.078447662
0.07741514
0.0764194
0.07545888
0.074532258
0.073638436
0.072776531
0.071945891
0.071146056
0.070376748
0.069637855
0.068929409
0.068251553
0.067604505
0.066988531
0.066403903
0.065850869
0.065329624
0.064840255
0.064382741
0.063956892
0.063562365
0.063198634
0.062864976
0.062560495
0.062284114
0.062034598
0.061810573
0.061610546
0.061432942
0.061276128
0.061138447
0.061018232
0.06091386
0.060823739
0.060746356
0.060680276
0.060624169
0.060576788
0.060537007
0.060503795
0.060476228
0.06045348
0.060434823
0.060419612
0.060407293
0.060397376
0.060389446
0.060383154
0.060378199
0.060374321
0.060371313
0.060368997
0.06036723
0.06036589
0.060364886
0.060364136
0.060363582
0.060363176
0.060362881
0.060362668
0.060362518
0.06036241
0.060362333
0.060362283
0.060362247
0.060362225
0.060362207
0.060362197
0.060362189
0.060362183
0.06036218
0.060362179
0.060362177
0.060362177
0.060362174
0.060362175
0.060362173
0.060362172
0.060362173
0.060362174
0.060362174
0.060362174
0.060362172
0.060362172
0.060362174
0.060362174
0.060362175
0.060362174
0.060362173
0.060362174
0.060362175
0.060362174
0.060362174
0.060362174
0.060362175
0.060362176
0.060362175
0.060362172
0.060362174
0.060362177
0.060362175
0.060362176
0.060362174
0.060362174
0.060362174
0.060362174
0.060362172
0.060362172
0.060362172
0.060362173
0.060362175
0.060362174
0.060362172
0.060362173
0.060362174
0.060362173
0.060362172
0.060362172
0.060362173
0.060362175
0.060362174
0.060362176
0.060362175
0.060362176
0.060362174
0.060362174
0.060362177
0.060362175
0.060362175
0.060362174
0.060362174
0.060362173
0.060362172
0.060362175
0.060362173
0.060362172
0.060362174
0.060362176
0.060362172
0.060362174
0.060362174
0.060362173
0.060362172
0.060362174
0.060362172
0.060362173
0.060362173
0.060362174
0.060362174
0.060362173
0.060362175
0.060362174
0.060362173
0.060362174
0.060362174
0.060362175
0.060362174
0.060362173
0.060362173
0.060362175
0.060362173
0.060362173
0.060362175
0.060362173
0.060362173
0.060362175
0.060362172
0.060362172
0.060362172
0.060362171
0.06036217
0.060362173
0.060362172
0.060362174
0.060362173
0.060362173
0.060362173
0.060362173
0.060362174
0.060362174
0.060362174
0.060362175
0.060362175
0.060362173
0.060362172
0.060362172
0.060362172
0.060362173
0.060362173
0.060362175
0.060362173
0.060362174
0.060362173
0.060362174
0.060362173
0.060362171
0.060362172
0.060362173
0.060362172
0.060362172
0.060362174
0.060362173
0.060362172
0.060362173
0.060362172
0.060362173
0.060362174
0.060362174
0.060362173
0.060362175
0.060362173
0.060362173
0.060362174
0.060362174
0.060362175
0.060362173
0.060362173
0.060362175
0.060362172
0.060362176
0.060362174
0.060362175
0.060362173
0.060362172
0.060362175
0.060362173
0.060362172
0.060362172
0.06036217
0.060362172
0.060362171
0.060362173
0.060362171
0.060362171
0.060362172
0.060362172
0.060362172
0.060362175
0.060362171
0.060362172
0.060362171
0.06036217
0.060362171
0.060362171
0.060362171
0.060362175
0.060362174
0.060362176
0.060362173
0.060362173
0.060362174
0.060362174
0.060362173
0.06036217
0.060362174
0.060362172
0.060362172
0.060362172
0.060362175
0.060362174
0.060362174
0.060362173
0.060362174
0.060362173
0.060362173
0.060362173
0.060362174
0.060362172
0.060362171
0.060362171
0.060362171
0.060362173
0.060362173
0.060362173
0.060362172
0.060362172
0.060362171
0.060362173
0.060362172
0.060362172
0.060362172
0.06036217
0.06036217
0.060362174
0.060362175
0.060362171
0.060362173
0.060362173
0.060362173
0.060362173
0.060362172
0.06036217
0.060362171
0.060362171
0.06036217
0.060362172
0.060362171
0.060362172
0.060362173
0.060362173
0.060362173
0.060362174
0.060362173
0.060362172
0.060362172
0.060362172
0.060362173
0.060362173
0.060362175
0.060362177
0.060362173
0.060362173
0.060362173
0.060362173
0.060362174
0.060362176
0.060362175
0.060362173
0.060362174
0.060362175
0.060362175
0.060362176
0.060362174
0.060362174
0.060362173
0.060362173
0.060362173
0.060362174
0.060362174
0.060362173
0.060362174
0.060362174
0.060362174
0.060362174
0.060362175
0.060362174
0.060362174
0.060362173
0.060362172
0.060362173
0.060362173
0.060362172
0.060362172
0.060362172
0.060362172
5.9225402e-11
2.1447399e-11
2.7590485e-11
0
0
0
6.1606054e-11
0
6.3703232e-10
0
1.1998602e-09
0
1.453058e-09
0
0
5.6401728e-10
1.2387746e-10
8.7963092e-10
0
4.4327231e-10
4.4079107e-10
2.6919689e-10
3.5464942e-10
0
6.2189465e-10
7.0283701e-10
0
0
7.4151996e-10
0
7.9831852e-10
4.2067061e-10
0
2.1418737e-09
0
5.50615e-10
1.2886363e-09
1.3691683e-09
1.9172737e-09
2.7584793e-09
1.1121882e-09
9.4231523e-10
2.3889446e-11
0
1.5357179e-09
4.8312465e-12
1.612287e-10
1.3365016e-09
1.3920819e-09
0
4.9703386e-10
0
0
0
0
0
0
0
1.0974776e-09
0
0
7.0931483e-11
0
0
4.6687909e-10
0
1.3147067e-09
5.1475291e-10
8.275991e-10
0
4.0390957e-10
3.6896664e-10
0
3.8987202e-10
0
5.9786776e-10
1.1105505e-10
4.1091164e-10
7.4931172e-12
0
1.1527614e-09
5.6607763e-10
8.7821195e-10
1.2571016e-09
1.256661e-09
7.8016527e-10
7.5240092e-10
3.0472456e-09
1.0178889e-09
2.846857e-09
2.8826584e-09
2.7254632e-09
6.2861529e-09
4.8151348e-09
5.3317541e-09
5.1486058e-09
6.6599238e-09
8.1347126e-09
8.2540506e-09
8.7665547e-09
1.0973152e-08
1.2529534e-08
1.3269398e-08
1.5514021e-08
1.4840862e-08
1.65134e-08
2.0607607e-08
2.2271325e-08
2.3818178e-08
2.508383e-08
2.7821266e-08
3.137971e-08
3.4419493e-08
3.7324557e-08
4.0686344e-08
4.5398896e-08
5.0546157e-08
5.3776263e-08
5.9395668e-08
6.4608498e-08
6.9444787e-08
7.5930666e-08
8.4241315e-08
8.9699825e-08
9.6648317e-08
1.0483138e-07
1.1446598e-07
1.2382263e-07
1.3360096e-07
1.4595132e-07
1.5714305e-07
1.7115296e-07
1.8435771e-07
1.9814184e-07
2.1193955e-07
2.2771488e-07
2.4564928e-07
2.6290289e-07
2.830638e-07
3.0279263e-07
3.2639035e-07
3.4983091e-07
3.7409669e-07
3.984651e-07
4.2583074e-07
4.5596365e-07
4.8604379e-07
5.1927977e-07
5.5241438e-07
5.9048524e-07
6.2839625e-07
6.6900796e-07
7.1097794e-07
7.5883298e-07
8.0521383e-07
8.5671457e-07
9.0997395e-07
9.6751139e-07
1.0258209e-06
1.0891702e-06
1.1611012e-06
1.2379027e-06
1.3279302e-06
1.4363518e-06
1.5749215e-06
1.7554315e-06
2.0141022e-06
2.3943176e-06
2.975383e-06
3.8846276e-06
5.3257819e-06
7.6142162e-06
1.1249801e-05
1.6989145e-05
2.5971337e-05
3.9887442e-05
6.1196376e-05
9.3424412e-05
0.00014152996
0.00021236367
0.00031521142
0.00046242475
0.00067010451
0.00095882441
0.0013543402
0.0018882287
0.002598381
0.003529299
0.0047321253
0.0062643072
0.0081889025
0.010573364
0.013487636
0.017001736
0.021183222
0.026093759
0.031783691
0.038285658
0.045609675
0.053739357
0.062627762
0.072195564
0.082333737
0.092910351
0.10378084
0.11480067
0.12583786
0.13678417
0.14756292
0.15813223
0.16848324
0.17863409
0.18862332
0.19850357
0.2083351
0.21817939
0.22809399
0.23812914
0.24832592
0.2587155
0.26931923
0.280149
0.2912081
0.30249189
0.31398871
0.32568054
0.33754368
0.34954927
0.36166369
0.373849
0.3860633
0.39826119
0.4103943
0.42241206
0.43426251
0.44589329
0.45725279
0.46829124
0.47896189
0.48922213
0.49903429
0.50836654
0.51719325
0.52549528
0.53325998
0.54048109
0.54715839
0.55329704
0.55890678
0.56400119
0.56859719
0.57271405
0.57637233
0.57959272
0.58239503
0.58479727
0.58681481
0.58845985
0.58974052
0.59065739
0.59118485
0.59130121
0.59120005
0.590825
0.5900791
0.58894967
0.58744964
0.58559527
0.58339993
0.58087398
0.578026
0.57486383
0.57139524
0.56762805
0.56356987
0.55922788
0.55460876
0.54971851
0.54456205
0.53914308
0.53346492
0.52753194
0.52135
0.51492565
0.5082654
0.50137551
0.49426197
0.4869307
0.479388
0.47164109
0.46369845
0.45557028
0.4472688
0.43880848
0.43020621
0.42148128
0.41265527
0.40375175
0.39479595
0.38581426
0.37683381
0.36788191
0.35898563
0.35017137
0.34146431
0.33288803
0.32446397
0.31621097
0.30814489
0.30027829
0.29262026
0.28517643
0.27794913
0.27093762
0.26413832
0.25754531
0.2511508
0.2449456
0.23891962
0.23306228
0.22736301
0.22181155
0.21639833
0.2111146
0.20595262
0.20090582
0.19596886
0.19113765
0.18640946
0.18178271
0.17725529
0.17282311
0.1684851
0.16424214
0.16009601
0.15604892
0.15210331
0.14826169
0.14452643
0.14089975
0.13738358
0.13397948
0.13068862
0.12751171
0.12444891
0.12149991
0.11866386
0.11593939
0.11332467
0.1108174
0.10841492
0.10611422
0.10391206
0.10180496
0.099789297
0.097861381
0.096017478
0.094253871
0.09256692
0.090953074
0.089408899
0.087931109
0.086516568
0.085162286
0.083865436
0.08262333
0.081433423
0.080293309
0.079200704
0.078153448
0.077149508
0.076186975
0.075264051
0.074379071
0.073530473
0.072716839
0.07193686
0.071189354
0.070473254
0.06978762
0.069131615
0.068504515
0.067905685
0.067334584
0.066790744
0.066273756
0.065783255
0.065318914
0.064880418
0.064467442
0.064079656
0.063716688
0.063378118
0.063063465
0.062772185
0.062503643
0.062257139
0.062031878
0.061826989
0.061641528
0.06147448
0.061324781
0.061191321
0.061072959
0.060968549
0.060876936
0.060796986
0.060727601
0.060667711
0.060616308
0.060572434
0.060535194
0.060503769
0.060477403
0.060455405
0.060437169
0.060422137
0.060409818
0.060399792
0.060391682
0.060385164
0.060379967
0.060375844
0.060372598
0.060370068
0.060368103
0.060366593
0.060365443
0.060364572
0.060363919
0.060363432
0.060363075
0.060362813
0.060362622
0.060362486
0.060362389
0.060362322
0.060362273
0.060362239
0.060362214
0.060362198
0.060362189
0.060362183
0.06036218
0.060362179
0.060362179
0.060362177
0.060362176
0.060362176
0.060362177
0.060362176
0.060362176
0.060362175
0.060362176
0.060362175
0.060362172
0.060362174
0.060362174
0.060362174
0.060362174
0.060362173
0.060362174
0.060362173
0.060362172
0.060362174
0.060362172
0.060362172
0.060362172
0.060362173
0.060362172
0.060362173
0.060362171
0.060362174
0.060362174
0.060362171
0.060362172
0.060362172
0.060362172
0.060362173
0.060362172
0.060362171
0.060362174
0.060362174
0.060362174
0.060362174
0.060362173
0.060362174
0.060362174
0.060362174
0.060362173
0.060362173
0.060362173
0.060362174
0.060362173
0.060362173
0.060362172
0.060362171
0.060362171
0.060362171
0.060362173
0.060362172
0.060362173
0.060362172
0.060362173
0.060362173
0.060362173
0.060362174
0.060362174
0.060362174
0.060362173
0.060362173
0.060362173
0.060362172
0.060362173
0.060362174
0.060362172
0.060362174
0.060362173
0.060362173
0.060362173
0.060362173
0.060362176
0.060362173
0.060362172
0.060362172
0.060362173
0.060362173
0.060362173
0.060362173
0.060362173
0.060362173
0.060362172
0.060362172
0.060362173
0.060362172
0.060362173
0.060362175
0.060362173
0.060362172
0.060362175
0.060362172
0.060362174
0.060362174
0.060362173
0.060362174
0.060362176
0.060362173
0.060362175
0.060362173
0.060362174
0.060362173
0.060362174
0.060362174
0.060362172
0.060362173
0.060362172
0.060362172
0.060362171
0.060362172
0.060362172
0.060362173
0.060362173
0.060362173
0.060362173
0.060362172
0.060362173
0.060362174
0.060362173
0.060362173
0.060362173
0.060362174
0.060362175
0.060362173
0.060362174
0.060362174
0.060362174
0.060362173
0.060362174
0.060362173
0.060362173
0.060362173
0.060362173
0.060362173
0.060362172
0.060362172
0.060362173
0.060362173
0.060362173
0.060362173
0.060362173
0.060362174
0.060362174
0.060362174
0.060362173
0.060362173
0.060362174
0.060362173
0.060362174
0.060362175
0.060362173
0.060362174
0.060362175
0.060362173
0.060362176
0.060362174
0.060362174
0.060362173
0.060362176
0.060362175
0.060362173
0.060362173
0.060362173
0.060362172
0.060362174
0.060362172
0.060362173
0.060362172
0.060362174
0.060362175
0.060362173
0.060362171
0.060362171
0.060362172
0.060362171
0.060362173
0.060362173
0.060362172
0.060362172
0.060362173
0.060362173
0.060362173
0.060362174
0.060362172
0.060362171
0.060362171
0.060362172
0.060362171
0.060362171
0.060362172
0.060362172
0.060362173
0.060362171
0.060362173
0.060362173
0.060362173
0.060362173
0.060362172
0.060362172
0.060362172
0.060362174
0.060362172
0.060362174
0.060362172
0.060362172
0.060362172
0.060362174
0.060362174
0.060362173
0.060362172
0.060362172
0.060362173
0.060362174
0.060362173
0.060362173
0.060362174
0.060362174
0.060362174
0.060362174
0.060362174
0.060362174
0.060362173
0.060362173
0.060362176
0.060362175
0.060362175
0.060362174
0.060362173
0.060362174
0.060362175
0.060362173
0.060362173
0.060362174
0.060362173
0.060362173
0.060362174
0.060362175
0.060362174
0.060362175
0.060362174
0.060362172
0.060362172
0.060362173
0.060362174
0.060362174
0.060362172
0.060362173
0.060362173
0.060362174
0.060362172
0.060362172
0.060362173
0.060362173
0.060362173
0.060362173
0.060362173
0.060362174
0.060362172
0.060362173
0.060362174
0.060362172
0.060362172
0.060362171
0.060362174
0.060362173
0.060362172
0.060362174
0.060362173
0.060362172
0.060362174
0.060362173
1
1
1
1
1
1
1
1
1
1
1
1
1
1
1
1
1
1
1
1
1
1
1
1
1
1
1
1
1
1
1
1
1
0.99999999
0.99999999
0.99999999
0.99999999
0.99999998
0.99999998
0.99999997
0.99999996
0.99999994
0.99999993
0.99999991
0.99999988
0.99999985
0.99999981
0.99999976
0.99999971
0.99999964
0.99999955
0.99999945
0.99999934
0.9999992
0.99999903
0.99999884
0.99999862
0.99999836
0.99999806
0.99999771
0.99999731
0.99999686
0.99999634
0.99999575
0.99999508
0.99999433
0.99999348
0.99999253
0.99999146
0.99999027
0.99998894
0.99998746
0.99998583
0.99998402
0.99998203
0.99997983
0.99997742
0.99997478
0.99997188
0.99996872
0.99996528
0.99996154
0.99995747
0.99995307
0.99994831
0.99994317
0.99993763
0.99993166
0.99992523
0.99991834
0.99991094
0.99990304
0.99989461
0.99988563
0.99987606
0.99986589
0.99985509
0.99984362
0.99983146
0.99981858
0.99980497
0.99979057
0.99977535
0.99975929
0.99974233
0.99972448
0.99970569
0.99968596
0.99966528
0.99964367
0.9996211
0.99959754
0.9995729
0.99954714
0.99952023
0.99949212
0.99946279
0.99943217
0.99940024
0.99936695
0.99933232
0.99929634
0.99925905
0.99922039
0.99918031
0.99913875
0.99909567
0.99905111
0.99900508
0.99895742
0.99890806
0.99885697
0.99880416
0.99874966
0.99869353
0.99863582
0.99857653
0.99851567
0.99845323
0.99838914
0.99832348
0.99825639
0.9981877
0.99811722
0.99804483
0.99797042
0.99789397
0.99781545
0.99773484
0.99765213
0.99756733
0.99748044
0.9973914
0.99730024
0.99720686
0.99711125
0.99701348
0.99691356
0.99681167
0.9967078
0.99660208
0.99649443
0.9963847
0.99627283
0.99615864
0.99604188
0.99592249
0.99580069
0.99567655
0.99555021
0.99542189
0.99529178
0.99515999
0.9950265
0.99489119
0.99475392
0.99461448
0.99447276
0.99432874
0.9941823
0.99403339
0.99388213
0.99372859
0.99357278
0.99341473
0.9932545
0.99309217
0.9929277
0.99276123
0.99259273
0.99242217
0.99224958
0.99207509
0.99189883
0.991721
0.99154189
0.99136169
0.99118051
0.99099843
0.99081546
0.99063158
0.99044675
0.99026092
0.99007407
0.98988613
0.98969707
0.98950684
0.98931542
0.98912282
0.98892908
0.98873429
0.98853856
0.98834208
0.98814503
0.98794763
0.98775011
0.98755273
0.98735574
0.98715946
0.98696419
0.98677024
0.98657792
0.98638747
0.98619905
0.98601273
0.98582843
0.98564595
0.98546496
0.98528502
0.98510563
0.98492624
0.98474629
0.98456522
0.98438254
0.98419776
0.98401044
0.98382017
0.98362653
0.98342907
0.98322736
0.98302089
0.9828091
0.98259147
0.98236737
0.98213609
0.98189689
0.98164907
0.98139176
0.98112399
0.98084478
0.98055336
0.98024897
0.9799305
0.97959693
0.97924697
0.97887923
0.97849233
0.97808489
0.97765544
0.9772023
0.9767235
0.97621681
0.97567963
0.9751091
0.97450205
0.97385508
0.97316456
0.97242665
0.97163735
0.9707925
0.96988783
0.96891896
0.96788143
0.96677076
0.96558246
0.96431207
0.96295518
0.96150752
0.95996496
0.95832358
0.95657968
0.95472985
0.95277097
0.95070029
0.94851546
0.94621458
0.9437962
0.94125939
0.93860384
0.93582976
0.93293795
0.92992978
0.92680713
0.92357242
0.92022854
0.91677887
0.91322719
0.90957768
0.90583486
0.90200357
0.89808895
0.89409642
0.8900317
0.88590078
0.88170988
0.87746548
0.87317432
0.86884331
0.86447955
0.86009027
0.85568276
0.8512644
0.8468425
0.84242449
0.8380175
0.83362871
0.82926497
0.82493294
0.82063882
0.81638858
0.8121869
0.80804038
0.80395542
0.79993532
0.79598385
0.79210503
0.78830253
0.78457932
0.78093385
0.77736277
0.77386713
0.77044839
0.76710765
0.76384582
0.76066328
0.75755999
0.75453555
0.75158926
0.74872013
0.74592687
0.74320791
0.74056141
0.73798532
0.73547774
0.73303709
0.73066217
0.72835255
0.72610932
0.72393603
0.72183963
0.71983171
0.7179296
0.71615816
0.71455348
0.71317404
0.71218606
0.71190518
0.71206576
0.71272296
0.71426662
0.71696996
0.72109383
0.72688923
0.73458269
0.74434617
0.75626269
0.77029539
0.78626704
0.80385584
0.82261129
0.84198954
0.86140412
0.88028343
0.89812479
0.91453436
0.92924688
0.94212587
0.95314957
0.96238882
0.96998159
0.976108
0.98096945
0.98477399
0.98772456
0.98994382
0.99113168
0.99130614
0.99116698
0.99044625
0.98859878
0.98509805
0.97929146
0.97036097
0.95734319
0.93922436
0.91509834
0.88436788
0.84693736
0.80332945
0.7546687
0.70253173
0.6487095
0.59494582
0.54269133
0.49295597
0.44634657
0.40318623
0.36361085
0.32762787
0.29513599
0.26595043
0.23984564
0.21658106
0.19591051
0.17759357
0.16140901
0.14715577
0.13464384
0.12369444
0.11414168
0.10583023
0.098617521
0.092375759
0.086991362
0.082364626
0.078408042
0.075043699
0.072201865
0.069820919
0.067846417
0.066228011
0.064916572
0.063864599
0.063028691
0.062371173
0.061859625
0.061466116
0.061166912
0.060942096
0.060775187
0.060652778
0.060564106
0.060500674
0.060455891
0.060424694
0.060403268
0.060388772
0.060379114
0.060372786
0.060368707
0.060366127
0.060364521
0.060363542
0.060362954
0.060362613
0.060362413
0.060362301
0.060362239
0.060362207
0.06036219
0.060362181
0.060362177
0.060362175
0.060362176
0.060362175
0.060362175
0.060362173
0.060362172
0.060362173
0.060362174
0.060362174
0.060362173
0.060362173
0.060362173
0.060362172
0.060362172
0.060362172
0.060362173
0.060362173
0.060362173
0.060362172
0.060362171
0.060362172
0.060362172
0.060362171
0.060362172
0.060362171
0.060362173
0.060362171
0.060362172
0.060362173
0.060362173
0.060362173
0.060362172
0.060362174
0.060362173
0.060362172
0.060362171
0.060362174
0.060362174
0.060362173
0.060362173
0.060362174
0.060362173
0.060362174
0.060362173
0.060362173
0.060362172
0.060362173
0.060362172
0.060362172
0.060362174
0.060362173
0.060362174
0.060362174
0.060362174
0.060362174
0.060362173
0.060362173
0.060362173
0.060362173
0.060362172
0.060362173
0.060362172
0.060362172
0.060362173
0.060362172
0.060362175
0.060362172
0.060362173
0.060362173
0.060362173
0.060362173
0.060362174
0.060362173
0.060362174
0.060362173
0.060362174
0.060362175
0.060362174
0.060362173
0.060362173
0.060362172
0.060362172
0.060362173
0.060362173
0.060362175
0.060362173
0.060362173
0.060362174
0.060362173
0.060362174
0.060362174
0.060362173
0.060362175
0.060362174
0.060362174
0.060362173
0.060362174
0.060362173
0.060362172
0.060362175
0.060362174
0.060362173
0.060362174
0.060362174
0.060362174
0.060362174
0.060362174
0.060362173
0.060362173
0.060362171
0.060362172
0.060362173
0.060362172
0.060362172
0.060362172
0.060362174
0.060362173
0.060362174
0.060362172
0.060362173
0.060362174
0.060362173
0.060362174
0.060362172
0.060362174
0.060362175
0.060362174
0.060362174
0.060362173
0.060362173
0.060362175
0.060362173
0.060362175
0.060362173
0.060362174
0.060362173
0.060362173
0.060362175
0.060362174
0.060362174
0.060362173
0.060362173
0.060362175
0.060362174
0.060362175
0.060362172
0.060362174
0.060362172
0.060362174
0.060362173
0.060362174
0.060362173
0.060362172
0.060362174
0.060362173
0.060362172
0.060362173
0.060362172
0.060362173
0.060362172
0.060362173
0.060362173
0.060362174
0.060362174
0.060362173
0.060362173
0.060362172
0.060362173
0.060362173
0.060362172
0.060362173
0.060362173
0.060362172
0.060362173
0.060362172
0.060362173
0.060362172
0.060362175
0.060362173
0.060362174
0.060362174
0.060362174
0.060362175
0.060362172
0.060362175
0.060362174
0.060362176
0.060362173
0.060362176
0.060362175
0.060362174
0.060362175
0.060362172
0.060362172
0.060362173
0.060362172
0.060362173
0.060362174
0.060362173
0.060362173
0.060362172
0.060362174
0.060362174
0.060362173
0.060362173
0.060362174
0.060362174
0.060362173
0.060362173
0.060362173
0.060362173
0.060362174
0.060362172
0.060362172
0.060362171
0.060362173
0.060362172
0.060362173
0.060362173
0.060362174
0.060362173
0.060362174
0.060362172
0.060362173
0.060362173
0.060362173
0.060362173
0.060362171
0.060362175
0.060362174
0.060362174
0.060362174
0.060362174
0.060362175
0.060362172
0.060362172
0.060362173
0.060362171
0.060362172
0.060362171
0.060362171
0.060362171
0.060362174
0.060362173
0.060362171
0.06036217
0.060362174
0.060362173
0.060362172
0.060362172
0.060362173
0.060362172
0.060362171
0.060362173
0.060362172
0.060362172
0.060362172
0.060362173
1
1
1
1
1
1
1
1
1
1
1
1
1
1
1
1
1
1
1
1
1
1
1
1
1
1
1
1
0.99999999
0.99999999
0.99999999
0.99999998
0.99999998
0.99999997
0.99999996
0.99999995
0.99999993
0.9999999
0.99999987
0.99999984
0.99999979
0.99999973
0.99999966
0.99999957
0.99999947
0.99999934
0.99999918
0.999999
0.99999878
0.99999852
0.99999822
0.99999787
0.99999745
0.99999697
0.99999642
0.99999579
0.99999506
0.99999423
0.99999328
0.99999222
0.99999101
0.99998965
0.99998813
0.99998643
0.99998453
0.99998242
0.99998007
0.99997748
0.99997462
0.99997147
0.99996801
0.99996422
0.99996008
0.99995555
0.99995063
0.99994528
0.99993948
0.9999332
0.99992641
0.99991908
0.99991117
0.99990269
0.99989357
0.99988382
0.99987343
0.99986234
0.99985048
0.99983785
0.99982441
0.99981013
0.99979498
0.99977897
0.99976213
0.99974436
0.9997256
0.99970589
0.99968518
0.99966339
0.99964046
0.9996164
0.99959118
0.99956473
0.99953702
0.99950794
0.99947739
0.99944548
0.99941224
0.99937767
0.99934181
0.99930463
0.99926616
0.99922639
0.9991851
0.99914223
0.99909773
0.99905155
0.9990037
0.99895408
0.99890247
0.99884895
0.99879354
0.99873631
0.99867753
0.99861718
0.9985551
0.9984911
0.99842508
0.99835737
0.99828799
0.99821656
0.99814279
0.99806685
0.99798852
0.99790797
0.99782565
0.99774155
0.99765545
0.99756748
0.99747761
0.99738557
0.99729161
0.99719658
0.99710013
0.99700197
0.99690166
0.99679878
0.99669331
0.99658554
0.99647535
0.99636234
0.99624689
0.99612905
0.99600856
0.99588595
0.99576097
0.99563313
0.9955029
0.99536997
0.99523465
0.99509758
0.99495927
0.99481987
0.99467826
0.99453486
0.99438934
0.99424053
0.99408884
0.99393468
0.99377854
0.99362028
0.99345891
0.99329513
0.9931299
0.99296279
0.99279417
0.99262426
0.99245175
0.99227696
0.99210106
0.99192201
0.99173916
0.99155501
0.99136898
0.99117983
0.9909884
0.99079569
0.99060115
0.99040367
0.99020592
0.99000797
0.98980741
0.9896052
0.98940303
0.98919935
0.9889939
0.98878908
0.98858531
0.98838133
0.98817723
0.98797353
0.98777004
0.98756666
0.9873632
0.98715974
0.98695618
0.98675263
0.98654894
0.98634515
0.98614107
0.98593677
0.98573217
0.98552742
0.98532258
0.98511789
0.98491354
0.98470985
0.98450708
0.98430562
0.98410581
0.98390804
0.98371266
0.98351998
0.9833302
0.98314337
0.98295939
0.98277796
0.98259859
0.98242066
0.9822434
0.98206602
0.98188767
0.9817075
0.98152473
0.98133873
0.98114875
0.98095418
0.98075469
0.98054934
0.98033747
0.98011919
0.979893
0.97965811
0.97941534
0.97916314
0.9788995
0.97862524
0.97833955
0.97804053
0.97772718
0.97739723
0.97704904
0.97668204
0.97629479
0.97588564
0.97545254
0.97499307
0.97450527
0.97398728
0.97343706
0.97285228
0.97223013
0.97156732
0.97086009
0.97010424
0.9692952
0.96842809
0.96749776
0.96649883
0.9654257
0.96427266
0.9630339
0.96170357
0.96027587
0.95874506
0.95710555
0.95535201
0.95347936
0.95148288
0.94935835
0.94710207
0.94471088
0.94218209
0.93951364
0.93670411
0.93375273
0.93065955
0.92742531
0.9240516
0.92054097
0.91689668
0.91312289
0.90922443
0.90520675
0.90107592
0.89683847
0.89250144
0.88807218
0.88355842
0.87896813
0.8743095
0.86959086
0.86482089
0.86000857
0.85516299
0.85029344
0.84540953
0.84052096
0.83563757
0.83076929
0.82592607
0.82111781
0.81635443
0.81164539
0.80700036
0.8024278
0.79793662
0.79353454
0.78922898
0.78502551
0.78092962
0.77694342
0.773075
0.76933225
0.76571581
0.76222606
0.75886437
0.75563182
0.75252757
0.74954902
0.74669498
0.74396328
0.7413498
0.73884657
0.73645071
0.73415766
0.73196158
0.72985789
0.72784167
0.72590772
0.72405084
0.72226587
0.72054756
0.71889066
0.71729153
0.71574837
0.71425759
0.71281626
0.71142496
0.71008773
0.70881278
0.70761395
0.70650972
0.70551993
0.70468343
0.70419017
0.70416839
0.70442445
0.70519761
0.70668579
0.70909207
0.71264384
0.7175918
0.72418738
0.73265553
0.7431622
0.75578042
0.77046019
0.78700864
0.80508901
0.824238
0.84390304
0.86349443
0.88244344
0.90025595
0.91655185
0.93108411
0.94373745
0.95451173
0.9634973
0.97084769
0.97675349
0.98142032
0.98505217
0.98783339
0.98986709
0.99101022
0.99126344
0.99105957
0.9902352
0.98826154
0.98461871
0.9786495
0.96953086
0.95630033
0.93795286
0.91359848
0.88266086
0.84506361
0.80133839
0.7526069
0.70042569
0.6465427
0.59264531
0.54017279
0.49020718
0.44344083
0.40022963
0.36069051
0.32479261
0.29241811
0.26338614
0.23746721
0.2144092
0.19395588
0.1758564
0.15987711
0.1458065
0.13345177
0.1226335
0.11318728
0.10496343
0.097826041
0.091653294
0.086336123
0.081776618
0.077887342
0.074590217
0.07181488
0.06949718
0.067578468
0.066005631
0.064730805
0.063710242
0.062902977
0.062271101
0.061781607
0.061406511
0.06112218
0.060909075
0.060751217
0.060635653
0.060552088
0.060492403
0.060450305
0.060421008
0.0604009
0.060387292
0.060378218
0.06037226
0.060368414
0.060365968
0.060364437
0.060363498
0.060362934
0.060362603
0.06036241
0.0603623
0.06036224
0.060362205
0.060362189
0.060362183
0.060362181
0.060362177
0.060362177
0.060362176
0.060362175
0.060362176
0.060362175
0.060362177
0.060362174
0.060362173
0.060362174
0.060362173
0.060362174
0.060362174
0.060362173
0.060362175
0.060362173
0.060362173
0.060362173
0.060362174
0.060362176
0.060362174
0.060362174
0.060362175
0.060362176
0.060362173
0.060362176
0.060362174
0.060362176
0.060362174
0.060362173
0.060362173
0.060362174
0.060362173
0.060362171
0.060362173
0.060362174
0.060362174
0.060362172
0.060362174
0.060362173
0.060362173
0.060362173
0.060362175
0.060362172
0.060362172
0.060362175
0.060362174
0.060362175
0.060362173
0.060362175
0.060362174
0.060362173
0.060362173
0.060362173
0.060362175
0.060362173
0.060362174
0.060362174
0.060362174
0.060362175
0.060362173
0.060362173
0.060362175
0.060362174
0.060362173
0.060362172
0.060362173
0.060362174
0.060362174
0.060362174
0.060362175
0.060362172
0.060362174
0.060362173
0.060362173
0.060362174
0.060362174
0.060362172
0.060362173
0.060362174
0.060362174
0.060362173
0.060362173
0.060362173
0.060362172
0.060362172
0.060362173
0.060362175
0.060362174
0.060362171
0.060362172
0.060362174
0.06036217
0.060362171
0.060362171
0.060362173
0.060362172
0.060362173
0.060362172
0.060362173
0.060362173
0.060362171
0.060362172
0.060362171
0.060362171
0.060362173
0.060362174
0.060362172
0.060362172
0.060362174
0.060362173
0.060362173
0.060362174
0.060362172
0.060362173
0.060362172
0.060362173
0.060362173
0.060362173
0.060362175
0.060362174
0.060362173
0.060362175
0.060362175
0.060362174
0.060362174
0.060362174
0.060362176
0.060362174
0.060362175
0.060362174
0.060362175
0.060362173
0.060362174
0.060362174
0.060362175
0.060362172
0.060362171
0.060362174
0.060362174
0.060362173
0.060362174
0.060362171
0.06036217
0.060362171
0.060362173
0.060362173
0.060362173
0.060362173
0.060362171
0.060362172
0.060362174
0.060362173
0.060362173
0.060362172
0.060362174
0.060362171
0.060362175
0.060362173
0.060362175
0.060362172
0.060362173
0.060362173
0.060362173
0.060362173
0.06036217
0.060362173
0.060362172
0.060362173
0.060362175
0.060362174
0.060362174
0.060362174
0.060362175
0.060362174
0.060362174
0.060362175
0.060362173
0.060362174
0.060362171
0.060362173
0.06036217
0.060362174
0.060362175
0.060362172
0.06036217
0.060362169
0.06036217
0.06036217
0.06036217
0.060362171
0.060362169
0.060362172
0.060362173
0.060362172
0.060362174
0.060362172
0.060362171
0.060362171
0.060362172
0.060362175
0.060362172
0.060362171
0.060362172
0.060362172
0.060362171
0.060362171
0.060362172
0.060362173
0.060362175
0.060362174
0.060362174
0.060362173
0.060362175
0.060362173
0.060362173
0.060362175
0.060362171
0.060362173
0.060362173
0.060362171
0.060362172
0.060362172
0.060362173
0.060362172
0.060362173
0.060362172
0.060362175
0.06036217
0.060362171
0.060362173
0.060362173
0.060362172
0.060362173
0.060362175
0.060362175
0.060362173
0.060362176
0.060362174
0.060362176
0.060362175
0.060362174
0.060362173
0.060362177
0.060362177
0.060362176
0.060362172
0.060362172
0.060362173
0.060362175
0.060362172
0.060362174
0.060362176
0.060362176
0.060362176
0.060362175
0.060362175
0.060362174
1
1
1
1
1
1
1
1
1
1
1
1
1
1
1
1
1
1
1
1
1
1
1
0.99999999
0.99999999
0.99999999
0.99999998
0.99999997
0.99999996
0.99999995
0.99999993
0.9999999
0.99999986
0.99999981
0.99999975
0.99999967
0.99999957
0.99999945
0.99999929
0.9999991
0.99999887
0.99999859
0.99999825
0.99999784
0.99999736
0.99999679
0.99999611
0.99999532
0.9999944
0.99999333
0.9999921
0.99999068
0.99998906
0.99998721
0.99998511
0.99998274
0.99998007
0.99997707
0.99997372
0.99996998
0.99996582
0.99996121
0.99995611
0.99995049
0.9999443
0.99993752
0.99993009
0.99992199
0.99991317
0.99990358
0.9998932
0.99988196
0.99986981
0.99985672
0.99984263
0.99982751
0.99981131
0.99979395
0.99977541
0.99975562
0.99973451
0.99971208
0.99968826
0.99966306
0.9996365
0.99960848
0.99957896
0.99954782
0.99951498
0.99948032
0.99944385
0.99940572
0.99936605
0.9993247
0.99928165
0.99923693
0.99919044
0.99914196
0.99909125
0.99903832
0.99898316
0.99892577
0.99886616
0.99880424
0.99873984
0.9986729
0.99860372
0.99853256
0.99845945
0.99838424
0.99830704
0.99822773
0.99814592
0.9980616
0.99797483
0.9978856
0.99779393
0.99769944
0.99760164
0.9975007
0.99739686
0.99729025
0.9971811
0.99707001
0.99695718
0.99684204
0.99672473
0.99660547
0.99648326
0.99635785
0.99622907
0.99609658
0.99596085
0.99582265
0.99568201
0.99553925
0.99539427
0.9952474
0.99509862
0.99494719
0.99479299
0.99463705
0.99447905
0.99431931
0.99415717
0.99399214
0.99382465
0.99365426
0.9934799
0.99330172
0.99312041
0.99293657
0.99275005
0.99256103
0.99236877
0.99217352
0.99197555
0.99177443
0.99157083
0.99136534
0.99115904
0.99095236
0.99074471
0.99053528
0.99032333
0.99010795
0.98988969
0.98966847
0.9894452
0.98921969
0.9889917
0.9887626
0.98853142
0.98829772
0.98806248
0.98782557
0.98758687
0.98734691
0.987105
0.98686033
0.98661248
0.98636303
0.98611057
0.98585525
0.98559871
0.98534079
0.98508226
0.98482354
0.98456614
0.98430905
0.98405236
0.98379548
0.98353757
0.9832806
0.98302479
0.98277095
0.98251991
0.98227204
0.98202707
0.98178495
0.98154499
0.98130731
0.98107174
0.98083875
0.98060826
0.98038054
0.98015531
0.9799326
0.97971196
0.97949329
0.97927621
0.97906071
0.97884668
0.97863431
0.97842378
0.97821547
0.97800976
0.97780717
0.97760819
0.97741333
0.97722298
0.9770374
0.97685665
0.97668051
0.97650849
0.97633981
0.97617342
0.97600806
0.97584231
0.97567472
0.97550385
0.97532835
0.97514696
0.9749587
0.97476247
0.9745573
0.97434272
0.97411742
0.97388013
0.9736309
0.97336808
0.97309025
0.97279805
0.97249042
0.97216418
0.9718193
0.97145623
0.97107296
0.97066617
0.97023152
0.96976645
0.96926896
0.96873662
0.96816664
0.96755587
0.96690038
0.96619737
0.96544367
0.96463574
0.96376945
0.96283979
0.96184101
0.96076663
0.95960955
0.95836219
0.95701657
0.95556439
0.95399716
0.95230622
0.95048293
0.94851877
0.9464055
0.94413525
0.94170067
0.93909506
0.93631259
0.93334832
0.93019832
0.92685989
0.92333189
0.91961428
0.91570787
0.9116146
0.9073376
0.90288116
0.89825083
0.89345347
0.88849729
0.88339175
0.87814724
0.8727752
0.86728756
0.86169681
0.85601599
0.85025836
0.84443742
0.83856645
0.83265867
0.82672717
0.82078497
0.8148445
0.80891846
0.80302006
0.79716201
0.79135698
0.7856179
0.77995742
0.77438793
0.76892165
0.76357076
0.75834717
0.75326249
0.74832737
0.74355234
0.73894606
0.73451741
0.73027413
0.72622238
0.72236513
0.71870574
0.71524536
0.71198948
0.70894252
0.70610449
0.70347197
0.70104192
0.69881225
0.69677671
0.69492424
0.69324877
0.69175234
0.69042346
0.68924711
0.68821485
0.68731705
0.68654415
0.68588809
0.68534013
0.68489081
0.68453039
0.68424951
0.68403813
0.68388308
0.68378047
0.68374992
0.68375925
0.6837929
0.68386679
0.68398746
0.68416494
0.68441619
0.68476625
0.68525122
0.68592764
0.68687915
0.68819087
0.68994555
0.69226947
0.69532808
0.69931794
0.70446128
0.71099643
0.71915937
0.72915662
0.74113219
0.75513384
0.77108125
0.78874608
0.80776241
0.82764371
0.84782345
0.86770964
0.88674349
0.90445191
0.92048504
0.93463323
0.94682262
0.95709452
0.96557634
0.97245098
0.97792885
0.98222499
0.98554112
0.98804848
0.98984208
0.99082311
0.99095495
0.99068106
0.98969283
0.98750091
0.98358833
0.97729586
0.96779819
0.95414131
0.93534251
0.91054778
0.87922346
0.84133016
0.79741728
0.74859488
0.69637913
0.64245787
0.58844912
0.53575271
0.48548897
0.4384456
0.39506612
0.35549186
0.31966425
0.28743692
0.2586151
0.23295952
0.21020311
0.19008538
0.17235245
0.15674795
0.14303371
0.13100372
0.12047161
0.11127021
0.1032556
0.096300834
0.090291628
0.08512486
0.080706706
0.076951433
0.073781257
0.071125813
0.068919667
0.067101911
0.065617506
0.064417836
0.063459569
0.062703854
0.062115108
0.06166128
0.06131505
0.061053694
0.060858524
0.060714427
0.060609272
0.06053344
0.060479437
0.060441463
0.060415094
0.060397026
0.060384814
0.060376672
0.060371321
0.060367856
0.060365645
0.060364261
0.060363405
0.060362888
0.060362578
0.060362394
0.060362294
0.060362235
0.060362205
0.060362188
0.060362179
0.060362175
0.060362175
0.060362174
0.060362174
0.060362174
0.060362175
0.060362175
0.060362173
0.060362175
0.060362174
0.060362173
0.060362176
0.060362172
0.060362174
0.060362174
0.060362174
0.060362173
0.060362174
0.060362175
0.06036217
0.060362173
0.060362174
0.060362174
0.060362173
0.060362174
0.060362173
0.060362171
0.060362173
0.060362172
0.060362174
0.060362174
0.060362173
0.060362175
0.060362175
0.060362176
0.060362174
0.060362174
0.060362173
0.060362173
0.060362174
0.060362175
0.060362174
0.060362176
0.060362173
0.060362176
0.060362174
0.060362173
0.060362175
0.060362173
0.060362173
0.060362173
0.060362171
0.060362174
0.060362171
0.060362171
0.06036217
0.060362174
0.060362172
0.060362173
0.060362172
0.060362173
0.060362173
0.060362172
0.060362173
0.060362174
0.060362175
0.060362175
0.060362174
0.060362176
0.060362173
0.060362173
0.060362174
0.060362174
0.060362173
0.060362174
0.060362171
0.060362173
0.060362172
0.060362174
0.060362174
0.060362175
0.060362175
0.060362175
0.060362175
0.060362177
0.060362176
0.060362175
0.060362173
0.060362173
0.060362174
0.060362175
0.060362174
0.060362175
0.060362176
0.060362174
0.060362175
0.060362174
0.060362174
0.060362172
0.060362173
0.060362173
0.060362171
0.060362174
0.060362174
0.060362172
0.060362171
0.060362172
0.060362172
0.060362174
0.060362175
0.060362173
0.060362175
0.060362173
0.060362172
0.060362173
0.060362174
0.060362173
0.060362172
0.060362175
0.060362174
0.060362174
0.060362173
0.060362172
0.060362172
0.060362174
0.060362173
0.060362172
0.060362174
0.060362172
0.060362174
0.060362172
0.060362172
0.060362171
0.060362171
0.060362174
0.060362173
0.060362174
0.060362175
0.060362173
0.060362172
0.060362173
0.060362173
0.060362173
0.060362173
0.060362173
0.060362174
0.060362173
0.060362173
0.060362174
0.060362172
0.060362174
0.060362173
0.060362173
0.060362173
0.060362172
0.060362173
0.060362173
0.060362173
0.060362172
0.060362174
0.06036217
0.060362173
0.060362172
0.060362171
0.060362172
0.060362172
0.060362172
0.060362174
0.060362173
0.060362172
0.060362172
0.060362173
0.060362172
0.060362171
0.060362171
0.060362171
0.060362173
0.060362171
0.060362172
0.060362171
0.060362173
0.060362175
0.060362174
0.060362173
0.060362172
0.060362173
0.060362174
0.060362175
0.060362173
0.060362174
0.060362173
0.060362172
0.060362172
0.060362172
0.060362172
0.060362174
0.060362171
0.060362174
0.060362175
0.060362173
0.060362173
0.060362173
0.060362173
0.060362174
0.060362174
0.060362172
0.060362175
0.060362175
0.060362174
0.060362174
0.060362173
0.060362174
0.060362174
0.060362174
0.060362175
0.060362175
0.060362173
0.060362173
0.060362174
0.060362174
0.060362175
0.060362175
0.060362177
0.060362175
0.060362175
0.060362173
0.060362175
0.060362171
0.060362173
0.060362173
0.060362174
0.060362175
0.060362174
0.060362174
0.060362173
0.060362173
0.060362173
0.060362175
0.060362173
0.060362173
0.060362171
0.060362174
0.060362173
0.060362171
0.060362169
0.060362172
0.060362173
0.060362173
0.060362173
0.060362174
0.060362174
0.060362176
0.060362175
0.060362175
0.060362175
0.060362175
0.060362174
0.060362174
0.060362174
1
1
1
1
1
1
1
1
1
1
1
1
1
1
1
1
1
1
1
0.99999999
0.99999999
0.99999998
0.99999997
0.99999996
0.99999994
0.99999991
0.99999987
0.99999981
0.99999974
0.99999965
0.99999952
0.99999936
0.99999915
0.99999888
0.99999855
0.99999814
0.99999763
0.99999701
0.99999626
0.99999536
0.99999428
0.999993
0.99999148
0.99998971
0.99998764
0.99998523
0.99998245
0.99997926
0.99997561
0.99997146
0.99996675
0.99996143
0.99995545
0.99994874
0.99994125
0.99993292
0.99992368
0.99991346
0.99990221
0.99988984
0.99987628
0.99986147
0.99984532
0.99982775
0.99980867
0.99978801
0.9997657
0.99974165
0.99971581
0.9996881
0.99965842
0.99962667
0.99959276
0.99955661
0.99951814
0.9994773
0.99943404
0.99938815
0.99933967
0.99928859
0.9992346
0.9991778
0.99911817
0.99905581
0.99899063
0.9989226
0.99885168
0.9987777
0.99870037
0.99861948
0.99853508
0.99844741
0.99835662
0.99826275
0.9981661
0.99806678
0.99796467
0.99785936
0.99775035
0.99763725
0.99752
0.99739878
0.99727334
0.99714397
0.99701075
0.99687358
0.99673294
0.99658897
0.9964418
0.99629184
0.99613908
0.99598295
0.99582318
0.99565946
0.99549196
0.99532078
0.99514592
0.99496705
0.99478379
0.99459575
0.99440248
0.99420433
0.99400223
0.9937976
0.99359165
0.9933843
0.99317521
0.99296325
0.99274763
0.99252809
0.99230383
0.99207438
0.99184067
0.99160404
0.99136382
0.99112131
0.99087757
0.99063142
0.99038268
0.99013196
0.98987807
0.98962017
0.98935958
0.98909681
0.98883062
0.98856247
0.98829163
0.98801638
0.9877363
0.98745201
0.98716487
0.98687596
0.986584
0.98628808
0.98598848
0.98568519
0.98537929
0.98507002
0.98475857
0.98444786
0.9841353
0.98382161
0.98350899
0.98319425
0.98287654
0.9825573
0.98223589
0.98191294
0.98158889
0.98126194
0.98093395
0.98060707
0.98027694
0.97994518
0.97961312
0.97927947
0.97894599
0.97861148
0.97827409
0.97793475
0.97759023
0.97724154
0.97689118
0.97653963
0.97618734
0.97583627
0.97548717
0.97514153
0.97480027
0.97446253
0.97412966
0.97379823
0.97346776
0.97314171
0.97281837
0.97249875
0.97218603
0.97188215
0.97158559
0.97129538
0.97101075
0.97073238
0.97046044
0.97019596
0.96993899
0.96969013
0.96944894
0.96921531
0.96898828
0.96876727
0.96855133
0.96833997
0.9681327
0.96792948
0.96773036
0.96753577
0.96734627
0.96716254
0.96698526
0.96681498
0.96665211
0.96649671
0.9663485
0.96620675
0.96607023
0.96593735
0.9658061
0.96567426
0.96553939
0.96539904
0.96525098
0.96509325
0.96492387
0.9647412
0.96454382
0.96433018
0.96409928
0.9638501
0.96358084
0.96328966
0.96297555
0.96263644
0.96226968
0.96187553
0.96145265
0.96099925
0.96051515
0.95999797
0.95944175
0.95883937
0.95818735
0.95748162
0.95671539
0.9558839
0.95498243
0.95400558
0.95294884
0.95180639
0.95057167
0.94923691
0.94779301
0.94622986
0.94453641
0.94270087
0.94071092
0.93855387
0.93621693
0.9336874
0.93095291
0.92800173
0.92482296
0.92140684
0.91774496
0.91383057
0.90965876
0.90522684
0.90053421
0.8955823
0.89037534
0.8849208
0.87922793
0.87330679
0.86716876
0.86082681
0.85429551
0.84759101
0.84073113
0.83373509
0.82662332
0.81941682
0.81213702
0.80480489
0.79744085
0.7900653
0.78269822
0.77535891
0.76806527
0.76083414
0.75368157
0.7466227
0.73967065
0.73283934
0.72614429
0.71959844
0.71321352
0.70700185
0.70097518
0.69514472
0.68952123
0.68411496
0.6789354
0.67399131
0.66929052
0.66484007
0.66064518
0.6567113
0.65304324
0.64964207
0.64650627
0.64363637
0.64103104
0.63869084
0.63661643
0.63480285
0.63324246
0.63194054
0.63089032
0.63007527
0.62945717
0.6290164
0.62891041
0.62897009
0.62915887
0.629523
0.63005733
0.63075082
0.63159248
0.63257088
0.63367365
0.63488821
0.63620274
0.63760626
0.63908868
0.64064275
0.64226391
0.64394541
0.64568275
0.64747733
0.64933664
0.6512746
0.65331431
0.65548826
0.65783975
0.66042703
0.66332255
0.6666147
0.67041069
0.67484046
0.68006089
0.68625642
0.6936343
0.70241325
0.71280385
0.72498086
0.73905152
0.75502246
0.77274407
0.79194788
0.81222619
0.83306104
0.85386936
0.87406043
0.89309526
0.91053764
0.92608861
0.9395989
0.95105846
0.96056912
0.96830962
0.97450108
0.97937767
0.98316403
0.98605898
0.98821885
0.98970813
0.99038675
0.99037084
0.98996908
0.98872803
0.98621441
0.98190221
0.97512558
0.96506007
0.9507706
0.9313144
0.90589572
0.87404622
0.83578109
0.79167525
0.74282308
0.6906867
0.6368806
0.58296291
0.53029368
0.47996851
0.43279051
0.38925986
0.34960841
0.31383349
0.28176559
0.25316785
0.2277839
0.20533763
0.18554685
0.16814628
0.15288501
0.1395177
0.12782008
0.11760157
0.10869687
0.10095903
0.094259857
0.088487232
0.083539685
0.079324755
0.075758577
0.072763478
0.070268046
0.068206693
0.066518591
0.065148069
0.064045712
0.063168242
0.06247776
0.061941076
0.061528864
0.061215616
0.060980027
0.060804717
0.060675661
0.060581727
0.060514152
0.060466129
0.060432425
0.060409065
0.060393074
0.060382271
0.060375069
0.060370331
0.060367257
0.060365293
0.060364056
0.060363293
0.060362823
0.060362543
0.060362381
0.060362287
0.060362234
0.060362207
0.060362194
0.060362183
0.060362179
0.060362177
0.060362177
0.060362175
0.060362172
0.060362172
0.060362174
0.060362173
0.060362173
0.060362173
0.060362175
0.060362171
0.060362175
0.060362174
0.060362172
0.060362174
0.060362173
0.060362172
0.060362174
0.060362176
0.060362175
0.060362175
0.060362172
0.060362174
0.060362172
0.060362174
0.060362173
0.060362173
0.060362175
0.060362174
0.060362174
0.060362175
0.060362174
0.060362174
0.060362173
0.060362174
0.060362173
0.060362174
0.060362174
0.060362174
0.060362174
0.060362171
0.060362171
0.060362171
0.060362171
0.060362174
0.060362172
0.060362173
0.060362171
0.060362173
0.060362173
0.060362174
0.060362171
0.060362173
0.060362174
0.060362174
0.060362172
0.060362175
0.060362173
0.060362175
0.060362173
0.060362174
0.060362175
0.060362176
0.060362174
0.060362173
0.060362172
0.060362172
0.060362173
0.060362172
0.060362172
0.06036217
0.060362173
0.060362171
0.060362171
0.060362175
0.060362174
0.060362174
0.060362174
0.060362174
0.060362173
0.060362173
0.060362173
0.060362173
0.06036217
0.060362172
0.060362175
0.060362175
0.060362173
0.060362173
0.060362173
0.060362172
0.060362172
0.060362172
0.060362174
0.060362172
0.060362173
0.060362173
0.060362173
0.060362172
0.060362172
0.060362173
0.060362172
0.060362172
0.060362172
0.060362172
0.060362173
0.060362173
0.060362172
0.060362174
0.060362173
0.060362172
0.060362172
0.060362172
0.060362175
0.060362171
0.060362173
0.060362174
0.060362172
0.060362173
0.060362171
0.060362172
0.060362172
0.060362172
0.06036217
0.060362173
0.060362175
0.060362173
0.060362174
0.060362175
0.060362175
0.060362174
0.060362175
0.060362173
0.060362171
0.060362171
0.060362173
0.060362174
0.060362173
0.060362173
0.060362173
0.060362172
0.060362173
0.060362175
0.060362173
0.060362173
0.060362171
0.060362171
0.060362172
0.060362173
0.060362174
0.060362172
0.060362173
0.060362174
0.060362175
0.060362173
0.060362173
0.060362172
0.060362173
0.060362172
0.060362174
0.060362172
0.060362172
0.060362174
0.060362173
0.060362172
0.060362173
0.060362171
0.060362173
0.060362175
0.060362173
0.060362173
0.060362175
0.060362175
0.060362174
0.060362174
0.060362174
0.060362173
0.060362175
0.060362174
0.060362174
0.060362173
0.060362173
0.060362174
0.060362174
0.060362174
0.060362172
0.060362173
0.060362174
0.060362175
0.060362171
0.060362175
0.060362174
0.060362175
0.060362175
0.060362171
0.060362173
0.060362174
0.060362172
0.060362173
0.060362172
0.060362174
0.060362175
0.060362172
0.060362175
0.060362174
0.060362171
0.060362173
0.060362175
0.060362176
0.060362175
0.060362173
0.060362175
0.060362174
0.060362173
0.060362173
0.060362173
0.060362174
0.060362176
0.060362176
0.060362173
0.060362174
0.060362172
0.060362172
0.060362173
0.060362173
0.060362173
0.060362174
0.060362172
0.060362173
0.060362171
0.060362172
0.060362172
0.060362173
0.060362174
0.060362173
0.060362172
0.060362172
0.060362172
0.060362172
0.060362172
0.060362174
0.060362173
0.060362172
0.060362174
0.060362173
0.060362173
0.060362173
0.060362173
0.060362172
0.06036217
0.06036217
0.06036217
0.060362171
0.060362171
0.060362171
0.060362172
0.060362172
0.060362174
1
1
1
1
1
1
1
1
1
1
1
1
1
1
1
0.99999999
0.99999999
0.99999998
0.99999996
0.99999994
0.99999991
0.99999986
0.99999978
0.99999968
0.99999955
0.99999936
0.99999911
0.99999878
0.99999835
0.99999779
0.99999709
0.99999621
0.99999511
0.99999376
0.99999211
0.99999011
0.99998771
0.99998485
0.99998146
0.99997748
0.99997283
0.99996742
0.99996118
0.999954
0.9999458
0.99993646
0.99992589
0.99991397
0.99990059
0.99988563
0.99986896
0.99985046
0.99983001
0.99980745
0.99978268
0.99975553
0.9997259
0.99969364
0.99965862
0.9996207
0.99957973
0.99953561
0.99948814
0.99943719
0.99938259
0.99932416
0.9992619
0.99919567
0.99912537
0.9990509
0.99897209
0.99888873
0.99880074
0.99870798
0.99861032
0.9985077
0.99840015
0.99828754
0.9981697
0.99804669
0.99791845
0.99778497
0.99764635
0.99750268
0.9973539
0.99719969
0.99704005
0.99687504
0.99670459
0.99652852
0.99634652
0.99615882
0.99596562
0.99576675
0.99556292
0.99535475
0.99514241
0.99492592
0.99470482
0.99447755
0.99424355
0.99400318
0.99375618
0.99350277
0.9932438
0.99297986
0.99271102
0.99243705
0.99215856
0.99187606
0.99158939
0.99129868
0.99100461
0.99070572
0.99040152
0.99009102
0.98977485
0.98945434
0.98912835
0.98879544
0.98845465
0.98810644
0.9877537
0.98739818
0.98704085
0.98668382
0.9863262
0.98596541
0.98560155
0.98523427
0.98486216
0.98448537
0.98410535
0.98372131
0.98333375
0.98294366
0.98255199
0.98215734
0.98175979
0.981361
0.98095875
0.98055179
0.98014204
0.97973007
0.97931388
0.9788954
0.97847345
0.97804556
0.97761393
0.97718006
0.97674477
0.97630831
0.97586744
0.97542024
0.97497097
0.97451809
0.97406118
0.97360285
0.9731428
0.97268453
0.97222826
0.97177131
0.97131651
0.97086195
0.97040314
0.96994197
0.96948201
0.96902498
0.96856801
0.9681105
0.96765218
0.96719375
0.96673531
0.96627768
0.96582396
0.96537313
0.96492299
0.96447195
0.96401908
0.96356312
0.96309938
0.96262739
0.96215416
0.96168287
0.96121553
0.96075511
0.96029929
0.95985189
0.95941584
0.95898616
0.95856599
0.9581562
0.95775084
0.95734833
0.95695337
0.95656887
0.9561971
0.95583956
0.95549468
0.95516188
0.95484091
0.95453278
0.95423819
0.95395883
0.95369541
0.95344886
0.95321883
0.95300469
0.9528047
0.95261725
0.95244043
0.95227277
0.95211317
0.95196092
0.95181548
0.95167794
0.95154883
0.95142875
0.95131835
0.95121811
0.95112821
0.95104835
0.95097759
0.95091432
0.95085619
0.95080032
0.95074346
0.9506821
0.9506121
0.95052935
0.95043142
0.95031604
0.95018013
0.95002093
0.94983642
0.94962455
0.94938355
0.94911217
0.94880869
0.94846991
0.94809306
0.94767532
0.94721264
0.94670296
0.94614474
0.94553822
0.94488254
0.94417166
0.9433974
0.94255136
0.94162658
0.9406139
0.93950254
0.9382853
0.93695324
0.93549779
0.93391068
0.93218143
0.93029828
0.92824753
0.92601393
0.92358106
0.92093159
0.9180477
0.91491135
0.91150481
0.90781111
0.90381454
0.8995011
0.89485906
0.88987935
0.88455592
0.87888605
0.87287063
0.86651441
0.85982622
0.85281848
0.84550649
0.83791006
0.83005467
0.82196697
0.81367196
0.80519547
0.79656478
0.7878083
0.77895541
0.77003707
0.76108487
0.75213007
0.74320286
0.73433214
0.72554445
0.7168637
0.70831264
0.69991294
0.69168436
0.68364371
0.67580551
0.66818247
0.6607857
0.65362277
0.64670225
0.64003768
0.63363693
0.62750511
0.62164887
0.61607371
0.61078399
0.6057834
0.60107439
0.5966584
0.59253639
0.58870883
0.58517518
0.58193398
0.5789837
0.57632188
0.57394343
0.57184423
0.57002173
0.56846518
0.56717483
0.56616164
0.56539043
0.56482039
0.56462221
0.56467383
0.56486176
0.56525917
0.56587178
0.56670472
0.56774875
0.56899344
0.57043091
0.57205187
0.57384992
0.57581998
0.57795573
0.58024869
0.58268924
0.58526847
0.58797874
0.59081352
0.59376724
0.5968356
0.60001638
0.60331082
0.60672498
0.61027132
0.61396969
0.61784971
0.62195152
0.62632489
0.63103214
0.6361487
0.64176386
0.64798434
0.65493691
0.66277013
0.67165405
0.68177544
0.6933253
0.70647755
0.72136234
0.73803931
0.75639898
0.77624397
0.79724419
0.81893917
0.84077369
0.86214977
0.88248779
0.90128669
0.91817219
0.93292494
0.94548371
0.95592463
0.96442474
0.97122087
0.97657231
0.98073194
0.98392599
0.98634039
0.98811019
0.98923241
0.98956491
0.98942547
0.98879204
0.98721137
0.98426185
0.97941204
0.97198693
0.96116847
0.94605396
0.92576024
0.89957292
0.8671103
0.82845665
0.78421695
0.73546753
0.68361085
0.63018466
0.57668095
0.52440944
0.47441536
0.42746197
0.3840524
0.34444505
0.30869827
0.27671462
0.24827397
0.22309676
0.20088848
0.18135454
0.1642128
0.14920574
0.13609991
0.12467918
0.11474347
0.10611506
0.098641893
0.092193206
0.086656086
0.081930333
0.077924206
0.074554143
0.071742216
0.069415098
0.067505025
0.065950362
0.064695565
0.06369128
0.062894673
0.062269109
0.061783303
0.061410511
0.061127773
0.060915615
0.060758089
0.060642372
0.060558314
0.060497941
0.060455077
0.060424999
0.060404151
0.060389875
0.060380222
0.060373775
0.060369534
0.060366775
0.060365008
0.060363891
0.060363198
0.060362771
0.060362516
0.060362366
0.060362278
0.060362231
0.060362201
0.060362185
0.060362182
0.060362177
0.060362175
0.060362175
0.060362177
0.060362176
0.060362176
0.060362174
0.060362177
0.060362175
0.060362174
0.060362173
0.060362174
0.060362172
0.060362174
0.060362173
0.060362172
0.060362173
0.060362175
0.060362175
0.060362175
0.060362174
0.060362173
0.060362174
0.060362172
0.060362173
0.060362171
0.060362175
0.060362172
0.060362172
0.060362172
0.060362171
0.060362174
0.060362172
0.060362174
0.060362174
0.060362174
0.060362173
0.060362176
0.060362173
0.060362174
0.060362173
0.060362172
0.060362174
0.060362173
0.060362173
0.060362172
0.060362173
0.060362172
0.060362172
0.06036217
0.060362172
0.060362173
0.060362173
0.060362174
0.060362173
0.060362175
0.060362174
0.060362174
0.060362175
0.060362174
0.060362173
0.060362172
0.060362172
0.060362172
0.060362171
0.060362174
0.060362172
0.060362173
0.060362172
0.060362172
0.060362173
0.060362174
0.060362172
0.060362172
0.060362172
0.060362175
0.060362172
0.060362173
0.060362172
0.060362172
0.060362173
0.060362174
0.060362173
0.060362174
0.060362175
0.060362175
0.060362172
0.060362173
0.060362175
0.060362173
0.060362174
0.060362174
0.060362175
0.060362174
0.060362174
0.060362172
0.060362172
0.060362174
0.060362174
0.060362173
0.060362175
0.060362175
0.060362173
0.060362174
0.060362175
0.060362175
0.060362175
0.060362173
0.060362174
0.060362173
0.060362173
0.060362173
0.060362174
0.060362173
0.060362173
0.060362173
0.060362173
0.060362173
0.060362171
0.060362171
0.060362171
0.060362174
0.060362172
0.060362172
0.060362173
0.060362172
0.060362172
0.060362172
0.060362171
0.06036217
0.060362171
0.060362172
0.060362172
0.060362174
0.060362172
0.060362176
0.060362174
0.060362171
0.060362176
0.060362174
0.060362174
0.060362173
0.060362172
0.060362174
0.060362173
0.060362174
0.060362177
0.060362175
0.060362175
0.060362174
0.060362175
0.060362174
0.060362173
0.060362173
0.060362172
0.060362172
0.060362174
0.060362173
0.060362173
0.060362174
0.060362171
0.060362171
0.060362173
0.060362172
0.060362173
0.060362173
0.060362172
0.060362172
0.060362173
0.06036217
0.060362171
0.060362173
0.06036217
0.060362171
0.060362172
0.060362171
0.060362174
0.060362174
0.060362174
0.060362173
0.060362173
0.060362174
0.060362174
0.060362174
0.060362172
0.060362173
0.060362175
0.060362173
0.060362174
0.060362174
0.060362174
0.060362172
0.060362172
0.060362172
0.060362175
0.060362175
0.060362175
0.060362172
0.060362173
0.060362175
0.060362171
0.060362173
0.060362172
0.060362172
0.060362173
0.060362174
0.060362175
0.060362172
0.060362171
0.060362171
0.06036217
0.060362174
0.060362172
0.060362174
0.060362174
0.060362173
0.060362176
0.060362173
0.060362171
0.060362172
0.060362173
0.060362171
0.060362171
0.060362173
0.060362172
0.060362173
0.060362173
0.060362171
0.060362173
0.060362172
0.060362174
0.060362174
0.060362175
0.060362175
0.060362174
0.060362173
0.060362174
0.060362173
0.060362173
0.060362175
0.060362174
0.060362172
0.060362173
0.060362176
0.060362174
0.060362175
0.060362175
0.060362176
0.060362175
0.060362174
0.060362174
0.060362177
0.060362174
0.060362174
0.060362174
0.060362175
0.060362175
0.060362174
0.060362174
1
1
1
1
1
1
1
1
1
1
1
0.99999999
0.99999999
0.99999998
0.99999996
0.99999993
0.99999988
0.9999998
0.99999968
0.99999951
0.99999926
0.99999891
0.99999843
0.99999778
0.99999692
0.99999579
0.99999432
0.99999246
0.99999011
0.99998719
0.99998359
0.9999792
0.99997389
0.99996753
0.99995997
0.99995105
0.99994061
0.99992847
0.99991443
0.9998983
0.99987986
0.99985892
0.99983523
0.99980858
0.99977873
0.99974543
0.99970844
0.99966753
0.99962242
0.99957289
0.99951868
0.99945955
0.99939526
0.99932552
0.99925013
0.99916881
0.99908141
0.9989877
0.99888744
0.99878049
0.99866655
0.99854553
0.99841714
0.99828111
0.99813724
0.99798524
0.99782524
0.99765724
0.99748096
0.99729647
0.99710343
0.99690185
0.99669154
0.99647229
0.99624382
0.99600638
0.99576024
0.99550555
0.99524176
0.99496898
0.99468801
0.99439928
0.99410265
0.99379732
0.99348287
0.99315942
0.99282765
0.99248725
0.9921383
0.99178186
0.99141779
0.99104537
0.99066466
0.99027635
0.98988089
0.98947903
0.9890717
0.98865846
0.98823868
0.98781129
0.9873758
0.98693175
0.98647889
0.98601844
0.98555279
0.98508181
0.9846039
0.98411926
0.98362956
0.98313465
0.98263488
0.98213172
0.98162644
0.98111779
0.98060328
0.98008135
0.97955258
0.97901608
0.97847154
0.97791945
0.97735804
0.97679018
0.97621958
0.97564668
0.97507279
0.97449865
0.97392558
0.97335403
0.97277936
0.97220243
0.97162354
0.97104174
0.97045945
0.96987517
0.9692895
0.96870242
0.96811198
0.96752091
0.96692838
0.96633154
0.96573136
0.96513224
0.9645298
0.96392446
0.96331863
0.96270742
0.96208982
0.96146914
0.96084833
0.96022845
0.95960748
0.95898163
0.9583512
0.9577159
0.95707973
0.95644382
0.95580087
0.95515695
0.95451996
0.95388703
0.95325822
0.95263403
0.95201349
0.95139417
0.95077186
0.95015047
0.94953181
0.9489148
0.94830124
0.94769484
0.94708804
0.94647702
0.94587327
0.9452785
0.9446903
0.94411121
0.94353335
0.94295545
0.9423747
0.94178857
0.9411959
0.94059563
0.93999302
0.93939843
0.93881826
0.93824848
0.93769027
0.93715081
0.93662529
0.93611458
0.93562113
0.9351428
0.93467364
0.93421214
0.93376634
0.93334006
0.93293265
0.93254526
0.93217953
0.93183451
0.93151024
0.93120779
0.93092946
0.93067797
0.93045438
0.93026066
0.93009771
0.9299627
0.92985258
0.92976428
0.92969461
0.92964057
0.92960035
0.9295719
0.92954906
0.92954825
0.92955498
0.92957249
0.92960257
0.92964553
0.92970103
0.92976796
0.92984425
0.92992688
0.93001197
0.93009499
0.93017129
0.93023697
0.93028401
0.93029638
0.93028799
0.9302568
0.93018915
0.93008202
0.92993429
0.92974378
0.92950784
0.92922403
0.92888989
0.92850191
0.92805524
0.92754479
0.92696513
0.92631142
0.92558001
0.92477089
0.92388163
0.92290448
0.92182797
0.9206417
0.91933313
0.91788561
0.91628507
0.91451891
0.91257138
0.91042809
0.90807361
0.90549027
0.90265867
0.89955725
0.89616323
0.89245305
0.88840314
0.88399061
0.87919398
0.87399396
0.86837448
0.86232342
0.85583307
0.84890086
0.84152994
0.83372955
0.8255149
0.81690636
0.80793003
0.79861766
0.78900537
0.77913104
0.76903595
0.75876864
0.74837731
0.73790388
0.7273876
0.7168678
0.70638451
0.69597608
0.68568122
0.6755384
0.66558358
0.65584806
0.64635916
0.63713966
0.62820739
0.61957882
0.61126975
0.60329336
0.59565793
0.58836717
0.58142227
0.57482317
0.56856635
0.56265163
0.55708752
0.55187171
0.54699638
0.54245761
0.53824835
0.53435955
0.53078239
0.52750778
0.52452644
0.5218293
0.51940734
0.51725102
0.51535089
0.5136969
0.51227641
0.51108163
0.51011255
0.50935986
0.50878289
0.50838923
0.50831581
0.50838046
0.50857931
0.50896251
0.50953069
0.51027941
0.51120741
0.51231584
0.51360753
0.51508525
0.51675279
0.51861426
0.52067226
0.52292972
0.5253882
0.52804694
0.53090397
0.53395711
0.5372053
0.54064923
0.54429065
0.54813165
0.55217508
0.55642655
0.56089608
0.56559902
0.5705575
0.57580156
0.58137038
0.58731355
0.59368855
0.60056165
0.60800983
0.61612072
0.62499516
0.63474935
0.64551663
0.65744712
0.67070023
0.68542798
0.70175641
0.71977008
0.73934136
0.76030843
0.78241653
0.80525375
0.82829569
0.85094907
0.872611
0.89273427
0.91088655
0.92679175
0.94034572
0.95160394
0.96074593
0.96802875
0.97374178
0.97817034
0.98156902
0.98415249
0.98609315
0.987464
0.98817028
0.98822114
0.9879293
0.98696679
0.98494871
0.98144533
0.97591403
0.96767382
0.95592493
0.93981359
0.91853801
0.89148727
0.8583837
0.81939015
0.77514422
0.72670139
0.67539982
0.62268997
0.56997332
0.51848151
0.46920297
0.42285548
0.37990418
0.34061031
0.30506125
0.27319978
0.24486073
0.21979654
0.19771327
0.17831326
0.16131334
0.1464526
0.13349427
0.12222125
0.11243893
0.10397629
0.096681767
0.090420312
0.08507505
0.080543557
0.076729987
0.07354411
0.070902155
0.068726885
0.066948682
0.065506077
0.06434517
0.063418747
0.062685837
0.062111417
0.061665779
0.061323807
0.061064388
0.060869796
0.060725386
0.060619364
0.060542356
0.060487029
0.060447729
0.060420131
0.060400973
0.060387835
0.060378933
0.06037298
0.060369047
0.060366486
0.060364837
0.060363792
0.060363144
0.060362747
0.060362504
0.060362361
0.060362279
0.060362228
0.060362202
0.060362188
0.060362182
0.060362179
0.060362177
0.060362177
0.060362174
0.060362175
0.060362174
0.060362174
0.060362174
0.060362175
0.060362173
0.060362174
0.060362174
0.060362176
0.060362174
0.060362174
0.060362175
0.060362175
0.060362171
0.060362173
0.060362171
0.060362174
0.060362173
0.060362174
0.060362173
0.060362174
0.060362174
0.060362176
0.060362175
0.060362174
0.060362175
0.060362174
0.060362174
0.060362172
0.060362172
0.060362172
0.060362174
0.060362172
0.060362172
0.060362173
0.060362173
0.060362172
0.060362172
0.060362173
0.060362175
0.060362175
0.060362173
0.060362176
0.060362174
0.060362175
0.060362176
0.060362175
0.060362172
0.060362174
0.060362175
0.060362173
0.060362173
0.060362173
0.060362173
0.060362174
0.060362175
0.060362175
0.060362175
0.060362175
0.060362172
0.060362175
0.060362174
0.060362173
0.060362174
0.060362173
0.060362173
0.060362173
0.060362173
0.060362172
0.060362175
0.060362173
0.060362172
0.060362174
0.060362173
0.060362173
0.060362175
0.060362174
0.060362175
0.060362173
0.060362176
0.060362172
0.060362174
0.060362172
0.060362174
0.060362172
0.060362173
0.060362174
0.060362174
0.060362172
0.060362175
0.060362175
0.060362173
0.060362173
0.060362172
0.060362173
0.060362172
0.060362172
0.060362173
0.060362174
0.060362174
0.060362174
0.060362174
0.060362173
0.060362174
0.060362173
0.060362174
0.060362171
0.060362172
0.060362172
0.060362173
0.060362171
0.060362174
0.060362173
0.060362171
0.060362172
0.060362175
0.060362174
0.060362173
0.060362174
0.060362173
0.060362174
0.060362176
0.060362173
0.060362173
0.060362173
0.060362175
0.060362177
0.060362175
0.060362174
0.060362176
0.060362175
0.060362173
0.060362173
0.060362173
0.060362173
0.060362171
0.060362172
0.060362174
0.060362174
0.060362172
0.060362172
0.060362172
0.060362172
0.060362173
0.060362172
0.060362172
0.060362173
0.060362174
0.060362173
0.060362172
0.060362173
0.060362173
0.060362172
0.060362172
0.060362172
0.060362173
0.060362174
0.060362175
0.060362172
0.060362171
0.060362171
0.060362173
0.060362174
0.060362172
0.060362173
0.060362172
0.060362174
0.060362174
0.060362175
0.060362172
0.060362173
0.060362174
0.060362172
0.060362171
0.060362172
0.060362175
0.060362173
0.060362175
0.060362173
0.060362174
0.060362174
0.060362173
0.060362173
0.060362174
0.060362174
0.060362174
0.060362176
0.060362177
0.060362175
0.060362174
0.060362172
0.060362171
0.060362173
0.060362174
0.060362175
0.060362173
0.060362174
0.060362173
0.060362173
0.060362174
0.060362173
0.060362172
0.060362172
0.060362174
0.060362174
0.060362174
0.060362174
0.060362173
0.060362173
0.060362172
0.060362175
0.060362173
0.060362172
0.060362174
0.060362172
0.060362171
0.060362173
0.060362172
0.060362174
0.060362172
0.060362173
0.060362174
0.060362173
0.060362173
0.060362173
0.060362174
0.060362174
0.060362173
0.060362173
0.060362172
0.060362172
0.060362172
0.060362173
0.060362172
0.060362172
0.060362171
0.060362173
0.060362173
0.060362173
0.060362171
0.060362172
0.060362173
0.060362172
0.060362172
0.060362174
0.060362171
0.060362173
0.060362172
0.060362173
0.06036217
0.060362172
0.06036217
0.060362173
0.060362173
0.060362174
1
1
1
1
1
1
1
1
0.99999999
0.99999998
0.99999997
0.99999993
0.99999987
0.99999977
0.9999996
0.99999933
0.99999892
0.99999832
0.99999746
0.99999625
0.99999459
0.99999235
0.99998939
0.99998553
0.99998059
0.99997435
0.99996657
0.99995698
0.99994529
0.99993119
0.99991435
0.99989442
0.999871
0.99984372
0.99981216
0.9997759
0.99973451
0.99968753
0.99963451
0.99957498
0.9995085
0.99943459
0.99935278
0.99926263
0.99916369
0.9990555
0.99893762
0.99880966
0.99867117
0.9985218
0.99836116
0.99818892
0.99800482
0.99780833
0.99759922
0.99737724
0.99714223
0.99689411
0.99663247
0.99635731
0.99606835
0.9957656
0.99544885
0.99511754
0.99477192
0.99441178
0.99403702
0.9936479
0.99324404
0.99282665
0.99239521
0.99194984
0.99149066
0.99101763
0.99053082
0.99003026
0.98951667
0.98899019
0.98845018
0.98789803
0.98733478
0.98676166
0.98617845
0.98558319
0.98497517
0.98435569
0.98372469
0.98308254
0.98243008
0.98176865
0.98109974
0.98042118
0.9797328
0.97903715
0.97833335
0.9776237
0.9769089
0.9761854
0.97545327
0.97471413
0.97396753
0.97321108
0.97244729
0.97167866
0.970906
0.97013024
0.96934949
0.96856265
0.96777215
0.96697786
0.96617905
0.96537928
0.96458002
0.96377906
0.96297311
0.96216339
0.9613474
0.96051824
0.95968109
0.95883915
0.95798868
0.95713697
0.95628577
0.95543351
0.95458479
0.95373964
0.9528985
0.95206273
0.95122574
0.95038922
0.94955778
0.94872991
0.94789917
0.94707145
0.94625195
0.94543027
0.94460575
0.94378558
0.94296383
0.94213792
0.94131258
0.94048936
0.93966748
0.93884842
0.93802999
0.93720407
0.93637296
0.93554091
0.93470975
0.93388196
0.93305252
0.93221615
0.93137991
0.93054491
0.92970886
0.92887432
0.92804119
0.92721104
0.92639293
0.92558359
0.92478027
0.92398593
0.92319704
0.92241084
0.92163058
0.92085424
0.92007703
0.91930577
0.91854146
0.91778339
0.91703605
0.91628862
0.91554819
0.91482908
0.91411545
0.91341327
0.91271934
0.91202127
0.91132163
0.91062041
0.90990732
0.90919259
0.90848896
0.90779925
0.90712316
0.90647082
0.9058456
0.90523861
0.90465286
0.90410288
0.90357388
0.90306364
0.90257569
0.90210651
0.90165639
0.90123102
0.90083672
0.90047368
0.90014344
0.89984495
0.89957756
0.89934403
0.89915061
0.89900157
0.89888831
0.89882588
0.89883129
0.89886223
0.89893138
0.89903632
0.89917215
0.89933331
0.89951527
0.89971466
0.8999292
0.90015902
0.9004039
0.90066382
0.90093858
0.90122743
0.90152873
0.90183975
0.90215658
0.90247425
0.90278684
0.90308788
0.90337059
0.90362812
0.90385302
0.90403981
0.9041884
0.90428711
0.90430649
0.90428467
0.90421371
0.904077
0.90387115
0.90359295
0.90323869
0.90280369
0.90228207
0.90166641
0.90094737
0.90011677
0.89916938
0.89810109
0.8969044
0.89556989
0.89408459
0.89243121
0.89058881
0.88853571
0.886251
0.88371158
0.88089361
0.8777738
0.87432687
0.87052614
0.86634367
0.86175048
0.85671799
0.85121884
0.84522844
0.83872601
0.8316956
0.82412729
0.8160187
0.80737577
0.79821203
0.78854924
0.77841808
0.76785881
0.75691834
0.74564631
0.73409836
0.72233649
0.71042612
0.69842948
0.68640322
0.67440579
0.66249863
0.65074264
0.63918693
0.62787139
0.61683501
0.60611265
0.59573919
0.5857488
0.57617125
0.56702663
0.558328
0.55008295
0.54229513
0.53496983
0.5281129
0.52172501
0.51579573
0.51030683
0.50523973
0.50057969
0.49632077
0.49245438
0.48896797
0.48584978
0.48308773
0.48065415
0.47851384
0.47664338
0.47502463
0.47363947
0.47246894
0.47149429
0.47069716
0.47005939
0.46956516
0.46919809
0.46892764
0.46875404
0.46872971
0.46876141
0.46885
0.4690088
0.4692459
0.46956119
0.46995347
0.47042396
0.47098073
0.47163999
0.47241736
0.47332503
0.47437565
0.47558217
0.47695813
0.47851826
0.48027738
0.48225023
0.48445146
0.48689252
0.48958343
0.49253432
0.49575673
0.49926406
0.50307039
0.50718969
0.51163702
0.51643106
0.52159565
0.52716069
0.53316294
0.53964677
0.54666384
0.55427325
0.5625399
0.57153413
0.5813329
0.5920187
0.6036809
0.61642076
0.63035399
0.64560476
0.66229153
0.68053282
0.70039079
0.72162436
0.74412859
0.7677073
0.7919755
0.81642688
0.84047147
0.86349058
0.88490403
0.90423728
0.92117382
0.93558127
0.94750587
0.95713865
0.96476414
0.97070735
0.97528767
0.97879139
0.9814722
0.98351426
0.9850194
0.98598525
0.98628465
0.98616551
0.98561382
0.98423715
0.9816785
0.97749634
0.97113428
0.96191423
0.94907092
0.93182012
0.90946245
0.88150819
0.84779436
0.80856663
0.76449417
0.7166066
0.66616903
0.61453067
0.56298327
0.51265667
0.46445926
0.41905826
0.37688715
0.33817753
0.30301036
0.27136146
0.24312156
0.21810548
0.19605457
0.17667732
0.15969748
0.14486044
0.13193143
0.12070018
0.11097911
0.10259849
0.09540623
0.08926704
0.084058396
0.079667976
0.075992067
0.07293441
0.070406779
0.068329864
0.066634033
0.065259036
0.064152848
0.063270467
0.062572897
0.062026576
0.061602986
0.06127807
0.061031543
0.060846506
0.060709091
0.060608109
0.060534688
0.060481887
0.060444335
0.060417923
0.060399561
0.060386951
0.060378394
0.060372656
0.06036886
0.06036638
0.060364784
0.06036377
0.060363133
0.060362739
0.060362501
0.060362358
0.060362275
0.06036223
0.060362202
0.060362188
0.06036218
0.060362177
0.060362177
0.060362176
0.060362179
0.060362175
0.060362178
0.060362177
0.060362174
0.060362175
0.060362174
0.060362174
0.060362175
0.060362172
0.060362171
0.060362172
0.060362174
0.060362173
0.060362173
0.060362172
0.060362174
0.060362173
0.060362173
0.060362172
0.060362171
0.060362173
0.060362173
0.060362173
0.060362173
0.060362172
0.060362173
0.060362173
0.060362171
0.060362173
0.060362176
0.060362172
0.060362172
0.060362172
0.060362173
0.060362173
0.060362174
0.060362174
0.060362176
0.06036217
0.060362172
0.060362173
0.060362173
0.060362174
0.060362172
0.060362173
0.06036217
0.060362175
0.060362175
0.060362174
0.060362174
0.060362175
0.060362176
0.060362174
0.060362174
0.060362172
0.060362172
0.060362172
0.060362171
0.060362174
0.060362173
0.060362173
0.060362174
0.060362174
0.060362173
0.060362173
0.060362173
0.060362174
0.060362175
0.060362175
0.060362173
0.060362172
0.060362173
0.060362172
0.060362172
0.060362172
0.06036217
0.060362171
0.060362171
0.060362173
0.060362172
0.060362173
0.060362173
0.060362173
0.060362172
0.060362172
0.060362174
0.060362173
0.060362172
0.060362174
0.060362173
0.06036217
0.060362172
0.060362172
0.060362174
0.060362173
0.060362174
0.060362172
0.060362172
0.060362172
0.060362172
0.060362172
0.060362172
0.060362171
0.060362172
0.060362171
0.060362171
0.060362172
0.060362172
0.060362172
0.060362174
0.060362171
0.060362174
0.060362172
0.060362175
0.060362173
0.060362172
0.060362173
0.060362173
0.060362174
0.060362175
0.060362174
0.060362175
0.060362172
0.060362176
0.060362174
0.060362173
0.060362173
0.060362175
0.060362171
0.060362171
0.060362171
0.060362173
0.060362173
0.060362174
0.060362175
0.060362173
0.060362174
0.060362174
0.060362174
0.060362174
0.060362171
0.060362173
0.060362171
0.060362171
0.060362171
0.060362173
0.060362173
0.060362171
0.060362174
0.060362172
0.060362173
0.060362173
0.060362172
0.060362173
0.060362175
0.060362173
0.060362171
0.060362171
0.060362172
0.060362173
0.060362175
0.060362172
0.060362172
0.060362173
0.060362173
0.060362173
0.060362172
0.060362171
0.060362173
0.060362175
0.060362173
0.060362172
0.060362172
0.060362174
0.060362173
0.060362171
0.06036217
0.060362172
0.060362173
0.060362172
0.060362173
0.060362174
0.060362172
0.060362172
0.060362172
0.060362172
0.060362171
0.060362172
0.060362175
0.060362175
0.060362175
0.060362175
0.060362173
0.060362174
0.060362173
0.060362172
0.060362174
0.060362173
0.060362176
0.060362175
0.060362174
0.060362173
0.060362173
0.060362173
0.060362174
0.060362173
0.060362174
0.060362172
0.060362171
0.060362173
0.060362171
0.060362171
0.060362173
0.060362172
0.060362174
0.060362173
0.060362173
0.060362171
0.060362171
0.060362173
0.060362173
0.06036217
0.060362173
0.060362172
0.060362172
0.060362174
0.060362172
0.060362172
0.06036217
0.060362174
0.060362175
0.060362173
0.060362174
0.060362174
0.060362174
0.060362173
0.060362173
0.060362173
0.060362174
0.060362175
0.060362174
0.060362174
0.060362173
0.060362173
0.060362172
0.060362172
0.060362173
0.060362172
0.060362173
0.060362175
0.060362174
0.060362174
0.060362173
0.060362174
0.060362175
1
1
1
1
1
0.99999999
0.99999998
0.99999996
0.99999991
0.9999998
0.99999961
0.99999927
0.9999987
0.99999779
0.99999639
0.99999431
0.99999131
0.99998711
0.99998134
0.99997362
0.99996349
0.99995041
0.99993382
0.99991309
0.99988753
0.99985642
0.99981899
0.99977444
0.99972192
0.99966059
0.99958957
0.99950797
0.99941489
0.99930946
0.99919077
0.99905796
0.99891018
0.99874658
0.99856628
0.99836854
0.99815266
0.99791784
0.99766347
0.99738898
0.9970938
0.99677737
0.99643917
0.99607894
0.9956962
0.99529068
0.99486215
0.99441056
0.99393586
0.99343747
0.99291545
0.9923702
0.99180169
0.99121037
0.99059572
0.98995819
0.98929838
0.988616
0.98791143
0.98718539
0.98643846
0.98566984
0.98487953
0.98406859
0.98323698
0.98238632
0.98151672
0.98062952
0.9797252
0.97880467
0.97787012
0.97691967
0.9759529
0.97497101
0.97397445
0.97296547
0.97194485
0.97091509
0.96987539
0.96882322
0.96775948
0.96668663
0.96560235
0.96450789
0.96340736
0.96229984
0.96118597
0.96006752
0.9589435
0.95781195
0.95667637
0.95554114
0.95440154
0.95325614
0.95210581
0.95094935
0.94978645
0.94861917
0.94745215
0.94628492
0.94511873
0.9439569
0.94279697
0.94163742
0.94047993
0.93932204
0.93816103
0.93700362
0.93585157
0.93470403
0.93355919
0.93241107
0.93125543
0.93009354
0.92892756
0.92775523
0.92658575
0.92542429
0.92426555
0.92311074
0.9219624
0.92082726
0.91970808
0.9185951
0.9174838
0.91638211
0.91529113
0.91420526
0.91312612
0.91205971
0.9110009
0.9099453
0.90889967
0.90785471
0.9068051
0.90576288
0.90472884
0.90368943
0.90265972
0.90164779
0.90062789
0.89959669
0.89856842
0.89754437
0.89651314
0.89548915
0.89447514
0.89345526
0.89243419
0.89142458
0.89042029
0.88941283
0.88842199
0.88745133
0.88648235
0.88552686
0.88459256
0.88366148
0.88273731
0.88182784
0.88092846
0.88002821
0.87912979
0.87824482
0.87736734
0.876498
0.87564334
0.87480087
0.87397367
0.87316546
0.87236753
0.87158578
0.87080543
0.87002566
0.86925371
0.86847832
0.86769949
0.86693077
0.86617104
0.86543449
0.86472404
0.86405024
0.86340463
0.86279159
0.86222062
0.86167989
0.86116928
0.86070525
0.86026791
0.85985113
0.85946551
0.85911737
0.8588108
0.8585509
0.85833866
0.85817203
0.85803789
0.8579604
0.85796744
0.85801185
0.85811761
0.8582924
0.8585389
0.85885223
0.85922542
0.8596503
0.86011841
0.86062179
0.86115379
0.86170935
0.86228523
0.86287951
0.8634912
0.86411938
0.86476265
0.86541857
0.86608337
0.86675184
0.86741747
0.86807273
0.86870937
0.86931886
0.86989261
0.87042233
0.87090023
0.87131957
0.87167439
0.8719611
0.87218034
0.87229753
0.87229546
0.87224029
0.87209462
0.87184568
0.87148559
0.87100759
0.87040351
0.86966306
0.86877384
0.86772349
0.86650093
0.86509506
0.86349331
0.86168095
0.85963822
0.85734007
0.85475759
0.85186026
0.84861596
0.84499101
0.84095155
0.83646378
0.83149362
0.82600767
0.81997397
0.81336306
0.80614964
0.79831421
0.7898456
0.78074134
0.77100868
0.76066572
0.74974365
0.73828552
0.72634176
0.7139721
0.70124674
0.68824653
0.6750543
0.6617459
0.6484015
0.63510825
0.62195363
0.60901262
0.59634044
0.58398968
0.57202064
0.56049348
0.54945117
0.53892559
0.52894476
0.51952942
0.51069714
0.50246527
0.49484502
0.48782771
0.48139878
0.47554873
0.47026869
0.46555414
0.46141942
0.45783028
0.45471848
0.45204276
0.44977446
0.44788849
0.44639198
0.44527247
0.4444777
0.44395436
0.44376378
0.4437929
0.44391794
0.44419125
0.44459667
0.44510632
0.44568899
0.44631561
0.44695947
0.4475962
0.44820286
0.44875649
0.44924159
0.44965863
0.45000705
0.4502723
0.45043383
0.45046466
0.45044422
0.45038575
0.45028707
0.45017001
0.45004872
0.44996573
0.44997005
0.45001871
0.45015699
0.45041523
0.45082094
0.45139901
0.45218037
0.45320028
0.45448694
0.45605592
0.45792835
0.46013213
0.46269714
0.46565285
0.46902936
0.47285792
0.47717225
0.48201031
0.48741563
0.49343814
0.50013388
0.50756488
0.51579796
0.5249035
0.53495399
0.54602159
0.55817711
0.5714938
0.58605359
0.60194679
0.61926211
0.63810021
0.65858826
0.68054594
0.70368137
0.72801959
0.75335155
0.77928596
0.80531437
0.83083967
0.8552259
0.87786608
0.89825545
0.91605325
0.93111686
0.94350057
0.9534211
0.96120171
0.96720732
0.97179577
0.97530744
0.97801457
0.98009187
0.98166227
0.98277582
0.98333436
0.98335116
0.98305994
0.98213912
0.9802584
0.97704763
0.97205084
0.96470451
0.95434884
0.94027075
0.92177644
0.89828703
0.8694427
0.83519871
0.79588305
0.75219106
0.70511807
0.65584509
0.60560794
0.55557684
0.50676976
0.4600014
0.41587165
0.37477748
0.33693406
0.30241516
0.27119387
0.24316081
0.21816594
0.19603828
0.17655929
0.15947137
0.14452811
0.13151101
0.12022119
0.11047823
0.10211839
0.09498753
0.088933463
0.083811334
0.079494027
0.075871819
0.072849096
0.07034258
0.068279117
0.066593601
0.065227612
0.064129386
0.063253766
0.062561678
0.062019582
0.06159901
0.061276023
0.061030639
0.060846277
0.060709264
0.060608496
0.060535174
0.06048239
0.060444798
0.060418322
0.060399896
0.060387212
0.06037859
0.060372803
0.060368964
0.060366454
0.060364831
0.060363799
0.060363151
0.060362752
0.060362508
0.060362365
0.060362282
0.06036223
0.060362205
0.060362189
0.060362181
0.060362177
0.060362176
0.060362174
0.060362173
0.060362172
0.060362173
0.060362172
0.060362173
0.060362173
0.060362173
0.060362171
0.06036217
0.060362173
0.060362174
0.060362173
0.060362173
0.060362174
0.060362175
0.060362174
0.060362173
0.060362174
0.060362172
0.060362173
0.060362174
0.060362172
0.060362171
0.060362172
0.060362172
0.060362173
0.060362173
0.060362173
0.060362175
0.060362173
0.060362172
0.060362174
0.060362172
0.060362172
0.060362172
0.060362174
0.060362174
0.060362174
0.060362172
0.060362174
0.060362176
0.060362173
0.060362173
0.060362173
0.060362173
0.060362175
0.060362175
0.060362174
0.060362174
0.060362174
0.060362174
0.060362174
0.060362171
0.060362174
0.060362174
0.060362175
0.060362173
0.060362174
0.060362173
0.060362171
0.060362174
0.060362171
0.060362171
0.060362171
0.060362173
0.060362173
0.060362173
0.060362173
0.060362175
0.060362175
0.060362175
0.060362176
0.060362176
0.060362174
0.060362176
0.060362177
0.060362176
0.060362176
0.060362176
0.060362173
0.060362175
0.060362173
0.06036217
0.060362172
0.060362173
0.060362173
0.060362174
0.060362175
0.060362173
0.060362174
0.060362173
0.060362174
0.060362173
0.060362172
0.060362173
0.060362174
0.060362174
0.060362174
0.060362174
0.060362173
0.060362174
0.060362174
0.060362172
0.060362172
0.060362173
0.060362176
0.060362173
0.060362174
0.060362174
0.060362173
0.060362172
0.060362175
0.060362172
0.060362173
0.060362174
0.060362173
0.060362175
0.060362174
0.060362174
0.060362173
0.060362172
0.060362172
0.06036217
0.060362173
0.060362175
0.060362175
0.060362174
0.060362172
0.060362172
0.060362174
0.060362174
0.060362174
0.060362174
0.060362174
0.060362172
0.060362172
0.060362172
0.060362172
0.06036217
0.060362172
0.060362173
0.060362173
0.060362169
0.060362172
0.060362173
0.060362174
0.060362173
0.060362172
0.060362173
0.060362173
0.060362173
0.060362172
0.060362173
0.060362172
0.060362173
0.060362171
0.060362172
0.060362173
0.060362173
0.060362175
0.060362174
0.060362173
0.060362174
0.060362172
0.060362174
0.060362173
0.060362175
0.060362174
0.060362173
0.060362172
0.060362174
0.060362174
0.060362176
0.060362174
0.060362174
0.060362174
0.060362174
0.060362174
0.060362174
0.060362174
0.060362172
0.060362173
0.060362173
0.060362172
0.060362175
0.060362174
0.060362174
0.060362172
0.060362174
0.060362171
0.06036217
0.060362172
0.060362172
0.060362174
0.060362172
0.060362174
0.060362175
0.060362173
0.060362172
0.060362172
0.060362173
0.060362174
0.060362173
0.060362174
0.060362172
0.060362172
0.060362172
0.060362173
0.060362171
0.060362172
0.060362174
0.060362174
0.060362174
0.060362172
0.060362173
0.060362173
0.060362171
0.060362174
0.060362174
0.060362174
0.060362172
0.060362172
0.060362174
0.060362174
0.060362176
0.060362175
0.060362173
0.060362173
0.060362174
0.060362174
0.060362173
0.060362172
0.060362175
0.060362171
0.060362174
0.060362175
0.060362174
0.060362173
0.060362173
0.060362173
0.060362175
0.060362172
0.06036217
0.060362174
0.060362173
0.060362172
0.060362176
0.060362173
0.060362175
0.060362175
0.060362174
0.060362173
0.060362172
0.060362173
0.060362174
0.060362173
1
1
1
0.99999999
0.99999997
0.99999992
0.99999978
0.99999948
0.99999889
0.9999978
0.99999591
0.99999281
0.99998799
0.99998075
0.99997029
0.99995563
0.99993565
0.99990907
0.99987448
0.99983035
0.99977504
0.99970683
0.99962391
0.99952445
0.9994066
0.99926851
0.99910832
0.99892423
0.99871448
0.99847741
0.99821142
0.997915
0.99758674
0.99722531
0.99682952
0.99639826
0.99593065
0.99542577
0.99488251
0.99430056
0.99367973
0.99301905
0.99231872
0.99157907
0.99079953
0.98998027
0.98912178
0.98822434
0.98728852
0.98631462
0.98530389
0.98425693
0.98317413
0.98205733
0.98090689
0.97972413
0.9785094
0.9772634
0.97598727
0.97468233
0.97334956
0.97198938
0.97060386
0.96919634
0.96776796
0.96631682
0.9648436
0.96335116
0.96183927
0.96030722
0.95875703
0.95719467
0.95562021
0.95403409
0.95244096
0.95083965
0.94922681
0.94760412
0.94597513
0.94433947
0.94269814
0.94105545
0.93940978
0.93776005
0.93610677
0.93445161
0.93279654
0.93114146
0.92948702
0.92783415
0.92618401
0.92454141
0.92290131
0.92125863
0.91962477
0.91800045
0.91637913
0.91476527
0.9131547
0.91154025
0.90992819
0.90832757
0.90673388
0.90514746
0.90357706
0.90201997
0.90047314
0.89893932
0.8974139
0.89589263
0.89437939
0.89287575
0.89138055
0.88990494
0.8884449
0.88697943
0.88550918
0.88404771
0.88258882
0.88112551
0.87967833
0.87824707
0.87682428
0.87541483
0.87402044
0.87264709
0.87129531
0.8699535
0.86862738
0.86732216
0.86602383
0.86473514
0.86347431
0.86223013
0.86098725
0.85976598
0.85856104
0.85734983
0.85614607
0.85495563
0.85376465
0.85257977
0.85141297
0.850255
0.84909392
0.84793404
0.84677099
0.84560356
0.84444423
0.84330351
0.84216928
0.84103505
0.83991341
0.83880265
0.83769875
0.83661232
0.83554597
0.83448907
0.8334474
0.83243566
0.83143965
0.83045116
0.82948281
0.82852255
0.82756552
0.82662339
0.82568169
0.82474557
0.82383005
0.82292785
0.82203188
0.82116183
0.82030988
0.81947372
0.81866359
0.81786826
0.81707052
0.81629047
0.81551336
0.81473664
0.81397793
0.8132268
0.81248592
0.81179076
0.81112989
0.81050178
0.80991334
0.80938909
0.80891086
0.80846948
0.80807108
0.80771166
0.80739098
0.80711609
0.80688303
0.80670348
0.80656593
0.80650931
0.8065243
0.80657993
0.80669288
0.80687337
0.8071325
0.80747733
0.80791461
0.80844842
0.80907879
0.80980063
0.81060501
0.8114803
0.81241423
0.81339523
0.81441371
0.81546231
0.81653597
0.81763122
0.81874548
0.81987597
0.82101899
0.82216929
0.82331991
0.82446228
0.82558668
0.82668283
0.82774027
0.82874874
0.82969835
0.83057982
0.83138453
0.83210475
0.83273352
0.83326485
0.83369827
0.83403722
0.83421872
0.83421636
0.83413885
0.83393127
0.83357134
0.83304399
0.83233643
0.83143371
0.83031892
0.828974
0.82737989
0.82551611
0.82336084
0.82088931
0.81807171
0.8148735
0.81125602
0.8071778
0.80259619
0.79746878
0.79175426
0.78541437
0.77841448
0.77072575
0.76232675
0.75320453
0.74335649
0.73279228
0.72153749
0.70963015
0.69712079
0.68407405
0.67057146
0.65670555
0.64256691
0.62825176
0.61386645
0.59952612
0.58533774
0.57138458
0.55775073
0.54452985
0.53181123
0.51966191
0.50811632
0.49721081
0.48699332
0.47750052
0.46875359
0.46075352
0.45349826
0.44699294
0.44125895
0.436314
0.43209113
0.42850611
0.42552195
0.42314723
0.42137726
0.42014577
0.41958723
0.41959717
0.41981478
0.42037936
0.42129854
0.42252722
0.42393591
0.42542399
0.42699458
0.42865713
0.43041239
0.43223921
0.43410452
0.4359772
0.43782689
0.43962381
0.44133908
0.44294467
0.44441429
0.44572687
0.44686151
0.44778042
0.44847656
0.44900769
0.44939872
0.4494447
0.449252
0.4488466
0.44823459
0.4474436
0.44649775
0.44542803
0.44425777
0.44301181
0.44171888
0.440415
0.43916009
0.43799739
0.43696078
0.43606921
0.43533045
0.4349369
0.43495644
0.4351496
0.43568677
0.43665207
0.43809534
0.44005195
0.44256689
0.44569238
0.44948743
0.45401615
0.45934783
0.46555668
0.47272126
0.4809231
0.49024391
0.50076259
0.51255489
0.52569723
0.54026863
0.55634463
0.57399227
0.59332318
0.61446663
0.63719557
0.66112216
0.68625725
0.71260141
0.73985183
0.76758774
0.79527703
0.82229997
0.84799603
0.87173308
0.89298593
0.91140509
0.92685682
0.93942354
0.94936596
0.95705524
0.96290424
0.96734886
0.97076031
0.97338776
0.97541988
0.9769975
0.97819008
0.97895007
0.97914895
0.97900932
0.97842748
0.97705121
0.97455955
0.97056992
0.96461309
0.95612953
0.94449583
0.9290734
0.90927588
0.88465024
0.85497036
0.82030868
0.78106765
0.73795923
0.69193545
0.64408571
0.59552513
0.5472945
0.50029121
0.45523112
0.41263856
0.37286178
0.33609669
0.30240583
0.27175647
0.24407276
0.21924362
0.19712763
0.17756122
0.16035443
0.14529894
0.13219008
0.12083677
0.1110561
0.10266937
0.095507508
0.089416247
0.084254508
0.079894928
0.076228644
0.073162355
0.070613229
0.068508476
0.06678394
0.065382765
0.064254257
0.063353336
0.062640478
0.062081537
0.061647321
0.061313266
0.061058947
0.060867429
0.060724802
0.060619766
0.060543242
0.060488077
0.060448748
0.060421032
0.060401728
0.060388436
0.0603794
0.060373329
0.060369306
0.060366666
0.060364966
0.060363883
0.060363202
0.060362784
0.060362528
0.060362376
0.060362284
0.060362232
0.060362205
0.06036219
0.060362182
0.060362178
0.060362176
0.060362177
0.060362176
0.060362174
0.060362173
0.060362174
0.060362173
0.060362174
0.060362174
0.060362175
0.060362176
0.060362174
0.060362172
0.060362172
0.060362173
0.060362175
0.060362174
0.060362171
0.060362175
0.060362171
0.060362173
0.060362174
0.060362173
0.060362175
0.060362173
0.060362173
0.060362175
0.060362173
0.060362175
0.060362174
0.060362172
0.060362172
0.060362175
0.060362173
0.060362174
0.060362174
0.060362176
0.060362175
0.060362175
0.060362174
0.060362174
0.060362171
0.060362172
0.060362172
0.060362172
0.060362173
0.060362172
0.060362171
0.060362172
0.060362172
0.060362171
0.060362173
0.060362172
0.060362174
0.060362174
0.060362174
0.060362172
0.060362174
0.060362174
0.060362173
0.060362172
0.060362175
0.060362172
0.060362173
0.060362174
0.060362173
0.060362173
0.060362172
0.060362173
0.060362172
0.060362172
0.06036217
0.060362172
0.06036217
0.06036217
0.060362171
0.060362172
0.060362172
0.060362174
0.060362172
0.060362173
0.060362174
0.060362172
0.060362173
0.060362173
0.060362172
0.060362172
0.060362173
0.060362171
0.060362171
0.060362173
0.060362172
0.060362173
0.060362174
0.060362173
0.060362174
0.060362174
0.060362172
0.060362172
0.060362172
0.060362173
0.060362172
0.060362172
0.060362172
0.060362173
0.060362172
0.060362176
0.060362173
0.060362174
0.060362172
0.060362172
0.060362172
0.060362174
0.060362173
0.060362174
0.060362172
0.060362171
0.06036217
0.060362171
0.060362172
0.060362174
0.060362173
0.060362171
0.06036217
0.060362174
0.060362172
0.060362169
0.060362171
0.060362173
0.060362173
0.060362175
0.060362172
0.060362174
0.060362173
0.060362173
0.060362174
0.060362175
0.060362175
0.060362174
0.060362174
0.060362174
0.060362172
0.060362175
0.060362172
0.060362175
0.060362176
0.060362173
0.060362173
0.060362172
0.060362171
0.060362176
0.060362173
0.060362174
0.060362174
0.060362172
0.060362174
0.060362174
0.060362176
0.060362172
0.060362174
0.060362174
0.060362173
0.060362174
0.060362172
0.060362173
0.060362174
0.060362173
0.060362172
0.060362171
0.06036217
0.060362175
0.060362172
0.060362171
0.060362172
0.060362172
0.060362174
0.060362172
0.060362172
0.060362171
0.06036217
0.060362171
0.060362172
0.060362173
0.060362173
0.060362172
0.060362172
0.060362172
0.060362172
0.060362174
0.060362173
0.060362172
0.060362176
0.060362173
0.060362174
0.060362173
0.060362175
0.060362174
0.060362173
0.060362173
0.060362174
0.060362174
0.060362173
0.060362174
0.060362173
0.060362173
0.060362173
0.060362176
0.060362175
0.060362174
0.060362174
0.060362173
0.060362174
0.060362174
0.060362174
0.060362175
0.060362174
0.060362175
0.060362174
0.060362175
0.060362176
0.060362173
0.060362174
0.060362175
0.060362175
0.060362174
0.060362172
0.060362171
0.060362172
0.060362173
0.060362173
0.060362172
0.060362174
0.060362175
0.060362174
0.060362173
0.060362174
0.060362172
0.060362174
0.060362174
0.060362173
0.060362171
0.060362172
0.060362171
0.060362174
0.060362174
0.060362174
0.060362173
0.060362175
0.060362173
0.060362172
0.060362173
0.060362172
0.060362173
0.060362177
0.060362172
0.060362175
0.060362175
0.060362174
1
0.99999999
0.99999997
0.99999986
0.99999956
0.99999878
0.99999706
0.99999365
0.99998747
0.99997702
0.99996036
0.99993511
0.99989846
0.99984718
0.9997777
0.99968616
0.99956848
0.99942044
0.99923775
0.99901617
0.99875153
0.99843982
0.99807729
0.99766046
0.99718621
0.99665174
0.99605456
0.99539253
0.99466406
0.99386791
0.99300313
0.99206904
0.99106529
0.98999177
0.98884874
0.98763658
0.98635627
0.98500806
0.98359373
0.98211487
0.9805727
0.978969
0.97730607
0.97558613
0.97381042
0.97198208
0.97010431
0.96817822
0.9662077
0.96419483
0.96214303
0.96005428
0.95792973
0.95577626
0.95359542
0.95138869
0.94915577
0.94689741
0.94461799
0.94231985
0.94000269
0.93766985
0.9353261
0.93297354
0.93061647
0.92825438
0.92588656
0.9235145
0.92113701
0.9187552
0.91637182
0.91399329
0.911621
0.90925589
0.90690366
0.90456339
0.90223049
0.89990477
0.89758829
0.89528257
0.8929882
0.89070733
0.88844125
0.88618982
0.88395059
0.88172557
0.87951771
0.87732626
0.8751506
0.87299263
0.87085375
0.86873521
0.86663336
0.86454793
0.86248248
0.86043751
0.85841452
0.85641289
0.85442393
0.85244557
0.8504858
0.8485475
0.84662793
0.84473256
0.84286324
0.84101409
0.83918878
0.83738966
0.83560674
0.83383819
0.83208718
0.8303526
0.82863855
0.82695201
0.82528295
0.8236211
0.82196817
0.8203274
0.8186976
0.81708062
0.81548494
0.81390823
0.81234866
0.81081151
0.80930159
0.80781283
0.80634156
0.80489604
0.80348235
0.80208486
0.80070197
0.79934825
0.79801949
0.79670656
0.7954164
0.79415453
0.79289595
0.79164088
0.79040685
0.78917629
0.78793796
0.7867255
0.78553093
0.7843209
0.78312165
0.78194552
0.78075945
0.77956077
0.77839239
0.77724954
0.77610001
0.77496753
0.77386432
0.77276474
0.7716786
0.77062887
0.7695917
0.76855787
0.76756026
0.76658915
0.76562543
0.76469212
0.76378184
0.76286694
0.76195915
0.76106912
0.76017464
0.75928803
0.75840843
0.75754463
0.75671202
0.75589783
0.75509972
0.75433391
0.7535862
0.75285669
0.75214853
0.75144727
0.75074962
0.7500803
0.74942232
0.74877324
0.74815023
0.74756739
0.74702849
0.74654264
0.74611175
0.74573843
0.74542582
0.74519384
0.74499501
0.74481671
0.74468628
0.74463573
0.74464832
0.74471691
0.74485847
0.74507747
0.74537292
0.74574343
0.74619235
0.74672831
0.74736386
0.74811218
0.74898404
0.74998498
0.7511142
0.75236411
0.75372213
0.75517217
0.75669756
0.75828263
0.75991448
0.76158309
0.76328124
0.76500353
0.76674526
0.76850093
0.77026334
0.77202312
0.77376897
0.77548805
0.77716708
0.77879328
0.7803547
0.78184003
0.78323859
0.78454041
0.78573601
0.78681675
0.78777443
0.78860068
0.78929197
0.78985918
0.7902686
0.79038048
0.79033005
0.79014859
0.7897638
0.78914752
0.78827725
0.7871309
0.785684
0.78390946
0.78177755
0.779256
0.77631024
0.77290262
0.76899179
0.76453316
0.75947947
0.75378307
0.74739799
0.74028281
0.73240263
0.72373161
0.71425435
0.70396958
0.69289185
0.68104978
0.66848787
0.65526811
0.64147421
0.62719922
0.61254334
0.59762058
0.5825627
0.56750667
0.5525665
0.53785218
0.52348426
0.50958842
0.49627221
0.48360066
0.4716377
0.46045747
0.45012375
0.44068034
0.43212994
0.42448916
0.41780752
0.41210136
0.4072817
0.40326438
0.40005282
0.39765796
0.39608126
0.39555225
0.39566325
0.39614109
0.397184
0.39869999
0.40052114
0.40263787
0.40507191
0.40781185
0.41081324
0.41403436
0.41743699
0.42099203
0.42470195
0.42853768
0.43241694
0.43626588
0.44002488
0.44364421
0.44708115
0.45029899
0.45326508
0.4559498
0.45832876
0.46038335
0.46208709
0.46342134
0.46442477
0.46496578
0.46498665
0.46479662
0.46421637
0.46324276
0.46206334
0.46058432
0.45880537
0.4567461
0.45444102
0.45193145
0.44926711
0.4465013
0.44368731
0.44086251
0.43801653
0.43517307
0.43239638
0.42978024
0.42738501
0.42527379
0.42348186
0.42199805
0.42100058
0.42082245
0.42103628
0.42174753
0.42316535
0.42537887
0.42847364
0.43254075
0.43767628
0.44397976
0.45155309
0.46049965
0.4709228
0.48292269
0.49658993
0.51200889
0.52930047
0.54866215
0.5700322
0.59308047
0.61743306
0.64318111
0.67036722
0.69873799
0.72792747
0.75746535
0.78677573
0.81519921
0.84204126
0.86664418
0.88847044
0.90717724
0.92265986
0.93505074
0.94466949
0.95194553
0.95740688
0.9615404
0.96467837
0.96708618
0.96897982
0.97049688
0.97170451
0.97259071
0.9730055
0.97297195
0.97263838
0.97164963
0.9697081
0.96647857
0.96156523
0.95449423
0.94472794
0.93170415
0.91486648
0.89374072
0.86800877
0.83757585
0.80261996
0.76360532
0.721251
0.67646022
0.63022849
0.58355039
0.53733821
0.4923674
0.4492523
0.40843908
0.3702199
0.33476414
0.30214037
0.27233031
0.24523874
0.22075834
0.19880235
0.17928161
0.1620669
0.14698061
0.13382324
0.12239916
0.1125254
0.10402804
0.096743877
0.090523572
0.085233234
0.080752673
0.07697354
0.073801131
0.07115434
0.068961985
0.067159992
0.065690775
0.064502982
0.06355117
0.062795454
0.062201119
0.061738281
0.06138156
0.061109566
0.060904472
0.060751558
0.060638798
0.060556556
0.060497254
0.060454991
0.060425217
0.060404488
0.060390235
0.06038055
0.060374053
0.060369751
0.060366944
0.060365133
0.060363981
0.060363264
0.060362816
0.060362548
0.060362387
0.060362293
0.060362237
0.06036221
0.060362191
0.060362183
0.060362179
0.060362176
0.060362174
0.060362173
0.060362175
0.060362176
0.060362174
0.060362173
0.060362173
0.060362173
0.060362174
0.060362171
0.060362174
0.060362174
0.060362173
0.060362173
0.060362173
0.060362173
0.060362177
0.060362174
0.060362173
0.060362174
0.060362176
0.060362172
0.060362174
0.060362173
0.060362174
0.060362171
0.060362173
0.060362172
0.060362174
0.060362172
0.060362173
0.060362171
0.060362172
0.060362173
0.060362174
0.060362171
0.060362172
0.060362171
0.060362172
0.060362173
0.060362174
0.060362173
0.060362174
0.060362174
0.060362174
0.060362175
0.060362176
0.060362175
0.060362175
0.060362176
0.060362175
0.060362175
0.060362172
0.060362172
0.060362172
0.060362173
0.060362172
0.060362173
0.060362172
0.060362173
0.060362172
0.060362173
0.060362173
0.060362173
0.060362173
0.060362173
0.060362177
0.060362174
0.060362175
0.060362174
0.060362174
0.060362174
0.060362176
0.060362174
0.060362174
0.060362172
0.060362171
0.060362171
0.060362171
0.060362173
0.060362175
0.060362175
0.060362172
0.060362173
0.060362174
0.060362173
0.060362174
0.060362174
0.060362173
0.060362174
0.060362175
0.060362175
0.060362173
0.060362172
0.060362171
0.06036217
0.060362172
0.060362172
0.06036217
0.06036217
0.060362171
0.060362172
0.060362173
0.060362171
0.060362174
0.060362171
0.060362172
0.060362173
0.060362173
0.060362172
0.060362173
0.060362172
0.060362173
0.060362171
0.060362174
0.060362171
0.060362175
0.060362175
0.060362173
0.060362172
0.060362171
0.060362174
0.060362175
0.060362173
0.060362174
0.060362176
0.060362175
0.060362175
0.060362175
0.060362173
0.060362173
0.060362174
0.060362176
0.060362176
0.060362171
0.060362174
0.060362172
0.060362174
0.060362172
0.060362174
0.060362172
0.060362172
0.060362175
0.060362173
0.060362172
0.060362173
0.060362172
0.060362174
0.060362173
0.06036217
0.060362172
0.060362172
0.060362172
0.060362173
0.060362172
0.060362172
0.060362172
0.060362174
0.060362174
0.060362173
0.060362174
0.060362173
0.060362175
0.060362174
0.060362173
0.060362173
0.060362172
0.060362173
0.060362172
0.060362172
0.060362173
0.060362174
0.060362172
0.060362173
0.06036217
0.060362172
0.060362174
0.060362174
0.060362175
0.060362173
0.060362172
0.060362174
0.060362173
0.060362176
0.060362175
0.060362176
0.060362176
0.060362173
0.060362175
0.060362172
0.060362172
0.060362172
0.060362171
0.060362174
0.060362172
0.060362173
0.060362173
0.060362172
0.060362173
0.060362175
0.060362175
0.060362174
0.060362175
0.060362175
0.060362175
0.060362175
0.060362173
0.060362173
0.060362174
0.060362176
0.060362175
0.060362175
0.060362174
0.060362175
0.060362173
0.060362174
0.060362174
0.060362173
0.060362172
0.060362174
0.060362174
0.060362174
0.060362172
0.060362173
0.060362173
0.060362174
0.060362175
0.060362174
0.060362175
0.060362175
0.060362173
0.060362175
0.060362174
0.060362174
0.060362173
0.060362173
0.060362174
0.060362172
0.060362175
0.060362176
0.060362175
0.060362174
0.060362172
0.060362172
0.060362172
0.060362172
0.060362173
0.060362173
0.060362174
0.060362174
0.060362174
0.060362174
0.060362174
0.060362175
0.060362174
0.060362174
0.060362175
0.99999999
0.99999989
0.99999939
0.9999977
0.99999323
0.99998323
0.99996355
0.99992852
0.99987095
0.99978226
0.99965282
0.99947218
0.99922956
0.99891404
0.99851509
0.99802262
0.99742735
0.99672097
0.99589641
0.9949478
0.99387054
0.99266131
0.99131822
0.98984058
0.98822909
0.98648518
0.98461153
0.98261178
0.98049009
0.97825107
0.97589949
0.9734405
0.97087941
0.96822151
0.9654724
0.9626374
0.95972218
0.95673065
0.9536729
0.95055371
0.94737555
0.94414797
0.94087559
0.93756109
0.93421129
0.93083317
0.92743179
0.92401019
0.92057522
0.91713046
0.91367981
0.91022687
0.90677391
0.90332723
0.89988975
0.89646314
0.89304595
0.88963959
0.88624677
0.88286999
0.87951112
0.87617289
0.87285956
0.86957302
0.86631704
0.86309098
0.85989229
0.85672051
0.85357502
0.85045706
0.84736748
0.84431062
0.84129011
0.83830725
0.83536366
0.83245693
0.82958443
0.82674439
0.82393583
0.82115976
0.81841638
0.81570747
0.81303369
0.81039472
0.80778931
0.8052175
0.80267979
0.80017623
0.79770652
0.79527152
0.79287021
0.79050287
0.78816995
0.78587116
0.78360462
0.78137183
0.77917413
0.7770088
0.77487217
0.77276334
0.77068362
0.76863412
0.76661713
0.76463411
0.76268299
0.76076228
0.7588732
0.75701447
0.75518333
0.75337694
0.75159233
0.74983277
0.74810286
0.74639882
0.74471336
0.74304996
0.7414064
0.73977796
0.73817021
0.73658684
0.73502651
0.73348676
0.73197193
0.73048627
0.72902589
0.72758501
0.72617215
0.72479337
0.72344098
0.72211116
0.72081433
0.71954523
0.71829302
0.71707175
0.71588618
0.71471769
0.71355743
0.71241267
0.7112727
0.71013093
0.70899914
0.70788111
0.70676293
0.70564789
0.70455301
0.7034654
0.70237841
0.70130975
0.70026189
0.69922639
0.69820617
0.69721191
0.69622912
0.6952648
0.69433171
0.69341862
0.69252162
0.69165432
0.6908074
0.68997176
0.68916017
0.68838245
0.68761611
0.68685397
0.6861028
0.68534262
0.68458378
0.68384107
0.68308539
0.68235086
0.68165573
0.68098017
0.68033308
0.67970632
0.67909847
0.6785337
0.67798475
0.67744166
0.6769296
0.67643807
0.67594938
0.675499
0.67506206
0.6746514
0.67431261
0.67404558
0.67382869
0.67365254
0.67360149
0.67362588
0.67368743
0.67379425
0.67394125
0.67413941
0.67442807
0.6748112
0.67528571
0.67585537
0.67652198
0.67728287
0.67814181
0.67911048
0.68020535
0.68144345
0.68283865
0.68439773
0.68611923
0.68799292
0.69000215
0.69212595
0.69434266
0.69663208
0.69897755
0.70136612
0.7037881
0.70623579
0.70870175
0.71117694
0.71364956
0.71610463
0.7185251
0.72089346
0.72319339
0.72541057
0.72753234
0.72954708
0.73144344
0.73321046
0.73483726
0.73631333
0.73762814
0.73877061
0.73973646
0.74053621
0.74112896
0.74132472
0.74127191
0.74105452
0.74056362
0.73975315
0.7385879
0.73703534
0.73505974
0.73262183
0.7296791
0.72618662
0.72209781
0.71736492
0.71193923
0.70577287
0.69882092
0.69104427
0.68241212
0.67290704
0.66252684
0.65128555
0.63921481
0.62636875
0.61282364
0.59866818
0.58400612
0.56896022
0.55367684
0.53829879
0.52295755
0.50779553
0.49296965
0.47863601
0.46490284
0.45186154
0.43961286
0.42825509
0.4178768
0.40850947
0.40020187
0.39303374
0.386987
0.38195958
0.37792327
0.37490531
0.37297983
0.37241745
0.37259814
0.37329445
0.37468437
0.37662423
0.37910961
0.38215707
0.38573089
0.38977056
0.3942354
0.39912243
0.40441115
0.40999139
0.41575647
0.42162061
0.42751381
0.43337722
0.43916121
0.44482362
0.45032996
0.45564434
0.46072516
0.46553563
0.4700392
0.47420045
0.47798463
0.48136143
0.48431072
0.48680635
0.48881249
0.49034984
0.49143598
0.4918358
0.49175561
0.49138179
0.49052344
0.48916684
0.48733098
0.48505242
0.48237352
0.47932941
0.47595302
0.47227802
0.46833926
0.46417412
0.45982726
0.45534723
0.45078386
0.44619164
0.44164717
0.43721208
0.43291434
0.42872862
0.42472146
0.42099105
0.41760031
0.41460846
0.41210054
0.41021017
0.40931106
0.40935032
0.40983641
0.41119589
0.41364316
0.41733395
0.4223943
0.42894922
0.43712385
0.44704982
0.45888539
0.47286382
0.48915093
0.50768579
0.52827386
0.550564
0.57458358
0.60042904
0.62805405
0.65716029
0.68742457
0.71842126
0.74961164
0.78035576
0.80993869
0.83762262
0.86272435
0.88470416
0.9032442
0.91829281
0.93005025
0.93889986
0.94543557
0.95027627
0.95384163
0.9564823
0.95850971
0.96013773
0.96149445
0.96263822
0.96355948
0.96414541
0.96424788
0.96406138
0.96337469
0.96185499
0.95920385
0.95507834
0.94907785
0.94074624
0.9295712
0.91505762
0.89675623
0.8743123
0.84753245
0.8164401
0.78130602
0.74264442
0.70117324
0.65774397
0.61326003
0.56860011
0.52455537
0.48178599
0.44080648
0.40198802
0.3655623
0.33165167
0.30030346
0.27150814
0.24523556
0.22142615
0.19997556
0.18076864
0.16369631
0.14864767
0.13547517
0.12400226
0.11404873
0.1054471
0.098045027
0.091701314
0.086287632
0.081688648
0.077798927
0.074522993
0.071778191
0.069493424
0.06760549
0.066057864
0.064800143
0.063787503
0.062980186
0.062343127
0.06184572
0.06146151
0.061168005
0.060946382
0.060781057
0.060659228
0.06057051
0.060506651
0.060461218
0.060429286
0.06040711
0.060391892
0.060381587
0.060374694
0.060370141
0.060367176
0.060365267
0.060364061
0.060363307
0.06036284
0.06036256
0.060362394
0.060362297
0.06036224
0.060362206
0.060362192
0.060362182
0.060362178
0.060362178
0.060362178
0.060362177
0.060362174
0.060362174
0.060362175
0.060362175
0.060362174
0.060362173
0.060362172
0.060362174
0.060362172
0.060362172
0.060362173
0.060362174
0.060362172
0.060362173
0.060362171
0.060362173
0.060362173
0.060362172
0.060362173
0.060362171
0.060362173
0.060362173
0.060362173
0.060362173
0.060362174
0.060362174
0.060362175
0.060362175
0.060362175
0.060362175
0.060362174
0.060362173
0.060362174
0.060362174
0.060362172
0.060362176
0.060362173
0.060362174
0.060362175
0.060362171
0.06036217
0.060362173
0.060362172
0.060362172
0.060362171
0.060362172
0.060362174
0.060362171
0.060362173
0.060362172
0.060362172
0.060362174
0.060362172
0.060362174
0.060362173
0.060362173
0.060362176
0.060362175
0.060362175
0.060362176
0.060362174
0.060362174
0.060362172
0.060362172
0.060362172
0.060362172
0.060362175
0.060362174
0.060362174
0.060362174
0.060362172
0.060362172
0.060362174
0.060362173
0.060362176
0.060362174
0.060362174
0.060362175
0.060362172
0.060362173
0.060362175
0.060362175
0.060362176
0.060362176
0.060362175
0.060362173
0.060362174
0.060362173
0.060362174
0.060362171
0.060362174
0.060362173
0.060362174
0.060362174
0.060362172
0.060362173
0.060362173
0.060362174
0.060362173
0.060362172
0.060362172
0.060362173
0.06036217
0.060362174
0.060362172
0.060362172
0.060362173
0.060362173
0.060362173
0.060362171
0.060362173
0.060362174
0.060362173
0.060362174
0.060362176
0.060362173
0.060362173
0.060362173
0.060362173
0.060362174
0.060362174
0.060362172
0.060362173
0.060362174
0.060362173
0.060362172
0.060362173
0.060362173
0.060362174
0.060362173
0.060362171
0.06036217
0.060362173
0.060362171
0.060362176
0.060362173
0.060362173
0.060362171
0.060362174
0.060362173
0.060362175
0.060362174
0.060362175
0.060362175
0.060362176
0.060362175
0.060362176
0.060362174
0.060362175
0.060362174
0.060362173
0.060362173
0.060362175
0.060362173
0.060362175
0.060362172
0.060362172
0.060362171
0.060362171
0.060362173
0.060362171
0.060362172
0.060362174
0.060362174
0.060362173
0.060362173
0.060362173
0.060362172
0.06036217
0.06036217
0.060362173
0.060362172
0.060362175
0.060362172
0.060362171
0.060362171
0.060362172
0.060362174
0.060362174
0.060362172
0.060362174
0.060362172
0.06036217
0.060362169
0.060362169
0.060362171
0.060362172
0.060362173
0.060362173
0.060362173
0.060362174
0.060362173
0.060362174
0.060362172
0.060362171
0.060362171
0.060362172
0.06036217
0.060362171
0.06036217
0.060362171
0.060362171
0.060362172
0.060362169
0.060362173
0.060362173
0.060362172
0.060362173
0.060362171
0.060362171
0.060362171
0.060362172
0.060362172
0.06036217
0.060362173
0.060362172
0.060362172
0.060362172
0.060362171
0.060362172
0.060362173
0.060362175
0.060362175
0.060362175
0.060362173
0.060362174
0.060362173
0.060362171
0.060362174
0.060362171
0.060362169
0.060362172
0.060362171
0.060362172
0.060362173
0.060362171
0.060362172
0.060362171
0.060362173
0.060362173
0.060362173
0.060362173
0.060362173
0.060362176
0.060362174
0.060362173
0.060362173
0.060362172
0.060362173
0.060362172
0.060362171
0.06036217
0.060362173
0.060362172
0.060362172
0.99999982
0.99999766
0.9999887
0.9999629
0.99990382
0.9997887
0.99958949
0.99927489
0.99881191
0.99816857
0.99731562
0.99622763
0.99488421
0.99326984
0.99137492
0.98919404
0.98672738
0.98397899
0.98095683
0.97767182
0.97413758
0.97036993
0.96638676
0.96220684
0.95785012
0.95333552
0.94868374
0.9439153
0.93904768
0.93409677
0.92907693
0.92400171
0.91888315
0.91373185
0.90855793
0.90336991
0.89817656
0.89298482
0.88780582
0.88264615
0.87750993
0.87240712
0.8673425
0.86231948
0.85734432
0.85242268
0.84755751
0.8427511
0.83800727
0.8333266
0.82871058
0.82416025
0.81967583
0.81525916
0.81091004
0.80662759
0.80240935
0.79825473
0.79416337
0.79013632
0.78617498
0.78228013
0.77845341
0.77469478
0.77100451
0.76737963
0.76381696
0.76031499
0.75687128
0.75348543
0.75015743
0.74688955
0.74368345
0.74053783
0.73745157
0.73442197
0.73144514
0.72851849
0.72564023
0.72281022
0.72002864
0.71729603
0.71461163
0.71197516
0.70938605
0.70684317
0.70434589
0.70189392
0.69948666
0.69712383
0.69480435
0.6925294
0.6902992
0.68811216
0.68596661
0.68386288
0.68180002
0.67977663
0.67779168
0.67584243
0.67392843
0.67205173
0.67021194
0.66840627
0.66663489
0.6648974
0.66319196
0.66151828
0.65987553
0.65825994
0.65667011
0.65510931
0.65357447
0.65206126
0.65057274
0.64911356
0.64767779
0.64626242
0.64487407
0.64350894
0.64216551
0.64084809
0.63955674
0.63828448
0.63703402
0.6358155
0.63462953
0.63346733
0.63233328
0.63123495
0.63016482
0.62911612
0.62809424
0.62711274
0.62615608
0.62521553
0.62429882
0.62338729
0.62246199
0.62154049
0.62063265
0.61971538
0.61879318
0.61789188
0.61700064
0.61611099
0.61524813
0.61442073
0.61360561
0.61280302
0.61202616
0.61125629
0.61049432
0.60977046
0.60907074
0.60838602
0.60774136
0.60712378
0.60650867
0.60591112
0.6053339
0.60477662
0.6042363
0.60369844
0.60314985
0.60259342
0.6020457
0.60149851
0.60095708
0.60044412
0.59993985
0.5994635
0.59902254
0.59858656
0.59818581
0.5978276
0.59748991
0.59717946
0.5968893
0.59661178
0.59635626
0.59613304
0.5959252
0.59576102
0.59565989
0.59565597
0.59568172
0.59577095
0.59595497
0.59623843
0.59661948
0.59705681
0.59752929
0.59806785
0.59868976
0.59940732
0.60024264
0.60120102
0.60228175
0.60348325
0.60480864
0.60627003
0.60788575
0.60967568
0.61165612
0.6138352
0.61621069
0.61876975
0.6214915
0.62435009
0.62731875
0.63037259
0.63349099
0.63665782
0.63986045
0.64308862
0.64633232
0.64957811
0.65280785
0.65599966
0.65913047
0.66217768
0.6651227
0.66795151
0.67065135
0.67320987
0.67561395
0.67785013
0.67990476
0.68176395
0.68341353
0.68484006
0.68604054
0.68701552
0.68765629
0.68777489
0.68766035
0.68727894
0.68650881
0.68529458
0.68359003
0.68134965
0.67852544
0.67506708
0.67092262
0.66604021
0.66036994
0.65386641
0.64648927
0.63820718
0.6290015
0.61886804
0.60782062
0.59589694
0.58315691
0.56967799
0.55555822
0.54092233
0.52591856
0.51069184
0.49539002
0.48017814
0.46523968
0.45074196
0.43681183
0.42358072
0.41118395
0.39976449
0.38940638
0.38017553
0.37217945
0.36542684
0.35984542
0.35542531
0.3522164
0.35047447
0.35027127
0.35066495
0.35181009
0.35374752
0.35649335
0.36005831
0.36438526
0.36940552
0.37510251
0.3814461
0.38830649
0.39555742
0.40309073
0.41081888
0.4186697
0.42658099
0.43449506
0.44235084
0.45008632
0.45764309
0.46496675
0.47200847
0.47872602
0.48508283
0.49104891
0.49659762
0.50170353
0.5063445
0.51049764
0.51414408
0.51726748
0.5198333
0.52183409
0.52332506
0.5241793
0.52426771
0.52403686
0.52332115
0.52201711
0.52014423
0.5177341
0.51481419
0.51141249
0.50756048
0.50329375
0.49865075
0.49367196
0.48839904
0.48287319
0.47713618
0.47123367
0.46521347
0.45912516
0.45302161
0.44696055
0.44100025
0.43520041
0.42963582
0.42432659
0.41930882
0.41465803
0.41045864
0.40680641
0.40382121
0.4017721
0.40115119
0.40143938
0.40244278
0.4046614
0.40837994
0.41386796
0.42137119
0.43101731
0.44289549
0.457036
0.47331518
0.49169011
0.51232796
0.53528153
0.56053494
0.5878668
0.61704508
0.6477878
0.6796833
0.71220928
0.74474225
0.77656405
0.80689296
0.83494399
0.86001402
0.88157696
0.89936261
0.91338912
0.92391756
0.93155138
0.93705041
0.94091923
0.94359025
0.94549509
0.94694613
0.94814271
0.9491966
0.9501524
0.95099485
0.95163133
0.95186066
0.9517609
0.95127419
0.95006068
0.94783363
0.94429139
0.93908309
0.9318089
0.92204684
0.90934867
0.89329065
0.87351863
0.84979241
0.82203715
0.79038424
0.755185
0.71699109
0.67650999
0.63453907
0.59189362
0.54934471
0.5075717
0.46713235
0.42844851
0.39181943
0.35743288
0.32537348
0.29566018
0.26827368
0.24316253
0.22025471
0.19948545
0.18079133
0.16409625
0.14929333
0.1362565
0.12484364
0.1149023
0.10628174
0.098839485
0.092442213
0.086967185
0.082303357
0.078350173
0.075015506
0.072215621
0.069877044
0.067936218
0.066337355
0.065031188
0.063974158
0.063127581
0.062457028
0.061931952
0.061525518
0.061214514
0.060979341
0.060803728
0.060674319
0.060580275
0.060512827
0.060465048
0.060431601
0.060408472
0.060392675
0.060382015
0.060374919
0.060370249
0.060367222
0.060365287
0.060364063
0.060363301
0.060362838
0.060362556
0.06036239
0.060362293
0.060362236
0.060362207
0.060362188
0.060362179
0.060362179
0.060362177
0.060362174
0.060362174
0.060362174
0.060362173
0.060362173
0.060362173
0.060362174
0.060362175
0.060362175
0.060362174
0.060362176
0.060362175
0.060362172
0.060362175
0.060362173
0.060362172
0.060362173
0.060362172
0.060362173
0.060362172
0.060362173
0.060362172
0.060362175
0.060362174
0.060362172
0.060362172
0.060362173
0.060362172
0.060362173
0.060362171
0.060362172
0.060362171
0.060362174
0.060362173
0.060362172
0.060362174
0.060362174
0.060362174
0.060362174
0.060362172
0.060362171
0.060362175
0.060362175
0.060362174
0.060362174
0.060362172
0.060362172
0.060362174
0.060362172
0.060362175
0.060362174
0.060362174
0.060362175
0.060362176
0.060362175
0.060362175
0.060362173
0.060362173
0.060362172
0.060362173
0.060362173
0.060362174
0.060362175
0.060362172
0.060362176
0.060362173
0.060362174
0.060362175
0.060362174
0.060362173
0.060362174
0.060362176
0.060362174
0.060362175
0.060362174
0.060362175
0.060362172
0.060362174
0.060362174
0.060362173
0.060362172
0.060362171
0.06036217
0.060362172
0.060362171
0.060362171
0.060362172
0.060362172
0.06036217
0.060362171
0.060362171
0.060362172
0.060362172
0.060362173
0.060362172
0.060362172
0.060362174
0.06036217
0.060362172
0.060362173
0.060362175
0.060362174
0.060362174
0.060362173
0.060362173
0.06036217
0.06036217
0.060362173
0.060362172
0.060362172
0.060362173
0.060362173
0.060362174
0.060362173
0.060362172
0.060362174
0.060362172
0.060362174
0.060362172
0.060362176
0.060362174
0.060362173
0.060362174
0.060362173
0.060362172
0.060362172
0.060362174
0.060362174
0.060362173
0.060362173
0.060362172
0.060362174
0.060362178
0.060362175
0.060362175
0.060362175
0.060362173
0.060362173
0.060362172
0.060362174
0.060362173
0.060362173
0.06036217
0.060362171
0.060362173
0.060362173
0.060362172
0.060362172
0.060362174
0.060362175
0.060362175
0.060362172
0.060362173
0.060362173
0.060362174
0.060362173
0.060362173
0.060362174
0.060362174
0.060362175
0.060362173
0.060362172
0.060362173
0.060362175
0.060362173
0.060362173
0.060362174
0.060362175
0.060362175
0.060362175
0.060362175
0.060362173
0.060362173
0.060362173
0.060362173
0.060362174
0.060362175
0.060362174
0.060362174
0.06036217
0.060362172
0.060362173
0.060362172
0.060362172
0.060362177
0.060362174
0.060362175
0.060362174
0.060362174
0.060362174
0.060362173
0.060362173
0.060362176
0.060362174
0.060362174
0.060362173
0.060362174
0.060362174
0.060362174
0.060362172
0.060362172
0.060362176
0.060362174
0.060362174
0.060362172
0.060362175
0.060362172
0.060362172
0.060362172
0.060362172
0.060362174
0.060362175
0.060362175
0.060362173
0.060362173
0.060362173
0.060362174
0.060362172
0.060362172
0.060362173
0.060362175
0.060362172
0.060362172
0.060362171
0.060362172
0.060362172
0.060362173
0.060362172
0.060362171
0.060362174
0.060362171
0.060362172
0.060362175
0.060362172
0.060362176
0.060362172
0.060362171
0.060362174
0.060362174
0.060362172
0.060362172
0.060362173
0.060362171
0.060362174
0.060362171
0.060362171
0.060362172
0.060362171
0.060362173
0.060362171
0.060362173
0.060362174
0.060362175
0.060362174
0.060362175
0.060362175
0.060362174
0.99999547
0.99995059
0.99979983
0.99944255
0.99875761
0.99762303
0.99593147
0.99360167
0.99057923
0.98684473
0.98240497
0.97728931
0.97154526
0.96523183
0.95841676
0.95116727
0.94355566
0.93564974
0.92751315
0.91920403
0.91077667
0.90228028
0.89376018
0.88525603
0.8768035
0.86843176
0.86016669
0.8520292
0.84403283
0.83618626
0.82849397
0.82095779
0.81357746
0.80635108
0.79927718
0.79235327
0.78557879
0.77895253
0.77247555
0.76614811
0.75996925
0.75394008
0.74805948
0.74232562
0.73673652
0.73129031
0.72598344
0.72081145
0.71577113
0.71085754
0.70606617
0.70139324
0.69683457
0.69238688
0.68804653
0.6838094
0.67967101
0.67562899
0.67168111
0.66782656
0.66406485
0.66039443
0.65681445
0.65332265
0.6499165
0.64659229
0.64334604
0.64017477
0.6370756
0.63404695
0.63108737
0.62819591
0.62537148
0.62261143
0.61991289
0.61727209
0.61468558
0.61215109
0.60966691
0.60723291
0.60484892
0.60251482
0.60023005
0.59799434
0.59580711
0.59366746
0.59157458
0.58952807
0.58752734
0.58557205
0.58366201
0.58179739
0.57997762
0.57820183
0.5764683
0.57477582
0.57312303
0.57150912
0.5699329
0.5683916
0.5668862
0.56541704
0.56397811
0.56256757
0.56118943
0.5598399
0.55851541
0.55721919
0.55595073
0.55470779
0.55349026
0.55229535
0.55111574
0.54995405
0.54882358
0.54772608
0.54664901
0.54559155
0.54456211
0.54354969
0.54255619
0.54159291
0.54064855
0.53971014
0.5387983
0.53792757
0.53707601
0.53624394
0.53545436
0.53469046
0.53394087
0.53322661
0.53254279
0.53188104
0.53124606
0.5306382
0.53003579
0.52942565
0.52881272
0.52819628
0.527569
0.52692779
0.52629253
0.52566816
0.52504862
0.5244514
0.52388978
0.52335968
0.52285442
0.52236759
0.52188005
0.52139005
0.52092087
0.52047454
0.52004768
0.51966313
0.5193186
0.51898743
0.51865882
0.51833909
0.51803452
0.5177444
0.51746193
0.51717185
0.51686194
0.51655171
0.51625265
0.51595332
0.51565903
0.5153789
0.51511603
0.51487773
0.51464677
0.51443164
0.51424937
0.51408523
0.51395422
0.51386558
0.51379356
0.51374832
0.51374883
0.51377159
0.51383333
0.51393934
0.51408454
0.51429907
0.51458416
0.51494275
0.51539714
0.51597074
0.51666026
0.51743732
0.51829076
0.51921337
0.52020787
0.52130369
0.52252883
0.52389745
0.52541162
0.5270745
0.52889288
0.53087866
0.53305008
0.53542771
0.53802821
0.54085922
0.54391643
0.54718377
0.55063615
0.55424328
0.55797404
0.56179954
0.5656957
0.5696432
0.57362625
0.57763176
0.58164785
0.58565802
0.58963741
0.59355368
0.59737694
0.60108066
0.60464565
0.60805721
0.61130008
0.61435975
0.61722001
0.6198628
0.62226977
0.62442211
0.62630253
0.62789671
0.62919903
0.63015205
0.63051041
0.63043753
0.63009188
0.62928556
0.62793495
0.62597783
0.62336018
0.6200284
0.61592991
0.61101406
0.60523254
0.59854307
0.59091319
0.58232502
0.57277564
0.56228016
0.55087599
0.53862041
0.52559803
0.51192475
0.49773854
0.48318153
0.46841011
0.45360492
0.43896337
0.42465862
0.41084275
0.39767816
0.38533562
0.37398314
0.36372103
0.35467747
0.346951
0.34050969
0.33534296
0.33150949
0.32930706
0.32891505
0.32929932
0.33049716
0.33272269
0.33603397
0.34041646
0.34577839
0.35206526
0.3592301
0.36713043
0.37563055
0.3846089
0.39396457
0.40360814
0.41345738
0.42343185
0.43344656
0.4434129
0.45324937
0.46288305
0.47224907
0.48129209
0.48996449
0.49822552
0.50604111
0.51338211
0.52022423
0.526548
0.53233789
0.53758201
0.54226965
0.54639264
0.54994531
0.55291012
0.55526225
0.55704158
0.55822907
0.55859553
0.55846587
0.55792589
0.55675386
0.55495125
0.55255129
0.54957992
0.54605984
0.54201597
0.53747687
0.5324747
0.52704514
0.52122721
0.51506272
0.50859567
0.50187125
0.49493375
0.48782677
0.48059702
0.47329272
0.46596307
0.45865848
0.45143132
0.4443371
0.43743783
0.43080488
0.42450902
0.41858749
0.41311168
0.4081549
0.40380169
0.40033004
0.39876987
0.3986116
0.39881716
0.39996335
0.40269134
0.40730201
0.41390529
0.4225666
0.43350203
0.44687617
0.46278985
0.48132958
0.50250253
0.52621346
0.55237807
0.58083673
0.61128935
0.643332
0.67646758
0.71009029
0.74348293
0.77583841
0.80630387
0.8340521
0.85837466
0.87878097
0.89507071
0.90730702
0.9160206
0.9220949
0.92611723
0.92857368
0.93003076
0.93093389
0.93158303
0.93215038
0.93271507
0.93330017
0.93388962
0.93440224
0.93463641
0.93456696
0.93416763
0.93312993
0.9311787
0.92802567
0.92336084
0.91683498
0.90807532
0.89670583
0.88235865
0.8647004
0.84347491
0.81854981
0.78995522
0.75790841
0.72281656
0.68525033
0.64589615
0.60549612
0.56478425
0.52443582
0.48503207
0.4470388
0.41080249
0.3765542
0.34443588
0.31450575
0.28675616
0.2611426
0.2375972
0.21603593
0.19637493
0.17853969
0.1624656
0.14809792
0.13536782
0.12417702
0.11440244
0.10590867
0.098561214
0.092236033
0.086818214
0.082199353
0.078280865
0.074974748
0.072199843
0.069881869
0.067956248
0.066367367
0.065066378
0.064010318
0.063161456
0.062486472
0.061955934
0.061543941
0.061227944
0.060988605
0.060809672
0.060677763
0.060581945
0.060513365
0.06046495
0.0604312
0.060407976
0.06039219
0.0603816
0.060374582
0.060369999
0.060367038
0.060365155
0.060363974
0.060363245
0.0603628
0.060362535
0.060362373
0.060362284
0.060362233
0.060362203
0.060362188
0.060362181
0.060362177
0.060362178
0.060362177
0.060362177
0.060362176
0.060362177
0.060362175
0.060362175
0.060362174
0.060362176
0.060362175
0.060362174
0.060362173
0.060362175
0.060362174
0.060362173
0.060362173
0.060362174
0.060362173
0.060362174
0.060362173
0.060362173
0.060362172
0.060362175
0.060362172
0.060362171
0.060362173
0.060362173
0.060362174
0.060362173
0.060362174
0.060362173
0.060362172
0.060362174
0.060362176
0.060362175
0.060362174
0.060362174
0.060362174
0.060362172
0.060362174
0.060362176
0.060362173
0.060362173
0.06036217
0.060362174
0.060362172
0.060362174
0.060362175
0.060362174
0.060362173
0.06036217
0.060362172
0.060362172
0.060362171
0.060362172
0.060362173
0.060362171
0.060362175
0.060362174
0.060362176
0.060362174
0.060362174
0.060362173
0.060362171
0.060362173
0.060362171
0.060362174
0.060362173
0.060362173
0.060362175
0.060362174
0.060362173
0.060362172
0.060362173
0.060362171
0.060362174
0.060362173
0.060362175
0.060362174
0.060362173
0.060362174
0.060362173
0.060362173
0.060362174
0.060362171
0.060362171
0.06036217
0.060362172
0.060362172
0.060362171
0.060362171
0.060362173
0.060362171
0.060362172
0.060362174
0.060362172
0.060362175
0.060362171
0.060362175
0.060362173
0.060362171
0.060362172
0.060362171
0.060362171
0.060362172
0.060362173
0.060362172
0.060362175
0.060362172
0.060362173
0.060362172
0.060362175
0.060362174
0.060362171
0.060362172
0.060362172
0.060362171
0.06036217
0.060362172
0.060362174
0.060362171
0.060362172
0.060362172
0.060362173
0.060362172
0.060362173
0.060362172
0.060362172
0.060362172
0.060362174
0.060362174
0.060362173
0.060362171
0.06036217
0.060362174
0.060362172
0.060362171
0.060362174
0.060362169
0.060362173
0.060362172
0.060362173
0.060362173
0.060362175
0.060362174
0.060362174
0.060362173
0.060362176
0.060362178
0.060362172
0.060362174
0.060362173
0.060362174
0.060362174
0.060362174
0.060362173
0.060362174
0.060362174
0.060362173
0.060362175
0.060362174
0.060362174
0.060362174
0.060362174
0.060362174
0.060362174
0.06036217
0.060362171
0.06036217
0.06036217
0.060362172
0.060362172
0.060362175
0.060362175
0.060362174
0.060362176
0.060362174
0.060362172
0.060362174
0.060362173
0.060362172
0.060362172
0.060362174
0.060362176
0.060362174
0.060362173
0.060362172
0.060362173
0.060362174
0.060362171
0.060362172
0.060362174
0.06036217
0.06036217
0.060362172
0.060362171
0.060362171
0.060362175
0.060362172
0.060362172
0.060362172
0.060362173
0.060362172
0.060362172
0.060362173
0.060362172
0.060362171
0.060362173
0.060362172
0.060362171
0.060362171
0.060362173
0.060362171
0.06036217
0.060362172
0.060362172
0.060362173
0.060362172
0.060362172
0.060362174
0.060362174
0.060362173
0.060362174
0.060362175
0.060362174
0.060362174
0.060362172
0.060362173
0.060362172
0.060362174
0.060362173
0.060362175
0.060362174
0.060362173
0.060362173
0.060362173
0.060362173
0.060362175
0.060362173
0.060362173
0.060362175
0.060362174
0.060362174
0.060362176
0.060362174
0.060362174
0.060362177
0.060362173
0.060362173
0.060362173
0.060362174
0.060362172
0.060362172
0.060362172
0.060362173
0.060362173
0.060362172
0.060362172
0.99987676
0.9989753
0.99671658
0.99254717
0.98614761
0.97748582
0.9667479
0.9542607
0.94040309
0.92556704
0.91011601
0.89434951
0.87852386
0.86283617
0.84743394
0.83241951
0.81786696
0.80381925
0.79030085
0.77731976
0.76487704
0.75296688
0.74158112
0.73070828
0.72033554
0.71044646
0.70102166
0.69203841
0.68346884
0.67528285
0.667449
0.65993729
0.65272072
0.64577557
0.63908341
0.63262896
0.62640133
0.62039166
0.61459352
0.60900065
0.6036064
0.59840485
0.59338871
0.58854993
0.58388053
0.57937246
0.57501687
0.5708056
0.56673099
0.5627854
0.55896193
0.55525453
0.55165751
0.54816587
0.54477502
0.54148077
0.53827922
0.53516803
0.53214535
0.52920978
0.52636044
0.52359549
0.52091316
0.51831069
0.51578499
0.51333217
0.51094851
0.50863067
0.50637527
0.50417954
0.50204066
0.49995605
0.49792326
0.49593899
0.49400031
0.49210459
0.49024973
0.48843466
0.48665906
0.48492326
0.48322762
0.48157239
0.4799576
0.47838345
0.47684984
0.47535636
0.47390246
0.47248797
0.47111262
0.46977621
0.46847864
0.46721947
0.46599795
0.46481314
0.46366298
0.46254601
0.46146096
0.46040746
0.45938383
0.45838695
0.45742025
0.45648287
0.45556176
0.45465963
0.45378623
0.45293156
0.45208872
0.45126856
0.45047068
0.44968933
0.44892534
0.44817462
0.44743458
0.44671368
0.44601824
0.44534358
0.44468902
0.44405922
0.44345318
0.44286152
0.44228701
0.44172871
0.44117742
0.44064472
0.44014295
0.43966607
0.43920366
0.43876698
0.43835914
0.43796677
0.43759529
0.43725785
0.43694153
0.43663938
0.4363591
0.43609218
0.43581974
0.43554241
0.43526076
0.43496117
0.43464043
0.43430727
0.43397669
0.43365588
0.43335653
0.43308879
0.43284952
0.43263528
0.43243992
0.43225614
0.43207389
0.43189402
0.43172479
0.4315659
0.43142768
0.43132959
0.43126441
0.43122242
0.43119427
0.43116488
0.43113947
0.43111486
0.43108179
0.43104308
0.43099567
0.43093769
0.43087738
0.4308156
0.43075302
0.43069701
0.4306641
0.43063951
0.43060927
0.43060392
0.43060912
0.43061759
0.43065506
0.43074258
0.43087965
0.43105724
0.43127152
0.43153546
0.43184393
0.43218992
0.43258545
0.43305022
0.43359459
0.43423395
0.43497427
0.43583116
0.4368154
0.43793095
0.43915575
0.44045624
0.44185315
0.44336561
0.44500873
0.44680554
0.44876816
0.45090365
0.45322291
0.45574184
0.45847963
0.46145528
0.46468234
0.46816422
0.47189215
0.47584573
0.47999617
0.48431007
0.48875389
0.49329647
0.49791154
0.50257667
0.50727335
0.51198516
0.5166967
0.52139134
0.52604447
0.53061797
0.53506518
0.5393447
0.54344091
0.54733952
0.55101529
0.55444726
0.55761744
0.56050315
0.5630809
0.56532746
0.56722416
0.56875257
0.56985753
0.57028754
0.57020425
0.56978896
0.56881623
0.56718829
0.56483472
0.56169672
0.55772272
0.5528687
0.54709753
0.54038007
0.53269474
0.52403507
0.51441481
0.50387222
0.49247099
0.4803029
0.46748232
0.45413412
0.44041748
0.4265191
0.41263664
0.39894766
0.38562576
0.3728589
0.36084725
0.34976895
0.33975966
0.33098354
0.32351662
0.31736207
0.3125623
0.3093246
0.30812191
0.30827896
0.309164
0.31123713
0.31463778
0.31937153
0.32533175
0.33244274
0.34060532
0.34967078
0.35950549
0.36998131
0.38097979
0.39239302
0.40412351
0.41607015
0.4281194
0.44016278
0.45209967
0.46384172
0.47531423
0.48644931
0.49718361
0.5074615
0.51723531
0.52646566
0.5351226
0.54318505
0.55063987
0.55748075
0.56370604
0.56931746
0.57431871
0.57871404
0.58250956
0.58570754
0.5883002
0.59029737
0.59172924
0.59243767
0.59244678
0.59210946
0.59116842
0.58956674
0.58733383
0.58449429
0.58106431
0.57706077
0.57250369
0.56741726
0.56182968
0.55577332
0.5492847
0.5424042
0.53517562
0.52764552
0.51986234
0.5118755
0.50373349
0.49548336
0.48717455
0.47885735
0.47058202
0.46239927
0.45436145
0.44652449
0.43895056
0.43171034
0.4248878
0.41858465
0.41286837
0.40784352
0.4036622
0.40063755
0.39933787
0.39936352
0.40003493
0.40202151
0.40577323
0.4116004
0.41972944
0.43035308
0.44358115
0.45952319
0.47826428
0.49983814
0.52417767
0.55112025
0.58042742
0.61176029
0.64465613
0.67852476
0.71265695
0.7462369
0.77837102
0.80814374
0.83470037
0.85735379
0.87567684
0.88949584
0.89917535
0.90572597
0.90979868
0.91177521
0.91232867
0.91225235
0.9119581
0.91152155
0.9111958
0.91109368
0.91111817
0.91121569
0.91135492
0.91137386
0.91123343
0.91074618
0.90969693
0.90784275
0.90490766
0.90059025
0.8945699
0.8865127
0.87608763
0.86298473
0.84692392
0.82767267
0.80507906
0.77911019
0.74988303
0.71767907
0.68293841
0.64623049
0.60820795
0.56955279
0.53092331
0.4929084
0.45600565
0.42060175
0.38697677
0.35530728
0.3256879
0.29814839
0.27265971
0.24915833
0.22756182
0.20776617
0.18964615
0.17309993
0.15806954
0.14451778
0.13241027
0.12170171
0.11231504
0.10414386
0.097072069
0.09098337
0.085767673
0.081323168
0.077555332
0.074378239
0.071714823
0.069493948
0.067651022
0.06613059
0.064885281
0.063873685
0.063059474
0.062410835
0.061899915
0.061502385
0.061197069
0.060965681
0.060792688
0.060665145
0.060572492
0.060506226
0.060459583
0.060427234
0.060405089
0.060390129
0.060380152
0.060373591
0.060369324
0.060366593
0.060364866
0.060363788
0.060363125
0.060362724
0.06036249
0.06036235
0.06036227
0.060362225
0.060362202
0.060362187
0.060362183
0.060362177
0.060362174
0.060362173
0.060362174
0.060362174
0.060362174
0.060362173
0.060362172
0.060362174
0.060362172
0.060362172
0.060362171
0.060362174
0.060362174
0.060362174
0.060362173
0.060362176
0.060362174
0.060362174
0.060362174
0.060362172
0.060362174
0.060362174
0.060362171
0.060362173
0.060362172
0.060362174
0.060362174
0.060362174
0.060362173
0.060362175
0.060362172
0.060362177
0.060362173
0.060362173
0.060362173
0.060362174
0.060362176
0.060362171
0.060362174
0.060362173
0.060362172
0.060362174
0.060362173
0.060362172
0.060362173
0.060362172
0.060362174
0.060362172
0.060362173
0.060362174
0.060362175
0.060362173
0.060362175
0.060362175
0.060362171
0.060362171
0.060362171
0.060362173
0.060362168
0.060362171
0.060362172
0.060362174
0.060362172
0.060362174
0.060362174
0.060362174
0.060362172
0.060362173
0.060362172
0.060362172
0.060362172
0.060362172
0.060362172
0.060362173
0.060362172
0.060362171
0.060362169
0.06036217
0.060362169
0.060362169
0.060362172
0.060362173
0.060362172
0.060362174
0.060362174
0.060362173
0.060362174
0.060362173
0.060362173
0.060362174
0.060362174
0.060362174
0.060362174
0.060362174
0.060362172
0.060362173
0.060362172
0.060362171
0.060362171
0.060362172
0.060362174
0.06036217
0.060362173
0.060362174
0.060362171
0.060362172
0.060362173
0.060362172
0.060362174
0.060362172
0.060362173
0.060362172
0.060362171
0.060362174
0.060362174
0.060362174
0.060362173
0.060362175
0.060362172
0.060362172
0.060362172
0.060362174
0.060362174
0.060362174
0.060362175
0.060362173
0.060362175
0.060362177
0.060362174
0.060362175
0.060362174
0.060362173
0.060362173
0.060362171
0.060362172
0.060362173
0.060362173
0.060362174
0.060362175
0.060362172
0.060362173
0.060362174
0.060362173
0.060362173
0.060362172
0.060362173
0.060362172
0.060362171
0.060362169
0.060362171
0.060362172
0.060362172
0.060362175
0.060362171
0.060362172
0.06036217
0.060362173
0.060362172
0.060362174
0.060362174
0.060362173
0.060362174
0.060362172
0.060362174
0.060362173
0.060362177
0.060362175
0.060362174
0.060362174
0.060362174
0.060362173
0.060362173
0.06036217
0.060362171
0.060362173
0.060362171
0.060362174
0.060362175
0.060362173
0.060362174
0.060362174
0.060362174
0.060362173
0.060362173
0.060362174
0.060362173
0.060362173
0.060362174
0.060362168
0.060362174
0.060362173
0.060362172
0.060362172
0.060362172
0.060362171
0.060362172
0.060362171
0.060362171
0.060362172
0.060362174
0.060362173
0.060362173
0.060362172
0.060362172
0.060362173
0.060362173
0.060362173
0.060362172
0.060362175
0.060362175
0.060362175
0.060362172
0.060362175
0.060362173
0.060362173
0.060362173
0.060362173
0.060362174
0.060362173
0.060362172
0.060362174
0.060362172
0.060362172
0.060362172
0.060362173
0.060362172
0.060362172
0.060362174
0.060362175
0.060362174
0.060362174
0.060362172
0.060362174
0.060362175
0.060362173
0.060362173
0.060362175
0.060362174
0.060362174
0.060362173
0.060362175
0.060362173
0.060362173
0.060362174
0.060362174
0.060362174
0.060362172
0.060362174
0.060362174
0.060362174
0.060362173
0.060362175
0.060362173
0.060362173
0.060362174
0.060362173
0.060362174
0.060362175
0.99633146
0.98028851
0.9543736
0.92107281
0.88400106
0.84633223
0.81013171
0.7764442
0.74568704
0.71785761
0.69284897
0.67037964
0.6501884
0.6319973
0.61555284
0.60062604
0.58702019
0.57456016
0.56310207
0.55252099
0.54271861
0.53361381
0.52514254
0.51725318
0.50990165
0.5030464
0.49664443
0.49065085
0.48501745
0.47969763
0.47464888
0.46983569
0.46523114
0.46081586
0.45657816
0.4525101
0.44860698
0.44486449
0.4412782
0.43784264
0.43455173
0.43139856
0.42837589
0.42547594
0.42269113
0.42001403
0.4174371
0.41495373
0.41255769
0.41024313
0.40800476
0.40583828
0.40373982
0.40170613
0.39973466
0.39782357
0.39597165
0.3941787
0.39244488
0.3907702
0.38915486
0.38759775
0.38609766
0.38465198
0.38325791
0.38191169
0.3806096
0.37934783
0.37812272
0.37693107
0.37576994
0.37463681
0.37352968
0.37244665
0.37138658
0.3703488
0.36933339
0.36834099
0.36737272
0.36642974
0.36551317
0.36462378
0.36376216
0.36292886
0.36212397
0.36134743
0.36059904
0.35987879
0.35918647
0.35852176
0.35788451
0.35727382
0.35668906
0.35612906
0.35559194
0.35507731
0.354584
0.35410972
0.3536542
0.35321617
0.35279456
0.35238736
0.35199267
0.35161021
0.35123982
0.35088043
0.35052917
0.35018745
0.34985477
0.34952879
0.34921026
0.34890245
0.34860802
0.34832632
0.3480552
0.34779612
0.34756007
0.34734886
0.34715786
0.34698081
0.34681236
0.34664746
0.34649597
0.34637185
0.34626675
0.34617431
0.34610206
0.3460445
0.34599745
0.34596425
0.34595568
0.34596076
0.34597801
0.34600696
0.34603756
0.34607061
0.34610403
0.34612668
0.34613118
0.34612321
0.34609955
0.34606202
0.34601468
0.34598892
0.34599557
0.34601758
0.34606267
0.34613037
0.34621143
0.34630573
0.34641039
0.34651582
0.34662264
0.34673449
0.34685834
0.34700118
0.34717265
0.34737755
0.34760929
0.34784701
0.3480795
0.34829902
0.34850635
0.34870911
0.34889415
0.34904923
0.34917547
0.34928562
0.34939698
0.34951858
0.34964923
0.34978542
0.34993603
0.35009753
0.35026243
0.35044099
0.35065863
0.35092745
0.35124567
0.3516097
0.35202098
0.35247896
0.35298026
0.35353442
0.3541587
0.35486385
0.35565886
0.35655633
0.35756692
0.35870179
0.35997394
0.36139092
0.36293615
0.36458934
0.3663665
0.3682837
0.37035327
0.37258999
0.37500881
0.37762295
0.38044678
0.38349806
0.38679488
0.39035195
0.39417645
0.39826503
0.40260312
0.40716625
0.41192347
0.4168407
0.42188448
0.42702363
0.43223098
0.43748197
0.4427561
0.4480335
0.45329497
0.45852453
0.4637001
0.46877911
0.47370336
0.47841972
0.4828841
0.48706985
0.4909543
0.4945146
0.49772771
0.50056844
0.50301125
0.50503166
0.50660771
0.5076443
0.5078969
0.50772411
0.5070908
0.50578471
0.50371907
0.50082662
0.4970518
0.4923539
0.48671108
0.4801163
0.4725744
0.4641038
0.45473526
0.44452405
0.43355312
0.42193319
0.40980596
0.39733585
0.38470753
0.37209669
0.35970014
0.34772699
0.33639073
0.32587936
0.31636648
0.30803013
0.30093191
0.2951166
0.29069601
0.28805654
0.28750165
0.28791331
0.28936408
0.29230169
0.29680844
0.30279606
0.31014199
0.31873992
0.3284498
0.33914804
0.35070518
0.36298853
0.37587306
0.38924589
0.40298069
0.41693277
0.43096218
0.4449478
0.45879053
0.47239996
0.48568616
0.49856534
0.51096179
0.52281272
0.53406997
0.54469554
0.55465959
0.56394122
0.57252823
0.5804165
0.58760942
0.59411649
0.59995187
0.60513296
0.60967848
0.61360688
0.61693588
0.6196763
0.62183379
0.62343421
0.62446782
0.62477576
0.62463718
0.62405867
0.62283307
0.62096783
0.61848629
0.61539902
0.61171333
0.60743912
0.60258993
0.59718297
0.59123948
0.5847852
0.57785088
0.57047257
0.5626915
0.5545535
0.5461082
0.53740826
0.52850841
0.51946458
0.51033269
0.50116808
0.49202615
0.48296151
0.47402802
0.46527972
0.45677208
0.44856349
0.4407171
0.43330323
0.42640495
0.42012502
0.41459472
0.40995231
0.40639951
0.4043482
0.40402074
0.4045609
0.40637866
0.41002983
0.41578769
0.4238854
0.43453365
0.44789967
0.46409656
0.48318996
0.50518747
0.53001614
0.55749865
0.5873417
0.61913515
0.65233793
0.68627291
0.72013403
0.75301069
0.7839309
0.81193437
0.83617747
0.85602747
0.87105222
0.88143101
0.888265
0.89215645
0.89322157
0.89287986
0.89165273
0.88969592
0.88763868
0.88582112
0.884364
0.88328098
0.8825163
0.88197151
0.8815437
0.88112076
0.88057699
0.87976675
0.87849701
0.8765321
0.87360627
0.86943089
0.86370411
0.85612073
0.84638389
0.834219
0.81938647
0.80169137
0.78099794
0.75725417
0.73051839
0.70097966
0.66896397
0.63492399
0.59940949
0.56302716
0.52639245
0.49008851
0.45462518
0.42042283
0.3877997
0.3569743
0.32807498
0.30115215
0.27620158
0.25317453
0.23199297
0.21256624
0.19480291
0.17858659
0.16377803
0.15026013
0.13797699
0.12690931
0.11704034
0.10834326
0.10075515
0.094183395
0.088527341
0.083687476
0.079569573
0.076085634
0.073153958
0.070701374
0.068662432
0.066977392
0.065592498
0.064461287
0.063544004
0.062806382
0.06221891
0.061756047
0.06139564
0.061118575
0.060908464
0.060751355
0.060635561
0.060551476
0.06049138
0.060449122
0.060419909
0.060400028
0.060386677
0.060377837
0.060372055
0.060368326
0.060365951
0.06036446
0.060363536
0.060362975
0.060362634
0.060362434
0.060362317
0.060362255
0.060362217
0.060362197
0.060362187
0.060362181
0.060362179
0.060362178
0.060362178
0.060362176
0.060362175
0.060362177
0.060362174
0.060362175
0.060362174
0.060362175
0.060362174
0.060362177
0.060362174
0.060362172
0.060362172
0.06036217
0.06036217
0.060362171
0.060362171
0.060362172
0.060362171
0.060362171
0.060362172
0.060362173
0.060362171
0.060362174
0.060362174
0.060362171
0.060362171
0.060362171
0.060362171
0.060362171
0.06036217
0.060362172
0.060362172
0.060362173
0.060362174
0.060362171
0.060362174
0.060362173
0.060362173
0.060362173
0.060362172
0.060362173
0.060362175
0.060362172
0.060362173
0.060362172
0.060362175
0.060362173
0.060362172
0.060362173
0.060362174
0.060362172
0.060362174
0.060362175
0.060362177
0.060362174
0.060362175
0.060362177
0.060362175
0.060362174
0.060362172
0.060362174
0.060362173
0.060362171
0.060362174
0.060362174
0.060362173
0.060362173
0.060362172
0.060362171
0.060362172
0.060362172
0.06036217
0.060362172
0.060362175
0.060362175
0.060362175
0.060362175
0.060362174
0.060362174
0.060362174
0.060362173
0.060362171
0.06036217
0.060362174
0.060362172
0.060362173
0.060362174
0.060362173
0.060362173
0.060362171
0.060362172
0.060362174
0.060362173
0.060362174
0.060362175
0.060362175
0.060362174
0.060362175
0.060362174
0.060362175
0.060362174
0.060362172
0.060362175
0.060362175
0.060362173
0.060362173
0.060362173
0.060362172
0.060362172
0.060362172
0.060362174
0.060362172
0.060362173
0.060362172
0.060362172
0.060362171
0.060362172
0.060362173
0.060362173
0.060362172
0.06036217
0.060362171
0.060362171
0.060362171
0.06036217
0.060362171
0.060362172
0.060362172
0.060362172
0.060362174
0.060362175
0.060362175
0.060362174
0.060362172
0.060362172
0.060362173
0.060362174
0.060362173
0.060362173
0.060362171
0.060362172
0.060362173
0.060362174
0.060362174
0.060362173
0.060362177
0.060362176
0.060362178
0.060362175
0.060362174
0.060362173
0.060362175
0.060362174
0.060362176
0.060362174
0.060362176
0.060362173
0.060362173
0.060362172
0.060362173
0.060362171
0.060362174
0.060362173
0.060362171
0.060362173
0.060362174
0.060362171
0.060362173
0.060362174
0.060362174
0.060362175
0.060362174
0.060362175
0.060362172
0.060362171
0.060362172
0.060362171
0.060362172
0.060362171
0.060362172
0.060362172
0.060362173
0.060362171
0.060362172
0.060362171
0.060362174
0.060362175
0.060362174
0.060362173
0.060362175
0.060362173
0.060362175
0.060362174
0.060362173
0.060362175
0.060362173
0.060362174
0.060362171
0.060362173
0.060362173
0.060362173
0.060362172
0.060362175
0.060362171
0.060362174
0.060362171
0.060362171
0.060362173
0.060362172
0.060362173
0.060362171
0.060362174
0.060362172
0.060362171
0.060362174
0.060362173
0.060362174
0.060362174
0.060362173
0.060362173
0.060362175
0.060362174
0.060362174
0.060362176
0.060362176
0.060362173
0.060362172
0.060362171
0.060362172
0.060362174
0.060362173
0.060362173
0.060362173
0.060362174
0.060362173
0.060362173
0.060362174
0.060362174
0.060362174
0.060362173
0.060362173
0.060362175
0.060362173
0.060362171
0.060362171
0.060362172
0.060362172
0.060362172
0.060362174
0.060362173
0.060362173
0.060362173
0.060362171
0.060362173
0.060362171
0.060362172
0.88798816
0.73800395
0.62443604
0.54494033
0.49001816
0.45166683
0.42418033
0.40374046
0.38799284
0.37546907
0.36528364
0.35677481
0.34953206
0.34325444
0.33773999
0.33282815
0.32840691
0.32437924
0.32068135
0.31725695
0.31407772
0.31112575
0.30839339
0.30587768
0.30357188
0.30146155
0.29952244
0.29772375
0.29603194
0.29441799
0.29286083
0.29134884
0.2898792
0.28845431
0.28707967
0.28575969
0.28449727
0.28329265
0.28214453
0.28105025
0.28000741
0.27901304
0.27806469
0.2771593
0.27629384
0.27546495
0.27466914
0.27390316
0.27316341
0.27244753
0.27175351
0.27107996
0.27042607
0.26979175
0.26917763
0.26858517
0.26801622
0.26747305
0.26695779
0.26647176
0.26601572
0.26558892
0.26518991
0.26481574
0.26446328
0.2641286
0.26380799
0.263498
0.2631958
0.2628992
0.2626067
0.26231752
0.26203165
0.26174957
0.26147234
0.26120132
0.26093819
0.26068459
0.2604423
0.26021265
0.25999687
0.25979569
0.25960973
0.25943934
0.25928467
0.25914571
0.25902237
0.25891468
0.25882246
0.25874544
0.25868349
0.25863562
0.25860224
0.25857859
0.25857155
0.25857557
0.25858733
0.25860658
0.25863389
0.25866902
0.25870755
0.25874836
0.25879772
0.25885158
0.25890278
0.25895761
0.25901769
0.25907553
0.25913143
0.25918845
0.25924772
0.25931572
0.25939548
0.25948059
0.25957134
0.25967518
0.25979735
0.25993627
0.26009373
0.260265
0.26044053
0.26062114
0.26081807
0.26102998
0.26124942
0.261482
0.26173127
0.26198404
0.26224201
0.26250899
0.2627768
0.26304728
0.26332982
0.26361054
0.26388161
0.26415396
0.26442072
0.26467175
0.26490951
0.26513162
0.26534189
0.26554814
0.26574874
0.26595794
0.26619013
0.26644242
0.26671673
0.26701382
0.26732894
0.26765605
0.26798329
0.2683099
0.26863677
0.26895889
0.26928687
0.2696334
0.27000395
0.27040734
0.2708376
0.2712766
0.27171466
0.27213489
0.27253287
0.27291084
0.27324946
0.27353832
0.27378768
0.2740183
0.27424585
0.27448124
0.27473111
0.27499875
0.27528768
0.27559191
0.27591161
0.27625871
0.27664497
0.27707628
0.27755083
0.27806791
0.27863031
0.27924089
0.27990436
0.28063218
0.28143946
0.28234065
0.28334405
0.28445596
0.28569131
0.28706482
0.28858577
0.29025746
0.29207726
0.29404493
0.29616606
0.29845161
0.30091656
0.30357349
0.30643434
0.30951233
0.31282142
0.31637572
0.32018751
0.32426394
0.32860396
0.33319708
0.33802372
0.34305721
0.34826687
0.35362052
0.35908704
0.36463722
0.3702441
0.37588284
0.38153107
0.38716643
0.3927669
0.39831168
0.40377512
0.40911171
0.4142585
0.41914451
0.42369261
0.42785725
0.43161534
0.43494644
0.43782485
0.44022838
0.44213692
0.44351862
0.44417002
0.44413854
0.44374855
0.44270677
0.44091374
0.43829847
0.43480718
0.4303949
0.42503812
0.41874716
0.4115643
0.40354522
0.39475537
0.38527713
0.37520767
0.36466857
0.35380871
0.34279208
0.33180971
0.32106477
0.31078463
0.30117108
0.2924297
0.28473529
0.27816404
0.27282014
0.26891233
0.26694093
0.26679988
0.26746368
0.26949328
0.27322023
0.2786556
0.28565391
0.29408466
0.30382797
0.31477726
0.32682499
0.33984013
0.35368545
0.36823539
0.38335458
0.39887981
0.41464566
0.43050945
0.44635146
0.46205376
0.477494
0.49255662
0.50714491
0.5211838
0.53461002
0.54736767
0.55941095
0.57070549
0.58122951
0.59097378
0.59993896
0.60813355
0.61557303
0.62227864
0.62827585
0.63359266
0.63825816
0.64230093
0.64574807
0.64862452
0.65094946
0.65273821
0.65401319
0.65473896
0.65484899
0.65463321
0.65392965
0.65262591
0.65073493
0.64825794
0.64519028
0.64153106
0.63728226
0.63244842
0.62703777
0.62106265
0.61453962
0.60749001
0.59994091
0.59192576
0.58348447
0.57466295
0.56551263
0.55608976
0.54645462
0.53667041
0.52680246
0.51691743
0.50708238
0.49736088
0.48781392
0.47850166
0.46948459
0.46082495
0.45258871
0.44484837
0.43768653
0.43120019
0.42550674
0.42075366
0.41712955
0.41497415
0.41457923
0.4151634
0.41712926
0.42104921
0.42716463
0.43566558
0.44672964
0.4605161
0.47714454
0.49667407
0.51908702
0.54427462
0.57201876
0.60197511
0.63366488
0.66646512
0.6996042
0.73217885
0.76319308
0.7916268
0.81653086
0.83710171
0.8526378
0.86320808
0.86996362
0.87327746
0.87348953
0.87214644
0.86906427
0.86509104
0.86096376
0.85708142
0.85367154
0.85083061
0.84855034
0.84675058
0.84531286
0.84410309
0.84298284
0.84181128
0.84044011
0.83869462
0.83636302
0.83320072
0.82893985
0.82329909
0.81599557
0.80675729
0.79533538
0.78151594
0.76513034
0.74606443
0.72427015
0.699782
0.67273289
0.64336525
0.61203033
0.57917568
0.54531659
0.51100269
0.47677746
0.44314582
0.41054243
0.37931535
0.34971971
0.32191865
0.29599463
0.27196238
0.2497867
0.22939671
0.21070563
0.19361742
0.17803853
0.16386938
0.15099471
0.13928322
0.12862767
0.11897924
0.11031756
0.10262954
0.095890416
0.09004498
0.085015749
0.080719695
0.077073335
0.073997036
0.071417303
0.069266773
0.067485402
0.066019778
0.064821896
0.063848696
0.063063064
0.062433741
0.061934034
0.061541126
0.061235603
0.061000938
0.060823085
0.060690183
0.060592297
0.060521275
0.06047053
0.060434868
0.060410233
0.060393511
0.060382343
0.060374986
0.060370205
0.060367141
0.060365204
0.060363992
0.060363253
0.060362803
0.060362536
0.060362378
0.060362284
0.060362232
0.060362203
0.060362188
0.06036218
0.060362176
0.060362176
0.060362174
0.060362173
0.060362173
0.060362174
0.060362174
0.060362173
0.060362173
0.060362176
0.060362173
0.060362172
0.060362169
0.060362171
0.060362175
0.060362172
0.060362175
0.060362174
0.060362173
0.060362172
0.060362174
0.060362175
0.060362173
0.060362173
0.060362174
0.060362174
0.060362171
0.060362172
0.060362173
0.060362175
0.060362174
0.060362175
0.060362173
0.060362175
0.060362172
0.060362172
0.060362173
0.060362173
0.060362175
0.060362173
0.060362174
0.060362175
0.060362174
0.060362173
0.060362172
0.060362173
0.060362173
0.060362171
0.060362173
0.060362171
0.060362173
0.060362172
0.060362174
0.060362171
0.060362174
0.060362172
0.060362171
0.060362172
0.060362173
0.060362172
0.060362172
0.060362171
0.060362174
0.060362173
0.060362172
0.060362173
0.060362174
0.060362173
0.060362172
0.060362173
0.060362174
0.060362175
0.06036217
0.060362175
0.060362173
0.060362175
0.060362172
0.060362172
0.060362173
0.060362172
0.060362171
0.060362173
0.060362172
0.060362172
0.060362173
0.060362172
0.060362172
0.060362175
0.060362174
0.060362174
0.060362172
0.060362172
0.060362173
0.060362172
0.060362172
0.060362172
0.060362172
0.060362172
0.06036217
0.060362172
0.06036217
0.060362171
0.060362172
0.060362174
0.060362174
0.060362174
0.060362173
0.060362172
0.060362173
0.060362173
0.060362172
0.060362175
0.060362173
0.060362173
0.060362173
0.060362175
0.060362175
0.060362172
0.060362175
0.060362177
0.060362173
0.060362173
0.060362172
0.060362171
0.060362176
0.060362172
0.060362173
0.060362174
0.060362175
0.060362173
0.060362173
0.060362175
0.060362174
0.060362174
0.060362173
0.060362173
0.060362174
0.060362176
0.060362174
0.060362174
0.060362175
0.060362174
0.060362175
0.060362177
0.060362174
0.060362173
0.060362174
0.060362172
0.060362172
0.060362174
0.060362171
0.06036217
0.060362173
0.060362173
0.060362174
0.060362174
0.060362174
0.060362172
0.060362173
0.060362175
0.060362172
0.060362172
0.060362174
0.060362173
0.060362175
0.060362172
0.060362173
0.060362173
0.060362173
0.060362173
0.060362174
0.060362173
0.060362174
0.060362172
0.060362172
0.060362172
0.060362172
0.060362172
0.060362172
0.060362172
0.060362172
0.060362172
0.060362174
0.060362175
0.06036217
0.060362171
0.060362173
0.060362173
0.060362176
0.060362171
0.060362173
0.060362172
0.060362169
0.060362171
0.060362172
0.060362173
0.060362173
0.060362175
0.060362172
0.060362173
0.060362171
0.060362173
0.060362172
0.060362171
0.060362175
0.060362172
0.060362171
0.060362171
0.060362174
0.060362176
0.060362174
0.060362175
0.060362176
0.060362173
0.060362174
0.060362176
0.060362174
0.060362174
0.060362173
0.060362171
0.060362171
0.060362173
0.060362172
0.06036217
0.06036217
0.060362171
0.060362172
0.060362172
0.060362171
0.060362173
0.060362174
0.060362174
0.060362175
0.060362174
0.060362175
0.060362173
0.060362174
0.060362172
0.060362172
0.060362172
0.060362172
0.060362171
0.060362172
0.060362174
0.060362172
0.060362172
0.060362173
0.060362174
0.060362174
0.060362172
0.060362172
0.060362173
0.060362171
0.060362171
0.060362171
0.060362173
0.060362172
0.060362172
0.060362173
0.060362174
)
;

boundaryField
{
    walls
    {
        type            slip;
    }
    inlet1
    {
        type            fixedValue;
        value           uniform 0;
    }
    inlet2
    {
        type            fixedValue;
        value           uniform 1;
    }
    outlet
    {
        type            zeroGradient;
    }
    frontAndBack
    {
        type            empty;
    }
}


// ************************************************************************* //
