(0 "FOAM to Fluent Mesh File")

(0 "Dimension:")
(2 3)

(0 "Grid dimensions:")
(10 (0 1 1cf0 0 3))
(12 (0 1 e00 0 0))
(13 (0 1 3878 0 0))

(10 (1 1 1cf0 1 3)
(
    5.0100000000e+02 0.0000000000e+00 0.0000000000e+00
    5.0100000000e+02 0.0000000000e+00 -8.4907371400e-06
    5.0100000000e+02 0.0000000000e+00 -2.3191064700e-05
    5.0100000000e+02 0.0000000000e+00 -4.8642286330e-05
    5.0100000000e+02 0.0000000000e+00 -9.2706929550e-05
    5.0100000000e+02 0.0000000000e+00 -1.6899768020e-04
    5.0100000000e+02 0.0000000000e+00 -3.0108268710e-04
    5.0100000000e+02 0.0000000000e+00 -5.2976636210e-04
    5.0100000000e+02 0.0000000000e+00 -9.2569490130e-04
    5.0100000000e+02 0.0000000000e+00 -1.6111806850e-03
    5.0100000000e+02 0.0000000000e+00 -2.7979876810e-03
    5.0100000000e+02 0.0000000000e+00 -4.8527507400e-03
    5.0100000000e+02 0.0000000000e+00 -8.4102384390e-03
    5.0100000000e+02 0.0000000000e+00 -1.4569449310e-02
    5.0100000000e+02 0.0000000000e+00 -2.5233120580e-02
    5.0100000000e+02 0.0000000000e+00 -4.3695532600e-02
    5.0100000000e+02 0.0000000000e+00 -7.5660196850e-02
    5.0100000000e+02 0.0000000000e+00 -1.3100181850e-01
    5.0100000000e+02 0.0000000000e+00 -2.2681684920e-01
    5.0100000000e+02 0.0000000000e+00 -3.9270503880e-01
    5.0100000000e+02 0.0000000000e+00 -6.7991362200e-01
    5.0100000000e+02 0.0000000000e+00 -1.1771690480e+00
    5.0100000000e+02 0.0000000000e+00 -2.0380872720e+00
    5.0100000000e+02 0.0000000000e+00 -3.5286308350e+00
    5.0100000000e+02 0.0000000000e+00 -6.1092751550e+00
    5.0100000000e+02 0.0000000000e+00 -1.0577272140e+01
    5.0100000000e+02 0.0000000000e+00 -1.8312975680e+01
    5.0100000000e+02 0.0000000000e+00 -3.1706375200e+01
    5.0100000000e+02 0.0000000000e+00 -5.4895756990e+01
    5.0100000000e+02 0.0000000000e+00 -9.5047133730e+01
    5.0100000000e+02 0.0000000000e+00 -1.6457113920e+02
    5.0100000000e+02 0.0000000000e+00 -2.8496713140e+02
    5.0100000000e+02 0.0000000000e+00 -4.9349850840e+02
    3.2802019850e+02 0.0000000000e+00 0.0000000000e+00
    3.2802019850e+02 0.0000000000e+00 -8.4907851980e-06
    3.2802019850e+02 0.0000000000e+00 -2.3191350740e-05
    3.2802019850e+02 0.0000000000e+00 -4.8643252430e-05
    3.2802019850e+02 0.0000000000e+00 -9.2709537280e-05
    3.2802019850e+02 0.0000000000e+00 -1.6900393410e-04
    3.2802019850e+02 0.0000000000e+00 -3.0109664580e-04
    3.2802019850e+02 0.0000000000e+00 -5.2979607150e-04
    3.2802019850e+02 0.0000000000e+00 -9.2575605610e-04
    3.2802019850e+02 0.0000000000e+00 -1.6113035220e-03
    3.2802019850e+02 0.0000000000e+00 -2.7982298640e-03
    3.2802019850e+02 0.0000000000e+00 -4.8532212940e-03
    3.2802019850e+02 0.0000000000e+00 -8.4111420530e-03
    3.2802019850e+02 0.0000000000e+00 -1.4571167970e-02
    3.2802019850e+02 0.0000000000e+00 -2.5236363540e-02
    3.2802019850e+02 0.0000000000e+00 -4.3701610810e-02
    3.2802019850e+02 0.0000000000e+00 -7.5671524240e-02
    3.2802019850e+02 0.0000000000e+00 -1.3102282510e-01
    3.2802019860e+02 0.0000000000e+00 -2.2685564010e-01
    3.2802019860e+02 0.0000000000e+00 -3.9277641030e-01
    3.2802019890e+02 0.0000000000e+00 -6.8004454260e-01
    3.2802019970e+02 0.0000000000e+00 -1.1774086070e+00
    3.2802020230e+02 0.0000000000e+00 -2.0385247750e+00
    3.2802021050e+02 0.0000000000e+00 -3.5294287960e+00
    3.2802023650e+02 0.0000000000e+00 -6.1107299780e+00
    3.2802031840e+02 0.0000000000e+00 -1.0579926910e+01
    3.2802057770e+02 0.0000000000e+00 -1.8317833470e+01
    3.2802140240e+02 0.0000000000e+00 -3.1715312240e+01
    3.2802405320e+02 0.0000000000e+00 -5.4912355460e+01
    3.2803272920e+02 0.0000000000e+00 -9.5078484630e+01
    3.2806198160e+02 0.0000000000e+00 -1.6463204420e+02
    3.2816530580e+02 0.0000000000e+00 -2.8509045430e+02
    3.2855701470e+02 0.0000000000e+00 -4.9376268220e+02
    2.1488217280e+02 0.0000000000e+00 0.0000000000e+00
    2.1488217280e+02 0.0000000000e+00 -8.4908587310e-06
    2.1488217280e+02 0.0000000000e+00 -2.3191788430e-05
    2.1488217280e+02 0.0000000000e+00 -4.8644730840e-05
    2.1488217280e+02 0.0000000000e+00 -9.2713528100e-05
    2.1488217280e+02 0.0000000000e+00 -1.6901350550e-04
    2.1488217280e+02 0.0000000000e+00 -3.0111801090e-04
    2.1488217280e+02 0.0000000000e+00 -5.2984154810e-04
    2.1488217280e+02 0.0000000000e+00 -9.2584967390e-04
    2.1488217280e+02 0.0000000000e+00 -1.6114915680e-03
    2.1488217280e+02 0.0000000000e+00 -2.7986005880e-03
    2.1488217280e+02 0.0000000000e+00 -4.8539415440e-03
    2.1488217280e+02 0.0000000000e+00 -8.4125250560e-03
    2.1488217280e+02 0.0000000000e+00 -1.4573798250e-02
    2.1488217280e+02 0.0000000000e+00 -2.5241326280e-02
    2.1488217280e+02 0.0000000000e+00 -4.3710911870e-02
    2.1488217280e+02 0.0000000000e+00 -7.5688856950e-02
    2.1488217280e+02 0.0000000000e+00 -1.3105496710e-01
    2.1488217290e+02 0.0000000000e+00 -2.2691499190e-01
    2.1488217310e+02 0.0000000000e+00 -3.9288560850e-01
    2.1488217370e+02 0.0000000000e+00 -6.8024484570e-01
    2.1488217560e+02 0.0000000000e+00 -1.1777751170e+00
    2.1488218170e+02 0.0000000000e+00 -2.0391941190e+00
    2.1488220090e+02 0.0000000000e+00 -3.5306496490e+00
    2.1488226160e+02 0.0000000000e+00 -6.1129560860e+00
    2.1488245320e+02 0.0000000000e+00 -1.0583990670e+01
    2.1488305960e+02 0.0000000000e+00 -1.8325277400e+01
    2.1488498870e+02 0.0000000000e+00 -3.1729045240e+01
    2.1489119280e+02 0.0000000000e+00 -5.4938023020e+01
    2.1491152600e+02 0.0000000000e+00 -9.5127542620e+01
    2.1498034350e+02 0.0000000000e+00 -1.6472930310e+02
    2.1522619800e+02 0.0000000000e+00 -2.8529482700e+02
    2.1712676880e+02 0.0000000000e+00 -4.9455115190e+02
    1.4088386340e+02 0.0000000000e+00 0.0000000000e+00
    1.4088386340e+02 0.0000000000e+00 -8.4909711590e-06
    1.4088386340e+02 0.0000000000e+00 -2.3192457630e-05
    1.4088386340e+02 0.0000000000e+00 -4.8646991230e-05
    1.4088386340e+02 0.0000000000e+00 -9.2719629770e-05
    1.4088386340e+02 0.0000000000e+00 -1.6902813950e-04
    1.4088386340e+02 0.0000000000e+00 -3.0115067660e-04
    1.4088386340e+02 0.0000000000e+00 -5.2991107850e-04
    1.4088386340e+02 0.0000000000e+00 -9.2599280860e-04
    1.4088386340e+02 0.0000000000e+00 -1.6117790760e-03
    1.4088386340e+02 0.0000000000e+00 -2.7991673980e-03
    1.4088386340e+02 0.0000000000e+00 -4.8550427540e-03
    1.4088386340e+02 0.0000000000e+00 -8.4146395660e-03
    1.4088386340e+02 0.0000000000e+00 -1.4577819740e-02
    1.4088386340e+02 0.0000000000e+00 -2.5248913960e-02
    1.4088386340e+02 0.0000000000e+00 -4.3725132530e-02
    1.4088386340e+02 0.0000000000e+00 -7.5715357410e-02
    1.4088386350e+02 0.0000000000e+00 -1.3110411000e-01
    1.4088386360e+02 0.0000000000e+00 -2.2700573640e-01
    1.4088386410e+02 0.0000000000e+00 -3.9305256450e-01
    1.4088386550e+02 0.0000000000e+00 -6.8055109450e-01
    1.4088387000e+02 0.0000000000e+00 -1.1783354840e+00
    1.4088388420e+02 0.0000000000e+00 -2.0402175010e+00
    1.4088392920e+02 0.0000000000e+00 -3.5325162600e+00
    1.4088407120e+02 0.0000000000e+00 -6.1163597220e+00
    1.4088451940e+02 0.0000000000e+00 -1.0590204290e+01
    1.4088593800e+02 0.0000000000e+00 -1.8336660840e+01
    1.4089045360e+02 0.0000000000e+00 -3.1750053560e+01
    1.4090499300e+02 0.0000000000e+00 -5.4977328030e+01
    1.4095280470e+02 0.0000000000e+00 -9.5202881630e+01
    1.4111625900e+02 0.0000000000e+00 -1.6487993760e+02
    1.4221577330e+02 0.0000000000e+00 -2.8580159090e+02
    1.7926152340e+02 0.0000000000e+00 -4.9899272470e+02
    9.2485018230e+01 0.0000000000e+00 0.0000000000e+00
    9.2485018230e+01 0.0000000000e+00 -8.4911430530e-06
    9.2485018230e+01 0.0000000000e+00 -2.3193480790e-05
    9.2485018230e+01 0.0000000000e+00 -4.8650447190e-05
    9.2485018230e+01 0.0000000000e+00 -9.2728958780e-05
    9.2485018230e+01 0.0000000000e+00 -1.6905051380e-04
    9.2485018230e+01 0.0000000000e+00 -3.0120062020e-04
    9.2485018230e+01 0.0000000000e+00 -5.3001738550e-04
    9.2485018230e+01 0.0000000000e+00 -9.2621165130e-04
    9.2485018230e+01 0.0000000000e+00 -1.6122186550e-03
    9.2485018230e+01 0.0000000000e+00 -2.8000340100e-03
    9.2485018230e+01 0.0000000000e+00 -4.8567264240e-03
    9.2485018230e+01 0.0000000000e+00 -8.4178724990e-03
    9.2485018230e+01 0.0000000000e+00 -1.4583968320e-02
    9.2485018240e+01 0.0000000000e+00 -2.5260514960e-02
    9.2485018250e+01 0.0000000000e+00 -4.3746874870e-02
    9.2485018280e+01 0.0000000000e+00 -7.5755874670e-02
    9.2485018380e+01 0.0000000000e+00 -1.3117924580e-01
    9.2485018710e+01 0.0000000000e+00 -2.2714447810e-01
    9.2485019750e+01 0.0000000000e+00 -3.9330782810e-01
    9.2485023070e+01 0.0000000000e+00 -6.8101932700e-01
    9.2485033590e+01 0.0000000000e+00 -1.1791922450e+00
    9.2485066890e+01 0.0000000000e+00 -2.0417821870e+00
    9.2485172100e+01 0.0000000000e+00 -3.5353702240e+00
    9.2485504300e+01 0.0000000000e+00 -6.1215639230e+00
    9.2486553400e+01 0.0000000000e+00 -1.0599706000e+01
    9.2489874640e+01 0.0000000000e+00 -1.8354073400e+01
    9.2500458090e+01 0.0000000000e+00 -3.1782216510e+01
    9.2534637290e+01 0.0000000000e+00 -5.5037652210e+01
    9.2648046440e+01 0.0000000000e+00 -9.5319365860e+01
    9.3368236550e+01 0.0000000000e+00 -1.6524411050e+02
    1.1881891910e+02 0.0000000000e+00 -2.8881594590e+02
    1.7170674820e+02 0.0000000000e+00 -5.0078621930e+02
    6.0829589420e+01 0.0000000000e+00 0.0000000000e+00
    6.0829589420e+01 0.0000000000e+00 -8.4914058660e-06
    6.0829589420e+01 0.0000000000e+00 -2.3195045120e-05
    6.0829589420e+01 0.0000000000e+00 -4.8655731100e-05
    6.0829589420e+01 0.0000000000e+00 -9.2743222150e-05
    6.0829589420e+01 0.0000000000e+00 -1.6908472250e-04
    6.0829589420e+01 0.0000000000e+00 -3.0127698020e-04
    6.0829589420e+01 0.0000000000e+00 -5.3017992110e-04
    6.0829589420e+01 0.0000000000e+00 -9.2654624570e-04
    6.0829589420e+01 0.0000000000e+00 -1.6128907380e-03
    6.0829589420e+01 0.0000000000e+00 -2.8013589950e-03
    6.0829589420e+01 0.0000000000e+00 -4.8593006330e-03
    6.0829589420e+01 0.0000000000e+00 -8.4228154170e-03
    6.0829589420e+01 0.0000000000e+00 -1.4593369040e-02
    6.0829589430e+01 0.0000000000e+00 -2.5278252050e-02
    6.0829589450e+01 0.0000000000e+00 -4.3780117340e-02
    6.0829589520e+01 0.0000000000e+00 -7.5817822610e-02
    6.0829589760e+01 0.0000000000e+00 -1.3129412300e-01
    6.0829590530e+01 0.0000000000e+00 -2.2735660420e-01
    6.0829592970e+01 0.0000000000e+00 -3.9369810780e-01
    6.0829600730e+01 0.0000000000e+00 -6.8173522150e-01
    6.0829625360e+01 0.0000000000e+00 -1.1805021780e+00
    6.0829703300e+01 0.0000000000e+00 -2.0441745140e+00
    6.0829949580e+01 0.0000000000e+00 -3.5397339230e+00
    6.0830727350e+01 0.0000000000e+00 -6.1295218370e+00
    6.0833184460e+01 0.0000000000e+00 -1.0614239170e+01
    6.0840970870e+01 0.0000000000e+00 -1.8380726250e+01
    6.0865850780e+01 0.0000000000e+00 -3.1831553270e+01
    6.0946855590e+01 0.0000000000e+00 -5.5130782770e+01
    6.1478330780e+01 0.0000000000e+00 -9.5608674030e+01
    7.9852304920e+01 0.0000000000e+00 -1.6730403520e+02
    1.1444540820e+02 0.0000000000e+00 -2.8997901810e+02
    1.6525002610e+02 0.0000000000e+00 -5.0226263660e+02
    4.0125248850e+01 0.0000000000e+00 0.0000000000e+00
    4.0125248850e+01 0.0000000000e+00 -8.4918076890e-06
    4.0125248850e+01 0.0000000000e+00 -2.3197436870e-05
    4.0125248850e+01 0.0000000000e+00 -4.8663809820e-05
    4.0125248850e+01 0.0000000000e+00 -9.2765029820e-05
    4.0125248850e+01 0.0000000000e+00 -1.6913702510e-04
    4.0125248850e+01 0.0000000000e+00 -3.0139372910e-04
    4.0125248850e+01 0.0000000000e+00 -5.3042842620e-04
    4.0125248850e+01 0.0000000000e+00 -9.2705781620e-04
    4.0125248850e+01 0.0000000000e+00 -1.6139183060e-03
    4.0125248850e+01 0.0000000000e+00 -2.8033848010e-03
    4.0125248850e+01 0.0000000000e+00 -4.8632364110e-03
    4.0125248850e+01 0.0000000000e+00 -8.4303727790e-03
    4.0125248860e+01 0.0000000000e+00 -1.4607742060e-02
    4.0125248880e+01 0.0000000000e+00 -2.5305370760e-02
    4.0125248930e+01 0.0000000000e+00 -4.3830942640e-02
    4.0125249100e+01 0.0000000000e+00 -7.5912536500e-02
    4.0125249660e+01 0.0000000000e+00 -1.3146976190e-01
    4.0125251450e+01 0.0000000000e+00 -2.2768092970e-01
    4.0125257170e+01 0.0000000000e+00 -3.9429481780e-01
    4.0125275360e+01 0.0000000000e+00 -6.8282977640e-01
    4.0125333030e+01 0.0000000000e+00 -1.1825049940e+00
    4.0125515580e+01 0.0000000000e+00 -2.0478323390e+00
    4.0126092520e+01 0.0000000000e+00 -3.5464064290e+00
    4.0127915250e+01 0.0000000000e+00 -6.1416929290e+00
    4.0133678910e+01 0.0000000000e+00 -1.0636481020e+01
    4.0151989840e+01 0.0000000000e+00 -1.8421592730e+01
    4.0210939210e+01 0.0000000000e+00 -3.1907626300e+01
    4.0657718160e+01 0.0000000000e+00 -5.5383850810e+01
    5.4210441010e+01 0.0000000000e+00 -9.7010290580e+01
    7.7257073000e+01 0.0000000000e+00 -1.6809322190e+02
    1.1047461430e+02 0.0000000000e+00 -2.9099402630e+02
    1.5869811230e+02 0.0000000000e+00 -5.0367906630e+02
    2.6583504700e+01 0.0000000000e+00 0.0000000000e+00
    2.6583504700e+01 0.0000000000e+00 -8.4924220450e-06
    2.6583504700e+01 0.0000000000e+00 -2.3201093680e-05
    2.6583504700e+01 0.0000000000e+00 -4.8676161600e-05
    2.6583504700e+01 0.0000000000e+00 -9.2798372150e-05
    2.6583504700e+01 0.0000000000e+00 -1.6921699200e-04
    2.6583504700e+01 0.0000000000e+00 -3.0157222970e-04
    2.6583504700e+01 0.0000000000e+00 -5.3080837240e-04
    2.6583504700e+01 0.0000000000e+00 -9.2783997030e-04
    2.6583504700e+01 0.0000000000e+00 -1.6154893810e-03
    2.6583504700e+01 0.0000000000e+00 -2.8064821120e-03
    2.6583504700e+01 0.0000000000e+00 -4.8692539280e-03
    2.6583504700e+01 0.0000000000e+00 -8.4419274350e-03
    2.6583504710e+01 0.0000000000e+00 -1.4629717360e-02
    2.6583504750e+01 0.0000000000e+00 -2.5346833310e-02
    2.6583504880e+01 0.0000000000e+00 -4.3908650830e-02
    2.6583505290e+01 0.0000000000e+00 -7.6057347160e-02
    2.6583506600e+01 0.0000000000e+00 -1.3173830110e-01
    2.6583510800e+01 0.0000000000e+00 -2.2817680030e-01
    2.6583524200e+01 0.0000000000e+00 -3.9520714690e-01
    2.6583566820e+01 0.0000000000e+00 -6.8450328770e-01
    2.6583702020e+01 0.0000000000e+00 -1.1855672450e+00
    2.6584130050e+01 0.0000000000e+00 -2.0534253920e+00
    2.6585483360e+01 0.0000000000e+00 -3.5566109980e+00
    2.6589762690e+01 0.0000000000e+00 -6.1603171250e+00
    2.6603327270e+01 0.0000000000e+00 -1.0670571770e+01
    2.6646729060e+01 0.0000000000e+00 -1.8484541790e+01
    2.7080235570e+01 0.0000000000e+00 -3.2148683880e+01
    3.7040792900e+01 0.0000000000e+00 -5.6324655710e+01
    5.2591513590e+01 0.0000000000e+00 -9.7580732380e+01
    7.4742533120e+01 0.0000000000e+00 -1.6882715500e+02
    1.0642421350e+02 0.0000000000e+00 -2.9197772020e+02
    1.5201897650e+02 0.0000000000e+00 -5.0503855820e+02
    1.7726481010e+01 0.0000000000e+00 0.0000000000e+00
    1.7726481010e+01 0.0000000000e+00 -8.4933613530e-06
    1.7726481010e+01 0.0000000000e+00 -2.3206684680e-05
    1.7726481010e+01 0.0000000000e+00 -4.8695046570e-05
    1.7726481010e+01 0.0000000000e+00 -9.2849350150e-05
    1.7726481010e+01 0.0000000000e+00 -1.6933925550e-04
    1.7726481010e+01 0.0000000000e+00 -3.0184514410e-04
    1.7726481010e+01 0.0000000000e+00 -5.3138928240e-04
    1.7726481010e+01 0.0000000000e+00 -9.2903582690e-04
    1.7726481010e+01 0.0000000000e+00 -1.6178914420e-03
    1.7726481010e+01 0.0000000000e+00 -2.8112176740e-03
    1.7726481020e+01 0.0000000000e+00 -4.8784542740e-03
    1.7726481020e+01 0.0000000000e+00 -8.4595936620e-03
    1.7726481050e+01 0.0000000000e+00 -1.4663316000e-02
    1.7726481140e+01 0.0000000000e+00 -2.5410226520e-02
    1.7726481440e+01 0.0000000000e+00 -4.4027461010e-02
    1.7726482390e+01 0.0000000000e+00 -7.6278752190e-02
    1.7726485470e+01 0.0000000000e+00 -1.3214887830e-01
    1.7726495320e+01 0.0000000000e+00 -2.2893495230e-01
    1.7726526770e+01 0.0000000000e+00 -3.9660204310e-01
    1.7726626800e+01 0.0000000000e+00 -6.8706202850e-01
    1.7726944240e+01 0.0000000000e+00 -1.1902495600e+00
    1.7727949590e+01 0.0000000000e+00 -2.0619787450e+00
    1.7731131190e+01 0.0000000000e+00 -3.5722240660e+00
    1.7741215600e+01 0.0000000000e+00 -6.1888539880e+00
    1.7773404410e+01 0.0000000000e+00 -1.0723041790e+01
    1.8237374000e+01 0.0000000000e+00 -1.8718270730e+01
    2.5408728350e+01 0.0000000000e+00 -3.2762953630e+01
    3.5986652670e+01 0.0000000000e+00 -5.6758399850e+01
    5.0959123070e+01 0.0000000000e+00 -9.8132942240e+01
    7.2168753710e+01 0.0000000000e+00 -1.6954384540e+02
    1.0228452120e+02 0.0000000000e+00 -2.9292964190e+02
    1.4520611870e+02 0.0000000000e+00 -5.0633829740e+02
    1.1933514640e+01 0.0000000000e+00 0.0000000000e+00
    1.1933514640e+01 0.0000000000e+00 -8.4947974850e-06
    1.1933514640e+01 0.0000000000e+00 -2.3215232910e-05
    1.1933514640e+01 0.0000000000e+00 -4.8723920300e-05
    1.1933514640e+01 0.0000000000e+00 -9.2927291790e-05
    1.1933514640e+01 0.0000000000e+00 -1.6952618750e-04
    1.1933514640e+01 0.0000000000e+00 -3.0226241030e-04
    1.1933514640e+01 0.0000000000e+00 -5.3227745150e-04
    1.1933514640e+01 0.0000000000e+00 -9.3086420450e-04
    1.1933514640e+01 0.0000000000e+00 -1.6215640170e-03
    1.1933514640e+01 0.0000000000e+00 -2.8184580040e-03
    1.1933514640e+01 0.0000000000e+00 -4.8925209330e-03
    1.1933514660e+01 0.0000000000e+00 -8.4866040380e-03
    1.1933514730e+01 0.0000000000e+00 -1.4714685870e-02
    1.1933514940e+01 0.0000000000e+00 -2.5507150130e-02
    1.1933515640e+01 0.0000000000e+00 -4.4209113160e-02
    1.1933517880e+01 0.0000000000e+00 -7.6617264600e-02
    1.1933525110e+01 0.0000000000e+00 -1.3277662240e-01
    1.1933548260e+01 0.0000000000e+00 -2.3009411970e-01
    1.1933622200e+01 0.0000000000e+00 -3.9873478380e-01
    1.1933857510e+01 0.0000000000e+00 -6.9097441450e-01
    1.1934604580e+01 0.0000000000e+00 -1.1974099210e+00
    1.1936972990e+01 0.0000000000e+00 -2.0750642700e+00
    1.1944486110e+01 0.0000000000e+00 -3.5961407630e+00
    1.1968465760e+01 0.0000000000e+00 -6.2327466350e+00
    1.2442414580e+01 0.0000000000e+00 -1.0928605140e+01
    1.7479194700e+01 0.0000000000e+00 -1.9106592630e+01
    2.4706645740e+01 0.0000000000e+00 -3.3101415020e+01
    3.4907448110e+01 0.0000000000e+00 -5.7185041900e+01
    4.9284537430e+01 0.0000000000e+00 -9.8674974910e+01
    6.9532122490e+01 0.0000000000e+00 -1.7024218920e+02
    9.8051039820e+01 0.0000000000e+00 -2.9384780640e+02
    1.3825285890e+02 0.0000000000e+00 -5.0757511740e+02
    8.1446053330e+00 0.0000000000e+00 0.0000000000e+00
    8.1446053330e+00 0.0000000000e+00 -8.4969932260e-06
    8.1446053330e+00 0.0000000000e+00 -2.3228302540e-05
    8.1446053330e+00 0.0000000000e+00 -4.8768066140e-05
    8.1446053330e+00 0.0000000000e+00 -9.3046458890e-05
    8.1446053330e+00 0.0000000000e+00 -1.6981199300e-04
    8.1446053330e+00 0.0000000000e+00 -3.0290037990e-04
    8.1446053330e+00 0.0000000000e+00 -5.3363539750e-04
    8.1446053340e+00 0.0000000000e+00 -9.3365966080e-04
    8.1446053350e+00 0.0000000000e+00 -1.6271791170e-03
    8.1446053390e+00 0.0000000000e+00 -2.8295279400e-03
    8.1446053530e+00 0.0000000000e+00 -4.9140278310e-03
    8.1446053990e+00 0.0000000000e+00 -8.5279009360e-03
    8.1446055520e+00 0.0000000000e+00 -1.4793226670e-02
    8.1446060530e+00 0.0000000000e+00 -2.5655339300e-02
    8.1446076850e+00 0.0000000000e+00 -4.4486846250e-02
    8.1446129710e+00 0.0000000000e+00 -7.7134826460e-02
    8.1446299950e+00 0.0000000000e+00 -1.3373640340e-01
    8.1446845860e+00 0.0000000000e+00 -2.3186643600e-01
    8.1448589680e+00 0.0000000000e+00 -4.0199578050e-01
    8.1454143390e+00 0.0000000000e+00 -6.9695724930e-01
    8.1471795480e+00 0.0000000000e+00 -1.2083636920e+00
    8.1527900440e+00 0.0000000000e+00 -2.0951056590e+00
    8.1707153960e+00 0.0000000000e+00 -3.6329077080e+00
    8.5750527170e+00 0.0000000000e+00 -6.3926262930e+00
    1.2058333760e+01 0.0000000000e+00 -1.1181037800e+01
    1.7007205160e+01 0.0000000000e+00 -1.9373109780e+01
    2.3984555280e+01 0.0000000000e+00 -3.3435949300e+01
    3.3798370450e+01 0.0000000000e+00 -5.7605269720e+01
    4.7565636610e+01 0.0000000000e+00 -9.9205891450e+01
    6.6829454510e+01 0.0000000000e+00 -1.7092075980e+02
    9.3718939220e+01 0.0000000000e+00 -2.9473001290e+02
    1.3115196080e+02 0.0000000000e+00 -5.0874552980e+02
    5.6664563550e+00 0.0000000000e+00 0.0000000000e+00
    5.6664563550e+00 0.0000000000e+00 -8.5003503550e-06
    5.6664563550e+00 0.0000000000e+00 -2.3248285040e-05
    5.6664563550e+00 0.0000000000e+00 -4.8835561920e-05
    5.6664563550e+00 0.0000000000e+00 -9.3228656710e-05
    5.6664563550e+00 0.0000000000e+00 -1.7024896880e-04
    5.6664563550e+00 0.0000000000e+00 -3.0387578910e-04
    5.6664563560e+00 0.0000000000e+00 -5.3571159790e-04
    5.6664563560e+00 0.0000000000e+00 -9.3793370990e-04
    5.6664563590e+00 0.0000000000e+00 -1.6357641960e-03
    5.6664563690e+00 0.0000000000e+00 -2.8464530670e-03
    5.6664564010e+00 0.0000000000e+00 -4.9469103110e-03
    5.6664565100e+00 0.0000000000e+00 -8.5910408890e-03
    5.6664568710e+00 0.0000000000e+00 -1.4913309850e-02
    5.6664580540e+00 0.0000000000e+00 -2.5881909890e-02
    5.6664619100e+00 0.0000000000e+00 -4.4911480690e-02
    5.6664744050e+00 0.0000000000e+00 -7.7926145310e-02
    5.6665146800e+00 0.0000000000e+00 -1.3520386430e-01
    5.6666439240e+00 0.0000000000e+00 -2.3457632560e-01
    5.6670571610e+00 0.0000000000e+00 -4.0698244540e-01
    5.6683750590e+00 0.0000000000e+00 -7.0610934170e-01
    5.6725759280e+00 0.0000000000e+00 -1.2251384930e+00
    5.6860308080e+00 0.0000000000e+00 -2.1259064850e+00
    5.9506431740e+00 0.0000000000e+00 -3.7464101530e+00
    8.3477077570e+00 0.0000000000e+00 -6.5715384750e+00
    1.1739930600e+01 0.0000000000e+00 -1.1391038490e+01
    1.6520660420e+01 0.0000000000e+00 -1.9636963460e+01
    2.3241225240e+01 0.0000000000e+00 -3.3766174170e+01
    3.2657975750e+01 0.0000000000e+00 -5.8018353260e+01
    4.5800190150e+01 0.0000000000e+00 -9.9724630970e+01
    6.4057317040e+01 0.0000000000e+00 -1.7157797180e+02
    8.9282990910e+01 0.0000000000e+00 -2.9557382210e+02
    1.2389556920e+02 0.0000000000e+00 -5.0984568170e+02
    4.0456146130e+00 0.0000000000e+00 0.0000000000e+00
    4.0456146130e+00 0.0000000000e+00 -8.5054831600e-06
    4.0456146130e+00 0.0000000000e+00 -2.3278836830e-05
    4.0456146130e+00 0.0000000000e+00 -4.8938758040e-05
    4.0456146130e+00 0.0000000000e+00 -9.3507223900e-05
    4.0456146130e+00 0.0000000000e+00 -1.7091707290e-04
    4.0456146130e+00 0.0000000000e+00 -3.0536711860e-04
    4.0456146140e+00 0.0000000000e+00 -5.3888595720e-04
    4.0456146150e+00 0.0000000000e+00 -9.4446841960e-04
    4.0456146220e+00 0.0000000000e+00 -1.6488901570e-03
    4.0456146450e+00 0.0000000000e+00 -2.8723303540e-03
    4.0456147220e+00 0.0000000000e+00 -4.9971852310e-03
    4.0456149790e+00 0.0000000000e+00 -8.6875772950e-03
    4.0456158330e+00 0.0000000000e+00 -1.5096908380e-02
    4.0456186400e+00 0.0000000000e+00 -2.6228320390e-02
    4.0456278000e+00 0.0000000000e+00 -4.5560719260e-02
    4.0456575070e+00 0.0000000000e+00 -7.9136034270e-02
    4.0457533680e+00 0.0000000000e+00 -1.3744762170e-01
    4.0460613840e+00 0.0000000000e+00 -2.3872022200e-01
    4.0470479560e+00 0.0000000000e+00 -4.1461056550e-01
    4.0502049270e+00 0.0000000000e+00 -7.2012458440e-01
    4.0603548580e+00 0.0000000000e+00 -1.2509174990e+00
    4.1605356030e+00 0.0000000000e+00 -2.1992961650e+00
    5.8035770650e+00 0.0000000000e+00 -3.8817093240e+00
    8.1329534040e+00 0.0000000000e+00 -6.7360078500e+00
    1.1410962160e+01 0.0000000000e+00 -1.1599081860e+01
    1.6018896820e+01 0.0000000000e+00 -1.9897746720e+01
    2.2475663340e+01 0.0000000000e+00 -3.4091512490e+01
    3.1484723990e+01 0.0000000000e+00 -5.8423476050e+01
    4.3985802960e+01 0.0000000000e+00 -1.0023000900e+02
    6.1212004420e+01 0.0000000000e+00 -1.7221205820e+02
    8.4737525780e+01 0.0000000000e+00 -2.9637652460e+02
    1.1647513950e+02 0.0000000000e+00 -5.1087130700e+02
    2.9854975750e+00 0.0000000000e+00 0.0000000000e+00
    2.9854975750e+00 0.0000000000e+00 -8.5133308460e-06
    2.9854975750e+00 0.0000000000e+00 -2.3325548290e-05
    2.9854975750e+00 0.0000000000e+00 -4.9096537400e-05
    2.9854975750e+00 0.0000000000e+00 -9.3933132840e-05
    2.9854975750e+00 0.0000000000e+00 -1.7193855540e-04
    2.9854975750e+00 0.0000000000e+00 -3.0764725290e-04
    2.9854975770e+00 0.0000000000e+00 -5.4373932130e-04
    2.9854975810e+00 0.0000000000e+00 -9.5445951490e-04
    2.9854975970e+00 0.0000000000e+00 -1.6689587950e-03
    2.9854976500e+00 0.0000000000e+00 -2.9118948430e-03
    2.9854978330e+00 0.0000000000e+00 -5.0740519350e-03
    2.9854984470e+00 0.0000000000e+00 -8.8351745040e-03
    2.9855004850e+00 0.0000000000e+00 -1.5377617620e-02
    2.9855071940e+00 0.0000000000e+00 -2.6757959550e-02
    2.9855291200e+00 0.0000000000e+00 -4.6553373900e-02
    2.9856003510e+00 0.0000000000e+00 -8.0985961640e-02
    2.9858306120e+00 0.0000000000e+00 -1.4087872120e-01
    2.9865721910e+00 0.0000000000e+00 -2.4505919250e-01
    2.9889571910e+00 0.0000000000e+00 -4.2629242230e-01
    2.9966656710e+00 0.0000000000e+00 -7.4166609790e-01
    3.0387607770e+00 0.0000000000e+00 -1.2993879890e+00
    4.0546395370e+00 0.0000000000e+00 -2.3090441850e+00
    5.6586364640e+00 0.0000000000e+00 -4.0102778040e+00
    7.9104439580e+00 0.0000000000e+00 -6.8990278670e+00
    1.1070988030e+01 0.0000000000e+00 -1.1804821320e+01
    1.5501234740e+01 0.0000000000e+00 -2.0154994230e+01
    2.1686817170e+01 0.0000000000e+00 -3.4411318590e+01
    3.0276970710e+01 0.0000000000e+00 -5.8819724070e+01
    4.2119901270e+01 0.0000000000e+00 -1.0072070010e+02
    5.8289511620e+01 0.0000000000e+00 -1.7282104560e+02
    8.0076387060e+01 0.0000000000e+00 -2.9713510120e+02
    1.0888135850e+02 0.0000000000e+00 -5.1181766750e+02
    2.2921244310e+00 0.0000000000e+00 0.0000000000e+00
    2.2921244310e+00 0.0000000000e+00 -8.5253293850e-06
    2.2921244310e+00 0.0000000000e+00 -2.3396966710e-05
    2.2921244310e+00 0.0000000000e+00 -4.9337770550e-05
    2.2921244310e+00 0.0000000000e+00 -9.4584316600e-05
    2.2921244320e+00 0.0000000000e+00 -1.7350032780e-04
    2.2921244320e+00 0.0000000000e+00 -3.1113341210e-04
    2.2921244350e+00 0.0000000000e+00 -5.5115976160e-04
    2.2921244460e+00 0.0000000000e+00 -9.6973517220e-04
    2.2921244830e+00 0.0000000000e+00 -1.6996422820e-03
    2.2921246120e+00 0.0000000000e+00 -2.9723860740e-03
    2.2921250510e+00 0.0000000000e+00 -5.1915755840e-03
    2.2921265280e+00 0.0000000000e+00 -9.0608402460e-03
    2.2921314410e+00 0.0000000000e+00 -1.5806803800e-02
    2.2921476500e+00 0.0000000000e+00 -2.7567752600e-02
    2.2922007500e+00 0.0000000000e+00 -4.8071150780e-02
    2.2923736870e+00 0.0000000000e+00 -8.3814843440e-02
    2.2929344570e+00 0.0000000000e+00 -1.4612744980e-01
    2.2947497330e+00 0.0000000000e+00 -2.5476776730e-01
    2.3006582430e+00 0.0000000000e+00 -4.4425432560e-01
    2.3460997790e+00 0.0000000000e+00 -7.8459742710e-01
    2.9167733010e+00 0.0000000000e+00 -1.4022824010e+00
    3.9562825420e+00 0.0000000000e+00 -2.4100546340e+00
    5.5079277870e+00 0.0000000000e+00 -4.1377209030e+00
    7.6798669320e+00 0.0000000000e+00 -7.0603216980e+00
    1.0719554420e+01 0.0000000000e+00 -1.2007865230e+01
    1.4966959160e+01 0.0000000000e+00 -2.0408185910e+01
    2.0873570920e+01 0.0000000000e+00 -3.4724869280e+01
    2.9032959740e+01 0.0000000000e+00 -5.9206072270e+01
    4.0199717590e+01 0.0000000000e+00 -1.0119521800e+02
    5.5285505250e+01 0.0000000000e+00 -1.7340272350e+02
    7.5292877500e+01 0.0000000000e+00 -2.9784617840e+02
    1.0110405460e+02 0.0000000000e+00 -5.1267948560e+02
    1.8386213750e+00 0.0000000000e+00 0.0000000000e+00
    1.8386213750e+00 0.0000000000e+00 -8.5436742790e-06
    1.8386213750e+00 0.0000000000e+00 -2.3506160280e-05
    1.8386213750e+00 0.0000000000e+00 -4.9706598460e-05
    1.8386213760e+00 0.0000000000e+00 -9.5579929140e-05
    1.8386213760e+00 0.0000000000e+00 -1.7588816410e-04
    1.8386213780e+00 0.0000000000e+00 -3.1646349560e-04
    1.8386213850e+00 0.0000000000e+00 -5.6250507450e-04
    1.8386214100e+00 0.0000000000e+00 -9.9309054060e-04
    1.8386215000e+00 0.0000000000e+00 -1.7465551060e-03
    1.8386218120e+00 0.0000000000e+00 -3.0648728060e-03
    1.8386228790e+00 0.0000000000e+00 -5.3712609730e-03
    1.8386264790e+00 0.0000000000e+00 -9.4058685510e-03
    1.8386384960e+00 0.0000000000e+00 -1.6463009530e-02
    1.8386782750e+00 0.0000000000e+00 -2.8805936520e-02
    1.8388090360e+00 0.0000000000e+00 -5.0392141420e-02
    1.8392366680e+00 0.0000000000e+00 -8.8142528520e-02
    1.8406323970e+00 0.0000000000e+00 -1.5416761280e-01
    1.8452178390e+00 0.0000000000e+00 -2.6970519780e-01
    1.8924764920e+00 0.0000000000e+00 -4.8035681520e-01
    2.2646342750e+00 0.0000000000e+00 -8.6163210220e-01
    2.8133561830e+00 0.0000000000e+00 -1.4943509480e+00
    3.8534881530e+00 0.0000000000e+00 -2.5110591520e+00
    5.3512273060e+00 0.0000000000e+00 -4.2638192190e+00
    7.4408989520e+00 0.0000000000e+00 -7.2195811110e+00
    1.0356192860e+01 0.0000000000e+00 -1.2207773730e+01
    1.4415319000e+01 0.0000000000e+00 -2.0656739820e+01
    2.0034742350e+01 0.0000000000e+00 -3.5031353560e+01
    2.7750815780e+01 0.0000000000e+00 -5.9581369030e+01
    3.8222274760e+01 0.0000000000e+00 -1.0165189180e+02
    5.2195291880e+01 0.0000000000e+00 -1.7395460930e+02
    7.0379700670e+01 0.0000000000e+00 -2.9850597500e+02
    9.3132095370e+01 0.0000000000e+00 -5.1345086320e+02
    1.5420061640e+00 0.0000000000e+00 0.0000000000e+00
    1.5420061640e+00 0.0000000000e+00 -8.5717222840e-06
    1.5420061640e+00 0.0000000000e+00 -2.3673109300e-05
    1.5420061640e+00 0.0000000000e+00 -5.0270509480e-05
    1.5420061640e+00 0.0000000000e+00 -9.7102148200e-05
    1.5420061650e+00 0.0000000000e+00 -1.7953899180e-04
    1.5420061700e+00 0.0000000000e+00 -3.2461280530e-04
    1.5420061870e+00 0.0000000000e+00 -5.7985123240e-04
    1.5420062480e+00 0.0000000000e+00 -1.0287992030e-03
    1.5420064690e+00 0.0000000000e+00 -1.8182814330e-03
    1.5420072370e+00 0.0000000000e+00 -3.2062785170e-03
    1.5420098770e+00 0.0000000000e+00 -5.6459883710e-03
    1.5420188210e+00 0.0000000000e+00 -9.9334014370e-03
    1.5420488190e+00 0.0000000000e+00 -1.7466361460e-02
    1.5421485840e+00 0.0000000000e+00 -3.0699408550e-02
    1.5424783480e+00 0.0000000000e+00 -5.3943094260e-02
    1.5435658570e+00 0.0000000000e+00 -9.4773524340e-02
    1.5471823160e+00 0.0000000000e+00 -1.6655024810e-01
    1.5911332420e+00 0.0000000000e+00 -2.9946896500e-01
    1.8333467510e+00 0.0000000000e+00 -5.3949448570e-01
    2.1810380050e+00 0.0000000000e+00 -9.3464874880e-01
    2.7188465730e+00 0.0000000000e+00 -1.5824612390e+00
    3.7457541690e+00 0.0000000000e+00 -2.6122621250e+00
    5.1882993850e+00 0.0000000000e+00 -4.3883398140e+00
    7.1932061360e+00 0.0000000000e+00 -7.3764637380e+00
    9.9804168910e+00 0.0000000000e+00 -1.2404058560e+01
    1.3845527080e+01 0.0000000000e+00 -2.0900004080e+01
    1.9169080060e+01 0.0000000000e+00 -3.5329860800e+01
    2.6428536910e+01 0.0000000000e+00 -5.9944318250e+01
    3.6184369160e+01 0.0000000000e+00 -1.0208883920e+02
    4.9013783580e+01 0.0000000000e+00 -1.7447390670e+02
    6.5328895420e+01 0.0000000000e+00 -2.9911023940e+02
    8.4953271480e+01 0.0000000000e+00 -5.1412518690e+02
    1.3480039790e+00 0.0000000000e+00 0.0000000000e+00
    1.3480039790e+00 0.0000000000e+00 -8.6146056430e-06
    1.3480039790e+00 0.0000000000e+00 -2.3928362180e-05
    1.3480039790e+00 0.0000000000e+00 -5.1132688350e-05
    1.3480039800e+00 0.0000000000e+00 -9.9429510290e-05
    1.3480039820e+00 0.0000000000e+00 -1.8512084150e-04
    1.3480039930e+00 0.0000000000e+00 -3.3707250660e-04
    1.3480040350e+00 0.0000000000e+00 -6.0637224800e-04
    1.3480041880e+00 0.0000000000e+00 -1.0833951740e-03
    1.3480047390e+00 0.0000000000e+00 -1.9279459510e-03
    1.3480066750e+00 0.0000000000e+00 -3.4224788320e-03
    1.3480133630e+00 0.0000000000e+00 -6.0660350320e-03
    1.3480361680e+00 0.0000000000e+00 -1.0740015650e-02
    1.3481131340e+00 0.0000000000e+00 -1.9000762200e-02
    1.3483709590e+00 0.0000000000e+00 -3.3596580730e-02
    1.3492323820e+00 0.0000000000e+00 -5.9385995500e-02
    1.3521425600e+00 0.0000000000e+00 -1.0500077940e-01
    1.3897208620e+00 0.0000000000e+00 -1.9100191490e-01
    1.5463470860e+00 0.0000000000e+00 -3.4525417280e-01
    1.7696226420e+00 0.0000000000e+00 -5.9638463160e-01
    2.0918236360e+00 0.0000000000e+00 -1.0051323620e+00
    2.6355193790e+00 0.0000000000e+00 -1.6655719140e+00
    3.6327363830e+00 0.0000000000e+00 -2.7135930780e+00
    5.0188881290e+00 0.0000000000e+00 -4.5110463900e+00
    6.9364447160e+00 0.0000000000e+00 -7.5305896550e+00
    9.5917166030e+00 0.0000000000e+00 -1.2596184720e+01
    1.3256761100e+01 0.0000000000e+00 -2.1137247440e+01
    1.8275261140e+01 0.0000000000e+00 -3.5619367320e+01
    2.5063987410e+01 0.0000000000e+00 -6.0293458700e+01
    3.4082553320e+01 0.0000000000e+00 -1.0250393420e+02
    4.5735460930e+01 0.0000000000e+00 -1.7495745730e+02
    6.0131763350e+01 0.0000000000e+00 -2.9965417550e+02
    7.6554165530e+01 0.0000000000e+00 -5.1469501460e+02
    1.2211161920e+00 0.0000000000e+00 0.0000000000e+00
    1.2211161920e+00 0.0000000000e+00 -8.6801711740e-06
    1.2211161920e+00 0.0000000000e+00 -2.4318625250e-05
    1.2211161920e+00 0.0000000000e+00 -5.2450897070e-05
    1.2211161940e+00 0.0000000000e+00 -1.0298787740e-04
    1.2211162000e+00 0.0000000000e+00 -1.9365508350e-04
    1.2211162270e+00 0.0000000000e+00 -3.5612248500e-04
    1.2211163320e+00 0.0000000000e+00 -6.4692096900e-04
    1.2211167240e+00 0.0000000000e+00 -1.1668685860e-03
    1.2211181420e+00 0.0000000000e+00 -2.0956160860e-03
    1.2211231620e+00 0.0000000000e+00 -3.7530407800e-03
    1.2211406500e+00 0.0000000000e+00 -6.7083054890e-03
    1.2212007690e+00 0.0000000000e+00 -1.1973595980e-02
    1.2214055460e+00 0.0000000000e+00 -2.1348854870e-02
    1.2221009760e+00 0.0000000000e+00 -3.8039724160e-02
    1.2244993500e+00 0.0000000000e+00 -6.7798820580e-02
    1.2547585930e+00 0.0000000000e+00 -1.2500493560e-01
    1.3549280350e+00 0.0000000000e+00 -2.2624319710e-01
    1.4971162960e+00 0.0000000000e+00 -3.8906108470e-01
    1.7008454110e+00 0.0000000000e+00 -6.5073495680e-01
    1.9972479520e+00 0.0000000000e+00 -1.0724747740e+00
    2.5551461810e+00 0.0000000000e+00 -1.7452862430e+00
    3.5142023180e+00 0.0000000000e+00 -2.8146510010e+00
    4.8427012260e+00 0.0000000000e+00 -4.6317185090e+00
    6.6702616930e+00 0.0000000000e+00 -7.6815378490e+00
    9.1895538000e+00 0.0000000000e+00 -1.2783570340e+01
    1.2648165580e+01 0.0000000000e+00 -2.1367648620e+01
    1.7351889620e+01 0.0000000000e+00 -3.5898721030e+01
    2.3654890960e+01 0.0000000000e+00 -6.0627140140e+01
    3.1913118250e+01 0.0000000000e+00 -1.0289477060e+02
    4.2354333440e+01 0.0000000000e+00 -1.7540168350e+02
    5.4778788820e+01 0.0000000000e+00 -3.0013235410e+02
    6.7920003220e+01 0.0000000000e+00 -5.1515194080e+02
    1.1381248050e+00 0.0000000000e+00 0.0000000000e+00
    1.1381248050e+00 0.0000000000e+00 -8.7804160960e-06
    1.1381248050e+00 0.0000000000e+00 -2.4915309050e-05
    1.1381248050e+00 0.0000000000e+00 -5.4466342190e-05
    1.1381248090e+00 0.0000000000e+00 -1.0842836180e-04
    1.1381248260e+00 0.0000000000e+00 -2.0670331940e-04
    1.1381248960e+00 0.0000000000e+00 -3.8524852820e-04
    1.1381251690e+00 0.0000000000e+00 -7.0891712390e-04
    1.1381262000e+00 0.0000000000e+00 -1.2944942340e-03
    1.1381299760e+00 0.0000000000e+00 -2.3519779490e-03
    1.1381434870e+00 0.0000000000e+00 -4.2584911080e-03
    1.1381910260e+00 0.0000000000e+00 -7.6905980090e-03
    1.1383563320e+00 0.0000000000e+00 -1.3861706000e-02
    1.1389292020e+00 0.0000000000e+00 -2.4952615530e-02
    1.1409594570e+00 0.0000000000e+00 -4.4929250860e-02
    1.1641844450e+00 0.0000000000e+00 -8.4035111620e-02
    1.2270618120e+00 0.0000000000e+00 -1.5182541850e-01
    1.3162037950e+00 0.0000000000e+00 -2.5950529770e-01
    1.4434604780e+00 0.0000000000e+00 -4.3031191690e-01
    1.6272246620e+00 0.0000000000e+00 -7.0191172250e-01
    1.8979363990e+00 0.0000000000e+00 -1.1360859130e+00
    2.4725413670e+00 0.0000000000e+00 -1.8228808330e+00
    3.3900086110e+00 0.0000000000e+00 -2.9147875120e+00
    4.6593846320e+00 0.0000000000e+00 -4.7501782660e+00
    6.3942950430e+00 0.0000000000e+00 -7.8288430600e+00
    8.7733610400e+00 0.0000000000e+00 -1.2965580990e+01
    1.2018854730e+01 0.0000000000e+00 -2.1590284570e+01
    1.6397496110e+01 0.0000000000e+00 -3.6166623860e+01
    2.2198824810e+01 0.0000000000e+00 -6.0943495850e+01
    2.9672076010e+01 0.0000000000e+00 -1.0325861850e+02
    3.8863898130e+01 0.0000000000e+00 -1.7580252020e+02
    4.9259551510e+01 0.0000000000e+00 -3.0053860870e+02
    5.9034485870e+01 0.0000000000e+00 -5.1548643490e+02
    1.0838440060e+00 0.0000000000e+00 0.0000000000e+00
    1.0838440060e+00 0.0000000000e+00 -8.9336832810e-06
    1.0838440070e+00 0.0000000000e+00 -2.5827595140e-05
    1.0838440080e+00 0.0000000000e+00 -5.7547811050e-05
    1.0838440180e+00 0.0000000000e+00 -1.1674646700e-04
    1.0838440620e+00 0.0000000000e+00 -2.2665313060e-04
    1.0838442470e+00 0.0000000000e+00 -4.2978020880e-04
    1.0838449860e+00 0.0000000000e+00 -8.0370542370e-04
    1.0838478130e+00 0.0000000000e+00 -1.4896300280e-03
    1.0838582920e+00 0.0000000000e+00 -2.7439773370e-03
    1.0838962520e+00 0.0000000000e+00 -5.0315790210e-03
    1.0840316540e+00 0.0000000000e+00 -9.1944771000e-03
    1.0845127770e+00 0.0000000000e+00 -1.6762541800e-02
    1.0862817060e+00 0.0000000000e+00 -3.0567911970e-02
    1.1032906630e+00 0.0000000000e+00 -5.7936147730e-02
    1.1415525670e+00 0.0000000000e+00 -1.0410415120e-01
    1.1959661940e+00 0.0000000000e+00 -1.7660166620e-01
    1.2736852440e+00 0.0000000000e+00 -2.9017304670e-01
    1.3856235710e+00 0.0000000000e+00 -4.6836658870e-01
    1.5491514510e+00 0.0000000000e+00 -7.4927940130e-01
    1.7971265630e+00 0.0000000000e+00 -1.1957660270e+00
    2.3862790990e+00 0.0000000000e+00 -1.8985079380e+00
    3.2600671250e+00 0.0000000000e+00 -3.0132710170e+00
    4.4684950320e+00 0.0000000000e+00 -4.8663104400e+00
    6.1081723230e+00 0.0000000000e+00 -7.9719939900e+00
    8.3425457090e+00 0.0000000000e+00 -1.3141517890e+01
    1.1367915240e+01 0.0000000000e+00 -2.1804118340e+01
    1.5410538970e+01 0.0000000000e+00 -3.6421611720e+01
    2.0693215360e+01 0.0000000000e+00 -6.1240410980e+01
    2.7355143210e+01 0.0000000000e+00 -1.0359237370e+02
    3.5257096840e+01 0.0000000000e+00 -1.7615533600e+02
    4.3562631970e+01 0.0000000000e+00 -3.0086590970e+02
    4.9879602820e+01 0.0000000000e+00 -5.1568764660e+02
    1.0483414660e+00 0.0000000000e+00 0.0000000000e+00
    1.0483414660e+00 0.0000000000e+00 -9.1680176450e-06
    1.0483414670e+00 0.0000000000e+00 -2.7222414140e-05
    1.0483414710e+00 0.0000000000e+00 -6.2259152840e-05
    1.0483414960e+00 0.0000000000e+00 -1.2946424860e-04
    1.0483416160e+00 0.0000000000e+00 -2.5715499200e-04
    1.0483421300e+00 0.0000000000e+00 -4.9786641980e-04
    1.0483442150e+00 0.0000000000e+00 -9.4863429760e-04
    1.0483523110e+00 0.0000000000e+00 -1.7880143740e-03
    1.0483827500e+00 0.0000000000e+00 -3.3435886990e-03
    1.0484947930e+00 0.0000000000e+00 -6.2155703250e-03
    1.0489053920e+00 0.0000000000e+00 -1.1508361320e-02
    1.0504955990e+00 0.0000000000e+00 -2.1317880430e-02
    1.0622081930e+00 0.0000000000e+00 -4.0750235000e-02
    1.0842998100e+00 0.0000000000e+00 -7.2537127300e-02
    1.1160493340e+00 0.0000000000e+00 -1.2201980390e-01
    1.1617067430e+00 0.0000000000e+00 -1.9871973780e-01
    1.2276894930e+00 0.0000000000e+00 -3.1761917790e-01
    1.3240312350e+00 0.0000000000e+00 -5.0259834130e-01
    1.4672170460e+00 0.0000000000e+00 -7.9224539850e-01
    1.7104256210e+00 0.0000000000e+00 -1.2524855010e+00
    2.2960706660e+00 0.0000000000e+00 -1.9719446840e+00
    3.1243125110e+00 0.0000000000e+00 -3.1094099780e+00
    4.2694913480e+00 0.0000000000e+00 -4.9800458770e+00
    5.8115051530e+00 0.0000000000e+00 -8.1104347700e+00
    7.8964977880e+00 0.0000000000e+00 -1.3310602320e+01
    1.0694408150e+01 0.0000000000e+00 -2.2007987200e+01
    1.4389407850e+01 0.0000000000e+00 -3.6662031630e+01
    1.9135336010e+01 0.0000000000e+00 -6.1515486090e+01
    2.4957726530e+01 0.0000000000e+00 -1.0389249940e+02
    3.1526273780e+01 0.0000000000e+00 -1.7645483840e+02
    3.7675511060e+01 0.0000000000e+00 -3.0110621610e+02
    4.0435422890e+01 0.0000000000e+00 -5.1574317300e+02
    1.0251209090e+00 0.0000000000e+00 0.0000000000e+00
    1.0251209090e+00 0.0000000000e+00 -9.5262978210e-06
    1.0251209110e+00 0.0000000000e+00 -2.9354990870e-05
    1.0251209230e+00 0.0000000000e+00 -6.9462453180e-05
    1.0251209930e+00 0.0000000000e+00 -1.4890883970e-04
    1.0251213320e+00 0.0000000000e+00 -3.0379046020e-04
    1.0251228230e+00 0.0000000000e+00 -6.0196869000e-04
    1.0251289760e+00 0.0000000000e+00 -1.1702502870e-03
    1.0251532540e+00 0.0000000000e+00 -2.2444712330e-03
    1.0252462200e+00 0.0000000000e+00 -4.2622938660e-03
    1.0256002100e+00 0.0000000000e+00 -8.0409091550e-03
    1.0270933030e+00 0.0000000000e+00 -1.5194574500e-02
    1.0342748050e+00 0.0000000000e+00 -2.8918614570e-02
    1.0458941120e+00 0.0000000000e+00 -5.0827967250e-02
    1.0629947830e+00 0.0000000000e+00 -8.4836450580e-02
    1.0880353180e+00 0.0000000000e+00 -1.3719213030e-01
    1.1247055040e+00 0.0000000000e+00 -2.1758969460e-01
    1.1787193580e+00 0.0000000000e+00 -3.4125870170e-01
    1.2592956510e+00 0.0000000000e+00 -5.3244463920e-01
    1.3822160050e+00 0.0000000000e+00 -8.3031425320e-01
    1.6423605770e+00 0.0000000000e+00 -1.3053779370e+00
    2.2018537610e+00 0.0000000000e+00 -2.0428866800e+00
    2.9826861660e+00 0.0000000000e+00 -3.2025883190e+00
    4.0617757050e+00 0.0000000000e+00 -5.0912755980e+00
    5.5038752500e+00 0.0000000000e+00 -8.2435723870e+00
    7.4345984810e+00 0.0000000000e+00 -1.3471960220e+01
    9.9973689720e+00 0.0000000000e+00 -2.2200591070e+01
    1.3332430040e+01 0.0000000000e+00 -3.6886015940e+01
    1.7522308130e+01 0.0000000000e+00 -6.1765995420e+01
    2.2474911590e+01 0.0000000000e+00 -1.0415495750e+02
    2.7663135100e+01 0.0000000000e+00 -1.7669496300e+02
    3.1584465620e+01 0.0000000000e+00 -3.0125029640e+02
    3.0679865690e+01 0.0000000000e+00 -5.1563877540e+02
    1.0099334250e+00 0.0000000000e+00 0.0000000000e+00
    1.0099334260e+00 0.0000000000e+00 -1.0074082120e-05
    1.0099334300e+00 0.0000000000e+00 -3.2615545810e-05
    1.0099334640e+00 0.0000000000e+00 -8.0475786680e-05
    1.0099336660e+00 0.0000000000e+00 -1.7863839540e-04
    1.0099346720e+00 0.0000000000e+00 -3.7509502870e-04
    1.0099391920e+00 0.0000000000e+00 -7.6115728070e-04
    1.0099581840e+00 0.0000000000e+00 -1.5093013810e-03
    1.0100346690e+00 0.0000000000e+00 -2.9441949140e-03
    1.0103403670e+00 0.0000000000e+00 -5.6824081290e-03
    1.0117646520e+00 0.0000000000e+00 -1.1000624980e-02
    1.0149775680e+00 0.0000000000e+00 -2.0278046810e-02
    1.0200541400e+00 0.0000000000e+00 -3.5161372890e-02
    1.0279062130e+00 0.0000000000e+00 -5.8448270720e-02
    1.0398932700e+00 0.0000000000e+00 -9.4310077390e-02
    1.0580625060e+00 0.0000000000e+00 -1.4910819990e-01
    1.0855659440e+00 0.0000000000e+00 -2.3270878890e-01
    1.1274516190e+00 0.0000000000e+00 -3.6060747910e-01
    1.1921966830e+00 0.0000000000e+00 -5.5746209160e-01
    1.2951311550e+00 0.0000000000e+00 -8.6314702500e-01
    1.5769451050e+00 0.0000000000e+00 -1.3552254320e+00
    2.1036154650e+00 0.0000000000e+00 -2.1110039130e+00
    2.8351366080e+00 0.0000000000e+00 -3.2922437470e+00
    3.8447961730e+00 0.0000000000e+00 -5.1996997410e+00
    5.1848068770e+00 0.0000000000e+00 -8.3707920190e+00
    6.9562268560e+00 0.0000000000e+00 -1.3624609730e+01
    9.2758069850e+00 0.0000000000e+00 -2.2380480560e+01
    1.2237879960e+01 0.0000000000e+00 -3.7091453630e+01
    1.5851106800e+01 0.0000000000e+00 -6.1988839110e+01
    1.9901457270e+01 0.0000000000e+00 -1.0437512940e+02
    2.3658713430e+01 0.0000000000e+00 -1.7686874270e+02
    2.5274463730e+01 0.0000000000e+00 -3.0128751610e+02
    2.0588454990e+01 0.0000000000e+00 -5.1535803870e+02
    1.0000000000e+00 0.0000000000e+00 0.0000000000e+00
    1.0000007690e+00 0.0000000000e+00 -1.0895586150e-05
    1.0000026610e+00 0.0000000000e+00 -3.7693978570e-05
    1.0000069700e+00 0.0000000000e+00 -9.8621189840e-05
    1.0000164790e+00 0.0000000000e+00 -2.3245333860e-04
    1.0000366810e+00 0.0000000000e+00 -5.1266287540e-04
    1.0000767120e+00 0.0000000000e+00 -1.0487376140e-03
    1.0001592040e+00 0.0000000000e+00 -2.0895792630e-03
    1.0003272050e+00 0.0000000000e+00 -4.0216735340e-03
    1.0006672180e+00 0.0000000000e+00 -7.4800389150e-03
    1.0013382590e+00 0.0000000000e+00 -1.3420115370e-02
    1.0026099500e+00 0.0000000000e+00 -2.3224132100e-02
    1.0049132120e+00 0.0000000000e+00 -3.8872003780e-02
    1.0089204380e+00 0.0000000000e+00 -6.3238023550e-02
    1.0156797290e+00 0.0000000000e+00 -1.0058832020e-01
    1.0268378070e+00 0.0000000000e+00 -1.5740276020e-01
    1.0450360630e+00 0.0000000000e+00 -2.4372364560e-01
    1.0746957720e+00 0.0000000000e+00 -3.7533693330e-01
    1.1236381290e+00 0.0000000000e+00 -5.7737589670e-01
    1.2071844590e+00 0.0000000000e+00 -8.9065534040e-01
    1.5094855210e+00 0.0000000000e+00 -1.4025328650e+00
    2.0013690510e+00 0.0000000000e+00 -2.1759493650e+00
    2.6816283170e+00 0.0000000000e+00 -3.3778326300e+00
    3.6181726910e+00 0.0000000000e+00 -5.3046848380e+00
    4.8537245700e+00 0.0000000000e+00 -8.4914772230e+00
    6.4607619450e+00 0.0000000000e+00 -1.3767452930e+01
    8.5287057740e+00 0.0000000000e+00 -2.2546042650e+01
    1.1103991550e+01 0.0000000000e+00 -3.7275958920e+01
    1.4118572750e+01 0.0000000000e+00 -6.2180488930e+01
    1.7231797940e+01 0.0000000000e+00 -1.0454772440e+02
    1.9503341580e+01 0.0000000000e+00 -1.7696815380e+02
    1.8729065420e+01 0.0000000000e+00 -3.0120558340e+02
    1.0134060090e+01 0.0000000000e+00 -5.1488195790e+02
    9.9086655640e-01 0.0000000000e+00 -1.2884187510e-03
    9.9086798900e-01 0.0000000000e+00 -1.2986341120e-03
    9.9087128220e-01 0.0000000000e+00 -1.3221407060e-03
    9.9087837250e-01 0.0000000000e+00 -1.3729224550e-03
    9.9089296290e-01 0.0000000000e+00 -1.4783212720e-03
    9.9092184260e-01 0.0000000000e+00 -1.6911305130e-03
    9.9097654010e-01 0.0000000000e+00 -2.1123357940e-03
    9.9107329720e-01 0.0000000000e+00 -2.9339491040e-03
    9.9122133110e-01 0.0000000000e+00 -4.5208421660e-03
    9.9135392600e-01 0.0000000000e+00 -7.5758226840e-03
    9.9093733420e-01 0.0000000000e+00 -1.3547779690e-02
    9.9018363220e-01 0.0000000000e+00 -2.3728586850e-02
    9.8962675680e-01 0.0000000000e+00 -3.9917266320e-02
    9.8969491750e-01 0.0000000000e+00 -6.5058436860e-02
    9.9112007540e-01 0.0000000000e+00 -1.0351839430e-01
    9.9515087870e-01 0.0000000000e+00 -1.6191232790e-01
    1.0039411750e+00 0.0000000000e+00 -2.5047557720e-01
    1.0213280900e+00 0.0000000000e+00 -3.8531181180e-01
    1.0545842590e+00 0.0000000000e+00 -5.9211365320e-01
    1.1228687840e+00 0.0000000000e+00 -9.1445701390e-01
    1.4395154070e+00 0.0000000000e+00 -1.4471542490e+00
    1.8951532970e+00 0.0000000000e+00 -2.2373616120e+00
    2.5221521230e+00 0.0000000000e+00 -3.4588038380e+00
    3.3817696140e+00 0.0000000000e+00 -5.4052336050e+00
    4.5099087230e+00 0.0000000000e+00 -8.6050205440e+00
    5.9475766790e+00 0.0000000000e+00 -1.3899272180e+01
    7.7550283610e+00 0.0000000000e+00 -2.2695482180e+01
    9.9289726360e+00 0.0000000000e+00 -3.7436837790e+01
    1.2321432500e+01 0.0000000000e+00 -6.2336927130e+01
    1.4460057270e+01 0.0000000000e+00 -1.0466667420e+02
    1.5186640900e+01 0.0000000000e+00 -1.7698393700e+02
    1.1930337400e+01 0.0000000000e+00 -3.0099024710e+02
    -7.1336449530e-01 0.0000000000e+00 -5.1418843910e+02
    9.7879540100e-01 0.0000000000e+00 -2.9688690270e-03
    9.7879675260e-01 0.0000000000e+00 -2.9786519150e-03
    9.7879970160e-01 0.0000000000e+00 -3.0000088730e-03
    9.7880585260e-01 0.0000000000e+00 -3.0446410700e-03
    9.7881826980e-01 0.0000000000e+00 -3.1351810550e-03
    9.7884264810e-01 0.0000000000e+00 -3.3149392230e-03
    9.7888911880e-01 0.0000000000e+00 -3.6661032910e-03
    9.7897418340e-01 0.0000000000e+00 -4.3436739250e-03
    9.7911908070e-01 0.0000000000e+00 -5.6390024310e-03
    9.7932751630e-01 0.0000000000e+00 -8.1009921160e-03
    9.7946505160e-01 0.0000000000e+00 -1.2783745430e-02
    9.7841738860e-01 0.0000000000e+00 -2.1974252150e-02
    9.7492308940e-01 0.0000000000e+00 -3.8427849870e-02
    9.7095321550e-01 0.0000000000e+00 -6.4014027310e-02
    9.6695721090e-01 0.0000000000e+00 -1.0318004500e-01
    9.6378062990e-01 0.0000000000e+00 -1.6269479550e-01
    9.6309993100e-01 0.0000000000e+00 -2.5301581630e-01
    9.6821443050e-01 0.0000000000e+00 -3.9060162600e-01
    9.8598761610e-01 0.0000000000e+00 -6.0181637720e-01
    1.0610674570e+00 0.0000000000e+00 -9.4092748240e-01
    1.3670708270e+00 0.0000000000e+00 -1.4888678490e+00
    1.7850341880e+00 0.0000000000e+00 -2.2948671410e+00
    2.3567340860e+00 0.0000000000e+00 -3.5345852770e+00
    3.1356710970e+00 0.0000000000e+00 -5.5000970810e+00
    4.1524853160e+00 0.0000000000e+00 -8.7107961830e+00
    5.4160174920e+00 0.0000000000e+00 -1.4018731940e+01
    6.9537286440e+00 0.0000000000e+00 -2.2826798480e+01
    8.7110205040e+00 0.0000000000e+00 -3.7571052600e+01
    1.0456328530e+01 0.0000000000e+00 -6.2453578210e+01
    1.1580077920e+01 0.0000000000e+00 -1.0472501330e+02
    1.0697532110e+01 0.0000000000e+00 -1.7690538760e+02
    4.8587946120e+00 0.0000000000e+00 -3.0062493810e+02
    -1.1987023220e+01 0.0000000000e+00 -5.1325169730e+02
    9.6295252970e-01 0.0000000000e+00 -5.1367166160e-03
    9.6295381210e-01 0.0000000000e+00 -5.1461807480e-03
    9.6295648990e-01 0.0000000000e+00 -5.1659493590e-03
    9.6296191400e-01 0.0000000000e+00 -5.2060357090e-03
    9.6297264850e-01 0.0000000000e+00 -5.2855916840e-03
    9.6299347380e-01 0.0000000000e+00 -5.4409266770e-03
    9.6303306540e-01 0.0000000000e+00 -5.7403871550e-03
    9.6310643020e-01 0.0000000000e+00 -6.3118976940e-03
    9.6323696770e-01 0.0000000000e+00 -7.3939483750e-03
    9.6345156650e-01 0.0000000000e+00 -9.4305883150e-03
    9.6373956110e-01 0.0000000000e+00 -1.3252674830e-02
    9.6383999920e-01 0.0000000000e+00 -2.0455407530e-02
    9.6131562640e-01 0.0000000000e+00 -3.4765545200e-02
    9.5328875890e-01 0.0000000000e+00 -6.0407370180e-02
    9.4382161780e-01 0.0000000000e+00 -9.9850218350e-02
    9.3340747710e-01 0.0000000000e+00 -1.6000588300e-01
    9.2324427810e-01 0.0000000000e+00 -2.5158705400e-01
    9.1613838270e-01 0.0000000000e+00 -3.9146385570e-01
    9.1872199660e-01 0.0000000000e+00 -6.0682540040e-01
    1.0117552590e+00 0.0000000000e+00 -9.6680801260e-01
    1.2922457390e+00 0.0000000000e+00 -1.5274485350e+00
    1.6711065450e+00 0.0000000000e+00 -2.3480828970e+00
    2.1854423840e+00 0.0000000000e+00 -3.6045794870e+00
    2.8800937740e+00 0.0000000000e+00 -5.5879447600e+00
    3.7805034830e+00 0.0000000000e+00 -8.8080649420e+00
    4.8653620860e+00 0.0000000000e+00 -1.4124385720e+01
    6.1237670840e+00 0.0000000000e+00 -2.2937758650e+01
    7.4483385530e+00 0.0000000000e+00 -3.7675184620e+01
    8.5198605880e+00 0.0000000000e+00 -6.2525234160e+01
    8.5854724660e+00 0.0000000000e+00 -1.0471474300e+02
    6.0242786720e+00 0.0000000000e+00 -1.7672011530e+02
    -2.5066137190e+00 0.0000000000e+00 -3.0009034820e+02
    -2.3723479790e+01 0.0000000000e+00 -5.1204153340e+02
    9.4234888320e-01 0.0000000000e+00 -7.8941016450e-03
    9.4235010310e-01 0.0000000000e+00 -7.9033316770e-03
    9.4235256060e-01 0.0000000000e+00 -7.9219290180e-03
    9.4235741130e-01 0.0000000000e+00 -7.9586604990e-03
    9.4236683100e-01 0.0000000000e+00 -8.0301082090e-03
    9.4238486620e-01 0.0000000000e+00 -8.1674156580e-03
    9.4241891280e-01 0.0000000000e+00 -8.4287304300e-03
    9.4248211210e-01 0.0000000000e+00 -8.9220911420e-03
    9.4259657200e-01 0.0000000000e+00 -9.8474725900e-03
    9.4279512680e-01 0.0000000000e+00 -1.1574149180e-02
    9.4310988540e-01 0.0000000000e+00 -1.4784291230e-02
    9.4349717050e-01 0.0000000000e+00 -2.0747662970e-02
    9.4345317250e-01 0.0000000000e+00 -3.1911185720e-02
    9.3710278040e-01 0.0000000000e+00 -5.4665605420e-02
    9.2217946370e-01 0.0000000000e+00 -9.3935989490e-02
    9.0455706160e-01 0.0000000000e+00 -1.5424188940e-01
    8.8496237280e-01 0.0000000000e+00 -2.4657810950e-01
    8.6574824410e-01 0.0000000000e+00 -3.8830476760e-01
    8.5353337430e-01 0.0000000000e+00 -6.0765070160e-01
    9.6261150790e-01 0.0000000000e+00 -9.9047038930e-01
    1.2151534210e+00 0.0000000000e+00 -1.5626740800e+00
    1.5534953320e+00 0.0000000000e+00 -2.3966190380e+00
    2.0083927290e+00 0.0000000000e+00 -3.6681642650e+00
    2.6153068400e+00 0.0000000000e+00 -5.6674850730e+00
    3.3931304210e+00 0.0000000000e+00 -8.8958147060e+00
    4.2947545480e+00 0.0000000000e+00 -1.4214682680e+01
    5.2641226260e+00 0.0000000000e+00 -2.3025870920e+01
    6.1391556640e+00 0.0000000000e+00 -3.7745393440e+01
    6.5086384090e+00 0.0000000000e+00 -6.2545973710e+01
    5.4697016070e+00 0.0000000000e+00 -1.0462668100e+02
    1.1545756980e+00 0.0000000000e+00 -1.7641376990e+02
    -1.0188448930e+01 0.0000000000e+00 -2.9936393980e+02
    -3.5962771610e+01 0.0000000000e+00 -5.1052247330e+02
    9.1587075560e-01 0.0000000000e+00 -1.1338941170e-02
    9.1587191570e-01 0.0000000000e+00 -1.1348000270e-02
    9.1587418680e-01 0.0000000000e+00 -1.1365736850e-02
    9.1587857230e-01 0.0000000000e+00 -1.1399999590e-02
    9.1588694520e-01 0.0000000000e+00 -1.1465477640e-02
    9.1590277040e-01 0.0000000000e+00 -1.1589510290e-02
    9.1593238560e-01 0.0000000000e+00 -1.1822740000e-02
    9.1598718010e-01 0.0000000000e+00 -1.2258596740e-02
    9.1608698550e-01 0.0000000000e+00 -1.3068873240e-02
    9.1626420440e-01 0.0000000000e+00 -1.4568661390e-02
    9.1656416650e-01 0.0000000000e+00 -1.7335229420e-02
    9.1702066680e-01 0.0000000000e+00 -2.2428157020e-02
    9.1751768100e-01 0.0000000000e+00 -3.1813078040e-02
    9.1705840370e-01 0.0000000000e+00 -4.9319622490e-02
    9.0232123650e-01 0.0000000000e+00 -8.5901620900e-02
    8.7758351030e-01 0.0000000000e+00 -1.4587154940e-01
    8.4867419110e-01 0.0000000000e+00 -2.3846539450e-01
    8.1752947650e-01 0.0000000000e+00 -3.8162849910e-01
    7.9102336260e-01 0.0000000000e+00 -6.0493825730e-01
    9.1239909930e-01 0.0000000000e+00 -1.0117451410e+00
    1.1359229390e+00 0.0000000000e+00 -1.5943267160e+00
    1.4323565730e+00 0.0000000000e+00 -2.4400817730e+00
    1.8257527340e+00 0.0000000000e+00 -3.7246957680e+00
    2.3415990070e+00 0.0000000000e+00 -5.7375001220e+00
    2.9899083570e+00 0.0000000000e+00 -8.9726056280e+00
    3.7031404750e+00 0.0000000000e+00 -1.4287957840e+01
    4.3737866170e+00 0.0000000000e+00 -2.3088361690e+01
    4.7817504160e+00 0.0000000000e+00 -3.7777372150e+01
    4.4193450670e+00 0.0000000000e+00 -6.2509076740e+01
    2.2261851050e+00 0.0000000000e+00 -1.0445029630e+02
    -3.9243003970e+00 0.0000000000e+00 -1.7596973390e+02
    -1.8210626900e+01 0.0000000000e+00 -2.9841938100e+02
    -4.8748378430e+01 0.0000000000e+00 -5.0865275370e+02
    8.8235913620e-01 0.0000000000e+00 -1.5546856240e-02
    8.8236023620e-01 0.0000000000e+00 -1.5555791710e-02
    8.8236234210e-01 0.0000000000e+00 -1.5572899410e-02
    8.8236633650e-01 0.0000000000e+00 -1.5605354750e-02
    8.8237385220e-01 0.0000000000e+00 -1.5666458610e-02
    8.8238789230e-01 0.0000000000e+00 -1.5780760390e-02
    8.8241393620e-01 0.0000000000e+00 -1.5993400450e-02
    8.8246186720e-01 0.0000000000e+00 -1.6387108530e-02
    8.8254917250e-01 0.0000000000e+00 -1.7113077720e-02
    8.8270569010e-01 0.0000000000e+00 -1.8446985080e-02
    8.8297855940e-01 0.0000000000e+00 -2.0890698120e-02
    8.8342862380e-01 0.0000000000e+00 -2.5357723660e-02
    8.8408001770e-01 0.0000000000e+00 -3.3516477500e-02
    8.8465954850e-01 0.0000000000e+00 -4.8459509510e-02
    8.8278722660e-01 0.0000000000e+00 -7.6553732200e-02
    8.5268326200e-01 0.0000000000e+00 -1.3537700990e-01
    8.1463710630e-01 0.0000000000e+00 -2.2775635840e-01
    7.7180216360e-01 0.0000000000e+00 -3.7198556890e-01
    7.3207379020e-01 0.0000000000e+00 -5.9989236900e-01
    8.6111998000e-01 0.0000000000e+00 -1.0305348040e+00
    1.0546982490e+00 0.0000000000e+00 -1.6221941460e+00
    1.3078779020e+00 0.0000000000e+00 -2.4780761720e+00
    1.6377455100e+00 0.0000000000e+00 -3.7735128440e+00
    2.0592871810e+00 0.0000000000e+00 -5.7968251000e+00
    2.5709332970e+00 0.0000000000e+00 -9.0365288970e+00
    3.0892653880e+00 0.0000000000e+00 -1.4342378900e+01
    3.4517224840e+00 0.0000000000e+00 -2.3122156320e+01
    3.3744793390e+00 0.0000000000e+00 -3.7766297420e+01
    2.2488096700e+00 0.0000000000e+00 -6.2406934340e+01
    -1.1515503330e+00 0.0000000000e+00 -1.0417353280e+02
    -9.2252642100e+00 0.0000000000e+00 -1.7536878430e+02
    -2.6598121460e+01 0.0000000000e+00 -2.9722591100e+02
    -6.2126963260e+01 0.0000000000e+00 -5.0638314680e+02
    8.4075690740e-01 0.0000000000e+00 -2.0545760450e-02
    8.4075794480e-01 0.0000000000e+00 -2.0554607890e-02
    8.4075989730e-01 0.0000000000e+00 -2.0571260790e-02
    8.4076354840e-01 0.0000000000e+00 -2.0602404920e-02
    8.4077033670e-01 0.0000000000e+00 -2.0660331230e-02
    8.4078289210e-01 0.0000000000e+00 -2.0767559290e-02
    8.4080599570e-01 0.0000000000e+00 -2.0965226610e-02
    8.4084827250e-01 0.0000000000e+00 -2.1328281610e-02
    8.4092509100e-01 0.0000000000e+00 -2.1992953160e-02
    8.4106323730e-01 0.0000000000e+00 -2.3206356950e-02
    8.4130741480e-01 0.0000000000e+00 -2.5416041620e-02
    8.4172536960e-01 0.0000000000e+00 -2.9431848540e-02
    8.4239466360e-01 0.0000000000e+00 -3.6720252440e-02
    8.4329970120e-01 0.0000000000e+00 -4.9950717220e-02
    8.4382034910e-01 0.0000000000e+00 -7.4088544130e-02
    8.2991603960e-01 0.0000000000e+00 -1.2321370190e-01
    7.8297035900e-01 0.0000000000e+00 -2.1494553380e-01
    7.2873768850e-01 0.0000000000e+00 -3.5992930020e-01
    6.8420725290e-01 0.0000000000e+00 -5.9999929780e-01
    8.0886855740e-01 0.0000000000e+00 -1.0467551230e+00
    9.7163744160e-01 0.0000000000e+00 -1.6460702350e+00
    1.1802787510e+00 0.0000000000e+00 -2.5102088410e+00
    1.4446525420e+00 0.0000000000e+00 -3.8139419800e+00
    1.7687433140e+00 0.0000000000e+00 -5.8443149120e+00
    2.1368437870e+00 0.0000000000e+00 -9.0853280860e+00
    2.4518304440e+00 0.0000000000e+00 -1.4375828370e+01
    2.4967864480e+00 0.0000000000e+00 -2.3123856100e+01
    1.9157998530e+00 0.0000000000e+00 -3.7706774710e+01
    -5.9124466010e-03 0.0000000000e+00 -6.2230954850e+01
    -4.6696851760e+00 0.0000000000e+00 -1.0378262420e+02
    -1.4761099380e+01 0.0000000000e+00 -1.7458873100e+02
    -3.5376481340e+01 0.0000000000e+00 -2.9574764000e+02
    -7.6147780140e+01 0.0000000000e+00 -5.0365563090e+02
    7.9033197310e-01 0.0000000000e+00 -2.6285083740e-02
    7.9033294330e-01 0.0000000000e+00 -2.6293870200e-02
    7.9033474630e-01 0.0000000000e+00 -2.6310200220e-02
    7.9033808140e-01 0.0000000000e+00 -2.6340408950e-02
    7.9034422430e-01 0.0000000000e+00 -2.6396063760e-02
    7.9035549510e-01 0.0000000000e+00 -2.6498229420e-02
    7.9037609530e-01 0.0000000000e+00 -2.6685174190e-02
    7.9041359410e-01 0.0000000000e+00 -2.7026269320e-02
    7.9048151580e-01 0.0000000000e+00 -2.7647023420e-02
    7.9060368710e-01 0.0000000000e+00 -2.8774116690e-02
    7.9082099690e-01 0.0000000000e+00 -3.0816347720e-02
    7.9119995730e-01 0.0000000000e+00 -3.4510136680e-02
    7.9183600420e-01 0.0000000000e+00 -4.1181647330e-02
    7.9281836230e-01 0.0000000000e+00 -5.3223090060e-02
    7.9401857390e-01 0.0000000000e+00 -7.4984759430e-02
    7.9401004510e-01 0.0000000000e+00 -1.1466229930e-01
    7.5368667310e-01 0.0000000000e+00 -2.0048649990e-01
    6.8838624510e-01 0.0000000000e+00 -3.4598461580e-01
    6.5050832780e-01 0.0000000000e+00 -6.0668982380e-01
    7.5574872780e-01 0.0000000000e+00 -1.0603272450e+00
    8.8691202500e-01 0.0000000000e+00 -1.6657553760e+00
    1.0498102620e+00 0.0000000000e+00 -2.5360903330e+00
    1.2468159000e+00 0.0000000000e+00 -3.8453025330e+00
    1.4704210470e+00 0.0000000000e+00 -5.8788212820e+00
    1.6886517090e+00 0.0000000000e+00 -9.1166088780e+00
    1.7898597010e+00 0.0000000000e+00 -1.4385739420e+01
    1.5076426770e+00 0.0000000000e+00 -2.3089693820e+01
    4.0426789730e-01 0.0000000000e+00 -3.7592777390e+01
    -2.3474566030e+00 0.0000000000e+00 -6.1971464620e+01
    -8.3338866370e+00 0.0000000000e+00 -1.0326190590e+02
    -2.0544030460e+01 0.0000000000e+00 -1.7360404150e+02
    -4.4571113470e+01 0.0000000000e+00 -2.9394280560e+02
    -9.0861623160e+01 0.0000000000e+00 -5.0040193200e+02
    7.3095620350e-01 0.0000000000e+00 -3.2604371430e-02
    7.3095709930e-01 0.0000000000e+00 -3.2613117840e-02
    7.3095874920e-01 0.0000000000e+00 -3.2629226690e-02
    7.3096177690e-01 0.0000000000e+00 -3.2658789480e-02
    7.3096731480e-01 0.0000000000e+00 -3.2712870320e-02
    7.3097741340e-01 0.0000000000e+00 -3.2811521580e-02
    7.3099577430e-01 0.0000000000e+00 -3.2991013950e-02
    7.3102905420e-01 0.0000000000e+00 -3.3316835050e-02
    7.3108915750e-01 0.0000000000e+00 -3.3907028850e-02
    7.3119717650e-01 0.0000000000e+00 -3.4974052970e-02
    7.3138987070e-01 0.0000000000e+00 -3.6899773780e-02
    7.3172929200e-01 0.0000000000e+00 -4.0369756920e-02
    7.3231338460e-01 0.0000000000e+00 -4.6613839140e-02
    7.3327272810e-01 0.0000000000e+00 -5.7838590730e-02
    7.3468834720e-01 0.0000000000e+00 -7.8015290490e-02
    7.3614988310e-01 0.0000000000e+00 -1.1438979930e-01
    7.2652888560e-01 0.0000000000e+00 -1.8478501610e-01
    6.5070726930e-01 0.0000000000e+00 -3.3062973890e-01
    6.1925674280e-01 0.0000000000e+00 -6.1301744080e-01
    7.0186727580e-01 0.0000000000e+00 -1.0711759970e+00
    8.0070627940e-01 0.0000000000e+00 -1.6810565210e+00
    9.1675499370e-01 0.0000000000e+00 -2.5553372290e+00
    1.0446398170e+00 0.0000000000e+00 -3.8669119890e+00
    1.1648749200e+00 0.0000000000e+00 -5.8991845100e+00
    1.2275525760e+00 0.0000000000e+00 -9.1280112190e+00
    1.1031853740e+00 0.0000000000e+00 -1.4368968870e+01
    4.8277377540e-01 0.0000000000e+00 -2.3015446190e+01
    -1.1615087200e+00 0.0000000000e+00 -3.7417573350e+01
    -4.7780746770e+00 0.0000000000e+00 -6.1617600300e+01
    -1.2149063730e+01 0.0000000000e+00 -1.0259362400e+02
    -2.6585187160e+01 0.0000000000e+00 -1.7238546570e+02
    -5.4206293390e+01 0.0000000000e+00 -2.9176301570e+02
    -1.0631918390e+02 0.0000000000e+00 -4.9654199460e+02
    6.6337549900e-01 0.0000000000e+00 -3.9208999570e-02
    6.6337630950e-01 0.0000000000e+00 -3.9217722680e-02
    6.6337779310e-01 0.0000000000e+00 -3.9233691080e-02
    6.6338050110e-01 0.0000000000e+00 -3.9262837290e-02
    6.6338543030e-01 0.0000000000e+00 -3.9315896530e-02
    6.6339438060e-01 0.0000000000e+00 -3.9412258720e-02
    6.6341059320e-01 0.0000000000e+00 -3.9586886230e-02
    6.6343988880e-01 0.0000000000e+00 -3.9902721520e-02
    6.6349268000e-01 0.0000000000e+00 -4.0472914220e-02
    6.6358748050e-01 0.0000000000e+00 -4.1500594520e-02
    6.6375686630e-01 0.0000000000e+00 -4.3349969270e-02
    6.6405706440e-01 0.0000000000e+00 -4.6673293060e-02
    6.6458152040e-01 0.0000000000e+00 -5.2637514890e-02
    6.6547326400e-01 0.0000000000e+00 -6.3329222950e-02
    6.6690707410e-01 0.0000000000e+00 -8.2482538280e-02
    6.6891494810e-01 0.0000000000e+00 -1.1682027240e-01
    6.7042124250e-01 0.0000000000e+00 -1.7878739870e-01
    6.1559741930e-01 0.0000000000e+00 -3.1428866070e-01
    5.8800203800e-01 0.0000000000e+00 -6.1797370560e-01
    6.4733327540e-01 0.0000000000e+00 -1.0792288510e+00
    7.1321676230e-01 0.0000000000e+00 -1.6917869080e+00
    7.8142653870e-01 0.0000000000e+00 -2.5675737840e+00
    8.3859174220e-01 0.0000000000e+00 -3.8780910130e+00
    8.5277219140e-01 0.0000000000e+00 -5.9042356660e+00
    7.5482180390e-01 0.0000000000e+00 -9.1172816370e+00
    3.9279756210e-01 0.0000000000e+00 -1.4321816980e+01
    -5.7925487960e-01 0.0000000000e+00 -2.2896300840e+01
    -2.7829426900e+00 0.0000000000e+00 -3.7173625550e+01
    -7.2995904160e+00 0.0000000000e+00 -6.1157184500e+01
    -1.6119117120e+01 0.0000000000e+00 -1.0175774210e+02
    -3.2893975970e+01 0.0000000000e+00 -1.7089967460e+02
    -6.4303886410e+01 0.0000000000e+00 -2.8915251940e+02
    -1.2256870380e+02 0.0000000000e+00 -4.9198247550e+02
    5.8936381340e-01 0.0000000000e+00 -4.5664876710e-02
    5.8936452140e-01 0.0000000000e+00 -4.5673590520e-02
    5.8936581290e-01 0.0000000000e+00 -4.5689485430e-02
    5.8936816260e-01 0.0000000000e+00 -4.5718405000e-02
    5.8937242770e-01 0.0000000000e+00 -4.5770899630e-02
    5.8938015230e-01 0.0000000000e+00 -4.5865985910e-02
    5.8939411390e-01 0.0000000000e+00 -4.6037887320e-02
    5.8941929740e-01 0.0000000000e+00 -4.6348106190e-02
    5.8946462570e-01 0.0000000000e+00 -4.6907018460e-02
    5.8954601110e-01 0.0000000000e+00 -4.7912460230e-02
    5.8969166140e-01 0.0000000000e+00 -4.9718598710e-02
    5.8995106260e-01 0.0000000000e+00 -5.2958715070e-02
    5.9040937580e-01 0.0000000000e+00 -5.8763863630e-02
    5.9120768640e-01 0.0000000000e+00 -6.9152068010e-02
    5.9256094600e-01 0.0000000000e+00 -8.7722610930e-02
    5.9472658930e-01 0.0000000000e+00 -1.2091129770e-01
    5.9768936010e-01 0.0000000000e+00 -1.8039280570e-01
    5.8278637610e-01 0.0000000000e+00 -2.9734047580e-01
    5.5655330310e-01 0.0000000000e+00 -6.2144704840e-01
    5.9225814300e-01 0.0000000000e+00 -1.0844149090e+00
    6.2465202620e-01 0.0000000000e+00 -1.6977655080e+00
    6.4416919990e-01 0.0000000000e+00 -2.5724331130e+00
    6.2920300600e-01 0.0000000000e+00 -3.8781681310e+00
    5.3489964150e-01 0.0000000000e+00 -5.8928041450e+00
    2.7180842330e-01 0.0000000000e+00 -9.0822687470e+00
    -3.3916218140e-01 0.0000000000e+00 -1.4240226410e+01
    -1.6791686070e+00 0.0000000000e+00 -2.2726726670e+01
    -4.4614541920e+00 0.0000000000e+00 -3.6852455990e+01
    -9.9133939770e+00 0.0000000000e+00 -6.0576570660e+01
    -2.0246711730e+01 0.0000000000e+00 -1.0073173690e+02
    -3.9477397100e+01 0.0000000000e+00 -1.6910892200e+02
    -7.4881803740e+01 0.0000000000e+00 -2.8604755470e+02
    -1.3965286720e+02 0.0000000000e+00 -4.8661538990e+02
    5.1165038420e-01 0.0000000000e+00 -5.1429013550e-02
    5.1165096450e-01 0.0000000000e+00 -5.1437730340e-02
    5.1165202170e-01 0.0000000000e+00 -5.1453610530e-02
    5.1165394310e-01 0.0000000000e+00 -5.1482470200e-02
    5.1165742700e-01 0.0000000000e+00 -5.1534801500e-02
    5.1166373150e-01 0.0000000000e+00 -5.1629501670e-02
    5.1167511890e-01 0.0000000000e+00 -5.1800555330e-02
    5.1169565150e-01 0.0000000000e+00 -5.2108995000e-02
    5.1173261360e-01 0.0000000000e+00 -5.2664284060e-02
    5.1179904750e-01 0.0000000000e+00 -5.3662501130e-02
    5.1191826590e-01 0.0000000000e+00 -5.5454443350e-02
    5.1213185250e-01 0.0000000000e+00 -5.8666923030e-02
    5.1251375080e-01 0.0000000000e+00 -6.4418464850e-02
    5.1319475820e-01 0.0000000000e+00 -7.4702279650e-02
    5.1440388270e-01 0.0000000000e+00 -9.3066252010e-02
    5.1653282130e-01 0.0000000000e+00 -1.2583000420e-01
    5.2020732870e-01 0.0000000000e+00 -1.8435351740e-01
    5.2609749030e-01 0.0000000000e+00 -2.9008807480e-01
    5.2493688250e-01 0.0000000000e+00 -6.2341339860e-01
    5.3675590990e-01 0.0000000000e+00 -1.0866638550e+00
    5.3523260810e-01 0.0000000000e+00 -1.6988162180e+00
    5.0535785660e-01 0.0000000000e+00 -2.5695578890e+00
    4.1706929310e-01 0.0000000000e+00 -3.8664838770e+00
    2.1216751230e-01 0.0000000000e+00 -5.8637272450e+00
    -2.2001915200e-01 0.0000000000e+00 -9.0208938440e+00
    -1.0897258330e+00 0.0000000000e+00 -1.4120060980e+01
    -2.8161230420e+00 0.0000000000e+00 -2.2500452220e+01
    -6.1981469610e+00 0.0000000000e+00 -3.6444496990e+01
    -1.2620418010e+01 0.0000000000e+00 -5.9860446460e+01
    -2.4533089490e+01 0.0000000000e+00 -9.9490361390e+01
    -4.6339361120e+01 0.0000000000e+00 -1.6697072210e+02
    -8.5952271300e+01 0.0000000000e+00 -2.8237581230e+02
    -1.5760499330e+02 0.0000000000e+00 -4.8031706020e+02
    4.3357524960e-01 0.0000000000e+00 -5.5930772860e-02
    4.3357566840e-01 0.0000000000e+00 -5.5939503570e-02
    4.3357643200e-01 0.0000000000e+00 -5.5955423690e-02
    4.3357782090e-01 0.0000000000e+00 -5.5984379920e-02
    4.3358034140e-01 0.0000000000e+00 -5.6036925890e-02
    4.3358490650e-01 0.0000000000e+00 -5.6132079830e-02
    4.3359316020e-01 0.0000000000e+00 -5.6304061080e-02
    4.3360806170e-01 0.0000000000e+00 -5.6614351440e-02
    4.3363494010e-01 0.0000000000e+00 -5.7173264610e-02
    4.3368341180e-01 0.0000000000e+00 -5.8178470120e-02
    4.3377091690e-01 0.0000000000e+00 -5.9983702680e-02
    4.3392940490e-01 0.0000000000e+00 -6.3221103450e-02
    4.3421849800e-01 0.0000000000e+00 -6.9018604570e-02
    4.3475297910e-01 0.0000000000e+00 -7.9385270510e-02
    4.3576462350e-01 0.0000000000e+00 -9.7893452530e-02
    4.3775342750e-01 0.0000000000e+00 -1.3089377450e-01
    4.4190144610e-01 0.0000000000e+00 -1.8976458770e-01
    4.5224073840e-01 0.0000000000e+00 -2.9631089470e-01
    4.9319711120e-01 0.0000000000e+00 -6.2385456940e-01
    4.8094369120e-01 0.0000000000e+00 -1.0859048610e+00
    4.4519134960e-01 0.0000000000e+00 -1.6947668490e+00
    3.6539816430e-01 0.0000000000e+00 -2.5586006010e+00
    2.0285114710e-01 0.0000000000e+00 -3.8423943390e+00
    -1.1438801550e-01 0.0000000000e+00 -5.8158600340e+00
    -7.1902042020e-01 0.0000000000e+00 -8.9311304150e+00
    -1.8554874640e+00 0.0000000000e+00 -1.3957320650e+01
    -3.9870335440e+00 0.0000000000e+00 -2.2210646780e+01
    -7.9929419950e+00 0.0000000000e+00 -3.5939023090e+01
    -1.5420891540e+01 0.0000000000e+00 -5.8991622590e+01
    -2.8977866910e+01 0.0000000000e+00 -9.8005368250e+01
    -5.3480040470e+01 0.0000000000e+00 -1.6443752830e+02
    -9.7520026930e+01 0.0000000000e+00 -2.7805603780e+02
    -1.7644471760e+02 0.0000000000e+00 -4.7294751120e+02
    3.5854744210e-01 0.0000000000e+00 -5.8696419220e-02
    3.5854765840e-01 0.0000000000e+00 -5.8705173490e-02
    3.5854805400e-01 0.0000000000e+00 -5.8721187240e-02
    3.5854877570e-01 0.0000000000e+00 -5.8750397080e-02
    3.5855008910e-01 0.0000000000e+00 -5.8803540570e-02
    3.5855247470e-01 0.0000000000e+00 -5.8900003370e-02
    3.5855680230e-01 0.0000000000e+00 -5.9074725460e-02
    3.5856464940e-01 0.0000000000e+00 -5.9390581950e-02
    3.5857889680e-01 0.0000000000e+00 -5.9960548450e-02
    3.5860487260e-01 0.0000000000e+00 -6.0987326770e-02
    3.5865267110e-01 0.0000000000e+00 -6.2834068640e-02
    3.5874221180e-01 0.0000000000e+00 -6.6150345970e-02
    3.5891529930e-01 0.0000000000e+00 -7.2095936800e-02
    3.5926701110e-01 0.0000000000e+00 -8.2737150790e-02
    3.6003349930e-01 0.0000000000e+00 -1.0174747740e-01
    3.6185333250e-01 0.0000000000e+00 -1.3565627390e-01
    3.6663843280e-01 0.0000000000e+00 -1.9619640210e-01
    4.1349588900e-01 0.0000000000e+00 -3.1637070840e-01
    4.6137932490e-01 0.0000000000e+00 -6.2274966740e-01
    4.2494236450e-01 0.0000000000e+00 -1.0820654750e+00
    3.5477410080e-01 0.0000000000e+00 -1.6854479410e+00
    2.2472722400e-01 0.0000000000e+00 -2.5392233910e+00
    -1.2725228710e-02 0.0000000000e+00 -3.8052740450e+00
    -4.4360293710e-01 0.0000000000e+00 -5.7480847370e+00
    -1.2233444850e+00 0.0000000000e+00 -8.8110011370e+00
    -2.6328360130e+00 0.0000000000e+00 -1.3748231430e+01
    -5.1865219210e+00 0.0000000000e+00 -2.1850283530e+01
    -9.8432098200e+00 0.0000000000e+00 -3.5324312450e+01
    -1.8313518350e+01 0.0000000000e+00 -5.7950928250e+01
    -3.3578584960e+01 0.0000000000e+00 -9.6245237230e+01
    -6.0895170190e+01 0.0000000000e+00 -1.6145641640e+02
    -1.0958051210e+02 0.0000000000e+00 -2.7299778480e+02
    -1.9617344090e+02 0.0000000000e+00 -4.6435043320e+02
    2.8948140320e-01 0.0000000000e+00 -5.9472392750e-02
    2.8948137180e-01 0.0000000000e+00 -5.9481178830e-02
    2.8948131420e-01 0.0000000000e+00 -5.9497341970e-02
    2.8948120870e-01 0.0000000000e+00 -5.9526973770e-02
    2.8948101660e-01 0.0000000000e+00 -5.9581130670e-02
    2.8948066950e-01 0.0000000000e+00 -5.9679837800e-02
    2.8948005050e-01 0.0000000000e+00 -5.9859293310e-02
    2.8947897220e-01 0.0000000000e+00 -6.0184811200e-02
    2.8947718350e-01 0.0000000000e+00 -6.0774037320e-02
    2.8947453210e-01 0.0000000000e+00 -6.1838522610e-02
    2.8947177860e-01 0.0000000000e+00 -6.3758022640e-02
    2.8947380020e-01 0.0000000000e+00 -6.7212956700e-02
    2.8950109490e-01 0.0000000000e+00 -7.3419808570e-02
    2.8962914930e-01 0.0000000000e+00 -8.4548044830e-02
    2.9011979410e-01 0.0000000000e+00 -1.0445828160e-01
    2.9186518750e-01 0.0000000000e+00 -1.4003283800e-01
    2.9820581700e-01 0.0000000000e+00 -2.0388133100e-01
    3.7998893970e-01 0.0000000000e+00 -3.3712955760e-01
    4.2952562630e-01 0.0000000000e+00 -6.2007622070e-01
    3.6887747820e-01 0.0000000000e+00 -1.0750704590e+00
    2.6424086540e-01 0.0000000000e+00 -1.6706914440e+00
    8.3814854750e-02 0.0000000000e+00 -2.5110975750e+00
    -2.2886659160e-01 0.0000000000e+00 -3.7545182590e+00
    -7.7418349490e-01 0.0000000000e+00 -5.6593193410e+00
    -1.7309081540e+00 0.0000000000e+00 -8.6585877860e+00
    -3.4179936780e+00 0.0000000000e+00 -1.3489247390e+01
    -6.4074859600e+00 0.0000000000e+00 -2.1412529130e+01
    -1.1742443180e+01 0.0000000000e+00 -3.4588131470e+01
    -2.1293801500e+01 0.0000000000e+00 -5.6717448230e+01
    -3.8329551940e+01 0.0000000000e+00 -9.4175107080e+01
    -6.8574941680e+01 0.0000000000e+00 -1.5796889880e+02
    -1.2211788320e+02 0.0000000000e+00 -2.6710141510e+02
    -2.1676968380e+02 0.0000000000e+00 -4.5435386170e+02
    2.2839725040e-01 0.0000000000e+00 -5.8285855020e-02
    2.2839692470e-01 0.0000000000e+00 -5.8294680000e-02
    2.2839632030e-01 0.0000000000e+00 -5.8311054170e-02
    2.2839520410e-01 0.0000000000e+00 -5.8341300230e-02
    2.2839315170e-01 0.0000000000e+00 -5.8396951650e-02
    2.2838939390e-01 0.0000000000e+00 -5.8498992670e-02
    2.2838254610e-01 0.0000000000e+00 -5.8685512170e-02
    2.2837014360e-01 0.0000000000e+00 -5.9025495080e-02
    2.2834788570e-01 0.0000000000e+00 -5.9643626040e-02
    2.2830855400e-01 0.0000000000e+00 -6.0764809550e-02
    2.2824101920e-01 0.0000000000e+00 -6.2793890480e-02
    2.2813163850e-01 0.0000000000e+00 -6.6457988890e-02
    2.2797724510e-01 0.0000000000e+00 -7.3059755050e-02
    2.2784255470e-01 0.0000000000e+00 -8.4926860090e-02
    2.2807573740e-01 0.0000000000e+00 -1.0621467340e-01
    2.3012353970e-01 0.0000000000e+00 -1.4441244880e-01
    2.6320197680e-01 0.0000000000e+00 -2.2083324380e-01
    3.4360110900e-01 0.0000000000e+00 -3.5710097740e-01
    3.9760730630e-01 0.0000000000e+00 -6.1584244700e-01
    3.1288042190e-01 0.0000000000e+00 -1.0648405960e+00
    1.7386744810e-01 0.0000000000e+00 -1.6503293080e+00
    -5.6834393200e-02 0.0000000000e+00 -2.4739029250e+00
    -4.4471040800e-01 0.0000000000e+00 -3.6895447530e+00
    -1.1047036460e+00 0.0000000000e+00 -5.5485254050e+00
    -2.2393847080e+00 0.0000000000e+00 -8.4720474060e+00
    -4.2069428920e+00 0.0000000000e+00 -1.3177029910e+01
    -7.6418593270e+00 0.0000000000e+00 -2.0890999360e+01
    -1.3679767790e+01 0.0000000000e+00 -3.3718442510e+01
    -2.4351758820e+01 0.0000000000e+00 -5.5269330810e+01
    -4.3219503370e+01 0.0000000000e+00 -9.1757308340e+01
    -7.6501806740e+01 0.0000000000e+00 -1.5391127550e+02
    -1.3510219580e+02 0.0000000000e+00 -2.6025873560e+02
    -2.3818397240e+02 0.0000000000e+00 -4.4277199380e+02
    1.7628396430e-01 0.0000000000e+00 -5.5411858150e-02
    1.7628329570e-01 0.0000000000e+00 -5.5420728520e-02
    1.7628204020e-01 0.0000000000e+00 -5.5437386270e-02
    1.7627969730e-01 0.0000000000e+00 -5.5468478310e-02
    1.7627534930e-01 0.0000000000e+00 -5.5526209210e-02
    1.7626732210e-01 0.0000000000e+00 -5.5632915110e-02
    1.7625258210e-01 0.0000000000e+00 -5.5829353970e-02
    1.7622568570e-01 0.0000000000e+00 -5.6189698730e-02
    1.7617702950e-01 0.0000000000e+00 -5.6848591790e-02
    1.7609020230e-01 0.0000000000e+00 -5.8049846720e-02
    1.7593894910e-01 0.0000000000e+00 -6.0233876480e-02
    1.7568751540e-01 0.0000000000e+00 -6.4194143520e-02
    1.7531035010e-01 0.0000000000e+00 -7.1356341280e-02
    1.7488997990e-01 0.0000000000e+00 -8.4277597200e-02
    1.7501092320e-01 0.0000000000e+00 -1.0756335170e-01
    1.8023704410e-01 0.0000000000e+00 -1.5072372260e-01
    2.3562023190e-01 0.0000000000e+00 -2.3825664490e-01
    3.0412852000e-01 0.0000000000e+00 -3.7574899450e-01
    3.6455740530e-01 0.0000000000e+00 -6.1050369620e-01
    2.5708989990e-01 0.0000000000e+00 -1.0512914410e+00
    8.3947678090e-02 0.0000000000e+00 -1.6241920130e+00
    -1.9667834230e-01 0.0000000000e+00 -2.4273268090e+00
    -6.5932144520e-01 0.0000000000e+00 -3.6097952590e+00
    -1.4336013810e+00 0.0000000000e+00 -5.4147152040e+00
    -2.7461972910e+00 0.0000000000e+00 -8.2496304400e+00
    -4.9953321740e+00 0.0000000000e+00 -1.2808442120e+01
    -8.8811218910e+00 0.0000000000e+00 -2.0279845900e+01
    -1.5640630890e+01 0.0000000000e+00 -3.2704057010e+01
    -2.7470035400e+01 0.0000000000e+00 -5.3585134520e+01
    -4.8228164090e+01 0.0000000000e+00 -8.8952937220e+01
    -8.4646514130e+01 0.0000000000e+00 -1.4921627590e+02
    -1.4848467370e+02 0.0000000000e+00 -2.5235522450e+02
    -2.6033207590e+02 0.0000000000e+00 -4.2940924940e+02
    1.3320570850e-01 0.0000000000e+00 -5.1271725800e-02
    1.3320464400e-01 0.0000000000e+00 -5.1280648160e-02
    1.3320261230e-01 0.0000000000e+00 -5.1297678590e-02
    1.3319876840e-01 0.0000000000e+00 -5.1329905460e-02
    1.3319155120e-01 0.0000000000e+00 -5.1390449030e-02
    1.3317809260e-01 0.0000000000e+00 -5.1503492810e-02
    1.3315316460e-01 0.0000000000e+00 -5.1713446340e-02
    1.3310734200e-01 0.0000000000e+00 -5.2101587190e-02
    1.3302394420e-01 0.0000000000e+00 -5.2816206100e-02
    1.3287445240e-01 0.0000000000e+00 -5.4127060280e-02
    1.3261346410e-01 0.0000000000e+00 -5.6523443670e-02
    1.3218039540e-01 0.0000000000e+00 -6.0890342010e-02
    1.3153800220e-01 0.0000000000e+00 -6.8825049420e-02
    1.3086093480e-01 0.0000000000e+00 -8.3215903930e-02
    1.3137139220e-01 0.0000000000e+00 -1.0940683420e-01
    1.5850183730e-01 0.0000000000e+00 -1.6439120870e-01
    2.0549575380e-01 0.0000000000e+00 -2.5404616800e-01
    2.6141903840e-01 0.0000000000e+00 -3.9244720360e-01
    3.1945451790e-01 0.0000000000e+00 -6.1041035410e-01
    2.0165375740e-01 0.0000000000e+00 -1.0343320100e+00
    -5.2037014700e-03 0.0000000000e+00 -1.5921070810e+00
    -3.3513325190e-01 0.0000000000e+00 -2.3710633340e+00
    -8.7168692630e-01 0.0000000000e+00 -3.5147368410e+00
    -1.7591733540e+00 0.0000000000e+00 -5.2569585690e+00
    -3.2485128600e+00 0.0000000000e+00 -7.9896991120e+00
    -5.7784054640e+00 0.0000000000e+00 -1.2380565410e+01
    -1.0116437010e+01 0.0000000000e+00 -1.9573752530e+01
    -1.7608165040e+01 0.0000000000e+00 -3.1534998190e+01
    -3.0623606980e+01 0.0000000000e+00 -5.1645285290e+01
    -5.3322886620e+01 0.0000000000e+00 -8.5724543910e+01
    -9.2962543220e+01 0.0000000000e+00 -1.4381681620e+02
    -1.6219025920e+02 0.0000000000e+00 -2.4327537380e+02
    -2.8308507730e+02 0.0000000000e+00 -4.1406871780e+02
    9.8552636650e-02 0.0000000000e+00 -4.6318064320e-02
    9.8551112300e-02 0.0000000000e+00 -4.6327045330e-02
    9.8548139890e-02 0.0000000000e+00 -4.6344559220e-02
    9.8542417640e-02 0.0000000000e+00 -4.6378284570e-02
    9.8531517940e-02 0.0000000000e+00 -4.6442568100e-02
    9.8510948310e-02 0.0000000000e+00 -4.6564070820e-02
    9.8472472530e-02 0.0000000000e+00 -4.6792104320e-02
    9.8401193780e-02 0.0000000000e+00 -4.7217492650e-02
    9.8270770760e-02 0.0000000000e+00 -4.8006885090e-02
    9.8036553630e-02 0.0000000000e+00 -4.9464992130e-02
    9.7629338250e-02 0.0000000000e+00 -5.2147184710e-02
    9.6964614770e-02 0.0000000000e+00 -5.7063238730e-02
    9.6027183930e-02 0.0000000000e+00 -6.6050405540e-02
    9.5275583720e-02 0.0000000000e+00 -8.2501156910e-02
    1.0479322490e-01 0.0000000000e+00 -1.1616246920e-01
    1.3551633030e-01 0.0000000000e+00 -1.7648284870e-01
    1.7277525420e-01 0.0000000000e+00 -2.6768809280e-01
    2.1539563950e-01 0.0000000000e+00 -4.0647252250e-01
    2.5738932800e-01 0.0000000000e+00 -6.2017127260e-01
    1.4673089850e-01 0.0000000000e+00 -1.0138634560e+00
    -9.3247360860e-02 0.0000000000e+00 -1.5538975980e+00
    -4.7156866920e-01 0.0000000000e+00 -2.3048126230e+00
    -1.0807099730e+00 0.0000000000e+00 -3.4038634810e+00
    -2.0795673070e+00 0.0000000000e+00 -5.0743899180e+00
    -3.7432343460e+00 0.0000000000e+00 -7.6907460340e+00
    -6.5509598550e+00 0.0000000000e+00 -1.1890731050e+01
    -1.1338548590e+01 0.0000000000e+00 -1.8767930210e+01
    -1.9564371960e+01 0.0000000000e+00 -3.0202569790e+01
    -3.3781335470e+01 0.0000000000e+00 -4.9433091640e+01
    -5.8457208850e+01 0.0000000000e+00 -8.2039344290e+01
    -1.0138067280e+02 0.0000000000e+00 -1.3765211590e+02
    -1.7610831140e+02 0.0000000000e+00 -2.3291257780e+02
    -3.0625614490e+02 0.0000000000e+00 -3.9656765780e+02
    7.1325381960e-02 0.0000000000e+00 -4.0950878490e-02
    7.1323314090e-02 0.0000000000e+00 -4.0959923310e-02
    7.1319169100e-02 0.0000000000e+00 -4.0978055450e-02
    7.1311016640e-02 0.0000000000e+00 -4.1013730680e-02
    7.1295221210e-02 0.0000000000e+00 -4.1082913310e-02
    7.1265003170e-02 0.0000000000e+00 -4.1215536130e-02
    7.1207869560e-02 0.0000000000e+00 -4.1467391600e-02
    7.1101195100e-02 0.0000000000e+00 -4.1941940150e-02
    7.0905187600e-02 0.0000000000e+00 -4.2830174310e-02
    7.0553664520e-02 0.0000000000e+00 -4.4483305030e-02
    6.9949379760e-02 0.0000000000e+00 -4.7545275310e-02
    6.8995371400e-02 0.0000000000e+00 -5.3196511820e-02
    6.7789361500e-02 0.0000000000e+00 -6.3622927020e-02
    6.8294224480e-02 0.0000000000e+00 -8.3561443470e-02
    8.7151424740e-02 0.0000000000e+00 -1.2488636200e-01
    1.1048239640e-01 0.0000000000e+00 -1.8652780380e-01
    1.3748594300e-01 0.0000000000e+00 -2.7859385910e-01
    1.6608934550e-01 0.0000000000e+00 -4.1700416860e-01
    1.8982283720e-01 0.0000000000e+00 -6.2721951540e-01
    9.2486610660e-02 0.0000000000e+00 -9.8977830590e-01
    -1.7981477680e-01 0.0000000000e+00 -1.5093808190e+00
    -6.0530086410e-01 0.0000000000e+00 -2.2282804250e+00
    -1.2852010550e+00 0.0000000000e+00 -3.2766983070e+00
    -2.3927718250e+00 0.0000000000e+00 -4.8662161770e+00
    -4.2269896900e+00 0.0000000000e+00 -7.3514139320e+00
    -7.3073204640e+00 0.0000000000e+00 -1.1336560210e+01
    -1.2537612600e+01 0.0000000000e+00 -1.7858151270e+01
    -2.1490655190e+01 0.0000000000e+00 -2.8699312980e+01
    -3.6908332900e+01 0.0000000000e+00 -4.6935149200e+01
    -6.3572292680e+01 0.0000000000e+00 -7.7872095680e+01
    -1.0980640600e+02 0.0000000000e+00 -1.3067538950e+02
    -1.9008488710e+02 0.0000000000e+00 -2.2118363550e+02
    -3.2958759090e+02 0.0000000000e+00 -3.7676131320e+02
    5.0376712390e-02 0.0000000000e+00 -3.5478903490e-02
    5.0373986230e-02 0.0000000000e+00 -3.5488011360e-02
    5.0368328450e-02 0.0000000000e+00 -3.5506916350e-02
    5.0356912860e-02 0.0000000000e+00 -3.5545079200e-02
    5.0334362310e-02 0.0000000000e+00 -3.5620559940e-02
    5.0290575390e-02 0.0000000000e+00 -3.5767536890e-02
    5.0206867600e-02 0.0000000000e+00 -3.6050225620e-02
    5.0049460220e-02 0.0000000000e+00 -3.6588544510e-02
    4.9759652430e-02 0.0000000000e+00 -3.7605305190e-02
    4.9243063350e-02 0.0000000000e+00 -3.9512944470e-02
    4.8373816020e-02 0.0000000000e+00 -4.3074032860e-02
    4.7080882620e-02 0.0000000000e+00 -4.9708267260e-02
    4.5833508500e-02 0.0000000000e+00 -6.2175289120e-02
    5.4278583820e-02 0.0000000000e+00 -8.9402468200e-02
    6.7944642750e-02 0.0000000000e+00 -1.3173997710e-01
    8.3500542920e-02 0.0000000000e+00 -1.9403190510e-01
    9.9764040930e-02 0.0000000000e+00 -2.8610522920e-01
    1.1367858250e-01 0.0000000000e+00 -4.2313074620e-01
    1.1794405380e-01 0.0000000000e+00 -6.2899622580e-01
    3.8917009500e-02 0.0000000000e+00 -9.6196361010e-01
    -2.6450249590e-01 0.0000000000e+00 -1.4583669170e+00
    -7.3558460910e-01 0.0000000000e+00 -2.1411782800e+00
    -1.4838671630e+00 0.0000000000e+00 -3.1327969340e+00
    -2.6966030080e+00 0.0000000000e+00 -4.6317265320e+00
    -4.6961169450e+00 0.0000000000e+00 -6.9705180260e+00
    -8.0413207780e+00 0.0000000000e+00 -1.0716010020e+01
    -1.3703059480e+01 0.0000000000e+00 -1.6840823100e+01
    -2.3367778950e+01 0.0000000000e+00 -2.7019044770e+01
    -3.9967716840e+01 0.0000000000e+00 -4.4141570770e+01
    -6.8600188810e+01 0.0000000000e+00 -7.3207515380e+01
    -1.1812189200e+02 0.0000000000e+00 -1.2286190860e+02
    -2.0392137990e+02 0.0000000000e+00 -2.0804571000e+02
    -3.5274595410e+02 0.0000000000e+00 -3.5457218990e+02
    3.4579098090e-02 0.0000000000e+00 -3.0117424120e-02
    3.4575553850e-02 0.0000000000e+00 -3.0126578970e-02
    3.4567877010e-02 0.0000000000e+00 -3.0146412680e-02
    3.4551926400e-02 0.0000000000e+00 -3.0187651330e-02
    3.4519745140e-02 0.0000000000e+00 -3.0271000890e-02
    3.4456292220e-02 0.0000000000e+00 -3.0436012850e-02
    3.4333707440e-02 0.0000000000e+00 -3.0757593760e-02
    3.4101952800e-02 0.0000000000e+00 -3.1376642890e-02
    3.3675946100e-02 0.0000000000e+00 -3.2556858600e-02
    3.2926403690e-02 0.0000000000e+00 -3.4790631400e-02
    3.1709491400e-02 0.0000000000e+00 -3.9001262650e-02
    3.0085054640e-02 0.0000000000e+00 -4.6968259240e-02
    3.2317059320e-02 0.0000000000e+00 -6.4313955210e-02
    3.9527790130e-02 0.0000000000e+00 -9.3670966490e-02
    4.7323079180e-02 0.0000000000e+00 -1.3631143410e-01
    5.4779115000e-02 0.0000000000e+00 -1.9845804770e-01
    5.9888434360e-02 0.0000000000e+00 -2.8950824240e-01
    5.8534108960e-02 0.0000000000e+00 -4.2386915960e-01
    4.2307175110e-02 0.0000000000e+00 -6.2399728940e-01
    -1.9131876100e-02 0.0000000000e+00 -9.3033182540e-01
    -3.4686513650e-01 0.0000000000e+00 -1.4006579530e+00
    -8.6160302190e-01 0.0000000000e+00 -2.0432245600e+00
    -1.6752983980e+00 0.0000000000e+00 -2.9717525660e+00
    -2.9886877820e+00 0.0000000000e+00 -4.3703051810e+00
    -5.1466450260e+00 0.0000000000e+00 -6.5470731330e+00
    -8.7462815840e+00 0.0000000000e+00 -1.0027427560e+01
    -1.4823505250e+01 0.0000000000e+00 -1.5713093820e+01
    -2.5175551270e+01 0.0000000000e+00 -2.5157118000e+01
    -4.2921054310e+01 0.0000000000e+00 -4.1046907550e+01
    -7.3466759710e+01 0.0000000000e+00 -6.8043434420e+01
    -1.2619159300e+02 0.0000000000e+00 -1.1421691550e+02
    -2.1738273670e+02 0.0000000000e+00 -1.9351177320e+02
    -3.7533348650e+02 0.0000000000e+00 -3.3001654230e+02
    2.2919585230e-02 0.0000000000e+00 -2.5006921500e-02
    2.2915003110e-02 0.0000000000e+00 -2.5016074380e-02
    2.2904557110e-02 0.0000000000e+00 -2.5036947260e-02
    2.2882137990e-02 0.0000000000e+00 -2.5081791580e-02
    2.2835904510e-02 0.0000000000e+00 -2.5174517450e-02
    2.2743379320e-02 0.0000000000e+00 -2.5361213120e-02
    2.2563027470e-02 0.0000000000e+00 -2.5729872380e-02
    2.2221267370e-02 0.0000000000e+00 -2.6447339870e-02
    2.1597404210e-02 0.0000000000e+00 -2.7828795070e-02
    2.0523983980e-02 0.0000000000e+00 -3.0470774610e-02
    1.8876140400e-02 0.0000000000e+00 -3.5522196110e-02
    1.7992263310e-02 0.0000000000e+00 -4.6177574070e-02
    2.1026582080e-02 0.0000000000e+00 -6.6592804310e-02
    2.3817790820e-02 0.0000000000e+00 -9.5928220630e-02
    2.5543943390e-02 0.0000000000e+00 -1.3817118120e-01
    2.4661873250e-02 0.0000000000e+00 -1.9924618730e-01
    1.8316803820e-02 0.0000000000e+00 -2.8805950780e-01
    1.2670242600e-03 0.0000000000e+00 -4.1819985370e-01
    -3.6229437030e-02 0.0000000000e+00 -6.1071649390e-01
    -1.1323296360e-01 0.0000000000e+00 -8.9878520460e-01
    -4.2641079690e-01 0.0000000000e+00 -1.3360462240e+00
    -9.8245513420e-01 0.0000000000e+00 -1.9341468080e+00
    -1.8579517050e+00 0.0000000000e+00 -2.7932036990e+00
    -3.2664436800e+00 0.0000000000e+00 -4.0814486120e+00
    -5.5742701480e+00 0.0000000000e+00 -6.0803281830e+00
    -9.4149859820e+00 0.0000000000e+00 -9.2696159570e+00
    -1.5886693260e+01 0.0000000000e+00 -1.4473001340e+01
    -2.6892437950e+01 0.0000000000e+00 -2.3111120780e+01
    -4.5727699640e+01 0.0000000000e+00 -3.7652875620e+01
    -7.8093203900e+01 0.0000000000e+00 -6.2396372580e+01
    -1.3387014560e+02 0.0000000000e+00 -1.0478305080e+02
    -2.3021527270e+02 0.0000000000e+00 -1.7765943280e+02
    -3.9691926230e+02 0.0000000000e+00 -3.0321636050e+02
    1.4537681460e-02 0.0000000000e+00 -2.0239980220e-02
    1.4531771160e-02 0.0000000000e+00 -2.0249021180e-02
    1.4517472870e-02 0.0000000000e+00 -2.0270904390e-02
    1.4485716550e-02 0.0000000000e+00 -2.0319586660e-02
    1.4418802010e-02 0.0000000000e+00 -2.0422592690e-02
    1.4283097550e-02 0.0000000000e+00 -2.0633464130e-02
    1.4016954920e-02 0.0000000000e+00 -2.1055356960e-02
    1.3513743510e-02 0.0000000000e+00 -2.1885956980e-02
    1.2607962930e-02 0.0000000000e+00 -2.3504206760e-02
    1.1101081410e-02 0.0000000000e+00 -2.6644886230e-02
    9.0823480430e-03 0.0000000000e+00 -3.2952290530e-02
    9.4220398770e-03 0.0000000000e+00 -4.6987790870e-02
    9.1606274360e-03 0.0000000000e+00 -6.7132125210e-02
    7.4359293440e-03 0.0000000000e+00 -9.5846565620e-02
    2.9885455540e-03 0.0000000000e+00 -1.3689680160e-01
    -6.3456828690e-03 0.0000000000e+00 -1.9584572070e-01
    -2.4279690350e-02 0.0000000000e+00 -2.8102854460e-01
    -5.7225166290e-02 0.0000000000e+00 -4.0512317150e-01
    -1.1642564810e-01 0.0000000000e+00 -5.8769966020e-01
    -2.2220479420e-01 0.0000000000e+00 -8.5938929110e-01
    -5.0275685560e-01 0.0000000000e+00 -1.2642576150e+00
    -1.0971408380e+00 0.0000000000e+00 -1.8136859640e+00
    -2.0301315190e+00 0.0000000000e+00 -2.5968455520e+00
    -3.5270552060e+00 0.0000000000e+00 -3.7647893800e+00
    -5.9743286560e+00 0.0000000000e+00 -5.5698116160e+00
    -1.0039651210e+01 0.0000000000e+00 -8.4419198330e+00
    -1.6879443320e+01 0.0000000000e+00 -1.3119736900e+01
    -2.8495163750e+01 0.0000000000e+00 -2.0882614910e+01
    -4.8343873780e+01 0.0000000000e+00 -3.3974049840e+01
    -8.2397721060e+01 0.0000000000e+00 -5.6309247120e+01
    -1.4101280520e+02 0.0000000000e+00 -9.4644066900e+01
    -2.4217165430e+02 0.0000000000e+00 -1.6062681020e+02
    -4.1708422010e+02 0.0000000000e+00 -2.7438668420e+02
    8.7229489560e-03 0.0000000000e+00 -1.5888360550e-02
    8.7153576900e-03 0.0000000000e+00 -1.5897085420e-02
    8.6957292230e-03 0.0000000000e+00 -1.5919664230e-02
    8.6506021410e-03 0.0000000000e+00 -1.5971716040e-02
    8.5536006690e-03 0.0000000000e+00 -1.6084371610e-02
    8.3547916460e-03 0.0000000000e+00 -1.6318845650e-02
    7.9640896380e-03 0.0000000000e+00 -1.6794668630e-02
    7.2314030000e-03 0.0000000000e+00 -1.7745262590e-02
    5.9418920680e-03 0.0000000000e+00 -1.9631208250e-02
    3.9065909720e-03 0.0000000000e+00 -2.3413985000e-02
    2.5720184510e-03 0.0000000000e+00 -3.2637937840e-02
    6.0170621900e-04 0.0000000000e+00 -4.6335855030e-02
    -2.9817238540e-03 0.0000000000e+00 -6.5701729880e-02
    -9.2231876290e-03 0.0000000000e+00 -9.3132134370e-02
    -1.9822926240e-02 0.0000000000e+00 -1.3210930060e-01
    -3.7556431760e-02 0.0000000000e+00 -1.8776232740e-01
    -6.6989752720e-02 0.0000000000e+00 -2.6775906410e-01
    -1.1572289810e-01 0.0000000000e+00 -3.8374072040e-01
    -1.9660782730e-01 0.0000000000e+00 -5.5364797290e-01
    -3.3188477060e-01 0.0000000000e+00 -8.0551961540e-01
    -5.8200958560e-01 0.0000000000e+00 -1.1825168500e+00
    -1.2045443670e+00 0.0000000000e+00 -1.6816023950e+00
    -2.1899672040e+00 0.0000000000e+00 -2.3824467380e+00
    -3.7674472990e+00 0.0000000000e+00 -3.4201289630e+00
    -6.3417679760e+00 0.0000000000e+00 -5.0153921150e+00
    -1.0611900820e+01 0.0000000000e+00 -7.5443433490e+00
    -1.7787597480e+01 0.0000000000e+00 -1.1654289890e+01
    -2.9958424930e+01 0.0000000000e+00 -1.8481234680e+01
    -5.0723141650e+01 0.0000000000e+00 -3.0046239780e+01
    -8.6300907500e+01 0.0000000000e+00 -4.9855468790e+01
    -1.4748999810e+02 0.0000000000e+00 -8.3916986940e+01
    -2.5303802920e+02 0.0000000000e+00 -1.4259019020e+02
    -4.3546605270e+02 0.0000000000e+00 -2.4379689150e+02
    4.8857378340e-03 0.0000000000e+00 -1.2021987470e-02
    4.8760924680e-03 0.0000000000e+00 -1.2030088010e-02
    4.8492981370e-03 0.0000000000e+00 -1.2052625780e-02
    4.7856185650e-03 0.0000000000e+00 -1.2106453710e-02
    4.6463655950e-03 0.0000000000e+00 -1.2225617650e-02
    4.3589844170e-03 0.0000000000e+00 -1.2478301930e-02
    3.7959005550e-03 0.0000000000e+00 -1.3001417300e-02
    2.7556073680e-03 0.0000000000e+00 -1.4074271400e-02
    9.8598713590e-04 0.0000000000e+00 -1.6300610500e-02
    -1.0471975730e-03 0.0000000000e+00 -2.2110526250e-02
    -3.8188281570e-03 0.0000000000e+00 -3.1242181130e-02
    -8.1872501030e-03 0.0000000000e+00 -4.4076111940e-02
    -1.5015957870e-02 0.0000000000e+00 -6.2126753710e-02
    -2.5655376460e-02 0.0000000000e+00 -8.7561329110e-02
    -4.2227479110e-02 0.0000000000e+00 -1.2352015220e-01
    -6.8095472780e-02 0.0000000000e+00 -1.7461928830e-01
    -1.0865284200e-01 0.0000000000e+00 -2.4774958560e-01
    -1.7267169270e-01 0.0000000000e+00 -3.5336263300e-01
    -2.7464936070e-01 0.0000000000e+00 -5.0755903600e-01
    -4.3901632640e-01 0.0000000000e+00 -7.3550989430e-01
    -7.0829386130e-01 0.0000000000e+00 -1.0769132770e+00
    -1.3034974510e+00 0.0000000000e+00 -1.5376259540e+00
    -2.3353876030e+00 0.0000000000e+00 -2.1498731910e+00
    -3.9842571800e+00 0.0000000000e+00 -3.0474830760e+00
    -6.6711190570e+00 0.0000000000e+00 -4.4173605220e+00
    -1.1122746460e+01 0.0000000000e+00 -6.5777450930e+00
    -1.8596035450e+01 0.0000000000e+00 -1.0081341850e+01
    -3.1255464890e+01 0.0000000000e+00 -1.5932537540e+01
    -5.2820915840e+01 0.0000000000e+00 -2.5931450360e+01
    -8.9736827290e+01 0.0000000000e+00 -4.3128507020e+01
    -1.5320310080e+02 0.0000000000e+00 -7.2727359460e+01
    -2.6265386720e+02 0.0000000000e+00 -1.2372755850e+02
    -4.5178655810e+02 0.0000000000e+00 -2.1172006210e+02
    2.5179680960e-03 0.0000000000e+00 -8.7075970850e-03
    2.5059314150e-03 0.0000000000e+00 -8.7147205000e-03
    2.4699174780e-03 0.0000000000e+00 -8.7361010520e-03
    2.3816877870e-03 0.0000000000e+00 -8.7890039230e-03
    2.1860723380e-03 0.0000000000e+00 -8.9091976350e-03
    1.7811819110e-03 0.0000000000e+00 -9.1714164210e-03
    9.9387542890e-04 0.0000000000e+00 -9.7364743860e-03
    -4.3042389630e-04 0.0000000000e+00 -1.0977076870e-02
    -2.5418436600e-03 0.0000000000e+00 -1.4455757570e-02
    -5.5090807670e-03 0.0000000000e+00 -2.0340320490e-02
    -9.9584119150e-03 0.0000000000e+00 -2.8588458860e-02
    -1.6593190240e-02 0.0000000000e+00 -4.0139495590e-02
    -2.6482330900e-02 0.0000000000e+00 -5.6319872640e-02
    -4.1258029300e-02 0.0000000000e+00 -7.9022684890e-02
    -6.3432593250e-02 0.0000000000e+00 -1.1098601340e-01
    -9.6916318820e-02 0.0000000000e+00 -1.5622957720e-01
    -1.4787920630e-01 0.0000000000e+00 -2.2074903390e-01
    -2.2620767080e-01 0.0000000000e+00 -3.1363548680e-01
    -3.4800342180e-01 0.0000000000e+00 -4.4889752480e-01
    -5.3996592720e-01 0.0000000000e+00 -6.4846022380e-01
    -8.4723653140e-01 0.0000000000e+00 -9.4703648930e-01
    -1.3963533210e+00 0.0000000000e+00 -1.3785263390e+00
    -2.4640996270e+00 0.0000000000e+00 -1.8991153560e+00
    -4.1738072230e+00 0.0000000000e+00 -2.6471438830e+00
    -6.9564765930e+00 0.0000000000e+00 -3.7765411400e+00
    -1.1562618150e+01 0.0000000000e+00 -5.5443115610e+00
    -1.9289230910e+01 0.0000000000e+00 -8.4145464910e+00
    -3.2361413570e+01 0.0000000000e+00 -1.3286095240e+01
    -5.4603930400e+01 0.0000000000e+00 -2.1705900000e+01
    -9.2664292840e+01 0.0000000000e+00 -3.6213868470e+01
    -1.5809169050e+02 0.0000000000e+00 -6.1178239380e+01
    -2.7091421020e+02 0.0000000000e+00 -1.0418700400e+02
    -4.6585103570e+02 0.0000000000e+00 -1.7839632610e+02
    1.1719904320e-03 0.0000000000e+00 -5.9825617540e-03
    1.1572521950e-03 0.0000000000e+00 -5.9884300620e-03
    1.1097828100e-03 0.0000000000e+00 -6.0074686100e-03
    9.9034968050e-04 0.0000000000e+00 -6.0564672410e-03
    7.2277720460e-04 0.0000000000e+00 -6.1723700570e-03
    1.6889317220e-04 0.0000000000e+00 -6.4407212790e-03
    -8.9839173110e-04 0.0000000000e+00 -7.0797747130e-03
    -2.7450642930e-03 0.0000000000e+00 -9.0111602350e-03
    -5.5081521140e-03 0.0000000000e+00 -1.2599145910e-02
    -9.5883352100e-03 0.0000000000e+00 -1.7639117160e-02
    -1.5549018520e-02 0.0000000000e+00 -2.4694109720e-02
    -2.4226155120e-02 0.0000000000e+00 -3.4549963590e-02
    -3.6869290020e-02 0.0000000000e+00 -4.8312855070e-02
    -5.5358812690e-02 0.0000000000e+00 -6.7558679270e-02
    -8.2552393950e-02 0.0000000000e+00 -9.4564269110e-02
    -1.2284737760e-01 0.0000000000e+00 -1.3266987890e-01
    -1.8311021780e-01 0.0000000000e+00 -1.8685609990e-01
    -2.7423703150e-01 0.0000000000e+00 -2.6467618950e-01
    -4.1380890880e-01 0.0000000000e+00 -3.7777563440e-01
    -6.3069337850e-01 0.0000000000e+00 -5.4440551840e-01
    -9.7310609550e-01 0.0000000000e+00 -7.9355248350e-01
    -1.5249130080e+00 0.0000000000e+00 -1.1706675350e+00
    -2.5738806650e+00 0.0000000000e+00 -1.6299209000e+00
    -4.3320859250e+00 0.0000000000e+00 -2.2197613330e+00
    -7.1914995500e+00 0.0000000000e+00 -3.0944488780e+00
    -1.1921673290e+01 0.0000000000e+00 -4.4492300930e+00
    -1.9853802070e+01 0.0000000000e+00 -6.6869729510e+00
    -3.3260385700e+01 0.0000000000e+00 -1.0607375320e+01
    -5.6058215570e+01 0.0000000000e+00 -1.7428547840e+01
    -9.5067348420e+01 0.0000000000e+00 -2.9163679700e+01
    -1.6212530490e+02 0.0000000000e+00 -4.9336586710e+01
    -2.7775402870e+02 0.0000000000e+00 -8.4080416430e+01
    -4.7752580290e+02 0.0000000000e+00 -1.4402847720e+02
    4.7477526460e-04 0.0000000000e+00 -3.8283950340e-03
    4.5693267880e-04 0.0000000000e+00 -3.8328752170e-03
    3.9528482850e-04 0.0000000000e+00 -3.8486523040e-03
    2.3663406860e-04 0.0000000000e+00 -3.8916747750e-03
    -1.2164355610e-04 0.0000000000e+00 -4.0024660790e-03
    -8.6370085450e-04 0.0000000000e+00 -4.2975485440e-03
    -2.2909423720e-03 0.0000000000e+00 -5.2646151100e-03
    -4.6024618110e-03 0.0000000000e+00 -7.2625305420e-03
    -8.0421410930e-03 0.0000000000e+00 -1.0097236620e-02
    -1.3055521570e-02 0.0000000000e+00 -1.4083697890e-02
    -2.0288957140e-02 0.0000000000e+00 -1.9661665440e-02
    -3.0688120330e-02 0.0000000000e+00 -2.7441573680e-02
    -4.5651177700e-02 0.0000000000e+00 -3.8280783060e-02
    -6.7263526090e-02 0.0000000000e+00 -5.3399291460e-02
    -9.8669430040e-02 0.0000000000e+00 -7.4558693100e-02
    -1.4467276860e-01 0.0000000000e+00 -1.0434245130e-01
    -2.1272532880e-01 0.0000000000e+00 -1.4660332970e-01
    -3.1457887970e-01 0.0000000000e+00 -2.0718632870e-01
    -4.6908306620e-01 0.0000000000e+00 -2.9510891460e-01
    -7.0700487100e-01 0.0000000000e+00 -4.2452106490e-01
    -1.0793883910e+00 0.0000000000e+00 -6.1795243950e-01
    -1.6721816780e+00 0.0000000000e+00 -9.1162205290e-01
    -2.6711892420e+00 0.0000000000e+00 -1.3293540490e+00
    -4.4548494090e+00 0.0000000000e+00 -1.7662405940e+00
    -7.3694749000e+00 0.0000000000e+00 -2.3735627280e+00
    -1.2191522060e+01 0.0000000000e+00 -3.3067574320e+00
    -2.0283987920e+01 0.0000000000e+00 -4.9553239240e+00
    -3.3950640160e+01 0.0000000000e+00 -7.9426655600e+00
    -5.7185446890e+01 0.0000000000e+00 -1.3120075600e+01
    -9.6943108180e+01 0.0000000000e+00 -2.1998794230e+01
    -1.6528673700e+02 0.0000000000e+00 -3.7246659600e+01
    -2.8312777210e+02 0.0000000000e+00 -6.3502007380e+01
    -4.8671246030e+02 0.0000000000e+00 -1.0880317160e+02
    1.5200733190e-04 0.0000000000e+00 -2.1750719110e-03
    1.3040890180e-04 0.0000000000e+00 -2.1781341100e-03
    5.0825598490e-05 0.0000000000e+00 -2.1900862500e-03
    -1.5788615630e-04 0.0000000000e+00 -2.2269700970e-03
    -6.3291548430e-04 0.0000000000e+00 -2.3429514260e-03
    -1.6272456390e-03 0.0000000000e+00 -2.7691614160e-03
    -3.3672736640e-03 0.0000000000e+00 -3.7187772030e-03
    -6.0358722070e-03 0.0000000000e+00 -5.0964966960e-03
    -9.9828287280e-03 0.0000000000e+00 -7.0565102160e-03
    -1.5701986370e-02 0.0000000000e+00 -9.8174262750e-03
    -2.3901905340e-02 0.0000000000e+00 -1.3680728080e-02
    -3.5610714070e-02 0.0000000000e+00 -1.9063727460e-02
    -5.2337341340e-02 0.0000000000e+00 -2.6551893400e-02
    -7.6320354390e-02 0.0000000000e+00 -3.6977614520e-02
    -1.1091909180e-01 0.0000000000e+00 -5.1542155930e-02
    -1.6124413690e-01 0.0000000000e+00 -7.2007303070e-02
    -2.3519156930e-01 0.0000000000e+00 -1.0100150610e-01
    -3.4516670750e-01 0.0000000000e+00 -1.4251372520e-01
    -5.1099581200e-01 0.0000000000e+00 -2.0270158710e-01
    -7.6492700330e-01 0.0000000000e+00 -2.9123681420e-01
    -1.1602663550e+00 0.0000000000e+00 -4.2354619160e-01
    -1.7863634030e+00 0.0000000000e+00 -6.2452651230e-01
    -2.7963295180e+00 0.0000000000e+00 -9.3316061990e-01
    -4.5403347550e+00 0.0000000000e+00 -1.2812777410e+00
    -7.4838026860e+00 0.0000000000e+00 -1.6179593160e+00
    -1.2371030530e+01 0.0000000000e+00 -2.1542274490e+00
    -2.0584254500e+01 0.0000000000e+00 -3.2679437140e+00
    -3.4439232370e+01 0.0000000000e+00 -5.2957890940e+00
    -5.7990654080e+01 0.0000000000e+00 -8.7771729320e+00
    -9.8289210190e+01 0.0000000000e+00 -1.4732219730e+01
    -1.6756064680e+02 0.0000000000e+00 -2.4953296410e+01
    -2.8699774250e+02 0.0000000000e+00 -4.2551002440e+01
    -4.9333360500e+02 0.0000000000e+00 -7.2914236450e+01
    2.7580800090e-05 0.0000000000e+00 -9.2931050880e-04
    1.2047070450e-06 0.0000000000e+00 -9.3094051640e-04
    -1.0167986490e-04 0.0000000000e+00 -9.3884290050e-04
    -3.7599145130e-04 0.0000000000e+00 -9.7298760850e-04
    -1.0041493580e-03 0.0000000000e+00 -1.1243444590e-03
    -2.1674189650e-03 0.0000000000e+00 -1.4433392800e-03
    -4.0541961280e-03 0.0000000000e+00 -1.9257133160e-03
    -6.9410325850e-03 0.0000000000e+00 -2.6276415030e-03
    -1.1202108180e-02 0.0000000000e+00 -3.6291448450e-03
    -1.7361358010e-02 0.0000000000e+00 -5.0416375580e-03
    -2.6165929300e-02 0.0000000000e+00 -7.0184462390e-03
    -3.8694846820e-02 0.0000000000e+00 -9.7713844870e-03
    -5.6525925490e-02 0.0000000000e+00 -1.3597482510e-02
    -8.1992207230e-02 0.0000000000e+00 -1.8918983450e-02
    -1.1858631590e-01 0.0000000000e+00 -2.6344619300e-02
    -1.7160998080e-01 0.0000000000e+00 -3.6767720140e-02
    -2.4923720120e-01 0.0000000000e+00 -5.1521341950e-02
    -3.6428391140e-01 0.0000000000e+00 -7.2629076160e-02
    -5.3719304930e-01 0.0000000000e+00 -1.0321595460e-01
    -8.0115469350e-01 0.0000000000e+00 -1.4819339560e-01
    -1.2109322670e+00 0.0000000000e+00 -2.1540350460e-01
    -1.8581356500e+00 0.0000000000e+00 -3.1752829250e-01
    -2.8978607700e+00 0.0000000000e+00 -4.7523872790e-01
    -4.6074905450e+00 0.0000000000e+00 -7.0206644710e-01
    -7.5322404300e+00 0.0000000000e+00 -8.3132219330e-01
    -1.2471395730e+01 0.0000000000e+00 -1.0483530770e+00
    -2.0762268030e+01 0.0000000000e+00 -1.6247961060e+00
    -3.4731730460e+01 0.0000000000e+00 -2.6505722350e+00
    -5.8474937030e+01 0.0000000000e+00 -4.3994576130e+00
    -9.9100408740e+01 0.0000000000e+00 -7.3873205330e+00
    -1.6893223390e+02 0.0000000000e+00 -1.2514444450e+01
    -2.8933324030e+02 0.0000000000e+00 -2.1341537630e+01
    -4.9733077090e+02 0.0000000000e+00 -3.6571993810e+01
    0.0000000000e+00 0.0000000000e+00 0.0000000000e+00
    -3.2527749970e-05 0.0000000000e+00 0.0000000000e+00
    -1.6251928900e-04 0.0000000000e+00 0.0000000000e+00
    -4.9087629990e-04 0.0000000000e+00 0.0000000000e+00
    -1.1618373570e-03 0.0000000000e+00 0.0000000000e+00
    -2.3550485100e-03 0.0000000000e+00 0.0000000000e+00
    -4.2902886220e-03 0.0000000000e+00 0.0000000000e+00
    -7.2505051220e-03 0.0000000000e+00 0.0000000000e+00
    -1.1617933250e-02 0.0000000000e+00 0.0000000000e+00
    -1.7926752180e-02 0.0000000000e+00 0.0000000000e+00
    -2.6937200400e-02 0.0000000000e+00 0.0000000000e+00
    -3.9745473200e-02 0.0000000000e+00 0.0000000000e+00
    -5.7952827910e-02 0.0000000000e+00 0.0000000000e+00
    -8.3924219670e-02 0.0000000000e+00 0.0000000000e+00
    -1.2119738760e-01 0.0000000000e+00 0.0000000000e+00
    -1.7513905240e-01 0.0000000000e+00 0.0000000000e+00
    -2.5401782580e-01 0.0000000000e+00 0.0000000000e+00
    -3.7078976520e-01 0.0000000000e+00 0.0000000000e+00
    -5.4610877010e-01 0.0000000000e+00 0.0000000000e+00
    -8.1348818880e-01 0.0000000000e+00 0.0000000000e+00
    -1.2281943580e+00 0.0000000000e+00 0.0000000000e+00
    -1.8826256880e+00 0.0000000000e+00 0.0000000000e+00
    -2.9330937070e+00 0.0000000000e+00 0.0000000000e+00
    -4.6471893950e+00 0.0000000000e+00 0.0000000000e+00
    -7.5370993000e+00 0.0000000000e+00 0.0000000000e+00
    -1.2503999390e+01 0.0000000000e+00 0.0000000000e+00
    -2.0821492700e+01 0.0000000000e+00 0.0000000000e+00
    -3.4829300280e+01 0.0000000000e+00 0.0000000000e+00
    -5.8636688640e+01 0.0000000000e+00 0.0000000000e+00
    -9.9371500330e+01 0.0000000000e+00 0.0000000000e+00
    -1.6939072490e+02 0.0000000000e+00 0.0000000000e+00
    -2.9011407300e+02 0.0000000000e+00 0.0000000000e+00
    -4.9866731110e+02 0.0000000000e+00 0.0000000000e+00
    2.7580800090e-05 0.0000000000e+00 9.2931050880e-04
    1.2047070450e-06 0.0000000000e+00 9.3094051640e-04
    -1.0167986490e-04 0.0000000000e+00 9.3884290050e-04
    -3.7599145130e-04 0.0000000000e+00 9.7298760850e-04
    -1.0041493580e-03 0.0000000000e+00 1.1243444590e-03
    -2.1674189650e-03 0.0000000000e+00 1.4433392800e-03
    -4.0541961280e-03 0.0000000000e+00 1.9257133160e-03
    -6.9410325850e-03 0.0000000000e+00 2.6276415030e-03
    -1.1202108180e-02 0.0000000000e+00 3.6291448450e-03
    -1.7361358010e-02 0.0000000000e+00 5.0416375580e-03
    -2.6165929300e-02 0.0000000000e+00 7.0184462390e-03
    -3.8694846820e-02 0.0000000000e+00 9.7713844870e-03
    -5.6525925490e-02 0.0000000000e+00 1.3597482510e-02
    -8.1992207230e-02 0.0000000000e+00 1.8918983450e-02
    -1.1858631590e-01 0.0000000000e+00 2.6344619300e-02
    -1.7160998080e-01 0.0000000000e+00 3.6767720140e-02
    -2.4923720120e-01 0.0000000000e+00 5.1521341950e-02
    -3.6428391140e-01 0.0000000000e+00 7.2629076160e-02
    -5.3719304930e-01 0.0000000000e+00 1.0321595460e-01
    -8.0115469350e-01 0.0000000000e+00 1.4819339560e-01
    -1.2109322670e+00 0.0000000000e+00 2.1540350460e-01
    -1.8581356500e+00 0.0000000000e+00 3.1752829250e-01
    -2.8978607700e+00 0.0000000000e+00 4.7523872790e-01
    -4.6074905450e+00 0.0000000000e+00 7.0206644710e-01
    -7.5322404300e+00 0.0000000000e+00 8.3132219330e-01
    -1.2471395730e+01 0.0000000000e+00 1.0483530770e+00
    -2.0762268030e+01 0.0000000000e+00 1.6247961060e+00
    -3.4731730460e+01 0.0000000000e+00 2.6505722350e+00
    -5.8474937030e+01 0.0000000000e+00 4.3994576130e+00
    -9.9100408740e+01 0.0000000000e+00 7.3873205330e+00
    -1.6893223390e+02 0.0000000000e+00 1.2514444450e+01
    -2.8933324030e+02 0.0000000000e+00 2.1341537630e+01
    -4.9733077090e+02 0.0000000000e+00 3.6571993810e+01
    1.5200733190e-04 0.0000000000e+00 2.1750719110e-03
    1.3040890180e-04 0.0000000000e+00 2.1781341100e-03
    5.0825598490e-05 0.0000000000e+00 2.1900862500e-03
    -1.5788615630e-04 0.0000000000e+00 2.2269700970e-03
    -6.3291548430e-04 0.0000000000e+00 2.3429514260e-03
    -1.6272456390e-03 0.0000000000e+00 2.7691614160e-03
    -3.3672736640e-03 0.0000000000e+00 3.7187772030e-03
    -6.0358722070e-03 0.0000000000e+00 5.0964966960e-03
    -9.9828287280e-03 0.0000000000e+00 7.0565102160e-03
    -1.5701986370e-02 0.0000000000e+00 9.8174262750e-03
    -2.3901905340e-02 0.0000000000e+00 1.3680728080e-02
    -3.5610714070e-02 0.0000000000e+00 1.9063727460e-02
    -5.2337341340e-02 0.0000000000e+00 2.6551893400e-02
    -7.6320354390e-02 0.0000000000e+00 3.6977614520e-02
    -1.1091909180e-01 0.0000000000e+00 5.1542155930e-02
    -1.6124413690e-01 0.0000000000e+00 7.2007303070e-02
    -2.3519156930e-01 0.0000000000e+00 1.0100150610e-01
    -3.4516670750e-01 0.0000000000e+00 1.4251372520e-01
    -5.1099581200e-01 0.0000000000e+00 2.0270158710e-01
    -7.6492700330e-01 0.0000000000e+00 2.9123681420e-01
    -1.1602663550e+00 0.0000000000e+00 4.2354619160e-01
    -1.7863634030e+00 0.0000000000e+00 6.2452651230e-01
    -2.7963295180e+00 0.0000000000e+00 9.3316061990e-01
    -4.5403347550e+00 0.0000000000e+00 1.2812777410e+00
    -7.4838026860e+00 0.0000000000e+00 1.6179593160e+00
    -1.2371030530e+01 0.0000000000e+00 2.1542274490e+00
    -2.0584254500e+01 0.0000000000e+00 3.2679437140e+00
    -3.4439232370e+01 0.0000000000e+00 5.2957890940e+00
    -5.7990654080e+01 0.0000000000e+00 8.7771729320e+00
    -9.8289210190e+01 0.0000000000e+00 1.4732219730e+01
    -1.6756064680e+02 0.0000000000e+00 2.4953296410e+01
    -2.8699774250e+02 0.0000000000e+00 4.2551002440e+01
    -4.9333360500e+02 0.0000000000e+00 7.2914236450e+01
    4.7477526460e-04 0.0000000000e+00 3.8283950340e-03
    4.5693267880e-04 0.0000000000e+00 3.8328752170e-03
    3.9528482850e-04 0.0000000000e+00 3.8486523040e-03
    2.3663406860e-04 0.0000000000e+00 3.8916747750e-03
    -1.2164355610e-04 0.0000000000e+00 4.0024660790e-03
    -8.6370085450e-04 0.0000000000e+00 4.2975485440e-03
    -2.2909423720e-03 0.0000000000e+00 5.2646151100e-03
    -4.6024618110e-03 0.0000000000e+00 7.2625305420e-03
    -8.0421410930e-03 0.0000000000e+00 1.0097236620e-02
    -1.3055521570e-02 0.0000000000e+00 1.4083697890e-02
    -2.0288957140e-02 0.0000000000e+00 1.9661665440e-02
    -3.0688120330e-02 0.0000000000e+00 2.7441573680e-02
    -4.5651177700e-02 0.0000000000e+00 3.8280783060e-02
    -6.7263526090e-02 0.0000000000e+00 5.3399291460e-02
    -9.8669430040e-02 0.0000000000e+00 7.4558693100e-02
    -1.4467276860e-01 0.0000000000e+00 1.0434245130e-01
    -2.1272532880e-01 0.0000000000e+00 1.4660332970e-01
    -3.1457887970e-01 0.0000000000e+00 2.0718632870e-01
    -4.6908306620e-01 0.0000000000e+00 2.9510891460e-01
    -7.0700487100e-01 0.0000000000e+00 4.2452106490e-01
    -1.0793883910e+00 0.0000000000e+00 6.1795243950e-01
    -1.6721816780e+00 0.0000000000e+00 9.1162205290e-01
    -2.6711892420e+00 0.0000000000e+00 1.3293540490e+00
    -4.4548494090e+00 0.0000000000e+00 1.7662405940e+00
    -7.3694749000e+00 0.0000000000e+00 2.3735627280e+00
    -1.2191522060e+01 0.0000000000e+00 3.3067574320e+00
    -2.0283987920e+01 0.0000000000e+00 4.9553239240e+00
    -3.3950640160e+01 0.0000000000e+00 7.9426655600e+00
    -5.7185446890e+01 0.0000000000e+00 1.3120075600e+01
    -9.6943108180e+01 0.0000000000e+00 2.1998794230e+01
    -1.6528673700e+02 0.0000000000e+00 3.7246659600e+01
    -2.8312777210e+02 0.0000000000e+00 6.3502007380e+01
    -4.8671246030e+02 0.0000000000e+00 1.0880317160e+02
    1.1719904320e-03 0.0000000000e+00 5.9825617540e-03
    1.1572521950e-03 0.0000000000e+00 5.9884300620e-03
    1.1097828100e-03 0.0000000000e+00 6.0074686100e-03
    9.9034968050e-04 0.0000000000e+00 6.0564672410e-03
    7.2277720460e-04 0.0000000000e+00 6.1723700570e-03
    1.6889317220e-04 0.0000000000e+00 6.4407212790e-03
    -8.9839173110e-04 0.0000000000e+00 7.0797747130e-03
    -2.7450642930e-03 0.0000000000e+00 9.0111602350e-03
    -5.5081521140e-03 0.0000000000e+00 1.2599145910e-02
    -9.5883352100e-03 0.0000000000e+00 1.7639117160e-02
    -1.5549018520e-02 0.0000000000e+00 2.4694109720e-02
    -2.4226155120e-02 0.0000000000e+00 3.4549963590e-02
    -3.6869290020e-02 0.0000000000e+00 4.8312855070e-02
    -5.5358812690e-02 0.0000000000e+00 6.7558679270e-02
    -8.2552393950e-02 0.0000000000e+00 9.4564269110e-02
    -1.2284737760e-01 0.0000000000e+00 1.3266987890e-01
    -1.8311021780e-01 0.0000000000e+00 1.8685609990e-01
    -2.7423703150e-01 0.0000000000e+00 2.6467618950e-01
    -4.1380890880e-01 0.0000000000e+00 3.7777563440e-01
    -6.3069337850e-01 0.0000000000e+00 5.4440551840e-01
    -9.7310609550e-01 0.0000000000e+00 7.9355248350e-01
    -1.5249130080e+00 0.0000000000e+00 1.1706675350e+00
    -2.5738806650e+00 0.0000000000e+00 1.6299209000e+00
    -4.3320859250e+00 0.0000000000e+00 2.2197613330e+00
    -7.1914995500e+00 0.0000000000e+00 3.0944488780e+00
    -1.1921673290e+01 0.0000000000e+00 4.4492300930e+00
    -1.9853802070e+01 0.0000000000e+00 6.6869729510e+00
    -3.3260385700e+01 0.0000000000e+00 1.0607375320e+01
    -5.6058215570e+01 0.0000000000e+00 1.7428547840e+01
    -9.5067348420e+01 0.0000000000e+00 2.9163679700e+01
    -1.6212530490e+02 0.0000000000e+00 4.9336586710e+01
    -2.7775402870e+02 0.0000000000e+00 8.4080416430e+01
    -4.7752580290e+02 0.0000000000e+00 1.4402847720e+02
    2.5179680960e-03 0.0000000000e+00 8.7075970850e-03
    2.5059314150e-03 0.0000000000e+00 8.7147205000e-03
    2.4699174780e-03 0.0000000000e+00 8.7361010520e-03
    2.3816877870e-03 0.0000000000e+00 8.7890039230e-03
    2.1860723380e-03 0.0000000000e+00 8.9091976350e-03
    1.7811819110e-03 0.0000000000e+00 9.1714164210e-03
    9.9387542890e-04 0.0000000000e+00 9.7364743860e-03
    -4.3042389630e-04 0.0000000000e+00 1.0977076870e-02
    -2.5418436600e-03 0.0000000000e+00 1.4455757570e-02
    -5.5090807670e-03 0.0000000000e+00 2.0340320490e-02
    -9.9584119150e-03 0.0000000000e+00 2.8588458860e-02
    -1.6593190240e-02 0.0000000000e+00 4.0139495590e-02
    -2.6482330900e-02 0.0000000000e+00 5.6319872640e-02
    -4.1258029300e-02 0.0000000000e+00 7.9022684890e-02
    -6.3432593250e-02 0.0000000000e+00 1.1098601340e-01
    -9.6916318820e-02 0.0000000000e+00 1.5622957720e-01
    -1.4787920630e-01 0.0000000000e+00 2.2074903390e-01
    -2.2620767080e-01 0.0000000000e+00 3.1363548680e-01
    -3.4800342180e-01 0.0000000000e+00 4.4889752480e-01
    -5.3996592720e-01 0.0000000000e+00 6.4846022380e-01
    -8.4723653140e-01 0.0000000000e+00 9.4703648930e-01
    -1.3963533210e+00 0.0000000000e+00 1.3785263390e+00
    -2.4640996270e+00 0.0000000000e+00 1.8991153560e+00
    -4.1738072230e+00 0.0000000000e+00 2.6471438830e+00
    -6.9564765930e+00 0.0000000000e+00 3.7765411400e+00
    -1.1562618150e+01 0.0000000000e+00 5.5443115610e+00
    -1.9289230910e+01 0.0000000000e+00 8.4145464910e+00
    -3.2361413570e+01 0.0000000000e+00 1.3286095240e+01
    -5.4603930400e+01 0.0000000000e+00 2.1705900000e+01
    -9.2664292840e+01 0.0000000000e+00 3.6213868470e+01
    -1.5809169050e+02 0.0000000000e+00 6.1178239380e+01
    -2.7091421020e+02 0.0000000000e+00 1.0418700400e+02
    -4.6585103570e+02 0.0000000000e+00 1.7839632610e+02
    4.8857378340e-03 0.0000000000e+00 1.2021987470e-02
    4.8760924680e-03 0.0000000000e+00 1.2030088010e-02
    4.8492981370e-03 0.0000000000e+00 1.2052625780e-02
    4.7856185650e-03 0.0000000000e+00 1.2106453710e-02
    4.6463655950e-03 0.0000000000e+00 1.2225617650e-02
    4.3589844170e-03 0.0000000000e+00 1.2478301930e-02
    3.7959005550e-03 0.0000000000e+00 1.3001417300e-02
    2.7556073680e-03 0.0000000000e+00 1.4074271400e-02
    9.8598713590e-04 0.0000000000e+00 1.6300610500e-02
    -1.0471975730e-03 0.0000000000e+00 2.2110526250e-02
    -3.8188281570e-03 0.0000000000e+00 3.1242181130e-02
    -8.1872501030e-03 0.0000000000e+00 4.4076111940e-02
    -1.5015957870e-02 0.0000000000e+00 6.2126753710e-02
    -2.5655376460e-02 0.0000000000e+00 8.7561329110e-02
    -4.2227479110e-02 0.0000000000e+00 1.2352015220e-01
    -6.8095472780e-02 0.0000000000e+00 1.7461928830e-01
    -1.0865284200e-01 0.0000000000e+00 2.4774958560e-01
    -1.7267169270e-01 0.0000000000e+00 3.5336263300e-01
    -2.7464936070e-01 0.0000000000e+00 5.0755903600e-01
    -4.3901632640e-01 0.0000000000e+00 7.3550989430e-01
    -7.0829386130e-01 0.0000000000e+00 1.0769132770e+00
    -1.3034974510e+00 0.0000000000e+00 1.5376259540e+00
    -2.3353876030e+00 0.0000000000e+00 2.1498731910e+00
    -3.9842571800e+00 0.0000000000e+00 3.0474830760e+00
    -6.6711190570e+00 0.0000000000e+00 4.4173605220e+00
    -1.1122746460e+01 0.0000000000e+00 6.5777450930e+00
    -1.8596035450e+01 0.0000000000e+00 1.0081341850e+01
    -3.1255464890e+01 0.0000000000e+00 1.5932537540e+01
    -5.2820915840e+01 0.0000000000e+00 2.5931450360e+01
    -8.9736827290e+01 0.0000000000e+00 4.3128507020e+01
    -1.5320310080e+02 0.0000000000e+00 7.2727359460e+01
    -2.6265386720e+02 0.0000000000e+00 1.2372755850e+02
    -4.5178655810e+02 0.0000000000e+00 2.1172006210e+02
    8.7229489560e-03 0.0000000000e+00 1.5888360550e-02
    8.7153576900e-03 0.0000000000e+00 1.5897085420e-02
    8.6957292230e-03 0.0000000000e+00 1.5919664230e-02
    8.6506021410e-03 0.0000000000e+00 1.5971716040e-02
    8.5536006690e-03 0.0000000000e+00 1.6084371610e-02
    8.3547916460e-03 0.0000000000e+00 1.6318845650e-02
    7.9640896380e-03 0.0000000000e+00 1.6794668630e-02
    7.2314030000e-03 0.0000000000e+00 1.7745262590e-02
    5.9418920680e-03 0.0000000000e+00 1.9631208250e-02
    3.9065909720e-03 0.0000000000e+00 2.3413985000e-02
    2.5720184510e-03 0.0000000000e+00 3.2637937840e-02
    6.0170621900e-04 0.0000000000e+00 4.6335855030e-02
    -2.9817238540e-03 0.0000000000e+00 6.5701729880e-02
    -9.2231876290e-03 0.0000000000e+00 9.3132134370e-02
    -1.9822926240e-02 0.0000000000e+00 1.3210930060e-01
    -3.7556431760e-02 0.0000000000e+00 1.8776232740e-01
    -6.6989752720e-02 0.0000000000e+00 2.6775906410e-01
    -1.1572289810e-01 0.0000000000e+00 3.8374072040e-01
    -1.9660782730e-01 0.0000000000e+00 5.5364797290e-01
    -3.3188477060e-01 0.0000000000e+00 8.0551961540e-01
    -5.8200958560e-01 0.0000000000e+00 1.1825168500e+00
    -1.2045443670e+00 0.0000000000e+00 1.6816023950e+00
    -2.1899672040e+00 0.0000000000e+00 2.3824467380e+00
    -3.7674472990e+00 0.0000000000e+00 3.4201289630e+00
    -6.3417679760e+00 0.0000000000e+00 5.0153921150e+00
    -1.0611900820e+01 0.0000000000e+00 7.5443433490e+00
    -1.7787597480e+01 0.0000000000e+00 1.1654289890e+01
    -2.9958424930e+01 0.0000000000e+00 1.8481234680e+01
    -5.0723141650e+01 0.0000000000e+00 3.0046239780e+01
    -8.6300907500e+01 0.0000000000e+00 4.9855468790e+01
    -1.4748999810e+02 0.0000000000e+00 8.3916986940e+01
    -2.5303802920e+02 0.0000000000e+00 1.4259019020e+02
    -4.3546605270e+02 0.0000000000e+00 2.4379689150e+02
    1.4537681460e-02 0.0000000000e+00 2.0239980220e-02
    1.4531771160e-02 0.0000000000e+00 2.0249021180e-02
    1.4517472870e-02 0.0000000000e+00 2.0270904390e-02
    1.4485716550e-02 0.0000000000e+00 2.0319586660e-02
    1.4418802010e-02 0.0000000000e+00 2.0422592690e-02
    1.4283097550e-02 0.0000000000e+00 2.0633464130e-02
    1.4016954920e-02 0.0000000000e+00 2.1055356960e-02
    1.3513743510e-02 0.0000000000e+00 2.1885956980e-02
    1.2607962930e-02 0.0000000000e+00 2.3504206760e-02
    1.1101081410e-02 0.0000000000e+00 2.6644886230e-02
    9.0823480430e-03 0.0000000000e+00 3.2952290530e-02
    9.4220398770e-03 0.0000000000e+00 4.6987790870e-02
    9.1606274360e-03 0.0000000000e+00 6.7132125210e-02
    7.4359293440e-03 0.0000000000e+00 9.5846565620e-02
    2.9885455540e-03 0.0000000000e+00 1.3689680160e-01
    -6.3456828690e-03 0.0000000000e+00 1.9584572070e-01
    -2.4279690350e-02 0.0000000000e+00 2.8102854460e-01
    -5.7225166290e-02 0.0000000000e+00 4.0512317150e-01
    -1.1642564810e-01 0.0000000000e+00 5.8769966020e-01
    -2.2220479420e-01 0.0000000000e+00 8.5938929110e-01
    -5.0275685560e-01 0.0000000000e+00 1.2642576150e+00
    -1.0971408380e+00 0.0000000000e+00 1.8136859640e+00
    -2.0301315190e+00 0.0000000000e+00 2.5968455520e+00
    -3.5270552060e+00 0.0000000000e+00 3.7647893800e+00
    -5.9743286560e+00 0.0000000000e+00 5.5698116160e+00
    -1.0039651210e+01 0.0000000000e+00 8.4419198330e+00
    -1.6879443320e+01 0.0000000000e+00 1.3119736900e+01
    -2.8495163750e+01 0.0000000000e+00 2.0882614910e+01
    -4.8343873780e+01 0.0000000000e+00 3.3974049840e+01
    -8.2397721060e+01 0.0000000000e+00 5.6309247120e+01
    -1.4101280520e+02 0.0000000000e+00 9.4644066900e+01
    -2.4217165430e+02 0.0000000000e+00 1.6062681020e+02
    -4.1708422010e+02 0.0000000000e+00 2.7438668420e+02
    2.2919585230e-02 0.0000000000e+00 2.5006921500e-02
    2.2915003110e-02 0.0000000000e+00 2.5016074380e-02
    2.2904557110e-02 0.0000000000e+00 2.5036947260e-02
    2.2882137990e-02 0.0000000000e+00 2.5081791580e-02
    2.2835904510e-02 0.0000000000e+00 2.5174517450e-02
    2.2743379320e-02 0.0000000000e+00 2.5361213120e-02
    2.2563027470e-02 0.0000000000e+00 2.5729872380e-02
    2.2221267370e-02 0.0000000000e+00 2.6447339870e-02
    2.1597404210e-02 0.0000000000e+00 2.7828795070e-02
    2.0523983980e-02 0.0000000000e+00 3.0470774610e-02
    1.8876140400e-02 0.0000000000e+00 3.5522196110e-02
    1.7992263310e-02 0.0000000000e+00 4.6177574070e-02
    2.1026582080e-02 0.0000000000e+00 6.6592804310e-02
    2.3817790820e-02 0.0000000000e+00 9.5928220630e-02
    2.5543943390e-02 0.0000000000e+00 1.3817118120e-01
    2.4661873250e-02 0.0000000000e+00 1.9924618730e-01
    1.8316803820e-02 0.0000000000e+00 2.8805950780e-01
    1.2670242600e-03 0.0000000000e+00 4.1819985370e-01
    -3.6229437030e-02 0.0000000000e+00 6.1071649390e-01
    -1.1323296360e-01 0.0000000000e+00 8.9878520460e-01
    -4.2641079690e-01 0.0000000000e+00 1.3360462240e+00
    -9.8245513420e-01 0.0000000000e+00 1.9341468080e+00
    -1.8579517050e+00 0.0000000000e+00 2.7932036990e+00
    -3.2664436800e+00 0.0000000000e+00 4.0814486120e+00
    -5.5742701480e+00 0.0000000000e+00 6.0803281830e+00
    -9.4149859820e+00 0.0000000000e+00 9.2696159570e+00
    -1.5886693260e+01 0.0000000000e+00 1.4473001340e+01
    -2.6892437950e+01 0.0000000000e+00 2.3111120780e+01
    -4.5727699640e+01 0.0000000000e+00 3.7652875620e+01
    -7.8093203900e+01 0.0000000000e+00 6.2396372580e+01
    -1.3387014560e+02 0.0000000000e+00 1.0478305080e+02
    -2.3021527270e+02 0.0000000000e+00 1.7765943280e+02
    -3.9691926230e+02 0.0000000000e+00 3.0321636050e+02
    3.4579098090e-02 0.0000000000e+00 3.0117424120e-02
    3.4575553850e-02 0.0000000000e+00 3.0126578970e-02
    3.4567877010e-02 0.0000000000e+00 3.0146412680e-02
    3.4551926400e-02 0.0000000000e+00 3.0187651330e-02
    3.4519745140e-02 0.0000000000e+00 3.0271000890e-02
    3.4456292220e-02 0.0000000000e+00 3.0436012850e-02
    3.4333707440e-02 0.0000000000e+00 3.0757593760e-02
    3.4101952800e-02 0.0000000000e+00 3.1376642890e-02
    3.3675946100e-02 0.0000000000e+00 3.2556858600e-02
    3.2926403690e-02 0.0000000000e+00 3.4790631400e-02
    3.1709491400e-02 0.0000000000e+00 3.9001262650e-02
    3.0085054640e-02 0.0000000000e+00 4.6968259240e-02
    3.2317059320e-02 0.0000000000e+00 6.4313955210e-02
    3.9527790130e-02 0.0000000000e+00 9.3670966490e-02
    4.7323079180e-02 0.0000000000e+00 1.3631143410e-01
    5.4779115000e-02 0.0000000000e+00 1.9845804770e-01
    5.9888434360e-02 0.0000000000e+00 2.8950824240e-01
    5.8534108960e-02 0.0000000000e+00 4.2386915960e-01
    4.2307175110e-02 0.0000000000e+00 6.2399728940e-01
    -1.9131876100e-02 0.0000000000e+00 9.3033182540e-01
    -3.4686513650e-01 0.0000000000e+00 1.4006579530e+00
    -8.6160302190e-01 0.0000000000e+00 2.0432245600e+00
    -1.6752983980e+00 0.0000000000e+00 2.9717525660e+00
    -2.9886877820e+00 0.0000000000e+00 4.3703051810e+00
    -5.1466450260e+00 0.0000000000e+00 6.5470731330e+00
    -8.7462815840e+00 0.0000000000e+00 1.0027427560e+01
    -1.4823505250e+01 0.0000000000e+00 1.5713093820e+01
    -2.5175551270e+01 0.0000000000e+00 2.5157118000e+01
    -4.2921054310e+01 0.0000000000e+00 4.1046907550e+01
    -7.3466759710e+01 0.0000000000e+00 6.8043434420e+01
    -1.2619159300e+02 0.0000000000e+00 1.1421691550e+02
    -2.1738273670e+02 0.0000000000e+00 1.9351177320e+02
    -3.7533348650e+02 0.0000000000e+00 3.3001654230e+02
    5.0376712390e-02 0.0000000000e+00 3.5478903490e-02
    5.0373986230e-02 0.0000000000e+00 3.5488011360e-02
    5.0368328450e-02 0.0000000000e+00 3.5506916350e-02
    5.0356912860e-02 0.0000000000e+00 3.5545079200e-02
    5.0334362310e-02 0.0000000000e+00 3.5620559940e-02
    5.0290575390e-02 0.0000000000e+00 3.5767536890e-02
    5.0206867600e-02 0.0000000000e+00 3.6050225620e-02
    5.0049460220e-02 0.0000000000e+00 3.6588544510e-02
    4.9759652430e-02 0.0000000000e+00 3.7605305190e-02
    4.9243063350e-02 0.0000000000e+00 3.9512944470e-02
    4.8373816020e-02 0.0000000000e+00 4.3074032860e-02
    4.7080882620e-02 0.0000000000e+00 4.9708267260e-02
    4.5833508500e-02 0.0000000000e+00 6.2175289120e-02
    5.4278583820e-02 0.0000000000e+00 8.9402468200e-02
    6.7944642750e-02 0.0000000000e+00 1.3173997710e-01
    8.3500542920e-02 0.0000000000e+00 1.9403190510e-01
    9.9764040930e-02 0.0000000000e+00 2.8610522920e-01
    1.1367858250e-01 0.0000000000e+00 4.2313074620e-01
    1.1794405380e-01 0.0000000000e+00 6.2899622580e-01
    3.8917009500e-02 0.0000000000e+00 9.6196361010e-01
    -2.6450249590e-01 0.0000000000e+00 1.4583669170e+00
    -7.3558460910e-01 0.0000000000e+00 2.1411782800e+00
    -1.4838671630e+00 0.0000000000e+00 3.1327969340e+00
    -2.6966030080e+00 0.0000000000e+00 4.6317265320e+00
    -4.6961169450e+00 0.0000000000e+00 6.9705180260e+00
    -8.0413207780e+00 0.0000000000e+00 1.0716010020e+01
    -1.3703059480e+01 0.0000000000e+00 1.6840823100e+01
    -2.3367778950e+01 0.0000000000e+00 2.7019044770e+01
    -3.9967716840e+01 0.0000000000e+00 4.4141570770e+01
    -6.8600188810e+01 0.0000000000e+00 7.3207515380e+01
    -1.1812189200e+02 0.0000000000e+00 1.2286190860e+02
    -2.0392137990e+02 0.0000000000e+00 2.0804571000e+02
    -3.5274595410e+02 0.0000000000e+00 3.5457218990e+02
    7.1325381960e-02 0.0000000000e+00 4.0950878490e-02
    7.1323314090e-02 0.0000000000e+00 4.0959923310e-02
    7.1319169100e-02 0.0000000000e+00 4.0978055450e-02
    7.1311016640e-02 0.0000000000e+00 4.1013730680e-02
    7.1295221210e-02 0.0000000000e+00 4.1082913310e-02
    7.1265003170e-02 0.0000000000e+00 4.1215536130e-02
    7.1207869560e-02 0.0000000000e+00 4.1467391600e-02
    7.1101195100e-02 0.0000000000e+00 4.1941940150e-02
    7.0905187600e-02 0.0000000000e+00 4.2830174310e-02
    7.0553664520e-02 0.0000000000e+00 4.4483305030e-02
    6.9949379760e-02 0.0000000000e+00 4.7545275310e-02
    6.8995371400e-02 0.0000000000e+00 5.3196511820e-02
    6.7789361500e-02 0.0000000000e+00 6.3622927020e-02
    6.8294224480e-02 0.0000000000e+00 8.3561443470e-02
    8.7151424740e-02 0.0000000000e+00 1.2488636200e-01
    1.1048239640e-01 0.0000000000e+00 1.8652780380e-01
    1.3748594300e-01 0.0000000000e+00 2.7859385910e-01
    1.6608934550e-01 0.0000000000e+00 4.1700416860e-01
    1.8982283720e-01 0.0000000000e+00 6.2721951540e-01
    9.2486610660e-02 0.0000000000e+00 9.8977830590e-01
    -1.7981477680e-01 0.0000000000e+00 1.5093808190e+00
    -6.0530086410e-01 0.0000000000e+00 2.2282804250e+00
    -1.2852010550e+00 0.0000000000e+00 3.2766983070e+00
    -2.3927718250e+00 0.0000000000e+00 4.8662161770e+00
    -4.2269896900e+00 0.0000000000e+00 7.3514139320e+00
    -7.3073204640e+00 0.0000000000e+00 1.1336560210e+01
    -1.2537612600e+01 0.0000000000e+00 1.7858151270e+01
    -2.1490655190e+01 0.0000000000e+00 2.8699312980e+01
    -3.6908332900e+01 0.0000000000e+00 4.6935149200e+01
    -6.3572292680e+01 0.0000000000e+00 7.7872095680e+01
    -1.0980640600e+02 0.0000000000e+00 1.3067538950e+02
    -1.9008488710e+02 0.0000000000e+00 2.2118363550e+02
    -3.2958759090e+02 0.0000000000e+00 3.7676131320e+02
    9.8552636650e-02 0.0000000000e+00 4.6318064320e-02
    9.8551112300e-02 0.0000000000e+00 4.6327045330e-02
    9.8548139890e-02 0.0000000000e+00 4.6344559220e-02
    9.8542417640e-02 0.0000000000e+00 4.6378284570e-02
    9.8531517940e-02 0.0000000000e+00 4.6442568100e-02
    9.8510948310e-02 0.0000000000e+00 4.6564070820e-02
    9.8472472530e-02 0.0000000000e+00 4.6792104320e-02
    9.8401193780e-02 0.0000000000e+00 4.7217492650e-02
    9.8270770760e-02 0.0000000000e+00 4.8006885090e-02
    9.8036553630e-02 0.0000000000e+00 4.9464992130e-02
    9.7629338250e-02 0.0000000000e+00 5.2147184710e-02
    9.6964614770e-02 0.0000000000e+00 5.7063238730e-02
    9.6027183930e-02 0.0000000000e+00 6.6050405540e-02
    9.5275583720e-02 0.0000000000e+00 8.2501156910e-02
    1.0479322490e-01 0.0000000000e+00 1.1616246920e-01
    1.3551633030e-01 0.0000000000e+00 1.7648284870e-01
    1.7277525420e-01 0.0000000000e+00 2.6768809280e-01
    2.1539563950e-01 0.0000000000e+00 4.0647252250e-01
    2.5738932800e-01 0.0000000000e+00 6.2017127260e-01
    1.4673089850e-01 0.0000000000e+00 1.0138634560e+00
    -9.3247360860e-02 0.0000000000e+00 1.5538975980e+00
    -4.7156866920e-01 0.0000000000e+00 2.3048126230e+00
    -1.0807099730e+00 0.0000000000e+00 3.4038634810e+00
    -2.0795673070e+00 0.0000000000e+00 5.0743899180e+00
    -3.7432343460e+00 0.0000000000e+00 7.6907460340e+00
    -6.5509598550e+00 0.0000000000e+00 1.1890731050e+01
    -1.1338548590e+01 0.0000000000e+00 1.8767930210e+01
    -1.9564371960e+01 0.0000000000e+00 3.0202569790e+01
    -3.3781335470e+01 0.0000000000e+00 4.9433091640e+01
    -5.8457208850e+01 0.0000000000e+00 8.2039344290e+01
    -1.0138067280e+02 0.0000000000e+00 1.3765211590e+02
    -1.7610831140e+02 0.0000000000e+00 2.3291257780e+02
    -3.0625614490e+02 0.0000000000e+00 3.9656765780e+02
    1.3320570850e-01 0.0000000000e+00 5.1271725800e-02
    1.3320464400e-01 0.0000000000e+00 5.1280648160e-02
    1.3320261230e-01 0.0000000000e+00 5.1297678590e-02
    1.3319876840e-01 0.0000000000e+00 5.1329905460e-02
    1.3319155120e-01 0.0000000000e+00 5.1390449030e-02
    1.3317809260e-01 0.0000000000e+00 5.1503492810e-02
    1.3315316460e-01 0.0000000000e+00 5.1713446340e-02
    1.3310734200e-01 0.0000000000e+00 5.2101587190e-02
    1.3302394420e-01 0.0000000000e+00 5.2816206100e-02
    1.3287445240e-01 0.0000000000e+00 5.4127060280e-02
    1.3261346410e-01 0.0000000000e+00 5.6523443670e-02
    1.3218039540e-01 0.0000000000e+00 6.0890342010e-02
    1.3153800220e-01 0.0000000000e+00 6.8825049420e-02
    1.3086093480e-01 0.0000000000e+00 8.3215903930e-02
    1.3137139220e-01 0.0000000000e+00 1.0940683420e-01
    1.5850183730e-01 0.0000000000e+00 1.6439120870e-01
    2.0549575380e-01 0.0000000000e+00 2.5404616800e-01
    2.6141903840e-01 0.0000000000e+00 3.9244720360e-01
    3.1945451790e-01 0.0000000000e+00 6.1041035410e-01
    2.0165375740e-01 0.0000000000e+00 1.0343320100e+00
    -5.2037014700e-03 0.0000000000e+00 1.5921070810e+00
    -3.3513325190e-01 0.0000000000e+00 2.3710633340e+00
    -8.7168692630e-01 0.0000000000e+00 3.5147368410e+00
    -1.7591733540e+00 0.0000000000e+00 5.2569585690e+00
    -3.2485128600e+00 0.0000000000e+00 7.9896991120e+00
    -5.7784054640e+00 0.0000000000e+00 1.2380565410e+01
    -1.0116437010e+01 0.0000000000e+00 1.9573752530e+01
    -1.7608165040e+01 0.0000000000e+00 3.1534998190e+01
    -3.0623606980e+01 0.0000000000e+00 5.1645285290e+01
    -5.3322886620e+01 0.0000000000e+00 8.5724543910e+01
    -9.2962543220e+01 0.0000000000e+00 1.4381681620e+02
    -1.6219025920e+02 0.0000000000e+00 2.4327537380e+02
    -2.8308507730e+02 0.0000000000e+00 4.1406871780e+02
    1.7628396430e-01 0.0000000000e+00 5.5411858150e-02
    1.7628329570e-01 0.0000000000e+00 5.5420728520e-02
    1.7628204020e-01 0.0000000000e+00 5.5437386270e-02
    1.7627969730e-01 0.0000000000e+00 5.5468478310e-02
    1.7627534930e-01 0.0000000000e+00 5.5526209210e-02
    1.7626732210e-01 0.0000000000e+00 5.5632915110e-02
    1.7625258210e-01 0.0000000000e+00 5.5829353970e-02
    1.7622568570e-01 0.0000000000e+00 5.6189698730e-02
    1.7617702950e-01 0.0000000000e+00 5.6848591790e-02
    1.7609020230e-01 0.0000000000e+00 5.8049846720e-02
    1.7593894910e-01 0.0000000000e+00 6.0233876480e-02
    1.7568751540e-01 0.0000000000e+00 6.4194143520e-02
    1.7531035010e-01 0.0000000000e+00 7.1356341280e-02
    1.7488997990e-01 0.0000000000e+00 8.4277597200e-02
    1.7501092320e-01 0.0000000000e+00 1.0756335170e-01
    1.8023704410e-01 0.0000000000e+00 1.5072372260e-01
    2.3562023190e-01 0.0000000000e+00 2.3825664490e-01
    3.0412852000e-01 0.0000000000e+00 3.7574899450e-01
    3.6455740530e-01 0.0000000000e+00 6.1050369620e-01
    2.5708989990e-01 0.0000000000e+00 1.0512914410e+00
    8.3947678090e-02 0.0000000000e+00 1.6241920130e+00
    -1.9667834230e-01 0.0000000000e+00 2.4273268090e+00
    -6.5932144520e-01 0.0000000000e+00 3.6097952590e+00
    -1.4336013810e+00 0.0000000000e+00 5.4147152040e+00
    -2.7461972910e+00 0.0000000000e+00 8.2496304400e+00
    -4.9953321740e+00 0.0000000000e+00 1.2808442120e+01
    -8.8811218910e+00 0.0000000000e+00 2.0279845900e+01
    -1.5640630890e+01 0.0000000000e+00 3.2704057010e+01
    -2.7470035400e+01 0.0000000000e+00 5.3585134520e+01
    -4.8228164090e+01 0.0000000000e+00 8.8952937220e+01
    -8.4646514130e+01 0.0000000000e+00 1.4921627590e+02
    -1.4848467370e+02 0.0000000000e+00 2.5235522450e+02
    -2.6033207590e+02 0.0000000000e+00 4.2940924940e+02
    2.2839725040e-01 0.0000000000e+00 5.8285855020e-02
    2.2839692470e-01 0.0000000000e+00 5.8294680000e-02
    2.2839632030e-01 0.0000000000e+00 5.8311054170e-02
    2.2839520410e-01 0.0000000000e+00 5.8341300230e-02
    2.2839315170e-01 0.0000000000e+00 5.8396951650e-02
    2.2838939390e-01 0.0000000000e+00 5.8498992670e-02
    2.2838254610e-01 0.0000000000e+00 5.8685512170e-02
    2.2837014360e-01 0.0000000000e+00 5.9025495080e-02
    2.2834788570e-01 0.0000000000e+00 5.9643626040e-02
    2.2830855400e-01 0.0000000000e+00 6.0764809550e-02
    2.2824101920e-01 0.0000000000e+00 6.2793890480e-02
    2.2813163850e-01 0.0000000000e+00 6.6457988890e-02
    2.2797724510e-01 0.0000000000e+00 7.3059755050e-02
    2.2784255470e-01 0.0000000000e+00 8.4926860090e-02
    2.2807573740e-01 0.0000000000e+00 1.0621467340e-01
    2.3012353970e-01 0.0000000000e+00 1.4441244880e-01
    2.6320197680e-01 0.0000000000e+00 2.2083324380e-01
    3.4360110900e-01 0.0000000000e+00 3.5710097740e-01
    3.9760730630e-01 0.0000000000e+00 6.1584244700e-01
    3.1288042190e-01 0.0000000000e+00 1.0648405960e+00
    1.7386744810e-01 0.0000000000e+00 1.6503293080e+00
    -5.6834393200e-02 0.0000000000e+00 2.4739029250e+00
    -4.4471040800e-01 0.0000000000e+00 3.6895447530e+00
    -1.1047036460e+00 0.0000000000e+00 5.5485254050e+00
    -2.2393847080e+00 0.0000000000e+00 8.4720474060e+00
    -4.2069428920e+00 0.0000000000e+00 1.3177029910e+01
    -7.6418593270e+00 0.0000000000e+00 2.0890999360e+01
    -1.3679767790e+01 0.0000000000e+00 3.3718442510e+01
    -2.4351758820e+01 0.0000000000e+00 5.5269330810e+01
    -4.3219503370e+01 0.0000000000e+00 9.1757308340e+01
    -7.6501806740e+01 0.0000000000e+00 1.5391127550e+02
    -1.3510219580e+02 0.0000000000e+00 2.6025873560e+02
    -2.3818397240e+02 0.0000000000e+00 4.4277199380e+02
    2.8948140320e-01 0.0000000000e+00 5.9472392750e-02
    2.8948137180e-01 0.0000000000e+00 5.9481178830e-02
    2.8948131420e-01 0.0000000000e+00 5.9497341970e-02
    2.8948120870e-01 0.0000000000e+00 5.9526973770e-02
    2.8948101660e-01 0.0000000000e+00 5.9581130670e-02
    2.8948066950e-01 0.0000000000e+00 5.9679837800e-02
    2.8948005050e-01 0.0000000000e+00 5.9859293310e-02
    2.8947897220e-01 0.0000000000e+00 6.0184811200e-02
    2.8947718350e-01 0.0000000000e+00 6.0774037320e-02
    2.8947453210e-01 0.0000000000e+00 6.1838522610e-02
    2.8947177860e-01 0.0000000000e+00 6.3758022640e-02
    2.8947380020e-01 0.0000000000e+00 6.7212956700e-02
    2.8950109490e-01 0.0000000000e+00 7.3419808570e-02
    2.8962914930e-01 0.0000000000e+00 8.4548044830e-02
    2.9011979410e-01 0.0000000000e+00 1.0445828160e-01
    2.9186518750e-01 0.0000000000e+00 1.4003283800e-01
    2.9820581700e-01 0.0000000000e+00 2.0388133100e-01
    3.7998893970e-01 0.0000000000e+00 3.3712955760e-01
    4.2952562630e-01 0.0000000000e+00 6.2007622070e-01
    3.6887747820e-01 0.0000000000e+00 1.0750704590e+00
    2.6424086540e-01 0.0000000000e+00 1.6706914440e+00
    8.3814854750e-02 0.0000000000e+00 2.5110975750e+00
    -2.2886659160e-01 0.0000000000e+00 3.7545182590e+00
    -7.7418349490e-01 0.0000000000e+00 5.6593193410e+00
    -1.7309081540e+00 0.0000000000e+00 8.6585877860e+00
    -3.4179936780e+00 0.0000000000e+00 1.3489247390e+01
    -6.4074859600e+00 0.0000000000e+00 2.1412529130e+01
    -1.1742443180e+01 0.0000000000e+00 3.4588131470e+01
    -2.1293801500e+01 0.0000000000e+00 5.6717448230e+01
    -3.8329551940e+01 0.0000000000e+00 9.4175107080e+01
    -6.8574941680e+01 0.0000000000e+00 1.5796889880e+02
    -1.2211788320e+02 0.0000000000e+00 2.6710141510e+02
    -2.1676968380e+02 0.0000000000e+00 4.5435386170e+02
    3.5854744210e-01 0.0000000000e+00 5.8696419220e-02
    3.5854765840e-01 0.0000000000e+00 5.8705173490e-02
    3.5854805400e-01 0.0000000000e+00 5.8721187240e-02
    3.5854877570e-01 0.0000000000e+00 5.8750397080e-02
    3.5855008910e-01 0.0000000000e+00 5.8803540570e-02
    3.5855247470e-01 0.0000000000e+00 5.8900003370e-02
    3.5855680230e-01 0.0000000000e+00 5.9074725460e-02
    3.5856464940e-01 0.0000000000e+00 5.9390581950e-02
    3.5857889680e-01 0.0000000000e+00 5.9960548450e-02
    3.5860487260e-01 0.0000000000e+00 6.0987326770e-02
    3.5865267110e-01 0.0000000000e+00 6.2834068640e-02
    3.5874221180e-01 0.0000000000e+00 6.6150345970e-02
    3.5891529930e-01 0.0000000000e+00 7.2095936800e-02
    3.5926701110e-01 0.0000000000e+00 8.2737150790e-02
    3.6003349930e-01 0.0000000000e+00 1.0174747740e-01
    3.6185333250e-01 0.0000000000e+00 1.3565627390e-01
    3.6663843280e-01 0.0000000000e+00 1.9619640210e-01
    4.1349588900e-01 0.0000000000e+00 3.1637070840e-01
    4.6137932490e-01 0.0000000000e+00 6.2274966740e-01
    4.2494236450e-01 0.0000000000e+00 1.0820654750e+00
    3.5477410080e-01 0.0000000000e+00 1.6854479410e+00
    2.2472722400e-01 0.0000000000e+00 2.5392233910e+00
    -1.2725228710e-02 0.0000000000e+00 3.8052740450e+00
    -4.4360293710e-01 0.0000000000e+00 5.7480847370e+00
    -1.2233444850e+00 0.0000000000e+00 8.8110011370e+00
    -2.6328360130e+00 0.0000000000e+00 1.3748231430e+01
    -5.1865219210e+00 0.0000000000e+00 2.1850283530e+01
    -9.8432098200e+00 0.0000000000e+00 3.5324312450e+01
    -1.8313518350e+01 0.0000000000e+00 5.7950928250e+01
    -3.3578584960e+01 0.0000000000e+00 9.6245237230e+01
    -6.0895170190e+01 0.0000000000e+00 1.6145641640e+02
    -1.0958051210e+02 0.0000000000e+00 2.7299778480e+02
    -1.9617344090e+02 0.0000000000e+00 4.6435043320e+02
    4.3357524960e-01 0.0000000000e+00 5.5930772860e-02
    4.3357566840e-01 0.0000000000e+00 5.5939503570e-02
    4.3357643200e-01 0.0000000000e+00 5.5955423690e-02
    4.3357782090e-01 0.0000000000e+00 5.5984379920e-02
    4.3358034140e-01 0.0000000000e+00 5.6036925890e-02
    4.3358490650e-01 0.0000000000e+00 5.6132079830e-02
    4.3359316020e-01 0.0000000000e+00 5.6304061080e-02
    4.3360806170e-01 0.0000000000e+00 5.6614351440e-02
    4.3363494010e-01 0.0000000000e+00 5.7173264610e-02
    4.3368341180e-01 0.0000000000e+00 5.8178470120e-02
    4.3377091690e-01 0.0000000000e+00 5.9983702680e-02
    4.3392940490e-01 0.0000000000e+00 6.3221103450e-02
    4.3421849800e-01 0.0000000000e+00 6.9018604570e-02
    4.3475297910e-01 0.0000000000e+00 7.9385270510e-02
    4.3576462350e-01 0.0000000000e+00 9.7893452530e-02
    4.3775342750e-01 0.0000000000e+00 1.3089377450e-01
    4.4190144610e-01 0.0000000000e+00 1.8976458770e-01
    4.5224073840e-01 0.0000000000e+00 2.9631089470e-01
    4.9319711120e-01 0.0000000000e+00 6.2385456940e-01
    4.8094369120e-01 0.0000000000e+00 1.0859048610e+00
    4.4519134960e-01 0.0000000000e+00 1.6947668490e+00
    3.6539816430e-01 0.0000000000e+00 2.5586006010e+00
    2.0285114710e-01 0.0000000000e+00 3.8423943390e+00
    -1.1438801550e-01 0.0000000000e+00 5.8158600340e+00
    -7.1902042020e-01 0.0000000000e+00 8.9311304150e+00
    -1.8554874640e+00 0.0000000000e+00 1.3957320650e+01
    -3.9870335440e+00 0.0000000000e+00 2.2210646780e+01
    -7.9929419950e+00 0.0000000000e+00 3.5939023090e+01
    -1.5420891540e+01 0.0000000000e+00 5.8991622590e+01
    -2.8977866910e+01 0.0000000000e+00 9.8005368250e+01
    -5.3480040470e+01 0.0000000000e+00 1.6443752830e+02
    -9.7520026930e+01 0.0000000000e+00 2.7805603780e+02
    -1.7644471760e+02 0.0000000000e+00 4.7294751120e+02
    5.1165038420e-01 0.0000000000e+00 5.1429013550e-02
    5.1165096450e-01 0.0000000000e+00 5.1437730340e-02
    5.1165202170e-01 0.0000000000e+00 5.1453610530e-02
    5.1165394310e-01 0.0000000000e+00 5.1482470200e-02
    5.1165742700e-01 0.0000000000e+00 5.1534801500e-02
    5.1166373150e-01 0.0000000000e+00 5.1629501670e-02
    5.1167511890e-01 0.0000000000e+00 5.1800555330e-02
    5.1169565150e-01 0.0000000000e+00 5.2108995000e-02
    5.1173261360e-01 0.0000000000e+00 5.2664284060e-02
    5.1179904750e-01 0.0000000000e+00 5.3662501130e-02
    5.1191826590e-01 0.0000000000e+00 5.5454443350e-02
    5.1213185250e-01 0.0000000000e+00 5.8666923030e-02
    5.1251375080e-01 0.0000000000e+00 6.4418464850e-02
    5.1319475820e-01 0.0000000000e+00 7.4702279650e-02
    5.1440388270e-01 0.0000000000e+00 9.3066252010e-02
    5.1653282130e-01 0.0000000000e+00 1.2583000420e-01
    5.2020732870e-01 0.0000000000e+00 1.8435351740e-01
    5.2609749030e-01 0.0000000000e+00 2.9008807480e-01
    5.2493688250e-01 0.0000000000e+00 6.2341339860e-01
    5.3675590990e-01 0.0000000000e+00 1.0866638550e+00
    5.3523260810e-01 0.0000000000e+00 1.6988162180e+00
    5.0535785660e-01 0.0000000000e+00 2.5695578890e+00
    4.1706929310e-01 0.0000000000e+00 3.8664838770e+00
    2.1216751230e-01 0.0000000000e+00 5.8637272450e+00
    -2.2001915200e-01 0.0000000000e+00 9.0208938440e+00
    -1.0897258330e+00 0.0000000000e+00 1.4120060980e+01
    -2.8161230420e+00 0.0000000000e+00 2.2500452220e+01
    -6.1981469610e+00 0.0000000000e+00 3.6444496990e+01
    -1.2620418010e+01 0.0000000000e+00 5.9860446460e+01
    -2.4533089490e+01 0.0000000000e+00 9.9490361390e+01
    -4.6339361120e+01 0.0000000000e+00 1.6697072210e+02
    -8.5952271300e+01 0.0000000000e+00 2.8237581230e+02
    -1.5760499330e+02 0.0000000000e+00 4.8031706020e+02
    5.8936381340e-01 0.0000000000e+00 4.5664876710e-02
    5.8936452140e-01 0.0000000000e+00 4.5673590520e-02
    5.8936581290e-01 0.0000000000e+00 4.5689485430e-02
    5.8936816260e-01 0.0000000000e+00 4.5718405000e-02
    5.8937242770e-01 0.0000000000e+00 4.5770899630e-02
    5.8938015230e-01 0.0000000000e+00 4.5865985910e-02
    5.8939411390e-01 0.0000000000e+00 4.6037887320e-02
    5.8941929740e-01 0.0000000000e+00 4.6348106190e-02
    5.8946462570e-01 0.0000000000e+00 4.6907018460e-02
    5.8954601110e-01 0.0000000000e+00 4.7912460230e-02
    5.8969166140e-01 0.0000000000e+00 4.9718598710e-02
    5.8995106260e-01 0.0000000000e+00 5.2958715070e-02
    5.9040937580e-01 0.0000000000e+00 5.8763863630e-02
    5.9120768640e-01 0.0000000000e+00 6.9152068010e-02
    5.9256094600e-01 0.0000000000e+00 8.7722610930e-02
    5.9472658930e-01 0.0000000000e+00 1.2091129770e-01
    5.9768936010e-01 0.0000000000e+00 1.8039280570e-01
    5.8278637610e-01 0.0000000000e+00 2.9734047580e-01
    5.5655330310e-01 0.0000000000e+00 6.2144704840e-01
    5.9225814300e-01 0.0000000000e+00 1.0844149090e+00
    6.2465202620e-01 0.0000000000e+00 1.6977655080e+00
    6.4416919990e-01 0.0000000000e+00 2.5724331130e+00
    6.2920300600e-01 0.0000000000e+00 3.8781681310e+00
    5.3489964150e-01 0.0000000000e+00 5.8928041450e+00
    2.7180842330e-01 0.0000000000e+00 9.0822687470e+00
    -3.3916218140e-01 0.0000000000e+00 1.4240226410e+01
    -1.6791686070e+00 0.0000000000e+00 2.2726726670e+01
    -4.4614541920e+00 0.0000000000e+00 3.6852455990e+01
    -9.9133939770e+00 0.0000000000e+00 6.0576570660e+01
    -2.0246711730e+01 0.0000000000e+00 1.0073173690e+02
    -3.9477397100e+01 0.0000000000e+00 1.6910892200e+02
    -7.4881803740e+01 0.0000000000e+00 2.8604755470e+02
    -1.3965286720e+02 0.0000000000e+00 4.8661538990e+02
    6.6337549900e-01 0.0000000000e+00 3.9208999570e-02
    6.6337630950e-01 0.0000000000e+00 3.9217722680e-02
    6.6337779310e-01 0.0000000000e+00 3.9233691080e-02
    6.6338050110e-01 0.0000000000e+00 3.9262837290e-02
    6.6338543030e-01 0.0000000000e+00 3.9315896530e-02
    6.6339438060e-01 0.0000000000e+00 3.9412258720e-02
    6.6341059320e-01 0.0000000000e+00 3.9586886230e-02
    6.6343988880e-01 0.0000000000e+00 3.9902721520e-02
    6.6349268000e-01 0.0000000000e+00 4.0472914220e-02
    6.6358748050e-01 0.0000000000e+00 4.1500594520e-02
    6.6375686630e-01 0.0000000000e+00 4.3349969270e-02
    6.6405706440e-01 0.0000000000e+00 4.6673293060e-02
    6.6458152040e-01 0.0000000000e+00 5.2637514890e-02
    6.6547326400e-01 0.0000000000e+00 6.3329222950e-02
    6.6690707410e-01 0.0000000000e+00 8.2482538280e-02
    6.6891494810e-01 0.0000000000e+00 1.1682027240e-01
    6.7042124250e-01 0.0000000000e+00 1.7878739870e-01
    6.1559741930e-01 0.0000000000e+00 3.1428866070e-01
    5.8800203800e-01 0.0000000000e+00 6.1797370560e-01
    6.4733327540e-01 0.0000000000e+00 1.0792288510e+00
    7.1321676230e-01 0.0000000000e+00 1.6917869080e+00
    7.8142653870e-01 0.0000000000e+00 2.5675737840e+00
    8.3859174220e-01 0.0000000000e+00 3.8780910130e+00
    8.5277219140e-01 0.0000000000e+00 5.9042356660e+00
    7.5482180390e-01 0.0000000000e+00 9.1172816370e+00
    3.9279756210e-01 0.0000000000e+00 1.4321816980e+01
    -5.7925487960e-01 0.0000000000e+00 2.2896300840e+01
    -2.7829426900e+00 0.0000000000e+00 3.7173625550e+01
    -7.2995904160e+00 0.0000000000e+00 6.1157184500e+01
    -1.6119117120e+01 0.0000000000e+00 1.0175774210e+02
    -3.2893975970e+01 0.0000000000e+00 1.7089967460e+02
    -6.4303886410e+01 0.0000000000e+00 2.8915251940e+02
    -1.2256870380e+02 0.0000000000e+00 4.9198247550e+02
    7.3095620350e-01 0.0000000000e+00 3.2604371430e-02
    7.3095709930e-01 0.0000000000e+00 3.2613117840e-02
    7.3095874920e-01 0.0000000000e+00 3.2629226690e-02
    7.3096177690e-01 0.0000000000e+00 3.2658789480e-02
    7.3096731480e-01 0.0000000000e+00 3.2712870320e-02
    7.3097741340e-01 0.0000000000e+00 3.2811521580e-02
    7.3099577430e-01 0.0000000000e+00 3.2991013950e-02
    7.3102905420e-01 0.0000000000e+00 3.3316835050e-02
    7.3108915750e-01 0.0000000000e+00 3.3907028850e-02
    7.3119717650e-01 0.0000000000e+00 3.4974052970e-02
    7.3138987070e-01 0.0000000000e+00 3.6899773780e-02
    7.3172929200e-01 0.0000000000e+00 4.0369756920e-02
    7.3231338460e-01 0.0000000000e+00 4.6613839140e-02
    7.3327272810e-01 0.0000000000e+00 5.7838590730e-02
    7.3468834720e-01 0.0000000000e+00 7.8015290490e-02
    7.3614988310e-01 0.0000000000e+00 1.1438979930e-01
    7.2652888560e-01 0.0000000000e+00 1.8478501610e-01
    6.5070726930e-01 0.0000000000e+00 3.3062973890e-01
    6.1925674280e-01 0.0000000000e+00 6.1301744080e-01
    7.0186727580e-01 0.0000000000e+00 1.0711759970e+00
    8.0070627940e-01 0.0000000000e+00 1.6810565210e+00
    9.1675499370e-01 0.0000000000e+00 2.5553372290e+00
    1.0446398170e+00 0.0000000000e+00 3.8669119890e+00
    1.1648749200e+00 0.0000000000e+00 5.8991845100e+00
    1.2275525760e+00 0.0000000000e+00 9.1280112190e+00
    1.1031853740e+00 0.0000000000e+00 1.4368968870e+01
    4.8277377540e-01 0.0000000000e+00 2.3015446190e+01
    -1.1615087200e+00 0.0000000000e+00 3.7417573350e+01
    -4.7780746770e+00 0.0000000000e+00 6.1617600300e+01
    -1.2149063730e+01 0.0000000000e+00 1.0259362400e+02
    -2.6585187160e+01 0.0000000000e+00 1.7238546570e+02
    -5.4206293390e+01 0.0000000000e+00 2.9176301570e+02
    -1.0631918390e+02 0.0000000000e+00 4.9654199460e+02
    7.9033197310e-01 0.0000000000e+00 2.6285083740e-02
    7.9033294330e-01 0.0000000000e+00 2.6293870200e-02
    7.9033474630e-01 0.0000000000e+00 2.6310200220e-02
    7.9033808140e-01 0.0000000000e+00 2.6340408950e-02
    7.9034422430e-01 0.0000000000e+00 2.6396063760e-02
    7.9035549510e-01 0.0000000000e+00 2.6498229420e-02
    7.9037609530e-01 0.0000000000e+00 2.6685174190e-02
    7.9041359410e-01 0.0000000000e+00 2.7026269320e-02
    7.9048151580e-01 0.0000000000e+00 2.7647023420e-02
    7.9060368710e-01 0.0000000000e+00 2.8774116690e-02
    7.9082099690e-01 0.0000000000e+00 3.0816347720e-02
    7.9119995730e-01 0.0000000000e+00 3.4510136680e-02
    7.9183600420e-01 0.0000000000e+00 4.1181647330e-02
    7.9281836230e-01 0.0000000000e+00 5.3223090060e-02
    7.9401857390e-01 0.0000000000e+00 7.4984759430e-02
    7.9401004510e-01 0.0000000000e+00 1.1466229930e-01
    7.5368667310e-01 0.0000000000e+00 2.0048649990e-01
    6.8838624510e-01 0.0000000000e+00 3.4598461580e-01
    6.5050832780e-01 0.0000000000e+00 6.0668982380e-01
    7.5574872780e-01 0.0000000000e+00 1.0603272450e+00
    8.8691202500e-01 0.0000000000e+00 1.6657553760e+00
    1.0498102620e+00 0.0000000000e+00 2.5360903330e+00
    1.2468159000e+00 0.0000000000e+00 3.8453025330e+00
    1.4704210470e+00 0.0000000000e+00 5.8788212820e+00
    1.6886517090e+00 0.0000000000e+00 9.1166088780e+00
    1.7898597010e+00 0.0000000000e+00 1.4385739420e+01
    1.5076426770e+00 0.0000000000e+00 2.3089693820e+01
    4.0426789730e-01 0.0000000000e+00 3.7592777390e+01
    -2.3474566030e+00 0.0000000000e+00 6.1971464620e+01
    -8.3338866370e+00 0.0000000000e+00 1.0326190590e+02
    -2.0544030460e+01 0.0000000000e+00 1.7360404150e+02
    -4.4571113470e+01 0.0000000000e+00 2.9394280560e+02
    -9.0861623160e+01 0.0000000000e+00 5.0040193200e+02
    8.4075690740e-01 0.0000000000e+00 2.0545760450e-02
    8.4075794480e-01 0.0000000000e+00 2.0554607890e-02
    8.4075989730e-01 0.0000000000e+00 2.0571260790e-02
    8.4076354840e-01 0.0000000000e+00 2.0602404920e-02
    8.4077033670e-01 0.0000000000e+00 2.0660331230e-02
    8.4078289210e-01 0.0000000000e+00 2.0767559290e-02
    8.4080599570e-01 0.0000000000e+00 2.0965226610e-02
    8.4084827250e-01 0.0000000000e+00 2.1328281610e-02
    8.4092509100e-01 0.0000000000e+00 2.1992953160e-02
    8.4106323730e-01 0.0000000000e+00 2.3206356950e-02
    8.4130741480e-01 0.0000000000e+00 2.5416041620e-02
    8.4172536960e-01 0.0000000000e+00 2.9431848540e-02
    8.4239466360e-01 0.0000000000e+00 3.6720252440e-02
    8.4329970120e-01 0.0000000000e+00 4.9950717220e-02
    8.4382034910e-01 0.0000000000e+00 7.4088544130e-02
    8.2991603960e-01 0.0000000000e+00 1.2321370190e-01
    7.8297035900e-01 0.0000000000e+00 2.1494553380e-01
    7.2873768850e-01 0.0000000000e+00 3.5992930020e-01
    6.8420725290e-01 0.0000000000e+00 5.9999929780e-01
    8.0886855740e-01 0.0000000000e+00 1.0467551230e+00
    9.7163744160e-01 0.0000000000e+00 1.6460702350e+00
    1.1802787510e+00 0.0000000000e+00 2.5102088410e+00
    1.4446525420e+00 0.0000000000e+00 3.8139419800e+00
    1.7687433140e+00 0.0000000000e+00 5.8443149120e+00
    2.1368437870e+00 0.0000000000e+00 9.0853280860e+00
    2.4518304440e+00 0.0000000000e+00 1.4375828370e+01
    2.4967864480e+00 0.0000000000e+00 2.3123856100e+01
    1.9157998530e+00 0.0000000000e+00 3.7706774710e+01
    -5.9124466010e-03 0.0000000000e+00 6.2230954850e+01
    -4.6696851760e+00 0.0000000000e+00 1.0378262420e+02
    -1.4761099380e+01 0.0000000000e+00 1.7458873100e+02
    -3.5376481340e+01 0.0000000000e+00 2.9574764000e+02
    -7.6147780140e+01 0.0000000000e+00 5.0365563090e+02
    8.8235913620e-01 0.0000000000e+00 1.5546856240e-02
    8.8236023620e-01 0.0000000000e+00 1.5555791710e-02
    8.8236234210e-01 0.0000000000e+00 1.5572899410e-02
    8.8236633650e-01 0.0000000000e+00 1.5605354750e-02
    8.8237385220e-01 0.0000000000e+00 1.5666458610e-02
    8.8238789230e-01 0.0000000000e+00 1.5780760390e-02
    8.8241393620e-01 0.0000000000e+00 1.5993400450e-02
    8.8246186720e-01 0.0000000000e+00 1.6387108530e-02
    8.8254917250e-01 0.0000000000e+00 1.7113077720e-02
    8.8270569010e-01 0.0000000000e+00 1.8446985080e-02
    8.8297855940e-01 0.0000000000e+00 2.0890698120e-02
    8.8342862380e-01 0.0000000000e+00 2.5357723660e-02
    8.8408001770e-01 0.0000000000e+00 3.3516477500e-02
    8.8465954850e-01 0.0000000000e+00 4.8459509510e-02
    8.8278722660e-01 0.0000000000e+00 7.6553732200e-02
    8.5268326200e-01 0.0000000000e+00 1.3537700990e-01
    8.1463710630e-01 0.0000000000e+00 2.2775635840e-01
    7.7180216360e-01 0.0000000000e+00 3.7198556890e-01
    7.3207379020e-01 0.0000000000e+00 5.9989236900e-01
    8.6111998000e-01 0.0000000000e+00 1.0305348040e+00
    1.0546982490e+00 0.0000000000e+00 1.6221941460e+00
    1.3078779020e+00 0.0000000000e+00 2.4780761720e+00
    1.6377455100e+00 0.0000000000e+00 3.7735128440e+00
    2.0592871810e+00 0.0000000000e+00 5.7968251000e+00
    2.5709332970e+00 0.0000000000e+00 9.0365288970e+00
    3.0892653880e+00 0.0000000000e+00 1.4342378900e+01
    3.4517224840e+00 0.0000000000e+00 2.3122156320e+01
    3.3744793390e+00 0.0000000000e+00 3.7766297420e+01
    2.2488096700e+00 0.0000000000e+00 6.2406934340e+01
    -1.1515503330e+00 0.0000000000e+00 1.0417353280e+02
    -9.2252642100e+00 0.0000000000e+00 1.7536878430e+02
    -2.6598121460e+01 0.0000000000e+00 2.9722591100e+02
    -6.2126963260e+01 0.0000000000e+00 5.0638314680e+02
    9.1587075560e-01 0.0000000000e+00 1.1338941170e-02
    9.1587191570e-01 0.0000000000e+00 1.1348000270e-02
    9.1587418680e-01 0.0000000000e+00 1.1365736850e-02
    9.1587857230e-01 0.0000000000e+00 1.1399999590e-02
    9.1588694520e-01 0.0000000000e+00 1.1465477640e-02
    9.1590277040e-01 0.0000000000e+00 1.1589510290e-02
    9.1593238560e-01 0.0000000000e+00 1.1822740000e-02
    9.1598718010e-01 0.0000000000e+00 1.2258596740e-02
    9.1608698550e-01 0.0000000000e+00 1.3068873240e-02
    9.1626420440e-01 0.0000000000e+00 1.4568661390e-02
    9.1656416650e-01 0.0000000000e+00 1.7335229420e-02
    9.1702066680e-01 0.0000000000e+00 2.2428157020e-02
    9.1751768100e-01 0.0000000000e+00 3.1813078040e-02
    9.1705840370e-01 0.0000000000e+00 4.9319622490e-02
    9.0232123650e-01 0.0000000000e+00 8.5901620900e-02
    8.7758351030e-01 0.0000000000e+00 1.4587154940e-01
    8.4867419110e-01 0.0000000000e+00 2.3846539450e-01
    8.1752947650e-01 0.0000000000e+00 3.8162849910e-01
    7.9102336260e-01 0.0000000000e+00 6.0493825730e-01
    9.1239909930e-01 0.0000000000e+00 1.0117451410e+00
    1.1359229390e+00 0.0000000000e+00 1.5943267160e+00
    1.4323565730e+00 0.0000000000e+00 2.4400817730e+00
    1.8257527340e+00 0.0000000000e+00 3.7246957680e+00
    2.3415990070e+00 0.0000000000e+00 5.7375001220e+00
    2.9899083570e+00 0.0000000000e+00 8.9726056280e+00
    3.7031404750e+00 0.0000000000e+00 1.4287957840e+01
    4.3737866170e+00 0.0000000000e+00 2.3088361690e+01
    4.7817504160e+00 0.0000000000e+00 3.7777372150e+01
    4.4193450670e+00 0.0000000000e+00 6.2509076740e+01
    2.2261851050e+00 0.0000000000e+00 1.0445029630e+02
    -3.9243003970e+00 0.0000000000e+00 1.7596973390e+02
    -1.8210626900e+01 0.0000000000e+00 2.9841938100e+02
    -4.8748378430e+01 0.0000000000e+00 5.0865275370e+02
    9.4234888320e-01 0.0000000000e+00 7.8941016450e-03
    9.4235010310e-01 0.0000000000e+00 7.9033316770e-03
    9.4235256060e-01 0.0000000000e+00 7.9219290180e-03
    9.4235741130e-01 0.0000000000e+00 7.9586604990e-03
    9.4236683100e-01 0.0000000000e+00 8.0301082090e-03
    9.4238486620e-01 0.0000000000e+00 8.1674156580e-03
    9.4241891280e-01 0.0000000000e+00 8.4287304300e-03
    9.4248211210e-01 0.0000000000e+00 8.9220911420e-03
    9.4259657200e-01 0.0000000000e+00 9.8474725900e-03
    9.4279512680e-01 0.0000000000e+00 1.1574149180e-02
    9.4310988540e-01 0.0000000000e+00 1.4784291230e-02
    9.4349717050e-01 0.0000000000e+00 2.0747662970e-02
    9.4345317250e-01 0.0000000000e+00 3.1911185720e-02
    9.3710278040e-01 0.0000000000e+00 5.4665605420e-02
    9.2217946370e-01 0.0000000000e+00 9.3935989490e-02
    9.0455706160e-01 0.0000000000e+00 1.5424188940e-01
    8.8496237280e-01 0.0000000000e+00 2.4657810950e-01
    8.6574824410e-01 0.0000000000e+00 3.8830476760e-01
    8.5353337430e-01 0.0000000000e+00 6.0765070160e-01
    9.6261150790e-01 0.0000000000e+00 9.9047038930e-01
    1.2151534210e+00 0.0000000000e+00 1.5626740800e+00
    1.5534953320e+00 0.0000000000e+00 2.3966190380e+00
    2.0083927290e+00 0.0000000000e+00 3.6681642650e+00
    2.6153068400e+00 0.0000000000e+00 5.6674850730e+00
    3.3931304210e+00 0.0000000000e+00 8.8958147060e+00
    4.2947545480e+00 0.0000000000e+00 1.4214682680e+01
    5.2641226260e+00 0.0000000000e+00 2.3025870920e+01
    6.1391556640e+00 0.0000000000e+00 3.7745393440e+01
    6.5086384090e+00 0.0000000000e+00 6.2545973710e+01
    5.4697016070e+00 0.0000000000e+00 1.0462668100e+02
    1.1545756980e+00 0.0000000000e+00 1.7641376990e+02
    -1.0188448930e+01 0.0000000000e+00 2.9936393980e+02
    -3.5962771610e+01 0.0000000000e+00 5.1052247330e+02
    9.6295252970e-01 0.0000000000e+00 5.1367166160e-03
    9.6295381210e-01 0.0000000000e+00 5.1461807480e-03
    9.6295648990e-01 0.0000000000e+00 5.1659493590e-03
    9.6296191400e-01 0.0000000000e+00 5.2060357090e-03
    9.6297264850e-01 0.0000000000e+00 5.2855916840e-03
    9.6299347380e-01 0.0000000000e+00 5.4409266770e-03
    9.6303306540e-01 0.0000000000e+00 5.7403871550e-03
    9.6310643020e-01 0.0000000000e+00 6.3118976940e-03
    9.6323696770e-01 0.0000000000e+00 7.3939483750e-03
    9.6345156650e-01 0.0000000000e+00 9.4305883150e-03
    9.6373956110e-01 0.0000000000e+00 1.3252674830e-02
    9.6383999920e-01 0.0000000000e+00 2.0455407530e-02
    9.6131562640e-01 0.0000000000e+00 3.4765545200e-02
    9.5328875890e-01 0.0000000000e+00 6.0407370180e-02
    9.4382161780e-01 0.0000000000e+00 9.9850218350e-02
    9.3340747710e-01 0.0000000000e+00 1.6000588300e-01
    9.2324427810e-01 0.0000000000e+00 2.5158705400e-01
    9.1613838270e-01 0.0000000000e+00 3.9146385570e-01
    9.1872199660e-01 0.0000000000e+00 6.0682540040e-01
    1.0117552590e+00 0.0000000000e+00 9.6680801260e-01
    1.2922457390e+00 0.0000000000e+00 1.5274485350e+00
    1.6711065450e+00 0.0000000000e+00 2.3480828970e+00
    2.1854423840e+00 0.0000000000e+00 3.6045794870e+00
    2.8800937740e+00 0.0000000000e+00 5.5879447600e+00
    3.7805034830e+00 0.0000000000e+00 8.8080649420e+00
    4.8653620860e+00 0.0000000000e+00 1.4124385720e+01
    6.1237670840e+00 0.0000000000e+00 2.2937758650e+01
    7.4483385530e+00 0.0000000000e+00 3.7675184620e+01
    8.5198605880e+00 0.0000000000e+00 6.2525234160e+01
    8.5854724660e+00 0.0000000000e+00 1.0471474300e+02
    6.0242786720e+00 0.0000000000e+00 1.7672011530e+02
    -2.5066137190e+00 0.0000000000e+00 3.0009034820e+02
    -2.3723479790e+01 0.0000000000e+00 5.1204153340e+02
    9.7879540100e-01 0.0000000000e+00 2.9688690270e-03
    9.7879675260e-01 0.0000000000e+00 2.9786519150e-03
    9.7879970160e-01 0.0000000000e+00 3.0000088730e-03
    9.7880585260e-01 0.0000000000e+00 3.0446410700e-03
    9.7881826980e-01 0.0000000000e+00 3.1351810550e-03
    9.7884264810e-01 0.0000000000e+00 3.3149392230e-03
    9.7888911880e-01 0.0000000000e+00 3.6661032910e-03
    9.7897418340e-01 0.0000000000e+00 4.3436739250e-03
    9.7911908070e-01 0.0000000000e+00 5.6390024310e-03
    9.7932751630e-01 0.0000000000e+00 8.1009921160e-03
    9.7946505160e-01 0.0000000000e+00 1.2783745430e-02
    9.7841738860e-01 0.0000000000e+00 2.1974252150e-02
    9.7492308940e-01 0.0000000000e+00 3.8427849870e-02
    9.7095321550e-01 0.0000000000e+00 6.4014027310e-02
    9.6695721090e-01 0.0000000000e+00 1.0318004500e-01
    9.6378062990e-01 0.0000000000e+00 1.6269479550e-01
    9.6309993100e-01 0.0000000000e+00 2.5301581630e-01
    9.6821443050e-01 0.0000000000e+00 3.9060162600e-01
    9.8598761610e-01 0.0000000000e+00 6.0181637720e-01
    1.0610674570e+00 0.0000000000e+00 9.4092748240e-01
    1.3670708270e+00 0.0000000000e+00 1.4888678490e+00
    1.7850341880e+00 0.0000000000e+00 2.2948671410e+00
    2.3567340860e+00 0.0000000000e+00 3.5345852770e+00
    3.1356710970e+00 0.0000000000e+00 5.5000970810e+00
    4.1524853160e+00 0.0000000000e+00 8.7107961830e+00
    5.4160174920e+00 0.0000000000e+00 1.4018731940e+01
    6.9537286440e+00 0.0000000000e+00 2.2826798480e+01
    8.7110205040e+00 0.0000000000e+00 3.7571052600e+01
    1.0456328530e+01 0.0000000000e+00 6.2453578210e+01
    1.1580077920e+01 0.0000000000e+00 1.0472501330e+02
    1.0697532110e+01 0.0000000000e+00 1.7690538760e+02
    4.8587946120e+00 0.0000000000e+00 3.0062493810e+02
    -1.1987023220e+01 0.0000000000e+00 5.1325169730e+02
    9.9086655640e-01 0.0000000000e+00 1.2884187510e-03
    9.9086798900e-01 0.0000000000e+00 1.2986341120e-03
    9.9087128220e-01 0.0000000000e+00 1.3221407060e-03
    9.9087837250e-01 0.0000000000e+00 1.3729224550e-03
    9.9089296290e-01 0.0000000000e+00 1.4783212720e-03
    9.9092184260e-01 0.0000000000e+00 1.6911305130e-03
    9.9097654010e-01 0.0000000000e+00 2.1123357940e-03
    9.9107329720e-01 0.0000000000e+00 2.9339491040e-03
    9.9122133110e-01 0.0000000000e+00 4.5208421660e-03
    9.9135392600e-01 0.0000000000e+00 7.5758226840e-03
    9.9093733420e-01 0.0000000000e+00 1.3547779690e-02
    9.9018363220e-01 0.0000000000e+00 2.3728586850e-02
    9.8962675680e-01 0.0000000000e+00 3.9917266320e-02
    9.8969491750e-01 0.0000000000e+00 6.5058436860e-02
    9.9112007540e-01 0.0000000000e+00 1.0351839430e-01
    9.9515087870e-01 0.0000000000e+00 1.6191232790e-01
    1.0039411750e+00 0.0000000000e+00 2.5047557720e-01
    1.0213280900e+00 0.0000000000e+00 3.8531181180e-01
    1.0545842590e+00 0.0000000000e+00 5.9211365320e-01
    1.1228687840e+00 0.0000000000e+00 9.1445701390e-01
    1.4395154070e+00 0.0000000000e+00 1.4471542490e+00
    1.8951532970e+00 0.0000000000e+00 2.2373616120e+00
    2.5221521230e+00 0.0000000000e+00 3.4588038380e+00
    3.3817696140e+00 0.0000000000e+00 5.4052336050e+00
    4.5099087230e+00 0.0000000000e+00 8.6050205440e+00
    5.9475766790e+00 0.0000000000e+00 1.3899272180e+01
    7.7550283610e+00 0.0000000000e+00 2.2695482180e+01
    9.9289726360e+00 0.0000000000e+00 3.7436837790e+01
    1.2321432500e+01 0.0000000000e+00 6.2336927130e+01
    1.4460057270e+01 0.0000000000e+00 1.0466667420e+02
    1.5186640900e+01 0.0000000000e+00 1.7698393700e+02
    1.1930337400e+01 0.0000000000e+00 3.0099024710e+02
    -7.1336449530e-01 0.0000000000e+00 5.1418843910e+02
    1.0000007690e+00 0.0000000000e+00 1.0895586150e-05
    1.0000026610e+00 0.0000000000e+00 3.7693978570e-05
    1.0000069700e+00 0.0000000000e+00 9.8621189840e-05
    1.0000164790e+00 0.0000000000e+00 2.3245333860e-04
    1.0000366810e+00 0.0000000000e+00 5.1266287540e-04
    1.0000767120e+00 0.0000000000e+00 1.0487376140e-03
    1.0001592040e+00 0.0000000000e+00 2.0895792630e-03
    1.0003272050e+00 0.0000000000e+00 4.0216735340e-03
    1.0006672180e+00 0.0000000000e+00 7.4800389150e-03
    1.0013382590e+00 0.0000000000e+00 1.3420115370e-02
    1.0026099500e+00 0.0000000000e+00 2.3224132100e-02
    1.0049132120e+00 0.0000000000e+00 3.8872003780e-02
    1.0089204380e+00 0.0000000000e+00 6.3238023550e-02
    1.0156797290e+00 0.0000000000e+00 1.0058832020e-01
    1.0268378070e+00 0.0000000000e+00 1.5740276020e-01
    1.0450360630e+00 0.0000000000e+00 2.4372364560e-01
    1.0746957720e+00 0.0000000000e+00 3.7533693330e-01
    1.1236381290e+00 0.0000000000e+00 5.7737589670e-01
    1.2071844590e+00 0.0000000000e+00 8.9065534040e-01
    1.5094855210e+00 0.0000000000e+00 1.4025328650e+00
    2.0013690510e+00 0.0000000000e+00 2.1759493650e+00
    2.6816283170e+00 0.0000000000e+00 3.3778326300e+00
    3.6181726910e+00 0.0000000000e+00 5.3046848380e+00
    4.8537245700e+00 0.0000000000e+00 8.4914772230e+00
    6.4607619450e+00 0.0000000000e+00 1.3767452930e+01
    8.5287057740e+00 0.0000000000e+00 2.2546042650e+01
    1.1103991550e+01 0.0000000000e+00 3.7275958920e+01
    1.4118572750e+01 0.0000000000e+00 6.2180488930e+01
    1.7231797940e+01 0.0000000000e+00 1.0454772440e+02
    1.9503341580e+01 0.0000000000e+00 1.7696815380e+02
    1.8729065420e+01 0.0000000000e+00 3.0120558340e+02
    1.0134060090e+01 0.0000000000e+00 5.1488195790e+02
    1.0099334260e+00 0.0000000000e+00 1.0074082120e-05
    1.0099334300e+00 0.0000000000e+00 3.2615545810e-05
    1.0099334640e+00 0.0000000000e+00 8.0475786680e-05
    1.0099336660e+00 0.0000000000e+00 1.7863839540e-04
    1.0099346720e+00 0.0000000000e+00 3.7509502870e-04
    1.0099391920e+00 0.0000000000e+00 7.6115728070e-04
    1.0099581840e+00 0.0000000000e+00 1.5093013810e-03
    1.0100346690e+00 0.0000000000e+00 2.9441949140e-03
    1.0103403670e+00 0.0000000000e+00 5.6824081290e-03
    1.0117646520e+00 0.0000000000e+00 1.1000624980e-02
    1.0149775680e+00 0.0000000000e+00 2.0278046810e-02
    1.0200541400e+00 0.0000000000e+00 3.5161372890e-02
    1.0279062130e+00 0.0000000000e+00 5.8448270720e-02
    1.0398932700e+00 0.0000000000e+00 9.4310077390e-02
    1.0580625060e+00 0.0000000000e+00 1.4910819990e-01
    1.0855659440e+00 0.0000000000e+00 2.3270878890e-01
    1.1274516190e+00 0.0000000000e+00 3.6060747910e-01
    1.1921966830e+00 0.0000000000e+00 5.5746209160e-01
    1.2951311550e+00 0.0000000000e+00 8.6314702500e-01
    1.5769451050e+00 0.0000000000e+00 1.3552254320e+00
    2.1036154650e+00 0.0000000000e+00 2.1110039130e+00
    2.8351366080e+00 0.0000000000e+00 3.2922437470e+00
    3.8447961730e+00 0.0000000000e+00 5.1996997410e+00
    5.1848068770e+00 0.0000000000e+00 8.3707920190e+00
    6.9562268560e+00 0.0000000000e+00 1.3624609730e+01
    9.2758069850e+00 0.0000000000e+00 2.2380480560e+01
    1.2237879960e+01 0.0000000000e+00 3.7091453630e+01
    1.5851106800e+01 0.0000000000e+00 6.1988839110e+01
    1.9901457270e+01 0.0000000000e+00 1.0437512940e+02
    2.3658713430e+01 0.0000000000e+00 1.7686874270e+02
    2.5274463730e+01 0.0000000000e+00 3.0128751610e+02
    2.0588454990e+01 0.0000000000e+00 5.1535803870e+02
    1.0251209090e+00 0.0000000000e+00 9.5262978210e-06
    1.0251209110e+00 0.0000000000e+00 2.9354990870e-05
    1.0251209230e+00 0.0000000000e+00 6.9462453180e-05
    1.0251209930e+00 0.0000000000e+00 1.4890883970e-04
    1.0251213320e+00 0.0000000000e+00 3.0379046020e-04
    1.0251228230e+00 0.0000000000e+00 6.0196869000e-04
    1.0251289760e+00 0.0000000000e+00 1.1702502870e-03
    1.0251532540e+00 0.0000000000e+00 2.2444712330e-03
    1.0252462200e+00 0.0000000000e+00 4.2622938660e-03
    1.0256002100e+00 0.0000000000e+00 8.0409091550e-03
    1.0270933030e+00 0.0000000000e+00 1.5194574500e-02
    1.0342748050e+00 0.0000000000e+00 2.8918614570e-02
    1.0458941120e+00 0.0000000000e+00 5.0827967250e-02
    1.0629947830e+00 0.0000000000e+00 8.4836450580e-02
    1.0880353180e+00 0.0000000000e+00 1.3719213030e-01
    1.1247055040e+00 0.0000000000e+00 2.1758969460e-01
    1.1787193580e+00 0.0000000000e+00 3.4125870170e-01
    1.2592956510e+00 0.0000000000e+00 5.3244463920e-01
    1.3822160050e+00 0.0000000000e+00 8.3031425320e-01
    1.6423605770e+00 0.0000000000e+00 1.3053779370e+00
    2.2018537610e+00 0.0000000000e+00 2.0428866800e+00
    2.9826861660e+00 0.0000000000e+00 3.2025883190e+00
    4.0617757050e+00 0.0000000000e+00 5.0912755980e+00
    5.5038752500e+00 0.0000000000e+00 8.2435723870e+00
    7.4345984810e+00 0.0000000000e+00 1.3471960220e+01
    9.9973689720e+00 0.0000000000e+00 2.2200591070e+01
    1.3332430040e+01 0.0000000000e+00 3.6886015940e+01
    1.7522308130e+01 0.0000000000e+00 6.1765995420e+01
    2.2474911590e+01 0.0000000000e+00 1.0415495750e+02
    2.7663135100e+01 0.0000000000e+00 1.7669496300e+02
    3.1584465620e+01 0.0000000000e+00 3.0125029640e+02
    3.0679865690e+01 0.0000000000e+00 5.1563877540e+02
    1.0483414660e+00 0.0000000000e+00 9.1680176450e-06
    1.0483414670e+00 0.0000000000e+00 2.7222414140e-05
    1.0483414710e+00 0.0000000000e+00 6.2259152840e-05
    1.0483414960e+00 0.0000000000e+00 1.2946424860e-04
    1.0483416160e+00 0.0000000000e+00 2.5715499200e-04
    1.0483421300e+00 0.0000000000e+00 4.9786641980e-04
    1.0483442150e+00 0.0000000000e+00 9.4863429760e-04
    1.0483523110e+00 0.0000000000e+00 1.7880143740e-03
    1.0483827500e+00 0.0000000000e+00 3.3435886990e-03
    1.0484947930e+00 0.0000000000e+00 6.2155703250e-03
    1.0489053920e+00 0.0000000000e+00 1.1508361320e-02
    1.0504955990e+00 0.0000000000e+00 2.1317880430e-02
    1.0622081930e+00 0.0000000000e+00 4.0750235000e-02
    1.0842998100e+00 0.0000000000e+00 7.2537127300e-02
    1.1160493340e+00 0.0000000000e+00 1.2201980390e-01
    1.1617067430e+00 0.0000000000e+00 1.9871973780e-01
    1.2276894930e+00 0.0000000000e+00 3.1761917790e-01
    1.3240312350e+00 0.0000000000e+00 5.0259834130e-01
    1.4672170460e+00 0.0000000000e+00 7.9224539850e-01
    1.7104256210e+00 0.0000000000e+00 1.2524855010e+00
    2.2960706660e+00 0.0000000000e+00 1.9719446840e+00
    3.1243125110e+00 0.0000000000e+00 3.1094099780e+00
    4.2694913480e+00 0.0000000000e+00 4.9800458770e+00
    5.8115051530e+00 0.0000000000e+00 8.1104347700e+00
    7.8964977880e+00 0.0000000000e+00 1.3310602320e+01
    1.0694408150e+01 0.0000000000e+00 2.2007987200e+01
    1.4389407850e+01 0.0000000000e+00 3.6662031630e+01
    1.9135336010e+01 0.0000000000e+00 6.1515486090e+01
    2.4957726530e+01 0.0000000000e+00 1.0389249940e+02
    3.1526273780e+01 0.0000000000e+00 1.7645483840e+02
    3.7675511060e+01 0.0000000000e+00 3.0110621610e+02
    4.0435422890e+01 0.0000000000e+00 5.1574317300e+02
    1.0838440060e+00 0.0000000000e+00 8.9336832810e-06
    1.0838440070e+00 0.0000000000e+00 2.5827595140e-05
    1.0838440080e+00 0.0000000000e+00 5.7547811050e-05
    1.0838440180e+00 0.0000000000e+00 1.1674646700e-04
    1.0838440620e+00 0.0000000000e+00 2.2665313060e-04
    1.0838442470e+00 0.0000000000e+00 4.2978020880e-04
    1.0838449860e+00 0.0000000000e+00 8.0370542370e-04
    1.0838478130e+00 0.0000000000e+00 1.4896300280e-03
    1.0838582920e+00 0.0000000000e+00 2.7439773370e-03
    1.0838962520e+00 0.0000000000e+00 5.0315790210e-03
    1.0840316540e+00 0.0000000000e+00 9.1944771000e-03
    1.0845127770e+00 0.0000000000e+00 1.6762541800e-02
    1.0862817060e+00 0.0000000000e+00 3.0567911970e-02
    1.1032906630e+00 0.0000000000e+00 5.7936147730e-02
    1.1415525670e+00 0.0000000000e+00 1.0410415120e-01
    1.1959661940e+00 0.0000000000e+00 1.7660166620e-01
    1.2736852440e+00 0.0000000000e+00 2.9017304670e-01
    1.3856235710e+00 0.0000000000e+00 4.6836658870e-01
    1.5491514510e+00 0.0000000000e+00 7.4927940130e-01
    1.7971265630e+00 0.0000000000e+00 1.1957660270e+00
    2.3862790990e+00 0.0000000000e+00 1.8985079380e+00
    3.2600671250e+00 0.0000000000e+00 3.0132710170e+00
    4.4684950320e+00 0.0000000000e+00 4.8663104400e+00
    6.1081723230e+00 0.0000000000e+00 7.9719939900e+00
    8.3425457090e+00 0.0000000000e+00 1.3141517890e+01
    1.1367915240e+01 0.0000000000e+00 2.1804118340e+01
    1.5410538970e+01 0.0000000000e+00 3.6421611720e+01
    2.0693215360e+01 0.0000000000e+00 6.1240410980e+01
    2.7355143210e+01 0.0000000000e+00 1.0359237370e+02
    3.5257096840e+01 0.0000000000e+00 1.7615533600e+02
    4.3562631970e+01 0.0000000000e+00 3.0086590970e+02
    4.9879602820e+01 0.0000000000e+00 5.1568764660e+02
    1.1381248050e+00 0.0000000000e+00 8.7804160960e-06
    1.1381248050e+00 0.0000000000e+00 2.4915309050e-05
    1.1381248050e+00 0.0000000000e+00 5.4466342190e-05
    1.1381248090e+00 0.0000000000e+00 1.0842836180e-04
    1.1381248260e+00 0.0000000000e+00 2.0670331940e-04
    1.1381248960e+00 0.0000000000e+00 3.8524852820e-04
    1.1381251690e+00 0.0000000000e+00 7.0891712390e-04
    1.1381262000e+00 0.0000000000e+00 1.2944942340e-03
    1.1381299760e+00 0.0000000000e+00 2.3519779490e-03
    1.1381434870e+00 0.0000000000e+00 4.2584911080e-03
    1.1381910260e+00 0.0000000000e+00 7.6905980090e-03
    1.1383563320e+00 0.0000000000e+00 1.3861706000e-02
    1.1389292020e+00 0.0000000000e+00 2.4952615530e-02
    1.1409594570e+00 0.0000000000e+00 4.4929250860e-02
    1.1641844450e+00 0.0000000000e+00 8.4035111620e-02
    1.2270618120e+00 0.0000000000e+00 1.5182541850e-01
    1.3162037950e+00 0.0000000000e+00 2.5950529770e-01
    1.4434604780e+00 0.0000000000e+00 4.3031191690e-01
    1.6272246620e+00 0.0000000000e+00 7.0191172250e-01
    1.8979363990e+00 0.0000000000e+00 1.1360859130e+00
    2.4725413670e+00 0.0000000000e+00 1.8228808330e+00
    3.3900086110e+00 0.0000000000e+00 2.9147875120e+00
    4.6593846320e+00 0.0000000000e+00 4.7501782660e+00
    6.3942950430e+00 0.0000000000e+00 7.8288430600e+00
    8.7733610400e+00 0.0000000000e+00 1.2965580990e+01
    1.2018854730e+01 0.0000000000e+00 2.1590284570e+01
    1.6397496110e+01 0.0000000000e+00 3.6166623860e+01
    2.2198824810e+01 0.0000000000e+00 6.0943495850e+01
    2.9672076010e+01 0.0000000000e+00 1.0325861850e+02
    3.8863898130e+01 0.0000000000e+00 1.7580252020e+02
    4.9259551510e+01 0.0000000000e+00 3.0053860870e+02
    5.9034485870e+01 0.0000000000e+00 5.1548643490e+02
    1.2211161920e+00 0.0000000000e+00 8.6801711740e-06
    1.2211161920e+00 0.0000000000e+00 2.4318625250e-05
    1.2211161920e+00 0.0000000000e+00 5.2450897070e-05
    1.2211161940e+00 0.0000000000e+00 1.0298787740e-04
    1.2211162000e+00 0.0000000000e+00 1.9365508350e-04
    1.2211162270e+00 0.0000000000e+00 3.5612248500e-04
    1.2211163320e+00 0.0000000000e+00 6.4692096900e-04
    1.2211167240e+00 0.0000000000e+00 1.1668685860e-03
    1.2211181420e+00 0.0000000000e+00 2.0956160860e-03
    1.2211231620e+00 0.0000000000e+00 3.7530407800e-03
    1.2211406500e+00 0.0000000000e+00 6.7083054890e-03
    1.2212007690e+00 0.0000000000e+00 1.1973595980e-02
    1.2214055460e+00 0.0000000000e+00 2.1348854870e-02
    1.2221009760e+00 0.0000000000e+00 3.8039724160e-02
    1.2244993500e+00 0.0000000000e+00 6.7798820580e-02
    1.2547585930e+00 0.0000000000e+00 1.2500493560e-01
    1.3549280350e+00 0.0000000000e+00 2.2624319710e-01
    1.4971162960e+00 0.0000000000e+00 3.8906108470e-01
    1.7008454110e+00 0.0000000000e+00 6.5073495680e-01
    1.9972479520e+00 0.0000000000e+00 1.0724747740e+00
    2.5551461810e+00 0.0000000000e+00 1.7452862430e+00
    3.5142023180e+00 0.0000000000e+00 2.8146510010e+00
    4.8427012260e+00 0.0000000000e+00 4.6317185090e+00
    6.6702616930e+00 0.0000000000e+00 7.6815378490e+00
    9.1895538000e+00 0.0000000000e+00 1.2783570340e+01
    1.2648165580e+01 0.0000000000e+00 2.1367648620e+01
    1.7351889620e+01 0.0000000000e+00 3.5898721030e+01
    2.3654890960e+01 0.0000000000e+00 6.0627140140e+01
    3.1913118250e+01 0.0000000000e+00 1.0289477060e+02
    4.2354333440e+01 0.0000000000e+00 1.7540168350e+02
    5.4778788820e+01 0.0000000000e+00 3.0013235410e+02
    6.7920003220e+01 0.0000000000e+00 5.1515194080e+02
    1.3480039790e+00 0.0000000000e+00 8.6146056430e-06
    1.3480039790e+00 0.0000000000e+00 2.3928362180e-05
    1.3480039790e+00 0.0000000000e+00 5.1132688350e-05
    1.3480039800e+00 0.0000000000e+00 9.9429510290e-05
    1.3480039820e+00 0.0000000000e+00 1.8512084150e-04
    1.3480039930e+00 0.0000000000e+00 3.3707250660e-04
    1.3480040350e+00 0.0000000000e+00 6.0637224800e-04
    1.3480041880e+00 0.0000000000e+00 1.0833951740e-03
    1.3480047390e+00 0.0000000000e+00 1.9279459510e-03
    1.3480066750e+00 0.0000000000e+00 3.4224788320e-03
    1.3480133630e+00 0.0000000000e+00 6.0660350320e-03
    1.3480361680e+00 0.0000000000e+00 1.0740015650e-02
    1.3481131340e+00 0.0000000000e+00 1.9000762200e-02
    1.3483709590e+00 0.0000000000e+00 3.3596580730e-02
    1.3492323820e+00 0.0000000000e+00 5.9385995500e-02
    1.3521425600e+00 0.0000000000e+00 1.0500077940e-01
    1.3897208620e+00 0.0000000000e+00 1.9100191490e-01
    1.5463470860e+00 0.0000000000e+00 3.4525417280e-01
    1.7696226420e+00 0.0000000000e+00 5.9638463160e-01
    2.0918236360e+00 0.0000000000e+00 1.0051323620e+00
    2.6355193790e+00 0.0000000000e+00 1.6655719140e+00
    3.6327363830e+00 0.0000000000e+00 2.7135930780e+00
    5.0188881290e+00 0.0000000000e+00 4.5110463900e+00
    6.9364447160e+00 0.0000000000e+00 7.5305896550e+00
    9.5917166030e+00 0.0000000000e+00 1.2596184720e+01
    1.3256761100e+01 0.0000000000e+00 2.1137247440e+01
    1.8275261140e+01 0.0000000000e+00 3.5619367320e+01
    2.5063987410e+01 0.0000000000e+00 6.0293458700e+01
    3.4082553320e+01 0.0000000000e+00 1.0250393420e+02
    4.5735460930e+01 0.0000000000e+00 1.7495745730e+02
    6.0131763350e+01 0.0000000000e+00 2.9965417550e+02
    7.6554165530e+01 0.0000000000e+00 5.1469501460e+02
    1.5420061640e+00 0.0000000000e+00 8.5717222840e-06
    1.5420061640e+00 0.0000000000e+00 2.3673109300e-05
    1.5420061640e+00 0.0000000000e+00 5.0270509480e-05
    1.5420061640e+00 0.0000000000e+00 9.7102148200e-05
    1.5420061650e+00 0.0000000000e+00 1.7953899180e-04
    1.5420061700e+00 0.0000000000e+00 3.2461280530e-04
    1.5420061870e+00 0.0000000000e+00 5.7985123240e-04
    1.5420062480e+00 0.0000000000e+00 1.0287992030e-03
    1.5420064690e+00 0.0000000000e+00 1.8182814330e-03
    1.5420072370e+00 0.0000000000e+00 3.2062785170e-03
    1.5420098770e+00 0.0000000000e+00 5.6459883710e-03
    1.5420188210e+00 0.0000000000e+00 9.9334014370e-03
    1.5420488190e+00 0.0000000000e+00 1.7466361460e-02
    1.5421485840e+00 0.0000000000e+00 3.0699408550e-02
    1.5424783480e+00 0.0000000000e+00 5.3943094260e-02
    1.5435658570e+00 0.0000000000e+00 9.4773524340e-02
    1.5471823160e+00 0.0000000000e+00 1.6655024810e-01
    1.5911332420e+00 0.0000000000e+00 2.9946896500e-01
    1.8333467510e+00 0.0000000000e+00 5.3949448570e-01
    2.1810380050e+00 0.0000000000e+00 9.3464874880e-01
    2.7188465730e+00 0.0000000000e+00 1.5824612390e+00
    3.7457541690e+00 0.0000000000e+00 2.6122621250e+00
    5.1882993850e+00 0.0000000000e+00 4.3883398140e+00
    7.1932061360e+00 0.0000000000e+00 7.3764637380e+00
    9.9804168910e+00 0.0000000000e+00 1.2404058560e+01
    1.3845527080e+01 0.0000000000e+00 2.0900004080e+01
    1.9169080060e+01 0.0000000000e+00 3.5329860800e+01
    2.6428536910e+01 0.0000000000e+00 5.9944318250e+01
    3.6184369160e+01 0.0000000000e+00 1.0208883920e+02
    4.9013783580e+01 0.0000000000e+00 1.7447390670e+02
    6.5328895420e+01 0.0000000000e+00 2.9911023940e+02
    8.4953271480e+01 0.0000000000e+00 5.1412518690e+02
    1.8386213750e+00 0.0000000000e+00 8.5436742790e-06
    1.8386213750e+00 0.0000000000e+00 2.3506160280e-05
    1.8386213750e+00 0.0000000000e+00 4.9706598460e-05
    1.8386213760e+00 0.0000000000e+00 9.5579929140e-05
    1.8386213760e+00 0.0000000000e+00 1.7588816410e-04
    1.8386213780e+00 0.0000000000e+00 3.1646349560e-04
    1.8386213850e+00 0.0000000000e+00 5.6250507450e-04
    1.8386214100e+00 0.0000000000e+00 9.9309054060e-04
    1.8386215000e+00 0.0000000000e+00 1.7465551060e-03
    1.8386218120e+00 0.0000000000e+00 3.0648728060e-03
    1.8386228790e+00 0.0000000000e+00 5.3712609730e-03
    1.8386264790e+00 0.0000000000e+00 9.4058685510e-03
    1.8386384960e+00 0.0000000000e+00 1.6463009530e-02
    1.8386782750e+00 0.0000000000e+00 2.8805936520e-02
    1.8388090360e+00 0.0000000000e+00 5.0392141420e-02
    1.8392366680e+00 0.0000000000e+00 8.8142528520e-02
    1.8406323970e+00 0.0000000000e+00 1.5416761280e-01
    1.8452178390e+00 0.0000000000e+00 2.6970519780e-01
    1.8924764920e+00 0.0000000000e+00 4.8035681520e-01
    2.2646342750e+00 0.0000000000e+00 8.6163210220e-01
    2.8133561830e+00 0.0000000000e+00 1.4943509480e+00
    3.8534881530e+00 0.0000000000e+00 2.5110591520e+00
    5.3512273060e+00 0.0000000000e+00 4.2638192190e+00
    7.4408989520e+00 0.0000000000e+00 7.2195811110e+00
    1.0356192860e+01 0.0000000000e+00 1.2207773730e+01
    1.4415319000e+01 0.0000000000e+00 2.0656739820e+01
    2.0034742350e+01 0.0000000000e+00 3.5031353560e+01
    2.7750815780e+01 0.0000000000e+00 5.9581369030e+01
    3.8222274760e+01 0.0000000000e+00 1.0165189180e+02
    5.2195291880e+01 0.0000000000e+00 1.7395460930e+02
    7.0379700670e+01 0.0000000000e+00 2.9850597500e+02
    9.3132095370e+01 0.0000000000e+00 5.1345086320e+02
    2.2921244310e+00 0.0000000000e+00 8.5253293850e-06
    2.2921244310e+00 0.0000000000e+00 2.3396966710e-05
    2.2921244310e+00 0.0000000000e+00 4.9337770550e-05
    2.2921244310e+00 0.0000000000e+00 9.4584316600e-05
    2.2921244320e+00 0.0000000000e+00 1.7350032780e-04
    2.2921244320e+00 0.0000000000e+00 3.1113341210e-04
    2.2921244350e+00 0.0000000000e+00 5.5115976160e-04
    2.2921244460e+00 0.0000000000e+00 9.6973517220e-04
    2.2921244830e+00 0.0000000000e+00 1.6996422820e-03
    2.2921246120e+00 0.0000000000e+00 2.9723860740e-03
    2.2921250510e+00 0.0000000000e+00 5.1915755840e-03
    2.2921265280e+00 0.0000000000e+00 9.0608402460e-03
    2.2921314410e+00 0.0000000000e+00 1.5806803800e-02
    2.2921476500e+00 0.0000000000e+00 2.7567752600e-02
    2.2922007500e+00 0.0000000000e+00 4.8071150780e-02
    2.2923736870e+00 0.0000000000e+00 8.3814843440e-02
    2.2929344570e+00 0.0000000000e+00 1.4612744980e-01
    2.2947497330e+00 0.0000000000e+00 2.5476776730e-01
    2.3006582430e+00 0.0000000000e+00 4.4425432560e-01
    2.3460997790e+00 0.0000000000e+00 7.8459742710e-01
    2.9167733010e+00 0.0000000000e+00 1.4022824010e+00
    3.9562825420e+00 0.0000000000e+00 2.4100546340e+00
    5.5079277870e+00 0.0000000000e+00 4.1377209030e+00
    7.6798669320e+00 0.0000000000e+00 7.0603216980e+00
    1.0719554420e+01 0.0000000000e+00 1.2007865230e+01
    1.4966959160e+01 0.0000000000e+00 2.0408185910e+01
    2.0873570920e+01 0.0000000000e+00 3.4724869280e+01
    2.9032959740e+01 0.0000000000e+00 5.9206072270e+01
    4.0199717590e+01 0.0000000000e+00 1.0119521800e+02
    5.5285505250e+01 0.0000000000e+00 1.7340272350e+02
    7.5292877500e+01 0.0000000000e+00 2.9784617840e+02
    1.0110405460e+02 0.0000000000e+00 5.1267948560e+02
    2.9854975750e+00 0.0000000000e+00 8.5133308460e-06
    2.9854975750e+00 0.0000000000e+00 2.3325548290e-05
    2.9854975750e+00 0.0000000000e+00 4.9096537400e-05
    2.9854975750e+00 0.0000000000e+00 9.3933132840e-05
    2.9854975750e+00 0.0000000000e+00 1.7193855540e-04
    2.9854975750e+00 0.0000000000e+00 3.0764725290e-04
    2.9854975770e+00 0.0000000000e+00 5.4373932130e-04
    2.9854975810e+00 0.0000000000e+00 9.5445951490e-04
    2.9854975970e+00 0.0000000000e+00 1.6689587950e-03
    2.9854976500e+00 0.0000000000e+00 2.9118948430e-03
    2.9854978330e+00 0.0000000000e+00 5.0740519350e-03
    2.9854984470e+00 0.0000000000e+00 8.8351745040e-03
    2.9855004850e+00 0.0000000000e+00 1.5377617620e-02
    2.9855071940e+00 0.0000000000e+00 2.6757959550e-02
    2.9855291200e+00 0.0000000000e+00 4.6553373900e-02
    2.9856003510e+00 0.0000000000e+00 8.0985961640e-02
    2.9858306120e+00 0.0000000000e+00 1.4087872120e-01
    2.9865721910e+00 0.0000000000e+00 2.4505919250e-01
    2.9889571910e+00 0.0000000000e+00 4.2629242230e-01
    2.9966656710e+00 0.0000000000e+00 7.4166609790e-01
    3.0387607770e+00 0.0000000000e+00 1.2993879890e+00
    4.0546395370e+00 0.0000000000e+00 2.3090441850e+00
    5.6586364640e+00 0.0000000000e+00 4.0102778040e+00
    7.9104439580e+00 0.0000000000e+00 6.8990278670e+00
    1.1070988030e+01 0.0000000000e+00 1.1804821320e+01
    1.5501234740e+01 0.0000000000e+00 2.0154994230e+01
    2.1686817170e+01 0.0000000000e+00 3.4411318590e+01
    3.0276970710e+01 0.0000000000e+00 5.8819724070e+01
    4.2119901270e+01 0.0000000000e+00 1.0072070010e+02
    5.8289511620e+01 0.0000000000e+00 1.7282104560e+02
    8.0076387060e+01 0.0000000000e+00 2.9713510120e+02
    1.0888135850e+02 0.0000000000e+00 5.1181766750e+02
    4.0456146130e+00 0.0000000000e+00 8.5054831600e-06
    4.0456146130e+00 0.0000000000e+00 2.3278836830e-05
    4.0456146130e+00 0.0000000000e+00 4.8938758040e-05
    4.0456146130e+00 0.0000000000e+00 9.3507223900e-05
    4.0456146130e+00 0.0000000000e+00 1.7091707290e-04
    4.0456146130e+00 0.0000000000e+00 3.0536711860e-04
    4.0456146140e+00 0.0000000000e+00 5.3888595720e-04
    4.0456146150e+00 0.0000000000e+00 9.4446841960e-04
    4.0456146220e+00 0.0000000000e+00 1.6488901570e-03
    4.0456146450e+00 0.0000000000e+00 2.8723303540e-03
    4.0456147220e+00 0.0000000000e+00 4.9971852310e-03
    4.0456149790e+00 0.0000000000e+00 8.6875772950e-03
    4.0456158330e+00 0.0000000000e+00 1.5096908380e-02
    4.0456186400e+00 0.0000000000e+00 2.6228320390e-02
    4.0456278000e+00 0.0000000000e+00 4.5560719260e-02
    4.0456575070e+00 0.0000000000e+00 7.9136034270e-02
    4.0457533680e+00 0.0000000000e+00 1.3744762170e-01
    4.0460613840e+00 0.0000000000e+00 2.3872022200e-01
    4.0470479560e+00 0.0000000000e+00 4.1461056550e-01
    4.0502049270e+00 0.0000000000e+00 7.2012458440e-01
    4.0603548580e+00 0.0000000000e+00 1.2509174990e+00
    4.1605356030e+00 0.0000000000e+00 2.1992961650e+00
    5.8035770650e+00 0.0000000000e+00 3.8817093240e+00
    8.1329534040e+00 0.0000000000e+00 6.7360078500e+00
    1.1410962160e+01 0.0000000000e+00 1.1599081860e+01
    1.6018896820e+01 0.0000000000e+00 1.9897746720e+01
    2.2475663340e+01 0.0000000000e+00 3.4091512490e+01
    3.1484723990e+01 0.0000000000e+00 5.8423476050e+01
    4.3985802960e+01 0.0000000000e+00 1.0023000900e+02
    6.1212004420e+01 0.0000000000e+00 1.7221205820e+02
    8.4737525780e+01 0.0000000000e+00 2.9637652460e+02
    1.1647513950e+02 0.0000000000e+00 5.1087130700e+02
    5.6664563550e+00 0.0000000000e+00 8.5003503550e-06
    5.6664563550e+00 0.0000000000e+00 2.3248285040e-05
    5.6664563550e+00 0.0000000000e+00 4.8835561920e-05
    5.6664563550e+00 0.0000000000e+00 9.3228656710e-05
    5.6664563550e+00 0.0000000000e+00 1.7024896880e-04
    5.6664563550e+00 0.0000000000e+00 3.0387578910e-04
    5.6664563560e+00 0.0000000000e+00 5.3571159790e-04
    5.6664563560e+00 0.0000000000e+00 9.3793370990e-04
    5.6664563590e+00 0.0000000000e+00 1.6357641960e-03
    5.6664563690e+00 0.0000000000e+00 2.8464530670e-03
    5.6664564010e+00 0.0000000000e+00 4.9469103110e-03
    5.6664565100e+00 0.0000000000e+00 8.5910408890e-03
    5.6664568710e+00 0.0000000000e+00 1.4913309850e-02
    5.6664580540e+00 0.0000000000e+00 2.5881909890e-02
    5.6664619100e+00 0.0000000000e+00 4.4911480690e-02
    5.6664744050e+00 0.0000000000e+00 7.7926145310e-02
    5.6665146800e+00 0.0000000000e+00 1.3520386430e-01
    5.6666439240e+00 0.0000000000e+00 2.3457632560e-01
    5.6670571610e+00 0.0000000000e+00 4.0698244540e-01
    5.6683750590e+00 0.0000000000e+00 7.0610934170e-01
    5.6725759280e+00 0.0000000000e+00 1.2251384930e+00
    5.6860308080e+00 0.0000000000e+00 2.1259064850e+00
    5.9506431740e+00 0.0000000000e+00 3.7464101530e+00
    8.3477077570e+00 0.0000000000e+00 6.5715384750e+00
    1.1739930600e+01 0.0000000000e+00 1.1391038490e+01
    1.6520660420e+01 0.0000000000e+00 1.9636963460e+01
    2.3241225240e+01 0.0000000000e+00 3.3766174170e+01
    3.2657975750e+01 0.0000000000e+00 5.8018353260e+01
    4.5800190150e+01 0.0000000000e+00 9.9724630970e+01
    6.4057317040e+01 0.0000000000e+00 1.7157797180e+02
    8.9282990910e+01 0.0000000000e+00 2.9557382210e+02
    1.2389556920e+02 0.0000000000e+00 5.0984568170e+02
    8.1446053330e+00 0.0000000000e+00 8.4969932260e-06
    8.1446053330e+00 0.0000000000e+00 2.3228302540e-05
    8.1446053330e+00 0.0000000000e+00 4.8768066140e-05
    8.1446053330e+00 0.0000000000e+00 9.3046458890e-05
    8.1446053330e+00 0.0000000000e+00 1.6981199300e-04
    8.1446053330e+00 0.0000000000e+00 3.0290037990e-04
    8.1446053330e+00 0.0000000000e+00 5.3363539750e-04
    8.1446053340e+00 0.0000000000e+00 9.3365966080e-04
    8.1446053350e+00 0.0000000000e+00 1.6271791170e-03
    8.1446053390e+00 0.0000000000e+00 2.8295279400e-03
    8.1446053530e+00 0.0000000000e+00 4.9140278310e-03
    8.1446053990e+00 0.0000000000e+00 8.5279009360e-03
    8.1446055520e+00 0.0000000000e+00 1.4793226670e-02
    8.1446060530e+00 0.0000000000e+00 2.5655339300e-02
    8.1446076850e+00 0.0000000000e+00 4.4486846250e-02
    8.1446129710e+00 0.0000000000e+00 7.7134826460e-02
    8.1446299950e+00 0.0000000000e+00 1.3373640340e-01
    8.1446845860e+00 0.0000000000e+00 2.3186643600e-01
    8.1448589680e+00 0.0000000000e+00 4.0199578050e-01
    8.1454143390e+00 0.0000000000e+00 6.9695724930e-01
    8.1471795480e+00 0.0000000000e+00 1.2083636920e+00
    8.1527900440e+00 0.0000000000e+00 2.0951056590e+00
    8.1707153960e+00 0.0000000000e+00 3.6329077080e+00
    8.5750527170e+00 0.0000000000e+00 6.3926262930e+00
    1.2058333760e+01 0.0000000000e+00 1.1181037800e+01
    1.7007205160e+01 0.0000000000e+00 1.9373109780e+01
    2.3984555280e+01 0.0000000000e+00 3.3435949300e+01
    3.3798370450e+01 0.0000000000e+00 5.7605269720e+01
    4.7565636610e+01 0.0000000000e+00 9.9205891450e+01
    6.6829454510e+01 0.0000000000e+00 1.7092075980e+02
    9.3718939220e+01 0.0000000000e+00 2.9473001290e+02
    1.3115196080e+02 0.0000000000e+00 5.0874552980e+02
    1.1933514640e+01 0.0000000000e+00 8.4947974850e-06
    1.1933514640e+01 0.0000000000e+00 2.3215232910e-05
    1.1933514640e+01 0.0000000000e+00 4.8723920300e-05
    1.1933514640e+01 0.0000000000e+00 9.2927291790e-05
    1.1933514640e+01 0.0000000000e+00 1.6952618750e-04
    1.1933514640e+01 0.0000000000e+00 3.0226241030e-04
    1.1933514640e+01 0.0000000000e+00 5.3227745150e-04
    1.1933514640e+01 0.0000000000e+00 9.3086420450e-04
    1.1933514640e+01 0.0000000000e+00 1.6215640170e-03
    1.1933514640e+01 0.0000000000e+00 2.8184580040e-03
    1.1933514640e+01 0.0000000000e+00 4.8925209330e-03
    1.1933514660e+01 0.0000000000e+00 8.4866040380e-03
    1.1933514730e+01 0.0000000000e+00 1.4714685870e-02
    1.1933514940e+01 0.0000000000e+00 2.5507150130e-02
    1.1933515640e+01 0.0000000000e+00 4.4209113160e-02
    1.1933517880e+01 0.0000000000e+00 7.6617264600e-02
    1.1933525110e+01 0.0000000000e+00 1.3277662240e-01
    1.1933548260e+01 0.0000000000e+00 2.3009411970e-01
    1.1933622200e+01 0.0000000000e+00 3.9873478380e-01
    1.1933857510e+01 0.0000000000e+00 6.9097441450e-01
    1.1934604580e+01 0.0000000000e+00 1.1974099210e+00
    1.1936972990e+01 0.0000000000e+00 2.0750642700e+00
    1.1944486110e+01 0.0000000000e+00 3.5961407630e+00
    1.1968465760e+01 0.0000000000e+00 6.2327466350e+00
    1.2442414580e+01 0.0000000000e+00 1.0928605140e+01
    1.7479194700e+01 0.0000000000e+00 1.9106592630e+01
    2.4706645740e+01 0.0000000000e+00 3.3101415020e+01
    3.4907448110e+01 0.0000000000e+00 5.7185041900e+01
    4.9284537430e+01 0.0000000000e+00 9.8674974910e+01
    6.9532122490e+01 0.0000000000e+00 1.7024218920e+02
    9.8051039820e+01 0.0000000000e+00 2.9384780640e+02
    1.3825285890e+02 0.0000000000e+00 5.0757511740e+02
    1.7726481010e+01 0.0000000000e+00 8.4933613530e-06
    1.7726481010e+01 0.0000000000e+00 2.3206684680e-05
    1.7726481010e+01 0.0000000000e+00 4.8695046570e-05
    1.7726481010e+01 0.0000000000e+00 9.2849350150e-05
    1.7726481010e+01 0.0000000000e+00 1.6933925550e-04
    1.7726481010e+01 0.0000000000e+00 3.0184514410e-04
    1.7726481010e+01 0.0000000000e+00 5.3138928240e-04
    1.7726481010e+01 0.0000000000e+00 9.2903582690e-04
    1.7726481010e+01 0.0000000000e+00 1.6178914420e-03
    1.7726481010e+01 0.0000000000e+00 2.8112176740e-03
    1.7726481020e+01 0.0000000000e+00 4.8784542740e-03
    1.7726481020e+01 0.0000000000e+00 8.4595936620e-03
    1.7726481050e+01 0.0000000000e+00 1.4663316000e-02
    1.7726481140e+01 0.0000000000e+00 2.5410226520e-02
    1.7726481440e+01 0.0000000000e+00 4.4027461010e-02
    1.7726482390e+01 0.0000000000e+00 7.6278752190e-02
    1.7726485470e+01 0.0000000000e+00 1.3214887830e-01
    1.7726495320e+01 0.0000000000e+00 2.2893495230e-01
    1.7726526770e+01 0.0000000000e+00 3.9660204310e-01
    1.7726626800e+01 0.0000000000e+00 6.8706202850e-01
    1.7726944240e+01 0.0000000000e+00 1.1902495600e+00
    1.7727949590e+01 0.0000000000e+00 2.0619787450e+00
    1.7731131190e+01 0.0000000000e+00 3.5722240660e+00
    1.7741215600e+01 0.0000000000e+00 6.1888539880e+00
    1.7773404410e+01 0.0000000000e+00 1.0723041790e+01
    1.8237374000e+01 0.0000000000e+00 1.8718270730e+01
    2.5408728350e+01 0.0000000000e+00 3.2762953630e+01
    3.5986652670e+01 0.0000000000e+00 5.6758399850e+01
    5.0959123070e+01 0.0000000000e+00 9.8132942240e+01
    7.2168753710e+01 0.0000000000e+00 1.6954384540e+02
    1.0228452120e+02 0.0000000000e+00 2.9292964190e+02
    1.4520611870e+02 0.0000000000e+00 5.0633829740e+02
    2.6583504700e+01 0.0000000000e+00 8.4924220450e-06
    2.6583504700e+01 0.0000000000e+00 2.3201093680e-05
    2.6583504700e+01 0.0000000000e+00 4.8676161600e-05
    2.6583504700e+01 0.0000000000e+00 9.2798372150e-05
    2.6583504700e+01 0.0000000000e+00 1.6921699200e-04
    2.6583504700e+01 0.0000000000e+00 3.0157222970e-04
    2.6583504700e+01 0.0000000000e+00 5.3080837240e-04
    2.6583504700e+01 0.0000000000e+00 9.2783997030e-04
    2.6583504700e+01 0.0000000000e+00 1.6154893810e-03
    2.6583504700e+01 0.0000000000e+00 2.8064821120e-03
    2.6583504700e+01 0.0000000000e+00 4.8692539280e-03
    2.6583504700e+01 0.0000000000e+00 8.4419274350e-03
    2.6583504710e+01 0.0000000000e+00 1.4629717360e-02
    2.6583504750e+01 0.0000000000e+00 2.5346833310e-02
    2.6583504880e+01 0.0000000000e+00 4.3908650830e-02
    2.6583505290e+01 0.0000000000e+00 7.6057347160e-02
    2.6583506600e+01 0.0000000000e+00 1.3173830110e-01
    2.6583510800e+01 0.0000000000e+00 2.2817680030e-01
    2.6583524200e+01 0.0000000000e+00 3.9520714690e-01
    2.6583566820e+01 0.0000000000e+00 6.8450328770e-01
    2.6583702020e+01 0.0000000000e+00 1.1855672450e+00
    2.6584130050e+01 0.0000000000e+00 2.0534253920e+00
    2.6585483360e+01 0.0000000000e+00 3.5566109980e+00
    2.6589762690e+01 0.0000000000e+00 6.1603171250e+00
    2.6603327270e+01 0.0000000000e+00 1.0670571770e+01
    2.6646729060e+01 0.0000000000e+00 1.8484541790e+01
    2.7080235570e+01 0.0000000000e+00 3.2148683880e+01
    3.7040792900e+01 0.0000000000e+00 5.6324655710e+01
    5.2591513590e+01 0.0000000000e+00 9.7580732380e+01
    7.4742533120e+01 0.0000000000e+00 1.6882715500e+02
    1.0642421350e+02 0.0000000000e+00 2.9197772020e+02
    1.5201897650e+02 0.0000000000e+00 5.0503855820e+02
    4.0125248850e+01 0.0000000000e+00 8.4918076890e-06
    4.0125248850e+01 0.0000000000e+00 2.3197436870e-05
    4.0125248850e+01 0.0000000000e+00 4.8663809820e-05
    4.0125248850e+01 0.0000000000e+00 9.2765029820e-05
    4.0125248850e+01 0.0000000000e+00 1.6913702510e-04
    4.0125248850e+01 0.0000000000e+00 3.0139372910e-04
    4.0125248850e+01 0.0000000000e+00 5.3042842620e-04
    4.0125248850e+01 0.0000000000e+00 9.2705781620e-04
    4.0125248850e+01 0.0000000000e+00 1.6139183060e-03
    4.0125248850e+01 0.0000000000e+00 2.8033848010e-03
    4.0125248850e+01 0.0000000000e+00 4.8632364110e-03
    4.0125248850e+01 0.0000000000e+00 8.4303727790e-03
    4.0125248860e+01 0.0000000000e+00 1.4607742060e-02
    4.0125248880e+01 0.0000000000e+00 2.5305370760e-02
    4.0125248930e+01 0.0000000000e+00 4.3830942640e-02
    4.0125249100e+01 0.0000000000e+00 7.5912536500e-02
    4.0125249660e+01 0.0000000000e+00 1.3146976190e-01
    4.0125251450e+01 0.0000000000e+00 2.2768092970e-01
    4.0125257170e+01 0.0000000000e+00 3.9429481780e-01
    4.0125275360e+01 0.0000000000e+00 6.8282977640e-01
    4.0125333030e+01 0.0000000000e+00 1.1825049940e+00
    4.0125515580e+01 0.0000000000e+00 2.0478323390e+00
    4.0126092520e+01 0.0000000000e+00 3.5464064290e+00
    4.0127915250e+01 0.0000000000e+00 6.1416929290e+00
    4.0133678910e+01 0.0000000000e+00 1.0636481020e+01
    4.0151989840e+01 0.0000000000e+00 1.8421592730e+01
    4.0210939210e+01 0.0000000000e+00 3.1907626300e+01
    4.0657718160e+01 0.0000000000e+00 5.5383850810e+01
    5.4210441010e+01 0.0000000000e+00 9.7010290580e+01
    7.7257073000e+01 0.0000000000e+00 1.6809322190e+02
    1.1047461430e+02 0.0000000000e+00 2.9099402630e+02
    1.5869811230e+02 0.0000000000e+00 5.0367906630e+02
    6.0829589420e+01 0.0000000000e+00 8.4914058660e-06
    6.0829589420e+01 0.0000000000e+00 2.3195045120e-05
    6.0829589420e+01 0.0000000000e+00 4.8655731100e-05
    6.0829589420e+01 0.0000000000e+00 9.2743222150e-05
    6.0829589420e+01 0.0000000000e+00 1.6908472250e-04
    6.0829589420e+01 0.0000000000e+00 3.0127698020e-04
    6.0829589420e+01 0.0000000000e+00 5.3017992110e-04
    6.0829589420e+01 0.0000000000e+00 9.2654624570e-04
    6.0829589420e+01 0.0000000000e+00 1.6128907380e-03
    6.0829589420e+01 0.0000000000e+00 2.8013589950e-03
    6.0829589420e+01 0.0000000000e+00 4.8593006330e-03
    6.0829589420e+01 0.0000000000e+00 8.4228154170e-03
    6.0829589420e+01 0.0000000000e+00 1.4593369040e-02
    6.0829589430e+01 0.0000000000e+00 2.5278252050e-02
    6.0829589450e+01 0.0000000000e+00 4.3780117340e-02
    6.0829589520e+01 0.0000000000e+00 7.5817822610e-02
    6.0829589760e+01 0.0000000000e+00 1.3129412300e-01
    6.0829590530e+01 0.0000000000e+00 2.2735660420e-01
    6.0829592970e+01 0.0000000000e+00 3.9369810780e-01
    6.0829600730e+01 0.0000000000e+00 6.8173522150e-01
    6.0829625360e+01 0.0000000000e+00 1.1805021780e+00
    6.0829703300e+01 0.0000000000e+00 2.0441745140e+00
    6.0829949580e+01 0.0000000000e+00 3.5397339230e+00
    6.0830727350e+01 0.0000000000e+00 6.1295218370e+00
    6.0833184460e+01 0.0000000000e+00 1.0614239170e+01
    6.0840970870e+01 0.0000000000e+00 1.8380726250e+01
    6.0865850780e+01 0.0000000000e+00 3.1831553270e+01
    6.0946855590e+01 0.0000000000e+00 5.5130782770e+01
    6.1478330780e+01 0.0000000000e+00 9.5608674030e+01
    7.9852304920e+01 0.0000000000e+00 1.6730403520e+02
    1.1444540820e+02 0.0000000000e+00 2.8997901810e+02
    1.6525002610e+02 0.0000000000e+00 5.0226263660e+02
    9.2485018230e+01 0.0000000000e+00 8.4911430530e-06
    9.2485018230e+01 0.0000000000e+00 2.3193480790e-05
    9.2485018230e+01 0.0000000000e+00 4.8650447190e-05
    9.2485018230e+01 0.0000000000e+00 9.2728958780e-05
    9.2485018230e+01 0.0000000000e+00 1.6905051380e-04
    9.2485018230e+01 0.0000000000e+00 3.0120062020e-04
    9.2485018230e+01 0.0000000000e+00 5.3001738550e-04
    9.2485018230e+01 0.0000000000e+00 9.2621165130e-04
    9.2485018230e+01 0.0000000000e+00 1.6122186550e-03
    9.2485018230e+01 0.0000000000e+00 2.8000340100e-03
    9.2485018230e+01 0.0000000000e+00 4.8567264240e-03
    9.2485018230e+01 0.0000000000e+00 8.4178724990e-03
    9.2485018230e+01 0.0000000000e+00 1.4583968320e-02
    9.2485018240e+01 0.0000000000e+00 2.5260514960e-02
    9.2485018250e+01 0.0000000000e+00 4.3746874870e-02
    9.2485018280e+01 0.0000000000e+00 7.5755874670e-02
    9.2485018380e+01 0.0000000000e+00 1.3117924580e-01
    9.2485018710e+01 0.0000000000e+00 2.2714447810e-01
    9.2485019750e+01 0.0000000000e+00 3.9330782810e-01
    9.2485023070e+01 0.0000000000e+00 6.8101932700e-01
    9.2485033590e+01 0.0000000000e+00 1.1791922450e+00
    9.2485066890e+01 0.0000000000e+00 2.0417821870e+00
    9.2485172100e+01 0.0000000000e+00 3.5353702240e+00
    9.2485504300e+01 0.0000000000e+00 6.1215639230e+00
    9.2486553400e+01 0.0000000000e+00 1.0599706000e+01
    9.2489874640e+01 0.0000000000e+00 1.8354073400e+01
    9.2500458090e+01 0.0000000000e+00 3.1782216510e+01
    9.2534637290e+01 0.0000000000e+00 5.5037652210e+01
    9.2648046440e+01 0.0000000000e+00 9.5319365860e+01
    9.3368236550e+01 0.0000000000e+00 1.6524411050e+02
    1.1881891910e+02 0.0000000000e+00 2.8881594590e+02
    1.7170674820e+02 0.0000000000e+00 5.0078621930e+02
    1.4088386340e+02 0.0000000000e+00 8.4909711590e-06
    1.4088386340e+02 0.0000000000e+00 2.3192457630e-05
    1.4088386340e+02 0.0000000000e+00 4.8646991230e-05
    1.4088386340e+02 0.0000000000e+00 9.2719629770e-05
    1.4088386340e+02 0.0000000000e+00 1.6902813950e-04
    1.4088386340e+02 0.0000000000e+00 3.0115067660e-04
    1.4088386340e+02 0.0000000000e+00 5.2991107850e-04
    1.4088386340e+02 0.0000000000e+00 9.2599280860e-04
    1.4088386340e+02 0.0000000000e+00 1.6117790760e-03
    1.4088386340e+02 0.0000000000e+00 2.7991673980e-03
    1.4088386340e+02 0.0000000000e+00 4.8550427540e-03
    1.4088386340e+02 0.0000000000e+00 8.4146395660e-03
    1.4088386340e+02 0.0000000000e+00 1.4577819740e-02
    1.4088386340e+02 0.0000000000e+00 2.5248913960e-02
    1.4088386340e+02 0.0000000000e+00 4.3725132530e-02
    1.4088386340e+02 0.0000000000e+00 7.5715357410e-02
    1.4088386350e+02 0.0000000000e+00 1.3110411000e-01
    1.4088386360e+02 0.0000000000e+00 2.2700573640e-01
    1.4088386410e+02 0.0000000000e+00 3.9305256450e-01
    1.4088386550e+02 0.0000000000e+00 6.8055109450e-01
    1.4088387000e+02 0.0000000000e+00 1.1783354840e+00
    1.4088388420e+02 0.0000000000e+00 2.0402175010e+00
    1.4088392920e+02 0.0000000000e+00 3.5325162600e+00
    1.4088407120e+02 0.0000000000e+00 6.1163597220e+00
    1.4088451940e+02 0.0000000000e+00 1.0590204290e+01
    1.4088593800e+02 0.0000000000e+00 1.8336660840e+01
    1.4089045360e+02 0.0000000000e+00 3.1750053560e+01
    1.4090499300e+02 0.0000000000e+00 5.4977328030e+01
    1.4095280470e+02 0.0000000000e+00 9.5202881630e+01
    1.4111625900e+02 0.0000000000e+00 1.6487993760e+02
    1.4221577330e+02 0.0000000000e+00 2.8580159090e+02
    1.7926152340e+02 0.0000000000e+00 4.9899272470e+02
    2.1488217280e+02 0.0000000000e+00 8.4908587310e-06
    2.1488217280e+02 0.0000000000e+00 2.3191788430e-05
    2.1488217280e+02 0.0000000000e+00 4.8644730840e-05
    2.1488217280e+02 0.0000000000e+00 9.2713528100e-05
    2.1488217280e+02 0.0000000000e+00 1.6901350550e-04
    2.1488217280e+02 0.0000000000e+00 3.0111801090e-04
    2.1488217280e+02 0.0000000000e+00 5.2984154810e-04
    2.1488217280e+02 0.0000000000e+00 9.2584967390e-04
    2.1488217280e+02 0.0000000000e+00 1.6114915680e-03
    2.1488217280e+02 0.0000000000e+00 2.7986005880e-03
    2.1488217280e+02 0.0000000000e+00 4.8539415440e-03
    2.1488217280e+02 0.0000000000e+00 8.4125250560e-03
    2.1488217280e+02 0.0000000000e+00 1.4573798250e-02
    2.1488217280e+02 0.0000000000e+00 2.5241326280e-02
    2.1488217280e+02 0.0000000000e+00 4.3710911870e-02
    2.1488217280e+02 0.0000000000e+00 7.5688856950e-02
    2.1488217280e+02 0.0000000000e+00 1.3105496710e-01
    2.1488217290e+02 0.0000000000e+00 2.2691499190e-01
    2.1488217310e+02 0.0000000000e+00 3.9288560850e-01
    2.1488217370e+02 0.0000000000e+00 6.8024484570e-01
    2.1488217560e+02 0.0000000000e+00 1.1777751170e+00
    2.1488218170e+02 0.0000000000e+00 2.0391941190e+00
    2.1488220090e+02 0.0000000000e+00 3.5306496490e+00
    2.1488226160e+02 0.0000000000e+00 6.1129560860e+00
    2.1488245320e+02 0.0000000000e+00 1.0583990670e+01
    2.1488305960e+02 0.0000000000e+00 1.8325277400e+01
    2.1488498870e+02 0.0000000000e+00 3.1729045240e+01
    2.1489119280e+02 0.0000000000e+00 5.4938023020e+01
    2.1491152600e+02 0.0000000000e+00 9.5127542620e+01
    2.1498034350e+02 0.0000000000e+00 1.6472930310e+02
    2.1522619800e+02 0.0000000000e+00 2.8529482700e+02
    2.1712676880e+02 0.0000000000e+00 4.9455115190e+02
    3.2802019850e+02 0.0000000000e+00 8.4907851980e-06
    3.2802019850e+02 0.0000000000e+00 2.3191350740e-05
    3.2802019850e+02 0.0000000000e+00 4.8643252430e-05
    3.2802019850e+02 0.0000000000e+00 9.2709537280e-05
    3.2802019850e+02 0.0000000000e+00 1.6900393410e-04
    3.2802019850e+02 0.0000000000e+00 3.0109664580e-04
    3.2802019850e+02 0.0000000000e+00 5.2979607150e-04
    3.2802019850e+02 0.0000000000e+00 9.2575605610e-04
    3.2802019850e+02 0.0000000000e+00 1.6113035220e-03
    3.2802019850e+02 0.0000000000e+00 2.7982298640e-03
    3.2802019850e+02 0.0000000000e+00 4.8532212940e-03
    3.2802019850e+02 0.0000000000e+00 8.4111420530e-03
    3.2802019850e+02 0.0000000000e+00 1.4571167970e-02
    3.2802019850e+02 0.0000000000e+00 2.5236363540e-02
    3.2802019850e+02 0.0000000000e+00 4.3701610810e-02
    3.2802019850e+02 0.0000000000e+00 7.5671524240e-02
    3.2802019850e+02 0.0000000000e+00 1.3102282510e-01
    3.2802019860e+02 0.0000000000e+00 2.2685564010e-01
    3.2802019860e+02 0.0000000000e+00 3.9277641030e-01
    3.2802019890e+02 0.0000000000e+00 6.8004454260e-01
    3.2802019970e+02 0.0000000000e+00 1.1774086070e+00
    3.2802020230e+02 0.0000000000e+00 2.0385247750e+00
    3.2802021050e+02 0.0000000000e+00 3.5294287960e+00
    3.2802023650e+02 0.0000000000e+00 6.1107299780e+00
    3.2802031840e+02 0.0000000000e+00 1.0579926910e+01
    3.2802057770e+02 0.0000000000e+00 1.8317833470e+01
    3.2802140240e+02 0.0000000000e+00 3.1715312240e+01
    3.2802405320e+02 0.0000000000e+00 5.4912355460e+01
    3.2803272920e+02 0.0000000000e+00 9.5078484630e+01
    3.2806198160e+02 0.0000000000e+00 1.6463204420e+02
    3.2816530580e+02 0.0000000000e+00 2.8509045430e+02
    3.2855701470e+02 0.0000000000e+00 4.9376268220e+02
    5.0100000000e+02 0.0000000000e+00 8.4907371400e-06
    5.0100000000e+02 0.0000000000e+00 2.3191064700e-05
    5.0100000000e+02 0.0000000000e+00 4.8642286330e-05
    5.0100000000e+02 0.0000000000e+00 9.2706929550e-05
    5.0100000000e+02 0.0000000000e+00 1.6899768020e-04
    5.0100000000e+02 0.0000000000e+00 3.0108268710e-04
    5.0100000000e+02 0.0000000000e+00 5.2976636210e-04
    5.0100000000e+02 0.0000000000e+00 9.2569490130e-04
    5.0100000000e+02 0.0000000000e+00 1.6111806850e-03
    5.0100000000e+02 0.0000000000e+00 2.7979876810e-03
    5.0100000000e+02 0.0000000000e+00 4.8527507400e-03
    5.0100000000e+02 0.0000000000e+00 8.4102384390e-03
    5.0100000000e+02 0.0000000000e+00 1.4569449310e-02
    5.0100000000e+02 0.0000000000e+00 2.5233120580e-02
    5.0100000000e+02 0.0000000000e+00 4.3695532600e-02
    5.0100000000e+02 0.0000000000e+00 7.5660196850e-02
    5.0100000000e+02 0.0000000000e+00 1.3100181850e-01
    5.0100000000e+02 0.0000000000e+00 2.2681684920e-01
    5.0100000000e+02 0.0000000000e+00 3.9270503880e-01
    5.0100000000e+02 0.0000000000e+00 6.7991362200e-01
    5.0100000000e+02 0.0000000000e+00 1.1771690480e+00
    5.0100000000e+02 0.0000000000e+00 2.0380872720e+00
    5.0100000000e+02 0.0000000000e+00 3.5286308350e+00
    5.0100000000e+02 0.0000000000e+00 6.1092751550e+00
    5.0100000000e+02 0.0000000000e+00 1.0577272140e+01
    5.0100000000e+02 0.0000000000e+00 1.8312975680e+01
    5.0100000000e+02 0.0000000000e+00 3.1706375200e+01
    5.0100000000e+02 0.0000000000e+00 5.4895756990e+01
    5.0100000000e+02 0.0000000000e+00 9.5047133730e+01
    5.0100000000e+02 0.0000000000e+00 1.6457113920e+02
    5.0100000000e+02 0.0000000000e+00 2.8496713140e+02
    5.0100000000e+02 0.0000000000e+00 4.9349850840e+02
    5.0100000000e+02 -1.0000000000e+00 0.0000000000e+00
    5.0100000000e+02 -1.0000000000e+00 -8.4907371400e-06
    5.0100000000e+02 -1.0000000000e+00 -2.3191064700e-05
    5.0100000000e+02 -1.0000000000e+00 -4.8642286330e-05
    5.0100000000e+02 -1.0000000000e+00 -9.2706929550e-05
    5.0100000000e+02 -1.0000000000e+00 -1.6899768020e-04
    5.0100000000e+02 -1.0000000000e+00 -3.0108268710e-04
    5.0100000000e+02 -1.0000000000e+00 -5.2976636210e-04
    5.0100000000e+02 -1.0000000000e+00 -9.2569490130e-04
    5.0100000000e+02 -1.0000000000e+00 -1.6111806850e-03
    5.0100000000e+02 -1.0000000000e+00 -2.7979876810e-03
    5.0100000000e+02 -1.0000000000e+00 -4.8527507400e-03
    5.0100000000e+02 -1.0000000000e+00 -8.4102384390e-03
    5.0100000000e+02 -1.0000000000e+00 -1.4569449310e-02
    5.0100000000e+02 -1.0000000000e+00 -2.5233120580e-02
    5.0100000000e+02 -1.0000000000e+00 -4.3695532600e-02
    5.0100000000e+02 -1.0000000000e+00 -7.5660196850e-02
    5.0100000000e+02 -1.0000000000e+00 -1.3100181850e-01
    5.0100000000e+02 -1.0000000000e+00 -2.2681684920e-01
    5.0100000000e+02 -1.0000000000e+00 -3.9270503880e-01
    5.0100000000e+02 -1.0000000000e+00 -6.7991362200e-01
    5.0100000000e+02 -1.0000000000e+00 -1.1771690480e+00
    5.0100000000e+02 -1.0000000000e+00 -2.0380872720e+00
    5.0100000000e+02 -1.0000000000e+00 -3.5286308350e+00
    5.0100000000e+02 -1.0000000000e+00 -6.1092751550e+00
    5.0100000000e+02 -1.0000000000e+00 -1.0577272140e+01
    5.0100000000e+02 -1.0000000000e+00 -1.8312975680e+01
    5.0100000000e+02 -1.0000000000e+00 -3.1706375200e+01
    5.0100000000e+02 -1.0000000000e+00 -5.4895756990e+01
    5.0100000000e+02 -1.0000000000e+00 -9.5047133730e+01
    5.0100000000e+02 -1.0000000000e+00 -1.6457113920e+02
    5.0100000000e+02 -1.0000000000e+00 -2.8496713140e+02
    5.0100000000e+02 -1.0000000000e+00 -4.9349850840e+02
    3.2802019850e+02 -1.0000000000e+00 0.0000000000e+00
    3.2802019850e+02 -1.0000000000e+00 -8.4907851980e-06
    3.2802019850e+02 -1.0000000000e+00 -2.3191350740e-05
    3.2802019850e+02 -1.0000000000e+00 -4.8643252430e-05
    3.2802019850e+02 -1.0000000000e+00 -9.2709537280e-05
    3.2802019850e+02 -1.0000000000e+00 -1.6900393410e-04
    3.2802019850e+02 -1.0000000000e+00 -3.0109664580e-04
    3.2802019850e+02 -1.0000000000e+00 -5.2979607150e-04
    3.2802019850e+02 -1.0000000000e+00 -9.2575605610e-04
    3.2802019850e+02 -1.0000000000e+00 -1.6113035220e-03
    3.2802019850e+02 -1.0000000000e+00 -2.7982298640e-03
    3.2802019850e+02 -1.0000000000e+00 -4.8532212940e-03
    3.2802019850e+02 -1.0000000000e+00 -8.4111420530e-03
    3.2802019850e+02 -1.0000000000e+00 -1.4571167970e-02
    3.2802019850e+02 -1.0000000000e+00 -2.5236363540e-02
    3.2802019850e+02 -1.0000000000e+00 -4.3701610810e-02
    3.2802019850e+02 -1.0000000000e+00 -7.5671524240e-02
    3.2802019850e+02 -1.0000000000e+00 -1.3102282510e-01
    3.2802019860e+02 -1.0000000000e+00 -2.2685564010e-01
    3.2802019860e+02 -1.0000000000e+00 -3.9277641030e-01
    3.2802019890e+02 -1.0000000000e+00 -6.8004454260e-01
    3.2802019970e+02 -1.0000000000e+00 -1.1774086070e+00
    3.2802020230e+02 -1.0000000000e+00 -2.0385247750e+00
    3.2802021050e+02 -1.0000000000e+00 -3.5294287960e+00
    3.2802023650e+02 -1.0000000000e+00 -6.1107299780e+00
    3.2802031840e+02 -1.0000000000e+00 -1.0579926910e+01
    3.2802057770e+02 -1.0000000000e+00 -1.8317833470e+01
    3.2802140240e+02 -1.0000000000e+00 -3.1715312240e+01
    3.2802405320e+02 -1.0000000000e+00 -5.4912355460e+01
    3.2803272920e+02 -1.0000000000e+00 -9.5078484630e+01
    3.2806198160e+02 -1.0000000000e+00 -1.6463204420e+02
    3.2816530580e+02 -1.0000000000e+00 -2.8509045430e+02
    3.2855701470e+02 -1.0000000000e+00 -4.9376268220e+02
    2.1488217280e+02 -1.0000000000e+00 0.0000000000e+00
    2.1488217280e+02 -1.0000000000e+00 -8.4908587310e-06
    2.1488217280e+02 -1.0000000000e+00 -2.3191788430e-05
    2.1488217280e+02 -1.0000000000e+00 -4.8644730840e-05
    2.1488217280e+02 -1.0000000000e+00 -9.2713528100e-05
    2.1488217280e+02 -1.0000000000e+00 -1.6901350550e-04
    2.1488217280e+02 -1.0000000000e+00 -3.0111801090e-04
    2.1488217280e+02 -1.0000000000e+00 -5.2984154810e-04
    2.1488217280e+02 -1.0000000000e+00 -9.2584967390e-04
    2.1488217280e+02 -1.0000000000e+00 -1.6114915680e-03
    2.1488217280e+02 -1.0000000000e+00 -2.7986005880e-03
    2.1488217280e+02 -1.0000000000e+00 -4.8539415440e-03
    2.1488217280e+02 -1.0000000000e+00 -8.4125250560e-03
    2.1488217280e+02 -1.0000000000e+00 -1.4573798250e-02
    2.1488217280e+02 -1.0000000000e+00 -2.5241326280e-02
    2.1488217280e+02 -1.0000000000e+00 -4.3710911870e-02
    2.1488217280e+02 -1.0000000000e+00 -7.5688856950e-02
    2.1488217280e+02 -1.0000000000e+00 -1.3105496710e-01
    2.1488217290e+02 -1.0000000000e+00 -2.2691499190e-01
    2.1488217310e+02 -1.0000000000e+00 -3.9288560850e-01
    2.1488217370e+02 -1.0000000000e+00 -6.8024484570e-01
    2.1488217560e+02 -1.0000000000e+00 -1.1777751170e+00
    2.1488218170e+02 -1.0000000000e+00 -2.0391941190e+00
    2.1488220090e+02 -1.0000000000e+00 -3.5306496490e+00
    2.1488226160e+02 -1.0000000000e+00 -6.1129560860e+00
    2.1488245320e+02 -1.0000000000e+00 -1.0583990670e+01
    2.1488305960e+02 -1.0000000000e+00 -1.8325277400e+01
    2.1488498870e+02 -1.0000000000e+00 -3.1729045240e+01
    2.1489119280e+02 -1.0000000000e+00 -5.4938023020e+01
    2.1491152600e+02 -1.0000000000e+00 -9.5127542620e+01
    2.1498034350e+02 -1.0000000000e+00 -1.6472930310e+02
    2.1522619800e+02 -1.0000000000e+00 -2.8529482700e+02
    2.1712676880e+02 -1.0000000000e+00 -4.9455115190e+02
    1.4088386340e+02 -1.0000000000e+00 0.0000000000e+00
    1.4088386340e+02 -1.0000000000e+00 -8.4909711590e-06
    1.4088386340e+02 -1.0000000000e+00 -2.3192457630e-05
    1.4088386340e+02 -1.0000000000e+00 -4.8646991230e-05
    1.4088386340e+02 -1.0000000000e+00 -9.2719629770e-05
    1.4088386340e+02 -1.0000000000e+00 -1.6902813950e-04
    1.4088386340e+02 -1.0000000000e+00 -3.0115067660e-04
    1.4088386340e+02 -1.0000000000e+00 -5.2991107850e-04
    1.4088386340e+02 -1.0000000000e+00 -9.2599280860e-04
    1.4088386340e+02 -1.0000000000e+00 -1.6117790760e-03
    1.4088386340e+02 -1.0000000000e+00 -2.7991673980e-03
    1.4088386340e+02 -1.0000000000e+00 -4.8550427540e-03
    1.4088386340e+02 -1.0000000000e+00 -8.4146395660e-03
    1.4088386340e+02 -1.0000000000e+00 -1.4577819740e-02
    1.4088386340e+02 -1.0000000000e+00 -2.5248913960e-02
    1.4088386340e+02 -1.0000000000e+00 -4.3725132530e-02
    1.4088386340e+02 -1.0000000000e+00 -7.5715357410e-02
    1.4088386350e+02 -1.0000000000e+00 -1.3110411000e-01
    1.4088386360e+02 -1.0000000000e+00 -2.2700573640e-01
    1.4088386410e+02 -1.0000000000e+00 -3.9305256450e-01
    1.4088386550e+02 -1.0000000000e+00 -6.8055109450e-01
    1.4088387000e+02 -1.0000000000e+00 -1.1783354840e+00
    1.4088388420e+02 -1.0000000000e+00 -2.0402175010e+00
    1.4088392920e+02 -1.0000000000e+00 -3.5325162600e+00
    1.4088407120e+02 -1.0000000000e+00 -6.1163597220e+00
    1.4088451940e+02 -1.0000000000e+00 -1.0590204290e+01
    1.4088593800e+02 -1.0000000000e+00 -1.8336660840e+01
    1.4089045360e+02 -1.0000000000e+00 -3.1750053560e+01
    1.4090499300e+02 -1.0000000000e+00 -5.4977328030e+01
    1.4095280470e+02 -1.0000000000e+00 -9.5202881630e+01
    1.4111625900e+02 -1.0000000000e+00 -1.6487993760e+02
    1.4221577330e+02 -1.0000000000e+00 -2.8580159090e+02
    1.7926152340e+02 -1.0000000000e+00 -4.9899272470e+02
    9.2485018230e+01 -1.0000000000e+00 0.0000000000e+00
    9.2485018230e+01 -1.0000000000e+00 -8.4911430530e-06
    9.2485018230e+01 -1.0000000000e+00 -2.3193480790e-05
    9.2485018230e+01 -1.0000000000e+00 -4.8650447190e-05
    9.2485018230e+01 -1.0000000000e+00 -9.2728958780e-05
    9.2485018230e+01 -1.0000000000e+00 -1.6905051380e-04
    9.2485018230e+01 -1.0000000000e+00 -3.0120062020e-04
    9.2485018230e+01 -1.0000000000e+00 -5.3001738550e-04
    9.2485018230e+01 -1.0000000000e+00 -9.2621165130e-04
    9.2485018230e+01 -1.0000000000e+00 -1.6122186550e-03
    9.2485018230e+01 -1.0000000000e+00 -2.8000340100e-03
    9.2485018230e+01 -1.0000000000e+00 -4.8567264240e-03
    9.2485018230e+01 -1.0000000000e+00 -8.4178724990e-03
    9.2485018230e+01 -1.0000000000e+00 -1.4583968320e-02
    9.2485018240e+01 -1.0000000000e+00 -2.5260514960e-02
    9.2485018250e+01 -1.0000000000e+00 -4.3746874870e-02
    9.2485018280e+01 -1.0000000000e+00 -7.5755874670e-02
    9.2485018380e+01 -1.0000000000e+00 -1.3117924580e-01
    9.2485018710e+01 -1.0000000000e+00 -2.2714447810e-01
    9.2485019750e+01 -1.0000000000e+00 -3.9330782810e-01
    9.2485023070e+01 -1.0000000000e+00 -6.8101932700e-01
    9.2485033590e+01 -1.0000000000e+00 -1.1791922450e+00
    9.2485066890e+01 -1.0000000000e+00 -2.0417821870e+00
    9.2485172100e+01 -1.0000000000e+00 -3.5353702240e+00
    9.2485504300e+01 -1.0000000000e+00 -6.1215639230e+00
    9.2486553400e+01 -1.0000000000e+00 -1.0599706000e+01
    9.2489874640e+01 -1.0000000000e+00 -1.8354073400e+01
    9.2500458090e+01 -1.0000000000e+00 -3.1782216510e+01
    9.2534637290e+01 -1.0000000000e+00 -5.5037652210e+01
    9.2648046440e+01 -1.0000000000e+00 -9.5319365860e+01
    9.3368236550e+01 -1.0000000000e+00 -1.6524411050e+02
    1.1881891910e+02 -1.0000000000e+00 -2.8881594590e+02
    1.7170674820e+02 -1.0000000000e+00 -5.0078621930e+02
    6.0829589420e+01 -1.0000000000e+00 0.0000000000e+00
    6.0829589420e+01 -1.0000000000e+00 -8.4914058660e-06
    6.0829589420e+01 -1.0000000000e+00 -2.3195045120e-05
    6.0829589420e+01 -1.0000000000e+00 -4.8655731100e-05
    6.0829589420e+01 -1.0000000000e+00 -9.2743222150e-05
    6.0829589420e+01 -1.0000000000e+00 -1.6908472250e-04
    6.0829589420e+01 -1.0000000000e+00 -3.0127698020e-04
    6.0829589420e+01 -1.0000000000e+00 -5.3017992110e-04
    6.0829589420e+01 -1.0000000000e+00 -9.2654624570e-04
    6.0829589420e+01 -1.0000000000e+00 -1.6128907380e-03
    6.0829589420e+01 -1.0000000000e+00 -2.8013589950e-03
    6.0829589420e+01 -1.0000000000e+00 -4.8593006330e-03
    6.0829589420e+01 -1.0000000000e+00 -8.4228154170e-03
    6.0829589420e+01 -1.0000000000e+00 -1.4593369040e-02
    6.0829589430e+01 -1.0000000000e+00 -2.5278252050e-02
    6.0829589450e+01 -1.0000000000e+00 -4.3780117340e-02
    6.0829589520e+01 -1.0000000000e+00 -7.5817822610e-02
    6.0829589760e+01 -1.0000000000e+00 -1.3129412300e-01
    6.0829590530e+01 -1.0000000000e+00 -2.2735660420e-01
    6.0829592970e+01 -1.0000000000e+00 -3.9369810780e-01
    6.0829600730e+01 -1.0000000000e+00 -6.8173522150e-01
    6.0829625360e+01 -1.0000000000e+00 -1.1805021780e+00
    6.0829703300e+01 -1.0000000000e+00 -2.0441745140e+00
    6.0829949580e+01 -1.0000000000e+00 -3.5397339230e+00
    6.0830727350e+01 -1.0000000000e+00 -6.1295218370e+00
    6.0833184460e+01 -1.0000000000e+00 -1.0614239170e+01
    6.0840970870e+01 -1.0000000000e+00 -1.8380726250e+01
    6.0865850780e+01 -1.0000000000e+00 -3.1831553270e+01
    6.0946855590e+01 -1.0000000000e+00 -5.5130782770e+01
    6.1478330780e+01 -1.0000000000e+00 -9.5608674030e+01
    7.9852304920e+01 -1.0000000000e+00 -1.6730403520e+02
    1.1444540820e+02 -1.0000000000e+00 -2.8997901810e+02
    1.6525002610e+02 -1.0000000000e+00 -5.0226263660e+02
    4.0125248850e+01 -1.0000000000e+00 0.0000000000e+00
    4.0125248850e+01 -1.0000000000e+00 -8.4918076890e-06
    4.0125248850e+01 -1.0000000000e+00 -2.3197436870e-05
    4.0125248850e+01 -1.0000000000e+00 -4.8663809820e-05
    4.0125248850e+01 -1.0000000000e+00 -9.2765029820e-05
    4.0125248850e+01 -1.0000000000e+00 -1.6913702510e-04
    4.0125248850e+01 -1.0000000000e+00 -3.0139372910e-04
    4.0125248850e+01 -1.0000000000e+00 -5.3042842620e-04
    4.0125248850e+01 -1.0000000000e+00 -9.2705781620e-04
    4.0125248850e+01 -1.0000000000e+00 -1.6139183060e-03
    4.0125248850e+01 -1.0000000000e+00 -2.8033848010e-03
    4.0125248850e+01 -1.0000000000e+00 -4.8632364110e-03
    4.0125248850e+01 -1.0000000000e+00 -8.4303727790e-03
    4.0125248860e+01 -1.0000000000e+00 -1.4607742060e-02
    4.0125248880e+01 -1.0000000000e+00 -2.5305370760e-02
    4.0125248930e+01 -1.0000000000e+00 -4.3830942640e-02
    4.0125249100e+01 -1.0000000000e+00 -7.5912536500e-02
    4.0125249660e+01 -1.0000000000e+00 -1.3146976190e-01
    4.0125251450e+01 -1.0000000000e+00 -2.2768092970e-01
    4.0125257170e+01 -1.0000000000e+00 -3.9429481780e-01
    4.0125275360e+01 -1.0000000000e+00 -6.8282977640e-01
    4.0125333030e+01 -1.0000000000e+00 -1.1825049940e+00
    4.0125515580e+01 -1.0000000000e+00 -2.0478323390e+00
    4.0126092520e+01 -1.0000000000e+00 -3.5464064290e+00
    4.0127915250e+01 -1.0000000000e+00 -6.1416929290e+00
    4.0133678910e+01 -1.0000000000e+00 -1.0636481020e+01
    4.0151989840e+01 -1.0000000000e+00 -1.8421592730e+01
    4.0210939210e+01 -1.0000000000e+00 -3.1907626300e+01
    4.0657718160e+01 -1.0000000000e+00 -5.5383850810e+01
    5.4210441010e+01 -1.0000000000e+00 -9.7010290580e+01
    7.7257073000e+01 -1.0000000000e+00 -1.6809322190e+02
    1.1047461430e+02 -1.0000000000e+00 -2.9099402630e+02
    1.5869811230e+02 -1.0000000000e+00 -5.0367906630e+02
    2.6583504700e+01 -1.0000000000e+00 0.0000000000e+00
    2.6583504700e+01 -1.0000000000e+00 -8.4924220450e-06
    2.6583504700e+01 -1.0000000000e+00 -2.3201093680e-05
    2.6583504700e+01 -1.0000000000e+00 -4.8676161600e-05
    2.6583504700e+01 -1.0000000000e+00 -9.2798372150e-05
    2.6583504700e+01 -1.0000000000e+00 -1.6921699200e-04
    2.6583504700e+01 -1.0000000000e+00 -3.0157222970e-04
    2.6583504700e+01 -1.0000000000e+00 -5.3080837240e-04
    2.6583504700e+01 -1.0000000000e+00 -9.2783997030e-04
    2.6583504700e+01 -1.0000000000e+00 -1.6154893810e-03
    2.6583504700e+01 -1.0000000000e+00 -2.8064821120e-03
    2.6583504700e+01 -1.0000000000e+00 -4.8692539280e-03
    2.6583504700e+01 -1.0000000000e+00 -8.4419274350e-03
    2.6583504710e+01 -1.0000000000e+00 -1.4629717360e-02
    2.6583504750e+01 -1.0000000000e+00 -2.5346833310e-02
    2.6583504880e+01 -1.0000000000e+00 -4.3908650830e-02
    2.6583505290e+01 -1.0000000000e+00 -7.6057347160e-02
    2.6583506600e+01 -1.0000000000e+00 -1.3173830110e-01
    2.6583510800e+01 -1.0000000000e+00 -2.2817680030e-01
    2.6583524200e+01 -1.0000000000e+00 -3.9520714690e-01
    2.6583566820e+01 -1.0000000000e+00 -6.8450328770e-01
    2.6583702020e+01 -1.0000000000e+00 -1.1855672450e+00
    2.6584130050e+01 -1.0000000000e+00 -2.0534253920e+00
    2.6585483360e+01 -1.0000000000e+00 -3.5566109980e+00
    2.6589762690e+01 -1.0000000000e+00 -6.1603171250e+00
    2.6603327270e+01 -1.0000000000e+00 -1.0670571770e+01
    2.6646729060e+01 -1.0000000000e+00 -1.8484541790e+01
    2.7080235570e+01 -1.0000000000e+00 -3.2148683880e+01
    3.7040792900e+01 -1.0000000000e+00 -5.6324655710e+01
    5.2591513590e+01 -1.0000000000e+00 -9.7580732380e+01
    7.4742533120e+01 -1.0000000000e+00 -1.6882715500e+02
    1.0642421350e+02 -1.0000000000e+00 -2.9197772020e+02
    1.5201897650e+02 -1.0000000000e+00 -5.0503855820e+02
    1.7726481010e+01 -1.0000000000e+00 0.0000000000e+00
    1.7726481010e+01 -1.0000000000e+00 -8.4933613530e-06
    1.7726481010e+01 -1.0000000000e+00 -2.3206684680e-05
    1.7726481010e+01 -1.0000000000e+00 -4.8695046570e-05
    1.7726481010e+01 -1.0000000000e+00 -9.2849350150e-05
    1.7726481010e+01 -1.0000000000e+00 -1.6933925550e-04
    1.7726481010e+01 -1.0000000000e+00 -3.0184514410e-04
    1.7726481010e+01 -1.0000000000e+00 -5.3138928240e-04
    1.7726481010e+01 -1.0000000000e+00 -9.2903582690e-04
    1.7726481010e+01 -1.0000000000e+00 -1.6178914420e-03
    1.7726481010e+01 -1.0000000000e+00 -2.8112176740e-03
    1.7726481020e+01 -1.0000000000e+00 -4.8784542740e-03
    1.7726481020e+01 -1.0000000000e+00 -8.4595936620e-03
    1.7726481050e+01 -1.0000000000e+00 -1.4663316000e-02
    1.7726481140e+01 -1.0000000000e+00 -2.5410226520e-02
    1.7726481440e+01 -1.0000000000e+00 -4.4027461010e-02
    1.7726482390e+01 -1.0000000000e+00 -7.6278752190e-02
    1.7726485470e+01 -1.0000000000e+00 -1.3214887830e-01
    1.7726495320e+01 -1.0000000000e+00 -2.2893495230e-01
    1.7726526770e+01 -1.0000000000e+00 -3.9660204310e-01
    1.7726626800e+01 -1.0000000000e+00 -6.8706202850e-01
    1.7726944240e+01 -1.0000000000e+00 -1.1902495600e+00
    1.7727949590e+01 -1.0000000000e+00 -2.0619787450e+00
    1.7731131190e+01 -1.0000000000e+00 -3.5722240660e+00
    1.7741215600e+01 -1.0000000000e+00 -6.1888539880e+00
    1.7773404410e+01 -1.0000000000e+00 -1.0723041790e+01
    1.8237374000e+01 -1.0000000000e+00 -1.8718270730e+01
    2.5408728350e+01 -1.0000000000e+00 -3.2762953630e+01
    3.5986652670e+01 -1.0000000000e+00 -5.6758399850e+01
    5.0959123070e+01 -1.0000000000e+00 -9.8132942240e+01
    7.2168753710e+01 -1.0000000000e+00 -1.6954384540e+02
    1.0228452120e+02 -1.0000000000e+00 -2.9292964190e+02
    1.4520611870e+02 -1.0000000000e+00 -5.0633829740e+02
    1.1933514640e+01 -1.0000000000e+00 0.0000000000e+00
    1.1933514640e+01 -1.0000000000e+00 -8.4947974850e-06
    1.1933514640e+01 -1.0000000000e+00 -2.3215232910e-05
    1.1933514640e+01 -1.0000000000e+00 -4.8723920300e-05
    1.1933514640e+01 -1.0000000000e+00 -9.2927291790e-05
    1.1933514640e+01 -1.0000000000e+00 -1.6952618750e-04
    1.1933514640e+01 -1.0000000000e+00 -3.0226241030e-04
    1.1933514640e+01 -1.0000000000e+00 -5.3227745150e-04
    1.1933514640e+01 -1.0000000000e+00 -9.3086420450e-04
    1.1933514640e+01 -1.0000000000e+00 -1.6215640170e-03
    1.1933514640e+01 -1.0000000000e+00 -2.8184580040e-03
    1.1933514640e+01 -1.0000000000e+00 -4.8925209330e-03
    1.1933514660e+01 -1.0000000000e+00 -8.4866040380e-03
    1.1933514730e+01 -1.0000000000e+00 -1.4714685870e-02
    1.1933514940e+01 -1.0000000000e+00 -2.5507150130e-02
    1.1933515640e+01 -1.0000000000e+00 -4.4209113160e-02
    1.1933517880e+01 -1.0000000000e+00 -7.6617264600e-02
    1.1933525110e+01 -1.0000000000e+00 -1.3277662240e-01
    1.1933548260e+01 -1.0000000000e+00 -2.3009411970e-01
    1.1933622200e+01 -1.0000000000e+00 -3.9873478380e-01
    1.1933857510e+01 -1.0000000000e+00 -6.9097441450e-01
    1.1934604580e+01 -1.0000000000e+00 -1.1974099210e+00
    1.1936972990e+01 -1.0000000000e+00 -2.0750642700e+00
    1.1944486110e+01 -1.0000000000e+00 -3.5961407630e+00
    1.1968465760e+01 -1.0000000000e+00 -6.2327466350e+00
    1.2442414580e+01 -1.0000000000e+00 -1.0928605140e+01
    1.7479194700e+01 -1.0000000000e+00 -1.9106592630e+01
    2.4706645740e+01 -1.0000000000e+00 -3.3101415020e+01
    3.4907448110e+01 -1.0000000000e+00 -5.7185041900e+01
    4.9284537430e+01 -1.0000000000e+00 -9.8674974910e+01
    6.9532122490e+01 -1.0000000000e+00 -1.7024218920e+02
    9.8051039820e+01 -1.0000000000e+00 -2.9384780640e+02
    1.3825285890e+02 -1.0000000000e+00 -5.0757511740e+02
    8.1446053330e+00 -1.0000000000e+00 0.0000000000e+00
    8.1446053330e+00 -1.0000000000e+00 -8.4969932260e-06
    8.1446053330e+00 -1.0000000000e+00 -2.3228302540e-05
    8.1446053330e+00 -1.0000000000e+00 -4.8768066140e-05
    8.1446053330e+00 -1.0000000000e+00 -9.3046458890e-05
    8.1446053330e+00 -1.0000000000e+00 -1.6981199300e-04
    8.1446053330e+00 -1.0000000000e+00 -3.0290037990e-04
    8.1446053330e+00 -1.0000000000e+00 -5.3363539750e-04
    8.1446053340e+00 -1.0000000000e+00 -9.3365966080e-04
    8.1446053350e+00 -1.0000000000e+00 -1.6271791170e-03
    8.1446053390e+00 -1.0000000000e+00 -2.8295279400e-03
    8.1446053530e+00 -1.0000000000e+00 -4.9140278310e-03
    8.1446053990e+00 -1.0000000000e+00 -8.5279009360e-03
    8.1446055520e+00 -1.0000000000e+00 -1.4793226670e-02
    8.1446060530e+00 -1.0000000000e+00 -2.5655339300e-02
    8.1446076850e+00 -1.0000000000e+00 -4.4486846250e-02
    8.1446129710e+00 -1.0000000000e+00 -7.7134826460e-02
    8.1446299950e+00 -1.0000000000e+00 -1.3373640340e-01
    8.1446845860e+00 -1.0000000000e+00 -2.3186643600e-01
    8.1448589680e+00 -1.0000000000e+00 -4.0199578050e-01
    8.1454143390e+00 -1.0000000000e+00 -6.9695724930e-01
    8.1471795480e+00 -1.0000000000e+00 -1.2083636920e+00
    8.1527900440e+00 -1.0000000000e+00 -2.0951056590e+00
    8.1707153960e+00 -1.0000000000e+00 -3.6329077080e+00
    8.5750527170e+00 -1.0000000000e+00 -6.3926262930e+00
    1.2058333760e+01 -1.0000000000e+00 -1.1181037800e+01
    1.7007205160e+01 -1.0000000000e+00 -1.9373109780e+01
    2.3984555280e+01 -1.0000000000e+00 -3.3435949300e+01
    3.3798370450e+01 -1.0000000000e+00 -5.7605269720e+01
    4.7565636610e+01 -1.0000000000e+00 -9.9205891450e+01
    6.6829454510e+01 -1.0000000000e+00 -1.7092075980e+02
    9.3718939220e+01 -1.0000000000e+00 -2.9473001290e+02
    1.3115196080e+02 -1.0000000000e+00 -5.0874552980e+02
    5.6664563550e+00 -1.0000000000e+00 0.0000000000e+00
    5.6664563550e+00 -1.0000000000e+00 -8.5003503550e-06
    5.6664563550e+00 -1.0000000000e+00 -2.3248285040e-05
    5.6664563550e+00 -1.0000000000e+00 -4.8835561920e-05
    5.6664563550e+00 -1.0000000000e+00 -9.3228656710e-05
    5.6664563550e+00 -1.0000000000e+00 -1.7024896880e-04
    5.6664563550e+00 -1.0000000000e+00 -3.0387578910e-04
    5.6664563560e+00 -1.0000000000e+00 -5.3571159790e-04
    5.6664563560e+00 -1.0000000000e+00 -9.3793370990e-04
    5.6664563590e+00 -1.0000000000e+00 -1.6357641960e-03
    5.6664563690e+00 -1.0000000000e+00 -2.8464530670e-03
    5.6664564010e+00 -1.0000000000e+00 -4.9469103110e-03
    5.6664565100e+00 -1.0000000000e+00 -8.5910408890e-03
    5.6664568710e+00 -1.0000000000e+00 -1.4913309850e-02
    5.6664580540e+00 -1.0000000000e+00 -2.5881909890e-02
    5.6664619100e+00 -1.0000000000e+00 -4.4911480690e-02
    5.6664744050e+00 -1.0000000000e+00 -7.7926145310e-02
    5.6665146800e+00 -1.0000000000e+00 -1.3520386430e-01
    5.6666439240e+00 -1.0000000000e+00 -2.3457632560e-01
    5.6670571610e+00 -1.0000000000e+00 -4.0698244540e-01
    5.6683750590e+00 -1.0000000000e+00 -7.0610934170e-01
    5.6725759280e+00 -1.0000000000e+00 -1.2251384930e+00
    5.6860308080e+00 -1.0000000000e+00 -2.1259064850e+00
    5.9506431740e+00 -1.0000000000e+00 -3.7464101530e+00
    8.3477077570e+00 -1.0000000000e+00 -6.5715384750e+00
    1.1739930600e+01 -1.0000000000e+00 -1.1391038490e+01
    1.6520660420e+01 -1.0000000000e+00 -1.9636963460e+01
    2.3241225240e+01 -1.0000000000e+00 -3.3766174170e+01
    3.2657975750e+01 -1.0000000000e+00 -5.8018353260e+01
    4.5800190150e+01 -1.0000000000e+00 -9.9724630970e+01
    6.4057317040e+01 -1.0000000000e+00 -1.7157797180e+02
    8.9282990910e+01 -1.0000000000e+00 -2.9557382210e+02
    1.2389556920e+02 -1.0000000000e+00 -5.0984568170e+02
    4.0456146130e+00 -1.0000000000e+00 0.0000000000e+00
    4.0456146130e+00 -1.0000000000e+00 -8.5054831600e-06
    4.0456146130e+00 -1.0000000000e+00 -2.3278836830e-05
    4.0456146130e+00 -1.0000000000e+00 -4.8938758040e-05
    4.0456146130e+00 -1.0000000000e+00 -9.3507223900e-05
    4.0456146130e+00 -1.0000000000e+00 -1.7091707290e-04
    4.0456146130e+00 -1.0000000000e+00 -3.0536711860e-04
    4.0456146140e+00 -1.0000000000e+00 -5.3888595720e-04
    4.0456146150e+00 -1.0000000000e+00 -9.4446841960e-04
    4.0456146220e+00 -1.0000000000e+00 -1.6488901570e-03
    4.0456146450e+00 -1.0000000000e+00 -2.8723303540e-03
    4.0456147220e+00 -1.0000000000e+00 -4.9971852310e-03
    4.0456149790e+00 -1.0000000000e+00 -8.6875772950e-03
    4.0456158330e+00 -1.0000000000e+00 -1.5096908380e-02
    4.0456186400e+00 -1.0000000000e+00 -2.6228320390e-02
    4.0456278000e+00 -1.0000000000e+00 -4.5560719260e-02
    4.0456575070e+00 -1.0000000000e+00 -7.9136034270e-02
    4.0457533680e+00 -1.0000000000e+00 -1.3744762170e-01
    4.0460613840e+00 -1.0000000000e+00 -2.3872022200e-01
    4.0470479560e+00 -1.0000000000e+00 -4.1461056550e-01
    4.0502049270e+00 -1.0000000000e+00 -7.2012458440e-01
    4.0603548580e+00 -1.0000000000e+00 -1.2509174990e+00
    4.1605356030e+00 -1.0000000000e+00 -2.1992961650e+00
    5.8035770650e+00 -1.0000000000e+00 -3.8817093240e+00
    8.1329534040e+00 -1.0000000000e+00 -6.7360078500e+00
    1.1410962160e+01 -1.0000000000e+00 -1.1599081860e+01
    1.6018896820e+01 -1.0000000000e+00 -1.9897746720e+01
    2.2475663340e+01 -1.0000000000e+00 -3.4091512490e+01
    3.1484723990e+01 -1.0000000000e+00 -5.8423476050e+01
    4.3985802960e+01 -1.0000000000e+00 -1.0023000900e+02
    6.1212004420e+01 -1.0000000000e+00 -1.7221205820e+02
    8.4737525780e+01 -1.0000000000e+00 -2.9637652460e+02
    1.1647513950e+02 -1.0000000000e+00 -5.1087130700e+02
    2.9854975750e+00 -1.0000000000e+00 0.0000000000e+00
    2.9854975750e+00 -1.0000000000e+00 -8.5133308460e-06
    2.9854975750e+00 -1.0000000000e+00 -2.3325548290e-05
    2.9854975750e+00 -1.0000000000e+00 -4.9096537400e-05
    2.9854975750e+00 -1.0000000000e+00 -9.3933132840e-05
    2.9854975750e+00 -1.0000000000e+00 -1.7193855540e-04
    2.9854975750e+00 -1.0000000000e+00 -3.0764725290e-04
    2.9854975770e+00 -1.0000000000e+00 -5.4373932130e-04
    2.9854975810e+00 -1.0000000000e+00 -9.5445951490e-04
    2.9854975970e+00 -1.0000000000e+00 -1.6689587950e-03
    2.9854976500e+00 -1.0000000000e+00 -2.9118948430e-03
    2.9854978330e+00 -1.0000000000e+00 -5.0740519350e-03
    2.9854984470e+00 -1.0000000000e+00 -8.8351745040e-03
    2.9855004850e+00 -1.0000000000e+00 -1.5377617620e-02
    2.9855071940e+00 -1.0000000000e+00 -2.6757959550e-02
    2.9855291200e+00 -1.0000000000e+00 -4.6553373900e-02
    2.9856003510e+00 -1.0000000000e+00 -8.0985961640e-02
    2.9858306120e+00 -1.0000000000e+00 -1.4087872120e-01
    2.9865721910e+00 -1.0000000000e+00 -2.4505919250e-01
    2.9889571910e+00 -1.0000000000e+00 -4.2629242230e-01
    2.9966656710e+00 -1.0000000000e+00 -7.4166609790e-01
    3.0387607770e+00 -1.0000000000e+00 -1.2993879890e+00
    4.0546395370e+00 -1.0000000000e+00 -2.3090441850e+00
    5.6586364640e+00 -1.0000000000e+00 -4.0102778040e+00
    7.9104439580e+00 -1.0000000000e+00 -6.8990278670e+00
    1.1070988030e+01 -1.0000000000e+00 -1.1804821320e+01
    1.5501234740e+01 -1.0000000000e+00 -2.0154994230e+01
    2.1686817170e+01 -1.0000000000e+00 -3.4411318590e+01
    3.0276970710e+01 -1.0000000000e+00 -5.8819724070e+01
    4.2119901270e+01 -1.0000000000e+00 -1.0072070010e+02
    5.8289511620e+01 -1.0000000000e+00 -1.7282104560e+02
    8.0076387060e+01 -1.0000000000e+00 -2.9713510120e+02
    1.0888135850e+02 -1.0000000000e+00 -5.1181766750e+02
    2.2921244310e+00 -1.0000000000e+00 0.0000000000e+00
    2.2921244310e+00 -1.0000000000e+00 -8.5253293850e-06
    2.2921244310e+00 -1.0000000000e+00 -2.3396966710e-05
    2.2921244310e+00 -1.0000000000e+00 -4.9337770550e-05
    2.2921244310e+00 -1.0000000000e+00 -9.4584316600e-05
    2.2921244320e+00 -1.0000000000e+00 -1.7350032780e-04
    2.2921244320e+00 -1.0000000000e+00 -3.1113341210e-04
    2.2921244350e+00 -1.0000000000e+00 -5.5115976160e-04
    2.2921244460e+00 -1.0000000000e+00 -9.6973517220e-04
    2.2921244830e+00 -1.0000000000e+00 -1.6996422820e-03
    2.2921246120e+00 -1.0000000000e+00 -2.9723860740e-03
    2.2921250510e+00 -1.0000000000e+00 -5.1915755840e-03
    2.2921265280e+00 -1.0000000000e+00 -9.0608402460e-03
    2.2921314410e+00 -1.0000000000e+00 -1.5806803800e-02
    2.2921476500e+00 -1.0000000000e+00 -2.7567752600e-02
    2.2922007500e+00 -1.0000000000e+00 -4.8071150780e-02
    2.2923736870e+00 -1.0000000000e+00 -8.3814843440e-02
    2.2929344570e+00 -1.0000000000e+00 -1.4612744980e-01
    2.2947497330e+00 -1.0000000000e+00 -2.5476776730e-01
    2.3006582430e+00 -1.0000000000e+00 -4.4425432560e-01
    2.3460997790e+00 -1.0000000000e+00 -7.8459742710e-01
    2.9167733010e+00 -1.0000000000e+00 -1.4022824010e+00
    3.9562825420e+00 -1.0000000000e+00 -2.4100546340e+00
    5.5079277870e+00 -1.0000000000e+00 -4.1377209030e+00
    7.6798669320e+00 -1.0000000000e+00 -7.0603216980e+00
    1.0719554420e+01 -1.0000000000e+00 -1.2007865230e+01
    1.4966959160e+01 -1.0000000000e+00 -2.0408185910e+01
    2.0873570920e+01 -1.0000000000e+00 -3.4724869280e+01
    2.9032959740e+01 -1.0000000000e+00 -5.9206072270e+01
    4.0199717590e+01 -1.0000000000e+00 -1.0119521800e+02
    5.5285505250e+01 -1.0000000000e+00 -1.7340272350e+02
    7.5292877500e+01 -1.0000000000e+00 -2.9784617840e+02
    1.0110405460e+02 -1.0000000000e+00 -5.1267948560e+02
    1.8386213750e+00 -1.0000000000e+00 0.0000000000e+00
    1.8386213750e+00 -1.0000000000e+00 -8.5436742790e-06
    1.8386213750e+00 -1.0000000000e+00 -2.3506160280e-05
    1.8386213750e+00 -1.0000000000e+00 -4.9706598460e-05
    1.8386213760e+00 -1.0000000000e+00 -9.5579929140e-05
    1.8386213760e+00 -1.0000000000e+00 -1.7588816410e-04
    1.8386213780e+00 -1.0000000000e+00 -3.1646349560e-04
    1.8386213850e+00 -1.0000000000e+00 -5.6250507450e-04
    1.8386214100e+00 -1.0000000000e+00 -9.9309054060e-04
    1.8386215000e+00 -1.0000000000e+00 -1.7465551060e-03
    1.8386218120e+00 -1.0000000000e+00 -3.0648728060e-03
    1.8386228790e+00 -1.0000000000e+00 -5.3712609730e-03
    1.8386264790e+00 -1.0000000000e+00 -9.4058685510e-03
    1.8386384960e+00 -1.0000000000e+00 -1.6463009530e-02
    1.8386782750e+00 -1.0000000000e+00 -2.8805936520e-02
    1.8388090360e+00 -1.0000000000e+00 -5.0392141420e-02
    1.8392366680e+00 -1.0000000000e+00 -8.8142528520e-02
    1.8406323970e+00 -1.0000000000e+00 -1.5416761280e-01
    1.8452178390e+00 -1.0000000000e+00 -2.6970519780e-01
    1.8924764920e+00 -1.0000000000e+00 -4.8035681520e-01
    2.2646342750e+00 -1.0000000000e+00 -8.6163210220e-01
    2.8133561830e+00 -1.0000000000e+00 -1.4943509480e+00
    3.8534881530e+00 -1.0000000000e+00 -2.5110591520e+00
    5.3512273060e+00 -1.0000000000e+00 -4.2638192190e+00
    7.4408989520e+00 -1.0000000000e+00 -7.2195811110e+00
    1.0356192860e+01 -1.0000000000e+00 -1.2207773730e+01
    1.4415319000e+01 -1.0000000000e+00 -2.0656739820e+01
    2.0034742350e+01 -1.0000000000e+00 -3.5031353560e+01
    2.7750815780e+01 -1.0000000000e+00 -5.9581369030e+01
    3.8222274760e+01 -1.0000000000e+00 -1.0165189180e+02
    5.2195291880e+01 -1.0000000000e+00 -1.7395460930e+02
    7.0379700670e+01 -1.0000000000e+00 -2.9850597500e+02
    9.3132095370e+01 -1.0000000000e+00 -5.1345086320e+02
    1.5420061640e+00 -1.0000000000e+00 0.0000000000e+00
    1.5420061640e+00 -1.0000000000e+00 -8.5717222840e-06
    1.5420061640e+00 -1.0000000000e+00 -2.3673109300e-05
    1.5420061640e+00 -1.0000000000e+00 -5.0270509480e-05
    1.5420061640e+00 -1.0000000000e+00 -9.7102148200e-05
    1.5420061650e+00 -1.0000000000e+00 -1.7953899180e-04
    1.5420061700e+00 -1.0000000000e+00 -3.2461280530e-04
    1.5420061870e+00 -1.0000000000e+00 -5.7985123240e-04
    1.5420062480e+00 -1.0000000000e+00 -1.0287992030e-03
    1.5420064690e+00 -1.0000000000e+00 -1.8182814330e-03
    1.5420072370e+00 -1.0000000000e+00 -3.2062785170e-03
    1.5420098770e+00 -1.0000000000e+00 -5.6459883710e-03
    1.5420188210e+00 -1.0000000000e+00 -9.9334014370e-03
    1.5420488190e+00 -1.0000000000e+00 -1.7466361460e-02
    1.5421485840e+00 -1.0000000000e+00 -3.0699408550e-02
    1.5424783480e+00 -1.0000000000e+00 -5.3943094260e-02
    1.5435658570e+00 -1.0000000000e+00 -9.4773524340e-02
    1.5471823160e+00 -1.0000000000e+00 -1.6655024810e-01
    1.5911332420e+00 -1.0000000000e+00 -2.9946896500e-01
    1.8333467510e+00 -1.0000000000e+00 -5.3949448570e-01
    2.1810380050e+00 -1.0000000000e+00 -9.3464874880e-01
    2.7188465730e+00 -1.0000000000e+00 -1.5824612390e+00
    3.7457541690e+00 -1.0000000000e+00 -2.6122621250e+00
    5.1882993850e+00 -1.0000000000e+00 -4.3883398140e+00
    7.1932061360e+00 -1.0000000000e+00 -7.3764637380e+00
    9.9804168910e+00 -1.0000000000e+00 -1.2404058560e+01
    1.3845527080e+01 -1.0000000000e+00 -2.0900004080e+01
    1.9169080060e+01 -1.0000000000e+00 -3.5329860800e+01
    2.6428536910e+01 -1.0000000000e+00 -5.9944318250e+01
    3.6184369160e+01 -1.0000000000e+00 -1.0208883920e+02
    4.9013783580e+01 -1.0000000000e+00 -1.7447390670e+02
    6.5328895420e+01 -1.0000000000e+00 -2.9911023940e+02
    8.4953271480e+01 -1.0000000000e+00 -5.1412518690e+02
    1.3480039790e+00 -1.0000000000e+00 0.0000000000e+00
    1.3480039790e+00 -1.0000000000e+00 -8.6146056430e-06
    1.3480039790e+00 -1.0000000000e+00 -2.3928362180e-05
    1.3480039790e+00 -1.0000000000e+00 -5.1132688350e-05
    1.3480039800e+00 -1.0000000000e+00 -9.9429510290e-05
    1.3480039820e+00 -1.0000000000e+00 -1.8512084150e-04
    1.3480039930e+00 -1.0000000000e+00 -3.3707250660e-04
    1.3480040350e+00 -1.0000000000e+00 -6.0637224800e-04
    1.3480041880e+00 -1.0000000000e+00 -1.0833951740e-03
    1.3480047390e+00 -1.0000000000e+00 -1.9279459510e-03
    1.3480066750e+00 -1.0000000000e+00 -3.4224788320e-03
    1.3480133630e+00 -1.0000000000e+00 -6.0660350320e-03
    1.3480361680e+00 -1.0000000000e+00 -1.0740015650e-02
    1.3481131340e+00 -1.0000000000e+00 -1.9000762200e-02
    1.3483709590e+00 -1.0000000000e+00 -3.3596580730e-02
    1.3492323820e+00 -1.0000000000e+00 -5.9385995500e-02
    1.3521425600e+00 -1.0000000000e+00 -1.0500077940e-01
    1.3897208620e+00 -1.0000000000e+00 -1.9100191490e-01
    1.5463470860e+00 -1.0000000000e+00 -3.4525417280e-01
    1.7696226420e+00 -1.0000000000e+00 -5.9638463160e-01
    2.0918236360e+00 -1.0000000000e+00 -1.0051323620e+00
    2.6355193790e+00 -1.0000000000e+00 -1.6655719140e+00
    3.6327363830e+00 -1.0000000000e+00 -2.7135930780e+00
    5.0188881290e+00 -1.0000000000e+00 -4.5110463900e+00
    6.9364447160e+00 -1.0000000000e+00 -7.5305896550e+00
    9.5917166030e+00 -1.0000000000e+00 -1.2596184720e+01
    1.3256761100e+01 -1.0000000000e+00 -2.1137247440e+01
    1.8275261140e+01 -1.0000000000e+00 -3.5619367320e+01
    2.5063987410e+01 -1.0000000000e+00 -6.0293458700e+01
    3.4082553320e+01 -1.0000000000e+00 -1.0250393420e+02
    4.5735460930e+01 -1.0000000000e+00 -1.7495745730e+02
    6.0131763350e+01 -1.0000000000e+00 -2.9965417550e+02
    7.6554165530e+01 -1.0000000000e+00 -5.1469501460e+02
    1.2211161920e+00 -1.0000000000e+00 0.0000000000e+00
    1.2211161920e+00 -1.0000000000e+00 -8.6801711740e-06
    1.2211161920e+00 -1.0000000000e+00 -2.4318625250e-05
    1.2211161920e+00 -1.0000000000e+00 -5.2450897070e-05
    1.2211161940e+00 -1.0000000000e+00 -1.0298787740e-04
    1.2211162000e+00 -1.0000000000e+00 -1.9365508350e-04
    1.2211162270e+00 -1.0000000000e+00 -3.5612248500e-04
    1.2211163320e+00 -1.0000000000e+00 -6.4692096900e-04
    1.2211167240e+00 -1.0000000000e+00 -1.1668685860e-03
    1.2211181420e+00 -1.0000000000e+00 -2.0956160860e-03
    1.2211231620e+00 -1.0000000000e+00 -3.7530407800e-03
    1.2211406500e+00 -1.0000000000e+00 -6.7083054890e-03
    1.2212007690e+00 -1.0000000000e+00 -1.1973595980e-02
    1.2214055460e+00 -1.0000000000e+00 -2.1348854870e-02
    1.2221009760e+00 -1.0000000000e+00 -3.8039724160e-02
    1.2244993500e+00 -1.0000000000e+00 -6.7798820580e-02
    1.2547585930e+00 -1.0000000000e+00 -1.2500493560e-01
    1.3549280350e+00 -1.0000000000e+00 -2.2624319710e-01
    1.4971162960e+00 -1.0000000000e+00 -3.8906108470e-01
    1.7008454110e+00 -1.0000000000e+00 -6.5073495680e-01
    1.9972479520e+00 -1.0000000000e+00 -1.0724747740e+00
    2.5551461810e+00 -1.0000000000e+00 -1.7452862430e+00
    3.5142023180e+00 -1.0000000000e+00 -2.8146510010e+00
    4.8427012260e+00 -1.0000000000e+00 -4.6317185090e+00
    6.6702616930e+00 -1.0000000000e+00 -7.6815378490e+00
    9.1895538000e+00 -1.0000000000e+00 -1.2783570340e+01
    1.2648165580e+01 -1.0000000000e+00 -2.1367648620e+01
    1.7351889620e+01 -1.0000000000e+00 -3.5898721030e+01
    2.3654890960e+01 -1.0000000000e+00 -6.0627140140e+01
    3.1913118250e+01 -1.0000000000e+00 -1.0289477060e+02
    4.2354333440e+01 -1.0000000000e+00 -1.7540168350e+02
    5.4778788820e+01 -1.0000000000e+00 -3.0013235410e+02
    6.7920003220e+01 -1.0000000000e+00 -5.1515194080e+02
    1.1381248050e+00 -1.0000000000e+00 0.0000000000e+00
    1.1381248050e+00 -1.0000000000e+00 -8.7804160960e-06
    1.1381248050e+00 -1.0000000000e+00 -2.4915309050e-05
    1.1381248050e+00 -1.0000000000e+00 -5.4466342190e-05
    1.1381248090e+00 -1.0000000000e+00 -1.0842836180e-04
    1.1381248260e+00 -1.0000000000e+00 -2.0670331940e-04
    1.1381248960e+00 -1.0000000000e+00 -3.8524852820e-04
    1.1381251690e+00 -1.0000000000e+00 -7.0891712390e-04
    1.1381262000e+00 -1.0000000000e+00 -1.2944942340e-03
    1.1381299760e+00 -1.0000000000e+00 -2.3519779490e-03
    1.1381434870e+00 -1.0000000000e+00 -4.2584911080e-03
    1.1381910260e+00 -1.0000000000e+00 -7.6905980090e-03
    1.1383563320e+00 -1.0000000000e+00 -1.3861706000e-02
    1.1389292020e+00 -1.0000000000e+00 -2.4952615530e-02
    1.1409594570e+00 -1.0000000000e+00 -4.4929250860e-02
    1.1641844450e+00 -1.0000000000e+00 -8.4035111620e-02
    1.2270618120e+00 -1.0000000000e+00 -1.5182541850e-01
    1.3162037950e+00 -1.0000000000e+00 -2.5950529770e-01
    1.4434604780e+00 -1.0000000000e+00 -4.3031191690e-01
    1.6272246620e+00 -1.0000000000e+00 -7.0191172250e-01
    1.8979363990e+00 -1.0000000000e+00 -1.1360859130e+00
    2.4725413670e+00 -1.0000000000e+00 -1.8228808330e+00
    3.3900086110e+00 -1.0000000000e+00 -2.9147875120e+00
    4.6593846320e+00 -1.0000000000e+00 -4.7501782660e+00
    6.3942950430e+00 -1.0000000000e+00 -7.8288430600e+00
    8.7733610400e+00 -1.0000000000e+00 -1.2965580990e+01
    1.2018854730e+01 -1.0000000000e+00 -2.1590284570e+01
    1.6397496110e+01 -1.0000000000e+00 -3.6166623860e+01
    2.2198824810e+01 -1.0000000000e+00 -6.0943495850e+01
    2.9672076010e+01 -1.0000000000e+00 -1.0325861850e+02
    3.8863898130e+01 -1.0000000000e+00 -1.7580252020e+02
    4.9259551510e+01 -1.0000000000e+00 -3.0053860870e+02
    5.9034485870e+01 -1.0000000000e+00 -5.1548643490e+02
    1.0838440060e+00 -1.0000000000e+00 0.0000000000e+00
    1.0838440060e+00 -1.0000000000e+00 -8.9336832810e-06
    1.0838440070e+00 -1.0000000000e+00 -2.5827595140e-05
    1.0838440080e+00 -1.0000000000e+00 -5.7547811050e-05
    1.0838440180e+00 -1.0000000000e+00 -1.1674646700e-04
    1.0838440620e+00 -1.0000000000e+00 -2.2665313060e-04
    1.0838442470e+00 -1.0000000000e+00 -4.2978020880e-04
    1.0838449860e+00 -1.0000000000e+00 -8.0370542370e-04
    1.0838478130e+00 -1.0000000000e+00 -1.4896300280e-03
    1.0838582920e+00 -1.0000000000e+00 -2.7439773370e-03
    1.0838962520e+00 -1.0000000000e+00 -5.0315790210e-03
    1.0840316540e+00 -1.0000000000e+00 -9.1944771000e-03
    1.0845127770e+00 -1.0000000000e+00 -1.6762541800e-02
    1.0862817060e+00 -1.0000000000e+00 -3.0567911970e-02
    1.1032906630e+00 -1.0000000000e+00 -5.7936147730e-02
    1.1415525670e+00 -1.0000000000e+00 -1.0410415120e-01
    1.1959661940e+00 -1.0000000000e+00 -1.7660166620e-01
    1.2736852440e+00 -1.0000000000e+00 -2.9017304670e-01
    1.3856235710e+00 -1.0000000000e+00 -4.6836658870e-01
    1.5491514510e+00 -1.0000000000e+00 -7.4927940130e-01
    1.7971265630e+00 -1.0000000000e+00 -1.1957660270e+00
    2.3862790990e+00 -1.0000000000e+00 -1.8985079380e+00
    3.2600671250e+00 -1.0000000000e+00 -3.0132710170e+00
    4.4684950320e+00 -1.0000000000e+00 -4.8663104400e+00
    6.1081723230e+00 -1.0000000000e+00 -7.9719939900e+00
    8.3425457090e+00 -1.0000000000e+00 -1.3141517890e+01
    1.1367915240e+01 -1.0000000000e+00 -2.1804118340e+01
    1.5410538970e+01 -1.0000000000e+00 -3.6421611720e+01
    2.0693215360e+01 -1.0000000000e+00 -6.1240410980e+01
    2.7355143210e+01 -1.0000000000e+00 -1.0359237370e+02
    3.5257096840e+01 -1.0000000000e+00 -1.7615533600e+02
    4.3562631970e+01 -1.0000000000e+00 -3.0086590970e+02
    4.9879602820e+01 -1.0000000000e+00 -5.1568764660e+02
    1.0483414660e+00 -1.0000000000e+00 0.0000000000e+00
    1.0483414660e+00 -1.0000000000e+00 -9.1680176450e-06
    1.0483414670e+00 -1.0000000000e+00 -2.7222414140e-05
    1.0483414710e+00 -1.0000000000e+00 -6.2259152840e-05
    1.0483414960e+00 -1.0000000000e+00 -1.2946424860e-04
    1.0483416160e+00 -1.0000000000e+00 -2.5715499200e-04
    1.0483421300e+00 -1.0000000000e+00 -4.9786641980e-04
    1.0483442150e+00 -1.0000000000e+00 -9.4863429760e-04
    1.0483523110e+00 -1.0000000000e+00 -1.7880143740e-03
    1.0483827500e+00 -1.0000000000e+00 -3.3435886990e-03
    1.0484947930e+00 -1.0000000000e+00 -6.2155703250e-03
    1.0489053920e+00 -1.0000000000e+00 -1.1508361320e-02
    1.0504955990e+00 -1.0000000000e+00 -2.1317880430e-02
    1.0622081930e+00 -1.0000000000e+00 -4.0750235000e-02
    1.0842998100e+00 -1.0000000000e+00 -7.2537127300e-02
    1.1160493340e+00 -1.0000000000e+00 -1.2201980390e-01
    1.1617067430e+00 -1.0000000000e+00 -1.9871973780e-01
    1.2276894930e+00 -1.0000000000e+00 -3.1761917790e-01
    1.3240312350e+00 -1.0000000000e+00 -5.0259834130e-01
    1.4672170460e+00 -1.0000000000e+00 -7.9224539850e-01
    1.7104256210e+00 -1.0000000000e+00 -1.2524855010e+00
    2.2960706660e+00 -1.0000000000e+00 -1.9719446840e+00
    3.1243125110e+00 -1.0000000000e+00 -3.1094099780e+00
    4.2694913480e+00 -1.0000000000e+00 -4.9800458770e+00
    5.8115051530e+00 -1.0000000000e+00 -8.1104347700e+00
    7.8964977880e+00 -1.0000000000e+00 -1.3310602320e+01
    1.0694408150e+01 -1.0000000000e+00 -2.2007987200e+01
    1.4389407850e+01 -1.0000000000e+00 -3.6662031630e+01
    1.9135336010e+01 -1.0000000000e+00 -6.1515486090e+01
    2.4957726530e+01 -1.0000000000e+00 -1.0389249940e+02
    3.1526273780e+01 -1.0000000000e+00 -1.7645483840e+02
    3.7675511060e+01 -1.0000000000e+00 -3.0110621610e+02
    4.0435422890e+01 -1.0000000000e+00 -5.1574317300e+02
    1.0251209090e+00 -1.0000000000e+00 0.0000000000e+00
    1.0251209090e+00 -1.0000000000e+00 -9.5262978210e-06
    1.0251209110e+00 -1.0000000000e+00 -2.9354990870e-05
    1.0251209230e+00 -1.0000000000e+00 -6.9462453180e-05
    1.0251209930e+00 -1.0000000000e+00 -1.4890883970e-04
    1.0251213320e+00 -1.0000000000e+00 -3.0379046020e-04
    1.0251228230e+00 -1.0000000000e+00 -6.0196869000e-04
    1.0251289760e+00 -1.0000000000e+00 -1.1702502870e-03
    1.0251532540e+00 -1.0000000000e+00 -2.2444712330e-03
    1.0252462200e+00 -1.0000000000e+00 -4.2622938660e-03
    1.0256002100e+00 -1.0000000000e+00 -8.0409091550e-03
    1.0270933030e+00 -1.0000000000e+00 -1.5194574500e-02
    1.0342748050e+00 -1.0000000000e+00 -2.8918614570e-02
    1.0458941120e+00 -1.0000000000e+00 -5.0827967250e-02
    1.0629947830e+00 -1.0000000000e+00 -8.4836450580e-02
    1.0880353180e+00 -1.0000000000e+00 -1.3719213030e-01
    1.1247055040e+00 -1.0000000000e+00 -2.1758969460e-01
    1.1787193580e+00 -1.0000000000e+00 -3.4125870170e-01
    1.2592956510e+00 -1.0000000000e+00 -5.3244463920e-01
    1.3822160050e+00 -1.0000000000e+00 -8.3031425320e-01
    1.6423605770e+00 -1.0000000000e+00 -1.3053779370e+00
    2.2018537610e+00 -1.0000000000e+00 -2.0428866800e+00
    2.9826861660e+00 -1.0000000000e+00 -3.2025883190e+00
    4.0617757050e+00 -1.0000000000e+00 -5.0912755980e+00
    5.5038752500e+00 -1.0000000000e+00 -8.2435723870e+00
    7.4345984810e+00 -1.0000000000e+00 -1.3471960220e+01
    9.9973689720e+00 -1.0000000000e+00 -2.2200591070e+01
    1.3332430040e+01 -1.0000000000e+00 -3.6886015940e+01
    1.7522308130e+01 -1.0000000000e+00 -6.1765995420e+01
    2.2474911590e+01 -1.0000000000e+00 -1.0415495750e+02
    2.7663135100e+01 -1.0000000000e+00 -1.7669496300e+02
    3.1584465620e+01 -1.0000000000e+00 -3.0125029640e+02
    3.0679865690e+01 -1.0000000000e+00 -5.1563877540e+02
    1.0099334250e+00 -1.0000000000e+00 0.0000000000e+00
    1.0099334260e+00 -1.0000000000e+00 -1.0074082120e-05
    1.0099334300e+00 -1.0000000000e+00 -3.2615545810e-05
    1.0099334640e+00 -1.0000000000e+00 -8.0475786680e-05
    1.0099336660e+00 -1.0000000000e+00 -1.7863839540e-04
    1.0099346720e+00 -1.0000000000e+00 -3.7509502870e-04
    1.0099391920e+00 -1.0000000000e+00 -7.6115728070e-04
    1.0099581840e+00 -1.0000000000e+00 -1.5093013810e-03
    1.0100346690e+00 -1.0000000000e+00 -2.9441949140e-03
    1.0103403670e+00 -1.0000000000e+00 -5.6824081290e-03
    1.0117646520e+00 -1.0000000000e+00 -1.1000624980e-02
    1.0149775680e+00 -1.0000000000e+00 -2.0278046810e-02
    1.0200541400e+00 -1.0000000000e+00 -3.5161372890e-02
    1.0279062130e+00 -1.0000000000e+00 -5.8448270720e-02
    1.0398932700e+00 -1.0000000000e+00 -9.4310077390e-02
    1.0580625060e+00 -1.0000000000e+00 -1.4910819990e-01
    1.0855659440e+00 -1.0000000000e+00 -2.3270878890e-01
    1.1274516190e+00 -1.0000000000e+00 -3.6060747910e-01
    1.1921966830e+00 -1.0000000000e+00 -5.5746209160e-01
    1.2951311550e+00 -1.0000000000e+00 -8.6314702500e-01
    1.5769451050e+00 -1.0000000000e+00 -1.3552254320e+00
    2.1036154650e+00 -1.0000000000e+00 -2.1110039130e+00
    2.8351366080e+00 -1.0000000000e+00 -3.2922437470e+00
    3.8447961730e+00 -1.0000000000e+00 -5.1996997410e+00
    5.1848068770e+00 -1.0000000000e+00 -8.3707920190e+00
    6.9562268560e+00 -1.0000000000e+00 -1.3624609730e+01
    9.2758069850e+00 -1.0000000000e+00 -2.2380480560e+01
    1.2237879960e+01 -1.0000000000e+00 -3.7091453630e+01
    1.5851106800e+01 -1.0000000000e+00 -6.1988839110e+01
    1.9901457270e+01 -1.0000000000e+00 -1.0437512940e+02
    2.3658713430e+01 -1.0000000000e+00 -1.7686874270e+02
    2.5274463730e+01 -1.0000000000e+00 -3.0128751610e+02
    2.0588454990e+01 -1.0000000000e+00 -5.1535803870e+02
    1.0000000000e+00 -1.0000000000e+00 0.0000000000e+00
    1.0000007690e+00 -1.0000000000e+00 -1.0895586150e-05
    1.0000026610e+00 -1.0000000000e+00 -3.7693978570e-05
    1.0000069700e+00 -1.0000000000e+00 -9.8621189840e-05
    1.0000164790e+00 -1.0000000000e+00 -2.3245333860e-04
    1.0000366810e+00 -1.0000000000e+00 -5.1266287540e-04
    1.0000767120e+00 -1.0000000000e+00 -1.0487376140e-03
    1.0001592040e+00 -1.0000000000e+00 -2.0895792630e-03
    1.0003272050e+00 -1.0000000000e+00 -4.0216735340e-03
    1.0006672180e+00 -1.0000000000e+00 -7.4800389150e-03
    1.0013382590e+00 -1.0000000000e+00 -1.3420115370e-02
    1.0026099500e+00 -1.0000000000e+00 -2.3224132100e-02
    1.0049132120e+00 -1.0000000000e+00 -3.8872003780e-02
    1.0089204380e+00 -1.0000000000e+00 -6.3238023550e-02
    1.0156797290e+00 -1.0000000000e+00 -1.0058832020e-01
    1.0268378070e+00 -1.0000000000e+00 -1.5740276020e-01
    1.0450360630e+00 -1.0000000000e+00 -2.4372364560e-01
    1.0746957720e+00 -1.0000000000e+00 -3.7533693330e-01
    1.1236381290e+00 -1.0000000000e+00 -5.7737589670e-01
    1.2071844590e+00 -1.0000000000e+00 -8.9065534040e-01
    1.5094855210e+00 -1.0000000000e+00 -1.4025328650e+00
    2.0013690510e+00 -1.0000000000e+00 -2.1759493650e+00
    2.6816283170e+00 -1.0000000000e+00 -3.3778326300e+00
    3.6181726910e+00 -1.0000000000e+00 -5.3046848380e+00
    4.8537245700e+00 -1.0000000000e+00 -8.4914772230e+00
    6.4607619450e+00 -1.0000000000e+00 -1.3767452930e+01
    8.5287057740e+00 -1.0000000000e+00 -2.2546042650e+01
    1.1103991550e+01 -1.0000000000e+00 -3.7275958920e+01
    1.4118572750e+01 -1.0000000000e+00 -6.2180488930e+01
    1.7231797940e+01 -1.0000000000e+00 -1.0454772440e+02
    1.9503341580e+01 -1.0000000000e+00 -1.7696815380e+02
    1.8729065420e+01 -1.0000000000e+00 -3.0120558340e+02
    1.0134060090e+01 -1.0000000000e+00 -5.1488195790e+02
    9.9086655640e-01 -1.0000000000e+00 -1.2884187510e-03
    9.9086798900e-01 -1.0000000000e+00 -1.2986341120e-03
    9.9087128220e-01 -1.0000000000e+00 -1.3221407060e-03
    9.9087837250e-01 -1.0000000000e+00 -1.3729224550e-03
    9.9089296290e-01 -1.0000000000e+00 -1.4783212720e-03
    9.9092184260e-01 -1.0000000000e+00 -1.6911305130e-03
    9.9097654010e-01 -1.0000000000e+00 -2.1123357940e-03
    9.9107329720e-01 -1.0000000000e+00 -2.9339491040e-03
    9.9122133110e-01 -1.0000000000e+00 -4.5208421660e-03
    9.9135392600e-01 -1.0000000000e+00 -7.5758226840e-03
    9.9093733420e-01 -1.0000000000e+00 -1.3547779690e-02
    9.9018363220e-01 -1.0000000000e+00 -2.3728586850e-02
    9.8962675680e-01 -1.0000000000e+00 -3.9917266320e-02
    9.8969491750e-01 -1.0000000000e+00 -6.5058436860e-02
    9.9112007540e-01 -1.0000000000e+00 -1.0351839430e-01
    9.9515087870e-01 -1.0000000000e+00 -1.6191232790e-01
    1.0039411750e+00 -1.0000000000e+00 -2.5047557720e-01
    1.0213280900e+00 -1.0000000000e+00 -3.8531181180e-01
    1.0545842590e+00 -1.0000000000e+00 -5.9211365320e-01
    1.1228687840e+00 -1.0000000000e+00 -9.1445701390e-01
    1.4395154070e+00 -1.0000000000e+00 -1.4471542490e+00
    1.8951532970e+00 -1.0000000000e+00 -2.2373616120e+00
    2.5221521230e+00 -1.0000000000e+00 -3.4588038380e+00
    3.3817696140e+00 -1.0000000000e+00 -5.4052336050e+00
    4.5099087230e+00 -1.0000000000e+00 -8.6050205440e+00
    5.9475766790e+00 -1.0000000000e+00 -1.3899272180e+01
    7.7550283610e+00 -1.0000000000e+00 -2.2695482180e+01
    9.9289726360e+00 -1.0000000000e+00 -3.7436837790e+01
    1.2321432500e+01 -1.0000000000e+00 -6.2336927130e+01
    1.4460057270e+01 -1.0000000000e+00 -1.0466667420e+02
    1.5186640900e+01 -1.0000000000e+00 -1.7698393700e+02
    1.1930337400e+01 -1.0000000000e+00 -3.0099024710e+02
    -7.1336449530e-01 -1.0000000000e+00 -5.1418843910e+02
    9.7879540100e-01 -1.0000000000e+00 -2.9688690270e-03
    9.7879675260e-01 -1.0000000000e+00 -2.9786519150e-03
    9.7879970160e-01 -1.0000000000e+00 -3.0000088730e-03
    9.7880585260e-01 -1.0000000000e+00 -3.0446410700e-03
    9.7881826980e-01 -1.0000000000e+00 -3.1351810550e-03
    9.7884264810e-01 -1.0000000000e+00 -3.3149392230e-03
    9.7888911880e-01 -1.0000000000e+00 -3.6661032910e-03
    9.7897418340e-01 -1.0000000000e+00 -4.3436739250e-03
    9.7911908070e-01 -1.0000000000e+00 -5.6390024310e-03
    9.7932751630e-01 -1.0000000000e+00 -8.1009921160e-03
    9.7946505160e-01 -1.0000000000e+00 -1.2783745430e-02
    9.7841738860e-01 -1.0000000000e+00 -2.1974252150e-02
    9.7492308940e-01 -1.0000000000e+00 -3.8427849870e-02
    9.7095321550e-01 -1.0000000000e+00 -6.4014027310e-02
    9.6695721090e-01 -1.0000000000e+00 -1.0318004500e-01
    9.6378062990e-01 -1.0000000000e+00 -1.6269479550e-01
    9.6309993100e-01 -1.0000000000e+00 -2.5301581630e-01
    9.6821443050e-01 -1.0000000000e+00 -3.9060162600e-01
    9.8598761610e-01 -1.0000000000e+00 -6.0181637720e-01
    1.0610674570e+00 -1.0000000000e+00 -9.4092748240e-01
    1.3670708270e+00 -1.0000000000e+00 -1.4888678490e+00
    1.7850341880e+00 -1.0000000000e+00 -2.2948671410e+00
    2.3567340860e+00 -1.0000000000e+00 -3.5345852770e+00
    3.1356710970e+00 -1.0000000000e+00 -5.5000970810e+00
    4.1524853160e+00 -1.0000000000e+00 -8.7107961830e+00
    5.4160174920e+00 -1.0000000000e+00 -1.4018731940e+01
    6.9537286440e+00 -1.0000000000e+00 -2.2826798480e+01
    8.7110205040e+00 -1.0000000000e+00 -3.7571052600e+01
    1.0456328530e+01 -1.0000000000e+00 -6.2453578210e+01
    1.1580077920e+01 -1.0000000000e+00 -1.0472501330e+02
    1.0697532110e+01 -1.0000000000e+00 -1.7690538760e+02
    4.8587946120e+00 -1.0000000000e+00 -3.0062493810e+02
    -1.1987023220e+01 -1.0000000000e+00 -5.1325169730e+02
    9.6295252970e-01 -1.0000000000e+00 -5.1367166160e-03
    9.6295381210e-01 -1.0000000000e+00 -5.1461807480e-03
    9.6295648990e-01 -1.0000000000e+00 -5.1659493590e-03
    9.6296191400e-01 -1.0000000000e+00 -5.2060357090e-03
    9.6297264850e-01 -1.0000000000e+00 -5.2855916840e-03
    9.6299347380e-01 -1.0000000000e+00 -5.4409266770e-03
    9.6303306540e-01 -1.0000000000e+00 -5.7403871550e-03
    9.6310643020e-01 -1.0000000000e+00 -6.3118976940e-03
    9.6323696770e-01 -1.0000000000e+00 -7.3939483750e-03
    9.6345156650e-01 -1.0000000000e+00 -9.4305883150e-03
    9.6373956110e-01 -1.0000000000e+00 -1.3252674830e-02
    9.6383999920e-01 -1.0000000000e+00 -2.0455407530e-02
    9.6131562640e-01 -1.0000000000e+00 -3.4765545200e-02
    9.5328875890e-01 -1.0000000000e+00 -6.0407370180e-02
    9.4382161780e-01 -1.0000000000e+00 -9.9850218350e-02
    9.3340747710e-01 -1.0000000000e+00 -1.6000588300e-01
    9.2324427810e-01 -1.0000000000e+00 -2.5158705400e-01
    9.1613838270e-01 -1.0000000000e+00 -3.9146385570e-01
    9.1872199660e-01 -1.0000000000e+00 -6.0682540040e-01
    1.0117552590e+00 -1.0000000000e+00 -9.6680801260e-01
    1.2922457390e+00 -1.0000000000e+00 -1.5274485350e+00
    1.6711065450e+00 -1.0000000000e+00 -2.3480828970e+00
    2.1854423840e+00 -1.0000000000e+00 -3.6045794870e+00
    2.8800937740e+00 -1.0000000000e+00 -5.5879447600e+00
    3.7805034830e+00 -1.0000000000e+00 -8.8080649420e+00
    4.8653620860e+00 -1.0000000000e+00 -1.4124385720e+01
    6.1237670840e+00 -1.0000000000e+00 -2.2937758650e+01
    7.4483385530e+00 -1.0000000000e+00 -3.7675184620e+01
    8.5198605880e+00 -1.0000000000e+00 -6.2525234160e+01
    8.5854724660e+00 -1.0000000000e+00 -1.0471474300e+02
    6.0242786720e+00 -1.0000000000e+00 -1.7672011530e+02
    -2.5066137190e+00 -1.0000000000e+00 -3.0009034820e+02
    -2.3723479790e+01 -1.0000000000e+00 -5.1204153340e+02
    9.4234888320e-01 -1.0000000000e+00 -7.8941016450e-03
    9.4235010310e-01 -1.0000000000e+00 -7.9033316770e-03
    9.4235256060e-01 -1.0000000000e+00 -7.9219290180e-03
    9.4235741130e-01 -1.0000000000e+00 -7.9586604990e-03
    9.4236683100e-01 -1.0000000000e+00 -8.0301082090e-03
    9.4238486620e-01 -1.0000000000e+00 -8.1674156580e-03
    9.4241891280e-01 -1.0000000000e+00 -8.4287304300e-03
    9.4248211210e-01 -1.0000000000e+00 -8.9220911420e-03
    9.4259657200e-01 -1.0000000000e+00 -9.8474725900e-03
    9.4279512680e-01 -1.0000000000e+00 -1.1574149180e-02
    9.4310988540e-01 -1.0000000000e+00 -1.4784291230e-02
    9.4349717050e-01 -1.0000000000e+00 -2.0747662970e-02
    9.4345317250e-01 -1.0000000000e+00 -3.1911185720e-02
    9.3710278040e-01 -1.0000000000e+00 -5.4665605420e-02
    9.2217946370e-01 -1.0000000000e+00 -9.3935989490e-02
    9.0455706160e-01 -1.0000000000e+00 -1.5424188940e-01
    8.8496237280e-01 -1.0000000000e+00 -2.4657810950e-01
    8.6574824410e-01 -1.0000000000e+00 -3.8830476760e-01
    8.5353337430e-01 -1.0000000000e+00 -6.0765070160e-01
    9.6261150790e-01 -1.0000000000e+00 -9.9047038930e-01
    1.2151534210e+00 -1.0000000000e+00 -1.5626740800e+00
    1.5534953320e+00 -1.0000000000e+00 -2.3966190380e+00
    2.0083927290e+00 -1.0000000000e+00 -3.6681642650e+00
    2.6153068400e+00 -1.0000000000e+00 -5.6674850730e+00
    3.3931304210e+00 -1.0000000000e+00 -8.8958147060e+00
    4.2947545480e+00 -1.0000000000e+00 -1.4214682680e+01
    5.2641226260e+00 -1.0000000000e+00 -2.3025870920e+01
    6.1391556640e+00 -1.0000000000e+00 -3.7745393440e+01
    6.5086384090e+00 -1.0000000000e+00 -6.2545973710e+01
    5.4697016070e+00 -1.0000000000e+00 -1.0462668100e+02
    1.1545756980e+00 -1.0000000000e+00 -1.7641376990e+02
    -1.0188448930e+01 -1.0000000000e+00 -2.9936393980e+02
    -3.5962771610e+01 -1.0000000000e+00 -5.1052247330e+02
    9.1587075560e-01 -1.0000000000e+00 -1.1338941170e-02
    9.1587191570e-01 -1.0000000000e+00 -1.1348000270e-02
    9.1587418680e-01 -1.0000000000e+00 -1.1365736850e-02
    9.1587857230e-01 -1.0000000000e+00 -1.1399999590e-02
    9.1588694520e-01 -1.0000000000e+00 -1.1465477640e-02
    9.1590277040e-01 -1.0000000000e+00 -1.1589510290e-02
    9.1593238560e-01 -1.0000000000e+00 -1.1822740000e-02
    9.1598718010e-01 -1.0000000000e+00 -1.2258596740e-02
    9.1608698550e-01 -1.0000000000e+00 -1.3068873240e-02
    9.1626420440e-01 -1.0000000000e+00 -1.4568661390e-02
    9.1656416650e-01 -1.0000000000e+00 -1.7335229420e-02
    9.1702066680e-01 -1.0000000000e+00 -2.2428157020e-02
    9.1751768100e-01 -1.0000000000e+00 -3.1813078040e-02
    9.1705840370e-01 -1.0000000000e+00 -4.9319622490e-02
    9.0232123650e-01 -1.0000000000e+00 -8.5901620900e-02
    8.7758351030e-01 -1.0000000000e+00 -1.4587154940e-01
    8.4867419110e-01 -1.0000000000e+00 -2.3846539450e-01
    8.1752947650e-01 -1.0000000000e+00 -3.8162849910e-01
    7.9102336260e-01 -1.0000000000e+00 -6.0493825730e-01
    9.1239909930e-01 -1.0000000000e+00 -1.0117451410e+00
    1.1359229390e+00 -1.0000000000e+00 -1.5943267160e+00
    1.4323565730e+00 -1.0000000000e+00 -2.4400817730e+00
    1.8257527340e+00 -1.0000000000e+00 -3.7246957680e+00
    2.3415990070e+00 -1.0000000000e+00 -5.7375001220e+00
    2.9899083570e+00 -1.0000000000e+00 -8.9726056280e+00
    3.7031404750e+00 -1.0000000000e+00 -1.4287957840e+01
    4.3737866170e+00 -1.0000000000e+00 -2.3088361690e+01
    4.7817504160e+00 -1.0000000000e+00 -3.7777372150e+01
    4.4193450670e+00 -1.0000000000e+00 -6.2509076740e+01
    2.2261851050e+00 -1.0000000000e+00 -1.0445029630e+02
    -3.9243003970e+00 -1.0000000000e+00 -1.7596973390e+02
    -1.8210626900e+01 -1.0000000000e+00 -2.9841938100e+02
    -4.8748378430e+01 -1.0000000000e+00 -5.0865275370e+02
    8.8235913620e-01 -1.0000000000e+00 -1.5546856240e-02
    8.8236023620e-01 -1.0000000000e+00 -1.5555791710e-02
    8.8236234210e-01 -1.0000000000e+00 -1.5572899410e-02
    8.8236633650e-01 -1.0000000000e+00 -1.5605354750e-02
    8.8237385220e-01 -1.0000000000e+00 -1.5666458610e-02
    8.8238789230e-01 -1.0000000000e+00 -1.5780760390e-02
    8.8241393620e-01 -1.0000000000e+00 -1.5993400450e-02
    8.8246186720e-01 -1.0000000000e+00 -1.6387108530e-02
    8.8254917250e-01 -1.0000000000e+00 -1.7113077720e-02
    8.8270569010e-01 -1.0000000000e+00 -1.8446985080e-02
    8.8297855940e-01 -1.0000000000e+00 -2.0890698120e-02
    8.8342862380e-01 -1.0000000000e+00 -2.5357723660e-02
    8.8408001770e-01 -1.0000000000e+00 -3.3516477500e-02
    8.8465954850e-01 -1.0000000000e+00 -4.8459509510e-02
    8.8278722660e-01 -1.0000000000e+00 -7.6553732200e-02
    8.5268326200e-01 -1.0000000000e+00 -1.3537700990e-01
    8.1463710630e-01 -1.0000000000e+00 -2.2775635840e-01
    7.7180216360e-01 -1.0000000000e+00 -3.7198556890e-01
    7.3207379020e-01 -1.0000000000e+00 -5.9989236900e-01
    8.6111998000e-01 -1.0000000000e+00 -1.0305348040e+00
    1.0546982490e+00 -1.0000000000e+00 -1.6221941460e+00
    1.3078779020e+00 -1.0000000000e+00 -2.4780761720e+00
    1.6377455100e+00 -1.0000000000e+00 -3.7735128440e+00
    2.0592871810e+00 -1.0000000000e+00 -5.7968251000e+00
    2.5709332970e+00 -1.0000000000e+00 -9.0365288970e+00
    3.0892653880e+00 -1.0000000000e+00 -1.4342378900e+01
    3.4517224840e+00 -1.0000000000e+00 -2.3122156320e+01
    3.3744793390e+00 -1.0000000000e+00 -3.7766297420e+01
    2.2488096700e+00 -1.0000000000e+00 -6.2406934340e+01
    -1.1515503330e+00 -1.0000000000e+00 -1.0417353280e+02
    -9.2252642100e+00 -1.0000000000e+00 -1.7536878430e+02
    -2.6598121460e+01 -1.0000000000e+00 -2.9722591100e+02
    -6.2126963260e+01 -1.0000000000e+00 -5.0638314680e+02
    8.4075690740e-01 -1.0000000000e+00 -2.0545760450e-02
    8.4075794480e-01 -1.0000000000e+00 -2.0554607890e-02
    8.4075989730e-01 -1.0000000000e+00 -2.0571260790e-02
    8.4076354840e-01 -1.0000000000e+00 -2.0602404920e-02
    8.4077033670e-01 -1.0000000000e+00 -2.0660331230e-02
    8.4078289210e-01 -1.0000000000e+00 -2.0767559290e-02
    8.4080599570e-01 -1.0000000000e+00 -2.0965226610e-02
    8.4084827250e-01 -1.0000000000e+00 -2.1328281610e-02
    8.4092509100e-01 -1.0000000000e+00 -2.1992953160e-02
    8.4106323730e-01 -1.0000000000e+00 -2.3206356950e-02
    8.4130741480e-01 -1.0000000000e+00 -2.5416041620e-02
    8.4172536960e-01 -1.0000000000e+00 -2.9431848540e-02
    8.4239466360e-01 -1.0000000000e+00 -3.6720252440e-02
    8.4329970120e-01 -1.0000000000e+00 -4.9950717220e-02
    8.4382034910e-01 -1.0000000000e+00 -7.4088544130e-02
    8.2991603960e-01 -1.0000000000e+00 -1.2321370190e-01
    7.8297035900e-01 -1.0000000000e+00 -2.1494553380e-01
    7.2873768850e-01 -1.0000000000e+00 -3.5992930020e-01
    6.8420725290e-01 -1.0000000000e+00 -5.9999929780e-01
    8.0886855740e-01 -1.0000000000e+00 -1.0467551230e+00
    9.7163744160e-01 -1.0000000000e+00 -1.6460702350e+00
    1.1802787510e+00 -1.0000000000e+00 -2.5102088410e+00
    1.4446525420e+00 -1.0000000000e+00 -3.8139419800e+00
    1.7687433140e+00 -1.0000000000e+00 -5.8443149120e+00
    2.1368437870e+00 -1.0000000000e+00 -9.0853280860e+00
    2.4518304440e+00 -1.0000000000e+00 -1.4375828370e+01
    2.4967864480e+00 -1.0000000000e+00 -2.3123856100e+01
    1.9157998530e+00 -1.0000000000e+00 -3.7706774710e+01
    -5.9124466010e-03 -1.0000000000e+00 -6.2230954850e+01
    -4.6696851760e+00 -1.0000000000e+00 -1.0378262420e+02
    -1.4761099380e+01 -1.0000000000e+00 -1.7458873100e+02
    -3.5376481340e+01 -1.0000000000e+00 -2.9574764000e+02
    -7.6147780140e+01 -1.0000000000e+00 -5.0365563090e+02
    7.9033197310e-01 -1.0000000000e+00 -2.6285083740e-02
    7.9033294330e-01 -1.0000000000e+00 -2.6293870200e-02
    7.9033474630e-01 -1.0000000000e+00 -2.6310200220e-02
    7.9033808140e-01 -1.0000000000e+00 -2.6340408950e-02
    7.9034422430e-01 -1.0000000000e+00 -2.6396063760e-02
    7.9035549510e-01 -1.0000000000e+00 -2.6498229420e-02
    7.9037609530e-01 -1.0000000000e+00 -2.6685174190e-02
    7.9041359410e-01 -1.0000000000e+00 -2.7026269320e-02
    7.9048151580e-01 -1.0000000000e+00 -2.7647023420e-02
    7.9060368710e-01 -1.0000000000e+00 -2.8774116690e-02
    7.9082099690e-01 -1.0000000000e+00 -3.0816347720e-02
    7.9119995730e-01 -1.0000000000e+00 -3.4510136680e-02
    7.9183600420e-01 -1.0000000000e+00 -4.1181647330e-02
    7.9281836230e-01 -1.0000000000e+00 -5.3223090060e-02
    7.9401857390e-01 -1.0000000000e+00 -7.4984759430e-02
    7.9401004510e-01 -1.0000000000e+00 -1.1466229930e-01
    7.5368667310e-01 -1.0000000000e+00 -2.0048649990e-01
    6.8838624510e-01 -1.0000000000e+00 -3.4598461580e-01
    6.5050832780e-01 -1.0000000000e+00 -6.0668982380e-01
    7.5574872780e-01 -1.0000000000e+00 -1.0603272450e+00
    8.8691202500e-01 -1.0000000000e+00 -1.6657553760e+00
    1.0498102620e+00 -1.0000000000e+00 -2.5360903330e+00
    1.2468159000e+00 -1.0000000000e+00 -3.8453025330e+00
    1.4704210470e+00 -1.0000000000e+00 -5.8788212820e+00
    1.6886517090e+00 -1.0000000000e+00 -9.1166088780e+00
    1.7898597010e+00 -1.0000000000e+00 -1.4385739420e+01
    1.5076426770e+00 -1.0000000000e+00 -2.3089693820e+01
    4.0426789730e-01 -1.0000000000e+00 -3.7592777390e+01
    -2.3474566030e+00 -1.0000000000e+00 -6.1971464620e+01
    -8.3338866370e+00 -1.0000000000e+00 -1.0326190590e+02
    -2.0544030460e+01 -1.0000000000e+00 -1.7360404150e+02
    -4.4571113470e+01 -1.0000000000e+00 -2.9394280560e+02
    -9.0861623160e+01 -1.0000000000e+00 -5.0040193200e+02
    7.3095620350e-01 -1.0000000000e+00 -3.2604371430e-02
    7.3095709930e-01 -1.0000000000e+00 -3.2613117840e-02
    7.3095874920e-01 -1.0000000000e+00 -3.2629226690e-02
    7.3096177690e-01 -1.0000000000e+00 -3.2658789480e-02
    7.3096731480e-01 -1.0000000000e+00 -3.2712870320e-02
    7.3097741340e-01 -1.0000000000e+00 -3.2811521580e-02
    7.3099577430e-01 -1.0000000000e+00 -3.2991013950e-02
    7.3102905420e-01 -1.0000000000e+00 -3.3316835050e-02
    7.3108915750e-01 -1.0000000000e+00 -3.3907028850e-02
    7.3119717650e-01 -1.0000000000e+00 -3.4974052970e-02
    7.3138987070e-01 -1.0000000000e+00 -3.6899773780e-02
    7.3172929200e-01 -1.0000000000e+00 -4.0369756920e-02
    7.3231338460e-01 -1.0000000000e+00 -4.6613839140e-02
    7.3327272810e-01 -1.0000000000e+00 -5.7838590730e-02
    7.3468834720e-01 -1.0000000000e+00 -7.8015290490e-02
    7.3614988310e-01 -1.0000000000e+00 -1.1438979930e-01
    7.2652888560e-01 -1.0000000000e+00 -1.8478501610e-01
    6.5070726930e-01 -1.0000000000e+00 -3.3062973890e-01
    6.1925674280e-01 -1.0000000000e+00 -6.1301744080e-01
    7.0186727580e-01 -1.0000000000e+00 -1.0711759970e+00
    8.0070627940e-01 -1.0000000000e+00 -1.6810565210e+00
    9.1675499370e-01 -1.0000000000e+00 -2.5553372290e+00
    1.0446398170e+00 -1.0000000000e+00 -3.8669119890e+00
    1.1648749200e+00 -1.0000000000e+00 -5.8991845100e+00
    1.2275525760e+00 -1.0000000000e+00 -9.1280112190e+00
    1.1031853740e+00 -1.0000000000e+00 -1.4368968870e+01
    4.8277377540e-01 -1.0000000000e+00 -2.3015446190e+01
    -1.1615087200e+00 -1.0000000000e+00 -3.7417573350e+01
    -4.7780746770e+00 -1.0000000000e+00 -6.1617600300e+01
    -1.2149063730e+01 -1.0000000000e+00 -1.0259362400e+02
    -2.6585187160e+01 -1.0000000000e+00 -1.7238546570e+02
    -5.4206293390e+01 -1.0000000000e+00 -2.9176301570e+02
    -1.0631918390e+02 -1.0000000000e+00 -4.9654199460e+02
    6.6337549900e-01 -1.0000000000e+00 -3.9208999570e-02
    6.6337630950e-01 -1.0000000000e+00 -3.9217722680e-02
    6.6337779310e-01 -1.0000000000e+00 -3.9233691080e-02
    6.6338050110e-01 -1.0000000000e+00 -3.9262837290e-02
    6.6338543030e-01 -1.0000000000e+00 -3.9315896530e-02
    6.6339438060e-01 -1.0000000000e+00 -3.9412258720e-02
    6.6341059320e-01 -1.0000000000e+00 -3.9586886230e-02
    6.6343988880e-01 -1.0000000000e+00 -3.9902721520e-02
    6.6349268000e-01 -1.0000000000e+00 -4.0472914220e-02
    6.6358748050e-01 -1.0000000000e+00 -4.1500594520e-02
    6.6375686630e-01 -1.0000000000e+00 -4.3349969270e-02
    6.6405706440e-01 -1.0000000000e+00 -4.6673293060e-02
    6.6458152040e-01 -1.0000000000e+00 -5.2637514890e-02
    6.6547326400e-01 -1.0000000000e+00 -6.3329222950e-02
    6.6690707410e-01 -1.0000000000e+00 -8.2482538280e-02
    6.6891494810e-01 -1.0000000000e+00 -1.1682027240e-01
    6.7042124250e-01 -1.0000000000e+00 -1.7878739870e-01
    6.1559741930e-01 -1.0000000000e+00 -3.1428866070e-01
    5.8800203800e-01 -1.0000000000e+00 -6.1797370560e-01
    6.4733327540e-01 -1.0000000000e+00 -1.0792288510e+00
    7.1321676230e-01 -1.0000000000e+00 -1.6917869080e+00
    7.8142653870e-01 -1.0000000000e+00 -2.5675737840e+00
    8.3859174220e-01 -1.0000000000e+00 -3.8780910130e+00
    8.5277219140e-01 -1.0000000000e+00 -5.9042356660e+00
    7.5482180390e-01 -1.0000000000e+00 -9.1172816370e+00
    3.9279756210e-01 -1.0000000000e+00 -1.4321816980e+01
    -5.7925487960e-01 -1.0000000000e+00 -2.2896300840e+01
    -2.7829426900e+00 -1.0000000000e+00 -3.7173625550e+01
    -7.2995904160e+00 -1.0000000000e+00 -6.1157184500e+01
    -1.6119117120e+01 -1.0000000000e+00 -1.0175774210e+02
    -3.2893975970e+01 -1.0000000000e+00 -1.7089967460e+02
    -6.4303886410e+01 -1.0000000000e+00 -2.8915251940e+02
    -1.2256870380e+02 -1.0000000000e+00 -4.9198247550e+02
    5.8936381340e-01 -1.0000000000e+00 -4.5664876710e-02
    5.8936452140e-01 -1.0000000000e+00 -4.5673590520e-02
    5.8936581290e-01 -1.0000000000e+00 -4.5689485430e-02
    5.8936816260e-01 -1.0000000000e+00 -4.5718405000e-02
    5.8937242770e-01 -1.0000000000e+00 -4.5770899630e-02
    5.8938015230e-01 -1.0000000000e+00 -4.5865985910e-02
    5.8939411390e-01 -1.0000000000e+00 -4.6037887320e-02
    5.8941929740e-01 -1.0000000000e+00 -4.6348106190e-02
    5.8946462570e-01 -1.0000000000e+00 -4.6907018460e-02
    5.8954601110e-01 -1.0000000000e+00 -4.7912460230e-02
    5.8969166140e-01 -1.0000000000e+00 -4.9718598710e-02
    5.8995106260e-01 -1.0000000000e+00 -5.2958715070e-02
    5.9040937580e-01 -1.0000000000e+00 -5.8763863630e-02
    5.9120768640e-01 -1.0000000000e+00 -6.9152068010e-02
    5.9256094600e-01 -1.0000000000e+00 -8.7722610930e-02
    5.9472658930e-01 -1.0000000000e+00 -1.2091129770e-01
    5.9768936010e-01 -1.0000000000e+00 -1.8039280570e-01
    5.8278637610e-01 -1.0000000000e+00 -2.9734047580e-01
    5.5655330310e-01 -1.0000000000e+00 -6.2144704840e-01
    5.9225814300e-01 -1.0000000000e+00 -1.0844149090e+00
    6.2465202620e-01 -1.0000000000e+00 -1.6977655080e+00
    6.4416919990e-01 -1.0000000000e+00 -2.5724331130e+00
    6.2920300600e-01 -1.0000000000e+00 -3.8781681310e+00
    5.3489964150e-01 -1.0000000000e+00 -5.8928041450e+00
    2.7180842330e-01 -1.0000000000e+00 -9.0822687470e+00
    -3.3916218140e-01 -1.0000000000e+00 -1.4240226410e+01
    -1.6791686070e+00 -1.0000000000e+00 -2.2726726670e+01
    -4.4614541920e+00 -1.0000000000e+00 -3.6852455990e+01
    -9.9133939770e+00 -1.0000000000e+00 -6.0576570660e+01
    -2.0246711730e+01 -1.0000000000e+00 -1.0073173690e+02
    -3.9477397100e+01 -1.0000000000e+00 -1.6910892200e+02
    -7.4881803740e+01 -1.0000000000e+00 -2.8604755470e+02
    -1.3965286720e+02 -1.0000000000e+00 -4.8661538990e+02
    5.1165038420e-01 -1.0000000000e+00 -5.1429013550e-02
    5.1165096450e-01 -1.0000000000e+00 -5.1437730340e-02
    5.1165202170e-01 -1.0000000000e+00 -5.1453610530e-02
    5.1165394310e-01 -1.0000000000e+00 -5.1482470200e-02
    5.1165742700e-01 -1.0000000000e+00 -5.1534801500e-02
    5.1166373150e-01 -1.0000000000e+00 -5.1629501670e-02
    5.1167511890e-01 -1.0000000000e+00 -5.1800555330e-02
    5.1169565150e-01 -1.0000000000e+00 -5.2108995000e-02
    5.1173261360e-01 -1.0000000000e+00 -5.2664284060e-02
    5.1179904750e-01 -1.0000000000e+00 -5.3662501130e-02
    5.1191826590e-01 -1.0000000000e+00 -5.5454443350e-02
    5.1213185250e-01 -1.0000000000e+00 -5.8666923030e-02
    5.1251375080e-01 -1.0000000000e+00 -6.4418464850e-02
    5.1319475820e-01 -1.0000000000e+00 -7.4702279650e-02
    5.1440388270e-01 -1.0000000000e+00 -9.3066252010e-02
    5.1653282130e-01 -1.0000000000e+00 -1.2583000420e-01
    5.2020732870e-01 -1.0000000000e+00 -1.8435351740e-01
    5.2609749030e-01 -1.0000000000e+00 -2.9008807480e-01
    5.2493688250e-01 -1.0000000000e+00 -6.2341339860e-01
    5.3675590990e-01 -1.0000000000e+00 -1.0866638550e+00
    5.3523260810e-01 -1.0000000000e+00 -1.6988162180e+00
    5.0535785660e-01 -1.0000000000e+00 -2.5695578890e+00
    4.1706929310e-01 -1.0000000000e+00 -3.8664838770e+00
    2.1216751230e-01 -1.0000000000e+00 -5.8637272450e+00
    -2.2001915200e-01 -1.0000000000e+00 -9.0208938440e+00
    -1.0897258330e+00 -1.0000000000e+00 -1.4120060980e+01
    -2.8161230420e+00 -1.0000000000e+00 -2.2500452220e+01
    -6.1981469610e+00 -1.0000000000e+00 -3.6444496990e+01
    -1.2620418010e+01 -1.0000000000e+00 -5.9860446460e+01
    -2.4533089490e+01 -1.0000000000e+00 -9.9490361390e+01
    -4.6339361120e+01 -1.0000000000e+00 -1.6697072210e+02
    -8.5952271300e+01 -1.0000000000e+00 -2.8237581230e+02
    -1.5760499330e+02 -1.0000000000e+00 -4.8031706020e+02
    4.3357524960e-01 -1.0000000000e+00 -5.5930772860e-02
    4.3357566840e-01 -1.0000000000e+00 -5.5939503570e-02
    4.3357643200e-01 -1.0000000000e+00 -5.5955423690e-02
    4.3357782090e-01 -1.0000000000e+00 -5.5984379920e-02
    4.3358034140e-01 -1.0000000000e+00 -5.6036925890e-02
    4.3358490650e-01 -1.0000000000e+00 -5.6132079830e-02
    4.3359316020e-01 -1.0000000000e+00 -5.6304061080e-02
    4.3360806170e-01 -1.0000000000e+00 -5.6614351440e-02
    4.3363494010e-01 -1.0000000000e+00 -5.7173264610e-02
    4.3368341180e-01 -1.0000000000e+00 -5.8178470120e-02
    4.3377091690e-01 -1.0000000000e+00 -5.9983702680e-02
    4.3392940490e-01 -1.0000000000e+00 -6.3221103450e-02
    4.3421849800e-01 -1.0000000000e+00 -6.9018604570e-02
    4.3475297910e-01 -1.0000000000e+00 -7.9385270510e-02
    4.3576462350e-01 -1.0000000000e+00 -9.7893452530e-02
    4.3775342750e-01 -1.0000000000e+00 -1.3089377450e-01
    4.4190144610e-01 -1.0000000000e+00 -1.8976458770e-01
    4.5224073840e-01 -1.0000000000e+00 -2.9631089470e-01
    4.9319711120e-01 -1.0000000000e+00 -6.2385456940e-01
    4.8094369120e-01 -1.0000000000e+00 -1.0859048610e+00
    4.4519134960e-01 -1.0000000000e+00 -1.6947668490e+00
    3.6539816430e-01 -1.0000000000e+00 -2.5586006010e+00
    2.0285114710e-01 -1.0000000000e+00 -3.8423943390e+00
    -1.1438801550e-01 -1.0000000000e+00 -5.8158600340e+00
    -7.1902042020e-01 -1.0000000000e+00 -8.9311304150e+00
    -1.8554874640e+00 -1.0000000000e+00 -1.3957320650e+01
    -3.9870335440e+00 -1.0000000000e+00 -2.2210646780e+01
    -7.9929419950e+00 -1.0000000000e+00 -3.5939023090e+01
    -1.5420891540e+01 -1.0000000000e+00 -5.8991622590e+01
    -2.8977866910e+01 -1.0000000000e+00 -9.8005368250e+01
    -5.3480040470e+01 -1.0000000000e+00 -1.6443752830e+02
    -9.7520026930e+01 -1.0000000000e+00 -2.7805603780e+02
    -1.7644471760e+02 -1.0000000000e+00 -4.7294751120e+02
    3.5854744210e-01 -1.0000000000e+00 -5.8696419220e-02
    3.5854765840e-01 -1.0000000000e+00 -5.8705173490e-02
    3.5854805400e-01 -1.0000000000e+00 -5.8721187240e-02
    3.5854877570e-01 -1.0000000000e+00 -5.8750397080e-02
    3.5855008910e-01 -1.0000000000e+00 -5.8803540570e-02
    3.5855247470e-01 -1.0000000000e+00 -5.8900003370e-02
    3.5855680230e-01 -1.0000000000e+00 -5.9074725460e-02
    3.5856464940e-01 -1.0000000000e+00 -5.9390581950e-02
    3.5857889680e-01 -1.0000000000e+00 -5.9960548450e-02
    3.5860487260e-01 -1.0000000000e+00 -6.0987326770e-02
    3.5865267110e-01 -1.0000000000e+00 -6.2834068640e-02
    3.5874221180e-01 -1.0000000000e+00 -6.6150345970e-02
    3.5891529930e-01 -1.0000000000e+00 -7.2095936800e-02
    3.5926701110e-01 -1.0000000000e+00 -8.2737150790e-02
    3.6003349930e-01 -1.0000000000e+00 -1.0174747740e-01
    3.6185333250e-01 -1.0000000000e+00 -1.3565627390e-01
    3.6663843280e-01 -1.0000000000e+00 -1.9619640210e-01
    4.1349588900e-01 -1.0000000000e+00 -3.1637070840e-01
    4.6137932490e-01 -1.0000000000e+00 -6.2274966740e-01
    4.2494236450e-01 -1.0000000000e+00 -1.0820654750e+00
    3.5477410080e-01 -1.0000000000e+00 -1.6854479410e+00
    2.2472722400e-01 -1.0000000000e+00 -2.5392233910e+00
    -1.2725228710e-02 -1.0000000000e+00 -3.8052740450e+00
    -4.4360293710e-01 -1.0000000000e+00 -5.7480847370e+00
    -1.2233444850e+00 -1.0000000000e+00 -8.8110011370e+00
    -2.6328360130e+00 -1.0000000000e+00 -1.3748231430e+01
    -5.1865219210e+00 -1.0000000000e+00 -2.1850283530e+01
    -9.8432098200e+00 -1.0000000000e+00 -3.5324312450e+01
    -1.8313518350e+01 -1.0000000000e+00 -5.7950928250e+01
    -3.3578584960e+01 -1.0000000000e+00 -9.6245237230e+01
    -6.0895170190e+01 -1.0000000000e+00 -1.6145641640e+02
    -1.0958051210e+02 -1.0000000000e+00 -2.7299778480e+02
    -1.9617344090e+02 -1.0000000000e+00 -4.6435043320e+02
    2.8948140320e-01 -1.0000000000e+00 -5.9472392750e-02
    2.8948137180e-01 -1.0000000000e+00 -5.9481178830e-02
    2.8948131420e-01 -1.0000000000e+00 -5.9497341970e-02
    2.8948120870e-01 -1.0000000000e+00 -5.9526973770e-02
    2.8948101660e-01 -1.0000000000e+00 -5.9581130670e-02
    2.8948066950e-01 -1.0000000000e+00 -5.9679837800e-02
    2.8948005050e-01 -1.0000000000e+00 -5.9859293310e-02
    2.8947897220e-01 -1.0000000000e+00 -6.0184811200e-02
    2.8947718350e-01 -1.0000000000e+00 -6.0774037320e-02
    2.8947453210e-01 -1.0000000000e+00 -6.1838522610e-02
    2.8947177860e-01 -1.0000000000e+00 -6.3758022640e-02
    2.8947380020e-01 -1.0000000000e+00 -6.7212956700e-02
    2.8950109490e-01 -1.0000000000e+00 -7.3419808570e-02
    2.8962914930e-01 -1.0000000000e+00 -8.4548044830e-02
    2.9011979410e-01 -1.0000000000e+00 -1.0445828160e-01
    2.9186518750e-01 -1.0000000000e+00 -1.4003283800e-01
    2.9820581700e-01 -1.0000000000e+00 -2.0388133100e-01
    3.7998893970e-01 -1.0000000000e+00 -3.3712955760e-01
    4.2952562630e-01 -1.0000000000e+00 -6.2007622070e-01
    3.6887747820e-01 -1.0000000000e+00 -1.0750704590e+00
    2.6424086540e-01 -1.0000000000e+00 -1.6706914440e+00
    8.3814854750e-02 -1.0000000000e+00 -2.5110975750e+00
    -2.2886659160e-01 -1.0000000000e+00 -3.7545182590e+00
    -7.7418349490e-01 -1.0000000000e+00 -5.6593193410e+00
    -1.7309081540e+00 -1.0000000000e+00 -8.6585877860e+00
    -3.4179936780e+00 -1.0000000000e+00 -1.3489247390e+01
    -6.4074859600e+00 -1.0000000000e+00 -2.1412529130e+01
    -1.1742443180e+01 -1.0000000000e+00 -3.4588131470e+01
    -2.1293801500e+01 -1.0000000000e+00 -5.6717448230e+01
    -3.8329551940e+01 -1.0000000000e+00 -9.4175107080e+01
    -6.8574941680e+01 -1.0000000000e+00 -1.5796889880e+02
    -1.2211788320e+02 -1.0000000000e+00 -2.6710141510e+02
    -2.1676968380e+02 -1.0000000000e+00 -4.5435386170e+02
    2.2839725040e-01 -1.0000000000e+00 -5.8285855020e-02
    2.2839692470e-01 -1.0000000000e+00 -5.8294680000e-02
    2.2839632030e-01 -1.0000000000e+00 -5.8311054170e-02
    2.2839520410e-01 -1.0000000000e+00 -5.8341300230e-02
    2.2839315170e-01 -1.0000000000e+00 -5.8396951650e-02
    2.2838939390e-01 -1.0000000000e+00 -5.8498992670e-02
    2.2838254610e-01 -1.0000000000e+00 -5.8685512170e-02
    2.2837014360e-01 -1.0000000000e+00 -5.9025495080e-02
    2.2834788570e-01 -1.0000000000e+00 -5.9643626040e-02
    2.2830855400e-01 -1.0000000000e+00 -6.0764809550e-02
    2.2824101920e-01 -1.0000000000e+00 -6.2793890480e-02
    2.2813163850e-01 -1.0000000000e+00 -6.6457988890e-02
    2.2797724510e-01 -1.0000000000e+00 -7.3059755050e-02
    2.2784255470e-01 -1.0000000000e+00 -8.4926860090e-02
    2.2807573740e-01 -1.0000000000e+00 -1.0621467340e-01
    2.3012353970e-01 -1.0000000000e+00 -1.4441244880e-01
    2.6320197680e-01 -1.0000000000e+00 -2.2083324380e-01
    3.4360110900e-01 -1.0000000000e+00 -3.5710097740e-01
    3.9760730630e-01 -1.0000000000e+00 -6.1584244700e-01
    3.1288042190e-01 -1.0000000000e+00 -1.0648405960e+00
    1.7386744810e-01 -1.0000000000e+00 -1.6503293080e+00
    -5.6834393200e-02 -1.0000000000e+00 -2.4739029250e+00
    -4.4471040800e-01 -1.0000000000e+00 -3.6895447530e+00
    -1.1047036460e+00 -1.0000000000e+00 -5.5485254050e+00
    -2.2393847080e+00 -1.0000000000e+00 -8.4720474060e+00
    -4.2069428920e+00 -1.0000000000e+00 -1.3177029910e+01
    -7.6418593270e+00 -1.0000000000e+00 -2.0890999360e+01
    -1.3679767790e+01 -1.0000000000e+00 -3.3718442510e+01
    -2.4351758820e+01 -1.0000000000e+00 -5.5269330810e+01
    -4.3219503370e+01 -1.0000000000e+00 -9.1757308340e+01
    -7.6501806740e+01 -1.0000000000e+00 -1.5391127550e+02
    -1.3510219580e+02 -1.0000000000e+00 -2.6025873560e+02
    -2.3818397240e+02 -1.0000000000e+00 -4.4277199380e+02
    1.7628396430e-01 -1.0000000000e+00 -5.5411858150e-02
    1.7628329570e-01 -1.0000000000e+00 -5.5420728520e-02
    1.7628204020e-01 -1.0000000000e+00 -5.5437386270e-02
    1.7627969730e-01 -1.0000000000e+00 -5.5468478310e-02
    1.7627534930e-01 -1.0000000000e+00 -5.5526209210e-02
    1.7626732210e-01 -1.0000000000e+00 -5.5632915110e-02
    1.7625258210e-01 -1.0000000000e+00 -5.5829353970e-02
    1.7622568570e-01 -1.0000000000e+00 -5.6189698730e-02
    1.7617702950e-01 -1.0000000000e+00 -5.6848591790e-02
    1.7609020230e-01 -1.0000000000e+00 -5.8049846720e-02
    1.7593894910e-01 -1.0000000000e+00 -6.0233876480e-02
    1.7568751540e-01 -1.0000000000e+00 -6.4194143520e-02
    1.7531035010e-01 -1.0000000000e+00 -7.1356341280e-02
    1.7488997990e-01 -1.0000000000e+00 -8.4277597200e-02
    1.7501092320e-01 -1.0000000000e+00 -1.0756335170e-01
    1.8023704410e-01 -1.0000000000e+00 -1.5072372260e-01
    2.3562023190e-01 -1.0000000000e+00 -2.3825664490e-01
    3.0412852000e-01 -1.0000000000e+00 -3.7574899450e-01
    3.6455740530e-01 -1.0000000000e+00 -6.1050369620e-01
    2.5708989990e-01 -1.0000000000e+00 -1.0512914410e+00
    8.3947678090e-02 -1.0000000000e+00 -1.6241920130e+00
    -1.9667834230e-01 -1.0000000000e+00 -2.4273268090e+00
    -6.5932144520e-01 -1.0000000000e+00 -3.6097952590e+00
    -1.4336013810e+00 -1.0000000000e+00 -5.4147152040e+00
    -2.7461972910e+00 -1.0000000000e+00 -8.2496304400e+00
    -4.9953321740e+00 -1.0000000000e+00 -1.2808442120e+01
    -8.8811218910e+00 -1.0000000000e+00 -2.0279845900e+01
    -1.5640630890e+01 -1.0000000000e+00 -3.2704057010e+01
    -2.7470035400e+01 -1.0000000000e+00 -5.3585134520e+01
    -4.8228164090e+01 -1.0000000000e+00 -8.8952937220e+01
    -8.4646514130e+01 -1.0000000000e+00 -1.4921627590e+02
    -1.4848467370e+02 -1.0000000000e+00 -2.5235522450e+02
    -2.6033207590e+02 -1.0000000000e+00 -4.2940924940e+02
    1.3320570850e-01 -1.0000000000e+00 -5.1271725800e-02
    1.3320464400e-01 -1.0000000000e+00 -5.1280648160e-02
    1.3320261230e-01 -1.0000000000e+00 -5.1297678590e-02
    1.3319876840e-01 -1.0000000000e+00 -5.1329905460e-02
    1.3319155120e-01 -1.0000000000e+00 -5.1390449030e-02
    1.3317809260e-01 -1.0000000000e+00 -5.1503492810e-02
    1.3315316460e-01 -1.0000000000e+00 -5.1713446340e-02
    1.3310734200e-01 -1.0000000000e+00 -5.2101587190e-02
    1.3302394420e-01 -1.0000000000e+00 -5.2816206100e-02
    1.3287445240e-01 -1.0000000000e+00 -5.4127060280e-02
    1.3261346410e-01 -1.0000000000e+00 -5.6523443670e-02
    1.3218039540e-01 -1.0000000000e+00 -6.0890342010e-02
    1.3153800220e-01 -1.0000000000e+00 -6.8825049420e-02
    1.3086093480e-01 -1.0000000000e+00 -8.3215903930e-02
    1.3137139220e-01 -1.0000000000e+00 -1.0940683420e-01
    1.5850183730e-01 -1.0000000000e+00 -1.6439120870e-01
    2.0549575380e-01 -1.0000000000e+00 -2.5404616800e-01
    2.6141903840e-01 -1.0000000000e+00 -3.9244720360e-01
    3.1945451790e-01 -1.0000000000e+00 -6.1041035410e-01
    2.0165375740e-01 -1.0000000000e+00 -1.0343320100e+00
    -5.2037014700e-03 -1.0000000000e+00 -1.5921070810e+00
    -3.3513325190e-01 -1.0000000000e+00 -2.3710633340e+00
    -8.7168692630e-01 -1.0000000000e+00 -3.5147368410e+00
    -1.7591733540e+00 -1.0000000000e+00 -5.2569585690e+00
    -3.2485128600e+00 -1.0000000000e+00 -7.9896991120e+00
    -5.7784054640e+00 -1.0000000000e+00 -1.2380565410e+01
    -1.0116437010e+01 -1.0000000000e+00 -1.9573752530e+01
    -1.7608165040e+01 -1.0000000000e+00 -3.1534998190e+01
    -3.0623606980e+01 -1.0000000000e+00 -5.1645285290e+01
    -5.3322886620e+01 -1.0000000000e+00 -8.5724543910e+01
    -9.2962543220e+01 -1.0000000000e+00 -1.4381681620e+02
    -1.6219025920e+02 -1.0000000000e+00 -2.4327537380e+02
    -2.8308507730e+02 -1.0000000000e+00 -4.1406871780e+02
    9.8552636650e-02 -1.0000000000e+00 -4.6318064320e-02
    9.8551112300e-02 -1.0000000000e+00 -4.6327045330e-02
    9.8548139890e-02 -1.0000000000e+00 -4.6344559220e-02
    9.8542417640e-02 -1.0000000000e+00 -4.6378284570e-02
    9.8531517940e-02 -1.0000000000e+00 -4.6442568100e-02
    9.8510948310e-02 -1.0000000000e+00 -4.6564070820e-02
    9.8472472530e-02 -1.0000000000e+00 -4.6792104320e-02
    9.8401193780e-02 -1.0000000000e+00 -4.7217492650e-02
    9.8270770760e-02 -1.0000000000e+00 -4.8006885090e-02
    9.8036553630e-02 -1.0000000000e+00 -4.9464992130e-02
    9.7629338250e-02 -1.0000000000e+00 -5.2147184710e-02
    9.6964614770e-02 -1.0000000000e+00 -5.7063238730e-02
    9.6027183930e-02 -1.0000000000e+00 -6.6050405540e-02
    9.5275583720e-02 -1.0000000000e+00 -8.2501156910e-02
    1.0479322490e-01 -1.0000000000e+00 -1.1616246920e-01
    1.3551633030e-01 -1.0000000000e+00 -1.7648284870e-01
    1.7277525420e-01 -1.0000000000e+00 -2.6768809280e-01
    2.1539563950e-01 -1.0000000000e+00 -4.0647252250e-01
    2.5738932800e-01 -1.0000000000e+00 -6.2017127260e-01
    1.4673089850e-01 -1.0000000000e+00 -1.0138634560e+00
    -9.3247360860e-02 -1.0000000000e+00 -1.5538975980e+00
    -4.7156866920e-01 -1.0000000000e+00 -2.3048126230e+00
    -1.0807099730e+00 -1.0000000000e+00 -3.4038634810e+00
    -2.0795673070e+00 -1.0000000000e+00 -5.0743899180e+00
    -3.7432343460e+00 -1.0000000000e+00 -7.6907460340e+00
    -6.5509598550e+00 -1.0000000000e+00 -1.1890731050e+01
    -1.1338548590e+01 -1.0000000000e+00 -1.8767930210e+01
    -1.9564371960e+01 -1.0000000000e+00 -3.0202569790e+01
    -3.3781335470e+01 -1.0000000000e+00 -4.9433091640e+01
    -5.8457208850e+01 -1.0000000000e+00 -8.2039344290e+01
    -1.0138067280e+02 -1.0000000000e+00 -1.3765211590e+02
    -1.7610831140e+02 -1.0000000000e+00 -2.3291257780e+02
    -3.0625614490e+02 -1.0000000000e+00 -3.9656765780e+02
    7.1325381960e-02 -1.0000000000e+00 -4.0950878490e-02
    7.1323314090e-02 -1.0000000000e+00 -4.0959923310e-02
    7.1319169100e-02 -1.0000000000e+00 -4.0978055450e-02
    7.1311016640e-02 -1.0000000000e+00 -4.1013730680e-02
    7.1295221210e-02 -1.0000000000e+00 -4.1082913310e-02
    7.1265003170e-02 -1.0000000000e+00 -4.1215536130e-02
    7.1207869560e-02 -1.0000000000e+00 -4.1467391600e-02
    7.1101195100e-02 -1.0000000000e+00 -4.1941940150e-02
    7.0905187600e-02 -1.0000000000e+00 -4.2830174310e-02
    7.0553664520e-02 -1.0000000000e+00 -4.4483305030e-02
    6.9949379760e-02 -1.0000000000e+00 -4.7545275310e-02
    6.8995371400e-02 -1.0000000000e+00 -5.3196511820e-02
    6.7789361500e-02 -1.0000000000e+00 -6.3622927020e-02
    6.8294224480e-02 -1.0000000000e+00 -8.3561443470e-02
    8.7151424740e-02 -1.0000000000e+00 -1.2488636200e-01
    1.1048239640e-01 -1.0000000000e+00 -1.8652780380e-01
    1.3748594300e-01 -1.0000000000e+00 -2.7859385910e-01
    1.6608934550e-01 -1.0000000000e+00 -4.1700416860e-01
    1.8982283720e-01 -1.0000000000e+00 -6.2721951540e-01
    9.2486610660e-02 -1.0000000000e+00 -9.8977830590e-01
    -1.7981477680e-01 -1.0000000000e+00 -1.5093808190e+00
    -6.0530086410e-01 -1.0000000000e+00 -2.2282804250e+00
    -1.2852010550e+00 -1.0000000000e+00 -3.2766983070e+00
    -2.3927718250e+00 -1.0000000000e+00 -4.8662161770e+00
    -4.2269896900e+00 -1.0000000000e+00 -7.3514139320e+00
    -7.3073204640e+00 -1.0000000000e+00 -1.1336560210e+01
    -1.2537612600e+01 -1.0000000000e+00 -1.7858151270e+01
    -2.1490655190e+01 -1.0000000000e+00 -2.8699312980e+01
    -3.6908332900e+01 -1.0000000000e+00 -4.6935149200e+01
    -6.3572292680e+01 -1.0000000000e+00 -7.7872095680e+01
    -1.0980640600e+02 -1.0000000000e+00 -1.3067538950e+02
    -1.9008488710e+02 -1.0000000000e+00 -2.2118363550e+02
    -3.2958759090e+02 -1.0000000000e+00 -3.7676131320e+02
    5.0376712390e-02 -1.0000000000e+00 -3.5478903490e-02
    5.0373986230e-02 -1.0000000000e+00 -3.5488011360e-02
    5.0368328450e-02 -1.0000000000e+00 -3.5506916350e-02
    5.0356912860e-02 -1.0000000000e+00 -3.5545079200e-02
    5.0334362310e-02 -1.0000000000e+00 -3.5620559940e-02
    5.0290575390e-02 -1.0000000000e+00 -3.5767536890e-02
    5.0206867600e-02 -1.0000000000e+00 -3.6050225620e-02
    5.0049460220e-02 -1.0000000000e+00 -3.6588544510e-02
    4.9759652430e-02 -1.0000000000e+00 -3.7605305190e-02
    4.9243063350e-02 -1.0000000000e+00 -3.9512944470e-02
    4.8373816020e-02 -1.0000000000e+00 -4.3074032860e-02
    4.7080882620e-02 -1.0000000000e+00 -4.9708267260e-02
    4.5833508500e-02 -1.0000000000e+00 -6.2175289120e-02
    5.4278583820e-02 -1.0000000000e+00 -8.9402468200e-02
    6.7944642750e-02 -1.0000000000e+00 -1.3173997710e-01
    8.3500542920e-02 -1.0000000000e+00 -1.9403190510e-01
    9.9764040930e-02 -1.0000000000e+00 -2.8610522920e-01
    1.1367858250e-01 -1.0000000000e+00 -4.2313074620e-01
    1.1794405380e-01 -1.0000000000e+00 -6.2899622580e-01
    3.8917009500e-02 -1.0000000000e+00 -9.6196361010e-01
    -2.6450249590e-01 -1.0000000000e+00 -1.4583669170e+00
    -7.3558460910e-01 -1.0000000000e+00 -2.1411782800e+00
    -1.4838671630e+00 -1.0000000000e+00 -3.1327969340e+00
    -2.6966030080e+00 -1.0000000000e+00 -4.6317265320e+00
    -4.6961169450e+00 -1.0000000000e+00 -6.9705180260e+00
    -8.0413207780e+00 -1.0000000000e+00 -1.0716010020e+01
    -1.3703059480e+01 -1.0000000000e+00 -1.6840823100e+01
    -2.3367778950e+01 -1.0000000000e+00 -2.7019044770e+01
    -3.9967716840e+01 -1.0000000000e+00 -4.4141570770e+01
    -6.8600188810e+01 -1.0000000000e+00 -7.3207515380e+01
    -1.1812189200e+02 -1.0000000000e+00 -1.2286190860e+02
    -2.0392137990e+02 -1.0000000000e+00 -2.0804571000e+02
    -3.5274595410e+02 -1.0000000000e+00 -3.5457218990e+02
    3.4579098090e-02 -1.0000000000e+00 -3.0117424120e-02
    3.4575553850e-02 -1.0000000000e+00 -3.0126578970e-02
    3.4567877010e-02 -1.0000000000e+00 -3.0146412680e-02
    3.4551926400e-02 -1.0000000000e+00 -3.0187651330e-02
    3.4519745140e-02 -1.0000000000e+00 -3.0271000890e-02
    3.4456292220e-02 -1.0000000000e+00 -3.0436012850e-02
    3.4333707440e-02 -1.0000000000e+00 -3.0757593760e-02
    3.4101952800e-02 -1.0000000000e+00 -3.1376642890e-02
    3.3675946100e-02 -1.0000000000e+00 -3.2556858600e-02
    3.2926403690e-02 -1.0000000000e+00 -3.4790631400e-02
    3.1709491400e-02 -1.0000000000e+00 -3.9001262650e-02
    3.0085054640e-02 -1.0000000000e+00 -4.6968259240e-02
    3.2317059320e-02 -1.0000000000e+00 -6.4313955210e-02
    3.9527790130e-02 -1.0000000000e+00 -9.3670966490e-02
    4.7323079180e-02 -1.0000000000e+00 -1.3631143410e-01
    5.4779115000e-02 -1.0000000000e+00 -1.9845804770e-01
    5.9888434360e-02 -1.0000000000e+00 -2.8950824240e-01
    5.8534108960e-02 -1.0000000000e+00 -4.2386915960e-01
    4.2307175110e-02 -1.0000000000e+00 -6.2399728940e-01
    -1.9131876100e-02 -1.0000000000e+00 -9.3033182540e-01
    -3.4686513650e-01 -1.0000000000e+00 -1.4006579530e+00
    -8.6160302190e-01 -1.0000000000e+00 -2.0432245600e+00
    -1.6752983980e+00 -1.0000000000e+00 -2.9717525660e+00
    -2.9886877820e+00 -1.0000000000e+00 -4.3703051810e+00
    -5.1466450260e+00 -1.0000000000e+00 -6.5470731330e+00
    -8.7462815840e+00 -1.0000000000e+00 -1.0027427560e+01
    -1.4823505250e+01 -1.0000000000e+00 -1.5713093820e+01
    -2.5175551270e+01 -1.0000000000e+00 -2.5157118000e+01
    -4.2921054310e+01 -1.0000000000e+00 -4.1046907550e+01
    -7.3466759710e+01 -1.0000000000e+00 -6.8043434420e+01
    -1.2619159300e+02 -1.0000000000e+00 -1.1421691550e+02
    -2.1738273670e+02 -1.0000000000e+00 -1.9351177320e+02
    -3.7533348650e+02 -1.0000000000e+00 -3.3001654230e+02
    2.2919585230e-02 -1.0000000000e+00 -2.5006921500e-02
    2.2915003110e-02 -1.0000000000e+00 -2.5016074380e-02
    2.2904557110e-02 -1.0000000000e+00 -2.5036947260e-02
    2.2882137990e-02 -1.0000000000e+00 -2.5081791580e-02
    2.2835904510e-02 -1.0000000000e+00 -2.5174517450e-02
    2.2743379320e-02 -1.0000000000e+00 -2.5361213120e-02
    2.2563027470e-02 -1.0000000000e+00 -2.5729872380e-02
    2.2221267370e-02 -1.0000000000e+00 -2.6447339870e-02
    2.1597404210e-02 -1.0000000000e+00 -2.7828795070e-02
    2.0523983980e-02 -1.0000000000e+00 -3.0470774610e-02
    1.8876140400e-02 -1.0000000000e+00 -3.5522196110e-02
    1.7992263310e-02 -1.0000000000e+00 -4.6177574070e-02
    2.1026582080e-02 -1.0000000000e+00 -6.6592804310e-02
    2.3817790820e-02 -1.0000000000e+00 -9.5928220630e-02
    2.5543943390e-02 -1.0000000000e+00 -1.3817118120e-01
    2.4661873250e-02 -1.0000000000e+00 -1.9924618730e-01
    1.8316803820e-02 -1.0000000000e+00 -2.8805950780e-01
    1.2670242600e-03 -1.0000000000e+00 -4.1819985370e-01
    -3.6229437030e-02 -1.0000000000e+00 -6.1071649390e-01
    -1.1323296360e-01 -1.0000000000e+00 -8.9878520460e-01
    -4.2641079690e-01 -1.0000000000e+00 -1.3360462240e+00
    -9.8245513420e-01 -1.0000000000e+00 -1.9341468080e+00
    -1.8579517050e+00 -1.0000000000e+00 -2.7932036990e+00
    -3.2664436800e+00 -1.0000000000e+00 -4.0814486120e+00
    -5.5742701480e+00 -1.0000000000e+00 -6.0803281830e+00
    -9.4149859820e+00 -1.0000000000e+00 -9.2696159570e+00
    -1.5886693260e+01 -1.0000000000e+00 -1.4473001340e+01
    -2.6892437950e+01 -1.0000000000e+00 -2.3111120780e+01
    -4.5727699640e+01 -1.0000000000e+00 -3.7652875620e+01
    -7.8093203900e+01 -1.0000000000e+00 -6.2396372580e+01
    -1.3387014560e+02 -1.0000000000e+00 -1.0478305080e+02
    -2.3021527270e+02 -1.0000000000e+00 -1.7765943280e+02
    -3.9691926230e+02 -1.0000000000e+00 -3.0321636050e+02
    1.4537681460e-02 -1.0000000000e+00 -2.0239980220e-02
    1.4531771160e-02 -1.0000000000e+00 -2.0249021180e-02
    1.4517472870e-02 -1.0000000000e+00 -2.0270904390e-02
    1.4485716550e-02 -1.0000000000e+00 -2.0319586660e-02
    1.4418802010e-02 -1.0000000000e+00 -2.0422592690e-02
    1.4283097550e-02 -1.0000000000e+00 -2.0633464130e-02
    1.4016954920e-02 -1.0000000000e+00 -2.1055356960e-02
    1.3513743510e-02 -1.0000000000e+00 -2.1885956980e-02
    1.2607962930e-02 -1.0000000000e+00 -2.3504206760e-02
    1.1101081410e-02 -1.0000000000e+00 -2.6644886230e-02
    9.0823480430e-03 -1.0000000000e+00 -3.2952290530e-02
    9.4220398770e-03 -1.0000000000e+00 -4.6987790870e-02
    9.1606274360e-03 -1.0000000000e+00 -6.7132125210e-02
    7.4359293440e-03 -1.0000000000e+00 -9.5846565620e-02
    2.9885455540e-03 -1.0000000000e+00 -1.3689680160e-01
    -6.3456828690e-03 -1.0000000000e+00 -1.9584572070e-01
    -2.4279690350e-02 -1.0000000000e+00 -2.8102854460e-01
    -5.7225166290e-02 -1.0000000000e+00 -4.0512317150e-01
    -1.1642564810e-01 -1.0000000000e+00 -5.8769966020e-01
    -2.2220479420e-01 -1.0000000000e+00 -8.5938929110e-01
    -5.0275685560e-01 -1.0000000000e+00 -1.2642576150e+00
    -1.0971408380e+00 -1.0000000000e+00 -1.8136859640e+00
    -2.0301315190e+00 -1.0000000000e+00 -2.5968455520e+00
    -3.5270552060e+00 -1.0000000000e+00 -3.7647893800e+00
    -5.9743286560e+00 -1.0000000000e+00 -5.5698116160e+00
    -1.0039651210e+01 -1.0000000000e+00 -8.4419198330e+00
    -1.6879443320e+01 -1.0000000000e+00 -1.3119736900e+01
    -2.8495163750e+01 -1.0000000000e+00 -2.0882614910e+01
    -4.8343873780e+01 -1.0000000000e+00 -3.3974049840e+01
    -8.2397721060e+01 -1.0000000000e+00 -5.6309247120e+01
    -1.4101280520e+02 -1.0000000000e+00 -9.4644066900e+01
    -2.4217165430e+02 -1.0000000000e+00 -1.6062681020e+02
    -4.1708422010e+02 -1.0000000000e+00 -2.7438668420e+02
    8.7229489560e-03 -1.0000000000e+00 -1.5888360550e-02
    8.7153576900e-03 -1.0000000000e+00 -1.5897085420e-02
    8.6957292230e-03 -1.0000000000e+00 -1.5919664230e-02
    8.6506021410e-03 -1.0000000000e+00 -1.5971716040e-02
    8.5536006690e-03 -1.0000000000e+00 -1.6084371610e-02
    8.3547916460e-03 -1.0000000000e+00 -1.6318845650e-02
    7.9640896380e-03 -1.0000000000e+00 -1.6794668630e-02
    7.2314030000e-03 -1.0000000000e+00 -1.7745262590e-02
    5.9418920680e-03 -1.0000000000e+00 -1.9631208250e-02
    3.9065909720e-03 -1.0000000000e+00 -2.3413985000e-02
    2.5720184510e-03 -1.0000000000e+00 -3.2637937840e-02
    6.0170621900e-04 -1.0000000000e+00 -4.6335855030e-02
    -2.9817238540e-03 -1.0000000000e+00 -6.5701729880e-02
    -9.2231876290e-03 -1.0000000000e+00 -9.3132134370e-02
    -1.9822926240e-02 -1.0000000000e+00 -1.3210930060e-01
    -3.7556431760e-02 -1.0000000000e+00 -1.8776232740e-01
    -6.6989752720e-02 -1.0000000000e+00 -2.6775906410e-01
    -1.1572289810e-01 -1.0000000000e+00 -3.8374072040e-01
    -1.9660782730e-01 -1.0000000000e+00 -5.5364797290e-01
    -3.3188477060e-01 -1.0000000000e+00 -8.0551961540e-01
    -5.8200958560e-01 -1.0000000000e+00 -1.1825168500e+00
    -1.2045443670e+00 -1.0000000000e+00 -1.6816023950e+00
    -2.1899672040e+00 -1.0000000000e+00 -2.3824467380e+00
    -3.7674472990e+00 -1.0000000000e+00 -3.4201289630e+00
    -6.3417679760e+00 -1.0000000000e+00 -5.0153921150e+00
    -1.0611900820e+01 -1.0000000000e+00 -7.5443433490e+00
    -1.7787597480e+01 -1.0000000000e+00 -1.1654289890e+01
    -2.9958424930e+01 -1.0000000000e+00 -1.8481234680e+01
    -5.0723141650e+01 -1.0000000000e+00 -3.0046239780e+01
    -8.6300907500e+01 -1.0000000000e+00 -4.9855468790e+01
    -1.4748999810e+02 -1.0000000000e+00 -8.3916986940e+01
    -2.5303802920e+02 -1.0000000000e+00 -1.4259019020e+02
    -4.3546605270e+02 -1.0000000000e+00 -2.4379689150e+02
    4.8857378340e-03 -1.0000000000e+00 -1.2021987470e-02
    4.8760924680e-03 -1.0000000000e+00 -1.2030088010e-02
    4.8492981370e-03 -1.0000000000e+00 -1.2052625780e-02
    4.7856185650e-03 -1.0000000000e+00 -1.2106453710e-02
    4.6463655950e-03 -1.0000000000e+00 -1.2225617650e-02
    4.3589844170e-03 -1.0000000000e+00 -1.2478301930e-02
    3.7959005550e-03 -1.0000000000e+00 -1.3001417300e-02
    2.7556073680e-03 -1.0000000000e+00 -1.4074271400e-02
    9.8598713590e-04 -1.0000000000e+00 -1.6300610500e-02
    -1.0471975730e-03 -1.0000000000e+00 -2.2110526250e-02
    -3.8188281570e-03 -1.0000000000e+00 -3.1242181130e-02
    -8.1872501030e-03 -1.0000000000e+00 -4.4076111940e-02
    -1.5015957870e-02 -1.0000000000e+00 -6.2126753710e-02
    -2.5655376460e-02 -1.0000000000e+00 -8.7561329110e-02
    -4.2227479110e-02 -1.0000000000e+00 -1.2352015220e-01
    -6.8095472780e-02 -1.0000000000e+00 -1.7461928830e-01
    -1.0865284200e-01 -1.0000000000e+00 -2.4774958560e-01
    -1.7267169270e-01 -1.0000000000e+00 -3.5336263300e-01
    -2.7464936070e-01 -1.0000000000e+00 -5.0755903600e-01
    -4.3901632640e-01 -1.0000000000e+00 -7.3550989430e-01
    -7.0829386130e-01 -1.0000000000e+00 -1.0769132770e+00
    -1.3034974510e+00 -1.0000000000e+00 -1.5376259540e+00
    -2.3353876030e+00 -1.0000000000e+00 -2.1498731910e+00
    -3.9842571800e+00 -1.0000000000e+00 -3.0474830760e+00
    -6.6711190570e+00 -1.0000000000e+00 -4.4173605220e+00
    -1.1122746460e+01 -1.0000000000e+00 -6.5777450930e+00
    -1.8596035450e+01 -1.0000000000e+00 -1.0081341850e+01
    -3.1255464890e+01 -1.0000000000e+00 -1.5932537540e+01
    -5.2820915840e+01 -1.0000000000e+00 -2.5931450360e+01
    -8.9736827290e+01 -1.0000000000e+00 -4.3128507020e+01
    -1.5320310080e+02 -1.0000000000e+00 -7.2727359460e+01
    -2.6265386720e+02 -1.0000000000e+00 -1.2372755850e+02
    -4.5178655810e+02 -1.0000000000e+00 -2.1172006210e+02
    2.5179680960e-03 -1.0000000000e+00 -8.7075970850e-03
    2.5059314150e-03 -1.0000000000e+00 -8.7147205000e-03
    2.4699174780e-03 -1.0000000000e+00 -8.7361010520e-03
    2.3816877870e-03 -1.0000000000e+00 -8.7890039230e-03
    2.1860723380e-03 -1.0000000000e+00 -8.9091976350e-03
    1.7811819110e-03 -1.0000000000e+00 -9.1714164210e-03
    9.9387542890e-04 -1.0000000000e+00 -9.7364743860e-03
    -4.3042389630e-04 -1.0000000000e+00 -1.0977076870e-02
    -2.5418436600e-03 -1.0000000000e+00 -1.4455757570e-02
    -5.5090807670e-03 -1.0000000000e+00 -2.0340320490e-02
    -9.9584119150e-03 -1.0000000000e+00 -2.8588458860e-02
    -1.6593190240e-02 -1.0000000000e+00 -4.0139495590e-02
    -2.6482330900e-02 -1.0000000000e+00 -5.6319872640e-02
    -4.1258029300e-02 -1.0000000000e+00 -7.9022684890e-02
    -6.3432593250e-02 -1.0000000000e+00 -1.1098601340e-01
    -9.6916318820e-02 -1.0000000000e+00 -1.5622957720e-01
    -1.4787920630e-01 -1.0000000000e+00 -2.2074903390e-01
    -2.2620767080e-01 -1.0000000000e+00 -3.1363548680e-01
    -3.4800342180e-01 -1.0000000000e+00 -4.4889752480e-01
    -5.3996592720e-01 -1.0000000000e+00 -6.4846022380e-01
    -8.4723653140e-01 -1.0000000000e+00 -9.4703648930e-01
    -1.3963533210e+00 -1.0000000000e+00 -1.3785263390e+00
    -2.4640996270e+00 -1.0000000000e+00 -1.8991153560e+00
    -4.1738072230e+00 -1.0000000000e+00 -2.6471438830e+00
    -6.9564765930e+00 -1.0000000000e+00 -3.7765411400e+00
    -1.1562618150e+01 -1.0000000000e+00 -5.5443115610e+00
    -1.9289230910e+01 -1.0000000000e+00 -8.4145464910e+00
    -3.2361413570e+01 -1.0000000000e+00 -1.3286095240e+01
    -5.4603930400e+01 -1.0000000000e+00 -2.1705900000e+01
    -9.2664292840e+01 -1.0000000000e+00 -3.6213868470e+01
    -1.5809169050e+02 -1.0000000000e+00 -6.1178239380e+01
    -2.7091421020e+02 -1.0000000000e+00 -1.0418700400e+02
    -4.6585103570e+02 -1.0000000000e+00 -1.7839632610e+02
    1.1719904320e-03 -1.0000000000e+00 -5.9825617540e-03
    1.1572521950e-03 -1.0000000000e+00 -5.9884300620e-03
    1.1097828100e-03 -1.0000000000e+00 -6.0074686100e-03
    9.9034968050e-04 -1.0000000000e+00 -6.0564672410e-03
    7.2277720460e-04 -1.0000000000e+00 -6.1723700570e-03
    1.6889317220e-04 -1.0000000000e+00 -6.4407212790e-03
    -8.9839173110e-04 -1.0000000000e+00 -7.0797747130e-03
    -2.7450642930e-03 -1.0000000000e+00 -9.0111602350e-03
    -5.5081521140e-03 -1.0000000000e+00 -1.2599145910e-02
    -9.5883352100e-03 -1.0000000000e+00 -1.7639117160e-02
    -1.5549018520e-02 -1.0000000000e+00 -2.4694109720e-02
    -2.4226155120e-02 -1.0000000000e+00 -3.4549963590e-02
    -3.6869290020e-02 -1.0000000000e+00 -4.8312855070e-02
    -5.5358812690e-02 -1.0000000000e+00 -6.7558679270e-02
    -8.2552393950e-02 -1.0000000000e+00 -9.4564269110e-02
    -1.2284737760e-01 -1.0000000000e+00 -1.3266987890e-01
    -1.8311021780e-01 -1.0000000000e+00 -1.8685609990e-01
    -2.7423703150e-01 -1.0000000000e+00 -2.6467618950e-01
    -4.1380890880e-01 -1.0000000000e+00 -3.7777563440e-01
    -6.3069337850e-01 -1.0000000000e+00 -5.4440551840e-01
    -9.7310609550e-01 -1.0000000000e+00 -7.9355248350e-01
    -1.5249130080e+00 -1.0000000000e+00 -1.1706675350e+00
    -2.5738806650e+00 -1.0000000000e+00 -1.6299209000e+00
    -4.3320859250e+00 -1.0000000000e+00 -2.2197613330e+00
    -7.1914995500e+00 -1.0000000000e+00 -3.0944488780e+00
    -1.1921673290e+01 -1.0000000000e+00 -4.4492300930e+00
    -1.9853802070e+01 -1.0000000000e+00 -6.6869729510e+00
    -3.3260385700e+01 -1.0000000000e+00 -1.0607375320e+01
    -5.6058215570e+01 -1.0000000000e+00 -1.7428547840e+01
    -9.5067348420e+01 -1.0000000000e+00 -2.9163679700e+01
    -1.6212530490e+02 -1.0000000000e+00 -4.9336586710e+01
    -2.7775402870e+02 -1.0000000000e+00 -8.4080416430e+01
    -4.7752580290e+02 -1.0000000000e+00 -1.4402847720e+02
    4.7477526460e-04 -1.0000000000e+00 -3.8283950340e-03
    4.5693267880e-04 -1.0000000000e+00 -3.8328752170e-03
    3.9528482850e-04 -1.0000000000e+00 -3.8486523040e-03
    2.3663406860e-04 -1.0000000000e+00 -3.8916747750e-03
    -1.2164355610e-04 -1.0000000000e+00 -4.0024660790e-03
    -8.6370085450e-04 -1.0000000000e+00 -4.2975485440e-03
    -2.2909423720e-03 -1.0000000000e+00 -5.2646151100e-03
    -4.6024618110e-03 -1.0000000000e+00 -7.2625305420e-03
    -8.0421410930e-03 -1.0000000000e+00 -1.0097236620e-02
    -1.3055521570e-02 -1.0000000000e+00 -1.4083697890e-02
    -2.0288957140e-02 -1.0000000000e+00 -1.9661665440e-02
    -3.0688120330e-02 -1.0000000000e+00 -2.7441573680e-02
    -4.5651177700e-02 -1.0000000000e+00 -3.8280783060e-02
    -6.7263526090e-02 -1.0000000000e+00 -5.3399291460e-02
    -9.8669430040e-02 -1.0000000000e+00 -7.4558693100e-02
    -1.4467276860e-01 -1.0000000000e+00 -1.0434245130e-01
    -2.1272532880e-01 -1.0000000000e+00 -1.4660332970e-01
    -3.1457887970e-01 -1.0000000000e+00 -2.0718632870e-01
    -4.6908306620e-01 -1.0000000000e+00 -2.9510891460e-01
    -7.0700487100e-01 -1.0000000000e+00 -4.2452106490e-01
    -1.0793883910e+00 -1.0000000000e+00 -6.1795243950e-01
    -1.6721816780e+00 -1.0000000000e+00 -9.1162205290e-01
    -2.6711892420e+00 -1.0000000000e+00 -1.3293540490e+00
    -4.4548494090e+00 -1.0000000000e+00 -1.7662405940e+00
    -7.3694749000e+00 -1.0000000000e+00 -2.3735627280e+00
    -1.2191522060e+01 -1.0000000000e+00 -3.3067574320e+00
    -2.0283987920e+01 -1.0000000000e+00 -4.9553239240e+00
    -3.3950640160e+01 -1.0000000000e+00 -7.9426655600e+00
    -5.7185446890e+01 -1.0000000000e+00 -1.3120075600e+01
    -9.6943108180e+01 -1.0000000000e+00 -2.1998794230e+01
    -1.6528673700e+02 -1.0000000000e+00 -3.7246659600e+01
    -2.8312777210e+02 -1.0000000000e+00 -6.3502007380e+01
    -4.8671246030e+02 -1.0000000000e+00 -1.0880317160e+02
    1.5200733190e-04 -1.0000000000e+00 -2.1750719110e-03
    1.3040890180e-04 -1.0000000000e+00 -2.1781341100e-03
    5.0825598490e-05 -1.0000000000e+00 -2.1900862500e-03
    -1.5788615630e-04 -1.0000000000e+00 -2.2269700970e-03
    -6.3291548430e-04 -1.0000000000e+00 -2.3429514260e-03
    -1.6272456390e-03 -1.0000000000e+00 -2.7691614160e-03
    -3.3672736640e-03 -1.0000000000e+00 -3.7187772030e-03
    -6.0358722070e-03 -1.0000000000e+00 -5.0964966960e-03
    -9.9828287280e-03 -1.0000000000e+00 -7.0565102160e-03
    -1.5701986370e-02 -1.0000000000e+00 -9.8174262750e-03
    -2.3901905340e-02 -1.0000000000e+00 -1.3680728080e-02
    -3.5610714070e-02 -1.0000000000e+00 -1.9063727460e-02
    -5.2337341340e-02 -1.0000000000e+00 -2.6551893400e-02
    -7.6320354390e-02 -1.0000000000e+00 -3.6977614520e-02
    -1.1091909180e-01 -1.0000000000e+00 -5.1542155930e-02
    -1.6124413690e-01 -1.0000000000e+00 -7.2007303070e-02
    -2.3519156930e-01 -1.0000000000e+00 -1.0100150610e-01
    -3.4516670750e-01 -1.0000000000e+00 -1.4251372520e-01
    -5.1099581200e-01 -1.0000000000e+00 -2.0270158710e-01
    -7.6492700330e-01 -1.0000000000e+00 -2.9123681420e-01
    -1.1602663550e+00 -1.0000000000e+00 -4.2354619160e-01
    -1.7863634030e+00 -1.0000000000e+00 -6.2452651230e-01
    -2.7963295180e+00 -1.0000000000e+00 -9.3316061990e-01
    -4.5403347550e+00 -1.0000000000e+00 -1.2812777410e+00
    -7.4838026860e+00 -1.0000000000e+00 -1.6179593160e+00
    -1.2371030530e+01 -1.0000000000e+00 -2.1542274490e+00
    -2.0584254500e+01 -1.0000000000e+00 -3.2679437140e+00
    -3.4439232370e+01 -1.0000000000e+00 -5.2957890940e+00
    -5.7990654080e+01 -1.0000000000e+00 -8.7771729320e+00
    -9.8289210190e+01 -1.0000000000e+00 -1.4732219730e+01
    -1.6756064680e+02 -1.0000000000e+00 -2.4953296410e+01
    -2.8699774250e+02 -1.0000000000e+00 -4.2551002440e+01
    -4.9333360500e+02 -1.0000000000e+00 -7.2914236450e+01
    2.7580800090e-05 -1.0000000000e+00 -9.2931050880e-04
    1.2047070450e-06 -1.0000000000e+00 -9.3094051640e-04
    -1.0167986490e-04 -1.0000000000e+00 -9.3884290050e-04
    -3.7599145130e-04 -1.0000000000e+00 -9.7298760850e-04
    -1.0041493580e-03 -1.0000000000e+00 -1.1243444590e-03
    -2.1674189650e-03 -1.0000000000e+00 -1.4433392800e-03
    -4.0541961280e-03 -1.0000000000e+00 -1.9257133160e-03
    -6.9410325850e-03 -1.0000000000e+00 -2.6276415030e-03
    -1.1202108180e-02 -1.0000000000e+00 -3.6291448450e-03
    -1.7361358010e-02 -1.0000000000e+00 -5.0416375580e-03
    -2.6165929300e-02 -1.0000000000e+00 -7.0184462390e-03
    -3.8694846820e-02 -1.0000000000e+00 -9.7713844870e-03
    -5.6525925490e-02 -1.0000000000e+00 -1.3597482510e-02
    -8.1992207230e-02 -1.0000000000e+00 -1.8918983450e-02
    -1.1858631590e-01 -1.0000000000e+00 -2.6344619300e-02
    -1.7160998080e-01 -1.0000000000e+00 -3.6767720140e-02
    -2.4923720120e-01 -1.0000000000e+00 -5.1521341950e-02
    -3.6428391140e-01 -1.0000000000e+00 -7.2629076160e-02
    -5.3719304930e-01 -1.0000000000e+00 -1.0321595460e-01
    -8.0115469350e-01 -1.0000000000e+00 -1.4819339560e-01
    -1.2109322670e+00 -1.0000000000e+00 -2.1540350460e-01
    -1.8581356500e+00 -1.0000000000e+00 -3.1752829250e-01
    -2.8978607700e+00 -1.0000000000e+00 -4.7523872790e-01
    -4.6074905450e+00 -1.0000000000e+00 -7.0206644710e-01
    -7.5322404300e+00 -1.0000000000e+00 -8.3132219330e-01
    -1.2471395730e+01 -1.0000000000e+00 -1.0483530770e+00
    -2.0762268030e+01 -1.0000000000e+00 -1.6247961060e+00
    -3.4731730460e+01 -1.0000000000e+00 -2.6505722350e+00
    -5.8474937030e+01 -1.0000000000e+00 -4.3994576130e+00
    -9.9100408740e+01 -1.0000000000e+00 -7.3873205330e+00
    -1.6893223390e+02 -1.0000000000e+00 -1.2514444450e+01
    -2.8933324030e+02 -1.0000000000e+00 -2.1341537630e+01
    -4.9733077090e+02 -1.0000000000e+00 -3.6571993810e+01
    0.0000000000e+00 -1.0000000000e+00 0.0000000000e+00
    -3.2527749970e-05 -1.0000000000e+00 0.0000000000e+00
    -1.6251928900e-04 -1.0000000000e+00 0.0000000000e+00
    -4.9087629990e-04 -1.0000000000e+00 0.0000000000e+00
    -1.1618373570e-03 -1.0000000000e+00 0.0000000000e+00
    -2.3550485100e-03 -1.0000000000e+00 0.0000000000e+00
    -4.2902886220e-03 -1.0000000000e+00 0.0000000000e+00
    -7.2505051220e-03 -1.0000000000e+00 0.0000000000e+00
    -1.1617933250e-02 -1.0000000000e+00 0.0000000000e+00
    -1.7926752180e-02 -1.0000000000e+00 0.0000000000e+00
    -2.6937200400e-02 -1.0000000000e+00 0.0000000000e+00
    -3.9745473200e-02 -1.0000000000e+00 0.0000000000e+00
    -5.7952827910e-02 -1.0000000000e+00 0.0000000000e+00
    -8.3924219670e-02 -1.0000000000e+00 0.0000000000e+00
    -1.2119738760e-01 -1.0000000000e+00 0.0000000000e+00
    -1.7513905240e-01 -1.0000000000e+00 0.0000000000e+00
    -2.5401782580e-01 -1.0000000000e+00 0.0000000000e+00
    -3.7078976520e-01 -1.0000000000e+00 0.0000000000e+00
    -5.4610877010e-01 -1.0000000000e+00 0.0000000000e+00
    -8.1348818880e-01 -1.0000000000e+00 0.0000000000e+00
    -1.2281943580e+00 -1.0000000000e+00 0.0000000000e+00
    -1.8826256880e+00 -1.0000000000e+00 0.0000000000e+00
    -2.9330937070e+00 -1.0000000000e+00 0.0000000000e+00
    -4.6471893950e+00 -1.0000000000e+00 0.0000000000e+00
    -7.5370993000e+00 -1.0000000000e+00 0.0000000000e+00
    -1.2503999390e+01 -1.0000000000e+00 0.0000000000e+00
    -2.0821492700e+01 -1.0000000000e+00 0.0000000000e+00
    -3.4829300280e+01 -1.0000000000e+00 0.0000000000e+00
    -5.8636688640e+01 -1.0000000000e+00 0.0000000000e+00
    -9.9371500330e+01 -1.0000000000e+00 0.0000000000e+00
    -1.6939072490e+02 -1.0000000000e+00 0.0000000000e+00
    -2.9011407300e+02 -1.0000000000e+00 0.0000000000e+00
    -4.9866731110e+02 -1.0000000000e+00 0.0000000000e+00
    2.7580800090e-05 -1.0000000000e+00 9.2931050880e-04
    1.2047070450e-06 -1.0000000000e+00 9.3094051640e-04
    -1.0167986490e-04 -1.0000000000e+00 9.3884290050e-04
    -3.7599145130e-04 -1.0000000000e+00 9.7298760850e-04
    -1.0041493580e-03 -1.0000000000e+00 1.1243444590e-03
    -2.1674189650e-03 -1.0000000000e+00 1.4433392800e-03
    -4.0541961280e-03 -1.0000000000e+00 1.9257133160e-03
    -6.9410325850e-03 -1.0000000000e+00 2.6276415030e-03
    -1.1202108180e-02 -1.0000000000e+00 3.6291448450e-03
    -1.7361358010e-02 -1.0000000000e+00 5.0416375580e-03
    -2.6165929300e-02 -1.0000000000e+00 7.0184462390e-03
    -3.8694846820e-02 -1.0000000000e+00 9.7713844870e-03
    -5.6525925490e-02 -1.0000000000e+00 1.3597482510e-02
    -8.1992207230e-02 -1.0000000000e+00 1.8918983450e-02
    -1.1858631590e-01 -1.0000000000e+00 2.6344619300e-02
    -1.7160998080e-01 -1.0000000000e+00 3.6767720140e-02
    -2.4923720120e-01 -1.0000000000e+00 5.1521341950e-02
    -3.6428391140e-01 -1.0000000000e+00 7.2629076160e-02
    -5.3719304930e-01 -1.0000000000e+00 1.0321595460e-01
    -8.0115469350e-01 -1.0000000000e+00 1.4819339560e-01
    -1.2109322670e+00 -1.0000000000e+00 2.1540350460e-01
    -1.8581356500e+00 -1.0000000000e+00 3.1752829250e-01
    -2.8978607700e+00 -1.0000000000e+00 4.7523872790e-01
    -4.6074905450e+00 -1.0000000000e+00 7.0206644710e-01
    -7.5322404300e+00 -1.0000000000e+00 8.3132219330e-01
    -1.2471395730e+01 -1.0000000000e+00 1.0483530770e+00
    -2.0762268030e+01 -1.0000000000e+00 1.6247961060e+00
    -3.4731730460e+01 -1.0000000000e+00 2.6505722350e+00
    -5.8474937030e+01 -1.0000000000e+00 4.3994576130e+00
    -9.9100408740e+01 -1.0000000000e+00 7.3873205330e+00
    -1.6893223390e+02 -1.0000000000e+00 1.2514444450e+01
    -2.8933324030e+02 -1.0000000000e+00 2.1341537630e+01
    -4.9733077090e+02 -1.0000000000e+00 3.6571993810e+01
    1.5200733190e-04 -1.0000000000e+00 2.1750719110e-03
    1.3040890180e-04 -1.0000000000e+00 2.1781341100e-03
    5.0825598490e-05 -1.0000000000e+00 2.1900862500e-03
    -1.5788615630e-04 -1.0000000000e+00 2.2269700970e-03
    -6.3291548430e-04 -1.0000000000e+00 2.3429514260e-03
    -1.6272456390e-03 -1.0000000000e+00 2.7691614160e-03
    -3.3672736640e-03 -1.0000000000e+00 3.7187772030e-03
    -6.0358722070e-03 -1.0000000000e+00 5.0964966960e-03
    -9.9828287280e-03 -1.0000000000e+00 7.0565102160e-03
    -1.5701986370e-02 -1.0000000000e+00 9.8174262750e-03
    -2.3901905340e-02 -1.0000000000e+00 1.3680728080e-02
    -3.5610714070e-02 -1.0000000000e+00 1.9063727460e-02
    -5.2337341340e-02 -1.0000000000e+00 2.6551893400e-02
    -7.6320354390e-02 -1.0000000000e+00 3.6977614520e-02
    -1.1091909180e-01 -1.0000000000e+00 5.1542155930e-02
    -1.6124413690e-01 -1.0000000000e+00 7.2007303070e-02
    -2.3519156930e-01 -1.0000000000e+00 1.0100150610e-01
    -3.4516670750e-01 -1.0000000000e+00 1.4251372520e-01
    -5.1099581200e-01 -1.0000000000e+00 2.0270158710e-01
    -7.6492700330e-01 -1.0000000000e+00 2.9123681420e-01
    -1.1602663550e+00 -1.0000000000e+00 4.2354619160e-01
    -1.7863634030e+00 -1.0000000000e+00 6.2452651230e-01
    -2.7963295180e+00 -1.0000000000e+00 9.3316061990e-01
    -4.5403347550e+00 -1.0000000000e+00 1.2812777410e+00
    -7.4838026860e+00 -1.0000000000e+00 1.6179593160e+00
    -1.2371030530e+01 -1.0000000000e+00 2.1542274490e+00
    -2.0584254500e+01 -1.0000000000e+00 3.2679437140e+00
    -3.4439232370e+01 -1.0000000000e+00 5.2957890940e+00
    -5.7990654080e+01 -1.0000000000e+00 8.7771729320e+00
    -9.8289210190e+01 -1.0000000000e+00 1.4732219730e+01
    -1.6756064680e+02 -1.0000000000e+00 2.4953296410e+01
    -2.8699774250e+02 -1.0000000000e+00 4.2551002440e+01
    -4.9333360500e+02 -1.0000000000e+00 7.2914236450e+01
    4.7477526460e-04 -1.0000000000e+00 3.8283950340e-03
    4.5693267880e-04 -1.0000000000e+00 3.8328752170e-03
    3.9528482850e-04 -1.0000000000e+00 3.8486523040e-03
    2.3663406860e-04 -1.0000000000e+00 3.8916747750e-03
    -1.2164355610e-04 -1.0000000000e+00 4.0024660790e-03
    -8.6370085450e-04 -1.0000000000e+00 4.2975485440e-03
    -2.2909423720e-03 -1.0000000000e+00 5.2646151100e-03
    -4.6024618110e-03 -1.0000000000e+00 7.2625305420e-03
    -8.0421410930e-03 -1.0000000000e+00 1.0097236620e-02
    -1.3055521570e-02 -1.0000000000e+00 1.4083697890e-02
    -2.0288957140e-02 -1.0000000000e+00 1.9661665440e-02
    -3.0688120330e-02 -1.0000000000e+00 2.7441573680e-02
    -4.5651177700e-02 -1.0000000000e+00 3.8280783060e-02
    -6.7263526090e-02 -1.0000000000e+00 5.3399291460e-02
    -9.8669430040e-02 -1.0000000000e+00 7.4558693100e-02
    -1.4467276860e-01 -1.0000000000e+00 1.0434245130e-01
    -2.1272532880e-01 -1.0000000000e+00 1.4660332970e-01
    -3.1457887970e-01 -1.0000000000e+00 2.0718632870e-01
    -4.6908306620e-01 -1.0000000000e+00 2.9510891460e-01
    -7.0700487100e-01 -1.0000000000e+00 4.2452106490e-01
    -1.0793883910e+00 -1.0000000000e+00 6.1795243950e-01
    -1.6721816780e+00 -1.0000000000e+00 9.1162205290e-01
    -2.6711892420e+00 -1.0000000000e+00 1.3293540490e+00
    -4.4548494090e+00 -1.0000000000e+00 1.7662405940e+00
    -7.3694749000e+00 -1.0000000000e+00 2.3735627280e+00
    -1.2191522060e+01 -1.0000000000e+00 3.3067574320e+00
    -2.0283987920e+01 -1.0000000000e+00 4.9553239240e+00
    -3.3950640160e+01 -1.0000000000e+00 7.9426655600e+00
    -5.7185446890e+01 -1.0000000000e+00 1.3120075600e+01
    -9.6943108180e+01 -1.0000000000e+00 2.1998794230e+01
    -1.6528673700e+02 -1.0000000000e+00 3.7246659600e+01
    -2.8312777210e+02 -1.0000000000e+00 6.3502007380e+01
    -4.8671246030e+02 -1.0000000000e+00 1.0880317160e+02
    1.1719904320e-03 -1.0000000000e+00 5.9825617540e-03
    1.1572521950e-03 -1.0000000000e+00 5.9884300620e-03
    1.1097828100e-03 -1.0000000000e+00 6.0074686100e-03
    9.9034968050e-04 -1.0000000000e+00 6.0564672410e-03
    7.2277720460e-04 -1.0000000000e+00 6.1723700570e-03
    1.6889317220e-04 -1.0000000000e+00 6.4407212790e-03
    -8.9839173110e-04 -1.0000000000e+00 7.0797747130e-03
    -2.7450642930e-03 -1.0000000000e+00 9.0111602350e-03
    -5.5081521140e-03 -1.0000000000e+00 1.2599145910e-02
    -9.5883352100e-03 -1.0000000000e+00 1.7639117160e-02
    -1.5549018520e-02 -1.0000000000e+00 2.4694109720e-02
    -2.4226155120e-02 -1.0000000000e+00 3.4549963590e-02
    -3.6869290020e-02 -1.0000000000e+00 4.8312855070e-02
    -5.5358812690e-02 -1.0000000000e+00 6.7558679270e-02
    -8.2552393950e-02 -1.0000000000e+00 9.4564269110e-02
    -1.2284737760e-01 -1.0000000000e+00 1.3266987890e-01
    -1.8311021780e-01 -1.0000000000e+00 1.8685609990e-01
    -2.7423703150e-01 -1.0000000000e+00 2.6467618950e-01
    -4.1380890880e-01 -1.0000000000e+00 3.7777563440e-01
    -6.3069337850e-01 -1.0000000000e+00 5.4440551840e-01
    -9.7310609550e-01 -1.0000000000e+00 7.9355248350e-01
    -1.5249130080e+00 -1.0000000000e+00 1.1706675350e+00
    -2.5738806650e+00 -1.0000000000e+00 1.6299209000e+00
    -4.3320859250e+00 -1.0000000000e+00 2.2197613330e+00
    -7.1914995500e+00 -1.0000000000e+00 3.0944488780e+00
    -1.1921673290e+01 -1.0000000000e+00 4.4492300930e+00
    -1.9853802070e+01 -1.0000000000e+00 6.6869729510e+00
    -3.3260385700e+01 -1.0000000000e+00 1.0607375320e+01
    -5.6058215570e+01 -1.0000000000e+00 1.7428547840e+01
    -9.5067348420e+01 -1.0000000000e+00 2.9163679700e+01
    -1.6212530490e+02 -1.0000000000e+00 4.9336586710e+01
    -2.7775402870e+02 -1.0000000000e+00 8.4080416430e+01
    -4.7752580290e+02 -1.0000000000e+00 1.4402847720e+02
    2.5179680960e-03 -1.0000000000e+00 8.7075970850e-03
    2.5059314150e-03 -1.0000000000e+00 8.7147205000e-03
    2.4699174780e-03 -1.0000000000e+00 8.7361010520e-03
    2.3816877870e-03 -1.0000000000e+00 8.7890039230e-03
    2.1860723380e-03 -1.0000000000e+00 8.9091976350e-03
    1.7811819110e-03 -1.0000000000e+00 9.1714164210e-03
    9.9387542890e-04 -1.0000000000e+00 9.7364743860e-03
    -4.3042389630e-04 -1.0000000000e+00 1.0977076870e-02
    -2.5418436600e-03 -1.0000000000e+00 1.4455757570e-02
    -5.5090807670e-03 -1.0000000000e+00 2.0340320490e-02
    -9.9584119150e-03 -1.0000000000e+00 2.8588458860e-02
    -1.6593190240e-02 -1.0000000000e+00 4.0139495590e-02
    -2.6482330900e-02 -1.0000000000e+00 5.6319872640e-02
    -4.1258029300e-02 -1.0000000000e+00 7.9022684890e-02
    -6.3432593250e-02 -1.0000000000e+00 1.1098601340e-01
    -9.6916318820e-02 -1.0000000000e+00 1.5622957720e-01
    -1.4787920630e-01 -1.0000000000e+00 2.2074903390e-01
    -2.2620767080e-01 -1.0000000000e+00 3.1363548680e-01
    -3.4800342180e-01 -1.0000000000e+00 4.4889752480e-01
    -5.3996592720e-01 -1.0000000000e+00 6.4846022380e-01
    -8.4723653140e-01 -1.0000000000e+00 9.4703648930e-01
    -1.3963533210e+00 -1.0000000000e+00 1.3785263390e+00
    -2.4640996270e+00 -1.0000000000e+00 1.8991153560e+00
    -4.1738072230e+00 -1.0000000000e+00 2.6471438830e+00
    -6.9564765930e+00 -1.0000000000e+00 3.7765411400e+00
    -1.1562618150e+01 -1.0000000000e+00 5.5443115610e+00
    -1.9289230910e+01 -1.0000000000e+00 8.4145464910e+00
    -3.2361413570e+01 -1.0000000000e+00 1.3286095240e+01
    -5.4603930400e+01 -1.0000000000e+00 2.1705900000e+01
    -9.2664292840e+01 -1.0000000000e+00 3.6213868470e+01
    -1.5809169050e+02 -1.0000000000e+00 6.1178239380e+01
    -2.7091421020e+02 -1.0000000000e+00 1.0418700400e+02
    -4.6585103570e+02 -1.0000000000e+00 1.7839632610e+02
    4.8857378340e-03 -1.0000000000e+00 1.2021987470e-02
    4.8760924680e-03 -1.0000000000e+00 1.2030088010e-02
    4.8492981370e-03 -1.0000000000e+00 1.2052625780e-02
    4.7856185650e-03 -1.0000000000e+00 1.2106453710e-02
    4.6463655950e-03 -1.0000000000e+00 1.2225617650e-02
    4.3589844170e-03 -1.0000000000e+00 1.2478301930e-02
    3.7959005550e-03 -1.0000000000e+00 1.3001417300e-02
    2.7556073680e-03 -1.0000000000e+00 1.4074271400e-02
    9.8598713590e-04 -1.0000000000e+00 1.6300610500e-02
    -1.0471975730e-03 -1.0000000000e+00 2.2110526250e-02
    -3.8188281570e-03 -1.0000000000e+00 3.1242181130e-02
    -8.1872501030e-03 -1.0000000000e+00 4.4076111940e-02
    -1.5015957870e-02 -1.0000000000e+00 6.2126753710e-02
    -2.5655376460e-02 -1.0000000000e+00 8.7561329110e-02
    -4.2227479110e-02 -1.0000000000e+00 1.2352015220e-01
    -6.8095472780e-02 -1.0000000000e+00 1.7461928830e-01
    -1.0865284200e-01 -1.0000000000e+00 2.4774958560e-01
    -1.7267169270e-01 -1.0000000000e+00 3.5336263300e-01
    -2.7464936070e-01 -1.0000000000e+00 5.0755903600e-01
    -4.3901632640e-01 -1.0000000000e+00 7.3550989430e-01
    -7.0829386130e-01 -1.0000000000e+00 1.0769132770e+00
    -1.3034974510e+00 -1.0000000000e+00 1.5376259540e+00
    -2.3353876030e+00 -1.0000000000e+00 2.1498731910e+00
    -3.9842571800e+00 -1.0000000000e+00 3.0474830760e+00
    -6.6711190570e+00 -1.0000000000e+00 4.4173605220e+00
    -1.1122746460e+01 -1.0000000000e+00 6.5777450930e+00
    -1.8596035450e+01 -1.0000000000e+00 1.0081341850e+01
    -3.1255464890e+01 -1.0000000000e+00 1.5932537540e+01
    -5.2820915840e+01 -1.0000000000e+00 2.5931450360e+01
    -8.9736827290e+01 -1.0000000000e+00 4.3128507020e+01
    -1.5320310080e+02 -1.0000000000e+00 7.2727359460e+01
    -2.6265386720e+02 -1.0000000000e+00 1.2372755850e+02
    -4.5178655810e+02 -1.0000000000e+00 2.1172006210e+02
    8.7229489560e-03 -1.0000000000e+00 1.5888360550e-02
    8.7153576900e-03 -1.0000000000e+00 1.5897085420e-02
    8.6957292230e-03 -1.0000000000e+00 1.5919664230e-02
    8.6506021410e-03 -1.0000000000e+00 1.5971716040e-02
    8.5536006690e-03 -1.0000000000e+00 1.6084371610e-02
    8.3547916460e-03 -1.0000000000e+00 1.6318845650e-02
    7.9640896380e-03 -1.0000000000e+00 1.6794668630e-02
    7.2314030000e-03 -1.0000000000e+00 1.7745262590e-02
    5.9418920680e-03 -1.0000000000e+00 1.9631208250e-02
    3.9065909720e-03 -1.0000000000e+00 2.3413985000e-02
    2.5720184510e-03 -1.0000000000e+00 3.2637937840e-02
    6.0170621900e-04 -1.0000000000e+00 4.6335855030e-02
    -2.9817238540e-03 -1.0000000000e+00 6.5701729880e-02
    -9.2231876290e-03 -1.0000000000e+00 9.3132134370e-02
    -1.9822926240e-02 -1.0000000000e+00 1.3210930060e-01
    -3.7556431760e-02 -1.0000000000e+00 1.8776232740e-01
    -6.6989752720e-02 -1.0000000000e+00 2.6775906410e-01
    -1.1572289810e-01 -1.0000000000e+00 3.8374072040e-01
    -1.9660782730e-01 -1.0000000000e+00 5.5364797290e-01
    -3.3188477060e-01 -1.0000000000e+00 8.0551961540e-01
    -5.8200958560e-01 -1.0000000000e+00 1.1825168500e+00
    -1.2045443670e+00 -1.0000000000e+00 1.6816023950e+00
    -2.1899672040e+00 -1.0000000000e+00 2.3824467380e+00
    -3.7674472990e+00 -1.0000000000e+00 3.4201289630e+00
    -6.3417679760e+00 -1.0000000000e+00 5.0153921150e+00
    -1.0611900820e+01 -1.0000000000e+00 7.5443433490e+00
    -1.7787597480e+01 -1.0000000000e+00 1.1654289890e+01
    -2.9958424930e+01 -1.0000000000e+00 1.8481234680e+01
    -5.0723141650e+01 -1.0000000000e+00 3.0046239780e+01
    -8.6300907500e+01 -1.0000000000e+00 4.9855468790e+01
    -1.4748999810e+02 -1.0000000000e+00 8.3916986940e+01
    -2.5303802920e+02 -1.0000000000e+00 1.4259019020e+02
    -4.3546605270e+02 -1.0000000000e+00 2.4379689150e+02
    1.4537681460e-02 -1.0000000000e+00 2.0239980220e-02
    1.4531771160e-02 -1.0000000000e+00 2.0249021180e-02
    1.4517472870e-02 -1.0000000000e+00 2.0270904390e-02
    1.4485716550e-02 -1.0000000000e+00 2.0319586660e-02
    1.4418802010e-02 -1.0000000000e+00 2.0422592690e-02
    1.4283097550e-02 -1.0000000000e+00 2.0633464130e-02
    1.4016954920e-02 -1.0000000000e+00 2.1055356960e-02
    1.3513743510e-02 -1.0000000000e+00 2.1885956980e-02
    1.2607962930e-02 -1.0000000000e+00 2.3504206760e-02
    1.1101081410e-02 -1.0000000000e+00 2.6644886230e-02
    9.0823480430e-03 -1.0000000000e+00 3.2952290530e-02
    9.4220398770e-03 -1.0000000000e+00 4.6987790870e-02
    9.1606274360e-03 -1.0000000000e+00 6.7132125210e-02
    7.4359293440e-03 -1.0000000000e+00 9.5846565620e-02
    2.9885455540e-03 -1.0000000000e+00 1.3689680160e-01
    -6.3456828690e-03 -1.0000000000e+00 1.9584572070e-01
    -2.4279690350e-02 -1.0000000000e+00 2.8102854460e-01
    -5.7225166290e-02 -1.0000000000e+00 4.0512317150e-01
    -1.1642564810e-01 -1.0000000000e+00 5.8769966020e-01
    -2.2220479420e-01 -1.0000000000e+00 8.5938929110e-01
    -5.0275685560e-01 -1.0000000000e+00 1.2642576150e+00
    -1.0971408380e+00 -1.0000000000e+00 1.8136859640e+00
    -2.0301315190e+00 -1.0000000000e+00 2.5968455520e+00
    -3.5270552060e+00 -1.0000000000e+00 3.7647893800e+00
    -5.9743286560e+00 -1.0000000000e+00 5.5698116160e+00
    -1.0039651210e+01 -1.0000000000e+00 8.4419198330e+00
    -1.6879443320e+01 -1.0000000000e+00 1.3119736900e+01
    -2.8495163750e+01 -1.0000000000e+00 2.0882614910e+01
    -4.8343873780e+01 -1.0000000000e+00 3.3974049840e+01
    -8.2397721060e+01 -1.0000000000e+00 5.6309247120e+01
    -1.4101280520e+02 -1.0000000000e+00 9.4644066900e+01
    -2.4217165430e+02 -1.0000000000e+00 1.6062681020e+02
    -4.1708422010e+02 -1.0000000000e+00 2.7438668420e+02
    2.2919585230e-02 -1.0000000000e+00 2.5006921500e-02
    2.2915003110e-02 -1.0000000000e+00 2.5016074380e-02
    2.2904557110e-02 -1.0000000000e+00 2.5036947260e-02
    2.2882137990e-02 -1.0000000000e+00 2.5081791580e-02
    2.2835904510e-02 -1.0000000000e+00 2.5174517450e-02
    2.2743379320e-02 -1.0000000000e+00 2.5361213120e-02
    2.2563027470e-02 -1.0000000000e+00 2.5729872380e-02
    2.2221267370e-02 -1.0000000000e+00 2.6447339870e-02
    2.1597404210e-02 -1.0000000000e+00 2.7828795070e-02
    2.0523983980e-02 -1.0000000000e+00 3.0470774610e-02
    1.8876140400e-02 -1.0000000000e+00 3.5522196110e-02
    1.7992263310e-02 -1.0000000000e+00 4.6177574070e-02
    2.1026582080e-02 -1.0000000000e+00 6.6592804310e-02
    2.3817790820e-02 -1.0000000000e+00 9.5928220630e-02
    2.5543943390e-02 -1.0000000000e+00 1.3817118120e-01
    2.4661873250e-02 -1.0000000000e+00 1.9924618730e-01
    1.8316803820e-02 -1.0000000000e+00 2.8805950780e-01
    1.2670242600e-03 -1.0000000000e+00 4.1819985370e-01
    -3.6229437030e-02 -1.0000000000e+00 6.1071649390e-01
    -1.1323296360e-01 -1.0000000000e+00 8.9878520460e-01
    -4.2641079690e-01 -1.0000000000e+00 1.3360462240e+00
    -9.8245513420e-01 -1.0000000000e+00 1.9341468080e+00
    -1.8579517050e+00 -1.0000000000e+00 2.7932036990e+00
    -3.2664436800e+00 -1.0000000000e+00 4.0814486120e+00
    -5.5742701480e+00 -1.0000000000e+00 6.0803281830e+00
    -9.4149859820e+00 -1.0000000000e+00 9.2696159570e+00
    -1.5886693260e+01 -1.0000000000e+00 1.4473001340e+01
    -2.6892437950e+01 -1.0000000000e+00 2.3111120780e+01
    -4.5727699640e+01 -1.0000000000e+00 3.7652875620e+01
    -7.8093203900e+01 -1.0000000000e+00 6.2396372580e+01
    -1.3387014560e+02 -1.0000000000e+00 1.0478305080e+02
    -2.3021527270e+02 -1.0000000000e+00 1.7765943280e+02
    -3.9691926230e+02 -1.0000000000e+00 3.0321636050e+02
    3.4579098090e-02 -1.0000000000e+00 3.0117424120e-02
    3.4575553850e-02 -1.0000000000e+00 3.0126578970e-02
    3.4567877010e-02 -1.0000000000e+00 3.0146412680e-02
    3.4551926400e-02 -1.0000000000e+00 3.0187651330e-02
    3.4519745140e-02 -1.0000000000e+00 3.0271000890e-02
    3.4456292220e-02 -1.0000000000e+00 3.0436012850e-02
    3.4333707440e-02 -1.0000000000e+00 3.0757593760e-02
    3.4101952800e-02 -1.0000000000e+00 3.1376642890e-02
    3.3675946100e-02 -1.0000000000e+00 3.2556858600e-02
    3.2926403690e-02 -1.0000000000e+00 3.4790631400e-02
    3.1709491400e-02 -1.0000000000e+00 3.9001262650e-02
    3.0085054640e-02 -1.0000000000e+00 4.6968259240e-02
    3.2317059320e-02 -1.0000000000e+00 6.4313955210e-02
    3.9527790130e-02 -1.0000000000e+00 9.3670966490e-02
    4.7323079180e-02 -1.0000000000e+00 1.3631143410e-01
    5.4779115000e-02 -1.0000000000e+00 1.9845804770e-01
    5.9888434360e-02 -1.0000000000e+00 2.8950824240e-01
    5.8534108960e-02 -1.0000000000e+00 4.2386915960e-01
    4.2307175110e-02 -1.0000000000e+00 6.2399728940e-01
    -1.9131876100e-02 -1.0000000000e+00 9.3033182540e-01
    -3.4686513650e-01 -1.0000000000e+00 1.4006579530e+00
    -8.6160302190e-01 -1.0000000000e+00 2.0432245600e+00
    -1.6752983980e+00 -1.0000000000e+00 2.9717525660e+00
    -2.9886877820e+00 -1.0000000000e+00 4.3703051810e+00
    -5.1466450260e+00 -1.0000000000e+00 6.5470731330e+00
    -8.7462815840e+00 -1.0000000000e+00 1.0027427560e+01
    -1.4823505250e+01 -1.0000000000e+00 1.5713093820e+01
    -2.5175551270e+01 -1.0000000000e+00 2.5157118000e+01
    -4.2921054310e+01 -1.0000000000e+00 4.1046907550e+01
    -7.3466759710e+01 -1.0000000000e+00 6.8043434420e+01
    -1.2619159300e+02 -1.0000000000e+00 1.1421691550e+02
    -2.1738273670e+02 -1.0000000000e+00 1.9351177320e+02
    -3.7533348650e+02 -1.0000000000e+00 3.3001654230e+02
    5.0376712390e-02 -1.0000000000e+00 3.5478903490e-02
    5.0373986230e-02 -1.0000000000e+00 3.5488011360e-02
    5.0368328450e-02 -1.0000000000e+00 3.5506916350e-02
    5.0356912860e-02 -1.0000000000e+00 3.5545079200e-02
    5.0334362310e-02 -1.0000000000e+00 3.5620559940e-02
    5.0290575390e-02 -1.0000000000e+00 3.5767536890e-02
    5.0206867600e-02 -1.0000000000e+00 3.6050225620e-02
    5.0049460220e-02 -1.0000000000e+00 3.6588544510e-02
    4.9759652430e-02 -1.0000000000e+00 3.7605305190e-02
    4.9243063350e-02 -1.0000000000e+00 3.9512944470e-02
    4.8373816020e-02 -1.0000000000e+00 4.3074032860e-02
    4.7080882620e-02 -1.0000000000e+00 4.9708267260e-02
    4.5833508500e-02 -1.0000000000e+00 6.2175289120e-02
    5.4278583820e-02 -1.0000000000e+00 8.9402468200e-02
    6.7944642750e-02 -1.0000000000e+00 1.3173997710e-01
    8.3500542920e-02 -1.0000000000e+00 1.9403190510e-01
    9.9764040930e-02 -1.0000000000e+00 2.8610522920e-01
    1.1367858250e-01 -1.0000000000e+00 4.2313074620e-01
    1.1794405380e-01 -1.0000000000e+00 6.2899622580e-01
    3.8917009500e-02 -1.0000000000e+00 9.6196361010e-01
    -2.6450249590e-01 -1.0000000000e+00 1.4583669170e+00
    -7.3558460910e-01 -1.0000000000e+00 2.1411782800e+00
    -1.4838671630e+00 -1.0000000000e+00 3.1327969340e+00
    -2.6966030080e+00 -1.0000000000e+00 4.6317265320e+00
    -4.6961169450e+00 -1.0000000000e+00 6.9705180260e+00
    -8.0413207780e+00 -1.0000000000e+00 1.0716010020e+01
    -1.3703059480e+01 -1.0000000000e+00 1.6840823100e+01
    -2.3367778950e+01 -1.0000000000e+00 2.7019044770e+01
    -3.9967716840e+01 -1.0000000000e+00 4.4141570770e+01
    -6.8600188810e+01 -1.0000000000e+00 7.3207515380e+01
    -1.1812189200e+02 -1.0000000000e+00 1.2286190860e+02
    -2.0392137990e+02 -1.0000000000e+00 2.0804571000e+02
    -3.5274595410e+02 -1.0000000000e+00 3.5457218990e+02
    7.1325381960e-02 -1.0000000000e+00 4.0950878490e-02
    7.1323314090e-02 -1.0000000000e+00 4.0959923310e-02
    7.1319169100e-02 -1.0000000000e+00 4.0978055450e-02
    7.1311016640e-02 -1.0000000000e+00 4.1013730680e-02
    7.1295221210e-02 -1.0000000000e+00 4.1082913310e-02
    7.1265003170e-02 -1.0000000000e+00 4.1215536130e-02
    7.1207869560e-02 -1.0000000000e+00 4.1467391600e-02
    7.1101195100e-02 -1.0000000000e+00 4.1941940150e-02
    7.0905187600e-02 -1.0000000000e+00 4.2830174310e-02
    7.0553664520e-02 -1.0000000000e+00 4.4483305030e-02
    6.9949379760e-02 -1.0000000000e+00 4.7545275310e-02
    6.8995371400e-02 -1.0000000000e+00 5.3196511820e-02
    6.7789361500e-02 -1.0000000000e+00 6.3622927020e-02
    6.8294224480e-02 -1.0000000000e+00 8.3561443470e-02
    8.7151424740e-02 -1.0000000000e+00 1.2488636200e-01
    1.1048239640e-01 -1.0000000000e+00 1.8652780380e-01
    1.3748594300e-01 -1.0000000000e+00 2.7859385910e-01
    1.6608934550e-01 -1.0000000000e+00 4.1700416860e-01
    1.8982283720e-01 -1.0000000000e+00 6.2721951540e-01
    9.2486610660e-02 -1.0000000000e+00 9.8977830590e-01
    -1.7981477680e-01 -1.0000000000e+00 1.5093808190e+00
    -6.0530086410e-01 -1.0000000000e+00 2.2282804250e+00
    -1.2852010550e+00 -1.0000000000e+00 3.2766983070e+00
    -2.3927718250e+00 -1.0000000000e+00 4.8662161770e+00
    -4.2269896900e+00 -1.0000000000e+00 7.3514139320e+00
    -7.3073204640e+00 -1.0000000000e+00 1.1336560210e+01
    -1.2537612600e+01 -1.0000000000e+00 1.7858151270e+01
    -2.1490655190e+01 -1.0000000000e+00 2.8699312980e+01
    -3.6908332900e+01 -1.0000000000e+00 4.6935149200e+01
    -6.3572292680e+01 -1.0000000000e+00 7.7872095680e+01
    -1.0980640600e+02 -1.0000000000e+00 1.3067538950e+02
    -1.9008488710e+02 -1.0000000000e+00 2.2118363550e+02
    -3.2958759090e+02 -1.0000000000e+00 3.7676131320e+02
    9.8552636650e-02 -1.0000000000e+00 4.6318064320e-02
    9.8551112300e-02 -1.0000000000e+00 4.6327045330e-02
    9.8548139890e-02 -1.0000000000e+00 4.6344559220e-02
    9.8542417640e-02 -1.0000000000e+00 4.6378284570e-02
    9.8531517940e-02 -1.0000000000e+00 4.6442568100e-02
    9.8510948310e-02 -1.0000000000e+00 4.6564070820e-02
    9.8472472530e-02 -1.0000000000e+00 4.6792104320e-02
    9.8401193780e-02 -1.0000000000e+00 4.7217492650e-02
    9.8270770760e-02 -1.0000000000e+00 4.8006885090e-02
    9.8036553630e-02 -1.0000000000e+00 4.9464992130e-02
    9.7629338250e-02 -1.0000000000e+00 5.2147184710e-02
    9.6964614770e-02 -1.0000000000e+00 5.7063238730e-02
    9.6027183930e-02 -1.0000000000e+00 6.6050405540e-02
    9.5275583720e-02 -1.0000000000e+00 8.2501156910e-02
    1.0479322490e-01 -1.0000000000e+00 1.1616246920e-01
    1.3551633030e-01 -1.0000000000e+00 1.7648284870e-01
    1.7277525420e-01 -1.0000000000e+00 2.6768809280e-01
    2.1539563950e-01 -1.0000000000e+00 4.0647252250e-01
    2.5738932800e-01 -1.0000000000e+00 6.2017127260e-01
    1.4673089850e-01 -1.0000000000e+00 1.0138634560e+00
    -9.3247360860e-02 -1.0000000000e+00 1.5538975980e+00
    -4.7156866920e-01 -1.0000000000e+00 2.3048126230e+00
    -1.0807099730e+00 -1.0000000000e+00 3.4038634810e+00
    -2.0795673070e+00 -1.0000000000e+00 5.0743899180e+00
    -3.7432343460e+00 -1.0000000000e+00 7.6907460340e+00
    -6.5509598550e+00 -1.0000000000e+00 1.1890731050e+01
    -1.1338548590e+01 -1.0000000000e+00 1.8767930210e+01
    -1.9564371960e+01 -1.0000000000e+00 3.0202569790e+01
    -3.3781335470e+01 -1.0000000000e+00 4.9433091640e+01
    -5.8457208850e+01 -1.0000000000e+00 8.2039344290e+01
    -1.0138067280e+02 -1.0000000000e+00 1.3765211590e+02
    -1.7610831140e+02 -1.0000000000e+00 2.3291257780e+02
    -3.0625614490e+02 -1.0000000000e+00 3.9656765780e+02
    1.3320570850e-01 -1.0000000000e+00 5.1271725800e-02
    1.3320464400e-01 -1.0000000000e+00 5.1280648160e-02
    1.3320261230e-01 -1.0000000000e+00 5.1297678590e-02
    1.3319876840e-01 -1.0000000000e+00 5.1329905460e-02
    1.3319155120e-01 -1.0000000000e+00 5.1390449030e-02
    1.3317809260e-01 -1.0000000000e+00 5.1503492810e-02
    1.3315316460e-01 -1.0000000000e+00 5.1713446340e-02
    1.3310734200e-01 -1.0000000000e+00 5.2101587190e-02
    1.3302394420e-01 -1.0000000000e+00 5.2816206100e-02
    1.3287445240e-01 -1.0000000000e+00 5.4127060280e-02
    1.3261346410e-01 -1.0000000000e+00 5.6523443670e-02
    1.3218039540e-01 -1.0000000000e+00 6.0890342010e-02
    1.3153800220e-01 -1.0000000000e+00 6.8825049420e-02
    1.3086093480e-01 -1.0000000000e+00 8.3215903930e-02
    1.3137139220e-01 -1.0000000000e+00 1.0940683420e-01
    1.5850183730e-01 -1.0000000000e+00 1.6439120870e-01
    2.0549575380e-01 -1.0000000000e+00 2.5404616800e-01
    2.6141903840e-01 -1.0000000000e+00 3.9244720360e-01
    3.1945451790e-01 -1.0000000000e+00 6.1041035410e-01
    2.0165375740e-01 -1.0000000000e+00 1.0343320100e+00
    -5.2037014700e-03 -1.0000000000e+00 1.5921070810e+00
    -3.3513325190e-01 -1.0000000000e+00 2.3710633340e+00
    -8.7168692630e-01 -1.0000000000e+00 3.5147368410e+00
    -1.7591733540e+00 -1.0000000000e+00 5.2569585690e+00
    -3.2485128600e+00 -1.0000000000e+00 7.9896991120e+00
    -5.7784054640e+00 -1.0000000000e+00 1.2380565410e+01
    -1.0116437010e+01 -1.0000000000e+00 1.9573752530e+01
    -1.7608165040e+01 -1.0000000000e+00 3.1534998190e+01
    -3.0623606980e+01 -1.0000000000e+00 5.1645285290e+01
    -5.3322886620e+01 -1.0000000000e+00 8.5724543910e+01
    -9.2962543220e+01 -1.0000000000e+00 1.4381681620e+02
    -1.6219025920e+02 -1.0000000000e+00 2.4327537380e+02
    -2.8308507730e+02 -1.0000000000e+00 4.1406871780e+02
    1.7628396430e-01 -1.0000000000e+00 5.5411858150e-02
    1.7628329570e-01 -1.0000000000e+00 5.5420728520e-02
    1.7628204020e-01 -1.0000000000e+00 5.5437386270e-02
    1.7627969730e-01 -1.0000000000e+00 5.5468478310e-02
    1.7627534930e-01 -1.0000000000e+00 5.5526209210e-02
    1.7626732210e-01 -1.0000000000e+00 5.5632915110e-02
    1.7625258210e-01 -1.0000000000e+00 5.5829353970e-02
    1.7622568570e-01 -1.0000000000e+00 5.6189698730e-02
    1.7617702950e-01 -1.0000000000e+00 5.6848591790e-02
    1.7609020230e-01 -1.0000000000e+00 5.8049846720e-02
    1.7593894910e-01 -1.0000000000e+00 6.0233876480e-02
    1.7568751540e-01 -1.0000000000e+00 6.4194143520e-02
    1.7531035010e-01 -1.0000000000e+00 7.1356341280e-02
    1.7488997990e-01 -1.0000000000e+00 8.4277597200e-02
    1.7501092320e-01 -1.0000000000e+00 1.0756335170e-01
    1.8023704410e-01 -1.0000000000e+00 1.5072372260e-01
    2.3562023190e-01 -1.0000000000e+00 2.3825664490e-01
    3.0412852000e-01 -1.0000000000e+00 3.7574899450e-01
    3.6455740530e-01 -1.0000000000e+00 6.1050369620e-01
    2.5708989990e-01 -1.0000000000e+00 1.0512914410e+00
    8.3947678090e-02 -1.0000000000e+00 1.6241920130e+00
    -1.9667834230e-01 -1.0000000000e+00 2.4273268090e+00
    -6.5932144520e-01 -1.0000000000e+00 3.6097952590e+00
    -1.4336013810e+00 -1.0000000000e+00 5.4147152040e+00
    -2.7461972910e+00 -1.0000000000e+00 8.2496304400e+00
    -4.9953321740e+00 -1.0000000000e+00 1.2808442120e+01
    -8.8811218910e+00 -1.0000000000e+00 2.0279845900e+01
    -1.5640630890e+01 -1.0000000000e+00 3.2704057010e+01
    -2.7470035400e+01 -1.0000000000e+00 5.3585134520e+01
    -4.8228164090e+01 -1.0000000000e+00 8.8952937220e+01
    -8.4646514130e+01 -1.0000000000e+00 1.4921627590e+02
    -1.4848467370e+02 -1.0000000000e+00 2.5235522450e+02
    -2.6033207590e+02 -1.0000000000e+00 4.2940924940e+02
    2.2839725040e-01 -1.0000000000e+00 5.8285855020e-02
    2.2839692470e-01 -1.0000000000e+00 5.8294680000e-02
    2.2839632030e-01 -1.0000000000e+00 5.8311054170e-02
    2.2839520410e-01 -1.0000000000e+00 5.8341300230e-02
    2.2839315170e-01 -1.0000000000e+00 5.8396951650e-02
    2.2838939390e-01 -1.0000000000e+00 5.8498992670e-02
    2.2838254610e-01 -1.0000000000e+00 5.8685512170e-02
    2.2837014360e-01 -1.0000000000e+00 5.9025495080e-02
    2.2834788570e-01 -1.0000000000e+00 5.9643626040e-02
    2.2830855400e-01 -1.0000000000e+00 6.0764809550e-02
    2.2824101920e-01 -1.0000000000e+00 6.2793890480e-02
    2.2813163850e-01 -1.0000000000e+00 6.6457988890e-02
    2.2797724510e-01 -1.0000000000e+00 7.3059755050e-02
    2.2784255470e-01 -1.0000000000e+00 8.4926860090e-02
    2.2807573740e-01 -1.0000000000e+00 1.0621467340e-01
    2.3012353970e-01 -1.0000000000e+00 1.4441244880e-01
    2.6320197680e-01 -1.0000000000e+00 2.2083324380e-01
    3.4360110900e-01 -1.0000000000e+00 3.5710097740e-01
    3.9760730630e-01 -1.0000000000e+00 6.1584244700e-01
    3.1288042190e-01 -1.0000000000e+00 1.0648405960e+00
    1.7386744810e-01 -1.0000000000e+00 1.6503293080e+00
    -5.6834393200e-02 -1.0000000000e+00 2.4739029250e+00
    -4.4471040800e-01 -1.0000000000e+00 3.6895447530e+00
    -1.1047036460e+00 -1.0000000000e+00 5.5485254050e+00
    -2.2393847080e+00 -1.0000000000e+00 8.4720474060e+00
    -4.2069428920e+00 -1.0000000000e+00 1.3177029910e+01
    -7.6418593270e+00 -1.0000000000e+00 2.0890999360e+01
    -1.3679767790e+01 -1.0000000000e+00 3.3718442510e+01
    -2.4351758820e+01 -1.0000000000e+00 5.5269330810e+01
    -4.3219503370e+01 -1.0000000000e+00 9.1757308340e+01
    -7.6501806740e+01 -1.0000000000e+00 1.5391127550e+02
    -1.3510219580e+02 -1.0000000000e+00 2.6025873560e+02
    -2.3818397240e+02 -1.0000000000e+00 4.4277199380e+02
    2.8948140320e-01 -1.0000000000e+00 5.9472392750e-02
    2.8948137180e-01 -1.0000000000e+00 5.9481178830e-02
    2.8948131420e-01 -1.0000000000e+00 5.9497341970e-02
    2.8948120870e-01 -1.0000000000e+00 5.9526973770e-02
    2.8948101660e-01 -1.0000000000e+00 5.9581130670e-02
    2.8948066950e-01 -1.0000000000e+00 5.9679837800e-02
    2.8948005050e-01 -1.0000000000e+00 5.9859293310e-02
    2.8947897220e-01 -1.0000000000e+00 6.0184811200e-02
    2.8947718350e-01 -1.0000000000e+00 6.0774037320e-02
    2.8947453210e-01 -1.0000000000e+00 6.1838522610e-02
    2.8947177860e-01 -1.0000000000e+00 6.3758022640e-02
    2.8947380020e-01 -1.0000000000e+00 6.7212956700e-02
    2.8950109490e-01 -1.0000000000e+00 7.3419808570e-02
    2.8962914930e-01 -1.0000000000e+00 8.4548044830e-02
    2.9011979410e-01 -1.0000000000e+00 1.0445828160e-01
    2.9186518750e-01 -1.0000000000e+00 1.4003283800e-01
    2.9820581700e-01 -1.0000000000e+00 2.0388133100e-01
    3.7998893970e-01 -1.0000000000e+00 3.3712955760e-01
    4.2952562630e-01 -1.0000000000e+00 6.2007622070e-01
    3.6887747820e-01 -1.0000000000e+00 1.0750704590e+00
    2.6424086540e-01 -1.0000000000e+00 1.6706914440e+00
    8.3814854750e-02 -1.0000000000e+00 2.5110975750e+00
    -2.2886659160e-01 -1.0000000000e+00 3.7545182590e+00
    -7.7418349490e-01 -1.0000000000e+00 5.6593193410e+00
    -1.7309081540e+00 -1.0000000000e+00 8.6585877860e+00
    -3.4179936780e+00 -1.0000000000e+00 1.3489247390e+01
    -6.4074859600e+00 -1.0000000000e+00 2.1412529130e+01
    -1.1742443180e+01 -1.0000000000e+00 3.4588131470e+01
    -2.1293801500e+01 -1.0000000000e+00 5.6717448230e+01
    -3.8329551940e+01 -1.0000000000e+00 9.4175107080e+01
    -6.8574941680e+01 -1.0000000000e+00 1.5796889880e+02
    -1.2211788320e+02 -1.0000000000e+00 2.6710141510e+02
    -2.1676968380e+02 -1.0000000000e+00 4.5435386170e+02
    3.5854744210e-01 -1.0000000000e+00 5.8696419220e-02
    3.5854765840e-01 -1.0000000000e+00 5.8705173490e-02
    3.5854805400e-01 -1.0000000000e+00 5.8721187240e-02
    3.5854877570e-01 -1.0000000000e+00 5.8750397080e-02
    3.5855008910e-01 -1.0000000000e+00 5.8803540570e-02
    3.5855247470e-01 -1.0000000000e+00 5.8900003370e-02
    3.5855680230e-01 -1.0000000000e+00 5.9074725460e-02
    3.5856464940e-01 -1.0000000000e+00 5.9390581950e-02
    3.5857889680e-01 -1.0000000000e+00 5.9960548450e-02
    3.5860487260e-01 -1.0000000000e+00 6.0987326770e-02
    3.5865267110e-01 -1.0000000000e+00 6.2834068640e-02
    3.5874221180e-01 -1.0000000000e+00 6.6150345970e-02
    3.5891529930e-01 -1.0000000000e+00 7.2095936800e-02
    3.5926701110e-01 -1.0000000000e+00 8.2737150790e-02
    3.6003349930e-01 -1.0000000000e+00 1.0174747740e-01
    3.6185333250e-01 -1.0000000000e+00 1.3565627390e-01
    3.6663843280e-01 -1.0000000000e+00 1.9619640210e-01
    4.1349588900e-01 -1.0000000000e+00 3.1637070840e-01
    4.6137932490e-01 -1.0000000000e+00 6.2274966740e-01
    4.2494236450e-01 -1.0000000000e+00 1.0820654750e+00
    3.5477410080e-01 -1.0000000000e+00 1.6854479410e+00
    2.2472722400e-01 -1.0000000000e+00 2.5392233910e+00
    -1.2725228710e-02 -1.0000000000e+00 3.8052740450e+00
    -4.4360293710e-01 -1.0000000000e+00 5.7480847370e+00
    -1.2233444850e+00 -1.0000000000e+00 8.8110011370e+00
    -2.6328360130e+00 -1.0000000000e+00 1.3748231430e+01
    -5.1865219210e+00 -1.0000000000e+00 2.1850283530e+01
    -9.8432098200e+00 -1.0000000000e+00 3.5324312450e+01
    -1.8313518350e+01 -1.0000000000e+00 5.7950928250e+01
    -3.3578584960e+01 -1.0000000000e+00 9.6245237230e+01
    -6.0895170190e+01 -1.0000000000e+00 1.6145641640e+02
    -1.0958051210e+02 -1.0000000000e+00 2.7299778480e+02
    -1.9617344090e+02 -1.0000000000e+00 4.6435043320e+02
    4.3357524960e-01 -1.0000000000e+00 5.5930772860e-02
    4.3357566840e-01 -1.0000000000e+00 5.5939503570e-02
    4.3357643200e-01 -1.0000000000e+00 5.5955423690e-02
    4.3357782090e-01 -1.0000000000e+00 5.5984379920e-02
    4.3358034140e-01 -1.0000000000e+00 5.6036925890e-02
    4.3358490650e-01 -1.0000000000e+00 5.6132079830e-02
    4.3359316020e-01 -1.0000000000e+00 5.6304061080e-02
    4.3360806170e-01 -1.0000000000e+00 5.6614351440e-02
    4.3363494010e-01 -1.0000000000e+00 5.7173264610e-02
    4.3368341180e-01 -1.0000000000e+00 5.8178470120e-02
    4.3377091690e-01 -1.0000000000e+00 5.9983702680e-02
    4.3392940490e-01 -1.0000000000e+00 6.3221103450e-02
    4.3421849800e-01 -1.0000000000e+00 6.9018604570e-02
    4.3475297910e-01 -1.0000000000e+00 7.9385270510e-02
    4.3576462350e-01 -1.0000000000e+00 9.7893452530e-02
    4.3775342750e-01 -1.0000000000e+00 1.3089377450e-01
    4.4190144610e-01 -1.0000000000e+00 1.8976458770e-01
    4.5224073840e-01 -1.0000000000e+00 2.9631089470e-01
    4.9319711120e-01 -1.0000000000e+00 6.2385456940e-01
    4.8094369120e-01 -1.0000000000e+00 1.0859048610e+00
    4.4519134960e-01 -1.0000000000e+00 1.6947668490e+00
    3.6539816430e-01 -1.0000000000e+00 2.5586006010e+00
    2.0285114710e-01 -1.0000000000e+00 3.8423943390e+00
    -1.1438801550e-01 -1.0000000000e+00 5.8158600340e+00
    -7.1902042020e-01 -1.0000000000e+00 8.9311304150e+00
    -1.8554874640e+00 -1.0000000000e+00 1.3957320650e+01
    -3.9870335440e+00 -1.0000000000e+00 2.2210646780e+01
    -7.9929419950e+00 -1.0000000000e+00 3.5939023090e+01
    -1.5420891540e+01 -1.0000000000e+00 5.8991622590e+01
    -2.8977866910e+01 -1.0000000000e+00 9.8005368250e+01
    -5.3480040470e+01 -1.0000000000e+00 1.6443752830e+02
    -9.7520026930e+01 -1.0000000000e+00 2.7805603780e+02
    -1.7644471760e+02 -1.0000000000e+00 4.7294751120e+02
    5.1165038420e-01 -1.0000000000e+00 5.1429013550e-02
    5.1165096450e-01 -1.0000000000e+00 5.1437730340e-02
    5.1165202170e-01 -1.0000000000e+00 5.1453610530e-02
    5.1165394310e-01 -1.0000000000e+00 5.1482470200e-02
    5.1165742700e-01 -1.0000000000e+00 5.1534801500e-02
    5.1166373150e-01 -1.0000000000e+00 5.1629501670e-02
    5.1167511890e-01 -1.0000000000e+00 5.1800555330e-02
    5.1169565150e-01 -1.0000000000e+00 5.2108995000e-02
    5.1173261360e-01 -1.0000000000e+00 5.2664284060e-02
    5.1179904750e-01 -1.0000000000e+00 5.3662501130e-02
    5.1191826590e-01 -1.0000000000e+00 5.5454443350e-02
    5.1213185250e-01 -1.0000000000e+00 5.8666923030e-02
    5.1251375080e-01 -1.0000000000e+00 6.4418464850e-02
    5.1319475820e-01 -1.0000000000e+00 7.4702279650e-02
    5.1440388270e-01 -1.0000000000e+00 9.3066252010e-02
    5.1653282130e-01 -1.0000000000e+00 1.2583000420e-01
    5.2020732870e-01 -1.0000000000e+00 1.8435351740e-01
    5.2609749030e-01 -1.0000000000e+00 2.9008807480e-01
    5.2493688250e-01 -1.0000000000e+00 6.2341339860e-01
    5.3675590990e-01 -1.0000000000e+00 1.0866638550e+00
    5.3523260810e-01 -1.0000000000e+00 1.6988162180e+00
    5.0535785660e-01 -1.0000000000e+00 2.5695578890e+00
    4.1706929310e-01 -1.0000000000e+00 3.8664838770e+00
    2.1216751230e-01 -1.0000000000e+00 5.8637272450e+00
    -2.2001915200e-01 -1.0000000000e+00 9.0208938440e+00
    -1.0897258330e+00 -1.0000000000e+00 1.4120060980e+01
    -2.8161230420e+00 -1.0000000000e+00 2.2500452220e+01
    -6.1981469610e+00 -1.0000000000e+00 3.6444496990e+01
    -1.2620418010e+01 -1.0000000000e+00 5.9860446460e+01
    -2.4533089490e+01 -1.0000000000e+00 9.9490361390e+01
    -4.6339361120e+01 -1.0000000000e+00 1.6697072210e+02
    -8.5952271300e+01 -1.0000000000e+00 2.8237581230e+02
    -1.5760499330e+02 -1.0000000000e+00 4.8031706020e+02
    5.8936381340e-01 -1.0000000000e+00 4.5664876710e-02
    5.8936452140e-01 -1.0000000000e+00 4.5673590520e-02
    5.8936581290e-01 -1.0000000000e+00 4.5689485430e-02
    5.8936816260e-01 -1.0000000000e+00 4.5718405000e-02
    5.8937242770e-01 -1.0000000000e+00 4.5770899630e-02
    5.8938015230e-01 -1.0000000000e+00 4.5865985910e-02
    5.8939411390e-01 -1.0000000000e+00 4.6037887320e-02
    5.8941929740e-01 -1.0000000000e+00 4.6348106190e-02
    5.8946462570e-01 -1.0000000000e+00 4.6907018460e-02
    5.8954601110e-01 -1.0000000000e+00 4.7912460230e-02
    5.8969166140e-01 -1.0000000000e+00 4.9718598710e-02
    5.8995106260e-01 -1.0000000000e+00 5.2958715070e-02
    5.9040937580e-01 -1.0000000000e+00 5.8763863630e-02
    5.9120768640e-01 -1.0000000000e+00 6.9152068010e-02
    5.9256094600e-01 -1.0000000000e+00 8.7722610930e-02
    5.9472658930e-01 -1.0000000000e+00 1.2091129770e-01
    5.9768936010e-01 -1.0000000000e+00 1.8039280570e-01
    5.8278637610e-01 -1.0000000000e+00 2.9734047580e-01
    5.5655330310e-01 -1.0000000000e+00 6.2144704840e-01
    5.9225814300e-01 -1.0000000000e+00 1.0844149090e+00
    6.2465202620e-01 -1.0000000000e+00 1.6977655080e+00
    6.4416919990e-01 -1.0000000000e+00 2.5724331130e+00
    6.2920300600e-01 -1.0000000000e+00 3.8781681310e+00
    5.3489964150e-01 -1.0000000000e+00 5.8928041450e+00
    2.7180842330e-01 -1.0000000000e+00 9.0822687470e+00
    -3.3916218140e-01 -1.0000000000e+00 1.4240226410e+01
    -1.6791686070e+00 -1.0000000000e+00 2.2726726670e+01
    -4.4614541920e+00 -1.0000000000e+00 3.6852455990e+01
    -9.9133939770e+00 -1.0000000000e+00 6.0576570660e+01
    -2.0246711730e+01 -1.0000000000e+00 1.0073173690e+02
    -3.9477397100e+01 -1.0000000000e+00 1.6910892200e+02
    -7.4881803740e+01 -1.0000000000e+00 2.8604755470e+02
    -1.3965286720e+02 -1.0000000000e+00 4.8661538990e+02
    6.6337549900e-01 -1.0000000000e+00 3.9208999570e-02
    6.6337630950e-01 -1.0000000000e+00 3.9217722680e-02
    6.6337779310e-01 -1.0000000000e+00 3.9233691080e-02
    6.6338050110e-01 -1.0000000000e+00 3.9262837290e-02
    6.6338543030e-01 -1.0000000000e+00 3.9315896530e-02
    6.6339438060e-01 -1.0000000000e+00 3.9412258720e-02
    6.6341059320e-01 -1.0000000000e+00 3.9586886230e-02
    6.6343988880e-01 -1.0000000000e+00 3.9902721520e-02
    6.6349268000e-01 -1.0000000000e+00 4.0472914220e-02
    6.6358748050e-01 -1.0000000000e+00 4.1500594520e-02
    6.6375686630e-01 -1.0000000000e+00 4.3349969270e-02
    6.6405706440e-01 -1.0000000000e+00 4.6673293060e-02
    6.6458152040e-01 -1.0000000000e+00 5.2637514890e-02
    6.6547326400e-01 -1.0000000000e+00 6.3329222950e-02
    6.6690707410e-01 -1.0000000000e+00 8.2482538280e-02
    6.6891494810e-01 -1.0000000000e+00 1.1682027240e-01
    6.7042124250e-01 -1.0000000000e+00 1.7878739870e-01
    6.1559741930e-01 -1.0000000000e+00 3.1428866070e-01
    5.8800203800e-01 -1.0000000000e+00 6.1797370560e-01
    6.4733327540e-01 -1.0000000000e+00 1.0792288510e+00
    7.1321676230e-01 -1.0000000000e+00 1.6917869080e+00
    7.8142653870e-01 -1.0000000000e+00 2.5675737840e+00
    8.3859174220e-01 -1.0000000000e+00 3.8780910130e+00
    8.5277219140e-01 -1.0000000000e+00 5.9042356660e+00
    7.5482180390e-01 -1.0000000000e+00 9.1172816370e+00
    3.9279756210e-01 -1.0000000000e+00 1.4321816980e+01
    -5.7925487960e-01 -1.0000000000e+00 2.2896300840e+01
    -2.7829426900e+00 -1.0000000000e+00 3.7173625550e+01
    -7.2995904160e+00 -1.0000000000e+00 6.1157184500e+01
    -1.6119117120e+01 -1.0000000000e+00 1.0175774210e+02
    -3.2893975970e+01 -1.0000000000e+00 1.7089967460e+02
    -6.4303886410e+01 -1.0000000000e+00 2.8915251940e+02
    -1.2256870380e+02 -1.0000000000e+00 4.9198247550e+02
    7.3095620350e-01 -1.0000000000e+00 3.2604371430e-02
    7.3095709930e-01 -1.0000000000e+00 3.2613117840e-02
    7.3095874920e-01 -1.0000000000e+00 3.2629226690e-02
    7.3096177690e-01 -1.0000000000e+00 3.2658789480e-02
    7.3096731480e-01 -1.0000000000e+00 3.2712870320e-02
    7.3097741340e-01 -1.0000000000e+00 3.2811521580e-02
    7.3099577430e-01 -1.0000000000e+00 3.2991013950e-02
    7.3102905420e-01 -1.0000000000e+00 3.3316835050e-02
    7.3108915750e-01 -1.0000000000e+00 3.3907028850e-02
    7.3119717650e-01 -1.0000000000e+00 3.4974052970e-02
    7.3138987070e-01 -1.0000000000e+00 3.6899773780e-02
    7.3172929200e-01 -1.0000000000e+00 4.0369756920e-02
    7.3231338460e-01 -1.0000000000e+00 4.6613839140e-02
    7.3327272810e-01 -1.0000000000e+00 5.7838590730e-02
    7.3468834720e-01 -1.0000000000e+00 7.8015290490e-02
    7.3614988310e-01 -1.0000000000e+00 1.1438979930e-01
    7.2652888560e-01 -1.0000000000e+00 1.8478501610e-01
    6.5070726930e-01 -1.0000000000e+00 3.3062973890e-01
    6.1925674280e-01 -1.0000000000e+00 6.1301744080e-01
    7.0186727580e-01 -1.0000000000e+00 1.0711759970e+00
    8.0070627940e-01 -1.0000000000e+00 1.6810565210e+00
    9.1675499370e-01 -1.0000000000e+00 2.5553372290e+00
    1.0446398170e+00 -1.0000000000e+00 3.8669119890e+00
    1.1648749200e+00 -1.0000000000e+00 5.8991845100e+00
    1.2275525760e+00 -1.0000000000e+00 9.1280112190e+00
    1.1031853740e+00 -1.0000000000e+00 1.4368968870e+01
    4.8277377540e-01 -1.0000000000e+00 2.3015446190e+01
    -1.1615087200e+00 -1.0000000000e+00 3.7417573350e+01
    -4.7780746770e+00 -1.0000000000e+00 6.1617600300e+01
    -1.2149063730e+01 -1.0000000000e+00 1.0259362400e+02
    -2.6585187160e+01 -1.0000000000e+00 1.7238546570e+02
    -5.4206293390e+01 -1.0000000000e+00 2.9176301570e+02
    -1.0631918390e+02 -1.0000000000e+00 4.9654199460e+02
    7.9033197310e-01 -1.0000000000e+00 2.6285083740e-02
    7.9033294330e-01 -1.0000000000e+00 2.6293870200e-02
    7.9033474630e-01 -1.0000000000e+00 2.6310200220e-02
    7.9033808140e-01 -1.0000000000e+00 2.6340408950e-02
    7.9034422430e-01 -1.0000000000e+00 2.6396063760e-02
    7.9035549510e-01 -1.0000000000e+00 2.6498229420e-02
    7.9037609530e-01 -1.0000000000e+00 2.6685174190e-02
    7.9041359410e-01 -1.0000000000e+00 2.7026269320e-02
    7.9048151580e-01 -1.0000000000e+00 2.7647023420e-02
    7.9060368710e-01 -1.0000000000e+00 2.8774116690e-02
    7.9082099690e-01 -1.0000000000e+00 3.0816347720e-02
    7.9119995730e-01 -1.0000000000e+00 3.4510136680e-02
    7.9183600420e-01 -1.0000000000e+00 4.1181647330e-02
    7.9281836230e-01 -1.0000000000e+00 5.3223090060e-02
    7.9401857390e-01 -1.0000000000e+00 7.4984759430e-02
    7.9401004510e-01 -1.0000000000e+00 1.1466229930e-01
    7.5368667310e-01 -1.0000000000e+00 2.0048649990e-01
    6.8838624510e-01 -1.0000000000e+00 3.4598461580e-01
    6.5050832780e-01 -1.0000000000e+00 6.0668982380e-01
    7.5574872780e-01 -1.0000000000e+00 1.0603272450e+00
    8.8691202500e-01 -1.0000000000e+00 1.6657553760e+00
    1.0498102620e+00 -1.0000000000e+00 2.5360903330e+00
    1.2468159000e+00 -1.0000000000e+00 3.8453025330e+00
    1.4704210470e+00 -1.0000000000e+00 5.8788212820e+00
    1.6886517090e+00 -1.0000000000e+00 9.1166088780e+00
    1.7898597010e+00 -1.0000000000e+00 1.4385739420e+01
    1.5076426770e+00 -1.0000000000e+00 2.3089693820e+01
    4.0426789730e-01 -1.0000000000e+00 3.7592777390e+01
    -2.3474566030e+00 -1.0000000000e+00 6.1971464620e+01
    -8.3338866370e+00 -1.0000000000e+00 1.0326190590e+02
    -2.0544030460e+01 -1.0000000000e+00 1.7360404150e+02
    -4.4571113470e+01 -1.0000000000e+00 2.9394280560e+02
    -9.0861623160e+01 -1.0000000000e+00 5.0040193200e+02
    8.4075690740e-01 -1.0000000000e+00 2.0545760450e-02
    8.4075794480e-01 -1.0000000000e+00 2.0554607890e-02
    8.4075989730e-01 -1.0000000000e+00 2.0571260790e-02
    8.4076354840e-01 -1.0000000000e+00 2.0602404920e-02
    8.4077033670e-01 -1.0000000000e+00 2.0660331230e-02
    8.4078289210e-01 -1.0000000000e+00 2.0767559290e-02
    8.4080599570e-01 -1.0000000000e+00 2.0965226610e-02
    8.4084827250e-01 -1.0000000000e+00 2.1328281610e-02
    8.4092509100e-01 -1.0000000000e+00 2.1992953160e-02
    8.4106323730e-01 -1.0000000000e+00 2.3206356950e-02
    8.4130741480e-01 -1.0000000000e+00 2.5416041620e-02
    8.4172536960e-01 -1.0000000000e+00 2.9431848540e-02
    8.4239466360e-01 -1.0000000000e+00 3.6720252440e-02
    8.4329970120e-01 -1.0000000000e+00 4.9950717220e-02
    8.4382034910e-01 -1.0000000000e+00 7.4088544130e-02
    8.2991603960e-01 -1.0000000000e+00 1.2321370190e-01
    7.8297035900e-01 -1.0000000000e+00 2.1494553380e-01
    7.2873768850e-01 -1.0000000000e+00 3.5992930020e-01
    6.8420725290e-01 -1.0000000000e+00 5.9999929780e-01
    8.0886855740e-01 -1.0000000000e+00 1.0467551230e+00
    9.7163744160e-01 -1.0000000000e+00 1.6460702350e+00
    1.1802787510e+00 -1.0000000000e+00 2.5102088410e+00
    1.4446525420e+00 -1.0000000000e+00 3.8139419800e+00
    1.7687433140e+00 -1.0000000000e+00 5.8443149120e+00
    2.1368437870e+00 -1.0000000000e+00 9.0853280860e+00
    2.4518304440e+00 -1.0000000000e+00 1.4375828370e+01
    2.4967864480e+00 -1.0000000000e+00 2.3123856100e+01
    1.9157998530e+00 -1.0000000000e+00 3.7706774710e+01
    -5.9124466010e-03 -1.0000000000e+00 6.2230954850e+01
    -4.6696851760e+00 -1.0000000000e+00 1.0378262420e+02
    -1.4761099380e+01 -1.0000000000e+00 1.7458873100e+02
    -3.5376481340e+01 -1.0000000000e+00 2.9574764000e+02
    -7.6147780140e+01 -1.0000000000e+00 5.0365563090e+02
    8.8235913620e-01 -1.0000000000e+00 1.5546856240e-02
    8.8236023620e-01 -1.0000000000e+00 1.5555791710e-02
    8.8236234210e-01 -1.0000000000e+00 1.5572899410e-02
    8.8236633650e-01 -1.0000000000e+00 1.5605354750e-02
    8.8237385220e-01 -1.0000000000e+00 1.5666458610e-02
    8.8238789230e-01 -1.0000000000e+00 1.5780760390e-02
    8.8241393620e-01 -1.0000000000e+00 1.5993400450e-02
    8.8246186720e-01 -1.0000000000e+00 1.6387108530e-02
    8.8254917250e-01 -1.0000000000e+00 1.7113077720e-02
    8.8270569010e-01 -1.0000000000e+00 1.8446985080e-02
    8.8297855940e-01 -1.0000000000e+00 2.0890698120e-02
    8.8342862380e-01 -1.0000000000e+00 2.5357723660e-02
    8.8408001770e-01 -1.0000000000e+00 3.3516477500e-02
    8.8465954850e-01 -1.0000000000e+00 4.8459509510e-02
    8.8278722660e-01 -1.0000000000e+00 7.6553732200e-02
    8.5268326200e-01 -1.0000000000e+00 1.3537700990e-01
    8.1463710630e-01 -1.0000000000e+00 2.2775635840e-01
    7.7180216360e-01 -1.0000000000e+00 3.7198556890e-01
    7.3207379020e-01 -1.0000000000e+00 5.9989236900e-01
    8.6111998000e-01 -1.0000000000e+00 1.0305348040e+00
    1.0546982490e+00 -1.0000000000e+00 1.6221941460e+00
    1.3078779020e+00 -1.0000000000e+00 2.4780761720e+00
    1.6377455100e+00 -1.0000000000e+00 3.7735128440e+00
    2.0592871810e+00 -1.0000000000e+00 5.7968251000e+00
    2.5709332970e+00 -1.0000000000e+00 9.0365288970e+00
    3.0892653880e+00 -1.0000000000e+00 1.4342378900e+01
    3.4517224840e+00 -1.0000000000e+00 2.3122156320e+01
    3.3744793390e+00 -1.0000000000e+00 3.7766297420e+01
    2.2488096700e+00 -1.0000000000e+00 6.2406934340e+01
    -1.1515503330e+00 -1.0000000000e+00 1.0417353280e+02
    -9.2252642100e+00 -1.0000000000e+00 1.7536878430e+02
    -2.6598121460e+01 -1.0000000000e+00 2.9722591100e+02
    -6.2126963260e+01 -1.0000000000e+00 5.0638314680e+02
    9.1587075560e-01 -1.0000000000e+00 1.1338941170e-02
    9.1587191570e-01 -1.0000000000e+00 1.1348000270e-02
    9.1587418680e-01 -1.0000000000e+00 1.1365736850e-02
    9.1587857230e-01 -1.0000000000e+00 1.1399999590e-02
    9.1588694520e-01 -1.0000000000e+00 1.1465477640e-02
    9.1590277040e-01 -1.0000000000e+00 1.1589510290e-02
    9.1593238560e-01 -1.0000000000e+00 1.1822740000e-02
    9.1598718010e-01 -1.0000000000e+00 1.2258596740e-02
    9.1608698550e-01 -1.0000000000e+00 1.3068873240e-02
    9.1626420440e-01 -1.0000000000e+00 1.4568661390e-02
    9.1656416650e-01 -1.0000000000e+00 1.7335229420e-02
    9.1702066680e-01 -1.0000000000e+00 2.2428157020e-02
    9.1751768100e-01 -1.0000000000e+00 3.1813078040e-02
    9.1705840370e-01 -1.0000000000e+00 4.9319622490e-02
    9.0232123650e-01 -1.0000000000e+00 8.5901620900e-02
    8.7758351030e-01 -1.0000000000e+00 1.4587154940e-01
    8.4867419110e-01 -1.0000000000e+00 2.3846539450e-01
    8.1752947650e-01 -1.0000000000e+00 3.8162849910e-01
    7.9102336260e-01 -1.0000000000e+00 6.0493825730e-01
    9.1239909930e-01 -1.0000000000e+00 1.0117451410e+00
    1.1359229390e+00 -1.0000000000e+00 1.5943267160e+00
    1.4323565730e+00 -1.0000000000e+00 2.4400817730e+00
    1.8257527340e+00 -1.0000000000e+00 3.7246957680e+00
    2.3415990070e+00 -1.0000000000e+00 5.7375001220e+00
    2.9899083570e+00 -1.0000000000e+00 8.9726056280e+00
    3.7031404750e+00 -1.0000000000e+00 1.4287957840e+01
    4.3737866170e+00 -1.0000000000e+00 2.3088361690e+01
    4.7817504160e+00 -1.0000000000e+00 3.7777372150e+01
    4.4193450670e+00 -1.0000000000e+00 6.2509076740e+01
    2.2261851050e+00 -1.0000000000e+00 1.0445029630e+02
    -3.9243003970e+00 -1.0000000000e+00 1.7596973390e+02
    -1.8210626900e+01 -1.0000000000e+00 2.9841938100e+02
    -4.8748378430e+01 -1.0000000000e+00 5.0865275370e+02
    9.4234888320e-01 -1.0000000000e+00 7.8941016450e-03
    9.4235010310e-01 -1.0000000000e+00 7.9033316770e-03
    9.4235256060e-01 -1.0000000000e+00 7.9219290180e-03
    9.4235741130e-01 -1.0000000000e+00 7.9586604990e-03
    9.4236683100e-01 -1.0000000000e+00 8.0301082090e-03
    9.4238486620e-01 -1.0000000000e+00 8.1674156580e-03
    9.4241891280e-01 -1.0000000000e+00 8.4287304300e-03
    9.4248211210e-01 -1.0000000000e+00 8.9220911420e-03
    9.4259657200e-01 -1.0000000000e+00 9.8474725900e-03
    9.4279512680e-01 -1.0000000000e+00 1.1574149180e-02
    9.4310988540e-01 -1.0000000000e+00 1.4784291230e-02
    9.4349717050e-01 -1.0000000000e+00 2.0747662970e-02
    9.4345317250e-01 -1.0000000000e+00 3.1911185720e-02
    9.3710278040e-01 -1.0000000000e+00 5.4665605420e-02
    9.2217946370e-01 -1.0000000000e+00 9.3935989490e-02
    9.0455706160e-01 -1.0000000000e+00 1.5424188940e-01
    8.8496237280e-01 -1.0000000000e+00 2.4657810950e-01
    8.6574824410e-01 -1.0000000000e+00 3.8830476760e-01
    8.5353337430e-01 -1.0000000000e+00 6.0765070160e-01
    9.6261150790e-01 -1.0000000000e+00 9.9047038930e-01
    1.2151534210e+00 -1.0000000000e+00 1.5626740800e+00
    1.5534953320e+00 -1.0000000000e+00 2.3966190380e+00
    2.0083927290e+00 -1.0000000000e+00 3.6681642650e+00
    2.6153068400e+00 -1.0000000000e+00 5.6674850730e+00
    3.3931304210e+00 -1.0000000000e+00 8.8958147060e+00
    4.2947545480e+00 -1.0000000000e+00 1.4214682680e+01
    5.2641226260e+00 -1.0000000000e+00 2.3025870920e+01
    6.1391556640e+00 -1.0000000000e+00 3.7745393440e+01
    6.5086384090e+00 -1.0000000000e+00 6.2545973710e+01
    5.4697016070e+00 -1.0000000000e+00 1.0462668100e+02
    1.1545756980e+00 -1.0000000000e+00 1.7641376990e+02
    -1.0188448930e+01 -1.0000000000e+00 2.9936393980e+02
    -3.5962771610e+01 -1.0000000000e+00 5.1052247330e+02
    9.6295252970e-01 -1.0000000000e+00 5.1367166160e-03
    9.6295381210e-01 -1.0000000000e+00 5.1461807480e-03
    9.6295648990e-01 -1.0000000000e+00 5.1659493590e-03
    9.6296191400e-01 -1.0000000000e+00 5.2060357090e-03
    9.6297264850e-01 -1.0000000000e+00 5.2855916840e-03
    9.6299347380e-01 -1.0000000000e+00 5.4409266770e-03
    9.6303306540e-01 -1.0000000000e+00 5.7403871550e-03
    9.6310643020e-01 -1.0000000000e+00 6.3118976940e-03
    9.6323696770e-01 -1.0000000000e+00 7.3939483750e-03
    9.6345156650e-01 -1.0000000000e+00 9.4305883150e-03
    9.6373956110e-01 -1.0000000000e+00 1.3252674830e-02
    9.6383999920e-01 -1.0000000000e+00 2.0455407530e-02
    9.6131562640e-01 -1.0000000000e+00 3.4765545200e-02
    9.5328875890e-01 -1.0000000000e+00 6.0407370180e-02
    9.4382161780e-01 -1.0000000000e+00 9.9850218350e-02
    9.3340747710e-01 -1.0000000000e+00 1.6000588300e-01
    9.2324427810e-01 -1.0000000000e+00 2.5158705400e-01
    9.1613838270e-01 -1.0000000000e+00 3.9146385570e-01
    9.1872199660e-01 -1.0000000000e+00 6.0682540040e-01
    1.0117552590e+00 -1.0000000000e+00 9.6680801260e-01
    1.2922457390e+00 -1.0000000000e+00 1.5274485350e+00
    1.6711065450e+00 -1.0000000000e+00 2.3480828970e+00
    2.1854423840e+00 -1.0000000000e+00 3.6045794870e+00
    2.8800937740e+00 -1.0000000000e+00 5.5879447600e+00
    3.7805034830e+00 -1.0000000000e+00 8.8080649420e+00
    4.8653620860e+00 -1.0000000000e+00 1.4124385720e+01
    6.1237670840e+00 -1.0000000000e+00 2.2937758650e+01
    7.4483385530e+00 -1.0000000000e+00 3.7675184620e+01
    8.5198605880e+00 -1.0000000000e+00 6.2525234160e+01
    8.5854724660e+00 -1.0000000000e+00 1.0471474300e+02
    6.0242786720e+00 -1.0000000000e+00 1.7672011530e+02
    -2.5066137190e+00 -1.0000000000e+00 3.0009034820e+02
    -2.3723479790e+01 -1.0000000000e+00 5.1204153340e+02
    9.7879540100e-01 -1.0000000000e+00 2.9688690270e-03
    9.7879675260e-01 -1.0000000000e+00 2.9786519150e-03
    9.7879970160e-01 -1.0000000000e+00 3.0000088730e-03
    9.7880585260e-01 -1.0000000000e+00 3.0446410700e-03
    9.7881826980e-01 -1.0000000000e+00 3.1351810550e-03
    9.7884264810e-01 -1.0000000000e+00 3.3149392230e-03
    9.7888911880e-01 -1.0000000000e+00 3.6661032910e-03
    9.7897418340e-01 -1.0000000000e+00 4.3436739250e-03
    9.7911908070e-01 -1.0000000000e+00 5.6390024310e-03
    9.7932751630e-01 -1.0000000000e+00 8.1009921160e-03
    9.7946505160e-01 -1.0000000000e+00 1.2783745430e-02
    9.7841738860e-01 -1.0000000000e+00 2.1974252150e-02
    9.7492308940e-01 -1.0000000000e+00 3.8427849870e-02
    9.7095321550e-01 -1.0000000000e+00 6.4014027310e-02
    9.6695721090e-01 -1.0000000000e+00 1.0318004500e-01
    9.6378062990e-01 -1.0000000000e+00 1.6269479550e-01
    9.6309993100e-01 -1.0000000000e+00 2.5301581630e-01
    9.6821443050e-01 -1.0000000000e+00 3.9060162600e-01
    9.8598761610e-01 -1.0000000000e+00 6.0181637720e-01
    1.0610674570e+00 -1.0000000000e+00 9.4092748240e-01
    1.3670708270e+00 -1.0000000000e+00 1.4888678490e+00
    1.7850341880e+00 -1.0000000000e+00 2.2948671410e+00
    2.3567340860e+00 -1.0000000000e+00 3.5345852770e+00
    3.1356710970e+00 -1.0000000000e+00 5.5000970810e+00
    4.1524853160e+00 -1.0000000000e+00 8.7107961830e+00
    5.4160174920e+00 -1.0000000000e+00 1.4018731940e+01
    6.9537286440e+00 -1.0000000000e+00 2.2826798480e+01
    8.7110205040e+00 -1.0000000000e+00 3.7571052600e+01
    1.0456328530e+01 -1.0000000000e+00 6.2453578210e+01
    1.1580077920e+01 -1.0000000000e+00 1.0472501330e+02
    1.0697532110e+01 -1.0000000000e+00 1.7690538760e+02
    4.8587946120e+00 -1.0000000000e+00 3.0062493810e+02
    -1.1987023220e+01 -1.0000000000e+00 5.1325169730e+02
    9.9086655640e-01 -1.0000000000e+00 1.2884187510e-03
    9.9086798900e-01 -1.0000000000e+00 1.2986341120e-03
    9.9087128220e-01 -1.0000000000e+00 1.3221407060e-03
    9.9087837250e-01 -1.0000000000e+00 1.3729224550e-03
    9.9089296290e-01 -1.0000000000e+00 1.4783212720e-03
    9.9092184260e-01 -1.0000000000e+00 1.6911305130e-03
    9.9097654010e-01 -1.0000000000e+00 2.1123357940e-03
    9.9107329720e-01 -1.0000000000e+00 2.9339491040e-03
    9.9122133110e-01 -1.0000000000e+00 4.5208421660e-03
    9.9135392600e-01 -1.0000000000e+00 7.5758226840e-03
    9.9093733420e-01 -1.0000000000e+00 1.3547779690e-02
    9.9018363220e-01 -1.0000000000e+00 2.3728586850e-02
    9.8962675680e-01 -1.0000000000e+00 3.9917266320e-02
    9.8969491750e-01 -1.0000000000e+00 6.5058436860e-02
    9.9112007540e-01 -1.0000000000e+00 1.0351839430e-01
    9.9515087870e-01 -1.0000000000e+00 1.6191232790e-01
    1.0039411750e+00 -1.0000000000e+00 2.5047557720e-01
    1.0213280900e+00 -1.0000000000e+00 3.8531181180e-01
    1.0545842590e+00 -1.0000000000e+00 5.9211365320e-01
    1.1228687840e+00 -1.0000000000e+00 9.1445701390e-01
    1.4395154070e+00 -1.0000000000e+00 1.4471542490e+00
    1.8951532970e+00 -1.0000000000e+00 2.2373616120e+00
    2.5221521230e+00 -1.0000000000e+00 3.4588038380e+00
    3.3817696140e+00 -1.0000000000e+00 5.4052336050e+00
    4.5099087230e+00 -1.0000000000e+00 8.6050205440e+00
    5.9475766790e+00 -1.0000000000e+00 1.3899272180e+01
    7.7550283610e+00 -1.0000000000e+00 2.2695482180e+01
    9.9289726360e+00 -1.0000000000e+00 3.7436837790e+01
    1.2321432500e+01 -1.0000000000e+00 6.2336927130e+01
    1.4460057270e+01 -1.0000000000e+00 1.0466667420e+02
    1.5186640900e+01 -1.0000000000e+00 1.7698393700e+02
    1.1930337400e+01 -1.0000000000e+00 3.0099024710e+02
    -7.1336449530e-01 -1.0000000000e+00 5.1418843910e+02
    1.0000007690e+00 -1.0000000000e+00 1.0895586150e-05
    1.0000026610e+00 -1.0000000000e+00 3.7693978570e-05
    1.0000069700e+00 -1.0000000000e+00 9.8621189840e-05
    1.0000164790e+00 -1.0000000000e+00 2.3245333860e-04
    1.0000366810e+00 -1.0000000000e+00 5.1266287540e-04
    1.0000767120e+00 -1.0000000000e+00 1.0487376140e-03
    1.0001592040e+00 -1.0000000000e+00 2.0895792630e-03
    1.0003272050e+00 -1.0000000000e+00 4.0216735340e-03
    1.0006672180e+00 -1.0000000000e+00 7.4800389150e-03
    1.0013382590e+00 -1.0000000000e+00 1.3420115370e-02
    1.0026099500e+00 -1.0000000000e+00 2.3224132100e-02
    1.0049132120e+00 -1.0000000000e+00 3.8872003780e-02
    1.0089204380e+00 -1.0000000000e+00 6.3238023550e-02
    1.0156797290e+00 -1.0000000000e+00 1.0058832020e-01
    1.0268378070e+00 -1.0000000000e+00 1.5740276020e-01
    1.0450360630e+00 -1.0000000000e+00 2.4372364560e-01
    1.0746957720e+00 -1.0000000000e+00 3.7533693330e-01
    1.1236381290e+00 -1.0000000000e+00 5.7737589670e-01
    1.2071844590e+00 -1.0000000000e+00 8.9065534040e-01
    1.5094855210e+00 -1.0000000000e+00 1.4025328650e+00
    2.0013690510e+00 -1.0000000000e+00 2.1759493650e+00
    2.6816283170e+00 -1.0000000000e+00 3.3778326300e+00
    3.6181726910e+00 -1.0000000000e+00 5.3046848380e+00
    4.8537245700e+00 -1.0000000000e+00 8.4914772230e+00
    6.4607619450e+00 -1.0000000000e+00 1.3767452930e+01
    8.5287057740e+00 -1.0000000000e+00 2.2546042650e+01
    1.1103991550e+01 -1.0000000000e+00 3.7275958920e+01
    1.4118572750e+01 -1.0000000000e+00 6.2180488930e+01
    1.7231797940e+01 -1.0000000000e+00 1.0454772440e+02
    1.9503341580e+01 -1.0000000000e+00 1.7696815380e+02
    1.8729065420e+01 -1.0000000000e+00 3.0120558340e+02
    1.0134060090e+01 -1.0000000000e+00 5.1488195790e+02
    1.0099334260e+00 -1.0000000000e+00 1.0074082120e-05
    1.0099334300e+00 -1.0000000000e+00 3.2615545810e-05
    1.0099334640e+00 -1.0000000000e+00 8.0475786680e-05
    1.0099336660e+00 -1.0000000000e+00 1.7863839540e-04
    1.0099346720e+00 -1.0000000000e+00 3.7509502870e-04
    1.0099391920e+00 -1.0000000000e+00 7.6115728070e-04
    1.0099581840e+00 -1.0000000000e+00 1.5093013810e-03
    1.0100346690e+00 -1.0000000000e+00 2.9441949140e-03
    1.0103403670e+00 -1.0000000000e+00 5.6824081290e-03
    1.0117646520e+00 -1.0000000000e+00 1.1000624980e-02
    1.0149775680e+00 -1.0000000000e+00 2.0278046810e-02
    1.0200541400e+00 -1.0000000000e+00 3.5161372890e-02
    1.0279062130e+00 -1.0000000000e+00 5.8448270720e-02
    1.0398932700e+00 -1.0000000000e+00 9.4310077390e-02
    1.0580625060e+00 -1.0000000000e+00 1.4910819990e-01
    1.0855659440e+00 -1.0000000000e+00 2.3270878890e-01
    1.1274516190e+00 -1.0000000000e+00 3.6060747910e-01
    1.1921966830e+00 -1.0000000000e+00 5.5746209160e-01
    1.2951311550e+00 -1.0000000000e+00 8.6314702500e-01
    1.5769451050e+00 -1.0000000000e+00 1.3552254320e+00
    2.1036154650e+00 -1.0000000000e+00 2.1110039130e+00
    2.8351366080e+00 -1.0000000000e+00 3.2922437470e+00
    3.8447961730e+00 -1.0000000000e+00 5.1996997410e+00
    5.1848068770e+00 -1.0000000000e+00 8.3707920190e+00
    6.9562268560e+00 -1.0000000000e+00 1.3624609730e+01
    9.2758069850e+00 -1.0000000000e+00 2.2380480560e+01
    1.2237879960e+01 -1.0000000000e+00 3.7091453630e+01
    1.5851106800e+01 -1.0000000000e+00 6.1988839110e+01
    1.9901457270e+01 -1.0000000000e+00 1.0437512940e+02
    2.3658713430e+01 -1.0000000000e+00 1.7686874270e+02
    2.5274463730e+01 -1.0000000000e+00 3.0128751610e+02
    2.0588454990e+01 -1.0000000000e+00 5.1535803870e+02
    1.0251209090e+00 -1.0000000000e+00 9.5262978210e-06
    1.0251209110e+00 -1.0000000000e+00 2.9354990870e-05
    1.0251209230e+00 -1.0000000000e+00 6.9462453180e-05
    1.0251209930e+00 -1.0000000000e+00 1.4890883970e-04
    1.0251213320e+00 -1.0000000000e+00 3.0379046020e-04
    1.0251228230e+00 -1.0000000000e+00 6.0196869000e-04
    1.0251289760e+00 -1.0000000000e+00 1.1702502870e-03
    1.0251532540e+00 -1.0000000000e+00 2.2444712330e-03
    1.0252462200e+00 -1.0000000000e+00 4.2622938660e-03
    1.0256002100e+00 -1.0000000000e+00 8.0409091550e-03
    1.0270933030e+00 -1.0000000000e+00 1.5194574500e-02
    1.0342748050e+00 -1.0000000000e+00 2.8918614570e-02
    1.0458941120e+00 -1.0000000000e+00 5.0827967250e-02
    1.0629947830e+00 -1.0000000000e+00 8.4836450580e-02
    1.0880353180e+00 -1.0000000000e+00 1.3719213030e-01
    1.1247055040e+00 -1.0000000000e+00 2.1758969460e-01
    1.1787193580e+00 -1.0000000000e+00 3.4125870170e-01
    1.2592956510e+00 -1.0000000000e+00 5.3244463920e-01
    1.3822160050e+00 -1.0000000000e+00 8.3031425320e-01
    1.6423605770e+00 -1.0000000000e+00 1.3053779370e+00
    2.2018537610e+00 -1.0000000000e+00 2.0428866800e+00
    2.9826861660e+00 -1.0000000000e+00 3.2025883190e+00
    4.0617757050e+00 -1.0000000000e+00 5.0912755980e+00
    5.5038752500e+00 -1.0000000000e+00 8.2435723870e+00
    7.4345984810e+00 -1.0000000000e+00 1.3471960220e+01
    9.9973689720e+00 -1.0000000000e+00 2.2200591070e+01
    1.3332430040e+01 -1.0000000000e+00 3.6886015940e+01
    1.7522308130e+01 -1.0000000000e+00 6.1765995420e+01
    2.2474911590e+01 -1.0000000000e+00 1.0415495750e+02
    2.7663135100e+01 -1.0000000000e+00 1.7669496300e+02
    3.1584465620e+01 -1.0000000000e+00 3.0125029640e+02
    3.0679865690e+01 -1.0000000000e+00 5.1563877540e+02
    1.0483414660e+00 -1.0000000000e+00 9.1680176450e-06
    1.0483414670e+00 -1.0000000000e+00 2.7222414140e-05
    1.0483414710e+00 -1.0000000000e+00 6.2259152840e-05
    1.0483414960e+00 -1.0000000000e+00 1.2946424860e-04
    1.0483416160e+00 -1.0000000000e+00 2.5715499200e-04
    1.0483421300e+00 -1.0000000000e+00 4.9786641980e-04
    1.0483442150e+00 -1.0000000000e+00 9.4863429760e-04
    1.0483523110e+00 -1.0000000000e+00 1.7880143740e-03
    1.0483827500e+00 -1.0000000000e+00 3.3435886990e-03
    1.0484947930e+00 -1.0000000000e+00 6.2155703250e-03
    1.0489053920e+00 -1.0000000000e+00 1.1508361320e-02
    1.0504955990e+00 -1.0000000000e+00 2.1317880430e-02
    1.0622081930e+00 -1.0000000000e+00 4.0750235000e-02
    1.0842998100e+00 -1.0000000000e+00 7.2537127300e-02
    1.1160493340e+00 -1.0000000000e+00 1.2201980390e-01
    1.1617067430e+00 -1.0000000000e+00 1.9871973780e-01
    1.2276894930e+00 -1.0000000000e+00 3.1761917790e-01
    1.3240312350e+00 -1.0000000000e+00 5.0259834130e-01
    1.4672170460e+00 -1.0000000000e+00 7.9224539850e-01
    1.7104256210e+00 -1.0000000000e+00 1.2524855010e+00
    2.2960706660e+00 -1.0000000000e+00 1.9719446840e+00
    3.1243125110e+00 -1.0000000000e+00 3.1094099780e+00
    4.2694913480e+00 -1.0000000000e+00 4.9800458770e+00
    5.8115051530e+00 -1.0000000000e+00 8.1104347700e+00
    7.8964977880e+00 -1.0000000000e+00 1.3310602320e+01
    1.0694408150e+01 -1.0000000000e+00 2.2007987200e+01
    1.4389407850e+01 -1.0000000000e+00 3.6662031630e+01
    1.9135336010e+01 -1.0000000000e+00 6.1515486090e+01
    2.4957726530e+01 -1.0000000000e+00 1.0389249940e+02
    3.1526273780e+01 -1.0000000000e+00 1.7645483840e+02
    3.7675511060e+01 -1.0000000000e+00 3.0110621610e+02
    4.0435422890e+01 -1.0000000000e+00 5.1574317300e+02
    1.0838440060e+00 -1.0000000000e+00 8.9336832810e-06
    1.0838440070e+00 -1.0000000000e+00 2.5827595140e-05
    1.0838440080e+00 -1.0000000000e+00 5.7547811050e-05
    1.0838440180e+00 -1.0000000000e+00 1.1674646700e-04
    1.0838440620e+00 -1.0000000000e+00 2.2665313060e-04
    1.0838442470e+00 -1.0000000000e+00 4.2978020880e-04
    1.0838449860e+00 -1.0000000000e+00 8.0370542370e-04
    1.0838478130e+00 -1.0000000000e+00 1.4896300280e-03
    1.0838582920e+00 -1.0000000000e+00 2.7439773370e-03
    1.0838962520e+00 -1.0000000000e+00 5.0315790210e-03
    1.0840316540e+00 -1.0000000000e+00 9.1944771000e-03
    1.0845127770e+00 -1.0000000000e+00 1.6762541800e-02
    1.0862817060e+00 -1.0000000000e+00 3.0567911970e-02
    1.1032906630e+00 -1.0000000000e+00 5.7936147730e-02
    1.1415525670e+00 -1.0000000000e+00 1.0410415120e-01
    1.1959661940e+00 -1.0000000000e+00 1.7660166620e-01
    1.2736852440e+00 -1.0000000000e+00 2.9017304670e-01
    1.3856235710e+00 -1.0000000000e+00 4.6836658870e-01
    1.5491514510e+00 -1.0000000000e+00 7.4927940130e-01
    1.7971265630e+00 -1.0000000000e+00 1.1957660270e+00
    2.3862790990e+00 -1.0000000000e+00 1.8985079380e+00
    3.2600671250e+00 -1.0000000000e+00 3.0132710170e+00
    4.4684950320e+00 -1.0000000000e+00 4.8663104400e+00
    6.1081723230e+00 -1.0000000000e+00 7.9719939900e+00
    8.3425457090e+00 -1.0000000000e+00 1.3141517890e+01
    1.1367915240e+01 -1.0000000000e+00 2.1804118340e+01
    1.5410538970e+01 -1.0000000000e+00 3.6421611720e+01
    2.0693215360e+01 -1.0000000000e+00 6.1240410980e+01
    2.7355143210e+01 -1.0000000000e+00 1.0359237370e+02
    3.5257096840e+01 -1.0000000000e+00 1.7615533600e+02
    4.3562631970e+01 -1.0000000000e+00 3.0086590970e+02
    4.9879602820e+01 -1.0000000000e+00 5.1568764660e+02
    1.1381248050e+00 -1.0000000000e+00 8.7804160960e-06
    1.1381248050e+00 -1.0000000000e+00 2.4915309050e-05
    1.1381248050e+00 -1.0000000000e+00 5.4466342190e-05
    1.1381248090e+00 -1.0000000000e+00 1.0842836180e-04
    1.1381248260e+00 -1.0000000000e+00 2.0670331940e-04
    1.1381248960e+00 -1.0000000000e+00 3.8524852820e-04
    1.1381251690e+00 -1.0000000000e+00 7.0891712390e-04
    1.1381262000e+00 -1.0000000000e+00 1.2944942340e-03
    1.1381299760e+00 -1.0000000000e+00 2.3519779490e-03
    1.1381434870e+00 -1.0000000000e+00 4.2584911080e-03
    1.1381910260e+00 -1.0000000000e+00 7.6905980090e-03
    1.1383563320e+00 -1.0000000000e+00 1.3861706000e-02
    1.1389292020e+00 -1.0000000000e+00 2.4952615530e-02
    1.1409594570e+00 -1.0000000000e+00 4.4929250860e-02
    1.1641844450e+00 -1.0000000000e+00 8.4035111620e-02
    1.2270618120e+00 -1.0000000000e+00 1.5182541850e-01
    1.3162037950e+00 -1.0000000000e+00 2.5950529770e-01
    1.4434604780e+00 -1.0000000000e+00 4.3031191690e-01
    1.6272246620e+00 -1.0000000000e+00 7.0191172250e-01
    1.8979363990e+00 -1.0000000000e+00 1.1360859130e+00
    2.4725413670e+00 -1.0000000000e+00 1.8228808330e+00
    3.3900086110e+00 -1.0000000000e+00 2.9147875120e+00
    4.6593846320e+00 -1.0000000000e+00 4.7501782660e+00
    6.3942950430e+00 -1.0000000000e+00 7.8288430600e+00
    8.7733610400e+00 -1.0000000000e+00 1.2965580990e+01
    1.2018854730e+01 -1.0000000000e+00 2.1590284570e+01
    1.6397496110e+01 -1.0000000000e+00 3.6166623860e+01
    2.2198824810e+01 -1.0000000000e+00 6.0943495850e+01
    2.9672076010e+01 -1.0000000000e+00 1.0325861850e+02
    3.8863898130e+01 -1.0000000000e+00 1.7580252020e+02
    4.9259551510e+01 -1.0000000000e+00 3.0053860870e+02
    5.9034485870e+01 -1.0000000000e+00 5.1548643490e+02
    1.2211161920e+00 -1.0000000000e+00 8.6801711740e-06
    1.2211161920e+00 -1.0000000000e+00 2.4318625250e-05
    1.2211161920e+00 -1.0000000000e+00 5.2450897070e-05
    1.2211161940e+00 -1.0000000000e+00 1.0298787740e-04
    1.2211162000e+00 -1.0000000000e+00 1.9365508350e-04
    1.2211162270e+00 -1.0000000000e+00 3.5612248500e-04
    1.2211163320e+00 -1.0000000000e+00 6.4692096900e-04
    1.2211167240e+00 -1.0000000000e+00 1.1668685860e-03
    1.2211181420e+00 -1.0000000000e+00 2.0956160860e-03
    1.2211231620e+00 -1.0000000000e+00 3.7530407800e-03
    1.2211406500e+00 -1.0000000000e+00 6.7083054890e-03
    1.2212007690e+00 -1.0000000000e+00 1.1973595980e-02
    1.2214055460e+00 -1.0000000000e+00 2.1348854870e-02
    1.2221009760e+00 -1.0000000000e+00 3.8039724160e-02
    1.2244993500e+00 -1.0000000000e+00 6.7798820580e-02
    1.2547585930e+00 -1.0000000000e+00 1.2500493560e-01
    1.3549280350e+00 -1.0000000000e+00 2.2624319710e-01
    1.4971162960e+00 -1.0000000000e+00 3.8906108470e-01
    1.7008454110e+00 -1.0000000000e+00 6.5073495680e-01
    1.9972479520e+00 -1.0000000000e+00 1.0724747740e+00
    2.5551461810e+00 -1.0000000000e+00 1.7452862430e+00
    3.5142023180e+00 -1.0000000000e+00 2.8146510010e+00
    4.8427012260e+00 -1.0000000000e+00 4.6317185090e+00
    6.6702616930e+00 -1.0000000000e+00 7.6815378490e+00
    9.1895538000e+00 -1.0000000000e+00 1.2783570340e+01
    1.2648165580e+01 -1.0000000000e+00 2.1367648620e+01
    1.7351889620e+01 -1.0000000000e+00 3.5898721030e+01
    2.3654890960e+01 -1.0000000000e+00 6.0627140140e+01
    3.1913118250e+01 -1.0000000000e+00 1.0289477060e+02
    4.2354333440e+01 -1.0000000000e+00 1.7540168350e+02
    5.4778788820e+01 -1.0000000000e+00 3.0013235410e+02
    6.7920003220e+01 -1.0000000000e+00 5.1515194080e+02
    1.3480039790e+00 -1.0000000000e+00 8.6146056430e-06
    1.3480039790e+00 -1.0000000000e+00 2.3928362180e-05
    1.3480039790e+00 -1.0000000000e+00 5.1132688350e-05
    1.3480039800e+00 -1.0000000000e+00 9.9429510290e-05
    1.3480039820e+00 -1.0000000000e+00 1.8512084150e-04
    1.3480039930e+00 -1.0000000000e+00 3.3707250660e-04
    1.3480040350e+00 -1.0000000000e+00 6.0637224800e-04
    1.3480041880e+00 -1.0000000000e+00 1.0833951740e-03
    1.3480047390e+00 -1.0000000000e+00 1.9279459510e-03
    1.3480066750e+00 -1.0000000000e+00 3.4224788320e-03
    1.3480133630e+00 -1.0000000000e+00 6.0660350320e-03
    1.3480361680e+00 -1.0000000000e+00 1.0740015650e-02
    1.3481131340e+00 -1.0000000000e+00 1.9000762200e-02
    1.3483709590e+00 -1.0000000000e+00 3.3596580730e-02
    1.3492323820e+00 -1.0000000000e+00 5.9385995500e-02
    1.3521425600e+00 -1.0000000000e+00 1.0500077940e-01
    1.3897208620e+00 -1.0000000000e+00 1.9100191490e-01
    1.5463470860e+00 -1.0000000000e+00 3.4525417280e-01
    1.7696226420e+00 -1.0000000000e+00 5.9638463160e-01
    2.0918236360e+00 -1.0000000000e+00 1.0051323620e+00
    2.6355193790e+00 -1.0000000000e+00 1.6655719140e+00
    3.6327363830e+00 -1.0000000000e+00 2.7135930780e+00
    5.0188881290e+00 -1.0000000000e+00 4.5110463900e+00
    6.9364447160e+00 -1.0000000000e+00 7.5305896550e+00
    9.5917166030e+00 -1.0000000000e+00 1.2596184720e+01
    1.3256761100e+01 -1.0000000000e+00 2.1137247440e+01
    1.8275261140e+01 -1.0000000000e+00 3.5619367320e+01
    2.5063987410e+01 -1.0000000000e+00 6.0293458700e+01
    3.4082553320e+01 -1.0000000000e+00 1.0250393420e+02
    4.5735460930e+01 -1.0000000000e+00 1.7495745730e+02
    6.0131763350e+01 -1.0000000000e+00 2.9965417550e+02
    7.6554165530e+01 -1.0000000000e+00 5.1469501460e+02
    1.5420061640e+00 -1.0000000000e+00 8.5717222840e-06
    1.5420061640e+00 -1.0000000000e+00 2.3673109300e-05
    1.5420061640e+00 -1.0000000000e+00 5.0270509480e-05
    1.5420061640e+00 -1.0000000000e+00 9.7102148200e-05
    1.5420061650e+00 -1.0000000000e+00 1.7953899180e-04
    1.5420061700e+00 -1.0000000000e+00 3.2461280530e-04
    1.5420061870e+00 -1.0000000000e+00 5.7985123240e-04
    1.5420062480e+00 -1.0000000000e+00 1.0287992030e-03
    1.5420064690e+00 -1.0000000000e+00 1.8182814330e-03
    1.5420072370e+00 -1.0000000000e+00 3.2062785170e-03
    1.5420098770e+00 -1.0000000000e+00 5.6459883710e-03
    1.5420188210e+00 -1.0000000000e+00 9.9334014370e-03
    1.5420488190e+00 -1.0000000000e+00 1.7466361460e-02
    1.5421485840e+00 -1.0000000000e+00 3.0699408550e-02
    1.5424783480e+00 -1.0000000000e+00 5.3943094260e-02
    1.5435658570e+00 -1.0000000000e+00 9.4773524340e-02
    1.5471823160e+00 -1.0000000000e+00 1.6655024810e-01
    1.5911332420e+00 -1.0000000000e+00 2.9946896500e-01
    1.8333467510e+00 -1.0000000000e+00 5.3949448570e-01
    2.1810380050e+00 -1.0000000000e+00 9.3464874880e-01
    2.7188465730e+00 -1.0000000000e+00 1.5824612390e+00
    3.7457541690e+00 -1.0000000000e+00 2.6122621250e+00
    5.1882993850e+00 -1.0000000000e+00 4.3883398140e+00
    7.1932061360e+00 -1.0000000000e+00 7.3764637380e+00
    9.9804168910e+00 -1.0000000000e+00 1.2404058560e+01
    1.3845527080e+01 -1.0000000000e+00 2.0900004080e+01
    1.9169080060e+01 -1.0000000000e+00 3.5329860800e+01
    2.6428536910e+01 -1.0000000000e+00 5.9944318250e+01
    3.6184369160e+01 -1.0000000000e+00 1.0208883920e+02
    4.9013783580e+01 -1.0000000000e+00 1.7447390670e+02
    6.5328895420e+01 -1.0000000000e+00 2.9911023940e+02
    8.4953271480e+01 -1.0000000000e+00 5.1412518690e+02
    1.8386213750e+00 -1.0000000000e+00 8.5436742790e-06
    1.8386213750e+00 -1.0000000000e+00 2.3506160280e-05
    1.8386213750e+00 -1.0000000000e+00 4.9706598460e-05
    1.8386213760e+00 -1.0000000000e+00 9.5579929140e-05
    1.8386213760e+00 -1.0000000000e+00 1.7588816410e-04
    1.8386213780e+00 -1.0000000000e+00 3.1646349560e-04
    1.8386213850e+00 -1.0000000000e+00 5.6250507450e-04
    1.8386214100e+00 -1.0000000000e+00 9.9309054060e-04
    1.8386215000e+00 -1.0000000000e+00 1.7465551060e-03
    1.8386218120e+00 -1.0000000000e+00 3.0648728060e-03
    1.8386228790e+00 -1.0000000000e+00 5.3712609730e-03
    1.8386264790e+00 -1.0000000000e+00 9.4058685510e-03
    1.8386384960e+00 -1.0000000000e+00 1.6463009530e-02
    1.8386782750e+00 -1.0000000000e+00 2.8805936520e-02
    1.8388090360e+00 -1.0000000000e+00 5.0392141420e-02
    1.8392366680e+00 -1.0000000000e+00 8.8142528520e-02
    1.8406323970e+00 -1.0000000000e+00 1.5416761280e-01
    1.8452178390e+00 -1.0000000000e+00 2.6970519780e-01
    1.8924764920e+00 -1.0000000000e+00 4.8035681520e-01
    2.2646342750e+00 -1.0000000000e+00 8.6163210220e-01
    2.8133561830e+00 -1.0000000000e+00 1.4943509480e+00
    3.8534881530e+00 -1.0000000000e+00 2.5110591520e+00
    5.3512273060e+00 -1.0000000000e+00 4.2638192190e+00
    7.4408989520e+00 -1.0000000000e+00 7.2195811110e+00
    1.0356192860e+01 -1.0000000000e+00 1.2207773730e+01
    1.4415319000e+01 -1.0000000000e+00 2.0656739820e+01
    2.0034742350e+01 -1.0000000000e+00 3.5031353560e+01
    2.7750815780e+01 -1.0000000000e+00 5.9581369030e+01
    3.8222274760e+01 -1.0000000000e+00 1.0165189180e+02
    5.2195291880e+01 -1.0000000000e+00 1.7395460930e+02
    7.0379700670e+01 -1.0000000000e+00 2.9850597500e+02
    9.3132095370e+01 -1.0000000000e+00 5.1345086320e+02
    2.2921244310e+00 -1.0000000000e+00 8.5253293850e-06
    2.2921244310e+00 -1.0000000000e+00 2.3396966710e-05
    2.2921244310e+00 -1.0000000000e+00 4.9337770550e-05
    2.2921244310e+00 -1.0000000000e+00 9.4584316600e-05
    2.2921244320e+00 -1.0000000000e+00 1.7350032780e-04
    2.2921244320e+00 -1.0000000000e+00 3.1113341210e-04
    2.2921244350e+00 -1.0000000000e+00 5.5115976160e-04
    2.2921244460e+00 -1.0000000000e+00 9.6973517220e-04
    2.2921244830e+00 -1.0000000000e+00 1.6996422820e-03
    2.2921246120e+00 -1.0000000000e+00 2.9723860740e-03
    2.2921250510e+00 -1.0000000000e+00 5.1915755840e-03
    2.2921265280e+00 -1.0000000000e+00 9.0608402460e-03
    2.2921314410e+00 -1.0000000000e+00 1.5806803800e-02
    2.2921476500e+00 -1.0000000000e+00 2.7567752600e-02
    2.2922007500e+00 -1.0000000000e+00 4.8071150780e-02
    2.2923736870e+00 -1.0000000000e+00 8.3814843440e-02
    2.2929344570e+00 -1.0000000000e+00 1.4612744980e-01
    2.2947497330e+00 -1.0000000000e+00 2.5476776730e-01
    2.3006582430e+00 -1.0000000000e+00 4.4425432560e-01
    2.3460997790e+00 -1.0000000000e+00 7.8459742710e-01
    2.9167733010e+00 -1.0000000000e+00 1.4022824010e+00
    3.9562825420e+00 -1.0000000000e+00 2.4100546340e+00
    5.5079277870e+00 -1.0000000000e+00 4.1377209030e+00
    7.6798669320e+00 -1.0000000000e+00 7.0603216980e+00
    1.0719554420e+01 -1.0000000000e+00 1.2007865230e+01
    1.4966959160e+01 -1.0000000000e+00 2.0408185910e+01
    2.0873570920e+01 -1.0000000000e+00 3.4724869280e+01
    2.9032959740e+01 -1.0000000000e+00 5.9206072270e+01
    4.0199717590e+01 -1.0000000000e+00 1.0119521800e+02
    5.5285505250e+01 -1.0000000000e+00 1.7340272350e+02
    7.5292877500e+01 -1.0000000000e+00 2.9784617840e+02
    1.0110405460e+02 -1.0000000000e+00 5.1267948560e+02
    2.9854975750e+00 -1.0000000000e+00 8.5133308460e-06
    2.9854975750e+00 -1.0000000000e+00 2.3325548290e-05
    2.9854975750e+00 -1.0000000000e+00 4.9096537400e-05
    2.9854975750e+00 -1.0000000000e+00 9.3933132840e-05
    2.9854975750e+00 -1.0000000000e+00 1.7193855540e-04
    2.9854975750e+00 -1.0000000000e+00 3.0764725290e-04
    2.9854975770e+00 -1.0000000000e+00 5.4373932130e-04
    2.9854975810e+00 -1.0000000000e+00 9.5445951490e-04
    2.9854975970e+00 -1.0000000000e+00 1.6689587950e-03
    2.9854976500e+00 -1.0000000000e+00 2.9118948430e-03
    2.9854978330e+00 -1.0000000000e+00 5.0740519350e-03
    2.9854984470e+00 -1.0000000000e+00 8.8351745040e-03
    2.9855004850e+00 -1.0000000000e+00 1.5377617620e-02
    2.9855071940e+00 -1.0000000000e+00 2.6757959550e-02
    2.9855291200e+00 -1.0000000000e+00 4.6553373900e-02
    2.9856003510e+00 -1.0000000000e+00 8.0985961640e-02
    2.9858306120e+00 -1.0000000000e+00 1.4087872120e-01
    2.9865721910e+00 -1.0000000000e+00 2.4505919250e-01
    2.9889571910e+00 -1.0000000000e+00 4.2629242230e-01
    2.9966656710e+00 -1.0000000000e+00 7.4166609790e-01
    3.0387607770e+00 -1.0000000000e+00 1.2993879890e+00
    4.0546395370e+00 -1.0000000000e+00 2.3090441850e+00
    5.6586364640e+00 -1.0000000000e+00 4.0102778040e+00
    7.9104439580e+00 -1.0000000000e+00 6.8990278670e+00
    1.1070988030e+01 -1.0000000000e+00 1.1804821320e+01
    1.5501234740e+01 -1.0000000000e+00 2.0154994230e+01
    2.1686817170e+01 -1.0000000000e+00 3.4411318590e+01
    3.0276970710e+01 -1.0000000000e+00 5.8819724070e+01
    4.2119901270e+01 -1.0000000000e+00 1.0072070010e+02
    5.8289511620e+01 -1.0000000000e+00 1.7282104560e+02
    8.0076387060e+01 -1.0000000000e+00 2.9713510120e+02
    1.0888135850e+02 -1.0000000000e+00 5.1181766750e+02
    4.0456146130e+00 -1.0000000000e+00 8.5054831600e-06
    4.0456146130e+00 -1.0000000000e+00 2.3278836830e-05
    4.0456146130e+00 -1.0000000000e+00 4.8938758040e-05
    4.0456146130e+00 -1.0000000000e+00 9.3507223900e-05
    4.0456146130e+00 -1.0000000000e+00 1.7091707290e-04
    4.0456146130e+00 -1.0000000000e+00 3.0536711860e-04
    4.0456146140e+00 -1.0000000000e+00 5.3888595720e-04
    4.0456146150e+00 -1.0000000000e+00 9.4446841960e-04
    4.0456146220e+00 -1.0000000000e+00 1.6488901570e-03
    4.0456146450e+00 -1.0000000000e+00 2.8723303540e-03
    4.0456147220e+00 -1.0000000000e+00 4.9971852310e-03
    4.0456149790e+00 -1.0000000000e+00 8.6875772950e-03
    4.0456158330e+00 -1.0000000000e+00 1.5096908380e-02
    4.0456186400e+00 -1.0000000000e+00 2.6228320390e-02
    4.0456278000e+00 -1.0000000000e+00 4.5560719260e-02
    4.0456575070e+00 -1.0000000000e+00 7.9136034270e-02
    4.0457533680e+00 -1.0000000000e+00 1.3744762170e-01
    4.0460613840e+00 -1.0000000000e+00 2.3872022200e-01
    4.0470479560e+00 -1.0000000000e+00 4.1461056550e-01
    4.0502049270e+00 -1.0000000000e+00 7.2012458440e-01
    4.0603548580e+00 -1.0000000000e+00 1.2509174990e+00
    4.1605356030e+00 -1.0000000000e+00 2.1992961650e+00
    5.8035770650e+00 -1.0000000000e+00 3.8817093240e+00
    8.1329534040e+00 -1.0000000000e+00 6.7360078500e+00
    1.1410962160e+01 -1.0000000000e+00 1.1599081860e+01
    1.6018896820e+01 -1.0000000000e+00 1.9897746720e+01
    2.2475663340e+01 -1.0000000000e+00 3.4091512490e+01
    3.1484723990e+01 -1.0000000000e+00 5.8423476050e+01
    4.3985802960e+01 -1.0000000000e+00 1.0023000900e+02
    6.1212004420e+01 -1.0000000000e+00 1.7221205820e+02
    8.4737525780e+01 -1.0000000000e+00 2.9637652460e+02
    1.1647513950e+02 -1.0000000000e+00 5.1087130700e+02
    5.6664563550e+00 -1.0000000000e+00 8.5003503550e-06
    5.6664563550e+00 -1.0000000000e+00 2.3248285040e-05
    5.6664563550e+00 -1.0000000000e+00 4.8835561920e-05
    5.6664563550e+00 -1.0000000000e+00 9.3228656710e-05
    5.6664563550e+00 -1.0000000000e+00 1.7024896880e-04
    5.6664563550e+00 -1.0000000000e+00 3.0387578910e-04
    5.6664563560e+00 -1.0000000000e+00 5.3571159790e-04
    5.6664563560e+00 -1.0000000000e+00 9.3793370990e-04
    5.6664563590e+00 -1.0000000000e+00 1.6357641960e-03
    5.6664563690e+00 -1.0000000000e+00 2.8464530670e-03
    5.6664564010e+00 -1.0000000000e+00 4.9469103110e-03
    5.6664565100e+00 -1.0000000000e+00 8.5910408890e-03
    5.6664568710e+00 -1.0000000000e+00 1.4913309850e-02
    5.6664580540e+00 -1.0000000000e+00 2.5881909890e-02
    5.6664619100e+00 -1.0000000000e+00 4.4911480690e-02
    5.6664744050e+00 -1.0000000000e+00 7.7926145310e-02
    5.6665146800e+00 -1.0000000000e+00 1.3520386430e-01
    5.6666439240e+00 -1.0000000000e+00 2.3457632560e-01
    5.6670571610e+00 -1.0000000000e+00 4.0698244540e-01
    5.6683750590e+00 -1.0000000000e+00 7.0610934170e-01
    5.6725759280e+00 -1.0000000000e+00 1.2251384930e+00
    5.6860308080e+00 -1.0000000000e+00 2.1259064850e+00
    5.9506431740e+00 -1.0000000000e+00 3.7464101530e+00
    8.3477077570e+00 -1.0000000000e+00 6.5715384750e+00
    1.1739930600e+01 -1.0000000000e+00 1.1391038490e+01
    1.6520660420e+01 -1.0000000000e+00 1.9636963460e+01
    2.3241225240e+01 -1.0000000000e+00 3.3766174170e+01
    3.2657975750e+01 -1.0000000000e+00 5.8018353260e+01
    4.5800190150e+01 -1.0000000000e+00 9.9724630970e+01
    6.4057317040e+01 -1.0000000000e+00 1.7157797180e+02
    8.9282990910e+01 -1.0000000000e+00 2.9557382210e+02
    1.2389556920e+02 -1.0000000000e+00 5.0984568170e+02
    8.1446053330e+00 -1.0000000000e+00 8.4969932260e-06
    8.1446053330e+00 -1.0000000000e+00 2.3228302540e-05
    8.1446053330e+00 -1.0000000000e+00 4.8768066140e-05
    8.1446053330e+00 -1.0000000000e+00 9.3046458890e-05
    8.1446053330e+00 -1.0000000000e+00 1.6981199300e-04
    8.1446053330e+00 -1.0000000000e+00 3.0290037990e-04
    8.1446053330e+00 -1.0000000000e+00 5.3363539750e-04
    8.1446053340e+00 -1.0000000000e+00 9.3365966080e-04
    8.1446053350e+00 -1.0000000000e+00 1.6271791170e-03
    8.1446053390e+00 -1.0000000000e+00 2.8295279400e-03
    8.1446053530e+00 -1.0000000000e+00 4.9140278310e-03
    8.1446053990e+00 -1.0000000000e+00 8.5279009360e-03
    8.1446055520e+00 -1.0000000000e+00 1.4793226670e-02
    8.1446060530e+00 -1.0000000000e+00 2.5655339300e-02
    8.1446076850e+00 -1.0000000000e+00 4.4486846250e-02
    8.1446129710e+00 -1.0000000000e+00 7.7134826460e-02
    8.1446299950e+00 -1.0000000000e+00 1.3373640340e-01
    8.1446845860e+00 -1.0000000000e+00 2.3186643600e-01
    8.1448589680e+00 -1.0000000000e+00 4.0199578050e-01
    8.1454143390e+00 -1.0000000000e+00 6.9695724930e-01
    8.1471795480e+00 -1.0000000000e+00 1.2083636920e+00
    8.1527900440e+00 -1.0000000000e+00 2.0951056590e+00
    8.1707153960e+00 -1.0000000000e+00 3.6329077080e+00
    8.5750527170e+00 -1.0000000000e+00 6.3926262930e+00
    1.2058333760e+01 -1.0000000000e+00 1.1181037800e+01
    1.7007205160e+01 -1.0000000000e+00 1.9373109780e+01
    2.3984555280e+01 -1.0000000000e+00 3.3435949300e+01
    3.3798370450e+01 -1.0000000000e+00 5.7605269720e+01
    4.7565636610e+01 -1.0000000000e+00 9.9205891450e+01
    6.6829454510e+01 -1.0000000000e+00 1.7092075980e+02
    9.3718939220e+01 -1.0000000000e+00 2.9473001290e+02
    1.3115196080e+02 -1.0000000000e+00 5.0874552980e+02
    1.1933514640e+01 -1.0000000000e+00 8.4947974850e-06
    1.1933514640e+01 -1.0000000000e+00 2.3215232910e-05
    1.1933514640e+01 -1.0000000000e+00 4.8723920300e-05
    1.1933514640e+01 -1.0000000000e+00 9.2927291790e-05
    1.1933514640e+01 -1.0000000000e+00 1.6952618750e-04
    1.1933514640e+01 -1.0000000000e+00 3.0226241030e-04
    1.1933514640e+01 -1.0000000000e+00 5.3227745150e-04
    1.1933514640e+01 -1.0000000000e+00 9.3086420450e-04
    1.1933514640e+01 -1.0000000000e+00 1.6215640170e-03
    1.1933514640e+01 -1.0000000000e+00 2.8184580040e-03
    1.1933514640e+01 -1.0000000000e+00 4.8925209330e-03
    1.1933514660e+01 -1.0000000000e+00 8.4866040380e-03
    1.1933514730e+01 -1.0000000000e+00 1.4714685870e-02
    1.1933514940e+01 -1.0000000000e+00 2.5507150130e-02
    1.1933515640e+01 -1.0000000000e+00 4.4209113160e-02
    1.1933517880e+01 -1.0000000000e+00 7.6617264600e-02
    1.1933525110e+01 -1.0000000000e+00 1.3277662240e-01
    1.1933548260e+01 -1.0000000000e+00 2.3009411970e-01
    1.1933622200e+01 -1.0000000000e+00 3.9873478380e-01
    1.1933857510e+01 -1.0000000000e+00 6.9097441450e-01
    1.1934604580e+01 -1.0000000000e+00 1.1974099210e+00
    1.1936972990e+01 -1.0000000000e+00 2.0750642700e+00
    1.1944486110e+01 -1.0000000000e+00 3.5961407630e+00
    1.1968465760e+01 -1.0000000000e+00 6.2327466350e+00
    1.2442414580e+01 -1.0000000000e+00 1.0928605140e+01
    1.7479194700e+01 -1.0000000000e+00 1.9106592630e+01
    2.4706645740e+01 -1.0000000000e+00 3.3101415020e+01
    3.4907448110e+01 -1.0000000000e+00 5.7185041900e+01
    4.9284537430e+01 -1.0000000000e+00 9.8674974910e+01
    6.9532122490e+01 -1.0000000000e+00 1.7024218920e+02
    9.8051039820e+01 -1.0000000000e+00 2.9384780640e+02
    1.3825285890e+02 -1.0000000000e+00 5.0757511740e+02
    1.7726481010e+01 -1.0000000000e+00 8.4933613530e-06
    1.7726481010e+01 -1.0000000000e+00 2.3206684680e-05
    1.7726481010e+01 -1.0000000000e+00 4.8695046570e-05
    1.7726481010e+01 -1.0000000000e+00 9.2849350150e-05
    1.7726481010e+01 -1.0000000000e+00 1.6933925550e-04
    1.7726481010e+01 -1.0000000000e+00 3.0184514410e-04
    1.7726481010e+01 -1.0000000000e+00 5.3138928240e-04
    1.7726481010e+01 -1.0000000000e+00 9.2903582690e-04
    1.7726481010e+01 -1.0000000000e+00 1.6178914420e-03
    1.7726481010e+01 -1.0000000000e+00 2.8112176740e-03
    1.7726481020e+01 -1.0000000000e+00 4.8784542740e-03
    1.7726481020e+01 -1.0000000000e+00 8.4595936620e-03
    1.7726481050e+01 -1.0000000000e+00 1.4663316000e-02
    1.7726481140e+01 -1.0000000000e+00 2.5410226520e-02
    1.7726481440e+01 -1.0000000000e+00 4.4027461010e-02
    1.7726482390e+01 -1.0000000000e+00 7.6278752190e-02
    1.7726485470e+01 -1.0000000000e+00 1.3214887830e-01
    1.7726495320e+01 -1.0000000000e+00 2.2893495230e-01
    1.7726526770e+01 -1.0000000000e+00 3.9660204310e-01
    1.7726626800e+01 -1.0000000000e+00 6.8706202850e-01
    1.7726944240e+01 -1.0000000000e+00 1.1902495600e+00
    1.7727949590e+01 -1.0000000000e+00 2.0619787450e+00
    1.7731131190e+01 -1.0000000000e+00 3.5722240660e+00
    1.7741215600e+01 -1.0000000000e+00 6.1888539880e+00
    1.7773404410e+01 -1.0000000000e+00 1.0723041790e+01
    1.8237374000e+01 -1.0000000000e+00 1.8718270730e+01
    2.5408728350e+01 -1.0000000000e+00 3.2762953630e+01
    3.5986652670e+01 -1.0000000000e+00 5.6758399850e+01
    5.0959123070e+01 -1.0000000000e+00 9.8132942240e+01
    7.2168753710e+01 -1.0000000000e+00 1.6954384540e+02
    1.0228452120e+02 -1.0000000000e+00 2.9292964190e+02
    1.4520611870e+02 -1.0000000000e+00 5.0633829740e+02
    2.6583504700e+01 -1.0000000000e+00 8.4924220450e-06
    2.6583504700e+01 -1.0000000000e+00 2.3201093680e-05
    2.6583504700e+01 -1.0000000000e+00 4.8676161600e-05
    2.6583504700e+01 -1.0000000000e+00 9.2798372150e-05
    2.6583504700e+01 -1.0000000000e+00 1.6921699200e-04
    2.6583504700e+01 -1.0000000000e+00 3.0157222970e-04
    2.6583504700e+01 -1.0000000000e+00 5.3080837240e-04
    2.6583504700e+01 -1.0000000000e+00 9.2783997030e-04
    2.6583504700e+01 -1.0000000000e+00 1.6154893810e-03
    2.6583504700e+01 -1.0000000000e+00 2.8064821120e-03
    2.6583504700e+01 -1.0000000000e+00 4.8692539280e-03
    2.6583504700e+01 -1.0000000000e+00 8.4419274350e-03
    2.6583504710e+01 -1.0000000000e+00 1.4629717360e-02
    2.6583504750e+01 -1.0000000000e+00 2.5346833310e-02
    2.6583504880e+01 -1.0000000000e+00 4.3908650830e-02
    2.6583505290e+01 -1.0000000000e+00 7.6057347160e-02
    2.6583506600e+01 -1.0000000000e+00 1.3173830110e-01
    2.6583510800e+01 -1.0000000000e+00 2.2817680030e-01
    2.6583524200e+01 -1.0000000000e+00 3.9520714690e-01
    2.6583566820e+01 -1.0000000000e+00 6.8450328770e-01
    2.6583702020e+01 -1.0000000000e+00 1.1855672450e+00
    2.6584130050e+01 -1.0000000000e+00 2.0534253920e+00
    2.6585483360e+01 -1.0000000000e+00 3.5566109980e+00
    2.6589762690e+01 -1.0000000000e+00 6.1603171250e+00
    2.6603327270e+01 -1.0000000000e+00 1.0670571770e+01
    2.6646729060e+01 -1.0000000000e+00 1.8484541790e+01
    2.7080235570e+01 -1.0000000000e+00 3.2148683880e+01
    3.7040792900e+01 -1.0000000000e+00 5.6324655710e+01
    5.2591513590e+01 -1.0000000000e+00 9.7580732380e+01
    7.4742533120e+01 -1.0000000000e+00 1.6882715500e+02
    1.0642421350e+02 -1.0000000000e+00 2.9197772020e+02
    1.5201897650e+02 -1.0000000000e+00 5.0503855820e+02
    4.0125248850e+01 -1.0000000000e+00 8.4918076890e-06
    4.0125248850e+01 -1.0000000000e+00 2.3197436870e-05
    4.0125248850e+01 -1.0000000000e+00 4.8663809820e-05
    4.0125248850e+01 -1.0000000000e+00 9.2765029820e-05
    4.0125248850e+01 -1.0000000000e+00 1.6913702510e-04
    4.0125248850e+01 -1.0000000000e+00 3.0139372910e-04
    4.0125248850e+01 -1.0000000000e+00 5.3042842620e-04
    4.0125248850e+01 -1.0000000000e+00 9.2705781620e-04
    4.0125248850e+01 -1.0000000000e+00 1.6139183060e-03
    4.0125248850e+01 -1.0000000000e+00 2.8033848010e-03
    4.0125248850e+01 -1.0000000000e+00 4.8632364110e-03
    4.0125248850e+01 -1.0000000000e+00 8.4303727790e-03
    4.0125248860e+01 -1.0000000000e+00 1.4607742060e-02
    4.0125248880e+01 -1.0000000000e+00 2.5305370760e-02
    4.0125248930e+01 -1.0000000000e+00 4.3830942640e-02
    4.0125249100e+01 -1.0000000000e+00 7.5912536500e-02
    4.0125249660e+01 -1.0000000000e+00 1.3146976190e-01
    4.0125251450e+01 -1.0000000000e+00 2.2768092970e-01
    4.0125257170e+01 -1.0000000000e+00 3.9429481780e-01
    4.0125275360e+01 -1.0000000000e+00 6.8282977640e-01
    4.0125333030e+01 -1.0000000000e+00 1.1825049940e+00
    4.0125515580e+01 -1.0000000000e+00 2.0478323390e+00
    4.0126092520e+01 -1.0000000000e+00 3.5464064290e+00
    4.0127915250e+01 -1.0000000000e+00 6.1416929290e+00
    4.0133678910e+01 -1.0000000000e+00 1.0636481020e+01
    4.0151989840e+01 -1.0000000000e+00 1.8421592730e+01
    4.0210939210e+01 -1.0000000000e+00 3.1907626300e+01
    4.0657718160e+01 -1.0000000000e+00 5.5383850810e+01
    5.4210441010e+01 -1.0000000000e+00 9.7010290580e+01
    7.7257073000e+01 -1.0000000000e+00 1.6809322190e+02
    1.1047461430e+02 -1.0000000000e+00 2.9099402630e+02
    1.5869811230e+02 -1.0000000000e+00 5.0367906630e+02
    6.0829589420e+01 -1.0000000000e+00 8.4914058660e-06
    6.0829589420e+01 -1.0000000000e+00 2.3195045120e-05
    6.0829589420e+01 -1.0000000000e+00 4.8655731100e-05
    6.0829589420e+01 -1.0000000000e+00 9.2743222150e-05
    6.0829589420e+01 -1.0000000000e+00 1.6908472250e-04
    6.0829589420e+01 -1.0000000000e+00 3.0127698020e-04
    6.0829589420e+01 -1.0000000000e+00 5.3017992110e-04
    6.0829589420e+01 -1.0000000000e+00 9.2654624570e-04
    6.0829589420e+01 -1.0000000000e+00 1.6128907380e-03
    6.0829589420e+01 -1.0000000000e+00 2.8013589950e-03
    6.0829589420e+01 -1.0000000000e+00 4.8593006330e-03
    6.0829589420e+01 -1.0000000000e+00 8.4228154170e-03
    6.0829589420e+01 -1.0000000000e+00 1.4593369040e-02
    6.0829589430e+01 -1.0000000000e+00 2.5278252050e-02
    6.0829589450e+01 -1.0000000000e+00 4.3780117340e-02
    6.0829589520e+01 -1.0000000000e+00 7.5817822610e-02
    6.0829589760e+01 -1.0000000000e+00 1.3129412300e-01
    6.0829590530e+01 -1.0000000000e+00 2.2735660420e-01
    6.0829592970e+01 -1.0000000000e+00 3.9369810780e-01
    6.0829600730e+01 -1.0000000000e+00 6.8173522150e-01
    6.0829625360e+01 -1.0000000000e+00 1.1805021780e+00
    6.0829703300e+01 -1.0000000000e+00 2.0441745140e+00
    6.0829949580e+01 -1.0000000000e+00 3.5397339230e+00
    6.0830727350e+01 -1.0000000000e+00 6.1295218370e+00
    6.0833184460e+01 -1.0000000000e+00 1.0614239170e+01
    6.0840970870e+01 -1.0000000000e+00 1.8380726250e+01
    6.0865850780e+01 -1.0000000000e+00 3.1831553270e+01
    6.0946855590e+01 -1.0000000000e+00 5.5130782770e+01
    6.1478330780e+01 -1.0000000000e+00 9.5608674030e+01
    7.9852304920e+01 -1.0000000000e+00 1.6730403520e+02
    1.1444540820e+02 -1.0000000000e+00 2.8997901810e+02
    1.6525002610e+02 -1.0000000000e+00 5.0226263660e+02
    9.2485018230e+01 -1.0000000000e+00 8.4911430530e-06
    9.2485018230e+01 -1.0000000000e+00 2.3193480790e-05
    9.2485018230e+01 -1.0000000000e+00 4.8650447190e-05
    9.2485018230e+01 -1.0000000000e+00 9.2728958780e-05
    9.2485018230e+01 -1.0000000000e+00 1.6905051380e-04
    9.2485018230e+01 -1.0000000000e+00 3.0120062020e-04
    9.2485018230e+01 -1.0000000000e+00 5.3001738550e-04
    9.2485018230e+01 -1.0000000000e+00 9.2621165130e-04
    9.2485018230e+01 -1.0000000000e+00 1.6122186550e-03
    9.2485018230e+01 -1.0000000000e+00 2.8000340100e-03
    9.2485018230e+01 -1.0000000000e+00 4.8567264240e-03
    9.2485018230e+01 -1.0000000000e+00 8.4178724990e-03
    9.2485018230e+01 -1.0000000000e+00 1.4583968320e-02
    9.2485018240e+01 -1.0000000000e+00 2.5260514960e-02
    9.2485018250e+01 -1.0000000000e+00 4.3746874870e-02
    9.2485018280e+01 -1.0000000000e+00 7.5755874670e-02
    9.2485018380e+01 -1.0000000000e+00 1.3117924580e-01
    9.2485018710e+01 -1.0000000000e+00 2.2714447810e-01
    9.2485019750e+01 -1.0000000000e+00 3.9330782810e-01
    9.2485023070e+01 -1.0000000000e+00 6.8101932700e-01
    9.2485033590e+01 -1.0000000000e+00 1.1791922450e+00
    9.2485066890e+01 -1.0000000000e+00 2.0417821870e+00
    9.2485172100e+01 -1.0000000000e+00 3.5353702240e+00
    9.2485504300e+01 -1.0000000000e+00 6.1215639230e+00
    9.2486553400e+01 -1.0000000000e+00 1.0599706000e+01
    9.2489874640e+01 -1.0000000000e+00 1.8354073400e+01
    9.2500458090e+01 -1.0000000000e+00 3.1782216510e+01
    9.2534637290e+01 -1.0000000000e+00 5.5037652210e+01
    9.2648046440e+01 -1.0000000000e+00 9.5319365860e+01
    9.3368236550e+01 -1.0000000000e+00 1.6524411050e+02
    1.1881891910e+02 -1.0000000000e+00 2.8881594590e+02
    1.7170674820e+02 -1.0000000000e+00 5.0078621930e+02
    1.4088386340e+02 -1.0000000000e+00 8.4909711590e-06
    1.4088386340e+02 -1.0000000000e+00 2.3192457630e-05
    1.4088386340e+02 -1.0000000000e+00 4.8646991230e-05
    1.4088386340e+02 -1.0000000000e+00 9.2719629770e-05
    1.4088386340e+02 -1.0000000000e+00 1.6902813950e-04
    1.4088386340e+02 -1.0000000000e+00 3.0115067660e-04
    1.4088386340e+02 -1.0000000000e+00 5.2991107850e-04
    1.4088386340e+02 -1.0000000000e+00 9.2599280860e-04
    1.4088386340e+02 -1.0000000000e+00 1.6117790760e-03
    1.4088386340e+02 -1.0000000000e+00 2.7991673980e-03
    1.4088386340e+02 -1.0000000000e+00 4.8550427540e-03
    1.4088386340e+02 -1.0000000000e+00 8.4146395660e-03
    1.4088386340e+02 -1.0000000000e+00 1.4577819740e-02
    1.4088386340e+02 -1.0000000000e+00 2.5248913960e-02
    1.4088386340e+02 -1.0000000000e+00 4.3725132530e-02
    1.4088386340e+02 -1.0000000000e+00 7.5715357410e-02
    1.4088386350e+02 -1.0000000000e+00 1.3110411000e-01
    1.4088386360e+02 -1.0000000000e+00 2.2700573640e-01
    1.4088386410e+02 -1.0000000000e+00 3.9305256450e-01
    1.4088386550e+02 -1.0000000000e+00 6.8055109450e-01
    1.4088387000e+02 -1.0000000000e+00 1.1783354840e+00
    1.4088388420e+02 -1.0000000000e+00 2.0402175010e+00
    1.4088392920e+02 -1.0000000000e+00 3.5325162600e+00
    1.4088407120e+02 -1.0000000000e+00 6.1163597220e+00
    1.4088451940e+02 -1.0000000000e+00 1.0590204290e+01
    1.4088593800e+02 -1.0000000000e+00 1.8336660840e+01
    1.4089045360e+02 -1.0000000000e+00 3.1750053560e+01
    1.4090499300e+02 -1.0000000000e+00 5.4977328030e+01
    1.4095280470e+02 -1.0000000000e+00 9.5202881630e+01
    1.4111625900e+02 -1.0000000000e+00 1.6487993760e+02
    1.4221577330e+02 -1.0000000000e+00 2.8580159090e+02
    1.7926152340e+02 -1.0000000000e+00 4.9899272470e+02
    2.1488217280e+02 -1.0000000000e+00 8.4908587310e-06
    2.1488217280e+02 -1.0000000000e+00 2.3191788430e-05
    2.1488217280e+02 -1.0000000000e+00 4.8644730840e-05
    2.1488217280e+02 -1.0000000000e+00 9.2713528100e-05
    2.1488217280e+02 -1.0000000000e+00 1.6901350550e-04
    2.1488217280e+02 -1.0000000000e+00 3.0111801090e-04
    2.1488217280e+02 -1.0000000000e+00 5.2984154810e-04
    2.1488217280e+02 -1.0000000000e+00 9.2584967390e-04
    2.1488217280e+02 -1.0000000000e+00 1.6114915680e-03
    2.1488217280e+02 -1.0000000000e+00 2.7986005880e-03
    2.1488217280e+02 -1.0000000000e+00 4.8539415440e-03
    2.1488217280e+02 -1.0000000000e+00 8.4125250560e-03
    2.1488217280e+02 -1.0000000000e+00 1.4573798250e-02
    2.1488217280e+02 -1.0000000000e+00 2.5241326280e-02
    2.1488217280e+02 -1.0000000000e+00 4.3710911870e-02
    2.1488217280e+02 -1.0000000000e+00 7.5688856950e-02
    2.1488217280e+02 -1.0000000000e+00 1.3105496710e-01
    2.1488217290e+02 -1.0000000000e+00 2.2691499190e-01
    2.1488217310e+02 -1.0000000000e+00 3.9288560850e-01
    2.1488217370e+02 -1.0000000000e+00 6.8024484570e-01
    2.1488217560e+02 -1.0000000000e+00 1.1777751170e+00
    2.1488218170e+02 -1.0000000000e+00 2.0391941190e+00
    2.1488220090e+02 -1.0000000000e+00 3.5306496490e+00
    2.1488226160e+02 -1.0000000000e+00 6.1129560860e+00
    2.1488245320e+02 -1.0000000000e+00 1.0583990670e+01
    2.1488305960e+02 -1.0000000000e+00 1.8325277400e+01
    2.1488498870e+02 -1.0000000000e+00 3.1729045240e+01
    2.1489119280e+02 -1.0000000000e+00 5.4938023020e+01
    2.1491152600e+02 -1.0000000000e+00 9.5127542620e+01
    2.1498034350e+02 -1.0000000000e+00 1.6472930310e+02
    2.1522619800e+02 -1.0000000000e+00 2.8529482700e+02
    2.1712676880e+02 -1.0000000000e+00 4.9455115190e+02
    3.2802019850e+02 -1.0000000000e+00 8.4907851980e-06
    3.2802019850e+02 -1.0000000000e+00 2.3191350740e-05
    3.2802019850e+02 -1.0000000000e+00 4.8643252430e-05
    3.2802019850e+02 -1.0000000000e+00 9.2709537280e-05
    3.2802019850e+02 -1.0000000000e+00 1.6900393410e-04
    3.2802019850e+02 -1.0000000000e+00 3.0109664580e-04
    3.2802019850e+02 -1.0000000000e+00 5.2979607150e-04
    3.2802019850e+02 -1.0000000000e+00 9.2575605610e-04
    3.2802019850e+02 -1.0000000000e+00 1.6113035220e-03
    3.2802019850e+02 -1.0000000000e+00 2.7982298640e-03
    3.2802019850e+02 -1.0000000000e+00 4.8532212940e-03
    3.2802019850e+02 -1.0000000000e+00 8.4111420530e-03
    3.2802019850e+02 -1.0000000000e+00 1.4571167970e-02
    3.2802019850e+02 -1.0000000000e+00 2.5236363540e-02
    3.2802019850e+02 -1.0000000000e+00 4.3701610810e-02
    3.2802019850e+02 -1.0000000000e+00 7.5671524240e-02
    3.2802019850e+02 -1.0000000000e+00 1.3102282510e-01
    3.2802019860e+02 -1.0000000000e+00 2.2685564010e-01
    3.2802019860e+02 -1.0000000000e+00 3.9277641030e-01
    3.2802019890e+02 -1.0000000000e+00 6.8004454260e-01
    3.2802019970e+02 -1.0000000000e+00 1.1774086070e+00
    3.2802020230e+02 -1.0000000000e+00 2.0385247750e+00
    3.2802021050e+02 -1.0000000000e+00 3.5294287960e+00
    3.2802023650e+02 -1.0000000000e+00 6.1107299780e+00
    3.2802031840e+02 -1.0000000000e+00 1.0579926910e+01
    3.2802057770e+02 -1.0000000000e+00 1.8317833470e+01
    3.2802140240e+02 -1.0000000000e+00 3.1715312240e+01
    3.2802405320e+02 -1.0000000000e+00 5.4912355460e+01
    3.2803272920e+02 -1.0000000000e+00 9.5078484630e+01
    3.2806198160e+02 -1.0000000000e+00 1.6463204420e+02
    3.2816530580e+02 -1.0000000000e+00 2.8509045430e+02
    3.2855701470e+02 -1.0000000000e+00 4.9376268220e+02
    5.0100000000e+02 -1.0000000000e+00 8.4907371400e-06
    5.0100000000e+02 -1.0000000000e+00 2.3191064700e-05
    5.0100000000e+02 -1.0000000000e+00 4.8642286330e-05
    5.0100000000e+02 -1.0000000000e+00 9.2706929550e-05
    5.0100000000e+02 -1.0000000000e+00 1.6899768020e-04
    5.0100000000e+02 -1.0000000000e+00 3.0108268710e-04
    5.0100000000e+02 -1.0000000000e+00 5.2976636210e-04
    5.0100000000e+02 -1.0000000000e+00 9.2569490130e-04
    5.0100000000e+02 -1.0000000000e+00 1.6111806850e-03
    5.0100000000e+02 -1.0000000000e+00 2.7979876810e-03
    5.0100000000e+02 -1.0000000000e+00 4.8527507400e-03
    5.0100000000e+02 -1.0000000000e+00 8.4102384390e-03
    5.0100000000e+02 -1.0000000000e+00 1.4569449310e-02
    5.0100000000e+02 -1.0000000000e+00 2.5233120580e-02
    5.0100000000e+02 -1.0000000000e+00 4.3695532600e-02
    5.0100000000e+02 -1.0000000000e+00 7.5660196850e-02
    5.0100000000e+02 -1.0000000000e+00 1.3100181850e-01
    5.0100000000e+02 -1.0000000000e+00 2.2681684920e-01
    5.0100000000e+02 -1.0000000000e+00 3.9270503880e-01
    5.0100000000e+02 -1.0000000000e+00 6.7991362200e-01
    5.0100000000e+02 -1.0000000000e+00 1.1771690480e+00
    5.0100000000e+02 -1.0000000000e+00 2.0380872720e+00
    5.0100000000e+02 -1.0000000000e+00 3.5286308350e+00
    5.0100000000e+02 -1.0000000000e+00 6.1092751550e+00
    5.0100000000e+02 -1.0000000000e+00 1.0577272140e+01
    5.0100000000e+02 -1.0000000000e+00 1.8312975680e+01
    5.0100000000e+02 -1.0000000000e+00 3.1706375200e+01
    5.0100000000e+02 -1.0000000000e+00 5.4895756990e+01
    5.0100000000e+02 -1.0000000000e+00 9.5047133730e+01
    5.0100000000e+02 -1.0000000000e+00 1.6457113920e+02
    5.0100000000e+02 -1.0000000000e+00 2.8496713140e+02
    5.0100000000e+02 -1.0000000000e+00 4.9349850840e+02
))

(13 (2 1 1b88 2 0)
(
    4 2 e7a e9b 23 2 1
    4 22 23 e9b e9a 21 1
    4 e79 1 22 e9a de1 1
    4 3 e7b e9c 24 3 2
    4 23 24 e9c e9b 22 2
    4 4 e7c e9d 25 4 3
    4 24 25 e9d e9c 23 3
    4 5 e7d e9e 26 5 4
    4 25 26 e9e e9d 24 4
    4 6 e7e e9f 27 6 5
    4 26 27 e9f e9e 25 5
    4 7 e7f ea0 28 7 6
    4 27 28 ea0 e9f 26 6
    4 8 e80 ea1 29 8 7
    4 28 29 ea1 ea0 27 7
    4 9 e81 ea2 2a 9 8
    4 29 2a ea2 ea1 28 8
    4 a e82 ea3 2b a 9
    4 2a 2b ea3 ea2 29 9
    4 b e83 ea4 2c b a
    4 2b 2c ea4 ea3 2a a
    4 c e84 ea5 2d c b
    4 2c 2d ea5 ea4 2b b
    4 d e85 ea6 2e d c
    4 2d 2e ea6 ea5 2c c
    4 e e86 ea7 2f e d
    4 2e 2f ea7 ea6 2d d
    4 f e87 ea8 30 f e
    4 2f 30 ea8 ea7 2e e
    4 10 e88 ea9 31 10 f
    4 30 31 ea9 ea8 2f f
    4 11 e89 eaa 32 11 10
    4 31 32 eaa ea9 30 10
    4 12 e8a eab 33 12 11
    4 32 33 eab eaa 31 11
    4 13 e8b eac 34 13 12
    4 33 34 eac eab 32 12
    4 14 e8c ead 35 14 13
    4 34 35 ead eac 33 13
    4 15 e8d eae 36 15 14
    4 35 36 eae ead 34 14
    4 16 e8e eaf 37 16 15
    4 36 37 eaf eae 35 15
    4 17 e8f eb0 38 17 16
    4 37 38 eb0 eaf 36 16
    4 18 e90 eb1 39 18 17
    4 38 39 eb1 eb0 37 17
    4 19 e91 eb2 3a 19 18
    4 39 3a eb2 eb1 38 18
    4 1a e92 eb3 3b 1a 19
    4 3a 3b eb3 eb2 39 19
    4 1b e93 eb4 3c 1b 1a
    4 3b 3c eb4 eb3 3a 1a
    4 1c e94 eb5 3d 1c 1b
    4 3c 3d eb5 eb4 3b 1b
    4 1d e95 eb6 3e 1d 1c
    4 3d 3e eb6 eb5 3c 1c
    4 1e e96 eb7 3f 1e 1d
    4 3e 3f eb7 eb6 3d 1d
    4 1f e97 eb8 40 1f 1e
    4 3f 40 eb8 eb7 3e 1e
    4 20 e98 eb9 41 20 1f
    4 40 41 eb9 eb8 3f 1f
    4 41 42 eba eb9 40 20
    4 23 e9b ebc 44 22 21
    4 43 44 ebc ebb 41 21
    4 e9a 22 43 ebb dc1 21
    4 24 e9c ebd 45 23 22
    4 44 45 ebd ebc 42 22
    4 25 e9d ebe 46 24 23
    4 45 46 ebe ebd 43 23
    4 26 e9e ebf 47 25 24
    4 46 47 ebf ebe 44 24
    4 27 e9f ec0 48 26 25
    4 47 48 ec0 ebf 45 25
    4 28 ea0 ec1 49 27 26
    4 48 49 ec1 ec0 46 26
    4 29 ea1 ec2 4a 28 27
    4 49 4a ec2 ec1 47 27
    4 2a ea2 ec3 4b 29 28
    4 4a 4b ec3 ec2 48 28
    4 2b ea3 ec4 4c 2a 29
    4 4b 4c ec4 ec3 49 29
    4 2c ea4 ec5 4d 2b 2a
    4 4c 4d ec5 ec4 4a 2a
    4 2d ea5 ec6 4e 2c 2b
    4 4d 4e ec6 ec5 4b 2b
    4 2e ea6 ec7 4f 2d 2c
    4 4e 4f ec7 ec6 4c 2c
    4 2f ea7 ec8 50 2e 2d
    4 4f 50 ec8 ec7 4d 2d
    4 30 ea8 ec9 51 2f 2e
    4 50 51 ec9 ec8 4e 2e
    4 31 ea9 eca 52 30 2f
    4 51 52 eca ec9 4f 2f
    4 32 eaa ecb 53 31 30
    4 52 53 ecb eca 50 30
    4 33 eab ecc 54 32 31
    4 53 54 ecc ecb 51 31
    4 34 eac ecd 55 33 32
    4 54 55 ecd ecc 52 32
    4 35 ead ece 56 34 33
    4 55 56 ece ecd 53 33
    4 36 eae ecf 57 35 34
    4 56 57 ecf ece 54 34
    4 37 eaf ed0 58 36 35
    4 57 58 ed0 ecf 55 35
    4 38 eb0 ed1 59 37 36
    4 58 59 ed1 ed0 56 36
    4 39 eb1 ed2 5a 38 37
    4 59 5a ed2 ed1 57 37
    4 3a eb2 ed3 5b 39 38
    4 5a 5b ed3 ed2 58 38
    4 3b eb3 ed4 5c 3a 39
    4 5b 5c ed4 ed3 59 39
    4 3c eb4 ed5 5d 3b 3a
    4 5c 5d ed5 ed4 5a 3a
    4 3d eb5 ed6 5e 3c 3b
    4 5d 5e ed6 ed5 5b 3b
    4 3e eb6 ed7 5f 3d 3c
    4 5e 5f ed7 ed6 5c 3c
    4 3f eb7 ed8 60 3e 3d
    4 5f 60 ed8 ed7 5d 3d
    4 40 eb8 ed9 61 3f 3e
    4 60 61 ed9 ed8 5e 3e
    4 41 eb9 eda 62 40 3f
    4 61 62 eda ed9 5f 3f
    4 62 63 edb eda 60 40
    4 44 ebc edd 65 42 41
    4 64 65 edd edc 61 41
    4 ebb 43 64 edc da1 41
    4 45 ebd ede 66 43 42
    4 65 66 ede edd 62 42
    4 46 ebe edf 67 44 43
    4 66 67 edf ede 63 43
    4 47 ebf ee0 68 45 44
    4 67 68 ee0 edf 64 44
    4 48 ec0 ee1 69 46 45
    4 68 69 ee1 ee0 65 45
    4 49 ec1 ee2 6a 47 46
    4 69 6a ee2 ee1 66 46
    4 4a ec2 ee3 6b 48 47
    4 6a 6b ee3 ee2 67 47
    4 4b ec3 ee4 6c 49 48
    4 6b 6c ee4 ee3 68 48
    4 4c ec4 ee5 6d 4a 49
    4 6c 6d ee5 ee4 69 49
    4 4d ec5 ee6 6e 4b 4a
    4 6d 6e ee6 ee5 6a 4a
    4 4e ec6 ee7 6f 4c 4b
    4 6e 6f ee7 ee6 6b 4b
    4 4f ec7 ee8 70 4d 4c
    4 6f 70 ee8 ee7 6c 4c
    4 50 ec8 ee9 71 4e 4d
    4 70 71 ee9 ee8 6d 4d
    4 51 ec9 eea 72 4f 4e
    4 71 72 eea ee9 6e 4e
    4 52 eca eeb 73 50 4f
    4 72 73 eeb eea 6f 4f
    4 53 ecb eec 74 51 50
    4 73 74 eec eeb 70 50
    4 54 ecc eed 75 52 51
    4 74 75 eed eec 71 51
    4 55 ecd eee 76 53 52
    4 75 76 eee eed 72 52
    4 56 ece eef 77 54 53
    4 76 77 eef eee 73 53
    4 57 ecf ef0 78 55 54
    4 77 78 ef0 eef 74 54
    4 58 ed0 ef1 79 56 55
    4 78 79 ef1 ef0 75 55
    4 59 ed1 ef2 7a 57 56
    4 79 7a ef2 ef1 76 56
    4 5a ed2 ef3 7b 58 57
    4 7a 7b ef3 ef2 77 57
    4 5b ed3 ef4 7c 59 58
    4 7b 7c ef4 ef3 78 58
    4 5c ed4 ef5 7d 5a 59
    4 7c 7d ef5 ef4 79 59
    4 5d ed5 ef6 7e 5b 5a
    4 7d 7e ef6 ef5 7a 5a
    4 5e ed6 ef7 7f 5c 5b
    4 7e 7f ef7 ef6 7b 5b
    4 5f ed7 ef8 80 5d 5c
    4 7f 80 ef8 ef7 7c 5c
    4 60 ed8 ef9 81 5e 5d
    4 80 81 ef9 ef8 7d 5d
    4 61 ed9 efa 82 5f 5e
    4 81 82 efa ef9 7e 5e
    4 62 eda efb 83 60 5f
    4 82 83 efb efa 7f 5f
    4 83 84 efc efb 80 60
    4 65 edd efe 86 62 61
    4 85 86 efe efd 81 61
    4 edc 64 85 efd d81 61
    4 66 ede eff 87 63 62
    4 86 87 eff efe 82 62
    4 67 edf f00 88 64 63
    4 87 88 f00 eff 83 63
    4 68 ee0 f01 89 65 64
    4 88 89 f01 f00 84 64
    4 69 ee1 f02 8a 66 65
    4 89 8a f02 f01 85 65
    4 6a ee2 f03 8b 67 66
    4 8a 8b f03 f02 86 66
    4 6b ee3 f04 8c 68 67
    4 8b 8c f04 f03 87 67
    4 6c ee4 f05 8d 69 68
    4 8c 8d f05 f04 88 68
    4 6d ee5 f06 8e 6a 69
    4 8d 8e f06 f05 89 69
    4 6e ee6 f07 8f 6b 6a
    4 8e 8f f07 f06 8a 6a
    4 6f ee7 f08 90 6c 6b
    4 8f 90 f08 f07 8b 6b
    4 70 ee8 f09 91 6d 6c
    4 90 91 f09 f08 8c 6c
    4 71 ee9 f0a 92 6e 6d
    4 91 92 f0a f09 8d 6d
    4 72 eea f0b 93 6f 6e
    4 92 93 f0b f0a 8e 6e
    4 73 eeb f0c 94 70 6f
    4 93 94 f0c f0b 8f 6f
    4 74 eec f0d 95 71 70
    4 94 95 f0d f0c 90 70
    4 75 eed f0e 96 72 71
    4 95 96 f0e f0d 91 71
    4 76 eee f0f 97 73 72
    4 96 97 f0f f0e 92 72
    4 77 eef f10 98 74 73
    4 97 98 f10 f0f 93 73
    4 78 ef0 f11 99 75 74
    4 98 99 f11 f10 94 74
    4 79 ef1 f12 9a 76 75
    4 99 9a f12 f11 95 75
    4 7a ef2 f13 9b 77 76
    4 9a 9b f13 f12 96 76
    4 7b ef3 f14 9c 78 77
    4 9b 9c f14 f13 97 77
    4 7c ef4 f15 9d 79 78
    4 9c 9d f15 f14 98 78
    4 7d ef5 f16 9e 7a 79
    4 9d 9e f16 f15 99 79
    4 7e ef6 f17 9f 7b 7a
    4 9e 9f f17 f16 9a 7a
    4 7f ef7 f18 a0 7c 7b
    4 9f a0 f18 f17 9b 7b
    4 80 ef8 f19 a1 7d 7c
    4 a0 a1 f19 f18 9c 7c
    4 81 ef9 f1a a2 7e 7d
    4 a1 a2 f1a f19 9d 7d
    4 82 efa f1b a3 7f 7e
    4 a2 a3 f1b f1a 9e 7e
    4 83 efb f1c a4 80 7f
    4 a3 a4 f1c f1b 9f 7f
    4 a4 a5 f1d f1c a0 80
    4 86 efe f1f a7 82 81
    4 a6 a7 f1f f1e a1 81
    4 efd 85 a6 f1e d61 81
    4 87 eff f20 a8 83 82
    4 a7 a8 f20 f1f a2 82
    4 88 f00 f21 a9 84 83
    4 a8 a9 f21 f20 a3 83
    4 89 f01 f22 aa 85 84
    4 a9 aa f22 f21 a4 84
    4 8a f02 f23 ab 86 85
    4 aa ab f23 f22 a5 85
    4 8b f03 f24 ac 87 86
    4 ab ac f24 f23 a6 86
    4 8c f04 f25 ad 88 87
    4 ac ad f25 f24 a7 87
    4 8d f05 f26 ae 89 88
    4 ad ae f26 f25 a8 88
    4 8e f06 f27 af 8a 89
    4 ae af f27 f26 a9 89
    4 8f f07 f28 b0 8b 8a
    4 af b0 f28 f27 aa 8a
    4 90 f08 f29 b1 8c 8b
    4 b0 b1 f29 f28 ab 8b
    4 91 f09 f2a b2 8d 8c
    4 b1 b2 f2a f29 ac 8c
    4 92 f0a f2b b3 8e 8d
    4 b2 b3 f2b f2a ad 8d
    4 93 f0b f2c b4 8f 8e
    4 b3 b4 f2c f2b ae 8e
    4 94 f0c f2d b5 90 8f
    4 b4 b5 f2d f2c af 8f
    4 95 f0d f2e b6 91 90
    4 b5 b6 f2e f2d b0 90
    4 96 f0e f2f b7 92 91
    4 b6 b7 f2f f2e b1 91
    4 97 f0f f30 b8 93 92
    4 b7 b8 f30 f2f b2 92
    4 98 f10 f31 b9 94 93
    4 b8 b9 f31 f30 b3 93
    4 99 f11 f32 ba 95 94
    4 b9 ba f32 f31 b4 94
    4 9a f12 f33 bb 96 95
    4 ba bb f33 f32 b5 95
    4 9b f13 f34 bc 97 96
    4 bb bc f34 f33 b6 96
    4 9c f14 f35 bd 98 97
    4 bc bd f35 f34 b7 97
    4 9d f15 f36 be 99 98
    4 bd be f36 f35 b8 98
    4 9e f16 f37 bf 9a 99
    4 be bf f37 f36 b9 99
    4 9f f17 f38 c0 9b 9a
    4 bf c0 f38 f37 ba 9a
    4 a0 f18 f39 c1 9c 9b
    4 c0 c1 f39 f38 bb 9b
    4 a1 f19 f3a c2 9d 9c
    4 c1 c2 f3a f39 bc 9c
    4 a2 f1a f3b c3 9e 9d
    4 c2 c3 f3b f3a bd 9d
    4 a3 f1b f3c c4 9f 9e
    4 c3 c4 f3c f3b be 9e
    4 a4 f1c f3d c5 a0 9f
    4 c4 c5 f3d f3c bf 9f
    4 c5 c6 f3e f3d c0 a0
    4 a7 f1f f40 c8 a2 a1
    4 c7 c8 f40 f3f c1 a1
    4 f1e a6 c7 f3f d41 a1
    4 a8 f20 f41 c9 a3 a2
    4 c8 c9 f41 f40 c2 a2
    4 a9 f21 f42 ca a4 a3
    4 c9 ca f42 f41 c3 a3
    4 aa f22 f43 cb a5 a4
    4 ca cb f43 f42 c4 a4
    4 ab f23 f44 cc a6 a5
    4 cb cc f44 f43 c5 a5
    4 ac f24 f45 cd a7 a6
    4 cc cd f45 f44 c6 a6
    4 ad f25 f46 ce a8 a7
    4 cd ce f46 f45 c7 a7
    4 ae f26 f47 cf a9 a8
    4 ce cf f47 f46 c8 a8
    4 af f27 f48 d0 aa a9
    4 cf d0 f48 f47 c9 a9
    4 b0 f28 f49 d1 ab aa
    4 d0 d1 f49 f48 ca aa
    4 b1 f29 f4a d2 ac ab
    4 d1 d2 f4a f49 cb ab
    4 b2 f2a f4b d3 ad ac
    4 d2 d3 f4b f4a cc ac
    4 b3 f2b f4c d4 ae ad
    4 d3 d4 f4c f4b cd ad
    4 b4 f2c f4d d5 af ae
    4 d4 d5 f4d f4c ce ae
    4 b5 f2d f4e d6 b0 af
    4 d5 d6 f4e f4d cf af
    4 b6 f2e f4f d7 b1 b0
    4 d6 d7 f4f f4e d0 b0
    4 b7 f2f f50 d8 b2 b1
    4 d7 d8 f50 f4f d1 b1
    4 b8 f30 f51 d9 b3 b2
    4 d8 d9 f51 f50 d2 b2
    4 b9 f31 f52 da b4 b3
    4 d9 da f52 f51 d3 b3
    4 ba f32 f53 db b5 b4
    4 da db f53 f52 d4 b4
    4 bb f33 f54 dc b6 b5
    4 db dc f54 f53 d5 b5
    4 bc f34 f55 dd b7 b6
    4 dc dd f55 f54 d6 b6
    4 bd f35 f56 de b8 b7
    4 dd de f56 f55 d7 b7
    4 be f36 f57 df b9 b8
    4 de df f57 f56 d8 b8
    4 bf f37 f58 e0 ba b9
    4 df e0 f58 f57 d9 b9
    4 c0 f38 f59 e1 bb ba
    4 e0 e1 f59 f58 da ba
    4 c1 f39 f5a e2 bc bb
    4 e1 e2 f5a f59 db bb
    4 c2 f3a f5b e3 bd bc
    4 e2 e3 f5b f5a dc bc
    4 c3 f3b f5c e4 be bd
    4 e3 e4 f5c f5b dd bd
    4 c4 f3c f5d e5 bf be
    4 e4 e5 f5d f5c de be
    4 c5 f3d f5e e6 c0 bf
    4 e5 e6 f5e f5d df bf
    4 e6 e7 f5f f5e e0 c0
    4 c8 f40 f61 e9 c2 c1
    4 e8 e9 f61 f60 e1 c1
    4 f3f c7 e8 f60 d21 c1
    4 c9 f41 f62 ea c3 c2
    4 e9 ea f62 f61 e2 c2
    4 ca f42 f63 eb c4 c3
    4 ea eb f63 f62 e3 c3
    4 cb f43 f64 ec c5 c4
    4 eb ec f64 f63 e4 c4
    4 cc f44 f65 ed c6 c5
    4 ec ed f65 f64 e5 c5
    4 cd f45 f66 ee c7 c6
    4 ed ee f66 f65 e6 c6
    4 ce f46 f67 ef c8 c7
    4 ee ef f67 f66 e7 c7
    4 cf f47 f68 f0 c9 c8
    4 ef f0 f68 f67 e8 c8
    4 d0 f48 f69 f1 ca c9
    4 f0 f1 f69 f68 e9 c9
    4 d1 f49 f6a f2 cb ca
    4 f1 f2 f6a f69 ea ca
    4 d2 f4a f6b f3 cc cb
    4 f2 f3 f6b f6a eb cb
    4 d3 f4b f6c f4 cd cc
    4 f3 f4 f6c f6b ec cc
    4 d4 f4c f6d f5 ce cd
    4 f4 f5 f6d f6c ed cd
    4 d5 f4d f6e f6 cf ce
    4 f5 f6 f6e f6d ee ce
    4 d6 f4e f6f f7 d0 cf
    4 f6 f7 f6f f6e ef cf
    4 d7 f4f f70 f8 d1 d0
    4 f7 f8 f70 f6f f0 d0
    4 d8 f50 f71 f9 d2 d1
    4 f8 f9 f71 f70 f1 d1
    4 d9 f51 f72 fa d3 d2
    4 f9 fa f72 f71 f2 d2
    4 da f52 f73 fb d4 d3
    4 fa fb f73 f72 f3 d3
    4 db f53 f74 fc d5 d4
    4 fb fc f74 f73 f4 d4
    4 dc f54 f75 fd d6 d5
    4 fc fd f75 f74 f5 d5
    4 dd f55 f76 fe d7 d6
    4 fd fe f76 f75 f6 d6
    4 de f56 f77 ff d8 d7
    4 fe ff f77 f76 f7 d7
    4 df f57 f78 100 d9 d8
    4 ff 100 f78 f77 f8 d8
    4 e0 f58 f79 101 da d9
    4 100 101 f79 f78 f9 d9
    4 e1 f59 f7a 102 db da
    4 101 102 f7a f79 fa da
    4 e2 f5a f7b 103 dc db
    4 102 103 f7b f7a fb db
    4 e3 f5b f7c 104 dd dc
    4 103 104 f7c f7b fc dc
    4 e4 f5c f7d 105 de dd
    4 104 105 f7d f7c fd dd
    4 e5 f5d f7e 106 df de
    4 105 106 f7e f7d fe de
    4 e6 f5e f7f 107 e0 df
    4 106 107 f7f f7e ff df
    4 107 108 f80 f7f 100 e0
    4 e9 f61 f82 10a e2 e1
    4 109 10a f82 f81 101 e1
    4 f60 e8 109 f81 d01 e1
    4 ea f62 f83 10b e3 e2
    4 10a 10b f83 f82 102 e2
    4 eb f63 f84 10c e4 e3
    4 10b 10c f84 f83 103 e3
    4 ec f64 f85 10d e5 e4
    4 10c 10d f85 f84 104 e4
    4 ed f65 f86 10e e6 e5
    4 10d 10e f86 f85 105 e5
    4 ee f66 f87 10f e7 e6
    4 10e 10f f87 f86 106 e6
    4 ef f67 f88 110 e8 e7
    4 10f 110 f88 f87 107 e7
    4 f0 f68 f89 111 e9 e8
    4 110 111 f89 f88 108 e8
    4 f1 f69 f8a 112 ea e9
    4 111 112 f8a f89 109 e9
    4 f2 f6a f8b 113 eb ea
    4 112 113 f8b f8a 10a ea
    4 f3 f6b f8c 114 ec eb
    4 113 114 f8c f8b 10b eb
    4 f4 f6c f8d 115 ed ec
    4 114 115 f8d f8c 10c ec
    4 f5 f6d f8e 116 ee ed
    4 115 116 f8e f8d 10d ed
    4 f6 f6e f8f 117 ef ee
    4 116 117 f8f f8e 10e ee
    4 f7 f6f f90 118 f0 ef
    4 117 118 f90 f8f 10f ef
    4 f8 f70 f91 119 f1 f0
    4 118 119 f91 f90 110 f0
    4 f9 f71 f92 11a f2 f1
    4 119 11a f92 f91 111 f1
    4 fa f72 f93 11b f3 f2
    4 11a 11b f93 f92 112 f2
    4 fb f73 f94 11c f4 f3
    4 11b 11c f94 f93 113 f3
    4 fc f74 f95 11d f5 f4
    4 11c 11d f95 f94 114 f4
    4 fd f75 f96 11e f6 f5
    4 11d 11e f96 f95 115 f5
    4 fe f76 f97 11f f7 f6
    4 11e 11f f97 f96 116 f6
    4 ff f77 f98 120 f8 f7
    4 11f 120 f98 f97 117 f7
    4 100 f78 f99 121 f9 f8
    4 120 121 f99 f98 118 f8
    4 101 f79 f9a 122 fa f9
    4 121 122 f9a f99 119 f9
    4 102 f7a f9b 123 fb fa
    4 122 123 f9b f9a 11a fa
    4 103 f7b f9c 124 fc fb
    4 123 124 f9c f9b 11b fb
    4 104 f7c f9d 125 fd fc
    4 124 125 f9d f9c 11c fc
    4 105 f7d f9e 126 fe fd
    4 125 126 f9e f9d 11d fd
    4 106 f7e f9f 127 ff fe
    4 126 127 f9f f9e 11e fe
    4 107 f7f fa0 128 100 ff
    4 127 128 fa0 f9f 11f ff
    4 128 129 fa1 fa0 120 100
    4 10a f82 fa3 12b 102 101
    4 12a 12b fa3 fa2 121 101
    4 f81 109 12a fa2 ce1 101
    4 10b f83 fa4 12c 103 102
    4 12b 12c fa4 fa3 122 102
    4 10c f84 fa5 12d 104 103
    4 12c 12d fa5 fa4 123 103
    4 10d f85 fa6 12e 105 104
    4 12d 12e fa6 fa5 124 104
    4 10e f86 fa7 12f 106 105
    4 12e 12f fa7 fa6 125 105
    4 10f f87 fa8 130 107 106
    4 12f 130 fa8 fa7 126 106
    4 110 f88 fa9 131 108 107
    4 130 131 fa9 fa8 127 107
    4 111 f89 faa 132 109 108
    4 131 132 faa fa9 128 108
    4 112 f8a fab 133 10a 109
    4 132 133 fab faa 129 109
    4 113 f8b fac 134 10b 10a
    4 133 134 fac fab 12a 10a
    4 114 f8c fad 135 10c 10b
    4 134 135 fad fac 12b 10b
    4 115 f8d fae 136 10d 10c
    4 135 136 fae fad 12c 10c
    4 116 f8e faf 137 10e 10d
    4 136 137 faf fae 12d 10d
    4 117 f8f fb0 138 10f 10e
    4 137 138 fb0 faf 12e 10e
    4 118 f90 fb1 139 110 10f
    4 138 139 fb1 fb0 12f 10f
    4 119 f91 fb2 13a 111 110
    4 139 13a fb2 fb1 130 110
    4 11a f92 fb3 13b 112 111
    4 13a 13b fb3 fb2 131 111
    4 11b f93 fb4 13c 113 112
    4 13b 13c fb4 fb3 132 112
    4 11c f94 fb5 13d 114 113
    4 13c 13d fb5 fb4 133 113
    4 11d f95 fb6 13e 115 114
    4 13d 13e fb6 fb5 134 114
    4 11e f96 fb7 13f 116 115
    4 13e 13f fb7 fb6 135 115
    4 11f f97 fb8 140 117 116
    4 13f 140 fb8 fb7 136 116
    4 120 f98 fb9 141 118 117
    4 140 141 fb9 fb8 137 117
    4 121 f99 fba 142 119 118
    4 141 142 fba fb9 138 118
    4 122 f9a fbb 143 11a 119
    4 142 143 fbb fba 139 119
    4 123 f9b fbc 144 11b 11a
    4 143 144 fbc fbb 13a 11a
    4 124 f9c fbd 145 11c 11b
    4 144 145 fbd fbc 13b 11b
    4 125 f9d fbe 146 11d 11c
    4 145 146 fbe fbd 13c 11c
    4 126 f9e fbf 147 11e 11d
    4 146 147 fbf fbe 13d 11d
    4 127 f9f fc0 148 11f 11e
    4 147 148 fc0 fbf 13e 11e
    4 128 fa0 fc1 149 120 11f
    4 148 149 fc1 fc0 13f 11f
    4 149 14a fc2 fc1 140 120
    4 12b fa3 fc4 14c 122 121
    4 14b 14c fc4 fc3 141 121
    4 fa2 12a 14b fc3 cc1 121
    4 12c fa4 fc5 14d 123 122
    4 14c 14d fc5 fc4 142 122
    4 12d fa5 fc6 14e 124 123
    4 14d 14e fc6 fc5 143 123
    4 12e fa6 fc7 14f 125 124
    4 14e 14f fc7 fc6 144 124
    4 12f fa7 fc8 150 126 125
    4 14f 150 fc8 fc7 145 125
    4 130 fa8 fc9 151 127 126
    4 150 151 fc9 fc8 146 126
    4 131 fa9 fca 152 128 127
    4 151 152 fca fc9 147 127
    4 132 faa fcb 153 129 128
    4 152 153 fcb fca 148 128
    4 133 fab fcc 154 12a 129
    4 153 154 fcc fcb 149 129
    4 134 fac fcd 155 12b 12a
    4 154 155 fcd fcc 14a 12a
    4 135 fad fce 156 12c 12b
    4 155 156 fce fcd 14b 12b
    4 136 fae fcf 157 12d 12c
    4 156 157 fcf fce 14c 12c
    4 137 faf fd0 158 12e 12d
    4 157 158 fd0 fcf 14d 12d
    4 138 fb0 fd1 159 12f 12e
    4 158 159 fd1 fd0 14e 12e
    4 139 fb1 fd2 15a 130 12f
    4 159 15a fd2 fd1 14f 12f
    4 13a fb2 fd3 15b 131 130
    4 15a 15b fd3 fd2 150 130
    4 13b fb3 fd4 15c 132 131
    4 15b 15c fd4 fd3 151 131
    4 13c fb4 fd5 15d 133 132
    4 15c 15d fd5 fd4 152 132
    4 13d fb5 fd6 15e 134 133
    4 15d 15e fd6 fd5 153 133
    4 13e fb6 fd7 15f 135 134
    4 15e 15f fd7 fd6 154 134
    4 13f fb7 fd8 160 136 135
    4 15f 160 fd8 fd7 155 135
    4 140 fb8 fd9 161 137 136
    4 160 161 fd9 fd8 156 136
    4 141 fb9 fda 162 138 137
    4 161 162 fda fd9 157 137
    4 142 fba fdb 163 139 138
    4 162 163 fdb fda 158 138
    4 143 fbb fdc 164 13a 139
    4 163 164 fdc fdb 159 139
    4 144 fbc fdd 165 13b 13a
    4 164 165 fdd fdc 15a 13a
    4 145 fbd fde 166 13c 13b
    4 165 166 fde fdd 15b 13b
    4 146 fbe fdf 167 13d 13c
    4 166 167 fdf fde 15c 13c
    4 147 fbf fe0 168 13e 13d
    4 167 168 fe0 fdf 15d 13d
    4 148 fc0 fe1 169 13f 13e
    4 168 169 fe1 fe0 15e 13e
    4 149 fc1 fe2 16a 140 13f
    4 169 16a fe2 fe1 15f 13f
    4 16a 16b fe3 fe2 160 140
    4 14c fc4 fe5 16d 142 141
    4 16c 16d fe5 fe4 161 141
    4 fc3 14b 16c fe4 ca1 141
    4 14d fc5 fe6 16e 143 142
    4 16d 16e fe6 fe5 162 142
    4 14e fc6 fe7 16f 144 143
    4 16e 16f fe7 fe6 163 143
    4 14f fc7 fe8 170 145 144
    4 16f 170 fe8 fe7 164 144
    4 150 fc8 fe9 171 146 145
    4 170 171 fe9 fe8 165 145
    4 151 fc9 fea 172 147 146
    4 171 172 fea fe9 166 146
    4 152 fca feb 173 148 147
    4 172 173 feb fea 167 147
    4 153 fcb fec 174 149 148
    4 173 174 fec feb 168 148
    4 154 fcc fed 175 14a 149
    4 174 175 fed fec 169 149
    4 155 fcd fee 176 14b 14a
    4 175 176 fee fed 16a 14a
    4 156 fce fef 177 14c 14b
    4 176 177 fef fee 16b 14b
    4 157 fcf ff0 178 14d 14c
    4 177 178 ff0 fef 16c 14c
    4 158 fd0 ff1 179 14e 14d
    4 178 179 ff1 ff0 16d 14d
    4 159 fd1 ff2 17a 14f 14e
    4 179 17a ff2 ff1 16e 14e
    4 15a fd2 ff3 17b 150 14f
    4 17a 17b ff3 ff2 16f 14f
    4 15b fd3 ff4 17c 151 150
    4 17b 17c ff4 ff3 170 150
    4 15c fd4 ff5 17d 152 151
    4 17c 17d ff5 ff4 171 151
    4 15d fd5 ff6 17e 153 152
    4 17d 17e ff6 ff5 172 152
    4 15e fd6 ff7 17f 154 153
    4 17e 17f ff7 ff6 173 153
    4 15f fd7 ff8 180 155 154
    4 17f 180 ff8 ff7 174 154
    4 160 fd8 ff9 181 156 155
    4 180 181 ff9 ff8 175 155
    4 161 fd9 ffa 182 157 156
    4 181 182 ffa ff9 176 156
    4 162 fda ffb 183 158 157
    4 182 183 ffb ffa 177 157
    4 163 fdb ffc 184 159 158
    4 183 184 ffc ffb 178 158
    4 164 fdc ffd 185 15a 159
    4 184 185 ffd ffc 179 159
    4 165 fdd ffe 186 15b 15a
    4 185 186 ffe ffd 17a 15a
    4 166 fde fff 187 15c 15b
    4 186 187 fff ffe 17b 15b
    4 167 fdf 1000 188 15d 15c
    4 187 188 1000 fff 17c 15c
    4 168 fe0 1001 189 15e 15d
    4 188 189 1001 1000 17d 15d
    4 169 fe1 1002 18a 15f 15e
    4 189 18a 1002 1001 17e 15e
    4 16a fe2 1003 18b 160 15f
    4 18a 18b 1003 1002 17f 15f
    4 18b 18c 1004 1003 180 160
    4 16d fe5 1006 18e 162 161
    4 18d 18e 1006 1005 181 161
    4 fe4 16c 18d 1005 c81 161
    4 16e fe6 1007 18f 163 162
    4 18e 18f 1007 1006 182 162
    4 16f fe7 1008 190 164 163
    4 18f 190 1008 1007 183 163
    4 170 fe8 1009 191 165 164
    4 190 191 1009 1008 184 164
    4 171 fe9 100a 192 166 165
    4 191 192 100a 1009 185 165
    4 172 fea 100b 193 167 166
    4 192 193 100b 100a 186 166
    4 173 feb 100c 194 168 167
    4 193 194 100c 100b 187 167
    4 174 fec 100d 195 169 168
    4 194 195 100d 100c 188 168
    4 175 fed 100e 196 16a 169
    4 195 196 100e 100d 189 169
    4 176 fee 100f 197 16b 16a
    4 196 197 100f 100e 18a 16a
    4 177 fef 1010 198 16c 16b
    4 197 198 1010 100f 18b 16b
    4 178 ff0 1011 199 16d 16c
    4 198 199 1011 1010 18c 16c
    4 179 ff1 1012 19a 16e 16d
    4 199 19a 1012 1011 18d 16d
    4 17a ff2 1013 19b 16f 16e
    4 19a 19b 1013 1012 18e 16e
    4 17b ff3 1014 19c 170 16f
    4 19b 19c 1014 1013 18f 16f
    4 17c ff4 1015 19d 171 170
    4 19c 19d 1015 1014 190 170
    4 17d ff5 1016 19e 172 171
    4 19d 19e 1016 1015 191 171
    4 17e ff6 1017 19f 173 172
    4 19e 19f 1017 1016 192 172
    4 17f ff7 1018 1a0 174 173
    4 19f 1a0 1018 1017 193 173
    4 180 ff8 1019 1a1 175 174
    4 1a0 1a1 1019 1018 194 174
    4 181 ff9 101a 1a2 176 175
    4 1a1 1a2 101a 1019 195 175
    4 182 ffa 101b 1a3 177 176
    4 1a2 1a3 101b 101a 196 176
    4 183 ffb 101c 1a4 178 177
    4 1a3 1a4 101c 101b 197 177
    4 184 ffc 101d 1a5 179 178
    4 1a4 1a5 101d 101c 198 178
    4 185 ffd 101e 1a6 17a 179
    4 1a5 1a6 101e 101d 199 179
    4 186 ffe 101f 1a7 17b 17a
    4 1a6 1a7 101f 101e 19a 17a
    4 187 fff 1020 1a8 17c 17b
    4 1a7 1a8 1020 101f 19b 17b
    4 188 1000 1021 1a9 17d 17c
    4 1a8 1a9 1021 1020 19c 17c
    4 189 1001 1022 1aa 17e 17d
    4 1a9 1aa 1022 1021 19d 17d
    4 18a 1002 1023 1ab 17f 17e
    4 1aa 1ab 1023 1022 19e 17e
    4 18b 1003 1024 1ac 180 17f
    4 1ab 1ac 1024 1023 19f 17f
    4 1ac 1ad 1025 1024 1a0 180
    4 18e 1006 1027 1af 182 181
    4 1ae 1af 1027 1026 1a1 181
    4 1005 18d 1ae 1026 c61 181
    4 18f 1007 1028 1b0 183 182
    4 1af 1b0 1028 1027 1a2 182
    4 190 1008 1029 1b1 184 183
    4 1b0 1b1 1029 1028 1a3 183
    4 191 1009 102a 1b2 185 184
    4 1b1 1b2 102a 1029 1a4 184
    4 192 100a 102b 1b3 186 185
    4 1b2 1b3 102b 102a 1a5 185
    4 193 100b 102c 1b4 187 186
    4 1b3 1b4 102c 102b 1a6 186
    4 194 100c 102d 1b5 188 187
    4 1b4 1b5 102d 102c 1a7 187
    4 195 100d 102e 1b6 189 188
    4 1b5 1b6 102e 102d 1a8 188
    4 196 100e 102f 1b7 18a 189
    4 1b6 1b7 102f 102e 1a9 189
    4 197 100f 1030 1b8 18b 18a
    4 1b7 1b8 1030 102f 1aa 18a
    4 198 1010 1031 1b9 18c 18b
    4 1b8 1b9 1031 1030 1ab 18b
    4 199 1011 1032 1ba 18d 18c
    4 1b9 1ba 1032 1031 1ac 18c
    4 19a 1012 1033 1bb 18e 18d
    4 1ba 1bb 1033 1032 1ad 18d
    4 19b 1013 1034 1bc 18f 18e
    4 1bb 1bc 1034 1033 1ae 18e
    4 19c 1014 1035 1bd 190 18f
    4 1bc 1bd 1035 1034 1af 18f
    4 19d 1015 1036 1be 191 190
    4 1bd 1be 1036 1035 1b0 190
    4 19e 1016 1037 1bf 192 191
    4 1be 1bf 1037 1036 1b1 191
    4 19f 1017 1038 1c0 193 192
    4 1bf 1c0 1038 1037 1b2 192
    4 1a0 1018 1039 1c1 194 193
    4 1c0 1c1 1039 1038 1b3 193
    4 1a1 1019 103a 1c2 195 194
    4 1c1 1c2 103a 1039 1b4 194
    4 1a2 101a 103b 1c3 196 195
    4 1c2 1c3 103b 103a 1b5 195
    4 1a3 101b 103c 1c4 197 196
    4 1c3 1c4 103c 103b 1b6 196
    4 1a4 101c 103d 1c5 198 197
    4 1c4 1c5 103d 103c 1b7 197
    4 1a5 101d 103e 1c6 199 198
    4 1c5 1c6 103e 103d 1b8 198
    4 1a6 101e 103f 1c7 19a 199
    4 1c6 1c7 103f 103e 1b9 199
    4 1a7 101f 1040 1c8 19b 19a
    4 1c7 1c8 1040 103f 1ba 19a
    4 1a8 1020 1041 1c9 19c 19b
    4 1c8 1c9 1041 1040 1bb 19b
    4 1a9 1021 1042 1ca 19d 19c
    4 1c9 1ca 1042 1041 1bc 19c
    4 1aa 1022 1043 1cb 19e 19d
    4 1ca 1cb 1043 1042 1bd 19d
    4 1ab 1023 1044 1cc 19f 19e
    4 1cb 1cc 1044 1043 1be 19e
    4 1ac 1024 1045 1cd 1a0 19f
    4 1cc 1cd 1045 1044 1bf 19f
    4 1cd 1ce 1046 1045 1c0 1a0
    4 1af 1027 1048 1d0 1a2 1a1
    4 1cf 1d0 1048 1047 1c1 1a1
    4 1026 1ae 1cf 1047 c41 1a1
    4 1b0 1028 1049 1d1 1a3 1a2
    4 1d0 1d1 1049 1048 1c2 1a2
    4 1b1 1029 104a 1d2 1a4 1a3
    4 1d1 1d2 104a 1049 1c3 1a3
    4 1b2 102a 104b 1d3 1a5 1a4
    4 1d2 1d3 104b 104a 1c4 1a4
    4 1b3 102b 104c 1d4 1a6 1a5
    4 1d3 1d4 104c 104b 1c5 1a5
    4 1b4 102c 104d 1d5 1a7 1a6
    4 1d4 1d5 104d 104c 1c6 1a6
    4 1b5 102d 104e 1d6 1a8 1a7
    4 1d5 1d6 104e 104d 1c7 1a7
    4 1b6 102e 104f 1d7 1a9 1a8
    4 1d6 1d7 104f 104e 1c8 1a8
    4 1b7 102f 1050 1d8 1aa 1a9
    4 1d7 1d8 1050 104f 1c9 1a9
    4 1b8 1030 1051 1d9 1ab 1aa
    4 1d8 1d9 1051 1050 1ca 1aa
    4 1b9 1031 1052 1da 1ac 1ab
    4 1d9 1da 1052 1051 1cb 1ab
    4 1ba 1032 1053 1db 1ad 1ac
    4 1da 1db 1053 1052 1cc 1ac
    4 1bb 1033 1054 1dc 1ae 1ad
    4 1db 1dc 1054 1053 1cd 1ad
    4 1bc 1034 1055 1dd 1af 1ae
    4 1dc 1dd 1055 1054 1ce 1ae
    4 1bd 1035 1056 1de 1b0 1af
    4 1dd 1de 1056 1055 1cf 1af
    4 1be 1036 1057 1df 1b1 1b0
    4 1de 1df 1057 1056 1d0 1b0
    4 1bf 1037 1058 1e0 1b2 1b1
    4 1df 1e0 1058 1057 1d1 1b1
    4 1c0 1038 1059 1e1 1b3 1b2
    4 1e0 1e1 1059 1058 1d2 1b2
    4 1c1 1039 105a 1e2 1b4 1b3
    4 1e1 1e2 105a 1059 1d3 1b3
    4 1c2 103a 105b 1e3 1b5 1b4
    4 1e2 1e3 105b 105a 1d4 1b4
    4 1c3 103b 105c 1e4 1b6 1b5
    4 1e3 1e4 105c 105b 1d5 1b5
    4 1c4 103c 105d 1e5 1b7 1b6
    4 1e4 1e5 105d 105c 1d6 1b6
    4 1c5 103d 105e 1e6 1b8 1b7
    4 1e5 1e6 105e 105d 1d7 1b7
    4 1c6 103e 105f 1e7 1b9 1b8
    4 1e6 1e7 105f 105e 1d8 1b8
    4 1c7 103f 1060 1e8 1ba 1b9
    4 1e7 1e8 1060 105f 1d9 1b9
    4 1c8 1040 1061 1e9 1bb 1ba
    4 1e8 1e9 1061 1060 1da 1ba
    4 1c9 1041 1062 1ea 1bc 1bb
    4 1e9 1ea 1062 1061 1db 1bb
    4 1ca 1042 1063 1eb 1bd 1bc
    4 1ea 1eb 1063 1062 1dc 1bc
    4 1cb 1043 1064 1ec 1be 1bd
    4 1eb 1ec 1064 1063 1dd 1bd
    4 1cc 1044 1065 1ed 1bf 1be
    4 1ec 1ed 1065 1064 1de 1be
    4 1cd 1045 1066 1ee 1c0 1bf
    4 1ed 1ee 1066 1065 1df 1bf
    4 1ee 1ef 1067 1066 1e0 1c0
    4 1d0 1048 1069 1f1 1c2 1c1
    4 1f0 1f1 1069 1068 1e1 1c1
    4 1047 1cf 1f0 1068 c21 1c1
    4 1d1 1049 106a 1f2 1c3 1c2
    4 1f1 1f2 106a 1069 1e2 1c2
    4 1d2 104a 106b 1f3 1c4 1c3
    4 1f2 1f3 106b 106a 1e3 1c3
    4 1d3 104b 106c 1f4 1c5 1c4
    4 1f3 1f4 106c 106b 1e4 1c4
    4 1d4 104c 106d 1f5 1c6 1c5
    4 1f4 1f5 106d 106c 1e5 1c5
    4 1d5 104d 106e 1f6 1c7 1c6
    4 1f5 1f6 106e 106d 1e6 1c6
    4 1d6 104e 106f 1f7 1c8 1c7
    4 1f6 1f7 106f 106e 1e7 1c7
    4 1d7 104f 1070 1f8 1c9 1c8
    4 1f7 1f8 1070 106f 1e8 1c8
    4 1d8 1050 1071 1f9 1ca 1c9
    4 1f8 1f9 1071 1070 1e9 1c9
    4 1d9 1051 1072 1fa 1cb 1ca
    4 1f9 1fa 1072 1071 1ea 1ca
    4 1da 1052 1073 1fb 1cc 1cb
    4 1fa 1fb 1073 1072 1eb 1cb
    4 1db 1053 1074 1fc 1cd 1cc
    4 1fb 1fc 1074 1073 1ec 1cc
    4 1dc 1054 1075 1fd 1ce 1cd
    4 1fc 1fd 1075 1074 1ed 1cd
    4 1dd 1055 1076 1fe 1cf 1ce
    4 1fd 1fe 1076 1075 1ee 1ce
    4 1de 1056 1077 1ff 1d0 1cf
    4 1fe 1ff 1077 1076 1ef 1cf
    4 1df 1057 1078 200 1d1 1d0
    4 1ff 200 1078 1077 1f0 1d0
    4 1e0 1058 1079 201 1d2 1d1
    4 200 201 1079 1078 1f1 1d1
    4 1e1 1059 107a 202 1d3 1d2
    4 201 202 107a 1079 1f2 1d2
    4 1e2 105a 107b 203 1d4 1d3
    4 202 203 107b 107a 1f3 1d3
    4 1e3 105b 107c 204 1d5 1d4
    4 203 204 107c 107b 1f4 1d4
    4 1e4 105c 107d 205 1d6 1d5
    4 204 205 107d 107c 1f5 1d5
    4 1e5 105d 107e 206 1d7 1d6
    4 205 206 107e 107d 1f6 1d6
    4 1e6 105e 107f 207 1d8 1d7
    4 206 207 107f 107e 1f7 1d7
    4 1e7 105f 1080 208 1d9 1d8
    4 207 208 1080 107f 1f8 1d8
    4 1e8 1060 1081 209 1da 1d9
    4 208 209 1081 1080 1f9 1d9
    4 1e9 1061 1082 20a 1db 1da
    4 209 20a 1082 1081 1fa 1da
    4 1ea 1062 1083 20b 1dc 1db
    4 20a 20b 1083 1082 1fb 1db
    4 1eb 1063 1084 20c 1dd 1dc
    4 20b 20c 1084 1083 1fc 1dc
    4 1ec 1064 1085 20d 1de 1dd
    4 20c 20d 1085 1084 1fd 1dd
    4 1ed 1065 1086 20e 1df 1de
    4 20d 20e 1086 1085 1fe 1de
    4 1ee 1066 1087 20f 1e0 1df
    4 20e 20f 1087 1086 1ff 1df
    4 20f 210 1088 1087 200 1e0
    4 1f1 1069 108a 212 1e2 1e1
    4 211 212 108a 1089 201 1e1
    4 1068 1f0 211 1089 c01 1e1
    4 1f2 106a 108b 213 1e3 1e2
    4 212 213 108b 108a 202 1e2
    4 1f3 106b 108c 214 1e4 1e3
    4 213 214 108c 108b 203 1e3
    4 1f4 106c 108d 215 1e5 1e4
    4 214 215 108d 108c 204 1e4
    4 1f5 106d 108e 216 1e6 1e5
    4 215 216 108e 108d 205 1e5
    4 1f6 106e 108f 217 1e7 1e6
    4 216 217 108f 108e 206 1e6
    4 1f7 106f 1090 218 1e8 1e7
    4 217 218 1090 108f 207 1e7
    4 1f8 1070 1091 219 1e9 1e8
    4 218 219 1091 1090 208 1e8
    4 1f9 1071 1092 21a 1ea 1e9
    4 219 21a 1092 1091 209 1e9
    4 1fa 1072 1093 21b 1eb 1ea
    4 21a 21b 1093 1092 20a 1ea
    4 1fb 1073 1094 21c 1ec 1eb
    4 21b 21c 1094 1093 20b 1eb
    4 1fc 1074 1095 21d 1ed 1ec
    4 21c 21d 1095 1094 20c 1ec
    4 1fd 1075 1096 21e 1ee 1ed
    4 21d 21e 1096 1095 20d 1ed
    4 1fe 1076 1097 21f 1ef 1ee
    4 21e 21f 1097 1096 20e 1ee
    4 1ff 1077 1098 220 1f0 1ef
    4 21f 220 1098 1097 20f 1ef
    4 200 1078 1099 221 1f1 1f0
    4 220 221 1099 1098 210 1f0
    4 201 1079 109a 222 1f2 1f1
    4 221 222 109a 1099 211 1f1
    4 202 107a 109b 223 1f3 1f2
    4 222 223 109b 109a 212 1f2
    4 203 107b 109c 224 1f4 1f3
    4 223 224 109c 109b 213 1f3
    4 204 107c 109d 225 1f5 1f4
    4 224 225 109d 109c 214 1f4
    4 205 107d 109e 226 1f6 1f5
    4 225 226 109e 109d 215 1f5
    4 206 107e 109f 227 1f7 1f6
    4 226 227 109f 109e 216 1f6
    4 207 107f 10a0 228 1f8 1f7
    4 227 228 10a0 109f 217 1f7
    4 208 1080 10a1 229 1f9 1f8
    4 228 229 10a1 10a0 218 1f8
    4 209 1081 10a2 22a 1fa 1f9
    4 229 22a 10a2 10a1 219 1f9
    4 20a 1082 10a3 22b 1fb 1fa
    4 22a 22b 10a3 10a2 21a 1fa
    4 20b 1083 10a4 22c 1fc 1fb
    4 22b 22c 10a4 10a3 21b 1fb
    4 20c 1084 10a5 22d 1fd 1fc
    4 22c 22d 10a5 10a4 21c 1fc
    4 20d 1085 10a6 22e 1fe 1fd
    4 22d 22e 10a6 10a5 21d 1fd
    4 20e 1086 10a7 22f 1ff 1fe
    4 22e 22f 10a7 10a6 21e 1fe
    4 20f 1087 10a8 230 200 1ff
    4 22f 230 10a8 10a7 21f 1ff
    4 230 231 10a9 10a8 220 200
    4 212 108a 10ab 233 202 201
    4 232 233 10ab 10aa 221 201
    4 1089 211 232 10aa be1 201
    4 213 108b 10ac 234 203 202
    4 233 234 10ac 10ab 222 202
    4 214 108c 10ad 235 204 203
    4 234 235 10ad 10ac 223 203
    4 215 108d 10ae 236 205 204
    4 235 236 10ae 10ad 224 204
    4 216 108e 10af 237 206 205
    4 236 237 10af 10ae 225 205
    4 217 108f 10b0 238 207 206
    4 237 238 10b0 10af 226 206
    4 218 1090 10b1 239 208 207
    4 238 239 10b1 10b0 227 207
    4 219 1091 10b2 23a 209 208
    4 239 23a 10b2 10b1 228 208
    4 21a 1092 10b3 23b 20a 209
    4 23a 23b 10b3 10b2 229 209
    4 21b 1093 10b4 23c 20b 20a
    4 23b 23c 10b4 10b3 22a 20a
    4 21c 1094 10b5 23d 20c 20b
    4 23c 23d 10b5 10b4 22b 20b
    4 21d 1095 10b6 23e 20d 20c
    4 23d 23e 10b6 10b5 22c 20c
    4 21e 1096 10b7 23f 20e 20d
    4 23e 23f 10b7 10b6 22d 20d
    4 21f 1097 10b8 240 20f 20e
    4 23f 240 10b8 10b7 22e 20e
    4 220 1098 10b9 241 210 20f
    4 240 241 10b9 10b8 22f 20f
    4 221 1099 10ba 242 211 210
    4 241 242 10ba 10b9 230 210
    4 222 109a 10bb 243 212 211
    4 242 243 10bb 10ba 231 211
    4 223 109b 10bc 244 213 212
    4 243 244 10bc 10bb 232 212
    4 224 109c 10bd 245 214 213
    4 244 245 10bd 10bc 233 213
    4 225 109d 10be 246 215 214
    4 245 246 10be 10bd 234 214
    4 226 109e 10bf 247 216 215
    4 246 247 10bf 10be 235 215
    4 227 109f 10c0 248 217 216
    4 247 248 10c0 10bf 236 216
    4 228 10a0 10c1 249 218 217
    4 248 249 10c1 10c0 237 217
    4 229 10a1 10c2 24a 219 218
    4 249 24a 10c2 10c1 238 218
    4 22a 10a2 10c3 24b 21a 219
    4 24a 24b 10c3 10c2 239 219
    4 22b 10a3 10c4 24c 21b 21a
    4 24b 24c 10c4 10c3 23a 21a
    4 22c 10a4 10c5 24d 21c 21b
    4 24c 24d 10c5 10c4 23b 21b
    4 22d 10a5 10c6 24e 21d 21c
    4 24d 24e 10c6 10c5 23c 21c
    4 22e 10a6 10c7 24f 21e 21d
    4 24e 24f 10c7 10c6 23d 21d
    4 22f 10a7 10c8 250 21f 21e
    4 24f 250 10c8 10c7 23e 21e
    4 230 10a8 10c9 251 220 21f
    4 250 251 10c9 10c8 23f 21f
    4 251 252 10ca 10c9 240 220
    4 233 10ab 10cc 254 222 221
    4 253 254 10cc 10cb 241 221
    4 10aa 232 253 10cb bc1 221
    4 234 10ac 10cd 255 223 222
    4 254 255 10cd 10cc 242 222
    4 235 10ad 10ce 256 224 223
    4 255 256 10ce 10cd 243 223
    4 236 10ae 10cf 257 225 224
    4 256 257 10cf 10ce 244 224
    4 237 10af 10d0 258 226 225
    4 257 258 10d0 10cf 245 225
    4 238 10b0 10d1 259 227 226
    4 258 259 10d1 10d0 246 226
    4 239 10b1 10d2 25a 228 227
    4 259 25a 10d2 10d1 247 227
    4 23a 10b2 10d3 25b 229 228
    4 25a 25b 10d3 10d2 248 228
    4 23b 10b3 10d4 25c 22a 229
    4 25b 25c 10d4 10d3 249 229
    4 23c 10b4 10d5 25d 22b 22a
    4 25c 25d 10d5 10d4 24a 22a
    4 23d 10b5 10d6 25e 22c 22b
    4 25d 25e 10d6 10d5 24b 22b
    4 23e 10b6 10d7 25f 22d 22c
    4 25e 25f 10d7 10d6 24c 22c
    4 23f 10b7 10d8 260 22e 22d
    4 25f 260 10d8 10d7 24d 22d
    4 240 10b8 10d9 261 22f 22e
    4 260 261 10d9 10d8 24e 22e
    4 241 10b9 10da 262 230 22f
    4 261 262 10da 10d9 24f 22f
    4 242 10ba 10db 263 231 230
    4 262 263 10db 10da 250 230
    4 243 10bb 10dc 264 232 231
    4 263 264 10dc 10db 251 231
    4 244 10bc 10dd 265 233 232
    4 264 265 10dd 10dc 252 232
    4 245 10bd 10de 266 234 233
    4 265 266 10de 10dd 253 233
    4 246 10be 10df 267 235 234
    4 266 267 10df 10de 254 234
    4 247 10bf 10e0 268 236 235
    4 267 268 10e0 10df 255 235
    4 248 10c0 10e1 269 237 236
    4 268 269 10e1 10e0 256 236
    4 249 10c1 10e2 26a 238 237
    4 269 26a 10e2 10e1 257 237
    4 24a 10c2 10e3 26b 239 238
    4 26a 26b 10e3 10e2 258 238
    4 24b 10c3 10e4 26c 23a 239
    4 26b 26c 10e4 10e3 259 239
    4 24c 10c4 10e5 26d 23b 23a
    4 26c 26d 10e5 10e4 25a 23a
    4 24d 10c5 10e6 26e 23c 23b
    4 26d 26e 10e6 10e5 25b 23b
    4 24e 10c6 10e7 26f 23d 23c
    4 26e 26f 10e7 10e6 25c 23c
    4 24f 10c7 10e8 270 23e 23d
    4 26f 270 10e8 10e7 25d 23d
    4 250 10c8 10e9 271 23f 23e
    4 270 271 10e9 10e8 25e 23e
    4 251 10c9 10ea 272 240 23f
    4 271 272 10ea 10e9 25f 23f
    4 272 273 10eb 10ea 260 240
    4 254 10cc 10ed 275 242 241
    4 274 275 10ed 10ec 261 241
    4 10cb 253 274 10ec ba1 241
    4 255 10cd 10ee 276 243 242
    4 275 276 10ee 10ed 262 242
    4 256 10ce 10ef 277 244 243
    4 276 277 10ef 10ee 263 243
    4 257 10cf 10f0 278 245 244
    4 277 278 10f0 10ef 264 244
    4 258 10d0 10f1 279 246 245
    4 278 279 10f1 10f0 265 245
    4 259 10d1 10f2 27a 247 246
    4 279 27a 10f2 10f1 266 246
    4 25a 10d2 10f3 27b 248 247
    4 27a 27b 10f3 10f2 267 247
    4 25b 10d3 10f4 27c 249 248
    4 27b 27c 10f4 10f3 268 248
    4 25c 10d4 10f5 27d 24a 249
    4 27c 27d 10f5 10f4 269 249
    4 25d 10d5 10f6 27e 24b 24a
    4 27d 27e 10f6 10f5 26a 24a
    4 25e 10d6 10f7 27f 24c 24b
    4 27e 27f 10f7 10f6 26b 24b
    4 25f 10d7 10f8 280 24d 24c
    4 27f 280 10f8 10f7 26c 24c
    4 260 10d8 10f9 281 24e 24d
    4 280 281 10f9 10f8 26d 24d
    4 261 10d9 10fa 282 24f 24e
    4 281 282 10fa 10f9 26e 24e
    4 262 10da 10fb 283 250 24f
    4 282 283 10fb 10fa 26f 24f
    4 263 10db 10fc 284 251 250
    4 283 284 10fc 10fb 270 250
    4 264 10dc 10fd 285 252 251
    4 284 285 10fd 10fc 271 251
    4 265 10dd 10fe 286 253 252
    4 285 286 10fe 10fd 272 252
    4 266 10de 10ff 287 254 253
    4 286 287 10ff 10fe 273 253
    4 267 10df 1100 288 255 254
    4 287 288 1100 10ff 274 254
    4 268 10e0 1101 289 256 255
    4 288 289 1101 1100 275 255
    4 269 10e1 1102 28a 257 256
    4 289 28a 1102 1101 276 256
    4 26a 10e2 1103 28b 258 257
    4 28a 28b 1103 1102 277 257
    4 26b 10e3 1104 28c 259 258
    4 28b 28c 1104 1103 278 258
    4 26c 10e4 1105 28d 25a 259
    4 28c 28d 1105 1104 279 259
    4 26d 10e5 1106 28e 25b 25a
    4 28d 28e 1106 1105 27a 25a
    4 26e 10e6 1107 28f 25c 25b
    4 28e 28f 1107 1106 27b 25b
    4 26f 10e7 1108 290 25d 25c
    4 28f 290 1108 1107 27c 25c
    4 270 10e8 1109 291 25e 25d
    4 290 291 1109 1108 27d 25d
    4 271 10e9 110a 292 25f 25e
    4 291 292 110a 1109 27e 25e
    4 272 10ea 110b 293 260 25f
    4 292 293 110b 110a 27f 25f
    4 293 294 110c 110b 280 260
    4 275 10ed 110e 296 262 261
    4 295 296 110e 110d 281 261
    4 10ec 274 295 110d b81 261
    4 276 10ee 110f 297 263 262
    4 296 297 110f 110e 282 262
    4 277 10ef 1110 298 264 263
    4 297 298 1110 110f 283 263
    4 278 10f0 1111 299 265 264
    4 298 299 1111 1110 284 264
    4 279 10f1 1112 29a 266 265
    4 299 29a 1112 1111 285 265
    4 27a 10f2 1113 29b 267 266
    4 29a 29b 1113 1112 286 266
    4 27b 10f3 1114 29c 268 267
    4 29b 29c 1114 1113 287 267
    4 27c 10f4 1115 29d 269 268
    4 29c 29d 1115 1114 288 268
    4 27d 10f5 1116 29e 26a 269
    4 29d 29e 1116 1115 289 269
    4 27e 10f6 1117 29f 26b 26a
    4 29e 29f 1117 1116 28a 26a
    4 27f 10f7 1118 2a0 26c 26b
    4 29f 2a0 1118 1117 28b 26b
    4 280 10f8 1119 2a1 26d 26c
    4 2a0 2a1 1119 1118 28c 26c
    4 281 10f9 111a 2a2 26e 26d
    4 2a1 2a2 111a 1119 28d 26d
    4 282 10fa 111b 2a3 26f 26e
    4 2a2 2a3 111b 111a 28e 26e
    4 283 10fb 111c 2a4 270 26f
    4 2a3 2a4 111c 111b 28f 26f
    4 284 10fc 111d 2a5 271 270
    4 2a4 2a5 111d 111c 290 270
    4 285 10fd 111e 2a6 272 271
    4 2a5 2a6 111e 111d 291 271
    4 286 10fe 111f 2a7 273 272
    4 2a6 2a7 111f 111e 292 272
    4 287 10ff 1120 2a8 274 273
    4 2a7 2a8 1120 111f 293 273
    4 288 1100 1121 2a9 275 274
    4 2a8 2a9 1121 1120 294 274
    4 289 1101 1122 2aa 276 275
    4 2a9 2aa 1122 1121 295 275
    4 28a 1102 1123 2ab 277 276
    4 2aa 2ab 1123 1122 296 276
    4 28b 1103 1124 2ac 278 277
    4 2ab 2ac 1124 1123 297 277
    4 28c 1104 1125 2ad 279 278
    4 2ac 2ad 1125 1124 298 278
    4 28d 1105 1126 2ae 27a 279
    4 2ad 2ae 1126 1125 299 279
    4 28e 1106 1127 2af 27b 27a
    4 2ae 2af 1127 1126 29a 27a
    4 28f 1107 1128 2b0 27c 27b
    4 2af 2b0 1128 1127 29b 27b
    4 290 1108 1129 2b1 27d 27c
    4 2b0 2b1 1129 1128 29c 27c
    4 291 1109 112a 2b2 27e 27d
    4 2b1 2b2 112a 1129 29d 27d
    4 292 110a 112b 2b3 27f 27e
    4 2b2 2b3 112b 112a 29e 27e
    4 293 110b 112c 2b4 280 27f
    4 2b3 2b4 112c 112b 29f 27f
    4 2b4 2b5 112d 112c 2a0 280
    4 296 110e 112f 2b7 282 281
    4 2b6 2b7 112f 112e 2a1 281
    4 110d 295 2b6 112e b61 281
    4 297 110f 1130 2b8 283 282
    4 2b7 2b8 1130 112f 2a2 282
    4 298 1110 1131 2b9 284 283
    4 2b8 2b9 1131 1130 2a3 283
    4 299 1111 1132 2ba 285 284
    4 2b9 2ba 1132 1131 2a4 284
    4 29a 1112 1133 2bb 286 285
    4 2ba 2bb 1133 1132 2a5 285
    4 29b 1113 1134 2bc 287 286
    4 2bb 2bc 1134 1133 2a6 286
    4 29c 1114 1135 2bd 288 287
    4 2bc 2bd 1135 1134 2a7 287
    4 29d 1115 1136 2be 289 288
    4 2bd 2be 1136 1135 2a8 288
    4 29e 1116 1137 2bf 28a 289
    4 2be 2bf 1137 1136 2a9 289
    4 29f 1117 1138 2c0 28b 28a
    4 2bf 2c0 1138 1137 2aa 28a
    4 2a0 1118 1139 2c1 28c 28b
    4 2c0 2c1 1139 1138 2ab 28b
    4 2a1 1119 113a 2c2 28d 28c
    4 2c1 2c2 113a 1139 2ac 28c
    4 2a2 111a 113b 2c3 28e 28d
    4 2c2 2c3 113b 113a 2ad 28d
    4 2a3 111b 113c 2c4 28f 28e
    4 2c3 2c4 113c 113b 2ae 28e
    4 2a4 111c 113d 2c5 290 28f
    4 2c4 2c5 113d 113c 2af 28f
    4 2a5 111d 113e 2c6 291 290
    4 2c5 2c6 113e 113d 2b0 290
    4 2a6 111e 113f 2c7 292 291
    4 2c6 2c7 113f 113e 2b1 291
    4 2a7 111f 1140 2c8 293 292
    4 2c7 2c8 1140 113f 2b2 292
    4 2a8 1120 1141 2c9 294 293
    4 2c8 2c9 1141 1140 2b3 293
    4 2a9 1121 1142 2ca 295 294
    4 2c9 2ca 1142 1141 2b4 294
    4 2aa 1122 1143 2cb 296 295
    4 2ca 2cb 1143 1142 2b5 295
    4 2ab 1123 1144 2cc 297 296
    4 2cb 2cc 1144 1143 2b6 296
    4 2ac 1124 1145 2cd 298 297
    4 2cc 2cd 1145 1144 2b7 297
    4 2ad 1125 1146 2ce 299 298
    4 2cd 2ce 1146 1145 2b8 298
    4 2ae 1126 1147 2cf 29a 299
    4 2ce 2cf 1147 1146 2b9 299
    4 2af 1127 1148 2d0 29b 29a
    4 2cf 2d0 1148 1147 2ba 29a
    4 2b0 1128 1149 2d1 29c 29b
    4 2d0 2d1 1149 1148 2bb 29b
    4 2b1 1129 114a 2d2 29d 29c
    4 2d1 2d2 114a 1149 2bc 29c
    4 2b2 112a 114b 2d3 29e 29d
    4 2d2 2d3 114b 114a 2bd 29d
    4 2b3 112b 114c 2d4 29f 29e
    4 2d3 2d4 114c 114b 2be 29e
    4 2b4 112c 114d 2d5 2a0 29f
    4 2d4 2d5 114d 114c 2bf 29f
    4 2d5 2d6 114e 114d 2c0 2a0
    4 2b7 112f 1150 2d8 2a2 2a1
    4 2d7 2d8 1150 114f 2c1 2a1
    4 112e 2b6 2d7 114f b41 2a1
    4 2b8 1130 1151 2d9 2a3 2a2
    4 2d8 2d9 1151 1150 2c2 2a2
    4 2b9 1131 1152 2da 2a4 2a3
    4 2d9 2da 1152 1151 2c3 2a3
    4 2ba 1132 1153 2db 2a5 2a4
    4 2da 2db 1153 1152 2c4 2a4
    4 2bb 1133 1154 2dc 2a6 2a5
    4 2db 2dc 1154 1153 2c5 2a5
    4 2bc 1134 1155 2dd 2a7 2a6
    4 2dc 2dd 1155 1154 2c6 2a6
    4 2bd 1135 1156 2de 2a8 2a7
    4 2dd 2de 1156 1155 2c7 2a7
    4 2be 1136 1157 2df 2a9 2a8
    4 2de 2df 1157 1156 2c8 2a8
    4 2bf 1137 1158 2e0 2aa 2a9
    4 2df 2e0 1158 1157 2c9 2a9
    4 2c0 1138 1159 2e1 2ab 2aa
    4 2e0 2e1 1159 1158 2ca 2aa
    4 2c1 1139 115a 2e2 2ac 2ab
    4 2e1 2e2 115a 1159 2cb 2ab
    4 2c2 113a 115b 2e3 2ad 2ac
    4 2e2 2e3 115b 115a 2cc 2ac
    4 2c3 113b 115c 2e4 2ae 2ad
    4 2e3 2e4 115c 115b 2cd 2ad
    4 2c4 113c 115d 2e5 2af 2ae
    4 2e4 2e5 115d 115c 2ce 2ae
    4 2c5 113d 115e 2e6 2b0 2af
    4 2e5 2e6 115e 115d 2cf 2af
    4 2c6 113e 115f 2e7 2b1 2b0
    4 2e6 2e7 115f 115e 2d0 2b0
    4 2c7 113f 1160 2e8 2b2 2b1
    4 2e7 2e8 1160 115f 2d1 2b1
    4 2c8 1140 1161 2e9 2b3 2b2
    4 2e8 2e9 1161 1160 2d2 2b2
    4 2c9 1141 1162 2ea 2b4 2b3
    4 2e9 2ea 1162 1161 2d3 2b3
    4 2ca 1142 1163 2eb 2b5 2b4
    4 2ea 2eb 1163 1162 2d4 2b4
    4 2cb 1143 1164 2ec 2b6 2b5
    4 2eb 2ec 1164 1163 2d5 2b5
    4 2cc 1144 1165 2ed 2b7 2b6
    4 2ec 2ed 1165 1164 2d6 2b6
    4 2cd 1145 1166 2ee 2b8 2b7
    4 2ed 2ee 1166 1165 2d7 2b7
    4 2ce 1146 1167 2ef 2b9 2b8
    4 2ee 2ef 1167 1166 2d8 2b8
    4 2cf 1147 1168 2f0 2ba 2b9
    4 2ef 2f0 1168 1167 2d9 2b9
    4 2d0 1148 1169 2f1 2bb 2ba
    4 2f0 2f1 1169 1168 2da 2ba
    4 2d1 1149 116a 2f2 2bc 2bb
    4 2f1 2f2 116a 1169 2db 2bb
    4 2d2 114a 116b 2f3 2bd 2bc
    4 2f2 2f3 116b 116a 2dc 2bc
    4 2d3 114b 116c 2f4 2be 2bd
    4 2f3 2f4 116c 116b 2dd 2bd
    4 2d4 114c 116d 2f5 2bf 2be
    4 2f4 2f5 116d 116c 2de 2be
    4 2d5 114d 116e 2f6 2c0 2bf
    4 2f5 2f6 116e 116d 2df 2bf
    4 2f6 2f7 116f 116e 2e0 2c0
    4 2d8 1150 1171 2f9 2c2 2c1
    4 2f8 2f9 1171 1170 2e1 2c1
    4 114f 2d7 2f8 1170 b21 2c1
    4 2d9 1151 1172 2fa 2c3 2c2
    4 2f9 2fa 1172 1171 2e2 2c2
    4 2da 1152 1173 2fb 2c4 2c3
    4 2fa 2fb 1173 1172 2e3 2c3
    4 2db 1153 1174 2fc 2c5 2c4
    4 2fb 2fc 1174 1173 2e4 2c4
    4 2dc 1154 1175 2fd 2c6 2c5
    4 2fc 2fd 1175 1174 2e5 2c5
    4 2dd 1155 1176 2fe 2c7 2c6
    4 2fd 2fe 1176 1175 2e6 2c6
    4 2de 1156 1177 2ff 2c8 2c7
    4 2fe 2ff 1177 1176 2e7 2c7
    4 2df 1157 1178 300 2c9 2c8
    4 2ff 300 1178 1177 2e8 2c8
    4 2e0 1158 1179 301 2ca 2c9
    4 300 301 1179 1178 2e9 2c9
    4 2e1 1159 117a 302 2cb 2ca
    4 301 302 117a 1179 2ea 2ca
    4 2e2 115a 117b 303 2cc 2cb
    4 302 303 117b 117a 2eb 2cb
    4 2e3 115b 117c 304 2cd 2cc
    4 303 304 117c 117b 2ec 2cc
    4 2e4 115c 117d 305 2ce 2cd
    4 304 305 117d 117c 2ed 2cd
    4 2e5 115d 117e 306 2cf 2ce
    4 305 306 117e 117d 2ee 2ce
    4 2e6 115e 117f 307 2d0 2cf
    4 306 307 117f 117e 2ef 2cf
    4 2e7 115f 1180 308 2d1 2d0
    4 307 308 1180 117f 2f0 2d0
    4 2e8 1160 1181 309 2d2 2d1
    4 308 309 1181 1180 2f1 2d1
    4 2e9 1161 1182 30a 2d3 2d2
    4 309 30a 1182 1181 2f2 2d2
    4 2ea 1162 1183 30b 2d4 2d3
    4 30a 30b 1183 1182 2f3 2d3
    4 2eb 1163 1184 30c 2d5 2d4
    4 30b 30c 1184 1183 2f4 2d4
    4 2ec 1164 1185 30d 2d6 2d5
    4 30c 30d 1185 1184 2f5 2d5
    4 2ed 1165 1186 30e 2d7 2d6
    4 30d 30e 1186 1185 2f6 2d6
    4 2ee 1166 1187 30f 2d8 2d7
    4 30e 30f 1187 1186 2f7 2d7
    4 2ef 1167 1188 310 2d9 2d8
    4 30f 310 1188 1187 2f8 2d8
    4 2f0 1168 1189 311 2da 2d9
    4 310 311 1189 1188 2f9 2d9
    4 2f1 1169 118a 312 2db 2da
    4 311 312 118a 1189 2fa 2da
    4 2f2 116a 118b 313 2dc 2db
    4 312 313 118b 118a 2fb 2db
    4 2f3 116b 118c 314 2dd 2dc
    4 313 314 118c 118b 2fc 2dc
    4 2f4 116c 118d 315 2de 2dd
    4 314 315 118d 118c 2fd 2dd
    4 2f5 116d 118e 316 2df 2de
    4 315 316 118e 118d 2fe 2de
    4 2f6 116e 118f 317 2e0 2df
    4 316 317 118f 118e 2ff 2df
    4 317 318 1190 118f 300 2e0
    4 2f9 1171 1192 31a 2e2 2e1
    4 319 31a 1192 1191 301 2e1
    4 1170 2f8 319 1191 b01 2e1
    4 2fa 1172 1193 31b 2e3 2e2
    4 31a 31b 1193 1192 302 2e2
    4 2fb 1173 1194 31c 2e4 2e3
    4 31b 31c 1194 1193 303 2e3
    4 2fc 1174 1195 31d 2e5 2e4
    4 31c 31d 1195 1194 304 2e4
    4 2fd 1175 1196 31e 2e6 2e5
    4 31d 31e 1196 1195 305 2e5
    4 2fe 1176 1197 31f 2e7 2e6
    4 31e 31f 1197 1196 306 2e6
    4 2ff 1177 1198 320 2e8 2e7
    4 31f 320 1198 1197 307 2e7
    4 300 1178 1199 321 2e9 2e8
    4 320 321 1199 1198 308 2e8
    4 301 1179 119a 322 2ea 2e9
    4 321 322 119a 1199 309 2e9
    4 302 117a 119b 323 2eb 2ea
    4 322 323 119b 119a 30a 2ea
    4 303 117b 119c 324 2ec 2eb
    4 323 324 119c 119b 30b 2eb
    4 304 117c 119d 325 2ed 2ec
    4 324 325 119d 119c 30c 2ec
    4 305 117d 119e 326 2ee 2ed
    4 325 326 119e 119d 30d 2ed
    4 306 117e 119f 327 2ef 2ee
    4 326 327 119f 119e 30e 2ee
    4 307 117f 11a0 328 2f0 2ef
    4 327 328 11a0 119f 30f 2ef
    4 308 1180 11a1 329 2f1 2f0
    4 328 329 11a1 11a0 310 2f0
    4 309 1181 11a2 32a 2f2 2f1
    4 329 32a 11a2 11a1 311 2f1
    4 30a 1182 11a3 32b 2f3 2f2
    4 32a 32b 11a3 11a2 312 2f2
    4 30b 1183 11a4 32c 2f4 2f3
    4 32b 32c 11a4 11a3 313 2f3
    4 30c 1184 11a5 32d 2f5 2f4
    4 32c 32d 11a5 11a4 314 2f4
    4 30d 1185 11a6 32e 2f6 2f5
    4 32d 32e 11a6 11a5 315 2f5
    4 30e 1186 11a7 32f 2f7 2f6
    4 32e 32f 11a7 11a6 316 2f6
    4 30f 1187 11a8 330 2f8 2f7
    4 32f 330 11a8 11a7 317 2f7
    4 310 1188 11a9 331 2f9 2f8
    4 330 331 11a9 11a8 318 2f8
    4 311 1189 11aa 332 2fa 2f9
    4 331 332 11aa 11a9 319 2f9
    4 312 118a 11ab 333 2fb 2fa
    4 332 333 11ab 11aa 31a 2fa
    4 313 118b 11ac 334 2fc 2fb
    4 333 334 11ac 11ab 31b 2fb
    4 314 118c 11ad 335 2fd 2fc
    4 334 335 11ad 11ac 31c 2fc
    4 315 118d 11ae 336 2fe 2fd
    4 335 336 11ae 11ad 31d 2fd
    4 316 118e 11af 337 2ff 2fe
    4 336 337 11af 11ae 31e 2fe
    4 317 118f 11b0 338 300 2ff
    4 337 338 11b0 11af 31f 2ff
    4 338 339 11b1 11b0 320 300
    4 31a 1192 11b3 33b 302 301
    4 33a 33b 11b3 11b2 321 301
    4 31b 1193 11b4 33c 303 302
    4 33b 33c 11b4 11b3 322 302
    4 31c 1194 11b5 33d 304 303
    4 33c 33d 11b5 11b4 323 303
    4 31d 1195 11b6 33e 305 304
    4 33d 33e 11b6 11b5 324 304
    4 31e 1196 11b7 33f 306 305
    4 33e 33f 11b7 11b6 325 305
    4 31f 1197 11b8 340 307 306
    4 33f 340 11b8 11b7 326 306
    4 320 1198 11b9 341 308 307
    4 340 341 11b9 11b8 327 307
    4 321 1199 11ba 342 309 308
    4 341 342 11ba 11b9 328 308
    4 322 119a 11bb 343 30a 309
    4 342 343 11bb 11ba 329 309
    4 323 119b 11bc 344 30b 30a
    4 343 344 11bc 11bb 32a 30a
    4 324 119c 11bd 345 30c 30b
    4 344 345 11bd 11bc 32b 30b
    4 325 119d 11be 346 30d 30c
    4 345 346 11be 11bd 32c 30c
    4 326 119e 11bf 347 30e 30d
    4 346 347 11bf 11be 32d 30d
    4 327 119f 11c0 348 30f 30e
    4 347 348 11c0 11bf 32e 30e
    4 328 11a0 11c1 349 310 30f
    4 348 349 11c1 11c0 32f 30f
    4 329 11a1 11c2 34a 311 310
    4 349 34a 11c2 11c1 330 310
    4 32a 11a2 11c3 34b 312 311
    4 34a 34b 11c3 11c2 331 311
    4 32b 11a3 11c4 34c 313 312
    4 34b 34c 11c4 11c3 332 312
    4 32c 11a4 11c5 34d 314 313
    4 34c 34d 11c5 11c4 333 313
    4 32d 11a5 11c6 34e 315 314
    4 34d 34e 11c6 11c5 334 314
    4 32e 11a6 11c7 34f 316 315
    4 34e 34f 11c7 11c6 335 315
    4 32f 11a7 11c8 350 317 316
    4 34f 350 11c8 11c7 336 316
    4 330 11a8 11c9 351 318 317
    4 350 351 11c9 11c8 337 317
    4 331 11a9 11ca 352 319 318
    4 351 352 11ca 11c9 338 318
    4 332 11aa 11cb 353 31a 319
    4 352 353 11cb 11ca 339 319
    4 333 11ab 11cc 354 31b 31a
    4 353 354 11cc 11cb 33a 31a
    4 334 11ac 11cd 355 31c 31b
    4 354 355 11cd 11cc 33b 31b
    4 335 11ad 11ce 356 31d 31c
    4 355 356 11ce 11cd 33c 31c
    4 336 11ae 11cf 357 31e 31d
    4 356 357 11cf 11ce 33d 31d
    4 337 11af 11d0 358 31f 31e
    4 357 358 11d0 11cf 33e 31e
    4 338 11b0 11d1 359 320 31f
    4 358 359 11d1 11d0 33f 31f
    4 359 35a 11d2 11d1 340 320
    4 33b 11b3 11d4 35c 322 321
    4 35b 35c 11d4 11d3 341 321
    4 33c 11b4 11d5 35d 323 322
    4 35c 35d 11d5 11d4 342 322
    4 33d 11b5 11d6 35e 324 323
    4 35d 35e 11d6 11d5 343 323
    4 33e 11b6 11d7 35f 325 324
    4 35e 35f 11d7 11d6 344 324
    4 33f 11b7 11d8 360 326 325
    4 35f 360 11d8 11d7 345 325
    4 340 11b8 11d9 361 327 326
    4 360 361 11d9 11d8 346 326
    4 341 11b9 11da 362 328 327
    4 361 362 11da 11d9 347 327
    4 342 11ba 11db 363 329 328
    4 362 363 11db 11da 348 328
    4 343 11bb 11dc 364 32a 329
    4 363 364 11dc 11db 349 329
    4 344 11bc 11dd 365 32b 32a
    4 364 365 11dd 11dc 34a 32a
    4 345 11bd 11de 366 32c 32b
    4 365 366 11de 11dd 34b 32b
    4 346 11be 11df 367 32d 32c
    4 366 367 11df 11de 34c 32c
    4 347 11bf 11e0 368 32e 32d
    4 367 368 11e0 11df 34d 32d
    4 348 11c0 11e1 369 32f 32e
    4 368 369 11e1 11e0 34e 32e
    4 349 11c1 11e2 36a 330 32f
    4 369 36a 11e2 11e1 34f 32f
    4 34a 11c2 11e3 36b 331 330
    4 36a 36b 11e3 11e2 350 330
    4 34b 11c3 11e4 36c 332 331
    4 36b 36c 11e4 11e3 351 331
    4 34c 11c4 11e5 36d 333 332
    4 36c 36d 11e5 11e4 352 332
    4 34d 11c5 11e6 36e 334 333
    4 36d 36e 11e6 11e5 353 333
    4 34e 11c6 11e7 36f 335 334
    4 36e 36f 11e7 11e6 354 334
    4 34f 11c7 11e8 370 336 335
    4 36f 370 11e8 11e7 355 335
    4 350 11c8 11e9 371 337 336
    4 370 371 11e9 11e8 356 336
    4 351 11c9 11ea 372 338 337
    4 371 372 11ea 11e9 357 337
    4 352 11ca 11eb 373 339 338
    4 372 373 11eb 11ea 358 338
    4 353 11cb 11ec 374 33a 339
    4 373 374 11ec 11eb 359 339
    4 354 11cc 11ed 375 33b 33a
    4 374 375 11ed 11ec 35a 33a
    4 355 11cd 11ee 376 33c 33b
    4 375 376 11ee 11ed 35b 33b
    4 356 11ce 11ef 377 33d 33c
    4 376 377 11ef 11ee 35c 33c
    4 357 11cf 11f0 378 33e 33d
    4 377 378 11f0 11ef 35d 33d
    4 358 11d0 11f1 379 33f 33e
    4 378 379 11f1 11f0 35e 33e
    4 359 11d1 11f2 37a 340 33f
    4 379 37a 11f2 11f1 35f 33f
    4 37a 37b 11f3 11f2 360 340
    4 35c 11d4 11f5 37d 342 341
    4 37c 37d 11f5 11f4 361 341
    4 35d 11d5 11f6 37e 343 342
    4 37d 37e 11f6 11f5 362 342
    4 35e 11d6 11f7 37f 344 343
    4 37e 37f 11f7 11f6 363 343
    4 35f 11d7 11f8 380 345 344
    4 37f 380 11f8 11f7 364 344
    4 360 11d8 11f9 381 346 345
    4 380 381 11f9 11f8 365 345
    4 361 11d9 11fa 382 347 346
    4 381 382 11fa 11f9 366 346
    4 362 11da 11fb 383 348 347
    4 382 383 11fb 11fa 367 347
    4 363 11db 11fc 384 349 348
    4 383 384 11fc 11fb 368 348
    4 364 11dc 11fd 385 34a 349
    4 384 385 11fd 11fc 369 349
    4 365 11dd 11fe 386 34b 34a
    4 385 386 11fe 11fd 36a 34a
    4 366 11de 11ff 387 34c 34b
    4 386 387 11ff 11fe 36b 34b
    4 367 11df 1200 388 34d 34c
    4 387 388 1200 11ff 36c 34c
    4 368 11e0 1201 389 34e 34d
    4 388 389 1201 1200 36d 34d
    4 369 11e1 1202 38a 34f 34e
    4 389 38a 1202 1201 36e 34e
    4 36a 11e2 1203 38b 350 34f
    4 38a 38b 1203 1202 36f 34f
    4 36b 11e3 1204 38c 351 350
    4 38b 38c 1204 1203 370 350
    4 36c 11e4 1205 38d 352 351
    4 38c 38d 1205 1204 371 351
    4 36d 11e5 1206 38e 353 352
    4 38d 38e 1206 1205 372 352
    4 36e 11e6 1207 38f 354 353
    4 38e 38f 1207 1206 373 353
    4 36f 11e7 1208 390 355 354
    4 38f 390 1208 1207 374 354
    4 370 11e8 1209 391 356 355
    4 390 391 1209 1208 375 355
    4 371 11e9 120a 392 357 356
    4 391 392 120a 1209 376 356
    4 372 11ea 120b 393 358 357
    4 392 393 120b 120a 377 357
    4 373 11eb 120c 394 359 358
    4 393 394 120c 120b 378 358
    4 374 11ec 120d 395 35a 359
    4 394 395 120d 120c 379 359
    4 375 11ed 120e 396 35b 35a
    4 395 396 120e 120d 37a 35a
    4 376 11ee 120f 397 35c 35b
    4 396 397 120f 120e 37b 35b
    4 377 11ef 1210 398 35d 35c
    4 397 398 1210 120f 37c 35c
    4 378 11f0 1211 399 35e 35d
    4 398 399 1211 1210 37d 35d
    4 379 11f1 1212 39a 35f 35e
    4 399 39a 1212 1211 37e 35e
    4 37a 11f2 1213 39b 360 35f
    4 39a 39b 1213 1212 37f 35f
    4 39b 39c 1214 1213 380 360
    4 37d 11f5 1216 39e 362 361
    4 39d 39e 1216 1215 381 361
    4 37e 11f6 1217 39f 363 362
    4 39e 39f 1217 1216 382 362
    4 37f 11f7 1218 3a0 364 363
    4 39f 3a0 1218 1217 383 363
    4 380 11f8 1219 3a1 365 364
    4 3a0 3a1 1219 1218 384 364
    4 381 11f9 121a 3a2 366 365
    4 3a1 3a2 121a 1219 385 365
    4 382 11fa 121b 3a3 367 366
    4 3a2 3a3 121b 121a 386 366
    4 383 11fb 121c 3a4 368 367
    4 3a3 3a4 121c 121b 387 367
    4 384 11fc 121d 3a5 369 368
    4 3a4 3a5 121d 121c 388 368
    4 385 11fd 121e 3a6 36a 369
    4 3a5 3a6 121e 121d 389 369
    4 386 11fe 121f 3a7 36b 36a
    4 3a6 3a7 121f 121e 38a 36a
    4 387 11ff 1220 3a8 36c 36b
    4 3a7 3a8 1220 121f 38b 36b
    4 388 1200 1221 3a9 36d 36c
    4 3a8 3a9 1221 1220 38c 36c
    4 389 1201 1222 3aa 36e 36d
    4 3a9 3aa 1222 1221 38d 36d
    4 38a 1202 1223 3ab 36f 36e
    4 3aa 3ab 1223 1222 38e 36e
    4 38b 1203 1224 3ac 370 36f
    4 3ab 3ac 1224 1223 38f 36f
    4 38c 1204 1225 3ad 371 370
    4 3ac 3ad 1225 1224 390 370
    4 38d 1205 1226 3ae 372 371
    4 3ad 3ae 1226 1225 391 371
    4 38e 1206 1227 3af 373 372
    4 3ae 3af 1227 1226 392 372
    4 38f 1207 1228 3b0 374 373
    4 3af 3b0 1228 1227 393 373
    4 390 1208 1229 3b1 375 374
    4 3b0 3b1 1229 1228 394 374
    4 391 1209 122a 3b2 376 375
    4 3b1 3b2 122a 1229 395 375
    4 392 120a 122b 3b3 377 376
    4 3b2 3b3 122b 122a 396 376
    4 393 120b 122c 3b4 378 377
    4 3b3 3b4 122c 122b 397 377
    4 394 120c 122d 3b5 379 378
    4 3b4 3b5 122d 122c 398 378
    4 395 120d 122e 3b6 37a 379
    4 3b5 3b6 122e 122d 399 379
    4 396 120e 122f 3b7 37b 37a
    4 3b6 3b7 122f 122e 39a 37a
    4 397 120f 1230 3b8 37c 37b
    4 3b7 3b8 1230 122f 39b 37b
    4 398 1210 1231 3b9 37d 37c
    4 3b8 3b9 1231 1230 39c 37c
    4 399 1211 1232 3ba 37e 37d
    4 3b9 3ba 1232 1231 39d 37d
    4 39a 1212 1233 3bb 37f 37e
    4 3ba 3bb 1233 1232 39e 37e
    4 39b 1213 1234 3bc 380 37f
    4 3bb 3bc 1234 1233 39f 37f
    4 3bc 3bd 1235 1234 3a0 380
    4 39e 1216 1237 3bf 382 381
    4 3be 3bf 1237 1236 3a1 381
    4 39f 1217 1238 3c0 383 382
    4 3bf 3c0 1238 1237 3a2 382
    4 3a0 1218 1239 3c1 384 383
    4 3c0 3c1 1239 1238 3a3 383
    4 3a1 1219 123a 3c2 385 384
    4 3c1 3c2 123a 1239 3a4 384
    4 3a2 121a 123b 3c3 386 385
    4 3c2 3c3 123b 123a 3a5 385
    4 3a3 121b 123c 3c4 387 386
    4 3c3 3c4 123c 123b 3a6 386
    4 3a4 121c 123d 3c5 388 387
    4 3c4 3c5 123d 123c 3a7 387
    4 3a5 121d 123e 3c6 389 388
    4 3c5 3c6 123e 123d 3a8 388
    4 3a6 121e 123f 3c7 38a 389
    4 3c6 3c7 123f 123e 3a9 389
    4 3a7 121f 1240 3c8 38b 38a
    4 3c7 3c8 1240 123f 3aa 38a
    4 3a8 1220 1241 3c9 38c 38b
    4 3c8 3c9 1241 1240 3ab 38b
    4 3a9 1221 1242 3ca 38d 38c
    4 3c9 3ca 1242 1241 3ac 38c
    4 3aa 1222 1243 3cb 38e 38d
    4 3ca 3cb 1243 1242 3ad 38d
    4 3ab 1223 1244 3cc 38f 38e
    4 3cb 3cc 1244 1243 3ae 38e
    4 3ac 1224 1245 3cd 390 38f
    4 3cc 3cd 1245 1244 3af 38f
    4 3ad 1225 1246 3ce 391 390
    4 3cd 3ce 1246 1245 3b0 390
    4 3ae 1226 1247 3cf 392 391
    4 3ce 3cf 1247 1246 3b1 391
    4 3af 1227 1248 3d0 393 392
    4 3cf 3d0 1248 1247 3b2 392
    4 3b0 1228 1249 3d1 394 393
    4 3d0 3d1 1249 1248 3b3 393
    4 3b1 1229 124a 3d2 395 394
    4 3d1 3d2 124a 1249 3b4 394
    4 3b2 122a 124b 3d3 396 395
    4 3d2 3d3 124b 124a 3b5 395
    4 3b3 122b 124c 3d4 397 396
    4 3d3 3d4 124c 124b 3b6 396
    4 3b4 122c 124d 3d5 398 397
    4 3d4 3d5 124d 124c 3b7 397
    4 3b5 122d 124e 3d6 399 398
    4 3d5 3d6 124e 124d 3b8 398
    4 3b6 122e 124f 3d7 39a 399
    4 3d6 3d7 124f 124e 3b9 399
    4 3b7 122f 1250 3d8 39b 39a
    4 3d7 3d8 1250 124f 3ba 39a
    4 3b8 1230 1251 3d9 39c 39b
    4 3d8 3d9 1251 1250 3bb 39b
    4 3b9 1231 1252 3da 39d 39c
    4 3d9 3da 1252 1251 3bc 39c
    4 3ba 1232 1253 3db 39e 39d
    4 3da 3db 1253 1252 3bd 39d
    4 3bb 1233 1254 3dc 39f 39e
    4 3db 3dc 1254 1253 3be 39e
    4 3bc 1234 1255 3dd 3a0 39f
    4 3dc 3dd 1255 1254 3bf 39f
    4 3dd 3de 1256 1255 3c0 3a0
    4 3bf 1237 1258 3e0 3a2 3a1
    4 3df 3e0 1258 1257 3c1 3a1
    4 3c0 1238 1259 3e1 3a3 3a2
    4 3e0 3e1 1259 1258 3c2 3a2
    4 3c1 1239 125a 3e2 3a4 3a3
    4 3e1 3e2 125a 1259 3c3 3a3
    4 3c2 123a 125b 3e3 3a5 3a4
    4 3e2 3e3 125b 125a 3c4 3a4
    4 3c3 123b 125c 3e4 3a6 3a5
    4 3e3 3e4 125c 125b 3c5 3a5
    4 3c4 123c 125d 3e5 3a7 3a6
    4 3e4 3e5 125d 125c 3c6 3a6
    4 3c5 123d 125e 3e6 3a8 3a7
    4 3e5 3e6 125e 125d 3c7 3a7
    4 3c6 123e 125f 3e7 3a9 3a8
    4 3e6 3e7 125f 125e 3c8 3a8
    4 3c7 123f 1260 3e8 3aa 3a9
    4 3e7 3e8 1260 125f 3c9 3a9
    4 3c8 1240 1261 3e9 3ab 3aa
    4 3e8 3e9 1261 1260 3ca 3aa
    4 3c9 1241 1262 3ea 3ac 3ab
    4 3e9 3ea 1262 1261 3cb 3ab
    4 3ca 1242 1263 3eb 3ad 3ac
    4 3ea 3eb 1263 1262 3cc 3ac
    4 3cb 1243 1264 3ec 3ae 3ad
    4 3eb 3ec 1264 1263 3cd 3ad
    4 3cc 1244 1265 3ed 3af 3ae
    4 3ec 3ed 1265 1264 3ce 3ae
    4 3cd 1245 1266 3ee 3b0 3af
    4 3ed 3ee 1266 1265 3cf 3af
    4 3ce 1246 1267 3ef 3b1 3b0
    4 3ee 3ef 1267 1266 3d0 3b0
    4 3cf 1247 1268 3f0 3b2 3b1
    4 3ef 3f0 1268 1267 3d1 3b1
    4 3d0 1248 1269 3f1 3b3 3b2
    4 3f0 3f1 1269 1268 3d2 3b2
    4 3d1 1249 126a 3f2 3b4 3b3
    4 3f1 3f2 126a 1269 3d3 3b3
    4 3d2 124a 126b 3f3 3b5 3b4
    4 3f2 3f3 126b 126a 3d4 3b4
    4 3d3 124b 126c 3f4 3b6 3b5
    4 3f3 3f4 126c 126b 3d5 3b5
    4 3d4 124c 126d 3f5 3b7 3b6
    4 3f4 3f5 126d 126c 3d6 3b6
    4 3d5 124d 126e 3f6 3b8 3b7
    4 3f5 3f6 126e 126d 3d7 3b7
    4 3d6 124e 126f 3f7 3b9 3b8
    4 3f6 3f7 126f 126e 3d8 3b8
    4 3d7 124f 1270 3f8 3ba 3b9
    4 3f7 3f8 1270 126f 3d9 3b9
    4 3d8 1250 1271 3f9 3bb 3ba
    4 3f8 3f9 1271 1270 3da 3ba
    4 3d9 1251 1272 3fa 3bc 3bb
    4 3f9 3fa 1272 1271 3db 3bb
    4 3da 1252 1273 3fb 3bd 3bc
    4 3fa 3fb 1273 1272 3dc 3bc
    4 3db 1253 1274 3fc 3be 3bd
    4 3fb 3fc 1274 1273 3dd 3bd
    4 3dc 1254 1275 3fd 3bf 3be
    4 3fc 3fd 1275 1274 3de 3be
    4 3dd 1255 1276 3fe 3c0 3bf
    4 3fd 3fe 1276 1275 3df 3bf
    4 3fe 3ff 1277 1276 3e0 3c0
    4 3e0 1258 1279 401 3c2 3c1
    4 400 401 1279 1278 3e1 3c1
    4 3e1 1259 127a 402 3c3 3c2
    4 401 402 127a 1279 3e2 3c2
    4 3e2 125a 127b 403 3c4 3c3
    4 402 403 127b 127a 3e3 3c3
    4 3e3 125b 127c 404 3c5 3c4
    4 403 404 127c 127b 3e4 3c4
    4 3e4 125c 127d 405 3c6 3c5
    4 404 405 127d 127c 3e5 3c5
    4 3e5 125d 127e 406 3c7 3c6
    4 405 406 127e 127d 3e6 3c6
    4 3e6 125e 127f 407 3c8 3c7
    4 406 407 127f 127e 3e7 3c7
    4 3e7 125f 1280 408 3c9 3c8
    4 407 408 1280 127f 3e8 3c8
    4 3e8 1260 1281 409 3ca 3c9
    4 408 409 1281 1280 3e9 3c9
    4 3e9 1261 1282 40a 3cb 3ca
    4 409 40a 1282 1281 3ea 3ca
    4 3ea 1262 1283 40b 3cc 3cb
    4 40a 40b 1283 1282 3eb 3cb
    4 3eb 1263 1284 40c 3cd 3cc
    4 40b 40c 1284 1283 3ec 3cc
    4 3ec 1264 1285 40d 3ce 3cd
    4 40c 40d 1285 1284 3ed 3cd
    4 3ed 1265 1286 40e 3cf 3ce
    4 40d 40e 1286 1285 3ee 3ce
    4 3ee 1266 1287 40f 3d0 3cf
    4 40e 40f 1287 1286 3ef 3cf
    4 3ef 1267 1288 410 3d1 3d0
    4 40f 410 1288 1287 3f0 3d0
    4 3f0 1268 1289 411 3d2 3d1
    4 410 411 1289 1288 3f1 3d1
    4 3f1 1269 128a 412 3d3 3d2
    4 411 412 128a 1289 3f2 3d2
    4 3f2 126a 128b 413 3d4 3d3
    4 412 413 128b 128a 3f3 3d3
    4 3f3 126b 128c 414 3d5 3d4
    4 413 414 128c 128b 3f4 3d4
    4 3f4 126c 128d 415 3d6 3d5
    4 414 415 128d 128c 3f5 3d5
    4 3f5 126d 128e 416 3d7 3d6
    4 415 416 128e 128d 3f6 3d6
    4 3f6 126e 128f 417 3d8 3d7
    4 416 417 128f 128e 3f7 3d7
    4 3f7 126f 1290 418 3d9 3d8
    4 417 418 1290 128f 3f8 3d8
    4 3f8 1270 1291 419 3da 3d9
    4 418 419 1291 1290 3f9 3d9
    4 3f9 1271 1292 41a 3db 3da
    4 419 41a 1292 1291 3fa 3da
    4 3fa 1272 1293 41b 3dc 3db
    4 41a 41b 1293 1292 3fb 3db
    4 3fb 1273 1294 41c 3dd 3dc
    4 41b 41c 1294 1293 3fc 3dc
    4 3fc 1274 1295 41d 3de 3dd
    4 41c 41d 1295 1294 3fd 3dd
    4 3fd 1275 1296 41e 3df 3de
    4 41d 41e 1296 1295 3fe 3de
    4 3fe 1276 1297 41f 3e0 3df
    4 41e 41f 1297 1296 3ff 3df
    4 41f 420 1298 1297 400 3e0
    4 401 1279 129a 422 3e2 3e1
    4 421 422 129a 1299 401 3e1
    4 402 127a 129b 423 3e3 3e2
    4 422 423 129b 129a 402 3e2
    4 403 127b 129c 424 3e4 3e3
    4 423 424 129c 129b 403 3e3
    4 404 127c 129d 425 3e5 3e4
    4 424 425 129d 129c 404 3e4
    4 405 127d 129e 426 3e6 3e5
    4 425 426 129e 129d 405 3e5
    4 406 127e 129f 427 3e7 3e6
    4 426 427 129f 129e 406 3e6
    4 407 127f 12a0 428 3e8 3e7
    4 427 428 12a0 129f 407 3e7
    4 408 1280 12a1 429 3e9 3e8
    4 428 429 12a1 12a0 408 3e8
    4 409 1281 12a2 42a 3ea 3e9
    4 429 42a 12a2 12a1 409 3e9
    4 40a 1282 12a3 42b 3eb 3ea
    4 42a 42b 12a3 12a2 40a 3ea
    4 40b 1283 12a4 42c 3ec 3eb
    4 42b 42c 12a4 12a3 40b 3eb
    4 40c 1284 12a5 42d 3ed 3ec
    4 42c 42d 12a5 12a4 40c 3ec
    4 40d 1285 12a6 42e 3ee 3ed
    4 42d 42e 12a6 12a5 40d 3ed
    4 40e 1286 12a7 42f 3ef 3ee
    4 42e 42f 12a7 12a6 40e 3ee
    4 40f 1287 12a8 430 3f0 3ef
    4 42f 430 12a8 12a7 40f 3ef
    4 410 1288 12a9 431 3f1 3f0
    4 430 431 12a9 12a8 410 3f0
    4 411 1289 12aa 432 3f2 3f1
    4 431 432 12aa 12a9 411 3f1
    4 412 128a 12ab 433 3f3 3f2
    4 432 433 12ab 12aa 412 3f2
    4 413 128b 12ac 434 3f4 3f3
    4 433 434 12ac 12ab 413 3f3
    4 414 128c 12ad 435 3f5 3f4
    4 434 435 12ad 12ac 414 3f4
    4 415 128d 12ae 436 3f6 3f5
    4 435 436 12ae 12ad 415 3f5
    4 416 128e 12af 437 3f7 3f6
    4 436 437 12af 12ae 416 3f6
    4 417 128f 12b0 438 3f8 3f7
    4 437 438 12b0 12af 417 3f7
    4 418 1290 12b1 439 3f9 3f8
    4 438 439 12b1 12b0 418 3f8
    4 419 1291 12b2 43a 3fa 3f9
    4 439 43a 12b2 12b1 419 3f9
    4 41a 1292 12b3 43b 3fb 3fa
    4 43a 43b 12b3 12b2 41a 3fa
    4 41b 1293 12b4 43c 3fc 3fb
    4 43b 43c 12b4 12b3 41b 3fb
    4 41c 1294 12b5 43d 3fd 3fc
    4 43c 43d 12b5 12b4 41c 3fc
    4 41d 1295 12b6 43e 3fe 3fd
    4 43d 43e 12b6 12b5 41d 3fd
    4 41e 1296 12b7 43f 3ff 3fe
    4 43e 43f 12b7 12b6 41e 3fe
    4 41f 1297 12b8 440 400 3ff
    4 43f 440 12b8 12b7 41f 3ff
    4 440 441 12b9 12b8 420 400
    4 422 129a 12bb 443 402 401
    4 442 443 12bb 12ba 421 401
    4 423 129b 12bc 444 403 402
    4 443 444 12bc 12bb 422 402
    4 424 129c 12bd 445 404 403
    4 444 445 12bd 12bc 423 403
    4 425 129d 12be 446 405 404
    4 445 446 12be 12bd 424 404
    4 426 129e 12bf 447 406 405
    4 446 447 12bf 12be 425 405
    4 427 129f 12c0 448 407 406
    4 447 448 12c0 12bf 426 406
    4 428 12a0 12c1 449 408 407
    4 448 449 12c1 12c0 427 407
    4 429 12a1 12c2 44a 409 408
    4 449 44a 12c2 12c1 428 408
    4 42a 12a2 12c3 44b 40a 409
    4 44a 44b 12c3 12c2 429 409
    4 42b 12a3 12c4 44c 40b 40a
    4 44b 44c 12c4 12c3 42a 40a
    4 42c 12a4 12c5 44d 40c 40b
    4 44c 44d 12c5 12c4 42b 40b
    4 42d 12a5 12c6 44e 40d 40c
    4 44d 44e 12c6 12c5 42c 40c
    4 42e 12a6 12c7 44f 40e 40d
    4 44e 44f 12c7 12c6 42d 40d
    4 42f 12a7 12c8 450 40f 40e
    4 44f 450 12c8 12c7 42e 40e
    4 430 12a8 12c9 451 410 40f
    4 450 451 12c9 12c8 42f 40f
    4 431 12a9 12ca 452 411 410
    4 451 452 12ca 12c9 430 410
    4 432 12aa 12cb 453 412 411
    4 452 453 12cb 12ca 431 411
    4 433 12ab 12cc 454 413 412
    4 453 454 12cc 12cb 432 412
    4 434 12ac 12cd 455 414 413
    4 454 455 12cd 12cc 433 413
    4 435 12ad 12ce 456 415 414
    4 455 456 12ce 12cd 434 414
    4 436 12ae 12cf 457 416 415
    4 456 457 12cf 12ce 435 415
    4 437 12af 12d0 458 417 416
    4 457 458 12d0 12cf 436 416
    4 438 12b0 12d1 459 418 417
    4 458 459 12d1 12d0 437 417
    4 439 12b1 12d2 45a 419 418
    4 459 45a 12d2 12d1 438 418
    4 43a 12b2 12d3 45b 41a 419
    4 45a 45b 12d3 12d2 439 419
    4 43b 12b3 12d4 45c 41b 41a
    4 45b 45c 12d4 12d3 43a 41a
    4 43c 12b4 12d5 45d 41c 41b
    4 45c 45d 12d5 12d4 43b 41b
    4 43d 12b5 12d6 45e 41d 41c
    4 45d 45e 12d6 12d5 43c 41c
    4 43e 12b6 12d7 45f 41e 41d
    4 45e 45f 12d7 12d6 43d 41d
    4 43f 12b7 12d8 460 41f 41e
    4 45f 460 12d8 12d7 43e 41e
    4 440 12b8 12d9 461 420 41f
    4 460 461 12d9 12d8 43f 41f
    4 461 462 12da 12d9 440 420
    4 443 12bb 12dc 464 422 421
    4 463 464 12dc 12db 441 421
    4 444 12bc 12dd 465 423 422
    4 464 465 12dd 12dc 442 422
    4 445 12bd 12de 466 424 423
    4 465 466 12de 12dd 443 423
    4 446 12be 12df 467 425 424
    4 466 467 12df 12de 444 424
    4 447 12bf 12e0 468 426 425
    4 467 468 12e0 12df 445 425
    4 448 12c0 12e1 469 427 426
    4 468 469 12e1 12e0 446 426
    4 449 12c1 12e2 46a 428 427
    4 469 46a 12e2 12e1 447 427
    4 44a 12c2 12e3 46b 429 428
    4 46a 46b 12e3 12e2 448 428
    4 44b 12c3 12e4 46c 42a 429
    4 46b 46c 12e4 12e3 449 429
    4 44c 12c4 12e5 46d 42b 42a
    4 46c 46d 12e5 12e4 44a 42a
    4 44d 12c5 12e6 46e 42c 42b
    4 46d 46e 12e6 12e5 44b 42b
    4 44e 12c6 12e7 46f 42d 42c
    4 46e 46f 12e7 12e6 44c 42c
    4 44f 12c7 12e8 470 42e 42d
    4 46f 470 12e8 12e7 44d 42d
    4 450 12c8 12e9 471 42f 42e
    4 470 471 12e9 12e8 44e 42e
    4 451 12c9 12ea 472 430 42f
    4 471 472 12ea 12e9 44f 42f
    4 452 12ca 12eb 473 431 430
    4 472 473 12eb 12ea 450 430
    4 453 12cb 12ec 474 432 431
    4 473 474 12ec 12eb 451 431
    4 454 12cc 12ed 475 433 432
    4 474 475 12ed 12ec 452 432
    4 455 12cd 12ee 476 434 433
    4 475 476 12ee 12ed 453 433
    4 456 12ce 12ef 477 435 434
    4 476 477 12ef 12ee 454 434
    4 457 12cf 12f0 478 436 435
    4 477 478 12f0 12ef 455 435
    4 458 12d0 12f1 479 437 436
    4 478 479 12f1 12f0 456 436
    4 459 12d1 12f2 47a 438 437
    4 479 47a 12f2 12f1 457 437
    4 45a 12d2 12f3 47b 439 438
    4 47a 47b 12f3 12f2 458 438
    4 45b 12d3 12f4 47c 43a 439
    4 47b 47c 12f4 12f3 459 439
    4 45c 12d4 12f5 47d 43b 43a
    4 47c 47d 12f5 12f4 45a 43a
    4 45d 12d5 12f6 47e 43c 43b
    4 47d 47e 12f6 12f5 45b 43b
    4 45e 12d6 12f7 47f 43d 43c
    4 47e 47f 12f7 12f6 45c 43c
    4 45f 12d7 12f8 480 43e 43d
    4 47f 480 12f8 12f7 45d 43d
    4 460 12d8 12f9 481 43f 43e
    4 480 481 12f9 12f8 45e 43e
    4 461 12d9 12fa 482 440 43f
    4 481 482 12fa 12f9 45f 43f
    4 482 483 12fb 12fa 460 440
    4 464 12dc 12fd 485 442 441
    4 484 485 12fd 12fc 461 441
    4 465 12dd 12fe 486 443 442
    4 485 486 12fe 12fd 462 442
    4 466 12de 12ff 487 444 443
    4 486 487 12ff 12fe 463 443
    4 467 12df 1300 488 445 444
    4 487 488 1300 12ff 464 444
    4 468 12e0 1301 489 446 445
    4 488 489 1301 1300 465 445
    4 469 12e1 1302 48a 447 446
    4 489 48a 1302 1301 466 446
    4 46a 12e2 1303 48b 448 447
    4 48a 48b 1303 1302 467 447
    4 46b 12e3 1304 48c 449 448
    4 48b 48c 1304 1303 468 448
    4 46c 12e4 1305 48d 44a 449
    4 48c 48d 1305 1304 469 449
    4 46d 12e5 1306 48e 44b 44a
    4 48d 48e 1306 1305 46a 44a
    4 46e 12e6 1307 48f 44c 44b
    4 48e 48f 1307 1306 46b 44b
    4 46f 12e7 1308 490 44d 44c
    4 48f 490 1308 1307 46c 44c
    4 470 12e8 1309 491 44e 44d
    4 490 491 1309 1308 46d 44d
    4 471 12e9 130a 492 44f 44e
    4 491 492 130a 1309 46e 44e
    4 472 12ea 130b 493 450 44f
    4 492 493 130b 130a 46f 44f
    4 473 12eb 130c 494 451 450
    4 493 494 130c 130b 470 450
    4 474 12ec 130d 495 452 451
    4 494 495 130d 130c 471 451
    4 475 12ed 130e 496 453 452
    4 495 496 130e 130d 472 452
    4 476 12ee 130f 497 454 453
    4 496 497 130f 130e 473 453
    4 477 12ef 1310 498 455 454
    4 497 498 1310 130f 474 454
    4 478 12f0 1311 499 456 455
    4 498 499 1311 1310 475 455
    4 479 12f1 1312 49a 457 456
    4 499 49a 1312 1311 476 456
    4 47a 12f2 1313 49b 458 457
    4 49a 49b 1313 1312 477 457
    4 47b 12f3 1314 49c 459 458
    4 49b 49c 1314 1313 478 458
    4 47c 12f4 1315 49d 45a 459
    4 49c 49d 1315 1314 479 459
    4 47d 12f5 1316 49e 45b 45a
    4 49d 49e 1316 1315 47a 45a
    4 47e 12f6 1317 49f 45c 45b
    4 49e 49f 1317 1316 47b 45b
    4 47f 12f7 1318 4a0 45d 45c
    4 49f 4a0 1318 1317 47c 45c
    4 480 12f8 1319 4a1 45e 45d
    4 4a0 4a1 1319 1318 47d 45d
    4 481 12f9 131a 4a2 45f 45e
    4 4a1 4a2 131a 1319 47e 45e
    4 482 12fa 131b 4a3 460 45f
    4 4a2 4a3 131b 131a 47f 45f
    4 4a3 4a4 131c 131b 480 460
    4 485 12fd 131e 4a6 462 461
    4 4a5 4a6 131e 131d 481 461
    4 486 12fe 131f 4a7 463 462
    4 4a6 4a7 131f 131e 482 462
    4 487 12ff 1320 4a8 464 463
    4 4a7 4a8 1320 131f 483 463
    4 488 1300 1321 4a9 465 464
    4 4a8 4a9 1321 1320 484 464
    4 489 1301 1322 4aa 466 465
    4 4a9 4aa 1322 1321 485 465
    4 48a 1302 1323 4ab 467 466
    4 4aa 4ab 1323 1322 486 466
    4 48b 1303 1324 4ac 468 467
    4 4ab 4ac 1324 1323 487 467
    4 48c 1304 1325 4ad 469 468
    4 4ac 4ad 1325 1324 488 468
    4 48d 1305 1326 4ae 46a 469
    4 4ad 4ae 1326 1325 489 469
    4 48e 1306 1327 4af 46b 46a
    4 4ae 4af 1327 1326 48a 46a
    4 48f 1307 1328 4b0 46c 46b
    4 4af 4b0 1328 1327 48b 46b
    4 490 1308 1329 4b1 46d 46c
    4 4b0 4b1 1329 1328 48c 46c
    4 491 1309 132a 4b2 46e 46d
    4 4b1 4b2 132a 1329 48d 46d
    4 492 130a 132b 4b3 46f 46e
    4 4b2 4b3 132b 132a 48e 46e
    4 493 130b 132c 4b4 470 46f
    4 4b3 4b4 132c 132b 48f 46f
    4 494 130c 132d 4b5 471 470
    4 4b4 4b5 132d 132c 490 470
    4 495 130d 132e 4b6 472 471
    4 4b5 4b6 132e 132d 491 471
    4 496 130e 132f 4b7 473 472
    4 4b6 4b7 132f 132e 492 472
    4 497 130f 1330 4b8 474 473
    4 4b7 4b8 1330 132f 493 473
    4 498 1310 1331 4b9 475 474
    4 4b8 4b9 1331 1330 494 474
    4 499 1311 1332 4ba 476 475
    4 4b9 4ba 1332 1331 495 475
    4 49a 1312 1333 4bb 477 476
    4 4ba 4bb 1333 1332 496 476
    4 49b 1313 1334 4bc 478 477
    4 4bb 4bc 1334 1333 497 477
    4 49c 1314 1335 4bd 479 478
    4 4bc 4bd 1335 1334 498 478
    4 49d 1315 1336 4be 47a 479
    4 4bd 4be 1336 1335 499 479
    4 49e 1316 1337 4bf 47b 47a
    4 4be 4bf 1337 1336 49a 47a
    4 49f 1317 1338 4c0 47c 47b
    4 4bf 4c0 1338 1337 49b 47b
    4 4a0 1318 1339 4c1 47d 47c
    4 4c0 4c1 1339 1338 49c 47c
    4 4a1 1319 133a 4c2 47e 47d
    4 4c1 4c2 133a 1339 49d 47d
    4 4a2 131a 133b 4c3 47f 47e
    4 4c2 4c3 133b 133a 49e 47e
    4 4a3 131b 133c 4c4 480 47f
    4 4c3 4c4 133c 133b 49f 47f
    4 4c4 4c5 133d 133c 4a0 480
    4 4a6 131e 133f 4c7 482 481
    4 4c6 4c7 133f 133e 4a1 481
    4 4a7 131f 1340 4c8 483 482
    4 4c7 4c8 1340 133f 4a2 482
    4 4a8 1320 1341 4c9 484 483
    4 4c8 4c9 1341 1340 4a3 483
    4 4a9 1321 1342 4ca 485 484
    4 4c9 4ca 1342 1341 4a4 484
    4 4aa 1322 1343 4cb 486 485
    4 4ca 4cb 1343 1342 4a5 485
    4 4ab 1323 1344 4cc 487 486
    4 4cb 4cc 1344 1343 4a6 486
    4 4ac 1324 1345 4cd 488 487
    4 4cc 4cd 1345 1344 4a7 487
    4 4ad 1325 1346 4ce 489 488
    4 4cd 4ce 1346 1345 4a8 488
    4 4ae 1326 1347 4cf 48a 489
    4 4ce 4cf 1347 1346 4a9 489
    4 4af 1327 1348 4d0 48b 48a
    4 4cf 4d0 1348 1347 4aa 48a
    4 4b0 1328 1349 4d1 48c 48b
    4 4d0 4d1 1349 1348 4ab 48b
    4 4b1 1329 134a 4d2 48d 48c
    4 4d1 4d2 134a 1349 4ac 48c
    4 4b2 132a 134b 4d3 48e 48d
    4 4d2 4d3 134b 134a 4ad 48d
    4 4b3 132b 134c 4d4 48f 48e
    4 4d3 4d4 134c 134b 4ae 48e
    4 4b4 132c 134d 4d5 490 48f
    4 4d4 4d5 134d 134c 4af 48f
    4 4b5 132d 134e 4d6 491 490
    4 4d5 4d6 134e 134d 4b0 490
    4 4b6 132e 134f 4d7 492 491
    4 4d6 4d7 134f 134e 4b1 491
    4 4b7 132f 1350 4d8 493 492
    4 4d7 4d8 1350 134f 4b2 492
    4 4b8 1330 1351 4d9 494 493
    4 4d8 4d9 1351 1350 4b3 493
    4 4b9 1331 1352 4da 495 494
    4 4d9 4da 1352 1351 4b4 494
    4 4ba 1332 1353 4db 496 495
    4 4da 4db 1353 1352 4b5 495
    4 4bb 1333 1354 4dc 497 496
    4 4db 4dc 1354 1353 4b6 496
    4 4bc 1334 1355 4dd 498 497
    4 4dc 4dd 1355 1354 4b7 497
    4 4bd 1335 1356 4de 499 498
    4 4dd 4de 1356 1355 4b8 498
    4 4be 1336 1357 4df 49a 499
    4 4de 4df 1357 1356 4b9 499
    4 4bf 1337 1358 4e0 49b 49a
    4 4df 4e0 1358 1357 4ba 49a
    4 4c0 1338 1359 4e1 49c 49b
    4 4e0 4e1 1359 1358 4bb 49b
    4 4c1 1339 135a 4e2 49d 49c
    4 4e1 4e2 135a 1359 4bc 49c
    4 4c2 133a 135b 4e3 49e 49d
    4 4e2 4e3 135b 135a 4bd 49d
    4 4c3 133b 135c 4e4 49f 49e
    4 4e3 4e4 135c 135b 4be 49e
    4 4c4 133c 135d 4e5 4a0 49f
    4 4e4 4e5 135d 135c 4bf 49f
    4 4e5 4e6 135e 135d 4c0 4a0
    4 4c7 133f 1360 4e8 4a2 4a1
    4 4e7 4e8 1360 135f 4c1 4a1
    4 4c8 1340 1361 4e9 4a3 4a2
    4 4e8 4e9 1361 1360 4c2 4a2
    4 4c9 1341 1362 4ea 4a4 4a3
    4 4e9 4ea 1362 1361 4c3 4a3
    4 4ca 1342 1363 4eb 4a5 4a4
    4 4ea 4eb 1363 1362 4c4 4a4
    4 4cb 1343 1364 4ec 4a6 4a5
    4 4eb 4ec 1364 1363 4c5 4a5
    4 4cc 1344 1365 4ed 4a7 4a6
    4 4ec 4ed 1365 1364 4c6 4a6
    4 4cd 1345 1366 4ee 4a8 4a7
    4 4ed 4ee 1366 1365 4c7 4a7
    4 4ce 1346 1367 4ef 4a9 4a8
    4 4ee 4ef 1367 1366 4c8 4a8
    4 4cf 1347 1368 4f0 4aa 4a9
    4 4ef 4f0 1368 1367 4c9 4a9
    4 4d0 1348 1369 4f1 4ab 4aa
    4 4f0 4f1 1369 1368 4ca 4aa
    4 4d1 1349 136a 4f2 4ac 4ab
    4 4f1 4f2 136a 1369 4cb 4ab
    4 4d2 134a 136b 4f3 4ad 4ac
    4 4f2 4f3 136b 136a 4cc 4ac
    4 4d3 134b 136c 4f4 4ae 4ad
    4 4f3 4f4 136c 136b 4cd 4ad
    4 4d4 134c 136d 4f5 4af 4ae
    4 4f4 4f5 136d 136c 4ce 4ae
    4 4d5 134d 136e 4f6 4b0 4af
    4 4f5 4f6 136e 136d 4cf 4af
    4 4d6 134e 136f 4f7 4b1 4b0
    4 4f6 4f7 136f 136e 4d0 4b0
    4 4d7 134f 1370 4f8 4b2 4b1
    4 4f7 4f8 1370 136f 4d1 4b1
    4 4d8 1350 1371 4f9 4b3 4b2
    4 4f8 4f9 1371 1370 4d2 4b2
    4 4d9 1351 1372 4fa 4b4 4b3
    4 4f9 4fa 1372 1371 4d3 4b3
    4 4da 1352 1373 4fb 4b5 4b4
    4 4fa 4fb 1373 1372 4d4 4b4
    4 4db 1353 1374 4fc 4b6 4b5
    4 4fb 4fc 1374 1373 4d5 4b5
    4 4dc 1354 1375 4fd 4b7 4b6
    4 4fc 4fd 1375 1374 4d6 4b6
    4 4dd 1355 1376 4fe 4b8 4b7
    4 4fd 4fe 1376 1375 4d7 4b7
    4 4de 1356 1377 4ff 4b9 4b8
    4 4fe 4ff 1377 1376 4d8 4b8
    4 4df 1357 1378 500 4ba 4b9
    4 4ff 500 1378 1377 4d9 4b9
    4 4e0 1358 1379 501 4bb 4ba
    4 500 501 1379 1378 4da 4ba
    4 4e1 1359 137a 502 4bc 4bb
    4 501 502 137a 1379 4db 4bb
    4 4e2 135a 137b 503 4bd 4bc
    4 502 503 137b 137a 4dc 4bc
    4 4e3 135b 137c 504 4be 4bd
    4 503 504 137c 137b 4dd 4bd
    4 4e4 135c 137d 505 4bf 4be
    4 504 505 137d 137c 4de 4be
    4 4e5 135d 137e 506 4c0 4bf
    4 505 506 137e 137d 4df 4bf
    4 506 507 137f 137e 4e0 4c0
    4 4e8 1360 1381 509 4c2 4c1
    4 508 509 1381 1380 4e1 4c1
    4 4e9 1361 1382 50a 4c3 4c2
    4 509 50a 1382 1381 4e2 4c2
    4 4ea 1362 1383 50b 4c4 4c3
    4 50a 50b 1383 1382 4e3 4c3
    4 4eb 1363 1384 50c 4c5 4c4
    4 50b 50c 1384 1383 4e4 4c4
    4 4ec 1364 1385 50d 4c6 4c5
    4 50c 50d 1385 1384 4e5 4c5
    4 4ed 1365 1386 50e 4c7 4c6
    4 50d 50e 1386 1385 4e6 4c6
    4 4ee 1366 1387 50f 4c8 4c7
    4 50e 50f 1387 1386 4e7 4c7
    4 4ef 1367 1388 510 4c9 4c8
    4 50f 510 1388 1387 4e8 4c8
    4 4f0 1368 1389 511 4ca 4c9
    4 510 511 1389 1388 4e9 4c9
    4 4f1 1369 138a 512 4cb 4ca
    4 511 512 138a 1389 4ea 4ca
    4 4f2 136a 138b 513 4cc 4cb
    4 512 513 138b 138a 4eb 4cb
    4 4f3 136b 138c 514 4cd 4cc
    4 513 514 138c 138b 4ec 4cc
    4 4f4 136c 138d 515 4ce 4cd
    4 514 515 138d 138c 4ed 4cd
    4 4f5 136d 138e 516 4cf 4ce
    4 515 516 138e 138d 4ee 4ce
    4 4f6 136e 138f 517 4d0 4cf
    4 516 517 138f 138e 4ef 4cf
    4 4f7 136f 1390 518 4d1 4d0
    4 517 518 1390 138f 4f0 4d0
    4 4f8 1370 1391 519 4d2 4d1
    4 518 519 1391 1390 4f1 4d1
    4 4f9 1371 1392 51a 4d3 4d2
    4 519 51a 1392 1391 4f2 4d2
    4 4fa 1372 1393 51b 4d4 4d3
    4 51a 51b 1393 1392 4f3 4d3
    4 4fb 1373 1394 51c 4d5 4d4
    4 51b 51c 1394 1393 4f4 4d4
    4 4fc 1374 1395 51d 4d6 4d5
    4 51c 51d 1395 1394 4f5 4d5
    4 4fd 1375 1396 51e 4d7 4d6
    4 51d 51e 1396 1395 4f6 4d6
    4 4fe 1376 1397 51f 4d8 4d7
    4 51e 51f 1397 1396 4f7 4d7
    4 4ff 1377 1398 520 4d9 4d8
    4 51f 520 1398 1397 4f8 4d8
    4 500 1378 1399 521 4da 4d9
    4 520 521 1399 1398 4f9 4d9
    4 501 1379 139a 522 4db 4da
    4 521 522 139a 1399 4fa 4da
    4 502 137a 139b 523 4dc 4db
    4 522 523 139b 139a 4fb 4db
    4 503 137b 139c 524 4dd 4dc
    4 523 524 139c 139b 4fc 4dc
    4 504 137c 139d 525 4de 4dd
    4 524 525 139d 139c 4fd 4dd
    4 505 137d 139e 526 4df 4de
    4 525 526 139e 139d 4fe 4de
    4 506 137e 139f 527 4e0 4df
    4 526 527 139f 139e 4ff 4df
    4 527 528 13a0 139f 500 4e0
    4 509 1381 13a2 52a 4e2 4e1
    4 529 52a 13a2 13a1 501 4e1
    4 50a 1382 13a3 52b 4e3 4e2
    4 52a 52b 13a3 13a2 502 4e2
    4 50b 1383 13a4 52c 4e4 4e3
    4 52b 52c 13a4 13a3 503 4e3
    4 50c 1384 13a5 52d 4e5 4e4
    4 52c 52d 13a5 13a4 504 4e4
    4 50d 1385 13a6 52e 4e6 4e5
    4 52d 52e 13a6 13a5 505 4e5
    4 50e 1386 13a7 52f 4e7 4e6
    4 52e 52f 13a7 13a6 506 4e6
    4 50f 1387 13a8 530 4e8 4e7
    4 52f 530 13a8 13a7 507 4e7
    4 510 1388 13a9 531 4e9 4e8
    4 530 531 13a9 13a8 508 4e8
    4 511 1389 13aa 532 4ea 4e9
    4 531 532 13aa 13a9 509 4e9
    4 512 138a 13ab 533 4eb 4ea
    4 532 533 13ab 13aa 50a 4ea
    4 513 138b 13ac 534 4ec 4eb
    4 533 534 13ac 13ab 50b 4eb
    4 514 138c 13ad 535 4ed 4ec
    4 534 535 13ad 13ac 50c 4ec
    4 515 138d 13ae 536 4ee 4ed
    4 535 536 13ae 13ad 50d 4ed
    4 516 138e 13af 537 4ef 4ee
    4 536 537 13af 13ae 50e 4ee
    4 517 138f 13b0 538 4f0 4ef
    4 537 538 13b0 13af 50f 4ef
    4 518 1390 13b1 539 4f1 4f0
    4 538 539 13b1 13b0 510 4f0
    4 519 1391 13b2 53a 4f2 4f1
    4 539 53a 13b2 13b1 511 4f1
    4 51a 1392 13b3 53b 4f3 4f2
    4 53a 53b 13b3 13b2 512 4f2
    4 51b 1393 13b4 53c 4f4 4f3
    4 53b 53c 13b4 13b3 513 4f3
    4 51c 1394 13b5 53d 4f5 4f4
    4 53c 53d 13b5 13b4 514 4f4
    4 51d 1395 13b6 53e 4f6 4f5
    4 53d 53e 13b6 13b5 515 4f5
    4 51e 1396 13b7 53f 4f7 4f6
    4 53e 53f 13b7 13b6 516 4f6
    4 51f 1397 13b8 540 4f8 4f7
    4 53f 540 13b8 13b7 517 4f7
    4 520 1398 13b9 541 4f9 4f8
    4 540 541 13b9 13b8 518 4f8
    4 521 1399 13ba 542 4fa 4f9
    4 541 542 13ba 13b9 519 4f9
    4 522 139a 13bb 543 4fb 4fa
    4 542 543 13bb 13ba 51a 4fa
    4 523 139b 13bc 544 4fc 4fb
    4 543 544 13bc 13bb 51b 4fb
    4 524 139c 13bd 545 4fd 4fc
    4 544 545 13bd 13bc 51c 4fc
    4 525 139d 13be 546 4fe 4fd
    4 545 546 13be 13bd 51d 4fd
    4 526 139e 13bf 547 4ff 4fe
    4 546 547 13bf 13be 51e 4fe
    4 527 139f 13c0 548 500 4ff
    4 547 548 13c0 13bf 51f 4ff
    4 548 549 13c1 13c0 520 500
    4 52a 13a2 13c3 54b 502 501
    4 54a 54b 13c3 13c2 521 501
    4 52b 13a3 13c4 54c 503 502
    4 54b 54c 13c4 13c3 522 502
    4 52c 13a4 13c5 54d 504 503
    4 54c 54d 13c5 13c4 523 503
    4 52d 13a5 13c6 54e 505 504
    4 54d 54e 13c6 13c5 524 504
    4 52e 13a6 13c7 54f 506 505
    4 54e 54f 13c7 13c6 525 505
    4 52f 13a7 13c8 550 507 506
    4 54f 550 13c8 13c7 526 506
    4 530 13a8 13c9 551 508 507
    4 550 551 13c9 13c8 527 507
    4 531 13a9 13ca 552 509 508
    4 551 552 13ca 13c9 528 508
    4 532 13aa 13cb 553 50a 509
    4 552 553 13cb 13ca 529 509
    4 533 13ab 13cc 554 50b 50a
    4 553 554 13cc 13cb 52a 50a
    4 534 13ac 13cd 555 50c 50b
    4 554 555 13cd 13cc 52b 50b
    4 535 13ad 13ce 556 50d 50c
    4 555 556 13ce 13cd 52c 50c
    4 536 13ae 13cf 557 50e 50d
    4 556 557 13cf 13ce 52d 50d
    4 537 13af 13d0 558 50f 50e
    4 557 558 13d0 13cf 52e 50e
    4 538 13b0 13d1 559 510 50f
    4 558 559 13d1 13d0 52f 50f
    4 539 13b1 13d2 55a 511 510
    4 559 55a 13d2 13d1 530 510
    4 53a 13b2 13d3 55b 512 511
    4 55a 55b 13d3 13d2 531 511
    4 53b 13b3 13d4 55c 513 512
    4 55b 55c 13d4 13d3 532 512
    4 53c 13b4 13d5 55d 514 513
    4 55c 55d 13d5 13d4 533 513
    4 53d 13b5 13d6 55e 515 514
    4 55d 55e 13d6 13d5 534 514
    4 53e 13b6 13d7 55f 516 515
    4 55e 55f 13d7 13d6 535 515
    4 53f 13b7 13d8 560 517 516
    4 55f 560 13d8 13d7 536 516
    4 540 13b8 13d9 561 518 517
    4 560 561 13d9 13d8 537 517
    4 541 13b9 13da 562 519 518
    4 561 562 13da 13d9 538 518
    4 542 13ba 13db 563 51a 519
    4 562 563 13db 13da 539 519
    4 543 13bb 13dc 564 51b 51a
    4 563 564 13dc 13db 53a 51a
    4 544 13bc 13dd 565 51c 51b
    4 564 565 13dd 13dc 53b 51b
    4 545 13bd 13de 566 51d 51c
    4 565 566 13de 13dd 53c 51c
    4 546 13be 13df 567 51e 51d
    4 566 567 13df 13de 53d 51d
    4 547 13bf 13e0 568 51f 51e
    4 567 568 13e0 13df 53e 51e
    4 548 13c0 13e1 569 520 51f
    4 568 569 13e1 13e0 53f 51f
    4 569 56a 13e2 13e1 540 520
    4 54b 13c3 13e4 56c 522 521
    4 56b 56c 13e4 13e3 541 521
    4 54c 13c4 13e5 56d 523 522
    4 56c 56d 13e5 13e4 542 522
    4 54d 13c5 13e6 56e 524 523
    4 56d 56e 13e6 13e5 543 523
    4 54e 13c6 13e7 56f 525 524
    4 56e 56f 13e7 13e6 544 524
    4 54f 13c7 13e8 570 526 525
    4 56f 570 13e8 13e7 545 525
    4 550 13c8 13e9 571 527 526
    4 570 571 13e9 13e8 546 526
    4 551 13c9 13ea 572 528 527
    4 571 572 13ea 13e9 547 527
    4 552 13ca 13eb 573 529 528
    4 572 573 13eb 13ea 548 528
    4 553 13cb 13ec 574 52a 529
    4 573 574 13ec 13eb 549 529
    4 554 13cc 13ed 575 52b 52a
    4 574 575 13ed 13ec 54a 52a
    4 555 13cd 13ee 576 52c 52b
    4 575 576 13ee 13ed 54b 52b
    4 556 13ce 13ef 577 52d 52c
    4 576 577 13ef 13ee 54c 52c
    4 557 13cf 13f0 578 52e 52d
    4 577 578 13f0 13ef 54d 52d
    4 558 13d0 13f1 579 52f 52e
    4 578 579 13f1 13f0 54e 52e
    4 559 13d1 13f2 57a 530 52f
    4 579 57a 13f2 13f1 54f 52f
    4 55a 13d2 13f3 57b 531 530
    4 57a 57b 13f3 13f2 550 530
    4 55b 13d3 13f4 57c 532 531
    4 57b 57c 13f4 13f3 551 531
    4 55c 13d4 13f5 57d 533 532
    4 57c 57d 13f5 13f4 552 532
    4 55d 13d5 13f6 57e 534 533
    4 57d 57e 13f6 13f5 553 533
    4 55e 13d6 13f7 57f 535 534
    4 57e 57f 13f7 13f6 554 534
    4 55f 13d7 13f8 580 536 535
    4 57f 580 13f8 13f7 555 535
    4 560 13d8 13f9 581 537 536
    4 580 581 13f9 13f8 556 536
    4 561 13d9 13fa 582 538 537
    4 581 582 13fa 13f9 557 537
    4 562 13da 13fb 583 539 538
    4 582 583 13fb 13fa 558 538
    4 563 13db 13fc 584 53a 539
    4 583 584 13fc 13fb 559 539
    4 564 13dc 13fd 585 53b 53a
    4 584 585 13fd 13fc 55a 53a
    4 565 13dd 13fe 586 53c 53b
    4 585 586 13fe 13fd 55b 53b
    4 566 13de 13ff 587 53d 53c
    4 586 587 13ff 13fe 55c 53c
    4 567 13df 1400 588 53e 53d
    4 587 588 1400 13ff 55d 53d
    4 568 13e0 1401 589 53f 53e
    4 588 589 1401 1400 55e 53e
    4 569 13e1 1402 58a 540 53f
    4 589 58a 1402 1401 55f 53f
    4 58a 58b 1403 1402 560 540
    4 56c 13e4 1405 58d 542 541
    4 58c 58d 1405 1404 561 541
    4 56d 13e5 1406 58e 543 542
    4 58d 58e 1406 1405 562 542
    4 56e 13e6 1407 58f 544 543
    4 58e 58f 1407 1406 563 543
    4 56f 13e7 1408 590 545 544
    4 58f 590 1408 1407 564 544
    4 570 13e8 1409 591 546 545
    4 590 591 1409 1408 565 545
    4 571 13e9 140a 592 547 546
    4 591 592 140a 1409 566 546
    4 572 13ea 140b 593 548 547
    4 592 593 140b 140a 567 547
    4 573 13eb 140c 594 549 548
    4 593 594 140c 140b 568 548
    4 574 13ec 140d 595 54a 549
    4 594 595 140d 140c 569 549
    4 575 13ed 140e 596 54b 54a
    4 595 596 140e 140d 56a 54a
    4 576 13ee 140f 597 54c 54b
    4 596 597 140f 140e 56b 54b
    4 577 13ef 1410 598 54d 54c
    4 597 598 1410 140f 56c 54c
    4 578 13f0 1411 599 54e 54d
    4 598 599 1411 1410 56d 54d
    4 579 13f1 1412 59a 54f 54e
    4 599 59a 1412 1411 56e 54e
    4 57a 13f2 1413 59b 550 54f
    4 59a 59b 1413 1412 56f 54f
    4 57b 13f3 1414 59c 551 550
    4 59b 59c 1414 1413 570 550
    4 57c 13f4 1415 59d 552 551
    4 59c 59d 1415 1414 571 551
    4 57d 13f5 1416 59e 553 552
    4 59d 59e 1416 1415 572 552
    4 57e 13f6 1417 59f 554 553
    4 59e 59f 1417 1416 573 553
    4 57f 13f7 1418 5a0 555 554
    4 59f 5a0 1418 1417 574 554
    4 580 13f8 1419 5a1 556 555
    4 5a0 5a1 1419 1418 575 555
    4 581 13f9 141a 5a2 557 556
    4 5a1 5a2 141a 1419 576 556
    4 582 13fa 141b 5a3 558 557
    4 5a2 5a3 141b 141a 577 557
    4 583 13fb 141c 5a4 559 558
    4 5a3 5a4 141c 141b 578 558
    4 584 13fc 141d 5a5 55a 559
    4 5a4 5a5 141d 141c 579 559
    4 585 13fd 141e 5a6 55b 55a
    4 5a5 5a6 141e 141d 57a 55a
    4 586 13fe 141f 5a7 55c 55b
    4 5a6 5a7 141f 141e 57b 55b
    4 587 13ff 1420 5a8 55d 55c
    4 5a7 5a8 1420 141f 57c 55c
    4 588 1400 1421 5a9 55e 55d
    4 5a8 5a9 1421 1420 57d 55d
    4 589 1401 1422 5aa 55f 55e
    4 5a9 5aa 1422 1421 57e 55e
    4 58a 1402 1423 5ab 560 55f
    4 5aa 5ab 1423 1422 57f 55f
    4 5ab 5ac 1424 1423 580 560
    4 58d 1405 1426 5ae 562 561
    4 5ad 5ae 1426 1425 581 561
    4 58e 1406 1427 5af 563 562
    4 5ae 5af 1427 1426 582 562
    4 58f 1407 1428 5b0 564 563
    4 5af 5b0 1428 1427 583 563
    4 590 1408 1429 5b1 565 564
    4 5b0 5b1 1429 1428 584 564
    4 591 1409 142a 5b2 566 565
    4 5b1 5b2 142a 1429 585 565
    4 592 140a 142b 5b3 567 566
    4 5b2 5b3 142b 142a 586 566
    4 593 140b 142c 5b4 568 567
    4 5b3 5b4 142c 142b 587 567
    4 594 140c 142d 5b5 569 568
    4 5b4 5b5 142d 142c 588 568
    4 595 140d 142e 5b6 56a 569
    4 5b5 5b6 142e 142d 589 569
    4 596 140e 142f 5b7 56b 56a
    4 5b6 5b7 142f 142e 58a 56a
    4 597 140f 1430 5b8 56c 56b
    4 5b7 5b8 1430 142f 58b 56b
    4 598 1410 1431 5b9 56d 56c
    4 5b8 5b9 1431 1430 58c 56c
    4 599 1411 1432 5ba 56e 56d
    4 5b9 5ba 1432 1431 58d 56d
    4 59a 1412 1433 5bb 56f 56e
    4 5ba 5bb 1433 1432 58e 56e
    4 59b 1413 1434 5bc 570 56f
    4 5bb 5bc 1434 1433 58f 56f
    4 59c 1414 1435 5bd 571 570
    4 5bc 5bd 1435 1434 590 570
    4 59d 1415 1436 5be 572 571
    4 5bd 5be 1436 1435 591 571
    4 59e 1416 1437 5bf 573 572
    4 5be 5bf 1437 1436 592 572
    4 59f 1417 1438 5c0 574 573
    4 5bf 5c0 1438 1437 593 573
    4 5a0 1418 1439 5c1 575 574
    4 5c0 5c1 1439 1438 594 574
    4 5a1 1419 143a 5c2 576 575
    4 5c1 5c2 143a 1439 595 575
    4 5a2 141a 143b 5c3 577 576
    4 5c2 5c3 143b 143a 596 576
    4 5a3 141b 143c 5c4 578 577
    4 5c3 5c4 143c 143b 597 577
    4 5a4 141c 143d 5c5 579 578
    4 5c4 5c5 143d 143c 598 578
    4 5a5 141d 143e 5c6 57a 579
    4 5c5 5c6 143e 143d 599 579
    4 5a6 141e 143f 5c7 57b 57a
    4 5c6 5c7 143f 143e 59a 57a
    4 5a7 141f 1440 5c8 57c 57b
    4 5c7 5c8 1440 143f 59b 57b
    4 5a8 1420 1441 5c9 57d 57c
    4 5c8 5c9 1441 1440 59c 57c
    4 5a9 1421 1442 5ca 57e 57d
    4 5c9 5ca 1442 1441 59d 57d
    4 5aa 1422 1443 5cb 57f 57e
    4 5ca 5cb 1443 1442 59e 57e
    4 5ab 1423 1444 5cc 580 57f
    4 5cb 5cc 1444 1443 59f 57f
    4 5cc 5cd 1445 1444 5a0 580
    4 5ae 1426 1447 5cf 582 581
    4 5ce 5cf 1447 1446 5a1 581
    4 5af 1427 1448 5d0 583 582
    4 5cf 5d0 1448 1447 5a2 582
    4 5b0 1428 1449 5d1 584 583
    4 5d0 5d1 1449 1448 5a3 583
    4 5b1 1429 144a 5d2 585 584
    4 5d1 5d2 144a 1449 5a4 584
    4 5b2 142a 144b 5d3 586 585
    4 5d2 5d3 144b 144a 5a5 585
    4 5b3 142b 144c 5d4 587 586
    4 5d3 5d4 144c 144b 5a6 586
    4 5b4 142c 144d 5d5 588 587
    4 5d4 5d5 144d 144c 5a7 587
    4 5b5 142d 144e 5d6 589 588
    4 5d5 5d6 144e 144d 5a8 588
    4 5b6 142e 144f 5d7 58a 589
    4 5d6 5d7 144f 144e 5a9 589
    4 5b7 142f 1450 5d8 58b 58a
    4 5d7 5d8 1450 144f 5aa 58a
    4 5b8 1430 1451 5d9 58c 58b
    4 5d8 5d9 1451 1450 5ab 58b
    4 5b9 1431 1452 5da 58d 58c
    4 5d9 5da 1452 1451 5ac 58c
    4 5ba 1432 1453 5db 58e 58d
    4 5da 5db 1453 1452 5ad 58d
    4 5bb 1433 1454 5dc 58f 58e
    4 5db 5dc 1454 1453 5ae 58e
    4 5bc 1434 1455 5dd 590 58f
    4 5dc 5dd 1455 1454 5af 58f
    4 5bd 1435 1456 5de 591 590
    4 5dd 5de 1456 1455 5b0 590
    4 5be 1436 1457 5df 592 591
    4 5de 5df 1457 1456 5b1 591
    4 5bf 1437 1458 5e0 593 592
    4 5df 5e0 1458 1457 5b2 592
    4 5c0 1438 1459 5e1 594 593
    4 5e0 5e1 1459 1458 5b3 593
    4 5c1 1439 145a 5e2 595 594
    4 5e1 5e2 145a 1459 5b4 594
    4 5c2 143a 145b 5e3 596 595
    4 5e2 5e3 145b 145a 5b5 595
    4 5c3 143b 145c 5e4 597 596
    4 5e3 5e4 145c 145b 5b6 596
    4 5c4 143c 145d 5e5 598 597
    4 5e4 5e5 145d 145c 5b7 597
    4 5c5 143d 145e 5e6 599 598
    4 5e5 5e6 145e 145d 5b8 598
    4 5c6 143e 145f 5e7 59a 599
    4 5e6 5e7 145f 145e 5b9 599
    4 5c7 143f 1460 5e8 59b 59a
    4 5e7 5e8 1460 145f 5ba 59a
    4 5c8 1440 1461 5e9 59c 59b
    4 5e8 5e9 1461 1460 5bb 59b
    4 5c9 1441 1462 5ea 59d 59c
    4 5e9 5ea 1462 1461 5bc 59c
    4 5ca 1442 1463 5eb 59e 59d
    4 5ea 5eb 1463 1462 5bd 59d
    4 5cb 1443 1464 5ec 59f 59e
    4 5eb 5ec 1464 1463 5be 59e
    4 5cc 1444 1465 5ed 5a0 59f
    4 5ec 5ed 1465 1464 5bf 59f
    4 5ed 5ee 1466 1465 5c0 5a0
    4 5cf 1447 1468 5f0 5a2 5a1
    4 5ef 5f0 1468 1467 5c1 5a1
    4 5d0 1448 1469 5f1 5a3 5a2
    4 5f0 5f1 1469 1468 5c2 5a2
    4 5d1 1449 146a 5f2 5a4 5a3
    4 5f1 5f2 146a 1469 5c3 5a3
    4 5d2 144a 146b 5f3 5a5 5a4
    4 5f2 5f3 146b 146a 5c4 5a4
    4 5d3 144b 146c 5f4 5a6 5a5
    4 5f3 5f4 146c 146b 5c5 5a5
    4 5d4 144c 146d 5f5 5a7 5a6
    4 5f4 5f5 146d 146c 5c6 5a6
    4 5d5 144d 146e 5f6 5a8 5a7
    4 5f5 5f6 146e 146d 5c7 5a7
    4 5d6 144e 146f 5f7 5a9 5a8
    4 5f6 5f7 146f 146e 5c8 5a8
    4 5d7 144f 1470 5f8 5aa 5a9
    4 5f7 5f8 1470 146f 5c9 5a9
    4 5d8 1450 1471 5f9 5ab 5aa
    4 5f8 5f9 1471 1470 5ca 5aa
    4 5d9 1451 1472 5fa 5ac 5ab
    4 5f9 5fa 1472 1471 5cb 5ab
    4 5da 1452 1473 5fb 5ad 5ac
    4 5fa 5fb 1473 1472 5cc 5ac
    4 5db 1453 1474 5fc 5ae 5ad
    4 5fb 5fc 1474 1473 5cd 5ad
    4 5dc 1454 1475 5fd 5af 5ae
    4 5fc 5fd 1475 1474 5ce 5ae
    4 5dd 1455 1476 5fe 5b0 5af
    4 5fd 5fe 1476 1475 5cf 5af
    4 5de 1456 1477 5ff 5b1 5b0
    4 5fe 5ff 1477 1476 5d0 5b0
    4 5df 1457 1478 600 5b2 5b1
    4 5ff 600 1478 1477 5d1 5b1
    4 5e0 1458 1479 601 5b3 5b2
    4 600 601 1479 1478 5d2 5b2
    4 5e1 1459 147a 602 5b4 5b3
    4 601 602 147a 1479 5d3 5b3
    4 5e2 145a 147b 603 5b5 5b4
    4 602 603 147b 147a 5d4 5b4
    4 5e3 145b 147c 604 5b6 5b5
    4 603 604 147c 147b 5d5 5b5
    4 5e4 145c 147d 605 5b7 5b6
    4 604 605 147d 147c 5d6 5b6
    4 5e5 145d 147e 606 5b8 5b7
    4 605 606 147e 147d 5d7 5b7
    4 5e6 145e 147f 607 5b9 5b8
    4 606 607 147f 147e 5d8 5b8
    4 5e7 145f 1480 608 5ba 5b9
    4 607 608 1480 147f 5d9 5b9
    4 5e8 1460 1481 609 5bb 5ba
    4 608 609 1481 1480 5da 5ba
    4 5e9 1461 1482 60a 5bc 5bb
    4 609 60a 1482 1481 5db 5bb
    4 5ea 1462 1483 60b 5bd 5bc
    4 60a 60b 1483 1482 5dc 5bc
    4 5eb 1463 1484 60c 5be 5bd
    4 60b 60c 1484 1483 5dd 5bd
    4 5ec 1464 1485 60d 5bf 5be
    4 60c 60d 1485 1484 5de 5be
    4 5ed 1465 1486 60e 5c0 5bf
    4 60d 60e 1486 1485 5df 5bf
    4 60e 60f 1487 1486 5e0 5c0
    4 5f0 1468 1489 611 5c2 5c1
    4 610 611 1489 1488 5e1 5c1
    4 5f1 1469 148a 612 5c3 5c2
    4 611 612 148a 1489 5e2 5c2
    4 5f2 146a 148b 613 5c4 5c3
    4 612 613 148b 148a 5e3 5c3
    4 5f3 146b 148c 614 5c5 5c4
    4 613 614 148c 148b 5e4 5c4
    4 5f4 146c 148d 615 5c6 5c5
    4 614 615 148d 148c 5e5 5c5
    4 5f5 146d 148e 616 5c7 5c6
    4 615 616 148e 148d 5e6 5c6
    4 5f6 146e 148f 617 5c8 5c7
    4 616 617 148f 148e 5e7 5c7
    4 5f7 146f 1490 618 5c9 5c8
    4 617 618 1490 148f 5e8 5c8
    4 5f8 1470 1491 619 5ca 5c9
    4 618 619 1491 1490 5e9 5c9
    4 5f9 1471 1492 61a 5cb 5ca
    4 619 61a 1492 1491 5ea 5ca
    4 5fa 1472 1493 61b 5cc 5cb
    4 61a 61b 1493 1492 5eb 5cb
    4 5fb 1473 1494 61c 5cd 5cc
    4 61b 61c 1494 1493 5ec 5cc
    4 5fc 1474 1495 61d 5ce 5cd
    4 61c 61d 1495 1494 5ed 5cd
    4 5fd 1475 1496 61e 5cf 5ce
    4 61d 61e 1496 1495 5ee 5ce
    4 5fe 1476 1497 61f 5d0 5cf
    4 61e 61f 1497 1496 5ef 5cf
    4 5ff 1477 1498 620 5d1 5d0
    4 61f 620 1498 1497 5f0 5d0
    4 600 1478 1499 621 5d2 5d1
    4 620 621 1499 1498 5f1 5d1
    4 601 1479 149a 622 5d3 5d2
    4 621 622 149a 1499 5f2 5d2
    4 602 147a 149b 623 5d4 5d3
    4 622 623 149b 149a 5f3 5d3
    4 603 147b 149c 624 5d5 5d4
    4 623 624 149c 149b 5f4 5d4
    4 604 147c 149d 625 5d6 5d5
    4 624 625 149d 149c 5f5 5d5
    4 605 147d 149e 626 5d7 5d6
    4 625 626 149e 149d 5f6 5d6
    4 606 147e 149f 627 5d8 5d7
    4 626 627 149f 149e 5f7 5d7
    4 607 147f 14a0 628 5d9 5d8
    4 627 628 14a0 149f 5f8 5d8
    4 608 1480 14a1 629 5da 5d9
    4 628 629 14a1 14a0 5f9 5d9
    4 609 1481 14a2 62a 5db 5da
    4 629 62a 14a2 14a1 5fa 5da
    4 60a 1482 14a3 62b 5dc 5db
    4 62a 62b 14a3 14a2 5fb 5db
    4 60b 1483 14a4 62c 5dd 5dc
    4 62b 62c 14a4 14a3 5fc 5dc
    4 60c 1484 14a5 62d 5de 5dd
    4 62c 62d 14a5 14a4 5fd 5dd
    4 60d 1485 14a6 62e 5df 5de
    4 62d 62e 14a6 14a5 5fe 5de
    4 60e 1486 14a7 62f 5e0 5df
    4 62e 62f 14a7 14a6 5ff 5df
    4 62f 630 14a8 14a7 600 5e0
    4 611 1489 14aa 632 5e2 5e1
    4 631 632 14aa 14a9 601 5e1
    4 612 148a 14ab 633 5e3 5e2
    4 632 633 14ab 14aa 602 5e2
    4 613 148b 14ac 634 5e4 5e3
    4 633 634 14ac 14ab 603 5e3
    4 614 148c 14ad 635 5e5 5e4
    4 634 635 14ad 14ac 604 5e4
    4 615 148d 14ae 636 5e6 5e5
    4 635 636 14ae 14ad 605 5e5
    4 616 148e 14af 637 5e7 5e6
    4 636 637 14af 14ae 606 5e6
    4 617 148f 14b0 638 5e8 5e7
    4 637 638 14b0 14af 607 5e7
    4 618 1490 14b1 639 5e9 5e8
    4 638 639 14b1 14b0 608 5e8
    4 619 1491 14b2 63a 5ea 5e9
    4 639 63a 14b2 14b1 609 5e9
    4 61a 1492 14b3 63b 5eb 5ea
    4 63a 63b 14b3 14b2 60a 5ea
    4 61b 1493 14b4 63c 5ec 5eb
    4 63b 63c 14b4 14b3 60b 5eb
    4 61c 1494 14b5 63d 5ed 5ec
    4 63c 63d 14b5 14b4 60c 5ec
    4 61d 1495 14b6 63e 5ee 5ed
    4 63d 63e 14b6 14b5 60d 5ed
    4 61e 1496 14b7 63f 5ef 5ee
    4 63e 63f 14b7 14b6 60e 5ee
    4 61f 1497 14b8 640 5f0 5ef
    4 63f 640 14b8 14b7 60f 5ef
    4 620 1498 14b9 641 5f1 5f0
    4 640 641 14b9 14b8 610 5f0
    4 621 1499 14ba 642 5f2 5f1
    4 641 642 14ba 14b9 611 5f1
    4 622 149a 14bb 643 5f3 5f2
    4 642 643 14bb 14ba 612 5f2
    4 623 149b 14bc 644 5f4 5f3
    4 643 644 14bc 14bb 613 5f3
    4 624 149c 14bd 645 5f5 5f4
    4 644 645 14bd 14bc 614 5f4
    4 625 149d 14be 646 5f6 5f5
    4 645 646 14be 14bd 615 5f5
    4 626 149e 14bf 647 5f7 5f6
    4 646 647 14bf 14be 616 5f6
    4 627 149f 14c0 648 5f8 5f7
    4 647 648 14c0 14bf 617 5f7
    4 628 14a0 14c1 649 5f9 5f8
    4 648 649 14c1 14c0 618 5f8
    4 629 14a1 14c2 64a 5fa 5f9
    4 649 64a 14c2 14c1 619 5f9
    4 62a 14a2 14c3 64b 5fb 5fa
    4 64a 64b 14c3 14c2 61a 5fa
    4 62b 14a3 14c4 64c 5fc 5fb
    4 64b 64c 14c4 14c3 61b 5fb
    4 62c 14a4 14c5 64d 5fd 5fc
    4 64c 64d 14c5 14c4 61c 5fc
    4 62d 14a5 14c6 64e 5fe 5fd
    4 64d 64e 14c6 14c5 61d 5fd
    4 62e 14a6 14c7 64f 5ff 5fe
    4 64e 64f 14c7 14c6 61e 5fe
    4 62f 14a7 14c8 650 600 5ff
    4 64f 650 14c8 14c7 61f 5ff
    4 650 651 14c9 14c8 620 600
    4 632 14aa 14cb 653 602 601
    4 652 653 14cb 14ca 621 601
    4 633 14ab 14cc 654 603 602
    4 653 654 14cc 14cb 622 602
    4 634 14ac 14cd 655 604 603
    4 654 655 14cd 14cc 623 603
    4 635 14ad 14ce 656 605 604
    4 655 656 14ce 14cd 624 604
    4 636 14ae 14cf 657 606 605
    4 656 657 14cf 14ce 625 605
    4 637 14af 14d0 658 607 606
    4 657 658 14d0 14cf 626 606
    4 638 14b0 14d1 659 608 607
    4 658 659 14d1 14d0 627 607
    4 639 14b1 14d2 65a 609 608
    4 659 65a 14d2 14d1 628 608
    4 63a 14b2 14d3 65b 60a 609
    4 65a 65b 14d3 14d2 629 609
    4 63b 14b3 14d4 65c 60b 60a
    4 65b 65c 14d4 14d3 62a 60a
    4 63c 14b4 14d5 65d 60c 60b
    4 65c 65d 14d5 14d4 62b 60b
    4 63d 14b5 14d6 65e 60d 60c
    4 65d 65e 14d6 14d5 62c 60c
    4 63e 14b6 14d7 65f 60e 60d
    4 65e 65f 14d7 14d6 62d 60d
    4 63f 14b7 14d8 660 60f 60e
    4 65f 660 14d8 14d7 62e 60e
    4 640 14b8 14d9 661 610 60f
    4 660 661 14d9 14d8 62f 60f
    4 641 14b9 14da 662 611 610
    4 661 662 14da 14d9 630 610
    4 642 14ba 14db 663 612 611
    4 662 663 14db 14da 631 611
    4 643 14bb 14dc 664 613 612
    4 663 664 14dc 14db 632 612
    4 644 14bc 14dd 665 614 613
    4 664 665 14dd 14dc 633 613
    4 645 14bd 14de 666 615 614
    4 665 666 14de 14dd 634 614
    4 646 14be 14df 667 616 615
    4 666 667 14df 14de 635 615
    4 647 14bf 14e0 668 617 616
    4 667 668 14e0 14df 636 616
    4 648 14c0 14e1 669 618 617
    4 668 669 14e1 14e0 637 617
    4 649 14c1 14e2 66a 619 618
    4 669 66a 14e2 14e1 638 618
    4 64a 14c2 14e3 66b 61a 619
    4 66a 66b 14e3 14e2 639 619
    4 64b 14c3 14e4 66c 61b 61a
    4 66b 66c 14e4 14e3 63a 61a
    4 64c 14c4 14e5 66d 61c 61b
    4 66c 66d 14e5 14e4 63b 61b
    4 64d 14c5 14e6 66e 61d 61c
    4 66d 66e 14e6 14e5 63c 61c
    4 64e 14c6 14e7 66f 61e 61d
    4 66e 66f 14e7 14e6 63d 61d
    4 64f 14c7 14e8 670 61f 61e
    4 66f 670 14e8 14e7 63e 61e
    4 650 14c8 14e9 671 620 61f
    4 670 671 14e9 14e8 63f 61f
    4 671 672 14ea 14e9 640 620
    4 653 14cb 14ec 674 622 621
    4 673 674 14ec 14eb 641 621
    4 654 14cc 14ed 675 623 622
    4 674 675 14ed 14ec 642 622
    4 655 14cd 14ee 676 624 623
    4 675 676 14ee 14ed 643 623
    4 656 14ce 14ef 677 625 624
    4 676 677 14ef 14ee 644 624
    4 657 14cf 14f0 678 626 625
    4 677 678 14f0 14ef 645 625
    4 658 14d0 14f1 679 627 626
    4 678 679 14f1 14f0 646 626
    4 659 14d1 14f2 67a 628 627
    4 679 67a 14f2 14f1 647 627
    4 65a 14d2 14f3 67b 629 628
    4 67a 67b 14f3 14f2 648 628
    4 65b 14d3 14f4 67c 62a 629
    4 67b 67c 14f4 14f3 649 629
    4 65c 14d4 14f5 67d 62b 62a
    4 67c 67d 14f5 14f4 64a 62a
    4 65d 14d5 14f6 67e 62c 62b
    4 67d 67e 14f6 14f5 64b 62b
    4 65e 14d6 14f7 67f 62d 62c
    4 67e 67f 14f7 14f6 64c 62c
    4 65f 14d7 14f8 680 62e 62d
    4 67f 680 14f8 14f7 64d 62d
    4 660 14d8 14f9 681 62f 62e
    4 680 681 14f9 14f8 64e 62e
    4 661 14d9 14fa 682 630 62f
    4 681 682 14fa 14f9 64f 62f
    4 662 14da 14fb 683 631 630
    4 682 683 14fb 14fa 650 630
    4 663 14db 14fc 684 632 631
    4 683 684 14fc 14fb 651 631
    4 664 14dc 14fd 685 633 632
    4 684 685 14fd 14fc 652 632
    4 665 14dd 14fe 686 634 633
    4 685 686 14fe 14fd 653 633
    4 666 14de 14ff 687 635 634
    4 686 687 14ff 14fe 654 634
    4 667 14df 1500 688 636 635
    4 687 688 1500 14ff 655 635
    4 668 14e0 1501 689 637 636
    4 688 689 1501 1500 656 636
    4 669 14e1 1502 68a 638 637
    4 689 68a 1502 1501 657 637
    4 66a 14e2 1503 68b 639 638
    4 68a 68b 1503 1502 658 638
    4 66b 14e3 1504 68c 63a 639
    4 68b 68c 1504 1503 659 639
    4 66c 14e4 1505 68d 63b 63a
    4 68c 68d 1505 1504 65a 63a
    4 66d 14e5 1506 68e 63c 63b
    4 68d 68e 1506 1505 65b 63b
    4 66e 14e6 1507 68f 63d 63c
    4 68e 68f 1507 1506 65c 63c
    4 66f 14e7 1508 690 63e 63d
    4 68f 690 1508 1507 65d 63d
    4 670 14e8 1509 691 63f 63e
    4 690 691 1509 1508 65e 63e
    4 671 14e9 150a 692 640 63f
    4 691 692 150a 1509 65f 63f
    4 692 693 150b 150a 660 640
    4 674 14ec 150d 695 642 641
    4 694 695 150d 150c 661 641
    4 675 14ed 150e 696 643 642
    4 695 696 150e 150d 662 642
    4 676 14ee 150f 697 644 643
    4 696 697 150f 150e 663 643
    4 677 14ef 1510 698 645 644
    4 697 698 1510 150f 664 644
    4 678 14f0 1511 699 646 645
    4 698 699 1511 1510 665 645
    4 679 14f1 1512 69a 647 646
    4 699 69a 1512 1511 666 646
    4 67a 14f2 1513 69b 648 647
    4 69a 69b 1513 1512 667 647
    4 67b 14f3 1514 69c 649 648
    4 69b 69c 1514 1513 668 648
    4 67c 14f4 1515 69d 64a 649
    4 69c 69d 1515 1514 669 649
    4 67d 14f5 1516 69e 64b 64a
    4 69d 69e 1516 1515 66a 64a
    4 67e 14f6 1517 69f 64c 64b
    4 69e 69f 1517 1516 66b 64b
    4 67f 14f7 1518 6a0 64d 64c
    4 69f 6a0 1518 1517 66c 64c
    4 680 14f8 1519 6a1 64e 64d
    4 6a0 6a1 1519 1518 66d 64d
    4 681 14f9 151a 6a2 64f 64e
    4 6a1 6a2 151a 1519 66e 64e
    4 682 14fa 151b 6a3 650 64f
    4 6a2 6a3 151b 151a 66f 64f
    4 683 14fb 151c 6a4 651 650
    4 6a3 6a4 151c 151b 670 650
    4 684 14fc 151d 6a5 652 651
    4 6a4 6a5 151d 151c 671 651
    4 685 14fd 151e 6a6 653 652
    4 6a5 6a6 151e 151d 672 652
    4 686 14fe 151f 6a7 654 653
    4 6a6 6a7 151f 151e 673 653
    4 687 14ff 1520 6a8 655 654
    4 6a7 6a8 1520 151f 674 654
    4 688 1500 1521 6a9 656 655
    4 6a8 6a9 1521 1520 675 655
    4 689 1501 1522 6aa 657 656
    4 6a9 6aa 1522 1521 676 656
    4 68a 1502 1523 6ab 658 657
    4 6aa 6ab 1523 1522 677 657
    4 68b 1503 1524 6ac 659 658
    4 6ab 6ac 1524 1523 678 658
    4 68c 1504 1525 6ad 65a 659
    4 6ac 6ad 1525 1524 679 659
    4 68d 1505 1526 6ae 65b 65a
    4 6ad 6ae 1526 1525 67a 65a
    4 68e 1506 1527 6af 65c 65b
    4 6ae 6af 1527 1526 67b 65b
    4 68f 1507 1528 6b0 65d 65c
    4 6af 6b0 1528 1527 67c 65c
    4 690 1508 1529 6b1 65e 65d
    4 6b0 6b1 1529 1528 67d 65d
    4 691 1509 152a 6b2 65f 65e
    4 6b1 6b2 152a 1529 67e 65e
    4 692 150a 152b 6b3 660 65f
    4 6b2 6b3 152b 152a 67f 65f
    4 6b3 6b4 152c 152b 680 660
    4 695 150d 152e 6b6 662 661
    4 6b5 6b6 152e 152d 681 661
    4 696 150e 152f 6b7 663 662
    4 6b6 6b7 152f 152e 682 662
    4 697 150f 1530 6b8 664 663
    4 6b7 6b8 1530 152f 683 663
    4 698 1510 1531 6b9 665 664
    4 6b8 6b9 1531 1530 684 664
    4 699 1511 1532 6ba 666 665
    4 6b9 6ba 1532 1531 685 665
    4 69a 1512 1533 6bb 667 666
    4 6ba 6bb 1533 1532 686 666
    4 69b 1513 1534 6bc 668 667
    4 6bb 6bc 1534 1533 687 667
    4 69c 1514 1535 6bd 669 668
    4 6bc 6bd 1535 1534 688 668
    4 69d 1515 1536 6be 66a 669
    4 6bd 6be 1536 1535 689 669
    4 69e 1516 1537 6bf 66b 66a
    4 6be 6bf 1537 1536 68a 66a
    4 69f 1517 1538 6c0 66c 66b
    4 6bf 6c0 1538 1537 68b 66b
    4 6a0 1518 1539 6c1 66d 66c
    4 6c0 6c1 1539 1538 68c 66c
    4 6a1 1519 153a 6c2 66e 66d
    4 6c1 6c2 153a 1539 68d 66d
    4 6a2 151a 153b 6c3 66f 66e
    4 6c2 6c3 153b 153a 68e 66e
    4 6a3 151b 153c 6c4 670 66f
    4 6c3 6c4 153c 153b 68f 66f
    4 6a4 151c 153d 6c5 671 670
    4 6c4 6c5 153d 153c 690 670
    4 6a5 151d 153e 6c6 672 671
    4 6c5 6c6 153e 153d 691 671
    4 6a6 151e 153f 6c7 673 672
    4 6c6 6c7 153f 153e 692 672
    4 6a7 151f 1540 6c8 674 673
    4 6c7 6c8 1540 153f 693 673
    4 6a8 1520 1541 6c9 675 674
    4 6c8 6c9 1541 1540 694 674
    4 6a9 1521 1542 6ca 676 675
    4 6c9 6ca 1542 1541 695 675
    4 6aa 1522 1543 6cb 677 676
    4 6ca 6cb 1543 1542 696 676
    4 6ab 1523 1544 6cc 678 677
    4 6cb 6cc 1544 1543 697 677
    4 6ac 1524 1545 6cd 679 678
    4 6cc 6cd 1545 1544 698 678
    4 6ad 1525 1546 6ce 67a 679
    4 6cd 6ce 1546 1545 699 679
    4 6ae 1526 1547 6cf 67b 67a
    4 6ce 6cf 1547 1546 69a 67a
    4 6af 1527 1548 6d0 67c 67b
    4 6cf 6d0 1548 1547 69b 67b
    4 6b0 1528 1549 6d1 67d 67c
    4 6d0 6d1 1549 1548 69c 67c
    4 6b1 1529 154a 6d2 67e 67d
    4 6d1 6d2 154a 1549 69d 67d
    4 6b2 152a 154b 6d3 67f 67e
    4 6d2 6d3 154b 154a 69e 67e
    4 6b3 152b 154c 6d4 680 67f
    4 6d3 6d4 154c 154b 69f 67f
    4 6d4 6d5 154d 154c 6a0 680
    4 6b6 152e 154f 6d7 682 681
    4 6d6 6d7 154f 154e 6a1 681
    4 6b7 152f 1550 6d8 683 682
    4 6d7 6d8 1550 154f 6a2 682
    4 6b8 1530 1551 6d9 684 683
    4 6d8 6d9 1551 1550 6a3 683
    4 6b9 1531 1552 6da 685 684
    4 6d9 6da 1552 1551 6a4 684
    4 6ba 1532 1553 6db 686 685
    4 6da 6db 1553 1552 6a5 685
    4 6bb 1533 1554 6dc 687 686
    4 6db 6dc 1554 1553 6a6 686
    4 6bc 1534 1555 6dd 688 687
    4 6dc 6dd 1555 1554 6a7 687
    4 6bd 1535 1556 6de 689 688
    4 6dd 6de 1556 1555 6a8 688
    4 6be 1536 1557 6df 68a 689
    4 6de 6df 1557 1556 6a9 689
    4 6bf 1537 1558 6e0 68b 68a
    4 6df 6e0 1558 1557 6aa 68a
    4 6c0 1538 1559 6e1 68c 68b
    4 6e0 6e1 1559 1558 6ab 68b
    4 6c1 1539 155a 6e2 68d 68c
    4 6e1 6e2 155a 1559 6ac 68c
    4 6c2 153a 155b 6e3 68e 68d
    4 6e2 6e3 155b 155a 6ad 68d
    4 6c3 153b 155c 6e4 68f 68e
    4 6e3 6e4 155c 155b 6ae 68e
    4 6c4 153c 155d 6e5 690 68f
    4 6e4 6e5 155d 155c 6af 68f
    4 6c5 153d 155e 6e6 691 690
    4 6e5 6e6 155e 155d 6b0 690
    4 6c6 153e 155f 6e7 692 691
    4 6e6 6e7 155f 155e 6b1 691
    4 6c7 153f 1560 6e8 693 692
    4 6e7 6e8 1560 155f 6b2 692
    4 6c8 1540 1561 6e9 694 693
    4 6e8 6e9 1561 1560 6b3 693
    4 6c9 1541 1562 6ea 695 694
    4 6e9 6ea 1562 1561 6b4 694
    4 6ca 1542 1563 6eb 696 695
    4 6ea 6eb 1563 1562 6b5 695
    4 6cb 1543 1564 6ec 697 696
    4 6eb 6ec 1564 1563 6b6 696
    4 6cc 1544 1565 6ed 698 697
    4 6ec 6ed 1565 1564 6b7 697
    4 6cd 1545 1566 6ee 699 698
    4 6ed 6ee 1566 1565 6b8 698
    4 6ce 1546 1567 6ef 69a 699
    4 6ee 6ef 1567 1566 6b9 699
    4 6cf 1547 1568 6f0 69b 69a
    4 6ef 6f0 1568 1567 6ba 69a
    4 6d0 1548 1569 6f1 69c 69b
    4 6f0 6f1 1569 1568 6bb 69b
    4 6d1 1549 156a 6f2 69d 69c
    4 6f1 6f2 156a 1569 6bc 69c
    4 6d2 154a 156b 6f3 69e 69d
    4 6f2 6f3 156b 156a 6bd 69d
    4 6d3 154b 156c 6f4 69f 69e
    4 6f3 6f4 156c 156b 6be 69e
    4 6d4 154c 156d 6f5 6a0 69f
    4 6f4 6f5 156d 156c 6bf 69f
    4 6f5 6f6 156e 156d 6c0 6a0
    4 6d7 154f 1570 6f8 6a2 6a1
    4 6f7 6f8 1570 156f 6c1 6a1
    4 6d8 1550 1571 6f9 6a3 6a2
    4 6f8 6f9 1571 1570 6c2 6a2
    4 6d9 1551 1572 6fa 6a4 6a3
    4 6f9 6fa 1572 1571 6c3 6a3
    4 6da 1552 1573 6fb 6a5 6a4
    4 6fa 6fb 1573 1572 6c4 6a4
    4 6db 1553 1574 6fc 6a6 6a5
    4 6fb 6fc 1574 1573 6c5 6a5
    4 6dc 1554 1575 6fd 6a7 6a6
    4 6fc 6fd 1575 1574 6c6 6a6
    4 6dd 1555 1576 6fe 6a8 6a7
    4 6fd 6fe 1576 1575 6c7 6a7
    4 6de 1556 1577 6ff 6a9 6a8
    4 6fe 6ff 1577 1576 6c8 6a8
    4 6df 1557 1578 700 6aa 6a9
    4 6ff 700 1578 1577 6c9 6a9
    4 6e0 1558 1579 701 6ab 6aa
    4 700 701 1579 1578 6ca 6aa
    4 6e1 1559 157a 702 6ac 6ab
    4 701 702 157a 1579 6cb 6ab
    4 6e2 155a 157b 703 6ad 6ac
    4 702 703 157b 157a 6cc 6ac
    4 6e3 155b 157c 704 6ae 6ad
    4 703 704 157c 157b 6cd 6ad
    4 6e4 155c 157d 705 6af 6ae
    4 704 705 157d 157c 6ce 6ae
    4 6e5 155d 157e 706 6b0 6af
    4 705 706 157e 157d 6cf 6af
    4 6e6 155e 157f 707 6b1 6b0
    4 706 707 157f 157e 6d0 6b0
    4 6e7 155f 1580 708 6b2 6b1
    4 707 708 1580 157f 6d1 6b1
    4 6e8 1560 1581 709 6b3 6b2
    4 708 709 1581 1580 6d2 6b2
    4 6e9 1561 1582 70a 6b4 6b3
    4 709 70a 1582 1581 6d3 6b3
    4 6ea 1562 1583 70b 6b5 6b4
    4 70a 70b 1583 1582 6d4 6b4
    4 6eb 1563 1584 70c 6b6 6b5
    4 70b 70c 1584 1583 6d5 6b5
    4 6ec 1564 1585 70d 6b7 6b6
    4 70c 70d 1585 1584 6d6 6b6
    4 6ed 1565 1586 70e 6b8 6b7
    4 70d 70e 1586 1585 6d7 6b7
    4 6ee 1566 1587 70f 6b9 6b8
    4 70e 70f 1587 1586 6d8 6b8
    4 6ef 1567 1588 710 6ba 6b9
    4 70f 710 1588 1587 6d9 6b9
    4 6f0 1568 1589 711 6bb 6ba
    4 710 711 1589 1588 6da 6ba
    4 6f1 1569 158a 712 6bc 6bb
    4 711 712 158a 1589 6db 6bb
    4 6f2 156a 158b 713 6bd 6bc
    4 712 713 158b 158a 6dc 6bc
    4 6f3 156b 158c 714 6be 6bd
    4 713 714 158c 158b 6dd 6bd
    4 6f4 156c 158d 715 6bf 6be
    4 714 715 158d 158c 6de 6be
    4 6f5 156d 158e 716 6c0 6bf
    4 715 716 158e 158d 6df 6bf
    4 716 717 158f 158e 6e0 6c0
    4 6f8 1570 1591 719 6c2 6c1
    4 718 719 1591 1590 6e1 6c1
    4 6f9 1571 1592 71a 6c3 6c2
    4 719 71a 1592 1591 6e2 6c2
    4 6fa 1572 1593 71b 6c4 6c3
    4 71a 71b 1593 1592 6e3 6c3
    4 6fb 1573 1594 71c 6c5 6c4
    4 71b 71c 1594 1593 6e4 6c4
    4 6fc 1574 1595 71d 6c6 6c5
    4 71c 71d 1595 1594 6e5 6c5
    4 6fd 1575 1596 71e 6c7 6c6
    4 71d 71e 1596 1595 6e6 6c6
    4 6fe 1576 1597 71f 6c8 6c7
    4 71e 71f 1597 1596 6e7 6c7
    4 6ff 1577 1598 720 6c9 6c8
    4 71f 720 1598 1597 6e8 6c8
    4 700 1578 1599 721 6ca 6c9
    4 720 721 1599 1598 6e9 6c9
    4 701 1579 159a 722 6cb 6ca
    4 721 722 159a 1599 6ea 6ca
    4 702 157a 159b 723 6cc 6cb
    4 722 723 159b 159a 6eb 6cb
    4 703 157b 159c 724 6cd 6cc
    4 723 724 159c 159b 6ec 6cc
    4 704 157c 159d 725 6ce 6cd
    4 724 725 159d 159c 6ed 6cd
    4 705 157d 159e 726 6cf 6ce
    4 725 726 159e 159d 6ee 6ce
    4 706 157e 159f 727 6d0 6cf
    4 726 727 159f 159e 6ef 6cf
    4 707 157f 15a0 728 6d1 6d0
    4 727 728 15a0 159f 6f0 6d0
    4 708 1580 15a1 729 6d2 6d1
    4 728 729 15a1 15a0 6f1 6d1
    4 709 1581 15a2 72a 6d3 6d2
    4 729 72a 15a2 15a1 6f2 6d2
    4 70a 1582 15a3 72b 6d4 6d3
    4 72a 72b 15a3 15a2 6f3 6d3
    4 70b 1583 15a4 72c 6d5 6d4
    4 72b 72c 15a4 15a3 6f4 6d4
    4 70c 1584 15a5 72d 6d6 6d5
    4 72c 72d 15a5 15a4 6f5 6d5
    4 70d 1585 15a6 72e 6d7 6d6
    4 72d 72e 15a6 15a5 6f6 6d6
    4 70e 1586 15a7 72f 6d8 6d7
    4 72e 72f 15a7 15a6 6f7 6d7
    4 70f 1587 15a8 730 6d9 6d8
    4 72f 730 15a8 15a7 6f8 6d8
    4 710 1588 15a9 731 6da 6d9
    4 730 731 15a9 15a8 6f9 6d9
    4 711 1589 15aa 732 6db 6da
    4 731 732 15aa 15a9 6fa 6da
    4 712 158a 15ab 733 6dc 6db
    4 732 733 15ab 15aa 6fb 6db
    4 713 158b 15ac 734 6dd 6dc
    4 733 734 15ac 15ab 6fc 6dc
    4 714 158c 15ad 735 6de 6dd
    4 734 735 15ad 15ac 6fd 6dd
    4 715 158d 15ae 736 6df 6de
    4 735 736 15ae 15ad 6fe 6de
    4 716 158e 15af 737 6e0 6df
    4 736 737 15af 15ae 6ff 6df
    4 737 738 15b0 15af 700 6e0
    4 719 1591 15b2 73a 6e2 6e1
    4 739 73a 15b2 15b1 701 6e1
    4 71a 1592 15b3 73b 6e3 6e2
    4 73a 73b 15b3 15b2 702 6e2
    4 71b 1593 15b4 73c 6e4 6e3
    4 73b 73c 15b4 15b3 703 6e3
    4 71c 1594 15b5 73d 6e5 6e4
    4 73c 73d 15b5 15b4 704 6e4
    4 71d 1595 15b6 73e 6e6 6e5
    4 73d 73e 15b6 15b5 705 6e5
    4 71e 1596 15b7 73f 6e7 6e6
    4 73e 73f 15b7 15b6 706 6e6
    4 71f 1597 15b8 740 6e8 6e7
    4 73f 740 15b8 15b7 707 6e7
    4 720 1598 15b9 741 6e9 6e8
    4 740 741 15b9 15b8 708 6e8
    4 721 1599 15ba 742 6ea 6e9
    4 741 742 15ba 15b9 709 6e9
    4 722 159a 15bb 743 6eb 6ea
    4 742 743 15bb 15ba 70a 6ea
    4 723 159b 15bc 744 6ec 6eb
    4 743 744 15bc 15bb 70b 6eb
    4 724 159c 15bd 745 6ed 6ec
    4 744 745 15bd 15bc 70c 6ec
    4 725 159d 15be 746 6ee 6ed
    4 745 746 15be 15bd 70d 6ed
    4 726 159e 15bf 747 6ef 6ee
    4 746 747 15bf 15be 70e 6ee
    4 727 159f 15c0 748 6f0 6ef
    4 747 748 15c0 15bf 70f 6ef
    4 728 15a0 15c1 749 6f1 6f0
    4 748 749 15c1 15c0 710 6f0
    4 729 15a1 15c2 74a 6f2 6f1
    4 749 74a 15c2 15c1 711 6f1
    4 72a 15a2 15c3 74b 6f3 6f2
    4 74a 74b 15c3 15c2 712 6f2
    4 72b 15a3 15c4 74c 6f4 6f3
    4 74b 74c 15c4 15c3 713 6f3
    4 72c 15a4 15c5 74d 6f5 6f4
    4 74c 74d 15c5 15c4 714 6f4
    4 72d 15a5 15c6 74e 6f6 6f5
    4 74d 74e 15c6 15c5 715 6f5
    4 72e 15a6 15c7 74f 6f7 6f6
    4 74e 74f 15c7 15c6 716 6f6
    4 72f 15a7 15c8 750 6f8 6f7
    4 74f 750 15c8 15c7 717 6f7
    4 730 15a8 15c9 751 6f9 6f8
    4 750 751 15c9 15c8 718 6f8
    4 731 15a9 15ca 752 6fa 6f9
    4 751 752 15ca 15c9 719 6f9
    4 732 15aa 15cb 753 6fb 6fa
    4 752 753 15cb 15ca 71a 6fa
    4 733 15ab 15cc 754 6fc 6fb
    4 753 754 15cc 15cb 71b 6fb
    4 734 15ac 15cd 755 6fd 6fc
    4 754 755 15cd 15cc 71c 6fc
    4 735 15ad 15ce 756 6fe 6fd
    4 755 756 15ce 15cd 71d 6fd
    4 736 15ae 15cf 757 6ff 6fe
    4 756 757 15cf 15ce 71e 6fe
    4 737 15af 15d0 758 700 6ff
    4 757 758 15d0 15cf 71f 6ff
    4 758 759 15d1 15d0 720 700
    4 73a 15b2 15d3 75b 702 701
    4 75a 75b 15d3 15d2 721 701
    4 73b 15b3 15d4 75c 703 702
    4 75b 75c 15d4 15d3 722 702
    4 73c 15b4 15d5 75d 704 703
    4 75c 75d 15d5 15d4 723 703
    4 73d 15b5 15d6 75e 705 704
    4 75d 75e 15d6 15d5 724 704
    4 73e 15b6 15d7 75f 706 705
    4 75e 75f 15d7 15d6 725 705
    4 73f 15b7 15d8 760 707 706
    4 75f 760 15d8 15d7 726 706
    4 740 15b8 15d9 761 708 707
    4 760 761 15d9 15d8 727 707
    4 741 15b9 15da 762 709 708
    4 761 762 15da 15d9 728 708
    4 742 15ba 15db 763 70a 709
    4 762 763 15db 15da 729 709
    4 743 15bb 15dc 764 70b 70a
    4 763 764 15dc 15db 72a 70a
    4 744 15bc 15dd 765 70c 70b
    4 764 765 15dd 15dc 72b 70b
    4 745 15bd 15de 766 70d 70c
    4 765 766 15de 15dd 72c 70c
    4 746 15be 15df 767 70e 70d
    4 766 767 15df 15de 72d 70d
    4 747 15bf 15e0 768 70f 70e
    4 767 768 15e0 15df 72e 70e
    4 748 15c0 15e1 769 710 70f
    4 768 769 15e1 15e0 72f 70f
    4 749 15c1 15e2 76a 711 710
    4 769 76a 15e2 15e1 730 710
    4 74a 15c2 15e3 76b 712 711
    4 76a 76b 15e3 15e2 731 711
    4 74b 15c3 15e4 76c 713 712
    4 76b 76c 15e4 15e3 732 712
    4 74c 15c4 15e5 76d 714 713
    4 76c 76d 15e5 15e4 733 713
    4 74d 15c5 15e6 76e 715 714
    4 76d 76e 15e6 15e5 734 714
    4 74e 15c6 15e7 76f 716 715
    4 76e 76f 15e7 15e6 735 715
    4 74f 15c7 15e8 770 717 716
    4 76f 770 15e8 15e7 736 716
    4 750 15c8 15e9 771 718 717
    4 770 771 15e9 15e8 737 717
    4 751 15c9 15ea 772 719 718
    4 771 772 15ea 15e9 738 718
    4 752 15ca 15eb 773 71a 719
    4 772 773 15eb 15ea 739 719
    4 753 15cb 15ec 774 71b 71a
    4 773 774 15ec 15eb 73a 71a
    4 754 15cc 15ed 775 71c 71b
    4 774 775 15ed 15ec 73b 71b
    4 755 15cd 15ee 776 71d 71c
    4 775 776 15ee 15ed 73c 71c
    4 756 15ce 15ef 777 71e 71d
    4 776 777 15ef 15ee 73d 71d
    4 757 15cf 15f0 778 71f 71e
    4 777 778 15f0 15ef 73e 71e
    4 758 15d0 15f1 779 720 71f
    4 778 779 15f1 15f0 73f 71f
    4 779 77a 15f2 15f1 740 720
    4 75b 15d3 15f4 77c 722 721
    4 77b 77c 15f4 15f3 741 721
    4 75c 15d4 15f5 77d 723 722
    4 77c 77d 15f5 15f4 742 722
    4 75d 15d5 15f6 77e 724 723
    4 77d 77e 15f6 15f5 743 723
    4 75e 15d6 15f7 77f 725 724
    4 77e 77f 15f7 15f6 744 724
    4 75f 15d7 15f8 780 726 725
    4 77f 780 15f8 15f7 745 725
    4 760 15d8 15f9 781 727 726
    4 780 781 15f9 15f8 746 726
    4 761 15d9 15fa 782 728 727
    4 781 782 15fa 15f9 747 727
    4 762 15da 15fb 783 729 728
    4 782 783 15fb 15fa 748 728
    4 763 15db 15fc 784 72a 729
    4 783 784 15fc 15fb 749 729
    4 764 15dc 15fd 785 72b 72a
    4 784 785 15fd 15fc 74a 72a
    4 765 15dd 15fe 786 72c 72b
    4 785 786 15fe 15fd 74b 72b
    4 766 15de 15ff 787 72d 72c
    4 786 787 15ff 15fe 74c 72c
    4 767 15df 1600 788 72e 72d
    4 787 788 1600 15ff 74d 72d
    4 768 15e0 1601 789 72f 72e
    4 788 789 1601 1600 74e 72e
    4 769 15e1 1602 78a 730 72f
    4 789 78a 1602 1601 74f 72f
    4 76a 15e2 1603 78b 731 730
    4 78a 78b 1603 1602 750 730
    4 76b 15e3 1604 78c 732 731
    4 78b 78c 1604 1603 751 731
    4 76c 15e4 1605 78d 733 732
    4 78c 78d 1605 1604 752 732
    4 76d 15e5 1606 78e 734 733
    4 78d 78e 1606 1605 753 733
    4 76e 15e6 1607 78f 735 734
    4 78e 78f 1607 1606 754 734
    4 76f 15e7 1608 790 736 735
    4 78f 790 1608 1607 755 735
    4 770 15e8 1609 791 737 736
    4 790 791 1609 1608 756 736
    4 771 15e9 160a 792 738 737
    4 791 792 160a 1609 757 737
    4 772 15ea 160b 793 739 738
    4 792 793 160b 160a 758 738
    4 773 15eb 160c 794 73a 739
    4 793 794 160c 160b 759 739
    4 774 15ec 160d 795 73b 73a
    4 794 795 160d 160c 75a 73a
    4 775 15ed 160e 796 73c 73b
    4 795 796 160e 160d 75b 73b
    4 776 15ee 160f 797 73d 73c
    4 796 797 160f 160e 75c 73c
    4 777 15ef 1610 798 73e 73d
    4 797 798 1610 160f 75d 73d
    4 778 15f0 1611 799 73f 73e
    4 798 799 1611 1610 75e 73e
    4 779 15f1 1612 79a 740 73f
    4 799 79a 1612 1611 75f 73f
    4 79a 79b 1613 1612 760 740
    4 77c 15f4 1615 79d 742 741
    4 79c 79d 1615 1614 761 741
    4 77d 15f5 1616 79e 743 742
    4 79d 79e 1616 1615 762 742
    4 77e 15f6 1617 79f 744 743
    4 79e 79f 1617 1616 763 743
    4 77f 15f7 1618 7a0 745 744
    4 79f 7a0 1618 1617 764 744
    4 780 15f8 1619 7a1 746 745
    4 7a0 7a1 1619 1618 765 745
    4 781 15f9 161a 7a2 747 746
    4 7a1 7a2 161a 1619 766 746
    4 782 15fa 161b 7a3 748 747
    4 7a2 7a3 161b 161a 767 747
    4 783 15fb 161c 7a4 749 748
    4 7a3 7a4 161c 161b 768 748
    4 784 15fc 161d 7a5 74a 749
    4 7a4 7a5 161d 161c 769 749
    4 785 15fd 161e 7a6 74b 74a
    4 7a5 7a6 161e 161d 76a 74a
    4 786 15fe 161f 7a7 74c 74b
    4 7a6 7a7 161f 161e 76b 74b
    4 787 15ff 1620 7a8 74d 74c
    4 7a7 7a8 1620 161f 76c 74c
    4 788 1600 1621 7a9 74e 74d
    4 7a8 7a9 1621 1620 76d 74d
    4 789 1601 1622 7aa 74f 74e
    4 7a9 7aa 1622 1621 76e 74e
    4 78a 1602 1623 7ab 750 74f
    4 7aa 7ab 1623 1622 76f 74f
    4 78b 1603 1624 7ac 751 750
    4 7ab 7ac 1624 1623 770 750
    4 78c 1604 1625 7ad 752 751
    4 7ac 7ad 1625 1624 771 751
    4 78d 1605 1626 7ae 753 752
    4 7ad 7ae 1626 1625 772 752
    4 78e 1606 1627 7af 754 753
    4 7ae 7af 1627 1626 773 753
    4 78f 1607 1628 7b0 755 754
    4 7af 7b0 1628 1627 774 754
    4 790 1608 1629 7b1 756 755
    4 7b0 7b1 1629 1628 775 755
    4 791 1609 162a 7b2 757 756
    4 7b1 7b2 162a 1629 776 756
    4 792 160a 162b 7b3 758 757
    4 7b2 7b3 162b 162a 777 757
    4 793 160b 162c 7b4 759 758
    4 7b3 7b4 162c 162b 778 758
    4 794 160c 162d 7b5 75a 759
    4 7b4 7b5 162d 162c 779 759
    4 795 160d 162e 7b6 75b 75a
    4 7b5 7b6 162e 162d 77a 75a
    4 796 160e 162f 7b7 75c 75b
    4 7b6 7b7 162f 162e 77b 75b
    4 797 160f 1630 7b8 75d 75c
    4 7b7 7b8 1630 162f 77c 75c
    4 798 1610 1631 7b9 75e 75d
    4 7b8 7b9 1631 1630 77d 75d
    4 799 1611 1632 7ba 75f 75e
    4 7b9 7ba 1632 1631 77e 75e
    4 79a 1612 1633 7bb 760 75f
    4 7ba 7bb 1633 1632 77f 75f
    4 7bb 7bc 1634 1633 780 760
    4 79d 1615 1636 7be 762 761
    4 7bd 7be 1636 1635 781 761
    4 79e 1616 1637 7bf 763 762
    4 7be 7bf 1637 1636 782 762
    4 79f 1617 1638 7c0 764 763
    4 7bf 7c0 1638 1637 783 763
    4 7a0 1618 1639 7c1 765 764
    4 7c0 7c1 1639 1638 784 764
    4 7a1 1619 163a 7c2 766 765
    4 7c1 7c2 163a 1639 785 765
    4 7a2 161a 163b 7c3 767 766
    4 7c2 7c3 163b 163a 786 766
    4 7a3 161b 163c 7c4 768 767
    4 7c3 7c4 163c 163b 787 767
    4 7a4 161c 163d 7c5 769 768
    4 7c4 7c5 163d 163c 788 768
    4 7a5 161d 163e 7c6 76a 769
    4 7c5 7c6 163e 163d 789 769
    4 7a6 161e 163f 7c7 76b 76a
    4 7c6 7c7 163f 163e 78a 76a
    4 7a7 161f 1640 7c8 76c 76b
    4 7c7 7c8 1640 163f 78b 76b
    4 7a8 1620 1641 7c9 76d 76c
    4 7c8 7c9 1641 1640 78c 76c
    4 7a9 1621 1642 7ca 76e 76d
    4 7c9 7ca 1642 1641 78d 76d
    4 7aa 1622 1643 7cb 76f 76e
    4 7ca 7cb 1643 1642 78e 76e
    4 7ab 1623 1644 7cc 770 76f
    4 7cb 7cc 1644 1643 78f 76f
    4 7ac 1624 1645 7cd 771 770
    4 7cc 7cd 1645 1644 790 770
    4 7ad 1625 1646 7ce 772 771
    4 7cd 7ce 1646 1645 791 771
    4 7ae 1626 1647 7cf 773 772
    4 7ce 7cf 1647 1646 792 772
    4 7af 1627 1648 7d0 774 773
    4 7cf 7d0 1648 1647 793 773
    4 7b0 1628 1649 7d1 775 774
    4 7d0 7d1 1649 1648 794 774
    4 7b1 1629 164a 7d2 776 775
    4 7d1 7d2 164a 1649 795 775
    4 7b2 162a 164b 7d3 777 776
    4 7d2 7d3 164b 164a 796 776
    4 7b3 162b 164c 7d4 778 777
    4 7d3 7d4 164c 164b 797 777
    4 7b4 162c 164d 7d5 779 778
    4 7d4 7d5 164d 164c 798 778
    4 7b5 162d 164e 7d6 77a 779
    4 7d5 7d6 164e 164d 799 779
    4 7b6 162e 164f 7d7 77b 77a
    4 7d6 7d7 164f 164e 79a 77a
    4 7b7 162f 1650 7d8 77c 77b
    4 7d7 7d8 1650 164f 79b 77b
    4 7b8 1630 1651 7d9 77d 77c
    4 7d8 7d9 1651 1650 79c 77c
    4 7b9 1631 1652 7da 77e 77d
    4 7d9 7da 1652 1651 79d 77d
    4 7ba 1632 1653 7db 77f 77e
    4 7da 7db 1653 1652 79e 77e
    4 7bb 1633 1654 7dc 780 77f
    4 7db 7dc 1654 1653 79f 77f
    4 7dc 7dd 1655 1654 7a0 780
    4 7be 1636 1657 7df 782 781
    4 7de 7df 1657 1656 7a1 781
    4 7bf 1637 1658 7e0 783 782
    4 7df 7e0 1658 1657 7a2 782
    4 7c0 1638 1659 7e1 784 783
    4 7e0 7e1 1659 1658 7a3 783
    4 7c1 1639 165a 7e2 785 784
    4 7e1 7e2 165a 1659 7a4 784
    4 7c2 163a 165b 7e3 786 785
    4 7e2 7e3 165b 165a 7a5 785
    4 7c3 163b 165c 7e4 787 786
    4 7e3 7e4 165c 165b 7a6 786
    4 7c4 163c 165d 7e5 788 787
    4 7e4 7e5 165d 165c 7a7 787
    4 7c5 163d 165e 7e6 789 788
    4 7e5 7e6 165e 165d 7a8 788
    4 7c6 163e 165f 7e7 78a 789
    4 7e6 7e7 165f 165e 7a9 789
    4 7c7 163f 1660 7e8 78b 78a
    4 7e7 7e8 1660 165f 7aa 78a
    4 7c8 1640 1661 7e9 78c 78b
    4 7e8 7e9 1661 1660 7ab 78b
    4 7c9 1641 1662 7ea 78d 78c
    4 7e9 7ea 1662 1661 7ac 78c
    4 7ca 1642 1663 7eb 78e 78d
    4 7ea 7eb 1663 1662 7ad 78d
    4 7cb 1643 1664 7ec 78f 78e
    4 7eb 7ec 1664 1663 7ae 78e
    4 7cc 1644 1665 7ed 790 78f
    4 7ec 7ed 1665 1664 7af 78f
    4 7cd 1645 1666 7ee 791 790
    4 7ed 7ee 1666 1665 7b0 790
    4 7ce 1646 1667 7ef 792 791
    4 7ee 7ef 1667 1666 7b1 791
    4 7cf 1647 1668 7f0 793 792
    4 7ef 7f0 1668 1667 7b2 792
    4 7d0 1648 1669 7f1 794 793
    4 7f0 7f1 1669 1668 7b3 793
    4 7d1 1649 166a 7f2 795 794
    4 7f1 7f2 166a 1669 7b4 794
    4 7d2 164a 166b 7f3 796 795
    4 7f2 7f3 166b 166a 7b5 795
    4 7d3 164b 166c 7f4 797 796
    4 7f3 7f4 166c 166b 7b6 796
    4 7d4 164c 166d 7f5 798 797
    4 7f4 7f5 166d 166c 7b7 797
    4 7d5 164d 166e 7f6 799 798
    4 7f5 7f6 166e 166d 7b8 798
    4 7d6 164e 166f 7f7 79a 799
    4 7f6 7f7 166f 166e 7b9 799
    4 7d7 164f 1670 7f8 79b 79a
    4 7f7 7f8 1670 166f 7ba 79a
    4 7d8 1650 1671 7f9 79c 79b
    4 7f8 7f9 1671 1670 7bb 79b
    4 7d9 1651 1672 7fa 79d 79c
    4 7f9 7fa 1672 1671 7bc 79c
    4 7da 1652 1673 7fb 79e 79d
    4 7fa 7fb 1673 1672 7bd 79d
    4 7db 1653 1674 7fc 79f 79e
    4 7fb 7fc 1674 1673 7be 79e
    4 7dc 1654 1675 7fd 7a0 79f
    4 7fc 7fd 1675 1674 7bf 79f
    4 7fd 7fe 1676 1675 7c0 7a0
    4 7df 1657 1678 800 7a2 7a1
    4 7ff 800 1678 1677 7c1 7a1
    4 7e0 1658 1679 801 7a3 7a2
    4 800 801 1679 1678 7c2 7a2
    4 7e1 1659 167a 802 7a4 7a3
    4 801 802 167a 1679 7c3 7a3
    4 7e2 165a 167b 803 7a5 7a4
    4 802 803 167b 167a 7c4 7a4
    4 7e3 165b 167c 804 7a6 7a5
    4 803 804 167c 167b 7c5 7a5
    4 7e4 165c 167d 805 7a7 7a6
    4 804 805 167d 167c 7c6 7a6
    4 7e5 165d 167e 806 7a8 7a7
    4 805 806 167e 167d 7c7 7a7
    4 7e6 165e 167f 807 7a9 7a8
    4 806 807 167f 167e 7c8 7a8
    4 7e7 165f 1680 808 7aa 7a9
    4 807 808 1680 167f 7c9 7a9
    4 7e8 1660 1681 809 7ab 7aa
    4 808 809 1681 1680 7ca 7aa
    4 7e9 1661 1682 80a 7ac 7ab
    4 809 80a 1682 1681 7cb 7ab
    4 7ea 1662 1683 80b 7ad 7ac
    4 80a 80b 1683 1682 7cc 7ac
    4 7eb 1663 1684 80c 7ae 7ad
    4 80b 80c 1684 1683 7cd 7ad
    4 7ec 1664 1685 80d 7af 7ae
    4 80c 80d 1685 1684 7ce 7ae
    4 7ed 1665 1686 80e 7b0 7af
    4 80d 80e 1686 1685 7cf 7af
    4 7ee 1666 1687 80f 7b1 7b0
    4 80e 80f 1687 1686 7d0 7b0
    4 7ef 1667 1688 810 7b2 7b1
    4 80f 810 1688 1687 7d1 7b1
    4 7f0 1668 1689 811 7b3 7b2
    4 810 811 1689 1688 7d2 7b2
    4 7f1 1669 168a 812 7b4 7b3
    4 811 812 168a 1689 7d3 7b3
    4 7f2 166a 168b 813 7b5 7b4
    4 812 813 168b 168a 7d4 7b4
    4 7f3 166b 168c 814 7b6 7b5
    4 813 814 168c 168b 7d5 7b5
    4 7f4 166c 168d 815 7b7 7b6
    4 814 815 168d 168c 7d6 7b6
    4 7f5 166d 168e 816 7b8 7b7
    4 815 816 168e 168d 7d7 7b7
    4 7f6 166e 168f 817 7b9 7b8
    4 816 817 168f 168e 7d8 7b8
    4 7f7 166f 1690 818 7ba 7b9
    4 817 818 1690 168f 7d9 7b9
    4 7f8 1670 1691 819 7bb 7ba
    4 818 819 1691 1690 7da 7ba
    4 7f9 1671 1692 81a 7bc 7bb
    4 819 81a 1692 1691 7db 7bb
    4 7fa 1672 1693 81b 7bd 7bc
    4 81a 81b 1693 1692 7dc 7bc
    4 7fb 1673 1694 81c 7be 7bd
    4 81b 81c 1694 1693 7dd 7bd
    4 7fc 1674 1695 81d 7bf 7be
    4 81c 81d 1695 1694 7de 7be
    4 7fd 1675 1696 81e 7c0 7bf
    4 81d 81e 1696 1695 7df 7bf
    4 81e 81f 1697 1696 7e0 7c0
    4 800 1678 1699 821 7c2 7c1
    4 820 821 1699 1698 7e1 7c1
    4 801 1679 169a 822 7c3 7c2
    4 821 822 169a 1699 7e2 7c2
    4 802 167a 169b 823 7c4 7c3
    4 822 823 169b 169a 7e3 7c3
    4 803 167b 169c 824 7c5 7c4
    4 823 824 169c 169b 7e4 7c4
    4 804 167c 169d 825 7c6 7c5
    4 824 825 169d 169c 7e5 7c5
    4 805 167d 169e 826 7c7 7c6
    4 825 826 169e 169d 7e6 7c6
    4 806 167e 169f 827 7c8 7c7
    4 826 827 169f 169e 7e7 7c7
    4 807 167f 16a0 828 7c9 7c8
    4 827 828 16a0 169f 7e8 7c8
    4 808 1680 16a1 829 7ca 7c9
    4 828 829 16a1 16a0 7e9 7c9
    4 809 1681 16a2 82a 7cb 7ca
    4 829 82a 16a2 16a1 7ea 7ca
    4 80a 1682 16a3 82b 7cc 7cb
    4 82a 82b 16a3 16a2 7eb 7cb
    4 80b 1683 16a4 82c 7cd 7cc
    4 82b 82c 16a4 16a3 7ec 7cc
    4 80c 1684 16a5 82d 7ce 7cd
    4 82c 82d 16a5 16a4 7ed 7cd
    4 80d 1685 16a6 82e 7cf 7ce
    4 82d 82e 16a6 16a5 7ee 7ce
    4 80e 1686 16a7 82f 7d0 7cf
    4 82e 82f 16a7 16a6 7ef 7cf
    4 80f 1687 16a8 830 7d1 7d0
    4 82f 830 16a8 16a7 7f0 7d0
    4 810 1688 16a9 831 7d2 7d1
    4 830 831 16a9 16a8 7f1 7d1
    4 811 1689 16aa 832 7d3 7d2
    4 831 832 16aa 16a9 7f2 7d2
    4 812 168a 16ab 833 7d4 7d3
    4 832 833 16ab 16aa 7f3 7d3
    4 813 168b 16ac 834 7d5 7d4
    4 833 834 16ac 16ab 7f4 7d4
    4 814 168c 16ad 835 7d6 7d5
    4 834 835 16ad 16ac 7f5 7d5
    4 815 168d 16ae 836 7d7 7d6
    4 835 836 16ae 16ad 7f6 7d6
    4 816 168e 16af 837 7d8 7d7
    4 836 837 16af 16ae 7f7 7d7
    4 817 168f 16b0 838 7d9 7d8
    4 837 838 16b0 16af 7f8 7d8
    4 818 1690 16b1 839 7da 7d9
    4 838 839 16b1 16b0 7f9 7d9
    4 819 1691 16b2 83a 7db 7da
    4 839 83a 16b2 16b1 7fa 7da
    4 81a 1692 16b3 83b 7dc 7db
    4 83a 83b 16b3 16b2 7fb 7db
    4 81b 1693 16b4 83c 7dd 7dc
    4 83b 83c 16b4 16b3 7fc 7dc
    4 81c 1694 16b5 83d 7de 7dd
    4 83c 83d 16b5 16b4 7fd 7dd
    4 81d 1695 16b6 83e 7df 7de
    4 83d 83e 16b6 16b5 7fe 7de
    4 81e 1696 16b7 83f 7e0 7df
    4 83e 83f 16b7 16b6 7ff 7df
    4 83f 840 16b8 16b7 800 7e0
    4 821 1699 16ba 842 7e2 7e1
    4 841 842 16ba 16b9 801 7e1
    4 822 169a 16bb 843 7e3 7e2
    4 842 843 16bb 16ba 802 7e2
    4 823 169b 16bc 844 7e4 7e3
    4 843 844 16bc 16bb 803 7e3
    4 824 169c 16bd 845 7e5 7e4
    4 844 845 16bd 16bc 804 7e4
    4 825 169d 16be 846 7e6 7e5
    4 845 846 16be 16bd 805 7e5
    4 826 169e 16bf 847 7e7 7e6
    4 846 847 16bf 16be 806 7e6
    4 827 169f 16c0 848 7e8 7e7
    4 847 848 16c0 16bf 807 7e7
    4 828 16a0 16c1 849 7e9 7e8
    4 848 849 16c1 16c0 808 7e8
    4 829 16a1 16c2 84a 7ea 7e9
    4 849 84a 16c2 16c1 809 7e9
    4 82a 16a2 16c3 84b 7eb 7ea
    4 84a 84b 16c3 16c2 80a 7ea
    4 82b 16a3 16c4 84c 7ec 7eb
    4 84b 84c 16c4 16c3 80b 7eb
    4 82c 16a4 16c5 84d 7ed 7ec
    4 84c 84d 16c5 16c4 80c 7ec
    4 82d 16a5 16c6 84e 7ee 7ed
    4 84d 84e 16c6 16c5 80d 7ed
    4 82e 16a6 16c7 84f 7ef 7ee
    4 84e 84f 16c7 16c6 80e 7ee
    4 82f 16a7 16c8 850 7f0 7ef
    4 84f 850 16c8 16c7 80f 7ef
    4 830 16a8 16c9 851 7f1 7f0
    4 850 851 16c9 16c8 810 7f0
    4 831 16a9 16ca 852 7f2 7f1
    4 851 852 16ca 16c9 811 7f1
    4 832 16aa 16cb 853 7f3 7f2
    4 852 853 16cb 16ca 812 7f2
    4 833 16ab 16cc 854 7f4 7f3
    4 853 854 16cc 16cb 813 7f3
    4 834 16ac 16cd 855 7f5 7f4
    4 854 855 16cd 16cc 814 7f4
    4 835 16ad 16ce 856 7f6 7f5
    4 855 856 16ce 16cd 815 7f5
    4 836 16ae 16cf 857 7f7 7f6
    4 856 857 16cf 16ce 816 7f6
    4 837 16af 16d0 858 7f8 7f7
    4 857 858 16d0 16cf 817 7f7
    4 838 16b0 16d1 859 7f9 7f8
    4 858 859 16d1 16d0 818 7f8
    4 839 16b1 16d2 85a 7fa 7f9
    4 859 85a 16d2 16d1 819 7f9
    4 83a 16b2 16d3 85b 7fb 7fa
    4 85a 85b 16d3 16d2 81a 7fa
    4 83b 16b3 16d4 85c 7fc 7fb
    4 85b 85c 16d4 16d3 81b 7fb
    4 83c 16b4 16d5 85d 7fd 7fc
    4 85c 85d 16d5 16d4 81c 7fc
    4 83d 16b5 16d6 85e 7fe 7fd
    4 85d 85e 16d6 16d5 81d 7fd
    4 83e 16b6 16d7 85f 7ff 7fe
    4 85e 85f 16d7 16d6 81e 7fe
    4 83f 16b7 16d8 860 800 7ff
    4 85f 860 16d8 16d7 81f 7ff
    4 860 861 16d9 16d8 820 800
    4 842 16ba 16db 863 802 801
    4 862 863 16db 16da 821 801
    4 843 16bb 16dc 864 803 802
    4 863 864 16dc 16db 822 802
    4 844 16bc 16dd 865 804 803
    4 864 865 16dd 16dc 823 803
    4 845 16bd 16de 866 805 804
    4 865 866 16de 16dd 824 804
    4 846 16be 16df 867 806 805
    4 866 867 16df 16de 825 805
    4 847 16bf 16e0 868 807 806
    4 867 868 16e0 16df 826 806
    4 848 16c0 16e1 869 808 807
    4 868 869 16e1 16e0 827 807
    4 849 16c1 16e2 86a 809 808
    4 869 86a 16e2 16e1 828 808
    4 84a 16c2 16e3 86b 80a 809
    4 86a 86b 16e3 16e2 829 809
    4 84b 16c3 16e4 86c 80b 80a
    4 86b 86c 16e4 16e3 82a 80a
    4 84c 16c4 16e5 86d 80c 80b
    4 86c 86d 16e5 16e4 82b 80b
    4 84d 16c5 16e6 86e 80d 80c
    4 86d 86e 16e6 16e5 82c 80c
    4 84e 16c6 16e7 86f 80e 80d
    4 86e 86f 16e7 16e6 82d 80d
    4 84f 16c7 16e8 870 80f 80e
    4 86f 870 16e8 16e7 82e 80e
    4 850 16c8 16e9 871 810 80f
    4 870 871 16e9 16e8 82f 80f
    4 851 16c9 16ea 872 811 810
    4 871 872 16ea 16e9 830 810
    4 852 16ca 16eb 873 812 811
    4 872 873 16eb 16ea 831 811
    4 853 16cb 16ec 874 813 812
    4 873 874 16ec 16eb 832 812
    4 854 16cc 16ed 875 814 813
    4 874 875 16ed 16ec 833 813
    4 855 16cd 16ee 876 815 814
    4 875 876 16ee 16ed 834 814
    4 856 16ce 16ef 877 816 815
    4 876 877 16ef 16ee 835 815
    4 857 16cf 16f0 878 817 816
    4 877 878 16f0 16ef 836 816
    4 858 16d0 16f1 879 818 817
    4 878 879 16f1 16f0 837 817
    4 859 16d1 16f2 87a 819 818
    4 879 87a 16f2 16f1 838 818
    4 85a 16d2 16f3 87b 81a 819
    4 87a 87b 16f3 16f2 839 819
    4 85b 16d3 16f4 87c 81b 81a
    4 87b 87c 16f4 16f3 83a 81a
    4 85c 16d4 16f5 87d 81c 81b
    4 87c 87d 16f5 16f4 83b 81b
    4 85d 16d5 16f6 87e 81d 81c
    4 87d 87e 16f6 16f5 83c 81c
    4 85e 16d6 16f7 87f 81e 81d
    4 87e 87f 16f7 16f6 83d 81d
    4 85f 16d7 16f8 880 81f 81e
    4 87f 880 16f8 16f7 83e 81e
    4 860 16d8 16f9 881 820 81f
    4 880 881 16f9 16f8 83f 81f
    4 881 882 16fa 16f9 840 820
    4 863 16db 16fc 884 822 821
    4 883 884 16fc 16fb 841 821
    4 864 16dc 16fd 885 823 822
    4 884 885 16fd 16fc 842 822
    4 865 16dd 16fe 886 824 823
    4 885 886 16fe 16fd 843 823
    4 866 16de 16ff 887 825 824
    4 886 887 16ff 16fe 844 824
    4 867 16df 1700 888 826 825
    4 887 888 1700 16ff 845 825
    4 868 16e0 1701 889 827 826
    4 888 889 1701 1700 846 826
    4 869 16e1 1702 88a 828 827
    4 889 88a 1702 1701 847 827
    4 86a 16e2 1703 88b 829 828
    4 88a 88b 1703 1702 848 828
    4 86b 16e3 1704 88c 82a 829
    4 88b 88c 1704 1703 849 829
    4 86c 16e4 1705 88d 82b 82a
    4 88c 88d 1705 1704 84a 82a
    4 86d 16e5 1706 88e 82c 82b
    4 88d 88e 1706 1705 84b 82b
    4 86e 16e6 1707 88f 82d 82c
    4 88e 88f 1707 1706 84c 82c
    4 86f 16e7 1708 890 82e 82d
    4 88f 890 1708 1707 84d 82d
    4 870 16e8 1709 891 82f 82e
    4 890 891 1709 1708 84e 82e
    4 871 16e9 170a 892 830 82f
    4 891 892 170a 1709 84f 82f
    4 872 16ea 170b 893 831 830
    4 892 893 170b 170a 850 830
    4 873 16eb 170c 894 832 831
    4 893 894 170c 170b 851 831
    4 874 16ec 170d 895 833 832
    4 894 895 170d 170c 852 832
    4 875 16ed 170e 896 834 833
    4 895 896 170e 170d 853 833
    4 876 16ee 170f 897 835 834
    4 896 897 170f 170e 854 834
    4 877 16ef 1710 898 836 835
    4 897 898 1710 170f 855 835
    4 878 16f0 1711 899 837 836
    4 898 899 1711 1710 856 836
    4 879 16f1 1712 89a 838 837
    4 899 89a 1712 1711 857 837
    4 87a 16f2 1713 89b 839 838
    4 89a 89b 1713 1712 858 838
    4 87b 16f3 1714 89c 83a 839
    4 89b 89c 1714 1713 859 839
    4 87c 16f4 1715 89d 83b 83a
    4 89c 89d 1715 1714 85a 83a
    4 87d 16f5 1716 89e 83c 83b
    4 89d 89e 1716 1715 85b 83b
    4 87e 16f6 1717 89f 83d 83c
    4 89e 89f 1717 1716 85c 83c
    4 87f 16f7 1718 8a0 83e 83d
    4 89f 8a0 1718 1717 85d 83d
    4 880 16f8 1719 8a1 83f 83e
    4 8a0 8a1 1719 1718 85e 83e
    4 881 16f9 171a 8a2 840 83f
    4 8a1 8a2 171a 1719 85f 83f
    4 8a2 8a3 171b 171a 860 840
    4 884 16fc 171d 8a5 842 841
    4 8a4 8a5 171d 171c 861 841
    4 885 16fd 171e 8a6 843 842
    4 8a5 8a6 171e 171d 862 842
    4 886 16fe 171f 8a7 844 843
    4 8a6 8a7 171f 171e 863 843
    4 887 16ff 1720 8a8 845 844
    4 8a7 8a8 1720 171f 864 844
    4 888 1700 1721 8a9 846 845
    4 8a8 8a9 1721 1720 865 845
    4 889 1701 1722 8aa 847 846
    4 8a9 8aa 1722 1721 866 846
    4 88a 1702 1723 8ab 848 847
    4 8aa 8ab 1723 1722 867 847
    4 88b 1703 1724 8ac 849 848
    4 8ab 8ac 1724 1723 868 848
    4 88c 1704 1725 8ad 84a 849
    4 8ac 8ad 1725 1724 869 849
    4 88d 1705 1726 8ae 84b 84a
    4 8ad 8ae 1726 1725 86a 84a
    4 88e 1706 1727 8af 84c 84b
    4 8ae 8af 1727 1726 86b 84b
    4 88f 1707 1728 8b0 84d 84c
    4 8af 8b0 1728 1727 86c 84c
    4 890 1708 1729 8b1 84e 84d
    4 8b0 8b1 1729 1728 86d 84d
    4 891 1709 172a 8b2 84f 84e
    4 8b1 8b2 172a 1729 86e 84e
    4 892 170a 172b 8b3 850 84f
    4 8b2 8b3 172b 172a 86f 84f
    4 893 170b 172c 8b4 851 850
    4 8b3 8b4 172c 172b 870 850
    4 894 170c 172d 8b5 852 851
    4 8b4 8b5 172d 172c 871 851
    4 895 170d 172e 8b6 853 852
    4 8b5 8b6 172e 172d 872 852
    4 896 170e 172f 8b7 854 853
    4 8b6 8b7 172f 172e 873 853
    4 897 170f 1730 8b8 855 854
    4 8b7 8b8 1730 172f 874 854
    4 898 1710 1731 8b9 856 855
    4 8b8 8b9 1731 1730 875 855
    4 899 1711 1732 8ba 857 856
    4 8b9 8ba 1732 1731 876 856
    4 89a 1712 1733 8bb 858 857
    4 8ba 8bb 1733 1732 877 857
    4 89b 1713 1734 8bc 859 858
    4 8bb 8bc 1734 1733 878 858
    4 89c 1714 1735 8bd 85a 859
    4 8bc 8bd 1735 1734 879 859
    4 89d 1715 1736 8be 85b 85a
    4 8bd 8be 1736 1735 87a 85a
    4 89e 1716 1737 8bf 85c 85b
    4 8be 8bf 1737 1736 87b 85b
    4 89f 1717 1738 8c0 85d 85c
    4 8bf 8c0 1738 1737 87c 85c
    4 8a0 1718 1739 8c1 85e 85d
    4 8c0 8c1 1739 1738 87d 85d
    4 8a1 1719 173a 8c2 85f 85e
    4 8c1 8c2 173a 1739 87e 85e
    4 8a2 171a 173b 8c3 860 85f
    4 8c2 8c3 173b 173a 87f 85f
    4 8c3 8c4 173c 173b 880 860
    4 8a5 171d 173e 8c6 862 861
    4 8c5 8c6 173e 173d 881 861
    4 8a6 171e 173f 8c7 863 862
    4 8c6 8c7 173f 173e 882 862
    4 8a7 171f 1740 8c8 864 863
    4 8c7 8c8 1740 173f 883 863
    4 8a8 1720 1741 8c9 865 864
    4 8c8 8c9 1741 1740 884 864
    4 8a9 1721 1742 8ca 866 865
    4 8c9 8ca 1742 1741 885 865
    4 8aa 1722 1743 8cb 867 866
    4 8ca 8cb 1743 1742 886 866
    4 8ab 1723 1744 8cc 868 867
    4 8cb 8cc 1744 1743 887 867
    4 8ac 1724 1745 8cd 869 868
    4 8cc 8cd 1745 1744 888 868
    4 8ad 1725 1746 8ce 86a 869
    4 8cd 8ce 1746 1745 889 869
    4 8ae 1726 1747 8cf 86b 86a
    4 8ce 8cf 1747 1746 88a 86a
    4 8af 1727 1748 8d0 86c 86b
    4 8cf 8d0 1748 1747 88b 86b
    4 8b0 1728 1749 8d1 86d 86c
    4 8d0 8d1 1749 1748 88c 86c
    4 8b1 1729 174a 8d2 86e 86d
    4 8d1 8d2 174a 1749 88d 86d
    4 8b2 172a 174b 8d3 86f 86e
    4 8d2 8d3 174b 174a 88e 86e
    4 8b3 172b 174c 8d4 870 86f
    4 8d3 8d4 174c 174b 88f 86f
    4 8b4 172c 174d 8d5 871 870
    4 8d4 8d5 174d 174c 890 870
    4 8b5 172d 174e 8d6 872 871
    4 8d5 8d6 174e 174d 891 871
    4 8b6 172e 174f 8d7 873 872
    4 8d6 8d7 174f 174e 892 872
    4 8b7 172f 1750 8d8 874 873
    4 8d7 8d8 1750 174f 893 873
    4 8b8 1730 1751 8d9 875 874
    4 8d8 8d9 1751 1750 894 874
    4 8b9 1731 1752 8da 876 875
    4 8d9 8da 1752 1751 895 875
    4 8ba 1732 1753 8db 877 876
    4 8da 8db 1753 1752 896 876
    4 8bb 1733 1754 8dc 878 877
    4 8db 8dc 1754 1753 897 877
    4 8bc 1734 1755 8dd 879 878
    4 8dc 8dd 1755 1754 898 878
    4 8bd 1735 1756 8de 87a 879
    4 8dd 8de 1756 1755 899 879
    4 8be 1736 1757 8df 87b 87a
    4 8de 8df 1757 1756 89a 87a
    4 8bf 1737 1758 8e0 87c 87b
    4 8df 8e0 1758 1757 89b 87b
    4 8c0 1738 1759 8e1 87d 87c
    4 8e0 8e1 1759 1758 89c 87c
    4 8c1 1739 175a 8e2 87e 87d
    4 8e1 8e2 175a 1759 89d 87d
    4 8c2 173a 175b 8e3 87f 87e
    4 8e2 8e3 175b 175a 89e 87e
    4 8c3 173b 175c 8e4 880 87f
    4 8e3 8e4 175c 175b 89f 87f
    4 8e4 8e5 175d 175c 8a0 880
    4 8c6 173e 175f 8e7 882 881
    4 8e6 8e7 175f 175e 8a1 881
    4 8c7 173f 1760 8e8 883 882
    4 8e7 8e8 1760 175f 8a2 882
    4 8c8 1740 1761 8e9 884 883
    4 8e8 8e9 1761 1760 8a3 883
    4 8c9 1741 1762 8ea 885 884
    4 8e9 8ea 1762 1761 8a4 884
    4 8ca 1742 1763 8eb 886 885
    4 8ea 8eb 1763 1762 8a5 885
    4 8cb 1743 1764 8ec 887 886
    4 8eb 8ec 1764 1763 8a6 886
    4 8cc 1744 1765 8ed 888 887
    4 8ec 8ed 1765 1764 8a7 887
    4 8cd 1745 1766 8ee 889 888
    4 8ed 8ee 1766 1765 8a8 888
    4 8ce 1746 1767 8ef 88a 889
    4 8ee 8ef 1767 1766 8a9 889
    4 8cf 1747 1768 8f0 88b 88a
    4 8ef 8f0 1768 1767 8aa 88a
    4 8d0 1748 1769 8f1 88c 88b
    4 8f0 8f1 1769 1768 8ab 88b
    4 8d1 1749 176a 8f2 88d 88c
    4 8f1 8f2 176a 1769 8ac 88c
    4 8d2 174a 176b 8f3 88e 88d
    4 8f2 8f3 176b 176a 8ad 88d
    4 8d3 174b 176c 8f4 88f 88e
    4 8f3 8f4 176c 176b 8ae 88e
    4 8d4 174c 176d 8f5 890 88f
    4 8f4 8f5 176d 176c 8af 88f
    4 8d5 174d 176e 8f6 891 890
    4 8f5 8f6 176e 176d 8b0 890
    4 8d6 174e 176f 8f7 892 891
    4 8f6 8f7 176f 176e 8b1 891
    4 8d7 174f 1770 8f8 893 892
    4 8f7 8f8 1770 176f 8b2 892
    4 8d8 1750 1771 8f9 894 893
    4 8f8 8f9 1771 1770 8b3 893
    4 8d9 1751 1772 8fa 895 894
    4 8f9 8fa 1772 1771 8b4 894
    4 8da 1752 1773 8fb 896 895
    4 8fa 8fb 1773 1772 8b5 895
    4 8db 1753 1774 8fc 897 896
    4 8fb 8fc 1774 1773 8b6 896
    4 8dc 1754 1775 8fd 898 897
    4 8fc 8fd 1775 1774 8b7 897
    4 8dd 1755 1776 8fe 899 898
    4 8fd 8fe 1776 1775 8b8 898
    4 8de 1756 1777 8ff 89a 899
    4 8fe 8ff 1777 1776 8b9 899
    4 8df 1757 1778 900 89b 89a
    4 8ff 900 1778 1777 8ba 89a
    4 8e0 1758 1779 901 89c 89b
    4 900 901 1779 1778 8bb 89b
    4 8e1 1759 177a 902 89d 89c
    4 901 902 177a 1779 8bc 89c
    4 8e2 175a 177b 903 89e 89d
    4 902 903 177b 177a 8bd 89d
    4 8e3 175b 177c 904 89f 89e
    4 903 904 177c 177b 8be 89e
    4 8e4 175c 177d 905 8a0 89f
    4 904 905 177d 177c 8bf 89f
    4 905 906 177e 177d 8c0 8a0
    4 8e7 175f 1780 908 8a2 8a1
    4 907 908 1780 177f 8c1 8a1
    4 8e8 1760 1781 909 8a3 8a2
    4 908 909 1781 1780 8c2 8a2
    4 8e9 1761 1782 90a 8a4 8a3
    4 909 90a 1782 1781 8c3 8a3
    4 8ea 1762 1783 90b 8a5 8a4
    4 90a 90b 1783 1782 8c4 8a4
    4 8eb 1763 1784 90c 8a6 8a5
    4 90b 90c 1784 1783 8c5 8a5
    4 8ec 1764 1785 90d 8a7 8a6
    4 90c 90d 1785 1784 8c6 8a6
    4 8ed 1765 1786 90e 8a8 8a7
    4 90d 90e 1786 1785 8c7 8a7
    4 8ee 1766 1787 90f 8a9 8a8
    4 90e 90f 1787 1786 8c8 8a8
    4 8ef 1767 1788 910 8aa 8a9
    4 90f 910 1788 1787 8c9 8a9
    4 8f0 1768 1789 911 8ab 8aa
    4 910 911 1789 1788 8ca 8aa
    4 8f1 1769 178a 912 8ac 8ab
    4 911 912 178a 1789 8cb 8ab
    4 8f2 176a 178b 913 8ad 8ac
    4 912 913 178b 178a 8cc 8ac
    4 8f3 176b 178c 914 8ae 8ad
    4 913 914 178c 178b 8cd 8ad
    4 8f4 176c 178d 915 8af 8ae
    4 914 915 178d 178c 8ce 8ae
    4 8f5 176d 178e 916 8b0 8af
    4 915 916 178e 178d 8cf 8af
    4 8f6 176e 178f 917 8b1 8b0
    4 916 917 178f 178e 8d0 8b0
    4 8f7 176f 1790 918 8b2 8b1
    4 917 918 1790 178f 8d1 8b1
    4 8f8 1770 1791 919 8b3 8b2
    4 918 919 1791 1790 8d2 8b2
    4 8f9 1771 1792 91a 8b4 8b3
    4 919 91a 1792 1791 8d3 8b3
    4 8fa 1772 1793 91b 8b5 8b4
    4 91a 91b 1793 1792 8d4 8b4
    4 8fb 1773 1794 91c 8b6 8b5
    4 91b 91c 1794 1793 8d5 8b5
    4 8fc 1774 1795 91d 8b7 8b6
    4 91c 91d 1795 1794 8d6 8b6
    4 8fd 1775 1796 91e 8b8 8b7
    4 91d 91e 1796 1795 8d7 8b7
    4 8fe 1776 1797 91f 8b9 8b8
    4 91e 91f 1797 1796 8d8 8b8
    4 8ff 1777 1798 920 8ba 8b9
    4 91f 920 1798 1797 8d9 8b9
    4 900 1778 1799 921 8bb 8ba
    4 920 921 1799 1798 8da 8ba
    4 901 1779 179a 922 8bc 8bb
    4 921 922 179a 1799 8db 8bb
    4 902 177a 179b 923 8bd 8bc
    4 922 923 179b 179a 8dc 8bc
    4 903 177b 179c 924 8be 8bd
    4 923 924 179c 179b 8dd 8bd
    4 904 177c 179d 925 8bf 8be
    4 924 925 179d 179c 8de 8be
    4 905 177d 179e 926 8c0 8bf
    4 925 926 179e 179d 8df 8bf
    4 926 927 179f 179e 8e0 8c0
    4 908 1780 17a1 929 8c2 8c1
    4 928 929 17a1 17a0 8e1 8c1
    4 909 1781 17a2 92a 8c3 8c2
    4 929 92a 17a2 17a1 8e2 8c2
    4 90a 1782 17a3 92b 8c4 8c3
    4 92a 92b 17a3 17a2 8e3 8c3
    4 90b 1783 17a4 92c 8c5 8c4
    4 92b 92c 17a4 17a3 8e4 8c4
    4 90c 1784 17a5 92d 8c6 8c5
    4 92c 92d 17a5 17a4 8e5 8c5
    4 90d 1785 17a6 92e 8c7 8c6
    4 92d 92e 17a6 17a5 8e6 8c6
    4 90e 1786 17a7 92f 8c8 8c7
    4 92e 92f 17a7 17a6 8e7 8c7
    4 90f 1787 17a8 930 8c9 8c8
    4 92f 930 17a8 17a7 8e8 8c8
    4 910 1788 17a9 931 8ca 8c9
    4 930 931 17a9 17a8 8e9 8c9
    4 911 1789 17aa 932 8cb 8ca
    4 931 932 17aa 17a9 8ea 8ca
    4 912 178a 17ab 933 8cc 8cb
    4 932 933 17ab 17aa 8eb 8cb
    4 913 178b 17ac 934 8cd 8cc
    4 933 934 17ac 17ab 8ec 8cc
    4 914 178c 17ad 935 8ce 8cd
    4 934 935 17ad 17ac 8ed 8cd
    4 915 178d 17ae 936 8cf 8ce
    4 935 936 17ae 17ad 8ee 8ce
    4 916 178e 17af 937 8d0 8cf
    4 936 937 17af 17ae 8ef 8cf
    4 917 178f 17b0 938 8d1 8d0
    4 937 938 17b0 17af 8f0 8d0
    4 918 1790 17b1 939 8d2 8d1
    4 938 939 17b1 17b0 8f1 8d1
    4 919 1791 17b2 93a 8d3 8d2
    4 939 93a 17b2 17b1 8f2 8d2
    4 91a 1792 17b3 93b 8d4 8d3
    4 93a 93b 17b3 17b2 8f3 8d3
    4 91b 1793 17b4 93c 8d5 8d4
    4 93b 93c 17b4 17b3 8f4 8d4
    4 91c 1794 17b5 93d 8d6 8d5
    4 93c 93d 17b5 17b4 8f5 8d5
    4 91d 1795 17b6 93e 8d7 8d6
    4 93d 93e 17b6 17b5 8f6 8d6
    4 91e 1796 17b7 93f 8d8 8d7
    4 93e 93f 17b7 17b6 8f7 8d7
    4 91f 1797 17b8 940 8d9 8d8
    4 93f 940 17b8 17b7 8f8 8d8
    4 920 1798 17b9 941 8da 8d9
    4 940 941 17b9 17b8 8f9 8d9
    4 921 1799 17ba 942 8db 8da
    4 941 942 17ba 17b9 8fa 8da
    4 922 179a 17bb 943 8dc 8db
    4 942 943 17bb 17ba 8fb 8db
    4 923 179b 17bc 944 8dd 8dc
    4 943 944 17bc 17bb 8fc 8dc
    4 924 179c 17bd 945 8de 8dd
    4 944 945 17bd 17bc 8fd 8dd
    4 925 179d 17be 946 8df 8de
    4 945 946 17be 17bd 8fe 8de
    4 926 179e 17bf 947 8e0 8df
    4 946 947 17bf 17be 8ff 8df
    4 947 948 17c0 17bf 900 8e0
    4 929 17a1 17c2 94a 8e2 8e1
    4 949 94a 17c2 17c1 901 8e1
    4 92a 17a2 17c3 94b 8e3 8e2
    4 94a 94b 17c3 17c2 902 8e2
    4 92b 17a3 17c4 94c 8e4 8e3
    4 94b 94c 17c4 17c3 903 8e3
    4 92c 17a4 17c5 94d 8e5 8e4
    4 94c 94d 17c5 17c4 904 8e4
    4 92d 17a5 17c6 94e 8e6 8e5
    4 94d 94e 17c6 17c5 905 8e5
    4 92e 17a6 17c7 94f 8e7 8e6
    4 94e 94f 17c7 17c6 906 8e6
    4 92f 17a7 17c8 950 8e8 8e7
    4 94f 950 17c8 17c7 907 8e7
    4 930 17a8 17c9 951 8e9 8e8
    4 950 951 17c9 17c8 908 8e8
    4 931 17a9 17ca 952 8ea 8e9
    4 951 952 17ca 17c9 909 8e9
    4 932 17aa 17cb 953 8eb 8ea
    4 952 953 17cb 17ca 90a 8ea
    4 933 17ab 17cc 954 8ec 8eb
    4 953 954 17cc 17cb 90b 8eb
    4 934 17ac 17cd 955 8ed 8ec
    4 954 955 17cd 17cc 90c 8ec
    4 935 17ad 17ce 956 8ee 8ed
    4 955 956 17ce 17cd 90d 8ed
    4 936 17ae 17cf 957 8ef 8ee
    4 956 957 17cf 17ce 90e 8ee
    4 937 17af 17d0 958 8f0 8ef
    4 957 958 17d0 17cf 90f 8ef
    4 938 17b0 17d1 959 8f1 8f0
    4 958 959 17d1 17d0 910 8f0
    4 939 17b1 17d2 95a 8f2 8f1
    4 959 95a 17d2 17d1 911 8f1
    4 93a 17b2 17d3 95b 8f3 8f2
    4 95a 95b 17d3 17d2 912 8f2
    4 93b 17b3 17d4 95c 8f4 8f3
    4 95b 95c 17d4 17d3 913 8f3
    4 93c 17b4 17d5 95d 8f5 8f4
    4 95c 95d 17d5 17d4 914 8f4
    4 93d 17b5 17d6 95e 8f6 8f5
    4 95d 95e 17d6 17d5 915 8f5
    4 93e 17b6 17d7 95f 8f7 8f6
    4 95e 95f 17d7 17d6 916 8f6
    4 93f 17b7 17d8 960 8f8 8f7
    4 95f 960 17d8 17d7 917 8f7
    4 940 17b8 17d9 961 8f9 8f8
    4 960 961 17d9 17d8 918 8f8
    4 941 17b9 17da 962 8fa 8f9
    4 961 962 17da 17d9 919 8f9
    4 942 17ba 17db 963 8fb 8fa
    4 962 963 17db 17da 91a 8fa
    4 943 17bb 17dc 964 8fc 8fb
    4 963 964 17dc 17db 91b 8fb
    4 944 17bc 17dd 965 8fd 8fc
    4 964 965 17dd 17dc 91c 8fc
    4 945 17bd 17de 966 8fe 8fd
    4 965 966 17de 17dd 91d 8fd
    4 946 17be 17df 967 8ff 8fe
    4 966 967 17df 17de 91e 8fe
    4 947 17bf 17e0 968 900 8ff
    4 967 968 17e0 17df 91f 8ff
    4 968 969 17e1 17e0 920 900
    4 94a 17c2 17e3 96b 902 901
    4 96a 96b 17e3 17e2 921 901
    4 94b 17c3 17e4 96c 903 902
    4 96b 96c 17e4 17e3 922 902
    4 94c 17c4 17e5 96d 904 903
    4 96c 96d 17e5 17e4 923 903
    4 94d 17c5 17e6 96e 905 904
    4 96d 96e 17e6 17e5 924 904
    4 94e 17c6 17e7 96f 906 905
    4 96e 96f 17e7 17e6 925 905
    4 94f 17c7 17e8 970 907 906
    4 96f 970 17e8 17e7 926 906
    4 950 17c8 17e9 971 908 907
    4 970 971 17e9 17e8 927 907
    4 951 17c9 17ea 972 909 908
    4 971 972 17ea 17e9 928 908
    4 952 17ca 17eb 973 90a 909
    4 972 973 17eb 17ea 929 909
    4 953 17cb 17ec 974 90b 90a
    4 973 974 17ec 17eb 92a 90a
    4 954 17cc 17ed 975 90c 90b
    4 974 975 17ed 17ec 92b 90b
    4 955 17cd 17ee 976 90d 90c
    4 975 976 17ee 17ed 92c 90c
    4 956 17ce 17ef 977 90e 90d
    4 976 977 17ef 17ee 92d 90d
    4 957 17cf 17f0 978 90f 90e
    4 977 978 17f0 17ef 92e 90e
    4 958 17d0 17f1 979 910 90f
    4 978 979 17f1 17f0 92f 90f
    4 959 17d1 17f2 97a 911 910
    4 979 97a 17f2 17f1 930 910
    4 95a 17d2 17f3 97b 912 911
    4 97a 97b 17f3 17f2 931 911
    4 95b 17d3 17f4 97c 913 912
    4 97b 97c 17f4 17f3 932 912
    4 95c 17d4 17f5 97d 914 913
    4 97c 97d 17f5 17f4 933 913
    4 95d 17d5 17f6 97e 915 914
    4 97d 97e 17f6 17f5 934 914
    4 95e 17d6 17f7 97f 916 915
    4 97e 97f 17f7 17f6 935 915
    4 95f 17d7 17f8 980 917 916
    4 97f 980 17f8 17f7 936 916
    4 960 17d8 17f9 981 918 917
    4 980 981 17f9 17f8 937 917
    4 961 17d9 17fa 982 919 918
    4 981 982 17fa 17f9 938 918
    4 962 17da 17fb 983 91a 919
    4 982 983 17fb 17fa 939 919
    4 963 17db 17fc 984 91b 91a
    4 983 984 17fc 17fb 93a 91a
    4 964 17dc 17fd 985 91c 91b
    4 984 985 17fd 17fc 93b 91b
    4 965 17dd 17fe 986 91d 91c
    4 985 986 17fe 17fd 93c 91c
    4 966 17de 17ff 987 91e 91d
    4 986 987 17ff 17fe 93d 91d
    4 967 17df 1800 988 91f 91e
    4 987 988 1800 17ff 93e 91e
    4 968 17e0 1801 989 920 91f
    4 988 989 1801 1800 93f 91f
    4 989 98a 1802 1801 940 920
    4 96b 17e3 1804 98c 922 921
    4 98b 98c 1804 1803 941 921
    4 96c 17e4 1805 98d 923 922
    4 98c 98d 1805 1804 942 922
    4 96d 17e5 1806 98e 924 923
    4 98d 98e 1806 1805 943 923
    4 96e 17e6 1807 98f 925 924
    4 98e 98f 1807 1806 944 924
    4 96f 17e7 1808 990 926 925
    4 98f 990 1808 1807 945 925
    4 970 17e8 1809 991 927 926
    4 990 991 1809 1808 946 926
    4 971 17e9 180a 992 928 927
    4 991 992 180a 1809 947 927
    4 972 17ea 180b 993 929 928
    4 992 993 180b 180a 948 928
    4 973 17eb 180c 994 92a 929
    4 993 994 180c 180b 949 929
    4 974 17ec 180d 995 92b 92a
    4 994 995 180d 180c 94a 92a
    4 975 17ed 180e 996 92c 92b
    4 995 996 180e 180d 94b 92b
    4 976 17ee 180f 997 92d 92c
    4 996 997 180f 180e 94c 92c
    4 977 17ef 1810 998 92e 92d
    4 997 998 1810 180f 94d 92d
    4 978 17f0 1811 999 92f 92e
    4 998 999 1811 1810 94e 92e
    4 979 17f1 1812 99a 930 92f
    4 999 99a 1812 1811 94f 92f
    4 97a 17f2 1813 99b 931 930
    4 99a 99b 1813 1812 950 930
    4 97b 17f3 1814 99c 932 931
    4 99b 99c 1814 1813 951 931
    4 97c 17f4 1815 99d 933 932
    4 99c 99d 1815 1814 952 932
    4 97d 17f5 1816 99e 934 933
    4 99d 99e 1816 1815 953 933
    4 97e 17f6 1817 99f 935 934
    4 99e 99f 1817 1816 954 934
    4 97f 17f7 1818 9a0 936 935
    4 99f 9a0 1818 1817 955 935
    4 980 17f8 1819 9a1 937 936
    4 9a0 9a1 1819 1818 956 936
    4 981 17f9 181a 9a2 938 937
    4 9a1 9a2 181a 1819 957 937
    4 982 17fa 181b 9a3 939 938
    4 9a2 9a3 181b 181a 958 938
    4 983 17fb 181c 9a4 93a 939
    4 9a3 9a4 181c 181b 959 939
    4 984 17fc 181d 9a5 93b 93a
    4 9a4 9a5 181d 181c 95a 93a
    4 985 17fd 181e 9a6 93c 93b
    4 9a5 9a6 181e 181d 95b 93b
    4 986 17fe 181f 9a7 93d 93c
    4 9a6 9a7 181f 181e 95c 93c
    4 987 17ff 1820 9a8 93e 93d
    4 9a7 9a8 1820 181f 95d 93d
    4 988 1800 1821 9a9 93f 93e
    4 9a8 9a9 1821 1820 95e 93e
    4 989 1801 1822 9aa 940 93f
    4 9a9 9aa 1822 1821 95f 93f
    4 9aa 9ab 1823 1822 960 940
    4 98c 1804 1825 9ad 942 941
    4 9ac 9ad 1825 1824 961 941
    4 98d 1805 1826 9ae 943 942
    4 9ad 9ae 1826 1825 962 942
    4 98e 1806 1827 9af 944 943
    4 9ae 9af 1827 1826 963 943
    4 98f 1807 1828 9b0 945 944
    4 9af 9b0 1828 1827 964 944
    4 990 1808 1829 9b1 946 945
    4 9b0 9b1 1829 1828 965 945
    4 991 1809 182a 9b2 947 946
    4 9b1 9b2 182a 1829 966 946
    4 992 180a 182b 9b3 948 947
    4 9b2 9b3 182b 182a 967 947
    4 993 180b 182c 9b4 949 948
    4 9b3 9b4 182c 182b 968 948
    4 994 180c 182d 9b5 94a 949
    4 9b4 9b5 182d 182c 969 949
    4 995 180d 182e 9b6 94b 94a
    4 9b5 9b6 182e 182d 96a 94a
    4 996 180e 182f 9b7 94c 94b
    4 9b6 9b7 182f 182e 96b 94b
    4 997 180f 1830 9b8 94d 94c
    4 9b7 9b8 1830 182f 96c 94c
    4 998 1810 1831 9b9 94e 94d
    4 9b8 9b9 1831 1830 96d 94d
    4 999 1811 1832 9ba 94f 94e
    4 9b9 9ba 1832 1831 96e 94e
    4 99a 1812 1833 9bb 950 94f
    4 9ba 9bb 1833 1832 96f 94f
    4 99b 1813 1834 9bc 951 950
    4 9bb 9bc 1834 1833 970 950
    4 99c 1814 1835 9bd 952 951
    4 9bc 9bd 1835 1834 971 951
    4 99d 1815 1836 9be 953 952
    4 9bd 9be 1836 1835 972 952
    4 99e 1816 1837 9bf 954 953
    4 9be 9bf 1837 1836 973 953
    4 99f 1817 1838 9c0 955 954
    4 9bf 9c0 1838 1837 974 954
    4 9a0 1818 1839 9c1 956 955
    4 9c0 9c1 1839 1838 975 955
    4 9a1 1819 183a 9c2 957 956
    4 9c1 9c2 183a 1839 976 956
    4 9a2 181a 183b 9c3 958 957
    4 9c2 9c3 183b 183a 977 957
    4 9a3 181b 183c 9c4 959 958
    4 9c3 9c4 183c 183b 978 958
    4 9a4 181c 183d 9c5 95a 959
    4 9c4 9c5 183d 183c 979 959
    4 9a5 181d 183e 9c6 95b 95a
    4 9c5 9c6 183e 183d 97a 95a
    4 9a6 181e 183f 9c7 95c 95b
    4 9c6 9c7 183f 183e 97b 95b
    4 9a7 181f 1840 9c8 95d 95c
    4 9c7 9c8 1840 183f 97c 95c
    4 9a8 1820 1841 9c9 95e 95d
    4 9c8 9c9 1841 1840 97d 95d
    4 9a9 1821 1842 9ca 95f 95e
    4 9c9 9ca 1842 1841 97e 95e
    4 9aa 1822 1843 9cb 960 95f
    4 9ca 9cb 1843 1842 97f 95f
    4 9cb 9cc 1844 1843 980 960
    4 9ad 1825 1846 9ce 962 961
    4 9cd 9ce 1846 1845 981 961
    4 9ae 1826 1847 9cf 963 962
    4 9ce 9cf 1847 1846 982 962
    4 9af 1827 1848 9d0 964 963
    4 9cf 9d0 1848 1847 983 963
    4 9b0 1828 1849 9d1 965 964
    4 9d0 9d1 1849 1848 984 964
    4 9b1 1829 184a 9d2 966 965
    4 9d1 9d2 184a 1849 985 965
    4 9b2 182a 184b 9d3 967 966
    4 9d2 9d3 184b 184a 986 966
    4 9b3 182b 184c 9d4 968 967
    4 9d3 9d4 184c 184b 987 967
    4 9b4 182c 184d 9d5 969 968
    4 9d4 9d5 184d 184c 988 968
    4 9b5 182d 184e 9d6 96a 969
    4 9d5 9d6 184e 184d 989 969
    4 9b6 182e 184f 9d7 96b 96a
    4 9d6 9d7 184f 184e 98a 96a
    4 9b7 182f 1850 9d8 96c 96b
    4 9d7 9d8 1850 184f 98b 96b
    4 9b8 1830 1851 9d9 96d 96c
    4 9d8 9d9 1851 1850 98c 96c
    4 9b9 1831 1852 9da 96e 96d
    4 9d9 9da 1852 1851 98d 96d
    4 9ba 1832 1853 9db 96f 96e
    4 9da 9db 1853 1852 98e 96e
    4 9bb 1833 1854 9dc 970 96f
    4 9db 9dc 1854 1853 98f 96f
    4 9bc 1834 1855 9dd 971 970
    4 9dc 9dd 1855 1854 990 970
    4 9bd 1835 1856 9de 972 971
    4 9dd 9de 1856 1855 991 971
    4 9be 1836 1857 9df 973 972
    4 9de 9df 1857 1856 992 972
    4 9bf 1837 1858 9e0 974 973
    4 9df 9e0 1858 1857 993 973
    4 9c0 1838 1859 9e1 975 974
    4 9e0 9e1 1859 1858 994 974
    4 9c1 1839 185a 9e2 976 975
    4 9e1 9e2 185a 1859 995 975
    4 9c2 183a 185b 9e3 977 976
    4 9e2 9e3 185b 185a 996 976
    4 9c3 183b 185c 9e4 978 977
    4 9e3 9e4 185c 185b 997 977
    4 9c4 183c 185d 9e5 979 978
    4 9e4 9e5 185d 185c 998 978
    4 9c5 183d 185e 9e6 97a 979
    4 9e5 9e6 185e 185d 999 979
    4 9c6 183e 185f 9e7 97b 97a
    4 9e6 9e7 185f 185e 99a 97a
    4 9c7 183f 1860 9e8 97c 97b
    4 9e7 9e8 1860 185f 99b 97b
    4 9c8 1840 1861 9e9 97d 97c
    4 9e8 9e9 1861 1860 99c 97c
    4 9c9 1841 1862 9ea 97e 97d
    4 9e9 9ea 1862 1861 99d 97d
    4 9ca 1842 1863 9eb 97f 97e
    4 9ea 9eb 1863 1862 99e 97e
    4 9cb 1843 1864 9ec 980 97f
    4 9eb 9ec 1864 1863 99f 97f
    4 9ec 9ed 1865 1864 9a0 980
    4 9ce 1846 1867 9ef 982 981
    4 9ee 9ef 1867 1866 9a1 981
    4 9cf 1847 1868 9f0 983 982
    4 9ef 9f0 1868 1867 9a2 982
    4 9d0 1848 1869 9f1 984 983
    4 9f0 9f1 1869 1868 9a3 983
    4 9d1 1849 186a 9f2 985 984
    4 9f1 9f2 186a 1869 9a4 984
    4 9d2 184a 186b 9f3 986 985
    4 9f2 9f3 186b 186a 9a5 985
    4 9d3 184b 186c 9f4 987 986
    4 9f3 9f4 186c 186b 9a6 986
    4 9d4 184c 186d 9f5 988 987
    4 9f4 9f5 186d 186c 9a7 987
    4 9d5 184d 186e 9f6 989 988
    4 9f5 9f6 186e 186d 9a8 988
    4 9d6 184e 186f 9f7 98a 989
    4 9f6 9f7 186f 186e 9a9 989
    4 9d7 184f 1870 9f8 98b 98a
    4 9f7 9f8 1870 186f 9aa 98a
    4 9d8 1850 1871 9f9 98c 98b
    4 9f8 9f9 1871 1870 9ab 98b
    4 9d9 1851 1872 9fa 98d 98c
    4 9f9 9fa 1872 1871 9ac 98c
    4 9da 1852 1873 9fb 98e 98d
    4 9fa 9fb 1873 1872 9ad 98d
    4 9db 1853 1874 9fc 98f 98e
    4 9fb 9fc 1874 1873 9ae 98e
    4 9dc 1854 1875 9fd 990 98f
    4 9fc 9fd 1875 1874 9af 98f
    4 9dd 1855 1876 9fe 991 990
    4 9fd 9fe 1876 1875 9b0 990
    4 9de 1856 1877 9ff 992 991
    4 9fe 9ff 1877 1876 9b1 991
    4 9df 1857 1878 a00 993 992
    4 9ff a00 1878 1877 9b2 992
    4 9e0 1858 1879 a01 994 993
    4 a00 a01 1879 1878 9b3 993
    4 9e1 1859 187a a02 995 994
    4 a01 a02 187a 1879 9b4 994
    4 9e2 185a 187b a03 996 995
    4 a02 a03 187b 187a 9b5 995
    4 9e3 185b 187c a04 997 996
    4 a03 a04 187c 187b 9b6 996
    4 9e4 185c 187d a05 998 997
    4 a04 a05 187d 187c 9b7 997
    4 9e5 185d 187e a06 999 998
    4 a05 a06 187e 187d 9b8 998
    4 9e6 185e 187f a07 99a 999
    4 a06 a07 187f 187e 9b9 999
    4 9e7 185f 1880 a08 99b 99a
    4 a07 a08 1880 187f 9ba 99a
    4 9e8 1860 1881 a09 99c 99b
    4 a08 a09 1881 1880 9bb 99b
    4 9e9 1861 1882 a0a 99d 99c
    4 a09 a0a 1882 1881 9bc 99c
    4 9ea 1862 1883 a0b 99e 99d
    4 a0a a0b 1883 1882 9bd 99d
    4 9eb 1863 1884 a0c 99f 99e
    4 a0b a0c 1884 1883 9be 99e
    4 9ec 1864 1885 a0d 9a0 99f
    4 a0c a0d 1885 1884 9bf 99f
    4 a0d a0e 1886 1885 9c0 9a0
    4 9ef 1867 1888 a10 9a2 9a1
    4 a0f a10 1888 1887 9c1 9a1
    4 9f0 1868 1889 a11 9a3 9a2
    4 a10 a11 1889 1888 9c2 9a2
    4 9f1 1869 188a a12 9a4 9a3
    4 a11 a12 188a 1889 9c3 9a3
    4 9f2 186a 188b a13 9a5 9a4
    4 a12 a13 188b 188a 9c4 9a4
    4 9f3 186b 188c a14 9a6 9a5
    4 a13 a14 188c 188b 9c5 9a5
    4 9f4 186c 188d a15 9a7 9a6
    4 a14 a15 188d 188c 9c6 9a6
    4 9f5 186d 188e a16 9a8 9a7
    4 a15 a16 188e 188d 9c7 9a7
    4 9f6 186e 188f a17 9a9 9a8
    4 a16 a17 188f 188e 9c8 9a8
    4 9f7 186f 1890 a18 9aa 9a9
    4 a17 a18 1890 188f 9c9 9a9
    4 9f8 1870 1891 a19 9ab 9aa
    4 a18 a19 1891 1890 9ca 9aa
    4 9f9 1871 1892 a1a 9ac 9ab
    4 a19 a1a 1892 1891 9cb 9ab
    4 9fa 1872 1893 a1b 9ad 9ac
    4 a1a a1b 1893 1892 9cc 9ac
    4 9fb 1873 1894 a1c 9ae 9ad
    4 a1b a1c 1894 1893 9cd 9ad
    4 9fc 1874 1895 a1d 9af 9ae
    4 a1c a1d 1895 1894 9ce 9ae
    4 9fd 1875 1896 a1e 9b0 9af
    4 a1d a1e 1896 1895 9cf 9af
    4 9fe 1876 1897 a1f 9b1 9b0
    4 a1e a1f 1897 1896 9d0 9b0
    4 9ff 1877 1898 a20 9b2 9b1
    4 a1f a20 1898 1897 9d1 9b1
    4 a00 1878 1899 a21 9b3 9b2
    4 a20 a21 1899 1898 9d2 9b2
    4 a01 1879 189a a22 9b4 9b3
    4 a21 a22 189a 1899 9d3 9b3
    4 a02 187a 189b a23 9b5 9b4
    4 a22 a23 189b 189a 9d4 9b4
    4 a03 187b 189c a24 9b6 9b5
    4 a23 a24 189c 189b 9d5 9b5
    4 a04 187c 189d a25 9b7 9b6
    4 a24 a25 189d 189c 9d6 9b6
    4 a05 187d 189e a26 9b8 9b7
    4 a25 a26 189e 189d 9d7 9b7
    4 a06 187e 189f a27 9b9 9b8
    4 a26 a27 189f 189e 9d8 9b8
    4 a07 187f 18a0 a28 9ba 9b9
    4 a27 a28 18a0 189f 9d9 9b9
    4 a08 1880 18a1 a29 9bb 9ba
    4 a28 a29 18a1 18a0 9da 9ba
    4 a09 1881 18a2 a2a 9bc 9bb
    4 a29 a2a 18a2 18a1 9db 9bb
    4 a0a 1882 18a3 a2b 9bd 9bc
    4 a2a a2b 18a3 18a2 9dc 9bc
    4 a0b 1883 18a4 a2c 9be 9bd
    4 a2b a2c 18a4 18a3 9dd 9bd
    4 a0c 1884 18a5 a2d 9bf 9be
    4 a2c a2d 18a5 18a4 9de 9be
    4 a0d 1885 18a6 a2e 9c0 9bf
    4 a2d a2e 18a6 18a5 9df 9bf
    4 a2e a2f 18a7 18a6 9e0 9c0
    4 a10 1888 18a9 a31 9c2 9c1
    4 a30 a31 18a9 18a8 9e1 9c1
    4 a11 1889 18aa a32 9c3 9c2
    4 a31 a32 18aa 18a9 9e2 9c2
    4 a12 188a 18ab a33 9c4 9c3
    4 a32 a33 18ab 18aa 9e3 9c3
    4 a13 188b 18ac a34 9c5 9c4
    4 a33 a34 18ac 18ab 9e4 9c4
    4 a14 188c 18ad a35 9c6 9c5
    4 a34 a35 18ad 18ac 9e5 9c5
    4 a15 188d 18ae a36 9c7 9c6
    4 a35 a36 18ae 18ad 9e6 9c6
    4 a16 188e 18af a37 9c8 9c7
    4 a36 a37 18af 18ae 9e7 9c7
    4 a17 188f 18b0 a38 9c9 9c8
    4 a37 a38 18b0 18af 9e8 9c8
    4 a18 1890 18b1 a39 9ca 9c9
    4 a38 a39 18b1 18b0 9e9 9c9
    4 a19 1891 18b2 a3a 9cb 9ca
    4 a39 a3a 18b2 18b1 9ea 9ca
    4 a1a 1892 18b3 a3b 9cc 9cb
    4 a3a a3b 18b3 18b2 9eb 9cb
    4 a1b 1893 18b4 a3c 9cd 9cc
    4 a3b a3c 18b4 18b3 9ec 9cc
    4 a1c 1894 18b5 a3d 9ce 9cd
    4 a3c a3d 18b5 18b4 9ed 9cd
    4 a1d 1895 18b6 a3e 9cf 9ce
    4 a3d a3e 18b6 18b5 9ee 9ce
    4 a1e 1896 18b7 a3f 9d0 9cf
    4 a3e a3f 18b7 18b6 9ef 9cf
    4 a1f 1897 18b8 a40 9d1 9d0
    4 a3f a40 18b8 18b7 9f0 9d0
    4 a20 1898 18b9 a41 9d2 9d1
    4 a40 a41 18b9 18b8 9f1 9d1
    4 a21 1899 18ba a42 9d3 9d2
    4 a41 a42 18ba 18b9 9f2 9d2
    4 a22 189a 18bb a43 9d4 9d3
    4 a42 a43 18bb 18ba 9f3 9d3
    4 a23 189b 18bc a44 9d5 9d4
    4 a43 a44 18bc 18bb 9f4 9d4
    4 a24 189c 18bd a45 9d6 9d5
    4 a44 a45 18bd 18bc 9f5 9d5
    4 a25 189d 18be a46 9d7 9d6
    4 a45 a46 18be 18bd 9f6 9d6
    4 a26 189e 18bf a47 9d8 9d7
    4 a46 a47 18bf 18be 9f7 9d7
    4 a27 189f 18c0 a48 9d9 9d8
    4 a47 a48 18c0 18bf 9f8 9d8
    4 a28 18a0 18c1 a49 9da 9d9
    4 a48 a49 18c1 18c0 9f9 9d9
    4 a29 18a1 18c2 a4a 9db 9da
    4 a49 a4a 18c2 18c1 9fa 9da
    4 a2a 18a2 18c3 a4b 9dc 9db
    4 a4a a4b 18c3 18c2 9fb 9db
    4 a2b 18a3 18c4 a4c 9dd 9dc
    4 a4b a4c 18c4 18c3 9fc 9dc
    4 a2c 18a4 18c5 a4d 9de 9dd
    4 a4c a4d 18c5 18c4 9fd 9dd
    4 a2d 18a5 18c6 a4e 9df 9de
    4 a4d a4e 18c6 18c5 9fe 9de
    4 a2e 18a6 18c7 a4f 9e0 9df
    4 a4e a4f 18c7 18c6 9ff 9df
    4 a4f a50 18c8 18c7 a00 9e0
    4 a31 18a9 18ca a52 9e2 9e1
    4 a51 a52 18ca 18c9 a01 9e1
    4 a32 18aa 18cb a53 9e3 9e2
    4 a52 a53 18cb 18ca a02 9e2
    4 a33 18ab 18cc a54 9e4 9e3
    4 a53 a54 18cc 18cb a03 9e3
    4 a34 18ac 18cd a55 9e5 9e4
    4 a54 a55 18cd 18cc a04 9e4
    4 a35 18ad 18ce a56 9e6 9e5
    4 a55 a56 18ce 18cd a05 9e5
    4 a36 18ae 18cf a57 9e7 9e6
    4 a56 a57 18cf 18ce a06 9e6
    4 a37 18af 18d0 a58 9e8 9e7
    4 a57 a58 18d0 18cf a07 9e7
    4 a38 18b0 18d1 a59 9e9 9e8
    4 a58 a59 18d1 18d0 a08 9e8
    4 a39 18b1 18d2 a5a 9ea 9e9
    4 a59 a5a 18d2 18d1 a09 9e9
    4 a3a 18b2 18d3 a5b 9eb 9ea
    4 a5a a5b 18d3 18d2 a0a 9ea
    4 a3b 18b3 18d4 a5c 9ec 9eb
    4 a5b a5c 18d4 18d3 a0b 9eb
    4 a3c 18b4 18d5 a5d 9ed 9ec
    4 a5c a5d 18d5 18d4 a0c 9ec
    4 a3d 18b5 18d6 a5e 9ee 9ed
    4 a5d a5e 18d6 18d5 a0d 9ed
    4 a3e 18b6 18d7 a5f 9ef 9ee
    4 a5e a5f 18d7 18d6 a0e 9ee
    4 a3f 18b7 18d8 a60 9f0 9ef
    4 a5f a60 18d8 18d7 a0f 9ef
    4 a40 18b8 18d9 a61 9f1 9f0
    4 a60 a61 18d9 18d8 a10 9f0
    4 a41 18b9 18da a62 9f2 9f1
    4 a61 a62 18da 18d9 a11 9f1
    4 a42 18ba 18db a63 9f3 9f2
    4 a62 a63 18db 18da a12 9f2
    4 a43 18bb 18dc a64 9f4 9f3
    4 a63 a64 18dc 18db a13 9f3
    4 a44 18bc 18dd a65 9f5 9f4
    4 a64 a65 18dd 18dc a14 9f4
    4 a45 18bd 18de a66 9f6 9f5
    4 a65 a66 18de 18dd a15 9f5
    4 a46 18be 18df a67 9f7 9f6
    4 a66 a67 18df 18de a16 9f6
    4 a47 18bf 18e0 a68 9f8 9f7
    4 a67 a68 18e0 18df a17 9f7
    4 a48 18c0 18e1 a69 9f9 9f8
    4 a68 a69 18e1 18e0 a18 9f8
    4 a49 18c1 18e2 a6a 9fa 9f9
    4 a69 a6a 18e2 18e1 a19 9f9
    4 a4a 18c2 18e3 a6b 9fb 9fa
    4 a6a a6b 18e3 18e2 a1a 9fa
    4 a4b 18c3 18e4 a6c 9fc 9fb
    4 a6b a6c 18e4 18e3 a1b 9fb
    4 a4c 18c4 18e5 a6d 9fd 9fc
    4 a6c a6d 18e5 18e4 a1c 9fc
    4 a4d 18c5 18e6 a6e 9fe 9fd
    4 a6d a6e 18e6 18e5 a1d 9fd
    4 a4e 18c6 18e7 a6f 9ff 9fe
    4 a6e a6f 18e7 18e6 a1e 9fe
    4 a4f 18c7 18e8 a70 a00 9ff
    4 a6f a70 18e8 18e7 a1f 9ff
    4 a70 a71 18e9 18e8 a20 a00
    4 a52 18ca 18eb a73 a02 a01
    4 a72 a73 18eb 18ea a21 a01
    4 a53 18cb 18ec a74 a03 a02
    4 a73 a74 18ec 18eb a22 a02
    4 a54 18cc 18ed a75 a04 a03
    4 a74 a75 18ed 18ec a23 a03
    4 a55 18cd 18ee a76 a05 a04
    4 a75 a76 18ee 18ed a24 a04
    4 a56 18ce 18ef a77 a06 a05
    4 a76 a77 18ef 18ee a25 a05
    4 a57 18cf 18f0 a78 a07 a06
    4 a77 a78 18f0 18ef a26 a06
    4 a58 18d0 18f1 a79 a08 a07
    4 a78 a79 18f1 18f0 a27 a07
    4 a59 18d1 18f2 a7a a09 a08
    4 a79 a7a 18f2 18f1 a28 a08
    4 a5a 18d2 18f3 a7b a0a a09
    4 a7a a7b 18f3 18f2 a29 a09
    4 a5b 18d3 18f4 a7c a0b a0a
    4 a7b a7c 18f4 18f3 a2a a0a
    4 a5c 18d4 18f5 a7d a0c a0b
    4 a7c a7d 18f5 18f4 a2b a0b
    4 a5d 18d5 18f6 a7e a0d a0c
    4 a7d a7e 18f6 18f5 a2c a0c
    4 a5e 18d6 18f7 a7f a0e a0d
    4 a7e a7f 18f7 18f6 a2d a0d
    4 a5f 18d7 18f8 a80 a0f a0e
    4 a7f a80 18f8 18f7 a2e a0e
    4 a60 18d8 18f9 a81 a10 a0f
    4 a80 a81 18f9 18f8 a2f a0f
    4 a61 18d9 18fa a82 a11 a10
    4 a81 a82 18fa 18f9 a30 a10
    4 a62 18da 18fb a83 a12 a11
    4 a82 a83 18fb 18fa a31 a11
    4 a63 18db 18fc a84 a13 a12
    4 a83 a84 18fc 18fb a32 a12
    4 a64 18dc 18fd a85 a14 a13
    4 a84 a85 18fd 18fc a33 a13
    4 a65 18dd 18fe a86 a15 a14
    4 a85 a86 18fe 18fd a34 a14
    4 a66 18de 18ff a87 a16 a15
    4 a86 a87 18ff 18fe a35 a15
    4 a67 18df 1900 a88 a17 a16
    4 a87 a88 1900 18ff a36 a16
    4 a68 18e0 1901 a89 a18 a17
    4 a88 a89 1901 1900 a37 a17
    4 a69 18e1 1902 a8a a19 a18
    4 a89 a8a 1902 1901 a38 a18
    4 a6a 18e2 1903 a8b a1a a19
    4 a8a a8b 1903 1902 a39 a19
    4 a6b 18e3 1904 a8c a1b a1a
    4 a8b a8c 1904 1903 a3a a1a
    4 a6c 18e4 1905 a8d a1c a1b
    4 a8c a8d 1905 1904 a3b a1b
    4 a6d 18e5 1906 a8e a1d a1c
    4 a8d a8e 1906 1905 a3c a1c
    4 a6e 18e6 1907 a8f a1e a1d
    4 a8e a8f 1907 1906 a3d a1d
    4 a6f 18e7 1908 a90 a1f a1e
    4 a8f a90 1908 1907 a3e a1e
    4 a70 18e8 1909 a91 a20 a1f
    4 a90 a91 1909 1908 a3f a1f
    4 a91 a92 190a 1909 a40 a20
    4 a73 18eb 190c a94 a22 a21
    4 a93 a94 190c 190b a41 a21
    4 a74 18ec 190d a95 a23 a22
    4 a94 a95 190d 190c a42 a22
    4 a75 18ed 190e a96 a24 a23
    4 a95 a96 190e 190d a43 a23
    4 a76 18ee 190f a97 a25 a24
    4 a96 a97 190f 190e a44 a24
    4 a77 18ef 1910 a98 a26 a25
    4 a97 a98 1910 190f a45 a25
    4 a78 18f0 1911 a99 a27 a26
    4 a98 a99 1911 1910 a46 a26
    4 a79 18f1 1912 a9a a28 a27
    4 a99 a9a 1912 1911 a47 a27
    4 a7a 18f2 1913 a9b a29 a28
    4 a9a a9b 1913 1912 a48 a28
    4 a7b 18f3 1914 a9c a2a a29
    4 a9b a9c 1914 1913 a49 a29
    4 a7c 18f4 1915 a9d a2b a2a
    4 a9c a9d 1915 1914 a4a a2a
    4 a7d 18f5 1916 a9e a2c a2b
    4 a9d a9e 1916 1915 a4b a2b
    4 a7e 18f6 1917 a9f a2d a2c
    4 a9e a9f 1917 1916 a4c a2c
    4 a7f 18f7 1918 aa0 a2e a2d
    4 a9f aa0 1918 1917 a4d a2d
    4 a80 18f8 1919 aa1 a2f a2e
    4 aa0 aa1 1919 1918 a4e a2e
    4 a81 18f9 191a aa2 a30 a2f
    4 aa1 aa2 191a 1919 a4f a2f
    4 a82 18fa 191b aa3 a31 a30
    4 aa2 aa3 191b 191a a50 a30
    4 a83 18fb 191c aa4 a32 a31
    4 aa3 aa4 191c 191b a51 a31
    4 a84 18fc 191d aa5 a33 a32
    4 aa4 aa5 191d 191c a52 a32
    4 a85 18fd 191e aa6 a34 a33
    4 aa5 aa6 191e 191d a53 a33
    4 a86 18fe 191f aa7 a35 a34
    4 aa6 aa7 191f 191e a54 a34
    4 a87 18ff 1920 aa8 a36 a35
    4 aa7 aa8 1920 191f a55 a35
    4 a88 1900 1921 aa9 a37 a36
    4 aa8 aa9 1921 1920 a56 a36
    4 a89 1901 1922 aaa a38 a37
    4 aa9 aaa 1922 1921 a57 a37
    4 a8a 1902 1923 aab a39 a38
    4 aaa aab 1923 1922 a58 a38
    4 a8b 1903 1924 aac a3a a39
    4 aab aac 1924 1923 a59 a39
    4 a8c 1904 1925 aad a3b a3a
    4 aac aad 1925 1924 a5a a3a
    4 a8d 1905 1926 aae a3c a3b
    4 aad aae 1926 1925 a5b a3b
    4 a8e 1906 1927 aaf a3d a3c
    4 aae aaf 1927 1926 a5c a3c
    4 a8f 1907 1928 ab0 a3e a3d
    4 aaf ab0 1928 1927 a5d a3d
    4 a90 1908 1929 ab1 a3f a3e
    4 ab0 ab1 1929 1928 a5e a3e
    4 a91 1909 192a ab2 a40 a3f
    4 ab1 ab2 192a 1929 a5f a3f
    4 ab2 ab3 192b 192a a60 a40
    4 a94 190c 192d ab5 a42 a41
    4 ab4 ab5 192d 192c a61 a41
    4 a95 190d 192e ab6 a43 a42
    4 ab5 ab6 192e 192d a62 a42
    4 a96 190e 192f ab7 a44 a43
    4 ab6 ab7 192f 192e a63 a43
    4 a97 190f 1930 ab8 a45 a44
    4 ab7 ab8 1930 192f a64 a44
    4 a98 1910 1931 ab9 a46 a45
    4 ab8 ab9 1931 1930 a65 a45
    4 a99 1911 1932 aba a47 a46
    4 ab9 aba 1932 1931 a66 a46
    4 a9a 1912 1933 abb a48 a47
    4 aba abb 1933 1932 a67 a47
    4 a9b 1913 1934 abc a49 a48
    4 abb abc 1934 1933 a68 a48
    4 a9c 1914 1935 abd a4a a49
    4 abc abd 1935 1934 a69 a49
    4 a9d 1915 1936 abe a4b a4a
    4 abd abe 1936 1935 a6a a4a
    4 a9e 1916 1937 abf a4c a4b
    4 abe abf 1937 1936 a6b a4b
    4 a9f 1917 1938 ac0 a4d a4c
    4 abf ac0 1938 1937 a6c a4c
    4 aa0 1918 1939 ac1 a4e a4d
    4 ac0 ac1 1939 1938 a6d a4d
    4 aa1 1919 193a ac2 a4f a4e
    4 ac1 ac2 193a 1939 a6e a4e
    4 aa2 191a 193b ac3 a50 a4f
    4 ac2 ac3 193b 193a a6f a4f
    4 aa3 191b 193c ac4 a51 a50
    4 ac3 ac4 193c 193b a70 a50
    4 aa4 191c 193d ac5 a52 a51
    4 ac4 ac5 193d 193c a71 a51
    4 aa5 191d 193e ac6 a53 a52
    4 ac5 ac6 193e 193d a72 a52
    4 aa6 191e 193f ac7 a54 a53
    4 ac6 ac7 193f 193e a73 a53
    4 aa7 191f 1940 ac8 a55 a54
    4 ac7 ac8 1940 193f a74 a54
    4 aa8 1920 1941 ac9 a56 a55
    4 ac8 ac9 1941 1940 a75 a55
    4 aa9 1921 1942 aca a57 a56
    4 ac9 aca 1942 1941 a76 a56
    4 aaa 1922 1943 acb a58 a57
    4 aca acb 1943 1942 a77 a57
    4 aab 1923 1944 acc a59 a58
    4 acb acc 1944 1943 a78 a58
    4 aac 1924 1945 acd a5a a59
    4 acc acd 1945 1944 a79 a59
    4 aad 1925 1946 ace a5b a5a
    4 acd ace 1946 1945 a7a a5a
    4 aae 1926 1947 acf a5c a5b
    4 ace acf 1947 1946 a7b a5b
    4 aaf 1927 1948 ad0 a5d a5c
    4 acf ad0 1948 1947 a7c a5c
    4 ab0 1928 1949 ad1 a5e a5d
    4 ad0 ad1 1949 1948 a7d a5d
    4 ab1 1929 194a ad2 a5f a5e
    4 ad1 ad2 194a 1949 a7e a5e
    4 ab2 192a 194b ad3 a60 a5f
    4 ad2 ad3 194b 194a a7f a5f
    4 ad3 ad4 194c 194b a80 a60
    4 ab5 192d 194e ad6 a62 a61
    4 ad5 ad6 194e 194d a81 a61
    4 ab6 192e 194f ad7 a63 a62
    4 ad6 ad7 194f 194e a82 a62
    4 ab7 192f 1950 ad8 a64 a63
    4 ad7 ad8 1950 194f a83 a63
    4 ab8 1930 1951 ad9 a65 a64
    4 ad8 ad9 1951 1950 a84 a64
    4 ab9 1931 1952 ada a66 a65
    4 ad9 ada 1952 1951 a85 a65
    4 aba 1932 1953 adb a67 a66
    4 ada adb 1953 1952 a86 a66
    4 abb 1933 1954 adc a68 a67
    4 adb adc 1954 1953 a87 a67
    4 abc 1934 1955 add a69 a68
    4 adc add 1955 1954 a88 a68
    4 abd 1935 1956 ade a6a a69
    4 add ade 1956 1955 a89 a69
    4 abe 1936 1957 adf a6b a6a
    4 ade adf 1957 1956 a8a a6a
    4 abf 1937 1958 ae0 a6c a6b
    4 adf ae0 1958 1957 a8b a6b
    4 ac0 1938 1959 ae1 a6d a6c
    4 ae0 ae1 1959 1958 a8c a6c
    4 ac1 1939 195a ae2 a6e a6d
    4 ae1 ae2 195a 1959 a8d a6d
    4 ac2 193a 195b ae3 a6f a6e
    4 ae2 ae3 195b 195a a8e a6e
    4 ac3 193b 195c ae4 a70 a6f
    4 ae3 ae4 195c 195b a8f a6f
    4 ac4 193c 195d ae5 a71 a70
    4 ae4 ae5 195d 195c a90 a70
    4 ac5 193d 195e ae6 a72 a71
    4 ae5 ae6 195e 195d a91 a71
    4 ac6 193e 195f ae7 a73 a72
    4 ae6 ae7 195f 195e a92 a72
    4 ac7 193f 1960 ae8 a74 a73
    4 ae7 ae8 1960 195f a93 a73
    4 ac8 1940 1961 ae9 a75 a74
    4 ae8 ae9 1961 1960 a94 a74
    4 ac9 1941 1962 aea a76 a75
    4 ae9 aea 1962 1961 a95 a75
    4 aca 1942 1963 aeb a77 a76
    4 aea aeb 1963 1962 a96 a76
    4 acb 1943 1964 aec a78 a77
    4 aeb aec 1964 1963 a97 a77
    4 acc 1944 1965 aed a79 a78
    4 aec aed 1965 1964 a98 a78
    4 acd 1945 1966 aee a7a a79
    4 aed aee 1966 1965 a99 a79
    4 ace 1946 1967 aef a7b a7a
    4 aee aef 1967 1966 a9a a7a
    4 acf 1947 1968 af0 a7c a7b
    4 aef af0 1968 1967 a9b a7b
    4 ad0 1948 1969 af1 a7d a7c
    4 af0 af1 1969 1968 a9c a7c
    4 ad1 1949 196a af2 a7e a7d
    4 af1 af2 196a 1969 a9d a7d
    4 ad2 194a 196b af3 a7f a7e
    4 af2 af3 196b 196a a9e a7e
    4 ad3 194b 196c af4 a80 a7f
    4 af3 af4 196c 196b a9f a7f
    4 af4 af5 196d 196c aa0 a80
    4 ad6 194e 196f af7 a82 a81
    4 af6 af7 196f 196e aa1 a81
    4 ad7 194f 1970 af8 a83 a82
    4 af7 af8 1970 196f aa2 a82
    4 ad8 1950 1971 af9 a84 a83
    4 af8 af9 1971 1970 aa3 a83
    4 ad9 1951 1972 afa a85 a84
    4 af9 afa 1972 1971 aa4 a84
    4 ada 1952 1973 afb a86 a85
    4 afa afb 1973 1972 aa5 a85
    4 adb 1953 1974 afc a87 a86
    4 afb afc 1974 1973 aa6 a86
    4 adc 1954 1975 afd a88 a87
    4 afc afd 1975 1974 aa7 a87
    4 add 1955 1976 afe a89 a88
    4 afd afe 1976 1975 aa8 a88
    4 ade 1956 1977 aff a8a a89
    4 afe aff 1977 1976 aa9 a89
    4 adf 1957 1978 b00 a8b a8a
    4 aff b00 1978 1977 aaa a8a
    4 ae0 1958 1979 b01 a8c a8b
    4 b00 b01 1979 1978 aab a8b
    4 ae1 1959 197a b02 a8d a8c
    4 b01 b02 197a 1979 aac a8c
    4 ae2 195a 197b b03 a8e a8d
    4 b02 b03 197b 197a aad a8d
    4 ae3 195b 197c b04 a8f a8e
    4 b03 b04 197c 197b aae a8e
    4 ae4 195c 197d b05 a90 a8f
    4 b04 b05 197d 197c aaf a8f
    4 ae5 195d 197e b06 a91 a90
    4 b05 b06 197e 197d ab0 a90
    4 ae6 195e 197f b07 a92 a91
    4 b06 b07 197f 197e ab1 a91
    4 ae7 195f 1980 b08 a93 a92
    4 b07 b08 1980 197f ab2 a92
    4 ae8 1960 1981 b09 a94 a93
    4 b08 b09 1981 1980 ab3 a93
    4 ae9 1961 1982 b0a a95 a94
    4 b09 b0a 1982 1981 ab4 a94
    4 aea 1962 1983 b0b a96 a95
    4 b0a b0b 1983 1982 ab5 a95
    4 aeb 1963 1984 b0c a97 a96
    4 b0b b0c 1984 1983 ab6 a96
    4 aec 1964 1985 b0d a98 a97
    4 b0c b0d 1985 1984 ab7 a97
    4 aed 1965 1986 b0e a99 a98
    4 b0d b0e 1986 1985 ab8 a98
    4 aee 1966 1987 b0f a9a a99
    4 b0e b0f 1987 1986 ab9 a99
    4 aef 1967 1988 b10 a9b a9a
    4 b0f b10 1988 1987 aba a9a
    4 af0 1968 1989 b11 a9c a9b
    4 b10 b11 1989 1988 abb a9b
    4 af1 1969 198a b12 a9d a9c
    4 b11 b12 198a 1989 abc a9c
    4 af2 196a 198b b13 a9e a9d
    4 b12 b13 198b 198a abd a9d
    4 af3 196b 198c b14 a9f a9e
    4 b13 b14 198c 198b abe a9e
    4 af4 196c 198d b15 aa0 a9f
    4 b14 b15 198d 198c abf a9f
    4 b15 b16 198e 198d ac0 aa0
    4 af7 196f 1990 b18 aa2 aa1
    4 b17 b18 1990 198f ac1 aa1
    4 af8 1970 1991 b19 aa3 aa2
    4 b18 b19 1991 1990 ac2 aa2
    4 af9 1971 1992 b1a aa4 aa3
    4 b19 b1a 1992 1991 ac3 aa3
    4 afa 1972 1993 b1b aa5 aa4
    4 b1a b1b 1993 1992 ac4 aa4
    4 afb 1973 1994 b1c aa6 aa5
    4 b1b b1c 1994 1993 ac5 aa5
    4 afc 1974 1995 b1d aa7 aa6
    4 b1c b1d 1995 1994 ac6 aa6
    4 afd 1975 1996 b1e aa8 aa7
    4 b1d b1e 1996 1995 ac7 aa7
    4 afe 1976 1997 b1f aa9 aa8
    4 b1e b1f 1997 1996 ac8 aa8
    4 aff 1977 1998 b20 aaa aa9
    4 b1f b20 1998 1997 ac9 aa9
    4 b00 1978 1999 b21 aab aaa
    4 b20 b21 1999 1998 aca aaa
    4 b01 1979 199a b22 aac aab
    4 b21 b22 199a 1999 acb aab
    4 b02 197a 199b b23 aad aac
    4 b22 b23 199b 199a acc aac
    4 b03 197b 199c b24 aae aad
    4 b23 b24 199c 199b acd aad
    4 b04 197c 199d b25 aaf aae
    4 b24 b25 199d 199c ace aae
    4 b05 197d 199e b26 ab0 aaf
    4 b25 b26 199e 199d acf aaf
    4 b06 197e 199f b27 ab1 ab0
    4 b26 b27 199f 199e ad0 ab0
    4 b07 197f 19a0 b28 ab2 ab1
    4 b27 b28 19a0 199f ad1 ab1
    4 b08 1980 19a1 b29 ab3 ab2
    4 b28 b29 19a1 19a0 ad2 ab2
    4 b09 1981 19a2 b2a ab4 ab3
    4 b29 b2a 19a2 19a1 ad3 ab3
    4 b0a 1982 19a3 b2b ab5 ab4
    4 b2a b2b 19a3 19a2 ad4 ab4
    4 b0b 1983 19a4 b2c ab6 ab5
    4 b2b b2c 19a4 19a3 ad5 ab5
    4 b0c 1984 19a5 b2d ab7 ab6
    4 b2c b2d 19a5 19a4 ad6 ab6
    4 b0d 1985 19a6 b2e ab8 ab7
    4 b2d b2e 19a6 19a5 ad7 ab7
    4 b0e 1986 19a7 b2f ab9 ab8
    4 b2e b2f 19a7 19a6 ad8 ab8
    4 b0f 1987 19a8 b30 aba ab9
    4 b2f b30 19a8 19a7 ad9 ab9
    4 b10 1988 19a9 b31 abb aba
    4 b30 b31 19a9 19a8 ada aba
    4 b11 1989 19aa b32 abc abb
    4 b31 b32 19aa 19a9 adb abb
    4 b12 198a 19ab b33 abd abc
    4 b32 b33 19ab 19aa adc abc
    4 b13 198b 19ac b34 abe abd
    4 b33 b34 19ac 19ab add abd
    4 b14 198c 19ad b35 abf abe
    4 b34 b35 19ad 19ac ade abe
    4 b15 198d 19ae b36 ac0 abf
    4 b35 b36 19ae 19ad adf abf
    4 b36 b37 19af 19ae ae0 ac0
    4 b18 1990 19b1 b39 ac2 ac1
    4 b38 b39 19b1 19b0 ae1 ac1
    4 b19 1991 19b2 b3a ac3 ac2
    4 b39 b3a 19b2 19b1 ae2 ac2
    4 b1a 1992 19b3 b3b ac4 ac3
    4 b3a b3b 19b3 19b2 ae3 ac3
    4 b1b 1993 19b4 b3c ac5 ac4
    4 b3b b3c 19b4 19b3 ae4 ac4
    4 b1c 1994 19b5 b3d ac6 ac5
    4 b3c b3d 19b5 19b4 ae5 ac5
    4 b1d 1995 19b6 b3e ac7 ac6
    4 b3d b3e 19b6 19b5 ae6 ac6
    4 b1e 1996 19b7 b3f ac8 ac7
    4 b3e b3f 19b7 19b6 ae7 ac7
    4 b1f 1997 19b8 b40 ac9 ac8
    4 b3f b40 19b8 19b7 ae8 ac8
    4 b20 1998 19b9 b41 aca ac9
    4 b40 b41 19b9 19b8 ae9 ac9
    4 b21 1999 19ba b42 acb aca
    4 b41 b42 19ba 19b9 aea aca
    4 b22 199a 19bb b43 acc acb
    4 b42 b43 19bb 19ba aeb acb
    4 b23 199b 19bc b44 acd acc
    4 b43 b44 19bc 19bb aec acc
    4 b24 199c 19bd b45 ace acd
    4 b44 b45 19bd 19bc aed acd
    4 b25 199d 19be b46 acf ace
    4 b45 b46 19be 19bd aee ace
    4 b26 199e 19bf b47 ad0 acf
    4 b46 b47 19bf 19be aef acf
    4 b27 199f 19c0 b48 ad1 ad0
    4 b47 b48 19c0 19bf af0 ad0
    4 b28 19a0 19c1 b49 ad2 ad1
    4 b48 b49 19c1 19c0 af1 ad1
    4 b29 19a1 19c2 b4a ad3 ad2
    4 b49 b4a 19c2 19c1 af2 ad2
    4 b2a 19a2 19c3 b4b ad4 ad3
    4 b4a b4b 19c3 19c2 af3 ad3
    4 b2b 19a3 19c4 b4c ad5 ad4
    4 b4b b4c 19c4 19c3 af4 ad4
    4 b2c 19a4 19c5 b4d ad6 ad5
    4 b4c b4d 19c5 19c4 af5 ad5
    4 b2d 19a5 19c6 b4e ad7 ad6
    4 b4d b4e 19c6 19c5 af6 ad6
    4 b2e 19a6 19c7 b4f ad8 ad7
    4 b4e b4f 19c7 19c6 af7 ad7
    4 b2f 19a7 19c8 b50 ad9 ad8
    4 b4f b50 19c8 19c7 af8 ad8
    4 b30 19a8 19c9 b51 ada ad9
    4 b50 b51 19c9 19c8 af9 ad9
    4 b31 19a9 19ca b52 adb ada
    4 b51 b52 19ca 19c9 afa ada
    4 b32 19aa 19cb b53 adc adb
    4 b52 b53 19cb 19ca afb adb
    4 b33 19ab 19cc b54 add adc
    4 b53 b54 19cc 19cb afc adc
    4 b34 19ac 19cd b55 ade add
    4 b54 b55 19cd 19cc afd add
    4 b35 19ad 19ce b56 adf ade
    4 b55 b56 19ce 19cd afe ade
    4 b36 19ae 19cf b57 ae0 adf
    4 b56 b57 19cf 19ce aff adf
    4 b57 b58 19d0 19cf b00 ae0
    4 b39 19b1 19d1 b59 ae2 ae1
    4 319 b59 19d1 1191 b01 ae1
    4 b3a 19b2 19d2 b5a ae3 ae2
    4 b59 b5a 19d2 19d1 b02 ae2
    4 b3b 19b3 19d3 b5b ae4 ae3
    4 b5a b5b 19d3 19d2 b03 ae3
    4 b3c 19b4 19d4 b5c ae5 ae4
    4 b5b b5c 19d4 19d3 b04 ae4
    4 b3d 19b5 19d5 b5d ae6 ae5
    4 b5c b5d 19d5 19d4 b05 ae5
    4 b3e 19b6 19d6 b5e ae7 ae6
    4 b5d b5e 19d6 19d5 b06 ae6
    4 b3f 19b7 19d7 b5f ae8 ae7
    4 b5e b5f 19d7 19d6 b07 ae7
    4 b40 19b8 19d8 b60 ae9 ae8
    4 b5f b60 19d8 19d7 b08 ae8
    4 b41 19b9 19d9 b61 aea ae9
    4 b60 b61 19d9 19d8 b09 ae9
    4 b42 19ba 19da b62 aeb aea
    4 b61 b62 19da 19d9 b0a aea
    4 b43 19bb 19db b63 aec aeb
    4 b62 b63 19db 19da b0b aeb
    4 b44 19bc 19dc b64 aed aec
    4 b63 b64 19dc 19db b0c aec
    4 b45 19bd 19dd b65 aee aed
    4 b64 b65 19dd 19dc b0d aed
    4 b46 19be 19de b66 aef aee
    4 b65 b66 19de 19dd b0e aee
    4 b47 19bf 19df b67 af0 aef
    4 b66 b67 19df 19de b0f aef
    4 b48 19c0 19e0 b68 af1 af0
    4 b67 b68 19e0 19df b10 af0
    4 b49 19c1 19e1 b69 af2 af1
    4 b68 b69 19e1 19e0 b11 af1
    4 b4a 19c2 19e2 b6a af3 af2
    4 b69 b6a 19e2 19e1 b12 af2
    4 b4b 19c3 19e3 b6b af4 af3
    4 b6a b6b 19e3 19e2 b13 af3
    4 b4c 19c4 19e4 b6c af5 af4
    4 b6b b6c 19e4 19e3 b14 af4
    4 b4d 19c5 19e5 b6d af6 af5
    4 b6c b6d 19e5 19e4 b15 af5
    4 b4e 19c6 19e6 b6e af7 af6
    4 b6d b6e 19e6 19e5 b16 af6
    4 b4f 19c7 19e7 b6f af8 af7
    4 b6e b6f 19e7 19e6 b17 af7
    4 b50 19c8 19e8 b70 af9 af8
    4 b6f b70 19e8 19e7 b18 af8
    4 b51 19c9 19e9 b71 afa af9
    4 b70 b71 19e9 19e8 b19 af9
    4 b52 19ca 19ea b72 afb afa
    4 b71 b72 19ea 19e9 b1a afa
    4 b53 19cb 19eb b73 afc afb
    4 b72 b73 19eb 19ea b1b afb
    4 b54 19cc 19ec b74 afd afc
    4 b73 b74 19ec 19eb b1c afc
    4 b55 19cd 19ed b75 afe afd
    4 b74 b75 19ed 19ec b1d afd
    4 b56 19ce 19ee b76 aff afe
    4 b75 b76 19ee 19ed b1e afe
    4 b57 19cf 19ef b77 b00 aff
    4 b76 b77 19ef 19ee b1f aff
    4 b77 b78 19f0 19ef b20 b00
    4 b59 19d1 19f1 b79 b02 b01
    4 2f8 b79 19f1 1170 b21 b01
    4 b5a 19d2 19f2 b7a b03 b02
    4 b79 b7a 19f2 19f1 b22 b02
    4 b5b 19d3 19f3 b7b b04 b03
    4 b7a b7b 19f3 19f2 b23 b03
    4 b5c 19d4 19f4 b7c b05 b04
    4 b7b b7c 19f4 19f3 b24 b04
    4 b5d 19d5 19f5 b7d b06 b05
    4 b7c b7d 19f5 19f4 b25 b05
    4 b5e 19d6 19f6 b7e b07 b06
    4 b7d b7e 19f6 19f5 b26 b06
    4 b5f 19d7 19f7 b7f b08 b07
    4 b7e b7f 19f7 19f6 b27 b07
    4 b60 19d8 19f8 b80 b09 b08
    4 b7f b80 19f8 19f7 b28 b08
    4 b61 19d9 19f9 b81 b0a b09
    4 b80 b81 19f9 19f8 b29 b09
    4 b62 19da 19fa b82 b0b b0a
    4 b81 b82 19fa 19f9 b2a b0a
    4 b63 19db 19fb b83 b0c b0b
    4 b82 b83 19fb 19fa b2b b0b
    4 b64 19dc 19fc b84 b0d b0c
    4 b83 b84 19fc 19fb b2c b0c
    4 b65 19dd 19fd b85 b0e b0d
    4 b84 b85 19fd 19fc b2d b0d
    4 b66 19de 19fe b86 b0f b0e
    4 b85 b86 19fe 19fd b2e b0e
    4 b67 19df 19ff b87 b10 b0f
    4 b86 b87 19ff 19fe b2f b0f
    4 b68 19e0 1a00 b88 b11 b10
    4 b87 b88 1a00 19ff b30 b10
    4 b69 19e1 1a01 b89 b12 b11
    4 b88 b89 1a01 1a00 b31 b11
    4 b6a 19e2 1a02 b8a b13 b12
    4 b89 b8a 1a02 1a01 b32 b12
    4 b6b 19e3 1a03 b8b b14 b13
    4 b8a b8b 1a03 1a02 b33 b13
    4 b6c 19e4 1a04 b8c b15 b14
    4 b8b b8c 1a04 1a03 b34 b14
    4 b6d 19e5 1a05 b8d b16 b15
    4 b8c b8d 1a05 1a04 b35 b15
    4 b6e 19e6 1a06 b8e b17 b16
    4 b8d b8e 1a06 1a05 b36 b16
    4 b6f 19e7 1a07 b8f b18 b17
    4 b8e b8f 1a07 1a06 b37 b17
    4 b70 19e8 1a08 b90 b19 b18
    4 b8f b90 1a08 1a07 b38 b18
    4 b71 19e9 1a09 b91 b1a b19
    4 b90 b91 1a09 1a08 b39 b19
    4 b72 19ea 1a0a b92 b1b b1a
    4 b91 b92 1a0a 1a09 b3a b1a
    4 b73 19eb 1a0b b93 b1c b1b
    4 b92 b93 1a0b 1a0a b3b b1b
    4 b74 19ec 1a0c b94 b1d b1c
    4 b93 b94 1a0c 1a0b b3c b1c
    4 b75 19ed 1a0d b95 b1e b1d
    4 b94 b95 1a0d 1a0c b3d b1d
    4 b76 19ee 1a0e b96 b1f b1e
    4 b95 b96 1a0e 1a0d b3e b1e
    4 b77 19ef 1a0f b97 b20 b1f
    4 b96 b97 1a0f 1a0e b3f b1f
    4 b97 b98 1a10 1a0f b40 b20
    4 b79 19f1 1a11 b99 b22 b21
    4 2d7 b99 1a11 114f b41 b21
    4 b7a 19f2 1a12 b9a b23 b22
    4 b99 b9a 1a12 1a11 b42 b22
    4 b7b 19f3 1a13 b9b b24 b23
    4 b9a b9b 1a13 1a12 b43 b23
    4 b7c 19f4 1a14 b9c b25 b24
    4 b9b b9c 1a14 1a13 b44 b24
    4 b7d 19f5 1a15 b9d b26 b25
    4 b9c b9d 1a15 1a14 b45 b25
    4 b7e 19f6 1a16 b9e b27 b26
    4 b9d b9e 1a16 1a15 b46 b26
    4 b7f 19f7 1a17 b9f b28 b27
    4 b9e b9f 1a17 1a16 b47 b27
    4 b80 19f8 1a18 ba0 b29 b28
    4 b9f ba0 1a18 1a17 b48 b28
    4 b81 19f9 1a19 ba1 b2a b29
    4 ba0 ba1 1a19 1a18 b49 b29
    4 b82 19fa 1a1a ba2 b2b b2a
    4 ba1 ba2 1a1a 1a19 b4a b2a
    4 b83 19fb 1a1b ba3 b2c b2b
    4 ba2 ba3 1a1b 1a1a b4b b2b
    4 b84 19fc 1a1c ba4 b2d b2c
    4 ba3 ba4 1a1c 1a1b b4c b2c
    4 b85 19fd 1a1d ba5 b2e b2d
    4 ba4 ba5 1a1d 1a1c b4d b2d
    4 b86 19fe 1a1e ba6 b2f b2e
    4 ba5 ba6 1a1e 1a1d b4e b2e
    4 b87 19ff 1a1f ba7 b30 b2f
    4 ba6 ba7 1a1f 1a1e b4f b2f
    4 b88 1a00 1a20 ba8 b31 b30
    4 ba7 ba8 1a20 1a1f b50 b30
    4 b89 1a01 1a21 ba9 b32 b31
    4 ba8 ba9 1a21 1a20 b51 b31
    4 b8a 1a02 1a22 baa b33 b32
    4 ba9 baa 1a22 1a21 b52 b32
    4 b8b 1a03 1a23 bab b34 b33
    4 baa bab 1a23 1a22 b53 b33
    4 b8c 1a04 1a24 bac b35 b34
    4 bab bac 1a24 1a23 b54 b34
    4 b8d 1a05 1a25 bad b36 b35
    4 bac bad 1a25 1a24 b55 b35
    4 b8e 1a06 1a26 bae b37 b36
    4 bad bae 1a26 1a25 b56 b36
    4 b8f 1a07 1a27 baf b38 b37
    4 bae baf 1a27 1a26 b57 b37
    4 b90 1a08 1a28 bb0 b39 b38
    4 baf bb0 1a28 1a27 b58 b38
    4 b91 1a09 1a29 bb1 b3a b39
    4 bb0 bb1 1a29 1a28 b59 b39
    4 b92 1a0a 1a2a bb2 b3b b3a
    4 bb1 bb2 1a2a 1a29 b5a b3a
    4 b93 1a0b 1a2b bb3 b3c b3b
    4 bb2 bb3 1a2b 1a2a b5b b3b
    4 b94 1a0c 1a2c bb4 b3d b3c
    4 bb3 bb4 1a2c 1a2b b5c b3c
    4 b95 1a0d 1a2d bb5 b3e b3d
    4 bb4 bb5 1a2d 1a2c b5d b3d
    4 b96 1a0e 1a2e bb6 b3f b3e
    4 bb5 bb6 1a2e 1a2d b5e b3e
    4 b97 1a0f 1a2f bb7 b40 b3f
    4 bb6 bb7 1a2f 1a2e b5f b3f
    4 bb7 bb8 1a30 1a2f b60 b40
    4 b99 1a11 1a31 bb9 b42 b41
    4 2b6 bb9 1a31 112e b61 b41
    4 b9a 1a12 1a32 bba b43 b42
    4 bb9 bba 1a32 1a31 b62 b42
    4 b9b 1a13 1a33 bbb b44 b43
    4 bba bbb 1a33 1a32 b63 b43
    4 b9c 1a14 1a34 bbc b45 b44
    4 bbb bbc 1a34 1a33 b64 b44
    4 b9d 1a15 1a35 bbd b46 b45
    4 bbc bbd 1a35 1a34 b65 b45
    4 b9e 1a16 1a36 bbe b47 b46
    4 bbd bbe 1a36 1a35 b66 b46
    4 b9f 1a17 1a37 bbf b48 b47
    4 bbe bbf 1a37 1a36 b67 b47
    4 ba0 1a18 1a38 bc0 b49 b48
    4 bbf bc0 1a38 1a37 b68 b48
    4 ba1 1a19 1a39 bc1 b4a b49
    4 bc0 bc1 1a39 1a38 b69 b49
    4 ba2 1a1a 1a3a bc2 b4b b4a
    4 bc1 bc2 1a3a 1a39 b6a b4a
    4 ba3 1a1b 1a3b bc3 b4c b4b
    4 bc2 bc3 1a3b 1a3a b6b b4b
    4 ba4 1a1c 1a3c bc4 b4d b4c
    4 bc3 bc4 1a3c 1a3b b6c b4c
    4 ba5 1a1d 1a3d bc5 b4e b4d
    4 bc4 bc5 1a3d 1a3c b6d b4d
    4 ba6 1a1e 1a3e bc6 b4f b4e
    4 bc5 bc6 1a3e 1a3d b6e b4e
    4 ba7 1a1f 1a3f bc7 b50 b4f
    4 bc6 bc7 1a3f 1a3e b6f b4f
    4 ba8 1a20 1a40 bc8 b51 b50
    4 bc7 bc8 1a40 1a3f b70 b50
    4 ba9 1a21 1a41 bc9 b52 b51
    4 bc8 bc9 1a41 1a40 b71 b51
    4 baa 1a22 1a42 bca b53 b52
    4 bc9 bca 1a42 1a41 b72 b52
    4 bab 1a23 1a43 bcb b54 b53
    4 bca bcb 1a43 1a42 b73 b53
    4 bac 1a24 1a44 bcc b55 b54
    4 bcb bcc 1a44 1a43 b74 b54
    4 bad 1a25 1a45 bcd b56 b55
    4 bcc bcd 1a45 1a44 b75 b55
    4 bae 1a26 1a46 bce b57 b56
    4 bcd bce 1a46 1a45 b76 b56
    4 baf 1a27 1a47 bcf b58 b57
    4 bce bcf 1a47 1a46 b77 b57
    4 bb0 1a28 1a48 bd0 b59 b58
    4 bcf bd0 1a48 1a47 b78 b58
    4 bb1 1a29 1a49 bd1 b5a b59
    4 bd0 bd1 1a49 1a48 b79 b59
    4 bb2 1a2a 1a4a bd2 b5b b5a
    4 bd1 bd2 1a4a 1a49 b7a b5a
    4 bb3 1a2b 1a4b bd3 b5c b5b
    4 bd2 bd3 1a4b 1a4a b7b b5b
    4 bb4 1a2c 1a4c bd4 b5d b5c
    4 bd3 bd4 1a4c 1a4b b7c b5c
    4 bb5 1a2d 1a4d bd5 b5e b5d
    4 bd4 bd5 1a4d 1a4c b7d b5d
    4 bb6 1a2e 1a4e bd6 b5f b5e
    4 bd5 bd6 1a4e 1a4d b7e b5e
    4 bb7 1a2f 1a4f bd7 b60 b5f
    4 bd6 bd7 1a4f 1a4e b7f b5f
    4 bd7 bd8 1a50 1a4f b80 b60
    4 bb9 1a31 1a51 bd9 b62 b61
    4 295 bd9 1a51 110d b81 b61
    4 bba 1a32 1a52 bda b63 b62
    4 bd9 bda 1a52 1a51 b82 b62
    4 bbb 1a33 1a53 bdb b64 b63
    4 bda bdb 1a53 1a52 b83 b63
    4 bbc 1a34 1a54 bdc b65 b64
    4 bdb bdc 1a54 1a53 b84 b64
    4 bbd 1a35 1a55 bdd b66 b65
    4 bdc bdd 1a55 1a54 b85 b65
    4 bbe 1a36 1a56 bde b67 b66
    4 bdd bde 1a56 1a55 b86 b66
    4 bbf 1a37 1a57 bdf b68 b67
    4 bde bdf 1a57 1a56 b87 b67
    4 bc0 1a38 1a58 be0 b69 b68
    4 bdf be0 1a58 1a57 b88 b68
    4 bc1 1a39 1a59 be1 b6a b69
    4 be0 be1 1a59 1a58 b89 b69
    4 bc2 1a3a 1a5a be2 b6b b6a
    4 be1 be2 1a5a 1a59 b8a b6a
    4 bc3 1a3b 1a5b be3 b6c b6b
    4 be2 be3 1a5b 1a5a b8b b6b
    4 bc4 1a3c 1a5c be4 b6d b6c
    4 be3 be4 1a5c 1a5b b8c b6c
    4 bc5 1a3d 1a5d be5 b6e b6d
    4 be4 be5 1a5d 1a5c b8d b6d
    4 bc6 1a3e 1a5e be6 b6f b6e
    4 be5 be6 1a5e 1a5d b8e b6e
    4 bc7 1a3f 1a5f be7 b70 b6f
    4 be6 be7 1a5f 1a5e b8f b6f
    4 bc8 1a40 1a60 be8 b71 b70
    4 be7 be8 1a60 1a5f b90 b70
    4 bc9 1a41 1a61 be9 b72 b71
    4 be8 be9 1a61 1a60 b91 b71
    4 bca 1a42 1a62 bea b73 b72
    4 be9 bea 1a62 1a61 b92 b72
    4 bcb 1a43 1a63 beb b74 b73
    4 bea beb 1a63 1a62 b93 b73
    4 bcc 1a44 1a64 bec b75 b74
    4 beb bec 1a64 1a63 b94 b74
    4 bcd 1a45 1a65 bed b76 b75
    4 bec bed 1a65 1a64 b95 b75
    4 bce 1a46 1a66 bee b77 b76
    4 bed bee 1a66 1a65 b96 b76
    4 bcf 1a47 1a67 bef b78 b77
    4 bee bef 1a67 1a66 b97 b77
    4 bd0 1a48 1a68 bf0 b79 b78
    4 bef bf0 1a68 1a67 b98 b78
    4 bd1 1a49 1a69 bf1 b7a b79
    4 bf0 bf1 1a69 1a68 b99 b79
    4 bd2 1a4a 1a6a bf2 b7b b7a
    4 bf1 bf2 1a6a 1a69 b9a b7a
    4 bd3 1a4b 1a6b bf3 b7c b7b
    4 bf2 bf3 1a6b 1a6a b9b b7b
    4 bd4 1a4c 1a6c bf4 b7d b7c
    4 bf3 bf4 1a6c 1a6b b9c b7c
    4 bd5 1a4d 1a6d bf5 b7e b7d
    4 bf4 bf5 1a6d 1a6c b9d b7d
    4 bd6 1a4e 1a6e bf6 b7f b7e
    4 bf5 bf6 1a6e 1a6d b9e b7e
    4 bd7 1a4f 1a6f bf7 b80 b7f
    4 bf6 bf7 1a6f 1a6e b9f b7f
    4 bf7 bf8 1a70 1a6f ba0 b80
    4 bd9 1a51 1a71 bf9 b82 b81
    4 274 bf9 1a71 10ec ba1 b81
    4 bda 1a52 1a72 bfa b83 b82
    4 bf9 bfa 1a72 1a71 ba2 b82
    4 bdb 1a53 1a73 bfb b84 b83
    4 bfa bfb 1a73 1a72 ba3 b83
    4 bdc 1a54 1a74 bfc b85 b84
    4 bfb bfc 1a74 1a73 ba4 b84
    4 bdd 1a55 1a75 bfd b86 b85
    4 bfc bfd 1a75 1a74 ba5 b85
    4 bde 1a56 1a76 bfe b87 b86
    4 bfd bfe 1a76 1a75 ba6 b86
    4 bdf 1a57 1a77 bff b88 b87
    4 bfe bff 1a77 1a76 ba7 b87
    4 be0 1a58 1a78 c00 b89 b88
    4 bff c00 1a78 1a77 ba8 b88
    4 be1 1a59 1a79 c01 b8a b89
    4 c00 c01 1a79 1a78 ba9 b89
    4 be2 1a5a 1a7a c02 b8b b8a
    4 c01 c02 1a7a 1a79 baa b8a
    4 be3 1a5b 1a7b c03 b8c b8b
    4 c02 c03 1a7b 1a7a bab b8b
    4 be4 1a5c 1a7c c04 b8d b8c
    4 c03 c04 1a7c 1a7b bac b8c
    4 be5 1a5d 1a7d c05 b8e b8d
    4 c04 c05 1a7d 1a7c bad b8d
    4 be6 1a5e 1a7e c06 b8f b8e
    4 c05 c06 1a7e 1a7d bae b8e
    4 be7 1a5f 1a7f c07 b90 b8f
    4 c06 c07 1a7f 1a7e baf b8f
    4 be8 1a60 1a80 c08 b91 b90
    4 c07 c08 1a80 1a7f bb0 b90
    4 be9 1a61 1a81 c09 b92 b91
    4 c08 c09 1a81 1a80 bb1 b91
    4 bea 1a62 1a82 c0a b93 b92
    4 c09 c0a 1a82 1a81 bb2 b92
    4 beb 1a63 1a83 c0b b94 b93
    4 c0a c0b 1a83 1a82 bb3 b93
    4 bec 1a64 1a84 c0c b95 b94
    4 c0b c0c 1a84 1a83 bb4 b94
    4 bed 1a65 1a85 c0d b96 b95
    4 c0c c0d 1a85 1a84 bb5 b95
    4 bee 1a66 1a86 c0e b97 b96
    4 c0d c0e 1a86 1a85 bb6 b96
    4 bef 1a67 1a87 c0f b98 b97
    4 c0e c0f 1a87 1a86 bb7 b97
    4 bf0 1a68 1a88 c10 b99 b98
    4 c0f c10 1a88 1a87 bb8 b98
    4 bf1 1a69 1a89 c11 b9a b99
    4 c10 c11 1a89 1a88 bb9 b99
    4 bf2 1a6a 1a8a c12 b9b b9a
    4 c11 c12 1a8a 1a89 bba b9a
    4 bf3 1a6b 1a8b c13 b9c b9b
    4 c12 c13 1a8b 1a8a bbb b9b
    4 bf4 1a6c 1a8c c14 b9d b9c
    4 c13 c14 1a8c 1a8b bbc b9c
    4 bf5 1a6d 1a8d c15 b9e b9d
    4 c14 c15 1a8d 1a8c bbd b9d
    4 bf6 1a6e 1a8e c16 b9f b9e
    4 c15 c16 1a8e 1a8d bbe b9e
    4 bf7 1a6f 1a8f c17 ba0 b9f
    4 c16 c17 1a8f 1a8e bbf b9f
    4 c17 c18 1a90 1a8f bc0 ba0
    4 bf9 1a71 1a91 c19 ba2 ba1
    4 253 c19 1a91 10cb bc1 ba1
    4 bfa 1a72 1a92 c1a ba3 ba2
    4 c19 c1a 1a92 1a91 bc2 ba2
    4 bfb 1a73 1a93 c1b ba4 ba3
    4 c1a c1b 1a93 1a92 bc3 ba3
    4 bfc 1a74 1a94 c1c ba5 ba4
    4 c1b c1c 1a94 1a93 bc4 ba4
    4 bfd 1a75 1a95 c1d ba6 ba5
    4 c1c c1d 1a95 1a94 bc5 ba5
    4 bfe 1a76 1a96 c1e ba7 ba6
    4 c1d c1e 1a96 1a95 bc6 ba6
    4 bff 1a77 1a97 c1f ba8 ba7
    4 c1e c1f 1a97 1a96 bc7 ba7
    4 c00 1a78 1a98 c20 ba9 ba8
    4 c1f c20 1a98 1a97 bc8 ba8
    4 c01 1a79 1a99 c21 baa ba9
    4 c20 c21 1a99 1a98 bc9 ba9
    4 c02 1a7a 1a9a c22 bab baa
    4 c21 c22 1a9a 1a99 bca baa
    4 c03 1a7b 1a9b c23 bac bab
    4 c22 c23 1a9b 1a9a bcb bab
    4 c04 1a7c 1a9c c24 bad bac
    4 c23 c24 1a9c 1a9b bcc bac
    4 c05 1a7d 1a9d c25 bae bad
    4 c24 c25 1a9d 1a9c bcd bad
    4 c06 1a7e 1a9e c26 baf bae
    4 c25 c26 1a9e 1a9d bce bae
    4 c07 1a7f 1a9f c27 bb0 baf
    4 c26 c27 1a9f 1a9e bcf baf
    4 c08 1a80 1aa0 c28 bb1 bb0
    4 c27 c28 1aa0 1a9f bd0 bb0
    4 c09 1a81 1aa1 c29 bb2 bb1
    4 c28 c29 1aa1 1aa0 bd1 bb1
    4 c0a 1a82 1aa2 c2a bb3 bb2
    4 c29 c2a 1aa2 1aa1 bd2 bb2
    4 c0b 1a83 1aa3 c2b bb4 bb3
    4 c2a c2b 1aa3 1aa2 bd3 bb3
    4 c0c 1a84 1aa4 c2c bb5 bb4
    4 c2b c2c 1aa4 1aa3 bd4 bb4
    4 c0d 1a85 1aa5 c2d bb6 bb5
    4 c2c c2d 1aa5 1aa4 bd5 bb5
    4 c0e 1a86 1aa6 c2e bb7 bb6
    4 c2d c2e 1aa6 1aa5 bd6 bb6
    4 c0f 1a87 1aa7 c2f bb8 bb7
    4 c2e c2f 1aa7 1aa6 bd7 bb7
    4 c10 1a88 1aa8 c30 bb9 bb8
    4 c2f c30 1aa8 1aa7 bd8 bb8
    4 c11 1a89 1aa9 c31 bba bb9
    4 c30 c31 1aa9 1aa8 bd9 bb9
    4 c12 1a8a 1aaa c32 bbb bba
    4 c31 c32 1aaa 1aa9 bda bba
    4 c13 1a8b 1aab c33 bbc bbb
    4 c32 c33 1aab 1aaa bdb bbb
    4 c14 1a8c 1aac c34 bbd bbc
    4 c33 c34 1aac 1aab bdc bbc
    4 c15 1a8d 1aad c35 bbe bbd
    4 c34 c35 1aad 1aac bdd bbd
    4 c16 1a8e 1aae c36 bbf bbe
    4 c35 c36 1aae 1aad bde bbe
    4 c17 1a8f 1aaf c37 bc0 bbf
    4 c36 c37 1aaf 1aae bdf bbf
    4 c37 c38 1ab0 1aaf be0 bc0
    4 c19 1a91 1ab1 c39 bc2 bc1
    4 232 c39 1ab1 10aa be1 bc1
    4 c1a 1a92 1ab2 c3a bc3 bc2
    4 c39 c3a 1ab2 1ab1 be2 bc2
    4 c1b 1a93 1ab3 c3b bc4 bc3
    4 c3a c3b 1ab3 1ab2 be3 bc3
    4 c1c 1a94 1ab4 c3c bc5 bc4
    4 c3b c3c 1ab4 1ab3 be4 bc4
    4 c1d 1a95 1ab5 c3d bc6 bc5
    4 c3c c3d 1ab5 1ab4 be5 bc5
    4 c1e 1a96 1ab6 c3e bc7 bc6
    4 c3d c3e 1ab6 1ab5 be6 bc6
    4 c1f 1a97 1ab7 c3f bc8 bc7
    4 c3e c3f 1ab7 1ab6 be7 bc7
    4 c20 1a98 1ab8 c40 bc9 bc8
    4 c3f c40 1ab8 1ab7 be8 bc8
    4 c21 1a99 1ab9 c41 bca bc9
    4 c40 c41 1ab9 1ab8 be9 bc9
    4 c22 1a9a 1aba c42 bcb bca
    4 c41 c42 1aba 1ab9 bea bca
    4 c23 1a9b 1abb c43 bcc bcb
    4 c42 c43 1abb 1aba beb bcb
    4 c24 1a9c 1abc c44 bcd bcc
    4 c43 c44 1abc 1abb bec bcc
    4 c25 1a9d 1abd c45 bce bcd
    4 c44 c45 1abd 1abc bed bcd
    4 c26 1a9e 1abe c46 bcf bce
    4 c45 c46 1abe 1abd bee bce
    4 c27 1a9f 1abf c47 bd0 bcf
    4 c46 c47 1abf 1abe bef bcf
    4 c28 1aa0 1ac0 c48 bd1 bd0
    4 c47 c48 1ac0 1abf bf0 bd0
    4 c29 1aa1 1ac1 c49 bd2 bd1
    4 c48 c49 1ac1 1ac0 bf1 bd1
    4 c2a 1aa2 1ac2 c4a bd3 bd2
    4 c49 c4a 1ac2 1ac1 bf2 bd2
    4 c2b 1aa3 1ac3 c4b bd4 bd3
    4 c4a c4b 1ac3 1ac2 bf3 bd3
    4 c2c 1aa4 1ac4 c4c bd5 bd4
    4 c4b c4c 1ac4 1ac3 bf4 bd4
    4 c2d 1aa5 1ac5 c4d bd6 bd5
    4 c4c c4d 1ac5 1ac4 bf5 bd5
    4 c2e 1aa6 1ac6 c4e bd7 bd6
    4 c4d c4e 1ac6 1ac5 bf6 bd6
    4 c2f 1aa7 1ac7 c4f bd8 bd7
    4 c4e c4f 1ac7 1ac6 bf7 bd7
    4 c30 1aa8 1ac8 c50 bd9 bd8
    4 c4f c50 1ac8 1ac7 bf8 bd8
    4 c31 1aa9 1ac9 c51 bda bd9
    4 c50 c51 1ac9 1ac8 bf9 bd9
    4 c32 1aaa 1aca c52 bdb bda
    4 c51 c52 1aca 1ac9 bfa bda
    4 c33 1aab 1acb c53 bdc bdb
    4 c52 c53 1acb 1aca bfb bdb
    4 c34 1aac 1acc c54 bdd bdc
    4 c53 c54 1acc 1acb bfc bdc
    4 c35 1aad 1acd c55 bde bdd
    4 c54 c55 1acd 1acc bfd bdd
    4 c36 1aae 1ace c56 bdf bde
    4 c55 c56 1ace 1acd bfe bde
    4 c37 1aaf 1acf c57 be0 bdf
    4 c56 c57 1acf 1ace bff bdf
    4 c57 c58 1ad0 1acf c00 be0
    4 c39 1ab1 1ad1 c59 be2 be1
    4 211 c59 1ad1 1089 c01 be1
    4 c3a 1ab2 1ad2 c5a be3 be2
    4 c59 c5a 1ad2 1ad1 c02 be2
    4 c3b 1ab3 1ad3 c5b be4 be3
    4 c5a c5b 1ad3 1ad2 c03 be3
    4 c3c 1ab4 1ad4 c5c be5 be4
    4 c5b c5c 1ad4 1ad3 c04 be4
    4 c3d 1ab5 1ad5 c5d be6 be5
    4 c5c c5d 1ad5 1ad4 c05 be5
    4 c3e 1ab6 1ad6 c5e be7 be6
    4 c5d c5e 1ad6 1ad5 c06 be6
    4 c3f 1ab7 1ad7 c5f be8 be7
    4 c5e c5f 1ad7 1ad6 c07 be7
    4 c40 1ab8 1ad8 c60 be9 be8
    4 c5f c60 1ad8 1ad7 c08 be8
    4 c41 1ab9 1ad9 c61 bea be9
    4 c60 c61 1ad9 1ad8 c09 be9
    4 c42 1aba 1ada c62 beb bea
    4 c61 c62 1ada 1ad9 c0a bea
    4 c43 1abb 1adb c63 bec beb
    4 c62 c63 1adb 1ada c0b beb
    4 c44 1abc 1adc c64 bed bec
    4 c63 c64 1adc 1adb c0c bec
    4 c45 1abd 1add c65 bee bed
    4 c64 c65 1add 1adc c0d bed
    4 c46 1abe 1ade c66 bef bee
    4 c65 c66 1ade 1add c0e bee
    4 c47 1abf 1adf c67 bf0 bef
    4 c66 c67 1adf 1ade c0f bef
    4 c48 1ac0 1ae0 c68 bf1 bf0
    4 c67 c68 1ae0 1adf c10 bf0
    4 c49 1ac1 1ae1 c69 bf2 bf1
    4 c68 c69 1ae1 1ae0 c11 bf1
    4 c4a 1ac2 1ae2 c6a bf3 bf2
    4 c69 c6a 1ae2 1ae1 c12 bf2
    4 c4b 1ac3 1ae3 c6b bf4 bf3
    4 c6a c6b 1ae3 1ae2 c13 bf3
    4 c4c 1ac4 1ae4 c6c bf5 bf4
    4 c6b c6c 1ae4 1ae3 c14 bf4
    4 c4d 1ac5 1ae5 c6d bf6 bf5
    4 c6c c6d 1ae5 1ae4 c15 bf5
    4 c4e 1ac6 1ae6 c6e bf7 bf6
    4 c6d c6e 1ae6 1ae5 c16 bf6
    4 c4f 1ac7 1ae7 c6f bf8 bf7
    4 c6e c6f 1ae7 1ae6 c17 bf7
    4 c50 1ac8 1ae8 c70 bf9 bf8
    4 c6f c70 1ae8 1ae7 c18 bf8
    4 c51 1ac9 1ae9 c71 bfa bf9
    4 c70 c71 1ae9 1ae8 c19 bf9
    4 c52 1aca 1aea c72 bfb bfa
    4 c71 c72 1aea 1ae9 c1a bfa
    4 c53 1acb 1aeb c73 bfc bfb
    4 c72 c73 1aeb 1aea c1b bfb
    4 c54 1acc 1aec c74 bfd bfc
    4 c73 c74 1aec 1aeb c1c bfc
    4 c55 1acd 1aed c75 bfe bfd
    4 c74 c75 1aed 1aec c1d bfd
    4 c56 1ace 1aee c76 bff bfe
    4 c75 c76 1aee 1aed c1e bfe
    4 c57 1acf 1aef c77 c00 bff
    4 c76 c77 1aef 1aee c1f bff
    4 c77 c78 1af0 1aef c20 c00
    4 c59 1ad1 1af1 c79 c02 c01
    4 1f0 c79 1af1 1068 c21 c01
    4 c5a 1ad2 1af2 c7a c03 c02
    4 c79 c7a 1af2 1af1 c22 c02
    4 c5b 1ad3 1af3 c7b c04 c03
    4 c7a c7b 1af3 1af2 c23 c03
    4 c5c 1ad4 1af4 c7c c05 c04
    4 c7b c7c 1af4 1af3 c24 c04
    4 c5d 1ad5 1af5 c7d c06 c05
    4 c7c c7d 1af5 1af4 c25 c05
    4 c5e 1ad6 1af6 c7e c07 c06
    4 c7d c7e 1af6 1af5 c26 c06
    4 c5f 1ad7 1af7 c7f c08 c07
    4 c7e c7f 1af7 1af6 c27 c07
    4 c60 1ad8 1af8 c80 c09 c08
    4 c7f c80 1af8 1af7 c28 c08
    4 c61 1ad9 1af9 c81 c0a c09
    4 c80 c81 1af9 1af8 c29 c09
    4 c62 1ada 1afa c82 c0b c0a
    4 c81 c82 1afa 1af9 c2a c0a
    4 c63 1adb 1afb c83 c0c c0b
    4 c82 c83 1afb 1afa c2b c0b
    4 c64 1adc 1afc c84 c0d c0c
    4 c83 c84 1afc 1afb c2c c0c
    4 c65 1add 1afd c85 c0e c0d
    4 c84 c85 1afd 1afc c2d c0d
    4 c66 1ade 1afe c86 c0f c0e
    4 c85 c86 1afe 1afd c2e c0e
    4 c67 1adf 1aff c87 c10 c0f
    4 c86 c87 1aff 1afe c2f c0f
    4 c68 1ae0 1b00 c88 c11 c10
    4 c87 c88 1b00 1aff c30 c10
    4 c69 1ae1 1b01 c89 c12 c11
    4 c88 c89 1b01 1b00 c31 c11
    4 c6a 1ae2 1b02 c8a c13 c12
    4 c89 c8a 1b02 1b01 c32 c12
    4 c6b 1ae3 1b03 c8b c14 c13
    4 c8a c8b 1b03 1b02 c33 c13
    4 c6c 1ae4 1b04 c8c c15 c14
    4 c8b c8c 1b04 1b03 c34 c14
    4 c6d 1ae5 1b05 c8d c16 c15
    4 c8c c8d 1b05 1b04 c35 c15
    4 c6e 1ae6 1b06 c8e c17 c16
    4 c8d c8e 1b06 1b05 c36 c16
    4 c6f 1ae7 1b07 c8f c18 c17
    4 c8e c8f 1b07 1b06 c37 c17
    4 c70 1ae8 1b08 c90 c19 c18
    4 c8f c90 1b08 1b07 c38 c18
    4 c71 1ae9 1b09 c91 c1a c19
    4 c90 c91 1b09 1b08 c39 c19
    4 c72 1aea 1b0a c92 c1b c1a
    4 c91 c92 1b0a 1b09 c3a c1a
    4 c73 1aeb 1b0b c93 c1c c1b
    4 c92 c93 1b0b 1b0a c3b c1b
    4 c74 1aec 1b0c c94 c1d c1c
    4 c93 c94 1b0c 1b0b c3c c1c
    4 c75 1aed 1b0d c95 c1e c1d
    4 c94 c95 1b0d 1b0c c3d c1d
    4 c76 1aee 1b0e c96 c1f c1e
    4 c95 c96 1b0e 1b0d c3e c1e
    4 c77 1aef 1b0f c97 c20 c1f
    4 c96 c97 1b0f 1b0e c3f c1f
    4 c97 c98 1b10 1b0f c40 c20
    4 c79 1af1 1b11 c99 c22 c21
    4 1cf c99 1b11 1047 c41 c21
    4 c7a 1af2 1b12 c9a c23 c22
    4 c99 c9a 1b12 1b11 c42 c22
    4 c7b 1af3 1b13 c9b c24 c23
    4 c9a c9b 1b13 1b12 c43 c23
    4 c7c 1af4 1b14 c9c c25 c24
    4 c9b c9c 1b14 1b13 c44 c24
    4 c7d 1af5 1b15 c9d c26 c25
    4 c9c c9d 1b15 1b14 c45 c25
    4 c7e 1af6 1b16 c9e c27 c26
    4 c9d c9e 1b16 1b15 c46 c26
    4 c7f 1af7 1b17 c9f c28 c27
    4 c9e c9f 1b17 1b16 c47 c27
    4 c80 1af8 1b18 ca0 c29 c28
    4 c9f ca0 1b18 1b17 c48 c28
    4 c81 1af9 1b19 ca1 c2a c29
    4 ca0 ca1 1b19 1b18 c49 c29
    4 c82 1afa 1b1a ca2 c2b c2a
    4 ca1 ca2 1b1a 1b19 c4a c2a
    4 c83 1afb 1b1b ca3 c2c c2b
    4 ca2 ca3 1b1b 1b1a c4b c2b
    4 c84 1afc 1b1c ca4 c2d c2c
    4 ca3 ca4 1b1c 1b1b c4c c2c
    4 c85 1afd 1b1d ca5 c2e c2d
    4 ca4 ca5 1b1d 1b1c c4d c2d
    4 c86 1afe 1b1e ca6 c2f c2e
    4 ca5 ca6 1b1e 1b1d c4e c2e
    4 c87 1aff 1b1f ca7 c30 c2f
    4 ca6 ca7 1b1f 1b1e c4f c2f
    4 c88 1b00 1b20 ca8 c31 c30
    4 ca7 ca8 1b20 1b1f c50 c30
    4 c89 1b01 1b21 ca9 c32 c31
    4 ca8 ca9 1b21 1b20 c51 c31
    4 c8a 1b02 1b22 caa c33 c32
    4 ca9 caa 1b22 1b21 c52 c32
    4 c8b 1b03 1b23 cab c34 c33
    4 caa cab 1b23 1b22 c53 c33
    4 c8c 1b04 1b24 cac c35 c34
    4 cab cac 1b24 1b23 c54 c34
    4 c8d 1b05 1b25 cad c36 c35
    4 cac cad 1b25 1b24 c55 c35
    4 c8e 1b06 1b26 cae c37 c36
    4 cad cae 1b26 1b25 c56 c36
    4 c8f 1b07 1b27 caf c38 c37
    4 cae caf 1b27 1b26 c57 c37
    4 c90 1b08 1b28 cb0 c39 c38
    4 caf cb0 1b28 1b27 c58 c38
    4 c91 1b09 1b29 cb1 c3a c39
    4 cb0 cb1 1b29 1b28 c59 c39
    4 c92 1b0a 1b2a cb2 c3b c3a
    4 cb1 cb2 1b2a 1b29 c5a c3a
    4 c93 1b0b 1b2b cb3 c3c c3b
    4 cb2 cb3 1b2b 1b2a c5b c3b
    4 c94 1b0c 1b2c cb4 c3d c3c
    4 cb3 cb4 1b2c 1b2b c5c c3c
    4 c95 1b0d 1b2d cb5 c3e c3d
    4 cb4 cb5 1b2d 1b2c c5d c3d
    4 c96 1b0e 1b2e cb6 c3f c3e
    4 cb5 cb6 1b2e 1b2d c5e c3e
    4 c97 1b0f 1b2f cb7 c40 c3f
    4 cb6 cb7 1b2f 1b2e c5f c3f
    4 cb7 cb8 1b30 1b2f c60 c40
    4 c99 1b11 1b31 cb9 c42 c41
    4 1ae cb9 1b31 1026 c61 c41
    4 c9a 1b12 1b32 cba c43 c42
    4 cb9 cba 1b32 1b31 c62 c42
    4 c9b 1b13 1b33 cbb c44 c43
    4 cba cbb 1b33 1b32 c63 c43
    4 c9c 1b14 1b34 cbc c45 c44
    4 cbb cbc 1b34 1b33 c64 c44
    4 c9d 1b15 1b35 cbd c46 c45
    4 cbc cbd 1b35 1b34 c65 c45
    4 c9e 1b16 1b36 cbe c47 c46
    4 cbd cbe 1b36 1b35 c66 c46
    4 c9f 1b17 1b37 cbf c48 c47
    4 cbe cbf 1b37 1b36 c67 c47
    4 ca0 1b18 1b38 cc0 c49 c48
    4 cbf cc0 1b38 1b37 c68 c48
    4 ca1 1b19 1b39 cc1 c4a c49
    4 cc0 cc1 1b39 1b38 c69 c49
    4 ca2 1b1a 1b3a cc2 c4b c4a
    4 cc1 cc2 1b3a 1b39 c6a c4a
    4 ca3 1b1b 1b3b cc3 c4c c4b
    4 cc2 cc3 1b3b 1b3a c6b c4b
    4 ca4 1b1c 1b3c cc4 c4d c4c
    4 cc3 cc4 1b3c 1b3b c6c c4c
    4 ca5 1b1d 1b3d cc5 c4e c4d
    4 cc4 cc5 1b3d 1b3c c6d c4d
    4 ca6 1b1e 1b3e cc6 c4f c4e
    4 cc5 cc6 1b3e 1b3d c6e c4e
    4 ca7 1b1f 1b3f cc7 c50 c4f
    4 cc6 cc7 1b3f 1b3e c6f c4f
    4 ca8 1b20 1b40 cc8 c51 c50
    4 cc7 cc8 1b40 1b3f c70 c50
    4 ca9 1b21 1b41 cc9 c52 c51
    4 cc8 cc9 1b41 1b40 c71 c51
    4 caa 1b22 1b42 cca c53 c52
    4 cc9 cca 1b42 1b41 c72 c52
    4 cab 1b23 1b43 ccb c54 c53
    4 cca ccb 1b43 1b42 c73 c53
    4 cac 1b24 1b44 ccc c55 c54
    4 ccb ccc 1b44 1b43 c74 c54
    4 cad 1b25 1b45 ccd c56 c55
    4 ccc ccd 1b45 1b44 c75 c55
    4 cae 1b26 1b46 cce c57 c56
    4 ccd cce 1b46 1b45 c76 c56
    4 caf 1b27 1b47 ccf c58 c57
    4 cce ccf 1b47 1b46 c77 c57
    4 cb0 1b28 1b48 cd0 c59 c58
    4 ccf cd0 1b48 1b47 c78 c58
    4 cb1 1b29 1b49 cd1 c5a c59
    4 cd0 cd1 1b49 1b48 c79 c59
    4 cb2 1b2a 1b4a cd2 c5b c5a
    4 cd1 cd2 1b4a 1b49 c7a c5a
    4 cb3 1b2b 1b4b cd3 c5c c5b
    4 cd2 cd3 1b4b 1b4a c7b c5b
    4 cb4 1b2c 1b4c cd4 c5d c5c
    4 cd3 cd4 1b4c 1b4b c7c c5c
    4 cb5 1b2d 1b4d cd5 c5e c5d
    4 cd4 cd5 1b4d 1b4c c7d c5d
    4 cb6 1b2e 1b4e cd6 c5f c5e
    4 cd5 cd6 1b4e 1b4d c7e c5e
    4 cb7 1b2f 1b4f cd7 c60 c5f
    4 cd6 cd7 1b4f 1b4e c7f c5f
    4 cd7 cd8 1b50 1b4f c80 c60
    4 cb9 1b31 1b51 cd9 c62 c61
    4 18d cd9 1b51 1005 c81 c61
    4 cba 1b32 1b52 cda c63 c62
    4 cd9 cda 1b52 1b51 c82 c62
    4 cbb 1b33 1b53 cdb c64 c63
    4 cda cdb 1b53 1b52 c83 c63
    4 cbc 1b34 1b54 cdc c65 c64
    4 cdb cdc 1b54 1b53 c84 c64
    4 cbd 1b35 1b55 cdd c66 c65
    4 cdc cdd 1b55 1b54 c85 c65
    4 cbe 1b36 1b56 cde c67 c66
    4 cdd cde 1b56 1b55 c86 c66
    4 cbf 1b37 1b57 cdf c68 c67
    4 cde cdf 1b57 1b56 c87 c67
    4 cc0 1b38 1b58 ce0 c69 c68
    4 cdf ce0 1b58 1b57 c88 c68
    4 cc1 1b39 1b59 ce1 c6a c69
    4 ce0 ce1 1b59 1b58 c89 c69
    4 cc2 1b3a 1b5a ce2 c6b c6a
    4 ce1 ce2 1b5a 1b59 c8a c6a
    4 cc3 1b3b 1b5b ce3 c6c c6b
    4 ce2 ce3 1b5b 1b5a c8b c6b
    4 cc4 1b3c 1b5c ce4 c6d c6c
    4 ce3 ce4 1b5c 1b5b c8c c6c
    4 cc5 1b3d 1b5d ce5 c6e c6d
    4 ce4 ce5 1b5d 1b5c c8d c6d
    4 cc6 1b3e 1b5e ce6 c6f c6e
    4 ce5 ce6 1b5e 1b5d c8e c6e
    4 cc7 1b3f 1b5f ce7 c70 c6f
    4 ce6 ce7 1b5f 1b5e c8f c6f
    4 cc8 1b40 1b60 ce8 c71 c70
    4 ce7 ce8 1b60 1b5f c90 c70
    4 cc9 1b41 1b61 ce9 c72 c71
    4 ce8 ce9 1b61 1b60 c91 c71
    4 cca 1b42 1b62 cea c73 c72
    4 ce9 cea 1b62 1b61 c92 c72
    4 ccb 1b43 1b63 ceb c74 c73
    4 cea ceb 1b63 1b62 c93 c73
    4 ccc 1b44 1b64 cec c75 c74
    4 ceb cec 1b64 1b63 c94 c74
    4 ccd 1b45 1b65 ced c76 c75
    4 cec ced 1b65 1b64 c95 c75
    4 cce 1b46 1b66 cee c77 c76
    4 ced cee 1b66 1b65 c96 c76
    4 ccf 1b47 1b67 cef c78 c77
    4 cee cef 1b67 1b66 c97 c77
    4 cd0 1b48 1b68 cf0 c79 c78
    4 cef cf0 1b68 1b67 c98 c78
    4 cd1 1b49 1b69 cf1 c7a c79
    4 cf0 cf1 1b69 1b68 c99 c79
    4 cd2 1b4a 1b6a cf2 c7b c7a
    4 cf1 cf2 1b6a 1b69 c9a c7a
    4 cd3 1b4b 1b6b cf3 c7c c7b
    4 cf2 cf3 1b6b 1b6a c9b c7b
    4 cd4 1b4c 1b6c cf4 c7d c7c
    4 cf3 cf4 1b6c 1b6b c9c c7c
    4 cd5 1b4d 1b6d cf5 c7e c7d
    4 cf4 cf5 1b6d 1b6c c9d c7d
    4 cd6 1b4e 1b6e cf6 c7f c7e
    4 cf5 cf6 1b6e 1b6d c9e c7e
    4 cd7 1b4f 1b6f cf7 c80 c7f
    4 cf6 cf7 1b6f 1b6e c9f c7f
    4 cf7 cf8 1b70 1b6f ca0 c80
    4 cd9 1b51 1b71 cf9 c82 c81
    4 16c cf9 1b71 fe4 ca1 c81
    4 cda 1b52 1b72 cfa c83 c82
    4 cf9 cfa 1b72 1b71 ca2 c82
    4 cdb 1b53 1b73 cfb c84 c83
    4 cfa cfb 1b73 1b72 ca3 c83
    4 cdc 1b54 1b74 cfc c85 c84
    4 cfb cfc 1b74 1b73 ca4 c84
    4 cdd 1b55 1b75 cfd c86 c85
    4 cfc cfd 1b75 1b74 ca5 c85
    4 cde 1b56 1b76 cfe c87 c86
    4 cfd cfe 1b76 1b75 ca6 c86
    4 cdf 1b57 1b77 cff c88 c87
    4 cfe cff 1b77 1b76 ca7 c87
    4 ce0 1b58 1b78 d00 c89 c88
    4 cff d00 1b78 1b77 ca8 c88
    4 ce1 1b59 1b79 d01 c8a c89
    4 d00 d01 1b79 1b78 ca9 c89
    4 ce2 1b5a 1b7a d02 c8b c8a
    4 d01 d02 1b7a 1b79 caa c8a
    4 ce3 1b5b 1b7b d03 c8c c8b
    4 d02 d03 1b7b 1b7a cab c8b
    4 ce4 1b5c 1b7c d04 c8d c8c
    4 d03 d04 1b7c 1b7b cac c8c
    4 ce5 1b5d 1b7d d05 c8e c8d
    4 d04 d05 1b7d 1b7c cad c8d
    4 ce6 1b5e 1b7e d06 c8f c8e
    4 d05 d06 1b7e 1b7d cae c8e
    4 ce7 1b5f 1b7f d07 c90 c8f
    4 d06 d07 1b7f 1b7e caf c8f
    4 ce8 1b60 1b80 d08 c91 c90
    4 d07 d08 1b80 1b7f cb0 c90
    4 ce9 1b61 1b81 d09 c92 c91
    4 d08 d09 1b81 1b80 cb1 c91
    4 cea 1b62 1b82 d0a c93 c92
    4 d09 d0a 1b82 1b81 cb2 c92
    4 ceb 1b63 1b83 d0b c94 c93
    4 d0a d0b 1b83 1b82 cb3 c93
    4 cec 1b64 1b84 d0c c95 c94
    4 d0b d0c 1b84 1b83 cb4 c94
    4 ced 1b65 1b85 d0d c96 c95
    4 d0c d0d 1b85 1b84 cb5 c95
    4 cee 1b66 1b86 d0e c97 c96
    4 d0d d0e 1b86 1b85 cb6 c96
    4 cef 1b67 1b87 d0f c98 c97
    4 d0e d0f 1b87 1b86 cb7 c97
    4 cf0 1b68 1b88 d10 c99 c98
    4 d0f d10 1b88 1b87 cb8 c98
    4 cf1 1b69 1b89 d11 c9a c99
    4 d10 d11 1b89 1b88 cb9 c99
    4 cf2 1b6a 1b8a d12 c9b c9a
    4 d11 d12 1b8a 1b89 cba c9a
    4 cf3 1b6b 1b8b d13 c9c c9b
    4 d12 d13 1b8b 1b8a cbb c9b
    4 cf4 1b6c 1b8c d14 c9d c9c
    4 d13 d14 1b8c 1b8b cbc c9c
    4 cf5 1b6d 1b8d d15 c9e c9d
    4 d14 d15 1b8d 1b8c cbd c9d
    4 cf6 1b6e 1b8e d16 c9f c9e
    4 d15 d16 1b8e 1b8d cbe c9e
    4 cf7 1b6f 1b8f d17 ca0 c9f
    4 d16 d17 1b8f 1b8e cbf c9f
    4 d17 d18 1b90 1b8f cc0 ca0
    4 cf9 1b71 1b91 d19 ca2 ca1
    4 14b d19 1b91 fc3 cc1 ca1
    4 cfa 1b72 1b92 d1a ca3 ca2
    4 d19 d1a 1b92 1b91 cc2 ca2
    4 cfb 1b73 1b93 d1b ca4 ca3
    4 d1a d1b 1b93 1b92 cc3 ca3
    4 cfc 1b74 1b94 d1c ca5 ca4
    4 d1b d1c 1b94 1b93 cc4 ca4
    4 cfd 1b75 1b95 d1d ca6 ca5
    4 d1c d1d 1b95 1b94 cc5 ca5
    4 cfe 1b76 1b96 d1e ca7 ca6
    4 d1d d1e 1b96 1b95 cc6 ca6
    4 cff 1b77 1b97 d1f ca8 ca7
    4 d1e d1f 1b97 1b96 cc7 ca7
    4 d00 1b78 1b98 d20 ca9 ca8
    4 d1f d20 1b98 1b97 cc8 ca8
    4 d01 1b79 1b99 d21 caa ca9
    4 d20 d21 1b99 1b98 cc9 ca9
    4 d02 1b7a 1b9a d22 cab caa
    4 d21 d22 1b9a 1b99 cca caa
    4 d03 1b7b 1b9b d23 cac cab
    4 d22 d23 1b9b 1b9a ccb cab
    4 d04 1b7c 1b9c d24 cad cac
    4 d23 d24 1b9c 1b9b ccc cac
    4 d05 1b7d 1b9d d25 cae cad
    4 d24 d25 1b9d 1b9c ccd cad
    4 d06 1b7e 1b9e d26 caf cae
    4 d25 d26 1b9e 1b9d cce cae
    4 d07 1b7f 1b9f d27 cb0 caf
    4 d26 d27 1b9f 1b9e ccf caf
    4 d08 1b80 1ba0 d28 cb1 cb0
    4 d27 d28 1ba0 1b9f cd0 cb0
    4 d09 1b81 1ba1 d29 cb2 cb1
    4 d28 d29 1ba1 1ba0 cd1 cb1
    4 d0a 1b82 1ba2 d2a cb3 cb2
    4 d29 d2a 1ba2 1ba1 cd2 cb2
    4 d0b 1b83 1ba3 d2b cb4 cb3
    4 d2a d2b 1ba3 1ba2 cd3 cb3
    4 d0c 1b84 1ba4 d2c cb5 cb4
    4 d2b d2c 1ba4 1ba3 cd4 cb4
    4 d0d 1b85 1ba5 d2d cb6 cb5
    4 d2c d2d 1ba5 1ba4 cd5 cb5
    4 d0e 1b86 1ba6 d2e cb7 cb6
    4 d2d d2e 1ba6 1ba5 cd6 cb6
    4 d0f 1b87 1ba7 d2f cb8 cb7
    4 d2e d2f 1ba7 1ba6 cd7 cb7
    4 d10 1b88 1ba8 d30 cb9 cb8
    4 d2f d30 1ba8 1ba7 cd8 cb8
    4 d11 1b89 1ba9 d31 cba cb9
    4 d30 d31 1ba9 1ba8 cd9 cb9
    4 d12 1b8a 1baa d32 cbb cba
    4 d31 d32 1baa 1ba9 cda cba
    4 d13 1b8b 1bab d33 cbc cbb
    4 d32 d33 1bab 1baa cdb cbb
    4 d14 1b8c 1bac d34 cbd cbc
    4 d33 d34 1bac 1bab cdc cbc
    4 d15 1b8d 1bad d35 cbe cbd
    4 d34 d35 1bad 1bac cdd cbd
    4 d16 1b8e 1bae d36 cbf cbe
    4 d35 d36 1bae 1bad cde cbe
    4 d17 1b8f 1baf d37 cc0 cbf
    4 d36 d37 1baf 1bae cdf cbf
    4 d37 d38 1bb0 1baf ce0 cc0
    4 d19 1b91 1bb1 d39 cc2 cc1
    4 12a d39 1bb1 fa2 ce1 cc1
    4 d1a 1b92 1bb2 d3a cc3 cc2
    4 d39 d3a 1bb2 1bb1 ce2 cc2
    4 d1b 1b93 1bb3 d3b cc4 cc3
    4 d3a d3b 1bb3 1bb2 ce3 cc3
    4 d1c 1b94 1bb4 d3c cc5 cc4
    4 d3b d3c 1bb4 1bb3 ce4 cc4
    4 d1d 1b95 1bb5 d3d cc6 cc5
    4 d3c d3d 1bb5 1bb4 ce5 cc5
    4 d1e 1b96 1bb6 d3e cc7 cc6
    4 d3d d3e 1bb6 1bb5 ce6 cc6
    4 d1f 1b97 1bb7 d3f cc8 cc7
    4 d3e d3f 1bb7 1bb6 ce7 cc7
    4 d20 1b98 1bb8 d40 cc9 cc8
    4 d3f d40 1bb8 1bb7 ce8 cc8
    4 d21 1b99 1bb9 d41 cca cc9
    4 d40 d41 1bb9 1bb8 ce9 cc9
    4 d22 1b9a 1bba d42 ccb cca
    4 d41 d42 1bba 1bb9 cea cca
    4 d23 1b9b 1bbb d43 ccc ccb
    4 d42 d43 1bbb 1bba ceb ccb
    4 d24 1b9c 1bbc d44 ccd ccc
    4 d43 d44 1bbc 1bbb cec ccc
    4 d25 1b9d 1bbd d45 cce ccd
    4 d44 d45 1bbd 1bbc ced ccd
    4 d26 1b9e 1bbe d46 ccf cce
    4 d45 d46 1bbe 1bbd cee cce
    4 d27 1b9f 1bbf d47 cd0 ccf
    4 d46 d47 1bbf 1bbe cef ccf
    4 d28 1ba0 1bc0 d48 cd1 cd0
    4 d47 d48 1bc0 1bbf cf0 cd0
    4 d29 1ba1 1bc1 d49 cd2 cd1
    4 d48 d49 1bc1 1bc0 cf1 cd1
    4 d2a 1ba2 1bc2 d4a cd3 cd2
    4 d49 d4a 1bc2 1bc1 cf2 cd2
    4 d2b 1ba3 1bc3 d4b cd4 cd3
    4 d4a d4b 1bc3 1bc2 cf3 cd3
    4 d2c 1ba4 1bc4 d4c cd5 cd4
    4 d4b d4c 1bc4 1bc3 cf4 cd4
    4 d2d 1ba5 1bc5 d4d cd6 cd5
    4 d4c d4d 1bc5 1bc4 cf5 cd5
    4 d2e 1ba6 1bc6 d4e cd7 cd6
    4 d4d d4e 1bc6 1bc5 cf6 cd6
    4 d2f 1ba7 1bc7 d4f cd8 cd7
    4 d4e d4f 1bc7 1bc6 cf7 cd7
    4 d30 1ba8 1bc8 d50 cd9 cd8
    4 d4f d50 1bc8 1bc7 cf8 cd8
    4 d31 1ba9 1bc9 d51 cda cd9
    4 d50 d51 1bc9 1bc8 cf9 cd9
    4 d32 1baa 1bca d52 cdb cda
    4 d51 d52 1bca 1bc9 cfa cda
    4 d33 1bab 1bcb d53 cdc cdb
    4 d52 d53 1bcb 1bca cfb cdb
    4 d34 1bac 1bcc d54 cdd cdc
    4 d53 d54 1bcc 1bcb cfc cdc
    4 d35 1bad 1bcd d55 cde cdd
    4 d54 d55 1bcd 1bcc cfd cdd
    4 d36 1bae 1bce d56 cdf cde
    4 d55 d56 1bce 1bcd cfe cde
    4 d37 1baf 1bcf d57 ce0 cdf
    4 d56 d57 1bcf 1bce cff cdf
    4 d57 d58 1bd0 1bcf d00 ce0
    4 d39 1bb1 1bd1 d59 ce2 ce1
    4 109 d59 1bd1 f81 d01 ce1
    4 d3a 1bb2 1bd2 d5a ce3 ce2
    4 d59 d5a 1bd2 1bd1 d02 ce2
    4 d3b 1bb3 1bd3 d5b ce4 ce3
    4 d5a d5b 1bd3 1bd2 d03 ce3
    4 d3c 1bb4 1bd4 d5c ce5 ce4
    4 d5b d5c 1bd4 1bd3 d04 ce4
    4 d3d 1bb5 1bd5 d5d ce6 ce5
    4 d5c d5d 1bd5 1bd4 d05 ce5
    4 d3e 1bb6 1bd6 d5e ce7 ce6
    4 d5d d5e 1bd6 1bd5 d06 ce6
    4 d3f 1bb7 1bd7 d5f ce8 ce7
    4 d5e d5f 1bd7 1bd6 d07 ce7
    4 d40 1bb8 1bd8 d60 ce9 ce8
    4 d5f d60 1bd8 1bd7 d08 ce8
    4 d41 1bb9 1bd9 d61 cea ce9
    4 d60 d61 1bd9 1bd8 d09 ce9
    4 d42 1bba 1bda d62 ceb cea
    4 d61 d62 1bda 1bd9 d0a cea
    4 d43 1bbb 1bdb d63 cec ceb
    4 d62 d63 1bdb 1bda d0b ceb
    4 d44 1bbc 1bdc d64 ced cec
    4 d63 d64 1bdc 1bdb d0c cec
    4 d45 1bbd 1bdd d65 cee ced
    4 d64 d65 1bdd 1bdc d0d ced
    4 d46 1bbe 1bde d66 cef cee
    4 d65 d66 1bde 1bdd d0e cee
    4 d47 1bbf 1bdf d67 cf0 cef
    4 d66 d67 1bdf 1bde d0f cef
    4 d48 1bc0 1be0 d68 cf1 cf0
    4 d67 d68 1be0 1bdf d10 cf0
    4 d49 1bc1 1be1 d69 cf2 cf1
    4 d68 d69 1be1 1be0 d11 cf1
    4 d4a 1bc2 1be2 d6a cf3 cf2
    4 d69 d6a 1be2 1be1 d12 cf2
    4 d4b 1bc3 1be3 d6b cf4 cf3
    4 d6a d6b 1be3 1be2 d13 cf3
    4 d4c 1bc4 1be4 d6c cf5 cf4
    4 d6b d6c 1be4 1be3 d14 cf4
    4 d4d 1bc5 1be5 d6d cf6 cf5
    4 d6c d6d 1be5 1be4 d15 cf5
    4 d4e 1bc6 1be6 d6e cf7 cf6
    4 d6d d6e 1be6 1be5 d16 cf6
    4 d4f 1bc7 1be7 d6f cf8 cf7
    4 d6e d6f 1be7 1be6 d17 cf7
    4 d50 1bc8 1be8 d70 cf9 cf8
    4 d6f d70 1be8 1be7 d18 cf8
    4 d51 1bc9 1be9 d71 cfa cf9
    4 d70 d71 1be9 1be8 d19 cf9
    4 d52 1bca 1bea d72 cfb cfa
    4 d71 d72 1bea 1be9 d1a cfa
    4 d53 1bcb 1beb d73 cfc cfb
    4 d72 d73 1beb 1bea d1b cfb
    4 d54 1bcc 1bec d74 cfd cfc
    4 d73 d74 1bec 1beb d1c cfc
    4 d55 1bcd 1bed d75 cfe cfd
    4 d74 d75 1bed 1bec d1d cfd
    4 d56 1bce 1bee d76 cff cfe
    4 d75 d76 1bee 1bed d1e cfe
    4 d57 1bcf 1bef d77 d00 cff
    4 d76 d77 1bef 1bee d1f cff
    4 d77 d78 1bf0 1bef d20 d00
    4 d59 1bd1 1bf1 d79 d02 d01
    4 e8 d79 1bf1 f60 d21 d01
    4 d5a 1bd2 1bf2 d7a d03 d02
    4 d79 d7a 1bf2 1bf1 d22 d02
    4 d5b 1bd3 1bf3 d7b d04 d03
    4 d7a d7b 1bf3 1bf2 d23 d03
    4 d5c 1bd4 1bf4 d7c d05 d04
    4 d7b d7c 1bf4 1bf3 d24 d04
    4 d5d 1bd5 1bf5 d7d d06 d05
    4 d7c d7d 1bf5 1bf4 d25 d05
    4 d5e 1bd6 1bf6 d7e d07 d06
    4 d7d d7e 1bf6 1bf5 d26 d06
    4 d5f 1bd7 1bf7 d7f d08 d07
    4 d7e d7f 1bf7 1bf6 d27 d07
    4 d60 1bd8 1bf8 d80 d09 d08
    4 d7f d80 1bf8 1bf7 d28 d08
    4 d61 1bd9 1bf9 d81 d0a d09
    4 d80 d81 1bf9 1bf8 d29 d09
    4 d62 1bda 1bfa d82 d0b d0a
    4 d81 d82 1bfa 1bf9 d2a d0a
    4 d63 1bdb 1bfb d83 d0c d0b
    4 d82 d83 1bfb 1bfa d2b d0b
    4 d64 1bdc 1bfc d84 d0d d0c
    4 d83 d84 1bfc 1bfb d2c d0c
    4 d65 1bdd 1bfd d85 d0e d0d
    4 d84 d85 1bfd 1bfc d2d d0d
    4 d66 1bde 1bfe d86 d0f d0e
    4 d85 d86 1bfe 1bfd d2e d0e
    4 d67 1bdf 1bff d87 d10 d0f
    4 d86 d87 1bff 1bfe d2f d0f
    4 d68 1be0 1c00 d88 d11 d10
    4 d87 d88 1c00 1bff d30 d10
    4 d69 1be1 1c01 d89 d12 d11
    4 d88 d89 1c01 1c00 d31 d11
    4 d6a 1be2 1c02 d8a d13 d12
    4 d89 d8a 1c02 1c01 d32 d12
    4 d6b 1be3 1c03 d8b d14 d13
    4 d8a d8b 1c03 1c02 d33 d13
    4 d6c 1be4 1c04 d8c d15 d14
    4 d8b d8c 1c04 1c03 d34 d14
    4 d6d 1be5 1c05 d8d d16 d15
    4 d8c d8d 1c05 1c04 d35 d15
    4 d6e 1be6 1c06 d8e d17 d16
    4 d8d d8e 1c06 1c05 d36 d16
    4 d6f 1be7 1c07 d8f d18 d17
    4 d8e d8f 1c07 1c06 d37 d17
    4 d70 1be8 1c08 d90 d19 d18
    4 d8f d90 1c08 1c07 d38 d18
    4 d71 1be9 1c09 d91 d1a d19
    4 d90 d91 1c09 1c08 d39 d19
    4 d72 1bea 1c0a d92 d1b d1a
    4 d91 d92 1c0a 1c09 d3a d1a
    4 d73 1beb 1c0b d93 d1c d1b
    4 d92 d93 1c0b 1c0a d3b d1b
    4 d74 1bec 1c0c d94 d1d d1c
    4 d93 d94 1c0c 1c0b d3c d1c
    4 d75 1bed 1c0d d95 d1e d1d
    4 d94 d95 1c0d 1c0c d3d d1d
    4 d76 1bee 1c0e d96 d1f d1e
    4 d95 d96 1c0e 1c0d d3e d1e
    4 d77 1bef 1c0f d97 d20 d1f
    4 d96 d97 1c0f 1c0e d3f d1f
    4 d97 d98 1c10 1c0f d40 d20
    4 d79 1bf1 1c11 d99 d22 d21
    4 c7 d99 1c11 f3f d41 d21
    4 d7a 1bf2 1c12 d9a d23 d22
    4 d99 d9a 1c12 1c11 d42 d22
    4 d7b 1bf3 1c13 d9b d24 d23
    4 d9a d9b 1c13 1c12 d43 d23
    4 d7c 1bf4 1c14 d9c d25 d24
    4 d9b d9c 1c14 1c13 d44 d24
    4 d7d 1bf5 1c15 d9d d26 d25
    4 d9c d9d 1c15 1c14 d45 d25
    4 d7e 1bf6 1c16 d9e d27 d26
    4 d9d d9e 1c16 1c15 d46 d26
    4 d7f 1bf7 1c17 d9f d28 d27
    4 d9e d9f 1c17 1c16 d47 d27
    4 d80 1bf8 1c18 da0 d29 d28
    4 d9f da0 1c18 1c17 d48 d28
    4 d81 1bf9 1c19 da1 d2a d29
    4 da0 da1 1c19 1c18 d49 d29
    4 d82 1bfa 1c1a da2 d2b d2a
    4 da1 da2 1c1a 1c19 d4a d2a
    4 d83 1bfb 1c1b da3 d2c d2b
    4 da2 da3 1c1b 1c1a d4b d2b
    4 d84 1bfc 1c1c da4 d2d d2c
    4 da3 da4 1c1c 1c1b d4c d2c
    4 d85 1bfd 1c1d da5 d2e d2d
    4 da4 da5 1c1d 1c1c d4d d2d
    4 d86 1bfe 1c1e da6 d2f d2e
    4 da5 da6 1c1e 1c1d d4e d2e
    4 d87 1bff 1c1f da7 d30 d2f
    4 da6 da7 1c1f 1c1e d4f d2f
    4 d88 1c00 1c20 da8 d31 d30
    4 da7 da8 1c20 1c1f d50 d30
    4 d89 1c01 1c21 da9 d32 d31
    4 da8 da9 1c21 1c20 d51 d31
    4 d8a 1c02 1c22 daa d33 d32
    4 da9 daa 1c22 1c21 d52 d32
    4 d8b 1c03 1c23 dab d34 d33
    4 daa dab 1c23 1c22 d53 d33
    4 d8c 1c04 1c24 dac d35 d34
    4 dab dac 1c24 1c23 d54 d34
    4 d8d 1c05 1c25 dad d36 d35
    4 dac dad 1c25 1c24 d55 d35
    4 d8e 1c06 1c26 dae d37 d36
    4 dad dae 1c26 1c25 d56 d36
    4 d8f 1c07 1c27 daf d38 d37
    4 dae daf 1c27 1c26 d57 d37
    4 d90 1c08 1c28 db0 d39 d38
    4 daf db0 1c28 1c27 d58 d38
    4 d91 1c09 1c29 db1 d3a d39
    4 db0 db1 1c29 1c28 d59 d39
    4 d92 1c0a 1c2a db2 d3b d3a
    4 db1 db2 1c2a 1c29 d5a d3a
    4 d93 1c0b 1c2b db3 d3c d3b
    4 db2 db3 1c2b 1c2a d5b d3b
    4 d94 1c0c 1c2c db4 d3d d3c
    4 db3 db4 1c2c 1c2b d5c d3c
    4 d95 1c0d 1c2d db5 d3e d3d
    4 db4 db5 1c2d 1c2c d5d d3d
    4 d96 1c0e 1c2e db6 d3f d3e
    4 db5 db6 1c2e 1c2d d5e d3e
    4 d97 1c0f 1c2f db7 d40 d3f
    4 db6 db7 1c2f 1c2e d5f d3f
    4 db7 db8 1c30 1c2f d60 d40
    4 d99 1c11 1c31 db9 d42 d41
    4 a6 db9 1c31 f1e d61 d41
    4 d9a 1c12 1c32 dba d43 d42
    4 db9 dba 1c32 1c31 d62 d42
    4 d9b 1c13 1c33 dbb d44 d43
    4 dba dbb 1c33 1c32 d63 d43
    4 d9c 1c14 1c34 dbc d45 d44
    4 dbb dbc 1c34 1c33 d64 d44
    4 d9d 1c15 1c35 dbd d46 d45
    4 dbc dbd 1c35 1c34 d65 d45
    4 d9e 1c16 1c36 dbe d47 d46
    4 dbd dbe 1c36 1c35 d66 d46
    4 d9f 1c17 1c37 dbf d48 d47
    4 dbe dbf 1c37 1c36 d67 d47
    4 da0 1c18 1c38 dc0 d49 d48
    4 dbf dc0 1c38 1c37 d68 d48
    4 da1 1c19 1c39 dc1 d4a d49
    4 dc0 dc1 1c39 1c38 d69 d49
    4 da2 1c1a 1c3a dc2 d4b d4a
    4 dc1 dc2 1c3a 1c39 d6a d4a
    4 da3 1c1b 1c3b dc3 d4c d4b
    4 dc2 dc3 1c3b 1c3a d6b d4b
    4 da4 1c1c 1c3c dc4 d4d d4c
    4 dc3 dc4 1c3c 1c3b d6c d4c
    4 da5 1c1d 1c3d dc5 d4e d4d
    4 dc4 dc5 1c3d 1c3c d6d d4d
    4 da6 1c1e 1c3e dc6 d4f d4e
    4 dc5 dc6 1c3e 1c3d d6e d4e
    4 da7 1c1f 1c3f dc7 d50 d4f
    4 dc6 dc7 1c3f 1c3e d6f d4f
    4 da8 1c20 1c40 dc8 d51 d50
    4 dc7 dc8 1c40 1c3f d70 d50
    4 da9 1c21 1c41 dc9 d52 d51
    4 dc8 dc9 1c41 1c40 d71 d51
    4 daa 1c22 1c42 dca d53 d52
    4 dc9 dca 1c42 1c41 d72 d52
    4 dab 1c23 1c43 dcb d54 d53
    4 dca dcb 1c43 1c42 d73 d53
    4 dac 1c24 1c44 dcc d55 d54
    4 dcb dcc 1c44 1c43 d74 d54
    4 dad 1c25 1c45 dcd d56 d55
    4 dcc dcd 1c45 1c44 d75 d55
    4 dae 1c26 1c46 dce d57 d56
    4 dcd dce 1c46 1c45 d76 d56
    4 daf 1c27 1c47 dcf d58 d57
    4 dce dcf 1c47 1c46 d77 d57
    4 db0 1c28 1c48 dd0 d59 d58
    4 dcf dd0 1c48 1c47 d78 d58
    4 db1 1c29 1c49 dd1 d5a d59
    4 dd0 dd1 1c49 1c48 d79 d59
    4 db2 1c2a 1c4a dd2 d5b d5a
    4 dd1 dd2 1c4a 1c49 d7a d5a
    4 db3 1c2b 1c4b dd3 d5c d5b
    4 dd2 dd3 1c4b 1c4a d7b d5b
    4 db4 1c2c 1c4c dd4 d5d d5c
    4 dd3 dd4 1c4c 1c4b d7c d5c
    4 db5 1c2d 1c4d dd5 d5e d5d
    4 dd4 dd5 1c4d 1c4c d7d d5d
    4 db6 1c2e 1c4e dd6 d5f d5e
    4 dd5 dd6 1c4e 1c4d d7e d5e
    4 db7 1c2f 1c4f dd7 d60 d5f
    4 dd6 dd7 1c4f 1c4e d7f d5f
    4 dd7 dd8 1c50 1c4f d80 d60
    4 db9 1c31 1c51 dd9 d62 d61
    4 85 dd9 1c51 efd d81 d61
    4 dba 1c32 1c52 dda d63 d62
    4 dd9 dda 1c52 1c51 d82 d62
    4 dbb 1c33 1c53 ddb d64 d63
    4 dda ddb 1c53 1c52 d83 d63
    4 dbc 1c34 1c54 ddc d65 d64
    4 ddb ddc 1c54 1c53 d84 d64
    4 dbd 1c35 1c55 ddd d66 d65
    4 ddc ddd 1c55 1c54 d85 d65
    4 dbe 1c36 1c56 dde d67 d66
    4 ddd dde 1c56 1c55 d86 d66
    4 dbf 1c37 1c57 ddf d68 d67
    4 dde ddf 1c57 1c56 d87 d67
    4 dc0 1c38 1c58 de0 d69 d68
    4 ddf de0 1c58 1c57 d88 d68
    4 dc1 1c39 1c59 de1 d6a d69
    4 de0 de1 1c59 1c58 d89 d69
    4 dc2 1c3a 1c5a de2 d6b d6a
    4 de1 de2 1c5a 1c59 d8a d6a
    4 dc3 1c3b 1c5b de3 d6c d6b
    4 de2 de3 1c5b 1c5a d8b d6b
    4 dc4 1c3c 1c5c de4 d6d d6c
    4 de3 de4 1c5c 1c5b d8c d6c
    4 dc5 1c3d 1c5d de5 d6e d6d
    4 de4 de5 1c5d 1c5c d8d d6d
    4 dc6 1c3e 1c5e de6 d6f d6e
    4 de5 de6 1c5e 1c5d d8e d6e
    4 dc7 1c3f 1c5f de7 d70 d6f
    4 de6 de7 1c5f 1c5e d8f d6f
    4 dc8 1c40 1c60 de8 d71 d70
    4 de7 de8 1c60 1c5f d90 d70
    4 dc9 1c41 1c61 de9 d72 d71
    4 de8 de9 1c61 1c60 d91 d71
    4 dca 1c42 1c62 dea d73 d72
    4 de9 dea 1c62 1c61 d92 d72
    4 dcb 1c43 1c63 deb d74 d73
    4 dea deb 1c63 1c62 d93 d73
    4 dcc 1c44 1c64 dec d75 d74
    4 deb dec 1c64 1c63 d94 d74
    4 dcd 1c45 1c65 ded d76 d75
    4 dec ded 1c65 1c64 d95 d75
    4 dce 1c46 1c66 dee d77 d76
    4 ded dee 1c66 1c65 d96 d76
    4 dcf 1c47 1c67 def d78 d77
    4 dee def 1c67 1c66 d97 d77
    4 dd0 1c48 1c68 df0 d79 d78
    4 def df0 1c68 1c67 d98 d78
    4 dd1 1c49 1c69 df1 d7a d79
    4 df0 df1 1c69 1c68 d99 d79
    4 dd2 1c4a 1c6a df2 d7b d7a
    4 df1 df2 1c6a 1c69 d9a d7a
    4 dd3 1c4b 1c6b df3 d7c d7b
    4 df2 df3 1c6b 1c6a d9b d7b
    4 dd4 1c4c 1c6c df4 d7d d7c
    4 df3 df4 1c6c 1c6b d9c d7c
    4 dd5 1c4d 1c6d df5 d7e d7d
    4 df4 df5 1c6d 1c6c d9d d7d
    4 dd6 1c4e 1c6e df6 d7f d7e
    4 df5 df6 1c6e 1c6d d9e d7e
    4 dd7 1c4f 1c6f df7 d80 d7f
    4 df6 df7 1c6f 1c6e d9f d7f
    4 df7 df8 1c70 1c6f da0 d80
    4 dd9 1c51 1c71 df9 d82 d81
    4 64 df9 1c71 edc da1 d81
    4 dda 1c52 1c72 dfa d83 d82
    4 df9 dfa 1c72 1c71 da2 d82
    4 ddb 1c53 1c73 dfb d84 d83
    4 dfa dfb 1c73 1c72 da3 d83
    4 ddc 1c54 1c74 dfc d85 d84
    4 dfb dfc 1c74 1c73 da4 d84
    4 ddd 1c55 1c75 dfd d86 d85
    4 dfc dfd 1c75 1c74 da5 d85
    4 dde 1c56 1c76 dfe d87 d86
    4 dfd dfe 1c76 1c75 da6 d86
    4 ddf 1c57 1c77 dff d88 d87
    4 dfe dff 1c77 1c76 da7 d87
    4 de0 1c58 1c78 e00 d89 d88
    4 dff e00 1c78 1c77 da8 d88
    4 de1 1c59 1c79 e01 d8a d89
    4 e00 e01 1c79 1c78 da9 d89
    4 de2 1c5a 1c7a e02 d8b d8a
    4 e01 e02 1c7a 1c79 daa d8a
    4 de3 1c5b 1c7b e03 d8c d8b
    4 e02 e03 1c7b 1c7a dab d8b
    4 de4 1c5c 1c7c e04 d8d d8c
    4 e03 e04 1c7c 1c7b dac d8c
    4 de5 1c5d 1c7d e05 d8e d8d
    4 e04 e05 1c7d 1c7c dad d8d
    4 de6 1c5e 1c7e e06 d8f d8e
    4 e05 e06 1c7e 1c7d dae d8e
    4 de7 1c5f 1c7f e07 d90 d8f
    4 e06 e07 1c7f 1c7e daf d8f
    4 de8 1c60 1c80 e08 d91 d90
    4 e07 e08 1c80 1c7f db0 d90
    4 de9 1c61 1c81 e09 d92 d91
    4 e08 e09 1c81 1c80 db1 d91
    4 dea 1c62 1c82 e0a d93 d92
    4 e09 e0a 1c82 1c81 db2 d92
    4 deb 1c63 1c83 e0b d94 d93
    4 e0a e0b 1c83 1c82 db3 d93
    4 dec 1c64 1c84 e0c d95 d94
    4 e0b e0c 1c84 1c83 db4 d94
    4 ded 1c65 1c85 e0d d96 d95
    4 e0c e0d 1c85 1c84 db5 d95
    4 dee 1c66 1c86 e0e d97 d96
    4 e0d e0e 1c86 1c85 db6 d96
    4 def 1c67 1c87 e0f d98 d97
    4 e0e e0f 1c87 1c86 db7 d97
    4 df0 1c68 1c88 e10 d99 d98
    4 e0f e10 1c88 1c87 db8 d98
    4 df1 1c69 1c89 e11 d9a d99
    4 e10 e11 1c89 1c88 db9 d99
    4 df2 1c6a 1c8a e12 d9b d9a
    4 e11 e12 1c8a 1c89 dba d9a
    4 df3 1c6b 1c8b e13 d9c d9b
    4 e12 e13 1c8b 1c8a dbb d9b
    4 df4 1c6c 1c8c e14 d9d d9c
    4 e13 e14 1c8c 1c8b dbc d9c
    4 df5 1c6d 1c8d e15 d9e d9d
    4 e14 e15 1c8d 1c8c dbd d9d
    4 df6 1c6e 1c8e e16 d9f d9e
    4 e15 e16 1c8e 1c8d dbe d9e
    4 df7 1c6f 1c8f e17 da0 d9f
    4 e16 e17 1c8f 1c8e dbf d9f
    4 e17 e18 1c90 1c8f dc0 da0
    4 df9 1c71 1c91 e19 da2 da1
    4 43 e19 1c91 ebb dc1 da1
    4 dfa 1c72 1c92 e1a da3 da2
    4 e19 e1a 1c92 1c91 dc2 da2
    4 dfb 1c73 1c93 e1b da4 da3
    4 e1a e1b 1c93 1c92 dc3 da3
    4 dfc 1c74 1c94 e1c da5 da4
    4 e1b e1c 1c94 1c93 dc4 da4
    4 dfd 1c75 1c95 e1d da6 da5
    4 e1c e1d 1c95 1c94 dc5 da5
    4 dfe 1c76 1c96 e1e da7 da6
    4 e1d e1e 1c96 1c95 dc6 da6
    4 dff 1c77 1c97 e1f da8 da7
    4 e1e e1f 1c97 1c96 dc7 da7
    4 e00 1c78 1c98 e20 da9 da8
    4 e1f e20 1c98 1c97 dc8 da8
    4 e01 1c79 1c99 e21 daa da9
    4 e20 e21 1c99 1c98 dc9 da9
    4 e02 1c7a 1c9a e22 dab daa
    4 e21 e22 1c9a 1c99 dca daa
    4 e03 1c7b 1c9b e23 dac dab
    4 e22 e23 1c9b 1c9a dcb dab
    4 e04 1c7c 1c9c e24 dad dac
    4 e23 e24 1c9c 1c9b dcc dac
    4 e05 1c7d 1c9d e25 dae dad
    4 e24 e25 1c9d 1c9c dcd dad
    4 e06 1c7e 1c9e e26 daf dae
    4 e25 e26 1c9e 1c9d dce dae
    4 e07 1c7f 1c9f e27 db0 daf
    4 e26 e27 1c9f 1c9e dcf daf
    4 e08 1c80 1ca0 e28 db1 db0
    4 e27 e28 1ca0 1c9f dd0 db0
    4 e09 1c81 1ca1 e29 db2 db1
    4 e28 e29 1ca1 1ca0 dd1 db1
    4 e0a 1c82 1ca2 e2a db3 db2
    4 e29 e2a 1ca2 1ca1 dd2 db2
    4 e0b 1c83 1ca3 e2b db4 db3
    4 e2a e2b 1ca3 1ca2 dd3 db3
    4 e0c 1c84 1ca4 e2c db5 db4
    4 e2b e2c 1ca4 1ca3 dd4 db4
    4 e0d 1c85 1ca5 e2d db6 db5
    4 e2c e2d 1ca5 1ca4 dd5 db5
    4 e0e 1c86 1ca6 e2e db7 db6
    4 e2d e2e 1ca6 1ca5 dd6 db6
    4 e0f 1c87 1ca7 e2f db8 db7
    4 e2e e2f 1ca7 1ca6 dd7 db7
    4 e10 1c88 1ca8 e30 db9 db8
    4 e2f e30 1ca8 1ca7 dd8 db8
    4 e11 1c89 1ca9 e31 dba db9
    4 e30 e31 1ca9 1ca8 dd9 db9
    4 e12 1c8a 1caa e32 dbb dba
    4 e31 e32 1caa 1ca9 dda dba
    4 e13 1c8b 1cab e33 dbc dbb
    4 e32 e33 1cab 1caa ddb dbb
    4 e14 1c8c 1cac e34 dbd dbc
    4 e33 e34 1cac 1cab ddc dbc
    4 e15 1c8d 1cad e35 dbe dbd
    4 e34 e35 1cad 1cac ddd dbd
    4 e16 1c8e 1cae e36 dbf dbe
    4 e35 e36 1cae 1cad dde dbe
    4 e17 1c8f 1caf e37 dc0 dbf
    4 e36 e37 1caf 1cae ddf dbf
    4 e37 e38 1cb0 1caf de0 dc0
    4 e19 1c91 1cb1 e39 dc2 dc1
    4 22 e39 1cb1 e9a de1 dc1
    4 e1a 1c92 1cb2 e3a dc3 dc2
    4 e39 e3a 1cb2 1cb1 de2 dc2
    4 e1b 1c93 1cb3 e3b dc4 dc3
    4 e3a e3b 1cb3 1cb2 de3 dc3
    4 e1c 1c94 1cb4 e3c dc5 dc4
    4 e3b e3c 1cb4 1cb3 de4 dc4
    4 e1d 1c95 1cb5 e3d dc6 dc5
    4 e3c e3d 1cb5 1cb4 de5 dc5
    4 e1e 1c96 1cb6 e3e dc7 dc6
    4 e3d e3e 1cb6 1cb5 de6 dc6
    4 e1f 1c97 1cb7 e3f dc8 dc7
    4 e3e e3f 1cb7 1cb6 de7 dc7
    4 e20 1c98 1cb8 e40 dc9 dc8
    4 e3f e40 1cb8 1cb7 de8 dc8
    4 e21 1c99 1cb9 e41 dca dc9
    4 e40 e41 1cb9 1cb8 de9 dc9
    4 e22 1c9a 1cba e42 dcb dca
    4 e41 e42 1cba 1cb9 dea dca
    4 e23 1c9b 1cbb e43 dcc dcb
    4 e42 e43 1cbb 1cba deb dcb
    4 e24 1c9c 1cbc e44 dcd dcc
    4 e43 e44 1cbc 1cbb dec dcc
    4 e25 1c9d 1cbd e45 dce dcd
    4 e44 e45 1cbd 1cbc ded dcd
    4 e26 1c9e 1cbe e46 dcf dce
    4 e45 e46 1cbe 1cbd dee dce
    4 e27 1c9f 1cbf e47 dd0 dcf
    4 e46 e47 1cbf 1cbe def dcf
    4 e28 1ca0 1cc0 e48 dd1 dd0
    4 e47 e48 1cc0 1cbf df0 dd0
    4 e29 1ca1 1cc1 e49 dd2 dd1
    4 e48 e49 1cc1 1cc0 df1 dd1
    4 e2a 1ca2 1cc2 e4a dd3 dd2
    4 e49 e4a 1cc2 1cc1 df2 dd2
    4 e2b 1ca3 1cc3 e4b dd4 dd3
    4 e4a e4b 1cc3 1cc2 df3 dd3
    4 e2c 1ca4 1cc4 e4c dd5 dd4
    4 e4b e4c 1cc4 1cc3 df4 dd4
    4 e2d 1ca5 1cc5 e4d dd6 dd5
    4 e4c e4d 1cc5 1cc4 df5 dd5
    4 e2e 1ca6 1cc6 e4e dd7 dd6
    4 e4d e4e 1cc6 1cc5 df6 dd6
    4 e2f 1ca7 1cc7 e4f dd8 dd7
    4 e4e e4f 1cc7 1cc6 df7 dd7
    4 e30 1ca8 1cc8 e50 dd9 dd8
    4 e4f e50 1cc8 1cc7 df8 dd8
    4 e31 1ca9 1cc9 e51 dda dd9
    4 e50 e51 1cc9 1cc8 df9 dd9
    4 e32 1caa 1cca e52 ddb dda
    4 e51 e52 1cca 1cc9 dfa dda
    4 e33 1cab 1ccb e53 ddc ddb
    4 e52 e53 1ccb 1cca dfb ddb
    4 e34 1cac 1ccc e54 ddd ddc
    4 e53 e54 1ccc 1ccb dfc ddc
    4 e35 1cad 1ccd e55 dde ddd
    4 e54 e55 1ccd 1ccc dfd ddd
    4 e36 1cae 1cce e56 ddf dde
    4 e55 e56 1cce 1ccd dfe dde
    4 e37 1caf 1ccf e57 de0 ddf
    4 e56 e57 1ccf 1cce dff ddf
    4 e57 e58 1cd0 1ccf e00 de0
    4 e39 1cb1 1cd1 e59 de2 de1
    4 e3a 1cb2 1cd2 e5a de3 de2
    4 e3b 1cb3 1cd3 e5b de4 de3
    4 e3c 1cb4 1cd4 e5c de5 de4
    4 e3d 1cb5 1cd5 e5d de6 de5
    4 e3e 1cb6 1cd6 e5e de7 de6
    4 e3f 1cb7 1cd7 e5f de8 de7
    4 e40 1cb8 1cd8 e60 de9 de8
    4 e41 1cb9 1cd9 e61 dea de9
    4 e42 1cba 1cda e62 deb dea
    4 e43 1cbb 1cdb e63 dec deb
    4 e44 1cbc 1cdc e64 ded dec
    4 e45 1cbd 1cdd e65 dee ded
    4 e46 1cbe 1cde e66 def dee
    4 e47 1cbf 1cdf e67 df0 def
    4 e48 1cc0 1ce0 e68 df1 df0
    4 e49 1cc1 1ce1 e69 df2 df1
    4 e4a 1cc2 1ce2 e6a df3 df2
    4 e4b 1cc3 1ce3 e6b df4 df3
    4 e4c 1cc4 1ce4 e6c df5 df4
    4 e4d 1cc5 1ce5 e6d df6 df5
    4 e4e 1cc6 1ce6 e6e df7 df6
    4 e4f 1cc7 1ce7 e6f df8 df7
    4 e50 1cc8 1ce8 e70 df9 df8
    4 e51 1cc9 1ce9 e71 dfa df9
    4 e52 1cca 1cea e72 dfb dfa
    4 e53 1ccb 1ceb e73 dfc dfb
    4 e54 1ccc 1cec e74 dfd dfc
    4 e55 1ccd 1ced e75 dfe dfd
    4 e56 1cce 1cee e76 dff dfe
    4 e57 1ccf 1cef e77 e00 dff
))
(13 (a 1b89 2988 4 0)
(
    4 22 23 2 1 1 0
    4 23 24 3 2 2 0
    4 24 25 4 3 3 0
    4 25 26 5 4 4 0
    4 26 27 6 5 5 0
    4 27 28 7 6 6 0
    4 28 29 8 7 7 0
    4 29 2a 9 8 8 0
    4 2a 2b a 9 9 0
    4 2b 2c b a a 0
    4 2c 2d c b b 0
    4 2d 2e d c c 0
    4 2e 2f e d d 0
    4 2f 30 f e e 0
    4 30 31 10 f f 0
    4 31 32 11 10 10 0
    4 32 33 12 11 11 0
    4 33 34 13 12 12 0
    4 34 35 14 13 13 0
    4 35 36 15 14 14 0
    4 36 37 16 15 15 0
    4 37 38 17 16 16 0
    4 38 39 18 17 17 0
    4 39 3a 19 18 18 0
    4 3a 3b 1a 19 19 0
    4 3b 3c 1b 1a 1a 0
    4 3c 3d 1c 1b 1b 0
    4 3d 3e 1d 1c 1c 0
    4 3e 3f 1e 1d 1d 0
    4 3f 40 1f 1e 1e 0
    4 40 41 20 1f 1f 0
    4 41 42 21 20 20 0
    4 43 44 23 22 21 0
    4 44 45 24 23 22 0
    4 45 46 25 24 23 0
    4 46 47 26 25 24 0
    4 47 48 27 26 25 0
    4 48 49 28 27 26 0
    4 49 4a 29 28 27 0
    4 4a 4b 2a 29 28 0
    4 4b 4c 2b 2a 29 0
    4 4c 4d 2c 2b 2a 0
    4 4d 4e 2d 2c 2b 0
    4 4e 4f 2e 2d 2c 0
    4 4f 50 2f 2e 2d 0
    4 50 51 30 2f 2e 0
    4 51 52 31 30 2f 0
    4 52 53 32 31 30 0
    4 53 54 33 32 31 0
    4 54 55 34 33 32 0
    4 55 56 35 34 33 0
    4 56 57 36 35 34 0
    4 57 58 37 36 35 0
    4 58 59 38 37 36 0
    4 59 5a 39 38 37 0
    4 5a 5b 3a 39 38 0
    4 5b 5c 3b 3a 39 0
    4 5c 5d 3c 3b 3a 0
    4 5d 5e 3d 3c 3b 0
    4 5e 5f 3e 3d 3c 0
    4 5f 60 3f 3e 3d 0
    4 60 61 40 3f 3e 0
    4 61 62 41 40 3f 0
    4 62 63 42 41 40 0
    4 64 65 44 43 41 0
    4 65 66 45 44 42 0
    4 66 67 46 45 43 0
    4 67 68 47 46 44 0
    4 68 69 48 47 45 0
    4 69 6a 49 48 46 0
    4 6a 6b 4a 49 47 0
    4 6b 6c 4b 4a 48 0
    4 6c 6d 4c 4b 49 0
    4 6d 6e 4d 4c 4a 0
    4 6e 6f 4e 4d 4b 0
    4 6f 70 4f 4e 4c 0
    4 70 71 50 4f 4d 0
    4 71 72 51 50 4e 0
    4 72 73 52 51 4f 0
    4 73 74 53 52 50 0
    4 74 75 54 53 51 0
    4 75 76 55 54 52 0
    4 76 77 56 55 53 0
    4 77 78 57 56 54 0
    4 78 79 58 57 55 0
    4 79 7a 59 58 56 0
    4 7a 7b 5a 59 57 0
    4 7b 7c 5b 5a 58 0
    4 7c 7d 5c 5b 59 0
    4 7d 7e 5d 5c 5a 0
    4 7e 7f 5e 5d 5b 0
    4 7f 80 5f 5e 5c 0
    4 80 81 60 5f 5d 0
    4 81 82 61 60 5e 0
    4 82 83 62 61 5f 0
    4 83 84 63 62 60 0
    4 85 86 65 64 61 0
    4 86 87 66 65 62 0
    4 87 88 67 66 63 0
    4 88 89 68 67 64 0
    4 89 8a 69 68 65 0
    4 8a 8b 6a 69 66 0
    4 8b 8c 6b 6a 67 0
    4 8c 8d 6c 6b 68 0
    4 8d 8e 6d 6c 69 0
    4 8e 8f 6e 6d 6a 0
    4 8f 90 6f 6e 6b 0
    4 90 91 70 6f 6c 0
    4 91 92 71 70 6d 0
    4 92 93 72 71 6e 0
    4 93 94 73 72 6f 0
    4 94 95 74 73 70 0
    4 95 96 75 74 71 0
    4 96 97 76 75 72 0
    4 97 98 77 76 73 0
    4 98 99 78 77 74 0
    4 99 9a 79 78 75 0
    4 9a 9b 7a 79 76 0
    4 9b 9c 7b 7a 77 0
    4 9c 9d 7c 7b 78 0
    4 9d 9e 7d 7c 79 0
    4 9e 9f 7e 7d 7a 0
    4 9f a0 7f 7e 7b 0
    4 a0 a1 80 7f 7c 0
    4 a1 a2 81 80 7d 0
    4 a2 a3 82 81 7e 0
    4 a3 a4 83 82 7f 0
    4 a4 a5 84 83 80 0
    4 a6 a7 86 85 81 0
    4 a7 a8 87 86 82 0
    4 a8 a9 88 87 83 0
    4 a9 aa 89 88 84 0
    4 aa ab 8a 89 85 0
    4 ab ac 8b 8a 86 0
    4 ac ad 8c 8b 87 0
    4 ad ae 8d 8c 88 0
    4 ae af 8e 8d 89 0
    4 af b0 8f 8e 8a 0
    4 b0 b1 90 8f 8b 0
    4 b1 b2 91 90 8c 0
    4 b2 b3 92 91 8d 0
    4 b3 b4 93 92 8e 0
    4 b4 b5 94 93 8f 0
    4 b5 b6 95 94 90 0
    4 b6 b7 96 95 91 0
    4 b7 b8 97 96 92 0
    4 b8 b9 98 97 93 0
    4 b9 ba 99 98 94 0
    4 ba bb 9a 99 95 0
    4 bb bc 9b 9a 96 0
    4 bc bd 9c 9b 97 0
    4 bd be 9d 9c 98 0
    4 be bf 9e 9d 99 0
    4 bf c0 9f 9e 9a 0
    4 c0 c1 a0 9f 9b 0
    4 c1 c2 a1 a0 9c 0
    4 c2 c3 a2 a1 9d 0
    4 c3 c4 a3 a2 9e 0
    4 c4 c5 a4 a3 9f 0
    4 c5 c6 a5 a4 a0 0
    4 c7 c8 a7 a6 a1 0
    4 c8 c9 a8 a7 a2 0
    4 c9 ca a9 a8 a3 0
    4 ca cb aa a9 a4 0
    4 cb cc ab aa a5 0
    4 cc cd ac ab a6 0
    4 cd ce ad ac a7 0
    4 ce cf ae ad a8 0
    4 cf d0 af ae a9 0
    4 d0 d1 b0 af aa 0
    4 d1 d2 b1 b0 ab 0
    4 d2 d3 b2 b1 ac 0
    4 d3 d4 b3 b2 ad 0
    4 d4 d5 b4 b3 ae 0
    4 d5 d6 b5 b4 af 0
    4 d6 d7 b6 b5 b0 0
    4 d7 d8 b7 b6 b1 0
    4 d8 d9 b8 b7 b2 0
    4 d9 da b9 b8 b3 0
    4 da db ba b9 b4 0
    4 db dc bb ba b5 0
    4 dc dd bc bb b6 0
    4 dd de bd bc b7 0
    4 de df be bd b8 0
    4 df e0 bf be b9 0
    4 e0 e1 c0 bf ba 0
    4 e1 e2 c1 c0 bb 0
    4 e2 e3 c2 c1 bc 0
    4 e3 e4 c3 c2 bd 0
    4 e4 e5 c4 c3 be 0
    4 e5 e6 c5 c4 bf 0
    4 e6 e7 c6 c5 c0 0
    4 e8 e9 c8 c7 c1 0
    4 e9 ea c9 c8 c2 0
    4 ea eb ca c9 c3 0
    4 eb ec cb ca c4 0
    4 ec ed cc cb c5 0
    4 ed ee cd cc c6 0
    4 ee ef ce cd c7 0
    4 ef f0 cf ce c8 0
    4 f0 f1 d0 cf c9 0
    4 f1 f2 d1 d0 ca 0
    4 f2 f3 d2 d1 cb 0
    4 f3 f4 d3 d2 cc 0
    4 f4 f5 d4 d3 cd 0
    4 f5 f6 d5 d4 ce 0
    4 f6 f7 d6 d5 cf 0
    4 f7 f8 d7 d6 d0 0
    4 f8 f9 d8 d7 d1 0
    4 f9 fa d9 d8 d2 0
    4 fa fb da d9 d3 0
    4 fb fc db da d4 0
    4 fc fd dc db d5 0
    4 fd fe dd dc d6 0
    4 fe ff de dd d7 0
    4 ff 100 df de d8 0
    4 100 101 e0 df d9 0
    4 101 102 e1 e0 da 0
    4 102 103 e2 e1 db 0
    4 103 104 e3 e2 dc 0
    4 104 105 e4 e3 dd 0
    4 105 106 e5 e4 de 0
    4 106 107 e6 e5 df 0
    4 107 108 e7 e6 e0 0
    4 109 10a e9 e8 e1 0
    4 10a 10b ea e9 e2 0
    4 10b 10c eb ea e3 0
    4 10c 10d ec eb e4 0
    4 10d 10e ed ec e5 0
    4 10e 10f ee ed e6 0
    4 10f 110 ef ee e7 0
    4 110 111 f0 ef e8 0
    4 111 112 f1 f0 e9 0
    4 112 113 f2 f1 ea 0
    4 113 114 f3 f2 eb 0
    4 114 115 f4 f3 ec 0
    4 115 116 f5 f4 ed 0
    4 116 117 f6 f5 ee 0
    4 117 118 f7 f6 ef 0
    4 118 119 f8 f7 f0 0
    4 119 11a f9 f8 f1 0
    4 11a 11b fa f9 f2 0
    4 11b 11c fb fa f3 0
    4 11c 11d fc fb f4 0
    4 11d 11e fd fc f5 0
    4 11e 11f fe fd f6 0
    4 11f 120 ff fe f7 0
    4 120 121 100 ff f8 0
    4 121 122 101 100 f9 0
    4 122 123 102 101 fa 0
    4 123 124 103 102 fb 0
    4 124 125 104 103 fc 0
    4 125 126 105 104 fd 0
    4 126 127 106 105 fe 0
    4 127 128 107 106 ff 0
    4 128 129 108 107 100 0
    4 12a 12b 10a 109 101 0
    4 12b 12c 10b 10a 102 0
    4 12c 12d 10c 10b 103 0
    4 12d 12e 10d 10c 104 0
    4 12e 12f 10e 10d 105 0
    4 12f 130 10f 10e 106 0
    4 130 131 110 10f 107 0
    4 131 132 111 110 108 0
    4 132 133 112 111 109 0
    4 133 134 113 112 10a 0
    4 134 135 114 113 10b 0
    4 135 136 115 114 10c 0
    4 136 137 116 115 10d 0
    4 137 138 117 116 10e 0
    4 138 139 118 117 10f 0
    4 139 13a 119 118 110 0
    4 13a 13b 11a 119 111 0
    4 13b 13c 11b 11a 112 0
    4 13c 13d 11c 11b 113 0
    4 13d 13e 11d 11c 114 0
    4 13e 13f 11e 11d 115 0
    4 13f 140 11f 11e 116 0
    4 140 141 120 11f 117 0
    4 141 142 121 120 118 0
    4 142 143 122 121 119 0
    4 143 144 123 122 11a 0
    4 144 145 124 123 11b 0
    4 145 146 125 124 11c 0
    4 146 147 126 125 11d 0
    4 147 148 127 126 11e 0
    4 148 149 128 127 11f 0
    4 149 14a 129 128 120 0
    4 14b 14c 12b 12a 121 0
    4 14c 14d 12c 12b 122 0
    4 14d 14e 12d 12c 123 0
    4 14e 14f 12e 12d 124 0
    4 14f 150 12f 12e 125 0
    4 150 151 130 12f 126 0
    4 151 152 131 130 127 0
    4 152 153 132 131 128 0
    4 153 154 133 132 129 0
    4 154 155 134 133 12a 0
    4 155 156 135 134 12b 0
    4 156 157 136 135 12c 0
    4 157 158 137 136 12d 0
    4 158 159 138 137 12e 0
    4 159 15a 139 138 12f 0
    4 15a 15b 13a 139 130 0
    4 15b 15c 13b 13a 131 0
    4 15c 15d 13c 13b 132 0
    4 15d 15e 13d 13c 133 0
    4 15e 15f 13e 13d 134 0
    4 15f 160 13f 13e 135 0
    4 160 161 140 13f 136 0
    4 161 162 141 140 137 0
    4 162 163 142 141 138 0
    4 163 164 143 142 139 0
    4 164 165 144 143 13a 0
    4 165 166 145 144 13b 0
    4 166 167 146 145 13c 0
    4 167 168 147 146 13d 0
    4 168 169 148 147 13e 0
    4 169 16a 149 148 13f 0
    4 16a 16b 14a 149 140 0
    4 16c 16d 14c 14b 141 0
    4 16d 16e 14d 14c 142 0
    4 16e 16f 14e 14d 143 0
    4 16f 170 14f 14e 144 0
    4 170 171 150 14f 145 0
    4 171 172 151 150 146 0
    4 172 173 152 151 147 0
    4 173 174 153 152 148 0
    4 174 175 154 153 149 0
    4 175 176 155 154 14a 0
    4 176 177 156 155 14b 0
    4 177 178 157 156 14c 0
    4 178 179 158 157 14d 0
    4 179 17a 159 158 14e 0
    4 17a 17b 15a 159 14f 0
    4 17b 17c 15b 15a 150 0
    4 17c 17d 15c 15b 151 0
    4 17d 17e 15d 15c 152 0
    4 17e 17f 15e 15d 153 0
    4 17f 180 15f 15e 154 0
    4 180 181 160 15f 155 0
    4 181 182 161 160 156 0
    4 182 183 162 161 157 0
    4 183 184 163 162 158 0
    4 184 185 164 163 159 0
    4 185 186 165 164 15a 0
    4 186 187 166 165 15b 0
    4 187 188 167 166 15c 0
    4 188 189 168 167 15d 0
    4 189 18a 169 168 15e 0
    4 18a 18b 16a 169 15f 0
    4 18b 18c 16b 16a 160 0
    4 18d 18e 16d 16c 161 0
    4 18e 18f 16e 16d 162 0
    4 18f 190 16f 16e 163 0
    4 190 191 170 16f 164 0
    4 191 192 171 170 165 0
    4 192 193 172 171 166 0
    4 193 194 173 172 167 0
    4 194 195 174 173 168 0
    4 195 196 175 174 169 0
    4 196 197 176 175 16a 0
    4 197 198 177 176 16b 0
    4 198 199 178 177 16c 0
    4 199 19a 179 178 16d 0
    4 19a 19b 17a 179 16e 0
    4 19b 19c 17b 17a 16f 0
    4 19c 19d 17c 17b 170 0
    4 19d 19e 17d 17c 171 0
    4 19e 19f 17e 17d 172 0
    4 19f 1a0 17f 17e 173 0
    4 1a0 1a1 180 17f 174 0
    4 1a1 1a2 181 180 175 0
    4 1a2 1a3 182 181 176 0
    4 1a3 1a4 183 182 177 0
    4 1a4 1a5 184 183 178 0
    4 1a5 1a6 185 184 179 0
    4 1a6 1a7 186 185 17a 0
    4 1a7 1a8 187 186 17b 0
    4 1a8 1a9 188 187 17c 0
    4 1a9 1aa 189 188 17d 0
    4 1aa 1ab 18a 189 17e 0
    4 1ab 1ac 18b 18a 17f 0
    4 1ac 1ad 18c 18b 180 0
    4 1ae 1af 18e 18d 181 0
    4 1af 1b0 18f 18e 182 0
    4 1b0 1b1 190 18f 183 0
    4 1b1 1b2 191 190 184 0
    4 1b2 1b3 192 191 185 0
    4 1b3 1b4 193 192 186 0
    4 1b4 1b5 194 193 187 0
    4 1b5 1b6 195 194 188 0
    4 1b6 1b7 196 195 189 0
    4 1b7 1b8 197 196 18a 0
    4 1b8 1b9 198 197 18b 0
    4 1b9 1ba 199 198 18c 0
    4 1ba 1bb 19a 199 18d 0
    4 1bb 1bc 19b 19a 18e 0
    4 1bc 1bd 19c 19b 18f 0
    4 1bd 1be 19d 19c 190 0
    4 1be 1bf 19e 19d 191 0
    4 1bf 1c0 19f 19e 192 0
    4 1c0 1c1 1a0 19f 193 0
    4 1c1 1c2 1a1 1a0 194 0
    4 1c2 1c3 1a2 1a1 195 0
    4 1c3 1c4 1a3 1a2 196 0
    4 1c4 1c5 1a4 1a3 197 0
    4 1c5 1c6 1a5 1a4 198 0
    4 1c6 1c7 1a6 1a5 199 0
    4 1c7 1c8 1a7 1a6 19a 0
    4 1c8 1c9 1a8 1a7 19b 0
    4 1c9 1ca 1a9 1a8 19c 0
    4 1ca 1cb 1aa 1a9 19d 0
    4 1cb 1cc 1ab 1aa 19e 0
    4 1cc 1cd 1ac 1ab 19f 0
    4 1cd 1ce 1ad 1ac 1a0 0
    4 1cf 1d0 1af 1ae 1a1 0
    4 1d0 1d1 1b0 1af 1a2 0
    4 1d1 1d2 1b1 1b0 1a3 0
    4 1d2 1d3 1b2 1b1 1a4 0
    4 1d3 1d4 1b3 1b2 1a5 0
    4 1d4 1d5 1b4 1b3 1a6 0
    4 1d5 1d6 1b5 1b4 1a7 0
    4 1d6 1d7 1b6 1b5 1a8 0
    4 1d7 1d8 1b7 1b6 1a9 0
    4 1d8 1d9 1b8 1b7 1aa 0
    4 1d9 1da 1b9 1b8 1ab 0
    4 1da 1db 1ba 1b9 1ac 0
    4 1db 1dc 1bb 1ba 1ad 0
    4 1dc 1dd 1bc 1bb 1ae 0
    4 1dd 1de 1bd 1bc 1af 0
    4 1de 1df 1be 1bd 1b0 0
    4 1df 1e0 1bf 1be 1b1 0
    4 1e0 1e1 1c0 1bf 1b2 0
    4 1e1 1e2 1c1 1c0 1b3 0
    4 1e2 1e3 1c2 1c1 1b4 0
    4 1e3 1e4 1c3 1c2 1b5 0
    4 1e4 1e5 1c4 1c3 1b6 0
    4 1e5 1e6 1c5 1c4 1b7 0
    4 1e6 1e7 1c6 1c5 1b8 0
    4 1e7 1e8 1c7 1c6 1b9 0
    4 1e8 1e9 1c8 1c7 1ba 0
    4 1e9 1ea 1c9 1c8 1bb 0
    4 1ea 1eb 1ca 1c9 1bc 0
    4 1eb 1ec 1cb 1ca 1bd 0
    4 1ec 1ed 1cc 1cb 1be 0
    4 1ed 1ee 1cd 1cc 1bf 0
    4 1ee 1ef 1ce 1cd 1c0 0
    4 1f0 1f1 1d0 1cf 1c1 0
    4 1f1 1f2 1d1 1d0 1c2 0
    4 1f2 1f3 1d2 1d1 1c3 0
    4 1f3 1f4 1d3 1d2 1c4 0
    4 1f4 1f5 1d4 1d3 1c5 0
    4 1f5 1f6 1d5 1d4 1c6 0
    4 1f6 1f7 1d6 1d5 1c7 0
    4 1f7 1f8 1d7 1d6 1c8 0
    4 1f8 1f9 1d8 1d7 1c9 0
    4 1f9 1fa 1d9 1d8 1ca 0
    4 1fa 1fb 1da 1d9 1cb 0
    4 1fb 1fc 1db 1da 1cc 0
    4 1fc 1fd 1dc 1db 1cd 0
    4 1fd 1fe 1dd 1dc 1ce 0
    4 1fe 1ff 1de 1dd 1cf 0
    4 1ff 200 1df 1de 1d0 0
    4 200 201 1e0 1df 1d1 0
    4 201 202 1e1 1e0 1d2 0
    4 202 203 1e2 1e1 1d3 0
    4 203 204 1e3 1e2 1d4 0
    4 204 205 1e4 1e3 1d5 0
    4 205 206 1e5 1e4 1d6 0
    4 206 207 1e6 1e5 1d7 0
    4 207 208 1e7 1e6 1d8 0
    4 208 209 1e8 1e7 1d9 0
    4 209 20a 1e9 1e8 1da 0
    4 20a 20b 1ea 1e9 1db 0
    4 20b 20c 1eb 1ea 1dc 0
    4 20c 20d 1ec 1eb 1dd 0
    4 20d 20e 1ed 1ec 1de 0
    4 20e 20f 1ee 1ed 1df 0
    4 20f 210 1ef 1ee 1e0 0
    4 211 212 1f1 1f0 1e1 0
    4 212 213 1f2 1f1 1e2 0
    4 213 214 1f3 1f2 1e3 0
    4 214 215 1f4 1f3 1e4 0
    4 215 216 1f5 1f4 1e5 0
    4 216 217 1f6 1f5 1e6 0
    4 217 218 1f7 1f6 1e7 0
    4 218 219 1f8 1f7 1e8 0
    4 219 21a 1f9 1f8 1e9 0
    4 21a 21b 1fa 1f9 1ea 0
    4 21b 21c 1fb 1fa 1eb 0
    4 21c 21d 1fc 1fb 1ec 0
    4 21d 21e 1fd 1fc 1ed 0
    4 21e 21f 1fe 1fd 1ee 0
    4 21f 220 1ff 1fe 1ef 0
    4 220 221 200 1ff 1f0 0
    4 221 222 201 200 1f1 0
    4 222 223 202 201 1f2 0
    4 223 224 203 202 1f3 0
    4 224 225 204 203 1f4 0
    4 225 226 205 204 1f5 0
    4 226 227 206 205 1f6 0
    4 227 228 207 206 1f7 0
    4 228 229 208 207 1f8 0
    4 229 22a 209 208 1f9 0
    4 22a 22b 20a 209 1fa 0
    4 22b 22c 20b 20a 1fb 0
    4 22c 22d 20c 20b 1fc 0
    4 22d 22e 20d 20c 1fd 0
    4 22e 22f 20e 20d 1fe 0
    4 22f 230 20f 20e 1ff 0
    4 230 231 210 20f 200 0
    4 232 233 212 211 201 0
    4 233 234 213 212 202 0
    4 234 235 214 213 203 0
    4 235 236 215 214 204 0
    4 236 237 216 215 205 0
    4 237 238 217 216 206 0
    4 238 239 218 217 207 0
    4 239 23a 219 218 208 0
    4 23a 23b 21a 219 209 0
    4 23b 23c 21b 21a 20a 0
    4 23c 23d 21c 21b 20b 0
    4 23d 23e 21d 21c 20c 0
    4 23e 23f 21e 21d 20d 0
    4 23f 240 21f 21e 20e 0
    4 240 241 220 21f 20f 0
    4 241 242 221 220 210 0
    4 242 243 222 221 211 0
    4 243 244 223 222 212 0
    4 244 245 224 223 213 0
    4 245 246 225 224 214 0
    4 246 247 226 225 215 0
    4 247 248 227 226 216 0
    4 248 249 228 227 217 0
    4 249 24a 229 228 218 0
    4 24a 24b 22a 229 219 0
    4 24b 24c 22b 22a 21a 0
    4 24c 24d 22c 22b 21b 0
    4 24d 24e 22d 22c 21c 0
    4 24e 24f 22e 22d 21d 0
    4 24f 250 22f 22e 21e 0
    4 250 251 230 22f 21f 0
    4 251 252 231 230 220 0
    4 253 254 233 232 221 0
    4 254 255 234 233 222 0
    4 255 256 235 234 223 0
    4 256 257 236 235 224 0
    4 257 258 237 236 225 0
    4 258 259 238 237 226 0
    4 259 25a 239 238 227 0
    4 25a 25b 23a 239 228 0
    4 25b 25c 23b 23a 229 0
    4 25c 25d 23c 23b 22a 0
    4 25d 25e 23d 23c 22b 0
    4 25e 25f 23e 23d 22c 0
    4 25f 260 23f 23e 22d 0
    4 260 261 240 23f 22e 0
    4 261 262 241 240 22f 0
    4 262 263 242 241 230 0
    4 263 264 243 242 231 0
    4 264 265 244 243 232 0
    4 265 266 245 244 233 0
    4 266 267 246 245 234 0
    4 267 268 247 246 235 0
    4 268 269 248 247 236 0
    4 269 26a 249 248 237 0
    4 26a 26b 24a 249 238 0
    4 26b 26c 24b 24a 239 0
    4 26c 26d 24c 24b 23a 0
    4 26d 26e 24d 24c 23b 0
    4 26e 26f 24e 24d 23c 0
    4 26f 270 24f 24e 23d 0
    4 270 271 250 24f 23e 0
    4 271 272 251 250 23f 0
    4 272 273 252 251 240 0
    4 274 275 254 253 241 0
    4 275 276 255 254 242 0
    4 276 277 256 255 243 0
    4 277 278 257 256 244 0
    4 278 279 258 257 245 0
    4 279 27a 259 258 246 0
    4 27a 27b 25a 259 247 0
    4 27b 27c 25b 25a 248 0
    4 27c 27d 25c 25b 249 0
    4 27d 27e 25d 25c 24a 0
    4 27e 27f 25e 25d 24b 0
    4 27f 280 25f 25e 24c 0
    4 280 281 260 25f 24d 0
    4 281 282 261 260 24e 0
    4 282 283 262 261 24f 0
    4 283 284 263 262 250 0
    4 284 285 264 263 251 0
    4 285 286 265 264 252 0
    4 286 287 266 265 253 0
    4 287 288 267 266 254 0
    4 288 289 268 267 255 0
    4 289 28a 269 268 256 0
    4 28a 28b 26a 269 257 0
    4 28b 28c 26b 26a 258 0
    4 28c 28d 26c 26b 259 0
    4 28d 28e 26d 26c 25a 0
    4 28e 28f 26e 26d 25b 0
    4 28f 290 26f 26e 25c 0
    4 290 291 270 26f 25d 0
    4 291 292 271 270 25e 0
    4 292 293 272 271 25f 0
    4 293 294 273 272 260 0
    4 295 296 275 274 261 0
    4 296 297 276 275 262 0
    4 297 298 277 276 263 0
    4 298 299 278 277 264 0
    4 299 29a 279 278 265 0
    4 29a 29b 27a 279 266 0
    4 29b 29c 27b 27a 267 0
    4 29c 29d 27c 27b 268 0
    4 29d 29e 27d 27c 269 0
    4 29e 29f 27e 27d 26a 0
    4 29f 2a0 27f 27e 26b 0
    4 2a0 2a1 280 27f 26c 0
    4 2a1 2a2 281 280 26d 0
    4 2a2 2a3 282 281 26e 0
    4 2a3 2a4 283 282 26f 0
    4 2a4 2a5 284 283 270 0
    4 2a5 2a6 285 284 271 0
    4 2a6 2a7 286 285 272 0
    4 2a7 2a8 287 286 273 0
    4 2a8 2a9 288 287 274 0
    4 2a9 2aa 289 288 275 0
    4 2aa 2ab 28a 289 276 0
    4 2ab 2ac 28b 28a 277 0
    4 2ac 2ad 28c 28b 278 0
    4 2ad 2ae 28d 28c 279 0
    4 2ae 2af 28e 28d 27a 0
    4 2af 2b0 28f 28e 27b 0
    4 2b0 2b1 290 28f 27c 0
    4 2b1 2b2 291 290 27d 0
    4 2b2 2b3 292 291 27e 0
    4 2b3 2b4 293 292 27f 0
    4 2b4 2b5 294 293 280 0
    4 2b6 2b7 296 295 281 0
    4 2b7 2b8 297 296 282 0
    4 2b8 2b9 298 297 283 0
    4 2b9 2ba 299 298 284 0
    4 2ba 2bb 29a 299 285 0
    4 2bb 2bc 29b 29a 286 0
    4 2bc 2bd 29c 29b 287 0
    4 2bd 2be 29d 29c 288 0
    4 2be 2bf 29e 29d 289 0
    4 2bf 2c0 29f 29e 28a 0
    4 2c0 2c1 2a0 29f 28b 0
    4 2c1 2c2 2a1 2a0 28c 0
    4 2c2 2c3 2a2 2a1 28d 0
    4 2c3 2c4 2a3 2a2 28e 0
    4 2c4 2c5 2a4 2a3 28f 0
    4 2c5 2c6 2a5 2a4 290 0
    4 2c6 2c7 2a6 2a5 291 0
    4 2c7 2c8 2a7 2a6 292 0
    4 2c8 2c9 2a8 2a7 293 0
    4 2c9 2ca 2a9 2a8 294 0
    4 2ca 2cb 2aa 2a9 295 0
    4 2cb 2cc 2ab 2aa 296 0
    4 2cc 2cd 2ac 2ab 297 0
    4 2cd 2ce 2ad 2ac 298 0
    4 2ce 2cf 2ae 2ad 299 0
    4 2cf 2d0 2af 2ae 29a 0
    4 2d0 2d1 2b0 2af 29b 0
    4 2d1 2d2 2b1 2b0 29c 0
    4 2d2 2d3 2b2 2b1 29d 0
    4 2d3 2d4 2b3 2b2 29e 0
    4 2d4 2d5 2b4 2b3 29f 0
    4 2d5 2d6 2b5 2b4 2a0 0
    4 2d7 2d8 2b7 2b6 2a1 0
    4 2d8 2d9 2b8 2b7 2a2 0
    4 2d9 2da 2b9 2b8 2a3 0
    4 2da 2db 2ba 2b9 2a4 0
    4 2db 2dc 2bb 2ba 2a5 0
    4 2dc 2dd 2bc 2bb 2a6 0
    4 2dd 2de 2bd 2bc 2a7 0
    4 2de 2df 2be 2bd 2a8 0
    4 2df 2e0 2bf 2be 2a9 0
    4 2e0 2e1 2c0 2bf 2aa 0
    4 2e1 2e2 2c1 2c0 2ab 0
    4 2e2 2e3 2c2 2c1 2ac 0
    4 2e3 2e4 2c3 2c2 2ad 0
    4 2e4 2e5 2c4 2c3 2ae 0
    4 2e5 2e6 2c5 2c4 2af 0
    4 2e6 2e7 2c6 2c5 2b0 0
    4 2e7 2e8 2c7 2c6 2b1 0
    4 2e8 2e9 2c8 2c7 2b2 0
    4 2e9 2ea 2c9 2c8 2b3 0
    4 2ea 2eb 2ca 2c9 2b4 0
    4 2eb 2ec 2cb 2ca 2b5 0
    4 2ec 2ed 2cc 2cb 2b6 0
    4 2ed 2ee 2cd 2cc 2b7 0
    4 2ee 2ef 2ce 2cd 2b8 0
    4 2ef 2f0 2cf 2ce 2b9 0
    4 2f0 2f1 2d0 2cf 2ba 0
    4 2f1 2f2 2d1 2d0 2bb 0
    4 2f2 2f3 2d2 2d1 2bc 0
    4 2f3 2f4 2d3 2d2 2bd 0
    4 2f4 2f5 2d4 2d3 2be 0
    4 2f5 2f6 2d5 2d4 2bf 0
    4 2f6 2f7 2d6 2d5 2c0 0
    4 2f8 2f9 2d8 2d7 2c1 0
    4 2f9 2fa 2d9 2d8 2c2 0
    4 2fa 2fb 2da 2d9 2c3 0
    4 2fb 2fc 2db 2da 2c4 0
    4 2fc 2fd 2dc 2db 2c5 0
    4 2fd 2fe 2dd 2dc 2c6 0
    4 2fe 2ff 2de 2dd 2c7 0
    4 2ff 300 2df 2de 2c8 0
    4 300 301 2e0 2df 2c9 0
    4 301 302 2e1 2e0 2ca 0
    4 302 303 2e2 2e1 2cb 0
    4 303 304 2e3 2e2 2cc 0
    4 304 305 2e4 2e3 2cd 0
    4 305 306 2e5 2e4 2ce 0
    4 306 307 2e6 2e5 2cf 0
    4 307 308 2e7 2e6 2d0 0
    4 308 309 2e8 2e7 2d1 0
    4 309 30a 2e9 2e8 2d2 0
    4 30a 30b 2ea 2e9 2d3 0
    4 30b 30c 2eb 2ea 2d4 0
    4 30c 30d 2ec 2eb 2d5 0
    4 30d 30e 2ed 2ec 2d6 0
    4 30e 30f 2ee 2ed 2d7 0
    4 30f 310 2ef 2ee 2d8 0
    4 310 311 2f0 2ef 2d9 0
    4 311 312 2f1 2f0 2da 0
    4 312 313 2f2 2f1 2db 0
    4 313 314 2f3 2f2 2dc 0
    4 314 315 2f4 2f3 2dd 0
    4 315 316 2f5 2f4 2de 0
    4 316 317 2f6 2f5 2df 0
    4 317 318 2f7 2f6 2e0 0
    4 319 31a 2f9 2f8 2e1 0
    4 31a 31b 2fa 2f9 2e2 0
    4 31b 31c 2fb 2fa 2e3 0
    4 31c 31d 2fc 2fb 2e4 0
    4 31d 31e 2fd 2fc 2e5 0
    4 31e 31f 2fe 2fd 2e6 0
    4 31f 320 2ff 2fe 2e7 0
    4 320 321 300 2ff 2e8 0
    4 321 322 301 300 2e9 0
    4 322 323 302 301 2ea 0
    4 323 324 303 302 2eb 0
    4 324 325 304 303 2ec 0
    4 325 326 305 304 2ed 0
    4 326 327 306 305 2ee 0
    4 327 328 307 306 2ef 0
    4 328 329 308 307 2f0 0
    4 329 32a 309 308 2f1 0
    4 32a 32b 30a 309 2f2 0
    4 32b 32c 30b 30a 2f3 0
    4 32c 32d 30c 30b 2f4 0
    4 32d 32e 30d 30c 2f5 0
    4 32e 32f 30e 30d 2f6 0
    4 32f 330 30f 30e 2f7 0
    4 330 331 310 30f 2f8 0
    4 331 332 311 310 2f9 0
    4 332 333 312 311 2fa 0
    4 333 334 313 312 2fb 0
    4 334 335 314 313 2fc 0
    4 335 336 315 314 2fd 0
    4 336 337 316 315 2fe 0
    4 337 338 317 316 2ff 0
    4 338 339 318 317 300 0
    4 33a 33b 31a 319 301 0
    4 33b 33c 31b 31a 302 0
    4 33c 33d 31c 31b 303 0
    4 33d 33e 31d 31c 304 0
    4 33e 33f 31e 31d 305 0
    4 33f 340 31f 31e 306 0
    4 340 341 320 31f 307 0
    4 341 342 321 320 308 0
    4 342 343 322 321 309 0
    4 343 344 323 322 30a 0
    4 344 345 324 323 30b 0
    4 345 346 325 324 30c 0
    4 346 347 326 325 30d 0
    4 347 348 327 326 30e 0
    4 348 349 328 327 30f 0
    4 349 34a 329 328 310 0
    4 34a 34b 32a 329 311 0
    4 34b 34c 32b 32a 312 0
    4 34c 34d 32c 32b 313 0
    4 34d 34e 32d 32c 314 0
    4 34e 34f 32e 32d 315 0
    4 34f 350 32f 32e 316 0
    4 350 351 330 32f 317 0
    4 351 352 331 330 318 0
    4 352 353 332 331 319 0
    4 353 354 333 332 31a 0
    4 354 355 334 333 31b 0
    4 355 356 335 334 31c 0
    4 356 357 336 335 31d 0
    4 357 358 337 336 31e 0
    4 358 359 338 337 31f 0
    4 359 35a 339 338 320 0
    4 35b 35c 33b 33a 321 0
    4 35c 35d 33c 33b 322 0
    4 35d 35e 33d 33c 323 0
    4 35e 35f 33e 33d 324 0
    4 35f 360 33f 33e 325 0
    4 360 361 340 33f 326 0
    4 361 362 341 340 327 0
    4 362 363 342 341 328 0
    4 363 364 343 342 329 0
    4 364 365 344 343 32a 0
    4 365 366 345 344 32b 0
    4 366 367 346 345 32c 0
    4 367 368 347 346 32d 0
    4 368 369 348 347 32e 0
    4 369 36a 349 348 32f 0
    4 36a 36b 34a 349 330 0
    4 36b 36c 34b 34a 331 0
    4 36c 36d 34c 34b 332 0
    4 36d 36e 34d 34c 333 0
    4 36e 36f 34e 34d 334 0
    4 36f 370 34f 34e 335 0
    4 370 371 350 34f 336 0
    4 371 372 351 350 337 0
    4 372 373 352 351 338 0
    4 373 374 353 352 339 0
    4 374 375 354 353 33a 0
    4 375 376 355 354 33b 0
    4 376 377 356 355 33c 0
    4 377 378 357 356 33d 0
    4 378 379 358 357 33e 0
    4 379 37a 359 358 33f 0
    4 37a 37b 35a 359 340 0
    4 37c 37d 35c 35b 341 0
    4 37d 37e 35d 35c 342 0
    4 37e 37f 35e 35d 343 0
    4 37f 380 35f 35e 344 0
    4 380 381 360 35f 345 0
    4 381 382 361 360 346 0
    4 382 383 362 361 347 0
    4 383 384 363 362 348 0
    4 384 385 364 363 349 0
    4 385 386 365 364 34a 0
    4 386 387 366 365 34b 0
    4 387 388 367 366 34c 0
    4 388 389 368 367 34d 0
    4 389 38a 369 368 34e 0
    4 38a 38b 36a 369 34f 0
    4 38b 38c 36b 36a 350 0
    4 38c 38d 36c 36b 351 0
    4 38d 38e 36d 36c 352 0
    4 38e 38f 36e 36d 353 0
    4 38f 390 36f 36e 354 0
    4 390 391 370 36f 355 0
    4 391 392 371 370 356 0
    4 392 393 372 371 357 0
    4 393 394 373 372 358 0
    4 394 395 374 373 359 0
    4 395 396 375 374 35a 0
    4 396 397 376 375 35b 0
    4 397 398 377 376 35c 0
    4 398 399 378 377 35d 0
    4 399 39a 379 378 35e 0
    4 39a 39b 37a 379 35f 0
    4 39b 39c 37b 37a 360 0
    4 39d 39e 37d 37c 361 0
    4 39e 39f 37e 37d 362 0
    4 39f 3a0 37f 37e 363 0
    4 3a0 3a1 380 37f 364 0
    4 3a1 3a2 381 380 365 0
    4 3a2 3a3 382 381 366 0
    4 3a3 3a4 383 382 367 0
    4 3a4 3a5 384 383 368 0
    4 3a5 3a6 385 384 369 0
    4 3a6 3a7 386 385 36a 0
    4 3a7 3a8 387 386 36b 0
    4 3a8 3a9 388 387 36c 0
    4 3a9 3aa 389 388 36d 0
    4 3aa 3ab 38a 389 36e 0
    4 3ab 3ac 38b 38a 36f 0
    4 3ac 3ad 38c 38b 370 0
    4 3ad 3ae 38d 38c 371 0
    4 3ae 3af 38e 38d 372 0
    4 3af 3b0 38f 38e 373 0
    4 3b0 3b1 390 38f 374 0
    4 3b1 3b2 391 390 375 0
    4 3b2 3b3 392 391 376 0
    4 3b3 3b4 393 392 377 0
    4 3b4 3b5 394 393 378 0
    4 3b5 3b6 395 394 379 0
    4 3b6 3b7 396 395 37a 0
    4 3b7 3b8 397 396 37b 0
    4 3b8 3b9 398 397 37c 0
    4 3b9 3ba 399 398 37d 0
    4 3ba 3bb 39a 399 37e 0
    4 3bb 3bc 39b 39a 37f 0
    4 3bc 3bd 39c 39b 380 0
    4 3be 3bf 39e 39d 381 0
    4 3bf 3c0 39f 39e 382 0
    4 3c0 3c1 3a0 39f 383 0
    4 3c1 3c2 3a1 3a0 384 0
    4 3c2 3c3 3a2 3a1 385 0
    4 3c3 3c4 3a3 3a2 386 0
    4 3c4 3c5 3a4 3a3 387 0
    4 3c5 3c6 3a5 3a4 388 0
    4 3c6 3c7 3a6 3a5 389 0
    4 3c7 3c8 3a7 3a6 38a 0
    4 3c8 3c9 3a8 3a7 38b 0
    4 3c9 3ca 3a9 3a8 38c 0
    4 3ca 3cb 3aa 3a9 38d 0
    4 3cb 3cc 3ab 3aa 38e 0
    4 3cc 3cd 3ac 3ab 38f 0
    4 3cd 3ce 3ad 3ac 390 0
    4 3ce 3cf 3ae 3ad 391 0
    4 3cf 3d0 3af 3ae 392 0
    4 3d0 3d1 3b0 3af 393 0
    4 3d1 3d2 3b1 3b0 394 0
    4 3d2 3d3 3b2 3b1 395 0
    4 3d3 3d4 3b3 3b2 396 0
    4 3d4 3d5 3b4 3b3 397 0
    4 3d5 3d6 3b5 3b4 398 0
    4 3d6 3d7 3b6 3b5 399 0
    4 3d7 3d8 3b7 3b6 39a 0
    4 3d8 3d9 3b8 3b7 39b 0
    4 3d9 3da 3b9 3b8 39c 0
    4 3da 3db 3ba 3b9 39d 0
    4 3db 3dc 3bb 3ba 39e 0
    4 3dc 3dd 3bc 3bb 39f 0
    4 3dd 3de 3bd 3bc 3a0 0
    4 3df 3e0 3bf 3be 3a1 0
    4 3e0 3e1 3c0 3bf 3a2 0
    4 3e1 3e2 3c1 3c0 3a3 0
    4 3e2 3e3 3c2 3c1 3a4 0
    4 3e3 3e4 3c3 3c2 3a5 0
    4 3e4 3e5 3c4 3c3 3a6 0
    4 3e5 3e6 3c5 3c4 3a7 0
    4 3e6 3e7 3c6 3c5 3a8 0
    4 3e7 3e8 3c7 3c6 3a9 0
    4 3e8 3e9 3c8 3c7 3aa 0
    4 3e9 3ea 3c9 3c8 3ab 0
    4 3ea 3eb 3ca 3c9 3ac 0
    4 3eb 3ec 3cb 3ca 3ad 0
    4 3ec 3ed 3cc 3cb 3ae 0
    4 3ed 3ee 3cd 3cc 3af 0
    4 3ee 3ef 3ce 3cd 3b0 0
    4 3ef 3f0 3cf 3ce 3b1 0
    4 3f0 3f1 3d0 3cf 3b2 0
    4 3f1 3f2 3d1 3d0 3b3 0
    4 3f2 3f3 3d2 3d1 3b4 0
    4 3f3 3f4 3d3 3d2 3b5 0
    4 3f4 3f5 3d4 3d3 3b6 0
    4 3f5 3f6 3d5 3d4 3b7 0
    4 3f6 3f7 3d6 3d5 3b8 0
    4 3f7 3f8 3d7 3d6 3b9 0
    4 3f8 3f9 3d8 3d7 3ba 0
    4 3f9 3fa 3d9 3d8 3bb 0
    4 3fa 3fb 3da 3d9 3bc 0
    4 3fb 3fc 3db 3da 3bd 0
    4 3fc 3fd 3dc 3db 3be 0
    4 3fd 3fe 3dd 3dc 3bf 0
    4 3fe 3ff 3de 3dd 3c0 0
    4 400 401 3e0 3df 3c1 0
    4 401 402 3e1 3e0 3c2 0
    4 402 403 3e2 3e1 3c3 0
    4 403 404 3e3 3e2 3c4 0
    4 404 405 3e4 3e3 3c5 0
    4 405 406 3e5 3e4 3c6 0
    4 406 407 3e6 3e5 3c7 0
    4 407 408 3e7 3e6 3c8 0
    4 408 409 3e8 3e7 3c9 0
    4 409 40a 3e9 3e8 3ca 0
    4 40a 40b 3ea 3e9 3cb 0
    4 40b 40c 3eb 3ea 3cc 0
    4 40c 40d 3ec 3eb 3cd 0
    4 40d 40e 3ed 3ec 3ce 0
    4 40e 40f 3ee 3ed 3cf 0
    4 40f 410 3ef 3ee 3d0 0
    4 410 411 3f0 3ef 3d1 0
    4 411 412 3f1 3f0 3d2 0
    4 412 413 3f2 3f1 3d3 0
    4 413 414 3f3 3f2 3d4 0
    4 414 415 3f4 3f3 3d5 0
    4 415 416 3f5 3f4 3d6 0
    4 416 417 3f6 3f5 3d7 0
    4 417 418 3f7 3f6 3d8 0
    4 418 419 3f8 3f7 3d9 0
    4 419 41a 3f9 3f8 3da 0
    4 41a 41b 3fa 3f9 3db 0
    4 41b 41c 3fb 3fa 3dc 0
    4 41c 41d 3fc 3fb 3dd 0
    4 41d 41e 3fd 3fc 3de 0
    4 41e 41f 3fe 3fd 3df 0
    4 41f 420 3ff 3fe 3e0 0
    4 421 422 401 400 3e1 0
    4 422 423 402 401 3e2 0
    4 423 424 403 402 3e3 0
    4 424 425 404 403 3e4 0
    4 425 426 405 404 3e5 0
    4 426 427 406 405 3e6 0
    4 427 428 407 406 3e7 0
    4 428 429 408 407 3e8 0
    4 429 42a 409 408 3e9 0
    4 42a 42b 40a 409 3ea 0
    4 42b 42c 40b 40a 3eb 0
    4 42c 42d 40c 40b 3ec 0
    4 42d 42e 40d 40c 3ed 0
    4 42e 42f 40e 40d 3ee 0
    4 42f 430 40f 40e 3ef 0
    4 430 431 410 40f 3f0 0
    4 431 432 411 410 3f1 0
    4 432 433 412 411 3f2 0
    4 433 434 413 412 3f3 0
    4 434 435 414 413 3f4 0
    4 435 436 415 414 3f5 0
    4 436 437 416 415 3f6 0
    4 437 438 417 416 3f7 0
    4 438 439 418 417 3f8 0
    4 439 43a 419 418 3f9 0
    4 43a 43b 41a 419 3fa 0
    4 43b 43c 41b 41a 3fb 0
    4 43c 43d 41c 41b 3fc 0
    4 43d 43e 41d 41c 3fd 0
    4 43e 43f 41e 41d 3fe 0
    4 43f 440 41f 41e 3ff 0
    4 440 441 420 41f 400 0
    4 442 443 422 421 401 0
    4 443 444 423 422 402 0
    4 444 445 424 423 403 0
    4 445 446 425 424 404 0
    4 446 447 426 425 405 0
    4 447 448 427 426 406 0
    4 448 449 428 427 407 0
    4 449 44a 429 428 408 0
    4 44a 44b 42a 429 409 0
    4 44b 44c 42b 42a 40a 0
    4 44c 44d 42c 42b 40b 0
    4 44d 44e 42d 42c 40c 0
    4 44e 44f 42e 42d 40d 0
    4 44f 450 42f 42e 40e 0
    4 450 451 430 42f 40f 0
    4 451 452 431 430 410 0
    4 452 453 432 431 411 0
    4 453 454 433 432 412 0
    4 454 455 434 433 413 0
    4 455 456 435 434 414 0
    4 456 457 436 435 415 0
    4 457 458 437 436 416 0
    4 458 459 438 437 417 0
    4 459 45a 439 438 418 0
    4 45a 45b 43a 439 419 0
    4 45b 45c 43b 43a 41a 0
    4 45c 45d 43c 43b 41b 0
    4 45d 45e 43d 43c 41c 0
    4 45e 45f 43e 43d 41d 0
    4 45f 460 43f 43e 41e 0
    4 460 461 440 43f 41f 0
    4 461 462 441 440 420 0
    4 463 464 443 442 421 0
    4 464 465 444 443 422 0
    4 465 466 445 444 423 0
    4 466 467 446 445 424 0
    4 467 468 447 446 425 0
    4 468 469 448 447 426 0
    4 469 46a 449 448 427 0
    4 46a 46b 44a 449 428 0
    4 46b 46c 44b 44a 429 0
    4 46c 46d 44c 44b 42a 0
    4 46d 46e 44d 44c 42b 0
    4 46e 46f 44e 44d 42c 0
    4 46f 470 44f 44e 42d 0
    4 470 471 450 44f 42e 0
    4 471 472 451 450 42f 0
    4 472 473 452 451 430 0
    4 473 474 453 452 431 0
    4 474 475 454 453 432 0
    4 475 476 455 454 433 0
    4 476 477 456 455 434 0
    4 477 478 457 456 435 0
    4 478 479 458 457 436 0
    4 479 47a 459 458 437 0
    4 47a 47b 45a 459 438 0
    4 47b 47c 45b 45a 439 0
    4 47c 47d 45c 45b 43a 0
    4 47d 47e 45d 45c 43b 0
    4 47e 47f 45e 45d 43c 0
    4 47f 480 45f 45e 43d 0
    4 480 481 460 45f 43e 0
    4 481 482 461 460 43f 0
    4 482 483 462 461 440 0
    4 484 485 464 463 441 0
    4 485 486 465 464 442 0
    4 486 487 466 465 443 0
    4 487 488 467 466 444 0
    4 488 489 468 467 445 0
    4 489 48a 469 468 446 0
    4 48a 48b 46a 469 447 0
    4 48b 48c 46b 46a 448 0
    4 48c 48d 46c 46b 449 0
    4 48d 48e 46d 46c 44a 0
    4 48e 48f 46e 46d 44b 0
    4 48f 490 46f 46e 44c 0
    4 490 491 470 46f 44d 0
    4 491 492 471 470 44e 0
    4 492 493 472 471 44f 0
    4 493 494 473 472 450 0
    4 494 495 474 473 451 0
    4 495 496 475 474 452 0
    4 496 497 476 475 453 0
    4 497 498 477 476 454 0
    4 498 499 478 477 455 0
    4 499 49a 479 478 456 0
    4 49a 49b 47a 479 457 0
    4 49b 49c 47b 47a 458 0
    4 49c 49d 47c 47b 459 0
    4 49d 49e 47d 47c 45a 0
    4 49e 49f 47e 47d 45b 0
    4 49f 4a0 47f 47e 45c 0
    4 4a0 4a1 480 47f 45d 0
    4 4a1 4a2 481 480 45e 0
    4 4a2 4a3 482 481 45f 0
    4 4a3 4a4 483 482 460 0
    4 4a5 4a6 485 484 461 0
    4 4a6 4a7 486 485 462 0
    4 4a7 4a8 487 486 463 0
    4 4a8 4a9 488 487 464 0
    4 4a9 4aa 489 488 465 0
    4 4aa 4ab 48a 489 466 0
    4 4ab 4ac 48b 48a 467 0
    4 4ac 4ad 48c 48b 468 0
    4 4ad 4ae 48d 48c 469 0
    4 4ae 4af 48e 48d 46a 0
    4 4af 4b0 48f 48e 46b 0
    4 4b0 4b1 490 48f 46c 0
    4 4b1 4b2 491 490 46d 0
    4 4b2 4b3 492 491 46e 0
    4 4b3 4b4 493 492 46f 0
    4 4b4 4b5 494 493 470 0
    4 4b5 4b6 495 494 471 0
    4 4b6 4b7 496 495 472 0
    4 4b7 4b8 497 496 473 0
    4 4b8 4b9 498 497 474 0
    4 4b9 4ba 499 498 475 0
    4 4ba 4bb 49a 499 476 0
    4 4bb 4bc 49b 49a 477 0
    4 4bc 4bd 49c 49b 478 0
    4 4bd 4be 49d 49c 479 0
    4 4be 4bf 49e 49d 47a 0
    4 4bf 4c0 49f 49e 47b 0
    4 4c0 4c1 4a0 49f 47c 0
    4 4c1 4c2 4a1 4a0 47d 0
    4 4c2 4c3 4a2 4a1 47e 0
    4 4c3 4c4 4a3 4a2 47f 0
    4 4c4 4c5 4a4 4a3 480 0
    4 4c6 4c7 4a6 4a5 481 0
    4 4c7 4c8 4a7 4a6 482 0
    4 4c8 4c9 4a8 4a7 483 0
    4 4c9 4ca 4a9 4a8 484 0
    4 4ca 4cb 4aa 4a9 485 0
    4 4cb 4cc 4ab 4aa 486 0
    4 4cc 4cd 4ac 4ab 487 0
    4 4cd 4ce 4ad 4ac 488 0
    4 4ce 4cf 4ae 4ad 489 0
    4 4cf 4d0 4af 4ae 48a 0
    4 4d0 4d1 4b0 4af 48b 0
    4 4d1 4d2 4b1 4b0 48c 0
    4 4d2 4d3 4b2 4b1 48d 0
    4 4d3 4d4 4b3 4b2 48e 0
    4 4d4 4d5 4b4 4b3 48f 0
    4 4d5 4d6 4b5 4b4 490 0
    4 4d6 4d7 4b6 4b5 491 0
    4 4d7 4d8 4b7 4b6 492 0
    4 4d8 4d9 4b8 4b7 493 0
    4 4d9 4da 4b9 4b8 494 0
    4 4da 4db 4ba 4b9 495 0
    4 4db 4dc 4bb 4ba 496 0
    4 4dc 4dd 4bc 4bb 497 0
    4 4dd 4de 4bd 4bc 498 0
    4 4de 4df 4be 4bd 499 0
    4 4df 4e0 4bf 4be 49a 0
    4 4e0 4e1 4c0 4bf 49b 0
    4 4e1 4e2 4c1 4c0 49c 0
    4 4e2 4e3 4c2 4c1 49d 0
    4 4e3 4e4 4c3 4c2 49e 0
    4 4e4 4e5 4c4 4c3 49f 0
    4 4e5 4e6 4c5 4c4 4a0 0
    4 4e7 4e8 4c7 4c6 4a1 0
    4 4e8 4e9 4c8 4c7 4a2 0
    4 4e9 4ea 4c9 4c8 4a3 0
    4 4ea 4eb 4ca 4c9 4a4 0
    4 4eb 4ec 4cb 4ca 4a5 0
    4 4ec 4ed 4cc 4cb 4a6 0
    4 4ed 4ee 4cd 4cc 4a7 0
    4 4ee 4ef 4ce 4cd 4a8 0
    4 4ef 4f0 4cf 4ce 4a9 0
    4 4f0 4f1 4d0 4cf 4aa 0
    4 4f1 4f2 4d1 4d0 4ab 0
    4 4f2 4f3 4d2 4d1 4ac 0
    4 4f3 4f4 4d3 4d2 4ad 0
    4 4f4 4f5 4d4 4d3 4ae 0
    4 4f5 4f6 4d5 4d4 4af 0
    4 4f6 4f7 4d6 4d5 4b0 0
    4 4f7 4f8 4d7 4d6 4b1 0
    4 4f8 4f9 4d8 4d7 4b2 0
    4 4f9 4fa 4d9 4d8 4b3 0
    4 4fa 4fb 4da 4d9 4b4 0
    4 4fb 4fc 4db 4da 4b5 0
    4 4fc 4fd 4dc 4db 4b6 0
    4 4fd 4fe 4dd 4dc 4b7 0
    4 4fe 4ff 4de 4dd 4b8 0
    4 4ff 500 4df 4de 4b9 0
    4 500 501 4e0 4df 4ba 0
    4 501 502 4e1 4e0 4bb 0
    4 502 503 4e2 4e1 4bc 0
    4 503 504 4e3 4e2 4bd 0
    4 504 505 4e4 4e3 4be 0
    4 505 506 4e5 4e4 4bf 0
    4 506 507 4e6 4e5 4c0 0
    4 508 509 4e8 4e7 4c1 0
    4 509 50a 4e9 4e8 4c2 0
    4 50a 50b 4ea 4e9 4c3 0
    4 50b 50c 4eb 4ea 4c4 0
    4 50c 50d 4ec 4eb 4c5 0
    4 50d 50e 4ed 4ec 4c6 0
    4 50e 50f 4ee 4ed 4c7 0
    4 50f 510 4ef 4ee 4c8 0
    4 510 511 4f0 4ef 4c9 0
    4 511 512 4f1 4f0 4ca 0
    4 512 513 4f2 4f1 4cb 0
    4 513 514 4f3 4f2 4cc 0
    4 514 515 4f4 4f3 4cd 0
    4 515 516 4f5 4f4 4ce 0
    4 516 517 4f6 4f5 4cf 0
    4 517 518 4f7 4f6 4d0 0
    4 518 519 4f8 4f7 4d1 0
    4 519 51a 4f9 4f8 4d2 0
    4 51a 51b 4fa 4f9 4d3 0
    4 51b 51c 4fb 4fa 4d4 0
    4 51c 51d 4fc 4fb 4d5 0
    4 51d 51e 4fd 4fc 4d6 0
    4 51e 51f 4fe 4fd 4d7 0
    4 51f 520 4ff 4fe 4d8 0
    4 520 521 500 4ff 4d9 0
    4 521 522 501 500 4da 0
    4 522 523 502 501 4db 0
    4 523 524 503 502 4dc 0
    4 524 525 504 503 4dd 0
    4 525 526 505 504 4de 0
    4 526 527 506 505 4df 0
    4 527 528 507 506 4e0 0
    4 529 52a 509 508 4e1 0
    4 52a 52b 50a 509 4e2 0
    4 52b 52c 50b 50a 4e3 0
    4 52c 52d 50c 50b 4e4 0
    4 52d 52e 50d 50c 4e5 0
    4 52e 52f 50e 50d 4e6 0
    4 52f 530 50f 50e 4e7 0
    4 530 531 510 50f 4e8 0
    4 531 532 511 510 4e9 0
    4 532 533 512 511 4ea 0
    4 533 534 513 512 4eb 0
    4 534 535 514 513 4ec 0
    4 535 536 515 514 4ed 0
    4 536 537 516 515 4ee 0
    4 537 538 517 516 4ef 0
    4 538 539 518 517 4f0 0
    4 539 53a 519 518 4f1 0
    4 53a 53b 51a 519 4f2 0
    4 53b 53c 51b 51a 4f3 0
    4 53c 53d 51c 51b 4f4 0
    4 53d 53e 51d 51c 4f5 0
    4 53e 53f 51e 51d 4f6 0
    4 53f 540 51f 51e 4f7 0
    4 540 541 520 51f 4f8 0
    4 541 542 521 520 4f9 0
    4 542 543 522 521 4fa 0
    4 543 544 523 522 4fb 0
    4 544 545 524 523 4fc 0
    4 545 546 525 524 4fd 0
    4 546 547 526 525 4fe 0
    4 547 548 527 526 4ff 0
    4 548 549 528 527 500 0
    4 54a 54b 52a 529 501 0
    4 54b 54c 52b 52a 502 0
    4 54c 54d 52c 52b 503 0
    4 54d 54e 52d 52c 504 0
    4 54e 54f 52e 52d 505 0
    4 54f 550 52f 52e 506 0
    4 550 551 530 52f 507 0
    4 551 552 531 530 508 0
    4 552 553 532 531 509 0
    4 553 554 533 532 50a 0
    4 554 555 534 533 50b 0
    4 555 556 535 534 50c 0
    4 556 557 536 535 50d 0
    4 557 558 537 536 50e 0
    4 558 559 538 537 50f 0
    4 559 55a 539 538 510 0
    4 55a 55b 53a 539 511 0
    4 55b 55c 53b 53a 512 0
    4 55c 55d 53c 53b 513 0
    4 55d 55e 53d 53c 514 0
    4 55e 55f 53e 53d 515 0
    4 55f 560 53f 53e 516 0
    4 560 561 540 53f 517 0
    4 561 562 541 540 518 0
    4 562 563 542 541 519 0
    4 563 564 543 542 51a 0
    4 564 565 544 543 51b 0
    4 565 566 545 544 51c 0
    4 566 567 546 545 51d 0
    4 567 568 547 546 51e 0
    4 568 569 548 547 51f 0
    4 569 56a 549 548 520 0
    4 56b 56c 54b 54a 521 0
    4 56c 56d 54c 54b 522 0
    4 56d 56e 54d 54c 523 0
    4 56e 56f 54e 54d 524 0
    4 56f 570 54f 54e 525 0
    4 570 571 550 54f 526 0
    4 571 572 551 550 527 0
    4 572 573 552 551 528 0
    4 573 574 553 552 529 0
    4 574 575 554 553 52a 0
    4 575 576 555 554 52b 0
    4 576 577 556 555 52c 0
    4 577 578 557 556 52d 0
    4 578 579 558 557 52e 0
    4 579 57a 559 558 52f 0
    4 57a 57b 55a 559 530 0
    4 57b 57c 55b 55a 531 0
    4 57c 57d 55c 55b 532 0
    4 57d 57e 55d 55c 533 0
    4 57e 57f 55e 55d 534 0
    4 57f 580 55f 55e 535 0
    4 580 581 560 55f 536 0
    4 581 582 561 560 537 0
    4 582 583 562 561 538 0
    4 583 584 563 562 539 0
    4 584 585 564 563 53a 0
    4 585 586 565 564 53b 0
    4 586 587 566 565 53c 0
    4 587 588 567 566 53d 0
    4 588 589 568 567 53e 0
    4 589 58a 569 568 53f 0
    4 58a 58b 56a 569 540 0
    4 58c 58d 56c 56b 541 0
    4 58d 58e 56d 56c 542 0
    4 58e 58f 56e 56d 543 0
    4 58f 590 56f 56e 544 0
    4 590 591 570 56f 545 0
    4 591 592 571 570 546 0
    4 592 593 572 571 547 0
    4 593 594 573 572 548 0
    4 594 595 574 573 549 0
    4 595 596 575 574 54a 0
    4 596 597 576 575 54b 0
    4 597 598 577 576 54c 0
    4 598 599 578 577 54d 0
    4 599 59a 579 578 54e 0
    4 59a 59b 57a 579 54f 0
    4 59b 59c 57b 57a 550 0
    4 59c 59d 57c 57b 551 0
    4 59d 59e 57d 57c 552 0
    4 59e 59f 57e 57d 553 0
    4 59f 5a0 57f 57e 554 0
    4 5a0 5a1 580 57f 555 0
    4 5a1 5a2 581 580 556 0
    4 5a2 5a3 582 581 557 0
    4 5a3 5a4 583 582 558 0
    4 5a4 5a5 584 583 559 0
    4 5a5 5a6 585 584 55a 0
    4 5a6 5a7 586 585 55b 0
    4 5a7 5a8 587 586 55c 0
    4 5a8 5a9 588 587 55d 0
    4 5a9 5aa 589 588 55e 0
    4 5aa 5ab 58a 589 55f 0
    4 5ab 5ac 58b 58a 560 0
    4 5ad 5ae 58d 58c 561 0
    4 5ae 5af 58e 58d 562 0
    4 5af 5b0 58f 58e 563 0
    4 5b0 5b1 590 58f 564 0
    4 5b1 5b2 591 590 565 0
    4 5b2 5b3 592 591 566 0
    4 5b3 5b4 593 592 567 0
    4 5b4 5b5 594 593 568 0
    4 5b5 5b6 595 594 569 0
    4 5b6 5b7 596 595 56a 0
    4 5b7 5b8 597 596 56b 0
    4 5b8 5b9 598 597 56c 0
    4 5b9 5ba 599 598 56d 0
    4 5ba 5bb 59a 599 56e 0
    4 5bb 5bc 59b 59a 56f 0
    4 5bc 5bd 59c 59b 570 0
    4 5bd 5be 59d 59c 571 0
    4 5be 5bf 59e 59d 572 0
    4 5bf 5c0 59f 59e 573 0
    4 5c0 5c1 5a0 59f 574 0
    4 5c1 5c2 5a1 5a0 575 0
    4 5c2 5c3 5a2 5a1 576 0
    4 5c3 5c4 5a3 5a2 577 0
    4 5c4 5c5 5a4 5a3 578 0
    4 5c5 5c6 5a5 5a4 579 0
    4 5c6 5c7 5a6 5a5 57a 0
    4 5c7 5c8 5a7 5a6 57b 0
    4 5c8 5c9 5a8 5a7 57c 0
    4 5c9 5ca 5a9 5a8 57d 0
    4 5ca 5cb 5aa 5a9 57e 0
    4 5cb 5cc 5ab 5aa 57f 0
    4 5cc 5cd 5ac 5ab 580 0
    4 5ce 5cf 5ae 5ad 581 0
    4 5cf 5d0 5af 5ae 582 0
    4 5d0 5d1 5b0 5af 583 0
    4 5d1 5d2 5b1 5b0 584 0
    4 5d2 5d3 5b2 5b1 585 0
    4 5d3 5d4 5b3 5b2 586 0
    4 5d4 5d5 5b4 5b3 587 0
    4 5d5 5d6 5b5 5b4 588 0
    4 5d6 5d7 5b6 5b5 589 0
    4 5d7 5d8 5b7 5b6 58a 0
    4 5d8 5d9 5b8 5b7 58b 0
    4 5d9 5da 5b9 5b8 58c 0
    4 5da 5db 5ba 5b9 58d 0
    4 5db 5dc 5bb 5ba 58e 0
    4 5dc 5dd 5bc 5bb 58f 0
    4 5dd 5de 5bd 5bc 590 0
    4 5de 5df 5be 5bd 591 0
    4 5df 5e0 5bf 5be 592 0
    4 5e0 5e1 5c0 5bf 593 0
    4 5e1 5e2 5c1 5c0 594 0
    4 5e2 5e3 5c2 5c1 595 0
    4 5e3 5e4 5c3 5c2 596 0
    4 5e4 5e5 5c4 5c3 597 0
    4 5e5 5e6 5c5 5c4 598 0
    4 5e6 5e7 5c6 5c5 599 0
    4 5e7 5e8 5c7 5c6 59a 0
    4 5e8 5e9 5c8 5c7 59b 0
    4 5e9 5ea 5c9 5c8 59c 0
    4 5ea 5eb 5ca 5c9 59d 0
    4 5eb 5ec 5cb 5ca 59e 0
    4 5ec 5ed 5cc 5cb 59f 0
    4 5ed 5ee 5cd 5cc 5a0 0
    4 5ef 5f0 5cf 5ce 5a1 0
    4 5f0 5f1 5d0 5cf 5a2 0
    4 5f1 5f2 5d1 5d0 5a3 0
    4 5f2 5f3 5d2 5d1 5a4 0
    4 5f3 5f4 5d3 5d2 5a5 0
    4 5f4 5f5 5d4 5d3 5a6 0
    4 5f5 5f6 5d5 5d4 5a7 0
    4 5f6 5f7 5d6 5d5 5a8 0
    4 5f7 5f8 5d7 5d6 5a9 0
    4 5f8 5f9 5d8 5d7 5aa 0
    4 5f9 5fa 5d9 5d8 5ab 0
    4 5fa 5fb 5da 5d9 5ac 0
    4 5fb 5fc 5db 5da 5ad 0
    4 5fc 5fd 5dc 5db 5ae 0
    4 5fd 5fe 5dd 5dc 5af 0
    4 5fe 5ff 5de 5dd 5b0 0
    4 5ff 600 5df 5de 5b1 0
    4 600 601 5e0 5df 5b2 0
    4 601 602 5e1 5e0 5b3 0
    4 602 603 5e2 5e1 5b4 0
    4 603 604 5e3 5e2 5b5 0
    4 604 605 5e4 5e3 5b6 0
    4 605 606 5e5 5e4 5b7 0
    4 606 607 5e6 5e5 5b8 0
    4 607 608 5e7 5e6 5b9 0
    4 608 609 5e8 5e7 5ba 0
    4 609 60a 5e9 5e8 5bb 0
    4 60a 60b 5ea 5e9 5bc 0
    4 60b 60c 5eb 5ea 5bd 0
    4 60c 60d 5ec 5eb 5be 0
    4 60d 60e 5ed 5ec 5bf 0
    4 60e 60f 5ee 5ed 5c0 0
    4 610 611 5f0 5ef 5c1 0
    4 611 612 5f1 5f0 5c2 0
    4 612 613 5f2 5f1 5c3 0
    4 613 614 5f3 5f2 5c4 0
    4 614 615 5f4 5f3 5c5 0
    4 615 616 5f5 5f4 5c6 0
    4 616 617 5f6 5f5 5c7 0
    4 617 618 5f7 5f6 5c8 0
    4 618 619 5f8 5f7 5c9 0
    4 619 61a 5f9 5f8 5ca 0
    4 61a 61b 5fa 5f9 5cb 0
    4 61b 61c 5fb 5fa 5cc 0
    4 61c 61d 5fc 5fb 5cd 0
    4 61d 61e 5fd 5fc 5ce 0
    4 61e 61f 5fe 5fd 5cf 0
    4 61f 620 5ff 5fe 5d0 0
    4 620 621 600 5ff 5d1 0
    4 621 622 601 600 5d2 0
    4 622 623 602 601 5d3 0
    4 623 624 603 602 5d4 0
    4 624 625 604 603 5d5 0
    4 625 626 605 604 5d6 0
    4 626 627 606 605 5d7 0
    4 627 628 607 606 5d8 0
    4 628 629 608 607 5d9 0
    4 629 62a 609 608 5da 0
    4 62a 62b 60a 609 5db 0
    4 62b 62c 60b 60a 5dc 0
    4 62c 62d 60c 60b 5dd 0
    4 62d 62e 60d 60c 5de 0
    4 62e 62f 60e 60d 5df 0
    4 62f 630 60f 60e 5e0 0
    4 631 632 611 610 5e1 0
    4 632 633 612 611 5e2 0
    4 633 634 613 612 5e3 0
    4 634 635 614 613 5e4 0
    4 635 636 615 614 5e5 0
    4 636 637 616 615 5e6 0
    4 637 638 617 616 5e7 0
    4 638 639 618 617 5e8 0
    4 639 63a 619 618 5e9 0
    4 63a 63b 61a 619 5ea 0
    4 63b 63c 61b 61a 5eb 0
    4 63c 63d 61c 61b 5ec 0
    4 63d 63e 61d 61c 5ed 0
    4 63e 63f 61e 61d 5ee 0
    4 63f 640 61f 61e 5ef 0
    4 640 641 620 61f 5f0 0
    4 641 642 621 620 5f1 0
    4 642 643 622 621 5f2 0
    4 643 644 623 622 5f3 0
    4 644 645 624 623 5f4 0
    4 645 646 625 624 5f5 0
    4 646 647 626 625 5f6 0
    4 647 648 627 626 5f7 0
    4 648 649 628 627 5f8 0
    4 649 64a 629 628 5f9 0
    4 64a 64b 62a 629 5fa 0
    4 64b 64c 62b 62a 5fb 0
    4 64c 64d 62c 62b 5fc 0
    4 64d 64e 62d 62c 5fd 0
    4 64e 64f 62e 62d 5fe 0
    4 64f 650 62f 62e 5ff 0
    4 650 651 630 62f 600 0
    4 652 653 632 631 601 0
    4 653 654 633 632 602 0
    4 654 655 634 633 603 0
    4 655 656 635 634 604 0
    4 656 657 636 635 605 0
    4 657 658 637 636 606 0
    4 658 659 638 637 607 0
    4 659 65a 639 638 608 0
    4 65a 65b 63a 639 609 0
    4 65b 65c 63b 63a 60a 0
    4 65c 65d 63c 63b 60b 0
    4 65d 65e 63d 63c 60c 0
    4 65e 65f 63e 63d 60d 0
    4 65f 660 63f 63e 60e 0
    4 660 661 640 63f 60f 0
    4 661 662 641 640 610 0
    4 662 663 642 641 611 0
    4 663 664 643 642 612 0
    4 664 665 644 643 613 0
    4 665 666 645 644 614 0
    4 666 667 646 645 615 0
    4 667 668 647 646 616 0
    4 668 669 648 647 617 0
    4 669 66a 649 648 618 0
    4 66a 66b 64a 649 619 0
    4 66b 66c 64b 64a 61a 0
    4 66c 66d 64c 64b 61b 0
    4 66d 66e 64d 64c 61c 0
    4 66e 66f 64e 64d 61d 0
    4 66f 670 64f 64e 61e 0
    4 670 671 650 64f 61f 0
    4 671 672 651 650 620 0
    4 673 674 653 652 621 0
    4 674 675 654 653 622 0
    4 675 676 655 654 623 0
    4 676 677 656 655 624 0
    4 677 678 657 656 625 0
    4 678 679 658 657 626 0
    4 679 67a 659 658 627 0
    4 67a 67b 65a 659 628 0
    4 67b 67c 65b 65a 629 0
    4 67c 67d 65c 65b 62a 0
    4 67d 67e 65d 65c 62b 0
    4 67e 67f 65e 65d 62c 0
    4 67f 680 65f 65e 62d 0
    4 680 681 660 65f 62e 0
    4 681 682 661 660 62f 0
    4 682 683 662 661 630 0
    4 683 684 663 662 631 0
    4 684 685 664 663 632 0
    4 685 686 665 664 633 0
    4 686 687 666 665 634 0
    4 687 688 667 666 635 0
    4 688 689 668 667 636 0
    4 689 68a 669 668 637 0
    4 68a 68b 66a 669 638 0
    4 68b 68c 66b 66a 639 0
    4 68c 68d 66c 66b 63a 0
    4 68d 68e 66d 66c 63b 0
    4 68e 68f 66e 66d 63c 0
    4 68f 690 66f 66e 63d 0
    4 690 691 670 66f 63e 0
    4 691 692 671 670 63f 0
    4 692 693 672 671 640 0
    4 694 695 674 673 641 0
    4 695 696 675 674 642 0
    4 696 697 676 675 643 0
    4 697 698 677 676 644 0
    4 698 699 678 677 645 0
    4 699 69a 679 678 646 0
    4 69a 69b 67a 679 647 0
    4 69b 69c 67b 67a 648 0
    4 69c 69d 67c 67b 649 0
    4 69d 69e 67d 67c 64a 0
    4 69e 69f 67e 67d 64b 0
    4 69f 6a0 67f 67e 64c 0
    4 6a0 6a1 680 67f 64d 0
    4 6a1 6a2 681 680 64e 0
    4 6a2 6a3 682 681 64f 0
    4 6a3 6a4 683 682 650 0
    4 6a4 6a5 684 683 651 0
    4 6a5 6a6 685 684 652 0
    4 6a6 6a7 686 685 653 0
    4 6a7 6a8 687 686 654 0
    4 6a8 6a9 688 687 655 0
    4 6a9 6aa 689 688 656 0
    4 6aa 6ab 68a 689 657 0
    4 6ab 6ac 68b 68a 658 0
    4 6ac 6ad 68c 68b 659 0
    4 6ad 6ae 68d 68c 65a 0
    4 6ae 6af 68e 68d 65b 0
    4 6af 6b0 68f 68e 65c 0
    4 6b0 6b1 690 68f 65d 0
    4 6b1 6b2 691 690 65e 0
    4 6b2 6b3 692 691 65f 0
    4 6b3 6b4 693 692 660 0
    4 6b5 6b6 695 694 661 0
    4 6b6 6b7 696 695 662 0
    4 6b7 6b8 697 696 663 0
    4 6b8 6b9 698 697 664 0
    4 6b9 6ba 699 698 665 0
    4 6ba 6bb 69a 699 666 0
    4 6bb 6bc 69b 69a 667 0
    4 6bc 6bd 69c 69b 668 0
    4 6bd 6be 69d 69c 669 0
    4 6be 6bf 69e 69d 66a 0
    4 6bf 6c0 69f 69e 66b 0
    4 6c0 6c1 6a0 69f 66c 0
    4 6c1 6c2 6a1 6a0 66d 0
    4 6c2 6c3 6a2 6a1 66e 0
    4 6c3 6c4 6a3 6a2 66f 0
    4 6c4 6c5 6a4 6a3 670 0
    4 6c5 6c6 6a5 6a4 671 0
    4 6c6 6c7 6a6 6a5 672 0
    4 6c7 6c8 6a7 6a6 673 0
    4 6c8 6c9 6a8 6a7 674 0
    4 6c9 6ca 6a9 6a8 675 0
    4 6ca 6cb 6aa 6a9 676 0
    4 6cb 6cc 6ab 6aa 677 0
    4 6cc 6cd 6ac 6ab 678 0
    4 6cd 6ce 6ad 6ac 679 0
    4 6ce 6cf 6ae 6ad 67a 0
    4 6cf 6d0 6af 6ae 67b 0
    4 6d0 6d1 6b0 6af 67c 0
    4 6d1 6d2 6b1 6b0 67d 0
    4 6d2 6d3 6b2 6b1 67e 0
    4 6d3 6d4 6b3 6b2 67f 0
    4 6d4 6d5 6b4 6b3 680 0
    4 6d6 6d7 6b6 6b5 681 0
    4 6d7 6d8 6b7 6b6 682 0
    4 6d8 6d9 6b8 6b7 683 0
    4 6d9 6da 6b9 6b8 684 0
    4 6da 6db 6ba 6b9 685 0
    4 6db 6dc 6bb 6ba 686 0
    4 6dc 6dd 6bc 6bb 687 0
    4 6dd 6de 6bd 6bc 688 0
    4 6de 6df 6be 6bd 689 0
    4 6df 6e0 6bf 6be 68a 0
    4 6e0 6e1 6c0 6bf 68b 0
    4 6e1 6e2 6c1 6c0 68c 0
    4 6e2 6e3 6c2 6c1 68d 0
    4 6e3 6e4 6c3 6c2 68e 0
    4 6e4 6e5 6c4 6c3 68f 0
    4 6e5 6e6 6c5 6c4 690 0
    4 6e6 6e7 6c6 6c5 691 0
    4 6e7 6e8 6c7 6c6 692 0
    4 6e8 6e9 6c8 6c7 693 0
    4 6e9 6ea 6c9 6c8 694 0
    4 6ea 6eb 6ca 6c9 695 0
    4 6eb 6ec 6cb 6ca 696 0
    4 6ec 6ed 6cc 6cb 697 0
    4 6ed 6ee 6cd 6cc 698 0
    4 6ee 6ef 6ce 6cd 699 0
    4 6ef 6f0 6cf 6ce 69a 0
    4 6f0 6f1 6d0 6cf 69b 0
    4 6f1 6f2 6d1 6d0 69c 0
    4 6f2 6f3 6d2 6d1 69d 0
    4 6f3 6f4 6d3 6d2 69e 0
    4 6f4 6f5 6d4 6d3 69f 0
    4 6f5 6f6 6d5 6d4 6a0 0
    4 6f7 6f8 6d7 6d6 6a1 0
    4 6f8 6f9 6d8 6d7 6a2 0
    4 6f9 6fa 6d9 6d8 6a3 0
    4 6fa 6fb 6da 6d9 6a4 0
    4 6fb 6fc 6db 6da 6a5 0
    4 6fc 6fd 6dc 6db 6a6 0
    4 6fd 6fe 6dd 6dc 6a7 0
    4 6fe 6ff 6de 6dd 6a8 0
    4 6ff 700 6df 6de 6a9 0
    4 700 701 6e0 6df 6aa 0
    4 701 702 6e1 6e0 6ab 0
    4 702 703 6e2 6e1 6ac 0
    4 703 704 6e3 6e2 6ad 0
    4 704 705 6e4 6e3 6ae 0
    4 705 706 6e5 6e4 6af 0
    4 706 707 6e6 6e5 6b0 0
    4 707 708 6e7 6e6 6b1 0
    4 708 709 6e8 6e7 6b2 0
    4 709 70a 6e9 6e8 6b3 0
    4 70a 70b 6ea 6e9 6b4 0
    4 70b 70c 6eb 6ea 6b5 0
    4 70c 70d 6ec 6eb 6b6 0
    4 70d 70e 6ed 6ec 6b7 0
    4 70e 70f 6ee 6ed 6b8 0
    4 70f 710 6ef 6ee 6b9 0
    4 710 711 6f0 6ef 6ba 0
    4 711 712 6f1 6f0 6bb 0
    4 712 713 6f2 6f1 6bc 0
    4 713 714 6f3 6f2 6bd 0
    4 714 715 6f4 6f3 6be 0
    4 715 716 6f5 6f4 6bf 0
    4 716 717 6f6 6f5 6c0 0
    4 718 719 6f8 6f7 6c1 0
    4 719 71a 6f9 6f8 6c2 0
    4 71a 71b 6fa 6f9 6c3 0
    4 71b 71c 6fb 6fa 6c4 0
    4 71c 71d 6fc 6fb 6c5 0
    4 71d 71e 6fd 6fc 6c6 0
    4 71e 71f 6fe 6fd 6c7 0
    4 71f 720 6ff 6fe 6c8 0
    4 720 721 700 6ff 6c9 0
    4 721 722 701 700 6ca 0
    4 722 723 702 701 6cb 0
    4 723 724 703 702 6cc 0
    4 724 725 704 703 6cd 0
    4 725 726 705 704 6ce 0
    4 726 727 706 705 6cf 0
    4 727 728 707 706 6d0 0
    4 728 729 708 707 6d1 0
    4 729 72a 709 708 6d2 0
    4 72a 72b 70a 709 6d3 0
    4 72b 72c 70b 70a 6d4 0
    4 72c 72d 70c 70b 6d5 0
    4 72d 72e 70d 70c 6d6 0
    4 72e 72f 70e 70d 6d7 0
    4 72f 730 70f 70e 6d8 0
    4 730 731 710 70f 6d9 0
    4 731 732 711 710 6da 0
    4 732 733 712 711 6db 0
    4 733 734 713 712 6dc 0
    4 734 735 714 713 6dd 0
    4 735 736 715 714 6de 0
    4 736 737 716 715 6df 0
    4 737 738 717 716 6e0 0
    4 739 73a 719 718 6e1 0
    4 73a 73b 71a 719 6e2 0
    4 73b 73c 71b 71a 6e3 0
    4 73c 73d 71c 71b 6e4 0
    4 73d 73e 71d 71c 6e5 0
    4 73e 73f 71e 71d 6e6 0
    4 73f 740 71f 71e 6e7 0
    4 740 741 720 71f 6e8 0
    4 741 742 721 720 6e9 0
    4 742 743 722 721 6ea 0
    4 743 744 723 722 6eb 0
    4 744 745 724 723 6ec 0
    4 745 746 725 724 6ed 0
    4 746 747 726 725 6ee 0
    4 747 748 727 726 6ef 0
    4 748 749 728 727 6f0 0
    4 749 74a 729 728 6f1 0
    4 74a 74b 72a 729 6f2 0
    4 74b 74c 72b 72a 6f3 0
    4 74c 74d 72c 72b 6f4 0
    4 74d 74e 72d 72c 6f5 0
    4 74e 74f 72e 72d 6f6 0
    4 74f 750 72f 72e 6f7 0
    4 750 751 730 72f 6f8 0
    4 751 752 731 730 6f9 0
    4 752 753 732 731 6fa 0
    4 753 754 733 732 6fb 0
    4 754 755 734 733 6fc 0
    4 755 756 735 734 6fd 0
    4 756 757 736 735 6fe 0
    4 757 758 737 736 6ff 0
    4 758 759 738 737 700 0
    4 75a 75b 73a 739 701 0
    4 75b 75c 73b 73a 702 0
    4 75c 75d 73c 73b 703 0
    4 75d 75e 73d 73c 704 0
    4 75e 75f 73e 73d 705 0
    4 75f 760 73f 73e 706 0
    4 760 761 740 73f 707 0
    4 761 762 741 740 708 0
    4 762 763 742 741 709 0
    4 763 764 743 742 70a 0
    4 764 765 744 743 70b 0
    4 765 766 745 744 70c 0
    4 766 767 746 745 70d 0
    4 767 768 747 746 70e 0
    4 768 769 748 747 70f 0
    4 769 76a 749 748 710 0
    4 76a 76b 74a 749 711 0
    4 76b 76c 74b 74a 712 0
    4 76c 76d 74c 74b 713 0
    4 76d 76e 74d 74c 714 0
    4 76e 76f 74e 74d 715 0
    4 76f 770 74f 74e 716 0
    4 770 771 750 74f 717 0
    4 771 772 751 750 718 0
    4 772 773 752 751 719 0
    4 773 774 753 752 71a 0
    4 774 775 754 753 71b 0
    4 775 776 755 754 71c 0
    4 776 777 756 755 71d 0
    4 777 778 757 756 71e 0
    4 778 779 758 757 71f 0
    4 779 77a 759 758 720 0
    4 77b 77c 75b 75a 721 0
    4 77c 77d 75c 75b 722 0
    4 77d 77e 75d 75c 723 0
    4 77e 77f 75e 75d 724 0
    4 77f 780 75f 75e 725 0
    4 780 781 760 75f 726 0
    4 781 782 761 760 727 0
    4 782 783 762 761 728 0
    4 783 784 763 762 729 0
    4 784 785 764 763 72a 0
    4 785 786 765 764 72b 0
    4 786 787 766 765 72c 0
    4 787 788 767 766 72d 0
    4 788 789 768 767 72e 0
    4 789 78a 769 768 72f 0
    4 78a 78b 76a 769 730 0
    4 78b 78c 76b 76a 731 0
    4 78c 78d 76c 76b 732 0
    4 78d 78e 76d 76c 733 0
    4 78e 78f 76e 76d 734 0
    4 78f 790 76f 76e 735 0
    4 790 791 770 76f 736 0
    4 791 792 771 770 737 0
    4 792 793 772 771 738 0
    4 793 794 773 772 739 0
    4 794 795 774 773 73a 0
    4 795 796 775 774 73b 0
    4 796 797 776 775 73c 0
    4 797 798 777 776 73d 0
    4 798 799 778 777 73e 0
    4 799 79a 779 778 73f 0
    4 79a 79b 77a 779 740 0
    4 79c 79d 77c 77b 741 0
    4 79d 79e 77d 77c 742 0
    4 79e 79f 77e 77d 743 0
    4 79f 7a0 77f 77e 744 0
    4 7a0 7a1 780 77f 745 0
    4 7a1 7a2 781 780 746 0
    4 7a2 7a3 782 781 747 0
    4 7a3 7a4 783 782 748 0
    4 7a4 7a5 784 783 749 0
    4 7a5 7a6 785 784 74a 0
    4 7a6 7a7 786 785 74b 0
    4 7a7 7a8 787 786 74c 0
    4 7a8 7a9 788 787 74d 0
    4 7a9 7aa 789 788 74e 0
    4 7aa 7ab 78a 789 74f 0
    4 7ab 7ac 78b 78a 750 0
    4 7ac 7ad 78c 78b 751 0
    4 7ad 7ae 78d 78c 752 0
    4 7ae 7af 78e 78d 753 0
    4 7af 7b0 78f 78e 754 0
    4 7b0 7b1 790 78f 755 0
    4 7b1 7b2 791 790 756 0
    4 7b2 7b3 792 791 757 0
    4 7b3 7b4 793 792 758 0
    4 7b4 7b5 794 793 759 0
    4 7b5 7b6 795 794 75a 0
    4 7b6 7b7 796 795 75b 0
    4 7b7 7b8 797 796 75c 0
    4 7b8 7b9 798 797 75d 0
    4 7b9 7ba 799 798 75e 0
    4 7ba 7bb 79a 799 75f 0
    4 7bb 7bc 79b 79a 760 0
    4 7bd 7be 79d 79c 761 0
    4 7be 7bf 79e 79d 762 0
    4 7bf 7c0 79f 79e 763 0
    4 7c0 7c1 7a0 79f 764 0
    4 7c1 7c2 7a1 7a0 765 0
    4 7c2 7c3 7a2 7a1 766 0
    4 7c3 7c4 7a3 7a2 767 0
    4 7c4 7c5 7a4 7a3 768 0
    4 7c5 7c6 7a5 7a4 769 0
    4 7c6 7c7 7a6 7a5 76a 0
    4 7c7 7c8 7a7 7a6 76b 0
    4 7c8 7c9 7a8 7a7 76c 0
    4 7c9 7ca 7a9 7a8 76d 0
    4 7ca 7cb 7aa 7a9 76e 0
    4 7cb 7cc 7ab 7aa 76f 0
    4 7cc 7cd 7ac 7ab 770 0
    4 7cd 7ce 7ad 7ac 771 0
    4 7ce 7cf 7ae 7ad 772 0
    4 7cf 7d0 7af 7ae 773 0
    4 7d0 7d1 7b0 7af 774 0
    4 7d1 7d2 7b1 7b0 775 0
    4 7d2 7d3 7b2 7b1 776 0
    4 7d3 7d4 7b3 7b2 777 0
    4 7d4 7d5 7b4 7b3 778 0
    4 7d5 7d6 7b5 7b4 779 0
    4 7d6 7d7 7b6 7b5 77a 0
    4 7d7 7d8 7b7 7b6 77b 0
    4 7d8 7d9 7b8 7b7 77c 0
    4 7d9 7da 7b9 7b8 77d 0
    4 7da 7db 7ba 7b9 77e 0
    4 7db 7dc 7bb 7ba 77f 0
    4 7dc 7dd 7bc 7bb 780 0
    4 7de 7df 7be 7bd 781 0
    4 7df 7e0 7bf 7be 782 0
    4 7e0 7e1 7c0 7bf 783 0
    4 7e1 7e2 7c1 7c0 784 0
    4 7e2 7e3 7c2 7c1 785 0
    4 7e3 7e4 7c3 7c2 786 0
    4 7e4 7e5 7c4 7c3 787 0
    4 7e5 7e6 7c5 7c4 788 0
    4 7e6 7e7 7c6 7c5 789 0
    4 7e7 7e8 7c7 7c6 78a 0
    4 7e8 7e9 7c8 7c7 78b 0
    4 7e9 7ea 7c9 7c8 78c 0
    4 7ea 7eb 7ca 7c9 78d 0
    4 7eb 7ec 7cb 7ca 78e 0
    4 7ec 7ed 7cc 7cb 78f 0
    4 7ed 7ee 7cd 7cc 790 0
    4 7ee 7ef 7ce 7cd 791 0
    4 7ef 7f0 7cf 7ce 792 0
    4 7f0 7f1 7d0 7cf 793 0
    4 7f1 7f2 7d1 7d0 794 0
    4 7f2 7f3 7d2 7d1 795 0
    4 7f3 7f4 7d3 7d2 796 0
    4 7f4 7f5 7d4 7d3 797 0
    4 7f5 7f6 7d5 7d4 798 0
    4 7f6 7f7 7d6 7d5 799 0
    4 7f7 7f8 7d7 7d6 79a 0
    4 7f8 7f9 7d8 7d7 79b 0
    4 7f9 7fa 7d9 7d8 79c 0
    4 7fa 7fb 7da 7d9 79d 0
    4 7fb 7fc 7db 7da 79e 0
    4 7fc 7fd 7dc 7db 79f 0
    4 7fd 7fe 7dd 7dc 7a0 0
    4 7ff 800 7df 7de 7a1 0
    4 800 801 7e0 7df 7a2 0
    4 801 802 7e1 7e0 7a3 0
    4 802 803 7e2 7e1 7a4 0
    4 803 804 7e3 7e2 7a5 0
    4 804 805 7e4 7e3 7a6 0
    4 805 806 7e5 7e4 7a7 0
    4 806 807 7e6 7e5 7a8 0
    4 807 808 7e7 7e6 7a9 0
    4 808 809 7e8 7e7 7aa 0
    4 809 80a 7e9 7e8 7ab 0
    4 80a 80b 7ea 7e9 7ac 0
    4 80b 80c 7eb 7ea 7ad 0
    4 80c 80d 7ec 7eb 7ae 0
    4 80d 80e 7ed 7ec 7af 0
    4 80e 80f 7ee 7ed 7b0 0
    4 80f 810 7ef 7ee 7b1 0
    4 810 811 7f0 7ef 7b2 0
    4 811 812 7f1 7f0 7b3 0
    4 812 813 7f2 7f1 7b4 0
    4 813 814 7f3 7f2 7b5 0
    4 814 815 7f4 7f3 7b6 0
    4 815 816 7f5 7f4 7b7 0
    4 816 817 7f6 7f5 7b8 0
    4 817 818 7f7 7f6 7b9 0
    4 818 819 7f8 7f7 7ba 0
    4 819 81a 7f9 7f8 7bb 0
    4 81a 81b 7fa 7f9 7bc 0
    4 81b 81c 7fb 7fa 7bd 0
    4 81c 81d 7fc 7fb 7be 0
    4 81d 81e 7fd 7fc 7bf 0
    4 81e 81f 7fe 7fd 7c0 0
    4 820 821 800 7ff 7c1 0
    4 821 822 801 800 7c2 0
    4 822 823 802 801 7c3 0
    4 823 824 803 802 7c4 0
    4 824 825 804 803 7c5 0
    4 825 826 805 804 7c6 0
    4 826 827 806 805 7c7 0
    4 827 828 807 806 7c8 0
    4 828 829 808 807 7c9 0
    4 829 82a 809 808 7ca 0
    4 82a 82b 80a 809 7cb 0
    4 82b 82c 80b 80a 7cc 0
    4 82c 82d 80c 80b 7cd 0
    4 82d 82e 80d 80c 7ce 0
    4 82e 82f 80e 80d 7cf 0
    4 82f 830 80f 80e 7d0 0
    4 830 831 810 80f 7d1 0
    4 831 832 811 810 7d2 0
    4 832 833 812 811 7d3 0
    4 833 834 813 812 7d4 0
    4 834 835 814 813 7d5 0
    4 835 836 815 814 7d6 0
    4 836 837 816 815 7d7 0
    4 837 838 817 816 7d8 0
    4 838 839 818 817 7d9 0
    4 839 83a 819 818 7da 0
    4 83a 83b 81a 819 7db 0
    4 83b 83c 81b 81a 7dc 0
    4 83c 83d 81c 81b 7dd 0
    4 83d 83e 81d 81c 7de 0
    4 83e 83f 81e 81d 7df 0
    4 83f 840 81f 81e 7e0 0
    4 841 842 821 820 7e1 0
    4 842 843 822 821 7e2 0
    4 843 844 823 822 7e3 0
    4 844 845 824 823 7e4 0
    4 845 846 825 824 7e5 0
    4 846 847 826 825 7e6 0
    4 847 848 827 826 7e7 0
    4 848 849 828 827 7e8 0
    4 849 84a 829 828 7e9 0
    4 84a 84b 82a 829 7ea 0
    4 84b 84c 82b 82a 7eb 0
    4 84c 84d 82c 82b 7ec 0
    4 84d 84e 82d 82c 7ed 0
    4 84e 84f 82e 82d 7ee 0
    4 84f 850 82f 82e 7ef 0
    4 850 851 830 82f 7f0 0
    4 851 852 831 830 7f1 0
    4 852 853 832 831 7f2 0
    4 853 854 833 832 7f3 0
    4 854 855 834 833 7f4 0
    4 855 856 835 834 7f5 0
    4 856 857 836 835 7f6 0
    4 857 858 837 836 7f7 0
    4 858 859 838 837 7f8 0
    4 859 85a 839 838 7f9 0
    4 85a 85b 83a 839 7fa 0
    4 85b 85c 83b 83a 7fb 0
    4 85c 85d 83c 83b 7fc 0
    4 85d 85e 83d 83c 7fd 0
    4 85e 85f 83e 83d 7fe 0
    4 85f 860 83f 83e 7ff 0
    4 860 861 840 83f 800 0
    4 862 863 842 841 801 0
    4 863 864 843 842 802 0
    4 864 865 844 843 803 0
    4 865 866 845 844 804 0
    4 866 867 846 845 805 0
    4 867 868 847 846 806 0
    4 868 869 848 847 807 0
    4 869 86a 849 848 808 0
    4 86a 86b 84a 849 809 0
    4 86b 86c 84b 84a 80a 0
    4 86c 86d 84c 84b 80b 0
    4 86d 86e 84d 84c 80c 0
    4 86e 86f 84e 84d 80d 0
    4 86f 870 84f 84e 80e 0
    4 870 871 850 84f 80f 0
    4 871 872 851 850 810 0
    4 872 873 852 851 811 0
    4 873 874 853 852 812 0
    4 874 875 854 853 813 0
    4 875 876 855 854 814 0
    4 876 877 856 855 815 0
    4 877 878 857 856 816 0
    4 878 879 858 857 817 0
    4 879 87a 859 858 818 0
    4 87a 87b 85a 859 819 0
    4 87b 87c 85b 85a 81a 0
    4 87c 87d 85c 85b 81b 0
    4 87d 87e 85d 85c 81c 0
    4 87e 87f 85e 85d 81d 0
    4 87f 880 85f 85e 81e 0
    4 880 881 860 85f 81f 0
    4 881 882 861 860 820 0
    4 883 884 863 862 821 0
    4 884 885 864 863 822 0
    4 885 886 865 864 823 0
    4 886 887 866 865 824 0
    4 887 888 867 866 825 0
    4 888 889 868 867 826 0
    4 889 88a 869 868 827 0
    4 88a 88b 86a 869 828 0
    4 88b 88c 86b 86a 829 0
    4 88c 88d 86c 86b 82a 0
    4 88d 88e 86d 86c 82b 0
    4 88e 88f 86e 86d 82c 0
    4 88f 890 86f 86e 82d 0
    4 890 891 870 86f 82e 0
    4 891 892 871 870 82f 0
    4 892 893 872 871 830 0
    4 893 894 873 872 831 0
    4 894 895 874 873 832 0
    4 895 896 875 874 833 0
    4 896 897 876 875 834 0
    4 897 898 877 876 835 0
    4 898 899 878 877 836 0
    4 899 89a 879 878 837 0
    4 89a 89b 87a 879 838 0
    4 89b 89c 87b 87a 839 0
    4 89c 89d 87c 87b 83a 0
    4 89d 89e 87d 87c 83b 0
    4 89e 89f 87e 87d 83c 0
    4 89f 8a0 87f 87e 83d 0
    4 8a0 8a1 880 87f 83e 0
    4 8a1 8a2 881 880 83f 0
    4 8a2 8a3 882 881 840 0
    4 8a4 8a5 884 883 841 0
    4 8a5 8a6 885 884 842 0
    4 8a6 8a7 886 885 843 0
    4 8a7 8a8 887 886 844 0
    4 8a8 8a9 888 887 845 0
    4 8a9 8aa 889 888 846 0
    4 8aa 8ab 88a 889 847 0
    4 8ab 8ac 88b 88a 848 0
    4 8ac 8ad 88c 88b 849 0
    4 8ad 8ae 88d 88c 84a 0
    4 8ae 8af 88e 88d 84b 0
    4 8af 8b0 88f 88e 84c 0
    4 8b0 8b1 890 88f 84d 0
    4 8b1 8b2 891 890 84e 0
    4 8b2 8b3 892 891 84f 0
    4 8b3 8b4 893 892 850 0
    4 8b4 8b5 894 893 851 0
    4 8b5 8b6 895 894 852 0
    4 8b6 8b7 896 895 853 0
    4 8b7 8b8 897 896 854 0
    4 8b8 8b9 898 897 855 0
    4 8b9 8ba 899 898 856 0
    4 8ba 8bb 89a 899 857 0
    4 8bb 8bc 89b 89a 858 0
    4 8bc 8bd 89c 89b 859 0
    4 8bd 8be 89d 89c 85a 0
    4 8be 8bf 89e 89d 85b 0
    4 8bf 8c0 89f 89e 85c 0
    4 8c0 8c1 8a0 89f 85d 0
    4 8c1 8c2 8a1 8a0 85e 0
    4 8c2 8c3 8a2 8a1 85f 0
    4 8c3 8c4 8a3 8a2 860 0
    4 8c5 8c6 8a5 8a4 861 0
    4 8c6 8c7 8a6 8a5 862 0
    4 8c7 8c8 8a7 8a6 863 0
    4 8c8 8c9 8a8 8a7 864 0
    4 8c9 8ca 8a9 8a8 865 0
    4 8ca 8cb 8aa 8a9 866 0
    4 8cb 8cc 8ab 8aa 867 0
    4 8cc 8cd 8ac 8ab 868 0
    4 8cd 8ce 8ad 8ac 869 0
    4 8ce 8cf 8ae 8ad 86a 0
    4 8cf 8d0 8af 8ae 86b 0
    4 8d0 8d1 8b0 8af 86c 0
    4 8d1 8d2 8b1 8b0 86d 0
    4 8d2 8d3 8b2 8b1 86e 0
    4 8d3 8d4 8b3 8b2 86f 0
    4 8d4 8d5 8b4 8b3 870 0
    4 8d5 8d6 8b5 8b4 871 0
    4 8d6 8d7 8b6 8b5 872 0
    4 8d7 8d8 8b7 8b6 873 0
    4 8d8 8d9 8b8 8b7 874 0
    4 8d9 8da 8b9 8b8 875 0
    4 8da 8db 8ba 8b9 876 0
    4 8db 8dc 8bb 8ba 877 0
    4 8dc 8dd 8bc 8bb 878 0
    4 8dd 8de 8bd 8bc 879 0
    4 8de 8df 8be 8bd 87a 0
    4 8df 8e0 8bf 8be 87b 0
    4 8e0 8e1 8c0 8bf 87c 0
    4 8e1 8e2 8c1 8c0 87d 0
    4 8e2 8e3 8c2 8c1 87e 0
    4 8e3 8e4 8c3 8c2 87f 0
    4 8e4 8e5 8c4 8c3 880 0
    4 8e6 8e7 8c6 8c5 881 0
    4 8e7 8e8 8c7 8c6 882 0
    4 8e8 8e9 8c8 8c7 883 0
    4 8e9 8ea 8c9 8c8 884 0
    4 8ea 8eb 8ca 8c9 885 0
    4 8eb 8ec 8cb 8ca 886 0
    4 8ec 8ed 8cc 8cb 887 0
    4 8ed 8ee 8cd 8cc 888 0
    4 8ee 8ef 8ce 8cd 889 0
    4 8ef 8f0 8cf 8ce 88a 0
    4 8f0 8f1 8d0 8cf 88b 0
    4 8f1 8f2 8d1 8d0 88c 0
    4 8f2 8f3 8d2 8d1 88d 0
    4 8f3 8f4 8d3 8d2 88e 0
    4 8f4 8f5 8d4 8d3 88f 0
    4 8f5 8f6 8d5 8d4 890 0
    4 8f6 8f7 8d6 8d5 891 0
    4 8f7 8f8 8d7 8d6 892 0
    4 8f8 8f9 8d8 8d7 893 0
    4 8f9 8fa 8d9 8d8 894 0
    4 8fa 8fb 8da 8d9 895 0
    4 8fb 8fc 8db 8da 896 0
    4 8fc 8fd 8dc 8db 897 0
    4 8fd 8fe 8dd 8dc 898 0
    4 8fe 8ff 8de 8dd 899 0
    4 8ff 900 8df 8de 89a 0
    4 900 901 8e0 8df 89b 0
    4 901 902 8e1 8e0 89c 0
    4 902 903 8e2 8e1 89d 0
    4 903 904 8e3 8e2 89e 0
    4 904 905 8e4 8e3 89f 0
    4 905 906 8e5 8e4 8a0 0
    4 907 908 8e7 8e6 8a1 0
    4 908 909 8e8 8e7 8a2 0
    4 909 90a 8e9 8e8 8a3 0
    4 90a 90b 8ea 8e9 8a4 0
    4 90b 90c 8eb 8ea 8a5 0
    4 90c 90d 8ec 8eb 8a6 0
    4 90d 90e 8ed 8ec 8a7 0
    4 90e 90f 8ee 8ed 8a8 0
    4 90f 910 8ef 8ee 8a9 0
    4 910 911 8f0 8ef 8aa 0
    4 911 912 8f1 8f0 8ab 0
    4 912 913 8f2 8f1 8ac 0
    4 913 914 8f3 8f2 8ad 0
    4 914 915 8f4 8f3 8ae 0
    4 915 916 8f5 8f4 8af 0
    4 916 917 8f6 8f5 8b0 0
    4 917 918 8f7 8f6 8b1 0
    4 918 919 8f8 8f7 8b2 0
    4 919 91a 8f9 8f8 8b3 0
    4 91a 91b 8fa 8f9 8b4 0
    4 91b 91c 8fb 8fa 8b5 0
    4 91c 91d 8fc 8fb 8b6 0
    4 91d 91e 8fd 8fc 8b7 0
    4 91e 91f 8fe 8fd 8b8 0
    4 91f 920 8ff 8fe 8b9 0
    4 920 921 900 8ff 8ba 0
    4 921 922 901 900 8bb 0
    4 922 923 902 901 8bc 0
    4 923 924 903 902 8bd 0
    4 924 925 904 903 8be 0
    4 925 926 905 904 8bf 0
    4 926 927 906 905 8c0 0
    4 928 929 908 907 8c1 0
    4 929 92a 909 908 8c2 0
    4 92a 92b 90a 909 8c3 0
    4 92b 92c 90b 90a 8c4 0
    4 92c 92d 90c 90b 8c5 0
    4 92d 92e 90d 90c 8c6 0
    4 92e 92f 90e 90d 8c7 0
    4 92f 930 90f 90e 8c8 0
    4 930 931 910 90f 8c9 0
    4 931 932 911 910 8ca 0
    4 932 933 912 911 8cb 0
    4 933 934 913 912 8cc 0
    4 934 935 914 913 8cd 0
    4 935 936 915 914 8ce 0
    4 936 937 916 915 8cf 0
    4 937 938 917 916 8d0 0
    4 938 939 918 917 8d1 0
    4 939 93a 919 918 8d2 0
    4 93a 93b 91a 919 8d3 0
    4 93b 93c 91b 91a 8d4 0
    4 93c 93d 91c 91b 8d5 0
    4 93d 93e 91d 91c 8d6 0
    4 93e 93f 91e 91d 8d7 0
    4 93f 940 91f 91e 8d8 0
    4 940 941 920 91f 8d9 0
    4 941 942 921 920 8da 0
    4 942 943 922 921 8db 0
    4 943 944 923 922 8dc 0
    4 944 945 924 923 8dd 0
    4 945 946 925 924 8de 0
    4 946 947 926 925 8df 0
    4 947 948 927 926 8e0 0
    4 949 94a 929 928 8e1 0
    4 94a 94b 92a 929 8e2 0
    4 94b 94c 92b 92a 8e3 0
    4 94c 94d 92c 92b 8e4 0
    4 94d 94e 92d 92c 8e5 0
    4 94e 94f 92e 92d 8e6 0
    4 94f 950 92f 92e 8e7 0
    4 950 951 930 92f 8e8 0
    4 951 952 931 930 8e9 0
    4 952 953 932 931 8ea 0
    4 953 954 933 932 8eb 0
    4 954 955 934 933 8ec 0
    4 955 956 935 934 8ed 0
    4 956 957 936 935 8ee 0
    4 957 958 937 936 8ef 0
    4 958 959 938 937 8f0 0
    4 959 95a 939 938 8f1 0
    4 95a 95b 93a 939 8f2 0
    4 95b 95c 93b 93a 8f3 0
    4 95c 95d 93c 93b 8f4 0
    4 95d 95e 93d 93c 8f5 0
    4 95e 95f 93e 93d 8f6 0
    4 95f 960 93f 93e 8f7 0
    4 960 961 940 93f 8f8 0
    4 961 962 941 940 8f9 0
    4 962 963 942 941 8fa 0
    4 963 964 943 942 8fb 0
    4 964 965 944 943 8fc 0
    4 965 966 945 944 8fd 0
    4 966 967 946 945 8fe 0
    4 967 968 947 946 8ff 0
    4 968 969 948 947 900 0
    4 96a 96b 94a 949 901 0
    4 96b 96c 94b 94a 902 0
    4 96c 96d 94c 94b 903 0
    4 96d 96e 94d 94c 904 0
    4 96e 96f 94e 94d 905 0
    4 96f 970 94f 94e 906 0
    4 970 971 950 94f 907 0
    4 971 972 951 950 908 0
    4 972 973 952 951 909 0
    4 973 974 953 952 90a 0
    4 974 975 954 953 90b 0
    4 975 976 955 954 90c 0
    4 976 977 956 955 90d 0
    4 977 978 957 956 90e 0
    4 978 979 958 957 90f 0
    4 979 97a 959 958 910 0
    4 97a 97b 95a 959 911 0
    4 97b 97c 95b 95a 912 0
    4 97c 97d 95c 95b 913 0
    4 97d 97e 95d 95c 914 0
    4 97e 97f 95e 95d 915 0
    4 97f 980 95f 95e 916 0
    4 980 981 960 95f 917 0
    4 981 982 961 960 918 0
    4 982 983 962 961 919 0
    4 983 984 963 962 91a 0
    4 984 985 964 963 91b 0
    4 985 986 965 964 91c 0
    4 986 987 966 965 91d 0
    4 987 988 967 966 91e 0
    4 988 989 968 967 91f 0
    4 989 98a 969 968 920 0
    4 98b 98c 96b 96a 921 0
    4 98c 98d 96c 96b 922 0
    4 98d 98e 96d 96c 923 0
    4 98e 98f 96e 96d 924 0
    4 98f 990 96f 96e 925 0
    4 990 991 970 96f 926 0
    4 991 992 971 970 927 0
    4 992 993 972 971 928 0
    4 993 994 973 972 929 0
    4 994 995 974 973 92a 0
    4 995 996 975 974 92b 0
    4 996 997 976 975 92c 0
    4 997 998 977 976 92d 0
    4 998 999 978 977 92e 0
    4 999 99a 979 978 92f 0
    4 99a 99b 97a 979 930 0
    4 99b 99c 97b 97a 931 0
    4 99c 99d 97c 97b 932 0
    4 99d 99e 97d 97c 933 0
    4 99e 99f 97e 97d 934 0
    4 99f 9a0 97f 97e 935 0
    4 9a0 9a1 980 97f 936 0
    4 9a1 9a2 981 980 937 0
    4 9a2 9a3 982 981 938 0
    4 9a3 9a4 983 982 939 0
    4 9a4 9a5 984 983 93a 0
    4 9a5 9a6 985 984 93b 0
    4 9a6 9a7 986 985 93c 0
    4 9a7 9a8 987 986 93d 0
    4 9a8 9a9 988 987 93e 0
    4 9a9 9aa 989 988 93f 0
    4 9aa 9ab 98a 989 940 0
    4 9ac 9ad 98c 98b 941 0
    4 9ad 9ae 98d 98c 942 0
    4 9ae 9af 98e 98d 943 0
    4 9af 9b0 98f 98e 944 0
    4 9b0 9b1 990 98f 945 0
    4 9b1 9b2 991 990 946 0
    4 9b2 9b3 992 991 947 0
    4 9b3 9b4 993 992 948 0
    4 9b4 9b5 994 993 949 0
    4 9b5 9b6 995 994 94a 0
    4 9b6 9b7 996 995 94b 0
    4 9b7 9b8 997 996 94c 0
    4 9b8 9b9 998 997 94d 0
    4 9b9 9ba 999 998 94e 0
    4 9ba 9bb 99a 999 94f 0
    4 9bb 9bc 99b 99a 950 0
    4 9bc 9bd 99c 99b 951 0
    4 9bd 9be 99d 99c 952 0
    4 9be 9bf 99e 99d 953 0
    4 9bf 9c0 99f 99e 954 0
    4 9c0 9c1 9a0 99f 955 0
    4 9c1 9c2 9a1 9a0 956 0
    4 9c2 9c3 9a2 9a1 957 0
    4 9c3 9c4 9a3 9a2 958 0
    4 9c4 9c5 9a4 9a3 959 0
    4 9c5 9c6 9a5 9a4 95a 0
    4 9c6 9c7 9a6 9a5 95b 0
    4 9c7 9c8 9a7 9a6 95c 0
    4 9c8 9c9 9a8 9a7 95d 0
    4 9c9 9ca 9a9 9a8 95e 0
    4 9ca 9cb 9aa 9a9 95f 0
    4 9cb 9cc 9ab 9aa 960 0
    4 9cd 9ce 9ad 9ac 961 0
    4 9ce 9cf 9ae 9ad 962 0
    4 9cf 9d0 9af 9ae 963 0
    4 9d0 9d1 9b0 9af 964 0
    4 9d1 9d2 9b1 9b0 965 0
    4 9d2 9d3 9b2 9b1 966 0
    4 9d3 9d4 9b3 9b2 967 0
    4 9d4 9d5 9b4 9b3 968 0
    4 9d5 9d6 9b5 9b4 969 0
    4 9d6 9d7 9b6 9b5 96a 0
    4 9d7 9d8 9b7 9b6 96b 0
    4 9d8 9d9 9b8 9b7 96c 0
    4 9d9 9da 9b9 9b8 96d 0
    4 9da 9db 9ba 9b9 96e 0
    4 9db 9dc 9bb 9ba 96f 0
    4 9dc 9dd 9bc 9bb 970 0
    4 9dd 9de 9bd 9bc 971 0
    4 9de 9df 9be 9bd 972 0
    4 9df 9e0 9bf 9be 973 0
    4 9e0 9e1 9c0 9bf 974 0
    4 9e1 9e2 9c1 9c0 975 0
    4 9e2 9e3 9c2 9c1 976 0
    4 9e3 9e4 9c3 9c2 977 0
    4 9e4 9e5 9c4 9c3 978 0
    4 9e5 9e6 9c5 9c4 979 0
    4 9e6 9e7 9c6 9c5 97a 0
    4 9e7 9e8 9c7 9c6 97b 0
    4 9e8 9e9 9c8 9c7 97c 0
    4 9e9 9ea 9c9 9c8 97d 0
    4 9ea 9eb 9ca 9c9 97e 0
    4 9eb 9ec 9cb 9ca 97f 0
    4 9ec 9ed 9cc 9cb 980 0
    4 9ee 9ef 9ce 9cd 981 0
    4 9ef 9f0 9cf 9ce 982 0
    4 9f0 9f1 9d0 9cf 983 0
    4 9f1 9f2 9d1 9d0 984 0
    4 9f2 9f3 9d2 9d1 985 0
    4 9f3 9f4 9d3 9d2 986 0
    4 9f4 9f5 9d4 9d3 987 0
    4 9f5 9f6 9d5 9d4 988 0
    4 9f6 9f7 9d6 9d5 989 0
    4 9f7 9f8 9d7 9d6 98a 0
    4 9f8 9f9 9d8 9d7 98b 0
    4 9f9 9fa 9d9 9d8 98c 0
    4 9fa 9fb 9da 9d9 98d 0
    4 9fb 9fc 9db 9da 98e 0
    4 9fc 9fd 9dc 9db 98f 0
    4 9fd 9fe 9dd 9dc 990 0
    4 9fe 9ff 9de 9dd 991 0
    4 9ff a00 9df 9de 992 0
    4 a00 a01 9e0 9df 993 0
    4 a01 a02 9e1 9e0 994 0
    4 a02 a03 9e2 9e1 995 0
    4 a03 a04 9e3 9e2 996 0
    4 a04 a05 9e4 9e3 997 0
    4 a05 a06 9e5 9e4 998 0
    4 a06 a07 9e6 9e5 999 0
    4 a07 a08 9e7 9e6 99a 0
    4 a08 a09 9e8 9e7 99b 0
    4 a09 a0a 9e9 9e8 99c 0
    4 a0a a0b 9ea 9e9 99d 0
    4 a0b a0c 9eb 9ea 99e 0
    4 a0c a0d 9ec 9eb 99f 0
    4 a0d a0e 9ed 9ec 9a0 0
    4 a0f a10 9ef 9ee 9a1 0
    4 a10 a11 9f0 9ef 9a2 0
    4 a11 a12 9f1 9f0 9a3 0
    4 a12 a13 9f2 9f1 9a4 0
    4 a13 a14 9f3 9f2 9a5 0
    4 a14 a15 9f4 9f3 9a6 0
    4 a15 a16 9f5 9f4 9a7 0
    4 a16 a17 9f6 9f5 9a8 0
    4 a17 a18 9f7 9f6 9a9 0
    4 a18 a19 9f8 9f7 9aa 0
    4 a19 a1a 9f9 9f8 9ab 0
    4 a1a a1b 9fa 9f9 9ac 0
    4 a1b a1c 9fb 9fa 9ad 0
    4 a1c a1d 9fc 9fb 9ae 0
    4 a1d a1e 9fd 9fc 9af 0
    4 a1e a1f 9fe 9fd 9b0 0
    4 a1f a20 9ff 9fe 9b1 0
    4 a20 a21 a00 9ff 9b2 0
    4 a21 a22 a01 a00 9b3 0
    4 a22 a23 a02 a01 9b4 0
    4 a23 a24 a03 a02 9b5 0
    4 a24 a25 a04 a03 9b6 0
    4 a25 a26 a05 a04 9b7 0
    4 a26 a27 a06 a05 9b8 0
    4 a27 a28 a07 a06 9b9 0
    4 a28 a29 a08 a07 9ba 0
    4 a29 a2a a09 a08 9bb 0
    4 a2a a2b a0a a09 9bc 0
    4 a2b a2c a0b a0a 9bd 0
    4 a2c a2d a0c a0b 9be 0
    4 a2d a2e a0d a0c 9bf 0
    4 a2e a2f a0e a0d 9c0 0
    4 a30 a31 a10 a0f 9c1 0
    4 a31 a32 a11 a10 9c2 0
    4 a32 a33 a12 a11 9c3 0
    4 a33 a34 a13 a12 9c4 0
    4 a34 a35 a14 a13 9c5 0
    4 a35 a36 a15 a14 9c6 0
    4 a36 a37 a16 a15 9c7 0
    4 a37 a38 a17 a16 9c8 0
    4 a38 a39 a18 a17 9c9 0
    4 a39 a3a a19 a18 9ca 0
    4 a3a a3b a1a a19 9cb 0
    4 a3b a3c a1b a1a 9cc 0
    4 a3c a3d a1c a1b 9cd 0
    4 a3d a3e a1d a1c 9ce 0
    4 a3e a3f a1e a1d 9cf 0
    4 a3f a40 a1f a1e 9d0 0
    4 a40 a41 a20 a1f 9d1 0
    4 a41 a42 a21 a20 9d2 0
    4 a42 a43 a22 a21 9d3 0
    4 a43 a44 a23 a22 9d4 0
    4 a44 a45 a24 a23 9d5 0
    4 a45 a46 a25 a24 9d6 0
    4 a46 a47 a26 a25 9d7 0
    4 a47 a48 a27 a26 9d8 0
    4 a48 a49 a28 a27 9d9 0
    4 a49 a4a a29 a28 9da 0
    4 a4a a4b a2a a29 9db 0
    4 a4b a4c a2b a2a 9dc 0
    4 a4c a4d a2c a2b 9dd 0
    4 a4d a4e a2d a2c 9de 0
    4 a4e a4f a2e a2d 9df 0
    4 a4f a50 a2f a2e 9e0 0
    4 a51 a52 a31 a30 9e1 0
    4 a52 a53 a32 a31 9e2 0
    4 a53 a54 a33 a32 9e3 0
    4 a54 a55 a34 a33 9e4 0
    4 a55 a56 a35 a34 9e5 0
    4 a56 a57 a36 a35 9e6 0
    4 a57 a58 a37 a36 9e7 0
    4 a58 a59 a38 a37 9e8 0
    4 a59 a5a a39 a38 9e9 0
    4 a5a a5b a3a a39 9ea 0
    4 a5b a5c a3b a3a 9eb 0
    4 a5c a5d a3c a3b 9ec 0
    4 a5d a5e a3d a3c 9ed 0
    4 a5e a5f a3e a3d 9ee 0
    4 a5f a60 a3f a3e 9ef 0
    4 a60 a61 a40 a3f 9f0 0
    4 a61 a62 a41 a40 9f1 0
    4 a62 a63 a42 a41 9f2 0
    4 a63 a64 a43 a42 9f3 0
    4 a64 a65 a44 a43 9f4 0
    4 a65 a66 a45 a44 9f5 0
    4 a66 a67 a46 a45 9f6 0
    4 a67 a68 a47 a46 9f7 0
    4 a68 a69 a48 a47 9f8 0
    4 a69 a6a a49 a48 9f9 0
    4 a6a a6b a4a a49 9fa 0
    4 a6b a6c a4b a4a 9fb 0
    4 a6c a6d a4c a4b 9fc 0
    4 a6d a6e a4d a4c 9fd 0
    4 a6e a6f a4e a4d 9fe 0
    4 a6f a70 a4f a4e 9ff 0
    4 a70 a71 a50 a4f a00 0
    4 a72 a73 a52 a51 a01 0
    4 a73 a74 a53 a52 a02 0
    4 a74 a75 a54 a53 a03 0
    4 a75 a76 a55 a54 a04 0
    4 a76 a77 a56 a55 a05 0
    4 a77 a78 a57 a56 a06 0
    4 a78 a79 a58 a57 a07 0
    4 a79 a7a a59 a58 a08 0
    4 a7a a7b a5a a59 a09 0
    4 a7b a7c a5b a5a a0a 0
    4 a7c a7d a5c a5b a0b 0
    4 a7d a7e a5d a5c a0c 0
    4 a7e a7f a5e a5d a0d 0
    4 a7f a80 a5f a5e a0e 0
    4 a80 a81 a60 a5f a0f 0
    4 a81 a82 a61 a60 a10 0
    4 a82 a83 a62 a61 a11 0
    4 a83 a84 a63 a62 a12 0
    4 a84 a85 a64 a63 a13 0
    4 a85 a86 a65 a64 a14 0
    4 a86 a87 a66 a65 a15 0
    4 a87 a88 a67 a66 a16 0
    4 a88 a89 a68 a67 a17 0
    4 a89 a8a a69 a68 a18 0
    4 a8a a8b a6a a69 a19 0
    4 a8b a8c a6b a6a a1a 0
    4 a8c a8d a6c a6b a1b 0
    4 a8d a8e a6d a6c a1c 0
    4 a8e a8f a6e a6d a1d 0
    4 a8f a90 a6f a6e a1e 0
    4 a90 a91 a70 a6f a1f 0
    4 a91 a92 a71 a70 a20 0
    4 a93 a94 a73 a72 a21 0
    4 a94 a95 a74 a73 a22 0
    4 a95 a96 a75 a74 a23 0
    4 a96 a97 a76 a75 a24 0
    4 a97 a98 a77 a76 a25 0
    4 a98 a99 a78 a77 a26 0
    4 a99 a9a a79 a78 a27 0
    4 a9a a9b a7a a79 a28 0
    4 a9b a9c a7b a7a a29 0
    4 a9c a9d a7c a7b a2a 0
    4 a9d a9e a7d a7c a2b 0
    4 a9e a9f a7e a7d a2c 0
    4 a9f aa0 a7f a7e a2d 0
    4 aa0 aa1 a80 a7f a2e 0
    4 aa1 aa2 a81 a80 a2f 0
    4 aa2 aa3 a82 a81 a30 0
    4 aa3 aa4 a83 a82 a31 0
    4 aa4 aa5 a84 a83 a32 0
    4 aa5 aa6 a85 a84 a33 0
    4 aa6 aa7 a86 a85 a34 0
    4 aa7 aa8 a87 a86 a35 0
    4 aa8 aa9 a88 a87 a36 0
    4 aa9 aaa a89 a88 a37 0
    4 aaa aab a8a a89 a38 0
    4 aab aac a8b a8a a39 0
    4 aac aad a8c a8b a3a 0
    4 aad aae a8d a8c a3b 0
    4 aae aaf a8e a8d a3c 0
    4 aaf ab0 a8f a8e a3d 0
    4 ab0 ab1 a90 a8f a3e 0
    4 ab1 ab2 a91 a90 a3f 0
    4 ab2 ab3 a92 a91 a40 0
    4 ab4 ab5 a94 a93 a41 0
    4 ab5 ab6 a95 a94 a42 0
    4 ab6 ab7 a96 a95 a43 0
    4 ab7 ab8 a97 a96 a44 0
    4 ab8 ab9 a98 a97 a45 0
    4 ab9 aba a99 a98 a46 0
    4 aba abb a9a a99 a47 0
    4 abb abc a9b a9a a48 0
    4 abc abd a9c a9b a49 0
    4 abd abe a9d a9c a4a 0
    4 abe abf a9e a9d a4b 0
    4 abf ac0 a9f a9e a4c 0
    4 ac0 ac1 aa0 a9f a4d 0
    4 ac1 ac2 aa1 aa0 a4e 0
    4 ac2 ac3 aa2 aa1 a4f 0
    4 ac3 ac4 aa3 aa2 a50 0
    4 ac4 ac5 aa4 aa3 a51 0
    4 ac5 ac6 aa5 aa4 a52 0
    4 ac6 ac7 aa6 aa5 a53 0
    4 ac7 ac8 aa7 aa6 a54 0
    4 ac8 ac9 aa8 aa7 a55 0
    4 ac9 aca aa9 aa8 a56 0
    4 aca acb aaa aa9 a57 0
    4 acb acc aab aaa a58 0
    4 acc acd aac aab a59 0
    4 acd ace aad aac a5a 0
    4 ace acf aae aad a5b 0
    4 acf ad0 aaf aae a5c 0
    4 ad0 ad1 ab0 aaf a5d 0
    4 ad1 ad2 ab1 ab0 a5e 0
    4 ad2 ad3 ab2 ab1 a5f 0
    4 ad3 ad4 ab3 ab2 a60 0
    4 ad5 ad6 ab5 ab4 a61 0
    4 ad6 ad7 ab6 ab5 a62 0
    4 ad7 ad8 ab7 ab6 a63 0
    4 ad8 ad9 ab8 ab7 a64 0
    4 ad9 ada ab9 ab8 a65 0
    4 ada adb aba ab9 a66 0
    4 adb adc abb aba a67 0
    4 adc add abc abb a68 0
    4 add ade abd abc a69 0
    4 ade adf abe abd a6a 0
    4 adf ae0 abf abe a6b 0
    4 ae0 ae1 ac0 abf a6c 0
    4 ae1 ae2 ac1 ac0 a6d 0
    4 ae2 ae3 ac2 ac1 a6e 0
    4 ae3 ae4 ac3 ac2 a6f 0
    4 ae4 ae5 ac4 ac3 a70 0
    4 ae5 ae6 ac5 ac4 a71 0
    4 ae6 ae7 ac6 ac5 a72 0
    4 ae7 ae8 ac7 ac6 a73 0
    4 ae8 ae9 ac8 ac7 a74 0
    4 ae9 aea ac9 ac8 a75 0
    4 aea aeb aca ac9 a76 0
    4 aeb aec acb aca a77 0
    4 aec aed acc acb a78 0
    4 aed aee acd acc a79 0
    4 aee aef ace acd a7a 0
    4 aef af0 acf ace a7b 0
    4 af0 af1 ad0 acf a7c 0
    4 af1 af2 ad1 ad0 a7d 0
    4 af2 af3 ad2 ad1 a7e 0
    4 af3 af4 ad3 ad2 a7f 0
    4 af4 af5 ad4 ad3 a80 0
    4 af6 af7 ad6 ad5 a81 0
    4 af7 af8 ad7 ad6 a82 0
    4 af8 af9 ad8 ad7 a83 0
    4 af9 afa ad9 ad8 a84 0
    4 afa afb ada ad9 a85 0
    4 afb afc adb ada a86 0
    4 afc afd adc adb a87 0
    4 afd afe add adc a88 0
    4 afe aff ade add a89 0
    4 aff b00 adf ade a8a 0
    4 b00 b01 ae0 adf a8b 0
    4 b01 b02 ae1 ae0 a8c 0
    4 b02 b03 ae2 ae1 a8d 0
    4 b03 b04 ae3 ae2 a8e 0
    4 b04 b05 ae4 ae3 a8f 0
    4 b05 b06 ae5 ae4 a90 0
    4 b06 b07 ae6 ae5 a91 0
    4 b07 b08 ae7 ae6 a92 0
    4 b08 b09 ae8 ae7 a93 0
    4 b09 b0a ae9 ae8 a94 0
    4 b0a b0b aea ae9 a95 0
    4 b0b b0c aeb aea a96 0
    4 b0c b0d aec aeb a97 0
    4 b0d b0e aed aec a98 0
    4 b0e b0f aee aed a99 0
    4 b0f b10 aef aee a9a 0
    4 b10 b11 af0 aef a9b 0
    4 b11 b12 af1 af0 a9c 0
    4 b12 b13 af2 af1 a9d 0
    4 b13 b14 af3 af2 a9e 0
    4 b14 b15 af4 af3 a9f 0
    4 b15 b16 af5 af4 aa0 0
    4 b17 b18 af7 af6 aa1 0
    4 b18 b19 af8 af7 aa2 0
    4 b19 b1a af9 af8 aa3 0
    4 b1a b1b afa af9 aa4 0
    4 b1b b1c afb afa aa5 0
    4 b1c b1d afc afb aa6 0
    4 b1d b1e afd afc aa7 0
    4 b1e b1f afe afd aa8 0
    4 b1f b20 aff afe aa9 0
    4 b20 b21 b00 aff aaa 0
    4 b21 b22 b01 b00 aab 0
    4 b22 b23 b02 b01 aac 0
    4 b23 b24 b03 b02 aad 0
    4 b24 b25 b04 b03 aae 0
    4 b25 b26 b05 b04 aaf 0
    4 b26 b27 b06 b05 ab0 0
    4 b27 b28 b07 b06 ab1 0
    4 b28 b29 b08 b07 ab2 0
    4 b29 b2a b09 b08 ab3 0
    4 b2a b2b b0a b09 ab4 0
    4 b2b b2c b0b b0a ab5 0
    4 b2c b2d b0c b0b ab6 0
    4 b2d b2e b0d b0c ab7 0
    4 b2e b2f b0e b0d ab8 0
    4 b2f b30 b0f b0e ab9 0
    4 b30 b31 b10 b0f aba 0
    4 b31 b32 b11 b10 abb 0
    4 b32 b33 b12 b11 abc 0
    4 b33 b34 b13 b12 abd 0
    4 b34 b35 b14 b13 abe 0
    4 b35 b36 b15 b14 abf 0
    4 b36 b37 b16 b15 ac0 0
    4 b38 b39 b18 b17 ac1 0
    4 b39 b3a b19 b18 ac2 0
    4 b3a b3b b1a b19 ac3 0
    4 b3b b3c b1b b1a ac4 0
    4 b3c b3d b1c b1b ac5 0
    4 b3d b3e b1d b1c ac6 0
    4 b3e b3f b1e b1d ac7 0
    4 b3f b40 b1f b1e ac8 0
    4 b40 b41 b20 b1f ac9 0
    4 b41 b42 b21 b20 aca 0
    4 b42 b43 b22 b21 acb 0
    4 b43 b44 b23 b22 acc 0
    4 b44 b45 b24 b23 acd 0
    4 b45 b46 b25 b24 ace 0
    4 b46 b47 b26 b25 acf 0
    4 b47 b48 b27 b26 ad0 0
    4 b48 b49 b28 b27 ad1 0
    4 b49 b4a b29 b28 ad2 0
    4 b4a b4b b2a b29 ad3 0
    4 b4b b4c b2b b2a ad4 0
    4 b4c b4d b2c b2b ad5 0
    4 b4d b4e b2d b2c ad6 0
    4 b4e b4f b2e b2d ad7 0
    4 b4f b50 b2f b2e ad8 0
    4 b50 b51 b30 b2f ad9 0
    4 b51 b52 b31 b30 ada 0
    4 b52 b53 b32 b31 adb 0
    4 b53 b54 b33 b32 adc 0
    4 b54 b55 b34 b33 add 0
    4 b55 b56 b35 b34 ade 0
    4 b56 b57 b36 b35 adf 0
    4 b57 b58 b37 b36 ae0 0
    4 319 b59 b39 b38 ae1 0
    4 b59 b5a b3a b39 ae2 0
    4 b5a b5b b3b b3a ae3 0
    4 b5b b5c b3c b3b ae4 0
    4 b5c b5d b3d b3c ae5 0
    4 b5d b5e b3e b3d ae6 0
    4 b5e b5f b3f b3e ae7 0
    4 b5f b60 b40 b3f ae8 0
    4 b60 b61 b41 b40 ae9 0
    4 b61 b62 b42 b41 aea 0
    4 b62 b63 b43 b42 aeb 0
    4 b63 b64 b44 b43 aec 0
    4 b64 b65 b45 b44 aed 0
    4 b65 b66 b46 b45 aee 0
    4 b66 b67 b47 b46 aef 0
    4 b67 b68 b48 b47 af0 0
    4 b68 b69 b49 b48 af1 0
    4 b69 b6a b4a b49 af2 0
    4 b6a b6b b4b b4a af3 0
    4 b6b b6c b4c b4b af4 0
    4 b6c b6d b4d b4c af5 0
    4 b6d b6e b4e b4d af6 0
    4 b6e b6f b4f b4e af7 0
    4 b6f b70 b50 b4f af8 0
    4 b70 b71 b51 b50 af9 0
    4 b71 b72 b52 b51 afa 0
    4 b72 b73 b53 b52 afb 0
    4 b73 b74 b54 b53 afc 0
    4 b74 b75 b55 b54 afd 0
    4 b75 b76 b56 b55 afe 0
    4 b76 b77 b57 b56 aff 0
    4 b77 b78 b58 b57 b00 0
    4 2f8 b79 b59 319 b01 0
    4 b79 b7a b5a b59 b02 0
    4 b7a b7b b5b b5a b03 0
    4 b7b b7c b5c b5b b04 0
    4 b7c b7d b5d b5c b05 0
    4 b7d b7e b5e b5d b06 0
    4 b7e b7f b5f b5e b07 0
    4 b7f b80 b60 b5f b08 0
    4 b80 b81 b61 b60 b09 0
    4 b81 b82 b62 b61 b0a 0
    4 b82 b83 b63 b62 b0b 0
    4 b83 b84 b64 b63 b0c 0
    4 b84 b85 b65 b64 b0d 0
    4 b85 b86 b66 b65 b0e 0
    4 b86 b87 b67 b66 b0f 0
    4 b87 b88 b68 b67 b10 0
    4 b88 b89 b69 b68 b11 0
    4 b89 b8a b6a b69 b12 0
    4 b8a b8b b6b b6a b13 0
    4 b8b b8c b6c b6b b14 0
    4 b8c b8d b6d b6c b15 0
    4 b8d b8e b6e b6d b16 0
    4 b8e b8f b6f b6e b17 0
    4 b8f b90 b70 b6f b18 0
    4 b90 b91 b71 b70 b19 0
    4 b91 b92 b72 b71 b1a 0
    4 b92 b93 b73 b72 b1b 0
    4 b93 b94 b74 b73 b1c 0
    4 b94 b95 b75 b74 b1d 0
    4 b95 b96 b76 b75 b1e 0
    4 b96 b97 b77 b76 b1f 0
    4 b97 b98 b78 b77 b20 0
    4 2d7 b99 b79 2f8 b21 0
    4 b99 b9a b7a b79 b22 0
    4 b9a b9b b7b b7a b23 0
    4 b9b b9c b7c b7b b24 0
    4 b9c b9d b7d b7c b25 0
    4 b9d b9e b7e b7d b26 0
    4 b9e b9f b7f b7e b27 0
    4 b9f ba0 b80 b7f b28 0
    4 ba0 ba1 b81 b80 b29 0
    4 ba1 ba2 b82 b81 b2a 0
    4 ba2 ba3 b83 b82 b2b 0
    4 ba3 ba4 b84 b83 b2c 0
    4 ba4 ba5 b85 b84 b2d 0
    4 ba5 ba6 b86 b85 b2e 0
    4 ba6 ba7 b87 b86 b2f 0
    4 ba7 ba8 b88 b87 b30 0
    4 ba8 ba9 b89 b88 b31 0
    4 ba9 baa b8a b89 b32 0
    4 baa bab b8b b8a b33 0
    4 bab bac b8c b8b b34 0
    4 bac bad b8d b8c b35 0
    4 bad bae b8e b8d b36 0
    4 bae baf b8f b8e b37 0
    4 baf bb0 b90 b8f b38 0
    4 bb0 bb1 b91 b90 b39 0
    4 bb1 bb2 b92 b91 b3a 0
    4 bb2 bb3 b93 b92 b3b 0
    4 bb3 bb4 b94 b93 b3c 0
    4 bb4 bb5 b95 b94 b3d 0
    4 bb5 bb6 b96 b95 b3e 0
    4 bb6 bb7 b97 b96 b3f 0
    4 bb7 bb8 b98 b97 b40 0
    4 2b6 bb9 b99 2d7 b41 0
    4 bb9 bba b9a b99 b42 0
    4 bba bbb b9b b9a b43 0
    4 bbb bbc b9c b9b b44 0
    4 bbc bbd b9d b9c b45 0
    4 bbd bbe b9e b9d b46 0
    4 bbe bbf b9f b9e b47 0
    4 bbf bc0 ba0 b9f b48 0
    4 bc0 bc1 ba1 ba0 b49 0
    4 bc1 bc2 ba2 ba1 b4a 0
    4 bc2 bc3 ba3 ba2 b4b 0
    4 bc3 bc4 ba4 ba3 b4c 0
    4 bc4 bc5 ba5 ba4 b4d 0
    4 bc5 bc6 ba6 ba5 b4e 0
    4 bc6 bc7 ba7 ba6 b4f 0
    4 bc7 bc8 ba8 ba7 b50 0
    4 bc8 bc9 ba9 ba8 b51 0
    4 bc9 bca baa ba9 b52 0
    4 bca bcb bab baa b53 0
    4 bcb bcc bac bab b54 0
    4 bcc bcd bad bac b55 0
    4 bcd bce bae bad b56 0
    4 bce bcf baf bae b57 0
    4 bcf bd0 bb0 baf b58 0
    4 bd0 bd1 bb1 bb0 b59 0
    4 bd1 bd2 bb2 bb1 b5a 0
    4 bd2 bd3 bb3 bb2 b5b 0
    4 bd3 bd4 bb4 bb3 b5c 0
    4 bd4 bd5 bb5 bb4 b5d 0
    4 bd5 bd6 bb6 bb5 b5e 0
    4 bd6 bd7 bb7 bb6 b5f 0
    4 bd7 bd8 bb8 bb7 b60 0
    4 295 bd9 bb9 2b6 b61 0
    4 bd9 bda bba bb9 b62 0
    4 bda bdb bbb bba b63 0
    4 bdb bdc bbc bbb b64 0
    4 bdc bdd bbd bbc b65 0
    4 bdd bde bbe bbd b66 0
    4 bde bdf bbf bbe b67 0
    4 bdf be0 bc0 bbf b68 0
    4 be0 be1 bc1 bc0 b69 0
    4 be1 be2 bc2 bc1 b6a 0
    4 be2 be3 bc3 bc2 b6b 0
    4 be3 be4 bc4 bc3 b6c 0
    4 be4 be5 bc5 bc4 b6d 0
    4 be5 be6 bc6 bc5 b6e 0
    4 be6 be7 bc7 bc6 b6f 0
    4 be7 be8 bc8 bc7 b70 0
    4 be8 be9 bc9 bc8 b71 0
    4 be9 bea bca bc9 b72 0
    4 bea beb bcb bca b73 0
    4 beb bec bcc bcb b74 0
    4 bec bed bcd bcc b75 0
    4 bed bee bce bcd b76 0
    4 bee bef bcf bce b77 0
    4 bef bf0 bd0 bcf b78 0
    4 bf0 bf1 bd1 bd0 b79 0
    4 bf1 bf2 bd2 bd1 b7a 0
    4 bf2 bf3 bd3 bd2 b7b 0
    4 bf3 bf4 bd4 bd3 b7c 0
    4 bf4 bf5 bd5 bd4 b7d 0
    4 bf5 bf6 bd6 bd5 b7e 0
    4 bf6 bf7 bd7 bd6 b7f 0
    4 bf7 bf8 bd8 bd7 b80 0
    4 274 bf9 bd9 295 b81 0
    4 bf9 bfa bda bd9 b82 0
    4 bfa bfb bdb bda b83 0
    4 bfb bfc bdc bdb b84 0
    4 bfc bfd bdd bdc b85 0
    4 bfd bfe bde bdd b86 0
    4 bfe bff bdf bde b87 0
    4 bff c00 be0 bdf b88 0
    4 c00 c01 be1 be0 b89 0
    4 c01 c02 be2 be1 b8a 0
    4 c02 c03 be3 be2 b8b 0
    4 c03 c04 be4 be3 b8c 0
    4 c04 c05 be5 be4 b8d 0
    4 c05 c06 be6 be5 b8e 0
    4 c06 c07 be7 be6 b8f 0
    4 c07 c08 be8 be7 b90 0
    4 c08 c09 be9 be8 b91 0
    4 c09 c0a bea be9 b92 0
    4 c0a c0b beb bea b93 0
    4 c0b c0c bec beb b94 0
    4 c0c c0d bed bec b95 0
    4 c0d c0e bee bed b96 0
    4 c0e c0f bef bee b97 0
    4 c0f c10 bf0 bef b98 0
    4 c10 c11 bf1 bf0 b99 0
    4 c11 c12 bf2 bf1 b9a 0
    4 c12 c13 bf3 bf2 b9b 0
    4 c13 c14 bf4 bf3 b9c 0
    4 c14 c15 bf5 bf4 b9d 0
    4 c15 c16 bf6 bf5 b9e 0
    4 c16 c17 bf7 bf6 b9f 0
    4 c17 c18 bf8 bf7 ba0 0
    4 253 c19 bf9 274 ba1 0
    4 c19 c1a bfa bf9 ba2 0
    4 c1a c1b bfb bfa ba3 0
    4 c1b c1c bfc bfb ba4 0
    4 c1c c1d bfd bfc ba5 0
    4 c1d c1e bfe bfd ba6 0
    4 c1e c1f bff bfe ba7 0
    4 c1f c20 c00 bff ba8 0
    4 c20 c21 c01 c00 ba9 0
    4 c21 c22 c02 c01 baa 0
    4 c22 c23 c03 c02 bab 0
    4 c23 c24 c04 c03 bac 0
    4 c24 c25 c05 c04 bad 0
    4 c25 c26 c06 c05 bae 0
    4 c26 c27 c07 c06 baf 0
    4 c27 c28 c08 c07 bb0 0
    4 c28 c29 c09 c08 bb1 0
    4 c29 c2a c0a c09 bb2 0
    4 c2a c2b c0b c0a bb3 0
    4 c2b c2c c0c c0b bb4 0
    4 c2c c2d c0d c0c bb5 0
    4 c2d c2e c0e c0d bb6 0
    4 c2e c2f c0f c0e bb7 0
    4 c2f c30 c10 c0f bb8 0
    4 c30 c31 c11 c10 bb9 0
    4 c31 c32 c12 c11 bba 0
    4 c32 c33 c13 c12 bbb 0
    4 c33 c34 c14 c13 bbc 0
    4 c34 c35 c15 c14 bbd 0
    4 c35 c36 c16 c15 bbe 0
    4 c36 c37 c17 c16 bbf 0
    4 c37 c38 c18 c17 bc0 0
    4 232 c39 c19 253 bc1 0
    4 c39 c3a c1a c19 bc2 0
    4 c3a c3b c1b c1a bc3 0
    4 c3b c3c c1c c1b bc4 0
    4 c3c c3d c1d c1c bc5 0
    4 c3d c3e c1e c1d bc6 0
    4 c3e c3f c1f c1e bc7 0
    4 c3f c40 c20 c1f bc8 0
    4 c40 c41 c21 c20 bc9 0
    4 c41 c42 c22 c21 bca 0
    4 c42 c43 c23 c22 bcb 0
    4 c43 c44 c24 c23 bcc 0
    4 c44 c45 c25 c24 bcd 0
    4 c45 c46 c26 c25 bce 0
    4 c46 c47 c27 c26 bcf 0
    4 c47 c48 c28 c27 bd0 0
    4 c48 c49 c29 c28 bd1 0
    4 c49 c4a c2a c29 bd2 0
    4 c4a c4b c2b c2a bd3 0
    4 c4b c4c c2c c2b bd4 0
    4 c4c c4d c2d c2c bd5 0
    4 c4d c4e c2e c2d bd6 0
    4 c4e c4f c2f c2e bd7 0
    4 c4f c50 c30 c2f bd8 0
    4 c50 c51 c31 c30 bd9 0
    4 c51 c52 c32 c31 bda 0
    4 c52 c53 c33 c32 bdb 0
    4 c53 c54 c34 c33 bdc 0
    4 c54 c55 c35 c34 bdd 0
    4 c55 c56 c36 c35 bde 0
    4 c56 c57 c37 c36 bdf 0
    4 c57 c58 c38 c37 be0 0
    4 211 c59 c39 232 be1 0
    4 c59 c5a c3a c39 be2 0
    4 c5a c5b c3b c3a be3 0
    4 c5b c5c c3c c3b be4 0
    4 c5c c5d c3d c3c be5 0
    4 c5d c5e c3e c3d be6 0
    4 c5e c5f c3f c3e be7 0
    4 c5f c60 c40 c3f be8 0
    4 c60 c61 c41 c40 be9 0
    4 c61 c62 c42 c41 bea 0
    4 c62 c63 c43 c42 beb 0
    4 c63 c64 c44 c43 bec 0
    4 c64 c65 c45 c44 bed 0
    4 c65 c66 c46 c45 bee 0
    4 c66 c67 c47 c46 bef 0
    4 c67 c68 c48 c47 bf0 0
    4 c68 c69 c49 c48 bf1 0
    4 c69 c6a c4a c49 bf2 0
    4 c6a c6b c4b c4a bf3 0
    4 c6b c6c c4c c4b bf4 0
    4 c6c c6d c4d c4c bf5 0
    4 c6d c6e c4e c4d bf6 0
    4 c6e c6f c4f c4e bf7 0
    4 c6f c70 c50 c4f bf8 0
    4 c70 c71 c51 c50 bf9 0
    4 c71 c72 c52 c51 bfa 0
    4 c72 c73 c53 c52 bfb 0
    4 c73 c74 c54 c53 bfc 0
    4 c74 c75 c55 c54 bfd 0
    4 c75 c76 c56 c55 bfe 0
    4 c76 c77 c57 c56 bff 0
    4 c77 c78 c58 c57 c00 0
    4 1f0 c79 c59 211 c01 0
    4 c79 c7a c5a c59 c02 0
    4 c7a c7b c5b c5a c03 0
    4 c7b c7c c5c c5b c04 0
    4 c7c c7d c5d c5c c05 0
    4 c7d c7e c5e c5d c06 0
    4 c7e c7f c5f c5e c07 0
    4 c7f c80 c60 c5f c08 0
    4 c80 c81 c61 c60 c09 0
    4 c81 c82 c62 c61 c0a 0
    4 c82 c83 c63 c62 c0b 0
    4 c83 c84 c64 c63 c0c 0
    4 c84 c85 c65 c64 c0d 0
    4 c85 c86 c66 c65 c0e 0
    4 c86 c87 c67 c66 c0f 0
    4 c87 c88 c68 c67 c10 0
    4 c88 c89 c69 c68 c11 0
    4 c89 c8a c6a c69 c12 0
    4 c8a c8b c6b c6a c13 0
    4 c8b c8c c6c c6b c14 0
    4 c8c c8d c6d c6c c15 0
    4 c8d c8e c6e c6d c16 0
    4 c8e c8f c6f c6e c17 0
    4 c8f c90 c70 c6f c18 0
    4 c90 c91 c71 c70 c19 0
    4 c91 c92 c72 c71 c1a 0
    4 c92 c93 c73 c72 c1b 0
    4 c93 c94 c74 c73 c1c 0
    4 c94 c95 c75 c74 c1d 0
    4 c95 c96 c76 c75 c1e 0
    4 c96 c97 c77 c76 c1f 0
    4 c97 c98 c78 c77 c20 0
    4 1cf c99 c79 1f0 c21 0
    4 c99 c9a c7a c79 c22 0
    4 c9a c9b c7b c7a c23 0
    4 c9b c9c c7c c7b c24 0
    4 c9c c9d c7d c7c c25 0
    4 c9d c9e c7e c7d c26 0
    4 c9e c9f c7f c7e c27 0
    4 c9f ca0 c80 c7f c28 0
    4 ca0 ca1 c81 c80 c29 0
    4 ca1 ca2 c82 c81 c2a 0
    4 ca2 ca3 c83 c82 c2b 0
    4 ca3 ca4 c84 c83 c2c 0
    4 ca4 ca5 c85 c84 c2d 0
    4 ca5 ca6 c86 c85 c2e 0
    4 ca6 ca7 c87 c86 c2f 0
    4 ca7 ca8 c88 c87 c30 0
    4 ca8 ca9 c89 c88 c31 0
    4 ca9 caa c8a c89 c32 0
    4 caa cab c8b c8a c33 0
    4 cab cac c8c c8b c34 0
    4 cac cad c8d c8c c35 0
    4 cad cae c8e c8d c36 0
    4 cae caf c8f c8e c37 0
    4 caf cb0 c90 c8f c38 0
    4 cb0 cb1 c91 c90 c39 0
    4 cb1 cb2 c92 c91 c3a 0
    4 cb2 cb3 c93 c92 c3b 0
    4 cb3 cb4 c94 c93 c3c 0
    4 cb4 cb5 c95 c94 c3d 0
    4 cb5 cb6 c96 c95 c3e 0
    4 cb6 cb7 c97 c96 c3f 0
    4 cb7 cb8 c98 c97 c40 0
    4 1ae cb9 c99 1cf c41 0
    4 cb9 cba c9a c99 c42 0
    4 cba cbb c9b c9a c43 0
    4 cbb cbc c9c c9b c44 0
    4 cbc cbd c9d c9c c45 0
    4 cbd cbe c9e c9d c46 0
    4 cbe cbf c9f c9e c47 0
    4 cbf cc0 ca0 c9f c48 0
    4 cc0 cc1 ca1 ca0 c49 0
    4 cc1 cc2 ca2 ca1 c4a 0
    4 cc2 cc3 ca3 ca2 c4b 0
    4 cc3 cc4 ca4 ca3 c4c 0
    4 cc4 cc5 ca5 ca4 c4d 0
    4 cc5 cc6 ca6 ca5 c4e 0
    4 cc6 cc7 ca7 ca6 c4f 0
    4 cc7 cc8 ca8 ca7 c50 0
    4 cc8 cc9 ca9 ca8 c51 0
    4 cc9 cca caa ca9 c52 0
    4 cca ccb cab caa c53 0
    4 ccb ccc cac cab c54 0
    4 ccc ccd cad cac c55 0
    4 ccd cce cae cad c56 0
    4 cce ccf caf cae c57 0
    4 ccf cd0 cb0 caf c58 0
    4 cd0 cd1 cb1 cb0 c59 0
    4 cd1 cd2 cb2 cb1 c5a 0
    4 cd2 cd3 cb3 cb2 c5b 0
    4 cd3 cd4 cb4 cb3 c5c 0
    4 cd4 cd5 cb5 cb4 c5d 0
    4 cd5 cd6 cb6 cb5 c5e 0
    4 cd6 cd7 cb7 cb6 c5f 0
    4 cd7 cd8 cb8 cb7 c60 0
    4 18d cd9 cb9 1ae c61 0
    4 cd9 cda cba cb9 c62 0
    4 cda cdb cbb cba c63 0
    4 cdb cdc cbc cbb c64 0
    4 cdc cdd cbd cbc c65 0
    4 cdd cde cbe cbd c66 0
    4 cde cdf cbf cbe c67 0
    4 cdf ce0 cc0 cbf c68 0
    4 ce0 ce1 cc1 cc0 c69 0
    4 ce1 ce2 cc2 cc1 c6a 0
    4 ce2 ce3 cc3 cc2 c6b 0
    4 ce3 ce4 cc4 cc3 c6c 0
    4 ce4 ce5 cc5 cc4 c6d 0
    4 ce5 ce6 cc6 cc5 c6e 0
    4 ce6 ce7 cc7 cc6 c6f 0
    4 ce7 ce8 cc8 cc7 c70 0
    4 ce8 ce9 cc9 cc8 c71 0
    4 ce9 cea cca cc9 c72 0
    4 cea ceb ccb cca c73 0
    4 ceb cec ccc ccb c74 0
    4 cec ced ccd ccc c75 0
    4 ced cee cce ccd c76 0
    4 cee cef ccf cce c77 0
    4 cef cf0 cd0 ccf c78 0
    4 cf0 cf1 cd1 cd0 c79 0
    4 cf1 cf2 cd2 cd1 c7a 0
    4 cf2 cf3 cd3 cd2 c7b 0
    4 cf3 cf4 cd4 cd3 c7c 0
    4 cf4 cf5 cd5 cd4 c7d 0
    4 cf5 cf6 cd6 cd5 c7e 0
    4 cf6 cf7 cd7 cd6 c7f 0
    4 cf7 cf8 cd8 cd7 c80 0
    4 16c cf9 cd9 18d c81 0
    4 cf9 cfa cda cd9 c82 0
    4 cfa cfb cdb cda c83 0
    4 cfb cfc cdc cdb c84 0
    4 cfc cfd cdd cdc c85 0
    4 cfd cfe cde cdd c86 0
    4 cfe cff cdf cde c87 0
    4 cff d00 ce0 cdf c88 0
    4 d00 d01 ce1 ce0 c89 0
    4 d01 d02 ce2 ce1 c8a 0
    4 d02 d03 ce3 ce2 c8b 0
    4 d03 d04 ce4 ce3 c8c 0
    4 d04 d05 ce5 ce4 c8d 0
    4 d05 d06 ce6 ce5 c8e 0
    4 d06 d07 ce7 ce6 c8f 0
    4 d07 d08 ce8 ce7 c90 0
    4 d08 d09 ce9 ce8 c91 0
    4 d09 d0a cea ce9 c92 0
    4 d0a d0b ceb cea c93 0
    4 d0b d0c cec ceb c94 0
    4 d0c d0d ced cec c95 0
    4 d0d d0e cee ced c96 0
    4 d0e d0f cef cee c97 0
    4 d0f d10 cf0 cef c98 0
    4 d10 d11 cf1 cf0 c99 0
    4 d11 d12 cf2 cf1 c9a 0
    4 d12 d13 cf3 cf2 c9b 0
    4 d13 d14 cf4 cf3 c9c 0
    4 d14 d15 cf5 cf4 c9d 0
    4 d15 d16 cf6 cf5 c9e 0
    4 d16 d17 cf7 cf6 c9f 0
    4 d17 d18 cf8 cf7 ca0 0
    4 14b d19 cf9 16c ca1 0
    4 d19 d1a cfa cf9 ca2 0
    4 d1a d1b cfb cfa ca3 0
    4 d1b d1c cfc cfb ca4 0
    4 d1c d1d cfd cfc ca5 0
    4 d1d d1e cfe cfd ca6 0
    4 d1e d1f cff cfe ca7 0
    4 d1f d20 d00 cff ca8 0
    4 d20 d21 d01 d00 ca9 0
    4 d21 d22 d02 d01 caa 0
    4 d22 d23 d03 d02 cab 0
    4 d23 d24 d04 d03 cac 0
    4 d24 d25 d05 d04 cad 0
    4 d25 d26 d06 d05 cae 0
    4 d26 d27 d07 d06 caf 0
    4 d27 d28 d08 d07 cb0 0
    4 d28 d29 d09 d08 cb1 0
    4 d29 d2a d0a d09 cb2 0
    4 d2a d2b d0b d0a cb3 0
    4 d2b d2c d0c d0b cb4 0
    4 d2c d2d d0d d0c cb5 0
    4 d2d d2e d0e d0d cb6 0
    4 d2e d2f d0f d0e cb7 0
    4 d2f d30 d10 d0f cb8 0
    4 d30 d31 d11 d10 cb9 0
    4 d31 d32 d12 d11 cba 0
    4 d32 d33 d13 d12 cbb 0
    4 d33 d34 d14 d13 cbc 0
    4 d34 d35 d15 d14 cbd 0
    4 d35 d36 d16 d15 cbe 0
    4 d36 d37 d17 d16 cbf 0
    4 d37 d38 d18 d17 cc0 0
    4 12a d39 d19 14b cc1 0
    4 d39 d3a d1a d19 cc2 0
    4 d3a d3b d1b d1a cc3 0
    4 d3b d3c d1c d1b cc4 0
    4 d3c d3d d1d d1c cc5 0
    4 d3d d3e d1e d1d cc6 0
    4 d3e d3f d1f d1e cc7 0
    4 d3f d40 d20 d1f cc8 0
    4 d40 d41 d21 d20 cc9 0
    4 d41 d42 d22 d21 cca 0
    4 d42 d43 d23 d22 ccb 0
    4 d43 d44 d24 d23 ccc 0
    4 d44 d45 d25 d24 ccd 0
    4 d45 d46 d26 d25 cce 0
    4 d46 d47 d27 d26 ccf 0
    4 d47 d48 d28 d27 cd0 0
    4 d48 d49 d29 d28 cd1 0
    4 d49 d4a d2a d29 cd2 0
    4 d4a d4b d2b d2a cd3 0
    4 d4b d4c d2c d2b cd4 0
    4 d4c d4d d2d d2c cd5 0
    4 d4d d4e d2e d2d cd6 0
    4 d4e d4f d2f d2e cd7 0
    4 d4f d50 d30 d2f cd8 0
    4 d50 d51 d31 d30 cd9 0
    4 d51 d52 d32 d31 cda 0
    4 d52 d53 d33 d32 cdb 0
    4 d53 d54 d34 d33 cdc 0
    4 d54 d55 d35 d34 cdd 0
    4 d55 d56 d36 d35 cde 0
    4 d56 d57 d37 d36 cdf 0
    4 d57 d58 d38 d37 ce0 0
    4 109 d59 d39 12a ce1 0
    4 d59 d5a d3a d39 ce2 0
    4 d5a d5b d3b d3a ce3 0
    4 d5b d5c d3c d3b ce4 0
    4 d5c d5d d3d d3c ce5 0
    4 d5d d5e d3e d3d ce6 0
    4 d5e d5f d3f d3e ce7 0
    4 d5f d60 d40 d3f ce8 0
    4 d60 d61 d41 d40 ce9 0
    4 d61 d62 d42 d41 cea 0
    4 d62 d63 d43 d42 ceb 0
    4 d63 d64 d44 d43 cec 0
    4 d64 d65 d45 d44 ced 0
    4 d65 d66 d46 d45 cee 0
    4 d66 d67 d47 d46 cef 0
    4 d67 d68 d48 d47 cf0 0
    4 d68 d69 d49 d48 cf1 0
    4 d69 d6a d4a d49 cf2 0
    4 d6a d6b d4b d4a cf3 0
    4 d6b d6c d4c d4b cf4 0
    4 d6c d6d d4d d4c cf5 0
    4 d6d d6e d4e d4d cf6 0
    4 d6e d6f d4f d4e cf7 0
    4 d6f d70 d50 d4f cf8 0
    4 d70 d71 d51 d50 cf9 0
    4 d71 d72 d52 d51 cfa 0
    4 d72 d73 d53 d52 cfb 0
    4 d73 d74 d54 d53 cfc 0
    4 d74 d75 d55 d54 cfd 0
    4 d75 d76 d56 d55 cfe 0
    4 d76 d77 d57 d56 cff 0
    4 d77 d78 d58 d57 d00 0
    4 e8 d79 d59 109 d01 0
    4 d79 d7a d5a d59 d02 0
    4 d7a d7b d5b d5a d03 0
    4 d7b d7c d5c d5b d04 0
    4 d7c d7d d5d d5c d05 0
    4 d7d d7e d5e d5d d06 0
    4 d7e d7f d5f d5e d07 0
    4 d7f d80 d60 d5f d08 0
    4 d80 d81 d61 d60 d09 0
    4 d81 d82 d62 d61 d0a 0
    4 d82 d83 d63 d62 d0b 0
    4 d83 d84 d64 d63 d0c 0
    4 d84 d85 d65 d64 d0d 0
    4 d85 d86 d66 d65 d0e 0
    4 d86 d87 d67 d66 d0f 0
    4 d87 d88 d68 d67 d10 0
    4 d88 d89 d69 d68 d11 0
    4 d89 d8a d6a d69 d12 0
    4 d8a d8b d6b d6a d13 0
    4 d8b d8c d6c d6b d14 0
    4 d8c d8d d6d d6c d15 0
    4 d8d d8e d6e d6d d16 0
    4 d8e d8f d6f d6e d17 0
    4 d8f d90 d70 d6f d18 0
    4 d90 d91 d71 d70 d19 0
    4 d91 d92 d72 d71 d1a 0
    4 d92 d93 d73 d72 d1b 0
    4 d93 d94 d74 d73 d1c 0
    4 d94 d95 d75 d74 d1d 0
    4 d95 d96 d76 d75 d1e 0
    4 d96 d97 d77 d76 d1f 0
    4 d97 d98 d78 d77 d20 0
    4 c7 d99 d79 e8 d21 0
    4 d99 d9a d7a d79 d22 0
    4 d9a d9b d7b d7a d23 0
    4 d9b d9c d7c d7b d24 0
    4 d9c d9d d7d d7c d25 0
    4 d9d d9e d7e d7d d26 0
    4 d9e d9f d7f d7e d27 0
    4 d9f da0 d80 d7f d28 0
    4 da0 da1 d81 d80 d29 0
    4 da1 da2 d82 d81 d2a 0
    4 da2 da3 d83 d82 d2b 0
    4 da3 da4 d84 d83 d2c 0
    4 da4 da5 d85 d84 d2d 0
    4 da5 da6 d86 d85 d2e 0
    4 da6 da7 d87 d86 d2f 0
    4 da7 da8 d88 d87 d30 0
    4 da8 da9 d89 d88 d31 0
    4 da9 daa d8a d89 d32 0
    4 daa dab d8b d8a d33 0
    4 dab dac d8c d8b d34 0
    4 dac dad d8d d8c d35 0
    4 dad dae d8e d8d d36 0
    4 dae daf d8f d8e d37 0
    4 daf db0 d90 d8f d38 0
    4 db0 db1 d91 d90 d39 0
    4 db1 db2 d92 d91 d3a 0
    4 db2 db3 d93 d92 d3b 0
    4 db3 db4 d94 d93 d3c 0
    4 db4 db5 d95 d94 d3d 0
    4 db5 db6 d96 d95 d3e 0
    4 db6 db7 d97 d96 d3f 0
    4 db7 db8 d98 d97 d40 0
    4 a6 db9 d99 c7 d41 0
    4 db9 dba d9a d99 d42 0
    4 dba dbb d9b d9a d43 0
    4 dbb dbc d9c d9b d44 0
    4 dbc dbd d9d d9c d45 0
    4 dbd dbe d9e d9d d46 0
    4 dbe dbf d9f d9e d47 0
    4 dbf dc0 da0 d9f d48 0
    4 dc0 dc1 da1 da0 d49 0
    4 dc1 dc2 da2 da1 d4a 0
    4 dc2 dc3 da3 da2 d4b 0
    4 dc3 dc4 da4 da3 d4c 0
    4 dc4 dc5 da5 da4 d4d 0
    4 dc5 dc6 da6 da5 d4e 0
    4 dc6 dc7 da7 da6 d4f 0
    4 dc7 dc8 da8 da7 d50 0
    4 dc8 dc9 da9 da8 d51 0
    4 dc9 dca daa da9 d52 0
    4 dca dcb dab daa d53 0
    4 dcb dcc dac dab d54 0
    4 dcc dcd dad dac d55 0
    4 dcd dce dae dad d56 0
    4 dce dcf daf dae d57 0
    4 dcf dd0 db0 daf d58 0
    4 dd0 dd1 db1 db0 d59 0
    4 dd1 dd2 db2 db1 d5a 0
    4 dd2 dd3 db3 db2 d5b 0
    4 dd3 dd4 db4 db3 d5c 0
    4 dd4 dd5 db5 db4 d5d 0
    4 dd5 dd6 db6 db5 d5e 0
    4 dd6 dd7 db7 db6 d5f 0
    4 dd7 dd8 db8 db7 d60 0
    4 85 dd9 db9 a6 d61 0
    4 dd9 dda dba db9 d62 0
    4 dda ddb dbb dba d63 0
    4 ddb ddc dbc dbb d64 0
    4 ddc ddd dbd dbc d65 0
    4 ddd dde dbe dbd d66 0
    4 dde ddf dbf dbe d67 0
    4 ddf de0 dc0 dbf d68 0
    4 de0 de1 dc1 dc0 d69 0
    4 de1 de2 dc2 dc1 d6a 0
    4 de2 de3 dc3 dc2 d6b 0
    4 de3 de4 dc4 dc3 d6c 0
    4 de4 de5 dc5 dc4 d6d 0
    4 de5 de6 dc6 dc5 d6e 0
    4 de6 de7 dc7 dc6 d6f 0
    4 de7 de8 dc8 dc7 d70 0
    4 de8 de9 dc9 dc8 d71 0
    4 de9 dea dca dc9 d72 0
    4 dea deb dcb dca d73 0
    4 deb dec dcc dcb d74 0
    4 dec ded dcd dcc d75 0
    4 ded dee dce dcd d76 0
    4 dee def dcf dce d77 0
    4 def df0 dd0 dcf d78 0
    4 df0 df1 dd1 dd0 d79 0
    4 df1 df2 dd2 dd1 d7a 0
    4 df2 df3 dd3 dd2 d7b 0
    4 df3 df4 dd4 dd3 d7c 0
    4 df4 df5 dd5 dd4 d7d 0
    4 df5 df6 dd6 dd5 d7e 0
    4 df6 df7 dd7 dd6 d7f 0
    4 df7 df8 dd8 dd7 d80 0
    4 64 df9 dd9 85 d81 0
    4 df9 dfa dda dd9 d82 0
    4 dfa dfb ddb dda d83 0
    4 dfb dfc ddc ddb d84 0
    4 dfc dfd ddd ddc d85 0
    4 dfd dfe dde ddd d86 0
    4 dfe dff ddf dde d87 0
    4 dff e00 de0 ddf d88 0
    4 e00 e01 de1 de0 d89 0
    4 e01 e02 de2 de1 d8a 0
    4 e02 e03 de3 de2 d8b 0
    4 e03 e04 de4 de3 d8c 0
    4 e04 e05 de5 de4 d8d 0
    4 e05 e06 de6 de5 d8e 0
    4 e06 e07 de7 de6 d8f 0
    4 e07 e08 de8 de7 d90 0
    4 e08 e09 de9 de8 d91 0
    4 e09 e0a dea de9 d92 0
    4 e0a e0b deb dea d93 0
    4 e0b e0c dec deb d94 0
    4 e0c e0d ded dec d95 0
    4 e0d e0e dee ded d96 0
    4 e0e e0f def dee d97 0
    4 e0f e10 df0 def d98 0
    4 e10 e11 df1 df0 d99 0
    4 e11 e12 df2 df1 d9a 0
    4 e12 e13 df3 df2 d9b 0
    4 e13 e14 df4 df3 d9c 0
    4 e14 e15 df5 df4 d9d 0
    4 e15 e16 df6 df5 d9e 0
    4 e16 e17 df7 df6 d9f 0
    4 e17 e18 df8 df7 da0 0
    4 43 e19 df9 64 da1 0
    4 e19 e1a dfa df9 da2 0
    4 e1a e1b dfb dfa da3 0
    4 e1b e1c dfc dfb da4 0
    4 e1c e1d dfd dfc da5 0
    4 e1d e1e dfe dfd da6 0
    4 e1e e1f dff dfe da7 0
    4 e1f e20 e00 dff da8 0
    4 e20 e21 e01 e00 da9 0
    4 e21 e22 e02 e01 daa 0
    4 e22 e23 e03 e02 dab 0
    4 e23 e24 e04 e03 dac 0
    4 e24 e25 e05 e04 dad 0
    4 e25 e26 e06 e05 dae 0
    4 e26 e27 e07 e06 daf 0
    4 e27 e28 e08 e07 db0 0
    4 e28 e29 e09 e08 db1 0
    4 e29 e2a e0a e09 db2 0
    4 e2a e2b e0b e0a db3 0
    4 e2b e2c e0c e0b db4 0
    4 e2c e2d e0d e0c db5 0
    4 e2d e2e e0e e0d db6 0
    4 e2e e2f e0f e0e db7 0
    4 e2f e30 e10 e0f db8 0
    4 e30 e31 e11 e10 db9 0
    4 e31 e32 e12 e11 dba 0
    4 e32 e33 e13 e12 dbb 0
    4 e33 e34 e14 e13 dbc 0
    4 e34 e35 e15 e14 dbd 0
    4 e35 e36 e16 e15 dbe 0
    4 e36 e37 e17 e16 dbf 0
    4 e37 e38 e18 e17 dc0 0
    4 22 e39 e19 43 dc1 0
    4 e39 e3a e1a e19 dc2 0
    4 e3a e3b e1b e1a dc3 0
    4 e3b e3c e1c e1b dc4 0
    4 e3c e3d e1d e1c dc5 0
    4 e3d e3e e1e e1d dc6 0
    4 e3e e3f e1f e1e dc7 0
    4 e3f e40 e20 e1f dc8 0
    4 e40 e41 e21 e20 dc9 0
    4 e41 e42 e22 e21 dca 0
    4 e42 e43 e23 e22 dcb 0
    4 e43 e44 e24 e23 dcc 0
    4 e44 e45 e25 e24 dcd 0
    4 e45 e46 e26 e25 dce 0
    4 e46 e47 e27 e26 dcf 0
    4 e47 e48 e28 e27 dd0 0
    4 e48 e49 e29 e28 dd1 0
    4 e49 e4a e2a e29 dd2 0
    4 e4a e4b e2b e2a dd3 0
    4 e4b e4c e2c e2b dd4 0
    4 e4c e4d e2d e2c dd5 0
    4 e4d e4e e2e e2d dd6 0
    4 e4e e4f e2f e2e dd7 0
    4 e4f e50 e30 e2f dd8 0
    4 e50 e51 e31 e30 dd9 0
    4 e51 e52 e32 e31 dda 0
    4 e52 e53 e33 e32 ddb 0
    4 e53 e54 e34 e33 ddc 0
    4 e54 e55 e35 e34 ddd 0
    4 e55 e56 e36 e35 dde 0
    4 e56 e57 e37 e36 ddf 0
    4 e57 e58 e38 e37 de0 0
    4 1 e59 e39 22 de1 0
    4 e59 e5a e3a e39 de2 0
    4 e5a e5b e3b e3a de3 0
    4 e5b e5c e3c e3b de4 0
    4 e5c e5d e3d e3c de5 0
    4 e5d e5e e3e e3d de6 0
    4 e5e e5f e3f e3e de7 0
    4 e5f e60 e40 e3f de8 0
    4 e60 e61 e41 e40 de9 0
    4 e61 e62 e42 e41 dea 0
    4 e62 e63 e43 e42 deb 0
    4 e63 e64 e44 e43 dec 0
    4 e64 e65 e45 e44 ded 0
    4 e65 e66 e46 e45 dee 0
    4 e66 e67 e47 e46 def 0
    4 e67 e68 e48 e47 df0 0
    4 e68 e69 e49 e48 df1 0
    4 e69 e6a e4a e49 df2 0
    4 e6a e6b e4b e4a df3 0
    4 e6b e6c e4c e4b df4 0
    4 e6c e6d e4d e4c df5 0
    4 e6d e6e e4e e4d df6 0
    4 e6e e6f e4f e4e df7 0
    4 e6f e70 e50 e4f df8 0
    4 e70 e71 e51 e50 df9 0
    4 e71 e72 e52 e51 dfa 0
    4 e72 e73 e53 e52 dfb 0
    4 e73 e74 e54 e53 dfc 0
    4 e74 e75 e55 e54 dfd 0
    4 e75 e76 e56 e55 dfe 0
    4 e76 e77 e57 e56 dff 0
    4 e77 e78 e58 e57 e00 0
))
(13 (b 2989 3788 4 0)
(
    4 182a 1829 1808 1809 946 0
    4 182b 182a 1809 180a 947 0
    4 182c 182b 180a 180b 948 0
    4 182d 182c 180b 180c 949 0
    4 182e 182d 180c 180d 94a 0
    4 182f 182e 180d 180e 94b 0
    4 1830 182f 180e 180f 94c 0
    4 1831 1830 180f 1810 94d 0
    4 1832 1831 1810 1811 94e 0
    4 1833 1832 1811 1812 94f 0
    4 1834 1833 1812 1813 950 0
    4 1835 1834 1813 1814 951 0
    4 1836 1835 1814 1815 952 0
    4 1837 1836 1815 1816 953 0
    4 1838 1837 1816 1817 954 0
    4 1839 1838 1817 1818 955 0
    4 183a 1839 1818 1819 956 0
    4 183b 183a 1819 181a 957 0
    4 183c 183b 181a 181b 958 0
    4 183d 183c 181b 181c 959 0
    4 183e 183d 181c 181d 95a 0
    4 183f 183e 181d 181e 95b 0
    4 1840 183f 181e 181f 95c 0
    4 1841 1840 181f 1820 95d 0
    4 1842 1841 1820 1821 95e 0
    4 1843 1842 1821 1822 95f 0
    4 1844 1843 1822 1823 960 0
    4 1846 1845 1824 1825 961 0
    4 1847 1846 1825 1826 962 0
    4 1848 1847 1826 1827 963 0
    4 1849 1848 1827 1828 964 0
    4 184a 1849 1828 1829 965 0
    4 184b 184a 1829 182a 966 0
    4 184c 184b 182a 182b 967 0
    4 184d 184c 182b 182c 968 0
    4 184e 184d 182c 182d 969 0
    4 184f 184e 182d 182e 96a 0
    4 1850 184f 182e 182f 96b 0
    4 1851 1850 182f 1830 96c 0
    4 1852 1851 1830 1831 96d 0
    4 1853 1852 1831 1832 96e 0
    4 1854 1853 1832 1833 96f 0
    4 1855 1854 1833 1834 970 0
    4 1856 1855 1834 1835 971 0
    4 1857 1856 1835 1836 972 0
    4 1858 1857 1836 1837 973 0
    4 1859 1858 1837 1838 974 0
    4 185a 1859 1838 1839 975 0
    4 185b 185a 1839 183a 976 0
    4 185c 185b 183a 183b 977 0
    4 185d 185c 183b 183c 978 0
    4 185e 185d 183c 183d 979 0
    4 185f 185e 183d 183e 97a 0
    4 1860 185f 183e 183f 97b 0
    4 1861 1860 183f 1840 97c 0
    4 1862 1861 1840 1841 97d 0
    4 1863 1862 1841 1842 97e 0
    4 1864 1863 1842 1843 97f 0
    4 1865 1864 1843 1844 980 0
    4 1867 1866 1845 1846 981 0
    4 1868 1867 1846 1847 982 0
    4 1869 1868 1847 1848 983 0
    4 186a 1869 1848 1849 984 0
    4 186b 186a 1849 184a 985 0
    4 186c 186b 184a 184b 986 0
    4 186d 186c 184b 184c 987 0
    4 186e 186d 184c 184d 988 0
    4 186f 186e 184d 184e 989 0
    4 1870 186f 184e 184f 98a 0
    4 1871 1870 184f 1850 98b 0
    4 1872 1871 1850 1851 98c 0
    4 1873 1872 1851 1852 98d 0
    4 1874 1873 1852 1853 98e 0
    4 1875 1874 1853 1854 98f 0
    4 1876 1875 1854 1855 990 0
    4 1877 1876 1855 1856 991 0
    4 1878 1877 1856 1857 992 0
    4 1879 1878 1857 1858 993 0
    4 187a 1879 1858 1859 994 0
    4 187b 187a 1859 185a 995 0
    4 187c 187b 185a 185b 996 0
    4 187d 187c 185b 185c 997 0
    4 187e 187d 185c 185d 998 0
    4 187f 187e 185d 185e 999 0
    4 1880 187f 185e 185f 99a 0
    4 1881 1880 185f 1860 99b 0
    4 1882 1881 1860 1861 99c 0
    4 1883 1882 1861 1862 99d 0
    4 1884 1883 1862 1863 99e 0
    4 1885 1884 1863 1864 99f 0
    4 1886 1885 1864 1865 9a0 0
    4 1888 1887 1866 1867 9a1 0
    4 1889 1888 1867 1868 9a2 0
    4 188a 1889 1868 1869 9a3 0
    4 188b 188a 1869 186a 9a4 0
    4 188c 188b 186a 186b 9a5 0
    4 188d 188c 186b 186c 9a6 0
    4 188e 188d 186c 186d 9a7 0
    4 188f 188e 186d 186e 9a8 0
    4 1890 188f 186e 186f 9a9 0
    4 1891 1890 186f 1870 9aa 0
    4 1892 1891 1870 1871 9ab 0
    4 1893 1892 1871 1872 9ac 0
    4 1894 1893 1872 1873 9ad 0
    4 1895 1894 1873 1874 9ae 0
    4 1896 1895 1874 1875 9af 0
    4 1897 1896 1875 1876 9b0 0
    4 1898 1897 1876 1877 9b1 0
    4 1899 1898 1877 1878 9b2 0
    4 189a 1899 1878 1879 9b3 0
    4 189b 189a 1879 187a 9b4 0
    4 189c 189b 187a 187b 9b5 0
    4 189d 189c 187b 187c 9b6 0
    4 189e 189d 187c 187d 9b7 0
    4 189f 189e 187d 187e 9b8 0
    4 18a0 189f 187e 187f 9b9 0
    4 18a1 18a0 187f 1880 9ba 0
    4 18a2 18a1 1880 1881 9bb 0
    4 18a3 18a2 1881 1882 9bc 0
    4 18a4 18a3 1882 1883 9bd 0
    4 18a5 18a4 1883 1884 9be 0
    4 18a6 18a5 1884 1885 9bf 0
    4 18a7 18a6 1885 1886 9c0 0
    4 18a9 18a8 1887 1888 9c1 0
    4 18aa 18a9 1888 1889 9c2 0
    4 18ab 18aa 1889 188a 9c3 0
    4 18ac 18ab 188a 188b 9c4 0
    4 18ad 18ac 188b 188c 9c5 0
    4 18ae 18ad 188c 188d 9c6 0
    4 18af 18ae 188d 188e 9c7 0
    4 18b0 18af 188e 188f 9c8 0
    4 18b1 18b0 188f 1890 9c9 0
    4 18b2 18b1 1890 1891 9ca 0
    4 18b3 18b2 1891 1892 9cb 0
    4 18b4 18b3 1892 1893 9cc 0
    4 18b5 18b4 1893 1894 9cd 0
    4 18b6 18b5 1894 1895 9ce 0
    4 18b7 18b6 1895 1896 9cf 0
    4 18b8 18b7 1896 1897 9d0 0
    4 18b9 18b8 1897 1898 9d1 0
    4 18ba 18b9 1898 1899 9d2 0
    4 18bb 18ba 1899 189a 9d3 0
    4 18bc 18bb 189a 189b 9d4 0
    4 18bd 18bc 189b 189c 9d5 0
    4 18be 18bd 189c 189d 9d6 0
    4 18bf 18be 189d 189e 9d7 0
    4 18c0 18bf 189e 189f 9d8 0
    4 18c1 18c0 189f 18a0 9d9 0
    4 18c2 18c1 18a0 18a1 9da 0
    4 18c3 18c2 18a1 18a2 9db 0
    4 18c4 18c3 18a2 18a3 9dc 0
    4 18c5 18c4 18a3 18a4 9dd 0
    4 18c6 18c5 18a4 18a5 9de 0
    4 18c7 18c6 18a5 18a6 9df 0
    4 18c8 18c7 18a6 18a7 9e0 0
    4 18ca 18c9 18a8 18a9 9e1 0
    4 18cb 18ca 18a9 18aa 9e2 0
    4 18cc 18cb 18aa 18ab 9e3 0
    4 18cd 18cc 18ab 18ac 9e4 0
    4 18ce 18cd 18ac 18ad 9e5 0
    4 18cf 18ce 18ad 18ae 9e6 0
    4 18d0 18cf 18ae 18af 9e7 0
    4 18d1 18d0 18af 18b0 9e8 0
    4 18d2 18d1 18b0 18b1 9e9 0
    4 18d3 18d2 18b1 18b2 9ea 0
    4 18d4 18d3 18b2 18b3 9eb 0
    4 18d5 18d4 18b3 18b4 9ec 0
    4 18d6 18d5 18b4 18b5 9ed 0
    4 18d7 18d6 18b5 18b6 9ee 0
    4 18d8 18d7 18b6 18b7 9ef 0
    4 18d9 18d8 18b7 18b8 9f0 0
    4 18da 18d9 18b8 18b9 9f1 0
    4 18db 18da 18b9 18ba 9f2 0
    4 18dc 18db 18ba 18bb 9f3 0
    4 18dd 18dc 18bb 18bc 9f4 0
    4 18de 18dd 18bc 18bd 9f5 0
    4 18df 18de 18bd 18be 9f6 0
    4 18e0 18df 18be 18bf 9f7 0
    4 18e1 18e0 18bf 18c0 9f8 0
    4 18e2 18e1 18c0 18c1 9f9 0
    4 18e3 18e2 18c1 18c2 9fa 0
    4 18e4 18e3 18c2 18c3 9fb 0
    4 18e5 18e4 18c3 18c4 9fc 0
    4 18e6 18e5 18c4 18c5 9fd 0
    4 18e7 18e6 18c5 18c6 9fe 0
    4 18e8 18e7 18c6 18c7 9ff 0
    4 18e9 18e8 18c7 18c8 a00 0
    4 18eb 18ea 18c9 18ca a01 0
    4 18ec 18eb 18ca 18cb a02 0
    4 18ed 18ec 18cb 18cc a03 0
    4 18ee 18ed 18cc 18cd a04 0
    4 18ef 18ee 18cd 18ce a05 0
    4 18f0 18ef 18ce 18cf a06 0
    4 18f1 18f0 18cf 18d0 a07 0
    4 18f2 18f1 18d0 18d1 a08 0
    4 18f3 18f2 18d1 18d2 a09 0
    4 18f4 18f3 18d2 18d3 a0a 0
    4 18f5 18f4 18d3 18d4 a0b 0
    4 18f6 18f5 18d4 18d5 a0c 0
    4 18f7 18f6 18d5 18d6 a0d 0
    4 18f8 18f7 18d6 18d7 a0e 0
    4 18f9 18f8 18d7 18d8 a0f 0
    4 18fa 18f9 18d8 18d9 a10 0
    4 18fb 18fa 18d9 18da a11 0
    4 18fc 18fb 18da 18db a12 0
    4 18fd 18fc 18db 18dc a13 0
    4 18fe 18fd 18dc 18dd a14 0
    4 18ff 18fe 18dd 18de a15 0
    4 1900 18ff 18de 18df a16 0
    4 1901 1900 18df 18e0 a17 0
    4 1902 1901 18e0 18e1 a18 0
    4 1903 1902 18e1 18e2 a19 0
    4 1904 1903 18e2 18e3 a1a 0
    4 1905 1904 18e3 18e4 a1b 0
    4 1906 1905 18e4 18e5 a1c 0
    4 1907 1906 18e5 18e6 a1d 0
    4 1908 1907 18e6 18e7 a1e 0
    4 1909 1908 18e7 18e8 a1f 0
    4 190a 1909 18e8 18e9 a20 0
    4 190c 190b 18ea 18eb a21 0
    4 190d 190c 18eb 18ec a22 0
    4 190e 190d 18ec 18ed a23 0
    4 190f 190e 18ed 18ee a24 0
    4 1910 190f 18ee 18ef a25 0
    4 1911 1910 18ef 18f0 a26 0
    4 1912 1911 18f0 18f1 a27 0
    4 1913 1912 18f1 18f2 a28 0
    4 1914 1913 18f2 18f3 a29 0
    4 1915 1914 18f3 18f4 a2a 0
    4 1916 1915 18f4 18f5 a2b 0
    4 1917 1916 18f5 18f6 a2c 0
    4 1918 1917 18f6 18f7 a2d 0
    4 1919 1918 18f7 18f8 a2e 0
    4 191a 1919 18f8 18f9 a2f 0
    4 191b 191a 18f9 18fa a30 0
    4 191c 191b 18fa 18fb a31 0
    4 191d 191c 18fb 18fc a32 0
    4 191e 191d 18fc 18fd a33 0
    4 191f 191e 18fd 18fe a34 0
    4 1920 191f 18fe 18ff a35 0
    4 1921 1920 18ff 1900 a36 0
    4 1922 1921 1900 1901 a37 0
    4 1923 1922 1901 1902 a38 0
    4 1924 1923 1902 1903 a39 0
    4 1925 1924 1903 1904 a3a 0
    4 1926 1925 1904 1905 a3b 0
    4 1927 1926 1905 1906 a3c 0
    4 1928 1927 1906 1907 a3d 0
    4 1929 1928 1907 1908 a3e 0
    4 192a 1929 1908 1909 a3f 0
    4 192b 192a 1909 190a a40 0
    4 192d 192c 190b 190c a41 0
    4 192e 192d 190c 190d a42 0
    4 192f 192e 190d 190e a43 0
    4 1930 192f 190e 190f a44 0
    4 1931 1930 190f 1910 a45 0
    4 1932 1931 1910 1911 a46 0
    4 1933 1932 1911 1912 a47 0
    4 1934 1933 1912 1913 a48 0
    4 1935 1934 1913 1914 a49 0
    4 1936 1935 1914 1915 a4a 0
    4 1937 1936 1915 1916 a4b 0
    4 1938 1937 1916 1917 a4c 0
    4 1939 1938 1917 1918 a4d 0
    4 193a 1939 1918 1919 a4e 0
    4 193b 193a 1919 191a a4f 0
    4 193c 193b 191a 191b a50 0
    4 193d 193c 191b 191c a51 0
    4 193e 193d 191c 191d a52 0
    4 193f 193e 191d 191e a53 0
    4 1940 193f 191e 191f a54 0
    4 1941 1940 191f 1920 a55 0
    4 1942 1941 1920 1921 a56 0
    4 1943 1942 1921 1922 a57 0
    4 1944 1943 1922 1923 a58 0
    4 1945 1944 1923 1924 a59 0
    4 1946 1945 1924 1925 a5a 0
    4 1947 1946 1925 1926 a5b 0
    4 1948 1947 1926 1927 a5c 0
    4 1949 1948 1927 1928 a5d 0
    4 194a 1949 1928 1929 a5e 0
    4 194b 194a 1929 192a a5f 0
    4 194c 194b 192a 192b a60 0
    4 194e 194d 192c 192d a61 0
    4 194f 194e 192d 192e a62 0
    4 1950 194f 192e 192f a63 0
    4 1951 1950 192f 1930 a64 0
    4 1952 1951 1930 1931 a65 0
    4 1953 1952 1931 1932 a66 0
    4 1954 1953 1932 1933 a67 0
    4 1955 1954 1933 1934 a68 0
    4 1956 1955 1934 1935 a69 0
    4 1957 1956 1935 1936 a6a 0
    4 1958 1957 1936 1937 a6b 0
    4 1959 1958 1937 1938 a6c 0
    4 195a 1959 1938 1939 a6d 0
    4 195b 195a 1939 193a a6e 0
    4 195c 195b 193a 193b a6f 0
    4 195d 195c 193b 193c a70 0
    4 195e 195d 193c 193d a71 0
    4 195f 195e 193d 193e a72 0
    4 1960 195f 193e 193f a73 0
    4 1961 1960 193f 1940 a74 0
    4 1962 1961 1940 1941 a75 0
    4 1963 1962 1941 1942 a76 0
    4 1964 1963 1942 1943 a77 0
    4 1965 1964 1943 1944 a78 0
    4 1966 1965 1944 1945 a79 0
    4 1967 1966 1945 1946 a7a 0
    4 1968 1967 1946 1947 a7b 0
    4 1969 1968 1947 1948 a7c 0
    4 196a 1969 1948 1949 a7d 0
    4 196b 196a 1949 194a a7e 0
    4 196c 196b 194a 194b a7f 0
    4 196d 196c 194b 194c a80 0
    4 196f 196e 194d 194e a81 0
    4 1970 196f 194e 194f a82 0
    4 1971 1970 194f 1950 a83 0
    4 1972 1971 1950 1951 a84 0
    4 1973 1972 1951 1952 a85 0
    4 1974 1973 1952 1953 a86 0
    4 1975 1974 1953 1954 a87 0
    4 1976 1975 1954 1955 a88 0
    4 1977 1976 1955 1956 a89 0
    4 1978 1977 1956 1957 a8a 0
    4 1979 1978 1957 1958 a8b 0
    4 197a 1979 1958 1959 a8c 0
    4 197b 197a 1959 195a a8d 0
    4 197c 197b 195a 195b a8e 0
    4 197d 197c 195b 195c a8f 0
    4 197e 197d 195c 195d a90 0
    4 197f 197e 195d 195e a91 0
    4 1980 197f 195e 195f a92 0
    4 1981 1980 195f 1960 a93 0
    4 1982 1981 1960 1961 a94 0
    4 1983 1982 1961 1962 a95 0
    4 1984 1983 1962 1963 a96 0
    4 1985 1984 1963 1964 a97 0
    4 1986 1985 1964 1965 a98 0
    4 1987 1986 1965 1966 a99 0
    4 1988 1987 1966 1967 a9a 0
    4 1989 1988 1967 1968 a9b 0
    4 198a 1989 1968 1969 a9c 0
    4 198b 198a 1969 196a a9d 0
    4 198c 198b 196a 196b a9e 0
    4 198d 198c 196b 196c a9f 0
    4 198e 198d 196c 196d aa0 0
    4 1990 198f 196e 196f aa1 0
    4 1991 1990 196f 1970 aa2 0
    4 1992 1991 1970 1971 aa3 0
    4 1993 1992 1971 1972 aa4 0
    4 1994 1993 1972 1973 aa5 0
    4 1995 1994 1973 1974 aa6 0
    4 1996 1995 1974 1975 aa7 0
    4 1997 1996 1975 1976 aa8 0
    4 1998 1997 1976 1977 aa9 0
    4 1999 1998 1977 1978 aaa 0
    4 199a 1999 1978 1979 aab 0
    4 199b 199a 1979 197a aac 0
    4 199c 199b 197a 197b aad 0
    4 199d 199c 197b 197c aae 0
    4 199e 199d 197c 197d aaf 0
    4 199f 199e 197d 197e ab0 0
    4 19a0 199f 197e 197f ab1 0
    4 19a1 19a0 197f 1980 ab2 0
    4 19a2 19a1 1980 1981 ab3 0
    4 19a3 19a2 1981 1982 ab4 0
    4 19a4 19a3 1982 1983 ab5 0
    4 19a5 19a4 1983 1984 ab6 0
    4 19a6 19a5 1984 1985 ab7 0
    4 19a7 19a6 1985 1986 ab8 0
    4 19a8 19a7 1986 1987 ab9 0
    4 19a9 19a8 1987 1988 aba 0
    4 19aa 19a9 1988 1989 abb 0
    4 19ab 19aa 1989 198a abc 0
    4 19ac 19ab 198a 198b abd 0
    4 19ad 19ac 198b 198c abe 0
    4 19ae 19ad 198c 198d abf 0
    4 19af 19ae 198d 198e ac0 0
    4 19b1 19b0 198f 1990 ac1 0
    4 19b2 19b1 1990 1991 ac2 0
    4 19b3 19b2 1991 1992 ac3 0
    4 19b4 19b3 1992 1993 ac4 0
    4 19b5 19b4 1993 1994 ac5 0
    4 19b6 19b5 1994 1995 ac6 0
    4 19b7 19b6 1995 1996 ac7 0
    4 19b8 19b7 1996 1997 ac8 0
    4 19b9 19b8 1997 1998 ac9 0
    4 19ba 19b9 1998 1999 aca 0
    4 19bb 19ba 1999 199a acb 0
    4 19bc 19bb 199a 199b acc 0
    4 19bd 19bc 199b 199c acd 0
    4 19be 19bd 199c 199d ace 0
    4 19bf 19be 199d 199e acf 0
    4 19c0 19bf 199e 199f ad0 0
    4 19c1 19c0 199f 19a0 ad1 0
    4 19c2 19c1 19a0 19a1 ad2 0
    4 19c3 19c2 19a1 19a2 ad3 0
    4 19c4 19c3 19a2 19a3 ad4 0
    4 19c5 19c4 19a3 19a4 ad5 0
    4 19c6 19c5 19a4 19a5 ad6 0
    4 19c7 19c6 19a5 19a6 ad7 0
    4 19c8 19c7 19a6 19a7 ad8 0
    4 19c9 19c8 19a7 19a8 ad9 0
    4 19ca 19c9 19a8 19a9 ada 0
    4 19cb 19ca 19a9 19aa adb 0
    4 19cc 19cb 19aa 19ab adc 0
    4 19cd 19cc 19ab 19ac add 0
    4 19ce 19cd 19ac 19ad ade 0
    4 19cf 19ce 19ad 19ae adf 0
    4 19d0 19cf 19ae 19af ae0 0
    4 19d1 1191 19b0 19b1 ae1 0
    4 19d2 19d1 19b1 19b2 ae2 0
    4 19d3 19d2 19b2 19b3 ae3 0
    4 19d4 19d3 19b3 19b4 ae4 0
    4 19d5 19d4 19b4 19b5 ae5 0
    4 19d6 19d5 19b5 19b6 ae6 0
    4 19d7 19d6 19b6 19b7 ae7 0
    4 19d8 19d7 19b7 19b8 ae8 0
    4 19d9 19d8 19b8 19b9 ae9 0
    4 19da 19d9 19b9 19ba aea 0
    4 19db 19da 19ba 19bb aeb 0
    4 19dc 19db 19bb 19bc aec 0
    4 19dd 19dc 19bc 19bd aed 0
    4 19de 19dd 19bd 19be aee 0
    4 19df 19de 19be 19bf aef 0
    4 19e0 19df 19bf 19c0 af0 0
    4 19e1 19e0 19c0 19c1 af1 0
    4 19e2 19e1 19c1 19c2 af2 0
    4 19e3 19e2 19c2 19c3 af3 0
    4 19e4 19e3 19c3 19c4 af4 0
    4 19e5 19e4 19c4 19c5 af5 0
    4 19e6 19e5 19c5 19c6 af6 0
    4 19e7 19e6 19c6 19c7 af7 0
    4 19e8 19e7 19c7 19c8 af8 0
    4 19e9 19e8 19c8 19c9 af9 0
    4 19ea 19e9 19c9 19ca afa 0
    4 19eb 19ea 19ca 19cb afb 0
    4 19ec 19eb 19cb 19cc afc 0
    4 19ed 19ec 19cc 19cd afd 0
    4 19ee 19ed 19cd 19ce afe 0
    4 19ef 19ee 19ce 19cf aff 0
    4 19f0 19ef 19cf 19d0 b00 0
    4 19f1 1170 1191 19d1 b01 0
    4 19f2 19f1 19d1 19d2 b02 0
    4 19f3 19f2 19d2 19d3 b03 0
    4 19f4 19f3 19d3 19d4 b04 0
    4 19f5 19f4 19d4 19d5 b05 0
    4 19f6 19f5 19d5 19d6 b06 0
    4 19f7 19f6 19d6 19d7 b07 0
    4 19f8 19f7 19d7 19d8 b08 0
    4 19f9 19f8 19d8 19d9 b09 0
    4 19fa 19f9 19d9 19da b0a 0
    4 19fb 19fa 19da 19db b0b 0
    4 19fc 19fb 19db 19dc b0c 0
    4 19fd 19fc 19dc 19dd b0d 0
    4 19fe 19fd 19dd 19de b0e 0
    4 19ff 19fe 19de 19df b0f 0
    4 1a00 19ff 19df 19e0 b10 0
    4 1a01 1a00 19e0 19e1 b11 0
    4 1a02 1a01 19e1 19e2 b12 0
    4 1a03 1a02 19e2 19e3 b13 0
    4 1a04 1a03 19e3 19e4 b14 0
    4 1a05 1a04 19e4 19e5 b15 0
    4 1a06 1a05 19e5 19e6 b16 0
    4 1a07 1a06 19e6 19e7 b17 0
    4 1a08 1a07 19e7 19e8 b18 0
    4 1a09 1a08 19e8 19e9 b19 0
    4 1a0a 1a09 19e9 19ea b1a 0
    4 1a0b 1a0a 19ea 19eb b1b 0
    4 1a0c 1a0b 19eb 19ec b1c 0
    4 1a0d 1a0c 19ec 19ed b1d 0
    4 1a0e 1a0d 19ed 19ee b1e 0
    4 1a0f 1a0e 19ee 19ef b1f 0
    4 1a10 1a0f 19ef 19f0 b20 0
    4 1a11 114f 1170 19f1 b21 0
    4 1a12 1a11 19f1 19f2 b22 0
    4 1a13 1a12 19f2 19f3 b23 0
    4 1a14 1a13 19f3 19f4 b24 0
    4 1a15 1a14 19f4 19f5 b25 0
    4 1a16 1a15 19f5 19f6 b26 0
    4 1a17 1a16 19f6 19f7 b27 0
    4 1a18 1a17 19f7 19f8 b28 0
    4 1a19 1a18 19f8 19f9 b29 0
    4 1a1a 1a19 19f9 19fa b2a 0
    4 1a1b 1a1a 19fa 19fb b2b 0
    4 1a1c 1a1b 19fb 19fc b2c 0
    4 1a1d 1a1c 19fc 19fd b2d 0
    4 1a1e 1a1d 19fd 19fe b2e 0
    4 1a1f 1a1e 19fe 19ff b2f 0
    4 1a20 1a1f 19ff 1a00 b30 0
    4 1a21 1a20 1a00 1a01 b31 0
    4 1a22 1a21 1a01 1a02 b32 0
    4 1a23 1a22 1a02 1a03 b33 0
    4 1a24 1a23 1a03 1a04 b34 0
    4 1a25 1a24 1a04 1a05 b35 0
    4 1a26 1a25 1a05 1a06 b36 0
    4 1a27 1a26 1a06 1a07 b37 0
    4 1a28 1a27 1a07 1a08 b38 0
    4 1a29 1a28 1a08 1a09 b39 0
    4 1a2a 1a29 1a09 1a0a b3a 0
    4 1a2b 1a2a 1a0a 1a0b b3b 0
    4 1a2c 1a2b 1a0b 1a0c b3c 0
    4 1a2d 1a2c 1a0c 1a0d b3d 0
    4 1a2e 1a2d 1a0d 1a0e b3e 0
    4 1a2f 1a2e 1a0e 1a0f b3f 0
    4 1a30 1a2f 1a0f 1a10 b40 0
    4 1a31 112e 114f 1a11 b41 0
    4 1a32 1a31 1a11 1a12 b42 0
    4 1a33 1a32 1a12 1a13 b43 0
    4 1a34 1a33 1a13 1a14 b44 0
    4 1a35 1a34 1a14 1a15 b45 0
    4 1a36 1a35 1a15 1a16 b46 0
    4 1a37 1a36 1a16 1a17 b47 0
    4 1a38 1a37 1a17 1a18 b48 0
    4 1a39 1a38 1a18 1a19 b49 0
    4 1a3a 1a39 1a19 1a1a b4a 0
    4 1a3b 1a3a 1a1a 1a1b b4b 0
    4 1a3c 1a3b 1a1b 1a1c b4c 0
    4 1a3d 1a3c 1a1c 1a1d b4d 0
    4 1a3e 1a3d 1a1d 1a1e b4e 0
    4 1a3f 1a3e 1a1e 1a1f b4f 0
    4 1a40 1a3f 1a1f 1a20 b50 0
    4 1a41 1a40 1a20 1a21 b51 0
    4 1a42 1a41 1a21 1a22 b52 0
    4 1a43 1a42 1a22 1a23 b53 0
    4 1a44 1a43 1a23 1a24 b54 0
    4 1a45 1a44 1a24 1a25 b55 0
    4 1a46 1a45 1a25 1a26 b56 0
    4 1a47 1a46 1a26 1a27 b57 0
    4 1a48 1a47 1a27 1a28 b58 0
    4 1a49 1a48 1a28 1a29 b59 0
    4 1a4a 1a49 1a29 1a2a b5a 0
    4 1a4b 1a4a 1a2a 1a2b b5b 0
    4 1a4c 1a4b 1a2b 1a2c b5c 0
    4 1a4d 1a4c 1a2c 1a2d b5d 0
    4 1a4e 1a4d 1a2d 1a2e b5e 0
    4 1a4f 1a4e 1a2e 1a2f b5f 0
    4 1a50 1a4f 1a2f 1a30 b60 0
    4 1a51 110d 112e 1a31 b61 0
    4 1a52 1a51 1a31 1a32 b62 0
    4 1a53 1a52 1a32 1a33 b63 0
    4 1a54 1a53 1a33 1a34 b64 0
    4 1a55 1a54 1a34 1a35 b65 0
    4 1a56 1a55 1a35 1a36 b66 0
    4 1a57 1a56 1a36 1a37 b67 0
    4 1a58 1a57 1a37 1a38 b68 0
    4 1a59 1a58 1a38 1a39 b69 0
    4 1a5a 1a59 1a39 1a3a b6a 0
    4 1a5b 1a5a 1a3a 1a3b b6b 0
    4 1a5c 1a5b 1a3b 1a3c b6c 0
    4 1a5d 1a5c 1a3c 1a3d b6d 0
    4 1a5e 1a5d 1a3d 1a3e b6e 0
    4 1a5f 1a5e 1a3e 1a3f b6f 0
    4 1a60 1a5f 1a3f 1a40 b70 0
    4 1a61 1a60 1a40 1a41 b71 0
    4 1a62 1a61 1a41 1a42 b72 0
    4 1a63 1a62 1a42 1a43 b73 0
    4 1a64 1a63 1a43 1a44 b74 0
    4 1a65 1a64 1a44 1a45 b75 0
    4 1a66 1a65 1a45 1a46 b76 0
    4 1a67 1a66 1a46 1a47 b77 0
    4 1a68 1a67 1a47 1a48 b78 0
    4 1a69 1a68 1a48 1a49 b79 0
    4 1a6a 1a69 1a49 1a4a b7a 0
    4 1a6b 1a6a 1a4a 1a4b b7b 0
    4 1a6c 1a6b 1a4b 1a4c b7c 0
    4 1a6d 1a6c 1a4c 1a4d b7d 0
    4 1a6e 1a6d 1a4d 1a4e b7e 0
    4 1a6f 1a6e 1a4e 1a4f b7f 0
    4 1a70 1a6f 1a4f 1a50 b80 0
    4 1a71 10ec 110d 1a51 b81 0
    4 1a72 1a71 1a51 1a52 b82 0
    4 1a73 1a72 1a52 1a53 b83 0
    4 1a74 1a73 1a53 1a54 b84 0
    4 1a75 1a74 1a54 1a55 b85 0
    4 1a76 1a75 1a55 1a56 b86 0
    4 1a77 1a76 1a56 1a57 b87 0
    4 1a78 1a77 1a57 1a58 b88 0
    4 1a79 1a78 1a58 1a59 b89 0
    4 1a7a 1a79 1a59 1a5a b8a 0
    4 1a7b 1a7a 1a5a 1a5b b8b 0
    4 1a7c 1a7b 1a5b 1a5c b8c 0
    4 1a7d 1a7c 1a5c 1a5d b8d 0
    4 1a7e 1a7d 1a5d 1a5e b8e 0
    4 1a7f 1a7e 1a5e 1a5f b8f 0
    4 1a80 1a7f 1a5f 1a60 b90 0
    4 1a81 1a80 1a60 1a61 b91 0
    4 1a82 1a81 1a61 1a62 b92 0
    4 1a83 1a82 1a62 1a63 b93 0
    4 1a84 1a83 1a63 1a64 b94 0
    4 1a85 1a84 1a64 1a65 b95 0
    4 1a86 1a85 1a65 1a66 b96 0
    4 1a87 1a86 1a66 1a67 b97 0
    4 1a88 1a87 1a67 1a68 b98 0
    4 1a89 1a88 1a68 1a69 b99 0
    4 1a8a 1a89 1a69 1a6a b9a 0
    4 1a8b 1a8a 1a6a 1a6b b9b 0
    4 1a8c 1a8b 1a6b 1a6c b9c 0
    4 1a8d 1a8c 1a6c 1a6d b9d 0
    4 1a8e 1a8d 1a6d 1a6e b9e 0
    4 1a8f 1a8e 1a6e 1a6f b9f 0
    4 1a90 1a8f 1a6f 1a70 ba0 0
    4 1a91 10cb 10ec 1a71 ba1 0
    4 1a92 1a91 1a71 1a72 ba2 0
    4 1a93 1a92 1a72 1a73 ba3 0
    4 1a94 1a93 1a73 1a74 ba4 0
    4 1a95 1a94 1a74 1a75 ba5 0
    4 1a96 1a95 1a75 1a76 ba6 0
    4 1a97 1a96 1a76 1a77 ba7 0
    4 1a98 1a97 1a77 1a78 ba8 0
    4 1a99 1a98 1a78 1a79 ba9 0
    4 1a9a 1a99 1a79 1a7a baa 0
    4 1a9b 1a9a 1a7a 1a7b bab 0
    4 1a9c 1a9b 1a7b 1a7c bac 0
    4 1a9d 1a9c 1a7c 1a7d bad 0
    4 1a9e 1a9d 1a7d 1a7e bae 0
    4 1a9f 1a9e 1a7e 1a7f baf 0
    4 1aa0 1a9f 1a7f 1a80 bb0 0
    4 1aa1 1aa0 1a80 1a81 bb1 0
    4 1aa2 1aa1 1a81 1a82 bb2 0
    4 1aa3 1aa2 1a82 1a83 bb3 0
    4 1aa4 1aa3 1a83 1a84 bb4 0
    4 1aa5 1aa4 1a84 1a85 bb5 0
    4 1aa6 1aa5 1a85 1a86 bb6 0
    4 1aa7 1aa6 1a86 1a87 bb7 0
    4 1aa8 1aa7 1a87 1a88 bb8 0
    4 1aa9 1aa8 1a88 1a89 bb9 0
    4 1aaa 1aa9 1a89 1a8a bba 0
    4 1aab 1aaa 1a8a 1a8b bbb 0
    4 1aac 1aab 1a8b 1a8c bbc 0
    4 1aad 1aac 1a8c 1a8d bbd 0
    4 1aae 1aad 1a8d 1a8e bbe 0
    4 1aaf 1aae 1a8e 1a8f bbf 0
    4 1ab0 1aaf 1a8f 1a90 bc0 0
    4 1ab1 10aa 10cb 1a91 bc1 0
    4 1ab2 1ab1 1a91 1a92 bc2 0
    4 1ab3 1ab2 1a92 1a93 bc3 0
    4 1ab4 1ab3 1a93 1a94 bc4 0
    4 1ab5 1ab4 1a94 1a95 bc5 0
    4 1ab6 1ab5 1a95 1a96 bc6 0
    4 1ab7 1ab6 1a96 1a97 bc7 0
    4 1ab8 1ab7 1a97 1a98 bc8 0
    4 1ab9 1ab8 1a98 1a99 bc9 0
    4 1aba 1ab9 1a99 1a9a bca 0
    4 1abb 1aba 1a9a 1a9b bcb 0
    4 1abc 1abb 1a9b 1a9c bcc 0
    4 1abd 1abc 1a9c 1a9d bcd 0
    4 1abe 1abd 1a9d 1a9e bce 0
    4 1abf 1abe 1a9e 1a9f bcf 0
    4 1ac0 1abf 1a9f 1aa0 bd0 0
    4 1ac1 1ac0 1aa0 1aa1 bd1 0
    4 1ac2 1ac1 1aa1 1aa2 bd2 0
    4 1ac3 1ac2 1aa2 1aa3 bd3 0
    4 1ac4 1ac3 1aa3 1aa4 bd4 0
    4 1ac5 1ac4 1aa4 1aa5 bd5 0
    4 1ac6 1ac5 1aa5 1aa6 bd6 0
    4 1ac7 1ac6 1aa6 1aa7 bd7 0
    4 1ac8 1ac7 1aa7 1aa8 bd8 0
    4 1ac9 1ac8 1aa8 1aa9 bd9 0
    4 1aca 1ac9 1aa9 1aaa bda 0
    4 1acb 1aca 1aaa 1aab bdb 0
    4 1acc 1acb 1aab 1aac bdc 0
    4 1acd 1acc 1aac 1aad bdd 0
    4 1ace 1acd 1aad 1aae bde 0
    4 1acf 1ace 1aae 1aaf bdf 0
    4 1ad0 1acf 1aaf 1ab0 be0 0
    4 1ad1 1089 10aa 1ab1 be1 0
    4 1ad2 1ad1 1ab1 1ab2 be2 0
    4 1ad3 1ad2 1ab2 1ab3 be3 0
    4 1ad4 1ad3 1ab3 1ab4 be4 0
    4 1ad5 1ad4 1ab4 1ab5 be5 0
    4 1ad6 1ad5 1ab5 1ab6 be6 0
    4 1ad7 1ad6 1ab6 1ab7 be7 0
    4 1ad8 1ad7 1ab7 1ab8 be8 0
    4 1ad9 1ad8 1ab8 1ab9 be9 0
    4 1ada 1ad9 1ab9 1aba bea 0
    4 1adb 1ada 1aba 1abb beb 0
    4 1adc 1adb 1abb 1abc bec 0
    4 1add 1adc 1abc 1abd bed 0
    4 1ade 1add 1abd 1abe bee 0
    4 1adf 1ade 1abe 1abf bef 0
    4 1ae0 1adf 1abf 1ac0 bf0 0
    4 1ae1 1ae0 1ac0 1ac1 bf1 0
    4 1ae2 1ae1 1ac1 1ac2 bf2 0
    4 1ae3 1ae2 1ac2 1ac3 bf3 0
    4 1ae4 1ae3 1ac3 1ac4 bf4 0
    4 1ae5 1ae4 1ac4 1ac5 bf5 0
    4 1ae6 1ae5 1ac5 1ac6 bf6 0
    4 1ae7 1ae6 1ac6 1ac7 bf7 0
    4 1ae8 1ae7 1ac7 1ac8 bf8 0
    4 1ae9 1ae8 1ac8 1ac9 bf9 0
    4 1aea 1ae9 1ac9 1aca bfa 0
    4 1aeb 1aea 1aca 1acb bfb 0
    4 1aec 1aeb 1acb 1acc bfc 0
    4 1aed 1aec 1acc 1acd bfd 0
    4 1aee 1aed 1acd 1ace bfe 0
    4 1aef 1aee 1ace 1acf bff 0
    4 1af0 1aef 1acf 1ad0 c00 0
    4 1af1 1068 1089 1ad1 c01 0
    4 1af2 1af1 1ad1 1ad2 c02 0
    4 1af3 1af2 1ad2 1ad3 c03 0
    4 1af4 1af3 1ad3 1ad4 c04 0
    4 1af5 1af4 1ad4 1ad5 c05 0
    4 1af6 1af5 1ad5 1ad6 c06 0
    4 1af7 1af6 1ad6 1ad7 c07 0
    4 1af8 1af7 1ad7 1ad8 c08 0
    4 1af9 1af8 1ad8 1ad9 c09 0
    4 1afa 1af9 1ad9 1ada c0a 0
    4 1afb 1afa 1ada 1adb c0b 0
    4 1afc 1afb 1adb 1adc c0c 0
    4 1afd 1afc 1adc 1add c0d 0
    4 1afe 1afd 1add 1ade c0e 0
    4 1aff 1afe 1ade 1adf c0f 0
    4 1b00 1aff 1adf 1ae0 c10 0
    4 1b01 1b00 1ae0 1ae1 c11 0
    4 1b02 1b01 1ae1 1ae2 c12 0
    4 1b03 1b02 1ae2 1ae3 c13 0
    4 1b04 1b03 1ae3 1ae4 c14 0
    4 1b05 1b04 1ae4 1ae5 c15 0
    4 1b06 1b05 1ae5 1ae6 c16 0
    4 1b07 1b06 1ae6 1ae7 c17 0
    4 1b08 1b07 1ae7 1ae8 c18 0
    4 1b09 1b08 1ae8 1ae9 c19 0
    4 1b0a 1b09 1ae9 1aea c1a 0
    4 1b0b 1b0a 1aea 1aeb c1b 0
    4 1b0c 1b0b 1aeb 1aec c1c 0
    4 1b0d 1b0c 1aec 1aed c1d 0
    4 1b0e 1b0d 1aed 1aee c1e 0
    4 1b0f 1b0e 1aee 1aef c1f 0
    4 1b10 1b0f 1aef 1af0 c20 0
    4 1b11 1047 1068 1af1 c21 0
    4 1b12 1b11 1af1 1af2 c22 0
    4 1b13 1b12 1af2 1af3 c23 0
    4 1b14 1b13 1af3 1af4 c24 0
    4 1b15 1b14 1af4 1af5 c25 0
    4 1b16 1b15 1af5 1af6 c26 0
    4 1b17 1b16 1af6 1af7 c27 0
    4 1b18 1b17 1af7 1af8 c28 0
    4 1b19 1b18 1af8 1af9 c29 0
    4 1b1a 1b19 1af9 1afa c2a 0
    4 1b1b 1b1a 1afa 1afb c2b 0
    4 1b1c 1b1b 1afb 1afc c2c 0
    4 1b1d 1b1c 1afc 1afd c2d 0
    4 1b1e 1b1d 1afd 1afe c2e 0
    4 1b1f 1b1e 1afe 1aff c2f 0
    4 1b20 1b1f 1aff 1b00 c30 0
    4 1b21 1b20 1b00 1b01 c31 0
    4 1b22 1b21 1b01 1b02 c32 0
    4 1b23 1b22 1b02 1b03 c33 0
    4 1b24 1b23 1b03 1b04 c34 0
    4 1b25 1b24 1b04 1b05 c35 0
    4 1b26 1b25 1b05 1b06 c36 0
    4 1b27 1b26 1b06 1b07 c37 0
    4 1b28 1b27 1b07 1b08 c38 0
    4 1b29 1b28 1b08 1b09 c39 0
    4 1b2a 1b29 1b09 1b0a c3a 0
    4 1b2b 1b2a 1b0a 1b0b c3b 0
    4 1b2c 1b2b 1b0b 1b0c c3c 0
    4 1b2d 1b2c 1b0c 1b0d c3d 0
    4 1b2e 1b2d 1b0d 1b0e c3e 0
    4 1b2f 1b2e 1b0e 1b0f c3f 0
    4 1b30 1b2f 1b0f 1b10 c40 0
    4 1b31 1026 1047 1b11 c41 0
    4 1b32 1b31 1b11 1b12 c42 0
    4 1b33 1b32 1b12 1b13 c43 0
    4 1b34 1b33 1b13 1b14 c44 0
    4 1b35 1b34 1b14 1b15 c45 0
    4 1b36 1b35 1b15 1b16 c46 0
    4 1b37 1b36 1b16 1b17 c47 0
    4 1b38 1b37 1b17 1b18 c48 0
    4 1b39 1b38 1b18 1b19 c49 0
    4 1b3a 1b39 1b19 1b1a c4a 0
    4 1b3b 1b3a 1b1a 1b1b c4b 0
    4 1b3c 1b3b 1b1b 1b1c c4c 0
    4 1b3d 1b3c 1b1c 1b1d c4d 0
    4 1b3e 1b3d 1b1d 1b1e c4e 0
    4 1b3f 1b3e 1b1e 1b1f c4f 0
    4 1b40 1b3f 1b1f 1b20 c50 0
    4 1b41 1b40 1b20 1b21 c51 0
    4 1b42 1b41 1b21 1b22 c52 0
    4 1b43 1b42 1b22 1b23 c53 0
    4 1b44 1b43 1b23 1b24 c54 0
    4 1b45 1b44 1b24 1b25 c55 0
    4 1b46 1b45 1b25 1b26 c56 0
    4 1b47 1b46 1b26 1b27 c57 0
    4 1b48 1b47 1b27 1b28 c58 0
    4 1b49 1b48 1b28 1b29 c59 0
    4 1b4a 1b49 1b29 1b2a c5a 0
    4 1b4b 1b4a 1b2a 1b2b c5b 0
    4 1b4c 1b4b 1b2b 1b2c c5c 0
    4 1b4d 1b4c 1b2c 1b2d c5d 0
    4 1b4e 1b4d 1b2d 1b2e c5e 0
    4 1b4f 1b4e 1b2e 1b2f c5f 0
    4 1b50 1b4f 1b2f 1b30 c60 0
    4 1b51 1005 1026 1b31 c61 0
    4 1b52 1b51 1b31 1b32 c62 0
    4 1b53 1b52 1b32 1b33 c63 0
    4 1b54 1b53 1b33 1b34 c64 0
    4 1b55 1b54 1b34 1b35 c65 0
    4 1b56 1b55 1b35 1b36 c66 0
    4 1b57 1b56 1b36 1b37 c67 0
    4 1b58 1b57 1b37 1b38 c68 0
    4 1b59 1b58 1b38 1b39 c69 0
    4 1b5a 1b59 1b39 1b3a c6a 0
    4 1b5b 1b5a 1b3a 1b3b c6b 0
    4 1b5c 1b5b 1b3b 1b3c c6c 0
    4 1b5d 1b5c 1b3c 1b3d c6d 0
    4 1b5e 1b5d 1b3d 1b3e c6e 0
    4 1b5f 1b5e 1b3e 1b3f c6f 0
    4 1b60 1b5f 1b3f 1b40 c70 0
    4 1b61 1b60 1b40 1b41 c71 0
    4 1b62 1b61 1b41 1b42 c72 0
    4 1b63 1b62 1b42 1b43 c73 0
    4 1b64 1b63 1b43 1b44 c74 0
    4 1b65 1b64 1b44 1b45 c75 0
    4 1b66 1b65 1b45 1b46 c76 0
    4 1b67 1b66 1b46 1b47 c77 0
    4 1b68 1b67 1b47 1b48 c78 0
    4 1b69 1b68 1b48 1b49 c79 0
    4 1b6a 1b69 1b49 1b4a c7a 0
    4 1b6b 1b6a 1b4a 1b4b c7b 0
    4 1b6c 1b6b 1b4b 1b4c c7c 0
    4 1b6d 1b6c 1b4c 1b4d c7d 0
    4 1b6e 1b6d 1b4d 1b4e c7e 0
    4 1b6f 1b6e 1b4e 1b4f c7f 0
    4 1b70 1b6f 1b4f 1b50 c80 0
    4 1b71 fe4 1005 1b51 c81 0
    4 1b72 1b71 1b51 1b52 c82 0
    4 1b73 1b72 1b52 1b53 c83 0
    4 1b74 1b73 1b53 1b54 c84 0
    4 1b75 1b74 1b54 1b55 c85 0
    4 1b76 1b75 1b55 1b56 c86 0
    4 1b77 1b76 1b56 1b57 c87 0
    4 1b78 1b77 1b57 1b58 c88 0
    4 1b79 1b78 1b58 1b59 c89 0
    4 1b7a 1b79 1b59 1b5a c8a 0
    4 1b7b 1b7a 1b5a 1b5b c8b 0
    4 1b7c 1b7b 1b5b 1b5c c8c 0
    4 1b7d 1b7c 1b5c 1b5d c8d 0
    4 1b7e 1b7d 1b5d 1b5e c8e 0
    4 1b7f 1b7e 1b5e 1b5f c8f 0
    4 1b80 1b7f 1b5f 1b60 c90 0
    4 1b81 1b80 1b60 1b61 c91 0
    4 1b82 1b81 1b61 1b62 c92 0
    4 1b83 1b82 1b62 1b63 c93 0
    4 1b84 1b83 1b63 1b64 c94 0
    4 1b85 1b84 1b64 1b65 c95 0
    4 1b86 1b85 1b65 1b66 c96 0
    4 1b87 1b86 1b66 1b67 c97 0
    4 1b88 1b87 1b67 1b68 c98 0
    4 1b89 1b88 1b68 1b69 c99 0
    4 1b8a 1b89 1b69 1b6a c9a 0
    4 1b8b 1b8a 1b6a 1b6b c9b 0
    4 1b8c 1b8b 1b6b 1b6c c9c 0
    4 1b8d 1b8c 1b6c 1b6d c9d 0
    4 1b8e 1b8d 1b6d 1b6e c9e 0
    4 1b8f 1b8e 1b6e 1b6f c9f 0
    4 1b90 1b8f 1b6f 1b70 ca0 0
    4 1b91 fc3 fe4 1b71 ca1 0
    4 1b92 1b91 1b71 1b72 ca2 0
    4 1b93 1b92 1b72 1b73 ca3 0
    4 1b94 1b93 1b73 1b74 ca4 0
    4 1b95 1b94 1b74 1b75 ca5 0
    4 1b96 1b95 1b75 1b76 ca6 0
    4 1b97 1b96 1b76 1b77 ca7 0
    4 1b98 1b97 1b77 1b78 ca8 0
    4 1b99 1b98 1b78 1b79 ca9 0
    4 1b9a 1b99 1b79 1b7a caa 0
    4 1b9b 1b9a 1b7a 1b7b cab 0
    4 1b9c 1b9b 1b7b 1b7c cac 0
    4 1b9d 1b9c 1b7c 1b7d cad 0
    4 1b9e 1b9d 1b7d 1b7e cae 0
    4 1b9f 1b9e 1b7e 1b7f caf 0
    4 1ba0 1b9f 1b7f 1b80 cb0 0
    4 1ba1 1ba0 1b80 1b81 cb1 0
    4 1ba2 1ba1 1b81 1b82 cb2 0
    4 1ba3 1ba2 1b82 1b83 cb3 0
    4 1ba4 1ba3 1b83 1b84 cb4 0
    4 1ba5 1ba4 1b84 1b85 cb5 0
    4 1ba6 1ba5 1b85 1b86 cb6 0
    4 1ba7 1ba6 1b86 1b87 cb7 0
    4 1ba8 1ba7 1b87 1b88 cb8 0
    4 1ba9 1ba8 1b88 1b89 cb9 0
    4 1baa 1ba9 1b89 1b8a cba 0
    4 1bab 1baa 1b8a 1b8b cbb 0
    4 1bac 1bab 1b8b 1b8c cbc 0
    4 1bad 1bac 1b8c 1b8d cbd 0
    4 1bae 1bad 1b8d 1b8e cbe 0
    4 1baf 1bae 1b8e 1b8f cbf 0
    4 1bb0 1baf 1b8f 1b90 cc0 0
    4 1bb1 fa2 fc3 1b91 cc1 0
    4 1bb2 1bb1 1b91 1b92 cc2 0
    4 1bb3 1bb2 1b92 1b93 cc3 0
    4 1bb4 1bb3 1b93 1b94 cc4 0
    4 1bb5 1bb4 1b94 1b95 cc5 0
    4 1bb6 1bb5 1b95 1b96 cc6 0
    4 1bb7 1bb6 1b96 1b97 cc7 0
    4 1bb8 1bb7 1b97 1b98 cc8 0
    4 1bb9 1bb8 1b98 1b99 cc9 0
    4 1bba 1bb9 1b99 1b9a cca 0
    4 1bbb 1bba 1b9a 1b9b ccb 0
    4 1bbc 1bbb 1b9b 1b9c ccc 0
    4 1bbd 1bbc 1b9c 1b9d ccd 0
    4 1bbe 1bbd 1b9d 1b9e cce 0
    4 1bbf 1bbe 1b9e 1b9f ccf 0
    4 1bc0 1bbf 1b9f 1ba0 cd0 0
    4 1bc1 1bc0 1ba0 1ba1 cd1 0
    4 1bc2 1bc1 1ba1 1ba2 cd2 0
    4 1bc3 1bc2 1ba2 1ba3 cd3 0
    4 1bc4 1bc3 1ba3 1ba4 cd4 0
    4 1bc5 1bc4 1ba4 1ba5 cd5 0
    4 1bc6 1bc5 1ba5 1ba6 cd6 0
    4 1bc7 1bc6 1ba6 1ba7 cd7 0
    4 1bc8 1bc7 1ba7 1ba8 cd8 0
    4 1bc9 1bc8 1ba8 1ba9 cd9 0
    4 1bca 1bc9 1ba9 1baa cda 0
    4 1bcb 1bca 1baa 1bab cdb 0
    4 1bcc 1bcb 1bab 1bac cdc 0
    4 1bcd 1bcc 1bac 1bad cdd 0
    4 1bce 1bcd 1bad 1bae cde 0
    4 1bcf 1bce 1bae 1baf cdf 0
    4 1bd0 1bcf 1baf 1bb0 ce0 0
    4 1bd1 f81 fa2 1bb1 ce1 0
    4 1bd2 1bd1 1bb1 1bb2 ce2 0
    4 1bd3 1bd2 1bb2 1bb3 ce3 0
    4 1bd4 1bd3 1bb3 1bb4 ce4 0
    4 1bd5 1bd4 1bb4 1bb5 ce5 0
    4 1bd6 1bd5 1bb5 1bb6 ce6 0
    4 1bd7 1bd6 1bb6 1bb7 ce7 0
    4 1bd8 1bd7 1bb7 1bb8 ce8 0
    4 1bd9 1bd8 1bb8 1bb9 ce9 0
    4 1bda 1bd9 1bb9 1bba cea 0
    4 1bdb 1bda 1bba 1bbb ceb 0
    4 1bdc 1bdb 1bbb 1bbc cec 0
    4 1bdd 1bdc 1bbc 1bbd ced 0
    4 1bde 1bdd 1bbd 1bbe cee 0
    4 1bdf 1bde 1bbe 1bbf cef 0
    4 1be0 1bdf 1bbf 1bc0 cf0 0
    4 1be1 1be0 1bc0 1bc1 cf1 0
    4 1be2 1be1 1bc1 1bc2 cf2 0
    4 1be3 1be2 1bc2 1bc3 cf3 0
    4 1be4 1be3 1bc3 1bc4 cf4 0
    4 1be5 1be4 1bc4 1bc5 cf5 0
    4 1be6 1be5 1bc5 1bc6 cf6 0
    4 1be7 1be6 1bc6 1bc7 cf7 0
    4 1be8 1be7 1bc7 1bc8 cf8 0
    4 1be9 1be8 1bc8 1bc9 cf9 0
    4 1bea 1be9 1bc9 1bca cfa 0
    4 1beb 1bea 1bca 1bcb cfb 0
    4 1bec 1beb 1bcb 1bcc cfc 0
    4 1bed 1bec 1bcc 1bcd cfd 0
    4 1bee 1bed 1bcd 1bce cfe 0
    4 1bef 1bee 1bce 1bcf cff 0
    4 1bf0 1bef 1bcf 1bd0 d00 0
    4 1bf1 f60 f81 1bd1 d01 0
    4 1bf2 1bf1 1bd1 1bd2 d02 0
    4 1bf3 1bf2 1bd2 1bd3 d03 0
    4 1bf4 1bf3 1bd3 1bd4 d04 0
    4 1bf5 1bf4 1bd4 1bd5 d05 0
    4 1bf6 1bf5 1bd5 1bd6 d06 0
    4 1bf7 1bf6 1bd6 1bd7 d07 0
    4 1bf8 1bf7 1bd7 1bd8 d08 0
    4 1bf9 1bf8 1bd8 1bd9 d09 0
    4 1bfa 1bf9 1bd9 1bda d0a 0
    4 1bfb 1bfa 1bda 1bdb d0b 0
    4 1bfc 1bfb 1bdb 1bdc d0c 0
    4 1bfd 1bfc 1bdc 1bdd d0d 0
    4 1bfe 1bfd 1bdd 1bde d0e 0
    4 1bff 1bfe 1bde 1bdf d0f 0
    4 1c00 1bff 1bdf 1be0 d10 0
    4 1c01 1c00 1be0 1be1 d11 0
    4 1c02 1c01 1be1 1be2 d12 0
    4 1c03 1c02 1be2 1be3 d13 0
    4 1c04 1c03 1be3 1be4 d14 0
    4 1c05 1c04 1be4 1be5 d15 0
    4 1c06 1c05 1be5 1be6 d16 0
    4 1c07 1c06 1be6 1be7 d17 0
    4 1c08 1c07 1be7 1be8 d18 0
    4 1c09 1c08 1be8 1be9 d19 0
    4 1c0a 1c09 1be9 1bea d1a 0
    4 1c0b 1c0a 1bea 1beb d1b 0
    4 1c0c 1c0b 1beb 1bec d1c 0
    4 1c0d 1c0c 1bec 1bed d1d 0
    4 1c0e 1c0d 1bed 1bee d1e 0
    4 1c0f 1c0e 1bee 1bef d1f 0
    4 1c10 1c0f 1bef 1bf0 d20 0
    4 1c11 f3f f60 1bf1 d21 0
    4 1c12 1c11 1bf1 1bf2 d22 0
    4 1c13 1c12 1bf2 1bf3 d23 0
    4 1c14 1c13 1bf3 1bf4 d24 0
    4 1c15 1c14 1bf4 1bf5 d25 0
    4 1c16 1c15 1bf5 1bf6 d26 0
    4 1c17 1c16 1bf6 1bf7 d27 0
    4 1c18 1c17 1bf7 1bf8 d28 0
    4 1c19 1c18 1bf8 1bf9 d29 0
    4 1c1a 1c19 1bf9 1bfa d2a 0
    4 1c1b 1c1a 1bfa 1bfb d2b 0
    4 1c1c 1c1b 1bfb 1bfc d2c 0
    4 1c1d 1c1c 1bfc 1bfd d2d 0
    4 1c1e 1c1d 1bfd 1bfe d2e 0
    4 1c1f 1c1e 1bfe 1bff d2f 0
    4 1c20 1c1f 1bff 1c00 d30 0
    4 1c21 1c20 1c00 1c01 d31 0
    4 1c22 1c21 1c01 1c02 d32 0
    4 1c23 1c22 1c02 1c03 d33 0
    4 1c24 1c23 1c03 1c04 d34 0
    4 1c25 1c24 1c04 1c05 d35 0
    4 1c26 1c25 1c05 1c06 d36 0
    4 1c27 1c26 1c06 1c07 d37 0
    4 1c28 1c27 1c07 1c08 d38 0
    4 1c29 1c28 1c08 1c09 d39 0
    4 1c2a 1c29 1c09 1c0a d3a 0
    4 1c2b 1c2a 1c0a 1c0b d3b 0
    4 1c2c 1c2b 1c0b 1c0c d3c 0
    4 1c2d 1c2c 1c0c 1c0d d3d 0
    4 1c2e 1c2d 1c0d 1c0e d3e 0
    4 1c2f 1c2e 1c0e 1c0f d3f 0
    4 1c30 1c2f 1c0f 1c10 d40 0
    4 1c31 f1e f3f 1c11 d41 0
    4 1c32 1c31 1c11 1c12 d42 0
    4 1c33 1c32 1c12 1c13 d43 0
    4 1c34 1c33 1c13 1c14 d44 0
    4 1c35 1c34 1c14 1c15 d45 0
    4 1c36 1c35 1c15 1c16 d46 0
    4 1c37 1c36 1c16 1c17 d47 0
    4 1c38 1c37 1c17 1c18 d48 0
    4 1c39 1c38 1c18 1c19 d49 0
    4 1c3a 1c39 1c19 1c1a d4a 0
    4 1c3b 1c3a 1c1a 1c1b d4b 0
    4 1c3c 1c3b 1c1b 1c1c d4c 0
    4 1c3d 1c3c 1c1c 1c1d d4d 0
    4 1c3e 1c3d 1c1d 1c1e d4e 0
    4 1c3f 1c3e 1c1e 1c1f d4f 0
    4 1c40 1c3f 1c1f 1c20 d50 0
    4 1c41 1c40 1c20 1c21 d51 0
    4 1c42 1c41 1c21 1c22 d52 0
    4 1c43 1c42 1c22 1c23 d53 0
    4 1c44 1c43 1c23 1c24 d54 0
    4 1c45 1c44 1c24 1c25 d55 0
    4 1c46 1c45 1c25 1c26 d56 0
    4 1c47 1c46 1c26 1c27 d57 0
    4 1c48 1c47 1c27 1c28 d58 0
    4 1c49 1c48 1c28 1c29 d59 0
    4 1c4a 1c49 1c29 1c2a d5a 0
    4 1c4b 1c4a 1c2a 1c2b d5b 0
    4 1c4c 1c4b 1c2b 1c2c d5c 0
    4 1c4d 1c4c 1c2c 1c2d d5d 0
    4 1c4e 1c4d 1c2d 1c2e d5e 0
    4 1c4f 1c4e 1c2e 1c2f d5f 0
    4 1c50 1c4f 1c2f 1c30 d60 0
    4 1c51 efd f1e 1c31 d61 0
    4 1c52 1c51 1c31 1c32 d62 0
    4 1c53 1c52 1c32 1c33 d63 0
    4 1c54 1c53 1c33 1c34 d64 0
    4 1c55 1c54 1c34 1c35 d65 0
    4 1c56 1c55 1c35 1c36 d66 0
    4 1c57 1c56 1c36 1c37 d67 0
    4 1c58 1c57 1c37 1c38 d68 0
    4 1c59 1c58 1c38 1c39 d69 0
    4 1c5a 1c59 1c39 1c3a d6a 0
    4 1c5b 1c5a 1c3a 1c3b d6b 0
    4 1c5c 1c5b 1c3b 1c3c d6c 0
    4 1c5d 1c5c 1c3c 1c3d d6d 0
    4 1c5e 1c5d 1c3d 1c3e d6e 0
    4 1c5f 1c5e 1c3e 1c3f d6f 0
    4 1c60 1c5f 1c3f 1c40 d70 0
    4 1c61 1c60 1c40 1c41 d71 0
    4 1c62 1c61 1c41 1c42 d72 0
    4 1c63 1c62 1c42 1c43 d73 0
    4 1c64 1c63 1c43 1c44 d74 0
    4 1c65 1c64 1c44 1c45 d75 0
    4 1c66 1c65 1c45 1c46 d76 0
    4 1c67 1c66 1c46 1c47 d77 0
    4 1c68 1c67 1c47 1c48 d78 0
    4 1c69 1c68 1c48 1c49 d79 0
    4 1c6a 1c69 1c49 1c4a d7a 0
    4 1c6b 1c6a 1c4a 1c4b d7b 0
    4 1c6c 1c6b 1c4b 1c4c d7c 0
    4 1c6d 1c6c 1c4c 1c4d d7d 0
    4 1c6e 1c6d 1c4d 1c4e d7e 0
    4 1c6f 1c6e 1c4e 1c4f d7f 0
    4 1c70 1c6f 1c4f 1c50 d80 0
    4 1c71 edc efd 1c51 d81 0
    4 1c72 1c71 1c51 1c52 d82 0
    4 1c73 1c72 1c52 1c53 d83 0
    4 1c74 1c73 1c53 1c54 d84 0
    4 1c75 1c74 1c54 1c55 d85 0
    4 1c76 1c75 1c55 1c56 d86 0
    4 1c77 1c76 1c56 1c57 d87 0
    4 1c78 1c77 1c57 1c58 d88 0
    4 1c79 1c78 1c58 1c59 d89 0
    4 1c7a 1c79 1c59 1c5a d8a 0
    4 1c7b 1c7a 1c5a 1c5b d8b 0
    4 1c7c 1c7b 1c5b 1c5c d8c 0
    4 1c7d 1c7c 1c5c 1c5d d8d 0
    4 1c7e 1c7d 1c5d 1c5e d8e 0
    4 1c7f 1c7e 1c5e 1c5f d8f 0
    4 1c80 1c7f 1c5f 1c60 d90 0
    4 1c81 1c80 1c60 1c61 d91 0
    4 1c82 1c81 1c61 1c62 d92 0
    4 1c83 1c82 1c62 1c63 d93 0
    4 1c84 1c83 1c63 1c64 d94 0
    4 1c85 1c84 1c64 1c65 d95 0
    4 1c86 1c85 1c65 1c66 d96 0
    4 1c87 1c86 1c66 1c67 d97 0
    4 1c88 1c87 1c67 1c68 d98 0
    4 1c89 1c88 1c68 1c69 d99 0
    4 1c8a 1c89 1c69 1c6a d9a 0
    4 1c8b 1c8a 1c6a 1c6b d9b 0
    4 1c8c 1c8b 1c6b 1c6c d9c 0
    4 1c8d 1c8c 1c6c 1c6d d9d 0
    4 1c8e 1c8d 1c6d 1c6e d9e 0
    4 1c8f 1c8e 1c6e 1c6f d9f 0
    4 1c90 1c8f 1c6f 1c70 da0 0
    4 1c91 ebb edc 1c71 da1 0
    4 1c92 1c91 1c71 1c72 da2 0
    4 1c93 1c92 1c72 1c73 da3 0
    4 1c94 1c93 1c73 1c74 da4 0
    4 1c95 1c94 1c74 1c75 da5 0
    4 1c96 1c95 1c75 1c76 da6 0
    4 1c97 1c96 1c76 1c77 da7 0
    4 1c98 1c97 1c77 1c78 da8 0
    4 1c99 1c98 1c78 1c79 da9 0
    4 1c9a 1c99 1c79 1c7a daa 0
    4 1c9b 1c9a 1c7a 1c7b dab 0
    4 1c9c 1c9b 1c7b 1c7c dac 0
    4 1c9d 1c9c 1c7c 1c7d dad 0
    4 1c9e 1c9d 1c7d 1c7e dae 0
    4 1c9f 1c9e 1c7e 1c7f daf 0
    4 1ca0 1c9f 1c7f 1c80 db0 0
    4 1ca1 1ca0 1c80 1c81 db1 0
    4 1ca2 1ca1 1c81 1c82 db2 0
    4 1ca3 1ca2 1c82 1c83 db3 0
    4 1ca4 1ca3 1c83 1c84 db4 0
    4 1ca5 1ca4 1c84 1c85 db5 0
    4 1ca6 1ca5 1c85 1c86 db6 0
    4 1ca7 1ca6 1c86 1c87 db7 0
    4 1ca8 1ca7 1c87 1c88 db8 0
    4 1ca9 1ca8 1c88 1c89 db9 0
    4 1caa 1ca9 1c89 1c8a dba 0
    4 1cab 1caa 1c8a 1c8b dbb 0
    4 1cac 1cab 1c8b 1c8c dbc 0
    4 1cad 1cac 1c8c 1c8d dbd 0
    4 1cae 1cad 1c8d 1c8e dbe 0
    4 1caf 1cae 1c8e 1c8f dbf 0
    4 1cb0 1caf 1c8f 1c90 dc0 0
    4 1cb1 e9a ebb 1c91 dc1 0
    4 1cb2 1cb1 1c91 1c92 dc2 0
    4 1cb3 1cb2 1c92 1c93 dc3 0
    4 1cb4 1cb3 1c93 1c94 dc4 0
    4 1cb5 1cb4 1c94 1c95 dc5 0
    4 1cb6 1cb5 1c95 1c96 dc6 0
    4 1cb7 1cb6 1c96 1c97 dc7 0
    4 1cb8 1cb7 1c97 1c98 dc8 0
    4 1cb9 1cb8 1c98 1c99 dc9 0
    4 1cba 1cb9 1c99 1c9a dca 0
    4 1cbb 1cba 1c9a 1c9b dcb 0
    4 1cbc 1cbb 1c9b 1c9c dcc 0
    4 1cbd 1cbc 1c9c 1c9d dcd 0
    4 1cbe 1cbd 1c9d 1c9e dce 0
    4 1cbf 1cbe 1c9e 1c9f dcf 0
    4 1cc0 1cbf 1c9f 1ca0 dd0 0
    4 1cc1 1cc0 1ca0 1ca1 dd1 0
    4 1cc2 1cc1 1ca1 1ca2 dd2 0
    4 1cc3 1cc2 1ca2 1ca3 dd3 0
    4 1cc4 1cc3 1ca3 1ca4 dd4 0
    4 1cc5 1cc4 1ca4 1ca5 dd5 0
    4 1cc6 1cc5 1ca5 1ca6 dd6 0
    4 1cc7 1cc6 1ca6 1ca7 dd7 0
    4 1cc8 1cc7 1ca7 1ca8 dd8 0
    4 1cc9 1cc8 1ca8 1ca9 dd9 0
    4 1cca 1cc9 1ca9 1caa dda 0
    4 1ccb 1cca 1caa 1cab ddb 0
    4 1ccc 1ccb 1cab 1cac ddc 0
    4 1ccd 1ccc 1cac 1cad ddd 0
    4 1cce 1ccd 1cad 1cae dde 0
    4 1ccf 1cce 1cae 1caf ddf 0
    4 1cd0 1ccf 1caf 1cb0 de0 0
    4 1cd1 e79 e9a 1cb1 de1 0
    4 1cd2 1cd1 1cb1 1cb2 de2 0
    4 1cd3 1cd2 1cb2 1cb3 de3 0
    4 1cd4 1cd3 1cb3 1cb4 de4 0
    4 1cd5 1cd4 1cb4 1cb5 de5 0
    4 1cd6 1cd5 1cb5 1cb6 de6 0
    4 1cd7 1cd6 1cb6 1cb7 de7 0
    4 1cd8 1cd7 1cb7 1cb8 de8 0
    4 1cd9 1cd8 1cb8 1cb9 de9 0
    4 1cda 1cd9 1cb9 1cba dea 0
    4 1cdb 1cda 1cba 1cbb deb 0
    4 1cdc 1cdb 1cbb 1cbc dec 0
    4 1cdd 1cdc 1cbc 1cbd ded 0
    4 1cde 1cdd 1cbd 1cbe dee 0
    4 1cdf 1cde 1cbe 1cbf def 0
    4 1ce0 1cdf 1cbf 1cc0 df0 0
    4 1ce1 1ce0 1cc0 1cc1 df1 0
    4 1ce2 1ce1 1cc1 1cc2 df2 0
    4 1ce3 1ce2 1cc2 1cc3 df3 0
    4 1ce4 1ce3 1cc3 1cc4 df4 0
    4 1ce5 1ce4 1cc4 1cc5 df5 0
    4 1ce6 1ce5 1cc5 1cc6 df6 0
    4 1ce7 1ce6 1cc6 1cc7 df7 0
    4 1ce8 1ce7 1cc7 1cc8 df8 0
    4 1ce9 1ce8 1cc8 1cc9 df9 0
    4 1cea 1ce9 1cc9 1cca dfa 0
    4 1ceb 1cea 1cca 1ccb dfb 0
    4 1cec 1ceb 1ccb 1ccc dfc 0
    4 1ced 1cec 1ccc 1ccd dfd 0
    4 1cee 1ced 1ccd 1cce dfe 0
    4 1cef 1cee 1cce 1ccf dff 0
    4 1cf0 1cef 1ccf 1cd0 e00 0
    4 e9b e9a e79 e7a 1 0
    4 e9c e9b e7a e7b 2 0
    4 e9d e9c e7b e7c 3 0
    4 e9e e9d e7c e7d 4 0
    4 e9f e9e e7d e7e 5 0
    4 ea0 e9f e7e e7f 6 0
    4 ea1 ea0 e7f e80 7 0
    4 ea2 ea1 e80 e81 8 0
    4 ea3 ea2 e81 e82 9 0
    4 ea4 ea3 e82 e83 a 0
    4 ea5 ea4 e83 e84 b 0
    4 ea6 ea5 e84 e85 c 0
    4 ea7 ea6 e85 e86 d 0
    4 ea8 ea7 e86 e87 e 0
    4 ea9 ea8 e87 e88 f 0
    4 eaa ea9 e88 e89 10 0
    4 eab eaa e89 e8a 11 0
    4 eac eab e8a e8b 12 0
    4 ead eac e8b e8c 13 0
    4 eae ead e8c e8d 14 0
    4 eaf eae e8d e8e 15 0
    4 eb0 eaf e8e e8f 16 0
    4 eb1 eb0 e8f e90 17 0
    4 eb2 eb1 e90 e91 18 0
    4 eb3 eb2 e91 e92 19 0
    4 eb4 eb3 e92 e93 1a 0
    4 eb5 eb4 e93 e94 1b 0
    4 eb6 eb5 e94 e95 1c 0
    4 eb7 eb6 e95 e96 1d 0
    4 eb8 eb7 e96 e97 1e 0
    4 eb9 eb8 e97 e98 1f 0
    4 eba eb9 e98 e99 20 0
    4 ebc ebb e9a e9b 21 0
    4 ebd ebc e9b e9c 22 0
    4 ebe ebd e9c e9d 23 0
    4 ebf ebe e9d e9e 24 0
    4 ec0 ebf e9e e9f 25 0
    4 ec1 ec0 e9f ea0 26 0
    4 ec2 ec1 ea0 ea1 27 0
    4 ec3 ec2 ea1 ea2 28 0
    4 ec4 ec3 ea2 ea3 29 0
    4 ec5 ec4 ea3 ea4 2a 0
    4 ec6 ec5 ea4 ea5 2b 0
    4 ec7 ec6 ea5 ea6 2c 0
    4 ec8 ec7 ea6 ea7 2d 0
    4 ec9 ec8 ea7 ea8 2e 0
    4 eca ec9 ea8 ea9 2f 0
    4 ecb eca ea9 eaa 30 0
    4 ecc ecb eaa eab 31 0
    4 ecd ecc eab eac 32 0
    4 ece ecd eac ead 33 0
    4 ecf ece ead eae 34 0
    4 ed0 ecf eae eaf 35 0
    4 ed1 ed0 eaf eb0 36 0
    4 ed2 ed1 eb0 eb1 37 0
    4 ed3 ed2 eb1 eb2 38 0
    4 ed4 ed3 eb2 eb3 39 0
    4 ed5 ed4 eb3 eb4 3a 0
    4 ed6 ed5 eb4 eb5 3b 0
    4 ed7 ed6 eb5 eb6 3c 0
    4 ed8 ed7 eb6 eb7 3d 0
    4 ed9 ed8 eb7 eb8 3e 0
    4 eda ed9 eb8 eb9 3f 0
    4 edb eda eb9 eba 40 0
    4 edd edc ebb ebc 41 0
    4 ede edd ebc ebd 42 0
    4 edf ede ebd ebe 43 0
    4 ee0 edf ebe ebf 44 0
    4 ee1 ee0 ebf ec0 45 0
    4 ee2 ee1 ec0 ec1 46 0
    4 ee3 ee2 ec1 ec2 47 0
    4 ee4 ee3 ec2 ec3 48 0
    4 ee5 ee4 ec3 ec4 49 0
    4 ee6 ee5 ec4 ec5 4a 0
    4 ee7 ee6 ec5 ec6 4b 0
    4 ee8 ee7 ec6 ec7 4c 0
    4 ee9 ee8 ec7 ec8 4d 0
    4 eea ee9 ec8 ec9 4e 0
    4 eeb eea ec9 eca 4f 0
    4 eec eeb eca ecb 50 0
    4 eed eec ecb ecc 51 0
    4 eee eed ecc ecd 52 0
    4 eef eee ecd ece 53 0
    4 ef0 eef ece ecf 54 0
    4 ef1 ef0 ecf ed0 55 0
    4 ef2 ef1 ed0 ed1 56 0
    4 ef3 ef2 ed1 ed2 57 0
    4 ef4 ef3 ed2 ed3 58 0
    4 ef5 ef4 ed3 ed4 59 0
    4 ef6 ef5 ed4 ed5 5a 0
    4 ef7 ef6 ed5 ed6 5b 0
    4 ef8 ef7 ed6 ed7 5c 0
    4 ef9 ef8 ed7 ed8 5d 0
    4 efa ef9 ed8 ed9 5e 0
    4 efb efa ed9 eda 5f 0
    4 efc efb eda edb 60 0
    4 efe efd edc edd 61 0
    4 eff efe edd ede 62 0
    4 f00 eff ede edf 63 0
    4 f01 f00 edf ee0 64 0
    4 f02 f01 ee0 ee1 65 0
    4 f03 f02 ee1 ee2 66 0
    4 f04 f03 ee2 ee3 67 0
    4 f05 f04 ee3 ee4 68 0
    4 f06 f05 ee4 ee5 69 0
    4 f07 f06 ee5 ee6 6a 0
    4 f08 f07 ee6 ee7 6b 0
    4 f09 f08 ee7 ee8 6c 0
    4 f0a f09 ee8 ee9 6d 0
    4 f0b f0a ee9 eea 6e 0
    4 f0c f0b eea eeb 6f 0
    4 f0d f0c eeb eec 70 0
    4 f0e f0d eec eed 71 0
    4 f0f f0e eed eee 72 0
    4 f10 f0f eee eef 73 0
    4 f11 f10 eef ef0 74 0
    4 f12 f11 ef0 ef1 75 0
    4 f13 f12 ef1 ef2 76 0
    4 f14 f13 ef2 ef3 77 0
    4 f15 f14 ef3 ef4 78 0
    4 f16 f15 ef4 ef5 79 0
    4 f17 f16 ef5 ef6 7a 0
    4 f18 f17 ef6 ef7 7b 0
    4 f19 f18 ef7 ef8 7c 0
    4 f1a f19 ef8 ef9 7d 0
    4 f1b f1a ef9 efa 7e 0
    4 f1c f1b efa efb 7f 0
    4 f1d f1c efb efc 80 0
    4 f1f f1e efd efe 81 0
    4 f20 f1f efe eff 82 0
    4 f21 f20 eff f00 83 0
    4 f22 f21 f00 f01 84 0
    4 f23 f22 f01 f02 85 0
    4 f24 f23 f02 f03 86 0
    4 f25 f24 f03 f04 87 0
    4 f26 f25 f04 f05 88 0
    4 f27 f26 f05 f06 89 0
    4 f28 f27 f06 f07 8a 0
    4 f29 f28 f07 f08 8b 0
    4 f2a f29 f08 f09 8c 0
    4 f2b f2a f09 f0a 8d 0
    4 f2c f2b f0a f0b 8e 0
    4 f2d f2c f0b f0c 8f 0
    4 f2e f2d f0c f0d 90 0
    4 f2f f2e f0d f0e 91 0
    4 f30 f2f f0e f0f 92 0
    4 f31 f30 f0f f10 93 0
    4 f32 f31 f10 f11 94 0
    4 f33 f32 f11 f12 95 0
    4 f34 f33 f12 f13 96 0
    4 f35 f34 f13 f14 97 0
    4 f36 f35 f14 f15 98 0
    4 f37 f36 f15 f16 99 0
    4 f38 f37 f16 f17 9a 0
    4 f39 f38 f17 f18 9b 0
    4 f3a f39 f18 f19 9c 0
    4 f3b f3a f19 f1a 9d 0
    4 f3c f3b f1a f1b 9e 0
    4 f3d f3c f1b f1c 9f 0
    4 f3e f3d f1c f1d a0 0
    4 f40 f3f f1e f1f a1 0
    4 f41 f40 f1f f20 a2 0
    4 f42 f41 f20 f21 a3 0
    4 f43 f42 f21 f22 a4 0
    4 f44 f43 f22 f23 a5 0
    4 f45 f44 f23 f24 a6 0
    4 f46 f45 f24 f25 a7 0
    4 f47 f46 f25 f26 a8 0
    4 f48 f47 f26 f27 a9 0
    4 f49 f48 f27 f28 aa 0
    4 f4a f49 f28 f29 ab 0
    4 f4b f4a f29 f2a ac 0
    4 f4c f4b f2a f2b ad 0
    4 f4d f4c f2b f2c ae 0
    4 f4e f4d f2c f2d af 0
    4 f4f f4e f2d f2e b0 0
    4 f50 f4f f2e f2f b1 0
    4 f51 f50 f2f f30 b2 0
    4 f52 f51 f30 f31 b3 0
    4 f53 f52 f31 f32 b4 0
    4 f54 f53 f32 f33 b5 0
    4 f55 f54 f33 f34 b6 0
    4 f56 f55 f34 f35 b7 0
    4 f57 f56 f35 f36 b8 0
    4 f58 f57 f36 f37 b9 0
    4 f59 f58 f37 f38 ba 0
    4 f5a f59 f38 f39 bb 0
    4 f5b f5a f39 f3a bc 0
    4 f5c f5b f3a f3b bd 0
    4 f5d f5c f3b f3c be 0
    4 f5e f5d f3c f3d bf 0
    4 f5f f5e f3d f3e c0 0
    4 f61 f60 f3f f40 c1 0
    4 f62 f61 f40 f41 c2 0
    4 f63 f62 f41 f42 c3 0
    4 f64 f63 f42 f43 c4 0
    4 f65 f64 f43 f44 c5 0
    4 f66 f65 f44 f45 c6 0
    4 f67 f66 f45 f46 c7 0
    4 f68 f67 f46 f47 c8 0
    4 f69 f68 f47 f48 c9 0
    4 f6a f69 f48 f49 ca 0
    4 f6b f6a f49 f4a cb 0
    4 f6c f6b f4a f4b cc 0
    4 f6d f6c f4b f4c cd 0
    4 f6e f6d f4c f4d ce 0
    4 f6f f6e f4d f4e cf 0
    4 f70 f6f f4e f4f d0 0
    4 f71 f70 f4f f50 d1 0
    4 f72 f71 f50 f51 d2 0
    4 f73 f72 f51 f52 d3 0
    4 f74 f73 f52 f53 d4 0
    4 f75 f74 f53 f54 d5 0
    4 f76 f75 f54 f55 d6 0
    4 f77 f76 f55 f56 d7 0
    4 f78 f77 f56 f57 d8 0
    4 f79 f78 f57 f58 d9 0
    4 f7a f79 f58 f59 da 0
    4 f7b f7a f59 f5a db 0
    4 f7c f7b f5a f5b dc 0
    4 f7d f7c f5b f5c dd 0
    4 f7e f7d f5c f5d de 0
    4 f7f f7e f5d f5e df 0
    4 f80 f7f f5e f5f e0 0
    4 f82 f81 f60 f61 e1 0
    4 f83 f82 f61 f62 e2 0
    4 f84 f83 f62 f63 e3 0
    4 f85 f84 f63 f64 e4 0
    4 f86 f85 f64 f65 e5 0
    4 f87 f86 f65 f66 e6 0
    4 f88 f87 f66 f67 e7 0
    4 f89 f88 f67 f68 e8 0
    4 f8a f89 f68 f69 e9 0
    4 f8b f8a f69 f6a ea 0
    4 f8c f8b f6a f6b eb 0
    4 f8d f8c f6b f6c ec 0
    4 f8e f8d f6c f6d ed 0
    4 f8f f8e f6d f6e ee 0
    4 f90 f8f f6e f6f ef 0
    4 f91 f90 f6f f70 f0 0
    4 f92 f91 f70 f71 f1 0
    4 f93 f92 f71 f72 f2 0
    4 f94 f93 f72 f73 f3 0
    4 f95 f94 f73 f74 f4 0
    4 f96 f95 f74 f75 f5 0
    4 f97 f96 f75 f76 f6 0
    4 f98 f97 f76 f77 f7 0
    4 f99 f98 f77 f78 f8 0
    4 f9a f99 f78 f79 f9 0
    4 f9b f9a f79 f7a fa 0
    4 f9c f9b f7a f7b fb 0
    4 f9d f9c f7b f7c fc 0
    4 f9e f9d f7c f7d fd 0
    4 f9f f9e f7d f7e fe 0
    4 fa0 f9f f7e f7f ff 0
    4 fa1 fa0 f7f f80 100 0
    4 fa3 fa2 f81 f82 101 0
    4 fa4 fa3 f82 f83 102 0
    4 fa5 fa4 f83 f84 103 0
    4 fa6 fa5 f84 f85 104 0
    4 fa7 fa6 f85 f86 105 0
    4 fa8 fa7 f86 f87 106 0
    4 fa9 fa8 f87 f88 107 0
    4 faa fa9 f88 f89 108 0
    4 fab faa f89 f8a 109 0
    4 fac fab f8a f8b 10a 0
    4 fad fac f8b f8c 10b 0
    4 fae fad f8c f8d 10c 0
    4 faf fae f8d f8e 10d 0
    4 fb0 faf f8e f8f 10e 0
    4 fb1 fb0 f8f f90 10f 0
    4 fb2 fb1 f90 f91 110 0
    4 fb3 fb2 f91 f92 111 0
    4 fb4 fb3 f92 f93 112 0
    4 fb5 fb4 f93 f94 113 0
    4 fb6 fb5 f94 f95 114 0
    4 fb7 fb6 f95 f96 115 0
    4 fb8 fb7 f96 f97 116 0
    4 fb9 fb8 f97 f98 117 0
    4 fba fb9 f98 f99 118 0
    4 fbb fba f99 f9a 119 0
    4 fbc fbb f9a f9b 11a 0
    4 fbd fbc f9b f9c 11b 0
    4 fbe fbd f9c f9d 11c 0
    4 fbf fbe f9d f9e 11d 0
    4 fc0 fbf f9e f9f 11e 0
    4 fc1 fc0 f9f fa0 11f 0
    4 fc2 fc1 fa0 fa1 120 0
    4 fc4 fc3 fa2 fa3 121 0
    4 fc5 fc4 fa3 fa4 122 0
    4 fc6 fc5 fa4 fa5 123 0
    4 fc7 fc6 fa5 fa6 124 0
    4 fc8 fc7 fa6 fa7 125 0
    4 fc9 fc8 fa7 fa8 126 0
    4 fca fc9 fa8 fa9 127 0
    4 fcb fca fa9 faa 128 0
    4 fcc fcb faa fab 129 0
    4 fcd fcc fab fac 12a 0
    4 fce fcd fac fad 12b 0
    4 fcf fce fad fae 12c 0
    4 fd0 fcf fae faf 12d 0
    4 fd1 fd0 faf fb0 12e 0
    4 fd2 fd1 fb0 fb1 12f 0
    4 fd3 fd2 fb1 fb2 130 0
    4 fd4 fd3 fb2 fb3 131 0
    4 fd5 fd4 fb3 fb4 132 0
    4 fd6 fd5 fb4 fb5 133 0
    4 fd7 fd6 fb5 fb6 134 0
    4 fd8 fd7 fb6 fb7 135 0
    4 fd9 fd8 fb7 fb8 136 0
    4 fda fd9 fb8 fb9 137 0
    4 fdb fda fb9 fba 138 0
    4 fdc fdb fba fbb 139 0
    4 fdd fdc fbb fbc 13a 0
    4 fde fdd fbc fbd 13b 0
    4 fdf fde fbd fbe 13c 0
    4 fe0 fdf fbe fbf 13d 0
    4 fe1 fe0 fbf fc0 13e 0
    4 fe2 fe1 fc0 fc1 13f 0
    4 fe3 fe2 fc1 fc2 140 0
    4 fe5 fe4 fc3 fc4 141 0
    4 fe6 fe5 fc4 fc5 142 0
    4 fe7 fe6 fc5 fc6 143 0
    4 fe8 fe7 fc6 fc7 144 0
    4 fe9 fe8 fc7 fc8 145 0
    4 fea fe9 fc8 fc9 146 0
    4 feb fea fc9 fca 147 0
    4 fec feb fca fcb 148 0
    4 fed fec fcb fcc 149 0
    4 fee fed fcc fcd 14a 0
    4 fef fee fcd fce 14b 0
    4 ff0 fef fce fcf 14c 0
    4 ff1 ff0 fcf fd0 14d 0
    4 ff2 ff1 fd0 fd1 14e 0
    4 ff3 ff2 fd1 fd2 14f 0
    4 ff4 ff3 fd2 fd3 150 0
    4 ff5 ff4 fd3 fd4 151 0
    4 ff6 ff5 fd4 fd5 152 0
    4 ff7 ff6 fd5 fd6 153 0
    4 ff8 ff7 fd6 fd7 154 0
    4 ff9 ff8 fd7 fd8 155 0
    4 ffa ff9 fd8 fd9 156 0
    4 ffb ffa fd9 fda 157 0
    4 ffc ffb fda fdb 158 0
    4 ffd ffc fdb fdc 159 0
    4 ffe ffd fdc fdd 15a 0
    4 fff ffe fdd fde 15b 0
    4 1000 fff fde fdf 15c 0
    4 1001 1000 fdf fe0 15d 0
    4 1002 1001 fe0 fe1 15e 0
    4 1003 1002 fe1 fe2 15f 0
    4 1004 1003 fe2 fe3 160 0
    4 1006 1005 fe4 fe5 161 0
    4 1007 1006 fe5 fe6 162 0
    4 1008 1007 fe6 fe7 163 0
    4 1009 1008 fe7 fe8 164 0
    4 100a 1009 fe8 fe9 165 0
    4 100b 100a fe9 fea 166 0
    4 100c 100b fea feb 167 0
    4 100d 100c feb fec 168 0
    4 100e 100d fec fed 169 0
    4 100f 100e fed fee 16a 0
    4 1010 100f fee fef 16b 0
    4 1011 1010 fef ff0 16c 0
    4 1012 1011 ff0 ff1 16d 0
    4 1013 1012 ff1 ff2 16e 0
    4 1014 1013 ff2 ff3 16f 0
    4 1015 1014 ff3 ff4 170 0
    4 1016 1015 ff4 ff5 171 0
    4 1017 1016 ff5 ff6 172 0
    4 1018 1017 ff6 ff7 173 0
    4 1019 1018 ff7 ff8 174 0
    4 101a 1019 ff8 ff9 175 0
    4 101b 101a ff9 ffa 176 0
    4 101c 101b ffa ffb 177 0
    4 101d 101c ffb ffc 178 0
    4 101e 101d ffc ffd 179 0
    4 101f 101e ffd ffe 17a 0
    4 1020 101f ffe fff 17b 0
    4 1021 1020 fff 1000 17c 0
    4 1022 1021 1000 1001 17d 0
    4 1023 1022 1001 1002 17e 0
    4 1024 1023 1002 1003 17f 0
    4 1025 1024 1003 1004 180 0
    4 1027 1026 1005 1006 181 0
    4 1028 1027 1006 1007 182 0
    4 1029 1028 1007 1008 183 0
    4 102a 1029 1008 1009 184 0
    4 102b 102a 1009 100a 185 0
    4 102c 102b 100a 100b 186 0
    4 102d 102c 100b 100c 187 0
    4 102e 102d 100c 100d 188 0
    4 102f 102e 100d 100e 189 0
    4 1030 102f 100e 100f 18a 0
    4 1031 1030 100f 1010 18b 0
    4 1032 1031 1010 1011 18c 0
    4 1033 1032 1011 1012 18d 0
    4 1034 1033 1012 1013 18e 0
    4 1035 1034 1013 1014 18f 0
    4 1036 1035 1014 1015 190 0
    4 1037 1036 1015 1016 191 0
    4 1038 1037 1016 1017 192 0
    4 1039 1038 1017 1018 193 0
    4 103a 1039 1018 1019 194 0
    4 103b 103a 1019 101a 195 0
    4 103c 103b 101a 101b 196 0
    4 103d 103c 101b 101c 197 0
    4 103e 103d 101c 101d 198 0
    4 103f 103e 101d 101e 199 0
    4 1040 103f 101e 101f 19a 0
    4 1041 1040 101f 1020 19b 0
    4 1042 1041 1020 1021 19c 0
    4 1043 1042 1021 1022 19d 0
    4 1044 1043 1022 1023 19e 0
    4 1045 1044 1023 1024 19f 0
    4 1046 1045 1024 1025 1a0 0
    4 1048 1047 1026 1027 1a1 0
    4 1049 1048 1027 1028 1a2 0
    4 104a 1049 1028 1029 1a3 0
    4 104b 104a 1029 102a 1a4 0
    4 104c 104b 102a 102b 1a5 0
    4 104d 104c 102b 102c 1a6 0
    4 104e 104d 102c 102d 1a7 0
    4 104f 104e 102d 102e 1a8 0
    4 1050 104f 102e 102f 1a9 0
    4 1051 1050 102f 1030 1aa 0
    4 1052 1051 1030 1031 1ab 0
    4 1053 1052 1031 1032 1ac 0
    4 1054 1053 1032 1033 1ad 0
    4 1055 1054 1033 1034 1ae 0
    4 1056 1055 1034 1035 1af 0
    4 1057 1056 1035 1036 1b0 0
    4 1058 1057 1036 1037 1b1 0
    4 1059 1058 1037 1038 1b2 0
    4 105a 1059 1038 1039 1b3 0
    4 105b 105a 1039 103a 1b4 0
    4 105c 105b 103a 103b 1b5 0
    4 105d 105c 103b 103c 1b6 0
    4 105e 105d 103c 103d 1b7 0
    4 105f 105e 103d 103e 1b8 0
    4 1060 105f 103e 103f 1b9 0
    4 1061 1060 103f 1040 1ba 0
    4 1062 1061 1040 1041 1bb 0
    4 1063 1062 1041 1042 1bc 0
    4 1064 1063 1042 1043 1bd 0
    4 1065 1064 1043 1044 1be 0
    4 1066 1065 1044 1045 1bf 0
    4 1067 1066 1045 1046 1c0 0
    4 1069 1068 1047 1048 1c1 0
    4 106a 1069 1048 1049 1c2 0
    4 106b 106a 1049 104a 1c3 0
    4 106c 106b 104a 104b 1c4 0
    4 106d 106c 104b 104c 1c5 0
    4 106e 106d 104c 104d 1c6 0
    4 106f 106e 104d 104e 1c7 0
    4 1070 106f 104e 104f 1c8 0
    4 1071 1070 104f 1050 1c9 0
    4 1072 1071 1050 1051 1ca 0
    4 1073 1072 1051 1052 1cb 0
    4 1074 1073 1052 1053 1cc 0
    4 1075 1074 1053 1054 1cd 0
    4 1076 1075 1054 1055 1ce 0
    4 1077 1076 1055 1056 1cf 0
    4 1078 1077 1056 1057 1d0 0
    4 1079 1078 1057 1058 1d1 0
    4 107a 1079 1058 1059 1d2 0
    4 107b 107a 1059 105a 1d3 0
    4 107c 107b 105a 105b 1d4 0
    4 107d 107c 105b 105c 1d5 0
    4 107e 107d 105c 105d 1d6 0
    4 107f 107e 105d 105e 1d7 0
    4 1080 107f 105e 105f 1d8 0
    4 1081 1080 105f 1060 1d9 0
    4 1082 1081 1060 1061 1da 0
    4 1083 1082 1061 1062 1db 0
    4 1084 1083 1062 1063 1dc 0
    4 1085 1084 1063 1064 1dd 0
    4 1086 1085 1064 1065 1de 0
    4 1087 1086 1065 1066 1df 0
    4 1088 1087 1066 1067 1e0 0
    4 108a 1089 1068 1069 1e1 0
    4 108b 108a 1069 106a 1e2 0
    4 108c 108b 106a 106b 1e3 0
    4 108d 108c 106b 106c 1e4 0
    4 108e 108d 106c 106d 1e5 0
    4 108f 108e 106d 106e 1e6 0
    4 1090 108f 106e 106f 1e7 0
    4 1091 1090 106f 1070 1e8 0
    4 1092 1091 1070 1071 1e9 0
    4 1093 1092 1071 1072 1ea 0
    4 1094 1093 1072 1073 1eb 0
    4 1095 1094 1073 1074 1ec 0
    4 1096 1095 1074 1075 1ed 0
    4 1097 1096 1075 1076 1ee 0
    4 1098 1097 1076 1077 1ef 0
    4 1099 1098 1077 1078 1f0 0
    4 109a 1099 1078 1079 1f1 0
    4 109b 109a 1079 107a 1f2 0
    4 109c 109b 107a 107b 1f3 0
    4 109d 109c 107b 107c 1f4 0
    4 109e 109d 107c 107d 1f5 0
    4 109f 109e 107d 107e 1f6 0
    4 10a0 109f 107e 107f 1f7 0
    4 10a1 10a0 107f 1080 1f8 0
    4 10a2 10a1 1080 1081 1f9 0
    4 10a3 10a2 1081 1082 1fa 0
    4 10a4 10a3 1082 1083 1fb 0
    4 10a5 10a4 1083 1084 1fc 0
    4 10a6 10a5 1084 1085 1fd 0
    4 10a7 10a6 1085 1086 1fe 0
    4 10a8 10a7 1086 1087 1ff 0
    4 10a9 10a8 1087 1088 200 0
    4 10ab 10aa 1089 108a 201 0
    4 10ac 10ab 108a 108b 202 0
    4 10ad 10ac 108b 108c 203 0
    4 10ae 10ad 108c 108d 204 0
    4 10af 10ae 108d 108e 205 0
    4 10b0 10af 108e 108f 206 0
    4 10b1 10b0 108f 1090 207 0
    4 10b2 10b1 1090 1091 208 0
    4 10b3 10b2 1091 1092 209 0
    4 10b4 10b3 1092 1093 20a 0
    4 10b5 10b4 1093 1094 20b 0
    4 10b6 10b5 1094 1095 20c 0
    4 10b7 10b6 1095 1096 20d 0
    4 10b8 10b7 1096 1097 20e 0
    4 10b9 10b8 1097 1098 20f 0
    4 10ba 10b9 1098 1099 210 0
    4 10bb 10ba 1099 109a 211 0
    4 10bc 10bb 109a 109b 212 0
    4 10bd 10bc 109b 109c 213 0
    4 10be 10bd 109c 109d 214 0
    4 10bf 10be 109d 109e 215 0
    4 10c0 10bf 109e 109f 216 0
    4 10c1 10c0 109f 10a0 217 0
    4 10c2 10c1 10a0 10a1 218 0
    4 10c3 10c2 10a1 10a2 219 0
    4 10c4 10c3 10a2 10a3 21a 0
    4 10c5 10c4 10a3 10a4 21b 0
    4 10c6 10c5 10a4 10a5 21c 0
    4 10c7 10c6 10a5 10a6 21d 0
    4 10c8 10c7 10a6 10a7 21e 0
    4 10c9 10c8 10a7 10a8 21f 0
    4 10ca 10c9 10a8 10a9 220 0
    4 10cc 10cb 10aa 10ab 221 0
    4 10cd 10cc 10ab 10ac 222 0
    4 10ce 10cd 10ac 10ad 223 0
    4 10cf 10ce 10ad 10ae 224 0
    4 10d0 10cf 10ae 10af 225 0
    4 10d1 10d0 10af 10b0 226 0
    4 10d2 10d1 10b0 10b1 227 0
    4 10d3 10d2 10b1 10b2 228 0
    4 10d4 10d3 10b2 10b3 229 0
    4 10d5 10d4 10b3 10b4 22a 0
    4 10d6 10d5 10b4 10b5 22b 0
    4 10d7 10d6 10b5 10b6 22c 0
    4 10d8 10d7 10b6 10b7 22d 0
    4 10d9 10d8 10b7 10b8 22e 0
    4 10da 10d9 10b8 10b9 22f 0
    4 10db 10da 10b9 10ba 230 0
    4 10dc 10db 10ba 10bb 231 0
    4 10dd 10dc 10bb 10bc 232 0
    4 10de 10dd 10bc 10bd 233 0
    4 10df 10de 10bd 10be 234 0
    4 10e0 10df 10be 10bf 235 0
    4 10e1 10e0 10bf 10c0 236 0
    4 10e2 10e1 10c0 10c1 237 0
    4 10e3 10e2 10c1 10c2 238 0
    4 10e4 10e3 10c2 10c3 239 0
    4 10e5 10e4 10c3 10c4 23a 0
    4 10e6 10e5 10c4 10c5 23b 0
    4 10e7 10e6 10c5 10c6 23c 0
    4 10e8 10e7 10c6 10c7 23d 0
    4 10e9 10e8 10c7 10c8 23e 0
    4 10ea 10e9 10c8 10c9 23f 0
    4 10eb 10ea 10c9 10ca 240 0
    4 10ed 10ec 10cb 10cc 241 0
    4 10ee 10ed 10cc 10cd 242 0
    4 10ef 10ee 10cd 10ce 243 0
    4 10f0 10ef 10ce 10cf 244 0
    4 10f1 10f0 10cf 10d0 245 0
    4 10f2 10f1 10d0 10d1 246 0
    4 10f3 10f2 10d1 10d2 247 0
    4 10f4 10f3 10d2 10d3 248 0
    4 10f5 10f4 10d3 10d4 249 0
    4 10f6 10f5 10d4 10d5 24a 0
    4 10f7 10f6 10d5 10d6 24b 0
    4 10f8 10f7 10d6 10d7 24c 0
    4 10f9 10f8 10d7 10d8 24d 0
    4 10fa 10f9 10d8 10d9 24e 0
    4 10fb 10fa 10d9 10da 24f 0
    4 10fc 10fb 10da 10db 250 0
    4 10fd 10fc 10db 10dc 251 0
    4 10fe 10fd 10dc 10dd 252 0
    4 10ff 10fe 10dd 10de 253 0
    4 1100 10ff 10de 10df 254 0
    4 1101 1100 10df 10e0 255 0
    4 1102 1101 10e0 10e1 256 0
    4 1103 1102 10e1 10e2 257 0
    4 1104 1103 10e2 10e3 258 0
    4 1105 1104 10e3 10e4 259 0
    4 1106 1105 10e4 10e5 25a 0
    4 1107 1106 10e5 10e6 25b 0
    4 1108 1107 10e6 10e7 25c 0
    4 1109 1108 10e7 10e8 25d 0
    4 110a 1109 10e8 10e9 25e 0
    4 110b 110a 10e9 10ea 25f 0
    4 110c 110b 10ea 10eb 260 0
    4 110e 110d 10ec 10ed 261 0
    4 110f 110e 10ed 10ee 262 0
    4 1110 110f 10ee 10ef 263 0
    4 1111 1110 10ef 10f0 264 0
    4 1112 1111 10f0 10f1 265 0
    4 1113 1112 10f1 10f2 266 0
    4 1114 1113 10f2 10f3 267 0
    4 1115 1114 10f3 10f4 268 0
    4 1116 1115 10f4 10f5 269 0
    4 1117 1116 10f5 10f6 26a 0
    4 1118 1117 10f6 10f7 26b 0
    4 1119 1118 10f7 10f8 26c 0
    4 111a 1119 10f8 10f9 26d 0
    4 111b 111a 10f9 10fa 26e 0
    4 111c 111b 10fa 10fb 26f 0
    4 111d 111c 10fb 10fc 270 0
    4 111e 111d 10fc 10fd 271 0
    4 111f 111e 10fd 10fe 272 0
    4 1120 111f 10fe 10ff 273 0
    4 1121 1120 10ff 1100 274 0
    4 1122 1121 1100 1101 275 0
    4 1123 1122 1101 1102 276 0
    4 1124 1123 1102 1103 277 0
    4 1125 1124 1103 1104 278 0
    4 1126 1125 1104 1105 279 0
    4 1127 1126 1105 1106 27a 0
    4 1128 1127 1106 1107 27b 0
    4 1129 1128 1107 1108 27c 0
    4 112a 1129 1108 1109 27d 0
    4 112b 112a 1109 110a 27e 0
    4 112c 112b 110a 110b 27f 0
    4 112d 112c 110b 110c 280 0
    4 112f 112e 110d 110e 281 0
    4 1130 112f 110e 110f 282 0
    4 1131 1130 110f 1110 283 0
    4 1132 1131 1110 1111 284 0
    4 1133 1132 1111 1112 285 0
    4 1134 1133 1112 1113 286 0
    4 1135 1134 1113 1114 287 0
    4 1136 1135 1114 1115 288 0
    4 1137 1136 1115 1116 289 0
    4 1138 1137 1116 1117 28a 0
    4 1139 1138 1117 1118 28b 0
    4 113a 1139 1118 1119 28c 0
    4 113b 113a 1119 111a 28d 0
    4 113c 113b 111a 111b 28e 0
    4 113d 113c 111b 111c 28f 0
    4 113e 113d 111c 111d 290 0
    4 113f 113e 111d 111e 291 0
    4 1140 113f 111e 111f 292 0
    4 1141 1140 111f 1120 293 0
    4 1142 1141 1120 1121 294 0
    4 1143 1142 1121 1122 295 0
    4 1144 1143 1122 1123 296 0
    4 1145 1144 1123 1124 297 0
    4 1146 1145 1124 1125 298 0
    4 1147 1146 1125 1126 299 0
    4 1148 1147 1126 1127 29a 0
    4 1149 1148 1127 1128 29b 0
    4 114a 1149 1128 1129 29c 0
    4 114b 114a 1129 112a 29d 0
    4 114c 114b 112a 112b 29e 0
    4 114d 114c 112b 112c 29f 0
    4 114e 114d 112c 112d 2a0 0
    4 1150 114f 112e 112f 2a1 0
    4 1151 1150 112f 1130 2a2 0
    4 1152 1151 1130 1131 2a3 0
    4 1153 1152 1131 1132 2a4 0
    4 1154 1153 1132 1133 2a5 0
    4 1155 1154 1133 1134 2a6 0
    4 1156 1155 1134 1135 2a7 0
    4 1157 1156 1135 1136 2a8 0
    4 1158 1157 1136 1137 2a9 0
    4 1159 1158 1137 1138 2aa 0
    4 115a 1159 1138 1139 2ab 0
    4 115b 115a 1139 113a 2ac 0
    4 115c 115b 113a 113b 2ad 0
    4 115d 115c 113b 113c 2ae 0
    4 115e 115d 113c 113d 2af 0
    4 115f 115e 113d 113e 2b0 0
    4 1160 115f 113e 113f 2b1 0
    4 1161 1160 113f 1140 2b2 0
    4 1162 1161 1140 1141 2b3 0
    4 1163 1162 1141 1142 2b4 0
    4 1164 1163 1142 1143 2b5 0
    4 1165 1164 1143 1144 2b6 0
    4 1166 1165 1144 1145 2b7 0
    4 1167 1166 1145 1146 2b8 0
    4 1168 1167 1146 1147 2b9 0
    4 1169 1168 1147 1148 2ba 0
    4 116a 1169 1148 1149 2bb 0
    4 116b 116a 1149 114a 2bc 0
    4 116c 116b 114a 114b 2bd 0
    4 116d 116c 114b 114c 2be 0
    4 116e 116d 114c 114d 2bf 0
    4 116f 116e 114d 114e 2c0 0
    4 1171 1170 114f 1150 2c1 0
    4 1172 1171 1150 1151 2c2 0
    4 1173 1172 1151 1152 2c3 0
    4 1174 1173 1152 1153 2c4 0
    4 1175 1174 1153 1154 2c5 0
    4 1176 1175 1154 1155 2c6 0
    4 1177 1176 1155 1156 2c7 0
    4 1178 1177 1156 1157 2c8 0
    4 1179 1178 1157 1158 2c9 0
    4 117a 1179 1158 1159 2ca 0
    4 117b 117a 1159 115a 2cb 0
    4 117c 117b 115a 115b 2cc 0
    4 117d 117c 115b 115c 2cd 0
    4 117e 117d 115c 115d 2ce 0
    4 117f 117e 115d 115e 2cf 0
    4 1180 117f 115e 115f 2d0 0
    4 1181 1180 115f 1160 2d1 0
    4 1182 1181 1160 1161 2d2 0
    4 1183 1182 1161 1162 2d3 0
    4 1184 1183 1162 1163 2d4 0
    4 1185 1184 1163 1164 2d5 0
    4 1186 1185 1164 1165 2d6 0
    4 1187 1186 1165 1166 2d7 0
    4 1188 1187 1166 1167 2d8 0
    4 1189 1188 1167 1168 2d9 0
    4 118a 1189 1168 1169 2da 0
    4 118b 118a 1169 116a 2db 0
    4 118c 118b 116a 116b 2dc 0
    4 118d 118c 116b 116c 2dd 0
    4 118e 118d 116c 116d 2de 0
    4 118f 118e 116d 116e 2df 0
    4 1190 118f 116e 116f 2e0 0
    4 1192 1191 1170 1171 2e1 0
    4 1193 1192 1171 1172 2e2 0
    4 1194 1193 1172 1173 2e3 0
    4 1195 1194 1173 1174 2e4 0
    4 1196 1195 1174 1175 2e5 0
    4 1197 1196 1175 1176 2e6 0
    4 1198 1197 1176 1177 2e7 0
    4 1199 1198 1177 1178 2e8 0
    4 119a 1199 1178 1179 2e9 0
    4 119b 119a 1179 117a 2ea 0
    4 119c 119b 117a 117b 2eb 0
    4 119d 119c 117b 117c 2ec 0
    4 119e 119d 117c 117d 2ed 0
    4 119f 119e 117d 117e 2ee 0
    4 11a0 119f 117e 117f 2ef 0
    4 11a1 11a0 117f 1180 2f0 0
    4 11a2 11a1 1180 1181 2f1 0
    4 11a3 11a2 1181 1182 2f2 0
    4 11a4 11a3 1182 1183 2f3 0
    4 11a5 11a4 1183 1184 2f4 0
    4 11a6 11a5 1184 1185 2f5 0
    4 11a7 11a6 1185 1186 2f6 0
    4 11a8 11a7 1186 1187 2f7 0
    4 11a9 11a8 1187 1188 2f8 0
    4 11aa 11a9 1188 1189 2f9 0
    4 11ab 11aa 1189 118a 2fa 0
    4 11ac 11ab 118a 118b 2fb 0
    4 11ad 11ac 118b 118c 2fc 0
    4 11ae 11ad 118c 118d 2fd 0
    4 11af 11ae 118d 118e 2fe 0
    4 11b0 11af 118e 118f 2ff 0
    4 11b1 11b0 118f 1190 300 0
    4 11b3 11b2 1191 1192 301 0
    4 11b4 11b3 1192 1193 302 0
    4 11b5 11b4 1193 1194 303 0
    4 11b6 11b5 1194 1195 304 0
    4 11b7 11b6 1195 1196 305 0
    4 11b8 11b7 1196 1197 306 0
    4 11b9 11b8 1197 1198 307 0
    4 11ba 11b9 1198 1199 308 0
    4 11bb 11ba 1199 119a 309 0
    4 11bc 11bb 119a 119b 30a 0
    4 11bd 11bc 119b 119c 30b 0
    4 11be 11bd 119c 119d 30c 0
    4 11bf 11be 119d 119e 30d 0
    4 11c0 11bf 119e 119f 30e 0
    4 11c1 11c0 119f 11a0 30f 0
    4 11c2 11c1 11a0 11a1 310 0
    4 11c3 11c2 11a1 11a2 311 0
    4 11c4 11c3 11a2 11a3 312 0
    4 11c5 11c4 11a3 11a4 313 0
    4 11c6 11c5 11a4 11a5 314 0
    4 11c7 11c6 11a5 11a6 315 0
    4 11c8 11c7 11a6 11a7 316 0
    4 11c9 11c8 11a7 11a8 317 0
    4 11ca 11c9 11a8 11a9 318 0
    4 11cb 11ca 11a9 11aa 319 0
    4 11cc 11cb 11aa 11ab 31a 0
    4 11cd 11cc 11ab 11ac 31b 0
    4 11ce 11cd 11ac 11ad 31c 0
    4 11cf 11ce 11ad 11ae 31d 0
    4 11d0 11cf 11ae 11af 31e 0
    4 11d1 11d0 11af 11b0 31f 0
    4 11d2 11d1 11b0 11b1 320 0
    4 11d4 11d3 11b2 11b3 321 0
    4 11d5 11d4 11b3 11b4 322 0
    4 11d6 11d5 11b4 11b5 323 0
    4 11d7 11d6 11b5 11b6 324 0
    4 11d8 11d7 11b6 11b7 325 0
    4 11d9 11d8 11b7 11b8 326 0
    4 11da 11d9 11b8 11b9 327 0
    4 11db 11da 11b9 11ba 328 0
    4 11dc 11db 11ba 11bb 329 0
    4 11dd 11dc 11bb 11bc 32a 0
    4 11de 11dd 11bc 11bd 32b 0
    4 11df 11de 11bd 11be 32c 0
    4 11e0 11df 11be 11bf 32d 0
    4 11e1 11e0 11bf 11c0 32e 0
    4 11e2 11e1 11c0 11c1 32f 0
    4 11e3 11e2 11c1 11c2 330 0
    4 11e4 11e3 11c2 11c3 331 0
    4 11e5 11e4 11c3 11c4 332 0
    4 11e6 11e5 11c4 11c5 333 0
    4 11e7 11e6 11c5 11c6 334 0
    4 11e8 11e7 11c6 11c7 335 0
    4 11e9 11e8 11c7 11c8 336 0
    4 11ea 11e9 11c8 11c9 337 0
    4 11eb 11ea 11c9 11ca 338 0
    4 11ec 11eb 11ca 11cb 339 0
    4 11ed 11ec 11cb 11cc 33a 0
    4 11ee 11ed 11cc 11cd 33b 0
    4 11ef 11ee 11cd 11ce 33c 0
    4 11f0 11ef 11ce 11cf 33d 0
    4 11f1 11f0 11cf 11d0 33e 0
    4 11f2 11f1 11d0 11d1 33f 0
    4 11f3 11f2 11d1 11d2 340 0
    4 11f5 11f4 11d3 11d4 341 0
    4 11f6 11f5 11d4 11d5 342 0
    4 11f7 11f6 11d5 11d6 343 0
    4 11f8 11f7 11d6 11d7 344 0
    4 11f9 11f8 11d7 11d8 345 0
    4 11fa 11f9 11d8 11d9 346 0
    4 11fb 11fa 11d9 11da 347 0
    4 11fc 11fb 11da 11db 348 0
    4 11fd 11fc 11db 11dc 349 0
    4 11fe 11fd 11dc 11dd 34a 0
    4 11ff 11fe 11dd 11de 34b 0
    4 1200 11ff 11de 11df 34c 0
    4 1201 1200 11df 11e0 34d 0
    4 1202 1201 11e0 11e1 34e 0
    4 1203 1202 11e1 11e2 34f 0
    4 1204 1203 11e2 11e3 350 0
    4 1205 1204 11e3 11e4 351 0
    4 1206 1205 11e4 11e5 352 0
    4 1207 1206 11e5 11e6 353 0
    4 1208 1207 11e6 11e7 354 0
    4 1209 1208 11e7 11e8 355 0
    4 120a 1209 11e8 11e9 356 0
    4 120b 120a 11e9 11ea 357 0
    4 120c 120b 11ea 11eb 358 0
    4 120d 120c 11eb 11ec 359 0
    4 120e 120d 11ec 11ed 35a 0
    4 120f 120e 11ed 11ee 35b 0
    4 1210 120f 11ee 11ef 35c 0
    4 1211 1210 11ef 11f0 35d 0
    4 1212 1211 11f0 11f1 35e 0
    4 1213 1212 11f1 11f2 35f 0
    4 1214 1213 11f2 11f3 360 0
    4 1216 1215 11f4 11f5 361 0
    4 1217 1216 11f5 11f6 362 0
    4 1218 1217 11f6 11f7 363 0
    4 1219 1218 11f7 11f8 364 0
    4 121a 1219 11f8 11f9 365 0
    4 121b 121a 11f9 11fa 366 0
    4 121c 121b 11fa 11fb 367 0
    4 121d 121c 11fb 11fc 368 0
    4 121e 121d 11fc 11fd 369 0
    4 121f 121e 11fd 11fe 36a 0
    4 1220 121f 11fe 11ff 36b 0
    4 1221 1220 11ff 1200 36c 0
    4 1222 1221 1200 1201 36d 0
    4 1223 1222 1201 1202 36e 0
    4 1224 1223 1202 1203 36f 0
    4 1225 1224 1203 1204 370 0
    4 1226 1225 1204 1205 371 0
    4 1227 1226 1205 1206 372 0
    4 1228 1227 1206 1207 373 0
    4 1229 1228 1207 1208 374 0
    4 122a 1229 1208 1209 375 0
    4 122b 122a 1209 120a 376 0
    4 122c 122b 120a 120b 377 0
    4 122d 122c 120b 120c 378 0
    4 122e 122d 120c 120d 379 0
    4 122f 122e 120d 120e 37a 0
    4 1230 122f 120e 120f 37b 0
    4 1231 1230 120f 1210 37c 0
    4 1232 1231 1210 1211 37d 0
    4 1233 1232 1211 1212 37e 0
    4 1234 1233 1212 1213 37f 0
    4 1235 1234 1213 1214 380 0
    4 1237 1236 1215 1216 381 0
    4 1238 1237 1216 1217 382 0
    4 1239 1238 1217 1218 383 0
    4 123a 1239 1218 1219 384 0
    4 123b 123a 1219 121a 385 0
    4 123c 123b 121a 121b 386 0
    4 123d 123c 121b 121c 387 0
    4 123e 123d 121c 121d 388 0
    4 123f 123e 121d 121e 389 0
    4 1240 123f 121e 121f 38a 0
    4 1241 1240 121f 1220 38b 0
    4 1242 1241 1220 1221 38c 0
    4 1243 1242 1221 1222 38d 0
    4 1244 1243 1222 1223 38e 0
    4 1245 1244 1223 1224 38f 0
    4 1246 1245 1224 1225 390 0
    4 1247 1246 1225 1226 391 0
    4 1248 1247 1226 1227 392 0
    4 1249 1248 1227 1228 393 0
    4 124a 1249 1228 1229 394 0
    4 124b 124a 1229 122a 395 0
    4 124c 124b 122a 122b 396 0
    4 124d 124c 122b 122c 397 0
    4 124e 124d 122c 122d 398 0
    4 124f 124e 122d 122e 399 0
    4 1250 124f 122e 122f 39a 0
    4 1251 1250 122f 1230 39b 0
    4 1252 1251 1230 1231 39c 0
    4 1253 1252 1231 1232 39d 0
    4 1254 1253 1232 1233 39e 0
    4 1255 1254 1233 1234 39f 0
    4 1256 1255 1234 1235 3a0 0
    4 1258 1257 1236 1237 3a1 0
    4 1259 1258 1237 1238 3a2 0
    4 125a 1259 1238 1239 3a3 0
    4 125b 125a 1239 123a 3a4 0
    4 125c 125b 123a 123b 3a5 0
    4 125d 125c 123b 123c 3a6 0
    4 125e 125d 123c 123d 3a7 0
    4 125f 125e 123d 123e 3a8 0
    4 1260 125f 123e 123f 3a9 0
    4 1261 1260 123f 1240 3aa 0
    4 1262 1261 1240 1241 3ab 0
    4 1263 1262 1241 1242 3ac 0
    4 1264 1263 1242 1243 3ad 0
    4 1265 1264 1243 1244 3ae 0
    4 1266 1265 1244 1245 3af 0
    4 1267 1266 1245 1246 3b0 0
    4 1268 1267 1246 1247 3b1 0
    4 1269 1268 1247 1248 3b2 0
    4 126a 1269 1248 1249 3b3 0
    4 126b 126a 1249 124a 3b4 0
    4 126c 126b 124a 124b 3b5 0
    4 126d 126c 124b 124c 3b6 0
    4 126e 126d 124c 124d 3b7 0
    4 126f 126e 124d 124e 3b8 0
    4 1270 126f 124e 124f 3b9 0
    4 1271 1270 124f 1250 3ba 0
    4 1272 1271 1250 1251 3bb 0
    4 1273 1272 1251 1252 3bc 0
    4 1274 1273 1252 1253 3bd 0
    4 1275 1274 1253 1254 3be 0
    4 1276 1275 1254 1255 3bf 0
    4 1277 1276 1255 1256 3c0 0
    4 1279 1278 1257 1258 3c1 0
    4 127a 1279 1258 1259 3c2 0
    4 127b 127a 1259 125a 3c3 0
    4 127c 127b 125a 125b 3c4 0
    4 127d 127c 125b 125c 3c5 0
    4 127e 127d 125c 125d 3c6 0
    4 127f 127e 125d 125e 3c7 0
    4 1280 127f 125e 125f 3c8 0
    4 1281 1280 125f 1260 3c9 0
    4 1282 1281 1260 1261 3ca 0
    4 1283 1282 1261 1262 3cb 0
    4 1284 1283 1262 1263 3cc 0
    4 1285 1284 1263 1264 3cd 0
    4 1286 1285 1264 1265 3ce 0
    4 1287 1286 1265 1266 3cf 0
    4 1288 1287 1266 1267 3d0 0
    4 1289 1288 1267 1268 3d1 0
    4 128a 1289 1268 1269 3d2 0
    4 128b 128a 1269 126a 3d3 0
    4 128c 128b 126a 126b 3d4 0
    4 128d 128c 126b 126c 3d5 0
    4 128e 128d 126c 126d 3d6 0
    4 128f 128e 126d 126e 3d7 0
    4 1290 128f 126e 126f 3d8 0
    4 1291 1290 126f 1270 3d9 0
    4 1292 1291 1270 1271 3da 0
    4 1293 1292 1271 1272 3db 0
    4 1294 1293 1272 1273 3dc 0
    4 1295 1294 1273 1274 3dd 0
    4 1296 1295 1274 1275 3de 0
    4 1297 1296 1275 1276 3df 0
    4 1298 1297 1276 1277 3e0 0
    4 129a 1299 1278 1279 3e1 0
    4 129b 129a 1279 127a 3e2 0
    4 129c 129b 127a 127b 3e3 0
    4 129d 129c 127b 127c 3e4 0
    4 129e 129d 127c 127d 3e5 0
    4 129f 129e 127d 127e 3e6 0
    4 12a0 129f 127e 127f 3e7 0
    4 12a1 12a0 127f 1280 3e8 0
    4 12a2 12a1 1280 1281 3e9 0
    4 12a3 12a2 1281 1282 3ea 0
    4 12a4 12a3 1282 1283 3eb 0
    4 12a5 12a4 1283 1284 3ec 0
    4 12a6 12a5 1284 1285 3ed 0
    4 12a7 12a6 1285 1286 3ee 0
    4 12a8 12a7 1286 1287 3ef 0
    4 12a9 12a8 1287 1288 3f0 0
    4 12aa 12a9 1288 1289 3f1 0
    4 12ab 12aa 1289 128a 3f2 0
    4 12ac 12ab 128a 128b 3f3 0
    4 12ad 12ac 128b 128c 3f4 0
    4 12ae 12ad 128c 128d 3f5 0
    4 12af 12ae 128d 128e 3f6 0
    4 12b0 12af 128e 128f 3f7 0
    4 12b1 12b0 128f 1290 3f8 0
    4 12b2 12b1 1290 1291 3f9 0
    4 12b3 12b2 1291 1292 3fa 0
    4 12b4 12b3 1292 1293 3fb 0
    4 12b5 12b4 1293 1294 3fc 0
    4 12b6 12b5 1294 1295 3fd 0
    4 12b7 12b6 1295 1296 3fe 0
    4 12b8 12b7 1296 1297 3ff 0
    4 12b9 12b8 1297 1298 400 0
    4 12bb 12ba 1299 129a 401 0
    4 12bc 12bb 129a 129b 402 0
    4 12bd 12bc 129b 129c 403 0
    4 12be 12bd 129c 129d 404 0
    4 12bf 12be 129d 129e 405 0
    4 12c0 12bf 129e 129f 406 0
    4 12c1 12c0 129f 12a0 407 0
    4 12c2 12c1 12a0 12a1 408 0
    4 12c3 12c2 12a1 12a2 409 0
    4 12c4 12c3 12a2 12a3 40a 0
    4 12c5 12c4 12a3 12a4 40b 0
    4 12c6 12c5 12a4 12a5 40c 0
    4 12c7 12c6 12a5 12a6 40d 0
    4 12c8 12c7 12a6 12a7 40e 0
    4 12c9 12c8 12a7 12a8 40f 0
    4 12ca 12c9 12a8 12a9 410 0
    4 12cb 12ca 12a9 12aa 411 0
    4 12cc 12cb 12aa 12ab 412 0
    4 12cd 12cc 12ab 12ac 413 0
    4 12ce 12cd 12ac 12ad 414 0
    4 12cf 12ce 12ad 12ae 415 0
    4 12d0 12cf 12ae 12af 416 0
    4 12d1 12d0 12af 12b0 417 0
    4 12d2 12d1 12b0 12b1 418 0
    4 12d3 12d2 12b1 12b2 419 0
    4 12d4 12d3 12b2 12b3 41a 0
    4 12d5 12d4 12b3 12b4 41b 0
    4 12d6 12d5 12b4 12b5 41c 0
    4 12d7 12d6 12b5 12b6 41d 0
    4 12d8 12d7 12b6 12b7 41e 0
    4 12d9 12d8 12b7 12b8 41f 0
    4 12da 12d9 12b8 12b9 420 0
    4 12dc 12db 12ba 12bb 421 0
    4 12dd 12dc 12bb 12bc 422 0
    4 12de 12dd 12bc 12bd 423 0
    4 12df 12de 12bd 12be 424 0
    4 12e0 12df 12be 12bf 425 0
    4 12e1 12e0 12bf 12c0 426 0
    4 12e2 12e1 12c0 12c1 427 0
    4 12e3 12e2 12c1 12c2 428 0
    4 12e4 12e3 12c2 12c3 429 0
    4 12e5 12e4 12c3 12c4 42a 0
    4 12e6 12e5 12c4 12c5 42b 0
    4 12e7 12e6 12c5 12c6 42c 0
    4 12e8 12e7 12c6 12c7 42d 0
    4 12e9 12e8 12c7 12c8 42e 0
    4 12ea 12e9 12c8 12c9 42f 0
    4 12eb 12ea 12c9 12ca 430 0
    4 12ec 12eb 12ca 12cb 431 0
    4 12ed 12ec 12cb 12cc 432 0
    4 12ee 12ed 12cc 12cd 433 0
    4 12ef 12ee 12cd 12ce 434 0
    4 12f0 12ef 12ce 12cf 435 0
    4 12f1 12f0 12cf 12d0 436 0
    4 12f2 12f1 12d0 12d1 437 0
    4 12f3 12f2 12d1 12d2 438 0
    4 12f4 12f3 12d2 12d3 439 0
    4 12f5 12f4 12d3 12d4 43a 0
    4 12f6 12f5 12d4 12d5 43b 0
    4 12f7 12f6 12d5 12d6 43c 0
    4 12f8 12f7 12d6 12d7 43d 0
    4 12f9 12f8 12d7 12d8 43e 0
    4 12fa 12f9 12d8 12d9 43f 0
    4 12fb 12fa 12d9 12da 440 0
    4 12fd 12fc 12db 12dc 441 0
    4 12fe 12fd 12dc 12dd 442 0
    4 12ff 12fe 12dd 12de 443 0
    4 1300 12ff 12de 12df 444 0
    4 1301 1300 12df 12e0 445 0
    4 1302 1301 12e0 12e1 446 0
    4 1303 1302 12e1 12e2 447 0
    4 1304 1303 12e2 12e3 448 0
    4 1305 1304 12e3 12e4 449 0
    4 1306 1305 12e4 12e5 44a 0
    4 1307 1306 12e5 12e6 44b 0
    4 1308 1307 12e6 12e7 44c 0
    4 1309 1308 12e7 12e8 44d 0
    4 130a 1309 12e8 12e9 44e 0
    4 130b 130a 12e9 12ea 44f 0
    4 130c 130b 12ea 12eb 450 0
    4 130d 130c 12eb 12ec 451 0
    4 130e 130d 12ec 12ed 452 0
    4 130f 130e 12ed 12ee 453 0
    4 1310 130f 12ee 12ef 454 0
    4 1311 1310 12ef 12f0 455 0
    4 1312 1311 12f0 12f1 456 0
    4 1313 1312 12f1 12f2 457 0
    4 1314 1313 12f2 12f3 458 0
    4 1315 1314 12f3 12f4 459 0
    4 1316 1315 12f4 12f5 45a 0
    4 1317 1316 12f5 12f6 45b 0
    4 1318 1317 12f6 12f7 45c 0
    4 1319 1318 12f7 12f8 45d 0
    4 131a 1319 12f8 12f9 45e 0
    4 131b 131a 12f9 12fa 45f 0
    4 131c 131b 12fa 12fb 460 0
    4 131e 131d 12fc 12fd 461 0
    4 131f 131e 12fd 12fe 462 0
    4 1320 131f 12fe 12ff 463 0
    4 1321 1320 12ff 1300 464 0
    4 1322 1321 1300 1301 465 0
    4 1323 1322 1301 1302 466 0
    4 1324 1323 1302 1303 467 0
    4 1325 1324 1303 1304 468 0
    4 1326 1325 1304 1305 469 0
    4 1327 1326 1305 1306 46a 0
    4 1328 1327 1306 1307 46b 0
    4 1329 1328 1307 1308 46c 0
    4 132a 1329 1308 1309 46d 0
    4 132b 132a 1309 130a 46e 0
    4 132c 132b 130a 130b 46f 0
    4 132d 132c 130b 130c 470 0
    4 132e 132d 130c 130d 471 0
    4 132f 132e 130d 130e 472 0
    4 1330 132f 130e 130f 473 0
    4 1331 1330 130f 1310 474 0
    4 1332 1331 1310 1311 475 0
    4 1333 1332 1311 1312 476 0
    4 1334 1333 1312 1313 477 0
    4 1335 1334 1313 1314 478 0
    4 1336 1335 1314 1315 479 0
    4 1337 1336 1315 1316 47a 0
    4 1338 1337 1316 1317 47b 0
    4 1339 1338 1317 1318 47c 0
    4 133a 1339 1318 1319 47d 0
    4 133b 133a 1319 131a 47e 0
    4 133c 133b 131a 131b 47f 0
    4 133d 133c 131b 131c 480 0
    4 133f 133e 131d 131e 481 0
    4 1340 133f 131e 131f 482 0
    4 1341 1340 131f 1320 483 0
    4 1342 1341 1320 1321 484 0
    4 1343 1342 1321 1322 485 0
    4 1344 1343 1322 1323 486 0
    4 1345 1344 1323 1324 487 0
    4 1346 1345 1324 1325 488 0
    4 1347 1346 1325 1326 489 0
    4 1348 1347 1326 1327 48a 0
    4 1349 1348 1327 1328 48b 0
    4 134a 1349 1328 1329 48c 0
    4 134b 134a 1329 132a 48d 0
    4 134c 134b 132a 132b 48e 0
    4 134d 134c 132b 132c 48f 0
    4 134e 134d 132c 132d 490 0
    4 134f 134e 132d 132e 491 0
    4 1350 134f 132e 132f 492 0
    4 1351 1350 132f 1330 493 0
    4 1352 1351 1330 1331 494 0
    4 1353 1352 1331 1332 495 0
    4 1354 1353 1332 1333 496 0
    4 1355 1354 1333 1334 497 0
    4 1356 1355 1334 1335 498 0
    4 1357 1356 1335 1336 499 0
    4 1358 1357 1336 1337 49a 0
    4 1359 1358 1337 1338 49b 0
    4 135a 1359 1338 1339 49c 0
    4 135b 135a 1339 133a 49d 0
    4 135c 135b 133a 133b 49e 0
    4 135d 135c 133b 133c 49f 0
    4 135e 135d 133c 133d 4a0 0
    4 1360 135f 133e 133f 4a1 0
    4 1361 1360 133f 1340 4a2 0
    4 1362 1361 1340 1341 4a3 0
    4 1363 1362 1341 1342 4a4 0
    4 1364 1363 1342 1343 4a5 0
    4 1365 1364 1343 1344 4a6 0
    4 1366 1365 1344 1345 4a7 0
    4 1367 1366 1345 1346 4a8 0
    4 1368 1367 1346 1347 4a9 0
    4 1369 1368 1347 1348 4aa 0
    4 136a 1369 1348 1349 4ab 0
    4 136b 136a 1349 134a 4ac 0
    4 136c 136b 134a 134b 4ad 0
    4 136d 136c 134b 134c 4ae 0
    4 136e 136d 134c 134d 4af 0
    4 136f 136e 134d 134e 4b0 0
    4 1370 136f 134e 134f 4b1 0
    4 1371 1370 134f 1350 4b2 0
    4 1372 1371 1350 1351 4b3 0
    4 1373 1372 1351 1352 4b4 0
    4 1374 1373 1352 1353 4b5 0
    4 1375 1374 1353 1354 4b6 0
    4 1376 1375 1354 1355 4b7 0
    4 1377 1376 1355 1356 4b8 0
    4 1378 1377 1356 1357 4b9 0
    4 1379 1378 1357 1358 4ba 0
    4 137a 1379 1358 1359 4bb 0
    4 137b 137a 1359 135a 4bc 0
    4 137c 137b 135a 135b 4bd 0
    4 137d 137c 135b 135c 4be 0
    4 137e 137d 135c 135d 4bf 0
    4 137f 137e 135d 135e 4c0 0
    4 1381 1380 135f 1360 4c1 0
    4 1382 1381 1360 1361 4c2 0
    4 1383 1382 1361 1362 4c3 0
    4 1384 1383 1362 1363 4c4 0
    4 1385 1384 1363 1364 4c5 0
    4 1386 1385 1364 1365 4c6 0
    4 1387 1386 1365 1366 4c7 0
    4 1388 1387 1366 1367 4c8 0
    4 1389 1388 1367 1368 4c9 0
    4 138a 1389 1368 1369 4ca 0
    4 138b 138a 1369 136a 4cb 0
    4 138c 138b 136a 136b 4cc 0
    4 138d 138c 136b 136c 4cd 0
    4 138e 138d 136c 136d 4ce 0
    4 138f 138e 136d 136e 4cf 0
    4 1390 138f 136e 136f 4d0 0
    4 1391 1390 136f 1370 4d1 0
    4 1392 1391 1370 1371 4d2 0
    4 1393 1392 1371 1372 4d3 0
    4 1394 1393 1372 1373 4d4 0
    4 1395 1394 1373 1374 4d5 0
    4 1396 1395 1374 1375 4d6 0
    4 1397 1396 1375 1376 4d7 0
    4 1398 1397 1376 1377 4d8 0
    4 1399 1398 1377 1378 4d9 0
    4 139a 1399 1378 1379 4da 0
    4 139b 139a 1379 137a 4db 0
    4 139c 139b 137a 137b 4dc 0
    4 139d 139c 137b 137c 4dd 0
    4 139e 139d 137c 137d 4de 0
    4 139f 139e 137d 137e 4df 0
    4 13a0 139f 137e 137f 4e0 0
    4 13a2 13a1 1380 1381 4e1 0
    4 13a3 13a2 1381 1382 4e2 0
    4 13a4 13a3 1382 1383 4e3 0
    4 13a5 13a4 1383 1384 4e4 0
    4 13a6 13a5 1384 1385 4e5 0
    4 13a7 13a6 1385 1386 4e6 0
    4 13a8 13a7 1386 1387 4e7 0
    4 13a9 13a8 1387 1388 4e8 0
    4 13aa 13a9 1388 1389 4e9 0
    4 13ab 13aa 1389 138a 4ea 0
    4 13ac 13ab 138a 138b 4eb 0
    4 13ad 13ac 138b 138c 4ec 0
    4 13ae 13ad 138c 138d 4ed 0
    4 13af 13ae 138d 138e 4ee 0
    4 13b0 13af 138e 138f 4ef 0
    4 13b1 13b0 138f 1390 4f0 0
    4 13b2 13b1 1390 1391 4f1 0
    4 13b3 13b2 1391 1392 4f2 0
    4 13b4 13b3 1392 1393 4f3 0
    4 13b5 13b4 1393 1394 4f4 0
    4 13b6 13b5 1394 1395 4f5 0
    4 13b7 13b6 1395 1396 4f6 0
    4 13b8 13b7 1396 1397 4f7 0
    4 13b9 13b8 1397 1398 4f8 0
    4 13ba 13b9 1398 1399 4f9 0
    4 13bb 13ba 1399 139a 4fa 0
    4 13bc 13bb 139a 139b 4fb 0
    4 13bd 13bc 139b 139c 4fc 0
    4 13be 13bd 139c 139d 4fd 0
    4 13bf 13be 139d 139e 4fe 0
    4 13c0 13bf 139e 139f 4ff 0
    4 13c1 13c0 139f 13a0 500 0
    4 13c3 13c2 13a1 13a2 501 0
    4 13c4 13c3 13a2 13a3 502 0
    4 13c5 13c4 13a3 13a4 503 0
    4 13c6 13c5 13a4 13a5 504 0
    4 13c7 13c6 13a5 13a6 505 0
    4 13c8 13c7 13a6 13a7 506 0
    4 13c9 13c8 13a7 13a8 507 0
    4 13ca 13c9 13a8 13a9 508 0
    4 13cb 13ca 13a9 13aa 509 0
    4 13cc 13cb 13aa 13ab 50a 0
    4 13cd 13cc 13ab 13ac 50b 0
    4 13ce 13cd 13ac 13ad 50c 0
    4 13cf 13ce 13ad 13ae 50d 0
    4 13d0 13cf 13ae 13af 50e 0
    4 13d1 13d0 13af 13b0 50f 0
    4 13d2 13d1 13b0 13b1 510 0
    4 13d3 13d2 13b1 13b2 511 0
    4 13d4 13d3 13b2 13b3 512 0
    4 13d5 13d4 13b3 13b4 513 0
    4 13d6 13d5 13b4 13b5 514 0
    4 13d7 13d6 13b5 13b6 515 0
    4 13d8 13d7 13b6 13b7 516 0
    4 13d9 13d8 13b7 13b8 517 0
    4 13da 13d9 13b8 13b9 518 0
    4 13db 13da 13b9 13ba 519 0
    4 13dc 13db 13ba 13bb 51a 0
    4 13dd 13dc 13bb 13bc 51b 0
    4 13de 13dd 13bc 13bd 51c 0
    4 13df 13de 13bd 13be 51d 0
    4 13e0 13df 13be 13bf 51e 0
    4 13e1 13e0 13bf 13c0 51f 0
    4 13e2 13e1 13c0 13c1 520 0
    4 13e4 13e3 13c2 13c3 521 0
    4 13e5 13e4 13c3 13c4 522 0
    4 13e6 13e5 13c4 13c5 523 0
    4 13e7 13e6 13c5 13c6 524 0
    4 13e8 13e7 13c6 13c7 525 0
    4 13e9 13e8 13c7 13c8 526 0
    4 13ea 13e9 13c8 13c9 527 0
    4 13eb 13ea 13c9 13ca 528 0
    4 13ec 13eb 13ca 13cb 529 0
    4 13ed 13ec 13cb 13cc 52a 0
    4 13ee 13ed 13cc 13cd 52b 0
    4 13ef 13ee 13cd 13ce 52c 0
    4 13f0 13ef 13ce 13cf 52d 0
    4 13f1 13f0 13cf 13d0 52e 0
    4 13f2 13f1 13d0 13d1 52f 0
    4 13f3 13f2 13d1 13d2 530 0
    4 13f4 13f3 13d2 13d3 531 0
    4 13f5 13f4 13d3 13d4 532 0
    4 13f6 13f5 13d4 13d5 533 0
    4 13f7 13f6 13d5 13d6 534 0
    4 13f8 13f7 13d6 13d7 535 0
    4 13f9 13f8 13d7 13d8 536 0
    4 13fa 13f9 13d8 13d9 537 0
    4 13fb 13fa 13d9 13da 538 0
    4 13fc 13fb 13da 13db 539 0
    4 13fd 13fc 13db 13dc 53a 0
    4 13fe 13fd 13dc 13dd 53b 0
    4 13ff 13fe 13dd 13de 53c 0
    4 1400 13ff 13de 13df 53d 0
    4 1401 1400 13df 13e0 53e 0
    4 1402 1401 13e0 13e1 53f 0
    4 1403 1402 13e1 13e2 540 0
    4 1405 1404 13e3 13e4 541 0
    4 1406 1405 13e4 13e5 542 0
    4 1407 1406 13e5 13e6 543 0
    4 1408 1407 13e6 13e7 544 0
    4 1409 1408 13e7 13e8 545 0
    4 140a 1409 13e8 13e9 546 0
    4 140b 140a 13e9 13ea 547 0
    4 140c 140b 13ea 13eb 548 0
    4 140d 140c 13eb 13ec 549 0
    4 140e 140d 13ec 13ed 54a 0
    4 140f 140e 13ed 13ee 54b 0
    4 1410 140f 13ee 13ef 54c 0
    4 1411 1410 13ef 13f0 54d 0
    4 1412 1411 13f0 13f1 54e 0
    4 1413 1412 13f1 13f2 54f 0
    4 1414 1413 13f2 13f3 550 0
    4 1415 1414 13f3 13f4 551 0
    4 1416 1415 13f4 13f5 552 0
    4 1417 1416 13f5 13f6 553 0
    4 1418 1417 13f6 13f7 554 0
    4 1419 1418 13f7 13f8 555 0
    4 141a 1419 13f8 13f9 556 0
    4 141b 141a 13f9 13fa 557 0
    4 141c 141b 13fa 13fb 558 0
    4 141d 141c 13fb 13fc 559 0
    4 141e 141d 13fc 13fd 55a 0
    4 141f 141e 13fd 13fe 55b 0
    4 1420 141f 13fe 13ff 55c 0
    4 1421 1420 13ff 1400 55d 0
    4 1422 1421 1400 1401 55e 0
    4 1423 1422 1401 1402 55f 0
    4 1424 1423 1402 1403 560 0
    4 1426 1425 1404 1405 561 0
    4 1427 1426 1405 1406 562 0
    4 1428 1427 1406 1407 563 0
    4 1429 1428 1407 1408 564 0
    4 142a 1429 1408 1409 565 0
    4 142b 142a 1409 140a 566 0
    4 142c 142b 140a 140b 567 0
    4 142d 142c 140b 140c 568 0
    4 142e 142d 140c 140d 569 0
    4 142f 142e 140d 140e 56a 0
    4 1430 142f 140e 140f 56b 0
    4 1431 1430 140f 1410 56c 0
    4 1432 1431 1410 1411 56d 0
    4 1433 1432 1411 1412 56e 0
    4 1434 1433 1412 1413 56f 0
    4 1435 1434 1413 1414 570 0
    4 1436 1435 1414 1415 571 0
    4 1437 1436 1415 1416 572 0
    4 1438 1437 1416 1417 573 0
    4 1439 1438 1417 1418 574 0
    4 143a 1439 1418 1419 575 0
    4 143b 143a 1419 141a 576 0
    4 143c 143b 141a 141b 577 0
    4 143d 143c 141b 141c 578 0
    4 143e 143d 141c 141d 579 0
    4 143f 143e 141d 141e 57a 0
    4 1440 143f 141e 141f 57b 0
    4 1441 1440 141f 1420 57c 0
    4 1442 1441 1420 1421 57d 0
    4 1443 1442 1421 1422 57e 0
    4 1444 1443 1422 1423 57f 0
    4 1445 1444 1423 1424 580 0
    4 1447 1446 1425 1426 581 0
    4 1448 1447 1426 1427 582 0
    4 1449 1448 1427 1428 583 0
    4 144a 1449 1428 1429 584 0
    4 144b 144a 1429 142a 585 0
    4 144c 144b 142a 142b 586 0
    4 144d 144c 142b 142c 587 0
    4 144e 144d 142c 142d 588 0
    4 144f 144e 142d 142e 589 0
    4 1450 144f 142e 142f 58a 0
    4 1451 1450 142f 1430 58b 0
    4 1452 1451 1430 1431 58c 0
    4 1453 1452 1431 1432 58d 0
    4 1454 1453 1432 1433 58e 0
    4 1455 1454 1433 1434 58f 0
    4 1456 1455 1434 1435 590 0
    4 1457 1456 1435 1436 591 0
    4 1458 1457 1436 1437 592 0
    4 1459 1458 1437 1438 593 0
    4 145a 1459 1438 1439 594 0
    4 145b 145a 1439 143a 595 0
    4 145c 145b 143a 143b 596 0
    4 145d 145c 143b 143c 597 0
    4 145e 145d 143c 143d 598 0
    4 145f 145e 143d 143e 599 0
    4 1460 145f 143e 143f 59a 0
    4 1461 1460 143f 1440 59b 0
    4 1462 1461 1440 1441 59c 0
    4 1463 1462 1441 1442 59d 0
    4 1464 1463 1442 1443 59e 0
    4 1465 1464 1443 1444 59f 0
    4 1466 1465 1444 1445 5a0 0
    4 1468 1467 1446 1447 5a1 0
    4 1469 1468 1447 1448 5a2 0
    4 146a 1469 1448 1449 5a3 0
    4 146b 146a 1449 144a 5a4 0
    4 146c 146b 144a 144b 5a5 0
    4 146d 146c 144b 144c 5a6 0
    4 146e 146d 144c 144d 5a7 0
    4 146f 146e 144d 144e 5a8 0
    4 1470 146f 144e 144f 5a9 0
    4 1471 1470 144f 1450 5aa 0
    4 1472 1471 1450 1451 5ab 0
    4 1473 1472 1451 1452 5ac 0
    4 1474 1473 1452 1453 5ad 0
    4 1475 1474 1453 1454 5ae 0
    4 1476 1475 1454 1455 5af 0
    4 1477 1476 1455 1456 5b0 0
    4 1478 1477 1456 1457 5b1 0
    4 1479 1478 1457 1458 5b2 0
    4 147a 1479 1458 1459 5b3 0
    4 147b 147a 1459 145a 5b4 0
    4 147c 147b 145a 145b 5b5 0
    4 147d 147c 145b 145c 5b6 0
    4 147e 147d 145c 145d 5b7 0
    4 147f 147e 145d 145e 5b8 0
    4 1480 147f 145e 145f 5b9 0
    4 1481 1480 145f 1460 5ba 0
    4 1482 1481 1460 1461 5bb 0
    4 1483 1482 1461 1462 5bc 0
    4 1484 1483 1462 1463 5bd 0
    4 1485 1484 1463 1464 5be 0
    4 1486 1485 1464 1465 5bf 0
    4 1487 1486 1465 1466 5c0 0
    4 1489 1488 1467 1468 5c1 0
    4 148a 1489 1468 1469 5c2 0
    4 148b 148a 1469 146a 5c3 0
    4 148c 148b 146a 146b 5c4 0
    4 148d 148c 146b 146c 5c5 0
    4 148e 148d 146c 146d 5c6 0
    4 148f 148e 146d 146e 5c7 0
    4 1490 148f 146e 146f 5c8 0
    4 1491 1490 146f 1470 5c9 0
    4 1492 1491 1470 1471 5ca 0
    4 1493 1492 1471 1472 5cb 0
    4 1494 1493 1472 1473 5cc 0
    4 1495 1494 1473 1474 5cd 0
    4 1496 1495 1474 1475 5ce 0
    4 1497 1496 1475 1476 5cf 0
    4 1498 1497 1476 1477 5d0 0
    4 1499 1498 1477 1478 5d1 0
    4 149a 1499 1478 1479 5d2 0
    4 149b 149a 1479 147a 5d3 0
    4 149c 149b 147a 147b 5d4 0
    4 149d 149c 147b 147c 5d5 0
    4 149e 149d 147c 147d 5d6 0
    4 149f 149e 147d 147e 5d7 0
    4 14a0 149f 147e 147f 5d8 0
    4 14a1 14a0 147f 1480 5d9 0
    4 14a2 14a1 1480 1481 5da 0
    4 14a3 14a2 1481 1482 5db 0
    4 14a4 14a3 1482 1483 5dc 0
    4 14a5 14a4 1483 1484 5dd 0
    4 14a6 14a5 1484 1485 5de 0
    4 14a7 14a6 1485 1486 5df 0
    4 14a8 14a7 1486 1487 5e0 0
    4 14aa 14a9 1488 1489 5e1 0
    4 14ab 14aa 1489 148a 5e2 0
    4 14ac 14ab 148a 148b 5e3 0
    4 14ad 14ac 148b 148c 5e4 0
    4 14ae 14ad 148c 148d 5e5 0
    4 14af 14ae 148d 148e 5e6 0
    4 14b0 14af 148e 148f 5e7 0
    4 14b1 14b0 148f 1490 5e8 0
    4 14b2 14b1 1490 1491 5e9 0
    4 14b3 14b2 1491 1492 5ea 0
    4 14b4 14b3 1492 1493 5eb 0
    4 14b5 14b4 1493 1494 5ec 0
    4 14b6 14b5 1494 1495 5ed 0
    4 14b7 14b6 1495 1496 5ee 0
    4 14b8 14b7 1496 1497 5ef 0
    4 14b9 14b8 1497 1498 5f0 0
    4 14ba 14b9 1498 1499 5f1 0
    4 14bb 14ba 1499 149a 5f2 0
    4 14bc 14bb 149a 149b 5f3 0
    4 14bd 14bc 149b 149c 5f4 0
    4 14be 14bd 149c 149d 5f5 0
    4 14bf 14be 149d 149e 5f6 0
    4 14c0 14bf 149e 149f 5f7 0
    4 14c1 14c0 149f 14a0 5f8 0
    4 14c2 14c1 14a0 14a1 5f9 0
    4 14c3 14c2 14a1 14a2 5fa 0
    4 14c4 14c3 14a2 14a3 5fb 0
    4 14c5 14c4 14a3 14a4 5fc 0
    4 14c6 14c5 14a4 14a5 5fd 0
    4 14c7 14c6 14a5 14a6 5fe 0
    4 14c8 14c7 14a6 14a7 5ff 0
    4 14c9 14c8 14a7 14a8 600 0
    4 14cb 14ca 14a9 14aa 601 0
    4 14cc 14cb 14aa 14ab 602 0
    4 14cd 14cc 14ab 14ac 603 0
    4 14ce 14cd 14ac 14ad 604 0
    4 14cf 14ce 14ad 14ae 605 0
    4 14d0 14cf 14ae 14af 606 0
    4 14d1 14d0 14af 14b0 607 0
    4 14d2 14d1 14b0 14b1 608 0
    4 14d3 14d2 14b1 14b2 609 0
    4 14d4 14d3 14b2 14b3 60a 0
    4 14d5 14d4 14b3 14b4 60b 0
    4 14d6 14d5 14b4 14b5 60c 0
    4 14d7 14d6 14b5 14b6 60d 0
    4 14d8 14d7 14b6 14b7 60e 0
    4 14d9 14d8 14b7 14b8 60f 0
    4 14da 14d9 14b8 14b9 610 0
    4 14db 14da 14b9 14ba 611 0
    4 14dc 14db 14ba 14bb 612 0
    4 14dd 14dc 14bb 14bc 613 0
    4 14de 14dd 14bc 14bd 614 0
    4 14df 14de 14bd 14be 615 0
    4 14e0 14df 14be 14bf 616 0
    4 14e1 14e0 14bf 14c0 617 0
    4 14e2 14e1 14c0 14c1 618 0
    4 14e3 14e2 14c1 14c2 619 0
    4 14e4 14e3 14c2 14c3 61a 0
    4 14e5 14e4 14c3 14c4 61b 0
    4 14e6 14e5 14c4 14c5 61c 0
    4 14e7 14e6 14c5 14c6 61d 0
    4 14e8 14e7 14c6 14c7 61e 0
    4 14e9 14e8 14c7 14c8 61f 0
    4 14ea 14e9 14c8 14c9 620 0
    4 14ec 14eb 14ca 14cb 621 0
    4 14ed 14ec 14cb 14cc 622 0
    4 14ee 14ed 14cc 14cd 623 0
    4 14ef 14ee 14cd 14ce 624 0
    4 14f0 14ef 14ce 14cf 625 0
    4 14f1 14f0 14cf 14d0 626 0
    4 14f2 14f1 14d0 14d1 627 0
    4 14f3 14f2 14d1 14d2 628 0
    4 14f4 14f3 14d2 14d3 629 0
    4 14f5 14f4 14d3 14d4 62a 0
    4 14f6 14f5 14d4 14d5 62b 0
    4 14f7 14f6 14d5 14d6 62c 0
    4 14f8 14f7 14d6 14d7 62d 0
    4 14f9 14f8 14d7 14d8 62e 0
    4 14fa 14f9 14d8 14d9 62f 0
    4 14fb 14fa 14d9 14da 630 0
    4 14fc 14fb 14da 14db 631 0
    4 14fd 14fc 14db 14dc 632 0
    4 14fe 14fd 14dc 14dd 633 0
    4 14ff 14fe 14dd 14de 634 0
    4 1500 14ff 14de 14df 635 0
    4 1501 1500 14df 14e0 636 0
    4 1502 1501 14e0 14e1 637 0
    4 1503 1502 14e1 14e2 638 0
    4 1504 1503 14e2 14e3 639 0
    4 1505 1504 14e3 14e4 63a 0
    4 1506 1505 14e4 14e5 63b 0
    4 1507 1506 14e5 14e6 63c 0
    4 1508 1507 14e6 14e7 63d 0
    4 1509 1508 14e7 14e8 63e 0
    4 150a 1509 14e8 14e9 63f 0
    4 150b 150a 14e9 14ea 640 0
    4 150d 150c 14eb 14ec 641 0
    4 150e 150d 14ec 14ed 642 0
    4 150f 150e 14ed 14ee 643 0
    4 1510 150f 14ee 14ef 644 0
    4 1511 1510 14ef 14f0 645 0
    4 1512 1511 14f0 14f1 646 0
    4 1513 1512 14f1 14f2 647 0
    4 1514 1513 14f2 14f3 648 0
    4 1515 1514 14f3 14f4 649 0
    4 1516 1515 14f4 14f5 64a 0
    4 1517 1516 14f5 14f6 64b 0
    4 1518 1517 14f6 14f7 64c 0
    4 1519 1518 14f7 14f8 64d 0
    4 151a 1519 14f8 14f9 64e 0
    4 151b 151a 14f9 14fa 64f 0
    4 151c 151b 14fa 14fb 650 0
    4 151d 151c 14fb 14fc 651 0
    4 151e 151d 14fc 14fd 652 0
    4 151f 151e 14fd 14fe 653 0
    4 1520 151f 14fe 14ff 654 0
    4 1521 1520 14ff 1500 655 0
    4 1522 1521 1500 1501 656 0
    4 1523 1522 1501 1502 657 0
    4 1524 1523 1502 1503 658 0
    4 1525 1524 1503 1504 659 0
    4 1526 1525 1504 1505 65a 0
    4 1527 1526 1505 1506 65b 0
    4 1528 1527 1506 1507 65c 0
    4 1529 1528 1507 1508 65d 0
    4 152a 1529 1508 1509 65e 0
    4 152b 152a 1509 150a 65f 0
    4 152c 152b 150a 150b 660 0
    4 152e 152d 150c 150d 661 0
    4 152f 152e 150d 150e 662 0
    4 1530 152f 150e 150f 663 0
    4 1531 1530 150f 1510 664 0
    4 1532 1531 1510 1511 665 0
    4 1533 1532 1511 1512 666 0
    4 1534 1533 1512 1513 667 0
    4 1535 1534 1513 1514 668 0
    4 1536 1535 1514 1515 669 0
    4 1537 1536 1515 1516 66a 0
    4 1538 1537 1516 1517 66b 0
    4 1539 1538 1517 1518 66c 0
    4 153a 1539 1518 1519 66d 0
    4 153b 153a 1519 151a 66e 0
    4 153c 153b 151a 151b 66f 0
    4 153d 153c 151b 151c 670 0
    4 153e 153d 151c 151d 671 0
    4 153f 153e 151d 151e 672 0
    4 1540 153f 151e 151f 673 0
    4 1541 1540 151f 1520 674 0
    4 1542 1541 1520 1521 675 0
    4 1543 1542 1521 1522 676 0
    4 1544 1543 1522 1523 677 0
    4 1545 1544 1523 1524 678 0
    4 1546 1545 1524 1525 679 0
    4 1547 1546 1525 1526 67a 0
    4 1548 1547 1526 1527 67b 0
    4 1549 1548 1527 1528 67c 0
    4 154a 1549 1528 1529 67d 0
    4 154b 154a 1529 152a 67e 0
    4 154c 154b 152a 152b 67f 0
    4 154d 154c 152b 152c 680 0
    4 154f 154e 152d 152e 681 0
    4 1550 154f 152e 152f 682 0
    4 1551 1550 152f 1530 683 0
    4 1552 1551 1530 1531 684 0
    4 1553 1552 1531 1532 685 0
    4 1554 1553 1532 1533 686 0
    4 1555 1554 1533 1534 687 0
    4 1556 1555 1534 1535 688 0
    4 1557 1556 1535 1536 689 0
    4 1558 1557 1536 1537 68a 0
    4 1559 1558 1537 1538 68b 0
    4 155a 1559 1538 1539 68c 0
    4 155b 155a 1539 153a 68d 0
    4 155c 155b 153a 153b 68e 0
    4 155d 155c 153b 153c 68f 0
    4 155e 155d 153c 153d 690 0
    4 155f 155e 153d 153e 691 0
    4 1560 155f 153e 153f 692 0
    4 1561 1560 153f 1540 693 0
    4 1562 1561 1540 1541 694 0
    4 1563 1562 1541 1542 695 0
    4 1564 1563 1542 1543 696 0
    4 1565 1564 1543 1544 697 0
    4 1566 1565 1544 1545 698 0
    4 1567 1566 1545 1546 699 0
    4 1568 1567 1546 1547 69a 0
    4 1569 1568 1547 1548 69b 0
    4 156a 1569 1548 1549 69c 0
    4 156b 156a 1549 154a 69d 0
    4 156c 156b 154a 154b 69e 0
    4 156d 156c 154b 154c 69f 0
    4 156e 156d 154c 154d 6a0 0
    4 1570 156f 154e 154f 6a1 0
    4 1571 1570 154f 1550 6a2 0
    4 1572 1571 1550 1551 6a3 0
    4 1573 1572 1551 1552 6a4 0
    4 1574 1573 1552 1553 6a5 0
    4 1575 1574 1553 1554 6a6 0
    4 1576 1575 1554 1555 6a7 0
    4 1577 1576 1555 1556 6a8 0
    4 1578 1577 1556 1557 6a9 0
    4 1579 1578 1557 1558 6aa 0
    4 157a 1579 1558 1559 6ab 0
    4 157b 157a 1559 155a 6ac 0
    4 157c 157b 155a 155b 6ad 0
    4 157d 157c 155b 155c 6ae 0
    4 157e 157d 155c 155d 6af 0
    4 157f 157e 155d 155e 6b0 0
    4 1580 157f 155e 155f 6b1 0
    4 1581 1580 155f 1560 6b2 0
    4 1582 1581 1560 1561 6b3 0
    4 1583 1582 1561 1562 6b4 0
    4 1584 1583 1562 1563 6b5 0
    4 1585 1584 1563 1564 6b6 0
    4 1586 1585 1564 1565 6b7 0
    4 1587 1586 1565 1566 6b8 0
    4 1588 1587 1566 1567 6b9 0
    4 1589 1588 1567 1568 6ba 0
    4 158a 1589 1568 1569 6bb 0
    4 158b 158a 1569 156a 6bc 0
    4 158c 158b 156a 156b 6bd 0
    4 158d 158c 156b 156c 6be 0
    4 158e 158d 156c 156d 6bf 0
    4 158f 158e 156d 156e 6c0 0
    4 1591 1590 156f 1570 6c1 0
    4 1592 1591 1570 1571 6c2 0
    4 1593 1592 1571 1572 6c3 0
    4 1594 1593 1572 1573 6c4 0
    4 1595 1594 1573 1574 6c5 0
    4 1596 1595 1574 1575 6c6 0
    4 1597 1596 1575 1576 6c7 0
    4 1598 1597 1576 1577 6c8 0
    4 1599 1598 1577 1578 6c9 0
    4 159a 1599 1578 1579 6ca 0
    4 159b 159a 1579 157a 6cb 0
    4 159c 159b 157a 157b 6cc 0
    4 159d 159c 157b 157c 6cd 0
    4 159e 159d 157c 157d 6ce 0
    4 159f 159e 157d 157e 6cf 0
    4 15a0 159f 157e 157f 6d0 0
    4 15a1 15a0 157f 1580 6d1 0
    4 15a2 15a1 1580 1581 6d2 0
    4 15a3 15a2 1581 1582 6d3 0
    4 15a4 15a3 1582 1583 6d4 0
    4 15a5 15a4 1583 1584 6d5 0
    4 15a6 15a5 1584 1585 6d6 0
    4 15a7 15a6 1585 1586 6d7 0
    4 15a8 15a7 1586 1587 6d8 0
    4 15a9 15a8 1587 1588 6d9 0
    4 15aa 15a9 1588 1589 6da 0
    4 15ab 15aa 1589 158a 6db 0
    4 15ac 15ab 158a 158b 6dc 0
    4 15ad 15ac 158b 158c 6dd 0
    4 15ae 15ad 158c 158d 6de 0
    4 15af 15ae 158d 158e 6df 0
    4 15b0 15af 158e 158f 6e0 0
    4 15b2 15b1 1590 1591 6e1 0
    4 15b3 15b2 1591 1592 6e2 0
    4 15b4 15b3 1592 1593 6e3 0
    4 15b5 15b4 1593 1594 6e4 0
    4 15b6 15b5 1594 1595 6e5 0
    4 15b7 15b6 1595 1596 6e6 0
    4 15b8 15b7 1596 1597 6e7 0
    4 15b9 15b8 1597 1598 6e8 0
    4 15ba 15b9 1598 1599 6e9 0
    4 15bb 15ba 1599 159a 6ea 0
    4 15bc 15bb 159a 159b 6eb 0
    4 15bd 15bc 159b 159c 6ec 0
    4 15be 15bd 159c 159d 6ed 0
    4 15bf 15be 159d 159e 6ee 0
    4 15c0 15bf 159e 159f 6ef 0
    4 15c1 15c0 159f 15a0 6f0 0
    4 15c2 15c1 15a0 15a1 6f1 0
    4 15c3 15c2 15a1 15a2 6f2 0
    4 15c4 15c3 15a2 15a3 6f3 0
    4 15c5 15c4 15a3 15a4 6f4 0
    4 15c6 15c5 15a4 15a5 6f5 0
    4 15c7 15c6 15a5 15a6 6f6 0
    4 15c8 15c7 15a6 15a7 6f7 0
    4 15c9 15c8 15a7 15a8 6f8 0
    4 15ca 15c9 15a8 15a9 6f9 0
    4 15cb 15ca 15a9 15aa 6fa 0
    4 15cc 15cb 15aa 15ab 6fb 0
    4 15cd 15cc 15ab 15ac 6fc 0
    4 15ce 15cd 15ac 15ad 6fd 0
    4 15cf 15ce 15ad 15ae 6fe 0
    4 15d0 15cf 15ae 15af 6ff 0
    4 15d1 15d0 15af 15b0 700 0
    4 15d3 15d2 15b1 15b2 701 0
    4 15d4 15d3 15b2 15b3 702 0
    4 15d5 15d4 15b3 15b4 703 0
    4 15d6 15d5 15b4 15b5 704 0
    4 15d7 15d6 15b5 15b6 705 0
    4 15d8 15d7 15b6 15b7 706 0
    4 15d9 15d8 15b7 15b8 707 0
    4 15da 15d9 15b8 15b9 708 0
    4 15db 15da 15b9 15ba 709 0
    4 15dc 15db 15ba 15bb 70a 0
    4 15dd 15dc 15bb 15bc 70b 0
    4 15de 15dd 15bc 15bd 70c 0
    4 15df 15de 15bd 15be 70d 0
    4 15e0 15df 15be 15bf 70e 0
    4 15e1 15e0 15bf 15c0 70f 0
    4 15e2 15e1 15c0 15c1 710 0
    4 15e3 15e2 15c1 15c2 711 0
    4 15e4 15e3 15c2 15c3 712 0
    4 15e5 15e4 15c3 15c4 713 0
    4 15e6 15e5 15c4 15c5 714 0
    4 15e7 15e6 15c5 15c6 715 0
    4 15e8 15e7 15c6 15c7 716 0
    4 15e9 15e8 15c7 15c8 717 0
    4 15ea 15e9 15c8 15c9 718 0
    4 15eb 15ea 15c9 15ca 719 0
    4 15ec 15eb 15ca 15cb 71a 0
    4 15ed 15ec 15cb 15cc 71b 0
    4 15ee 15ed 15cc 15cd 71c 0
    4 15ef 15ee 15cd 15ce 71d 0
    4 15f0 15ef 15ce 15cf 71e 0
    4 15f1 15f0 15cf 15d0 71f 0
    4 15f2 15f1 15d0 15d1 720 0
    4 15f4 15f3 15d2 15d3 721 0
    4 15f5 15f4 15d3 15d4 722 0
    4 15f6 15f5 15d4 15d5 723 0
    4 15f7 15f6 15d5 15d6 724 0
    4 15f8 15f7 15d6 15d7 725 0
    4 15f9 15f8 15d7 15d8 726 0
    4 15fa 15f9 15d8 15d9 727 0
    4 15fb 15fa 15d9 15da 728 0
    4 15fc 15fb 15da 15db 729 0
    4 15fd 15fc 15db 15dc 72a 0
    4 15fe 15fd 15dc 15dd 72b 0
    4 15ff 15fe 15dd 15de 72c 0
    4 1600 15ff 15de 15df 72d 0
    4 1601 1600 15df 15e0 72e 0
    4 1602 1601 15e0 15e1 72f 0
    4 1603 1602 15e1 15e2 730 0
    4 1604 1603 15e2 15e3 731 0
    4 1605 1604 15e3 15e4 732 0
    4 1606 1605 15e4 15e5 733 0
    4 1607 1606 15e5 15e6 734 0
    4 1608 1607 15e6 15e7 735 0
    4 1609 1608 15e7 15e8 736 0
    4 160a 1609 15e8 15e9 737 0
    4 160b 160a 15e9 15ea 738 0
    4 160c 160b 15ea 15eb 739 0
    4 160d 160c 15eb 15ec 73a 0
    4 160e 160d 15ec 15ed 73b 0
    4 160f 160e 15ed 15ee 73c 0
    4 1610 160f 15ee 15ef 73d 0
    4 1611 1610 15ef 15f0 73e 0
    4 1612 1611 15f0 15f1 73f 0
    4 1613 1612 15f1 15f2 740 0
    4 1615 1614 15f3 15f4 741 0
    4 1616 1615 15f4 15f5 742 0
    4 1617 1616 15f5 15f6 743 0
    4 1618 1617 15f6 15f7 744 0
    4 1619 1618 15f7 15f8 745 0
    4 161a 1619 15f8 15f9 746 0
    4 161b 161a 15f9 15fa 747 0
    4 161c 161b 15fa 15fb 748 0
    4 161d 161c 15fb 15fc 749 0
    4 161e 161d 15fc 15fd 74a 0
    4 161f 161e 15fd 15fe 74b 0
    4 1620 161f 15fe 15ff 74c 0
    4 1621 1620 15ff 1600 74d 0
    4 1622 1621 1600 1601 74e 0
    4 1623 1622 1601 1602 74f 0
    4 1624 1623 1602 1603 750 0
    4 1625 1624 1603 1604 751 0
    4 1626 1625 1604 1605 752 0
    4 1627 1626 1605 1606 753 0
    4 1628 1627 1606 1607 754 0
    4 1629 1628 1607 1608 755 0
    4 162a 1629 1608 1609 756 0
    4 162b 162a 1609 160a 757 0
    4 162c 162b 160a 160b 758 0
    4 162d 162c 160b 160c 759 0
    4 162e 162d 160c 160d 75a 0
    4 162f 162e 160d 160e 75b 0
    4 1630 162f 160e 160f 75c 0
    4 1631 1630 160f 1610 75d 0
    4 1632 1631 1610 1611 75e 0
    4 1633 1632 1611 1612 75f 0
    4 1634 1633 1612 1613 760 0
    4 1636 1635 1614 1615 761 0
    4 1637 1636 1615 1616 762 0
    4 1638 1637 1616 1617 763 0
    4 1639 1638 1617 1618 764 0
    4 163a 1639 1618 1619 765 0
    4 163b 163a 1619 161a 766 0
    4 163c 163b 161a 161b 767 0
    4 163d 163c 161b 161c 768 0
    4 163e 163d 161c 161d 769 0
    4 163f 163e 161d 161e 76a 0
    4 1640 163f 161e 161f 76b 0
    4 1641 1640 161f 1620 76c 0
    4 1642 1641 1620 1621 76d 0
    4 1643 1642 1621 1622 76e 0
    4 1644 1643 1622 1623 76f 0
    4 1645 1644 1623 1624 770 0
    4 1646 1645 1624 1625 771 0
    4 1647 1646 1625 1626 772 0
    4 1648 1647 1626 1627 773 0
    4 1649 1648 1627 1628 774 0
    4 164a 1649 1628 1629 775 0
    4 164b 164a 1629 162a 776 0
    4 164c 164b 162a 162b 777 0
    4 164d 164c 162b 162c 778 0
    4 164e 164d 162c 162d 779 0
    4 164f 164e 162d 162e 77a 0
    4 1650 164f 162e 162f 77b 0
    4 1651 1650 162f 1630 77c 0
    4 1652 1651 1630 1631 77d 0
    4 1653 1652 1631 1632 77e 0
    4 1654 1653 1632 1633 77f 0
    4 1655 1654 1633 1634 780 0
    4 1657 1656 1635 1636 781 0
    4 1658 1657 1636 1637 782 0
    4 1659 1658 1637 1638 783 0
    4 165a 1659 1638 1639 784 0
    4 165b 165a 1639 163a 785 0
    4 165c 165b 163a 163b 786 0
    4 165d 165c 163b 163c 787 0
    4 165e 165d 163c 163d 788 0
    4 165f 165e 163d 163e 789 0
    4 1660 165f 163e 163f 78a 0
    4 1661 1660 163f 1640 78b 0
    4 1662 1661 1640 1641 78c 0
    4 1663 1662 1641 1642 78d 0
    4 1664 1663 1642 1643 78e 0
    4 1665 1664 1643 1644 78f 0
    4 1666 1665 1644 1645 790 0
    4 1667 1666 1645 1646 791 0
    4 1668 1667 1646 1647 792 0
    4 1669 1668 1647 1648 793 0
    4 166a 1669 1648 1649 794 0
    4 166b 166a 1649 164a 795 0
    4 166c 166b 164a 164b 796 0
    4 166d 166c 164b 164c 797 0
    4 166e 166d 164c 164d 798 0
    4 166f 166e 164d 164e 799 0
    4 1670 166f 164e 164f 79a 0
    4 1671 1670 164f 1650 79b 0
    4 1672 1671 1650 1651 79c 0
    4 1673 1672 1651 1652 79d 0
    4 1674 1673 1652 1653 79e 0
    4 1675 1674 1653 1654 79f 0
    4 1676 1675 1654 1655 7a0 0
    4 1678 1677 1656 1657 7a1 0
    4 1679 1678 1657 1658 7a2 0
    4 167a 1679 1658 1659 7a3 0
    4 167b 167a 1659 165a 7a4 0
    4 167c 167b 165a 165b 7a5 0
    4 167d 167c 165b 165c 7a6 0
    4 167e 167d 165c 165d 7a7 0
    4 167f 167e 165d 165e 7a8 0
    4 1680 167f 165e 165f 7a9 0
    4 1681 1680 165f 1660 7aa 0
    4 1682 1681 1660 1661 7ab 0
    4 1683 1682 1661 1662 7ac 0
    4 1684 1683 1662 1663 7ad 0
    4 1685 1684 1663 1664 7ae 0
    4 1686 1685 1664 1665 7af 0
    4 1687 1686 1665 1666 7b0 0
    4 1688 1687 1666 1667 7b1 0
    4 1689 1688 1667 1668 7b2 0
    4 168a 1689 1668 1669 7b3 0
    4 168b 168a 1669 166a 7b4 0
    4 168c 168b 166a 166b 7b5 0
    4 168d 168c 166b 166c 7b6 0
    4 168e 168d 166c 166d 7b7 0
    4 168f 168e 166d 166e 7b8 0
    4 1690 168f 166e 166f 7b9 0
    4 1691 1690 166f 1670 7ba 0
    4 1692 1691 1670 1671 7bb 0
    4 1693 1692 1671 1672 7bc 0
    4 1694 1693 1672 1673 7bd 0
    4 1695 1694 1673 1674 7be 0
    4 1696 1695 1674 1675 7bf 0
    4 1697 1696 1675 1676 7c0 0
    4 1699 1698 1677 1678 7c1 0
    4 169a 1699 1678 1679 7c2 0
    4 169b 169a 1679 167a 7c3 0
    4 169c 169b 167a 167b 7c4 0
    4 169d 169c 167b 167c 7c5 0
    4 169e 169d 167c 167d 7c6 0
    4 169f 169e 167d 167e 7c7 0
    4 16a0 169f 167e 167f 7c8 0
    4 16a1 16a0 167f 1680 7c9 0
    4 16a2 16a1 1680 1681 7ca 0
    4 16a3 16a2 1681 1682 7cb 0
    4 16a4 16a3 1682 1683 7cc 0
    4 16a5 16a4 1683 1684 7cd 0
    4 16a6 16a5 1684 1685 7ce 0
    4 16a7 16a6 1685 1686 7cf 0
    4 16a8 16a7 1686 1687 7d0 0
    4 16a9 16a8 1687 1688 7d1 0
    4 16aa 16a9 1688 1689 7d2 0
    4 16ab 16aa 1689 168a 7d3 0
    4 16ac 16ab 168a 168b 7d4 0
    4 16ad 16ac 168b 168c 7d5 0
    4 16ae 16ad 168c 168d 7d6 0
    4 16af 16ae 168d 168e 7d7 0
    4 16b0 16af 168e 168f 7d8 0
    4 16b1 16b0 168f 1690 7d9 0
    4 16b2 16b1 1690 1691 7da 0
    4 16b3 16b2 1691 1692 7db 0
    4 16b4 16b3 1692 1693 7dc 0
    4 16b5 16b4 1693 1694 7dd 0
    4 16b6 16b5 1694 1695 7de 0
    4 16b7 16b6 1695 1696 7df 0
    4 16b8 16b7 1696 1697 7e0 0
    4 16ba 16b9 1698 1699 7e1 0
    4 16bb 16ba 1699 169a 7e2 0
    4 16bc 16bb 169a 169b 7e3 0
    4 16bd 16bc 169b 169c 7e4 0
    4 16be 16bd 169c 169d 7e5 0
    4 16bf 16be 169d 169e 7e6 0
    4 16c0 16bf 169e 169f 7e7 0
    4 16c1 16c0 169f 16a0 7e8 0
    4 16c2 16c1 16a0 16a1 7e9 0
    4 16c3 16c2 16a1 16a2 7ea 0
    4 16c4 16c3 16a2 16a3 7eb 0
    4 16c5 16c4 16a3 16a4 7ec 0
    4 16c6 16c5 16a4 16a5 7ed 0
    4 16c7 16c6 16a5 16a6 7ee 0
    4 16c8 16c7 16a6 16a7 7ef 0
    4 16c9 16c8 16a7 16a8 7f0 0
    4 16ca 16c9 16a8 16a9 7f1 0
    4 16cb 16ca 16a9 16aa 7f2 0
    4 16cc 16cb 16aa 16ab 7f3 0
    4 16cd 16cc 16ab 16ac 7f4 0
    4 16ce 16cd 16ac 16ad 7f5 0
    4 16cf 16ce 16ad 16ae 7f6 0
    4 16d0 16cf 16ae 16af 7f7 0
    4 16d1 16d0 16af 16b0 7f8 0
    4 16d2 16d1 16b0 16b1 7f9 0
    4 16d3 16d2 16b1 16b2 7fa 0
    4 16d4 16d3 16b2 16b3 7fb 0
    4 16d5 16d4 16b3 16b4 7fc 0
    4 16d6 16d5 16b4 16b5 7fd 0
    4 16d7 16d6 16b5 16b6 7fe 0
    4 16d8 16d7 16b6 16b7 7ff 0
    4 16d9 16d8 16b7 16b8 800 0
    4 16db 16da 16b9 16ba 801 0
    4 16dc 16db 16ba 16bb 802 0
    4 16dd 16dc 16bb 16bc 803 0
    4 16de 16dd 16bc 16bd 804 0
    4 16df 16de 16bd 16be 805 0
    4 16e0 16df 16be 16bf 806 0
    4 16e1 16e0 16bf 16c0 807 0
    4 16e2 16e1 16c0 16c1 808 0
    4 16e3 16e2 16c1 16c2 809 0
    4 16e4 16e3 16c2 16c3 80a 0
    4 16e5 16e4 16c3 16c4 80b 0
    4 16e6 16e5 16c4 16c5 80c 0
    4 16e7 16e6 16c5 16c6 80d 0
    4 16e8 16e7 16c6 16c7 80e 0
    4 16e9 16e8 16c7 16c8 80f 0
    4 16ea 16e9 16c8 16c9 810 0
    4 16eb 16ea 16c9 16ca 811 0
    4 16ec 16eb 16ca 16cb 812 0
    4 16ed 16ec 16cb 16cc 813 0
    4 16ee 16ed 16cc 16cd 814 0
    4 16ef 16ee 16cd 16ce 815 0
    4 16f0 16ef 16ce 16cf 816 0
    4 16f1 16f0 16cf 16d0 817 0
    4 16f2 16f1 16d0 16d1 818 0
    4 16f3 16f2 16d1 16d2 819 0
    4 16f4 16f3 16d2 16d3 81a 0
    4 16f5 16f4 16d3 16d4 81b 0
    4 16f6 16f5 16d4 16d5 81c 0
    4 16f7 16f6 16d5 16d6 81d 0
    4 16f8 16f7 16d6 16d7 81e 0
    4 16f9 16f8 16d7 16d8 81f 0
    4 16fa 16f9 16d8 16d9 820 0
    4 16fc 16fb 16da 16db 821 0
    4 16fd 16fc 16db 16dc 822 0
    4 16fe 16fd 16dc 16dd 823 0
    4 16ff 16fe 16dd 16de 824 0
    4 1700 16ff 16de 16df 825 0
    4 1701 1700 16df 16e0 826 0
    4 1702 1701 16e0 16e1 827 0
    4 1703 1702 16e1 16e2 828 0
    4 1704 1703 16e2 16e3 829 0
    4 1705 1704 16e3 16e4 82a 0
    4 1706 1705 16e4 16e5 82b 0
    4 1707 1706 16e5 16e6 82c 0
    4 1708 1707 16e6 16e7 82d 0
    4 1709 1708 16e7 16e8 82e 0
    4 170a 1709 16e8 16e9 82f 0
    4 170b 170a 16e9 16ea 830 0
    4 170c 170b 16ea 16eb 831 0
    4 170d 170c 16eb 16ec 832 0
    4 170e 170d 16ec 16ed 833 0
    4 170f 170e 16ed 16ee 834 0
    4 1710 170f 16ee 16ef 835 0
    4 1711 1710 16ef 16f0 836 0
    4 1712 1711 16f0 16f1 837 0
    4 1713 1712 16f1 16f2 838 0
    4 1714 1713 16f2 16f3 839 0
    4 1715 1714 16f3 16f4 83a 0
    4 1716 1715 16f4 16f5 83b 0
    4 1717 1716 16f5 16f6 83c 0
    4 1718 1717 16f6 16f7 83d 0
    4 1719 1718 16f7 16f8 83e 0
    4 171a 1719 16f8 16f9 83f 0
    4 171b 171a 16f9 16fa 840 0
    4 171d 171c 16fb 16fc 841 0
    4 171e 171d 16fc 16fd 842 0
    4 171f 171e 16fd 16fe 843 0
    4 1720 171f 16fe 16ff 844 0
    4 1721 1720 16ff 1700 845 0
    4 1722 1721 1700 1701 846 0
    4 1723 1722 1701 1702 847 0
    4 1724 1723 1702 1703 848 0
    4 1725 1724 1703 1704 849 0
    4 1726 1725 1704 1705 84a 0
    4 1727 1726 1705 1706 84b 0
    4 1728 1727 1706 1707 84c 0
    4 1729 1728 1707 1708 84d 0
    4 172a 1729 1708 1709 84e 0
    4 172b 172a 1709 170a 84f 0
    4 172c 172b 170a 170b 850 0
    4 172d 172c 170b 170c 851 0
    4 172e 172d 170c 170d 852 0
    4 172f 172e 170d 170e 853 0
    4 1730 172f 170e 170f 854 0
    4 1731 1730 170f 1710 855 0
    4 1732 1731 1710 1711 856 0
    4 1733 1732 1711 1712 857 0
    4 1734 1733 1712 1713 858 0
    4 1735 1734 1713 1714 859 0
    4 1736 1735 1714 1715 85a 0
    4 1737 1736 1715 1716 85b 0
    4 1738 1737 1716 1717 85c 0
    4 1739 1738 1717 1718 85d 0
    4 173a 1739 1718 1719 85e 0
    4 173b 173a 1719 171a 85f 0
    4 173c 173b 171a 171b 860 0
    4 173e 173d 171c 171d 861 0
    4 173f 173e 171d 171e 862 0
    4 1740 173f 171e 171f 863 0
    4 1741 1740 171f 1720 864 0
    4 1742 1741 1720 1721 865 0
    4 1743 1742 1721 1722 866 0
    4 1744 1743 1722 1723 867 0
    4 1745 1744 1723 1724 868 0
    4 1746 1745 1724 1725 869 0
    4 1747 1746 1725 1726 86a 0
    4 1748 1747 1726 1727 86b 0
    4 1749 1748 1727 1728 86c 0
    4 174a 1749 1728 1729 86d 0
    4 174b 174a 1729 172a 86e 0
    4 174c 174b 172a 172b 86f 0
    4 174d 174c 172b 172c 870 0
    4 174e 174d 172c 172d 871 0
    4 174f 174e 172d 172e 872 0
    4 1750 174f 172e 172f 873 0
    4 1751 1750 172f 1730 874 0
    4 1752 1751 1730 1731 875 0
    4 1753 1752 1731 1732 876 0
    4 1754 1753 1732 1733 877 0
    4 1755 1754 1733 1734 878 0
    4 1756 1755 1734 1735 879 0
    4 1757 1756 1735 1736 87a 0
    4 1758 1757 1736 1737 87b 0
    4 1759 1758 1737 1738 87c 0
    4 175a 1759 1738 1739 87d 0
    4 175b 175a 1739 173a 87e 0
    4 175c 175b 173a 173b 87f 0
    4 175d 175c 173b 173c 880 0
    4 175f 175e 173d 173e 881 0
    4 1760 175f 173e 173f 882 0
    4 1761 1760 173f 1740 883 0
    4 1762 1761 1740 1741 884 0
    4 1763 1762 1741 1742 885 0
    4 1764 1763 1742 1743 886 0
    4 1765 1764 1743 1744 887 0
    4 1766 1765 1744 1745 888 0
    4 1767 1766 1745 1746 889 0
    4 1768 1767 1746 1747 88a 0
    4 1769 1768 1747 1748 88b 0
    4 176a 1769 1748 1749 88c 0
    4 176b 176a 1749 174a 88d 0
    4 176c 176b 174a 174b 88e 0
    4 176d 176c 174b 174c 88f 0
    4 176e 176d 174c 174d 890 0
    4 176f 176e 174d 174e 891 0
    4 1770 176f 174e 174f 892 0
    4 1771 1770 174f 1750 893 0
    4 1772 1771 1750 1751 894 0
    4 1773 1772 1751 1752 895 0
    4 1774 1773 1752 1753 896 0
    4 1775 1774 1753 1754 897 0
    4 1776 1775 1754 1755 898 0
    4 1777 1776 1755 1756 899 0
    4 1778 1777 1756 1757 89a 0
    4 1779 1778 1757 1758 89b 0
    4 177a 1779 1758 1759 89c 0
    4 177b 177a 1759 175a 89d 0
    4 177c 177b 175a 175b 89e 0
    4 177d 177c 175b 175c 89f 0
    4 177e 177d 175c 175d 8a0 0
    4 1780 177f 175e 175f 8a1 0
    4 1781 1780 175f 1760 8a2 0
    4 1782 1781 1760 1761 8a3 0
    4 1783 1782 1761 1762 8a4 0
    4 1784 1783 1762 1763 8a5 0
    4 1785 1784 1763 1764 8a6 0
    4 1786 1785 1764 1765 8a7 0
    4 1787 1786 1765 1766 8a8 0
    4 1788 1787 1766 1767 8a9 0
    4 1789 1788 1767 1768 8aa 0
    4 178a 1789 1768 1769 8ab 0
    4 178b 178a 1769 176a 8ac 0
    4 178c 178b 176a 176b 8ad 0
    4 178d 178c 176b 176c 8ae 0
    4 178e 178d 176c 176d 8af 0
    4 178f 178e 176d 176e 8b0 0
    4 1790 178f 176e 176f 8b1 0
    4 1791 1790 176f 1770 8b2 0
    4 1792 1791 1770 1771 8b3 0
    4 1793 1792 1771 1772 8b4 0
    4 1794 1793 1772 1773 8b5 0
    4 1795 1794 1773 1774 8b6 0
    4 1796 1795 1774 1775 8b7 0
    4 1797 1796 1775 1776 8b8 0
    4 1798 1797 1776 1777 8b9 0
    4 1799 1798 1777 1778 8ba 0
    4 179a 1799 1778 1779 8bb 0
    4 179b 179a 1779 177a 8bc 0
    4 179c 179b 177a 177b 8bd 0
    4 179d 179c 177b 177c 8be 0
    4 179e 179d 177c 177d 8bf 0
    4 179f 179e 177d 177e 8c0 0
    4 17a1 17a0 177f 1780 8c1 0
    4 17a2 17a1 1780 1781 8c2 0
    4 17a3 17a2 1781 1782 8c3 0
    4 17a4 17a3 1782 1783 8c4 0
    4 17a5 17a4 1783 1784 8c5 0
    4 17a6 17a5 1784 1785 8c6 0
    4 17a7 17a6 1785 1786 8c7 0
    4 17a8 17a7 1786 1787 8c8 0
    4 17a9 17a8 1787 1788 8c9 0
    4 17aa 17a9 1788 1789 8ca 0
    4 17ab 17aa 1789 178a 8cb 0
    4 17ac 17ab 178a 178b 8cc 0
    4 17ad 17ac 178b 178c 8cd 0
    4 17ae 17ad 178c 178d 8ce 0
    4 17af 17ae 178d 178e 8cf 0
    4 17b0 17af 178e 178f 8d0 0
    4 17b1 17b0 178f 1790 8d1 0
    4 17b2 17b1 1790 1791 8d2 0
    4 17b3 17b2 1791 1792 8d3 0
    4 17b4 17b3 1792 1793 8d4 0
    4 17b5 17b4 1793 1794 8d5 0
    4 17b6 17b5 1794 1795 8d6 0
    4 17b7 17b6 1795 1796 8d7 0
    4 17b8 17b7 1796 1797 8d8 0
    4 17b9 17b8 1797 1798 8d9 0
    4 17ba 17b9 1798 1799 8da 0
    4 17bb 17ba 1799 179a 8db 0
    4 17bc 17bb 179a 179b 8dc 0
    4 17bd 17bc 179b 179c 8dd 0
    4 17be 17bd 179c 179d 8de 0
    4 17bf 17be 179d 179e 8df 0
    4 17c0 17bf 179e 179f 8e0 0
    4 17c2 17c1 17a0 17a1 8e1 0
    4 17c3 17c2 17a1 17a2 8e2 0
    4 17c4 17c3 17a2 17a3 8e3 0
    4 17c5 17c4 17a3 17a4 8e4 0
    4 17c6 17c5 17a4 17a5 8e5 0
    4 17c7 17c6 17a5 17a6 8e6 0
    4 17c8 17c7 17a6 17a7 8e7 0
    4 17c9 17c8 17a7 17a8 8e8 0
    4 17ca 17c9 17a8 17a9 8e9 0
    4 17cb 17ca 17a9 17aa 8ea 0
    4 17cc 17cb 17aa 17ab 8eb 0
    4 17cd 17cc 17ab 17ac 8ec 0
    4 17ce 17cd 17ac 17ad 8ed 0
    4 17cf 17ce 17ad 17ae 8ee 0
    4 17d0 17cf 17ae 17af 8ef 0
    4 17d1 17d0 17af 17b0 8f0 0
    4 17d2 17d1 17b0 17b1 8f1 0
    4 17d3 17d2 17b1 17b2 8f2 0
    4 17d4 17d3 17b2 17b3 8f3 0
    4 17d5 17d4 17b3 17b4 8f4 0
    4 17d6 17d5 17b4 17b5 8f5 0
    4 17d7 17d6 17b5 17b6 8f6 0
    4 17d8 17d7 17b6 17b7 8f7 0
    4 17d9 17d8 17b7 17b8 8f8 0
    4 17da 17d9 17b8 17b9 8f9 0
    4 17db 17da 17b9 17ba 8fa 0
    4 17dc 17db 17ba 17bb 8fb 0
    4 17dd 17dc 17bb 17bc 8fc 0
    4 17de 17dd 17bc 17bd 8fd 0
    4 17df 17de 17bd 17be 8fe 0
    4 17e0 17df 17be 17bf 8ff 0
    4 17e1 17e0 17bf 17c0 900 0
    4 17e3 17e2 17c1 17c2 901 0
    4 17e4 17e3 17c2 17c3 902 0
    4 17e5 17e4 17c3 17c4 903 0
    4 17e6 17e5 17c4 17c5 904 0
    4 17e7 17e6 17c5 17c6 905 0
    4 17e8 17e7 17c6 17c7 906 0
    4 17e9 17e8 17c7 17c8 907 0
    4 17ea 17e9 17c8 17c9 908 0
    4 17eb 17ea 17c9 17ca 909 0
    4 17ec 17eb 17ca 17cb 90a 0
    4 17ed 17ec 17cb 17cc 90b 0
    4 17ee 17ed 17cc 17cd 90c 0
    4 17ef 17ee 17cd 17ce 90d 0
    4 17f0 17ef 17ce 17cf 90e 0
    4 17f1 17f0 17cf 17d0 90f 0
    4 17f2 17f1 17d0 17d1 910 0
    4 17f3 17f2 17d1 17d2 911 0
    4 17f4 17f3 17d2 17d3 912 0
    4 17f5 17f4 17d3 17d4 913 0
    4 17f6 17f5 17d4 17d5 914 0
    4 17f7 17f6 17d5 17d6 915 0
    4 17f8 17f7 17d6 17d7 916 0
    4 17f9 17f8 17d7 17d8 917 0
    4 17fa 17f9 17d8 17d9 918 0
    4 17fb 17fa 17d9 17da 919 0
    4 17fc 17fb 17da 17db 91a 0
    4 17fd 17fc 17db 17dc 91b 0
    4 17fe 17fd 17dc 17dd 91c 0
    4 17ff 17fe 17dd 17de 91d 0
    4 1800 17ff 17de 17df 91e 0
    4 1801 1800 17df 17e0 91f 0
    4 1802 1801 17e0 17e1 920 0
    4 1804 1803 17e2 17e3 921 0
    4 1805 1804 17e3 17e4 922 0
    4 1806 1805 17e4 17e5 923 0
    4 1807 1806 17e5 17e6 924 0
    4 1808 1807 17e6 17e7 925 0
    4 1809 1808 17e7 17e8 926 0
    4 180a 1809 17e8 17e9 927 0
    4 180b 180a 17e9 17ea 928 0
    4 180c 180b 17ea 17eb 929 0
    4 180d 180c 17eb 17ec 92a 0
    4 180e 180d 17ec 17ed 92b 0
    4 180f 180e 17ed 17ee 92c 0
    4 1810 180f 17ee 17ef 92d 0
    4 1811 1810 17ef 17f0 92e 0
    4 1812 1811 17f0 17f1 92f 0
    4 1813 1812 17f1 17f2 930 0
    4 1814 1813 17f2 17f3 931 0
    4 1815 1814 17f3 17f4 932 0
    4 1816 1815 17f4 17f5 933 0
    4 1817 1816 17f5 17f6 934 0
    4 1818 1817 17f6 17f7 935 0
    4 1819 1818 17f7 17f8 936 0
    4 181a 1819 17f8 17f9 937 0
    4 181b 181a 17f9 17fa 938 0
    4 181c 181b 17fa 17fb 939 0
    4 181d 181c 17fb 17fc 93a 0
    4 181e 181d 17fc 17fd 93b 0
    4 181f 181e 17fd 17fe 93c 0
    4 1820 181f 17fe 17ff 93d 0
    4 1821 1820 17ff 1800 93e 0
    4 1822 1821 1800 1801 93f 0
    4 1823 1822 1801 1802 940 0
    4 1825 1824 1803 1804 941 0
    4 1826 1825 1804 1805 942 0
    4 1827 1826 1805 1806 943 0
    4 1828 1827 1806 1807 944 0
    4 1829 1828 1807 1808 945 0
))
(13 (c 3789 37a8 4 0)
(
    4 1 2 e7a e79 1 0
    4 2 3 e7b e7a 2 0
    4 3 4 e7c e7b 3 0
    4 4 5 e7d e7c 4 0
    4 5 6 e7e e7d 5 0
    4 6 7 e7f e7e 6 0
    4 7 8 e80 e7f 7 0
    4 8 9 e81 e80 8 0
    4 9 a e82 e81 9 0
    4 a b e83 e82 a 0
    4 b c e84 e83 b 0
    4 c d e85 e84 c 0
    4 d e e86 e85 d 0
    4 e f e87 e86 e 0
    4 f 10 e88 e87 f 0
    4 10 11 e89 e88 10 0
    4 11 12 e8a e89 11 0
    4 12 13 e8b e8a 12 0
    4 13 14 e8c e8b 13 0
    4 14 15 e8d e8c 14 0
    4 15 16 e8e e8d 15 0
    4 16 17 e8f e8e 16 0
    4 17 18 e90 e8f 17 0
    4 18 19 e91 e90 18 0
    4 19 1a e92 e91 19 0
    4 1a 1b e93 e92 1a 0
    4 1b 1c e94 e93 1b 0
    4 1c 1d e95 e94 1c 0
    4 1d 1e e96 e95 1d 0
    4 1e 1f e97 e96 1e 0
    4 1f 20 e98 e97 1f 0
    4 20 21 e99 e98 20 0
))
(13 (d 37a9 37c8 4 0)
(
    4 e79 1cd1 e59 1 de1 0
    4 1cd1 1cd2 e5a e59 de2 0
    4 1cd2 1cd3 e5b e5a de3 0
    4 1cd3 1cd4 e5c e5b de4 0
    4 1cd4 1cd5 e5d e5c de5 0
    4 1cd5 1cd6 e5e e5d de6 0
    4 1cd6 1cd7 e5f e5e de7 0
    4 1cd7 1cd8 e60 e5f de8 0
    4 1cd8 1cd9 e61 e60 de9 0
    4 1cd9 1cda e62 e61 dea 0
    4 1cda 1cdb e63 e62 deb 0
    4 1cdb 1cdc e64 e63 dec 0
    4 1cdc 1cdd e65 e64 ded 0
    4 1cdd 1cde e66 e65 dee 0
    4 1cde 1cdf e67 e66 def 0
    4 1cdf 1ce0 e68 e67 df0 0
    4 1ce0 1ce1 e69 e68 df1 0
    4 1ce1 1ce2 e6a e69 df2 0
    4 1ce2 1ce3 e6b e6a df3 0
    4 1ce3 1ce4 e6c e6b df4 0
    4 1ce4 1ce5 e6d e6c df5 0
    4 1ce5 1ce6 e6e e6d df6 0
    4 1ce6 1ce7 e6f e6e df7 0
    4 1ce7 1ce8 e70 e6f df8 0
    4 1ce8 1ce9 e71 e70 df9 0
    4 1ce9 1cea e72 e71 dfa 0
    4 1cea 1ceb e73 e72 dfb 0
    4 1ceb 1cec e74 e73 dfc 0
    4 1cec 1ced e75 e74 dfd 0
    4 1ced 1cee e76 e75 dfe 0
    4 1cee 1cef e77 e76 dff 0
    4 1cef 1cf0 e78 e77 e00 0
))
(13 (e 37c9 3808 3 0)
(
    4 11b2 33a 319 1191 301 0
    4 11d3 35b 33a 11b2 321 0
    4 11f4 37c 35b 11d3 341 0
    4 1215 39d 37c 11f4 361 0
    4 1236 3be 39d 1215 381 0
    4 1257 3df 3be 1236 3a1 0
    4 1278 400 3df 1257 3c1 0
    4 1299 421 400 1278 3e1 0
    4 12ba 442 421 1299 401 0
    4 12db 463 442 12ba 421 0
    4 12fc 484 463 12db 441 0
    4 131d 4a5 484 12fc 461 0
    4 133e 4c6 4a5 131d 481 0
    4 135f 4e7 4c6 133e 4a1 0
    4 1380 508 4e7 135f 4c1 0
    4 13a1 529 508 1380 4e1 0
    4 13c2 54a 529 13a1 501 0
    4 13e3 56b 54a 13c2 521 0
    4 1404 58c 56b 13e3 541 0
    4 1425 5ad 58c 1404 561 0
    4 1446 5ce 5ad 1425 581 0
    4 1467 5ef 5ce 1446 5a1 0
    4 1488 610 5ef 1467 5c1 0
    4 14a9 631 610 1488 5e1 0
    4 14ca 652 631 14a9 601 0
    4 14eb 673 652 14ca 621 0
    4 150c 694 673 14eb 641 0
    4 152d 6b5 694 150c 661 0
    4 154e 6d6 6b5 152d 681 0
    4 156f 6f7 6d6 154e 6a1 0
    4 1590 718 6f7 156f 6c1 0
    4 15b1 739 718 1590 6e1 0
    4 15d2 75a 739 15b1 701 0
    4 15f3 77b 75a 15d2 721 0
    4 1614 79c 77b 15f3 741 0
    4 1635 7bd 79c 1614 761 0
    4 1656 7de 7bd 1635 781 0
    4 1677 7ff 7de 1656 7a1 0
    4 1698 820 7ff 1677 7c1 0
    4 16b9 841 820 1698 7e1 0
    4 16da 862 841 16b9 801 0
    4 16fb 883 862 16da 821 0
    4 171c 8a4 883 16fb 841 0
    4 173d 8c5 8a4 171c 861 0
    4 175e 8e6 8c5 173d 881 0
    4 177f 907 8e6 175e 8a1 0
    4 17a0 928 907 177f 8c1 0
    4 17c1 949 928 17a0 8e1 0
    4 17e2 96a 949 17c1 901 0
    4 1803 98b 96a 17e2 921 0
    4 1824 9ac 98b 1803 941 0
    4 1845 9cd 9ac 1824 961 0
    4 1866 9ee 9cd 1845 981 0
    4 1887 a0f 9ee 1866 9a1 0
    4 18a8 a30 a0f 1887 9c1 0
    4 18c9 a51 a30 18a8 9e1 0
    4 18ea a72 a51 18c9 a01 0
    4 190b a93 a72 18ea a21 0
    4 192c ab4 a93 190b a41 0
    4 194d ad5 ab4 192c a61 0
    4 196e af6 ad5 194d a81 0
    4 198f b17 af6 196e aa1 0
    4 19b0 b38 b17 198f ac1 0
    4 1191 319 b38 19b0 ae1 0
))
(13 (f 3809 3878 4 0)
(
    4 42 eba e99 21 20 0
    4 63 edb eba 42 40 0
    4 84 efc edb 63 60 0
    4 a5 f1d efc 84 80 0
    4 c6 f3e f1d a5 a0 0
    4 e7 f5f f3e c6 c0 0
    4 108 f80 f5f e7 e0 0
    4 129 fa1 f80 108 100 0
    4 14a fc2 fa1 129 120 0
    4 16b fe3 fc2 14a 140 0
    4 18c 1004 fe3 16b 160 0
    4 1ad 1025 1004 18c 180 0
    4 1ce 1046 1025 1ad 1a0 0
    4 1ef 1067 1046 1ce 1c0 0
    4 210 1088 1067 1ef 1e0 0
    4 231 10a9 1088 210 200 0
    4 252 10ca 10a9 231 220 0
    4 273 10eb 10ca 252 240 0
    4 294 110c 10eb 273 260 0
    4 2b5 112d 110c 294 280 0
    4 2d6 114e 112d 2b5 2a0 0
    4 2f7 116f 114e 2d6 2c0 0
    4 318 1190 116f 2f7 2e0 0
    4 339 11b1 1190 318 300 0
    4 35a 11d2 11b1 339 320 0
    4 37b 11f3 11d2 35a 340 0
    4 39c 1214 11f3 37b 360 0
    4 3bd 1235 1214 39c 380 0
    4 3de 1256 1235 3bd 3a0 0
    4 3ff 1277 1256 3de 3c0 0
    4 420 1298 1277 3ff 3e0 0
    4 441 12b9 1298 420 400 0
    4 462 12da 12b9 441 420 0
    4 483 12fb 12da 462 440 0
    4 4a4 131c 12fb 483 460 0
    4 4c5 133d 131c 4a4 480 0
    4 4e6 135e 133d 4c5 4a0 0
    4 507 137f 135e 4e6 4c0 0
    4 528 13a0 137f 507 4e0 0
    4 549 13c1 13a0 528 500 0
    4 56a 13e2 13c1 549 520 0
    4 58b 1403 13e2 56a 540 0
    4 5ac 1424 1403 58b 560 0
    4 5cd 1445 1424 5ac 580 0
    4 5ee 1466 1445 5cd 5a0 0
    4 60f 1487 1466 5ee 5c0 0
    4 630 14a8 1487 60f 5e0 0
    4 651 14c9 14a8 630 600 0
    4 672 14ea 14c9 651 620 0
    4 693 150b 14ea 672 640 0
    4 6b4 152c 150b 693 660 0
    4 6d5 154d 152c 6b4 680 0
    4 6f6 156e 154d 6d5 6a0 0
    4 717 158f 156e 6f6 6c0 0
    4 738 15b0 158f 717 6e0 0
    4 759 15d1 15b0 738 700 0
    4 77a 15f2 15d1 759 720 0
    4 79b 1613 15f2 77a 740 0
    4 7bc 1634 1613 79b 760 0
    4 7dd 1655 1634 7bc 780 0
    4 7fe 1676 1655 7dd 7a0 0
    4 81f 1697 1676 7fe 7c0 0
    4 840 16b8 1697 81f 7e0 0
    4 861 16d9 16b8 840 800 0
    4 882 16fa 16d9 861 820 0
    4 8a3 171b 16fa 882 840 0
    4 8c4 173c 171b 8a3 860 0
    4 8e5 175d 173c 8c4 880 0
    4 906 177e 175d 8e5 8a0 0
    4 927 179f 177e 906 8c0 0
    4 948 17c0 179f 927 8e0 0
    4 969 17e1 17c0 948 900 0
    4 98a 1802 17e1 969 920 0
    4 9ab 1823 1802 98a 940 0
    4 9cc 1844 1823 9ab 960 0
    4 9ed 1865 1844 9cc 980 0
    4 a0e 1886 1865 9ed 9a0 0
    4 a2f 18a7 1886 a0e 9c0 0
    4 a50 18c8 18a7 a2f 9e0 0
    4 a71 18e9 18c8 a50 a00 0
    4 a92 190a 18e9 a71 a20 0
    4 ab3 192b 190a a92 a40 0
    4 ad4 194c 192b ab3 a60 0
    4 af5 196d 194c ad4 a80 0
    4 b16 198e 196d af5 aa0 0
    4 b37 19af 198e b16 ac0 0
    4 b58 19d0 19af b37 ae0 0
    4 b78 19f0 19d0 b58 b00 0
    4 b98 1a10 19f0 b78 b20 0
    4 bb8 1a30 1a10 b98 b40 0
    4 bd8 1a50 1a30 bb8 b60 0
    4 bf8 1a70 1a50 bd8 b80 0
    4 c18 1a90 1a70 bf8 ba0 0
    4 c38 1ab0 1a90 c18 bc0 0
    4 c58 1ad0 1ab0 c38 be0 0
    4 c78 1af0 1ad0 c58 c00 0
    4 c98 1b10 1af0 c78 c20 0
    4 cb8 1b30 1b10 c98 c40 0
    4 cd8 1b50 1b30 cb8 c60 0
    4 cf8 1b70 1b50 cd8 c80 0
    4 d18 1b90 1b70 cf8 ca0 0
    4 d38 1bb0 1b90 d18 cc0 0
    4 d58 1bd0 1bb0 d38 ce0 0
    4 d78 1bf0 1bd0 d58 d00 0
    4 d98 1c10 1bf0 d78 d20 0
    4 db8 1c30 1c10 d98 d40 0
    4 dd8 1c50 1c30 db8 d60 0
    4 df8 1c70 1c50 dd8 d80 0
    4 e18 1c90 1c70 df8 da0 0
    4 e38 1cb0 1c90 e18 dc0 0
    4 e58 1cd0 1cb0 e38 de0 0
    4 e78 1cf0 1cd0 e58 e00 0
))
(12 (1 1 e00 1 0)(
 4 4 4 4 4 4 4 4 4 4 4 4 4 4 4 4 4 4 4 4 4 4 4 4 4 4 4 4 4 4 4 4 4 4 4 4 4 4 4 4 4 4 4 4 4 4 4 4 4 4 4 4 4 4 4 4 4 4 4 4 4 4 4 4 4 4 4 4 4 4 4 4 4 4 4 4 4 4 4 4 4 4 4 4 4 4 4 4 4 4 4 4 4 4 4 4 4 4 4 4 4 4 4 4 4 4 4 4 4 4 4 4 4 4 4 4 4 4 4 4 4 4 4 4 4 4 4 4 4 4 4 4 4 4 4 4 4 4 4 4 4 4 4 4 4 4 4 4 4 4 4 4 4 4 4 4 4 4 4 4 4 4 4 4 4 4 4 4 4 4 4 4 4 4 4 4 4 4 4 4 4 4 4 4 4 4 4 4 4 4 4 4 4 4 4 4 4 4 4 4 4 4 4 4 4 4 4 4 4 4 4 4 4 4 4 4 4 4 4 4 4 4 4 4 4 4 4 4 4 4 4 4 4 4 4 4 4 4 4 4 4 4 4 4 4 4 4 4 4 4 4 4 4 4 4 4 4 4 4 4 4 4 4 4 4 4 4 4 4 4 4 4 4 4 4 4 4 4 4 4 4 4 4 4 4 4 4 4 4 4 4 4 4 4 4 4 4 4 4 4 4 4 4 4 4 4 4 4 4 4 4 4 4 4 4 4 4 4 4 4 4 4 4 4 4 4 4 4 4 4 4 4 4 4 4 4 4 4 4 4 4 4 4 4 4 4 4 4 4 4 4 4 4 4 4 4 4 4 4 4 4 4 4 4 4 4 4 4 4 4 4 4 4 4 4 4 4 4 4 4 4 4 4 4 4 4 4 4 4 4 4 4 4 4 4 4 4 4 4 4 4 4 4 4 4 4 4 4 4 4 4 4 4 4 4 4 4 4 4 4 4 4 4 4 4 4 4 4 4 4 4 4 4 4 4 4 4 4 4 4 4 4 4 4 4 4 4 4 4 4 4 4 4 4 4 4 4 4 4 4 4 4 4 4 4 4 4 4 4 4 4 4 4 4 4 4 4 4 4 4 4 4 4 4 4 4 4 4 4 4 4 4 4 4 4 4 4 4 4 4 4 4 4 4 4 4 4 4 4 4 4 4 4 4 4 4 4 4 4 4 4 4 4 4 4 4 4 4 4 4 4 4 4 4 4 4 4 4 4 4 4 4 4 4 4 4 4 4 4 4 4 4 4 4 4 4 4 4 4 4 4 4 4 4 4 4 4 4 4 4 4 4 4 4 4 4 4 4 4 4 4 4 4 4 4 4 4 4 4 4 4 4 4 4 4 4 4 4 4 4 4 4 4 4 4 4 4 4 4 4 4 4 4 4 4 4 4 4 4 4 4 4 4 4 4 4 4 4 4 4 4 4 4 4 4 4 4 4 4 4 4 4 4 4 4 4 4 4 4 4 4 4 4 4 4 4 4 4 4 4 4 4 4 4 4 4 4 4 4 4 4 4 4 4 4 4 4 4 4 4 4 4 4 4 4 4 4 4 4 4 4 4 4 4 4 4 4 4 4 4 4 4 4 4 4 4 4 4 4 4 4 4 4 4 4 4 4 4 4 4 4 4 4 4 4 4 4 4 4 4 4 4 4 4 4 4 4 4 4 4 4 4 4 4 4 4 4 4 4 4 4 4 4 4 4 4 4 4 4 4 4 4 4 4 4 4 4 4 4 4 4 4 4 4 4 4 4 4 4 4 4 4 4 4 4 4 4 4 4 4 4 4 4 4 4 4 4 4 4 4 4 4 4 4 4 4 4 4 4 4 4 4 4 4 4 4 4 4 4 4 4 4 4 4 4 4 4 4 4 4 4 4 4 4 4 4 4 4 4 4 4 4 4 4 4 4 4 4 4 4 4 4 4 4 4 4 4 4 4 4 4 4 4 4 4 4 4 4 4 4 4 4 4 4 4 4 4 4 4 4 4 4 4 4 4 4 4 4 4 4 4 4 4 4 4 4 4 4 4 4 4 4 4 4 4 4 4 4 4 4 4 4 4 4 4 4 4 4 4 4 4 4 4 4 4 4 4 4 4 4 4 4 4 4 4 4 4 4 4 4 4 4 4 4 4 4 4 4 4 4 4 4 4 4 4 4 4 4 4 4 4 4 4 4 4 4 4 4 4 4 4 4 4 4 4 4 4 4 4 4 4 4 4 4 4 4 4 4 4 4 4 4 4 4 4 4 4 4 4 4 4 4 4 4 4 4 4 4 4 4 4 4 4 4 4 4 4 4 4 4 4 4 4 4 4 4 4 4 4 4 4 4 4 4 4 4 4 4 4 4 4 4 4 4 4 4 4 4 4 4 4 4 4 4 4 4 4 4 4 4 4 4 4 4 4 4 4 4 4 4 4 4 4 4 4 4 4 4 4 4 4 4 4 4 4 4 4 4 4 4 4 4 4 4 4 4 4 4 4 4 4 4 4 4 4 4 4 4 4 4 4 4 4 4 4 4 4 4 4 4 4 4 4 4 4 4 4 4 4 4 4 4 4 4 4 4 4 4 4 4 4 4 4 4 4 4 4 4 4 4 4 4 4 4 4 4 4 4 4 4 4 4 4 4 4 4 4 4 4 4 4 4 4 4 4 4 4 4 4 4 4 4 4 4 4 4 4 4 4 4 4 4 4 4 4 4 4 4 4 4 4 4 4 4 4 4 4 4 4 4 4 4 4 4 4 4 4 4 4 4 4 4 4 4 4 4 4 4 4 4 4 4 4 4 4 4 4 4 4 4 4 4 4 4 4 4 4 4 4 4 4 4 4 4 4 4 4 4 4 4 4 4 4 4 4 4 4 4 4 4 4 4 4 4 4 4 4 4 4 4 4 4 4 4 4 4 4 4 4 4 4 4 4 4 4 4 4 4 4 4 4 4 4 4 4 4 4 4 4 4 4 4 4 4 4 4 4 4 4 4 4 4 4 4 4 4 4 4 4 4 4 4 4 4 4 4 4 4 4 4 4 4 4 4 4 4 4 4 4 4 4 4 4 4 4 4 4 4 4 4 4 4 4 4 4 4 4 4 4 4 4 4 4 4 4 4 4 4 4 4 4 4 4 4 4 4 4 4 4 4 4 4 4 4 4 4 4 4 4 4 4 4 4 4 4 4 4 4 4 4 4 4 4 4 4 4 4 4 4 4 4 4 4 4 4 4 4 4 4 4 4 4 4 4 4 4 4 4 4 4 4 4 4 4 4 4 4 4 4 4 4 4 4 4 4 4 4 4 4 4 4 4 4 4 4 4 4 4 4 4 4 4 4 4 4 4 4 4 4 4 4 4 4 4 4 4 4 4 4 4 4 4 4 4 4 4 4 4 4 4 4 4 4 4 4 4 4 4 4 4 4 4 4 4 4 4 4 4 4 4 4 4 4 4 4 4 4 4 4 4 4 4 4 4 4 4 4 4 4 4 4 4 4 4 4 4 4 4 4 4 4 4 4 4 4 4 4 4 4 4 4 4 4 4 4 4 4 4 4 4 4 4 4 4 4 4 4 4 4 4 4 4 4 4 4 4 4 4 4 4 4 4 4 4 4 4 4 4 4 4 4 4 4 4 4 4 4 4 4 4 4 4 4 4 4 4 4 4 4 4 4 4 4 4 4 4 4 4 4 4 4 4 4 4 4 4 4 4 4 4 4 4 4 4 4 4 4 4 4 4 4 4 4 4 4 4 4 4 4 4 4 4 4 4 4 4 4 4 4 4 4 4 4 4 4 4 4 4 4 4 4 4 4 4 4 4 4 4 4 4 4 4 4 4 4 4 4 4 4 4 4 4 4 4 4 4 4 4 4 4 4 4 4 4 4 4 4 4 4 4 4 4 4 4 4 4 4 4 4 4 4 4 4 4 4 4 4 4 4 4 4 4 4 4 4 4 4 4 4 4 4 4 4 4 4 4 4 4 4 4 4 4 4 4 4 4 4 4 4 4 4 4 4 4 4 4 4 4 4 4 4 4 4 4 4 4 4 4 4 4 4 4 4 4 4 4 4 4 4 4 4 4 4 4 4 4 4 4 4 4 4 4 4 4 4 4 4 4 4 4 4 4 4 4 4 4 4 4 4 4 4 4 4 4 4 4 4 4 4 4 4 4 4 4 4 4 4 4 4 4 4 4 4 4 4 4 4 4 4 4 4 4 4 4 4 4 4 4 4 4 4 4 4 4 4 4 4 4 4 4 4 4 4 4 4 4 4 4 4 4 4 4 4 4 4 4 4 4 4 4 4 4 4 4 4 4 4 4 4 4 4 4 4 4 4 4 4 4 4 4 4 4 4 4 4 4 4 4 4 4 4 4 4 4 4 4 4 4 4 4 4 4 4 4 4 4 4 4 4 4 4 4 4 4 4 4 4 4 4 4 4 4 4 4 4 4 4 4 4 4 4 4 4 4 4 4 4 4 4 4 4 4 4 4 4 4 4 4 4 4 4 4 4 4 4 4 4 4 4 4 4 4 4 4 4 4 4 4 4 4 4 4 4 4 4 4 4 4 4 4 4 4 4 4 4 4 4 4 4 4 4 4 4 4 4 4 4 4 4 4 4 4 4 4 4 4 4 4 4 4 4 4 4 4 4 4 4 4 4 4 4 4 4 4 4 4 4 4 4 4 4 4 4 4 4 4 4 4 4 4 4 4 4 4 4 4 4 4 4 4 4 4 4 4 4 4 4 4 4 4 4 4 4 4 4 4 4 4 4 4 4 4 4 4 4 4 4 4 4 4 4 4 4 4 4 4 4 4 4 4 4 4 4 4 4 4 4 4 4 4 4 4 4 4 4 4 4 4 4 4 4 4 4 4 4 4 4 4 4 4 4 4 4 4 4 4 4 4 4 4 4 4 4 4 4 4 4 4 4 4 4 4 4 4 4 4 4 4 4 4 4 4 4 4 4 4 4 4 4 4 4 4 4 4 4 4 4 4 4 4 4 4 4 4 4 4 4 4 4 4 4 4 4 4 4 4 4 4 4 4 4 4 4 4 4 4 4 4 4 4 4 4 4 4 4 4 4 4 4 4 4 4 4 4 4 4 4 4 4 4 4 4 4 4 4 4 4 4 4 4 4 4 4 4 4 4 4 4 4 4 4 4 4 4 4 4 4 4 4 4 4 4 4 4 4 4 4 4 4 4 4 4 4 4 4 4 4 4 4 4 4 4 4 4 4 4 4 4 4 4 4 4 4 4 4 4 4 4 4 4 4 4 4 4 4 4 4 4 4 4 4 4 4 4 4 4 4 4 4 4 4 4 4 4 4 4 4 4 4 4 4 4 4 4 4 4 4 4 4 4 4 4 4 4 4 4 4 4 4 4 4 4 4 4 4 4 4 4 4 4 4 4 4 4 4 4 4 4 4 4 4 4 4 4 4 4 4 4 4 4 4 4 4 4 4 4 4 4 4 4 4 4 4 4 4 4 4 4 4 4 4 4 4 4 4 4 4 4 4 4 4 4 4 4 4 4 4 4 4 4 4 4 4 4 4 4 4 4 4 4 4 4 4 4 4 4 4 4 4 4 4 4 4 4 4 4 4 4 4 4 4 4 4 4 4 4 4 4 4 4 4 4 4 4 4 4 4 4 4 4 4 4 4 4 4 4 4 4 4 4 4 4 4 4 4 4 4 4 4 4 4 4 4 4 4 4 4 4 4 4 4 4 4 4 4 4 4 4 4 4 4 4 4 4 4 4 4 4 4 4 4 4 4 4 4 4 4 4 4 4 4 4 4 4 4 4 4 4 4 4 4 4 4 4 4 4 4 4 4 4 4 4 4 4 4 4 4 4 4 4 4 4 4 4 4 4 4 4 4 4 4 4 4 4 4 4 4 4 4 4 4 4 4 4 4 4 4 4 4 4 4 4 4 4 4 4 4 4 4 4 4 4 4 4 4 4 4 4 4 4 4 4 4 4 4 4 4 4 4 4 4 4 4 4 4 4 4 4 4 4 4 4 4 4 4 4 4 4 4 4 4 4 4 4 4 4 4 4 4 4 4 4 4 4 4 4 4 4 4 4 4 4 4 4 4 4 4 4 4 4 4 4 4 4 4 4 4 4 4 4 4 4 4 4 4 4 4 4 4 4 4 4 4 4 4 4 4 4 4 4 4 4 4 4 4 4 4 4 4 4 4 4 4 4 4 4 4 4 4 4 4 4 4 4 4 4 4 4 4 4 4 4 4 4 4 4 4 4 4 4 4 4 4 4 4 4 4 4 4 4 4 4 4 4 4 4 4 4 4 4 4 4 4 4 4 4 4 4 4 4 4 4 4 4 4 4 4 4 4 4 4 4 4 4 4 4 4 4 4 4 4 4 4 4 4 4 4 4 4 4 4 4 4 4 4 4 4 4 4 4 4 4 4 4 4 4 4 4 4 4 4 4 4 4 4 4 4 4 4 4 4 4 4 4 4 4 4 4 4 4 4 4 4 4 4 4 4 4 4 4 4 4 4 4 4 4 4 4 4 4 4 4 4 4 4 4 4 4 4 4 4 4 4 4 4 4 4 4 4 4 4 4 4 4 4 4 4 4 4 4 4 4 4 4 4 4 4 4 4 4 4 4 4 4 4 4 4 4 4 4 4 4 4 4 4 4 4 4 4 4 4 4 4 4 4 4 4 4 4 4 4 4 4 4 4 4 4 4 4 4 4 4 4 4 4 4 4 4 4 4 4 4 4 4 4 4 4 4 4 4 4 4 4 4 4 4 4 4 4 4 4 4 4 4 4 4 4 4 4 4 4 4 4 4 4 4 4 4 4 4 4 4 4 4 4 4 4 4 4 4 4 4 4 4 4 4 4 4 4 4 4 4 4 4 4 4 4 4 4 4 4 4 4 4 4 4 4 4 4 4 4 4 4 4 4 4 4 4 4 4 4 4 4 4 4 4 4 4 4 4 4 4 4 4 4 4 4 4 4 4 4 4 4 4 4 4 4 4 4 4 4 4 4 4 4 4 4 4 4 4 4 4 4 4 4 4 4 4 4 4 4 4 4 4 4 4 4 4 4 4 4 4 4 4 4 4 4 4 4 4 4 4 4 4 4 4 4 4 4 4 4 4 4 4 4 4 4 4 4 4 4 4 4 4 4 4 4 4 4 4 4 4 4 4 4 4 4 4 4 4 4 4 4 4 4 4 4 4 4 4 4 4 4 4 4 4 4 4 4 4 4 4 4 4 4 4 4 4 4 4 4 4 4 4 4 4 4 4 4 4 4 4 4 4 4 4 4 4 4 4 4 4 4 4 4 4 4 4 4 4 4 4 4 4 4 4 4 4 4 4 4 4 4 4 4 4 4 4 4 4 4 4 4 4 4 4 4 4 4 4 4 4 4 4 4 4 4 4 4 4 4 4 4 4 4 4 4 4 4 4 4 4 4 4 4 4 4 4 4 4 4 4 4 4 4 4 4 4 4 4 4 4 4 4 4 4 4 4 4 4 4 4 4 4 4 4 4 4 4 4 4 4 4 4 4 4 4 4 4 4 4 4 4 4 4 4 4 4 4 4 4 4 4 4 4 4 4 4 4 4 4 4 4 4 4 4 4 4 4 4 4 4 4 4 4 4 4 4 4 4 4 4 4 4 4 4 4 4 4 4 4 4 4 4 4 4 4 4 4 4 4 4 4 4 4 4 4 4 4 4 4 4 4 4 4 4 4 4 4 4 4 4 4 4 4 4 4 4 4 4 4 4 4 4 4 4 4 4 4 4 4 4 4 4 4 4 4 4 4 4 4 4 4 4 4 4 4 4 4 4 4 4 4 4 4 4 4 4 4 4 4 4 4 4 4 4 4 4 4 4 4 4 4 4 4 4 4 4 4 4 4 4 4 4 4 4 4 4 4 4 4 4 4 4 4 4 4 4 4 4 4 4 4 4 4 4 4 4 4 4 4 4 4 4 4 4 4 4 4 4 4 4 4 4 4 4 4 4 4 4 4 4 4 4 4 4 4 4 4 4 4 4 4 4 4 4 4 4 4 4 4 4 4 4 4 4 4 4 4 4 4 4 4 4 4 4 4 4 4 4 4 4 4 4)())
(39 (1 fluid fluid-1)())
(39 (2 interior interior-1)())
(39 (10 pressure-outlet QUAD_bdy____1)())
(39 (11 pressure-outlet QUAD_bdy____2)())
(39 (12 pressure-outlet QUAD_bdy____3)())
(39 (13 pressure-outlet QUAD_bdy____4)())
(39 (14 wall QUAD_bdy____5)())
(39 (15 pressure-outlet QUAD_bdy____6)())
